#  wavefront obj file written by the visualization toolkit

mtllib medium_case.mtl

v 0 0.06957460194826126 0.0077057802118361
v 0 0.06827209889888763 0.01545719988644123
v 0.0065638599917292595 0.06873740255832672 0.01149279996752739
v 0 0.0690321996808052 0.011599799618124962
v 0.003286879975348711 0.06860809773206711 0.013495299965143204
v 0.003286809893324971 0.06925880163908005 0.00961355958133936
v -0.005293549969792366 0.06919469684362411 0.009168700315058231
v -0.002648829948157072 0.0694383978843689 0.008443769998848438
v -0.0026514099445194006 0.0688536986708641 0.012334500439465046
v 0.006673410069197416 0.06957460194826126 0.00385289010591805
v 0.00385289010591805 0.06957460194826126 0.006673410069197416
v 0.006628630217164755 0.06926050037145615 0.0076844398863613605
v -0.006673410069197416 0.06957460194826126 0.00385289010591805
v -0.00385289010591805 0.06957460194826126 0.006673410069197416
v -0.005988109856843948 0.0694383978843689 0.006515840068459511
v 0 0.007847649976611137 0.06955870240926743
v 0 0 0.07000000029802322
v 0.004949510097503662 0.005045960191637278 0.06964220106601715
v 0 0.003930020146071911 0.069889597594738
v 0.002477919915691018 0.0025262099225074053 0.06991049647331238
v 0.002476800000295043 0.006452130153775215 0.06965799629688263
v -0.005015099886804819 0.004937939811497927 0.06964530050754547
v -0.0025096999015659094 0.0063982801511883736 0.06966180354356766
v -0.002510729944333434 0.002472110092639923 0.06991130113601685
v 0.00708178011700511 0 0.06964089721441269
v 0.003545440034940839 0 0.0699101984500885
v 0.006020260043442249 0.0025249100290238857 0.0696948990225792
v -0.00708178011700511 0 0.06964089721441269
v -0.003545440034940839 0 0.0699101984500885
v -0.006052869837731123 0.0024707799311727285 0.06969399750232697
v 0 0.06610880047082901 0.02301359921693802
v 0.006812619976699352 0.06678439676761627 0.019835200160741806
v 0 0.067296601831913 0.019265800714492798
v 0.0034112699795514345 0.06654340028762817 0.02145560085773468
v 0.0034122199285775423 0.06764529645442963 0.01767680048942566
v -0.004932609852403402 0.06645400077104568 0.021436799317598343
v -0.002470300067216158 0.0674721971154213 0.018476899713277817
v -0.0024679999332875013 0.06632699817419052 0.022240500897169113
v 0.006700810045003891 0.0678882971405983 0.01569340005517006
v -0.007828409783542156 0.06757450103759766 0.016504699364304543
v -0.006571529898792505 0.06849460303783417 0.012857399880886078
v -0.0039205001667141914 0.06803250312805176 0.016006600111722946
v -0.006386050023138523 0.06707239896059036 0.018987199291586876
v 0 0.06311199814081192 0.03027999959886074
v -0.00680341012775898 0.06440609693527222 0.02656250074505806
v 0 0.06471250206232071 0.026688899844884872
v -0.0034070799592882395 0.06536050140857697 0.024827299639582634
v -0.0034070799592882395 0.06385979801416397 0.028466200456023216
v 0.007321749813854694 0.06396570056676865 0.02747330069541931
v 0.0036667000968009233 0.06363990157842636 0.02892260067164898
v 0.0036681899800896645 0.06516720354557037 0.025293899700045586
v -0.005873099900782108 0.06548680365085602 0.024020500481128693
v 0.007079219911247492 0.06548629701137543 0.02369450032711029
v 0 0.059319499880075455 0.03716450184583664
v -0.005771160125732422 0.0611037015914917 0.03366050124168396
v 0 0.06131239980459213 0.03377550095319748
v -0.002889180090278387 0.06218529865145683 0.03201010078191757
v -0.002889180090278387 0.06028660014271736 0.03545669838786125
v 0.005870889872312546 0.06051870062947273 0.034684598445892334
v 0.0029386000242084265 0.059983499348163605 0.03596320003271103
v 0.00293999002315104 0.061911098659038544 0.032532598823308945
v -0.006297309882938862 0.06285499781370163 0.030159499496221542
v 0.006607459858059883 0.06234719976782799 0.031131399795413017
v 0 0.05477900058031082 0.04358049854636192
v -0.007562850136309862 0.05638990178704262 0.04077969864010811
v 0 0.05713940039277077 0.04043630138039589
v -0.0037890500389039516 0.057971399277448654 0.03905069828033447
v -0.0037879599258303642 0.05568059906363487 0.04225299879908562
v 0.004714089911431074 0.05700970068573952 0.04034449905157089
v 0.002359309932217002 0.05594810098409653 0.042002901434898376
v 0.002359309932217002 0.05822049826383591 0.038791801780462265
v -0.006679980084300041 0.058861199766397476 0.03729259967803955
v 0.005298669915646315 0.058832798153162 0.03755829855799675
v 0 0.04954789951443672 0.04944700002670288
v -0.00680341012775898 0.051998499780893326 0.046366699039936066
v 0 0.05224590003490448 0.046587198972702026
v -0.0034070799592882395 0.053473100066185 0.04504460096359253
v -0.0034070799592882395 0.05085340142250061 0.04798249900341034
v 0.00735223013907671 0.05240720137953758 0.04581949859857559
v 0.003683200106024742 0.051075901836156845 0.04772510007023811
v 0.0036822000984102488 0.05368179827928543 0.044773999601602554
v -0.007192499935626984 0.05426499992609024 0.043630000203847885
v 0.006042120046913624 0.054789699614048004 0.04314599931240082
v 0 0.043692100793123245 0.05468999966979027
v -0.006761049851775169 0.046475499868392944 0.051906801760196686
v 0 0.046693701297044754 0.052150800824165344
v -0.003385809948667884 0.048086900264024734 0.05075620114803314
v -0.003385809948667884 0.045154400169849396 0.05338180065155029
v 0.006761049851775169 0.046475499868392944 0.051906801760196686
v 0.003385809948667884 0.045154400169849396 0.05338180065155029
v 0.003385809948667884 0.048086900264024734 0.05075620114803314
v -0.006792840082198381 0.04931410029530525 0.04921359941363335
v 0.007069739978760481 0.04953319951891899 0.04895389825105667
v 0 0.037285398691892624 0.05924360081553459
v -0.00680341012775898 0.0403607003390789 0.05678670108318329
v 0 0.04055270180106163 0.05705679953098297
v -0.0034070799592882395 0.04209280014038086 0.055826399475336075
v -0.0034070799592882395 0.03888440132141113 0.05810679867863655
v 0.007684070151299238 0.0399743989109993 0.05694739893078804
v 0.0038490700535476208 0.03870059922337532 0.05820180103182793
v 0.003849700093269348 0.04191669821739197 0.05593010038137436
v -0.006792840082198381 0.0434860996901989 0.05443179979920387
v 0.007235220167785883 0.043300699442625046 0.054522499442100525
v 0 0.030408600345253944 0.06305009871721268
v -0.006865669973194599 0.033611398190259933 0.06101749837398529
v 0 0.03390049934387207 0.06124339997768402
v -0.003438429906964302 0.035506200045347214 0.06022860109806061
v -0.0034382399171590805 0.032060299068689346 0.062131401151418686
v 0.006567149888724089 0.03308919817209244 0.0613350011408329
v 0.0032880399376153946 0.03179210051894188 0.06227720156311989
v 0.003289039945229888 0.035245899111032486 0.060389600694179535
v -0.006845629774034023 0.037046100944280624 0.05899770185351372
v 0.007137979846447706 0.03659519925713539 0.05924389883875847
v 0 0.023148400709033012 0.06606169790029526
v 0.006588799878954887 0.02625509910285473 0.06455429643392563
v 0 0.026820799335837364 0.06465789675712585
v 0.003299060044810176 0.02473670057952404 0.06540039926767349
v 0.0032997000962495804 0.02837740071117878 0.06390489637851715
v -0.00680341012775898 0.0266938004642725 0.06435179710388184
v -0.0034070799592882395 0.02859630063176155 0.0638016015291214
v -0.0034070799592882395 0.02496049925684929 0.0653098002076149
v 0.006587570067495108 0.0297154001891613 0.06303650140762329
v -0.006844840012490749 0.030198099091649055 0.06277920305728912
v 0 0.01559630036354065 0.06824039667844772
v -0.0067885201424360275 0.01915859989821911 0.06698410212993622
v 0 0.01940299943089485 0.06725720316171646
v -0.003399719949811697 0.021187499165534973 0.0666297972202301
v -0.003399499924853444 0.01740429922938347 0.06771659851074219
v 0.0067298999056220055 0.01926030032336712 0.06696079671382904
v 0.003370139980688691 0.017455199733376503 0.06770490109920502
v 0.003370220074430108 0.021237600594758987 0.06661540269851685
v 0.006668670102953911 0.022789599373936653 0.06584960222244263
v -0.006807039957493544 0.022963600233197212 0.06577490270137787
v -0.007078909780830145 0.011343900114297867 0.06871099770069122
v 0 0.01174050010740757 0.06900840252637863
v -0.0035456500481814146 0.013493699952960014 0.06859549880027771
v -0.003545159939676523 0.009611260145902634 0.06924629956483841
v 0.00680341012775898 0.011684900149703026 0.06868170201778412
v 0.0034070799592882395 0.009781720116734505 0.06922940164804459
v 0.0034070799592882395 0.013662200421094894 0.06856919825077057
v -0.006945089902728796 0.01527629978954792 0.06795880198478699
v 0.006777099799364805 0.015496499836444855 0.06792590022087097
v -0.0060541401617228985 0.008150540292263031 0.06925980001688004
v 0.005883739795535803 0.008375800214707851 0.06924760341644287
v 0.006673410069197416 0.06957460194826126 -0.00385289010591805
v 0.013292700052261353 0.0687263011932373 -3.7556501204079817e-17
v 0.0077057802118361 0.06957460194826126 -2.1771499601514095e-17
v 0.009998200461268425 0.06925539672374725 0.0019293699879199266
v 0.009998200461268425 0.06925539672374725 -0.0019293699879199266
v 0.013225199654698372 0.06830870360136032 0.007681780029088259
v 0.009964359924197197 0.06904599815607071 0.005776059813797474
v 0.013279000297188759 0.0686212033033371 0.003846700070425868
v 0.00990946963429451 0.06862659752368927 0.009601769968867302
v -5.72313030935639e-17 0.06957460194826126 -0.0077057802118361
v 0.0068801399320364 0.06865639984607697 -0.011788499541580677
v 0.00385289010591805 0.06957460194826126 -0.006673410069197416
v 0.006787839811295271 0.06922829896211624 -0.007833460345864296
v 0.0034457698930054903 0.0692301020026207 -0.00976330041885376
v 0.019734200090169907 0.06705210357904434 -0.0038181201089173555
v 0.01653829962015152 0.06799139827489853 -0.0019119300413876772
v 0.01326380018144846 0.06862380355596542 -0.0038529399316757917
v 0.014594599604606628 0.06788930296897888 -0.008834400214254856
v 0.010658600367605686 0.0688909962773323 -0.006358330138027668
v 0.017187299206852913 0.06756079941987991 -0.006334720179438591
v 0.010756299830973148 0.06839299947023392 -0.010329600423574448
v -0.006673410069197416 0.06957460194826126 -0.00385289010591805
v -0.0066463397815823555 0.0687263011932373 -0.01151179987937212
v -0.00385289010591805 0.06957460194826126 -0.006673410069197416
v -0.00332821998745203 0.06925539672374725 -0.00962338037788868
v -0.0066699800081551075 0.06925539672374725 -0.007694010157138109
v -0.006034309975802898 0.06715700030326843 -0.0188021007925272
v -0.003029959974810481 0.06865610182285309 -0.013310199603438377
v -0.0063494001515209675 0.06803890317678452 -0.015178600326180458
v 0.0003676830092445016 0.06825219839811325 -0.015540399588644505
v 0.00018413900397717953 0.06902489811182022 -0.011641900055110455
v -0.0028371401131153107 0.0677959993481636 -0.01719450019299984
v 0.003629160113632679 0.06855340301990509 -0.013684299774467945
v -0.012507399544119835 0.06887350231409073 5.32464994589326e-17
v -0.0077057802118361 0.06957460194826126 3.280509966495887e-17
v -0.0096025001257658 0.06931140273809433 -0.001928879995830357
v -0.0096025001257658 0.06931140273809433 0.001928879995830357
v -0.013173400424420834 0.0670522004365921 -0.0151808001101017
v -0.009924800135195255 0.06799150258302689 -0.013366400264203548
v -0.009968520142138004 0.06862390041351318 -0.009560110047459602
v -0.015902500599622726 0.06757409870624542 -0.008992060087621212
v -0.011321400292217731 0.06877739727497101 -0.006441500037908554
v -0.014555100351572037 0.06739229708909988 -0.012100700289011002
v -0.01423920039087534 0.06838809698820114 -0.004506859928369522
v -0.01643720082938671 0.06788189709186554 0.004675370175391436
v -0.014486500062048435 0.06844460219144821 0.002339970087632537
v -0.011584600433707237 0.06890229880809784 0.004274929873645306
v -0.012114600278437138 0.0683503970503807 0.009025800041854382
v -0.009407909587025642 0.06906449794769287 0.006448870059102774
v -0.008714599534869194 0.06885559856891632 0.009108239784836769
v -0.01428970042616129 0.06818199902772903 0.006857200060039759
v 0.01409090030938387 0 0.06856709718704224
v 0.010745800100266933 0.005664729978889227 0.06893789768218994
v 0.010599900037050247 0 0.0691927969455719
v 0.012432100251317024 0.00283551006577909 0.06882879883050919
v 0.008924259804189205 0.0028357000555843115 0.06937090307474136
v 0.007854550145566463 0.005360059905797243 0.06935109943151474
v 0.02095540054142475 0 0.06678970158100128
v 0.017467299476265907 0.005773169919848442 0.06753940135240555
v 0.017545700073242188 0 0.06776539981365204
v 0.01923389919102192 0.0028899800963699818 0.06724359840154648
v 0.01579749956727028 0.0028899600729346275 0.0681328997015953
v 0.01412350032478571 0.0057258401066064835 0.06832090020179749
v 0.027604900300502777 0 0.06432700157165527
v 0.024217700585722923 0.006138250231742859 0.06538979709148407
v 0.024311399087309837 0 0.06564260274171829
v 0.025944599881768227 0.003073069965466857 0.06494180113077164
v 0.022615600377321243 0.003073069965466857 0.0661747008562088
v 0.02086929976940155 0.005963370203971863 0.06655009835958481
v 0.03397110104560852 0 0.061204299330711365
v 0.0307087991386652 0.006138250231742859 0.06260419636964798
v 0.0308276005089283 0 0.06284630298614502
v 0.03238150104880333 0.003073069965466857 0.061983801424503326
v 0.02919429913163185 0.003073069965466857 0.06354720145463943
v 0.02749829925596714 0.006146079860627651 0.06407859921455383
v 0.03998880088329315 0 0.057453401386737823
v 0.036801498383283615 0.006148490123450756 0.059227101504802704
v 0.037027500569820404 0 0.05940509960055351
v 0.03844530135393143 0.0030782599933445454 0.05841650068759918
v 0.03543129935860634 0.0030781500972807407 0.06029219925403595
v 0.0337969996035099 0.006150989793241024 0.06099120154976845
v 0.04559610038995743 0 0.053113099187612534
v 0.04271550104022026 0.005489230155944824 0.05518380180001259
v 0.0428473986685276 0 0.05535430088639259
v 0.044204000383615494 0.002747609978541732 0.05420760065317154
v 0.041397299617528915 0.002747609978541732 0.056380100548267365
v 0.03981110081076622 0.005826559849083424 0.05728109925985336
v 0.05073549970984459 0 0.0482277013361454
v 0.047906599938869476 0.005758129991590977 0.05071289837360382
v 0.0482277013361454 0 0.05073549970984459
v 0.049380701035261154 0.0028825500048696995 0.04953010007739067
v 0.04680420085787773 0.0028823199681937695 0.05197170004248619
v 0.04536550119519234 0.005630440078675747 0.053011998534202576
v 0.05535430088639259 0 0.0428473986685276
v 0.05270230025053024 0.006433459930121899 0.045618798583745956
v 0.053113099187612534 0 0.04559610038995743
v 0.05410579964518547 0.003221340011805296 0.0442964993417263
v 0.05178770050406456 0.0032210100907832384 0.046985700726509094
v 0.05036799982190132 0.006103490013629198 0.048226699233055115
v 0.05940509960055351 0 0.037027500569820404
v 0.05745390057563782 0.0073914797976613045 0.03929910063743591
v 0.057453401386737823 0 0.03998880088329315
v 0.05852450057864189 0.0037017499562352896 0.03822530061006546
v 0.056507401168346405 0.003702509915456176 0.04114849865436554
v 0.05516749992966652 0.006923680193722248 0.04252779856324196
v 0.06284630298614502 0 0.0308276005089283
v 0.0615772008895874 0.005843909922987223 0.032773301005363464
v 0.061204299330711365 0 0.03397110104560852
v 0.06227460131049156 0.0029249100480228662 0.03183259814977646
v 0.06057929992675781 0.002926209941506386 0.03495119884610176
v 0.059609901160001755 0.006628179922699928 0.036093298345804214
v 0.06564260274171829 0 0.024311399087309837
v 0.06454770267009735 0.005106119904667139 0.026599399745464325
v 0.06432700157165527 0 0.027604900300502777
v 0.0651492029428482 0.0025551801081746817 0.025476500391960144
v 0.06377329677343369 0.0025561200454831123 0.0287478007376194
v 0.06313899904489517 0.005481659900397062 0.02972240000963211
v 0.06776539981365204 0 0.017545700073242188
v 0.06665349751710892 0.004024620167911053 0.021002700552344322
v 0.06678970158100128 0 0.02095540054142475
v 0.06725990027189255 0.0020138199906796217 0.019288599491119385
v 0.06619569659233093 0.002013759920373559 0.02267329953610897
v 0.06566250324249268 0.004569679964333773 0.02382349967956543
v 0.0691927969455719 0 0.010599900037050247
v 0.06801590323448181 0.006760629825294018 0.015104199759662151
v 0.06856709718704224 0 0.01409090030938387
v 0.06872250139713287 0.003386140102520585 0.012874200008809566
v 0.06798040121793747 0.0033847899176180363 0.01634649932384491
v 0.06741060316562653 0.0053987097926437855 0.018073799088597298
v 0.0699101984500885 0 0.003545440034940839
v 0.06930900365114212 0.006722829770296812 0.0071459198370575905
v 0.06964089721441269 0 0.00708178011700511
v 0.06971369683742523 0.0033664400689303875 0.00535367988049984
v 0.06935209780931473 0.003366319928318262 0.008885890245437622
v 0.06877660006284714 0.006752939894795418 0.011143499985337257
v 0.0699101984500885 0 -0.003545440034940839
v 0.06967239826917648 0.00676321005448699 -0.00014307399396784604
v 0.07000000029802322 0 -1.5114499585942078e-16
v 0.06989359855651855 0.003386559896171093 -0.0018469600472599268
v 0.06989730149507523 0.003386740107089281 0.0017037700163200498
v 0.06958530098199844 0.006752199959009886 0.0035061899106949568
v 0.0691927969455719 0 -0.010599900037050247
v 0.06931900233030319 0.006418759934604168 -0.007326019927859306
v 0.06964089721441269 0 -0.00708178011700511
v 0.0693477988243103 0.003213640069589019 -0.00897487998008728
v 0.0697140023112297 0.0032139599788933992 -0.005443490110337734
v 0.06958779692649841 0.006599720101803541 -0.0037394999526441097
v 0.06776539981365204 0 -0.017545700073242188
v 0.06826669722795486 0.00615687994286418 -0.014203700236976147
v 0.06856709718704224 0 -0.01409090030938387
v 0.06810180097818375 0.0030823200941085815 -0.015894699841737747
v 0.06882070004940033 0.003082510083913803 -0.012418299913406372
v 0.06887809932231903 0.006295610219240189 -0.010778199881315231
v 0.06564260274171829 0 -0.024311399087309837
v 0.06653329730033875 0.0058398498222231865 -0.020957399159669876
v 0.06678970158100128 0 -0.02095540054142475
v 0.06616590172052383 0.0029233701061457396 -0.022661099210381508
v 0.06723050028085709 0.002923449967056513 -0.019274799153208733
v 0.06748390197753906 0.0060058399103581905 -0.017602499574422836
v 0.06284630298614502 0 -0.0308276005089283
v 0.06409409642219543 0.005931209772825241 -0.027509400621056557
v 0.06432700157165527 0 -0.027604900300502777
v 0.06354770064353943 0.002969220047816634 -0.029204100370407104
v 0.06494759768247604 0.0029692300595343113 -0.0259419996291399
v 0.0653953030705452 0.005892879795283079 -0.02426370047032833
v 0.05940509960055351 0 -0.037027500569820404
v 0.06095710024237633 0.006121819838881493 -0.03386380150914192
v 0.061204299330711365 0 -0.03397110104560852
v 0.06025779992341995 0.0030648100655525923 -0.03549079969525337
v 0.061981201171875 0.0030648401007056236 -0.032387301325798035
v 0.06260590255260468 0.006034249905496836 -0.030726000666618347
v 0.05535430088639259 0 -0.0428473986685276
v 0.05729059875011444 0.005266040097922087 -0.03987549990415573
v 0.057453401386737823 0 -0.03998880088329315
v 0.0563804991543293 0.0026357299648225307 -0.04140400141477585
v 0.05840799957513809 0.0026357299648225307 -0.03849110007286072
v 0.059199899435043335 0.005701249931007624 -0.03691700100898743
v 0.05073549970984459 0 -0.0482277013361454
v 0.05323750153183937 0.005606300197541714 -0.04510359838604927
v 0.053113099187612534 0 -0.04559610038995743
v 0.05204949900507927 0.0028065498918294907 -0.04672219976782799
v 0.05435280129313469 0.0028060900513082743 -0.0440215989947319
v 0.05532599985599518 0.005442259833216667 -0.042537201195955276
v 0.04559610038995743 0 -0.053113099187612534
v 0.04786369949579239 0.006484719924628735 -0.05066569894552231
v 0.0482277013361454 0 -0.05073549970984459
v 0.04679340124130249 0.0032467700075358152 -0.05195989832282066
v 0.049370501190423965 0.0032470200676470995 -0.04951779916882515
v 0.0506289005279541 0.00605486985296011 -0.04795889928936958
v 0.03998880088329315 0 -0.057453401386737823
v 0.04286789894104004 0.004760279785841703 -0.05513330176472664
v 0.0428473986685276 0 -0.05535430088639259
v 0.04146679863333702 0.0023823499213904142 -0.05634560063481331
v 0.044270601123571396 0.0023822200018912554 -0.0541703999042511
v 0.0454212985932827 0.005629379767924547 -0.05296429991722107
v 0.03397110104560852 0 -0.061204299330711365
v 0.037284400314092636 0.0067156897857785225 -0.05886229872703552
v 0.037027500569820404 0 -0.05940509960055351
v 0.035683900117874146 0.0033631299156695604 -0.06012779846787453
v 0.03869029879570007 0.00336250988766551 -0.05823870003223419
v 0.04012630134820938 0.005745150148868561 -0.057068999856710434
v 0.027604900300502777 0 -0.06432700157165527
v 0.030624600127339363 0.005598890129476786 -0.06269600242376328
v 0.0308276005089283 0 -0.06284630298614502
v 0.029146799817681313 0.0028025300707668066 -0.06358149647712708
v 0.03233480080962181 0.0028026499785482883 -0.06202099844813347
v 0.03400680050253868 0.006166779901832342 -0.06087290123105049
v 0.02095540054142475 0 -0.06678970158100128
v 0.02425459958612919 0.005593429785221815 -0.06542500108480453
v 0.024311399087309837 0 -0.06564260274171829
v 0.022630399093031883 0.002799859968945384 -0.06618180125951767
v 0.025958700105547905 0.00279983994551003 -0.06494849920272827
v 0.02747330069541931 0.0056030298583209515 -0.06413909792900085
v 0.01409090030938387 0 -0.06856709718704224
v 0.0174809992313385 0.006015069782733917 -0.06751470267772675
v 0.017545700073242188 0 -0.06776539981365204
v 0.015805600211024284 0.003011279972270131 -0.06812570244073868
v 0.019242199137806892 0.003011279972270131 -0.06723590195178986
v 0.020894700661301613 0.005811729934066534 -0.06655550003051758
v 0.00708178011700511 0 -0.06964089721441269
v 0.010559099726378918 0.006138250231742859 -0.06892620027065277
v 0.010599900037050247 0 -0.0691927969455719
v 0.008831780403852463 0.003073069965466857 -0.06937260180711746
v 0.012340799905359745 0.003073069965466857 -0.06883499771356583
v 0.014037899672985077 0.006084410008043051 -0.06830749660730362
v -3.33375995003956e-16 0 -0.07000000029802322
v 0.002938939956948161 0.006617479957640171 -0.06962449848651886
v 0.003545440034940839 0 -0.0699101984500885
v 0.001471449970267713 0.003313190070912242 -0.06990610063076019
v 0.005018169991672039 0.0033138999715447426 -0.06974119693040848
v 0.006759169977158308 0.00638744980096817 -0.06937950104475021
v -0.00708178011700511 0 -0.06964089721441269
v -0.0035858899354934692 0.004350749775767326 -0.06977260112762451
v -0.003545440034940839 0 -0.0699101984500885
v -0.0053380802273750305 0.002177109941840172 -0.0697622001171112
v -0.0017944000428542495 0.002177139976993203 -0.06994310021400452
v -0.0003238680073991418 0.005490799900144339 -0.06978359818458557
v -0.01409090030938387 0 -0.06856709718704224
v -0.010559099726378918 0.006138250231742859 -0.06892620027065277
v -0.010599900037050247 0 -0.0691927969455719
v -0.012340799905359745 0.003073069965466857 -0.06883499771356583
v -0.008831780403852463 0.003073069965466857 -0.06937260180711746
v -0.007081999909132719 0.005251539871096611 -0.0694425031542778
v -0.02095540054142475 0 -0.06678970158100128
v -0.01751670055091381 0.004021889995783567 -0.06765349954366684
v -0.017545700073242188 0 -0.06776539981365204
v -0.01925019919872284 0.002012419980019331 -0.06727100163698196
v -0.01581539958715439 0.002012419980019331 -0.06816030293703079
v -0.014057500287890434 0.005087149795144796 -0.06838499754667282
v -0.027604900300502777 0 -0.06432700157165527
v -0.02419080026447773 0.006242060102522373 -0.06538990139961243
v -0.024311399087309837 0 -0.06564260274171829
v -0.025932099670171738 0.003125160001218319 -0.0649442970752716
v -0.02260269969701767 0.0031251299660652876 -0.06617669761180878
v -0.020882800221443176 0.005139139946550131 -0.06661450117826462
v -0.03397110104560852 0 -0.061204299330711365
v -0.030992500483989716 0.006030709948390722 -0.062474798411130905
v -0.0308276005089283 0 -0.06284630298614502
v -0.03252070024609566 0.003018969902768731 -0.06191359832882881
v -0.029337100684642792 0.0030193100683391094 -0.06348399817943573
v -0.02763029932975769 0.00614497996866703 -0.06402190029621124
v -0.03998880088329315 0 -0.057453401386737823
v -0.037796501070261 0.005691570229828358 -0.05864319950342178
v -0.037027500569820404 0 -0.05940509960055351
v -0.03893100097775459 0.002848590025678277 -0.058105599135160446
v -0.0359329991042614 0.0028496799059212208 -0.0600057989358902
v -0.03444819897413254 0.005870299879461527 -0.060653600841760635
v -0.04559610038995743 0 -0.053113099187612534
v -0.04331110045313835 0.004973839968442917 -0.05476690083742142
v -0.0428473986685276 0 -0.05535430088639259
v -0.04449069872498512 0.002489000093191862 -0.053984999656677246
v -0.04169569909572601 0.0024896499235183 -0.05617180094122887
v -0.040601398795843124 0.005338970106095076 -0.056771598756313324
v -0.05073549970984459 0 -0.0482277013361454
v -0.04814060032367706 0.0040272600017488 -0.05065830051898956
v -0.0482277013361454 0 -0.05073549970984459
v -0.04947450011968613 0.0020151198841631413 -0.049479398876428604
v -0.04690270125865936 0.002015110105276108 -0.05192369967699051
v -0.04577390104532242 0.004505279939621687 -0.05276789888739586
v -0.05535430088639259 0 -0.0428473986685276
v -0.05234929919242859 0.006538019981235266 -0.046008799225091934
v -0.053113099187612534 0 -0.04559610038995743
v -0.053936801850795746 0.003274179995059967 -0.044498298317193985
v -0.051608599722385406 0.003273210022598505 -0.04717880114912987
v -0.05030350014567375 0.005288800224661827 -0.04838990047574043
v -0.05940509960055351 0 -0.037027500569820404
v -0.05736270174384117 0.005854899995028973 -0.03968939930200577
v -0.057453401386737823 0 -0.03998880088329315
v -0.05845180153846741 0.002930860035121441 -0.03840310126543045
v -0.05642800033092499 0.0029310600366443396 -0.04131929948925972
v -0.054947901517152786 0.006206850055605173 -0.04292089864611626
v -0.06284630298614502 0 -0.0308276005089283
v -0.06103770062327385 0.005160539876669645 -0.03387869894504547
v -0.061204299330711365 0 -0.03397110104560852
v -0.062004100531339645 0.0025828599464148283 -0.03238559886813164
v -0.060281701385974884 0.0025828599464148283 -0.03548860177397728
v -0.059272401034832 0.005514440126717091 -0.0368289016187191
v -0.06564260274171829 0 -0.024311399087309837
v -0.0640811026096344 0.005594930145889521 -0.02761000022292137
v -0.06432700157165527 0 -0.027604900300502777
v -0.06493580341339111 0.0028006499633193016 -0.025990299880504608
v -0.06353370100259781 0.002800550078973174 -0.02925099991261959
v -0.06263729929924011 0.005384440068155527 -0.030782699584960938
v -0.06776539981365204 0 -0.017545700073242188
v -0.06651979684829712 0.0060808900743722916 -0.020931700244545937
v -0.06678970158100128 0 -0.02095540054142475
v -0.06722839921712875 0.0030443300493061543 -0.01926329918205738
v -0.0661642998456955 0.0030442699790000916 -0.022649899125099182
v -0.06538520008325577 0.005845489911735058 -0.024302300065755844
v -0.0691927969455719 0 -0.010599900037050247
v -0.06824260205030441 0.006505390163511038 -0.01416420005261898
v -0.06856709718704224 0 -0.01409090030938387
v -0.06881599873304367 0.0032573400530964136 -0.01239980012178421
v -0.06809789687395096 0.0032571800984442234 -0.015876799821853638
v -0.06746549904346466 0.006301010027527809 -0.017569899559020996
v -0.0699101984500885 0 -0.003545440034940839
v -0.06932059675455093 0.006284900009632111 -0.007426839787513018
v -0.06964089721441269 0 -0.00708178011700511
v -0.06971310079097748 0.0031468600500375032 -0.005493840202689171
v -0.0693444013595581 0.0031464300118386745 -0.009024810045957565
v -0.06886350363492966 0.006402759812772274 -0.010808399878442287
v -0.0699101984500885 0 0.003545440034940839
v -0.06972820311784744 0.006129149813205004 -0.0006464790203608572
v -0.07000000029802322 0 2.3583199843550597e-16
v -0.06991759687662125 0.003068899968639016 0.0014515300281345844
v -0.06990119814872742 0.0030681800562888384 -0.00209841993637383
v -0.06960640102624893 0.0062143499962985516 -0.004041419830173254
v -0.0691927969455719 0 0.010599900037050247
v -0.06927639991044998 0.007246179971843958 0.006948050111532211
v -0.06964089721441269 0 0.00708178011700511
v -0.0693511962890625 0.0036291899159550667 0.008788780309259892
v -0.06970799714326859 0.003629059996455908 0.005255400203168392
v -0.06960730254650116 0.006697770208120346 0.0031555499881505966
v -0.06776539981365204 0 0.017545700073242188
v -0.06827440112829208 0.005809629801660776 0.01431289967149496
v -0.06856709718704224 0 0.01409090030938387
v -0.06809719651937485 0.0029081099200993776 0.01594739966094494
v -0.068818598985672 0.0029084000270813704 0.012471799738705158
v -0.06887610256671906 0.006537470035254955 0.010646100156009197
v -0.06564260274171829 0 0.024311399087309837
v -0.06654209643602371 0.005836930125951767 0.020930299535393715
v -0.06678970158100128 0 0.02095540054142475
v -0.0661706030368805 0.0029219200368970633 0.02264760062098503
v -0.06723450124263763 0.002921970095485449 0.01926109939813614
v -0.06748879700899124 0.005830239970237017 0.01764269918203354
v -0.06284630298614502 0 0.0308276005089283
v -0.06408300250768661 0.006083449814468622 0.027501899749040604
v -0.06432700157165527 0 0.027604900300502777
v -0.0635451003909111 0.0030455798842012882 0.029201699420809746
v -0.06494510173797607 0.0030455798842012882 0.025939499959349632
v -0.06539490073919296 0.00596769992262125 0.02424659952521324
v -0.05940509960055351 0 0.037027500569820404
v -0.060972701758146286 0.006082720123231411 0.033842701464891434
v -0.061204299330711365 0 0.03397110104560852
v -0.0602651983499527 0.0030452099163085222 0.03548000007867813
v -0.06198799982666969 0.0030452099163085222 0.03237619996070862
v -0.06260760128498077 0.006090839859098196 0.030711399391293526
v -0.05535430088639259 0 0.0428473986685276
v -0.057232100516557693 0.006138250231742859 0.039834700524806976
v -0.057453401386737823 0 0.03998880088329315
v -0.05636560171842575 0.003073069965466857 0.041394200176000595
v -0.05839360132813454 0.003073069965466857 0.038480501621961594
v -0.05917780101299286 0.006118279881775379 0.03688570111989975
v -0.05073549970984459 0 0.0482277013361454
v -0.05305510014295578 0.005919250193983316 0.04527819901704788
v -0.053113099187612534 0 0.04559610038995743
v -0.051960501819849014 0.0029633399099111557 0.04681159928441048
v -0.05426879972219467 0.002963119884952903 0.04411489889025688
v -0.05521000176668167 0.006036010105162859 0.04260769858956337
v -0.04559610038995743 0 0.053113099187612534
v -0.048131201416254044 0.005906629841774702 0.050482701510190964
v -0.0482277013361454 0 0.05073549970984459
v -0.04692139849066734 0.002956950105726719 0.05186169967055321
v -0.049492400139570236 0.0029568399768322706 0.049414198845624924
v -0.05065950006246567 0.005920699797570705 0.04794330149888992
v -0.03998880088329315 0 0.057453401386737823
v -0.04233749955892563 0.006999799981713295 0.05530409887433052
v -0.0428473986685276 0 0.05535430088639259
v -0.04122539982199669 0.0035051899030804634 0.056464001536369324
v -0.044039200991392136 0.0035056599881500006 0.054297901690006256
v -0.0453014001250267 0.006462779827415943 0.05297179892659187
v -0.03397110104560852 0 0.061204299330711365
v -0.03622199967503548 0.0056504299864172935 0.059632498770952225
v -0.037027500569820404 0 0.05940509960055351
v -0.03513199836015701 0.0028280599508434534 0.0604792982339859
v -0.03815490007400513 0.0028288899920880795 0.05861910060048103
v -0.039337899535894394 0.00633447989821434 0.057553499937057495
v -0.027604900300502777 0 0.06432700157165527
v -0.030598999932408333 0.00470945006236434 0.06278149783611298
v -0.0308276005089283 0 0.06284630298614502
v -0.02912689931690693 0.0023567399475723505 0.06360869854688644
v -0.03231479972600937 0.0023568999022245407 0.062049999833106995
v -0.033446699380874634 0.005185550078749657 0.061273399740457535
v -0.02095540054142475 0 0.06678970158100128
v -0.02472740039229393 0.007050950080156326 0.06510639935731888
v -0.024311399087309837 0 0.06564260274171829
v -0.022880399599671364 0.0035314999986439943 0.06606069952249527
v -0.02620529942214489 0.0035307600628584623 0.06481370329856873
v -0.027695300057530403 0.0058870199136435986 0.06401810050010681
v -0.01409090030938387 0 0.06856709718704224
v -0.01747809909284115 0.006138250231742859 0.0675043985247612
v -0.017545700073242188 0 0.06776539981365204
v -0.015804799273610115 0.003073069965466857 0.06812319904565811
v -0.01924150064587593 0.003073069965466857 0.06723330169916153
v -0.021134600043296814 0.006604569964110851 0.06640560179948807
v -0.010798700153827667 0.005471840035170317 0.06894519925117493
v -0.010599900037050247 0 0.0691927969455719
v -0.008950370363891125 0.002739009913057089 0.06937140226364136
v -0.012457800097763538 0.0027387801092118025 0.06882809847593307
v -0.014155399985611439 0.005812040064483881 0.06830699741840363
v -0.007913840003311634 0.005209439899772406 0.0693558007478714
v -0.013361199758946896 0.04869600012898445 0.04847859963774681
v -0.010097400285303593 0.05042240023612976 0.04749339818954468
v -0.01007660012692213 0.047658998519182205 0.050269998610019684
v -0.012420699931681156 0.052402298897504807 0.04471829906105995
v -0.010005800053477287 0.05447259917855263 0.042809098958969116
v -0.009620489552617073 0.052246298640966415 0.0455825999379158
v -0.01290039997547865 0.05058620125055313 0.04663269966840744
v 0.016394099220633507 0.052592698484659195 0.04318840056657791
v 0.010759100317955017 0.05684090033173561 0.03941259905695915
v 0.01190009992569685 0.05261920019984245 0.04460500180721283
v 0.013598799705505371 0.05480640009045601 0.04136820137500763
v 0.009072399698197842 0.054725099354982376 0.042694900184869766
v 0.013280600309371948 0.04873429983854294 0.04846230149269104
v 0.010331099852919579 0.050642598420381546 0.04720799997448921
v 0.014857199974358082 0.05073130130767822 0.045886799693107605
v 0.007743979804217815 0.056979700922966 0.03991670161485672
v 0.010036099702119827 0.04767730087041855 0.05026090145111084
v -0.06887730211019516 0.011532999575138092 -0.0047855498269200325
v -0.06938610225915909 0.008841680362820625 -0.0027192800771445036
v -0.06916020065546036 0.008916829712688923 -0.00611161021515727
v -0.06881649792194366 0.01276789978146553 0.001127770054154098
v -0.06916049867868423 0.010023600421845913 0.004044579807668924
v -0.06935740262269974 0.00946012046188116 0.0002409389999229461
v -0.0689110979437828 0.01216179970651865 -0.001830599969252944
v 0.0686563029885292 0.01329480018466711 0.003092739963904023
v 0.06866250187158585 0.012981600128114223 -0.004115859977900982
v 0.06926009804010391 0.01004290021955967 0.0014768700348213315
v 0.06926549971103668 0.00988639984279871 -0.0021324900444597006
v 0.06875070184469223 0.013155699707567692 -0.0005122440052218735
v 0.06908850371837616 0.010024200193583965 0.00512719014659524
v 0.06908570230007172 0.009713520295917988 -0.005728810094296932
v 0.06572149693965912 0.009610460139811039 0.02209790050983429
v 0.06520439684391022 0.007366170175373554 0.024374699220061302
v 0.06624379754066467 0.00682333018630743 0.021568600088357925
v 0.0631600022315979 0.01087810005992651 0.028151100501418114
v 0.06451450288295746 0.010255999863147736 0.025153299793601036
v 0.0639152005314827 0.007999810390174389 0.027401499450206757
v 0.06244710087776184 0.00837154034525156 0.0305004995316267
v -0.06473519653081894 0.011687999591231346 0.023932000622153282
v -0.06448250263929367 0.008895830251276493 0.02574630081653595
v -0.0657166987657547 0.00877286959439516 0.022457800805568695
v -0.06193000078201294 0.01190979965031147 0.030378099530935287
v -0.061524998396635056 0.009007040411233902 0.032148901373147964
v -0.0630820021033287 0.009007389657199383 0.02897470071911812
v -0.06341270357370377 0.011813799850642681 0.027189400047063828
v -0.04163780063390732 0.010999700054526329 -0.055184200406074524
v -0.03601749986410141 0.012451699934899807 -0.05871710181236267
v -0.03977290168404579 0.008357370272278786 -0.056993599981069565
v -0.03887350112199783 0.011739600449800491 -0.05701779946684837
v -0.03695309907197952 0.009082989767193794 -0.058753401041030884
v -0.042517099529504776 0.007994810119271278 -0.0550306998193264
v -0.03357410058379173 0.009260290302336216 -0.06072089821100235
v 0.037342701107263565 0.014749900437891483 -0.057340700179338455
v 0.04271969944238663 0.01057489961385727 -0.05443520098924637
v 0.03737739846110344 0.010751199908554554 -0.0582008995115757
v 0.04008730128407478 0.01268010027706623 -0.055966299027204514
v 0.04006759822368622 0.008659440092742443 -0.05674149841070175
v 0.03201289847493172 0.011885300278663635 -0.06110579892992973
v 0.0347013995051384 0.009314659982919693 -0.06007539853453636
v 0.03472280129790306 0.013334900140762329 -0.059300098568201065
v 0.04283130168914795 0.0076743001118302345 -0.054832298308610916
v 0.0313538983464241 0.00875192042440176 -0.06197040155529976
v -0.0038199599366635084 0.010187200270593166 -0.06914930045604706
v -0.010244200006127357 0.012899300083518028 -0.06803429871797562
v -0.007200909778475761 0.00817565992474556 -0.06914699822664261
v -0.010414100252091885 0.009530140087008476 -0.06856179982423782
v -0.007041059900075197 0.01155799999833107 -0.06867919862270355
v -0.003706190036609769 0.0072754002176225185 -0.0695222020149231
v -0.01732099987566471 0.009508740156888962 -0.06715329736471176
v -0.01396149955689907 0.007835539989173412 -0.06814459711313248
v -0.013804599642753601 0.011221899650990963 -0.06770160049200058
v -0.017432399094104767 0.006770569831132889 -0.0674557015299797
v -0.06416519731283188 0.012377000413835049 -0.02509249933063984
v -0.0654468983411789 0.009243720211088657 -0.023048900067806244
v -0.06420890241861343 0.00899801030755043 -0.026386499404907227
v -0.062100600451231 0.009931149892508984 -0.03073889948427677
v -0.06320089846849442 0.011166100390255451 -0.027945799753069878
v -0.0631432980298996 0.007769490126520395 -0.029198700562119484
v -0.06162229925394058 0.00755234993994236 -0.032336700707674026
v 0.0621756985783577 0.01014809962362051 -0.03051540069282055
v 0.06161189824342728 0.00814098957926035 -0.032213401049375534
v 0.06318409740924835 0.008045939728617668 -0.029035000130534172
v 0.06463190168142319 0.01102139987051487 -0.024520300328731537
v 0.06442079693078995 0.008483920246362686 -0.02603819966316223
v 0.06565490365028381 0.008439930155873299 -0.022763900458812714
v 0.06347309798002243 0.010596299543976784 -0.02754789963364601
v -0.012089099735021591 0.06561099737882614 -0.02119079977273941
v -0.009072059765458107 0.06645990163087845 -0.020019300282001495
v -0.009399659931659698 0.06739769876003265 -0.01640710048377514
v -0.012644000351428986 0.06639830023050308 -0.01820410043001175
v -0.0008693180279806256 0.0667383000254631 -0.021100899204611778
v -0.00025104000815190375 0.06755509972572327 -0.01833689957857132
v -0.003454650053754449 0.06700260192155838 -0.019967900589108467
v 0.006652390118688345 0.06696009635925293 -0.01928980089724064
v 0.0035149899777024984 0.06770160049200058 -0.017439700663089752
v 0.006776509806513786 0.06791079789400101 -0.015562700107693672
v 0.002895969897508621 0.06695160269737244 -0.02022629976272583
v -0.017725100740790367 0.06545049697160721 -0.017379799857735634
v -0.01546039991080761 0.06629890203475952 -0.01629200018942356
v -0.01684739999473095 0.0666453018784523 -0.013212299905717373
v -0.018025100231170654 0.06763140112161636 -0.0010453100549057126
v -0.016993200406432152 0.06771969795227051 -0.005027370061725378
v -0.015279199928045273 0.06831009685993195 -0.0005230989772826433
v -0.021654199808835983 0.0651594027876854 -0.013614200055599213
v -0.020831000059843063 0.06657280027866364 -0.005842240061610937
v -0.018807299435138702 0.06646899878978729 -0.011320499703288078
v -0.02127690054476261 0.06597240269184113 -0.009743889793753624
v -0.018383299931883812 0.06713379919528961 -0.007423819974064827
v -0.019704600796103477 0.06535450369119644 -0.015508700162172318
v -0.019443999975919724 0.06715690344572067 -0.0034465899225324392
v 0.019659699872136116 0.06707540154457092 0.0037928300444036722
v 0.016500400379300117 0.0680008977651596 0.001899210037663579
v 0.0197260994464159 0.06716310232877731 -1.2661400432989467e-05
v 0.01646680012345314 0.06779249757528305 0.005745819769799709
v 0.02335529960691929 0.06546510010957718 -0.008297329768538475
v 0.02156439982354641 0.06631900370121002 -0.0060632498934865
v 0.019015200436115265 0.06681869924068451 -0.008584050461649895
v 0.018803900107741356 0.06594269722700119 -0.014070499688386917
v 0.01129900012165308 0.06736049801111221 -0.015326299704611301
v 0.01672009937465191 0.06699959933757782 -0.01146680023521185
v 0.015074499882757664 0.06675370037555695 -0.014720899984240532
v 0.012964400462806225 0.06771700084209442 -0.012096799910068512
v 0.021108800545334816 0.06579510122537613 -0.011199399828910828
v 0.00909741036593914 0.06806699931621552 -0.013569099828600883
v -0.005185820162296295 0.0652322992682457 -0.024856699630618095
v -0.005615950096398592 0.06626410037279129 -0.021852299571037292
v -0.008650979958474636 0.06552410125732422 -0.023059800267219543
v -0.0030302798841148615 0.06604430079460144 -0.022999299690127373
v 0.026515500620007515 0.06478159874677658 -0.0005225460045039654
v 0.023129399865865707 0.06604810059070587 0.0016381100285798311
v 0.023161500692367554 0.06602130085229874 -0.002173769986256957
v 0.02498060092329979 0.0652415007352829 -0.00441794004291296
v -0.045972298830747604 0.010907200165092945 0.05164859816431999
v -0.04420210048556328 0.008963090367615223 0.05353349819779396
v -0.047088999301195145 0.00841359980404377 0.05110609903931618
v -0.050251901149749756 0.011296600103378296 0.04740390181541443
v -0.049245599657297134 0.008611089549958706 0.048997100442647934
v -0.051708001643419266 0.008617030456662178 0.046390000730752945
v -0.048156898468732834 0.011112299747765064 0.049572400748729706
v 0.04483040049672127 0.011731299571692944 0.052465301007032394
v 0.046425700187683105 0.00875547993928194 0.0516526997089386
v 0.04382979869842529 0.008621440269052982 0.05389450117945671
v 0.049848899245262146 0.011234099976718426 0.047842301428318024
v 0.048930201679468155 0.008505250327289104 0.04933049902319908
v 0.04739629849791527 0.011496400460600853 0.05021379888057709
v 0.051322899758815765 0.008841950446367264 0.046773698180913925
v 0.05483290180563927 0.011427699588239193 -0.041985198855400085
v 0.05409900099039078 0.008527049794793129 -0.043595798313617706
v 0.05613119900226593 0.008357210084795952 -0.040980998426675797
v 0.05098839849233627 0.010850099846720695 -0.046716801822185516
v 0.05215980112552643 0.008235580287873745 -0.04595139995217323
v 0.052961401641368866 0.011149600148200989 -0.044393498450517654
v 0.04948220029473305 0.008677240461111069 -0.0487465001642704
v 0.00782718975096941 0.011534499935805798 -0.06859800219535828
v 0.005389830097556114 0.009087380021810532 -0.06919799745082855
v 0.009201769717037678 0.008844650350511074 -0.0688266009092331
v 0.013550300151109695 0.011780000291764736 -0.06765809655189514
v 0.012067800387740135 0.008968840353190899 -0.06836610287427902
v 0.0155349001288414 0.008908620104193687 -0.06767050176858902
v 0.01069790031760931 0.011667300015687943 -0.0681867003440857
v -0.046947699040174484 0.009519199840724468 -0.0510420985519886
v -0.05025710165500641 0.014451299794018269 -0.046533700078725815
v -0.04972900077700615 0.008041629567742348 -0.048604100942611694
v -0.05139140039682388 0.010512700304389 -0.04635090008378029
v -0.04867149889469147 0.012002299539744854 -0.048857301473617554
v -0.04758270084857941 0.006778719834983349 -0.05089139938354492
v -0.055104099214076996 0.01242149993777275 -0.041342999786138535
v -0.0538146011531353 0.009495270438492298 -0.043747399002313614
v -0.052754100412130356 0.013455100357532501 -0.043999601155519485
v -0.05630660057067871 0.009150110185146332 -0.0405689999461174
v -0.014924700371921062 0.06560830026865005 -0.019308099523186684
v -0.009637169539928436 0.06269469857215881 -0.029605800285935402
v -0.016743799671530724 0.061900898814201355 -0.02806999906897545
v -0.010886900126934052 0.06429290026426315 -0.025453800335526466
v -0.013208500109612942 0.06238299980759621 -0.028877299278974533
v -0.014446999877691269 0.06389100104570389 -0.024682600051164627
v -0.007420740090310574 0.06404329836368561 -0.02726529911160469
v -0.020859800279140472 0.06319580227136612 -0.021706199273467064
v -0.018830200657248497 0.062642902135849 -0.024925699457526207
v -0.0165094006806612 0.06454029679298401 -0.021494099870324135
v -0.019308999180793762 0.06437840312719345 -0.019559800624847412
v -0.012606199830770493 0.06490989774465561 0.022973600775003433
v -0.01056089997291565 0.06231069937348366 0.030097300186753273
v -0.00971642043441534 0.06473539769649506 0.024797700345516205
v -0.011601800099015236 0.06371060013771057 0.0265772994607687
v -0.008689009584486485 0.0634085014462471 0.0283524002879858
v -0.008783680386841297 0.06578879803419113 0.022241299971938133
v -0.008173749782145023 0.061765700578689575 0.03190910071134567
v 0.01270770002156496 0.06498509645462036 0.02270359918475151
v 0.010028299875557423 0.06456240266561508 0.025122299790382385
v 0.009771700017154217 0.06596250087022781 0.021294500678777695
v 0.013473699800670147 0.06275050342082977 0.027943499386310577
v 0.010408200323581696 0.06342209875583649 0.027736399322748184
v 0.013101800344884396 0.06392169743776321 0.02534490078687668
v 0.012594600208103657 0.060203298926353455 0.03342059999704361
v 0.009977869689464569 0.06220730021595955 0.030507199466228485
v 0.00924380961805582 0.06043339893221855 0.03409339860081673
v 0.013046599924564362 0.06153539940714836 0.030711200088262558
v -0.01335120014846325 0.03654579818248749 0.05819059908390045
v -0.010092600248754025 0.03851170092821121 0.057576000690460205
v -0.010123600251972675 0.03513120114803314 0.05969350039958954
v -0.01326880045235157 0.04270520061254501 0.05385350063443184
v -0.01003040000796318 0.04465920105576515 0.0529618002474308
v -0.010050400160253048 0.041592299938201904 0.055399201810359955
v -0.013329300098121166 0.03968299925327301 0.05610340088605881
v 0.013655999675393105 0.03383589908480644 0.059738099575042725
v 0.01663150079548359 0.03915129974484444 0.05559289827942848
v 0.010692199692130089 0.03698179870843887 0.05846390128135681
v 0.015164799988269806 0.036544300615787506 0.05774550139904022
v 0.012183500453829765 0.03964639827609062 0.05638900026679039
v 0.010125399567186832 0.03350820019841194 0.06061910092830658
v 0.012817800045013428 0.044270798563957214 0.052685901522636414
v 0.010267400182783604 0.04219039902091026 0.05490490049123764
v 0.00979997031390667 0.04542199894785881 0.052352700382471085
v 0.014743199571967125 0.04176349937915802 0.05420750007033348
v 0.03188290074467659 0.012965699657797813 0.06095390021800995
v 0.03133640065789223 0.009564340114593506 0.06185910105705261
v 0.03440690040588379 0.009575080126523972 0.06020370125770569
v 0.027320899069309235 0.010015499778091908 0.06366519629955292
v 0.029629800468683243 0.011501399800181389 0.06236819922924042
v 0.029035300016403198 0.008082550019025803 0.06317929923534393
v 0.02578750066459179 0.008082550019025803 0.06457299739122391
v -0.030660299584269524 0.010951999574899673 0.061967700719833374
v -0.027736499905586243 0.009015359915792942 0.06363499909639359
v -0.03066070005297661 0.007838659919798374 0.06243779882788658
v -0.033496301621198654 0.008314910344779491 0.06090040132403374
v -0.06787169724702835 0.013475899584591389 -0.010575099848210812
v -0.0681644007563591 0.01000639982521534 -0.012389100156724453
v -0.0687078982591629 0.009896510280668736 -0.009015610441565514
v -0.06644269824028015 0.012488000094890594 -0.018149999901652336
v -0.06726089864969254 0.013001999817788601 -0.014384699985384941
v -0.06743720173835754 0.009510040283203125 -0.016179800033569336
v -0.06656420230865479 0.009296040050685406 -0.019565200433135033
v 0.020836500450968742 0.01220100000500679 -0.06570369750261307
v 0.019184600561857224 0.009120309725403786 -0.06669910252094269
v 0.022577499970793724 0.008909810334444046 -0.06565719842910767
v 0.027344899252057076 0.010091399773955345 -0.06364289671182632
v 0.024122100323438644 0.011160699650645256 -0.06475769728422165
v 0.025821499526500702 0.00784900039434433 -0.06458830088376999
v 0.029008299112319946 0.007851500064134598 -0.0632207989692688
v -0.0298101007938385 0.012796900235116482 -0.062029000371694565
v -0.022415999323129654 0.013744499534368515 -0.06487379968166351
v -0.027059800922870636 0.00954039953649044 -0.06384939700365067
v -0.02615560032427311 0.013292299583554268 -0.06355469673871994
v -0.02333899959921837 0.010008499957621098 -0.06523130089044571
v -0.030438100919127464 0.0094252098351717 -0.062327299267053604
v -0.019893499091267586 0.011641199700534344 -0.06609640270471573
v -0.020788300782442093 0.00788768008351326 -0.06637489795684814
v 0.06796310096979141 0.012550299987196922 -0.011113299988210201
v 0.0682028979063034 0.009365660138428211 -0.012674899771809578
v 0.06873539835214615 0.009497559629380703 -0.009232359938323498
v 0.06660640239715576 0.011786299757659435 -0.01801840029656887
v 0.06752099841833115 0.00898285023868084 -0.01613130047917366
v 0.06737089902162552 0.012183899991214275 -0.014584500342607498
v 0.06664469838142395 0.008823010139167309 -0.019509799778461456
v 0.06614179909229279 0.014909399673342705 0.017406100407242775
v 0.06720790266990662 0.010855799540877342 0.016286399215459824
v 0.06601639837026596 0.012275700457394123 0.01977740041911602
v 0.0669751986861229 0.008198590017855167 0.018630700185894966
v 0.06790179759263992 0.013445599935948849 0.010419200174510479
v 0.06807470321655273 0.010120299644768238 0.012783399783074856
v 0.06711439788341522 0.014197000302374363 0.013931900262832642
v 0.06870699673891068 0.010099099949002266 0.00879553984850645
v -0.06679710000753403 0.011382600292563438 0.01756650023162365
v -0.06674139946699142 0.008619049564003944 0.019269099459052086
v -0.06761139631271362 0.008605750277638435 0.015957500785589218
v -0.06805270165205002 0.011091800406575203 0.012075000442564487
v -0.06822089850902557 0.008457849733531475 0.013205000199377537
v -0.06873919814825058 0.009178980253636837 0.00952185969799757
v -0.0674796998500824 0.011246399953961372 0.014832800254225731
v -0.058490000665187836 0.011997800320386887 0.03653720021247864
v -0.057930298149585724 0.009078850038349628 0.03823160007596016
v -0.05980530008673668 0.009051419794559479 0.035233501344919205
v -0.05463869869709015 0.011774200014770031 0.04214239865541458
v -0.05391110107302666 0.008857250213623047 0.04376240074634552
v -0.055998001247644424 0.008966240100562572 0.04103440046310425
v -0.05663130059838295 0.011900000274181366 0.03938639909029007
v 0.05756029859185219 0.014547999948263168 0.03708320111036301
v 0.05301399901509285 0.014022000133991241 0.04350750148296356
v 0.05758960172533989 0.010985500179231167 0.038245998322963715
v 0.055375099182128906 0.014307700097560883 0.0403595007956028
v 0.05534899979829788 0.010728999972343445 0.04148950055241585
v 0.0601763017475605 0.011023100465536118 0.0340191014111042
v 0.05888799950480461 0.009218689985573292 0.036704499274492264
v 0.05891140177845955 0.012794899754226208 0.0355772003531456
v 0.052942100912332535 0.010243999771773815 0.04463399946689606
v 0.06092400103807449 0.008440040051937103 0.03342210128903389
v 0.013062399812042713 0.06704910099506378 0.015290300361812115
v 0.009828070178627968 0.06799650192260742 0.013411900028586388
v 0.013163800351321697 0.06778190284967422 0.011503499932587147
v 0.019645700231194496 0.0662154033780098 0.011382799595594406
v 0.016378799453377724 0.06673330068588257 0.013356800191104412
v 0.016460400074720383 0.06736409664154053 0.00954675953835249
v 0.01968199945986271 0.06674479693174362 0.007599149830639362
v 0.01363150030374527 0.022387199103832245 0.06490760296583176
v 0.010196800343692303 0.020856600254774094 0.0660381019115448
v 0.010126899927854538 0.024361399933695793 0.0648379996418953
v 0.011901400052011013 0.02892960049211979 0.06262139976024628
v 0.01278309989720583 0.02569190040230751 0.0638476014137268
v 0.009254350326955318 0.027619900181889534 0.06365139782428741
v 0.00924547016620636 0.031046999618411064 0.06205330044031143
v -0.01335819996893406 0.022561000660061836 0.06490430235862732
v -0.010096400044858456 0.02466540038585663 0.0647277981042862
v -0.010088600218296051 0.020891299471259117 0.06604369729757309
v -0.01342379953712225 0.029664799571037292 0.061966098845005035
v -0.01012870017439127 0.02822140045464039 0.06325320154428482
v -0.013411199674010277 0.02615240029990673 0.06353099644184113
v -0.010160200297832489 0.0316862016916275 0.06158529967069626
v 0.020922699943184853 0.010599199682474136 0.0659537985920906
v 0.022588100284337997 0.008375340141355991 0.06572390347719193
v 0.019213499501347542 0.008194049820303917 0.06681089848279953
v 0.014350499957799911 0.011099999770522118 0.06760810315608978
v 0.015924299135804176 0.008444810286164284 0.06763949990272522
v 0.012562300078570843 0.008391870185732841 0.06835030019283295
v 0.01765739917755127 0.010862399823963642 0.06685969978570938
v -0.019457699730992317 0.012114900164306164 0.06614100188016891
v -0.01848750002682209 0.009136250242590904 0.06689350306987762
v -0.022123299539089203 0.009596269577741623 0.06571509689092636
v -0.013806499540805817 0.010078899562358856 0.06788080185651779
v -0.012312499806284904 0.007781609892845154 0.06846790015697479
v -0.015653900802135468 0.008114609867334366 0.06774300336837769
v -0.016648700460791588 0.011107999831438065 0.06707780063152313
v 0.009952710010111332 0.06701900064945221 0.017589600756764412
v 0.0193875003606081 0.06455429643392563 0.01889069937169552
v 0.01624950021505356 0.06590130180120468 0.017116399481892586
v 0.01954610086977482 0.06548380106687546 0.015159700065851212
v 0.012904600240290165 0.0661173015832901 0.01902580074965954
v 0.016071999445557594 0.0648680031299591 0.020828699693083763
v -0.013467700220644474 0.01568550057709217 0.06687740236520767
v -0.010142800398170948 0.017447300255298615 0.06702770292758942
v -0.010289900004863739 0.013536499813199043 0.06790349632501602
v -0.013648400083184242 0.01289290003478527 0.06743510067462921
v -0.010455399751663208 0.010724400170147419 0.06837890297174454
v -0.008949879556894302 0.008418279699981213 0.06891319900751114
v 0.011981300078332424 0.016465699300169945 0.06697259843349457
v 0.009404970332980156 0.014094299636781216 0.06791830062866211
v 0.009364049881696701 0.017879199236631393 0.06702719628810883
v 0.008786220103502274 0.008686330169439316 0.06890100240707397
v 0.010592799633741379 0.011409499682486057 0.06824669986963272
v 0.013177599757909775 0.013795100152492523 0.06735020130872726
v -0.013430500403046608 0.01914829947054386 0.06597699970006943
v -0.01982549950480461 0.02555990032851696 0.06207770109176636
v -0.01664930023252964 0.027653200551867485 0.062113601714372635
v -0.01661680079996586 0.024096600711345673 0.06358639895915985
v -0.019586799666285515 0.018644999712705612 0.06456559896469116
v -0.019733399152755737 0.022133000195026398 0.06340920180082321
v -0.016495300456881523 0.020631499588489532 0.06482470035552979
v -0.01654900051653385 0.017187900841236115 0.06580810248851776
v -0.019790299236774445 0.032440200448036194 0.058787599205970764
v -0.016631800681352615 0.031098900362849236 0.06046690046787262
v -0.01983729936182499 0.029043199494481087 0.060522500425577164
v -0.013408600352704525 0.03315750136971474 0.060173001140356064
v -0.01659560017287731 0.034544799476861954 0.058576799929142
v -0.02604679949581623 0.028078200295567513 0.058593299239873886
v -0.022952599450945854 0.030304299667477608 0.05877780169248581
v -0.022969700396060944 0.02685829997062683 0.06042369827628136
v -0.025902200490236282 0.02120400033891201 0.06147740036249161
v -0.026011399924755096 0.02467609941959381 0.06012070178985596
v -0.022896800190210342 0.02341560088098049 0.0618663989007473
v -0.022777099162340164 0.01995299942791462 0.06311170011758804
v -0.025874899700284004 0.0347508005797863 0.054980698972940445
v -0.02286580018699169 0.03364429995417595 0.05696680024266243
v -0.025999100878834724 0.031460799276828766 0.05687059834599495
v -0.019551699981093407 0.03880830109119415 0.05487849935889244
v -0.0196991004049778 0.03567520156502724 0.05691419914364815
v -0.022746099159121513 0.036832600831985474 0.0550088994204998
v -0.016474399715662003 0.037729501724243164 0.05661340057849884
v -0.03192390128970146 0.03034920059144497 0.05440390110015869
v -0.028940999880433083 0.03259680047631264 0.054770998656749725
v -0.029027799144387245 0.02925650030374527 0.056581299751996994
v -0.03191240131855011 0.023566100746393204 0.05767359957098961
v -0.03196439892053604 0.02699670009315014 0.056120000779628754
v -0.029020799323916435 0.02585889957845211 0.05821609869599342
v -0.028948800638318062 0.022417200729250908 0.05966100096702576
v -0.03159039840102196 0.03676759824156761 0.05049939826130867
v -0.028774399310350418 0.03581110015511513 0.05281659960746765
v -0.03180310130119324 0.03360690176486969 0.052527498453855515
v -0.025806700810790062 0.04092929884791374 0.05058459937572479
v -0.025878800079226494 0.037895701825618744 0.05286020040512085
v -0.028735799714922905 0.03889890015125275 0.050607599318027496
v -0.02271519973874092 0.03993209823966026 0.05281519889831543
v -0.037441398948431015 0.03214690089225769 0.04964590072631836
v -0.034565601497888565 0.0345068983733654 0.05014469847083092
v -0.034732598811388016 0.031293101608753204 0.0520998015999794
v -0.03756989911198616 0.02558640018105507 0.0532337985932827
v -0.03755920007824898 0.028907999396324158 0.05151339992880821
v -0.03479659929871559 0.02800779975950718 0.053895801305770874
v -0.03479069843888283 0.024611299857497215 0.055532798171043396
v -0.03691219910979271 0.03834209963679314 0.04546840116381645
v -0.03430049866437912 0.03760870173573494 0.048052698373794556
v -0.037230100482702255 0.03529509902000427 0.04762540012598038
v -0.03121180087327957 0.04254399985074997 0.04599820077419281
v -0.03144429996609688 0.03971029818058014 0.048315100371837616
v -0.034105900675058365 0.04049510136246681 0.04579230025410652
v -0.028547799214720726 0.04179299995303154 0.04835670068860054
v -0.04252859950065613 0.033536601811647415 0.04434650018811226
v -0.03977720066905022 0.035990700125694275 0.04497160017490387
v -0.040042098611593246 0.03288869932293892 0.047063399106264114
v -0.04281200096011162 0.02720930054783821 0.048236798495054245
v -0.04273059964179993 0.03041590005159378 0.04635699838399887
v -0.04018329828977585 0.0297200009226799 0.04901039972901344
v -0.04024749994277954 0.02643500082194805 0.05080680176615715
v -0.04177569970488548 0.03950389847159386 0.039927899837493896
v -0.039400000125169754 0.03897840157151222 0.04275890067219734
v -0.042212098836898804 0.036572299897670746 0.042197201400995255
v -0.03651279956102371 0.043450500816106796 0.04097399860620499
v -0.03675609827041626 0.04094479978084564 0.04327249899506569
v -0.039188601076602936 0.04152420163154602 0.04049680009484291
v -0.03390920162200928 0.043056800961494446 0.04354630038142204
v -0.04713350161910057 0.034507498145103455 0.03857019916176796
v -0.044517699629068375 0.03705820068717003 0.03930480033159256
v -0.04489469900727272 0.03407039865851402 0.04151720181107521
v -0.04756179824471474 0.02844809927046299 0.04276200011372566
v -0.047413598746061325 0.03152159973978996 0.04072270169854164
v -0.045107100158929825 0.03103489987552166 0.04361410066485405
v -0.045249298214912415 0.02786709927022457 0.04556230083107948
v -0.04613199830055237 0.04024650156497955 0.033941999077796936
v -0.044015999883413315 0.03993169963359833 0.03698720037937164
v -0.04669870063662529 0.03742989897727966 0.03630739822983742
v -0.04074940085411072 0.04475339874625206 0.03516560047864914
v -0.041316598653793335 0.04218389838933945 0.037595998495817184
v -0.0434969998896122 0.042555201798677444 0.03459860011935234
v -0.03868379816412926 0.044162098318338394 0.038121700286865234
v -0.05119920149445534 0.034974001348018646 0.03248779848217964
v -0.048734698444604874 0.03766369819641113 0.03326210007071495
v -0.049233898520469666 0.034788500517606735 0.03557780012488365
v -0.051610201597213745 0.02935189940035343 0.0370790995657444
v -0.05147410184144974 0.032206401228904724 0.034830398857593536
v -0.049433499574661255 0.031969599425792694 0.03787190094590187
v -0.049648698419332504 0.0289366003125906 0.0399710014462471
v -0.049938999116420746 0.040564898401498795 0.027578800916671753
v -0.048103101551532745 0.04046259820461273 0.030803700909018517
v -0.050642699003219604 0.03782439976930618 0.030076999217271805
v -0.04458729922771454 0.04553709924221039 0.028954099863767624
v -0.04542370140552521 0.04295239970088005 0.03149250149726868
v -0.04732989892363548 0.04311180114746094 0.028306400403380394
v -0.04272719845175743 0.04520750045776367 0.0321040004491806
v -0.054735198616981506 0.03509189933538437 0.025934899225831032
v -0.052411600947380066 0.03788220137357712 0.026794899255037308
v -0.053042300045490265 0.03508260101079941 0.029252799227833748
v -0.05556650087237358 0.02950659953057766 0.030687600374221802
v -0.055227600038051605 0.03234419971704483 0.028350699692964554
v -0.05345410108566284 0.032283298671245575 0.03162990137934685
v -0.05366579815745354 0.029471799731254578 0.03393229842185974
v -0.048138100653886795 0.045612599700689316 0.02241010032594204
v -0.04642840102314949 0.04563939943909645 0.025718500837683678
v -0.049108099192380905 0.04314979910850525 0.025029899552464485
v -0.05322049930691719 0.040384601801633835 0.02089660055935383
v -0.050751201808452606 0.04305950179696083 0.021684100851416588
v -0.051652900874614716 0.040532100945711136 0.024272099137306213
v -0.05405469983816147 0.0377919003367424 0.02344910055398941
v -0.042503200471401215 0.05034380033612251 0.023642800748348236
v -0.0436072014272213 0.04800869897007942 0.026335900649428368
v -0.045385200530290604 0.04804639890789986 0.02305920049548149
v -0.038688600063323975 0.049994200468063354 0.030062800273299217
v -0.04169740155339241 0.04783390089869499 0.029550600796937943
v -0.04065389931201935 0.05024069920182228 0.026891199871897697
v -0.03977759927511215 0.047443799674510956 0.03266239911317825
v -0.05113130062818527 0.04518739879131317 0.015610599890351295
v -0.04970499873161316 0.04546419903635979 0.01903730072081089
v -0.05224980041384697 0.042846500873565674 0.01827939972281456
v -0.04576230049133301 0.05013569816946983 0.017094599083065987
v -0.04701549932360649 0.04794060066342354 0.01977979950606823
v -0.048515599220991135 0.04772920161485672 0.016375800594687462
v -0.04419320076704025 0.05030849948525429 0.020396599546074867
v -0.055910199880599976 0.03972569853067398 0.013997199945151806
v -0.05359639972448349 0.042516499757766724 0.014824800193309784
v -0.05464240163564682 0.04011169821023941 0.01747160032391548
v -0.05768109858036041 0.03471830114722252 0.019171200692653656
v -0.056875500828027725 0.037274301052093506 0.01660750061273575
v -0.05552870035171509 0.0376042015850544 0.020061999559402466
v -0.05628659948706627 0.03495369851589203 0.022584499791264534
v -0.05352279916405678 0.04427960142493248 0.008638509549200535
v -0.052400801330804825 0.04479660093784332 0.012141600251197815
v -0.054793599992990494 0.04206189885735512 0.011333799920976162
v -0.04844700172543526 0.04949110001325607 0.010174299590289593
v -0.04985950142145157 0.04740609973669052 0.012910599820315838
v -0.05105699971318245 0.046951599419116974 0.009419679641723633
v -0.04717149958014488 0.04988409951329231 0.013653799891471863
v -0.05802369862794876 0.0385235995054245 0.007012799847871065
v -0.05585319921374321 0.041460901498794556 0.007836869917809963
v -0.05704659968614578 0.039179399609565735 0.01051970012485981
v -0.060054898262023926 0.03378869965672493 0.012317899614572525
v -0.058064401149749756 0.036809101700782776 0.013176100328564644
v -0.05894849821925163 0.0343003012239933 0.015766000375151634
v -0.05912189930677414 0.036206699907779694 0.009678849950432777
v -0.050554998219013214 0.04831539839506149 0.003132849931716919
v -0.04957110062241554 0.04897249862551689 0.0066629801876842976
v -0.052112601697444916 0.04636310040950775 0.005894020199775696
v -0.0553411990404129 0.04283570125699043 0.0015680399956181645
v -0.05302309989929199 0.04564009979367256 0.0023537699598819017
v -0.05450909957289696 0.0436193011701107 0.005110499914735556
v -0.05676279962062836 0.040737301111221313 0.004296499770134687
v -0.04518359899520874 0.05326319858431816 0.004633069969713688
v -0.04688189923763275 0.051450200378894806 0.007414179854094982
v -0.0479373000562191 0.05086150020360947 0.0038884798996150494
v -0.04279800131917 0.05415179952979088 0.011658400297164917
v -0.04568760097026825 0.051895398646593094 0.010931899771094322
v -0.04405359923839569 0.05378419905900955 0.008157379925251007
v -0.0443417988717556 0.0522162988781929 0.01439649984240532
v -0.052076198160648346 0.046610500663518906 -0.00394091010093689
v -0.051388099789619446 0.047529999166727066 -0.0004045990062877536
v -0.05378450080752373 0.044786300510168076 -0.0011881099781021476
v -0.04737250134348869 0.051484499126672745 -0.0022781300358474255
v -0.049025699496269226 0.049963001161813736 0.0004278979904484004
v -0.049786198884248734 0.04910850152373314 -0.0031133899465203285
v -0.04634400084614754 0.05244849994778633 0.0011791399447247386
v -0.05654760077595711 0.04089229926466942 -0.005493959877640009
v -0.05438840016722679 0.04381309822201729 -0.004724080208688974
v -0.05602319911122322 0.041923001408576965 -0.001965729985386133
v -0.05948309972882271 0.03690209984779358 7.0129499363247305e-06
v -0.05809659883379936 0.03895169869065285 -0.0027473201043903828
v -0.05749249830842018 0.03992469981312752 0.0007886280072852969
v -0.05883429944515228 0.03776479884982109 0.003514739917591214
v -0.05302869901061058 0.044359900057315826 -0.010961400344967842
v -0.05262669920921326 0.04554950073361397 -0.007461689878255129
v -0.054864201694726944 0.04268530011177063 -0.008239110000431538
v -0.04841789975762367 0.049681100994348526 -0.009354200214147568
v -0.050314001739025116 0.04820989817380905 -0.006656410172581673
v -0.050790898501873016 0.04708319902420044 -0.010171400383114815
v -0.047961801290512085 0.05065310001373291 -0.005824259947985411
v -0.0571754015982151 0.038427598774433136 -0.012421799823641777
v -0.055178798735141754 0.04145139828324318 -0.01170790009200573
v -0.056940700858831406 0.039715200662612915 -0.00897033978253603
v -0.060358498245477676 0.034754399210214615 -0.006998899858444929
v -0.058534398674964905 0.03787599876523018 -0.0062551298178732395
v -0.06000420078635216 0.035878099501132965 -0.003500809893012047
v -0.058846600353717804 0.03664059937000275 -0.009723500348627567
v -0.04899600148200989 0.04723209887742996 -0.01638679951429367
v -0.048776399344205856 0.048525698482990265 -0.012888800352811813
v -0.05108270049095154 0.04585909843444824 -0.013693000189960003
v -0.05332919955253601 0.0416812002658844 -0.017851300537586212
v -0.0512303002178669 0.044515401124954224 -0.01714169979095459
v -0.053253401070833206 0.04308079928159714 -0.014426499605178833
v -0.05532979965209961 0.040110599249601364 -0.015157800167798996
v -0.044397901743650436 0.05196170136332512 -0.01512639969587326
v -0.04647279903292656 0.05089240148663521 -0.012257399968802929
v -0.04675079882144928 0.049653999507427216 -0.0157747995108366
v -0.04372379928827286 0.05407239869236946 -0.008025020360946655
v -0.04612160101532936 0.0519338995218277 -0.008699179627001286
v -0.044123198837041855 0.053092099726200104 -0.011592100374400616
v -0.04560989886522293 0.05285000056028366 -0.005158559884876013
v -0.04891049861907959 0.04441479966044426 -0.023132000118494034
v -0.04902010038495064 0.045885998755693436 -0.019786400720477104
v -0.05119159817695618 0.04310839995741844 -0.020520400255918503
v -0.044152699410915375 0.049869101494550705 -0.021531499922275543
v -0.04664209857583046 0.048621200025081635 -0.018986700102686882
v -0.04659700021147728 0.04720820114016533 -0.022363100200891495
v -0.04432680085301399 0.05097460001707077 -0.018350299447774887
v -0.052821800112724304 0.038773100823163986 -0.02462729997932911
v -0.05093029886484146 0.04164639860391617 -0.0239097997546196
v -0.05314959958195686 0.04028340056538582 -0.021268999204039574
v -0.05690380185842514 0.03591059893369675 -0.019297100603580475
v -0.05518440157175064 0.03884369879961014 -0.01859709993004799
v -0.057117901742458344 0.037220101803541183 -0.01588119938969612
v -0.05493750050663948 0.03739269822835922 -0.021992100402712822
v -0.04395480081439018 0.046615101397037506 -0.028195900842547417
v -0.04411580041050911 0.04831000044941902 -0.024898700416088104
v -0.046498000621795654 0.04557900130748749 -0.025700099766254425
v -0.04845400154590607 0.04090790078043938 -0.029643800109624863
v -0.04626930132508278 0.04382289946079254 -0.02896049991250038
v -0.04875060170888901 0.04272120073437691 -0.02642500028014183
v -0.05070099979639053 0.03989019989967346 -0.027169400826096535
v -0.03898420184850693 0.05150369927287102 -0.02697419933974743
v -0.041631199419498444 0.05076289921998978 -0.02428939938545227
v -0.04152259975671768 0.049122199416160583 -0.02762030065059662
v -0.03897539898753166 0.05426919832825661 -0.020875100046396255
v -0.04161360114812851 0.05213119834661484 -0.021228600293397903
v -0.03902449831366539 0.05294699966907501 -0.023952100425958633
v -0.04175889864563942 0.05320750176906586 -0.018031999468803406
v -0.043254200369119644 0.04285870119929314 -0.034528400748968124
v -0.04366549849510193 0.04479939863085747 -0.03140600025653839
v -0.04591820016503334 0.041941799223423004 -0.032131001353263855
v -0.038513898849487305 0.04830409958958626 -0.032914899289608
v -0.04129210114479065 0.04752599820494652 -0.030598100274801254
v -0.040941301733255386 0.0456450991332531 -0.033768799155950546
v -0.03879439830780029 0.04996220022439957 -0.02997959963977337
v -0.04747710004448891 0.03692390024662018 -0.035812798887491226
v -0.04542909935116768 0.03994709998369217 -0.03521979972720146
v -0.04803280159831047 0.038970500230789185 -0.032774198800325394
v -0.05210639908909798 0.035172101110219955 -0.03078719973564148
v -0.049855101853609085 0.03609380125999451 -0.03334230184555054
v -0.050341300666332245 0.03808619827032089 -0.03025219962000847
v -0.05253300070762634 0.037021201103925705 -0.02774370089173317
v -0.03758230060338974 0.04428999871015549 -0.039063598960638046
v -0.038101401180028915 0.04636190086603165 -0.036039698868989944
v -0.04047489911317825 0.043635398149490356 -0.03684749826788902
v -0.042110200971364975 0.0385700985789299 -0.040485501289367676
v -0.03990250080823898 0.04148859903216362 -0.03983069956302643
v -0.042742401361465454 0.04077180102467537 -0.03755990043282509
v -0.044854700565338135 0.037798501551151276 -0.03820120170712471
v -0.032669298350811005 0.04948410019278526 -0.03720270097255707
v -0.03564070165157318 0.04896150156855583 -0.03510719910264015
v -0.03517479822039604 0.04695240035653114 -0.03818640112876892
v -0.033351100981235504 0.05314129963517189 -0.031043600291013718
v -0.03598169982433319 0.05079210177063942 -0.032023098319768906
v -0.03305390104651451 0.05138060078024864 -0.0341682992875576
v -0.03621479868888855 0.052390698343515396 -0.02904669940471649
v -0.036251001060009 0.03971780091524124 -0.04481469839811325
v -0.036969199776649475 0.04206379875540733 -0.04199900105595589
v -0.03923510015010834 0.03919839859008789 -0.04270939901471138
v -0.0315093994140625 0.04523779824376106 -0.04313579946756363
v -0.03459389880299568 0.04482610151171684 -0.04115689918398857
v -0.03392849862575531 0.04253840073943138 -0.04403800144791603
v -0.032134100794792175 0.04742699861526489 -0.040225300937891006
v -0.04050159826874733 0.03393369913101196 -0.04591419920325279
v -0.03842800110578537 0.0368754006922245 -0.04542560130357742
v -0.04136250168085098 0.03630160167813301 -0.04325899854302406
v -0.046116601675748825 0.032544199377298355 -0.04140210151672363
v -0.04336870089173317 0.03328470140695572 -0.04371820017695427
v -0.04417340084910393 0.035605501383543015 -0.04099949821829796
v -0.04685939848423004 0.03478049859404564 -0.038658998906612396
v -0.029961399734020233 0.04051769897341728 -0.04858630150556564
v -0.030778100714087486 0.04293740168213844 -0.045924801379442215
v -0.033152200281620026 0.04017360135912895 -0.04676549881696701
v -0.03443939983844757 0.03488260135054588 -0.04997130110859871
v -0.03224460035562515 0.03775189816951752 -0.049346499145030975
v -0.03539330139756203 0.03735100105404854 -0.0474575012922287
v -0.03752230107784271 0.0344557985663414 -0.048009101301431656
v -0.02507380023598671 0.04571269825100899 -0.04670820012688637
v -0.028331000357866287 0.04553849995136261 -0.04498450085520744
v -0.02755589969456196 0.04317519813776016 -0.0477134995162487
v -0.02629769966006279 0.05002389848232269 -0.04130430147051811
v -0.028943000361323357 0.04769590124487877 -0.04227770119905472
v -0.025718100368976593 0.04792860150337219 -0.044061701744794846
v -0.029526999220252037 0.04982740059494972 -0.039311401546001434
v -0.02337229996919632 0.0407508984208107 -0.05189510062336922
v -0.02425679937005043 0.04329190030694008 -0.04937019944190979
v -0.026704000309109688 0.04069079831242561 -0.05031060054898262
v -0.028127800673246384 0.035380199551582336 -0.053451601415872574
v -0.025785500183701515 0.03811800107359886 -0.05274590104818344
v -0.029084300622344017 0.03800079971551895 -0.0510886013507843
v -0.03132529929280281 0.035178299993276596 -0.051780398935079575
v -0.01834929920732975 0.04570620134472847 -0.049741800874471664
v -0.021741699427366257 0.04577299952507019 -0.04829210042953491
v -0.020889800041913986 0.0432887002825737 -0.05088910087943077
v -0.01989560015499592 0.050262000411748886 -0.044473499059677124
v -0.02251490019261837 0.04805169999599457 -0.04565199837088585
v -0.019147299230098724 0.048046499490737915 -0.047168899327516556
v -0.02312679961323738 0.050208400934934616 -0.04294490069150925
v -0.01655299961566925 0.04044089838862419 -0.05468570068478584
v -0.017475899308919907 0.043134599924087524 -0.05228770151734352
v -0.019990399479866028 0.040652401745319366 -0.053364500403404236
v -0.021469399333000183 0.03554860129952431 -0.05635039880871773
v -0.01903590001165867 0.03804419934749603 -0.055590201169252396
v -0.022449800744652748 0.03819900006055832 -0.05419259890913963
v -0.024832099676132202 0.035512201488018036 -0.0549749992787838
v -0.01141349971294403 0.045218098908662796 -0.05220210179686546
v -0.014902000315487385 0.04552540183067322 -0.05104279890656471
v -0.014003000222146511 0.04289019852876663 -0.0535195991396904
v -0.013267500326037407 0.049781400710344315 -0.04738970100879669
v -0.01582770049571991 0.04780229926109314 -0.04862530156970024
v -0.012355400249361992 0.04755730181932449 -0.04985630139708519
v -0.016603900119662285 0.05008900165557861 -0.04599349945783615
v -0.009519839659333229 0.03977939859032631 -0.056806400418281555
v -0.01048120018094778 0.04255779832601547 -0.054579999297857285
v -0.013054599985480309 0.04016600176692009 -0.05582360178232193
v -0.014671600423753262 0.035408299416303635 -0.058574698865413666
v -0.012110799551010132 0.03764069825410843 -0.057762499898672104
v -0.015629800036549568 0.03796720132231712 -0.056693900376558304
v -0.018094100058078766 0.035524800419807434 -0.05753770098090172
v -0.004346789792180061 0.0442546010017395 -0.0540614016354084
v -0.00789107009768486 0.04479850083589554 -0.05320550128817558
v -0.006942939944565296 0.042075399309396744 -0.05551090091466904
v -0.006237870082259178 0.04886090010404587 -0.049736298620700836
v -0.008836070075631142 0.04709500074386597 -0.05102929845452309
v -0.005298209842294455 0.04660949856042862 -0.051956500858068466
v -0.009766570292413235 0.049391500651836395 -0.04863230139017105
v -0.0026311399415135384 0.038815900683403015 -0.05819280073046684
v -0.0034933900460600853 0.04158790037035942 -0.05619819834828377
v -0.006083299871534109 0.03934819996356964 -0.057573601603507996
v -0.0080280601978302 0.034681301563978195 -0.060272399336099625
v -0.005336489994078875 0.036795999854803085 -0.05930909886956215
v -0.008782969787716866 0.03726860135793686 -0.058599598705768585
v -0.011363600380718708 0.03508739918470383 -0.059495799243450165
v 0.002768859965726733 0.04282810166478157 -0.05530000105500221
v -0.0007900589844211936 0.04360169917345047 -0.05475639924407005
v 6.8954803282395e-05 0.04087790101766586 -0.056824199855327606
v 0.0008890319732017815 0.04804430156946182 -0.05090149864554405
v -0.0017311699921265244 0.046210501343011856 -0.05255090072751045
v 0.0018312899628654122 0.04549429938197136 -0.05316869914531708
v -0.002678029937669635 0.048517998307943344 -0.05038680136203766
v 0.004209259990602732 0.03736969828605652 -0.05904050171375275
v 0.003493149997666478 0.04014590010046959 -0.057237301021814346
v 0.0007900599739514291 0.038141101598739624 -0.05869099870324135
v -0.0010766000486910343 0.03320299834012985 -0.06161490082740784
v 0.0015684099635109305 0.03533320128917694 -0.06040779873728752
v -0.0018560299649834633 0.03605140000581741 -0.05997370183467865
v -0.004558419808745384 0.03398749977350235 -0.06102510169148445
v 0.007985210046172142 0.046457599848508835 -0.05174870043992996
v 0.004443199839442968 0.047315601259469986 -0.05139540135860443
v 0.005384319927543402 0.044703301042318344 -0.053596898913383484
v 0.009818869642913342 0.04087720066308975 -0.055969998240470886
v 0.008913950063288212 0.04372579976916313 -0.053931400179862976
v 0.006302549969404936 0.04191039875149727 -0.05571170151233673
v 0.0070235999301075935 0.03917669877409935 -0.05758349969983101
v 0.0059316097758710384 0.051600899547338486 -0.04692719876766205
v 0.0034150199498981237 0.04989119991660118 -0.04898170009255409
v 0.0069679999724030495 0.04909680038690567 -0.04940599948167801
v -0.00130690005607903 0.052229199558496475 -0.04658760130405426
v -0.00020915099594276398 0.05018920078873634 -0.04879549890756607
v 0.0023154800292104483 0.05198520049452782 -0.04682059958577156
v -0.0037767800968140364 0.050603900104761124 -0.048218000680208206
v 0.015018199570477009 0.04438510164618492 -0.052003998309373856
v 0.011517499573528767 0.045483801513910294 -0.0519477017223835
v 0.01243599969893694 0.042691200971603394 -0.05406299978494644
v 0.013078000396490097 0.049824900925159454 -0.0473967008292675
v 0.010546799749135971 0.048210401087999344 -0.049643900245428085
v 0.014067700132727623 0.04717069864273071 -0.049769699573516846
v 0.009518049657344818 0.05078350007534027 -0.04722759872674942
v 0.01680690050125122 0.038342200219631195 -0.05610169842839241
v 0.015935499221086502 0.04142339900135994 -0.05413090065121651
v 0.01333170011639595 0.03966569900512695 -0.05611509829759598
v 0.011474699713289738 0.0349481999874115 -0.059556301683187485
v 0.014159600250422955 0.03669380024075508 -0.05790570005774498
v 0.010660599917173386 0.03796190023422241 -0.05783810093998909
v 0.007853779941797256 0.03621340170502663 -0.059387799352407455
v 0.020019199699163437 0.047321900725364685 -0.04753810167312622
v 0.01657159999012947 0.04864099994301796 -0.04753340035676956
v 0.017542699351906776 0.045916300266981125 -0.04983919858932495
v 0.021919099614024162 0.041590798646211624 -0.05186289921402931
v 0.020998699590563774 0.044519100338220596 -0.049770601093769073
v 0.018494799733161926 0.04304889962077141 -0.052007101476192474
v 0.01939000003039837 0.04002229869365692 -0.05405769869685173
v 0.017663000151515007 0.05245710164308548 -0.04285170137882233
v 0.015389599837362766 0.05120459944009781 -0.04518020153045654
v 0.018866999074816704 0.04995829984545708 -0.045257098972797394
v 0.010534900240600109 0.05440570041537285 -0.042767301201820374
v 0.011821200139820576 0.052180398255586624 -0.04513829946517944
v 0.014118599705398083 0.05350600183010101 -0.04286929965019226
v 0.008243010379374027 0.05306610092520714 -0.04490039870142937
v 0.02686999924480915 0.04425889998674393 -0.04710790142416954
v 0.023478500545024872 0.045856598764657974 -0.04739129915833473
v 0.02442839927971363 0.04298439994454384 -0.0495540015399456
v 0.02484549954533577 0.04983529821038246 -0.04241640120744705
v 0.02246440015733242 0.04864789918065071 -0.04504140093922615
v 0.025895599275827408 0.04711589962244034 -0.044827599078416824
v 0.021286100149154663 0.05122290179133415 -0.04269799962639809
v 0.028496799990534782 0.03846669942140579 -0.05107099935412407
v 0.027720199897885323 0.04141769930720329 -0.04915459826588631
v 0.025242500007152557 0.04008359834551811 -0.05153749883174896
v 0.023463599383831024 0.03553109988570213 -0.055560801178216934
v 0.026016099378466606 0.037050098180770874 -0.05338960140943527
v 0.022721899673342705 0.03861299902200699 -0.05378429964184761
v 0.020162299275398254 0.03698619827628136 -0.05590619891881943
v 0.031460899859666824 0.04659289866685867 -0.04170510172843933
v 0.02819260023534298 0.04828159883618355 -0.04211970046162605
v 0.029207000508904457 0.04549060016870499 -0.04446979984641075
v 0.03327289968729019 0.04098980128765106 -0.04596469923853874
v 0.032410599291324615 0.043850500136613846 -0.043894100934267044
v 0.03011219948530197 0.04268210008740425 -0.04659929871559143
v 0.03092849999666214 0.039784301072359085 -0.04858630150556564
v 0.029340000823140144 0.05177779868245125 -0.0368540994822979
v 0.027130799368023872 0.05087779834866524 -0.03969090059399605
v 0.030443100258708 0.0492543987929821 -0.039334699511528015
v 0.022564100101590157 0.05465029925107956 -0.03747269883751869
v 0.023736799135804176 0.05231330171227455 -0.03999850153923035
v 0.025988200679421425 0.0532882995903492 -0.03721519932150841
v 0.02014319971203804 0.05363279953598976 -0.040221501141786575
v 0.03579989820718765 0.048250600695610046 -0.035920001566410065
v 0.03261579945683479 0.05008459836244583 -0.03643820062279701
v 0.03367770090699196 0.0474884994328022 -0.038867201656103134
v 0.03775870054960251 0.04278780147433281 -0.04053980112075806
v 0.036830998957157135 0.04558330029249191 -0.03828369826078415
v 0.034658901393413544 0.044753801077604294 -0.0411808006465435
v 0.03556369990110397 0.04194530099630356 -0.04331060126423836
v 0.033441800624132156 0.053169701248407364 -0.030897000804543495
v 0.031434398144483566 0.05254650115966797 -0.033922500908374786
v 0.03466949984431267 0.05078149959445 -0.0334554985165596
v 0.02691829949617386 0.05639930069446564 -0.03153609856963158
v 0.024777399376034737 0.05560610070824623 -0.034554898738861084
v 0.028169099241495132 0.054165299981832504 -0.03424359858036041
v 0.030221199616789818 0.05485929921269417 -0.0312592014670372
v 0.04184279963374138 0.04420090094208717 -0.03457529842853546
v 0.038875699043273926 0.04629040136933327 -0.03529699891805649
v 0.03985600173473358 0.043554700911045074 -0.03760970011353493
v 0.03971080109477043 0.049381401389837265 -0.02974109910428524
v 0.03780819848179817 0.04888429865241051 -0.032876498997211456
v 0.04083390161395073 0.046856701374053955 -0.032203201204538345
v 0.03662769868969917 0.05134759843349457 -0.030361700803041458
v 0.04363660141825676 0.03894549980759621 -0.03845899924635887
v 0.042789898812770844 0.04162200167775154 -0.036559998989105225
v 0.040753498673439026 0.040922701358795166 -0.039553601294755936
v 0.039173901081085205 0.037093598395586014 -0.04460350051522255
v 0.03851639851927757 0.03999270126223564 -0.04262709990143776
v 0.03627140074968338 0.03909340128302574 -0.04534409940242767
v 0.0414699986577034 0.038078900426626205 -0.041596099734306335
v 0.04543570056557655 0.04505550116300583 -0.028383199125528336
v 0.042631298303604126 0.04728280007839203 -0.029101699590682983
v 0.04369720071554184 0.04468749836087227 -0.03152110055088997
v 0.046959999948740005 0.04035840183496475 -0.032649099826812744
v 0.04624810069799423 0.042753398418426514 -0.030549300834536552
v 0.04445210099220276 0.04232789948582649 -0.03365059942007065
v 0.045352499932050705 0.03969940170645714 -0.03559660166501999
v 0.043156299740076065 0.04998769983649254 -0.023211199790239334
v 0.04149169847369194 0.049754299223423004 -0.026513300836086273
v 0.04435969889163971 0.047589998692274094 -0.025834299623966217
v 0.037170398980379105 0.05395760014653206 -0.024636000394821167
v 0.03849310055375099 0.051740098744630814 -0.02722569927573204
v 0.040218401700258255 0.05204389989376068 -0.02395639941096306
v 0.035354599356651306 0.053637199103832245 -0.027804700657725334
v 0.04936710000038147 0.04455370083451271 -0.021859800443053246
v 0.04634450003504753 0.047355301678180695 -0.022575799375772476
v 0.04747200012207031 0.04487140104174614 -0.025158900767564774
v 0.04953249916434288 0.04112920165061951 -0.02747589908540249
v 0.04950449988245964 0.04288880154490471 -0.024695200845599174
v 0.0475240983068943 0.04312869906425476 -0.027953099459409714
v 0.048288099467754364 0.040779098868370056 -0.030088599771261215
v 0.04637039825320244 0.04976769909262657 -0.016521699726581573
v 0.04482639953494072 0.04994799941778183 -0.019894499331712723
v 0.047947898507118225 0.04723870009183884 -0.019222499802708626
v 0.040555499494075775 0.05410649999976158 -0.018103400245308876
v 0.041909199208021164 0.05211339890956879 -0.02068359963595867
v 0.04352419823408127 0.05201030150055885 -0.017336999997496605
v 0.038916800171136856 0.05410689860582352 -0.021399300545454025
v 0.05141080170869827 0.04519990086555481 -0.014625100418925285
v 0.04895289987325668 0.04754430055618286 -0.015593299642205238
v 0.050462301820516586 0.04494220018386841 -0.018269000574946404
v 0.05448640137910843 0.040039800107479095 -0.018111899495124817
v 0.05301389843225479 0.042672399431467056 -0.016388699412345886
v 0.05200729891657829 0.04236229881644249 -0.020016800612211227
v 0.053017400205135345 0.03895559906959534 -0.023908499628305435
v 0.051256198436021805 0.04180679842829704 -0.022912699729204178
v 0.053802598267793655 0.039535000920295715 -0.02103010006248951
v 0.051313698291778564 0.04007269814610481 -0.025711599737405777
v 0.02582719922065735 0.06333210319280624 0.0148996002972126
v 0.02264139987528324 0.06403949856758118 0.016920600086450577
v 0.022770699113607407 0.06487129628658295 0.013160999864339828
v 0.02594269998371601 0.06459719687700272 0.007360619958490133
v 0.025923699140548706 0.06406019628047943 0.011146700009703636
v 0.022828299552202225 0.06550399959087372 0.009385730139911175
v 0.022835200652480125 0.06593450158834457 0.005585039965808392
v 0.048634398728609085 0.04945119842886925 -0.009448500350117683
v 0.04756949841976166 0.04967949911952019 -0.013003500178456306
v 0.05008989945054054 0.0473892018198967 -0.012052999809384346
v 0.04310369864106178 0.05400779843330383 -0.011190799996256828
v 0.04480230063199997 0.05196340009570122 -0.013876499608159065
v 0.04593279957771301 0.051801398396492004 -0.010333999991416931
v 0.04188759997487068 0.05413220077753067 -0.014667400158941746
v 0.05353299900889397 0.04446509853005409 -0.007554910145699978
v 0.051152199506759644 0.04702109843492508 -0.008513100445270538
v 0.0525457002222538 0.04489560052752495 -0.01110559981316328
v 0.05641930177807808 0.03966879844665527 -0.011968799866735935
v 0.055047500878572464 0.04212160035967827 -0.00977454986423254
v 0.054001498967409134 0.042502399533987045 -0.013318300247192383
v 0.055511798709630966 0.03989670053124428 -0.015056399628520012
v 0.0504194013774395 0.04850329831242561 -0.0023043600376695395
v 0.04959670081734657 0.04904630035161972 -0.005884709767997265
v 0.052047401666641235 0.04654790088534355 -0.0049363900907337666
v 0.04565950110554695 0.05288869887590408 -0.004242619965225458
v 0.04720449820160866 0.05123240128159523 -0.006853919941931963
v 0.048095498234033585 0.0507550984621048 -0.003277309937402606
v 0.04444520175457001 0.05352479964494705 -0.007727759890258312
v 0.055073998868465424 0.043205101042985916 -0.00041097801295109093
v 0.052818600088357925 0.04591669887304306 -0.0013595200143754482
v 0.0543798990547657 0.04389670118689537 -0.003988550044596195
v 0.05821479856967926 0.03848379850387573 -0.005480499938130379
v 0.05672819912433624 0.040904898196458817 -0.0029500999953597784
v 0.05596249923110008 0.041540201753377914 -0.006528039928525686
v 0.05738550052046776 0.03912299871444702 -0.00873508956283331
v 0.05183330178260803 0.04679720103740692 0.004830390214920044
v 0.0511992983520031 0.04771830141544342 0.00126480998005718
v 0.05352320149540901 0.045059699565172195 0.0022125800605863333
v 0.04668720066547394 0.052069101482629776 0.00301986001431942
v 0.04862150177359581 0.050356898456811905 0.0003582499921321869
v 0.04933270066976547 0.04950590059161186 0.003930899780243635
v 0.04623759910464287 0.0525519996881485 -0.000612233008723706
v 0.056054599583148956 0.04138360172510147 0.006729539949446917
v 0.054013900458812714 0.04414759948849678 0.005787460133433342
v 0.05564279854297638 0.042354099452495575 0.0031637500505894423
v 0.0591048002243042 0.037471700459718704 0.0015795499784871936
v 0.05765489861369133 0.039479099214076996 0.004159970209002495
v 0.05716690048575401 0.040393099188804626 0.0005850769812241197
v 0.05873730033636093 0.03802790120244026 -0.0019530500285327435
v 0.052416298538446426 0.04482800140976906 0.01195759978145361
v 0.052198100835084915 0.04587699845433235 0.008405789732933044
v 0.054308101534843445 0.04316350072622299 0.009356089867651463
v 0.04805520176887512 0.04977929964661598 0.010616499930620193
v 0.050016600638628006 0.04835819825530052 0.0077346498146653175
v 0.050294000655412674 0.04735850170254707 0.0113001000136137
v 0.04744970053434372 0.05100860074162483 0.006829500198364258
v 0.056355200707912445 0.03917060047388077 0.013774899765849113
v 0.054456401616334915 0.04205390065908432 0.012883000075817108
v 0.05628339946269989 0.040333300828933716 0.010266600176692009
v 0.059473201632499695 0.035847801715135574 0.008824620395898819
v 0.05798120051622391 0.0375525988638401 0.011312900111079216
v 0.05783279985189438 0.03866180032491684 0.0077863698825240135
v 0.05937280133366585 0.036711499094963074 0.005209430120885372
v 0.0524057000875473 0.042350899428129196 0.018974900245666504
v 0.05248520150780678 0.04365120083093643 0.015488100238144398
v 0.05445380136370659 0.040815699845552444 0.01639699935913086
v 0.048305001109838486 0.04758530110120773 0.017385700717568398
v 0.05043010041117668 0.046270400285720825 0.014691900461912155
v 0.05041550099849701 0.045021798461675644 0.018201999366283417
v 0.04824259877204895 0.048745401203632355 0.014019300229847431
v 0.05599439889192581 0.03670179843902588 0.02043529972434044
v 0.05426499992609024 0.039573799818754196 0.019728699699044228
v 0.056247398257255554 0.03798529878258705 0.017127199098467827
v 0.059424299746751785 0.03365590050816536 0.015363600105047226
v 0.05777829885482788 0.03522089868783951 0.017920799553394318
v 0.0579524002969265 0.036452699452638626 0.014585000462830067
v 0.05952100083231926 0.034794099628925323 0.012108800001442432
v 0.0517708994448185 0.0394602008163929 0.0257422998547554
v 0.052160900086164474 0.04096259921789169 0.02238979935646057
v 0.05395650118589401 0.038133200258016586 0.023120500147342682
v 0.047731198370456696 0.04521220177412033 0.02403300069272518
v 0.05013959854841232 0.04384379833936691 0.021534500643610954
v 0.04981759935617447 0.042392801493406296 0.024921000003814697
v 0.04807969927787781 0.04645819962024689 0.020735900849103928
v 0.04836849868297577 0.03494010120630264 -0.03660169988870621
v 0.04772140085697174 0.03769439831376076 -0.0346670001745224
v 0.04605180025100708 0.036982301622629166 -0.03757049888372421
v 0.05148860067129135 0.036874301731586456 -0.029819799587130547
v 0.04927539825439453 0.03865639865398407 -0.03126690164208412
v 0.05000440031290054 0.03596179932355881 -0.03326119855046272
v 0.05054590106010437 0.03902899846434593 -0.02866790071129799
v 0.06058900058269501 0.03355620056390762 -0.01014649961143732
v 0.05948039889335632 0.036067601293325424 -0.00782380998134613
v 0.058591000735759735 0.03666689991950989 -0.011074099689722061
v 0.05848890170454979 0.035382699221372604 -0.01507010031491518
v 0.05958760157227516 0.03449760004878044 -0.012618600390851498
v 0.057501498609781265 0.03755670040845871 -0.013530599884688854
v 0.05655549839138985 0.03775649890303612 -0.016610899940133095
v 0.055818699300289154 0.032776299864053726 0.02664550021290779
v 0.05387990176677704 0.03617540001869202 0.026235399767756462
v 0.05598369985818863 0.034786999225616455 0.023572899401187897
v 0.058805398643016815 0.03186099976301193 0.020659100264310837
v 0.057378798723220825 0.032356299459934235 0.02367990091443062
v 0.05744589865207672 0.03430889919400215 0.020563699305057526
v 0.059162601828575134 0.032784901559352875 0.018025899305939674
v 0.04682280123233795 0.04204820096492767 0.030652500689029694
v 0.04734310135245323 0.04369119927287102 0.02738099917769432
v 0.04936650022864342 0.040811799466609955 0.028237299993634224
v 0.05057999864220619 0.03623579815030098 0.03207229822874069
v 0.04876349866390228 0.03919190168380737 0.03140240162611008
v 0.05124330148100853 0.03789820149540901 0.028945699334144592
v 0.053293101489543915 0.03456680104136467 0.029410600662231445
v 0.04258880019187927 0.04750009998679161 0.028808599337935448
v 0.04522290080785751 0.04642070084810257 0.02645760029554367
v 0.04476410150527954 0.04483259841799736 0.029769299551844597
v 0.04320620000362396 0.05034279823303223 0.022334499284625053
v 0.045526400208473206 0.04783819988369942 0.023213200271129608
v 0.042952701449394226 0.04898440092802048 0.025604499503970146
v 0.0458236001431942 0.04903680086135864 0.019889600574970245
v 0.045267000794410706 0.03860510140657425 0.03688560053706169
v 0.046107400208711624 0.040381401777267456 0.03381489962339401
v 0.04799339920282364 0.03747500106692314 0.034529201686382294
v 0.04115629941225052 0.04446370154619217 0.03505900129675865
v 0.044054098427295685 0.043319400399923325 0.032903898507356644
v 0.04327189922332764 0.041592299938201904 0.036022499203681946
v 0.04192639887332916 0.0460411012172699 0.031974900513887405
v 0.025435900315642357 0.06129489839076996 0.022269900888204575
v 0.022445300593972206 0.06301890313625336 0.020611200481653214
v 0.025669999420642853 0.06240690127015114 0.01861260086297989
v 0.01801469922065735 0.06307470053434372 0.02443470060825348
v 0.015374899841845036 0.06408680230379105 0.023590100929141045
v 0.018717700615525246 0.06387130171060562 0.021681999787688255
v 0.02176019921898842 0.06228490173816681 0.023389900103211403
v 0.04950270056724548 0.031451500952243805 0.03821370005607605
v 0.04747080057859421 0.03509179875254631 0.037617698311805725
v 0.05012039840221405 0.033897098153829575 0.03519849851727486
v 0.05365689843893051 0.03088200092315674 0.03266860172152519
v 0.0516434982419014 0.031205300241708755 0.03548489883542061
v 0.05216969922184944 0.033591900020837784 0.03240229934453964
v 0.05480010062456131 0.031865399330854416 0.029690800234675407
v 0.03946429863572121 0.04054880142211914 0.04121119901537895
v 0.04036809876561165 0.04256720095872879 0.03818979859352112
v 0.04242650046944618 0.039633698761463165 0.03910449892282486
v 0.04338730126619339 0.03437479957938194 0.04284759983420372
v 0.04148529842495918 0.03751559928059578 0.0420898012816906
v 0.0443916991353035 0.0365431010723114 0.03992459923028946
v 0.046525098383426666 0.03296989947557449 0.040600501000881195
v 0.03502479940652847 0.046322401612997055 0.03908320143818855
v 0.03814629837870598 0.045459501445293427 0.03712540119886398
v 0.037299398332834244 0.043499499559402466 0.04020629823207855
v 0.03651830181479454 0.04996370151638985 0.03271149843931198
v 0.03889419883489609 0.04728280007839203 0.03393489867448807
v 0.035822898149490356 0.04821209982037544 0.035948801785707474
v 0.03961240127682686 0.048804398626089096 0.0308058001101017
v 0.03731349855661392 0.03619689866900444 0.04687739908695221
v 0.03844349831342697 0.03842740133404732 0.04410700127482414
v 0.040408600121736526 0.035336799919605255 0.0449271984398365
v 0.03313950076699257 0.04216879978775978 0.04498400166630745
v 0.03635469824075699 0.0414188988506794 0.04316030070185661
v 0.0352776013314724 0.03923960030078888 0.045997198671102524
v 0.034130699932575226 0.04430849850177765 0.04209339991211891
v 0.062307801097631454 0.031576499342918396 0.0045457398518919945
v 0.06095990166068077 0.03375060111284256 0.006692800205200911
v 0.0607898011803627 0.03457159921526909 0.003066859906539321
v 0.061686500906944275 0.03116990067064762 0.011100100353360176
v 0.06060099974274635 0.03243729844689369 0.013241799548268318
v 0.06062930077314377 0.03353619948029518 0.009970479644834995
v 0.06206610053777695 0.031408101320266724 0.007831599563360214
v 0.030601300299167633 0.057523198425769806 -0.025585899129509926
v 0.03206679970026016 0.05542460083961487 -0.028281399980187416
v 0.033935099840164185 0.05582129955291748 -0.02514740079641342
v 0.03421869874000549 0.057923998683691025 -0.019336199387907982
v 0.032453298568725586 0.05780079960823059 -0.022491099312901497
v 0.03574249893426895 0.05601600185036659 -0.02201559953391552
v 0.03744089975953102 0.056095801293849945 -0.018746700137853622
v -0.02582789957523346 0.030193399637937546 -0.0576305016875267
v -0.023678500205278397 0.032912399619817734 -0.0570623017847538
v -0.02701210044324398 0.032828401774168015 -0.0556114986538887
v -0.03233280032873154 0.029698200523853302 -0.054521601647138596
v -0.030269799754023552 0.03258169814944267 -0.05405709892511368
v -0.03343050181865692 0.03233340010046959 -0.05231589823961258
v -0.029119199141860008 0.02998580038547516 -0.0561508983373642
v 0.04281879961490631 0.05449400097131729 0.009846179746091366
v 0.04128490015864372 0.05651719868183136 0.0011703399941325188
v 0.04483019933104515 0.05337350070476532 0.006444119848310947
v 0.04404490068554878 0.05436579883098602 0.002097910037264228
v 0.042139798402786255 0.05562169849872589 0.0055197798646986485
v 0.045495398342609406 0.052203599363565445 0.010244499891996384
v 0.043540600687265396 0.05478909984230995 -0.001538560027256608
v -0.019241400063037872 0.0306697990745306 -0.0599093995988369
v -0.016976099461317062 0.03307709842920303 -0.05931039899587631
v -0.02037700079381466 0.03314419835805893 -0.05819140002131462
v -0.012068499810993671 0.030917899683117867 -0.06163150072097778
v -0.013382400386035442 0.03319380059838295 -0.06015880033373833
v -0.015676699578762054 0.030836699530482292 -0.06085510179400444
v -0.010056599974632263 0.03282669931650162 -0.061002299189567566
v -0.06294380128383636 0.0305905994027853 -0.0015125699574127793
v -0.06173650175333023 0.03271770104765892 -0.004261630121618509
v -0.06129809841513634 0.03379309922456741 -0.0007538209902122617
v -0.06184219941496849 0.032340601086616516 0.005443249829113483
v -0.062477000057697296 0.03150790184736252 0.001967980060726404
v -0.06074940040707588 0.03467079997062683 0.002729030093178153
v -0.060017701238393784 0.03548220172524452 0.006236820016056299
v -0.06147639825940132 0.028563300147652626 0.017458399757742882
v -0.06085219979286194 0.03122040070593357 0.014909399673342705
v -0.059662800282239914 0.03168540075421333 0.01834069937467575
v -0.05879930034279823 0.0293699000030756 0.024084199219942093
v -0.060217298567295074 0.0290048997849226 0.020798800513148308
v -0.05832060053944588 0.032088298350572586 0.02165750041604042
v -0.056843701750040054 0.03227429836988449 0.025043200701475143
v -0.06354130059480667 0.028160499408841133 -0.00833596009761095
v -0.062037598341703415 0.031502000987529755 -0.007678289897739887
v -0.06332799792289734 0.029415199533104897 -0.0049309199675917625
v -0.060688700526952744 0.032215699553489685 -0.013380300253629684
v -0.06059670075774193 0.033525500446558 -0.010201900266110897
v -0.062194399535655975 0.030226700007915497 -0.010871999897062778
v -0.059010099619627 0.03536849841475487 -0.012918099761009216
v -0.04429300129413605 0.02771420031785965 -0.04658380150794983
v -0.04245530068874359 0.030866099521517754 -0.046312298625707626
v -0.04526659846305847 0.030170399695634842 -0.0440531000494957
v -0.03850949928164482 0.028961099684238434 -0.05077660083770752
v -0.039558399468660355 0.031489498913288116 -0.04841009899973869
v -0.04145690053701401 0.02837580069899559 -0.04874569922685623
v -0.03652320057153702 0.0319644995033741 -0.05044129863381386
v -0.04962899908423424 0.026169000193476677 -0.041858598589897156
v -0.04702489823102951 0.026978300884366035 -0.04428130015730858
v -0.04793789982795715 0.029396599158644676 -0.041686899960041046
v -0.05118599906563759 0.030812999233603477 -0.036476701498031616
v -0.050475798547267914 0.02852959930896759 -0.039220601320266724
v -0.048717200756073 0.03172149881720543 -0.03899209946393967
v -0.04939649999141693 0.03391309827566147 -0.03619230166077614
v -0.03926429897546768 0.057634901255369186 0.00604403018951416
v -0.04109000042080879 0.0559736005961895 0.008863929659128189
v -0.04228460043668747 0.05552870035171509 0.005346210207790136
v -0.04178759828209877 0.05615219846367836 -0.0008581000147387385
v -0.040584199130535126 0.05697530135512352 0.002596690086647868
v -0.04354120045900345 0.05477770045399666 0.0018898999551311135
v -0.044642701745033264 0.05389399826526642 -0.001570319989696145
v -0.036462001502513885 0.05441559851169586 0.024687299504876137
v -0.03762660175561905 0.05227620154619217 0.027412399649620056
v -0.039537299424409866 0.052452199161052704 0.02419850043952465
v -0.03995060175657272 0.0544327013194561 0.018466999754309654
v -0.038256000727415085 0.05449489876627922 0.021605199202895164
v -0.04127959907054901 0.052455201745033264 0.021081900224089622
v -0.04291579872369766 0.052356500178575516 0.017805399373173714
v 0.02988870069384575 0.03214870020747185 -0.054526399821043015
v 0.029232900589704514 0.035356201231479645 -0.052871301770210266
v 0.026712799444794655 0.03388649970293045 -0.05511929839849472
v 0.0346951000392437 0.03487829864025116 -0.04979709908366203
v 0.031638700515031815 0.036722101271152496 -0.05050230026245117
v 0.03233560174703598 0.03355880081653595 -0.052232299000024796
v 0.03403099998831749 0.037986498326063156 -0.047947101294994354
v 0.02473909966647625 0.029045600444078445 -0.05868839845061302
v 0.027351200580596924 0.030639000236988068 -0.05668479949235916
v 0.02413420006632805 0.03233249858021736 -0.05720270052552223
v 0.018250899389386177 0.03223330155014992 -0.059396300464868546
v 0.02152400091290474 0.03068079985678196 -0.0591219998896122
v 0.020885400474071503 0.03392789885401726 -0.05755599960684776
v 0.017551399767398834 0.03533310070633888 -0.05782319977879524
v 0.019945699721574783 0.059069398790597916 -0.031827300786972046
v 0.021286500617861748 0.056944601237773895 -0.034701600670814514
v 0.02346540056169033 0.057816799730062485 -0.0317269004881382
v 0.01516919955611229 0.05724810063838959 -0.03731689974665642
v 0.018896300345659256 0.05603709816932678 -0.03745359927415848
v 0.01758269965648651 0.058242399245500565 -0.03462180122733116
v 0.01644119992852211 0.054936498403549194 -0.040145598351955414
v 0.03223409876227379 0.06120920181274414 0.010695800185203552
v 0.029077600687742233 0.06237129867076874 0.01281839981675148
v 0.029134700074791908 0.06300319731235504 0.009042560122907162
v 0.031765300780534744 0.059888698160648346 0.017444700002670288
v 0.028835700824856758 0.06169480085372925 0.0161943007260561
v 0.03203849866986275 0.06062240153551102 0.014087299816310406
v 0.02864830009639263 0.06069299951195717 0.019890500232577324
v -0.008378010243177414 0.052793100476264954 -0.04519620165228844
v -0.010833200067281723 0.05133679881691933 -0.04633760079741478
v -0.007315529976040125 0.05087979882955551 -0.04751550033688545
v -0.015123000368475914 0.05295639857649803 -0.043207798153162
v -0.017523499205708504 0.05165090039372444 -0.043876100331544876
v -0.01420649979263544 0.05140959843993187 -0.045334599912166595
v -0.01176539994776249 0.05294160172343254 -0.04425790160894394
v -0.03542819991707802 0.04832810163497925 0.036183398216962814
v -0.03601460158824921 0.04594549909234047 0.03862589970231056
v -0.03812979906797409 0.0465908981859684 0.03571290150284767
v -0.031610600650310516 0.04657470062375069 0.04161220043897629
v -0.031439799815416336 0.04459989815950394 0.043845098465681076
v -0.03409149870276451 0.045051898807287216 0.04132910072803497
v -0.03355979919433594 0.04750850051641464 0.03894459828734398
v 0.04100609943270683 0.02982020005583763 0.048262301832437515
v 0.03921610116958618 0.033055998384952545 0.04763820022344589
v 0.04225679859519005 0.03214320167899132 0.0456199012696743
v 0.04654039815068245 0.027840500697493553 0.04425939917564392
v 0.04382989928126335 0.028867600485682487 0.04632069915533066
v 0.04502670094370842 0.031151099130511284 0.04361430183053017
v 0.048093199729919434 0.029690299183130264 0.04129809886217117
v 0.034741099923849106 0.03137210011482239 0.052046600729227066
v 0.03607949987053871 0.033833399415016174 0.049533601850271225
v 0.03792779892683029 0.030639899894595146 0.05022620037198067
v 0.030810199677944183 0.03760179877281189 0.050367001444101334
v 0.03411100059747696 0.03695259988307953 0.04869240149855614
v 0.03282349929213524 0.03453730046749115 0.05128150060772896
v 0.032020099461078644 0.0399416983127594 0.047742899507284164
v 0.030150100588798523 0.05153129994869232 0.036544401198625565
v 0.03338339924812317 0.05082239955663681 0.034678999334573746
v 0.03263520076870918 0.048998601734638214 0.037869200110435486
v 0.02849310077726841 0.047644101083278656 0.04264010116457939
v 0.02936290018260479 0.04965750128030777 0.0396478995680809
v 0.03180529922246933 0.047051798552274704 0.040921300649642944
v 0.030861299484968185 0.044971998780965805 0.04387599974870682
v 0.030976999551057816 0.02551719918847084 -0.057352401316165924
v 0.03047420084476471 0.02887210063636303 -0.05601539835333824
v 0.02789589948952198 0.027318499982357025 -0.05809919908642769
v 0.035938799381256104 0.02844489924609661 -0.05290830135345459
v 0.03295829892158508 0.030337799340486526 -0.05378999933600426
v 0.033503200858831406 0.02701760083436966 -0.05520499870181084
v 0.03536440059542656 0.03170419856905937 -0.05142179876565933
v -0.018499499186873436 0.05509459972381592 -0.03901730105280876
v -0.02245119959115982 0.052682701498270035 -0.0402550995349884
v -0.01922460086643696 0.05275249853730202 -0.041804198175668716
v -0.027448799461126328 0.054162900894880295 -0.034827399998903275
v -0.026914799585938454 0.05217380076646805 -0.038124699145555496
v -0.02303210087120533 0.05476649850606918 -0.03701550140976906
v -0.030101200565695763 0.051895998418331146 -0.03606550022959709
v 0.04024000093340874 0.05698689818382263 -0.005765470210462809
v 0.0417213998734951 0.0555633008480072 -0.008488199673593044
v 0.04300300031900406 0.05500579997897148 -0.005010250024497509
v 0.03784779831767082 0.057490698993206024 -0.01274190004914999
v 0.039249300956726074 0.05586640164256096 -0.01544139999896288
v 0.04051940143108368 0.055809300392866135 -0.011979199945926666
v 0.039098501205444336 0.0573187991976738 -0.009266600012779236
v -0.06571149826049805 0.02394220046699047 -0.002962159924209118
v -0.0647113025188446 0.02608560025691986 -0.005656479857861996
v -0.06441640108823776 0.027303999289870262 -0.0022404498886317015
v -0.06482130289077759 0.026127900928258896 0.003941100090742111
v -0.06535519659519196 0.0250691007822752 0.0004901370266452432
v -0.06396940350532532 0.028397800400853157 0.0012159199686720967
v -0.06341219693422318 0.029271399602293968 0.0046981400810182095
v 0.038286998867988586 0.024790799245238304 0.053099099546670914
v 0.03656730055809021 0.028122400864958763 0.05264950171113014
v 0.03970339894294739 0.027344699949026108 0.0507533997297287
v 0.044178400188684464 0.023163799196481705 0.04910910129547119
v 0.042652301490306854 0.026529299095273018 0.04875430092215538
v 0.045418500900268555 0.025535399094223976 0.04674509912729263
v 0.04128890112042427 0.024010000750422478 0.05117369815707207
v 0.02802089974284172 0.03258319944143295 0.05525539815425873
v 0.02945829927921295 0.035143498331308365 0.05288799852132797
v 0.031426701694726944 0.03202420100569725 0.053729098290205
v 0.03182629868388176 0.02608630061149597 0.05662669986486435
v 0.029968399554491043 0.029378699138760567 0.05602490156888962
v 0.03333260118961334 0.028771400451660156 0.05441639944911003
v 0.03510669991374016 0.025474900379776955 0.05494130030274391
v 0.02389100007712841 0.03861419856548309 0.053274400532245636
v 0.027390699833631516 0.03816390037536621 0.05189669877290726
v 0.02599399909377098 0.03565090149641037 0.054344501346349716
v 0.026541300117969513 0.043366800993680954 0.048113200813531876
v 0.028717199340462685 0.04054279997944832 0.04931129887700081
v 0.02525239996612072 0.041049398481845856 0.05076669901609421
v 0.029882200062274933 0.04282769933342934 0.04661380127072334
v -0.04756209999322891 0.021222300827503204 -0.04677030071616173
v -0.04598959907889366 0.024501299485564232 -0.0467400997877121
v -0.04866129904985428 0.023727700114250183 -0.04437429830431938
v -0.04200860112905502 0.02262520045042038 -0.051218900829553604
v -0.04320880025625229 0.025203600525856018 -0.04896710067987442
v -0.04484559968113899 0.021953200921416283 -0.04906050115823746
v -0.040313199162483215 0.02582789957523346 -0.05106630176305771
v 0.025726299732923508 0.022214800119400024 -0.06119360029697418
v 0.028390299528837204 0.023898499086499214 -0.059353601187467575
v 0.025267500430345535 0.02566549926996231 -0.06002359837293625
v 0.01936260052025318 0.025654399767518044 -0.06218469887971878
v 0.022575199604034424 0.02396720089018345 -0.06177330017089844
v 0.022080499678850174 0.027386799454689026 -0.06051789969205856
v 0.018831899389624596 0.02898249961435795 -0.06087179854512215
v -0.05263049900531769 0.019355999305844307 -0.04189720004796982
v -0.05016409978270531 0.020316600799560547 -0.04439369961619377
v -0.0512022003531456 0.022794799879193306 -0.041937198489904404
v -0.05440809950232506 0.024312099441885948 -0.03672439977526665
v -0.053593799471855164 0.021864499896764755 -0.0393655002117157
v -0.052088599652051926 0.025274600833654404 -0.03934440016746521
v -0.05286819860339165 0.027599699795246124 -0.036649901419878006
v 0.04959610104560852 0.021262500435113907 0.04458849877119064
v 0.0469513013958931 0.022243499755859375 0.04691280052065849
v 0.0481330007314682 0.02458460070192814 0.04448379948735237
v 0.050865400582551956 0.025363700464367867 0.040858201682567596
v 0.0487481988966465 0.026626799255609512 0.04259840026497841
v 0.05024290084838867 0.02844100072979927 0.039582300931215286
v 0.050272200256586075 0.023332400247454643 0.042758598923683167
v -0.06590010225772858 0.021467899903655052 -0.00981357041746378
v -0.06480760127305984 0.024847500026226044 -0.00908694975078106
v -0.06589510291814804 0.022735899314284325 -0.0063965399749577045
v -0.06329350173473358 0.025974299758672714 -0.01480759959667921
v -0.06349310278892517 0.027099700644612312 -0.0115855997428298
v -0.06468269973993301 0.02375270053744316 -0.012326999567449093
v -0.06206680089235306 0.029130499809980392 -0.014111200347542763
v -0.047491200268268585 0.02223080024123192 0.046372201293706894
v -0.04758929833769798 0.025372900068759918 0.04462600126862526
v -0.045209500938653946 0.024751700460910797 0.04736509919166565
v -0.05180620029568672 0.023179499432444572 0.04097349941730499
v -0.04974620044231415 0.025846099480986595 0.04192019999027252
v -0.04971040040254593 0.022733399644494057 0.04372720047831535
v -0.05177859961986542 0.02630149945616722 0.03907949849963188
v 0.03158840164542198 0.05472080036997795 0.030129900202155113
v 0.0340999998152256 0.052414000034332275 0.03146370127797127
v 0.0309114009141922 0.05319859832525253 0.033382598310709
v 0.037670399993658066 0.05287320166826248 0.02617960050702095
v 0.037144098430871964 0.05148740112781525 0.029485000297427177
v 0.034678999334573746 0.053874000906944275 0.028195099905133247
v 0.04019109904766083 0.050263598561286926 0.0275362990796566
v 0.025121299549937248 0.0557015985250473 0.03415039926767349
v 0.02839759923517704 0.055294398218393326 0.03218860179185867
v 0.02766989916563034 0.05368280038237572 0.035391099750995636
v 0.023432500660419464 0.05238889902830124 0.04007890075445175
v 0.02430729940533638 0.05411290004849434 0.037161100655794144
v 0.02683130092918873 0.05203760042786598 0.03836879879236221
v 0.025999100878834724 0.05008640140295029 0.04141730070114136
v 0.02092769928276539 0.033343300223350525 0.05788139998912811
v 0.022442400455474854 0.036031901836395264 0.05565999820828438
v 0.024510400369763374 0.03301199898123741 0.056651998311281204
v 0.024941999465227127 0.02708899974822998 0.059532199054956436
v 0.022968800738453865 0.030260900035500526 0.0587938018143177
v 0.02652069926261902 0.029880300164222717 0.057478900998830795
v 0.028425399214029312 0.02662630006670952 0.058163899928331375
v 0.035243600606918335 0.01928270049393177 0.05732420086860657
v 0.03358510136604309 0.0227183997631073 0.0570605993270874
v 0.036819301545619965 0.02206910029053688 0.055292800068855286
v 0.041365399956703186 0.018204299733042717 0.053455598652362823
v 0.03988020122051239 0.021526699885725975 0.05334959924221039
v 0.04282810166478157 0.020711200311779976 0.0513496994972229
v 0.038357000797986984 0.018769200891256332 0.05546579882502556
v -0.03729270026087761 0.018799299374222755 0.05617690086364746
v -0.03748369961977005 0.022223899140954018 0.05478199943900108
v -0.03465019911527634 0.0212118998169899 0.057003699243068695
v -0.04271329939365387 0.020585499703884125 0.05149570107460022
v -0.040197499096393585 0.023118099197745323 0.05243770033121109
v -0.04005879908800125 0.019719799980521202 0.053911298513412476
v -0.04282220080494881 0.02393070049583912 0.04993569850921631
v -0.026241200044751167 0.047657400369644165 0.04404729977250099
v -0.026082700118422508 0.044393401592969894 0.047422800213098526
v -0.028766600415110588 0.04516369849443436 0.04508569836616516
v -0.018928000703454018 0.04473720118403435 0.05040150135755539
v -0.022402700036764145 0.04290099814534187 0.050572898238897324
v -0.0226438008248806 0.046318501234054565 0.047348201274871826
v -0.01926719956099987 0.041832100600004196 0.05271479859948158
v 0.036848798394203186 0.021674899384379387 -0.05542889982461929
v 0.03644309937953949 0.025093799456954002 -0.05424199998378754
v 0.033958800137043 0.023628000169992447 -0.056467000395059586
v 0.03175109997391701 0.018672900274395943 -0.05952470004558563
v 0.03140589967370033 0.022124499082565308 -0.058516498655080795
v 0.02877659909427166 0.02047079987823963 -0.06043880060315132
v 0.03434529900550842 0.02020060084760189 -0.05755290016531944
v 0.04159250110387802 0.024474700912833214 -0.050705499947071075
v 0.03881780058145523 0.026495400816202164 -0.051876600831747055
v 0.03927350044250488 0.02310580015182495 -0.053138598799705505
v 0.04042530059814453 0.031077399849891663 -0.04795819893479347
v 0.03823240101337433 0.029800400137901306 -0.050499700009822845
v 0.041064001619815826 0.027813300490379333 -0.04939809814095497
v 0.0376087985932827 0.03302060067653656 -0.048941001296043396
v -0.06720980256795883 0.01940790005028248 0.002485459903255105
v -0.06654980033636093 0.02170420065522194 -0.00023866900301072747
v -0.06610489636659622 0.022798800840973854 0.003217630088329315
v -0.06770440191030502 0.01724820025265217 -0.004314130172133446
v -0.06688989698886871 0.019383400678634644 -0.007073120214045048
v -0.06679420173168182 0.020621800795197487 -0.003642850089818239
v -0.06754530221223831 0.018352000042796135 -0.0009155320003628731
v -0.06609340012073517 0.02117379941046238 0.009128640405833721
v -0.0667342022061348 0.020315999165177345 0.0058142500929534435
v -0.06554610282182693 0.02368300035595894 0.006543729919940233
v -0.06345620006322861 0.027537399902939796 0.010723999701440334
v -0.0648576021194458 0.024386700242757797 0.009938989765942097
v -0.06422050297260284 0.02686689980328083 0.007341879885643721
v -0.06273499876260757 0.029980000108480453 0.008094679564237595
v 0.02730429917573929 0.05790570005774498 0.02830900065600872
v 0.029470300301909447 0.056359000504016876 0.02924319915473461
v 0.026242099702358246 0.05686720088124275 0.03126459941267967
v 0.03235569968819618 0.057309798896312714 0.023847300559282303
v 0.03506080061197281 0.05516669899225235 0.025047600269317627
v 0.03201020136475563 0.05608230084180832 0.027020800858736038
v 0.029864899814128876 0.05767520144581795 0.026108600199222565
v 0.018129799515008926 0.05642079934477806 0.0372559018433094
v 0.02165820077061653 0.0561457984149456 0.035757001489400864
v 0.020809000357985497 0.05447759851813316 0.03871919959783554
v 0.020245300605893135 0.059702299535274506 0.030426399782299995
v 0.0227144006639719 0.057781100273132324 0.03233269974589348
v 0.019217899069190025 0.05815339833498001 0.033894699066877365
v 0.023809799924492836 0.05889049917459488 0.02941090054810047
v 0.01728530041873455 0.05458040162920952 0.04027650132775307
v 0.01994349993765354 0.05257029831409454 0.04169680178165436
v 0.022056499496102333 0.048420701175928116 0.04548560082912445
v 0.019252199679613113 0.050577398389577866 0.04439910128712654
v 0.022771699354052544 0.05046520009636879 0.04283349961042404
v 0.025307200849056244 0.0480940006673336 0.044119298458099365
v 0.014466299675405025 0.05671650171279907 0.03839230164885521
v 0.016448400914669037 0.06005670130252838 0.031978800892829895
v 0.015385599806904793 0.05840099975466728 0.03539210185408592
v 0.011691899970173836 0.05859779939055443 0.036463700234889984
v 0.02033339999616146 0.019095299765467644 -0.0642021968960762
v 0.023057999089360237 0.020680300891399384 -0.06277459859848022
v 0.019872300326824188 0.02240229956805706 -0.06327109783887863
v 0.026486799120903015 0.015604900196194649 -0.06288830190896988
v 0.026138000190258026 0.01893259957432747 -0.06211569905281067
v 0.023441100493073463 0.01737299934029579 -0.06362929940223694
v 0.029154999181628227 0.017160100862383842 -0.06128229945898056
v 0.013945800252258778 0.022327899932861328 -0.06486129760742188
v 0.017162200063467026 0.02073889970779419 -0.06461700052022934
v 0.016674399375915527 0.024020299315452576 -0.06360019743442535
v 0.012834100052714348 0.02875939942896366 -0.0625154972076416
v 0.013406399637460709 0.025575000792741776 -0.06376670300960541
v 0.016119899228215218 0.027243299409747124 -0.062433600425720215
v 0.015562900342047215 0.03053620085120201 -0.06103549897670746
v 0.02029149979352951 0.03894079849123955 0.05451489984989166
v 0.018807200714945793 0.036300498992204666 0.056820400059223175
v 0.0193875003606081 0.04398759827017784 0.05088429898023605
v 0.022999199107289314 0.043743401765823364 0.04957370087504387
v 0.021669600158929825 0.04135879874229431 0.052152398973703384
v 0.01803399994969368 0.04162599891424179 0.053310900926589966
v 0.042283400893211365 0.017621399834752083 -0.05293010175228119
v 0.04199419915676117 0.021076200529932976 -0.05188719928264618
v 0.039618898183107376 0.01967429928481579 -0.05425180122256279
v 0.03986610099673271 0.016207199543714523 -0.055208899080753326
v 0.03714489936828613 0.018236499279737473 -0.05645959824323654
v 0.03459230065345764 0.016733400523662567 -0.058509498834609985
v 0.04681039974093437 0.020227300003170967 -0.04795460030436516
v 0.04426119849085808 0.022381199523806572 -0.04939670115709305
v 0.044606201350688934 0.01894949935376644 -0.0505095012485981
v 0.04587249830365181 0.027005000039935112 -0.04545820131897926
v 0.043790899217128754 0.02577419951558113 -0.04814609885215759
v 0.04640429839491844 0.023648200556635857 -0.046769700944423676
v 0.043206799775362015 0.02908019907772541 -0.04677090048789978
v 0.04724309965968132 0.01335230004042387 -0.049897998571395874
v 0.047088298946619034 0.016811799257993698 -0.048990398645401
v 0.044822800904512405 0.015507499687373638 -0.05148240178823471
v 0.04503750056028366 0.011978499591350555 -0.052231598645448685
v 0.042558200657367706 0.01411690004169941 -0.05375419929623604
v 0.05083170160651207 0.02268099971115589 -0.042446598410606384
v 0.048416800796985626 0.024876300245523453 -0.044011201709508896
v 0.04888660088181496 0.02148289978504181 -0.04526130110025406
v 0.05123249813914299 0.01614540070295334 -0.04488379880785942
v 0.05109579861164093 0.019437400624155998 -0.04371970146894455
v 0.049078598618507385 0.018207499757409096 -0.04647339880466461
v 0.04929929971694946 0.014767300337553024 -0.047450099140405655
v 0.04971839860081673 0.029046999290585518 -0.039803799241781235
v 0.047857701778411865 0.028062500059604645 -0.042686499655246735
v 0.05033769831061363 0.02589629963040352 -0.04117650166153908
v 0.04458250105381012 0.033257998526096344 -0.04250070080161095
v 0.0452846996486187 0.030169600620865822 -0.04403509944677353
v 0.047212399542331696 0.03119339980185032 -0.041206300258636475
v 0.04256020113825798 0.032210301607847214 -0.0452893003821373
v 0.05435049906373024 0.024811800569295883 -0.03647470101714134
v 0.05210160091519356 0.0269641000777483 -0.038188498467206955
v 0.052661798894405365 0.02377830073237419 -0.03951369971036911
v 0.05524279922246933 0.01808370091021061 -0.03900270164012909
v 0.05487009882926941 0.02147649973630905 -0.037789300084114075
v 0.053108301013708115 0.02040969952940941 -0.04077930003404617
v 0.05331169813871384 0.017138399183750153 -0.04200160130858421
v -0.04502139985561371 0.016047699376940727 -0.05114239826798439
v -0.043573200702667236 0.019362399354577065 -0.051249101758003235
v -0.04635370150208473 0.01865999959409237 -0.049021799117326736
v -0.048976100981235504 0.017860999330878258 -0.046715401113033295
v -0.05151110142469406 0.01692580059170723 -0.04427329823374748
v -0.047701600939035416 0.015269500203430653 -0.0489020012319088
v -0.039267998188734055 0.017391299828886986 -0.05527719855308533
v -0.04069169983267784 0.02003449946641922 -0.053318001329898834
v -0.04220069944858551 0.01674170047044754 -0.05328049883246422
v -0.0360339991748333 0.023792000487446785 -0.05509530007839203
v -0.03907329961657524 0.02323950082063675 -0.053227901458740234
v -0.03770050033926964 0.020618699491024017 -0.055258799344301224
v -0.03732080012559891 0.026411300525069237 -0.05300559848546982
v -0.057107601314783096 0.017393099144101143 -0.03655419871211052
v -0.054942600429058075 0.018399199470877647 -0.0392782986164093
v -0.055836498737335205 0.020881999284029007 -0.03669099882245064
v -0.053942400962114334 0.01591089926660061 -0.04167810082435608
v -0.05617989972233772 0.014926999807357788 -0.039000000804662704
v -0.05858739838004112 0.02223069965839386 -0.03119800053536892
v -0.057927701622247696 0.019839400425553322 -0.03392310068011284
v -0.056573301553726196 0.023302599787712097 -0.034006599336862564
v -0.05557969957590103 0.028916500508785248 -0.031220799311995506
v -0.057162001729011536 0.025608699768781662 -0.03125220164656639
v -0.05506819859147072 0.02665030024945736 -0.03401850163936615
v -0.05345179885625839 0.02990330010652542 -0.033892400562763214
v -0.06536319851875305 0.0192572008818388 -0.016025399789214134
v -0.06441199779510498 0.022645099088549614 -0.015436599962413311
v -0.06570500135421753 0.020385300740599632 -0.012933899648487568
v -0.06673569977283478 0.016395600512623787 -0.013323799706995487
v -0.0670028030872345 0.017502399161458015 -0.010212100110948086
v -0.06788069754838943 0.015382999554276466 -0.007454770151525736
v -0.06260260194540024 0.023374399170279503 -0.02084599994122982
v -0.063018299639225 0.024701900780200958 -0.01784669980406761
v -0.06406109780073166 0.021341800689697266 -0.018458200618624687
v -0.0600849986076355 0.029761699959635735 -0.02010059915482998
v -0.06177230179309845 0.027905499562621117 -0.017477599903941154
v -0.060466401278972626 0.03102950006723404 -0.016762500628829002
v -0.061418600380420685 0.026600399985909462 -0.02049819938838482
v -0.04050099849700928 0.01421239972114563 -0.05529630184173584
v -0.04338860139250755 0.013542200438678265 -0.053235698491334915
v -0.04434660077095032 0.010271900333464146 -0.05317769944667816
v -0.046039000153541565 0.012798599898815155 -0.051152799278497696
v -0.06093540042638779 0.015512299723923206 -0.030761199072003365
v -0.05909949913620949 0.016474399715662003 -0.033702198415994644
v -0.059838999062776566 0.01889600045979023 -0.031019799411296844
v -0.05915189906954765 0.010964700020849705 -0.03578859940171242
v -0.058198198676109314 0.014195599593222141 -0.03621400147676468
v -0.06011909991502762 0.013255099765956402 -0.03331670165061951
v -0.057200100272893906 0.01170790009200573 -0.03861450031399727
v -0.05941079929471016 0.026606999337673187 -0.025737600401043892
v -0.05907389894127846 0.024449899792671204 -0.02850390039384365
v -0.05756879970431328 0.02779730036854744 -0.02851559966802597
v -0.06194259971380234 0.01968419924378395 -0.02599330060184002
v -0.06033400073647499 0.020981499925255775 -0.028628399595618248
v -0.06076110154390335 0.023177800700068474 -0.025901399552822113
v -0.06150360032916069 0.017616700381040573 -0.028407100588083267
v 0.017985399812459946 0.027720799669623375 0.06170960143208504
v 0.0194838996976614 0.030574999749660492 0.059879500418901443
v 0.021493099629878998 0.02744239941239357 0.06070389971137047
v 0.017316799610853195 0.03363820165395737 0.058894798159599304
v 0.015845000743865967 0.030825600028038025 0.06081710010766983
v 0.021588999778032303 0.021299300715327263 0.06308930367231369
v 0.01981559954583645 0.024545200169086456 0.06248899921774864
v 0.023299600929021835 0.02422969974577427 0.061400700360536575
v 0.028600700199604034 0.020594200119376183 0.060480400919914246
v 0.0251311007887125 0.020976999774575233 0.06187399849295616
v 0.026809999719262123 0.023876000195741653 0.060092899948358536
v 0.030256299301981926 0.023373300209641457 0.05863650143146515
v -0.03143630176782608 0.016994500532746315 0.06019090116024017
v -0.03171459957957268 0.020306099206209183 0.059007201343774796
v -0.02870590053498745 0.019123699516057968 0.06091190129518509
v -0.02534409984946251 0.014504100196063519 0.06361839920282364
v -0.02843019925057888 0.015771500766277313 0.061991799622774124
v -0.025655800476670265 0.017876699566841125 0.06262750178575516
v -0.02249480038881302 0.016596199944615364 0.06417589634656906
v -0.06598970293998718 0.015893500298261642 -0.017110200598835945
v -0.0643640011548996 0.01711440086364746 -0.021549299359321594
v -0.06492339819669724 0.01820250041782856 -0.018804600462317467
v -0.06546559929847717 0.014815299771726131 -0.019868500530719757
v -0.06355269998311996 0.020266499370336533 -0.021220799535512924
v 0.015514000318944454 0.017008600756525993 -0.06610610336065292
v 0.017937999218702316 0.018066300079226494 -0.06520610302686691
v 0.014742099680006504 0.019684499129652977 -0.0655376985669136
v 0.023692699149250984 0.013921200297772884 -0.06438049674034119
v 0.020611200481653214 0.015668099746108055 -0.06503599882125854
v 0.018199199810624123 0.014624100178480148 -0.06599190086126328
v 0.007192370016127825 0.024948300793766975 -0.06500650197267532
v 0.010583199560642242 0.02366979978978634 -0.06502100080251694
v 0.010026699863374233 0.026889899745583534 -0.06384669989347458
v 0.0089096799492836 0.017635799944400787 -0.06715349853038788
v 0.011443099938333035 0.020008699968457222 -0.06609620153903961
v 0.00806359015405178 0.02132529951632023 -0.06618320196866989
v 0.01222589984536171 0.017342200502753258 -0.0667065978050232
v 0.03228519856929779 0.06201009824872017 0.0035232400987297297
v 0.032302599400281906 0.06169170141220093 0.007118979934602976
v 0.029159899801015854 0.06340339779853821 0.005450509954243898
v 0.02944350056350231 0.06348879635334015 0.001502539962530136
v 0.026271000504493713 0.06479279696941376 0.0034245001152157784
v 0.03758839890360832 0.05868009850382805 0.00661490997299552
v 0.0349574014544487 0.060023900121450424 0.00866680033504963
v 0.034980300813913345 0.06042030081152916 0.005075389984995127
v 0.037779301404953 0.05727409943938255 0.013870899565517902
v 0.035057101398706436 0.0593268983066082 0.012300999835133553
v 0.037736501544713974 0.05805810168385506 0.010257200337946415
v 0.034821901470422745 0.058664899319410324 0.01568010076880455
v 0.03645620122551918 0.05975620076060295 -0.0003797409881372005
v 0.037070900201797485 0.0592959001660347 0.003121680114418268
v 0.03440380096435547 0.060941800475120544 0.0015732599422335625
v 0.03191469982266426 0.06225360184907913 -0.002438090043142438
v 0.03212929889559746 0.06218849867582321 0.000543070025742054
v 0.029244400560855865 0.0635811984539032 -0.0014817999908700585
v 0.03421260043978691 0.06105329841375351 -0.0014100299449637532
v 0.03758170083165169 0.05549950152635574 0.020184699445962906
v 0.03766719996929169 0.05424559861421585 0.02320759929716587
v 0.03500799834728241 0.05646809935569763 0.022040799260139465
v 0.04049190133810043 0.051676299422979355 0.024289200082421303
v 0.04045889899134636 0.05300619825720787 0.021293800324201584
v 0.006083319894969463 0.03135089948773384 -0.062290601432323456
v 0.006646260153502226 0.028185300529003143 -0.0637291967868805
v 0.009471390396356583 0.030095299705863 -0.062486499547958374
v 0.008790110237896442 0.0331914983689785 -0.06100049987435341
v 0.01216960046440363 0.03189359977841377 -0.06111219897866249
v 0.014883100055158138 0.03363649919629097 -0.05955730006098747
v 0.0014586900360882282 0.02093289978802204 -0.06678090244531631
v 0.005193009972572327 0.019317099824547768 -0.06708119809627533
v 0.004331300035119057 0.022971199825406075 -0.06598149985074997
v 0.0005416169879026711 0.02729880064725876 -0.0644553005695343
v 0.0010013499995693564 0.024144699797034264 -0.06569650024175644
v 0.0038719400763511658 0.026156999170780182 -0.06481370329856873
v 0.0033168599475175142 0.02936369925737381 -0.06345680356025696
v 0.024206899106502533 0.06039870157837868 -0.025807399302721024
v 0.02210799977183342 0.05981979891657829 -0.028858700767159462
v 0.025599300861358643 0.05848290026187897 -0.02871290035545826
v 0.02743859961628914 0.05903510004281998 -0.025729000568389893
v 0.02879670076072216 0.05703439936041832 -0.028597699478268623
v 0.01706559956073761 0.06273909658193588 -0.02593410015106201
v 0.018532399088144302 0.060992199927568436 -0.028922399505972862
v 0.020666100084781647 0.061657801270484924 -0.025908099487423897
v 0.012677700258791447 0.061048101633787155 -0.03181840106844902
v 0.016335399821400642 0.060145799070596695 -0.03186900168657303
v 0.014893299899995327 0.061983298510313034 -0.028918100520968437
v 0.013941599987447262 0.05922500044107437 -0.03461259976029396
v 0.021527599543333054 0.06356699764728546 -0.01989459991455078
v 0.01932469941675663 0.06324519962072372 -0.022947799414396286
v 0.02289769984781742 0.06206560134887695 -0.02288150042295456
v 0.02827100083231926 0.061003901064395905 -0.019474800676107407
v 0.02493249997496605 0.06236860156059265 -0.019711000844836235
v 0.026277199387550354 0.0607898011803627 -0.02267410047352314
v 0.029477499425411224 0.059346698224544525 -0.022562000900506973
v 0.009763729758560658 0.06430009752511978 -0.02588759921491146
v 0.011236299760639668 0.06276100128889084 -0.0288929995149374
v 0.01343380007892847 0.06361009925603867 -0.025947799906134605
v 0.014641599729657173 0.0652759000658989 -0.020607899874448776
v 0.015870099887251854 0.06407400220632553 -0.023295199498534203
v 0.018108099699020386 0.0645051971077919 -0.02027750015258789
v 0.012219100259244442 0.06487510353326797 -0.02327900007367134
v 0.00523483008146286 0.06230819970369339 -0.03146880120038986
v 0.008969370275735855 0.06176820024847984 -0.03168980032205582
v 0.007509950082749128 0.06339419633150101 -0.02871900051832199
v 0.008062279783189297 0.0585143007338047 -0.03756430000066757
v 0.01038610003888607 0.059873998165130615 -0.03474520146846771
v 0.006658679805696011 0.06050319969654083 -0.03456909954547882
v 0.011631200090050697 0.05795840173959732 -0.0374905988574028
v 0.02573380060493946 0.06364639848470688 -0.013671400025486946
v 0.023664800450205803 0.06369850039482117 -0.016807200387120247
v 0.027034899219870567 0.062400199472904205 -0.016593100503087044
v 0.02018989995121956 0.06483259797096252 -0.017002899199724197
v 0.022299300879240036 0.06488309800624847 -0.013889900408685207
v 0.016748599708080292 0.06571079790592194 -0.01736599951982498
v 0.032034799456596375 0.06088370084762573 -0.012920999899506569
v 0.028919700533151627 0.062341198325157166 -0.013312499970197678
v 0.03019689954817295 0.061032798141241074 -0.016221599653363228
v 0.03317299857735634 0.05948689952492714 -0.016151100397109985
v 0.031280700117349625 0.059532199054956436 -0.019427800551056862
v 0.028735900297760963 0.06348419934511185 -0.006633630022406578
v 0.027275599539279938 0.06366050243377686 -0.010167700238525867
v 0.030429799109697342 0.06227479875087738 -0.009791599586606026
v 0.02456830069422722 0.06461820006370544 -0.010994999669492245
v 0.02606930024921894 0.06453339755535126 -0.0074722799472510815
v 0.03463279828429222 0.06045129895210266 -0.006797810085117817
v 0.03171990066766739 0.062037400901317596 -0.006723269820213318
v 0.03337160125374794 0.06073639914393425 -0.009870589710772038
v 0.03629070147871971 0.059053100645542145 -0.00978344026952982
v 0.03498179838061333 0.059255801141262054 -0.01284630037844181
v 0.036085598170757294 0.05779130011796951 -0.01606230065226555
v -0.03663000091910362 0.05820479989051819 0.01305530034005642
v -0.03977129980921745 0.05625930055975914 0.012374700047075748
v -0.038001898676157 0.05800339952111244 0.009563440456986427
v -0.04143200069665909 0.054367899894714355 0.01508370041847229
v -0.038343701511621475 0.05639730021357536 0.015783099457621574
v -0.032850999385118484 0.06137369945645332 0.007354080211371183
v -0.034790899604558945 0.05987609922885895 0.01021950040012598
v -0.03610999882221222 0.05959070101380348 0.006708790082484484
v -0.03594829887151718 0.060063399374485016 0.0003339909890200943
v -0.0344529002904892 0.06081259995698929 0.003849989967420697
v -0.03765390068292618 0.05892359837889671 0.0031930399127304554
v -0.038918398320674896 0.058183200657367706 -0.0002623950131237507
v -0.029999999329447746 0.06159580126404762 0.01435100007802248
v -0.0333636999130249 0.05998779833316803 0.013723200187087059
v -0.03147140145301819 0.061574600636959076 0.01086840033531189
v -0.03360069915652275 0.0581246018409729 0.01981230080127716
v -0.03516459837555885 0.058246299624443054 0.01645679958164692
v -0.03184489905834198 0.05994410067796707 0.017105599865317345
v -0.03682810068130493 0.05635889992117882 0.01916689984500408
v -0.029775399714708328 0.06332969665527344 0.0016671499470248818
v -0.031349699944257736 0.062424398958683014 0.004515879787504673
v -0.03290430083870888 0.06177619844675064 0.0010018600150942802
v -0.026013299822807312 0.06442149728536606 0.008554070256650448
v -0.028047800064086914 0.06310129910707474 0.011469399556517601
v -0.02947540022432804 0.06299009919166565 0.007965760305523872
v -0.027939099818468094 0.06397809833288193 0.0051188101060688496
v -0.03818510100245476 0.05828870087862015 -0.006657449994236231
v -0.03712080046534538 0.05926230177283287 -0.003166340058669448
v -0.04003870114684105 0.0572953000664711 -0.003762689884752035
v -0.03233079984784126 0.06187929958105087 -0.005067090038210154
v -0.03417930006980896 0.06104230135679245 -0.0023692999966442585
v -0.03530279919505119 0.06016030162572861 -0.005869709886610508
v -0.031096000224351883 0.06269089877605438 -0.0017023100517690182
v -0.022981399670243263 0.0642717033624649 0.015524200163781643
v -0.02652980014681816 0.0630268007516861 0.014959700405597687
v -0.024533599615097046 0.06444170325994492 0.012056900188326836
v -0.026832500472664833 0.0610538013279438 0.02127089910209179
v -0.028458600863814354 0.06141610071063042 0.01783750019967556
v -0.0249439999461174 0.0627560019493103 0.018424900248646736
v -0.030260300263762474 0.059675298631191254 0.020571300759911537
v -0.018824100494384766 0.066731296479702 0.009622519835829735
v -0.02093379944562912 0.06559889763593674 0.012592099606990814
v -0.0224520992487669 0.06567390263080597 0.009101809933781624
v -0.022938000038266182 0.06609279662370682 0.0023649600334465504
v -0.02091839909553528 0.06653089821338654 0.006004480179399252
v -0.024507300928235054 0.06534150242805481 0.005466570146381855
v -0.026393599808216095 0.06480199843645096 0.0020188901107758284
v -0.01974719949066639 0.06329719722270966 0.022439099848270416
v -0.023323599249124527 0.06226550042629242 0.02188660018146038
v -0.02139659970998764 0.06388109922409058 0.019010400399565697
v -0.015646599233150482 0.06618820130825043 0.016562100499868393
v -0.019342899322509766 0.06532759964466095 0.016067199409008026
v -0.017261099070310593 0.06655920296907425 0.013111899606883526
v -0.017723899334669113 0.06484159827232361 0.01953040063381195
v -0.023352699354290962 0.05976229906082153 0.027984200045466423
v -0.02513040043413639 0.06049890071153641 0.02466459944844246
v -0.021580999717116356 0.061618201434612274 0.025247899815440178
v -0.030541999265551567 0.057402998208999634 0.025924500077962875
v -0.02872299961745739 0.0593021996319294 0.02362710051238537
v -0.026989800855517387 0.058674801141023636 0.02699670009315014
v -0.032110098749399185 0.05783350020647049 0.022895999252796173
v -0.056150201708078384 0.033210501074790955 -0.025381499901413918
v -0.05786079913377762 0.029950400814414024 -0.025595100596547127
v -0.055940400809049606 0.03110549971461296 -0.02833940088748932
v -0.05419659987092018 0.03423450142145157 -0.028119800612330437
v -0.053913701325654984 0.03208639845252037 -0.031044699251651764
v -0.051715098321437836 0.033036600798368454 -0.03367679938673973
v -0.0680399015545845 0.01458979956805706 0.007596840150654316
v -0.06771130114793777 0.01702059991657734 0.005047590006142855
v -0.0671515017747879 0.01790440082550049 0.00837330985814333
v -0.06809750199317932 0.016107799485325813 0.001808849978260696
v -0.06850820034742355 0.013694800436496735 0.004367399960756302
v -0.06834930181503296 0.015027600340545177 -0.0015952599933370948
v -0.06665530055761337 0.01638839952647686 0.013729199767112732
v -0.06742119789123535 0.015506000258028507 0.010674700140953064
v -0.0664495974779129 0.018802400678396225 0.01144190039485693
v -0.0644683986902237 0.02230050042271614 0.015700599178671837
v -0.06535950303077698 0.021763300523161888 0.012429599650204182
v -0.06404930353164673 0.024952899664640427 0.013230299577116966
v -0.06563489884138107 0.019365999847650528 0.014731300063431263
v -0.033154699951410294 0.053024400025606155 0.03145129978656769
v -0.03596000000834465 0.05156420171260834 0.030789900571107864
v -0.03486049920320511 0.05380050092935562 0.028111400082707405
v -0.037106599658727646 0.0492250993847847 0.033166199922561646
v -0.034334901720285416 0.050740499049425125 0.03386019915342331
v 0.002300889929756522 0.06486280262470245 -0.026220599189400673
v 0.003771970048546791 0.06365489959716797 -0.028876200318336487
v 0.006040969863533974 0.06467410176992416 -0.026091499254107475
v 0.00822072010487318 0.06573119759559631 -0.022623499855399132
v 0.010665600188076496 0.06623359769582748 -0.019983699545264244
v 0.004484820179641247 0.0660317987203598 -0.02279680036008358
v 0.0007091109873726964 0.059531498700380325 -0.036817099899053574
v 0.004391939844936132 0.05910690128803253 -0.03724360093474388
v 0.002976289950311184 0.06100830063223839 -0.03419249877333641
v -0.0022634200286120176 0.06272450089454651 -0.03099220059812069
v -0.0007782059838064015 0.06121069937944412 -0.033950600773096085
v 0.0014878599904477596 0.0626067966222763 -0.03127570077776909
v 1.8759999875328504e-05 0.06387220323085785 -0.028641700744628906
v 0.0032306199427694082 0.05567939952015877 -0.04230089858174324
v 0.005654220003634691 0.0571754015982151 -0.03998750075697899
v 0.001972449943423271 0.05768100172281265 -0.03961079940199852
v 0.00931049045175314 0.056532200425863266 -0.04021719843149185
v 0.0068924701772630215 0.05512019991874695 -0.042594101279973984
v 0.012871500104665756 0.05591150000691414 -0.040102798491716385
v -0.006770739797502756 0.05971959978342056 -0.03588489815592766
v -0.0030352200847119093 0.05971220135688782 -0.036403801292181015
v -0.004523229785263538 0.06130539998412132 -0.03348410129547119
v -0.00383160007186234 0.05624239891767502 -0.041498299688100815
v -0.0015633800067007542 0.057965900748968124 -0.039211101830005646
v -0.005308249965310097 0.05805850028991699 -0.03874320164322853
v -0.0003008820058312267 0.056033600121736526 -0.04195399954915047
v -0.033094100654125214 0.01845560036599636 -0.05885719880461693
v -0.03460939973592758 0.021151499822735786 -0.05705089867115021
v -0.036229200661182404 0.017947299405932426 -0.05714309960603714
v -0.034595198929309845 0.015471300110220909 -0.05885409936308861
v -0.03768780082464218 0.014939400367438793 -0.05706530064344406
v -0.02968589961528778 0.02461560070514679 -0.05841929838061333
v -0.032903701066970825 0.024235999211668968 -0.056832801550626755
v -0.03142990171909332 0.021562999114394188 -0.05871279910206795
v -0.034226201474666595 0.02677850052714348 -0.05487700179219246
v -0.03104740008711815 0.027190199121832848 -0.05653980001807213
v -0.035468898713588715 0.02936919964849949 -0.052720099687576294
v -0.026551000773906708 0.019228100776672363 -0.0618491992354393
v -0.028154799714684486 0.02195020020008087 -0.06021210178732872
v -0.029862500727176666 0.018866999074816704 -0.060433998703956604
v -0.028217999264597893 0.016033800318837166 -0.06202150136232376
v -0.03149459883570671 0.01564740017056465 -0.060524798929691315
v -0.032955601811409 0.012640300206840038 -0.06044960021972656
v -0.023153899237513542 0.025129100307822227 -0.06109359860420227
v -0.02645369991660118 0.024904200807213783 -0.05983290076255798
v -0.024882299825549126 0.022205200046300888 -0.061545100063085556
v -0.027790000662207603 0.027437200769782066 -0.058094099164009094
v -0.024519000202417374 0.027692899107933044 -0.05942999944090843
v -0.019762100651860237 0.01970520056784153 -0.06419630348682404
v -0.021485699340701103 0.022446099668741226 -0.06272590160369873
v -0.023187199607491493 0.01949240081012249 -0.06310629844665527
v -0.024518800899386406 0.016510000452399254 -0.06345269829034805
v -0.021112199872732162 0.01674319989979267 -0.06460600346326828
v -0.008215810172259808 0.06129549816250801 -0.032792601734399796
v -0.005958859808743 0.06279979646205902 -0.030342599377036095
v -0.0037296100053936243 0.06406419724225998 -0.02796190045773983
v -0.001444609952159226 0.06514409929513931 -0.025576600804924965
v -0.011211699806153774 0.05591399967670441 -0.04059460014104843
v -0.007532319985330105 0.05615760013461113 -0.041104599833488464
v -0.009004199877381325 0.05790010094642639 -0.038294900208711624
v -0.014135399833321571 0.059227701276540756 -0.034529298543930054
v -0.01269179955124855 0.057653699070215225 -0.037615999579429626
v -0.01046810019761324 0.05955930054187775 -0.03525780141353607
v -0.011903399601578712 0.0610492005944252 -0.032113898545503616
v 0.0022882199846208096 0.014035300351679325 -0.0685402974486351
v 0.005607360042631626 0.015859300270676613 -0.06794880330562592
v 0.0018759099766612053 0.017506999894976616 -0.06774940341711044
v 0.008377090096473694 0.014600199647247791 -0.06794600188732147
v 0.005062479991465807 0.012796999886631966 -0.06863389909267426
v 0.011246100068092346 0.014728999696671963 -0.06750249862670898
v 0.014544599689543247 0.014406699687242508 -0.06693950295448303
v -0.004305560141801834 0.016770899295806885 -0.06782480329275131
v -0.0010100000072270632 0.015423400327563286 -0.06827220320701599
v -0.0014253100380301476 0.018876800313591957 -0.06739170104265213
v -0.005200809799134731 0.02360530011355877 -0.06569430232048035
v -0.004759510047733784 0.020214999094605446 -0.06684839725494385
v -0.001873580040410161 0.02229909971356392 -0.0663267970085144
v -0.0023324599023908377 0.025483399629592896 -0.06515490263700485
v -0.0007668989710509777 0.012127500027418137 -0.06893719732761383
v -0.00406746007502079 0.013494700193405151 -0.06856639683246613
v 0.0026173600926995277 0.010341299697756767 -0.06918240338563919
v -0.00044116799836046994 0.008414959535002708 -0.06949099898338318
v -0.012033600360155106 0.019916700199246407 -0.06601910293102264
v -0.008184789679944515 0.01837800070643425 -0.06704670190811157
v -0.008630500175058842 0.021794600412249565 -0.0659584030508995
v -0.007284250110387802 0.014854200184345245 -0.0680169016122818
v -0.01115499995648861 0.016431700438261032 -0.06712350249290466
v -0.010595699772238731 0.025990599766373634 -0.06412660330533981
v -0.011326899752020836 0.02297860011458397 -0.06514360010623932
v -0.007905770093202591 0.02482149936258793 -0.06497219949960709
v -0.006106299813836813 0.02938859909772873 -0.06323789805173874
v -0.00835792999714613 0.02771260030567646 -0.06373509764671326
v -0.005659379996359348 0.026524199172854424 -0.06453250348567963
v -0.0027858999092131853 0.028379900380969048 -0.06392820179462433
v -0.01658260077238083 0.0253324992954731 -0.06311319768428802
v -0.014329499565064907 0.022658400237560272 -0.06466270238161087
v -0.013602100312709808 0.025685999542474747 -0.063680499792099
v -0.015720099210739136 0.015097199939191341 -0.06652030348777771
v -0.015923500061035156 0.019842900335788727 -0.06521280109882355
v -0.013890000060200691 0.017523499205708504 -0.06633249670267105
v -0.01776060089468956 0.017420299351215363 -0.06543009728193283
v -0.01819230057299137 0.02254359982907772 -0.06372459977865219
v -0.012994499877095222 0.014011500403285027 -0.06734109669923782
v -0.01989229954779148 0.025261299684643745 -0.06217849999666214
v -0.022562799975275993 0.03046949952840805 -0.05884319916367531
v -0.02122339978814125 0.02793320082128048 -0.06057479977607727
v -0.01793299987912178 0.028033899143338203 -0.061583299189805984
v -0.01764480024576187 0.06736069917678833 0.007154699880629778
v -0.019713200628757477 0.06707429885864258 0.003524739993736148
v -0.015488299541175365 0.06762369722127914 0.009335599839687347
v -0.01390680018812418 0.06739649921655655 0.012818199582397938
v -0.02648109942674637 0.0646992027759552 -0.003572040004655719
v -0.02192479930818081 0.06645499914884567 -0.0017418400384485722
v -0.02368059940636158 0.0657040998339653 -0.004712020047008991
v -0.024740900844335556 0.06547919660806656 -0.0006043050088919699
v -0.020501499995589256 0.06692720204591751 0.00066046800930053
v -0.028157100081443787 0.06408020108938217 -0.0009534219861961901
v -0.017246700823307037 0.0678177997469902 0.0018166600493714213
v -0.006112019997090101 0.054582200944423676 -0.043398499488830566
v -0.009804620407521725 0.054407600313425064 -0.042938098311424255
v 0.0009631119901314378 0.05402449890971184 -0.044502001255750656
v -0.0025724300649017096 0.05430290102958679 -0.044097401201725006
v -0.0048489198088645935 0.0525812990963459 -0.04595319926738739
v 0.05295930057764053 0.031148700043559074 -0.033542100340127945
v 0.051409900188446045 0.03013950027525425 -0.036723699420690536
v 0.05372440069913864 0.028016500174999237 -0.035053800791502
v 0.04653720185160637 0.03414430096745491 -0.03960369899868965
v 0.04910210147500038 0.03203180059790611 -0.03824850171804428
v 0.050721898674964905 0.03308219835162163 -0.03511210158467293
v 0.058476001024246216 0.02004159986972809 -0.032846398651599884
v 0.056489601731300354 0.022456999868154526 -0.03470750153064728
v 0.056935299187898636 0.019088100641965866 -0.03597249835729599
v 0.0572688989341259 0.02669060043990612 -0.030131200328469276
v 0.05588430166244507 0.025785600766539574 -0.03334740176796913
v 0.05795089900493622 0.02339779958128929 -0.031531501561403275
v 0.05518459901213646 0.02895670011639595 -0.03187739849090576
v 0.059119198471307755 0.012598799541592598 -0.03530139848589897
v 0.05889059975743294 0.016346000134944916 -0.03412780165672302
v 0.057266999036073685 0.015364300459623337 -0.03720790147781372
v 0.05706990137696266 0.012032999657094479 -0.03870689868927002
v 0.05511299893260002 0.014775799587368965 -0.040549200028181076
v 0.05309180170297623 0.01380189973860979 -0.04348289966583252
v 0.06106970086693764 0.02184559963643551 -0.026329899206757545
v 0.05924849957227707 0.024300599470734596 -0.028268299996852875
v 0.059852998703718185 0.020971599966287613 -0.02962779998779297
v 0.06196720153093338 0.015448899939656258 -0.02866009995341301
v 0.061592601239681244 0.018669700250029564 -0.027528099715709686
v 0.06029979884624481 0.01776829920709133 -0.030793199315667152
v 0.060636598616838455 0.014045500196516514 -0.032030098140239716
v 0.059575699269771576 0.028292300179600716 -0.023457899689674377
v 0.05850059911608696 0.027528300881385803 -0.0268303994089365
v 0.0604030005633831 0.025102300569415092 -0.02492699958384037
v 0.05561299994587898 0.032882001250982285 -0.02694370038807392
v 0.05651490017771721 0.029825299978256226 -0.028574800118803978
v 0.05766639858484268 0.030625399202108383 -0.02523230016231537
v 0.05436050146818161 0.0320592001080513 -0.030284300446510315
v 0.06304579973220825 0.02333270013332367 -0.019514400511980057
v 0.06139260157942772 0.025846999138593674 -0.02151479944586754
v 0.06214119866490364 0.022619500756263733 -0.02295289933681488
v 0.064240001142025 0.016930799931287766 -0.02205839939415455
v 0.0637224018573761 0.020156899467110634 -0.020812399685382843
v 0.062738798558712 0.019414199516177177 -0.02422660030424595
v 0.06318569928407669 0.016210999339818954 -0.02539229951798916
v 0.06136519834399223 0.029689399525523186 -0.01590150035917759
v 0.060566700994968414 0.029037000611424446 -0.019711099565029144
v 0.06229500100016594 0.0265491995960474 -0.01773340068757534
v 0.05730289965867996 0.03443700075149536 -0.020747900009155273
v 0.05652090162038803 0.03369709849357605 -0.02387239970266819
v 0.05851440131664276 0.031404901295900345 -0.02213129960000515
v 0.059428900480270386 0.03211449831724167 -0.01835400052368641
v 0.06586319953203201 0.018146000802516937 -0.015256499871611595
v 0.06454180181026459 0.020767400041222572 -0.017409000545740128
v 0.0651353970170021 0.01756099984049797 -0.018681500107049942
v 0.06453490257263184 0.024086499586701393 -0.012453099712729454
v 0.0638761967420578 0.023741500452160835 -0.016005199402570724
v 0.06527390331029892 0.021140500903129578 -0.013870700262486935
v 0.06303589791059494 0.026924600824713707 -0.014196599833667278
v -0.01655529998242855 0.06136329844594002 0.029333800077438354
v -0.019979799166321754 0.060641098767519 0.028696000576019287
v -0.018179800361394882 0.062428198754787445 0.025927100330591202
v -0.014606400392949581 0.06324739754199982 0.026199599727988243
v -0.01619900017976761 0.0641918033361435 0.022737599909305573
v -0.01414520014077425 0.06563620269298553 0.019794100895524025
v -0.019602999091148376 0.05771920084953308 0.03441239893436432
v -0.021510599181056023 0.058830201625823975 0.031245799735188484
v -0.01810150034725666 0.05961479991674423 0.03191240131855011
v -0.026248900219798088 0.055459000170230865 0.03369409963488579
v -0.024838600307703018 0.05769829824566841 0.030886100605130196
v -0.022955099120736122 0.05666109919548035 0.034096598625183105
v -0.028455499559640884 0.05655030161142349 0.02987230010330677
v 0.06631709635257721 0.014984799548983574 -0.016658099368214607
v 0.06550409644842148 0.014376300387084484 -0.02006319910287857
v 0.06450369954109192 0.013990799896419048 -0.023313799872994423
v 0.06337050348520279 0.013249999843537807 -0.02662000060081482
v 0.06569760292768478 0.011417499743402004 -0.02129480056464672
v 0.06683500111103058 0.019106699153780937 -0.008247540332376957
v 0.06576520204544067 0.021623000502586365 -0.010363000445067883
v 0.06643559783697128 0.01865060068666935 -0.011767299845814705
v 0.06748940050601959 0.015849700197577477 -0.009693429805338383
v 0.06700360029935837 0.015368900261819363 -0.013202699832618237
v 0.06515999883413315 0.025024600327014923 -0.005286159925162792
v 0.06493470072746277 0.024588599801063538 -0.00888155959546566
v 0.06607609987258911 0.022091900929808617 -0.006774909794330597
v 0.06318870186805725 0.028643399477005005 -0.009313889779150486
v 0.0639147013425827 0.026386799290776253 -0.010892500169575214
v 0.06422880291938782 0.02685669995844364 -0.007306220009922981
v 0.06235300004482269 0.029201999306678772 -0.012623099610209465
v 0.06708890199661255 0.019948400557041168 -0.0010689100017771125
v 0.06620430201292038 0.022513600066304207 -0.0031813799869269133
v 0.06705150008201599 0.019553599879145622 -0.004664449952542782
v 0.06798029690980911 0.016490399837493896 -0.002596379956230521
v 0.06784909963607788 0.016067899763584137 -0.0061908601783216
v 0.06839949637651443 0.012782099656760693 -0.007624269928783178
v 0.06490100175142288 0.026169000193476677 0.0017460499657317996
v 0.06511499732732773 0.025629999116063118 -0.0017723599448800087
v 0.06608159840106964 0.023088999092578888 0.00033901201095432043
v 0.06233200058341026 0.03168340027332306 -0.003299440024420619
v 0.0638376995921135 0.028394799679517746 -0.0042989798821508884
v 0.06371810287237167 0.028972400352358818 -0.0007779389852657914
v 0.06283430010080338 0.030199000611901283 -0.006314100231975317
v 0.06672029942274094 0.020268399268388748 0.006132000125944614
v 0.06590709835290909 0.0232526995241642 0.003944799769669771
v 0.06699369847774506 0.020135199651122093 0.002534919884055853
v 0.06779489666223526 0.016807999461889267 0.004619639832526445
v 0.0679837018251419 0.016648799180984497 0.001013569999486208
v 0.05832109972834587 0.008950239978730679 -0.037663500756025314
v 0.062121499329805374 0.012808900326490402 -0.029611600562930107
v 0.06070680171251297 0.011384599842131138 -0.03294060006737709
v 0.060110900551080704 0.009371629916131496 -0.03462449833750725
v 0.06426800042390823 0.026314999908208847 0.008783180266618729
v 0.06466689705848694 0.026275500655174255 0.005271330010145903
v 0.0655772015452385 0.023321200162172318 0.0074670398607850075
v 0.062417998909950256 0.031679701060056686 0.0006241300143301487
v 0.06367559731006622 0.028905099257826805 0.0031494100112468004
v 0.06336790323257446 0.02898240089416504 0.0066728899255394936
v 0.06553050130605698 0.02072729915380478 0.01327150035649538
v 0.06498710066080093 0.023553000763058662 0.011042200028896332
v 0.06621430069208145 0.02052539959549904 0.009714780375361443
v 0.0668300986289978 0.017115600407123566 0.011865600012242794
v 0.0674251988530159 0.016885599121451378 0.008289629593491554
v 0.06837379932403564 0.013388699851930141 0.006765330210328102
v 0.060823600739240646 0.03463739901781082 -0.0008614379912614822
v 0.06037810072302818 0.03514460101723671 -0.004397599957883358
v 0.061544399708509445 0.03266439959406853 -0.006732140202075243
v 0.061938799917697906 0.0311248991638422 -0.009738029912114143
v 0.05438860133290291 0.035967301577329636 -0.02546050027012825
v 0.05522890016436577 0.03674200177192688 -0.022356100380420685
v 0.05360719934105873 0.03491489961743355 -0.02841160073876381
v 0.052308499813079834 0.03795529901981354 -0.02689269930124283
v 0.052289001643657684 0.034053899347782135 -0.03172050043940544
v -0.061839498579502106 0.0307048000395298 0.011536600068211555
v -0.06254660338163376 0.028086399659514427 0.014109300449490547
v -0.061030399054288864 0.03310909867286682 0.008892489597201347
v -0.06224429979920387 0.023070700466632843 0.022212300449609756
v -0.06194470077753067 0.025852199643850327 0.019862400367856026
v -0.060607001185417175 0.02625720016658306 0.023180799558758736
v -0.0630548968911171 0.02546519972383976 0.0166011992841959
v -0.06343399733304977 0.022713400423526764 0.018979700282216072
v -0.059249501675367355 0.023744499310851097 0.028734799474477768
v -0.060827601701021194 0.023438699543476105 0.025507399812340736
v -0.059105098247528076 0.02659350074827671 0.026445599272847176
v -0.05748220160603523 0.026660000905394554 0.02974960021674633
v -0.05726189911365509 0.029479000717401505 0.02742370031774044
v -0.06235950067639351 0.017556600272655487 0.02651520073413849
v -0.06237979978322983 0.020339099690318108 0.0243941992521286
v -0.060886699706315994 0.020678499713540077 0.02766229957342148
v -0.06485749781131744 0.017111800611019135 0.02001740038394928
v -0.06362749636173248 0.020115500316023827 0.02114029973745346
v -0.06368760019540787 0.017355799674987793 0.023295199498534203
v -0.06473849713802338 0.01972920075058937 0.017879899591207504
v -0.05912889912724495 0.017908599227666855 0.03290979936718941
v -0.06082409992814064 0.01775600016117096 0.029751600697636604
v -0.05926709994673729 0.020854000002145767 0.030862899497151375
v -0.05571629852056503 0.023847199976444244 0.035028599202632904
v -0.05749810114502907 0.020905299112200737 0.03401380032300949
v -0.05755950137972832 0.023827599361538887 0.03192419931292534
v -0.055713798850774765 0.02671159990131855 0.03290079906582832
v 0.024331599473953247 0.04595540091395378 0.04686230048537254
v 0.020751699805259705 0.04627019912004471 0.048253800719976425
v 0.027553800493478775 0.045566000044345856 0.045437101274728775
v 0.016121799126267433 0.04418160021305084 0.05184660106897354
v 0.016361499205231667 0.0464387983083725 0.04975679889321327
v 0.017707500606775284 0.04868439957499504 0.047077298164367676
v 0.013061899691820145 0.046547599136829376 0.050623200833797455
v -0.00026780201005749404 0.030286099761724472 -0.06310849636793137
v 0.0025068901013582945 0.03232249990105629 -0.06204010173678398
v 0.005152910016477108 0.03440450131893158 -0.06074349954724312
v 0.022896699607372284 0.060647301375865936 0.026412900537252426
v 0.02640479989349842 0.05967869982123375 0.025322699919342995
v 0.01915550045669079 0.061470501124858856 0.02746720053255558
v 0.016885900869965553 0.061322398483753204 0.029230700805783272
v 0.015757499262690544 0.06296569854021072 0.026211200281977654
v -0.06221939995884895 0.014750899747014046 0.02848079986870289
v -0.060607198625802994 0.014928399585187435 0.031684599816799164
v -0.06487049907445908 0.014416400343179703 0.021999800577759743
v -0.06362330168485641 0.014639800414443016 0.02525380067527294
v -0.05537459999322891 0.017880000174045563 0.03890959918498993
v -0.0573250986635685 0.017917200922966003 0.035955701023340225
v -0.05561760067939758 0.020890699699521065 0.0370170995593071
v -0.05888240039348602 0.014971699565649033 0.03476659953594208
v -0.05700499936938286 0.014957900159060955 0.03777160122990608
v -0.06028660014271736 0.011969000101089478 0.033500198274850845
v -0.06582909822463989 0.016768600791692734 0.016891900449991226
v -0.06589890271425247 0.014262700453400612 0.018812399357557297
v -0.06584160029888153 0.011548499576747417 0.02077299915254116
v -0.06679409742355347 0.013899600133299828 0.01566370017826557
v -0.05365210026502609 0.020553400740027428 0.03998760133981705
v -0.053831398487091064 0.023544099181890488 0.03805069997906685
v -0.0537336990237236 0.026634499430656433 0.03610119968652725
v -0.055074501782655716 0.014845400117337704 0.04057599976658821
v -0.05140319839119911 0.01713619939982891 0.04431780055165291
v -0.05308049917221069 0.01447139959782362 0.04327860102057457
v -0.05345109850168228 0.01752850040793419 0.041662100702524185
v -0.051667798310518265 0.020182499662041664 0.04269779846072197
v 0.03984940052032471 0.03412820026278496 -0.046338800340890884
v 0.041930001229047775 0.03521930053830147 -0.043605998158454895
v 0.04416549950838089 0.036147501319646835 -0.04053109884262085
v -0.03189440071582794 0.055293500423431396 0.02872929908335209
v -0.0335410013794899 0.05597430095076561 0.025335300713777542
v -0.03507230058312416 0.056335799396038055 0.02227579988539219
v -0.029455900192260742 0.05085989832878113 0.03802129998803139
v -0.031354598701000214 0.05202389881014824 0.034790899604558945
v -0.02788810059428215 0.05322759971022606 0.035903699696063995
v -0.02974640019237995 0.054322998970746994 0.03262149915099144
v -0.032479699701070786 0.049651600420475006 0.03714539855718613
v 0.030347900465130806 0.06291580200195312 -0.004539240151643753
v 0.03329889848828316 0.06139890104532242 -0.004621440079063177
v 0.02765670046210289 0.06420490145683289 -0.0035821099299937487
v 0.03747899830341339 0.058785900473594666 -0.0062887901440262794
v 0.035585299134254456 0.060172900557518005 -0.0035929000005126
v 0.038398098200559616 0.05844759941101074 -0.0030766099225729704
v 0.04034990072250366 0.055954501032829285 0.011873500421643257
v 0.04026050120592117 0.05666710063815117 0.008242189884185791
v 0.03948500007390976 0.057669300585985184 0.0038974001072347164
v 0.03890649974346161 0.05819049850106239 0.00039566701161675155
v 0.043227601796388626 0.0527212992310524 0.015869300812482834
v 0.0405597984790802 0.05507420003414154 0.014890800230205059
v 0.04306669905781746 0.053661901503801346 0.012870700098574162
v 0.03772199898958206 0.0564487986266613 0.017046600580215454
v 0.04046479985117912 0.054190900176763535 0.018053799867630005
v 0.034727200865745544 0.057783499360084534 0.01884390041232109
v -0.05981229990720749 0.028214700520038605 -0.022943800315260887
v -0.058199699968099594 0.03153060004115105 -0.022773200646042824
v -0.061076100915670395 0.025019200518727303 -0.023318300023674965
v -0.06233710050582886 0.021551599726080894 -0.023443900048732758
v -0.058566998690366745 0.03287690132856369 -0.019723299890756607
v -0.05659180134534836 0.03460019826889038 -0.022364899516105652
v -0.05454529821872711 0.036031000316143036 -0.025031600147485733
v 0.028944699093699455 0.05940290167927742 0.023097699508070946
v 0.03209979832172394 0.058671098202466965 0.0206713005900383
v 0.015831800177693367 0.025090999901294708 0.06340190023183823
v 0.017640799283981323 0.0218810997903347 0.06410939991474152
v 0.012790299952030182 0.031411200761795044 0.061235200613737106
v 0.014958400279283524 0.028353700414299965 0.06222790107131004
v 0.024839499965310097 0.015302199870347977 0.06363049894571304
v 0.023242000490427017 0.018322600051760674 0.06343570351600647
v 0.026755699887871742 0.017972100526094437 0.06213799864053726
v 0.01797039993107319 0.016159599646925926 0.06569579988718033
v 0.01980309933423996 0.01875160075724125 0.06446869671344757
v 0.021433500573039055 0.015751900151371956 0.06474939733743668
v 0.01582450047135353 0.01930209994316101 0.06539890170097351
v 0.028406299650669098 0.014156400226056576 0.06239129975438118
v 0.030295299366116524 0.016809599474072456 0.060824599117040634
v 0.0336184985935688 0.0161506999284029 0.059236399829387665
v 0.03196769952774048 0.01996690034866333 0.058986298739910126
v 0.019466299563646317 0.013392900116741657 0.06589149683713913
v 0.022906199097633362 0.012964800000190735 0.06486310064792633
v 0.026102900505065918 0.012669799849390984 0.06370329856872559
v 0.02415050007402897 0.010319599881768227 0.06488650292158127
v -0.06875620037317276 0.01093360036611557 0.0072828298434615135
v -0.0681023970246315 0.012851400300860405 0.009844009764492512
v -0.06741029769182205 0.013751599937677383 0.012912900187075138
v -0.060680899769067764 0.010457299649715424 -0.0332937017083168
v -0.06156909838318825 0.012732299976050854 -0.03077559918165207
v -0.06263410300016403 0.013963299803435802 -0.02796429954469204
v -0.06314919888973236 0.016054900363087654 -0.0255816001445055
v -0.05832359939813614 0.008419379591941833 -0.03778190165758133
v -0.06015760079026222 0.00807105004787445 -0.034870099276304245
v -0.011341500096023083 0.028478000313043594 -0.06293150037527084
v -0.009096779860556126 0.030184399336576462 -0.06249919906258583
v -0.014345199801027775 0.02816390059888363 -0.0624581016600132
v 0.04761189967393875 0.009930729866027832 -0.050343699753284454
v 0.04535819962620735 0.008542319759726524 -0.052627600729465485
v 0.05115149915218353 0.013508600182831287 -0.045837100595235825
v 0.049153901636600494 0.012110600247979164 -0.04834489896893501
v 0.029285399243235588 0.013761799782514572 -0.062072400003671646
v 0.03192159906029701 0.01529810018837452 -0.06039020046591759
v 0.029702700674533844 0.010997200384736061 -0.062424398958683014
v 0.02693760022521019 0.012858499772846699 -0.06331679970026016
v 0.06230109930038452 0.027480600401759148 0.01622919924557209
v 0.06338270008563995 0.026939600706100464 0.012525600381195545
v 0.06402169913053513 0.024143900722265244 0.014774800278246403
v 0.06303449720144272 0.028768600896000862 0.009950660169124603
v 0.06205759942531586 0.029355399310588837 0.013678699731826782
v 0.06351400166749954 0.021304400637745857 0.020299900323152542
v 0.06299789994955063 0.02442760020494461 0.018290799111127853
v 0.06461100280284882 0.02104480005800724 0.016808800399303436
v 0.06492099910974503 0.018132900819182396 0.018880100920796394
v 0.06592249870300293 0.017841700464487076 0.015358899720013142
v 0.06005010008811951 0.02706659957766533 0.02369369938969612
v 0.06127090007066727 0.027316100895404816 0.01999250054359436
v 0.06187159940600395 0.024220600724220276 0.02202869951725006
v 0.06063219904899597 0.029709499329328537 0.01846819929778576
v 0.0594789981842041 0.029489200562238693 0.022195499390363693
v 0.06093600019812584 0.030605100095272064 0.01581539958715439
v 0.06094300001859665 0.021149499341845512 0.027178099378943443
v 0.060570698231458664 0.024137599393725395 0.025467099621891975
v 0.06231430172920227 0.02125619910657406 0.023771800100803375
v 0.06380949914455414 0.0155306002125144 0.02423110045492649
v 0.06245360150933266 0.018362699076533318 0.025736400857567787
v 0.0637412965297699 0.018440499901771545 0.022293299436569214
v 0.06506270170211792 0.015240300446748734 0.020846499130129814
v 0.05725409835577011 0.02679930068552494 0.03006269969046116
v 0.05872470140457153 0.02696629986166954 0.026911500841379166
v 0.05917989835143089 0.02400740049779415 0.028659800067543983
v 0.05802210047841072 0.029966700822114944 0.025207700207829475
v 0.05660789832472801 0.029825499281287193 0.02838990092277527
v 0.05774280056357384 0.0207591000944376 0.033687200397253036
v 0.05757170170545578 0.02380950003862381 0.03191550076007843
v 0.05942299962043762 0.020982500165700912 0.030473699793219566
v 0.060982998460531235 0.01515860017389059 0.03084309957921505
v 0.05943870171904564 0.017981799319386482 0.03230629861354828
v 0.06103980168700218 0.01817690022289753 0.029047200456261635
v 0.06247889995574951 0.01536490023136139 0.0275736004114151
v 0.0538083016872406 0.026455799117684364 0.03612139821052551
v 0.055600300431251526 0.026660699397325516 0.03313320130109787
v 0.05585239827632904 0.023639900609850883 0.034952301532030106
v 0.055507101118564606 0.02886749990284443 0.031394798308610916
v 0.05377589911222458 0.02869199961423874 0.034422699362039566
v 0.05408129841089249 0.020414799451828003 0.03947729989886284
v 0.054010700434446335 0.02346389926970005 0.03784549981355667
v 0.055979300290346146 0.020611699670553207 0.03662620112299919
v 0.05589529871940613 0.017504699528217316 0.038331400603055954
v 0.05772550031542778 0.017676200717687607 0.03543059900403023
v 0.059348899871110916 0.014872699975967407 0.03400740027427673
v 0.052379999309778214 0.0259310994297266 0.03852149844169617
v 0.05252259969711304 0.022910699248313904 0.04020540043711662
v 0.05171870067715645 0.028989100828766823 0.037213001400232315
v 0.05362740159034729 0.017243999987840652 0.041554201394319534
v 0.05190090090036392 0.020863700658082962 0.04208330065011978
v 0.05139070004224777 0.017671700567007065 0.044121500104665756
v 0.06483709812164307 0.012584400363266468 0.023190099745988846
v 0.0621194988489151 0.013028400018811226 0.029519900679588318
v 0.06354550272226334 0.013217000290751457 0.02621610090136528
v 0.060622699558734894 0.013100200332701206 0.032454200088977814
v 0.06173650175333023 0.01096269953995943 0.03111949935555458
v 0.012820200063288212 0.01944739930331707 0.06601089984178543
v 0.014990200288593769 0.016328299418091774 0.06639789789915085
v 0.01617790013551712 0.013644499704241753 0.06672409921884537
v -0.0035953500773757696 0.03132979944348335 -0.062494199723005295
v -0.007074490189552307 0.032068099826574326 -0.06181899830698967
v -0.012223499827086926 0.059266701340675354 0.03518589958548546
v -0.015936600044369698 0.05857890099287033 0.03485019877552986
v -0.014410500414669514 0.060403499752283096 0.03230720013380051
v -0.011403200216591358 0.06084759905934334 0.032673198729753494
v -0.013571100309491158 0.061896100640296936 0.029743900522589684
v -0.015675000846385956 0.05496719852089882 0.04040919989347458
v -0.017665600404143333 0.056428201496601105 0.03746720030903816
v -0.013969800435006618 0.05720119923353195 0.03785330057144165
v -0.023077700287103653 0.05291540175676346 0.039590101689100266
v -0.02137419953942299 0.05540499836206436 0.03705989941954613
v -0.019405899569392204 0.05402360111474991 0.04006069898605347
v -0.02469559945166111 0.05425820127129555 0.03669020161032677
v -0.011639099568128586 0.05577540025115013 0.040665000677108765
v -0.009908679872751236 0.05791889876127243 0.03804229944944382
v -0.00900822039693594 0.06025800108909607 0.034464798867702484
v -0.018360599875450134 0.0503849983215332 0.04499150067567825
v -0.02074979990720749 0.05172659829258919 0.042353399097919464
v -0.01703920029103756 0.05274239927530289 0.042753998190164566
v -0.015406100079417229 0.05144539847970009 0.04490010067820549
v -0.014060599729418755 0.05373379960656166 0.042602598667144775
v -0.02469570003449917 0.05036040022969246 0.041880201548337936
v -0.022341100499033928 0.049109600484371185 0.04459960013628006
v -0.02629859931766987 0.051950499415397644 0.03885269910097122
v -0.027889100834727287 0.04933030158281326 0.04109400138258934
v -0.018673600628972054 0.04763590171933174 0.04777149856090546
v -0.015877099707722664 0.049591101706027985 0.046782899647951126
v -0.01616539992392063 0.046776700764894485 0.04950369894504547
v -0.03056119941174984 0.0487620010972023 0.03985320031642914
v -0.028952399268746376 0.04715929925441742 0.042869098484516144
v -0.06844139844179153 0.012516699731349945 -0.007687820121645927
v -0.06835070252418518 0.014403199777007103 -0.004553829785436392
v 0.008327689953148365 0.058769501745700836 0.03710529953241348
v 0.055960699915885925 0.03728239983320236 -0.01945289969444275
v 0.05794699862599373 0.03494060039520264 -0.017924800515174866
v 0.059990398585796356 0.03257039934396744 -0.015502200461924076
v -0.019092200323939323 0.01443910039961338 -0.06577999889850616
v -0.014876999892294407 0.055584099143743515 -0.03986319899559021
v -0.01634090021252632 0.05724339932203293 -0.036826200783252716
v -0.013177700340747833 0.054478101432323456 -0.04193419963121414
v -0.01682559959590435 0.05407179892063141 -0.04114779829978943
v -0.021184900775551796 0.05830710008740425 -0.03242659941315651
v -0.01987309940159321 0.056789200752973557 -0.03577769920229912
v -0.017684899270534515 0.0588500015437603 -0.033525001257658005
v -0.018989399075508118 0.06018330156803131 -0.030288200825452805
v -0.015461600385606289 0.060650501400232315 -0.031344201415777206
v -0.02435549907386303 0.05632440000772476 -0.033680498600006104
v -0.02259190008044243 0.06052229925990105 -0.026956699788570404
v -0.021909000352025032 0.05947050079703331 -0.029719600453972816
v -0.01968660019338131 0.06126999855041504 -0.027539599686861038
v -0.027143800631165504 0.05740460008382797 -0.029460599645972252
v -0.027323799207806587 0.0558398999273777 -0.03217640146613121
v -0.024192199110984802 0.0579226016998291 -0.030979299917817116
v -0.024891100823879242 0.05901870131492615 -0.028235100209712982
v 0.03851519897580147 0.012696799822151661 0.05705590173602104
v 0.035252299159765244 0.012850699946284294 0.059094298630952835
v 0.03693050146102905 0.016011899337172508 0.057269200682640076
v 0.037707000970840454 0.009434820152819157 0.058216601610183716
v -0.04518450051546097 0.007255360018461943 -0.05296910181641579
v 0.04571089893579483 0.051328398287296295 0.013263099826872349
v 0.045830000191926956 0.05022310093045235 0.016650699079036713
v 0.04326929897069931 0.05159449949860573 0.01912510022521019
v -0.05889099836349487 0.03411800041794777 -0.01636499911546707
v -0.03441169857978821 0.01792149990797043 0.05826370045542717
v -0.042082399129867554 0.014108899980783463 0.054129600524902344
v -0.04245129972696304 0.017369000241160393 0.052879199385643005
v -0.03973739966750145 0.01647469960153103 0.05522250011563301
v -0.03663570061326027 0.012362999841570854 0.05835219845175743
v -0.03940989822149277 0.013252999633550644 0.05631360039114952
v -0.03700819984078407 0.015599699690937996 0.05733269825577736
v -0.034081101417541504 0.014698199927806854 0.05935009941458702
v -0.046975500881671906 0.016076000407338142 0.04934440180659294
v -0.04489380121231079 0.01835089921951294 0.050475601106882095
v -0.044586699455976486 0.015111999586224556 0.05180399864912033
v -0.04516199976205826 0.021436400711536407 0.048998698592185974
v -0.047290101647377014 0.01917639933526516 0.04791570082306862
v -0.04651309922337532 0.013503000140190125 0.05053909868001938
v -0.04406280070543289 0.012518100440502167 0.05293169990181923
v -0.04226600006222725 0.010568399913609028 0.05478949844837189
v -0.0395577996969223 0.009698860347270966 0.056930698454380035
v -0.04950470104813576 0.019706400111317635 0.04539769887924194
v -0.049247100949287415 0.016625599935650826 0.046886101365089417
v -0.05088590085506439 0.014232800342142582 0.04591349884867668
v -0.048660099506378174 0.01369940023869276 0.04842029884457588
v -0.03369170054793358 0.01167260017246008 0.06023800000548363
v -0.031080299988389015 0.013987700454890728 0.061142098158597946
v -0.03647249937057495 0.009017489850521088 0.05906299874186516
v -0.02803339995443821 0.012742199935019016 0.06286299973726273
v -0.022427599877119064 0.013325399719178677 0.06495720148086548
v -0.019544700160622597 0.015397699549794197 0.06542869657278061
v -0.02507299929857254 0.010793499648571014 0.06445810198783875
v 0.012984699569642544 0.06639169901609421 -0.017986999824643135
v 0.008984300307929516 0.06722459942102432 -0.017324600368738174
v 0.047336798161268234 0.016601599752902985 0.048822298645973206
v 0.04441880062222481 0.017429500818252563 0.05121700093150139
v 0.04581969976425171 0.019909700378775597 0.04903220012784004
v 0.048521801829338074 0.018953699618577957 0.046758800745010376
v 0.0431584008038044 0.014988799579441547 0.05303480103611946
v 0.046134501695632935 0.01418210007250309 0.05069980025291443
v 0.0399928018450737 0.015470899641513824 0.05532839894294739
v 0.04173870012164116 0.012233399786055088 0.05484730005264282
v 0.05026150122284889 0.01533809956163168 0.04624420031905174
v 0.048637598752975464 0.013930699788033962 0.04837679862976074
v 0.05147949978709221 0.01263980008661747 0.04571760073304176
v -0.01333709992468357 0.04577630013227463 0.05125090107321739
v -0.016433600336313248 0.04081479832530022 0.05444340035319328
v -0.01611820049583912 0.04377499967813492 0.0521916002035141
v -0.00999062042683363 0.0680926963686943 0.01278970018029213
v -0.011756399646401405 0.06698919832706451 0.01656010001897812
v -0.010236100293695927 0.06636379659175873 0.019775399938225746
v 0.061052899807691574 0.03166219964623451 -0.013040199875831604
v -0.016535000875592232 0.012313700281083584 -0.06689520180225372
v -0.016483400017023087 0.01391770038753748 0.06659279763698578
v 0.03698350116610527 0.03603370115160942 -0.047263000160455704
v 0.01721850037574768 0.012008000165224075 -0.06677819788455963
v -0.06539309769868851 0.012449500150978565 -0.021650800481438637
v -0.0643220990896225 0.014758899807929993 -0.023341799154877663
v -0.0632053017616272 0.01841440051794052 -0.02379079908132553
v 0.040691301226615906 0.00911002978682518 0.056224800646305084
v 0.004586420021951199 0.05370229855179787 -0.04466570168733597
v -0.05250849947333336 0.011549299582839012 0.04482709988951683
v -0.030438899993896484 0.05372089892625809 -0.03297780081629753
v -0.03299970179796219 0.05632700026035309 -0.025264300405979156
v -0.036049000918865204 0.05400079861283302 -0.026160700246691704
v -0.03321240097284317 0.05479529872536659 -0.028185399249196053
v -0.03029320016503334 0.0553566999733448 -0.03029789961874485
v -0.030112499371170998 0.05694299936294556 -0.02739959955215454
v -0.021746700629591942 0.061918698251247406 -0.024354899302124977
v -0.027828600257635117 0.062017399817705154 -0.0167153999209404
v -0.02129499986767769 0.06429249793291092 -0.017691800370812416
v -0.024390799924731255 0.06272649765014648 -0.019247600808739662
v -0.02477790042757988 0.06368210166692734 -0.015187099575996399
v -0.027643999084830284 0.05979280173778534 -0.02367749996483326
v -0.024289999157190323 0.061590999364852905 -0.022727500647306442
v -0.027774199843406677 0.060988400131464005 -0.02022409997880459
v -0.025141600519418716 0.060214098542928696 -0.02534089982509613
v -0.02725999988615513 0.06383080035448074 -0.009084369987249374
v -0.02449069917201996 0.06458369642496109 -0.011364799924194813
v -0.02408199943602085 0.06530070304870605 -0.007474630139768124
v -0.027587899938225746 0.06302359700202942 -0.012920299544930458
v -0.026892300695180893 0.06431709975004196 -0.006333330180495977
v -0.03351980075240135 0.06026899814605713 -0.012002999894320965
v -0.030719399452209473 0.06123330071568489 -0.014380400069057941
v -0.0304368007928133 0.06214569881558418 -0.01056000031530857
v -0.03296919912099838 0.06115550175309181 -0.008546429686248302
v -0.029830200597643852 0.06292840093374252 -0.0070839799009263515
v -0.029439300298690796 0.06336110085248947 -0.004324459936469793
v -0.03366079926490784 0.05830889940261841 -0.019157899543642998
v -0.030787000432610512 0.06024580076336861 -0.017961300909519196
v -0.033637598156929016 0.059372399002313614 -0.015602399595081806
v -0.0306985005736351 0.05913969874382019 -0.021449899300932884
v -0.0390952005982399 0.05640700086951256 -0.013777400366961956
v -0.0364358015358448 0.05744900181889534 -0.016493799164891243
v -0.03635310009121895 0.05841130018234253 -0.012906399555504322
v -0.0386946015059948 0.057428598403930664 -0.010231800377368927
v -0.035902198404073715 0.05936110019683838 -0.009343179874122143
v -0.03636220097541809 0.05635739862918854 -0.02004080079495907
v -0.03909020125865936 0.0554158017039299 -0.01735059916973114
v -0.0303553007543087 0.05812399834394455 -0.024497900158166885
v -0.033365700393915176 0.05737899988889694 -0.022234700620174408
v -0.036042001098394394 0.05538180097937584 -0.023104600608348846
v -0.04147300124168396 0.05532440170645714 -0.010917900130152702
v -0.04100710153579712 0.056252799928188324 -0.007350679952651262
v -0.041799601167440414 0.05425310134887695 -0.014470299705862999
v -0.0274215005338192 0.0586576983332634 -0.02659579925239086
v -0.04282069951295853 0.05519609898328781 -0.0044483100064098835
v 0.0007165140123106539 0.06586740165948868 -0.023684799671173096
v 0.04081390053033829 0.05682370066642761 -0.0023004699032753706
v 0 -0.0020000000949949026 0.07000000029802322
v 0.00708178011700511 -0.0020000000949949026 0.06964089721441269
v 0 -0.0010000000474974513 0.07000000029802322
v 0.003545440034940839 -0.0020000000949949026 0.0699101984500885
v 0.003545440034940839 -0.0010000000474974513 0.0699101984500885
v -0.00708178011700511 -0.0020000000949949026 0.06964089721441269
v -0.003545440034940839 -0.0020000000949949026 0.0699101984500885
v -0.003545440034940839 -0.0010000000474974513 0.0699101984500885
v 0.00708178011700511 -0.0010000000474974513 0.06964089721441269
v -0.00708178011700511 -0.0010000000474974513 0.06964089721441269
v 0.01409090030938387 -0.0020000000949949026 0.06856709718704224
v 0.010599900037050247 -0.0020000000949949026 0.0691927969455719
v 0.010599900037050247 -0.0010000000474974513 0.0691927969455719
v 0.02095540054142475 -0.0020000000949949026 0.06678970158100128
v 0.017545700073242188 -0.0020000000949949026 0.06776539981365204
v 0.02095540054142475 -0.0010000000474974513 0.06678970158100128
v 0.017545700073242188 -0.0010000000474974513 0.06776539981365204
v 0.01409090030938387 -0.0010000000474974513 0.06856709718704224
v 0.027604900300502777 -0.0020000000949949026 0.06432700157165527
v 0.024311399087309837 -0.0020000000949949026 0.06564260274171829
v 0.024311399087309837 -0.0010000000474974513 0.06564260274171829
v 0.03397110104560852 -0.0020000000949949026 0.061204299330711365
v 0.0308276005089283 -0.0020000000949949026 0.06284630298614502
v 0.0308276005089283 -0.0010000000474974513 0.06284630298614502
v 0.027604900300502777 -0.0010000000474974513 0.06432700157165527
v 0.03998880088329315 -0.0020000000949949026 0.057453401386737823
v 0.037027500569820404 -0.0020000000949949026 0.05940509960055351
v 0.03998880088329315 -0.0010000000474974513 0.057453401386737823
v 0.037027500569820404 -0.0010000000474974513 0.05940509960055351
v 0.03397110104560852 -0.0010000000474974513 0.061204299330711365
v 0.04559610038995743 -0.0020000000949949026 0.053113099187612534
v 0.0428473986685276 -0.0020000000949949026 0.05535430088639259
v 0.04559610038995743 -0.0010000000474974513 0.053113099187612534
v 0.0428473986685276 -0.0010000000474974513 0.05535430088639259
v 0.05073549970984459 -0.0020000000949949026 0.0482277013361454
v 0.0482277013361454 -0.0020000000949949026 0.05073549970984459
v 0.05073549970984459 -0.0010000000474974513 0.0482277013361454
v 0.0482277013361454 -0.0010000000474974513 0.05073549970984459
v 0.05535430088639259 -0.0020000000949949026 0.0428473986685276
v 0.053113099187612534 -0.0020000000949949026 0.04559610038995743
v 0.05535430088639259 -0.0010000000474974513 0.0428473986685276
v 0.053113099187612534 -0.0010000000474974513 0.04559610038995743
v 0.05940509960055351 -0.0020000000949949026 0.037027500569820404
v 0.057453401386737823 -0.0020000000949949026 0.03998880088329315
v 0.05940509960055351 -0.0010000000474974513 0.037027500569820404
v 0.057453401386737823 -0.0010000000474974513 0.03998880088329315
v 0.06284630298614502 -0.0020000000949949026 0.0308276005089283
v 0.061204299330711365 -0.0020000000949949026 0.03397110104560852
v 0.061204299330711365 -0.0010000000474974513 0.03397110104560852
v 0.06564260274171829 -0.0020000000949949026 0.024311399087309837
v 0.06432700157165527 -0.0020000000949949026 0.027604900300502777
v 0.06432700157165527 -0.0010000000474974513 0.027604900300502777
v 0.06284630298614502 -0.0010000000474974513 0.0308276005089283
v 0.06776539981365204 -0.0020000000949949026 0.017545700073242188
v 0.06678970158100128 -0.0020000000949949026 0.02095540054142475
v 0.06678970158100128 -0.0010000000474974513 0.02095540054142475
v 0.06564260274171829 -0.0010000000474974513 0.024311399087309837
v 0.0691927969455719 -0.0020000000949949026 0.010599900037050247
v 0.06776539981365204 -0.0010000000474974513 0.017545700073242188
v 0.06856709718704224 -0.0020000000949949026 0.01409090030938387
v 0.06856709718704224 -0.0010000000474974513 0.01409090030938387
v 0.0699101984500885 -0.0020000000949949026 0.003545440034940839
v 0.06964089721441269 -0.0020000000949949026 0.00708178011700511
v 0.06964089721441269 -0.0010000000474974513 0.00708178011700511
v 0.0691927969455719 -0.0010000000474974513 0.010599900037050247
v 0.0699101984500885 -0.0020000000949949026 -0.003545440034940839
v 0.07000000029802322 -0.0020000000949949026 -1.5114499585942078e-16
v 0.0699101984500885 -0.0010000000474974513 -0.003545440034940839
v 0.07000000029802322 -0.0010000000474974513 -1.5114499585942078e-16
v 0.0699101984500885 -0.0010000000474974513 0.003545440034940839
v 0.0691927969455719 -0.0020000000949949026 -0.010599900037050247
v 0.06964089721441269 -0.0020000000949949026 -0.00708178011700511
v 0.06964089721441269 -0.0010000000474974513 -0.00708178011700511
v 0.06776539981365204 -0.0020000000949949026 -0.017545700073242188
v 0.06856709718704224 -0.0020000000949949026 -0.01409090030938387
v 0.06856709718704224 -0.0010000000474974513 -0.01409090030938387
v 0.0691927969455719 -0.0010000000474974513 -0.010599900037050247
v 0.06564260274171829 -0.0020000000949949026 -0.024311399087309837
v 0.06678970158100128 -0.0020000000949949026 -0.02095540054142475
v 0.06564260274171829 -0.0010000000474974513 -0.024311399087309837
v 0.06678970158100128 -0.0010000000474974513 -0.02095540054142475
v 0.06776539981365204 -0.0010000000474974513 -0.017545700073242188
v 0.06284630298614502 -0.0020000000949949026 -0.0308276005089283
v 0.06432700157165527 -0.0020000000949949026 -0.027604900300502777
v 0.06284630298614502 -0.0010000000474974513 -0.0308276005089283
v 0.06432700157165527 -0.0010000000474974513 -0.027604900300502777
v 0.05940509960055351 -0.0020000000949949026 -0.037027500569820404
v 0.061204299330711365 -0.0020000000949949026 -0.03397110104560852
v 0.061204299330711365 -0.0010000000474974513 -0.03397110104560852
v 0.05535430088639259 -0.0020000000949949026 -0.0428473986685276
v 0.057453401386737823 -0.0020000000949949026 -0.03998880088329315
v 0.057453401386737823 -0.0010000000474974513 -0.03998880088329315
v 0.05940509960055351 -0.0010000000474974513 -0.037027500569820404
v 0.05073549970984459 -0.0020000000949949026 -0.0482277013361454
v 0.053113099187612534 -0.0020000000949949026 -0.04559610038995743
v 0.05073549970984459 -0.0010000000474974513 -0.0482277013361454
v 0.053113099187612534 -0.0010000000474974513 -0.04559610038995743
v 0.05535430088639259 -0.0010000000474974513 -0.0428473986685276
v 0.04559610038995743 -0.0020000000949949026 -0.053113099187612534
v 0.0482277013361454 -0.0020000000949949026 -0.05073549970984459
v 0.04559610038995743 -0.0010000000474974513 -0.053113099187612534
v 0.0482277013361454 -0.0010000000474974513 -0.05073549970984459
v 0.03998880088329315 -0.0020000000949949026 -0.057453401386737823
v 0.0428473986685276 -0.0020000000949949026 -0.05535430088639259
v 0.0428473986685276 -0.0010000000474974513 -0.05535430088639259
v 0.03397110104560852 -0.0020000000949949026 -0.061204299330711365
v 0.037027500569820404 -0.0020000000949949026 -0.05940509960055351
v 0.03397110104560852 -0.0010000000474974513 -0.061204299330711365
v 0.037027500569820404 -0.0010000000474974513 -0.05940509960055351
v 0.03998880088329315 -0.0010000000474974513 -0.057453401386737823
v 0.027604900300502777 -0.0020000000949949026 -0.06432700157165527
v 0.0308276005089283 -0.0020000000949949026 -0.06284630298614502
v 0.027604900300502777 -0.0010000000474974513 -0.06432700157165527
v 0.0308276005089283 -0.0010000000474974513 -0.06284630298614502
v 0.02095540054142475 -0.0020000000949949026 -0.06678970158100128
v 0.024311399087309837 -0.0020000000949949026 -0.06564260274171829
v 0.024311399087309837 -0.0010000000474974513 -0.06564260274171829
v 0.01409090030938387 -0.0020000000949949026 -0.06856709718704224
v 0.017545700073242188 -0.0020000000949949026 -0.06776539981365204
v 0.017545700073242188 -0.0010000000474974513 -0.06776539981365204
v 0.02095540054142475 -0.0010000000474974513 -0.06678970158100128
v 0.00708178011700511 -0.0020000000949949026 -0.06964089721441269
v 0.010599900037050247 -0.0020000000949949026 -0.0691927969455719
v 0.010599900037050247 -0.0010000000474974513 -0.0691927969455719
v 0.01409090030938387 -0.0010000000474974513 -0.06856709718704224
v -3.33375995003956e-16 -0.0020000000949949026 -0.07000000029802322
v 0.003545440034940839 -0.0020000000949949026 -0.0699101984500885
v 0.003545440034940839 -0.0010000000474974513 -0.0699101984500885
v 0.00708178011700511 -0.0010000000474974513 -0.06964089721441269
v -0.00708178011700511 -0.0020000000949949026 -0.06964089721441269
v -0.003545440034940839 -0.0020000000949949026 -0.0699101984500885
v -0.003545440034940839 -0.0010000000474974513 -0.0699101984500885
v -3.33375995003956e-16 -0.0010000000474974513 -0.07000000029802322
v -0.01409090030938387 -0.0020000000949949026 -0.06856709718704224
v -0.010599900037050247 -0.0020000000949949026 -0.0691927969455719
v -0.010599900037050247 -0.0010000000474974513 -0.0691927969455719
v -0.00708178011700511 -0.0010000000474974513 -0.06964089721441269
v -0.02095540054142475 -0.0020000000949949026 -0.06678970158100128
v -0.017545700073242188 -0.0020000000949949026 -0.06776539981365204
v -0.02095540054142475 -0.0010000000474974513 -0.06678970158100128
v -0.017545700073242188 -0.0010000000474974513 -0.06776539981365204
v -0.01409090030938387 -0.0010000000474974513 -0.06856709718704224
v -0.027604900300502777 -0.0020000000949949026 -0.06432700157165527
v -0.024311399087309837 -0.0020000000949949026 -0.06564260274171829
v -0.027604900300502777 -0.0010000000474974513 -0.06432700157165527
v -0.024311399087309837 -0.0010000000474974513 -0.06564260274171829
v -0.03397110104560852 -0.0020000000949949026 -0.061204299330711365
v -0.0308276005089283 -0.0020000000949949026 -0.06284630298614502
v -0.0308276005089283 -0.0010000000474974513 -0.06284630298614502
v -0.03998880088329315 -0.0020000000949949026 -0.057453401386737823
v -0.037027500569820404 -0.0020000000949949026 -0.05940509960055351
v -0.037027500569820404 -0.0010000000474974513 -0.05940509960055351
v -0.03397110104560852 -0.0010000000474974513 -0.061204299330711365
v -0.04559610038995743 -0.0020000000949949026 -0.053113099187612534
v -0.0428473986685276 -0.0020000000949949026 -0.05535430088639259
v -0.04559610038995743 -0.0010000000474974513 -0.053113099187612534
v -0.0428473986685276 -0.0010000000474974513 -0.05535430088639259
v -0.03998880088329315 -0.0010000000474974513 -0.057453401386737823
v -0.05073549970984459 -0.0020000000949949026 -0.0482277013361454
v -0.0482277013361454 -0.0020000000949949026 -0.05073549970984459
v -0.05073549970984459 -0.0010000000474974513 -0.0482277013361454
v -0.0482277013361454 -0.0010000000474974513 -0.05073549970984459
v -0.05535430088639259 -0.0020000000949949026 -0.0428473986685276
v -0.053113099187612534 -0.0020000000949949026 -0.04559610038995743
v -0.053113099187612534 -0.0010000000474974513 -0.04559610038995743
v -0.05940509960055351 -0.0020000000949949026 -0.037027500569820404
v -0.057453401386737823 -0.0020000000949949026 -0.03998880088329315
v -0.057453401386737823 -0.0010000000474974513 -0.03998880088329315
v -0.05535430088639259 -0.0010000000474974513 -0.0428473986685276
v -0.06284630298614502 -0.0020000000949949026 -0.0308276005089283
v -0.061204299330711365 -0.0020000000949949026 -0.03397110104560852
v -0.061204299330711365 -0.0010000000474974513 -0.03397110104560852
v -0.05940509960055351 -0.0010000000474974513 -0.037027500569820404
v -0.06564260274171829 -0.0020000000949949026 -0.024311399087309837
v -0.06432700157165527 -0.0020000000949949026 -0.027604900300502777
v -0.06564260274171829 -0.0010000000474974513 -0.024311399087309837
v -0.06432700157165527 -0.0010000000474974513 -0.027604900300502777
v -0.06284630298614502 -0.0010000000474974513 -0.0308276005089283
v -0.06776539981365204 -0.0020000000949949026 -0.017545700073242188
v -0.06678970158100128 -0.0020000000949949026 -0.02095540054142475
v -0.06776539981365204 -0.0010000000474974513 -0.017545700073242188
v -0.06678970158100128 -0.0010000000474974513 -0.02095540054142475
v -0.0691927969455719 -0.0020000000949949026 -0.010599900037050247
v -0.06856709718704224 -0.0020000000949949026 -0.01409090030938387
v -0.0691927969455719 -0.0010000000474974513 -0.010599900037050247
v -0.06856709718704224 -0.0010000000474974513 -0.01409090030938387
v -0.0699101984500885 -0.0020000000949949026 -0.003545440034940839
v -0.06964089721441269 -0.0020000000949949026 -0.00708178011700511
v -0.0699101984500885 -0.0010000000474974513 -0.003545440034940839
v -0.06964089721441269 -0.0010000000474974513 -0.00708178011700511
v -0.0699101984500885 -0.0020000000949949026 0.003545440034940839
v -0.07000000029802322 -0.0020000000949949026 2.3583199843550597e-16
v -0.0699101984500885 -0.0010000000474974513 0.003545440034940839
v -0.07000000029802322 -0.0010000000474974513 2.3583199843550597e-16
v -0.0691927969455719 -0.0020000000949949026 0.010599900037050247
v -0.06964089721441269 -0.0020000000949949026 0.00708178011700511
v -0.0691927969455719 -0.0010000000474974513 0.010599900037050247
v -0.06964089721441269 -0.0010000000474974513 0.00708178011700511
v -0.06776539981365204 -0.0020000000949949026 0.017545700073242188
v -0.06856709718704224 -0.0020000000949949026 0.01409090030938387
v -0.06776539981365204 -0.0010000000474974513 0.017545700073242188
v -0.06856709718704224 -0.0010000000474974513 0.01409090030938387
v -0.06564260274171829 -0.0020000000949949026 0.024311399087309837
v -0.06678970158100128 -0.0020000000949949026 0.02095540054142475
v -0.06678970158100128 -0.0010000000474974513 0.02095540054142475
v -0.06284630298614502 -0.0020000000949949026 0.0308276005089283
v -0.06432700157165527 -0.0020000000949949026 0.027604900300502777
v -0.06432700157165527 -0.0010000000474974513 0.027604900300502777
v -0.06564260274171829 -0.0010000000474974513 0.024311399087309837
v -0.05940509960055351 -0.0020000000949949026 0.037027500569820404
v -0.061204299330711365 -0.0020000000949949026 0.03397110104560852
v -0.05940509960055351 -0.0010000000474974513 0.037027500569820404
v -0.061204299330711365 -0.0010000000474974513 0.03397110104560852
v -0.06284630298614502 -0.0010000000474974513 0.0308276005089283
v -0.05535430088639259 -0.0020000000949949026 0.0428473986685276
v -0.057453401386737823 -0.0020000000949949026 0.03998880088329315
v -0.05535430088639259 -0.0010000000474974513 0.0428473986685276
v -0.057453401386737823 -0.0010000000474974513 0.03998880088329315
v -0.05073549970984459 -0.0020000000949949026 0.0482277013361454
v -0.053113099187612534 -0.0020000000949949026 0.04559610038995743
v -0.05073549970984459 -0.0010000000474974513 0.0482277013361454
v -0.053113099187612534 -0.0010000000474974513 0.04559610038995743
v -0.04559610038995743 -0.0020000000949949026 0.053113099187612534
v -0.0482277013361454 -0.0020000000949949026 0.05073549970984459
v -0.04559610038995743 -0.0010000000474974513 0.053113099187612534
v -0.0482277013361454 -0.0010000000474974513 0.05073549970984459
v -0.03998880088329315 -0.0020000000949949026 0.057453401386737823
v -0.0428473986685276 -0.0020000000949949026 0.05535430088639259
v -0.0428473986685276 -0.0010000000474974513 0.05535430088639259
v -0.03397110104560852 -0.0020000000949949026 0.061204299330711365
v -0.037027500569820404 -0.0020000000949949026 0.05940509960055351
v -0.037027500569820404 -0.0010000000474974513 0.05940509960055351
v -0.03998880088329315 -0.0010000000474974513 0.057453401386737823
v -0.027604900300502777 -0.0020000000949949026 0.06432700157165527
v -0.0308276005089283 -0.0020000000949949026 0.06284630298614502
v -0.0308276005089283 -0.0010000000474974513 0.06284630298614502
v -0.03397110104560852 -0.0010000000474974513 0.061204299330711365
v -0.02095540054142475 -0.0020000000949949026 0.06678970158100128
v -0.024311399087309837 -0.0020000000949949026 0.06564260274171829
v -0.02095540054142475 -0.0010000000474974513 0.06678970158100128
v -0.024311399087309837 -0.0010000000474974513 0.06564260274171829
v -0.027604900300502777 -0.0010000000474974513 0.06432700157165527
v -0.01409090030938387 -0.0020000000949949026 0.06856709718704224
v -0.017545700073242188 -0.0020000000949949026 0.06776539981365204
v -0.017545700073242188 -0.0010000000474974513 0.06776539981365204
v -0.010599900037050247 -0.0020000000949949026 0.0691927969455719
v -0.010599900037050247 -0.0010000000474974513 0.0691927969455719
v -0.01409090030938387 -0.0010000000474974513 0.06856709718704224
v 0 0.07349999994039536 0
v 0.0034037199802696705 0.07168920338153839 0.0019651399925351143
v 0 0.07168920338153839 0.003930270206183195
v -0.0034037199802696705 0.07168920338153839 0.0019651399925351143
v -0.0034037199802696705 0.07168920338153839 -0.0019651399925351143
v -2.9190399797440945e-17 0.07168920338153839 -0.003930270206183195
v 0.0034037199802696705 0.07168920338153839 -0.0019651399925351143
v -0.003664270043373108 -0.0020000000949949026 0.06406659632921219
v 0.003229859983548522 -0.0020000000949949026 0.06368739902973175
v -0.0018321400275453925 -0.0020000000949949026 0.0670332983136177
v -0.0002172069944208488 -0.0020000000949949026 0.06387700140476227
v 0.001614929991774261 -0.0020000000949949026 0.06684370338916779
v 0.005155819933861494 -0.0020000000949949026 0.06666409969329834
v -0.005373029969632626 -0.0020000000949949026 0.06685370206832886
v 0.010203000158071518 -0.0020000000949949026 0.06290929764509201
v 0.008642420172691345 -0.0020000000949949026 0.06627509742975235
v 0.0067164599895477295 -0.0020000000949949026 0.06329839676618576
v 0.012147000059485435 -0.0020000000949949026 0.06573820114135742
v 0.017004400491714478 -0.0020000000949949026 0.06221679970622063
v 0.015547700226306915 -0.0020000000949949026 0.0653918981552124
v 0.013603700324892998 -0.0020000000949949026 0.06256300210952759
v 0.01897989958524704 -0.0020000000949949026 0.06450329720973969
v 0.02282409928739071 -0.0020000000949949026 0.06157739832997322
v 0.02188980020582676 -0.0020000000949949026 0.06418360024690628
v 0.025214500725269318 -0.0020000000949949026 0.0629521980881691
v 0.019914299249649048 -0.0020000000949949026 0.061897099018096924
v 0.028021899983286858 -0.0020000000949949026 0.05720270052552223
v 0.027813399210572243 -0.0020000000949949026 0.06076490134000778
v 0.030996499583125114 -0.0020000000949949026 0.05920350179076195
v 0.025422999635338783 -0.0020000000949949026 0.059390101581811905
v 0.03440229967236519 -0.0020000000949949026 0.055233798921108246
v 0.034186698496341705 -0.0020000000949949026 0.058219000697135925
v 0.031212100759148598 -0.0020000000949949026 0.05621830001473427
v 0.03719549998641014 -0.0020000000949949026 0.056343600153923035
v 0.038867201656103134 -0.0020000000949949026 0.05013259872794151
v 0.039427999407052994 -0.0020000000949949026 0.05379299819469452
v 0.04223160073161125 -0.0020000000949949026 0.05162280052900314
v 0.03663469851016998 -0.0020000000949949026 0.05268320068717003
v 0.044759899377822876 -0.0020000000949949026 0.047210898250341415
v 0.04517799988389015 -0.0020000000949949026 0.050161998718976974
v 0.04774770140647888 -0.0020000000949949026 0.04771929979324341
v 0.041813600808382034 -0.0020000000949949026 0.048671700060367584
v 0.04773139953613281 -0.0020000000949949026 0.042033299803733826
v 0.04923349991440773 -0.0020000000949949026 0.045130498707294464
v 0.05154290050268173 -0.0020000000949949026 0.042440298944711685
v 0.04624570161104202 -0.0020000000949949026 0.04462210088968277
v 0.05128449946641922 -0.0020000000949949026 0.03613489866256714
v 0.05331939831376076 -0.0020000000949949026 0.0394911989569664
v 0.055344801396131516 -0.0020000000949949026 0.03658119961619377
v 0.049508001655340195 -0.0020000000949949026 0.03908409923315048
v 0.055424999445676804 -0.0020000000949949026 0.030730899423360825
v 0.05741510167717934 -0.0020000000949949026 0.033879201859235764
v 0.05335479974746704 -0.0020000000949949026 0.03343290090560913
v 0.05913570150732994 -0.0020000000949949026 0.030779199674725533
v 0.05740499868988991 -0.0020000000949949026 0.024364300072193146
v 0.06012570112943649 -0.0020000000949949026 0.027595899999141693
v 0.06152379885315895 -0.0020000000949949026 0.024337800219655037
v 0.056414999067783356 -0.0020000000949949026 0.027547599747776985
v 0.06084480136632919 -0.0020000000949949026 0.01909019984304905
v 0.0591248981654644 -0.0020000000949949026 0.021727200597524643
v 0.06324370205402374 -0.0020000000949949026 0.021700799465179443
v 0.06430509686470032 -0.0020000000949949026 0.018317900598049164
v 0.06364519894123077 -0.0020000000949949026 0.012946199625730515
v 0.0657052993774414 -0.0020000000949949026 0.015245899558067322
v 0.06641899794340134 -0.0020000000949949026 0.01177310012280941
v 0.062245000153779984 -0.0020000000949949026 0.016018200665712357
v 0.06349869817495346 -0.0020000000949949026 0.006772330030798912
v 0.0663456991314888 -0.0020000000949949026 0.008686140179634094
v 0.0667043998837471 -0.0020000000949949026 0.005158879794180393
v 0.063571996986866 -0.0020000000949949026 0.009859270416200161
v 0.063571996986866 -0.0020000000949949026 0.0003018059942405671
v 0.06674110144376755 -0.0020000000949949026 0.0019236200023442507
v 0.06674110144376755 -0.0020000000949949026 -0.0016218200325965881
v 0.06353539973497391 -0.0020000000949949026 0.003537070006132126
v 0.06344210356473923 -0.0020000000949949026 -0.006451429799199104
v 0.06631740182638168 -0.0020000000949949026 -0.00852569006383419
v 0.06667610257863998 -0.0020000000949949026 -0.00499843992292881
v 0.06350710242986679 -0.0020000000949949026 -0.0030748099088668823
v 0.06235859915614128 -0.0020000000949949026 -0.012807900086045265
v 0.06506200134754181 -0.0020000000949949026 -0.015176800079643726
v 0.06577569991350174 -0.0020000000949949026 -0.011703900061547756
v 0.06290029734373093 -0.0020000000949949026 -0.009629679843783379
v 0.06100450083613396 -0.0020000000949949026 -0.019190499559044838
v 0.06438490003347397 -0.0020000000949949026 -0.018368100747466087
v 0.06332360208034515 -0.0020000000949949026 -0.021750900894403458
v 0.06168150156736374 -0.0020000000949949026 -0.01599919982254505
v 0.059137798845767975 -0.0020000000949949026 -0.0253881998360157
v 0.062390200793743134 -0.0020000000949949026 -0.024849800392985344
v 0.06099199876189232 -0.0020000000949949026 -0.028107900172472
v 0.06007109954953194 -0.0020000000949949026 -0.022289400920271873
v 0.056058499962091446 -0.0020000000949949026 -0.03122200071811676
v 0.059452399611473083 -0.0020000000949949026 -0.03102480061352253
v 0.05773179978132248 -0.0020000000949949026 -0.03412479907274246
v 0.05759819969534874 -0.0020000000949949026 -0.02830510027706623
v 0.05216969922184944 -0.0020000000949949026 -0.03701910004019737
v 0.054114099591970444 -0.0020000000949949026 -0.034120600670576096
v 0.05578739941120148 -0.0020000000949949026 -0.03702329844236374
v 0.05376200005412102 -0.0020000000949949026 -0.039933301508426666
v 0.048444900661706924 -0.0020000000949949026 -0.0427544005215168
v 0.05030729994177818 -0.0020000000949949026 -0.039886798709630966
v 0.05189960077404976 -0.0020000000949949026 -0.0428008995950222
v 0.04959020018577576 -0.0020000000949949026 -0.04549109935760498
v 0.045306600630283356 -0.0020000000949949026 -0.04767749831080437
v 0.04802099987864494 -0.0020000000949949026 -0.047952599823474884
v 0.04545129835605621 -0.0020000000949949026 -0.05039529874920845
v 0.04687570035457611 -0.0020000000949949026 -0.04521600157022476
v 0.03903359919786453 -0.0020000000949949026 -0.05042719841003418
v 0.03951120004057884 -0.0020000000949949026 -0.053940299898386
v 0.0423148013651371 -0.0020000000949949026 -0.05177009850740433
v 0.042170099914073944 -0.0020000000949949026 -0.04905230179429054
v 0.034341100603342056 -0.0020000000949949026 -0.055054500699043274
v 0.03716500103473663 -0.0020000000949949026 -0.05625399947166443
v 0.03415609896183014 -0.0020000000949949026 -0.05812940001487732
v 0.036687299609184265 -0.0020000000949949026 -0.052740901708602905
v 0.028869399800896645 -0.0020000000949949026 -0.057204898446798325
v 0.031420301645994186 -0.0020000000949949026 -0.059204600751399994
v 0.028237100690603256 -0.0020000000949949026 -0.06076600030064583
v 0.031605299562215805 -0.0020000000949949026 -0.05612970143556595
v 0.022860100492835045 -0.0020000000949949026 -0.05965130031108856
v 0.025232499465346336 -0.0020000000949949026 -0.0619891993701458
v 0.02190770022571087 -0.0020000000949949026 -0.06322050094604492
v 0.025864699855446815 -0.0020000000949949026 -0.05842810124158859
v 0.01598390005528927 -0.0020000000949949026 -0.06173359975218773
v 0.019422000274062157 -0.0020000000949949026 -0.060692500323057175
v 0.01846970058977604 -0.0020000000949949026 -0.06426169723272324
v 0.015037399716675282 -0.0020000000949949026 -0.06515029817819595
v 0.00996456015855074 -0.0020000000949949026 -0.06509079784154892
v 0.012974199838936329 -0.0020000000949949026 -0.06341219693422318
v 0.012027700431644917 -0.0020000000949949026 -0.06682900339365005
v 0.008523169904947281 -0.0020000000949949026 -0.06736589968204498
v 0.004088419955223799 -0.0020000000949949026 -0.06454169750213623
v 0.005585100036114454 -0.0020000000949949026 -0.06709130108356476
v 0.0020442099776118994 -0.0020000000949949026 -0.06727080047130585
v 0.007026489824056625 -0.0020000000949949026 -0.06481630355119705
v -0.0027572799008339643 -0.0020000000949949026 -0.0639353021979332
v -0.0013786399504169822 -0.0020000000949949026 -0.06696770340204239
v -0.004919529892504215 -0.0020000000949949026 -0.06678809970617294
v 0.0006655689794570208 -0.0020000000949949026 -0.06423850357532501
v -0.009731619618833065 -0.0020000000949949026 -0.06328749656677246
v -0.0062444498762488365 -0.0020000000949949026 -0.06361140310764313
v -0.008406699635088444 -0.0020000000949949026 -0.06646420061588287
v -0.011911300010979176 -0.0020000000949949026 -0.06592729687690735
v -0.01627420075237751 -0.0020000000949949026 -0.062065400183200836
v -0.013002900406718254 -0.0020000000949949026 -0.06267649680376053
v -0.015182499773800373 -0.0020000000949949026 -0.06531629711389542
v -0.01861480064690113 -0.0020000000949949026 -0.06442759931087494
v -0.022312000393867493 -0.0020000000949949026 -0.05988309904932976
v -0.021633699536323547 -0.0020000000949949026 -0.06333640217781067
v -0.024958500638604164 -0.0020000000949949026 -0.062105100601911545
v -0.019293099641799927 -0.0020000000949949026 -0.060974299907684326
v -0.028188399970531464 -0.0020000000949949026 -0.057035401463508606
v -0.02789659984409809 -0.0020000000949949026 -0.06068120151758194
v -0.031079700216650963 -0.0020000000949949026 -0.059119898825883865
v -0.025250200182199478 -0.0020000000949949026 -0.05845930054783821
v -0.033731598407030106 -0.0020000000949949026 -0.05411740019917488
v -0.03385140001773834 -0.0020000000949949026 -0.057660799473524094
v -0.03686020150780678 -0.0020000000949949026 -0.0557853989303112
v -0.030959999188780785 -0.0020000000949949026 -0.055576398968696594
v -0.03952749818563461 -0.0020000000949949026 -0.05050859972834587
v -0.03975820168852806 -0.0020000000949949026 -0.0539809986948967
v -0.03662959858775139 -0.0020000000949949026 -0.052312999963760376
v -0.04256179928779602 -0.0020000000949949026 -0.05181080102920532
v -0.04430190101265907 -0.0020000000949949026 -0.04594530165195465
v -0.0449489988386631 -0.0020000000949949026 -0.04952919855713844
v -0.04751870036125183 -0.0020000000949949026 -0.04708649963140488
v -0.04191470146179199 -0.0020000000949949026 -0.04822690039873123
v -0.04926459863781929 -0.0020000000949949026 -0.04230159893631935
v -0.05230949819087982 -0.0020000000949949026 -0.04257449880242348
v -0.05000010132789612 -0.0020000000949949026 -0.045264698565006256
v -0.04678329825401306 -0.0020000000949949026 -0.04412340000271797
v -0.052339501678943634 -0.0020000000949949026 -0.036429401487112045
v -0.053846899420022964 -0.0020000000949949026 -0.039638400077819824
v -0.055872298777103424 -0.0020000000949949026 -0.036728400737047195
v -0.05080210044980049 -0.0020000000949949026 -0.0393655002117157
v -0.054149799048900604 -0.0020000000949949026 -0.030195999890565872
v -0.05677739903330803 -0.0020000000949949026 -0.03361180052161217
v -0.05849799886345863 -0.0020000000949949026 -0.030511800199747086
v -0.05324459820985794 -0.0020000000949949026 -0.03331270068883896
v -0.05823599919676781 -0.0020000000949949026 -0.024961600080132484
v -0.060541100800037384 -0.0020000000949949026 -0.027894599363207817
v -0.056192900985479355 -0.0020000000949949026 -0.027578800916671753
v -0.0619392991065979 -0.0020000000949949026 -0.02463649958372116
v -0.06001099944114685 -0.0020000000949949026 -0.01834929920732975
v -0.06282679736614227 -0.0020000000949949026 -0.021330300718545914
v -0.06388819962739944 -0.0020000000949949026 -0.017947500571608543
v -0.05912350118160248 -0.0020000000949949026 -0.021655399352312088
v -0.06246659904718399 -0.0020000000949949026 -0.012304999865591526
v -0.06511600315570831 -0.0020000000949949026 -0.014925399795174599
v -0.06582970172166824 -0.0020000000949949026 -0.011452499777078629
v -0.06123879924416542 -0.0020000000949949026 -0.015327099710702896
v -0.06498049944639206 -0.0020000000949949026 -0.006354189943522215
v -0.0670865997672081 -0.0020000000949949026 -0.00847707036882639
v -0.0674453005194664 -0.0020000000949949026 -0.004949820227921009
v -0.06372349709272385 -0.0020000000949949026 -0.00932960957288742
v -0.06443770229816437 -0.0020000000949949026 -0.00047419400652870536
v -0.06717389822006226 -0.0020000000949949026 -0.002009819960221648
v -0.06717389822006226 -0.0020000000949949026 0.0015356199583038688
v -0.06470909714698792 -0.0020000000949949026 -0.0034141899086534977
v -0.06366650015115738 -0.0020000000949949026 0.006258630193769932
v -0.06678830087184906 -0.0020000000949949026 0.004902040120214224
v -0.06642960011959076 -0.0020000000949949026 0.008429289795458317
v -0.06405209749937057 -0.0020000000949949026 0.002892219927161932
v -0.06289350241422653 -0.0020000000949949026 0.012532499618828297
v -0.06604310125112534 -0.0020000000949949026 0.01156620029360056
v -0.06532949954271317 -0.0020000000949949026 0.01503910031169653
v -0.06328000128269196 -0.0020000000949949026 0.009395579807460308
v -0.061351701617240906 -0.0020000000949949026 0.019096000120043755
v -0.0645584985613823 -0.0020000000949949026 0.018320800736546516
v -0.06212259829044342 -0.0020000000949949026 0.015814300626516342
v -0.06349720060825348 -0.0020000000949949026 0.021703699603676796
v -0.0589137002825737 -0.0020000000949949026 0.024945400655269623
v -0.06088000163435936 -0.0020000000949949026 0.02788650058209896
v -0.062278199940919876 -0.0020000000949949026 0.024628400802612305
v -0.0601327009499073 -0.0020000000949949026 0.022020699456334114
v -0.05597449839115143 -0.0020000000949949026 0.030891399830579758
v -0.059410400688648224 -0.0020000000949949026 0.03085950016975403
v -0.057444099336862564 -0.0020000000949949026 0.02791840024292469
v -0.05768980085849762 -0.0020000000949949026 0.03395950049161911
v -0.052052199840545654 -0.0020000000949949026 0.03658650070428848
v -0.055728599429130554 -0.0020000000949949026 0.03680700063705444
v -0.05401330068707466 -0.0020000000949949026 0.03373889997601509
v -0.053703200072050095 -0.0020000000949949026 0.039716899394989014
v -0.04823879897594452 -0.0020000000949949026 0.04205390065908432
v -0.051796600222587585 -0.0020000000949949026 0.04245069995522499
v -0.04948719963431358 -0.0020000000949949026 0.04514079913496971
v -0.05014549940824509 -0.0020000000949949026 0.0393202006816864
v -0.04503510147333145 -0.0020000000949949026 0.04731199890375137
v -0.04788529872894287 -0.0020000000949949026 0.04776979982852936
v -0.04531560093164444 -0.0020000000949949026 0.050212498754262924
v -0.046636998653411865 -0.0020000000949949026 0.04468290135264397
v -0.04006509855389595 -0.0020000000949949026 0.05028250068426132
v -0.04002700001001358 -0.0020000000949949026 0.05386799946427345
v -0.04283060133457184 -0.0020000000949949026 0.05169780179858208
v -0.04255009815096855 -0.0020000000949949026 0.04879720136523247
v -0.0345149002969265 -0.0020000000949949026 0.053558599203825
v -0.037251900881528854 -0.0020000000949949026 0.05550599843263626
v -0.03424299880862236 -0.0020000000949949026 0.05738139897584915
v -0.037289999425411224 -0.0020000000949949026 0.05192049965262413
v -0.02855139970779419 -0.0020000000949949026 0.05695980042219162
v -0.031261298805475235 -0.0020000000949949026 0.05908200144767761
v -0.028078200295567513 -0.0020000000949949026 0.06064340099692345
v -0.03153320029377937 -0.0020000000949949026 0.05525920167565346
v -0.02268889918923378 -0.0020000000949949026 0.05945250019431114
v -0.02514689974486828 -0.0020000000949949026 0.06188980117440224
v -0.02182210050523281 -0.0020000000949949026 0.06312110275030136
v -0.025620099157094955 -0.0020000000949949026 0.05820620059967041
v -0.01646609976887703 -0.0020000000949949026 0.06181290000677109
v -0.018710799515247345 -0.0020000000949949026 0.06430129706859589
v -0.015278499573469162 -0.0020000000949949026 0.06519000232219696
v -0.019577499479055405 -0.0020000000949949026 0.060632698237895966
v -0.010191800072789192 -0.0020000000949949026 0.06331139802932739
v -0.012141300365328789 -0.0020000000949949026 0.06593929976224899
v -0.008636790327727795 -0.0020000000949949026 0.06647609919309616
v -0.01332900021225214 -0.0020000000949949026 0.06256210058927536
v -0.0069280401803553104 -0.0020000000949949026 0.06368900090456009
v -0.035344600677490234 -0.0020000000949949026 0.047178998589515686
v -0.03770489990711212 -0.0020000000949949026 0.048730701208114624
v -0.034929800778627396 -0.0020000000949949026 0.05036880075931549
v -0.04054019972681999 -0.0020000000949949026 0.042882900685071945
v -0.04030260071158409 -0.0020000000949949026 0.046582698822021484
v -0.037942398339509964 -0.0020000000949949026 0.045030999928712845
v -0.04278770089149475 -0.0020000000949949026 0.04509739950299263
v 0.04178079962730408 -0.0020000000949949026 -0.043087899684906006
v 0.043543700128793716 -0.0020000000949949026 -0.045382700860500336
v 0.040407199412584305 -0.0020000000949949026 -0.04675750061869621
v 0.03036239929497242 -0.0020000000949949026 -0.04973509907722473
v 0.0346979983150959 -0.0020000000949949026 -0.050081100314855576
v 0.032351698726415634 -0.0020000000949949026 -0.052394799888134
v 0.03458800166845322 -0.0020000000949949026 -0.04319480061531067
v 0.03818440064787865 -0.0020000000949949026 -0.04314130172133446
v 0.036810800433158875 -0.0020000000949949026 -0.046810999512672424
v 0.032475199550390244 -0.0020000000949949026 -0.04646490141749382
v -0.04670190066099167 -0.0020000000949949026 -0.030895700678229332
v -0.04952070116996765 -0.0020000000949949026 -0.033662501722574234
v -0.050425801426172256 -0.0020000000949949026 -0.030545899644494057
v -0.043591901659965515 -0.0020000000949949026 -0.03805850073695183
v -0.047965701669454575 -0.0020000000949949026 -0.03724389895796776
v -0.04514690116047859 -0.0020000000949949026 -0.034477099776268005
v -0.04642830044031143 -0.0020000000949949026 -0.04018000140786171
v 0.04086950048804283 -0.0020000000949949026 0.0425477996468544
v 0.042814701795578 -0.0020000000949949026 0.04487939924001694
v 0.04430050030350685 -0.0020000000949949026 0.04229059815406799
v 0.04389189928770065 -0.0020000000949949026 0.03613299876451492
v 0.04238070175051689 -0.0020000000949949026 0.03934039920568466
v 0.04581170156598091 -0.0020000000949949026 0.039083100855350494
v 0.047588199377059937 -0.0020000000949949026 0.03613390028476715
v 0.05756080150604248 -0.0020000000949949026 -0.008454450406134129
v 0.05649369955062866 -0.0020000000949949026 -0.00216876994818449
v 0.060501400381326675 -0.0020000000949949026 -0.0074529401026666164
v 0.059967901557683945 -0.0020000000949949026 -0.004310099873691797
v 0.05702719837427139 -0.0020000000949949026 -0.005311610177159309
v 0.05995969846844673 -0.0020000000949949026 -0.010631199926137924
v 0.06003290042281151 -0.0020000000949949026 -0.0009334799833595753
v -0.005483489949256182 -0.0020000000949949026 -0.05800570175051689
v -0.007607560139149427 -0.0020000000949949026 -0.060646601021289825
v -0.004120389930903912 -0.0020000000949949026 -0.060970500111579895
v -0.012355400249361992 -0.0020000000949949026 -0.05726410076022148
v -0.00891944020986557 -0.0020000000949949026 -0.057634901255369186
v -0.011043500155210495 -0.0020000000949949026 -0.06027580052614212
v -0.014314799569547176 -0.0020000000949949026 -0.05966480076313019
v -0.05960649996995926 -0.0020000000949949026 0.0023155598901212215
v -0.06202210113406181 -0.0020000000949949026 0.000920681981369853
v -0.06163650006055832 -0.0020000000949949026 0.00428709015250206
v -0.057452600449323654 -0.0020000000949949026 0.007943689823150635
v -0.060173001140356064 -0.0020000000949949026 0.010238099843263626
v -0.06055950000882149 -0.0020000000949949026 0.007101160008460283
v -0.05852949991822243 -0.0020000000949949026 0.005129630211740732
v -0.0006490779924206436 -0.0020000000949949026 0.05792130157351494
v 0.006399310193955898 -0.0020000000949949026 0.05738230049610138
v 0.002875119913369417 -0.0020000000949949026 0.05765179917216301
v 0.004814589861780405 -0.0020000000949949026 0.060534801334142685
v 0.0012903900351375341 -0.0020000000949949026 0.060804400593042374
v -0.0021566799841821194 -0.0020000000949949026 0.06099399924278259
v 0.008301179856061935 -0.0020000000949949026 0.060145799070596695
v -0.04889779910445213 -0.0020000000949949026 0.030487200245261192
v -0.05243609845638275 -0.0020000000949949026 0.0306892991065979
v -0.05047500133514404 -0.0020000000949949026 0.033536799252033234
v -0.05241589993238449 -0.0020000000949949026 0.02487649954855442
v -0.05419519916176796 -0.0020000000949949026 0.027884000912308693
v -0.055664800107479095 -0.0020000000949949026 0.024910900741815567
v -0.05065679922699928 -0.0020000000949949026 0.027681900188326836
v -0.034642498940229416 -0.0020000000949949026 -0.048630598932504654
v -0.03418710082769394 -0.0020000000949949026 -0.05137399956583977
v -0.037085000425577164 -0.0020000000949949026 -0.04956959933042526
v -0.029365399852395058 -0.0020000000949949026 -0.0502655990421772
v -0.031548500061035156 -0.0020000000949949026 -0.05219149962067604
v -0.03200389817357063 -0.0020000000949949026 -0.04944809898734093
v -0.028776900842785835 -0.0020000000949949026 -0.053650498390197754
v 0.019168199971318245 -0.0020000000949949026 -0.05431320145726204
v 0.021014099940657616 -0.0020000000949949026 -0.05698230117559433
v 0.017576100304722786 -0.0020000000949949026 -0.058023400604724884
v 0.012591100297868252 -0.0020000000949949026 -0.05416179820895195
v 0.01587969996035099 -0.0020000000949949026 -0.054237499833106995
v 0.014287499710917473 -0.0020000000949949026 -0.05794769898056984
v 0.008288810029625893 -0.0020000000949949026 -0.059482600539922714
v 0.012136399745941162 -0.0020000000949949026 -0.06060810014605522
v 0.009126690216362476 -0.0020000000949949026 -0.062286701053380966
v 0.010440000332891941 -0.0020000000949949026 -0.05682219937443733
v 0.05333619937300682 -0.0020000000949949026 0.01770629920065403
v 0.056924499571323395 -0.0020000000949949026 0.010722899809479713
v 0.05513039976358414 -0.0020000000949949026 0.014214600436389446
v 0.058884598314762115 -0.0020000000949949026 0.014906499534845352
v 0.05709049850702286 -0.0020000000949949026 0.01839819923043251
v 0.06028490141034126 -0.0020000000949949026 0.011834600009024143
v 0.055370599031448364 -0.0020000000949949026 0.021035300567746162
v 0.049183301627635956 -0.0020000000949949026 -0.03124229982495308
v 0.05262089893221855 -0.0020000000949949026 -0.03123209998011589
v 0.05067649856209755 -0.0020000000949949026 -0.034130699932575226
v 0.052767399698495865 -0.0020000000949949026 -0.02568870037794113
v 0.05097540095448494 -0.0020000000949949026 -0.028465500101447105
v 0.054412998259067535 -0.0020000000949949026 -0.028455400839447975
v 0.05595260113477707 -0.0020000000949949026 -0.025538500398397446
v 0.020311899483203888 -0.0020000000949949026 0.056318700313568115
v 0.02391289919614792 -0.0020000000949949026 0.05040770024061203
v 0.024166900664567947 -0.0020000000949949026 0.056760698556900024
v 0.022112399339675903 -0.0020000000949949026 0.05336320027709007
v 0.025967400521039963 -0.0020000000949949026 0.05380519852042198
v 0.030988600105047226 -0.0020000000949949026 0.0499780997633934
v 0.027450699359178543 -0.0020000000949949026 0.050192900002002716
v 0.029505200684070587 -0.0020000000949949026 0.05359039828181267
v 0.021568000316619873 -0.0020000000949949026 0.05894799903035164
v 0.03269540145993233 -0.0020000000949949026 0.052606001496315
v -0.012721399776637554 -0.0020000000949949026 0.05767130106687546
v -0.014593799598515034 -0.0020000000949949026 0.05974210053682327
v -0.01145660039037466 -0.0020000000949949026 0.060491301119327545
v -0.018008600920438766 -0.0020000000949949026 0.054127100855112076
v -0.01723730005323887 -0.0020000000949949026 0.05796999856829643
v -0.015364999882876873 -0.0020000000949949026 0.05589919909834862
v -0.020348699763417244 -0.0020000000949949026 0.05678980052471161
v -0.05549069866538048 -0.0020000000949949026 -0.011931899935007095
v -0.057750798761844635 -0.0020000000949949026 -0.015140599571168423
v -0.058978598564863205 -0.0020000000949949026 -0.012118499726057053
v -0.05889509990811348 -0.0020000000949949026 -0.004846340045332909
v -0.05719289928674698 -0.0020000000949949026 -0.008389130234718323
v -0.060680799186229706 -0.0020000000949949026 -0.008575689978897572
v -0.06193780153989792 -0.0020000000949949026 -0.0056002698838710785
v 0.04538879916071892 -0.0020000000949949026 -0.03708229959011078
v 0.04691680148243904 -0.0020000000949949026 -0.03991840034723282
v 0.04358480125665665 -0.0020000000949949026 -0.04008509963750839
v 0.04511279985308647 -0.0020000000949949026 -0.042921099811792374
v 0.04877930134534836 -0.0020000000949949026 -0.037050701677799225
v -0.0383772999048233 -0.0020000000949949026 -0.04426399990916252
v -0.04098460078239441 -0.0020000000949949026 -0.041161198168992996
v -0.043946899473667145 -0.0020000000949949026 -0.04200189933180809
v -0.04133959859609604 -0.0020000000949949026 -0.04510460048913956
v -0.03895239904522896 -0.0020000000949949026 -0.047386299818754196
v 0.04721210151910782 -0.0020000000949949026 0.03000679984688759
v 0.05131860077381134 -0.0020000000949949026 0.030368799343705177
v 0.04924830049276352 -0.0020000000949949026 0.03307089954614639
v 0.05018959939479828 -0.0020000000949949026 0.0236176997423172
v 0.05280730128288269 -0.0020000000949949026 0.027174299582839012
v 0.04870089888572693 -0.0020000000949949026 0.026812300086021423
v 0.05379730090498924 -0.0020000000949949026 0.023990999907255173
v -0.05267779901623726 -0.0020000000949949026 -0.018584100529551506
v -0.05545689910650253 -0.0020000000949949026 -0.021772900596261024
v -0.056344401091337204 -0.0020000000949949026 -0.018466699868440628
v -0.04937779903411865 -0.0020000000949949026 -0.024728799238801003
v -0.051027800887823105 -0.0020000000949949026 -0.021656399592757225
v -0.05380690097808838 -0.0020000000949949026 -0.024845199659466743
v -0.05176379904150963 -0.0020000000949949026 -0.027462400496006012
v -0.04444260150194168 -0.0020000000949949026 0.036211300641298294
v -0.04824740067124367 -0.0020000000949949026 0.03639889881014824
v -0.0463407002389431 -0.0020000000949949026 0.03913259878754616
v -0.044389501214027405 -0.0020000000949949026 0.04246839880943298
v -0.04249139875173569 -0.0020000000949949026 0.03954710066318512
v 0.024578500539064407 -0.0020000000949949026 -0.05353960022330284
v 0.02672390080988407 -0.0020000000949949026 -0.0553722009062767
v 0.02371929958462715 -0.0020000000949949026 -0.05659550055861473
v 0.029615899547934532 -0.0020000000949949026 -0.05347000062465668
v 0.02747040055692196 -0.0020000000949949026 -0.05163729935884476
v 0.05826690047979355 -0.0020000000949949026 0.003762909909710288
v 0.060882799327373505 -0.0020000000949949026 0.005267620086669922
v 0.06091950088739395 -0.0020000000949949026 0.0020323600620031357
v 0.06021159887313843 -0.0020000000949949026 0.008747629821300507
v 0.05759570002555847 -0.0020000000949949026 0.007242919877171516
v -0.024546800181269646 -0.0020000000949949026 0.05269850045442581
v -0.026549100875854492 -0.0020000000949949026 0.054829198867082596
v -0.023617800325155258 -0.0020000000949949026 0.05607549846172333
v -0.02945530042052269 -0.0020000000949949026 0.04847110062837601
v -0.02900329977273941 -0.0020000000949949026 0.052715498954057693
v -0.027000999078154564 -0.0020000000949949026 0.05058480054140091
v -0.031985100358724594 -0.0020000000949949026 0.05101490020751953
v 0.0013582099927589297 -0.0020000000949949026 -0.05861769989132881
v 0.0027233099099248648 -0.0020000000949949026 -0.06157970055937767
v -0.0006995390285737813 -0.0020000000949949026 -0.061276499181985855
v 0.006188610102981329 -0.0020000000949949026 -0.06201209872961044
v 0.004823510069400072 -0.0020000000949949026 -0.05905010178685188
v -0.022573299705982208 -0.0020000000949949026 -0.052393000572919846
v -0.02244270034134388 -0.0020000000949949026 -0.05613800138235092
v -0.025380799546837807 -0.0020000000949949026 -0.05471419915556908
v -0.0177886001765728 -0.0020000000949949026 -0.05665329843759537
v -0.01703139953315258 -0.0020000000949949026 -0.05935940146446228
v -0.020050300285220146 -0.0020000000949949026 -0.05826820060610771
v -0.020181000232696533 -0.0020000000949949026 -0.05452309921383858
v 0.01334530021995306 -0.0020000000949949026 0.056684598326683044
v 0.011774200014770031 -0.0020000000949949026 0.05979689955711365
v 0.01517490018159151 -0.0020000000949949026 0.059450700879096985
v 0.018658200278878212 -0.0020000000949949026 0.05926769971847534
v 0.01682860031723976 -0.0020000000949949026 0.0565016008913517
v 0.03492790088057518 -0.0020000000949949026 0.05005529895424843
v 0.033797599375247955 -0.0020000000949949026 0.04306590184569359
v 0.036332398653030396 -0.0020000000949949026 0.04659929871559143
v 0.03239310160279274 -0.0020000000949949026 0.046521998941898346
v 0.039868298918008804 -0.0020000000949949026 0.046340201050043106
v 0.037333499640226364 -0.0020000000949949026 0.042806901037693024
v 0.055629801005125046 -0.0020000000949949026 -0.020924199372529984
v 0.05518599972128868 -0.0020000000949949026 -0.014605600386857986
v 0.05831709876656532 -0.0020000000949949026 -0.020057400688529015
v 0.05809520184993744 -0.0020000000949949026 -0.016898000612854958
v 0.05540790036320686 -0.0020000000949949026 -0.017764899879693985
v 0.05877229943871498 -0.0020000000949949026 -0.01370679959654808
v 0.05738380178809166 -0.0020000000949949026 -0.023156199604272842
v -0.058001600205898285 -0.0020000000949949026 0.014413099735975266
v -0.06044749915599823 -0.0020000000949949026 0.013472800143063068
v -0.05967659875750542 -0.0020000000949949026 0.016754599288105965
v -0.05536859855055809 -0.0020000000949949026 0.019494500011205673
v -0.05836020037531853 -0.0020000000949949026 0.01929529942572117
v -0.057141199707984924 -0.0020000000949949026 0.022220000624656677
v -0.05668510124087334 -0.0020000000949949026 0.01695379987359047
v -0.007126309908926487 -0.0020000000949949026 0.05810970067977905
v -0.008659060113132 -0.0020000000949949026 0.0607106015086174
v -0.0053952899761497974 -0.0020000000949949026 0.0610882006585598
v -0.0038876899052411318 -0.0020000000949949026 0.058015499264001846
v 0.0024242799263447523 -0.0020000000949949026 0.051527198404073715
v 0.0008876019855961204 -0.0020000000949949026 0.05472429841756821
v 0.00441179983317852 -0.0020000000949949026 0.05445469915866852
v -0.004578069783747196 -0.0020000000949949026 0.05203710123896599
v -0.005852189846336842 -0.0020000000949949026 0.05507339909672737
v -0.00261357007548213 -0.0020000000949949026 0.05497920140624046
v -0.0010768900392577052 -0.0020000000949949026 0.05178210139274597
v 0.00948225986212492 -0.0020000000949949026 0.05085249990224838
v 0.009872299619019032 -0.0020000000949949026 0.05703340098261833
v 0.007940789684653282 -0.0020000000949949026 0.05411740019917488
v 0.011413799598813057 -0.0020000000949949026 0.053768500685691833
v 0.005953270010650158 -0.0020000000949949026 0.05118979886174202
v 0.005508109927177429 -0.0020000000949949026 0.045113999396562576
v -0.0015613699797540903 -0.0020000000949949026 0.04565669968724251
v 0.003966189920902252 -0.0020000000949949026 0.048320598900318146
v 0.000431455991929397 -0.0020000000949949026 0.04859200119972229
v 0.0019733700901269913 -0.0020000000949949026 0.04538540169596672
v -0.003069719998165965 -0.0020000000949949026 0.04884690046310425
v 0.007495190016925335 -0.0020000000949949026 0.04798319935798645
v 0.016670700162649155 -0.0020000000949949026 0.05042779818177223
v 0.012600000016391277 -0.0020000000949949026 0.044584501534700394
v 0.013076500035822392 -0.0020000000949949026 0.05064019933342934
v 0.011041100136935711 -0.0020000000949949026 0.04771849885582924
v 0.014635399915277958 -0.0020000000949949026 0.04750619828701019
v 0.009054060094058514 -0.0020000000949949026 0.044849198311567307
v 0.01500799972563982 -0.0020000000949949026 0.05355620011687279
v 0.001525030005723238 -0.0020000000949949026 0.03926889970898628
v -1.8169199393014424e-05 -0.0020000000949949026 0.042462799698114395
v 0.0035165699664503336 -0.0020000000949949026 0.04219140112400055
v 0.008596809580922127 -0.0020000000949949026 0.03875010088086128
v 0.010598399676382542 -0.0020000000949949026 0.04166730120778084
v 0.007052460219711065 -0.0020000000949949026 0.04193200170993805
v 0.005060920026153326 -0.0020000000949949026 0.03900950029492378
v -0.008531020022928715 -0.0020000000949949026 0.04617350175976753
v -0.005046200007200241 -0.0020000000949949026 0.04591510072350502
v -0.006554539781063795 -0.0020000000949949026 0.04910530149936676
v -0.005545599851757288 -0.0020000000949949026 0.03978950157761574
v -0.007038310170173645 -0.0020000000949949026 0.042981501668691635
v -0.0035534799098968506 -0.0020000000949949026 0.04272310063242912
v -0.0020102800335735083 -0.0020000000949949026 0.03952920064330101
v -0.002459469949826598 -0.0020000000949949026 0.03340670093894005
v 0.004612470045685768 -0.0020000000949949026 0.032889001071453094
v -0.000467219011625275 -0.0020000000949949026 0.036337800323963165
v 0.001076500047929585 -0.0020000000949949026 0.03314780071377754
v 0.003068750025704503 -0.0020000000949949026 0.03607890009880066
v 0.0066046398133039474 -0.0020000000949949026 0.03581950068473816
v -0.004002530127763748 -0.0020000000949949026 0.03659810125827789
v 0.011684400029480457 -0.0020000000949949026 0.03237039968371391
v 0.015675300732254982 -0.0020000000949949026 0.03823380172252655
v 0.013679799623787403 -0.0020000000949949026 0.03530209884047508
v 0.012136000208556652 -0.0020000000949949026 0.03849190101027489
v 0.010140599682927132 -0.0020000000949949026 0.03556020185351372
v 0.014137700200080872 -0.0020000000949949026 0.04140910133719444
v 0.008148419670760632 -0.0020000000949949026 0.032629698514938354
v 0.0006278399960137904 -0.0020000000949949026 0.02702369913458824
v -0.0009158150060102344 -0.0020000000949949026 0.030215200036764145
v 0.002620150102302432 -0.0020000000949949026 0.02995629981160164
v 0.007699769921600819 -0.0020000000949949026 0.02650569938123226
v 0.006156119983643293 -0.0020000000949949026 0.029697300866246223
v 0.009692070074379444 -0.0020000000949949026 0.02943810075521469
v 0.004163810051977634 -0.0020000000949949026 0.026764700189232826
v -0.009530000388622284 -0.0020000000949949026 0.033924300223588943
v -0.0059947301633656025 -0.0020000000949949026 0.033665500581264496
v -0.007537799887359142 -0.0020000000949949026 0.03685690090060234
v -0.00644409004598856 -0.0020000000949949026 0.02754179947078228
v -0.004451780114322901 -0.0020000000949949026 0.03047429956495762
v -0.002908129943534732 -0.0020000000949949026 0.027282800525426865
v -0.007987040095031261 -0.0020000000949949026 0.030733099207282066
v -0.0033567999489605427 -0.0020000000949949026 0.021158400923013687
v 0.0037151400465518236 -0.0020000000949949026 0.02064030058681965
v -0.0013644800055772066 -0.0020000000949949026 0.024091100320219994
v 0.00017917000513989478 -0.0020000000949949026 0.020899400115013123
v 0.0021714901085942984 -0.0020000000949949026 0.02383200079202652
v 0.00570745998993516 -0.0020000000949949026 0.023572999984025955
v -0.0049004401080310345 -0.0020000000949949026 0.02435009926557541
v 0.010787099599838257 -0.0020000000949949026 0.02012230083346367
v 0.0072511001490056515 -0.0020000000949949026 0.020381299778819084
v 0.009243420325219631 -0.0020000000949949026 0.02331399917602539
v 0.014771699905395508 -0.0020000000949949026 0.025987600907683372
v 0.012779399752616882 -0.0020000000949949026 0.023054899647831917
v 0.011235699988901615 -0.0020000000949949026 0.026246700435876846
v 0.01322800014168024 -0.0020000000949949026 0.029178999364376068
v 0.006802429910749197 -0.0020000000949949026 0.014256900176405907
v 0.008794750086963177 -0.0020000000949949026 0.017189599573612213
v 0.005258779972791672 -0.0020000000949949026 0.017448600381612778
v -0.00026950499159283936 -0.0020000000949949026 0.01477499958127737
v 0.0017228199867531657 -0.0020000000949949026 0.01770769990980625
v -0.0018131500110030174 -0.0020000000949949026 0.017966700717806816
v 0.0032664600294083357 -0.0020000000949949026 0.014515900053083897
v -0.007341439835727215 -0.0020000000949949026 0.015293000265955925
v -0.005349120125174522 -0.0020000000949949026 0.01822569966316223
v -0.0038054699543863535 -0.0020000000949949026 0.015034000389277935
v -0.010428699664771557 -0.0020000000949949026 0.021676499396562576
v -0.006892759818583727 -0.0020000000949949026 0.02141750045120716
v -0.008436409756541252 -0.0020000000949949026 0.024609200656414032
v -0.008885079994797707 -0.0020000000949949026 0.018484799191355705
v -0.004254150204360485 -0.0020000000949949026 0.008909530006349087
v -0.0057977898977696896 -0.0020000000949949026 0.012101300060749054
v -0.0022618300281465054 -0.0020000000949949026 0.011842199601233006
v 0.0028177800122648478 -0.0020000000949949026 0.00839145015925169
v -0.0007181810215115547 -0.0020000000949949026 0.008650490082800388
v 0.0012741399696096778 -0.0020000000949949026 0.011583199724555016
v 0.004810110200196505 -0.0020000000949949026 0.011324199847877026
v 0.009889720007777214 -0.0020000000949949026 0.007873360067605972
v 0.006353749893605709 -0.0020000000949949026 0.00813239999115467
v 0.008346069604158401 -0.0020000000949949026 0.011065100319683552
v 0.013874400407075882 -0.0020000000949949026 0.013738799840211868
v 0.010338399559259415 -0.0020000000949949026 0.013997799716889858
v 0.011881999671459198 -0.0020000000949949026 0.010806100443005562
v 0.01233069971203804 -0.0020000000949949026 0.01693050004541874
v -0.0011668599909171462 -0.0020000000949949026 0.0025260199327021837
v 0.005905069876462221 -0.0020000000949949026 0.0020079300738871098
v 0.0008254640270024538 -0.0020000000949949026 0.005458729807287455
v 0.002369110006839037 -0.0020000000949949026 0.002266969997435808
v 0.004361430183053017 -0.0020000000949949026 0.005199689883738756
v -0.002710500033572316 -0.0020000000949949026 0.005717779975384474
v 0.007897400297224522 -0.0020000000949949026 0.004940640181303024
v -0.00823878962546587 -0.0020000000949949026 0.0030441100243479013
v -0.011326099745929241 -0.0020000000949949026 0.009427620097994804
v -0.0062464699149131775 -0.0020000000949949026 0.005976819898933172
v -0.007790110073983669 -0.0020000000949949026 0.009168580174446106
v -0.009782429784536362 -0.0020000000949949026 0.006235859822481871
v -0.004702819976955652 -0.0020000000949949026 0.002785060089081526
v -0.009333759546279907 -0.0020000000949949026 0.012360299937427044
v -0.00515149999409914 -0.0020000000949949026 -0.003339410061016679
v -0.006695140153169632 -0.0020000000949949026 -0.0001476519973948598
v -0.003159180050715804 -0.0020000000949949026 -0.00040669599547982216
v 0.001920429989695549 -0.0020000000949949026 -0.0038574999198317528
v 0.0003767870075535029 -0.0020000000949949026 -0.000665739004034549
v 0.003912750165909529 -0.0020000000949949026 -0.0009247830021195114
v -0.001615529996342957 -0.0020000000949949026 -0.0035984499845653772
v 0.008992359973490238 -0.0020000000949949026 -0.004375580232590437
v 0.005456400103867054 -0.0020000000949949026 -0.004116539843380451
v 0.007448719814419746 -0.0020000000949949026 -0.0011838299687951803
v 0.012977000325918198 -0.0020000000949949026 0.0014898499939590693
v 0.009441040456295013 -0.0020000000949949026 0.0017488900339230895
v 0.011433400213718414 -0.0020000000949949026 0.0046815997920930386
v 0.010984700173139572 -0.0020000000949949026 -0.0014428700087592006
v -0.002064209897071123 -0.0020000000949949026 -0.009722930379211903
v -0.003607850056141615 -0.0020000000949949026 -0.006531170103698969
v -7.18891024007462e-05 -0.0020000000949949026 -0.006790210027247667
v 0.005007720086723566 -0.0020000000949949026 -0.010240999981760979
v 0.0034640799276530743 -0.0020000000949949026 -0.0070492601953446865
v 0.0014717599842697382 -0.0020000000949949026 -0.009981970302760601
v 0.0070000397972762585 -0.0020000000949949026 -0.007308300118893385
v -0.012223400175571442 -0.0020000000949949026 -0.002821319969370961
v -0.0091361403465271 -0.0020000000949949026 -0.009204840287566185
v -0.010679800063371658 -0.0020000000949949026 -0.006013080012053251
v -0.00714382017031312 -0.0020000000949949026 -0.00627211993560195
v -0.008687470108270645 -0.0020000000949949026 -0.0030803699046373367
v -0.010231100022792816 -0.0020000000949949026 0.00011139099660795182
v -0.005600180011242628 -0.0020000000949949026 -0.009463880211114883
v -0.006048849783837795 -0.0020000000949949026 -0.015588399954140186
v -0.007592500187456608 -0.0020000000949949026 -0.012396600097417831
v -0.004056530073285103 -0.0020000000949949026 -0.012655599974095821
v 0.0010230799671262503 -0.0020000000949949026 -0.01610640063881874
v -0.0005205650231800973 -0.0020000000949949026 -0.01291470043361187
v 0.0030153999105095863 -0.0020000000949949026 -0.01317370031028986
v -0.002512889914214611 -0.0020000000949949026 -0.015847399830818176
v 0.016064299270510674 -0.0020000000949949026 -0.004893669858574867
v 0.014520700089633465 -0.0020000000949949026 -0.0017019100487232208
v 0.012528300285339355 -0.0020000000949949026 -0.004634629935026169
v 0.012079699896275997 -0.0020000000949949026 -0.010759100317955017
v 0.008543689735233784 -0.0020000000949949026 -0.010500100441277027
v 0.01053600013256073 -0.0020000000949949026 -0.007567340042442083
v 0.014072000049054623 -0.0020000000949949026 -0.007826389744877815
v -0.016208099201321602 -0.0020000000949949026 -0.008686750195920467
v -0.013120800256729126 -0.0020000000949949026 -0.015070299617946148
v -0.012672100216150284 -0.0020000000949949026 -0.008945800364017487
v -0.01466440036892891 -0.0020000000949949026 -0.011878499761223793
v -0.0111285001039505 -0.0020000000949949026 -0.012137600220739841
v -0.0095848198980093 -0.0020000000949949026 -0.015329300425946712
v -0.014215799979865551 -0.0020000000949949026 -0.005754040088504553
v -0.010033500380814075 -0.0020000000949949026 -0.021453799679875374
v -0.011577099561691284 -0.0020000000949949026 -0.018262000754475594
v -0.008041170425713062 -0.0020000000949949026 -0.018521100282669067
v -0.002961559919640422 -0.0020000000949949026 -0.021971900016069412
v -0.004505210090428591 -0.0020000000949949026 -0.018780099228024483
v -0.0009692420135252178 -0.0020000000949949026 -0.019039200618863106
v -0.006497529800981283 -0.0020000000949949026 -0.02171280048787594
v -0.020192699506878853 -0.0020000000949949026 -0.014552200213074684
v -0.017105400562286377 -0.0020000000949949026 -0.020935699343681335
v -0.016656700521707535 -0.0020000000949949026 -0.014811200089752674
v -0.01864909939467907 -0.0020000000949949026 -0.017743900418281555
v -0.015113100409507751 -0.0020000000949949026 -0.01800299994647503
v -0.018200399354100227 -0.0020000000949949026 -0.011619499884545803
v -0.013569500297307968 -0.0020000000949949026 -0.0211947001516819
v -0.019295400008559227 -0.0020000000949949026 -0.0023032398894429207
v -0.01575939916074276 -0.0020000000949949026 -0.0025622800458222628
v -0.017751699313521385 -0.0020000000949949026 -0.005494989920407534
v -0.023280000314116478 -0.0020000000949949026 -0.00816867034882307
v -0.021736400201916695 -0.0020000000949949026 -0.01136040035635233
v -0.01974399946630001 -0.0020000000949949026 -0.008427710272371769
v -0.021287700161337852 -0.0020000000949949026 -0.005235949996858835
v -0.014018099755048752 -0.0020000000949949026 -0.027319200336933136
v -0.006946209818124771 -0.0020000000949949026 -0.027837300673127174
v -0.012025799602270126 -0.0020000000949949026 -0.02438649907708168
v -0.010482200421392918 -0.0020000000949949026 -0.02757829986512661
v -0.008489849977195263 -0.0020000000949949026 -0.024645499885082245
v -0.004953879863023758 -0.0020000000949949026 -0.02490459941327572
v -0.015561800450086594 -0.0020000000949949026 -0.024127500131726265
v 0.0001257270050700754 -0.0020000000949949026 -0.028355399146676064
v 0.004110369831323624 -0.0020000000949949026 -0.02249000035226345
v -0.0014179199934005737 -0.0020000000949949026 -0.025163600221276283
v 0.0021180498879402876 -0.0020000000949949026 -0.025422699749469757
v 0.0005744029767811298 -0.0020000000949949026 -0.022230900824069977
v -0.00341023993678391 -0.0020000000949949026 -0.02809629961848259
v 0.0025667198933660984 -0.0020000000949949026 -0.01929819956421852
v -0.024177400395274162 -0.0020000000949949026 -0.020417600870132446
v -0.02218499965965748 -0.0020000000949949026 -0.01748489961028099
v -0.020641399547457695 -0.0020000000949949026 -0.02067670039832592
v -0.02726460061967373 -0.0020000000949949026 -0.014034099876880646
v -0.02372870035469532 -0.0020000000949949026 -0.014293099753558636
v -0.025272300466895103 -0.0020000000949949026 -0.011101399548351765
v -0.025721000507473946 -0.0020000000949949026 -0.017225900664925575
v -0.030351899564266205 -0.0020000000949949026 -0.007650579791516066
v -0.026367299258708954 -0.0020000000949949026 -0.0017851500306278467
v -0.026815999299287796 -0.0020000000949949026 -0.007909620180726051
v -0.02482360042631626 -0.0020000000949949026 -0.004976910073310137
v -0.02835959941148758 -0.0020000000949949026 -0.004717859905213118
v -0.02880829945206642 -0.0020000000949949026 -0.01084230002015829
v -0.022831300273537636 -0.0020000000949949026 -0.002044189954176545
v -0.0038589199539273977 -0.0020000000949949026 -0.034220799803733826
v -0.005402559880167246 -0.0020000000949949026 -0.031029099598526955
v -0.0018665899988263845 -0.0020000000949949026 -0.03128809854388237
v -0.010930799879133701 -0.0020000000949949026 -0.033702701330184937
v -0.007394880056381226 -0.0020000000949949026 -0.03396179899573326
v -0.008938530460000038 -0.0020000000949949026 -0.03077000007033348
v -0.012474499642848969 -0.0020000000949949026 -0.030510999262332916
v 0.0032130200415849686 -0.0020000000949949026 -0.034738898277282715
v 0.007197659928351641 -0.0020000000949949026 -0.028873499482870102
v 0.005205340217798948 -0.0020000000949949026 -0.03180620074272156
v 0.0036616900470107794 -0.0020000000949949026 -0.028614399954676628
v 0.0016693699872121215 -0.0020000000949949026 -0.031547099351882935
v 0.0056540099903941154 -0.0020000000949949026 -0.02568170055747032
v -0.0003229500143788755 -0.0020000000949949026 -0.03447990119457245
v -0.034336600452661514 -0.0020000000949949026 -0.013515999540686607
v -0.03124929964542389 -0.0020000000949949026 -0.019899500533938408
v -0.03279289975762367 -0.0020000000949949026 -0.016707800328731537
v -0.029256999492645264 -0.0020000000949949026 -0.016966799274086952
v -0.030800599604845047 -0.0020000000949949026 -0.013775100000202656
v -0.02771330066025257 -0.0020000000949949026 -0.02015860006213188
v -0.03234430029988289 -0.0020000000949949026 -0.010583300143480301
v -0.03742390125989914 -0.0020000000949949026 -0.007132490165531635
v -0.0358802005648613 -0.0020000000949949026 -0.010324199683964252
v -0.03388790041208267 -0.0020000000949949026 -0.007391539867967367
v -0.03343920037150383 -0.0020000000949949026 -0.001267060055397451
v -0.03189560025930405 -0.0020000000949949026 -0.004458819981664419
v -0.02990330010652542 -0.0020000000949949026 -0.0015261099906638265
v -0.035431500524282455 -0.0020000000949949026 -0.004199780058115721
v -0.02945460006594658 -0.0020000000949949026 0.00459836982190609
v -0.027910899370908737 -0.0020000000949949026 0.0014066100120544434
v -0.031446900218725204 -0.0020000000949949026 0.0016656500520184636
v -0.022382700815796852 -0.0020000000949949026 0.0040802801959216595
v -0.02083900012075901 -0.0020000000949949026 0.0008885210263542831
v -0.02437499910593033 -0.0020000000949949026 0.001147559960372746
v -0.02591859921813011 -0.0020000000949949026 0.004339320119470358
v -0.036526501178741455 -0.0020000000949949026 0.005116450134664774
v -0.04050790145993233 -0.0020000000949949026 -0.0007474030135199428
v -0.03498290106654167 -0.0020000000949949026 0.0019246999872848392
v -0.03851719945669174 -0.0020000000949949026 0.002184530021622777
v -0.03697359934449196 -0.0020000000949949026 -0.001007230021059513
v -0.038965899497270584 -0.0020000000949949026 -0.003939949907362461
v -0.03299050033092499 -0.0020000000949949026 0.0048574102111160755
v -0.032541900873184204 -0.0020000000949949026 0.010981899686157703
v -0.030998200178146362 -0.0020000000949949026 0.007790119852870703
v -0.03453420102596283 -0.0020000000949949026 0.008049169555306435
v -0.02546989917755127 -0.0020000000949949026 0.01046380028128624
v -0.027462299913167953 -0.0020000000949949026 0.007531079929322004
v -0.029005900025367737 -0.0020000000949949026 0.01072280015796423
v -0.023926300927996635 -0.0020000000949949026 0.007272040005773306
v 0.01696160063147545 -0.0020000000949949026 0.007355269975960255
v 0.020048899576067924 -0.0020000000949949026 0.0009717579814605415
v 0.014969299547374249 -0.0020000000949949026 0.00442255986854434
v 0.016512999311089516 -0.0020000000949949026 0.0012307999422773719
v 0.01850529946386814 -0.0020000000949949026 0.004163519944995642
v 0.01342570036649704 -0.0020000000949949026 0.007614320144057274
v 0.0180565994232893 -0.0020000000949949026 -0.0019609599839895964
v 0.0191516000777483 -0.0020000000949949026 -0.01127719972282648
v 0.015615600161254406 -0.0020000000949949026 -0.011018100194633007
v 0.017607899382710457 -0.0020000000949949026 -0.008085429668426514
v 0.02313620038330555 -0.0020000000949949026 -0.005411759950220585
v 0.01960030011832714 -0.0020000000949949026 -0.005152709782123566
v 0.021592600271105766 -0.0020000000949949026 -0.002219999907538295
v 0.021143900230526924 -0.0020000000949949026 -0.008344469591975212
v 0.02712089940905571 -0.0020000000949949026 0.00045367100392468274
v 0.023584900423884392 -0.0020000000949949026 0.0007127149729058146
v 0.025128500536084175 -0.0020000000949949026 -0.002479040063917637
v 0.024033600464463234 -0.0020000000949949026 0.006837190128862858
v 0.020497599616646767 -0.0020000000949949026 0.007096230052411556
v 0.02204130031168461 -0.0020000000949949026 0.003904470009729266
v 0.025577200576663017 -0.0020000000949949026 0.0036454300861805677
v 0.026223499327898026 -0.0020000000949949026 -0.01179530005902052
v 0.024679899215698242 -0.0020000000949949026 -0.008603519760072231
v 0.022687600925564766 -0.0020000000949949026 -0.01153619959950447
v 0.030208200216293335 -0.0020000000949949026 -0.005929839797317982
v 0.026672199368476868 -0.0020000000949949026 -0.005670799873769283
v 0.028664499521255493 -0.0020000000949949026 -0.0027380899991840124
v 0.02821579948067665 -0.0020000000949949026 -0.00886255968362093
v 0.03110549971461296 -0.0020000000949949026 0.00631910003721714
v 0.03419189900159836 -0.0020000000949949026 -6.486920028692111e-05
v 0.029113199561834335 -0.0020000000949949026 0.0033863899298012257
v 0.030656399205327034 -0.0020000000949949026 0.0001944010000443086
v 0.03264870122075081 -0.0020000000949949026 0.003127119969576597
v 0.03220000118017197 -0.0020000000949949026 -0.002997359959408641
v 0.027569500729441643 -0.0020000000949949026 0.006578139960765839
v 0.0332954004406929 -0.0020000000949949026 -0.012313400395214558
v 0.03728010132908821 -0.0020000000949949026 -0.006447929888963699
v 0.035287801176309586 -0.0020000000949949026 -0.009380649775266647
v 0.033744100481271744 -0.0020000000949949026 -0.006188889965415001
v 0.03175180032849312 -0.0020000000949949026 -0.009121599607169628
v 0.035735998302698135 -0.0020000000949949026 -0.003256400115787983
v 0.029759500175714493 -0.0020000000949949026 -0.01205429993569851
v 0.02931080013513565 -0.0020000000949949026 -0.018178800120949745
v 0.027767200022935867 -0.0020000000949949026 -0.01498700026422739
v 0.031303100287914276 -0.0020000000949949026 -0.015246099792420864
v 0.022238900884985924 -0.0020000000949949026 -0.017660699784755707
v 0.0242311991751194 -0.0020000000949949026 -0.0147280003875494
v 0.025774799287319183 -0.0020000000949949026 -0.01791970059275627
v 0.020695200189948082 -0.0020000000949949026 -0.014468899928033352
v 0.02094629965722561 -0.0020000000949949026 0.013220700435340405
v 0.018953999504446983 -0.0020000000949949026 0.010288000106811523
v 0.022489899769425392 -0.0020000000949949026 0.010028899647295475
v 0.028018200770020485 -0.0020000000949949026 0.012702600099146366
v 0.02602590061724186 -0.0020000000949949026 0.009769899770617485
v 0.029561899602413177 -0.0020000000949949026 0.009510859847068787
v 0.024482300505042076 -0.0020000000949949026 0.01296169962733984
v 0.03509020060300827 -0.0020000000949949026 0.012184499762952328
v 0.03817740082740784 -0.0020000000949949026 0.005801009945571423
v 0.033097799867391586 -0.0020000000949949026 0.009251809678971767
v 0.03464150056242943 -0.0020000000949949026 0.006060060113668442
v 0.036633800715208054 -0.0020000000949949026 0.008992769755423069
v 0.03618469834327698 -0.0020000000949949026 0.0028680700343102217
v 0.0315541997551918 -0.0020000000949949026 0.012443600222468376
v 0.032002899795770645 -0.0020000000949949026 0.018567999824881554
v 0.03354649990797043 -0.0020000000949949026 0.015376299619674683
v 0.03001050092279911 -0.0020000000949949026 0.015635300427675247
v 0.02493089996278286 -0.0020000000949949026 0.019086100161075592
v 0.022938599810004234 -0.0020000000949949026 0.016153400763869286
v 0.0264746006578207 -0.0020000000949949026 0.01589439995586872
v 0.028466900810599327 -0.0020000000949949026 0.018827099353075027
v -0.028162000700831413 -0.0020000000949949026 -0.02628299966454506
v -0.021090099588036537 -0.0020000000949949026 -0.026801100000739098
v -0.024625999853014946 -0.0020000000949949026 -0.026542099192738533
v -0.02263369970023632 -0.0020000000949949026 -0.023609399795532227
v -0.026169700548052788 -0.0020000000949949026 -0.023350300267338753
v -0.029705600813031197 -0.0020000000949949026 -0.023091299459338188
v -0.019097700715065002 -0.0020000000949949026 -0.02386840060353279
v -0.007829389534890652 -0.0020000000949949026 -0.04008039832115173
v -0.009380119852721691 -0.0020000000949949026 -0.036891501396894455
v -0.0058441502042114735 -0.0020000000949949026 -0.03715059906244278
v -0.0007716260151937604 -0.0020000000949949026 -0.040604300796985626
v -0.0023152700159698725 -0.0020000000949949026 -0.037412598729133606
v 0.0012206899700686336 -0.0020000000949949026 -0.03767159953713417
v -0.004300510045140982 -0.0020000000949949026 -0.0403423011302948
v 0.006306559778749943 -0.0020000000949949026 -0.041126798838377
v 0.0027674599550664425 -0.0020000000949949026 -0.04086560010910034
v 0.004759789910167456 -0.0020000000949949026 -0.037932898849248886
v 0.010284899733960629 -0.0020000000949949026 -0.0352570004761219
v 0.006748979911208153 -0.0020000000949949026 -0.03499789908528328
v 0.008741299621760845 -0.0020000000949949026 -0.03206520155072212
v 0.008295750245451927 -0.0020000000949949026 -0.03819189965724945
v -0.014899300411343575 -0.0020000000949949026 -0.0395612008869648
v -0.01291509997099638 -0.0020000000949949026 -0.03663190081715584
v -0.011364299803972244 -0.0020000000949949026 -0.039820801466703415
v -0.01800280064344406 -0.0020000000949949026 -0.03318459913134575
v -0.014466799795627594 -0.0020000000949949026 -0.03344370052218437
v -0.016450999304652214 -0.0020000000949949026 -0.03637290000915527
v -0.016010500490665436 -0.0020000000949949026 -0.030251899734139442
v 0.03638270124793053 -0.0020000000949949026 -0.018696900457143784
v 0.03284680098295212 -0.0020000000949949026 -0.01843780092895031
v 0.03483910113573074 -0.0020000000949949026 -0.015505099669098854
v 0.04035419970750809 -0.0020000000949949026 -0.012831900268793106
v 0.038368500769138336 -0.0020000000949949026 -0.015764400362968445
v 0.036824800074100494 -0.0020000000949949026 -0.012572599574923515
v 0.03881720080971718 -0.0020000000949949026 -0.009639900177717209
v 0.032398100942373276 -0.0020000000949949026 -0.024562299251556396
v 0.030854500830173492 -0.0020000000949949026 -0.021370500326156616
v 0.0343904010951519 -0.0020000000949949026 -0.02162959985435009
v 0.0253261998295784 -0.0020000000949949026 -0.024044200778007507
v 0.027318499982357025 -0.0020000000949949026 -0.02111149951815605
v 0.02886210009455681 -0.0020000000949949026 -0.02430330030620098
v 0.023782499134540558 -0.0020000000949949026 -0.020852500572800636
v -0.04359839856624603 -0.0020000000949949026 0.0056345402263104916
v -0.040062498301267624 -0.0020000000949949026 0.005375499837100506
v -0.04205320030450821 -0.0020000000949949026 0.0024435699451714754
v -0.03961379826068878 -0.0020000000949949026 0.011500000022351742
v -0.038070198148489 -0.0020000000949949026 0.008308210410177708
v -0.03607780113816261 -0.0020000000949949026 0.011240899562835693
v -0.04160609841346741 -0.0020000000949949026 0.008567250333726406
v -0.03562920168042183 -0.0020000000949949026 0.01736539974808693
v -0.037621501833200455 -0.0020000000949949026 0.014432700350880623
v -0.03408550098538399 -0.0020000000949949026 0.014173599891364574
v -0.028557199984788895 -0.0020000000949949026 0.01684729941189289
v -0.03054960072040558 -0.0020000000949949026 0.013914600014686584
v -0.02701359987258911 -0.0020000000949949026 0.013655600138008595
v -0.03209320083260536 -0.0020000000949949026 0.017106400802731514
v 0.041259098798036575 -0.0020000000949949026 -0.0005852250033058226
v 0.03926960006356239 -0.0020000000949949026 -0.0035165799781680107
v 0.037725500762462616 -0.0020000000949949026 -0.00032504700357094407
v 0.044349901378154755 -0.0020000000949949026 -0.007018549833446741
v 0.040814999490976334 -0.0020000000949949026 -0.006733240094035864
v 0.042804498225450516 -0.0020000000949949026 -0.0038018899504095316
v 0.0423520989716053 -0.0020000000949949026 -0.009925209917128086
v -0.038321200758218765 -0.0020000000949949026 -0.01938140019774437
v -0.03632890060544014 -0.0020000000949949026 -0.016448700800538063
v -0.034785300493240356 -0.0020000000949949026 -0.019640499725937843
v -0.03523389995098114 -0.0020000000949949026 -0.02576499991118908
v -0.03677760064601898 -0.0020000000949949026 -0.02257319912314415
v -0.033241599798202515 -0.0020000000949949026 -0.022832199931144714
v -0.03169799968600273 -0.0020000000949949026 -0.026024000719189644
v -0.032146599143743515 -0.0020000000949949026 -0.03214849904179573
v -0.025074699893593788 -0.0020000000949949026 -0.03266660124063492
v -0.028610700741410255 -0.0020000000949949026 -0.032407499849796295
v -0.02661840058863163 -0.0020000000949949026 -0.02947480045258999
v -0.03015430085361004 -0.0020000000949949026 -0.029215799644589424
v -0.023082399740815163 -0.0020000000949949026 -0.029733799397945404
v -0.03369029983878136 -0.0020000000949949026 -0.02895670011639595
v 0.042162101715803146 -0.0020000000949949026 0.011666400358080864
v 0.04016980156302452 -0.0020000000949949026 0.00873372983187437
v 0.03862610086798668 -0.0020000000949949026 0.011925499886274338
v 0.03907480090856552 -0.0020000000949949026 0.018050000071525574
v 0.037082500755786896 -0.0020000000949949026 0.015117200091481209
v 0.035538800060749054 -0.0020000000949949026 0.01830900087952614
v 0.040618401020765305 -0.0020000000949949026 0.014858200214803219
v 0.02891560085117817 -0.0020000000949949026 0.024951599538326263
v 0.035987500101327896 -0.0020000000949949026 0.024433499202132225
v 0.030459199100732803 -0.0020000000949949026 0.021759800612926483
v 0.03399519994854927 -0.0020000000949949026 0.02150079980492592
v 0.03245149925351143 -0.0020000000949949026 0.02469250001013279
v 0.03753120079636574 -0.0020000000949949026 0.021241700276732445
v 0.026923300698399544 -0.0020000000949949026 0.0220187995582819
v -0.04447760060429573 -0.0020000000949949026 -0.006606750190258026
v -0.04140850156545639 -0.0020000000949949026 -0.012997900135815144
v -0.040950700640678406 -0.0020000000949949026 -0.006869620177894831
v -0.04294300079345703 -0.0020000000949949026 -0.009802339598536491
v -0.039416201412677765 -0.0020000000949949026 -0.010065199807286263
v -0.03787250071763992 -0.0020000000949949026 -0.013256999664008617
v -0.04249269887804985 -0.0020000000949949026 -0.0036770799197256565
v 0.011182299815118313 -0.0020000000949949026 -0.02300800010561943
v 0.014269599691033363 -0.0020000000949949026 -0.02939159981906414
v 0.00918998010456562 -0.0020000000949949026 -0.025940800085663795
v 0.01073359977453947 -0.0020000000949949026 -0.029132500290870667
v 0.012725899927318096 -0.0020000000949949026 -0.02619980089366436
v 0.012277299538254738 -0.0020000000949949026 -0.03232429921627045
v 0.007646330166608095 -0.0020000000949949026 -0.022748999297618866
v 0.013372199609875679 -0.0020000000949949026 -0.0416405014693737
v 0.017356999218463898 -0.0020000000949949026 -0.03577509894967079
v 0.01182860042899847 -0.0020000000949949026 -0.038448698818683624
v 0.015364600345492363 -0.0020000000949949026 -0.03870780020952225
v 0.01382100023329258 -0.0020000000949949026 -0.03551609814167023
v 0.015813300386071205 -0.0020000000949949026 -0.03258330002427101
v 0.009839399717748165 -0.0020000000949949026 -0.04138369858264923
v -0.0047562699764966965 -0.0020000000949949026 -0.0464698001742363
v 0.0023432099260389805 -0.0020000000949949026 -0.04697540029883385
v -0.0027639500331133604 -0.0020000000949949026 -0.04353699833154678
v -0.001206530025228858 -0.0020000000949949026 -0.04672259837388992
v 0.0007857930031605065 -0.0020000000949949026 -0.043789900839328766
v 0.004324879962950945 -0.0020000000949949026 -0.04405109956860542
v -0.006292830221354961 -0.0020000000949949026 -0.043275099247694016
v -0.04265059903264046 -0.0020000000949949026 0.017905699089169502
v -0.04668569937348366 -0.0020000000949949026 0.01201810035854578
v -0.04113220050930977 -0.0020000000949949026 0.01470279973000288
v -0.044668201357126236 -0.0020000000949949026 0.014961900189518929
v -0.04314979910850525 -0.0020000000949949026 0.011758999899029732
v -0.03913990035653114 -0.0020000000949949026 0.01763560064136982
v -0.045142099261283875 -0.0020000000949949026 0.00882629957050085
v -0.03164450079202652 -0.0020000000949949026 0.02323080040514469
v -0.030100900679826736 -0.0020000000949949026 0.02003910019993782
v -0.033636800944805145 -0.0020000000949949026 0.020298099145293236
v -0.038716498762369156 -0.0020000000949949026 0.02374890074133873
v -0.03717280179262161 -0.0020000000949949026 0.02055720053613186
v -0.040683500468730927 -0.0020000000949949026 0.02082730084657669
v -0.03518050163984299 -0.0020000000949949026 0.023489899933338165
v -0.024572599679231644 -0.0020000000949949026 0.022712700068950653
v -0.02656489983201027 -0.0020000000949949026 0.019780000671744347
v -0.02810860052704811 -0.0020000000949949026 0.022971799597144127
v -0.021485300734639168 -0.0020000000949949026 0.016329199075698853
v -0.023477600887417793 -0.0020000000949949026 0.013396499678492546
v -0.025021299719810486 -0.0020000000949949026 0.016588300466537476
v -0.02302890084683895 -0.0020000000949949026 0.019520999863743782
v -0.03471070155501366 -0.0020000000949949026 0.029600000008940697
v -0.03317759931087494 -0.0020000000949949026 0.026415400207042694
v -0.036713600158691406 -0.0020000000949949026 0.026674499735236168
v -0.02765990048646927 -0.0020000000949949026 0.029096299782395363
v -0.029652200639247894 -0.0020000000949949026 0.026163499802350998
v -0.031185299158096313 -0.0020000000949949026 0.029348099604249
v -0.026116199791431427 -0.0020000000949949026 0.025904500856995583
v -0.020587900653481483 -0.0020000000949949026 0.028578199446201324
v -0.0241238996386528 -0.0020000000949949026 0.02883720025420189
v -0.022580299526453018 -0.0020000000949949026 0.025645500048995018
v -0.017500700429081917 -0.0020000000949949026 0.022194700315594673
v -0.019493000581860542 -0.0020000000949949026 0.019261900335550308
v -0.021036600694060326 -0.0020000000949949026 0.02245369926095009
v -0.0190443005412817 -0.0020000000949949026 0.025386400520801544
v -0.030747199431061745 -0.0020000000949949026 0.035479798913002014
v -0.029203500598669052 -0.0020000000949949026 0.032287999987602234
v -0.0327288992702961 -0.0020000000949949026 0.03253990039229393
v -0.02367519959807396 -0.0020000000949949026 0.034961700439453125
v -0.025667600333690643 -0.0020000000949949026 0.03202899917960167
v -0.027211200445890427 -0.0020000000949949026 0.03522070124745369
v -0.022131599485874176 -0.0020000000949949026 0.031769901514053345
v 0.03946999832987785 -0.0020000000949949026 -0.025080399587750435
v 0.03593410179018974 -0.0020000000949949026 -0.02482130005955696
v 0.03792639821767807 -0.0020000000949949026 -0.021888600662350655
v 0.04345469921827316 -0.0020000000949949026 -0.019215000793337822
v 0.04146229848265648 -0.0020000000949949026 -0.02214770019054413
v 0.039918698370456696 -0.0020000000949949026 -0.0189558994024992
v 0.0419045016169548 -0.0020000000949949026 -0.01602339930832386
v 0.03542559966444969 -0.0020000000949949026 -0.030880499631166458
v 0.033911798149347305 -0.0020000000949949026 -0.027721399441361427
v 0.03744779899716377 -0.0020000000949949026 -0.02798050083220005
v 0.028413500636816025 -0.0020000000949949026 -0.03042769990861416
v 0.03191950172185898 -0.0020000000949949026 -0.030654100701212883
v 0.03040580078959465 -0.0020000000949949026 -0.027495000511407852
v 0.026869799941778183 -0.0020000000949949026 -0.027235999703407288
v 0.04306729882955551 -0.0020000000949949026 0.023951299488544464
v 0.041071098297834396 -0.0020000000949949026 0.02100059948861599
v 0.03952740132808685 -0.0020000000949949026 0.02419240027666092
v 0.0461466982960701 -0.0020000000949949026 0.017531899735331535
v 0.044606998562812805 -0.0020000000949949026 0.020741600543260574
v 0.04261080175638199 -0.0020000000949949026 0.0177909005433321
v 0.04415439814329147 -0.0020000000949949026 0.014599200338125229
v 0.03290019929409027 -0.0020000000949949026 0.030817000195384026
v 0.030907899141311646 -0.0020000000949949026 0.02788430079817772
v 0.03444389998912811 -0.0020000000949949026 0.027625199407339096
v 0.039961300790309906 -0.0020000000949949026 0.030293699353933334
v 0.04151429980993271 -0.0020000000949949026 0.0271224994212389
v 0.03797439858317375 -0.0020000000949949026 0.027363600209355354
v 0.03643079847097397 -0.0020000000949949026 0.030555300414562225
v 0.021843599155545235 -0.0020000000949949026 0.025469599291682243
v 0.025828300043940544 -0.0020000000949949026 0.031335100531578064
v 0.025379600003361702 -0.0020000000949949026 0.025210600346326828
v 0.027371900156140327 -0.0020000000949949026 0.028143299743533134
v 0.02383599989116192 -0.0020000000949949026 0.02840239927172661
v 0.02936430089175701 -0.0020000000949949026 0.03107599914073944
v 0.023387299850583076 -0.0020000000949949026 0.022277899086475372
v 0.049233999103307724 -0.0020000000949949026 0.01114839967340231
v 0.04524939879775047 -0.0020000000949949026 0.005282930098474026
v 0.045698098838329315 -0.0020000000949949026 0.0114073995500803
v 0.04370570182800293 -0.0020000000949949026 0.008474679663777351
v 0.0472416989505291 -0.0020000000949949026 0.008215639740228653
v 0.04769039899110794 -0.0020000000949949026 0.01434009987860918
v 0.041713401675224304 -0.0020000000949949026 0.005541970022022724
v -0.04756360128521919 -0.0020000000949949026 -0.0002214499982073903
v -0.04558100178837776 -0.0020000000949949026 0.0027065500617027283
v -0.04403569921851158 -0.0020000000949949026 -0.00048442601109854877
v -0.050553299486637115 -0.0020000000949949026 0.006209259852766991
v -0.04707590118050575 -0.0020000000949949026 0.0059218998067080975
v -0.049058400094509125 -0.0020000000949949026 0.0029939101077616215
v -0.048619501292705536 -0.0020000000949949026 0.009113660082221031
v 0.029812900349497795 -0.0020000000949949026 0.03720049932599068
v 0.03135659918189049 -0.0020000000949949026 0.0340087004005909
v 0.02782060019671917 -0.0020000000949949026 0.03426780179142952
v 0.036872200667858124 -0.0020000000949949026 0.03667629882693291
v 0.0348861999809742 -0.0020000000949949026 0.03374670073390007
v 0.033342599868774414 -0.0020000000949949026 0.03693839907646179
v 0.038416799157857895 -0.0020000000949949026 0.03348499909043312
v -0.042305901646614075 -0.0020000000949949026 -0.02524689957499504
v -0.03876990079879761 -0.0020000000949949026 -0.025505900382995605
v -0.04031350091099739 -0.0020000000949949026 -0.022314200177788734
v -0.03925149887800217 -0.0020000000949949026 -0.03157699853181839
v -0.03724269941449165 -0.0020000000949949026 -0.02867100015282631
v -0.03569909930229187 -0.0020000000949949026 -0.03186279907822609
v -0.04077870026230812 -0.0020000000949949026 -0.028411999344825745
v -0.029059400781989098 -0.0020000000949949026 -0.03853200003504753
v -0.03060300089418888 -0.0020000000949949026 -0.03534020110964775
v -0.027067000046372414 -0.0020000000949949026 -0.035599298775196075
v -0.03591740131378174 -0.0020000000949949026 -0.037910401821136475
v -0.03403199836611748 -0.0020000000949949026 -0.03502950072288513
v -0.03758440166711807 -0.0020000000949949026 -0.03474370017647743
v -0.032488398253917694 -0.0020000000949949026 -0.038221199065446854
v 0.02274099923670292 -0.0020000000949949026 0.037718601524829865
v 0.026277000084519386 -0.0020000000949949026 0.0374596007168293
v 0.024284599348902702 -0.0020000000949949026 0.034526798874139786
v 0.018757399171590805 -0.0020000000949949026 0.03185249865055084
v 0.02229280024766922 -0.0020000000949949026 0.03159379959106445
v 0.020300500094890594 -0.0020000000949949026 0.028661100193858147
v 0.020749200135469437 -0.0020000000949949026 0.03478559851646423
v -0.013515999540686607 -0.0020000000949949026 0.028060099110007286
v -0.016602300107479095 -0.0020000000949949026 0.034442901611328125
v -0.017052000388503075 -0.0020000000949949026 0.02831909991800785
v -0.015059100463986397 -0.0020000000949949026 0.03125150129199028
v -0.018595099449157715 -0.0020000000949949026 0.031510498374700546
v -0.020138800144195557 -0.0020000000949949026 0.034702301025390625
v -0.015508299693465233 -0.0020000000949949026 0.02512739971280098
v -0.01969059929251671 -0.0020000000949949026 0.04082709923386574
v -0.018146399408578873 -0.0020000000949949026 0.03763499855995178
v -0.021682899445295334 -0.0020000000949949026 0.03789440169930458
v -0.026762500405311584 -0.0020000000949949026 0.041345201432704926
v -0.02875480055809021 -0.0020000000949949026 0.03841250017285347
v -0.0252189002931118 -0.0020000000949949026 0.03815339878201485
v -0.023226600140333176 -0.0020000000949949026 0.04108620062470436
v -0.018397999927401543 -0.0020000000949949026 0.009945710189640522
v -0.02193400077521801 -0.0020000000949949026 0.01020480040460825
v -0.020390300080180168 -0.0020000000949949026 0.007012989837676287
v -0.015310700051486492 -0.0020000000949949026 0.003562190104275942
v -0.01685439981520176 -0.0020000000949949026 0.006753949914127588
v -0.018846699967980385 -0.0020000000949949026 0.0038212400395423174
v -0.017302999272942543 -0.0020000000949949026 0.0006294780177995563
v 0.02134150080382824 -0.0020000000949949026 -0.02990959957242012
v 0.023333799093961716 -0.0020000000949949026 -0.026976900175213814
v 0.024877499788999557 -0.0020000000949949026 -0.030168699100613594
v 0.018254199996590614 -0.0020000000949949026 -0.02352610044181347
v 0.02179020084440708 -0.0020000000949949026 -0.023785199970006943
v 0.019797900691628456 -0.0020000000949949026 -0.02671789936721325
v 0.0202466007322073 -0.0020000000949949026 -0.020593399181962013
v 0.024428799748420715 -0.0020000000949949026 -0.03629320114850998
v 0.031517498195171356 -0.0020000000949949026 -0.0368225984275341
v 0.027973199263215065 -0.0020000000949949026 -0.03655790165066719
v 0.02996549941599369 -0.0020000000949949026 -0.033625200390815735
v 0.02642109990119934 -0.0020000000949949026 -0.033360399305820465
v 0.022885199636220932 -0.0020000000949949026 -0.0331013984978199
v 0.033471498638391495 -0.0020000000949949026 -0.03385160118341446
v 0.008095010183751583 -0.0020000000949949026 -0.01662449911236763
v 0.015166900120675564 -0.0020000000949949026 -0.01714259944856167
v 0.011630999855697155 -0.0020000000949949026 -0.016883600503206253
v 0.01362330000847578 -0.0020000000949949026 -0.013950900174677372
v 0.010087300091981888 -0.0020000000949949026 -0.013691799715161324
v 0.017159299924969673 -0.0020000000949949026 -0.014209900051355362
v 0.006551370024681091 -0.0020000000949949026 -0.013432799838483334
v -0.04167170077562332 -0.0020000000949949026 0.030053699389100075
v -0.04569059982895851 -0.0020000000949949026 0.024266500025987625
v -0.043681200593709946 -0.0020000000949949026 0.027160100638866425
v -0.042203500866889954 -0.0020000000949949026 0.024007700383663177
v -0.04019410163164139 -0.0020000000949949026 0.026901299133896828
v -0.03819119930267334 -0.0020000000949949026 0.029826899990439415
v -0.044170599430799484 -0.0020000000949949026 0.02108610048890114
v -0.0376925989985466 -0.0020000000949949026 0.03591189906001091
v -0.03620170056819916 -0.0020000000949949026 0.03275600075721741
v -0.0342198982834816 -0.0020000000949949026 0.03569579869508743
v -0.0335238017141819 -0.0020000000949949026 0.04165229946374893
v -0.0321355015039444 -0.0020000000949949026 0.03856600075960159
v -0.0356081984937191 -0.0020000000949949026 0.03878210112452507
v -0.030143199488520622 -0.0020000000949949026 0.04149869829416275
v 0.0463843010365963 -0.0020000000949949026 -0.025491399690508842
v 0.042927201837301254 -0.0020000000949949026 -0.02528589963912964
v 0.04491949826478958 -0.0020000000949949026 -0.022353200241923332
v 0.042368799448013306 -0.0020000000949949026 -0.031324200332164764
v 0.04091940075159073 -0.0020000000949949026 -0.028202300891280174
v 0.03889720141887665 -0.0020000000949949026 -0.03110240027308464
v 0.04437660053372383 -0.0020000000949949026 -0.02840779908001423
v 0.04736049845814705 -0.0020000000949949026 -0.013352099806070328
v 0.045407600700855255 -0.0020000000949949026 -0.01628349907696247
v 0.04385729879140854 -0.0020000000949949026 -0.013092000037431717
v 0.05005339905619621 -0.0020000000949949026 -0.019748199731111526
v 0.04870700091123581 -0.0020000000949949026 -0.016550099477171898
v 0.04675409942865372 -0.0020000000949949026 -0.0194815993309021
v 0.048218898475170135 -0.0020000000949949026 -0.02261980064213276
v 0.026842499151825905 -0.0020000000949949026 0.04372679814696312
v 0.024791700765490532 -0.0020000000949949026 0.04072270169854164
v 0.02832769975066185 -0.0020000000949949026 0.04046360030770302
v 0.030319999903440475 -0.0020000000949949026 0.043396398425102234
v 0.03180519863963127 -0.0020000000949949026 0.04013320058584213
v 0.03533490002155304 -0.0020000000949949026 0.03987110033631325
v -0.028108900412917137 -0.0020000000949949026 0.04490809887647629
v -0.031489498913288116 -0.0020000000949949026 0.04506170004606247
v -0.022558199241757393 -0.0020000000949949026 0.04706139862537384
v -0.024660300463438034 -0.0020000000949949026 0.04420330002903938
v -0.021124400198459625 -0.0020000000949949026 0.04394419863820076
v -0.026006700471043587 -0.0020000000949949026 0.047766201198101044
v -0.012612500227987766 -0.0020000000949949026 0.04030489921569824
v -0.01566929928958416 -0.0020000000949949026 0.04666769877076149
v -0.01615159958600998 -0.0020000000949949026 0.04056600108742714
v -0.01414090022444725 -0.0020000000949949026 0.043486300855875015
v -0.017680000513792038 -0.0020000000949949026 0.043747399002313614
v -0.019113700836896896 -0.0020000000949949026 0.046864498406648636
v -0.014607399702072144 -0.0020000000949949026 0.037373900413513184
v -0.04947010055184364 -0.0020000000949949026 0.01853499934077263
v -0.04606030136346817 -0.0020000000949949026 0.01822040043771267
v -0.04807789996266365 -0.0020000000949949026 0.015276500023901463
v -0.052941400557756424 -0.0020000000949949026 0.01299890037626028
v -0.05174729973077774 -0.0020000000949949026 0.009604079648852348
v -0.04981359839439392 -0.0020000000949949026 0.01250850036740303
v -0.051205698400735855 -0.0020000000949949026 0.015766900032758713
v 0.05128509923815727 -0.0020000000949949026 0.014427299611270428
v 0.04974149912595749 -0.0020000000949949026 0.017619099467992783
v 0.04816820099949837 -0.0020000000949949026 0.020574800670146942
v 0.0517629012465477 -0.0020000000949949026 0.02066200040280819
v 0.046628501266241074 -0.0020000000949949026 0.023784499615430832
v 0.0521186999976635 -0.0020000000949949026 0.004666829947382212
v 0.048684000968933105 -0.0020000000949949026 0.004974879790097475
v 0.05067630112171173 -0.0020000000949949026 0.00790758989751339
v 0.05307929962873459 -0.0020000000949949026 0.01093559991568327
v 0.054521601647138596 -0.0020000000949949026 0.0076948800124228
v 0.019673200324177742 -0.0020000000949949026 0.04412589967250824
v 0.017674200236797333 -0.0020000000949949026 0.04117979854345322
v 0.01920809969305992 -0.0020000000949949026 0.03797620162367821
v 0.02120709978044033 -0.0020000000949949026 0.040922198444604874
v 0.023257799446582794 -0.0020000000949949026 0.04392629861831665
v 0.01721630059182644 -0.0020000000949949026 0.035043101757764816
v 0.017859000712633133 -0.0020000000949949026 0.01960420049726963
v 0.02139499969780445 -0.0020000000949949026 0.019345199689269066
v 0.01985130086541176 -0.0020000000949949026 0.022536899894475937
v 0.018307700753211975 -0.0020000000949949026 0.025728600099682808
v 0.01631530001759529 -0.0020000000949949026 0.0227959007024765
v 0.016764499247074127 -0.0020000000949949026 0.028920000419020653
v -0.014413399621844292 -0.0020000000949949026 0.015811100602149963
v -0.015956999734044075 -0.0020000000949949026 0.019002899527549744
v -0.012420999817550182 -0.0020000000949949026 0.01874379999935627
v -0.01396469958126545 -0.0020000000949949026 0.0219356007874012
v -0.011972400359809399 -0.0020000000949949026 0.024868300184607506
v -0.0179492998868227 -0.0020000000949949026 0.016070200130343437
v 0.039718300104141235 -0.0020000000949949026 0.0026078899390995502
v 0.043254200369119644 -0.0020000000949949026 0.002348850015550852
v 0.04830290004611015 -0.0020000000949949026 -0.0011169200297445059
v 0.044780999422073364 -0.0020000000949949026 -0.0008510740008205175
v 0.04677610099315643 -0.0020000000949949026 0.0020830000285059214
v 0.050210800021886826 -0.0020000000949949026 0.0017749499529600143
v -0.0453931987285614 -0.0020000000949949026 -0.01886329986155033
v -0.03986490145325661 -0.0020000000949949026 -0.0161896999925375
v -0.043400801718235016 -0.0020000000949949026 -0.015930600464344025
v -0.04185720160603523 -0.0020000000949949026 -0.019122399389743805
v -0.04384950175881386 -0.0020000000949949026 -0.02205510064959526
v -0.04450390115380287 -0.0020000000949949026 -0.028071299195289612
v -0.045841798186302185 -0.0020000000949949026 -0.024987800046801567
v -0.04803989827632904 -0.0020000000949949026 -0.027812199667096138
v -0.04297669976949692 -0.0020000000949949026 -0.031236400827765465
v -0.04738549888134003 -0.0020000000949949026 -0.021796099841594696
v -0.04848970100283623 -0.0020000000949949026 -0.012504699639976025
v -0.046941399574279785 -0.0020000000949949026 -0.01568399928510189
v -0.04494909942150116 -0.0020000000949949026 -0.012751299887895584
v -0.05058370158076286 -0.0020000000949949026 -0.015544399619102478
v -0.04903550073504448 -0.0020000000949949026 -0.01872370019555092
v 0.015866700559854507 -0.0020000000949949026 0.016671499237418175
v 0.01741030067205429 -0.0020000000949949026 0.013479700312018394
v 0.019402600824832916 -0.0020000000949949026 0.0164123997092247
v 0.01541799958795309 -0.0020000000949949026 0.010546999983489513
v -0.02153870090842247 -0.0020000000949949026 -0.032925598323345184
v -0.019546400755643845 -0.0020000000949949026 -0.029992900788784027
v -0.021987399086356163 -0.0020000000949949026 -0.03905009850859642
v -0.023531099781394005 -0.0020000000949949026 -0.03585829958319664
v -0.019995100796222687 -0.0020000000949949026 -0.03611740097403526
v -0.02552339993417263 -0.0020000000949949026 -0.038791000843048096
v -0.03221049904823303 -0.0020000000949949026 -0.04399760067462921
v -0.03063490055501461 -0.0020000000949949026 -0.04126479849219322
v -0.034063901752233505 -0.0020000000949949026 -0.04095400124788284
v -0.02580210007727146 -0.0020000000949949026 -0.04483329877257347
v -0.02900630049407482 -0.0020000000949949026 -0.04441550001502037
v -0.02743070013821125 -0.0020000000949949026 -0.04168260097503662
v -0.02389479987323284 -0.0020000000949949026 -0.041941698640584946
v -0.018871799111366272 -0.0020000000949949026 -0.045419901609420776
v -0.020429600030183792 -0.0020000000949949026 -0.04223499819636345
v -0.016885599121451378 -0.0020000000949949026 -0.04249050095677376
v -0.018443400040268898 -0.0020000000949949026 -0.03930560126900673
v -0.02233700081706047 -0.0020000000949949026 -0.045126598328351974
v 0.04358670115470886 -0.0020000000949949026 0.030150199308991432
v 0.045552000403404236 -0.0020000000949949026 0.033069901168346405
v 0.04192660003900528 -0.0020000000949949026 0.0332132987678051
v 0.045139700174331665 -0.0020000000949949026 0.026978999376296997
v 0.04038209840655327 -0.0020000000949949026 0.036404598504304886
v 0.02891550026834011 -0.0020000000949949026 0.04685239866375923
v 0.021793000400066376 -0.0020000000949949026 0.047266799956560135
v 0.025377700105309486 -0.0020000000949949026 0.047067198902368546
v -0.05519700050354004 -0.0020000000949949026 0.010471300221979618
v -0.054002899676561356 -0.0020000000949949026 0.007076479960232973
v -0.05416170135140419 -0.0020000000949949026 0.0006065610214136541
v -0.052357498556375504 -0.0020000000949949026 0.0034079100005328655
v -0.05086269974708557 -0.0020000000949949026 0.00019255600636824965
v -0.055807098746299744 -0.0020000000949949026 0.004275130107998848
v -0.051472000777721405 -0.0020000000949949026 -0.006036549806594849
v -0.04602060094475746 -0.0020000000949949026 -0.0034141000360250473
v -0.04951779916882515 -0.0020000000949949026 -0.003129000077024102
v -0.04797479882836342 -0.0020000000949949026 -0.006321649998426437
v -0.05281690135598183 -0.0020000000949949026 -0.0027149899397045374
v -0.02418770082294941 -0.0020000000949949026 -0.04861310124397278
v -0.02072259970009327 -0.0020000000949949026 -0.04890640079975128
v -0.02758380025625229 -0.0020000000949949026 -0.047549501061439514
v -0.025969399139285088 -0.0020000000949949026 -0.05132929980754852
v -0.03078790009021759 -0.0020000000949949026 -0.047131601721048355
v -0.015428200364112854 -0.0020000000949949026 -0.051660798490047455
v -0.01900080032646656 -0.0020000000949949026 -0.0520269013941288
v -0.017149999737739563 -0.0020000000949949026 -0.048540301620960236
v -0.011759400367736816 -0.0020000000949949026 -0.045923300087451935
v -0.013329300098121166 -0.0020000000949949026 -0.04274220019578934
v -0.015315599739551544 -0.0020000000949949026 -0.045671600848436356
v -0.013593800365924835 -0.0020000000949949026 -0.04879210144281387
v -0.056528400629758835 -0.0020000000949949026 -0.002119889948517084
v -0.05518350005149841 -0.0020000000949949026 -0.005441439803689718
v -0.056884098798036575 -0.0020000000949949026 0.001461060019209981
v -0.05925080180168152 -0.0020000000949949026 -0.0012653899611905217
v -0.04998080059885979 -0.0020000000949949026 -0.009270629845559597
v -0.0464835986495018 -0.0020000000949949026 -0.009555730037391186
v -0.05348129943013191 -0.0020000000949949026 -0.008984239771962166
v -0.05199019983410835 -0.0020000000949949026 -0.012218300253152847
v 0.016136599704623222 -0.0020000000949949026 0.04435519874095917
v 0.020291799679398537 -0.0020000000949949026 0.05041779950261116
v 0.018171900883316994 -0.0020000000949949026 0.047276899218559265
v -0.011522999964654446 -0.0020000000949949026 0.03099220059812069
v -0.01306609995663166 -0.0020000000949949026 0.034183599054813385
v -0.009980049915611744 -0.0020000000949949026 0.027800999581813812
v 0.020892899483442307 -0.0020000000949949026 -0.036034099757671356
v 0.019349200651049614 -0.0020000000949949026 -0.032842401415109634
v 0.01780560053884983 -0.0020000000949949026 -0.029650600627064705
v 0.01626189984381199 -0.0020000000949949026 -0.026458799839019775
v 0.02044459991157055 -0.0020000000949949026 -0.04215890169143677
v 0.018900800496339798 -0.0020000000949949026 -0.03896699845790863
v 0.022436700761318207 -0.0020000000949949026 -0.039225999265909195
v 0.027518900111317635 -0.0020000000949949026 -0.0426785983145237
v 0.02398180030286312 -0.0020000000949949026 -0.0424186997115612
v 0.02597389928996563 -0.0020000000949949026 -0.03948590159416199
v 0.02951820008456707 -0.0020000000949949026 -0.0397505983710289
v 0.03838549926877022 -0.0020000000949949026 -0.03706600144505501
v 0.033052798360586166 -0.0020000000949949026 -0.040008701384067535
v 0.03648670017719269 -0.0020000000949949026 -0.04013039916753769
v 0.034951500594615936 -0.0020000000949949026 -0.036944299936294556
v 0.036905501037836075 -0.0020000000949949026 -0.03397329896688461
v 0.03105350024998188 -0.0020000000949949026 -0.04293670132756233
v 0.018702900037169456 -0.0020000000949949026 -0.01740170083940029
v 0.01671059988439083 -0.0020000000949949026 -0.020334400236606598
v 0.014718299731612206 -0.0020000000949949026 -0.023267099633812904
v 0.013174599967896938 -0.0020000000949949026 -0.020075300708413124
v 0.02319199964404106 -0.0020000000949949026 -0.0483115017414093
v 0.026777200400829315 -0.0020000000949949026 -0.04902330040931702
v 0.028940599411725998 -0.0020000000949949026 -0.046206798404455185
v 0.025355400517582893 -0.0020000000949949026 -0.04549499973654747
v 0.02181830070912838 -0.0020000000949949026 -0.045235201716423035
v 0.01640300080180168 -0.0020000000949949026 -0.04798559844493866
v 0.01488760020583868 -0.0020000000949949026 -0.04481310024857521
v 0.01842379942536354 -0.0020000000949949026 -0.045072298496961594
v 0.016908399760723114 -0.0020000000949949026 -0.041899699717760086
v 0.01979750022292137 -0.0020000000949949026 -0.04814859852194786
v 0.055192798376083374 -0.0020000000949949026 0.004214869812130928
v 0.05430620163679123 -0.0020000000949949026 0.0012490299995988607
v 0.057380300015211105 -0.0020000000949949026 0.000797073997091502
v 0.05239830166101456 -0.0020000000949949026 -0.0016428499948233366
v 0.05154259875416756 -0.0020000000949949026 -0.007777300197631121
v 0.047946300357580185 -0.0020000000949949026 -0.0073979198932647705
v 0.04992280155420303 -0.0020000000949949026 -0.0044471099972724915
v 0.046326398849487305 -0.0020000000949949026 -0.004067739937454462
v 0.05401819944381714 -0.0020000000949949026 -0.004973030183464289
v -0.020283399149775505 -0.0020000000949949026 0.05059419944882393
v -0.02127769961953163 -0.0020000000949949026 0.053412798792123795
v -0.02355249971151352 -0.0020000000949949026 0.049879901111125946
v -0.016838999465107918 -0.0020000000949949026 0.05039739981293678
v -0.010571800172328949 -0.0020000000949949026 0.04323919862508774
v -0.012100200168788433 -0.0020000000949949026 0.04642060026526451
v -0.011219300329685211 -0.0020000000949949026 0.05258519947528839
v -0.009875140152871609 -0.0020000000949949026 0.04937930032610893
v -0.013444299809634686 -0.0020000000949949026 0.04962639883160591
v -0.01461390033364296 -0.0020000000949949026 0.053356099873781204
v -0.009079059585928917 -0.0020000000949949026 0.04004719853401184
v -0.011071300134062767 -0.0020000000949949026 0.03711460158228874
v -0.03975459933280945 -0.0020000000949949026 -0.03798440098762512
v -0.04142170026898384 -0.0020000000949949026 -0.03481769934296608
v -0.03714729845523834 -0.0020000000949949026 -0.04108719900250435
v -0.03529389947652817 -0.0020000000949949026 -0.04413079842925072
v 0.04778379946947098 -0.0020000000949949026 -0.028366800397634506
v 0.04957589879631996 -0.0020000000949949026 -0.025590000674128532
v 0.05141039937734604 -0.0020000000949949026 -0.0227183997631073
v 0.04577609896659851 -0.0020000000949949026 -0.03128319978713989
v 0.04387880116701126 -0.0020000000949949026 -0.03420320153236389
v 0.047286100685596466 -0.0020000000949949026 -0.03416230157017708
v 0.04037709906697273 -0.0020000000949949026 -0.03419509902596474
v 0.04188710078597069 -0.0020000000949949026 -0.03707420080900192
v 0.05261969938874245 -0.0020000000949949026 -0.017176900058984756
v 0.05284160003066063 -0.0020000000949949026 -0.020336199551820755
v 0.054198600351810455 -0.0020000000949949026 -0.023306500166654587
v 0.051273200660943985 -0.0020000000949949026 -0.013978799805045128
v 0.04585520178079605 -0.0020000000949949026 -0.01018530037254095
v 0.04945150017738342 -0.0020000000949949026 -0.01056469976902008
v 0.05336429923772812 -0.0020000000949949026 -0.01119139976799488
v -0.037032000720500946 -0.0020000000949949026 0.04226759821176529
v -0.03443419933319092 -0.0020000000949949026 0.04441560059785843
v -0.03239990025758743 -0.0020000000949949026 0.047825101763010025
v -0.039116401225328445 -0.0020000000949949026 0.03939739987254143
v -0.04106760025024414 -0.0020000000949949026 0.0360615998506546
v -0.04305709898471832 -0.0020000000949949026 0.03313250094652176
v -0.03968219831585884 -0.0020000000949949026 0.03298280015587807
v 0.023885199800133705 -0.0020000000949949026 -0.05092550069093704
v 0.021180100739002228 -0.0020000000949949026 -0.0513123981654644
v 0.02187330089509487 -0.0020000000949949026 -0.05392640084028244
v 0.01778559945523739 -0.0020000000949949026 -0.0511494018137455
v 0.00939754955470562 -0.0020000000949949026 -0.047544900327920914
v 0.011384899728000164 -0.0020000000949949026 -0.04459270089864731
v 0.012900300323963165 -0.0020000000949949026 -0.047765299677848816
v 0.010994300246238708 -0.0020000000949949026 -0.05085340142250061
v 0.014497100375592709 -0.0020000000949949026 -0.051073700189590454
v -0.055471498519182205 -0.0020000000949949026 0.013705999590456486
v -0.05772709846496582 -0.0020000000949949026 0.011178400367498398
v -0.05415499955415726 -0.0020000000949949026 0.016246700659394264
v -0.05241930112242699 -0.0020000000949949026 0.01901479996740818
v -0.05094299837946892 -0.0020000000949949026 0.02170570008456707
v -0.05389219895005226 -0.0020000000949949026 0.02218550071120262
v -0.04905319958925247 -0.0020000000949949026 0.024571500718593597
v -0.0475803017616272 -0.0020000000949949026 0.021400799974799156
v 0.05455169826745987 -0.0020000000949949026 -0.00811586994677782
v -0.05408430099487305 -0.0020000000949949026 -0.0152580002322793
v 0.03887090086936951 -0.0020000000949949026 0.03961209952831268
v -0.011970399878919125 -0.0020000000949949026 0.055128201842308044
v -0.009172789752483368 -0.0020000000949949026 0.05534740164875984
v -0.009923879988491535 -0.0020000000949949026 0.057890500873327255
v -0.007898669689893723 -0.0020000000949949026 0.05231110006570816
v 0.05637339875102043 -0.0020000000949949026 -0.011529999785125256
v 0.01849129982292652 -0.0020000000949949026 0.0533732995390892
v -0.016608400270342827 -0.0020000000949949026 -0.05415700003504753
v -0.00859955046325922 -0.0020000000949949026 -0.05205199867486954
v -0.013891800306737423 -0.0020000000949949026 -0.0544624999165535
v -0.010477500036358833 -0.0020000000949949026 -0.05465799942612648
v -0.012013900093734264 -0.0020000000949949026 -0.051856398582458496
v -0.015072000212967396 -0.0020000000949949026 -0.056958701461553574
v -0.010179500095546246 -0.0020000000949949026 -0.048987600952386856
v -0.009794379584491253 -0.0020000000949949026 -0.043001800775527954
v -0.006677910219877958 -0.0020000000949949026 -0.04926089942455292
v -0.008257820270955563 -0.0020000000949949026 -0.046196501702070236
v -0.007041519973427057 -0.0020000000949949026 -0.055028799921274185
v -0.001545510021969676 -0.0020000000949949026 -0.05248279869556427
v -0.0035145001020282507 -0.0020000000949949026 -0.05524430051445961
v -0.005072529893368483 -0.0020000000949949026 -0.052267398685216904
v -0.003150890115648508 -0.0020000000949949026 -0.049476299434900284
v -0.061666399240493774 -0.0020000000949949026 -0.002660270081833005
v 0.0055582900531589985 -0.0020000000949949026 -0.05325800180435181
v 0.009074700064957142 -0.0020000000949949026 -0.05370989814400673
v 0.006923549808561802 -0.0020000000949949026 -0.05637029930949211
v 0.007477920036762953 -0.0020000000949949026 -0.05040140077471733
v 0.007852049544453621 -0.0020000000949949026 -0.044335901737213135
v 0.005870379973202944 -0.0020000000949949026 -0.04726019874215126
v 0.0039507499895989895 -0.0020000000949949026 -0.05011669918894768
v 0.003458250081166625 -0.0020000000949949026 -0.05593780055642128
v 0.0020063898991793394 -0.0020000000949949026 -0.05287040024995804
v -9.365010191686451e-05 -0.0020000000949949026 -0.05555029958486557
v 0.0003988530079368502 -0.0020000000949949026 -0.04972910135984421
v 0.015220900066196918 -0.0020000000949949026 0.03211149945855141
v 0.014322999864816666 -0.0020000000949949026 0.019863199442625046
v -0.010877399705350399 -0.0020000000949949026 0.015552099794149399
v -0.012869699858129025 -0.0020000000949949026 0.012619400396943092
v -0.01486200001090765 -0.0020000000949949026 0.009686660021543503
v -0.016405699774622917 -0.0020000000949949026 0.012878400273621082
v -0.013318399898707867 -0.0020000000949949026 0.00649490999057889
v -0.011774799786508083 -0.0020000000949949026 0.0033031499478965998
v -0.013767099939286709 -0.0020000000949949026 0.00037043399061076343
v 0.009638659656047821 -0.0020000000949949026 -0.01981629990041256
v 0.006102690007537603 -0.0020000000949949026 -0.019557200372219086
v -0.002062639920040965 -0.0020000000949949026 -0.05831170082092285
v 0.004559049848467112 -0.0020000000949949026 -0.016365500167012215
v -0.04729419946670532 -0.0020000000949949026 0.027376899495720863
v -0.04528480023145676 -0.0020000000949949026 0.030270500108599663
v -0.03650990128517151 -0.0020000000949949026 -0.04644729942083359
v -0.03342650085687637 -0.0020000000949949026 -0.04631410166621208
v -0.019941700622439384 -0.0020000000949949026 0.013137499801814556
v -0.01755410060286522 -0.0020000000949949026 -0.02706019952893257
v 0.04008309915661812 -0.0020000000949949026 -0.04007690027356148
v -0.04667019844055176 -0.0020000000949949026 0.03334920108318329

g grp1
usemtl mtl1
f 1 4 6 
f 4 2 5 
f 6 5 3 
f 5 6 4 
f 2 4 9 
f 4 1 8 
f 9 8 7 
f 8 9 4 
f 10 11 12 
f 11 1 6 
f 12 6 3 
f 6 12 11 
f 1 14 8 
f 14 13 15 
f 8 15 7 
f 15 8 14 
f 16 19 21 
f 19 17 20 
f 21 20 18 
f 20 21 19 
f 17 19 24 
f 19 16 23 
f 24 23 22 
f 23 24 19 
f 17 26 20 
f 26 25 27 
f 20 27 18 
f 27 20 26 
f 28 29 30 
f 29 17 24 
f 30 24 22 
f 24 30 29 
f 2 33 35 
f 33 31 34 
f 35 34 32 
f 34 35 33 
f 31 33 38 
f 33 2 37 
f 38 37 36 
f 37 38 33 
f 3 5 39 
f 5 2 35 
f 39 35 32 
f 35 39 5 
f 2 9 42 
f 9 7 41 
f 42 41 40 
f 41 42 9 
f 2 42 37 
f 42 40 43 
f 37 43 36 
f 43 37 42 
f 44 46 48 
f 46 31 47 
f 48 47 45 
f 47 48 46 
f 31 46 51 
f 46 44 50 
f 51 50 49 
f 50 51 46 
f 45 47 52 
f 47 31 38 
f 52 38 36 
f 38 52 47 
f 31 51 34 
f 51 49 53 
f 34 53 32 
f 53 34 51 
f 54 56 58 
f 56 44 57 
f 58 57 55 
f 57 58 56 
f 44 56 61 
f 56 54 60 
f 61 60 59 
f 60 61 56 
f 44 48 57 
f 48 45 62 
f 57 62 55 
f 62 57 48 
f 49 50 63 
f 50 44 61 
f 63 61 59 
f 61 63 50 
f 64 66 68 
f 66 54 67 
f 68 67 65 
f 67 68 66 
f 54 66 71 
f 66 64 70 
f 71 70 69 
f 70 71 66 
f 65 67 72 
f 67 54 58 
f 72 58 55 
f 58 72 67 
f 59 60 73 
f 60 54 71 
f 73 71 69 
f 71 73 60 
f 74 76 78 
f 76 64 77 
f 78 77 75 
f 77 78 76 
f 64 76 81 
f 76 74 80 
f 81 80 79 
f 80 81 76 
f 75 77 82 
f 77 64 68 
f 82 68 65 
f 68 82 77 
f 64 81 70 
f 81 79 83 
f 70 83 69 
f 83 70 81 
f 84 86 88 
f 86 74 87 
f 88 87 85 
f 87 88 86 
f 74 86 91 
f 86 84 90 
f 91 90 89 
f 90 91 86 
f 74 78 87 
f 78 75 92 
f 87 92 85 
f 92 87 78 
f 79 80 93 
f 80 74 91 
f 93 91 89 
f 91 93 80 
f 94 96 98 
f 96 84 97 
f 98 97 95 
f 97 98 96 
f 84 96 101 
f 96 94 100 
f 101 100 99 
f 100 101 96 
f 95 97 102 
f 97 84 88 
f 102 88 85 
f 88 102 97 
f 84 101 90 
f 101 99 103 
f 90 103 89 
f 103 90 101 
f 104 106 108 
f 106 94 107 
f 108 107 105 
f 107 108 106 
f 94 106 111 
f 106 104 110 
f 111 110 109 
f 110 111 106 
f 94 98 107 
f 98 95 112 
f 107 112 105 
f 112 107 98 
f 99 100 113 
f 100 94 111 
f 113 111 109 
f 111 113 100 
f 104 116 118 
f 116 114 117 
f 118 117 115 
f 117 118 116 
f 114 116 121 
f 116 104 120 
f 121 120 119 
f 120 121 116 
f 104 118 110 
f 118 115 122 
f 110 122 109 
f 122 110 118 
f 119 120 123 
f 120 104 108 
f 123 108 105 
f 108 123 120 
f 124 126 128 
f 126 114 127 
f 128 127 125 
f 127 128 126 
f 114 126 131 
f 126 124 130 
f 131 130 129 
f 130 131 126 
f 115 117 132 
f 117 114 131 
f 132 131 129 
f 131 132 117 
f 114 121 127 
f 121 119 133 
f 127 133 125 
f 133 127 121 
f 16 135 137 
f 135 124 136 
f 137 136 134 
f 136 137 135 
f 124 135 140 
f 135 16 139 
f 140 139 138 
f 139 140 135 
f 134 136 141 
f 136 124 128 
f 141 128 125 
f 128 141 136 
f 124 140 130 
f 140 138 142 
f 130 142 129 
f 142 130 140 
f 16 137 23 
f 137 134 143 
f 23 143 22 
f 143 23 137 
f 138 139 144 
f 139 16 21 
f 144 21 18 
f 21 144 139 
f 145 147 149 
f 147 10 148 
f 149 148 146 
f 148 149 147 
f 146 148 152 
f 148 10 151 
f 152 151 150 
f 151 152 148 
f 150 151 153 
f 151 10 12 
f 153 12 3 
f 12 153 151 
f 154 156 158 
f 156 145 157 
f 158 157 155 
f 157 158 156 
f 145 149 161 
f 149 146 160 
f 161 160 159 
f 160 161 149 
f 162 163 164 
f 163 145 161 
f 164 161 159 
f 161 164 163 
f 145 163 157 
f 163 162 165 
f 157 165 155 
f 165 157 163 
f 166 168 170 
f 168 154 169 
f 170 169 167 
f 169 170 168 
f 167 169 173 
f 169 154 172 
f 173 172 171 
f 172 173 169 
f 154 175 172 
f 175 174 176 
f 172 176 171 
f 176 172 175 
f 174 175 177 
f 175 154 158 
f 177 158 155 
f 158 177 175 
f 13 179 181 
f 179 166 180 
f 181 180 178 
f 180 181 179 
f 166 170 184 
f 170 167 183 
f 184 183 182 
f 183 184 170 
f 185 186 187 
f 186 166 184 
f 187 184 182 
f 184 187 186 
f 166 186 180 
f 186 185 188 
f 180 188 178 
f 188 180 186 
f 13 181 191 
f 181 178 190 
f 191 190 189 
f 190 191 181 
f 7 15 194 
f 15 13 193 
f 194 193 192 
f 193 194 15 
f 192 193 195 
f 193 13 191 
f 195 191 189 
f 191 195 193 
f 25 198 200 
f 198 196 199 
f 200 199 197 
f 199 200 198 
f 25 200 27 
f 200 197 201 
f 27 201 18 
f 201 27 200 
f 196 204 206 
f 204 202 205 
f 206 205 203 
f 205 206 204 
f 196 206 199 
f 206 203 207 
f 199 207 197 
f 207 199 206 
f 202 210 212 
f 210 208 211 
f 212 211 209 
f 211 212 210 
f 203 205 213 
f 205 202 212 
f 213 212 209 
f 212 213 205 
f 208 216 218 
f 216 214 217 
f 218 217 215 
f 217 218 216 
f 208 218 211 
f 218 215 219 
f 211 219 209 
f 219 211 218 
f 214 222 224 
f 222 220 223 
f 224 223 221 
f 223 224 222 
f 215 217 225 
f 217 214 224 
f 225 224 221 
f 224 225 217 
f 220 228 230 
f 228 226 229 
f 230 229 227 
f 229 230 228 
f 221 223 231 
f 223 220 230 
f 231 230 227 
f 230 231 223 
f 226 234 236 
f 234 232 235 
f 236 235 233 
f 235 236 234 
f 226 236 229 
f 236 233 237 
f 229 237 227 
f 237 229 236 
f 232 240 242 
f 240 238 241 
f 242 241 239 
f 241 242 240 
f 233 235 243 
f 235 232 242 
f 243 242 239 
f 242 243 235 
f 238 246 248 
f 246 244 247 
f 248 247 245 
f 247 248 246 
f 238 248 241 
f 248 245 249 
f 241 249 239 
f 249 241 248 
f 244 252 254 
f 252 250 253 
f 254 253 251 
f 253 254 252 
f 245 247 255 
f 247 244 254 
f 255 254 251 
f 254 255 247 
f 250 258 260 
f 258 256 259 
f 260 259 257 
f 259 260 258 
f 250 260 253 
f 260 257 261 
f 253 261 251 
f 261 253 260 
f 256 264 266 
f 264 262 265 
f 266 265 263 
f 265 266 264 
f 257 259 267 
f 259 256 266 
f 267 266 263 
f 266 267 259 
f 262 270 272 
f 270 268 271 
f 272 271 269 
f 271 272 270 
f 262 272 265 
f 272 269 273 
f 265 273 263 
f 273 265 272 
f 268 276 278 
f 276 274 277 
f 278 277 275 
f 277 278 276 
f 269 271 279 
f 271 268 278 
f 279 278 275 
f 278 279 271 
f 274 282 284 
f 282 280 283 
f 284 283 281 
f 283 284 282 
f 274 284 277 
f 284 281 285 
f 277 285 275 
f 285 277 284 
f 280 288 290 
f 288 286 289 
f 290 289 287 
f 289 290 288 
f 281 283 291 
f 283 280 290 
f 291 290 287 
f 290 291 283 
f 286 294 296 
f 294 292 295 
f 296 295 293 
f 295 296 294 
f 286 296 289 
f 296 293 297 
f 289 297 287 
f 297 289 296 
f 292 300 302 
f 300 298 301 
f 302 301 299 
f 301 302 300 
f 293 295 303 
f 295 292 302 
f 303 302 299 
f 302 303 295 
f 298 306 308 
f 306 304 307 
f 308 307 305 
f 307 308 306 
f 298 308 301 
f 308 305 309 
f 301 309 299 
f 309 301 308 
f 304 312 314 
f 312 310 313 
f 314 313 311 
f 313 314 312 
f 305 307 315 
f 307 304 314 
f 315 314 311 
f 314 315 307 
f 310 318 320 
f 318 316 319 
f 320 319 317 
f 319 320 318 
f 311 313 321 
f 313 310 320 
f 321 320 317 
f 320 321 313 
f 316 324 326 
f 324 322 325 
f 326 325 323 
f 325 326 324 
f 316 326 319 
f 326 323 327 
f 319 327 317 
f 327 319 326 
f 322 330 332 
f 330 328 331 
f 332 331 329 
f 331 332 330 
f 323 325 333 
f 325 322 332 
f 333 332 329 
f 332 333 325 
f 328 336 338 
f 336 334 337 
f 338 337 335 
f 337 338 336 
f 329 331 339 
f 331 328 338 
f 339 338 335 
f 338 339 331 
f 334 342 344 
f 342 340 343 
f 344 343 341 
f 343 344 342 
f 334 344 337 
f 344 341 345 
f 337 345 335 
f 345 337 344 
f 340 348 350 
f 348 346 349 
f 350 349 347 
f 349 350 348 
f 341 343 351 
f 343 340 350 
f 351 350 347 
f 350 351 343 
f 346 354 356 
f 354 352 355 
f 356 355 353 
f 355 356 354 
f 346 356 349 
f 356 353 357 
f 349 357 347 
f 357 349 356 
f 352 360 362 
f 360 358 361 
f 362 361 359 
f 361 362 360 
f 353 355 363 
f 355 352 362 
f 363 362 359 
f 362 363 355 
f 358 366 368 
f 366 364 367 
f 368 367 365 
f 367 368 366 
f 358 368 361 
f 368 365 369 
f 361 369 359 
f 369 361 368 
f 364 372 374 
f 372 370 373 
f 374 373 371 
f 373 374 372 
f 365 367 375 
f 367 364 374 
f 375 374 371 
f 374 375 367 
f 370 378 380 
f 378 376 379 
f 380 379 377 
f 379 380 378 
f 371 373 381 
f 373 370 380 
f 381 380 377 
f 380 381 373 
f 376 384 386 
f 384 382 385 
f 386 385 383 
f 385 386 384 
f 376 386 379 
f 386 383 387 
f 379 387 377 
f 387 379 386 
f 382 390 392 
f 390 388 391 
f 392 391 389 
f 391 392 390 
f 383 385 393 
f 385 382 392 
f 393 392 389 
f 392 393 385 
f 388 396 398 
f 396 394 397 
f 398 397 395 
f 397 398 396 
f 388 398 391 
f 398 395 399 
f 391 399 389 
f 399 391 398 
f 394 402 404 
f 402 400 403 
f 404 403 401 
f 403 404 402 
f 395 397 405 
f 397 394 404 
f 405 404 401 
f 404 405 397 
f 400 408 410 
f 408 406 409 
f 410 409 407 
f 409 410 408 
f 400 410 403 
f 410 407 411 
f 403 411 401 
f 411 403 410 
f 406 414 416 
f 414 412 415 
f 416 415 413 
f 415 416 414 
f 407 409 417 
f 409 406 416 
f 417 416 413 
f 416 417 409 
f 412 420 422 
f 420 418 421 
f 422 421 419 
f 421 422 420 
f 413 415 423 
f 415 412 422 
f 423 422 419 
f 422 423 415 
f 418 426 428 
f 426 424 427 
f 428 427 425 
f 427 428 426 
f 418 428 421 
f 428 425 429 
f 421 429 419 
f 429 421 428 
f 424 432 434 
f 432 430 433 
f 434 433 431 
f 433 434 432 
f 425 427 435 
f 427 424 434 
f 435 434 431 
f 434 435 427 
f 430 438 440 
f 438 436 439 
f 440 439 437 
f 439 440 438 
f 431 433 441 
f 433 430 440 
f 441 440 437 
f 440 441 433 
f 436 444 446 
f 444 442 445 
f 446 445 443 
f 445 446 444 
f 436 446 439 
f 446 443 447 
f 439 447 437 
f 447 439 446 
f 442 450 452 
f 450 448 451 
f 452 451 449 
f 451 452 450 
f 443 445 453 
f 445 442 452 
f 453 452 449 
f 452 453 445 
f 448 456 458 
f 456 454 457 
f 458 457 455 
f 457 458 456 
f 448 458 451 
f 458 455 459 
f 451 459 449 
f 459 451 458 
f 454 462 464 
f 462 460 463 
f 464 463 461 
f 463 464 462 
f 455 457 465 
f 457 454 464 
f 465 464 461 
f 464 465 457 
f 460 468 470 
f 468 466 469 
f 470 469 467 
f 469 470 468 
f 460 470 463 
f 470 467 471 
f 463 471 461 
f 471 463 470 
f 466 474 476 
f 474 472 475 
f 476 475 473 
f 475 476 474 
f 467 469 477 
f 469 466 476 
f 477 476 473 
f 476 477 469 
f 472 480 482 
f 480 478 481 
f 482 481 479 
f 481 482 480 
f 472 482 475 
f 482 479 483 
f 475 483 473 
f 483 475 482 
f 478 486 488 
f 486 484 487 
f 488 487 485 
f 487 488 486 
f 479 481 489 
f 481 478 488 
f 489 488 485 
f 488 489 481 
f 484 492 494 
f 492 490 493 
f 494 493 491 
f 493 494 492 
f 484 494 487 
f 494 491 495 
f 487 495 485 
f 495 487 494 
f 490 498 500 
f 498 496 499 
f 500 499 497 
f 499 500 498 
f 491 493 501 
f 493 490 500 
f 501 500 497 
f 500 501 493 
f 496 504 506 
f 504 502 505 
f 506 505 503 
f 505 506 504 
f 496 506 499 
f 506 503 507 
f 499 507 497 
f 507 499 506 
f 502 510 512 
f 510 508 511 
f 512 511 509 
f 511 512 510 
f 503 505 513 
f 505 502 512 
f 513 512 509 
f 512 513 505 
f 508 516 518 
f 516 514 517 
f 518 517 515 
f 517 518 516 
f 508 518 511 
f 518 515 519 
f 511 519 509 
f 519 511 518 
f 514 522 524 
f 522 520 523 
f 524 523 521 
f 523 524 522 
f 515 517 525 
f 517 514 524 
f 525 524 521 
f 524 525 517 
f 520 528 530 
f 528 526 529 
f 530 529 527 
f 529 530 528 
f 521 523 531 
f 523 520 530 
f 531 530 527 
f 530 531 523 
f 526 534 536 
f 534 532 535 
f 536 535 533 
f 535 536 534 
f 526 536 529 
f 536 533 537 
f 529 537 527 
f 537 529 536 
f 532 540 542 
f 540 538 541 
f 542 541 539 
f 541 542 540 
f 533 535 543 
f 535 532 542 
f 543 542 539 
f 542 543 535 
f 538 546 548 
f 546 544 547 
f 548 547 545 
f 547 548 546 
f 538 548 541 
f 548 545 549 
f 541 549 539 
f 549 541 548 
f 544 551 553 
f 551 28 552 
f 553 552 550 
f 552 553 551 
f 545 547 554 
f 547 544 553 
f 554 553 550 
f 553 554 547 
f 550 552 555 
f 552 28 30 
f 555 30 22 
f 30 555 552 
f 85 92 558 
f 92 75 557 
f 558 557 556 
f 557 558 92 
f 75 82 561 
f 82 65 560 
f 561 560 559 
f 560 561 82 
f 556 557 562 
f 557 75 561 
f 562 561 559 
f 561 562 557 
f 79 565 567 
f 565 563 566 
f 567 566 564 
f 566 567 565 
f 563 565 570 
f 565 79 569 
f 570 569 568 
f 569 570 565 
f 79 567 83 
f 567 564 571 
f 83 571 69 
f 571 83 567 
f 79 93 569 
f 93 89 572 
f 569 572 568 
f 572 569 93 
f 461 471 575 
f 471 467 574 
f 575 574 573 
f 574 575 471 
f 467 477 578 
f 477 473 577 
f 578 577 576 
f 577 578 477 
f 467 578 574 
f 578 576 579 
f 574 579 573 
f 579 574 578 
f 580 582 584 
f 582 281 583 
f 584 583 581 
f 583 584 582 
f 281 582 285 
f 582 580 585 
f 285 585 275 
f 585 285 582 
f 581 583 586 
f 583 281 291 
f 586 291 287 
f 291 586 583 
f 587 588 589 
f 588 257 267 
f 589 267 263 
f 267 589 588 
f 257 588 592 
f 588 587 591 
f 592 591 590 
f 591 592 588 
f 251 261 593 
f 261 257 592 
f 593 592 590 
f 592 593 261 
f 485 495 596 
f 495 491 595 
f 596 595 594 
f 595 596 495 
f 491 501 599 
f 501 497 598 
f 599 598 597 
f 598 599 501 
f 491 599 595 
f 599 597 600 
f 595 600 594 
f 600 595 599 
f 407 603 605 
f 603 601 604 
f 605 604 602 
f 604 605 603 
f 601 603 606 
f 603 407 417 
f 606 417 413 
f 417 606 603 
f 401 411 607 
f 411 407 605 
f 607 605 602 
f 605 607 411 
f 341 610 612 
f 610 608 611 
f 612 611 609 
f 611 612 610 
f 608 610 615 
f 610 341 614 
f 615 614 613 
f 614 615 610 
f 341 612 345 
f 612 609 616 
f 345 616 335 
f 616 345 612 
f 613 614 617 
f 614 341 351 
f 617 351 347 
f 351 617 614 
f 618 620 622 
f 620 383 621 
f 622 621 619 
f 621 622 620 
f 383 620 387 
f 620 618 623 
f 387 623 377 
f 623 387 620 
f 383 625 621 
f 625 624 626 
f 621 626 619 
f 626 621 625 
f 624 625 627 
f 625 383 393 
f 627 393 389 
f 393 627 625 
f 443 453 630 
f 453 449 629 
f 630 629 628 
f 629 630 453 
f 443 630 633 
f 630 628 632 
f 633 632 631 
f 632 633 630 
f 437 447 634 
f 447 443 633 
f 634 633 631 
f 633 634 447 
f 305 315 637 
f 315 311 636 
f 637 636 635 
f 636 637 315 
f 299 309 640 
f 309 305 639 
f 640 639 638 
f 639 640 309 
f 638 639 641 
f 639 305 637 
f 641 637 635 
f 637 641 639 
f 167 173 644 
f 173 171 643 
f 644 643 642 
f 643 644 173 
f 182 183 645 
f 183 167 644 
f 645 644 642 
f 644 645 183 
f 171 176 648 
f 176 174 647 
f 648 647 646 
f 647 648 176 
f 649 650 651 
f 650 174 177 
f 651 177 155 
f 177 651 650 
f 174 650 647 
f 650 649 652 
f 647 652 646 
f 652 647 650 
f 185 187 655 
f 187 182 654 
f 655 654 653 
f 654 655 187 
f 178 188 658 
f 188 185 657 
f 658 657 656 
f 657 658 188 
f 185 661 663 
f 661 659 662 
f 663 662 660 
f 662 663 661 
f 659 661 664 
f 661 185 655 
f 664 655 653 
f 655 664 661 
f 185 663 657 
f 663 660 665 
f 657 665 656 
f 665 657 663 
f 159 160 668 
f 160 146 667 
f 668 667 666 
f 667 668 160 
f 146 152 667 
f 152 150 669 
f 667 669 666 
f 669 667 152 
f 162 164 672 
f 164 159 671 
f 672 671 670 
f 671 672 164 
f 162 675 677 
f 675 673 676 
f 677 676 674 
f 676 677 675 
f 673 675 678 
f 675 162 672 
f 678 672 670 
f 672 678 675 
f 162 677 165 
f 677 674 679 
f 165 679 155 
f 679 165 677 
f 642 643 682 
f 643 171 681 
f 682 681 680 
f 681 682 643 
f 680 681 683 
f 681 171 648 
f 683 648 646 
f 648 683 681 
f 159 668 686 
f 668 666 685 
f 686 685 684 
f 685 686 668 
f 159 686 671 
f 686 684 687 
f 671 687 670 
f 687 671 686 
f 515 525 690 
f 525 521 689 
f 690 689 688 
f 689 690 525 
f 509 519 693 
f 519 515 692 
f 693 692 691 
f 692 693 519 
f 691 692 694 
f 692 515 690 
f 694 690 688 
f 690 694 692 
f 233 696 237 
f 696 695 697 
f 237 697 227 
f 697 237 696 
f 695 696 700 
f 696 233 699 
f 700 699 698 
f 699 700 696 
f 233 243 699 
f 243 239 701 
f 699 701 698 
f 701 699 243 
f 323 703 327 
f 703 702 704 
f 327 704 317 
f 704 327 703 
f 702 703 707 
f 703 323 706 
f 707 706 705 
f 706 707 703 
f 323 333 706 
f 333 329 708 
f 706 708 705 
f 708 706 333 
f 365 375 711 
f 375 371 710 
f 711 710 709 
f 710 711 375 
f 359 369 714 
f 369 365 713 
f 714 713 712 
f 713 714 369 
f 712 713 715 
f 713 365 711 
f 715 711 709 
f 711 715 713 
f 716 718 720 
f 718 425 719 
f 720 719 717 
f 719 720 718 
f 425 718 429 
f 718 716 721 
f 429 721 419 
f 721 429 718 
f 717 719 724 
f 719 425 723 
f 724 723 722 
f 723 724 719 
f 722 723 725 
f 723 425 435 
f 725 435 431 
f 435 725 723 
f 182 645 654 
f 645 642 726 
f 654 726 653 
f 726 654 645 
f 642 729 731 
f 729 727 730 
f 731 730 728 
f 730 731 729 
f 727 729 732 
f 729 642 682 
f 732 682 680 
f 682 732 729 
f 642 731 735 
f 731 728 734 
f 735 734 733 
f 734 735 731 
f 642 735 726 
f 735 733 736 
f 726 736 653 
f 736 726 735 
f 45 739 741 
f 739 737 740 
f 741 740 738 
f 740 741 739 
f 737 739 742 
f 739 45 52 
f 742 52 36 
f 52 742 739 
f 55 62 743 
f 62 45 741 
f 743 741 738 
f 741 743 62 
f 49 745 53 
f 745 744 746 
f 53 746 32 
f 746 53 745 
f 744 745 749 
f 745 49 748 
f 749 748 747 
f 748 749 745 
f 750 751 752 
f 751 49 63 
f 752 63 59 
f 63 752 751 
f 49 751 748 
f 751 750 753 
f 748 753 747 
f 753 748 751 
f 105 112 756 
f 112 95 755 
f 756 755 754 
f 755 756 112 
f 95 102 759 
f 102 85 758 
f 759 758 757 
f 758 759 102 
f 95 759 755 
f 759 757 760 
f 755 760 754 
f 760 755 759 
f 99 763 765 
f 763 761 764 
f 765 764 762 
f 764 765 763 
f 761 763 766 
f 763 99 113 
f 766 113 109 
f 113 766 763 
f 89 103 769 
f 103 99 768 
f 769 768 767 
f 768 769 103 
f 99 765 768 
f 765 762 770 
f 768 770 767 
f 770 768 765 
f 771 772 773 
f 772 215 225 
f 773 225 221 
f 225 773 772 
f 215 772 776 
f 772 771 775 
f 776 775 774 
f 775 776 772 
f 209 219 777 
f 219 215 776 
f 777 776 774 
f 776 777 219 
f 533 543 780 
f 543 539 779 
f 780 779 778 
f 779 780 543 
f 527 537 781 
f 537 533 780 
f 781 780 778 
f 780 781 537 
f 782 783 784 
f 783 455 465 
f 784 465 461 
f 465 784 783 
f 455 783 787 
f 783 782 786 
f 787 786 785 
f 786 787 783 
f 449 459 788 
f 459 455 787 
f 788 787 785 
f 787 788 459 
f 353 363 791 
f 363 359 790 
f 791 790 789 
f 790 791 363 
f 353 791 794 
f 791 789 793 
f 794 793 792 
f 793 794 791 
f 347 357 795 
f 357 353 794 
f 795 794 792 
f 794 795 357 
f 395 798 800 
f 798 796 799 
f 800 799 797 
f 799 800 798 
f 796 798 801 
f 798 395 405 
f 801 405 401 
f 405 801 798 
f 395 800 803 
f 800 797 802 
f 803 802 624 
f 802 803 800 
f 395 803 399 
f 803 624 627 
f 399 627 389 
f 627 399 803 
f 293 805 297 
f 805 804 806 
f 297 806 287 
f 806 297 805 
f 804 805 809 
f 805 293 808 
f 809 808 807 
f 808 809 805 
f 293 303 808 
f 303 299 810 
f 808 810 807 
f 810 808 303 
f 269 812 814 
f 812 811 813 
f 814 813 587 
f 813 814 812 
f 811 812 817 
f 812 269 816 
f 817 816 815 
f 816 817 812 
f 269 814 273 
f 814 587 589 
f 273 589 263 
f 589 273 814 
f 815 816 818 
f 816 269 279 
f 818 279 275 
f 279 818 816 
f 479 489 821 
f 489 485 820 
f 821 820 819 
f 820 821 489 
f 473 483 824 
f 483 479 823 
f 824 823 822 
f 823 824 483 
f 479 821 823 
f 821 819 825 
f 823 825 822 
f 825 823 821 
f 497 507 828 
f 507 503 827 
f 828 827 826 
f 827 828 507 
f 503 513 831 
f 513 509 830 
f 831 830 829 
f 830 831 513 
f 826 827 832 
f 827 503 831 
f 832 831 829 
f 831 832 827 
f 245 835 837 
f 835 833 836 
f 837 836 834 
f 836 837 835 
f 833 835 840 
f 835 245 839 
f 840 839 838 
f 839 840 835 
f 245 837 249 
f 837 834 841 
f 249 841 239 
f 841 249 837 
f 245 255 839 
f 255 251 842 
f 839 842 838 
f 842 839 255 
f 150 153 845 
f 153 3 844 
f 845 844 843 
f 844 845 153 
f 150 845 848 
f 845 843 847 
f 848 847 846 
f 847 848 845 
f 150 848 669 
f 848 846 849 
f 669 849 666 
f 849 669 848 
f 115 132 852 
f 132 129 851 
f 852 851 850 
f 851 852 132 
f 115 852 855 
f 852 850 854 
f 855 854 853 
f 854 855 852 
f 109 122 856 
f 122 115 855 
f 856 855 853 
f 855 856 122 
f 125 133 859 
f 133 119 858 
f 859 858 857 
f 858 859 133 
f 857 858 862 
f 858 119 861 
f 862 861 860 
f 861 862 858 
f 860 861 863 
f 861 119 123 
f 863 123 105 
f 123 863 861 
f 203 213 866 
f 213 209 865 
f 866 865 864 
f 865 866 213 
f 197 207 869 
f 207 203 868 
f 869 868 867 
f 868 869 207 
f 867 868 870 
f 868 203 866 
f 870 866 864 
f 866 870 868 
f 539 549 873 
f 549 545 872 
f 873 872 871 
f 872 873 549 
f 545 554 876 
f 554 550 875 
f 876 875 874 
f 875 876 554 
f 871 872 877 
f 872 545 876 
f 877 876 874 
f 876 877 872 
f 843 844 878 
f 844 3 39 
f 878 39 32 
f 39 878 844 
f 846 847 881 
f 847 843 880 
f 881 880 879 
f 880 881 847 
f 879 880 883 
f 880 843 882 
f 883 882 744 
f 882 883 880 
f 744 882 746 
f 882 843 878 
f 746 878 32 
f 878 746 882 
f 134 141 886 
f 141 125 885 
f 886 885 884 
f 885 886 141 
f 134 886 888 
f 886 884 887 
f 888 887 874 
f 887 888 886 
f 134 889 143 
f 889 550 555 
f 143 555 22 
f 555 143 889 
f 550 889 875 
f 889 134 888 
f 875 888 874 
f 888 875 889 
f 129 142 892 
f 142 138 891 
f 892 891 890 
f 891 892 142 
f 138 893 894 
f 893 197 869 
f 894 869 867 
f 869 894 893 
f 197 893 201 
f 893 138 144 
f 201 144 18 
f 144 201 893 
f 138 894 891 
f 894 867 895 
f 891 895 890 
f 895 891 894 
f 125 859 885 
f 859 857 896 
f 885 896 884 
f 896 885 859 
f 857 862 899 
f 862 860 898 
f 899 898 897 
f 898 899 862 
f 857 899 902 
f 899 897 901 
f 902 901 900 
f 901 902 899 
f 857 902 896 
f 902 900 903 
f 896 903 884 
f 903 896 902 
f 897 898 906 
f 898 860 905 
f 906 905 904 
f 905 906 898 
f 904 905 908 
f 905 860 907 
f 908 907 754 
f 907 908 905 
f 860 863 907 
f 863 105 756 
f 907 756 754 
f 756 907 863 
f 897 906 911 
f 906 904 910 
f 911 910 909 
f 910 911 906 
f 897 911 914 
f 911 909 913 
f 914 913 912 
f 913 914 911 
f 897 914 901 
f 914 912 915 
f 901 915 900 
f 915 901 914 
f 909 910 918 
f 910 904 917 
f 918 917 916 
f 917 918 910 
f 916 917 921 
f 917 904 920 
f 921 920 919 
f 920 921 917 
f 904 908 920 
f 908 754 922 
f 920 922 919 
f 922 920 908 
f 909 918 925 
f 918 916 924 
f 925 924 923 
f 924 925 918 
f 909 925 928 
f 925 923 927 
f 928 927 926 
f 927 928 925 
f 912 913 929 
f 913 909 928 
f 929 928 926 
f 928 929 913 
f 923 924 932 
f 924 916 931 
f 932 931 930 
f 931 932 924 
f 930 931 935 
f 931 916 934 
f 935 934 933 
f 934 935 931 
f 933 934 936 
f 934 916 921 
f 936 921 919 
f 921 936 934 
f 923 932 939 
f 932 930 938 
f 939 938 937 
f 938 939 932 
f 923 939 942 
f 939 937 941 
f 942 941 940 
f 941 942 939 
f 923 942 927 
f 942 940 943 
f 927 943 926 
f 943 927 942 
f 937 938 946 
f 938 930 945 
f 946 945 944 
f 945 946 938 
f 944 945 949 
f 945 930 948 
f 949 948 947 
f 948 949 945 
f 930 935 948 
f 935 933 950 
f 948 950 947 
f 950 948 935 
f 937 946 953 
f 946 944 952 
f 953 952 951 
f 952 953 946 
f 937 953 956 
f 953 951 955 
f 956 955 954 
f 955 956 953 
f 940 941 957 
f 941 937 956 
f 957 956 954 
f 956 957 941 
f 951 952 960 
f 952 944 959 
f 960 959 958 
f 959 960 952 
f 958 959 963 
f 959 944 962 
f 963 962 961 
f 962 963 959 
f 961 962 964 
f 962 944 949 
f 964 949 947 
f 949 964 962 
f 951 960 967 
f 960 958 966 
f 967 966 965 
f 966 967 960 
f 951 967 970 
f 967 965 969 
f 970 969 968 
f 969 970 967 
f 951 970 955 
f 970 968 971 
f 955 971 954 
f 971 955 970 
f 965 966 974 
f 966 958 973 
f 974 973 972 
f 973 974 966 
f 972 973 977 
f 973 958 976 
f 977 976 975 
f 976 977 973 
f 958 963 976 
f 963 961 978 
f 976 978 975 
f 978 976 963 
f 965 974 981 
f 974 972 980 
f 981 980 979 
f 980 981 974 
f 965 981 984 
f 981 979 983 
f 984 983 982 
f 983 984 981 
f 968 969 985 
f 969 965 984 
f 985 984 982 
f 984 985 969 
f 979 980 988 
f 980 972 987 
f 988 987 986 
f 987 988 980 
f 986 987 991 
f 987 972 990 
f 991 990 989 
f 990 991 987 
f 989 990 992 
f 990 972 977 
f 992 977 975 
f 977 992 990 
f 979 988 995 
f 988 986 994 
f 995 994 993 
f 994 995 988 
f 979 995 998 
f 995 993 997 
f 998 997 996 
f 997 998 995 
f 979 998 983 
f 998 996 999 
f 983 999 982 
f 999 983 998 
f 986 991 1002 
f 991 989 1001 
f 1002 1001 1000 
f 1001 1002 991 
f 986 1002 1005 
f 1002 1000 1004 
f 1005 1004 1003 
f 1004 1005 1002 
f 986 1005 994 
f 1005 1003 1006 
f 994 1006 993 
f 1006 994 1005 
f 1000 1001 1009 
f 1001 989 1008 
f 1009 1008 1007 
f 1008 1009 1001 
f 1007 1008 1012 
f 1008 989 1011 
f 1012 1011 1010 
f 1011 1012 1008 
f 1010 1011 1013 
f 1011 989 992 
f 1013 992 975 
f 992 1013 1011 
f 1003 1004 1016 
f 1004 1000 1015 
f 1016 1015 1014 
f 1015 1016 1004 
f 1014 1015 1019 
f 1015 1000 1018 
f 1019 1018 1017 
f 1018 1019 1015 
f 1000 1009 1018 
f 1009 1007 1020 
f 1018 1020 1017 
f 1020 1018 1009 
f 1003 1016 1023 
f 1016 1014 1022 
f 1023 1022 1021 
f 1022 1023 1016 
f 1003 1023 1026 
f 1023 1021 1025 
f 1026 1025 1024 
f 1025 1026 1023 
f 1003 1026 1006 
f 1026 1024 1027 
f 1006 1027 993 
f 1027 1006 1026 
f 1021 1022 1030 
f 1022 1014 1029 
f 1030 1029 1028 
f 1029 1030 1022 
f 1028 1029 1033 
f 1029 1014 1032 
f 1033 1032 1031 
f 1032 1033 1029 
f 1031 1032 1034 
f 1032 1014 1019 
f 1034 1019 1017 
f 1019 1034 1032 
f 1021 1030 1037 
f 1030 1028 1036 
f 1037 1036 1035 
f 1036 1037 1030 
f 1024 1025 1040 
f 1025 1021 1039 
f 1040 1039 1038 
f 1039 1040 1025 
f 1038 1039 1041 
f 1039 1021 1037 
f 1041 1037 1035 
f 1037 1041 1039 
f 1028 1033 1044 
f 1033 1031 1043 
f 1044 1043 1042 
f 1043 1044 1033 
f 1028 1044 1047 
f 1044 1042 1046 
f 1047 1046 1045 
f 1046 1047 1044 
f 1028 1047 1036 
f 1047 1045 1048 
f 1036 1048 1035 
f 1048 1036 1047 
f 1042 1043 1051 
f 1043 1031 1050 
f 1051 1050 1049 
f 1050 1051 1043 
f 1049 1050 1054 
f 1050 1031 1053 
f 1054 1053 1052 
f 1053 1054 1050 
f 1052 1053 1055 
f 1053 1031 1034 
f 1055 1034 1017 
f 1034 1055 1053 
f 1045 1046 1058 
f 1046 1042 1057 
f 1058 1057 1056 
f 1057 1058 1046 
f 1056 1057 1061 
f 1057 1042 1060 
f 1061 1060 1059 
f 1060 1061 1057 
f 1042 1051 1060 
f 1051 1049 1062 
f 1060 1062 1059 
f 1062 1060 1051 
f 1045 1058 1065 
f 1058 1056 1064 
f 1065 1064 1063 
f 1064 1065 1058 
f 1045 1065 1068 
f 1065 1063 1067 
f 1068 1067 1066 
f 1067 1068 1065 
f 1045 1068 1048 
f 1068 1066 1069 
f 1048 1069 1035 
f 1069 1048 1068 
f 1063 1064 1072 
f 1064 1056 1071 
f 1072 1071 1070 
f 1071 1072 1064 
f 1070 1071 1075 
f 1071 1056 1074 
f 1075 1074 1073 
f 1074 1075 1071 
f 1073 1074 1076 
f 1074 1056 1061 
f 1076 1061 1059 
f 1061 1076 1074 
f 1063 1072 1079 
f 1072 1070 1078 
f 1079 1078 1077 
f 1078 1079 1072 
f 1066 1067 1082 
f 1067 1063 1081 
f 1082 1081 1080 
f 1081 1082 1067 
f 1080 1081 1083 
f 1081 1063 1079 
f 1083 1079 1077 
f 1079 1083 1081 
f 1070 1075 1086 
f 1075 1073 1085 
f 1086 1085 1084 
f 1085 1086 1075 
f 1070 1086 1089 
f 1086 1084 1088 
f 1089 1088 1087 
f 1088 1089 1086 
f 1070 1089 1078 
f 1089 1087 1090 
f 1078 1090 1077 
f 1090 1078 1089 
f 1084 1085 1093 
f 1085 1073 1092 
f 1093 1092 1091 
f 1092 1093 1085 
f 1091 1092 1096 
f 1092 1073 1095 
f 1096 1095 1094 
f 1095 1096 1092 
f 1073 1076 1095 
f 1076 1059 1097 
f 1095 1097 1094 
f 1097 1095 1076 
f 1087 1088 1100 
f 1088 1084 1099 
f 1100 1099 1098 
f 1099 1100 1088 
f 1098 1099 1103 
f 1099 1084 1102 
f 1103 1102 1101 
f 1102 1103 1099 
f 1101 1102 1104 
f 1102 1084 1093 
f 1104 1093 1091 
f 1093 1104 1102 
f 1087 1100 1107 
f 1100 1098 1106 
f 1107 1106 1105 
f 1106 1107 1100 
f 1077 1090 1110 
f 1090 1087 1109 
f 1110 1109 1108 
f 1109 1110 1090 
f 1087 1107 1109 
f 1107 1105 1111 
f 1109 1111 1108 
f 1111 1109 1107 
f 1098 1103 1114 
f 1103 1101 1113 
f 1114 1113 1112 
f 1113 1114 1103 
f 1098 1114 1117 
f 1114 1112 1116 
f 1117 1116 1115 
f 1116 1117 1114 
f 1098 1117 1106 
f 1117 1115 1118 
f 1106 1118 1105 
f 1118 1106 1117 
f 1112 1113 1121 
f 1113 1101 1120 
f 1121 1120 1119 
f 1120 1121 1113 
f 1119 1120 1124 
f 1120 1101 1123 
f 1124 1123 1122 
f 1123 1124 1120 
f 1101 1104 1123 
f 1104 1091 1125 
f 1123 1125 1122 
f 1125 1123 1104 
f 1115 1116 1128 
f 1116 1112 1127 
f 1128 1127 1126 
f 1127 1128 1116 
f 1126 1127 1131 
f 1127 1112 1130 
f 1131 1130 1129 
f 1130 1131 1127 
f 1129 1130 1132 
f 1130 1112 1121 
f 1132 1121 1119 
f 1121 1132 1130 
f 1115 1128 1135 
f 1128 1126 1134 
f 1135 1134 1133 
f 1134 1135 1128 
f 1115 1135 1138 
f 1135 1133 1137 
f 1138 1137 1136 
f 1137 1138 1135 
f 1115 1138 1118 
f 1138 1136 1139 
f 1118 1139 1105 
f 1139 1118 1138 
f 1126 1131 1142 
f 1131 1129 1141 
f 1142 1141 1140 
f 1141 1142 1131 
f 1126 1142 1145 
f 1142 1140 1144 
f 1145 1144 1143 
f 1144 1145 1142 
f 1126 1145 1134 
f 1145 1143 1146 
f 1134 1146 1133 
f 1146 1134 1145 
f 1140 1141 1149 
f 1141 1129 1148 
f 1149 1148 1147 
f 1148 1149 1141 
f 1147 1148 1152 
f 1148 1129 1151 
f 1152 1151 1150 
f 1151 1152 1148 
f 1150 1151 1153 
f 1151 1129 1132 
f 1153 1132 1119 
f 1132 1153 1151 
f 1143 1144 1156 
f 1144 1140 1155 
f 1156 1155 1154 
f 1155 1156 1144 
f 1154 1155 1159 
f 1155 1140 1158 
f 1159 1158 1157 
f 1158 1159 1155 
f 1157 1158 1160 
f 1158 1140 1149 
f 1160 1149 1147 
f 1149 1160 1158 
f 1143 1156 1163 
f 1156 1154 1162 
f 1163 1162 1161 
f 1162 1163 1156 
f 1143 1163 1166 
f 1163 1161 1165 
f 1166 1165 1164 
f 1165 1166 1163 
f 1143 1166 1146 
f 1166 1164 1167 
f 1146 1167 1133 
f 1167 1146 1166 
f 1154 1159 1170 
f 1159 1157 1169 
f 1170 1169 1168 
f 1169 1170 1159 
f 1154 1170 1173 
f 1170 1168 1172 
f 1173 1172 1171 
f 1172 1173 1170 
f 1161 1162 1174 
f 1162 1154 1173 
f 1174 1173 1171 
f 1173 1174 1162 
f 1168 1169 1177 
f 1169 1157 1176 
f 1177 1176 1175 
f 1176 1177 1169 
f 1175 1176 1180 
f 1176 1157 1179 
f 1180 1179 1178 
f 1179 1180 1176 
f 1178 1179 1181 
f 1179 1157 1160 
f 1181 1160 1147 
f 1160 1181 1179 
f 1168 1177 1184 
f 1177 1175 1183 
f 1184 1183 1182 
f 1183 1184 1177 
f 1168 1184 1187 
f 1184 1182 1186 
f 1187 1186 1185 
f 1186 1187 1184 
f 1168 1187 1172 
f 1187 1185 1188 
f 1172 1188 1171 
f 1188 1172 1187 
f 1182 1183 1191 
f 1183 1175 1190 
f 1191 1190 1189 
f 1190 1191 1183 
f 1189 1190 1194 
f 1190 1175 1193 
f 1194 1193 1192 
f 1193 1194 1190 
f 1175 1180 1193 
f 1180 1178 1195 
f 1193 1195 1192 
f 1195 1193 1180 
f 1182 1191 1198 
f 1191 1189 1197 
f 1198 1197 1196 
f 1197 1198 1191 
f 1182 1198 1201 
f 1198 1196 1200 
f 1201 1200 1199 
f 1200 1201 1198 
f 1185 1186 1202 
f 1186 1182 1201 
f 1202 1201 1199 
f 1201 1202 1186 
f 1196 1197 1205 
f 1197 1189 1204 
f 1205 1204 1203 
f 1204 1205 1197 
f 1203 1204 1208 
f 1204 1189 1207 
f 1208 1207 1206 
f 1207 1208 1204 
f 1206 1207 1209 
f 1207 1189 1194 
f 1209 1194 1192 
f 1194 1209 1207 
f 1196 1205 1212 
f 1205 1203 1211 
f 1212 1211 1210 
f 1211 1212 1205 
f 1196 1212 1215 
f 1212 1210 1214 
f 1215 1214 1213 
f 1214 1215 1212 
f 1196 1215 1200 
f 1215 1213 1216 
f 1200 1216 1199 
f 1216 1200 1215 
f 1210 1211 1219 
f 1211 1203 1218 
f 1219 1218 1217 
f 1218 1219 1211 
f 1217 1218 1222 
f 1218 1203 1221 
f 1222 1221 1220 
f 1221 1222 1218 
f 1203 1208 1221 
f 1208 1206 1223 
f 1221 1223 1220 
f 1223 1221 1208 
f 1210 1219 1226 
f 1219 1217 1225 
f 1226 1225 1224 
f 1225 1226 1219 
f 1210 1226 1229 
f 1226 1224 1228 
f 1229 1228 1227 
f 1228 1229 1226 
f 1213 1214 1230 
f 1214 1210 1229 
f 1230 1229 1227 
f 1229 1230 1214 
f 1224 1225 1233 
f 1225 1217 1232 
f 1233 1232 1231 
f 1232 1233 1225 
f 1231 1232 1236 
f 1232 1217 1235 
f 1236 1235 1234 
f 1235 1236 1232 
f 1234 1235 1237 
f 1235 1217 1222 
f 1237 1222 1220 
f 1222 1237 1235 
f 1224 1233 1240 
f 1233 1231 1239 
f 1240 1239 1238 
f 1239 1240 1233 
f 1224 1240 1243 
f 1240 1238 1242 
f 1243 1242 1241 
f 1242 1243 1240 
f 1224 1243 1228 
f 1243 1241 1244 
f 1228 1244 1227 
f 1244 1228 1243 
f 1231 1236 1247 
f 1236 1234 1246 
f 1247 1246 1245 
f 1246 1247 1236 
f 1231 1247 1250 
f 1247 1245 1249 
f 1250 1249 1248 
f 1249 1250 1247 
f 1231 1250 1239 
f 1250 1248 1251 
f 1239 1251 1238 
f 1251 1239 1250 
f 1245 1246 1254 
f 1246 1234 1253 
f 1254 1253 1252 
f 1253 1254 1246 
f 1252 1253 1257 
f 1253 1234 1256 
f 1257 1256 1255 
f 1256 1257 1253 
f 1234 1237 1256 
f 1237 1220 1258 
f 1256 1258 1255 
f 1258 1256 1237 
f 1248 1249 1261 
f 1249 1245 1260 
f 1261 1260 1259 
f 1260 1261 1249 
f 1259 1260 1264 
f 1260 1245 1263 
f 1264 1263 1262 
f 1263 1264 1260 
f 1262 1263 1265 
f 1263 1245 1254 
f 1265 1254 1252 
f 1254 1265 1263 
f 1248 1261 1268 
f 1261 1259 1267 
f 1268 1267 1266 
f 1267 1268 1261 
f 1248 1268 1271 
f 1268 1266 1270 
f 1271 1270 1269 
f 1270 1271 1268 
f 1248 1271 1251 
f 1271 1269 1272 
f 1251 1272 1238 
f 1272 1251 1271 
f 1259 1264 1275 
f 1264 1262 1274 
f 1275 1274 1273 
f 1274 1275 1264 
f 1259 1275 1278 
f 1275 1273 1277 
f 1278 1277 1276 
f 1277 1278 1275 
f 1259 1278 1267 
f 1278 1276 1279 
f 1267 1279 1266 
f 1279 1267 1278 
f 1273 1274 1282 
f 1274 1262 1281 
f 1282 1281 1280 
f 1281 1282 1274 
f 1262 1284 1281 
f 1284 1283 1285 
f 1281 1285 1280 
f 1285 1281 1284 
f 1283 1284 1286 
f 1284 1262 1265 
f 1286 1265 1252 
f 1265 1286 1284 
f 1276 1277 1289 
f 1277 1273 1288 
f 1289 1288 1287 
f 1288 1289 1277 
f 1287 1288 1292 
f 1288 1273 1291 
f 1292 1291 1290 
f 1291 1292 1288 
f 1290 1291 1293 
f 1291 1273 1282 
f 1293 1282 1280 
f 1282 1293 1291 
f 1276 1289 1296 
f 1289 1287 1295 
f 1296 1295 1294 
f 1295 1296 1289 
f 1276 1296 1299 
f 1296 1294 1298 
f 1299 1298 1297 
f 1298 1299 1296 
f 1276 1299 1279 
f 1299 1297 1300 
f 1279 1300 1266 
f 1300 1279 1299 
f 1287 1292 1303 
f 1292 1290 1302 
f 1303 1302 1301 
f 1302 1303 1292 
f 1287 1303 1306 
f 1303 1301 1305 
f 1306 1305 1304 
f 1305 1306 1303 
f 1294 1295 1307 
f 1295 1287 1306 
f 1307 1306 1304 
f 1306 1307 1295 
f 1301 1302 1310 
f 1302 1290 1309 
f 1310 1309 1308 
f 1309 1310 1302 
f 1308 1309 1313 
f 1309 1290 1312 
f 1313 1312 1311 
f 1312 1313 1309 
f 1311 1312 1314 
f 1312 1290 1293 
f 1314 1293 1280 
f 1293 1314 1312 
f 1301 1310 1317 
f 1310 1308 1316 
f 1317 1316 1315 
f 1316 1317 1310 
f 1301 1317 1320 
f 1317 1315 1319 
f 1320 1319 1318 
f 1319 1320 1317 
f 1301 1320 1305 
f 1320 1318 1321 
f 1305 1321 1304 
f 1321 1305 1320 
f 1315 1316 1324 
f 1316 1308 1323 
f 1324 1323 1322 
f 1323 1324 1316 
f 1308 1313 1327 
f 1313 1311 1326 
f 1327 1326 1325 
f 1326 1327 1313 
f 1308 1327 1323 
f 1327 1325 1328 
f 1323 1328 1322 
f 1328 1323 1327 
f 1318 1319 1331 
f 1319 1315 1330 
f 1331 1330 1329 
f 1330 1331 1319 
f 1329 1330 1334 
f 1330 1315 1333 
f 1334 1333 1332 
f 1333 1334 1330 
f 1332 1333 1335 
f 1333 1315 1324 
f 1335 1324 1322 
f 1324 1335 1333 
f 1318 1331 1338 
f 1331 1329 1337 
f 1338 1337 1336 
f 1337 1338 1331 
f 1304 1321 1341 
f 1321 1318 1340 
f 1341 1340 1339 
f 1340 1341 1321 
f 1339 1340 1342 
f 1340 1318 1338 
f 1342 1338 1336 
f 1338 1342 1340 
f 1329 1334 1345 
f 1334 1332 1344 
f 1345 1344 1343 
f 1344 1345 1334 
f 1329 1345 1348 
f 1345 1343 1347 
f 1348 1347 1346 
f 1347 1348 1345 
f 1329 1348 1337 
f 1348 1346 1349 
f 1337 1349 1336 
f 1349 1337 1348 
f 1343 1344 1352 
f 1344 1332 1351 
f 1352 1351 1350 
f 1351 1352 1344 
f 1350 1351 1355 
f 1351 1332 1354 
f 1355 1354 1353 
f 1354 1355 1351 
f 1353 1354 1356 
f 1354 1332 1335 
f 1356 1335 1322 
f 1335 1356 1354 
f 1343 1352 1359 
f 1352 1350 1358 
f 1359 1358 1357 
f 1358 1359 1352 
f 1343 1359 1362 
f 1359 1357 1361 
f 1362 1361 1360 
f 1361 1362 1359 
f 1346 1347 1363 
f 1347 1343 1362 
f 1363 1362 1360 
f 1362 1363 1347 
f 1357 1358 1366 
f 1358 1350 1365 
f 1366 1365 1364 
f 1365 1366 1358 
f 1364 1365 1369 
f 1365 1350 1368 
f 1369 1368 1367 
f 1368 1369 1365 
f 1350 1355 1368 
f 1355 1353 1370 
f 1368 1370 1367 
f 1370 1368 1355 
f 1357 1366 1373 
f 1366 1364 1372 
f 1373 1372 1371 
f 1372 1373 1366 
f 1357 1373 1376 
f 1373 1371 1375 
f 1376 1375 1374 
f 1375 1376 1373 
f 1377 1378 1379 
f 1378 1357 1376 
f 1379 1376 1374 
f 1376 1379 1378 
f 1357 1378 1361 
f 1378 1377 1380 
f 1361 1380 1360 
f 1380 1361 1378 
f 846 881 1383 
f 881 879 1382 
f 1383 1382 1381 
f 1382 1383 881 
f 846 1383 1386 
f 1383 1381 1385 
f 1386 1385 1384 
f 1385 1386 1383 
f 846 1386 849 
f 1386 1384 1387 
f 849 1387 666 
f 1387 849 1386 
f 1371 1372 1390 
f 1372 1364 1389 
f 1390 1389 1388 
f 1389 1390 1372 
f 1388 1389 1393 
f 1389 1364 1392 
f 1393 1392 1391 
f 1392 1393 1389 
f 1391 1392 1394 
f 1392 1364 1369 
f 1394 1369 1367 
f 1369 1394 1392 
f 1371 1390 1397 
f 1390 1388 1396 
f 1397 1396 1395 
f 1396 1397 1390 
f 1371 1397 1400 
f 1397 1395 1399 
f 1400 1399 1398 
f 1399 1400 1397 
f 1371 1400 1375 
f 1400 1398 1401 
f 1375 1401 1374 
f 1401 1375 1400 
f 1395 1396 1404 
f 1396 1388 1403 
f 1404 1403 1402 
f 1403 1404 1396 
f 1402 1403 1407 
f 1403 1388 1406 
f 1407 1406 1405 
f 1406 1407 1403 
f 1388 1393 1406 
f 1393 1391 1408 
f 1406 1408 1405 
f 1408 1406 1393 
f 1395 1404 1411 
f 1404 1402 1410 
f 1411 1410 1409 
f 1410 1411 1404 
f 1395 1411 1414 
f 1411 1409 1413 
f 1414 1413 1412 
f 1413 1414 1411 
f 1398 1399 1415 
f 1399 1395 1414 
f 1415 1414 1412 
f 1414 1415 1399 
f 1409 1410 1418 
f 1410 1402 1417 
f 1418 1417 1416 
f 1417 1418 1410 
f 1416 1417 1421 
f 1417 1402 1420 
f 1421 1420 1419 
f 1420 1421 1417 
f 1419 1420 1422 
f 1420 1402 1407 
f 1422 1407 1405 
f 1407 1422 1420 
f 1409 1418 1425 
f 1418 1416 1424 
f 1425 1424 1423 
f 1424 1425 1418 
f 1409 1425 1428 
f 1425 1423 1427 
f 1428 1427 1426 
f 1427 1428 1425 
f 1409 1428 1413 
f 1428 1426 1429 
f 1413 1429 1412 
f 1429 1413 1428 
f 1423 1424 1432 
f 1424 1416 1431 
f 1432 1431 1430 
f 1431 1432 1424 
f 1430 1431 1435 
f 1431 1416 1434 
f 1435 1434 1433 
f 1434 1435 1431 
f 1416 1421 1434 
f 1421 1419 1436 
f 1434 1436 1433 
f 1436 1434 1421 
f 1423 1432 1439 
f 1432 1430 1438 
f 1439 1438 1437 
f 1438 1439 1432 
f 1423 1439 1442 
f 1439 1437 1441 
f 1442 1441 1440 
f 1441 1442 1439 
f 1423 1442 1427 
f 1442 1440 1443 
f 1427 1443 1426 
f 1443 1427 1442 
f 1437 1438 1446 
f 1438 1430 1445 
f 1446 1445 1444 
f 1445 1446 1438 
f 1444 1445 1449 
f 1445 1430 1448 
f 1449 1448 1447 
f 1448 1449 1445 
f 1447 1448 1450 
f 1448 1430 1435 
f 1450 1435 1433 
f 1435 1450 1448 
f 1437 1446 1453 
f 1446 1444 1452 
f 1453 1452 1451 
f 1452 1453 1446 
f 1437 1453 1456 
f 1453 1451 1455 
f 1456 1455 1454 
f 1455 1456 1453 
f 1440 1441 1457 
f 1441 1437 1456 
f 1457 1456 1454 
f 1456 1457 1441 
f 1451 1452 1460 
f 1452 1444 1459 
f 1460 1459 1458 
f 1459 1460 1452 
f 1458 1459 1463 
f 1459 1444 1462 
f 1463 1462 1461 
f 1462 1463 1459 
f 1461 1462 1464 
f 1462 1444 1449 
f 1464 1449 1447 
f 1449 1464 1462 
f 1336 1349 1467 
f 1349 1346 1466 
f 1467 1466 1465 
f 1466 1467 1349 
f 1465 1466 1470 
f 1466 1346 1469 
f 1470 1469 1468 
f 1469 1470 1466 
f 1468 1469 1471 
f 1469 1346 1363 
f 1471 1363 1360 
f 1363 1471 1469 
f 1398 1415 1474 
f 1415 1412 1473 
f 1474 1473 1472 
f 1473 1474 1415 
f 1398 1474 1477 
f 1474 1472 1476 
f 1477 1476 1475 
f 1476 1477 1474 
f 1374 1401 1478 
f 1401 1398 1477 
f 1478 1477 1475 
f 1477 1478 1401 
f 1451 1460 1481 
f 1460 1458 1480 
f 1481 1480 1479 
f 1480 1481 1460 
f 1451 1481 1484 
f 1481 1479 1483 
f 1484 1483 1482 
f 1483 1484 1481 
f 1454 1455 1485 
f 1455 1451 1484 
f 1485 1484 1482 
f 1484 1485 1455 
f 1458 1463 1488 
f 1463 1461 1487 
f 1488 1487 1486 
f 1487 1488 1463 
f 1458 1488 1491 
f 1488 1486 1490 
f 1491 1490 1489 
f 1490 1491 1488 
f 1458 1491 1480 
f 1491 1489 1492 
f 1480 1492 1479 
f 1492 1480 1491 
f 1486 1487 1495 
f 1487 1461 1494 
f 1495 1494 1493 
f 1494 1495 1487 
f 1493 1494 1498 
f 1494 1461 1497 
f 1498 1497 1496 
f 1497 1498 1494 
f 1461 1464 1497 
f 1464 1447 1499 
f 1497 1499 1496 
f 1499 1497 1464 
f 1489 1490 1502 
f 1490 1486 1501 
f 1502 1501 1500 
f 1501 1502 1490 
f 1500 1501 1505 
f 1501 1486 1504 
f 1505 1504 1503 
f 1504 1505 1501 
f 1503 1504 1506 
f 1504 1486 1495 
f 1506 1495 1493 
f 1495 1506 1504 
f 1381 1382 1509 
f 1382 879 1508 
f 1509 1508 1507 
f 1508 1509 1382 
f 879 883 1512 
f 883 744 1511 
f 1512 1511 1510 
f 1511 1512 883 
f 1507 1508 1513 
f 1508 879 1512 
f 1513 1512 1510 
f 1512 1513 1508 
f 1489 1502 1516 
f 1502 1500 1515 
f 1516 1515 1514 
f 1515 1516 1502 
f 1489 1516 1519 
f 1516 1514 1518 
f 1519 1518 1517 
f 1518 1519 1516 
f 1479 1492 1520 
f 1492 1489 1519 
f 1520 1519 1517 
f 1519 1520 1492 
f 1500 1505 1523 
f 1505 1503 1522 
f 1523 1522 1521 
f 1522 1523 1505 
f 1500 1523 1526 
f 1523 1521 1525 
f 1526 1525 1524 
f 1525 1526 1523 
f 1500 1526 1515 
f 1526 1524 1527 
f 1515 1527 1514 
f 1527 1515 1526 
f 1521 1522 1530 
f 1522 1503 1529 
f 1530 1529 1528 
f 1529 1530 1522 
f 1528 1529 1533 
f 1529 1503 1532 
f 1533 1532 1531 
f 1532 1533 1529 
f 1531 1532 1534 
f 1532 1503 1506 
f 1534 1506 1493 
f 1506 1534 1532 
f 1524 1525 1537 
f 1525 1521 1536 
f 1537 1536 1535 
f 1536 1537 1525 
f 1535 1536 1540 
f 1536 1521 1539 
f 1540 1539 1538 
f 1539 1540 1536 
f 1521 1530 1539 
f 1530 1528 1541 
f 1539 1541 1538 
f 1541 1539 1530 
f 1426 1443 1544 
f 1443 1440 1543 
f 1544 1543 1542 
f 1543 1544 1443 
f 1440 1457 1547 
f 1457 1454 1546 
f 1547 1546 1545 
f 1546 1547 1457 
f 1542 1543 1548 
f 1543 1440 1547 
f 1548 1547 1545 
f 1547 1548 1543 
f 1353 1356 1551 
f 1356 1322 1550 
f 1551 1550 1549 
f 1550 1551 1356 
f 1353 1551 1554 
f 1551 1549 1553 
f 1554 1553 1552 
f 1553 1554 1551 
f 1367 1370 1555 
f 1370 1353 1554 
f 1555 1554 1552 
f 1554 1555 1370 
f 1185 1202 1558 
f 1202 1199 1557 
f 1558 1557 1556 
f 1557 1558 1202 
f 1171 1188 1561 
f 1188 1185 1560 
f 1561 1560 1559 
f 1560 1561 1188 
f 1559 1560 1562 
f 1560 1185 1558 
f 1562 1558 1556 
f 1558 1562 1560 
f 1563 1565 1567 
f 1565 1419 1566 
f 1567 1566 1564 
f 1566 1567 1565 
f 1419 1565 1436 
f 1565 1563 1568 
f 1436 1568 1433 
f 1568 1436 1565 
f 1419 1422 1566 
f 1422 1405 1569 
f 1566 1569 1564 
f 1569 1566 1422 
f 1199 1216 1572 
f 1216 1213 1571 
f 1572 1571 1570 
f 1571 1572 1216 
f 1570 1571 1575 
f 1571 1213 1574 
f 1575 1574 1573 
f 1574 1575 1571 
f 1213 1230 1574 
f 1230 1227 1576 
f 1574 1576 1573 
f 1576 1574 1230 
f 1066 1082 1579 
f 1082 1080 1578 
f 1579 1578 1577 
f 1578 1579 1082 
f 1066 1579 1582 
f 1579 1577 1581 
f 1582 1581 1580 
f 1581 1582 1579 
f 1035 1069 1583 
f 1069 1066 1582 
f 1583 1582 1580 
f 1582 1583 1069 
f 1024 1040 1586 
f 1040 1038 1585 
f 1586 1585 1584 
f 1585 1586 1040 
f 1024 1586 1589 
f 1586 1584 1588 
f 1589 1588 1587 
f 1588 1589 1586 
f 1024 1589 1027 
f 1589 1587 1590 
f 1027 1590 993 
f 1590 1027 1589 
f 1577 1578 1593 
f 1578 1080 1592 
f 1593 1592 1591 
f 1592 1593 1578 
f 1591 1592 1596 
f 1592 1080 1595 
f 1596 1595 1594 
f 1595 1596 1592 
f 1080 1083 1595 
f 1083 1077 1597 
f 1595 1597 1594 
f 1597 1595 1083 
f 1164 1165 1600 
f 1165 1161 1599 
f 1600 1599 1598 
f 1599 1600 1165 
f 1598 1599 1603 
f 1599 1161 1602 
f 1603 1602 1601 
f 1602 1603 1599 
f 1161 1174 1602 
f 1174 1171 1604 
f 1602 1604 1601 
f 1604 1602 1174 
f 1164 1600 1607 
f 1600 1598 1606 
f 1607 1606 1605 
f 1606 1607 1600 
f 1164 1607 1610 
f 1607 1605 1609 
f 1610 1609 1608 
f 1609 1610 1607 
f 1133 1167 1611 
f 1167 1164 1610 
f 1611 1610 1608 
f 1610 1611 1167 
f 1049 1054 1614 
f 1054 1052 1613 
f 1614 1613 1612 
f 1613 1614 1054 
f 1049 1614 1617 
f 1614 1612 1616 
f 1617 1616 1615 
f 1616 1617 1614 
f 1059 1062 1618 
f 1062 1049 1617 
f 1618 1617 1615 
f 1617 1618 1062 
f 1007 1012 1621 
f 1012 1010 1620 
f 1621 1620 1619 
f 1620 1621 1012 
f 1007 1621 1624 
f 1621 1619 1623 
f 1624 1623 1622 
f 1623 1624 1621 
f 1017 1020 1625 
f 1020 1007 1624 
f 1625 1624 1622 
f 1624 1625 1020 
f 1297 1298 1628 
f 1298 1294 1627 
f 1628 1627 1626 
f 1627 1628 1298 
f 1626 1627 1631 
f 1627 1294 1630 
f 1631 1630 1629 
f 1630 1631 1627 
f 1294 1307 1630 
f 1307 1304 1632 
f 1630 1632 1629 
f 1632 1630 1307 
f 1297 1628 1635 
f 1628 1626 1634 
f 1635 1634 1633 
f 1634 1635 1628 
f 1297 1635 1638 
f 1635 1633 1637 
f 1638 1637 1636 
f 1637 1638 1635 
f 1266 1300 1639 
f 1300 1297 1638 
f 1639 1638 1636 
f 1638 1639 1300 
f 1325 1326 1642 
f 1326 1311 1641 
f 1642 1641 1640 
f 1641 1642 1326 
f 1640 1641 1645 
f 1641 1311 1644 
f 1645 1644 1643 
f 1644 1645 1641 
f 1643 1644 1646 
f 1644 1311 1314 
f 1646 1314 1280 
f 1314 1646 1644 
f 1384 1385 1649 
f 1385 1381 1648 
f 1649 1648 1647 
f 1648 1649 1385 
f 1647 1648 1652 
f 1648 1381 1651 
f 1652 1651 1650 
f 1651 1652 1648 
f 1381 1509 1651 
f 1509 1507 1653 
f 1651 1653 1650 
f 1653 1651 1509 
f 1220 1223 1656 
f 1223 1206 1655 
f 1656 1655 1654 
f 1655 1656 1223 
f 1206 1209 1659 
f 1209 1192 1658 
f 1659 1658 1657 
f 1658 1659 1209 
f 1654 1655 1660 
f 1655 1206 1659 
f 1660 1659 1657 
f 1659 1660 1655 
f 975 978 1663 
f 978 961 1662 
f 1663 1662 1661 
f 1662 1663 978 
f 961 964 1666 
f 964 947 1665 
f 1666 1665 1664 
f 1665 1666 964 
f 1661 1662 1667 
f 1662 961 1666 
f 1667 1666 1664 
f 1666 1667 1662 
f 1524 1537 1670 
f 1537 1535 1669 
f 1670 1669 1668 
f 1669 1670 1537 
f 1524 1670 1673 
f 1670 1668 1672 
f 1673 1672 1671 
f 1672 1673 1670 
f 1524 1673 1527 
f 1673 1671 1674 
f 1527 1674 1514 
f 1674 1527 1673 
f 1668 1669 1677 
f 1669 1535 1676 
f 1677 1676 1675 
f 1676 1677 1669 
f 1675 1676 1680 
f 1676 1535 1679 
f 1680 1679 1678 
f 1679 1680 1676 
f 1678 1679 1681 
f 1679 1535 1540 
f 1681 1540 1538 
f 1540 1681 1679 
f 1528 1533 1684 
f 1533 1531 1683 
f 1684 1683 1682 
f 1683 1684 1533 
f 1528 1684 1687 
f 1684 1682 1686 
f 1687 1686 1685 
f 1686 1687 1684 
f 1538 1541 1688 
f 1541 1528 1687 
f 1688 1687 1685 
f 1687 1688 1541 
f 1633 1634 1691 
f 1634 1626 1690 
f 1691 1690 1689 
f 1690 1691 1634 
f 1689 1690 1694 
f 1690 1626 1693 
f 1694 1693 1692 
f 1693 1694 1690 
f 1692 1693 1695 
f 1693 1626 1631 
f 1695 1631 1629 
f 1631 1695 1693 
f 1178 1697 1195 
f 1697 1696 1698 
f 1195 1698 1192 
f 1698 1195 1697 
f 1696 1697 1701 
f 1697 1178 1700 
f 1701 1700 1699 
f 1700 1701 1697 
f 1178 1181 1700 
f 1181 1147 1702 
f 1700 1702 1699 
f 1702 1700 1181 
f 1405 1408 1705 
f 1408 1391 1704 
f 1705 1704 1703 
f 1704 1705 1408 
f 1391 1394 1708 
f 1394 1367 1707 
f 1708 1707 1706 
f 1707 1708 1394 
f 1391 1708 1704 
f 1708 1706 1709 
f 1704 1709 1703 
f 1709 1704 1708 
f 1577 1593 1712 
f 1593 1591 1711 
f 1712 1711 1710 
f 1711 1712 1593 
f 1577 1712 1715 
f 1712 1710 1714 
f 1715 1714 1713 
f 1714 1715 1712 
f 1577 1715 1581 
f 1715 1713 1716 
f 1581 1716 1580 
f 1716 1581 1715 
f 1668 1677 1719 
f 1677 1675 1718 
f 1719 1718 1717 
f 1718 1719 1677 
f 1671 1672 1722 
f 1672 1668 1721 
f 1722 1721 1720 
f 1721 1722 1672 
f 1668 1719 1721 
f 1719 1717 1723 
f 1721 1723 1720 
f 1723 1721 1719 
f 1675 1680 1726 
f 1680 1678 1725 
f 1726 1725 1724 
f 1725 1726 1680 
f 1675 1726 1729 
f 1726 1724 1728 
f 1729 1728 1727 
f 1728 1729 1726 
f 1717 1718 1730 
f 1718 1675 1729 
f 1730 1729 1727 
f 1729 1730 1718 
f 1724 1725 1733 
f 1725 1678 1732 
f 1733 1732 1731 
f 1732 1733 1725 
f 1731 1732 1736 
f 1732 1678 1735 
f 1736 1735 1734 
f 1735 1736 1732 
f 1734 1735 1737 
f 1735 1678 1681 
f 1737 1681 1538 
f 1681 1737 1735 
f 1605 1606 1740 
f 1606 1598 1739 
f 1740 1739 1738 
f 1739 1740 1606 
f 1738 1739 1743 
f 1739 1598 1742 
f 1743 1742 1741 
f 1742 1743 1739 
f 1741 1742 1744 
f 1742 1598 1603 
f 1744 1603 1601 
f 1603 1744 1742 
f 1633 1691 1747 
f 1691 1689 1746 
f 1747 1746 1745 
f 1746 1747 1691 
f 1633 1747 1750 
f 1747 1745 1749 
f 1750 1749 1748 
f 1749 1750 1747 
f 1633 1750 1637 
f 1750 1748 1751 
f 1637 1751 1636 
f 1751 1637 1750 
f 1605 1740 1754 
f 1740 1738 1753 
f 1754 1753 1752 
f 1753 1754 1740 
f 1605 1754 1757 
f 1754 1752 1756 
f 1757 1756 1755 
f 1756 1757 1754 
f 1605 1757 1609 
f 1757 1755 1758 
f 1609 1758 1608 
f 1758 1609 1757 
f 1671 1722 1761 
f 1722 1720 1760 
f 1761 1760 1759 
f 1760 1761 1722 
f 1514 1674 1764 
f 1674 1671 1763 
f 1764 1763 1762 
f 1763 1764 1674 
f 1671 1761 1763 
f 1761 1759 1765 
f 1763 1765 1762 
f 1765 1763 1761 
f 1710 1711 1768 
f 1711 1591 1767 
f 1768 1767 1766 
f 1767 1768 1711 
f 1766 1767 1771 
f 1767 1591 1770 
f 1771 1770 1769 
f 1770 1771 1767 
f 1769 1770 1772 
f 1770 1591 1596 
f 1772 1596 1594 
f 1596 1772 1770 
f 954 971 1775 
f 971 968 1774 
f 1775 1774 1773 
f 1774 1775 971 
f 1773 1774 1778 
f 1774 968 1777 
f 1778 1777 1776 
f 1777 1778 1774 
f 968 985 1777 
f 985 982 1779 
f 1777 1779 1776 
f 1779 1777 985 
f 1682 1683 1782 
f 1683 1531 1781 
f 1782 1781 1780 
f 1781 1782 1683 
f 1780 1781 1785 
f 1781 1531 1784 
f 1785 1784 1783 
f 1784 1785 1781 
f 1783 1784 1786 
f 1784 1531 1534 
f 1786 1534 1493 
f 1534 1786 1784 
f 1682 1782 1789 
f 1782 1780 1788 
f 1789 1788 1787 
f 1788 1789 1782 
f 1682 1789 1792 
f 1789 1787 1791 
f 1792 1791 1790 
f 1791 1792 1789 
f 1682 1792 1686 
f 1792 1790 1793 
f 1686 1793 1685 
f 1793 1686 1792 
f 1724 1733 1796 
f 1733 1731 1795 
f 1796 1795 1794 
f 1795 1796 1733 
f 1724 1796 1799 
f 1796 1794 1798 
f 1799 1798 1797 
f 1798 1799 1796 
f 1724 1799 1728 
f 1799 1797 1800 
f 1728 1800 1727 
f 1800 1728 1799 
f 1717 1730 1803 
f 1730 1727 1802 
f 1803 1802 1801 
f 1802 1803 1730 
f 1720 1723 1806 
f 1723 1717 1805 
f 1806 1805 1804 
f 1805 1806 1723 
f 1804 1805 1807 
f 1805 1717 1803 
f 1807 1803 1801 
f 1803 1807 1805 
f 926 943 1810 
f 943 940 1809 
f 1810 1809 1808 
f 1809 1810 943 
f 1808 1809 1813 
f 1809 940 1812 
f 1813 1812 1811 
f 1812 1813 1809 
f 1811 1812 1814 
f 1812 940 957 
f 1814 957 954 
f 957 1814 1812 
f 933 1816 950 
f 1816 1815 1817 
f 950 1817 947 
f 1817 950 1816 
f 1815 1816 1820 
f 1816 933 1819 
f 1820 1819 1818 
f 1819 1820 1816 
f 933 936 1819 
f 936 919 1821 
f 1819 1821 1818 
f 1821 1819 936 
f 1689 1694 1824 
f 1694 1692 1823 
f 1824 1823 1822 
f 1823 1824 1694 
f 1745 1746 1827 
f 1746 1689 1826 
f 1827 1826 1825 
f 1826 1827 1746 
f 1689 1824 1826 
f 1824 1822 1828 
f 1826 1828 1825 
f 1828 1826 1824 
f 1822 1823 1831 
f 1823 1692 1830 
f 1831 1830 1829 
f 1830 1831 1823 
f 1829 1830 1834 
f 1830 1692 1833 
f 1834 1833 1832 
f 1833 1834 1830 
f 1692 1695 1833 
f 1695 1629 1835 
f 1833 1835 1832 
f 1835 1833 1695 
f 1713 1714 1838 
f 1714 1710 1837 
f 1838 1837 1836 
f 1837 1838 1714 
f 1710 1768 1841 
f 1768 1766 1840 
f 1841 1840 1839 
f 1840 1841 1768 
f 1836 1837 1842 
f 1837 1710 1841 
f 1842 1841 1839 
f 1841 1842 1837 
f 1713 1838 1845 
f 1838 1836 1844 
f 1845 1844 1843 
f 1844 1845 1838 
f 1713 1845 1848 
f 1845 1843 1847 
f 1848 1847 1846 
f 1847 1848 1845 
f 1580 1716 1849 
f 1716 1713 1848 
f 1849 1848 1846 
f 1848 1849 1716 
f 1787 1788 1852 
f 1788 1780 1851 
f 1852 1851 1850 
f 1851 1852 1788 
f 1780 1785 1855 
f 1785 1783 1854 
f 1855 1854 1853 
f 1854 1855 1785 
f 1780 1855 1851 
f 1855 1853 1856 
f 1851 1856 1850 
f 1856 1851 1855 
f 1790 1791 1859 
f 1791 1787 1858 
f 1859 1858 1857 
f 1858 1859 1791 
f 1857 1858 1862 
f 1858 1787 1861 
f 1862 1861 1860 
f 1861 1862 1858 
f 1860 1861 1863 
f 1861 1787 1852 
f 1863 1852 1850 
f 1852 1863 1861 
f 1790 1859 1865 
f 1859 1857 1864 
f 1865 1864 563 
f 1864 1865 1859 
f 1790 1865 1868 
f 1865 563 1867 
f 1868 1867 1866 
f 1867 1868 1865 
f 1685 1793 1869 
f 1793 1790 1868 
f 1869 1868 1866 
f 1868 1869 1793 
f 563 1864 566 
f 1864 1857 1870 
f 566 1870 564 
f 1870 566 1864 
f 1857 1862 1872 
f 1862 1860 1871 
f 1872 1871 750 
f 1871 1872 1862 
f 564 1870 1873 
f 1870 1857 1872 
f 1873 1872 750 
f 1872 1873 1870 
f 1748 1749 1876 
f 1749 1745 1875 
f 1876 1875 1874 
f 1875 1876 1749 
f 1874 1875 1879 
f 1875 1745 1878 
f 1879 1878 1877 
f 1878 1879 1875 
f 1877 1878 1880 
f 1878 1745 1827 
f 1880 1827 1825 
f 1827 1880 1878 
f 1748 1876 1883 
f 1876 1874 1882 
f 1883 1882 1881 
f 1882 1883 1876 
f 1748 1883 1886 
f 1883 1881 1885 
f 1886 1885 1884 
f 1885 1886 1883 
f 1748 1886 1751 
f 1886 1884 1887 
f 1751 1887 1636 
f 1887 1751 1886 
f 1794 1795 1889 
f 1795 1731 1888 
f 1889 1888 762 
f 1888 1889 1795 
f 1731 1736 1892 
f 1736 1734 1891 
f 1892 1891 1890 
f 1891 1892 1736 
f 1731 1892 1888 
f 1892 1890 1893 
f 1888 1893 762 
f 1893 1888 1892 
f 1822 1831 1896 
f 1831 1829 1895 
f 1896 1895 1894 
f 1895 1896 1831 
f 1822 1896 1898 
f 1896 1894 1897 
f 1898 1897 608 
f 1897 1898 1896 
f 1822 1898 1828 
f 1898 608 1899 
f 1828 1899 1825 
f 1899 1828 1898 
f 1894 1895 1902 
f 1895 1829 1901 
f 1902 1901 1900 
f 1901 1902 1895 
f 1900 1901 1905 
f 1901 1829 1904 
f 1905 1904 1903 
f 1904 1905 1901 
f 1903 1904 1906 
f 1904 1829 1834 
f 1906 1834 1832 
f 1834 1906 1904 
f 1894 1902 1909 
f 1902 1900 1908 
f 1909 1908 1907 
f 1908 1909 1902 
f 1894 1909 1911 
f 1909 1907 1910 
f 1911 1910 609 
f 1910 1911 1909 
f 608 1897 611 
f 1897 1894 1911 
f 611 1911 609 
f 1911 611 1897 
f 1900 1905 1914 
f 1905 1903 1913 
f 1914 1913 1912 
f 1913 1914 1905 
f 1900 1914 1917 
f 1914 1912 1916 
f 1917 1916 1915 
f 1916 1917 1914 
f 1907 1908 1918 
f 1908 1900 1917 
f 1918 1917 1915 
f 1917 1918 1908 
f 1912 1913 1921 
f 1913 1903 1920 
f 1921 1920 1919 
f 1920 1921 1913 
f 1919 1920 1924 
f 1920 1903 1923 
f 1924 1923 1922 
f 1923 1924 1920 
f 1922 1923 1925 
f 1923 1903 1906 
f 1925 1906 1832 
f 1906 1925 1923 
f 1912 1921 1928 
f 1921 1919 1927 
f 1928 1927 1926 
f 1927 1928 1921 
f 1912 1928 1931 
f 1928 1926 1930 
f 1931 1930 1929 
f 1930 1931 1928 
f 1912 1931 1916 
f 1931 1929 1932 
f 1916 1932 1915 
f 1932 1916 1931 
f 1738 1743 1935 
f 1743 1741 1934 
f 1935 1934 1933 
f 1934 1935 1743 
f 1752 1753 1937 
f 1753 1738 1936 
f 1937 1936 717 
f 1936 1937 1753 
f 1738 1935 1936 
f 1935 1933 1938 
f 1936 1938 717 
f 1938 1936 1935 
f 1933 1934 1941 
f 1934 1741 1940 
f 1941 1940 1939 
f 1940 1941 1934 
f 1939 1940 1944 
f 1940 1741 1943 
f 1944 1943 1942 
f 1943 1944 1940 
f 1942 1943 1945 
f 1943 1741 1744 
f 1945 1744 1601 
f 1744 1945 1943 
f 1755 1756 1948 
f 1756 1752 1947 
f 1948 1947 1946 
f 1947 1948 1756 
f 1946 1947 1950 
f 1947 1752 1949 
f 1950 1949 722 
f 1949 1950 1947 
f 1752 1937 1949 
f 1937 717 724 
f 1949 724 722 
f 724 1949 1937 
f 1755 1948 1953 
f 1948 1946 1952 
f 1953 1952 1951 
f 1952 1953 1948 
f 1755 1953 1956 
f 1953 1951 1955 
f 1956 1955 1954 
f 1955 1956 1953 
f 1755 1956 1758 
f 1956 1954 1957 
f 1758 1957 1608 
f 1957 1758 1956 
f 1766 1771 1960 
f 1771 1769 1959 
f 1960 1959 1958 
f 1959 1960 1771 
f 1766 1960 1962 
f 1960 1958 1961 
f 1962 1961 782 
f 1961 1962 1960 
f 1766 1962 1840 
f 1962 782 1963 
f 1840 1963 1839 
f 1963 1840 1962 
f 1958 1959 1966 
f 1959 1769 1965 
f 1966 1965 1964 
f 1965 1966 1959 
f 1967 1968 1969 
f 1968 1769 1772 
f 1969 1772 1594 
f 1772 1969 1968 
f 1769 1968 1965 
f 1968 1967 1970 
f 1965 1970 1964 
f 1970 1965 1968 
f 1933 1941 1972 
f 1941 1939 1971 
f 1972 1971 601 
f 1971 1972 1941 
f 1933 1972 1974 
f 1972 601 1973 
f 1974 1973 716 
f 1973 1974 1972 
f 1933 1974 1938 
f 1974 716 720 
f 1938 720 717 
f 720 1938 1974 
f 1951 1952 1977 
f 1952 1946 1976 
f 1977 1976 1975 
f 1976 1977 1952 
f 1975 1976 1980 
f 1976 1946 1979 
f 1980 1979 1978 
f 1979 1980 1976 
f 1978 1979 1981 
f 1979 1946 1950 
f 1981 1950 722 
f 1950 1981 1979 
f 1954 1955 1984 
f 1955 1951 1983 
f 1984 1983 1982 
f 1983 1984 1955 
f 1982 1983 1987 
f 1983 1951 1986 
f 1987 1986 1985 
f 1986 1987 1983 
f 1951 1977 1986 
f 1977 1975 1988 
f 1986 1988 1985 
f 1988 1986 1977 
f 1797 1798 1991 
f 1798 1794 1990 
f 1991 1990 1989 
f 1990 1991 1798 
f 1989 1990 1993 
f 1990 1794 1992 
f 1993 1992 761 
f 1992 1993 1990 
f 761 1992 764 
f 1992 1794 1889 
f 764 1889 762 
f 1889 764 1992 
f 1797 1991 1996 
f 1991 1989 1995 
f 1996 1995 1994 
f 1995 1996 1991 
f 1797 1996 1999 
f 1996 1994 1998 
f 1999 1998 1997 
f 1998 1999 1996 
f 1797 1999 1800 
f 1999 1997 2000 
f 1800 2000 1727 
f 2000 1800 1999 
f 912 929 2003 
f 929 926 2002 
f 2003 2002 2001 
f 2002 2003 929 
f 912 2003 2006 
f 2003 2001 2005 
f 2006 2005 2004 
f 2005 2006 2003 
f 912 2006 915 
f 2006 2004 2007 
f 915 2007 900 
f 2007 915 2006 
f 782 1961 786 
f 1961 1958 2008 
f 786 2008 785 
f 2008 786 1961 
f 785 2008 2011 
f 2008 1958 2010 
f 2011 2010 2009 
f 2010 2011 2008 
f 1958 1966 2010 
f 1966 1964 2012 
f 2010 2012 2009 
f 2012 2010 1966 
f 1881 1882 2015 
f 1882 1874 2014 
f 2015 2014 2013 
f 2014 2015 1882 
f 1874 1879 2017 
f 1879 1877 2016 
f 2017 2016 789 
f 2016 2017 1879 
f 1874 2017 2014 
f 2017 789 2018 
f 2014 2018 2013 
f 2018 2014 2017 
f 1884 1885 2021 
f 1885 1881 2020 
f 2021 2020 2019 
f 2020 2021 1885 
f 2019 2020 2024 
f 2020 1881 2023 
f 2024 2023 2022 
f 2023 2024 2020 
f 2022 2023 2025 
f 2023 1881 2015 
f 2025 2015 2013 
f 2015 2025 2023 
f 1384 1649 2028 
f 1649 1647 2027 
f 2028 2027 2026 
f 2027 2028 1649 
f 1384 2028 2030 
f 2028 2026 2029 
f 2030 2029 684 
f 2029 2030 2028 
f 666 1387 685 
f 1387 1384 2030 
f 685 2030 684 
f 2030 685 1387 
f 2026 2027 2033 
f 2027 1647 2032 
f 2033 2032 2031 
f 2032 2033 2027 
f 2031 2032 2036 
f 2032 1647 2035 
f 2036 2035 2034 
f 2035 2036 2032 
f 2034 2035 2037 
f 2035 1647 1652 
f 2037 1652 1650 
f 1652 2037 2035 
f 2026 2033 2040 
f 2033 2031 2039 
f 2040 2039 2038 
f 2039 2040 2033 
f 684 2029 2043 
f 2029 2026 2042 
f 2043 2042 2041 
f 2042 2043 2029 
f 2026 2040 2042 
f 2040 2038 2044 
f 2042 2044 2041 
f 2044 2042 2040 
f 1853 1854 2047 
f 1854 1783 2046 
f 2047 2046 2045 
f 2046 2047 1854 
f 1783 1786 2048 
f 1786 1493 1498 
f 2048 1498 1496 
f 1498 2048 1786 
f 1783 2048 2046 
f 2048 1496 2049 
f 2046 2049 2045 
f 2049 2046 2048 
f 1884 2021 2052 
f 2021 2019 2051 
f 2052 2051 2050 
f 2051 2052 2021 
f 1884 2052 2054 
f 2052 2050 2053 
f 2054 2053 1269 
f 2053 2054 2052 
f 1636 1887 2055 
f 1887 1884 2054 
f 2055 2054 1269 
f 2054 2055 1887 
f 2019 2024 2058 
f 2024 2022 2057 
f 2058 2057 2056 
f 2057 2058 2024 
f 2019 2058 2061 
f 2058 2056 2060 
f 2061 2060 2059 
f 2060 2061 2058 
f 2050 2051 2062 
f 2051 2019 2061 
f 2062 2061 2059 
f 2061 2062 2051 
f 1325 1642 2065 
f 1642 1640 2064 
f 2065 2064 2063 
f 2064 2065 1642 
f 1325 2065 2067 
f 2065 2063 2066 
f 2067 2066 1549 
f 2066 2067 2065 
f 1322 1328 1550 
f 1328 1325 2067 
f 1550 2067 1549 
f 2067 1550 1328 
f 2063 2064 2070 
f 2064 1640 2069 
f 2070 2069 2068 
f 2069 2070 2064 
f 2068 2069 2073 
f 2069 1640 2072 
f 2073 2072 2071 
f 2072 2073 2069 
f 2071 2072 2074 
f 2072 1640 1645 
f 2074 1645 1643 
f 1645 2074 2072 
f 2063 2070 2077 
f 2070 2068 2076 
f 2077 2076 2075 
f 2076 2077 2070 
f 2063 2077 2080 
f 2077 2075 2079 
f 2080 2079 2078 
f 2079 2080 2077 
f 2063 2080 2066 
f 2080 2078 2081 
f 2066 2081 1549 
f 2081 2066 2080 
f 2068 2073 2084 
f 2073 2071 2083 
f 2084 2083 2082 
f 2083 2084 2073 
f 2075 2076 2087 
f 2076 2068 2086 
f 2087 2086 2085 
f 2086 2087 2076 
f 2068 2084 2086 
f 2084 2082 2088 
f 2086 2088 2085 
f 2088 2086 2084 
f 2082 2083 2091 
f 2083 2071 2090 
f 2091 2090 2089 
f 2090 2091 2083 
f 2089 2090 2094 
f 2090 2071 2093 
f 2094 2093 2092 
f 2093 2094 2090 
f 2092 2093 2095 
f 2093 2071 2074 
f 2095 2074 1643 
f 2074 2095 2093 
f 2078 2079 2098 
f 2079 2075 2097 
f 2098 2097 2096 
f 2097 2098 2079 
f 2096 2097 2100 
f 2097 2075 2099 
f 2100 2099 673 
f 2099 2100 2097 
f 673 2099 2101 
f 2099 2075 2087 
f 2101 2087 2085 
f 2087 2101 2099 
f 2078 2098 2104 
f 2098 2096 2103 
f 2104 2103 2102 
f 2103 2104 2098 
f 2078 2104 2106 
f 2104 2102 2105 
f 2106 2105 1552 
f 2105 2106 2104 
f 1549 2081 1553 
f 2081 2078 2106 
f 1553 2106 1552 
f 2106 1553 2081 
f 2102 2103 2109 
f 2103 2096 2108 
f 2109 2108 2107 
f 2108 2109 2103 
f 2107 2108 2111 
f 2108 2096 2110 
f 2111 2110 670 
f 2110 2111 2108 
f 2096 2100 2110 
f 2100 673 678 
f 2110 678 670 
f 678 2110 2100 
f 2102 2109 2114 
f 2109 2107 2113 
f 2114 2113 2112 
f 2113 2114 2109 
f 2102 2114 2116 
f 2114 2112 2115 
f 2116 2115 1706 
f 2115 2116 2114 
f 1552 2105 2117 
f 2105 2102 2116 
f 2117 2116 1706 
f 2116 2117 2105 
f 1612 1613 2120 
f 1613 1052 2119 
f 2120 2119 2118 
f 2119 2120 1613 
f 2118 2119 2122 
f 2119 1052 2121 
f 2122 2121 1622 
f 2121 2122 2119 
f 1052 1055 2121 
f 1055 1017 1625 
f 2121 1625 1622 
f 1625 2121 1055 
f 1612 2120 2125 
f 2120 2118 2124 
f 2125 2124 2123 
f 2124 2125 2120 
f 1612 2125 2128 
f 2125 2123 2127 
f 2128 2127 2126 
f 2127 2128 2125 
f 1612 2128 1616 
f 2128 2126 2129 
f 1616 2129 1615 
f 2129 1616 2128 
f 2123 2124 2132 
f 2124 2118 2131 
f 2132 2131 2130 
f 2131 2132 2124 
f 2130 2131 2135 
f 2131 2118 2134 
f 2135 2134 2133 
f 2134 2135 2131 
f 2118 2122 2134 
f 2122 1622 2136 
f 2134 2136 2133 
f 2136 2134 2122 
f 2126 2127 2139 
f 2127 2123 2138 
f 2139 2138 2137 
f 2138 2139 2127 
f 2123 2132 2142 
f 2132 2130 2141 
f 2142 2141 2140 
f 2141 2142 2132 
f 2123 2142 2138 
f 2142 2140 2143 
f 2138 2143 2137 
f 2143 2138 2142 
f 2126 2145 2129 
f 2145 2144 2146 
f 2129 2146 1615 
f 2146 2129 2145 
f 2144 2145 2149 
f 2145 2126 2148 
f 2149 2148 2147 
f 2148 2149 2145 
f 2126 2139 2148 
f 2139 2137 2150 
f 2148 2150 2147 
f 2150 2148 2139 
f 2140 2141 2153 
f 2141 2130 2152 
f 2153 2152 2151 
f 2152 2153 2141 
f 2151 2152 2156 
f 2152 2130 2155 
f 2156 2155 2154 
f 2155 2156 2152 
f 2154 2155 2157 
f 2155 2130 2135 
f 2157 2135 2133 
f 2135 2157 2155 
f 2140 2153 2160 
f 2153 2151 2159 
f 2160 2159 2158 
f 2159 2160 2153 
f 2140 2160 2163 
f 2160 2158 2162 
f 2163 2162 2161 
f 2162 2163 2160 
f 2140 2163 2143 
f 2163 2161 2164 
f 2143 2164 2137 
f 2164 2143 2163 
f 2151 2156 2167 
f 2156 2154 2166 
f 2167 2166 2165 
f 2166 2167 2156 
f 2158 2159 2170 
f 2159 2151 2169 
f 2170 2169 2168 
f 2169 2170 2159 
f 2151 2167 2169 
f 2167 2165 2171 
f 2169 2171 2168 
f 2171 2169 2167 
f 2165 2166 2174 
f 2166 2154 2173 
f 2174 2173 2172 
f 2173 2174 2166 
f 2172 2173 2177 
f 2173 2154 2176 
f 2177 2176 2175 
f 2176 2177 2173 
f 2154 2157 2176 
f 2157 2133 2178 
f 2176 2178 2175 
f 2178 2176 2157 
f 1954 1984 2181 
f 1984 1982 2180 
f 2181 2180 2179 
f 2180 2181 1984 
f 1954 2181 2183 
f 2181 2179 2182 
f 2183 2182 1136 
f 2182 2183 2181 
f 1608 1957 2184 
f 1957 1954 2183 
f 2184 2183 1136 
f 2183 2184 1957 
f 1843 1844 2187 
f 1844 1836 2186 
f 2187 2186 2185 
f 2186 2187 1844 
f 2185 2186 2189 
f 2186 1836 2188 
f 2189 2188 576 
f 2188 2189 2186 
f 1836 1842 2188 
f 1842 1839 2190 
f 2188 2190 576 
f 2190 2188 1842 
f 1843 2187 2193 
f 2187 2185 2192 
f 2193 2192 2191 
f 2192 2193 2187 
f 1846 1847 2196 
f 1847 1843 2195 
f 2196 2195 2194 
f 2195 2196 1847 
f 2194 2195 2197 
f 2195 1843 2193 
f 2197 2193 2191 
f 2193 2197 2195 
f 1619 1620 2200 
f 1620 1010 2199 
f 2200 2199 2198 
f 2199 2200 1620 
f 2198 2199 2202 
f 2199 1010 2201 
f 2202 2201 1661 
f 2201 2202 2199 
f 1010 1013 2201 
f 1013 975 1663 
f 2201 1663 1661 
f 1663 2201 1013 
f 2082 2091 2205 
f 2091 2089 2204 
f 2205 2204 2203 
f 2204 2205 2091 
f 2085 2088 2207 
f 2088 2082 2206 
f 2207 2206 649 
f 2206 2207 2088 
f 2082 2205 2206 
f 2205 2203 2208 
f 2206 2208 649 
f 2208 2206 2205 
f 2089 2094 2211 
f 2094 2092 2210 
f 2211 2210 2209 
f 2210 2211 2094 
f 2089 2211 2214 
f 2211 2209 2213 
f 2214 2213 2212 
f 2213 2214 2211 
f 2089 2214 2204 
f 2214 2212 2215 
f 2204 2215 2203 
f 2215 2204 2214 
f 2209 2210 2218 
f 2210 2092 2217 
f 2218 2217 2216 
f 2217 2218 2210 
f 2216 2217 2220 
f 2217 2092 2219 
f 2220 2219 1283 
f 2219 2220 2217 
f 2092 2095 2219 
f 2095 1643 2221 
f 2219 2221 1283 
f 2221 2219 2095 
f 2212 2213 2224 
f 2213 2209 2223 
f 2224 2223 2222 
f 2223 2224 2213 
f 2222 2223 2227 
f 2223 2209 2226 
f 2227 2226 2225 
f 2226 2227 2223 
f 2225 2226 2228 
f 2226 2209 2218 
f 2228 2218 2216 
f 2218 2228 2226 
f 1939 1944 2231 
f 1944 1942 2230 
f 2231 2230 2229 
f 2230 2231 1944 
f 1939 2231 2233 
f 2231 2229 2232 
f 2233 2232 602 
f 2232 2233 2231 
f 601 1971 604 
f 1971 1939 2233 
f 604 2233 602 
f 2233 604 1971 
f 2229 2230 2236 
f 2230 1942 2235 
f 2236 2235 2234 
f 2235 2236 2230 
f 2234 2235 2238 
f 2235 1942 2237 
f 2238 2237 1559 
f 2237 2238 2235 
f 1942 1945 2237 
f 1945 1601 2239 
f 2237 2239 1559 
f 2239 2237 1945 
f 2229 2236 2242 
f 2236 2234 2241 
f 2242 2241 2240 
f 2241 2242 2236 
f 2229 2242 2244 
f 2242 2240 2243 
f 2244 2243 796 
f 2243 2244 2242 
f 2229 2244 2232 
f 2244 796 2245 
f 2232 2245 602 
f 2245 2232 2244 
f 2240 2241 2248 
f 2241 2234 2247 
f 2248 2247 2246 
f 2247 2248 2241 
f 2246 2247 2250 
f 2247 2234 2249 
f 2250 2249 1556 
f 2249 2250 2247 
f 2234 2238 2249 
f 2238 1559 1562 
f 2249 1562 1556 
f 1562 2249 2238 
f 2240 2248 2253 
f 2248 2246 2252 
f 2253 2252 2251 
f 2252 2253 2248 
f 796 2243 799 
f 2243 2240 2254 
f 799 2254 797 
f 2254 799 2243 
f 2240 2253 2254 
f 2253 2251 2255 
f 2254 2255 797 
f 2255 2254 2253 
f 2212 2224 2257 
f 2224 2222 2256 
f 2257 2256 727 
f 2256 2257 2224 
f 2212 2257 2258 
f 2257 727 732 
f 2258 732 680 
f 732 2258 2257 
f 2203 2215 2259 
f 2215 2212 2258 
f 2259 2258 680 
f 2258 2259 2215 
f 2222 2227 2262 
f 2227 2225 2261 
f 2262 2261 2260 
f 2261 2262 2227 
f 2222 2262 2265 
f 2262 2260 2264 
f 2265 2264 2263 
f 2264 2265 2262 
f 2222 2265 2256 
f 2265 2263 2266 
f 2256 2266 727 
f 2266 2256 2265 
f 2056 2057 2269 
f 2057 2022 2268 
f 2269 2268 2267 
f 2268 2269 2057 
f 2267 2268 2271 
f 2268 2022 2270 
f 2271 2270 709 
f 2270 2271 2268 
f 2022 2272 2270 
f 2272 712 715 
f 2270 715 709 
f 715 2270 2272 
f 712 2272 2273 
f 2272 2022 2025 
f 2273 2025 2013 
f 2025 2273 2272 
f 2056 2269 2276 
f 2269 2267 2275 
f 2276 2275 2274 
f 2275 2276 2269 
f 2056 2276 2279 
f 2276 2274 2278 
f 2279 2278 2277 
f 2278 2279 2276 
f 2056 2279 2060 
f 2279 2277 2280 
f 2060 2280 2059 
f 2280 2060 2279 
f 2274 2275 2282 
f 2275 2267 2281 
f 2282 2281 618 
f 2281 2282 2275 
f 618 2281 2284 
f 2281 2267 2283 
f 2284 2283 371 
f 2283 2284 2281 
f 371 2283 710 
f 2283 2267 2271 
f 710 2271 709 
f 2271 710 2283 
f 2277 2278 2287 
f 2278 2274 2286 
f 2287 2286 2285 
f 2286 2287 2278 
f 2285 2286 2289 
f 2286 2274 2288 
f 2289 2288 619 
f 2288 2289 2286 
f 2274 2282 2288 
f 2282 618 622 
f 2288 622 619 
f 622 2288 2282 
f 2277 2287 2292 
f 2287 2285 2291 
f 2292 2291 2290 
f 2291 2292 2287 
f 2277 2292 2295 
f 2292 2290 2294 
f 2295 2294 2293 
f 2294 2295 2292 
f 2277 2295 2280 
f 2295 2293 2296 
f 2280 2296 2059 
f 2296 2280 2295 
f 2290 2291 2299 
f 2291 2285 2298 
f 2299 2298 2297 
f 2298 2299 2291 
f 2251 2301 2303 
f 2301 2285 2302 
f 2303 2302 2300 
f 2302 2303 2301 
f 2285 2301 2298 
f 2301 2251 2304 
f 2298 2304 2297 
f 2304 2298 2301 
f 2285 2289 2302 
f 2289 619 2305 
f 2302 2305 2300 
f 2305 2302 2289 
f 2251 2252 2304 
f 2252 2246 2306 
f 2304 2306 2297 
f 2306 2304 2252 
f 2246 2250 2308 
f 2250 1556 2307 
f 2308 2307 1570 
f 2307 2308 2250 
f 2246 2308 2306 
f 2308 1570 2309 
f 2306 2309 2297 
f 2309 2306 2308 
f 2161 2162 2311 
f 2162 2158 2310 
f 2311 2310 189 
f 2310 2311 2162 
f 192 2312 2313 
f 2312 2158 2170 
f 2313 2170 2168 
f 2170 2313 2312 
f 2158 2312 2310 
f 2312 192 195 
f 2310 195 189 
f 195 2310 2312 
f 2161 2315 2317 
f 2315 660 2316 
f 2317 2316 2314 
f 2316 2317 2315 
f 660 2315 665 
f 2315 2161 2318 
f 665 2318 656 
f 2318 665 2315 
f 2137 2164 2319 
f 2164 2161 2317 
f 2319 2317 2314 
f 2317 2319 2164 
f 2161 2311 2318 
f 2311 189 2320 
f 2318 2320 656 
f 2320 2318 2311 
f 2260 2261 2322 
f 2261 2225 2321 
f 2322 2321 1654 
f 2321 2322 2261 
f 2225 2228 2324 
f 2228 2216 2323 
f 2324 2323 1255 
f 2323 2324 2228 
f 2225 2324 2321 
f 2324 1255 2325 
f 2321 2325 1654 
f 2325 2321 2324 
f 1926 1927 2328 
f 1927 1919 2327 
f 2328 2327 2326 
f 2327 2328 1927 
f 1919 1924 2330 
f 1924 1922 2329 
f 2330 2329 1465 
f 2329 2330 1924 
f 2326 2327 2331 
f 2327 1919 2330 
f 2331 2330 1465 
f 2330 2331 2327 
f 1929 1930 2334 
f 1930 1926 2333 
f 2334 2333 2332 
f 2333 2334 1930 
f 2332 2333 2337 
f 2333 1926 2336 
f 2337 2336 2335 
f 2336 2337 2333 
f 2335 2336 2338 
f 2336 1926 2328 
f 2338 2328 2326 
f 2328 2338 2336 
f 1929 2334 2341 
f 2334 2332 2340 
f 2341 2340 2339 
f 2340 2341 2334 
f 1929 2341 2343 
f 2341 2339 2342 
f 2343 2342 702 
f 2342 2343 2341 
f 1929 2343 1932 
f 2343 702 2344 
f 1932 2344 1915 
f 2344 1932 2343 
f 2332 2337 2347 
f 2337 2335 2346 
f 2347 2346 2345 
f 2346 2347 2337 
f 2332 2347 2350 
f 2347 2345 2349 
f 2350 2349 2348 
f 2349 2350 2347 
f 2339 2340 2351 
f 2340 2332 2350 
f 2351 2350 2348 
f 2350 2351 2340 
f 2345 2346 2354 
f 2346 2335 2353 
f 2354 2353 2352 
f 2353 2354 2346 
f 2352 2353 2357 
f 2353 2335 2356 
f 2357 2356 2355 
f 2356 2357 2353 
f 2355 2356 2358 
f 2356 2335 2338 
f 2358 2338 2326 
f 2338 2358 2356 
f 2345 2354 2361 
f 2354 2352 2360 
f 2361 2360 2359 
f 2360 2361 2354 
f 2345 2361 2364 
f 2361 2359 2363 
f 2364 2363 2362 
f 2363 2364 2361 
f 2345 2364 2349 
f 2364 2362 2365 
f 2349 2365 2348 
f 2365 2349 2364 
f 2359 2360 2368 
f 2360 2352 2367 
f 2368 2367 2366 
f 2367 2368 2360 
f 2352 2357 2371 
f 2357 2355 2370 
f 2371 2370 2369 
f 2370 2371 2357 
f 2352 2371 2367 
f 2371 2369 2372 
f 2367 2372 2366 
f 2372 2367 2371 
f 2362 2363 2375 
f 2363 2359 2374 
f 2375 2374 2373 
f 2374 2375 2363 
f 2373 2374 2378 
f 2374 2359 2377 
f 2378 2377 2376 
f 2377 2378 2374 
f 2376 2377 2379 
f 2377 2359 2368 
f 2379 2368 2366 
f 2368 2379 2377 
f 2165 2174 2382 
f 2174 2172 2381 
f 2382 2381 2380 
f 2381 2382 2174 
f 2165 2382 2384 
f 2382 2380 2383 
f 2384 2383 737 
f 2383 2384 2382 
f 2168 2171 2385 
f 2171 2165 2384 
f 2385 2384 737 
f 2384 2385 2171 
f 2380 2381 2388 
f 2381 2172 2387 
f 2388 2387 2386 
f 2387 2388 2381 
f 2386 2387 2391 
f 2387 2172 2390 
f 2391 2390 2389 
f 2390 2391 2387 
f 2389 2390 2392 
f 2390 2172 2177 
f 2392 2177 2175 
f 2177 2392 2390 
f 2362 2375 2394 
f 2375 2373 2393 
f 2394 2393 807 
f 2393 2394 2375 
f 2348 2365 2396 
f 2365 2362 2395 
f 2396 2395 638 
f 2395 2396 2365 
f 2362 2394 2395 
f 2394 807 2397 
f 2395 2397 638 
f 2397 2395 2394 
f 2373 2378 2400 
f 2378 2376 2399 
f 2400 2399 2398 
f 2399 2400 2378 
f 2373 2400 2402 
f 2400 2398 2401 
f 2402 2401 804 
f 2401 2402 2400 
f 2373 2402 2393 
f 2402 804 809 
f 2393 809 807 
f 809 2393 2402 
f 2398 2399 2405 
f 2399 2376 2404 
f 2405 2404 2403 
f 2404 2405 2399 
f 2403 2404 2408 
f 2404 2376 2407 
f 2408 2407 2406 
f 2407 2408 2404 
f 2376 2379 2407 
f 2379 2366 2409 
f 2407 2409 2406 
f 2409 2407 2379 
f 2398 2405 2412 
f 2405 2403 2411 
f 2412 2411 2410 
f 2411 2412 2405 
f 2398 2412 2414 
f 2412 2410 2413 
f 2414 2413 581 
f 2413 2414 2412 
f 804 2401 2415 
f 2401 2398 2414 
f 2415 2414 581 
f 2414 2415 2401 
f 2410 2411 2418 
f 2411 2403 2417 
f 2418 2417 2416 
f 2417 2418 2411 
f 2416 2417 2421 
f 2417 2403 2420 
f 2421 2420 2419 
f 2420 2421 2417 
f 2419 2420 2422 
f 2420 2403 2408 
f 2422 2408 2406 
f 2408 2422 2420 
f 2410 2418 2425 
f 2418 2416 2424 
f 2425 2424 2423 
f 2424 2425 2418 
f 2410 2425 2427 
f 2425 2423 2426 
f 2427 2426 580 
f 2426 2427 2425 
f 2410 2427 2413 
f 2427 580 584 
f 2413 584 581 
f 584 2413 2427 
f 702 2342 704 
f 2342 2339 2428 
f 704 2428 317 
f 2428 704 2342 
f 2339 2351 2430 
f 2351 2348 2429 
f 2430 2429 635 
f 2429 2430 2351 
f 2339 2431 2428 
f 2431 311 321 
f 2428 321 317 
f 321 2428 2431 
f 311 2431 636 
f 2431 2339 2430 
f 636 2430 635 
f 2430 636 2431 
f 2423 2424 2434 
f 2424 2416 2433 
f 2434 2433 2432 
f 2433 2434 2424 
f 2416 2421 2436 
f 2421 2419 2435 
f 2436 2435 1542 
f 2435 2436 2421 
f 2432 2433 2437 
f 2433 2416 2436 
f 2437 2436 1542 
f 2436 2437 2433 
f 2423 2434 2440 
f 2434 2432 2439 
f 2440 2439 2438 
f 2439 2440 2434 
f 2423 2440 2442 
f 2440 2438 2441 
f 2442 2441 815 
f 2441 2442 2440 
f 580 2426 2443 
f 2426 2423 2442 
f 2443 2442 815 
f 2442 2443 2426 
f 1426 2444 1429 
f 2444 2419 2445 
f 1429 2445 1412 
f 2445 1429 2444 
f 2419 2444 2435 
f 2444 1426 1544 
f 2435 1544 1542 
f 1544 2435 2444 
f 1412 2445 1473 
f 2445 2419 2446 
f 1473 2446 1472 
f 2446 1473 2445 
f 1472 2446 2447 
f 2446 2419 2422 
f 2447 2422 2406 
f 2422 2447 2446 
f 2369 2370 2449 
f 2370 2355 2448 
f 2449 2448 1377 
f 2448 2449 2370 
f 1377 2448 2451 
f 2448 2355 2450 
f 2451 2450 1468 
f 2450 2451 2448 
f 2355 2358 2450 
f 2358 2326 2452 
f 2450 2452 1468 
f 2452 2450 2358 
f 1584 1585 2454 
f 1585 1038 2453 
f 2454 2453 1846 
f 2453 2454 1585 
f 1038 1041 2455 
f 1041 1035 1583 
f 2455 1583 1580 
f 1583 2455 1041 
f 1038 2455 2453 
f 2455 1580 1849 
f 2453 1849 1846 
f 1849 2453 2455 
f 1587 1588 2458 
f 1588 1584 2457 
f 2458 2457 2456 
f 2457 2458 1588 
f 2456 2457 2460 
f 2457 1584 2459 
f 2460 2459 2194 
f 2459 2460 2457 
f 1584 2454 2459 
f 2454 1846 2196 
f 2459 2196 2194 
f 2196 2459 2454 
f 1587 2458 2463 
f 2458 2456 2462 
f 2463 2462 2461 
f 2462 2463 2458 
f 1587 2463 2465 
f 2463 2461 2464 
f 2465 2464 996 
f 2464 2465 2463 
f 993 1590 997 
f 1590 1587 2465 
f 997 2465 996 
f 2465 997 1590 
f 2461 2462 2468 
f 2462 2456 2467 
f 2468 2467 2466 
f 2467 2468 2462 
f 2466 2467 2471 
f 2467 2456 2470 
f 2471 2470 2469 
f 2470 2471 2467 
f 2469 2470 2472 
f 2470 2456 2460 
f 2472 2460 2194 
f 2460 2472 2470 
f 2461 2468 2475 
f 2468 2466 2474 
f 2475 2474 2473 
f 2474 2475 2468 
f 2461 2475 2478 
f 2475 2473 2477 
f 2478 2477 2476 
f 2477 2478 2475 
f 2461 2478 2464 
f 2478 2476 2479 
f 2464 2479 996 
f 2479 2464 2478 
f 1890 1891 2481 
f 1891 1734 2480 
f 2481 2480 1866 
f 2480 2481 1891 
f 1734 1737 2482 
f 1737 1538 1688 
f 2482 1688 1685 
f 1688 2482 1737 
f 1734 2482 2480 
f 2482 1685 1869 
f 2480 1869 1866 
f 1869 2480 2482 
f 762 1893 770 
f 1893 1890 2483 
f 770 2483 767 
f 2483 770 1893 
f 568 2484 2485 
f 2484 1890 2481 
f 2485 2481 1866 
f 2481 2485 2484 
f 1890 2484 2483 
f 2484 568 2486 
f 2483 2486 767 
f 2486 2483 2484 
f 563 570 1867 
f 570 568 2485 
f 1867 2485 1866 
f 2485 1867 570 
f 2050 2062 2488 
f 2062 2059 2487 
f 2488 2487 1241 
f 2487 2488 2062 
f 1269 2053 1272 
f 2053 2050 2489 
f 1272 2489 1238 
f 2489 1272 2053 
f 1238 2489 1242 
f 2489 2050 2488 
f 1242 2488 1241 
f 2488 1242 2489 
f 1507 2490 2491 
f 2490 1860 1863 
f 2491 1863 1850 
f 1863 2491 2490 
f 1860 2490 2492 
f 2490 1507 1513 
f 2492 1513 1510 
f 1513 2492 2490 
f 750 1871 753 
f 1871 1860 2493 
f 753 2493 747 
f 2493 753 1871 
f 1860 2492 2493 
f 2492 1510 2494 
f 2493 2494 747 
f 2494 2493 2492 
f 1510 1511 2494 
f 1511 744 749 
f 2494 749 747 
f 749 2494 1511 
f 2473 2474 2496 
f 2474 2466 2495 
f 2496 2495 597 
f 2495 2496 2474 
f 2466 2471 2498 
f 2471 2469 2497 
f 2498 2497 594 
f 2497 2498 2471 
f 597 2495 600 
f 2495 2466 2498 
f 600 2498 594 
f 2498 600 2495 
f 2476 2477 2501 
f 2477 2473 2500 
f 2501 2500 2499 
f 2500 2501 2477 
f 2499 2500 2503 
f 2500 2473 2502 
f 2503 2502 826 
f 2502 2503 2500 
f 826 2502 2504 
f 2502 2473 2496 
f 2504 2496 597 
f 2496 2504 2502 
f 2469 2472 2505 
f 2472 2194 2197 
f 2505 2197 2191 
f 2197 2505 2472 
f 594 2497 2507 
f 2497 2469 2506 
f 2507 2506 819 
f 2506 2507 2497 
f 819 2506 2508 
f 2506 2469 2505 
f 2508 2505 2191 
f 2505 2508 2506 
f 2476 2501 2510 
f 2501 2499 2509 
f 2510 2509 1776 
f 2509 2510 2501 
f 996 2479 999 
f 2479 2476 2511 
f 999 2511 982 
f 2511 999 2479 
f 982 2511 1779 
f 2511 2476 2510 
f 1779 2510 1776 
f 2510 1779 2511 
f 2499 2503 2512 
f 2503 826 832 
f 2512 832 829 
f 832 2512 2503 
f 2499 2512 2515 
f 2512 829 2514 
f 2515 2514 2513 
f 2514 2515 2512 
f 1776 2509 2516 
f 2509 2499 2515 
f 2516 2515 2513 
f 2515 2516 2509 
f 1922 1925 2518 
f 1925 1832 2517 
f 2518 2517 1339 
f 2517 2518 1925 
f 1922 2518 2519 
f 2518 1339 1342 
f 2519 1342 1336 
f 1342 2519 2518 
f 1922 2519 2329 
f 2519 1336 1467 
f 2329 1467 1465 
f 1467 2329 2519 
f 1619 2200 2521 
f 2200 2198 2520 
f 2521 2520 2175 
f 2520 2521 2200 
f 1622 1623 2136 
f 1623 1619 2522 
f 2136 2522 2133 
f 2522 2136 1623 
f 2133 2522 2178 
f 2522 1619 2521 
f 2178 2521 2175 
f 2521 2178 2522 
f 2198 2524 2526 
f 2524 2523 2525 
f 2526 2525 2389 
f 2525 2526 2524 
f 2523 2524 2527 
f 2524 2198 2202 
f 2527 2202 1661 
f 2202 2527 2524 
f 2198 2526 2520 
f 2526 2389 2392 
f 2520 2392 2175 
f 2392 2520 2526 
f 2112 2113 2529 
f 2113 2107 2528 
f 2529 2528 2041 
f 2528 2529 2113 
f 2107 2530 2528 
f 2530 684 2043 
f 2528 2043 2041 
f 2043 2528 2530 
f 684 2530 687 
f 2530 2107 2111 
f 687 2111 670 
f 2111 687 2530 
f 1706 2115 1709 
f 2115 2112 2531 
f 1709 2531 1703 
f 2531 1709 2115 
f 1703 2531 2533 
f 2531 2112 2532 
f 2533 2532 2038 
f 2532 2533 2531 
f 2038 2532 2044 
f 2532 2112 2529 
f 2044 2529 2041 
f 2529 2044 2532 
f 2031 2036 2535 
f 2036 2034 2534 
f 2535 2534 1563 
f 2534 2535 2036 
f 2031 2535 2536 
f 2535 1563 1567 
f 2536 1567 1564 
f 1567 2536 2535 
f 2031 2536 2039 
f 2536 1564 2537 
f 2039 2537 2038 
f 2537 2039 2536 
f 1563 2534 2540 
f 2534 2034 2539 
f 2540 2539 2538 
f 2539 2540 2534 
f 2538 2539 2542 
f 2539 2034 2541 
f 2542 2541 2045 
f 2541 2542 2539 
f 2034 2037 2541 
f 2037 1650 2543 
f 2541 2543 2045 
f 2543 2541 2037 
f 2179 2180 2545 
f 2180 1982 2544 
f 2545 2544 1967 
f 2544 2545 2180 
f 1967 2544 1970 
f 2544 1982 2546 
f 1970 2546 1964 
f 2546 1970 2544 
f 1982 1987 2546 
f 1987 1985 2547 
f 2546 2547 1964 
f 2547 2546 1987 
f 2179 2545 2549 
f 2545 1967 2548 
f 2549 2548 1108 
f 2548 2549 2545 
f 1136 2182 1139 
f 2182 2179 2550 
f 1139 2550 1105 
f 2550 1139 2182 
f 1105 2550 1111 
f 2550 2179 2549 
f 1111 2549 1108 
f 2549 1111 2550 
f 1507 2551 1653 
f 2551 1853 2552 
f 1653 2552 1650 
f 2552 1653 2551 
f 1853 2551 1856 
f 2551 1507 2491 
f 1856 2491 1850 
f 2491 1856 2551 
f 1650 2552 2543 
f 2552 1853 2047 
f 2543 2047 2045 
f 2047 2543 2552 
f 1994 1995 2554 
f 1995 1989 2553 
f 2554 2553 850 
f 2553 2554 1995 
f 1989 1993 2556 
f 1993 761 2555 
f 2556 2555 853 
f 2555 2556 1993 
f 850 2553 854 
f 2553 1989 2556 
f 854 2556 853 
f 2556 854 2553 
f 1997 1998 2559 
f 1998 1994 2558 
f 2559 2558 2557 
f 2558 2559 1998 
f 2557 2558 2562 
f 2558 1994 2561 
f 2562 2561 2560 
f 2561 2562 2558 
f 2560 2561 2563 
f 2561 1994 2554 
f 2563 2554 850 
f 2554 2563 2561 
f 1997 2559 2565 
f 2559 2557 2564 
f 2565 2564 771 
f 2564 2565 2559 
f 1997 2565 2567 
f 2565 771 2566 
f 2567 2566 1801 
f 2566 2567 2565 
f 1727 2000 1802 
f 2000 1997 2567 
f 1802 2567 1801 
f 2567 1802 2000 
f 2557 2562 2569 
f 2562 2560 2568 
f 2569 2568 864 
f 2568 2569 2562 
f 771 2564 775 
f 2564 2557 2570 
f 775 2570 774 
f 2570 775 2564 
f 2557 2569 2570 
f 2569 864 2571 
f 2570 2571 774 
f 2571 2570 2569 
f 473 2572 577 
f 2572 2185 2189 
f 577 2189 576 
f 2189 577 2572 
f 2185 2572 2573 
f 2572 473 824 
f 2573 824 822 
f 824 2573 2572 
f 2191 2192 2574 
f 2192 2185 2573 
f 2574 2573 822 
f 2573 2574 2192 
f 1975 1980 2576 
f 1980 1978 2575 
f 2576 2575 631 
f 2575 2576 1980 
f 1975 2577 1988 
f 2577 628 2578 
f 1988 2578 1985 
f 2578 1988 2577 
f 628 2577 632 
f 2577 1975 2576 
f 632 2576 631 
f 2576 632 2577 
f 1978 1981 2579 
f 1981 722 725 
f 2579 725 431 
f 725 2579 1981 
f 1978 2579 2580 
f 2579 431 441 
f 2580 441 437 
f 441 2580 2579 
f 1978 2580 2575 
f 2580 437 634 
f 2575 634 631 
f 634 2575 2580 
f 2293 2294 2582 
f 2294 2290 2581 
f 2582 2581 1573 
f 2581 2582 2294 
f 2290 2299 2581 
f 2299 2297 2583 
f 2581 2583 1573 
f 2583 2581 2299 
f 609 1910 2585 
f 1910 1907 2584 
f 2585 2584 329 
f 2584 2585 1910 
f 1907 1918 2587 
f 1918 1915 2586 
f 2587 2586 705 
f 2586 2587 1918 
f 329 2584 708 
f 2584 1907 2587 
f 708 2587 705 
f 2587 708 2584 
f 613 2588 2589 
f 2588 1877 1880 
f 2589 1880 1825 
f 1880 2589 2588 
f 1877 2588 2591 
f 2588 613 2590 
f 2591 2590 792 
f 2590 2591 2588 
f 789 2016 793 
f 2016 1877 2591 
f 793 2591 792 
f 2591 793 2016 
f 2438 2439 2594 
f 2439 2432 2593 
f 2594 2593 2592 
f 2593 2594 2439 
f 2592 2593 2596 
f 2593 2432 2595 
f 2596 2595 1545 
f 2595 2596 2593 
f 2432 2437 2595 
f 2437 1542 1548 
f 2595 1548 1545 
f 1548 2595 2437 
f 2438 2594 2599 
f 2594 2592 2598 
f 2599 2598 2597 
f 2598 2599 2594 
f 2438 2599 2601 
f 2599 2597 2600 
f 2601 2600 811 
f 2600 2601 2599 
f 2438 2601 2441 
f 2601 811 817 
f 2441 817 815 
f 817 2441 2601 
f 2597 2598 2604 
f 2598 2592 2603 
f 2604 2603 2602 
f 2603 2604 2598 
f 2602 2603 2606 
f 2603 2592 2605 
f 2606 2605 1482 
f 2605 2606 2603 
f 2592 2607 2605 
f 2607 1454 1485 
f 2605 1485 1482 
f 1485 2605 2607 
f 1454 2607 1546 
f 2607 2592 2596 
f 1546 2596 1545 
f 2596 1546 2607 
f 2597 2604 2610 
f 2604 2602 2609 
f 2610 2609 2608 
f 2609 2610 2604 
f 2597 2610 2613 
f 2610 2608 2612 
f 2613 2612 2611 
f 2612 2613 2610 
f 811 2600 2614 
f 2600 2597 2613 
f 2614 2613 2611 
f 2613 2614 2600 
f 2608 2609 2617 
f 2609 2602 2616 
f 2617 2616 2615 
f 2616 2617 2609 
f 2615 2616 2619 
f 2616 2602 2618 
f 2619 2618 1479 
f 2618 2619 2616 
f 1479 2618 1483 
f 2618 2602 2606 
f 1483 2606 1482 
f 2606 1483 2618 
f 2608 2617 2622 
f 2617 2615 2621 
f 2622 2621 2620 
f 2621 2622 2617 
f 2608 2622 2625 
f 2622 2620 2624 
f 2625 2624 2623 
f 2624 2625 2622 
f 2608 2625 2612 
f 2625 2623 2626 
f 2612 2626 2611 
f 2626 2612 2625 
f 2620 2621 2629 
f 2621 2615 2628 
f 2629 2628 2627 
f 2628 2629 2621 
f 2627 2628 2631 
f 2628 2615 2630 
f 2631 2630 1517 
f 2630 2631 2628 
f 2615 2619 2630 
f 2619 1479 1520 
f 2630 1520 1517 
f 1520 2630 2619 
f 2620 2629 2634 
f 2629 2627 2633 
f 2634 2633 2632 
f 2633 2634 2629 
f 2620 2634 2636 
f 2634 2632 2635 
f 2636 2635 833 
f 2635 2636 2634 
f 2623 2624 2637 
f 2624 2620 2636 
f 2637 2636 833 
f 2636 2637 2624 
f 2632 2633 2639 
f 2633 2627 2638 
f 2639 2638 1762 
f 2638 2639 2633 
f 1514 2640 1518 
f 2640 2627 2631 
f 1518 2631 1517 
f 2631 1518 2640 
f 2627 2640 2638 
f 2640 1514 1764 
f 2638 1764 1762 
f 1764 2638 2640 
f 833 2635 836 
f 2635 2632 2641 
f 836 2641 834 
f 2641 836 2635 
f 834 2641 2643 
f 2641 2632 2642 
f 2643 2642 1759 
f 2642 2643 2641 
f 1759 2642 1765 
f 2642 2632 2639 
f 1765 2639 1762 
f 2639 1765 2642 
f 811 2614 813 
f 2614 2611 2644 
f 813 2644 587 
f 2644 813 2614 
f 2611 2626 2646 
f 2626 2623 2645 
f 2646 2645 590 
f 2645 2646 2626 
f 2623 2637 2647 
f 2637 833 840 
f 2647 840 838 
f 840 2647 2637 
f 590 2645 2648 
f 2645 2623 2647 
f 2648 2647 838 
f 2647 2648 2645 
f 2560 2563 2650 
f 2563 850 2649 
f 2650 2649 890 
f 2649 2650 2563 
f 867 2651 895 
f 2651 2560 2650 
f 895 2650 890 
f 2650 895 2651 
f 2560 2651 2568 
f 2651 867 870 
f 2568 870 864 
f 870 2568 2651 
f 2059 2296 2487 
f 2296 2293 2652 
f 2487 2652 1241 
f 2652 2487 2296 
f 1241 2652 1244 
f 2652 2293 2653 
f 1244 2653 1227 
f 2653 1244 2652 
f 1227 2653 1576 
f 2653 2293 2582 
f 1576 2582 1573 
f 2582 1576 2653 
f 796 801 2245 
f 801 401 607 
f 2245 607 602 
f 607 2245 801 
f 2380 2388 2656 
f 2388 2386 2655 
f 2656 2655 2654 
f 2655 2656 2388 
f 2380 2656 2658 
f 2656 2654 2657 
f 2658 2657 738 
f 2657 2658 2656 
f 737 2383 740 
f 2383 2380 2658 
f 740 2658 738 
f 2658 740 2383 
f 2654 2655 2661 
f 2655 2386 2660 
f 2661 2660 2659 
f 2660 2661 2655 
f 2659 2660 2664 
f 2660 2386 2663 
f 2664 2663 2662 
f 2663 2664 2660 
f 2662 2663 2665 
f 2663 2386 2391 
f 2665 2391 2389 
f 2391 2665 2663 
f 2654 2661 2667 
f 2661 2659 2666 
f 2667 2666 65 
f 2666 2667 2661 
f 2654 2667 2668 
f 2667 65 72 
f 2668 72 55 
f 72 2668 2667 
f 2654 2668 2657 
f 2668 55 743 
f 2657 743 738 
f 743 2657 2668 
f 2659 2664 2671 
f 2664 2662 2670 
f 2671 2670 2669 
f 2670 2671 2664 
f 2659 2671 2673 
f 2671 2669 2672 
f 2673 2672 559 
f 2672 2673 2671 
f 65 2666 560 
f 2666 2659 2673 
f 560 2673 559 
f 2673 560 2666 
f 2669 2670 2675 
f 2670 2662 2674 
f 2675 2674 1815 
f 2674 2675 2670 
f 1815 2674 2677 
f 2674 2662 2676 
f 2677 2676 2523 
f 2676 2677 2674 
f 2523 2676 2525 
f 2676 2662 2665 
f 2525 2665 2389 
f 2665 2525 2676 
f 2669 2675 2678 
f 2675 1815 1820 
f 2678 1820 1818 
f 1820 2678 2675 
f 556 2679 2680 
f 2679 2669 2678 
f 2680 2678 1818 
f 2678 2680 2679 
f 2669 2679 2672 
f 2679 556 562 
f 2672 562 559 
f 562 2672 2679 
f 1815 2677 2682 
f 2677 2523 2681 
f 2682 2681 1664 
f 2681 2682 2677 
f 947 1817 1665 
f 1817 1815 2682 
f 1665 2682 1664 
f 2682 1665 1817 
f 761 766 2555 
f 766 109 856 
f 2555 856 853 
f 856 2555 766 
f 1839 1963 2684 
f 1963 782 2683 
f 2684 2683 573 
f 2683 2684 1963 
f 782 784 2683 
f 784 461 575 
f 2683 575 573 
f 575 2683 784 
f 564 1873 2685 
f 1873 750 752 
f 2685 752 59 
f 752 2685 1873 
f 564 2685 571 
f 2685 59 73 
f 571 73 69 
f 73 571 2685 
f 2369 2449 2686 
f 2449 1377 1379 
f 2686 1379 1374 
f 1379 2686 2449 
f 2366 2372 2688 
f 2372 2369 2687 
f 2688 2687 1475 
f 2687 2688 2372 
f 2369 2686 2687 
f 2686 1374 1478 
f 2687 1478 1475 
f 1478 2687 2686 
f 797 2255 2689 
f 2255 2251 2303 
f 2689 2303 2300 
f 2303 2689 2255 
f 580 2443 585 
f 2443 815 818 
f 585 818 275 
f 818 585 2443 
f 608 615 1899 
f 615 613 2589 
f 1899 2589 1825 
f 2589 1899 615 
f 2263 2264 2691 
f 2264 2260 2690 
f 2691 2690 1696 
f 2690 2691 2264 
f 1696 2690 2693 
f 2690 2260 2692 
f 2693 2692 1657 
f 2692 2693 2690 
f 2260 2322 2692 
f 2322 1654 1660 
f 2692 1660 1657 
f 1660 2692 2322 
f 2263 2691 2696 
f 2691 1696 2695 
f 2696 2695 2694 
f 2695 2696 2691 
f 2263 2696 2698 
f 2696 2694 2697 
f 2698 2697 728 
f 2697 2698 2696 
f 727 2266 730 
f 2266 2263 2698 
f 730 2698 728 
f 2698 730 2266 
f 2694 2695 2699 
f 2695 1696 1701 
f 2699 1701 1699 
f 1701 2699 2695 
f 1192 1698 1658 
f 1698 1696 2693 
f 1658 2693 1657 
f 2693 1658 1698 
f 728 2697 2702 
f 2697 2694 2701 
f 2702 2701 2700 
f 2701 2702 2697 
f 2694 2699 2705 
f 2699 1699 2704 
f 2705 2704 2703 
f 2704 2705 2699 
f 2694 2705 2701 
f 2705 2703 2706 
f 2701 2706 2700 
f 2706 2701 2705 
f 189 190 2320 
f 190 178 658 
f 2320 658 656 
f 658 2320 190 
f 1801 2566 2709 
f 2566 771 2708 
f 2709 2708 2707 
f 2708 2709 2566 
f 2707 2708 2710 
f 2708 771 773 
f 2710 773 221 
f 773 2710 2708 
f 716 1973 2711 
f 1973 601 606 
f 2711 606 413 
f 606 2711 1973 
f 716 2711 721 
f 2711 413 423 
f 721 423 419 
f 423 721 2711 
f 618 2284 623 
f 2284 371 381 
f 623 381 377 
f 381 623 2284 
f 2523 2527 2681 
f 2527 1661 1667 
f 2681 1667 1664 
f 1667 2681 2527 
f 1563 2540 1568 
f 2540 2538 2712 
f 1568 2712 1433 
f 2712 1568 2540 
f 2538 2713 2712 
f 2713 1447 1450 
f 2712 1450 1433 
f 1450 2712 2713 
f 1447 2713 1499 
f 2713 2538 2714 
f 1499 2714 1496 
f 2714 1499 2713 
f 1496 2714 2049 
f 2714 2538 2542 
f 2049 2542 2045 
f 2542 2049 2714 
f 1377 2451 1380 
f 2451 1468 1471 
f 1380 1471 1360 
f 1471 1380 2451 
f 1967 1969 2548 
f 1969 1594 2715 
f 2548 2715 1108 
f 2715 2548 1969 
f 850 851 2649 
f 851 129 892 
f 2649 892 890 
f 892 2649 851 
f 926 1810 2002 
f 1810 1808 2716 
f 2002 2716 2001 
f 2716 2002 1810 
f 1808 1813 2719 
f 1813 1811 2718 
f 2719 2718 2717 
f 2718 2719 1813 
f 1808 2719 2722 
f 2719 2717 2721 
f 2722 2721 2720 
f 2721 2722 2719 
f 1808 2722 2716 
f 2722 2720 2723 
f 2716 2723 2001 
f 2723 2716 2722 
f 2717 2718 2726 
f 2718 1811 2725 
f 2726 2725 2724 
f 2725 2726 2718 
f 2724 2725 2728 
f 2725 1811 2727 
f 2728 2727 1773 
f 2727 2728 2725 
f 1811 1814 2727 
f 1814 954 1775 
f 2727 1775 1773 
f 1775 2727 1814 
f 2717 2726 2730 
f 2726 2724 2729 
f 2730 2729 688 
f 2729 2730 2726 
f 2720 2721 2732 
f 2721 2717 2731 
f 2732 2731 521 
f 2731 2732 2721 
f 521 2731 689 
f 2731 2717 2730 
f 689 2730 688 
f 2730 689 2731 
f 2724 2728 2734 
f 2728 1773 2733 
f 2734 2733 2513 
f 2733 2734 2728 
f 2724 2734 2736 
f 2734 2513 2735 
f 2736 2735 691 
f 2735 2736 2734 
f 2724 2736 2729 
f 2736 691 694 
f 2729 694 688 
f 694 2729 2736 
f 2001 2723 2738 
f 2723 2720 2737 
f 2738 2737 778 
f 2737 2738 2723 
f 2720 2732 2739 
f 2732 521 531 
f 2739 531 527 
f 531 2739 2732 
f 2720 2739 2737 
f 2739 527 781 
f 2737 781 778 
f 781 2737 2739 
f 2004 2005 2740 
f 2005 2001 2738 
f 2740 2738 778 
f 2738 2740 2005 
f 900 2007 2742 
f 2007 2004 2741 
f 2742 2741 871 
f 2741 2742 2007 
f 2004 2743 2741 
f 2743 539 873 
f 2741 873 871 
f 873 2741 2743 
f 539 2743 779 
f 2743 2004 2740 
f 779 2740 778 
f 2740 779 2743 
f 674 676 2744 
f 676 673 2101 
f 2744 2101 2085 
f 2101 2744 676 
f 674 2744 2745 
f 2744 2085 2207 
f 2745 2207 649 
f 2207 2745 2744 
f 674 2745 679 
f 2745 649 651 
f 679 651 155 
f 651 679 2745 
f 804 2415 806 
f 2415 581 586 
f 806 586 287 
f 586 806 2415 
f 1720 1806 2748 
f 1806 1804 2747 
f 2748 2747 2746 
f 2747 2748 1806 
f 1720 2748 1760 
f 2748 2746 2749 
f 1760 2749 1759 
f 2749 1760 2748 
f 2746 2747 2751 
f 2747 1804 2750 
f 2751 2750 695 
f 2750 2751 2747 
f 1804 1807 2752 
f 1807 1801 2709 
f 2752 2709 2707 
f 2709 2752 1807 
f 695 2750 2753 
f 2750 1804 2752 
f 2753 2752 2707 
f 2752 2753 2750 
f 2746 2754 2749 
f 2754 834 2643 
f 2749 2643 1759 
f 2643 2749 2754 
f 834 2754 2756 
f 2754 2746 2755 
f 2756 2755 698 
f 2755 2756 2754 
f 2746 2751 2755 
f 2751 695 700 
f 2755 700 698 
f 700 2755 2751 
f 1915 2344 2586 
f 2344 702 707 
f 2586 707 705 
f 707 2586 2344 
f 757 758 2757 
f 758 85 558 
f 2757 558 556 
f 558 2757 758 
f 754 760 922 
f 760 757 2758 
f 922 2758 919 
f 2758 922 760 
f 757 2757 2759 
f 2757 556 2680 
f 2759 2680 1818 
f 2680 2759 2757 
f 919 2758 1821 
f 2758 757 2759 
f 1821 2759 1818 
f 2759 1821 2758 
f 568 572 2486 
f 572 89 769 
f 2486 769 767 
f 769 2486 572 
f 587 2644 591 
f 2644 2611 2646 
f 591 2646 590 
f 2646 591 2644 
f 1556 1557 2307 
f 1557 1199 1572 
f 2307 1572 1570 
f 1572 2307 1557 
f 609 2585 616 
f 2585 329 339 
f 616 339 335 
f 339 616 2585 
f 613 617 2590 
f 617 347 795 
f 2590 795 792 
f 795 2590 617 
f 40 41 2760 
f 41 7 194 
f 2760 194 192 
f 194 2760 41 
f 40 2760 2761 
f 2760 192 2313 
f 2761 2313 2168 
f 2313 2761 2760 
f 40 2761 2762 
f 2761 2168 2385 
f 2762 2385 737 
f 2385 2762 2761 
f 40 2762 43 
f 2762 737 742 
f 43 742 36 
f 742 43 2762 
f 576 2190 579 
f 2190 1839 2684 
f 579 2684 573 
f 2684 579 2190 
f 1601 1604 2239 
f 1604 1171 1561 
f 2239 1561 1559 
f 1561 2239 1604 
f 1266 1639 1270 
f 1639 1636 2055 
f 1270 2055 1269 
f 2055 1270 1639 
f 1472 2763 1476 
f 2763 2366 2688 
f 1476 2688 1475 
f 2688 1476 2763 
f 2366 2763 2409 
f 2763 1472 2447 
f 2409 2447 2406 
f 2447 2409 2763 
f 239 841 701 
f 841 834 2756 
f 701 2756 698 
f 2756 701 841 
f 1594 1597 2715 
f 1597 1077 1110 
f 2715 1110 1108 
f 1110 2715 1597 
f 1133 1611 1137 
f 1611 1608 2184 
f 1137 2184 1136 
f 2184 1137 1611 
f 624 802 2764 
f 802 797 2689 
f 2764 2689 2300 
f 2689 2764 802 
f 619 626 2305 
f 626 624 2764 
f 2305 2764 2300 
f 2764 2305 626 
f 2348 2396 2429 
f 2396 638 641 
f 2429 641 635 
f 641 2429 2396 
f 884 903 2765 
f 903 900 2742 
f 2765 2742 871 
f 2742 2765 903 
f 884 2765 887 
f 2765 871 877 
f 887 877 874 
f 877 887 2765 
f 1629 1632 2766 
f 1632 1304 1341 
f 2766 1341 1339 
f 1341 2766 1632 
f 1832 1835 2517 
f 1835 1629 2766 
f 2517 2766 1339 
f 2766 2517 1835 
f 359 714 790 
f 714 712 2767 
f 790 2767 789 
f 2767 790 714 
f 789 2767 2018 
f 2767 712 2273 
f 2018 2273 2013 
f 2273 2018 2767 
f 807 810 2397 
f 810 299 640 
f 2397 640 638 
f 640 2397 810 
f 628 629 2768 
f 629 449 788 
f 2768 788 785 
f 788 2768 629 
f 1985 2578 2770 
f 2578 628 2769 
f 2770 2769 2009 
f 2769 2770 2578 
f 628 2768 2769 
f 2768 785 2011 
f 2769 2011 2009 
f 2011 2769 2768 
f 695 2753 697 
f 2753 2707 2771 
f 697 2771 227 
f 2771 697 2753 
f 2707 2710 2771 
f 2710 221 231 
f 2771 231 227 
f 231 2771 2710 
f 2216 2220 2772 
f 2220 1283 1286 
f 2772 1286 1252 
f 1286 2772 2220 
f 2216 2772 2323 
f 2772 1252 1257 
f 2323 1257 1255 
f 1257 2323 2772 
f 485 596 820 
f 596 594 2507 
f 820 2507 819 
f 2507 820 596 
f 1283 2221 1285 
f 2221 1643 1646 
f 1285 1646 1280 
f 1646 1285 2221 
f 251 593 842 
f 593 590 2648 
f 842 2648 838 
f 2648 842 593 
f 497 828 598 
f 828 826 2504 
f 598 2504 597 
f 2504 598 828 
f 829 830 2773 
f 830 509 693 
f 2773 693 691 
f 693 2773 830 
f 1147 1152 1702 
f 1152 1150 2774 
f 1702 2774 1699 
f 2774 1702 1152 
f 1150 1153 2777 
f 1153 1119 2776 
f 2777 2776 2775 
f 2776 2777 1153 
f 1699 2774 2704 
f 2774 1150 2778 
f 2704 2778 2703 
f 2778 2704 2774 
f 1150 2777 2778 
f 2777 2775 2779 
f 2778 2779 2703 
f 2779 2778 2777 
f 2326 2331 2452 
f 2331 1465 1470 
f 2452 1470 1468 
f 1470 2452 2331 
f 864 865 2571 
f 865 209 777 
f 2571 777 774 
f 777 2571 865 
f 733 734 2780 
f 734 728 2702 
f 2780 2702 2700 
f 2702 2780 734 
f 659 2782 2784 
f 2782 733 2783 
f 2784 2783 2781 
f 2783 2784 2782 
f 733 2782 736 
f 2782 659 664 
f 736 664 653 
f 664 736 2782 
f 2781 2783 2787 
f 2783 733 2786 
f 2787 2786 2785 
f 2786 2787 2783 
f 2785 2786 2788 
f 2786 733 2780 
f 2788 2780 2700 
f 2780 2788 2786 
f 660 662 2791 
f 662 659 2790 
f 2791 2790 2789 
f 2790 2791 662 
f 2789 2790 2792 
f 2790 659 2784 
f 2792 2784 2781 
f 2784 2792 2790 
f 660 2791 2316 
f 2791 2789 2793 
f 2316 2793 2314 
f 2793 2316 2791 
f 2789 2792 2796 
f 2792 2781 2795 
f 2796 2795 2794 
f 2795 2796 2792 
f 2789 2796 2798 
f 2796 2794 2797 
f 2798 2797 2147 
f 2797 2798 2796 
f 2789 2798 2793 
f 2798 2147 2799 
f 2793 2799 2314 
f 2799 2793 2798 
f 2794 2795 2802 
f 2795 2781 2801 
f 2802 2801 2800 
f 2801 2802 2795 
f 2800 2801 2803 
f 2801 2781 2787 
f 2803 2787 2785 
f 2787 2803 2801 
f 2794 2802 2806 
f 2802 2800 2805 
f 2806 2805 2804 
f 2805 2806 2802 
f 2794 2806 2808 
f 2806 2804 2807 
f 2808 2807 2144 
f 2807 2808 2806 
f 2794 2808 2797 
f 2808 2144 2149 
f 2797 2149 2147 
f 2149 2797 2808 
f 2804 2805 2810 
f 2805 2800 2809 
f 2810 2809 1122 
f 2809 2810 2805 
f 2800 2803 2812 
f 2803 2785 2811 
f 2812 2811 2775 
f 2811 2812 2803 
f 1122 2809 2813 
f 2809 2800 2812 
f 2813 2812 2775 
f 2812 2813 2809 
f 2144 2807 2815 
f 2807 2804 2814 
f 2815 2814 1094 
f 2814 2815 2807 
f 1091 2816 1125 
f 2816 2804 2810 
f 1125 2810 1122 
f 2810 1125 2816 
f 2804 2816 2814 
f 2816 1091 1096 
f 2814 1096 1094 
f 1096 2814 2816 
f 2775 2811 2779 
f 2811 2785 2817 
f 2779 2817 2703 
f 2817 2779 2811 
f 2703 2817 2706 
f 2817 2785 2788 
f 2706 2788 2700 
f 2788 2706 2817 
f 1615 2146 2818 
f 2146 2144 2815 
f 2818 2815 1094 
f 2815 2818 2146 
f 649 2208 652 
f 2208 2203 2819 
f 652 2819 646 
f 2819 652 2208 
f 2203 2259 2819 
f 2259 680 683 
f 2819 683 646 
f 683 2819 2259 
f 1119 1124 2776 
f 1124 1122 2813 
f 2776 2813 2775 
f 2813 2776 1124 
f 1773 1778 2733 
f 1778 1776 2516 
f 2733 2516 2513 
f 2516 2733 1778 
f 1964 2547 2012 
f 2547 1985 2770 
f 2012 2770 2009 
f 2770 2012 2547 
f 2147 2150 2799 
f 2150 2137 2319 
f 2799 2319 2314 
f 2319 2799 2150 
f 1059 1618 1097 
f 1618 1615 2818 
f 1097 2818 1094 
f 2818 1097 1618 
f 1255 1258 2325 
f 1258 1220 1656 
f 2325 1656 1654 
f 1656 2325 1258 
f 1564 1569 2820 
f 1569 1405 1705 
f 2820 1705 1703 
f 1705 2820 1569 
f 1367 1555 1707 
f 1555 1552 2117 
f 1707 2117 1706 
f 2117 1707 1555 
f 2513 2514 2735 
f 2514 829 2773 
f 2735 2773 691 
f 2773 2735 2514 
f 1564 2820 2537 
f 2820 1703 2533 
f 2537 2533 2038 
f 2533 2537 2820 
f 819 2508 825 
f 2508 2191 2574 
f 825 2574 822 
f 2574 825 2508 
f 2297 2309 2583 
f 2309 1570 1575 
f 2583 1575 1573 
f 1575 2583 2309 
f 17 2823 2825 
f 2823 2821 2824 
f 2825 2824 2822 
f 2824 2825 2823 
f 2826 2827 2828 
f 2827 2821 2823 
f 2828 2823 17 
f 2823 2828 2827 
f 17 2825 26 
f 2825 2822 2829 
f 26 2829 25 
f 2829 26 2825 
f 28 2830 29 
f 2830 2826 2828 
f 29 2828 17 
f 2828 29 2830 
f 2822 2832 2829 
f 2832 2831 2833 
f 2829 2833 25 
f 2833 2829 2832 
f 2831 2835 2837 
f 2835 2834 2836 
f 2837 2836 202 
f 2836 2837 2835 
f 25 2833 198 
f 2833 2831 2838 
f 198 2838 196 
f 2838 198 2833 
f 2831 2837 2838 
f 2837 202 204 
f 2838 204 196 
f 204 2838 2837 
f 202 2836 2841 
f 2836 2834 2840 
f 2841 2840 2839 
f 2840 2841 2836 
f 2839 2843 2845 
f 2843 2842 2844 
f 2845 2844 208 
f 2844 2845 2843 
f 202 2841 210 
f 2841 2839 2845 
f 210 2845 208 
f 2845 210 2841 
f 2842 2847 2849 
f 2847 2846 2848 
f 2849 2848 220 
f 2848 2849 2847 
f 208 2844 216 
f 2844 2842 2850 
f 216 2850 214 
f 2850 216 2844 
f 2842 2849 2850 
f 2849 220 222 
f 2850 222 214 
f 222 2850 2849 
f 2846 2852 2854 
f 2852 2851 2853 
f 2854 2853 226 
f 2853 2854 2852 
f 220 2848 228 
f 2848 2846 2854 
f 228 2854 226 
f 2854 228 2848 
f 2851 2856 2858 
f 2856 2855 2857 
f 2858 2857 232 
f 2857 2858 2856 
f 2851 2858 2853 
f 2858 232 234 
f 2853 234 226 
f 234 2853 2858 
f 2855 2860 2862 
f 2860 2859 2861 
f 2862 2861 238 
f 2861 2862 2860 
f 232 2857 240 
f 2857 2855 2862 
f 240 2862 238 
f 2862 240 2857 
f 2859 2864 2866 
f 2864 2863 2865 
f 2866 2865 244 
f 2865 2866 2864 
f 238 2861 246 
f 2861 2859 2866 
f 246 2866 244 
f 2866 246 2861 
f 2863 2868 2865 
f 2868 2867 2869 
f 2865 2869 244 
f 2869 2865 2868 
f 2867 2871 2873 
f 2871 2870 2872 
f 2873 2872 250 
f 2872 2873 2871 
f 244 2869 252 
f 2869 2867 2873 
f 252 2873 250 
f 2873 252 2869 
f 2870 2875 2877 
f 2875 2874 2876 
f 2877 2876 256 
f 2876 2877 2875 
f 250 2872 258 
f 2872 2870 2877 
f 258 2877 256 
f 2877 258 2872 
f 262 2879 2881 
f 2879 2874 2880 
f 2881 2880 2878 
f 2880 2881 2879 
f 256 2876 264 
f 2876 2874 2879 
f 264 2879 262 
f 2879 264 2876 
f 2878 2883 2885 
f 2883 2882 2884 
f 2885 2884 268 
f 2884 2885 2883 
f 262 2881 270 
f 2881 2878 2885 
f 270 2885 268 
f 2885 270 2881 
f 2882 2887 2889 
f 2887 2886 2888 
f 2889 2888 280 
f 2888 2889 2887 
f 268 2884 276 
f 2884 2882 2890 
f 276 2890 274 
f 2890 276 2884 
f 274 2890 282 
f 2890 2882 2889 
f 282 2889 280 
f 2889 282 2890 
f 280 2888 2893 
f 2888 2886 2892 
f 2893 2892 2891 
f 2892 2893 2888 
f 2891 2895 2897 
f 2895 2894 2896 
f 2897 2896 286 
f 2896 2897 2895 
f 280 2893 288 
f 2893 2891 2897 
f 288 2897 286 
f 2897 288 2893 
f 2894 2899 2901 
f 2899 2898 2900 
f 2901 2900 298 
f 2900 2901 2899 
f 286 2896 294 
f 2896 2894 2902 
f 294 2902 292 
f 2902 294 2896 
f 292 2902 300 
f 2902 2894 2901 
f 300 2901 298 
f 2901 300 2902 
f 2898 2904 2906 
f 2904 2903 2905 
f 2906 2905 304 
f 2905 2906 2904 
f 298 2900 306 
f 2900 2898 2906 
f 306 2906 304 
f 2906 306 2900 
f 304 2905 2909 
f 2905 2903 2908 
f 2909 2908 2907 
f 2908 2909 2905 
f 2907 2911 2913 
f 2911 2910 2912 
f 2913 2912 310 
f 2912 2913 2911 
f 304 2909 312 
f 2909 2907 2913 
f 312 2913 310 
f 2913 312 2909 
f 2910 2915 2917 
f 2915 2914 2916 
f 2917 2916 322 
f 2916 2917 2915 
f 310 2912 318 
f 2912 2910 2918 
f 318 2918 316 
f 2918 318 2912 
f 316 2918 324 
f 2918 2910 2917 
f 324 2917 322 
f 2917 324 2918 
f 2914 2920 2922 
f 2920 2919 2921 
f 2922 2921 328 
f 2921 2922 2920 
f 322 2916 330 
f 2916 2914 2922 
f 330 2922 328 
f 2922 330 2916 
f 2919 2924 2921 
f 2924 2923 2925 
f 2921 2925 328 
f 2925 2921 2924 
f 2923 2927 2929 
f 2927 2926 2928 
f 2929 2928 340 
f 2928 2929 2927 
f 328 2925 336 
f 2925 2923 2930 
f 336 2930 334 
f 2930 336 2925 
f 2923 2929 2930 
f 2929 340 342 
f 2930 342 334 
f 342 2930 2929 
f 2926 2932 2934 
f 2932 2931 2933 
f 2934 2933 346 
f 2933 2934 2932 
f 340 2928 348 
f 2928 2926 2934 
f 348 2934 346 
f 2934 348 2928 
f 2931 2936 2933 
f 2936 2935 2937 
f 2933 2937 346 
f 2937 2933 2936 
f 2935 2939 2941 
f 2939 2938 2940 
f 2941 2940 352 
f 2940 2941 2939 
f 346 2937 354 
f 2937 2935 2941 
f 354 2941 352 
f 2941 354 2937 
f 2938 2943 2945 
f 2943 2942 2944 
f 2945 2944 358 
f 2944 2945 2943 
f 352 2940 360 
f 2940 2938 2945 
f 360 2945 358 
f 2945 360 2940 
f 2942 2947 2949 
f 2947 2946 2948 
f 2949 2948 364 
f 2948 2949 2947 
f 358 2944 366 
f 2944 2942 2949 
f 366 2949 364 
f 2949 366 2944 
f 2946 2951 2953 
f 2951 2950 2952 
f 2953 2952 370 
f 2952 2953 2951 
f 364 2948 372 
f 2948 2946 2953 
f 372 2953 370 
f 2953 372 2948 
f 2950 2955 2957 
f 2955 2954 2956 
f 2957 2956 376 
f 2956 2957 2955 
f 370 2952 378 
f 2952 2950 2957 
f 378 2957 376 
f 2957 378 2952 
f 2954 2959 2961 
f 2959 2958 2960 
f 2961 2960 388 
f 2960 2961 2959 
f 376 2956 384 
f 2956 2954 2962 
f 384 2962 382 
f 2962 384 2956 
f 2954 2961 2962 
f 2961 388 390 
f 2962 390 382 
f 390 2962 2961 
f 2958 2964 2966 
f 2964 2963 2965 
f 2966 2965 394 
f 2965 2966 2964 
f 388 2960 396 
f 2960 2958 2966 
f 396 2966 394 
f 2966 396 2960 
f 394 2965 2969 
f 2965 2963 2968 
f 2969 2968 2967 
f 2968 2969 2965 
f 2967 2971 2973 
f 2971 2970 2972 
f 2973 2972 400 
f 2972 2973 2971 
f 394 2969 402 
f 2969 2967 2973 
f 402 2973 400 
f 2973 402 2969 
f 2970 2975 2977 
f 2975 2974 2976 
f 2977 2976 412 
f 2976 2977 2975 
f 400 2972 408 
f 2972 2970 2978 
f 408 2978 406 
f 2978 408 2972 
f 406 2978 414 
f 2978 2970 2977 
f 414 2977 412 
f 2977 414 2978 
f 2974 2980 2982 
f 2980 2979 2981 
f 2982 2981 418 
f 2981 2982 2980 
f 412 2976 420 
f 2976 2974 2982 
f 420 2982 418 
f 2982 420 2976 
f 2979 2984 2981 
f 2984 2983 2985 
f 2981 2985 418 
f 2985 2981 2984 
f 2983 2987 2989 
f 2987 2986 2988 
f 2989 2988 424 
f 2988 2989 2987 
f 418 2985 426 
f 2985 2983 2989 
f 426 2989 424 
f 2989 426 2985 
f 2986 2991 2993 
f 2991 2990 2992 
f 2993 2992 430 
f 2992 2993 2991 
f 424 2988 432 
f 2988 2986 2993 
f 432 2993 430 
f 2993 432 2988 
f 2990 2995 2997 
f 2995 2994 2996 
f 2997 2996 442 
f 2996 2997 2995 
f 430 2992 438 
f 2992 2990 2998 
f 438 2998 436 
f 2998 438 2992 
f 2990 2997 2998 
f 2997 442 444 
f 2998 444 436 
f 444 2998 2997 
f 2994 3000 3002 
f 3000 2999 3001 
f 3002 3001 448 
f 3001 3002 3000 
f 442 2996 450 
f 2996 2994 3002 
f 450 3002 448 
f 3002 450 2996 
f 2999 3004 3006 
f 3004 3003 3005 
f 3006 3005 454 
f 3005 3006 3004 
f 448 3001 456 
f 3001 2999 3006 
f 456 3006 454 
f 3006 456 3001 
f 3003 3008 3010 
f 3008 3007 3009 
f 3010 3009 460 
f 3009 3010 3008 
f 454 3005 462 
f 3005 3003 3010 
f 462 3010 460 
f 3010 462 3005 
f 3007 3012 3014 
f 3012 3011 3013 
f 3014 3013 466 
f 3013 3014 3012 
f 3007 3014 3009 
f 3014 466 468 
f 3009 468 460 
f 468 3009 3014 
f 3011 3016 3018 
f 3016 3015 3017 
f 3018 3017 472 
f 3017 3018 3016 
f 466 3013 474 
f 3013 3011 3018 
f 474 3018 472 
f 3018 474 3013 
f 3015 3020 3022 
f 3020 3019 3021 
f 3022 3021 478 
f 3021 3022 3020 
f 3015 3022 3017 
f 3022 478 480 
f 3017 480 472 
f 480 3017 3022 
f 478 3021 3025 
f 3021 3019 3024 
f 3025 3024 3023 
f 3024 3025 3021 
f 3023 3027 3029 
f 3027 3026 3028 
f 3029 3028 484 
f 3028 3029 3027 
f 478 3025 486 
f 3025 3023 3029 
f 486 3029 484 
f 3029 486 3025 
f 3026 3031 3033 
f 3031 3030 3032 
f 3033 3032 496 
f 3032 3033 3031 
f 484 3028 492 
f 3028 3026 3034 
f 492 3034 490 
f 3034 492 3028 
f 490 3034 498 
f 3034 3026 3033 
f 498 3033 496 
f 3033 498 3034 
f 3030 3036 3038 
f 3036 3035 3037 
f 3038 3037 502 
f 3037 3038 3036 
f 3030 3038 3032 
f 3038 502 504 
f 3032 504 496 
f 504 3032 3038 
f 3035 3040 3042 
f 3040 3039 3041 
f 3042 3041 508 
f 3041 3042 3040 
f 502 3037 510 
f 3037 3035 3042 
f 510 3042 508 
f 3042 510 3037 
f 3039 3044 3046 
f 3044 3043 3045 
f 3046 3045 514 
f 3045 3046 3044 
f 508 3041 516 
f 3041 3039 3046 
f 516 3046 514 
f 3046 516 3041 
f 3043 3048 3045 
f 3048 3047 3049 
f 3045 3049 514 
f 3049 3045 3048 
f 3047 3051 3053 
f 3051 3050 3052 
f 3053 3052 520 
f 3052 3053 3051 
f 514 3049 522 
f 3049 3047 3053 
f 522 3053 520 
f 3053 522 3049 
f 3050 3055 3057 
f 3055 3054 3056 
f 3057 3056 526 
f 3056 3057 3055 
f 520 3052 528 
f 3052 3050 3057 
f 528 3057 526 
f 3057 528 3052 
f 3054 3059 3061 
f 3059 3058 3060 
f 3061 3060 538 
f 3060 3061 3059 
f 526 3056 534 
f 3056 3054 3062 
f 534 3062 532 
f 3062 534 3056 
f 3054 3061 3062 
f 3061 538 540 
f 3062 540 532 
f 540 3062 3061 
f 538 3060 3065 
f 3060 3058 3064 
f 3065 3064 3063 
f 3064 3065 3060 
f 3063 3066 3068 
f 3066 2826 3067 
f 3068 3067 544 
f 3067 3068 3066 
f 538 3065 546 
f 3065 3063 3068 
f 546 3068 544 
f 3068 546 3065 
f 544 3067 551 
f 3067 2826 2830 
f 551 2830 28 
f 2830 551 3067 
f 10 3070 11 
f 3070 3069 3071 
f 11 3071 1 
f 3071 11 3070 
f 1 3071 14 
f 3071 3069 3072 
f 14 3072 13 
f 3072 14 3071 
f 1 14 8 
f 14 13 15 
f 8 15 7 
f 15 8 14 
f 1 4 6 
f 4 2 5 
f 6 5 3 
f 5 6 4 
f 3 12 6 
f 12 10 11 
f 6 11 1 
f 11 6 12 
f 2 4 9 
f 4 1 8 
f 9 8 7 
f 8 9 4 
f 16 19 21 
f 19 17 20 
f 21 20 18 
f 20 21 19 
f 22 24 23 
f 24 17 19 
f 23 19 16 
f 19 23 24 
f 17 26 20 
f 26 25 27 
f 20 27 18 
f 27 20 26 
f 17 24 29 
f 24 22 30 
f 29 30 28 
f 30 29 24 
f 2822 2825 2824 
f 2825 17 2823 
f 2824 2823 2821 
f 2823 2824 2825 
f 25 26 2829 
f 26 17 2825 
f 2829 2825 2822 
f 2825 2829 26 
f 2826 2828 2830 
f 2828 17 29 
f 2830 29 28 
f 29 2830 2828 
f 2826 2827 2828 
f 2827 2821 2823 
f 2828 2823 17 
f 2823 2828 2827 
f 166 179 3073 
f 179 13 3072 
f 3073 3072 3069 
f 3072 3073 179 
f 166 3073 168 
f 3073 3069 3074 
f 168 3074 154 
f 3074 168 3073 
f 154 3074 156 
f 3074 3069 3075 
f 156 3075 145 
f 3075 156 3074 
f 3069 3070 3075 
f 3070 10 147 
f 3075 147 145 
f 147 3075 3070 
f 2821 3078 3080 
f 3078 3076 3079 
f 3080 3079 3077 
f 3079 3080 3078 
f 2822 2824 3081 
f 2824 2821 3080 
f 3081 3080 3077 
f 3080 3081 2824 
f 2821 2827 3078 
f 2827 2826 3082 
f 3078 3082 3076 
f 3082 3078 2827 
f 2 35 5 
f 35 32 39 
f 5 39 3 
f 39 5 35 
f 2 33 35 
f 33 31 34 
f 35 34 32 
f 34 35 33 
f 31 33 38 
f 33 2 37 
f 38 37 36 
f 37 38 33 
f 2 42 37 
f 42 40 43 
f 37 43 36 
f 43 37 42 
f 40 42 41 
f 42 2 9 
f 41 9 7 
f 9 41 42 
f 44 46 48 
f 46 31 47 
f 48 47 45 
f 47 48 46 
f 31 46 51 
f 46 44 50 
f 51 50 49 
f 50 51 46 
f 32 34 53 
f 34 31 51 
f 53 51 49 
f 51 53 34 
f 31 38 47 
f 38 36 52 
f 47 52 45 
f 52 47 38 
f 44 61 50 
f 61 59 63 
f 50 63 49 
f 63 50 61 
f 44 56 61 
f 56 54 60 
f 61 60 59 
f 60 61 56 
f 55 57 62 
f 57 44 48 
f 62 48 45 
f 48 62 57 
f 54 56 58 
f 56 44 57 
f 58 57 55 
f 57 58 56 
f 59 60 73 
f 60 54 71 
f 73 71 69 
f 71 73 60 
f 55 72 58 
f 72 65 67 
f 58 67 54 
f 67 58 72 
f 54 66 71 
f 66 64 70 
f 71 70 69 
f 70 71 66 
f 64 66 68 
f 66 54 67 
f 68 67 65 
f 67 68 66 
f 64 77 76 
f 77 75 78 
f 76 78 74 
f 78 76 77 
f 64 76 81 
f 76 74 80 
f 81 80 79 
f 80 81 76 
f 79 83 81 
f 83 69 70 
f 81 70 64 
f 70 81 83 
f 75 77 82 
f 77 64 68 
f 82 68 65 
f 68 82 77 
f 84 86 88 
f 86 74 87 
f 88 87 85 
f 87 88 86 
f 74 86 91 
f 86 84 90 
f 91 90 89 
f 90 91 86 
f 79 80 93 
f 80 74 91 
f 93 91 89 
f 91 93 80 
f 74 78 87 
f 78 75 92 
f 87 92 85 
f 92 87 78 
f 84 88 97 
f 88 85 102 
f 97 102 95 
f 102 97 88 
f 84 97 96 
f 97 95 98 
f 96 98 94 
f 98 96 97 
f 99 103 101 
f 103 89 90 
f 101 90 84 
f 90 101 103 
f 94 100 96 
f 100 99 101 
f 96 101 84 
f 101 96 100 
f 95 112 98 
f 112 105 107 
f 98 107 94 
f 107 98 112 
f 94 111 100 
f 111 109 113 
f 100 113 99 
f 113 100 111 
f 104 110 106 
f 110 109 111 
f 106 111 94 
f 111 106 110 
f 94 107 106 
f 107 105 108 
f 106 108 104 
f 108 106 107 
f 114 117 116 
f 117 115 118 
f 116 118 104 
f 118 116 117 
f 105 123 108 
f 123 119 120 
f 108 120 104 
f 120 108 123 
f 119 121 120 
f 121 114 116 
f 120 116 104 
f 116 120 121 
f 115 122 118 
f 122 109 110 
f 118 110 104 
f 110 118 122 
f 124 130 126 
f 130 129 131 
f 126 131 114 
f 131 126 130 
f 115 117 132 
f 117 114 131 
f 132 131 129 
f 131 132 117 
f 125 127 133 
f 127 114 121 
f 133 121 119 
f 121 133 127 
f 124 126 128 
f 126 114 127 
f 128 127 125 
f 127 128 126 
f 134 136 141 
f 136 124 128 
f 141 128 125 
f 128 141 136 
f 124 135 140 
f 135 16 139 
f 140 139 138 
f 139 140 135 
f 16 135 137 
f 135 124 136 
f 137 136 134 
f 136 137 135 
f 138 142 140 
f 142 129 130 
f 140 130 124 
f 130 140 142 
f 18 144 21 
f 144 138 139 
f 21 139 16 
f 139 21 144 
f 22 23 143 
f 23 16 137 
f 143 137 134 
f 137 143 23 
f 3 153 12 
f 153 150 151 
f 12 151 10 
f 151 12 153 
f 10 151 148 
f 151 150 152 
f 148 152 146 
f 152 148 151 
f 145 147 149 
f 147 10 148 
f 149 148 146 
f 148 149 147 
f 145 161 163 
f 161 159 164 
f 163 164 162 
f 164 163 161 
f 155 157 165 
f 157 145 163 
f 165 163 162 
f 163 165 157 
f 155 158 157 
f 158 154 156 
f 157 156 145 
f 156 157 158 
f 159 161 160 
f 161 145 149 
f 160 149 146 
f 149 160 161 
f 171 173 172 
f 173 167 169 
f 172 169 154 
f 169 172 173 
f 154 158 175 
f 158 155 177 
f 175 177 174 
f 177 175 158 
f 167 170 169 
f 170 166 168 
f 169 168 154 
f 168 169 170 
f 171 172 176 
f 172 154 175 
f 176 175 174 
f 175 176 172 
f 166 170 184 
f 170 167 183 
f 184 183 182 
f 183 184 170 
f 166 184 186 
f 184 182 187 
f 186 187 185 
f 187 186 184 
f 178 180 188 
f 180 166 186 
f 188 186 185 
f 186 188 180 
f 13 179 181 
f 179 166 180 
f 181 180 178 
f 180 181 179 
f 189 191 190 
f 191 13 181 
f 190 181 178 
f 181 190 191 
f 189 195 191 
f 195 192 193 
f 191 193 13 
f 193 191 195 
f 13 193 15 
f 193 192 194 
f 15 194 7 
f 194 15 193 
f 3083 3084 3085 
f 3084 2822 3081 
f 3085 3081 3077 
f 3081 3085 3084 
f 2831 2832 3086 
f 2832 2822 3084 
f 3086 3084 3083 
f 3084 3086 2832 
f 25 2829 2833 
f 2829 2822 2832 
f 2833 2832 2831 
f 2832 2833 2829 
f 25 2833 198 
f 2833 2831 2838 
f 198 2838 196 
f 2838 198 2833 
f 3087 3088 3089 
f 3088 2831 3086 
f 3089 3086 3083 
f 3086 3089 3088 
f 2834 2835 3090 
f 2835 2831 3088 
f 3090 3088 3087 
f 3088 3090 2835 
f 2831 2835 2837 
f 2835 2834 2836 
f 2837 2836 202 
f 2836 2837 2835 
f 2831 2837 2838 
f 2837 202 204 
f 2838 204 196 
f 204 2838 2837 
f 2839 2840 3093 
f 2840 2834 3092 
f 3093 3092 3091 
f 3092 3093 2840 
f 202 2836 2841 
f 2836 2834 2840 
f 2841 2840 2839 
f 2840 2841 2836 
f 3091 3092 3094 
f 3092 2834 3090 
f 3094 3090 3087 
f 3090 3094 3092 
f 2842 2843 3097 
f 2843 2839 3096 
f 3097 3096 3095 
f 3096 3097 2843 
f 2839 2843 2845 
f 2843 2842 2844 
f 2845 2844 208 
f 2844 2845 2843 
f 3095 3096 3098 
f 3096 2839 3093 
f 3098 3093 3091 
f 3093 3098 3096 
f 208 210 2845 
f 210 202 2841 
f 2845 2841 2839 
f 2841 2845 210 
f 208 2844 216 
f 2844 2842 2850 
f 216 2850 214 
f 2850 216 2844 
f 3099 3100 3101 
f 3100 2842 3097 
f 3101 3097 3095 
f 3097 3101 3100 
f 2842 2849 2850 
f 2849 220 222 
f 2850 222 214 
f 222 2850 2849 
f 2846 2847 3102 
f 2847 2842 3100 
f 3102 3100 3099 
f 3100 3102 2847 
f 2842 2847 2849 
f 2847 2846 2848 
f 2849 2848 220 
f 2848 2849 2847 
f 2851 2852 3105 
f 2852 2846 3104 
f 3105 3104 3103 
f 3104 3105 2852 
f 226 2854 2853 
f 2854 2846 2852 
f 2853 2852 2851 
f 2852 2853 2854 
f 220 2848 228 
f 2848 2846 2854 
f 228 2854 226 
f 2854 228 2848 
f 2846 3102 3104 
f 3102 3099 3106 
f 3104 3106 3103 
f 3106 3104 3102 
f 2855 2856 3109 
f 2856 2851 3108 
f 3109 3108 3107 
f 3108 3109 2856 
f 2851 2856 2858 
f 2856 2855 2857 
f 2858 2857 232 
f 2857 2858 2856 
f 2851 2858 2853 
f 2858 232 234 
f 2853 234 226 
f 234 2853 2858 
f 2851 3105 3108 
f 3105 3103 3110 
f 3108 3110 3107 
f 3110 3108 3105 
f 2855 2862 2857 
f 2862 238 240 
f 2857 240 232 
f 240 2857 2862 
f 2859 2860 3113 
f 2860 2855 3112 
f 3113 3112 3111 
f 3112 3113 2860 
f 2855 2860 2862 
f 2860 2859 2861 
f 2862 2861 238 
f 2861 2862 2860 
f 2855 3109 3112 
f 3109 3107 3114 
f 3112 3114 3111 
f 3114 3112 3109 
f 244 2866 2865 
f 2866 2859 2864 
f 2865 2864 2863 
f 2864 2865 2866 
f 2859 3116 2864 
f 3116 3115 3117 
f 2864 3117 2863 
f 3117 2864 3116 
f 2859 2866 2861 
f 2866 244 246 
f 2861 246 238 
f 246 2861 2866 
f 2859 3113 3116 
f 3113 3111 3118 
f 3116 3118 3115 
f 3118 3116 3113 
f 3119 3120 3121 
f 3120 2863 3117 
f 3121 3117 3115 
f 3117 3121 3120 
f 2867 2869 2868 
f 2869 244 2865 
f 2868 2865 2863 
f 2865 2868 2869 
f 3119 3122 3120 
f 3122 2867 2868 
f 3120 2868 2863 
f 2868 3120 3122 
f 2870 2871 3125 
f 2871 2867 3124 
f 3125 3124 3123 
f 3124 3125 2871 
f 2870 2872 2871 
f 2872 250 2873 
f 2871 2873 2867 
f 2873 2871 2872 
f 3123 3124 3126 
f 3124 2867 3122 
f 3126 3122 3119 
f 3122 3126 3124 
f 244 2869 252 
f 2869 2867 2873 
f 252 2873 250 
f 2873 252 2869 
f 256 258 2877 
f 258 250 2872 
f 2877 2872 2870 
f 2872 2877 258 
f 2870 3125 3129 
f 3125 3123 3128 
f 3129 3128 3127 
f 3128 3129 3125 
f 2874 2875 3130 
f 2875 2870 3129 
f 3130 3129 3127 
f 3129 3130 2875 
f 2870 2875 2877 
f 2875 2874 2876 
f 2877 2876 256 
f 2876 2877 2875 
f 256 2876 264 
f 2876 2874 2879 
f 264 2879 262 
f 2879 264 2876 
f 2878 2880 3133 
f 2880 2874 3132 
f 3133 3132 3131 
f 3132 3133 2880 
f 2878 2881 2880 
f 2881 262 2879 
f 2880 2879 2874 
f 2879 2880 2881 
f 3131 3132 3134 
f 3132 2874 3130 
f 3134 3130 3127 
f 3130 3134 3132 
f 2882 2883 3137 
f 2883 2878 3136 
f 3137 3136 3135 
f 3136 3137 2883 
f 268 2885 2884 
f 2885 2878 2883 
f 2884 2883 2882 
f 2883 2884 2885 
f 262 2881 270 
f 2881 2878 2885 
f 270 2885 268 
f 2885 270 2881 
f 3135 3136 3138 
f 3136 2878 3133 
f 3138 3133 3131 
f 3133 3138 3136 
f 2886 2887 3141 
f 2887 2882 3140 
f 3141 3140 3139 
f 3140 3141 2887 
f 280 2889 2888 
f 2889 2882 2887 
f 2888 2887 2886 
f 2887 2888 2889 
f 280 282 2889 
f 282 274 2890 
f 2889 2890 2882 
f 2890 2889 282 
f 3139 3140 3142 
f 3140 2882 3137 
f 3142 3137 3135 
f 3137 3142 3140 
f 268 2884 276 
f 2884 2882 2890 
f 276 2890 274 
f 2890 276 2884 
f 2891 2893 2892 
f 2893 280 2888 
f 2892 2888 2886 
f 2888 2892 2893 
f 3143 3144 3145 
f 3144 2891 2892 
f 3145 2892 2886 
f 2892 3145 3144 
f 2886 3141 3145 
f 3141 3139 3146 
f 3145 3146 3143 
f 3146 3145 3141 
f 2894 2896 2895 
f 2896 286 2897 
f 2895 2897 2891 
f 2897 2895 2896 
f 3147 3148 3149 
f 3148 2894 2895 
f 3149 2895 2891 
f 2895 3149 3148 
f 280 2893 288 
f 2893 2891 2897 
f 288 2897 286 
f 2897 288 2893 
f 3147 3149 3150 
f 3149 2891 3144 
f 3150 3144 3143 
f 3144 3150 3149 
f 286 2896 294 
f 2896 2894 2902 
f 294 2902 292 
f 2902 294 2896 
f 2894 2901 2902 
f 2901 298 300 
f 2902 300 292 
f 300 2902 2901 
f 298 2901 2900 
f 2901 2894 2899 
f 2900 2899 2898 
f 2899 2900 2901 
f 2894 3152 2899 
f 3152 3151 3153 
f 2899 3153 2898 
f 3153 2899 3152 
f 2894 3148 3152 
f 3148 3147 3154 
f 3152 3154 3151 
f 3154 3152 3148 
f 2903 2904 3157 
f 2904 2898 3156 
f 3157 3156 3155 
f 3156 3157 2904 
f 304 2906 2905 
f 2906 2898 2904 
f 2905 2904 2903 
f 2904 2905 2906 
f 2898 2906 2900 
f 2906 304 306 
f 2900 306 298 
f 306 2900 2906 
f 2898 3153 3156 
f 3153 3151 3158 
f 3156 3158 3155 
f 3158 3156 3153 
f 2907 2908 3161 
f 2908 2903 3160 
f 3161 3160 3159 
f 3160 3161 2908 
f 304 2905 2909 
f 2905 2903 2908 
f 2909 2908 2907 
f 2908 2909 2905 
f 3159 3160 3162 
f 3160 2903 3157 
f 3162 3157 3155 
f 3157 3162 3160 
f 2907 3161 3165 
f 3161 3159 3164 
f 3165 3164 3163 
f 3164 3165 3161 
f 2910 2912 2911 
f 2912 310 2913 
f 2911 2913 2907 
f 2913 2911 2912 
f 3163 3166 3165 
f 3166 2910 2911 
f 3165 2911 2907 
f 2911 3165 3166 
f 304 2909 312 
f 2909 2907 2913 
f 312 2913 310 
f 2913 312 2909 
f 310 2912 318 
f 2912 2910 2918 
f 318 2918 316 
f 2918 318 2912 
f 2910 3166 3169 
f 3166 3163 3168 
f 3169 3168 3167 
f 3168 3169 3166 
f 2910 2917 2918 
f 2917 322 324 
f 2918 324 316 
f 324 2918 2917 
f 2914 2915 3170 
f 2915 2910 3169 
f 3170 3169 3167 
f 3169 3170 2915 
f 2910 2915 2917 
f 2915 2914 2916 
f 2917 2916 322 
f 2916 2917 2915 
f 328 2922 2921 
f 2922 2914 2920 
f 2921 2920 2919 
f 2920 2921 2922 
f 2914 3172 2920 
f 3172 3171 3173 
f 2920 3173 2919 
f 3173 2920 3172 
f 2914 2922 2916 
f 2922 328 330 
f 2916 330 322 
f 330 2916 2922 
f 2914 3170 3172 
f 3170 3167 3174 
f 3172 3174 3171 
f 3174 3172 3170 
f 2923 2925 2924 
f 2925 328 2921 
f 2924 2921 2919 
f 2921 2924 2925 
f 3175 3176 3177 
f 3176 2923 2924 
f 3177 2924 2919 
f 2924 3177 3176 
f 2919 3173 3177 
f 3173 3171 3178 
f 3177 3178 3175 
f 3178 3177 3173 
f 328 2925 336 
f 2925 2923 2930 
f 336 2930 334 
f 2930 336 2925 
f 340 2929 2928 
f 2929 2923 2927 
f 2928 2927 2926 
f 2927 2928 2929 
f 2923 3180 2927 
f 3180 3179 3181 
f 2927 3181 2926 
f 3181 2927 3180 
f 2923 2929 2930 
f 2929 340 342 
f 2930 342 334 
f 342 2930 2929 
f 3179 3180 3182 
f 3180 2923 3176 
f 3182 3176 3175 
f 3176 3182 3180 
f 2931 2932 3185 
f 2932 2926 3184 
f 3185 3184 3183 
f 3184 3185 2932 
f 2926 2932 2934 
f 2932 2931 2933 
f 2934 2933 346 
f 2933 2934 2932 
f 2926 2934 2928 
f 2934 346 348 
f 2928 348 340 
f 348 2928 2934 
f 2926 3181 3184 
f 3181 3179 3186 
f 3184 3186 3183 
f 3186 3184 3181 
f 2935 2936 3189 
f 2936 2931 3188 
f 3189 3188 3187 
f 3188 3189 2936 
f 2935 2937 2936 
f 2937 346 2933 
f 2936 2933 2931 
f 2933 2936 2937 
f 2931 3185 3188 
f 3185 3183 3190 
f 3188 3190 3187 
f 3190 3188 3185 
f 352 354 2941 
f 354 346 2937 
f 2941 2937 2935 
f 2937 2941 354 
f 2935 3189 3193 
f 3189 3187 3192 
f 3193 3192 3191 
f 3192 3193 3189 
f 2938 2939 3194 
f 2939 2935 3193 
f 3194 3193 3191 
f 3193 3194 2939 
f 352 2941 2940 
f 2941 2935 2939 
f 2940 2939 2938 
f 2939 2940 2941 
f 352 2940 360 
f 2940 2938 2945 
f 360 2945 358 
f 2945 360 2940 
f 2938 3194 3197 
f 3194 3191 3196 
f 3197 3196 3195 
f 3196 3197 3194 
f 2942 2943 3198 
f 2943 2938 3197 
f 3198 3197 3195 
f 3197 3198 2943 
f 2938 2943 2945 
f 2943 2942 2944 
f 2945 2944 358 
f 2944 2945 2943 
f 2946 2947 3201 
f 2947 2942 3200 
f 3201 3200 3199 
f 3200 3201 2947 
f 2942 2947 2949 
f 2947 2946 2948 
f 2949 2948 364 
f 2948 2949 2947 
f 2942 2949 2944 
f 2949 364 366 
f 2944 366 358 
f 366 2944 2949 
f 2942 3198 3200 
f 3198 3195 3202 
f 3200 3202 3199 
f 3202 3200 3198 
f 2950 2951 3205 
f 2951 2946 3204 
f 3205 3204 3203 
f 3204 3205 2951 
f 2950 2952 2951 
f 2952 370 2953 
f 2951 2953 2946 
f 2953 2951 2952 
f 3203 3204 3206 
f 3204 2946 3201 
f 3206 3201 3199 
f 3201 3206 3204 
f 370 372 2953 
f 372 364 2948 
f 2953 2948 2946 
f 2948 2953 372 
f 2950 3205 3209 
f 3205 3203 3208 
f 3209 3208 3207 
f 3208 3209 3205 
f 2954 2955 3210 
f 2955 2950 3209 
f 3210 3209 3207 
f 3209 3210 2955 
f 2950 2955 2957 
f 2955 2954 2956 
f 2957 2956 376 
f 2956 2957 2955 
f 2950 2957 2952 
f 2957 376 378 
f 2952 378 370 
f 378 2952 2957 
f 2954 2962 2956 
f 2962 382 384 
f 2956 384 376 
f 384 2956 2962 
f 2954 3210 3213 
f 3210 3207 3212 
f 3213 3212 3211 
f 3212 3213 3210 
f 2954 2961 2962 
f 2961 388 390 
f 2962 390 382 
f 390 2962 2961 
f 2958 2959 3214 
f 2959 2954 3213 
f 3214 3213 3211 
f 3213 3214 2959 
f 2954 2959 2961 
f 2959 2958 2960 
f 2961 2960 388 
f 2960 2961 2959 
f 2963 2964 3217 
f 2964 2958 3216 
f 3217 3216 3215 
f 3216 3217 2964 
f 2958 2964 2966 
f 2964 2963 2965 
f 2966 2965 394 
f 2965 2966 2964 
f 2958 2966 2960 
f 2966 394 396 
f 2960 396 388 
f 396 2960 2966 
f 2958 3214 3216 
f 3214 3211 3218 
f 3216 3218 3215 
f 3218 3216 3214 
f 2967 2968 3221 
f 2968 2963 3220 
f 3221 3220 3219 
f 3220 3221 2968 
f 2963 2968 2965 
f 2968 2967 2969 
f 2965 2969 394 
f 2969 2965 2968 
f 2963 3217 3220 
f 3217 3215 3222 
f 3220 3222 3219 
f 3222 3220 3217 
f 394 2969 402 
f 2969 2967 2973 
f 402 2973 400 
f 2973 402 2969 
f 2970 2971 3225 
f 2971 2967 3224 
f 3225 3224 3223 
f 3224 3225 2971 
f 2967 2971 2973 
f 2971 2970 2972 
f 2973 2972 400 
f 2972 2973 2971 
f 3223 3224 3226 
f 3224 2967 3221 
f 3226 3221 3219 
f 3221 3226 3224 
f 400 2972 408 
f 2972 2970 2978 
f 408 2978 406 
f 2978 408 2972 
f 3227 3228 3229 
f 3228 2970 3225 
f 3229 3225 3223 
f 3225 3229 3228 
f 2970 2977 2978 
f 2977 412 414 
f 2978 414 406 
f 414 2978 2977 
f 412 2977 2976 
f 2977 2970 2975 
f 2976 2975 2974 
f 2975 2976 2977 
f 2970 3228 2975 
f 3228 3227 3230 
f 2975 3230 2974 
f 3230 2975 3228 
f 2979 2980 3233 
f 2980 2974 3232 
f 3233 3232 3231 
f 3232 3233 2980 
f 2974 2980 2982 
f 2980 2979 2981 
f 2982 2981 418 
f 2981 2982 2980 
f 2974 2982 2976 
f 2982 418 420 
f 2976 420 412 
f 420 2976 2982 
f 2974 3230 3232 
f 3230 3227 3234 
f 3232 3234 3231 
f 3234 3232 3230 
f 2983 2985 2984 
f 2985 418 2981 
f 2984 2981 2979 
f 2981 2984 2985 
f 3235 3236 3237 
f 3236 2983 2984 
f 3237 2984 2979 
f 2984 3237 3236 
f 2979 3233 3237 
f 3233 3231 3238 
f 3237 3238 3235 
f 3238 3237 3233 
f 418 2985 426 
f 2985 2983 2989 
f 426 2989 424 
f 2989 426 2985 
f 2986 2987 3241 
f 2987 2983 3240 
f 3241 3240 3239 
f 3240 3241 2987 
f 424 2989 2988 
f 2989 2983 2987 
f 2988 2987 2986 
f 2987 2988 2989 
f 3239 3240 3242 
f 3240 2983 3236 
f 3242 3236 3235 
f 3236 3242 3240 
f 2990 2991 3245 
f 2991 2986 3244 
f 3245 3244 3243 
f 3244 3245 2991 
f 430 2993 2992 
f 2993 2986 2991 
f 2992 2991 2990 
f 2991 2992 2993 
f 2986 3241 3244 
f 3241 3239 3246 
f 3244 3246 3243 
f 3246 3244 3241 
f 424 2988 432 
f 2988 2986 2993 
f 432 2993 430 
f 2993 432 2988 
f 430 2992 438 
f 2992 2990 2998 
f 438 2998 436 
f 2998 438 2992 
f 3247 3248 3249 
f 3248 2990 3245 
f 3249 3245 3243 
f 3245 3249 3248 
f 2990 2997 2998 
f 2997 442 444 
f 2998 444 436 
f 444 2998 2997 
f 2994 2995 3250 
f 2995 2990 3248 
f 3250 3248 3247 
f 3248 3250 2995 
f 442 2997 2996 
f 2997 2990 2995 
f 2996 2995 2994 
f 2995 2996 2997 
f 2994 3002 2996 
f 3002 448 450 
f 2996 450 442 
f 450 2996 3002 
f 448 3002 3001 
f 3002 2994 3000 
f 3001 3000 2999 
f 3000 3001 3002 
f 2994 3252 3000 
f 3252 3251 3253 
f 3000 3253 2999 
f 3253 3000 3252 
f 3251 3252 3254 
f 3252 2994 3250 
f 3254 3250 3247 
f 3250 3254 3252 
f 2999 3006 3001 
f 3006 454 456 
f 3001 456 448 
f 456 3001 3006 
f 3003 3004 3257 
f 3004 2999 3256 
f 3257 3256 3255 
f 3256 3257 3004 
f 454 3006 3005 
f 3006 2999 3004 
f 3005 3004 3003 
f 3004 3005 3006 
f 2999 3253 3256 
f 3253 3251 3258 
f 3256 3258 3255 
f 3258 3256 3253 
f 3007 3008 3261 
f 3008 3003 3260 
f 3261 3260 3259 
f 3260 3261 3008 
f 3003 3008 3010 
f 3008 3007 3009 
f 3010 3009 460 
f 3009 3010 3008 
f 3003 3010 3005 
f 3010 460 462 
f 3005 462 454 
f 462 3005 3010 
f 3259 3260 3262 
f 3260 3003 3257 
f 3262 3257 3255 
f 3257 3262 3260 
f 3011 3012 3265 
f 3012 3007 3264 
f 3265 3264 3263 
f 3264 3265 3012 
f 466 3014 3013 
f 3014 3007 3012 
f 3013 3012 3011 
f 3012 3013 3014 
f 3007 3014 3009 
f 3014 466 468 
f 3009 468 460 
f 468 3009 3014 
f 3263 3264 3266 
f 3264 3007 3261 
f 3266 3261 3259 
f 3261 3266 3264 
f 3015 3016 3269 
f 3016 3011 3268 
f 3269 3268 3267 
f 3268 3269 3016 
f 472 3018 3017 
f 3018 3011 3016 
f 3017 3016 3015 
f 3016 3017 3018 
f 3011 3265 3268 
f 3265 3263 3270 
f 3268 3270 3267 
f 3270 3268 3265 
f 466 3013 474 
f 3013 3011 3018 
f 474 3018 472 
f 3018 474 3013 
f 3019 3020 3273 
f 3020 3015 3272 
f 3273 3272 3271 
f 3272 3273 3020 
f 478 3022 3021 
f 3022 3015 3020 
f 3021 3020 3019 
f 3020 3021 3022 
f 3015 3022 3017 
f 3022 478 480 
f 3017 480 472 
f 480 3017 3022 
f 3271 3272 3274 
f 3272 3015 3269 
f 3274 3269 3267 
f 3269 3274 3272 
f 3275 3276 3277 
f 3276 3019 3273 
f 3277 3273 3271 
f 3273 3277 3276 
f 3023 3025 3024 
f 3025 478 3021 
f 3024 3021 3019 
f 3021 3024 3025 
f 3275 3278 3276 
f 3278 3023 3024 
f 3276 3024 3019 
f 3024 3276 3278 
f 3026 3028 3027 
f 3028 484 3029 
f 3027 3029 3023 
f 3029 3027 3028 
f 3279 3280 3281 
f 3280 3026 3027 
f 3281 3027 3023 
f 3027 3281 3280 
f 478 3025 486 
f 3025 3023 3029 
f 486 3029 484 
f 3029 486 3025 
f 3023 3278 3281 
f 3278 3275 3282 
f 3281 3282 3279 
f 3282 3281 3278 
f 3026 3033 3034 
f 3033 496 498 
f 3034 498 490 
f 498 3034 3033 
f 484 3028 492 
f 3028 3026 3034 
f 492 3034 490 
f 3034 492 3028 
f 3283 3284 3285 
f 3284 3026 3280 
f 3285 3280 3279 
f 3280 3285 3284 
f 496 3033 3032 
f 3033 3026 3031 
f 3032 3031 3030 
f 3031 3032 3033 
f 3026 3284 3031 
f 3284 3283 3286 
f 3031 3286 3030 
f 3286 3031 3284 
f 3287 3288 3289 
f 3288 3030 3286 
f 3289 3286 3283 
f 3286 3289 3288 
f 3035 3036 3290 
f 3036 3030 3288 
f 3290 3288 3287 
f 3288 3290 3036 
f 3030 3036 3038 
f 3036 3035 3037 
f 3038 3037 502 
f 3037 3038 3036 
f 3030 3038 3032 
f 3038 502 504 
f 3032 504 496 
f 504 3032 3038 
f 3035 3042 3037 
f 3042 508 510 
f 3037 510 502 
f 510 3037 3042 
f 508 3042 3041 
f 3042 3035 3040 
f 3041 3040 3039 
f 3040 3041 3042 
f 3035 3292 3040 
f 3292 3291 3293 
f 3040 3293 3039 
f 3293 3040 3292 
f 3035 3290 3292 
f 3290 3287 3294 
f 3292 3294 3291 
f 3294 3292 3290 
f 3043 3044 3297 
f 3044 3039 3296 
f 3297 3296 3295 
f 3296 3297 3044 
f 514 3046 3045 
f 3046 3039 3044 
f 3045 3044 3043 
f 3044 3045 3046 
f 3039 3046 3041 
f 3046 514 516 
f 3041 516 508 
f 516 3041 3046 
f 3039 3293 3296 
f 3293 3291 3298 
f 3296 3298 3295 
f 3298 3296 3293 
f 3047 3049 3048 
f 3049 514 3045 
f 3048 3045 3043 
f 3045 3048 3049 
f 3299 3300 3301 
f 3300 3047 3048 
f 3301 3048 3043 
f 3048 3301 3300 
f 3043 3297 3301 
f 3297 3295 3302 
f 3301 3302 3299 
f 3302 3301 3297 
f 3050 3051 3305 
f 3051 3047 3304 
f 3305 3304 3303 
f 3304 3305 3051 
f 3047 3051 3053 
f 3051 3050 3052 
f 3053 3052 520 
f 3052 3053 3051 
f 3047 3300 3304 
f 3300 3299 3306 
f 3304 3306 3303 
f 3306 3304 3300 
f 514 3049 522 
f 3049 3047 3053 
f 522 3053 520 
f 3053 522 3049 
f 526 528 3057 
f 528 520 3052 
f 3057 3052 3050 
f 3052 3057 528 
f 3054 3055 3309 
f 3055 3050 3308 
f 3309 3308 3307 
f 3308 3309 3055 
f 526 3057 3056 
f 3057 3050 3055 
f 3056 3055 3054 
f 3055 3056 3057 
f 3050 3305 3308 
f 3305 3303 3310 
f 3308 3310 3307 
f 3310 3308 3305 
f 3058 3059 3313 
f 3059 3054 3312 
f 3313 3312 3311 
f 3312 3313 3059 
f 3054 3059 3061 
f 3059 3058 3060 
f 3061 3060 538 
f 3060 3061 3059 
f 3054 3061 3062 
f 3061 538 540 
f 3062 540 532 
f 540 3062 3061 
f 526 3056 534 
f 3056 3054 3062 
f 534 3062 532 
f 3062 534 3056 
f 3311 3312 3314 
f 3312 3054 3309 
f 3314 3309 3307 
f 3309 3314 3312 
f 3063 3064 3317 
f 3064 3058 3316 
f 3317 3316 3315 
f 3316 3317 3064 
f 3063 3065 3064 
f 3065 538 3060 
f 3064 3060 3058 
f 3060 3064 3065 
f 3315 3316 3318 
f 3316 3058 3313 
f 3318 3313 3311 
f 3313 3318 3316 
f 2826 3066 3321 
f 3066 3063 3320 
f 3321 3320 3319 
f 3320 3321 3066 
f 3063 3066 3068 
f 3066 2826 3067 
f 3068 3067 544 
f 3067 3068 3066 
f 3063 3317 3320 
f 3317 3315 3322 
f 3320 3322 3319 
f 3322 3320 3317 
f 544 546 3068 
f 546 538 3065 
f 3068 3065 3063 
f 3065 3068 546 
f 544 3067 551 
f 3067 2826 2830 
f 551 2830 28 
f 2830 551 3067 
f 3076 3082 3323 
f 3082 2826 3321 
f 3323 3321 3319 
f 3321 3323 3082 
f 25 200 27 
f 200 197 201 
f 27 201 18 
f 201 27 200 
f 25 198 200 
f 198 196 199 
f 200 199 197 
f 199 200 198 
f 196 206 199 
f 206 203 207 
f 199 207 197 
f 207 199 206 
f 196 204 206 
f 204 202 205 
f 206 205 203 
f 205 206 204 
f 202 212 205 
f 212 209 213 
f 205 213 203 
f 213 205 212 
f 209 212 211 
f 212 202 210 
f 211 210 208 
f 210 211 212 
f 215 219 218 
f 219 209 211 
f 218 211 208 
f 211 218 219 
f 214 217 216 
f 217 215 218 
f 216 218 208 
f 218 216 217 
f 215 217 225 
f 217 214 224 
f 225 224 221 
f 224 225 217 
f 214 222 224 
f 222 220 223 
f 224 223 221 
f 223 224 222 
f 220 230 223 
f 230 227 231 
f 223 231 221 
f 231 223 230 
f 220 228 230 
f 228 226 229 
f 230 229 227 
f 229 230 228 
f 226 236 229 
f 236 233 237 
f 229 237 227 
f 237 229 236 
f 232 235 234 
f 235 233 236 
f 234 236 226 
f 236 234 235 
f 239 243 242 
f 243 233 235 
f 242 235 232 
f 235 242 243 
f 232 240 242 
f 240 238 241 
f 242 241 239 
f 241 242 240 
f 245 248 247 
f 248 238 246 
f 247 246 244 
f 246 247 248 
f 239 241 249 
f 241 238 248 
f 249 248 245 
f 248 249 241 
f 244 254 247 
f 254 251 255 
f 247 255 245 
f 255 247 254 
f 251 254 253 
f 254 244 252 
f 253 252 250 
f 252 253 254 
f 251 253 261 
f 253 250 260 
f 261 260 257 
f 260 261 253 
f 250 258 260 
f 258 256 259 
f 260 259 257 
f 259 260 258 
f 263 267 266 
f 267 257 259 
f 266 259 256 
f 259 266 267 
f 256 264 266 
f 264 262 265 
f 266 265 263 
f 265 266 264 
f 262 272 265 
f 272 269 273 
f 265 273 263 
f 273 265 272 
f 269 272 271 
f 272 262 270 
f 271 270 268 
f 270 271 272 
f 269 271 279 
f 271 268 278 
f 279 278 275 
f 278 279 271 
f 268 276 278 
f 276 274 277 
f 278 277 275 
f 277 278 276 
f 274 284 277 
f 284 281 285 
f 277 285 275 
f 285 277 284 
f 274 282 284 
f 282 280 283 
f 284 283 281 
f 283 284 282 
f 280 290 283 
f 290 287 291 
f 283 291 281 
f 291 283 290 
f 280 288 290 
f 288 286 289 
f 290 289 287 
f 289 290 288 
f 286 296 289 
f 296 293 297 
f 289 297 287 
f 297 289 296 
f 293 296 295 
f 296 286 294 
f 295 294 292 
f 294 295 296 
f 299 303 302 
f 303 293 295 
f 302 295 292 
f 295 302 303 
f 299 302 301 
f 302 292 300 
f 301 300 298 
f 300 301 302 
f 299 301 309 
f 301 298 308 
f 309 308 305 
f 308 309 301 
f 298 306 308 
f 306 304 307 
f 308 307 305 
f 307 308 306 
f 304 314 307 
f 314 311 315 
f 307 315 305 
f 315 307 314 
f 311 314 313 
f 314 304 312 
f 313 312 310 
f 312 313 314 
f 311 313 321 
f 313 310 320 
f 321 320 317 
f 320 321 313 
f 317 320 319 
f 320 310 318 
f 319 318 316 
f 318 319 320 
f 322 325 324 
f 325 323 326 
f 324 326 316 
f 326 324 325 
f 323 327 326 
f 327 317 319 
f 326 319 316 
f 319 326 327 
f 323 325 333 
f 325 322 332 
f 333 332 329 
f 332 333 325 
f 322 330 332 
f 330 328 331 
f 332 331 329 
f 331 332 330 
f 329 331 339 
f 331 328 338 
f 339 338 335 
f 338 339 331 
f 328 336 338 
f 336 334 337 
f 338 337 335 
f 337 338 336 
f 334 344 337 
f 344 341 345 
f 337 345 335 
f 345 337 344 
f 334 342 344 
f 342 340 343 
f 344 343 341 
f 343 344 342 
f 347 351 350 
f 351 341 343 
f 350 343 340 
f 343 350 351 
f 340 348 350 
f 348 346 349 
f 350 349 347 
f 349 350 348 
f 353 357 356 
f 357 347 349 
f 356 349 346 
f 349 356 357 
f 352 355 354 
f 355 353 356 
f 354 356 346 
f 356 354 355 
f 353 355 363 
f 355 352 362 
f 363 362 359 
f 362 363 355 
f 352 360 362 
f 360 358 361 
f 362 361 359 
f 361 362 360 
f 358 368 361 
f 368 365 369 
f 361 369 359 
f 369 361 368 
f 364 367 366 
f 367 365 368 
f 366 368 358 
f 368 366 367 
f 364 372 374 
f 372 370 373 
f 374 373 371 
f 373 374 372 
f 365 367 375 
f 367 364 374 
f 375 374 371 
f 374 375 367 
f 370 380 373 
f 380 377 381 
f 373 381 371 
f 381 373 380 
f 377 380 379 
f 380 370 378 
f 379 378 376 
f 378 379 380 
f 377 379 387 
f 379 376 386 
f 387 386 383 
f 386 387 379 
f 376 384 386 
f 384 382 385 
f 386 385 383 
f 385 386 384 
f 383 385 393 
f 385 382 392 
f 393 392 389 
f 392 393 385 
f 382 390 392 
f 390 388 391 
f 392 391 389 
f 391 392 390 
f 389 391 399 
f 391 388 398 
f 399 398 395 
f 398 399 391 
f 388 396 398 
f 396 394 397 
f 398 397 395 
f 397 398 396 
f 394 404 397 
f 404 401 405 
f 397 405 395 
f 405 397 404 
f 401 404 403 
f 404 394 402 
f 403 402 400 
f 402 403 404 
f 401 403 411 
f 403 400 410 
f 411 410 407 
f 410 411 403 
f 407 410 409 
f 410 400 408 
f 409 408 406 
f 408 409 410 
f 413 417 416 
f 417 407 409 
f 416 409 406 
f 409 416 417 
f 413 416 415 
f 416 406 414 
f 415 414 412 
f 414 415 416 
f 419 423 422 
f 423 413 415 
f 422 415 412 
f 415 422 423 
f 418 421 420 
f 421 419 422 
f 420 422 412 
f 422 420 421 
f 419 421 429 
f 421 418 428 
f 429 428 425 
f 428 429 421 
f 418 426 428 
f 426 424 427 
f 428 427 425 
f 427 428 426 
f 425 427 435 
f 427 424 434 
f 435 434 431 
f 434 435 427 
f 424 432 434 
f 432 430 433 
f 434 433 431 
f 433 434 432 
f 431 433 441 
f 433 430 440 
f 441 440 437 
f 440 441 433 
f 430 438 440 
f 438 436 439 
f 440 439 437 
f 439 440 438 
f 437 439 447 
f 439 436 446 
f 447 446 443 
f 446 447 439 
f 436 444 446 
f 444 442 445 
f 446 445 443 
f 445 446 444 
f 449 453 452 
f 453 443 445 
f 452 445 442 
f 445 452 453 
f 442 450 452 
f 450 448 451 
f 452 451 449 
f 451 452 450 
f 448 458 451 
f 458 455 459 
f 451 459 449 
f 459 451 458 
f 448 456 458 
f 456 454 457 
f 458 457 455 
f 457 458 456 
f 454 464 457 
f 464 461 465 
f 457 465 455 
f 465 457 464 
f 461 464 463 
f 464 454 462 
f 463 462 460 
f 462 463 464 
f 461 463 471 
f 463 460 470 
f 471 470 467 
f 470 471 463 
f 466 469 468 
f 469 467 470 
f 468 470 460 
f 470 468 469 
f 467 469 477 
f 469 466 476 
f 477 476 473 
f 476 477 469 
f 466 474 476 
f 474 472 475 
f 476 475 473 
f 475 476 474 
f 479 483 482 
f 483 473 475 
f 482 475 472 
f 475 482 483 
f 472 480 482 
f 480 478 481 
f 482 481 479 
f 481 482 480 
f 478 488 481 
f 488 485 489 
f 481 489 479 
f 489 481 488 
f 485 488 487 
f 488 478 486 
f 487 486 484 
f 486 487 488 
f 485 487 495 
f 487 484 494 
f 495 494 491 
f 494 495 487 
f 491 494 493 
f 494 484 492 
f 493 492 490 
f 492 493 494 
f 490 500 493 
f 500 497 501 
f 493 501 491 
f 501 493 500 
f 490 498 500 
f 498 496 499 
f 500 499 497 
f 499 500 498 
f 496 506 499 
f 506 503 507 
f 499 507 497 
f 507 499 506 
f 502 505 504 
f 505 503 506 
f 504 506 496 
f 506 504 505 
f 503 505 513 
f 505 502 512 
f 513 512 509 
f 512 513 505 
f 508 511 510 
f 511 509 512 
f 510 512 502 
f 512 510 511 
f 509 511 519 
f 511 508 518 
f 519 518 515 
f 518 519 511 
f 508 516 518 
f 516 514 517 
f 518 517 515 
f 517 518 516 
f 514 524 517 
f 524 521 525 
f 517 525 515 
f 525 517 524 
f 521 524 523 
f 524 514 522 
f 523 522 520 
f 522 523 524 
f 527 531 530 
f 531 521 523 
f 530 523 520 
f 523 530 531 
f 527 530 529 
f 530 520 528 
f 529 528 526 
f 528 529 530 
f 527 529 537 
f 529 526 536 
f 537 536 533 
f 536 537 529 
f 526 534 536 
f 534 532 535 
f 536 535 533 
f 535 536 534 
f 533 535 543 
f 535 532 542 
f 543 542 539 
f 542 543 535 
f 532 540 542 
f 540 538 541 
f 542 541 539 
f 541 542 540 
f 545 549 548 
f 549 539 541 
f 548 541 538 
f 541 548 549 
f 538 546 548 
f 546 544 547 
f 548 547 545 
f 547 548 546 
f 544 553 547 
f 553 550 554 
f 547 554 545 
f 554 547 553 
f 28 552 551 
f 552 550 553 
f 551 553 544 
f 553 551 552 
f 22 555 30 
f 555 550 552 
f 30 552 28 
f 552 30 555 
f 559 562 561 
f 562 556 557 
f 561 557 75 
f 557 561 562 
f 65 560 82 
f 560 559 561 
f 82 561 75 
f 561 82 560 
f 75 557 92 
f 557 556 558 
f 92 558 85 
f 558 92 557 
f 568 569 572 
f 569 79 93 
f 572 93 89 
f 93 572 569 
f 79 567 83 
f 567 564 571 
f 83 571 69 
f 571 83 567 
f 564 567 566 
f 567 79 565 
f 566 565 563 
f 565 566 567 
f 79 569 565 
f 569 568 570 
f 565 570 563 
f 570 565 569 
f 473 577 477 
f 577 576 578 
f 477 578 467 
f 578 477 577 
f 573 574 579 
f 574 467 578 
f 579 578 576 
f 578 579 574 
f 573 575 574 
f 575 461 471 
f 574 471 467 
f 471 574 575 
f 580 585 582 
f 585 275 285 
f 582 285 281 
f 285 582 585 
f 281 583 582 
f 583 581 584 
f 582 584 580 
f 584 582 583 
f 281 291 583 
f 291 287 586 
f 583 586 581 
f 586 583 291 
f 251 261 593 
f 261 257 592 
f 593 592 590 
f 592 593 261 
f 587 591 588 
f 591 590 592 
f 588 592 257 
f 592 588 591 
f 257 267 588 
f 267 263 589 
f 588 589 587 
f 589 588 267 
f 597 600 599 
f 600 594 595 
f 599 595 491 
f 595 599 600 
f 485 495 596 
f 495 491 595 
f 596 595 594 
f 595 596 495 
f 597 599 598 
f 599 491 501 
f 598 501 497 
f 501 598 599 
f 602 605 604 
f 605 407 603 
f 604 603 601 
f 603 604 605 
f 601 603 606 
f 603 407 417 
f 606 417 413 
f 417 606 603 
f 602 607 605 
f 607 401 411 
f 605 411 407 
f 411 605 607 
f 341 612 345 
f 612 609 616 
f 345 616 335 
f 616 345 612 
f 608 611 610 
f 611 609 612 
f 610 612 341 
f 612 610 611 
f 613 615 614 
f 615 608 610 
f 614 610 341 
f 610 614 615 
f 347 617 351 
f 617 613 614 
f 351 614 341 
f 614 351 617 
f 377 387 623 
f 387 383 620 
f 623 620 618 
f 620 623 387 
f 624 626 625 
f 626 619 621 
f 625 621 383 
f 621 625 626 
f 619 622 621 
f 622 618 620 
f 621 620 383 
f 620 621 622 
f 383 393 625 
f 393 389 627 
f 625 627 624 
f 627 625 393 
f 443 453 630 
f 453 449 629 
f 630 629 628 
f 629 630 453 
f 437 447 634 
f 447 443 633 
f 634 633 631 
f 633 634 447 
f 631 633 632 
f 633 443 630 
f 632 630 628 
f 630 632 633 
f 635 637 636 
f 637 305 315 
f 636 315 311 
f 315 636 637 
f 638 639 641 
f 639 305 637 
f 641 637 635 
f 637 641 639 
f 638 640 639 
f 640 299 309 
f 639 309 305 
f 309 639 640 
f 167 173 644 
f 173 171 643 
f 644 643 642 
f 643 644 173 
f 167 644 183 
f 644 642 645 
f 183 645 182 
f 645 183 644 
f 646 647 652 
f 647 174 650 
f 652 650 649 
f 650 652 647 
f 174 177 650 
f 177 155 651 
f 650 651 649 
f 651 650 177 
f 646 648 647 
f 648 171 176 
f 647 176 174 
f 176 647 648 
f 660 663 662 
f 663 185 661 
f 662 661 659 
f 661 662 663 
f 659 661 664 
f 661 185 655 
f 664 655 653 
f 655 664 661 
f 178 188 658 
f 188 185 657 
f 658 657 656 
f 657 658 188 
f 185 663 657 
f 663 660 665 
f 657 665 656 
f 665 657 663 
f 182 654 187 
f 654 653 655 
f 187 655 185 
f 655 187 654 
f 150 669 152 
f 669 666 667 
f 152 667 146 
f 667 152 669 
f 146 667 160 
f 667 666 668 
f 160 668 159 
f 668 160 667 
f 673 675 678 
f 675 162 672 
f 678 672 670 
f 672 678 675 
f 670 672 671 
f 672 162 164 
f 671 164 159 
f 164 671 672 
f 162 675 677 
f 675 673 676 
f 677 676 674 
f 676 677 675 
f 155 165 679 
f 165 162 677 
f 679 677 674 
f 677 679 165 
f 646 683 648 
f 683 680 681 
f 648 681 171 
f 681 648 683 
f 642 643 682 
f 643 171 681 
f 682 681 680 
f 681 682 643 
f 666 685 668 
f 685 684 686 
f 668 686 159 
f 686 668 685 
f 684 687 686 
f 687 670 671 
f 686 671 159 
f 671 686 687 
f 515 692 519 
f 692 691 693 
f 519 693 509 
f 693 519 692 
f 691 692 694 
f 692 515 690 
f 694 690 688 
f 690 694 692 
f 515 525 690 
f 525 521 689 
f 690 689 688 
f 689 690 525 
f 239 701 243 
f 701 698 699 
f 243 699 233 
f 699 243 701 
f 695 696 700 
f 696 233 699 
f 700 699 698 
f 699 700 696 
f 233 696 237 
f 696 695 697 
f 237 697 227 
f 697 237 696 
f 329 708 333 
f 708 705 706 
f 333 706 323 
f 706 333 708 
f 705 707 706 
f 707 702 703 
f 706 703 323 
f 703 706 707 
f 317 327 704 
f 327 323 703 
f 704 703 702 
f 703 704 327 
f 712 713 715 
f 713 365 711 
f 715 711 709 
f 711 715 713 
f 365 713 369 
f 713 712 714 
f 369 714 359 
f 714 369 713 
f 365 375 711 
f 375 371 710 
f 711 710 709 
f 710 711 375 
f 425 719 718 
f 719 717 720 
f 718 720 716 
f 720 718 719 
f 716 721 718 
f 721 419 429 
f 718 429 425 
f 429 718 721 
f 425 723 719 
f 723 722 724 
f 719 724 717 
f 724 719 723 
f 722 723 725 
f 723 425 435 
f 725 435 431 
f 435 725 723 
f 653 654 726 
f 654 182 645 
f 726 645 642 
f 645 726 654 
f 642 729 731 
f 729 727 730 
f 731 730 728 
f 730 731 729 
f 642 731 735 
f 731 728 734 
f 735 734 733 
f 734 735 731 
f 642 682 729 
f 682 680 732 
f 729 732 727 
f 732 729 682 
f 653 726 736 
f 726 642 735 
f 736 735 733 
f 735 736 726 
f 738 743 741 
f 743 55 62 
f 741 62 45 
f 62 741 743 
f 738 741 740 
f 741 45 739 
f 740 739 737 
f 739 740 741 
f 45 52 739 
f 52 36 742 
f 739 742 737 
f 742 739 52 
f 49 63 751 
f 63 59 752 
f 751 752 750 
f 752 751 63 
f 747 748 753 
f 748 49 751 
f 753 751 750 
f 751 753 748 
f 744 745 749 
f 745 49 748 
f 749 748 747 
f 748 749 745 
f 744 746 745 
f 746 32 53 
f 745 53 49 
f 53 745 746 
f 95 755 112 
f 755 754 756 
f 112 756 105 
f 756 112 755 
f 95 759 755 
f 759 757 760 
f 755 760 754 
f 760 755 759 
f 95 102 759 
f 102 85 758 
f 759 758 757 
f 758 759 102 
f 99 768 103 
f 768 767 769 
f 103 769 89 
f 769 103 768 
f 109 766 113 
f 766 761 763 
f 113 763 99 
f 763 113 766 
f 99 765 768 
f 765 762 770 
f 768 770 767 
f 770 768 765 
f 99 763 765 
f 763 761 764 
f 765 764 762 
f 764 765 763 
f 215 772 776 
f 772 771 775 
f 776 775 774 
f 775 776 772 
f 215 776 219 
f 776 774 777 
f 219 777 209 
f 777 219 776 
f 771 772 773 
f 772 215 225 
f 773 225 221 
f 225 773 772 
f 533 543 780 
f 543 539 779 
f 780 779 778 
f 779 780 543 
f 533 780 537 
f 780 778 781 
f 537 781 527 
f 781 537 780 
f 785 787 786 
f 787 455 783 
f 786 783 782 
f 783 786 787 
f 455 465 783 
f 465 461 784 
f 783 784 782 
f 784 783 465 
f 785 788 787 
f 788 449 459 
f 787 459 455 
f 459 787 788 
f 789 791 790 
f 791 353 363 
f 790 363 359 
f 363 790 791 
f 353 794 357 
f 794 792 795 
f 357 795 347 
f 795 357 794 
f 792 794 793 
f 794 353 791 
f 793 791 789 
f 791 793 794 
f 797 800 799 
f 800 395 798 
f 799 798 796 
f 798 799 800 
f 395 800 803 
f 800 797 802 
f 803 802 624 
f 802 803 800 
f 395 405 798 
f 405 401 801 
f 798 801 796 
f 801 798 405 
f 395 803 399 
f 803 624 627 
f 399 627 389 
f 627 399 803 
f 807 808 810 
f 808 293 303 
f 810 303 299 
f 303 810 808 
f 804 805 809 
f 805 293 808 
f 809 808 807 
f 808 809 805 
f 287 297 806 
f 297 293 805 
f 806 805 804 
f 805 806 297 
f 263 273 589 
f 273 269 814 
f 589 814 587 
f 814 589 273 
f 269 812 814 
f 812 811 813 
f 814 813 587 
f 813 814 812 
f 811 812 817 
f 812 269 816 
f 817 816 815 
f 816 817 812 
f 815 816 818 
f 816 269 279 
f 818 279 275 
f 279 818 816 
f 822 823 825 
f 823 479 821 
f 825 821 819 
f 821 825 823 
f 485 820 489 
f 820 819 821 
f 489 821 479 
f 821 489 820 
f 822 824 823 
f 824 473 483 
f 823 483 479 
f 483 823 824 
f 503 513 831 
f 513 509 830 
f 831 830 829 
f 830 831 513 
f 829 832 831 
f 832 826 827 
f 831 827 503 
f 827 831 832 
f 503 827 507 
f 827 826 828 
f 507 828 497 
f 828 507 827 
f 838 839 842 
f 839 245 255 
f 842 255 251 
f 255 842 839 
f 239 249 841 
f 249 245 837 
f 841 837 834 
f 837 841 249 
f 245 839 835 
f 839 838 840 
f 835 840 833 
f 840 835 839 
f 245 835 837 
f 835 833 836 
f 837 836 834 
f 836 837 835 
f 150 845 848 
f 845 843 847 
f 848 847 846 
f 847 848 845 
f 666 669 849 
f 669 150 848 
f 849 848 846 
f 848 849 669 
f 150 153 845 
f 153 3 844 
f 845 844 843 
f 844 845 153 
f 115 132 852 
f 132 129 851 
f 852 851 850 
f 851 852 132 
f 115 855 122 
f 855 853 856 
f 122 856 109 
f 856 122 855 
f 115 852 855 
f 852 850 854 
f 855 854 853 
f 854 855 852 
f 119 123 861 
f 123 105 863 
f 861 863 860 
f 863 861 123 
f 857 859 858 
f 859 125 133 
f 858 133 119 
f 133 858 859 
f 119 861 858 
f 861 860 862 
f 858 862 857 
f 862 858 861 
f 209 865 213 
f 865 864 866 
f 213 866 203 
f 866 213 865 
f 203 866 868 
f 866 864 870 
f 868 870 867 
f 870 868 866 
f 203 868 207 
f 868 867 869 
f 207 869 197 
f 869 207 868 
f 871 872 877 
f 872 545 876 
f 877 876 874 
f 876 877 872 
f 545 872 549 
f 872 871 873 
f 549 873 539 
f 873 549 872 
f 550 875 554 
f 875 874 876 
f 554 876 545 
f 876 554 875 
f 3 39 844 
f 39 32 878 
f 844 878 843 
f 878 844 39 
f 846 847 881 
f 847 843 880 
f 881 880 879 
f 880 881 847 
f 879 880 883 
f 880 843 882 
f 883 882 744 
f 882 883 880 
f 843 878 882 
f 878 32 746 
f 882 746 744 
f 746 882 878 
f 884 887 886 
f 887 874 888 
f 886 888 134 
f 888 886 887 
f 550 555 889 
f 555 22 143 
f 889 143 134 
f 143 889 555 
f 550 889 875 
f 889 134 888 
f 875 888 874 
f 888 875 889 
f 884 886 885 
f 886 134 141 
f 885 141 125 
f 141 885 886 
f 197 869 893 
f 869 867 894 
f 893 894 138 
f 894 893 869 
f 197 893 201 
f 893 138 144 
f 201 144 18 
f 144 201 893 
f 890 891 895 
f 891 138 894 
f 895 894 867 
f 894 895 891 
f 890 892 891 
f 892 129 142 
f 891 142 138 
f 142 891 892 
f 857 896 859 
f 896 884 885 
f 859 885 125 
f 885 859 896 
f 897 899 898 
f 899 857 862 
f 898 862 860 
f 862 898 899 
f 900 902 901 
f 902 857 899 
f 901 899 897 
f 899 901 902 
f 857 902 896 
f 902 900 903 
f 896 903 884 
f 903 896 902 
f 105 756 863 
f 756 754 907 
f 863 907 860 
f 907 863 756 
f 904 905 908 
f 905 860 907 
f 908 907 754 
f 907 908 905 
f 904 906 905 
f 906 897 898 
f 905 898 860 
f 898 905 906 
f 912 915 914 
f 915 900 901 
f 914 901 897 
f 901 914 915 
f 909 911 910 
f 911 897 906 
f 910 906 904 
f 906 910 911 
f 912 914 913 
f 914 897 911 
f 913 911 909 
f 911 913 914 
f 904 920 917 
f 920 919 921 
f 917 921 916 
f 921 917 920 
f 904 917 910 
f 917 916 918 
f 910 918 909 
f 918 910 917 
f 754 922 908 
f 922 919 920 
f 908 920 904 
f 920 908 922 
f 926 929 928 
f 929 912 913 
f 928 913 909 
f 913 928 929 
f 923 927 925 
f 927 926 928 
f 925 928 909 
f 928 925 927 
f 923 925 924 
f 925 909 918 
f 924 918 916 
f 918 924 925 
f 923 924 932 
f 924 916 931 
f 932 931 930 
f 931 932 924 
f 919 936 921 
f 936 933 934 
f 921 934 916 
f 934 921 936 
f 933 935 934 
f 935 930 931 
f 934 931 916 
f 931 934 935 
f 926 927 943 
f 927 923 942 
f 943 942 940 
f 942 943 927 
f 930 938 932 
f 938 937 939 
f 932 939 923 
f 939 932 938 
f 937 941 939 
f 941 940 942 
f 939 942 923 
f 942 939 941 
f 937 938 946 
f 938 930 945 
f 946 945 944 
f 945 946 938 
f 947 949 948 
f 949 944 945 
f 948 945 930 
f 945 948 949 
f 930 935 948 
f 935 933 950 
f 948 950 947 
f 950 948 935 
f 954 957 956 
f 957 940 941 
f 956 941 937 
f 941 956 957 
f 937 946 953 
f 946 944 952 
f 953 952 951 
f 952 953 946 
f 954 956 955 
f 956 937 953 
f 955 953 951 
f 953 955 956 
f 958 960 959 
f 960 951 952 
f 959 952 944 
f 952 959 960 
f 944 949 962 
f 949 947 964 
f 962 964 961 
f 964 962 949 
f 944 962 959 
f 962 961 963 
f 959 963 958 
f 963 959 962 
f 951 960 967 
f 960 958 966 
f 967 966 965 
f 966 967 960 
f 968 970 969 
f 970 951 967 
f 969 967 965 
f 967 969 970 
f 951 970 955 
f 970 968 971 
f 955 971 954 
f 971 955 970 
f 958 976 973 
f 976 975 977 
f 973 977 972 
f 977 973 976 
f 958 963 976 
f 963 961 978 
f 976 978 975 
f 978 976 963 
f 965 966 974 
f 966 958 973 
f 974 973 972 
f 973 974 966 
f 972 980 974 
f 980 979 981 
f 974 981 965 
f 981 974 980 
f 968 969 985 
f 969 965 984 
f 985 984 982 
f 984 985 969 
f 979 983 981 
f 983 982 984 
f 981 984 965 
f 984 981 983 
f 979 980 988 
f 980 972 987 
f 988 987 986 
f 987 988 980 
f 989 990 992 
f 990 972 977 
f 992 977 975 
f 977 992 990 
f 989 991 990 
f 991 986 987 
f 990 987 972 
f 987 990 991 
f 982 983 999 
f 983 979 998 
f 999 998 996 
f 998 999 983 
f 979 988 995 
f 988 986 994 
f 995 994 993 
f 994 995 988 
f 979 995 998 
f 995 993 997 
f 998 997 996 
f 997 998 995 
f 993 994 1006 
f 994 986 1005 
f 1006 1005 1003 
f 1005 1006 994 
f 1000 1002 1001 
f 1002 986 991 
f 1001 991 989 
f 991 1001 1002 
f 1000 1004 1002 
f 1004 1003 1005 
f 1002 1005 986 
f 1005 1002 1004 
f 1010 1012 1011 
f 1012 1007 1008 
f 1011 1008 989 
f 1008 1011 1012 
f 989 992 1011 
f 992 975 1013 
f 1011 1013 1010 
f 1013 1011 992 
f 1000 1001 1009 
f 1001 989 1008 
f 1009 1008 1007 
f 1008 1009 1001 
f 1007 1020 1009 
f 1020 1017 1018 
f 1009 1018 1000 
f 1018 1009 1020 
f 1014 1015 1019 
f 1015 1000 1018 
f 1019 1018 1017 
f 1018 1019 1015 
f 1014 1016 1015 
f 1016 1003 1004 
f 1015 1004 1000 
f 1004 1015 1016 
f 1003 1026 1006 
f 1026 1024 1027 
f 1006 1027 993 
f 1027 1006 1026 
f 1024 1026 1025 
f 1026 1003 1023 
f 1025 1023 1021 
f 1023 1025 1026 
f 1014 1022 1016 
f 1022 1021 1023 
f 1016 1023 1003 
f 1023 1016 1022 
f 1021 1022 1030 
f 1022 1014 1029 
f 1030 1029 1028 
f 1029 1030 1022 
f 1014 1032 1029 
f 1032 1031 1033 
f 1029 1033 1028 
f 1033 1029 1032 
f 1031 1032 1034 
f 1032 1014 1019 
f 1034 1019 1017 
f 1019 1034 1032 
f 1021 1030 1037 
f 1030 1028 1036 
f 1037 1036 1035 
f 1036 1037 1030 
f 1024 1025 1040 
f 1025 1021 1039 
f 1040 1039 1038 
f 1039 1040 1025 
f 1038 1039 1041 
f 1039 1021 1037 
f 1041 1037 1035 
f 1037 1041 1039 
f 1042 1044 1043 
f 1044 1028 1033 
f 1043 1033 1031 
f 1033 1043 1044 
f 1045 1048 1047 
f 1048 1035 1036 
f 1047 1036 1028 
f 1036 1047 1048 
f 1028 1044 1047 
f 1044 1042 1046 
f 1047 1046 1045 
f 1046 1047 1044 
f 1042 1043 1051 
f 1043 1031 1050 
f 1051 1050 1049 
f 1050 1051 1043 
f 1052 1053 1055 
f 1053 1031 1034 
f 1055 1034 1017 
f 1034 1055 1053 
f 1052 1054 1053 
f 1054 1049 1050 
f 1053 1050 1031 
f 1050 1053 1054 
f 1059 1060 1062 
f 1060 1042 1051 
f 1062 1051 1049 
f 1051 1062 1060 
f 1042 1057 1046 
f 1057 1056 1058 
f 1046 1058 1045 
f 1058 1046 1057 
f 1059 1061 1060 
f 1061 1056 1057 
f 1060 1057 1042 
f 1057 1060 1061 
f 1045 1068 1048 
f 1068 1066 1069 
f 1048 1069 1035 
f 1069 1048 1068 
f 1056 1064 1058 
f 1064 1063 1065 
f 1058 1065 1045 
f 1065 1058 1064 
f 1045 1065 1068 
f 1065 1063 1067 
f 1068 1067 1066 
f 1067 1068 1065 
f 1070 1072 1071 
f 1072 1063 1064 
f 1071 1064 1056 
f 1064 1071 1072 
f 1073 1075 1074 
f 1075 1070 1071 
f 1074 1071 1056 
f 1071 1074 1075 
f 1056 1061 1074 
f 1061 1059 1076 
f 1074 1076 1073 
f 1076 1074 1061 
f 1063 1072 1079 
f 1072 1070 1078 
f 1079 1078 1077 
f 1078 1079 1072 
f 1063 1079 1081 
f 1079 1077 1083 
f 1081 1083 1080 
f 1083 1081 1079 
f 1066 1067 1082 
f 1067 1063 1081 
f 1082 1081 1080 
f 1081 1082 1067 
f 1073 1085 1075 
f 1085 1084 1086 
f 1075 1086 1070 
f 1086 1075 1085 
f 1070 1089 1078 
f 1089 1087 1090 
f 1078 1090 1077 
f 1090 1078 1089 
f 1087 1089 1088 
f 1089 1070 1086 
f 1088 1086 1084 
f 1086 1088 1089 
f 1091 1092 1096 
f 1092 1073 1095 
f 1096 1095 1094 
f 1095 1096 1092 
f 1059 1097 1076 
f 1097 1094 1095 
f 1076 1095 1073 
f 1095 1076 1097 
f 1073 1092 1085 
f 1092 1091 1093 
f 1085 1093 1084 
f 1093 1085 1092 
f 1084 1093 1102 
f 1093 1091 1104 
f 1102 1104 1101 
f 1104 1102 1093 
f 1084 1102 1099 
f 1102 1101 1103 
f 1099 1103 1098 
f 1103 1099 1102 
f 1084 1099 1088 
f 1099 1098 1100 
f 1088 1100 1087 
f 1100 1088 1099 
f 1087 1109 1090 
f 1109 1108 1110 
f 1090 1110 1077 
f 1110 1090 1109 
f 1105 1107 1106 
f 1107 1087 1100 
f 1106 1100 1098 
f 1100 1106 1107 
f 1105 1111 1107 
f 1111 1108 1109 
f 1107 1109 1087 
f 1109 1107 1111 
f 1112 1114 1113 
f 1114 1098 1103 
f 1113 1103 1101 
f 1103 1113 1114 
f 1105 1106 1118 
f 1106 1098 1117 
f 1118 1117 1115 
f 1117 1118 1106 
f 1098 1114 1117 
f 1114 1112 1116 
f 1117 1116 1115 
f 1116 1117 1114 
f 1101 1120 1113 
f 1120 1119 1121 
f 1113 1121 1112 
f 1121 1113 1120 
f 1101 1104 1123 
f 1104 1091 1125 
f 1123 1125 1122 
f 1125 1123 1104 
f 1101 1123 1120 
f 1123 1122 1124 
f 1120 1124 1119 
f 1124 1120 1123 
f 1112 1121 1130 
f 1121 1119 1132 
f 1130 1132 1129 
f 1132 1130 1121 
f 1112 1130 1127 
f 1130 1129 1131 
f 1127 1131 1126 
f 1131 1127 1130 
f 1112 1127 1116 
f 1127 1126 1128 
f 1116 1128 1115 
f 1128 1116 1127 
f 1126 1134 1128 
f 1134 1133 1135 
f 1128 1135 1115 
f 1135 1128 1134 
f 1133 1137 1135 
f 1137 1136 1138 
f 1135 1138 1115 
f 1138 1135 1137 
f 1136 1139 1138 
f 1139 1105 1118 
f 1138 1118 1115 
f 1118 1138 1139 
f 1129 1141 1131 
f 1141 1140 1142 
f 1131 1142 1126 
f 1142 1131 1141 
f 1140 1144 1142 
f 1144 1143 1145 
f 1142 1145 1126 
f 1145 1142 1144 
f 1143 1146 1145 
f 1146 1133 1134 
f 1145 1134 1126 
f 1134 1145 1146 
f 1119 1153 1132 
f 1153 1150 1151 
f 1132 1151 1129 
f 1151 1132 1153 
f 1147 1149 1148 
f 1149 1140 1141 
f 1148 1141 1129 
f 1141 1148 1149 
f 1150 1152 1151 
f 1152 1147 1148 
f 1151 1148 1129 
f 1148 1151 1152 
f 1154 1156 1155 
f 1156 1143 1144 
f 1155 1144 1140 
f 1144 1155 1156 
f 1154 1155 1159 
f 1155 1140 1158 
f 1159 1158 1157 
f 1158 1159 1155 
f 1140 1149 1158 
f 1149 1147 1160 
f 1158 1160 1157 
f 1160 1158 1149 
f 1154 1162 1156 
f 1162 1161 1163 
f 1156 1163 1143 
f 1163 1156 1162 
f 1164 1167 1166 
f 1167 1133 1146 
f 1166 1146 1143 
f 1146 1166 1167 
f 1161 1165 1163 
f 1165 1164 1166 
f 1163 1166 1143 
f 1166 1163 1165 
f 1154 1159 1170 
f 1159 1157 1169 
f 1170 1169 1168 
f 1169 1170 1159 
f 1161 1162 1174 
f 1162 1154 1173 
f 1174 1173 1171 
f 1173 1174 1162 
f 1154 1170 1173 
f 1170 1168 1172 
f 1173 1172 1171 
f 1172 1173 1170 
f 1175 1177 1176 
f 1177 1168 1169 
f 1176 1169 1157 
f 1169 1176 1177 
f 1178 1180 1179 
f 1180 1175 1176 
f 1179 1176 1157 
f 1176 1179 1180 
f 1157 1160 1179 
f 1160 1147 1181 
f 1179 1181 1178 
f 1181 1179 1160 
f 1168 1184 1187 
f 1184 1182 1186 
f 1187 1186 1185 
f 1186 1187 1184 
f 1185 1188 1187 
f 1188 1171 1172 
f 1187 1172 1168 
f 1172 1187 1188 
f 1182 1184 1183 
f 1184 1168 1177 
f 1183 1177 1175 
f 1177 1183 1184 
f 1178 1195 1180 
f 1195 1192 1193 
f 1180 1193 1175 
f 1193 1180 1195 
f 1175 1193 1190 
f 1193 1192 1194 
f 1190 1194 1189 
f 1194 1190 1193 
f 1189 1191 1190 
f 1191 1182 1183 
f 1190 1183 1175 
f 1183 1190 1191 
f 1199 1201 1200 
f 1201 1182 1198 
f 1200 1198 1196 
f 1198 1200 1201 
f 1199 1202 1201 
f 1202 1185 1186 
f 1201 1186 1182 
f 1186 1201 1202 
f 1196 1198 1197 
f 1198 1182 1191 
f 1197 1191 1189 
f 1191 1197 1198 
f 1192 1209 1194 
f 1209 1206 1207 
f 1194 1207 1189 
f 1207 1194 1209 
f 1203 1205 1204 
f 1205 1196 1197 
f 1204 1197 1189 
f 1197 1204 1205 
f 1203 1204 1208 
f 1204 1189 1207 
f 1208 1207 1206 
f 1207 1208 1204 
f 1203 1211 1205 
f 1211 1210 1212 
f 1205 1212 1196 
f 1212 1205 1211 
f 1210 1214 1212 
f 1214 1213 1215 
f 1212 1215 1196 
f 1215 1212 1214 
f 1213 1216 1215 
f 1216 1199 1200 
f 1215 1200 1196 
f 1200 1215 1216 
f 1206 1223 1208 
f 1223 1220 1221 
f 1208 1221 1203 
f 1221 1208 1223 
f 1217 1218 1222 
f 1218 1203 1221 
f 1222 1221 1220 
f 1221 1222 1218 
f 1203 1218 1211 
f 1218 1217 1219 
f 1211 1219 1210 
f 1219 1211 1218 
f 1210 1219 1226 
f 1219 1217 1225 
f 1226 1225 1224 
f 1225 1226 1219 
f 1227 1229 1228 
f 1229 1210 1226 
f 1228 1226 1224 
f 1226 1228 1229 
f 1227 1230 1229 
f 1230 1213 1214 
f 1229 1214 1210 
f 1214 1229 1230 
f 1234 1236 1235 
f 1236 1231 1232 
f 1235 1232 1217 
f 1232 1235 1236 
f 1224 1225 1233 
f 1225 1217 1232 
f 1233 1232 1231 
f 1232 1233 1225 
f 1217 1222 1235 
f 1222 1220 1237 
f 1235 1237 1234 
f 1237 1235 1222 
f 1241 1244 1243 
f 1244 1227 1228 
f 1243 1228 1224 
f 1228 1243 1244 
f 1224 1240 1243 
f 1240 1238 1242 
f 1243 1242 1241 
f 1242 1243 1240 
f 1238 1240 1239 
f 1240 1224 1233 
f 1239 1233 1231 
f 1233 1239 1240 
f 1245 1249 1247 
f 1249 1248 1250 
f 1247 1250 1231 
f 1250 1247 1249 
f 1238 1239 1251 
f 1239 1231 1250 
f 1251 1250 1248 
f 1250 1251 1239 
f 1234 1246 1236 
f 1246 1245 1247 
f 1236 1247 1231 
f 1247 1236 1246 
f 1220 1258 1237 
f 1258 1255 1256 
f 1237 1256 1234 
f 1256 1237 1258 
f 1234 1256 1253 
f 1256 1255 1257 
f 1253 1257 1252 
f 1257 1253 1256 
f 1234 1253 1246 
f 1253 1252 1254 
f 1246 1254 1245 
f 1254 1246 1253 
f 1245 1254 1263 
f 1254 1252 1265 
f 1263 1265 1262 
f 1265 1263 1254 
f 1245 1260 1249 
f 1260 1259 1261 
f 1249 1261 1248 
f 1261 1249 1260 
f 1245 1263 1260 
f 1263 1262 1264 
f 1260 1264 1259 
f 1264 1260 1263 
f 1238 1251 1272 
f 1251 1248 1271 
f 1272 1271 1269 
f 1271 1272 1251 
f 1248 1268 1271 
f 1268 1266 1270 
f 1271 1270 1269 
f 1270 1271 1268 
f 1266 1268 1267 
f 1268 1248 1261 
f 1267 1261 1259 
f 1261 1267 1268 
f 1276 1279 1278 
f 1279 1266 1267 
f 1278 1267 1259 
f 1267 1278 1279 
f 1262 1274 1264 
f 1274 1273 1275 
f 1264 1275 1259 
f 1275 1264 1274 
f 1259 1275 1278 
f 1275 1273 1277 
f 1278 1277 1276 
f 1277 1278 1275 
f 1273 1274 1282 
f 1274 1262 1281 
f 1282 1281 1280 
f 1281 1282 1274 
f 1280 1281 1285 
f 1281 1262 1284 
f 1285 1284 1283 
f 1284 1285 1281 
f 1283 1284 1286 
f 1284 1262 1265 
f 1286 1265 1252 
f 1265 1286 1284 
f 1290 1291 1293 
f 1291 1273 1282 
f 1293 1282 1280 
f 1282 1293 1291 
f 1290 1292 1291 
f 1292 1287 1288 
f 1291 1288 1273 
f 1288 1291 1292 
f 1273 1288 1277 
f 1288 1287 1289 
f 1277 1289 1276 
f 1289 1277 1288 
f 1294 1296 1295 
f 1296 1276 1289 
f 1295 1289 1287 
f 1289 1295 1296 
f 1266 1279 1300 
f 1279 1276 1299 
f 1300 1299 1297 
f 1299 1300 1279 
f 1276 1296 1299 
f 1296 1294 1298 
f 1299 1298 1297 
f 1298 1299 1296 
f 1301 1303 1302 
f 1303 1287 1292 
f 1302 1292 1290 
f 1292 1302 1303 
f 1287 1303 1306 
f 1303 1301 1305 
f 1306 1305 1304 
f 1305 1306 1303 
f 1304 1307 1306 
f 1307 1294 1295 
f 1306 1295 1287 
f 1295 1306 1307 
f 1311 1313 1312 
f 1313 1308 1309 
f 1312 1309 1290 
f 1309 1312 1313 
f 1280 1314 1293 
f 1314 1311 1312 
f 1293 1312 1290 
f 1312 1293 1314 
f 1308 1310 1309 
f 1310 1301 1302 
f 1309 1302 1290 
f 1302 1309 1310 
f 1304 1305 1321 
f 1305 1301 1320 
f 1321 1320 1318 
f 1320 1321 1305 
f 1315 1319 1317 
f 1319 1318 1320 
f 1317 1320 1301 
f 1320 1317 1319 
f 1301 1310 1317 
f 1310 1308 1316 
f 1317 1316 1315 
f 1316 1317 1310 
f 1325 1328 1327 
f 1328 1322 1323 
f 1327 1323 1308 
f 1323 1327 1328 
f 1308 1323 1316 
f 1323 1322 1324 
f 1316 1324 1315 
f 1324 1316 1323 
f 1325 1327 1326 
f 1327 1308 1313 
f 1326 1313 1311 
f 1313 1326 1327 
f 1318 1319 1331 
f 1319 1315 1330 
f 1331 1330 1329 
f 1330 1331 1319 
f 1322 1335 1324 
f 1335 1332 1333 
f 1324 1333 1315 
f 1333 1324 1335 
f 1315 1333 1330 
f 1333 1332 1334 
f 1330 1334 1329 
f 1334 1330 1333 
f 1336 1338 1337 
f 1338 1318 1331 
f 1337 1331 1329 
f 1331 1337 1338 
f 1339 1340 1342 
f 1340 1318 1338 
f 1342 1338 1336 
f 1338 1342 1340 
f 1339 1341 1340 
f 1341 1304 1321 
f 1340 1321 1318 
f 1321 1340 1341 
f 1329 1345 1348 
f 1345 1343 1347 
f 1348 1347 1346 
f 1347 1348 1345 
f 1336 1337 1349 
f 1337 1329 1348 
f 1349 1348 1346 
f 1348 1349 1337 
f 1332 1344 1334 
f 1344 1343 1345 
f 1334 1345 1329 
f 1345 1334 1344 
f 1350 1351 1355 
f 1351 1332 1354 
f 1355 1354 1353 
f 1354 1355 1351 
f 1353 1354 1356 
f 1354 1332 1335 
f 1356 1335 1322 
f 1335 1356 1354 
f 1350 1352 1351 
f 1352 1343 1344 
f 1351 1344 1332 
f 1344 1351 1352 
f 1360 1363 1362 
f 1363 1346 1347 
f 1362 1347 1343 
f 1347 1362 1363 
f 1357 1361 1359 
f 1361 1360 1362 
f 1359 1362 1343 
f 1362 1359 1361 
f 1343 1352 1359 
f 1352 1350 1358 
f 1359 1358 1357 
f 1358 1359 1352 
f 1367 1368 1370 
f 1368 1350 1355 
f 1370 1355 1353 
f 1355 1370 1368 
f 1364 1366 1365 
f 1366 1357 1358 
f 1365 1358 1350 
f 1358 1365 1366 
f 1367 1369 1368 
f 1369 1364 1365 
f 1368 1365 1350 
f 1365 1368 1369 
f 1357 1378 1361 
f 1378 1377 1380 
f 1361 1380 1360 
f 1380 1361 1378 
f 1371 1373 1372 
f 1373 1357 1366 
f 1372 1366 1364 
f 1366 1372 1373 
f 1357 1376 1378 
f 1376 1374 1379 
f 1378 1379 1377 
f 1379 1378 1376 
f 1371 1375 1373 
f 1375 1374 1376 
f 1373 1376 1357 
f 1376 1373 1375 
f 846 881 1383 
f 881 879 1382 
f 1383 1382 1381 
f 1382 1383 881 
f 1384 1386 1385 
f 1386 846 1383 
f 1385 1383 1381 
f 1383 1385 1386 
f 666 849 1387 
f 849 846 1386 
f 1387 1386 1384 
f 1386 1387 849 
f 1388 1390 1389 
f 1390 1371 1372 
f 1389 1372 1364 
f 1372 1389 1390 
f 1391 1393 1392 
f 1393 1388 1389 
f 1392 1389 1364 
f 1389 1392 1393 
f 1367 1394 1369 
f 1394 1391 1392 
f 1369 1392 1364 
f 1392 1369 1394 
f 1371 1390 1397 
f 1390 1388 1396 
f 1397 1396 1395 
f 1396 1397 1390 
f 1371 1400 1375 
f 1400 1398 1401 
f 1375 1401 1374 
f 1401 1375 1400 
f 1398 1400 1399 
f 1400 1371 1397 
f 1399 1397 1395 
f 1397 1399 1400 
f 1402 1403 1407 
f 1403 1388 1406 
f 1407 1406 1405 
f 1406 1407 1403 
f 1402 1404 1403 
f 1404 1395 1396 
f 1403 1396 1388 
f 1396 1403 1404 
f 1405 1406 1408 
f 1406 1388 1393 
f 1408 1393 1391 
f 1393 1408 1406 
f 1395 1404 1411 
f 1404 1402 1410 
f 1411 1410 1409 
f 1410 1411 1404 
f 1409 1413 1411 
f 1413 1412 1414 
f 1411 1414 1395 
f 1414 1411 1413 
f 1398 1399 1415 
f 1399 1395 1414 
f 1415 1414 1412 
f 1414 1415 1399 
f 1419 1420 1422 
f 1420 1402 1407 
f 1422 1407 1405 
f 1407 1422 1420 
f 1416 1417 1421 
f 1417 1402 1420 
f 1421 1420 1419 
f 1420 1421 1417 
f 1402 1417 1410 
f 1417 1416 1418 
f 1410 1418 1409 
f 1418 1410 1417 
f 1426 1428 1427 
f 1428 1409 1425 
f 1427 1425 1423 
f 1425 1427 1428 
f 1409 1428 1413 
f 1428 1426 1429 
f 1413 1429 1412 
f 1429 1413 1428 
f 1416 1424 1418 
f 1424 1423 1425 
f 1418 1425 1409 
f 1425 1418 1424 
f 1416 1431 1424 
f 1431 1430 1432 
f 1424 1432 1423 
f 1432 1424 1431 
f 1416 1434 1431 
f 1434 1433 1435 
f 1431 1435 1430 
f 1435 1431 1434 
f 1433 1434 1436 
f 1434 1416 1421 
f 1436 1421 1419 
f 1421 1436 1434 
f 1426 1427 1443 
f 1427 1423 1442 
f 1443 1442 1440 
f 1442 1443 1427 
f 1423 1432 1439 
f 1432 1430 1438 
f 1439 1438 1437 
f 1438 1439 1432 
f 1440 1442 1441 
f 1442 1423 1439 
f 1441 1439 1437 
f 1439 1441 1442 
f 1447 1448 1450 
f 1448 1430 1435 
f 1450 1435 1433 
f 1435 1450 1448 
f 1444 1446 1445 
f 1446 1437 1438 
f 1445 1438 1430 
f 1438 1445 1446 
f 1430 1448 1445 
f 1448 1447 1449 
f 1445 1449 1444 
f 1449 1445 1448 
f 1451 1453 1452 
f 1453 1437 1446 
f 1452 1446 1444 
f 1446 1452 1453 
f 1454 1456 1455 
f 1456 1437 1453 
f 1455 1453 1451 
f 1453 1455 1456 
f 1440 1441 1457 
f 1441 1437 1456 
f 1457 1456 1454 
f 1456 1457 1441 
f 1444 1462 1459 
f 1462 1461 1463 
f 1459 1463 1458 
f 1463 1459 1462 
f 1444 1459 1452 
f 1459 1458 1460 
f 1452 1460 1451 
f 1460 1452 1459 
f 1444 1449 1462 
f 1449 1447 1464 
f 1462 1464 1461 
f 1464 1462 1449 
f 1360 1471 1363 
f 1471 1468 1469 
f 1363 1469 1346 
f 1469 1363 1471 
f 1468 1470 1469 
f 1470 1465 1466 
f 1469 1466 1346 
f 1466 1469 1470 
f 1346 1466 1349 
f 1466 1465 1467 
f 1349 1467 1336 
f 1467 1349 1466 
f 1472 1476 1474 
f 1476 1475 1477 
f 1474 1477 1398 
f 1477 1474 1476 
f 1475 1478 1477 
f 1478 1374 1401 
f 1477 1401 1398 
f 1401 1477 1478 
f 1472 1474 1473 
f 1474 1398 1415 
f 1473 1415 1412 
f 1415 1473 1474 
f 1479 1483 1481 
f 1483 1482 1484 
f 1481 1484 1451 
f 1484 1481 1483 
f 1454 1455 1485 
f 1455 1451 1484 
f 1485 1484 1482 
f 1484 1485 1455 
f 1458 1480 1460 
f 1480 1479 1481 
f 1460 1481 1451 
f 1481 1460 1480 
f 1458 1463 1488 
f 1463 1461 1487 
f 1488 1487 1486 
f 1487 1488 1463 
f 1489 1491 1490 
f 1491 1458 1488 
f 1490 1488 1486 
f 1488 1490 1491 
f 1479 1480 1492 
f 1480 1458 1491 
f 1492 1491 1489 
f 1491 1492 1480 
f 1447 1499 1464 
f 1499 1496 1497 
f 1464 1497 1461 
f 1497 1464 1499 
f 1461 1494 1487 
f 1494 1493 1495 
f 1487 1495 1486 
f 1495 1487 1494 
f 1493 1494 1498 
f 1494 1461 1497 
f 1498 1497 1496 
f 1497 1498 1494 
f 1493 1506 1495 
f 1506 1503 1504 
f 1495 1504 1486 
f 1504 1495 1506 
f 1503 1505 1504 
f 1505 1500 1501 
f 1504 1501 1486 
f 1501 1504 1505 
f 1489 1490 1502 
f 1490 1486 1501 
f 1502 1501 1500 
f 1501 1502 1490 
f 1381 1382 1509 
f 1382 879 1508 
f 1509 1508 1507 
f 1508 1509 1382 
f 879 1512 1508 
f 1512 1510 1513 
f 1508 1513 1507 
f 1513 1508 1512 
f 879 883 1512 
f 883 744 1511 
f 1512 1511 1510 
f 1511 1512 883 
f 1500 1515 1502 
f 1515 1514 1516 
f 1502 1516 1489 
f 1516 1502 1515 
f 1479 1492 1520 
f 1492 1489 1519 
f 1520 1519 1517 
f 1519 1520 1492 
f 1514 1518 1516 
f 1518 1517 1519 
f 1516 1519 1489 
f 1519 1516 1518 
f 1521 1523 1522 
f 1523 1500 1505 
f 1522 1505 1503 
f 1505 1522 1523 
f 1514 1515 1527 
f 1515 1500 1526 
f 1527 1526 1524 
f 1526 1527 1515 
f 1524 1526 1525 
f 1526 1500 1523 
f 1525 1523 1521 
f 1523 1525 1526 
f 1531 1533 1532 
f 1533 1528 1529 
f 1532 1529 1503 
f 1529 1532 1533 
f 1528 1530 1529 
f 1530 1521 1522 
f 1529 1522 1503 
f 1522 1529 1530 
f 1531 1532 1534 
f 1532 1503 1506 
f 1534 1506 1493 
f 1506 1534 1532 
f 1535 1536 1540 
f 1536 1521 1539 
f 1540 1539 1538 
f 1539 1540 1536 
f 1524 1525 1537 
f 1525 1521 1536 
f 1537 1536 1535 
f 1536 1537 1525 
f 1521 1530 1539 
f 1530 1528 1541 
f 1539 1541 1538 
f 1541 1539 1530 
f 1454 1546 1457 
f 1546 1545 1547 
f 1457 1547 1440 
f 1547 1457 1546 
f 1542 1543 1548 
f 1543 1440 1547 
f 1548 1547 1545 
f 1547 1548 1543 
f 1426 1443 1544 
f 1443 1440 1543 
f 1544 1543 1542 
f 1543 1544 1443 
f 1353 1356 1551 
f 1356 1322 1550 
f 1551 1550 1549 
f 1550 1551 1356 
f 1367 1370 1555 
f 1370 1353 1554 
f 1555 1554 1552 
f 1554 1555 1370 
f 1353 1551 1554 
f 1551 1549 1553 
f 1554 1553 1552 
f 1553 1554 1551 
f 1559 1561 1560 
f 1561 1171 1188 
f 1560 1188 1185 
f 1188 1560 1561 
f 1185 1558 1560 
f 1558 1556 1562 
f 1560 1562 1559 
f 1562 1560 1558 
f 1185 1202 1558 
f 1202 1199 1557 
f 1558 1557 1556 
f 1557 1558 1202 
f 1419 1565 1436 
f 1565 1563 1568 
f 1436 1568 1433 
f 1568 1436 1565 
f 1419 1566 1565 
f 1566 1564 1567 
f 1565 1567 1563 
f 1567 1565 1566 
f 1405 1569 1422 
f 1569 1564 1566 
f 1422 1566 1419 
f 1566 1422 1569 
f 1573 1575 1574 
f 1575 1570 1571 
f 1574 1571 1213 
f 1571 1574 1575 
f 1213 1571 1216 
f 1571 1570 1572 
f 1216 1572 1199 
f 1572 1216 1571 
f 1213 1230 1574 
f 1230 1227 1576 
f 1574 1576 1573 
f 1576 1574 1230 
f 1066 1582 1069 
f 1582 1580 1583 
f 1069 1583 1035 
f 1583 1069 1582 
f 1066 1082 1579 
f 1082 1080 1578 
f 1579 1578 1577 
f 1578 1579 1082 
f 1580 1582 1581 
f 1582 1066 1579 
f 1581 1579 1577 
f 1579 1581 1582 
f 1024 1586 1589 
f 1586 1584 1588 
f 1589 1588 1587 
f 1588 1589 1586 
f 1024 1040 1586 
f 1040 1038 1585 
f 1586 1585 1584 
f 1585 1586 1040 
f 1024 1589 1027 
f 1589 1587 1590 
f 1027 1590 993 
f 1590 1027 1589 
f 1080 1595 1592 
f 1595 1594 1596 
f 1592 1596 1591 
f 1596 1592 1595 
f 1577 1578 1593 
f 1578 1080 1592 
f 1593 1592 1591 
f 1592 1593 1578 
f 1594 1595 1597 
f 1595 1080 1083 
f 1597 1083 1077 
f 1083 1597 1595 
f 1161 1174 1602 
f 1174 1171 1604 
f 1602 1604 1601 
f 1604 1602 1174 
f 1164 1165 1600 
f 1165 1161 1599 
f 1600 1599 1598 
f 1599 1600 1165 
f 1161 1602 1599 
f 1602 1601 1603 
f 1599 1603 1598 
f 1603 1599 1602 
f 1164 1600 1607 
f 1600 1598 1606 
f 1607 1606 1605 
f 1606 1607 1600 
f 1164 1610 1167 
f 1610 1608 1611 
f 1167 1611 1133 
f 1611 1167 1610 
f 1608 1610 1609 
f 1610 1164 1607 
f 1609 1607 1605 
f 1607 1609 1610 
f 1049 1054 1614 
f 1054 1052 1613 
f 1614 1613 1612 
f 1613 1614 1054 
f 1615 1617 1616 
f 1617 1049 1614 
f 1616 1614 1612 
f 1614 1616 1617 
f 1059 1062 1618 
f 1062 1049 1617 
f 1618 1617 1615 
f 1617 1618 1062 
f 1017 1020 1625 
f 1020 1007 1624 
f 1625 1624 1622 
f 1624 1625 1020 
f 1619 1623 1621 
f 1623 1622 1624 
f 1621 1624 1007 
f 1624 1621 1623 
f 1007 1012 1621 
f 1012 1010 1620 
f 1621 1620 1619 
f 1620 1621 1012 
f 1294 1307 1630 
f 1307 1304 1632 
f 1630 1632 1629 
f 1632 1630 1307 
f 1626 1627 1631 
f 1627 1294 1630 
f 1631 1630 1629 
f 1630 1631 1627 
f 1297 1298 1628 
f 1298 1294 1627 
f 1628 1627 1626 
f 1627 1628 1298 
f 1633 1635 1634 
f 1635 1297 1628 
f 1634 1628 1626 
f 1628 1634 1635 
f 1297 1638 1300 
f 1638 1636 1639 
f 1300 1639 1266 
f 1639 1300 1638 
f 1636 1638 1637 
f 1638 1297 1635 
f 1637 1635 1633 
f 1635 1637 1638 
f 1640 1642 1641 
f 1642 1325 1326 
f 1641 1326 1311 
f 1326 1641 1642 
f 1643 1645 1644 
f 1645 1640 1641 
f 1644 1641 1311 
f 1641 1644 1645 
f 1643 1644 1646 
f 1644 1311 1314 
f 1646 1314 1280 
f 1314 1646 1644 
f 1650 1651 1653 
f 1651 1381 1509 
f 1653 1509 1507 
f 1509 1653 1651 
f 1647 1649 1648 
f 1649 1384 1385 
f 1648 1385 1381 
f 1385 1648 1649 
f 1647 1648 1652 
f 1648 1381 1651 
f 1652 1651 1650 
f 1651 1652 1648 
f 1206 1655 1223 
f 1655 1654 1656 
f 1223 1656 1220 
f 1656 1223 1655 
f 1192 1658 1209 
f 1658 1657 1659 
f 1209 1659 1206 
f 1659 1209 1658 
f 1654 1655 1660 
f 1655 1206 1659 
f 1660 1659 1657 
f 1659 1660 1655 
f 975 978 1663 
f 978 961 1662 
f 1663 1662 1661 
f 1662 1663 978 
f 961 1666 1662 
f 1666 1664 1667 
f 1662 1667 1661 
f 1667 1662 1666 
f 1664 1666 1665 
f 1666 961 964 
f 1665 964 947 
f 964 1665 1666 
f 1524 1670 1673 
f 1670 1668 1672 
f 1673 1672 1671 
f 1672 1673 1670 
f 1668 1670 1669 
f 1670 1524 1537 
f 1669 1537 1535 
f 1537 1669 1670 
f 1514 1527 1674 
f 1527 1524 1673 
f 1674 1673 1671 
f 1673 1674 1527 
f 1535 1540 1679 
f 1540 1538 1681 
f 1679 1681 1678 
f 1681 1679 1540 
f 1535 1679 1676 
f 1679 1678 1680 
f 1676 1680 1675 
f 1680 1676 1679 
f 1668 1669 1677 
f 1669 1535 1676 
f 1677 1676 1675 
f 1676 1677 1669 
f 1682 1686 1684 
f 1686 1685 1687 
f 1684 1687 1528 
f 1687 1684 1686 
f 1685 1688 1687 
f 1688 1538 1541 
f 1687 1541 1528 
f 1541 1687 1688 
f 1531 1683 1533 
f 1683 1682 1684 
f 1533 1684 1528 
f 1684 1533 1683 
f 1633 1634 1691 
f 1634 1626 1690 
f 1691 1690 1689 
f 1690 1691 1634 
f 1626 1693 1690 
f 1693 1692 1694 
f 1690 1694 1689 
f 1694 1690 1693 
f 1626 1631 1693 
f 1631 1629 1695 
f 1693 1695 1692 
f 1695 1693 1631 
f 1178 1700 1697 
f 1700 1699 1701 
f 1697 1701 1696 
f 1701 1697 1700 
f 1696 1698 1697 
f 1698 1192 1195 
f 1697 1195 1178 
f 1195 1697 1698 
f 1699 1700 1702 
f 1700 1178 1181 
f 1702 1181 1147 
f 1181 1702 1700 
f 1405 1408 1705 
f 1408 1391 1704 
f 1705 1704 1703 
f 1704 1705 1408 
f 1703 1704 1709 
f 1704 1391 1708 
f 1709 1708 1706 
f 1708 1709 1704 
f 1391 1394 1708 
f 1394 1367 1707 
f 1708 1707 1706 
f 1707 1708 1394 
f 1577 1712 1715 
f 1712 1710 1714 
f 1715 1714 1713 
f 1714 1715 1712 
f 1580 1581 1716 
f 1581 1577 1715 
f 1716 1715 1713 
f 1715 1716 1581 
f 1591 1711 1593 
f 1711 1710 1712 
f 1593 1712 1577 
f 1712 1593 1711 
f 1717 1723 1719 
f 1723 1720 1721 
f 1719 1721 1668 
f 1721 1719 1723 
f 1675 1718 1677 
f 1718 1717 1719 
f 1677 1719 1668 
f 1719 1677 1718 
f 1671 1672 1722 
f 1672 1668 1721 
f 1722 1721 1720 
f 1721 1722 1672 
f 1724 1726 1725 
f 1726 1675 1680 
f 1725 1680 1678 
f 1680 1725 1726 
f 1675 1729 1718 
f 1729 1727 1730 
f 1718 1730 1717 
f 1730 1718 1729 
f 1727 1729 1728 
f 1729 1675 1726 
f 1728 1726 1724 
f 1726 1728 1729 
f 1731 1733 1732 
f 1733 1724 1725 
f 1732 1725 1678 
f 1725 1732 1733 
f 1538 1737 1681 
f 1737 1734 1735 
f 1681 1735 1678 
f 1735 1681 1737 
f 1731 1732 1736 
f 1732 1678 1735 
f 1736 1735 1734 
f 1735 1736 1732 
f 1598 1603 1742 
f 1603 1601 1744 
f 1742 1744 1741 
f 1744 1742 1603 
f 1741 1743 1742 
f 1743 1738 1739 
f 1742 1739 1598 
f 1739 1742 1743 
f 1605 1606 1740 
f 1606 1598 1739 
f 1740 1739 1738 
f 1739 1740 1606 
f 1748 1750 1749 
f 1750 1633 1747 
f 1749 1747 1745 
f 1747 1749 1750 
f 1689 1746 1691 
f 1746 1745 1747 
f 1691 1747 1633 
f 1747 1691 1746 
f 1636 1637 1751 
f 1637 1633 1750 
f 1751 1750 1748 
f 1750 1751 1637 
f 1738 1753 1740 
f 1753 1752 1754 
f 1740 1754 1605 
f 1754 1740 1753 
f 1605 1757 1609 
f 1757 1755 1758 
f 1609 1758 1608 
f 1758 1609 1757 
f 1752 1756 1754 
f 1756 1755 1757 
f 1754 1757 1605 
f 1757 1754 1756 
f 1514 1674 1764 
f 1674 1671 1763 
f 1764 1763 1762 
f 1763 1764 1674 
f 1720 1760 1722 
f 1760 1759 1761 
f 1722 1761 1671 
f 1761 1722 1760 
f 1762 1763 1765 
f 1763 1671 1761 
f 1765 1761 1759 
f 1761 1765 1763 
f 1766 1767 1771 
f 1767 1591 1770 
f 1771 1770 1769 
f 1770 1771 1767 
f 1710 1711 1768 
f 1711 1591 1767 
f 1768 1767 1766 
f 1767 1768 1711 
f 1591 1596 1770 
f 1596 1594 1772 
f 1770 1772 1769 
f 1772 1770 1596 
f 1776 1777 1779 
f 1777 968 985 
f 1779 985 982 
f 985 1779 1777 
f 1773 1774 1778 
f 1774 968 1777 
f 1778 1777 1776 
f 1777 1778 1774 
f 968 1774 971 
f 1774 1773 1775 
f 971 1775 954 
f 1775 971 1774 
f 1493 1786 1534 
f 1786 1783 1784 
f 1534 1784 1531 
f 1784 1534 1786 
f 1780 1781 1785 
f 1781 1531 1784 
f 1785 1784 1783 
f 1784 1785 1781 
f 1780 1782 1781 
f 1782 1682 1683 
f 1781 1683 1531 
f 1683 1781 1782 
f 1790 1793 1792 
f 1793 1685 1686 
f 1792 1686 1682 
f 1686 1792 1793 
f 1787 1791 1789 
f 1791 1790 1792 
f 1789 1792 1682 
f 1792 1789 1791 
f 1682 1782 1789 
f 1782 1780 1788 
f 1789 1788 1787 
f 1788 1789 1782 
f 1794 1796 1795 
f 1796 1724 1733 
f 1795 1733 1731 
f 1733 1795 1796 
f 1727 1728 1800 
f 1728 1724 1799 
f 1800 1799 1797 
f 1799 1800 1728 
f 1797 1799 1798 
f 1799 1724 1796 
f 1798 1796 1794 
f 1796 1798 1799 
f 1727 1802 1730 
f 1802 1801 1803 
f 1730 1803 1717 
f 1803 1730 1802 
f 1804 1805 1807 
f 1805 1717 1803 
f 1807 1803 1801 
f 1803 1807 1805 
f 1804 1806 1805 
f 1806 1720 1723 
f 1805 1723 1717 
f 1723 1805 1806 
f 940 1809 943 
f 1809 1808 1810 
f 943 1810 926 
f 1810 943 1809 
f 1811 1812 1814 
f 1812 940 957 
f 1814 957 954 
f 957 1814 1812 
f 1811 1813 1812 
f 1813 1808 1809 
f 1812 1809 940 
f 1809 1812 1813 
f 1815 1817 1816 
f 1817 947 950 
f 1816 950 933 
f 950 1816 1817 
f 1815 1816 1820 
f 1816 933 1819 
f 1820 1819 1818 
f 1819 1820 1816 
f 919 1821 936 
f 1821 1818 1819 
f 936 1819 933 
f 1819 936 1821 
f 1692 1823 1694 
f 1823 1822 1824 
f 1694 1824 1689 
f 1824 1694 1823 
f 1689 1826 1746 
f 1826 1825 1827 
f 1746 1827 1745 
f 1827 1746 1826 
f 1825 1826 1828 
f 1826 1689 1824 
f 1828 1824 1822 
f 1824 1828 1826 
f 1832 1834 1833 
f 1834 1829 1830 
f 1833 1830 1692 
f 1830 1833 1834 
f 1822 1823 1831 
f 1823 1692 1830 
f 1831 1830 1829 
f 1830 1831 1823 
f 1832 1833 1835 
f 1833 1692 1695 
f 1835 1695 1629 
f 1695 1835 1833 
f 1836 1838 1837 
f 1838 1713 1714 
f 1837 1714 1710 
f 1714 1837 1838 
f 1710 1841 1837 
f 1841 1839 1842 
f 1837 1842 1836 
f 1842 1837 1841 
f 1839 1841 1840 
f 1841 1710 1768 
f 1840 1768 1766 
f 1768 1840 1841 
f 1846 1848 1847 
f 1848 1713 1845 
f 1847 1845 1843 
f 1845 1847 1848 
f 1713 1838 1845 
f 1838 1836 1844 
f 1845 1844 1843 
f 1844 1845 1838 
f 1713 1848 1716 
f 1848 1846 1849 
f 1716 1849 1580 
f 1849 1716 1848 
f 1780 1851 1788 
f 1851 1850 1852 
f 1788 1852 1787 
f 1852 1788 1851 
f 1853 1855 1854 
f 1855 1780 1785 
f 1854 1785 1783 
f 1785 1854 1855 
f 1780 1855 1851 
f 1855 1853 1856 
f 1851 1856 1850 
f 1856 1851 1855 
f 1790 1791 1859 
f 1791 1787 1858 
f 1859 1858 1857 
f 1858 1859 1791 
f 1850 1863 1852 
f 1863 1860 1861 
f 1852 1861 1787 
f 1861 1852 1863 
f 1787 1861 1858 
f 1861 1860 1862 
f 1858 1862 1857 
f 1862 1858 1861 
f 1857 1864 1859 
f 1864 563 1865 
f 1859 1865 1790 
f 1865 1859 1864 
f 1866 1869 1868 
f 1869 1685 1793 
f 1868 1793 1790 
f 1793 1868 1869 
f 1866 1868 1867 
f 1868 1790 1865 
f 1867 1865 563 
f 1865 1867 1868 
f 564 566 1870 
f 566 563 1864 
f 1870 1864 1857 
f 1864 1870 566 
f 1857 1872 1870 
f 1872 750 1873 
f 1870 1873 564 
f 1873 1870 1872 
f 1857 1862 1872 
f 1862 1860 1871 
f 1872 1871 750 
f 1871 1872 1862 
f 1874 1876 1875 
f 1876 1748 1749 
f 1875 1749 1745 
f 1749 1875 1876 
f 1877 1879 1878 
f 1879 1874 1875 
f 1878 1875 1745 
f 1875 1878 1879 
f 1825 1880 1827 
f 1880 1877 1878 
f 1827 1878 1745 
f 1878 1827 1880 
f 1748 1883 1886 
f 1883 1881 1885 
f 1886 1885 1884 
f 1885 1886 1883 
f 1748 1876 1883 
f 1876 1874 1882 
f 1883 1882 1881 
f 1882 1883 1876 
f 1884 1887 1886 
f 1887 1636 1751 
f 1886 1751 1748 
f 1751 1886 1887 
f 1731 1888 1795 
f 1888 762 1889 
f 1795 1889 1794 
f 1889 1795 1888 
f 1731 1892 1888 
f 1892 1890 1893 
f 1888 1893 762 
f 1893 1888 1892 
f 1734 1891 1736 
f 1891 1890 1892 
f 1736 1892 1731 
f 1892 1736 1891 
f 1829 1895 1831 
f 1895 1894 1896 
f 1831 1896 1822 
f 1896 1831 1895 
f 1822 1896 1898 
f 1896 1894 1897 
f 1898 1897 608 
f 1897 1898 1896 
f 1825 1828 1899 
f 1828 1822 1898 
f 1899 1898 608 
f 1898 1899 1828 
f 1829 1834 1904 
f 1834 1832 1906 
f 1904 1906 1903 
f 1906 1904 1834 
f 1829 1901 1895 
f 1901 1900 1902 
f 1895 1902 1894 
f 1902 1895 1901 
f 1903 1905 1904 
f 1905 1900 1901 
f 1904 1901 1829 
f 1901 1904 1905 
f 608 1897 611 
f 1897 1894 1911 
f 611 1911 609 
f 1911 611 1897 
f 1894 1902 1909 
f 1902 1900 1908 
f 1909 1908 1907 
f 1908 1909 1902 
f 1907 1910 1909 
f 1910 609 1911 
f 1909 1911 1894 
f 1911 1909 1910 
f 1915 1918 1917 
f 1918 1907 1908 
f 1917 1908 1900 
f 1908 1917 1918 
f 1900 1914 1917 
f 1914 1912 1916 
f 1917 1916 1915 
f 1916 1917 1914 
f 1900 1905 1914 
f 1905 1903 1913 
f 1914 1913 1912 
f 1913 1914 1905 
f 1922 1923 1925 
f 1923 1903 1906 
f 1925 1906 1832 
f 1906 1925 1923 
f 1922 1924 1923 
f 1924 1919 1920 
f 1923 1920 1903 
f 1920 1923 1924 
f 1912 1913 1921 
f 1913 1903 1920 
f 1921 1920 1919 
f 1920 1921 1913 
f 1912 1928 1931 
f 1928 1926 1930 
f 1931 1930 1929 
f 1930 1931 1928 
f 1919 1927 1921 
f 1927 1926 1928 
f 1921 1928 1912 
f 1928 1921 1927 
f 1912 1931 1916 
f 1931 1929 1932 
f 1916 1932 1915 
f 1932 1916 1931 
f 1738 1936 1753 
f 1936 717 1937 
f 1753 1937 1752 
f 1937 1753 1936 
f 1933 1938 1935 
f 1938 717 1936 
f 1935 1936 1738 
f 1936 1935 1938 
f 1741 1934 1743 
f 1934 1933 1935 
f 1743 1935 1738 
f 1935 1743 1934 
f 1741 1744 1943 
f 1744 1601 1945 
f 1943 1945 1942 
f 1945 1943 1744 
f 1741 1943 1940 
f 1943 1942 1944 
f 1940 1944 1939 
f 1944 1940 1943 
f 1741 1940 1934 
f 1940 1939 1941 
f 1934 1941 1933 
f 1941 1934 1940 
f 717 724 1937 
f 724 722 1949 
f 1937 1949 1752 
f 1949 1937 724 
f 1752 1949 1947 
f 1949 722 1950 
f 1947 1950 1946 
f 1950 1947 1949 
f 1946 1948 1947 
f 1948 1755 1756 
f 1947 1756 1752 
f 1756 1947 1948 
f 1951 1953 1952 
f 1953 1755 1948 
f 1952 1948 1946 
f 1948 1952 1953 
f 1954 1956 1955 
f 1956 1755 1953 
f 1955 1953 1951 
f 1953 1955 1956 
f 1755 1956 1758 
f 1956 1954 1957 
f 1758 1957 1608 
f 1957 1758 1956 
f 1958 1961 1960 
f 1961 782 1962 
f 1960 1962 1766 
f 1962 1960 1961 
f 1839 1840 1963 
f 1840 1766 1962 
f 1963 1962 782 
f 1962 1963 1840 
f 1766 1771 1960 
f 1771 1769 1959 
f 1960 1959 1958 
f 1959 1960 1771 
f 1964 1965 1970 
f 1965 1769 1968 
f 1970 1968 1967 
f 1968 1970 1965 
f 1769 1965 1959 
f 1965 1964 1966 
f 1959 1966 1958 
f 1966 1959 1965 
f 1769 1772 1968 
f 1772 1594 1969 
f 1968 1969 1967 
f 1969 1968 1772 
f 1933 1974 1938 
f 1974 716 720 
f 1938 720 717 
f 720 1938 1974 
f 601 1973 1972 
f 1973 716 1974 
f 1972 1974 1933 
f 1974 1972 1973 
f 601 1972 1971 
f 1972 1933 1941 
f 1971 1941 1939 
f 1941 1971 1972 
f 1978 1980 1979 
f 1980 1975 1976 
f 1979 1976 1946 
f 1976 1979 1980 
f 1951 1952 1977 
f 1952 1946 1976 
f 1977 1976 1975 
f 1976 1977 1952 
f 722 1981 1950 
f 1981 1978 1979 
f 1950 1979 1946 
f 1979 1950 1981 
f 1951 1983 1955 
f 1983 1982 1984 
f 1955 1984 1954 
f 1984 1955 1983 
f 1951 1986 1983 
f 1986 1985 1987 
f 1983 1987 1982 
f 1987 1983 1986 
f 1975 1988 1977 
f 1988 1985 1986 
f 1977 1986 1951 
f 1986 1977 1988 
f 761 1993 1992 
f 1993 1989 1990 
f 1992 1990 1794 
f 1990 1992 1993 
f 1797 1798 1991 
f 1798 1794 1990 
f 1991 1990 1989 
f 1990 1991 1798 
f 761 1992 764 
f 1992 1794 1889 
f 764 1889 762 
f 1889 764 1992 
f 1797 1999 1800 
f 1999 1997 2000 
f 1800 2000 1727 
f 2000 1800 1999 
f 1989 1995 1991 
f 1995 1994 1996 
f 1991 1996 1797 
f 1996 1991 1995 
f 1997 1999 1998 
f 1999 1797 1996 
f 1998 1996 1994 
f 1996 1998 1999 
f 2001 2005 2003 
f 2005 2004 2006 
f 2003 2006 912 
f 2006 2003 2005 
f 2001 2003 2002 
f 2003 912 929 
f 2002 929 926 
f 929 2002 2003 
f 2004 2007 2006 
f 2007 900 915 
f 2006 915 912 
f 915 2006 2007 
f 1958 1966 2010 
f 1966 1964 2012 
f 2010 2012 2009 
f 2012 2010 1966 
f 785 786 2008 
f 786 782 1961 
f 2008 1961 1958 
f 1961 2008 786 
f 785 2008 2011 
f 2008 1958 2010 
f 2011 2010 2009 
f 2010 2011 2008 
f 1874 1879 2017 
f 1879 1877 2016 
f 2017 2016 789 
f 2016 2017 1879 
f 1874 2017 2014 
f 2017 789 2018 
f 2014 2018 2013 
f 2018 2014 2017 
f 1881 1882 2015 
f 1882 1874 2014 
f 2015 2014 2013 
f 2014 2015 1882 
f 1881 2020 1885 
f 2020 2019 2021 
f 1885 2021 1884 
f 2021 1885 2020 
f 2022 2024 2023 
f 2024 2019 2020 
f 2023 2020 1881 
f 2020 2023 2024 
f 1881 2015 2023 
f 2015 2013 2025 
f 2023 2025 2022 
f 2025 2023 2015 
f 2026 2028 2027 
f 2028 1384 1649 
f 2027 1649 1647 
f 1649 2027 2028 
f 1384 2028 2030 
f 2028 2026 2029 
f 2030 2029 684 
f 2029 2030 2028 
f 666 1387 685 
f 1387 1384 2030 
f 685 2030 684 
f 2030 685 1387 
f 2031 2033 2032 
f 2033 2026 2027 
f 2032 2027 1647 
f 2027 2032 2033 
f 1647 2035 2032 
f 2035 2034 2036 
f 2032 2036 2031 
f 2036 2032 2035 
f 2034 2035 2037 
f 2035 1647 1652 
f 2037 1652 1650 
f 1652 2037 2035 
f 2026 2033 2040 
f 2033 2031 2039 
f 2040 2039 2038 
f 2039 2040 2033 
f 2041 2042 2044 
f 2042 2026 2040 
f 2044 2040 2038 
f 2040 2044 2042 
f 2026 2042 2029 
f 2042 2041 2043 
f 2029 2043 684 
f 2043 2029 2042 
f 1496 2048 1498 
f 2048 1783 1786 
f 1498 1786 1493 
f 1786 1498 2048 
f 2045 2046 2049 
f 2046 1783 2048 
f 2049 2048 1496 
f 2048 2049 2046 
f 2045 2047 2046 
f 2047 1853 1854 
f 2046 1854 1783 
f 1854 2046 2047 
f 1884 2054 1887 
f 2054 1269 2055 
f 1887 2055 1636 
f 2055 1887 2054 
f 1884 2052 2054 
f 2052 2050 2053 
f 2054 2053 1269 
f 2053 2054 2052 
f 2050 2052 2051 
f 2052 1884 2021 
f 2051 2021 2019 
f 2021 2051 2052 
f 2059 2061 2060 
f 2061 2019 2058 
f 2060 2058 2056 
f 2058 2060 2061 
f 2050 2051 2062 
f 2051 2019 2061 
f 2062 2061 2059 
f 2061 2062 2051 
f 2022 2057 2024 
f 2057 2056 2058 
f 2024 2058 2019 
f 2058 2024 2057 
f 1549 1550 2067 
f 1550 1322 1328 
f 2067 1328 1325 
f 1328 2067 1550 
f 1325 1642 2065 
f 1642 1640 2064 
f 2065 2064 2063 
f 2064 2065 1642 
f 1325 2065 2067 
f 2065 2063 2066 
f 2067 2066 1549 
f 2066 2067 2065 
f 2071 2072 2074 
f 2072 1640 1645 
f 2074 1645 1643 
f 1645 2074 2072 
f 2063 2064 2070 
f 2064 1640 2069 
f 2070 2069 2068 
f 2069 2070 2064 
f 2068 2069 2073 
f 2069 1640 2072 
f 2073 2072 2071 
f 2072 2073 2069 
f 2075 2077 2076 
f 2077 2063 2070 
f 2076 2070 2068 
f 2070 2076 2077 
f 2063 2077 2080 
f 2077 2075 2079 
f 2080 2079 2078 
f 2079 2080 2077 
f 2078 2081 2080 
f 2081 1549 2066 
f 2080 2066 2063 
f 2066 2080 2081 
f 2082 2084 2083 
f 2084 2068 2073 
f 2083 2073 2071 
f 2073 2083 2084 
f 2068 2084 2086 
f 2084 2082 2088 
f 2086 2088 2085 
f 2088 2086 2084 
f 2075 2076 2087 
f 2076 2068 2086 
f 2087 2086 2085 
f 2086 2087 2076 
f 2082 2083 2091 
f 2083 2071 2090 
f 2091 2090 2089 
f 2090 2091 2083 
f 2092 2093 2095 
f 2093 2071 2074 
f 2095 2074 1643 
f 2074 2095 2093 
f 2089 2090 2094 
f 2090 2071 2093 
f 2094 2093 2092 
f 2093 2094 2090 
f 2096 2098 2097 
f 2098 2078 2079 
f 2097 2079 2075 
f 2079 2097 2098 
f 2096 2097 2100 
f 2097 2075 2099 
f 2100 2099 673 
f 2099 2100 2097 
f 2075 2087 2099 
f 2087 2085 2101 
f 2099 2101 673 
f 2101 2099 2087 
f 1552 1553 2106 
f 1553 1549 2081 
f 2106 2081 2078 
f 2081 2106 1553 
f 2078 2098 2104 
f 2098 2096 2103 
f 2104 2103 2102 
f 2103 2104 2098 
f 1552 2106 2105 
f 2106 2078 2104 
f 2105 2104 2102 
f 2104 2105 2106 
f 2107 2108 2111 
f 2108 2096 2110 
f 2111 2110 670 
f 2110 2111 2108 
f 2096 2100 2110 
f 2100 673 678 
f 2110 678 670 
f 678 2110 2100 
f 2096 2108 2103 
f 2108 2107 2109 
f 2103 2109 2102 
f 2109 2103 2108 
f 1552 2105 2117 
f 2105 2102 2116 
f 2117 2116 1706 
f 2116 2117 2105 
f 2107 2113 2109 
f 2113 2112 2114 
f 2109 2114 2102 
f 2114 2109 2113 
f 2102 2114 2116 
f 2114 2112 2115 
f 2116 2115 1706 
f 2115 2116 2114 
f 1052 1055 2121 
f 1055 1017 1625 
f 2121 1625 1622 
f 1625 2121 1055 
f 1052 2121 2119 
f 2121 1622 2122 
f 2119 2122 2118 
f 2122 2119 2121 
f 1052 2119 1613 
f 2119 2118 2120 
f 1613 2120 1612 
f 2120 1613 2119 
f 2123 2125 2124 
f 2125 1612 2120 
f 2124 2120 2118 
f 2120 2124 2125 
f 1612 2125 2128 
f 2125 2123 2127 
f 2128 2127 2126 
f 2127 2128 2125 
f 2126 2129 2128 
f 2129 1615 1616 
f 2128 1616 1612 
f 1616 2128 2129 
f 2130 2132 2131 
f 2132 2123 2124 
f 2131 2124 2118 
f 2124 2131 2132 
f 2133 2134 2136 
f 2134 2118 2122 
f 2136 2122 1622 
f 2122 2136 2134 
f 2133 2135 2134 
f 2135 2130 2131 
f 2134 2131 2118 
f 2131 2134 2135 
f 2123 2132 2142 
f 2132 2130 2141 
f 2142 2141 2140 
f 2141 2142 2132 
f 2123 2138 2127 
f 2138 2137 2139 
f 2127 2139 2126 
f 2139 2127 2138 
f 2137 2138 2143 
f 2138 2123 2142 
f 2143 2142 2140 
f 2142 2143 2138 
f 2137 2150 2139 
f 2150 2147 2148 
f 2139 2148 2126 
f 2148 2139 2150 
f 2147 2149 2148 
f 2149 2144 2145 
f 2148 2145 2126 
f 2145 2148 2149 
f 2144 2146 2145 
f 2146 1615 2129 
f 2145 2129 2126 
f 2129 2145 2146 
f 2151 2152 2156 
f 2152 2130 2155 
f 2156 2155 2154 
f 2155 2156 2152 
f 2133 2157 2135 
f 2157 2154 2155 
f 2135 2155 2130 
f 2155 2135 2157 
f 2130 2152 2141 
f 2152 2151 2153 
f 2141 2153 2140 
f 2153 2141 2152 
f 2137 2143 2164 
f 2143 2140 2163 
f 2164 2163 2161 
f 2163 2164 2143 
f 2151 2159 2153 
f 2159 2158 2160 
f 2153 2160 2140 
f 2160 2153 2159 
f 2140 2160 2163 
f 2160 2158 2162 
f 2163 2162 2161 
f 2162 2163 2160 
f 2151 2156 2167 
f 2156 2154 2166 
f 2167 2166 2165 
f 2166 2167 2156 
f 2151 2167 2169 
f 2167 2165 2171 
f 2169 2171 2168 
f 2171 2169 2167 
f 2151 2169 2159 
f 2169 2168 2170 
f 2159 2170 2158 
f 2170 2159 2169 
f 2154 2173 2166 
f 2173 2172 2174 
f 2166 2174 2165 
f 2174 2166 2173 
f 2133 2178 2157 
f 2178 2175 2176 
f 2157 2176 2154 
f 2176 2157 2178 
f 2154 2176 2173 
f 2176 2175 2177 
f 2173 2177 2172 
f 2177 2173 2176 
f 1954 1984 2181 
f 1984 1982 2180 
f 2181 2180 2179 
f 2180 2181 1984 
f 1954 2181 2183 
f 2181 2179 2182 
f 2183 2182 1136 
f 2182 2183 2181 
f 1954 2183 1957 
f 2183 1136 2184 
f 1957 2184 1608 
f 2184 1957 2183 
f 576 2188 2190 
f 2188 1836 1842 
f 2190 1842 1839 
f 1842 2190 2188 
f 2185 2186 2189 
f 2186 1836 2188 
f 2189 2188 576 
f 2188 2189 2186 
f 1836 2186 1844 
f 2186 2185 2187 
f 1844 2187 1843 
f 2187 1844 2186 
f 1846 1847 2196 
f 1847 1843 2195 
f 2196 2195 2194 
f 2195 2196 1847 
f 2185 2192 2187 
f 2192 2191 2193 
f 2187 2193 1843 
f 2193 2187 2192 
f 2191 2197 2193 
f 2197 2194 2195 
f 2193 2195 1843 
f 2195 2193 2197 
f 1661 2201 1663 
f 2201 1010 1013 
f 1663 1013 975 
f 1013 1663 2201 
f 1010 2201 2199 
f 2201 1661 2202 
f 2199 2202 2198 
f 2202 2199 2201 
f 1619 1620 2200 
f 1620 1010 2199 
f 2200 2199 2198 
f 2199 2200 1620 
f 2082 2091 2205 
f 2091 2089 2204 
f 2205 2204 2203 
f 2204 2205 2091 
f 649 2206 2208 
f 2206 2082 2205 
f 2208 2205 2203 
f 2205 2208 2206 
f 2082 2206 2088 
f 2206 649 2207 
f 2088 2207 2085 
f 2207 2088 2206 
f 2089 2214 2204 
f 2214 2212 2215 
f 2204 2215 2203 
f 2215 2204 2214 
f 2089 2211 2214 
f 2211 2209 2213 
f 2214 2213 2212 
f 2213 2214 2211 
f 2209 2211 2210 
f 2211 2089 2094 
f 2210 2094 2092 
f 2094 2210 2211 
f 2216 2218 2217 
f 2218 2209 2210 
f 2217 2210 2092 
f 2210 2217 2218 
f 1283 2220 2219 
f 2220 2216 2217 
f 2219 2217 2092 
f 2217 2219 2220 
f 1643 2221 2095 
f 2221 1283 2219 
f 2095 2219 2092 
f 2219 2095 2221 
f 2222 2224 2223 
f 2224 2212 2213 
f 2223 2213 2209 
f 2213 2223 2224 
f 2209 2218 2226 
f 2218 2216 2228 
f 2226 2228 2225 
f 2228 2226 2218 
f 2225 2227 2226 
f 2227 2222 2223 
f 2226 2223 2209 
f 2223 2226 2227 
f 1942 2230 1944 
f 2230 2229 2231 
f 1944 2231 1939 
f 2231 1944 2230 
f 602 2233 2232 
f 2233 1939 2231 
f 2232 2231 2229 
f 2231 2232 2233 
f 602 604 2233 
f 604 601 1971 
f 2233 1971 1939 
f 1971 2233 604 
f 1559 2238 2237 
f 2238 2234 2235 
f 2237 2235 1942 
f 2235 2237 2238 
f 2234 2236 2235 
f 2236 2229 2230 
f 2235 2230 1942 
f 2230 2235 2236 
f 1559 2237 2239 
f 2237 1942 1945 
f 2239 1945 1601 
f 1945 2239 2237 
f 602 2232 2245 
f 2232 2229 2244 
f 2245 2244 796 
f 2244 2245 2232 
f 2229 2236 2242 
f 2236 2234 2241 
f 2242 2241 2240 
f 2241 2242 2236 
f 2240 2243 2242 
f 2243 796 2244 
f 2242 2244 2229 
f 2244 2242 2243 
f 1556 2250 2249 
f 2250 2246 2247 
f 2249 2247 2234 
f 2247 2249 2250 
f 1556 2249 1562 
f 2249 2234 2238 
f 1562 2238 1559 
f 2238 1562 2249 
f 2246 2248 2247 
f 2248 2240 2241 
f 2247 2241 2234 
f 2241 2247 2248 
f 796 2243 799 
f 2243 2240 2254 
f 799 2254 797 
f 2254 799 2243 
f 2251 2255 2253 
f 2255 797 2254 
f 2253 2254 2240 
f 2254 2253 2255 
f 2240 2248 2253 
f 2248 2246 2252 
f 2253 2252 2251 
f 2252 2253 2248 
f 2212 2224 2257 
f 2224 2222 2256 
f 2257 2256 727 
f 2256 2257 2224 
f 2212 2258 2215 
f 2258 680 2259 
f 2215 2259 2203 
f 2259 2215 2258 
f 680 2258 732 
f 2258 2212 2257 
f 732 2257 727 
f 2257 732 2258 
f 2260 2262 2261 
f 2262 2222 2227 
f 2261 2227 2225 
f 2227 2261 2262 
f 2263 2265 2264 
f 2265 2222 2262 
f 2264 2262 2260 
f 2262 2264 2265 
f 727 2256 2266 
f 2256 2222 2265 
f 2266 2265 2263 
f 2265 2266 2256 
f 2267 2268 2271 
f 2268 2022 2270 
f 2271 2270 709 
f 2270 2271 2268 
f 2022 2268 2057 
f 2268 2267 2269 
f 2057 2269 2056 
f 2269 2057 2268 
f 712 715 2272 
f 715 709 2270 
f 2272 2270 2022 
f 2270 2272 715 
f 712 2272 2273 
f 2272 2022 2025 
f 2273 2025 2013 
f 2025 2273 2272 
f 2059 2060 2280 
f 2060 2056 2279 
f 2280 2279 2277 
f 2279 2280 2060 
f 2056 2269 2276 
f 2269 2267 2275 
f 2276 2275 2274 
f 2275 2276 2269 
f 2274 2278 2276 
f 2278 2277 2279 
f 2276 2279 2056 
f 2279 2276 2278 
f 371 2284 2283 
f 2284 618 2281 
f 2283 2281 2267 
f 2281 2283 2284 
f 709 710 2271 
f 710 371 2283 
f 2271 2283 2267 
f 2283 2271 710 
f 2267 2281 2275 
f 2281 618 2282 
f 2275 2282 2274 
f 2282 2275 2281 
f 618 622 2282 
f 622 619 2288 
f 2282 2288 2274 
f 2288 2282 622 
f 2277 2278 2287 
f 2278 2274 2286 
f 2287 2286 2285 
f 2286 2287 2278 
f 619 2289 2288 
f 2289 2285 2286 
f 2288 2286 2274 
f 2286 2288 2289 
f 2277 2295 2280 
f 2295 2293 2296 
f 2280 2296 2059 
f 2296 2280 2295 
f 2290 2294 2292 
f 2294 2293 2295 
f 2292 2295 2277 
f 2295 2292 2294 
f 2285 2291 2287 
f 2291 2290 2292 
f 2287 2292 2277 
f 2292 2287 2291 
f 2285 2298 2291 
f 2298 2297 2299 
f 2291 2299 2290 
f 2299 2291 2298 
f 2285 2301 2298 
f 2301 2251 2304 
f 2298 2304 2297 
f 2304 2298 2301 
f 2285 2302 2301 
f 2302 2300 2303 
f 2301 2303 2251 
f 2303 2301 2302 
f 619 2305 2289 
f 2305 2300 2302 
f 2289 2302 2285 
f 2302 2289 2305 
f 1556 2307 2250 
f 2307 1570 2308 
f 2250 2308 2246 
f 2308 2250 2307 
f 1570 2309 2308 
f 2309 2297 2306 
f 2308 2306 2246 
f 2306 2308 2309 
f 2297 2304 2306 
f 2304 2251 2252 
f 2306 2252 2246 
f 2252 2306 2304 
f 2168 2313 2170 
f 2313 192 2312 
f 2170 2312 2158 
f 2312 2170 2313 
f 2158 2310 2162 
f 2310 189 2311 
f 2162 2311 2161 
f 2311 2162 2310 
f 192 195 2312 
f 195 189 2310 
f 2312 2310 2158 
f 2310 2312 195 
f 2314 2319 2317 
f 2319 2137 2164 
f 2317 2164 2161 
f 2164 2317 2319 
f 660 2316 2315 
f 2316 2314 2317 
f 2315 2317 2161 
f 2317 2315 2316 
f 656 665 2318 
f 665 660 2315 
f 2318 2315 2161 
f 2315 2318 665 
f 189 2320 2311 
f 2320 656 2318 
f 2311 2318 2161 
f 2318 2311 2320 
f 2225 2324 2321 
f 2324 1255 2325 
f 2321 2325 1654 
f 2325 2321 2324 
f 1255 2324 2323 
f 2324 2225 2228 
f 2323 2228 2216 
f 2228 2323 2324 
f 1654 2322 2321 
f 2322 2260 2261 
f 2321 2261 2225 
f 2261 2321 2322 
f 1919 1924 2330 
f 1924 1922 2329 
f 2330 2329 1465 
f 2329 2330 1924 
f 2326 2328 2327 
f 2328 1926 1927 
f 2327 1927 1919 
f 1927 2327 2328 
f 2326 2327 2331 
f 2327 1919 2330 
f 2331 2330 1465 
f 2330 2331 2327 
f 1926 2333 1930 
f 2333 2332 2334 
f 1930 2334 1929 
f 2334 1930 2333 
f 2335 2336 2338 
f 2336 1926 2328 
f 2338 2328 2326 
f 2328 2338 2336 
f 1926 2336 2333 
f 2336 2335 2337 
f 2333 2337 2332 
f 2337 2333 2336 
f 2339 2342 2341 
f 2342 702 2343 
f 2341 2343 1929 
f 2343 2341 2342 
f 1929 2334 2341 
f 2334 2332 2340 
f 2341 2340 2339 
f 2340 2341 2334 
f 1915 1932 2344 
f 1932 1929 2343 
f 2344 2343 702 
f 2343 2344 1932 
f 2345 2347 2346 
f 2347 2332 2337 
f 2346 2337 2335 
f 2337 2346 2347 
f 2348 2351 2350 
f 2351 2339 2340 
f 2350 2340 2332 
f 2340 2350 2351 
f 2345 2349 2347 
f 2349 2348 2350 
f 2347 2350 2332 
f 2350 2347 2349 
f 2345 2346 2354 
f 2346 2335 2353 
f 2354 2353 2352 
f 2353 2354 2346 
f 2355 2357 2356 
f 2357 2352 2353 
f 2356 2353 2335 
f 2353 2356 2357 
f 2355 2356 2358 
f 2356 2335 2338 
f 2358 2338 2326 
f 2338 2358 2356 
f 2352 2360 2354 
f 2360 2359 2361 
f 2354 2361 2345 
f 2361 2354 2360 
f 2359 2363 2361 
f 2363 2362 2364 
f 2361 2364 2345 
f 2364 2361 2363 
f 2345 2364 2349 
f 2364 2362 2365 
f 2349 2365 2348 
f 2365 2349 2364 
f 2369 2371 2370 
f 2371 2352 2357 
f 2370 2357 2355 
f 2357 2370 2371 
f 2352 2367 2360 
f 2367 2366 2368 
f 2360 2368 2359 
f 2368 2360 2367 
f 2369 2372 2371 
f 2372 2366 2367 
f 2371 2367 2352 
f 2367 2371 2372 
f 2373 2375 2374 
f 2375 2362 2363 
f 2374 2363 2359 
f 2363 2374 2375 
f 2373 2374 2378 
f 2374 2359 2377 
f 2378 2377 2376 
f 2377 2378 2374 
f 2359 2368 2377 
f 2368 2366 2379 
f 2377 2379 2376 
f 2379 2377 2368 
f 2165 2174 2382 
f 2174 2172 2381 
f 2382 2381 2380 
f 2381 2382 2174 
f 2165 2382 2384 
f 2382 2380 2383 
f 2384 2383 737 
f 2383 2384 2382 
f 2168 2171 2385 
f 2171 2165 2384 
f 2385 2384 737 
f 2384 2385 2171 
f 2389 2391 2390 
f 2391 2386 2387 
f 2390 2387 2172 
f 2387 2390 2391 
f 2172 2387 2381 
f 2387 2386 2388 
f 2381 2388 2380 
f 2388 2381 2387 
f 2175 2392 2177 
f 2392 2389 2390 
f 2177 2390 2172 
f 2390 2177 2392 
f 807 2397 2394 
f 2397 638 2395 
f 2394 2395 2362 
f 2395 2394 2397 
f 2362 2375 2394 
f 2375 2373 2393 
f 2394 2393 807 
f 2393 2394 2375 
f 638 2396 2395 
f 2396 2348 2365 
f 2395 2365 2362 
f 2365 2395 2396 
f 804 809 2402 
f 809 807 2393 
f 2402 2393 2373 
f 2393 2402 809 
f 2373 2400 2402 
f 2400 2398 2401 
f 2402 2401 804 
f 2401 2402 2400 
f 2376 2399 2378 
f 2399 2398 2400 
f 2378 2400 2373 
f 2400 2378 2399 
f 2376 2407 2404 
f 2407 2406 2408 
f 2404 2408 2403 
f 2408 2404 2407 
f 2376 2379 2407 
f 2379 2366 2409 
f 2407 2409 2406 
f 2409 2407 2379 
f 2403 2405 2404 
f 2405 2398 2399 
f 2404 2399 2376 
f 2399 2404 2405 
f 2398 2414 2401 
f 2414 581 2415 
f 2401 2415 804 
f 2415 2401 2414 
f 2398 2412 2414 
f 2412 2410 2413 
f 2414 2413 581 
f 2413 2414 2412 
f 2403 2411 2405 
f 2411 2410 2412 
f 2405 2412 2398 
f 2412 2405 2411 
f 2403 2420 2417 
f 2420 2419 2421 
f 2417 2421 2416 
f 2421 2417 2420 
f 2419 2420 2422 
f 2420 2403 2408 
f 2422 2408 2406 
f 2408 2422 2420 
f 2403 2417 2411 
f 2417 2416 2418 
f 2411 2418 2410 
f 2418 2411 2417 
f 2423 2426 2425 
f 2426 580 2427 
f 2425 2427 2410 
f 2427 2425 2426 
f 2410 2427 2413 
f 2427 580 584 
f 2413 584 581 
f 584 2413 2427 
f 2416 2424 2418 
f 2424 2423 2425 
f 2418 2425 2410 
f 2425 2418 2424 
f 2339 2431 2428 
f 2431 311 321 
f 2428 321 317 
f 321 2428 2431 
f 2339 2351 2430 
f 2351 2348 2429 
f 2430 2429 635 
f 2429 2430 2351 
f 2339 2428 2342 
f 2428 317 704 
f 2342 704 702 
f 704 2342 2428 
f 635 636 2430 
f 636 311 2431 
f 2430 2431 2339 
f 2431 2430 636 
f 2416 2433 2424 
f 2433 2432 2434 
f 2424 2434 2423 
f 2434 2424 2433 
f 2432 2433 2437 
f 2433 2416 2436 
f 2437 2436 1542 
f 2436 2437 2433 
f 1542 2436 2435 
f 2436 2416 2421 
f 2435 2421 2419 
f 2421 2435 2436 
f 2438 2440 2439 
f 2440 2423 2434 
f 2439 2434 2432 
f 2434 2439 2440 
f 2423 2442 2426 
f 2442 815 2443 
f 2426 2443 580 
f 2443 2426 2442 
f 2438 2441 2440 
f 2441 815 2442 
f 2440 2442 2423 
f 2442 2440 2441 
f 1426 2444 1429 
f 2444 2419 2445 
f 1429 2445 1412 
f 2445 1429 2444 
f 1472 2446 2447 
f 2446 2419 2422 
f 2447 2422 2406 
f 2422 2447 2446 
f 1472 1473 2446 
f 1473 1412 2445 
f 2446 2445 2419 
f 2445 2446 1473 
f 1542 2435 1544 
f 2435 2419 2444 
f 1544 2444 1426 
f 2444 1544 2435 
f 2326 2452 2358 
f 2452 1468 2450 
f 2358 2450 2355 
f 2450 2358 2452 
f 2355 2448 2370 
f 2448 1377 2449 
f 2370 2449 2369 
f 2449 2370 2448 
f 2355 2450 2448 
f 2450 1468 2451 
f 2448 2451 1377 
f 2451 2448 2450 
f 1580 1849 2455 
f 1849 1846 2453 
f 2455 2453 1038 
f 2453 2455 1849 
f 1038 2453 1585 
f 2453 1846 2454 
f 1585 2454 1584 
f 2454 1585 2453 
f 1038 1041 2455 
f 1041 1035 1583 
f 2455 1583 1580 
f 1583 2455 1041 
f 1584 2457 1588 
f 2457 2456 2458 
f 1588 2458 1587 
f 2458 1588 2457 
f 2194 2460 2459 
f 2460 2456 2457 
f 2459 2457 1584 
f 2457 2459 2460 
f 1846 2196 2454 
f 2196 2194 2459 
f 2454 2459 1584 
f 2459 2454 2196 
f 2461 2463 2462 
f 2463 1587 2458 
f 2462 2458 2456 
f 2458 2462 2463 
f 1587 2463 2465 
f 2463 2461 2464 
f 2465 2464 996 
f 2464 2465 2463 
f 1587 2465 1590 
f 2465 996 997 
f 1590 997 993 
f 997 1590 2465 
f 2456 2460 2470 
f 2460 2194 2472 
f 2470 2472 2469 
f 2472 2470 2460 
f 2469 2471 2470 
f 2471 2466 2467 
f 2470 2467 2456 
f 2467 2470 2471 
f 2466 2468 2467 
f 2468 2461 2462 
f 2467 2462 2456 
f 2462 2467 2468 
f 996 2464 2479 
f 2464 2461 2478 
f 2479 2478 2476 
f 2478 2479 2464 
f 2461 2475 2478 
f 2475 2473 2477 
f 2478 2477 2476 
f 2477 2478 2475 
f 2466 2474 2468 
f 2474 2473 2475 
f 2468 2475 2461 
f 2475 2468 2474 
f 1734 2480 1891 
f 2480 1866 2481 
f 1891 2481 1890 
f 2481 1891 2480 
f 1734 2482 2480 
f 2482 1685 1869 
f 2480 1869 1866 
f 1869 2480 2482 
f 1734 1737 2482 
f 1737 1538 1688 
f 2482 1688 1685 
f 1688 2482 1737 
f 1890 2481 2484 
f 2481 1866 2485 
f 2484 2485 568 
f 2485 2484 2481 
f 1890 2483 1893 
f 2483 767 770 
f 1893 770 762 
f 770 1893 2483 
f 767 2483 2486 
f 2483 1890 2484 
f 2486 2484 568 
f 2484 2486 2483 
f 1866 1867 2485 
f 1867 563 570 
f 2485 570 568 
f 570 2485 1867 
f 2059 2487 2062 
f 2487 1241 2488 
f 2062 2488 2050 
f 2488 2062 2487 
f 1238 1272 2489 
f 1272 1269 2053 
f 2489 2053 2050 
f 2053 2489 1272 
f 1238 2489 1242 
f 2489 2050 2488 
f 1242 2488 1241 
f 2488 1242 2489 
f 1860 2492 2493 
f 2492 1510 2494 
f 2493 2494 747 
f 2494 2493 2492 
f 1860 2490 2492 
f 2490 1507 1513 
f 2492 1513 1510 
f 1513 2492 2490 
f 1850 2491 1863 
f 2491 1507 2490 
f 1863 2490 1860 
f 2490 1863 2491 
f 1860 2493 1871 
f 2493 747 753 
f 1871 753 750 
f 753 1871 2493 
f 744 749 1511 
f 749 747 2494 
f 1511 2494 1510 
f 2494 1511 749 
f 594 2498 2497 
f 2498 2466 2471 
f 2497 2471 2469 
f 2471 2497 2498 
f 594 600 2498 
f 600 597 2495 
f 2498 2495 2466 
f 2495 2498 600 
f 597 2496 2495 
f 2496 2473 2474 
f 2495 2474 2466 
f 2474 2495 2496 
f 597 2504 2496 
f 2504 826 2502 
f 2496 2502 2473 
f 2502 2496 2504 
f 826 2503 2502 
f 2503 2499 2500 
f 2502 2500 2473 
f 2500 2502 2503 
f 2473 2500 2477 
f 2500 2499 2501 
f 2477 2501 2476 
f 2501 2477 2500 
f 819 2507 2506 
f 2507 594 2497 
f 2506 2497 2469 
f 2497 2506 2507 
f 2191 2508 2505 
f 2508 819 2506 
f 2505 2506 2469 
f 2506 2505 2508 
f 2194 2197 2472 
f 2197 2191 2505 
f 2472 2505 2469 
f 2505 2472 2197 
f 982 2511 1779 
f 2511 2476 2510 
f 1779 2510 1776 
f 2510 1779 2511 
f 2476 2511 2479 
f 2511 982 999 
f 2479 999 996 
f 999 2479 2511 
f 2476 2501 2510 
f 2501 2499 2509 
f 2510 2509 1776 
f 2509 2510 2501 
f 1776 2509 2516 
f 2509 2499 2515 
f 2516 2515 2513 
f 2515 2516 2509 
f 829 2512 832 
f 2512 2499 2503 
f 832 2503 826 
f 2503 832 2512 
f 829 2514 2512 
f 2514 2513 2515 
f 2512 2515 2499 
f 2515 2512 2514 
f 1336 2519 1342 
f 2519 1922 2518 
f 1342 2518 1339 
f 2518 1342 2519 
f 1922 2519 2329 
f 2519 1336 1467 
f 2329 1467 1465 
f 1467 2329 2519 
f 1922 1925 2518 
f 1925 1832 2517 
f 2518 2517 1339 
f 2517 2518 1925 
f 1619 2521 2522 
f 2521 2175 2178 
f 2522 2178 2133 
f 2178 2522 2521 
f 1622 1623 2136 
f 1623 1619 2522 
f 2136 2522 2133 
f 2522 2136 1623 
f 1619 2200 2521 
f 2200 2198 2520 
f 2521 2520 2175 
f 2520 2521 2200 
f 2523 2524 2527 
f 2524 2198 2202 
f 2527 2202 1661 
f 2202 2527 2524 
f 2175 2520 2392 
f 2520 2198 2526 
f 2392 2526 2389 
f 2526 2392 2520 
f 2389 2526 2525 
f 2526 2198 2524 
f 2525 2524 2523 
f 2524 2525 2526 
f 2112 2113 2529 
f 2113 2107 2528 
f 2529 2528 2041 
f 2528 2529 2113 
f 2041 2528 2043 
f 2528 2107 2530 
f 2043 2530 684 
f 2530 2043 2528 
f 2107 2111 2530 
f 2111 670 687 
f 2530 687 684 
f 687 2530 2111 
f 2112 2529 2532 
f 2529 2041 2044 
f 2532 2044 2038 
f 2044 2532 2529 
f 1703 2531 2533 
f 2531 2112 2532 
f 2533 2532 2038 
f 2532 2533 2531 
f 2112 2531 2115 
f 2531 1703 1709 
f 2115 1709 1706 
f 1709 2115 2531 
f 2031 2536 2039 
f 2536 1564 2537 
f 2039 2537 2038 
f 2537 2039 2536 
f 1564 2536 1567 
f 2536 2031 2535 
f 1567 2535 1563 
f 2535 1567 2536 
f 2031 2036 2535 
f 2036 2034 2534 
f 2535 2534 1563 
f 2534 2535 2036 
f 2034 2541 2539 
f 2541 2045 2542 
f 2539 2542 2538 
f 2542 2539 2541 
f 1563 2534 2540 
f 2534 2034 2539 
f 2540 2539 2538 
f 2539 2540 2534 
f 1650 2543 2037 
f 2543 2045 2541 
f 2037 2541 2034 
f 2541 2037 2543 
f 1967 2544 1970 
f 2544 1982 2546 
f 1970 2546 1964 
f 2546 1970 2544 
f 1982 2544 2180 
f 2544 1967 2545 
f 2180 2545 2179 
f 2545 2180 2544 
f 1985 2547 1987 
f 2547 1964 2546 
f 1987 2546 1982 
f 2546 1987 2547 
f 1105 2550 1111 
f 2550 2179 2549 
f 1111 2549 1108 
f 2549 1111 2550 
f 2179 2545 2549 
f 2545 1967 2548 
f 2549 2548 1108 
f 2548 2549 2545 
f 1136 2182 1139 
f 2182 2179 2550 
f 1139 2550 1105 
f 2550 1139 2182 
f 1650 1653 2552 
f 1653 1507 2551 
f 2552 2551 1853 
f 2551 2552 1653 
f 1853 2551 1856 
f 2551 1507 2491 
f 1856 2491 1850 
f 2491 1856 2551 
f 2045 2543 2047 
f 2543 1650 2552 
f 2047 2552 1853 
f 2552 2047 2543 
f 853 854 2556 
f 854 850 2553 
f 2556 2553 1989 
f 2553 2556 854 
f 853 2556 2555 
f 2556 1989 1993 
f 2555 1993 761 
f 1993 2555 2556 
f 1989 2553 1995 
f 2553 850 2554 
f 1995 2554 1994 
f 2554 1995 2553 
f 1994 2558 1998 
f 2558 2557 2559 
f 1998 2559 1997 
f 2559 1998 2558 
f 2557 2558 2562 
f 2558 1994 2561 
f 2562 2561 2560 
f 2561 2562 2558 
f 2560 2561 2563 
f 2561 1994 2554 
f 2563 2554 850 
f 2554 2563 2561 
f 771 2565 2564 
f 2565 1997 2559 
f 2564 2559 2557 
f 2559 2564 2565 
f 771 2566 2565 
f 2566 1801 2567 
f 2565 2567 1997 
f 2567 2565 2566 
f 1727 2000 1802 
f 2000 1997 2567 
f 1802 2567 1801 
f 2567 1802 2000 
f 2557 2570 2564 
f 2570 774 775 
f 2564 775 771 
f 775 2564 2570 
f 2557 2569 2570 
f 2569 864 2571 
f 2570 2571 774 
f 2571 2570 2569 
f 2560 2568 2562 
f 2568 864 2569 
f 2562 2569 2557 
f 2569 2562 2568 
f 822 2574 2573 
f 2574 2191 2192 
f 2573 2192 2185 
f 2192 2573 2574 
f 576 577 2189 
f 577 473 2572 
f 2189 2572 2185 
f 2572 2189 577 
f 473 824 2572 
f 824 822 2573 
f 2572 2573 2185 
f 2573 2572 824 
f 1975 2577 1988 
f 2577 628 2578 
f 1988 2578 1985 
f 2578 1988 2577 
f 1975 1980 2576 
f 1980 1978 2575 
f 2576 2575 631 
f 2575 2576 1980 
f 631 632 2576 
f 632 628 2577 
f 2576 2577 1975 
f 2577 2576 632 
f 437 634 2580 
f 634 631 2575 
f 2580 2575 1978 
f 2575 2580 634 
f 1978 2579 2580 
f 2579 431 441 
f 2580 441 437 
f 441 2580 2579 
f 722 725 1981 
f 725 431 2579 
f 1981 2579 1978 
f 2579 1981 725 
f 2293 2294 2582 
f 2294 2290 2581 
f 2582 2581 1573 
f 2581 2582 2294 
f 1573 2581 2583 
f 2581 2290 2299 
f 2583 2299 2297 
f 2299 2583 2581 
f 1907 2584 1910 
f 2584 329 2585 
f 1910 2585 609 
f 2585 1910 2584 
f 1915 2586 1918 
f 2586 705 2587 
f 1918 2587 1907 
f 2587 1918 2586 
f 705 708 2587 
f 708 329 2584 
f 2587 2584 1907 
f 2584 2587 708 
f 1877 2588 2591 
f 2588 613 2590 
f 2591 2590 792 
f 2590 2591 2588 
f 792 793 2591 
f 793 789 2016 
f 2591 2016 1877 
f 2016 2591 793 
f 1825 2589 1880 
f 2589 613 2588 
f 1880 2588 1877 
f 2588 1880 2589 
f 2432 2593 2439 
f 2593 2592 2594 
f 2439 2594 2438 
f 2594 2439 2593 
f 1542 1548 2437 
f 1548 1545 2595 
f 2437 2595 2432 
f 2595 2437 1548 
f 1545 2596 2595 
f 2596 2592 2593 
f 2595 2593 2432 
f 2593 2595 2596 
f 2592 2598 2594 
f 2598 2597 2599 
f 2594 2599 2438 
f 2599 2594 2598 
f 2597 2600 2599 
f 2600 811 2601 
f 2599 2601 2438 
f 2601 2599 2600 
f 2438 2601 2441 
f 2601 811 817 
f 2441 817 815 
f 817 2441 2601 
f 2602 2603 2606 
f 2603 2592 2605 
f 2606 2605 1482 
f 2605 2606 2603 
f 2602 2604 2603 
f 2604 2597 2598 
f 2603 2598 2592 
f 2598 2603 2604 
f 1482 2605 1485 
f 2605 2592 2607 
f 1485 2607 1454 
f 2607 1485 2605 
f 2592 2596 2607 
f 2596 1545 1546 
f 2607 1546 1454 
f 1546 2607 2596 
f 811 2600 2614 
f 2600 2597 2613 
f 2614 2613 2611 
f 2613 2614 2600 
f 2608 2610 2609 
f 2610 2597 2604 
f 2609 2604 2602 
f 2604 2609 2610 
f 2597 2610 2613 
f 2610 2608 2612 
f 2613 2612 2611 
f 2612 2613 2610 
f 2615 2617 2616 
f 2617 2608 2609 
f 2616 2609 2602 
f 2609 2616 2617 
f 1479 2619 2618 
f 2619 2615 2616 
f 2618 2616 2602 
f 2616 2618 2619 
f 1482 1483 2606 
f 1483 1479 2618 
f 2606 2618 2602 
f 2618 2606 1483 
f 2620 2622 2621 
f 2622 2608 2617 
f 2621 2617 2615 
f 2617 2621 2622 
f 2608 2622 2625 
f 2622 2620 2624 
f 2625 2624 2623 
f 2624 2625 2622 
f 2623 2626 2625 
f 2626 2611 2612 
f 2625 2612 2608 
f 2612 2625 2626 
f 2615 2628 2621 
f 2628 2627 2629 
f 2621 2629 2620 
f 2629 2621 2628 
f 1517 2630 1520 
f 2630 2615 2619 
f 1520 2619 1479 
f 2619 1520 2630 
f 2615 2630 2628 
f 2630 1517 2631 
f 2628 2631 2627 
f 2631 2628 2630 
f 2620 2636 2624 
f 2636 833 2637 
f 2624 2637 2623 
f 2637 2624 2636 
f 2620 2629 2634 
f 2629 2627 2633 
f 2634 2633 2632 
f 2633 2634 2629 
f 833 2636 2635 
f 2636 2620 2634 
f 2635 2634 2632 
f 2634 2635 2636 
f 1514 1764 2640 
f 1764 1762 2638 
f 2640 2638 2627 
f 2638 2640 1764 
f 1762 2639 2638 
f 2639 2632 2633 
f 2638 2633 2627 
f 2633 2638 2639 
f 1514 2640 1518 
f 2640 2627 2631 
f 1518 2631 1517 
f 2631 1518 2640 
f 2632 2642 2641 
f 2642 1759 2643 
f 2641 2643 834 
f 2643 2641 2642 
f 1759 2642 1765 
f 2642 2632 2639 
f 1765 2639 1762 
f 2639 1765 2642 
f 834 836 2641 
f 836 833 2635 
f 2641 2635 2632 
f 2635 2641 836 
f 2611 2644 2614 
f 2644 587 813 
f 2614 813 811 
f 813 2614 2644 
f 2611 2626 2646 
f 2626 2623 2645 
f 2646 2645 590 
f 2645 2646 2626 
f 2623 2647 2645 
f 2647 838 2648 
f 2645 2648 590 
f 2648 2645 2647 
f 838 2647 840 
f 2647 2623 2637 
f 840 2637 833 
f 2637 840 2647 
f 867 870 2651 
f 870 864 2568 
f 2651 2568 2560 
f 2568 2651 870 
f 867 2651 895 
f 2651 2560 2650 
f 895 2650 890 
f 2650 895 2651 
f 2560 2563 2650 
f 2563 850 2649 
f 2650 2649 890 
f 2649 2650 2563 
f 1241 2652 1244 
f 2652 2293 2653 
f 1244 2653 1227 
f 2653 1244 2652 
f 2293 2652 2296 
f 2652 1241 2487 
f 2296 2487 2059 
f 2487 2296 2652 
f 1573 1576 2582 
f 1576 1227 2653 
f 2582 2653 2293 
f 2653 2582 1576 
f 401 607 801 
f 607 602 2245 
f 801 2245 796 
f 2245 801 607 
f 2380 2658 2383 
f 2658 738 740 
f 2383 740 737 
f 740 2383 2658 
f 2380 2656 2658 
f 2656 2654 2657 
f 2658 2657 738 
f 2657 2658 2656 
f 2380 2388 2656 
f 2388 2386 2655 
f 2656 2655 2654 
f 2655 2656 2388 
f 2389 2665 2391 
f 2665 2662 2663 
f 2391 2663 2386 
f 2663 2391 2665 
f 2659 2660 2664 
f 2660 2386 2663 
f 2664 2663 2662 
f 2663 2664 2660 
f 2654 2655 2661 
f 2655 2386 2660 
f 2661 2660 2659 
f 2660 2661 2655 
f 738 2657 743 
f 2657 2654 2668 
f 743 2668 55 
f 2668 743 2657 
f 55 2668 72 
f 2668 2654 2667 
f 72 2667 65 
f 2667 72 2668 
f 2659 2666 2661 
f 2666 65 2667 
f 2661 2667 2654 
f 2667 2661 2666 
f 2669 2672 2671 
f 2672 559 2673 
f 2671 2673 2659 
f 2673 2671 2672 
f 2659 2664 2671 
f 2664 2662 2670 
f 2671 2670 2669 
f 2670 2671 2664 
f 65 2666 560 
f 2666 2659 2673 
f 560 2673 559 
f 2673 560 2666 
f 2523 2676 2525 
f 2676 2662 2665 
f 2525 2665 2389 
f 2665 2525 2676 
f 2662 2676 2674 
f 2676 2523 2677 
f 2674 2677 1815 
f 2677 2674 2676 
f 1815 2675 2674 
f 2675 2669 2670 
f 2674 2670 2662 
f 2670 2674 2675 
f 559 2672 562 
f 2672 2669 2679 
f 562 2679 556 
f 2679 562 2672 
f 2669 2675 2678 
f 2675 1815 1820 
f 2678 1820 1818 
f 1820 2678 2675 
f 556 2679 2680 
f 2679 2669 2678 
f 2680 2678 1818 
f 2678 2680 2679 
f 2523 2681 2677 
f 2681 1664 2682 
f 2677 2682 1815 
f 2682 2677 2681 
f 1664 1665 2682 
f 1665 947 1817 
f 2682 1817 1815 
f 1817 2682 1665 
f 109 856 766 
f 856 853 2555 
f 766 2555 761 
f 2555 766 856 
f 782 2683 1963 
f 2683 573 2684 
f 1963 2684 1839 
f 2684 1963 2683 
f 782 784 2683 
f 784 461 575 
f 2683 575 573 
f 575 2683 784 
f 59 73 2685 
f 73 69 571 
f 2685 571 564 
f 571 2685 73 
f 750 752 1873 
f 752 59 2685 
f 1873 2685 564 
f 2685 1873 752 
f 2369 2449 2686 
f 2449 1377 1379 
f 2686 1379 1374 
f 1379 2686 2449 
f 1374 1478 2686 
f 1478 1475 2687 
f 2686 2687 2369 
f 2687 2686 1478 
f 2369 2687 2372 
f 2687 1475 2688 
f 2372 2688 2366 
f 2688 2372 2687 
f 2300 2689 2303 
f 2689 797 2255 
f 2303 2255 2251 
f 2255 2303 2689 
f 580 2443 585 
f 2443 815 818 
f 585 818 275 
f 818 585 2443 
f 613 2589 615 
f 2589 1825 1899 
f 615 1899 608 
f 1899 615 2589 
f 2260 2692 2690 
f 2692 1657 2693 
f 2690 2693 1696 
f 2693 2690 2692 
f 2260 2322 2692 
f 2322 1654 1660 
f 2692 1660 1657 
f 1660 2692 2322 
f 1696 2691 2690 
f 2691 2263 2264 
f 2690 2264 2260 
f 2264 2690 2691 
f 2263 2696 2698 
f 2696 2694 2697 
f 2698 2697 728 
f 2697 2698 2696 
f 2263 2698 2266 
f 2698 728 730 
f 2266 730 727 
f 730 2266 2698 
f 1696 2695 2691 
f 2695 2694 2696 
f 2691 2696 2263 
f 2696 2691 2695 
f 1696 2693 1698 
f 2693 1657 1658 
f 1698 1658 1192 
f 1658 1698 2693 
f 1696 1701 2695 
f 1701 1699 2699 
f 2695 2699 2694 
f 2699 2695 1701 
f 728 2697 2702 
f 2697 2694 2701 
f 2702 2701 2700 
f 2701 2702 2697 
f 1699 2704 2699 
f 2704 2703 2705 
f 2699 2705 2694 
f 2705 2699 2704 
f 2703 2706 2705 
f 2706 2700 2701 
f 2705 2701 2694 
f 2701 2705 2706 
f 178 658 190 
f 658 656 2320 
f 190 2320 189 
f 2320 190 658 
f 1801 2566 2709 
f 2566 771 2708 
f 2709 2708 2707 
f 2708 2709 2566 
f 221 2710 773 
f 2710 2707 2708 
f 773 2708 771 
f 2708 773 2710 
f 413 2711 606 
f 2711 716 1973 
f 606 1973 601 
f 1973 606 2711 
f 413 423 2711 
f 423 419 721 
f 2711 721 716 
f 721 2711 423 
f 618 2284 623 
f 2284 371 381 
f 623 381 377 
f 381 623 2284 
f 1661 1667 2527 
f 1667 1664 2681 
f 2527 2681 2523 
f 2681 2527 1667 
f 2538 2712 2540 
f 2712 1433 1568 
f 2540 1568 1563 
f 1568 2540 2712 
f 2538 2713 2712 
f 2713 1447 1450 
f 2712 1450 1433 
f 1450 2712 2713 
f 2045 2049 2542 
f 2049 1496 2714 
f 2542 2714 2538 
f 2714 2542 2049 
f 1447 2713 1499 
f 2713 2538 2714 
f 1499 2714 1496 
f 2714 1499 2713 
f 1377 2451 1380 
f 2451 1468 1471 
f 1380 1471 1360 
f 1471 1380 2451 
f 1967 1969 2548 
f 1969 1594 2715 
f 2548 2715 1108 
f 2715 2548 1969 
f 850 851 2649 
f 851 129 892 
f 2649 892 890 
f 892 2649 851 
f 2001 2002 2716 
f 2002 926 1810 
f 2716 1810 1808 
f 1810 2716 2002 
f 2720 2722 2721 
f 2722 1808 2719 
f 2721 2719 2717 
f 2719 2721 2722 
f 2717 2719 2718 
f 2719 1808 1813 
f 2718 1813 1811 
f 1813 2718 2719 
f 1808 2722 2716 
f 2722 2720 2723 
f 2716 2723 2001 
f 2723 2716 2722 
f 2724 2726 2725 
f 2726 2717 2718 
f 2725 2718 1811 
f 2718 2725 2726 
f 954 1775 1814 
f 1775 1773 2727 
f 1814 2727 1811 
f 2727 1814 1775 
f 1811 2727 2725 
f 2727 1773 2728 
f 2725 2728 2724 
f 2728 2725 2727 
f 2717 2726 2730 
f 2726 2724 2729 
f 2730 2729 688 
f 2729 2730 2726 
f 2717 2731 2721 
f 2731 521 2732 
f 2721 2732 2720 
f 2732 2721 2731 
f 521 2731 689 
f 2731 2717 2730 
f 689 2730 688 
f 2730 689 2731 
f 688 2729 694 
f 2729 2724 2736 
f 694 2736 691 
f 2736 694 2729 
f 691 2736 2735 
f 2736 2724 2734 
f 2735 2734 2513 
f 2734 2735 2736 
f 1773 2733 2728 
f 2733 2513 2734 
f 2728 2734 2724 
f 2734 2728 2733 
f 778 2738 2737 
f 2738 2001 2723 
f 2737 2723 2720 
f 2723 2737 2738 
f 527 2739 531 
f 2739 2720 2732 
f 531 2732 521 
f 2732 531 2739 
f 2720 2739 2737 
f 2739 527 781 
f 2737 781 778 
f 781 2737 2739 
f 2004 2005 2740 
f 2005 2001 2738 
f 2740 2738 778 
f 2738 2740 2005 
f 778 779 2740 
f 779 539 2743 
f 2740 2743 2004 
f 2743 2740 779 
f 871 2741 873 
f 2741 2004 2743 
f 873 2743 539 
f 2743 873 2741 
f 2004 2741 2007 
f 2741 871 2742 
f 2007 2742 900 
f 2742 2007 2741 
f 2085 2744 2101 
f 2744 674 676 
f 2101 676 673 
f 676 2101 2744 
f 649 2745 2207 
f 2745 674 2744 
f 2207 2744 2085 
f 2744 2207 2745 
f 155 679 651 
f 679 674 2745 
f 651 2745 649 
f 2745 651 679 
f 804 2415 806 
f 2415 581 586 
f 806 586 287 
f 586 806 2415 
f 2746 2749 2748 
f 2749 1759 1760 
f 2748 1760 1720 
f 1760 2748 2749 
f 1720 1806 2748 
f 1806 1804 2747 
f 2748 2747 2746 
f 2747 2748 1806 
f 2707 2752 2709 
f 2752 1804 1807 
f 2709 1807 1801 
f 1807 2709 2752 
f 695 2751 2750 
f 2751 2746 2747 
f 2750 2747 1804 
f 2747 2750 2751 
f 2707 2753 2752 
f 2753 695 2750 
f 2752 2750 1804 
f 2750 2752 2753 
f 2746 2754 2749 
f 2754 834 2643 
f 2749 2643 1759 
f 2643 2749 2754 
f 698 2756 2755 
f 2756 834 2754 
f 2755 2754 2746 
f 2754 2755 2756 
f 698 2755 700 
f 2755 2746 2751 
f 700 2751 695 
f 2751 700 2755 
f 705 2586 707 
f 2586 1915 2344 
f 707 2344 702 
f 2344 707 2586 
f 556 2757 558 
f 2757 757 758 
f 558 758 85 
f 758 558 2757 
f 919 2758 1821 
f 2758 757 2759 
f 1821 2759 1818 
f 2759 1821 2758 
f 757 2758 760 
f 2758 919 922 
f 760 922 754 
f 922 760 2758 
f 556 2680 2757 
f 2680 1818 2759 
f 2757 2759 757 
f 2759 2757 2680 
f 767 2486 769 
f 2486 568 572 
f 769 572 89 
f 572 769 2486 
f 587 2644 591 
f 2644 2611 2646 
f 591 2646 590 
f 2646 591 2644 
f 1199 1572 1557 
f 1572 1570 2307 
f 1557 2307 1556 
f 2307 1557 1572 
f 609 2585 616 
f 2585 329 339 
f 616 339 335 
f 339 616 2585 
f 613 617 2590 
f 617 347 795 
f 2590 795 792 
f 795 2590 617 
f 192 2760 194 
f 2760 40 41 
f 194 41 7 
f 41 194 2760 
f 40 2761 2762 
f 2761 2168 2385 
f 2762 2385 737 
f 2385 2762 2761 
f 2168 2761 2313 
f 2761 40 2760 
f 2313 2760 192 
f 2760 2313 2761 
f 36 43 742 
f 43 40 2762 
f 742 2762 737 
f 2762 742 43 
f 1839 2684 2190 
f 2684 573 579 
f 2190 579 576 
f 579 2190 2684 
f 1171 1561 1604 
f 1561 1559 2239 
f 1604 2239 1601 
f 2239 1604 1561 
f 1269 1270 2055 
f 1270 1266 1639 
f 2055 1639 1636 
f 1639 2055 1270 
f 1472 2447 2763 
f 2447 2406 2409 
f 2763 2409 2366 
f 2409 2763 2447 
f 1472 2763 1476 
f 2763 2366 2688 
f 1476 2688 1475 
f 2688 1476 2763 
f 239 841 701 
f 841 834 2756 
f 701 2756 698 
f 2756 701 841 
f 1108 2715 1110 
f 2715 1594 1597 
f 1110 1597 1077 
f 1597 1110 2715 
f 1133 1611 1137 
f 1611 1608 2184 
f 1137 2184 1136 
f 2184 1137 1611 
f 797 2689 802 
f 2689 2300 2764 
f 802 2764 624 
f 2764 802 2689 
f 624 2764 626 
f 2764 2300 2305 
f 626 2305 619 
f 2305 626 2764 
f 2348 2396 2429 
f 2396 638 641 
f 2429 641 635 
f 641 2429 2396 
f 884 903 2765 
f 903 900 2742 
f 2765 2742 871 
f 2742 2765 903 
f 884 2765 887 
f 2765 871 877 
f 887 877 874 
f 877 887 2765 
f 1304 1341 1632 
f 1341 1339 2766 
f 1632 2766 1629 
f 2766 1632 1341 
f 1339 2517 2766 
f 2517 1832 1835 
f 2766 1835 1629 
f 1835 2766 2517 
f 712 2767 714 
f 2767 789 790 
f 714 790 359 
f 790 714 2767 
f 2013 2018 2273 
f 2018 789 2767 
f 2273 2767 712 
f 2767 2273 2018 
f 807 810 2397 
f 810 299 640 
f 2397 640 638 
f 640 2397 810 
f 628 629 2768 
f 629 449 788 
f 2768 788 785 
f 788 2768 629 
f 628 2769 2578 
f 2769 2009 2770 
f 2578 2770 1985 
f 2770 2578 2769 
f 628 2768 2769 
f 2768 785 2011 
f 2769 2011 2009 
f 2011 2769 2768 
f 227 697 2771 
f 697 695 2753 
f 2771 2753 2707 
f 2753 2771 697 
f 221 231 2710 
f 231 227 2771 
f 2710 2771 2707 
f 2771 2710 231 
f 2216 2772 2323 
f 2772 1252 1257 
f 2323 1257 1255 
f 1257 2323 2772 
f 2216 2220 2772 
f 2220 1283 1286 
f 2772 1286 1252 
f 1286 2772 2220 
f 485 596 820 
f 596 594 2507 
f 820 2507 819 
f 2507 820 596 
f 1643 1646 2221 
f 1646 1280 1285 
f 2221 1285 1283 
f 1285 2221 1646 
f 838 842 2648 
f 842 251 593 
f 2648 593 590 
f 593 2648 842 
f 826 2504 828 
f 2504 597 598 
f 828 598 497 
f 598 828 2504 
f 691 2773 693 
f 2773 829 830 
f 693 830 509 
f 830 693 2773 
f 1699 1702 2774 
f 1702 1147 1152 
f 2774 1152 1150 
f 1152 2774 1702 
f 1150 2777 2778 
f 2777 2775 2779 
f 2778 2779 2703 
f 2779 2778 2777 
f 2775 2777 2776 
f 2777 1150 1153 
f 2776 1153 1119 
f 1153 2776 2777 
f 2703 2704 2778 
f 2704 1699 2774 
f 2778 2774 1150 
f 2774 2778 2704 
f 2326 2331 2452 
f 2331 1465 1470 
f 2452 1470 1468 
f 1470 2452 2331 
f 209 777 865 
f 777 774 2571 
f 865 2571 864 
f 2571 865 777 
f 733 734 2780 
f 734 728 2702 
f 2780 2702 2700 
f 2702 2780 734 
f 2781 2783 2787 
f 2783 733 2786 
f 2787 2786 2785 
f 2786 2787 2783 
f 2781 2784 2783 
f 2784 659 2782 
f 2783 2782 733 
f 2782 2783 2784 
f 653 736 664 
f 736 733 2782 
f 664 2782 659 
f 2782 664 736 
f 2785 2786 2788 
f 2786 733 2780 
f 2788 2780 2700 
f 2780 2788 2786 
f 2789 2790 2792 
f 2790 659 2784 
f 2792 2784 2781 
f 2784 2792 2790 
f 2789 2791 2790 
f 2791 660 662 
f 2790 662 659 
f 662 2790 2791 
f 660 2791 2316 
f 2791 2789 2793 
f 2316 2793 2314 
f 2793 2316 2791 
f 2794 2797 2796 
f 2797 2147 2798 
f 2796 2798 2789 
f 2798 2796 2797 
f 2789 2792 2796 
f 2792 2781 2795 
f 2796 2795 2794 
f 2795 2796 2792 
f 2147 2799 2798 
f 2799 2314 2793 
f 2798 2793 2789 
f 2793 2798 2799 
f 2781 2787 2801 
f 2787 2785 2803 
f 2801 2803 2800 
f 2803 2801 2787 
f 2800 2802 2801 
f 2802 2794 2795 
f 2801 2795 2781 
f 2795 2801 2802 
f 2147 2797 2149 
f 2797 2794 2808 
f 2149 2808 2144 
f 2808 2149 2797 
f 2794 2806 2808 
f 2806 2804 2807 
f 2808 2807 2144 
f 2807 2808 2806 
f 2794 2802 2806 
f 2802 2800 2805 
f 2806 2805 2804 
f 2805 2806 2802 
f 2800 2803 2812 
f 2803 2785 2811 
f 2812 2811 2775 
f 2811 2812 2803 
f 2800 2812 2809 
f 2812 2775 2813 
f 2809 2813 1122 
f 2813 2809 2812 
f 2804 2805 2810 
f 2805 2800 2809 
f 2810 2809 1122 
f 2809 2810 2805 
f 1091 2816 1125 
f 2816 2804 2810 
f 1125 2810 1122 
f 2810 1125 2816 
f 2144 2807 2815 
f 2807 2804 2814 
f 2815 2814 1094 
f 2814 2815 2807 
f 1094 2814 1096 
f 2814 2804 2816 
f 1096 2816 1091 
f 2816 1096 2814 
f 2703 2779 2817 
f 2779 2775 2811 
f 2817 2811 2785 
f 2811 2817 2779 
f 2785 2788 2817 
f 2788 2700 2706 
f 2817 2706 2703 
f 2706 2817 2788 
f 1615 2146 2818 
f 2146 2144 2815 
f 2818 2815 1094 
f 2815 2818 2146 
f 680 683 2259 
f 683 646 2819 
f 2259 2819 2203 
f 2819 2259 683 
f 646 652 2819 
f 652 649 2208 
f 2819 2208 2203 
f 2208 2819 652 
f 1122 2813 1124 
f 2813 2775 2776 
f 1124 2776 1119 
f 2776 1124 2813 
f 1776 2516 1778 
f 2516 2513 2733 
f 1778 2733 1773 
f 2733 1778 2516 
f 1964 2547 2012 
f 2547 1985 2770 
f 2012 2770 2009 
f 2770 2012 2547 
f 2314 2799 2319 
f 2799 2147 2150 
f 2319 2150 2137 
f 2150 2319 2799 
f 1615 2818 1618 
f 2818 1094 1097 
f 1618 1097 1059 
f 1097 1618 2818 
f 1255 1258 2325 
f 1258 1220 1656 
f 2325 1656 1654 
f 1656 2325 1258 
f 1564 1569 2820 
f 1569 1405 1705 
f 2820 1705 1703 
f 1705 2820 1569 
f 1552 2117 1555 
f 2117 1706 1707 
f 1555 1707 1367 
f 1707 1555 2117 
f 2513 2514 2735 
f 2514 829 2773 
f 2735 2773 691 
f 2773 2735 2514 
f 1703 2533 2820 
f 2533 2038 2537 
f 2820 2537 1564 
f 2537 2820 2533 
f 2191 2574 2508 
f 2574 822 825 
f 2508 825 819 
f 825 2508 2574 
f 1573 2583 1575 
f 2583 2297 2309 
f 1575 2309 1570 
f 2309 1575 2583 
f 3299 3325 3306 
f 3325 3324 3326 
f 3306 3326 3303 
f 3326 3306 3325 
f 3299 3328 3325 
f 3328 3327 3329 
f 3325 3329 3324 
f 3329 3325 3328 
f 3327 3328 3330 
f 3328 3299 3302 
f 3330 3302 3295 
f 3302 3330 3328 
f 3171 3332 3178 
f 3332 3331 3333 
f 3178 3333 3175 
f 3333 3178 3332 
f 3175 3335 3182 
f 3335 3334 3336 
f 3182 3336 3179 
f 3336 3182 3335 
f 3331 3338 3333 
f 3338 3337 3339 
f 3333 3339 3175 
f 3339 3333 3338 
f 3175 3339 3335 
f 3339 3337 3340 
f 3335 3340 3334 
f 3340 3335 3339 
f 3239 3342 3246 
f 3342 3341 3343 
f 3246 3343 3243 
f 3343 3246 3342 
f 3239 3345 3342 
f 3345 3344 3346 
f 3342 3346 3341 
f 3346 3342 3345 
f 3344 3345 3347 
f 3345 3239 3242 
f 3347 3242 3235 
f 3242 3347 3345 
f 3107 3349 3114 
f 3349 3348 3350 
f 3114 3350 3111 
f 3350 3114 3349 
f 3348 3352 3350 
f 3352 3351 3353 
f 3350 3353 3111 
f 3353 3350 3352 
f 3111 3353 3118 
f 3353 3351 3354 
f 3118 3354 3115 
f 3354 3118 3353 
f 3355 3357 3359 
f 3357 3143 3358 
f 3359 3358 3356 
f 3358 3359 3357 
f 3143 3357 3150 
f 3357 3355 3360 
f 3150 3360 3147 
f 3360 3150 3357 
f 3143 3146 3358 
f 3146 3139 3361 
f 3358 3361 3356 
f 3361 3358 3146 
f 3362 3363 3364 
f 3363 3207 3208 
f 3364 3208 3203 
f 3208 3364 3363 
f 3207 3363 3367 
f 3363 3362 3366 
f 3367 3366 3365 
f 3366 3367 3363 
f 3211 3212 3368 
f 3212 3207 3367 
f 3368 3367 3365 
f 3367 3368 3212 
f 3263 3370 3270 
f 3370 3369 3371 
f 3270 3371 3267 
f 3371 3270 3370 
f 3372 3373 3374 
f 3373 3271 3274 
f 3374 3274 3267 
f 3274 3374 3373 
f 3372 3374 3375 
f 3374 3267 3371 
f 3375 3371 3369 
f 3371 3375 3374 
f 3376 3378 3380 
f 3378 3377 3379 
f 3380 3379 3077 
f 3379 3380 3378 
f 3076 3381 3079 
f 3381 3376 3380 
f 3079 3380 3077 
f 3380 3079 3381 
f 3083 3085 3382 
f 3085 3077 3379 
f 3382 3379 3377 
f 3379 3382 3085 
f 3287 3289 3385 
f 3289 3283 3384 
f 3385 3384 3383 
f 3384 3385 3289 
f 3386 3387 3388 
f 3387 3283 3285 
f 3388 3285 3279 
f 3285 3388 3387 
f 3283 3387 3384 
f 3387 3386 3389 
f 3384 3389 3383 
f 3389 3384 3387 
f 3227 3229 3392 
f 3229 3223 3391 
f 3392 3391 3390 
f 3391 3392 3229 
f 3390 3391 3395 
f 3391 3223 3394 
f 3395 3394 3393 
f 3394 3395 3391 
f 3223 3226 3394 
f 3226 3219 3396 
f 3394 3396 3393 
f 3396 3394 3226 
f 3187 3398 3192 
f 3398 3397 3399 
f 3192 3399 3191 
f 3399 3192 3398 
f 3191 3399 3402 
f 3399 3397 3401 
f 3402 3401 3400 
f 3401 3402 3399 
f 3191 3404 3196 
f 3404 3403 3405 
f 3196 3405 3195 
f 3405 3196 3404 
f 3191 3402 3404 
f 3402 3400 3406 
f 3404 3406 3403 
f 3406 3404 3402 
f 3407 3409 3411 
f 3409 3408 3410 
f 3411 3410 3127 
f 3410 3411 3409 
f 3408 3412 3410 
f 3412 3131 3134 
f 3410 3134 3127 
f 3134 3410 3412 
f 3407 3411 3413 
f 3411 3127 3128 
f 3413 3128 3123 
f 3128 3413 3411 
f 3159 3415 3164 
f 3415 3414 3416 
f 3164 3416 3163 
f 3416 3164 3415 
f 3417 3418 3419 
f 3418 3414 3415 
f 3419 3415 3159 
f 3415 3419 3418 
f 3417 3419 3420 
f 3419 3159 3162 
f 3420 3162 3155 
f 3162 3420 3419 
f 3095 3423 3425 
f 3423 3421 3424 
f 3425 3424 3422 
f 3424 3425 3423 
f 3095 3425 3428 
f 3425 3422 3427 
f 3428 3427 3426 
f 3427 3428 3425 
f 3095 3098 3423 
f 3098 3091 3429 
f 3423 3429 3421 
f 3429 3423 3098 
f 3426 3430 3428 
f 3430 3099 3101 
f 3428 3101 3095 
f 3101 3428 3430 
f 3315 3432 3322 
f 3432 3431 3433 
f 3322 3433 3319 
f 3433 3322 3432 
f 3431 3432 3436 
f 3432 3315 3435 
f 3436 3435 3434 
f 3435 3436 3432 
f 3434 3435 3437 
f 3435 3315 3318 
f 3437 3318 3311 
f 3318 3437 3435 
f 3255 3258 3440 
f 3258 3251 3439 
f 3440 3439 3438 
f 3439 3440 3258 
f 3438 3442 3440 
f 3442 3441 3443 
f 3440 3443 3255 
f 3443 3440 3442 
f 3259 3262 3444 
f 3262 3255 3443 
f 3444 3443 3441 
f 3443 3444 3262 
f 3167 3446 3448 
f 3446 3445 3447 
f 3448 3447 3331 
f 3447 3448 3446 
f 3163 3449 3168 
f 3449 3445 3446 
f 3168 3446 3167 
f 3446 3168 3449 
f 3331 3332 3448 
f 3332 3171 3174 
f 3448 3174 3167 
f 3174 3448 3332 
f 3450 3451 3453 
f 3451 3344 3452 
f 3453 3452 3231 
f 3452 3453 3451 
f 3231 3452 3238 
f 3452 3344 3347 
f 3238 3347 3235 
f 3347 3238 3452 
f 3227 3454 3234 
f 3454 3450 3453 
f 3234 3453 3231 
f 3453 3234 3454 
f 3455 3456 3457 
f 3456 3119 3121 
f 3457 3121 3115 
f 3121 3457 3456 
f 3458 3459 3460 
f 3459 3119 3456 
f 3460 3456 3455 
f 3456 3460 3459 
f 3119 3459 3126 
f 3459 3458 3461 
f 3126 3461 3123 
f 3461 3126 3459 
f 3251 3254 3464 
f 3254 3247 3463 
f 3464 3463 3462 
f 3463 3464 3254 
f 3465 3466 3467 
f 3466 3462 3463 
f 3467 3463 3247 
f 3463 3467 3466 
f 3247 3249 3467 
f 3249 3243 3468 
f 3467 3468 3465 
f 3468 3467 3249 
f 3287 3470 3294 
f 3470 3469 3471 
f 3294 3471 3291 
f 3471 3294 3470 
f 3291 3472 3298 
f 3472 3327 3330 
f 3298 3330 3295 
f 3330 3298 3472 
f 3469 3473 3471 
f 3473 3327 3472 
f 3471 3472 3291 
f 3472 3471 3473 
f 3183 3475 3190 
f 3475 3474 3476 
f 3190 3476 3187 
f 3476 3190 3475 
f 3334 3477 3336 
f 3477 3183 3186 
f 3336 3186 3179 
f 3186 3336 3477 
f 3183 3477 3475 
f 3477 3334 3478 
f 3475 3478 3474 
f 3478 3475 3477 
f 3135 3480 3142 
f 3480 3479 3481 
f 3142 3481 3139 
f 3481 3142 3480 
f 3479 3480 3483 
f 3480 3135 3482 
f 3483 3482 3408 
f 3482 3483 3480 
f 3131 3412 3138 
f 3412 3408 3482 
f 3138 3482 3135 
f 3482 3138 3412 
f 3307 3485 3314 
f 3485 3484 3486 
f 3314 3486 3311 
f 3486 3314 3485 
f 3307 3488 3485 
f 3488 3487 3489 
f 3485 3489 3484 
f 3489 3485 3488 
f 3487 3488 3490 
f 3488 3307 3310 
f 3490 3310 3303 
f 3310 3490 3488 
f 3203 3206 3493 
f 3206 3199 3492 
f 3493 3492 3491 
f 3492 3493 3206 
f 3199 3494 3492 
f 3494 3403 3495 
f 3492 3495 3491 
f 3495 3492 3494 
f 3199 3202 3494 
f 3202 3195 3405 
f 3494 3405 3403 
f 3405 3494 3202 
f 3219 3222 3498 
f 3222 3215 3497 
f 3498 3497 3496 
f 3497 3498 3222 
f 3211 3500 3218 
f 3500 3499 3501 
f 3218 3501 3215 
f 3501 3218 3500 
f 3496 3497 3502 
f 3497 3215 3501 
f 3502 3501 3499 
f 3501 3502 3497 
f 3087 3089 3505 
f 3089 3083 3504 
f 3505 3504 3503 
f 3504 3505 3089 
f 3421 3506 3507 
f 3506 3087 3505 
f 3507 3505 3503 
f 3505 3507 3506 
f 3421 3429 3506 
f 3429 3091 3094 
f 3506 3094 3087 
f 3094 3506 3429 
f 3426 3508 3430 
f 3508 3103 3106 
f 3430 3106 3099 
f 3106 3430 3508 
f 3509 3510 3511 
f 3510 3103 3508 
f 3511 3508 3426 
f 3508 3511 3510 
f 3348 3512 3513 
f 3512 3103 3510 
f 3513 3510 3509 
f 3510 3513 3512 
f 3103 3512 3110 
f 3512 3348 3349 
f 3110 3349 3107 
f 3349 3110 3512 
f 3514 3516 3518 
f 3516 3151 3517 
f 3518 3517 3515 
f 3517 3518 3516 
f 3515 3517 3519 
f 3517 3151 3154 
f 3519 3154 3147 
f 3154 3519 3517 
f 3151 3516 3158 
f 3516 3514 3520 
f 3158 3520 3155 
f 3520 3158 3516 
f 3275 3277 3523 
f 3277 3271 3522 
f 3523 3522 3521 
f 3522 3523 3277 
f 3279 3282 3526 
f 3282 3275 3525 
f 3526 3525 3524 
f 3525 3526 3282 
f 3524 3525 3527 
f 3525 3275 3523 
f 3527 3523 3521 
f 3523 3527 3525 
f 3076 3323 3530 
f 3323 3319 3529 
f 3530 3529 3528 
f 3529 3530 3323 
f 3528 3531 3530 
f 3531 3376 3381 
f 3530 3381 3076 
f 3381 3530 3531 
f 3377 3378 3534 
f 3378 3376 3533 
f 3534 3533 3532 
f 3533 3534 3378 
f 3528 3536 3531 
f 3536 3535 3537 
f 3531 3537 3376 
f 3537 3531 3536 
f 3376 3537 3533 
f 3537 3535 3538 
f 3533 3538 3532 
f 3538 3533 3537 
f 3503 3540 3542 
f 3540 3377 3541 
f 3542 3541 3539 
f 3541 3542 3540 
f 3539 3541 3543 
f 3541 3377 3534 
f 3543 3534 3532 
f 3534 3543 3541 
f 3377 3540 3382 
f 3540 3503 3504 
f 3382 3504 3083 
f 3504 3382 3540 
f 3544 3546 3548 
f 3546 3532 3547 
f 3548 3547 3545 
f 3547 3548 3546 
f 3535 3549 3538 
f 3549 3545 3547 
f 3538 3547 3532 
f 3547 3538 3549 
f 3544 3550 3546 
f 3550 3539 3543 
f 3546 3543 3532 
f 3543 3546 3550 
f 3551 3553 3555 
f 3553 3539 3554 
f 3555 3554 3552 
f 3554 3555 3553 
f 3544 3556 3550 
f 3556 3552 3554 
f 3550 3554 3539 
f 3554 3550 3556 
f 3503 3542 3557 
f 3542 3539 3553 
f 3557 3553 3551 
f 3553 3557 3542 
f 3544 3548 3560 
f 3548 3545 3559 
f 3560 3559 3558 
f 3559 3560 3548 
f 3561 3562 3563 
f 3562 3552 3556 
f 3563 3556 3544 
f 3556 3563 3562 
f 3561 3563 3564 
f 3563 3544 3560 
f 3564 3560 3558 
f 3560 3564 3563 
f 3565 3566 3567 
f 3566 3545 3549 
f 3567 3549 3535 
f 3549 3567 3566 
f 3545 3566 3570 
f 3566 3565 3569 
f 3570 3569 3568 
f 3569 3570 3566 
f 3545 3570 3559 
f 3570 3568 3571 
f 3559 3571 3558 
f 3571 3559 3570 
f 3558 3574 3576 
f 3574 3572 3575 
f 3576 3575 3573 
f 3575 3576 3574 
f 3558 3576 3564 
f 3576 3573 3577 
f 3564 3577 3561 
f 3577 3564 3576 
f 3568 3578 3571 
f 3578 3572 3574 
f 3571 3574 3558 
f 3574 3571 3578 
f 3579 3581 3583 
f 3581 3580 3582 
f 3583 3582 3561 
f 3582 3583 3581 
f 3580 3584 3582 
f 3584 3552 3562 
f 3582 3562 3561 
f 3562 3582 3584 
f 3561 3577 3583 
f 3577 3573 3585 
f 3583 3585 3579 
f 3585 3583 3577 
f 3572 3587 3575 
f 3587 3586 3588 
f 3575 3588 3573 
f 3588 3575 3587 
f 3579 3585 3591 
f 3585 3573 3590 
f 3591 3590 3589 
f 3590 3591 3585 
f 3573 3588 3590 
f 3588 3586 3592 
f 3590 3592 3589 
f 3592 3590 3588 
f 3593 3594 3595 
f 3594 3572 3578 
f 3595 3578 3568 
f 3578 3595 3594 
f 3572 3597 3587 
f 3597 3596 3598 
f 3587 3598 3586 
f 3598 3587 3597 
f 3596 3597 3599 
f 3597 3572 3594 
f 3599 3594 3593 
f 3594 3599 3597 
f 3586 3602 3604 
f 3602 3600 3603 
f 3604 3603 3601 
f 3603 3604 3602 
f 3586 3604 3592 
f 3604 3601 3605 
f 3592 3605 3589 
f 3605 3592 3604 
f 3596 3606 3598 
f 3606 3600 3602 
f 3598 3602 3586 
f 3602 3598 3606 
f 3589 3605 3609 
f 3605 3601 3608 
f 3609 3608 3607 
f 3608 3609 3605 
f 3589 3609 3612 
f 3609 3607 3611 
f 3612 3611 3610 
f 3611 3612 3609 
f 3579 3591 3613 
f 3591 3589 3612 
f 3613 3612 3610 
f 3612 3613 3591 
f 3614 3615 3616 
f 3615 3607 3608 
f 3616 3608 3601 
f 3608 3616 3615 
f 3617 3618 3619 
f 3618 3601 3603 
f 3619 3603 3600 
f 3603 3619 3618 
f 3614 3616 3620 
f 3616 3601 3618 
f 3620 3618 3617 
f 3618 3620 3616 
f 3600 3622 3619 
f 3622 3621 3623 
f 3619 3623 3617 
f 3623 3619 3622 
f 3624 3625 3626 
f 3625 3600 3606 
f 3626 3606 3596 
f 3606 3626 3625 
f 3624 3627 3625 
f 3627 3621 3622 
f 3625 3622 3600 
f 3622 3625 3627 
f 3617 3623 3630 
f 3623 3621 3629 
f 3630 3629 3628 
f 3629 3630 3623 
f 3628 3632 3630 
f 3632 3631 3633 
f 3630 3633 3617 
f 3633 3630 3632 
f 3631 3634 3633 
f 3634 3614 3620 
f 3633 3620 3617 
f 3620 3633 3634 
f 3614 3634 3637 
f 3634 3631 3636 
f 3637 3636 3635 
f 3636 3637 3634 
f 3638 3639 3640 
f 3639 3614 3637 
f 3640 3637 3635 
f 3637 3640 3639 
f 3614 3639 3615 
f 3639 3638 3641 
f 3615 3641 3607 
f 3641 3615 3639 
f 3631 3644 3646 
f 3644 3642 3645 
f 3646 3645 3643 
f 3645 3646 3644 
f 3628 3647 3632 
f 3647 3642 3644 
f 3632 3644 3631 
f 3644 3632 3647 
f 3631 3646 3636 
f 3646 3643 3648 
f 3636 3648 3635 
f 3648 3636 3646 
f 3649 3651 3653 
f 3651 3628 3652 
f 3653 3652 3650 
f 3652 3653 3651 
f 3649 3654 3651 
f 3654 3642 3647 
f 3651 3647 3628 
f 3647 3651 3654 
f 3628 3629 3652 
f 3629 3621 3655 
f 3652 3655 3650 
f 3655 3652 3629 
f 3649 3657 3654 
f 3657 3656 3658 
f 3654 3658 3642 
f 3658 3654 3657 
f 3643 3645 3661 
f 3645 3642 3660 
f 3661 3660 3659 
f 3660 3661 3645 
f 3642 3658 3660 
f 3658 3656 3662 
f 3660 3662 3659 
f 3662 3660 3658 
f 3643 3661 3665 
f 3661 3659 3664 
f 3665 3664 3663 
f 3664 3665 3661 
f 3643 3667 3648 
f 3667 3666 3668 
f 3648 3668 3635 
f 3668 3648 3667 
f 3666 3667 3669 
f 3667 3643 3665 
f 3669 3665 3663 
f 3665 3669 3667 
f 3656 3671 3662 
f 3671 3670 3672 
f 3662 3672 3659 
f 3672 3662 3671 
f 3673 3674 3675 
f 3674 3659 3672 
f 3675 3672 3670 
f 3672 3675 3674 
f 3659 3674 3664 
f 3674 3673 3676 
f 3664 3676 3663 
f 3676 3664 3674 
f 3677 3679 3681 
f 3679 3678 3680 
f 3681 3680 3656 
f 3680 3681 3679 
f 3677 3681 3682 
f 3681 3656 3657 
f 3682 3657 3649 
f 3657 3682 3681 
f 3678 3683 3680 
f 3683 3670 3671 
f 3680 3671 3656 
f 3671 3680 3683 
f 3670 3683 3686 
f 3683 3678 3685 
f 3686 3685 3684 
f 3685 3686 3683 
f 3673 3675 3689 
f 3675 3670 3688 
f 3689 3688 3687 
f 3688 3689 3675 
f 3670 3686 3688 
f 3686 3684 3690 
f 3688 3690 3687 
f 3690 3688 3686 
f 3691 3692 3693 
f 3692 3666 3669 
f 3693 3669 3663 
f 3669 3693 3692 
f 3673 3695 3676 
f 3695 3694 3696 
f 3676 3696 3663 
f 3696 3676 3695 
f 3694 3697 3696 
f 3697 3691 3693 
f 3696 3693 3663 
f 3693 3696 3697 
f 3678 3700 3702 
f 3700 3698 3701 
f 3702 3701 3699 
f 3701 3702 3700 
f 3678 3702 3685 
f 3702 3699 3703 
f 3685 3703 3684 
f 3703 3685 3702 
f 3677 3704 3679 
f 3704 3698 3700 
f 3679 3700 3678 
f 3700 3679 3704 
f 3684 3703 3707 
f 3703 3699 3706 
f 3707 3706 3705 
f 3706 3707 3703 
f 3684 3709 3690 
f 3709 3708 3710 
f 3690 3710 3687 
f 3710 3690 3709 
f 3684 3707 3709 
f 3707 3705 3711 
f 3709 3711 3708 
f 3711 3709 3707 
f 3699 3714 3716 
f 3714 3712 3715 
f 3716 3715 3713 
f 3715 3716 3714 
f 3698 3717 3701 
f 3717 3712 3714 
f 3701 3714 3699 
f 3714 3701 3717 
f 3699 3716 3706 
f 3716 3713 3718 
f 3706 3718 3705 
f 3718 3706 3716 
f 3677 3720 3704 
f 3720 3719 3721 
f 3704 3721 3698 
f 3721 3704 3720 
f 3722 3723 3724 
f 3723 3712 3717 
f 3724 3717 3698 
f 3717 3724 3723 
f 3719 3725 3721 
f 3725 3722 3724 
f 3721 3724 3698 
f 3724 3721 3725 
f 3705 3728 3730 
f 3728 3726 3729 
f 3730 3729 3727 
f 3729 3730 3728 
f 3708 3711 3731 
f 3711 3705 3730 
f 3731 3730 3727 
f 3730 3731 3711 
f 3713 3732 3718 
f 3732 3726 3728 
f 3718 3728 3705 
f 3728 3718 3732 
f 3708 3735 3737 
f 3735 3733 3736 
f 3737 3736 3734 
f 3736 3737 3735 
f 3708 3731 3735 
f 3731 3727 3738 
f 3735 3738 3733 
f 3738 3735 3731 
f 3708 3737 3710 
f 3737 3734 3739 
f 3710 3739 3687 
f 3739 3710 3737 
f 3712 3741 3715 
f 3741 3740 3742 
f 3715 3742 3713 
f 3742 3715 3741 
f 3743 3744 3745 
f 3744 3712 3723 
f 3745 3723 3722 
f 3723 3745 3744 
f 3743 3746 3744 
f 3746 3740 3741 
f 3744 3741 3712 
f 3741 3744 3746 
f 3747 3749 3751 
f 3749 3722 3750 
f 3751 3750 3748 
f 3750 3751 3749 
f 3747 3752 3749 
f 3752 3743 3745 
f 3749 3745 3722 
f 3745 3749 3752 
f 3722 3725 3750 
f 3725 3719 3753 
f 3750 3753 3748 
f 3753 3750 3725 
f 3727 3755 3738 
f 3755 3754 3756 
f 3738 3756 3733 
f 3756 3738 3755 
f 3757 3758 3759 
f 3758 3754 3755 
f 3759 3755 3727 
f 3755 3759 3758 
f 3726 3760 3729 
f 3760 3757 3759 
f 3729 3759 3727 
f 3759 3729 3760 
f 3761 3763 3765 
f 3763 3762 3764 
f 3765 3764 3733 
f 3764 3765 3763 
f 3733 3764 3736 
f 3764 3762 3766 
f 3736 3766 3734 
f 3766 3736 3764 
f 3754 3767 3756 
f 3767 3761 3765 
f 3756 3765 3733 
f 3765 3756 3767 
f 3768 3770 3772 
f 3770 3769 3771 
f 3772 3771 3743 
f 3771 3772 3770 
f 3769 3773 3771 
f 3773 3740 3746 
f 3771 3746 3743 
f 3746 3771 3773 
f 3743 3752 3772 
f 3752 3747 3774 
f 3772 3774 3768 
f 3774 3772 3752 
f 3775 3776 3777 
f 3776 3768 3774 
f 3777 3774 3747 
f 3774 3777 3776 
f 3778 3779 3780 
f 3779 3747 3751 
f 3780 3751 3748 
f 3751 3780 3779 
f 3747 3779 3777 
f 3779 3778 3781 
f 3777 3781 3775 
f 3781 3777 3779 
f 3778 3780 3784 
f 3780 3748 3783 
f 3784 3783 3782 
f 3783 3784 3780 
f 3748 3753 3787 
f 3753 3719 3786 
f 3787 3786 3785 
f 3786 3787 3753 
f 3782 3783 3788 
f 3783 3748 3787 
f 3788 3787 3785 
f 3787 3788 3783 
f 3778 3791 3793 
f 3791 3789 3792 
f 3793 3792 3790 
f 3792 3793 3791 
f 3790 3794 3793 
f 3794 3775 3781 
f 3793 3781 3778 
f 3781 3793 3794 
f 3789 3791 3795 
f 3791 3778 3784 
f 3795 3784 3782 
f 3784 3795 3791 
f 3789 3795 3798 
f 3795 3782 3797 
f 3798 3797 3796 
f 3797 3798 3795 
f 3796 3797 3801 
f 3797 3782 3800 
f 3801 3800 3799 
f 3800 3801 3797 
f 3799 3800 3802 
f 3800 3782 3788 
f 3802 3788 3785 
f 3788 3802 3800 
f 3803 3805 3807 
f 3805 3666 3806 
f 3807 3806 3804 
f 3806 3807 3805 
f 3666 3805 3668 
f 3805 3803 3808 
f 3668 3808 3635 
f 3808 3668 3805 
f 3666 3692 3806 
f 3692 3691 3809 
f 3806 3809 3804 
f 3809 3806 3692 
f 3691 3697 3812 
f 3697 3694 3811 
f 3812 3811 3810 
f 3811 3812 3697 
f 3804 3809 3815 
f 3809 3691 3814 
f 3815 3814 3813 
f 3814 3815 3809 
f 3813 3814 3816 
f 3814 3691 3812 
f 3816 3812 3810 
f 3812 3816 3814 
f 3817 3818 3819 
f 3818 3804 3815 
f 3819 3815 3813 
f 3815 3819 3818 
f 3820 3821 3822 
f 3821 3803 3807 
f 3822 3807 3804 
f 3807 3822 3821 
f 3820 3822 3823 
f 3822 3804 3818 
f 3823 3818 3817 
f 3818 3823 3822 
f 3824 3825 3826 
f 3825 3813 3816 
f 3826 3816 3810 
f 3816 3826 3825 
f 3817 3819 3829 
f 3819 3813 3828 
f 3829 3828 3827 
f 3828 3829 3819 
f 3813 3825 3828 
f 3825 3824 3830 
f 3828 3830 3827 
f 3830 3828 3825 
f 3831 3833 3835 
f 3833 3817 3834 
f 3835 3834 3832 
f 3834 3835 3833 
f 3832 3834 3836 
f 3834 3817 3829 
f 3836 3829 3827 
f 3829 3836 3834 
f 3820 3823 3837 
f 3823 3817 3833 
f 3837 3833 3831 
f 3833 3837 3823 
f 3838 3840 3842 
f 3840 3839 3841 
f 3842 3841 3827 
f 3841 3842 3840 
f 3832 3836 3843 
f 3836 3827 3841 
f 3843 3841 3839 
f 3841 3843 3836 
f 3824 3844 3830 
f 3844 3838 3842 
f 3830 3842 3827 
f 3842 3830 3844 
f 3838 3844 3847 
f 3844 3824 3846 
f 3847 3846 3845 
f 3846 3847 3844 
f 3824 3849 3846 
f 3849 3848 3850 
f 3846 3850 3845 
f 3850 3846 3849 
f 3810 3851 3826 
f 3851 3848 3849 
f 3826 3849 3824 
f 3849 3826 3851 
f 3852 3853 3854 
f 3853 3803 3821 
f 3854 3821 3820 
f 3821 3854 3853 
f 3855 3856 3857 
f 3856 3820 3837 
f 3857 3837 3831 
f 3837 3857 3856 
f 3852 3854 3858 
f 3854 3820 3856 
f 3858 3856 3855 
f 3856 3858 3854 
f 3859 3861 3863 
f 3861 3831 3862 
f 3863 3862 3860 
f 3862 3863 3861 
f 3860 3862 3864 
f 3862 3831 3835 
f 3864 3835 3832 
f 3835 3864 3862 
f 3859 3865 3861 
f 3865 3855 3857 
f 3861 3857 3831 
f 3857 3861 3865 
f 3859 3867 3865 
f 3867 3866 3868 
f 3865 3868 3855 
f 3868 3865 3867 
f 3869 3870 3871 
f 3870 3852 3858 
f 3871 3858 3855 
f 3858 3871 3870 
f 3866 3872 3868 
f 3872 3869 3871 
f 3868 3871 3855 
f 3871 3868 3872 
f 3873 3875 3877 
f 3875 3874 3876 
f 3877 3876 3740 
f 3876 3877 3875 
f 3740 3773 3877 
f 3773 3769 3878 
f 3877 3878 3873 
f 3878 3877 3773 
f 3874 3879 3876 
f 3879 3713 3742 
f 3876 3742 3740 
f 3742 3876 3879 
f 3754 3758 3882 
f 3758 3757 3881 
f 3882 3881 3880 
f 3881 3882 3758 
f 3754 3884 3767 
f 3884 3883 3885 
f 3767 3885 3761 
f 3885 3767 3884 
f 3883 3884 3886 
f 3884 3754 3882 
f 3886 3882 3880 
f 3882 3886 3884 
f 3883 3888 3885 
f 3888 3887 3889 
f 3885 3889 3761 
f 3889 3885 3888 
f 3761 3891 3763 
f 3891 3890 3892 
f 3763 3892 3762 
f 3892 3763 3891 
f 3887 3893 3889 
f 3893 3890 3891 
f 3889 3891 3761 
f 3891 3889 3893 
f 3880 3881 3896 
f 3881 3757 3895 
f 3896 3895 3894 
f 3895 3896 3881 
f 3757 3898 3895 
f 3898 3897 3899 
f 3895 3899 3894 
f 3899 3895 3898 
f 3726 3900 3760 
f 3900 3897 3898 
f 3760 3898 3757 
f 3898 3760 3900 
f 3845 3902 3847 
f 3902 3901 3903 
f 3847 3903 3838 
f 3903 3847 3902 
f 3901 3905 3903 
f 3905 3904 3906 
f 3903 3906 3838 
f 3906 3903 3905 
f 3839 3840 3907 
f 3840 3838 3906 
f 3907 3906 3904 
f 3906 3907 3840 
f 3845 3909 3902 
f 3909 3908 3910 
f 3902 3910 3901 
f 3910 3902 3909 
f 3845 3912 3909 
f 3912 3911 3913 
f 3909 3913 3908 
f 3913 3909 3912 
f 3848 3914 3850 
f 3914 3911 3912 
f 3850 3912 3845 
f 3912 3850 3914 
f 3789 3916 3792 
f 3916 3915 3917 
f 3792 3917 3790 
f 3917 3792 3916 
f 3918 3919 3920 
f 3919 3789 3798 
f 3920 3798 3796 
f 3798 3920 3919 
f 3789 3919 3916 
f 3919 3918 3921 
f 3916 3921 3915 
f 3921 3916 3919 
f 3922 3923 3924 
f 3923 3918 3920 
f 3924 3920 3796 
f 3920 3924 3923 
f 3925 3926 3927 
f 3926 3796 3801 
f 3927 3801 3799 
f 3801 3927 3926 
f 3796 3926 3924 
f 3926 3925 3928 
f 3924 3928 3922 
f 3928 3924 3926 
f 3839 3930 3843 
f 3930 3929 3931 
f 3843 3931 3832 
f 3931 3843 3930 
f 3929 3930 3934 
f 3930 3839 3933 
f 3934 3933 3932 
f 3933 3934 3930 
f 3904 3935 3907 
f 3935 3932 3933 
f 3907 3933 3839 
f 3933 3907 3935 
f 3769 3770 3938 
f 3770 3768 3937 
f 3938 3937 3936 
f 3937 3938 3770 
f 3769 3938 3941 
f 3938 3936 3940 
f 3941 3940 3939 
f 3940 3941 3938 
f 3939 3942 3941 
f 3942 3873 3878 
f 3941 3878 3769 
f 3878 3941 3942 
f 3943 3945 3947 
f 3945 3944 3946 
f 3947 3946 3873 
f 3946 3947 3945 
f 3873 3946 3875 
f 3946 3944 3948 
f 3875 3948 3874 
f 3948 3875 3946 
f 3943 3947 3949 
f 3947 3873 3942 
f 3949 3942 3939 
f 3942 3949 3947 
f 3859 3863 3952 
f 3863 3860 3951 
f 3952 3951 3950 
f 3951 3952 3863 
f 3866 3867 3955 
f 3867 3859 3954 
f 3955 3954 3953 
f 3954 3955 3867 
f 3950 3956 3952 
f 3956 3953 3954 
f 3952 3954 3859 
f 3954 3952 3956 
f 3957 3959 3961 
f 3959 3866 3960 
f 3961 3960 3958 
f 3960 3961 3959 
f 3953 3962 3955 
f 3962 3958 3960 
f 3955 3960 3866 
f 3960 3955 3962 
f 3866 3959 3872 
f 3959 3957 3963 
f 3872 3963 3869 
f 3963 3872 3959 
f 3775 3966 3968 
f 3966 3964 3967 
f 3968 3967 3965 
f 3967 3968 3966 
f 3768 3776 3969 
f 3776 3775 3968 
f 3969 3968 3965 
f 3968 3969 3776 
f 3964 3966 3970 
f 3966 3775 3794 
f 3970 3794 3790 
f 3794 3970 3966 
f 3971 3973 3975 
f 3973 3762 3974 
f 3975 3974 3972 
f 3974 3975 3973 
f 3972 3974 3976 
f 3974 3762 3892 
f 3976 3892 3890 
f 3892 3976 3974 
f 3734 3766 3977 
f 3766 3762 3973 
f 3977 3973 3971 
f 3973 3977 3766 
f 3890 3980 3982 
f 3980 3978 3981 
f 3982 3981 3979 
f 3981 3982 3980 
f 3890 3982 3976 
f 3982 3979 3983 
f 3976 3983 3972 
f 3983 3976 3982 
f 3978 3980 3984 
f 3980 3890 3893 
f 3984 3893 3887 
f 3893 3984 3980 
f 3883 3987 3989 
f 3987 3985 3988 
f 3989 3988 3986 
f 3988 3989 3987 
f 3887 3888 3990 
f 3888 3883 3989 
f 3990 3989 3986 
f 3989 3990 3888 
f 3883 3886 3987 
f 3886 3880 3991 
f 3987 3991 3985 
f 3991 3987 3886 
f 3918 3994 3996 
f 3994 3992 3995 
f 3996 3995 3993 
f 3995 3996 3994 
f 3922 3997 3923 
f 3997 3992 3994 
f 3923 3994 3918 
f 3994 3923 3997 
f 3993 3998 3996 
f 3998 3915 3921 
f 3996 3921 3918 
f 3921 3996 3998 
f 3925 4000 3928 
f 4000 3999 4001 
f 3928 4001 3922 
f 4001 3928 4000 
f 3992 3997 4004 
f 3997 3922 4003 
f 4004 4003 4002 
f 4003 4004 3997 
f 4002 4003 4005 
f 4003 3922 4001 
f 4005 4001 3999 
f 4001 4005 4003 
f 3999 4000 4008 
f 4000 3925 4007 
f 4008 4007 4006 
f 4007 4008 4000 
f 3925 3927 4011 
f 3927 3799 4010 
f 4011 4010 4009 
f 4010 4011 3927 
f 3925 4011 4007 
f 4011 4009 4012 
f 4007 4012 4006 
f 4012 4007 4011 
f 3999 4014 4005 
f 4014 4013 4015 
f 4005 4015 4002 
f 4015 4005 4014 
f 4013 4014 4018 
f 4014 3999 4017 
f 4018 4017 4016 
f 4017 4018 4014 
f 4006 4019 4008 
f 4019 4016 4017 
f 4008 4017 3999 
f 4017 4008 4019 
f 4020 4021 4022 
f 4021 4016 4019 
f 4022 4019 4006 
f 4019 4022 4021 
f 4009 4024 4012 
f 4024 4023 4025 
f 4012 4025 4006 
f 4025 4012 4024 
f 4023 4026 4025 
f 4026 4020 4022 
f 4025 4022 4006 
f 4022 4025 4026 
f 4013 4018 4029 
f 4018 4016 4028 
f 4029 4028 4027 
f 4028 4029 4018 
f 4016 4031 4028 
f 4031 4030 4032 
f 4028 4032 4027 
f 4032 4028 4031 
f 4030 4031 4033 
f 4031 4016 4021 
f 4033 4021 4020 
f 4021 4033 4031 
f 3908 4035 3910 
f 4035 4034 4036 
f 3910 4036 3901 
f 4036 3910 4035 
f 3901 4036 4039 
f 4036 4034 4038 
f 4039 4038 4037 
f 4038 4039 4036 
f 3901 4039 3905 
f 4039 4037 4040 
f 3905 4040 3904 
f 4040 3905 4039 
f 3908 4042 4035 
f 4042 4041 4043 
f 4035 4043 4034 
f 4043 4035 4042 
f 4044 4045 4046 
f 4045 4041 4042 
f 4046 4042 3908 
f 4042 4046 4045 
f 3908 3913 4046 
f 3913 3911 4047 
f 4046 4047 4044 
f 4047 4046 3913 
f 3953 4049 3962 
f 4049 4048 4050 
f 3962 4050 3958 
f 4050 3962 4049 
f 4051 4052 4053 
f 4052 4048 4049 
f 4053 4049 3953 
f 4049 4053 4052 
f 3950 4054 3956 
f 4054 4051 4053 
f 3956 4053 3953 
f 4053 3956 4054 
f 4055 4056 4057 
f 4056 3957 3961 
f 4057 3961 3958 
f 3961 4057 4056 
f 3958 4050 4060 
f 4050 4048 4059 
f 4060 4059 4058 
f 4059 4060 4050 
f 3958 4060 4057 
f 4060 4058 4061 
f 4057 4061 4055 
f 4061 4057 4060 
f 4062 4064 4066 
f 4064 3957 4065 
f 4066 4065 4063 
f 4065 4066 4064 
f 3957 4056 4065 
f 4056 4055 4067 
f 4065 4067 4063 
f 4067 4065 4056 
f 3869 3963 4068 
f 3963 3957 4064 
f 4068 4064 4062 
f 4064 4068 3963 
f 4069 4071 4073 
f 4071 3950 4072 
f 4073 4072 4070 
f 4072 4073 4071 
f 3950 4071 4054 
f 4071 4069 4074 
f 4054 4074 4051 
f 4074 4054 4071 
f 3950 3951 4072 
f 3951 3860 4075 
f 4072 4075 4070 
f 4075 4072 3951 
f 3790 3917 4078 
f 3917 3915 4077 
f 4078 4077 4076 
f 4077 4078 3917 
f 3915 4080 4077 
f 4080 4079 4081 
f 4077 4081 4076 
f 4081 4077 4080 
f 4079 4080 4082 
f 4080 3915 3998 
f 4082 3998 3993 
f 3998 4082 4080 
f 4055 4084 4067 
f 4084 4083 4085 
f 4067 4085 4063 
f 4085 4067 4084 
f 4083 4084 4088 
f 4084 4055 4087 
f 4088 4087 4086 
f 4087 4088 4084 
f 4055 4061 4087 
f 4061 4058 4089 
f 4087 4089 4086 
f 4089 4087 4061 
f 4090 4091 4092 
f 4091 3939 3940 
f 4092 3940 3936 
f 3940 4092 4091 
f 3939 4094 3949 
f 4094 4093 4095 
f 3949 4095 3943 
f 4095 3949 4094 
f 3939 4091 4094 
f 4091 4090 4096 
f 4094 4096 4093 
f 4096 4094 4091 
f 3944 3945 4099 
f 3945 3943 4098 
f 4099 4098 4097 
f 4098 4099 3945 
f 4100 4101 4102 
f 4101 3943 4095 
f 4102 4095 4093 
f 4095 4102 4101 
f 3943 4101 4098 
f 4101 4100 4103 
f 4098 4103 4097 
f 4103 4098 4101 
f 4083 4105 4085 
f 4105 4104 4106 
f 4085 4106 4063 
f 4106 4085 4105 
f 4062 4066 4109 
f 4066 4063 4108 
f 4109 4108 4107 
f 4108 4109 4066 
f 4104 4110 4106 
f 4110 4107 4108 
f 4106 4108 4063 
f 4108 4106 4110 
f 4020 4113 4115 
f 4113 4111 4114 
f 4115 4114 4112 
f 4114 4115 4113 
f 4020 4115 4033 
f 4115 4112 4116 
f 4033 4116 4030 
f 4116 4033 4115 
f 4023 4117 4026 
f 4117 4111 4113 
f 4026 4113 4020 
f 4113 4026 4117 
f 4030 4116 4120 
f 4116 4112 4119 
f 4120 4119 4118 
f 4119 4120 4116 
f 4121 4122 4123 
f 4122 4027 4032 
f 4123 4032 4030 
f 4032 4123 4122 
f 4030 4120 4123 
f 4120 4118 4124 
f 4123 4124 4121 
f 4124 4123 4120 
f 4125 4126 4127 
f 4126 3799 3802 
f 4127 3802 3785 
f 3802 4127 4126 
f 4128 4129 4130 
f 4129 4125 4127 
f 4130 4127 3785 
f 4127 4130 4129 
f 3785 3786 4130 
f 3786 3719 4131 
f 4130 4131 4128 
f 4131 4130 3786 
f 3911 4133 4047 
f 4133 4132 4134 
f 4047 4134 4044 
f 4134 4047 4133 
f 4132 4133 4137 
f 4133 3911 4136 
f 4137 4136 4135 
f 4136 4137 4133 
f 3911 3914 4136 
f 3914 3848 4138 
f 4136 4138 4135 
f 4138 4136 3914 
f 4139 4141 4143 
f 4141 4140 4142 
f 4143 4142 4044 
f 4142 4143 4141 
f 4132 4144 4134 
f 4144 4139 4143 
f 4134 4143 4044 
f 4143 4134 4144 
f 4140 4145 4142 
f 4145 4041 4045 
f 4142 4045 4044 
f 4045 4142 4145 
f 4146 4148 4150 
f 4148 4147 4149 
f 4150 4149 3694 
f 4149 4150 4148 
f 3694 4149 3811 
f 4149 4147 4151 
f 3811 4151 3810 
f 4151 3811 4149 
f 3673 4152 3695 
f 4152 4146 4150 
f 3695 4150 3694 
f 4150 3695 4152 
f 4153 4155 4157 
f 4155 4154 4156 
f 4157 4156 4002 
f 4156 4157 4155 
f 4002 4015 4157 
f 4015 4013 4158 
f 4157 4158 4153 
f 4158 4157 4015 
f 4154 4159 4156 
f 4159 3992 4004 
f 4156 4004 4002 
f 4004 4156 4159 
f 4160 4161 4162 
f 4161 4013 4029 
f 4162 4029 4027 
f 4029 4162 4161 
f 4027 4164 4162 
f 4164 4163 4165 
f 4162 4165 4160 
f 4165 4162 4164 
f 4027 4122 4164 
f 4122 4121 4166 
f 4164 4166 4163 
f 4166 4164 4122 
f 4037 4038 4169 
f 4038 4034 4168 
f 4169 4168 4167 
f 4168 4169 4038 
f 4170 4171 4172 
f 4171 4034 4043 
f 4172 4043 4041 
f 4043 4172 4171 
f 4034 4171 4168 
f 4171 4170 4173 
f 4168 4173 4167 
f 4173 4168 4171 
f 3904 4040 4176 
f 4040 4037 4175 
f 4176 4175 4174 
f 4175 4176 4040 
f 4177 4178 4179 
f 4178 4174 4175 
f 4179 4175 4037 
f 4175 4179 4178 
f 4037 4169 4179 
f 4169 4167 4180 
f 4179 4180 4177 
f 4180 4179 4169 
f 4181 4182 4183 
f 4182 4104 4105 
f 4183 4105 4083 
f 4105 4183 4182 
f 3509 4184 4185 
f 4184 4181 4183 
f 4185 4183 4083 
f 4183 4185 4184 
f 4083 4088 4185 
f 4088 4086 4186 
f 4185 4186 3509 
f 4186 4185 4088 
f 4163 4166 4188 
f 4166 4121 4187 
f 4188 4187 3487 
f 4187 4188 4166 
f 4189 4190 4191 
f 4190 4121 4124 
f 4191 4124 4118 
f 4124 4191 4190 
f 4121 4190 4187 
f 4190 4189 4192 
f 4187 4192 3487 
f 4192 4187 4190 
f 4118 4195 4197 
f 4195 4193 4196 
f 4197 4196 4194 
f 4196 4197 4195 
f 4118 4197 4191 
f 4197 4194 4198 
f 4191 4198 4189 
f 4198 4191 4197 
f 4118 4119 4195 
f 4119 4112 4199 
f 4195 4199 4193 
f 4199 4195 4119 
f 3993 3995 4202 
f 3995 3992 4201 
f 4202 4201 4200 
f 4201 4202 3995 
f 4203 4204 4205 
f 4204 4079 4082 
f 4205 4082 3993 
f 4082 4205 4204 
f 4203 4205 4206 
f 4205 3993 4202 
f 4206 4202 4200 
f 4202 4206 4205 
f 4051 4074 4208 
f 4074 4069 4207 
f 4208 4207 3407 
f 4207 4208 4074 
f 3458 4209 4210 
f 4209 4051 4208 
f 4210 4208 3407 
f 4208 4210 4209 
f 3458 4211 4209 
f 4211 4048 4052 
f 4209 4052 4051 
f 4052 4209 4211 
f 4070 4213 4073 
f 4213 4212 4214 
f 4073 4214 4069 
f 4214 4073 4213 
f 3408 3409 4215 
f 3409 3407 4207 
f 4215 4207 4069 
f 4207 4215 3409 
f 4069 4214 4215 
f 4214 4212 4216 
f 4215 4216 3408 
f 4216 4215 4214 
f 4217 4218 4220 
f 4218 3580 4219 
f 4220 4219 4104 
f 4219 4220 4218 
f 4104 4182 4220 
f 4182 4181 4221 
f 4220 4221 4217 
f 4221 4220 4182 
f 4104 4219 4110 
f 4219 3580 4222 
f 4110 4222 4107 
f 4222 4110 4219 
f 4223 4224 4225 
f 4224 3869 4068 
f 4225 4068 4062 
f 4068 4225 4224 
f 4223 4225 4227 
f 4225 4062 4226 
f 4227 4226 3610 
f 4226 4227 4225 
f 4062 4109 4226 
f 4109 4107 4228 
f 4226 4228 3610 
f 4228 4226 4109 
f 4023 4230 4232 
f 4230 4229 4231 
f 4232 4231 3624 
f 4231 4232 4230 
f 4023 4232 4117 
f 4232 3624 4233 
f 4117 4233 4111 
f 4233 4117 4232 
f 4009 4234 4024 
f 4234 4229 4230 
f 4024 4230 4023 
f 4230 4024 4234 
f 4070 4075 4236 
f 4075 3860 4235 
f 4236 4235 3929 
f 4235 4236 4075 
f 3929 4238 4236 
f 4238 4237 4239 
f 4236 4239 4070 
f 4239 4236 4238 
f 4212 4213 4240 
f 4213 4070 4239 
f 4240 4239 4237 
f 4239 4240 4213 
f 3936 4242 4244 
f 4242 3965 4243 
f 4244 4243 4241 
f 4243 4244 4242 
f 3936 4244 4092 
f 4244 4241 4245 
f 4092 4245 4090 
f 4245 4092 4244 
f 3965 4242 3969 
f 4242 3936 3937 
f 3969 3937 3768 
f 3937 3969 4242 
f 3341 4246 4248 
f 4246 4090 4247 
f 4248 4247 3465 
f 4247 4248 4246 
f 3341 4249 4246 
f 4249 4093 4096 
f 4246 4096 4090 
f 4096 4246 4249 
f 3465 4247 4250 
f 4247 4090 4245 
f 4250 4245 4241 
f 4245 4250 4247 
f 4251 4252 4253 
f 4252 4241 4243 
f 4253 4243 3965 
f 4243 4253 4252 
f 4241 4252 4255 
f 4252 4251 4254 
f 4255 4254 3462 
f 4254 4255 4252 
f 3465 4250 3466 
f 4250 4241 4255 
f 3466 4255 3462 
f 4255 3466 4250 
f 4223 4256 4258 
f 4256 3638 4257 
f 4258 4257 3852 
f 4257 4258 4256 
f 3638 4259 4257 
f 4259 3803 3853 
f 4257 3853 3852 
f 3853 4257 4259 
f 3869 4224 3870 
f 4224 4223 4258 
f 3870 4258 3852 
f 4258 3870 4224 
f 3874 3948 4261 
f 3948 3944 4260 
f 4261 4260 3897 
f 4260 4261 3948 
f 3897 4260 4264 
f 4260 3944 4263 
f 4264 4263 4262 
f 4263 4264 4260 
f 4097 4265 4099 
f 4265 4262 4263 
f 4099 4263 3944 
f 4263 4099 4265 
f 4266 4267 4268 
f 4267 4097 4103 
f 4268 4103 4100 
f 4103 4268 4267 
f 4266 4270 4267 
f 4270 4269 4271 
f 4267 4271 4097 
f 4271 4267 4270 
f 4097 4271 4265 
f 4271 4269 4272 
f 4265 4272 4262 
f 4272 4265 4271 
f 4262 4274 4276 
f 4274 4273 4275 
f 4276 4275 3894 
f 4275 4276 4274 
f 3894 3899 4276 
f 3899 3897 4264 
f 4276 4264 4262 
f 4264 4276 3899 
f 4262 4272 4274 
f 4272 4269 4277 
f 4274 4277 4273 
f 4277 4274 4272 
f 4058 4278 4280 
f 4278 3455 4279 
f 4280 4279 3351 
f 4279 4280 4278 
f 4048 4281 4059 
f 4281 3455 4278 
f 4059 4278 4058 
f 4278 4059 4281 
f 4058 4280 4089 
f 4280 3351 4282 
f 4089 4282 4086 
f 4282 4089 4280 
f 3426 4283 3511 
f 4283 4181 4184 
f 3511 4184 3509 
f 4184 3511 4283 
f 3422 4284 4285 
f 4284 4217 4221 
f 4285 4221 4181 
f 4221 4285 4284 
f 3426 3427 4283 
f 3427 3422 4285 
f 4283 4285 4181 
f 4285 4283 3427 
f 4203 4286 4204 
f 4286 3372 4287 
f 4204 4287 4079 
f 4287 4204 4286 
f 4076 4081 4290 
f 4081 4079 4289 
f 4290 4289 4288 
f 4289 4290 4081 
f 4079 4287 4289 
f 4287 3372 4291 
f 4289 4291 4288 
f 4291 4289 4287 
f 3964 4293 4295 
f 4293 4076 4294 
f 4295 4294 4292 
f 4294 4295 4293 
f 4292 4294 4296 
f 4294 4076 4290 
f 4296 4290 4288 
f 4290 4296 4294 
f 3790 4078 3970 
f 4078 4076 4293 
f 3970 4293 3964 
f 4293 3970 4078 
f 4273 4277 4298 
f 4277 4269 4297 
f 4298 4297 3496 
f 4297 4298 4277 
f 4269 4299 4297 
f 4299 3393 4300 
f 4297 4300 3496 
f 4300 4297 4299 
f 4266 4301 4270 
f 4301 3393 4299 
f 4270 4299 4269 
f 4299 4270 4301 
f 3496 4303 4298 
f 4303 4302 4304 
f 4298 4304 4273 
f 4304 4298 4303 
f 4305 4306 4307 
f 4306 3894 4275 
f 4307 4275 4273 
f 4275 4307 4306 
f 4305 4307 4308 
f 4307 4273 4304 
f 4308 4304 4302 
f 4304 4308 4307 
f 4292 4296 4310 
f 4296 4288 4309 
f 4310 4309 3441 
f 4309 4310 4296 
f 3441 4309 4312 
f 4309 4288 4311 
f 4312 4311 3369 
f 4311 4312 4309 
f 3369 4311 3375 
f 4311 4288 4291 
f 3375 4291 3372 
f 4291 3375 4311 
f 4292 4313 4295 
f 4313 4251 4314 
f 4295 4314 3964 
f 4314 4295 4313 
f 3441 3442 4310 
f 3442 3438 4315 
f 4310 4315 4292 
f 4315 4310 3442 
f 3438 4316 4315 
f 4316 4251 4313 
f 4315 4313 4292 
f 4313 4315 4316 
f 4217 4317 4218 
f 4317 3552 3584 
f 4218 3584 3580 
f 3584 4218 4317 
f 4217 4284 4319 
f 4284 3422 4318 
f 4319 4318 3551 
f 4318 4319 4284 
f 4217 4319 4317 
f 4319 3551 3555 
f 4317 3555 3552 
f 3555 4317 4319 
f 4111 4320 4114 
f 4320 3593 4321 
f 4114 4321 4112 
f 4321 4114 4320 
f 3596 3599 4322 
f 3599 3593 4320 
f 4322 4320 4111 
f 4320 4322 3599 
f 3596 4322 3626 
f 4322 4111 4233 
f 3626 4233 3624 
f 4233 3626 4322 
f 3979 4323 4324 
f 4323 4139 4144 
f 4324 4144 4132 
f 4144 4324 4323 
f 3972 3983 4325 
f 3983 3979 4324 
f 4325 4324 4132 
f 4324 4325 3983 
f 3972 4325 4326 
f 4325 4132 4137 
f 4326 4137 4135 
f 4137 4326 4325 
f 3979 4328 4323 
f 4328 4327 4329 
f 4323 4329 4139 
f 4329 4323 4328 
f 4327 4331 4329 
f 4331 4330 4332 
f 4329 4332 4139 
f 4332 4329 4331 
f 4140 4141 4333 
f 4141 4139 4332 
f 4333 4332 4330 
f 4332 4333 4141 
f 4140 4335 4337 
f 4335 3337 4336 
f 4337 4336 4334 
f 4336 4337 4335 
f 4140 4337 4145 
f 4337 4334 4338 
f 4145 4338 4041 
f 4338 4145 4337 
f 4140 4333 4335 
f 4333 4330 4339 
f 4335 4339 3337 
f 4339 4335 4333 
f 3848 4340 4138 
f 4340 4147 4341 
f 4138 4341 4135 
f 4341 4138 4340 
f 3971 3975 4342 
f 3975 3972 4326 
f 4342 4326 4135 
f 4326 4342 3975 
f 4147 4343 4341 
f 4343 3971 4342 
f 4341 4342 4135 
f 4342 4341 4343 
f 4344 4345 4347 
f 4345 3334 4346 
f 4347 4346 4330 
f 4346 4347 4345 
f 4330 4346 4339 
f 4346 3334 3340 
f 4339 3340 3337 
f 3340 4339 4346 
f 4327 4348 4331 
f 4348 4344 4347 
f 4331 4347 4330 
f 4347 4331 4348 
f 3978 4350 4352 
f 4350 4349 4351 
f 4352 4351 4327 
f 4351 4352 4350 
f 3979 3981 4328 
f 3981 3978 4352 
f 4328 4352 4327 
f 4352 4328 3981 
f 4344 4348 4353 
f 4348 4327 4351 
f 4353 4351 4349 
f 4351 4353 4348 
f 3479 4354 4356 
f 4354 4212 4355 
f 4356 4355 3356 
f 4355 4356 4354 
f 4237 4357 4240 
f 4357 3356 4355 
f 4240 4355 4212 
f 4355 4240 4357 
f 3479 3483 4354 
f 3483 3408 4216 
f 4354 4216 4212 
f 4216 4354 3483 
f 3932 4359 4361 
f 4359 4358 4360 
f 4361 4360 4237 
f 4360 4361 4359 
f 4237 4360 4357 
f 4360 4358 4362 
f 4357 4362 3356 
f 4362 4357 4360 
f 3929 3934 4238 
f 3934 3932 4361 
f 4238 4361 4237 
f 4361 4238 3934 
f 4189 4363 4365 
f 4363 3434 4364 
f 4365 4364 3484 
f 4364 4365 4363 
f 3434 4363 4366 
f 4363 4189 4198 
f 4366 4198 4194 
f 4198 4366 4363 
f 3484 3489 4365 
f 3489 3487 4192 
f 4365 4192 4189 
f 4192 4365 3489 
f 4193 4367 4196 
f 4367 3565 4368 
f 4196 4368 4194 
f 4368 4196 4367 
f 3565 4370 4368 
f 4370 4369 4371 
f 4368 4371 4194 
f 4371 4368 4370 
f 4369 4372 4371 
f 4372 3434 4366 
f 4371 4366 4194 
f 4366 4371 4372 
f 4193 4373 4367 
f 4373 3568 3569 
f 4367 3569 3565 
f 3569 4367 4373 
f 4193 4374 4373 
f 4374 3593 3595 
f 4373 3595 3568 
f 3595 4373 4374 
f 4112 4321 4199 
f 4321 3593 4374 
f 4199 4374 4193 
f 4374 4199 4321 
f 3344 4375 4376 
f 4375 4100 4102 
f 4376 4102 4093 
f 4102 4376 4375 
f 4100 4375 4377 
f 4375 3344 3451 
f 4377 3451 3450 
f 3451 4377 4375 
f 3450 4378 4377 
f 4378 4266 4268 
f 4377 4268 4100 
f 4268 4377 4378 
f 4167 4379 4380 
f 4379 3414 3418 
f 4380 3418 3417 
f 3418 4380 4379 
f 4167 4380 4180 
f 4380 3417 4381 
f 4180 4381 4177 
f 4381 4180 4380 
f 4170 4382 4173 
f 4382 3414 4379 
f 4173 4379 4167 
f 4379 4173 4382 
f 4170 4383 4382 
f 4383 3445 4384 
f 4382 4384 3414 
f 4384 4382 4383 
f 4170 4172 4385 
f 4172 4041 4338 
f 4385 4338 4334 
f 4338 4385 4172 
f 4170 4385 4383 
f 4385 4334 4386 
f 4383 4386 3445 
f 4386 4383 4385 
f 3515 4387 3518 
f 4387 4177 4388 
f 3518 4388 3514 
f 4388 3518 4387 
f 4177 4381 4388 
f 4381 3417 4389 
f 4388 4389 3514 
f 4389 4388 4381 
f 4174 4178 4390 
f 4178 4177 4387 
f 4390 4387 3515 
f 4387 4390 4178 
f 3904 4176 3935 
f 4176 4174 4391 
f 3935 4391 3932 
f 4391 3935 4176 
f 3932 4391 4359 
f 4391 4174 4392 
f 4359 4392 4358 
f 4392 4359 4391 
f 4358 4392 4393 
f 4392 4174 4390 
f 4393 4390 3515 
f 4390 4393 4392 
f 3324 3329 4395 
f 3329 3327 4394 
f 4395 4394 4163 
f 4394 4395 3329 
f 4163 4188 4395 
f 4188 3487 4396 
f 4395 4396 3324 
f 4396 4395 4188 
f 3327 4397 4394 
f 4397 4160 4165 
f 4394 4165 4163 
f 4165 4394 4397 
f 4160 4398 4400 
f 4398 3469 4399 
f 4400 4399 4153 
f 4399 4400 4398 
f 4013 4161 4158 
f 4161 4160 4400 
f 4158 4400 4153 
f 4400 4158 4161 
f 3469 4398 3473 
f 4398 4160 4397 
f 3473 4397 3327 
f 4397 3473 4398 
f 3474 4401 4403 
f 4401 4344 4402 
f 4403 4402 3397 
f 4402 4403 4401 
f 3397 4402 4404 
f 4402 4344 4353 
f 4404 4353 4349 
f 4353 4404 4402 
f 3334 4345 3478 
f 4345 4344 4401 
f 3478 4401 3474 
f 4401 3478 4345 
f 4349 4350 4407 
f 4350 3978 4406 
f 4407 4406 4405 
f 4406 4407 4350 
f 4405 4408 4407 
f 4408 3400 4409 
f 4407 4409 4349 
f 4409 4407 4408 
f 3400 3401 4409 
f 3401 3397 4404 
f 4409 4404 4349 
f 4404 4409 3401 
f 4203 4410 4286 
f 4410 3521 4411 
f 4286 4411 3372 
f 4411 4286 4410 
f 4203 4412 4410 
f 4412 3524 3527 
f 4410 3527 3521 
f 3527 4410 4412 
f 4203 4206 4412 
f 4206 4200 4413 
f 4412 4413 3524 
f 4413 4412 4206 
f 4200 4414 4413 
f 4414 3386 4415 
f 4413 4415 3524 
f 4415 4413 4414 
f 4154 4416 4417 
f 4416 3386 4414 
f 4417 4414 4200 
f 4414 4417 4416 
f 4200 4201 4417 
f 4201 3992 4159 
f 4417 4159 4154 
f 4159 4417 4201 
f 3356 4362 3359 
f 4362 4358 4418 
f 3359 4418 3355 
f 4418 3359 4362 
f 3479 4356 3481 
f 4356 3356 3361 
f 3481 3361 3139 
f 3361 3481 4356 
f 3341 4248 3343 
f 4248 3465 3468 
f 3343 3468 3243 
f 3468 3343 4248 
f 3438 3439 4419 
f 3439 3251 3464 
f 4419 3464 3462 
f 3464 4419 3439 
f 4251 4316 4254 
f 4316 3438 4419 
f 4254 4419 3462 
f 4419 4254 4316 
f 3348 3513 4420 
f 3513 3509 4186 
f 4420 4186 4086 
f 4186 4420 3513 
f 3484 4364 3486 
f 4364 3434 3437 
f 3486 3437 3311 
f 3437 3486 4364 
f 3431 3436 4421 
f 3436 3434 4372 
f 4421 4372 4369 
f 4372 4421 3436 
f 4369 4422 4421 
f 4422 3528 4423 
f 4421 4423 3431 
f 4423 4421 4422 
f 3535 3536 4424 
f 3536 3528 4422 
f 4424 4422 4369 
f 4422 4424 3536 
f 4369 4370 4424 
f 4370 3565 3567 
f 4424 3567 3535 
f 3567 4424 4370 
f 4358 4393 4418 
f 4393 3515 4425 
f 4418 4425 3355 
f 4425 4418 4393 
f 3355 4425 3360 
f 4425 3515 3519 
f 3360 3519 3147 
f 3519 3360 4425 
f 3421 4426 3424 
f 4426 3551 4318 
f 3424 4318 3422 
f 4318 3424 4426 
f 3393 3396 4300 
f 3396 3219 3498 
f 4300 3498 3496 
f 3498 4300 3396 
f 4302 4303 4427 
f 4303 3496 3502 
f 4427 3502 3499 
f 3502 4427 4303 
f 4302 4429 4431 
f 4429 3365 4430 
f 4431 4430 4428 
f 4430 4431 4429 
f 3499 4432 4427 
f 4432 3365 4429 
f 4427 4429 4302 
f 4429 4427 4432 
f 4428 4433 4431 
f 4433 4305 4308 
f 4431 4308 4302 
f 4308 4431 4433 
f 3880 3896 4434 
f 3896 3894 4306 
f 4434 4306 4305 
f 4306 4434 3896 
f 4305 4433 4436 
f 4433 4428 4435 
f 4436 4435 3985 
f 4435 4436 4433 
f 4305 4436 4434 
f 4436 3985 3991 
f 4434 3991 3880 
f 3991 4434 4436 
f 3365 3366 4430 
f 3366 3362 4437 
f 4430 4437 4428 
f 4437 4430 3366 
f 4428 4437 4440 
f 4437 3362 4439 
f 4440 4439 4438 
f 4439 4440 4437 
f 4428 4440 4435 
f 4440 4438 4441 
f 4435 4441 3985 
f 4441 4435 4440 
f 3263 4442 3370 
f 4442 3441 4312 
f 3370 4312 3369 
f 4312 3370 4442 
f 3259 3444 3266 
f 3444 3441 4442 
f 3266 4442 3263 
f 4442 3266 3444 
f 3341 3346 4249 
f 3346 3344 4376 
f 4249 4376 4093 
f 4376 4249 3346 
f 3187 3476 3398 
f 3476 3474 4403 
f 3398 4403 3397 
f 4403 3398 3476 
f 3400 4444 3406 
f 4444 4443 4445 
f 3406 4445 3403 
f 4445 3406 4444 
f 4443 4444 4446 
f 4444 3400 4408 
f 4446 4408 4405 
f 4408 4446 4444 
f 3887 4447 3984 
f 4447 4405 4406 
f 3984 4406 3978 
f 4406 3984 4447 
f 3887 3990 4447 
f 3990 3986 4448 
f 4447 4448 4405 
f 4448 4447 3990 
f 3986 4449 4448 
f 4449 4443 4446 
f 4448 4446 4405 
f 4446 4448 4449 
f 3403 4445 3495 
f 4445 4443 4450 
f 3495 4450 3491 
f 4450 3495 4445 
f 4443 4451 4450 
f 4451 4438 4452 
f 4450 4452 3491 
f 4452 4450 4451 
f 4443 4449 4451 
f 4449 3986 4453 
f 4451 4453 4438 
f 4453 4451 4449 
f 3431 4423 3433 
f 4423 3528 3529 
f 3433 3529 3319 
f 3529 3433 4423 
f 3421 3507 4426 
f 3507 3503 3557 
f 4426 3557 3551 
f 3557 4426 3507 
f 3580 3581 4222 
f 3581 3579 4454 
f 4222 4454 4107 
f 4454 4222 3581 
f 4107 4454 4228 
f 4454 3579 3613 
f 4228 3613 3610 
f 3613 4228 4454 
f 4223 4455 4256 
f 4455 3607 3641 
f 4256 3641 3638 
f 3641 4256 4455 
f 3607 4455 3611 
f 4455 4223 4227 
f 3611 4227 3610 
f 4227 3611 4455 
f 4229 4456 4231 
f 4456 3621 3627 
f 4231 3627 3624 
f 3627 4231 4456 
f 3650 3655 4457 
f 3655 3621 4456 
f 4457 4456 4229 
f 4456 4457 3655 
f 4125 4458 4459 
f 4458 3650 4457 
f 4459 4457 4229 
f 4457 4459 4458 
f 4125 4129 4458 
f 4129 4128 4460 
f 4458 4460 3650 
f 4460 4458 4129 
f 4128 4461 4460 
f 4461 3649 3653 
f 4460 3653 3650 
f 3653 4460 4461 
f 3638 3640 4259 
f 3640 3635 3808 
f 4259 3808 3803 
f 3808 4259 3640 
f 4128 4462 4461 
f 4462 3677 3682 
f 4461 3682 3649 
f 3682 4461 4462 
f 4128 4131 4462 
f 4131 3719 3720 
f 4462 3720 3677 
f 3720 4462 4131 
f 4146 4463 4148 
f 4463 3971 4343 
f 4148 4343 4147 
f 4343 4148 4463 
f 3734 3977 4464 
f 3977 3971 4463 
f 4464 4463 4146 
f 4463 4464 3977 
f 4438 4453 4441 
f 4453 3986 3988 
f 4441 3988 3985 
f 3988 4441 4453 
f 4438 4439 4452 
f 4439 3362 4465 
f 4452 4465 3491 
f 4465 4452 4439 
f 3734 4464 3739 
f 4464 4146 4466 
f 3739 4466 3687 
f 4466 3739 4464 
f 4146 4152 4466 
f 4152 3673 3689 
f 4466 3689 3687 
f 3689 4466 4152 
f 3832 3931 3864 
f 3931 3929 4235 
f 3864 4235 3860 
f 4235 3864 3931 
f 3965 3967 4253 
f 3967 3964 4314 
f 4253 4314 4251 
f 4314 4253 3967 
f 3386 4416 3389 
f 4416 4154 4467 
f 3389 4467 3383 
f 4467 3389 4416 
f 4153 4468 4155 
f 4468 3383 4467 
f 4155 4467 4154 
f 4467 4155 4468 
f 3810 4151 3851 
f 4151 4147 4340 
f 3851 4340 3848 
f 4340 3851 4151 
f 3351 3352 4282 
f 3352 3348 4420 
f 4282 4420 4086 
f 4420 4282 3352 
f 3450 4469 4378 
f 4469 3390 4470 
f 4378 4470 4266 
f 4470 4378 4469 
f 3390 3395 4470 
f 3395 3393 4301 
f 4470 4301 4266 
f 4301 4470 3395 
f 4009 4471 4234 
f 4471 4125 4459 
f 4234 4459 4229 
f 4459 4234 4471 
f 3799 4126 4010 
f 4126 4125 4471 
f 4010 4471 4009 
f 4471 4010 4126 
f 3874 4472 3879 
f 4472 3726 3732 
f 3879 3732 3713 
f 3732 3879 4472 
f 3123 3461 3413 
f 3461 3458 4210 
f 3413 4210 3407 
f 4210 3413 3461 
f 3455 4281 3460 
f 4281 4048 4211 
f 3460 4211 3458 
f 4211 3460 4281 
f 4334 4336 4473 
f 4336 3337 3338 
f 4473 3338 3331 
f 3338 4473 4336 
f 3445 4386 3447 
f 4386 4334 4473 
f 3447 4473 3331 
f 4473 3447 4386 
f 3874 4261 4472 
f 4261 3897 3900 
f 4472 3900 3726 
f 3900 4472 4261 
f 3469 4474 4399 
f 4474 3383 4468 
f 4399 4468 4153 
f 4468 4399 4474 
f 3487 3490 4396 
f 3490 3303 3326 
f 4396 3326 3324 
f 3326 4396 3490 
f 3455 3457 4279 
f 3457 3115 3354 
f 4279 3354 3351 
f 3354 4279 3457 
f 3469 3470 4474 
f 3470 3287 3385 
f 4474 3385 3383 
f 3385 4474 3470 
f 3279 3526 3388 
f 3526 3524 4415 
f 3388 4415 3386 
f 4415 3388 3526 
f 3163 3416 3449 
f 3416 3414 4384 
f 3449 4384 3445 
f 4384 3449 3416 
f 3450 3454 4469 
f 3454 3227 3392 
f 4469 3392 3390 
f 3392 4469 3454 
f 3499 3500 4432 
f 3500 3211 3368 
f 4432 3368 3365 
f 3368 4432 3500 
f 3417 3420 4389 
f 3420 3155 3520 
f 4389 3520 3514 
f 3520 4389 3420 
f 3362 3364 4465 
f 3364 3203 3493 
f 4465 3493 3491 
f 3493 4465 3364 
f 3521 3522 4411 
f 3522 3271 3373 
f 4411 3373 3372 
f 3373 4411 3522 
