===========================================================================
         ________    _________   _______       __     _________            
        |        |\ |        |\ |       \\    |  |\  /         \\          
        |    ____|| |    ____|| |    __  ||   |__|| |    ___    ||         
        |   |\___\| |   |\___\| |   |\_| ||    \_\| |   //  \   ||         
        |   ||__    |   ||__    |   ||_| ||   |  |\ |  ||    |  ||         
        |       |\  |       |\  |         \\  |  || |  ||    |  ||         
        |    ___||  |    ___||  |    ___   || |  || |  ||    |  ||         
        |   |\__\|  |   |\__\|  |   |\__|  || |  || |  ||    |  ||         
        |   ||      |   ||___   |   ||__|  || |  || |   \\__/   ||         
        |   ||      |        |\ |          || |  || |           ||         
        |___||      |________|| |_________//  |__||  \_________//          
                                                                           
      F I N I T E   E L E M E N T S   F O R   B I O M E C H A N I C S      
                                                                           
  version 4.10.0
  FEBio is a registered trademark.                                         
  copyright (c) 2006-2025 - All rights reserved                            
                                                                           
===========================================================================


 *************************************************************************
 *                               WARNING                                 *
 * dtmax is ignored when specifying must points.                         *
 *************************************************************************




 FILES USED
===========================================================================
	Input file : /Users/ryanengels/Documents/limebv-ews_fem_pipeline-e5fe835fd1bf/full_homogeneous_density/full_homogeneous_density.feb
	Plot file  : /Users/ryanengels/Documents/limebv-ews_fem_pipeline-e5fe835fd1bf/full_homogeneous_density/output/full_homogeneous_density.vtk
	Log file   : /Users/ryanengels/Documents/limebv-ews_fem_pipeline-e5fe835fd1bf/full_homogeneous_density/full_homogeneous_density.log


 MESH INFO
===========================================================================
	Number of materials ............................ : 3
	Number of domains .............................. : 3
	Number of nodes ................................ : 35173
	Number of solid elements ....................... : 23380
	Number of shell elements ....................... : 2740


 MODULE
===========================================================================
	Module type ....................................... : solid


 STEP DATA
===========================================================================
step   1 - (noname) (type: solid)
	analysis .......................................... : STATIC (0)
	time_steps ........................................ : 10
	step_size ......................................... : 0.1
	plot_zero_state ................................... : no (0)
	plot_range ........................................ : 0,-1
	plot_level ........................................ : PLOT_NEVER (0)
	output_level ...................................... : OUTPUT_NEVER (0)
	plot_stride ....................................... : 1
	output_stride ..................................... : 1
	adaptor_re_solve .................................. : yes (1)
	time_stepper: (type: default)
	  max_retries ..................................... : 40
	  opt_iter ........................................ : 11
	  dtmin ........................................... : 0
	  dtmax ........................................... : 0.1
	  aggressiveness .................................. : 0
	  cutback ......................................... : 0.5
	  dtforce ......................................... : no (0)
	solver: (type: solid)
	  symmetric_stiffness ............................. : symmetric (1)
	  equation_scheme ................................. : staggered (0)
	  equation_order .................................. : default (0)
	  optimize_bw ..................................... : no (0)
	  lstol ........................................... : 0.9
	  lsmin ........................................... : 0.01
	  lsiter .......................................... : 5
	  ls_check_jacobians .............................. : no (0)
	  max_refs ........................................ : 15
	  check_zero_diagonal ............................. : no (0)
	  zero_diagonal_tol ............................... : 0
	  force_partition ................................. : 0
	  reform_each_time_step ........................... : yes (1)
	  reform_augment .................................. : no (0)
	  diverge_reform .................................. : yes (1)
	  min_residual .................................... : 1e-20
	  max_residual .................................... : 0
	  dtol ............................................ : 0.001
	  etol ............................................ : 0.01
	  rtol ............................................ : 0
	  rhoi ............................................ : -2
	  alpha ........................................... : 1
	  beta ............................................ : 0.25
	  gamma ........................................... : 0.25
	  logSolve ........................................ : no (0)
	  arc_length ...................................... : 0
	  arc_length_scale ................................ : 0
	qn_method: (type: BFGS)
	    max_ups ....................................... : 10
	    max_buffer_size ............................... : 0
	    cycle_buffer .................................. : yes (1)
	    cmax .......................................... : 100000
---------------------------------------------------------------------------
step   2 - (noname) (type: solid)
	analysis .......................................... : DYNAMIC (1)
	time_steps ........................................ : 120
	step_size ......................................... : 0.01
	plot_zero_state ................................... : no (0)
	plot_range ........................................ : 0,-1
	plot_level ........................................ : PLOT_MUST_POINTS (3)
	output_level ...................................... : OUTPUT_MUST_POINTS (3)
	plot_stride ....................................... : 1
	output_stride ..................................... : 1
	adaptor_re_solve .................................. : yes (1)
	time_stepper: (type: default)
	  max_retries ..................................... : 20
	  opt_iter ........................................ : 11
	  dtmin ........................................... : 0
	  dtmax ........................................... : 0.01
	  aggressiveness .................................. : 0
	  cutback ......................................... : 0.5
	  dtforce ......................................... : no (0)
	solver: (type: solid)
	  symmetric_stiffness ............................. : symmetric (1)
	  equation_scheme ................................. : staggered (0)
	  equation_order .................................. : default (0)
	  optimize_bw ..................................... : no (0)
	  lstol ........................................... : 0.9
	  lsmin ........................................... : 0.01
	  lsiter .......................................... : 5
	  ls_check_jacobians .............................. : no (0)
	  max_refs ........................................ : 15
	  check_zero_diagonal ............................. : no (0)
	  zero_diagonal_tol ............................... : 0
	  force_partition ................................. : 0
	  reform_each_time_step ........................... : yes (1)
	  reform_augment .................................. : no (0)
	  diverge_reform .................................. : yes (1)
	  min_residual .................................... : 1e-20
	  max_residual .................................... : 0
	  dtol ............................................ : 0.001
	  etol ............................................ : 0.01
	  rtol ............................................ : 0
	  rhoi ............................................ : -2
	  alpha ........................................... : 1
	  beta ............................................ : 1
	  gamma ........................................... : 1.5
	  logSolve ........................................ : no (0)
	  arc_length ...................................... : 0
	  arc_length_scale ................................ : 0
	qn_method: (type: BFGS)
	    max_ups ....................................... : 10
	    max_buffer_size ............................... : 0
	    cycle_buffer .................................. : yes (1)
	    cmax .......................................... : 100000




 MATERIAL DATA
===========================================================================
  1 - skin (type: Mooney-Rivlin)
	density ........................................... : (not constant)
	k ................................................. : 480000
	pressure_model .................................... : default (0)
	c1 ................................................ : (not constant)
	c2 ................................................ : (not constant)
---------------------------------------------------------------------------
  2 - adipose (type: Mooney-Rivlin)
	density ........................................... : (not constant)
	k ................................................. : 425000
	pressure_model .................................... : default (0)
	c1 ................................................ : (not constant)
	c2 ................................................ : (not constant)
---------------------------------------------------------------------------
  3 - glandular (type: Mooney-Rivlin)
	density ........................................... : (not constant)
	k ................................................. : 425000
	pressure_model .................................... : default (0)
	c1 ................................................ : (not constant)
	c2 ................................................ : (not constant)


 BOUNDARY CONDITION DATA
===========================================================================
  1 -  Type: zero displacement
	x_dof ............................................. : yes (1)
	y_dof ............................................. : yes (1)
	z_dof ............................................. : yes (1)
---------------------------------------------------------------------------
  2 -  Type: prescribed displacement
	dof ............................................... : 2
	value ............................................. : 1
	relative .......................................... : no (0)
---------------------------------------------------------------------------
  3 -  Type: zero displacement
	x_dof ............................................. : yes (1)
	y_dof ............................................. : yes (1)
	z_dof ............................................. : no (0)


 MODEL LOAD DATA
===========================================================================
  1 -  Type: body force
	force ............................................. : 0, 0, 9.81
---------------------------------------------------------------------------
  2 -  Type: mass damping
	C ................................................. : 20


 LOAD CONTROLLER DATA
===========================================================================
load controller   1 - LC1 (type: loadcurve)
	interpolate ....................................... : LINEAR (0)
	extend ............................................ : CONSTANT (0)
	points ............................................ : (can't display value)
---------------------------------------------------------------------------
load controller   2 - LC2 (type: loadcurve)
	interpolate ....................................... : LINEAR (0)
	extend ............................................ : CONSTANT (0)
	points ............................................ : (can't display value)
---------------------------------------------------------------------------
load controller   3 - LC3 (type: loadcurve)
	interpolate ....................................... : LINEAR (0)
	extend ............................................ : CONSTANT (0)
	points ............................................ : (can't display value)


 OUTPUT DATA
===========================================================================
 LINEAR SOLVER DATA
===========================================================================
	Default linear solver ............................. : pardiso


 *************************************************************************
 * Selecting linear solver pardiso                                       *
 *************************************************************************

===== beginning time step 1 : 0.1 =====


Reforming stiffness matrix: reformation #1

===== reforming stiffness matrix:
	Nr of equations ........................... : 113580
	Nr of nonzeroes in stiffness matrix ....... : 4723659
 1
 Nonlinear solution status: time= 0.1
	stiffness updates             = 0
	right hand side evaluations   = 2
	stiffness matrix reformations = 1
	step from line search         = 1.000000
	convergence norms :     INITIAL         CURRENT         REQUIRED
	   residual            3.149073e-05    6.601885e-01    0.000000e+00 
	   energy              1.147912e-03    2.255420e-04    1.147912e-05 
	   displacement        1.464250e-01    1.464250e-01    1.464250e-07 
 2
 Nonlinear solution status: time= 0.1
	stiffness updates             = 1
	right hand side evaluations   = 4
	stiffness matrix reformations = 1
	step from line search         = 0.495992
	convergence norms :     INITIAL         CURRENT         REQUIRED
	   residual            3.149073e-05    2.652182e-01    0.000000e+00 
	   energy              1.147912e-03    9.384541e-05    1.147912e-05 
	   displacement        1.464250e-01    2.084900e-04    1.513972e-07 
 3
 Nonlinear solution status: time= 0.1
	stiffness updates             = 2
	right hand side evaluations   = 6
	stiffness matrix reformations = 1
	step from line search         = 0.627671
	convergence norms :     INITIAL         CURRENT         REQUIRED
	   residual            3.149073e-05    1.573385e-01    0.000000e+00 
	   energy              1.147912e-03    1.661887e-05    1.147912e-05 
	   displacement        1.464250e-01    7.025555e-04    1.319741e-07 
 4
 Nonlinear solution status: time= 0.1
	stiffness updates             = 3
	right hand side evaluations   = 8
	stiffness matrix reformations = 1
	step from line search         = 0.587490
	convergence norms :     INITIAL         CURRENT         REQUIRED
	   residual            3.149073e-05    5.460438e-02    0.000000e+00 
	   energy              1.147912e-03    7.746750e-06    1.147912e-05 
	   displacement        1.464250e-01    1.137255e-04    1.259783e-07 
 5
 Nonlinear solution status: time= 0.1
	stiffness updates             = 4
	right hand side evaluations   = 10
	stiffness matrix reformations = 1
	step from line search         = 0.509448
	convergence norms :     INITIAL         CURRENT         REQUIRED
	   residual            3.149073e-05    4.708450e-02    0.000000e+00 
	   energy              1.147912e-03    3.283955e-06    1.147912e-05 
	   displacement        1.464250e-01    1.038111e-04    1.318208e-07 
 6
 Nonlinear solution status: time= 0.1
	stiffness updates             = 5
	right hand side evaluations   = 12
	stiffness matrix reformations = 1
	step from line search         = 0.558256
	convergence norms :     INITIAL         CURRENT         REQUIRED
	   residual            3.149073e-05    3.390221e-02    0.000000e+00 
	   energy              1.147912e-03    1.583142e-06    1.147912e-05 
	   displacement        1.464250e-01    1.475613e-04    1.402695e-07 
 7
 Nonlinear solution status: time= 0.1
	stiffness updates             = 6
	right hand side evaluations   = 14
	stiffness matrix reformations = 1
	step from line search         = 0.579459
	convergence norms :     INITIAL         CURRENT         REQUIRED
	   residual            3.149073e-05    1.043780e-02    0.000000e+00 
	   energy              1.147912e-03    1.173013e-06    1.147912e-05 
	   displacement        1.464250e-01    5.713235e-05    1.459151e-07 
 8
 Nonlinear solution status: time= 0.1
	stiffness updates             = 7
	right hand side evaluations   = 16
	stiffness matrix reformations = 1
	step from line search         = 0.549255
	convergence norms :     INITIAL         CURRENT         REQUIRED
	   residual            3.149073e-05    8.820625e-03    0.000000e+00 
	   energy              1.147912e-03    8.028983e-07    1.147912e-05 
	   displacement        1.464250e-01    7.535030e-06    1.472208e-07 
 9
 Nonlinear solution status: time= 0.1
	stiffness updates             = 8
	right hand side evaluations   = 18
	stiffness matrix reformations = 1
	step from line search         = 0.575817
	convergence norms :     INITIAL         CURRENT         REQUIRED
	   residual            3.149073e-05    5.348317e-03    0.000000e+00 
	   energy              1.147912e-03    4.249043e-07    1.147912e-05 
	   displacement        1.464250e-01    3.322047e-06    1.461756e-07 
 10
 Nonlinear solution status: time= 0.1
	stiffness updates             = 9
	right hand side evaluations   = 20
	stiffness matrix reformations = 1
	step from line search         = 0.571771
	convergence norms :     INITIAL         CURRENT         REQUIRED
	   residual            3.149073e-05    3.520896e-03    0.000000e+00 
	   energy              1.147912e-03    2.501823e-07    1.147912e-05 
	   displacement        1.464250e-01    2.681980e-06    1.453787e-07 

 *************************************************************************
 *                               WARNING                                 *
 * Max nr of iterations reached.                                         *
 * Stiffness matrix will now be reformed.                                *
 *************************************************************************
Reforming stiffness matrix: reformation #2

 11
 Nonlinear solution status: time= 0.1
	stiffness updates             = 0
	right hand side evaluations   = 21
	stiffness matrix reformations = 2
	step from line search         = 1.000000
	convergence norms :     INITIAL         CURRENT         REQUIRED
	   residual            3.149073e-05    1.250900e-05    0.000000e+00 
	   energy              1.147912e-03    9.852162e-09    1.147912e-05 
	   displacement        1.464250e-01    3.248632e-06    1.464946e-07 
 12
 Nonlinear solution status: time= 0.1
	stiffness updates             = 1
	right hand side evaluations   = 22
	stiffness matrix reformations = 2
	step from line search         = 1.000000
	convergence norms :     INITIAL         CURRENT         REQUIRED
	   residual            3.149073e-05    2.474863e-06    0.000000e+00 
	   energy              1.147912e-03    2.585514e-09    1.147912e-05 
	   displacement        1.464250e-01    3.943113e-09    1.464968e-07 

convergence summary
    number of iterations   : 12
    number of reformations : 2

------- converged at time : 0.1


AUTO STEPPER: decreasing time step, dt = 0.0957427


===== beginning time step 2 : 0.195743 =====


Reforming stiffness matrix: reformation #1

 1
 Nonlinear solution status: time= 0.195743
	stiffness updates             = 0
	right hand side evaluations   = 2
	stiffness matrix reformations = 1
	step from line search         = 1.000000
	convergence norms :     INITIAL         CURRENT         REQUIRED
	   residual            3.132141e-05    5.463040e-01    0.000000e+00 
	   energy              1.053157e-03    1.908350e-04    1.053157e-05 
	   displacement        1.344738e-01    1.344738e-01    1.344738e-07 
 2
 Nonlinear solution status: time= 0.195743
	stiffness updates             = 1
	right hand side evaluations   = 4
	stiffness matrix reformations = 1
	step from line search         = 0.510132
	convergence norms :     INITIAL         CURRENT         REQUIRED
	   residual            3.132141e-05    1.882574e-01    0.000000e+00 
	   energy              1.053157e-03    7.568941e-05    1.053157e-05 
	   displacement        1.344738e-01    1.726385e-04    1.379442e-07 
 3
 Nonlinear solution status: time= 0.195743
	stiffness updates             = 2
	right hand side evaluations   = 5
	stiffness matrix reformations = 1
	step from line search         = 1.000000
	convergence norms :     INITIAL         CURRENT         REQUIRED
	   residual            3.132141e-05    4.027474e-01    0.000000e+00 
	   energy              1.053157e-03    6.220199e-05    1.053157e-05 
	   displacement        1.344738e-01    1.259171e-03    1.134698e-07 
 4
 Nonlinear solution status: time= 0.195743
	stiffness updates             = 3
	right hand side evaluations   = 6
	stiffness matrix reformations = 1
	step from line search         = 1.000000
	convergence norms :     INITIAL         CURRENT         REQUIRED
	   residual            3.132141e-05    1.997741e-01    0.000000e+00 
	   energy              1.053157e-03    4.771640e-05    1.053157e-05 
	   displacement        1.344738e-01    1.327394e-04    1.121078e-07 
 5
 Nonlinear solution status: time= 0.195743
	stiffness updates             = 4
	right hand side evaluations   = 8
	stiffness matrix reformations = 1
	step from line search         = 0.613441
	convergence norms :     INITIAL         CURRENT         REQUIRED
	   residual            3.132141e-05    1.624685e-01    0.000000e+00 
	   energy              1.053157e-03    6.274946e-06    1.053157e-05 
	   displacement        1.344738e-01    2.941851e-04    1.228991e-07 
 6
 Nonlinear solution status: time= 0.195743
	stiffness updates             = 5
	right hand side evaluations   = 10
	stiffness matrix reformations = 1
	step from line search         = 0.529095
	convergence norms :     INITIAL         CURRENT         REQUIRED
	   residual            3.132141e-05    3.447417e-02    0.000000e+00 
	   energy              1.053157e-03    5.494662e-06    1.053157e-05 
	   displacement        1.344738e-01    1.289174e-04    1.306625e-07 
 7
 Nonlinear solution status: time= 0.195743
	stiffness updates             = 6
	right hand side evaluations   = 12
	stiffness matrix reformations = 1
	step from line search         = 0.568521
	convergence norms :     INITIAL         CURRENT         REQUIRED
	   residual            3.132141e-05    1.826733e-02    0.000000e+00 
	   energy              1.053157e-03    1.703645e-06    1.053157e-05 
	   displacement        1.344738e-01    1.179791e-05    1.318738e-07 
 8
 Nonlinear solution status: time= 0.195743
	stiffness updates             = 7
	right hand side evaluations   = 14
	stiffness matrix reformations = 1
	step from line search         = 0.589407
	convergence norms :     INITIAL         CURRENT         REQUIRED
	   residual            3.132141e-05    1.045309e-02    0.000000e+00 
	   energy              1.053157e-03    7.095145e-07    1.053157e-05 
	   displacement        1.344738e-01    3.713558e-06    1.314680e-07 
 9
 Nonlinear solution status: time= 0.195743
	stiffness updates             = 8
	right hand side evaluations   = 16
	stiffness matrix reformations = 1
	step from line search         = 0.573255
	convergence norms :     INITIAL         CURRENT         REQUIRED
	   residual            3.132141e-05    7.797663e-03    0.000000e+00 
	   energy              1.053157e-03    4.437484e-07    1.053157e-05 
	   displacement        1.344738e-01    2.663048e-06    1.318097e-07 
 10
 Nonlinear solution status: time= 0.195743
	stiffness updates             = 9
	right hand side evaluations   = 18
	stiffness matrix reformations = 1
	step from line search         = 0.580684
	convergence norms :     INITIAL         CURRENT         REQUIRED
	   residual            3.132141e-05    5.568915e-03    0.000000e+00 
	   energy              1.053157e-03    2.387304e-07    1.053157e-05 
	   displacement        1.344738e-01    6.333184e-06    1.330632e-07 

 *************************************************************************
 *                               WARNING                                 *
 * Max nr of iterations reached.                                         *
 * Stiffness matrix will now be reformed.                                *
 *************************************************************************
Reforming stiffness matrix: reformation #2

 11
 Nonlinear solution status: time= 0.195743
	stiffness updates             = 0
	right hand side evaluations   = 19
	stiffness matrix reformations = 2
	step from line search         = 1.000000
	convergence norms :     INITIAL         CURRENT         REQUIRED
	   residual            3.132141e-05    9.062730e-06    0.000000e+00 
	   energy              1.053157e-03    1.271861e-09    1.053157e-05 
	   displacement        1.344738e-01    6.387401e-06    1.347427e-07 
 12
 Nonlinear solution status: time= 0.195743
	stiffness updates             = 1
	right hand side evaluations   = 20
	stiffness matrix reformations = 2
	step from line search         = 1.000000
	convergence norms :     INITIAL         CURRENT         REQUIRED
	   residual            3.132141e-05    2.962630e-07    0.000000e+00 
	   energy              1.053157e-03    6.108391e-10    1.053157e-05 
	   displacement        1.344738e-01    6.123503e-09    1.347852e-07 

convergence summary
    number of iterations   : 12
    number of reformations : 2

------- converged at time : 0.195743


AUTO STEPPER: decreasing time step, dt = 0.0916667


===== beginning time step 3 : 0.287409 =====


Reforming stiffness matrix: reformation #1

 1
 Nonlinear solution status: time= 0.287409
	stiffness updates             = 0
	right hand side evaluations   = 2
	stiffness matrix reformations = 1
	step from line search         = 1.000000
	convergence norms :     INITIAL         CURRENT         REQUIRED
	   residual            2.673935e-05    4.336988e-01    0.000000e+00 
	   energy              9.677637e-04    1.662045e-04    9.677637e-06 
	   displacement        1.239681e-01    1.239681e-01    1.239681e-07 
 2
 Nonlinear solution status: time= 0.287409
	stiffness updates             = 1
	right hand side evaluations   = 4
	stiffness matrix reformations = 1
	step from line search         = 0.527091
	convergence norms :     INITIAL         CURRENT         REQUIRED
	   residual            2.673935e-05    1.122300e-01    0.000000e+00 
	   energy              9.677637e-04    6.593202e-05    9.677637e-06 
	   displacement        1.239681e-01    1.731937e-04    1.269619e-07 
 3
 Nonlinear solution status: time= 0.287409
	stiffness updates             = 2
	right hand side evaluations   = 5
	stiffness matrix reformations = 1
	step from line search         = 1.000000
	convergence norms :     INITIAL         CURRENT         REQUIRED
	   residual            2.673935e-05    2.277545e-01    0.000000e+00 
	   energy              9.677637e-04    4.060719e-05    9.677637e-06 
	   displacement        1.239681e-01    9.993975e-04    1.059269e-07 
 4
 Nonlinear solution status: time= 0.287409
	stiffness updates             = 3
	right hand side evaluations   = 6
	stiffness matrix reformations = 1
	step from line search         = 1.000000
	convergence norms :     INITIAL         CURRENT         REQUIRED
	   residual            2.673935e-05    1.564575e-01    0.000000e+00 
	   energy              9.677637e-04    3.635910e-05    9.677637e-06 
	   displacement        1.239681e-01    1.194519e-04    1.059724e-07 
 5
 Nonlinear solution status: time= 0.287409
	stiffness updates             = 4
	right hand side evaluations   = 8
	stiffness matrix reformations = 1
	step from line search         = 0.632756
	convergence norms :     INITIAL         CURRENT         REQUIRED
	   residual            2.673935e-05    1.017859e-01    0.000000e+00 
	   energy              9.677637e-04    4.027862e-06    9.677637e-06 
	   displacement        1.239681e-01    2.144604e-04    1.149610e-07 
 6
 Nonlinear solution status: time= 0.287409
	stiffness updates             = 5
	right hand side evaluations   = 10
	stiffness matrix reformations = 1
	step from line search         = 0.536349
	convergence norms :     INITIAL         CURRENT         REQUIRED
	   residual            2.673935e-05    1.978359e-02    0.000000e+00 
	   energy              9.677637e-04    4.014237e-06    9.677637e-06 
	   displacement        1.239681e-01    8.879405e-05    1.211236e-07 
 7
 Nonlinear solution status: time= 0.287409
	stiffness updates             = 6
	right hand side evaluations   = 12
	stiffness matrix reformations = 1
	step from line search         = 0.586796
	convergence norms :     INITIAL         CURRENT         REQUIRED
	   residual            2.673935e-05    9.553526e-03    0.000000e+00 
	   energy              9.677637e-04    9.880484e-07    9.677637e-06 
	   displacement        1.239681e-01    8.142400e-06    1.220242e-07 
 8
 Nonlinear solution status: time= 0.287409
	stiffness updates             = 7
	right hand side evaluations   = 14
	stiffness matrix reformations = 1
	step from line search         = 0.616266
	convergence norms :     INITIAL         CURRENT         REQUIRED
	   residual            2.673935e-05    6.804777e-03    0.000000e+00 
	   energy              9.677637e-04    4.183959e-07    9.677637e-06 
	   displacement        1.239681e-01    2.567484e-06    1.218575e-07 
 9
 Nonlinear solution status: time= 0.287409
	stiffness updates             = 8
	right hand side evaluations   = 16
	stiffness matrix reformations = 1
	step from line search         = 0.586656
	convergence norms :     INITIAL         CURRENT         REQUIRED
	   residual            2.673935e-05    5.008676e-03    0.000000e+00 
	   energy              9.677637e-04    2.778670e-07    9.677637e-06 
	   displacement        1.239681e-01    2.720959e-06    1.222795e-07 
 10
 Nonlinear solution status: time= 0.287409
	stiffness updates             = 9
	right hand side evaluations   = 18
	stiffness matrix reformations = 1
	step from line search         = 0.607453
	convergence norms :     INITIAL         CURRENT         REQUIRED
	   residual            2.673935e-05    2.996601e-03    0.000000e+00 
	   energy              9.677637e-04    1.471704e-07    9.677637e-06 
	   displacement        1.239681e-01    4.920365e-06    1.233727e-07 

 *************************************************************************
 *                               WARNING                                 *
 * Max nr of iterations reached.                                         *
 * Stiffness matrix will now be reformed.                                *
 *************************************************************************
Reforming stiffness matrix: reformation #2

 11
 Nonlinear solution status: time= 0.287409
	stiffness updates             = 0
	right hand side evaluations   = 19
	stiffness matrix reformations = 2
	step from line search         = 1.000000
	convergence norms :     INITIAL         CURRENT         REQUIRED
	   residual            2.673935e-05    6.087409e-06    0.000000e+00 
	   energy              9.677637e-04    4.415702e-09    9.677637e-06 
	   displacement        1.239681e-01    3.428247e-06    1.244446e-07 
 12
 Nonlinear solution status: time= 0.287409
	stiffness updates             = 1
	right hand side evaluations   = 20
	stiffness matrix reformations = 2
	step from line search         = 1.000000
	convergence norms :     INITIAL         CURRENT         REQUIRED
	   residual            2.673935e-05    1.435135e-07    0.000000e+00 
	   energy              9.677637e-04    2.114023e-10    9.677637e-06 
	   displacement        1.239681e-01    3.700205e-09    1.244720e-07 

convergence summary
    number of iterations   : 12
    number of reformations : 2

------- converged at time : 0.287409


AUTO STEPPER: decreasing time step, dt = 0.0877642


===== beginning time step 4 : 0.375174 =====


Reforming stiffness matrix: reformation #1

 1
 Nonlinear solution status: time= 0.375174
	stiffness updates             = 0
	right hand side evaluations   = 2
	stiffness matrix reformations = 1
	step from line search         = 1.000000
	convergence norms :     INITIAL         CURRENT         REQUIRED
	   residual            2.439593e-05    3.391112e-01    0.000000e+00 
	   energy              8.906204e-04    1.485619e-04    8.906204e-06 
	   displacement        1.146689e-01    1.146689e-01    1.146689e-07 
 2
 Nonlinear solution status: time= 0.375174
	stiffness updates             = 1
	right hand side evaluations   = 4
	stiffness matrix reformations = 1
	step from line search         = 0.544841
	convergence norms :     INITIAL         CURRENT         REQUIRED
	   residual            2.439593e-05    7.167723e-02    0.000000e+00 
	   energy              8.906204e-04    6.148910e-05    8.906204e-06 
	   displacement        1.146689e-01    1.878246e-04    1.177288e-07 
 3
 Nonlinear solution status: time= 0.375174
	stiffness updates             = 2
	right hand side evaluations   = 5
	stiffness matrix reformations = 1
	step from line search         = 1.000000
	convergence norms :     INITIAL         CURRENT         REQUIRED
	   residual            2.439593e-05    1.233886e-01    0.000000e+00 
	   energy              8.906204e-04    2.659175e-05    8.906204e-06 
	   displacement        1.146689e-01    8.807133e-04    9.863782e-08 
 4
 Nonlinear solution status: time= 0.375174
	stiffness updates             = 3
	right hand side evaluations   = 6
	stiffness matrix reformations = 1
	step from line search         = 1.000000
	convergence norms :     INITIAL         CURRENT         REQUIRED
	   residual            2.439593e-05    1.005302e-01    0.000000e+00 
	   energy              8.906204e-04    2.702347e-05    8.906204e-06 
	   displacement        1.146689e-01    1.215586e-04    9.975730e-08 
 5
 Nonlinear solution status: time= 0.375174
	stiffness updates             = 4
	right hand side evaluations   = 7
	stiffness matrix reformations = 1
	step from line search         = 1.000000
	convergence norms :     INITIAL         CURRENT         REQUIRED
	   residual            2.439593e-05    1.400350e-01    0.000000e+00 
	   energy              8.906204e-04    2.223531e-05    8.906204e-06 
	   displacement        1.146689e-01    3.875025e-04    1.117246e-07 
 6
 Nonlinear solution status: time= 0.375174
	stiffness updates             = 5
	right hand side evaluations   = 9
	stiffness matrix reformations = 1
	step from line search         = 0.631046
	convergence norms :     INITIAL         CURRENT         REQUIRED
	   residual            2.439593e-05    2.424958e-02    0.000000e+00 
	   energy              8.906204e-04    4.102017e-06    8.906204e-06 
	   displacement        1.146689e-01    2.942562e-05    1.143679e-07 
 7
 Nonlinear solution status: time= 0.375174
	stiffness updates             = 6
	right hand side evaluations   = 11
	stiffness matrix reformations = 1
	step from line search         = 0.569814
	convergence norms :     INITIAL         CURRENT         REQUIRED
	   residual            2.439593e-05    1.135808e-02    0.000000e+00 
	   energy              8.906204e-04    1.954428e-06    8.906204e-06 
	   displacement        1.146689e-01    2.409752e-05    1.122341e-07 
 8
 Nonlinear solution status: time= 0.375174
	stiffness updates             = 7
	right hand side evaluations   = 13
	stiffness matrix reformations = 1
	step from line search         = 0.579728
	convergence norms :     INITIAL         CURRENT         REQUIRED
	   residual            2.439593e-05    7.354611e-03    0.000000e+00 
	   energy              8.906204e-04    6.304774e-07    8.906204e-06 
	   displacement        1.146689e-01    3.665120e-06    1.115448e-07 
 9
 Nonlinear solution status: time= 0.375174
	stiffness updates             = 8
	right hand side evaluations   = 15
	stiffness matrix reformations = 1
	step from line search         = 0.630987
	convergence norms :     INITIAL         CURRENT         REQUIRED
	   residual            2.439593e-05    3.871117e-03    0.000000e+00 
	   energy              8.906204e-04    2.043915e-07    8.906204e-06 
	   displacement        1.146689e-01    6.916615e-06    1.127468e-07 
 10
 Nonlinear solution status: time= 0.375174
	stiffness updates             = 9
	right hand side evaluations   = 17
	stiffness matrix reformations = 1
	step from line search         = 0.624079
	convergence norms :     INITIAL         CURRENT         REQUIRED
	   residual            2.439593e-05    1.920309e-03    0.000000e+00 
	   energy              8.906204e-04    1.326806e-07    8.906204e-06 
	   displacement        1.146689e-01    8.424981e-06    1.144815e-07 

 *************************************************************************
 *                               WARNING                                 *
 * Max nr of iterations reached.                                         *
 * Stiffness matrix will now be reformed.                                *
 *************************************************************************
Reforming stiffness matrix: reformation #2

 11
 Nonlinear solution status: time= 0.375174
	stiffness updates             = 0
	right hand side evaluations   = 18
	stiffness matrix reformations = 2
	step from line search         = 1.000000
	convergence norms :     INITIAL         CURRENT         REQUIRED
	   residual            2.439593e-05    8.460700e-06    0.000000e+00 
	   energy              8.906204e-04    1.015628e-08    8.906204e-06 
	   displacement        1.146689e-01    3.275179e-06    1.152606e-07 
 12
 Nonlinear solution status: time= 0.375174
	stiffness updates             = 1
	right hand side evaluations   = 19
	stiffness matrix reformations = 2
	step from line search         = 1.000000
	convergence norms :     INITIAL         CURRENT         REQUIRED
	   residual            2.439593e-05    1.747546e-07    0.000000e+00 
	   energy              8.906204e-04    1.246118e-10    8.906204e-06 
	   displacement        1.146689e-01    9.615010e-09    1.153088e-07 

convergence summary
    number of iterations   : 12
    number of reformations : 2

------- converged at time : 0.375174


AUTO STEPPER: decreasing time step, dt = 0.0840278


===== beginning time step 5 : 0.459201 =====


Reforming stiffness matrix: reformation #1

 1
 Nonlinear solution status: time= 0.459201
	stiffness updates             = 0
	right hand side evaluations   = 2
	stiffness matrix reformations = 1
	step from line search         = 1.000000
	convergence norms :     INITIAL         CURRENT         REQUIRED
	   residual            2.239989e-05    2.626954e-01    0.000000e+00 
	   energy              8.207943e-04    1.355765e-04    8.207943e-06 
	   displacement        1.063955e-01    1.063955e-01    1.063955e-07 
 2
 Nonlinear solution status: time= 0.459201
	stiffness updates             = 1
	right hand side evaluations   = 4
	stiffness matrix reformations = 1
	step from line search         = 0.560630
	convergence norms :     INITIAL         CURRENT         REQUIRED
	   residual            2.239989e-05    5.379926e-02    0.000000e+00 
	   energy              8.207943e-04    5.913750e-05    8.207943e-06 
	   displacement        1.063955e-01    2.073080e-04    1.097315e-07 
 3
 Nonlinear solution status: time= 0.459201
	stiffness updates             = 2
	right hand side evaluations   = 5
	stiffness matrix reformations = 1
	step from line search         = 1.000000
	convergence norms :     INITIAL         CURRENT         REQUIRED
	   residual            2.239989e-05    7.388786e-02    0.000000e+00 
	   energy              8.207943e-04    1.818071e-05    8.207943e-06 
	   displacement        1.063955e-01    8.286551e-04    9.181429e-08 
 4
 Nonlinear solution status: time= 0.459201
	stiffness updates             = 3
	right hand side evaluations   = 6
	stiffness matrix reformations = 1
	step from line search         = 1.000000
	convergence norms :     INITIAL         CURRENT         REQUIRED
	   residual            2.239989e-05    6.055253e-02    0.000000e+00 
	   energy              8.207943e-04    2.172517e-05    8.207943e-06 
	   displacement        1.063955e-01    1.257546e-04    9.338979e-08 
 5
 Nonlinear solution status: time= 0.459201
	stiffness updates             = 4
	right hand side evaluations   = 7
	stiffness matrix reformations = 1
	step from line search         = 1.000000
	convergence norms :     INITIAL         CURRENT         REQUIRED
	   residual            2.239989e-05    9.453875e-02    0.000000e+00 
	   energy              8.207943e-04    1.592411e-05    8.207943e-06 
	   displacement        1.063955e-01    3.061045e-04    1.037925e-07 
 6
 Nonlinear solution status: time= 0.459201
	stiffness updates             = 5
	right hand side evaluations   = 9
	stiffness matrix reformations = 1
	step from line search         = 0.624035
	convergence norms :     INITIAL         CURRENT         REQUIRED
	   residual            2.239989e-05    1.513836e-02    0.000000e+00 
	   energy              8.207943e-04    3.614984e-06    8.207943e-06 
	   displacement        1.063955e-01    2.857357e-05    1.064231e-07 
 7
 Nonlinear solution status: time= 0.459201
	stiffness updates             = 6
	right hand side evaluations   = 11
	stiffness matrix reformations = 1
	step from line search         = 0.606732
	convergence norms :     INITIAL         CURRENT         REQUIRED
	   residual            2.239989e-05    7.848988e-03    0.000000e+00 
	   energy              8.207943e-04    1.141790e-06    8.207943e-06 
	   displacement        1.063955e-01    1.883853e-05    1.045095e-07 
 8
 Nonlinear solution status: time= 0.459201
	stiffness updates             = 7
	right hand side evaluations   = 13
	stiffness matrix reformations = 1
	step from line search         = 0.594621
	convergence norms :     INITIAL         CURRENT         REQUIRED
	   residual            2.239989e-05    3.771336e-03    0.000000e+00 
	   energy              8.207943e-04    4.414048e-07    8.207943e-06 
	   displacement        1.063955e-01    3.500056e-06    1.039758e-07 
 9
 Nonlinear solution status: time= 0.459201
	stiffness updates             = 8
	right hand side evaluations   = 14
	stiffness matrix reformations = 1
	step from line search         = 1.000000
	convergence norms :     INITIAL         CURRENT         REQUIRED
	   residual            2.239989e-05    6.985740e-03    0.000000e+00 
	   energy              8.207943e-04    9.358014e-07    8.207943e-06 
	   displacement        1.063955e-01    1.381704e-05    1.056495e-07 
 10
 Nonlinear solution status: time= 0.459201
	stiffness updates             = 9
	right hand side evaluations   = 15
	stiffness matrix reformations = 1
	step from line search         = 1.000000
	convergence norms :     INITIAL         CURRENT         REQUIRED
	   residual            2.239989e-05    2.841038e-03    0.000000e+00 
	   energy              8.207943e-04    6.722477e-07    8.207943e-06 
	   displacement        1.063955e-01    7.664801e-06    1.073180e-07 

 *************************************************************************
 *                               WARNING                                 *
 * Max nr of iterations reached.                                         *
 * Stiffness matrix will now be reformed.                                *
 *************************************************************************
Reforming stiffness matrix: reformation #2

 11
 Nonlinear solution status: time= 0.459201
	stiffness updates             = 0
	right hand side evaluations   = 16
	stiffness matrix reformations = 2
	step from line search         = 1.000000
	convergence norms :     INITIAL         CURRENT         REQUIRED
	   residual            2.239989e-05    1.023322e-05    0.000000e+00 
	   energy              8.207943e-04    3.064286e-08    8.207943e-06 
	   displacement        1.063955e-01    3.120703e-06    1.072119e-07 
 12
 Nonlinear solution status: time= 0.459201
	stiffness updates             = 1
	right hand side evaluations   = 17
	stiffness matrix reformations = 2
	step from line search         = 1.000000
	convergence norms :     INITIAL         CURRENT         REQUIRED
	   residual            2.239989e-05    9.596346e-07    0.000000e+00 
	   energy              8.207943e-04    2.379255e-09    8.207943e-06 
	   displacement        1.063955e-01    3.564404e-08    1.071208e-07 

convergence summary
    number of iterations   : 12
    number of reformations : 2

------- converged at time : 0.459201


AUTO STEPPER: decreasing time step, dt = 0.0804505


===== beginning time step 6 : 0.539652 =====


Reforming stiffness matrix: reformation #1

 1
 Nonlinear solution status: time= 0.539652
	stiffness updates             = 0
	right hand side evaluations   = 2
	stiffness matrix reformations = 1
	step from line search         = 1.000000
	convergence norms :     INITIAL         CURRENT         REQUIRED
	   residual            2.123344e-05    2.101191e-01    0.000000e+00 
	   energy              7.574433e-04    1.264050e-04    7.574433e-06 
	   displacement        9.900076e-02    9.900076e-02    9.900076e-08 
 2
 Nonlinear solution status: time= 0.539652
	stiffness updates             = 1
	right hand side evaluations   = 4
	stiffness matrix reformations = 1
	step from line search         = 0.572199
	convergence norms :     INITIAL         CURRENT         REQUIRED
	   residual            2.123344e-05    5.261149e-02    0.000000e+00 
	   energy              7.574433e-04    5.801305e-05    7.574433e-06 
	   displacement        9.900076e-02    2.320722e-04    1.028152e-07 
 3
 Nonlinear solution status: time= 0.539652
	stiffness updates             = 2
	right hand side evaluations   = 5
	stiffness matrix reformations = 1
	step from line search         = 1.000000
	convergence norms :     INITIAL         CURRENT         REQUIRED
	   residual            2.123344e-05    5.303131e-02    0.000000e+00 
	   energy              7.574433e-04    1.336925e-05    7.574433e-06 
	   displacement        9.900076e-02    8.310735e-04    8.543618e-08 
 4
 Nonlinear solution status: time= 0.539652
	stiffness updates             = 3
	right hand side evaluations   = 6
	stiffness matrix reformations = 1
	step from line search         = 1.000000
	convergence norms :     INITIAL         CURRENT         REQUIRED
	   residual            2.123344e-05    4.390012e-02    0.000000e+00 
	   energy              7.574433e-04    1.990241e-05    7.574433e-06 
	   displacement        9.900076e-02    1.266085e-04    8.687842e-08 
 5
 Nonlinear solution status: time= 0.539652
	stiffness updates             = 4
	right hand side evaluations   = 7
	stiffness matrix reformations = 1
	step from line search         = 1.000000
	convergence norms :     INITIAL         CURRENT         REQUIRED
	   residual            2.123344e-05    6.722890e-02    0.000000e+00 
	   energy              7.574433e-04    1.229343e-05    7.574433e-06 
	   displacement        9.900076e-02    2.694482e-04    9.640512e-08 
 6
 Nonlinear solution status: time= 0.539652
	stiffness updates             = 5
	right hand side evaluations   = 9
	stiffness matrix reformations = 1
	step from line search         = 0.617067
	convergence norms :     INITIAL         CURRENT         REQUIRED
	   residual            2.123344e-05    1.057016e-02    0.000000e+00 
	   energy              7.574433e-04    3.244521e-06    7.574433e-06 
	   displacement        9.900076e-02    2.764883e-05    9.893775e-08 
 7
 Nonlinear solution status: time= 0.539652
	stiffness updates             = 6
	right hand side evaluations   = 10
	stiffness matrix reformations = 1
	step from line search         = 1.000000
	convergence norms :     INITIAL         CURRENT         REQUIRED
	   residual            2.123344e-05    1.671361e-02    0.000000e+00 
	   energy              7.574433e-04    4.568191e-06    7.574433e-06 
	   displacement        9.900076e-02    3.336378e-05    9.646633e-08 
 8
 Nonlinear solution status: time= 0.539652
	stiffness updates             = 7
	right hand side evaluations   = 11
	stiffness matrix reformations = 1
	step from line search         = 1.000000
	convergence norms :     INITIAL         CURRENT         REQUIRED
	   residual            2.123344e-05    9.261708e-03    0.000000e+00 
	   energy              7.574433e-04    2.422249e-06    7.574433e-06 
	   displacement        9.900076e-02    8.285597e-06    9.667104e-08 
 9
 Nonlinear solution status: time= 0.539652
	stiffness updates             = 8
	right hand side evaluations   = 13
	stiffness matrix reformations = 1
	step from line search         = 0.613741
	convergence norms :     INITIAL         CURRENT         REQUIRED
	   residual            2.123344e-05    4.969875e-03    0.000000e+00 
	   energy              7.574433e-04    4.173129e-07    7.574433e-06 
	   displacement        9.900076e-02    9.272696e-06    9.816392e-08 
 10
 Nonlinear solution status: time= 0.539652
	stiffness updates             = 9
	right hand side evaluations   = 15
	stiffness matrix reformations = 1
	step from line search         = 0.565376
	convergence norms :     INITIAL         CURRENT         REQUIRED
	   residual            2.123344e-05    1.316825e-03    0.000000e+00 
	   energy              7.574433e-04    2.704532e-07    7.574433e-06 
	   displacement        9.900076e-02    2.955623e-06    9.913617e-08 

 *************************************************************************
 *                               WARNING                                 *
 * Max nr of iterations reached.                                         *
 * Stiffness matrix will now be reformed.                                *
 *************************************************************************
Reforming stiffness matrix: reformation #2

 11
 Nonlinear solution status: time= 0.539652
	stiffness updates             = 0
	right hand side evaluations   = 16
	stiffness matrix reformations = 2
	step from line search         = 1.000000
	convergence norms :     INITIAL         CURRENT         REQUIRED
	   residual            2.123344e-05    2.241194e-05    0.000000e+00 
	   energy              7.574433e-04    4.774114e-09    7.574433e-06 
	   displacement        9.900076e-02    3.896732e-06    9.976614e-08 
 12
 Nonlinear solution status: time= 0.539652
	stiffness updates             = 1
	right hand side evaluations   = 17
	stiffness matrix reformations = 2
	step from line search         = 1.000000
	convergence norms :     INITIAL         CURRENT         REQUIRED
	   residual            2.123344e-05    9.538144e-07    0.000000e+00 
	   energy              7.574433e-04    1.428138e-09    7.574433e-06 
	   displacement        9.900076e-02    5.773829e-09    9.977553e-08 

convergence summary
    number of iterations   : 12
    number of reformations : 2

------- converged at time : 0.539652


AUTO STEPPER: decreasing time step, dt = 0.0770255


===== beginning time step 7 : 0.616677 =====


Reforming stiffness matrix: reformation #1

 1
 Nonlinear solution status: time= 0.616677
	stiffness updates             = 0
	right hand side evaluations   = 2
	stiffness matrix reformations = 1
	step from line search         = 1.000000
	convergence norms :     INITIAL         CURRENT         REQUIRED
	   residual            1.955717e-05    1.762274e-01    0.000000e+00 
	   energy              6.996177e-04    1.182400e-04    6.996177e-06 
	   displacement        9.230869e-02    9.230869e-02    9.230869e-08 
 2
 Nonlinear solution status: time= 0.616677
	stiffness updates             = 1
	right hand side evaluations   = 4
	stiffness matrix reformations = 1
	step from line search         = 0.573613
	convergence norms :     INITIAL         CURRENT         REQUIRED
	   residual            1.955717e-05    5.453231e-02    0.000000e+00 
	   energy              6.996177e-04    5.456642e-05    6.996177e-06 
	   displacement        9.230869e-02    2.420930e-04    9.626856e-08 
 3
 Nonlinear solution status: time= 0.616677
	stiffness updates             = 2
	right hand side evaluations   = 5
	stiffness matrix reformations = 1
	step from line search         = 1.000000
	convergence norms :     INITIAL         CURRENT         REQUIRED
	   residual            1.955717e-05    4.317139e-02    0.000000e+00 
	   energy              6.996177e-04    1.039864e-05    6.996177e-06 
	   displacement        9.230869e-02    8.012716e-04    7.975535e-08 
 4
 Nonlinear solution status: time= 0.616677
	stiffness updates             = 3
	right hand side evaluations   = 6
	stiffness matrix reformations = 1
	step from line search         = 1.000000
	convergence norms :     INITIAL         CURRENT         REQUIRED
	   residual            1.955717e-05    3.313992e-02    0.000000e+00 
	   energy              6.996177e-04    1.700445e-05    6.996177e-06 
	   displacement        9.230869e-02    1.227183e-04    8.115125e-08 
 5
 Nonlinear solution status: time= 0.616677
	stiffness updates             = 4
	right hand side evaluations   = 7
	stiffness matrix reformations = 1
	step from line search         = 1.000000
	convergence norms :     INITIAL         CURRENT         REQUIRED
	   residual            1.955717e-05    4.518572e-02    0.000000e+00 
	   energy              6.996177e-04    9.437207e-06    6.996177e-06 
	   displacement        9.230869e-02    2.389337e-04    8.987008e-08 
 6
 Nonlinear solution status: time= 0.616677
	stiffness updates             = 5
	right hand side evaluations   = 9
	stiffness matrix reformations = 1
	step from line search         = 0.619357
	convergence norms :     INITIAL         CURRENT         REQUIRED
	   residual            1.955717e-05    1.588153e-02    0.000000e+00 
	   energy              6.996177e-04    3.069198e-06    6.996177e-06 
	   displacement        9.230869e-02    2.896839e-05    9.250682e-08 
 7
 Nonlinear solution status: time= 0.616677
	stiffness updates             = 6
	right hand side evaluations   = 10
	stiffness matrix reformations = 1
	step from line search         = 1.000000
	convergence norms :     INITIAL         CURRENT         REQUIRED
	   residual            1.955717e-05    1.408309e-02    0.000000e+00 
	   energy              6.996177e-04    3.337794e-06    6.996177e-06 
	   displacement        9.230869e-02    2.679121e-05    9.027276e-08 
 8
 Nonlinear solution status: time= 0.616677
	stiffness updates             = 7
	right hand side evaluations   = 11
	stiffness matrix reformations = 1
	step from line search         = 1.000000
	convergence norms :     INITIAL         CURRENT         REQUIRED
	   residual            1.955717e-05    8.249731e-03    0.000000e+00 
	   energy              6.996177e-04    2.160267e-06    6.996177e-06 
	   displacement        9.230869e-02    8.281955e-06    9.037124e-08 
 9
 Nonlinear solution status: time= 0.616677
	stiffness updates             = 8
	right hand side evaluations   = 13
	stiffness matrix reformations = 1
	step from line search         = 0.628122
	convergence norms :     INITIAL         CURRENT         REQUIRED
	   residual            1.955717e-05    3.659386e-03    0.000000e+00 
	   energy              6.996177e-04    3.111403e-07    6.996177e-06 
	   displacement        9.230869e-02    6.938880e-06    9.162245e-08 
 10
 Nonlinear solution status: time= 0.616677
	stiffness updates             = 9
	right hand side evaluations   = 15
	stiffness matrix reformations = 1
	step from line search         = 0.575773
	convergence norms :     INITIAL         CURRENT         REQUIRED
	   residual            1.955717e-05    1.232165e-03    0.000000e+00 
	   energy              6.996177e-04    2.347536e-07    6.996177e-06 
	   displacement        9.230869e-02    2.895670e-06    9.253586e-08 

 *************************************************************************
 *                               WARNING                                 *
 * Max nr of iterations reached.                                         *
 * Stiffness matrix will now be reformed.                                *
 *************************************************************************
Reforming stiffness matrix: reformation #2

 11
 Nonlinear solution status: time= 0.616677
	stiffness updates             = 0
	right hand side evaluations   = 16
	stiffness matrix reformations = 2
	step from line search         = 1.000000
	convergence norms :     INITIAL         CURRENT         REQUIRED
	   residual            1.955717e-05    1.924491e-05    0.000000e+00 
	   energy              6.996177e-04    7.914484e-09    6.996177e-06 
	   displacement        9.230869e-02    3.515204e-06    9.311487e-08 
 12
 Nonlinear solution status: time= 0.616677
	stiffness updates             = 1
	right hand side evaluations   = 17
	stiffness matrix reformations = 2
	step from line search         = 1.000000
	convergence norms :     INITIAL         CURRENT         REQUIRED
	   residual            1.955717e-05    3.590961e-06    0.000000e+00 
	   energy              6.996177e-04    1.507304e-10    6.996177e-06 
	   displacement        9.230869e-02    7.091036e-09    9.313703e-08 

convergence summary
    number of iterations   : 12
    number of reformations : 2

------- converged at time : 0.616677


AUTO STEPPER: decreasing time step, dt = 0.0737463


===== beginning time step 8 : 0.690424 =====


Reforming stiffness matrix: reformation #1

 1
 Nonlinear solution status: time= 0.690424
	stiffness updates             = 0
	right hand side evaluations   = 2
	stiffness matrix reformations = 1
	step from line search         = 1.000000
	convergence norms :     INITIAL         CURRENT         REQUIRED
	   residual            2.064189e-05    1.494192e-01    0.000000e+00 
	   energy              6.467717e-04    1.113887e-04    6.467717e-06 
	   displacement        8.623935e-02    8.623935e-02    8.623935e-08 
 2
 Nonlinear solution status: time= 0.690424
	stiffness updates             = 1
	right hand side evaluations   = 4
	stiffness matrix reformations = 1
	step from line search         = 0.569489
	convergence norms :     INITIAL         CURRENT         REQUIRED
	   residual            2.064189e-05    4.811186e-02    0.000000e+00 
	   energy              6.467717e-04    5.031513e-05    6.467717e-06 
	   displacement        8.623935e-02    2.450737e-04    9.017295e-08 
 3
 Nonlinear solution status: time= 0.690424
	stiffness updates             = 2
	right hand side evaluations   = 5
	stiffness matrix reformations = 1
	step from line search         = 1.000000
	convergence norms :     INITIAL         CURRENT         REQUIRED
	   residual            2.064189e-05    3.287389e-02    0.000000e+00 
	   energy              6.467717e-04    8.458940e-06    6.467717e-06 
	   displacement        8.623935e-02    7.611143e-04    7.460275e-08 
 4
 Nonlinear solution status: time= 0.690424
	stiffness updates             = 3
	right hand side evaluations   = 6
	stiffness matrix reformations = 1
	step from line search         = 1.000000
	convergence norms :     INITIAL         CURRENT         REQUIRED
	   residual            2.064189e-05    2.705655e-02    0.000000e+00 
	   energy              6.467717e-04    1.497368e-05    6.467717e-06 
	   displacement        8.623935e-02    1.170102e-04    7.599412e-08 
 5
 Nonlinear solution status: time= 0.690424
	stiffness updates             = 4
	right hand side evaluations   = 7
	stiffness matrix reformations = 1
	step from line search         = 1.000000
	convergence norms :     INITIAL         CURRENT         REQUIRED
	   residual            2.064189e-05    5.511483e-02    0.000000e+00 
	   energy              6.467717e-04    9.357709e-06    6.467717e-06 
	   displacement        8.623935e-02    2.156393e-04    8.401742e-08 
 6
 Nonlinear solution status: time= 0.690424
	stiffness updates             = 5
	right hand side evaluations   = 9
	stiffness matrix reformations = 1
	step from line search         = 0.465609
	convergence norms :     INITIAL         CURRENT         REQUIRED
	   residual            2.064189e-05    2.550144e-02    0.000000e+00 
	   energy              6.467717e-04    1.897179e-06    6.467717e-06 
	   displacement        8.623935e-02    2.767034e-05    8.675196e-08 
 7
 Nonlinear solution status: time= 0.690424
	stiffness updates             = 6
	right hand side evaluations   = 11
	stiffness matrix reformations = 1
	step from line search         = 0.595593
	convergence norms :     INITIAL         CURRENT         REQUIRED
	   residual            2.064189e-05    9.057304e-03    0.000000e+00 
	   energy              6.467717e-04    1.467691e-06    6.467717e-06 
	   displacement        8.623935e-02    1.084140e-05    8.564154e-08 
 8
 Nonlinear solution status: time= 0.690424
	stiffness updates             = 7
	right hand side evaluations   = 12
	stiffness matrix reformations = 1
	step from line search         = 1.000000
	convergence norms :     INITIAL         CURRENT         REQUIRED
	   residual            2.064189e-05    7.480281e-03    0.000000e+00 
	   energy              6.467717e-04    2.333828e-06    6.467717e-06 
	   displacement        8.623935e-02    1.724916e-05    8.400883e-08 
 9
 Nonlinear solution status: time= 0.690424
	stiffness updates             = 8
	right hand side evaluations   = 13
	stiffness matrix reformations = 1
	step from line search         = 1.000000
	convergence norms :     INITIAL         CURRENT         REQUIRED
	   residual            2.064189e-05    5.028395e-03    0.000000e+00 
	   energy              6.467717e-04    1.297996e-06    6.467717e-06 
	   displacement        8.623935e-02    1.003392e-05    8.534120e-08 
 10
 Nonlinear solution status: time= 0.690424
	stiffness updates             = 9
	right hand side evaluations   = 15
	stiffness matrix reformations = 1
	step from line search         = 0.599618
	convergence norms :     INITIAL         CURRENT         REQUIRED
	   residual            2.064189e-05    2.705227e-03    0.000000e+00 
	   energy              6.467717e-04    3.354983e-07    6.467717e-06 
	   displacement        8.623935e-02    5.006277e-06    8.647970e-08 

 *************************************************************************
 *                               WARNING                                 *
 * Max nr of iterations reached.                                         *
 * Stiffness matrix will now be reformed.                                *
 *************************************************************************
Reforming stiffness matrix: reformation #2

 11
 Nonlinear solution status: time= 0.690424
	stiffness updates             = 0
	right hand side evaluations   = 16
	stiffness matrix reformations = 2
	step from line search         = 1.000000
	convergence norms :     INITIAL         CURRENT         REQUIRED
	   residual            2.064189e-05    1.112083e-04    0.000000e+00 
	   energy              6.467717e-04    5.064464e-08    6.467717e-06 
	   displacement        8.623935e-02    4.334336e-06    8.711278e-08 
 12
 Nonlinear solution status: time= 0.690424
	stiffness updates             = 1
	right hand side evaluations   = 17
	stiffness matrix reformations = 2
	step from line search         = 1.000000
	convergence norms :     INITIAL         CURRENT         REQUIRED
	   residual            2.064189e-05    8.516507e-05    0.000000e+00 
	   energy              6.467717e-04    2.311812e-08    6.467717e-06 
	   displacement        8.623935e-02    4.969423e-08    8.708702e-08 

convergence summary
    number of iterations   : 12
    number of reformations : 2

------- converged at time : 0.690424


AUTO STEPPER: decreasing time step, dt = 0.0706067


===== beginning time step 9 : 0.76103 =====


Reforming stiffness matrix: reformation #1

 1
 Nonlinear solution status: time= 0.76103
	stiffness updates             = 0
	right hand side evaluations   = 2
	stiffness matrix reformations = 1
	step from line search         = 1.000000
	convergence norms :     INITIAL         CURRENT         REQUIRED
	   residual            1.007104e-04    1.318877e-01    0.000000e+00 
	   energy              5.986836e-04    1.079699e-04    5.986836e-06 
	   displacement        8.078892e-02    8.078892e-02    8.078892e-08 
 2
 Nonlinear solution status: time= 0.76103
	stiffness updates             = 1
	right hand side evaluations   = 4
	stiffness matrix reformations = 1
	step from line search         = 0.559217
	convergence norms :     INITIAL         CURRENT         REQUIRED
	   residual            1.007104e-04    4.579479e-02    0.000000e+00 
	   energy              5.986836e-04    4.748712e-05    5.986836e-06 
	   displacement        8.078892e-02    2.652957e-04    8.527597e-08 
 3
 Nonlinear solution status: time= 0.76103
	stiffness updates             = 2
	right hand side evaluations   = 5
	stiffness matrix reformations = 1
	step from line search         = 1.000000
	convergence norms :     INITIAL         CURRENT         REQUIRED
	   residual            1.007104e-04    2.917349e-02    0.000000e+00 
	   energy              5.986836e-04    7.323787e-06    5.986836e-06 
	   displacement        8.078892e-02    8.149628e-04    6.962858e-08 
 4
 Nonlinear solution status: time= 0.76103
	stiffness updates             = 3
	right hand side evaluations   = 6
	stiffness matrix reformations = 1
	step from line search         = 1.000000
	convergence norms :     INITIAL         CURRENT         REQUIRED
	   residual            1.007104e-04    2.983531e-02    0.000000e+00 
	   energy              5.986836e-04    1.123924e-05    5.986836e-06 
	   displacement        8.078892e-02    1.106273e-04    7.080223e-08 
 5
 Nonlinear solution status: time= 0.76103
	stiffness updates             = 4
	right hand side evaluations   = 7
	stiffness matrix reformations = 1
	step from line search         = 1.000000
	convergence norms :     INITIAL         CURRENT         REQUIRED
	   residual            1.007104e-04    1.806758e-02    0.000000e+00 
	   energy              5.986836e-04    4.574674e-06    5.986836e-06 
	   displacement        8.078892e-02    2.170473e-04    7.868741e-08 
 6
 Nonlinear solution status: time= 0.76103
	stiffness updates             = 5
	right hand side evaluations   = 9
	stiffness matrix reformations = 1
	step from line search         = 0.617764
	convergence norms :     INITIAL         CURRENT         REQUIRED
	   residual            1.007104e-04    3.982907e-03    0.000000e+00 
	   energy              5.986836e-04    1.037017e-06    5.986836e-06 
	   displacement        8.078892e-02    1.805166e-05    8.070657e-08 
 7
 Nonlinear solution status: time= 0.76103
	stiffness updates             = 6
	right hand side evaluations   = 10
	stiffness matrix reformations = 1
	step from line search         = 1.000000
	convergence norms :     INITIAL         CURRENT         REQUIRED
	   residual            1.007104e-04    5.933194e-03    0.000000e+00 
	   energy              5.986836e-04    1.338414e-06    5.986836e-06 
	   displacement        8.078892e-02    9.321019e-06    7.984929e-08 
 8
 Nonlinear solution status: time= 0.76103
	stiffness updates             = 7
	right hand side evaluations   = 11
	stiffness matrix reformations = 1
	step from line search         = 1.000000
	convergence norms :     INITIAL         CURRENT         REQUIRED
	   residual            1.007104e-04    3.022530e-03    0.000000e+00 
	   energy              5.986836e-04    1.054184e-06    5.986836e-06 
	   displacement        8.078892e-02    5.603970e-06    7.989974e-08 
 9
 Nonlinear solution status: time= 0.76103
	stiffness updates             = 8
	right hand side evaluations   = 13
	stiffness matrix reformations = 1
	step from line search         = 0.632652
	convergence norms :     INITIAL         CURRENT         REQUIRED
	   residual            1.007104e-04    1.672006e-03    0.000000e+00 
	   energy              5.986836e-04    1.823752e-07    5.986836e-06 
	   displacement        8.078892e-02    3.380314e-06    8.061567e-08 
 10
 Nonlinear solution status: time= 0.76103
	stiffness updates             = 9
	right hand side evaluations   = 15
	stiffness matrix reformations = 1
	step from line search         = 0.545209
	convergence norms :     INITIAL         CURRENT         REQUIRED
	   residual            1.007104e-04    1.186272e-03    0.000000e+00 
	   energy              5.986836e-04    1.422904e-07    5.986836e-06 
	   displacement        8.078892e-02    1.450105e-06    8.118895e-08 

 *************************************************************************
 *                               WARNING                                 *
 * Max nr of iterations reached.                                         *
 * Stiffness matrix will now be reformed.                                *
 *************************************************************************
Reforming stiffness matrix: reformation #2

 11
 Nonlinear solution status: time= 0.76103
	stiffness updates             = 0
	right hand side evaluations   = 16
	stiffness matrix reformations = 2
	step from line search         = 1.000000
	convergence norms :     INITIAL         CURRENT         REQUIRED
	   residual            1.007104e-04    3.149496e-06    0.000000e+00 
	   energy              5.986836e-04    8.145855e-09    5.986836e-06 
	   displacement        8.078892e-02    2.099550e-06    8.159075e-08 
 12
 Nonlinear solution status: time= 0.76103
	stiffness updates             = 1
	right hand side evaluations   = 17
	stiffness matrix reformations = 2
	step from line search         = 1.000000
	convergence norms :     INITIAL         CURRENT         REQUIRED
	   residual            1.007104e-04    1.876987e-07    0.000000e+00 
	   energy              5.986836e-04    2.895760e-10    5.986836e-06 
	   displacement        8.078892e-02    4.559561e-09    8.161246e-08 

convergence summary
    number of iterations   : 12
    number of reformations : 2

------- converged at time : 0.76103


AUTO STEPPER: decreasing time step, dt = 0.0676007


===== beginning time step 10 : 0.828631 =====


Reforming stiffness matrix: reformation #1

 1
 Nonlinear solution status: time= 0.828631
	stiffness updates             = 0
	right hand side evaluations   = 2
	stiffness matrix reformations = 1
	step from line search         = 1.000000
	convergence norms :     INITIAL         CURRENT         REQUIRED
	   residual            1.456039e-05    1.067605e-01    0.000000e+00 
	   energy              5.540120e-04    1.009653e-04    5.540120e-06 
	   displacement        7.565822e-02    7.565822e-02    7.565822e-08 
 2
 Nonlinear solution status: time= 0.828631
	stiffness updates             = 1
	right hand side evaluations   = 4
	stiffness matrix reformations = 1
	step from line search         = 0.591209
	convergence norms :     INITIAL         CURRENT         REQUIRED
	   residual            1.456039e-05    4.025157e-02    0.000000e+00 
	   energy              5.540120e-04    4.904918e-05    5.540120e-06 
	   displacement        7.565822e-02    2.814024e-04    7.973808e-08 
 3
 Nonlinear solution status: time= 0.828631
	stiffness updates             = 2
	right hand side evaluations   = 5
	stiffness matrix reformations = 1
	step from line search         = 1.000000
	convergence norms :     INITIAL         CURRENT         REQUIRED
	   residual            1.456039e-05    1.768402e-02    0.000000e+00 
	   energy              5.540120e-04    4.337485e-06    5.540120e-06 
	   displacement        7.565822e-02    7.749244e-04    6.501734e-08 
 4
 Nonlinear solution status: time= 0.828631
	stiffness updates             = 3
	right hand side evaluations   = 6
	stiffness matrix reformations = 1
	step from line search         = 1.000000
	convergence norms :     INITIAL         CURRENT         REQUIRED
	   residual            1.456039e-05    2.746261e-02    0.000000e+00 
	   energy              5.540120e-04    1.263697e-05    5.540120e-06 
	   displacement        7.565822e-02    1.225750e-04    6.677909e-08 
 5
 Nonlinear solution status: time= 0.828631
	stiffness updates             = 4
	right hand side evaluations   = 7
	stiffness matrix reformations = 1
	step from line search         = 1.000000
	convergence norms :     INITIAL         CURRENT         REQUIRED
	   residual            1.456039e-05    1.195676e-02    0.000000e+00 
	   energy              5.540120e-04    4.027983e-06    5.540120e-06 
	   displacement        7.565822e-02    1.664445e-04    7.346478e-08 
 6
 Nonlinear solution status: time= 0.828631
	stiffness updates             = 5
	right hand side evaluations   = 9
	stiffness matrix reformations = 1
	step from line search         = 0.616394
	convergence norms :     INITIAL         CURRENT         REQUIRED
	   residual            1.456039e-05    3.073957e-03    0.000000e+00 
	   energy              5.540120e-04    9.409167e-07    5.540120e-06 
	   displacement        7.565822e-02    1.364333e-05    7.492841e-08 
 7
 Nonlinear solution status: time= 0.828631
	stiffness updates             = 6
	right hand side evaluations   = 10
	stiffness matrix reformations = 1
	step from line search         = 1.000000
	convergence norms :     INITIAL         CURRENT         REQUIRED
	   residual            1.456039e-05    3.216028e-03    0.000000e+00 
	   energy              5.540120e-04    5.584053e-07    5.540120e-06 
	   displacement        7.565822e-02    5.218842e-06    7.466744e-08 
 8
 Nonlinear solution status: time= 0.828631
	stiffness updates             = 7
	right hand side evaluations   = 11
	stiffness matrix reformations = 1
	step from line search         = 1.000000
	convergence norms :     INITIAL         CURRENT         REQUIRED
	   residual            1.456039e-05    2.853221e-03    0.000000e+00 
	   energy              5.540120e-04    1.014328e-06    5.540120e-06 
	   displacement        7.565822e-02    8.459829e-06    7.531838e-08 
 9
 Nonlinear solution status: time= 0.828631
	stiffness updates             = 8
	right hand side evaluations   = 12
	stiffness matrix reformations = 1
	step from line search         = 1.000000
	convergence norms :     INITIAL         CURRENT         REQUIRED
	   residual            1.456039e-05    2.210665e-03    0.000000e+00 
	   energy              5.540120e-04    7.070864e-07    5.540120e-06 
	   displacement        7.565822e-02    4.776035e-06    7.612336e-08 
 10
 Nonlinear solution status: time= 0.828631
	stiffness updates             = 9
	right hand side evaluations   = 14
	stiffness matrix reformations = 1
	step from line search         = 0.612000
	convergence norms :     INITIAL         CURRENT         REQUIRED
	   residual            1.456039e-05    8.246011e-04    0.000000e+00 
	   energy              5.540120e-04    1.751101e-07    5.540120e-06 
	   displacement        7.565822e-02    9.641214e-07    7.628288e-08 

 *************************************************************************
 *                               WARNING                                 *
 * Max nr of iterations reached.                                         *
 * Stiffness matrix will now be reformed.                                *
 *************************************************************************
Reforming stiffness matrix: reformation #2

 11
 Nonlinear solution status: time= 0.828631
	stiffness updates             = 0
	right hand side evaluations   = 15
	stiffness matrix reformations = 2
	step from line search         = 1.000000
	convergence norms :     INITIAL         CURRENT         REQUIRED
	   residual            1.456039e-05    7.528661e-06    0.000000e+00 
	   energy              5.540120e-04    1.129672e-08    5.540120e-06 
	   displacement        7.565822e-02    1.918171e-06    7.656151e-08 
 12
 Nonlinear solution status: time= 0.828631
	stiffness updates             = 1
	right hand side evaluations   = 16
	stiffness matrix reformations = 2
	step from line search         = 1.000000
	convergence norms :     INITIAL         CURRENT         REQUIRED
	   residual            1.456039e-05    2.680304e-07    0.000000e+00 
	   energy              5.540120e-04    4.967967e-10    5.540120e-06 
	   displacement        7.565822e-02    5.395797e-09    7.653607e-08 

convergence summary
    number of iterations   : 12
    number of reformations : 2

------- converged at time : 0.828631


AUTO STEPPER: decreasing time step, dt = 0.0647228


===== beginning time step 11 : 0.893354 =====


Reforming stiffness matrix: reformation #1

 1
 Nonlinear solution status: time= 0.893354
	stiffness updates             = 0
	right hand side evaluations   = 2
	stiffness matrix reformations = 1
	step from line search         = 1.000000
	convergence norms :     INITIAL         CURRENT         REQUIRED
	   residual            1.344891e-05    9.057274e-02    0.000000e+00 
	   energy              5.132766e-04    9.688523e-05    5.132766e-06 
	   displacement        7.102503e-02    7.102503e-02    7.102503e-08 
 2
 Nonlinear solution status: time= 0.893354
	stiffness updates             = 1
	right hand side evaluations   = 4
	stiffness matrix reformations = 1
	step from line search         = 0.599256
	convergence norms :     INITIAL         CURRENT         REQUIRED
	   residual            1.344891e-05    3.749060e-02    0.000000e+00 
	   energy              5.132766e-04    4.823866e-05    5.132766e-06 
	   displacement        7.102503e-02    3.007782e-04    7.518985e-08 
 3
 Nonlinear solution status: time= 0.893354
	stiffness updates             = 2
	right hand side evaluations   = 5
	stiffness matrix reformations = 1
	step from line search         = 1.000000
	convergence norms :     INITIAL         CURRENT         REQUIRED
	   residual            1.344891e-05    1.294995e-02    0.000000e+00 
	   energy              5.132766e-04    3.048247e-06    5.132766e-06 
	   displacement        7.102503e-02    7.950010e-04    6.074568e-08 
 4
 Nonlinear solution status: time= 0.893354
	stiffness updates             = 3
	right hand side evaluations   = 6
	stiffness matrix reformations = 1
	step from line search         = 1.000000
	convergence norms :     INITIAL         CURRENT         REQUIRED
	   residual            1.344891e-05    2.316367e-02    0.000000e+00 
	   energy              5.132766e-04    1.167106e-05    5.132766e-06 
	   displacement        7.102503e-02    1.247928e-04    6.260924e-08 
 5
 Nonlinear solution status: time= 0.893354
	stiffness updates             = 4
	right hand side evaluations   = 7
	stiffness matrix reformations = 1
	step from line search         = 1.000000
	convergence norms :     INITIAL         CURRENT         REQUIRED
	   residual            1.344891e-05    8.313736e-03    0.000000e+00 
	   energy              5.132766e-04    3.222791e-06    5.132766e-06 
	   displacement        7.102503e-02    1.533174e-04    6.883763e-08 
 6
 Nonlinear solution status: time= 0.893354
	stiffness updates             = 5
	right hand side evaluations   = 9
	stiffness matrix reformations = 1
	step from line search         = 0.631520
	convergence norms :     INITIAL         CURRENT         REQUIRED
	   residual            1.344891e-05    1.712902e-03    0.000000e+00 
	   energy              5.132766e-04    6.705609e-07    5.132766e-06 
	   displacement        7.102503e-02    1.160510e-05    7.011374e-08 
 7
 Nonlinear solution status: time= 0.893354
	stiffness updates             = 6
	right hand side evaluations   = 10
	stiffness matrix reformations = 1
	step from line search         = 1.000000
	convergence norms :     INITIAL         CURRENT         REQUIRED
	   residual            1.344891e-05    1.389968e-03    0.000000e+00 
	   energy              5.132766e-04    1.999675e-07    5.132766e-06 
	   displacement        7.102503e-02    4.626750e-06    7.021796e-08 
 8
 Nonlinear solution status: time= 0.893354
	stiffness updates             = 7
	right hand side evaluations   = 11
	stiffness matrix reformations = 1
	step from line search         = 1.000000
	convergence norms :     INITIAL         CURRENT         REQUIRED
	   residual            1.344891e-05    2.639167e-03    0.000000e+00 
	   energy              5.132766e-04    6.834916e-07    5.132766e-06 
	   displacement        7.102503e-02    9.571125e-06    7.106035e-08 
 9
 Nonlinear solution status: time= 0.893354
	stiffness updates             = 8
	right hand side evaluations   = 12
	stiffness matrix reformations = 1
	step from line search         = 1.000000
	convergence norms :     INITIAL         CURRENT         REQUIRED
	   residual            1.344891e-05    1.417663e-03    0.000000e+00 
	   energy              5.132766e-04    4.831461e-07    5.132766e-06 
	   displacement        7.102503e-02    2.981054e-06    7.170781e-08 
 10
 Nonlinear solution status: time= 0.893354
	stiffness updates             = 9
	right hand side evaluations   = 14
	stiffness matrix reformations = 1
	step from line search         = 0.592707
	convergence norms :     INITIAL         CURRENT         REQUIRED
	   residual            1.344891e-05    6.600482e-04    0.000000e+00 
	   energy              5.132766e-04    1.423788e-07    5.132766e-06 
	   displacement        7.102503e-02    7.398275e-07    7.174256e-08 

 *************************************************************************
 *                               WARNING                                 *
 * Max nr of iterations reached.                                         *
 * Stiffness matrix will now be reformed.                                *
 *************************************************************************
Reforming stiffness matrix: reformation #2

 11
 Nonlinear solution status: time= 0.893354
	stiffness updates             = 0
	right hand side evaluations   = 15
	stiffness matrix reformations = 2
	step from line search         = 1.000000
	convergence norms :     INITIAL         CURRENT         REQUIRED
	   residual            1.344891e-05    4.335162e-06    0.000000e+00 
	   energy              5.132766e-04    1.149170e-08    5.132766e-06 
	   displacement        7.102503e-02    1.244431e-06    7.192432e-08 
 12
 Nonlinear solution status: time= 0.893354
	stiffness updates             = 1
	right hand side evaluations   = 16
	stiffness matrix reformations = 2
	step from line search         = 1.000000
	convergence norms :     INITIAL         CURRENT         REQUIRED
	   residual            1.344891e-05    1.545703e-07    0.000000e+00 
	   energy              5.132766e-04    2.318364e-10    5.132766e-06 
	   displacement        7.102503e-02    6.774554e-09    7.189052e-08 

convergence summary
    number of iterations   : 12
    number of reformations : 2

------- converged at time : 0.893354


AUTO STEPPER: decreasing time step, dt = 0.0619673


===== beginning time step 12 : 0.955321 =====


Reforming stiffness matrix: reformation #1

 1
 Nonlinear solution status: time= 0.955321
	stiffness updates             = 0
	right hand side evaluations   = 2
	stiffness matrix reformations = 1
	step from line search         = 1.000000
	convergence norms :     INITIAL         CURRENT         REQUIRED
	   residual            1.224257e-05    7.738236e-02    0.000000e+00 
	   energy              4.757186e-04    9.267930e-05    4.757186e-06 
	   displacement        6.673931e-02    6.673931e-02    6.673931e-08 
 2
 Nonlinear solution status: time= 0.955321
	stiffness updates             = 1
	right hand side evaluations   = 4
	stiffness matrix reformations = 1
	step from line search         = 0.605013
	convergence norms :     INITIAL         CURRENT         REQUIRED
	   residual            1.224257e-05    3.369052e-02    0.000000e+00 
	   energy              4.757186e-04    4.645894e-05    4.757186e-06 
	   displacement        6.673931e-02    3.122209e-04    7.082093e-08 
 3
 Nonlinear solution status: time= 0.955321
	stiffness updates             = 2
	right hand side evaluations   = 5
	stiffness matrix reformations = 1
	step from line search         = 1.000000
	convergence norms :     INITIAL         CURRENT         REQUIRED
	   residual            1.224257e-05    9.658532e-03    0.000000e+00 
	   energy              4.757186e-04    1.947555e-06    4.757186e-06 
	   displacement        6.673931e-02    7.912659e-04    5.687026e-08 
 4
 Nonlinear solution status: time= 0.955321
	stiffness updates             = 3
	right hand side evaluations   = 6
	stiffness matrix reformations = 1
	step from line search         = 1.000000
	convergence norms :     INITIAL         CURRENT         REQUIRED
	   residual            1.224257e-05    1.905935e-02    0.000000e+00 
	   energy              4.757186e-04    1.024110e-05    4.757186e-06 
	   displacement        6.673931e-02    1.260604e-04    5.891873e-08 
 5
 Nonlinear solution status: time= 0.955321
	stiffness updates             = 4
	right hand side evaluations   = 7
	stiffness matrix reformations = 1
	step from line search         = 1.000000
	convergence norms :     INITIAL         CURRENT         REQUIRED
	   residual            1.224257e-05    5.789305e-03    0.000000e+00 
	   energy              4.757186e-04    2.536477e-06    4.757186e-06 
	   displacement        6.673931e-02    1.367116e-04    6.462513e-08 
 6
 Nonlinear solution status: time= 0.955321
	stiffness updates             = 5
	right hand side evaluations   = 8
	stiffness matrix reformations = 1
	step from line search         = 1.000000
	convergence norms :     INITIAL         CURRENT         REQUIRED
	   residual            1.224257e-05    4.409504e-03    0.000000e+00 
	   energy              4.757186e-04    3.167100e-06    4.757186e-06 
	   displacement        6.673931e-02    2.407909e-05    6.640275e-08 
 7
 Nonlinear solution status: time= 0.955321
	stiffness updates             = 6
	right hand side evaluations   = 9
	stiffness matrix reformations = 1
	step from line search         = 1.000000
	convergence norms :     INITIAL         CURRENT         REQUIRED
	   residual            1.224257e-05    7.520672e-04    0.000000e+00 
	   energy              4.757186e-04    3.014682e-08    4.757186e-06 
	   displacement        6.673931e-02    7.606511e-06    6.593361e-08 
 8
 Nonlinear solution status: time= 0.955321
	stiffness updates             = 7
	right hand side evaluations   = 11
	stiffness matrix reformations = 1
	step from line search         = 0.606479
	convergence norms :     INITIAL         CURRENT         REQUIRED
	   residual            1.224257e-05    1.123218e-03    0.000000e+00 
	   energy              4.757186e-04    1.107534e-07    4.757186e-06 
	   displacement        6.673931e-02    3.952995e-06    6.639529e-08 
 9
 Nonlinear solution status: time= 0.955321
	stiffness updates             = 8
	right hand side evaluations   = 12
	stiffness matrix reformations = 1
	step from line search         = 1.000000
	convergence norms :     INITIAL         CURRENT         REQUIRED
	   residual            1.224257e-05    6.627164e-04    0.000000e+00 
	   energy              4.757186e-04    1.781426e-07    4.757186e-06 
	   displacement        6.673931e-02    4.102990e-06    6.722273e-08 
 10
 Nonlinear solution status: time= 0.955321
	stiffness updates             = 9
	right hand side evaluations   = 13
	stiffness matrix reformations = 1
	step from line search         = 1.000000
	convergence norms :     INITIAL         CURRENT         REQUIRED
	   residual            1.224257e-05    9.254197e-04    0.000000e+00 
	   energy              4.757186e-04    3.749601e-07    4.757186e-06 
	   displacement        6.673931e-02    2.349145e-06    6.789199e-08 

 *************************************************************************
 *                               WARNING                                 *
 * Max nr of iterations reached.                                         *
 * Stiffness matrix will now be reformed.                                *
 *************************************************************************
Reforming stiffness matrix: reformation #2

 11
 Nonlinear solution status: time= 0.955321
	stiffness updates             = 0
	right hand side evaluations   = 14
	stiffness matrix reformations = 2
	step from line search         = 1.000000
	convergence norms :     INITIAL         CURRENT         REQUIRED
	   residual            1.224257e-05    7.467512e-07    0.000000e+00 
	   energy              4.757186e-04    8.759250e-09    4.757186e-06 
	   displacement        6.673931e-02    7.861149e-07    6.763802e-08 
 12
 Nonlinear solution status: time= 0.955321
	stiffness updates             = 1
	right hand side evaluations   = 15
	stiffness matrix reformations = 2
	step from line search         = 1.000000
	convergence norms :     INITIAL         CURRENT         REQUIRED
	   residual            1.224257e-05    2.399506e-08    0.000000e+00 
	   energy              4.757186e-04    1.557568e-10    4.757186e-06 
	   displacement        6.673931e-02    1.982339e-08    6.758106e-08 

convergence summary
    number of iterations   : 12
    number of reformations : 2

------- converged at time : 0.955321


AUTO STEPPER: decreasing time step, dt = 0.0593292

MUST POINT CONTROLLER: adjusting time step. dt = 0.0446789


===== beginning time step 13 : 1 =====


Reforming stiffness matrix: reformation #1

 1
 Nonlinear solution status: time= 1
	stiffness updates             = 0
	right hand side evaluations   = 2
	stiffness matrix reformations = 1
	step from line search         = 1.000000
	convergence norms :     INITIAL         CURRENT         REQUIRED
	   residual            6.308649e-06    2.129263e-02    0.000000e+00 
	   energy              2.501382e-04    2.816195e-05    2.501382e-06 
	   displacement        3.559391e-02    3.559391e-02    3.559391e-08 
 2
 Nonlinear solution status: time= 1
	stiffness updates             = 1
	right hand side evaluations   = 4
	stiffness matrix reformations = 1
	step from line search         = 0.615438
	convergence norms :     INITIAL         CURRENT         REQUIRED
	   residual            6.308649e-06    4.005942e-03    0.000000e+00 
	   energy              2.501382e-04    8.656032e-06    2.501382e-06 
	   displacement        3.559391e-02    5.755317e-05    3.539104e-08 
 3
 Nonlinear solution status: time= 1
	stiffness updates             = 2
	right hand side evaluations   = 5
	stiffness matrix reformations = 1
	step from line search         = 1.000000
	convergence norms :     INITIAL         CURRENT         REQUIRED
	   residual            6.308649e-06    5.847404e-04    0.000000e+00 
	   energy              2.501382e-04    7.629927e-08    2.501382e-06 
	   displacement        3.559391e-02    5.459539e-05    3.297292e-08 
 4
 Nonlinear solution status: time= 1
	stiffness updates             = 3
	right hand side evaluations   = 6
	stiffness matrix reformations = 1
	step from line search         = 1.000000
	convergence norms :     INITIAL         CURRENT         REQUIRED
	   residual            6.308649e-06    1.192057e-03    0.000000e+00 
	   energy              2.501382e-04    6.037395e-07    2.501382e-06 
	   displacement        3.559391e-02    3.756792e-05    3.458052e-08 
 5
 Nonlinear solution status: time= 1
	stiffness updates             = 4
	right hand side evaluations   = 7
	stiffness matrix reformations = 1
	step from line search         = 1.000000
	convergence norms :     INITIAL         CURRENT         REQUIRED
	   residual            6.308649e-06    4.948718e-04    0.000000e+00 
	   energy              2.501382e-04    2.987781e-08    2.501382e-06 
	   displacement        3.559391e-02    8.235364e-06    3.562079e-08 
 6
 Nonlinear solution status: time= 1
	stiffness updates             = 5
	right hand side evaluations   = 8
	stiffness matrix reformations = 1
	step from line search         = 1.000000
	convergence norms :     INITIAL         CURRENT         REQUIRED
	   residual            6.308649e-06    3.174283e-04    0.000000e+00 
	   energy              2.501382e-04    1.992010e-07    2.501382e-06 
	   displacement        3.559391e-02    1.698165e-06    3.599029e-08 
 7
 Nonlinear solution status: time= 1
	stiffness updates             = 6
	right hand side evaluations   = 9
	stiffness matrix reformations = 1
	step from line search         = 1.000000
	convergence norms :     INITIAL         CURRENT         REQUIRED
	   residual            6.308649e-06    7.347633e-05    0.000000e+00 
	   energy              2.501382e-04    2.733343e-08    2.501382e-06 
	   displacement        3.559391e-02    4.663945e-07    3.591444e-08 
 8
 Nonlinear solution status: time= 1
	stiffness updates             = 7
	right hand side evaluations   = 11
	stiffness matrix reformations = 1
	step from line search         = 0.626907
	convergence norms :     INITIAL         CURRENT         REQUIRED
	   residual            6.308649e-06    3.664625e-05    0.000000e+00 
	   energy              2.501382e-04    8.891887e-09    2.501382e-06 
	   displacement        3.559391e-02    1.672633e-07    3.593024e-08 
 9
 Nonlinear solution status: time= 1
	stiffness updates             = 8
	right hand side evaluations   = 12
	stiffness matrix reformations = 1
	step from line search         = 1.000000
	convergence norms :     INITIAL         CURRENT         REQUIRED
	   residual            6.308649e-06    1.694087e-05    0.000000e+00 
	   energy              2.501382e-04    8.766211e-09    2.501382e-06 
	   displacement        3.559391e-02    4.523078e-08    3.596470e-08 
 10
 Nonlinear solution status: time= 1
	stiffness updates             = 9
	right hand side evaluations   = 13
	stiffness matrix reformations = 1
	step from line search         = 1.000000
	convergence norms :     INITIAL         CURRENT         REQUIRED
	   residual            6.308649e-06    8.206261e-06    0.000000e+00 
	   energy              2.501382e-04    3.523405e-09    2.501382e-06 
	   displacement        3.559391e-02    2.923498e-08    3.595340e-08 

convergence summary
    number of iterations   : 10
    number of reformations : 1

------- converged at time : 1



 N O N L I N E A R   I T E R A T I O N   I N F O R M A T I O N

	Number of time steps completed .................... : 13

	Total number of equilibrium iterations ............ : 154

	Average number of equilibrium iterations .......... : 11.8462

	Total number of right hand evaluations ............ : 226

	Total number of stiffness reformations ............ : 25


 L I N E A R   S O L V E R   S T A T S

	Total calls to linear solver ........ : 154

	Avg iterations per solve ............ : 1

FATAL ERROR: Output variable "density_map" is not defined

 *************************************************************************
 * Selecting linear solver pardiso                                       *
 *************************************************************************

===== beginning time step 1 : 1.01 =====


Reforming stiffness matrix: reformation #1

===== reforming stiffness matrix:
	Nr of equations ........................... : 116467
	Nr of nonzeroes in stiffness matrix ....... : 4839296
 1
 Nonlinear solution status: time= 1.01
	stiffness updates             = 0
	right hand side evaluations   = 2
	stiffness matrix reformations = 1
	step from line search         = 1.000000
	convergence norms :     INITIAL         CURRENT         REQUIRED
	   residual            1.182299e+05    3.481399e+00    0.000000e+00 
	   energy              6.470728e+00    6.260819e-03    6.470728e-02 
	   displacement        4.648956e-02    4.648956e-02    4.648956e-08 
 2

 *************************************************************************
 *                                ERROR                                  *
 * 35 negative jacobians detected.                                       *
 *************************************************************************


------- failed to converge at time : 1.01

Retrying time step. Retry attempt 1 of max 20


AUTO STEPPER: retry step, dt = 0.00952381


===== beginning time step 1 : 1.00952 =====


Reforming stiffness matrix: reformation #1

 1
 Nonlinear solution status: time= 1.00952
	stiffness updates             = 0
	right hand side evaluations   = 2
	stiffness matrix reformations = 1
	step from line search         = 1.000000
	convergence norms :     INITIAL         CURRENT         REQUIRED
	   residual            1.085501e+05    3.199417e+00    0.000000e+00 
	   energy              5.940375e+00    5.780497e-03    5.940375e-02 
	   displacement        4.086031e-02    4.086031e-02    4.086031e-08 
 2

 *************************************************************************
 *                                ERROR                                  *
 * 30 negative jacobians detected.                                       *
 *************************************************************************


------- failed to converge at time : 1.00952

Retrying time step. Retry attempt 2 of max 20


AUTO STEPPER: retry step, dt = 0.00904762


===== beginning time step 1 : 1.00905 =====


Reforming stiffness matrix: reformation #1

 1
 Nonlinear solution status: time= 1.00905
	stiffness updates             = 0
	right hand side evaluations   = 2
	stiffness matrix reformations = 1
	step from line search         = 1.000000
	convergence norms :     INITIAL         CURRENT         REQUIRED
	   residual            9.928371e+04    2.944179e+00    0.000000e+00 
	   energy              5.432694e+00    5.332885e-03    5.432694e-02 
	   displacement        3.568648e-02    3.568648e-02    3.568648e-08 
 2

 *************************************************************************
 *                                ERROR                                  *
 * 26 negative jacobians detected.                                       *
 *************************************************************************


------- failed to converge at time : 1.00905

Retrying time step. Retry attempt 3 of max 20


AUTO STEPPER: retry step, dt = 0.00857143


===== beginning time step 1 : 1.00857 =====


Reforming stiffness matrix: reformation #1

 1
 Nonlinear solution status: time= 1.00857
	stiffness updates             = 0
	right hand side evaluations   = 2
	stiffness matrix reformations = 1
	step from line search         = 1.000000
	convergence norms :     INITIAL         CURRENT         REQUIRED
	   residual            9.000369e+04    2.686854e+00    0.000000e+00 
	   energy              4.924327e+00    4.880177e-03    4.924327e-02 
	   displacement        3.080559e-02    3.080559e-02    3.080559e-08 
 2

 *************************************************************************
 *                                ERROR                                  *
 * 22 negative jacobians detected.                                       *
 *************************************************************************


------- failed to converge at time : 1.00857

Retrying time step. Retry attempt 4 of max 20


AUTO STEPPER: retry step, dt = 0.00809524


===== beginning time step 1 : 1.0081 =====


Reforming stiffness matrix: reformation #1

 1
 Nonlinear solution status: time= 1.0081
	stiffness updates             = 0
	right hand side evaluations   = 2
	stiffness matrix reformations = 1
	step from line search         = 1.000000
	convergence norms :     INITIAL         CURRENT         REQUIRED
	   residual            8.116379e+04    2.452170e+00    0.000000e+00 
	   energy              4.440103e+00    4.456543e-03    4.440103e-02 
	   displacement        2.637068e-02    2.637068e-02    2.637068e-08 
 2

 *************************************************************************
 *                                ERROR                                  *
 * 14 negative jacobians detected.                                       *
 *************************************************************************


------- failed to converge at time : 1.0081

Retrying time step. Retry attempt 5 of max 20


AUTO STEPPER: retry step, dt = 0.00761905


===== beginning time step 1 : 1.00762 =====


Reforming stiffness matrix: reformation #1

 1
 Nonlinear solution status: time= 1.00762
	stiffness updates             = 0
	right hand side evaluations   = 2
	stiffness matrix reformations = 1
	step from line search         = 1.000000
	convergence norms :     INITIAL         CURRENT         REQUIRED
	   residual            7.278072e+04    2.238290e+00    0.000000e+00 
	   energy              3.980937e+00    4.060415e-03    3.980937e-02 
	   displacement        2.236883e-02    2.236883e-02    2.236883e-08 
 2

 *************************************************************************
 *                                ERROR                                  *
 * 11 negative jacobians detected.                                       *
 *************************************************************************


------- failed to converge at time : 1.00762

Retrying time step. Retry attempt 6 of max 20


AUTO STEPPER: retry step, dt = 0.00714286


===== beginning time step 1 : 1.00714 =====


Reforming stiffness matrix: reformation #1

 1
 Nonlinear solution status: time= 1.00714
	stiffness updates             = 0
	right hand side evaluations   = 2
	stiffness matrix reformations = 1
	step from line search         = 1.000000
	convergence norms :     INITIAL         CURRENT         REQUIRED
	   residual            6.479023e+04    2.038186e+00    0.000000e+00 
	   energy              3.543313e+00    3.683549e-03    3.543313e-02 
	   displacement        1.876218e-02    1.876218e-02    1.876218e-08 
 2

 *************************************************************************
 *                                ERROR                                  *
 * 5 negative jacobians detected.                                        *
 *************************************************************************


------- failed to converge at time : 1.00714

Retrying time step. Retry attempt 7 of max 20


AUTO STEPPER: retry step, dt = 0.00666667


===== beginning time step 1 : 1.00667 =====


Reforming stiffness matrix: reformation #1

 1
 Nonlinear solution status: time= 1.00667
	stiffness updates             = 0
	right hand side evaluations   = 2
	stiffness matrix reformations = 1
	step from line search         = 1.000000
	convergence norms :     INITIAL         CURRENT         REQUIRED
	   residual            5.697217e+04    1.833976e+00    0.000000e+00 
	   energy              3.115196e+00    3.304163e-03    3.115196e-02 
	   displacement        1.547476e-02    1.547476e-02    1.547476e-08 
 2

 *************************************************************************
 *                                ERROR                                  *
 * 3 negative jacobians detected.                                        *
 *************************************************************************


------- failed to converge at time : 1.00667

Retrying time step. Retry attempt 8 of max 20


AUTO STEPPER: retry step, dt = 0.00619048


===== beginning time step 1 : 1.00619 =====


Reforming stiffness matrix: reformation #1

 1
 Nonlinear solution status: time= 1.00619
	stiffness updates             = 0
	right hand side evaluations   = 2
	stiffness matrix reformations = 1
	step from line search         = 1.000000
	convergence norms :     INITIAL         CURRENT         REQUIRED
	   residual            4.965660e+04    1.643964e+00    0.000000e+00 
	   energy              2.714640e+00    2.947195e-03    2.714640e-02 
	   displacement        1.258574e-02    1.258574e-02    1.258574e-08 
 2

 *************************************************************************
 *                                ERROR                                  *
 * 2 negative jacobians detected.                                        *
 *************************************************************************


------- failed to converge at time : 1.00619

Retrying time step. Retry attempt 9 of max 20


AUTO STEPPER: retry step, dt = 0.00571429


===== beginning time step 1 : 1.00571 =====


Reforming stiffness matrix: reformation #1

 1
 Nonlinear solution status: time= 1.00571
	stiffness updates             = 0
	right hand side evaluations   = 2
	stiffness matrix reformations = 1
	step from line search         = 1.000000
	convergence norms :     INITIAL         CURRENT         REQUIRED
	   residual            4.284353e+04    1.465646e+00    0.000000e+00 
	   energy              2.341644e+00    2.610410e-03    2.341644e-02 
	   displacement        1.007233e-02    1.007233e-02    1.007233e-08 
 2
 Nonlinear solution status: time= 1.00571
	stiffness updates             = 1
	right hand side evaluations   = 4
	stiffness matrix reformations = 1
	step from line search         = 0.178052
	convergence norms :     INITIAL         CURRENT         REQUIRED
	   residual            4.284353e+04    5.052161e-01    0.000000e+00 
	   energy              2.341644e+00    2.371385e-05    2.341644e-02 
	   displacement        1.007233e-02    1.516249e-05    9.944510e-09 
 3
 Nonlinear solution status: time= 1.00571
	stiffness updates             = 2
	right hand side evaluations   = 7
	stiffness matrix reformations = 1
	step from line search         = 0.250857
	convergence norms :     INITIAL         CURRENT         REQUIRED
	   residual            4.284353e+04    3.020324e-01    0.000000e+00 
	   energy              2.341644e+00    1.227042e-05    2.341644e-02 
	   displacement        1.007233e-02    2.693442e-06    9.864505e-09 
 4
 Nonlinear solution status: time= 1.00571
	stiffness updates             = 3
	right hand side evaluations   = 9
	stiffness matrix reformations = 1
	step from line search         = 0.351286
	convergence norms :     INITIAL         CURRENT         REQUIRED
	   residual            4.284353e+04    3.259375e-01    0.000000e+00 
	   energy              2.341644e+00    2.378311e-05    2.341644e-02 
	   displacement        1.007233e-02    3.670389e-06    9.721143e-09 
 5
 Nonlinear solution status: time= 1.00571
	stiffness updates             = 4
	right hand side evaluations   = 11
	stiffness matrix reformations = 1
	step from line search         = 0.493480
	convergence norms :     INITIAL         CURRENT         REQUIRED
	   residual            4.284353e+04    3.490205e-01    0.000000e+00 
	   energy              2.341644e+00    1.186413e-05    2.341644e-02 
	   displacement        1.007233e-02    2.978157e-06    9.591262e-09 
 6
 Nonlinear solution status: time= 1.00571
	stiffness updates             = 5
	right hand side evaluations   = 13
	stiffness matrix reformations = 1
	step from line search         = 0.390058
	convergence norms :     INITIAL         CURRENT         REQUIRED
	   residual            4.284353e+04    4.115669e-01    0.000000e+00 
	   energy              2.341644e+00    2.065305e-05    2.341644e-02 
	   displacement        1.007233e-02    3.262468e-06    9.491717e-09 
 7
 Nonlinear solution status: time= 1.00571
	stiffness updates             = 6
	right hand side evaluations   = 15
	stiffness matrix reformations = 1
	step from line search         = 0.457447
	convergence norms :     INITIAL         CURRENT         REQUIRED
	   residual            4.284353e+04    2.719301e-01    0.000000e+00 
	   energy              2.341644e+00    1.162598e-05    2.341644e-02 
	   displacement        1.007233e-02    1.386136e-06    9.500214e-09 
 8
 Nonlinear solution status: time= 1.00571
	stiffness updates             = 7
	right hand side evaluations   = 17
	stiffness matrix reformations = 1
	step from line search         = 0.444575
	convergence norms :     INITIAL         CURRENT         REQUIRED
	   residual            4.284353e+04    2.265331e-01    0.000000e+00 
	   energy              2.341644e+00    9.907624e-06    2.341644e-02 
	   displacement        1.007233e-02    1.329853e-06    9.581796e-09 
 9
 Nonlinear solution status: time= 1.00571
	stiffness updates             = 8
	right hand side evaluations   = 19
	stiffness matrix reformations = 1
	step from line search         = 0.441595
	convergence norms :     INITIAL         CURRENT         REQUIRED
	   residual            4.284353e+04    1.498875e-01    0.000000e+00 
	   energy              2.341644e+00    8.433776e-06    2.341644e-02 
	   displacement        1.007233e-02    9.745023e-07    9.651939e-09 
 10
 Nonlinear solution status: time= 1.00571
	stiffness updates             = 9
	right hand side evaluations   = 21
	stiffness matrix reformations = 1
	step from line search         = 0.436581
	convergence norms :     INITIAL         CURRENT         REQUIRED
	   residual            4.284353e+04    1.227729e-01    0.000000e+00 
	   energy              2.341644e+00    6.395621e-06    2.341644e-02 
	   displacement        1.007233e-02    6.183228e-07    9.665787e-09 

 *************************************************************************
 *                               WARNING                                 *
 * Max nr of iterations reached.                                         *
 * Stiffness matrix will now be reformed.                                *
 *************************************************************************
Reforming stiffness matrix: reformation #2

 11
 Nonlinear solution status: time= 1.00571
	stiffness updates             = 0
	right hand side evaluations   = 22
	stiffness matrix reformations = 2
	step from line search         = 1.000000
	convergence norms :     INITIAL         CURRENT         REQUIRED
	   residual            4.284353e+04    6.391064e-04    0.000000e+00 
	   energy              2.341644e+00    4.925724e-07    2.341644e-02 
	   displacement        1.007233e-02    2.275018e-06    9.612936e-09 
 12
 Nonlinear solution status: time= 1.00571
	stiffness updates             = 1
	right hand side evaluations   = 23
	stiffness matrix reformations = 2
	step from line search         = 1.000000
	convergence norms :     INITIAL         CURRENT         REQUIRED
	   residual            4.284353e+04    3.457646e-04    0.000000e+00 
	   energy              2.341644e+00    1.179436e-07    2.341644e-02 
	   displacement        1.007233e-02    1.226106e-07    9.617997e-09 
 13
 Nonlinear solution status: time= 1.00571
	stiffness updates             = 2
	right hand side evaluations   = 24
	stiffness matrix reformations = 2
	step from line search         = 1.000000
	convergence norms :     INITIAL         CURRENT         REQUIRED
	   residual            4.284353e+04    2.225097e-05    0.000000e+00 
	   energy              2.341644e+00    5.950544e-09    2.341644e-02 
	   displacement        1.007233e-02    1.504465e-08    9.618413e-09 
 14
 Nonlinear solution status: time= 1.00571
	stiffness updates             = 3
	right hand side evaluations   = 25
	stiffness matrix reformations = 2
	step from line search         = 1.000000
	convergence norms :     INITIAL         CURRENT         REQUIRED
	   residual            4.284353e+04    4.809225e-06    0.000000e+00 
	   energy              2.341644e+00    7.901559e-10    2.341644e-02 
	   displacement        1.007233e-02    3.218822e-09    9.618482e-09 

convergence summary
    number of iterations   : 14
    number of reformations : 2

------- converged at time : 1.00571


AUTO STEPPER: decreasing time step, dt = 0.00506517


===== beginning time step 2 : 1.01078 =====


Reforming stiffness matrix: reformation #1

 1
 Nonlinear solution status: time= 1.01078
	stiffness updates             = 0
	right hand side evaluations   = 2
	stiffness matrix reformations = 1
	step from line search         = 1.000000
	convergence norms :     INITIAL         CURRENT         REQUIRED
	   residual            3.678942e+04    5.687609e-01    0.000000e+00 
	   energy              1.403763e+00    7.617909e-04    1.403763e-02 
	   displacement        1.615133e-02    1.615133e-02    1.615133e-08 
 2
 Nonlinear solution status: time= 1.01078
	stiffness updates             = 1
	right hand side evaluations   = 4
	stiffness matrix reformations = 1
	step from line search         = 0.406339
	convergence norms :     INITIAL         CURRENT         REQUIRED
	   residual            3.678942e+04    3.808001e-01    0.000000e+00 
	   energy              1.403763e+00    2.238824e-04    1.403763e-02 
	   displacement        1.615133e-02    1.754644e-04    1.512323e-08 
 3
 Nonlinear solution status: time= 1.01078
	stiffness updates             = 2
	right hand side evaluations   = 6
	stiffness matrix reformations = 1
	step from line search         = 0.620383
	convergence norms :     INITIAL         CURRENT         REQUIRED
	   residual            3.678942e+04    1.430923e-01    0.000000e+00 
	   energy              1.403763e+00    4.019290e-06    1.403763e-02 
	   displacement        1.615133e-02    1.937844e-05    1.471107e-08 
 4
 Nonlinear solution status: time= 1.01078
	stiffness updates             = 3
	right hand side evaluations   = 8
	stiffness matrix reformations = 1
	step from line search         = 0.473105
	convergence norms :     INITIAL         CURRENT         REQUIRED
	   residual            3.678942e+04    1.705727e-01    0.000000e+00 
	   energy              1.403763e+00    1.944191e-05    1.403763e-02 
	   displacement        1.615133e-02    2.406435e-05    1.455865e-08 
 5
 Nonlinear solution status: time= 1.01078
	stiffness updates             = 4
	right hand side evaluations   = 10
	stiffness matrix reformations = 1
	step from line search         = 0.432960
	convergence norms :     INITIAL         CURRENT         REQUIRED
	   residual            3.678942e+04    1.262682e-01    0.000000e+00 
	   energy              1.403763e+00    1.737377e-05    1.403763e-02 
	   displacement        1.615133e-02    8.613681e-06    1.464881e-08 
 6
 Nonlinear solution status: time= 1.01078
	stiffness updates             = 5
	right hand side evaluations   = 12
	stiffness matrix reformations = 1
	step from line search         = 0.514291
	convergence norms :     INITIAL         CURRENT         REQUIRED
	   residual            3.678942e+04    6.010489e-02    0.000000e+00 
	   energy              1.403763e+00    3.368336e-06    1.403763e-02 
	   displacement        1.615133e-02    3.050058e-06    1.481186e-08 
 7
 Nonlinear solution status: time= 1.01078
	stiffness updates             = 6
	right hand side evaluations   = 14
	stiffness matrix reformations = 1
	step from line search         = 0.511348
	convergence norms :     INITIAL         CURRENT         REQUIRED
	   residual            3.678942e+04    4.381492e-02    0.000000e+00 
	   energy              1.403763e+00    4.992258e-06    1.403763e-02 
	   displacement        1.615133e-02    2.289376e-06    1.495126e-08 
 8
 Nonlinear solution status: time= 1.01078
	stiffness updates             = 7
	right hand side evaluations   = 16
	stiffness matrix reformations = 1
	step from line search         = 0.510980
	convergence norms :     INITIAL         CURRENT         REQUIRED
	   residual            3.678942e+04    1.829194e-02    0.000000e+00 
	   energy              1.403763e+00    3.294500e-06    1.403763e-02 
	   displacement        1.615133e-02    7.168108e-07    1.498793e-08 
 9
 Nonlinear solution status: time= 1.01078
	stiffness updates             = 8
	right hand side evaluations   = 18
	stiffness matrix reformations = 1
	step from line search         = 0.576899
	convergence norms :     INITIAL         CURRENT         REQUIRED
	   residual            3.678942e+04    1.259594e-02    0.000000e+00 
	   energy              1.403763e+00    1.076608e-06    1.403763e-02 
	   displacement        1.615133e-02    6.750294e-07    1.497090e-08 
 10
 Nonlinear solution status: time= 1.01078
	stiffness updates             = 9
	right hand side evaluations   = 20
	stiffness matrix reformations = 1
	step from line search         = 0.543448
	convergence norms :     INITIAL         CURRENT         REQUIRED
	   residual            3.678942e+04    1.012773e-02    0.000000e+00 
	   energy              1.403763e+00    9.082390e-07    1.403763e-02 
	   displacement        1.615133e-02    8.947149e-07    1.495671e-08 

 *************************************************************************
 *                               WARNING                                 *
 * Max nr of iterations reached.                                         *
 * Stiffness matrix will now be reformed.                                *
 *************************************************************************
Reforming stiffness matrix: reformation #2

 11
 Nonlinear solution status: time= 1.01078
	stiffness updates             = 0
	right hand side evaluations   = 21
	stiffness matrix reformations = 2
	step from line search         = 1.000000
	convergence norms :     INITIAL         CURRENT         REQUIRED
	   residual            3.678942e+04    1.084923e-04    0.000000e+00 
	   energy              1.403763e+00    4.625043e-09    1.403763e-02 
	   displacement        1.615133e-02    1.956311e-06    1.503146e-08 
 12
 Nonlinear solution status: time= 1.01078
	stiffness updates             = 1
	right hand side evaluations   = 22
	stiffness matrix reformations = 2
	step from line search         = 1.000000
	convergence norms :     INITIAL         CURRENT         REQUIRED
	   residual            3.678942e+04    1.526044e-05    0.000000e+00 
	   energy              1.403763e+00    8.682986e-09    1.403763e-02 
	   displacement        1.615133e-02    2.081847e-08    1.502836e-08 
 13
 Nonlinear solution status: time= 1.01078
	stiffness updates             = 2
	right hand side evaluations   = 23
	stiffness matrix reformations = 2
	step from line search         = 1.000000
	convergence norms :     INITIAL         CURRENT         REQUIRED
	   residual            3.678942e+04    3.808070e-06    0.000000e+00 
	   energy              1.403763e+00    1.104498e-09    1.403763e-02 
	   displacement        1.615133e-02    2.307938e-09    1.502878e-08 

convergence summary
    number of iterations   : 13
    number of reformations : 2

------- converged at time : 1.01078


AUTO STEPPER: decreasing time step, dt = 0.00465928


===== beginning time step 3 : 1.01544 =====


Reforming stiffness matrix: reformation #1

 1
 Nonlinear solution status: time= 1.01544
	stiffness updates             = 0
	right hand side evaluations   = 2
	stiffness matrix reformations = 1
	step from line search         = 1.000000
	convergence norms :     INITIAL         CURRENT         REQUIRED
	   residual            2.470795e+04    3.182246e-01    0.000000e+00 
	   energy              8.962455e-01    1.068603e-03    8.962455e-03 
	   displacement        1.798507e-02    1.798507e-02    1.798507e-08 
 2
 Nonlinear solution status: time= 1.01544
	stiffness updates             = 1
	right hand side evaluations   = 4
	stiffness matrix reformations = 1
	step from line search         = 0.564933
	convergence norms :     INITIAL         CURRENT         REQUIRED
	   residual            2.470795e+04    2.524019e-01    0.000000e+00 
	   energy              8.962455e-01    2.500144e-04    8.962455e-03 
	   displacement        1.798507e-02    2.891461e-04    1.628909e-08 
 3
 Nonlinear solution status: time= 1.01544
	stiffness updates             = 2
	right hand side evaluations   = 5
	stiffness matrix reformations = 1
	step from line search         = 1.000000
	convergence norms :     INITIAL         CURRENT         REQUIRED
	   residual            2.470795e+04    1.044062e-01    0.000000e+00 
	   energy              8.962455e-01    1.263324e-05    8.962455e-03 
	   displacement        1.798507e-02    6.191969e-05    1.575649e-08 
 4
 Nonlinear solution status: time= 1.01544
	stiffness updates             = 3
	right hand side evaluations   = 7
	stiffness matrix reformations = 1
	step from line search         = 0.511637
	convergence norms :     INITIAL         CURRENT         REQUIRED
	   residual            2.470795e+04    6.167588e-02    0.000000e+00 
	   energy              8.962455e-01    7.476201e-06    8.962455e-03 
	   displacement        1.798507e-02    2.226503e-05    1.588826e-08 
 5
 Nonlinear solution status: time= 1.01544
	stiffness updates             = 4
	right hand side evaluations   = 9
	stiffness matrix reformations = 1
	step from line search         = 0.548611
	convergence norms :     INITIAL         CURRENT         REQUIRED
	   residual            2.470795e+04    4.785655e-02    0.000000e+00 
	   energy              8.962455e-01    5.393200e-06    8.962455e-03 
	   displacement        1.798507e-02    5.449024e-06    1.613449e-08 
 6
 Nonlinear solution status: time= 1.01544
	stiffness updates             = 5
	right hand side evaluations   = 11
	stiffness matrix reformations = 1
	step from line search         = 0.632436
	convergence norms :     INITIAL         CURRENT         REQUIRED
	   residual            2.470795e+04    2.322781e-02    0.000000e+00 
	   energy              8.962455e-01    2.188476e-06    8.962455e-03 
	   displacement        1.798507e-02    2.813192e-06    1.634555e-08 
 7
 Nonlinear solution status: time= 1.01544
	stiffness updates             = 6
	right hand side evaluations   = 13
	stiffness matrix reformations = 1
	step from line search         = 0.592795
	convergence norms :     INITIAL         CURRENT         REQUIRED
	   residual            2.470795e+04    6.580732e-03    0.000000e+00 
	   energy              8.962455e-01    1.445737e-06    8.962455e-03 
	   displacement        1.798507e-02    7.224697e-07    1.639276e-08 
 8
 Nonlinear solution status: time= 1.01544
	stiffness updates             = 7
	right hand side evaluations   = 15
	stiffness matrix reformations = 1
	step from line search         = 0.628634
	convergence norms :     INITIAL         CURRENT         REQUIRED
	   residual            2.470795e+04    3.897801e-03    0.000000e+00 
	   energy              8.962455e-01    4.839263e-07    8.962455e-03 
	   displacement        1.798507e-02    6.288095e-07    1.636032e-08 
 9
 Nonlinear solution status: time= 1.01544
	stiffness updates             = 8
	right hand side evaluations   = 17
	stiffness matrix reformations = 1
	step from line search         = 0.634418
	convergence norms :     INITIAL         CURRENT         REQUIRED
	   residual            2.470795e+04    3.287271e-03    0.000000e+00 
	   energy              8.962455e-01    2.676630e-07    8.962455e-03 
	   displacement        1.798507e-02    6.464533e-07    1.633692e-08 
 10
 Nonlinear solution status: time= 1.01544
	stiffness updates             = 9
	right hand side evaluations   = 19
	stiffness matrix reformations = 1
	step from line search         = 0.603077
	convergence norms :     INITIAL         CURRENT         REQUIRED
	   residual            2.470795e+04    1.409745e-03    0.000000e+00 
	   energy              8.962455e-01    1.720226e-07    8.962455e-03 
	   displacement        1.798507e-02    2.679801e-07    1.634605e-08 

 *************************************************************************
 *                               WARNING                                 *
 * Max nr of iterations reached.                                         *
 * Stiffness matrix will now be reformed.                                *
 *************************************************************************
Reforming stiffness matrix: reformation #2

 11
 Nonlinear solution status: time= 1.01544
	stiffness updates             = 0
	right hand side evaluations   = 20
	stiffness matrix reformations = 2
	step from line search         = 1.000000
	convergence norms :     INITIAL         CURRENT         REQUIRED
	   residual            2.470795e+04    1.590922e-06    0.000000e+00 
	   energy              8.962455e-01    4.421035e-09    8.962455e-03 
	   displacement        1.798507e-02    2.732458e-07    1.639521e-08 
 12
 Nonlinear solution status: time= 1.01544
	stiffness updates             = 1
	right hand side evaluations   = 21
	stiffness matrix reformations = 2
	step from line search         = 1.000000
	convergence norms :     INITIAL         CURRENT         REQUIRED
	   residual            2.470795e+04    1.844027e-08    0.000000e+00 
	   energy              8.962455e-01    1.356069e-10    8.962455e-03 
	   displacement        1.798507e-02    1.979326e-09    1.639159e-08 

convergence summary
    number of iterations   : 12
    number of reformations : 2

------- converged at time : 1.01544


AUTO STEPPER: decreasing time step, dt = 0.00446092


===== beginning time step 4 : 1.0199 =====


Reforming stiffness matrix: reformation #1

 1
 Nonlinear solution status: time= 1.0199
	stiffness updates             = 0
	right hand side evaluations   = 2
	stiffness matrix reformations = 1
	step from line search         = 1.000000
	convergence norms :     INITIAL         CURRENT         REQUIRED
	   residual            1.679096e+04    1.925518e-01    0.000000e+00 
	   energy              6.180491e-01    1.196504e-03    6.180491e-03 
	   displacement        1.861535e-02    1.861535e-02    1.861535e-08 
 2
 Nonlinear solution status: time= 1.0199
	stiffness updates             = 1
	right hand side evaluations   = 4
	stiffness matrix reformations = 1
	step from line search         = 0.606398
	convergence norms :     INITIAL         CURRENT         REQUIRED
	   residual            1.679096e+04    1.200507e-01    0.000000e+00 
	   energy              6.180491e-01    1.724613e-04    6.180491e-03 
	   displacement        1.861535e-02    2.541151e-04    1.668410e-08 
 3
 Nonlinear solution status: time= 1.0199
	stiffness updates             = 2
	right hand side evaluations   = 5
	stiffness matrix reformations = 1
	step from line search         = 1.000000
	convergence norms :     INITIAL         CURRENT         REQUIRED
	   residual            1.679096e+04    3.858430e-02    0.000000e+00 
	   energy              6.180491e-01    2.763589e-06    6.180491e-03 
	   displacement        1.861535e-02    5.502012e-05    1.617788e-08 
 4
 Nonlinear solution status: time= 1.0199
	stiffness updates             = 3
	right hand side evaluations   = 7
	stiffness matrix reformations = 1
	step from line search         = 0.553998
	convergence norms :     INITIAL         CURRENT         REQUIRED
	   residual            1.679096e+04    1.968591e-02    0.000000e+00 
	   energy              6.180491e-01    4.702959e-06    6.180491e-03 
	   displacement        1.861535e-02    1.215378e-05    1.633842e-08 
 5
 Nonlinear solution status: time= 1.0199
	stiffness updates             = 4
	right hand side evaluations   = 8
	stiffness matrix reformations = 1
	step from line search         = 1.000000
	convergence norms :     INITIAL         CURRENT         REQUIRED
	   residual            1.679096e+04    2.110260e-02    0.000000e+00 
	   energy              6.180491e-01    5.711956e-06    6.180491e-03 
	   displacement        1.861535e-02    5.982057e-06    1.669129e-08 
 6
 Nonlinear solution status: time= 1.0199
	stiffness updates             = 5
	right hand side evaluations   = 9
	stiffness matrix reformations = 1
	step from line search         = 1.000000
	convergence norms :     INITIAL         CURRENT         REQUIRED
	   residual            1.679096e+04    9.685622e-03    0.000000e+00 
	   energy              6.180491e-01    3.390488e-06    6.180491e-03 
	   displacement        1.861535e-02    1.221809e-06    1.678139e-08 
 7
 Nonlinear solution status: time= 1.0199
	stiffness updates             = 6
	right hand side evaluations   = 10
	stiffness matrix reformations = 1
	step from line search         = 1.000000
	convergence norms :     INITIAL         CURRENT         REQUIRED
	   residual            1.679096e+04    9.025617e-03    0.000000e+00 
	   energy              6.180491e-01    2.896694e-06    6.180491e-03 
	   displacement        1.861535e-02    1.499658e-06    1.666728e-08 
 8
 Nonlinear solution status: time= 1.0199
	stiffness updates             = 7
	right hand side evaluations   = 11
	stiffness matrix reformations = 1
	step from line search         = 1.000000
	convergence norms :     INITIAL         CURRENT         REQUIRED
	   residual            1.679096e+04    3.740959e-03    0.000000e+00 
	   energy              6.180491e-01    1.175791e-06    6.180491e-03 
	   displacement        1.861535e-02    7.634766e-07    1.664496e-08 
 9
 Nonlinear solution status: time= 1.0199
	stiffness updates             = 8
	right hand side evaluations   = 13
	stiffness matrix reformations = 1
	step from line search         = 0.634977
	convergence norms :     INITIAL         CURRENT         REQUIRED
	   residual            1.679096e+04    8.213185e-04    0.000000e+00 
	   energy              6.180491e-01    1.708823e-07    6.180491e-03 
	   displacement        1.861535e-02    1.690027e-07    1.668891e-08 
 10
 Nonlinear solution status: time= 1.0199
	stiffness updates             = 9
	right hand side evaluations   = 15
	stiffness matrix reformations = 1
	step from line search         = 0.634760
	convergence norms :     INITIAL         CURRENT         REQUIRED
	   residual            1.679096e+04    2.802090e-04    0.000000e+00 
	   energy              6.180491e-01    5.983861e-08    6.180491e-03 
	   displacement        1.861535e-02    5.864570e-08    1.671454e-08 

 *************************************************************************
 *                               WARNING                                 *
 * Max nr of iterations reached.                                         *
 * Stiffness matrix will now be reformed.                                *
 *************************************************************************
Reforming stiffness matrix: reformation #2

 11
 Nonlinear solution status: time= 1.0199
	stiffness updates             = 0
	right hand side evaluations   = 16
	stiffness matrix reformations = 2
	step from line search         = 1.000000
	convergence norms :     INITIAL         CURRENT         REQUIRED
	   residual            1.679096e+04    2.080852e-07    0.000000e+00 
	   energy              6.180491e-01    3.201120e-09    6.180491e-03 
	   displacement        1.861535e-02    9.929575e-08    1.671573e-08 
 12
 Nonlinear solution status: time= 1.0199
	stiffness updates             = 1
	right hand side evaluations   = 17
	stiffness matrix reformations = 2
	step from line search         = 1.000000
	convergence norms :     INITIAL         CURRENT         REQUIRED
	   residual            1.679096e+04    2.400916e-09    0.000000e+00 
	   energy              6.180491e-01    3.723620e-11    6.180491e-03 
	   displacement        1.861535e-02    6.375275e-10    1.671587e-08 

convergence summary
    number of iterations   : 12
    number of reformations : 2

------- converged at time : 1.0199


AUTO STEPPER: decreasing time step, dt = 0.00427101


===== beginning time step 5 : 1.02417 =====


Reforming stiffness matrix: reformation #1

 1
 Nonlinear solution status: time= 1.02417
	stiffness updates             = 0
	right hand side evaluations   = 2
	stiffness matrix reformations = 1
	step from line search         = 1.000000
	convergence norms :     INITIAL         CURRENT         REQUIRED
	   residual            1.050951e+04    1.233094e-01    0.000000e+00 
	   energy              4.029865e-01    1.206664e-03    4.029865e-03 
	   displacement        1.778041e-02    1.778041e-02    1.778041e-08 
 2
 Nonlinear solution status: time= 1.02417
	stiffness updates             = 1
	right hand side evaluations   = 4
	stiffness matrix reformations = 1
	step from line search         = 0.634807
	convergence norms :     INITIAL         CURRENT         REQUIRED
	   residual            1.050951e+04    6.736935e-02    0.000000e+00 
	   energy              4.029865e-01    1.040469e-04    4.029865e-03 
	   displacement        1.778041e-02    2.002978e-04    1.585535e-08 
 3
 Nonlinear solution status: time= 1.02417
	stiffness updates             = 2
	right hand side evaluations   = 5
	stiffness matrix reformations = 1
	step from line search         = 1.000000
	convergence norms :     INITIAL         CURRENT         REQUIRED
	   residual            1.050951e+04    1.876389e-02    0.000000e+00 
	   energy              4.029865e-01    7.848777e-06    4.029865e-03 
	   displacement        1.778041e-02    4.376619e-05    1.533345e-08 
 4
 Nonlinear solution status: time= 1.02417
	stiffness updates             = 3
	right hand side evaluations   = 6
	stiffness matrix reformations = 1
	step from line search         = 1.000000
	convergence norms :     INITIAL         CURRENT         REQUIRED
	   residual            1.050951e+04    3.126363e-02    0.000000e+00 
	   energy              4.029865e-01    1.900062e-05    4.029865e-03 
	   displacement        1.778041e-02    1.372457e-05    1.562284e-08 
 5
 Nonlinear solution status: time= 1.02417
	stiffness updates             = 4
	right hand side evaluations   = 7
	stiffness matrix reformations = 1
	step from line search         = 1.000000
	convergence norms :     INITIAL         CURRENT         REQUIRED
	   residual            1.050951e+04    5.722050e-03    0.000000e+00 
	   energy              4.029865e-01    3.255630e-06    4.029865e-03 
	   displacement        1.778041e-02    3.705039e-06    1.580064e-08 
 6
 Nonlinear solution status: time= 1.02417
	stiffness updates             = 5
	right hand side evaluations   = 8
	stiffness matrix reformations = 1
	step from line search         = 1.000000
	convergence norms :     INITIAL         CURRENT         REQUIRED
	   residual            1.050951e+04    4.690190e-03    0.000000e+00 
	   energy              4.029865e-01    2.489157e-06    4.029865e-03 
	   displacement        1.778041e-02    1.055798e-06    1.574917e-08 
 7
 Nonlinear solution status: time= 1.02417
	stiffness updates             = 6
	right hand side evaluations   = 9
	stiffness matrix reformations = 1
	step from line search         = 1.000000
	convergence norms :     INITIAL         CURRENT         REQUIRED
	   residual            1.050951e+04    1.250911e-03    0.000000e+00 
	   energy              4.029865e-01    3.343979e-07    4.029865e-03 
	   displacement        1.778041e-02    4.930363e-07    1.573563e-08 
 8
 Nonlinear solution status: time= 1.02417
	stiffness updates             = 7
	right hand side evaluations   = 11
	stiffness matrix reformations = 1
	step from line search         = 0.608840
	convergence norms :     INITIAL         CURRENT         REQUIRED
	   residual            1.050951e+04    2.650121e-04    0.000000e+00 
	   energy              4.029865e-01    9.772398e-08    4.029865e-03 
	   displacement        1.778041e-02    1.389685e-07    1.575940e-08 
 9
 Nonlinear solution status: time= 1.02417
	stiffness updates             = 8
	right hand side evaluations   = 12
	stiffness matrix reformations = 1
	step from line search         = 1.000000
	convergence norms :     INITIAL         CURRENT         REQUIRED
	   residual            1.050951e+04    1.725166e-04    0.000000e+00 
	   energy              4.029865e-01    3.657057e-08    4.029865e-03 
	   displacement        1.778041e-02    4.310864e-08    1.578007e-08 
 10
 Nonlinear solution status: time= 1.02417
	stiffness updates             = 9
	right hand side evaluations   = 13
	stiffness matrix reformations = 1
	step from line search         = 1.000000
	convergence norms :     INITIAL         CURRENT         REQUIRED
	   residual            1.050951e+04    1.248534e-04    0.000000e+00 
	   energy              4.029865e-01    4.187869e-08    4.029865e-03 
	   displacement        1.778041e-02    2.250912e-08    1.578312e-08 

 *************************************************************************
 *                               WARNING                                 *
 * Max nr of iterations reached.                                         *
 * Stiffness matrix will now be reformed.                                *
 *************************************************************************
Reforming stiffness matrix: reformation #2

 11
 Nonlinear solution status: time= 1.02417
	stiffness updates             = 0
	right hand side evaluations   = 14
	stiffness matrix reformations = 2
	step from line search         = 1.000000
	convergence norms :     INITIAL         CURRENT         REQUIRED
	   residual            1.050951e+04    6.072233e-09    0.000000e+00 
	   energy              4.029865e-01    8.000871e-10    4.029865e-03 
	   displacement        1.778041e-02    1.487699e-08    1.578178e-08 

convergence summary
    number of iterations   : 11
    number of reformations : 2

------- converged at time : 1.02417

MUST POINT CONTROLLER: adjusting time step. dt = 0.00082933


===== beginning time step 6 : 1.025 =====


Reforming stiffness matrix: reformation #1

 1
 Nonlinear solution status: time= 1.025
	stiffness updates             = 0
	right hand side evaluations   = 2
	stiffness matrix reformations = 1
	step from line search         = 1.000000
	convergence norms :     INITIAL         CURRENT         REQUIRED
	   residual            3.134550e+02    4.496048e-02    0.000000e+00 
	   energy              2.787487e-02    7.007796e-04    2.787487e-04 
	   displacement        6.939828e-04    6.939828e-04    6.939828e-10 
 2
 Nonlinear solution status: time= 1.025
	stiffness updates             = 1
	right hand side evaluations   = 3
	stiffness matrix reformations = 1
	step from line search         = 1.000000
	convergence norms :     INITIAL         CURRENT         REQUIRED
	   residual            3.134550e+02    3.762313e-02    0.000000e+00 
	   energy              2.787487e-02    5.581404e-05    2.787487e-04 
	   displacement        6.939828e-04    2.218883e-05    6.018785e-10 
 3
 Nonlinear solution status: time= 1.025
	stiffness updates             = 2
	right hand side evaluations   = 4
	stiffness matrix reformations = 1
	step from line search         = 1.000000
	convergence norms :     INITIAL         CURRENT         REQUIRED
	   residual            3.134550e+02    4.537462e-04    0.000000e+00 
	   energy              2.787487e-02    7.995624e-07    2.787487e-04 
	   displacement        6.939828e-04    1.165343e-06    6.163100e-10 
 4
 Nonlinear solution status: time= 1.025
	stiffness updates             = 3
	right hand side evaluations   = 5
	stiffness matrix reformations = 1
	step from line search         = 1.000000
	convergence norms :     INITIAL         CURRENT         REQUIRED
	   residual            3.134550e+02    7.004846e-06    0.000000e+00 
	   energy              2.787487e-02    1.099386e-09    2.787487e-04 
	   displacement        6.939828e-04    1.161408e-08    6.179151e-10 
 5
 Nonlinear solution status: time= 1.025
	stiffness updates             = 4
	right hand side evaluations   = 6
	stiffness matrix reformations = 1
	step from line search         = 1.000000
	convergence norms :     INITIAL         CURRENT         REQUIRED
	   residual            3.134550e+02    5.686247e-07    0.000000e+00 
	   energy              2.787487e-02    5.035540e-10    2.787487e-04 
	   displacement        6.939828e-04    6.795409e-10    6.179582e-10 
 6
 Nonlinear solution status: time= 1.025
	stiffness updates             = 5
	right hand side evaluations   = 7
	stiffness matrix reformations = 1
	step from line search         = 1.000000
	convergence norms :     INITIAL         CURRENT         REQUIRED
	   residual            3.134550e+02    1.755008e-08    0.000000e+00 
	   energy              2.787487e-02    5.462595e-12    2.787487e-04 
	   displacement        6.939828e-04    4.341826e-11    6.179115e-10 

convergence summary
    number of iterations   : 6
    number of reformations : 1

------- converged at time : 1.025


AUTO STEPPER: increasing time step, dt = 0.00541681


===== beginning time step 7 : 1.03042 =====


Reforming stiffness matrix: reformation #1

 1
 Nonlinear solution status: time= 1.03042
	stiffness updates             = 0
	right hand side evaluations   = 2
	stiffness matrix reformations = 1
	step from line search         = 1.000000
	convergence norms :     INITIAL         CURRENT         REQUIRED
	   residual            9.337246e+03    1.656040e-01    0.000000e+00 
	   energy              3.746770e-01    1.539981e-03    3.746770e-03 
	   displacement        2.760786e-02    2.760786e-02    2.760786e-08 
 2
 Nonlinear solution status: time= 1.03042
	stiffness updates             = 1
	right hand side evaluations   = 4
	stiffness matrix reformations = 1
	step from line search         = 0.625869
	convergence norms :     INITIAL         CURRENT         REQUIRED
	   residual            9.337246e+03    1.000112e-01    0.000000e+00 
	   energy              3.746770e-01    1.861048e-04    3.746770e-03 
	   displacement        2.760786e-02    4.184664e-04    2.426065e-08 
 3
 Nonlinear solution status: time= 1.03042
	stiffness updates             = 2
	right hand side evaluations   = 5
	stiffness matrix reformations = 1
	step from line search         = 1.000000
	convergence norms :     INITIAL         CURRENT         REQUIRED
	   residual            9.337246e+03    2.953188e-02    0.000000e+00 
	   energy              3.746770e-01    3.355895e-06    3.746770e-03 
	   displacement        2.760786e-02    9.112490e-05    2.330566e-08 
 4
 Nonlinear solution status: time= 1.03042
	stiffness updates             = 3
	right hand side evaluations   = 7
	stiffness matrix reformations = 1
	step from line search         = 0.550886
	convergence norms :     INITIAL         CURRENT         REQUIRED
	   residual            9.337246e+03    1.444579e-02    0.000000e+00 
	   energy              3.746770e-01    5.211657e-06    3.746770e-03 
	   displacement        2.760786e-02    1.744765e-05    2.353029e-08 
 5
 Nonlinear solution status: time= 1.03042
	stiffness updates             = 4
	right hand side evaluations   = 8
	stiffness matrix reformations = 1
	step from line search         = 1.000000
	convergence norms :     INITIAL         CURRENT         REQUIRED
	   residual            9.337246e+03    1.148343e-02    0.000000e+00 
	   energy              3.746770e-01    5.005185e-06    3.746770e-03 
	   displacement        2.760786e-02    1.026725e-05    2.415763e-08 
 6
 Nonlinear solution status: time= 1.03042
	stiffness updates             = 5
	right hand side evaluations   = 9
	stiffness matrix reformations = 1
	step from line search         = 1.000000
	convergence norms :     INITIAL         CURRENT         REQUIRED
	   residual            9.337246e+03    5.859638e-03    0.000000e+00 
	   energy              3.746770e-01    2.627205e-06    3.746770e-03 
	   displacement        2.760786e-02    1.546781e-06    2.427930e-08 
 7
 Nonlinear solution status: time= 1.03042
	stiffness updates             = 6
	right hand side evaluations   = 10
	stiffness matrix reformations = 1
	step from line search         = 1.000000
	convergence norms :     INITIAL         CURRENT         REQUIRED
	   residual            9.337246e+03    6.527992e-03    0.000000e+00 
	   energy              3.746770e-01    2.620163e-06    3.746770e-03 
	   displacement        2.760786e-02    1.726016e-06    2.410870e-08 
 8
 Nonlinear solution status: time= 1.03042
	stiffness updates             = 7
	right hand side evaluations   = 11
	stiffness matrix reformations = 1
	step from line search         = 1.000000
	convergence norms :     INITIAL         CURRENT         REQUIRED
	   residual            9.337246e+03    2.065247e-03    0.000000e+00 
	   energy              3.746770e-01    1.077432e-06    3.746770e-03 
	   displacement        2.760786e-02    9.432474e-07    2.405834e-08 
 9
 Nonlinear solution status: time= 1.03042
	stiffness updates             = 8
	right hand side evaluations   = 12
	stiffness matrix reformations = 1
	step from line search         = 1.000000
	convergence norms :     INITIAL         CURRENT         REQUIRED
	   residual            9.337246e+03    1.874853e-03    0.000000e+00 
	   energy              3.746770e-01    9.145057e-07    3.746770e-03 
	   displacement        2.760786e-02    5.613838e-07    2.417150e-08 
 10
 Nonlinear solution status: time= 1.03042
	stiffness updates             = 9
	right hand side evaluations   = 13
	stiffness matrix reformations = 1
	step from line search         = 1.000000
	convergence norms :     INITIAL         CURRENT         REQUIRED
	   residual            9.337246e+03    7.665781e-04    0.000000e+00 
	   energy              3.746770e-01    3.395359e-07    3.746770e-03 
	   displacement        2.760786e-02    1.638571e-07    2.419298e-08 

 *************************************************************************
 *                               WARNING                                 *
 * Max nr of iterations reached.                                         *
 * Stiffness matrix will now be reformed.                                *
 *************************************************************************
Reforming stiffness matrix: reformation #2

 11
 Nonlinear solution status: time= 1.03042
	stiffness updates             = 0
	right hand side evaluations   = 14
	stiffness matrix reformations = 2
	step from line search         = 1.000000
	convergence norms :     INITIAL         CURRENT         REQUIRED
	   residual            9.337246e+03    2.476954e-07    0.000000e+00 
	   energy              3.746770e-01    8.146275e-09    3.746770e-03 
	   displacement        2.760786e-02    1.497134e-07    2.416630e-08 
 12
 Nonlinear solution status: time= 1.03042
	stiffness updates             = 1
	right hand side evaluations   = 15
	stiffness matrix reformations = 2
	step from line search         = 1.000000
	convergence norms :     INITIAL         CURRENT         REQUIRED
	   residual            9.337246e+03    8.747076e-09    0.000000e+00 
	   energy              3.746770e-01    1.027162e-10    3.746770e-03 
	   displacement        2.760786e-02    2.010922e-09    2.416834e-08 

convergence summary
    number of iterations   : 12
    number of reformations : 2

------- converged at time : 1.03042


AUTO STEPPER: decreasing time step, dt = 0.0051862


===== beginning time step 8 : 1.0356 =====


Reforming stiffness matrix: reformation #1

 1
 Nonlinear solution status: time= 1.0356
	stiffness updates             = 0
	right hand side evaluations   = 2
	stiffness matrix reformations = 1
	step from line search         = 1.000000
	convergence norms :     INITIAL         CURRENT         REQUIRED
	   residual            3.948790e+03    9.538266e-02    0.000000e+00 
	   energy              1.753233e-01    1.303202e-03    1.753233e-03 
	   displacement        2.331429e-02    2.331429e-02    2.331429e-08 
 2
 Nonlinear solution status: time= 1.0356
	stiffness updates             = 1
	right hand side evaluations   = 3
	stiffness matrix reformations = 1
	step from line search         = 1.000000
	convergence norms :     INITIAL         CURRENT         REQUIRED
	   residual            3.948790e+03    1.278212e-01    0.000000e+00 
	   energy              1.753233e-01    2.530839e-04    1.753233e-03 
	   displacement        2.331429e-02    5.587260e-04    1.923284e-08 
 3
 Nonlinear solution status: time= 1.0356
	stiffness updates             = 2
	right hand side evaluations   = 4
	stiffness matrix reformations = 1
	step from line search         = 1.000000
	convergence norms :     INITIAL         CURRENT         REQUIRED
	   residual            3.948790e+03    1.294504e-02    0.000000e+00 
	   energy              1.753233e-01    1.868166e-05    1.753233e-03 
	   displacement        2.331429e-02    1.146841e-04    1.961301e-08 
 4
 Nonlinear solution status: time= 1.0356
	stiffness updates             = 3
	right hand side evaluations   = 6
	stiffness matrix reformations = 1
	step from line search         = 0.531981
	convergence norms :     INITIAL         CURRENT         REQUIRED
	   residual            3.948790e+03    6.175769e-03    0.000000e+00 
	   energy              1.753233e-01    3.456162e-06    1.753233e-03 
	   displacement        2.331429e-02    1.311488e-05    2.004060e-08 
 5
 Nonlinear solution status: time= 1.0356
	stiffness updates             = 4
	right hand side evaluations   = 7
	stiffness matrix reformations = 1
	step from line search         = 1.000000
	convergence norms :     INITIAL         CURRENT         REQUIRED
	   residual            3.948790e+03    3.302236e-03    0.000000e+00 
	   energy              1.753233e-01    1.156046e-06    1.753233e-03 
	   displacement        2.331429e-02    2.131700e-06    2.024509e-08 
 6
 Nonlinear solution status: time= 1.0356
	stiffness updates             = 5
	right hand side evaluations   = 8
	stiffness matrix reformations = 1
	step from line search         = 1.000000
	convergence norms :     INITIAL         CURRENT         REQUIRED
	   residual            3.948790e+03    1.551893e-03    0.000000e+00 
	   energy              1.753233e-01    5.778603e-07    1.753233e-03 
	   displacement        2.331429e-02    3.226527e-07    2.022002e-08 
 7
 Nonlinear solution status: time= 1.0356
	stiffness updates             = 6
	right hand side evaluations   = 9
	stiffness matrix reformations = 1
	step from line search         = 1.000000
	convergence norms :     INITIAL         CURRENT         REQUIRED
	   residual            3.948790e+03    1.059760e-03    0.000000e+00 
	   energy              1.753233e-01    4.644948e-07    1.753233e-03 
	   displacement        2.331429e-02    5.432660e-07    2.015675e-08 
 8
 Nonlinear solution status: time= 1.0356
	stiffness updates             = 7
	right hand side evaluations   = 10
	stiffness matrix reformations = 1
	step from line search         = 1.000000
	convergence norms :     INITIAL         CURRENT         REQUIRED
	   residual            3.948790e+03    2.716221e-04    0.000000e+00 
	   energy              1.753233e-01    1.550280e-07    1.753233e-03 
	   displacement        2.331429e-02    1.308137e-07    2.018597e-08 
 9
 Nonlinear solution status: time= 1.0356
	stiffness updates             = 8
	right hand side evaluations   = 11
	stiffness matrix reformations = 1
	step from line search         = 1.000000
	convergence norms :     INITIAL         CURRENT         REQUIRED
	   residual            3.948790e+03    1.722618e-04    0.000000e+00 
	   energy              1.753233e-01    1.036841e-07    1.753233e-03 
	   displacement        2.331429e-02    7.748745e-08    2.021979e-08 
 10
 Nonlinear solution status: time= 1.0356
	stiffness updates             = 9
	right hand side evaluations   = 12
	stiffness matrix reformations = 1
	step from line search         = 1.000000
	convergence norms :     INITIAL         CURRENT         REQUIRED
	   residual            3.948790e+03    5.022197e-05    0.000000e+00 
	   energy              1.753233e-01    2.620491e-08    1.753233e-03 
	   displacement        2.331429e-02    2.006338e-08    2.021075e-08 

convergence summary
    number of iterations   : 10
    number of reformations : 1

------- converged at time : 1.0356


AUTO STEPPER: increasing time step, dt = 0.00542115


===== beginning time step 9 : 1.04102 =====


Reforming stiffness matrix: reformation #1

 1
 Nonlinear solution status: time= 1.04102
	stiffness updates             = 0
	right hand side evaluations   = 2
	stiffness matrix reformations = 1
	step from line search         = 1.000000
	convergence norms :     INITIAL         CURRENT         REQUIRED
	   residual            1.311146e+03    7.751014e-02    0.000000e+00 
	   energy              7.113040e-02    1.191411e-03    7.113040e-04 
	   displacement        2.269252e-02    2.269252e-02    2.269252e-08 
 2
 Nonlinear solution status: time= 1.04102
	stiffness updates             = 1
	right hand side evaluations   = 3
	stiffness matrix reformations = 1
	step from line search         = 1.000000
	convergence norms :     INITIAL         CURRENT         REQUIRED
	   residual            1.311146e+03    9.029054e-02    0.000000e+00 
	   energy              7.113040e-02    1.616247e-04    7.113040e-04 
	   displacement        2.269252e-02    4.376620e-04    1.873226e-08 
 3
 Nonlinear solution status: time= 1.04102
	stiffness updates             = 2
	right hand side evaluations   = 4
	stiffness matrix reformations = 1
	step from line search         = 1.000000
	convergence norms :     INITIAL         CURRENT         REQUIRED
	   residual            1.311146e+03    6.225287e-03    0.000000e+00 
	   energy              7.113040e-02    4.009972e-06    7.113040e-04 
	   displacement        2.269252e-02    7.848652e-05    1.895579e-08 
 4
 Nonlinear solution status: time= 1.04102
	stiffness updates             = 3
	right hand side evaluations   = 5
	stiffness matrix reformations = 1
	step from line search         = 1.000000
	convergence norms :     INITIAL         CURRENT         REQUIRED
	   residual            1.311146e+03    1.345619e-02    0.000000e+00 
	   energy              7.113040e-02    1.043547e-05    7.113040e-04 
	   displacement        2.269252e-02    1.606823e-05    1.960873e-08 
 5
 Nonlinear solution status: time= 1.04102
	stiffness updates             = 4
	right hand side evaluations   = 6
	stiffness matrix reformations = 1
	step from line search         = 1.000000
	convergence norms :     INITIAL         CURRENT         REQUIRED
	   residual            1.311146e+03    2.260653e-03    0.000000e+00 
	   energy              7.113040e-02    1.387483e-06    7.113040e-04 
	   displacement        2.269252e-02    1.888780e-06    1.954821e-08 
 6
 Nonlinear solution status: time= 1.04102
	stiffness updates             = 5
	right hand side evaluations   = 8
	stiffness matrix reformations = 1
	step from line search         = 0.607626
	convergence norms :     INITIAL         CURRENT         REQUIRED
	   residual            1.311146e+03    5.175279e-04    0.000000e+00 
	   energy              7.113040e-02    2.727982e-07    7.113040e-04 
	   displacement        2.269252e-02    4.785881e-07    1.944475e-08 
 7
 Nonlinear solution status: time= 1.04102
	stiffness updates             = 6
	right hand side evaluations   = 9
	stiffness matrix reformations = 1
	step from line search         = 1.000000
	convergence norms :     INITIAL         CURRENT         REQUIRED
	   residual            1.311146e+03    4.142932e-04    0.000000e+00 
	   energy              7.113040e-02    1.608699e-07    7.113040e-04 
	   displacement        2.269252e-02    2.406055e-07    1.942775e-08 
 8
 Nonlinear solution status: time= 1.04102
	stiffness updates             = 7
	right hand side evaluations   = 10
	stiffness matrix reformations = 1
	step from line search         = 1.000000
	convergence norms :     INITIAL         CURRENT         REQUIRED
	   residual            1.311146e+03    1.256600e-04    0.000000e+00 
	   energy              7.113040e-02    7.421817e-08    7.113040e-04 
	   displacement        2.269252e-02    1.124835e-07    1.947617e-08 
 9
 Nonlinear solution status: time= 1.04102
	stiffness updates             = 8
	right hand side evaluations   = 11
	stiffness matrix reformations = 1
	step from line search         = 1.000000
	convergence norms :     INITIAL         CURRENT         REQUIRED
	   residual            1.311146e+03    4.809984e-05    0.000000e+00 
	   energy              7.113040e-02    2.447912e-08    7.113040e-04 
	   displacement        2.269252e-02    2.090275e-08    1.948798e-08 
 10
 Nonlinear solution status: time= 1.04102
	stiffness updates             = 9
	right hand side evaluations   = 12
	stiffness matrix reformations = 1
	step from line search         = 1.000000
	convergence norms :     INITIAL         CURRENT         REQUIRED
	   residual            1.311146e+03    2.494698e-05    0.000000e+00 
	   energy              7.113040e-02    1.235940e-08    7.113040e-04 
	   displacement        2.269252e-02    1.176474e-08    1.947323e-08 

convergence summary
    number of iterations   : 10
    number of reformations : 1

------- converged at time : 1.04102


AUTO STEPPER: increasing time step, dt = 0.00564464


===== beginning time step 10 : 1.04667 =====


Reforming stiffness matrix: reformation #1

 1
 Nonlinear solution status: time= 1.04667
	stiffness updates             = 0
	right hand side evaluations   = 2
	stiffness matrix reformations = 1
	step from line search         = 1.000000
	convergence norms :     INITIAL         CURRENT         REQUIRED
	   residual            5.075184e+01    6.479956e-02    0.000000e+00 
	   energy              1.648811e-02    1.048435e-03    1.648811e-04 
	   displacement        2.133123e-02    2.133123e-02    2.133123e-08 
 2
 Nonlinear solution status: time= 1.04667
	stiffness updates             = 1
	right hand side evaluations   = 3
	stiffness matrix reformations = 1
	step from line search         = 1.000000
	convergence norms :     INITIAL         CURRENT         REQUIRED
	   residual            5.075184e+01    5.286129e-02    0.000000e+00 
	   energy              1.648811e-02    8.368427e-05    1.648811e-04 
	   displacement        2.133123e-02    3.056817e-04    1.784773e-08 
 3
 Nonlinear solution status: time= 1.04667
	stiffness updates             = 2
	right hand side evaluations   = 4
	stiffness matrix reformations = 1
	step from line search         = 1.000000
	convergence norms :     INITIAL         CURRENT         REQUIRED
	   residual            5.075184e+01    7.664711e-03    0.000000e+00 
	   energy              1.648811e-02    7.302271e-06    1.648811e-04 
	   displacement        2.133123e-02    4.597123e-05    1.764982e-08 
 4
 Nonlinear solution status: time= 1.04667
	stiffness updates             = 3
	right hand side evaluations   = 5
	stiffness matrix reformations = 1
	step from line search         = 1.000000
	convergence norms :     INITIAL         CURRENT         REQUIRED
	   residual            5.075184e+01    7.080068e-03    0.000000e+00 
	   energy              1.648811e-02    4.318896e-06    1.648811e-04 
	   displacement        2.133123e-02    9.380833e-06    1.821842e-08 
 5
 Nonlinear solution status: time= 1.04667
	stiffness updates             = 4
	right hand side evaluations   = 6
	stiffness matrix reformations = 1
	step from line search         = 1.000000
	convergence norms :     INITIAL         CURRENT         REQUIRED
	   residual            5.075184e+01    1.819365e-03    0.000000e+00 
	   energy              1.648811e-02    1.010510e-06    1.648811e-04 
	   displacement        2.133123e-02    9.515188e-07    1.823811e-08 
 6
 Nonlinear solution status: time= 1.04667
	stiffness updates             = 5
	right hand side evaluations   = 7
	stiffness matrix reformations = 1
	step from line search         = 1.000000
	convergence norms :     INITIAL         CURRENT         REQUIRED
	   residual            5.075184e+01    1.058964e-03    0.000000e+00 
	   energy              1.648811e-02    5.890744e-07    1.648811e-04 
	   displacement        2.133123e-02    7.815204e-07    1.809965e-08 
 7
 Nonlinear solution status: time= 1.04667
	stiffness updates             = 6
	right hand side evaluations   = 8
	stiffness matrix reformations = 1
	step from line search         = 1.000000
	convergence norms :     INITIAL         CURRENT         REQUIRED
	   residual            5.075184e+01    2.736041e-04    0.000000e+00 
	   energy              1.648811e-02    1.191705e-07    1.648811e-04 
	   displacement        2.133123e-02    1.451525e-07    1.811670e-08 
 8
 Nonlinear solution status: time= 1.04667
	stiffness updates             = 7
	right hand side evaluations   = 9
	stiffness matrix reformations = 1
	step from line search         = 1.000000
	convergence norms :     INITIAL         CURRENT         REQUIRED
	   residual            5.075184e+01    1.946734e-04    0.000000e+00 
	   energy              1.648811e-02    1.023018e-07    1.648811e-04 
	   displacement        2.133123e-02    9.663097e-08    1.816722e-08 
 9
 Nonlinear solution status: time= 1.04667
	stiffness updates             = 8
	right hand side evaluations   = 10
	stiffness matrix reformations = 1
	step from line search         = 1.000000
	convergence norms :     INITIAL         CURRENT         REQUIRED
	   residual            5.075184e+01    5.563626e-05    0.000000e+00 
	   energy              1.648811e-02    1.608402e-08    1.648811e-04 
	   displacement        2.133123e-02    1.796175e-08    1.815875e-08 

convergence summary
    number of iterations   : 9
    number of reformations : 1

------- converged at time : 1.04667


AUTO STEPPER: increasing time step, dt = 0.00610431

MUST POINT CONTROLLER: adjusting time step. dt = 0.0033312


===== beginning time step 11 : 1.05 =====


Reforming stiffness matrix: reformation #1

 1
 Nonlinear solution status: time= 1.05
	stiffness updates             = 0
	right hand side evaluations   = 2
	stiffness matrix reformations = 1
	step from line search         = 1.000000
	convergence norms :     INITIAL         CURRENT         REQUIRED
	   residual            9.846138e+01    1.653014e-02    0.000000e+00 
	   energy              1.636548e-02    6.394476e-04    1.636548e-04 
	   displacement        6.802526e-03    6.802526e-03    6.802526e-09 
 2
 Nonlinear solution status: time= 1.05
	stiffness updates             = 1
	right hand side evaluations   = 3
	stiffness matrix reformations = 1
	step from line search         = 1.000000
	convergence norms :     INITIAL         CURRENT         REQUIRED
	   residual            9.846138e+01    1.402738e-02    0.000000e+00 
	   energy              1.636548e-02    1.735873e-05    1.636548e-04 
	   displacement        6.802526e-03    9.229555e-05    5.770105e-09 
 3
 Nonlinear solution status: time= 1.05
	stiffness updates             = 2
	right hand side evaluations   = 4
	stiffness matrix reformations = 1
	step from line search         = 1.000000
	convergence norms :     INITIAL         CURRENT         REQUIRED
	   residual            9.846138e+01    1.074895e-03    0.000000e+00 
	   energy              1.636548e-02    8.108906e-07    1.636548e-04 
	   displacement        6.802526e-03    3.190635e-06    5.828438e-09 
 4
 Nonlinear solution status: time= 1.05
	stiffness updates             = 3
	right hand side evaluations   = 5
	stiffness matrix reformations = 1
	step from line search         = 1.000000
	convergence norms :     INITIAL         CURRENT         REQUIRED
	   residual            9.846138e+01    3.208645e-04    0.000000e+00 
	   energy              1.636548e-02    1.791751e-07    1.636548e-04 
	   displacement        6.802526e-03    2.674346e-07    5.867569e-09 
 5
 Nonlinear solution status: time= 1.05
	stiffness updates             = 4
	right hand side evaluations   = 6
	stiffness matrix reformations = 1
	step from line search         = 1.000000
	convergence norms :     INITIAL         CURRENT         REQUIRED
	   residual            9.846138e+01    8.227183e-05    0.000000e+00 
	   energy              1.636548e-02    1.603804e-08    1.636548e-04 
	   displacement        6.802526e-03    3.048085e-08    5.861012e-09 
 6
 Nonlinear solution status: time= 1.05
	stiffness updates             = 5
	right hand side evaluations   = 7
	stiffness matrix reformations = 1
	step from line search         = 1.000000
	convergence norms :     INITIAL         CURRENT         REQUIRED
	   residual            9.846138e+01    7.386931e-06    0.000000e+00 
	   energy              1.636548e-02    5.362477e-09    1.636548e-04 
	   displacement        6.802526e-03    5.137853e-09    5.857273e-09 

convergence summary
    number of iterations   : 6
    number of reformations : 1

------- converged at time : 1.05


AUTO STEPPER: increasing time step, dt = 0.00688345


===== beginning time step 12 : 1.05688 =====


Reforming stiffness matrix: reformation #1

 1
 Nonlinear solution status: time= 1.05688
	stiffness updates             = 0
	right hand side evaluations   = 2
	stiffness matrix reformations = 1
	step from line search         = 1.000000
	convergence norms :     INITIAL         CURRENT         REQUIRED
	   residual            2.684499e+03    1.109227e-01    0.000000e+00 
	   energy              1.423545e-01    9.703450e-04    1.423545e-03 
	   displacement        2.545525e-02    2.545525e-02    2.545525e-08 
 2
 Nonlinear solution status: time= 1.05688
	stiffness updates             = 1
	right hand side evaluations   = 4
	stiffness matrix reformations = 1
	step from line search         = 0.620715
	convergence norms :     INITIAL         CURRENT         REQUIRED
	   residual            2.684499e+03    5.530818e-02    0.000000e+00 
	   energy              1.423545e-01    5.104790e-05    1.423545e-03 
	   displacement        2.545525e-02    2.055949e-04    2.220279e-08 
 3
 Nonlinear solution status: time= 1.05688
	stiffness updates             = 2
	right hand side evaluations   = 5
	stiffness matrix reformations = 1
	step from line search         = 1.000000
	convergence norms :     INITIAL         CURRENT         REQUIRED
	   residual            2.684499e+03    8.939470e-02    0.000000e+00 
	   energy              1.423545e-01    4.961307e-05    1.423545e-03 
	   displacement        2.545525e-02    1.053546e-04    2.011156e-08 
 4
 Nonlinear solution status: time= 1.05688
	stiffness updates             = 3
	right hand side evaluations   = 7
	stiffness matrix reformations = 1
	step from line search         = 0.323961
	convergence norms :     INITIAL         CURRENT         REQUIRED
	   residual            2.684499e+03    5.484917e-02    0.000000e+00 
	   energy              1.423545e-01    2.763221e-06    1.423545e-03 
	   displacement        2.545525e-02    3.333297e-06    2.025109e-08 
 5
 Nonlinear solution status: time= 1.05688
	stiffness updates             = 4
	right hand side evaluations   = 9
	stiffness matrix reformations = 1
	step from line search         = 0.552520
	convergence norms :     INITIAL         CURRENT         REQUIRED
	   residual            2.684499e+03    1.132734e-02    0.000000e+00 
	   energy              1.423545e-01    6.713284e-06    1.423545e-03 
	   displacement        2.545525e-02    2.462442e-05    2.130154e-08 
 6
 Nonlinear solution status: time= 1.05688
	stiffness updates             = 5
	right hand side evaluations   = 11
	stiffness matrix reformations = 1
	step from line search         = 0.605011
	convergence norms :     INITIAL         CURRENT         REQUIRED
	   residual            2.684499e+03    3.413770e-03    0.000000e+00 
	   energy              1.423545e-01    8.134160e-07    1.423545e-03 
	   displacement        2.545525e-02    1.640643e-06    2.149880e-08 
 7
 Nonlinear solution status: time= 1.05688
	stiffness updates             = 6
	right hand side evaluations   = 13
	stiffness matrix reformations = 1
	step from line search         = 0.615675
	convergence norms :     INITIAL         CURRENT         REQUIRED
	   residual            2.684499e+03    2.694758e-03    0.000000e+00 
	   energy              1.423545e-01    4.117360e-07    1.423545e-03 
	   displacement        2.545525e-02    7.933408e-07    2.143454e-08 
 8
 Nonlinear solution status: time= 1.05688
	stiffness updates             = 7
	right hand side evaluations   = 15
	stiffness matrix reformations = 1
	step from line search         = 0.629062
	convergence norms :     INITIAL         CURRENT         REQUIRED
	   residual            2.684499e+03    2.194992e-03    0.000000e+00 
	   energy              1.423545e-01    1.527347e-07    1.423545e-03 
	   displacement        2.545525e-02    4.596702e-07    2.132892e-08 
 9
 Nonlinear solution status: time= 1.05688
	stiffness updates             = 8
	right hand side evaluations   = 16
	stiffness matrix reformations = 1
	step from line search         = 1.000000
	convergence norms :     INITIAL         CURRENT         REQUIRED
	   residual            2.684499e+03    2.327019e-03    0.000000e+00 
	   energy              1.423545e-01    5.735471e-07    1.423545e-03 
	   displacement        2.545525e-02    4.779421e-07    2.126218e-08 
 10
 Nonlinear solution status: time= 1.05688
	stiffness updates             = 9
	right hand side evaluations   = 17
	stiffness matrix reformations = 1
	step from line search         = 1.000000
	convergence norms :     INITIAL         CURRENT         REQUIRED
	   residual            2.684499e+03    1.168167e-03    0.000000e+00 
	   energy              1.423545e-01    3.347101e-07    1.423545e-03 
	   displacement        2.545525e-02    2.342886e-07    2.133312e-08 

 *************************************************************************
 *                               WARNING                                 *
 * Max nr of iterations reached.                                         *
 * Stiffness matrix will now be reformed.                                *
 *************************************************************************
Reforming stiffness matrix: reformation #2

 11
 Nonlinear solution status: time= 1.05688
	stiffness updates             = 0
	right hand side evaluations   = 18
	stiffness matrix reformations = 2
	step from line search         = 1.000000
	convergence norms :     INITIAL         CURRENT         REQUIRED
	   residual            2.684499e+03    1.496165e-04    0.000000e+00 
	   energy              1.423545e-01    1.366707e-09    1.423545e-03 
	   displacement        2.545525e-02    2.170175e-07    2.136834e-08 
 12
 Nonlinear solution status: time= 1.05688
	stiffness updates             = 1
	right hand side evaluations   = 19
	stiffness matrix reformations = 2
	step from line search         = 1.000000
	convergence norms :     INITIAL         CURRENT         REQUIRED
	   residual            2.684499e+03    1.495914e-06    0.000000e+00 
	   energy              1.423545e-01    8.698877e-10    1.423545e-03 
	   displacement        2.545525e-02    1.725066e-09    2.136454e-08 

convergence summary
    number of iterations   : 12
    number of reformations : 2

------- converged at time : 1.05688


AUTO STEPPER: decreasing time step, dt = 0.0065904


===== beginning time step 13 : 1.06347 =====


Reforming stiffness matrix: reformation #1

 1
 Nonlinear solution status: time= 1.06347
	stiffness updates             = 0
	right hand side evaluations   = 2
	stiffness matrix reformations = 1
	step from line search         = 1.000000
	convergence norms :     INITIAL         CURRENT         REQUIRED
	   residual            7.400998e+03    1.224982e-01    0.000000e+00 
	   energy              4.031789e-01    9.420446e-04    4.031789e-03 
	   displacement        2.230703e-02    2.230703e-02    2.230703e-08 
 2
 Nonlinear solution status: time= 1.06347
	stiffness updates             = 1
	right hand side evaluations   = 4
	stiffness matrix reformations = 1
	step from line search         = 0.602341
	convergence norms :     INITIAL         CURRENT         REQUIRED
	   residual            7.400998e+03    8.584753e-02    0.000000e+00 
	   energy              4.031789e-01    1.105955e-04    4.031789e-03 
	   displacement        2.230703e-02    2.628911e-04    1.940779e-08 
 3
 Nonlinear solution status: time= 1.06347
	stiffness updates             = 2
	right hand side evaluations   = 5
	stiffness matrix reformations = 1
	step from line search         = 1.000000
	convergence norms :     INITIAL         CURRENT         REQUIRED
	   residual            7.400998e+03    4.563094e-02    0.000000e+00 
	   energy              4.031789e-01    2.455001e-05    4.031789e-03 
	   displacement        2.230703e-02    1.047549e-04    1.786872e-08 
 4
 Nonlinear solution status: time= 1.06347
	stiffness updates             = 3
	right hand side evaluations   = 7
	stiffness matrix reformations = 1
	step from line search         = 0.583951
	convergence norms :     INITIAL         CURRENT         REQUIRED
	   residual            7.400998e+03    2.351093e-02    0.000000e+00 
	   energy              4.031789e-01    5.175313e-06    4.031789e-03 
	   displacement        2.230703e-02    1.144218e-05    1.821601e-08 
 5
 Nonlinear solution status: time= 1.06347
	stiffness updates             = 4
	right hand side evaluations   = 9
	stiffness matrix reformations = 1
	step from line search         = 0.581783
	convergence norms :     INITIAL         CURRENT         REQUIRED
	   residual            7.400998e+03    9.279678e-03    0.000000e+00 
	   energy              4.031789e-01    2.402914e-06    4.031789e-03 
	   displacement        2.230703e-02    7.885479e-06    1.876628e-08 
 6
 Nonlinear solution status: time= 1.06347
	stiffness updates             = 5
	right hand side evaluations   = 11
	stiffness matrix reformations = 1
	step from line search         = 0.572954
	convergence norms :     INITIAL         CURRENT         REQUIRED
	   residual            7.400998e+03    6.168678e-03    0.000000e+00 
	   energy              4.031789e-01    1.031374e-06    4.031789e-03 
	   displacement        2.230703e-02    1.779173e-06    1.899617e-08 
 7
 Nonlinear solution status: time= 1.06347
	stiffness updates             = 6
	right hand side evaluations   = 13
	stiffness matrix reformations = 1
	step from line search         = 0.576651
	convergence norms :     INITIAL         CURRENT         REQUIRED
	   residual            7.400998e+03    3.193365e-03    0.000000e+00 
	   energy              4.031789e-01    6.664678e-07    4.031789e-03 
	   displacement        2.230703e-02    4.614992e-07    1.897967e-08 
 8
 Nonlinear solution status: time= 1.06347
	stiffness updates             = 7
	right hand side evaluations   = 15
	stiffness matrix reformations = 1
	step from line search         = 0.621336
	convergence norms :     INITIAL         CURRENT         REQUIRED
	   residual            7.400998e+03    1.523558e-03    0.000000e+00 
	   energy              4.031789e-01    1.729375e-07    4.031789e-03 
	   displacement        2.230703e-02    6.884370e-07    1.886613e-08 
 9
 Nonlinear solution status: time= 1.06347
	stiffness updates             = 8
	right hand side evaluations   = 17
	stiffness matrix reformations = 1
	step from line search         = 0.592228
	convergence norms :     INITIAL         CURRENT         REQUIRED
	   residual            7.400998e+03    9.480539e-04    0.000000e+00 
	   energy              4.031789e-01    1.451678e-07    4.031789e-03 
	   displacement        2.230703e-02    3.757761e-07    1.880978e-08 
 10
 Nonlinear solution status: time= 1.06347
	stiffness updates             = 9
	right hand side evaluations   = 19
	stiffness matrix reformations = 1
	step from line search         = 0.594153
	convergence norms :     INITIAL         CURRENT         REQUIRED
	   residual            7.400998e+03    3.906739e-04    0.000000e+00 
	   energy              4.031789e-01    7.151559e-08    4.031789e-03 
	   displacement        2.230703e-02    1.235029e-07    1.883227e-08 

 *************************************************************************
 *                               WARNING                                 *
 * Max nr of iterations reached.                                         *
 * Stiffness matrix will now be reformed.                                *
 *************************************************************************
Reforming stiffness matrix: reformation #2

 11
 Nonlinear solution status: time= 1.06347
	stiffness updates             = 0
	right hand side evaluations   = 20
	stiffness matrix reformations = 2
	step from line search         = 1.000000
	convergence norms :     INITIAL         CURRENT         REQUIRED
	   residual            7.400998e+03    1.894448e-05    0.000000e+00 
	   energy              4.031789e-01    1.456273e-09    4.031789e-03 
	   displacement        2.230703e-02    1.840173e-07    1.889523e-08 
 12
 Nonlinear solution status: time= 1.06347
	stiffness updates             = 1
	right hand side evaluations   = 21
	stiffness matrix reformations = 2
	step from line search         = 1.000000
	convergence norms :     INITIAL         CURRENT         REQUIRED
	   residual            7.400998e+03    1.175171e-06    0.000000e+00 
	   energy              4.031789e-01    6.106526e-10    4.031789e-03 
	   displacement        2.230703e-02    2.211121e-09    1.888782e-08 

convergence summary
    number of iterations   : 12
    number of reformations : 2

------- converged at time : 1.06347


AUTO STEPPER: decreasing time step, dt = 0.00630983


===== beginning time step 14 : 1.06978 =====


Reforming stiffness matrix: reformation #1

 1
 Nonlinear solution status: time= 1.06978
	stiffness updates             = 0
	right hand side evaluations   = 2
	stiffness matrix reformations = 1
	step from line search         = 1.000000
	convergence norms :     INITIAL         CURRENT         REQUIRED
	   residual            1.280022e+04    1.915324e-01    0.000000e+00 
	   energy              7.542089e-01    1.233453e-03    7.542089e-03 
	   displacement        2.365633e-02    2.365633e-02    2.365633e-08 
 2
 Nonlinear solution status: time= 1.06978
	stiffness updates             = 1
	right hand side evaluations   = 4
	stiffness matrix reformations = 1
	step from line search         = 0.553672
	convergence norms :     INITIAL         CURRENT         REQUIRED
	   residual            1.280022e+04    2.043768e-01    0.000000e+00 
	   energy              7.542089e-01    2.530977e-04    7.542089e-03 
	   displacement        2.365633e-02    4.746171e-04    2.046793e-08 
 3

 *************************************************************************
 *                                ERROR                                  *
 * Negative jacobian detected.                                           *
 *************************************************************************


------- failed to converge at time : 1.06978

Retrying time step. Retry attempt 1 of max 20


AUTO STEPPER: retry step, dt = 0.00600936


===== beginning time step 14 : 1.06948 =====


Reforming stiffness matrix: reformation #1

 1
 Nonlinear solution status: time= 1.06948
	stiffness updates             = 0
	right hand side evaluations   = 2
	stiffness matrix reformations = 1
	step from line search         = 1.000000
	convergence norms :     INITIAL         CURRENT         REQUIRED
	   residual            1.145534e+04    1.582552e-01    0.000000e+00 
	   energy              6.759681e-01    1.138416e-03    6.759681e-03 
	   displacement        2.142230e-02    2.142230e-02    2.142230e-08 
 2
 Nonlinear solution status: time= 1.06948
	stiffness updates             = 1
	right hand side evaluations   = 4
	stiffness matrix reformations = 1
	step from line search         = 0.574752
	convergence norms :     INITIAL         CURRENT         REQUIRED
	   residual            1.145534e+04    1.491483e-01    0.000000e+00 
	   energy              6.759681e-01    1.951602e-04    6.759681e-03 
	   displacement        2.142230e-02    3.805496e-04    1.854727e-08 
 3

 *************************************************************************
 *                                ERROR                                  *
 * Negative jacobian detected.                                           *
 *************************************************************************


------- failed to converge at time : 1.06948

Retrying time step. Retry attempt 2 of max 20


AUTO STEPPER: retry step, dt = 0.00570889


===== beginning time step 14 : 1.06918 =====


Reforming stiffness matrix: reformation #1

 1
 Nonlinear solution status: time= 1.06918
	stiffness updates             = 0
	right hand side evaluations   = 2
	stiffness matrix reformations = 1
	step from line search         = 1.000000
	convergence norms :     INITIAL         CURRENT         REQUIRED
	   residual            1.018508e+04    1.296620e-01    0.000000e+00 
	   energy              6.020629e-01    1.052613e-03    6.020629e-03 
	   displacement        1.929588e-02    1.929588e-02    1.929588e-08 
 2
 Nonlinear solution status: time= 1.06918
	stiffness updates             = 1
	right hand side evaluations   = 4
	stiffness matrix reformations = 1
	step from line search         = 0.591478
	convergence norms :     INITIAL         CURRENT         REQUIRED
	   residual            1.018508e+04    1.051373e-01    0.000000e+00 
	   energy              6.020629e-01    1.442082e-04    6.020629e-03 
	   displacement        1.929588e-02    2.996354e-04    1.673391e-08 
 3
 Nonlinear solution status: time= 1.06918
	stiffness updates             = 2
	right hand side evaluations   = 6
	stiffness matrix reformations = 1
	step from line search         = 0.224409
	convergence norms :     INITIAL         CURRENT         REQUIRED
	   residual            1.018508e+04    5.364022e-02    0.000000e+00 
	   energy              6.020629e-01    1.273728e-05    6.020629e-03 
	   displacement        1.929588e-02    5.848480e-06    1.647461e-08 
 4
 Nonlinear solution status: time= 1.06918
	stiffness updates             = 3
	right hand side evaluations   = 8
	stiffness matrix reformations = 1
	step from line search         = 0.224439
	convergence norms :     INITIAL         CURRENT         REQUIRED
	   residual            1.018508e+04    2.449191e-02    0.000000e+00 
	   energy              6.020629e-01    7.667948e-06    6.020629e-03 
	   displacement        1.929588e-02    3.241549e-05    1.605067e-08 
 5
 Nonlinear solution status: time= 1.06918
	stiffness updates             = 4
	right hand side evaluations   = 10
	stiffness matrix reformations = 1
	step from line search         = 0.521130
	convergence norms :     INITIAL         CURRENT         REQUIRED
	   residual            1.018508e+04    1.728544e-02    0.000000e+00 
	   energy              6.020629e-01    4.891853e-06    6.020629e-03 
	   displacement        1.929588e-02    1.550666e-05    1.623207e-08 
 6
 Nonlinear solution status: time= 1.06918
	stiffness updates             = 5
	right hand side evaluations   = 12
	stiffness matrix reformations = 1
	step from line search         = 0.606891
	convergence norms :     INITIAL         CURRENT         REQUIRED
	   residual            1.018508e+04    8.283315e-03    0.000000e+00 
	   energy              6.020629e-01    1.070568e-06    6.020629e-03 
	   displacement        1.929588e-02    2.538407e-06    1.644212e-08 
 7
 Nonlinear solution status: time= 1.06918
	stiffness updates             = 6
	right hand side evaluations   = 13
	stiffness matrix reformations = 1
	step from line search         = 1.000000
	convergence norms :     INITIAL         CURRENT         REQUIRED
	   residual            1.018508e+04    7.818117e-03    0.000000e+00 
	   energy              6.020629e-01    2.585201e-06    6.020629e-03 
	   displacement        1.929588e-02    1.203966e-06    1.660333e-08 
 8
 Nonlinear solution status: time= 1.06918
	stiffness updates             = 7
	right hand side evaluations   = 14
	stiffness matrix reformations = 1
	step from line search         = 1.000000
	convergence norms :     INITIAL         CURRENT         REQUIRED
	   residual            1.018508e+04    6.351878e-03    0.000000e+00 
	   energy              6.020629e-01    1.827328e-06    6.020629e-03 
	   displacement        1.929588e-02    1.073060e-06    1.655965e-08 
 9
 Nonlinear solution status: time= 1.06918
	stiffness updates             = 8
	right hand side evaluations   = 15
	stiffness matrix reformations = 1
	step from line search         = 1.000000
	convergence norms :     INITIAL         CURRENT         REQUIRED
	   residual            1.018508e+04    5.799248e-03    0.000000e+00 
	   energy              6.020629e-01    2.002700e-06    6.020629e-03 
	   displacement        1.929588e-02    9.453501e-07    1.647542e-08 
 10
 Nonlinear solution status: time= 1.06918
	stiffness updates             = 9
	right hand side evaluations   = 16
	stiffness matrix reformations = 1
	step from line search         = 1.000000
	convergence norms :     INITIAL         CURRENT         REQUIRED
	   residual            1.018508e+04    3.281368e-03    0.000000e+00 
	   energy              6.020629e-01    1.274103e-06    6.020629e-03 
	   displacement        1.929588e-02    5.770665e-07    1.651594e-08 

 *************************************************************************
 *                               WARNING                                 *
 * Max nr of iterations reached.                                         *
 * Stiffness matrix will now be reformed.                                *
 *************************************************************************
Reforming stiffness matrix: reformation #2

 11
 Nonlinear solution status: time= 1.06918
	stiffness updates             = 0
	right hand side evaluations   = 17
	stiffness matrix reformations = 2
	step from line search         = 1.000000
	convergence norms :     INITIAL         CURRENT         REQUIRED
	   residual            1.018508e+04    2.790393e-03    0.000000e+00 
	   energy              6.020629e-01    8.442448e-07    6.020629e-03 
	   displacement        1.929588e-02    5.800619e-07    1.656016e-08 
 12
 Nonlinear solution status: time= 1.06918
	stiffness updates             = 1
	right hand side evaluations   = 19
	stiffness matrix reformations = 2
	step from line search         = 0.115202
	convergence norms :     INITIAL         CURRENT         REQUIRED
	   residual            1.018508e+04    9.697695e-04    0.000000e+00 
	   energy              6.020629e-01    2.811183e-07    6.020629e-03 
	   displacement        1.929588e-02    2.168450e-07    1.658690e-08 
 13
 Nonlinear solution status: time= 1.06918
	stiffness updates             = 2
	right hand side evaluations   = 20
	stiffness matrix reformations = 2
	step from line search         = 1.000000
	convergence norms :     INITIAL         CURRENT         REQUIRED
	   residual            1.018508e+04    3.600021e-05    0.000000e+00 
	   energy              6.020629e-01    6.392181e-08    6.020629e-03 
	   displacement        1.929588e-02    1.936032e-07    1.655151e-08 
 14
 Nonlinear solution status: time= 1.06918
	stiffness updates             = 3
	right hand side evaluations   = 21
	stiffness matrix reformations = 2
	step from line search         = 1.000000
	convergence norms :     INITIAL         CURRENT         REQUIRED
	   residual            1.018508e+04    1.700487e-06    0.000000e+00 
	   energy              6.020629e-01    5.158256e-10    6.020629e-03 
	   displacement        1.929588e-02    1.098160e-08    1.655505e-08 

convergence summary
    number of iterations   : 14
    number of reformations : 2

------- converged at time : 1.06918


AUTO STEPPER: decreasing time step, dt = 0.00506039


===== beginning time step 15 : 1.07424 =====


Reforming stiffness matrix: reformation #1

 1
 Nonlinear solution status: time= 1.07424
	stiffness updates             = 0
	right hand side evaluations   = 2
	stiffness matrix reformations = 1
	step from line search         = 1.000000
	convergence norms :     INITIAL         CURRENT         REQUIRED
	   residual            1.155738e+04    1.664559e-01    0.000000e+00 
	   energy              7.414794e-01    1.158493e-03    7.414794e-03 
	   displacement        1.920706e-02    1.920706e-02    1.920706e-08 
 2
 Nonlinear solution status: time= 1.07424
	stiffness updates             = 1
	right hand side evaluations   = 4
	stiffness matrix reformations = 1
	step from line search         = 0.171318
	convergence norms :     INITIAL         CURRENT         REQUIRED
	   residual            1.155738e+04    5.451106e-02    0.000000e+00 
	   energy              7.414794e-01    3.783957e-05    7.414794e-03 
	   displacement        1.920706e-02    3.199987e-05    1.836615e-08 
 3

 *************************************************************************
 *                                ERROR                                  *
 * Negative jacobian detected.                                           *
 *************************************************************************


------- failed to converge at time : 1.07424

Retrying time step. Retry attempt 1 of max 20


AUTO STEPPER: retry step, dt = 0.00481942


===== beginning time step 15 : 1.074 =====


Reforming stiffness matrix: reformation #1

 1
 Nonlinear solution status: time= 1.074
	stiffness updates             = 0
	right hand side evaluations   = 2
	stiffness matrix reformations = 1
	step from line search         = 1.000000
	convergence norms :     INITIAL         CURRENT         REQUIRED
	   residual            1.036784e+04    1.386922e-01    0.000000e+00 
	   energy              6.662723e-01    1.079604e-03    6.662723e-03 
	   displacement        1.734865e-02    1.734865e-02    1.734865e-08 
 2
 Nonlinear solution status: time= 1.074
	stiffness updates             = 1
	right hand side evaluations   = 4
	stiffness matrix reformations = 1
	step from line search         = 0.266506
	convergence norms :     INITIAL         CURRENT         REQUIRED
	   residual            1.036784e+04    6.953283e-02    0.000000e+00 
	   energy              6.662723e-01    5.707620e-06    6.662723e-03 
	   displacement        1.734865e-02    5.912591e-05    1.623861e-08 
 3

 *************************************************************************
 *                                ERROR                                  *
 * Negative jacobian detected.                                           *
 *************************************************************************


------- failed to converge at time : 1.074

Retrying time step. Retry attempt 2 of max 20


AUTO STEPPER: retry step, dt = 0.00457845


===== beginning time step 15 : 1.07376 =====


Reforming stiffness matrix: reformation #1

 1
 Nonlinear solution status: time= 1.07376
	stiffness updates             = 0
	right hand side evaluations   = 2
	stiffness matrix reformations = 1
	step from line search         = 1.000000
	convergence norms :     INITIAL         CURRENT         REQUIRED
	   residual            9.296723e+03    1.149724e-01    0.000000e+00 
	   energy              5.985387e-01    1.010186e-03    5.985387e-03 
	   displacement        1.560787e-02    1.560787e-02    1.560787e-08 
 2
 Nonlinear solution status: time= 1.07376
	stiffness updates             = 1
	right hand side evaluations   = 4
	stiffness matrix reformations = 1
	step from line search         = 0.330817
	convergence norms :     INITIAL         CURRENT         REQUIRED
	   residual            9.296723e+03    8.306697e-02    0.000000e+00 
	   energy              5.985387e-01    1.571208e-05    5.985387e-03 
	   displacement        1.560787e-02    6.981515e-05    1.442951e-08 
 3

 *************************************************************************
 *                                ERROR                                  *
 * 4 negative jacobians detected.                                        *
 *************************************************************************


------- failed to converge at time : 1.07376

Retrying time step. Retry attempt 3 of max 20


AUTO STEPPER: retry step, dt = 0.00433748


===== beginning time step 15 : 1.07352 =====


Reforming stiffness matrix: reformation #1

 1
 Nonlinear solution status: time= 1.07352
	stiffness updates             = 0
	right hand side evaluations   = 2
	stiffness matrix reformations = 1
	step from line search         = 1.000000
	convergence norms :     INITIAL         CURRENT         REQUIRED
	   residual            8.283993e+03    9.474517e-02    0.000000e+00 
	   energy              5.344903e-01    9.471724e-04    5.344903e-03 
	   displacement        1.396111e-02    1.396111e-02    1.396111e-08 
 2
 Nonlinear solution status: time= 1.07352
	stiffness updates             = 1
	right hand side evaluations   = 4
	stiffness matrix reformations = 1
	step from line search         = 0.378338
	convergence norms :     INITIAL         CURRENT         REQUIRED
	   residual            8.283993e+03    8.201548e-02    0.000000e+00 
	   energy              5.344903e-01    2.187075e-05    5.344903e-03 
	   displacement        1.396111e-02    7.027948e-05    1.280658e-08 
 3

 *************************************************************************
 *                                ERROR                                  *
 * 4 negative jacobians detected.                                        *
 *************************************************************************


------- failed to converge at time : 1.07352

Retrying time step. Retry attempt 4 of max 20


AUTO STEPPER: retry step, dt = 0.00409651


===== beginning time step 15 : 1.07328 =====


Reforming stiffness matrix: reformation #1

 1
 Nonlinear solution status: time= 1.07328
	stiffness updates             = 0
	right hand side evaluations   = 2
	stiffness matrix reformations = 1
	step from line search         = 1.000000
	convergence norms :     INITIAL         CURRENT         REQUIRED
	   residual            7.329653e+03    7.766199e-02    0.000000e+00 
	   energy              4.741272e-01    8.899963e-04    4.741272e-03 
	   displacement        1.240841e-02    1.240841e-02    1.240841e-08 
 2
 Nonlinear solution status: time= 1.07328
	stiffness updates             = 1
	right hand side evaluations   = 4
	stiffness matrix reformations = 1
	step from line search         = 0.418098
	convergence norms :     INITIAL         CURRENT         REQUIRED
	   residual            7.329653e+03    7.344292e-02    0.000000e+00 
	   energy              4.741272e-01    2.009877e-05    4.741272e-03 
	   displacement        1.240841e-02    6.652366e-05    1.131651e-08 
 3

 *************************************************************************
 *                                ERROR                                  *
 * 3 negative jacobians detected.                                        *
 *************************************************************************


------- failed to converge at time : 1.07328

Retrying time step. Retry attempt 5 of max 20


AUTO STEPPER: retry step, dt = 0.00385554


===== beginning time step 15 : 1.07304 =====


Reforming stiffness matrix: reformation #1

 1
 Nonlinear solution status: time= 1.07304
	stiffness updates             = 0
	right hand side evaluations   = 2
	stiffness matrix reformations = 1
	step from line search         = 1.000000
	convergence norms :     INITIAL         CURRENT         REQUIRED
	   residual            6.433702e+03    6.339132e-02    0.000000e+00 
	   energy              4.174493e-01    8.381356e-04    4.174493e-03 
	   displacement        1.094972e-02    1.094972e-02    1.094972e-08 
 2
 Nonlinear solution status: time= 1.07304
	stiffness updates             = 1
	right hand side evaluations   = 4
	stiffness matrix reformations = 1
	step from line search         = 0.455075
	convergence norms :     INITIAL         CURRENT         REQUIRED
	   residual            6.433702e+03    6.257107e-02    0.000000e+00 
	   energy              4.174493e-01    1.555640e-05    4.174493e-03 
	   displacement        1.094972e-02    6.167828e-05    9.935386e-09 
 3

 *************************************************************************
 *                                ERROR                                  *
 * Negative jacobian detected.                                           *
 *************************************************************************


------- failed to converge at time : 1.07304

Retrying time step. Retry attempt 6 of max 20


AUTO STEPPER: retry step, dt = 0.00361457


===== beginning time step 15 : 1.0728 =====


Reforming stiffness matrix: reformation #1

 1
 Nonlinear solution status: time= 1.0728
	stiffness updates             = 0
	right hand side evaluations   = 2
	stiffness matrix reformations = 1
	step from line search         = 1.000000
	convergence norms :     INITIAL         CURRENT         REQUIRED
	   residual            5.596140e+03    5.161982e-02    0.000000e+00 
	   energy              3.644568e-01    7.911196e-04    3.644568e-03 
	   displacement        9.584927e-03    9.584927e-03    9.584927e-09 
 2
 Nonlinear solution status: time= 1.0728
	stiffness updates             = 1
	right hand side evaluations   = 4
	stiffness matrix reformations = 1
	step from line search         = 0.492534
	convergence norms :     INITIAL         CURRENT         REQUIRED
	   residual            5.596140e+03    5.214144e-02    0.000000e+00 
	   energy              3.644568e-01    1.090361e-05    3.644568e-03 
	   displacement        9.584927e-03    5.721745e-05    8.651653e-09 
 3

 *************************************************************************
 *                                ERROR                                  *
 * Negative jacobian detected.                                           *
 *************************************************************************


------- failed to converge at time : 1.0728

Retrying time step. Retry attempt 7 of max 20


AUTO STEPPER: retry step, dt = 0.0033736


===== beginning time step 15 : 1.07256 =====


Reforming stiffness matrix: reformation #1

 1
 Nonlinear solution status: time= 1.07256
	stiffness updates             = 0
	right hand side evaluations   = 2
	stiffness matrix reformations = 1
	step from line search         = 1.000000
	convergence norms :     INITIAL         CURRENT         REQUIRED
	   residual            4.816968e+03    4.205407e-02    0.000000e+00 
	   energy              3.151495e-01    7.485345e-04    3.151495e-03 
	   displacement        8.313787e-03    8.313787e-03    8.313787e-09 
 2
 Nonlinear solution status: time= 1.07256
	stiffness updates             = 1
	right hand side evaluations   = 4
	stiffness matrix reformations = 1
	step from line search         = 0.532544
	convergence norms :     INITIAL         CURRENT         REQUIRED
	   residual            4.816968e+03    4.321304e-02    0.000000e+00 
	   energy              3.151495e-01    7.203635e-06    3.151495e-03 
	   displacement        8.313787e-03    5.367705e-05    7.460355e-09 
 3

 *************************************************************************
 *                                ERROR                                  *
 * Negative jacobian detected.                                           *
 *************************************************************************


------- failed to converge at time : 1.07256

Retrying time step. Retry attempt 8 of max 20


AUTO STEPPER: retry step, dt = 0.00313262


===== beginning time step 15 : 1.07232 =====


Reforming stiffness matrix: reformation #1

 1
 Nonlinear solution status: time= 1.07232
	stiffness updates             = 0
	right hand side evaluations   = 2
	stiffness matrix reformations = 1
	step from line search         = 1.000000
	convergence norms :     INITIAL         CURRENT         REQUIRED
	   residual            4.096186e+03    3.442264e-02    0.000000e+00 
	   energy              2.695277e-01    7.100321e-04    2.695277e-03 
	   displacement        7.135971e-03    7.135971e-03    7.135971e-09 
 2
 Nonlinear solution status: time= 1.07232
	stiffness updates             = 1
	right hand side evaluations   = 4
	stiffness matrix reformations = 1
	step from line search         = 0.576015
	convergence norms :     INITIAL         CURRENT         REQUIRED
	   residual            4.096186e+03    3.589087e-02    0.000000e+00 
	   energy              2.695277e-01    4.704131e-06    2.695277e-03 
	   displacement        7.135971e-03    5.106963e-05    6.360272e-09 
 3

 *************************************************************************
 *                                ERROR                                  *
 * Negative jacobian detected.                                           *
 *************************************************************************


------- failed to converge at time : 1.07232

Retrying time step. Retry attempt 9 of max 20


AUTO STEPPER: retry step, dt = 0.00289165


===== beginning time step 15 : 1.07207 =====


Reforming stiffness matrix: reformation #1

 1
 Nonlinear solution status: time= 1.07207
	stiffness updates             = 0
	right hand side evaluations   = 2
	stiffness matrix reformations = 1
	step from line search         = 1.000000
	convergence norms :     INITIAL         CURRENT         REQUIRED
	   residual            3.462572e+03    2.841033e-02    0.000000e+00 
	   energy              2.294064e-01    6.765310e-04    2.294064e-03 
	   displacement        6.058547e-03    6.058547e-03    6.058547e-09 
 2
 Nonlinear solution status: time= 1.07207
	stiffness updates             = 1
	right hand side evaluations   = 4
	stiffness matrix reformations = 1
	step from line search         = 0.629970
	convergence norms :     INITIAL         CURRENT         REQUIRED
	   residual            3.462572e+03    2.942466e-02    0.000000e+00 
	   energy              2.294064e-01    3.695306e-06    2.294064e-03 
	   displacement        6.058547e-03    5.024379e-05    5.351498e-09 
 3

 *************************************************************************
 *                                ERROR                                  *
 * Negative jacobian detected.                                           *
 *************************************************************************


------- failed to converge at time : 1.07207

Retrying time step. Retry attempt 10 of max 20


AUTO STEPPER: retry step, dt = 0.00265068


===== beginning time step 15 : 1.07183 =====


Reforming stiffness matrix: reformation #1

 1
 Nonlinear solution status: time= 1.07183
	stiffness updates             = 0
	right hand side evaluations   = 2
	stiffness matrix reformations = 1
	step from line search         = 1.000000
	convergence norms :     INITIAL         CURRENT         REQUIRED
	   residual            2.893302e+03    2.383327e-02    0.000000e+00 
	   energy              1.933458e-01    6.469837e-04    1.933458e-03 
	   displacement        5.073938e-03    5.073938e-03    5.073938e-09 
 2
 Nonlinear solution status: time= 1.07183
	stiffness updates             = 1
	right hand side evaluations   = 3
	stiffness matrix reformations = 1
	step from line search         = 1.000000
	convergence norms :     INITIAL         CURRENT         REQUIRED
	   residual            2.893302e+03    9.724629e-02    0.000000e+00 
	   energy              1.933458e-01    8.842603e-05    1.933458e-03 
	   displacement        5.073938e-03    1.050754e-04    4.180697e-09 
 3

 *************************************************************************
 *                                ERROR                                  *
 * Negative jacobian detected.                                           *
 *************************************************************************


------- failed to converge at time : 1.07183

Retrying time step. Retry attempt 11 of max 20


AUTO STEPPER: retry step, dt = 0.00240971


===== beginning time step 15 : 1.07159 =====


Reforming stiffness matrix: reformation #1

 1
 Nonlinear solution status: time= 1.07159
	stiffness updates             = 0
	right hand side evaluations   = 2
	stiffness matrix reformations = 1
	step from line search         = 1.000000
	convergence norms :     INITIAL         CURRENT         REQUIRED
	   residual            2.375133e+03    2.054582e-02    0.000000e+00 
	   energy              1.605106e-01    6.208109e-04    1.605106e-03 
	   displacement        4.178163e-03    4.178163e-03    4.178163e-09 
 2
 Nonlinear solution status: time= 1.07159
	stiffness updates             = 1
	right hand side evaluations   = 3
	stiffness matrix reformations = 1
	step from line search         = 1.000000
	convergence norms :     INITIAL         CURRENT         REQUIRED
	   residual            2.375133e+03    5.974689e-02    0.000000e+00 
	   energy              1.605106e-01    6.142128e-05    1.605106e-03 
	   displacement        4.178163e-03    8.769542e-05    3.446160e-09 
 3

 *************************************************************************
 *                                ERROR                                  *
 * Negative jacobian detected.                                           *
 *************************************************************************


------- failed to converge at time : 1.07159

Retrying time step. Retry attempt 12 of max 20


AUTO STEPPER: retry step, dt = 0.00216874


===== beginning time step 15 : 1.07135 =====


Reforming stiffness matrix: reformation #1

 1
 Nonlinear solution status: time= 1.07135
	stiffness updates             = 0
	right hand side evaluations   = 2
	stiffness matrix reformations = 1
	step from line search         = 1.000000
	convergence norms :     INITIAL         CURRENT         REQUIRED
	   residual            1.908067e+03    1.842231e-02    0.000000e+00 
	   energy              1.309010e-01    5.981278e-04    1.309010e-03 
	   displacement        3.370846e-03    3.370846e-03    3.370846e-09 
 2
 Nonlinear solution status: time= 1.07135
	stiffness updates             = 1
	right hand side evaluations   = 3
	stiffness matrix reformations = 1
	step from line search         = 1.000000
	convergence norms :     INITIAL         CURRENT         REQUIRED
	   residual            1.908067e+03    3.547909e-02    0.000000e+00 
	   energy              1.309010e-01    4.627432e-05    1.309010e-03 
	   displacement        3.370846e-03    7.324025e-05    2.781128e-09 
 3
 Nonlinear solution status: time= 1.07135
	stiffness updates             = 2
	right hand side evaluations   = 5
	stiffness matrix reformations = 1
	step from line search         = 0.070128
	convergence norms :     INITIAL         CURRENT         REQUIRED
	   residual            1.908067e+03    1.436070e-02    0.000000e+00 
	   energy              1.309010e-01    1.606094e-07    1.309010e-03 
	   displacement        3.370846e-03    1.752894e-07    2.776475e-09 
 4
 Nonlinear solution status: time= 1.07135
	stiffness updates             = 3
	right hand side evaluations   = 6
	stiffness matrix reformations = 1
	step from line search         = 1.000000
	convergence norms :     INITIAL         CURRENT         REQUIRED
	   residual            1.908067e+03    1.964876e-03    0.000000e+00 
	   energy              1.309010e-01    4.601745e-06    1.309010e-03 
	   displacement        3.370846e-03    7.797924e-06    2.920630e-09 
 5
 Nonlinear solution status: time= 1.07135
	stiffness updates             = 4
	right hand side evaluations   = 7
	stiffness matrix reformations = 1
	step from line search         = 1.000000
	convergence norms :     INITIAL         CURRENT         REQUIRED
	   residual            1.908067e+03    1.344559e-04    0.000000e+00 
	   energy              1.309010e-01    1.674465e-07    1.309010e-03 
	   displacement        3.370846e-03    4.898904e-07    2.896911e-09 
 6
 Nonlinear solution status: time= 1.07135
	stiffness updates             = 5
	right hand side evaluations   = 8
	stiffness matrix reformations = 1
	step from line search         = 1.000000
	convergence norms :     INITIAL         CURRENT         REQUIRED
	   residual            1.908067e+03    3.615577e-05    0.000000e+00 
	   energy              1.309010e-01    1.967070e-08    1.309010e-03 
	   displacement        3.370846e-03    3.791823e-08    2.891201e-09 
 7
 Nonlinear solution status: time= 1.07135
	stiffness updates             = 6
	right hand side evaluations   = 9
	stiffness matrix reformations = 1
	step from line search         = 1.000000
	convergence norms :     INITIAL         CURRENT         REQUIRED
	   residual            1.908067e+03    4.800960e-06    0.000000e+00 
	   energy              1.309010e-01    9.008962e-09    1.309010e-03 
	   displacement        3.370846e-03    3.641849e-09    2.893705e-09 
 8
 Nonlinear solution status: time= 1.07135
	stiffness updates             = 7
	right hand side evaluations   = 10
	stiffness matrix reformations = 1
	step from line search         = 1.000000
	convergence norms :     INITIAL         CURRENT         REQUIRED
	   residual            1.908067e+03    2.205955e-05    0.000000e+00 
	   energy              1.309010e-01    9.825835e-09    1.309010e-03 
	   displacement        3.370846e-03    7.823252e-09    2.896895e-09 
 9
 Nonlinear solution status: time= 1.07135
	stiffness updates             = 8
	right hand side evaluations   = 11
	stiffness matrix reformations = 1
	step from line search         = 1.000000
	convergence norms :     INITIAL         CURRENT         REQUIRED
	   residual            1.908067e+03    1.209835e-04    0.000000e+00 
	   energy              1.309010e-01    5.894119e-10    1.309010e-03 
	   displacement        3.370846e-03    8.830181e-09    2.897191e-09 
 10
 Nonlinear solution status: time= 1.07135
	stiffness updates             = 9
	right hand side evaluations   = 12
	stiffness matrix reformations = 1
	step from line search         = 1.000000
	convergence norms :     INITIAL         CURRENT         REQUIRED
	   residual            1.908067e+03    5.257902e-05    0.000000e+00 
	   energy              1.309010e-01    6.067025e-09    1.309010e-03 
	   displacement        3.370846e-03    1.686659e-09    2.895996e-09 

convergence summary
    number of iterations   : 10
    number of reformations : 1

------- converged at time : 1.07135


AUTO STEPPER: increasing time step, dt = 0.00255097


===== beginning time step 16 : 1.0739 =====


Reforming stiffness matrix: reformation #1

 1
 Nonlinear solution status: time= 1.0739
	stiffness updates             = 0
	right hand side evaluations   = 2
	stiffness matrix reformations = 1
	step from line search         = 1.000000
	convergence norms :     INITIAL         CURRENT         REQUIRED
	   residual            3.025617e+03    2.702080e-02    0.000000e+00 
	   energy              2.092373e-01    7.120332e-04    2.092373e-03 
	   displacement        5.254952e-03    5.254952e-03    5.254952e-09 
 2
 Nonlinear solution status: time= 1.0739
	stiffness updates             = 1
	right hand side evaluations   = 3
	stiffness matrix reformations = 1
	step from line search         = 1.000000
	convergence norms :     INITIAL         CURRENT         REQUIRED
	   residual            3.025617e+03    2.859569e-02    0.000000e+00 
	   energy              2.092373e-01    5.656791e-05    2.092373e-03 
	   displacement        5.254952e-03    1.102699e-04    4.326151e-09 
 3
 Nonlinear solution status: time= 1.0739
	stiffness updates             = 2
	right hand side evaluations   = 4
	stiffness matrix reformations = 1
	step from line search         = 1.000000
	convergence norms :     INITIAL         CURRENT         REQUIRED
	   residual            3.025617e+03    5.252371e-03    0.000000e+00 
	   energy              2.092373e-01    4.222081e-06    2.092373e-03 
	   displacement        5.254952e-03    1.077188e-05    4.476590e-09 
 4
 Nonlinear solution status: time= 1.0739
	stiffness updates             = 3
	right hand side evaluations   = 6
	stiffness matrix reformations = 1
	step from line search         = 0.558997
	convergence norms :     INITIAL         CURRENT         REQUIRED
	   residual            3.025617e+03    1.003190e-02    0.000000e+00 
	   energy              2.092373e-01    1.874292e-07    2.092373e-03 
	   displacement        5.254952e-03    1.033586e-06    4.525166e-09 
 5
 Nonlinear solution status: time= 1.0739
	stiffness updates             = 4
	right hand side evaluations   = 8
	stiffness matrix reformations = 1
	step from line search         = 0.403485
	convergence norms :     INITIAL         CURRENT         REQUIRED
	   residual            3.025617e+03    4.620886e-04    0.000000e+00 
	   energy              2.092373e-01    5.996284e-08    2.092373e-03 
	   displacement        5.254952e-03    9.800195e-08    4.533132e-09 
 6
 Nonlinear solution status: time= 1.0739
	stiffness updates             = 5
	right hand side evaluations   = 9
	stiffness matrix reformations = 1
	step from line search         = 1.000000
	convergence norms :     INITIAL         CURRENT         REQUIRED
	   residual            3.025617e+03    2.096090e-03    0.000000e+00 
	   energy              2.092373e-01    2.166470e-07    2.092373e-03 
	   displacement        5.254952e-03    1.510273e-07    4.520575e-09 
 7
 Nonlinear solution status: time= 1.0739
	stiffness updates             = 6
	right hand side evaluations   = 10
	stiffness matrix reformations = 1
	step from line search         = 1.000000
	convergence norms :     INITIAL         CURRENT         REQUIRED
	   residual            3.025617e+03    5.347315e-04    0.000000e+00 
	   energy              2.092373e-01    2.462887e-08    2.092373e-03 
	   displacement        5.254952e-03    4.301820e-08    4.516515e-09 
 8
 Nonlinear solution status: time= 1.0739
	stiffness updates             = 7
	right hand side evaluations   = 11
	stiffness matrix reformations = 1
	step from line search         = 1.000000
	convergence norms :     INITIAL         CURRENT         REQUIRED
	   residual            3.025617e+03    1.777743e-04    0.000000e+00 
	   energy              2.092373e-01    1.495590e-08    2.092373e-03 
	   displacement        5.254952e-03    9.381320e-09    4.520200e-09 
 9
 Nonlinear solution status: time= 1.0739
	stiffness updates             = 8
	right hand side evaluations   = 12
	stiffness matrix reformations = 1
	step from line search         = 1.000000
	convergence norms :     INITIAL         CURRENT         REQUIRED
	   residual            3.025617e+03    3.334343e-05    0.000000e+00 
	   energy              2.092373e-01    1.322473e-08    2.092373e-03 
	   displacement        5.254952e-03    1.983528e-08    4.524786e-09 
 10
 Nonlinear solution status: time= 1.0739
	stiffness updates             = 9
	right hand side evaluations   = 13
	stiffness matrix reformations = 1
	step from line search         = 1.000000
	convergence norms :     INITIAL         CURRENT         REQUIRED
	   residual            3.025617e+03    3.946933e-04    0.000000e+00 
	   energy              2.092373e-01    2.682246e-08    2.092373e-03 
	   displacement        5.254952e-03    1.874410e-08    4.523974e-09 

 *************************************************************************
 *                               WARNING                                 *
 * Max nr of iterations reached.                                         *
 * Stiffness matrix will now be reformed.                                *
 *************************************************************************
Reforming stiffness matrix: reformation #2

 11
 Nonlinear solution status: time= 1.0739
	stiffness updates             = 0
	right hand side evaluations   = 14
	stiffness matrix reformations = 2
	step from line search         = 1.000000
	convergence norms :     INITIAL         CURRENT         REQUIRED
	   residual            3.025617e+03    1.415957e-07    0.000000e+00 
	   energy              2.092373e-01    3.216843e-09    2.092373e-03 
	   displacement        5.254952e-03    7.415354e-09    4.520927e-09 
 12
 Nonlinear solution status: time= 1.0739
	stiffness updates             = 1
	right hand side evaluations   = 15
	stiffness matrix reformations = 2
	step from line search         = 1.000000
	convergence norms :     INITIAL         CURRENT         REQUIRED
	   residual            3.025617e+03    3.418105e-07    0.000000e+00 
	   energy              2.092373e-01    8.228507e-10    2.092373e-03 
	   displacement        5.254952e-03    8.244427e-10    4.521607e-09 

convergence summary
    number of iterations   : 12
    number of reformations : 2

------- converged at time : 1.0739


AUTO STEPPER: decreasing time step, dt = 0.00244237

MUST POINT CONTROLLER: adjusting time step. dt = 0.00109754


===== beginning time step 17 : 1.075 =====


Reforming stiffness matrix: reformation #1

 1
 Nonlinear solution status: time= 1.075
	stiffness updates             = 0
	right hand side evaluations   = 2
	stiffness matrix reformations = 1
	step from line search         = 1.000000
	convergence norms :     INITIAL         CURRENT         REQUIRED
	   residual            6.303175e+02    3.557722e-02    0.000000e+00 
	   energy              5.499758e-02    6.967033e-04    5.499758e-04 
	   displacement        1.082086e-03    1.082086e-03    1.082086e-09 
 2
 Nonlinear solution status: time= 1.075
	stiffness updates             = 1
	right hand side evaluations   = 3
	stiffness matrix reformations = 1
	step from line search         = 1.000000
	convergence norms :     INITIAL         CURRENT         REQUIRED
	   residual            6.303175e+02    2.031338e-02    0.000000e+00 
	   energy              5.499758e-02    5.381687e-05    5.499758e-04 
	   displacement        1.082086e-03    3.502717e-05    8.895781e-10 
 3
 Nonlinear solution status: time= 1.075
	stiffness updates             = 2
	right hand side evaluations   = 4
	stiffness matrix reformations = 1
	step from line search         = 1.000000
	convergence norms :     INITIAL         CURRENT         REQUIRED
	   residual            6.303175e+02    2.763965e-03    0.000000e+00 
	   energy              5.499758e-02    5.937473e-07    5.499758e-04 
	   displacement        1.082086e-03    2.004860e-06    9.256958e-10 
 4
 Nonlinear solution status: time= 1.075
	stiffness updates             = 3
	right hand side evaluations   = 5
	stiffness matrix reformations = 1
	step from line search         = 1.000000
	convergence norms :     INITIAL         CURRENT         REQUIRED
	   residual            6.303175e+02    6.162272e-04    0.000000e+00 
	   energy              5.499758e-02    2.311805e-07    5.499758e-04 
	   displacement        1.082086e-03    2.413850e-08    9.291790e-10 
 5
 Nonlinear solution status: time= 1.075
	stiffness updates             = 4
	right hand side evaluations   = 6
	stiffness matrix reformations = 1
	step from line search         = 1.000000
	convergence norms :     INITIAL         CURRENT         REQUIRED
	   residual            6.303175e+02    3.973005e-05    0.000000e+00 
	   energy              5.499758e-02    3.076703e-08    5.499758e-04 
	   displacement        1.082086e-03    3.329624e-08    9.288656e-10 
 6
 Nonlinear solution status: time= 1.075
	stiffness updates             = 5
	right hand side evaluations   = 7
	stiffness matrix reformations = 1
	step from line search         = 1.000000
	convergence norms :     INITIAL         CURRENT         REQUIRED
	   residual            6.303175e+02    1.539926e-05    0.000000e+00 
	   energy              5.499758e-02    9.324484e-10    5.499758e-04 
	   displacement        1.082086e-03    2.031966e-09    9.280190e-10 
 7
 Nonlinear solution status: time= 1.075
	stiffness updates             = 6
	right hand side evaluations   = 8
	stiffness matrix reformations = 1
	step from line search         = 1.000000
	convergence norms :     INITIAL         CURRENT         REQUIRED
	   residual            6.303175e+02    9.750633e-07    0.000000e+00 
	   energy              5.499758e-02    4.549054e-10    5.499758e-04 
	   displacement        1.082086e-03    1.059330e-10    9.281027e-10 

convergence summary
    number of iterations   : 7
    number of reformations : 1

------- converged at time : 1.075


AUTO STEPPER: increasing time step, dt = 0.0039539


===== beginning time step 18 : 1.07895 =====


Reforming stiffness matrix: reformation #1

 1
 Nonlinear solution status: time= 1.07895
	stiffness updates             = 0
	right hand side evaluations   = 2
	stiffness matrix reformations = 1
	step from line search         = 1.000000
	convergence norms :     INITIAL         CURRENT         REQUIRED
	   residual            9.285100e+03    1.478178e-01    0.000000e+00 
	   energy              6.567357e-01    1.181036e-03    6.567357e-03 
	   displacement        1.578954e-02    1.578954e-02    1.578954e-08 
 2

 *************************************************************************
 *                                ERROR                                  *
 * Negative jacobian detected.                                           *
 *************************************************************************


------- failed to converge at time : 1.07895

Retrying time step. Retry attempt 1 of max 20


AUTO STEPPER: retry step, dt = 0.00376562


===== beginning time step 18 : 1.07877 =====


Reforming stiffness matrix: reformation #1

 1
 Nonlinear solution status: time= 1.07877
	stiffness updates             = 0
	right hand side evaluations   = 2
	stiffness matrix reformations = 1
	step from line search         = 1.000000
	convergence norms :     INITIAL         CURRENT         REQUIRED
	   residual            8.379425e+03    1.260813e-01    0.000000e+00 
	   energy              5.940136e-01    1.119994e-03    5.940136e-03 
	   displacement        1.427487e-02    1.427487e-02    1.427487e-08 
 2
 Nonlinear solution status: time= 1.07877
	stiffness updates             = 1
	right hand side evaluations   = 4
	stiffness matrix reformations = 1
	step from line search         = 0.082137
	convergence norms :     INITIAL         CURRENT         REQUIRED
	   residual            8.379425e+03    6.418357e-02    0.000000e+00 
	   energy              5.940136e-01    2.546900e-05    5.940136e-03 
	   displacement        1.427487e-02    3.586311e-06    1.400706e-08 
 3

 *************************************************************************
 *                                ERROR                                  *
 * Negative jacobian detected.                                           *
 *************************************************************************


------- failed to converge at time : 1.07877

Retrying time step. Retry attempt 2 of max 20


AUTO STEPPER: retry step, dt = 0.00357734


===== beginning time step 18 : 1.07858 =====


Reforming stiffness matrix: reformation #1

 1
 Nonlinear solution status: time= 1.07858
	stiffness updates             = 0
	right hand side evaluations   = 2
	stiffness matrix reformations = 1
	step from line search         = 1.000000
	convergence norms :     INITIAL         CURRENT         REQUIRED
	   residual            7.520219e+03    1.073012e-01    0.000000e+00 
	   energy              5.345023e-01    1.064234e-03    5.345023e-03 
	   displacement        1.283959e-02    1.283959e-02    1.283959e-08 
 2
 Nonlinear solution status: time= 1.07858
	stiffness updates             = 1
	right hand side evaluations   = 4
	stiffness matrix reformations = 1
	step from line search         = 0.197317
	convergence norms :     INITIAL         CURRENT         REQUIRED
	   residual            7.520219e+03    3.199611e-02    0.000000e+00 
	   energy              5.345023e-01    3.168373e-05    5.345023e-03 
	   displacement        1.283959e-02    1.667442e-05    1.228743e-08 
 3

 *************************************************************************
 *                                ERROR                                  *
 * Negative jacobian detected.                                           *
 *************************************************************************


------- failed to converge at time : 1.07858

Retrying time step. Retry attempt 3 of max 20


AUTO STEPPER: retry step, dt = 0.00338906


===== beginning time step 18 : 1.07839 =====


Reforming stiffness matrix: reformation #1

 1
 Nonlinear solution status: time= 1.07839
	stiffness updates             = 0
	right hand side evaluations   = 2
	stiffness matrix reformations = 1
	step from line search         = 1.000000
	convergence norms :     INITIAL         CURRENT         REQUIRED
	   residual            6.707483e+03    9.120976e-02    0.000000e+00 
	   energy              4.782018e-01    1.013368e-03    4.782018e-03 
	   displacement        1.148338e-02    1.148338e-02    1.148338e-08 
 2
 Nonlinear solution status: time= 1.07839
	stiffness updates             = 1
	right hand side evaluations   = 4
	stiffness matrix reformations = 1
	step from line search         = 0.258838
	convergence norms :     INITIAL         CURRENT         REQUIRED
	   residual            6.707483e+03    3.571489e-02    0.000000e+00 
	   energy              4.782018e-01    2.305479e-05    4.782018e-03 
	   displacement        1.148338e-02    2.327051e-05    1.085721e-08 
 3

 *************************************************************************
 *                                ERROR                                  *
 * Negative jacobian detected.                                           *
 *************************************************************************


------- failed to converge at time : 1.07839

Retrying time step. Retry attempt 4 of max 20


AUTO STEPPER: retry step, dt = 0.00320077


===== beginning time step 18 : 1.0782 =====


Reforming stiffness matrix: reformation #1

 1
 Nonlinear solution status: time= 1.0782
	stiffness updates             = 0
	right hand side evaluations   = 2
	stiffness matrix reformations = 1
	step from line search         = 1.000000
	convergence norms :     INITIAL         CURRENT         REQUIRED
	   residual            5.941216e+03    7.755207e-02    0.000000e+00 
	   energy              4.251121e-01    9.670451e-04    4.251121e-03 
	   displacement        1.020589e-02    1.020589e-02    1.020589e-08 
 2
 Nonlinear solution status: time= 1.0782
	stiffness updates             = 1
	right hand side evaluations   = 4
	stiffness matrix reformations = 1
	step from line search         = 0.306485
	convergence norms :     INITIAL         CURRENT         REQUIRED
	   residual            5.941216e+03    4.096078e-02    0.000000e+00 
	   energy              4.251121e-01    1.551770e-05    4.251121e-03 
	   displacement        1.020589e-02    2.666816e-05    9.565158e-09 
 3

 *************************************************************************
 *                                ERROR                                  *
 * Negative jacobian detected.                                           *
 *************************************************************************


------- failed to converge at time : 1.0782

Retrying time step. Retry attempt 5 of max 20


AUTO STEPPER: retry step, dt = 0.00301249


===== beginning time step 18 : 1.07801 =====


Reforming stiffness matrix: reformation #1

 1
 Nonlinear solution status: time= 1.07801
	stiffness updates             = 0
	right hand side evaluations   = 2
	stiffness matrix reformations = 1
	step from line search         = 1.000000
	convergence norms :     INITIAL         CURRENT         REQUIRED
	   residual            5.221418e+03    6.608700e-02    0.000000e+00 
	   energy              3.752334e-01    9.249560e-04    3.752334e-03 
	   displacement        9.006692e-03    9.006692e-03    9.006692e-09 
 2
 Nonlinear solution status: time= 1.07801
	stiffness updates             = 1
	right hand side evaluations   = 4
	stiffness matrix reformations = 1
	step from line search         = 0.348478
	convergence norms :     INITIAL         CURRENT         REQUIRED
	   residual            5.221418e+03    4.359975e-02    0.000000e+00 
	   energy              3.752334e-01    1.063040e-05    3.752334e-03 
	   displacement        9.006692e-03    2.842308e-05    8.378740e-09 
 3

 *************************************************************************
 *                                ERROR                                  *
 * Negative jacobian detected.                                           *
 *************************************************************************


------- failed to converge at time : 1.07801

Retrying time step. Retry attempt 6 of max 20


AUTO STEPPER: retry step, dt = 0.00282421


===== beginning time step 18 : 1.07782 =====


Reforming stiffness matrix: reformation #1

 1
 Nonlinear solution status: time= 1.07782
	stiffness updates             = 0
	right hand side evaluations   = 2
	stiffness matrix reformations = 1
	step from line search         = 1.000000
	convergence norms :     INITIAL         CURRENT         REQUIRED
	   residual            4.548090e+03    5.658906e-02    0.000000e+00 
	   energy              3.285656e-01    8.868394e-04    3.285656e-03 
	   displacement        7.885345e-03    7.885345e-03    7.885345e-09 
 2
 Nonlinear solution status: time= 1.07782
	stiffness updates             = 1
	right hand side evaluations   = 4
	stiffness matrix reformations = 1
	step from line search         = 0.388777
	convergence norms :     INITIAL         CURRENT         REQUIRED
	   residual            4.548090e+03    4.407226e-02    0.000000e+00 
	   energy              3.285656e-01    7.793082e-06    3.285656e-03 
	   displacement        7.885345e-03    2.942033e-05    7.283944e-09 
 3

 *************************************************************************
 *                                ERROR                                  *
 * Negative jacobian detected.                                           *
 *************************************************************************


------- failed to converge at time : 1.07782

Retrying time step. Retry attempt 7 of max 20


AUTO STEPPER: retry step, dt = 0.00263593


===== beginning time step 18 : 1.07764 =====


Reforming stiffness matrix: reformation #1

 1
 Nonlinear solution status: time= 1.07764
	stiffness updates             = 0
	right hand side evaluations   = 2
	stiffness matrix reformations = 1
	step from line search         = 1.000000
	convergence norms :     INITIAL         CURRENT         REQUIRED
	   residual            3.925763e+03    4.881089e-02    0.000000e+00 
	   energy              2.854216e-01    8.527311e-04    2.854216e-03 
	   displacement        6.842584e-03    6.842584e-03    6.842584e-09 
 2
 Nonlinear solution status: time= 1.07764
	stiffness updates             = 1
	right hand side evaluations   = 4
	stiffness matrix reformations = 1
	step from line search         = 0.431144
	convergence norms :     INITIAL         CURRENT         REQUIRED
	   residual            3.925763e+03    4.340304e-02    0.000000e+00 
	   energy              2.854216e-01    6.051047e-06    2.854216e-03 
	   displacement        6.842584e-03    3.032685e-05    6.273257e-09 
 3

 *************************************************************************
 *                                ERROR                                  *
 * Negative jacobian detected.                                           *
 *************************************************************************


------- failed to converge at time : 1.07764

Retrying time step. Retry attempt 8 of max 20


AUTO STEPPER: retry step, dt = 0.00244765


===== beginning time step 18 : 1.07745 =====


Reforming stiffness matrix: reformation #1

 1
 Nonlinear solution status: time= 1.07745
	stiffness updates             = 0
	right hand side evaluations   = 2
	stiffness matrix reformations = 1
	step from line search         = 1.000000
	convergence norms :     INITIAL         CURRENT         REQUIRED
	   residual            3.375233e+03    4.236235e-02    0.000000e+00 
	   energy              2.472372e-01    8.236426e-04    2.472372e-03 
	   displacement        5.882991e-03    5.882991e-03    5.882991e-09 
 2
 Nonlinear solution status: time= 1.07745
	stiffness updates             = 1
	right hand side evaluations   = 4
	stiffness matrix reformations = 1
	step from line search         = 0.484206
	convergence norms :     INITIAL         CURRENT         REQUIRED
	   residual            3.375233e+03    4.242396e-02    0.000000e+00 
	   energy              2.472372e-01    4.312362e-06    2.472372e-03 
	   displacement        5.882991e-03    3.222059e-05    5.341354e-09 
 3

 *************************************************************************
 *                                ERROR                                  *
 * Negative jacobian detected.                                           *
 *************************************************************************


------- failed to converge at time : 1.07745

Retrying time step. Retry attempt 9 of max 20


AUTO STEPPER: retry step, dt = 0.00225937


===== beginning time step 18 : 1.07726 =====


Reforming stiffness matrix: reformation #1

 1
 Nonlinear solution status: time= 1.07726
	stiffness updates             = 0
	right hand side evaluations   = 2
	stiffness matrix reformations = 1
	step from line search         = 1.000000
	convergence norms :     INITIAL         CURRENT         REQUIRED
	   residual            2.866287e+03    3.734247e-02    0.000000e+00 
	   energy              2.119262e-01    7.979469e-04    2.119262e-03 
	   displacement        4.997495e-03    4.997495e-03    4.997495e-09 
 2
 Nonlinear solution status: time= 1.07726
	stiffness updates             = 1
	right hand side evaluations   = 4
	stiffness matrix reformations = 1
	step from line search         = 0.542243
	convergence norms :     INITIAL         CURRENT         REQUIRED
	   residual            2.866287e+03    4.033996e-02    0.000000e+00 
	   energy              2.119262e-01    2.832832e-06    2.119262e-03 
	   displacement        4.997495e-03    3.419245e-05    4.488457e-09 
 3

 *************************************************************************
 *                                ERROR                                  *
 * Negative jacobian detected.                                           *
 *************************************************************************


------- failed to converge at time : 1.07726

Retrying time step. Retry attempt 10 of max 20


AUTO STEPPER: retry step, dt = 0.00207109


===== beginning time step 18 : 1.07707 =====


Reforming stiffness matrix: reformation #1

 1
 Nonlinear solution status: time= 1.07707
	stiffness updates             = 0
	right hand side evaluations   = 2
	stiffness matrix reformations = 1
	step from line search         = 1.000000
	convergence norms :     INITIAL         CURRENT         REQUIRED
	   residual            2.398926e+03    3.363847e-02    0.000000e+00 
	   energy              1.794888e-01    7.757007e-04    1.794888e-03 
	   displacement        4.185705e-03    4.185705e-03    4.185705e-09 
 2
 Nonlinear solution status: time= 1.07707
	stiffness updates             = 1
	right hand side evaluations   = 4
	stiffness matrix reformations = 1
	step from line search         = 0.605151
	convergence norms :     INITIAL         CURRENT         REQUIRED
	   residual            2.398926e+03    3.700823e-02    0.000000e+00 
	   energy              1.794888e-01    1.178026e-06    1.794888e-03 
	   displacement        4.185705e-03    3.610725e-05    3.714534e-09 
 3

 *************************************************************************
 *                                ERROR                                  *
 * Negative jacobian detected.                                           *
 *************************************************************************


------- failed to converge at time : 1.07707

Retrying time step. Retry attempt 11 of max 20


AUTO STEPPER: retry step, dt = 0.00188281


===== beginning time step 18 : 1.07688 =====


Reforming stiffness matrix: reformation #1

 1
 Nonlinear solution status: time= 1.07688
	stiffness updates             = 0
	right hand side evaluations   = 2
	stiffness matrix reformations = 1
	step from line search         = 1.000000
	convergence norms :     INITIAL         CURRENT         REQUIRED
	   residual            1.973151e+03    3.118962e-02    0.000000e+00 
	   energy              1.499253e-01    7.571037e-04    1.499253e-03 
	   displacement        3.447224e-03    3.447224e-03    3.447224e-09 
 2
 Nonlinear solution status: time= 1.07688
	stiffness updates             = 1
	right hand side evaluations   = 3
	stiffness matrix reformations = 1
	step from line search         = 1.000000
	convergence norms :     INITIAL         CURRENT         REQUIRED
	   residual            1.973151e+03    1.425107e-01    0.000000e+00 
	   energy              1.499253e-01    1.344207e-04    1.499253e-03 
	   displacement        3.447224e-03    8.348992e-05    2.838395e-09 
 3

 *************************************************************************
 *                                ERROR                                  *
 * Negative jacobian detected.                                           *
 *************************************************************************


------- failed to converge at time : 1.07688

Retrying time step. Retry attempt 12 of max 20


AUTO STEPPER: retry step, dt = 0.00169453


===== beginning time step 18 : 1.07669 =====


Reforming stiffness matrix: reformation #1

 1
 Nonlinear solution status: time= 1.07669
	stiffness updates             = 0
	right hand side evaluations   = 2
	stiffness matrix reformations = 1
	step from line search         = 1.000000
	convergence norms :     INITIAL         CURRENT         REQUIRED
	   residual            1.588966e+03    3.001689e-02    0.000000e+00 
	   energy              1.232361e-01    7.425596e-04    1.232361e-03 
	   displacement        2.781654e-03    2.781654e-03    2.781654e-09 
 2
 Nonlinear solution status: time= 1.07669
	stiffness updates             = 1
	right hand side evaluations   = 3
	stiffness matrix reformations = 1
	step from line search         = 1.000000
	convergence norms :     INITIAL         CURRENT         REQUIRED
	   residual            1.588966e+03    8.965258e-02    0.000000e+00 
	   energy              1.232361e-01    9.409857e-05    1.232361e-03 
	   displacement        2.781654e-03    7.033187e-05    2.289784e-09 
 3

 *************************************************************************
 *                                ERROR                                  *
 * Negative jacobian detected.                                           *
 *************************************************************************


------- failed to converge at time : 1.07669

Retrying time step. Retry attempt 13 of max 20


AUTO STEPPER: retry step, dt = 0.00150625


===== beginning time step 18 : 1.07651 =====


Reforming stiffness matrix: reformation #1

 1
 Nonlinear solution status: time= 1.07651
	stiffness updates             = 0
	right hand side evaluations   = 2
	stiffness matrix reformations = 1
	step from line search         = 1.000000
	convergence norms :     INITIAL         CURRENT         REQUIRED
	   residual            1.246376e+03    3.027942e-02    0.000000e+00 
	   energy              9.942180e-02    7.327776e-04    9.942180e-04 
	   displacement        2.188616e-03    2.188616e-03    2.188616e-09 
 2
 Nonlinear solution status: time= 1.07651
	stiffness updates             = 1
	right hand side evaluations   = 3
	stiffness matrix reformations = 1
	step from line search         = 1.000000
	convergence norms :     INITIAL         CURRENT         REQUIRED
	   residual            1.246376e+03    5.320836e-02    0.000000e+00 
	   energy              9.942180e-02    7.093227e-05    9.942180e-04 
	   displacement        2.188616e-03    5.866986e-05    1.800724e-09 
 3

 *************************************************************************
 *                                ERROR                                  *
 * Negative jacobian detected.                                           *
 *************************************************************************


------- failed to converge at time : 1.07651

Retrying time step. Retry attempt 14 of max 20


AUTO STEPPER: retry step, dt = 0.00131797


===== beginning time step 18 : 1.07632 =====


Reforming stiffness matrix: reformation #1

 1
 Nonlinear solution status: time= 1.07632
	stiffness updates             = 0
	right hand side evaluations   = 2
	stiffness matrix reformations = 1
	step from line search         = 1.000000
	convergence norms :     INITIAL         CURRENT         REQUIRED
	   residual            9.453869e+02    3.239131e-02    0.000000e+00 
	   energy              7.848328e-02    7.289498e-04    7.848328e-04 
	   displacement        1.667761e-03    1.667761e-03    1.667761e-09 
 2
 Nonlinear solution status: time= 1.07632
	stiffness updates             = 1
	right hand side evaluations   = 3
	stiffness matrix reformations = 1
	step from line search         = 1.000000
	convergence norms :     INITIAL         CURRENT         REQUIRED
	   residual            9.453869e+02    3.177651e-02    0.000000e+00 
	   energy              7.848328e-02    6.028489e-05    7.848328e-04 
	   displacement        1.667761e-03    4.819569e-05    1.371487e-09 
 3
 Nonlinear solution status: time= 1.07632
	stiffness updates             = 2
	right hand side evaluations   = 5
	stiffness matrix reformations = 1
	step from line search         = 0.234594
	convergence norms :     INITIAL         CURRENT         REQUIRED
	   residual            9.453869e+02    2.037731e-02    0.000000e+00 
	   energy              7.848328e-02    1.925455e-06    7.848328e-04 
	   displacement        1.667761e-03    5.480548e-07    1.379009e-09 
 4
 Nonlinear solution status: time= 1.07632
	stiffness updates             = 3
	right hand side evaluations   = 6
	stiffness matrix reformations = 1
	step from line search         = 1.000000
	convergence norms :     INITIAL         CURRENT         REQUIRED
	   residual            9.453869e+02    8.509083e-03    0.000000e+00 
	   energy              7.848328e-02    1.005674e-05    7.848328e-04 
	   displacement        1.667761e-03    4.953880e-06    1.459372e-09 
 5
 Nonlinear solution status: time= 1.07632
	stiffness updates             = 4
	right hand side evaluations   = 7
	stiffness matrix reformations = 1
	step from line search         = 1.000000
	convergence norms :     INITIAL         CURRENT         REQUIRED
	   residual            9.453869e+02    1.217992e-03    0.000000e+00 
	   energy              7.848328e-02    1.322739e-07    7.848328e-04 
	   displacement        1.667761e-03    6.513405e-07    1.431682e-09 
 6
 Nonlinear solution status: time= 1.07632
	stiffness updates             = 5
	right hand side evaluations   = 8
	stiffness matrix reformations = 1
	step from line search         = 1.000000
	convergence norms :     INITIAL         CURRENT         REQUIRED
	   residual            9.453869e+02    4.598633e-05    0.000000e+00 
	   energy              7.848328e-02    5.276143e-08    7.848328e-04 
	   displacement        1.667761e-03    1.443967e-08    1.428684e-09 
 7
 Nonlinear solution status: time= 1.07632
	stiffness updates             = 6
	right hand side evaluations   = 9
	stiffness matrix reformations = 1
	step from line search         = 1.000000
	convergence norms :     INITIAL         CURRENT         REQUIRED
	   residual            9.453869e+02    8.331753e-06    0.000000e+00 
	   energy              7.848328e-02    8.125666e-10    7.848328e-04 
	   displacement        1.667761e-03    3.305820e-09    1.430456e-09 
 8
 Nonlinear solution status: time= 1.07632
	stiffness updates             = 7
	right hand side evaluations   = 10
	stiffness matrix reformations = 1
	step from line search         = 1.000000
	convergence norms :     INITIAL         CURRENT         REQUIRED
	   residual            9.453869e+02    1.507248e-06    0.000000e+00 
	   energy              7.848328e-02    1.960712e-10    7.848328e-04 
	   displacement        1.667761e-03    6.989516e-12    1.430514e-09 

convergence summary
    number of iterations   : 8
    number of reformations : 1

------- converged at time : 1.07632


AUTO STEPPER: increasing time step, dt = 0.00281652


===== beginning time step 19 : 1.07913 =====


Reforming stiffness matrix: reformation #1

 1
 Nonlinear solution status: time= 1.07913
	stiffness updates             = 0
	right hand side evaluations   = 2
	stiffness matrix reformations = 1
	step from line search         = 1.000000
	convergence norms :     INITIAL         CURRENT         REQUIRED
	   residual            4.838087e+03    5.939554e-02    0.000000e+00 
	   energy              3.563745e-01    9.664123e-04    3.563745e-03 
	   displacement        8.436382e-03    8.436382e-03    8.436382e-09 
 2
 Nonlinear solution status: time= 1.07913
	stiffness updates             = 1
	right hand side evaluations   = 4
	stiffness matrix reformations = 1
	step from line search         = 0.527862
	convergence norms :     INITIAL         CURRENT         REQUIRED
	   residual            4.838087e+03    5.895016e-02    0.000000e+00 
	   energy              3.563745e-01    9.552034e-06    3.563745e-03 
	   displacement        8.436382e-03    5.686575e-05    7.578469e-09 
 3

 *************************************************************************
 *                                ERROR                                  *
 * Negative jacobian detected.                                           *
 *************************************************************************


------- failed to converge at time : 1.07913

Retrying time step. Retry attempt 1 of max 20


AUTO STEPPER: retry step, dt = 0.0026824


===== beginning time step 19 : 1.079 =====


Reforming stiffness matrix: reformation #1

 1
 Nonlinear solution status: time= 1.079
	stiffness updates             = 0
	right hand side evaluations   = 2
	stiffness matrix reformations = 1
	step from line search         = 1.000000
	convergence norms :     INITIAL         CURRENT         REQUIRED
	   residual            4.376748e+03    5.305228e-02    0.000000e+00 
	   energy              3.237417e-01    9.388559e-04    3.237417e-03 
	   displacement        7.635284e-03    7.635284e-03    7.635284e-09 
 2
 Nonlinear solution status: time= 1.079
	stiffness updates             = 1
	right hand side evaluations   = 4
	stiffness matrix reformations = 1
	step from line search         = 0.556462
	convergence norms :     INITIAL         CURRENT         REQUIRED
	   residual            4.376748e+03    5.345482e-02    0.000000e+00 
	   energy              3.237417e-01    7.554701e-06    3.237417e-03 
	   displacement        7.635284e-03    5.554414e-05    6.826845e-09 
 3

 *************************************************************************
 *                                ERROR                                  *
 * Negative jacobian detected.                                           *
 *************************************************************************


------- failed to converge at time : 1.079

Retrying time step. Retry attempt 2 of max 20


AUTO STEPPER: retry step, dt = 0.00254828


===== beginning time step 19 : 1.07887 =====


Reforming stiffness matrix: reformation #1

 1
 Nonlinear solution status: time= 1.07887
	stiffness updates             = 0
	right hand side evaluations   = 2
	stiffness matrix reformations = 1
	step from line search         = 1.000000
	convergence norms :     INITIAL         CURRENT         REQUIRED
	   residual            3.938526e+03    4.764333e-02    0.000000e+00 
	   energy              2.927386e-01    9.133427e-04    2.927386e-03 
	   displacement        6.875294e-03    6.875294e-03    6.875294e-09 
 2
 Nonlinear solution status: time= 1.07887
	stiffness updates             = 1
	right hand side evaluations   = 4
	stiffness matrix reformations = 1
	step from line search         = 0.586809
	convergence norms :     INITIAL         CURRENT         REQUIRED
	   residual            3.938526e+03    4.839377e-02    0.000000e+00 
	   energy              2.927386e-01    6.096336e-06    2.927386e-03 
	   displacement        6.875294e-03    5.451719e-05    6.115952e-09 
 3

 *************************************************************************
 *                                ERROR                                  *
 * Negative jacobian detected.                                           *
 *************************************************************************


------- failed to converge at time : 1.07887

Retrying time step. Retry attempt 3 of max 20


AUTO STEPPER: retry step, dt = 0.00241416


===== beginning time step 19 : 1.07873 =====


Reforming stiffness matrix: reformation #1

 1
 Nonlinear solution status: time= 1.07873
	stiffness updates             = 0
	right hand side evaluations   = 2
	stiffness matrix reformations = 1
	step from line search         = 1.000000
	convergence norms :     INITIAL         CURRENT         REQUIRED
	   residual            3.523420e+03    4.309980e-02    0.000000e+00 
	   energy              2.633652e-01    8.898322e-04    2.633652e-03 
	   displacement        6.156245e-03    6.156245e-03    6.156245e-09 
 2
 Nonlinear solution status: time= 1.07873
	stiffness updates             = 1
	right hand side evaluations   = 4
	stiffness matrix reformations = 1
	step from line search         = 0.618667
	convergence norms :     INITIAL         CURRENT         REQUIRED
	   residual            3.523420e+03    4.364348e-02    0.000000e+00 
	   energy              2.633652e-01    5.167007e-06    2.633652e-03 
	   displacement        6.156245e-03    5.367554e-05    5.446128e-09 
 3

 *************************************************************************
 *                                ERROR                                  *
 * Negative jacobian detected.                                           *
 *************************************************************************


------- failed to converge at time : 1.07873

Retrying time step. Retry attempt 4 of max 20


AUTO STEPPER: retry step, dt = 0.00228004


===== beginning time step 19 : 1.0786 =====


Reforming stiffness matrix: reformation #1

 1
 Nonlinear solution status: time= 1.0786
	stiffness updates             = 0
	right hand side evaluations   = 2
	stiffness matrix reformations = 1
	step from line search         = 1.000000
	convergence norms :     INITIAL         CURRENT         REQUIRED
	   residual            3.131432e+03    3.936105e-02    0.000000e+00 
	   energy              2.356215e-01    8.683088e-04    2.356215e-03 
	   displacement        5.477963e-03    5.477963e-03    5.477963e-09 
 2
 Nonlinear solution status: time= 1.0786
	stiffness updates             = 1
	right hand side evaluations   = 3
	stiffness matrix reformations = 1
	step from line search         = 1.000000
	convergence norms :     INITIAL         CURRENT         REQUIRED
	   residual            3.131432e+03    1.774737e-01    0.000000e+00 
	   energy              2.356215e-01    1.641965e-04    2.356215e-03 
	   displacement        5.477963e-03    1.245583e-04    4.508092e-09 
 3

 *************************************************************************
 *                                ERROR                                  *
 * Negative jacobian detected.                                           *
 *************************************************************************


------- failed to converge at time : 1.0786

Retrying time step. Retry attempt 5 of max 20


AUTO STEPPER: retry step, dt = 0.00214592


===== beginning time step 19 : 1.07846 =====


Reforming stiffness matrix: reformation #1

 1
 Nonlinear solution status: time= 1.07846
	stiffness updates             = 0
	right hand side evaluations   = 2
	stiffness matrix reformations = 1
	step from line search         = 1.000000
	convergence norms :     INITIAL         CURRENT         REQUIRED
	   residual            2.762561e+03    3.637678e-02    0.000000e+00 
	   energy              2.095077e-01    8.487880e-04    2.095077e-03 
	   displacement        4.840268e-03    4.840268e-03    4.840268e-09 
 2
 Nonlinear solution status: time= 1.07846
	stiffness updates             = 1
	right hand side evaluations   = 3
	stiffness matrix reformations = 1
	step from line search         = 1.000000
	convergence norms :     INITIAL         CURRENT         REQUIRED
	   residual            2.762561e+03    1.401330e-01    0.000000e+00 
	   energy              2.095077e-01    1.321292e-04    2.095077e-03 
	   displacement        4.840268e-03    1.108207e-04    3.985661e-09 
 3

 *************************************************************************
 *                                ERROR                                  *
 * Negative jacobian detected.                                           *
 *************************************************************************


------- failed to converge at time : 1.07846

Retrying time step. Retry attempt 6 of max 20


AUTO STEPPER: retry step, dt = 0.0020118


===== beginning time step 19 : 1.07833 =====


Reforming stiffness matrix: reformation #1

 1
 Nonlinear solution status: time= 1.07833
	stiffness updates             = 0
	right hand side evaluations   = 2
	stiffness matrix reformations = 1
	step from line search         = 1.000000
	convergence norms :     INITIAL         CURRENT         REQUIRED
	   residual            2.416808e+03    3.411018e-02    0.000000e+00 
	   energy              1.850238e-01    8.313227e-04    1.850238e-03 
	   displacement        4.242976e-03    4.242976e-03    4.242976e-09 
 2
 Nonlinear solution status: time= 1.07833
	stiffness updates             = 1
	right hand side evaluations   = 3
	stiffness matrix reformations = 1
	step from line search         = 1.000000
	convergence norms :     INITIAL         CURRENT         REQUIRED
	   residual            2.416808e+03    1.090131e-01    0.000000e+00 
	   energy              1.850238e-01    1.077159e-04    1.850238e-03 
	   displacement        4.242976e-03    9.864509e-05    3.494984e-09 
 3

 *************************************************************************
 *                                ERROR                                  *
 * Negative jacobian detected.                                           *
 *************************************************************************


------- failed to converge at time : 1.07833

Retrying time step. Retry attempt 7 of max 20


AUTO STEPPER: retry step, dt = 0.00187768


===== beginning time step 19 : 1.0782 =====


Reforming stiffness matrix: reformation #1

 1
 Nonlinear solution status: time= 1.0782
	stiffness updates             = 0
	right hand side evaluations   = 2
	stiffness matrix reformations = 1
	step from line search         = 1.000000
	convergence norms :     INITIAL         CURRENT         REQUIRED
	   residual            2.094174e+03    3.254261e-02    0.000000e+00 
	   energy              1.621700e-01    8.160147e-04    1.621700e-03 
	   displacement        3.685902e-03    3.685902e-03    3.685902e-09 
 2
 Nonlinear solution status: time= 1.0782
	stiffness updates             = 1
	right hand side evaluations   = 3
	stiffness matrix reformations = 1
	step from line search         = 1.000000
	convergence norms :     INITIAL         CURRENT         REQUIRED
	   residual            2.094174e+03    8.333029e-02    0.000000e+00 
	   energy              1.621700e-01    8.961133e-05    1.621700e-03 
	   displacement        3.685902e-03    8.772599e-05    3.036391e-09 
 3

 *************************************************************************
 *                                ERROR                                  *
 * Negative jacobian detected.                                           *
 *************************************************************************


------- failed to converge at time : 1.0782

Retrying time step. Retry attempt 8 of max 20


AUTO STEPPER: retry step, dt = 0.00174356


===== beginning time step 19 : 1.07806 =====


Reforming stiffness matrix: reformation #1

 1
 Nonlinear solution status: time= 1.07806
	stiffness updates             = 0
	right hand side evaluations   = 2
	stiffness matrix reformations = 1
	step from line search         = 1.000000
	convergence norms :     INITIAL         CURRENT         REQUIRED
	   residual            1.794660e+03    3.168098e-02    0.000000e+00 
	   energy              1.409465e-01    8.030280e-04    1.409465e-03 
	   displacement        3.168864e-03    3.168864e-03    3.168864e-09 
 2
 Nonlinear solution status: time= 1.07806
	stiffness updates             = 1
	right hand side evaluations   = 3
	stiffness matrix reformations = 1
	step from line search         = 1.000000
	convergence norms :     INITIAL         CURRENT         REQUIRED
	   residual            1.794660e+03    6.266768e-02    0.000000e+00 
	   energy              1.409465e-01    7.670749e-05    1.409465e-03 
	   displacement        3.168864e-03    7.782090e-05    2.610159e-09 
 3

 *************************************************************************
 *                                ERROR                                  *
 * Negative jacobian detected.                                           *
 *************************************************************************


------- failed to converge at time : 1.07806

Retrying time step. Retry attempt 9 of max 20


AUTO STEPPER: retry step, dt = 0.00160944


===== beginning time step 19 : 1.07793 =====


Reforming stiffness matrix: reformation #1

 1
 Nonlinear solution status: time= 1.07793
	stiffness updates             = 0
	right hand side evaluations   = 2
	stiffness matrix reformations = 1
	step from line search         = 1.000000
	convergence norms :     INITIAL         CURRENT         REQUIRED
	   residual            1.518268e+03    3.156958e-02    0.000000e+00 
	   energy              1.213534e-01    7.926106e-04    1.213534e-03 
	   displacement        2.691684e-03    2.691684e-03    2.691684e-09 
 2
 Nonlinear solution status: time= 1.07793
	stiffness updates             = 1
	right hand side evaluations   = 3
	stiffness matrix reformations = 1
	step from line search         = 1.000000
	convergence norms :     INITIAL         CURRENT         REQUIRED
	   residual            1.518268e+03    4.677495e-02    0.000000e+00 
	   energy              1.213534e-01    6.807458e-05    1.213534e-03 
	   displacement        2.691684e-03    6.874116e-05    2.216501e-09 
 3
 Nonlinear solution status: time= 1.07793
	stiffness updates             = 2
	right hand side evaluations   = 5
	stiffness matrix reformations = 1
	step from line search         = 0.126674
	convergence norms :     INITIAL         CURRENT         REQUIRED
	   residual            1.518268e+03    2.414085e-02    0.000000e+00 
	   energy              1.213534e-01    8.067500e-08    1.213534e-03 
	   displacement        2.691684e-03    3.615616e-07    2.216188e-09 
 4
 Nonlinear solution status: time= 1.07793
	stiffness updates             = 3
	right hand side evaluations   = 6
	stiffness matrix reformations = 1
	step from line search         = 1.000000
	convergence norms :     INITIAL         CURRENT         REQUIRED
	   residual            1.518268e+03    2.730369e-03    0.000000e+00 
	   energy              1.213534e-01    6.867418e-06    1.213534e-03 
	   displacement        2.691684e-03    7.185636e-06    2.339926e-09 
 5
 Nonlinear solution status: time= 1.07793
	stiffness updates             = 4
	right hand side evaluations   = 7
	stiffness matrix reformations = 1
	step from line search         = 1.000000
	convergence norms :     INITIAL         CURRENT         REQUIRED
	   residual            1.518268e+03    9.019382e-05    0.000000e+00 
	   energy              1.213534e-01    7.986020e-08    1.213534e-03 
	   displacement        2.691684e-03    5.026307e-07    2.311246e-09 
 6
 Nonlinear solution status: time= 1.07793
	stiffness updates             = 5
	right hand side evaluations   = 8
	stiffness matrix reformations = 1
	step from line search         = 1.000000
	convergence norms :     INITIAL         CURRENT         REQUIRED
	   residual            1.518268e+03    2.947509e-05    0.000000e+00 
	   energy              1.213534e-01    1.530121e-08    1.213534e-03 
	   displacement        2.691684e-03    1.313591e-08    2.309597e-09 
 7
 Nonlinear solution status: time= 1.07793
	stiffness updates             = 6
	right hand side evaluations   = 9
	stiffness matrix reformations = 1
	step from line search         = 1.000000
	convergence norms :     INITIAL         CURRENT         REQUIRED
	   residual            1.518268e+03    1.345233e-05    0.000000e+00 
	   energy              1.213534e-01    2.718778e-09    1.213534e-03 
	   displacement        2.691684e-03    1.177286e-09    2.310696e-09 

convergence summary
    number of iterations   : 7
    number of reformations : 1

------- converged at time : 1.07793


AUTO STEPPER: increasing time step, dt = 0.00328755


===== beginning time step 20 : 1.08121 =====


Reforming stiffness matrix: reformation #1

 1
 Nonlinear solution status: time= 1.08121
	stiffness updates             = 0
	right hand side evaluations   = 2
	stiffness matrix reformations = 1
	step from line search         = 1.000000
	convergence norms :     INITIAL         CURRENT         REQUIRED
	   residual            7.154182e+03    1.026837e-01    0.000000e+00 
	   energy              5.354088e-01    1.193465e-03    5.354088e-03 
	   displacement        1.264256e-02    1.264256e-02    1.264256e-08 
 2
 Nonlinear solution status: time= 1.08121
	stiffness updates             = 1
	right hand side evaluations   = 4
	stiffness matrix reformations = 1
	step from line search         = 0.585760
	convergence norms :     INITIAL         CURRENT         REQUIRED
	   residual            7.154182e+03    8.167796e-02    0.000000e+00 
	   energy              5.354088e-01    5.344538e-05    5.354088e-03 
	   displacement        1.264256e-02    1.258456e-04    1.116710e-08 
 3

 *************************************************************************
 *                                ERROR                                  *
 * Negative jacobian detected.                                           *
 *************************************************************************


------- failed to converge at time : 1.08121

Retrying time step. Retry attempt 1 of max 20


AUTO STEPPER: retry step, dt = 0.003131


===== beginning time step 20 : 1.08106 =====


Reforming stiffness matrix: reformation #1

 1
 Nonlinear solution status: time= 1.08106
	stiffness updates             = 0
	right hand side evaluations   = 2
	stiffness matrix reformations = 1
	step from line search         = 1.000000
	convergence norms :     INITIAL         CURRENT         REQUIRED
	   residual            6.473165e+03    8.886425e-02    0.000000e+00 
	   energy              4.859279e-01    1.146012e-03    4.859279e-03 
	   displacement        1.143885e-02    1.143885e-02    1.143885e-08 
 2
 Nonlinear solution status: time= 1.08106
	stiffness updates             = 1
	right hand side evaluations   = 4
	stiffness matrix reformations = 1
	step from line search         = 0.608208
	convergence norms :     INITIAL         CURRENT         REQUIRED
	   residual            6.473165e+03    6.700845e-02    0.000000e+00 
	   energy              4.859279e-01    4.158125e-05    4.859279e-03 
	   displacement        1.143885e-02    1.139833e-04    1.007929e-08 
 3

 *************************************************************************
 *                                ERROR                                  *
 * Negative jacobian detected.                                           *
 *************************************************************************


------- failed to converge at time : 1.08106

Retrying time step. Retry attempt 2 of max 20


AUTO STEPPER: retry step, dt = 0.00297445


===== beginning time step 20 : 1.0809 =====


Reforming stiffness matrix: reformation #1

 1
 Nonlinear solution status: time= 1.0809
	stiffness updates             = 0
	right hand side evaluations   = 2
	stiffness matrix reformations = 1
	step from line search         = 1.000000
	convergence norms :     INITIAL         CURRENT         REQUIRED
	   residual            5.826208e+03    7.697185e-02    0.000000e+00 
	   energy              4.389146e-01    1.102265e-03    4.389146e-03 
	   displacement        1.029737e-02    1.029737e-02    1.029737e-08 
 2
 Nonlinear solution status: time= 1.0809
	stiffness updates             = 1
	right hand side evaluations   = 4
	stiffness matrix reformations = 1
	step from line search         = 0.632292
	convergence norms :     INITIAL         CURRENT         REQUIRED
	   residual            5.826208e+03    5.499156e-02    0.000000e+00 
	   energy              4.389146e-01    3.223052e-05    4.389146e-03 
	   displacement        1.029737e-02    1.041795e-04    9.047234e-09 
 3
 Nonlinear solution status: time= 1.0809
	stiffness updates             = 2
	right hand side evaluations   = 6
	stiffness matrix reformations = 1
	step from line search         = 0.175393
	convergence norms :     INITIAL         CURRENT         REQUIRED
	   residual            5.826208e+03    2.956941e-02    0.000000e+00 
	   energy              4.389146e-01    3.786429e-06    4.389146e-03 
	   displacement        1.029737e-02    1.872458e-06    8.929359e-09 
 4
 Nonlinear solution status: time= 1.0809
	stiffness updates             = 3
	right hand side evaluations   = 8
	stiffness matrix reformations = 1
	step from line search         = 0.543692
	convergence norms :     INITIAL         CURRENT         REQUIRED
	   residual            5.826208e+03    5.822188e-03    0.000000e+00 
	   energy              4.389146e-01    3.875919e-06    4.389146e-03 
	   displacement        1.029737e-02    9.625952e-06    8.775301e-09 
 5
 Nonlinear solution status: time= 1.0809
	stiffness updates             = 4
	right hand side evaluations   = 9
	stiffness matrix reformations = 1
	step from line search         = 1.000000
	convergence norms :     INITIAL         CURRENT         REQUIRED
	   residual            5.826208e+03    1.191219e-03    0.000000e+00 
	   energy              4.389146e-01    7.150039e-07    4.389146e-03 
	   displacement        1.029737e-02    1.370268e-06    8.874535e-09 
 6
 Nonlinear solution status: time= 1.0809
	stiffness updates             = 5
	right hand side evaluations   = 10
	stiffness matrix reformations = 1
	step from line search         = 1.000000
	convergence norms :     INITIAL         CURRENT         REQUIRED
	   residual            5.826208e+03    7.561799e-04    0.000000e+00 
	   energy              4.389146e-01    2.481554e-07    4.389146e-03 
	   displacement        1.029737e-02    2.774223e-07    8.919336e-09 
 7
 Nonlinear solution status: time= 1.0809
	stiffness updates             = 6
	right hand side evaluations   = 11
	stiffness matrix reformations = 1
	step from line search         = 1.000000
	convergence norms :     INITIAL         CURRENT         REQUIRED
	   residual            5.826208e+03    2.687754e-04    0.000000e+00 
	   energy              4.389146e-01    4.406683e-08    4.389146e-03 
	   displacement        1.029737e-02    6.304995e-08    8.909202e-09 
 8
 Nonlinear solution status: time= 1.0809
	stiffness updates             = 7
	right hand side evaluations   = 12
	stiffness matrix reformations = 1
	step from line search         = 1.000000
	convergence norms :     INITIAL         CURRENT         REQUIRED
	   residual            5.826208e+03    1.857587e-04    0.000000e+00 
	   energy              4.389146e-01    4.627665e-08    4.389146e-03 
	   displacement        1.029737e-02    3.796573e-08    8.900352e-09 
 9
 Nonlinear solution status: time= 1.0809
	stiffness updates             = 8
	right hand side evaluations   = 13
	stiffness matrix reformations = 1
	step from line search         = 1.000000
	convergence norms :     INITIAL         CURRENT         REQUIRED
	   residual            5.826208e+03    8.405551e-05    0.000000e+00 
	   energy              4.389146e-01    1.263272e-08    4.389146e-03 
	   displacement        1.029737e-02    1.074110e-08    8.904574e-09 
 10
 Nonlinear solution status: time= 1.0809
	stiffness updates             = 9
	right hand side evaluations   = 14
	stiffness matrix reformations = 1
	step from line search         = 1.000000
	convergence norms :     INITIAL         CURRENT         REQUIRED
	   residual            5.826208e+03    4.289400e-05    0.000000e+00 
	   energy              4.389146e-01    1.153579e-08    4.389146e-03 
	   displacement        1.029737e-02    7.147047e-09    8.910129e-09 

convergence summary
    number of iterations   : 10
    number of reformations : 1

------- converged at time : 1.0809


AUTO STEPPER: increasing time step, dt = 0.00331736


===== beginning time step 21 : 1.08422 =====


Reforming stiffness matrix: reformation #1

 1
 Nonlinear solution status: time= 1.08422
	stiffness updates             = 0
	right hand side evaluations   = 2
	stiffness matrix reformations = 1
	step from line search         = 1.000000
	convergence norms :     INITIAL         CURRENT         REQUIRED
	   residual            8.210569e+03    1.392216e-01    0.000000e+00 
	   energy              6.466009e-01    1.427508e-03    6.466009e-03 
	   displacement        1.505413e-02    1.505413e-02    1.505413e-08 
 2
 Nonlinear solution status: time= 1.08422
	stiffness updates             = 1
	right hand side evaluations   = 4
	stiffness matrix reformations = 1
	step from line search         = 0.602037
	convergence norms :     INITIAL         CURRENT         REQUIRED
	   residual            8.210569e+03    1.068793e-01    0.000000e+00 
	   energy              6.466009e-01    8.738862e-05    6.466009e-03 
	   displacement        1.505413e-02    1.706070e-04    1.325190e-08 
 3
 Nonlinear solution status: time= 1.08422
	stiffness updates             = 2
	right hand side evaluations   = 6
	stiffness matrix reformations = 1
	step from line search         = 0.228056
	convergence norms :     INITIAL         CURRENT         REQUIRED
	   residual            8.210569e+03    5.537837e-02    0.000000e+00 
	   energy              6.466009e-01    1.043721e-05    6.466009e-03 
	   displacement        1.505413e-02    4.070382e-06    1.303846e-08 
 4
 Nonlinear solution status: time= 1.08422
	stiffness updates             = 3
	right hand side evaluations   = 8
	stiffness matrix reformations = 1
	step from line search         = 0.500625
	convergence norms :     INITIAL         CURRENT         REQUIRED
	   residual            8.210569e+03    1.413927e-02    0.000000e+00 
	   energy              6.466009e-01    6.223926e-06    6.466009e-03 
	   displacement        1.505413e-02    2.149235e-05    1.277734e-08 
 5
 Nonlinear solution status: time= 1.08422
	stiffness updates             = 4
	right hand side evaluations   = 9
	stiffness matrix reformations = 1
	step from line search         = 1.000000
	convergence norms :     INITIAL         CURRENT         REQUIRED
	   residual            8.210569e+03    1.918611e-02    0.000000e+00 
	   energy              6.466009e-01    4.428678e-06    6.466009e-03 
	   displacement        1.505413e-02    4.980630e-06    1.299900e-08 
 6
 Nonlinear solution status: time= 1.08422
	stiffness updates             = 5
	right hand side evaluations   = 10
	stiffness matrix reformations = 1
	step from line search         = 1.000000
	convergence norms :     INITIAL         CURRENT         REQUIRED
	   residual            8.210569e+03    1.073097e-02    0.000000e+00 
	   energy              6.466009e-01    2.492992e-06    6.466009e-03 
	   displacement        1.505413e-02    1.230579e-06    1.311797e-08 
 7
 Nonlinear solution status: time= 1.08422
	stiffness updates             = 6
	right hand side evaluations   = 11
	stiffness matrix reformations = 1
	step from line search         = 1.000000
	convergence norms :     INITIAL         CURRENT         REQUIRED
	   residual            8.210569e+03    3.563537e-03    0.000000e+00 
	   energy              6.466009e-01    1.080372e-06    6.466009e-03 
	   displacement        1.505413e-02    6.899359e-07    1.306436e-08 
 8
 Nonlinear solution status: time= 1.08422
	stiffness updates             = 7
	right hand side evaluations   = 12
	stiffness matrix reformations = 1
	step from line search         = 1.000000
	convergence norms :     INITIAL         CURRENT         REQUIRED
	   residual            8.210569e+03    2.028113e-03    0.000000e+00 
	   energy              6.466009e-01    4.785455e-07    6.466009e-03 
	   displacement        1.505413e-02    2.895736e-07    1.303180e-08 
 9
 Nonlinear solution status: time= 1.08422
	stiffness updates             = 8
	right hand side evaluations   = 13
	stiffness matrix reformations = 1
	step from line search         = 1.000000
	convergence norms :     INITIAL         CURRENT         REQUIRED
	   residual            8.210569e+03    9.133927e-04    0.000000e+00 
	   energy              6.466009e-01    2.360513e-07    6.466009e-03 
	   displacement        1.505413e-02    1.476503e-07    1.305927e-08 
 10
 Nonlinear solution status: time= 1.08422
	stiffness updates             = 9
	right hand side evaluations   = 14
	stiffness matrix reformations = 1
	step from line search         = 1.000000
	convergence norms :     INITIAL         CURRENT         REQUIRED
	   residual            8.210569e+03    5.878844e-04    0.000000e+00 
	   energy              6.466009e-01    1.455139e-07    6.466009e-03 
	   displacement        1.505413e-02    7.021607e-08    1.307837e-08 

 *************************************************************************
 *                               WARNING                                 *
 * Max nr of iterations reached.                                         *
 * Stiffness matrix will now be reformed.                                *
 *************************************************************************
Reforming stiffness matrix: reformation #2

 11
 Nonlinear solution status: time= 1.08422
	stiffness updates             = 0
	right hand side evaluations   = 15
	stiffness matrix reformations = 2
	step from line search         = 1.000000
	convergence norms :     INITIAL         CURRENT         REQUIRED
	   residual            8.210569e+03    1.067790e-06    0.000000e+00 
	   energy              6.466009e-01    5.205343e-09    6.466009e-03 
	   displacement        1.505413e-02    4.078068e-08    1.306739e-08 
 12
 Nonlinear solution status: time= 1.08422
	stiffness updates             = 1
	right hand side evaluations   = 16
	stiffness matrix reformations = 2
	step from line search         = 1.000000
	convergence norms :     INITIAL         CURRENT         REQUIRED
	   residual            8.210569e+03    3.017998e-08    0.000000e+00 
	   energy              6.466009e-01    1.171521e-10    6.466009e-03 
	   displacement        1.505413e-02    9.173806e-10    1.306986e-08 

convergence summary
    number of iterations   : 12
    number of reformations : 2

------- converged at time : 1.08422


AUTO STEPPER: decreasing time step, dt = 0.00317613


===== beginning time step 22 : 1.0874 =====


Reforming stiffness matrix: reformation #1

 1
 Nonlinear solution status: time= 1.0874
	stiffness updates             = 0
	right hand side evaluations   = 2
	stiffness matrix reformations = 1
	step from line search         = 1.000000
	convergence norms :     INITIAL         CURRENT         REQUIRED
	   residual            8.350130e+03    1.563985e-01    0.000000e+00 
	   energy              7.012926e-01    1.645952e-03    7.012926e-03 
	   displacement        1.625819e-02    1.625819e-02    1.625819e-08 
 2
 Nonlinear solution status: time= 1.0874
	stiffness updates             = 1
	right hand side evaluations   = 4
	stiffness matrix reformations = 1
	step from line search         = 0.633246
	convergence norms :     INITIAL         CURRENT         REQUIRED
	   residual            8.350130e+03    1.082709e-01    0.000000e+00 
	   energy              7.012926e-01    9.935230e-05    7.012926e-03 
	   displacement        1.625819e-02    1.905948e-04    1.428814e-08 
 3
 Nonlinear solution status: time= 1.0874
	stiffness updates             = 2
	right hand side evaluations   = 6
	stiffness matrix reformations = 1
	step from line search         = 0.589281
	convergence norms :     INITIAL         CURRENT         REQUIRED
	   residual            8.350130e+03    3.290928e-02    0.000000e+00 
	   energy              7.012926e-01    5.523604e-06    7.012926e-03 
	   displacement        1.625819e-02    2.030162e-05    1.386770e-08 
 4
 Nonlinear solution status: time= 1.0874
	stiffness updates             = 3
	right hand side evaluations   = 8
	stiffness matrix reformations = 1
	step from line search         = 0.466794
	convergence norms :     INITIAL         CURRENT         REQUIRED
	   residual            8.350130e+03    1.498163e-02    0.000000e+00 
	   energy              7.012926e-01    1.981895e-06    7.012926e-03 
	   displacement        1.625819e-02    5.945731e-06    1.388943e-08 
 5
 Nonlinear solution status: time= 1.0874
	stiffness updates             = 4
	right hand side evaluations   = 9
	stiffness matrix reformations = 1
	step from line search         = 1.000000
	convergence norms :     INITIAL         CURRENT         REQUIRED
	   residual            8.350130e+03    1.025835e-02    0.000000e+00 
	   energy              7.012926e-01    3.828073e-06    7.012926e-03 
	   displacement        1.625819e-02    4.980006e-06    1.414300e-08 
 6
 Nonlinear solution status: time= 1.0874
	stiffness updates             = 5
	right hand side evaluations   = 10
	stiffness matrix reformations = 1
	step from line search         = 1.000000
	convergence norms :     INITIAL         CURRENT         REQUIRED
	   residual            8.350130e+03    6.766373e-03    0.000000e+00 
	   energy              7.012926e-01    1.313889e-06    7.012926e-03 
	   displacement        1.625819e-02    6.698568e-07    1.419762e-08 
 7
 Nonlinear solution status: time= 1.0874
	stiffness updates             = 6
	right hand side evaluations   = 11
	stiffness matrix reformations = 1
	step from line search         = 1.000000
	convergence norms :     INITIAL         CURRENT         REQUIRED
	   residual            8.350130e+03    3.889688e-03    0.000000e+00 
	   energy              7.012926e-01    8.844952e-07    7.012926e-03 
	   displacement        1.625819e-02    6.257631e-07    1.413213e-08 
 8
 Nonlinear solution status: time= 1.0874
	stiffness updates             = 7
	right hand side evaluations   = 12
	stiffness matrix reformations = 1
	step from line search         = 1.000000
	convergence norms :     INITIAL         CURRENT         REQUIRED
	   residual            8.350130e+03    2.299877e-03    0.000000e+00 
	   energy              7.012926e-01    3.815698e-07    7.012926e-03 
	   displacement        1.625819e-02    2.074136e-07    1.412471e-08 
 9
 Nonlinear solution status: time= 1.0874
	stiffness updates             = 8
	right hand side evaluations   = 13
	stiffness matrix reformations = 1
	step from line search         = 1.000000
	convergence norms :     INITIAL         CURRENT         REQUIRED
	   residual            8.350130e+03    2.253149e-03    0.000000e+00 
	   energy              7.012926e-01    4.277728e-07    7.012926e-03 
	   displacement        1.625819e-02    1.902439e-07    1.415012e-08 
 10
 Nonlinear solution status: time= 1.0874
	stiffness updates             = 9
	right hand side evaluations   = 14
	stiffness matrix reformations = 1
	step from line search         = 1.000000
	convergence norms :     INITIAL         CURRENT         REQUIRED
	   residual            8.350130e+03    6.040693e-04    0.000000e+00 
	   energy              7.012926e-01    1.125731e-07    7.012926e-03 
	   displacement        1.625819e-02    5.439355e-08    1.415361e-08 

 *************************************************************************
 *                               WARNING                                 *
 * Max nr of iterations reached.                                         *
 * Stiffness matrix will now be reformed.                                *
 *************************************************************************
Reforming stiffness matrix: reformation #2

 11
 Nonlinear solution status: time= 1.0874
	stiffness updates             = 0
	right hand side evaluations   = 15
	stiffness matrix reformations = 2
	step from line search         = 1.000000
	convergence norms :     INITIAL         CURRENT         REQUIRED
	   residual            8.350130e+03    6.981237e-07    0.000000e+00 
	   energy              7.012926e-01    2.784963e-09    7.012926e-03 
	   displacement        1.625819e-02    2.730034e-08    1.414898e-08 
 12
 Nonlinear solution status: time= 1.0874
	stiffness updates             = 1
	right hand side evaluations   = 16
	stiffness matrix reformations = 2
	step from line search         = 1.000000
	convergence norms :     INITIAL         CURRENT         REQUIRED
	   residual            8.350130e+03    1.153968e-08    0.000000e+00 
	   energy              7.012926e-01    5.395056e-11    7.012926e-03 
	   displacement        1.625819e-02    3.670962e-10    1.415050e-08 

convergence summary
    number of iterations   : 12
    number of reformations : 2

------- converged at time : 1.0874


AUTO STEPPER: decreasing time step, dt = 0.00304091


===== beginning time step 23 : 1.09044 =====


Reforming stiffness matrix: reformation #1

 1
 Nonlinear solution status: time= 1.09044
	stiffness updates             = 0
	right hand side evaluations   = 2
	stiffness matrix reformations = 1
	step from line search         = 1.000000
	convergence norms :     INITIAL         CURRENT         REQUIRED
	   residual            7.549075e+03    1.656176e-01    0.000000e+00 
	   energy              6.809690e-01    1.810299e-03    6.809690e-03 
	   displacement        1.703571e-02    1.703571e-02    1.703571e-08 
 2
 Nonlinear solution status: time= 1.09044
	stiffness updates             = 1
	right hand side evaluations   = 3
	stiffness matrix reformations = 1
	step from line search         = 1.000000
	convergence norms :     INITIAL         CURRENT         REQUIRED
	   residual            7.549075e+03    3.219398e-01    0.000000e+00 
	   energy              6.809690e-01    4.063171e-04    6.809690e-03 
	   displacement        1.703571e-02    4.479493e-04    1.405402e-08 
 3
 Nonlinear solution status: time= 1.09044
	stiffness updates             = 2
	right hand side evaluations   = 4
	stiffness matrix reformations = 1
	step from line search         = 1.000000
	convergence norms :     INITIAL         CURRENT         REQUIRED
	   residual            7.549075e+03    5.955762e-01    0.000000e+00 
	   energy              6.809690e-01    1.380077e-04    6.809690e-03 
	   displacement        1.703571e-02    8.825469e-05    1.427198e-08 
 4

 *************************************************************************
 *                                ERROR                                  *
 * Negative jacobian detected.                                           *
 *************************************************************************


------- failed to converge at time : 1.09044

Retrying time step. Retry attempt 1 of max 20


AUTO STEPPER: retry step, dt = 0.00289611


===== beginning time step 23 : 1.09029 =====


Reforming stiffness matrix: reformation #1

 1
 Nonlinear solution status: time= 1.09029
	stiffness updates             = 0
	right hand side evaluations   = 2
	stiffness matrix reformations = 1
	step from line search         = 1.000000
	convergence norms :     INITIAL         CURRENT         REQUIRED
	   residual            7.479347e+03    1.478281e-01    0.000000e+00 
	   energy              6.746871e-01    1.781347e-03    6.746871e-03 
	   displacement        1.567132e-02    1.567132e-02    1.567132e-08 
 2
 Nonlinear solution status: time= 1.09029
	stiffness updates             = 1
	right hand side evaluations   = 3
	stiffness matrix reformations = 1
	step from line search         = 1.000000
	convergence norms :     INITIAL         CURRENT         REQUIRED
	   residual            7.479347e+03    2.648421e-01    0.000000e+00 
	   energy              6.746871e-01    3.420493e-04    6.746871e-03 
	   displacement        1.567132e-02    3.893525e-04    1.297086e-08 
 3
 Nonlinear solution status: time= 1.09029
	stiffness updates             = 2
	right hand side evaluations   = 4
	stiffness matrix reformations = 1
	step from line search         = 1.000000
	convergence norms :     INITIAL         CURRENT         REQUIRED
	   residual            7.479347e+03    1.721636e-01    0.000000e+00 
	   energy              6.746871e-01    3.794352e-05    6.746871e-03 
	   displacement        1.567132e-02    7.175555e-05    1.322550e-08 
 4

 *************************************************************************
 *                                ERROR                                  *
 * Negative jacobian detected.                                           *
 *************************************************************************


------- failed to converge at time : 1.09029

Retrying time step. Retry attempt 2 of max 20


AUTO STEPPER: retry step, dt = 0.0027513


===== beginning time step 23 : 1.09015 =====


Reforming stiffness matrix: reformation #1

 1
 Nonlinear solution status: time= 1.09015
	stiffness updates             = 0
	right hand side evaluations   = 2
	stiffness matrix reformations = 1
	step from line search         = 1.000000
	convergence norms :     INITIAL         CURRENT         REQUIRED
	   residual            6.739031e+03    1.282705e-01    0.000000e+00 
	   energy              6.103928e-01    1.713463e-03    6.103928e-03 
	   displacement        1.411069e-02    1.411069e-02    1.411069e-08 
 2
 Nonlinear solution status: time= 1.09015
	stiffness updates             = 1
	right hand side evaluations   = 3
	stiffness matrix reformations = 1
	step from line search         = 1.000000
	convergence norms :     INITIAL         CURRENT         REQUIRED
	   residual            6.739031e+03    2.058699e-01    0.000000e+00 
	   energy              6.103928e-01    2.772006e-04    6.103928e-03 
	   displacement        1.411069e-02    3.321818e-04    1.170197e-08 
 3
 Nonlinear solution status: time= 1.09015
	stiffness updates             = 2
	right hand side evaluations   = 4
	stiffness matrix reformations = 1
	step from line search         = 1.000000
	convergence norms :     INITIAL         CURRENT         REQUIRED
	   residual            6.739031e+03    6.435470e-02    0.000000e+00 
	   energy              6.103928e-01    1.394088e-05    6.103928e-03 
	   displacement        1.411069e-02    5.510853e-05    1.197248e-08 
 4
 Nonlinear solution status: time= 1.09015
	stiffness updates             = 3
	right hand side evaluations   = 6
	stiffness matrix reformations = 1
	step from line search         = 0.437235
	convergence norms :     INITIAL         CURRENT         REQUIRED
	   residual            6.739031e+03    2.540495e-02    0.000000e+00 
	   energy              6.103928e-01    7.708684e-07    6.103928e-03 
	   displacement        1.411069e-02    5.193627e-06    1.219001e-08 
 5
 Nonlinear solution status: time= 1.09015
	stiffness updates             = 4
	right hand side evaluations   = 7
	stiffness matrix reformations = 1
	step from line search         = 1.000000
	convergence norms :     INITIAL         CURRENT         REQUIRED
	   residual            6.739031e+03    1.549010e-02    0.000000e+00 
	   energy              6.103928e-01    6.695953e-06    6.103928e-03 
	   displacement        1.411069e-02    3.591450e-06    1.238772e-08 
 6
 Nonlinear solution status: time= 1.09015
	stiffness updates             = 5
	right hand side evaluations   = 8
	stiffness matrix reformations = 1
	step from line search         = 1.000000
	convergence norms :     INITIAL         CURRENT         REQUIRED
	   residual            6.739031e+03    8.449319e-03    0.000000e+00 
	   energy              6.103928e-01    6.670649e-07    6.103928e-03 
	   displacement        1.411069e-02    9.454021e-07    1.233138e-08 
 7
 Nonlinear solution status: time= 1.09015
	stiffness updates             = 6
	right hand side evaluations   = 9
	stiffness matrix reformations = 1
	step from line search         = 1.000000
	convergence norms :     INITIAL         CURRENT         REQUIRED
	   residual            6.739031e+03    4.182371e-03    0.000000e+00 
	   energy              6.103928e-01    1.328810e-06    6.103928e-03 
	   displacement        1.411069e-02    9.232100e-07    1.225219e-08 
 8
 Nonlinear solution status: time= 1.09015
	stiffness updates             = 7
	right hand side evaluations   = 10
	stiffness matrix reformations = 1
	step from line search         = 1.000000
	convergence norms :     INITIAL         CURRENT         REQUIRED
	   residual            6.739031e+03    9.351804e-04    0.000000e+00 
	   energy              6.103928e-01    1.699973e-07    6.103928e-03 
	   displacement        1.411069e-02    1.747927e-07    1.228666e-08 
 9
 Nonlinear solution status: time= 1.09015
	stiffness updates             = 8
	right hand side evaluations   = 12
	stiffness matrix reformations = 1
	step from line search         = 0.590177
	convergence norms :     INITIAL         CURRENT         REQUIRED
	   residual            6.739031e+03    2.453602e-04    0.000000e+00 
	   energy              6.103928e-01    5.141928e-08    6.103928e-03 
	   displacement        1.411069e-02    4.064134e-08    1.230341e-08 
 10
 Nonlinear solution status: time= 1.09015
	stiffness updates             = 9
	right hand side evaluations   = 13
	stiffness matrix reformations = 1
	step from line search         = 1.000000
	convergence norms :     INITIAL         CURRENT         REQUIRED
	   residual            6.739031e+03    9.150193e-05    0.000000e+00 
	   energy              6.103928e-01    1.109650e-08    6.103928e-03 
	   displacement        1.411069e-02    1.262577e-08    1.230083e-08 

 *************************************************************************
 *                               WARNING                                 *
 * Max nr of iterations reached.                                         *
 * Stiffness matrix will now be reformed.                                *
 *************************************************************************
Reforming stiffness matrix: reformation #2

 11
 Nonlinear solution status: time= 1.09015
	stiffness updates             = 0
	right hand side evaluations   = 14
	stiffness matrix reformations = 2
	step from line search         = 1.000000
	convergence norms :     INITIAL         CURRENT         REQUIRED
	   residual            6.739031e+03    5.689202e-08    0.000000e+00 
	   energy              6.103928e-01    7.079680e-10    6.103928e-03 
	   displacement        1.411069e-02    1.121789e-08    1.229980e-08 

convergence summary
    number of iterations   : 11
    number of reformations : 2

------- converged at time : 1.09015


===== beginning time step 24 : 1.0929 =====


Reforming stiffness matrix: reformation #1

 1
 Nonlinear solution status: time= 1.0929
	stiffness updates             = 0
	right hand side evaluations   = 2
	stiffness matrix reformations = 1
	step from line search         = 1.000000
	convergence norms :     INITIAL         CURRENT         REQUIRED
	   residual            2.193151e+01    8.475837e-01    0.000000e+00 
	   energy              3.055022e-02    1.660054e-03    3.055022e-04 
	   displacement        1.209175e-02    1.209175e-02    1.209175e-08 
 2

 *************************************************************************
 *                                ERROR                                  *
 * Negative jacobian detected.                                           *
 *************************************************************************


------- failed to converge at time : 1.0929

Retrying time step. Retry attempt 1 of max 20


AUTO STEPPER: retry step, dt = 0.00262029


===== beginning time step 24 : 1.09277 =====


Reforming stiffness matrix: reformation #1

 1
 Nonlinear solution status: time= 1.09277
	stiffness updates             = 0
	right hand side evaluations   = 2
	stiffness matrix reformations = 1
	step from line search         = 1.000000
	convergence norms :     INITIAL         CURRENT         REQUIRED
	   residual            2.195160e+01    7.820734e-01    0.000000e+00 
	   energy              3.055337e-02    1.625360e-03    3.055337e-04 
	   displacement        1.108723e-02    1.108723e-02    1.108723e-08 
 2

 *************************************************************************
 *                                ERROR                                  *
 * Negative jacobian detected.                                           *
 *************************************************************************


------- failed to converge at time : 1.09277

Retrying time step. Retry attempt 2 of max 20


AUTO STEPPER: retry step, dt = 0.00248927


===== beginning time step 24 : 1.09264 =====


Reforming stiffness matrix: reformation #1

 1
 Nonlinear solution status: time= 1.09264
	stiffness updates             = 0
	right hand side evaluations   = 2
	stiffness matrix reformations = 1
	step from line search         = 1.000000
	convergence norms :     INITIAL         CURRENT         REQUIRED
	   residual            2.197463e+01    7.180524e-01    0.000000e+00 
	   energy              3.055377e-02    1.592509e-03    3.055377e-04 
	   displacement        1.011594e-02    1.011594e-02    1.011594e-08 
 2

 *************************************************************************
 *                                ERROR                                  *
 * Negative jacobian detected.                                           *
 *************************************************************************


------- failed to converge at time : 1.09264

Retrying time step. Retry attempt 3 of max 20


AUTO STEPPER: retry step, dt = 0.00235826


===== beginning time step 24 : 1.0925 =====


Reforming stiffness matrix: reformation #1

 1
 Nonlinear solution status: time= 1.0925
	stiffness updates             = 0
	right hand side evaluations   = 2
	stiffness matrix reformations = 1
	step from line search         = 1.000000
	convergence norms :     INITIAL         CURRENT         REQUIRED
	   residual            2.200125e+01    6.557383e-01    0.000000e+00 
	   energy              3.055125e-02    1.561588e-03    3.055125e-04 
	   displacement        9.179158e-03    9.179158e-03    9.179158e-09 
 2
 Nonlinear solution status: time= 1.0925
	stiffness updates             = 1
	right hand side evaluations   = 4
	stiffness matrix reformations = 1
	step from line search         = 0.040528
	convergence norms :     INITIAL         CURRENT         REQUIRED
	   residual            2.200125e+01    3.981133e-01    0.000000e+00 
	   energy              3.055125e-02    1.657342e-05    3.055125e-04 
	   displacement        9.179158e-03    3.404841e-07    9.114191e-09 
 3
 Nonlinear solution status: time= 1.0925
	stiffness updates             = 2
	right hand side evaluations   = 6
	stiffness matrix reformations = 1
	step from line search         = 0.241460
	convergence norms :     INITIAL         CURRENT         REQUIRED
	   residual            2.200125e+01    1.277066e+00    0.000000e+00 
	   energy              3.055125e-02    5.008168e-05    3.055125e-04 
	   displacement        9.179158e-03    4.688866e-05    8.317076e-09 
 4
 Nonlinear solution status: time= 1.0925
	stiffness updates             = 3
	right hand side evaluations   = 9
	stiffness matrix reformations = 1
	step from line search         = 0.235384
	convergence norms :     INITIAL         CURRENT         REQUIRED
	   residual            2.200125e+01    9.080369e-01    0.000000e+00 
	   energy              3.055125e-02    3.600990e-05    3.055125e-04 
	   displacement        9.179158e-03    1.857994e-05    7.840605e-09 
 5
 Nonlinear solution status: time= 1.0925
	stiffness updates             = 4
	right hand side evaluations   = 11
	stiffness matrix reformations = 1
	step from line search         = 0.539572
	convergence norms :     INITIAL         CURRENT         REQUIRED
	   residual            2.200125e+01    4.449949e-01    0.000000e+00 
	   energy              3.055125e-02    3.438846e-05    3.055125e-04 
	   displacement        9.179158e-03    5.877665e-06    7.639351e-09 
 6
 Nonlinear solution status: time= 1.0925
	stiffness updates             = 5
	right hand side evaluations   = 13
	stiffness matrix reformations = 1
	step from line search         = 0.578936
	convergence norms :     INITIAL         CURRENT         REQUIRED
	   residual            2.200125e+01    2.804061e-01    0.000000e+00 
	   energy              3.055125e-02    2.116093e-05    3.055125e-04 
	   displacement        9.179158e-03    3.456337e-06    7.745703e-09 
 7
 Nonlinear solution status: time= 1.0925
	stiffness updates             = 6
	right hand side evaluations   = 15
	stiffness matrix reformations = 1
	step from line search         = 0.577565
	convergence norms :     INITIAL         CURRENT         REQUIRED
	   residual            2.200125e+01    1.475909e-01    0.000000e+00 
	   energy              3.055125e-02    6.383095e-06    3.055125e-04 
	   displacement        9.179158e-03    2.284212e-06    7.869366e-09 
 8
 Nonlinear solution status: time= 1.0925
	stiffness updates             = 7
	right hand side evaluations   = 17
	stiffness matrix reformations = 1
	step from line search         = 0.522257
	convergence norms :     INITIAL         CURRENT         REQUIRED
	   residual            2.200125e+01    5.744872e-02    0.000000e+00 
	   energy              3.055125e-02    3.755789e-06    3.055125e-04 
	   displacement        9.179158e-03    6.547574e-07    7.922725e-09 
 9
 Nonlinear solution status: time= 1.0925
	stiffness updates             = 8
	right hand side evaluations   = 19
	stiffness matrix reformations = 1
	step from line search         = 0.562167
	convergence norms :     INITIAL         CURRENT         REQUIRED
	   residual            2.200125e+01    4.234675e-02    0.000000e+00 
	   energy              3.055125e-02    1.318282e-06    3.055125e-04 
	   displacement        9.179158e-03    3.636059e-07    7.900960e-09 
 10
 Nonlinear solution status: time= 1.0925
	stiffness updates             = 9
	right hand side evaluations   = 21
	stiffness matrix reformations = 1
	step from line search         = 0.482063
	convergence norms :     INITIAL         CURRENT         REQUIRED
	   residual            2.200125e+01    2.800868e-02    0.000000e+00 
	   energy              3.055125e-02    1.429164e-06    3.055125e-04 
	   displacement        9.179158e-03    3.417749e-07    7.866778e-09 

 *************************************************************************
 *                               WARNING                                 *
 * Max nr of iterations reached.                                         *
 * Stiffness matrix will now be reformed.                                *
 *************************************************************************
Reforming stiffness matrix: reformation #2

 11
 Nonlinear solution status: time= 1.0925
	stiffness updates             = 0
	right hand side evaluations   = 22
	stiffness matrix reformations = 2
	step from line search         = 1.000000
	convergence norms :     INITIAL         CURRENT         REQUIRED
	   residual            2.200125e+01    1.365939e-03    0.000000e+00 
	   energy              3.055125e-02    3.586640e-07    3.055125e-04 
	   displacement        9.179158e-03    2.566401e-07    7.879772e-09 
 12
 Nonlinear solution status: time= 1.0925
	stiffness updates             = 1
	right hand side evaluations   = 24
	stiffness matrix reformations = 2
	step from line search         = 0.578712
	convergence norms :     INITIAL         CURRENT         REQUIRED
	   residual            2.200125e+01    4.266331e-04    0.000000e+00 
	   energy              3.055125e-02    1.123693e-07    3.055125e-04 
	   displacement        9.179158e-03    3.685223e-08    7.877563e-09 
 13
 Nonlinear solution status: time= 1.0925
	stiffness updates             = 2
	right hand side evaluations   = 25
	stiffness matrix reformations = 2
	step from line search         = 1.000000
	convergence norms :     INITIAL         CURRENT         REQUIRED
	   residual            2.200125e+01    9.817391e-05    0.000000e+00 
	   energy              3.055125e-02    5.496195e-09    3.055125e-04 
	   displacement        9.179158e-03    1.055800e-08    7.874129e-09 
 14
 Nonlinear solution status: time= 1.0925
	stiffness updates             = 3
	right hand side evaluations   = 26
	stiffness matrix reformations = 2
	step from line search         = 1.000000
	convergence norms :     INITIAL         CURRENT         REQUIRED
	   residual            2.200125e+01    1.436657e-05    0.000000e+00 
	   energy              3.055125e-02    2.334765e-09    3.055125e-04 
	   displacement        9.179158e-03    1.683380e-09    7.874961e-09 

convergence summary
    number of iterations   : 14
    number of reformations : 2

------- converged at time : 1.0925


AUTO STEPPER: decreasing time step, dt = 0.00209037


===== beginning time step 25 : 1.0946 =====


Reforming stiffness matrix: reformation #1

 1
 Nonlinear solution status: time= 1.0946
	stiffness updates             = 0
	right hand side evaluations   = 2
	stiffness matrix reformations = 1
	step from line search         = 1.000000
	convergence norms :     INITIAL         CURRENT         REQUIRED
	   residual            2.742739e-01    1.251372e-01    0.000000e+00 
	   energy              2.562543e-02    1.390237e-03    2.562543e-04 
	   displacement        6.612168e-03    6.612168e-03    6.612168e-09 
 2
 Nonlinear solution status: time= 1.0946
	stiffness updates             = 1
	right hand side evaluations   = 3
	stiffness matrix reformations = 1
	step from line search         = 1.000000
	convergence norms :     INITIAL         CURRENT         REQUIRED
	   residual            2.742739e-01    1.248329e-01    0.000000e+00 
	   energy              2.562543e-02    9.010765e-05    2.562543e-04 
	   displacement        6.612168e-03    1.400782e-04    5.528306e-09 
 3
 Nonlinear solution status: time= 1.0946
	stiffness updates             = 2
	right hand side evaluations   = 4
	stiffness matrix reformations = 1
	step from line search         = 1.000000
	convergence norms :     INITIAL         CURRENT         REQUIRED
	   residual            2.742739e-01    7.107967e-02    0.000000e+00 
	   energy              2.562543e-02    1.709324e-05    2.562543e-04 
	   displacement        6.612168e-03    7.622199e-06    5.540014e-09 
 4
 Nonlinear solution status: time= 1.0946
	stiffness updates             = 3
	right hand side evaluations   = 5
	stiffness matrix reformations = 1
	step from line search         = 1.000000
	convergence norms :     INITIAL         CURRENT         REQUIRED
	   residual            2.742739e-01    3.573296e-02    0.000000e+00 
	   energy              2.562543e-02    1.000051e-05    2.562543e-04 
	   displacement        6.612168e-03    3.292929e-06    5.655291e-09 
 5
 Nonlinear solution status: time= 1.0946
	stiffness updates             = 4
	right hand side evaluations   = 6
	stiffness matrix reformations = 1
	step from line search         = 1.000000
	convergence norms :     INITIAL         CURRENT         REQUIRED
	   residual            2.742739e-01    8.068446e-03    0.000000e+00 
	   energy              2.562543e-02    2.538340e-06    2.562543e-04 
	   displacement        6.612168e-03    8.598190e-07    5.642489e-09 
 6
 Nonlinear solution status: time= 1.0946
	stiffness updates             = 5
	right hand side evaluations   = 7
	stiffness matrix reformations = 1
	step from line search         = 1.000000
	convergence norms :     INITIAL         CURRENT         REQUIRED
	   residual            2.742739e-01    6.199009e-03    0.000000e+00 
	   energy              2.562543e-02    1.566127e-06    2.562543e-04 
	   displacement        6.612168e-03    3.943365e-07    5.612006e-09 
 7
 Nonlinear solution status: time= 1.0946
	stiffness updates             = 6
	right hand side evaluations   = 8
	stiffness matrix reformations = 1
	step from line search         = 1.000000
	convergence norms :     INITIAL         CURRENT         REQUIRED
	   residual            2.742739e-01    1.845045e-03    0.000000e+00 
	   energy              2.562543e-02    4.717812e-07    2.562543e-04 
	   displacement        6.612168e-03    1.191697e-07    5.620603e-09 
 8
 Nonlinear solution status: time= 1.0946
	stiffness updates             = 7
	right hand side evaluations   = 9
	stiffness matrix reformations = 1
	step from line search         = 1.000000
	convergence norms :     INITIAL         CURRENT         REQUIRED
	   residual            2.742739e-01    1.201459e-03    0.000000e+00 
	   energy              2.562543e-02    3.044881e-07    2.562543e-04 
	   displacement        6.612168e-03    7.340585e-08    5.632988e-09 
 9
 Nonlinear solution status: time= 1.0946
	stiffness updates             = 8
	right hand side evaluations   = 10
	stiffness matrix reformations = 1
	step from line search         = 1.000000
	convergence norms :     INITIAL         CURRENT         REQUIRED
	   residual            2.742739e-01    2.799351e-04    0.000000e+00 
	   energy              2.562543e-02    5.511499e-08    2.562543e-04 
	   displacement        6.612168e-03    2.179133e-08    5.627746e-09 
 10
 Nonlinear solution status: time= 1.0946
	stiffness updates             = 9
	right hand side evaluations   = 12
	stiffness matrix reformations = 1
	step from line search         = 0.623480
	convergence norms :     INITIAL         CURRENT         REQUIRED
	   residual            2.742739e-01    3.851294e-05    0.000000e+00 
	   energy              2.562543e-02    7.427944e-09    2.562543e-04 
	   displacement        6.612168e-03    3.650985e-09    5.625550e-09 

convergence summary
    number of iterations   : 10
    number of reformations : 1

------- converged at time : 1.0946


AUTO STEPPER: increasing time step, dt = 0.00247643


===== beginning time step 26 : 1.09707 =====


Reforming stiffness matrix: reformation #1

 1
 Nonlinear solution status: time= 1.09707
	stiffness updates             = 0
	right hand side evaluations   = 2
	stiffness matrix reformations = 1
	step from line search         = 1.000000
	convergence norms :     INITIAL         CURRENT         REQUIRED
	   residual            1.906403e-01    1.324135e-01    0.000000e+00 
	   energy              2.385320e-02    1.387925e-03    2.385320e-04 
	   displacement        8.449164e-03    8.449164e-03    8.449164e-09 
 2
 Nonlinear solution status: time= 1.09707
	stiffness updates             = 1
	right hand side evaluations   = 3
	stiffness matrix reformations = 1
	step from line search         = 1.000000
	convergence norms :     INITIAL         CURRENT         REQUIRED
	   residual            1.906403e-01    1.272683e-01    0.000000e+00 
	   energy              2.385320e-02    9.781599e-05    2.385320e-04 
	   displacement        8.449164e-03    1.747354e-04    7.008019e-09 
 3
 Nonlinear solution status: time= 1.09707
	stiffness updates             = 2
	right hand side evaluations   = 4
	stiffness matrix reformations = 1
	step from line search         = 1.000000
	convergence norms :     INITIAL         CURRENT         REQUIRED
	   residual            1.906403e-01    5.751735e-02    0.000000e+00 
	   energy              2.385320e-02    2.236652e-05    2.385320e-04 
	   displacement        8.449164e-03    1.218163e-05    6.989976e-09 
 4
 Nonlinear solution status: time= 1.09707
	stiffness updates             = 3
	right hand side evaluations   = 5
	stiffness matrix reformations = 1
	step from line search         = 1.000000
	convergence norms :     INITIAL         CURRENT         REQUIRED
	   residual            1.906403e-01    2.976783e-02    0.000000e+00 
	   energy              2.385320e-02    1.229018e-05    2.385320e-04 
	   displacement        8.449164e-03    5.482461e-06    7.173746e-09 
 5
 Nonlinear solution status: time= 1.09707
	stiffness updates             = 4
	right hand side evaluations   = 6
	stiffness matrix reformations = 1
	step from line search         = 1.000000
	convergence norms :     INITIAL         CURRENT         REQUIRED
	   residual            1.906403e-01    1.332318e-02    0.000000e+00 
	   energy              2.385320e-02    4.901922e-06    2.385320e-04 
	   displacement        8.449164e-03    1.404524e-06    7.174231e-09 
 6
 Nonlinear solution status: time= 1.09707
	stiffness updates             = 5
	right hand side evaluations   = 7
	stiffness matrix reformations = 1
	step from line search         = 1.000000
	convergence norms :     INITIAL         CURRENT         REQUIRED
	   residual            1.906403e-01    7.168607e-03    0.000000e+00 
	   energy              2.385320e-02    2.632169e-06    2.385320e-04 
	   displacement        8.449164e-03    9.814603e-07    7.113827e-09 
 7
 Nonlinear solution status: time= 1.09707
	stiffness updates             = 6
	right hand side evaluations   = 8
	stiffness matrix reformations = 1
	step from line search         = 1.000000
	convergence norms :     INITIAL         CURRENT         REQUIRED
	   residual            1.906403e-01    3.389195e-03    0.000000e+00 
	   energy              2.385320e-02    1.112874e-06    2.385320e-04 
	   displacement        8.449164e-03    2.983872e-07    7.123772e-09 
 8
 Nonlinear solution status: time= 1.09707
	stiffness updates             = 7
	right hand side evaluations   = 9
	stiffness matrix reformations = 1
	step from line search         = 1.000000
	convergence norms :     INITIAL         CURRENT         REQUIRED
	   residual            1.906403e-01    1.845522e-03    0.000000e+00 
	   energy              2.385320e-02    6.898907e-07    2.385320e-04 
	   displacement        8.449164e-03    1.949880e-07    7.149292e-09 
 9
 Nonlinear solution status: time= 1.09707
	stiffness updates             = 8
	right hand side evaluations   = 10
	stiffness matrix reformations = 1
	step from line search         = 1.000000
	convergence norms :     INITIAL         CURRENT         REQUIRED
	   residual            1.906403e-01    6.290382e-04    0.000000e+00 
	   energy              2.385320e-02    2.255278e-07    2.385320e-04 
	   displacement        8.449164e-03    7.090076e-08    7.142427e-09 
 10
 Nonlinear solution status: time= 1.09707
	stiffness updates             = 9
	right hand side evaluations   = 11
	stiffness matrix reformations = 1
	step from line search         = 1.000000
	convergence norms :     INITIAL         CURRENT         REQUIRED
	   residual            1.906403e-01    3.918866e-04    0.000000e+00 
	   energy              2.385320e-02    1.482368e-07    2.385320e-04 
	   displacement        8.449164e-03    4.022189e-08    7.132679e-09 

 *************************************************************************
 *                               WARNING                                 *
 * Max nr of iterations reached.                                         *
 * Stiffness matrix will now be reformed.                                *
 *************************************************************************
Reforming stiffness matrix: reformation #2

 11
 Nonlinear solution status: time= 1.09707
	stiffness updates             = 0
	right hand side evaluations   = 12
	stiffness matrix reformations = 2
	step from line search         = 1.000000
	convergence norms :     INITIAL         CURRENT         REQUIRED
	   residual            1.906403e-01    3.287988e-08    0.000000e+00 
	   energy              2.385320e-02    3.857407e-09    2.385320e-04 
	   displacement        8.449164e-03    1.670389e-08    7.140023e-09 
 12
 Nonlinear solution status: time= 1.09707
	stiffness updates             = 1
	right hand side evaluations   = 13
	stiffness matrix reformations = 2
	step from line search         = 1.000000
	convergence norms :     INITIAL         CURRENT         REQUIRED
	   residual            1.906403e-01    1.509706e-08    0.000000e+00 
	   energy              2.385320e-02    1.106048e-10    2.385320e-04 
	   displacement        8.449164e-03    5.981775e-10    7.138072e-09 

convergence summary
    number of iterations   : 12
    number of reformations : 2

------- converged at time : 1.09707


AUTO STEPPER: decreasing time step, dt = 0.002371


===== beginning time step 27 : 1.09944 =====


Reforming stiffness matrix: reformation #1

 1
 Nonlinear solution status: time= 1.09944
	stiffness updates             = 0
	right hand side evaluations   = 2
	stiffness matrix reformations = 1
	step from line search         = 1.000000
	convergence norms :     INITIAL         CURRENT         REQUIRED
	   residual            1.913276e-01    9.953373e-02    0.000000e+00 
	   energy              2.173558e-02    1.272852e-03    2.173558e-04 
	   displacement        7.126023e-03    7.126023e-03    7.126023e-09 
 2
 Nonlinear solution status: time= 1.09944
	stiffness updates             = 1
	right hand side evaluations   = 3
	stiffness matrix reformations = 1
	step from line search         = 1.000000
	convergence norms :     INITIAL         CURRENT         REQUIRED
	   residual            1.913276e-01    8.938019e-02    0.000000e+00 
	   energy              2.173558e-02    7.548333e-05    2.173558e-04 
	   displacement        7.126023e-03    1.529641e-04    5.876794e-09 
 3
 Nonlinear solution status: time= 1.09944
	stiffness updates             = 2
	right hand side evaluations   = 4
	stiffness matrix reformations = 1
	step from line search         = 1.000000
	convergence norms :     INITIAL         CURRENT         REQUIRED
	   residual            1.913276e-01    3.275657e-02    0.000000e+00 
	   energy              2.173558e-02    1.501841e-05    2.173558e-04 
	   displacement        7.126023e-03    8.421213e-06    5.890321e-09 
 4
 Nonlinear solution status: time= 1.09944
	stiffness updates             = 3
	right hand side evaluations   = 5
	stiffness matrix reformations = 1
	step from line search         = 1.000000
	convergence norms :     INITIAL         CURRENT         REQUIRED
	   residual            1.913276e-01    1.391224e-02    0.000000e+00 
	   energy              2.173558e-02    6.836173e-06    2.173558e-04 
	   displacement        7.126023e-03    3.411736e-06    6.013559e-09 
 5
 Nonlinear solution status: time= 1.09944
	stiffness updates             = 4
	right hand side evaluations   = 6
	stiffness matrix reformations = 1
	step from line search         = 1.000000
	convergence norms :     INITIAL         CURRENT         REQUIRED
	   residual            1.913276e-01    5.385831e-03    0.000000e+00 
	   energy              2.173558e-02    2.273996e-06    2.173558e-04 
	   displacement        7.126023e-03    7.380043e-07    6.005148e-09 
 6
 Nonlinear solution status: time= 1.09944
	stiffness updates             = 5
	right hand side evaluations   = 7
	stiffness matrix reformations = 1
	step from line search         = 1.000000
	convergence norms :     INITIAL         CURRENT         REQUIRED
	   residual            1.913276e-01    2.543857e-03    0.000000e+00 
	   energy              2.173558e-02    1.173608e-06    2.173558e-04 
	   displacement        7.126023e-03    4.326638e-07    5.972739e-09 
 7
 Nonlinear solution status: time= 1.09944
	stiffness updates             = 6
	right hand side evaluations   = 8
	stiffness matrix reformations = 1
	step from line search         = 1.000000
	convergence norms :     INITIAL         CURRENT         REQUIRED
	   residual            1.913276e-01    8.984668e-04    0.000000e+00 
	   energy              2.173558e-02    3.494152e-07    2.173558e-04 
	   displacement        7.126023e-03    1.378259e-07    5.981058e-09 
 8
 Nonlinear solution status: time= 1.09944
	stiffness updates             = 7
	right hand side evaluations   = 9
	stiffness matrix reformations = 1
	step from line search         = 1.000000
	convergence norms :     INITIAL         CURRENT         REQUIRED
	   residual            1.913276e-01    4.168319e-04    0.000000e+00 
	   energy              2.173558e-02    1.970390e-07    2.173558e-04 
	   displacement        7.126023e-03    6.370114e-08    5.992657e-09 
 9
 Nonlinear solution status: time= 1.09944
	stiffness updates             = 8
	right hand side evaluations   = 10
	stiffness matrix reformations = 1
	step from line search         = 1.000000
	convergence norms :     INITIAL         CURRENT         REQUIRED
	   residual            1.913276e-01    1.172844e-04    0.000000e+00 
	   energy              2.173558e-02    4.369023e-08    2.173558e-04 
	   displacement        7.126023e-03    2.158227e-08    5.988449e-09 
 10
 Nonlinear solution status: time= 1.09944
	stiffness updates             = 9
	right hand side evaluations   = 11
	stiffness matrix reformations = 1
	step from line search         = 1.000000
	convergence norms :     INITIAL         CURRENT         REQUIRED
	   residual            1.913276e-01    7.637654e-05    0.000000e+00 
	   energy              2.173558e-02    3.008886e-08    2.173558e-04 
	   displacement        7.126023e-03    7.490316e-09    5.984888e-09 

 *************************************************************************
 *                               WARNING                                 *
 * Max nr of iterations reached.                                         *
 * Stiffness matrix will now be reformed.                                *
 *************************************************************************
Reforming stiffness matrix: reformation #2

 11
 Nonlinear solution status: time= 1.09944
	stiffness updates             = 0
	right hand side evaluations   = 12
	stiffness matrix reformations = 2
	step from line search         = 1.000000
	convergence norms :     INITIAL         CURRENT         REQUIRED
	   residual            1.913276e-01    5.376398e-09    0.000000e+00 
	   energy              2.173558e-02    8.034757e-10    2.173558e-04 
	   displacement        7.126023e-03    3.347852e-09    5.987871e-09 

convergence summary
    number of iterations   : 11
    number of reformations : 2

------- converged at time : 1.09944

MUST POINT CONTROLLER: adjusting time step. dt = 0.000557277


===== beginning time step 28 : 1.1 =====


Reforming stiffness matrix: reformation #1

 1
 Nonlinear solution status: time= 1.1
	stiffness updates             = 0
	right hand side evaluations   = 2
	stiffness matrix reformations = 1
	step from line search         = 1.000000
	convergence norms :     INITIAL         CURRENT         REQUIRED
	   residual            2.902824e+00    1.908133e-01    0.000000e+00 
	   energy              1.955278e-02    1.330967e-03    1.955278e-04 
	   displacement        3.794266e-04    3.794266e-04    3.794266e-10 
 2
 Nonlinear solution status: time= 1.1
	stiffness updates             = 1
	right hand side evaluations   = 3
	stiffness matrix reformations = 1
	step from line search         = 1.000000
	convergence norms :     INITIAL         CURRENT         REQUIRED
	   residual            2.902824e+00    2.570478e-02    0.000000e+00 
	   energy              1.955278e-02    8.835836e-05    1.955278e-04 
	   displacement        3.794266e-04    2.170999e-05    3.150180e-10 
 3
 Nonlinear solution status: time= 1.1
	stiffness updates             = 2
	right hand side evaluations   = 4
	stiffness matrix reformations = 1
	step from line search         = 1.000000
	convergence norms :     INITIAL         CURRENT         REQUIRED
	   residual            2.902824e+00    7.229565e-04    0.000000e+00 
	   energy              1.955278e-02    1.598152e-06    1.955278e-04 
	   displacement        3.794266e-04    8.192875e-07    3.192554e-10 
 4
 Nonlinear solution status: time= 1.1
	stiffness updates             = 3
	right hand side evaluations   = 5
	stiffness matrix reformations = 1
	step from line search         = 1.000000
	convergence norms :     INITIAL         CURRENT         REQUIRED
	   residual            2.902824e+00    1.782476e-05    0.000000e+00 
	   energy              1.955278e-02    4.729525e-08    1.955278e-04 
	   displacement        3.794266e-04    2.092709e-08    3.214282e-10 
 5
 Nonlinear solution status: time= 1.1
	stiffness updates             = 4
	right hand side evaluations   = 6
	stiffness matrix reformations = 1
	step from line search         = 1.000000
	convergence norms :     INITIAL         CURRENT         REQUIRED
	   residual            2.902824e+00    1.613233e-06    0.000000e+00 
	   energy              1.955278e-02    3.716195e-09    1.955278e-04 
	   displacement        3.794266e-04    1.760654e-09    3.216702e-10 
 6
 Nonlinear solution status: time= 1.1
	stiffness updates             = 5
	right hand side evaluations   = 7
	stiffness matrix reformations = 1
	step from line search         = 1.000000
	convergence norms :     INITIAL         CURRENT         REQUIRED
	   residual            2.902824e+00    6.070227e-08    0.000000e+00 
	   energy              1.955278e-02    6.801714e-11    1.955278e-04 
	   displacement        3.794266e-04    1.529395e-10    3.215892e-10 

convergence summary
    number of iterations   : 6
    number of reformations : 1

------- converged at time : 1.1


AUTO STEPPER: increasing time step, dt = 0.0038968


===== beginning time step 29 : 1.1039 =====


Reforming stiffness matrix: reformation #1

 1
 Nonlinear solution status: time= 1.1039
	stiffness updates             = 0
	right hand side evaluations   = 2
	stiffness matrix reformations = 1
	step from line search         = 1.000000
	convergence norms :     INITIAL         CURRENT         REQUIRED
	   residual            7.048616e-02    2.042199e-01    0.000000e+00 
	   energy              2.005404e-02    1.482603e-03    2.005404e-04 
	   displacement        1.654164e-02    1.654164e-02    1.654164e-08 
 2
 Nonlinear solution status: time= 1.1039
	stiffness updates             = 1
	right hand side evaluations   = 3
	stiffness matrix reformations = 1
	step from line search         = 1.000000
	convergence norms :     INITIAL         CURRENT         REQUIRED
	   residual            7.048616e-02    3.154369e-01    0.000000e+00 
	   energy              2.005404e-02    2.019338e-04    2.005404e-04 
	   displacement        1.654164e-02    3.356472e-04    1.350028e-08 
 3
 Nonlinear solution status: time= 1.1039
	stiffness updates             = 2
	right hand side evaluations   = 4
	stiffness matrix reformations = 1
	step from line search         = 1.000000
	convergence norms :     INITIAL         CURRENT         REQUIRED
	   residual            7.048616e-02    2.734854e-01    0.000000e+00 
	   energy              2.005404e-02    1.051539e-04    2.005404e-04 
	   displacement        1.654164e-02    6.079873e-05    1.295973e-08 
 4
 Nonlinear solution status: time= 1.1039
	stiffness updates             = 3
	right hand side evaluations   = 5
	stiffness matrix reformations = 1
	step from line search         = 1.000000
	convergence norms :     INITIAL         CURRENT         REQUIRED
	   residual            7.048616e-02    2.378897e-01    0.000000e+00 
	   energy              2.005404e-02    9.677649e-05    2.005404e-04 
	   displacement        1.654164e-02    5.923800e-05    1.382466e-08 
 5
 Nonlinear solution status: time= 1.1039
	stiffness updates             = 4
	right hand side evaluations   = 6
	stiffness matrix reformations = 1
	step from line search         = 1.000000
	convergence norms :     INITIAL         CURRENT         REQUIRED
	   residual            7.048616e-02    1.394297e-01    0.000000e+00 
	   energy              2.005404e-02    5.735190e-05    2.005404e-04 
	   displacement        1.654164e-02    2.540395e-05    1.412580e-08 
 6
 Nonlinear solution status: time= 1.1039
	stiffness updates             = 5
	right hand side evaluations   = 7
	stiffness matrix reformations = 1
	step from line search         = 1.000000
	convergence norms :     INITIAL         CURRENT         REQUIRED
	   residual            7.048616e-02    1.198189e-01    0.000000e+00 
	   energy              2.005404e-02    5.065950e-05    2.005404e-04 
	   displacement        1.654164e-02    2.560271e-05    1.362836e-08 
 7
 Nonlinear solution status: time= 1.1039
	stiffness updates             = 6
	right hand side evaluations   = 8
	stiffness matrix reformations = 1
	step from line search         = 1.000000
	convergence norms :     INITIAL         CURRENT         REQUIRED
	   residual            7.048616e-02    6.048398e-02    0.000000e+00 
	   energy              2.005404e-02    2.405808e-05    2.005404e-04 
	   displacement        1.654164e-02    1.128930e-05    1.352959e-08 
 8
 Nonlinear solution status: time= 1.1039
	stiffness updates             = 7
	right hand side evaluations   = 10
	stiffness matrix reformations = 1
	step from line search         = 0.605344
	convergence norms :     INITIAL         CURRENT         REQUIRED
	   residual            7.048616e-02    1.814544e-02    0.000000e+00 
	   energy              2.005404e-02    3.825464e-06    2.005404e-04 
	   displacement        1.654164e-02    3.898316e-06    1.372652e-08 
 9
 Nonlinear solution status: time= 1.1039
	stiffness updates             = 8
	right hand side evaluations   = 12
	stiffness matrix reformations = 1
	step from line search         = 0.547469
	convergence norms :     INITIAL         CURRENT         REQUIRED
	   residual            7.048616e-02    6.008190e-03    0.000000e+00 
	   energy              2.005404e-02    1.761062e-06    2.005404e-04 
	   displacement        1.654164e-02    1.082168e-06    1.382187e-08 
 10
 Nonlinear solution status: time= 1.1039
	stiffness updates             = 9
	right hand side evaluations   = 14
	stiffness matrix reformations = 1
	step from line search         = 0.555166
	convergence norms :     INITIAL         CURRENT         REQUIRED
	   residual            7.048616e-02    2.156888e-03    0.000000e+00 
	   energy              2.005404e-02    6.474770e-07    2.005404e-04 
	   displacement        1.654164e-02    4.152071e-07    1.381083e-08 

 *************************************************************************
 *                               WARNING                                 *
 * Max nr of iterations reached.                                         *
 * Stiffness matrix will now be reformed.                                *
 *************************************************************************
Reforming stiffness matrix: reformation #2

 11
 Nonlinear solution status: time= 1.1039
	stiffness updates             = 0
	right hand side evaluations   = 15
	stiffness matrix reformations = 2
	step from line search         = 1.000000
	convergence norms :     INITIAL         CURRENT         REQUIRED
	   residual            7.048616e-02    7.750841e-07    0.000000e+00 
	   energy              2.005404e-02    3.092965e-08    2.005404e-04 
	   displacement        1.654164e-02    2.816867e-07    1.377406e-08 
 12
 Nonlinear solution status: time= 1.1039
	stiffness updates             = 1
	right hand side evaluations   = 16
	stiffness matrix reformations = 2
	step from line search         = 1.000000
	convergence norms :     INITIAL         CURRENT         REQUIRED
	   residual            7.048616e-02    4.817091e-08    0.000000e+00 
	   energy              2.005404e-02    5.090580e-10    2.005404e-04 
	   displacement        1.654164e-02    5.930882e-09    1.378002e-08 

convergence summary
    number of iterations   : 12
    number of reformations : 2

------- converged at time : 1.1039


AUTO STEPPER: decreasing time step, dt = 0.00373091


===== beginning time step 30 : 1.10763 =====


Reforming stiffness matrix: reformation #1

 1
 Nonlinear solution status: time= 1.10763
	stiffness updates             = 0
	right hand side evaluations   = 2
	stiffness matrix reformations = 1
	step from line search         = 1.000000
	convergence norms :     INITIAL         CURRENT         REQUIRED
	   residual            6.378285e-02    1.179559e-01    0.000000e+00 
	   energy              1.689930e-02    1.227525e-03    1.689930e-04 
	   displacement        1.313931e-02    1.313931e-02    1.313931e-08 
 2
 Nonlinear solution status: time= 1.10763
	stiffness updates             = 1
	right hand side evaluations   = 3
	stiffness matrix reformations = 1
	step from line search         = 1.000000
	convergence norms :     INITIAL         CURRENT         REQUIRED
	   residual            6.378285e-02    1.310138e-01    0.000000e+00 
	   energy              1.689930e-02    1.058272e-04    1.689930e-04 
	   displacement        1.313931e-02    2.492826e-04    1.068960e-08 
 3
 Nonlinear solution status: time= 1.10763
	stiffness updates             = 2
	right hand side evaluations   = 4
	stiffness matrix reformations = 1
	step from line search         = 1.000000
	convergence norms :     INITIAL         CURRENT         REQUIRED
	   residual            6.378285e-02    9.860546e-02    0.000000e+00 
	   energy              1.689930e-02    4.818947e-05    1.689930e-04 
	   displacement        1.313931e-02    3.013129e-05    1.043192e-08 
 4
 Nonlinear solution status: time= 1.10763
	stiffness updates             = 3
	right hand side evaluations   = 5
	stiffness matrix reformations = 1
	step from line search         = 1.000000
	convergence norms :     INITIAL         CURRENT         REQUIRED
	   residual            6.378285e-02    4.156962e-02    0.000000e+00 
	   energy              1.689930e-02    2.110563e-05    1.689930e-04 
	   displacement        1.313931e-02    2.079858e-05    1.094068e-08 
 5
 Nonlinear solution status: time= 1.10763
	stiffness updates             = 4
	right hand side evaluations   = 6
	stiffness matrix reformations = 1
	step from line search         = 1.000000
	convergence norms :     INITIAL         CURRENT         REQUIRED
	   residual            6.378285e-02    2.886457e-02    0.000000e+00 
	   energy              1.689930e-02    1.286281e-05    1.689930e-04 
	   displacement        1.313931e-02    5.612170e-06    1.102296e-08 
 6
 Nonlinear solution status: time= 1.10763
	stiffness updates             = 5
	right hand side evaluations   = 7
	stiffness matrix reformations = 1
	step from line search         = 1.000000
	convergence norms :     INITIAL         CURRENT         REQUIRED
	   residual            6.378285e-02    1.394934e-02    0.000000e+00 
	   energy              1.689930e-02    6.377317e-06    1.689930e-04 
	   displacement        1.313931e-02    3.932800e-06    1.084251e-08 
 7
 Nonlinear solution status: time= 1.10763
	stiffness updates             = 6
	right hand side evaluations   = 8
	stiffness matrix reformations = 1
	step from line search         = 1.000000
	convergence norms :     INITIAL         CURRENT         REQUIRED
	   residual            6.378285e-02    1.060465e-02    0.000000e+00 
	   energy              1.689930e-02    4.756083e-06    1.689930e-04 
	   displacement        1.313931e-02    1.914114e-06    1.081502e-08 
 8
 Nonlinear solution status: time= 1.10763
	stiffness updates             = 7
	right hand side evaluations   = 9
	stiffness matrix reformations = 1
	step from line search         = 1.000000
	convergence norms :     INITIAL         CURRENT         REQUIRED
	   residual            6.378285e-02    3.136641e-03    0.000000e+00 
	   energy              1.689930e-02    1.659891e-06    1.689930e-04 
	   displacement        1.313931e-02    1.125296e-06    1.090966e-08 
 9
 Nonlinear solution status: time= 1.10763
	stiffness updates             = 8
	right hand side evaluations   = 11
	stiffness matrix reformations = 1
	step from line search         = 0.632455
	convergence norms :     INITIAL         CURRENT         REQUIRED
	   residual            6.378285e-02    8.251076e-04    0.000000e+00 
	   energy              1.689930e-02    2.019625e-07    1.689930e-04 
	   displacement        1.313931e-02    2.002118e-07    1.091264e-08 
 10
 Nonlinear solution status: time= 1.10763
	stiffness updates             = 9
	right hand side evaluations   = 13
	stiffness matrix reformations = 1
	step from line search         = 0.589671
	convergence norms :     INITIAL         CURRENT         REQUIRED
	   residual            6.378285e-02    2.140250e-04    0.000000e+00 
	   energy              1.689930e-02    7.471538e-08    1.689930e-04 
	   displacement        1.313931e-02    7.299286e-08    1.089288e-08 

 *************************************************************************
 *                               WARNING                                 *
 * Max nr of iterations reached.                                         *
 * Stiffness matrix will now be reformed.                                *
 *************************************************************************
Reforming stiffness matrix: reformation #2

 11
 Nonlinear solution status: time= 1.10763
	stiffness updates             = 0
	right hand side evaluations   = 14
	stiffness matrix reformations = 2
	step from line search         = 1.000000
	convergence norms :     INITIAL         CURRENT         REQUIRED
	   residual            6.378285e-02    1.534449e-08    0.000000e+00 
	   energy              1.689930e-02    2.380964e-09    1.689930e-04 
	   displacement        1.313931e-02    2.762904e-08    1.089127e-08 
 12
 Nonlinear solution status: time= 1.10763
	stiffness updates             = 1
	right hand side evaluations   = 15
	stiffness matrix reformations = 2
	step from line search         = 1.000000
	convergence norms :     INITIAL         CURRENT         REQUIRED
	   residual            6.378285e-02    2.081559e-09    0.000000e+00 
	   energy              1.689930e-02    3.527732e-11    1.689930e-04 
	   displacement        1.313931e-02    4.327655e-10    1.089120e-08 

convergence summary
    number of iterations   : 12
    number of reformations : 2

------- converged at time : 1.10763


AUTO STEPPER: decreasing time step, dt = 0.00357207


===== beginning time step 31 : 1.1112 =====


Reforming stiffness matrix: reformation #1

 1
 Nonlinear solution status: time= 1.1112
	stiffness updates             = 0
	right hand side evaluations   = 2
	stiffness matrix reformations = 1
	step from line search         = 1.000000
	convergence norms :     INITIAL         CURRENT         REQUIRED
	   residual            5.873711e-02    7.767014e-02    0.000000e+00 
	   energy              1.448617e-02    1.043052e-03    1.448617e-04 
	   displacement        1.059409e-02    1.059409e-02    1.059409e-08 
 2
 Nonlinear solution status: time= 1.1112
	stiffness updates             = 1
	right hand side evaluations   = 3
	stiffness matrix reformations = 1
	step from line search         = 1.000000
	convergence norms :     INITIAL         CURRENT         REQUIRED
	   residual            5.873711e-02    6.782556e-02    0.000000e+00 
	   energy              1.448617e-02    6.634290e-05    1.448617e-04 
	   displacement        1.059409e-02    1.983213e-04    8.599760e-09 
 3
 Nonlinear solution status: time= 1.1112
	stiffness updates             = 2
	right hand side evaluations   = 4
	stiffness matrix reformations = 1
	step from line search         = 1.000000
	convergence norms :     INITIAL         CURRENT         REQUIRED
	   residual            5.873711e-02    4.003761e-02    0.000000e+00 
	   energy              1.448617e-02    2.484539e-05    1.448617e-04 
	   displacement        1.059409e-02    1.810148e-05    8.480346e-09 
 4
 Nonlinear solution status: time= 1.1112
	stiffness updates             = 3
	right hand side evaluations   = 5
	stiffness matrix reformations = 1
	step from line search         = 1.000000
	convergence norms :     INITIAL         CURRENT         REQUIRED
	   residual            5.873711e-02    1.290724e-02    0.000000e+00 
	   energy              1.448617e-02    7.704764e-06    1.448617e-04 
	   displacement        1.059409e-02    9.298218e-06    8.786486e-09 
 5
 Nonlinear solution status: time= 1.1112
	stiffness updates             = 4
	right hand side evaluations   = 6
	stiffness matrix reformations = 1
	step from line search         = 1.000000
	convergence norms :     INITIAL         CURRENT         REQUIRED
	   residual            5.873711e-02    8.414076e-03    0.000000e+00 
	   energy              1.448617e-02    4.089628e-06    1.448617e-04 
	   displacement        1.059409e-02    1.775582e-06    8.806304e-09 
 6
 Nonlinear solution status: time= 1.1112
	stiffness updates             = 5
	right hand side evaluations   = 7
	stiffness matrix reformations = 1
	step from line search         = 1.000000
	convergence norms :     INITIAL         CURRENT         REQUIRED
	   residual            5.873711e-02    3.054044e-03    0.000000e+00 
	   energy              1.448617e-02    1.494695e-06    1.448617e-04 
	   displacement        1.059409e-02    1.126428e-06    8.726653e-09 
 7
 Nonlinear solution status: time= 1.1112
	stiffness updates             = 6
	right hand side evaluations   = 8
	stiffness matrix reformations = 1
	step from line search         = 1.000000
	convergence norms :     INITIAL         CURRENT         REQUIRED
	   residual            5.873711e-02    2.048306e-03    0.000000e+00 
	   energy              1.448617e-02    1.016232e-06    1.448617e-04 
	   displacement        1.059409e-02    4.169884e-07    8.726608e-09 
 8
 Nonlinear solution status: time= 1.1112
	stiffness updates             = 7
	right hand side evaluations   = 9
	stiffness matrix reformations = 1
	step from line search         = 1.000000
	convergence norms :     INITIAL         CURRENT         REQUIRED
	   residual            5.873711e-02    4.200197e-04    0.000000e+00 
	   energy              1.448617e-02    2.475888e-07    1.448617e-04 
	   displacement        1.059409e-02    1.915429e-07    8.758391e-09 
 9
 Nonlinear solution status: time= 1.1112
	stiffness updates             = 8
	right hand side evaluations   = 10
	stiffness matrix reformations = 1
	step from line search         = 1.000000
	convergence norms :     INITIAL         CURRENT         REQUIRED
	   residual            5.873711e-02    3.179682e-04    0.000000e+00 
	   energy              1.448617e-02    1.637917e-07    1.448617e-04 
	   displacement        1.059409e-02    7.657732e-08    8.754984e-09 
 10
 Nonlinear solution status: time= 1.1112
	stiffness updates             = 9
	right hand side evaluations   = 11
	stiffness matrix reformations = 1
	step from line search         = 1.000000
	convergence norms :     INITIAL         CURRENT         REQUIRED
	   residual            5.873711e-02    6.689917e-05    0.000000e+00 
	   energy              1.448617e-02    3.138103e-08    1.448617e-04 
	   displacement        1.059409e-02    2.285159e-08    8.747171e-09 

 *************************************************************************
 *                               WARNING                                 *
 * Max nr of iterations reached.                                         *
 * Stiffness matrix will now be reformed.                                *
 *************************************************************************
Reforming stiffness matrix: reformation #2

 11
 Nonlinear solution status: time= 1.1112
	stiffness updates             = 0
	right hand side evaluations   = 12
	stiffness matrix reformations = 2
	step from line search         = 1.000000
	convergence norms :     INITIAL         CURRENT         REQUIRED
	   residual            5.873711e-02    1.654705e-09    0.000000e+00 
	   energy              1.448617e-02    5.379485e-10    1.448617e-04 
	   displacement        1.059409e-02    5.347842e-09    8.751736e-09 

convergence summary
    number of iterations   : 11
    number of reformations : 2

------- converged at time : 1.1112


===== beginning time step 32 : 1.11477 =====


Reforming stiffness matrix: reformation #1

 1
 Nonlinear solution status: time= 1.11477
	stiffness updates             = 0
	right hand side evaluations   = 2
	stiffness matrix reformations = 1
	step from line search         = 1.000000
	convergence norms :     INITIAL         CURRENT         REQUIRED
	   residual            5.055078e-02    5.914887e-02    0.000000e+00 
	   energy              1.256497e-02    9.187156e-04    1.256497e-04 
	   displacement        9.349748e-03    9.349748e-03    9.349748e-09 
 2
 Nonlinear solution status: time= 1.11477
	stiffness updates             = 1
	right hand side evaluations   = 3
	stiffness matrix reformations = 1
	step from line search         = 1.000000
	convergence norms :     INITIAL         CURRENT         REQUIRED
	   residual            5.055078e-02    4.639106e-02    0.000000e+00 
	   energy              1.256497e-02    5.081693e-05    1.256497e-04 
	   displacement        9.349748e-03    1.742720e-04    7.568471e-09 
 3
 Nonlinear solution status: time= 1.11477
	stiffness updates             = 2
	right hand side evaluations   = 4
	stiffness matrix reformations = 1
	step from line search         = 1.000000
	convergence norms :     INITIAL         CURRENT         REQUIRED
	   residual            5.055078e-02    2.239998e-02    0.000000e+00 
	   energy              1.256497e-02    1.642255e-05    1.256497e-04 
	   displacement        9.349748e-03    1.435452e-05    7.494925e-09 
 4
 Nonlinear solution status: time= 1.11477
	stiffness updates             = 3
	right hand side evaluations   = 5
	stiffness matrix reformations = 1
	step from line search         = 1.000000
	convergence norms :     INITIAL         CURRENT         REQUIRED
	   residual            5.055078e-02    5.475613e-03    0.000000e+00 
	   energy              1.256497e-02    4.032913e-06    1.256497e-04 
	   displacement        9.349748e-03    5.935745e-06    7.726950e-09 
 5
 Nonlinear solution status: time= 1.11477
	stiffness updates             = 4
	right hand side evaluations   = 6
	stiffness matrix reformations = 1
	step from line search         = 1.000000
	convergence norms :     INITIAL         CURRENT         REQUIRED
	   residual            5.055078e-02    2.872767e-03    0.000000e+00 
	   energy              1.256497e-02    1.527006e-06    1.256497e-04 
	   displacement        9.349748e-03    8.234684e-07    7.726252e-09 
 6
 Nonlinear solution status: time= 1.11477
	stiffness updates             = 5
	right hand side evaluations   = 7
	stiffness matrix reformations = 1
	step from line search         = 1.000000
	convergence norms :     INITIAL         CURRENT         REQUIRED
	   residual            5.055078e-02    1.070596e-03    0.000000e+00 
	   energy              1.256497e-02    5.155299e-07    1.256497e-04 
	   displacement        9.349748e-03    4.250438e-07    7.682882e-09 
 7
 Nonlinear solution status: time= 1.11477
	stiffness updates             = 6
	right hand side evaluations   = 8
	stiffness matrix reformations = 1
	step from line search         = 1.000000
	convergence norms :     INITIAL         CURRENT         REQUIRED
	   residual            5.055078e-02    5.169040e-04    0.000000e+00 
	   energy              1.256497e-02    2.763185e-07    1.256497e-04 
	   displacement        9.349748e-03    1.201734e-07    7.687373e-09 
 8
 Nonlinear solution status: time= 1.11477
	stiffness updates             = 7
	right hand side evaluations   = 9
	stiffness matrix reformations = 1
	step from line search         = 1.000000
	convergence norms :     INITIAL         CURRENT         REQUIRED
	   residual            5.055078e-02    1.124885e-04    0.000000e+00 
	   energy              1.256497e-02    7.031392e-08    1.256497e-04 
	   displacement        9.349748e-03    5.157104e-08    7.702506e-09 
 9
 Nonlinear solution status: time= 1.11477
	stiffness updates             = 8
	right hand side evaluations   = 10
	stiffness matrix reformations = 1
	step from line search         = 1.000000
	convergence norms :     INITIAL         CURRENT         REQUIRED
	   residual            5.055078e-02    7.606076e-05    0.000000e+00 
	   energy              1.256497e-02    3.805004e-08    1.256497e-04 
	   displacement        9.349748e-03    1.968064e-08    7.699607e-09 
 10
 Nonlinear solution status: time= 1.11477
	stiffness updates             = 9
	right hand side evaluations   = 11
	stiffness matrix reformations = 1
	step from line search         = 1.000000
	convergence norms :     INITIAL         CURRENT         REQUIRED
	   residual            5.055078e-02    1.945108e-05    0.000000e+00 
	   energy              1.256497e-02    9.283531e-09    1.256497e-04 
	   displacement        9.349748e-03    5.595569e-09    7.696078e-09 

convergence summary
    number of iterations   : 10
    number of reformations : 1

------- converged at time : 1.11477


AUTO STEPPER: increasing time step, dt = 0.00388581


===== beginning time step 33 : 1.11866 =====


Reforming stiffness matrix: reformation #1

 1
 Nonlinear solution status: time= 1.11866
	stiffness updates             = 0
	right hand side evaluations   = 2
	stiffness matrix reformations = 1
	step from line search         = 1.000000
	convergence norms :     INITIAL         CURRENT         REQUIRED
	   residual            3.747537e-02    5.494958e-02    0.000000e+00 
	   energy              1.094460e-02    8.475757e-04    1.094460e-04 
	   displacement        9.652749e-03    9.652749e-03    9.652749e-09 
 2
 Nonlinear solution status: time= 1.11866
	stiffness updates             = 1
	right hand side evaluations   = 3
	stiffness matrix reformations = 1
	step from line search         = 1.000000
	convergence norms :     INITIAL         CURRENT         REQUIRED
	   residual            3.747537e-02    4.259619e-02    0.000000e+00 
	   energy              1.094460e-02    5.065775e-05    1.094460e-04 
	   displacement        9.652749e-03    1.778397e-04    7.782608e-09 
 3
 Nonlinear solution status: time= 1.11866
	stiffness updates             = 2
	right hand side evaluations   = 4
	stiffness matrix reformations = 1
	step from line search         = 1.000000
	convergence norms :     INITIAL         CURRENT         REQUIRED
	   residual            3.747537e-02    2.020333e-02    0.000000e+00 
	   energy              1.094460e-02    1.728246e-05    1.094460e-04 
	   displacement        9.652749e-03    1.812667e-05    7.677606e-09 
 4
 Nonlinear solution status: time= 1.11866
	stiffness updates             = 3
	right hand side evaluations   = 5
	stiffness matrix reformations = 1
	step from line search         = 1.000000
	convergence norms :     INITIAL         CURRENT         REQUIRED
	   residual            3.747537e-02    5.301358e-03    0.000000e+00 
	   energy              1.094460e-02    4.124661e-06    1.094460e-04 
	   displacement        9.652749e-03    6.965062e-06    7.948909e-09 
 5
 Nonlinear solution status: time= 1.11866
	stiffness updates             = 4
	right hand side evaluations   = 6
	stiffness matrix reformations = 1
	step from line search         = 1.000000
	convergence norms :     INITIAL         CURRENT         REQUIRED
	   residual            3.747537e-02    3.445292e-03    0.000000e+00 
	   energy              1.094460e-02    1.801749e-06    1.094460e-04 
	   displacement        9.652749e-03    9.074490e-07    7.953943e-09 
 6
 Nonlinear solution status: time= 1.11866
	stiffness updates             = 5
	right hand side evaluations   = 7
	stiffness matrix reformations = 1
	step from line search         = 1.000000
	convergence norms :     INITIAL         CURRENT         REQUIRED
	   residual            3.747537e-02    1.294861e-03    0.000000e+00 
	   energy              1.094460e-02    6.556861e-07    1.094460e-04 
	   displacement        9.652749e-03    5.672563e-07    7.901455e-09 
 7
 Nonlinear solution status: time= 1.11866
	stiffness updates             = 6
	right hand side evaluations   = 8
	stiffness matrix reformations = 1
	step from line search         = 1.000000
	convergence norms :     INITIAL         CURRENT         REQUIRED
	   residual            3.747537e-02    6.428544e-04    0.000000e+00 
	   energy              1.094460e-02    3.832168e-07    1.094460e-04 
	   displacement        9.652749e-03    1.707841e-07    7.903551e-09 
 8
 Nonlinear solution status: time= 1.11866
	stiffness updates             = 7
	right hand side evaluations   = 9
	stiffness matrix reformations = 1
	step from line search         = 1.000000
	convergence norms :     INITIAL         CURRENT         REQUIRED
	   residual            3.747537e-02    1.353881e-04    0.000000e+00 
	   energy              1.094460e-02    8.636614e-08    1.094460e-04 
	   displacement        9.652749e-03    7.748080e-08    7.923646e-09 
 9
 Nonlinear solution status: time= 1.11866
	stiffness updates             = 8
	right hand side evaluations   = 10
	stiffness matrix reformations = 1
	step from line search         = 1.000000
	convergence norms :     INITIAL         CURRENT         REQUIRED
	   residual            3.747537e-02    1.164998e-04    0.000000e+00 
	   energy              1.094460e-02    5.389963e-08    1.094460e-04 
	   displacement        9.652749e-03    2.500597e-08    7.921082e-09 
 10
 Nonlinear solution status: time= 1.11866
	stiffness updates             = 9
	right hand side evaluations   = 11
	stiffness matrix reformations = 1
	step from line search         = 1.000000
	convergence norms :     INITIAL         CURRENT         REQUIRED
	   residual            3.747537e-02    3.183592e-05    0.000000e+00 
	   energy              1.094460e-02    1.405333e-08    1.094460e-04 
	   displacement        9.652749e-03    7.584740e-09    7.916333e-09 

convergence summary
    number of iterations   : 10
    number of reformations : 1

------- converged at time : 1.11866


AUTO STEPPER: increasing time step, dt = 0.00418424


===== beginning time step 34 : 1.12284 =====


Reforming stiffness matrix: reformation #1

 1
 Nonlinear solution status: time= 1.12284
	stiffness updates             = 0
	right hand side evaluations   = 2
	stiffness matrix reformations = 1
	step from line search         = 1.000000
	convergence norms :     INITIAL         CURRENT         REQUIRED
	   residual            2.809442e-02    4.962865e-02    0.000000e+00 
	   energy              9.443086e-03    7.774694e-04    9.443086e-05 
	   displacement        9.695056e-03    9.695056e-03    9.695056e-09 
 2
 Nonlinear solution status: time= 1.12284
	stiffness updates             = 1
	right hand side evaluations   = 3
	stiffness matrix reformations = 1
	step from line search         = 1.000000
	convergence norms :     INITIAL         CURRENT         REQUIRED
	   residual            2.809442e-02    3.843542e-02    0.000000e+00 
	   energy              9.443086e-03    5.061782e-05    9.443086e-05 
	   displacement        9.695056e-03    1.796247e-04    7.777417e-09 
 3
 Nonlinear solution status: time= 1.12284
	stiffness updates             = 2
	right hand side evaluations   = 4
	stiffness matrix reformations = 1
	step from line search         = 1.000000
	convergence norms :     INITIAL         CURRENT         REQUIRED
	   residual            2.809442e-02    1.775645e-02    0.000000e+00 
	   energy              9.443086e-03    1.705500e-05    9.443086e-05 
	   displacement        9.695056e-03    2.150769e-05    7.651040e-09 
 4
 Nonlinear solution status: time= 1.12284
	stiffness updates             = 3
	right hand side evaluations   = 5
	stiffness matrix reformations = 1
	step from line search         = 1.000000
	convergence norms :     INITIAL         CURRENT         REQUIRED
	   residual            2.809442e-02    5.548807e-03    0.000000e+00 
	   energy              9.443086e-03    4.130186e-06    9.443086e-05 
	   displacement        9.695056e-03    7.509492e-06    7.951238e-09 
 5
 Nonlinear solution status: time= 1.12284
	stiffness updates             = 4
	right hand side evaluations   = 6
	stiffness matrix reformations = 1
	step from line search         = 1.000000
	convergence norms :     INITIAL         CURRENT         REQUIRED
	   residual            2.809442e-02    4.660949e-03    0.000000e+00 
	   energy              9.443086e-03    2.025423e-06    9.443086e-05 
	   displacement        9.695056e-03    9.053223e-07    7.961597e-09 
 6
 Nonlinear solution status: time= 1.12284
	stiffness updates             = 5
	right hand side evaluations   = 7
	stiffness matrix reformations = 1
	step from line search         = 1.000000
	convergence norms :     INITIAL         CURRENT         REQUIRED
	   residual            2.809442e-02    1.653566e-03    0.000000e+00 
	   energy              9.443086e-03    8.032357e-07    9.443086e-05 
	   displacement        9.695056e-03    6.623598e-07    7.900318e-09 
 7
 Nonlinear solution status: time= 1.12284
	stiffness updates             = 6
	right hand side evaluations   = 8
	stiffness matrix reformations = 1
	step from line search         = 1.000000
	convergence norms :     INITIAL         CURRENT         REQUIRED
	   residual            2.809442e-02    6.038379e-04    0.000000e+00 
	   energy              9.443086e-03    4.193384e-07    9.443086e-05 
	   displacement        9.695056e-03    2.176260e-07    7.901026e-09 
 8
 Nonlinear solution status: time= 1.12284
	stiffness updates             = 7
	right hand side evaluations   = 9
	stiffness matrix reformations = 1
	step from line search         = 1.000000
	convergence norms :     INITIAL         CURRENT         REQUIRED
	   residual            2.809442e-02    1.131305e-04    0.000000e+00 
	   energy              9.443086e-03    8.499802e-08    9.443086e-05 
	   displacement        9.695056e-03    9.715276e-08    7.925169e-09 
 9
 Nonlinear solution status: time= 1.12284
	stiffness updates             = 8
	right hand side evaluations   = 10
	stiffness matrix reformations = 1
	step from line search         = 1.000000
	convergence norms :     INITIAL         CURRENT         REQUIRED
	   residual            2.809442e-02    7.314739e-05    0.000000e+00 
	   energy              9.443086e-03    4.057955e-08    9.443086e-05 
	   displacement        9.695056e-03    2.550771e-08    7.922063e-09 
 10
 Nonlinear solution status: time= 1.12284
	stiffness updates             = 9
	right hand side evaluations   = 11
	stiffness matrix reformations = 1
	step from line search         = 1.000000
	convergence norms :     INITIAL         CURRENT         REQUIRED
	   residual            2.809442e-02    1.605104e-05    0.000000e+00 
	   energy              9.443086e-03    8.012050e-09    9.443086e-05 
	   displacement        9.695056e-03    7.189842e-09    7.917282e-09 

convergence summary
    number of iterations   : 10
    number of reformations : 1

------- converged at time : 1.12284


AUTO STEPPER: increasing time step, dt = 0.0044681

MUST POINT CONTROLLER: adjusting time step. dt = 0.0021581


===== beginning time step 35 : 1.125 =====


Reforming stiffness matrix: reformation #1

 1
 Nonlinear solution status: time= 1.125
	stiffness updates             = 0
	right hand side evaluations   = 2
	stiffness matrix reformations = 1
	step from line search         = 1.000000
	convergence norms :     INITIAL         CURRENT         REQUIRED
	   residual            8.166432e-02    1.482692e-02    0.000000e+00 
	   energy              7.903285e-03    5.463152e-04    7.903285e-05 
	   displacement        2.426302e-03    2.426302e-03    2.426302e-09 
 2
 Nonlinear solution status: time= 1.125
	stiffness updates             = 1
	right hand side evaluations   = 3
	stiffness matrix reformations = 1
	step from line search         = 1.000000
	convergence norms :     INITIAL         CURRENT         REQUIRED
	   residual            8.166432e-02    9.300242e-03    0.000000e+00 
	   energy              7.903285e-03    1.768884e-05    7.903285e-05 
	   displacement        2.426302e-03    6.052167e-05    1.934098e-09 
 3
 Nonlinear solution status: time= 1.125
	stiffness updates             = 2
	right hand side evaluations   = 4
	stiffness matrix reformations = 1
	step from line search         = 1.000000
	convergence norms :     INITIAL         CURRENT         REQUIRED
	   residual            8.166432e-02    2.173987e-04    0.000000e+00 
	   energy              7.903285e-03    2.059684e-07    7.903285e-05 
	   displacement        2.426302e-03    1.375543e-06    1.961817e-09 
 4
 Nonlinear solution status: time= 1.125
	stiffness updates             = 3
	right hand side evaluations   = 5
	stiffness matrix reformations = 1
	step from line search         = 1.000000
	convergence norms :     INITIAL         CURRENT         REQUIRED
	   residual            8.166432e-02    4.822250e-05    0.000000e+00 
	   energy              7.903285e-03    5.304993e-08    7.903285e-05 
	   displacement        2.426302e-03    5.421312e-08    1.971506e-09 
 5
 Nonlinear solution status: time= 1.125
	stiffness updates             = 4
	right hand side evaluations   = 6
	stiffness matrix reformations = 1
	step from line search         = 1.000000
	convergence norms :     INITIAL         CURRENT         REQUIRED
	   residual            8.166432e-02    1.768804e-06    0.000000e+00 
	   energy              7.903285e-03    9.109346e-10    7.903285e-05 
	   displacement        2.426302e-03    5.251236e-09    1.970259e-09 
 6
 Nonlinear solution status: time= 1.125
	stiffness updates             = 5
	right hand side evaluations   = 7
	stiffness matrix reformations = 1
	step from line search         = 1.000000
	convergence norms :     INITIAL         CURRENT         REQUIRED
	   residual            8.166432e-02    2.589297e-07    0.000000e+00 
	   energy              7.903285e-03    1.829369e-10    7.903285e-05 
	   displacement        2.426302e-03    1.177419e-10    1.969901e-09 

convergence summary
    number of iterations   : 6
    number of reformations : 1

------- converged at time : 1.125


AUTO STEPPER: increasing time step, dt = 0.00557448


===== beginning time step 36 : 1.13057 =====


Reforming stiffness matrix: reformation #1

 1
 Nonlinear solution status: time= 1.13057
	stiffness updates             = 0
	right hand side evaluations   = 2
	stiffness matrix reformations = 1
	step from line search         = 1.000000
	convergence norms :     INITIAL         CURRENT         REQUIRED
	   residual            1.408594e-02    7.395638e-02    0.000000e+00 
	   energy              7.962045e-03    8.276923e-04    7.962045e-05 
	   displacement        1.393889e-02    1.393889e-02    1.393889e-08 
 2
 Nonlinear solution status: time= 1.13057
	stiffness updates             = 1
	right hand side evaluations   = 3
	stiffness matrix reformations = 1
	step from line search         = 1.000000
	convergence norms :     INITIAL         CURRENT         REQUIRED
	   residual            1.408594e-02    6.352166e-02    0.000000e+00 
	   energy              7.962045e-03    1.089072e-04    7.962045e-05 
	   displacement        1.393889e-02    2.931099e-04    1.103670e-08 
 3
 Nonlinear solution status: time= 1.13057
	stiffness updates             = 2
	right hand side evaluations   = 4
	stiffness matrix reformations = 1
	step from line search         = 1.000000
	convergence norms :     INITIAL         CURRENT         REQUIRED
	   residual            1.408594e-02    2.542737e-02    0.000000e+00 
	   energy              7.962045e-03    2.972369e-05    7.962045e-05 
	   displacement        1.393889e-02    6.830920e-05    1.059133e-08 
 4
 Nonlinear solution status: time= 1.13057
	stiffness updates             = 3
	right hand side evaluations   = 5
	stiffness matrix reformations = 1
	step from line search         = 1.000000
	convergence norms :     INITIAL         CURRENT         REQUIRED
	   residual            1.408594e-02    1.327797e-02    0.000000e+00 
	   energy              7.962045e-03    1.141332e-05    7.962045e-05 
	   displacement        1.393889e-02    2.473808e-05    1.134899e-08 
 5
 Nonlinear solution status: time= 1.13057
	stiffness updates             = 4
	right hand side evaluations   = 6
	stiffness matrix reformations = 1
	step from line search         = 1.000000
	convergence norms :     INITIAL         CURRENT         REQUIRED
	   residual            1.408594e-02    1.148166e-02    0.000000e+00 
	   energy              7.962045e-03    5.338098e-06    7.962045e-05 
	   displacement        1.393889e-02    3.305300e-06    1.141030e-08 
 6
 Nonlinear solution status: time= 1.13057
	stiffness updates             = 5
	right hand side evaluations   = 7
	stiffness matrix reformations = 1
	step from line search         = 1.000000
	convergence norms :     INITIAL         CURRENT         REQUIRED
	   residual            1.408594e-02    8.121334e-03    0.000000e+00 
	   energy              7.962045e-03    4.144292e-06    7.962045e-05 
	   displacement        1.393889e-02    3.241757e-06    1.120748e-08 
 7
 Nonlinear solution status: time= 1.13057
	stiffness updates             = 6
	right hand side evaluations   = 8
	stiffness matrix reformations = 1
	step from line search         = 1.000000
	convergence norms :     INITIAL         CURRENT         REQUIRED
	   residual            1.408594e-02    2.908273e-03    0.000000e+00 
	   energy              7.962045e-03    1.939461e-06    7.962045e-05 
	   displacement        1.393889e-02    1.159421e-06    1.118333e-08 
 8
 Nonlinear solution status: time= 1.13057
	stiffness updates             = 7
	right hand side evaluations   = 9
	stiffness matrix reformations = 1
	step from line search         = 1.000000
	convergence norms :     INITIAL         CURRENT         REQUIRED
	   residual            1.408594e-02    1.827488e-03    0.000000e+00 
	   energy              7.962045e-03    1.180132e-06    7.962045e-05 
	   displacement        1.393889e-02    1.037561e-06    1.130265e-08 
 9
 Nonlinear solution status: time= 1.13057
	stiffness updates             = 8
	right hand side evaluations   = 10
	stiffness matrix reformations = 1
	step from line search         = 1.000000
	convergence norms :     INITIAL         CURRENT         REQUIRED
	   residual            1.408594e-02    8.857937e-04    0.000000e+00 
	   energy              7.962045e-03    4.831629e-07    7.962045e-05 
	   displacement        1.393889e-02    2.754553e-07    1.130117e-08 
 10
 Nonlinear solution status: time= 1.13057
	stiffness updates             = 9
	right hand side evaluations   = 11
	stiffness matrix reformations = 1
	step from line search         = 1.000000
	convergence norms :     INITIAL         CURRENT         REQUIRED
	   residual            1.408594e-02    6.346399e-04    0.000000e+00 
	   energy              7.962045e-03    3.714039e-07    7.962045e-05 
	   displacement        1.393889e-02    2.549569e-07    1.124987e-08 

 *************************************************************************
 *                               WARNING                                 *
 * Max nr of iterations reached.                                         *
 * Stiffness matrix will now be reformed.                                *
 *************************************************************************
Reforming stiffness matrix: reformation #2

 11
 Nonlinear solution status: time= 1.13057
	stiffness updates             = 0
	right hand side evaluations   = 12
	stiffness matrix reformations = 2
	step from line search         = 1.000000
	convergence norms :     INITIAL         CURRENT         REQUIRED
	   residual            1.408594e-02    2.551243e-08    0.000000e+00 
	   energy              7.962045e-03    5.619799e-09    7.962045e-05 
	   displacement        1.393889e-02    1.025971e-07    1.128007e-08 
 12
 Nonlinear solution status: time= 1.13057
	stiffness updates             = 1
	right hand side evaluations   = 13
	stiffness matrix reformations = 2
	step from line search         = 1.000000
	convergence norms :     INITIAL         CURRENT         REQUIRED
	   residual            1.408594e-02    3.234806e-09    0.000000e+00 
	   energy              7.962045e-03    9.397432e-11    7.962045e-05 
	   displacement        1.393889e-02    2.010178e-09    1.127444e-08 

convergence summary
    number of iterations   : 12
    number of reformations : 2

------- converged at time : 1.13057


AUTO STEPPER: decreasing time step, dt = 0.00533716


===== beginning time step 37 : 1.13591 =====


Reforming stiffness matrix: reformation #1

 1
 Nonlinear solution status: time= 1.13591
	stiffness updates             = 0
	right hand side evaluations   = 2
	stiffness matrix reformations = 1
	step from line search         = 1.000000
	convergence norms :     INITIAL         CURRENT         REQUIRED
	   residual            1.309284e-02    4.587406e-02    0.000000e+00 
	   energy              6.884219e-03    7.028916e-04    6.884219e-05 
	   displacement        1.145038e-02    1.145038e-02    1.145038e-08 
 2
 Nonlinear solution status: time= 1.13591
	stiffness updates             = 1
	right hand side evaluations   = 3
	stiffness matrix reformations = 1
	step from line search         = 1.000000
	convergence norms :     INITIAL         CURRENT         REQUIRED
	   residual            1.309284e-02    3.278265e-02    0.000000e+00 
	   energy              6.884219e-03    6.142842e-05    6.884219e-05 
	   displacement        1.145038e-02    2.293639e-04    9.005701e-09 
 3
 Nonlinear solution status: time= 1.13591
	stiffness updates             = 2
	right hand side evaluations   = 4
	stiffness matrix reformations = 1
	step from line search         = 1.000000
	convergence norms :     INITIAL         CURRENT         REQUIRED
	   residual            1.309284e-02    1.348216e-02    0.000000e+00 
	   energy              6.884219e-03    1.862482e-05    6.884219e-05 
	   displacement        1.145038e-02    3.953440e-05    8.773192e-09 
 4
 Nonlinear solution status: time= 1.13591
	stiffness updates             = 3
	right hand side evaluations   = 5
	stiffness matrix reformations = 1
	step from line search         = 1.000000
	convergence norms :     INITIAL         CURRENT         REQUIRED
	   residual            1.309284e-02    3.591177e-03    0.000000e+00 
	   energy              6.884219e-03    4.509967e-06    6.884219e-05 
	   displacement        1.145038e-02    1.184178e-05    9.237331e-09 
 5
 Nonlinear solution status: time= 1.13591
	stiffness updates             = 4
	right hand side evaluations   = 6
	stiffness matrix reformations = 1
	step from line search         = 1.000000
	convergence norms :     INITIAL         CURRENT         REQUIRED
	   residual            1.309284e-02    1.936623e-03    0.000000e+00 
	   energy              6.884219e-03    1.316564e-06    6.884219e-05 
	   displacement        1.145038e-02    1.323122e-06    9.248923e-09 
 6
 Nonlinear solution status: time= 1.13591
	stiffness updates             = 5
	right hand side evaluations   = 7
	stiffness matrix reformations = 1
	step from line search         = 1.000000
	convergence norms :     INITIAL         CURRENT         REQUIRED
	   residual            1.309284e-02    1.019620e-03    0.000000e+00 
	   energy              6.884219e-03    5.700042e-07    6.884219e-05 
	   displacement        1.145038e-02    7.166634e-07    9.169985e-09 
 7
 Nonlinear solution status: time= 1.13591
	stiffness updates             = 6
	right hand side evaluations   = 8
	stiffness matrix reformations = 1
	step from line search         = 1.000000
	convergence norms :     INITIAL         CURRENT         REQUIRED
	   residual            1.309284e-02    4.858654e-04    0.000000e+00 
	   energy              6.884219e-03    3.012874e-07    6.884219e-05 
	   displacement        1.145038e-02    1.745833e-07    9.170523e-09 
 8
 Nonlinear solution status: time= 1.13591
	stiffness updates             = 7
	right hand side evaluations   = 9
	stiffness matrix reformations = 1
	step from line search         = 1.000000
	convergence norms :     INITIAL         CURRENT         REQUIRED
	   residual            1.309284e-02    1.559537e-04    0.000000e+00 
	   energy              6.884219e-03    1.115531e-07    6.884219e-05 
	   displacement        1.145038e-02    1.119368e-07    9.204396e-09 
 9
 Nonlinear solution status: time= 1.13591
	stiffness updates             = 8
	right hand side evaluations   = 10
	stiffness matrix reformations = 1
	step from line search         = 1.000000
	convergence norms :     INITIAL         CURRENT         REQUIRED
	   residual            1.309284e-02    8.258353e-05    0.000000e+00 
	   energy              6.884219e-03    4.840478e-08    6.884219e-05 
	   displacement        1.145038e-02    3.569093e-08    9.202202e-09 
 10
 Nonlinear solution status: time= 1.13591
	stiffness updates             = 9
	right hand side evaluations   = 11
	stiffness matrix reformations = 1
	step from line search         = 1.000000
	convergence norms :     INITIAL         CURRENT         REQUIRED
	   residual            1.309284e-02    3.361222e-05    0.000000e+00 
	   energy              6.884219e-03    2.018385e-08    6.884219e-05 
	   displacement        1.145038e-02    1.699088e-08    9.192192e-09 

 *************************************************************************
 *                               WARNING                                 *
 * Max nr of iterations reached.                                         *
 * Stiffness matrix will now be reformed.                                *
 *************************************************************************
Reforming stiffness matrix: reformation #2

 11
 Nonlinear solution status: time= 1.13591
	stiffness updates             = 0
	right hand side evaluations   = 12
	stiffness matrix reformations = 2
	step from line search         = 1.000000
	convergence norms :     INITIAL         CURRENT         REQUIRED
	   residual            1.309284e-02    5.137535e-10    0.000000e+00 
	   energy              6.884219e-03    2.990035e-10    6.884219e-05 
	   displacement        1.145038e-02    6.303235e-09    9.198236e-09 

convergence summary
    number of iterations   : 11
    number of reformations : 2

------- converged at time : 1.13591


===== beginning time step 38 : 1.14125 =====


Reforming stiffness matrix: reformation #1

 1
 Nonlinear solution status: time= 1.14125
	stiffness updates             = 0
	right hand side evaluations   = 2
	stiffness matrix reformations = 1
	step from line search         = 1.000000
	convergence norms :     INITIAL         CURRENT         REQUIRED
	   residual            1.210946e-02    3.704603e-02    0.000000e+00 
	   energy              6.373254e-03    6.647559e-04    6.373254e-05 
	   displacement        1.082480e-02    1.082480e-02    1.082480e-08 
 2
 Nonlinear solution status: time= 1.14125
	stiffness updates             = 1
	right hand side evaluations   = 3
	stiffness matrix reformations = 1
	step from line search         = 1.000000
	convergence norms :     INITIAL         CURRENT         REQUIRED
	   residual            1.210946e-02    2.599377e-02    0.000000e+00 
	   energy              6.373254e-03    4.771086e-05    6.373254e-05 
	   displacement        1.082480e-02    2.163366e-04    8.459215e-09 
 3
 Nonlinear solution status: time= 1.14125
	stiffness updates             = 2
	right hand side evaluations   = 4
	stiffness matrix reformations = 1
	step from line search         = 1.000000
	convergence norms :     INITIAL         CURRENT         REQUIRED
	   residual            1.210946e-02    1.067678e-02    0.000000e+00 
	   energy              6.373254e-03    1.523006e-05    6.373254e-05 
	   displacement        1.082480e-02    3.206976e-05    8.259732e-09 
 4
 Nonlinear solution status: time= 1.14125
	stiffness updates             = 3
	right hand side evaluations   = 5
	stiffness matrix reformations = 1
	step from line search         = 1.000000
	convergence norms :     INITIAL         CURRENT         REQUIRED
	   residual            1.210946e-02    2.245067e-03    0.000000e+00 
	   energy              6.373254e-03    3.066318e-06    6.373254e-05 
	   displacement        1.082480e-02    8.945566e-06    8.649341e-09 
 5
 Nonlinear solution status: time= 1.14125
	stiffness updates             = 4
	right hand side evaluations   = 6
	stiffness matrix reformations = 1
	step from line search         = 1.000000
	convergence norms :     INITIAL         CURRENT         REQUIRED
	   residual            1.210946e-02    1.181934e-03    0.000000e+00 
	   energy              6.373254e-03    9.084358e-07    6.373254e-05 
	   displacement        1.082480e-02    9.484834e-07    8.662351e-09 
 6
 Nonlinear solution status: time= 1.14125
	stiffness updates             = 5
	right hand side evaluations   = 7
	stiffness matrix reformations = 1
	step from line search         = 1.000000
	convergence norms :     INITIAL         CURRENT         REQUIRED
	   residual            1.210946e-02    4.414771e-04    0.000000e+00 
	   energy              6.373254e-03    2.698038e-07    6.373254e-05 
	   displacement        1.082480e-02    4.458017e-07    8.603844e-09 
 7
 Nonlinear solution status: time= 1.14125
	stiffness updates             = 6
	right hand side evaluations   = 8
	stiffness matrix reformations = 1
	step from line search         = 1.000000
	convergence norms :     INITIAL         CURRENT         REQUIRED
	   residual            1.210946e-02    2.067739e-04    0.000000e+00 
	   energy              6.373254e-03    1.480283e-07    6.373254e-05 
	   displacement        1.082480e-02    9.593111e-08    8.605032e-09 
 8
 Nonlinear solution status: time= 1.14125
	stiffness updates             = 7
	right hand side evaluations   = 9
	stiffness matrix reformations = 1
	step from line search         = 1.000000
	convergence norms :     INITIAL         CURRENT         REQUIRED
	   residual            1.210946e-02    5.306264e-05    0.000000e+00 
	   energy              6.373254e-03    3.829812e-08    6.373254e-05 
	   displacement        1.082480e-02    4.578268e-08    8.625379e-09 
 9
 Nonlinear solution status: time= 1.14125
	stiffness updates             = 8
	right hand side evaluations   = 10
	stiffness matrix reformations = 1
	step from line search         = 1.000000
	convergence norms :     INITIAL         CURRENT         REQUIRED
	   residual            1.210946e-02    3.145083e-05    0.000000e+00 
	   energy              6.373254e-03    2.040360e-08    6.373254e-05 
	   displacement        1.082480e-02    1.571527e-08    8.624722e-09 
 10
 Nonlinear solution status: time= 1.14125
	stiffness updates             = 9
	right hand side evaluations   = 11
	stiffness matrix reformations = 1
	step from line search         = 1.000000
	convergence norms :     INITIAL         CURRENT         REQUIRED
	   residual            1.210946e-02    7.974161e-06    0.000000e+00 
	   energy              6.373254e-03    4.747882e-09    6.373254e-05 
	   displacement        1.082480e-02    6.027762e-09    8.619733e-09 

convergence summary
    number of iterations   : 10
    number of reformations : 1

------- converged at time : 1.14125


AUTO STEPPER: increasing time step, dt = 0.00556474


===== beginning time step 39 : 1.14681 =====


Reforming stiffness matrix: reformation #1

 1
 Nonlinear solution status: time= 1.14681
	stiffness updates             = 0
	right hand side evaluations   = 2
	stiffness matrix reformations = 1
	step from line search         = 1.000000
	convergence norms :     INITIAL         CURRENT         REQUIRED
	   residual            1.061486e-02    3.393547e-02    0.000000e+00 
	   energy              6.034335e-03    6.588248e-04    6.034335e-05 
	   displacement        1.127158e-02    1.127158e-02    1.127158e-08 
 2
 Nonlinear solution status: time= 1.14681
	stiffness updates             = 1
	right hand side evaluations   = 3
	stiffness matrix reformations = 1
	step from line search         = 1.000000
	convergence norms :     INITIAL         CURRENT         REQUIRED
	   residual            1.061486e-02    2.355574e-02    0.000000e+00 
	   energy              6.034335e-03    4.250240e-05    6.034335e-05 
	   displacement        1.127158e-02    2.261380e-04    8.749305e-09 
 3
 Nonlinear solution status: time= 1.14681
	stiffness updates             = 2
	right hand side evaluations   = 4
	stiffness matrix reformations = 1
	step from line search         = 1.000000
	convergence norms :     INITIAL         CURRENT         REQUIRED
	   residual            1.061486e-02    9.761307e-03    0.000000e+00 
	   energy              6.034335e-03    1.438995e-05    6.034335e-05 
	   displacement        1.127158e-02    3.133736e-05    8.525394e-09 
 4
 Nonlinear solution status: time= 1.14681
	stiffness updates             = 3
	right hand side evaluations   = 5
	stiffness matrix reformations = 1
	step from line search         = 1.000000
	convergence norms :     INITIAL         CURRENT         REQUIRED
	   residual            1.061486e-02    1.999230e-03    0.000000e+00 
	   energy              6.034335e-03    2.698920e-06    6.034335e-05 
	   displacement        1.127158e-02    8.582592e-06    8.916981e-09 
 5
 Nonlinear solution status: time= 1.14681
	stiffness updates             = 4
	right hand side evaluations   = 6
	stiffness matrix reformations = 1
	step from line search         = 1.000000
	convergence norms :     INITIAL         CURRENT         REQUIRED
	   residual            1.061486e-02    1.278924e-03    0.000000e+00 
	   energy              6.034335e-03    1.006060e-06    6.034335e-05 
	   displacement        1.127158e-02    9.339605e-07    8.943123e-09 
 6
 Nonlinear solution status: time= 1.14681
	stiffness updates             = 5
	right hand side evaluations   = 7
	stiffness matrix reformations = 1
	step from line search         = 1.000000
	convergence norms :     INITIAL         CURRENT         REQUIRED
	   residual            1.061486e-02    4.757258e-04    0.000000e+00 
	   energy              6.034335e-03    3.007568e-07    6.034335e-05 
	   displacement        1.127158e-02    4.568879e-07    8.882378e-09 
 7
 Nonlinear solution status: time= 1.14681
	stiffness updates             = 6
	right hand side evaluations   = 8
	stiffness matrix reformations = 1
	step from line search         = 1.000000
	convergence norms :     INITIAL         CURRENT         REQUIRED
	   residual            1.061486e-02    2.325929e-04    0.000000e+00 
	   energy              6.034335e-03    1.980246e-07    6.034335e-05 
	   displacement        1.127158e-02    1.232600e-07    8.876908e-09 
 8
 Nonlinear solution status: time= 1.14681
	stiffness updates             = 7
	right hand side evaluations   = 9
	stiffness matrix reformations = 1
	step from line search         = 1.000000
	convergence norms :     INITIAL         CURRENT         REQUIRED
	   residual            1.061486e-02    4.812733e-05    0.000000e+00 
	   energy              6.034335e-03    3.610039e-08    6.034335e-05 
	   displacement        1.127158e-02    5.880368e-08    8.899849e-09 
 9
 Nonlinear solution status: time= 1.14681
	stiffness updates             = 8
	right hand side evaluations   = 10
	stiffness matrix reformations = 1
	step from line search         = 1.000000
	convergence norms :     INITIAL         CURRENT         REQUIRED
	   residual            1.061486e-02    3.889050e-05    0.000000e+00 
	   energy              6.034335e-03    2.425458e-08    6.034335e-05 
	   displacement        1.127158e-02    1.613550e-08    8.900746e-09 
 10
 Nonlinear solution status: time= 1.14681
	stiffness updates             = 9
	right hand side evaluations   = 11
	stiffness matrix reformations = 1
	step from line search         = 1.000000
	convergence norms :     INITIAL         CURRENT         REQUIRED
	   residual            1.061486e-02    7.587393e-06    0.000000e+00 
	   energy              6.034335e-03    4.065807e-09    6.034335e-05 
	   displacement        1.127158e-02    5.461729e-09    8.895811e-09 

convergence summary
    number of iterations   : 10
    number of reformations : 1

------- converged at time : 1.14681


AUTO STEPPER: increasing time step, dt = 0.00578122

MUST POINT CONTROLLER: adjusting time step. dt = 0.00318647


===== beginning time step 40 : 1.15 =====


Reforming stiffness matrix: reformation #1

 1
 Nonlinear solution status: time= 1.15
	stiffness updates             = 0
	right hand side evaluations   = 2
	stiffness matrix reformations = 1
	step from line search         = 1.000000
	convergence norms :     INITIAL         CURRENT         REQUIRED
	   residual            2.590585e-02    1.124728e-02    0.000000e+00 
	   energy              5.288292e-03    4.939055e-04    5.288292e-05 
	   displacement        3.727532e-03    3.727532e-03    3.727532e-09 
 2
 Nonlinear solution status: time= 1.15
	stiffness updates             = 1
	right hand side evaluations   = 3
	stiffness matrix reformations = 1
	step from line search         = 1.000000
	convergence norms :     INITIAL         CURRENT         REQUIRED
	   residual            2.590585e-02    8.317170e-03    0.000000e+00 
	   energy              5.288292e-03    1.142346e-05    5.288292e-05 
	   displacement        3.727532e-03    8.796950e-05    2.864262e-09 
 3
 Nonlinear solution status: time= 1.15
	stiffness updates             = 2
	right hand side evaluations   = 4
	stiffness matrix reformations = 1
	step from line search         = 1.000000
	convergence norms :     INITIAL         CURRENT         REQUIRED
	   residual            2.590585e-02    3.937358e-04    0.000000e+00 
	   energy              5.288292e-03    5.735023e-07    5.288292e-05 
	   displacement        3.727532e-03    1.428524e-06    2.886502e-09 
 4
 Nonlinear solution status: time= 1.15
	stiffness updates             = 3
	right hand side evaluations   = 5
	stiffness matrix reformations = 1
	step from line search         = 1.000000
	convergence norms :     INITIAL         CURRENT         REQUIRED
	   residual            2.590585e-02    5.658035e-05    0.000000e+00 
	   energy              5.288292e-03    7.362684e-08    5.288292e-05 
	   displacement        3.727532e-03    1.589550e-07    2.910268e-09 
 5
 Nonlinear solution status: time= 1.15
	stiffness updates             = 4
	right hand side evaluations   = 6
	stiffness matrix reformations = 1
	step from line search         = 1.000000
	convergence norms :     INITIAL         CURRENT         REQUIRED
	   residual            2.590585e-02    4.907811e-06    0.000000e+00 
	   energy              5.288292e-03    3.618290e-09    5.288292e-05 
	   displacement        3.727532e-03    9.270333e-09    2.907896e-09 
 6
 Nonlinear solution status: time= 1.15
	stiffness updates             = 5
	right hand side evaluations   = 7
	stiffness matrix reformations = 1
	step from line search         = 1.000000
	convergence norms :     INITIAL         CURRENT         REQUIRED
	   residual            2.590585e-02    5.389861e-07    0.000000e+00 
	   energy              5.288292e-03    5.002727e-10    5.288292e-05 
	   displacement        3.727532e-03    5.563313e-10    2.906833e-09 

convergence summary
    number of iterations   : 6
    number of reformations : 1

------- converged at time : 1.15


AUTO STEPPER: increasing time step, dt = 0.00662498


===== beginning time step 41 : 1.15662 =====


Reforming stiffness matrix: reformation #1

 1
 Nonlinear solution status: time= 1.15662
	stiffness updates             = 0
	right hand side evaluations   = 2
	stiffness matrix reformations = 1
	step from line search         = 1.000000
	convergence norms :     INITIAL         CURRENT         REQUIRED
	   residual            6.921499e-03    3.760373e-02    0.000000e+00 
	   energy              5.384813e-03    6.590521e-04    5.384813e-05 
	   displacement        1.403432e-02    1.403432e-02    1.403432e-08 
 2
 Nonlinear solution status: time= 1.15662
	stiffness updates             = 1
	right hand side evaluations   = 3
	stiffness matrix reformations = 1
	step from line search         = 1.000000
	convergence norms :     INITIAL         CURRENT         REQUIRED
	   residual            6.921499e-03    2.843962e-02    0.000000e+00 
	   energy              5.384813e-03    5.307314e-05    5.384813e-05 
	   displacement        1.403432e-02    2.867419e-04    1.081632e-08 
 3
 Nonlinear solution status: time= 1.15662
	stiffness updates             = 2
	right hand side evaluations   = 4
	stiffness matrix reformations = 1
	step from line search         = 1.000000
	convergence norms :     INITIAL         CURRENT         REQUIRED
	   residual            6.921499e-03    1.205762e-02    0.000000e+00 
	   energy              5.384813e-03    1.808032e-05    5.384813e-05 
	   displacement        1.403432e-02    4.873169e-05    1.032979e-08 
 4
 Nonlinear solution status: time= 1.15662
	stiffness updates             = 3
	right hand side evaluations   = 5
	stiffness matrix reformations = 1
	step from line search         = 1.000000
	convergence norms :     INITIAL         CURRENT         REQUIRED
	   residual            6.921499e-03    3.462294e-03    0.000000e+00 
	   energy              5.384813e-03    3.916379e-06    5.384813e-05 
	   displacement        1.403432e-02    1.516140e-05    1.096318e-08 
 5
 Nonlinear solution status: time= 1.15662
	stiffness updates             = 4
	right hand side evaluations   = 6
	stiffness matrix reformations = 1
	step from line search         = 1.000000
	convergence norms :     INITIAL         CURRENT         REQUIRED
	   residual            6.921499e-03    2.706891e-03    0.000000e+00 
	   energy              5.384813e-03    1.870298e-06    5.384813e-05 
	   displacement        1.403432e-02    1.729469e-06    1.104532e-08 
 6
 Nonlinear solution status: time= 1.15662
	stiffness updates             = 5
	right hand side evaluations   = 7
	stiffness matrix reformations = 1
	step from line search         = 1.000000
	convergence norms :     INITIAL         CURRENT         REQUIRED
	   residual            6.921499e-03    1.140924e-03    0.000000e+00 
	   energy              5.384813e-03    6.824415e-07    5.384813e-05 
	   displacement        1.403432e-02    9.874235e-07    1.092653e-08 
 7
 Nonlinear solution status: time= 1.15662
	stiffness updates             = 6
	right hand side evaluations   = 8
	stiffness matrix reformations = 1
	step from line search         = 1.000000
	convergence norms :     INITIAL         CURRENT         REQUIRED
	   residual            6.921499e-03    6.254993e-04    0.000000e+00 
	   energy              5.384813e-03    4.899600e-07    5.384813e-05 
	   displacement        1.403432e-02    3.470702e-07    1.089727e-08 
 8
 Nonlinear solution status: time= 1.15662
	stiffness updates             = 7
	right hand side evaluations   = 9
	stiffness matrix reformations = 1
	step from line search         = 1.000000
	convergence norms :     INITIAL         CURRENT         REQUIRED
	   residual            6.921499e-03    1.922873e-04    0.000000e+00 
	   energy              5.384813e-03    1.279062e-07    5.384813e-05 
	   displacement        1.403432e-02    1.850110e-07    1.094934e-08 
 9
 Nonlinear solution status: time= 1.15662
	stiffness updates             = 8
	right hand side evaluations   = 11
	stiffness matrix reformations = 1
	step from line search         = 0.633117
	convergence norms :     INITIAL         CURRENT         REQUIRED
	   residual            6.921499e-03    4.762162e-05    0.000000e+00 
	   energy              5.384813e-03    1.721759e-08    5.384813e-05 
	   displacement        1.403432e-02    2.562220e-08    1.095717e-08 
 10
 Nonlinear solution status: time= 1.15662
	stiffness updates             = 9
	right hand side evaluations   = 12
	stiffness matrix reformations = 1
	step from line search         = 1.000000
	convergence norms :     INITIAL         CURRENT         REQUIRED
	   residual            6.921499e-03    3.492254e-05    0.000000e+00 
	   energy              5.384813e-03    2.291807e-08    5.384813e-05 
	   displacement        1.403432e-02    2.313279e-08    1.094426e-08 

 *************************************************************************
 *                               WARNING                                 *
 * Max nr of iterations reached.                                         *
 * Stiffness matrix will now be reformed.                                *
 *************************************************************************
Reforming stiffness matrix: reformation #2

 11
 Nonlinear solution status: time= 1.15662
	stiffness updates             = 0
	right hand side evaluations   = 13
	stiffness matrix reformations = 2
	step from line search         = 1.000000
	convergence norms :     INITIAL         CURRENT         REQUIRED
	   residual            6.921499e-03    7.777708e-10    0.000000e+00 
	   energy              5.384813e-03    3.584227e-10    5.384813e-05 
	   displacement        1.403432e-02    9.995373e-09    1.094823e-08 

convergence summary
    number of iterations   : 11
    number of reformations : 2

------- converged at time : 1.15662


===== beginning time step 42 : 1.16325 =====


Reforming stiffness matrix: reformation #1

 1
 Nonlinear solution status: time= 1.16325
	stiffness updates             = 0
	right hand side evaluations   = 2
	stiffness matrix reformations = 1
	step from line search         = 1.000000
	convergence norms :     INITIAL         CURRENT         REQUIRED
	   residual            5.465542e-03    2.112603e-02    0.000000e+00 
	   energy              4.301800e-03    5.173374e-04    4.301800e-05 
	   displacement        1.145323e-02    1.145323e-02    1.145323e-08 
 2
 Nonlinear solution status: time= 1.16325
	stiffness updates             = 1
	right hand side evaluations   = 3
	stiffness matrix reformations = 1
	step from line search         = 1.000000
	convergence norms :     INITIAL         CURRENT         REQUIRED
	   residual            5.465542e-03    1.411529e-02    0.000000e+00 
	   energy              4.301800e-03    2.638572e-05    4.301800e-05 
	   displacement        1.145323e-02    2.197120e-04    8.808245e-09 
 3
 Nonlinear solution status: time= 1.16325
	stiffness updates             = 2
	right hand side evaluations   = 4
	stiffness matrix reformations = 1
	step from line search         = 1.000000
	convergence norms :     INITIAL         CURRENT         REQUIRED
	   residual            5.465542e-03    5.489224e-03    0.000000e+00 
	   energy              4.301800e-03    9.344424e-06    4.301800e-05 
	   displacement        1.145323e-02    2.410277e-05    8.522333e-09 
 4
 Nonlinear solution status: time= 1.16325
	stiffness updates             = 3
	right hand side evaluations   = 5
	stiffness matrix reformations = 1
	step from line search         = 1.000000
	convergence norms :     INITIAL         CURRENT         REQUIRED
	   residual            5.465542e-03    8.516564e-04    0.000000e+00 
	   energy              4.301800e-03    1.140665e-06    4.301800e-05 
	   displacement        1.145323e-02    6.833359e-06    8.905915e-09 
 5
 Nonlinear solution status: time= 1.16325
	stiffness updates             = 4
	right hand side evaluations   = 6
	stiffness matrix reformations = 1
	step from line search         = 1.000000
	convergence norms :     INITIAL         CURRENT         REQUIRED
	   residual            5.465542e-03    5.992250e-04    0.000000e+00 
	   energy              4.301800e-03    4.693833e-07    4.301800e-05 
	   displacement        1.145323e-02    4.911825e-07    8.939302e-09 
 6
 Nonlinear solution status: time= 1.16325
	stiffness updates             = 5
	right hand side evaluations   = 7
	stiffness matrix reformations = 1
	step from line search         = 1.000000
	convergence norms :     INITIAL         CURRENT         REQUIRED
	   residual            5.465542e-03    1.752214e-04    0.000000e+00 
	   energy              4.301800e-03    9.063621e-08    4.301800e-05 
	   displacement        1.145323e-02    2.109130e-07    8.892165e-09 
 7
 Nonlinear solution status: time= 1.16325
	stiffness updates             = 6
	right hand side evaluations   = 8
	stiffness matrix reformations = 1
	step from line search         = 1.000000
	convergence norms :     INITIAL         CURRENT         REQUIRED
	   residual            5.465542e-03    1.243790e-04    0.000000e+00 
	   energy              4.301800e-03    8.622045e-08    4.301800e-05 
	   displacement        1.145323e-02    5.406148e-08    8.882986e-09 
 8
 Nonlinear solution status: time= 1.16325
	stiffness updates             = 7
	right hand side evaluations   = 9
	stiffness matrix reformations = 1
	step from line search         = 1.000000
	convergence norms :     INITIAL         CURRENT         REQUIRED
	   residual            5.465542e-03    1.839368e-05    0.000000e+00 
	   energy              4.301800e-03    1.067766e-08    4.301800e-05 
	   displacement        1.145323e-02    2.184158e-08    8.898874e-09 
 9
 Nonlinear solution status: time= 1.16325
	stiffness updates             = 8
	right hand side evaluations   = 11
	stiffness matrix reformations = 1
	step from line search         = 0.623737
	convergence norms :     INITIAL         CURRENT         REQUIRED
	   residual            5.465542e-03    5.309581e-06    0.000000e+00 
	   energy              4.301800e-03    1.918488e-09    4.301800e-05 
	   displacement        1.145323e-02    3.111661e-09    8.901378e-09 

convergence summary
    number of iterations   : 9
    number of reformations : 1

------- converged at time : 1.16325


AUTO STEPPER: increasing time step, dt = 0.00698118


===== beginning time step 43 : 1.17023 =====


Reforming stiffness matrix: reformation #1

 1
 Nonlinear solution status: time= 1.17023
	stiffness updates             = 0
	right hand side evaluations   = 2
	stiffness matrix reformations = 1
	step from line search         = 1.000000
	convergence norms :     INITIAL         CURRENT         REQUIRED
	   residual            3.771694e-03    1.111074e-02    0.000000e+00 
	   energy              3.284792e-03    3.904466e-04    3.284792e-05 
	   displacement        9.641927e-03    9.641927e-03    9.641927e-09 
 2
 Nonlinear solution status: time= 1.17023
	stiffness updates             = 1
	right hand side evaluations   = 3
	stiffness matrix reformations = 1
	step from line search         = 1.000000
	convergence norms :     INITIAL         CURRENT         REQUIRED
	   residual            3.771694e-03    6.425053e-03    0.000000e+00 
	   energy              3.284792e-03    1.363282e-05    3.284792e-05 
	   displacement        9.641927e-03    1.753403e-04    7.422628e-09 
 3
 Nonlinear solution status: time= 1.17023
	stiffness updates             = 2
	right hand side evaluations   = 4
	stiffness matrix reformations = 1
	step from line search         = 1.000000
	convergence norms :     INITIAL         CURRENT         REQUIRED
	   residual            3.771694e-03    2.361027e-03    0.000000e+00 
	   energy              3.284792e-03    4.721746e-06    3.284792e-05 
	   displacement        9.641927e-03    1.260018e-05    7.255940e-09 
 4
 Nonlinear solution status: time= 1.17023
	stiffness updates             = 3
	right hand side evaluations   = 5
	stiffness matrix reformations = 1
	step from line search         = 1.000000
	convergence norms :     INITIAL         CURRENT         REQUIRED
	   residual            3.771694e-03    2.195500e-04    0.000000e+00 
	   energy              3.284792e-03    3.583675e-07    3.284792e-05 
	   displacement        9.641927e-03    3.241081e-06    7.496694e-09 
 5
 Nonlinear solution status: time= 1.17023
	stiffness updates             = 4
	right hand side evaluations   = 6
	stiffness matrix reformations = 1
	step from line search         = 1.000000
	convergence norms :     INITIAL         CURRENT         REQUIRED
	   residual            3.771694e-03    1.426457e-04    0.000000e+00 
	   energy              3.284792e-03    1.289609e-07    3.284792e-05 
	   displacement        9.641927e-03    1.660866e-07    7.510284e-09 
 6
 Nonlinear solution status: time= 1.17023
	stiffness updates             = 5
	right hand side evaluations   = 7
	stiffness matrix reformations = 1
	step from line search         = 1.000000
	convergence norms :     INITIAL         CURRENT         REQUIRED
	   residual            3.771694e-03    1.821057e-05    0.000000e+00 
	   energy              3.284792e-03    8.172355e-09    3.284792e-05 
	   displacement        9.641927e-03    5.639924e-08    7.490199e-09 
 7
 Nonlinear solution status: time= 1.17023
	stiffness updates             = 6
	right hand side evaluations   = 8
	stiffness matrix reformations = 1
	step from line search         = 1.000000
	convergence norms :     INITIAL         CURRENT         REQUIRED
	   residual            3.771694e-03    8.650940e-06    0.000000e+00 
	   energy              3.284792e-03    6.895775e-09    3.284792e-05 
	   displacement        9.641927e-03    7.445781e-09    7.489593e-09 

convergence summary
    number of iterations   : 7
    number of reformations : 1

------- converged at time : 1.17023


AUTO STEPPER: increasing time step, dt = 0.00758495

MUST POINT CONTROLLER: adjusting time step. dt = 0.00476886


===== beginning time step 44 : 1.175 =====


Reforming stiffness matrix: reformation #1

 1
 Nonlinear solution status: time= 1.175
	stiffness updates             = 0
	right hand side evaluations   = 2
	stiffness matrix reformations = 1
	step from line search         = 1.000000
	convergence norms :     INITIAL         CURRENT         REQUIRED
	   residual            5.517158e-03    2.429844e-03    0.000000e+00 
	   energy              2.419109e-03    2.430521e-04    2.419109e-05 
	   displacement        3.611704e-03    3.611704e-03    3.611704e-09 
 2
 Nonlinear solution status: time= 1.175
	stiffness updates             = 1
	right hand side evaluations   = 3
	stiffness matrix reformations = 1
	step from line search         = 1.000000
	convergence norms :     INITIAL         CURRENT         REQUIRED
	   residual            5.517158e-03    1.391884e-03    0.000000e+00 
	   energy              2.419109e-03    3.094256e-06    2.419109e-05 
	   displacement        3.611704e-03    6.682396e-05    2.805594e-09 
 3
 Nonlinear solution status: time= 1.175
	stiffness updates             = 2
	right hand side evaluations   = 4
	stiffness matrix reformations = 1
	step from line search         = 1.000000
	convergence norms :     INITIAL         CURRENT         REQUIRED
	   residual            5.517158e-03    7.696245e-05    0.000000e+00 
	   energy              2.419109e-03    2.386347e-07    2.419109e-05 
	   displacement        3.611704e-03    8.231265e-07    2.820160e-09 
 4
 Nonlinear solution status: time= 1.175
	stiffness updates             = 3
	right hand side evaluations   = 5
	stiffness matrix reformations = 1
	step from line search         = 1.000000
	convergence norms :     INITIAL         CURRENT         REQUIRED
	   residual            5.517158e-03    3.635394e-06    0.000000e+00 
	   energy              2.419109e-03    1.038089e-08    2.419109e-05 
	   displacement        3.611704e-03    7.393827e-08    2.834030e-09 
 5
 Nonlinear solution status: time= 1.175
	stiffness updates             = 4
	right hand side evaluations   = 6
	stiffness matrix reformations = 1
	step from line search         = 1.000000
	convergence norms :     INITIAL         CURRENT         REQUIRED
	   residual            5.517158e-03    5.951434e-07    0.000000e+00 
	   energy              2.419109e-03    6.162017e-10    2.419109e-05 
	   displacement        3.611704e-03    2.305886e-09    2.833060e-09 

convergence summary
    number of iterations   : 5
    number of reformations : 1

------- converged at time : 1.175


AUTO STEPPER: increasing time step, dt = 0.00806796


===== beginning time step 45 : 1.18307 =====


Reforming stiffness matrix: reformation #1

 1
 Nonlinear solution status: time= 1.18307
	stiffness updates             = 0
	right hand side evaluations   = 2
	stiffness matrix reformations = 1
	step from line search         = 1.000000
	convergence norms :     INITIAL         CURRENT         REQUIRED
	   residual            2.006671e-03    5.487049e-03    0.000000e+00 
	   energy              2.288542e-03    2.632852e-04    2.288542e-05 
	   displacement        8.349040e-03    8.349040e-03    8.349040e-09 
 2
 Nonlinear solution status: time= 1.18307
	stiffness updates             = 1
	right hand side evaluations   = 3
	stiffness matrix reformations = 1
	step from line search         = 1.000000
	convergence norms :     INITIAL         CURRENT         REQUIRED
	   residual            2.006671e-03    1.635540e-03    0.000000e+00 
	   energy              2.288542e-03    5.144492e-06    2.288542e-05 
	   displacement        8.349040e-03    1.380663e-04    6.478498e-09 
 3
 Nonlinear solution status: time= 1.18307
	stiffness updates             = 2
	right hand side evaluations   = 4
	stiffness matrix reformations = 1
	step from line search         = 1.000000
	convergence norms :     INITIAL         CURRENT         REQUIRED
	   residual            2.006671e-03    4.183676e-04    0.000000e+00 
	   energy              2.288542e-03    1.148251e-06    2.288542e-05 
	   displacement        8.349040e-03    4.479597e-06    6.452913e-09 
 4
 Nonlinear solution status: time= 1.18307
	stiffness updates             = 3
	right hand side evaluations   = 5
	stiffness matrix reformations = 1
	step from line search         = 1.000000
	convergence norms :     INITIAL         CURRENT         REQUIRED
	   residual            2.006671e-03    1.374736e-05    0.000000e+00 
	   energy              2.288542e-03    4.780990e-08    2.288542e-05 
	   displacement        8.349040e-03    6.903747e-07    6.550198e-09 
 5
 Nonlinear solution status: time= 1.18307
	stiffness updates             = 4
	right hand side evaluations   = 6
	stiffness matrix reformations = 1
	step from line search         = 1.000000
	convergence norms :     INITIAL         CURRENT         REQUIRED
	   residual            2.006671e-03    8.147347e-06    0.000000e+00 
	   energy              2.288542e-03    7.402205e-09    2.288542e-05 
	   displacement        8.349040e-03    2.472691e-08    6.549435e-09 
 6
 Nonlinear solution status: time= 1.18307
	stiffness updates             = 5
	right hand side evaluations   = 7
	stiffness matrix reformations = 1
	step from line search         = 1.000000
	convergence norms :     INITIAL         CURRENT         REQUIRED
	   residual            2.006671e-03    4.935394e-07    0.000000e+00 
	   energy              2.288542e-03    2.751826e-11    2.288542e-05 
	   displacement        8.349040e-03    3.988457e-09    6.546087e-09 

convergence summary
    number of iterations   : 6
    number of reformations : 1

------- converged at time : 1.18307


AUTO STEPPER: increasing time step, dt = 0.00845437


===== beginning time step 46 : 1.19152 =====


Reforming stiffness matrix: reformation #1

 1
 Nonlinear solution status: time= 1.19152
	stiffness updates             = 0
	right hand side evaluations   = 2
	stiffness matrix reformations = 1
	step from line search         = 1.000000
	convergence norms :     INITIAL         CURRENT         REQUIRED
	   residual            1.770034e-03    6.484649e-03    0.000000e+00 
	   energy              2.167505e-03    2.434881e-04    2.167505e-05 
	   displacement        8.208259e-03    8.208259e-03    8.208259e-09 
 2
 Nonlinear solution status: time= 1.19152
	stiffness updates             = 1
	right hand side evaluations   = 3
	stiffness matrix reformations = 1
	step from line search         = 1.000000
	convergence norms :     INITIAL         CURRENT         REQUIRED
	   residual            1.770034e-03    1.545873e-03    0.000000e+00 
	   energy              2.167505e-03    4.871564e-06    2.167505e-05 
	   displacement        8.208259e-03    1.290899e-04    6.414751e-09 
 3
 Nonlinear solution status: time= 1.19152
	stiffness updates             = 2
	right hand side evaluations   = 4
	stiffness matrix reformations = 1
	step from line search         = 1.000000
	convergence norms :     INITIAL         CURRENT         REQUIRED
	   residual            1.770034e-03    5.979024e-04    0.000000e+00 
	   energy              2.167505e-03    8.747747e-07    2.167505e-05 
	   displacement        8.208259e-03    3.528064e-06    6.421292e-09 
 4
 Nonlinear solution status: time= 1.19152
	stiffness updates             = 3
	right hand side evaluations   = 5
	stiffness matrix reformations = 1
	step from line search         = 1.000000
	convergence norms :     INITIAL         CURRENT         REQUIRED
	   residual            1.770034e-03    4.061487e-05    0.000000e+00 
	   energy              2.167505e-03    1.009971e-07    2.167505e-05 
	   displacement        8.208259e-03    4.866123e-07    6.503431e-09 
 5
 Nonlinear solution status: time= 1.19152
	stiffness updates             = 4
	right hand side evaluations   = 6
	stiffness matrix reformations = 1
	step from line search         = 1.000000
	convergence norms :     INITIAL         CURRENT         REQUIRED
	   residual            1.770034e-03    1.511393e-05    0.000000e+00 
	   energy              2.167505e-03    1.671375e-08    2.167505e-05 
	   displacement        8.208259e-03    6.958530e-08    6.500106e-09 
 6
 Nonlinear solution status: time= 1.19152
	stiffness updates             = 5
	right hand side evaluations   = 7
	stiffness matrix reformations = 1
	step from line search         = 1.000000
	convergence norms :     INITIAL         CURRENT         REQUIRED
	   residual            1.770034e-03    1.455762e-06    0.000000e+00 
	   energy              2.167505e-03    6.496309e-10    2.167505e-05 
	   displacement        8.208259e-03    1.154252e-08    6.493633e-09 
 7
 Nonlinear solution status: time= 1.19152
	stiffness updates             = 6
	right hand side evaluations   = 8
	stiffness matrix reformations = 1
	step from line search         = 1.000000
	convergence norms :     INITIAL         CURRENT         REQUIRED
	   residual            1.770034e-03    6.271302e-07    0.000000e+00 
	   energy              2.167505e-03    1.288275e-10    2.167505e-05 
	   displacement        8.208259e-03    8.647537e-10    6.494961e-09 

convergence summary
    number of iterations   : 7
    number of reformations : 1

------- converged at time : 1.19152


AUTO STEPPER: increasing time step, dt = 0.00876349

MUST POINT CONTROLLER: adjusting time step. dt = 0.00847768


===== beginning time step 47 : 1.2 =====


Reforming stiffness matrix: reformation #1

 1
 Nonlinear solution status: time= 1.2
	stiffness updates             = 0
	right hand side evaluations   = 2
	stiffness matrix reformations = 1
	step from line search         = 1.000000
	convergence norms :     INITIAL         CURRENT         REQUIRED
	   residual            1.849981e-03    8.487303e-03    0.000000e+00 
	   energy              2.232831e-03    2.480339e-04    2.232831e-05 
	   displacement        8.197995e-03    8.197995e-03    8.197995e-09 
 2
 Nonlinear solution status: time= 1.2
	stiffness updates             = 1
	right hand side evaluations   = 3
	stiffness matrix reformations = 1
	step from line search         = 1.000000
	convergence norms :     INITIAL         CURRENT         REQUIRED
	   residual            1.849981e-03    1.964778e-03    0.000000e+00 
	   energy              2.232831e-03    6.942060e-06    2.232831e-05 
	   displacement        8.197995e-03    1.294187e-04    6.424457e-09 
 3
 Nonlinear solution status: time= 1.2
	stiffness updates             = 2
	right hand side evaluations   = 4
	stiffness matrix reformations = 1
	step from line search         = 1.000000
	convergence norms :     INITIAL         CURRENT         REQUIRED
	   residual            1.849981e-03    7.086205e-04    0.000000e+00 
	   energy              2.232831e-03    1.075740e-06    2.232831e-05 
	   displacement        8.197995e-03    4.879721e-06    6.450035e-09 
 4
 Nonlinear solution status: time= 1.2
	stiffness updates             = 3
	right hand side evaluations   = 5
	stiffness matrix reformations = 1
	step from line search         = 1.000000
	convergence norms :     INITIAL         CURRENT         REQUIRED
	   residual            1.849981e-03    6.831983e-05    0.000000e+00 
	   energy              2.232831e-03    1.863534e-07    2.232831e-05 
	   displacement        8.197995e-03    7.206579e-07    6.550341e-09 
 5
 Nonlinear solution status: time= 1.2
	stiffness updates             = 4
	right hand side evaluations   = 6
	stiffness matrix reformations = 1
	step from line search         = 1.000000
	convergence norms :     INITIAL         CURRENT         REQUIRED
	   residual            1.849981e-03    1.578231e-05    0.000000e+00 
	   energy              2.232831e-03    1.970730e-08    2.232831e-05 
	   displacement        8.197995e-03    1.227662e-07    6.542625e-09 
 6
 Nonlinear solution status: time= 1.2
	stiffness updates             = 5
	right hand side evaluations   = 7
	stiffness matrix reformations = 1
	step from line search         = 1.000000
	convergence norms :     INITIAL         CURRENT         REQUIRED
	   residual            1.849981e-03    2.677691e-06    0.000000e+00 
	   energy              2.232831e-03    1.571094e-09    2.232831e-05 
	   displacement        8.197995e-03    1.729067e-08    6.534142e-09 
 7
 Nonlinear solution status: time= 1.2
	stiffness updates             = 6
	right hand side evaluations   = 8
	stiffness matrix reformations = 1
	step from line search         = 1.000000
	convergence norms :     INITIAL         CURRENT         REQUIRED
	   residual            1.849981e-03    7.961248e-07    0.000000e+00 
	   energy              2.232831e-03    1.844160e-10    2.232831e-05 
	   displacement        8.197995e-03    1.491468e-09    6.536128e-09 

convergence summary
    number of iterations   : 7
    number of reformations : 1

------- converged at time : 1.2


AUTO STEPPER: increasing time step, dt = 0.00901079


===== beginning time step 48 : 1.20901 =====


Reforming stiffness matrix: reformation #1

 1
 Nonlinear solution status: time= 1.20901
	stiffness updates             = 0
	right hand side evaluations   = 2
	stiffness matrix reformations = 1
	step from line search         = 1.000000
	convergence norms :     INITIAL         CURRENT         REQUIRED
	   residual            1.685638e-03    1.227300e-02    0.000000e+00 
	   energy              2.232822e-03    2.619241e-04    2.232822e-05 
	   displacement        8.947143e-03    8.947143e-03    8.947143e-09 
 2
 Nonlinear solution status: time= 1.20901
	stiffness updates             = 1
	right hand side evaluations   = 3
	stiffness matrix reformations = 1
	step from line search         = 1.000000
	convergence norms :     INITIAL         CURRENT         REQUIRED
	   residual            1.685638e-03    2.754395e-03    0.000000e+00 
	   energy              2.232822e-03    1.130664e-05    2.232822e-05 
	   displacement        8.947143e-03    1.532630e-04    6.956511e-09 
 3
 Nonlinear solution status: time= 1.20901
	stiffness updates             = 2
	right hand side evaluations   = 4
	stiffness matrix reformations = 1
	step from line search         = 1.000000
	convergence norms :     INITIAL         CURRENT         REQUIRED
	   residual            1.685638e-03    7.503764e-04    0.000000e+00 
	   energy              2.232822e-03    1.335986e-06    2.232822e-05 
	   displacement        8.947143e-03    9.079423e-06    6.999571e-09 
 4
 Nonlinear solution status: time= 1.20901
	stiffness updates             = 3
	right hand side evaluations   = 5
	stiffness matrix reformations = 1
	step from line search         = 1.000000
	convergence norms :     INITIAL         CURRENT         REQUIRED
	   residual            1.685638e-03    1.045939e-04    0.000000e+00 
	   energy              2.232822e-03    2.700617e-07    2.232822e-05 
	   displacement        8.947143e-03    1.241866e-06    7.146477e-09 
 5
 Nonlinear solution status: time= 1.20901
	stiffness updates             = 4
	right hand side evaluations   = 6
	stiffness matrix reformations = 1
	step from line search         = 1.000000
	convergence norms :     INITIAL         CURRENT         REQUIRED
	   residual            1.685638e-03    2.722068e-05    0.000000e+00 
	   energy              2.232822e-03    3.426187e-08    2.232822e-05 
	   displacement        8.947143e-03    1.767752e-07    7.139724e-09 
 6
 Nonlinear solution status: time= 1.20901
	stiffness updates             = 5
	right hand side evaluations   = 7
	stiffness matrix reformations = 1
	step from line search         = 1.000000
	convergence norms :     INITIAL         CURRENT         REQUIRED
	   residual            1.685638e-03    4.241194e-06    0.000000e+00 
	   energy              2.232822e-03    4.297444e-09    2.232822e-05 
	   displacement        8.947143e-03    3.407487e-08    7.124542e-09 
 7
 Nonlinear solution status: time= 1.20901
	stiffness updates             = 6
	right hand side evaluations   = 8
	stiffness matrix reformations = 1
	step from line search         = 1.000000
	convergence norms :     INITIAL         CURRENT         REQUIRED
	   residual            1.685638e-03    9.052890e-07    0.000000e+00 
	   energy              2.232822e-03    1.882087e-10    2.232822e-05 
	   displacement        8.947143e-03    3.301556e-09    7.128251e-09 

convergence summary
    number of iterations   : 7
    number of reformations : 1

------- converged at time : 1.20901


AUTO STEPPER: increasing time step, dt = 0.00920864


===== beginning time step 49 : 1.21822 =====


Reforming stiffness matrix: reformation #1

 1
 Nonlinear solution status: time= 1.21822
	stiffness updates             = 0
	right hand side evaluations   = 2
	stiffness matrix reformations = 1
	step from line search         = 1.000000
	convergence norms :     INITIAL         CURRENT         REQUIRED
	   residual            1.435734e-03    1.080790e-02    0.000000e+00 
	   energy              1.967165e-03    2.336824e-04    1.967165e-05 
	   displacement        8.153635e-03    8.153635e-03    8.153635e-09 
 2
 Nonlinear solution status: time= 1.21822
	stiffness updates             = 1
	right hand side evaluations   = 3
	stiffness matrix reformations = 1
	step from line search         = 1.000000
	convergence norms :     INITIAL         CURRENT         REQUIRED
	   residual            1.435734e-03    2.181408e-03    0.000000e+00 
	   energy              1.967165e-03    1.046356e-05    1.967165e-05 
	   displacement        8.153635e-03    1.420594e-04    6.323079e-09 
 3
 Nonlinear solution status: time= 1.21822
	stiffness updates             = 2
	right hand side evaluations   = 4
	stiffness matrix reformations = 1
	step from line search         = 1.000000
	convergence norms :     INITIAL         CURRENT         REQUIRED
	   residual            1.435734e-03    4.802961e-04    0.000000e+00 
	   energy              1.967165e-03    1.016876e-06    1.967165e-05 
	   displacement        8.153635e-03    8.812412e-06    6.374763e-09 
 4
 Nonlinear solution status: time= 1.21822
	stiffness updates             = 3
	right hand side evaluations   = 5
	stiffness matrix reformations = 1
	step from line search         = 1.000000
	convergence norms :     INITIAL         CURRENT         REQUIRED
	   residual            1.435734e-03    4.603047e-05    0.000000e+00 
	   energy              1.967165e-03    1.405426e-07    1.967165e-05 
	   displacement        8.153635e-03    9.721149e-07    6.503068e-09 
 5
 Nonlinear solution status: time= 1.21822
	stiffness updates             = 4
	right hand side evaluations   = 6
	stiffness matrix reformations = 1
	step from line search         = 1.000000
	convergence norms :     INITIAL         CURRENT         REQUIRED
	   residual            1.435734e-03    1.617027e-05    0.000000e+00 
	   energy              1.967165e-03    1.912410e-08    1.967165e-05 
	   displacement        8.153635e-03    9.058420e-08    6.497800e-09 
 6
 Nonlinear solution status: time= 1.21822
	stiffness updates             = 5
	right hand side evaluations   = 7
	stiffness matrix reformations = 1
	step from line search         = 1.000000
	convergence norms :     INITIAL         CURRENT         REQUIRED
	   residual            1.435734e-03    2.166046e-06    0.000000e+00 
	   energy              1.967165e-03    2.511792e-09    1.967165e-05 
	   displacement        8.153635e-03    1.780706e-08    6.487743e-09 
 7
 Nonlinear solution status: time= 1.21822
	stiffness updates             = 6
	right hand side evaluations   = 8
	stiffness matrix reformations = 1
	step from line search         = 1.000000
	convergence norms :     INITIAL         CURRENT         REQUIRED
	   residual            1.435734e-03    3.027605e-07    0.000000e+00 
	   energy              1.967165e-03    1.583347e-10    1.967165e-05 
	   displacement        8.153635e-03    2.142639e-09    6.490387e-09 

convergence summary
    number of iterations   : 7
    number of reformations : 1

------- converged at time : 1.21822


AUTO STEPPER: increasing time step, dt = 0.00936691

MUST POINT CONTROLLER: adjusting time step. dt = 0.00678057


===== beginning time step 50 : 1.225 =====


Reforming stiffness matrix: reformation #1

 1
 Nonlinear solution status: time= 1.225
	stiffness updates             = 0
	right hand side evaluations   = 2
	stiffness matrix reformations = 1
	step from line search         = 1.000000
	convergence norms :     INITIAL         CURRENT         REQUIRED
	   residual            1.827143e-03    2.256057e-03    0.000000e+00 
	   energy              1.470511e-03    1.398032e-04    1.470511e-05 
	   displacement        3.617354e-03    3.617354e-03    3.617354e-09 
 2
 Nonlinear solution status: time= 1.225
	stiffness updates             = 1
	right hand side evaluations   = 3
	stiffness matrix reformations = 1
	step from line search         = 1.000000
	convergence norms :     INITIAL         CURRENT         REQUIRED
	   residual            1.827143e-03    4.357599e-04    0.000000e+00 
	   energy              1.470511e-03    2.172742e-06    1.470511e-05 
	   displacement        3.617354e-03    5.178831e-05    2.883808e-09 
 3
 Nonlinear solution status: time= 1.225
	stiffness updates             = 2
	right hand side evaluations   = 4
	stiffness matrix reformations = 1
	step from line search         = 1.000000
	convergence norms :     INITIAL         CURRENT         REQUIRED
	   residual            1.827143e-03    3.131002e-05    0.000000e+00 
	   energy              1.470511e-03    1.215101e-07    1.470511e-05 
	   displacement        3.617354e-03    9.828913e-07    2.911890e-09 
 4
 Nonlinear solution status: time= 1.225
	stiffness updates             = 3
	right hand side evaluations   = 5
	stiffness matrix reformations = 1
	step from line search         = 1.000000
	convergence norms :     INITIAL         CURRENT         REQUIRED
	   residual            1.827143e-03    1.013726e-06    0.000000e+00 
	   energy              1.470511e-03    4.062058e-09    1.470511e-05 
	   displacement        3.617354e-03    4.311128e-08    2.924945e-09 
 5
 Nonlinear solution status: time= 1.225
	stiffness updates             = 4
	right hand side evaluations   = 6
	stiffness matrix reformations = 1
	step from line search         = 1.000000
	convergence norms :     INITIAL         CURRENT         REQUIRED
	   residual            1.827143e-03    1.657548e-07    0.000000e+00 
	   energy              1.470511e-03    2.256235e-10    1.470511e-05 
	   displacement        3.617354e-03    1.773675e-09    2.923612e-09 

convergence summary
    number of iterations   : 5
    number of reformations : 1

------- converged at time : 1.225


AUTO STEPPER: increasing time step, dt = 0.00949353


===== beginning time step 51 : 1.23449 =====


Reforming stiffness matrix: reformation #1

 1
 Nonlinear solution status: time= 1.23449
	stiffness updates             = 0
	right hand side evaluations   = 2
	stiffness matrix reformations = 1
	step from line search         = 1.000000
	convergence norms :     INITIAL         CURRENT         REQUIRED
	   residual            8.154913e-04    3.223299e-03    0.000000e+00 
	   energy              1.195676e-03    1.388931e-04    1.195676e-05 
	   displacement        5.320544e-03    5.320544e-03    5.320544e-09 
 2
 Nonlinear solution status: time= 1.23449
	stiffness updates             = 1
	right hand side evaluations   = 3
	stiffness matrix reformations = 1
	step from line search         = 1.000000
	convergence norms :     INITIAL         CURRENT         REQUIRED
	   residual            8.154913e-04    4.371914e-04    0.000000e+00 
	   energy              1.195676e-03    3.023504e-06    1.195676e-05 
	   displacement        5.320544e-03    8.536188e-05    4.136112e-09 
 3
 Nonlinear solution status: time= 1.23449
	stiffness updates             = 2
	right hand side evaluations   = 4
	stiffness matrix reformations = 1
	step from line search         = 1.000000
	convergence norms :     INITIAL         CURRENT         REQUIRED
	   residual            8.154913e-04    6.766874e-05    0.000000e+00 
	   energy              1.195676e-03    2.294590e-07    1.195676e-05 
	   displacement        5.320544e-03    2.328116e-06    4.178582e-09 
 4
 Nonlinear solution status: time= 1.23449
	stiffness updates             = 3
	right hand side evaluations   = 5
	stiffness matrix reformations = 1
	step from line search         = 1.000000
	convergence norms :     INITIAL         CURRENT         REQUIRED
	   residual            8.154913e-04    2.079196e-06    0.000000e+00 
	   energy              1.195676e-03    9.957758e-09    1.195676e-05 
	   displacement        5.320544e-03    1.392048e-07    4.213814e-09 
 5
 Nonlinear solution status: time= 1.23449
	stiffness updates             = 4
	right hand side evaluations   = 6
	stiffness matrix reformations = 1
	step from line search         = 1.000000
	convergence norms :     INITIAL         CURRENT         REQUIRED
	   residual            8.154913e-04    5.216983e-07    0.000000e+00 
	   energy              1.195676e-03    7.262857e-10    1.195676e-05 
	   displacement        5.320544e-03    6.458438e-09    4.211291e-09 
 6
 Nonlinear solution status: time= 1.23449
	stiffness updates             = 5
	right hand side evaluations   = 7
	stiffness matrix reformations = 1
	step from line search         = 1.000000
	convergence norms :     INITIAL         CURRENT         REQUIRED
	   residual            8.154913e-04    2.657182e-08    0.000000e+00 
	   energy              1.195676e-03    1.788866e-11    1.195676e-05 
	   displacement        5.320544e-03    4.974710e-10    4.210479e-09 

convergence summary
    number of iterations   : 6
    number of reformations : 1

------- converged at time : 1.23449


AUTO STEPPER: increasing time step, dt = 0.00959482


===== beginning time step 52 : 1.24409 =====


Reforming stiffness matrix: reformation #1

 1
 Nonlinear solution status: time= 1.24409
	stiffness updates             = 0
	right hand side evaluations   = 2
	stiffness matrix reformations = 1
	step from line search         = 1.000000
	convergence norms :     INITIAL         CURRENT         REQUIRED
	   residual            5.075858e-04    8.327059e-04    0.000000e+00 
	   energy              7.711478e-04    8.858015e-05    7.711478e-06 
	   displacement        3.572113e-03    3.572113e-03    3.572113e-09 
 2
 Nonlinear solution status: time= 1.24409
	stiffness updates             = 1
	right hand side evaluations   = 3
	stiffness matrix reformations = 1
	step from line search         = 1.000000
	convergence norms :     INITIAL         CURRENT         REQUIRED
	   residual            5.075858e-04    9.543894e-05    0.000000e+00 
	   energy              7.711478e-04    8.488558e-07    7.711478e-06 
	   displacement        3.572113e-03    5.465459e-05    2.782621e-09 
 3
 Nonlinear solution status: time= 1.24409
	stiffness updates             = 2
	right hand side evaluations   = 4
	stiffness matrix reformations = 1
	step from line search         = 1.000000
	convergence norms :     INITIAL         CURRENT         REQUIRED
	   residual            5.075858e-04    5.360748e-06    0.000000e+00 
	   energy              7.711478e-04    3.594082e-08    7.711478e-06 
	   displacement        3.572113e-03    4.675253e-07    2.806055e-09 
 4
 Nonlinear solution status: time= 1.24409
	stiffness updates             = 3
	right hand side evaluations   = 5
	stiffness matrix reformations = 1
	step from line search         = 1.000000
	convergence norms :     INITIAL         CURRENT         REQUIRED
	   residual            5.075858e-04    1.002969e-07    0.000000e+00 
	   energy              7.711478e-04    5.981315e-10    7.711478e-06 
	   displacement        3.572113e-03    1.519735e-08    2.812516e-09 
 5
 Nonlinear solution status: time= 1.24409
	stiffness updates             = 4
	right hand side evaluations   = 6
	stiffness matrix reformations = 1
	step from line search         = 1.000000
	convergence norms :     INITIAL         CURRENT         REQUIRED
	   residual            5.075858e-04    1.176522e-08    0.000000e+00 
	   energy              7.711478e-04    2.523985e-11    7.711478e-06 
	   displacement        3.572113e-03    3.570882e-10    2.811852e-09 

convergence summary
    number of iterations   : 5
    number of reformations : 1

------- converged at time : 1.24409


AUTO STEPPER: increasing time step, dt = 0.00967586

MUST POINT CONTROLLER: adjusting time step. dt = 0.00591165


===== beginning time step 53 : 1.25 =====


Reforming stiffness matrix: reformation #1

 1
 Nonlinear solution status: time= 1.25
	stiffness updates             = 0
	right hand side evaluations   = 2
	stiffness matrix reformations = 1
	step from line search         = 1.000000
	convergence norms :     INITIAL         CURRENT         REQUIRED
	   residual            7.162729e-04    7.811120e-05    0.000000e+00 
	   energy              4.574575e-04    4.165426e-05    4.574575e-06 
	   displacement        9.184629e-04    9.184629e-04    9.184629e-10 
 2
 Nonlinear solution status: time= 1.25
	stiffness updates             = 1
	right hand side evaluations   = 3
	stiffness matrix reformations = 1
	step from line search         = 1.000000
	convergence norms :     INITIAL         CURRENT         REQUIRED
	   residual            7.162729e-04    1.969258e-05    0.000000e+00 
	   energy              4.574575e-04    2.299333e-07    4.574575e-06 
	   displacement        9.184629e-04    1.337191e-05    7.321859e-10 
 3
 Nonlinear solution status: time= 1.25
	stiffness updates             = 2
	right hand side evaluations   = 4
	stiffness matrix reformations = 1
	step from line search         = 1.000000
	convergence norms :     INITIAL         CURRENT         REQUIRED
	   residual            7.162729e-04    4.282708e-08    0.000000e+00 
	   energy              4.574575e-04    2.531639e-09    4.574575e-06 
	   displacement        9.184629e-04    5.964341e-08    7.368746e-10 
 4
 Nonlinear solution status: time= 1.25
	stiffness updates             = 3
	right hand side evaluations   = 5
	stiffness matrix reformations = 1
	step from line search         = 1.000000
	convergence norms :     INITIAL         CURRENT         REQUIRED
	   residual            7.162729e-04    7.617876e-10    0.000000e+00 
	   energy              4.574575e-04    3.607888e-12    4.574575e-06 
	   displacement        9.184629e-04    3.136260e-10    7.372270e-10 

convergence summary
    number of iterations   : 4
    number of reformations : 1

------- converged at time : 1.25


AUTO STEPPER: increasing time step, dt = 0.00974069


===== beginning time step 54 : 1.25974 =====


Reforming stiffness matrix: reformation #1

 1
 Nonlinear solution status: time= 1.25974
	stiffness updates             = 0
	right hand side evaluations   = 2
	stiffness matrix reformations = 1
	step from line search         = 1.000000
	convergence norms :     INITIAL         CURRENT         REQUIRED
	   residual            2.249130e-04    8.712539e-05    0.000000e+00 
	   energy              3.552884e-04    4.147557e-05    3.552884e-06 
	   displacement        1.730749e-03    1.730749e-03    1.730749e-09 
 2
 Nonlinear solution status: time= 1.25974
	stiffness updates             = 1
	right hand side evaluations   = 3
	stiffness matrix reformations = 1
	step from line search         = 1.000000
	convergence norms :     INITIAL         CURRENT         REQUIRED
	   residual            2.249130e-04    1.163298e-05    0.000000e+00 
	   energy              3.552884e-04    1.257410e-07    3.552884e-06 
	   displacement        1.730749e-03    2.635730e-05    1.345279e-09 
 3
 Nonlinear solution status: time= 1.25974
	stiffness updates             = 2
	right hand side evaluations   = 4
	stiffness matrix reformations = 1
	step from line search         = 1.000000
	convergence norms :     INITIAL         CURRENT         REQUIRED
	   residual            2.249130e-04    5.678387e-08    0.000000e+00 
	   energy              3.552884e-04    1.993029e-09    3.552884e-06 
	   displacement        1.730749e-03    4.653737e-08    1.350718e-09 
 4
 Nonlinear solution status: time= 1.25974
	stiffness updates             = 3
	right hand side evaluations   = 5
	stiffness matrix reformations = 1
	step from line search         = 1.000000
	convergence norms :     INITIAL         CURRENT         REQUIRED
	   residual            2.249130e-04    1.354104e-09    0.000000e+00 
	   energy              3.552884e-04    3.388452e-12    3.552884e-06 
	   displacement        1.730749e-03    6.937999e-10    1.351144e-09 

convergence summary
    number of iterations   : 4
    number of reformations : 1

------- converged at time : 1.25974


AUTO STEPPER: increasing time step, dt = 0.00979255


===== beginning time step 55 : 1.26953 =====


Reforming stiffness matrix: reformation #1

 1
 Nonlinear solution status: time= 1.26953
	stiffness updates             = 0
	right hand side evaluations   = 2
	stiffness matrix reformations = 1
	step from line search         = 1.000000
	convergence norms :     INITIAL         CURRENT         REQUIRED
	   residual            1.394087e-04    3.600025e-05    0.000000e+00 
	   energy              2.197812e-04    2.580578e-05    2.197812e-06 
	   displacement        1.076390e-03    1.076390e-03    1.076390e-09 
 2
 Nonlinear solution status: time= 1.26953
	stiffness updates             = 1
	right hand side evaluations   = 3
	stiffness matrix reformations = 1
	step from line search         = 1.000000
	convergence norms :     INITIAL         CURRENT         REQUIRED
	   residual            1.394087e-04    4.036913e-06    0.000000e+00 
	   energy              2.197812e-04    5.302346e-08    2.197812e-06 
	   displacement        1.076390e-03    1.642433e-05    8.360650e-10 
 3
 Nonlinear solution status: time= 1.26953
	stiffness updates             = 2
	right hand side evaluations   = 4
	stiffness matrix reformations = 1
	step from line search         = 1.000000
	convergence norms :     INITIAL         CURRENT         REQUIRED
	   residual            1.394087e-04    2.172253e-08    0.000000e+00 
	   energy              2.197812e-04    7.945819e-10    2.197812e-06 
	   displacement        1.076390e-03    2.106593e-08    8.386952e-10 
 4
 Nonlinear solution status: time= 1.26953
	stiffness updates             = 3
	right hand side evaluations   = 5
	stiffness matrix reformations = 1
	step from line search         = 1.000000
	convergence norms :     INITIAL         CURRENT         REQUIRED
	   residual            1.394087e-04    2.629416e-10    0.000000e+00 
	   energy              2.197812e-04    1.828152e-12    2.197812e-06 
	   displacement        1.076390e-03    2.833674e-10    8.388613e-10 

convergence summary
    number of iterations   : 4
    number of reformations : 1

------- converged at time : 1.26953


AUTO STEPPER: increasing time step, dt = 0.00983404

MUST POINT CONTROLLER: adjusting time step. dt = 0.00546677


===== beginning time step 56 : 1.275 =====


Reforming stiffness matrix: reformation #1

 1
 Nonlinear solution status: time= 1.275
	stiffness updates             = 0
	right hand side evaluations   = 2
	stiffness matrix reformations = 1
	step from line search         = 1.000000
	convergence norms :     INITIAL         CURRENT         REQUIRED
	   residual            2.389158e-04    1.666492e-05    0.000000e+00 
	   energy              1.316941e-04    1.230695e-05    1.316941e-06 
	   displacement        2.330232e-04    2.330232e-04    2.330232e-10 
 2
 Nonlinear solution status: time= 1.275
	stiffness updates             = 1
	right hand side evaluations   = 3
	stiffness matrix reformations = 1
	step from line search         = 1.000000
	convergence norms :     INITIAL         CURRENT         REQUIRED
	   residual            2.389158e-04    1.588773e-06    0.000000e+00 
	   energy              1.316941e-04    6.240758e-08    1.316941e-06 
	   displacement        2.330232e-04    3.637870e-06    1.845572e-10 
 3
 Nonlinear solution status: time= 1.275
	stiffness updates             = 2
	right hand side evaluations   = 4
	stiffness matrix reformations = 1
	step from line search         = 1.000000
	convergence norms :     INITIAL         CURRENT         REQUIRED
	   residual            2.389158e-04    3.713813e-09    0.000000e+00 
	   energy              1.316941e-04    5.839985e-10    1.316941e-06 
	   displacement        2.330232e-04    1.554718e-08    1.857164e-10 
 4
 Nonlinear solution status: time= 1.275
	stiffness updates             = 3
	right hand side evaluations   = 5
	stiffness matrix reformations = 1
	step from line search         = 1.000000
	convergence norms :     INITIAL         CURRENT         REQUIRED
	   residual            2.389158e-04    9.763271e-12    0.000000e+00 
	   energy              1.316941e-04    7.837907e-13    1.316941e-06 
	   displacement        2.330232e-04    7.010717e-11    1.857786e-10 

convergence summary
    number of iterations   : 4
    number of reformations : 1

------- converged at time : 1.275


AUTO STEPPER: increasing time step, dt = 0.00986723


===== beginning time step 57 : 1.28487 =====


Reforming stiffness matrix: reformation #1

 1
 Nonlinear solution status: time= 1.28487
	stiffness updates             = 0
	right hand side evaluations   = 2
	stiffness matrix reformations = 1
	step from line search         = 1.000000
	convergence norms :     INITIAL         CURRENT         REQUIRED
	   residual            6.890950e-05    1.058809e-05    0.000000e+00 
	   energy              1.077126e-04    1.258302e-05    1.077126e-06 
	   displacement        5.274587e-04    5.274587e-04    5.274587e-10 
 2
 Nonlinear solution status: time= 1.28487
	stiffness updates             = 1
	right hand side evaluations   = 3
	stiffness matrix reformations = 1
	step from line search         = 1.000000
	convergence norms :     INITIAL         CURRENT         REQUIRED
	   residual            6.890950e-05    9.050727e-07    0.000000e+00 
	   energy              1.077126e-04    1.917189e-08    1.077126e-06 
	   displacement        5.274587e-04    7.931687e-06    4.103997e-10 
 3
 Nonlinear solution status: time= 1.28487
	stiffness updates             = 2
	right hand side evaluations   = 4
	stiffness matrix reformations = 1
	step from line search         = 1.000000
	convergence norms :     INITIAL         CURRENT         REQUIRED
	   residual            6.890950e-05    3.296619e-09    0.000000e+00 
	   energy              1.077126e-04    2.135944e-10    1.077126e-06 
	   displacement        5.274587e-04    7.799387e-09    4.115215e-10 
 4
 Nonlinear solution status: time= 1.28487
	stiffness updates             = 3
	right hand side evaluations   = 5
	stiffness matrix reformations = 1
	step from line search         = 1.000000
	convergence norms :     INITIAL         CURRENT         REQUIRED
	   residual            6.890950e-05    2.236796e-11    0.000000e+00 
	   energy              1.077126e-04    3.057124e-13    1.077126e-06 
	   displacement        5.274587e-04    7.731992e-11    4.115553e-10 

convergence summary
    number of iterations   : 4
    number of reformations : 1

------- converged at time : 1.28487


AUTO STEPPER: increasing time step, dt = 0.00989378


===== beginning time step 58 : 1.29476 =====


Reforming stiffness matrix: reformation #1

 1
 Nonlinear solution status: time= 1.29476
	stiffness updates             = 0
	right hand side evaluations   = 2
	stiffness matrix reformations = 1
	step from line search         = 1.000000
	convergence norms :     INITIAL         CURRENT         REQUIRED
	   residual            4.275855e-05    6.012030e-06    0.000000e+00 
	   energy              6.771089e-05    7.887324e-06    6.771089e-07 
	   displacement        3.362215e-04    3.362215e-04    3.362215e-10 
 2
 Nonlinear solution status: time= 1.29476
	stiffness updates             = 1
	right hand side evaluations   = 3
	stiffness matrix reformations = 1
	step from line search         = 1.000000
	convergence norms :     INITIAL         CURRENT         REQUIRED
	   residual            4.275855e-05    4.313033e-07    0.000000e+00 
	   energy              6.771089e-05    1.152294e-08    6.771089e-07 
	   displacement        3.362215e-04    5.014733e-06    2.617738e-10 
 3
 Nonlinear solution status: time= 1.29476
	stiffness updates             = 2
	right hand side evaluations   = 4
	stiffness matrix reformations = 1
	step from line search         = 1.000000
	convergence norms :     INITIAL         CURRENT         REQUIRED
	   residual            4.275855e-05    1.193963e-09    0.000000e+00 
	   energy              6.771089e-05    1.153496e-10    6.771089e-07 
	   displacement        3.362215e-04    4.474776e-09    2.624827e-10 
 4
 Nonlinear solution status: time= 1.29476
	stiffness updates             = 3
	right hand side evaluations   = 5
	stiffness matrix reformations = 1
	step from line search         = 1.000000
	convergence norms :     INITIAL         CURRENT         REQUIRED
	   residual            4.275855e-05    7.165213e-12    0.000000e+00 
	   energy              6.771089e-05    1.359263e-13    6.771089e-07 
	   displacement        3.362215e-04    4.167476e-11    2.624981e-10 

convergence summary
    number of iterations   : 4
    number of reformations : 1

------- converged at time : 1.29476


AUTO STEPPER: increasing time step, dt = 0.00991503

MUST POINT CONTROLLER: adjusting time step. dt = 0.00523898


===== beginning time step 59 : 1.3 =====


Reforming stiffness matrix: reformation #1

 1
 Nonlinear solution status: time= 1.3
	stiffness updates             = 0
	right hand side evaluations   = 2
	stiffness matrix reformations = 1
	step from line search         = 1.000000
	convergence norms :     INITIAL         CURRENT         REQUIRED
	   residual            8.212748e-05    5.355843e-06    0.000000e+00 
	   energy              4.361558e-05    4.105867e-06    4.361558e-07 
	   displacement        7.521303e-05    7.521303e-05    7.521303e-11 
 2
 Nonlinear solution status: time= 1.3
	stiffness updates             = 1
	right hand side evaluations   = 3
	stiffness matrix reformations = 1
	step from line search         = 1.000000
	convergence norms :     INITIAL         CURRENT         REQUIRED
	   residual            8.212748e-05    2.621396e-07    0.000000e+00 
	   energy              4.361558e-05    2.082318e-08    4.361558e-07 
	   displacement        7.521303e-05    1.222067e-06    5.920890e-11 
 3
 Nonlinear solution status: time= 1.3
	stiffness updates             = 2
	right hand side evaluations   = 4
	stiffness matrix reformations = 1
	step from line search         = 1.000000
	convergence norms :     INITIAL         CURRENT         REQUIRED
	   residual            8.212748e-05    5.574822e-10    0.000000e+00 
	   energy              4.361558e-05    1.796109e-10    4.361558e-07 
	   displacement        7.521303e-05    4.836414e-09    5.960771e-11 
 4
 Nonlinear solution status: time= 1.3
	stiffness updates             = 3
	right hand side evaluations   = 5
	stiffness matrix reformations = 1
	step from line search         = 1.000000
	convergence norms :     INITIAL         CURRENT         REQUIRED
	   residual            8.212748e-05    1.173402e-12    0.000000e+00 
	   energy              4.361558e-05    3.007750e-13    4.361558e-07 
	   displacement        7.521303e-05    2.086477e-11    5.962429e-11 

convergence summary
    number of iterations   : 4
    number of reformations : 1

------- converged at time : 1.3


AUTO STEPPER: increasing time step, dt = 0.00993202


===== beginning time step 60 : 1.30993 =====


Reforming stiffness matrix: reformation #1

 1
 Nonlinear solution status: time= 1.30993
	stiffness updates             = 0
	right hand side evaluations   = 2
	stiffness matrix reformations = 1
	step from line search         = 1.000000
	convergence norms :     INITIAL         CURRENT         REQUIRED
	   residual            2.574425e-05    4.933342e-06    0.000000e+00 
	   energy              4.225351e-05    4.913282e-06    4.225351e-07 
	   displacement        2.180049e-04    2.180049e-04    2.180049e-10 
 2
 Nonlinear solution status: time= 1.30993
	stiffness updates             = 1
	right hand side evaluations   = 3
	stiffness matrix reformations = 1
	step from line search         = 1.000000
	convergence norms :     INITIAL         CURRENT         REQUIRED
	   residual            2.574425e-05    2.999154e-07    0.000000e+00 
	   energy              4.225351e-05    8.114293e-09    4.225351e-07 
	   displacement        2.180049e-04    3.255715e-06    1.695507e-10 
 3
 Nonlinear solution status: time= 1.30993
	stiffness updates             = 2
	right hand side evaluations   = 4
	stiffness matrix reformations = 1
	step from line search         = 1.000000
	convergence norms :     INITIAL         CURRENT         REQUIRED
	   residual            2.574425e-05    5.580597e-10    0.000000e+00 
	   energy              4.225351e-05    6.180460e-11    4.225351e-07 
	   displacement        2.180049e-04    2.453242e-09    1.700467e-10 
 4
 Nonlinear solution status: time= 1.30993
	stiffness updates             = 3
	right hand side evaluations   = 5
	stiffness matrix reformations = 1
	step from line search         = 1.000000
	convergence norms :     INITIAL         CURRENT         REQUIRED
	   residual            2.574425e-05    2.754505e-12    0.000000e+00 
	   energy              4.225351e-05    6.878857e-14    4.225351e-07 
	   displacement        2.180049e-04    1.884747e-11    1.700567e-10 

convergence summary
    number of iterations   : 4
    number of reformations : 1

------- converged at time : 1.30993


AUTO STEPPER: increasing time step, dt = 0.00994562


===== beginning time step 61 : 1.31988 =====


Reforming stiffness matrix: reformation #1

 1
 Nonlinear solution status: time= 1.31988
	stiffness updates             = 0
	right hand side evaluations   = 2
	stiffness matrix reformations = 1
	step from line search         = 1.000000
	convergence norms :     INITIAL         CURRENT         REQUIRED
	   residual            2.202149e-05    4.219388e-06    0.000000e+00 
	   energy              3.636457e-05    4.229998e-06    3.636457e-07 
	   displacement        1.897358e-04    1.897358e-04    1.897358e-10 
 2
 Nonlinear solution status: time= 1.31988
	stiffness updates             = 1
	right hand side evaluations   = 3
	stiffness matrix reformations = 1
	step from line search         = 1.000000
	convergence norms :     INITIAL         CURRENT         REQUIRED
	   residual            2.202149e-05    2.582963e-07    0.000000e+00 
	   energy              3.636457e-05    7.400257e-09    3.636457e-07 
	   displacement        1.897358e-04    2.856468e-06    1.473879e-10 
 3
 Nonlinear solution status: time= 1.31988
	stiffness updates             = 2
	right hand side evaluations   = 4
	stiffness matrix reformations = 1
	step from line search         = 1.000000
	convergence norms :     INITIAL         CURRENT         REQUIRED
	   residual            2.202149e-05    4.114853e-10    0.000000e+00 
	   energy              3.636457e-05    5.028321e-11    3.636457e-07 
	   displacement        1.897358e-04    2.018463e-09    1.478302e-10 
 4
 Nonlinear solution status: time= 1.31988
	stiffness updates             = 3
	right hand side evaluations   = 5
	stiffness matrix reformations = 1
	step from line search         = 1.000000
	convergence norms :     INITIAL         CURRENT         REQUIRED
	   residual            2.202149e-05    1.750369e-12    0.000000e+00 
	   energy              3.636457e-05    4.927289e-14    3.636457e-07 
	   displacement        1.897358e-04    1.289808e-11    1.478398e-10 

convergence summary
    number of iterations   : 4
    number of reformations : 1

------- converged at time : 1.31988


AUTO STEPPER: increasing time step, dt = 0.00995649

MUST POINT CONTROLLER: adjusting time step. dt = 0.00512236


===== beginning time step 62 : 1.325 =====


Reforming stiffness matrix: reformation #1

 1
 Nonlinear solution status: time= 1.325
	stiffness updates             = 0
	right hand side evaluations   = 2
	stiffness matrix reformations = 1
	step from line search         = 1.000000
	convergence norms :     INITIAL         CURRENT         REQUIRED
	   residual            6.020325e-05    3.945401e-06    0.000000e+00 
	   energy              3.068769e-05    2.828382e-06    3.068769e-07 
	   displacement        5.153703e-05    5.153703e-05    5.153703e-11 
 2
 Nonlinear solution status: time= 1.325
	stiffness updates             = 1
	right hand side evaluations   = 3
	stiffness matrix reformations = 1
	step from line search         = 1.000000
	convergence norms :     INITIAL         CURRENT         REQUIRED
	   residual            6.020325e-05    1.756248e-07    0.000000e+00 
	   energy              3.068769e-05    1.627461e-08    3.068769e-07 
	   displacement        5.153703e-05    8.545534e-07    4.048467e-11 
 3
 Nonlinear solution status: time= 1.325
	stiffness updates             = 2
	right hand side evaluations   = 4
	stiffness matrix reformations = 1
	step from line search         = 1.000000
	convergence norms :     INITIAL         CURRENT         REQUIRED
	   residual            6.020325e-05    2.853486e-10    0.000000e+00 
	   energy              3.068769e-05    1.210122e-10    3.068769e-07 
	   displacement        5.153703e-05    3.455561e-09    4.077355e-11 
 4
 Nonlinear solution status: time= 1.325
	stiffness updates             = 3
	right hand side evaluations   = 5
	stiffness matrix reformations = 1
	step from line search         = 1.000000
	convergence norms :     INITIAL         CURRENT         REQUIRED
	   residual            6.020325e-05    6.509247e-13    0.000000e+00 
	   energy              3.068769e-05    2.024447e-13    3.068769e-07 
	   displacement        5.153703e-05    1.252942e-11    4.078724e-11 

convergence summary
    number of iterations   : 4
    number of reformations : 1

------- converged at time : 1.325


AUTO STEPPER: increasing time step, dt = 0.0099652


===== beginning time step 63 : 1.33497 =====


Reforming stiffness matrix: reformation #1

 1
 Nonlinear solution status: time= 1.33497
	stiffness updates             = 0
	right hand side evaluations   = 2
	stiffness matrix reformations = 1
	step from line search         = 1.000000
	convergence norms :     INITIAL         CURRENT         REQUIRED
	   residual            2.158153e-05    3.494478e-06    0.000000e+00 
	   energy              3.543710e-05    4.169909e-06    3.543710e-07 
	   displacement        1.854150e-04    1.854150e-04    1.854150e-10 
 2
 Nonlinear solution status: time= 1.33497
	stiffness updates             = 1
	right hand side evaluations   = 3
	stiffness matrix reformations = 1
	step from line search         = 1.000000
	convergence norms :     INITIAL         CURRENT         REQUIRED
	   residual            2.158153e-05    2.321774e-07    0.000000e+00 
	   energy              3.543710e-05    7.168104e-09    3.543710e-07 
	   displacement        1.854150e-04    2.843267e-06    1.436822e-10 
 3
 Nonlinear solution status: time= 1.33497
	stiffness updates             = 2
	right hand side evaluations   = 4
	stiffness matrix reformations = 1
	step from line search         = 1.000000
	convergence norms :     INITIAL         CURRENT         REQUIRED
	   residual            2.158153e-05    3.737593e-10    0.000000e+00 
	   energy              3.543710e-05    5.233734e-11    3.543710e-07 
	   displacement        1.854150e-04    2.047221e-09    1.441022e-10 
 4
 Nonlinear solution status: time= 1.33497
	stiffness updates             = 3
	right hand side evaluations   = 5
	stiffness matrix reformations = 1
	step from line search         = 1.000000
	convergence norms :     INITIAL         CURRENT         REQUIRED
	   residual            2.158153e-05    9.530902e-13    0.000000e+00 
	   energy              3.543710e-05    3.809702e-14    3.543710e-07 
	   displacement        1.854150e-04    1.284723e-11    1.441125e-10 

convergence summary
    number of iterations   : 4
    number of reformations : 1

------- converged at time : 1.33497


AUTO STEPPER: increasing time step, dt = 0.00997216


===== beginning time step 64 : 1.34494 =====


Reforming stiffness matrix: reformation #1

 1
 Nonlinear solution status: time= 1.34494
	stiffness updates             = 0
	right hand side evaluations   = 2
	stiffness matrix reformations = 1
	step from line search         = 1.000000
	convergence norms :     INITIAL         CURRENT         REQUIRED
	   residual            2.080375e-05    2.599337e-06    0.000000e+00 
	   energy              3.419761e-05    4.061641e-06    3.419761e-07 
	   displacement        1.787183e-04    1.787183e-04    1.787183e-10 
 2
 Nonlinear solution status: time= 1.34494
	stiffness updates             = 1
	right hand side evaluations   = 3
	stiffness matrix reformations = 1
	step from line search         = 1.000000
	convergence norms :     INITIAL         CURRENT         REQUIRED
	   residual            2.080375e-05    1.714678e-07    0.000000e+00 
	   energy              3.419761e-05    6.356194e-09    3.419761e-07 
	   displacement        1.787183e-04    2.762008e-06    1.383516e-10 
 3
 Nonlinear solution status: time= 1.34494
	stiffness updates             = 2
	right hand side evaluations   = 4
	stiffness matrix reformations = 1
	step from line search         = 1.000000
	convergence norms :     INITIAL         CURRENT         REQUIRED
	   residual            2.080375e-05    2.806045e-10    0.000000e+00 
	   energy              3.419761e-05    5.032443e-11    3.419761e-07 
	   displacement        1.787183e-04    2.018993e-09    1.387341e-10 
 4
 Nonlinear solution status: time= 1.34494
	stiffness updates             = 3
	right hand side evaluations   = 5
	stiffness matrix reformations = 1
	step from line search         = 1.000000
	convergence norms :     INITIAL         CURRENT         REQUIRED
	   residual            2.080375e-05    4.064833e-13    0.000000e+00 
	   energy              3.419761e-05    2.808229e-14    3.419761e-07 
	   displacement        1.787183e-04    1.286200e-11    1.387428e-10 

convergence summary
    number of iterations   : 4
    number of reformations : 1

------- converged at time : 1.34494


AUTO STEPPER: increasing time step, dt = 0.00997773

MUST POINT CONTROLLER: adjusting time step. dt = 0.00506265


===== beginning time step 65 : 1.35 =====


Reforming stiffness matrix: reformation #1

 1
 Nonlinear solution status: time= 1.35
	stiffness updates             = 0
	right hand side evaluations   = 2
	stiffness matrix reformations = 1
	step from line search         = 1.000000
	convergence norms :     INITIAL         CURRENT         REQUIRED
	   residual            6.067814e-05    3.700655e-06    0.000000e+00 
	   energy              2.927122e-05    2.634045e-06    2.927122e-07 
	   displacement        4.616485e-05    4.616485e-05    4.616485e-11 
 2
 Nonlinear solution status: time= 1.35
	stiffness updates             = 1
	right hand side evaluations   = 3
	stiffness matrix reformations = 1
	step from line search         = 1.000000
	convergence norms :     INITIAL         CURRENT         REQUIRED
	   residual            6.067814e-05    1.070418e-07    0.000000e+00 
	   energy              2.927122e-05    1.578320e-08    2.927122e-07 
	   displacement        4.616485e-05    7.415885e-07    3.653993e-11 
 3
 Nonlinear solution status: time= 1.35
	stiffness updates             = 2
	right hand side evaluations   = 4
	stiffness matrix reformations = 1
	step from line search         = 1.000000
	convergence norms :     INITIAL         CURRENT         REQUIRED
	   residual            6.067814e-05    2.146072e-10    0.000000e+00 
	   energy              2.927122e-05    1.310296e-10    2.927122e-07 
	   displacement        4.616485e-05    3.588613e-09    3.679899e-11 
 4
 Nonlinear solution status: time= 1.35
	stiffness updates             = 3
	right hand side evaluations   = 5
	stiffness matrix reformations = 1
	step from line search         = 1.000000
	convergence norms :     INITIAL         CURRENT         REQUIRED
	   residual            6.067814e-05    3.855388e-13    0.000000e+00 
	   energy              2.927122e-05    1.901762e-13    2.927122e-07 
	   displacement        4.616485e-05    1.354891e-11    3.681262e-11 

convergence summary
    number of iterations   : 4
    number of reformations : 1

------- converged at time : 1.35


AUTO STEPPER: increasing time step, dt = 0.00998218


===== beginning time step 66 : 1.35998 =====


Reforming stiffness matrix: reformation #1

 1
 Nonlinear solution status: time= 1.35998
	stiffness updates             = 0
	right hand side evaluations   = 2
	stiffness matrix reformations = 1
	step from line search         = 1.000000
	convergence norms :     INITIAL         CURRENT         REQUIRED
	   residual            2.069470e-05    1.626348e-06    0.000000e+00 
	   energy              3.424078e-05    4.057372e-06    3.424078e-07 
	   displacement        1.763761e-04    1.763761e-04    1.763761e-10 
 2
 Nonlinear solution status: time= 1.35998
	stiffness updates             = 1
	right hand side evaluations   = 3
	stiffness matrix reformations = 1
	step from line search         = 1.000000
	convergence norms :     INITIAL         CURRENT         REQUIRED
	   residual            2.069470e-05    8.705060e-08    0.000000e+00 
	   energy              3.424078e-05    5.663529e-09    3.424078e-07 
	   displacement        1.763761e-04    2.701501e-06    1.367991e-10 
 3
 Nonlinear solution status: time= 1.35998
	stiffness updates             = 2
	right hand side evaluations   = 4
	stiffness matrix reformations = 1
	step from line search         = 1.000000
	convergence norms :     INITIAL         CURRENT         REQUIRED
	   residual            2.069470e-05    1.486285e-10    0.000000e+00 
	   energy              3.424078e-05    5.093168e-11    3.424078e-07 
	   displacement        1.763761e-04    2.231411e-09    1.371614e-10 
 4
 Nonlinear solution status: time= 1.35998
	stiffness updates             = 3
	right hand side evaluations   = 5
	stiffness matrix reformations = 1
	step from line search         = 1.000000
	convergence norms :     INITIAL         CURRENT         REQUIRED
	   residual            2.069470e-05    1.057677e-13    0.000000e+00 
	   energy              3.424078e-05    2.085999e-14    3.424078e-07 
	   displacement        1.763761e-04    1.460922e-11    1.371679e-10 

convergence summary
    number of iterations   : 4
    number of reformations : 1

------- converged at time : 1.35998


AUTO STEPPER: increasing time step, dt = 0.00998574


===== beginning time step 67 : 1.36997 =====


Reforming stiffness matrix: reformation #1

 1
 Nonlinear solution status: time= 1.36997
	stiffness updates             = 0
	right hand side evaluations   = 2
	stiffness matrix reformations = 1
	step from line search         = 1.000000
	convergence norms :     INITIAL         CURRENT         REQUIRED
	   residual            2.054921e-05    1.285096e-06    0.000000e+00 
	   energy              3.406974e-05    3.979194e-06    3.406974e-07 
	   displacement        1.721924e-04    1.721924e-04    1.721924e-10 
 2
 Nonlinear solution status: time= 1.36997
	stiffness updates             = 1
	right hand side evaluations   = 3
	stiffness matrix reformations = 1
	step from line search         = 1.000000
	convergence norms :     INITIAL         CURRENT         REQUIRED
	   residual            2.054921e-05    4.876757e-08    0.000000e+00 
	   energy              3.406974e-05    5.491351e-09    3.406974e-07 
	   displacement        1.721924e-04    2.586536e-06    1.340272e-10 
 3
 Nonlinear solution status: time= 1.36997
	stiffness updates             = 2
	right hand side evaluations   = 4
	stiffness matrix reformations = 1
	step from line search         = 1.000000
	convergence norms :     INITIAL         CURRENT         REQUIRED
	   residual            2.054921e-05    8.904800e-11    0.000000e+00 
	   energy              3.406974e-05    5.304717e-11    3.406974e-07 
	   displacement        1.721924e-04    2.458787e-09    1.343882e-10 
 4
 Nonlinear solution status: time= 1.36997
	stiffness updates             = 3
	right hand side evaluations   = 5
	stiffness matrix reformations = 1
	step from line search         = 1.000000
	convergence norms :     INITIAL         CURRENT         REQUIRED
	   residual            2.054921e-05    4.980638e-14    0.000000e+00 
	   energy              3.406974e-05    1.871050e-14    3.406974e-07 
	   displacement        1.721924e-04    1.636509e-11    1.343937e-10 

convergence summary
    number of iterations   : 4
    number of reformations : 1

------- converged at time : 1.36997


AUTO STEPPER: increasing time step, dt = 0.0099886

MUST POINT CONTROLLER: adjusting time step. dt = 0.00503208


===== beginning time step 68 : 1.375 =====


Reforming stiffness matrix: reformation #1

 1
 Nonlinear solution status: time= 1.375
	stiffness updates             = 0
	right hand side evaluations   = 2
	stiffness matrix reformations = 1
	step from line search         = 1.000000
	convergence norms :     INITIAL         CURRENT         REQUIRED
	   residual            6.254614e-05    3.127279e-06    0.000000e+00 
	   energy              2.937110e-05    2.427897e-06    2.937110e-07 
	   displacement        4.263961e-05    4.263961e-05    4.263961e-11 
 2
 Nonlinear solution status: time= 1.375
	stiffness updates             = 1
	right hand side evaluations   = 3
	stiffness matrix reformations = 1
	step from line search         = 1.000000
	convergence norms :     INITIAL         CURRENT         REQUIRED
	   residual            6.254614e-05    4.183907e-08    0.000000e+00 
	   energy              2.937110e-05    1.479581e-08    2.937110e-07 
	   displacement        4.263961e-05    6.154705e-07    3.441053e-11 
 3
 Nonlinear solution status: time= 1.375
	stiffness updates             = 2
	right hand side evaluations   = 4
	stiffness matrix reformations = 1
	step from line search         = 1.000000
	convergence norms :     INITIAL         CURRENT         REQUIRED
	   residual            6.254614e-05    1.300703e-10    0.000000e+00 
	   energy              2.937110e-05    1.410947e-10    2.937110e-07 
	   displacement        4.263961e-05    3.930065e-09    3.465120e-11 
 4
 Nonlinear solution status: time= 1.375
	stiffness updates             = 3
	right hand side evaluations   = 5
	stiffness matrix reformations = 1
	step from line search         = 1.000000
	convergence norms :     INITIAL         CURRENT         REQUIRED
	   residual            6.254614e-05    2.141655e-13    0.000000e+00 
	   energy              2.937110e-05    1.985476e-13    2.937110e-07 
	   displacement        4.263961e-05    1.534958e-11    3.466433e-11 

convergence summary
    number of iterations   : 4
    number of reformations : 1

------- converged at time : 1.375


AUTO STEPPER: increasing time step, dt = 0.00999088


===== beginning time step 69 : 1.38499 =====


Reforming stiffness matrix: reformation #1

 1
 Nonlinear solution status: time= 1.38499
	stiffness updates             = 0
	right hand side evaluations   = 2
	stiffness matrix reformations = 1
	step from line search         = 1.000000
	convergence norms :     INITIAL         CURRENT         REQUIRED
	   residual            2.061348e-05    1.151252e-06    0.000000e+00 
	   energy              3.413740e-05    3.883734e-06    3.413740e-07 
	   displacement        1.675753e-04    1.675753e-04    1.675753e-10 
 2
 Nonlinear solution status: time= 1.38499
	stiffness updates             = 1
	right hand side evaluations   = 3
	stiffness matrix reformations = 1
	step from line search         = 1.000000
	convergence norms :     INITIAL         CURRENT         REQUIRED
	   residual            2.061348e-05    2.507404e-08    0.000000e+00 
	   energy              3.413740e-05    5.532412e-09    3.413740e-07 
	   displacement        1.675753e-04    2.434770e-06    1.311890e-10 
 3
 Nonlinear solution status: time= 1.38499
	stiffness updates             = 2
	right hand side evaluations   = 4
	stiffness matrix reformations = 1
	step from line search         = 1.000000
	convergence norms :     INITIAL         CURRENT         REQUIRED
	   residual            2.061348e-05    5.341431e-11    0.000000e+00 
	   energy              3.413740e-05    5.775383e-11    3.413740e-07 
	   displacement        1.675753e-04    2.809506e-09    1.315578e-10 
 4
 Nonlinear solution status: time= 1.38499
	stiffness updates             = 3
	right hand side evaluations   = 5
	stiffness matrix reformations = 1
	step from line search         = 1.000000
	convergence norms :     INITIAL         CURRENT         REQUIRED
	   residual            2.061348e-05    2.850098e-14    0.000000e+00 
	   energy              3.413740e-05    1.763425e-14    3.413740e-07 
	   displacement        1.675753e-04    1.924395e-11    1.315629e-10 

convergence summary
    number of iterations   : 4
    number of reformations : 1

------- converged at time : 1.38499


AUTO STEPPER: increasing time step, dt = 0.0099927


===== beginning time step 70 : 1.39498 =====


Reforming stiffness matrix: reformation #1

 1
 Nonlinear solution status: time= 1.39498
	stiffness updates             = 0
	right hand side evaluations   = 2
	stiffness matrix reformations = 1
	step from line search         = 1.000000
	convergence norms :     INITIAL         CURRENT         REQUIRED
	   residual            1.966618e-05    1.111267e-06    0.000000e+00 
	   energy              3.252525e-05    3.657265e-06    3.252525e-07 
	   displacement        1.576348e-04    1.576348e-04    1.576348e-10 
 2
 Nonlinear solution status: time= 1.39498
	stiffness updates             = 1
	right hand side evaluations   = 3
	stiffness matrix reformations = 1
	step from line search         = 1.000000
	convergence norms :     INITIAL         CURRENT         REQUIRED
	   residual            1.966618e-05    1.927576e-08    0.000000e+00 
	   energy              3.252525e-05    5.308607e-09    3.252525e-07 
	   displacement        1.576348e-04    2.256527e-06    1.237183e-10 
 3
 Nonlinear solution status: time= 1.39498
	stiffness updates             = 2
	right hand side evaluations   = 4
	stiffness matrix reformations = 1
	step from line search         = 1.000000
	convergence norms :     INITIAL         CURRENT         REQUIRED
	   residual            1.966618e-05    4.369035e-11    0.000000e+00 
	   energy              3.252525e-05    5.701767e-11    3.252525e-07 
	   displacement        1.576348e-04    2.813446e-09    1.240723e-10 
 4
 Nonlinear solution status: time= 1.39498
	stiffness updates             = 3
	right hand side evaluations   = 5
	stiffness matrix reformations = 1
	step from line search         = 1.000000
	convergence norms :     INITIAL         CURRENT         REQUIRED
	   residual            1.966618e-05    2.518003e-14    0.000000e+00 
	   energy              3.252525e-05    1.640170e-14    3.252525e-07 
	   displacement        1.576348e-04    1.951952e-11    1.240772e-10 

convergence summary
    number of iterations   : 4
    number of reformations : 1

------- converged at time : 1.39498


AUTO STEPPER: increasing time step, dt = 0.00999416

MUST POINT CONTROLLER: adjusting time step. dt = 0.00501642


===== beginning time step 71 : 1.4 =====


Reforming stiffness matrix: reformation #1

 1
 Nonlinear solution status: time= 1.4
	stiffness updates             = 0
	right hand side evaluations   = 2
	stiffness matrix reformations = 1
	step from line search         = 1.000000
	convergence norms :     INITIAL         CURRENT         REQUIRED
	   residual            5.625735e-05    2.547143e-06    0.000000e+00 
	   energy              2.618075e-05    2.060699e-06    2.618075e-07 
	   displacement        3.641105e-05    3.641105e-05    3.641105e-11 
 2
 Nonlinear solution status: time= 1.4
	stiffness updates             = 1
	right hand side evaluations   = 3
	stiffness matrix reformations = 1
	step from line search         = 1.000000
	convergence norms :     INITIAL         CURRENT         REQUIRED
	   residual            5.625735e-05    2.676171e-08    0.000000e+00 
	   energy              2.618075e-05    1.248629e-08    2.618075e-07 
	   displacement        3.641105e-05    4.925695e-07    2.969813e-11 
 3
 Nonlinear solution status: time= 1.4
	stiffness updates             = 2
	right hand side evaluations   = 4
	stiffness matrix reformations = 1
	step from line search         = 1.000000
	convergence norms :     INITIAL         CURRENT         REQUIRED
	   residual            5.625735e-05    1.020520e-10    0.000000e+00 
	   energy              2.618075e-05    1.274409e-10    2.618075e-07 
	   displacement        3.641105e-05    3.577739e-09    2.990119e-11 
 4
 Nonlinear solution status: time= 1.4
	stiffness updates             = 3
	right hand side evaluations   = 5
	stiffness matrix reformations = 1
	step from line search         = 1.000000
	convergence norms :     INITIAL         CURRENT         REQUIRED
	   residual            5.625735e-05    1.677893e-13    0.000000e+00 
	   energy              2.618075e-05    1.820018e-13    2.618075e-07 
	   displacement        3.641105e-05    1.444254e-11    2.991259e-11 

convergence summary
    number of iterations   : 4
    number of reformations : 1

------- converged at time : 1.4


AUTO STEPPER: increasing time step, dt = 0.00999533


===== beginning time step 72 : 1.41 =====


Reforming stiffness matrix: reformation #1

 1
 Nonlinear solution status: time= 1.41
	stiffness updates             = 0
	right hand side evaluations   = 2
	stiffness matrix reformations = 1
	step from line search         = 1.000000
	convergence norms :     INITIAL         CURRENT         REQUIRED
	   residual            1.711559e-05    1.028299e-06    0.000000e+00 
	   energy              2.828796e-05    3.157436e-06    2.828796e-07 
	   displacement        1.358948e-04    1.358948e-04    1.358948e-10 
 2
 Nonlinear solution status: time= 1.41
	stiffness updates             = 1
	right hand side evaluations   = 3
	stiffness matrix reformations = 1
	step from line search         = 1.000000
	convergence norms :     INITIAL         CURRENT         REQUIRED
	   residual            1.711559e-05    1.502848e-08    0.000000e+00 
	   energy              2.828796e-05    4.637933e-09    2.828796e-07 
	   displacement        1.358948e-04    1.925759e-06    1.068374e-10 
 3
 Nonlinear solution status: time= 1.41
	stiffness updates             = 2
	right hand side evaluations   = 4
	stiffness matrix reformations = 1
	step from line search         = 1.000000
	convergence norms :     INITIAL         CURRENT         REQUIRED
	   residual            1.711559e-05    3.480999e-11    0.000000e+00 
	   energy              2.828796e-05    5.076775e-11    2.828796e-07 
	   displacement        1.358948e-04    2.527487e-09    1.071457e-10 
 4
 Nonlinear solution status: time= 1.41
	stiffness updates             = 3
	right hand side evaluations   = 5
	stiffness matrix reformations = 1
	step from line search         = 1.000000
	convergence norms :     INITIAL         CURRENT         REQUIRED
	   residual            1.711559e-05    2.402160e-14    0.000000e+00 
	   energy              2.828796e-05    1.379451e-14    2.828796e-07 
	   displacement        1.358948e-04    1.771319e-11    1.071500e-10 

convergence summary
    number of iterations   : 4
    number of reformations : 1

------- converged at time : 1.41


AUTO STEPPER: increasing time step, dt = 0.00999626


===== beginning time step 73 : 1.41999 =====


Reforming stiffness matrix: reformation #1

 1
 Nonlinear solution status: time= 1.41999
	stiffness updates             = 0
	right hand side evaluations   = 2
	stiffness matrix reformations = 1
	step from line search         = 1.000000
	convergence norms :     INITIAL         CURRENT         REQUIRED
	   residual            1.451545e-05    9.036454e-07    0.000000e+00 
	   energy              2.400388e-05    2.684483e-06    2.400388e-07 
	   displacement        1.153842e-04    1.153842e-04    1.153842e-10 
 2
 Nonlinear solution status: time= 1.41999
	stiffness updates             = 1
	right hand side evaluations   = 3
	stiffness matrix reformations = 1
	step from line search         = 1.000000
	convergence norms :     INITIAL         CURRENT         REQUIRED
	   residual            1.451545e-05    1.221436e-08    0.000000e+00 
	   energy              2.400388e-05    3.927163e-09    2.400388e-07 
	   displacement        1.153842e-04    1.637193e-06    9.069378e-11 
 3
 Nonlinear solution status: time= 1.41999
	stiffness updates             = 2
	right hand side evaluations   = 4
	stiffness matrix reformations = 1
	step from line search         = 1.000000
	convergence norms :     INITIAL         CURRENT         REQUIRED
	   residual            1.451545e-05    2.758843e-11    0.000000e+00 
	   energy              2.400388e-05    4.300016e-11    2.400388e-07 
	   displacement        1.153842e-04    2.140386e-09    9.095405e-11 
 4
 Nonlinear solution status: time= 1.41999
	stiffness updates             = 3
	right hand side evaluations   = 5
	stiffness matrix reformations = 1
	step from line search         = 1.000000
	convergence norms :     INITIAL         CURRENT         REQUIRED
	   residual            1.451545e-05    2.009135e-14    0.000000e+00 
	   energy              2.400388e-05    1.139357e-14    2.400388e-07 
	   displacement        1.153842e-04    1.503452e-11    9.095766e-11 

convergence summary
    number of iterations   : 4
    number of reformations : 1

------- converged at time : 1.41999


AUTO STEPPER: increasing time step, dt = 0.00999701

MUST POINT CONTROLLER: adjusting time step. dt = 0.00500841


===== beginning time step 74 : 1.425 =====


Reforming stiffness matrix: reformation #1

 1
 Nonlinear solution status: time= 1.425
	stiffness updates             = 0
	right hand side evaluations   = 2
	stiffness matrix reformations = 1
	step from line search         = 1.000000
	convergence norms :     INITIAL         CURRENT         REQUIRED
	   residual            3.762625e-05    1.747348e-06    0.000000e+00 
	   energy              1.746564e-05    1.381951e-06    1.746564e-07 
	   displacement        2.422646e-05    2.422646e-05    2.422646e-11 
 2
 Nonlinear solution status: time= 1.425
	stiffness updates             = 1
	right hand side evaluations   = 3
	stiffness matrix reformations = 1
	step from line search         = 1.000000
	convergence norms :     INITIAL         CURRENT         REQUIRED
	   residual            3.762625e-05    1.707513e-08    0.000000e+00 
	   energy              1.746564e-05    8.355283e-09    1.746564e-07 
	   displacement        2.422646e-05    3.289157e-07    1.975459e-11 
 3
 Nonlinear solution status: time= 1.425
	stiffness updates             = 2
	right hand side evaluations   = 4
	stiffness matrix reformations = 1
	step from line search         = 1.000000
	convergence norms :     INITIAL         CURRENT         REQUIRED
	   residual            3.762625e-05    6.655919e-11    0.000000e+00 
	   energy              1.746564e-05    8.655690e-11    1.746564e-07 
	   displacement        2.422646e-05    2.393111e-09    1.988864e-11 
 4
 Nonlinear solution status: time= 1.425
	stiffness updates             = 3
	right hand side evaluations   = 5
	stiffness matrix reformations = 1
	step from line search         = 1.000000
	convergence norms :     INITIAL         CURRENT         REQUIRED
	   residual            3.762625e-05    1.129647e-13    0.000000e+00 
	   energy              1.746564e-05    1.226326e-13    1.746564e-07 
	   displacement        2.422646e-05    9.837762e-12    1.989628e-11 

convergence summary
    number of iterations   : 4
    number of reformations : 1

------- converged at time : 1.425


AUTO STEPPER: increasing time step, dt = 0.00999761


===== beginning time step 75 : 1.435 =====


Reforming stiffness matrix: reformation #1

 1
 Nonlinear solution status: time= 1.435
	stiffness updates             = 0
	right hand side evaluations   = 2
	stiffness matrix reformations = 1
	step from line search         = 1.000000
	convergence norms :     INITIAL         CURRENT         REQUIRED
	   residual            1.044688e-05    6.662350e-07    0.000000e+00 
	   energy              1.728900e-05    1.945482e-06    1.728900e-07 
	   displacement        8.345185e-05    8.345185e-05    8.345185e-11 
 2
 Nonlinear solution status: time= 1.435
	stiffness updates             = 1
	right hand side evaluations   = 3
	stiffness matrix reformations = 1
	step from line search         = 1.000000
	convergence norms :     INITIAL         CURRENT         REQUIRED
	   residual            1.044688e-05    8.059072e-09    0.000000e+00 
	   energy              1.728900e-05    2.799454e-09    1.728900e-07 
	   displacement        8.345185e-05    1.189816e-06    6.553767e-11 
 3
 Nonlinear solution status: time= 1.435
	stiffness updates             = 2
	right hand side evaluations   = 4
	stiffness matrix reformations = 1
	step from line search         = 1.000000
	convergence norms :     INITIAL         CURRENT         REQUIRED
	   residual            1.044688e-05    1.692850e-11    0.000000e+00 
	   energy              1.728900e-05    3.050905e-11    1.728900e-07 
	   displacement        8.345185e-05    1.512729e-09    6.572232e-11 
 4
 Nonlinear solution status: time= 1.435
	stiffness updates             = 3
	right hand side evaluations   = 5
	stiffness matrix reformations = 1
	step from line search         = 1.000000
	convergence norms :     INITIAL         CURRENT         REQUIRED
	   residual            1.044688e-05    1.197747e-14    0.000000e+00 
	   energy              1.728900e-05    8.006952e-15    1.728900e-07 
	   displacement        8.345185e-05    1.068088e-11    6.572489e-11 

convergence summary
    number of iterations   : 4
    number of reformations : 1

------- converged at time : 1.435


AUTO STEPPER: increasing time step, dt = 0.00999809


===== beginning time step 76 : 1.445 =====


Reforming stiffness matrix: reformation #1

 1
 Nonlinear solution status: time= 1.445
	stiffness updates             = 0
	right hand side evaluations   = 2
	stiffness matrix reformations = 1
	step from line search         = 1.000000
	convergence norms :     INITIAL         CURRENT         REQUIRED
	   residual            7.823460e-06    4.903020e-07    0.000000e+00 
	   energy              1.295080e-05    1.464560e-06    1.295080e-07 
	   displacement        6.276287e-05    6.276287e-05    6.276287e-11 
 2
 Nonlinear solution status: time= 1.445
	stiffness updates             = 1
	right hand side evaluations   = 3
	stiffness matrix reformations = 1
	step from line search         = 1.000000
	convergence norms :     INITIAL         CURRENT         REQUIRED
	   residual            7.823460e-06    5.357542e-09    0.000000e+00 
	   energy              1.295080e-05    2.073135e-09    1.295080e-07 
	   displacement        6.276287e-05    8.981127e-07    4.925479e-11 
 3
 Nonlinear solution status: time= 1.445
	stiffness updates             = 2
	right hand side evaluations   = 4
	stiffness matrix reformations = 1
	step from line search         = 1.000000
	convergence norms :     INITIAL         CURRENT         REQUIRED
	   residual            7.823460e-06    1.073109e-11    0.000000e+00 
	   energy              1.295080e-05    2.249576e-11    1.295080e-07 
	   displacement        6.276287e-05    1.110692e-09    4.939118e-11 
 4
 Nonlinear solution status: time= 1.445
	stiffness updates             = 3
	right hand side evaluations   = 5
	stiffness matrix reformations = 1
	step from line search         = 1.000000
	convergence norms :     INITIAL         CURRENT         REQUIRED
	   residual            7.823460e-06    6.967223e-15    0.000000e+00 
	   energy              1.295080e-05    6.010702e-15    1.295080e-07 
	   displacement        6.276287e-05    7.887654e-12    4.939309e-11 

convergence summary
    number of iterations   : 4
    number of reformations : 1

------- converged at time : 1.445


AUTO STEPPER: increasing time step, dt = 0.00999847

MUST POINT CONTROLLER: adjusting time step. dt = 0.00500431


===== beginning time step 77 : 1.45 =====


Reforming stiffness matrix: reformation #1

 1
 Nonlinear solution status: time= 1.45
	stiffness updates             = 0
	right hand side evaluations   = 2
	stiffness matrix reformations = 1
	step from line search         = 1.000000
	convergence norms :     INITIAL         CURRENT         REQUIRED
	   residual            1.827671e-05    8.865188e-07    0.000000e+00 
	   energy              8.465329e-06    6.817754e-07    8.465329e-08 
	   displacement        1.184296e-05    1.184296e-05    1.184296e-11 
 2
 Nonlinear solution status: time= 1.45
	stiffness updates             = 1
	right hand side evaluations   = 3
	stiffness matrix reformations = 1
	step from line search         = 1.000000
	convergence norms :     INITIAL         CURRENT         REQUIRED
	   residual            1.827671e-05    7.579136e-09    0.000000e+00 
	   energy              8.465329e-06    4.056649e-09    8.465329e-08 
	   displacement        1.184296e-05    1.625750e-07    9.634973e-12 
 3
 Nonlinear solution status: time= 1.45
	stiffness updates             = 2
	right hand side evaluations   = 4
	stiffness matrix reformations = 1
	step from line search         = 1.000000
	convergence norms :     INITIAL         CURRENT         REQUIRED
	   residual            1.827671e-05    3.126688e-11    0.000000e+00 
	   energy              8.465329e-06    4.229354e-11    8.465329e-08 
	   displacement        1.184296e-05    1.134394e-09    9.699017e-12 
 4
 Nonlinear solution status: time= 1.45
	stiffness updates             = 3
	right hand side evaluations   = 5
	stiffness matrix reformations = 1
	step from line search         = 1.000000
	convergence norms :     INITIAL         CURRENT         REQUIRED
	   residual            1.827671e-05    5.404152e-14    0.000000e+00 
	   energy              8.465329e-06    6.040476e-14    8.465329e-08 
	   displacement        1.184296e-05    4.858277e-12    9.702765e-12 

convergence summary
    number of iterations   : 4
    number of reformations : 1

------- converged at time : 1.45


AUTO STEPPER: increasing time step, dt = 0.00999878


===== beginning time step 78 : 1.46 =====


Reforming stiffness matrix: reformation #1

 1
 Nonlinear solution status: time= 1.46
	stiffness updates             = 0
	right hand side evaluations   = 2
	stiffness matrix reformations = 1
	step from line search         = 1.000000
	convergence norms :     INITIAL         CURRENT         REQUIRED
	   residual            4.593959e-06    2.712609e-07    0.000000e+00 
	   energy              7.603962e-06    8.653724e-07    7.603962e-08 
	   displacement        3.708072e-05    3.708072e-05    3.708072e-11 
 2
 Nonlinear solution status: time= 1.46
	stiffness updates             = 1
	right hand side evaluations   = 3
	stiffness matrix reformations = 1
	step from line search         = 1.000000
	convergence norms :     INITIAL         CURRENT         REQUIRED
	   residual            4.593959e-06    2.425696e-09    0.000000e+00 
	   energy              7.603962e-06    1.191108e-09    7.603962e-08 
	   displacement        3.708072e-05    5.325523e-07    2.907505e-11 
 3
 Nonlinear solution status: time= 1.46
	stiffness updates             = 2
	right hand side evaluations   = 4
	stiffness matrix reformations = 1
	step from line search         = 1.000000
	convergence norms :     INITIAL         CURRENT         REQUIRED
	   residual            4.593959e-06    4.886251e-12    0.000000e+00 
	   energy              7.603962e-06    1.284411e-11    7.603962e-08 
	   displacement        3.708072e-05    6.295917e-10    2.915320e-11 
 4
 Nonlinear solution status: time= 1.46
	stiffness updates             = 3
	right hand side evaluations   = 5
	stiffness matrix reformations = 1
	step from line search         = 1.000000
	convergence norms :     INITIAL         CURRENT         REQUIRED
	   residual            4.593959e-06    2.758325e-15    0.000000e+00 
	   energy              7.603962e-06    3.669993e-15    7.603962e-08 
	   displacement        3.708072e-05    4.528450e-12    2.915432e-11 

convergence summary
    number of iterations   : 4
    number of reformations : 1

------- converged at time : 1.46


AUTO STEPPER: increasing time step, dt = 0.00999902


===== beginning time step 79 : 1.47 =====


Reforming stiffness matrix: reformation #1

 1
 Nonlinear solution status: time= 1.47
	stiffness updates             = 0
	right hand side evaluations   = 2
	stiffness matrix reformations = 1
	step from line search         = 1.000000
	convergence norms :     INITIAL         CURRENT         REQUIRED
	   residual            2.969820e-06    1.645726e-07    0.000000e+00 
	   energy              4.916437e-06    5.613683e-07    4.916437e-08 
	   displacement        2.408972e-05    2.408972e-05    2.408972e-11 
 2
 Nonlinear solution status: time= 1.47
	stiffness updates             = 1
	right hand side evaluations   = 3
	stiffness matrix reformations = 1
	step from line search         = 1.000000
	convergence norms :     INITIAL         CURRENT         REQUIRED
	   residual            2.969820e-06    1.219833e-09    0.000000e+00 
	   energy              4.916437e-06    7.586411e-10    4.916437e-08 
	   displacement        2.408972e-05    3.466311e-07    1.887912e-11 
 3
 Nonlinear solution status: time= 1.47
	stiffness updates             = 2
	right hand side evaluations   = 4
	stiffness matrix reformations = 1
	step from line search         = 1.000000
	convergence norms :     INITIAL         CURRENT         REQUIRED
	   residual            2.969820e-06    2.686289e-12    0.000000e+00 
	   energy              4.916437e-06    8.124254e-12    4.916437e-08 
	   displacement        2.408972e-05    3.964062e-10    1.892889e-11 
 4
 Nonlinear solution status: time= 1.47
	stiffness updates             = 3
	right hand side evaluations   = 5
	stiffness matrix reformations = 1
	step from line search         = 1.000000
	convergence norms :     INITIAL         CURRENT         REQUIRED
	   residual            2.969820e-06    1.409948e-15    0.000000e+00 
	   energy              4.916437e-06    2.477607e-15    4.916437e-08 
	   displacement        2.408972e-05    2.871148e-12    1.892963e-11 

convergence summary
    number of iterations   : 4
    number of reformations : 1

------- converged at time : 1.47


AUTO STEPPER: increasing time step, dt = 0.00999922

MUST POINT CONTROLLER: adjusting time step. dt = 0.0050022


===== beginning time step 80 : 1.475 =====


Reforming stiffness matrix: reformation #1

 1
 Nonlinear solution status: time= 1.475
	stiffness updates             = 0
	right hand side evaluations   = 2
	stiffness matrix reformations = 1
	step from line search         = 1.000000
	convergence norms :     INITIAL         CURRENT         REQUIRED
	   residual            6.057430e-06    2.982917e-07    0.000000e+00 
	   energy              2.802271e-06    2.284755e-07    2.802271e-08 
	   displacement        3.969689e-06    3.969689e-06    3.969689e-12 
 2
 Nonlinear solution status: time= 1.475
	stiffness updates             = 1
	right hand side evaluations   = 3
	stiffness matrix reformations = 1
	step from line search         = 1.000000
	convergence norms :     INITIAL         CURRENT         REQUIRED
	   residual            6.057430e-06    2.126406e-09    0.000000e+00 
	   energy              2.802271e-06    1.326874e-09    2.802271e-08 
	   displacement        3.969689e-06    5.467889e-08    3.223246e-12 
 3
 Nonlinear solution status: time= 1.475
	stiffness updates             = 2
	right hand side evaluations   = 4
	stiffness matrix reformations = 1
	step from line search         = 1.000000
	convergence norms :     INITIAL         CURRENT         REQUIRED
	   residual            6.057430e-06    9.388980e-12    0.000000e+00 
	   energy              2.802271e-06    1.363790e-11    2.802271e-08 
	   displacement        3.969689e-06    3.577029e-10    3.244067e-12 
 4
 Nonlinear solution status: time= 1.475
	stiffness updates             = 3
	right hand side evaluations   = 5
	stiffness matrix reformations = 1
	step from line search         = 1.000000
	convergence norms :     INITIAL         CURRENT         REQUIRED
	   residual            6.057430e-06    1.763400e-14    0.000000e+00 
	   energy              2.802271e-06    2.063710e-14    2.802271e-08 
	   displacement        3.969689e-06    1.598674e-12    3.245328e-12 

convergence summary
    number of iterations   : 4
    number of reformations : 1

------- converged at time : 1.475


AUTO STEPPER: increasing time step, dt = 0.00999937


===== beginning time step 81 : 1.485 =====


Reforming stiffness matrix: reformation #1

 1
 Nonlinear solution status: time= 1.485
	stiffness updates             = 0
	right hand side evaluations   = 2
	stiffness matrix reformations = 1
	step from line search         = 1.000000
	convergence norms :     INITIAL         CURRENT         REQUIRED
	   residual            1.329637e-06    6.668578e-08    0.000000e+00 
	   energy              2.203709e-06    2.531015e-07    2.203709e-08 
	   displacement        1.092327e-05    1.092327e-05    1.092327e-11 
 2
 Nonlinear solution status: time= 1.485
	stiffness updates             = 1
	right hand side evaluations   = 3
	stiffness matrix reformations = 1
	step from line search         = 1.000000
	convergence norms :     INITIAL         CURRENT         REQUIRED
	   residual            1.329637e-06    3.520743e-10    0.000000e+00 
	   energy              2.203709e-06    3.319599e-10    2.203709e-08 
	   displacement        1.092327e-05    1.580878e-07    8.549435e-12 
 3
 Nonlinear solution status: time= 1.485
	stiffness updates             = 2
	right hand side evaluations   = 4
	stiffness matrix reformations = 1
	step from line search         = 1.000000
	convergence norms :     INITIAL         CURRENT         REQUIRED
	   residual            1.329637e-06    9.830451e-13    0.000000e+00 
	   energy              2.203709e-06    3.449466e-12    2.203709e-08 
	   displacement        1.092327e-05    1.671959e-10    8.571308e-12 
 4
 Nonlinear solution status: time= 1.485
	stiffness updates             = 3
	right hand side evaluations   = 5
	stiffness matrix reformations = 1
	step from line search         = 1.000000
	convergence norms :     INITIAL         CURRENT         REQUIRED
	   residual            1.329637e-06    5.231088e-16    0.000000e+00 
	   energy              2.203709e-06    1.225400e-15    2.203709e-08 
	   displacement        1.092327e-05    1.210840e-12    8.571644e-12 

convergence summary
    number of iterations   : 4
    number of reformations : 1

------- converged at time : 1.485


AUTO STEPPER: increasing time step, dt = 0.0099995


===== beginning time step 82 : 1.495 =====


Reforming stiffness matrix: reformation #1

 1
 Nonlinear solution status: time= 1.495
	stiffness updates             = 0
	right hand side evaluations   = 2
	stiffness matrix reformations = 1
	step from line search         = 1.000000
	convergence norms :     INITIAL         CURRENT         REQUIRED
	   residual            6.915340e-07    3.283959e-08    0.000000e+00 
	   energy              1.148151e-06    1.326199e-07    1.148151e-08 
	   displacement        5.764177e-06    5.764177e-06    5.764177e-12 
 2
 Nonlinear solution status: time= 1.495
	stiffness updates             = 1
	right hand side evaluations   = 3
	stiffness matrix reformations = 1
	step from line search         = 1.000000
	convergence norms :     INITIAL         CURRENT         REQUIRED
	   residual            6.915340e-07    1.355842e-10    0.000000e+00 
	   energy              1.148151e-06    1.704492e-10    1.148151e-08 
	   displacement        5.764177e-06    8.418307e-08    4.503769e-12 
 3
 Nonlinear solution status: time= 1.495
	stiffness updates             = 2
	right hand side evaluations   = 4
	stiffness matrix reformations = 1
	step from line search         = 1.000000
	convergence norms :     INITIAL         CURRENT         REQUIRED
	   residual            6.915340e-07    4.476972e-13    0.000000e+00 
	   energy              1.148151e-06    1.684524e-12    1.148151e-08 
	   displacement        5.764177e-06    8.145337e-11    4.515095e-12 
 4
 Nonlinear solution status: time= 1.495
	stiffness updates             = 3
	right hand side evaluations   = 5
	stiffness matrix reformations = 1
	step from line search         = 1.000000
	convergence norms :     INITIAL         CURRENT         REQUIRED
	   residual            6.915340e-07    2.663827e-16    0.000000e+00 
	   energy              1.148151e-06    6.867662e-16    1.148151e-08 
	   displacement        5.764177e-06    5.768138e-13    4.515271e-12 

convergence summary
    number of iterations   : 4
    number of reformations : 1

------- converged at time : 1.495


AUTO STEPPER: increasing time step, dt = 0.0099996

MUST POINT CONTROLLER: adjusting time step. dt = 0.00500113


===== beginning time step 83 : 1.5 =====


Reforming stiffness matrix: reformation #1

 1
 Nonlinear solution status: time= 1.5
	stiffness updates             = 0
	right hand side evaluations   = 2
	stiffness matrix reformations = 1
	step from line search         = 1.000000
	convergence norms :     INITIAL         CURRENT         REQUIRED
	   residual            1.139265e-06    5.890685e-08    0.000000e+00 
	   energy              5.324660e-07    4.505000e-08    5.324660e-09 
	   displacement        7.901435e-07    7.901435e-07    7.901435e-13 
 2
 Nonlinear solution status: time= 1.5
	stiffness updates             = 1
	right hand side evaluations   = 3
	stiffness matrix reformations = 1
	step from line search         = 1.000000
	convergence norms :     INITIAL         CURRENT         REQUIRED
	   residual            1.139265e-06    3.502840e-10    0.000000e+00 
	   energy              5.324660e-07    2.630157e-10    5.324660e-09 
	   displacement        7.901435e-07    1.158803e-08    6.344520e-13 
 3
 Nonlinear solution status: time= 1.5
	stiffness updates             = 2
	right hand side evaluations   = 4
	stiffness matrix reformations = 1
	step from line search         = 1.000000
	convergence norms :     INITIAL         CURRENT         REQUIRED
	   residual            1.139265e-06    1.396038e-12    0.000000e+00 
	   energy              5.324660e-07    2.369013e-12    5.324660e-09 
	   displacement        7.901435e-07    6.390984e-11    6.386881e-13 
 4
 Nonlinear solution status: time= 1.5
	stiffness updates             = 3
	right hand side evaluations   = 5
	stiffness matrix reformations = 1
	step from line search         = 1.000000
	convergence norms :     INITIAL         CURRENT         REQUIRED
	   residual            1.139265e-06    3.375702e-15    0.000000e+00 
	   energy              5.324660e-07    3.908025e-15    5.324660e-09 
	   displacement        7.901435e-07    2.672067e-13    6.389301e-13 

convergence summary
    number of iterations   : 4
    number of reformations : 1

------- converged at time : 1.5


AUTO STEPPER: increasing time step, dt = 0.00999968


===== beginning time step 84 : 1.51 =====


Reforming stiffness matrix: reformation #1

 1
 Nonlinear solution status: time= 1.51
	stiffness updates             = 0
	right hand side evaluations   = 2
	stiffness matrix reformations = 1
	step from line search         = 1.000000
	convergence norms :     INITIAL         CURRENT         REQUIRED
	   residual            2.093609e-07    9.750265e-09    0.000000e+00 
	   energy              3.480704e-07    4.078894e-08    3.480704e-09 
	   displacement        1.806974e-06    1.806974e-06    1.806974e-12 
 2
 Nonlinear solution status: time= 1.51
	stiffness updates             = 1
	right hand side evaluations   = 3
	stiffness matrix reformations = 1
	step from line search         = 1.000000
	convergence norms :     INITIAL         CURRENT         REQUIRED
	   residual            2.093609e-07    2.945801e-11    0.000000e+00 
	   energy              3.480704e-07    5.008243e-11    3.480704e-09 
	   displacement        1.806974e-06    2.715370e-08    1.404574e-12 
 3
 Nonlinear solution status: time= 1.51
	stiffness updates             = 2
	right hand side evaluations   = 4
	stiffness matrix reformations = 1
	step from line search         = 1.000000
	convergence norms :     INITIAL         CURRENT         REQUIRED
	   residual            2.093609e-07    9.803865e-14    0.000000e+00 
	   energy              3.480704e-07    4.013768e-13    3.480704e-09 
	   displacement        1.806974e-06    1.953751e-11    1.408006e-12 
 4
 Nonlinear solution status: time= 1.51
	stiffness updates             = 3
	right hand side evaluations   = 5
	stiffness matrix reformations = 1
	step from line search         = 1.000000
	convergence norms :     INITIAL         CURRENT         REQUIRED
	   residual            2.093609e-07    7.995558e-17    0.000000e+00 
	   energy              3.480704e-07    2.140464e-16    3.480704e-09 
	   displacement        1.806974e-06    1.195399e-13    1.408054e-12 

convergence summary
    number of iterations   : 4
    number of reformations : 1

------- converged at time : 1.51


AUTO STEPPER: increasing time step, dt = 0.00999974


===== beginning time step 85 : 1.52 =====


Reforming stiffness matrix: reformation #1

 1
 Nonlinear solution status: time= 1.52
	stiffness updates             = 0
	right hand side evaluations   = 2
	stiffness matrix reformations = 1
	step from line search         = 1.000000
	convergence norms :     INITIAL         CURRENT         REQUIRED
	   residual            9.760444e-08    4.631812e-09    0.000000e+00 
	   energy              1.609367e-07    1.887354e-08    1.609367e-09 
	   displacement        8.440483e-07    8.440483e-07    8.440483e-13 
 2
 Nonlinear solution status: time= 1.52
	stiffness updates             = 1
	right hand side evaluations   = 3
	stiffness matrix reformations = 1
	step from line search         = 1.000000
	convergence norms :     INITIAL         CURRENT         REQUIRED
	   residual            9.760444e-08    1.082148e-11    0.000000e+00 
	   energy              1.609367e-07    2.295140e-11    1.609367e-09 
	   displacement        8.440483e-07    1.284809e-08    6.546032e-13 
 3
 Nonlinear solution status: time= 1.52
	stiffness updates             = 2
	right hand side evaluations   = 4
	stiffness matrix reformations = 1
	step from line search         = 1.000000
	convergence norms :     INITIAL         CURRENT         REQUIRED
	   residual            9.760444e-08    3.125848e-14    0.000000e+00 
	   energy              1.609367e-07    1.497034e-13    1.609367e-09 
	   displacement        8.440483e-07    7.525486e-12    6.562347e-13 
 4
 Nonlinear solution status: time= 1.52
	stiffness updates             = 3
	right hand side evaluations   = 5
	stiffness matrix reformations = 1
	step from line search         = 1.000000
	convergence norms :     INITIAL         CURRENT         REQUIRED
	   residual            9.760444e-08    2.029830e-17    0.000000e+00 
	   energy              1.609367e-07    5.868609e-17    1.609367e-09 
	   displacement        8.440483e-07    3.486318e-14    6.562509e-13 

convergence summary
    number of iterations   : 4
    number of reformations : 1

------- converged at time : 1.52


AUTO STEPPER: increasing time step, dt = 0.00999979

MUST POINT CONTROLLER: adjusting time step. dt = 0.00500058


===== beginning time step 86 : 1.525 =====


Reforming stiffness matrix: reformation #1

 1
 Nonlinear solution status: time= 1.525
	stiffness updates             = 0
	right hand side evaluations   = 2
	stiffness matrix reformations = 1
	step from line search         = 1.000000
	convergence norms :     INITIAL         CURRENT         REQUIRED
	   residual            2.310862e-07    1.331222e-08    0.000000e+00 
	   energy              1.108034e-07    9.903138e-09    1.108034e-09 
	   displacement        1.708653e-07    1.708653e-07    1.708653e-13 
 2
 Nonlinear solution status: time= 1.525
	stiffness updates             = 1
	right hand side evaluations   = 3
	stiffness matrix reformations = 1
	step from line search         = 1.000000
	convergence norms :     INITIAL         CURRENT         REQUIRED
	   residual            2.310862e-07    6.918945e-11    0.000000e+00 
	   energy              1.108034e-07    6.059748e-11    1.108034e-09 
	   displacement        1.708653e-07    2.801433e-09    1.350960e-13 
 3
 Nonlinear solution status: time= 1.525
	stiffness updates             = 2
	right hand side evaluations   = 4
	stiffness matrix reformations = 1
	step from line search         = 1.000000
	convergence norms :     INITIAL         CURRENT         REQUIRED
	   residual            2.310862e-07    2.605110e-13    0.000000e+00 
	   energy              1.108034e-07    5.032673e-13    1.108034e-09 
	   displacement        1.708653e-07    1.426061e-11    1.361349e-13 
 4
 Nonlinear solution status: time= 1.525
	stiffness updates             = 3
	right hand side evaluations   = 5
	stiffness matrix reformations = 1
	step from line search         = 1.000000
	convergence norms :     INITIAL         CURRENT         REQUIRED
	   residual            2.310862e-07    5.187562e-16    0.000000e+00 
	   energy              1.108034e-07    6.942450e-16    1.108034e-09 
	   displacement        1.708653e-07    4.830927e-14    1.361781e-13 

convergence summary
    number of iterations   : 4
    number of reformations : 1

------- converged at time : 1.525


AUTO STEPPER: increasing time step, dt = 0.00999984


===== beginning time step 87 : 1.535 =====


Reforming stiffness matrix: reformation #1

 1
 Nonlinear solution status: time= 1.535
	stiffness updates             = 0
	right hand side evaluations   = 2
	stiffness matrix reformations = 1
	step from line search         = 1.000000
	convergence norms :     INITIAL         CURRENT         REQUIRED
	   residual            9.477118e-08    3.998694e-09    0.000000e+00 
	   energy              1.535470e-07    1.719409e-08    1.535470e-09 
	   displacement        7.442136e-07    7.442136e-07    7.442136e-13 
 2
 Nonlinear solution status: time= 1.535
	stiffness updates             = 1
	right hand side evaluations   = 3
	stiffness matrix reformations = 1
	step from line search         = 1.000000
	convergence norms :     INITIAL         CURRENT         REQUIRED
	   residual            9.477118e-08    7.099034e-12    0.000000e+00 
	   energy              1.535470e-07    2.304378e-11    1.535470e-09 
	   displacement        7.442136e-07    1.055829e-08    5.843412e-13 
 3
 Nonlinear solution status: time= 1.535
	stiffness updates             = 2
	right hand side evaluations   = 4
	stiffness matrix reformations = 1
	step from line search         = 1.000000
	convergence norms :     INITIAL         CURRENT         REQUIRED
	   residual            9.477118e-08    4.263480e-14    0.000000e+00 
	   energy              1.535470e-07    2.194299e-13    1.535470e-09 
	   displacement        7.442136e-07    1.116201e-11    5.859465e-13 
 4
 Nonlinear solution status: time= 1.535
	stiffness updates             = 3
	right hand side evaluations   = 5
	stiffness matrix reformations = 1
	step from line search         = 1.000000
	convergence norms :     INITIAL         CURRENT         REQUIRED
	   residual            9.477118e-08    1.454614e-17    0.000000e+00 
	   energy              1.535470e-07    7.057056e-17    1.535470e-09 
	   displacement        7.442136e-07    7.087859e-14    5.859600e-13 

convergence summary
    number of iterations   : 4
    number of reformations : 1

------- converged at time : 1.535


AUTO STEPPER: increasing time step, dt = 0.00999987


===== beginning time step 88 : 1.545 =====


Reforming stiffness matrix: reformation #1

 1
 Nonlinear solution status: time= 1.545
	stiffness updates             = 0
	right hand side evaluations   = 2
	stiffness matrix reformations = 1
	step from line search         = 1.000000
	convergence norms :     INITIAL         CURRENT         REQUIRED
	   residual            1.383540e-07    5.502877e-09    0.000000e+00 
	   energy              2.252062e-07    2.502064e-08    2.252062e-09 
	   displacement        1.070773e-06    1.070773e-06    1.070773e-12 
 2
 Nonlinear solution status: time= 1.545
	stiffness updates             = 1
	right hand side evaluations   = 3
	stiffness matrix reformations = 1
	step from line search         = 1.000000
	convergence norms :     INITIAL         CURRENT         REQUIRED
	   residual            1.383540e-07    1.048135e-11    0.000000e+00 
	   energy              2.252062e-07    3.401782e-11    2.252062e-09 
	   displacement        1.070773e-06    1.484314e-08    8.439403e-13 
 3
 Nonlinear solution status: time= 1.545
	stiffness updates             = 2
	right hand side evaluations   = 4
	stiffness matrix reformations = 1
	step from line search         = 1.000000
	convergence norms :     INITIAL         CURRENT         REQUIRED
	   residual            1.383540e-07    7.786729e-14    0.000000e+00 
	   energy              2.252062e-07    3.736855e-13    2.252062e-09 
	   displacement        1.070773e-06    1.867217e-11    8.462224e-13 
 4
 Nonlinear solution status: time= 1.545
	stiffness updates             = 3
	right hand side evaluations   = 5
	stiffness matrix reformations = 1
	step from line search         = 1.000000
	convergence norms :     INITIAL         CURRENT         REQUIRED
	   residual            1.383540e-07    2.159695e-17    0.000000e+00 
	   energy              2.252062e-07    1.093069e-16    2.252062e-09 
	   displacement        1.070773e-06    1.351912e-13    8.462493e-13 

convergence summary
    number of iterations   : 4
    number of reformations : 1

------- converged at time : 1.545


AUTO STEPPER: increasing time step, dt = 0.00999989

MUST POINT CONTROLLER: adjusting time step. dt = 0.0050003


===== beginning time step 89 : 1.55 =====


Reforming stiffness matrix: reformation #1

 1
 Nonlinear solution status: time= 1.55
	stiffness updates             = 0
	right hand side evaluations   = 2
	stiffness matrix reformations = 1
	step from line search         = 1.000000
	convergence norms :     INITIAL         CURRENT         REQUIRED
	   residual            5.610480e-07    2.534541e-08    0.000000e+00 
	   energy              2.587253e-07    2.050458e-08    2.587253e-09 
	   displacement        3.563012e-07    3.563012e-07    3.563012e-13 
 2
 Nonlinear solution status: time= 1.55
	stiffness updates             = 1
	right hand side evaluations   = 3
	stiffness matrix reformations = 1
	step from line search         = 1.000000
	convergence norms :     INITIAL         CURRENT         REQUIRED
	   residual            5.610480e-07    1.503091e-10    0.000000e+00 
	   energy              2.587253e-07    1.184856e-10    2.587253e-09 
	   displacement        3.563012e-07    4.723445e-09    2.912533e-13 
 3
 Nonlinear solution status: time= 1.55
	stiffness updates             = 2
	right hand side evaluations   = 4
	stiffness matrix reformations = 1
	step from line search         = 1.000000
	convergence norms :     INITIAL         CURRENT         REQUIRED
	   residual            5.610480e-07    8.817993e-13    0.000000e+00 
	   energy              2.587253e-07    1.295788e-12    2.587253e-09 
	   displacement        3.563012e-07    3.421526e-11    2.931358e-13 
 4
 Nonlinear solution status: time= 1.55
	stiffness updates             = 3
	right hand side evaluations   = 5
	stiffness matrix reformations = 1
	step from line search         = 1.000000
	convergence norms :     INITIAL         CURRENT         REQUIRED
	   residual            5.610480e-07    1.266407e-15    0.000000e+00 
	   energy              2.587253e-07    1.813018e-15    2.587253e-09 
	   displacement        3.563012e-07    1.537505e-13    2.932458e-13 

convergence summary
    number of iterations   : 4
    number of reformations : 1

------- converged at time : 1.55


AUTO STEPPER: increasing time step, dt = 0.00999992


===== beginning time step 90 : 1.56 =====


Reforming stiffness matrix: reformation #1

 1
 Nonlinear solution status: time= 1.56
	stiffness updates             = 0
	right hand side evaluations   = 2
	stiffness matrix reformations = 1
	step from line search         = 1.000000
	convergence norms :     INITIAL         CURRENT         REQUIRED
	   residual            2.244698e-07    8.867726e-09    0.000000e+00 
	   energy              3.685630e-07    4.127139e-08    3.685630e-09 
	   displacement        1.767737e-06    1.767737e-06    1.767737e-12 
 2
 Nonlinear solution status: time= 1.56
	stiffness updates             = 1
	right hand side evaluations   = 3
	stiffness matrix reformations = 1
	step from line search         = 1.000000
	convergence norms :     INITIAL         CURRENT         REQUIRED
	   residual            2.244698e-07    1.881257e-11    0.000000e+00 
	   energy              3.685630e-07    5.630361e-11    3.685630e-09 
	   displacement        1.767737e-06    2.472679e-08    1.391438e-12 
 3
 Nonlinear solution status: time= 1.56
	stiffness updates             = 2
	right hand side evaluations   = 4
	stiffness matrix reformations = 1
	step from line search         = 1.000000
	convergence norms :     INITIAL         CURRENT         REQUIRED
	   residual            2.244698e-07    1.356492e-13    0.000000e+00 
	   energy              3.685630e-07    6.306678e-13    3.685630e-09 
	   displacement        1.767737e-06    3.113872e-11    1.395160e-12 
 4
 Nonlinear solution status: time= 1.56
	stiffness updates             = 3
	right hand side evaluations   = 5
	stiffness matrix reformations = 1
	step from line search         = 1.000000
	convergence norms :     INITIAL         CURRENT         REQUIRED
	   residual            2.244698e-07    3.604204e-17    0.000000e+00 
	   energy              3.685630e-07    1.793152e-16    3.685630e-09 
	   displacement        1.767737e-06    2.303599e-13    1.395212e-12 

convergence summary
    number of iterations   : 4
    number of reformations : 1

------- converged at time : 1.56


AUTO STEPPER: increasing time step, dt = 0.00999993


===== beginning time step 91 : 1.57 =====


Reforming stiffness matrix: reformation #1

 1
 Nonlinear solution status: time= 1.57
	stiffness updates             = 0
	right hand side evaluations   = 2
	stiffness matrix reformations = 1
	step from line search         = 1.000000
	convergence norms :     INITIAL         CURRENT         REQUIRED
	   residual            2.674842e-07    1.072353e-08    0.000000e+00 
	   energy              4.411414e-07    4.977457e-08    4.411414e-09 
	   displacement        2.138266e-06    2.138266e-06    2.138266e-12 
 2
 Nonlinear solution status: time= 1.57
	stiffness updates             = 1
	right hand side evaluations   = 3
	stiffness matrix reformations = 1
	step from line search         = 1.000000
	convergence norms :     INITIAL         CURRENT         REQUIRED
	   residual            2.674842e-07    2.363122e-11    0.000000e+00 
	   energy              4.411414e-07    6.790235e-11    4.411414e-09 
	   displacement        2.138266e-06    3.030115e-08    1.679783e-12 
 3
 Nonlinear solution status: time= 1.57
	stiffness updates             = 2
	right hand side evaluations   = 4
	stiffness matrix reformations = 1
	step from line search         = 1.000000
	convergence norms :     INITIAL         CURRENT         REQUIRED
	   residual            2.674842e-07    1.605808e-13    0.000000e+00 
	   energy              4.411414e-07    7.434137e-13    4.411414e-09 
	   displacement        2.138266e-06    3.658936e-11    1.684274e-12 
 4
 Nonlinear solution status: time= 1.57
	stiffness updates             = 3
	right hand side evaluations   = 5
	stiffness matrix reformations = 1
	step from line search         = 1.000000
	convergence norms :     INITIAL         CURRENT         REQUIRED
	   residual            2.674842e-07    4.487437e-17    0.000000e+00 
	   energy              4.411414e-07    2.158496e-16    4.411414e-09 
	   displacement        2.138266e-06    2.659486e-13    1.684339e-12 

convergence summary
    number of iterations   : 4
    number of reformations : 1

------- converged at time : 1.57


AUTO STEPPER: increasing time step, dt = 0.00999995

MUST POINT CONTROLLER: adjusting time step. dt = 0.00500015


===== beginning time step 92 : 1.575 =====


Reforming stiffness matrix: reformation #1

 1
 Nonlinear solution status: time= 1.575
	stiffness updates             = 0
	right hand side evaluations   = 2
	stiffness matrix reformations = 1
	step from line search         = 1.000000
	convergence norms :     INITIAL         CURRENT         REQUIRED
	   residual            9.042597e-07    4.131338e-08    0.000000e+00 
	   energy              4.167129e-07    3.331321e-08    4.167129e-09 
	   displacement        5.825401e-07    5.825401e-07    5.825401e-13 
 2
 Nonlinear solution status: time= 1.575
	stiffness updates             = 1
	right hand side evaluations   = 3
	stiffness matrix reformations = 1
	step from line search         = 1.000000
	convergence norms :     INITIAL         CURRENT         REQUIRED
	   residual            9.042597e-07    2.486502e-10    0.000000e+00 
	   energy              4.167129e-07    1.951870e-10    4.167129e-09 
	   displacement        5.825401e-07    7.867098e-09    4.745176e-13 
 3
 Nonlinear solution status: time= 1.575
	stiffness updates             = 2
	right hand side evaluations   = 4
	stiffness matrix reformations = 1
	step from line search         = 1.000000
	convergence norms :     INITIAL         CURRENT         REQUIRED
	   residual            9.042597e-07    1.294738e-12    0.000000e+00 
	   energy              4.167129e-07    2.007900e-12    4.167129e-09 
	   displacement        5.825401e-07    5.365244e-11    4.776013e-13 
 4
 Nonlinear solution status: time= 1.575
	stiffness updates             = 3
	right hand side evaluations   = 5
	stiffness matrix reformations = 1
	step from line search         = 1.000000
	convergence norms :     INITIAL         CURRENT         REQUIRED
	   residual            9.042597e-07    2.274709e-15    0.000000e+00 
	   energy              4.167129e-07    3.039617e-15    4.167129e-09 
	   displacement        5.825401e-07    2.350176e-13    4.777871e-13 

convergence summary
    number of iterations   : 4
    number of reformations : 1

------- converged at time : 1.575


AUTO STEPPER: increasing time step, dt = 0.00999996


===== beginning time step 93 : 1.585 =====


Reforming stiffness matrix: reformation #1

 1
 Nonlinear solution status: time= 1.585
	stiffness updates             = 0
	right hand side evaluations   = 2
	stiffness matrix reformations = 1
	step from line search         = 1.000000
	convergence norms :     INITIAL         CURRENT         REQUIRED
	   residual            3.092278e-07    1.272747e-08    0.000000e+00 
	   energy              5.124153e-07    5.841947e-08    5.124153e-09 
	   displacement        2.519898e-06    2.519898e-06    2.519898e-12 
 2
 Nonlinear solution status: time= 1.585
	stiffness updates             = 1
	right hand side evaluations   = 3
	stiffness matrix reformations = 1
	step from line search         = 1.000000
	convergence norms :     INITIAL         CURRENT         REQUIRED
	   residual            3.092278e-07    2.937835e-11    0.000000e+00 
	   energy              5.124153e-07    7.945294e-11    5.124153e-09 
	   displacement        2.519898e-06    3.636632e-08    1.974015e-12 
 3
 Nonlinear solution status: time= 1.585
	stiffness updates             = 2
	right hand side evaluations   = 4
	stiffness matrix reformations = 1
	step from line search         = 1.000000
	convergence norms :     INITIAL         CURRENT         REQUIRED
	   residual            3.092278e-07    1.812056e-13    0.000000e+00 
	   energy              5.124153e-07    8.333561e-13    5.124153e-09 
	   displacement        2.519898e-06    4.090401e-11    1.979291e-12 
 4
 Nonlinear solution status: time= 1.585
	stiffness updates             = 3
	right hand side evaluations   = 5
	stiffness matrix reformations = 1
	step from line search         = 1.000000
	convergence norms :     INITIAL         CURRENT         REQUIRED
	   residual            3.092278e-07    5.685195e-17    0.000000e+00 
	   energy              5.124153e-07    2.513273e-16    5.124153e-09 
	   displacement        2.519898e-06    2.871894e-13    1.979367e-12 

convergence summary
    number of iterations   : 4
    number of reformations : 1

------- converged at time : 1.585


AUTO STEPPER: increasing time step, dt = 0.00999997


===== beginning time step 94 : 1.595 =====


Reforming stiffness matrix: reformation #1

 1
 Nonlinear solution status: time= 1.595
	stiffness updates             = 0
	right hand side evaluations   = 2
	stiffness matrix reformations = 1
	step from line search         = 1.000000
	convergence norms :     INITIAL         CURRENT         REQUIRED
	   residual            3.109437e-07    1.300375e-08    0.000000e+00 
	   energy              5.164188e-07    5.921548e-08    5.164188e-09 
	   displacement        2.559210e-06    2.559210e-06    2.559210e-12 
 2
 Nonlinear solution status: time= 1.595
	stiffness updates             = 1
	right hand side evaluations   = 3
	stiffness matrix reformations = 1
	step from line search         = 1.000000
	convergence norms :     INITIAL         CURRENT         REQUIRED
	   residual            3.109437e-07    3.028389e-11    0.000000e+00 
	   energy              5.164188e-07    8.031295e-11    5.164188e-09 
	   displacement        2.559210e-06    3.730580e-08    2.001673e-12 
 3
 Nonlinear solution status: time= 1.595
	stiffness updates             = 2
	right hand side evaluations   = 4
	stiffness matrix reformations = 1
	step from line search         = 1.000000
	convergence norms :     INITIAL         CURRENT         REQUIRED
	   residual            3.109437e-07    1.784288e-13    0.000000e+00 
	   energy              5.164188e-07    8.204478e-13    5.164188e-09 
	   displacement        2.559210e-06    4.022389e-11    2.007019e-12 
 4
 Nonlinear solution status: time= 1.595
	stiffness updates             = 3
	right hand side evaluations   = 5
	stiffness matrix reformations = 1
	step from line search         = 1.000000
	convergence norms :     INITIAL         CURRENT         REQUIRED
	   residual            3.109437e-07    5.932756e-17    0.000000e+00 
	   energy              5.164188e-07    2.514293e-16    5.164188e-09 
	   displacement        2.559210e-06    2.761824e-13    2.007096e-12 

convergence summary
    number of iterations   : 4
    number of reformations : 1

------- converged at time : 1.595


AUTO STEPPER: increasing time step, dt = 0.00999997

MUST POINT CONTROLLER: adjusting time step. dt = 0.00500008


===== beginning time step 95 : 1.6 =====


Reforming stiffness matrix: reformation #1

 1
 Nonlinear solution status: time= 1.6
	stiffness updates             = 0
	right hand side evaluations   = 2
	stiffness matrix reformations = 1
	step from line search         = 1.000000
	convergence norms :     INITIAL         CURRENT         REQUIRED
	   residual            9.313268e-07    4.447485e-08    0.000000e+00 
	   energy              4.309457e-07    3.520857e-08    4.309457e-09 
	   displacement        6.150603e-07    6.150603e-07    6.150603e-13 
 2
 Nonlinear solution status: time= 1.6
	stiffness updates             = 1
	right hand side evaluations   = 3
	stiffness matrix reformations = 1
	step from line search         = 1.000000
	convergence norms :     INITIAL         CURRENT         REQUIRED
	   residual            9.313268e-07    2.675851e-10    0.000000e+00 
	   energy              4.309457e-07    2.118497e-10    4.309457e-09 
	   displacement        6.150603e-07    8.676809e-09    4.978430e-13 
 3
 Nonlinear solution status: time= 1.6
	stiffness updates             = 2
	right hand side evaluations   = 4
	stiffness matrix reformations = 1
	step from line search         = 1.000000
	convergence norms :     INITIAL         CURRENT         REQUIRED
	   residual            9.313268e-07    1.229457e-12    0.000000e+00 
	   energy              4.309457e-07    2.048192e-12    4.309457e-09 
	   displacement        6.150603e-07    5.580334e-11    5.012027e-13 
 4
 Nonlinear solution status: time= 1.6
	stiffness updates             = 3
	right hand side evaluations   = 5
	stiffness matrix reformations = 1
	step from line search         = 1.000000
	convergence norms :     INITIAL         CURRENT         REQUIRED
	   residual            9.313268e-07    2.344436e-15    0.000000e+00 
	   energy              4.309457e-07    3.123680e-15    4.309457e-09 
	   displacement        6.150603e-07    2.303316e-13    5.013983e-13 

convergence summary
    number of iterations   : 4
    number of reformations : 1

------- converged at time : 1.6


AUTO STEPPER: increasing time step, dt = 0.00999998


===== beginning time step 96 : 1.61 =====


Reforming stiffness matrix: reformation #1

 1
 Nonlinear solution status: time= 1.61
	stiffness updates             = 0
	right hand side evaluations   = 2
	stiffness matrix reformations = 1
	step from line search         = 1.000000
	convergence norms :     INITIAL         CURRENT         REQUIRED
	   residual            2.886600e-07    1.229658e-08    0.000000e+00 
	   energy              4.804917e-07    5.544913e-08    4.804917e-09 
	   displacement        2.401147e-06    2.401147e-06    2.401147e-12 
 2
 Nonlinear solution status: time= 1.61
	stiffness updates             = 1
	right hand side evaluations   = 3
	stiffness matrix reformations = 1
	step from line search         = 1.000000
	convergence norms :     INITIAL         CURRENT         REQUIRED
	   residual            2.886600e-07    2.821302e-11    0.000000e+00 
	   energy              4.804917e-07    7.490648e-11    4.804917e-09 
	   displacement        2.401147e-06    3.539116e-08    1.874768e-12 
 3
 Nonlinear solution status: time= 1.61
	stiffness updates             = 2
	right hand side evaluations   = 4
	stiffness matrix reformations = 1
	step from line search         = 1.000000
	convergence norms :     INITIAL         CURRENT         REQUIRED
	   residual            2.886600e-07    1.600867e-13    0.000000e+00 
	   energy              4.804917e-07    7.413899e-13    4.804917e-09 
	   displacement        2.401147e-06    3.630821e-11    1.879771e-12 
 4
 Nonlinear solution status: time= 1.61
	stiffness updates             = 3
	right hand side evaluations   = 5
	stiffness matrix reformations = 1
	step from line search         = 1.000000
	convergence norms :     INITIAL         CURRENT         REQUIRED
	   residual            2.886600e-07    5.594479e-17    0.000000e+00 
	   energy              4.804917e-07    2.304777e-16    4.804917e-09 
	   displacement        2.401147e-06    2.425242e-13    1.879841e-12 

convergence summary
    number of iterations   : 4
    number of reformations : 1

------- converged at time : 1.61


AUTO STEPPER: increasing time step, dt = 0.00999998


===== beginning time step 97 : 1.62 =====


Reforming stiffness matrix: reformation #1

 1
 Nonlinear solution status: time= 1.62
	stiffness updates             = 0
	right hand side evaluations   = 2
	stiffness matrix reformations = 1
	step from line search         = 1.000000
	convergence norms :     INITIAL         CURRENT         REQUIRED
	   residual            2.561727e-07    1.099691e-08    0.000000e+00 
	   energy              4.267798e-07    4.937891e-08    4.267798e-09 
	   displacement        2.139537e-06    2.139537e-06    2.139537e-12 
 2
 Nonlinear solution status: time= 1.62
	stiffness updates             = 1
	right hand side evaluations   = 3
	stiffness matrix reformations = 1
	step from line search         = 1.000000
	convergence norms :     INITIAL         CURRENT         REQUIRED
	   residual            2.561727e-07    2.426527e-11    0.000000e+00 
	   energy              4.267798e-07    6.661072e-11    4.267798e-09 
	   displacement        2.139537e-06    3.167863e-08    1.669319e-12 
 3
 Nonlinear solution status: time= 1.62
	stiffness updates             = 2
	right hand side evaluations   = 4
	stiffness matrix reformations = 1
	step from line search         = 1.000000
	convergence norms :     INITIAL         CURRENT         REQUIRED
	   residual            2.561727e-07    1.386284e-13    0.000000e+00 
	   energy              4.267798e-07    6.507676e-13    4.267798e-09 
	   displacement        2.139537e-06    3.186164e-11    1.673774e-12 
 4
 Nonlinear solution status: time= 1.62
	stiffness updates             = 3
	right hand side evaluations   = 5
	stiffness matrix reformations = 1
	step from line search         = 1.000000
	convergence norms :     INITIAL         CURRENT         REQUIRED
	   residual            2.561727e-07    4.830881e-17    0.000000e+00 
	   energy              4.267798e-07    2.023437e-16    4.267798e-09 
	   displacement        2.139537e-06    2.102360e-13    1.673836e-12 

convergence summary
    number of iterations   : 4
    number of reformations : 1

------- converged at time : 1.62


AUTO STEPPER: increasing time step, dt = 0.00999999

MUST POINT CONTROLLER: adjusting time step. dt = 0.00500004


===== beginning time step 98 : 1.625 =====


Reforming stiffness matrix: reformation #1

 1
 Nonlinear solution status: time= 1.625
	stiffness updates             = 0
	right hand side evaluations   = 2
	stiffness matrix reformations = 1
	step from line search         = 1.000000
	convergence norms :     INITIAL         CURRENT         REQUIRED
	   residual            6.953038e-07    3.407771e-08    0.000000e+00 
	   energy              3.225284e-07    2.667735e-08    3.225284e-09 
	   displacement        4.650385e-07    4.650385e-07    4.650385e-13 
 2
 Nonlinear solution status: time= 1.625
	stiffness updates             = 1
	right hand side evaluations   = 3
	stiffness matrix reformations = 1
	step from line search         = 1.000000
	convergence norms :     INITIAL         CURRENT         REQUIRED
	   residual            6.953038e-07    2.030649e-10    0.000000e+00 
	   energy              3.225284e-07    1.629363e-10    3.225284e-09 
	   displacement        4.650385e-07    6.719719e-09    3.751336e-13 
 3
 Nonlinear solution status: time= 1.625
	stiffness updates             = 2
	right hand side evaluations   = 4
	stiffness matrix reformations = 1
	step from line search         = 1.000000
	convergence norms :     INITIAL         CURRENT         REQUIRED
	   residual            6.953038e-07    8.813379e-13    0.000000e+00 
	   energy              3.225284e-07    1.531562e-12    3.225284e-09 
	   displacement        4.650385e-07    4.213341e-11    3.777226e-13 
 4
 Nonlinear solution status: time= 1.625
	stiffness updates             = 3
	right hand side evaluations   = 5
	stiffness matrix reformations = 1
	step from line search         = 1.000000
	convergence norms :     INITIAL         CURRENT         REQUIRED
	   residual            6.953038e-07    1.693999e-15    0.000000e+00 
	   energy              3.225284e-07    2.303031e-15    3.225284e-09 
	   displacement        4.650385e-07    1.680126e-13    3.778696e-13 

convergence summary
    number of iterations   : 4
    number of reformations : 1

------- converged at time : 1.625


AUTO STEPPER: increasing time step, dt = 0.00999999


===== beginning time step 99 : 1.635 =====


Reforming stiffness matrix: reformation #1

 1
 Nonlinear solution status: time= 1.635
	stiffness updates             = 0
	right hand side evaluations   = 2
	stiffness matrix reformations = 1
	step from line search         = 1.000000
	convergence norms :     INITIAL         CURRENT         REQUIRED
	   residual            1.983478e-07    8.566502e-09    0.000000e+00 
	   energy              3.306455e-07    3.832793e-08    3.306455e-09 
	   displacement        1.661039e-06    1.661039e-06    1.661039e-12 
 2
 Nonlinear solution status: time= 1.635
	stiffness updates             = 1
	right hand side evaluations   = 3
	stiffness matrix reformations = 1
	step from line search         = 1.000000
	convergence norms :     INITIAL         CURRENT         REQUIRED
	   residual            1.983478e-07    1.746095e-11    0.000000e+00 
	   energy              3.306455e-07    5.170554e-11    3.306455e-09 
	   displacement        1.661039e-06    2.468149e-08    1.295282e-12 
 3
 Nonlinear solution status: time= 1.635
	stiffness updates             = 2
	right hand side evaluations   = 4
	stiffness matrix reformations = 1
	step from line search         = 1.000000
	convergence norms :     INITIAL         CURRENT         REQUIRED
	   residual            1.983478e-07    1.037670e-13    0.000000e+00 
	   energy              3.306455e-07    5.002752e-13    3.306455e-09 
	   displacement        1.661039e-06    2.449776e-11    1.298745e-12 
 4
 Nonlinear solution status: time= 1.635
	stiffness updates             = 3
	right hand side evaluations   = 5
	stiffness matrix reformations = 1
	step from line search         = 1.000000
	convergence norms :     INITIAL         CURRENT         REQUIRED
	   residual            1.983478e-07    3.489287e-17    0.000000e+00 
	   energy              3.306455e-07    1.542553e-16    3.306455e-09 
	   displacement        1.661039e-06    1.599112e-13    1.298792e-12 

convergence summary
    number of iterations   : 4
    number of reformations : 1

------- converged at time : 1.635


AUTO STEPPER: increasing time step, dt = 0.00999999


===== beginning time step 100 : 1.645 =====


Reforming stiffness matrix: reformation #1

 1
 Nonlinear solution status: time= 1.645
	stiffness updates             = 0
	right hand side evaluations   = 2
	stiffness matrix reformations = 1
	step from line search         = 1.000000
	convergence norms :     INITIAL         CURRENT         REQUIRED
	   residual            1.568232e-07    6.771153e-09    0.000000e+00 
	   energy              2.614142e-07    3.029371e-08    2.614142e-09 
	   displacement        1.312343e-06    1.312343e-06    1.312343e-12 
 2
 Nonlinear solution status: time= 1.645
	stiffness updates             = 1
	right hand side evaluations   = 3
	stiffness matrix reformations = 1
	step from line search         = 1.000000
	convergence norms :     INITIAL         CURRENT         REQUIRED
	   residual            1.568232e-07    1.299146e-11    0.000000e+00 
	   energy              2.614142e-07    4.095397e-11    2.614142e-09 
	   displacement        1.312343e-06    1.949881e-08    1.023412e-12 
 3
 Nonlinear solution status: time= 1.645
	stiffness updates             = 2
	right hand side evaluations   = 4
	stiffness matrix reformations = 1
	step from line search         = 1.000000
	convergence norms :     INITIAL         CURRENT         REQUIRED
	   residual            1.568232e-07    8.074663e-14    0.000000e+00 
	   energy              2.614142e-07    3.969457e-13    2.614142e-09 
	   displacement        1.312343e-06    1.944824e-11    1.026155e-12 
 4
 Nonlinear solution status: time= 1.645
	stiffness updates             = 3
	right hand side evaluations   = 5
	stiffness matrix reformations = 1
	step from line search         = 1.000000
	convergence norms :     INITIAL         CURRENT         REQUIRED
	   residual            1.568232e-07    2.592014e-17    0.000000e+00 
	   energy              2.614142e-07    1.207368e-16    2.614142e-09 
	   displacement        1.312343e-06    1.268376e-13    1.026192e-12 

convergence summary
    number of iterations   : 4
    number of reformations : 1

------- converged at time : 1.645


AUTO STEPPER: increasing time step, dt = 0.00999999

MUST POINT CONTROLLER: adjusting time step. dt = 0.00500002


===== beginning time step 101 : 1.65 =====


Reforming stiffness matrix: reformation #1

 1
 Nonlinear solution status: time= 1.65
	stiffness updates             = 0
	right hand side evaluations   = 2
	stiffness matrix reformations = 1
	step from line search         = 1.000000
	convergence norms :     INITIAL         CURRENT         REQUIRED
	   residual            3.863924e-07    1.892539e-08    0.000000e+00 
	   energy              1.791925e-07    1.481267e-08    1.791925e-09 
	   displacement        2.579701e-07    2.579701e-07    2.579701e-13 
 2
 Nonlinear solution status: time= 1.65
	stiffness updates             = 1
	right hand side evaluations   = 3
	stiffness matrix reformations = 1
	step from line search         = 1.000000
	convergence norms :     INITIAL         CURRENT         REQUIRED
	   residual            3.863924e-07    1.124795e-10    0.000000e+00 
	   energy              1.791925e-07    9.102901e-11    1.791925e-09 
	   displacement        2.579701e-07    3.733927e-09    2.081023e-13 
 3
 Nonlinear solution status: time= 1.65
	stiffness updates             = 2
	right hand side evaluations   = 4
	stiffness matrix reformations = 1
	step from line search         = 1.000000
	convergence norms :     INITIAL         CURRENT         REQUIRED
	   residual            3.863924e-07    4.885357e-13    0.000000e+00 
	   energy              1.791925e-07    8.572274e-13    1.791925e-09 
	   displacement        2.579701e-07    2.365180e-11    2.095483e-13 
 4
 Nonlinear solution status: time= 1.65
	stiffness updates             = 3
	right hand side evaluations   = 5
	stiffness matrix reformations = 1
	step from line search         = 1.000000
	convergence norms :     INITIAL         CURRENT         REQUIRED
	   residual            3.863924e-07    9.077938e-16    0.000000e+00 
	   energy              1.791925e-07    1.270279e-15    1.791925e-09 
	   displacement        2.579701e-07    9.346300e-14    2.096298e-13 

convergence summary
    number of iterations   : 4
    number of reformations : 1

------- converged at time : 1.65


AUTO STEPPER: increasing time step, dt = 0.00999999


===== beginning time step 102 : 1.66 =====


Reforming stiffness matrix: reformation #1

 1
 Nonlinear solution status: time= 1.66
	stiffness updates             = 0
	right hand side evaluations   = 2
	stiffness matrix reformations = 1
	step from line search         = 1.000000
	convergence norms :     INITIAL         CURRENT         REQUIRED
	   residual            1.010979e-07    4.343491e-09    0.000000e+00 
	   energy              1.684402e-07    1.947739e-08    1.684402e-09 
	   displacement        8.428393e-07    8.428393e-07    8.428393e-13 
 2
 Nonlinear solution status: time= 1.66
	stiffness updates             = 1
	right hand side evaluations   = 3
	stiffness matrix reformations = 1
	step from line search         = 1.000000
	convergence norms :     INITIAL         CURRENT         REQUIRED
	   residual            1.010979e-07    7.718095e-12    0.000000e+00 
	   energy              1.684402e-07    2.648285e-11    1.684402e-09 
	   displacement        8.428393e-07    1.248898e-08    6.576028e-13 
 3
 Nonlinear solution status: time= 1.66
	stiffness updates             = 2
	right hand side evaluations   = 4
	stiffness matrix reformations = 1
	step from line search         = 1.000000
	convergence norms :     INITIAL         CURRENT         REQUIRED
	   residual            1.010979e-07    5.154553e-14    0.000000e+00 
	   energy              1.684402e-07    2.595558e-13    1.684402e-09 
	   displacement        8.428393e-07    1.273332e-11    6.593760e-13 
 4
 Nonlinear solution status: time= 1.66
	stiffness updates             = 3
	right hand side evaluations   = 5
	stiffness matrix reformations = 1
	step from line search         = 1.000000
	convergence norms :     INITIAL         CURRENT         REQUIRED
	   residual            1.010979e-07    1.514391e-17    0.000000e+00 
	   energy              1.684402e-07    7.660971e-17    1.684402e-09 
	   displacement        8.428393e-07    8.345592e-14    6.593999e-13 

convergence summary
    number of iterations   : 4
    number of reformations : 1

------- converged at time : 1.66


AUTO STEPPER: increasing time step, dt = 0.01


===== beginning time step 103 : 1.67 =====


Reforming stiffness matrix: reformation #1

 1
 Nonlinear solution status: time= 1.67
	stiffness updates             = 0
	right hand side evaluations   = 2
	stiffness matrix reformations = 1
	step from line search         = 1.000000
	convergence norms :     INITIAL         CURRENT         REQUIRED
	   residual            7.038864e-08    3.003339e-09    0.000000e+00 
	   energy              1.171987e-07    1.351493e-08    1.171987e-09 
	   displacement        5.841733e-07    5.841733e-07    5.841733e-13 
 2
 Nonlinear solution status: time= 1.67
	stiffness updates             = 1
	right hand side evaluations   = 3
	stiffness matrix reformations = 1
	step from line search         = 1.000000
	convergence norms :     INITIAL         CURRENT         REQUIRED
	   residual            7.038864e-08    5.160660e-12    0.000000e+00 
	   energy              1.171987e-07    1.847845e-11    1.171987e-09 
	   displacement        5.841733e-07    8.623007e-09    4.560886e-13 
 3
 Nonlinear solution status: time= 1.67
	stiffness updates             = 2
	right hand side evaluations   = 4
	stiffness matrix reformations = 1
	step from line search         = 1.000000
	convergence norms :     INITIAL         CURRENT         REQUIRED
	   residual            7.038864e-08    3.609029e-14    0.000000e+00 
	   energy              1.171987e-07    1.835892e-13    1.171987e-09 
	   displacement        5.841733e-07    9.017583e-12    4.573249e-13 
 4
 Nonlinear solution status: time= 1.67
	stiffness updates             = 3
	right hand side evaluations   = 5
	stiffness matrix reformations = 1
	step from line search         = 1.000000
	convergence norms :     INITIAL         CURRENT         REQUIRED
	   residual            7.038864e-08    9.869367e-18    0.000000e+00 
	   energy              1.171987e-07    5.272288e-17    1.171987e-09 
	   displacement        5.841733e-07    5.957511e-14    4.573415e-13 

convergence summary
    number of iterations   : 4
    number of reformations : 1

------- converged at time : 1.67


AUTO STEPPER: increasing time step, dt = 0.01

MUST POINT CONTROLLER: adjusting time step. dt = 0.00500001


===== beginning time step 104 : 1.675 =====


Reforming stiffness matrix: reformation #1

 1
 Nonlinear solution status: time= 1.675
	stiffness updates             = 0
	right hand side evaluations   = 2
	stiffness matrix reformations = 1
	step from line search         = 1.000000
	convergence norms :     INITIAL         CURRENT         REQUIRED
	   residual            1.546481e-07    7.387130e-09    0.000000e+00 
	   energy              7.154147e-08    5.841076e-09    7.154147e-10 
	   displacement        1.017841e-07    1.017841e-07    1.017841e-13 
 2
 Nonlinear solution status: time= 1.675
	stiffness updates             = 1
	right hand side evaluations   = 3
	stiffness matrix reformations = 1
	step from line search         = 1.000000
	convergence norms :     INITIAL         CURRENT         REQUIRED
	   residual            1.546481e-07    4.451131e-11    0.000000e+00 
	   energy              7.154147e-08    3.587080e-11    7.154147e-10 
	   displacement        1.017841e-07    1.447306e-09    8.235763e-14 
 3
 Nonlinear solution status: time= 1.675
	stiffness updates             = 2
	right hand side evaluations   = 4
	stiffness matrix reformations = 1
	step from line search         = 1.000000
	convergence norms :     INITIAL         CURRENT         REQUIRED
	   residual            1.546481e-07    2.014752e-13    0.000000e+00 
	   energy              7.154147e-08    3.467851e-13    7.154147e-10 
	   displacement        1.017841e-07    9.553220e-12    8.292619e-14 
 4
 Nonlinear solution status: time= 1.675
	stiffness updates             = 3
	right hand side evaluations   = 5
	stiffness matrix reformations = 1
	step from line search         = 1.000000
	convergence norms :     INITIAL         CURRENT         REQUIRED
	   residual            1.546481e-07    3.521289e-16    0.000000e+00 
	   energy              7.154147e-08    5.080669e-16    7.154147e-10 
	   displacement        1.017841e-07    3.821934e-14    8.295860e-14 

convergence summary
    number of iterations   : 4
    number of reformations : 1

------- converged at time : 1.675


AUTO STEPPER: increasing time step, dt = 0.01


===== beginning time step 105 : 1.685 =====


Reforming stiffness matrix: reformation #1

 1
 Nonlinear solution status: time= 1.685
	stiffness updates             = 0
	right hand side evaluations   = 2
	stiffness matrix reformations = 1
	step from line search         = 1.000000
	convergence norms :     INITIAL         CURRENT         REQUIRED
	   residual            3.618658e-08    1.520683e-09    0.000000e+00 
	   energy              6.016276e-08    6.896118e-09    6.016276e-10 
	   displacement        2.974218e-07    2.974218e-07    2.974218e-13 
 2
 Nonlinear solution status: time= 1.685
	stiffness updates             = 1
	right hand side evaluations   = 3
	stiffness matrix reformations = 1
	step from line search         = 1.000000
	convergence norms :     INITIAL         CURRENT         REQUIRED
	   residual            3.618658e-08    2.565219e-12    0.000000e+00 
	   energy              6.016276e-08    9.527624e-12    6.016276e-10 
	   displacement        2.974218e-07    4.352328e-09    2.325515e-13 
 3
 Nonlinear solution status: time= 1.685
	stiffness updates             = 2
	right hand side evaluations   = 4
	stiffness matrix reformations = 1
	step from line search         = 1.000000
	convergence norms :     INITIAL         CURRENT         REQUIRED
	   residual            3.618658e-08    1.902670e-14    0.000000e+00 
	   energy              6.016276e-08    9.733035e-14    6.016276e-10 
	   displacement        2.974218e-07    4.792516e-12    2.331876e-13 
 4
 Nonlinear solution status: time= 1.685
	stiffness updates             = 3
	right hand side evaluations   = 5
	stiffness matrix reformations = 1
	step from line search         = 1.000000
	convergence norms :     INITIAL         CURRENT         REQUIRED
	   residual            3.618658e-08    4.589520e-18    0.000000e+00 
	   energy              6.016276e-08    2.653627e-17    6.016276e-10 
	   displacement        2.974218e-07    3.221465e-14    2.331961e-13 

convergence summary
    number of iterations   : 4
    number of reformations : 1

------- converged at time : 1.685


AUTO STEPPER: increasing time step, dt = 0.01


===== beginning time step 106 : 1.695 =====


Reforming stiffness matrix: reformation #1

 1
 Nonlinear solution status: time= 1.695
	stiffness updates             = 0
	right hand side evaluations   = 2
	stiffness matrix reformations = 1
	step from line search         = 1.000000
	convergence norms :     INITIAL         CURRENT         REQUIRED
	   residual            2.100347e-08    8.708677e-10    0.000000e+00 
	   energy              3.487200e-08    3.975856e-09    3.487200e-10 
	   displacement        1.711668e-07    1.711668e-07    1.711668e-13 
 2
 Nonlinear solution status: time= 1.695
	stiffness updates             = 1
	right hand side evaluations   = 3
	stiffness matrix reformations = 1
	step from line search         = 1.000000
	convergence norms :     INITIAL         CURRENT         REQUIRED
	   residual            2.100347e-08    1.478803e-12    0.000000e+00 
	   energy              3.487200e-08    5.534710e-12    3.487200e-10 
	   displacement        1.711668e-07    2.484893e-09    1.340106e-13 
 3
 Nonlinear solution status: time= 1.695
	stiffness updates             = 2
	right hand side evaluations   = 4
	stiffness matrix reformations = 1
	step from line search         = 1.000000
	convergence norms :     INITIAL         CURRENT         REQUIRED
	   residual            2.100347e-08    1.133337e-14    0.000000e+00 
	   energy              3.487200e-08    5.784263e-14    3.487200e-10 
	   displacement        1.711668e-07    2.854105e-12    1.343794e-13 
 4
 Nonlinear solution status: time= 1.695
	stiffness updates             = 3
	right hand side evaluations   = 5
	stiffness matrix reformations = 1
	step from line search         = 1.000000
	convergence norms :     INITIAL         CURRENT         REQUIRED
	   residual            2.100347e-08    2.493084e-18    0.000000e+00 
	   energy              3.487200e-08    1.516297e-17    3.487200e-10 
	   displacement        1.711668e-07    1.947463e-14    1.343844e-13 

convergence summary
    number of iterations   : 4
    number of reformations : 1

------- converged at time : 1.695


AUTO STEPPER: increasing time step, dt = 0.01

MUST POINT CONTROLLER: adjusting time step. dt = 0.00500001


===== beginning time step 107 : 1.7 =====


Reforming stiffness matrix: reformation #1

 1
 Nonlinear solution status: time= 1.7
	stiffness updates             = 0
	right hand side evaluations   = 2
	stiffness matrix reformations = 1
	step from line search         = 1.000000
	convergence norms :     INITIAL         CURRENT         REQUIRED
	   residual            3.816599e-08    1.740967e-09    0.000000e+00 
	   energy              1.759405e-08    1.404264e-09    1.759405e-10 
	   displacement        2.450887e-08    2.450887e-08    2.450887e-14 
 2
 Nonlinear solution status: time= 1.7
	stiffness updates             = 1
	right hand side evaluations   = 3
	stiffness matrix reformations = 1
	step from line search         = 1.000000
	convergence norms :     INITIAL         CURRENT         REQUIRED
	   residual            3.816599e-08    1.076176e-11    0.000000e+00 
	   energy              1.759405e-08    8.532627e-12    1.759405e-10 
	   displacement        2.450887e-08    3.360158e-10    1.994646e-14 
 3
 Nonlinear solution status: time= 1.7
	stiffness updates             = 2
	right hand side evaluations   = 4
	stiffness matrix reformations = 1
	step from line search         = 1.000000
	convergence norms :     INITIAL         CURRENT         REQUIRED
	   residual            3.816599e-08    5.286726e-14    0.000000e+00 
	   energy              1.759405e-08    8.682691e-14    1.759405e-10 
	   displacement        2.450887e-08    2.374992e-12    2.008128e-14 
 4
 Nonlinear solution status: time= 1.7
	stiffness updates             = 3
	right hand side evaluations   = 5
	stiffness matrix reformations = 1
	step from line search         = 1.000000
	convergence norms :     INITIAL         CURRENT         REQUIRED
	   residual            3.816599e-08    8.369787e-17    0.000000e+00 
	   energy              1.759405e-08    1.251145e-16    1.759405e-10 
	   displacement        2.450887e-08    9.831770e-15    2.008915e-14 

convergence summary
    number of iterations   : 4
    number of reformations : 1

------- converged at time : 1.7


AUTO STEPPER: increasing time step, dt = 0.01


===== beginning time step 108 : 1.71 =====


Reforming stiffness matrix: reformation #1

 1
 Nonlinear solution status: time= 1.71
	stiffness updates             = 0
	right hand side evaluations   = 2
	stiffness matrix reformations = 1
	step from line search         = 1.000000
	convergence norms :     INITIAL         CURRENT         REQUIRED
	   residual            7.235361e-09    2.911981e-10    0.000000e+00 
	   energy              1.196885e-08    1.347894e-09    1.196885e-10 
	   displacement        5.782502e-08    5.782502e-08    5.782502e-14 
 2
 Nonlinear solution status: time= 1.71
	stiffness updates             = 1
	right hand side evaluations   = 3
	stiffness matrix reformations = 1
	step from line search         = 1.000000
	convergence norms :     INITIAL         CURRENT         REQUIRED
	   residual            7.235361e-09    5.104658e-13    0.000000e+00 
	   energy              1.196885e-08    1.899448e-12    1.196885e-10 
	   displacement        5.782502e-08    8.237698e-10    4.540998e-14 
 3
 Nonlinear solution status: time= 1.71
	stiffness updates             = 2
	right hand side evaluations   = 4
	stiffness matrix reformations = 1
	step from line search         = 1.000000
	convergence norms :     INITIAL         CURRENT         REQUIRED
	   residual            7.235361e-09    4.113938e-15    0.000000e+00 
	   energy              1.196885e-08    2.074962e-14    1.196885e-10 
	   displacement        5.782502e-08    1.028845e-12    4.553609e-14 
 4
 Nonlinear solution status: time= 1.71
	stiffness updates             = 3
	right hand side evaluations   = 5
	stiffness matrix reformations = 1
	step from line search         = 1.000000
	convergence norms :     INITIAL         CURRENT         REQUIRED
	   residual            7.235361e-09    7.744580e-19    0.000000e+00 
	   energy              1.196885e-08    5.100841e-18    1.196885e-10 
	   displacement        5.782502e-08    7.240423e-15    4.553779e-14 

convergence summary
    number of iterations   : 4
    number of reformations : 1

------- converged at time : 1.71


AUTO STEPPER: increasing time step, dt = 0.01


===== beginning time step 109 : 1.72 =====


Reforming stiffness matrix: reformation #1

 1
 Nonlinear solution status: time= 1.72
	stiffness updates             = 0
	right hand side evaluations   = 2
	stiffness matrix reformations = 1
	step from line search         = 1.000000
	convergence norms :     INITIAL         CURRENT         REQUIRED
	   residual            2.755690e-09    1.077411e-10    0.000000e+00 
	   energy              4.535194e-09    5.040154e-10    4.535194e-11 
	   displacement        2.156688e-08    2.156688e-08    2.156688e-14 
 2
 Nonlinear solution status: time= 1.72
	stiffness updates             = 1
	right hand side evaluations   = 3
	stiffness matrix reformations = 1
	step from line search         = 1.000000
	convergence norms :     INITIAL         CURRENT         REQUIRED
	   residual            2.755690e-09    1.935325e-13    0.000000e+00 
	   energy              4.535194e-09    7.136515e-13    4.535194e-11 
	   displacement        2.156688e-08    3.008855e-10    1.699053e-14 
 3
 Nonlinear solution status: time= 1.72
	stiffness updates             = 2
	right hand side evaluations   = 4
	stiffness matrix reformations = 1
	step from line search         = 1.000000
	convergence norms :     INITIAL         CURRENT         REQUIRED
	   residual            2.755690e-09    1.618037e-15    0.000000e+00 
	   energy              4.535194e-09    8.061477e-15    4.535194e-11 
	   displacement        2.156688e-08    4.020285e-13    1.703786e-14 
 4
 Nonlinear solution status: time= 1.72
	stiffness updates             = 3
	right hand side evaluations   = 5
	stiffness matrix reformations = 1
	step from line search         = 1.000000
	convergence norms :     INITIAL         CURRENT         REQUIRED
	   residual            2.755690e-09    2.874170e-19    0.000000e+00 
	   energy              4.535194e-09    1.947705e-18    4.535194e-11 
	   displacement        2.156688e-08    2.904512e-15    1.703849e-14 

convergence summary
    number of iterations   : 4
    number of reformations : 1

------- converged at time : 1.72


AUTO STEPPER: increasing time step, dt = 0.01

MUST POINT CONTROLLER: adjusting time step. dt = 0.005


===== beginning time step 110 : 1.725 =====


Reforming stiffness matrix: reformation #1

 1
 Nonlinear solution status: time= 1.725
	stiffness updates             = 0
	right hand side evaluations   = 2
	stiffness matrix reformations = 1
	step from line search         = 1.000000
	convergence norms :     INITIAL         CURRENT         REQUIRED
	   residual            2.918544e-09    1.273524e-10    0.000000e+00 
	   energy              1.349733e-09    1.052452e-10    1.349733e-11 
	   displacement        1.837065e-09    1.837065e-09    1.837065e-15 
 2
 Nonlinear solution status: time= 1.725
	stiffness updates             = 1
	right hand side evaluations   = 3
	stiffness matrix reformations = 1
	step from line search         = 1.000000
	convergence norms :     INITIAL         CURRENT         REQUIRED
	   residual            2.918544e-09    7.848329e-13    0.000000e+00 
	   energy              1.349733e-09    6.222096e-13    1.349733e-11 
	   displacement        1.837065e-09    2.421638e-11    1.504756e-15 
 3
 Nonlinear solution status: time= 1.725
	stiffness updates             = 2
	right hand side evaluations   = 4
	stiffness matrix reformations = 1
	step from line search         = 1.000000
	convergence norms :     INITIAL         CURRENT         REQUIRED
	   residual            2.918544e-09    4.467407e-15    0.000000e+00 
	   energy              1.349733e-09    6.821963e-15    1.349733e-11 
	   displacement        1.837065e-09    1.855936e-13    1.514791e-15 
 4
 Nonlinear solution status: time= 1.725
	stiffness updates             = 3
	right hand side evaluations   = 5
	stiffness matrix reformations = 1
	step from line search         = 1.000000
	convergence norms :     INITIAL         CURRENT         REQUIRED
	   residual            2.918544e-09    5.490275e-18    0.000000e+00 
	   energy              1.349733e-09    9.023371e-18    1.349733e-11 
	   displacement        1.837065e-09    7.926742e-16    1.515349e-15 

convergence summary
    number of iterations   : 4
    number of reformations : 1

------- converged at time : 1.725


AUTO STEPPER: increasing time step, dt = 0.01


===== beginning time step 111 : 1.735 =====


Reforming stiffness matrix: reformation #1

 1
 Nonlinear solution status: time= 1.735
	stiffness updates             = 0
	right hand side evaluations   = 2
	stiffness matrix reformations = 1
	step from line search         = 1.000000
	convergence norms :     INITIAL         CURRENT         REQUIRED
	   residual            3.936308e-10    1.542684e-11    0.000000e+00 
	   energy              6.296240e-10    6.870869e-11    6.296240e-12 
	   displacement        2.988827e-09    2.988827e-09    2.988827e-15 
 2
 Nonlinear solution status: time= 1.735
	stiffness updates             = 1
	right hand side evaluations   = 3
	stiffness matrix reformations = 1
	step from line search         = 1.000000
	convergence norms :     INITIAL         CURRENT         REQUIRED
	   residual            3.936308e-10    2.353896e-14    0.000000e+00 
	   energy              6.296240e-10    9.323518e-14    6.296240e-12 
	   displacement        2.988827e-09    4.091142e-11    2.358837e-15 
 3
 Nonlinear solution status: time= 1.735
	stiffness updates             = 2
	right hand side evaluations   = 4
	stiffness matrix reformations = 1
	step from line search         = 1.000000
	convergence norms :     INITIAL         CURRENT         REQUIRED
	   residual            3.936308e-10    1.633200e-16    0.000000e+00 
	   energy              6.296240e-10    8.867445e-16    6.296240e-12 
	   displacement        2.988827e-09    4.581521e-14    2.365392e-15 
 4
 Nonlinear solution status: time= 1.735
	stiffness updates             = 3
	right hand side evaluations   = 5
	stiffness matrix reformations = 1
	step from line search         = 1.000000
	convergence norms :     INITIAL         CURRENT         REQUIRED
	   residual            3.936308e-10    3.663687e-20    0.000000e+00 
	   energy              6.296240e-10    2.443402e-19    6.296240e-12 
	   displacement        2.988827e-09    2.827497e-16    2.365444e-15 

convergence summary
    number of iterations   : 4
    number of reformations : 1

------- converged at time : 1.735


AUTO STEPPER: increasing time step, dt = 0.01


===== beginning time step 112 : 1.745 =====


Reforming stiffness matrix: reformation #1

 1
 Nonlinear solution status: time= 1.745
	stiffness updates             = 0
	right hand side evaluations   = 2
	stiffness matrix reformations = 1
	step from line search         = 1.000000
	convergence norms :     INITIAL         CURRENT         REQUIRED
	   residual            5.779674e-10    2.575250e-11    0.000000e+00 
	   energy              9.452383e-10    1.097410e-10    9.452383e-12 
	   displacement        4.826115e-09    4.826115e-09    4.826115e-15 
 2
 Nonlinear solution status: time= 1.745
	stiffness updates             = 1
	right hand side evaluations   = 3
	stiffness matrix reformations = 1
	step from line search         = 1.000000
	convergence norms :     INITIAL         CURRENT         REQUIRED
	   residual            5.779674e-10    3.514340e-14    0.000000e+00 
	   energy              9.452383e-10    1.433592e-13    9.452383e-12 
	   displacement        4.826115e-09    7.243902e-11    3.754612e-15 
 3
 Nonlinear solution status: time= 1.745
	stiffness updates             = 2
	right hand side evaluations   = 4
	stiffness matrix reformations = 1
	step from line search         = 1.000000
	convergence norms :     INITIAL         CURRENT         REQUIRED
	   residual            5.779674e-10    2.028241e-16    0.000000e+00 
	   energy              9.452383e-10    1.144890e-15    9.452383e-12 
	   displacement        4.826115e-09    5.680448e-14    3.764552e-15 
 4
 Nonlinear solution status: time= 1.745
	stiffness updates             = 3
	right hand side evaluations   = 5
	stiffness matrix reformations = 1
	step from line search         = 1.000000
	convergence norms :     INITIAL         CURRENT         REQUIRED
	   residual            5.779674e-10    9.550028e-20    0.000000e+00 
	   energy              9.452383e-10    4.378951e-19    9.452383e-12 
	   displacement        4.826115e-09    3.132449e-16    3.764661e-15 

convergence summary
    number of iterations   : 4
    number of reformations : 1

------- converged at time : 1.745


AUTO STEPPER: increasing time step, dt = 0.01

MUST POINT CONTROLLER: adjusting time step. dt = 0.005


===== beginning time step 113 : 1.75 =====


Reforming stiffness matrix: reformation #1

 1
 Nonlinear solution status: time= 1.75
	stiffness updates             = 0
	right hand side evaluations   = 2
	stiffness matrix reformations = 1
	step from line search         = 1.000000
	convergence norms :     INITIAL         CURRENT         REQUIRED
	   residual            3.828104e-09    1.942091e-10    0.000000e+00 
	   energy              1.778912e-09    1.499102e-10    1.778912e-11 
	   displacement        2.611688e-09    2.611688e-09    2.611688e-15 
 2
 Nonlinear solution status: time= 1.75
	stiffness updates             = 1
	right hand side evaluations   = 3
	stiffness matrix reformations = 1
	step from line search         = 1.000000
	convergence norms :     INITIAL         CURRENT         REQUIRED
	   residual            3.828104e-09    1.119833e-12    0.000000e+00 
	   energy              1.778912e-09    9.337518e-13    1.778912e-11 
	   displacement        2.611688e-09    3.915400e-11    2.094808e-15 
 3
 Nonlinear solution status: time= 1.75
	stiffness updates             = 2
	right hand side evaluations   = 4
	stiffness matrix reformations = 1
	step from line search         = 1.000000
	convergence norms :     INITIAL         CURRENT         REQUIRED
	   residual            3.828104e-09    4.368435e-15    0.000000e+00 
	   energy              1.778912e-09    8.284457e-15    1.778912e-11 
	   displacement        2.611688e-09    2.327255e-13    2.109840e-15 
 4
 Nonlinear solution status: time= 1.75
	stiffness updates             = 3
	right hand side evaluations   = 5
	stiffness matrix reformations = 1
	step from line search         = 1.000000
	convergence norms :     INITIAL         CURRENT         REQUIRED
	   residual            3.828104e-09    8.419745e-18    0.000000e+00 
	   energy              1.778912e-09    1.207143e-17    1.778912e-11 
	   displacement        2.611688e-09    8.671626e-16    2.110641e-15 

convergence summary
    number of iterations   : 4
    number of reformations : 1

------- converged at time : 1.75


AUTO STEPPER: increasing time step, dt = 0.01


===== beginning time step 114 : 1.76 =====


Reforming stiffness matrix: reformation #1

 1
 Nonlinear solution status: time= 1.76
	stiffness updates             = 0
	right hand side evaluations   = 2
	stiffness matrix reformations = 1
	step from line search         = 1.000000
	convergence norms :     INITIAL         CURRENT         REQUIRED
	   residual            2.021241e-09    8.720626e-11    0.000000e+00 
	   energy              3.347290e-09    3.866838e-10    3.347290e-11 
	   displacement        1.678166e-08    1.678166e-08    1.678166e-14 
 2
 Nonlinear solution status: time= 1.76
	stiffness updates             = 1
	right hand side evaluations   = 3
	stiffness matrix reformations = 1
	step from line search         = 1.000000
	convergence norms :     INITIAL         CURRENT         REQUIRED
	   residual            2.021241e-09    1.373316e-13    0.000000e+00 
	   energy              3.347290e-09    5.254749e-13    3.347290e-11 
	   displacement        1.678166e-08    2.488822e-10    1.308999e-14 
 3
 Nonlinear solution status: time= 1.76
	stiffness updates             = 2
	right hand side evaluations   = 4
	stiffness matrix reformations = 1
	step from line search         = 1.000000
	convergence norms :     INITIAL         CURRENT         REQUIRED
	   residual            2.021241e-09    9.429278e-16    0.000000e+00 
	   energy              3.347290e-09    5.007329e-15    3.347290e-11 
	   displacement        1.678166e-08    2.460402e-13    1.312541e-14 
 4
 Nonlinear solution status: time= 1.76
	stiffness updates             = 3
	right hand side evaluations   = 5
	stiffness matrix reformations = 1
	step from line search         = 1.000000
	convergence norms :     INITIAL         CURRENT         REQUIRED
	   residual            2.021241e-09    2.997976e-19    0.000000e+00 
	   energy              3.347290e-09    1.587159e-18    3.347290e-11 
	   displacement        1.678166e-08    1.577849e-15    1.312587e-14 

convergence summary
    number of iterations   : 4
    number of reformations : 1

------- converged at time : 1.76


AUTO STEPPER: increasing time step, dt = 0.01


===== beginning time step 115 : 1.77 =====


Reforming stiffness matrix: reformation #1

 1
 Nonlinear solution status: time= 1.77
	stiffness updates             = 0
	right hand side evaluations   = 2
	stiffness matrix reformations = 1
	step from line search         = 1.000000
	convergence norms :     INITIAL         CURRENT         REQUIRED
	   residual            3.080909e-09    1.309911e-10    0.000000e+00 
	   energy              5.107018e-09    5.869374e-10    5.107018e-11 
	   displacement        2.538258e-08    2.538258e-08    2.538258e-14 
 2
 Nonlinear solution status: time= 1.77
	stiffness updates             = 1
	right hand side evaluations   = 3
	stiffness matrix reformations = 1
	step from line search         = 1.000000
	convergence norms :     INITIAL         CURRENT         REQUIRED
	   residual            3.080909e-09    2.143503e-13    0.000000e+00 
	   energy              5.107018e-09    8.064083e-13    5.107018e-11 
	   displacement        2.538258e-08    3.732008e-10    1.982911e-14 
 3
 Nonlinear solution status: time= 1.77
	stiffness updates             = 2
	right hand side evaluations   = 4
	stiffness matrix reformations = 1
	step from line search         = 1.000000
	convergence norms :     INITIAL         CURRENT         REQUIRED
	   residual            3.080909e-09    1.533271e-15    0.000000e+00 
	   energy              5.107018e-09    8.023876e-15    5.107018e-11 
	   displacement        2.538258e-08    3.946483e-13    1.988314e-14 
 4
 Nonlinear solution status: time= 1.77
	stiffness updates             = 3
	right hand side evaluations   = 5
	stiffness matrix reformations = 1
	step from line search         = 1.000000
	convergence norms :     INITIAL         CURRENT         REQUIRED
	   residual            3.080909e-09    4.171009e-19    0.000000e+00 
	   energy              5.107018e-09    2.344223e-18    5.107018e-11 
	   displacement        2.538258e-08    2.609135e-15    1.988386e-14 

convergence summary
    number of iterations   : 4
    number of reformations : 1

------- converged at time : 1.77


AUTO STEPPER: increasing time step, dt = 0.01

MUST POINT CONTROLLER: adjusting time step. dt = 0.005


===== beginning time step 116 : 1.775 =====


Reforming stiffness matrix: reformation #1

 1
 Nonlinear solution status: time= 1.775
	stiffness updates             = 0
	right hand side evaluations   = 2
	stiffness matrix reformations = 1
	step from line search         = 1.000000
	convergence norms :     INITIAL         CURRENT         REQUIRED
	   residual            1.187926e-08    5.608290e-10    0.000000e+00 
	   energy              5.482395e-09    4.451437e-10    5.482395e-11 
	   displacement        7.768388e-09    7.768388e-09    7.768388e-15 
 2
 Nonlinear solution status: time= 1.775
	stiffness updates             = 1
	right hand side evaluations   = 3
	stiffness matrix reformations = 1
	step from line search         = 1.000000
	convergence norms :     INITIAL         CURRENT         REQUIRED
	   residual            1.187926e-08    3.416541e-12    0.000000e+00 
	   energy              5.482395e-09    2.729317e-12    5.482395e-11 
	   displacement        7.768388e-09    1.095454e-10    6.293239e-15 
 3
 Nonlinear solution status: time= 1.775
	stiffness updates             = 2
	right hand side evaluations   = 4
	stiffness matrix reformations = 1
	step from line search         = 1.000000
	convergence norms :     INITIAL         CURRENT         REQUIRED
	   residual            1.187926e-08    1.544623e-14    0.000000e+00 
	   energy              5.482395e-09    2.653203e-14    5.482395e-11 
	   displacement        7.768388e-09    7.308339e-13    6.336476e-15 
 4
 Nonlinear solution status: time= 1.775
	stiffness updates             = 3
	right hand side evaluations   = 5
	stiffness matrix reformations = 1
	step from line search         = 1.000000
	convergence norms :     INITIAL         CURRENT         REQUIRED
	   residual            1.187926e-08    2.708524e-17    0.000000e+00 
	   energy              5.482395e-09    3.912544e-17    5.482395e-11 
	   displacement        7.768388e-09    2.943927e-15    6.338960e-15 

convergence summary
    number of iterations   : 4
    number of reformations : 1

------- converged at time : 1.775


AUTO STEPPER: increasing time step, dt = 0.01


===== beginning time step 117 : 1.785 =====


Reforming stiffness matrix: reformation #1

 1
 Nonlinear solution status: time= 1.785
	stiffness updates             = 0
	right hand side evaluations   = 2
	stiffness matrix reformations = 1
	step from line search         = 1.000000
	convergence norms :     INITIAL         CURRENT         REQUIRED
	   residual            4.403979e-09    1.851194e-10    0.000000e+00 
	   energy              7.302643e-09    8.353759e-10    7.302643e-11 
	   displacement        3.602750e-08    3.602750e-08    3.602750e-14 
 2
 Nonlinear solution status: time= 1.785
	stiffness updates             = 1
	right hand side evaluations   = 3
	stiffness matrix reformations = 1
	step from line search         = 1.000000
	convergence norms :     INITIAL         CURRENT         REQUIRED
	   residual            4.403979e-09    3.113371e-13    0.000000e+00 
	   energy              7.302643e-09    1.155483e-12    7.302643e-11 
	   displacement        3.602750e-08    5.254771e-10    2.818345e-14 
 3
 Nonlinear solution status: time= 1.785
	stiffness updates             = 2
	right hand side evaluations   = 4
	stiffness matrix reformations = 1
	step from line search         = 1.000000
	convergence norms :     INITIAL         CURRENT         REQUIRED
	   residual            4.403979e-09    2.296136e-15    0.000000e+00 
	   energy              7.302643e-09    1.187515e-14    7.302643e-11 
	   displacement        3.602750e-08    5.847580e-13    2.826051e-14 
 4
 Nonlinear solution status: time= 1.785
	stiffness updates             = 3
	right hand side evaluations   = 5
	stiffness matrix reformations = 1
	step from line search         = 1.000000
	convergence norms :     INITIAL         CURRENT         REQUIRED
	   residual            4.403979e-09    5.554317e-19    0.000000e+00 
	   energy              7.302643e-09    3.268769e-18    7.302643e-11 
	   displacement        3.602750e-08    3.957508e-15    2.826156e-14 

convergence summary
    number of iterations   : 4
    number of reformations : 1

------- converged at time : 1.785


AUTO STEPPER: increasing time step, dt = 0.01


===== beginning time step 118 : 1.795 =====


Reforming stiffness matrix: reformation #1

 1
 Nonlinear solution status: time= 1.795
	stiffness updates             = 0
	right hand side evaluations   = 2
	stiffness matrix reformations = 1
	step from line search         = 1.000000
	convergence norms :     INITIAL         CURRENT         REQUIRED
	   residual            4.822904e-09    2.021272e-10    0.000000e+00 
	   energy              7.998934e-09    9.136599e-10    7.998934e-11 
	   displacement        3.936641e-08    3.936641e-08    3.936641e-14 
 2
 Nonlinear solution status: time= 1.795
	stiffness updates             = 1
	right hand side evaluations   = 3
	stiffness matrix reformations = 1
	step from line search         = 1.000000
	convergence norms :     INITIAL         CURRENT         REQUIRED
	   residual            4.822904e-09    3.424154e-13    0.000000e+00 
	   energy              7.998934e-09    1.265097e-12    7.998934e-11 
	   displacement        3.936641e-08    5.725310e-10    3.081002e-14 
 3
 Nonlinear solution status: time= 1.795
	stiffness updates             = 2
	right hand side evaluations   = 4
	stiffness matrix reformations = 1
	step from line search         = 1.000000
	convergence norms :     INITIAL         CURRENT         REQUIRED
	   residual            4.822904e-09    2.552380e-15    0.000000e+00 
	   energy              7.998934e-09    1.314244e-14    7.998934e-11 
	   displacement        3.936641e-08    6.473849e-13    3.089425e-14 
 4
 Nonlinear solution status: time= 1.795
	stiffness updates             = 3
	right hand side evaluations   = 5
	stiffness matrix reformations = 1
	step from line search         = 1.000000
	convergence norms :     INITIAL         CURRENT         REQUIRED
	   residual            4.822904e-09    5.964932e-19    0.000000e+00 
	   energy              7.998934e-09    3.555026e-18    7.998934e-11 
	   displacement        3.936641e-08    4.418573e-15    3.089540e-14 

convergence summary
    number of iterations   : 4
    number of reformations : 1

------- converged at time : 1.795


AUTO STEPPER: increasing time step, dt = 0.01

MUST POINT CONTROLLER: adjusting time step. dt = 0.005


===== beginning time step 119 : 1.8 =====


Reforming stiffness matrix: reformation #1

 1
 Nonlinear solution status: time= 1.8
	stiffness updates             = 0
	right hand side evaluations   = 2
	stiffness matrix reformations = 1
	step from line search         = 1.000000
	convergence norms :     INITIAL         CURRENT         REQUIRED
	   residual            1.525458e-08    7.107800e-10    0.000000e+00 
	   energy              7.037568e-09    5.670373e-10    7.037568e-11 
	   displacement        9.892984e-09    9.892984e-09    9.892984e-15 
 2
 Nonlinear solution status: time= 1.8
	stiffness updates             = 1
	right hand side evaluations   = 3
	stiffness matrix reformations = 1
	step from line search         = 1.000000
	convergence norms :     INITIAL         CURRENT         REQUIRED
	   residual            1.525458e-08    4.352457e-12    0.000000e+00 
	   energy              7.037568e-09    3.440299e-12    7.037568e-11 
	   displacement        9.892984e-09    1.372903e-10    8.033922e-15 
 3
 Nonlinear solution status: time= 1.8
	stiffness updates             = 2
	right hand side evaluations   = 4
	stiffness matrix reformations = 1
	step from line search         = 1.000000
	convergence norms :     INITIAL         CURRENT         REQUIRED
	   residual            1.525458e-08    2.064512e-14    0.000000e+00 
	   energy              7.037568e-09    3.436540e-14    7.037568e-11 
	   displacement        9.892984e-09    9.382710e-13    8.088275e-15 
 4
 Nonlinear solution status: time= 1.8
	stiffness updates             = 3
	right hand side evaluations   = 5
	stiffness matrix reformations = 1
	step from line search         = 1.000000
	convergence norms :     INITIAL         CURRENT         REQUIRED
	   residual            1.525458e-08    3.517974e-17    0.000000e+00 
	   energy              7.037568e-09    5.056448e-17    7.037568e-11 
	   displacement        9.892984e-09    3.878136e-15    8.091449e-15 

convergence summary
    number of iterations   : 4
    number of reformations : 1

------- converged at time : 1.8


AUTO STEPPER: increasing time step, dt = 0.01


===== beginning time step 120 : 1.81 =====


Reforming stiffness matrix: reformation #1

 1
 Nonlinear solution status: time= 1.81
	stiffness updates             = 0
	right hand side evaluations   = 2
	stiffness matrix reformations = 1
	step from line search         = 1.000000
	convergence norms :     INITIAL         CURRENT         REQUIRED
	   residual            4.917521e-09    2.058224e-10    0.000000e+00 
	   energy              8.159064e-09    9.309743e-10    8.159064e-11 
	   displacement        4.008086e-08    4.008086e-08    4.008086e-14 
 2
 Nonlinear solution status: time= 1.81
	stiffness updates             = 1
	right hand side evaluations   = 3
	stiffness matrix reformations = 1
	step from line search         = 1.000000
	convergence norms :     INITIAL         CURRENT         REQUIRED
	   residual            4.917521e-09    3.499379e-13    0.000000e+00 
	   energy              8.159064e-09    1.288456e-12    8.159064e-11 
	   displacement        4.008086e-08    5.815288e-10    3.138123e-14 
 3
 Nonlinear solution status: time= 1.81
	stiffness updates             = 2
	right hand side evaluations   = 4
	stiffness matrix reformations = 1
	step from line search         = 1.000000
	convergence norms :     INITIAL         CURRENT         REQUIRED
	   residual            4.917521e-09    2.633757e-15    0.000000e+00 
	   energy              8.159064e-09    1.350425e-14    8.159064e-11 
	   displacement        4.008086e-08    6.653178e-13    3.146691e-14 
 4
 Nonlinear solution status: time= 1.81
	stiffness updates             = 3
	right hand side evaluations   = 5
	stiffness matrix reformations = 1
	step from line search         = 1.000000
	convergence norms :     INITIAL         CURRENT         REQUIRED
	   residual            4.917521e-09    6.031901e-19    0.000000e+00 
	   energy              8.159064e-09    3.614034e-18    8.159064e-11 
	   displacement        4.008086e-08    4.576348e-15    3.146808e-14 

convergence summary
    number of iterations   : 4
    number of reformations : 1

------- converged at time : 1.81


AUTO STEPPER: increasing time step, dt = 0.01


===== beginning time step 121 : 1.82 =====


Reforming stiffness matrix: reformation #1

 1
 Nonlinear solution status: time= 1.82
	stiffness updates             = 0
	right hand side evaluations   = 2
	stiffness matrix reformations = 1
	step from line search         = 1.000000
	convergence norms :     INITIAL         CURRENT         REQUIRED
	   residual            4.583682e-09    1.920212e-10    0.000000e+00 
	   energy              7.608049e-09    8.681547e-10    7.608049e-11 
	   displacement        3.736966e-08    3.736966e-08    3.736966e-14 
 2
 Nonlinear solution status: time= 1.82
	stiffness updates             = 1
	right hand side evaluations   = 3
	stiffness matrix reformations = 1
	step from line search         = 1.000000
	convergence norms :     INITIAL         CURRENT         REQUIRED
	   residual            4.583682e-09    3.259776e-13    0.000000e+00 
	   energy              7.608049e-09    1.199920e-12    7.608049e-11 
	   displacement        3.736966e-08    5.419916e-10    2.926005e-14 
 3
 Nonlinear solution status: time= 1.82
	stiffness updates             = 2
	right hand side evaluations   = 4
	stiffness matrix reformations = 1
	step from line search         = 1.000000
	convergence norms :     INITIAL         CURRENT         REQUIRED
	   residual            4.583682e-09    2.461305e-15    0.000000e+00 
	   energy              7.608049e-09    1.260106e-14    7.608049e-11 
	   displacement        3.736966e-08    6.207368e-13    2.933980e-14 
 4
 Nonlinear solution status: time= 1.82
	stiffness updates             = 3
	right hand side evaluations   = 5
	stiffness matrix reformations = 1
	step from line search         = 1.000000
	convergence norms :     INITIAL         CURRENT         REQUIRED
	   residual            4.583682e-09    5.647166e-19    0.000000e+00 
	   energy              7.608049e-09    3.373780e-18    7.608049e-11 
	   displacement        3.736966e-08    4.280115e-15    2.934089e-14 

convergence summary
    number of iterations   : 4
    number of reformations : 1

------- converged at time : 1.82


AUTO STEPPER: increasing time step, dt = 0.01

MUST POINT CONTROLLER: adjusting time step. dt = 0.005


===== beginning time step 122 : 1.825 =====


Reforming stiffness matrix: reformation #1

 1
 Nonlinear solution status: time= 1.825
	stiffness updates             = 0
	right hand side evaluations   = 2
	stiffness matrix reformations = 1
	step from line search         = 1.000000
	convergence norms :     INITIAL         CURRENT         REQUIRED
	   residual            1.292600e-08    6.033940e-10    0.000000e+00 
	   energy              5.968149e-09    4.808744e-10    5.968149e-11 
	   displacement        8.385648e-09    8.385648e-09    8.385648e-15 
 2
 Nonlinear solution status: time= 1.825
	stiffness updates             = 1
	right hand side evaluations   = 3
	stiffness matrix reformations = 1
	step from line search         = 1.000000
	convergence norms :     INITIAL         CURRENT         REQUIRED
	   residual            1.292600e-08    3.678204e-12    0.000000e+00 
	   energy              5.968149e-09    2.899724e-12    5.968149e-11 
	   displacement        8.385648e-09    1.160423e-10    6.812200e-15 
 3
 Nonlinear solution status: time= 1.825
	stiffness updates             = 2
	right hand side evaluations   = 4
	stiffness matrix reformations = 1
	step from line search         = 1.000000
	convergence norms :     INITIAL         CURRENT         REQUIRED
	   residual            1.292600e-08    1.773172e-14    0.000000e+00 
	   energy              5.968149e-09    2.917633e-14    5.968149e-11 
	   displacement        8.385648e-09    7.929844e-13    6.858012e-15 
 4
 Nonlinear solution status: time= 1.825
	stiffness updates             = 3
	right hand side evaluations   = 5
	stiffness matrix reformations = 1
	step from line search         = 1.000000
	convergence norms :     INITIAL         CURRENT         REQUIRED
	   residual            1.292600e-08    3.027625e-17    0.000000e+00 
	   energy              5.968149e-09    4.298651e-17    5.968149e-11 
	   displacement        8.385648e-09    3.310946e-15    6.860695e-15 

convergence summary
    number of iterations   : 4
    number of reformations : 1

------- converged at time : 1.825


AUTO STEPPER: increasing time step, dt = 0.01


===== beginning time step 123 : 1.835 =====


Reforming stiffness matrix: reformation #1

 1
 Nonlinear solution status: time= 1.835
	stiffness updates             = 0
	right hand side evaluations   = 2
	stiffness matrix reformations = 1
	step from line search         = 1.000000
	convergence norms :     INITIAL         CURRENT         REQUIRED
	   residual            3.805545e-09    1.598074e-10    0.000000e+00 
	   energy              6.320670e-09    7.216958e-10    6.320670e-11 
	   displacement        3.106564e-08    3.106564e-08    3.106564e-14 
 2
 Nonlinear solution status: time= 1.835
	stiffness updates             = 1
	right hand side evaluations   = 3
	stiffness matrix reformations = 1
	step from line search         = 1.000000
	convergence norms :     INITIAL         CURRENT         REQUIRED
	   residual            3.805545e-09    2.699964e-13    0.000000e+00 
	   energy              6.320670e-09    9.949627e-13    6.320670e-11 
	   displacement        3.106564e-08    4.507167e-10    2.432237e-14 
 3
 Nonlinear solution status: time= 1.835
	stiffness updates             = 2
	right hand side evaluations   = 4
	stiffness matrix reformations = 1
	step from line search         = 1.000000
	convergence norms :     INITIAL         CURRENT         REQUIRED
	   residual            3.805545e-09    2.043552e-15    0.000000e+00 
	   energy              6.320670e-09    1.044885e-14    6.320670e-11 
	   displacement        3.106564e-08    5.145258e-13    2.438848e-14 
 4
 Nonlinear solution status: time= 1.835
	stiffness updates             = 3
	right hand side evaluations   = 5
	stiffness matrix reformations = 1
	step from line search         = 1.000000
	convergence norms :     INITIAL         CURRENT         REQUIRED
	   residual            3.805545e-09    4.753901e-19    0.000000e+00 
	   energy              6.320670e-09    2.814853e-18    6.320670e-11 
	   displacement        3.106564e-08    3.553200e-15    2.438939e-14 

convergence summary
    number of iterations   : 4
    number of reformations : 1

------- converged at time : 1.835


AUTO STEPPER: increasing time step, dt = 0.01


===== beginning time step 124 : 1.845 =====


Reforming stiffness matrix: reformation #1

 1
 Nonlinear solution status: time= 1.845
	stiffness updates             = 0
	right hand side evaluations   = 2
	stiffness matrix reformations = 1
	step from line search         = 1.000000
	convergence norms :     INITIAL         CURRENT         REQUIRED
	   residual            3.152834e-09    1.326942e-10    0.000000e+00 
	   energy              5.239155e-09    5.986704e-10    5.239155e-11 
	   displacement        2.577491e-08    2.577491e-08    2.577491e-14 
 2
 Nonlinear solution status: time= 1.845
	stiffness updates             = 1
	right hand side evaluations   = 3
	stiffness matrix reformations = 1
	step from line search         = 1.000000
	convergence norms :     INITIAL         CURRENT         REQUIRED
	   residual            3.152834e-09    2.231555e-13    0.000000e+00 
	   energy              5.239155e-09    8.237758e-13    5.239155e-11 
	   displacement        2.577491e-08    3.742872e-10    2.017699e-14 
 3
 Nonlinear solution status: time= 1.845
	stiffness updates             = 2
	right hand side evaluations   = 4
	stiffness matrix reformations = 1
	step from line search         = 1.000000
	convergence norms :     INITIAL         CURRENT         REQUIRED
	   residual            3.152834e-09    1.688738e-15    0.000000e+00 
	   energy              5.239155e-09    8.633633e-15    5.239155e-11 
	   displacement        2.577491e-08    4.249854e-13    2.023173e-14 
 4
 Nonlinear solution status: time= 1.845
	stiffness updates             = 3
	right hand side evaluations   = 5
	stiffness matrix reformations = 1
	step from line search         = 1.000000
	convergence norms :     INITIAL         CURRENT         REQUIRED
	   residual            3.152834e-09    3.987648e-19    0.000000e+00 
	   energy              5.239155e-09    2.342343e-18    5.239155e-11 
	   displacement        2.577491e-08    2.933214e-15    2.023249e-14 

convergence summary
    number of iterations   : 4
    number of reformations : 1

------- converged at time : 1.845


AUTO STEPPER: increasing time step, dt = 0.01

MUST POINT CONTROLLER: adjusting time step. dt = 0.005


===== beginning time step 125 : 1.85 =====


Reforming stiffness matrix: reformation #1

 1
 Nonlinear solution status: time= 1.85
	stiffness updates             = 0
	right hand side evaluations   = 2
	stiffness matrix reformations = 1
	step from line search         = 1.000000
	convergence norms :     INITIAL         CURRENT         REQUIRED
	   residual            8.098400e-09    3.806043e-10    0.000000e+00 
	   energy              3.742929e-09    3.024384e-10    3.742929e-11 
	   displacement        5.272524e-09    5.272524e-09    5.272524e-15 
 2
 Nonlinear solution status: time= 1.85
	stiffness updates             = 1
	right hand side evaluations   = 3
	stiffness matrix reformations = 1
	step from line search         = 1.000000
	convergence norms :     INITIAL         CURRENT         REQUIRED
	   residual            8.098400e-09    2.304721e-12    0.000000e+00 
	   energy              3.742929e-09    1.818488e-12    3.742929e-11 
	   displacement        5.272524e-09    7.316455e-11    4.280927e-15 
 3
 Nonlinear solution status: time= 1.85
	stiffness updates             = 2
	right hand side evaluations   = 4
	stiffness matrix reformations = 1
	step from line search         = 1.000000
	convergence norms :     INITIAL         CURRENT         REQUIRED
	   residual            8.098400e-09    1.109756e-14    0.000000e+00 
	   energy              3.742929e-09    1.824379e-14    3.742929e-11 
	   displacement        5.272524e-09    4.950164e-13    4.309679e-15 
 4
 Nonlinear solution status: time= 1.85
	stiffness updates             = 3
	right hand side evaluations   = 5
	stiffness matrix reformations = 1
	step from line search         = 1.000000
	convergence norms :     INITIAL         CURRENT         REQUIRED
	   residual            8.098400e-09    1.927611e-17    0.000000e+00 
	   energy              3.742929e-09    2.699782e-17    3.742929e-11 
	   displacement        5.272524e-09    2.070419e-15    4.311360e-15 

convergence summary
    number of iterations   : 4
    number of reformations : 1

------- converged at time : 1.85


AUTO STEPPER: increasing time step, dt = 0.01


===== beginning time step 126 : 1.86 =====


Reforming stiffness matrix: reformation #1

 1
 Nonlinear solution status: time= 1.86
	stiffness updates             = 0
	right hand side evaluations   = 2
	stiffness matrix reformations = 1
	step from line search         = 1.000000
	convergence norms :     INITIAL         CURRENT         REQUIRED
	   residual            2.199824e-09    9.293971e-11    0.000000e+00 
	   energy              3.658387e-09    4.186392e-10    3.658387e-11 
	   displacement        1.803214e-08    1.803214e-08    1.803214e-14 
 2
 Nonlinear solution status: time= 1.86
	stiffness updates             = 1
	right hand side evaluations   = 3
	stiffness matrix reformations = 1
	step from line search         = 1.000000
	convergence norms :     INITIAL         CURRENT         REQUIRED
	   residual            2.199824e-09    1.550860e-13    0.000000e+00 
	   energy              3.658387e-09    5.743318e-13    3.658387e-11 
	   displacement        1.803214e-08    2.623392e-10    1.411137e-14 
 3
 Nonlinear solution status: time= 1.86
	stiffness updates             = 2
	right hand side evaluations   = 4
	stiffness matrix reformations = 1
	step from line search         = 1.000000
	convergence norms :     INITIAL         CURRENT         REQUIRED
	   residual            2.199824e-09    1.171156e-15    0.000000e+00 
	   energy              3.658387e-09    5.990211e-15    3.658387e-11 
	   displacement        1.803214e-08    2.946763e-13    1.414955e-14 
 4
 Nonlinear solution status: time= 1.86
	stiffness updates             = 3
	right hand side evaluations   = 5
	stiffness matrix reformations = 1
	step from line search         = 1.000000
	convergence norms :     INITIAL         CURRENT         REQUIRED
	   residual            2.199824e-09    2.841971e-19    0.000000e+00 
	   energy              3.658387e-09    1.646665e-18    3.658387e-11 
	   displacement        1.803214e-08    2.029217e-15    1.415008e-14 

convergence summary
    number of iterations   : 4
    number of reformations : 1

------- converged at time : 1.86


AUTO STEPPER: increasing time step, dt = 0.01


===== beginning time step 127 : 1.87 =====


Reforming stiffness matrix: reformation #1

 1
 Nonlinear solution status: time= 1.87
	stiffness updates             = 0
	right hand side evaluations   = 2
	stiffness matrix reformations = 1
	step from line search         = 1.000000
	convergence norms :     INITIAL         CURRENT         REQUIRED
	   residual            1.625767e-09    6.887630e-11    0.000000e+00 
	   energy              2.705098e-09    3.098986e-10    2.705098e-11 
	   displacement        1.335386e-08    1.335386e-08    1.335386e-14 
 2
 Nonlinear solution status: time= 1.87
	stiffness updates             = 1
	right hand side evaluations   = 3
	stiffness matrix reformations = 1
	step from line search         = 1.000000
	convergence norms :     INITIAL         CURRENT         REQUIRED
	   residual            1.625767e-09    1.142988e-13    0.000000e+00 
	   energy              2.705098e-09    4.243394e-13    2.705098e-11 
	   displacement        1.335386e-08    1.945904e-10    1.044749e-14 
 3
 Nonlinear solution status: time= 1.87
	stiffness updates             = 2
	right hand side evaluations   = 4
	stiffness matrix reformations = 1
	step from line search         = 1.000000
	convergence norms :     INITIAL         CURRENT         REQUIRED
	   residual            1.625767e-09    8.606245e-16    0.000000e+00 
	   energy              2.705098e-09    4.405679e-15    2.705098e-11 
	   displacement        1.335386e-08    2.166273e-13    1.047571e-14 
 4
 Nonlinear solution status: time= 1.87
	stiffness updates             = 3
	right hand side evaluations   = 5
	stiffness matrix reformations = 1
	step from line search         = 1.000000
	convergence norms :     INITIAL         CURRENT         REQUIRED
	   residual            1.625767e-09    2.129979e-19    0.000000e+00 
	   energy              2.705098e-09    1.223083e-18    2.705098e-11 
	   displacement        1.335386e-08    1.487752e-15    1.047610e-14 

convergence summary
    number of iterations   : 4
    number of reformations : 1

------- converged at time : 1.87


AUTO STEPPER: increasing time step, dt = 0.01

MUST POINT CONTROLLER: adjusting time step. dt = 0.005


===== beginning time step 128 : 1.875 =====


Reforming stiffness matrix: reformation #1

 1
 Nonlinear solution status: time= 1.875
	stiffness updates             = 0
	right hand side evaluations   = 2
	stiffness matrix reformations = 1
	step from line search         = 1.000000
	convergence norms :     INITIAL         CURRENT         REQUIRED
	   residual            3.779620e-09    1.792003e-10    0.000000e+00 
	   energy              1.748530e-09    1.418863e-10    1.748530e-11 
	   displacement        2.473415e-09    2.473415e-09    2.473415e-15 
 2
 Nonlinear solution status: time= 1.875
	stiffness updates             = 1
	right hand side evaluations   = 3
	stiffness matrix reformations = 1
	step from line search         = 1.000000
	convergence norms :     INITIAL         CURRENT         REQUIRED
	   residual            3.779620e-09    1.078258e-12    0.000000e+00 
	   energy              1.748530e-09    8.533590e-13    1.748530e-11 
	   displacement        2.473415e-09    3.453713e-11    2.006118e-15 
 3
 Nonlinear solution status: time= 1.875
	stiffness updates             = 2
	right hand side evaluations   = 4
	stiffness matrix reformations = 1
	step from line search         = 1.000000
	convergence norms :     INITIAL         CURRENT         REQUIRED
	   residual            3.779620e-09    5.118405e-15    0.000000e+00 
	   energy              1.748530e-09    8.476933e-15    1.748530e-11 
	   displacement        2.473415e-09    2.301971e-13    2.019623e-15 
 4
 Nonlinear solution status: time= 1.875
	stiffness updates             = 3
	right hand side evaluations   = 5
	stiffness matrix reformations = 1
	step from line search         = 1.000000
	convergence norms :     INITIAL         CURRENT         REQUIRED
	   residual            3.779620e-09    9.104753e-18    0.000000e+00 
	   energy              1.748530e-09    1.261404e-17    1.748530e-11 
	   displacement        2.473415e-09    9.581370e-16    2.020410e-15 

convergence summary
    number of iterations   : 4
    number of reformations : 1

------- converged at time : 1.875


AUTO STEPPER: increasing time step, dt = 0.01


===== beginning time step 129 : 1.885 =====


Reforming stiffness matrix: reformation #1

 1
 Nonlinear solution status: time= 1.885
	stiffness updates             = 0
	right hand side evaluations   = 2
	stiffness matrix reformations = 1
	step from line search         = 1.000000
	convergence norms :     INITIAL         CURRENT         REQUIRED
	   residual            9.345468e-10    3.977937e-11    0.000000e+00 
	   energy              1.556234e-09    1.786276e-10    1.556234e-11 
	   displacement        7.703305e-09    7.703305e-09    7.703305e-15 
 2
 Nonlinear solution status: time= 1.885
	stiffness updates             = 1
	right hand side evaluations   = 3
	stiffness matrix reformations = 1
	step from line search         = 1.000000
	convergence norms :     INITIAL         CURRENT         REQUIRED
	   residual            9.345468e-10    6.542624e-14    0.000000e+00 
	   energy              1.556234e-09    2.438660e-13    1.556234e-11 
	   displacement        7.703305e-09    1.125795e-10    6.023795e-15 
 3
 Nonlinear solution status: time= 1.885
	stiffness updates             = 2
	right hand side evaluations   = 4
	stiffness matrix reformations = 1
	step from line search         = 1.000000
	convergence norms :     INITIAL         CURRENT         REQUIRED
	   residual            9.345468e-10    4.892358e-16    0.000000e+00 
	   energy              1.556234e-09    2.509603e-15    1.556234e-11 
	   displacement        7.703305e-09    1.233019e-13    6.040028e-15 
 4
 Nonlinear solution status: time= 1.885
	stiffness updates             = 3
	right hand side evaluations   = 5
	stiffness matrix reformations = 1
	step from line search         = 1.000000
	convergence norms :     INITIAL         CURRENT         REQUIRED
	   residual            9.345468e-10    1.252098e-19    0.000000e+00 
	   energy              1.556234e-09    7.087187e-19    1.556234e-11 
	   displacement        7.703305e-09    8.420396e-16    6.040252e-15 

convergence summary
    number of iterations   : 4
    number of reformations : 1

------- converged at time : 1.885


AUTO STEPPER: increasing time step, dt = 0.01


===== beginning time step 130 : 1.895 =====


Reforming stiffness matrix: reformation #1

 1
 Nonlinear solution status: time= 1.895
	stiffness updates             = 0
	right hand side evaluations   = 2
	stiffness matrix reformations = 1
	step from line search         = 1.000000
	convergence norms :     INITIAL         CURRENT         REQUIRED
	   residual            5.955651e-10    2.543566e-11    0.000000e+00 
	   energy              9.922531e-10    1.140512e-10    9.922531e-12 
	   displacement        4.921505e-09    4.921505e-09    4.921505e-15 
 2
 Nonlinear solution status: time= 1.895
	stiffness updates             = 1
	right hand side evaluations   = 3
	stiffness matrix reformations = 1
	step from line search         = 1.000000
	convergence norms :     INITIAL         CURRENT         REQUIRED
	   residual            5.955651e-10    4.157950e-14    0.000000e+00 
	   energy              9.922531e-10    1.554118e-13    9.922531e-12 
	   displacement        4.921505e-09    7.208599e-11    3.847062e-15 
 3
 Nonlinear solution status: time= 1.895
	stiffness updates             = 2
	right hand side evaluations   = 4
	stiffness matrix reformations = 1
	step from line search         = 1.000000
	convergence norms :     INITIAL         CURRENT         REQUIRED
	   residual            5.955651e-10    3.089160e-16    0.000000e+00 
	   energy              9.922531e-10    1.587741e-15    9.922531e-12 
	   displacement        4.921505e-09    7.796777e-14    3.857415e-15 
 4
 Nonlinear solution status: time= 1.895
	stiffness updates             = 3
	right hand side evaluations   = 5
	stiffness matrix reformations = 1
	step from line search         = 1.000000
	convergence norms :     INITIAL         CURRENT         REQUIRED
	   residual            5.955651e-10    8.096827e-20    0.000000e+00 
	   energy              9.922531e-10    4.539426e-19    9.922531e-12 
	   displacement        4.921505e-09    5.297939e-16    3.857558e-15 

convergence summary
    number of iterations   : 4
    number of reformations : 1

------- converged at time : 1.895


AUTO STEPPER: increasing time step, dt = 0.01

MUST POINT CONTROLLER: adjusting time step. dt = 0.005


===== beginning time step 131 : 1.9 =====


Reforming stiffness matrix: reformation #1

 1
 Nonlinear solution status: time= 1.9
	stiffness updates             = 0
	right hand side evaluations   = 2
	stiffness matrix reformations = 1
	step from line search         = 1.000000
	convergence norms :     INITIAL         CURRENT         REQUIRED
	   residual            1.195399e-09    5.732777e-11    0.000000e+00 
	   energy              5.535826e-10    4.518723e-11    5.535826e-12 
	   displacement        7.877536e-10    7.877536e-10    7.877536e-16 
 2
 Nonlinear solution status: time= 1.9
	stiffness updates             = 1
	right hand side evaluations   = 3
	stiffness matrix reformations = 1
	step from line search         = 1.000000
	convergence norms :     INITIAL         CURRENT         REQUIRED
	   residual            1.195399e-09    3.429174e-13    0.000000e+00 
	   energy              5.535826e-10    2.728879e-13    5.535826e-12 
	   displacement        7.877536e-10    1.111431e-11    6.378603e-16 
 3
 Nonlinear solution status: time= 1.9
	stiffness updates             = 2
	right hand side evaluations   = 4
	stiffness matrix reformations = 1
	step from line search         = 1.000000
	convergence norms :     INITIAL         CURRENT         REQUIRED
	   residual            1.195399e-09    1.581657e-15    0.000000e+00 
	   energy              5.535826e-10    2.664391e-15    5.535826e-12 
	   displacement        7.877536e-10    7.261805e-14    6.421843e-16 
 4
 Nonlinear solution status: time= 1.9
	stiffness updates             = 3
	right hand side evaluations   = 5
	stiffness matrix reformations = 1
	step from line search         = 1.000000
	convergence norms :     INITIAL         CURRENT         REQUIRED
	   residual            1.195399e-09    2.892438e-18    0.000000e+00 
	   energy              5.535826e-10    3.984377e-18    5.535826e-12 
	   displacement        7.877536e-10    2.984916e-16    6.424345e-16 

convergence summary
    number of iterations   : 4
    number of reformations : 1

------- converged at time : 1.9


AUTO STEPPER: increasing time step, dt = 0.01


===== beginning time step 132 : 1.91 =====


Reforming stiffness matrix: reformation #1

 1
 Nonlinear solution status: time= 1.91
	stiffness updates             = 0
	right hand side evaluations   = 2
	stiffness matrix reformations = 1
	step from line search         = 1.000000
	convergence norms :     INITIAL         CURRENT         REQUIRED
	   residual            2.527932e-10    1.086637e-11    0.000000e+00 
	   energy              4.215254e-10    4.857551e-11    4.215254e-12 
	   displacement        2.098790e-09    2.098790e-09    2.098790e-15 
 2
 Nonlinear solution status: time= 1.91
	stiffness updates             = 1
	right hand side evaluations   = 3
	stiffness matrix reformations = 1
	step from line search         = 1.000000
	convergence norms :     INITIAL         CURRENT         REQUIRED
	   residual            2.527932e-10    1.756344e-14    0.000000e+00 
	   energy              4.215254e-10    6.596493e-14    4.215254e-12 
	   displacement        2.098790e-09    3.087381e-11    1.639408e-15 
 3
 Nonlinear solution status: time= 1.91
	stiffness updates             = 2
	right hand side evaluations   = 4
	stiffness matrix reformations = 1
	step from line search         = 1.000000
	convergence norms :     INITIAL         CURRENT         REQUIRED
	   residual            2.527932e-10    1.285548e-16    0.000000e+00 
	   energy              4.215254e-10    6.637023e-16    4.215254e-12 
	   displacement        2.098790e-09    3.256184e-14    1.643809e-15 
 4
 Nonlinear solution status: time= 1.91
	stiffness updates             = 3
	right hand side evaluations   = 5
	stiffness matrix reformations = 1
	step from line search         = 1.000000
	convergence norms :     INITIAL         CURRENT         REQUIRED
	   residual            2.527932e-10    3.530570e-20    0.000000e+00 
	   energy              4.215254e-10    1.944920e-19    4.215254e-12 
	   displacement        2.098790e-09    2.188735e-16    1.643870e-15 

convergence summary
    number of iterations   : 4
    number of reformations : 1

------- converged at time : 1.91


AUTO STEPPER: increasing time step, dt = 0.01


===== beginning time step 133 : 1.92 =====


Reforming stiffness matrix: reformation #1

 1
 Nonlinear solution status: time= 1.92
	stiffness updates             = 0
	right hand side evaluations   = 2
	stiffness matrix reformations = 1
	step from line search         = 1.000000
	convergence norms :     INITIAL         CURRENT         REQUIRED
	   residual            1.201665e-10    5.193888e-12    0.000000e+00 
	   energy              2.004896e-10    2.315209e-11    2.004896e-12 
	   displacement        1.001522e-09    1.001522e-09    1.001522e-15 
 2
 Nonlinear solution status: time= 1.92
	stiffness updates             = 1
	right hand side evaluations   = 3
	stiffness matrix reformations = 1
	step from line search         = 1.000000
	convergence norms :     INITIAL         CURRENT         REQUIRED
	   residual            1.201665e-10    8.313949e-15    0.000000e+00 
	   energy              2.004896e-10    3.134986e-14    2.004896e-12 
	   displacement        1.001522e-09    1.478670e-11    7.818244e-16 
 3
 Nonlinear solution status: time= 1.92
	stiffness updates             = 2
	right hand side evaluations   = 4
	stiffness matrix reformations = 1
	step from line search         = 1.000000
	convergence norms :     INITIAL         CURRENT         REQUIRED
	   residual            1.201665e-10    5.993900e-17    0.000000e+00 
	   energy              2.004896e-10    3.108424e-16    2.004896e-12 
	   displacement        1.001522e-09    1.523978e-14    7.839196e-16 
 4
 Nonlinear solution status: time= 1.92
	stiffness updates             = 3
	right hand side evaluations   = 5
	stiffness matrix reformations = 1
	step from line search         = 1.000000
	convergence norms :     INITIAL         CURRENT         REQUIRED
	   residual            1.201665e-10    1.719305e-20    0.000000e+00 
	   energy              2.004896e-10    9.321717e-20    2.004896e-12 
	   displacement        1.001522e-09    1.013534e-16    7.839484e-16 

convergence summary
    number of iterations   : 4
    number of reformations : 1

------- converged at time : 1.92


AUTO STEPPER: increasing time step, dt = 0.01

MUST POINT CONTROLLER: adjusting time step. dt = 0.005


===== beginning time step 134 : 1.925 =====


Reforming stiffness matrix: reformation #1

 1
 Nonlinear solution status: time= 1.925
	stiffness updates             = 0
	right hand side evaluations   = 2
	stiffness matrix reformations = 1
	step from line search         = 1.000000
	convergence norms :     INITIAL         CURRENT         REQUIRED
	   residual            1.669606e-10    8.192549e-12    0.000000e+00 
	   energy              7.749014e-11    6.402731e-12    7.749014e-13 
	   displacement        1.116213e-10    1.116213e-10    1.116213e-16 
 2
 Nonlinear solution status: time= 1.925
	stiffness updates             = 1
	right hand side evaluations   = 3
	stiffness matrix reformations = 1
	step from line search         = 1.000000
	convergence norms :     INITIAL         CURRENT         REQUIRED
	   residual            1.669606e-10    4.851342e-14    0.000000e+00 
	   energy              7.749014e-11    3.912223e-14    7.749014e-13 
	   displacement        1.116213e-10    1.611529e-12    9.005522e-17 
 3
 Nonlinear solution status: time= 1.925
	stiffness updates             = 2
	right hand side evaluations   = 4
	stiffness matrix reformations = 1
	step from line search         = 1.000000
	convergence norms :     INITIAL         CURRENT         REQUIRED
	   residual            1.669606e-10    2.092769e-16    0.000000e+00 
	   energy              7.749014e-11    3.678369e-16    7.749014e-13 
	   displacement        1.116213e-10    1.012787e-14    9.067723e-17 
 4
 Nonlinear solution status: time= 1.925
	stiffness updates             = 3
	right hand side evaluations   = 5
	stiffness matrix reformations = 1
	step from line search         = 1.000000
	convergence norms :     INITIAL         CURRENT         REQUIRED
	   residual            1.669606e-10    3.997862e-19    0.000000e+00 
	   energy              7.749014e-11    5.516866e-19    7.749014e-13 
	   displacement        1.116213e-10    4.031619e-17    9.071248e-17 

convergence summary
    number of iterations   : 4
    number of reformations : 1

------- converged at time : 1.925


AUTO STEPPER: increasing time step, dt = 0.01


===== beginning time step 135 : 1.935 =====


Reforming stiffness matrix: reformation #1

 1
 Nonlinear solution status: time= 1.935
	stiffness updates             = 0
	right hand side evaluations   = 2
	stiffness matrix reformations = 1
	step from line search         = 1.000000
	convergence norms :     INITIAL         CURRENT         REQUIRED
	   residual            2.117988e-11    9.305276e-13    0.000000e+00 
	   energy              3.535121e-11    4.104376e-12    3.535121e-13 
	   displacement        1.783400e-10    1.783400e-10    1.783400e-16 
 2
 Nonlinear solution status: time= 1.935
	stiffness updates             = 1
	right hand side evaluations   = 3
	stiffness matrix reformations = 1
	step from line search         = 1.000000
	convergence norms :     INITIAL         CURRENT         REQUIRED
	   residual            2.117988e-11    1.438700e-15    0.000000e+00 
	   energy              3.535121e-11    5.497769e-15    3.535121e-13 
	   displacement        1.783400e-10    2.659967e-12    1.389683e-16 
 3
 Nonlinear solution status: time= 1.935
	stiffness updates             = 2
	right hand side evaluations   = 4
	stiffness matrix reformations = 1
	step from line search         = 1.000000
	convergence norms :     INITIAL         CURRENT         REQUIRED
	   residual            2.117988e-11    9.789567e-18    0.000000e+00 
	   energy              3.535121e-11    5.160674e-17    3.535121e-13 
	   displacement        1.783400e-10    2.527134e-15    1.393385e-16 
 4
 Nonlinear solution status: time= 1.935
	stiffness updates             = 3
	right hand side evaluations   = 5
	stiffness matrix reformations = 1
	step from line search         = 1.000000
	convergence norms :     INITIAL         CURRENT         REQUIRED
	   residual            2.117988e-11    3.334763e-21    0.000000e+00 
	   energy              3.535121e-11    1.698850e-20    3.535121e-13 
	   displacement        1.783400e-10    1.614786e-17    1.393435e-16 

convergence summary
    number of iterations   : 4
    number of reformations : 1

------- converged at time : 1.935


AUTO STEPPER: increasing time step, dt = 0.01


===== beginning time step 136 : 1.945 =====


Reforming stiffness matrix: reformation #1

 1
 Nonlinear solution status: time= 1.945
	stiffness updates             = 0
	right hand side evaluations   = 2
	stiffness matrix reformations = 1
	step from line search         = 1.000000
	convergence norms :     INITIAL         CURRENT         REQUIRED
	   residual            2.299747e-12    1.011162e-13    0.000000e+00 
	   energy              3.766761e-12    4.342546e-13    3.766761e-14 
	   displacement        1.911845e-11    1.911845e-11    1.911845e-17 
 2
 Nonlinear solution status: time= 1.945
	stiffness updates             = 1
	right hand side evaluations   = 3
	stiffness matrix reformations = 1
	step from line search         = 1.000000
	convergence norms :     INITIAL         CURRENT         REQUIRED
	   residual            2.299747e-12    1.415588e-16    0.000000e+00 
	   energy              3.766761e-12    5.655088e-16    3.766761e-14 
	   displacement        1.911845e-11    2.843306e-13    1.489325e-17 
 3
 Nonlinear solution status: time= 1.945
	stiffness updates             = 2
	right hand side evaluations   = 4
	stiffness matrix reformations = 1
	step from line search         = 1.000000
	convergence norms :     INITIAL         CURRENT         REQUIRED
	   residual            2.299747e-12    8.152099e-19    0.000000e+00 
	   energy              3.766761e-12    4.513669e-18    3.766761e-14 
	   displacement        1.911845e-11    2.245189e-16    1.493275e-17 
 4
 Nonlinear solution status: time= 1.945
	stiffness updates             = 3
	right hand side evaluations   = 5
	stiffness matrix reformations = 1
	step from line search         = 1.000000
	convergence norms :     INITIAL         CURRENT         REQUIRED
	   residual            2.299747e-12    4.030716e-22    0.000000e+00 
	   energy              3.766761e-12    1.756984e-21    3.766761e-14 
	   displacement        1.911845e-11    1.236283e-18    1.493317e-17 

convergence summary
    number of iterations   : 4
    number of reformations : 1

------- converged at time : 1.945


AUTO STEPPER: increasing time step, dt = 0.01

MUST POINT CONTROLLER: adjusting time step. dt = 0.005


===== beginning time step 137 : 1.95 =====


Reforming stiffness matrix: reformation #1

 1
 Nonlinear solution status: time= 1.95
	stiffness updates             = 0
	right hand side evaluations   = 2
	stiffness matrix reformations = 1
	step from line search         = 1.000000
	convergence norms :     INITIAL         CURRENT         REQUIRED
	   residual            9.895441e-12    4.528492e-13    0.000000e+00 
	   energy              4.578990e-12    3.647835e-13    4.578990e-14 
	   displacement        6.354512e-12    6.354512e-12    6.354512e-18 
 2
 Nonlinear solution status: time= 1.95
	stiffness updates             = 1
	right hand side evaluations   = 3
	stiffness matrix reformations = 1
	step from line search         = 1.000000
	convergence norms :     INITIAL         CURRENT         REQUIRED
	   residual            9.895441e-12    2.632506e-15    0.000000e+00 
	   energy              4.578990e-12    2.092083e-15    4.578990e-14 
	   displacement        6.354512e-12    8.512116e-14    5.186110e-18 
 3
 Nonlinear solution status: time= 1.95
	stiffness updates             = 2
	right hand side evaluations   = 4
	stiffness matrix reformations = 1
	step from line search         = 1.000000
	convergence norms :     INITIAL         CURRENT         REQUIRED
	   residual            9.895441e-12    1.489051e-17    0.000000e+00 
	   energy              4.578990e-12    2.248871e-17    4.578990e-14 
	   displacement        6.354512e-12    6.004556e-16    5.220095e-18 
 4
 Nonlinear solution status: time= 1.95
	stiffness updates             = 3
	right hand side evaluations   = 5
	stiffness matrix reformations = 1
	step from line search         = 1.000000
	convergence norms :     INITIAL         CURRENT         REQUIRED
	   residual            9.895441e-12    2.359693e-20    0.000000e+00 
	   energy              4.578990e-12    3.206369e-20    4.578990e-14 
	   displacement        6.354512e-12    2.647686e-18    5.221973e-18 

convergence summary
    number of iterations   : 4
    number of reformations : 1

------- converged at time : 1.95


AUTO STEPPER: increasing time step, dt = 0.01


===== beginning time step 138 : 1.96 =====


Reforming stiffness matrix: reformation #1

 1
 Nonlinear solution status: time= 1.96
	stiffness updates             = 0
	right hand side evaluations   = 2
	stiffness matrix reformations = 1
	step from line search         = 1.000000
	convergence norms :     INITIAL         CURRENT         REQUIRED
	   residual            1.153283e-11    4.742599e-13    0.000000e+00 
	   energy              1.902125e-11    2.155632e-12    1.902125e-13 
	   displacement        9.262544e-11    9.262544e-11    9.262544e-17 
 2
 Nonlinear solution status: time= 1.96
	stiffness updates             = 1
	right hand side evaluations   = 3
	stiffness matrix reformations = 1
	step from line search         = 1.000000
	convergence norms :     INITIAL         CURRENT         REQUIRED
	   residual            1.153283e-11    7.909210e-16    0.000000e+00 
	   energy              1.902125e-11    2.951914e-15    1.902125e-13 
	   displacement        9.262544e-11    1.324253e-12    7.267883e-17 
 3
 Nonlinear solution status: time= 1.96
	stiffness updates             = 2
	right hand side evaluations   = 4
	stiffness matrix reformations = 1
	step from line search         = 1.000000
	convergence norms :     INITIAL         CURRENT         REQUIRED
	   residual            1.153283e-11    6.327309e-18    0.000000e+00 
	   energy              1.902125e-11    3.188953e-17    1.902125e-13 
	   displacement        9.262544e-11    1.575476e-15    7.287498e-17 
 4
 Nonlinear solution status: time= 1.96
	stiffness updates             = 3
	right hand side evaluations   = 5
	stiffness matrix reformations = 1
	step from line search         = 1.000000
	convergence norms :     INITIAL         CURRENT         REQUIRED
	   residual            1.153283e-11    1.604504e-21    0.000000e+00 
	   energy              1.902125e-11    8.911352e-21    1.902125e-13 
	   displacement        9.262544e-11    1.120816e-17    7.287765e-17 

convergence summary
    number of iterations   : 4
    number of reformations : 1

------- converged at time : 1.96


AUTO STEPPER: increasing time step, dt = 0.01


===== beginning time step 139 : 1.97 =====


Reforming stiffness matrix: reformation #1

 1
 Nonlinear solution status: time= 1.97
	stiffness updates             = 0
	right hand side evaluations   = 2
	stiffness matrix reformations = 1
	step from line search         = 1.000000
	convergence norms :     INITIAL         CURRENT         REQUIRED
	   residual            2.838692e-11    1.189993e-12    0.000000e+00 
	   energy              4.706506e-11    5.376926e-12    4.706506e-13 
	   displacement        2.315008e-10    2.315008e-10    2.315008e-16 
 2
 Nonlinear solution status: time= 1.97
	stiffness updates             = 1
	right hand side evaluations   = 3
	stiffness matrix reformations = 1
	step from line search         = 1.000000
	convergence norms :     INITIAL         CURRENT         REQUIRED
	   residual            2.838692e-11    1.964630e-15    0.000000e+00 
	   energy              4.706506e-11    7.356484e-15    4.706506e-13 
	   displacement        2.315008e-10    3.355539e-12    1.812643e-16 
 3
 Nonlinear solution status: time= 1.97
	stiffness updates             = 2
	right hand side evaluations   = 4
	stiffness matrix reformations = 1
	step from line search         = 1.000000
	convergence norms :     INITIAL         CURRENT         REQUIRED
	   residual            2.838692e-11    1.518617e-17    0.000000e+00 
	   energy              4.706506e-11    7.733507e-17    4.706506e-13 
	   displacement        2.315008e-10    3.807336e-15    1.817534e-16 
 4
 Nonlinear solution status: time= 1.97
	stiffness updates             = 3
	right hand side evaluations   = 5
	stiffness matrix reformations = 1
	step from line search         = 1.000000
	convergence norms :     INITIAL         CURRENT         REQUIRED
	   residual            2.838692e-11    3.819041e-21    0.000000e+00 
	   energy              4.706506e-11    2.156448e-20    4.706506e-13 
	   displacement        2.315008e-10    2.645617e-17    1.817601e-16 

convergence summary
    number of iterations   : 4
    number of reformations : 1

------- converged at time : 1.97


AUTO STEPPER: increasing time step, dt = 0.01

MUST POINT CONTROLLER: adjusting time step. dt = 0.005


===== beginning time step 140 : 1.975 =====


Reforming stiffness matrix: reformation #1

 1
 Nonlinear solution status: time= 1.975
	stiffness updates             = 0
	right hand side evaluations   = 2
	stiffness matrix reformations = 1
	step from line search         = 1.000000
	convergence norms :     INITIAL         CURRENT         REQUIRED
	   residual            1.341221e-10    6.336004e-12    0.000000e+00 
	   energy              6.199450e-11    5.023482e-12    6.199450e-13 
	   displacement        8.757748e-11    8.757748e-11    8.757748e-17 
 2
 Nonlinear solution status: time= 1.975
	stiffness updates             = 1
	right hand side evaluations   = 3
	stiffness matrix reformations = 1
	step from line search         = 1.000000
	convergence norms :     INITIAL         CURRENT         REQUIRED
	   residual            1.341221e-10    3.796813e-14    0.000000e+00 
	   energy              6.199450e-11    3.008442e-14    6.199450e-13 
	   displacement        8.757748e-11    1.218294e-12    7.106764e-17 
 3
 Nonlinear solution status: time= 1.975
	stiffness updates             = 2
	right hand side evaluations   = 4
	stiffness matrix reformations = 1
	step from line search         = 1.000000
	convergence norms :     INITIAL         CURRENT         REQUIRED
	   residual            1.341221e-10    1.827886e-16    0.000000e+00 
	   energy              6.199450e-11    3.004303e-16    6.199450e-13 
	   displacement        8.757748e-11    8.142338e-15    7.154422e-17 
 4
 Nonlinear solution status: time= 1.975
	stiffness updates             = 3
	right hand side evaluations   = 5
	stiffness matrix reformations = 1
	step from line search         = 1.000000
	convergence norms :     INITIAL         CURRENT         REQUIRED
	   residual            1.341221e-10    3.247254e-19    0.000000e+00 
	   energy              6.199450e-11    4.473018e-19    6.199450e-13 
	   displacement        8.757748e-11    3.409100e-17    7.157200e-17 

convergence summary
    number of iterations   : 4
    number of reformations : 1

------- converged at time : 1.975


AUTO STEPPER: increasing time step, dt = 0.01


===== beginning time step 141 : 1.985 =====


Reforming stiffness matrix: reformation #1

 1
 Nonlinear solution status: time= 1.985
	stiffness updates             = 0
	right hand side evaluations   = 2
	stiffness matrix reformations = 1
	step from line search         = 1.000000
	convergence norms :     INITIAL         CURRENT         REQUIRED
	   residual            5.584508e-11    2.364654e-12    0.000000e+00 
	   energy              9.279499e-11    1.064429e-11    9.279499e-13 
	   displacement        4.589633e-10    4.589633e-10    4.589633e-16 
 2
 Nonlinear solution status: time= 1.985
	stiffness updates             = 1
	right hand side evaluations   = 3
	stiffness matrix reformations = 1
	step from line search         = 1.000000
	convergence norms :     INITIAL         CURRENT         REQUIRED
	   residual            5.584508e-11    3.869247e-15    0.000000e+00 
	   energy              9.279499e-11    1.453970e-14    9.279499e-13 
	   displacement        4.589633e-10    6.700282e-12    3.589585e-16 
 3
 Nonlinear solution status: time= 1.985
	stiffness updates             = 2
	right hand side evaluations   = 4
	stiffness matrix reformations = 1
	step from line search         = 1.000000
	convergence norms :     INITIAL         CURRENT         REQUIRED
	   residual            5.584508e-11    2.923564e-17    0.000000e+00 
	   energy              9.279499e-11    1.499541e-16    9.279499e-13 
	   displacement        4.589633e-10    7.370643e-15    3.599265e-16 
 4
 Nonlinear solution status: time= 1.985
	stiffness updates             = 3
	right hand side evaluations   = 5
	stiffness matrix reformations = 1
	step from line search         = 1.000000
	convergence norms :     INITIAL         CURRENT         REQUIRED
	   residual            5.584508e-11    7.514779e-21    0.000000e+00 
	   energy              9.279499e-11    4.234714e-20    9.279499e-13 
	   displacement        4.589633e-10    5.042529e-17    3.599398e-16 

convergence summary
    number of iterations   : 4
    number of reformations : 1

------- converged at time : 1.985


AUTO STEPPER: increasing time step, dt = 0.01


===== beginning time step 142 : 1.995 =====


Reforming stiffness matrix: reformation #1

 1
 Nonlinear solution status: time= 1.995
	stiffness updates             = 0
	right hand side evaluations   = 2
	stiffness matrix reformations = 1
	step from line search         = 1.000000
	convergence norms :     INITIAL         CURRENT         REQUIRED
	   residual            6.854026e-11    2.910309e-12    0.000000e+00 
	   energy              1.139498e-10    1.308580e-11    1.139498e-12 
	   displacement        5.645304e-10    5.645304e-10    5.645304e-16 
 2
 Nonlinear solution status: time= 1.995
	stiffness updates             = 1
	right hand side evaluations   = 3
	stiffness matrix reformations = 1
	step from line search         = 1.000000
	convergence norms :     INITIAL         CURRENT         REQUIRED
	   residual            6.854026e-11    4.748311e-15    0.000000e+00 
	   energy              1.139498e-10    1.786880e-14    1.139498e-12 
	   displacement        5.645304e-10    8.259145e-12    4.413710e-16 
 3
 Nonlinear solution status: time= 1.995
	stiffness updates             = 2
	right hand side evaluations   = 4
	stiffness matrix reformations = 1
	step from line search         = 1.000000
	convergence norms :     INITIAL         CURRENT         REQUIRED
	   residual            6.854026e-11    3.559628e-17    0.000000e+00 
	   energy              1.139498e-10    1.830681e-16    1.139498e-12 
	   displacement        5.645304e-10    8.994455e-15    4.425613e-16 
 4
 Nonlinear solution status: time= 1.995
	stiffness updates             = 3
	right hand side evaluations   = 5
	stiffness matrix reformations = 1
	step from line search         = 1.000000
	convergence norms :     INITIAL         CURRENT         REQUIRED
	   residual            6.854026e-11    9.222566e-21    0.000000e+00 
	   energy              1.139498e-10    5.196835e-20    1.139498e-12 
	   displacement        5.645304e-10    6.119764e-17    4.425776e-16 

convergence summary
    number of iterations   : 4
    number of reformations : 1

------- converged at time : 1.995


AUTO STEPPER: increasing time step, dt = 0.01

MUST POINT CONTROLLER: adjusting time step. dt = 0.005


===== beginning time step 143 : 2 =====


Reforming stiffness matrix: reformation #1

 1
 Nonlinear solution status: time= 2
	stiffness updates             = 0
	right hand side evaluations   = 2
	stiffness matrix reformations = 1
	step from line search         = 1.000000
	convergence norms :     INITIAL         CURRENT         REQUIRED
	   residual            2.325822e-10    1.107649e-11    0.000000e+00 
	   energy              1.075538e-10    8.755034e-12    1.075538e-12 
	   displacement        1.526510e-10    1.526510e-10    1.526510e-16 
 2
 Nonlinear solution status: time= 2
	stiffness updates             = 1
	right hand side evaluations   = 3
	stiffness matrix reformations = 1
	step from line search         = 1.000000
	convergence norms :     INITIAL         CURRENT         REQUIRED
	   residual            2.325822e-10    6.644134e-14    0.000000e+00 
	   energy              1.075538e-10    5.291056e-14    1.075538e-12 
	   displacement        1.526510e-10    2.145855e-12    1.236832e-16 
 3
 Nonlinear solution status: time= 2
	stiffness updates             = 2
	right hand side evaluations   = 4
	stiffness matrix reformations = 1
	step from line search         = 1.000000
	convergence norms :     INITIAL         CURRENT         REQUIRED
	   residual            2.325822e-10    3.091612e-16    0.000000e+00 
	   energy              1.075538e-10    5.192369e-16    1.075538e-12 
	   displacement        1.526510e-10    1.415452e-14    1.245211e-16 
 4
 Nonlinear solution status: time= 2
	stiffness updates             = 3
	right hand side evaluations   = 5
	stiffness matrix reformations = 1
	step from line search         = 1.000000
	convergence norms :     INITIAL         CURRENT         REQUIRED
	   residual            2.325822e-10    5.581216e-19    0.000000e+00 
	   energy              1.075538e-10    7.746286e-19    1.075538e-12 
	   displacement        1.526510e-10    5.829310e-17    1.245697e-16 

convergence summary
    number of iterations   : 4
    number of reformations : 1

------- converged at time : 2


AUTO STEPPER: increasing time step, dt = 0.01


===== beginning time step 144 : 2.01 =====


Reforming stiffness matrix: reformation #1

 1
 Nonlinear solution status: time= 2.01
	stiffness updates             = 0
	right hand side evaluations   = 2
	stiffness matrix reformations = 1
	step from line search         = 1.000000
	convergence norms :     INITIAL         CURRENT         REQUIRED
	   residual            7.882356e-11    3.353681e-12    0.000000e+00 
	   energy              1.310959e-10    1.506728e-11    1.310959e-12 
	   displacement        6.503200e-10    6.503200e-10    6.503200e-16 
 2
 Nonlinear solution status: time= 2.01
	stiffness updates             = 1
	right hand side evaluations   = 3
	stiffness matrix reformations = 1
	step from line search         = 1.000000
	convergence norms :     INITIAL         CURRENT         REQUIRED
	   residual            7.882356e-11    5.460576e-15    0.000000e+00 
	   energy              1.310959e-10    2.057598e-14    1.310959e-12 
	   displacement        6.503200e-10    9.530628e-12    5.083037e-16 
 3
 Nonlinear solution status: time= 2.01
	stiffness updates             = 2
	right hand side evaluations   = 4
	stiffness matrix reformations = 1
	step from line search         = 1.000000
	convergence norms :     INITIAL         CURRENT         REQUIRED
	   residual            7.882356e-11    4.064556e-17    0.000000e+00 
	   energy              1.310959e-10    2.095634e-16    1.310959e-12 
	   displacement        6.503200e-10    1.029316e-14    5.096751e-16 
 4
 Nonlinear solution status: time= 2.01
	stiffness updates             = 3
	right hand side evaluations   = 5
	stiffness matrix reformations = 1
	step from line search         = 1.000000
	convergence norms :     INITIAL         CURRENT         REQUIRED
	   residual            7.882356e-11    1.060456e-20    0.000000e+00 
	   energy              1.310959e-10    5.976459e-20    1.310959e-12 
	   displacement        6.503200e-10    6.968293e-17    5.096940e-16 

convergence summary
    number of iterations   : 4
    number of reformations : 1

------- converged at time : 2.01


AUTO STEPPER: increasing time step, dt = 0.01


===== beginning time step 145 : 2.02 =====


Reforming stiffness matrix: reformation #1

 1
 Nonlinear solution status: time= 2.02
	stiffness updates             = 0
	right hand side evaluations   = 2
	stiffness matrix reformations = 1
	step from line search         = 1.000000
	convergence norms :     INITIAL         CURRENT         REQUIRED
	   residual            7.801073e-11    3.320031e-12    0.000000e+00 
	   energy              1.297540e-10    1.491509e-11    1.297540e-12 
	   displacement        6.438442e-10    6.438442e-10    6.438442e-16 
 2
 Nonlinear solution status: time= 2.02
	stiffness updates             = 1
	right hand side evaluations   = 3
	stiffness matrix reformations = 1
	step from line search         = 1.000000
	convergence norms :     INITIAL         CURRENT         REQUIRED
	   residual            7.801073e-11    5.405671e-15    0.000000e+00 
	   energy              1.297540e-10    2.037662e-14    1.297540e-12 
	   displacement        6.438442e-10    9.439867e-12    5.032072e-16 
 3
 Nonlinear solution status: time= 2.02
	stiffness updates             = 2
	right hand side evaluations   = 4
	stiffness matrix reformations = 1
	step from line search         = 1.000000
	convergence norms :     INITIAL         CURRENT         REQUIRED
	   residual            7.801073e-11    4.014342e-17    0.000000e+00 
	   energy              1.297540e-10    2.071663e-16    1.297540e-12 
	   displacement        6.438442e-10    1.017498e-14    5.045656e-16 
 4
 Nonlinear solution status: time= 2.02
	stiffness updates             = 3
	right hand side evaluations   = 5
	stiffness matrix reformations = 1
	step from line search         = 1.000000
	convergence norms :     INITIAL         CURRENT         REQUIRED
	   residual            7.801073e-11    1.047365e-20    0.000000e+00 
	   energy              1.297540e-10    5.911902e-20    1.297540e-12 
	   displacement        6.438442e-10    6.876527e-17    5.045843e-16 

convergence summary
    number of iterations   : 4
    number of reformations : 1

------- converged at time : 2.02


AUTO STEPPER: increasing time step, dt = 0.01

MUST POINT CONTROLLER: adjusting time step. dt = 0.005


===== beginning time step 146 : 2.025 =====


Reforming stiffness matrix: reformation #1

 1
 Nonlinear solution status: time= 2.025
	stiffness updates             = 0
	right hand side evaluations   = 2
	stiffness matrix reformations = 1
	step from line search         = 1.000000
	convergence norms :     INITIAL         CURRENT         REQUIRED
	   residual            2.299501e-10    1.096240e-11    0.000000e+00 
	   energy              1.063338e-10    8.662901e-12    1.063338e-12 
	   displacement        1.510643e-10    1.510643e-10    1.510643e-16 
 2
 Nonlinear solution status: time= 2.025
	stiffness updates             = 1
	right hand side evaluations   = 3
	stiffness matrix reformations = 1
	step from line search         = 1.000000
	convergence norms :     INITIAL         CURRENT         REQUIRED
	   residual            2.299501e-10    6.589748e-14    0.000000e+00 
	   energy              1.063338e-10    5.256987e-14    1.063338e-12 
	   displacement        1.510643e-10    2.129864e-12    1.223489e-16 
 3
 Nonlinear solution status: time= 2.025
	stiffness updates             = 2
	right hand side evaluations   = 4
	stiffness matrix reformations = 1
	step from line search         = 1.000000
	convergence norms :     INITIAL         CURRENT         REQUIRED
	   residual            2.299501e-10    3.031153e-16    0.000000e+00 
	   energy              1.063338e-10    5.131956e-16    1.063338e-12 
	   displacement        1.510643e-10    1.402528e-14    1.231812e-16 
 4
 Nonlinear solution status: time= 2.025
	stiffness updates             = 3
	right hand side evaluations   = 5
	stiffness matrix reformations = 1
	step from line search         = 1.000000
	convergence norms :     INITIAL         CURRENT         REQUIRED
	   residual            2.299501e-10    5.475649e-19    0.000000e+00 
	   energy              1.063338e-10    7.652363e-19    1.063338e-12 
	   displacement        1.510643e-10    5.740093e-17    1.232294e-16 

convergence summary
    number of iterations   : 4
    number of reformations : 1

------- converged at time : 2.025


AUTO STEPPER: increasing time step, dt = 0.01


===== beginning time step 147 : 2.035 =====


Reforming stiffness matrix: reformation #1

 1
 Nonlinear solution status: time= 2.035
	stiffness updates             = 0
	right hand side evaluations   = 2
	stiffness matrix reformations = 1
	step from line search         = 1.000000
	convergence norms :     INITIAL         CURRENT         REQUIRED
	   residual            7.013901e-11    2.983959e-12    0.000000e+00 
	   energy              1.166644e-10    1.340885e-11    1.166644e-12 
	   displacement        5.788657e-10    5.788657e-10    5.788657e-16 
 2
 Nonlinear solution status: time= 2.035
	stiffness updates             = 1
	right hand side evaluations   = 3
	stiffness matrix reformations = 1
	step from line search         = 1.000000
	convergence norms :     INITIAL         CURRENT         REQUIRED
	   residual            7.013901e-11    4.863949e-15    0.000000e+00 
	   energy              1.166644e-10    1.833527e-14    1.166644e-12 
	   displacement        5.788657e-10    8.487917e-12    4.524176e-16 
 3
 Nonlinear solution status: time= 2.035
	stiffness updates             = 2
	right hand side evaluations   = 4
	stiffness matrix reformations = 1
	step from line search         = 1.000000
	convergence norms :     INITIAL         CURRENT         REQUIRED
	   residual            7.013901e-11    3.606849e-17    0.000000e+00 
	   energy              1.166644e-10    1.862609e-16    1.166644e-12 
	   displacement        5.788657e-10    9.148711e-15    4.536400e-16 
 4
 Nonlinear solution status: time= 2.035
	stiffness updates             = 3
	right hand side evaluations   = 5
	stiffness matrix reformations = 1
	step from line search         = 1.000000
	convergence norms :     INITIAL         CURRENT         REQUIRED
	   residual            7.013901e-11    9.391778e-21    0.000000e+00 
	   energy              1.166644e-10    5.309596e-20    1.166644e-12 
	   displacement        5.788657e-10    6.175833e-17    4.536568e-16 

convergence summary
    number of iterations   : 4
    number of reformations : 1

------- converged at time : 2.035


AUTO STEPPER: increasing time step, dt = 0.01


===== beginning time step 148 : 2.045 =====


Reforming stiffness matrix: reformation #1

 1
 Nonlinear solution status: time= 2.045
	stiffness updates             = 0
	right hand side evaluations   = 2
	stiffness matrix reformations = 1
	step from line search         = 1.000000
	convergence norms :     INITIAL         CURRENT         REQUIRED
	   residual            6.097626e-11    2.592314e-12    0.000000e+00 
	   energy              1.014206e-10    1.165364e-11    1.014206e-12 
	   displacement        5.030642e-10    5.030642e-10    5.030642e-16 
 2
 Nonlinear solution status: time= 2.045
	stiffness updates             = 1
	right hand side evaluations   = 3
	stiffness matrix reformations = 1
	step from line search         = 1.000000
	convergence norms :     INITIAL         CURRENT         REQUIRED
	   residual            6.097626e-11    4.231886e-15    0.000000e+00 
	   energy              1.014206e-10    1.594741e-14    1.014206e-12 
	   displacement        5.030642e-10    7.374313e-12    3.931942e-16 
 3
 Nonlinear solution status: time= 2.045
	stiffness updates             = 2
	right hand side evaluations   = 4
	stiffness matrix reformations = 1
	step from line search         = 1.000000
	convergence norms :     INITIAL         CURRENT         REQUIRED
	   residual            6.097626e-11    3.139424e-17    0.000000e+00 
	   energy              1.014206e-10    1.621170e-16    1.014206e-12 
	   displacement        5.030642e-10    7.963674e-15    3.942574e-16 
 4
 Nonlinear solution status: time= 2.045
	stiffness updates             = 3
	right hand side evaluations   = 5
	stiffness matrix reformations = 1
	step from line search         = 1.000000
	convergence norms :     INITIAL         CURRENT         REQUIRED
	   residual            6.097626e-11    8.121490e-21    0.000000e+00 
	   energy              1.014206e-10    4.610105e-20    1.014206e-12 
	   displacement        5.030642e-10    5.376742e-17    3.942720e-16 

convergence summary
    number of iterations   : 4
    number of reformations : 1

------- converged at time : 2.045


AUTO STEPPER: increasing time step, dt = 0.01

MUST POINT CONTROLLER: adjusting time step. dt = 0.005


===== beginning time step 149 : 2.05 =====


Reforming stiffness matrix: reformation #1

 1
 Nonlinear solution status: time= 2.05
	stiffness updates             = 0
	right hand side evaluations   = 2
	stiffness matrix reformations = 1
	step from line search         = 1.000000
	convergence norms :     INITIAL         CURRENT         REQUIRED
	   residual            1.629807e-10    7.753023e-12    0.000000e+00 
	   energy              7.535007e-11    6.132968e-12    7.535007e-13 
	   displacement        1.069584e-10    1.069584e-10    1.069584e-16 
 2
 Nonlinear solution status: time= 2.05
	stiffness updates             = 1
	right hand side evaluations   = 3
	stiffness matrix reformations = 1
	step from line search         = 1.000000
	convergence norms :     INITIAL         CURRENT         REQUIRED
	   residual            1.629807e-10    4.673967e-14    0.000000e+00 
	   energy              7.535007e-11    3.727990e-14    7.535007e-13 
	   displacement        1.069584e-10    1.507040e-12    8.664021e-17 
 3
 Nonlinear solution status: time= 2.05
	stiffness updates             = 2
	right hand side evaluations   = 4
	stiffness matrix reformations = 1
	step from line search         = 1.000000
	convergence norms :     INITIAL         CURRENT         REQUIRED
	   residual            1.629807e-10    2.148913e-16    0.000000e+00 
	   energy              7.535007e-11    3.641924e-16    7.535007e-13 
	   displacement        1.069584e-10    9.960978e-15    8.723016e-17 
 4
 Nonlinear solution status: time= 2.05
	stiffness updates             = 3
	right hand side evaluations   = 5
	stiffness matrix reformations = 1
	step from line search         = 1.000000
	convergence norms :     INITIAL         CURRENT         REQUIRED
	   residual            1.629807e-10    3.858314e-19    0.000000e+00 
	   energy              7.535007e-11    5.422413e-19    7.535007e-13 
	   displacement        1.069584e-10    4.072192e-17    8.726432e-17 

convergence summary
    number of iterations   : 4
    number of reformations : 1

------- converged at time : 2.05


AUTO STEPPER: increasing time step, dt = 0.01


===== beginning time step 150 : 2.06 =====


Reforming stiffness matrix: reformation #1

 1
 Nonlinear solution status: time= 2.06
	stiffness updates             = 0
	right hand side evaluations   = 2
	stiffness matrix reformations = 1
	step from line search         = 1.000000
	convergence norms :     INITIAL         CURRENT         REQUIRED
	   residual            4.583599e-11    1.945955e-12    0.000000e+00 
	   energy              7.623490e-11    8.754783e-12    7.623490e-13 
	   displacement        3.778599e-10    3.778599e-10    3.778599e-16 
 2
 Nonlinear solution status: time= 2.06
	stiffness updates             = 1
	right hand side evaluations   = 3
	stiffness matrix reformations = 1
	step from line search         = 1.000000
	convergence norms :     INITIAL         CURRENT         REQUIRED
	   residual            4.583599e-11    3.185940e-15    0.000000e+00 
	   energy              7.623490e-11    1.199570e-14    7.623490e-13 
	   displacement        3.778599e-10    5.534996e-12    2.953714e-16 
 3
 Nonlinear solution status: time= 2.06
	stiffness updates             = 2
	right hand side evaluations   = 4
	stiffness matrix reformations = 1
	step from line search         = 1.000000
	convergence norms :     INITIAL         CURRENT         REQUIRED
	   residual            4.583599e-11    2.367652e-17    0.000000e+00 
	   energy              7.623490e-11    1.222023e-16    7.623490e-13 
	   displacement        3.778599e-10    6.004273e-15    2.961709e-16 
 4
 Nonlinear solution status: time= 2.06
	stiffness updates             = 3
	right hand side evaluations   = 5
	stiffness matrix reformations = 1
	step from line search         = 1.000000
	convergence norms :     INITIAL         CURRENT         REQUIRED
	   residual            4.583599e-11    6.073223e-21    0.000000e+00 
	   energy              7.623490e-11    3.456877e-20    7.623490e-13 
	   displacement        3.778599e-10    4.058012e-17    2.961819e-16 

convergence summary
    number of iterations   : 4
    number of reformations : 1

------- converged at time : 2.06


AUTO STEPPER: increasing time step, dt = 0.01


===== beginning time step 151 : 2.07 =====


Reforming stiffness matrix: reformation #1

 1
 Nonlinear solution status: time= 2.07
	stiffness updates             = 0
	right hand side evaluations   = 2
	stiffness matrix reformations = 1
	step from line search         = 1.000000
	convergence norms :     INITIAL         CURRENT         REQUIRED
	   residual            3.566271e-11    1.512445e-12    0.000000e+00 
	   energy              5.931349e-11    6.808506e-12    5.931349e-13 
	   displacement        2.938043e-10    2.938043e-10    2.938043e-16 
 2
 Nonlinear solution status: time= 2.07
	stiffness updates             = 1
	right hand side evaluations   = 3
	stiffness matrix reformations = 1
	step from line search         = 1.000000
	convergence norms :     INITIAL         CURRENT         REQUIRED
	   residual            3.566271e-11    2.481753e-15    0.000000e+00 
	   energy              5.931349e-11    9.336938e-15    5.931349e-13 
	   displacement        2.938043e-10    4.300999e-12    2.296904e-16 
 3
 Nonlinear solution status: time= 2.07
	stiffness updates             = 2
	right hand side evaluations   = 4
	stiffness matrix reformations = 1
	step from line search         = 1.000000
	convergence norms :     INITIAL         CURRENT         REQUIRED
	   residual            3.566271e-11    1.847844e-17    0.000000e+00 
	   energy              5.931349e-11    9.531461e-17    5.931349e-13 
	   displacement        2.938043e-10    4.684019e-15    2.303126e-16 
 4
 Nonlinear solution status: time= 2.07
	stiffness updates             = 3
	right hand side evaluations   = 5
	stiffness matrix reformations = 1
	step from line search         = 1.000000
	convergence norms :     INITIAL         CURRENT         REQUIRED
	   residual            3.566271e-11    4.696964e-21    0.000000e+00 
	   energy              5.931349e-11    2.683829e-20    5.931349e-13 
	   displacement        2.938043e-10    3.169484e-17    2.303212e-16 

convergence summary
    number of iterations   : 4
    number of reformations : 1

------- converged at time : 2.07


AUTO STEPPER: increasing time step, dt = 0.01

MUST POINT CONTROLLER: adjusting time step. dt = 0.005


===== beginning time step 152 : 2.075 =====


Reforming stiffness matrix: reformation #1

 1
 Nonlinear solution status: time= 2.075
	stiffness updates             = 0
	right hand side evaluations   = 2
	stiffness matrix reformations = 1
	step from line search         = 1.000000
	convergence norms :     INITIAL         CURRENT         REQUIRED
	   residual            8.684705e-11    4.116570e-12    0.000000e+00 
	   energy              4.014311e-11    3.261444e-12    4.014311e-13 
	   displacement        5.688105e-11    5.688105e-11    5.688105e-17 
 2
 Nonlinear solution status: time= 2.075
	stiffness updates             = 1
	right hand side evaluations   = 3
	stiffness matrix reformations = 1
	step from line search         = 1.000000
	convergence norms :     INITIAL         CURRENT         REQUIRED
	   residual            8.684705e-11    2.489057e-14    0.000000e+00 
	   energy              4.014311e-11    1.982426e-14    4.014311e-13 
	   displacement        5.688105e-11    7.993230e-13    4.609680e-17 
 3
 Nonlinear solution status: time= 2.075
	stiffness updates             = 2
	right hand side evaluations   = 4
	stiffness matrix reformations = 1
	step from line search         = 1.000000
	convergence norms :     INITIAL         CURRENT         REQUIRED
	   residual            8.684705e-11    1.151614e-16    0.000000e+00 
	   energy              4.014311e-11    1.944943e-16    4.014311e-13 
	   displacement        5.688105e-11    5.317489e-15    4.641034e-17 
 4
 Nonlinear solution status: time= 2.075
	stiffness updates             = 3
	right hand side evaluations   = 5
	stiffness matrix reformations = 1
	step from line search         = 1.000000
	convergence norms :     INITIAL         CURRENT         REQUIRED
	   residual            8.684705e-11    2.045946e-19    0.000000e+00 
	   energy              4.014311e-11    2.889259e-19    4.014311e-13 
	   displacement        5.688105e-11    2.178329e-17    4.642853e-17 

convergence summary
    number of iterations   : 4
    number of reformations : 1

------- converged at time : 2.075


AUTO STEPPER: increasing time step, dt = 0.01


===== beginning time step 153 : 2.085 =====


Reforming stiffness matrix: reformation #1

 1
 Nonlinear solution status: time= 2.085
	stiffness updates             = 0
	right hand side evaluations   = 2
	stiffness matrix reformations = 1
	step from line search         = 1.000000
	convergence norms :     INITIAL         CURRENT         REQUIRED
	   residual            2.244981e-11    9.504834e-13    0.000000e+00 
	   energy              3.733903e-11    4.282904e-12    3.733903e-13 
	   displacement        1.847555e-10    1.847555e-10    1.847555e-16 
 2
 Nonlinear solution status: time= 2.085
	stiffness updates             = 1
	right hand side evaluations   = 3
	stiffness matrix reformations = 1
	step from line search         = 1.000000
	convergence norms :     INITIAL         CURRENT         REQUIRED
	   residual            2.244981e-11    1.565450e-15    0.000000e+00 
	   energy              3.733903e-11    5.881052e-15    3.733903e-13 
	   displacement        1.847555e-10    2.701634e-12    1.444657e-16 
 3
 Nonlinear solution status: time= 2.085
	stiffness updates             = 2
	right hand side evaluations   = 4
	stiffness matrix reformations = 1
	step from line search         = 1.000000
	convergence norms :     INITIAL         CURRENT         REQUIRED
	   residual            2.244981e-11    1.169807e-17    0.000000e+00 
	   energy              3.733903e-11    6.026315e-17    3.733903e-13 
	   displacement        1.847555e-10    2.962411e-15    1.448574e-16 
 4
 Nonlinear solution status: time= 2.085
	stiffness updates             = 3
	right hand side evaluations   = 5
	stiffness matrix reformations = 1
	step from line search         = 1.000000
	convergence norms :     INITIAL         CURRENT         REQUIRED
	   residual            2.244981e-11    2.932767e-21    0.000000e+00 
	   energy              3.733903e-11    1.682980e-20    3.733903e-13 
	   displacement        1.847555e-10    2.009093e-17    1.448628e-16 

convergence summary
    number of iterations   : 4
    number of reformations : 1

------- converged at time : 2.085


AUTO STEPPER: increasing time step, dt = 0.01


===== beginning time step 154 : 2.095 =====


Reforming stiffness matrix: reformation #1

 1
 Nonlinear solution status: time= 2.095
	stiffness updates             = 0
	right hand side evaluations   = 2
	stiffness matrix reformations = 1
	step from line search         = 1.000000
	convergence norms :     INITIAL         CURRENT         REQUIRED
	   residual            1.538043e-11    6.504874e-13    0.000000e+00 
	   energy              2.558280e-11    2.932964e-12    2.558280e-13 
	   displacement        1.264889e-10    1.264889e-10    1.264889e-16 
 2
 Nonlinear solution status: time= 2.095
	stiffness updates             = 1
	right hand side evaluations   = 3
	stiffness matrix reformations = 1
	step from line search         = 1.000000
	convergence norms :     INITIAL         CURRENT         REQUIRED
	   residual            1.538043e-11    1.074030e-15    0.000000e+00 
	   energy              2.558280e-11    4.030414e-15    2.558280e-13 
	   displacement        1.264889e-10    1.848160e-12    9.891864e-17 
 3
 Nonlinear solution status: time= 2.095
	stiffness updates             = 2
	right hand side evaluations   = 4
	stiffness matrix reformations = 1
	step from line search         = 1.000000
	convergence norms :     INITIAL         CURRENT         REQUIRED
	   residual            1.538043e-11    8.048138e-18    0.000000e+00 
	   energy              2.558280e-11    4.141607e-17    2.558280e-13 
	   displacement        1.264889e-10    2.036369e-15    9.918703e-17 
 4
 Nonlinear solution status: time= 2.095
	stiffness updates             = 3
	right hand side evaluations   = 5
	stiffness matrix reformations = 1
	step from line search         = 1.000000
	convergence norms :     INITIAL         CURRENT         REQUIRED
	   residual            1.538043e-11    1.997233e-21    0.000000e+00 
	   energy              2.558280e-11    1.149746e-20    2.558280e-13 
	   displacement        1.264889e-10    1.383486e-17    9.919073e-17 

convergence summary
    number of iterations   : 4
    number of reformations : 1

------- converged at time : 2.095


AUTO STEPPER: increasing time step, dt = 0.01

MUST POINT CONTROLLER: adjusting time step. dt = 0.005


===== beginning time step 155 : 2.1 =====


Reforming stiffness matrix: reformation #1

 1
 Nonlinear solution status: time= 2.1
	stiffness updates             = 0
	right hand side evaluations   = 2
	stiffness matrix reformations = 1
	step from line search         = 1.000000
	convergence norms :     INITIAL         CURRENT         REQUIRED
	   residual            3.324246e-11    1.569511e-12    0.000000e+00 
	   energy              1.536472e-11    1.245587e-12    1.536472e-13 
	   displacement        2.172205e-11    2.172205e-11    2.172205e-17 
 2
 Nonlinear solution status: time= 2.1
	stiffness updates             = 1
	right hand side evaluations   = 3
	stiffness matrix reformations = 1
	step from line search         = 1.000000
	convergence norms :     INITIAL         CURRENT         REQUIRED
	   residual            3.324246e-11    9.513134e-15    0.000000e+00 
	   energy              1.536472e-11    7.559453e-15    1.536472e-13 
	   displacement        2.172205e-11    3.040947e-13    1.761462e-17 
 3
 Nonlinear solution status: time= 2.1
	stiffness updates             = 2
	right hand side evaluations   = 4
	stiffness matrix reformations = 1
	step from line search         = 1.000000
	convergence norms :     INITIAL         CURRENT         REQUIRED
	   residual            3.324246e-11    4.450003e-17    0.000000e+00 
	   energy              1.536472e-11    7.465085e-17    1.536472e-13 
	   displacement        2.172205e-11    2.038323e-15    1.773413e-17 
 4
 Nonlinear solution status: time= 2.1
	stiffness updates             = 3
	right hand side evaluations   = 5
	stiffness matrix reformations = 1
	step from line search         = 1.000000
	convergence norms :     INITIAL         CURRENT         REQUIRED
	   residual            3.324246e-11    7.806799e-20    0.000000e+00 
	   energy              1.536472e-11    1.105746e-19    1.536472e-13 
	   displacement        2.172205e-11    8.384987e-18    1.774108e-17 

convergence summary
    number of iterations   : 4
    number of reformations : 1

------- converged at time : 2.1


AUTO STEPPER: increasing time step, dt = 0.01


===== beginning time step 156 : 2.11 =====


Reforming stiffness matrix: reformation #1

 1
 Nonlinear solution status: time= 2.11
	stiffness updates             = 0
	right hand side evaluations   = 2
	stiffness matrix reformations = 1
	step from line search         = 1.000000
	convergence norms :     INITIAL         CURRENT         REQUIRED
	   residual            7.622980e-12    3.218680e-13    0.000000e+00 
	   energy              1.268223e-11    1.452741e-12    1.268223e-13 
	   displacement        6.262274e-11    6.262274e-11    6.262274e-17 
 2
 Nonlinear solution status: time= 2.11
	stiffness updates             = 1
	right hand side evaluations   = 3
	stiffness matrix reformations = 1
	step from line search         = 1.000000
	convergence norms :     INITIAL         CURRENT         REQUIRED
	   residual            7.622980e-12    5.336272e-16    0.000000e+00 
	   energy              1.268223e-11    1.998453e-15    1.268223e-13 
	   displacement        6.262274e-11    9.137366e-13    4.898463e-17 
 3
 Nonlinear solution status: time= 2.11
	stiffness updates             = 2
	right hand side evaluations   = 4
	stiffness matrix reformations = 1
	step from line search         = 1.000000
	convergence norms :     INITIAL         CURRENT         REQUIRED
	   residual            7.622980e-12    4.018418e-18    0.000000e+00 
	   energy              1.268223e-11    2.063789e-17    1.268223e-13 
	   displacement        6.262274e-11    1.015123e-15    4.911765e-17 
 4
 Nonlinear solution status: time= 2.11
	stiffness updates             = 3
	right hand side evaluations   = 5
	stiffness matrix reformations = 1
	step from line search         = 1.000000
	convergence norms :     INITIAL         CURRENT         REQUIRED
	   residual            7.622980e-12    9.918017e-22    0.000000e+00 
	   energy              1.268223e-11    5.671646e-21    1.268223e-13 
	   displacement        6.262274e-11    6.918653e-18    4.911948e-17 

convergence summary
    number of iterations   : 4
    number of reformations : 1

------- converged at time : 2.11


AUTO STEPPER: increasing time step, dt = 0.01


===== beginning time step 157 : 2.12 =====


Reforming stiffness matrix: reformation #1

 1
 Nonlinear solution status: time= 2.12
	stiffness updates             = 0
	right hand side evaluations   = 2
	stiffness matrix reformations = 1
	step from line search         = 1.000000
	convergence norms :     INITIAL         CURRENT         REQUIRED
	   residual            4.247566e-12    1.791636e-13    0.000000e+00 
	   energy              7.068362e-12    8.091926e-13    7.068362e-14 
	   displacement        3.486930e-11    3.486930e-11    3.486930e-17 
 2
 Nonlinear solution status: time= 2.12
	stiffness updates             = 1
	right hand side evaluations   = 3
	stiffness matrix reformations = 1
	step from line search         = 1.000000
	convergence norms :     INITIAL         CURRENT         REQUIRED
	   residual            4.247566e-12    2.978736e-16    0.000000e+00 
	   energy              7.068362e-12    1.113724e-15    7.068362e-14 
	   displacement        3.486930e-11    5.082588e-13    2.728012e-17 
 3
 Nonlinear solution status: time= 2.12
	stiffness updates             = 2
	right hand side evaluations   = 4
	stiffness matrix reformations = 1
	step from line search         = 1.000000
	convergence norms :     INITIAL         CURRENT         REQUIRED
	   residual            4.247566e-12    2.251700e-18    0.000000e+00 
	   energy              7.068362e-12    1.154401e-17    7.068362e-14 
	   displacement        3.486930e-11    5.679783e-16    2.735423e-17 
 4
 Nonlinear solution status: time= 2.12
	stiffness updates             = 3
	right hand side evaluations   = 5
	stiffness matrix reformations = 1
	step from line search         = 1.000000
	convergence norms :     INITIAL         CURRENT         REQUIRED
	   residual            4.247566e-12    5.581424e-22    0.000000e+00 
	   energy              7.068362e-12    3.150878e-21    7.068362e-14 
	   displacement        3.486930e-11    3.880805e-18    2.735525e-17 

convergence summary
    number of iterations   : 4
    number of reformations : 1

------- converged at time : 2.12


AUTO STEPPER: increasing time step, dt = 0.01

MUST POINT CONTROLLER: adjusting time step. dt = 0.005


===== beginning time step 158 : 2.125 =====


Reforming stiffness matrix: reformation #1

 1
 Nonlinear solution status: time= 2.125
	stiffness updates             = 0
	right hand side evaluations   = 2
	stiffness matrix reformations = 1
	step from line search         = 1.000000
	convergence norms :     INITIAL         CURRENT         REQUIRED
	   residual            7.295710e-12    3.430000e-13    0.000000e+00 
	   energy              3.373239e-12    2.727309e-13    3.373239e-14 
	   displacement        4.755254e-12    4.755254e-12    4.755254e-18 
 2
 Nonlinear solution status: time= 2.125
	stiffness updates             = 1
	right hand side evaluations   = 3
	stiffness matrix reformations = 1
	step from line search         = 1.000000
	convergence norms :     INITIAL         CURRENT         REQUIRED
	   residual            7.295710e-12    2.082032e-15    0.000000e+00 
	   energy              3.373239e-12    1.648679e-15    3.373239e-14 
	   displacement        4.755254e-12    6.621417e-14    3.859321e-18 
 3
 Nonlinear solution status: time= 2.125
	stiffness updates             = 2
	right hand side evaluations   = 4
	stiffness matrix reformations = 1
	step from line search         = 1.000000
	convergence norms :     INITIAL         CURRENT         REQUIRED
	   residual            7.295710e-12    9.911835e-18    0.000000e+00 
	   energy              3.373239e-12    1.643889e-17    3.373239e-14 
	   displacement        4.755254e-12    4.477233e-16    3.885388e-18 
 4
 Nonlinear solution status: time= 2.125
	stiffness updates             = 3
	right hand side evaluations   = 5
	stiffness matrix reformations = 1
	step from line search         = 1.000000
	convergence norms :     INITIAL         CURRENT         REQUIRED
	   residual            7.295710e-12    1.716775e-20    0.000000e+00 
	   energy              3.373239e-12    2.425729e-20    3.373239e-14 
	   displacement        4.755254e-12    1.854965e-18    3.886908e-18 

convergence summary
    number of iterations   : 4
    number of reformations : 1

------- converged at time : 2.125


AUTO STEPPER: increasing time step, dt = 0.01


===== beginning time step 159 : 2.135 =====


Reforming stiffness matrix: reformation #1

 1
 Nonlinear solution status: time= 2.135
	stiffness updates             = 0
	right hand side evaluations   = 2
	stiffness matrix reformations = 1
	step from line search         = 1.000000
	convergence norms :     INITIAL         CURRENT         REQUIRED
	   residual            1.267929e-12    5.336366e-14    0.000000e+00 
	   energy              2.111363e-12    2.413640e-13    2.111363e-14 
	   displacement        1.039268e-11    1.039268e-11    1.039268e-17 
 2
 Nonlinear solution status: time= 2.135
	stiffness updates             = 1
	right hand side evaluations   = 3
	stiffness matrix reformations = 1
	step from line search         = 1.000000
	convergence norms :     INITIAL         CURRENT         REQUIRED
	   residual            1.267929e-12    8.925095e-17    0.000000e+00 
	   energy              2.111363e-12    3.323850e-16    2.111363e-14 
	   displacement        1.039268e-11    1.510996e-13    8.134163e-18 
 3
 Nonlinear solution status: time= 2.135
	stiffness updates             = 2
	right hand side evaluations   = 4
	stiffness matrix reformations = 1
	step from line search         = 1.000000
	convergence norms :     INITIAL         CURRENT         REQUIRED
	   residual            1.267929e-12    6.807622e-19    0.000000e+00 
	   energy              2.111363e-12    3.474388e-18    2.111363e-14 
	   displacement        1.039268e-11    1.710601e-16    8.156270e-18 
 4
 Nonlinear solution status: time= 2.135
	stiffness updates             = 3
	right hand side evaluations   = 5
	stiffness matrix reformations = 1
	step from line search         = 1.000000
	convergence norms :     INITIAL         CURRENT         REQUIRED
	   residual            1.267929e-12    1.810247e-22    0.000000e+00 
	   energy              2.111363e-12    9.368127e-22    2.111363e-14 
	   displacement        1.039268e-11    1.175917e-18    8.156573e-18 

convergence summary
    number of iterations   : 4
    number of reformations : 1

------- converged at time : 2.135


AUTO STEPPER: increasing time step, dt = 0.01


===== beginning time step 160 : 2.145 =====


Reforming stiffness matrix: reformation #1

 1
 Nonlinear solution status: time= 2.145
	stiffness updates             = 0
	right hand side evaluations   = 2
	stiffness matrix reformations = 1
	step from line search         = 1.000000
	convergence norms :     INITIAL         CURRENT         REQUIRED
	   residual            3.690505e-13    1.548178e-14    0.000000e+00 
	   energy              6.149952e-13    7.015066e-14    6.149952e-15 
	   displacement        3.017770e-12    3.017770e-12    3.017770e-18 
 2
 Nonlinear solution status: time= 2.145
	stiffness updates             = 1
	right hand side evaluations   = 3
	stiffness matrix reformations = 1
	step from line search         = 1.000000
	convergence norms :     INITIAL         CURRENT         REQUIRED
	   residual            3.690505e-13    2.607301e-17    0.000000e+00 
	   energy              6.149952e-13    9.656202e-17    6.149952e-15 
	   displacement        3.017770e-12    4.370232e-14    2.363439e-18 
 3
 Nonlinear solution status: time= 2.145
	stiffness updates             = 2
	right hand side evaluations   = 4
	stiffness matrix reformations = 1
	step from line search         = 1.000000
	convergence norms :     INITIAL         CURRENT         REQUIRED
	   residual            3.690505e-13    2.013742e-19    0.000000e+00 
	   energy              6.149952e-13    1.020387e-18    6.149952e-15 
	   displacement        3.017770e-12    5.028912e-17    2.369860e-18 
 4
 Nonlinear solution status: time= 2.145
	stiffness updates             = 3
	right hand side evaluations   = 5
	stiffness matrix reformations = 1
	step from line search         = 1.000000
	convergence norms :     INITIAL         CURRENT         REQUIRED
	   residual            3.690505e-13    6.869484e-23    0.000000e+00 
	   energy              6.149952e-13    2.733258e-22    6.149952e-15 
	   displacement        3.017770e-12    3.487495e-19    2.369947e-18 

convergence summary
    number of iterations   : 4
    number of reformations : 1

------- converged at time : 2.145


AUTO STEPPER: increasing time step, dt = 0.01

MUST POINT CONTROLLER: adjusting time step. dt = 0.005


===== beginning time step 161 : 2.15 =====


Reforming stiffness matrix: reformation #1

 1
 Nonlinear solution status: time= 2.15
	stiffness updates             = 0
	right hand side evaluations   = 2
	stiffness matrix reformations = 1
	step from line search         = 1.000000
	convergence norms :     INITIAL         CURRENT         REQUIRED
	   residual            1.816951e-13    8.417644e-15    0.000000e+00 
	   energy              8.436824e-14    6.748850e-15    8.436824e-16 
	   displacement        1.176309e-13    1.176309e-13    1.176309e-19 
 2
 Nonlinear solution status: time= 2.15
	stiffness updates             = 1
	right hand side evaluations   = 3
	stiffness matrix reformations = 1
	step from line search         = 1.000000
	convergence norms :     INITIAL         CURRENT         REQUIRED
	   residual            1.816951e-13    5.049894e-17    0.000000e+00 
	   energy              8.436824e-14    3.946142e-17    8.436824e-16 
	   displacement        1.176309e-13    1.594747e-15    9.582768e-20 
 3
 Nonlinear solution status: time= 2.15
	stiffness updates             = 2
	right hand side evaluations   = 4
	stiffness matrix reformations = 1
	step from line search         = 1.000000
	convergence norms :     INITIAL         CURRENT         REQUIRED
	   residual            1.816951e-13    2.640398e-19    0.000000e+00 
	   energy              8.436824e-14    4.116843e-19    8.436824e-16 
	   displacement        1.176309e-13    1.105131e-17    9.645823e-20 
 4
 Nonlinear solution status: time= 2.15
	stiffness updates             = 3
	right hand side evaluations   = 5
	stiffness matrix reformations = 1
	step from line search         = 1.000000
	convergence norms :     INITIAL         CURRENT         REQUIRED
	   residual            1.816951e-13    4.605097e-22    0.000000e+00 
	   energy              8.436824e-14    5.997597e-22    8.436824e-16 
	   displacement        1.176309e-13    4.770185e-20    9.649462e-20 

convergence summary
    number of iterations   : 4
    number of reformations : 1

------- converged at time : 2.15


AUTO STEPPER: increasing time step, dt = 0.01


===== beginning time step 162 : 2.16 =====


Reforming stiffness matrix: reformation #1

 1
 Nonlinear solution status: time= 2.16
	stiffness updates             = 0
	right hand side evaluations   = 2
	stiffness matrix reformations = 1
	step from line search         = 1.000000
	convergence norms :     INITIAL         CURRENT         REQUIRED
	   residual            8.864377e-15    3.479903e-16    0.000000e+00 
	   energy              1.381633e-14    1.550095e-15    1.381633e-16 
	   displacement        6.814887e-14    6.814887e-14    6.814887e-20 
 2
 Nonlinear solution status: time= 2.16
	stiffness updates             = 1
	right hand side evaluations   = 3
	stiffness matrix reformations = 1
	step from line search         = 1.000000
	convergence norms :     INITIAL         CURRENT         REQUIRED
	   residual            8.864377e-15    4.907427e-19    0.000000e+00 
	   energy              1.381633e-14    1.997173e-18    1.381633e-16 
	   displacement        6.814887e-14    9.635179e-16    5.348016e-20 
 3
 Nonlinear solution status: time= 2.16
	stiffness updates             = 2
	right hand side evaluations   = 4
	stiffness matrix reformations = 1
	step from line search         = 1.000000
	convergence norms :     INITIAL         CURRENT         REQUIRED
	   residual            8.864377e-15    3.306668e-21    0.000000e+00 
	   energy              1.381633e-14    1.778825e-20    1.381633e-16 
	   displacement        6.814887e-14    8.889204e-19    5.362056e-20 

 *************************************************************************
 *                               WARNING                                 *
 * No force acting on the system.                                        *
 *************************************************************************

convergence summary
    number of iterations   : 3
    number of reformations : 1

------- converged at time : 2.16


AUTO STEPPER: increasing time step, dt = 0.01


===== beginning time step 163 : 2.17 =====


Reforming stiffness matrix: reformation #1

 1
 Nonlinear solution status: time= 2.17
	stiffness updates             = 0
	right hand side evaluations   = 2
	stiffness matrix reformations = 1
	step from line search         = 1.000000
	convergence norms :     INITIAL         CURRENT         REQUIRED
	   residual            1.519715e-13    6.409203e-15    0.000000e+00 
	   energy              2.508033e-13    2.880161e-14    2.508033e-15 
	   displacement        1.245512e-12    1.245512e-12    1.245512e-18 
 2
 Nonlinear solution status: time= 2.17
	stiffness updates             = 1
	right hand side evaluations   = 3
	stiffness matrix reformations = 1
	step from line search         = 1.000000
	convergence norms :     INITIAL         CURRENT         REQUIRED
	   residual            1.519715e-13    1.035171e-17    0.000000e+00 
	   energy              2.508033e-13    3.948005e-17    2.508033e-15 
	   displacement        1.245512e-12    1.826343e-14    9.733662e-19 
 3
 Nonlinear solution status: time= 2.17
	stiffness updates             = 2
	right hand side evaluations   = 4
	stiffness matrix reformations = 1
	step from line search         = 1.000000
	convergence norms :     INITIAL         CURRENT         REQUIRED
	   residual            1.519715e-13    7.574463e-20    0.000000e+00 
	   energy              2.508033e-13    3.956838e-19    2.508033e-15 
	   displacement        1.245512e-12    1.944042e-17    9.760035e-19 
 4
 Nonlinear solution status: time= 2.17
	stiffness updates             = 3
	right hand side evaluations   = 5
	stiffness matrix reformations = 1
	step from line search         = 1.000000
	convergence norms :     INITIAL         CURRENT         REQUIRED
	   residual            1.519715e-13    4.416832e-23    0.000000e+00 
	   energy              2.508033e-13    1.178484e-22    2.508033e-15 
	   displacement        1.245512e-12    1.301121e-19    9.760399e-19 

convergence summary
    number of iterations   : 4
    number of reformations : 1

------- converged at time : 2.17


AUTO STEPPER: increasing time step, dt = 0.01

MUST POINT CONTROLLER: adjusting time step. dt = 0.005


===== beginning time step 164 : 2.175 =====


Reforming stiffness matrix: reformation #1

 1
 Nonlinear solution status: time= 2.175
	stiffness updates             = 0
	right hand side evaluations   = 2
	stiffness matrix reformations = 1
	step from line search         = 1.000000
	convergence norms :     INITIAL         CURRENT         REQUIRED
	   residual            1.141111e-12    5.404447e-14    0.000000e+00 
	   energy              5.265567e-13    4.281460e-14    5.265567e-15 
	   displacement        7.470009e-13    7.470009e-13    7.470009e-19 
 2
 Nonlinear solution status: time= 2.175
	stiffness updates             = 1
	right hand side evaluations   = 3
	stiffness matrix reformations = 1
	step from line search         = 1.000000
	convergence norms :     INITIAL         CURRENT         REQUIRED
	   residual            1.141111e-12    3.267528e-16    0.000000e+00 
	   energy              5.265567e-13    2.613424e-16    5.265567e-15 
	   displacement        7.470009e-13    1.052570e-14    6.051360e-19 
 3
 Nonlinear solution status: time= 2.175
	stiffness updates             = 2
	right hand side evaluations   = 4
	stiffness matrix reformations = 1
	step from line search         = 1.000000
	convergence norms :     INITIAL         CURRENT         REQUIRED
	   residual            1.141111e-12    1.494093e-18    0.000000e+00 
	   energy              5.265567e-13    2.548413e-18    5.265567e-15 
	   displacement        7.470009e-13    6.986190e-17    6.092687e-19 
 4
 Nonlinear solution status: time= 2.175
	stiffness updates             = 3
	right hand side evaluations   = 5
	stiffness matrix reformations = 1
	step from line search         = 1.000000
	convergence norms :     INITIAL         CURRENT         REQUIRED
	   residual            1.141111e-12    2.695596e-21    0.000000e+00 
	   energy              5.265567e-13    3.794604e-21    5.265567e-15 
	   displacement        7.470009e-13    2.846293e-19    6.095080e-19 

convergence summary
    number of iterations   : 4
    number of reformations : 1

------- converged at time : 2.175


AUTO STEPPER: increasing time step, dt = 0.01


===== beginning time step 165 : 2.185 =====


Reforming stiffness matrix: reformation #1

 1
 Nonlinear solution status: time= 2.185
	stiffness updates             = 0
	right hand side evaluations   = 2
	stiffness matrix reformations = 1
	step from line search         = 1.000000
	convergence norms :     INITIAL         CURRENT         REQUIRED
	   residual            5.870414e-13    2.477909e-14    0.000000e+00 
	   energy              9.735420e-13    1.116535e-13    9.735420e-15 
	   displacement        4.817894e-12    4.817894e-12    4.817894e-18 
 2
 Nonlinear solution status: time= 2.185
	stiffness updates             = 1
	right hand side evaluations   = 3
	stiffness matrix reformations = 1
	step from line search         = 1.000000
	convergence norms :     INITIAL         CURRENT         REQUIRED
	   residual            5.870414e-13    4.068443e-17    0.000000e+00 
	   energy              9.735420e-13    1.534902e-16    9.735420e-15 
	   displacement        4.817894e-12    7.045563e-14    3.767178e-18 
 3
 Nonlinear solution status: time= 2.185
	stiffness updates             = 2
	right hand side evaluations   = 4
	stiffness matrix reformations = 1
	step from line search         = 1.000000
	convergence norms :     INITIAL         CURRENT         REQUIRED
	   residual            5.870414e-13    3.033134e-19    0.000000e+00 
	   energy              9.735420e-13    1.569079e-18    9.735420e-15 
	   displacement        4.817894e-12    7.714162e-17    3.777405e-18 
 4
 Nonlinear solution status: time= 2.185
	stiffness updates             = 3
	right hand side evaluations   = 5
	stiffness matrix reformations = 1
	step from line search         = 1.000000
	convergence norms :     INITIAL         CURRENT         REQUIRED
	   residual            5.870414e-13    9.873886e-23    0.000000e+00 
	   energy              9.735420e-13    4.405871e-22    9.735420e-15 
	   displacement        4.817894e-12    5.222692e-19    3.777546e-18 

convergence summary
    number of iterations   : 4
    number of reformations : 1

------- converged at time : 2.185


AUTO STEPPER: increasing time step, dt = 0.01


===== beginning time step 166 : 2.195 =====


Reforming stiffness matrix: reformation #1

 1
 Nonlinear solution status: time= 2.195
	stiffness updates             = 0
	right hand side evaluations   = 2
	stiffness matrix reformations = 1
	step from line search         = 1.000000
	convergence norms :     INITIAL         CURRENT         REQUIRED
	   residual            8.622424e-13    3.639691e-14    0.000000e+00 
	   energy              1.431207e-12    1.640824e-13    1.431207e-14 
	   displacement        7.077159e-12    7.077159e-12    7.077159e-18 
 2
 Nonlinear solution status: time= 2.195
	stiffness updates             = 1
	right hand side evaluations   = 3
	stiffness matrix reformations = 1
	step from line search         = 1.000000
	convergence norms :     INITIAL         CURRENT         REQUIRED
	   residual            8.622424e-13    5.993202e-17    0.000000e+00 
	   energy              1.431207e-12    2.255890e-16    1.431207e-14 
	   displacement        7.077159e-12    1.034130e-13    5.534501e-18 
 3
 Nonlinear solution status: time= 2.195
	stiffness updates             = 2
	right hand side evaluations   = 4
	stiffness matrix reformations = 1
	step from line search         = 1.000000
	convergence norms :     INITIAL         CURRENT         REQUIRED
	   residual            8.622424e-13    4.486747e-19    0.000000e+00 
	   energy              1.431207e-12    2.315755e-18    1.431207e-14 
	   displacement        7.077159e-12    1.138720e-16    5.549526e-18 
 4
 Nonlinear solution status: time= 2.195
	stiffness updates             = 3
	right hand side evaluations   = 5
	stiffness matrix reformations = 1
	step from line search         = 1.000000
	convergence norms :     INITIAL         CURRENT         REQUIRED
	   residual            8.622424e-13    1.325305e-22    0.000000e+00 
	   energy              1.431207e-12    6.442186e-22    1.431207e-14 
	   displacement        7.077159e-12    7.731130e-19    5.549732e-18 

convergence summary
    number of iterations   : 4
    number of reformations : 1

------- converged at time : 2.195


AUTO STEPPER: increasing time step, dt = 0.01

MUST POINT CONTROLLER: adjusting time step. dt = 0.005


===== beginning time step 167 : 2.2 =====


Reforming stiffness matrix: reformation #1

 1
 Nonlinear solution status: time= 2.2
	stiffness updates             = 0
	right hand side evaluations   = 2
	stiffness matrix reformations = 1
	step from line search         = 1.000000
	convergence norms :     INITIAL         CURRENT         REQUIRED
	   residual            3.231773e-12    1.525984e-13    0.000000e+00 
	   energy              1.492674e-12    1.210600e-13    1.492674e-14 
	   displacement        2.111256e-12    2.111256e-12    2.111256e-18 
 2
 Nonlinear solution status: time= 2.2
	stiffness updates             = 1
	right hand side evaluations   = 3
	stiffness matrix reformations = 1
	step from line search         = 1.000000
	convergence norms :     INITIAL         CURRENT         REQUIRED
	   residual            3.231773e-12    9.234907e-16    0.000000e+00 
	   energy              1.492674e-12    7.348095e-16    1.492674e-14 
	   displacement        2.111256e-12    2.957418e-14    1.711852e-18 
 3
 Nonlinear solution status: time= 2.2
	stiffness updates             = 2
	right hand side evaluations   = 4
	stiffness matrix reformations = 1
	step from line search         = 1.000000
	convergence norms :     INITIAL         CURRENT         REQUIRED
	   residual            3.231773e-12    4.313590e-18    0.000000e+00 
	   energy              1.492674e-12    7.247694e-18    1.492674e-14 
	   displacement        2.111256e-12    1.979388e-16    1.723471e-18 
 4
 Nonlinear solution status: time= 2.2
	stiffness updates             = 3
	right hand side evaluations   = 5
	stiffness matrix reformations = 1
	step from line search         = 1.000000
	convergence norms :     INITIAL         CURRENT         REQUIRED
	   residual            3.231773e-12    7.623669e-21    0.000000e+00 
	   energy              1.492674e-12    1.074921e-20    1.492674e-14 
	   displacement        2.111256e-12    8.139601e-19    1.724146e-18 

convergence summary
    number of iterations   : 4
    number of reformations : 1

------- converged at time : 2.2



 N O N L I N E A R   I T E R A T I O N   I N F O R M A T I O N

	Number of time steps completed .................... : 167

	Total number of equilibrium iterations ............ : 956

	Average number of equilibrium iterations .......... : 5.72455

	Total number of right hand evaluations ............ : 1215

	Total number of stiffness reformations ............ : 189


 L I N E A R   S O L V E R   S T A T S

	Total calls to linear solver ........ : 1104

	Avg iterations per solve ............ : 1



 N O N L I N E A R   I T E R A T I O N   S U M M A R Y

	Number of time steps completed .................... : 180

	Total number of equilibrium iterations ............ : 1110

	Total number of right hand evaluations ............ : 1441

	Total number of stiffness reformations ............ : 214

	Time in linear solver: 1:01:11


 Elapsed time : 1:39:37

 T I M I N G   I N F O R M A T I O N

	Input time ...................... : 0:00:00 (0.310912 sec)

	Initialization time ............. : 0:00:02 (1.62045 sec)

	Solve time ...................... : 1:39:37 (5976.94 sec)

	   IO-time (plot, dmp, data) .... : 0:03:44 (223.709 sec)

	   reforming stiffness .......... : 0:00:01 (1.37423 sec)

	   evaluating stiffness ......... : 0:19:22 (1162.43 sec)

	   evaluating residual .......... : 0:11:33 (693.046 sec)

	   model update ................. : 0:02:48 (167.674 sec)

	   QN updates ................... : 0:00:03 (2.53747 sec)

	   time in linear solver ........ : 1:01:11 (3671.3 sec)

	Total elapsed time .............. : 1:39:39 (5978.8 sec)


 N O R M A L   T E R M I N A T I O N

