===========================================================================
         ________    _________   _______       __     _________            
        |        |\ |        |\ |       \\    |  |\  /         \\          
        |    ____|| |    ____|| |    __  ||   |__|| |    ___    ||         
        |   |\___\| |   |\___\| |   |\_| ||    \_\| |   //  \   ||         
        |   ||__    |   ||__    |   ||_| ||   |  |\ |  ||    |  ||         
        |       |\  |       |\  |         \\  |  || |  ||    |  ||         
        |    ___||  |    ___||  |    ___   || |  || |  ||    |  ||         
        |   |\__\|  |   |\__\|  |   |\__|  || |  || |  ||    |  ||         
        |   ||      |   ||___   |   ||__|  || |  || |   \\__/   ||         
        |   ||      |        |\ |          || |  || |           ||         
        |___||      |________|| |_________//  |__||  \_________//          
                                                                           
      F I N I T E   E L E M E N T S   F O R   B I O M E C H A N I C S      
                                                                           
  version 4.10.0
  FEBio is a registered trademark.                                         
  copyright (c) 2006-2025 - All rights reserved                            
                                                                           
===========================================================================


 *************************************************************************
 *                               WARNING                                 *
 * dtmax is ignored when specifying must points.                         *
 *************************************************************************




 FILES USED
===========================================================================
	Input file : /Users/ryanengels/Documents/limebv-ews_fem_pipeline-e5fe835fd1bf/full_glandular_density/full_glandular_density.feb
	Plot file  : /Users/ryanengels/Documents/limebv-ews_fem_pipeline-e5fe835fd1bf/full_glandular_density/output/full_glandular_density.vtk
	Log file   : /Users/ryanengels/Documents/limebv-ews_fem_pipeline-e5fe835fd1bf/full_glandular_density/full_glandular_density.log


 MESH INFO
===========================================================================
	Number of materials ............................ : 3
	Number of domains .............................. : 3
	Number of nodes ................................ : 35173
	Number of solid elements ....................... : 23380
	Number of shell elements ....................... : 2740


 MODULE
===========================================================================
	Module type ....................................... : solid


 STEP DATA
===========================================================================
step   1 - (noname) (type: solid)
	analysis .......................................... : STATIC (0)
	time_steps ........................................ : 10
	step_size ......................................... : 0.1
	plot_zero_state ................................... : no (0)
	plot_range ........................................ : 0,-1
	plot_level ........................................ : PLOT_NEVER (0)
	output_level ...................................... : OUTPUT_NEVER (0)
	plot_stride ....................................... : 1
	output_stride ..................................... : 1
	adaptor_re_solve .................................. : yes (1)
	time_stepper: (type: default)
	  max_retries ..................................... : 40
	  opt_iter ........................................ : 11
	  dtmin ........................................... : 0
	  dtmax ........................................... : 0.1
	  aggressiveness .................................. : 0
	  cutback ......................................... : 0.5
	  dtforce ......................................... : no (0)
	solver: (type: solid)
	  symmetric_stiffness ............................. : symmetric (1)
	  equation_scheme ................................. : staggered (0)
	  equation_order .................................. : default (0)
	  optimize_bw ..................................... : no (0)
	  lstol ........................................... : 0.9
	  lsmin ........................................... : 0.01
	  lsiter .......................................... : 5
	  ls_check_jacobians .............................. : no (0)
	  max_refs ........................................ : 15
	  check_zero_diagonal ............................. : no (0)
	  zero_diagonal_tol ............................... : 0
	  force_partition ................................. : 0
	  reform_each_time_step ........................... : yes (1)
	  reform_augment .................................. : no (0)
	  diverge_reform .................................. : yes (1)
	  min_residual .................................... : 1e-20
	  max_residual .................................... : 0
	  dtol ............................................ : 0.001
	  etol ............................................ : 0.01
	  rtol ............................................ : 0
	  rhoi ............................................ : -2
	  alpha ........................................... : 1
	  beta ............................................ : 0.25
	  gamma ........................................... : 0.25
	  logSolve ........................................ : no (0)
	  arc_length ...................................... : 0
	  arc_length_scale ................................ : 0
	qn_method: (type: BFGS)
	    max_ups ....................................... : 10
	    max_buffer_size ............................... : 0
	    cycle_buffer .................................. : yes (1)
	    cmax .......................................... : 100000
---------------------------------------------------------------------------
step   2 - (noname) (type: solid)
	analysis .......................................... : DYNAMIC (1)
	time_steps ........................................ : 120
	step_size ......................................... : 0.01
	plot_zero_state ................................... : no (0)
	plot_range ........................................ : 0,-1
	plot_level ........................................ : PLOT_MUST_POINTS (3)
	output_level ...................................... : OUTPUT_MUST_POINTS (3)
	plot_stride ....................................... : 1
	output_stride ..................................... : 1
	adaptor_re_solve .................................. : yes (1)
	time_stepper: (type: default)
	  max_retries ..................................... : 20
	  opt_iter ........................................ : 11
	  dtmin ........................................... : 0
	  dtmax ........................................... : 0.01
	  aggressiveness .................................. : 0
	  cutback ......................................... : 0.5
	  dtforce ......................................... : no (0)
	solver: (type: solid)
	  symmetric_stiffness ............................. : symmetric (1)
	  equation_scheme ................................. : staggered (0)
	  equation_order .................................. : default (0)
	  optimize_bw ..................................... : no (0)
	  lstol ........................................... : 0.9
	  lsmin ........................................... : 0.01
	  lsiter .......................................... : 5
	  ls_check_jacobians .............................. : no (0)
	  max_refs ........................................ : 15
	  check_zero_diagonal ............................. : no (0)
	  zero_diagonal_tol ............................... : 0
	  force_partition ................................. : 0
	  reform_each_time_step ........................... : yes (1)
	  reform_augment .................................. : no (0)
	  diverge_reform .................................. : yes (1)
	  min_residual .................................... : 1e-20
	  max_residual .................................... : 0
	  dtol ............................................ : 0.001
	  etol ............................................ : 0.01
	  rtol ............................................ : 0
	  rhoi ............................................ : -2
	  alpha ........................................... : 1
	  beta ............................................ : 1
	  gamma ........................................... : 1.5
	  logSolve ........................................ : no (0)
	  arc_length ...................................... : 0
	  arc_length_scale ................................ : 0
	qn_method: (type: BFGS)
	    max_ups ....................................... : 10
	    max_buffer_size ............................... : 0
	    cycle_buffer .................................. : yes (1)
	    cmax .......................................... : 100000




 MATERIAL DATA
===========================================================================
  1 - skin (type: Mooney-Rivlin)
	density ........................................... : (not constant)
	k ................................................. : 480000
	pressure_model .................................... : default (0)
	c1 ................................................ : (not constant)
	c2 ................................................ : (not constant)
---------------------------------------------------------------------------
  2 - adipose (type: Mooney-Rivlin)
	density ........................................... : (not constant)
	k ................................................. : 425000
	pressure_model .................................... : default (0)
	c1 ................................................ : (not constant)
	c2 ................................................ : (not constant)
---------------------------------------------------------------------------
  3 - glandular (type: Mooney-Rivlin)
	density ........................................... : (not constant)
	k ................................................. : 425000
	pressure_model .................................... : default (0)
	c1 ................................................ : (not constant)
	c2 ................................................ : (not constant)


 BOUNDARY CONDITION DATA
===========================================================================
  1 -  Type: zero displacement
	x_dof ............................................. : yes (1)
	y_dof ............................................. : yes (1)
	z_dof ............................................. : yes (1)
---------------------------------------------------------------------------
  2 -  Type: prescribed displacement
	dof ............................................... : 2
	value ............................................. : 1
	relative .......................................... : no (0)
---------------------------------------------------------------------------
  3 -  Type: zero displacement
	x_dof ............................................. : yes (1)
	y_dof ............................................. : yes (1)
	z_dof ............................................. : no (0)


 MODEL LOAD DATA
===========================================================================
  1 -  Type: body force
	force ............................................. : 0, 0, 9.81
---------------------------------------------------------------------------
  2 -  Type: mass damping
	C ................................................. : 20


 LOAD CONTROLLER DATA
===========================================================================
load controller   1 - LC1 (type: loadcurve)
	interpolate ....................................... : LINEAR (0)
	extend ............................................ : CONSTANT (0)
	points ............................................ : (can't display value)
---------------------------------------------------------------------------
load controller   2 - LC2 (type: loadcurve)
	interpolate ....................................... : LINEAR (0)
	extend ............................................ : CONSTANT (0)
	points ............................................ : (can't display value)
---------------------------------------------------------------------------
load controller   3 - LC3 (type: loadcurve)
	interpolate ....................................... : LINEAR (0)
	extend ............................................ : CONSTANT (0)
	points ............................................ : (can't display value)


 OUTPUT DATA
===========================================================================
 LINEAR SOLVER DATA
===========================================================================
	Default linear solver ............................. : pardiso


 *************************************************************************
 * Selecting linear solver pardiso                                       *
 *************************************************************************

===== beginning time step 1 : 0.1 =====


Reforming stiffness matrix: reformation #1

===== reforming stiffness matrix:
	Nr of equations ........................... : 113580
	Nr of nonzeroes in stiffness matrix ....... : 4723659
 1
 Nonlinear solution status: time= 0.1
	stiffness updates             = 0
	right hand side evaluations   = 2
	stiffness matrix reformations = 1
	step from line search         = 1.000000
	convergence norms :     INITIAL         CURRENT         REQUIRED
	   residual            4.416743e-05    1.282096e+00    0.000000e+00 
	   energy              1.607330e-03    4.412428e-04    1.607330e-05 
	   displacement        2.049994e-01    2.049994e-01    2.049994e-07 
 2
 Nonlinear solution status: time= 0.1
	stiffness updates             = 1
	right hand side evaluations   = 4
	stiffness matrix reformations = 1
	step from line search         = 0.442678
	convergence norms :     INITIAL         CURRENT         REQUIRED
	   residual            4.416743e-05    7.051757e-01    0.000000e+00 
	   energy              1.607330e-03    2.172493e-04    1.607330e-05 
	   displacement        2.049994e-01    6.960409e-04    2.231202e-07 
 3
 Nonlinear solution status: time= 0.1
	stiffness updates             = 2
	right hand side evaluations   = 6
	stiffness matrix reformations = 1
	step from line search         = 0.602625
	convergence norms :     INITIAL         CURRENT         REQUIRED
	   residual            4.416743e-05    7.023990e-01    0.000000e+00 
	   energy              1.607330e-03    6.993382e-05    1.607330e-05 
	   displacement        2.049994e-01    2.361861e-03    1.809473e-07 
 4
 Nonlinear solution status: time= 0.1
	stiffness updates             = 3
	right hand side evaluations   = 8
	stiffness matrix reformations = 1
	step from line search         = 0.576172
	convergence norms :     INITIAL         CURRENT         REQUIRED
	   residual            4.416743e-05    2.144940e-01    0.000000e+00 
	   energy              1.607330e-03    3.177481e-05    1.607330e-05 
	   displacement        2.049994e-01    7.684369e-04    1.592772e-07 
 5
 Nonlinear solution status: time= 0.1
	stiffness updates             = 4
	right hand side evaluations   = 10
	stiffness matrix reformations = 1
	step from line search         = 0.485425
	convergence norms :     INITIAL         CURRENT         REQUIRED
	   residual            4.416743e-05    1.766635e-01    0.000000e+00 
	   energy              1.607330e-03    1.490897e-05    1.607330e-05 
	   displacement        2.049994e-01    2.307689e-04    1.679212e-07 
 6
 Nonlinear solution status: time= 0.1
	stiffness updates             = 5
	right hand side evaluations   = 12
	stiffness matrix reformations = 1
	step from line search         = 0.512863
	convergence norms :     INITIAL         CURRENT         REQUIRED
	   residual            4.416743e-05    1.312379e-01    0.000000e+00 
	   energy              1.607330e-03    7.072980e-06    1.607330e-05 
	   displacement        2.049994e-01    5.391515e-04    1.862341e-07 
 7
 Nonlinear solution status: time= 0.1
	stiffness updates             = 6
	right hand side evaluations   = 14
	stiffness matrix reformations = 1
	step from line search         = 0.518941
	convergence norms :     INITIAL         CURRENT         REQUIRED
	   residual            4.416743e-05    4.809616e-02    0.000000e+00 
	   energy              1.607330e-03    5.401645e-06    1.607330e-05 
	   displacement        2.049994e-01    2.477432e-04    1.998994e-07 
 8
 Nonlinear solution status: time= 0.1
	stiffness updates             = 7
	right hand side evaluations   = 16
	stiffness matrix reformations = 1
	step from line search         = 0.501827
	convergence norms :     INITIAL         CURRENT         REQUIRED
	   residual            4.416743e-05    3.752007e-02    0.000000e+00 
	   energy              1.607330e-03    4.063438e-06    1.607330e-05 
	   displacement        2.049994e-01    4.665639e-05    2.046043e-07 
 9
 Nonlinear solution status: time= 0.1
	stiffness updates             = 8
	right hand side evaluations   = 18
	stiffness matrix reformations = 1
	step from line search         = 0.529731
	convergence norms :     INITIAL         CURRENT         REQUIRED
	   residual            4.416743e-05    2.385275e-02    0.000000e+00 
	   energy              1.607330e-03    2.236587e-06    1.607330e-05 
	   displacement        2.049994e-01    1.267380e-05    2.025851e-07 
 10
 Nonlinear solution status: time= 0.1
	stiffness updates             = 9
	right hand side evaluations   = 20
	stiffness matrix reformations = 1
	step from line search         = 0.525447
	convergence norms :     INITIAL         CURRENT         REQUIRED
	   residual            4.416743e-05    1.963947e-02    0.000000e+00 
	   energy              1.607330e-03    1.405420e-06    1.607330e-05 
	   displacement        2.049994e-01    1.277550e-05    2.000615e-07 

 *************************************************************************
 *                               WARNING                                 *
 * Max nr of iterations reached.                                         *
 * Stiffness matrix will now be reformed.                                *
 *************************************************************************
Reforming stiffness matrix: reformation #2

 11
 Nonlinear solution status: time= 0.1
	stiffness updates             = 0
	right hand side evaluations   = 21
	stiffness matrix reformations = 2
	step from line search         = 1.000000
	convergence norms :     INITIAL         CURRENT         REQUIRED
	   residual            4.416743e-05    2.757936e-03    0.000000e+00 
	   energy              1.607330e-03    1.233003e-06    1.607330e-05 
	   displacement        2.049994e-01    5.072454e-05    2.052486e-07 
 12
 Nonlinear solution status: time= 0.1
	stiffness updates             = 1
	right hand side evaluations   = 23
	stiffness matrix reformations = 2
	step from line search         = 0.151906
	convergence norms :     INITIAL         CURRENT         REQUIRED
	   residual            4.416743e-05    9.655298e-04    0.000000e+00 
	   energy              1.607330e-03    1.351244e-07    1.607330e-05 
	   displacement        2.049994e-01    6.854549e-07    2.058010e-07 
 13
 Nonlinear solution status: time= 0.1
	stiffness updates             = 2
	right hand side evaluations   = 24
	stiffness matrix reformations = 2
	step from line search         = 1.000000
	convergence norms :     INITIAL         CURRENT         REQUIRED
	   residual            4.416743e-05    2.098970e-04    0.000000e+00 
	   energy              1.607330e-03    2.825084e-07    1.607330e-05 
	   displacement        2.049994e-01    1.282239e-06    2.050359e-07 
 14
 Nonlinear solution status: time= 0.1
	stiffness updates             = 3
	right hand side evaluations   = 25
	stiffness matrix reformations = 2
	step from line search         = 1.000000
	convergence norms :     INITIAL         CURRENT         REQUIRED
	   residual            4.416743e-05    7.711740e-05    0.000000e+00 
	   energy              1.607330e-03    3.488360e-08    1.607330e-05 
	   displacement        2.049994e-01    9.853244e-08    2.049535e-07 

convergence summary
    number of iterations   : 14
    number of reformations : 2

------- converged at time : 0.1


AUTO STEPPER: decreasing time step, dt = 0.0886405


===== beginning time step 2 : 0.188641 =====


Reforming stiffness matrix: reformation #1

 1
 Nonlinear solution status: time= 0.188641
	stiffness updates             = 0
	right hand side evaluations   = 2
	stiffness matrix reformations = 1
	step from line search         = 1.000000
	convergence norms :     INITIAL         CURRENT         REQUIRED
	   residual            1.118701e-04    7.979212e-01    0.000000e+00 
	   energy              1.265758e-03    2.836811e-04    1.265758e-05 
	   displacement        1.617488e-01    1.617488e-01    1.617488e-07 
 2
 Nonlinear solution status: time= 0.188641
	stiffness updates             = 1
	right hand side evaluations   = 4
	stiffness matrix reformations = 1
	step from line search         = 0.477899
	convergence norms :     INITIAL         CURRENT         REQUIRED
	   residual            1.118701e-04    3.725300e-01    0.000000e+00 
	   energy              1.265758e-03    1.253842e-04    1.265758e-05 
	   displacement        1.617488e-01    3.723869e-04    1.716115e-07 
 3
 Nonlinear solution status: time= 0.188641
	stiffness updates             = 2
	right hand side evaluations   = 6
	stiffness matrix reformations = 1
	step from line search         = 0.627923
	convergence norms :     INITIAL         CURRENT         REQUIRED
	   residual            1.118701e-04    2.466136e-01    0.000000e+00 
	   energy              1.265758e-03    2.647833e-05    1.265758e-05 
	   displacement        1.617488e-01    1.185925e-03    1.449656e-07 
 4
 Nonlinear solution status: time= 0.188641
	stiffness updates             = 3
	right hand side evaluations   = 8
	stiffness matrix reformations = 1
	step from line search         = 0.585255
	convergence norms :     INITIAL         CURRENT         REQUIRED
	   residual            1.118701e-04    7.912606e-02    0.000000e+00 
	   energy              1.265758e-03    1.195819e-05    1.265758e-05 
	   displacement        1.617488e-01    2.501322e-04    1.346012e-07 
 5
 Nonlinear solution status: time= 0.188641
	stiffness updates             = 4
	right hand side evaluations   = 10
	stiffness matrix reformations = 1
	step from line search         = 0.510727
	convergence norms :     INITIAL         CURRENT         REQUIRED
	   residual            1.118701e-04    6.913116e-02    0.000000e+00 
	   energy              1.265758e-03    4.563624e-06    1.265758e-05 
	   displacement        1.617488e-01    1.429435e-04    1.413557e-07 
 6
 Nonlinear solution status: time= 0.188641
	stiffness updates             = 5
	right hand side evaluations   = 12
	stiffness matrix reformations = 1
	step from line search         = 0.550333
	convergence norms :     INITIAL         CURRENT         REQUIRED
	   residual            1.118701e-04    4.496578e-02    0.000000e+00 
	   energy              1.265758e-03    2.432676e-06    1.265758e-05 
	   displacement        1.617488e-01    2.349238e-04    1.524875e-07 
 7
 Nonlinear solution status: time= 0.188641
	stiffness updates             = 6
	right hand side evaluations   = 14
	stiffness matrix reformations = 1
	step from line search         = 0.564290
	convergence norms :     INITIAL         CURRENT         REQUIRED
	   residual            1.118701e-04    1.792969e-02    0.000000e+00 
	   energy              1.265758e-03    1.877996e-06    1.265758e-05 
	   displacement        1.617488e-01    1.113253e-04    1.607526e-07 
 8
 Nonlinear solution status: time= 0.188641
	stiffness updates             = 7
	right hand side evaluations   = 16
	stiffness matrix reformations = 1
	step from line search         = 0.552736
	convergence norms :     INITIAL         CURRENT         REQUIRED
	   residual            1.118701e-04    1.260844e-02    0.000000e+00 
	   energy              1.265758e-03    1.164844e-06    1.265758e-05 
	   displacement        1.617488e-01    1.443451e-05    1.629467e-07 
 9
 Nonlinear solution status: time= 0.188641
	stiffness updates             = 8
	right hand side evaluations   = 18
	stiffness matrix reformations = 1
	step from line search         = 0.557512
	convergence norms :     INITIAL         CURRENT         REQUIRED
	   residual            1.118701e-04    8.553384e-03    0.000000e+00 
	   energy              1.265758e-03    7.235052e-07    1.265758e-05 
	   displacement        1.617488e-01    4.786745e-06    1.616304e-07 
 10
 Nonlinear solution status: time= 0.188641
	stiffness updates             = 9
	right hand side evaluations   = 20
	stiffness matrix reformations = 1
	step from line search         = 0.575628
	convergence norms :     INITIAL         CURRENT         REQUIRED
	   residual            1.118701e-04    6.832653e-03    0.000000e+00 
	   energy              1.265758e-03    4.058653e-07    1.265758e-05 
	   displacement        1.617488e-01    5.802067e-06    1.602485e-07 

 *************************************************************************
 *                               WARNING                                 *
 * Max nr of iterations reached.                                         *
 * Stiffness matrix will now be reformed.                                *
 *************************************************************************
Reforming stiffness matrix: reformation #2

 11
 Nonlinear solution status: time= 0.188641
	stiffness updates             = 0
	right hand side evaluations   = 21
	stiffness matrix reformations = 2
	step from line search         = 1.000000
	convergence norms :     INITIAL         CURRENT         REQUIRED
	   residual            1.118701e-04    4.650319e-04    0.000000e+00 
	   energy              1.265758e-03    2.633727e-07    1.265758e-05 
	   displacement        1.617488e-01    8.555632e-06    1.621621e-07 
 12
 Nonlinear solution status: time= 0.188641
	stiffness updates             = 1
	right hand side evaluations   = 23
	stiffness matrix reformations = 2
	step from line search         = 0.570791
	convergence norms :     INITIAL         CURRENT         REQUIRED
	   residual            1.118701e-04    1.993867e-04    0.000000e+00 
	   energy              1.265758e-03    1.467101e-07    1.265758e-05 
	   displacement        1.617488e-01    2.092073e-07    1.623739e-07 
 13
 Nonlinear solution status: time= 0.188641
	stiffness updates             = 2
	right hand side evaluations   = 24
	stiffness matrix reformations = 2
	step from line search         = 1.000000
	convergence norms :     INITIAL         CURRENT         REQUIRED
	   residual            1.118701e-04    3.148366e-05    0.000000e+00 
	   energy              1.265758e-03    1.290416e-08    1.265758e-05 
	   displacement        1.617488e-01    1.572852e-07    1.621355e-07 

convergence summary
    number of iterations   : 13
    number of reformations : 2

------- converged at time : 0.188641


AUTO STEPPER: decreasing time step, dt = 0.0815374


===== beginning time step 3 : 0.270178 =====


Reforming stiffness matrix: reformation #1

 1
 Nonlinear solution status: time= 0.270178
	stiffness updates             = 0
	right hand side evaluations   = 2
	stiffness matrix reformations = 1
	step from line search         = 1.000000
	convergence norms :     INITIAL         CURRENT         REQUIRED
	   residual            6.077025e-05    5.266488e-01    0.000000e+00 
	   energy              1.073470e-03    2.085650e-04    1.073470e-05 
	   displacement        1.376754e-01    1.376754e-01    1.376754e-07 
 2
 Nonlinear solution status: time= 0.270178
	stiffness updates             = 1
	right hand side evaluations   = 4
	stiffness matrix reformations = 1
	step from line search         = 0.515607
	convergence norms :     INITIAL         CURRENT         REQUIRED
	   residual            6.077025e-05    1.535233e-01    0.000000e+00 
	   energy              1.073470e-03    9.123643e-05    1.073470e-05 
	   displacement        1.376754e-01    2.728470e-04    1.436277e-07 
 3
 Nonlinear solution status: time= 0.270178
	stiffness updates             = 2
	right hand side evaluations   = 5
	stiffness matrix reformations = 1
	step from line search         = 1.000000
	convergence norms :     INITIAL         CURRENT         REQUIRED
	   residual            6.077025e-05    3.228783e-01    0.000000e+00 
	   energy              1.073470e-03    5.753495e-05    1.073470e-05 
	   displacement        1.376754e-01    1.696490e-03    1.147370e-07 
 4
 Nonlinear solution status: time= 0.270178
	stiffness updates             = 3
	right hand side evaluations   = 6
	stiffness matrix reformations = 1
	step from line search         = 1.000000
	convergence norms :     INITIAL         CURRENT         REQUIRED
	   residual            6.077025e-05    2.355096e-01    0.000000e+00 
	   energy              1.073470e-03    5.594435e-05    1.073470e-05 
	   displacement        1.376754e-01    1.821144e-04    1.124363e-07 
 5
 Nonlinear solution status: time= 0.270178
	stiffness updates             = 4
	right hand side evaluations   = 8
	stiffness matrix reformations = 1
	step from line search         = 0.622519
	convergence norms :     INITIAL         CURRENT         REQUIRED
	   residual            6.077025e-05    1.513984e-01    0.000000e+00 
	   energy              1.073470e-03    6.201837e-06    1.073470e-05 
	   displacement        1.376754e-01    3.423527e-04    1.242641e-07 
 6
 Nonlinear solution status: time= 0.270178
	stiffness updates             = 5
	right hand side evaluations   = 10
	stiffness matrix reformations = 1
	step from line search         = 0.521480
	convergence norms :     INITIAL         CURRENT         REQUIRED
	   residual            6.077025e-05    3.573657e-02    0.000000e+00 
	   energy              1.073470e-03    6.870712e-06    1.073470e-05 
	   displacement        1.376754e-01    1.769267e-04    1.334307e-07 
 7
 Nonlinear solution status: time= 0.270178
	stiffness updates             = 6
	right hand side evaluations   = 12
	stiffness matrix reformations = 1
	step from line search         = 0.566437
	convergence norms :     INITIAL         CURRENT         REQUIRED
	   residual            6.077025e-05    1.617443e-02    0.000000e+00 
	   energy              1.073470e-03    1.865577e-06    1.073470e-05 
	   displacement        1.376754e-01    1.544955e-05    1.350326e-07 
 8
 Nonlinear solution status: time= 0.270178
	stiffness updates             = 7
	right hand side evaluations   = 14
	stiffness matrix reformations = 1
	step from line search         = 0.595533
	convergence norms :     INITIAL         CURRENT         REQUIRED
	   residual            6.077025e-05    1.139297e-02    0.000000e+00 
	   energy              1.073470e-03    8.022034e-07    1.073470e-05 
	   displacement        1.376754e-01    4.620026e-06    1.346971e-07 
 9
 Nonlinear solution status: time= 0.270178
	stiffness updates             = 8
	right hand side evaluations   = 16
	stiffness matrix reformations = 1
	step from line search         = 0.574926
	convergence norms :     INITIAL         CURRENT         REQUIRED
	   residual            6.077025e-05    8.394744e-03    0.000000e+00 
	   energy              1.073470e-03    4.889472e-07    1.073470e-05 
	   displacement        1.376754e-01    3.902710e-06    1.349379e-07 
 10
 Nonlinear solution status: time= 0.270178
	stiffness updates             = 9
	right hand side evaluations   = 18
	stiffness matrix reformations = 1
	step from line search         = 0.597313
	convergence norms :     INITIAL         CURRENT         REQUIRED
	   residual            6.077025e-05    5.515580e-03    0.000000e+00 
	   energy              1.073470e-03    2.552583e-07    1.073470e-05 
	   displacement        1.376754e-01    7.886186e-06    1.362859e-07 

 *************************************************************************
 *                               WARNING                                 *
 * Max nr of iterations reached.                                         *
 * Stiffness matrix will now be reformed.                                *
 *************************************************************************
Reforming stiffness matrix: reformation #2

 11
 Nonlinear solution status: time= 0.270178
	stiffness updates             = 0
	right hand side evaluations   = 19
	stiffness matrix reformations = 2
	step from line search         = 1.000000
	convergence norms :     INITIAL         CURRENT         REQUIRED
	   residual            6.077025e-05    1.913716e-05    0.000000e+00 
	   energy              1.073470e-03    1.235696e-08    1.073470e-05 
	   displacement        1.376754e-01    8.784490e-06    1.382485e-07 
 12
 Nonlinear solution status: time= 0.270178
	stiffness updates             = 1
	right hand side evaluations   = 20
	stiffness matrix reformations = 2
	step from line search         = 1.000000
	convergence norms :     INITIAL         CURRENT         REQUIRED
	   residual            6.077025e-05    6.599103e-07    0.000000e+00 
	   energy              1.073470e-03    8.116178e-10    1.073470e-05 
	   displacement        1.376754e-01    1.936253e-08    1.383271e-07 

convergence summary
    number of iterations   : 12
    number of reformations : 2

------- converged at time : 0.270178


AUTO STEPPER: decreasing time step, dt = 0.0780661


===== beginning time step 4 : 0.348244 =====


Reforming stiffness matrix: reformation #1

 1
 Nonlinear solution status: time= 0.348244
	stiffness updates             = 0
	right hand side evaluations   = 2
	stiffness matrix reformations = 1
	step from line search         = 1.000000
	convergence norms :     INITIAL         CURRENT         REQUIRED
	   residual            2.757117e-05    4.033687e-01    0.000000e+00 
	   energy              9.885983e-04    1.885039e-04    9.885983e-06 
	   displacement        1.275635e-01    1.275635e-01    1.275635e-07 
 2
 Nonlinear solution status: time= 0.348244
	stiffness updates             = 1
	right hand side evaluations   = 4
	stiffness matrix reformations = 1
	step from line search         = 0.534382
	convergence norms :     INITIAL         CURRENT         REQUIRED
	   residual            2.757117e-05    9.620453e-02    0.000000e+00 
	   energy              9.885983e-04    8.627821e-05    9.885983e-06 
	   displacement        1.275635e-01    3.060445e-04    1.337151e-07 
 3
 Nonlinear solution status: time= 0.348244
	stiffness updates             = 2
	right hand side evaluations   = 5
	stiffness matrix reformations = 1
	step from line search         = 1.000000
	convergence norms :     INITIAL         CURRENT         REQUIRED
	   residual            2.757117e-05    1.791208e-01    0.000000e+00 
	   energy              9.885983e-04    3.935362e-05    9.885983e-06 
	   displacement        1.275635e-01    1.557654e-03    1.068964e-07 
 4
 Nonlinear solution status: time= 0.348244
	stiffness updates             = 3
	right hand side evaluations   = 6
	stiffness matrix reformations = 1
	step from line search         = 1.000000
	convergence norms :     INITIAL         CURRENT         REQUIRED
	   residual            2.757117e-05    1.403019e-01    0.000000e+00 
	   energy              9.885983e-04    4.154358e-05    9.885983e-06 
	   displacement        1.275635e-01    1.739934e-04    1.060843e-07 
 5
 Nonlinear solution status: time= 0.348244
	stiffness updates             = 4
	right hand side evaluations   = 8
	stiffness matrix reformations = 1
	step from line search         = 0.627322
	convergence norms :     INITIAL         CURRENT         REQUIRED
	   residual            2.757117e-05    9.559916e-02    0.000000e+00 
	   energy              9.885983e-04    4.185819e-06    9.885983e-06 
	   displacement        1.275635e-01    2.668395e-04    1.163455e-07 
 6
 Nonlinear solution status: time= 0.348244
	stiffness updates             = 5
	right hand side evaluations   = 10
	stiffness matrix reformations = 1
	step from line search         = 0.532286
	convergence norms :     INITIAL         CURRENT         REQUIRED
	   residual            2.757117e-05    1.783598e-02    0.000000e+00 
	   energy              9.885983e-04    4.782063e-06    9.885983e-06 
	   displacement        1.275635e-01    1.395403e-04    1.242144e-07 
 7
 Nonlinear solution status: time= 0.348244
	stiffness updates             = 6
	right hand side evaluations   = 12
	stiffness matrix reformations = 1
	step from line search         = 0.591693
	convergence norms :     INITIAL         CURRENT         REQUIRED
	   residual            2.757117e-05    9.058121e-03    0.000000e+00 
	   energy              9.885983e-04    1.084387e-06    9.885983e-06 
	   displacement        1.275635e-01    1.154535e-05    1.255496e-07 
 8
 Nonlinear solution status: time= 0.348244
	stiffness updates             = 7
	right hand side evaluations   = 14
	stiffness matrix reformations = 1
	step from line search         = 0.630767
	convergence norms :     INITIAL         CURRENT         REQUIRED
	   residual            2.757117e-05    6.440233e-03    0.000000e+00 
	   energy              9.885983e-04    4.597935e-07    9.885983e-06 
	   displacement        1.275635e-01    3.642264e-06    1.254489e-07 
 9
 Nonlinear solution status: time= 0.348244
	stiffness updates             = 8
	right hand side evaluations   = 16
	stiffness matrix reformations = 1
	step from line search         = 0.603160
	convergence norms :     INITIAL         CURRENT         REQUIRED
	   residual            2.757117e-05    6.312319e-03    0.000000e+00 
	   energy              9.885983e-04    3.034095e-07    9.885983e-06 
	   displacement        1.275635e-01    4.633589e-06    1.258939e-07 
 10
 Nonlinear solution status: time= 0.348244
	stiffness updates             = 9
	right hand side evaluations   = 18
	stiffness matrix reformations = 1
	step from line search         = 0.631945
	convergence norms :     INITIAL         CURRENT         REQUIRED
	   residual            2.757117e-05    3.087107e-03    0.000000e+00 
	   energy              9.885983e-04    1.597857e-07    9.885983e-06 
	   displacement        1.275635e-01    6.511340e-06    1.271096e-07 

 *************************************************************************
 *                               WARNING                                 *
 * Max nr of iterations reached.                                         *
 * Stiffness matrix will now be reformed.                                *
 *************************************************************************
Reforming stiffness matrix: reformation #2

 11
 Nonlinear solution status: time= 0.348244
	stiffness updates             = 0
	right hand side evaluations   = 19
	stiffness matrix reformations = 2
	step from line search         = 1.000000
	convergence norms :     INITIAL         CURRENT         REQUIRED
	   residual            2.757117e-05    1.119936e-05    0.000000e+00 
	   energy              9.885983e-04    2.024152e-08    9.885983e-06 
	   displacement        1.275635e-01    4.718351e-06    1.283230e-07 
 12
 Nonlinear solution status: time= 0.348244
	stiffness updates             = 1
	right hand side evaluations   = 20
	stiffness matrix reformations = 2
	step from line search         = 1.000000
	convergence norms :     INITIAL         CURRENT         REQUIRED
	   residual            2.757117e-05    4.614719e-07    0.000000e+00 
	   energy              9.885983e-04    2.935433e-11    9.885983e-06 
	   displacement        1.275635e-01    1.597955e-08    1.283852e-07 

convergence summary
    number of iterations   : 12
    number of reformations : 2

------- converged at time : 0.348244


AUTO STEPPER: decreasing time step, dt = 0.0747426


===== beginning time step 5 : 0.422987 =====


Reforming stiffness matrix: reformation #1

 1
 Nonlinear solution status: time= 0.422987
	stiffness updates             = 0
	right hand side evaluations   = 2
	stiffness matrix reformations = 1
	step from line search         = 1.000000
	convergence norms :     INITIAL         CURRENT         REQUIRED
	   residual            2.513469e-05    3.132630e-01    0.000000e+00 
	   energy              9.118078e-04    1.735037e-04    9.118078e-06 
	   displacement        1.185773e-01    1.185773e-01    1.185773e-07 
 2
 Nonlinear solution status: time= 0.422987
	stiffness updates             = 1
	right hand side evaluations   = 4
	stiffness matrix reformations = 1
	step from line search         = 0.553289
	convergence norms :     INITIAL         CURRENT         REQUIRED
	   residual            2.513469e-05    7.934257e-02    0.000000e+00 
	   energy              9.118078e-04    8.410575e-05    9.118078e-06 
	   displacement        1.185773e-01    3.438679e-04    1.250453e-07 
 3
 Nonlinear solution status: time= 0.422987
	stiffness updates             = 2
	right hand side evaluations   = 5
	stiffness matrix reformations = 1
	step from line search         = 1.000000
	convergence norms :     INITIAL         CURRENT         REQUIRED
	   residual            2.513469e-05    1.132801e-01    0.000000e+00 
	   energy              9.118078e-04    2.803134e-05    9.118078e-06 
	   displacement        1.185773e-01    1.491781e-03    9.960374e-08 
 4
 Nonlinear solution status: time= 0.422987
	stiffness updates             = 3
	right hand side evaluations   = 6
	stiffness matrix reformations = 1
	step from line search         = 1.000000
	convergence norms :     INITIAL         CURRENT         REQUIRED
	   residual            2.513469e-05    9.407969e-02    0.000000e+00 
	   energy              9.118078e-04    3.518835e-05    9.118078e-06 
	   displacement        1.185773e-01    1.747490e-04    9.941717e-08 
 5
 Nonlinear solution status: time= 0.422987
	stiffness updates             = 4
	right hand side evaluations   = 7
	stiffness matrix reformations = 1
	step from line search         = 1.000000
	convergence norms :     INITIAL         CURRENT         REQUIRED
	   residual            2.513469e-05    1.602897e-01    0.000000e+00 
	   energy              9.118078e-04    2.765996e-05    9.118078e-06 
	   displacement        1.185773e-01    5.561558e-04    1.141449e-07 
 6
 Nonlinear solution status: time= 0.422987
	stiffness updates             = 5
	right hand side evaluations   = 9
	stiffness matrix reformations = 1
	step from line search         = 0.623543
	convergence norms :     INITIAL         CURRENT         REQUIRED
	   residual            2.513469e-05    3.105922e-02    0.000000e+00 
	   energy              9.118078e-04    6.557073e-06    9.118078e-06 
	   displacement        1.185773e-01    6.254323e-05    1.185057e-07 
 7
 Nonlinear solution status: time= 0.422987
	stiffness updates             = 6
	right hand side evaluations   = 11
	stiffness matrix reformations = 1
	step from line search         = 0.608194
	convergence norms :     INITIAL         CURRENT         REQUIRED
	   residual            2.513469e-05    1.342310e-02    0.000000e+00 
	   energy              9.118078e-04    2.021796e-06    9.118078e-06 
	   displacement        1.185773e-01    3.545336e-05    1.155771e-07 
 8
 Nonlinear solution status: time= 0.422987
	stiffness updates             = 7
	right hand side evaluations   = 13
	stiffness matrix reformations = 1
	step from line search         = 0.582692
	convergence norms :     INITIAL         CURRENT         REQUIRED
	   residual            2.513469e-05    6.654646e-03    0.000000e+00 
	   energy              9.118078e-04    8.060184e-07    9.118078e-06 
	   displacement        1.185773e-01    6.783937e-06    1.146795e-07 
 9
 Nonlinear solution status: time= 0.422987
	stiffness updates             = 8
	right hand side evaluations   = 14
	stiffness matrix reformations = 1
	step from line search         = 1.000000
	convergence norms :     INITIAL         CURRENT         REQUIRED
	   residual            2.513469e-05    1.485456e-02    0.000000e+00 
	   energy              9.118078e-04    1.926090e-06    9.118078e-06 
	   displacement        1.185773e-01    2.558420e-05    1.169719e-07 
 10
 Nonlinear solution status: time= 0.422987
	stiffness updates             = 9
	right hand side evaluations   = 15
	stiffness matrix reformations = 1
	step from line search         = 1.000000
	convergence norms :     INITIAL         CURRENT         REQUIRED
	   residual            2.513469e-05    5.056454e-03    0.000000e+00 
	   energy              9.118078e-04    1.218991e-06    9.118078e-06 
	   displacement        1.185773e-01    1.484338e-05    1.194323e-07 

 *************************************************************************
 *                               WARNING                                 *
 * Max nr of iterations reached.                                         *
 * Stiffness matrix will now be reformed.                                *
 *************************************************************************
Reforming stiffness matrix: reformation #2

 11
 Nonlinear solution status: time= 0.422987
	stiffness updates             = 0
	right hand side evaluations   = 16
	stiffness matrix reformations = 2
	step from line search         = 1.000000
	convergence norms :     INITIAL         CURRENT         REQUIRED
	   residual            2.513469e-05    9.875282e-05    0.000000e+00 
	   energy              9.118078e-04    1.797603e-07    9.118078e-06 
	   displacement        1.185773e-01    5.912080e-06    1.196873e-07 
 12
 Nonlinear solution status: time= 0.422987
	stiffness updates             = 1
	right hand side evaluations   = 17
	stiffness matrix reformations = 2
	step from line search         = 1.000000
	convergence norms :     INITIAL         CURRENT         REQUIRED
	   residual            2.513469e-05    3.067338e-05    0.000000e+00 
	   energy              9.118078e-04    4.090276e-08    9.118078e-06 
	   displacement        1.185773e-01    2.783291e-07    1.194532e-07 
 13
 Nonlinear solution status: time= 0.422987
	stiffness updates             = 2
	right hand side evaluations   = 18
	stiffness matrix reformations = 2
	step from line search         = 1.000000
	convergence norms :     INITIAL         CURRENT         REQUIRED
	   residual            2.513469e-05    2.329707e-07    0.000000e+00 
	   energy              9.118078e-04    1.222362e-09    9.118078e-06 
	   displacement        1.185773e-01    3.359514e-08    1.195252e-07 

convergence summary
    number of iterations   : 13
    number of reformations : 2

------- converged at time : 0.422987


AUTO STEPPER: decreasing time step, dt = 0.0687532


===== beginning time step 6 : 0.49174 =====


Reforming stiffness matrix: reformation #1

 1
 Nonlinear solution status: time= 0.49174
	stiffness updates             = 0
	right hand side evaluations   = 2
	stiffness matrix reformations = 1
	step from line search         = 1.000000
	convergence norms :     INITIAL         CURRENT         REQUIRED
	   residual            2.112085e-05    2.176167e-01    0.000000e+00 
	   energy              7.774416e-04    1.390565e-04    7.774416e-06 
	   displacement        1.020632e-01    1.020632e-01    1.020632e-07 
 2
 Nonlinear solution status: time= 0.49174
	stiffness updates             = 1
	right hand side evaluations   = 4
	stiffness matrix reformations = 1
	step from line search         = 0.571990
	convergence norms :     INITIAL         CURRENT         REQUIRED
	   residual            2.112085e-05    6.581163e-02    0.000000e+00 
	   energy              7.774416e-04    6.748989e-05    7.774416e-06 
	   displacement        1.020632e-01    2.969387e-04    1.071914e-07 
 3
 Nonlinear solution status: time= 0.49174
	stiffness updates             = 2
	right hand side evaluations   = 5
	stiffness matrix reformations = 1
	step from line search         = 1.000000
	convergence norms :     INITIAL         CURRENT         REQUIRED
	   residual            2.112085e-05    6.118604e-02    0.000000e+00 
	   energy              7.774416e-04    1.523561e-05    7.774416e-06 
	   displacement        1.020632e-01    1.078015e-03    8.705021e-08 
 4
 Nonlinear solution status: time= 0.49174
	stiffness updates             = 3
	right hand side evaluations   = 6
	stiffness matrix reformations = 1
	step from line search         = 1.000000
	convergence norms :     INITIAL         CURRENT         REQUIRED
	   residual            2.112085e-05    4.949334e-02    0.000000e+00 
	   energy              7.774416e-04    2.388728e-05    7.774416e-06 
	   displacement        1.020632e-01    1.456953e-04    8.794653e-08 
 5
 Nonlinear solution status: time= 0.49174
	stiffness updates             = 4
	right hand side evaluations   = 7
	stiffness matrix reformations = 1
	step from line search         = 1.000000
	convergence norms :     INITIAL         CURRENT         REQUIRED
	   residual            2.112085e-05    7.738407e-02    0.000000e+00 
	   energy              7.774416e-04    1.477910e-05    7.774416e-06 
	   displacement        1.020632e-01    3.410609e-04    9.882854e-08 
 6
 Nonlinear solution status: time= 0.49174
	stiffness updates             = 5
	right hand side evaluations   = 9
	stiffness matrix reformations = 1
	step from line search         = 0.618191
	convergence norms :     INITIAL         CURRENT         REQUIRED
	   residual            2.112085e-05    1.782394e-02    0.000000e+00 
	   energy              7.774416e-04    4.377064e-06    7.774416e-06 
	   displacement        1.020632e-01    4.110022e-05    1.021057e-07 
 7
 Nonlinear solution status: time= 0.49174
	stiffness updates             = 6
	right hand side evaluations   = 10
	stiffness matrix reformations = 1
	step from line search         = 1.000000
	convergence norms :     INITIAL         CURRENT         REQUIRED
	   residual            2.112085e-05    2.083127e-02    0.000000e+00 
	   energy              7.774416e-04    5.550062e-06    7.774416e-06 
	   displacement        1.020632e-01    4.362621e-05    9.906882e-08 
 8
 Nonlinear solution status: time= 0.49174
	stiffness updates             = 7
	right hand side evaluations   = 11
	stiffness matrix reformations = 1
	step from line search         = 1.000000
	convergence norms :     INITIAL         CURRENT         REQUIRED
	   residual            2.112085e-05    1.176642e-02    0.000000e+00 
	   energy              7.774416e-04    3.257970e-06    7.774416e-06 
	   displacement        1.020632e-01    1.139406e-05    9.917627e-08 
 9
 Nonlinear solution status: time= 0.49174
	stiffness updates             = 8
	right hand side evaluations   = 13
	stiffness matrix reformations = 1
	step from line search         = 0.614715
	convergence norms :     INITIAL         CURRENT         REQUIRED
	   residual            2.112085e-05    6.324975e-03    0.000000e+00 
	   energy              7.774416e-04    5.409365e-07    7.774416e-06 
	   displacement        1.020632e-01    1.167602e-05    1.008881e-07 
 10
 Nonlinear solution status: time= 0.49174
	stiffness updates             = 9
	right hand side evaluations   = 15
	stiffness matrix reformations = 1
	step from line search         = 0.563787
	convergence norms :     INITIAL         CURRENT         REQUIRED
	   residual            2.112085e-05    1.873227e-03    0.000000e+00 
	   energy              7.774416e-04    3.725229e-07    7.774416e-06 
	   displacement        1.020632e-01    4.357553e-06    1.020839e-07 

 *************************************************************************
 *                               WARNING                                 *
 * Max nr of iterations reached.                                         *
 * Stiffness matrix will now be reformed.                                *
 *************************************************************************
Reforming stiffness matrix: reformation #2

 11
 Nonlinear solution status: time= 0.49174
	stiffness updates             = 0
	right hand side evaluations   = 16
	stiffness matrix reformations = 2
	step from line search         = 1.000000
	convergence norms :     INITIAL         CURRENT         REQUIRED
	   residual            2.112085e-05    4.220205e-05    0.000000e+00 
	   energy              7.774416e-04    4.936257e-09    7.774416e-06 
	   displacement        1.020632e-01    5.786986e-06    1.029421e-07 
 12
 Nonlinear solution status: time= 0.49174
	stiffness updates             = 1
	right hand side evaluations   = 17
	stiffness matrix reformations = 2
	step from line search         = 1.000000
	convergence norms :     INITIAL         CURRENT         REQUIRED
	   residual            2.112085e-05    4.732714e-06    0.000000e+00 
	   energy              7.774416e-04    2.580946e-09    7.774416e-06 
	   displacement        1.020632e-01    1.176975e-08    1.029577e-07 

convergence summary
    number of iterations   : 12
    number of reformations : 2

------- converged at time : 0.49174


AUTO STEPPER: decreasing time step, dt = 0.0658262


===== beginning time step 7 : 0.557566 =====


Reforming stiffness matrix: reformation #1

 1
 Nonlinear solution status: time= 0.557566
	stiffness updates             = 0
	right hand side evaluations   = 2
	stiffness matrix reformations = 1
	step from line search         = 1.000000
	convergence norms :     INITIAL         CURRENT         REQUIRED
	   residual            2.372256e-05    1.846319e-01    0.000000e+00 
	   energy              7.188167e-04    1.321866e-04    7.188167e-06 
	   displacement        9.536823e-02    9.536823e-02    9.536823e-08 
 2
 Nonlinear solution status: time= 0.557566
	stiffness updates             = 1
	right hand side evaluations   = 4
	stiffness matrix reformations = 1
	step from line search         = 0.566132
	convergence norms :     INITIAL         CURRENT         REQUIRED
	   residual            2.372256e-05    6.404352e-02    0.000000e+00 
	   energy              7.188167e-04    6.309087e-05    7.188167e-06 
	   displacement        9.536823e-02    3.157945e-04    1.008580e-07 
 3
 Nonlinear solution status: time= 0.557566
	stiffness updates             = 2
	right hand side evaluations   = 5
	stiffness matrix reformations = 1
	step from line search         = 1.000000
	convergence norms :     INITIAL         CURRENT         REQUIRED
	   residual            2.372256e-05    5.070279e-02    0.000000e+00 
	   energy              7.188167e-04    1.284850e-05    7.188167e-06 
	   displacement        9.536823e-02    1.079740e-03    8.131715e-08 
 4
 Nonlinear solution status: time= 0.557566
	stiffness updates             = 3
	right hand side evaluations   = 6
	stiffness matrix reformations = 1
	step from line search         = 1.000000
	convergence norms :     INITIAL         CURRENT         REQUIRED
	   residual            2.372256e-05    3.856013e-02    0.000000e+00 
	   energy              7.188167e-04    2.016572e-05    7.188167e-06 
	   displacement        9.536823e-02    1.382300e-04    8.190683e-08 
 5
 Nonlinear solution status: time= 0.557566
	stiffness updates             = 4
	right hand side evaluations   = 7
	stiffness matrix reformations = 1
	step from line search         = 1.000000
	convergence norms :     INITIAL         CURRENT         REQUIRED
	   residual            2.372256e-05    5.029295e-02    0.000000e+00 
	   energy              7.188167e-04    1.137075e-05    7.188167e-06 
	   displacement        9.536823e-02    3.297234e-04    9.230237e-08 
 6
 Nonlinear solution status: time= 0.557566
	stiffness updates             = 5
	right hand side evaluations   = 9
	stiffness matrix reformations = 1
	step from line search         = 0.622461
	convergence norms :     INITIAL         CURRENT         REQUIRED
	   residual            2.372256e-05    2.265815e-02    0.000000e+00 
	   energy              7.188167e-04    3.655156e-06    7.188167e-06 
	   displacement        9.536823e-02    4.233161e-05    9.567586e-08 
 7
 Nonlinear solution status: time= 0.557566
	stiffness updates             = 6
	right hand side evaluations   = 10
	stiffness matrix reformations = 1
	step from line search         = 1.000000
	convergence norms :     INITIAL         CURRENT         REQUIRED
	   residual            2.372256e-05    1.613321e-02    0.000000e+00 
	   energy              7.188167e-04    4.230255e-06    7.188167e-06 
	   displacement        9.536823e-02    3.485468e-05    9.299689e-08 
 8
 Nonlinear solution status: time= 0.557566
	stiffness updates             = 7
	right hand side evaluations   = 11
	stiffness matrix reformations = 1
	step from line search         = 1.000000
	convergence norms :     INITIAL         CURRENT         REQUIRED
	   residual            2.372256e-05    8.957926e-03    0.000000e+00 
	   energy              7.188167e-04    2.767795e-06    7.188167e-06 
	   displacement        9.536823e-02    1.078638e-05    9.288385e-08 
 9
 Nonlinear solution status: time= 0.557566
	stiffness updates             = 8
	right hand side evaluations   = 13
	stiffness matrix reformations = 1
	step from line search         = 0.620691
	convergence norms :     INITIAL         CURRENT         REQUIRED
	   residual            2.372256e-05    4.502370e-03    0.000000e+00 
	   energy              7.188167e-04    4.238660e-07    7.188167e-06 
	   displacement        9.536823e-02    9.124618e-06    9.431272e-08 
 10
 Nonlinear solution status: time= 0.557566
	stiffness updates             = 9
	right hand side evaluations   = 15
	stiffness matrix reformations = 1
	step from line search         = 0.575564
	convergence norms :     INITIAL         CURRENT         REQUIRED
	   residual            2.372256e-05    1.772522e-03    0.000000e+00 
	   energy              7.188167e-04    3.016211e-07    7.188167e-06 
	   displacement        9.536823e-02    4.352693e-06    9.546316e-08 

 *************************************************************************
 *                               WARNING                                 *
 * Max nr of iterations reached.                                         *
 * Stiffness matrix will now be reformed.                                *
 *************************************************************************
Reforming stiffness matrix: reformation #2

 11
 Nonlinear solution status: time= 0.557566
	stiffness updates             = 0
	right hand side evaluations   = 16
	stiffness matrix reformations = 2
	step from line search         = 1.000000
	convergence norms :     INITIAL         CURRENT         REQUIRED
	   residual            2.372256e-05    3.319087e-05    0.000000e+00 
	   energy              7.188167e-04    2.864813e-09    7.188167e-06 
	   displacement        9.536823e-02    5.314043e-06    9.626179e-08 
 12
 Nonlinear solution status: time= 0.557566
	stiffness updates             = 1
	right hand side evaluations   = 17
	stiffness matrix reformations = 2
	step from line search         = 1.000000
	convergence norms :     INITIAL         CURRENT         REQUIRED
	   residual            2.372256e-05    1.301199e-05    0.000000e+00 
	   energy              7.188167e-04    2.452939e-09    7.188167e-06 
	   displacement        9.536823e-02    1.595420e-08    9.629081e-08 

convergence summary
    number of iterations   : 12
    number of reformations : 2

------- converged at time : 0.557566


AUTO STEPPER: decreasing time step, dt = 0.0630238


===== beginning time step 8 : 0.62059 =====


Reforming stiffness matrix: reformation #1

 1
 Nonlinear solution status: time= 0.62059
	stiffness updates             = 0
	right hand side evaluations   = 2
	stiffness matrix reformations = 1
	step from line search         = 1.000000
	convergence norms :     INITIAL         CURRENT         REQUIRED
	   residual            3.041957e-05    1.586769e-01    0.000000e+00 
	   energy              6.650635e-04    1.258907e-04    6.650635e-06 
	   displacement        8.926076e-02    8.926076e-02    8.926076e-08 
 2
 Nonlinear solution status: time= 0.62059
	stiffness updates             = 1
	right hand side evaluations   = 4
	stiffness matrix reformations = 1
	step from line search         = 0.544257
	convergence norms :     INITIAL         CURRENT         REQUIRED
	   residual            3.041957e-05    5.531325e-02    0.000000e+00 
	   energy              6.650635e-04    5.559294e-05    6.650635e-06 
	   displacement        8.926076e-02    3.085790e-04    9.469291e-08 
 3
 Nonlinear solution status: time= 0.62059
	stiffness updates             = 2
	right hand side evaluations   = 5
	stiffness matrix reformations = 1
	step from line search         = 1.000000
	convergence norms :     INITIAL         CURRENT         REQUIRED
	   residual            3.041957e-05    8.002080e-02    0.000000e+00 
	   energy              6.650635e-04    2.180755e-05    6.650635e-06 
	   displacement        8.926076e-02    1.024696e-03    7.625349e-08 
 4
 Nonlinear solution status: time= 0.62059
	stiffness updates             = 3
	right hand side evaluations   = 7
	stiffness matrix reformations = 1
	step from line search         = 0.233510
	convergence norms :     INITIAL         CURRENT         REQUIRED
	   residual            3.041957e-05    5.337901e-02    0.000000e+00 
	   energy              6.650635e-04    6.578011e-08    6.650635e-06 
	   displacement        8.926076e-02    2.128976e-05    7.423720e-08 
 5
 Nonlinear solution status: time= 0.62059
	stiffness updates             = 4
	right hand side evaluations   = 9
	stiffness matrix reformations = 1
	step from line search         = 0.557406
	convergence norms :     INITIAL         CURRENT         REQUIRED
	   residual            3.041957e-05    1.247330e-02    0.000000e+00 
	   energy              6.650635e-04    3.281162e-06    6.650635e-06 
	   displacement        8.926076e-02    1.406148e-04    7.912366e-08 
 6
 Nonlinear solution status: time= 0.62059
	stiffness updates             = 5
	right hand side evaluations   = 10
	stiffness matrix reformations = 1
	step from line search         = 1.000000
	convergence norms :     INITIAL         CURRENT         REQUIRED
	   residual            3.041957e-05    2.656283e-02    0.000000e+00 
	   energy              6.650635e-04    6.361860e-06    6.650635e-06 
	   displacement        8.926076e-02    3.423182e-04    8.958484e-08 
 7
 Nonlinear solution status: time= 0.62059
	stiffness updates             = 6
	right hand side evaluations   = 11
	stiffness matrix reformations = 1
	step from line search         = 1.000000
	convergence norms :     INITIAL         CURRENT         REQUIRED
	   residual            3.041957e-05    1.242561e-02    0.000000e+00 
	   energy              6.650635e-04    4.022966e-06    6.650635e-06 
	   displacement        8.926076e-02    2.536314e-05    9.200423e-08 
 8
 Nonlinear solution status: time= 0.62059
	stiffness updates             = 7
	right hand side evaluations   = 12
	stiffness matrix reformations = 1
	step from line search         = 1.000000
	convergence norms :     INITIAL         CURRENT         REQUIRED
	   residual            3.041957e-05    9.770955e-03    0.000000e+00 
	   energy              6.650635e-04    3.653394e-06    6.650635e-06 
	   displacement        8.926076e-02    8.558031e-05    8.691170e-08 
 9
 Nonlinear solution status: time= 0.62059
	stiffness updates             = 8
	right hand side evaluations   = 13
	stiffness matrix reformations = 1
	step from line search         = 1.000000
	convergence norms :     INITIAL         CURRENT         REQUIRED
	   residual            3.041957e-05    5.168456e-03    0.000000e+00 
	   energy              6.650635e-04    1.287103e-06    6.650635e-06 
	   displacement        8.926076e-02    8.788251e-06    8.712991e-08 
 10
 Nonlinear solution status: time= 0.62059
	stiffness updates             = 9
	right hand side evaluations   = 15
	stiffness matrix reformations = 1
	step from line search         = 0.567796
	convergence norms :     INITIAL         CURRENT         REQUIRED
	   residual            3.041957e-05    2.030957e-03    0.000000e+00 
	   energy              6.650635e-04    3.310976e-07    6.650635e-06 
	   displacement        8.926076e-02    1.224186e-05    8.901357e-08 

 *************************************************************************
 *                               WARNING                                 *
 * Max nr of iterations reached.                                         *
 * Stiffness matrix will now be reformed.                                *
 *************************************************************************
Reforming stiffness matrix: reformation #2

 11
 Nonlinear solution status: time= 0.62059
	stiffness updates             = 0
	right hand side evaluations   = 16
	stiffness matrix reformations = 2
	step from line search         = 1.000000
	convergence norms :     INITIAL         CURRENT         REQUIRED
	   residual            3.041957e-05    8.133180e-04    0.000000e+00 
	   energy              6.650635e-04    8.889288e-08    6.650635e-06 
	   displacement        8.926076e-02    6.501023e-06    9.018014e-08 
 12
 Nonlinear solution status: time= 0.62059
	stiffness updates             = 1
	right hand side evaluations   = 18
	stiffness matrix reformations = 2
	step from line search         = 0.629303
	convergence norms :     INITIAL         CURRENT         REQUIRED
	   residual            3.041957e-05    1.714246e-04    0.000000e+00 
	   energy              6.650635e-04    5.267726e-08    6.650635e-06 
	   displacement        8.926076e-02    8.960014e-08    9.027672e-08 

convergence summary
    number of iterations   : 12
    number of reformations : 2

------- converged at time : 0.62059


AUTO STEPPER: decreasing time step, dt = 0.0603407


===== beginning time step 9 : 0.680931 =====


Reforming stiffness matrix: reformation #1

 1
 Nonlinear solution status: time= 0.680931
	stiffness updates             = 0
	right hand side evaluations   = 2
	stiffness matrix reformations = 1
	step from line search         = 1.000000
	convergence norms :     INITIAL         CURRENT         REQUIRED
	   residual            1.871955e-04    4.531278e-01    0.000000e+00 
	   energy              6.159992e-04    1.555243e-04    6.159992e-06 
	   displacement        8.380151e-02    8.380151e-02    8.380151e-08 
 2

 *************************************************************************
 *                                ERROR                                  *
 * 8 negative jacobians detected.                                        *
 *************************************************************************


------- failed to converge at time : 0.680931

Retrying time step. Retry attempt 1 of max 40


AUTO STEPPER: retry step, dt = 0.058869


===== beginning time step 9 : 0.679459 =====


Reforming stiffness matrix: reformation #1

 1
 Nonlinear solution status: time= 0.679459
	stiffness updates             = 0
	right hand side evaluations   = 2
	stiffness matrix reformations = 1
	step from line search         = 1.000000
	convergence norms :     INITIAL         CURRENT         REQUIRED
	   residual            1.864282e-04    4.199870e-01    0.000000e+00 
	   energy              5.863164e-04    1.418443e-04    5.863164e-06 
	   displacement        7.976336e-02    7.976336e-02    7.976336e-08 
 2

 *************************************************************************
 *                                ERROR                                  *
 * 8 negative jacobians detected.                                        *
 *************************************************************************


------- failed to converge at time : 0.679459

Retrying time step. Retry attempt 2 of max 40


AUTO STEPPER: retry step, dt = 0.0573972


===== beginning time step 9 : 0.677987 =====


Reforming stiffness matrix: reformation #1

 1
 Nonlinear solution status: time= 0.677987
	stiffness updates             = 0
	right hand side evaluations   = 2
	stiffness matrix reformations = 1
	step from line search         = 1.000000
	convergence norms :     INITIAL         CURRENT         REQUIRED
	   residual            1.856800e-04    3.886313e-01    0.000000e+00 
	   energy              5.573666e-04    1.290979e-04    5.573666e-06 
	   displacement        7.582492e-02    7.582492e-02    7.582492e-08 
 2

 *************************************************************************
 *                                ERROR                                  *
 * 8 negative jacobians detected.                                        *
 *************************************************************************


------- failed to converge at time : 0.677987

Retrying time step. Retry attempt 3 of max 40


AUTO STEPPER: retry step, dt = 0.0559255


===== beginning time step 9 : 0.676515 =====


Reforming stiffness matrix: reformation #1

 1
 Nonlinear solution status: time= 0.676515
	stiffness updates             = 0
	right hand side evaluations   = 2
	stiffness matrix reformations = 1
	step from line search         = 1.000000
	convergence norms :     INITIAL         CURRENT         REQUIRED
	   residual            1.849509e-04    3.590035e-01    0.000000e+00 
	   energy              5.291498e-04    1.172416e-04    5.291498e-06 
	   displacement        7.198620e-02    7.198620e-02    7.198620e-08 
 2

 *************************************************************************
 *                                ERROR                                  *
 * 8 negative jacobians detected.                                        *
 *************************************************************************


------- failed to converge at time : 0.676515

Retrying time step. Retry attempt 4 of max 40


AUTO STEPPER: retry step, dt = 0.0544538


===== beginning time step 9 : 0.675044 =====


Reforming stiffness matrix: reformation #1

 1
 Nonlinear solution status: time= 0.675044
	stiffness updates             = 0
	right hand side evaluations   = 2
	stiffness matrix reformations = 1
	step from line search         = 1.000000
	convergence norms :     INITIAL         CURRENT         REQUIRED
	   residual            1.842410e-04    3.310468e-01    0.000000e+00 
	   energy              5.016660e-04    1.062328e-04    5.016660e-06 
	   displacement        6.824718e-02    6.824718e-02    6.824718e-08 
 2

 *************************************************************************
 *                                ERROR                                  *
 * 8 negative jacobians detected.                                        *
 *************************************************************************


------- failed to converge at time : 0.675044

Retrying time step. Retry attempt 5 of max 40


AUTO STEPPER: retry step, dt = 0.0529821


===== beginning time step 9 : 0.673572 =====


Reforming stiffness matrix: reformation #1

 1
 Nonlinear solution status: time= 0.673572
	stiffness updates             = 0
	right hand side evaluations   = 2
	stiffness matrix reformations = 1
	step from line search         = 1.000000
	convergence norms :     INITIAL         CURRENT         REQUIRED
	   residual            1.835502e-04    3.047045e-01    0.000000e+00 
	   energy              4.749152e-04    9.603003e-05    4.749152e-06 
	   displacement        6.460788e-02    6.460788e-02    6.460788e-08 
 2

 *************************************************************************
 *                                ERROR                                  *
 * 8 negative jacobians detected.                                        *
 *************************************************************************


------- failed to converge at time : 0.673572

Retrying time step. Retry attempt 6 of max 40


AUTO STEPPER: retry step, dt = 0.0515103


===== beginning time step 9 : 0.6721 =====


Reforming stiffness matrix: reformation #1

 1
 Nonlinear solution status: time= 0.6721
	stiffness updates             = 0
	right hand side evaluations   = 2
	stiffness matrix reformations = 1
	step from line search         = 1.000000
	convergence norms :     INITIAL         CURRENT         REQUIRED
	   residual            1.828786e-04    2.799204e-01    0.000000e+00 
	   energy              4.488974e-04    8.659263e-05    4.488974e-06 
	   displacement        6.106829e-02    6.106829e-02    6.106829e-08 
 2

 *************************************************************************
 *                                ERROR                                  *
 * 6 negative jacobians detected.                                        *
 *************************************************************************


------- failed to converge at time : 0.6721

Retrying time step. Retry attempt 7 of max 40


AUTO STEPPER: retry step, dt = 0.0500386


===== beginning time step 9 : 0.670629 =====


Reforming stiffness matrix: reformation #1

 1
 Nonlinear solution status: time= 0.670629
	stiffness updates             = 0
	right hand side evaluations   = 2
	stiffness matrix reformations = 1
	step from line search         = 1.000000
	convergence norms :     INITIAL         CURRENT         REQUIRED
	   residual            1.822261e-04    2.566385e-01    0.000000e+00 
	   energy              4.236126e-04    7.788112e-05    4.236126e-06 
	   displacement        5.762840e-02    5.762840e-02    5.762840e-08 
 2

 *************************************************************************
 *                                ERROR                                  *
 * 4 negative jacobians detected.                                        *
 *************************************************************************


------- failed to converge at time : 0.670629

Retrying time step. Retry attempt 8 of max 40


AUTO STEPPER: retry step, dt = 0.0485669


===== beginning time step 9 : 0.669157 =====


Reforming stiffness matrix: reformation #1

 1
 Nonlinear solution status: time= 0.669157
	stiffness updates             = 0
	right hand side evaluations   = 2
	stiffness matrix reformations = 1
	step from line search         = 1.000000
	convergence norms :     INITIAL         CURRENT         REQUIRED
	   residual            1.815927e-04    2.348032e-01    0.000000e+00 
	   energy              3.990609e-04    6.985701e-05    3.990609e-06 
	   displacement        5.428823e-02    5.428823e-02    5.428823e-08 
 2

 *************************************************************************
 *                                ERROR                                  *
 * 4 negative jacobians detected.                                        *
 *************************************************************************


------- failed to converge at time : 0.669157

Retrying time step. Retry attempt 9 of max 40


AUTO STEPPER: retry step, dt = 0.0470952


===== beginning time step 9 : 0.667685 =====


Reforming stiffness matrix: reformation #1

 1
 Nonlinear solution status: time= 0.667685
	stiffness updates             = 0
	right hand side evaluations   = 2
	stiffness matrix reformations = 1
	step from line search         = 1.000000
	convergence norms :     INITIAL         CURRENT         REQUIRED
	   residual            1.809784e-04    2.143593e-01    0.000000e+00 
	   energy              3.752421e-04    6.248280e-05    3.752421e-06 
	   displacement        5.104777e-02    5.104777e-02    5.104777e-08 
 2

 *************************************************************************
 *                                ERROR                                  *
 * 4 negative jacobians detected.                                        *
 *************************************************************************


------- failed to converge at time : 0.667685

Retrying time step. Retry attempt 10 of max 40


AUTO STEPPER: retry step, dt = 0.0456234


===== beginning time step 9 : 0.666213 =====


Reforming stiffness matrix: reformation #1

 1
 Nonlinear solution status: time= 0.666213
	stiffness updates             = 0
	right hand side evaluations   = 2
	stiffness matrix reformations = 1
	step from line search         = 1.000000
	convergence norms :     INITIAL         CURRENT         REQUIRED
	   residual            1.803833e-04    1.952521e-01    0.000000e+00 
	   energy              3.521564e-04    5.572202e-05    3.521564e-06 
	   displacement        4.790702e-02    4.790702e-02    4.790702e-08 
 2

 *************************************************************************
 *                                ERROR                                  *
 * 4 negative jacobians detected.                                        *
 *************************************************************************


------- failed to converge at time : 0.666213

Retrying time step. Retry attempt 11 of max 40


AUTO STEPPER: retry step, dt = 0.0441517


===== beginning time step 9 : 0.664742 =====


Reforming stiffness matrix: reformation #1

 1
 Nonlinear solution status: time= 0.664742
	stiffness updates             = 0
	right hand side evaluations   = 2
	stiffness matrix reformations = 1
	step from line search         = 1.000000
	convergence norms :     INITIAL         CURRENT         REQUIRED
	   residual            1.798073e-04    1.774273e-01    0.000000e+00 
	   energy              3.298036e-04    4.953926e-05    3.298036e-06 
	   displacement        4.486598e-02    4.486598e-02    4.486598e-08 
 2

 *************************************************************************
 *                                ERROR                                  *
 * 4 negative jacobians detected.                                        *
 *************************************************************************


------- failed to converge at time : 0.664742

Retrying time step. Retry attempt 12 of max 40


AUTO STEPPER: retry step, dt = 0.04268


===== beginning time step 9 : 0.66327 =====


Reforming stiffness matrix: reformation #1

 1
 Nonlinear solution status: time= 0.66327
	stiffness updates             = 0
	right hand side evaluations   = 2
	stiffness matrix reformations = 1
	step from line search         = 1.000000
	convergence norms :     INITIAL         CURRENT         REQUIRED
	   residual            1.792505e-04    1.608312e-01    0.000000e+00 
	   energy              3.081839e-04    4.390012e-05    3.081839e-06 
	   displacement        4.192464e-02    4.192464e-02    4.192464e-08 
 2

 *************************************************************************
 *                                ERROR                                  *
 * 3 negative jacobians detected.                                        *
 *************************************************************************


------- failed to converge at time : 0.66327

Retrying time step. Retry attempt 13 of max 40


AUTO STEPPER: retry step, dt = 0.0412083


===== beginning time step 9 : 0.661798 =====


Reforming stiffness matrix: reformation #1

 1
 Nonlinear solution status: time= 0.661798
	stiffness updates             = 0
	right hand side evaluations   = 2
	stiffness matrix reformations = 1
	step from line search         = 1.000000
	convergence norms :     INITIAL         CURRENT         REQUIRED
	   residual            1.787128e-04    1.454103e-01    0.000000e+00 
	   energy              2.872971e-04    3.877122e-05    2.872971e-06 
	   displacement        3.908302e-02    3.908302e-02    3.908302e-08 
 2

 *************************************************************************
 *                                ERROR                                  *
 * 3 negative jacobians detected.                                        *
 *************************************************************************


------- failed to converge at time : 0.661798

Retrying time step. Retry attempt 14 of max 40


AUTO STEPPER: retry step, dt = 0.0397366


===== beginning time step 9 : 0.660327 =====


Reforming stiffness matrix: reformation #1

 1
 Nonlinear solution status: time= 0.660327
	stiffness updates             = 0
	right hand side evaluations   = 2
	stiffness matrix reformations = 1
	step from line search         = 1.000000
	convergence norms :     INITIAL         CURRENT         REQUIRED
	   residual            1.781942e-04    1.311122e-01    0.000000e+00 
	   energy              2.671434e-04    3.412025e-05    2.671434e-06 
	   displacement        3.634112e-02    3.634112e-02    3.634112e-08 
 2

 *************************************************************************
 *                                ERROR                                  *
 * 2 negative jacobians detected.                                        *
 *************************************************************************


------- failed to converge at time : 0.660327

Retrying time step. Retry attempt 15 of max 40


AUTO STEPPER: retry step, dt = 0.0382648


===== beginning time step 9 : 0.658855 =====


Reforming stiffness matrix: reformation #1

 1
 Nonlinear solution status: time= 0.658855
	stiffness updates             = 0
	right hand side evaluations   = 2
	stiffness matrix reformations = 1
	step from line search         = 1.000000
	convergence norms :     INITIAL         CURRENT         REQUIRED
	   residual            1.776947e-04    1.178848e-01    0.000000e+00 
	   energy              2.477227e-04    2.991593e-05    2.477227e-06 
	   displacement        3.369892e-02    3.369892e-02    3.369892e-08 
 2

 *************************************************************************
 *                                ERROR                                  *
 * 2 negative jacobians detected.                                        *
 *************************************************************************


------- failed to converge at time : 0.658855

Retrying time step. Retry attempt 16 of max 40


AUTO STEPPER: retry step, dt = 0.0367931


===== beginning time step 9 : 0.657383 =====


Reforming stiffness matrix: reformation #1

 1
 Nonlinear solution status: time= 0.657383
	stiffness updates             = 0
	right hand side evaluations   = 2
	stiffness matrix reformations = 1
	step from line search         = 1.000000
	convergence norms :     INITIAL         CURRENT         REQUIRED
	   residual            1.772144e-04    1.056766e-01    0.000000e+00 
	   energy              2.290350e-04    2.612802e-05    2.290350e-06 
	   displacement        3.115643e-02    3.115643e-02    3.115643e-08 
 2

 *************************************************************************
 *                                ERROR                                  *
 * 2 negative jacobians detected.                                        *
 *************************************************************************


------- failed to converge at time : 0.657383

Retrying time step. Retry attempt 17 of max 40


AUTO STEPPER: retry step, dt = 0.0353214


===== beginning time step 9 : 0.655911 =====


Reforming stiffness matrix: reformation #1

 1
 Nonlinear solution status: time= 0.655911
	stiffness updates             = 0
	right hand side evaluations   = 2
	stiffness matrix reformations = 1
	step from line search         = 1.000000
	convergence norms :     INITIAL         CURRENT         REQUIRED
	   residual            1.767532e-04    9.443711e-02    0.000000e+00 
	   energy              2.110803e-04    2.272734e-05    2.110803e-06 
	   displacement        2.871365e-02    2.871365e-02    2.871365e-08 
 2

 *************************************************************************
 *                                ERROR                                  *
 * 2 negative jacobians detected.                                        *
 *************************************************************************


------- failed to converge at time : 0.655911

Retrying time step. Retry attempt 18 of max 40


AUTO STEPPER: retry step, dt = 0.0338497


===== beginning time step 9 : 0.65444 =====


Reforming stiffness matrix: reformation #1

 1
 Nonlinear solution status: time= 0.65444
	stiffness updates             = 0
	right hand side evaluations   = 2
	stiffness matrix reformations = 1
	step from line search         = 1.000000
	convergence norms :     INITIAL         CURRENT         REQUIRED
	   residual            1.763112e-04    8.411631e-02    0.000000e+00 
	   energy              1.938586e-04    1.968578e-05    1.938586e-06 
	   displacement        2.637058e-02    2.637058e-02    2.637058e-08 
 2

 *************************************************************************
 *                                ERROR                                  *
 * 2 negative jacobians detected.                                        *
 *************************************************************************


------- failed to converge at time : 0.65444

Retrying time step. Retry attempt 19 of max 40


AUTO STEPPER: retry step, dt = 0.0323779


===== beginning time step 9 : 0.652968 =====


Reforming stiffness matrix: reformation #1

 1
 Nonlinear solution status: time= 0.652968
	stiffness updates             = 0
	right hand side evaluations   = 2
	stiffness matrix reformations = 1
	step from line search         = 1.000000
	convergence norms :     INITIAL         CURRENT         REQUIRED
	   residual            1.758882e-04    7.466514e-02    0.000000e+00 
	   energy              1.773699e-04    1.697625e-05    1.773699e-06 
	   displacement        2.412723e-02    2.412723e-02    2.412723e-08 
 2

 *************************************************************************
 *                                ERROR                                  *
 * 2 negative jacobians detected.                                        *
 *************************************************************************


------- failed to converge at time : 0.652968

Retrying time step. Retry attempt 20 of max 40


AUTO STEPPER: retry step, dt = 0.0309062


===== beginning time step 9 : 0.651496 =====


Reforming stiffness matrix: reformation #1

 1
 Nonlinear solution status: time= 0.651496
	stiffness updates             = 0
	right hand side evaluations   = 2
	stiffness matrix reformations = 1
	step from line search         = 1.000000
	convergence norms :     INITIAL         CURRENT         REQUIRED
	   residual            1.754844e-04    6.603537e-02    0.000000e+00 
	   energy              1.616142e-04    1.457276e-05    1.616142e-06 
	   displacement        2.198358e-02    2.198358e-02    2.198358e-08 
 2

 *************************************************************************
 *                                ERROR                                  *
 * 2 negative jacobians detected.                                        *
 *************************************************************************


------- failed to converge at time : 0.651496

Retrying time step. Retry attempt 21 of max 40


AUTO STEPPER: retry step, dt = 0.0294345


===== beginning time step 9 : 0.650024 =====


Reforming stiffness matrix: reformation #1

 1
 Nonlinear solution status: time= 0.650024
	stiffness updates             = 0
	right hand side evaluations   = 2
	stiffness matrix reformations = 1
	step from line search         = 1.000000
	convergence norms :     INITIAL         CURRENT         REQUIRED
	   residual            1.750998e-04    5.817968e-02    0.000000e+00 
	   energy              1.465915e-04    1.245036e-05    1.465915e-06 
	   displacement        1.993964e-02    1.993964e-02    1.993964e-08 
 2

 *************************************************************************
 *                                ERROR                                  *
 * 2 negative jacobians detected.                                        *
 *************************************************************************


------- failed to converge at time : 0.650024

Retrying time step. Retry attempt 22 of max 40


AUTO STEPPER: retry step, dt = 0.0279628


===== beginning time step 9 : 0.648553 =====


Reforming stiffness matrix: reformation #1

 1
 Nonlinear solution status: time= 0.648553
	stiffness updates             = 0
	right hand side evaluations   = 2
	stiffness matrix reformations = 1
	step from line search         = 1.000000
	convergence norms :     INITIAL         CURRENT         REQUIRED
	   residual            1.747343e-04    5.105171e-02    0.000000e+00 
	   energy              1.323018e-04    1.058519e-05    1.323018e-06 
	   displacement        1.799542e-02    1.799542e-02    1.799542e-08 
 2

 *************************************************************************
 *                                ERROR                                  *
 * 2 negative jacobians detected.                                        *
 *************************************************************************


------- failed to converge at time : 0.648553

Retrying time step. Retry attempt 23 of max 40


AUTO STEPPER: retry step, dt = 0.026491


===== beginning time step 9 : 0.647081 =====


Reforming stiffness matrix: reformation #1

 1
 Nonlinear solution status: time= 0.647081
	stiffness updates             = 0
	right hand side evaluations   = 2
	stiffness matrix reformations = 1
	step from line search         = 1.000000
	convergence norms :     INITIAL         CURRENT         REQUIRED
	   residual            1.743879e-04    4.460610e-02    0.000000e+00 
	   energy              1.187452e-04    8.954449e-06    1.187452e-06 
	   displacement        1.615090e-02    1.615090e-02    1.615090e-08 
 2

 *************************************************************************
 *                                ERROR                                  *
 * 2 negative jacobians detected.                                        *
 *************************************************************************


------- failed to converge at time : 0.647081

Retrying time step. Retry attempt 24 of max 40


AUTO STEPPER: retry step, dt = 0.0250193


===== beginning time step 9 : 0.645609 =====


Reforming stiffness matrix: reformation #1

 1
 Nonlinear solution status: time= 0.645609
	stiffness updates             = 0
	right hand side evaluations   = 2
	stiffness matrix reformations = 1
	step from line search         = 1.000000
	convergence norms :     INITIAL         CURRENT         REQUIRED
	   residual            1.740606e-04    3.879860e-02    0.000000e+00 
	   energy              1.059215e-04    7.536425e-06    1.059215e-06 
	   displacement        1.440610e-02    1.440610e-02    1.440610e-08 
 2

 *************************************************************************
 *                                ERROR                                  *
 * 2 negative jacobians detected.                                        *
 *************************************************************************


------- failed to converge at time : 0.645609

Retrying time step. Retry attempt 25 of max 40


AUTO STEPPER: retry step, dt = 0.0235476


===== beginning time step 9 : 0.644138 =====


Reforming stiffness matrix: reformation #1

 1
 Nonlinear solution status: time= 0.644138
	stiffness updates             = 0
	right hand side evaluations   = 2
	stiffness matrix reformations = 1
	step from line search         = 1.000000
	convergence norms :     INITIAL         CURRENT         REQUIRED
	   residual            1.737525e-04    3.358606e-02    0.000000e+00 
	   energy              9.383085e-05    6.310485e-06    9.383085e-07 
	   displacement        1.276101e-02    1.276101e-02    1.276101e-08 
 2

 *************************************************************************
 *                                ERROR                                  *
 * 2 negative jacobians detected.                                        *
 *************************************************************************


------- failed to converge at time : 0.644138

Retrying time step. Retry attempt 26 of max 40


AUTO STEPPER: retry step, dt = 0.0220759


===== beginning time step 9 : 0.642666 =====


Reforming stiffness matrix: reformation #1

 1
 Nonlinear solution status: time= 0.642666
	stiffness updates             = 0
	right hand side evaluations   = 2
	stiffness matrix reformations = 1
	step from line search         = 1.000000
	convergence norms :     INITIAL         CURRENT         REQUIRED
	   residual            1.734635e-04    2.892652e-02    0.000000e+00 
	   energy              8.247320e-05    5.257081e-06    8.247320e-07 
	   displacement        1.121562e-02    1.121562e-02    1.121562e-08 
 2

 *************************************************************************
 *                                ERROR                                  *
 * 2 negative jacobians detected.                                        *
 *************************************************************************


------- failed to converge at time : 0.642666

Retrying time step. Retry attempt 27 of max 40


AUTO STEPPER: retry step, dt = 0.0206041


===== beginning time step 9 : 0.641194 =====


Reforming stiffness matrix: reformation #1

 1
 Nonlinear solution status: time= 0.641194
	stiffness updates             = 0
	right hand side evaluations   = 2
	stiffness matrix reformations = 1
	step from line search         = 1.000000
	convergence norms :     INITIAL         CURRENT         REQUIRED
	   residual            1.731936e-04    2.477928e-02    0.000000e+00 
	   energy              7.184856e-05    4.357757e-06    7.184856e-07 
	   displacement        9.769951e-03    9.769951e-03    9.769951e-09 
 2

 *************************************************************************
 *                                ERROR                                  *
 * 2 negative jacobians detected.                                        *
 *************************************************************************


------- failed to converge at time : 0.641194

Retrying time step. Retry attempt 28 of max 40


AUTO STEPPER: retry step, dt = 0.0191324


===== beginning time step 9 : 0.639722 =====


Reforming stiffness matrix: reformation #1

 1
 Nonlinear solution status: time= 0.639722
	stiffness updates             = 0
	right hand side evaluations   = 2
	stiffness matrix reformations = 1
	step from line search         = 1.000000
	convergence norms :     INITIAL         CURRENT         REQUIRED
	   residual            1.729429e-04    2.110493e-02    0.000000e+00 
	   energy              6.195693e-05    3.595151e-06    6.195693e-07 
	   displacement        8.423989e-03    8.423989e-03    8.423989e-09 
 2

 *************************************************************************
 *                                ERROR                                  *
 * 2 negative jacobians detected.                                        *
 *************************************************************************


------- failed to converge at time : 0.639722

Retrying time step. Retry attempt 29 of max 40


AUTO STEPPER: retry step, dt = 0.0176607


===== beginning time step 9 : 0.638251 =====


Reforming stiffness matrix: reformation #1

 1
 Nonlinear solution status: time= 0.638251
	stiffness updates             = 0
	right hand side evaluations   = 2
	stiffness matrix reformations = 1
	step from line search         = 1.000000
	convergence norms :     INITIAL         CURRENT         REQUIRED
	   residual            1.727113e-04    1.786542e-02    0.000000e+00 
	   energy              5.279830e-05    2.952999e-06    5.279830e-07 
	   displacement        7.177738e-03    7.177738e-03    7.177738e-09 
 2

 *************************************************************************
 *                                ERROR                                  *
 * 2 negative jacobians detected.                                        *
 *************************************************************************


------- failed to converge at time : 0.638251

Retrying time step. Retry attempt 30 of max 40


AUTO STEPPER: retry step, dt = 0.016189


===== beginning time step 9 : 0.636779 =====


Reforming stiffness matrix: reformation #1

 1
 Nonlinear solution status: time= 0.636779
	stiffness updates             = 0
	right hand side evaluations   = 2
	stiffness matrix reformations = 1
	step from line search         = 1.000000
	convergence norms :     INITIAL         CURRENT         REQUIRED
	   residual            1.724989e-04    1.502411e-02    0.000000e+00 
	   energy              4.437268e-05    2.416141e-06    4.437268e-07 
	   displacement        6.031197e-03    6.031197e-03    6.031197e-09 
 2

 *************************************************************************
 *                                ERROR                                  *
 * 2 negative jacobians detected.                                        *
 *************************************************************************


------- failed to converge at time : 0.636779

Retrying time step. Retry attempt 31 of max 40


AUTO STEPPER: retry step, dt = 0.0147172


===== beginning time step 9 : 0.635307 =====


Reforming stiffness matrix: reformation #1

 1
 Nonlinear solution status: time= 0.635307
	stiffness updates             = 0
	right hand side evaluations   = 2
	stiffness matrix reformations = 1
	step from line search         = 1.000000
	convergence norms :     INITIAL         CURRENT         REQUIRED
	   residual            1.723055e-04    1.254586e-02    0.000000e+00 
	   energy              3.668007e-05    1.970522e-06    3.668007e-07 
	   displacement        4.984366e-03    4.984366e-03    4.984366e-09 
 2
 Nonlinear solution status: time= 0.635307
	stiffness updates             = 1
	right hand side evaluations   = 4
	stiffness matrix reformations = 1
	step from line search         = 0.041387
	convergence norms :     INITIAL         CURRENT         REQUIRED
	   residual            1.723055e-04    2.666813e-03    0.000000e+00 
	   energy              3.668007e-05    1.517734e-07    3.668007e-07 
	   displacement        4.984366e-03    8.887642e-07    5.114645e-09 
 3
 Nonlinear solution status: time= 0.635307
	stiffness updates             = 2
	right hand side evaluations   = 5
	stiffness matrix reformations = 1
	step from line search         = 1.000000
	convergence norms :     INITIAL         CURRENT         REQUIRED
	   residual            1.723055e-04    1.635618e-04    0.000000e+00 
	   energy              3.668007e-05    5.131427e-08    3.668007e-07 
	   displacement        4.984366e-03    2.189923e-06    4.915664e-09 
 4
 Nonlinear solution status: time= 0.635307
	stiffness updates             = 3
	right hand side evaluations   = 6
	stiffness matrix reformations = 1
	step from line search         = 1.000000
	convergence norms :     INITIAL         CURRENT         REQUIRED
	   residual            1.723055e-04    8.705703e-06    0.000000e+00 
	   energy              3.668007e-05    6.101107e-10    3.668007e-07 
	   displacement        4.984366e-03    2.623504e-07    4.952918e-09 
 5
 Nonlinear solution status: time= 0.635307
	stiffness updates             = 4
	right hand side evaluations   = 7
	stiffness matrix reformations = 1
	step from line search         = 1.000000
	convergence norms :     INITIAL         CURRENT         REQUIRED
	   residual            1.723055e-04    1.085085e-06    0.000000e+00 
	   energy              3.668007e-05    4.951664e-10    3.668007e-07 
	   displacement        4.984366e-03    7.554240e-08    4.989219e-09 
 6
 Nonlinear solution status: time= 0.635307
	stiffness updates             = 5
	right hand side evaluations   = 8
	stiffness matrix reformations = 1
	step from line search         = 1.000000
	convergence norms :     INITIAL         CURRENT         REQUIRED
	   residual            1.723055e-04    5.166494e-07    0.000000e+00 
	   energy              3.668007e-05    2.267815e-10    3.668007e-07 
	   displacement        4.984366e-03    8.234277e-10    4.989665e-09 

convergence summary
    number of iterations   : 6
    number of reformations : 1

------- converged at time : 0.635307


AUTO STEPPER: increasing time step, dt = 0.0317738


===== beginning time step 10 : 0.667081 =====


Reforming stiffness matrix: reformation #1

 1
 Nonlinear solution status: time= 0.667081
	stiffness updates             = 0
	right hand side evaluations   = 2
	stiffness matrix reformations = 1
	step from line search         = 1.000000
	convergence norms :     INITIAL         CURRENT         REQUIRED
	   residual            4.960799e-06    1.002060e-02    0.000000e+00 
	   energy              1.710228e-04    9.229404e-06    1.710228e-06 
	   displacement        2.330980e-02    2.330980e-02    2.330980e-08 
 2
 Nonlinear solution status: time= 0.667081
	stiffness updates             = 1
	right hand side evaluations   = 3
	stiffness matrix reformations = 1
	step from line search         = 1.000000
	convergence norms :     INITIAL         CURRENT         REQUIRED
	   residual            4.960799e-06    3.989366e-03    0.000000e+00 
	   energy              1.710228e-04    6.569365e-06    1.710228e-06 
	   displacement        2.330980e-02    2.822729e-05    2.265535e-08 
 3
 Nonlinear solution status: time= 0.667081
	stiffness updates             = 2
	right hand side evaluations   = 4
	stiffness matrix reformations = 1
	step from line search         = 1.000000
	convergence norms :     INITIAL         CURRENT         REQUIRED
	   residual            4.960799e-06    1.197143e-04    0.000000e+00 
	   energy              1.710228e-04    3.617079e-07    1.710228e-06 
	   displacement        2.330980e-02    1.014877e-05    2.245289e-08 
 4
 Nonlinear solution status: time= 0.667081
	stiffness updates             = 3
	right hand side evaluations   = 5
	stiffness matrix reformations = 1
	step from line search         = 1.000000
	convergence norms :     INITIAL         CURRENT         REQUIRED
	   residual            4.960799e-06    2.919312e-04    0.000000e+00 
	   energy              1.710228e-04    7.411295e-08    1.710228e-06 
	   displacement        2.330980e-02    1.116776e-05    2.331577e-08 
 5
 Nonlinear solution status: time= 0.667081
	stiffness updates             = 4
	right hand side evaluations   = 6
	stiffness matrix reformations = 1
	step from line search         = 1.000000
	convergence norms :     INITIAL         CURRENT         REQUIRED
	   residual            4.960799e-06    7.423215e-05    0.000000e+00 
	   energy              1.710228e-04    5.260996e-09    1.710228e-06 
	   displacement        2.330980e-02    3.267850e-07    2.347280e-08 
 6
 Nonlinear solution status: time= 0.667081
	stiffness updates             = 5
	right hand side evaluations   = 7
	stiffness matrix reformations = 1
	step from line search         = 1.000000
	convergence norms :     INITIAL         CURRENT         REQUIRED
	   residual            4.960799e-06    4.219620e-05    0.000000e+00 
	   energy              1.710228e-04    1.848650e-08    1.710228e-06 
	   displacement        2.330980e-02    8.820553e-08    2.343181e-08 
 7
 Nonlinear solution status: time= 0.667081
	stiffness updates             = 6
	right hand side evaluations   = 8
	stiffness matrix reformations = 1
	step from line search         = 1.000000
	convergence norms :     INITIAL         CURRENT         REQUIRED
	   residual            4.960799e-06    1.395251e-05    0.000000e+00 
	   energy              1.710228e-04    3.943301e-09    1.710228e-06 
	   displacement        2.330980e-02    1.692440e-08    2.344683e-08 

convergence summary
    number of iterations   : 7
    number of reformations : 1

------- converged at time : 0.667081


AUTO STEPPER: increasing time step, dt = 0.045419


===== beginning time step 11 : 0.7125 =====


Reforming stiffness matrix: reformation #1

 1
 Nonlinear solution status: time= 0.7125
	stiffness updates             = 0
	right hand side evaluations   = 2
	stiffness matrix reformations = 1
	step from line search         = 1.000000
	convergence norms :     INITIAL         CURRENT         REQUIRED
	   residual            2.263784e-05    4.237855e-02    0.000000e+00 
	   energy              3.520053e-04    4.358410e-05    3.520053e-06 
	   displacement        4.836716e-02    4.836716e-02    4.836716e-08 
 2
 Nonlinear solution status: time= 0.7125
	stiffness updates             = 1
	right hand side evaluations   = 4
	stiffness matrix reformations = 1
	step from line search         = 0.608087
	convergence norms :     INITIAL         CURRENT         REQUIRED
	   residual            2.263784e-05    8.702734e-03    0.000000e+00 
	   energy              3.520053e-04    1.549660e-05    3.520053e-06 
	   displacement        4.836716e-02    8.224086e-05    4.859583e-08 
 3
 Nonlinear solution status: time= 0.7125
	stiffness updates             = 2
	right hand side evaluations   = 5
	stiffness matrix reformations = 1
	step from line search         = 1.000000
	convergence norms :     INITIAL         CURRENT         REQUIRED
	   residual            2.263784e-05    1.888608e-03    0.000000e+00 
	   energy              3.520053e-04    3.673136e-07    3.520053e-06 
	   displacement        4.836716e-02    1.196761e-04    4.417342e-08 
 4
 Nonlinear solution status: time= 0.7125
	stiffness updates             = 3
	right hand side evaluations   = 6
	stiffness matrix reformations = 1
	step from line search         = 1.000000
	convergence norms :     INITIAL         CURRENT         REQUIRED
	   residual            2.263784e-05    3.459259e-03    0.000000e+00 
	   energy              3.520053e-04    1.976539e-06    3.520053e-06 
	   displacement        4.836716e-02    5.510385e-05    4.624254e-08 
 5
 Nonlinear solution status: time= 0.7125
	stiffness updates             = 4
	right hand side evaluations   = 7
	stiffness matrix reformations = 1
	step from line search         = 1.000000
	convergence norms :     INITIAL         CURRENT         REQUIRED
	   residual            2.263784e-05    2.379266e-03    0.000000e+00 
	   energy              3.520053e-04    5.035799e-07    3.520053e-06 
	   displacement        4.836716e-02    2.027538e-05    4.812029e-08 
 6
 Nonlinear solution status: time= 0.7125
	stiffness updates             = 5
	right hand side evaluations   = 8
	stiffness matrix reformations = 1
	step from line search         = 1.000000
	convergence norms :     INITIAL         CURRENT         REQUIRED
	   residual            2.263784e-05    1.899692e-03    0.000000e+00 
	   energy              3.520053e-04    8.960201e-07    3.520053e-06 
	   displacement        4.836716e-02    4.218280e-06    4.867017e-08 
 7
 Nonlinear solution status: time= 0.7125
	stiffness updates             = 6
	right hand side evaluations   = 9
	stiffness matrix reformations = 1
	step from line search         = 1.000000
	convergence norms :     INITIAL         CURRENT         REQUIRED
	   residual            2.263784e-05    2.954813e-04    0.000000e+00 
	   energy              3.520053e-04    6.575194e-08    3.520053e-06 
	   displacement        4.836716e-02    1.793953e-06    4.837142e-08 
 8
 Nonlinear solution status: time= 0.7125
	stiffness updates             = 7
	right hand side evaluations   = 11
	stiffness matrix reformations = 1
	step from line search         = 0.603491
	convergence norms :     INITIAL         CURRENT         REQUIRED
	   residual            2.263784e-05    1.891672e-04    0.000000e+00 
	   energy              3.520053e-04    3.372708e-08    3.520053e-06 
	   displacement        4.836716e-02    6.722392e-07    4.851203e-08 
 9
 Nonlinear solution status: time= 0.7125
	stiffness updates             = 8
	right hand side evaluations   = 12
	stiffness matrix reformations = 1
	step from line search         = 1.000000
	convergence norms :     INITIAL         CURRENT         REQUIRED
	   residual            2.263784e-05    1.059629e-04    0.000000e+00 
	   energy              3.520053e-04    3.162398e-08    3.520053e-06 
	   displacement        4.836716e-02    5.059668e-07    4.876153e-08 
 10
 Nonlinear solution status: time= 0.7125
	stiffness updates             = 9
	right hand side evaluations   = 13
	stiffness matrix reformations = 1
	step from line search         = 1.000000
	convergence norms :     INITIAL         CURRENT         REQUIRED
	   residual            2.263784e-05    5.974604e-05    0.000000e+00 
	   energy              3.520053e-04    2.370569e-08    3.520053e-06 
	   displacement        4.836716e-02    1.300298e-07    4.884207e-08 

 *************************************************************************
 *                               WARNING                                 *
 * Max nr of iterations reached.                                         *
 * Stiffness matrix will now be reformed.                                *
 *************************************************************************
Reforming stiffness matrix: reformation #2

 11
 Nonlinear solution status: time= 0.7125
	stiffness updates             = 0
	right hand side evaluations   = 14
	stiffness matrix reformations = 2
	step from line search         = 1.000000
	convergence norms :     INITIAL         CURRENT         REQUIRED
	   residual            2.263784e-05    2.204222e-08    0.000000e+00 
	   energy              3.520053e-04    1.571713e-10    3.520053e-06 
	   displacement        4.836716e-02    7.347405e-08    4.876020e-08 
 12
 Nonlinear solution status: time= 0.7125
	stiffness updates             = 1
	right hand side evaluations   = 15
	stiffness matrix reformations = 2
	step from line search         = 1.000000
	convergence norms :     INITIAL         CURRENT         REQUIRED
	   residual            2.263784e-05    9.594204e-11    0.000000e+00 
	   energy              3.520053e-04    4.213079e-13    3.520053e-06 
	   displacement        4.836716e-02    3.697968e-11    4.875814e-08 

convergence summary
    number of iterations   : 12
    number of reformations : 2

------- converged at time : 0.7125


AUTO STEPPER: decreasing time step, dt = 0.0434854


===== beginning time step 12 : 0.755985 =====


Reforming stiffness matrix: reformation #1

 1
 Nonlinear solution status: time= 0.755985
	stiffness updates             = 0
	right hand side evaluations   = 2
	stiffness matrix reformations = 1
	step from line search         = 1.000000
	convergence norms :     INITIAL         CURRENT         REQUIRED
	   residual            8.352184e-06    3.620131e-02    0.000000e+00 
	   energy              3.251671e-04    3.946258e-05    3.251671e-06 
	   displacement        4.512200e-02    4.512200e-02    4.512200e-08 
 2
 Nonlinear solution status: time= 0.755985
	stiffness updates             = 1
	right hand side evaluations   = 4
	stiffness matrix reformations = 1
	step from line search         = 0.609618
	convergence norms :     INITIAL         CURRENT         REQUIRED
	   residual            8.352184e-06    7.900380e-03    0.000000e+00 
	   energy              3.251671e-04    1.373908e-05    3.251671e-06 
	   displacement        4.512200e-02    7.687121e-05    4.524728e-08 
 3
 Nonlinear solution status: time= 0.755985
	stiffness updates             = 2
	right hand side evaluations   = 5
	stiffness matrix reformations = 1
	step from line search         = 1.000000
	convergence norms :     INITIAL         CURRENT         REQUIRED
	   residual            8.352184e-06    1.460873e-03    0.000000e+00 
	   energy              3.251671e-04    1.929691e-07    3.251671e-06 
	   displacement        4.512200e-02    1.015084e-04    4.135019e-08 
 4
 Nonlinear solution status: time= 0.755985
	stiffness updates             = 3
	right hand side evaluations   = 6
	stiffness matrix reformations = 1
	step from line search         = 1.000000
	convergence norms :     INITIAL         CURRENT         REQUIRED
	   residual            8.352184e-06    3.048257e-03    0.000000e+00 
	   energy              3.251671e-04    1.501929e-06    3.251671e-06 
	   displacement        4.512200e-02    5.208246e-05    4.334267e-08 
 5
 Nonlinear solution status: time= 0.755985
	stiffness updates             = 4
	right hand side evaluations   = 7
	stiffness matrix reformations = 1
	step from line search         = 1.000000
	convergence norms :     INITIAL         CURRENT         REQUIRED
	   residual            8.352184e-06    1.374716e-03    0.000000e+00 
	   energy              3.251671e-04    2.223485e-07    3.251671e-06 
	   displacement        4.512200e-02    1.599785e-05    4.496422e-08 
 6
 Nonlinear solution status: time= 0.755985
	stiffness updates             = 5
	right hand side evaluations   = 8
	stiffness matrix reformations = 1
	step from line search         = 1.000000
	convergence norms :     INITIAL         CURRENT         REQUIRED
	   residual            8.352184e-06    1.121131e-03    0.000000e+00 
	   energy              3.251671e-04    5.547134e-07    3.251671e-06 
	   displacement        4.512200e-02    3.284194e-06    4.549979e-08 
 7
 Nonlinear solution status: time= 0.755985
	stiffness updates             = 6
	right hand side evaluations   = 9
	stiffness matrix reformations = 1
	step from line search         = 1.000000
	convergence norms :     INITIAL         CURRENT         REQUIRED
	   residual            8.352184e-06    2.371953e-04    0.000000e+00 
	   energy              3.251671e-04    5.005013e-08    3.251671e-06 
	   displacement        4.512200e-02    1.035301e-06    4.534665e-08 
 8
 Nonlinear solution status: time= 0.755985
	stiffness updates             = 7
	right hand side evaluations   = 11
	stiffness matrix reformations = 1
	step from line search         = 0.596760
	convergence norms :     INITIAL         CURRENT         REQUIRED
	   residual            8.352184e-06    1.373860e-04    0.000000e+00 
	   energy              3.251671e-04    2.788965e-08    3.251671e-06 
	   displacement        4.512200e-02    4.876071e-07    4.543391e-08 
 9
 Nonlinear solution status: time= 0.755985
	stiffness updates             = 8
	right hand side evaluations   = 12
	stiffness matrix reformations = 1
	step from line search         = 1.000000
	convergence norms :     INITIAL         CURRENT         REQUIRED
	   residual            8.352184e-06    8.209811e-05    0.000000e+00 
	   energy              3.251671e-04    2.838474e-08    3.251671e-06 
	   displacement        4.512200e-02    2.859427e-07    4.559476e-08 
 10
 Nonlinear solution status: time= 0.755985
	stiffness updates             = 9
	right hand side evaluations   = 13
	stiffness matrix reformations = 1
	step from line search         = 1.000000
	convergence norms :     INITIAL         CURRENT         REQUIRED
	   residual            8.352184e-06    4.396765e-05    0.000000e+00 
	   energy              3.251671e-04    1.696485e-08    3.251671e-06 
	   displacement        4.512200e-02    8.480890e-08    4.562450e-08 

 *************************************************************************
 *                               WARNING                                 *
 * Max nr of iterations reached.                                         *
 * Stiffness matrix will now be reformed.                                *
 *************************************************************************
Reforming stiffness matrix: reformation #2

 11
 Nonlinear solution status: time= 0.755985
	stiffness updates             = 0
	right hand side evaluations   = 14
	stiffness matrix reformations = 2
	step from line search         = 1.000000
	convergence norms :     INITIAL         CURRENT         REQUIRED
	   residual            8.352184e-06    1.315578e-08    0.000000e+00 
	   energy              3.251671e-04    1.441086e-10    3.251671e-06 
	   displacement        4.512200e-02    4.089497e-08    4.557132e-08 

convergence summary
    number of iterations   : 11
    number of reformations : 2

------- converged at time : 0.755985


===== beginning time step 13 : 0.799471 =====


Reforming stiffness matrix: reformation #1

 1
 Nonlinear solution status: time= 0.799471
	stiffness updates             = 0
	right hand side evaluations   = 2
	stiffness matrix reformations = 1
	step from line search         = 1.000000
	convergence norms :     INITIAL         CURRENT         REQUIRED
	   residual            8.368421e-06    3.664075e-02    0.000000e+00 
	   energy              3.280592e-04    4.380272e-05    3.280592e-06 
	   displacement        4.602868e-02    4.602868e-02    4.602868e-08 
 2
 Nonlinear solution status: time= 0.799471
	stiffness updates             = 1
	right hand side evaluations   = 4
	stiffness matrix reformations = 1
	step from line search         = 0.611024
	convergence norms :     INITIAL         CURRENT         REQUIRED
	   residual            8.368421e-06    9.252533e-03    0.000000e+00 
	   energy              3.280592e-04    1.639609e-05    3.280592e-06 
	   displacement        4.602868e-02    9.611333e-05    4.642654e-08 
 3
 Nonlinear solution status: time= 0.799471
	stiffness updates             = 2
	right hand side evaluations   = 5
	stiffness matrix reformations = 1
	step from line search         = 1.000000
	convergence norms :     INITIAL         CURRENT         REQUIRED
	   residual            8.368421e-06    1.550965e-03    0.000000e+00 
	   energy              3.280592e-04    4.158740e-08    3.280592e-06 
	   displacement        4.602868e-02    1.404938e-04    4.174757e-08 
 4
 Nonlinear solution status: time= 0.799471
	stiffness updates             = 3
	right hand side evaluations   = 6
	stiffness matrix reformations = 1
	step from line search         = 1.000000
	convergence norms :     INITIAL         CURRENT         REQUIRED
	   residual            8.368421e-06    3.735273e-03    0.000000e+00 
	   energy              3.280592e-04    1.853710e-06    3.280592e-06 
	   displacement        4.602868e-02    6.218717e-05    4.391215e-08 
 5
 Nonlinear solution status: time= 0.799471
	stiffness updates             = 4
	right hand side evaluations   = 7
	stiffness matrix reformations = 1
	step from line search         = 1.000000
	convergence norms :     INITIAL         CURRENT         REQUIRED
	   residual            8.368421e-06    1.460655e-03    0.000000e+00 
	   energy              3.280592e-04    2.313686e-07    3.280592e-06 
	   displacement        4.602868e-02    1.900770e-05    4.570467e-08 
 6
 Nonlinear solution status: time= 0.799471
	stiffness updates             = 5
	right hand side evaluations   = 8
	stiffness matrix reformations = 1
	step from line search         = 1.000000
	convergence norms :     INITIAL         CURRENT         REQUIRED
	   residual            8.368421e-06    1.066782e-03    0.000000e+00 
	   energy              3.280592e-04    5.832353e-07    3.280592e-06 
	   displacement        4.602868e-02    3.871397e-06    4.631162e-08 
 7
 Nonlinear solution status: time= 0.799471
	stiffness updates             = 6
	right hand side evaluations   = 9
	stiffness matrix reformations = 1
	step from line search         = 1.000000
	convergence norms :     INITIAL         CURRENT         REQUIRED
	   residual            8.368421e-06    2.267342e-04    0.000000e+00 
	   energy              3.280592e-04    3.054178e-08    3.280592e-06 
	   displacement        4.602868e-02    1.179252e-06    4.624844e-08 
 8
 Nonlinear solution status: time= 0.799471
	stiffness updates             = 7
	right hand side evaluations   = 11
	stiffness matrix reformations = 1
	step from line search         = 0.590015
	convergence norms :     INITIAL         CURRENT         REQUIRED
	   residual            8.368421e-06    1.500573e-04    0.000000e+00 
	   energy              3.280592e-04    3.272206e-08    3.280592e-06 
	   displacement        4.602868e-02    6.788925e-07    4.637371e-08 
 9
 Nonlinear solution status: time= 0.799471
	stiffness updates             = 8
	right hand side evaluations   = 12
	stiffness matrix reformations = 1
	step from line search         = 1.000000
	convergence norms :     INITIAL         CURRENT         REQUIRED
	   residual            8.368421e-06    9.811015e-05    0.000000e+00 
	   energy              3.280592e-04    3.674180e-08    3.280592e-06 
	   displacement        4.602868e-02    3.676478e-07    4.654900e-08 
 10
 Nonlinear solution status: time= 0.799471
	stiffness updates             = 9
	right hand side evaluations   = 13
	stiffness matrix reformations = 1
	step from line search         = 1.000000
	convergence norms :     INITIAL         CURRENT         REQUIRED
	   residual            8.368421e-06    5.741984e-05    0.000000e+00 
	   energy              3.280592e-04    2.400501e-08    3.280592e-06 
	   displacement        4.602868e-02    1.122203e-07    4.656935e-08 

 *************************************************************************
 *                               WARNING                                 *
 * Max nr of iterations reached.                                         *
 * Stiffness matrix will now be reformed.                                *
 *************************************************************************
Reforming stiffness matrix: reformation #2

 11
 Nonlinear solution status: time= 0.799471
	stiffness updates             = 0
	right hand side evaluations   = 14
	stiffness matrix reformations = 2
	step from line search         = 1.000000
	convergence norms :     INITIAL         CURRENT         REQUIRED
	   residual            8.368421e-06    1.301024e-08    0.000000e+00 
	   energy              3.280592e-04    2.103105e-10    3.280592e-06 
	   displacement        4.602868e-02    4.749160e-08    4.651714e-08 
 12
 Nonlinear solution status: time= 0.799471
	stiffness updates             = 1
	right hand side evaluations   = 15
	stiffness matrix reformations = 2
	step from line search         = 1.000000
	convergence norms :     INITIAL         CURRENT         REQUIRED
	   residual            8.368421e-06    1.303560e-10    0.000000e+00 
	   energy              3.280592e-04    6.784576e-13    3.280592e-06 
	   displacement        4.602868e-02    5.446297e-11    4.651487e-08 

convergence summary
    number of iterations   : 12
    number of reformations : 2

------- converged at time : 0.799471


AUTO STEPPER: decreasing time step, dt = 0.0416341


===== beginning time step 14 : 0.841105 =====


Reforming stiffness matrix: reformation #1

 1
 Nonlinear solution status: time= 0.841105
	stiffness updates             = 0
	right hand side evaluations   = 2
	stiffness matrix reformations = 1
	step from line search         = 1.000000
	convergence norms :     INITIAL         CURRENT         REQUIRED
	   residual            7.656351e-06    3.130016e-02    0.000000e+00 
	   energy              3.035787e-04    4.089199e-05    3.035787e-06 
	   displacement        4.309765e-02    4.309765e-02    4.309765e-08 
 2
 Nonlinear solution status: time= 0.841105
	stiffness updates             = 1
	right hand side evaluations   = 4
	stiffness matrix reformations = 1
	step from line search         = 0.613352
	convergence norms :     INITIAL         CURRENT         REQUIRED
	   residual            7.656351e-06    7.889675e-03    0.000000e+00 
	   energy              3.035787e-04    1.506254e-05    3.035787e-06 
	   displacement        4.309765e-02    9.407498e-05    4.340149e-08 
 3
 Nonlinear solution status: time= 0.841105
	stiffness updates             = 2
	right hand side evaluations   = 5
	stiffness matrix reformations = 1
	step from line search         = 1.000000
	convergence norms :     INITIAL         CURRENT         REQUIRED
	   residual            7.656351e-06    1.133262e-03    0.000000e+00 
	   energy              3.035787e-04    1.280839e-07    3.035787e-06 
	   displacement        4.309765e-02    1.285283e-04    3.910511e-08 
 4
 Nonlinear solution status: time= 0.841105
	stiffness updates             = 3
	right hand side evaluations   = 6
	stiffness matrix reformations = 1
	step from line search         = 1.000000
	convergence norms :     INITIAL         CURRENT         REQUIRED
	   residual            7.656351e-06    2.914982e-03    0.000000e+00 
	   energy              3.035787e-04    1.472640e-06    3.035787e-06 
	   displacement        4.309765e-02    6.015914e-05    4.122381e-08 
 5
 Nonlinear solution status: time= 0.841105
	stiffness updates             = 4
	right hand side evaluations   = 7
	stiffness matrix reformations = 1
	step from line search         = 1.000000
	convergence norms :     INITIAL         CURRENT         REQUIRED
	   residual            7.656351e-06    1.067665e-03    0.000000e+00 
	   energy              3.035787e-04    1.220789e-07    3.035787e-06 
	   displacement        4.309765e-02    1.583056e-05    4.281199e-08 
 6
 Nonlinear solution status: time= 0.841105
	stiffness updates             = 5
	right hand side evaluations   = 8
	stiffness matrix reformations = 1
	step from line search         = 1.000000
	convergence norms :     INITIAL         CURRENT         REQUIRED
	   residual            7.656351e-06    7.295229e-04    0.000000e+00 
	   energy              3.035787e-04    4.233507e-07    3.035787e-06 
	   displacement        4.309765e-02    3.379331e-06    4.339369e-08 
 7
 Nonlinear solution status: time= 0.841105
	stiffness updates             = 6
	right hand side evaluations   = 9
	stiffness matrix reformations = 1
	step from line search         = 1.000000
	convergence norms :     INITIAL         CURRENT         REQUIRED
	   residual            7.656351e-06    1.585445e-04    0.000000e+00 
	   energy              3.035787e-04    2.393813e-08    3.035787e-06 
	   displacement        4.309765e-02    1.012721e-06    4.339135e-08 
 8
 Nonlinear solution status: time= 0.841105
	stiffness updates             = 7
	right hand side evaluations   = 11
	stiffness matrix reformations = 1
	step from line search         = 0.589544
	convergence norms :     INITIAL         CURRENT         REQUIRED
	   residual            7.656351e-06    1.098759e-04    0.000000e+00 
	   energy              3.035787e-04    2.630015e-08    3.035787e-06 
	   displacement        4.309765e-02    5.566862e-07    4.349044e-08 
 9
 Nonlinear solution status: time= 0.841105
	stiffness updates             = 8
	right hand side evaluations   = 12
	stiffness matrix reformations = 1
	step from line search         = 1.000000
	convergence norms :     INITIAL         CURRENT         REQUIRED
	   residual            7.656351e-06    6.574373e-05    0.000000e+00 
	   energy              3.035787e-04    2.902090e-08    3.035787e-06 
	   displacement        4.309765e-02    2.199254e-07    4.360220e-08 
 10
 Nonlinear solution status: time= 0.841105
	stiffness updates             = 9
	right hand side evaluations   = 13
	stiffness matrix reformations = 1
	step from line search         = 1.000000
	convergence norms :     INITIAL         CURRENT         REQUIRED
	   residual            7.656351e-06    3.329315e-05    0.000000e+00 
	   energy              3.035787e-04    1.508312e-08    3.035787e-06 
	   displacement        4.309765e-02    9.076900e-08    4.358878e-08 

 *************************************************************************
 *                               WARNING                                 *
 * Max nr of iterations reached.                                         *
 * Stiffness matrix will now be reformed.                                *
 *************************************************************************
Reforming stiffness matrix: reformation #2

 11
 Nonlinear solution status: time= 0.841105
	stiffness updates             = 0
	right hand side evaluations   = 14
	stiffness matrix reformations = 2
	step from line search         = 1.000000
	convergence norms :     INITIAL         CURRENT         REQUIRED
	   residual            7.656351e-06    3.246831e-09    0.000000e+00 
	   energy              3.035787e-04    8.887185e-11    3.035787e-06 
	   displacement        4.309765e-02    2.742513e-08    4.355735e-08 

convergence summary
    number of iterations   : 11
    number of reformations : 2

------- converged at time : 0.841105


===== beginning time step 15 : 0.882739 =====


Reforming stiffness matrix: reformation #1

 1
 Nonlinear solution status: time= 0.882739
	stiffness updates             = 0
	right hand side evaluations   = 2
	stiffness matrix reformations = 1
	step from line search         = 1.000000
	convergence norms :     INITIAL         CURRENT         REQUIRED
	   residual            7.662344e-06    3.166967e-02    0.000000e+00 
	   energy              3.064559e-04    4.511243e-05    3.064559e-06 
	   displacement        4.402415e-02    4.402415e-02    4.402415e-08 
 2
 Nonlinear solution status: time= 0.882739
	stiffness updates             = 1
	right hand side evaluations   = 4
	stiffness matrix reformations = 1
	step from line search         = 0.615297
	convergence norms :     INITIAL         CURRENT         REQUIRED
	   residual            7.662344e-06    8.893723e-03    0.000000e+00 
	   energy              3.064559e-04    1.749325e-05    3.064559e-06 
	   displacement        4.402415e-02    1.159376e-04    4.456300e-08 
 3
 Nonlinear solution status: time= 0.882739
	stiffness updates             = 2
	right hand side evaluations   = 5
	stiffness matrix reformations = 1
	step from line search         = 1.000000
	convergence norms :     INITIAL         CURRENT         REQUIRED
	   residual            7.662344e-06    1.159134e-03    0.000000e+00 
	   energy              3.064559e-04    2.907776e-07    3.064559e-06 
	   displacement        4.402415e-02    1.701829e-04    3.953382e-08 
 4
 Nonlinear solution status: time= 0.882739
	stiffness updates             = 3
	right hand side evaluations   = 6
	stiffness matrix reformations = 1
	step from line search         = 1.000000
	convergence norms :     INITIAL         CURRENT         REQUIRED
	   residual            7.662344e-06    3.367697e-03    0.000000e+00 
	   energy              3.064559e-04    1.754720e-06    3.064559e-06 
	   displacement        4.402415e-02    7.074356e-05    4.183524e-08 
 5
 Nonlinear solution status: time= 0.882739
	stiffness updates             = 4
	right hand side evaluations   = 7
	stiffness matrix reformations = 1
	step from line search         = 1.000000
	convergence norms :     INITIAL         CURRENT         REQUIRED
	   residual            7.662344e-06    1.098806e-03    0.000000e+00 
	   energy              3.064559e-04    1.445941e-07    3.064559e-06 
	   displacement        4.402415e-02    1.873166e-05    4.358285e-08 
 6
 Nonlinear solution status: time= 0.882739
	stiffness updates             = 5
	right hand side evaluations   = 8
	stiffness matrix reformations = 1
	step from line search         = 1.000000
	convergence norms :     INITIAL         CURRENT         REQUIRED
	   residual            7.662344e-06    6.977303e-04    0.000000e+00 
	   energy              3.064559e-04    4.695031e-07    3.064559e-06 
	   displacement        4.402415e-02    4.128856e-06    4.424548e-08 
 7
 Nonlinear solution status: time= 0.882739
	stiffness updates             = 6
	right hand side evaluations   = 9
	stiffness matrix reformations = 1
	step from line search         = 1.000000
	convergence norms :     INITIAL         CURRENT         REQUIRED
	   residual            7.662344e-06    1.488227e-04    0.000000e+00 
	   energy              3.064559e-04    1.382795e-08    3.064559e-06 
	   displacement        4.402415e-02    1.404522e-06    4.430774e-08 
 8
 Nonlinear solution status: time= 0.882739
	stiffness updates             = 7
	right hand side evaluations   = 11
	stiffness matrix reformations = 1
	step from line search         = 0.579301
	convergence norms :     INITIAL         CURRENT         REQUIRED
	   residual            7.662344e-06    1.289927e-04    0.000000e+00 
	   energy              3.064559e-04    3.284728e-08    3.064559e-06 
	   displacement        4.402415e-02    7.716903e-07    4.444313e-08 
 9
 Nonlinear solution status: time= 0.882739
	stiffness updates             = 8
	right hand side evaluations   = 12
	stiffness matrix reformations = 1
	step from line search         = 1.000000
	convergence norms :     INITIAL         CURRENT         REQUIRED
	   residual            7.662344e-06    7.767925e-05    0.000000e+00 
	   energy              3.064559e-04    3.550383e-08    3.064559e-06 
	   displacement        4.402415e-02    2.932132e-07    4.457074e-08 
 10
 Nonlinear solution status: time= 0.882739
	stiffness updates             = 9
	right hand side evaluations   = 13
	stiffness matrix reformations = 1
	step from line search         = 1.000000
	convergence norms :     INITIAL         CURRENT         REQUIRED
	   residual            7.662344e-06    3.683399e-05    0.000000e+00 
	   energy              3.064559e-04    1.896296e-08    3.064559e-06 
	   displacement        4.402415e-02    1.229010e-07    4.454401e-08 

 *************************************************************************
 *                               WARNING                                 *
 * Max nr of iterations reached.                                         *
 * Stiffness matrix will now be reformed.                                *
 *************************************************************************
Reforming stiffness matrix: reformation #2

 11
 Nonlinear solution status: time= 0.882739
	stiffness updates             = 0
	right hand side evaluations   = 14
	stiffness matrix reformations = 2
	step from line search         = 1.000000
	convergence norms :     INITIAL         CURRENT         REQUIRED
	   residual            7.662344e-06    3.715599e-09    0.000000e+00 
	   energy              3.064559e-04    1.304666e-10    3.064559e-06 
	   displacement        4.402415e-02    3.323211e-08    4.451704e-08 

convergence summary
    number of iterations   : 11
    number of reformations : 2

------- converged at time : 0.882739


===== beginning time step 16 : 0.924373 =====


Reforming stiffness matrix: reformation #1

 1
 Nonlinear solution status: time= 0.924373
	stiffness updates             = 0
	right hand side evaluations   = 2
	stiffness matrix reformations = 1
	step from line search         = 1.000000
	convergence norms :     INITIAL         CURRENT         REQUIRED
	   residual            7.664074e-06    3.204278e-02    0.000000e+00 
	   energy              3.094928e-04    4.965240e-05    3.094928e-06 
	   displacement        4.501547e-02    4.501547e-02    4.501547e-08 
 2
 Nonlinear solution status: time= 0.924373
	stiffness updates             = 1
	right hand side evaluations   = 4
	stiffness matrix reformations = 1
	step from line search         = 0.617393
	convergence norms :     INITIAL         CURRENT         REQUIRED
	   residual            7.664074e-06    9.856515e-03    0.000000e+00 
	   energy              3.094928e-04    2.004381e-05    3.094928e-06 
	   displacement        4.501547e-02    1.421701e-04    4.580285e-08 
 3
 Nonlinear solution status: time= 0.924373
	stiffness updates             = 2
	right hand side evaluations   = 5
	stiffness matrix reformations = 1
	step from line search         = 1.000000
	convergence norms :     INITIAL         CURRENT         REQUIRED
	   residual            7.664074e-06    1.199752e-03    0.000000e+00 
	   energy              3.094928e-04    4.471379e-07    3.094928e-06 
	   displacement        4.501547e-02    2.208388e-04    3.998453e-08 
 4
 Nonlinear solution status: time= 0.924373
	stiffness updates             = 3
	right hand side evaluations   = 6
	stiffness matrix reformations = 1
	step from line search         = 1.000000
	convergence norms :     INITIAL         CURRENT         REQUIRED
	   residual            7.664074e-06    3.809075e-03    0.000000e+00 
	   energy              3.094928e-04    2.087191e-06    3.094928e-06 
	   displacement        4.501547e-02    8.214828e-05    4.246571e-08 
 5
 Nonlinear solution status: time= 0.924373
	stiffness updates             = 4
	right hand side evaluations   = 7
	stiffness matrix reformations = 1
	step from line search         = 1.000000
	convergence norms :     INITIAL         CURRENT         REQUIRED
	   residual            7.664074e-06    1.146047e-03    0.000000e+00 
	   energy              3.094928e-04    2.190448e-07    3.094928e-06 
	   displacement        4.501547e-02    2.283197e-05    4.441442e-08 
 6
 Nonlinear solution status: time= 0.924373
	stiffness updates             = 5
	right hand side evaluations   = 8
	stiffness matrix reformations = 1
	step from line search         = 1.000000
	convergence norms :     INITIAL         CURRENT         REQUIRED
	   residual            7.664074e-06    6.702319e-04    0.000000e+00 
	   energy              3.094928e-04    5.784771e-07    3.094928e-06 
	   displacement        4.501547e-02    5.208373e-06    4.515691e-08 
 7
 Nonlinear solution status: time= 0.924373
	stiffness updates             = 6
	right hand side evaluations   = 9
	stiffness matrix reformations = 1
	step from line search         = 1.000000
	convergence norms :     INITIAL         CURRENT         REQUIRED
	   residual            7.664074e-06    1.699893e-04    0.000000e+00 
	   energy              3.094928e-04    1.800958e-08    3.094928e-06 
	   displacement        4.501547e-02    1.946493e-06    4.524357e-08 
 8
 Nonlinear solution status: time= 0.924373
	stiffness updates             = 7
	right hand side evaluations   = 11
	stiffness matrix reformations = 1
	step from line search         = 0.570393
	convergence norms :     INITIAL         CURRENT         REQUIRED
	   residual            7.664074e-06    1.625065e-04    0.000000e+00 
	   energy              3.094928e-04    4.363048e-08    3.094928e-06 
	   displacement        4.501547e-02    1.080697e-06    4.541603e-08 
 9
 Nonlinear solution status: time= 0.924373
	stiffness updates             = 8
	right hand side evaluations   = 12
	stiffness matrix reformations = 1
	step from line search         = 1.000000
	convergence norms :     INITIAL         CURRENT         REQUIRED
	   residual            7.664074e-06    8.835608e-05    0.000000e+00 
	   energy              3.094928e-04    3.760585e-08    3.094928e-06 
	   displacement        4.501547e-02    4.169146e-07    4.558448e-08 
 10
 Nonlinear solution status: time= 0.924373
	stiffness updates             = 9
	right hand side evaluations   = 13
	stiffness matrix reformations = 1
	step from line search         = 1.000000
	convergence norms :     INITIAL         CURRENT         REQUIRED
	   residual            7.664074e-06    5.380442e-05    0.000000e+00 
	   energy              3.094928e-04    2.811481e-08    3.094928e-06 
	   displacement        4.501547e-02    1.505841e-07    4.557019e-08 

 *************************************************************************
 *                               WARNING                                 *
 * Max nr of iterations reached.                                         *
 * Stiffness matrix will now be reformed.                                *
 *************************************************************************
Reforming stiffness matrix: reformation #2

 11
 Nonlinear solution status: time= 0.924373
	stiffness updates             = 0
	right hand side evaluations   = 14
	stiffness matrix reformations = 2
	step from line search         = 1.000000
	convergence norms :     INITIAL         CURRENT         REQUIRED
	   residual            7.664074e-06    8.642110e-09    0.000000e+00 
	   energy              3.094928e-04    3.100725e-10    3.094928e-06 
	   displacement        4.501547e-02    4.355863e-08    4.554112e-08 

convergence summary
    number of iterations   : 11
    number of reformations : 2

------- converged at time : 0.924373


===== beginning time step 17 : 0.966007 =====


Reforming stiffness matrix: reformation #1

 1
 Nonlinear solution status: time= 0.966007
	stiffness updates             = 0
	right hand side evaluations   = 2
	stiffness matrix reformations = 1
	step from line search         = 1.000000
	convergence norms :     INITIAL         CURRENT         REQUIRED
	   residual            7.670156e-06    3.232224e-02    0.000000e+00 
	   energy              3.126643e-04    5.437013e-05    3.126643e-06 
	   displacement        4.606767e-02    4.606767e-02    4.606767e-08 
 2
 Nonlinear solution status: time= 0.966007
	stiffness updates             = 1
	right hand side evaluations   = 4
	stiffness matrix reformations = 1
	step from line search         = 0.619325
	convergence norms :     INITIAL         CURRENT         REQUIRED
	   residual            7.670156e-06    1.064682e-02    0.000000e+00 
	   energy              3.126643e-04    2.253730e-05    3.126643e-06 
	   displacement        4.606767e-02    1.720497e-04    4.708475e-08 
 3
 Nonlinear solution status: time= 0.966007
	stiffness updates             = 2
	right hand side evaluations   = 5
	stiffness matrix reformations = 1
	step from line search         = 1.000000
	convergence norms :     INITIAL         CURRENT         REQUIRED
	   residual            7.670156e-06    1.249238e-03    0.000000e+00 
	   energy              3.126643e-04    5.719970e-07    3.126643e-06 
	   displacement        4.606767e-02    2.775249e-04    4.047321e-08 
 4
 Nonlinear solution status: time= 0.966007
	stiffness updates             = 3
	right hand side evaluations   = 6
	stiffness matrix reformations = 1
	step from line search         = 1.000000
	convergence norms :     INITIAL         CURRENT         REQUIRED
	   residual            7.670156e-06    4.158164e-03    0.000000e+00 
	   energy              3.126643e-04    2.426148e-06    3.126643e-06 
	   displacement        4.606767e-02    9.389295e-05    4.313006e-08 
 5
 Nonlinear solution status: time= 0.966007
	stiffness updates             = 4
	right hand side evaluations   = 7
	stiffness matrix reformations = 1
	step from line search         = 1.000000
	convergence norms :     INITIAL         CURRENT         REQUIRED
	   residual            7.670156e-06    1.206075e-03    0.000000e+00 
	   energy              3.126643e-04    3.416248e-07    3.126643e-06 
	   displacement        4.606767e-02    2.831627e-05    4.532073e-08 
 6
 Nonlinear solution status: time= 0.966007
	stiffness updates             = 5
	right hand side evaluations   = 8
	stiffness matrix reformations = 1
	step from line search         = 1.000000
	convergence norms :     INITIAL         CURRENT         REQUIRED
	   residual            7.670156e-06    6.649910e-04    0.000000e+00 
	   energy              3.126643e-04    7.160796e-07    3.126643e-06 
	   displacement        4.606767e-02    6.489135e-06    4.612811e-08 
 7
 Nonlinear solution status: time= 0.966007
	stiffness updates             = 6
	right hand side evaluations   = 9
	stiffness matrix reformations = 1
	step from line search         = 1.000000
	convergence norms :     INITIAL         CURRENT         REQUIRED
	   residual            7.670156e-06    2.322816e-04    0.000000e+00 
	   energy              3.126643e-04    3.414111e-08    3.126643e-06 
	   displacement        4.606767e-02    2.524449e-06    4.621126e-08 
 8
 Nonlinear solution status: time= 0.966007
	stiffness updates             = 7
	right hand side evaluations   = 11
	stiffness matrix reformations = 1
	step from line search         = 0.570495
	convergence norms :     INITIAL         CURRENT         REQUIRED
	   residual            7.670156e-06    1.870380e-04    0.000000e+00 
	   energy              3.126643e-04    5.458697e-08    3.126643e-06 
	   displacement        4.606767e-02    1.485037e-06    4.642087e-08 
 9
 Nonlinear solution status: time= 0.966007
	stiffness updates             = 8
	right hand side evaluations   = 12
	stiffness matrix reformations = 1
	step from line search         = 1.000000
	convergence norms :     INITIAL         CURRENT         REQUIRED
	   residual            7.670156e-06    1.026686e-04    0.000000e+00 
	   energy              3.126643e-04    3.888999e-08    3.126643e-06 
	   displacement        4.606767e-02    5.847159e-07    4.664238e-08 
 10
 Nonlinear solution status: time= 0.966007
	stiffness updates             = 9
	right hand side evaluations   = 13
	stiffness matrix reformations = 1
	step from line search         = 1.000000
	convergence norms :     INITIAL         CURRENT         REQUIRED
	   residual            7.670156e-06    8.304089e-05    0.000000e+00 
	   energy              3.126643e-04    4.192897e-08    3.126643e-06 
	   displacement        4.606767e-02    1.832296e-07    4.666381e-08 

 *************************************************************************
 *                               WARNING                                 *
 * Max nr of iterations reached.                                         *
 * Stiffness matrix will now be reformed.                                *
 *************************************************************************
Reforming stiffness matrix: reformation #2

 11
 Nonlinear solution status: time= 0.966007
	stiffness updates             = 0
	right hand side evaluations   = 14
	stiffness matrix reformations = 2
	step from line search         = 1.000000
	convergence norms :     INITIAL         CURRENT         REQUIRED
	   residual            7.670156e-06    1.932245e-08    0.000000e+00 
	   energy              3.126643e-04    6.305278e-10    3.126643e-06 
	   displacement        4.606767e-02    5.793749e-08    4.662664e-08 
 12
 Nonlinear solution status: time= 0.966007
	stiffness updates             = 1
	right hand side evaluations   = 15
	stiffness matrix reformations = 2
	step from line search         = 1.000000
	convergence norms :     INITIAL         CURRENT         REQUIRED
	   residual            7.670156e-06    1.634288e-10    0.000000e+00 
	   energy              3.126643e-04    2.398618e-12    3.126643e-06 
	   displacement        4.606767e-02    3.051417e-10    4.662123e-08 

convergence summary
    number of iterations   : 12
    number of reformations : 2

------- converged at time : 0.966007


AUTO STEPPER: decreasing time step, dt = 0.0398616

MUST POINT CONTROLLER: adjusting time step. dt = 0.0339927


===== beginning time step 18 : 1 =====


Reforming stiffness matrix: reformation #1

 1
 Nonlinear solution status: time= 1
	stiffness updates             = 0
	right hand side evaluations   = 2
	stiffness matrix reformations = 1
	step from line search         = 1.000000
	convergence norms :     INITIAL         CURRENT         REQUIRED
	   residual            5.104386e-06    1.452743e-02    0.000000e+00 
	   energy              2.106537e-04    2.624480e-05    2.106537e-06 
	   displacement        3.145687e-02    3.145687e-02    3.145687e-08 
 2
 Nonlinear solution status: time= 1
	stiffness updates             = 1
	right hand side evaluations   = 4
	stiffness matrix reformations = 1
	step from line search         = 0.621034
	convergence norms :     INITIAL         CURRENT         REQUIRED
	   residual            5.104386e-06    2.741190e-03    0.000000e+00 
	   energy              2.106537e-04    7.621466e-06    2.106537e-06 
	   displacement        3.145687e-02    6.744163e-05    3.108641e-08 
 3
 Nonlinear solution status: time= 1
	stiffness updates             = 2
	right hand side evaluations   = 5
	stiffness matrix reformations = 1
	step from line search         = 1.000000
	convergence norms :     INITIAL         CURRENT         REQUIRED
	   residual            5.104386e-06    3.142228e-04    0.000000e+00 
	   energy              2.106537e-04    2.371165e-07    2.106537e-06 
	   displacement        3.145687e-02    5.233207e-05    2.896718e-08 
 4
 Nonlinear solution status: time= 1
	stiffness updates             = 3
	right hand side evaluations   = 6
	stiffness matrix reformations = 1
	step from line search         = 1.000000
	convergence norms :     INITIAL         CURRENT         REQUIRED
	   residual            5.104386e-06    6.863214e-04    0.000000e+00 
	   energy              2.106537e-04    3.222015e-07    2.106537e-06 
	   displacement        3.145687e-02    3.978155e-05    3.058671e-08 
 5
 Nonlinear solution status: time= 1
	stiffness updates             = 4
	right hand side evaluations   = 7
	stiffness matrix reformations = 1
	step from line search         = 1.000000
	convergence norms :     INITIAL         CURRENT         REQUIRED
	   residual            5.104386e-06    2.212778e-04    0.000000e+00 
	   energy              2.106537e-04    3.984449e-08    2.106537e-06 
	   displacement        3.145687e-02    6.823983e-06    3.148652e-08 
 6
 Nonlinear solution status: time= 1
	stiffness updates             = 5
	right hand side evaluations   = 8
	stiffness matrix reformations = 1
	step from line search         = 1.000000
	convergence norms :     INITIAL         CURRENT         REQUIRED
	   residual            5.104386e-06    1.195182e-04    0.000000e+00 
	   energy              2.106537e-04    9.414415e-08    2.106537e-06 
	   displacement        3.145687e-02    1.552703e-06    3.186089e-08 
 7
 Nonlinear solution status: time= 1
	stiffness updates             = 6
	right hand side evaluations   = 9
	stiffness matrix reformations = 1
	step from line search         = 1.000000
	convergence norms :     INITIAL         CURRENT         REQUIRED
	   residual            5.104386e-06    3.226839e-05    0.000000e+00 
	   energy              2.106537e-04    1.567900e-08    2.106537e-06 
	   displacement        3.145687e-02    3.074874e-07    3.182805e-08 
 8
 Nonlinear solution status: time= 1
	stiffness updates             = 7
	right hand side evaluations   = 10
	stiffness matrix reformations = 1
	step from line search         = 1.000000
	convergence norms :     INITIAL         CURRENT         REQUIRED
	   residual            5.104386e-06    2.812300e-05    0.000000e+00 
	   energy              2.106537e-04    2.283179e-08    2.106537e-06 
	   displacement        3.145687e-02    1.643323e-07    3.180007e-08 
 9
 Nonlinear solution status: time= 1
	stiffness updates             = 8
	right hand side evaluations   = 11
	stiffness matrix reformations = 1
	step from line search         = 1.000000
	convergence norms :     INITIAL         CURRENT         REQUIRED
	   residual            5.104386e-06    5.420587e-06    0.000000e+00 
	   energy              2.106537e-04    2.590084e-09    2.106537e-06 
	   displacement        3.145687e-02    3.935034e-08    3.178473e-08 
 10
 Nonlinear solution status: time= 1
	stiffness updates             = 9
	right hand side evaluations   = 13
	stiffness matrix reformations = 1
	step from line search         = 0.619959
	convergence norms :     INITIAL         CURRENT         REQUIRED
	   residual            5.104386e-06    1.330746e-06    0.000000e+00 
	   energy              2.106537e-04    7.097000e-10    2.106537e-06 
	   displacement        3.145687e-02    1.216106e-08    3.177539e-08 

convergence summary
    number of iterations   : 10
    number of reformations : 1

------- converged at time : 1



 N O N L I N E A R   I T E R A T I O N   I N F O R M A T I O N

	Number of time steps completed .................... : 18

	Total number of equilibrium iterations ............ : 203

	Average number of equilibrium iterations .......... : 11.2778

	Total number of right hand evaluations ............ : 289

	Total number of stiffness reformations ............ : 33


 L I N E A R   S O L V E R   S T A T S

	Total calls to linear solver ........ : 265

	Avg iterations per solve ............ : 1

FATAL ERROR: Output variable "density_map" is not defined

 *************************************************************************
 * Selecting linear solver pardiso                                       *
 *************************************************************************

===== beginning time step 1 : 1.01 =====


Reforming stiffness matrix: reformation #1

===== reforming stiffness matrix:
	Nr of equations ........................... : 116467
	Nr of nonzeroes in stiffness matrix ....... : 4839296
 1
 Nonlinear solution status: time= 1.01
	stiffness updates             = 0
	right hand side evaluations   = 2
	stiffness matrix reformations = 1
	step from line search         = 1.000000
	convergence norms :     INITIAL         CURRENT         REQUIRED
	   residual            1.422922e+05    4.366036e+00    0.000000e+00 
	   energy              6.425740e+00    7.182008e-03    6.425740e-02 
	   displacement        4.315406e-02    4.315406e-02    4.315406e-08 
 2

 *************************************************************************
 *                                ERROR                                  *
 * 21 negative jacobians detected.                                       *
 *************************************************************************


------- failed to converge at time : 1.01

Retrying time step. Retry attempt 1 of max 20


AUTO STEPPER: retry step, dt = 0.00952381


===== beginning time step 1 : 1.00952 =====


Reforming stiffness matrix: reformation #1

 1
 Nonlinear solution status: time= 1.00952
	stiffness updates             = 0
	right hand side evaluations   = 2
	stiffness matrix reformations = 1
	step from line search         = 1.000000
	convergence norms :     INITIAL         CURRENT         REQUIRED
	   residual            1.306424e+05    4.123489e+00    0.000000e+00 
	   energy              5.899031e+00    6.689677e-03    5.899031e-02 
	   displacement        3.791770e-02    3.791770e-02    3.791770e-08 
 2

 *************************************************************************
 *                                ERROR                                  *
 * 18 negative jacobians detected.                                       *
 *************************************************************************


------- failed to converge at time : 1.00952

Retrying time step. Retry attempt 2 of max 20


AUTO STEPPER: retry step, dt = 0.00904762


===== beginning time step 1 : 1.00905 =====


Reforming stiffness matrix: reformation #1

 1
 Nonlinear solution status: time= 1.00905
	stiffness updates             = 0
	right hand side evaluations   = 2
	stiffness matrix reformations = 1
	step from line search         = 1.000000
	convergence norms :     INITIAL         CURRENT         REQUIRED
	   residual            1.194900e+05    3.894418e+00    0.000000e+00 
	   energy              5.394842e+00    6.223295e-03    5.394842e-02 
	   displacement        3.310677e-02    3.310677e-02    3.310677e-08 
 2

 *************************************************************************
 *                                ERROR                                  *
 * 16 negative jacobians detected.                                       *
 *************************************************************************


------- failed to converge at time : 1.00905

Retrying time step. Retry attempt 3 of max 20


AUTO STEPPER: retry step, dt = 0.00857143


===== beginning time step 1 : 1.00857 =====


Reforming stiffness matrix: reformation #1

 1
 Nonlinear solution status: time= 1.00857
	stiffness updates             = 0
	right hand side evaluations   = 2
	stiffness matrix reformations = 1
	step from line search         = 1.000000
	convergence norms :     INITIAL         CURRENT         REQUIRED
	   residual            1.083213e+05    3.640661e+00    0.000000e+00 
	   energy              4.889977e+00    5.740262e-03    4.889977e-02 
	   displacement        2.857040e-02    2.857040e-02    2.857040e-08 
 2

 *************************************************************************
 *                                ERROR                                  *
 * 13 negative jacobians detected.                                       *
 *************************************************************************


------- failed to converge at time : 1.00857

Retrying time step. Retry attempt 4 of max 20


AUTO STEPPER: retry step, dt = 0.00809524


===== beginning time step 1 : 1.0081 =====


Reforming stiffness matrix: reformation #1

 1
 Nonlinear solution status: time= 1.0081
	stiffness updates             = 0
	right hand side evaluations   = 2
	stiffness matrix reformations = 1
	step from line search         = 1.000000
	convergence norms :     INITIAL         CURRENT         REQUIRED
	   residual            9.768231e+04    3.396236e+00    0.000000e+00 
	   energy              4.409090e+00    5.279388e-03    4.409090e-02 
	   displacement        2.445038e-02    2.445038e-02    2.445038e-08 
 2

 *************************************************************************
 *                                ERROR                                  *
 * 6 negative jacobians detected.                                        *
 *************************************************************************


------- failed to converge at time : 1.0081

Retrying time step. Retry attempt 5 of max 20


AUTO STEPPER: retry step, dt = 0.00761905


===== beginning time step 1 : 1.00762 =====


Reforming stiffness matrix: reformation #1

 1
 Nonlinear solution status: time= 1.00762
	stiffness updates             = 0
	right hand side evaluations   = 2
	stiffness matrix reformations = 1
	step from line search         = 1.000000
	convergence norms :     INITIAL         CURRENT         REQUIRED
	   residual            8.759312e+04    3.160606e+00    0.000000e+00 
	   energy              3.953091e+00    4.839787e-03    3.953091e-02 
	   displacement        2.073446e-02    2.073446e-02    2.073446e-08 
 2

 *************************************************************************
 *                                ERROR                                  *
 * 3 negative jacobians detected.                                        *
 *************************************************************************


------- failed to converge at time : 1.00762

Retrying time step. Retry attempt 6 of max 20


AUTO STEPPER: retry step, dt = 0.00714286


===== beginning time step 1 : 1.00714 =====


Reforming stiffness matrix: reformation #1

 1
 Nonlinear solution status: time= 1.00714
	stiffness updates             = 0
	right hand side evaluations   = 2
	stiffness matrix reformations = 1
	step from line search         = 1.000000
	convergence norms :     INITIAL         CURRENT         REQUIRED
	   residual            7.797639e+04    2.925931e+00    0.000000e+00 
	   energy              3.518489e+00    4.412945e-03    3.518489e-02 
	   displacement        1.738726e-02    1.738726e-02    1.738726e-08 
 2

 *************************************************************************
 *                                ERROR                                  *
 * 2 negative jacobians detected.                                        *
 *************************************************************************


------- failed to converge at time : 1.00714

Retrying time step. Retry attempt 7 of max 20


AUTO STEPPER: retry step, dt = 0.00666667


===== beginning time step 1 : 1.00667 =====


Reforming stiffness matrix: reformation #1

 1
 Nonlinear solution status: time= 1.00667
	stiffness updates             = 0
	right hand side evaluations   = 2
	stiffness matrix reformations = 1
	step from line search         = 1.000000
	convergence norms :     INITIAL         CURRENT         REQUIRED
	   residual            6.856719e+04    2.668274e+00    0.000000e+00 
	   energy              3.093334e+00    3.974349e-03    3.093334e-02 
	   displacement        1.433808e-02    1.433808e-02    1.433808e-08 
 2

 *************************************************************************
 *                                ERROR                                  *
 * Negative jacobian detected.                                           *
 *************************************************************************


------- failed to converge at time : 1.00667

Retrying time step. Retry attempt 8 of max 20


AUTO STEPPER: retry step, dt = 0.00619048


===== beginning time step 1 : 1.00619 =====


Reforming stiffness matrix: reformation #1

 1
 Nonlinear solution status: time= 1.00619
	stiffness updates             = 0
	right hand side evaluations   = 2
	stiffness matrix reformations = 1
	step from line search         = 1.000000
	convergence norms :     INITIAL         CURRENT         REQUIRED
	   residual            5.976275e+04    2.416480e+00    0.000000e+00 
	   energy              2.695553e+00    3.554491e-03    2.695553e-02 
	   displacement        1.165990e-02    1.165990e-02    1.165990e-08 
 2
 Nonlinear solution status: time= 1.00619
	stiffness updates             = 1
	right hand side evaluations   = 4
	stiffness matrix reformations = 1
	step from line search         = 0.147650
	convergence norms :     INITIAL         CURRENT         REQUIRED
	   residual            5.976275e+04    8.712330e-01    0.000000e+00 
	   energy              2.695553e+00    1.112953e-05    2.695553e-02 
	   displacement        1.165990e-02    1.035694e-05    1.155165e-08 
 3
 Nonlinear solution status: time= 1.00619
	stiffness updates             = 2
	right hand side evaluations   = 7
	stiffness matrix reformations = 1
	step from line search         = 0.223603
	convergence norms :     INITIAL         CURRENT         REQUIRED
	   residual            5.976275e+04    4.799242e-01    0.000000e+00 
	   energy              2.695553e+00    1.931800e-05    2.695553e-02 
	   displacement        1.165990e-02    4.406523e-06    1.145148e-08 
 4
 Nonlinear solution status: time= 1.00619
	stiffness updates             = 3
	right hand side evaluations   = 9
	stiffness matrix reformations = 1
	step from line search         = 0.341428
	convergence norms :     INITIAL         CURRENT         REQUIRED
	   residual            5.976275e+04    4.067460e-01    0.000000e+00 
	   energy              2.695553e+00    2.731618e-05    2.695553e-02 
	   displacement        1.165990e-02    4.290557e-06    1.128078e-08 
 5
 Nonlinear solution status: time= 1.00619
	stiffness updates             = 4
	right hand side evaluations   = 11
	stiffness matrix reformations = 1
	step from line search         = 0.461633
	convergence norms :     INITIAL         CURRENT         REQUIRED
	   residual            5.976275e+04    4.952871e-01    0.000000e+00 
	   energy              2.695553e+00    1.681145e-05    2.695553e-02 
	   displacement        1.165990e-02    3.778017e-06    1.111685e-08 
 6
 Nonlinear solution status: time= 1.00619
	stiffness updates             = 5
	right hand side evaluations   = 13
	stiffness matrix reformations = 1
	step from line search         = 0.410194
	convergence norms :     INITIAL         CURRENT         REQUIRED
	   residual            5.976275e+04    4.729702e-01    0.000000e+00 
	   energy              2.695553e+00    2.266438e-05    2.695553e-02 
	   displacement        1.165990e-02    3.908533e-06    1.097642e-08 
 7
 Nonlinear solution status: time= 1.00619
	stiffness updates             = 6
	right hand side evaluations   = 15
	stiffness matrix reformations = 1
	step from line search         = 0.423061
	convergence norms :     INITIAL         CURRENT         REQUIRED
	   residual            5.976275e+04    4.163875e-01    0.000000e+00 
	   energy              2.695553e+00    1.690187e-05    2.695553e-02 
	   displacement        1.165990e-02    1.793984e-06    1.094619e-08 
 8
 Nonlinear solution status: time= 1.00619
	stiffness updates             = 7
	right hand side evaluations   = 18
	stiffness matrix reformations = 1
	step from line search         = 0.275538
	convergence norms :     INITIAL         CURRENT         REQUIRED
	   residual            5.976275e+04    2.644579e-01    0.000000e+00 
	   energy              2.695553e+00    4.678454e-06    2.695553e-02 
	   displacement        1.165990e-02    7.774483e-07    1.100211e-08 
 9
 Nonlinear solution status: time= 1.00619
	stiffness updates             = 8
	right hand side evaluations   = 21
	stiffness matrix reformations = 1
	step from line search         = 0.276487
	convergence norms :     INITIAL         CURRENT         REQUIRED
	   residual            5.976275e+04    1.127158e-01    0.000000e+00 
	   energy              2.695553e+00    3.354843e-06    2.695553e-02 
	   displacement        1.165990e-02    7.553923e-07    1.107324e-08 
 10
 Nonlinear solution status: time= 1.00619
	stiffness updates             = 9
	right hand side evaluations   = 24
	stiffness matrix reformations = 1
	step from line search         = 0.254843
	convergence norms :     INITIAL         CURRENT         REQUIRED
	   residual            5.976275e+04    6.658339e-02    0.000000e+00 
	   energy              2.695553e+00    2.130972e-06    2.695553e-02 
	   displacement        1.165990e-02    3.273530e-07    1.111520e-08 

 *************************************************************************
 *                               WARNING                                 *
 * Max nr of iterations reached.                                         *
 * Stiffness matrix will now be reformed.                                *
 *************************************************************************
Reforming stiffness matrix: reformation #2

 11
 Nonlinear solution status: time= 1.00619
	stiffness updates             = 0
	right hand side evaluations   = 25
	stiffness matrix reformations = 2
	step from line search         = 1.000000
	convergence norms :     INITIAL         CURRENT         REQUIRED
	   residual            5.976275e+04    6.571586e-04    0.000000e+00 
	   energy              2.695553e+00    2.399180e-07    2.695553e-02 
	   displacement        1.165990e-02    1.636335e-06    1.108730e-08 
 12
 Nonlinear solution status: time= 1.00619
	stiffness updates             = 1
	right hand side evaluations   = 26
	stiffness matrix reformations = 2
	step from line search         = 1.000000
	convergence norms :     INITIAL         CURRENT         REQUIRED
	   residual            5.976275e+04    1.511673e-04    0.000000e+00 
	   energy              2.695553e+00    1.234398e-07    2.695553e-02 
	   displacement        1.165990e-02    4.100260e-08    1.108853e-08 
 13
 Nonlinear solution status: time= 1.00619
	stiffness updates             = 2
	right hand side evaluations   = 27
	stiffness matrix reformations = 2
	step from line search         = 1.000000
	convergence norms :     INITIAL         CURRENT         REQUIRED
	   residual            5.976275e+04    1.303632e-05    0.000000e+00 
	   energy              2.695553e+00    9.057895e-09    2.695553e-02 
	   displacement        1.165990e-02    1.669574e-08    1.108998e-08 
 14
 Nonlinear solution status: time= 1.00619
	stiffness updates             = 3
	right hand side evaluations   = 28
	stiffness matrix reformations = 2
	step from line search         = 1.000000
	convergence norms :     INITIAL         CURRENT         REQUIRED
	   residual            5.976275e+04    8.634186e-06    0.000000e+00 
	   energy              2.695553e+00    1.208388e-09    2.695553e-02 
	   displacement        1.165990e-02    3.761925e-09    1.109011e-08 

convergence summary
    number of iterations   : 14
    number of reformations : 2

------- converged at time : 1.00619


AUTO STEPPER: decreasing time step, dt = 0.00548727


===== beginning time step 2 : 1.01168 =====


Reforming stiffness matrix: reformation #1

 1
 Nonlinear solution status: time= 1.01168
	stiffness updates             = 0
	right hand side evaluations   = 2
	stiffness matrix reformations = 1
	step from line search         = 1.000000
	convergence norms :     INITIAL         CURRENT         REQUIRED
	   residual            4.973184e+04    6.912213e-01    0.000000e+00 
	   energy              1.569587e+00    8.726607e-04    1.569587e-02 
	   displacement        1.837578e-02    1.837578e-02    1.837578e-08 
 2
 Nonlinear solution status: time= 1.01168
	stiffness updates             = 1
	right hand side evaluations   = 4
	stiffness matrix reformations = 1
	step from line search         = 0.489941
	convergence norms :     INITIAL         CURRENT         REQUIRED
	   residual            4.973184e+04    5.655586e-01    0.000000e+00 
	   energy              1.569587e+00    2.808886e-04    1.569587e-02 
	   displacement        1.837578e-02    2.138796e-04    1.700364e-08 
 3
 Nonlinear solution status: time= 1.01168
	stiffness updates             = 2
	right hand side evaluations   = 5
	stiffness matrix reformations = 1
	step from line search         = 1.000000
	convergence norms :     INITIAL         CURRENT         REQUIRED
	   residual            4.973184e+04    5.961570e-01    0.000000e+00 
	   energy              1.569587e+00    1.046586e-04    1.569587e-02 
	   displacement        1.837578e-02    5.321924e-05    1.637585e-08 
 4
 Nonlinear solution status: time= 1.01168
	stiffness updates             = 3
	right hand side evaluations   = 7
	stiffness matrix reformations = 1
	step from line search         = 0.470939
	convergence norms :     INITIAL         CURRENT         REQUIRED
	   residual            4.973184e+04    3.554265e-01    0.000000e+00 
	   energy              1.569587e+00    5.735654e-05    1.569587e-02 
	   displacement        1.837578e-02    3.308559e-05    1.635793e-08 
 5
 Nonlinear solution status: time= 1.01168
	stiffness updates             = 4
	right hand side evaluations   = 9
	stiffness matrix reformations = 1
	step from line search         = 0.513406
	convergence norms :     INITIAL         CURRENT         REQUIRED
	   residual            4.973184e+04    1.915890e-01    0.000000e+00 
	   energy              1.569587e+00    2.463883e-05    1.569587e-02 
	   displacement        1.837578e-02    1.102065e-05    1.664139e-08 
 6
 Nonlinear solution status: time= 1.01168
	stiffness updates             = 5
	right hand side evaluations   = 11
	stiffness matrix reformations = 1
	step from line search         = 0.532393
	convergence norms :     INITIAL         CURRENT         REQUIRED
	   residual            4.973184e+04    1.189340e-01    0.000000e+00 
	   energy              1.569587e+00    1.466687e-05    1.569587e-02 
	   displacement        1.837578e-02    9.164177e-06    1.692183e-08 
 7
 Nonlinear solution status: time= 1.01168
	stiffness updates             = 6
	right hand side evaluations   = 13
	stiffness matrix reformations = 1
	step from line search         = 0.496477
	convergence norms :     INITIAL         CURRENT         REQUIRED
	   residual            4.973184e+04    6.133529e-02    0.000000e+00 
	   energy              1.569587e+00    9.045346e-06    1.569587e-02 
	   displacement        1.837578e-02    3.241674e-06    1.700921e-08 
 8
 Nonlinear solution status: time= 1.01168
	stiffness updates             = 7
	right hand side evaluations   = 15
	stiffness matrix reformations = 1
	step from line search         = 0.515285
	convergence norms :     INITIAL         CURRENT         REQUIRED
	   residual            4.973184e+04    2.930131e-02    0.000000e+00 
	   energy              1.569587e+00    4.324677e-06    1.569587e-02 
	   displacement        1.837578e-02    1.502082e-06    1.697705e-08 
 9
 Nonlinear solution status: time= 1.01168
	stiffness updates             = 8
	right hand side evaluations   = 17
	stiffness matrix reformations = 1
	step from line search         = 0.520932
	convergence norms :     INITIAL         CURRENT         REQUIRED
	   residual            4.973184e+04    2.157531e-02    0.000000e+00 
	   energy              1.569587e+00    2.421320e-06    1.569587e-02 
	   displacement        1.837578e-02    1.327349e-06    1.692838e-08 
 10
 Nonlinear solution status: time= 1.01168
	stiffness updates             = 9
	right hand side evaluations   = 19
	stiffness matrix reformations = 1
	step from line search         = 0.501635
	convergence norms :     INITIAL         CURRENT         REQUIRED
	   residual            4.973184e+04    1.523691e-02    0.000000e+00 
	   energy              1.569587e+00    1.620421e-06    1.569587e-02 
	   displacement        1.837578e-02    7.730473e-07    1.691640e-08 

 *************************************************************************
 *                               WARNING                                 *
 * Max nr of iterations reached.                                         *
 * Stiffness matrix will now be reformed.                                *
 *************************************************************************
Reforming stiffness matrix: reformation #2

 11
 Nonlinear solution status: time= 1.01168
	stiffness updates             = 0
	right hand side evaluations   = 20
	stiffness matrix reformations = 2
	step from line search         = 1.000000
	convergence norms :     INITIAL         CURRENT         REQUIRED
	   residual            4.973184e+04    4.743869e-05    0.000000e+00 
	   energy              1.569587e+00    5.546520e-10    1.569587e-02 
	   displacement        1.837578e-02    1.262238e-06    1.701449e-08 
 12
 Nonlinear solution status: time= 1.01168
	stiffness updates             = 1
	right hand side evaluations   = 21
	stiffness matrix reformations = 2
	step from line search         = 1.000000
	convergence norms :     INITIAL         CURRENT         REQUIRED
	   residual            4.973184e+04    3.438027e-06    0.000000e+00 
	   energy              1.569587e+00    2.314290e-09    1.569587e-02 
	   displacement        1.837578e-02    9.825302e-09    1.700924e-08 

convergence summary
    number of iterations   : 12
    number of reformations : 2

------- converged at time : 1.01168


AUTO STEPPER: decreasing time step, dt = 0.00525366


===== beginning time step 3 : 1.01693 =====


Reforming stiffness matrix: reformation #1

 1
 Nonlinear solution status: time= 1.01693
	stiffness updates             = 0
	right hand side evaluations   = 2
	stiffness matrix reformations = 1
	step from line search         = 1.000000
	convergence norms :     INITIAL         CURRENT         REQUIRED
	   residual            3.497499e+04    4.029973e-01    0.000000e+00 
	   energy              1.051207e+00    1.303212e-03    1.051207e-02 
	   displacement        2.180696e-02    2.180696e-02    2.180696e-08 
 2
 Nonlinear solution status: time= 1.01693
	stiffness updates             = 1
	right hand side evaluations   = 4
	stiffness matrix reformations = 1
	step from line search         = 0.561694
	convergence norms :     INITIAL         CURRENT         REQUIRED
	   residual            3.497499e+04    3.177965e-01    0.000000e+00 
	   energy              1.051207e+00    2.721461e-04    1.051207e-02 
	   displacement        2.180696e-02    3.264307e-04    1.965575e-08 
 3
 Nonlinear solution status: time= 1.01693
	stiffness updates             = 2
	right hand side evaluations   = 5
	stiffness matrix reformations = 1
	step from line search         = 1.000000
	convergence norms :     INITIAL         CURRENT         REQUIRED
	   residual            3.497499e+04    1.536940e-01    0.000000e+00 
	   energy              1.051207e+00    2.122667e-05    1.051207e-02 
	   displacement        2.180696e-02    6.610741e-05    1.897154e-08 
 4
 Nonlinear solution status: time= 1.01693
	stiffness updates             = 3
	right hand side evaluations   = 7
	stiffness matrix reformations = 1
	step from line search         = 0.499355
	convergence norms :     INITIAL         CURRENT         REQUIRED
	   residual            3.497499e+04    8.462222e-02    0.000000e+00 
	   energy              1.051207e+00    1.287327e-05    1.051207e-02 
	   displacement        2.180696e-02    2.468626e-05    1.913262e-08 
 5
 Nonlinear solution status: time= 1.01693
	stiffness updates             = 4
	right hand side evaluations   = 9
	stiffness matrix reformations = 1
	step from line search         = 0.521724
	convergence norms :     INITIAL         CURRENT         REQUIRED
	   residual            3.497499e+04    6.254828e-02    0.000000e+00 
	   energy              1.051207e+00    8.114432e-06    1.051207e-02 
	   displacement        2.180696e-02    6.134206e-06    1.943802e-08 
 6
 Nonlinear solution status: time= 1.01693
	stiffness updates             = 5
	right hand side evaluations   = 11
	stiffness matrix reformations = 1
	step from line search         = 0.614503
	convergence norms :     INITIAL         CURRENT         REQUIRED
	   residual            3.497499e+04    3.202621e-02    0.000000e+00 
	   energy              1.051207e+00    3.267036e-06    1.051207e-02 
	   displacement        2.180696e-02    3.608200e-06    1.969668e-08 
 7
 Nonlinear solution status: time= 1.01693
	stiffness updates             = 6
	right hand side evaluations   = 13
	stiffness matrix reformations = 1
	step from line search         = 0.565079
	convergence norms :     INITIAL         CURRENT         REQUIRED
	   residual            3.497499e+04    1.030432e-02    0.000000e+00 
	   energy              1.051207e+00    2.107682e-06    1.051207e-02 
	   displacement        2.180696e-02    8.967488e-07    1.975368e-08 
 8
 Nonlinear solution status: time= 1.01693
	stiffness updates             = 7
	right hand side evaluations   = 15
	stiffness matrix reformations = 1
	step from line search         = 0.598310
	convergence norms :     INITIAL         CURRENT         REQUIRED
	   residual            3.497499e+04    5.540937e-03    0.000000e+00 
	   energy              1.051207e+00    7.482303e-07    1.051207e-02 
	   displacement        2.180696e-02    6.181477e-07    1.971481e-08 
 9
 Nonlinear solution status: time= 1.01693
	stiffness updates             = 8
	right hand side evaluations   = 17
	stiffness matrix reformations = 1
	step from line search         = 0.599674
	convergence norms :     INITIAL         CURRENT         REQUIRED
	   residual            3.497499e+04    4.867370e-03    0.000000e+00 
	   energy              1.051207e+00    4.229561e-07    1.051207e-02 
	   displacement        2.180696e-02    6.519787e-07    1.968140e-08 
 10
 Nonlinear solution status: time= 1.01693
	stiffness updates             = 9
	right hand side evaluations   = 19
	stiffness matrix reformations = 1
	step from line search         = 0.575169
	convergence norms :     INITIAL         CURRENT         REQUIRED
	   residual            3.497499e+04    2.246559e-03    0.000000e+00 
	   energy              1.051207e+00    2.722760e-07    1.051207e-02 
	   displacement        2.180696e-02    3.377659e-07    1.968835e-08 

 *************************************************************************
 *                               WARNING                                 *
 * Max nr of iterations reached.                                         *
 * Stiffness matrix will now be reformed.                                *
 *************************************************************************
Reforming stiffness matrix: reformation #2

 11
 Nonlinear solution status: time= 1.01693
	stiffness updates             = 0
	right hand side evaluations   = 20
	stiffness matrix reformations = 2
	step from line search         = 1.000000
	convergence norms :     INITIAL         CURRENT         REQUIRED
	   residual            3.497499e+04    1.690671e-06    0.000000e+00 
	   energy              1.051207e+00    6.115831e-09    1.051207e-02 
	   displacement        2.180696e-02    3.262017e-07    1.975236e-08 
 12
 Nonlinear solution status: time= 1.01693
	stiffness updates             = 1
	right hand side evaluations   = 21
	stiffness matrix reformations = 2
	step from line search         = 1.000000
	convergence norms :     INITIAL         CURRENT         REQUIRED
	   residual            3.497499e+04    3.483009e-08    0.000000e+00 
	   energy              1.051207e+00    1.639529e-10    1.051207e-02 
	   displacement        2.180696e-02    2.687249e-09    1.974727e-08 

convergence summary
    number of iterations   : 12
    number of reformations : 2

------- converged at time : 1.01693


AUTO STEPPER: decreasing time step, dt = 0.00503


===== beginning time step 4 : 1.02196 =====


Reforming stiffness matrix: reformation #1

 1
 Nonlinear solution status: time= 1.02196
	stiffness updates             = 0
	right hand side evaluations   = 2
	stiffness matrix reformations = 1
	step from line search         = 1.000000
	convergence norms :     INITIAL         CURRENT         REQUIRED
	   residual            2.220287e+04    2.421994e-01    0.000000e+00 
	   energy              6.794005e-01    1.469164e-03    6.794005e-03 
	   displacement        2.222124e-02    2.222124e-02    2.222124e-08 
 2
 Nonlinear solution status: time= 1.02196
	stiffness updates             = 1
	right hand side evaluations   = 4
	stiffness matrix reformations = 1
	step from line search         = 0.610825
	convergence norms :     INITIAL         CURRENT         REQUIRED
	   residual            2.220287e+04    1.488467e-01    0.000000e+00 
	   energy              6.794005e-01    1.944330e-04    6.794005e-03 
	   displacement        2.222124e-02    3.156420e-04    1.972859e-08 
 3
 Nonlinear solution status: time= 1.02196
	stiffness updates             = 2
	right hand side evaluations   = 5
	stiffness matrix reformations = 1
	step from line search         = 1.000000
	convergence norms :     INITIAL         CURRENT         REQUIRED
	   residual            2.220287e+04    4.869935e-02    0.000000e+00 
	   energy              6.794005e-01    4.820999e-06    6.794005e-03 
	   displacement        2.222124e-02    6.374364e-05    1.911791e-08 
 4
 Nonlinear solution status: time= 1.02196
	stiffness updates             = 3
	right hand side evaluations   = 7
	stiffness matrix reformations = 1
	step from line search         = 0.551847
	convergence norms :     INITIAL         CURRENT         REQUIRED
	   residual            2.220287e+04    2.511282e-02    0.000000e+00 
	   energy              6.794005e-01    5.940637e-06    6.794005e-03 
	   displacement        2.222124e-02    1.415657e-05    1.933122e-08 
 5
 Nonlinear solution status: time= 1.02196
	stiffness updates             = 4
	right hand side evaluations   = 8
	stiffness matrix reformations = 1
	step from line search         = 1.000000
	convergence norms :     INITIAL         CURRENT         REQUIRED
	   residual            2.220287e+04    3.911203e-02    0.000000e+00 
	   energy              6.794005e-01    1.019024e-05    6.794005e-03 
	   displacement        2.222124e-02    7.760930e-06    1.977658e-08 
 6
 Nonlinear solution status: time= 1.02196
	stiffness updates             = 5
	right hand side evaluations   = 9
	stiffness matrix reformations = 1
	step from line search         = 1.000000
	convergence norms :     INITIAL         CURRENT         REQUIRED
	   residual            2.220287e+04    1.377361e-02    0.000000e+00 
	   energy              6.794005e-01    5.042208e-06    6.794005e-03 
	   displacement        2.222124e-02    1.720279e-06    1.987581e-08 
 7
 Nonlinear solution status: time= 1.02196
	stiffness updates             = 6
	right hand side evaluations   = 10
	stiffness matrix reformations = 1
	step from line search         = 1.000000
	convergence norms :     INITIAL         CURRENT         REQUIRED
	   residual            2.220287e+04    1.511918e-02    0.000000e+00 
	   energy              6.794005e-01    5.000935e-06    6.794005e-03 
	   displacement        2.222124e-02    2.625574e-06    1.969616e-08 
 8
 Nonlinear solution status: time= 1.02196
	stiffness updates             = 7
	right hand side evaluations   = 11
	stiffness matrix reformations = 1
	step from line search         = 1.000000
	convergence norms :     INITIAL         CURRENT         REQUIRED
	   residual            2.220287e+04    6.404176e-03    0.000000e+00 
	   energy              6.794005e-01    1.811790e-06    6.794005e-03 
	   displacement        2.222124e-02    9.929496e-07    1.968994e-08 
 9
 Nonlinear solution status: time= 1.02196
	stiffness updates             = 8
	right hand side evaluations   = 13
	stiffness matrix reformations = 1
	step from line search         = 0.582278
	convergence norms :     INITIAL         CURRENT         REQUIRED
	   residual            2.220287e+04    1.681477e-03    0.000000e+00 
	   energy              6.794005e-01    3.891150e-07    6.794005e-03 
	   displacement        2.222124e-02    3.140740e-07    1.975406e-08 
 10
 Nonlinear solution status: time= 1.02196
	stiffness updates             = 9
	right hand side evaluations   = 14
	stiffness matrix reformations = 1
	step from line search         = 1.000000
	convergence norms :     INITIAL         CURRENT         REQUIRED
	   residual            2.220287e+04    1.983354e-03    0.000000e+00 
	   energy              6.794005e-01    6.544982e-07    6.794005e-03 
	   displacement        2.222124e-02    2.046888e-07    1.980168e-08 

 *************************************************************************
 *                               WARNING                                 *
 * Max nr of iterations reached.                                         *
 * Stiffness matrix will now be reformed.                                *
 *************************************************************************
Reforming stiffness matrix: reformation #2

 11
 Nonlinear solution status: time= 1.02196
	stiffness updates             = 0
	right hand side evaluations   = 15
	stiffness matrix reformations = 2
	step from line search         = 1.000000
	convergence norms :     INITIAL         CURRENT         REQUIRED
	   residual            2.220287e+04    7.533120e-07    0.000000e+00 
	   energy              6.794005e-01    1.467945e-08    6.794005e-03 
	   displacement        2.222124e-02    1.870855e-07    1.978075e-08 
 12
 Nonlinear solution status: time= 1.02196
	stiffness updates             = 1
	right hand side evaluations   = 16
	stiffness matrix reformations = 2
	step from line search         = 1.000000
	convergence norms :     INITIAL         CURRENT         REQUIRED
	   residual            2.220287e+04    2.155469e-08    0.000000e+00 
	   energy              6.794005e-01    2.115138e-10    6.794005e-03 
	   displacement        2.222124e-02    2.754306e-09    1.978192e-08 

convergence summary
    number of iterations   : 12
    number of reformations : 2

------- converged at time : 1.02196


AUTO STEPPER: decreasing time step, dt = 0.00481586

MUST POINT CONTROLLER: adjusting time step. dt = 0.00303859


===== beginning time step 5 : 1.025 =====


Reforming stiffness matrix: reformation #1

 1
 Nonlinear solution status: time= 1.025
	stiffness updates             = 0
	right hand side evaluations   = 2
	stiffness matrix reformations = 1
	step from line search         = 1.000000
	convergence norms :     INITIAL         CURRENT         REQUIRED
	   residual            5.580532e+03    5.765920e-02    0.000000e+00 
	   energy              1.898107e-01    1.004919e-03    1.898107e-03 
	   displacement        8.642242e-03    8.642242e-03    8.642242e-09 
 2
 Nonlinear solution status: time= 1.025
	stiffness updates             = 1
	right hand side evaluations   = 3
	stiffness matrix reformations = 1
	step from line search         = 1.000000
	convergence norms :     INITIAL         CURRENT         REQUIRED
	   residual            5.580532e+03    7.637434e-02    0.000000e+00 
	   energy              1.898107e-01    9.151896e-05    1.898107e-03 
	   displacement        8.642242e-03    1.509613e-04    7.328964e-09 
 3
 Nonlinear solution status: time= 1.025
	stiffness updates             = 2
	right hand side evaluations   = 4
	stiffness matrix reformations = 1
	step from line search         = 1.000000
	convergence norms :     INITIAL         CURRENT         REQUIRED
	   residual            5.580532e+03    4.306486e-03    0.000000e+00 
	   energy              1.898107e-01    1.011286e-06    1.898107e-03 
	   displacement        8.642242e-03    1.823837e-05    7.509448e-09 
 4
 Nonlinear solution status: time= 1.025
	stiffness updates             = 3
	right hand side evaluations   = 5
	stiffness matrix reformations = 1
	step from line search         = 1.000000
	convergence norms :     INITIAL         CURRENT         REQUIRED
	   residual            5.580532e+03    2.451473e-03    0.000000e+00 
	   energy              1.898107e-01    1.934329e-06    1.898107e-03 
	   displacement        8.642242e-03    1.772175e-06    7.631689e-09 
 5
 Nonlinear solution status: time= 1.025
	stiffness updates             = 4
	right hand side evaluations   = 6
	stiffness matrix reformations = 1
	step from line search         = 1.000000
	convergence norms :     INITIAL         CURRENT         REQUIRED
	   residual            5.580532e+03    1.998447e-04    0.000000e+00 
	   energy              1.898107e-01    8.460016e-08    1.898107e-03 
	   displacement        8.642242e-03    1.592807e-07    7.607365e-09 
 6
 Nonlinear solution status: time= 1.025
	stiffness updates             = 5
	right hand side evaluations   = 7
	stiffness matrix reformations = 1
	step from line search         = 1.000000
	convergence norms :     INITIAL         CURRENT         REQUIRED
	   residual            5.580532e+03    1.191550e-04    0.000000e+00 
	   energy              1.898107e-01    5.355813e-08    1.898107e-03 
	   displacement        8.642242e-03    3.755354e-08    7.595218e-09 
 7
 Nonlinear solution status: time= 1.025
	stiffness updates             = 6
	right hand side evaluations   = 8
	stiffness matrix reformations = 1
	step from line search         = 1.000000
	convergence norms :     INITIAL         CURRENT         REQUIRED
	   residual            5.580532e+03    1.009411e-05    0.000000e+00 
	   energy              1.898107e-01    1.949404e-09    1.898107e-03 
	   displacement        8.642242e-03    5.217692e-09    7.600154e-09 

convergence summary
    number of iterations   : 7
    number of reformations : 1

------- converged at time : 1.025


AUTO STEPPER: increasing time step, dt = 0.00585269


===== beginning time step 6 : 1.03085 =====


Reforming stiffness matrix: reformation #1

 1
 Nonlinear solution status: time= 1.03085
	stiffness updates             = 0
	right hand side evaluations   = 2
	stiffness matrix reformations = 1
	step from line search         = 1.000000
	convergence norms :     INITIAL         CURRENT         REQUIRED
	   residual            1.276139e+04    2.337197e-01    0.000000e+00 
	   energy              4.229662e-01    1.834657e-03    4.229662e-03 
	   displacement        2.974122e-02    2.974122e-02    2.974122e-08 
 2
 Nonlinear solution status: time= 1.03085
	stiffness updates             = 1
	right hand side evaluations   = 4
	stiffness matrix reformations = 1
	step from line search         = 0.620509
	convergence norms :     INITIAL         CURRENT         REQUIRED
	   residual            1.276139e+04    1.348853e-01    0.000000e+00 
	   energy              4.229662e-01    2.347442e-04    4.229662e-03 
	   displacement        2.974122e-02    5.259493e-04    2.584512e-08 
 3
 Nonlinear solution status: time= 1.03085
	stiffness updates             = 2
	right hand side evaluations   = 5
	stiffness matrix reformations = 1
	step from line search         = 1.000000
	convergence norms :     INITIAL         CURRENT         REQUIRED
	   residual            1.276139e+04    4.329201e-02    0.000000e+00 
	   energy              4.229662e-01    2.759562e-06    4.229662e-03 
	   displacement        2.974122e-02    1.059912e-04    2.488035e-08 
 4
 Nonlinear solution status: time= 1.03085
	stiffness updates             = 3
	right hand side evaluations   = 7
	stiffness matrix reformations = 1
	step from line search         = 0.529716
	convergence norms :     INITIAL         CURRENT         REQUIRED
	   residual            1.276139e+04    2.071634e-02    0.000000e+00 
	   energy              4.229662e-01    7.229839e-06    4.229662e-03 
	   displacement        2.974122e-02    2.254190e-05    2.513820e-08 
 5
 Nonlinear solution status: time= 1.03085
	stiffness updates             = 4
	right hand side evaluations   = 8
	stiffness matrix reformations = 1
	step from line search         = 1.000000
	convergence norms :     INITIAL         CURRENT         REQUIRED
	   residual            1.276139e+04    2.597133e-02    0.000000e+00 
	   energy              4.229662e-01    9.607039e-06    4.229662e-03 
	   displacement        2.974122e-02    1.354063e-05    2.586115e-08 
 6
 Nonlinear solution status: time= 1.03085
	stiffness updates             = 5
	right hand side evaluations   = 9
	stiffness matrix reformations = 1
	step from line search         = 1.000000
	convergence norms :     INITIAL         CURRENT         REQUIRED
	   residual            1.276139e+04    1.757003e-02    0.000000e+00 
	   energy              4.229662e-01    6.915745e-06    4.229662e-03 
	   displacement        2.974122e-02    2.573870e-06    2.604970e-08 
 7
 Nonlinear solution status: time= 1.03085
	stiffness updates             = 6
	right hand side evaluations   = 10
	stiffness matrix reformations = 1
	step from line search         = 1.000000
	convergence norms :     INITIAL         CURRENT         REQUIRED
	   residual            1.276139e+04    1.553314e-02    0.000000e+00 
	   energy              4.229662e-01    6.706006e-06    4.229662e-03 
	   displacement        2.974122e-02    3.970404e-06    2.579456e-08 
 8
 Nonlinear solution status: time= 1.03085
	stiffness updates             = 7
	right hand side evaluations   = 11
	stiffness matrix reformations = 1
	step from line search         = 1.000000
	convergence norms :     INITIAL         CURRENT         REQUIRED
	   residual            1.276139e+04    5.344931e-03    0.000000e+00 
	   energy              4.229662e-01    2.503077e-06    4.229662e-03 
	   displacement        2.974122e-02    1.816899e-06    2.573012e-08 
 9
 Nonlinear solution status: time= 1.03085
	stiffness updates             = 8
	right hand side evaluations   = 13
	stiffness matrix reformations = 1
	step from line search         = 0.622037
	convergence norms :     INITIAL         CURRENT         REQUIRED
	   residual            1.276139e+04    1.451866e-03    0.000000e+00 
	   energy              4.229662e-01    3.776165e-07    4.229662e-03 
	   displacement        2.974122e-02    5.149172e-07    2.583521e-08 
 10
 Nonlinear solution status: time= 1.03085
	stiffness updates             = 9
	right hand side evaluations   = 15
	stiffness matrix reformations = 1
	step from line search         = 0.600551
	convergence norms :     INITIAL         CURRENT         REQUIRED
	   residual            1.276139e+04    6.366853e-04    0.000000e+00 
	   energy              4.229662e-01    1.458238e-07    4.229662e-03 
	   displacement        2.974122e-02    1.393837e-07    2.589014e-08 

 *************************************************************************
 *                               WARNING                                 *
 * Max nr of iterations reached.                                         *
 * Stiffness matrix will now be reformed.                                *
 *************************************************************************
Reforming stiffness matrix: reformation #2

 11
 Nonlinear solution status: time= 1.03085
	stiffness updates             = 0
	right hand side evaluations   = 16
	stiffness matrix reformations = 2
	step from line search         = 1.000000
	convergence norms :     INITIAL         CURRENT         REQUIRED
	   residual            1.276139e+04    2.983270e-07    0.000000e+00 
	   energy              4.229662e-01    5.930878e-09    4.229662e-03 
	   displacement        2.974122e-02    1.975801e-07    2.588740e-08 
 12
 Nonlinear solution status: time= 1.03085
	stiffness updates             = 1
	right hand side evaluations   = 17
	stiffness matrix reformations = 2
	step from line search         = 1.000000
	convergence norms :     INITIAL         CURRENT         REQUIRED
	   residual            1.276139e+04    3.313347e-09    0.000000e+00 
	   energy              4.229662e-01    6.535764e-11    4.229662e-03 
	   displacement        2.974122e-02    1.410505e-09    2.588784e-08 

convergence summary
    number of iterations   : 12
    number of reformations : 2

------- converged at time : 1.03085


AUTO STEPPER: decreasing time step, dt = 0.00560352


===== beginning time step 7 : 1.03646 =====


Reforming stiffness matrix: reformation #1

 1
 Nonlinear solution status: time= 1.03646
	stiffness updates             = 0
	right hand side evaluations   = 2
	stiffness matrix reformations = 1
	step from line search         = 1.000000
	convergence norms :     INITIAL         CURRENT         REQUIRED
	   residual            4.915670e+03    1.555543e-01    0.000000e+00 
	   energy              1.828202e-01    1.560050e-03    1.828202e-03 
	   displacement        2.479054e-02    2.479054e-02    2.479054e-08 
 2
 Nonlinear solution status: time= 1.03646
	stiffness updates             = 1
	right hand side evaluations   = 3
	stiffness matrix reformations = 1
	step from line search         = 1.000000
	convergence norms :     INITIAL         CURRENT         REQUIRED
	   residual            4.915670e+03    2.049497e-01    0.000000e+00 
	   energy              1.828202e-01    3.584264e-04    1.828202e-03 
	   displacement        2.479054e-02    7.629854e-04    2.003504e-08 
 3
 Nonlinear solution status: time= 1.03646
	stiffness updates             = 2
	right hand side evaluations   = 4
	stiffness matrix reformations = 1
	step from line search         = 1.000000
	convergence norms :     INITIAL         CURRENT         REQUIRED
	   residual            4.915670e+03    3.132832e-02    0.000000e+00 
	   energy              1.828202e-01    3.256447e-05    1.828202e-03 
	   displacement        2.479054e-02    1.571632e-04    2.057566e-08 
 4
 Nonlinear solution status: time= 1.03646
	stiffness updates             = 3
	right hand side evaluations   = 6
	stiffness matrix reformations = 1
	step from line search         = 0.486503
	convergence norms :     INITIAL         CURRENT         REQUIRED
	   residual            4.915670e+03    9.641795e-03    0.000000e+00 
	   energy              1.828202e-01    5.960816e-06    1.828202e-03 
	   displacement        2.479054e-02    2.299322e-05    2.110217e-08 
 5
 Nonlinear solution status: time= 1.03646
	stiffness updates             = 4
	right hand side evaluations   = 7
	stiffness matrix reformations = 1
	step from line search         = 1.000000
	convergence norms :     INITIAL         CURRENT         REQUIRED
	   residual            4.915670e+03    1.145332e-02    0.000000e+00 
	   energy              1.828202e-01    2.200283e-06    1.828202e-03 
	   displacement        2.479054e-02    3.137068e-06    2.133319e-08 
 6
 Nonlinear solution status: time= 1.03646
	stiffness updates             = 5
	right hand side evaluations   = 8
	stiffness matrix reformations = 1
	step from line search         = 1.000000
	convergence norms :     INITIAL         CURRENT         REQUIRED
	   residual            4.915670e+03    5.028823e-03    0.000000e+00 
	   energy              1.828202e-01    1.485130e-06    1.828202e-03 
	   displacement        2.479054e-02    4.811465e-07    2.132765e-08 
 7
 Nonlinear solution status: time= 1.03646
	stiffness updates             = 6
	right hand side evaluations   = 9
	stiffness matrix reformations = 1
	step from line search         = 1.000000
	convergence norms :     INITIAL         CURRENT         REQUIRED
	   residual            4.915670e+03    2.670814e-03    0.000000e+00 
	   energy              1.828202e-01    1.032194e-06    1.828202e-03 
	   displacement        2.479054e-02    1.059355e-06    2.125283e-08 
 8
 Nonlinear solution status: time= 1.03646
	stiffness updates             = 7
	right hand side evaluations   = 10
	stiffness matrix reformations = 1
	step from line search         = 1.000000
	convergence norms :     INITIAL         CURRENT         REQUIRED
	   residual            4.915670e+03    3.350201e-03    0.000000e+00 
	   energy              1.828202e-01    5.576349e-07    1.828202e-03 
	   displacement        2.479054e-02    2.802881e-07    2.128037e-08 
 9
 Nonlinear solution status: time= 1.03646
	stiffness updates             = 8
	right hand side evaluations   = 11
	stiffness matrix reformations = 1
	step from line search         = 1.000000
	convergence norms :     INITIAL         CURRENT         REQUIRED
	   residual            4.915670e+03    1.011503e-03    0.000000e+00 
	   energy              1.828202e-01    3.142005e-07    1.828202e-03 
	   displacement        2.479054e-02    1.900517e-07    2.132897e-08 
 10
 Nonlinear solution status: time= 1.03646
	stiffness updates             = 9
	right hand side evaluations   = 12
	stiffness matrix reformations = 1
	step from line search         = 1.000000
	convergence norms :     INITIAL         CURRENT         REQUIRED
	   residual            4.915670e+03    2.454204e-04    0.000000e+00 
	   energy              1.828202e-01    1.012048e-07    1.828202e-03 
	   displacement        2.479054e-02    6.427126e-08    2.131827e-08 

 *************************************************************************
 *                               WARNING                                 *
 * Max nr of iterations reached.                                         *
 * Stiffness matrix will now be reformed.                                *
 *************************************************************************
Reforming stiffness matrix: reformation #2

 11
 Nonlinear solution status: time= 1.03646
	stiffness updates             = 0
	right hand side evaluations   = 13
	stiffness matrix reformations = 2
	step from line search         = 1.000000
	convergence norms :     INITIAL         CURRENT         REQUIRED
	   residual            4.915670e+03    1.300264e-06    0.000000e+00 
	   energy              1.828202e-01    5.382243e-10    1.828202e-03 
	   displacement        2.479054e-02    2.627960e-08    2.131514e-08 
 12
 Nonlinear solution status: time= 1.03646
	stiffness updates             = 1
	right hand side evaluations   = 14
	stiffness matrix reformations = 2
	step from line search         = 1.000000
	convergence norms :     INITIAL         CURRENT         REQUIRED
	   residual            4.915670e+03    2.780059e-08    0.000000e+00 
	   energy              1.828202e-01    3.520323e-13    1.828202e-03 
	   displacement        2.479054e-02    2.870780e-10    2.131523e-08 

convergence summary
    number of iterations   : 12
    number of reformations : 2

------- converged at time : 1.03646


AUTO STEPPER: decreasing time step, dt = 0.00536496


===== beginning time step 8 : 1.04182 =====


Reforming stiffness matrix: reformation #1

 1
 Nonlinear solution status: time= 1.04182
	stiffness updates             = 0
	right hand side evaluations   = 2
	stiffness matrix reformations = 1
	step from line search         = 1.000000
	convergence norms :     INITIAL         CURRENT         REQUIRED
	   residual            1.173421e+03    1.287651e-01    0.000000e+00 
	   energy              5.848331e-02    1.309299e-03    5.848331e-04 
	   displacement        2.017575e-02    2.017575e-02    2.017575e-08 
 2
 Nonlinear solution status: time= 1.04182
	stiffness updates             = 1
	right hand side evaluations   = 4
	stiffness matrix reformations = 1
	step from line search         = 0.634800
	convergence norms :     INITIAL         CURRENT         REQUIRED
	   residual            1.173421e+03    6.373332e-02    0.000000e+00 
	   energy              5.848331e-02    3.552229e-05    5.848331e-04 
	   displacement        2.017575e-02    1.818368e-04    1.772074e-08 
 3
 Nonlinear solution status: time= 1.04182
	stiffness updates             = 2
	right hand side evaluations   = 6
	stiffness matrix reformations = 1
	step from line search         = 0.479335
	convergence norms :     INITIAL         CURRENT         REQUIRED
	   residual            1.173421e+03    1.455207e-02    0.000000e+00 
	   energy              5.848331e-02    7.099912e-06    5.848331e-04 
	   displacement        2.017575e-02    1.303273e-05    1.713922e-08 
 4
 Nonlinear solution status: time= 1.04182
	stiffness updates             = 3
	right hand side evaluations   = 7
	stiffness matrix reformations = 1
	step from line search         = 1.000000
	convergence norms :     INITIAL         CURRENT         REQUIRED
	   residual            1.173421e+03    1.182531e-02    0.000000e+00 
	   energy              5.848331e-02    9.021764e-06    5.848331e-04 
	   displacement        2.017575e-02    1.805836e-05    1.698576e-08 
 5
 Nonlinear solution status: time= 1.04182
	stiffness updates             = 4
	right hand side evaluations   = 8
	stiffness matrix reformations = 1
	step from line search         = 1.000000
	convergence norms :     INITIAL         CURRENT         REQUIRED
	   residual            1.173421e+03    2.773791e-03    0.000000e+00 
	   energy              5.848331e-02    9.082441e-07    5.848331e-04 
	   displacement        2.017575e-02    2.021521e-06    1.716214e-08 
 6
 Nonlinear solution status: time= 1.04182
	stiffness updates             = 5
	right hand side evaluations   = 10
	stiffness matrix reformations = 1
	step from line search         = 0.508162
	convergence norms :     INITIAL         CURRENT         REQUIRED
	   residual            1.173421e+03    2.227226e-03    0.000000e+00 
	   energy              5.848331e-02    1.644270e-07    5.848331e-04 
	   displacement        2.017575e-02    1.435606e-07    1.719431e-08 
 7
 Nonlinear solution status: time= 1.04182
	stiffness updates             = 6
	right hand side evaluations   = 12
	stiffness matrix reformations = 1
	step from line search         = 0.588925
	convergence norms :     INITIAL         CURRENT         REQUIRED
	   residual            1.173421e+03    5.901613e-04    0.000000e+00 
	   energy              5.848331e-02    9.326436e-08    5.848331e-04 
	   displacement        2.017575e-02    9.875922e-08    1.720156e-08 
 8
 Nonlinear solution status: time= 1.04182
	stiffness updates             = 7
	right hand side evaluations   = 13
	stiffness matrix reformations = 1
	step from line search         = 1.000000
	convergence norms :     INITIAL         CURRENT         REQUIRED
	   residual            1.173421e+03    4.172234e-04    0.000000e+00 
	   energy              5.848331e-02    7.109961e-08    5.848331e-04 
	   displacement        2.017575e-02    9.802793e-08    1.719555e-08 
 9
 Nonlinear solution status: time= 1.04182
	stiffness updates             = 8
	right hand side evaluations   = 14
	stiffness matrix reformations = 1
	step from line search         = 1.000000
	convergence norms :     INITIAL         CURRENT         REQUIRED
	   residual            1.173421e+03    1.738570e-04    0.000000e+00 
	   energy              5.848331e-02    4.402638e-08    5.848331e-04 
	   displacement        2.017575e-02    2.149821e-08    1.719841e-08 
 10
 Nonlinear solution status: time= 1.04182
	stiffness updates             = 9
	right hand side evaluations   = 15
	stiffness matrix reformations = 1
	step from line search         = 1.000000
	convergence norms :     INITIAL         CURRENT         REQUIRED
	   residual            1.173421e+03    7.513949e-05    0.000000e+00 
	   energy              5.848331e-02    1.073640e-08    5.848331e-04 
	   displacement        2.017575e-02    1.379129e-08    1.720512e-08 

convergence summary
    number of iterations   : 10
    number of reformations : 1

------- converged at time : 1.04182


AUTO STEPPER: increasing time step, dt = 0.00559119


===== beginning time step 9 : 1.04741 =====


Reforming stiffness matrix: reformation #1

 1
 Nonlinear solution status: time= 1.04741
	stiffness updates             = 0
	right hand side evaluations   = 2
	stiffness matrix reformations = 1
	step from line search         = 1.000000
	convergence norms :     INITIAL         CURRENT         REQUIRED
	   residual            8.975641e+00    1.946483e-01    0.000000e+00 
	   energy              1.537055e-02    1.161745e-03    1.537055e-04 
	   displacement        1.898194e-02    1.898194e-02    1.898194e-08 
 2

 *************************************************************************
 *                                ERROR                                  *
 * 2 negative jacobians detected.                                        *
 *************************************************************************


------- failed to converge at time : 1.04741

Retrying time step. Retry attempt 1 of max 20


AUTO STEPPER: retry step, dt = 0.00532495


===== beginning time step 9 : 1.04715 =====


Reforming stiffness matrix: reformation #1

 1
 Nonlinear solution status: time= 1.04715
	stiffness updates             = 0
	right hand side evaluations   = 2
	stiffness matrix reformations = 1
	step from line search         = 1.000000
	convergence norms :     INITIAL         CURRENT         REQUIRED
	   residual            1.397799e+01    1.735448e-01    0.000000e+00 
	   energy              1.550655e-02    1.117163e-03    1.550655e-04 
	   displacement        1.736033e-02    1.736033e-02    1.736033e-08 
 2

 *************************************************************************
 *                                ERROR                                  *
 * 2 negative jacobians detected.                                        *
 *************************************************************************


------- failed to converge at time : 1.04715

Retrying time step. Retry attempt 2 of max 20


AUTO STEPPER: retry step, dt = 0.0050587


===== beginning time step 9 : 1.04688 =====


Reforming stiffness matrix: reformation #1

 1
 Nonlinear solution status: time= 1.04688
	stiffness updates             = 0
	right hand side evaluations   = 2
	stiffness matrix reformations = 1
	step from line search         = 1.000000
	convergence norms :     INITIAL         CURRENT         REQUIRED
	   residual            1.879747e+01    1.540293e-01    0.000000e+00 
	   energy              1.563025e-02    1.073157e-03    1.563025e-04 
	   displacement        1.579212e-02    1.579212e-02    1.579212e-08 
 2

 *************************************************************************
 *                                ERROR                                  *
 * 2 negative jacobians detected.                                        *
 *************************************************************************


------- failed to converge at time : 1.04688

Retrying time step. Retry attempt 3 of max 20


AUTO STEPPER: retry step, dt = 0.00479245


===== beginning time step 9 : 1.04661 =====


Reforming stiffness matrix: reformation #1

 1
 Nonlinear solution status: time= 1.04661
	stiffness updates             = 0
	right hand side evaluations   = 2
	stiffness matrix reformations = 1
	step from line search         = 1.000000
	convergence norms :     INITIAL         CURRENT         REQUIRED
	   residual            2.100949e+01    1.366056e-01    0.000000e+00 
	   energy              1.564877e-02    1.029346e-03    1.564877e-04 
	   displacement        1.427744e-02    1.427744e-02    1.427744e-08 
 2

 *************************************************************************
 *                                ERROR                                  *
 * Negative jacobian detected.                                           *
 *************************************************************************


------- failed to converge at time : 1.04661

Retrying time step. Retry attempt 4 of max 20


AUTO STEPPER: retry step, dt = 0.0045262


===== beginning time step 9 : 1.04635 =====


Reforming stiffness matrix: reformation #1

 1
 Nonlinear solution status: time= 1.04635
	stiffness updates             = 0
	right hand side evaluations   = 2
	stiffness matrix reformations = 1
	step from line search         = 1.000000
	convergence norms :     INITIAL         CURRENT         REQUIRED
	   residual            2.334503e+01    1.203057e-01    0.000000e+00 
	   energy              1.566866e-02    9.867597e-04    1.566866e-04 
	   displacement        1.282571e-02    1.282571e-02    1.282571e-08 
 2

 *************************************************************************
 *                                ERROR                                  *
 * Negative jacobian detected.                                           *
 *************************************************************************


------- failed to converge at time : 1.04635

Retrying time step. Retry attempt 5 of max 20


AUTO STEPPER: retry step, dt = 0.00425996


===== beginning time step 9 : 1.04608 =====


Reforming stiffness matrix: reformation #1

 1
 Nonlinear solution status: time= 1.04608
	stiffness updates             = 0
	right hand side evaluations   = 2
	stiffness matrix reformations = 1
	step from line search         = 1.000000
	convergence norms :     INITIAL         CURRENT         REQUIRED
	   residual            2.580424e+01    1.051533e-01    0.000000e+00 
	   energy              1.568986e-02    9.454353e-04    1.568986e-04 
	   displacement        1.143940e-02    1.143940e-02    1.143940e-08 
 2
 Nonlinear solution status: time= 1.04608
	stiffness updates             = 1
	right hand side evaluations   = 4
	stiffness matrix reformations = 1
	step from line search         = 0.083020
	convergence norms :     INITIAL         CURRENT         REQUIRED
	   residual            2.580424e+01    3.644172e-02    0.000000e+00 
	   energy              1.568986e-02    9.823796e-06    1.568986e-04 
	   displacement        1.143940e-02    1.633390e-06    1.127859e-08 
 3
 Nonlinear solution status: time= 1.04608
	stiffness updates             = 2
	right hand side evaluations   = 6
	stiffness matrix reformations = 1
	step from line search         = 0.470714
	convergence norms :     INITIAL         CURRENT         REQUIRED
	   residual            2.580424e+01    1.506045e-01    0.000000e+00 
	   energy              1.568986e-02    5.800019e-05    1.568986e-04 
	   displacement        1.143940e-02    1.408820e-04    9.573622e-09 
 4
 Nonlinear solution status: time= 1.04608
	stiffness updates             = 3
	right hand side evaluations   = 7
	stiffness matrix reformations = 1
	step from line search         = 1.000000
	convergence norms :     INITIAL         CURRENT         REQUIRED
	   residual            2.580424e+01    5.503576e-03    0.000000e+00 
	   energy              1.568986e-02    6.826019e-06    1.568986e-04 
	   displacement        1.143940e-02    1.400461e-05    9.508554e-09 
 5
 Nonlinear solution status: time= 1.04608
	stiffness updates             = 4
	right hand side evaluations   = 8
	stiffness matrix reformations = 1
	step from line search         = 1.000000
	convergence norms :     INITIAL         CURRENT         REQUIRED
	   residual            2.580424e+01    4.266805e-03    0.000000e+00 
	   energy              1.568986e-02    2.549351e-06    1.568986e-04 
	   displacement        1.143940e-02    5.715075e-06    9.815290e-09 
 6
 Nonlinear solution status: time= 1.04608
	stiffness updates             = 5
	right hand side evaluations   = 9
	stiffness matrix reformations = 1
	step from line search         = 1.000000
	convergence norms :     INITIAL         CURRENT         REQUIRED
	   residual            2.580424e+01    9.028927e-04    0.000000e+00 
	   energy              1.568986e-02    9.576015e-08    1.568986e-04 
	   displacement        1.143940e-02    3.386816e-07    9.776446e-09 
 7
 Nonlinear solution status: time= 1.04608
	stiffness updates             = 6
	right hand side evaluations   = 10
	stiffness matrix reformations = 1
	step from line search         = 1.000000
	convergence norms :     INITIAL         CURRENT         REQUIRED
	   residual            2.580424e+01    3.162184e-04    0.000000e+00 
	   energy              1.568986e-02    6.390546e-08    1.568986e-04 
	   displacement        1.143940e-02    1.279918e-07    9.739818e-09 
 8
 Nonlinear solution status: time= 1.04608
	stiffness updates             = 7
	right hand side evaluations   = 11
	stiffness matrix reformations = 1
	step from line search         = 1.000000
	convergence norms :     INITIAL         CURRENT         REQUIRED
	   residual            2.580424e+01    7.553622e-05    0.000000e+00 
	   energy              1.568986e-02    6.261577e-08    1.568986e-04 
	   displacement        1.143940e-02    1.837740e-08    9.743666e-09 
 9
 Nonlinear solution status: time= 1.04608
	stiffness updates             = 8
	right hand side evaluations   = 12
	stiffness matrix reformations = 1
	step from line search         = 1.000000
	convergence norms :     INITIAL         CURRENT         REQUIRED
	   residual            2.580424e+01    2.534366e-03    0.000000e+00 
	   energy              1.568986e-02    1.422640e-07    1.568986e-04 
	   displacement        1.143940e-02    1.941386e-07    9.770857e-09 
 10
 Nonlinear solution status: time= 1.04608
	stiffness updates             = 9
	right hand side evaluations   = 13
	stiffness matrix reformations = 1
	step from line search         = 1.000000
	convergence norms :     INITIAL         CURRENT         REQUIRED
	   residual            2.580424e+01    6.635704e-04    0.000000e+00 
	   energy              1.568986e-02    3.838203e-08    1.568986e-04 
	   displacement        1.143940e-02    9.727506e-09    9.767835e-09 

convergence summary
    number of iterations   : 10
    number of reformations : 1

------- converged at time : 1.04608


AUTO STEPPER: increasing time step, dt = 0.00454012

MUST POINT CONTROLLER: adjusting time step. dt = 0.00391888


===== beginning time step 10 : 1.05 =====


Reforming stiffness matrix: reformation #1

 1
 Nonlinear solution status: time= 1.05
	stiffness updates             = 0
	right hand side evaluations   = 2
	stiffness matrix reformations = 1
	step from line search         = 1.000000
	convergence norms :     INITIAL         CURRENT         REQUIRED
	   residual            1.283095e+02    9.302783e-02    0.000000e+00 
	   energy              1.829040e-02    7.866948e-04    1.829040e-04 
	   displacement        8.851131e-03    8.851131e-03    8.851131e-09 
 2

 *************************************************************************
 *                                ERROR                                  *
 * Negative jacobian detected.                                           *
 *************************************************************************


------- failed to converge at time : 1.05

Retrying time step. Retry attempt 1 of max 20


AUTO STEPPER: retry step, dt = 0.00373226


===== beginning time step 10 : 1.04981 =====


Reforming stiffness matrix: reformation #1

 1
 Nonlinear solution status: time= 1.04981
	stiffness updates             = 0
	right hand side evaluations   = 2
	stiffness matrix reformations = 1
	step from line search         = 1.000000
	convergence norms :     INITIAL         CURRENT         REQUIRED
	   residual            1.098476e+02    8.446045e-02    0.000000e+00 
	   energy              1.752078e-02    7.660473e-04    1.752078e-04 
	   displacement        8.062692e-03    8.062692e-03    8.062692e-09 
 2
 Nonlinear solution status: time= 1.04981
	stiffness updates             = 1
	right hand side evaluations   = 4
	stiffness matrix reformations = 1
	step from line search         = 0.121965
	convergence norms :     INITIAL         CURRENT         REQUIRED
	   residual            1.098476e+02    2.035885e-02    0.000000e+00 
	   energy              1.752078e-02    9.785514e-06    1.752078e-04 
	   displacement        8.062692e-03    3.102486e-06    7.898443e-09 
 3
 Nonlinear solution status: time= 1.04981
	stiffness updates             = 2
	right hand side evaluations   = 6
	stiffness matrix reformations = 1
	step from line search         = 0.572561
	convergence norms :     INITIAL         CURRENT         REQUIRED
	   residual            1.098476e+02    3.730772e-02    0.000000e+00 
	   energy              1.752078e-02    2.450347e-05    1.752078e-04 
	   displacement        8.062692e-03    9.183172e-05    6.758723e-09 
 4
 Nonlinear solution status: time= 1.04981
	stiffness updates             = 3
	right hand side evaluations   = 7
	stiffness matrix reformations = 1
	step from line search         = 1.000000
	convergence norms :     INITIAL         CURRENT         REQUIRED
	   residual            1.098476e+02    2.122338e-03    0.000000e+00 
	   energy              1.752078e-02    2.374442e-06    1.752078e-04 
	   displacement        8.062692e-03    5.100662e-06    6.835510e-09 
 5
 Nonlinear solution status: time= 1.04981
	stiffness updates             = 4
	right hand side evaluations   = 8
	stiffness matrix reformations = 1
	step from line search         = 1.000000
	convergence norms :     INITIAL         CURRENT         REQUIRED
	   residual            1.098476e+02    6.737626e-04    0.000000e+00 
	   energy              1.752078e-02    2.538677e-07    1.752078e-04 
	   displacement        8.062692e-03    5.365847e-07    6.895800e-09 
 6
 Nonlinear solution status: time= 1.04981
	stiffness updates             = 5
	right hand side evaluations   = 9
	stiffness matrix reformations = 1
	step from line search         = 1.000000
	convergence norms :     INITIAL         CURRENT         REQUIRED
	   residual            1.098476e+02    1.021283e-03    0.000000e+00 
	   energy              1.752078e-02    3.215367e-08    1.752078e-04 
	   displacement        8.062692e-03    9.505825e-08    6.890448e-09 
 7
 Nonlinear solution status: time= 1.04981
	stiffness updates             = 6
	right hand side evaluations   = 10
	stiffness matrix reformations = 1
	step from line search         = 1.000000
	convergence norms :     INITIAL         CURRENT         REQUIRED
	   residual            1.098476e+02    2.254973e-03    0.000000e+00 
	   energy              1.752078e-02    8.495400e-09    1.752078e-04 
	   displacement        8.062692e-03    7.688740e-08    6.878798e-09 
 8
 Nonlinear solution status: time= 1.04981
	stiffness updates             = 7
	right hand side evaluations   = 11
	stiffness matrix reformations = 1
	step from line search         = 1.000000
	convergence norms :     INITIAL         CURRENT         REQUIRED
	   residual            1.098476e+02    2.357347e-03    0.000000e+00 
	   energy              1.752078e-02    7.668517e-10    1.752078e-04 
	   displacement        8.062692e-03    7.048876e-08    6.875386e-09 
 9
 Nonlinear solution status: time= 1.04981
	stiffness updates             = 8
	right hand side evaluations   = 12
	stiffness matrix reformations = 1
	step from line search         = 1.000000
	convergence norms :     INITIAL         CURRENT         REQUIRED
	   residual            1.098476e+02    1.939409e-03    0.000000e+00 
	   energy              1.752078e-02    9.181963e-08    1.752078e-04 
	   displacement        8.062692e-03    1.072777e-07    6.880688e-09 
 10
 Nonlinear solution status: time= 1.04981
	stiffness updates             = 9
	right hand side evaluations   = 13
	stiffness matrix reformations = 1
	step from line search         = 1.000000
	convergence norms :     INITIAL         CURRENT         REQUIRED
	   residual            1.098476e+02    4.501887e-03    0.000000e+00 
	   energy              1.752078e-02    2.243778e-07    1.752078e-04 
	   displacement        8.062692e-03    1.996907e-07    6.894789e-09 

 *************************************************************************
 *                               WARNING                                 *
 * Max nr of iterations reached.                                         *
 * Stiffness matrix will now be reformed.                                *
 *************************************************************************
Reforming stiffness matrix: reformation #2

 11
 Nonlinear solution status: time= 1.04981
	stiffness updates             = 0
	right hand side evaluations   = 14
	stiffness matrix reformations = 2
	step from line search         = 1.000000
	convergence norms :     INITIAL         CURRENT         REQUIRED
	   residual            1.098476e+02    1.039045e-02    0.000000e+00 
	   energy              1.752078e-02    6.742929e-07    1.752078e-04 
	   displacement        8.062692e-03    3.863264e-07    6.887584e-09 
 12
 Nonlinear solution status: time= 1.04981
	stiffness updates             = 1
	right hand side evaluations   = 15
	stiffness matrix reformations = 2
	step from line search         = 1.000000
	convergence norms :     INITIAL         CURRENT         REQUIRED
	   residual            1.098476e+02    1.530808e-03    0.000000e+00 
	   energy              1.752078e-02    7.629580e-07    1.752078e-04 
	   displacement        8.062692e-03    6.224162e-08    6.881524e-09 
 13
 Nonlinear solution status: time= 1.04981
	stiffness updates             = 2
	right hand side evaluations   = 16
	stiffness matrix reformations = 2
	step from line search         = 1.000000
	convergence norms :     INITIAL         CURRENT         REQUIRED
	   residual            1.098476e+02    3.231719e-03    0.000000e+00 
	   energy              1.752078e-02    2.836855e-08    1.752078e-04 
	   displacement        8.062692e-03    1.539083e-07    6.890134e-09 
 14
 Nonlinear solution status: time= 1.04981
	stiffness updates             = 3
	right hand side evaluations   = 18
	stiffness matrix reformations = 2
	step from line search         = 0.432795
	convergence norms :     INITIAL         CURRENT         REQUIRED
	   residual            1.098476e+02    5.751570e-03    0.000000e+00 
	   energy              1.752078e-02    6.068060e-08    1.752078e-04 
	   displacement        8.062692e-03    4.398210e-08    6.893867e-09 
 15
 Nonlinear solution status: time= 1.04981
	stiffness updates             = 4
	right hand side evaluations   = 19
	stiffness matrix reformations = 2
	step from line search         = 1.000000
	convergence norms :     INITIAL         CURRENT         REQUIRED
	   residual            1.098476e+02    1.639845e-03    0.000000e+00 
	   energy              1.752078e-02    9.272858e-08    1.752078e-04 
	   displacement        8.062692e-03    1.703817e-08    6.898277e-09 
 16
 Nonlinear solution status: time= 1.04981
	stiffness updates             = 5
	right hand side evaluations   = 20
	stiffness matrix reformations = 2
	step from line search         = 1.000000
	convergence norms :     INITIAL         CURRENT         REQUIRED
	   residual            1.098476e+02    6.352286e-03    0.000000e+00 
	   energy              1.752078e-02    2.420965e-07    1.752078e-04 
	   displacement        8.062692e-03    2.571457e-07    6.900576e-09 
 17
 Nonlinear solution status: time= 1.04981
	stiffness updates             = 6
	right hand side evaluations   = 21
	stiffness matrix reformations = 2
	step from line search         = 1.000000
	convergence norms :     INITIAL         CURRENT         REQUIRED
	   residual            1.098476e+02    8.999043e-04    0.000000e+00 
	   energy              1.752078e-02    1.474723e-07    1.752078e-04 
	   displacement        8.062692e-03    4.431251e-08    6.893186e-09 
 18
 Nonlinear solution status: time= 1.04981
	stiffness updates             = 7
	right hand side evaluations   = 23
	stiffness matrix reformations = 2
	step from line search         = 0.580615
	convergence norms :     INITIAL         CURRENT         REQUIRED
	   residual            1.098476e+02    7.496606e-04    0.000000e+00 
	   energy              1.752078e-02    7.090137e-08    1.752078e-04 
	   displacement        8.062692e-03    1.821995e-08    6.891930e-09 
 19
 Nonlinear solution status: time= 1.04981
	stiffness updates             = 8
	right hand side evaluations   = 25
	stiffness matrix reformations = 2
	step from line search         = 0.631152
	convergence norms :     INITIAL         CURRENT         REQUIRED
	   residual            1.098476e+02    7.796012e-04    0.000000e+00 
	   energy              1.752078e-02    2.064587e-08    1.752078e-04 
	   displacement        8.062692e-03    3.217745e-08    6.895633e-09 
 20
 Nonlinear solution status: time= 1.04981
	stiffness updates             = 9
	right hand side evaluations   = 26
	stiffness matrix reformations = 2
	step from line search         = 1.000000
	convergence norms :     INITIAL         CURRENT         REQUIRED
	   residual            1.098476e+02    8.588471e-04    0.000000e+00 
	   energy              1.752078e-02    2.179479e-09    1.752078e-04 
	   displacement        8.062692e-03    1.214615e-08    6.900412e-09 

 *************************************************************************
 *                               WARNING                                 *
 * Max nr of iterations reached.                                         *
 * Stiffness matrix will now be reformed.                                *
 *************************************************************************
Reforming stiffness matrix: reformation #3

 21
 Nonlinear solution status: time= 1.04981
	stiffness updates             = 0
	right hand side evaluations   = 27
	stiffness matrix reformations = 3
	step from line search         = 1.000000
	convergence norms :     INITIAL         CURRENT         REQUIRED
	   residual            1.098476e+02    7.022549e-06    0.000000e+00 
	   energy              1.752078e-02    4.312909e-09    1.752078e-04 
	   displacement        8.062692e-03    1.467167e-08    6.898096e-09 
 22
 Nonlinear solution status: time= 1.04981
	stiffness updates             = 1
	right hand side evaluations   = 28
	stiffness matrix reformations = 3
	step from line search         = 1.000000
	convergence norms :     INITIAL         CURRENT         REQUIRED
	   residual            1.098476e+02    2.293433e-07    0.000000e+00 
	   energy              1.752078e-02    1.672540e-10    1.752078e-04 
	   displacement        8.062692e-03    1.717911e-10    6.898762e-09 

convergence summary
    number of iterations   : 22
    number of reformations : 3

------- converged at time : 1.04981


AUTO STEPPER: decreasing time step, dt = 0.00263911

MUST POINT CONTROLLER: adjusting time step. dt = 0.000186613


===== beginning time step 11 : 1.05 =====


Reforming stiffness matrix: reformation #1

 1
 Nonlinear solution status: time= 1.05
	stiffness updates             = 0
	right hand side evaluations   = 2
	stiffness matrix reformations = 1
	step from line search         = 1.000000
	convergence norms :     INITIAL         CURRENT         REQUIRED
	   residual            1.873582e+01    8.687291e-01    0.000000e+00 
	   energy              1.177755e-02    1.326897e-03    1.177755e-04 
	   displacement        2.337890e-05    2.337890e-05    2.337890e-11 
 2
 Nonlinear solution status: time= 1.05
	stiffness updates             = 1
	right hand side evaluations   = 3
	stiffness matrix reformations = 1
	step from line search         = 1.000000
	convergence norms :     INITIAL         CURRENT         REQUIRED
	   residual            1.873582e+01    1.242269e-01    0.000000e+00 
	   energy              1.177755e-02    8.475763e-05    1.177755e-04 
	   displacement        2.337890e-05    5.419526e-06    1.808054e-11 
 3
 Nonlinear solution status: time= 1.05
	stiffness updates             = 2
	right hand side evaluations   = 4
	stiffness matrix reformations = 1
	step from line search         = 1.000000
	convergence norms :     INITIAL         CURRENT         REQUIRED
	   residual            1.873582e+01    8.080800e-03    0.000000e+00 
	   energy              1.177755e-02    1.801670e-06    1.177755e-04 
	   displacement        2.337890e-05    1.833788e-07    1.657163e-11 
 4
 Nonlinear solution status: time= 1.05
	stiffness updates             = 3
	right hand side evaluations   = 5
	stiffness matrix reformations = 1
	step from line search         = 1.000000
	convergence norms :     INITIAL         CURRENT         REQUIRED
	   residual            1.873582e+01    1.878411e-03    0.000000e+00 
	   energy              1.177755e-02    1.068172e-06    1.177755e-04 
	   displacement        2.337890e-05    4.783589e-08    1.662291e-11 
 5
 Nonlinear solution status: time= 1.05
	stiffness updates             = 4
	right hand side evaluations   = 6
	stiffness matrix reformations = 1
	step from line search         = 1.000000
	convergence norms :     INITIAL         CURRENT         REQUIRED
	   residual            1.873582e+01    9.453978e-05    0.000000e+00 
	   energy              1.177755e-02    1.450602e-07    1.177755e-04 
	   displacement        2.337890e-05    4.685800e-09    1.690242e-11 
 6
 Nonlinear solution status: time= 1.05
	stiffness updates             = 5
	right hand side evaluations   = 7
	stiffness matrix reformations = 1
	step from line search         = 1.000000
	convergence norms :     INITIAL         CURRENT         REQUIRED
	   residual            1.873582e+01    1.661312e-05    0.000000e+00 
	   energy              1.177755e-02    2.529788e-08    1.177755e-04 
	   displacement        2.337890e-05    7.180880e-10    1.695048e-11 
 7
 Nonlinear solution status: time= 1.05
	stiffness updates             = 6
	right hand side evaluations   = 8
	stiffness matrix reformations = 1
	step from line search         = 1.000000
	convergence norms :     INITIAL         CURRENT         REQUIRED
	   residual            1.873582e+01    8.045974e-06    0.000000e+00 
	   energy              1.177755e-02    8.972045e-09    1.177755e-04 
	   displacement        2.337890e-05    2.172922e-10    1.695619e-11 
 8
 Nonlinear solution status: time= 1.05
	stiffness updates             = 7
	right hand side evaluations   = 9
	stiffness matrix reformations = 1
	step from line search         = 1.000000
	convergence norms :     INITIAL         CURRENT         REQUIRED
	   residual            1.873582e+01    1.687874e-06    0.000000e+00 
	   energy              1.177755e-02    8.879643e-10    1.177755e-04 
	   displacement        2.337890e-05    8.426955e-11    1.695729e-11 
 9
 Nonlinear solution status: time= 1.05
	stiffness updates             = 8
	right hand side evaluations   = 10
	stiffness matrix reformations = 1
	step from line search         = 1.000000
	convergence norms :     INITIAL         CURRENT         REQUIRED
	   residual            1.873582e+01    2.954405e-07    0.000000e+00 
	   energy              1.177755e-02    5.034079e-10    1.177755e-04 
	   displacement        2.337890e-05    1.169929e-11    1.695555e-11 

convergence summary
    number of iterations   : 9
    number of reformations : 1

------- converged at time : 1.05


AUTO STEPPER: increasing time step, dt = 0.00341599


===== beginning time step 12 : 1.05342 =====


Reforming stiffness matrix: reformation #1

 1
 Nonlinear solution status: time= 1.05342
	stiffness updates             = 0
	right hand side evaluations   = 2
	stiffness matrix reformations = 1
	step from line search         = 1.000000
	convergence norms :     INITIAL         CURRENT         REQUIRED
	   residual            4.796983e+02    3.730425e-02    0.000000e+00 
	   energy              3.214615e-02    6.796938e-04    3.214615e-04 
	   displacement        6.317077e-03    6.317077e-03    6.317077e-09 
 2
 Nonlinear solution status: time= 1.05342
	stiffness updates             = 1
	right hand side evaluations   = 3
	stiffness matrix reformations = 1
	step from line search         = 1.000000
	convergence norms :     INITIAL         CURRENT         REQUIRED
	   residual            4.796983e+02    3.543836e-02    0.000000e+00 
	   energy              3.214615e-02    3.494247e-05    3.214615e-04 
	   displacement        6.317077e-03    1.092955e-04    5.265798e-09 
 3
 Nonlinear solution status: time= 1.05342
	stiffness updates             = 2
	right hand side evaluations   = 4
	stiffness matrix reformations = 1
	step from line search         = 1.000000
	convergence norms :     INITIAL         CURRENT         REQUIRED
	   residual            4.796983e+02    5.698613e-03    0.000000e+00 
	   energy              3.214615e-02    1.221124e-06    3.214615e-04 
	   displacement        6.317077e-03    6.017925e-06    5.342338e-09 
 4
 Nonlinear solution status: time= 1.05342
	stiffness updates             = 3
	right hand side evaluations   = 6
	stiffness matrix reformations = 1
	step from line search         = 0.400260
	convergence norms :     INITIAL         CURRENT         REQUIRED
	   residual            4.796983e+02    1.864352e-03    0.000000e+00 
	   energy              3.214615e-02    1.684979e-07    3.214615e-04 
	   displacement        6.317077e-03    3.557107e-07    5.374659e-09 
 5
 Nonlinear solution status: time= 1.05342
	stiffness updates             = 4
	right hand side evaluations   = 7
	stiffness matrix reformations = 1
	step from line search         = 1.000000
	convergence norms :     INITIAL         CURRENT         REQUIRED
	   residual            4.796983e+02    1.149872e-03    0.000000e+00 
	   energy              3.214615e-02    3.291604e-07    3.214615e-04 
	   displacement        6.317077e-03    2.845018e-07    5.420963e-09 
 6
 Nonlinear solution status: time= 1.05342
	stiffness updates             = 5
	right hand side evaluations   = 8
	stiffness matrix reformations = 1
	step from line search         = 1.000000
	convergence norms :     INITIAL         CURRENT         REQUIRED
	   residual            4.796983e+02    5.060693e-05    0.000000e+00 
	   energy              3.214615e-02    1.746251e-09    3.214615e-04 
	   displacement        6.317077e-03    7.269294e-08    5.404181e-09 
 7
 Nonlinear solution status: time= 1.05342
	stiffness updates             = 6
	right hand side evaluations   = 10
	stiffness matrix reformations = 1
	step from line search         = 0.627972
	convergence norms :     INITIAL         CURRENT         REQUIRED
	   residual            4.796983e+02    5.886902e-05    0.000000e+00 
	   energy              3.214615e-02    5.052042e-09    3.214615e-04 
	   displacement        6.317077e-03    8.158432e-09    5.397955e-09 
 8
 Nonlinear solution status: time= 1.05342
	stiffness updates             = 7
	right hand side evaluations   = 11
	stiffness matrix reformations = 1
	step from line search         = 1.000000
	convergence norms :     INITIAL         CURRENT         REQUIRED
	   residual            4.796983e+02    9.071984e-06    0.000000e+00 
	   energy              3.214615e-02    1.716175e-09    3.214615e-04 
	   displacement        6.317077e-03    1.022928e-09    5.397904e-09 

convergence summary
    number of iterations   : 8
    number of reformations : 1

------- converged at time : 1.05342


AUTO STEPPER: increasing time step, dt = 0.00455242


===== beginning time step 13 : 1.05797 =====


Reforming stiffness matrix: reformation #1

 1
 Nonlinear solution status: time= 1.05797
	stiffness updates             = 0
	right hand side evaluations   = 2
	stiffness matrix reformations = 1
	step from line search         = 1.000000
	convergence norms :     INITIAL         CURRENT         REQUIRED
	   residual            2.077657e+03    4.603519e-02    0.000000e+00 
	   energy              1.024478e-01    7.492031e-04    1.024478e-03 
	   displacement        1.044454e-02    1.044454e-02    1.044454e-08 
 2
 Nonlinear solution status: time= 1.05797
	stiffness updates             = 1
	right hand side evaluations   = 3
	stiffness matrix reformations = 1
	step from line search         = 1.000000
	convergence norms :     INITIAL         CURRENT         REQUIRED
	   residual            2.077657e+03    4.239828e-02    0.000000e+00 
	   energy              1.024478e-01    5.575226e-05    1.024478e-03 
	   displacement        1.044454e-02    1.742355e-04    8.581658e-09 
 3
 Nonlinear solution status: time= 1.05797
	stiffness updates             = 2
	right hand side evaluations   = 4
	stiffness matrix reformations = 1
	step from line search         = 1.000000
	convergence norms :     INITIAL         CURRENT         REQUIRED
	   residual            2.077657e+03    8.823735e-03    0.000000e+00 
	   energy              1.024478e-01    6.496047e-06    1.024478e-03 
	   displacement        1.044454e-02    1.590987e-05    8.699073e-09 
 4
 Nonlinear solution status: time= 1.05797
	stiffness updates             = 3
	right hand side evaluations   = 5
	stiffness matrix reformations = 1
	step from line search         = 1.000000
	convergence norms :     INITIAL         CURRENT         REQUIRED
	   residual            2.077657e+03    4.984548e-03    0.000000e+00 
	   energy              1.024478e-01    3.284651e-06    1.024478e-03 
	   displacement        1.044454e-02    4.936988e-06    8.955358e-09 
 5
 Nonlinear solution status: time= 1.05797
	stiffness updates             = 4
	right hand side evaluations   = 6
	stiffness matrix reformations = 1
	step from line search         = 1.000000
	convergence norms :     INITIAL         CURRENT         REQUIRED
	   residual            2.077657e+03    1.399171e-03    0.000000e+00 
	   energy              1.024478e-01    6.599310e-07    1.024478e-03 
	   displacement        1.044454e-02    6.579246e-07    8.912879e-09 
 6
 Nonlinear solution status: time= 1.05797
	stiffness updates             = 5
	right hand side evaluations   = 7
	stiffness matrix reformations = 1
	step from line search         = 1.000000
	convergence norms :     INITIAL         CURRENT         REQUIRED
	   residual            2.077657e+03    9.468472e-04    0.000000e+00 
	   energy              1.024478e-01    5.051702e-07    1.024478e-03 
	   displacement        1.044454e-02    4.827545e-07    8.850627e-09 
 7
 Nonlinear solution status: time= 1.05797
	stiffness updates             = 6
	right hand side evaluations   = 8
	stiffness matrix reformations = 1
	step from line search         = 1.000000
	convergence norms :     INITIAL         CURRENT         REQUIRED
	   residual            2.077657e+03    1.665905e-04    0.000000e+00 
	   energy              1.024478e-01    7.092096e-08    1.024478e-03 
	   displacement        1.044454e-02    1.102740e-07    8.874801e-09 
 8
 Nonlinear solution status: time= 1.05797
	stiffness updates             = 7
	right hand side evaluations   = 10
	stiffness matrix reformations = 1
	step from line search         = 0.615101
	convergence norms :     INITIAL         CURRENT         REQUIRED
	   residual            2.077657e+03    3.274597e-05    0.000000e+00 
	   energy              1.024478e-01    1.196761e-08    1.024478e-03 
	   displacement        1.044454e-02    1.814761e-08    8.887425e-09 
 9
 Nonlinear solution status: time= 1.05797
	stiffness updates             = 8
	right hand side evaluations   = 11
	stiffness matrix reformations = 1
	step from line search         = 1.000000
	convergence norms :     INITIAL         CURRENT         REQUIRED
	   residual            2.077657e+03    2.211964e-05    0.000000e+00 
	   energy              1.024478e-01    6.865300e-09    1.024478e-03 
	   displacement        1.044454e-02    6.312048e-09    8.886574e-09 

convergence summary
    number of iterations   : 9
    number of reformations : 1

------- converged at time : 1.05797


AUTO STEPPER: increasing time step, dt = 0.00512736


===== beginning time step 14 : 1.0631 =====


Reforming stiffness matrix: reformation #1

 1
 Nonlinear solution status: time= 1.0631
	stiffness updates             = 0
	right hand side evaluations   = 2
	stiffness matrix reformations = 1
	step from line search         = 1.000000
	convergence norms :     INITIAL         CURRENT         REQUIRED
	   residual            5.335492e+03    6.645086e-02    0.000000e+00 
	   energy              2.594976e-01    7.869251e-04    2.594976e-03 
	   displacement        1.283111e-02    1.283111e-02    1.283111e-08 
 2
 Nonlinear solution status: time= 1.0631
	stiffness updates             = 1
	right hand side evaluations   = 3
	stiffness matrix reformations = 1
	step from line search         = 1.000000
	convergence norms :     INITIAL         CURRENT         REQUIRED
	   residual            5.335492e+03    8.036817e-02    0.000000e+00 
	   energy              2.594976e-01    1.149021e-04    2.594976e-03 
	   displacement        1.283111e-02    2.439845e-04    1.048705e-08 
 3
 Nonlinear solution status: time= 1.0631
	stiffness updates             = 2
	right hand side evaluations   = 4
	stiffness matrix reformations = 1
	step from line search         = 1.000000
	convergence norms :     INITIAL         CURRENT         REQUIRED
	   residual            5.335492e+03    2.075024e-02    0.000000e+00 
	   energy              2.594976e-01    9.675212e-06    2.594976e-03 
	   displacement        1.283111e-02    3.929632e-05    1.055393e-08 
 4
 Nonlinear solution status: time= 1.0631
	stiffness updates             = 3
	right hand side evaluations   = 6
	stiffness matrix reformations = 1
	step from line search         = 0.600844
	convergence norms :     INITIAL         CURRENT         REQUIRED
	   residual            5.335492e+03    7.572062e-03    0.000000e+00 
	   energy              2.594976e-01    2.116663e-06    2.594976e-03 
	   displacement        1.283111e-02    5.896867e-06    1.087207e-08 
 5
 Nonlinear solution status: time= 1.0631
	stiffness updates             = 4
	right hand side evaluations   = 8
	stiffness matrix reformations = 1
	step from line search         = 0.609741
	convergence norms :     INITIAL         CURRENT         REQUIRED
	   residual            5.335492e+03    2.095952e-03    0.000000e+00 
	   energy              2.594976e-01    5.824649e-07    2.594976e-03 
	   displacement        1.283111e-02    1.108371e-06    1.099804e-08 
 6
 Nonlinear solution status: time= 1.0631
	stiffness updates             = 5
	right hand side evaluations   = 9
	stiffness matrix reformations = 1
	step from line search         = 1.000000
	convergence norms :     INITIAL         CURRENT         REQUIRED
	   residual            5.335492e+03    2.332878e-03    0.000000e+00 
	   energy              2.594976e-01    7.551024e-07    2.594976e-03 
	   displacement        1.283111e-02    4.187758e-07    1.096453e-08 
 7
 Nonlinear solution status: time= 1.0631
	stiffness updates             = 6
	right hand side evaluations   = 10
	stiffness matrix reformations = 1
	step from line search         = 1.000000
	convergence norms :     INITIAL         CURRENT         REQUIRED
	   residual            5.335492e+03    1.147094e-03    0.000000e+00 
	   energy              2.594976e-01    4.074139e-07    2.594976e-03 
	   displacement        1.283111e-02    3.369239e-07    1.091110e-08 
 8
 Nonlinear solution status: time= 1.0631
	stiffness updates             = 7
	right hand side evaluations   = 11
	stiffness matrix reformations = 1
	step from line search         = 1.000000
	convergence norms :     INITIAL         CURRENT         REQUIRED
	   residual            5.335492e+03    8.272918e-04    0.000000e+00 
	   energy              2.594976e-01    3.096960e-07    2.594976e-03 
	   displacement        1.283111e-02    1.518266e-07    1.092774e-08 
 9
 Nonlinear solution status: time= 1.0631
	stiffness updates             = 8
	right hand side evaluations   = 12
	stiffness matrix reformations = 1
	step from line search         = 1.000000
	convergence norms :     INITIAL         CURRENT         REQUIRED
	   residual            5.335492e+03    3.484873e-04    0.000000e+00 
	   energy              2.594976e-01    1.261389e-07    2.594976e-03 
	   displacement        1.283111e-02    9.235446e-08    1.095794e-08 
 10
 Nonlinear solution status: time= 1.0631
	stiffness updates             = 9
	right hand side evaluations   = 13
	stiffness matrix reformations = 1
	step from line search         = 1.000000
	convergence norms :     INITIAL         CURRENT         REQUIRED
	   residual            5.335492e+03    2.671183e-04    0.000000e+00 
	   energy              2.594976e-01    8.875061e-08    2.594976e-03 
	   displacement        1.283111e-02    4.257617e-08    1.095066e-08 

 *************************************************************************
 *                               WARNING                                 *
 * Max nr of iterations reached.                                         *
 * Stiffness matrix will now be reformed.                                *
 *************************************************************************
Reforming stiffness matrix: reformation #2

 11
 Nonlinear solution status: time= 1.0631
	stiffness updates             = 0
	right hand side evaluations   = 14
	stiffness matrix reformations = 2
	step from line search         = 1.000000
	convergence norms :     INITIAL         CURRENT         REQUIRED
	   residual            5.335492e+03    3.087871e-08    0.000000e+00 
	   energy              2.594976e-01    1.097486e-09    2.594976e-03 
	   displacement        1.283111e-02    1.544053e-08    1.094634e-08 
 12
 Nonlinear solution status: time= 1.0631
	stiffness updates             = 1
	right hand side evaluations   = 15
	stiffness matrix reformations = 2
	step from line search         = 1.000000
	convergence norms :     INITIAL         CURRENT         REQUIRED
	   residual            5.335492e+03    8.446331e-10    0.000000e+00 
	   energy              2.594976e-01    1.241531e-11    2.594976e-03 
	   displacement        1.283111e-02    2.043023e-10    1.094673e-08 

convergence summary
    number of iterations   : 12
    number of reformations : 2

------- converged at time : 1.0631


AUTO STEPPER: decreasing time step, dt = 0.00490908


===== beginning time step 15 : 1.068 =====


Reforming stiffness matrix: reformation #1

 1
 Nonlinear solution status: time= 1.068
	stiffness updates             = 0
	right hand side evaluations   = 2
	stiffness matrix reformations = 1
	step from line search         = 1.000000
	convergence norms :     INITIAL         CURRENT         REQUIRED
	   residual            8.057691e+03    7.242844e-02    0.000000e+00 
	   energy              4.156370e-01    8.385216e-04    4.156370e-03 
	   displacement        1.271803e-02    1.271803e-02    1.271803e-08 
 2
 Nonlinear solution status: time= 1.068
	stiffness updates             = 1
	right hand side evaluations   = 3
	stiffness matrix reformations = 1
	step from line search         = 1.000000
	convergence norms :     INITIAL         CURRENT         REQUIRED
	   residual            8.057691e+03    1.119201e-01    0.000000e+00 
	   energy              4.156370e-01    1.580523e-04    4.156370e-03 
	   displacement        1.271803e-02    2.755969e-04    1.041174e-08 
 3
 Nonlinear solution status: time= 1.068
	stiffness updates             = 2
	right hand side evaluations   = 4
	stiffness matrix reformations = 1
	step from line search         = 1.000000
	convergence norms :     INITIAL         CURRENT         REQUIRED
	   residual            8.057691e+03    3.397970e-02    0.000000e+00 
	   energy              4.156370e-01    1.148090e-05    4.156370e-03 
	   displacement        1.271803e-02    5.447228e-05    1.054764e-08 
 4
 Nonlinear solution status: time= 1.068
	stiffness updates             = 3
	right hand side evaluations   = 6
	stiffness matrix reformations = 1
	step from line search         = 0.283920
	convergence norms :     INITIAL         CURRENT         REQUIRED
	   residual            8.057691e+03    1.290476e-02    0.000000e+00 
	   energy              4.156370e-01    1.122398e-06    4.156370e-03 
	   displacement        1.271803e-02    3.237242e-06    1.071600e-08 
 5
 Nonlinear solution status: time= 1.068
	stiffness updates             = 4
	right hand side evaluations   = 7
	stiffness matrix reformations = 1
	step from line search         = 1.000000
	convergence norms :     INITIAL         CURRENT         REQUIRED
	   residual            8.057691e+03    9.827370e-03    0.000000e+00 
	   energy              4.156370e-01    5.791796e-06    4.156370e-03 
	   displacement        1.271803e-02    7.777494e-06    1.108095e-08 
 6
 Nonlinear solution status: time= 1.068
	stiffness updates             = 5
	right hand side evaluations   = 8
	stiffness matrix reformations = 1
	step from line search         = 1.000000
	convergence norms :     INITIAL         CURRENT         REQUIRED
	   residual            8.057691e+03    2.363699e-03    0.000000e+00 
	   energy              4.156370e-01    8.823735e-07    4.156370e-03 
	   displacement        1.271803e-02    1.164519e-06    1.098363e-08 
 7
 Nonlinear solution status: time= 1.068
	stiffness updates             = 6
	right hand side evaluations   = 10
	stiffness matrix reformations = 1
	step from line search         = 0.612034
	convergence norms :     INITIAL         CURRENT         REQUIRED
	   residual            8.057691e+03    1.155036e-03    0.000000e+00 
	   energy              4.156370e-01    2.116942e-07    4.156370e-03 
	   displacement        1.271803e-02    4.137168e-07    1.091926e-08 
 8
 Nonlinear solution status: time= 1.068
	stiffness updates             = 7
	right hand side evaluations   = 11
	stiffness matrix reformations = 1
	step from line search         = 1.000000
	convergence norms :     INITIAL         CURRENT         REQUIRED
	   residual            8.057691e+03    7.076158e-04    0.000000e+00 
	   energy              4.156370e-01    1.988973e-07    4.156370e-03 
	   displacement        1.271803e-02    1.170006e-07    1.092143e-08 
 9
 Nonlinear solution status: time= 1.068
	stiffness updates             = 8
	right hand side evaluations   = 12
	stiffness matrix reformations = 1
	step from line search         = 1.000000
	convergence norms :     INITIAL         CURRENT         REQUIRED
	   residual            8.057691e+03    2.196190e-04    0.000000e+00 
	   energy              4.156370e-01    8.801593e-08    4.156370e-03 
	   displacement        1.271803e-02    8.047927e-08    1.095385e-08 
 10
 Nonlinear solution status: time= 1.068
	stiffness updates             = 9
	right hand side evaluations   = 13
	stiffness matrix reformations = 1
	step from line search         = 1.000000
	convergence norms :     INITIAL         CURRENT         REQUIRED
	   residual            8.057691e+03    2.351531e-04    0.000000e+00 
	   energy              4.156370e-01    6.563477e-08    4.156370e-03 
	   displacement        1.271803e-02    2.322547e-08    1.095756e-08 

 *************************************************************************
 *                               WARNING                                 *
 * Max nr of iterations reached.                                         *
 * Stiffness matrix will now be reformed.                                *
 *************************************************************************
Reforming stiffness matrix: reformation #2

 11
 Nonlinear solution status: time= 1.068
	stiffness updates             = 0
	right hand side evaluations   = 14
	stiffness matrix reformations = 2
	step from line search         = 1.000000
	convergence norms :     INITIAL         CURRENT         REQUIRED
	   residual            8.057691e+03    1.786627e-06    0.000000e+00 
	   energy              4.156370e-01    2.796376e-09    4.156370e-03 
	   displacement        1.271803e-02    2.619888e-08    1.094676e-08 
 12
 Nonlinear solution status: time= 1.068
	stiffness updates             = 1
	right hand side evaluations   = 15
	stiffness matrix reformations = 2
	step from line search         = 1.000000
	convergence norms :     INITIAL         CURRENT         REQUIRED
	   residual            8.057691e+03    1.180058e-07    0.000000e+00 
	   energy              4.156370e-01    1.227780e-10    4.156370e-03 
	   displacement        1.271803e-02    5.639988e-10    1.094829e-08 

convergence summary
    number of iterations   : 12
    number of reformations : 2

------- converged at time : 1.068


AUTO STEPPER: decreasing time step, dt = 0.00470008


===== beginning time step 16 : 1.0727 =====


Reforming stiffness matrix: reformation #1

 1
 Nonlinear solution status: time= 1.0727
	stiffness updates             = 0
	right hand side evaluations   = 2
	stiffness matrix reformations = 1
	step from line search         = 1.000000
	convergence norms :     INITIAL         CURRENT         REQUIRED
	   residual            1.042190e+04    9.134145e-02    0.000000e+00 
	   energy              5.766036e-01    9.892519e-04    5.766036e-03 
	   displacement        1.392663e-02    1.392663e-02    1.392663e-08 
 2
 Nonlinear solution status: time= 1.0727
	stiffness updates             = 1
	right hand side evaluations   = 3
	stiffness matrix reformations = 1
	step from line search         = 1.000000
	convergence norms :     INITIAL         CURRENT         REQUIRED
	   residual            1.042190e+04    1.755399e-01    0.000000e+00 
	   energy              5.766036e-01    2.496753e-04    5.766036e-03 
	   displacement        1.392663e-02    3.768292e-04    1.132846e-08 
 3
 Nonlinear solution status: time= 1.0727
	stiffness updates             = 2
	right hand side evaluations   = 4
	stiffness matrix reformations = 1
	step from line search         = 1.000000
	convergence norms :     INITIAL         CURRENT         REQUIRED
	   residual            1.042190e+04    4.524863e-01    0.000000e+00 
	   energy              5.766036e-01    1.215565e-04    5.766036e-03 
	   displacement        1.392663e-02    8.367962e-05    1.158056e-08 
 4

 *************************************************************************
 *                                ERROR                                  *
 * 2 negative jacobians detected.                                        *
 *************************************************************************


------- failed to converge at time : 1.0727

Retrying time step. Retry attempt 1 of max 20


AUTO STEPPER: retry step, dt = 0.00447627


===== beginning time step 16 : 1.07248 =====


Reforming stiffness matrix: reformation #1

 1
 Nonlinear solution status: time= 1.07248
	stiffness updates             = 0
	right hand side evaluations   = 2
	stiffness matrix reformations = 1
	step from line search         = 1.000000
	convergence norms :     INITIAL         CURRENT         REQUIRED
	   residual            9.348060e+03    7.767005e-02    0.000000e+00 
	   energy              5.183147e-01    9.383664e-04    5.183147e-03 
	   displacement        1.259013e-02    1.259013e-02    1.259013e-08 
 2
 Nonlinear solution status: time= 1.07248
	stiffness updates             = 1
	right hand side evaluations   = 3
	stiffness matrix reformations = 1
	step from line search         = 1.000000
	convergence norms :     INITIAL         CURRENT         REQUIRED
	   residual            9.348060e+03    1.311038e-01    0.000000e+00 
	   energy              5.183147e-01    1.946799e-04    5.183147e-03 
	   displacement        1.259013e-02    3.086940e-04    1.028253e-08 
 3
 Nonlinear solution status: time= 1.07248
	stiffness updates             = 2
	right hand side evaluations   = 4
	stiffness matrix reformations = 1
	step from line search         = 1.000000
	convergence norms :     INITIAL         CURRENT         REQUIRED
	   residual            9.348060e+03    1.155623e-01    0.000000e+00 
	   energy              5.183147e-01    3.365540e-05    5.183147e-03 
	   displacement        1.259013e-02    6.400736e-05    1.053275e-08 
 4
 Nonlinear solution status: time= 1.07248
	stiffness updates             = 3
	right hand side evaluations   = 6
	stiffness matrix reformations = 1
	step from line search         = 0.034966
	convergence norms :     INITIAL         CURRENT         REQUIRED
	   residual            9.348060e+03    4.731223e-02    0.000000e+00 
	   energy              5.183147e-01    3.286970e-06    5.183147e-03 
	   displacement        1.259013e-02    2.963843e-07    1.056606e-08 
 5
 Nonlinear solution status: time= 1.07248
	stiffness updates             = 4
	right hand side evaluations   = 8
	stiffness matrix reformations = 1
	step from line search         = 0.594372
	convergence norms :     INITIAL         CURRENT         REQUIRED
	   residual            9.348060e+03    2.653218e-02    0.000000e+00 
	   energy              5.183147e-01    3.146143e-06    5.183147e-03 
	   displacement        1.259013e-02    6.551811e-06    1.086080e-08 
 6
 Nonlinear solution status: time= 1.07248
	stiffness updates             = 5
	right hand side evaluations   = 9
	stiffness matrix reformations = 1
	step from line search         = 1.000000
	convergence norms :     INITIAL         CURRENT         REQUIRED
	   residual            9.348060e+03    1.385792e-02    0.000000e+00 
	   energy              5.183147e-01    4.906087e-06    5.183147e-03 
	   displacement        1.259013e-02    2.323303e-06    1.100095e-08 
 7
 Nonlinear solution status: time= 1.07248
	stiffness updates             = 6
	right hand side evaluations   = 10
	stiffness matrix reformations = 1
	step from line search         = 1.000000
	convergence norms :     INITIAL         CURRENT         REQUIRED
	   residual            9.348060e+03    5.409411e-03    0.000000e+00 
	   energy              5.183147e-01    1.443739e-06    5.183147e-03 
	   displacement        1.259013e-02    1.270301e-06    1.090127e-08 
 8
 Nonlinear solution status: time= 1.07248
	stiffness updates             = 7
	right hand side evaluations   = 12
	stiffness matrix reformations = 1
	step from line search         = 0.627895
	convergence norms :     INITIAL         CURRENT         REQUIRED
	   residual            9.348060e+03    1.312771e-03    0.000000e+00 
	   energy              5.183147e-01    2.340156e-07    5.183147e-03 
	   displacement        1.259013e-02    3.371813e-07    1.087085e-08 
 9
 Nonlinear solution status: time= 1.07248
	stiffness updates             = 8
	right hand side evaluations   = 13
	stiffness matrix reformations = 1
	step from line search         = 1.000000
	convergence norms :     INITIAL         CURRENT         REQUIRED
	   residual            9.348060e+03    1.074575e-03    0.000000e+00 
	   energy              5.183147e-01    3.651408e-07    5.183147e-03 
	   displacement        1.259013e-02    1.806454e-07    1.089942e-08 
 10
 Nonlinear solution status: time= 1.07248
	stiffness updates             = 9
	right hand side evaluations   = 14
	stiffness matrix reformations = 1
	step from line search         = 1.000000
	convergence norms :     INITIAL         CURRENT         REQUIRED
	   residual            9.348060e+03    4.267162e-04    0.000000e+00 
	   energy              5.183147e-01    9.801463e-08    5.183147e-03 
	   displacement        1.259013e-02    9.148478e-08    1.092115e-08 

 *************************************************************************
 *                               WARNING                                 *
 * Max nr of iterations reached.                                         *
 * Stiffness matrix will now be reformed.                                *
 *************************************************************************
Reforming stiffness matrix: reformation #2

 11
 Nonlinear solution status: time= 1.07248
	stiffness updates             = 0
	right hand side evaluations   = 16
	stiffness matrix reformations = 2
	step from line search         = 0.568552
	convergence norms :     INITIAL         CURRENT         REQUIRED
	   residual            9.348060e+03    5.783017e-04    0.000000e+00 
	   energy              5.183147e-01    5.080234e-08    5.183147e-03 
	   displacement        1.259013e-02    7.106919e-08    1.090984e-08 
 12
 Nonlinear solution status: time= 1.07248
	stiffness updates             = 1
	right hand side evaluations   = 17
	stiffness matrix reformations = 2
	step from line search         = 1.000000
	convergence norms :     INITIAL         CURRENT         REQUIRED
	   residual            9.348060e+03    1.579486e-04    0.000000e+00 
	   energy              5.183147e-01    1.818172e-08    5.183147e-03 
	   displacement        1.259013e-02    1.250739e-08    1.090305e-08 
 13
 Nonlinear solution status: time= 1.07248
	stiffness updates             = 2
	right hand side evaluations   = 18
	stiffness matrix reformations = 2
	step from line search         = 1.000000
	convergence norms :     INITIAL         CURRENT         REQUIRED
	   residual            9.348060e+03    6.628756e-05    0.000000e+00 
	   energy              5.183147e-01    1.083764e-08    5.183147e-03 
	   displacement        1.259013e-02    3.772928e-09    1.090354e-08 

convergence summary
    number of iterations   : 13
    number of reformations : 2

------- converged at time : 1.07248


AUTO STEPPER: decreasing time step, dt = 0.00411757

MUST POINT CONTROLLER: adjusting time step. dt = 0.00251889


===== beginning time step 17 : 1.075 =====


Reforming stiffness matrix: reformation #1

 1
 Nonlinear solution status: time= 1.075
	stiffness updates             = 0
	right hand side evaluations   = 2
	stiffness matrix reformations = 1
	step from line search         = 1.000000
	convergence norms :     INITIAL         CURRENT         REQUIRED
	   residual            3.627919e+03    3.023400e-02    0.000000e+00 
	   energy              2.235595e-01    7.664292e-04    2.235595e-03 
	   displacement        4.822322e-03    4.822322e-03    4.822322e-09 
 2
 Nonlinear solution status: time= 1.075
	stiffness updates             = 1
	right hand side evaluations   = 3
	stiffness matrix reformations = 1
	step from line search         = 1.000000
	convergence norms :     INITIAL         CURRENT         REQUIRED
	   residual            3.627919e+03    3.152392e-02    0.000000e+00 
	   energy              2.235595e-01    5.348043e-05    2.235595e-03 
	   displacement        4.822322e-03    9.863408e-05    3.996171e-09 
 3
 Nonlinear solution status: time= 1.075
	stiffness updates             = 2
	right hand side evaluations   = 4
	stiffness matrix reformations = 1
	step from line search         = 1.000000
	convergence norms :     INITIAL         CURRENT         REQUIRED
	   residual            3.627919e+03    1.424564e-03    0.000000e+00 
	   energy              2.235595e-01    8.108071e-07    2.235595e-03 
	   displacement        4.822322e-03    7.532744e-06    4.137047e-09 
 4
 Nonlinear solution status: time= 1.075
	stiffness updates             = 3
	right hand side evaluations   = 5
	stiffness matrix reformations = 1
	step from line search         = 1.000000
	convergence norms :     INITIAL         CURRENT         REQUIRED
	   residual            3.627919e+03    4.780913e-04    0.000000e+00 
	   energy              2.235595e-01    4.494347e-07    2.235595e-03 
	   displacement        4.822322e-03    4.072725e-07    4.172317e-09 
 5
 Nonlinear solution status: time= 1.075
	stiffness updates             = 4
	right hand side evaluations   = 6
	stiffness matrix reformations = 1
	step from line search         = 1.000000
	convergence norms :     INITIAL         CURRENT         REQUIRED
	   residual            3.627919e+03    5.153601e-05    0.000000e+00 
	   energy              2.235595e-01    1.974925e-08    2.235595e-03 
	   displacement        4.822322e-03    4.722110e-08    4.163361e-09 
 6
 Nonlinear solution status: time= 1.075
	stiffness updates             = 5
	right hand side evaluations   = 7
	stiffness matrix reformations = 1
	step from line search         = 1.000000
	convergence norms :     INITIAL         CURRENT         REQUIRED
	   residual            3.627919e+03    1.995094e-05    0.000000e+00 
	   energy              2.235595e-01    1.293848e-08    2.235595e-03 
	   displacement        4.822322e-03    8.053770e-09    4.160874e-09 
 7
 Nonlinear solution status: time= 1.075
	stiffness updates             = 6
	right hand side evaluations   = 8
	stiffness matrix reformations = 1
	step from line search         = 1.000000
	convergence norms :     INITIAL         CURRENT         REQUIRED
	   residual            3.627919e+03    6.396654e-07    0.000000e+00 
	   energy              2.235595e-01    4.068314e-11    2.235595e-03 
	   displacement        4.822322e-03    1.408235e-09    4.162440e-09 

convergence summary
    number of iterations   : 7
    number of reformations : 1

------- converged at time : 1.075


AUTO STEPPER: increasing time step, dt = 0.00529405


===== beginning time step 18 : 1.08029 =====


Reforming stiffness matrix: reformation #1

 1
 Nonlinear solution status: time= 1.08029
	stiffness updates             = 0
	right hand side evaluations   = 2
	stiffness matrix reformations = 1
	step from line search         = 1.000000
	convergence norms :     INITIAL         CURRENT         REQUIRED
	   residual            1.976301e+04    2.971221e-01    0.000000e+00 
	   energy              1.213959e+00    1.826323e-03    1.213959e-02 
	   displacement        2.595116e-02    2.595116e-02    2.595116e-08 
 2
 Nonlinear solution status: time= 1.08029
	stiffness updates             = 1
	right hand side evaluations   = 4
	stiffness matrix reformations = 1
	step from line search         = 0.491023
	convergence norms :     INITIAL         CURRENT         REQUIRED
	   residual            1.976301e+04    2.483963e-01    0.000000e+00 
	   energy              1.213959e+00    2.812513e-04    1.213959e-02 
	   displacement        2.595116e-02    5.027187e-04    2.268928e-08 
 3
 Nonlinear solution status: time= 1.08029
	stiffness updates             = 2
	right hand side evaluations   = 6
	stiffness matrix reformations = 1
	step from line search         = 0.468567
	convergence norms :     INITIAL         CURRENT         REQUIRED
	   residual            1.976301e+04    9.751274e-02    0.000000e+00 
	   energy              1.213959e+00    1.466385e-05    1.213959e-02 
	   displacement        2.595116e-02    2.937780e-05    2.202789e-08 
 4
 Nonlinear solution status: time= 1.08029
	stiffness updates             = 3
	right hand side evaluations   = 8
	stiffness matrix reformations = 1
	step from line search         = 0.329087
	convergence norms :     INITIAL         CURRENT         REQUIRED
	   residual            1.976301e+04    5.071100e-02    0.000000e+00 
	   energy              1.213959e+00    7.427393e-06    1.213959e-02 
	   displacement        2.595116e-02    4.057296e-05    2.164081e-08 
 5
 Nonlinear solution status: time= 1.08029
	stiffness updates             = 4
	right hand side evaluations   = 10
	stiffness matrix reformations = 1
	step from line search         = 0.460035
	convergence norms :     INITIAL         CURRENT         REQUIRED
	   residual            1.976301e+04    3.778411e-02    0.000000e+00 
	   energy              1.213959e+00    6.191227e-06    1.213959e-02 
	   displacement        2.595116e-02    1.798510e-05    2.188269e-08 
 6
 Nonlinear solution status: time= 1.08029
	stiffness updates             = 5
	right hand side evaluations   = 11
	stiffness matrix reformations = 1
	step from line search         = 1.000000
	convergence norms :     INITIAL         CURRENT         REQUIRED
	   residual            1.976301e+04    3.675491e-02    0.000000e+00 
	   energy              1.213959e+00    1.397604e-05    1.213959e-02 
	   displacement        2.595116e-02    1.663704e-05    2.255860e-08 
 7
 Nonlinear solution status: time= 1.08029
	stiffness updates             = 6
	right hand side evaluations   = 12
	stiffness matrix reformations = 1
	step from line search         = 1.000000
	convergence norms :     INITIAL         CURRENT         REQUIRED
	   residual            1.976301e+04    3.348949e-02    0.000000e+00 
	   energy              1.213959e+00    9.731532e-06    1.213959e-02 
	   displacement        2.595116e-02    3.795266e-06    2.273031e-08 
 8
 Nonlinear solution status: time= 1.08029
	stiffness updates             = 7
	right hand side evaluations   = 14
	stiffness matrix reformations = 1
	step from line search         = 0.622751
	convergence norms :     INITIAL         CURRENT         REQUIRED
	   residual            1.976301e+04    9.065821e-03    0.000000e+00 
	   energy              1.213959e+00    1.745723e-06    1.213959e-02 
	   displacement        2.595116e-02    2.811657e-06    2.255713e-08 
 9
 Nonlinear solution status: time= 1.08029
	stiffness updates             = 8
	right hand side evaluations   = 16
	stiffness matrix reformations = 1
	step from line search         = 0.601401
	convergence norms :     INITIAL         CURRENT         REQUIRED
	   residual            1.976301e+04    5.326130e-03    0.000000e+00 
	   energy              1.213959e+00    6.976335e-07    1.213959e-02 
	   displacement        2.595116e-02    9.740410e-07    2.248883e-08 
 10
 Nonlinear solution status: time= 1.08029
	stiffness updates             = 9
	right hand side evaluations   = 18
	stiffness matrix reformations = 1
	step from line search         = 0.567049
	convergence norms :     INITIAL         CURRENT         REQUIRED
	   residual            1.976301e+04    3.060223e-03    0.000000e+00 
	   energy              1.213959e+00    4.617888e-07    1.213959e-02 
	   displacement        2.595116e-02    6.912608e-07    2.251320e-08 

 *************************************************************************
 *                               WARNING                                 *
 * Max nr of iterations reached.                                         *
 * Stiffness matrix will now be reformed.                                *
 *************************************************************************
Reforming stiffness matrix: reformation #2

 11
 Nonlinear solution status: time= 1.08029
	stiffness updates             = 0
	right hand side evaluations   = 20
	stiffness matrix reformations = 2
	step from line search         = 0.204858
	convergence norms :     INITIAL         CURRENT         REQUIRED
	   residual            1.976301e+04    1.632278e-03    0.000000e+00 
	   energy              1.213959e+00    2.157676e-07    1.213959e-02 
	   displacement        2.595116e-02    1.203668e-07    2.253770e-08 
 12
 Nonlinear solution status: time= 1.08029
	stiffness updates             = 1
	right hand side evaluations   = 21
	stiffness matrix reformations = 2
	step from line search         = 1.000000
	convergence norms :     INITIAL         CURRENT         REQUIRED
	   residual            1.976301e+04    1.688542e-03    0.000000e+00 
	   energy              1.213959e+00    1.062067e-06    1.213959e-02 
	   displacement        2.595116e-02    1.495079e-06    2.265602e-08 
 13
 Nonlinear solution status: time= 1.08029
	stiffness updates             = 2
	right hand side evaluations   = 22
	stiffness matrix reformations = 2
	step from line search         = 1.000000
	convergence norms :     INITIAL         CURRENT         REQUIRED
	   residual            1.976301e+04    4.539112e-04    0.000000e+00 
	   energy              1.213959e+00    1.305478e-07    1.213959e-02 
	   displacement        2.595116e-02    2.898713e-07    2.260808e-08 
 14
 Nonlinear solution status: time= 1.08029
	stiffness updates             = 3
	right hand side evaluations   = 24
	stiffness matrix reformations = 2
	step from line search         = 0.630463
	convergence norms :     INITIAL         CURRENT         REQUIRED
	   residual            1.976301e+04    1.627828e-05    0.000000e+00 
	   energy              1.213959e+00    2.253994e-08    1.213959e-02 
	   displacement        2.595116e-02    1.253860e-08    2.260111e-08 

convergence summary
    number of iterations   : 14
    number of reformations : 2

------- converged at time : 1.08029


AUTO STEPPER: decreasing time step, dt = 0.00469268


===== beginning time step 19 : 1.08499 =====


Reforming stiffness matrix: reformation #1

 1
 Nonlinear solution status: time= 1.08499
	stiffness updates             = 0
	right hand side evaluations   = 2
	stiffness matrix reformations = 1
	step from line search         = 1.000000
	convergence norms :     INITIAL         CURRENT         REQUIRED
	   residual            1.889388e+04    3.850026e-01    0.000000e+00 
	   energy              1.274029e+00    1.991734e-03    1.274029e-02 
	   displacement        2.715693e-02    2.715693e-02    2.715693e-08 
 2

 *************************************************************************
 *                                ERROR                                  *
 * 2 negative jacobians detected.                                        *
 *************************************************************************


------- failed to converge at time : 1.08499

Retrying time step. Retry attempt 1 of max 20


AUTO STEPPER: retry step, dt = 0.00446922


===== beginning time step 19 : 1.08476 =====


Reforming stiffness matrix: reformation #1

 1
 Nonlinear solution status: time= 1.08476
	stiffness updates             = 0
	right hand side evaluations   = 2
	stiffness matrix reformations = 1
	step from line search         = 1.000000
	convergence norms :     INITIAL         CURRENT         REQUIRED
	   residual            1.703581e+04    3.253127e-01    0.000000e+00 
	   energy              1.150630e+00    1.848492e-03    1.150630e-02 
	   displacement        2.451046e-02    2.451046e-02    2.451046e-08 
 2

 *************************************************************************
 *                                ERROR                                  *
 * 2 negative jacobians detected.                                        *
 *************************************************************************


------- failed to converge at time : 1.08476

Retrying time step. Retry attempt 2 of max 20


AUTO STEPPER: retry step, dt = 0.00424576


===== beginning time step 19 : 1.08454 =====


Reforming stiffness matrix: reformation #1

 1
 Nonlinear solution status: time= 1.08454
	stiffness updates             = 0
	right hand side evaluations   = 2
	stiffness matrix reformations = 1
	step from line search         = 1.000000
	convergence norms :     INITIAL         CURRENT         REQUIRED
	   residual            1.530896e+04    2.737433e-01    0.000000e+00 
	   energy              1.035928e+00    1.721897e-03    1.035928e-02 
	   displacement        2.202111e-02    2.202111e-02    2.202111e-08 
 2

 *************************************************************************
 *                                ERROR                                  *
 * 2 negative jacobians detected.                                        *
 *************************************************************************


------- failed to converge at time : 1.08454

Retrying time step. Retry attempt 3 of max 20


AUTO STEPPER: retry step, dt = 0.0040223


===== beginning time step 19 : 1.08432 =====


Reforming stiffness matrix: reformation #1

 1
 Nonlinear solution status: time= 1.08432
	stiffness updates             = 0
	right hand side evaluations   = 2
	stiffness matrix reformations = 1
	step from line search         = 1.000000
	convergence norms :     INITIAL         CURRENT         REQUIRED
	   residual            1.367438e+04    2.293057e-01    0.000000e+00 
	   energy              9.273407e-01    1.608556e-03    9.273407e-03 
	   displacement        1.967263e-02    1.967263e-02    1.967263e-08 
 2
 Nonlinear solution status: time= 1.08432
	stiffness updates             = 1
	right hand side evaluations   = 4
	stiffness matrix reformations = 1
	step from line search         = 0.406661
	convergence norms :     INITIAL         CURRENT         REQUIRED
	   residual            1.367438e+04    9.002495e-02    0.000000e+00 
	   energy              9.273407e-01    5.643520e-05    9.273407e-03 
	   displacement        1.967263e-02    1.800281e-04    1.777132e-08 
 3
 Nonlinear solution status: time= 1.08432
	stiffness updates             = 2
	right hand side evaluations   = 5
	stiffness matrix reformations = 1
	step from line search         = 1.000000
	convergence norms :     INITIAL         CURRENT         REQUIRED
	   residual            1.367438e+04    7.891889e-02    0.000000e+00 
	   energy              9.273407e-01    5.864242e-05    9.273407e-03 
	   displacement        1.967263e-02    9.295862e-05    1.633513e-08 
 4
 Nonlinear solution status: time= 1.08432
	stiffness updates             = 3
	right hand side evaluations   = 6
	stiffness matrix reformations = 1
	step from line search         = 1.000000
	convergence norms :     INITIAL         CURRENT         REQUIRED
	   residual            1.367438e+04    2.905813e-02    0.000000e+00 
	   energy              9.273407e-01    8.999421e-06    9.273407e-03 
	   displacement        1.967263e-02    1.719776e-05    1.672542e-08 
 5
 Nonlinear solution status: time= 1.08432
	stiffness updates             = 4
	right hand side evaluations   = 8
	stiffness matrix reformations = 1
	step from line search         = 0.602209
	convergence norms :     INITIAL         CURRENT         REQUIRED
	   residual            1.367438e+04    8.706419e-03    0.000000e+00 
	   energy              9.273407e-01    2.684082e-06    9.273407e-03 
	   displacement        1.967263e-02    4.464212e-06    1.704047e-08 
 6
 Nonlinear solution status: time= 1.08432
	stiffness updates             = 5
	right hand side evaluations   = 10
	stiffness matrix reformations = 1
	step from line search         = 0.609588
	convergence norms :     INITIAL         CURRENT         REQUIRED
	   residual            1.367438e+04    3.703978e-03    0.000000e+00 
	   energy              9.273407e-01    6.189859e-07    9.273407e-03 
	   displacement        1.967263e-02    8.556370e-07    1.712578e-08 
 7
 Nonlinear solution status: time= 1.08432
	stiffness updates             = 6
	right hand side evaluations   = 11
	stiffness matrix reformations = 1
	step from line search         = 1.000000
	convergence norms :     INITIAL         CURRENT         REQUIRED
	   residual            1.367438e+04    5.655840e-03    0.000000e+00 
	   energy              9.273407e-01    1.643677e-06    9.273407e-03 
	   displacement        1.967263e-02    8.291655e-07    1.709661e-08 
 8
 Nonlinear solution status: time= 1.08432
	stiffness updates             = 7
	right hand side evaluations   = 12
	stiffness matrix reformations = 1
	step from line search         = 1.000000
	convergence norms :     INITIAL         CURRENT         REQUIRED
	   residual            1.367438e+04    2.676053e-03    0.000000e+00 
	   energy              9.273407e-01    1.033567e-06    9.273407e-03 
	   displacement        1.967263e-02    4.383103e-07    1.705755e-08 
 9
 Nonlinear solution status: time= 1.08432
	stiffness updates             = 8
	right hand side evaluations   = 13
	stiffness matrix reformations = 1
	step from line search         = 1.000000
	convergence norms :     INITIAL         CURRENT         REQUIRED
	   residual            1.367438e+04    3.055321e-03    0.000000e+00 
	   energy              9.273407e-01    1.073850e-06    9.273407e-03 
	   displacement        1.967263e-02    3.797676e-07    1.708202e-08 
 10
 Nonlinear solution status: time= 1.08432
	stiffness updates             = 9
	right hand side evaluations   = 14
	stiffness matrix reformations = 1
	step from line search         = 1.000000
	convergence norms :     INITIAL         CURRENT         REQUIRED
	   residual            1.367438e+04    1.731178e-03    0.000000e+00 
	   energy              9.273407e-01    5.120791e-07    9.273407e-03 
	   displacement        1.967263e-02    2.371384e-07    1.711611e-08 

 *************************************************************************
 *                               WARNING                                 *
 * Max nr of iterations reached.                                         *
 * Stiffness matrix will now be reformed.                                *
 *************************************************************************
Reforming stiffness matrix: reformation #2

 11
 Nonlinear solution status: time= 1.08432
	stiffness updates             = 0
	right hand side evaluations   = 15
	stiffness matrix reformations = 2
	step from line search         = 1.000000
	convergence norms :     INITIAL         CURRENT         REQUIRED
	   residual            1.367438e+04    8.848406e-06    0.000000e+00 
	   energy              9.273407e-01    2.828644e-08    9.273407e-03 
	   displacement        1.967263e-02    1.516313e-07    1.711148e-08 
 12
 Nonlinear solution status: time= 1.08432
	stiffness updates             = 1
	right hand side evaluations   = 16
	stiffness matrix reformations = 2
	step from line search         = 1.000000
	convergence norms :     INITIAL         CURRENT         REQUIRED
	   residual            1.367438e+04    1.037179e-06    0.000000e+00 
	   energy              9.273407e-01    1.224524e-09    9.273407e-03 
	   displacement        1.967263e-02    5.156527e-09    1.711193e-08 

convergence summary
    number of iterations   : 12
    number of reformations : 2

------- converged at time : 1.08432


AUTO STEPPER: decreasing time step, dt = 0.00385105


===== beginning time step 20 : 1.08817 =====


Reforming stiffness matrix: reformation #1

 1
 Nonlinear solution status: time= 1.08817
	stiffness updates             = 0
	right hand side evaluations   = 2
	stiffness matrix reformations = 1
	step from line search         = 1.000000
	convergence norms :     INITIAL         CURRENT         REQUIRED
	   residual            1.432188e+04    3.199146e-01    0.000000e+00 
	   energy              1.045023e+00    1.880296e-03    1.045023e-02 
	   displacement        2.251006e-02    2.251006e-02    2.251006e-08 
 2

 *************************************************************************
 *                                ERROR                                  *
 * 2 negative jacobians detected.                                        *
 *************************************************************************


------- failed to converge at time : 1.08817

Retrying time step. Retry attempt 1 of max 20


AUTO STEPPER: retry step, dt = 0.00366767


===== beginning time step 20 : 1.08798 =====


Reforming stiffness matrix: reformation #1

 1
 Nonlinear solution status: time= 1.08798
	stiffness updates             = 0
	right hand side evaluations   = 2
	stiffness matrix reformations = 1
	step from line search         = 1.000000
	convergence norms :     INITIAL         CURRENT         REQUIRED
	   residual            1.294682e+04    2.749496e-01    0.000000e+00 
	   energy              9.469451e-01    1.779593e-03    9.469451e-03 
	   displacement        2.034177e-02    2.034177e-02    2.034177e-08 
 2

 *************************************************************************
 *                                ERROR                                  *
 * 2 negative jacobians detected.                                        *
 *************************************************************************


------- failed to converge at time : 1.08798

Retrying time step. Retry attempt 2 of max 20


AUTO STEPPER: retry step, dt = 0.00348429


===== beginning time step 20 : 1.0878 =====


Reforming stiffness matrix: reformation #1

 1
 Nonlinear solution status: time= 1.0878
	stiffness updates             = 0
	right hand side evaluations   = 2
	stiffness matrix reformations = 1
	step from line search         = 1.000000
	convergence norms :     INITIAL         CURRENT         REQUIRED
	   residual            1.164115e+04    2.357767e-01    0.000000e+00 
	   energy              8.538035e-01    1.688952e-03    8.538035e-03 
	   displacement        1.828928e-02    1.828928e-02    1.828928e-08 
 2

 *************************************************************************
 *                                ERROR                                  *
 * 2 negative jacobians detected.                                        *
 *************************************************************************


------- failed to converge at time : 1.0878

Retrying time step. Retry attempt 3 of max 20


AUTO STEPPER: retry step, dt = 0.0033009


===== beginning time step 20 : 1.08762 =====


Reforming stiffness matrix: reformation #1

 1
 Nonlinear solution status: time= 1.08762
	stiffness updates             = 0
	right hand side evaluations   = 2
	stiffness matrix reformations = 1
	step from line search         = 1.000000
	convergence norms :     INITIAL         CURRENT         REQUIRED
	   residual            1.040487e+04    2.018996e-01    0.000000e+00 
	   energy              7.655985e-01    1.607521e-03    7.655985e-03 
	   displacement        1.635175e-02    1.635175e-02    1.635175e-08 
 2

 *************************************************************************
 *                                ERROR                                  *
 * 2 negative jacobians detected.                                        *
 *************************************************************************


------- failed to converge at time : 1.08762

Retrying time step. Retry attempt 4 of max 20


AUTO STEPPER: retry step, dt = 0.00311752


===== beginning time step 20 : 1.08743 =====


Reforming stiffness matrix: reformation #1

 1
 Nonlinear solution status: time= 1.08743
	stiffness updates             = 0
	right hand side evaluations   = 2
	stiffness matrix reformations = 1
	step from line search         = 1.000000
	convergence norms :     INITIAL         CURRENT         REQUIRED
	   residual            9.237982e+03    1.728446e-01    0.000000e+00 
	   energy              6.823301e-01    1.534516e-03    6.823301e-03 
	   displacement        1.452830e-02    1.452830e-02    1.452830e-08 
 2

 *************************************************************************
 *                                ERROR                                  *
 * 2 negative jacobians detected.                                        *
 *************************************************************************


------- failed to converge at time : 1.08743

Retrying time step. Retry attempt 5 of max 20


AUTO STEPPER: retry step, dt = 0.00293414


===== beginning time step 20 : 1.08725 =====


Reforming stiffness matrix: reformation #1

 1
 Nonlinear solution status: time= 1.08725
	stiffness updates             = 0
	right hand side evaluations   = 2
	stiffness matrix reformations = 1
	step from line search         = 1.000000
	convergence norms :     INITIAL         CURRENT         REQUIRED
	   residual            8.140486e+03    1.481630e-01    0.000000e+00 
	   energy              6.039983e-01    1.469228e-03    6.039983e-03 
	   displacement        1.281803e-02    1.281803e-02    1.281803e-08 
 2

 *************************************************************************
 *                                ERROR                                  *
 * 2 negative jacobians detected.                                        *
 *************************************************************************


------- failed to converge at time : 1.08725

Retrying time step. Retry attempt 6 of max 20


AUTO STEPPER: retry step, dt = 0.00275075


===== beginning time step 20 : 1.08707 =====


Reforming stiffness matrix: reformation #1

 1
 Nonlinear solution status: time= 1.08707
	stiffness updates             = 0
	right hand side evaluations   = 2
	stiffness matrix reformations = 1
	step from line search         = 1.000000
	convergence norms :     INITIAL         CURRENT         REQUIRED
	   residual            7.112383e+03    1.274349e-01    0.000000e+00 
	   energy              5.306034e-01    1.411036e-03    5.306034e-03 
	   displacement        1.121997e-02    1.121997e-02    1.121997e-08 
 2

 *************************************************************************
 *                                ERROR                                  *
 * Negative jacobian detected.                                           *
 *************************************************************************


------- failed to converge at time : 1.08707

Retrying time step. Retry attempt 7 of max 20


AUTO STEPPER: retry step, dt = 0.00256737


===== beginning time step 20 : 1.08688 =====


Reforming stiffness matrix: reformation #1

 1
 Nonlinear solution status: time= 1.08688
	stiffness updates             = 0
	right hand side evaluations   = 2
	stiffness matrix reformations = 1
	step from line search         = 1.000000
	convergence norms :     INITIAL         CURRENT         REQUIRED
	   residual            6.153674e+03    1.102743e-01    0.000000e+00 
	   energy              4.621455e-01    1.359413e-03    4.621455e-03 
	   displacement        9.733111e-03    9.733111e-03    9.733111e-09 
 2
 Nonlinear solution status: time= 1.08688
	stiffness updates             = 1
	right hand side evaluations   = 4
	stiffness matrix reformations = 1
	step from line search         = 0.414320
	convergence norms :     INITIAL         CURRENT         REQUIRED
	   residual            6.153674e+03    2.727192e-02    0.000000e+00 
	   energy              4.621455e-01    2.912838e-05    4.621455e-03 
	   displacement        9.733111e-03    4.812930e-05    8.925456e-09 
 3
 Nonlinear solution status: time= 1.08688
	stiffness updates             = 2
	right hand side evaluations   = 6
	stiffness matrix reformations = 1
	step from line search         = 0.385660
	convergence norms :     INITIAL         CURRENT         REQUIRED
	   residual            6.153674e+03    1.091586e-02    0.000000e+00 
	   energy              4.621455e-01    8.509974e-06    4.621455e-03 
	   displacement        9.733111e-03    1.149050e-05    8.558037e-09 
 4
 Nonlinear solution status: time= 1.08688
	stiffness updates             = 3
	right hand side evaluations   = 7
	stiffness matrix reformations = 1
	step from line search         = 1.000000
	convergence norms :     INITIAL         CURRENT         REQUIRED
	   residual            6.153674e+03    7.896939e-03    0.000000e+00 
	   energy              4.621455e-01    5.431113e-06    4.621455e-03 
	   displacement        9.733111e-03    4.719690e-06    8.370266e-09 
 5
 Nonlinear solution status: time= 1.08688
	stiffness updates             = 4
	right hand side evaluations   = 8
	stiffness matrix reformations = 1
	step from line search         = 1.000000
	convergence norms :     INITIAL         CURRENT         REQUIRED
	   residual            6.153674e+03    3.661003e-03    0.000000e+00 
	   energy              4.621455e-01    1.325770e-06    4.621455e-03 
	   displacement        9.733111e-03    6.361518e-07    8.400453e-09 
 6
 Nonlinear solution status: time= 1.08688
	stiffness updates             = 5
	right hand side evaluations   = 10
	stiffness matrix reformations = 1
	step from line search         = 0.569768
	convergence norms :     INITIAL         CURRENT         REQUIRED
	   residual            6.153674e+03    3.012146e-03    0.000000e+00 
	   energy              4.621455e-01    7.568980e-07    4.621455e-03 
	   displacement        9.733111e-03    1.638775e-07    8.431298e-09 
 7
 Nonlinear solution status: time= 1.08688
	stiffness updates             = 6
	right hand side evaluations   = 11
	stiffness matrix reformations = 1
	step from line search         = 1.000000
	convergence norms :     INITIAL         CURRENT         REQUIRED
	   residual            6.153674e+03    1.242740e-03    0.000000e+00 
	   energy              4.621455e-01    3.431781e-07    4.621455e-03 
	   displacement        9.733111e-03    1.101559e-07    8.432137e-09 
 8
 Nonlinear solution status: time= 1.08688
	stiffness updates             = 7
	right hand side evaluations   = 12
	stiffness matrix reformations = 1
	step from line search         = 1.000000
	convergence norms :     INITIAL         CURRENT         REQUIRED
	   residual            6.153674e+03    5.998016e-04    0.000000e+00 
	   energy              4.621455e-01    1.945682e-07    4.621455e-03 
	   displacement        9.733111e-03    6.887144e-08    8.420214e-09 
 9
 Nonlinear solution status: time= 1.08688
	stiffness updates             = 8
	right hand side evaluations   = 13
	stiffness matrix reformations = 1
	step from line search         = 1.000000
	convergence norms :     INITIAL         CURRENT         REQUIRED
	   residual            6.153674e+03    1.845973e-04    0.000000e+00 
	   energy              4.621455e-01    5.573692e-08    4.621455e-03 
	   displacement        9.733111e-03    2.200980e-08    8.423941e-09 
 10
 Nonlinear solution status: time= 1.08688
	stiffness updates             = 9
	right hand side evaluations   = 14
	stiffness matrix reformations = 1
	step from line search         = 1.000000
	convergence norms :     INITIAL         CURRENT         REQUIRED
	   residual            6.153674e+03    1.004242e-04    0.000000e+00 
	   energy              4.621455e-01    3.210769e-08    4.621455e-03 
	   displacement        9.733111e-03    1.092875e-08    8.429922e-09 

 *************************************************************************
 *                               WARNING                                 *
 * Max nr of iterations reached.                                         *
 * Stiffness matrix will now be reformed.                                *
 *************************************************************************
Reforming stiffness matrix: reformation #2

 11
 Nonlinear solution status: time= 1.08688
	stiffness updates             = 0
	right hand side evaluations   = 15
	stiffness matrix reformations = 2
	step from line search         = 1.000000
	convergence norms :     INITIAL         CURRENT         REQUIRED
	   residual            6.153674e+03    6.897712e-05    0.000000e+00 
	   energy              4.621455e-01    7.391089e-09    4.621455e-03 
	   displacement        9.733111e-03    2.922698e-08    8.429883e-09 
 12
 Nonlinear solution status: time= 1.08688
	stiffness updates             = 1
	right hand side evaluations   = 16
	stiffness matrix reformations = 2
	step from line search         = 1.000000
	convergence norms :     INITIAL         CURRENT         REQUIRED
	   residual            6.153674e+03    8.842080e-06    0.000000e+00 
	   energy              4.621455e-01    4.504811e-09    4.621455e-03 
	   displacement        9.733111e-03    5.791097e-10    8.429535e-09 

convergence summary
    number of iterations   : 12
    number of reformations : 2

------- converged at time : 1.08688


AUTO STEPPER: decreasing time step, dt = 0.00245807


===== beginning time step 21 : 1.08934 =====


Reforming stiffness matrix: reformation #1

 1

 *************************************************************************
 *                                ERROR                                  *
 * 4 negative jacobians detected.                                        *
 *************************************************************************


------- failed to converge at time : 1.08934

Retrying time step. Retry attempt 1 of max 20


AUTO STEPPER: retry step, dt = 0.00234102


===== beginning time step 21 : 1.08922 =====


Reforming stiffness matrix: reformation #1

 1

 *************************************************************************
 *                                ERROR                                  *
 * 4 negative jacobians detected.                                        *
 *************************************************************************


------- failed to converge at time : 1.08922

Retrying time step. Retry attempt 2 of max 20


AUTO STEPPER: retry step, dt = 0.00222397


===== beginning time step 21 : 1.08911 =====


Reforming stiffness matrix: reformation #1

 1

 *************************************************************************
 *                                ERROR                                  *
 * 4 negative jacobians detected.                                        *
 *************************************************************************


------- failed to converge at time : 1.08911

Retrying time step. Retry attempt 3 of max 20


AUTO STEPPER: retry step, dt = 0.00210692


===== beginning time step 21 : 1.08899 =====


Reforming stiffness matrix: reformation #1

 1

 *************************************************************************
 *                                ERROR                                  *
 * 4 negative jacobians detected.                                        *
 *************************************************************************


------- failed to converge at time : 1.08899

Retrying time step. Retry attempt 4 of max 20


AUTO STEPPER: retry step, dt = 0.00198987


===== beginning time step 21 : 1.08887 =====


Reforming stiffness matrix: reformation #1

 1

 *************************************************************************
 *                                ERROR                                  *
 * 9 negative jacobians detected.                                        *
 *************************************************************************


------- failed to converge at time : 1.08887

Retrying time step. Retry attempt 5 of max 20


AUTO STEPPER: retry step, dt = 0.00187281


===== beginning time step 21 : 1.08876 =====


Reforming stiffness matrix: reformation #1

 1

 *************************************************************************
 *                                ERROR                                  *
 * 35 negative jacobians detected.                                       *
 *************************************************************************


------- failed to converge at time : 1.08876

Retrying time step. Retry attempt 6 of max 20


AUTO STEPPER: retry step, dt = 0.00175576


===== beginning time step 21 : 1.08864 =====


Reforming stiffness matrix: reformation #1

 1

 *************************************************************************
 *                                ERROR                                  *
 * 13 negative jacobians detected.                                       *
 *************************************************************************


------- failed to converge at time : 1.08864

Retrying time step. Retry attempt 7 of max 20


AUTO STEPPER: retry step, dt = 0.00163871


===== beginning time step 21 : 1.08852 =====


Reforming stiffness matrix: reformation #1

 1

 *************************************************************************
 *                                ERROR                                  *
 * 4 negative jacobians detected.                                        *
 *************************************************************************


------- failed to converge at time : 1.08852

Retrying time step. Retry attempt 8 of max 20


AUTO STEPPER: retry step, dt = 0.00152166


===== beginning time step 21 : 1.08841 =====


Reforming stiffness matrix: reformation #1

 1

 *************************************************************************
 *                                ERROR                                  *
 * 4 negative jacobians detected.                                        *
 *************************************************************************


------- failed to converge at time : 1.08841

Retrying time step. Retry attempt 9 of max 20


AUTO STEPPER: retry step, dt = 0.00140461


===== beginning time step 21 : 1.08829 =====


Reforming stiffness matrix: reformation #1

 1

 *************************************************************************
 *                                ERROR                                  *
 * 2 negative jacobians detected.                                        *
 *************************************************************************


------- failed to converge at time : 1.08829

Retrying time step. Retry attempt 10 of max 20


AUTO STEPPER: retry step, dt = 0.00128756


===== beginning time step 21 : 1.08817 =====


Reforming stiffness matrix: reformation #1

 1

 *************************************************************************
 *                                ERROR                                  *
 * Negative jacobian detected.                                           *
 *************************************************************************


------- failed to converge at time : 1.08817

Retrying time step. Retry attempt 11 of max 20


AUTO STEPPER: retry step, dt = 0.00117051


===== beginning time step 21 : 1.08805 =====


Reforming stiffness matrix: reformation #1

 1
 Nonlinear solution status: time= 1.08805
	stiffness updates             = 0
	right hand side evaluations   = 2
	stiffness matrix reformations = 1
	step from line search         = 1.000000
	convergence norms :     INITIAL         CURRENT         REQUIRED
	   residual            1.356727e+03    8.291469e+01    0.000000e+00 
	   energy              1.268741e-01    5.922979e-03    1.268741e-03 
	   displacement        2.278549e-03    2.278549e-03    2.278549e-09 
 2

 *************************************************************************
 *                                ERROR                                  *
 * 620 negative jacobians detected.                                      *
 *************************************************************************


------- failed to converge at time : 1.08805

Retrying time step. Retry attempt 12 of max 20


AUTO STEPPER: retry step, dt = 0.00105346


===== beginning time step 21 : 1.08794 =====


Reforming stiffness matrix: reformation #1

 1
 Nonlinear solution status: time= 1.08794
	stiffness updates             = 0
	right hand side evaluations   = 2
	stiffness matrix reformations = 1
	step from line search         = 1.000000
	convergence norms :     INITIAL         CURRENT         REQUIRED
	   residual            1.099558e+03    3.667704e+00    0.000000e+00 
	   energy              1.075564e-01    1.872141e-03    1.075564e-03 
	   displacement        1.836390e-03    1.836390e-03    1.836390e-09 
 2

 *************************************************************************
 *                                ERROR                                  *
 * 91 negative jacobians detected.                                       *
 *************************************************************************


------- failed to converge at time : 1.08794

Retrying time step. Retry attempt 13 of max 20


AUTO STEPPER: retry step, dt = 0.000936407


===== beginning time step 21 : 1.08782 =====


Reforming stiffness matrix: reformation #1

 1
 Nonlinear solution status: time= 1.08782
	stiffness updates             = 0
	right hand side evaluations   = 2
	stiffness matrix reformations = 1
	step from line search         = 1.000000
	convergence norms :     INITIAL         CURRENT         REQUIRED
	   residual            8.695598e+02    1.189515e+00    0.000000e+00 
	   energy              9.025957e-02    1.509615e-03    9.025957e-04 
	   displacement        1.444745e-03    1.444745e-03    1.444745e-09 
 2

 *************************************************************************
 *                                ERROR                                  *
 * 23 negative jacobians detected.                                       *
 *************************************************************************


------- failed to converge at time : 1.08782

Retrying time step. Retry attempt 14 of max 20


AUTO STEPPER: retry step, dt = 0.000819356


===== beginning time step 21 : 1.0877 =====


Reforming stiffness matrix: reformation #1

 1
 Nonlinear solution status: time= 1.0877
	stiffness updates             = 0
	right hand side evaluations   = 2
	stiffness matrix reformations = 1
	step from line search         = 1.000000
	convergence norms :     INITIAL         CURRENT         REQUIRED
	   residual            6.667783e+02    6.045504e-01    0.000000e+00 
	   energy              7.498574e-02    1.430633e-03    7.498574e-04 
	   displacement        1.102026e-03    1.102026e-03    1.102026e-09 
 2

 *************************************************************************
 *                                ERROR                                  *
 * 15 negative jacobians detected.                                       *
 *************************************************************************


------- failed to converge at time : 1.0877

Retrying time step. Retry attempt 15 of max 20


AUTO STEPPER: retry step, dt = 0.000702306


===== beginning time step 21 : 1.08759 =====


Reforming stiffness matrix: reformation #1

 1
 Nonlinear solution status: time= 1.08759
	stiffness updates             = 0
	right hand side evaluations   = 2
	stiffness matrix reformations = 1
	step from line search         = 1.000000
	convergence norms :     INITIAL         CURRENT         REQUIRED
	   residual            4.913039e+02    3.833368e-01    0.000000e+00 
	   energy              6.173890e-02    1.447373e-03    6.173890e-04 
	   displacement        8.073216e-04    8.073216e-04    8.073216e-10 
 2

 *************************************************************************
 *                                ERROR                                  *
 * 5 negative jacobians detected.                                        *
 *************************************************************************


------- failed to converge at time : 1.08759

Retrying time step. Retry attempt 16 of max 20


AUTO STEPPER: retry step, dt = 0.000585255


===== beginning time step 21 : 1.08747 =====


Reforming stiffness matrix: reformation #1

 1
 Nonlinear solution status: time= 1.08747
	stiffness updates             = 0
	right hand side evaluations   = 2
	stiffness matrix reformations = 1
	step from line search         = 1.000000
	convergence norms :     INITIAL         CURRENT         REQUIRED
	   residual            3.433247e+02    3.235182e-01    0.000000e+00 
	   energy              5.052670e-02    1.522141e-03    5.052670e-04 
	   displacement        5.599972e-04    5.599972e-04    5.599972e-10 
 2

 *************************************************************************
 *                                ERROR                                  *
 * 4 negative jacobians detected.                                        *
 *************************************************************************


------- failed to converge at time : 1.08747

Retrying time step. Retry attempt 17 of max 20


AUTO STEPPER: retry step, dt = 0.000468204


===== beginning time step 21 : 1.08735 =====


Reforming stiffness matrix: reformation #1

 1
 Nonlinear solution status: time= 1.08735
	stiffness updates             = 0
	right hand side evaluations   = 2
	stiffness matrix reformations = 1
	step from line search         = 1.000000
	convergence norms :     INITIAL         CURRENT         REQUIRED
	   residual            2.232895e+02    3.912241e-01    0.000000e+00 
	   energy              4.136604e-02    1.656504e-03    4.136604e-04 
	   displacement        3.595007e-04    3.595007e-04    3.595007e-10 
 2
 Nonlinear solution status: time= 1.08735
	stiffness updates             = 1
	right hand side evaluations   = 4
	stiffness matrix reformations = 1
	step from line search         = 0.447849
	convergence norms :     INITIAL         CURRENT         REQUIRED
	   residual            2.232895e+02    1.390494e-01    0.000000e+00 
	   energy              4.136604e-02    5.917652e-05    4.136604e-04 
	   displacement        3.595007e-04    6.460139e-06    3.269962e-10 
 3

 *************************************************************************
 *                                ERROR                                  *
 * 4 negative jacobians detected.                                        *
 *************************************************************************


------- failed to converge at time : 1.08735

Retrying time step. Retry attempt 18 of max 20


AUTO STEPPER: retry step, dt = 0.000351153


===== beginning time step 21 : 1.08723 =====


Reforming stiffness matrix: reformation #1

 1
 Nonlinear solution status: time= 1.08723
	stiffness updates             = 0
	right hand side evaluations   = 2
	stiffness matrix reformations = 1
	step from line search         = 1.000000
	convergence norms :     INITIAL         CURRENT         REQUIRED
	   residual            1.325047e+02    6.386984e-01    0.000000e+00 
	   energy              3.430256e-02    1.898669e-03    3.430256e-04 
	   displacement        2.052626e-04    2.052626e-04    2.052626e-10 
 2
 Nonlinear solution status: time= 1.08723
	stiffness updates             = 1
	right hand side evaluations   = 3
	stiffness matrix reformations = 1
	step from line search         = 1.000000
	convergence norms :     INITIAL         CURRENT         REQUIRED
	   residual            1.325047e+02    1.872760e-01    0.000000e+00 
	   energy              3.430256e-02    2.258435e-04    3.430256e-04 
	   displacement        2.052626e-04    1.699417e-05    1.698555e-10 
 3

 *************************************************************************
 *                                ERROR                                  *
 * Negative jacobian detected.                                           *
 *************************************************************************


------- failed to converge at time : 1.08723

Retrying time step. Retry attempt 19 of max 20


AUTO STEPPER: retry step, dt = 0.000234102


===== beginning time step 21 : 1.08712 =====


Reforming stiffness matrix: reformation #1

 1
 Nonlinear solution status: time= 1.08712
	stiffness updates             = 0
	right hand side evaluations   = 2
	stiffness matrix reformations = 1
	step from line search         = 1.000000
	convergence norms :     INITIAL         CURRENT         REQUIRED
	   residual            7.624966e+01    1.396476e+00    0.000000e+00 
	   energy              2.950660e-02    2.459945e-03    2.950660e-04 
	   displacement        9.676874e-05    9.676874e-05    9.676874e-11 
 2
 Nonlinear solution status: time= 1.08712
	stiffness updates             = 1
	right hand side evaluations   = 3
	stiffness matrix reformations = 1
	step from line search         = 1.000000
	convergence norms :     INITIAL         CURRENT         REQUIRED
	   residual            7.624966e+01    2.869568e-01    0.000000e+00 
	   energy              2.950660e-02    2.189630e-04    2.950660e-04 
	   displacement        9.676874e-05    1.227347e-05    7.829161e-11 
 3
 Nonlinear solution status: time= 1.08712
	stiffness updates             = 2
	right hand side evaluations   = 4
	stiffness matrix reformations = 1
	step from line search         = 1.000000
	convergence norms :     INITIAL         CURRENT         REQUIRED
	   residual            7.624966e+01    7.709136e-03    0.000000e+00 
	   energy              2.950660e-02    7.131873e-06    2.950660e-04 
	   displacement        9.676874e-05    4.229400e-07    7.468675e-11 
 4
 Nonlinear solution status: time= 1.08712
	stiffness updates             = 3
	right hand side evaluations   = 5
	stiffness matrix reformations = 1
	step from line search         = 1.000000
	convergence norms :     INITIAL         CURRENT         REQUIRED
	   residual            7.624966e+01    1.364093e-03    0.000000e+00 
	   energy              2.950660e-02    6.186595e-07    2.950660e-04 
	   displacement        9.676874e-05    6.064675e-08    7.544363e-11 
 5
 Nonlinear solution status: time= 1.08712
	stiffness updates             = 4
	right hand side evaluations   = 6
	stiffness matrix reformations = 1
	step from line search         = 1.000000
	convergence norms :     INITIAL         CURRENT         REQUIRED
	   residual            7.624966e+01    6.742156e-05    0.000000e+00 
	   energy              2.950660e-02    1.503038e-07    2.950660e-04 
	   displacement        9.676874e-05    4.391501e-09    7.595021e-11 
 6
 Nonlinear solution status: time= 1.08712
	stiffness updates             = 5
	right hand side evaluations   = 7
	stiffness matrix reformations = 1
	step from line search         = 1.000000
	convergence norms :     INITIAL         CURRENT         REQUIRED
	   residual            7.624966e+01    1.329288e-05    0.000000e+00 
	   energy              2.950660e-02    1.504958e-08    2.950660e-04 
	   displacement        9.676874e-05    1.109637e-09    7.602837e-11 
 7
 Nonlinear solution status: time= 1.08712
	stiffness updates             = 6
	right hand side evaluations   = 8
	stiffness matrix reformations = 1
	step from line search         = 1.000000
	convergence norms :     INITIAL         CURRENT         REQUIRED
	   residual            7.624966e+01    3.452860e-06    0.000000e+00 
	   energy              2.950660e-02    3.050503e-09    2.950660e-04 
	   displacement        9.676874e-05    1.512385e-10    7.601300e-11 
 8
 Nonlinear solution status: time= 1.08712
	stiffness updates             = 7
	right hand side evaluations   = 9
	stiffness matrix reformations = 1
	step from line search         = 1.000000
	convergence norms :     INITIAL         CURRENT         REQUIRED
	   residual            7.624966e+01    2.353971e-07    0.000000e+00 
	   energy              2.950660e-02    4.012281e-10    2.950660e-04 
	   displacement        9.676874e-05    1.755702e-11    7.600269e-11 

convergence summary
    number of iterations   : 8
    number of reformations : 1

------- converged at time : 1.08712


AUTO STEPPER: increasing time step, dt = 0.00117051


===== beginning time step 22 : 1.08829 =====


Reforming stiffness matrix: reformation #1

 1

 *************************************************************************
 *                                ERROR                                  *
 * Negative jacobian detected.                                           *
 *************************************************************************


------- failed to converge at time : 1.08829

Retrying time step. Retry attempt 1 of max 20


AUTO STEPPER: retry step, dt = 0.00111477


===== beginning time step 22 : 1.08823 =====


Reforming stiffness matrix: reformation #1

 1

 *************************************************************************
 *                                ERROR                                  *
 * Negative jacobian detected.                                           *
 *************************************************************************


------- failed to converge at time : 1.08823

Retrying time step. Retry attempt 2 of max 20


AUTO STEPPER: retry step, dt = 0.00105903


===== beginning time step 22 : 1.08818 =====


Reforming stiffness matrix: reformation #1

 1
 Nonlinear solution status: time= 1.08818
	stiffness updates             = 0
	right hand side evaluations   = 2
	stiffness matrix reformations = 1
	step from line search         = 1.000000
	convergence norms :     INITIAL         CURRENT         REQUIRED
	   residual            1.105638e+03    4.526929e+01    0.000000e+00 
	   energy              1.088267e-01    4.411514e-03    1.088267e-03 
	   displacement        1.884186e-03    1.884186e-03    1.884186e-09 
 2

 *************************************************************************
 *                                ERROR                                  *
 * 247 negative jacobians detected.                                      *
 *************************************************************************


------- failed to converge at time : 1.08818

Retrying time step. Retry attempt 3 of max 20


AUTO STEPPER: retry step, dt = 0.00100329


===== beginning time step 22 : 1.08812 =====


Reforming stiffness matrix: reformation #1

 1
 Nonlinear solution status: time= 1.08812
	stiffness updates             = 0
	right hand side evaluations   = 2
	stiffness matrix reformations = 1
	step from line search         = 1.000000
	convergence norms :     INITIAL         CURRENT         REQUIRED
	   residual            9.926838e+02    7.878286e+00    0.000000e+00 
	   energy              1.002891e-01    2.336529e-03    1.002891e-03 
	   displacement        1.686448e-03    1.686448e-03    1.686448e-09 
 2

 *************************************************************************
 *                                ERROR                                  *
 * 159 negative jacobians detected.                                      *
 *************************************************************************


------- failed to converge at time : 1.08812

Retrying time step. Retry attempt 4 of max 20


AUTO STEPPER: retry step, dt = 0.000947555


===== beginning time step 22 : 1.08807 =====


Reforming stiffness matrix: reformation #1

 1
 Nonlinear solution status: time= 1.08807
	stiffness updates             = 0
	right hand side evaluations   = 2
	stiffness matrix reformations = 1
	step from line search         = 1.000000
	convergence norms :     INITIAL         CURRENT         REQUIRED
	   residual            8.858630e+02    3.038290e+00    0.000000e+00 
	   energy              9.221014e-02    1.826634e-03    9.221014e-04 
	   displacement        1.500661e-03    1.500661e-03    1.500661e-09 
 2

 *************************************************************************
 *                                ERROR                                  *
 * 83 negative jacobians detected.                                       *
 *************************************************************************


------- failed to converge at time : 1.08807

Retrying time step. Retry attempt 5 of max 20


AUTO STEPPER: retry step, dt = 0.000891817


===== beginning time step 22 : 1.08801 =====


Reforming stiffness matrix: reformation #1

 1
 Nonlinear solution status: time= 1.08801
	stiffness updates             = 0
	right hand side evaluations   = 2
	stiffness matrix reformations = 1
	step from line search         = 1.000000
	convergence norms :     INITIAL         CURRENT         REQUIRED
	   residual            7.851814e+02    1.637254e+00    0.000000e+00 
	   energy              8.458992e-02    1.624189e-03    8.458992e-04 
	   displacement        1.326460e-03    1.326460e-03    1.326460e-09 
 2

 *************************************************************************
 *                                ERROR                                  *
 * 33 negative jacobians detected.                                       *
 *************************************************************************


------- failed to converge at time : 1.08801

Retrying time step. Retry attempt 6 of max 20


AUTO STEPPER: retry step, dt = 0.000836078


===== beginning time step 22 : 1.08795 =====


Reforming stiffness matrix: reformation #1

 1
 Nonlinear solution status: time= 1.08795
	stiffness updates             = 0
	right hand side evaluations   = 2
	stiffness matrix reformations = 1
	step from line search         = 1.000000
	convergence norms :     INITIAL         CURRENT         REQUIRED
	   residual            6.906463e+02    1.052538e+00    0.000000e+00 
	   energy              7.742879e-02    1.531925e-03    7.742879e-04 
	   displacement        1.163603e-03    1.163603e-03    1.163603e-09 
 2

 *************************************************************************
 *                                ERROR                                  *
 * 22 negative jacobians detected.                                       *
 *************************************************************************


------- failed to converge at time : 1.08795

Retrying time step. Retry attempt 7 of max 20


AUTO STEPPER: retry step, dt = 0.00078034


===== beginning time step 22 : 1.0879 =====


Reforming stiffness matrix: reformation #1

 1
 Nonlinear solution status: time= 1.0879
	stiffness updates             = 0
	right hand side evaluations   = 2
	stiffness matrix reformations = 1
	step from line search         = 1.000000
	convergence norms :     INITIAL         CURRENT         REQUIRED
	   residual            6.022678e+02    7.477371e-01    0.000000e+00 
	   energy              7.072718e-02    1.492297e-03    7.072718e-04 
	   displacement        1.011921e-03    1.011921e-03    1.011921e-09 
 2

 *************************************************************************
 *                                ERROR                                  *
 * 16 negative jacobians detected.                                       *
 *************************************************************************


------- failed to converge at time : 1.0879

Retrying time step. Retry attempt 8 of max 20


AUTO STEPPER: retry step, dt = 0.000724601


===== beginning time step 22 : 1.08784 =====


Reforming stiffness matrix: reformation #1

 1
 Nonlinear solution status: time= 1.08784
	stiffness updates             = 0
	right hand side evaluations   = 2
	stiffness matrix reformations = 1
	step from line search         = 1.000000
	convergence norms :     INITIAL         CURRENT         REQUIRED
	   residual            5.200602e+02    5.676876e-01    0.000000e+00 
	   energy              6.448570e-02    1.483494e-03    6.448570e-04 
	   displacement        8.712897e-04    8.712897e-04    8.712897e-10 
 2

 *************************************************************************
 *                                ERROR                                  *
 * 10 negative jacobians detected.                                       *
 *************************************************************************


------- failed to converge at time : 1.08784

Retrying time step. Retry attempt 9 of max 20


AUTO STEPPER: retry step, dt = 0.000668862


===== beginning time step 22 : 1.08779 =====


Reforming stiffness matrix: reformation #1

 1
 Nonlinear solution status: time= 1.08779
	stiffness updates             = 0
	right hand side evaluations   = 2
	stiffness matrix reformations = 1
	step from line search         = 1.000000
	convergence norms :     INITIAL         CURRENT         REQUIRED
	   residual            4.440436e+02    4.579283e-01    0.000000e+00 
	   energy              5.870516e-02    1.495957e-03    5.870516e-04 
	   displacement        7.416133e-04    7.416133e-04    7.416133e-10 
 2

 *************************************************************************
 *                                ERROR                                  *
 * 8 negative jacobians detected.                                        *
 *************************************************************************


------- failed to converge at time : 1.08779

Retrying time step. Retry attempt 10 of max 20


AUTO STEPPER: retry step, dt = 0.000613124


===== beginning time step 22 : 1.08773 =====


Reforming stiffness matrix: reformation #1

 1
 Nonlinear solution status: time= 1.08773
	stiffness updates             = 0
	right hand side evaluations   = 2
	stiffness matrix reformations = 1
	step from line search         = 1.000000
	convergence norms :     INITIAL         CURRENT         REQUIRED
	   residual            3.742481e+02    3.967667e-01    0.000000e+00 
	   energy              5.338674e-02    1.525319e-03    5.338674e-04 
	   displacement        6.228110e-04    6.228110e-04    6.228110e-10 
 2

 *************************************************************************
 *                                ERROR                                  *
 * 5 negative jacobians detected.                                        *
 *************************************************************************


------- failed to converge at time : 1.08773

Retrying time step. Retry attempt 11 of max 20


AUTO STEPPER: retry step, dt = 0.000557385


===== beginning time step 22 : 1.08768 =====


Reforming stiffness matrix: reformation #1

 1
 Nonlinear solution status: time= 1.08768
	stiffness updates             = 0
	right hand side evaluations   = 2
	stiffness matrix reformations = 1
	step from line search         = 1.000000
	convergence norms :     INITIAL         CURRENT         REQUIRED
	   residual            3.107190e+02    3.749718e-01    0.000000e+00 
	   energy              4.853216e-02    1.570080e-03    4.853216e-04 
	   displacement        5.148113e-04    5.148113e-04    5.148113e-10 
 2

 *************************************************************************
 *                                ERROR                                  *
 * 4 negative jacobians detected.                                        *
 *************************************************************************


------- failed to converge at time : 1.08768

Retrying time step. Retry attempt 12 of max 20


AUTO STEPPER: retry step, dt = 0.000501647


===== beginning time step 22 : 1.08762 =====


Reforming stiffness matrix: reformation #1

 1
 Nonlinear solution status: time= 1.08762
	stiffness updates             = 0
	right hand side evaluations   = 2
	stiffness matrix reformations = 1
	step from line search         = 1.000000
	convergence norms :     INITIAL         CURRENT         REQUIRED
	   residual            2.535284e+02    3.894686e-01    0.000000e+00 
	   energy              4.414405e-02    1.631077e-03    4.414405e-04 
	   displacement        4.175467e-04    4.175467e-04    4.175467e-10 
 2

 *************************************************************************
 *                                ERROR                                  *
 * 2 negative jacobians detected.                                        *
 *************************************************************************


------- failed to converge at time : 1.08762

Retrying time step. Retry attempt 13 of max 20


AUTO STEPPER: retry step, dt = 0.000445908


===== beginning time step 22 : 1.08756 =====


Reforming stiffness matrix: reformation #1

 1
 Nonlinear solution status: time= 1.08756
	stiffness updates             = 0
	right hand side evaluations   = 2
	stiffness matrix reformations = 1
	step from line search         = 1.000000
	convergence norms :     INITIAL         CURRENT         REQUIRED
	   residual            2.027957e+02    4.423576e-01    0.000000e+00 
	   energy              4.022666e-02    1.711935e-03    4.022666e-04 
	   displacement        3.309505e-04    3.309505e-04    3.309505e-10 
 2
 Nonlinear solution status: time= 1.08756
	stiffness updates             = 1
	right hand side evaluations   = 4
	stiffness matrix reformations = 1
	step from line search         = 0.328038
	convergence norms :     INITIAL         CURRENT         REQUIRED
	   residual            2.027957e+02    1.634904e-01    0.000000e+00 
	   energy              4.022666e-02    1.207217e-04    4.022666e-04 
	   displacement        3.309505e-04    3.680564e-06    3.078216e-10 
 3

 *************************************************************************
 *                                ERROR                                  *
 * 4 negative jacobians detected.                                        *
 *************************************************************************


------- failed to converge at time : 1.08756

Retrying time step. Retry attempt 14 of max 20


AUTO STEPPER: retry step, dt = 0.00039017


===== beginning time step 22 : 1.08751 =====


Reforming stiffness matrix: reformation #1

 1
 Nonlinear solution status: time= 1.08751
	stiffness updates             = 0
	right hand side evaluations   = 2
	stiffness matrix reformations = 1
	step from line search         = 1.000000
	convergence norms :     INITIAL         CURRENT         REQUIRED
	   residual            1.587314e+02    5.430801e-01    0.000000e+00 
	   energy              3.678717e-02    1.820613e-03    3.678717e-04 
	   displacement        2.549553e-04    2.549553e-04    2.549553e-10 
 2
 Nonlinear solution status: time= 1.08751
	stiffness updates             = 1
	right hand side evaluations   = 3
	stiffness matrix reformations = 1
	step from line search         = 1.000000
	convergence norms :     INITIAL         CURRENT         REQUIRED
	   residual            1.587314e+02    7.516696e-01    0.000000e+00 
	   energy              3.678717e-02    5.634777e-04    3.678717e-04 
	   displacement        2.549553e-04    2.205560e-05    2.131433e-10 
 3

 *************************************************************************
 *                                ERROR                                  *
 * 5 negative jacobians detected.                                        *
 *************************************************************************


------- failed to converge at time : 1.08751

Retrying time step. Retry attempt 15 of max 20


AUTO STEPPER: retry step, dt = 0.000334431


===== beginning time step 22 : 1.08745 =====


Reforming stiffness matrix: reformation #1

 1
 Nonlinear solution status: time= 1.08745
	stiffness updates             = 0
	right hand side evaluations   = 2
	stiffness matrix reformations = 1
	step from line search         = 1.000000
	convergence norms :     INITIAL         CURRENT         REQUIRED
	   residual            1.217343e+02    7.146823e-01    0.000000e+00 
	   energy              3.383882e-02    1.973078e-03    3.383882e-04 
	   displacement        1.894959e-04    1.894959e-04    1.894959e-10 
 2
 Nonlinear solution status: time= 1.08745
	stiffness updates             = 1
	right hand side evaluations   = 3
	stiffness matrix reformations = 1
	step from line search         = 1.000000
	convergence norms :     INITIAL         CURRENT         REQUIRED
	   residual            1.217343e+02    2.141315e-01    0.000000e+00 
	   energy              3.383882e-02    2.548009e-04    3.383882e-04 
	   displacement        1.894959e-04    1.678966e-05    1.567705e-10 
 3

 *************************************************************************
 *                                ERROR                                  *
 * Negative jacobian detected.                                           *
 *************************************************************************


------- failed to converge at time : 1.08745

Retrying time step. Retry attempt 16 of max 20


AUTO STEPPER: retry step, dt = 0.000278693


===== beginning time step 22 : 1.0874 =====


Reforming stiffness matrix: reformation #1

 1
 Nonlinear solution status: time= 1.0874
	stiffness updates             = 0
	right hand side evaluations   = 2
	stiffness matrix reformations = 1
	step from line search         = 1.000000
	convergence norms :     INITIAL         CURRENT         REQUIRED
	   residual            9.263836e+01    1.009924e+00    0.000000e+00 
	   energy              3.140823e-02    2.202502e-03    3.140823e-04 
	   displacement        1.345207e-04    1.345207e-04    1.345207e-10 
 2
 Nonlinear solution status: time= 1.0874
	stiffness updates             = 1
	right hand side evaluations   = 3
	stiffness matrix reformations = 1
	step from line search         = 1.000000
	convergence norms :     INITIAL         CURRENT         REQUIRED
	   residual            9.263836e+01    2.286798e-01    0.000000e+00 
	   energy              3.140823e-02    2.197551e-04    3.140823e-04 
	   displacement        1.345207e-04    1.394835e-05    1.102763e-10 
 3
 Nonlinear solution status: time= 1.0874
	stiffness updates             = 2
	right hand side evaluations   = 4
	stiffness matrix reformations = 1
	step from line search         = 1.000000
	convergence norms :     INITIAL         CURRENT         REQUIRED
	   residual            9.263836e+01    1.374748e-02    0.000000e+00 
	   energy              3.140823e-02    7.684682e-06    3.140823e-04 
	   displacement        1.345207e-04    6.023798e-07    1.077019e-10 
 4
 Nonlinear solution status: time= 1.0874
	stiffness updates             = 3
	right hand side evaluations   = 5
	stiffness matrix reformations = 1
	step from line search         = 1.000000
	convergence norms :     INITIAL         CURRENT         REQUIRED
	   residual            9.263836e+01    6.846903e-03    0.000000e+00 
	   energy              3.140823e-02    1.916849e-06    3.140823e-04 
	   displacement        1.345207e-04    7.707951e-08    1.088884e-10 
 5
 Nonlinear solution status: time= 1.0874
	stiffness updates             = 4
	right hand side evaluations   = 6
	stiffness matrix reformations = 1
	step from line search         = 1.000000
	convergence norms :     INITIAL         CURRENT         REQUIRED
	   residual            9.263836e+01    7.468286e-04    0.000000e+00 
	   energy              3.140823e-02    1.253688e-06    3.140823e-04 
	   displacement        1.345207e-04    1.122795e-07    1.094457e-10 
 6
 Nonlinear solution status: time= 1.0874
	stiffness updates             = 5
	right hand side evaluations   = 7
	stiffness matrix reformations = 1
	step from line search         = 1.000000
	convergence norms :     INITIAL         CURRENT         REQUIRED
	   residual            9.263836e+01    7.008172e-04    0.000000e+00 
	   energy              3.140823e-02    4.560078e-08    3.140823e-04 
	   displacement        1.345207e-04    1.562386e-08    1.092923e-10 
 7
 Nonlinear solution status: time= 1.0874
	stiffness updates             = 6
	right hand side evaluations   = 8
	stiffness matrix reformations = 1
	step from line search         = 1.000000
	convergence norms :     INITIAL         CURRENT         REQUIRED
	   residual            9.263836e+01    2.855144e-05    0.000000e+00 
	   energy              3.140823e-02    3.773185e-08    3.140823e-04 
	   displacement        1.345207e-04    3.426297e-09    1.092518e-10 
 8
 Nonlinear solution status: time= 1.0874
	stiffness updates             = 7
	right hand side evaluations   = 9
	stiffness matrix reformations = 1
	step from line search         = 1.000000
	convergence norms :     INITIAL         CURRENT         REQUIRED
	   residual            9.263836e+01    4.534133e-05    0.000000e+00 
	   energy              3.140823e-02    1.106489e-08    3.140823e-04 
	   displacement        1.345207e-04    1.775226e-09    1.093053e-10 
 9
 Nonlinear solution status: time= 1.0874
	stiffness updates             = 8
	right hand side evaluations   = 10
	stiffness matrix reformations = 1
	step from line search         = 1.000000
	convergence norms :     INITIAL         CURRENT         REQUIRED
	   residual            9.263836e+01    1.052111e-06    0.000000e+00 
	   energy              3.140823e-02    3.191392e-10    3.140823e-04 
	   displacement        1.345207e-04    1.050610e-10    1.093137e-10 

convergence summary
    number of iterations   : 9
    number of reformations : 1

------- converged at time : 1.0874


AUTO STEPPER: increasing time step, dt = 0.00130469


===== beginning time step 23 : 1.0887 =====


Reforming stiffness matrix: reformation #1

 1

 *************************************************************************
 *                                ERROR                                  *
 * 8 negative jacobians detected.                                        *
 *************************************************************************


------- failed to converge at time : 1.0887

Retrying time step. Retry attempt 1 of max 20


AUTO STEPPER: retry step, dt = 0.00124257


===== beginning time step 23 : 1.08864 =====


Reforming stiffness matrix: reformation #1

 1

 *************************************************************************
 *                                ERROR                                  *
 * 12 negative jacobians detected.                                       *
 *************************************************************************


------- failed to converge at time : 1.08864

Retrying time step. Retry attempt 2 of max 20


AUTO STEPPER: retry step, dt = 0.00118044


===== beginning time step 23 : 1.08858 =====


Reforming stiffness matrix: reformation #1

 1

 *************************************************************************
 *                                ERROR                                  *
 * 15 negative jacobians detected.                                       *
 *************************************************************************


------- failed to converge at time : 1.08858

Retrying time step. Retry attempt 3 of max 20


AUTO STEPPER: retry step, dt = 0.00111831


===== beginning time step 23 : 1.08851 =====


Reforming stiffness matrix: reformation #1

 1

 *************************************************************************
 *                                ERROR                                  *
 * 4 negative jacobians detected.                                        *
 *************************************************************************


------- failed to converge at time : 1.08851

Retrying time step. Retry attempt 4 of max 20


AUTO STEPPER: retry step, dt = 0.00105618


===== beginning time step 23 : 1.08845 =====


Reforming stiffness matrix: reformation #1

 1

 *************************************************************************
 *                                ERROR                                  *
 * 3 negative jacobians detected.                                        *
 *************************************************************************


------- failed to converge at time : 1.08845

Retrying time step. Retry attempt 5 of max 20


AUTO STEPPER: retry step, dt = 0.000994053


===== beginning time step 23 : 1.08839 =====


Reforming stiffness matrix: reformation #1

 1

 *************************************************************************
 *                                ERROR                                  *
 * 2 negative jacobians detected.                                        *
 *************************************************************************


------- failed to converge at time : 1.08839

Retrying time step. Retry attempt 6 of max 20


AUTO STEPPER: retry step, dt = 0.000931925


===== beginning time step 23 : 1.08833 =====


Reforming stiffness matrix: reformation #1

 1

 *************************************************************************
 *                                ERROR                                  *
 * Negative jacobian detected.                                           *
 *************************************************************************


------- failed to converge at time : 1.08833

Retrying time step. Retry attempt 7 of max 20


AUTO STEPPER: retry step, dt = 0.000869797


===== beginning time step 23 : 1.08827 =====


Reforming stiffness matrix: reformation #1

 1

 *************************************************************************
 *                                ERROR                                  *
 * Negative jacobian detected.                                           *
 *************************************************************************


------- failed to converge at time : 1.08827

Retrying time step. Retry attempt 8 of max 20


AUTO STEPPER: retry step, dt = 0.000807668


===== beginning time step 23 : 1.0882 =====


Reforming stiffness matrix: reformation #1

 1
 Nonlinear solution status: time= 1.0882
	stiffness updates             = 0
	right hand side evaluations   = 2
	stiffness matrix reformations = 1
	step from line search         = 1.000000
	convergence norms :     INITIAL         CURRENT         REQUIRED
	   residual            6.418295e+02    5.932643e+00    0.000000e+00 
	   energy              7.438515e-02    2.267379e-03    7.438515e-04 
	   displacement        1.105487e-03    1.105487e-03    1.105487e-09 
 2

 *************************************************************************
 *                                ERROR                                  *
 * 116 negative jacobians detected.                                      *
 *************************************************************************


------- failed to converge at time : 1.0882

Retrying time step. Retry attempt 9 of max 20


AUTO STEPPER: retry step, dt = 0.00074554


===== beginning time step 23 : 1.08814 =====


Reforming stiffness matrix: reformation #1

 1
 Nonlinear solution status: time= 1.08814
	stiffness updates             = 0
	right hand side evaluations   = 2
	stiffness matrix reformations = 1
	step from line search         = 1.000000
	convergence norms :     INITIAL         CURRENT         REQUIRED
	   residual            5.476714e+02    1.959767e+00    0.000000e+00 
	   energy              6.720452e-02    1.771610e-03    6.720452e-04 
	   displacement        9.392662e-04    9.392662e-04    9.392662e-10 
 2

 *************************************************************************
 *                                ERROR                                  *
 * 41 negative jacobians detected.                                       *
 *************************************************************************


------- failed to converge at time : 1.08814

Retrying time step. Retry attempt 10 of max 20


AUTO STEPPER: retry step, dt = 0.000683412


===== beginning time step 23 : 1.08808 =====


Reforming stiffness matrix: reformation #1

 1
 Nonlinear solution status: time= 1.08808
	stiffness updates             = 0
	right hand side evaluations   = 2
	stiffness matrix reformations = 1
	step from line search         = 1.000000
	convergence norms :     INITIAL         CURRENT         REQUIRED
	   residual            4.611604e+02    1.068789e+00    0.000000e+00 
	   energy              6.059640e-02    1.633298e-03    6.059640e-04 
	   displacement        7.876645e-04    7.876645e-04    7.876645e-10 
 2

 *************************************************************************
 *                                ERROR                                  *
 * 20 negative jacobians detected.                                       *
 *************************************************************************


------- failed to converge at time : 1.08808

Retrying time step. Retry attempt 11 of max 20


AUTO STEPPER: retry step, dt = 0.000621283


===== beginning time step 23 : 1.08802 =====


Reforming stiffness matrix: reformation #1

 1
 Nonlinear solution status: time= 1.08802
	stiffness updates             = 0
	right hand side evaluations   = 2
	stiffness matrix reformations = 1
	step from line search         = 1.000000
	convergence norms :     INITIAL         CURRENT         REQUIRED
	   residual            3.823339e+02    7.233508e-01    0.000000e+00 
	   energy              5.456221e-02    1.599921e-03    5.456221e-04 
	   displacement        6.502003e-04    6.502003e-04    6.502003e-10 
 2

 *************************************************************************
 *                                ERROR                                  *
 * 12 negative jacobians detected.                                       *
 *************************************************************************


------- failed to converge at time : 1.08802

Retrying time step. Retry attempt 12 of max 20


AUTO STEPPER: retry step, dt = 0.000559155


===== beginning time step 23 : 1.08796 =====


Reforming stiffness matrix: reformation #1

 1
 Nonlinear solution status: time= 1.08796
	stiffness updates             = 0
	right hand side evaluations   = 2
	stiffness matrix reformations = 1
	step from line search         = 1.000000
	convergence norms :     INITIAL         CURRENT         REQUIRED
	   residual            3.112509e+02    5.617588e-01    0.000000e+00 
	   energy              4.910414e-02    1.617913e-03    4.910414e-04 
	   displacement        5.265894e-04    5.265894e-04    5.265894e-10 
 2

 *************************************************************************
 *                                ERROR                                  *
 * 9 negative jacobians detected.                                        *
 *************************************************************************


------- failed to converge at time : 1.08796

Retrying time step. Retry attempt 13 of max 20


AUTO STEPPER: retry step, dt = 0.000497027


===== beginning time step 23 : 1.08789 =====


Reforming stiffness matrix: reformation #1

 1
 Nonlinear solution status: time= 1.08789
	stiffness updates             = 0
	right hand side evaluations   = 2
	stiffness matrix reformations = 1
	step from line search         = 1.000000
	convergence norms :     INITIAL         CURRENT         REQUIRED
	   residual            2.480092e+02    5.013692e-01    0.000000e+00 
	   energy              4.422578e-02    1.671779e-03    4.422578e-04 
	   displacement        4.166407e-04    4.166407e-04    4.166407e-10 
 2

 *************************************************************************
 *                                ERROR                                  *
 * 5 negative jacobians detected.                                        *
 *************************************************************************


------- failed to converge at time : 1.08789

Retrying time step. Retry attempt 14 of max 20


AUTO STEPPER: retry step, dt = 0.000434898


===== beginning time step 23 : 1.08783 =====


Reforming stiffness matrix: reformation #1

 1
 Nonlinear solution status: time= 1.08783
	stiffness updates             = 0
	right hand side evaluations   = 2
	stiffness matrix reformations = 1
	step from line search         = 1.000000
	convergence norms :     INITIAL         CURRENT         REQUIRED
	   residual            1.927813e+02    5.212503e-01    0.000000e+00 
	   energy              3.993317e-02    1.759630e-03    3.993317e-04 
	   displacement        3.202079e-04    3.202079e-04    3.202079e-10 
 2

 *************************************************************************
 *                                ERROR                                  *
 * 2 negative jacobians detected.                                        *
 *************************************************************************


------- failed to converge at time : 1.08783

Retrying time step. Retry attempt 15 of max 20


AUTO STEPPER: retry step, dt = 0.00037277


===== beginning time step 23 : 1.08777 =====


Reforming stiffness matrix: reformation #1

 1
 Nonlinear solution status: time= 1.08777
	stiffness updates             = 0
	right hand side evaluations   = 2
	stiffness matrix reformations = 1
	step from line search         = 1.000000
	convergence norms :     INITIAL         CURRENT         REQUIRED
	   residual            1.458939e+02    6.255854e-01    0.000000e+00 
	   energy              3.623741e-02    1.890117e-03    3.623741e-04 
	   displacement        2.371678e-04    2.371678e-04    2.371678e-10 
 2
 Nonlinear solution status: time= 1.08777
	stiffness updates             = 1
	right hand side evaluations   = 4
	stiffness matrix reformations = 1
	step from line search         = 0.387178
	convergence norms :     INITIAL         CURRENT         REQUIRED
	   residual            1.458939e+02    1.989532e-01    0.000000e+00 
	   energy              3.623741e-02    1.574561e-04    3.623741e-04 
	   displacement        2.371678e-04    4.059163e-06    2.172909e-10 
 3

 *************************************************************************
 *                                ERROR                                  *
 * 3 negative jacobians detected.                                        *
 *************************************************************************


------- failed to converge at time : 1.08777

Retrying time step. Retry attempt 16 of max 20


AUTO STEPPER: retry step, dt = 0.000310642


===== beginning time step 23 : 1.08771 =====


Reforming stiffness matrix: reformation #1

 1
 Nonlinear solution status: time= 1.08771
	stiffness updates             = 0
	right hand side evaluations   = 2
	stiffness matrix reformations = 1
	step from line search         = 1.000000
	convergence norms :     INITIAL         CURRENT         REQUIRED
	   residual            1.080303e+02    8.478474e-01    0.000000e+00 
	   energy              3.316084e-02    2.088313e-03    3.316084e-04 
	   displacement        1.674157e-04    1.674157e-04    1.674157e-10 
 2
 Nonlinear solution status: time= 1.08771
	stiffness updates             = 1
	right hand side evaluations   = 3
	stiffness matrix reformations = 1
	step from line search         = 1.000000
	convergence norms :     INITIAL         CURRENT         REQUIRED
	   residual            1.080303e+02    3.804697e-01    0.000000e+00 
	   energy              3.316084e-02    3.660784e-04    3.316084e-04 
	   displacement        1.674157e-04    1.698827e-05    1.386922e-10 
 3

 *************************************************************************
 *                                ERROR                                  *
 * 2 negative jacobians detected.                                        *
 *************************************************************************


------- failed to converge at time : 1.08771

Retrying time step. Retry attempt 17 of max 20


AUTO STEPPER: retry step, dt = 0.000248513


===== beginning time step 23 : 1.08765 =====


Reforming stiffness matrix: reformation #1

 1
 Nonlinear solution status: time= 1.08765
	stiffness updates             = 0
	right hand side evaluations   = 2
	stiffness matrix reformations = 1
	step from line search         = 1.000000
	convergence norms :     INITIAL         CURRENT         REQUIRED
	   residual            8.082353e+01    1.287793e+00    0.000000e+00 
	   energy              3.075460e-02    2.416924e-03    3.075460e-04 
	   displacement        1.108901e-04    1.108901e-04    1.108901e-10 
 2
 Nonlinear solution status: time= 1.08765
	stiffness updates             = 1
	right hand side evaluations   = 3
	stiffness matrix reformations = 1
	step from line search         = 1.000000
	convergence norms :     INITIAL         CURRENT         REQUIRED
	   residual            8.082353e+01    2.671834e-01    0.000000e+00 
	   energy              3.075460e-02    2.314041e-04    3.075460e-04 
	   displacement        1.108901e-04    1.332613e-05    9.021749e-11 
 3
 Nonlinear solution status: time= 1.08765
	stiffness updates             = 2
	right hand side evaluations   = 4
	stiffness matrix reformations = 1
	step from line search         = 1.000000
	convergence norms :     INITIAL         CURRENT         REQUIRED
	   residual            8.082353e+01    1.022279e-02    0.000000e+00 
	   energy              3.075460e-02    8.280312e-06    3.075460e-04 
	   displacement        1.108901e-04    8.323465e-07    8.689012e-11 
 4
 Nonlinear solution status: time= 1.08765
	stiffness updates             = 3
	right hand side evaluations   = 5
	stiffness matrix reformations = 1
	step from line search         = 1.000000
	convergence norms :     INITIAL         CURRENT         REQUIRED
	   residual            8.082353e+01    1.242522e-02    0.000000e+00 
	   energy              3.075460e-02    1.879913e-06    3.075460e-04 
	   displacement        1.108901e-04    7.008306e-08    8.790095e-11 
 5
 Nonlinear solution status: time= 1.08765
	stiffness updates             = 4
	right hand side evaluations   = 7
	stiffness matrix reformations = 1
	step from line search         = 0.580267
	convergence norms :     INITIAL         CURRENT         REQUIRED
	   residual            8.082353e+01    1.549279e-02    0.000000e+00 
	   energy              3.075460e-02    3.948867e-06    3.075460e-04 
	   displacement        1.108901e-04    1.595479e-07    8.847900e-11 
 6
 Nonlinear solution status: time= 1.08765
	stiffness updates             = 5
	right hand side evaluations   = 8
	stiffness matrix reformations = 1
	step from line search         = 1.000000
	convergence norms :     INITIAL         CURRENT         REQUIRED
	   residual            8.082353e+01    2.161615e-03    0.000000e+00 
	   energy              3.075460e-02    7.689514e-07    3.075460e-04 
	   displacement        1.108901e-04    1.734502e-08    8.831282e-11 
 7
 Nonlinear solution status: time= 1.08765
	stiffness updates             = 6
	right hand side evaluations   = 9
	stiffness matrix reformations = 1
	step from line search         = 1.000000
	convergence norms :     INITIAL         CURRENT         REQUIRED
	   residual            8.082353e+01    1.479322e-04    0.000000e+00 
	   energy              3.075460e-02    4.205799e-08    3.075460e-04 
	   displacement        1.108901e-04    2.599998e-09    8.817756e-11 
 8
 Nonlinear solution status: time= 1.08765
	stiffness updates             = 7
	right hand side evaluations   = 10
	stiffness matrix reformations = 1
	step from line search         = 1.000000
	convergence norms :     INITIAL         CURRENT         REQUIRED
	   residual            8.082353e+01    1.138987e-05    0.000000e+00 
	   energy              3.075460e-02    1.934406e-08    3.075460e-04 
	   displacement        1.108901e-04    8.786982e-10    8.818285e-11 
 9
 Nonlinear solution status: time= 1.08765
	stiffness updates             = 8
	right hand side evaluations   = 11
	stiffness matrix reformations = 1
	step from line search         = 1.000000
	convergence norms :     INITIAL         CURRENT         REQUIRED
	   residual            8.082353e+01    2.945880e-05    0.000000e+00 
	   energy              3.075460e-02    1.484833e-09    3.075460e-04 
	   displacement        1.108901e-04    1.138997e-09    8.822002e-11 
 10
 Nonlinear solution status: time= 1.08765
	stiffness updates             = 9
	right hand side evaluations   = 12
	stiffness matrix reformations = 1
	step from line search         = 1.000000
	convergence norms :     INITIAL         CURRENT         REQUIRED
	   residual            8.082353e+01    3.481280e-06    0.000000e+00 
	   energy              3.075460e-02    1.369256e-09    3.075460e-04 
	   displacement        1.108901e-04    5.035313e-11    8.823426e-11 

convergence summary
    number of iterations   : 10
    number of reformations : 1

------- converged at time : 1.08765


AUTO STEPPER: increasing time step, dt = 0.000724472


===== beginning time step 24 : 1.08837 =====


Reforming stiffness matrix: reformation #1

 1
 Nonlinear solution status: time= 1.08837
	stiffness updates             = 0
	right hand side evaluations   = 2
	stiffness matrix reformations = 1
	step from line search         = 1.000000
	convergence norms :     INITIAL         CURRENT         REQUIRED
	   residual            5.157989e+02    6.328116e+02    0.000000e+00 
	   energy              6.527588e-02    8.907192e-03    6.527588e-04 
	   displacement        9.007059e-04    9.007059e-04    9.007059e-10 
 2

 *************************************************************************
 *                                ERROR                                  *
 * 2226 negative jacobians detected.                                     *
 *************************************************************************


------- failed to converge at time : 1.08837

Retrying time step. Retry attempt 1 of max 20


AUTO STEPPER: retry step, dt = 0.000689973


===== beginning time step 24 : 1.08834 =====


Reforming stiffness matrix: reformation #1

 1
 Nonlinear solution status: time= 1.08834
	stiffness updates             = 0
	right hand side evaluations   = 2
	stiffness matrix reformations = 1
	step from line search         = 1.000000
	convergence norms :     INITIAL         CURRENT         REQUIRED
	   residual            4.684204e+02    3.864356e+00    0.000000e+00 
	   energy              6.164362e-02    2.143011e-03    6.164362e-04 
	   displacement        8.156378e-04    8.156378e-04    8.156378e-10 
 2

 *************************************************************************
 *                                ERROR                                  *
 * 74 negative jacobians detected.                                       *
 *************************************************************************


------- failed to converge at time : 1.08834

Retrying time step. Retry attempt 2 of max 20


AUTO STEPPER: retry step, dt = 0.000655475


===== beginning time step 24 : 1.0883 =====


Reforming stiffness matrix: reformation #1

 1
 Nonlinear solution status: time= 1.0883
	stiffness updates             = 0
	right hand side evaluations   = 2
	stiffness matrix reformations = 1
	step from line search         = 1.000000
	convergence norms :     INITIAL         CURRENT         REQUIRED
	   residual            4.234022e+02    1.895923e+00    0.000000e+00 
	   energy              5.818830e-02    1.859922e-03    5.818830e-04 
	   displacement        7.352211e-04    7.352211e-04    7.352211e-10 
 2

 *************************************************************************
 *                                ERROR                                  *
 * 29 negative jacobians detected.                                       *
 *************************************************************************


------- failed to converge at time : 1.0883

Retrying time step. Retry attempt 3 of max 20


AUTO STEPPER: retry step, dt = 0.000620976


===== beginning time step 24 : 1.08827 =====


Reforming stiffness matrix: reformation #1

 1
 Nonlinear solution status: time= 1.08827
	stiffness updates             = 0
	right hand side evaluations   = 2
	stiffness matrix reformations = 1
	step from line search         = 1.000000
	convergence norms :     INITIAL         CURRENT         REQUIRED
	   residual            3.807529e+02    1.289045e+00    0.000000e+00 
	   energy              5.491024e-02    1.755499e-03    5.491024e-04 
	   displacement        6.593198e-04    6.593198e-04    6.593198e-10 
 2

 *************************************************************************
 *                                ERROR                                  *
 * 20 negative jacobians detected.                                       *
 *************************************************************************


------- failed to converge at time : 1.08827

Retrying time step. Retry attempt 4 of max 20


AUTO STEPPER: retry step, dt = 0.000586477


===== beginning time step 24 : 1.08823 =====


Reforming stiffness matrix: reformation #1

 1
 Nonlinear solution status: time= 1.08823
	stiffness updates             = 0
	right hand side evaluations   = 2
	stiffness matrix reformations = 1
	step from line search         = 1.000000
	convergence norms :     INITIAL         CURRENT         REQUIRED
	   residual            3.404837e+02    9.901653e-01    0.000000e+00 
	   energy              5.180984e-02    1.711954e-03    5.180984e-04 
	   displacement        5.878412e-04    5.878412e-04    5.878412e-10 
 2

 *************************************************************************
 *                                ERROR                                  *
 * 14 negative jacobians detected.                                       *
 *************************************************************************


------- failed to converge at time : 1.08823

Retrying time step. Retry attempt 5 of max 20


AUTO STEPPER: retry step, dt = 0.000551979


===== beginning time step 24 : 1.0882 =====


Reforming stiffness matrix: reformation #1

 1
 Nonlinear solution status: time= 1.0882
	stiffness updates             = 0
	right hand side evaluations   = 2
	stiffness matrix reformations = 1
	step from line search         = 1.000000
	convergence norms :     INITIAL         CURRENT         REQUIRED
	   residual            3.026095e+02    8.165993e-01    0.000000e+00 
	   energy              4.888762e-02    1.700327e-03    4.888762e-04 
	   displacement        5.207189e-04    5.207189e-04    5.207189e-10 
 2

 *************************************************************************
 *                                ERROR                                  *
 * 11 negative jacobians detected.                                       *
 *************************************************************************


------- failed to converge at time : 1.0882

Retrying time step. Retry attempt 6 of max 20


AUTO STEPPER: retry step, dt = 0.00051748


===== beginning time step 24 : 1.08816 =====


Reforming stiffness matrix: reformation #1

 1
 Nonlinear solution status: time= 1.08816
	stiffness updates             = 0
	right hand side evaluations   = 2
	stiffness matrix reformations = 1
	step from line search         = 1.000000
	convergence norms :     INITIAL         CURRENT         REQUIRED
	   residual            2.671499e+02    7.105345e-01    0.000000e+00 
	   energy              4.614430e-02    1.709759e-03    4.614430e-04 
	   displacement        4.579032e-04    4.579032e-04    4.579032e-10 
 2

 *************************************************************************
 *                                ERROR                                  *
 * 10 negative jacobians detected.                                       *
 *************************************************************************


------- failed to converge at time : 1.08816

Retrying time step. Retry attempt 7 of max 20


AUTO STEPPER: retry step, dt = 0.000482981


===== beginning time step 24 : 1.08813 =====


Reforming stiffness matrix: reformation #1

 1
 Nonlinear solution status: time= 1.08813
	stiffness updates             = 0
	right hand side evaluations   = 2
	stiffness matrix reformations = 1
	step from line search         = 1.000000
	convergence norms :     INITIAL         CURRENT         REQUIRED
	   residual            2.341321e+02    6.495795e-01    0.000000e+00 
	   energy              4.358083e-02    1.735618e-03    4.358083e-04 
	   displacement        3.993551e-04    3.993551e-04    3.993551e-10 
 2

 *************************************************************************
 *                                ERROR                                  *
 * 9 negative jacobians detected.                                        *
 *************************************************************************


------- failed to converge at time : 1.08813

Retrying time step. Retry attempt 8 of max 20


AUTO STEPPER: retry step, dt = 0.000448483


===== beginning time step 24 : 1.08809 =====


Reforming stiffness matrix: reformation #1

 1
 Nonlinear solution status: time= 1.08809
	stiffness updates             = 0
	right hand side evaluations   = 2
	stiffness matrix reformations = 1
	step from line search         = 1.000000
	convergence norms :     INITIAL         CURRENT         REQUIRED
	   residual            2.035940e+02    6.246769e-01    0.000000e+00 
	   energy              4.119853e-02    1.776208e-03    4.119853e-04 
	   displacement        3.450425e-04    3.450425e-04    3.450425e-10 
 2

 *************************************************************************
 *                                ERROR                                  *
 * 5 negative jacobians detected.                                        *
 *************************************************************************


------- failed to converge at time : 1.08809

Retrying time step. Retry attempt 9 of max 20


AUTO STEPPER: retry step, dt = 0.000413984


===== beginning time step 24 : 1.08806 =====


Reforming stiffness matrix: reformation #1

 1
 Nonlinear solution status: time= 1.08806
	stiffness updates             = 0
	right hand side evaluations   = 2
	stiffness matrix reformations = 1
	step from line search         = 1.000000
	convergence norms :     INITIAL         CURRENT         REQUIRED
	   residual            1.755900e+02    6.329916e-01    0.000000e+00 
	   energy              3.899924e-02    1.831715e-03    3.899924e-04 
	   displacement        2.949377e-04    2.949377e-04    2.949377e-10 
 2

 *************************************************************************
 *                                ERROR                                  *
 * 4 negative jacobians detected.                                        *
 *************************************************************************


------- failed to converge at time : 1.08806

Retrying time step. Retry attempt 10 of max 20


AUTO STEPPER: retry step, dt = 0.000379485


===== beginning time step 24 : 1.08802 =====


Reforming stiffness matrix: reformation #1

 1
 Nonlinear solution status: time= 1.08802
	stiffness updates             = 0
	right hand side evaluations   = 2
	stiffness matrix reformations = 1
	step from line search         = 1.000000
	convergence norms :     INITIAL         CURRENT         REQUIRED
	   residual            1.502001e+02    6.756359e-01    0.000000e+00 
	   energy              3.698562e-02    1.904033e-03    3.698562e-04 
	   displacement        2.490169e-04    2.490169e-04    2.490169e-10 
 2

 *************************************************************************
 *                                ERROR                                  *
 * 3 negative jacobians detected.                                        *
 *************************************************************************


------- failed to converge at time : 1.08802

Retrying time step. Retry attempt 11 of max 20


AUTO STEPPER: retry step, dt = 0.000344987


===== beginning time step 24 : 1.08799 =====


Reforming stiffness matrix: reformation #1

 1
 Nonlinear solution status: time= 1.08799
	stiffness updates             = 0
	right hand side evaluations   = 2
	stiffness matrix reformations = 1
	step from line search         = 1.000000
	convergence norms :     INITIAL         CURRENT         REQUIRED
	   residual            1.275460e+02    7.575571e-01    0.000000e+00 
	   energy              3.516164e-02    1.997125e-03    3.516164e-04 
	   displacement        2.072591e-04    2.072591e-04    2.072591e-10 
 2

 *************************************************************************
 *                                ERROR                                  *
 * Negative jacobian detected.                                           *
 *************************************************************************


------- failed to converge at time : 1.08799

Retrying time step. Retry attempt 12 of max 20


AUTO STEPPER: retry step, dt = 0.000310488


===== beginning time step 24 : 1.08796 =====


Reforming stiffness matrix: reformation #1

 1
 Nonlinear solution status: time= 1.08796
	stiffness updates             = 0
	right hand side evaluations   = 2
	stiffness matrix reformations = 1
	step from line search         = 1.000000
	convergence norms :     INITIAL         CURRENT         REQUIRED
	   residual            1.078208e+02    8.889947e-01    0.000000e+00 
	   energy              3.353348e-02    2.117994e-03    3.353348e-04 
	   displacement        1.696473e-04    1.696473e-04    1.696473e-10 
 2
 Nonlinear solution status: time= 1.08796
	stiffness updates             = 1
	right hand side evaluations   = 4
	stiffness matrix reformations = 1
	step from line search         = 0.590539
	convergence norms :     INITIAL         CURRENT         REQUIRED
	   residual            1.078208e+02    2.816903e-01    0.000000e+00 
	   energy              3.353348e-02    9.728265e-05    3.353348e-04 
	   displacement        1.696473e-04    7.180790e-06    1.488223e-10 
 3

 *************************************************************************
 *                                ERROR                                  *
 * 3 negative jacobians detected.                                        *
 *************************************************************************


------- failed to converge at time : 1.08796

Retrying time step. Retry attempt 13 of max 20


AUTO STEPPER: retry step, dt = 0.000275989


===== beginning time step 24 : 1.08792 =====


Reforming stiffness matrix: reformation #1

 1
 Nonlinear solution status: time= 1.08792
	stiffness updates             = 0
	right hand side evaluations   = 2
	stiffness matrix reformations = 1
	step from line search         = 1.000000
	convergence norms :     INITIAL         CURRENT         REQUIRED
	   residual            9.134504e+01    1.089002e+00    0.000000e+00 
	   energy              3.211110e-02    2.278663e-03    3.211110e-04 
	   displacement        1.361710e-04    1.361710e-04    1.361710e-10 
 2
 Nonlinear solution status: time= 1.08792
	stiffness updates             = 1
	right hand side evaluations   = 3
	stiffness matrix reformations = 1
	step from line search         = 1.000000
	convergence norms :     INITIAL         CURRENT         REQUIRED
	   residual            9.134504e+01    8.204617e-01    0.000000e+00 
	   energy              3.211110e-02    4.324368e-04    3.211110e-04 
	   displacement        1.361710e-04    1.610344e-05    1.124296e-10 
 3

 *************************************************************************
 *                                ERROR                                  *
 * 2 negative jacobians detected.                                        *
 *************************************************************************


------- failed to converge at time : 1.08792

Retrying time step. Retry attempt 14 of max 20


AUTO STEPPER: retry step, dt = 0.000241491


===== beginning time step 24 : 1.08789 =====


Reforming stiffness matrix: reformation #1

 1
 Nonlinear solution status: time= 1.08789
	stiffness updates             = 0
	right hand side evaluations   = 2
	stiffness matrix reformations = 1
	step from line search         = 1.000000
	convergence norms :     INITIAL         CURRENT         REQUIRED
	   residual            7.868319e+01    1.392993e+00    0.000000e+00 
	   energy              3.091164e-02    2.500256e-03    3.091164e-04 
	   displacement        1.068322e-04    1.068322e-04    1.068322e-10 
 2
 Nonlinear solution status: time= 1.08789
	stiffness updates             = 1
	right hand side evaluations   = 3
	stiffness matrix reformations = 1
	step from line search         = 1.000000
	convergence norms :     INITIAL         CURRENT         REQUIRED
	   residual            7.868319e+01    3.107496e-01    0.000000e+00 
	   energy              3.091164e-02    2.700639e-04    3.091164e-04 
	   displacement        1.068322e-04    1.374393e-05    8.685546e-11 
 3

 *************************************************************************
 *                                ERROR                                  *
 * Negative jacobian detected.                                           *
 *************************************************************************


------- failed to converge at time : 1.08789

Retrying time step. Retry attempt 15 of max 20


AUTO STEPPER: retry step, dt = 0.000206992


===== beginning time step 24 : 1.08785 =====


Reforming stiffness matrix: reformation #1

 1
 Nonlinear solution status: time= 1.08785
	stiffness updates             = 0
	right hand side evaluations   = 2
	stiffness matrix reformations = 1
	step from line search         = 1.000000
	convergence norms :     INITIAL         CURRENT         REQUIRED
	   residual            7.090626e+01    1.869797e+00    0.000000e+00 
	   energy              2.996657e-02    2.821910e-03    2.996657e-04 
	   displacement        8.165951e-05    8.165951e-05    8.165951e-11 
 2
 Nonlinear solution status: time= 1.08785
	stiffness updates             = 1
	right hand side evaluations   = 3
	stiffness matrix reformations = 1
	step from line search         = 1.000000
	convergence norms :     INITIAL         CURRENT         REQUIRED
	   residual            7.090626e+01    3.564087e-01    0.000000e+00 
	   energy              2.996657e-02    2.263126e-04    2.996657e-04 
	   displacement        8.165951e-05    1.242193e-05    6.508751e-11 
 3
 Nonlinear solution status: time= 1.08785
	stiffness updates             = 2
	right hand side evaluations   = 4
	stiffness matrix reformations = 1
	step from line search         = 1.000000
	convergence norms :     INITIAL         CURRENT         REQUIRED
	   residual            7.090626e+01    2.612844e-02    0.000000e+00 
	   energy              2.996657e-02    8.369292e-06    2.996657e-04 
	   displacement        8.165951e-05    5.869047e-07    6.084911e-11 
 4
 Nonlinear solution status: time= 1.08785
	stiffness updates             = 3
	right hand side evaluations   = 5
	stiffness matrix reformations = 1
	step from line search         = 1.000000
	convergence norms :     INITIAL         CURRENT         REQUIRED
	   residual            7.090626e+01    4.050972e-02    0.000000e+00 
	   energy              2.996657e-02    7.508142e-06    2.996657e-04 
	   displacement        8.165951e-05    1.337213e-07    6.147020e-11 
 5
 Nonlinear solution status: time= 1.08785
	stiffness updates             = 4
	right hand side evaluations   = 7
	stiffness matrix reformations = 1
	step from line search         = 0.622442
	convergence norms :     INITIAL         CURRENT         REQUIRED
	   residual            7.090626e+01    6.641936e-03    0.000000e+00 
	   energy              2.996657e-02    4.005937e-06    2.996657e-04 
	   displacement        8.165951e-05    1.518261e-07    6.186059e-11 
 6
 Nonlinear solution status: time= 1.08785
	stiffness updates             = 5
	right hand side evaluations   = 8
	stiffness matrix reformations = 1
	step from line search         = 1.000000
	convergence norms :     INITIAL         CURRENT         REQUIRED
	   residual            7.090626e+01    9.055868e-04    0.000000e+00 
	   energy              2.996657e-02    7.762950e-08    2.996657e-04 
	   displacement        8.165951e-05    2.151626e-08    6.198726e-11 
 7
 Nonlinear solution status: time= 1.08785
	stiffness updates             = 6
	right hand side evaluations   = 9
	stiffness matrix reformations = 1
	step from line search         = 1.000000
	convergence norms :     INITIAL         CURRENT         REQUIRED
	   residual            7.090626e+01    1.485053e-04    0.000000e+00 
	   energy              2.996657e-02    7.504886e-08    2.996657e-04 
	   displacement        8.165951e-05    1.004692e-09    6.194621e-11 
 8
 Nonlinear solution status: time= 1.08785
	stiffness updates             = 7
	right hand side evaluations   = 10
	stiffness matrix reformations = 1
	step from line search         = 1.000000
	convergence norms :     INITIAL         CURRENT         REQUIRED
	   residual            7.090626e+01    1.502820e-04    0.000000e+00 
	   energy              2.996657e-02    2.590028e-08    2.996657e-04 
	   displacement        8.165951e-05    3.246145e-09    6.196983e-11 
 9
 Nonlinear solution status: time= 1.08785
	stiffness updates             = 8
	right hand side evaluations   = 11
	stiffness matrix reformations = 1
	step from line search         = 1.000000
	convergence norms :     INITIAL         CURRENT         REQUIRED
	   residual            7.090626e+01    1.750557e-05    0.000000e+00 
	   energy              2.996657e-02    6.603773e-09    2.996657e-04 
	   displacement        8.165951e-05    5.350644e-11    6.199527e-11 

convergence summary
    number of iterations   : 9
    number of reformations : 1

------- converged at time : 1.08785


AUTO STEPPER: increasing time step, dt = 0.00103496


===== beginning time step 25 : 1.08889 =====


Reforming stiffness matrix: reformation #1

 1

 *************************************************************************
 *                                ERROR                                  *
 * Negative jacobian detected.                                           *
 *************************************************************************


------- failed to converge at time : 1.08889

Retrying time step. Retry attempt 1 of max 20


AUTO STEPPER: retry step, dt = 0.000985676


===== beginning time step 25 : 1.08884 =====


Reforming stiffness matrix: reformation #1

 1

 *************************************************************************
 *                                ERROR                                  *
 * Negative jacobian detected.                                           *
 *************************************************************************


------- failed to converge at time : 1.08884

Retrying time step. Retry attempt 2 of max 20


AUTO STEPPER: retry step, dt = 0.000936393


===== beginning time step 25 : 1.08879 =====


Reforming stiffness matrix: reformation #1

 1

 *************************************************************************
 *                                ERROR                                  *
 * Negative jacobian detected.                                           *
 *************************************************************************


------- failed to converge at time : 1.08879

Retrying time step. Retry attempt 3 of max 20


AUTO STEPPER: retry step, dt = 0.000887109


===== beginning time step 25 : 1.08874 =====


Reforming stiffness matrix: reformation #1

 1

 *************************************************************************
 *                                ERROR                                  *
 * Negative jacobian detected.                                           *
 *************************************************************************


------- failed to converge at time : 1.08874

Retrying time step. Retry attempt 4 of max 20


AUTO STEPPER: retry step, dt = 0.000837825


===== beginning time step 25 : 1.08869 =====


Reforming stiffness matrix: reformation #1

 1
 Nonlinear solution status: time= 1.08869
	stiffness updates             = 0
	right hand side evaluations   = 2
	stiffness matrix reformations = 1
	step from line search         = 1.000000
	convergence norms :     INITIAL         CURRENT         REQUIRED
	   residual            6.999092e+02    6.827928e+00    0.000000e+00 
	   energy              7.976215e-02    2.249185e-03    7.976215e-04 
	   displacement        1.216753e-03    1.216753e-03    1.216753e-09 
 2

 *************************************************************************
 *                                ERROR                                  *
 * 83 negative jacobians detected.                                       *
 *************************************************************************


------- failed to converge at time : 1.08869

Retrying time step. Retry attempt 5 of max 20


AUTO STEPPER: retry step, dt = 0.000788541


===== beginning time step 25 : 1.08864 =====


Reforming stiffness matrix: reformation #1

 1
 Nonlinear solution status: time= 1.08864
	stiffness updates             = 0
	right hand side evaluations   = 2
	stiffness matrix reformations = 1
	step from line search         = 1.000000
	convergence norms :     INITIAL         CURRENT         REQUIRED
	   residual            6.180632e+02    2.010591e+00    0.000000e+00 
	   energy              7.349765e-02    1.827731e-03    7.349765e-04 
	   displacement        1.076173e-03    1.076173e-03    1.076173e-09 
 2

 *************************************************************************
 *                                ERROR                                  *
 * 29 negative jacobians detected.                                       *
 *************************************************************************


------- failed to converge at time : 1.08864

Retrying time step. Retry attempt 6 of max 20


AUTO STEPPER: retry step, dt = 0.000739257


===== beginning time step 25 : 1.08859 =====


Reforming stiffness matrix: reformation #1

 1
 Nonlinear solution status: time= 1.08859
	stiffness updates             = 0
	right hand side evaluations   = 2
	stiffness matrix reformations = 1
	step from line search         = 1.000000
	convergence norms :     INITIAL         CURRENT         REQUIRED
	   residual            5.414033e+02    1.250391e+00    0.000000e+00 
	   energy              6.762399e-02    1.706516e-03    6.762399e-04 
	   displacement        9.445649e-04    9.445649e-04    9.445649e-10 
 2

 *************************************************************************
 *                                ERROR                                  *
 * 20 negative jacobians detected.                                       *
 *************************************************************************


------- failed to converge at time : 1.08859

Retrying time step. Retry attempt 7 of max 20


AUTO STEPPER: retry step, dt = 0.000689973


===== beginning time step 25 : 1.08854 =====


Reforming stiffness matrix: reformation #1

 1
 Nonlinear solution status: time= 1.08854
	stiffness updates             = 0
	right hand side evaluations   = 2
	stiffness matrix reformations = 1
	step from line search         = 1.000000
	convergence norms :     INITIAL         CURRENT         REQUIRED
	   residual            4.699429e+02    9.436596e-01    0.000000e+00 
	   energy              6.214178e-02    1.658862e-03    6.214178e-04 
	   displacement        8.218794e-04    8.218794e-04    8.218794e-10 
 2

 *************************************************************************
 *                                ERROR                                  *
 * 12 negative jacobians detected.                                       *
 *************************************************************************


------- failed to converge at time : 1.08854

Retrying time step. Retry attempt 8 of max 20


AUTO STEPPER: retry step, dt = 0.00064069


===== beginning time step 25 : 1.08849 =====


Reforming stiffness matrix: reformation #1

 1
 Nonlinear solution status: time= 1.08849
	stiffness updates             = 0
	right hand side evaluations   = 2
	stiffness matrix reformations = 1
	step from line search         = 1.000000
	convergence norms :     INITIAL         CURRENT         REQUIRED
	   residual            4.040158e+02    7.725832e-01    0.000000e+00 
	   energy              5.707522e-02    1.645849e-03    5.707522e-04 
	   displacement        7.080978e-04    7.080978e-04    7.080978e-10 
 2

 *************************************************************************
 *                                ERROR                                  *
 * 11 negative jacobians detected.                                       *
 *************************************************************************


------- failed to converge at time : 1.08849

Retrying time step. Retry attempt 9 of max 20


AUTO STEPPER: retry step, dt = 0.000591406


===== beginning time step 25 : 1.08844 =====


Reforming stiffness matrix: reformation #1

 1
 Nonlinear solution status: time= 1.08844
	stiffness updates             = 0
	right hand side evaluations   = 2
	stiffness matrix reformations = 1
	step from line search         = 1.000000
	convergence norms :     INITIAL         CURRENT         REQUIRED
	   residual            3.454088e+02    6.657458e-01    0.000000e+00 
	   energy              5.255563e-02    1.655493e-03    5.255563e-04 
	   displacement        6.033146e-04    6.033146e-04    6.033146e-10 
 2

 *************************************************************************
 *                                ERROR                                  *
 * 10 negative jacobians detected.                                       *
 *************************************************************************


------- failed to converge at time : 1.08844

Retrying time step. Retry attempt 10 of max 20


AUTO STEPPER: retry step, dt = 0.000542122


===== beginning time step 25 : 1.08839 =====


Reforming stiffness matrix: reformation #1

 1
 Nonlinear solution status: time= 1.08839
	stiffness updates             = 0
	right hand side evaluations   = 2
	stiffness matrix reformations = 1
	step from line search         = 1.000000
	convergence norms :     INITIAL         CURRENT         REQUIRED
	   residual            2.916763e+02    6.022687e-01    0.000000e+00 
	   energy              4.839942e-02    1.683820e-03    4.839942e-04 
	   displacement        5.072597e-04    5.072597e-04    5.072597e-10 
 2

 *************************************************************************
 *                                ERROR                                  *
 * 10 negative jacobians detected.                                       *
 *************************************************************************


------- failed to converge at time : 1.08839

Retrying time step. Retry attempt 11 of max 20


AUTO STEPPER: retry step, dt = 0.000492838


===== beginning time step 25 : 1.08834 =====


Reforming stiffness matrix: reformation #1

 1
 Nonlinear solution status: time= 1.08834
	stiffness updates             = 0
	right hand side evaluations   = 2
	stiffness matrix reformations = 1
	step from line search         = 1.000000
	convergence norms :     INITIAL         CURRENT         REQUIRED
	   residual            2.428791e+02    5.756987e-01    0.000000e+00 
	   energy              4.460877e-02    1.730334e-03    4.460877e-04 
	   displacement        4.198940e-04    4.198940e-04    4.198940e-10 
 2

 *************************************************************************
 *                                ERROR                                  *
 * 7 negative jacobians detected.                                        *
 *************************************************************************


------- failed to converge at time : 1.08834

Retrying time step. Retry attempt 12 of max 20


AUTO STEPPER: retry step, dt = 0.000443554


===== beginning time step 25 : 1.0883 =====


Reforming stiffness matrix: reformation #1

 1
 Nonlinear solution status: time= 1.0883
	stiffness updates             = 0
	right hand side evaluations   = 2
	stiffness matrix reformations = 1
	step from line search         = 1.000000
	convergence norms :     INITIAL         CURRENT         REQUIRED
	   residual            1.991133e+02    5.872884e-01    0.000000e+00 
	   energy              4.118703e-02    1.797221e-03    4.118703e-04 
	   displacement        3.411768e-04    3.411768e-04    3.411768e-10 
 2

 *************************************************************************
 *                                ERROR                                  *
 * 4 negative jacobians detected.                                        *
 *************************************************************************


------- failed to converge at time : 1.0883

Retrying time step. Retry attempt 13 of max 20


AUTO STEPPER: retry step, dt = 0.000394271


===== beginning time step 25 : 1.08825 =====


Reforming stiffness matrix: reformation #1

 1
 Nonlinear solution status: time= 1.08825
	stiffness updates             = 0
	right hand side evaluations   = 2
	stiffness matrix reformations = 1
	step from line search         = 1.000000
	convergence norms :     INITIAL         CURRENT         REQUIRED
	   residual            1.605382e+02    6.446431e-01    0.000000e+00 
	   energy              3.813962e-02    1.889870e-03    3.813962e-04 
	   displacement        2.710654e-04    2.710654e-04    2.710654e-10 
 2

 *************************************************************************
 *                                ERROR                                  *
 * 2 negative jacobians detected.                                        *
 *************************************************************************


------- failed to converge at time : 1.08825

Retrying time step. Retry attempt 14 of max 20


AUTO STEPPER: retry step, dt = 0.000344987


===== beginning time step 25 : 1.0882 =====


Reforming stiffness matrix: reformation #1

 1
 Nonlinear solution status: time= 1.0882
	stiffness updates             = 0
	right hand side evaluations   = 2
	stiffness matrix reformations = 1
	step from line search         = 1.000000
	convergence norms :     INITIAL         CURRENT         REQUIRED
	   residual            1.274346e+02    7.641785e-01    0.000000e+00 
	   energy              3.547579e-02    2.018846e-03    3.547579e-04 
	   displacement        2.095178e-04    2.095178e-04    2.095178e-10 
 2

 *************************************************************************
 *                                ERROR                                  *
 * Negative jacobian detected.                                           *
 *************************************************************************


------- failed to converge at time : 1.0882

Retrying time step. Retry attempt 15 of max 20


AUTO STEPPER: retry step, dt = 0.000295703


===== beginning time step 25 : 1.08815 =====


Reforming stiffness matrix: reformation #1

 1
 Nonlinear solution status: time= 1.08815
	stiffness updates             = 0
	right hand side evaluations   = 2
	stiffness matrix reformations = 1
	step from line search         = 1.000000
	convergence norms :     INITIAL         CURRENT         REQUIRED
	   residual            1.003349e+02    9.791030e-01    0.000000e+00 
	   energy              3.321253e-02    2.204692e-03    3.321253e-04 
	   displacement        1.564983e-04    1.564983e-04    1.564983e-10 
 2
 Nonlinear solution status: time= 1.08815
	stiffness updates             = 1
	right hand side evaluations   = 3
	stiffness matrix reformations = 1
	step from line search         = 1.000000
	convergence norms :     INITIAL         CURRENT         REQUIRED
	   residual            1.003349e+02    4.487453e+00    0.000000e+00 
	   energy              3.321253e-02    6.332335e-04    3.321253e-04 
	   displacement        1.564983e-04    1.786456e-05    1.301240e-10 
 3

 *************************************************************************
 *                                ERROR                                  *
 * 5 negative jacobians detected.                                        *
 *************************************************************************


------- failed to converge at time : 1.08815

Retrying time step. Retry attempt 16 of max 20


AUTO STEPPER: retry step, dt = 0.000246419


===== beginning time step 25 : 1.0881 =====


Reforming stiffness matrix: reformation #1

 1
 Nonlinear solution status: time= 1.0881
	stiffness updates             = 0
	right hand side evaluations   = 2
	stiffness matrix reformations = 1
	step from line search         = 1.000000
	convergence norms :     INITIAL         CURRENT         REQUIRED
	   residual            8.035242e+01    1.360765e+00    0.000000e+00 
	   energy              3.138412e-02    2.489837e-03    3.138412e-04 
	   displacement        1.119952e-04    1.119952e-04    1.119952e-10 
 2
 Nonlinear solution status: time= 1.0881
	stiffness updates             = 1
	right hand side evaluations   = 3
	stiffness matrix reformations = 1
	step from line search         = 1.000000
	convergence norms :     INITIAL         CURRENT         REQUIRED
	   residual            8.035242e+01    3.244332e-01    0.000000e+00 
	   energy              3.138412e-02    2.825284e-04    3.138412e-04 
	   displacement        1.119952e-04    1.410518e-05    9.125081e-11 
 3

 *************************************************************************
 *                                ERROR                                  *
 * Negative jacobian detected.                                           *
 *************************************************************************


------- failed to converge at time : 1.0881

Retrying time step. Retry attempt 17 of max 20


AUTO STEPPER: retry step, dt = 0.000197135


===== beginning time step 25 : 1.08805 =====


Reforming stiffness matrix: reformation #1

 1
 Nonlinear solution status: time= 1.08805
	stiffness updates             = 0
	right hand side evaluations   = 2
	stiffness matrix reformations = 1
	step from line search         = 1.000000
	convergence norms :     INITIAL         CURRENT         REQUIRED
	   residual            7.014920e+01    2.081735e+00    0.000000e+00 
	   energy              3.006907e-02    2.972076e-03    3.006907e-04 
	   displacement        7.607383e-05    7.607383e-05    7.607383e-11 
 2
 Nonlinear solution status: time= 1.08805
	stiffness updates             = 1
	right hand side evaluations   = 3
	stiffness matrix reformations = 1
	step from line search         = 1.000000
	convergence norms :     INITIAL         CURRENT         REQUIRED
	   residual            7.014920e+01    3.946848e-01    0.000000e+00 
	   energy              3.006907e-02    2.205877e-04    3.006907e-04 
	   displacement        7.607383e-05    1.230168e-05    6.016735e-11 
 3
 Nonlinear solution status: time= 1.08805
	stiffness updates             = 2
	right hand side evaluations   = 4
	stiffness matrix reformations = 1
	step from line search         = 1.000000
	convergence norms :     INITIAL         CURRENT         REQUIRED
	   residual            7.014920e+01    2.608224e-02    0.000000e+00 
	   energy              3.006907e-02    6.959802e-06    3.006907e-04 
	   displacement        7.607383e-05    4.895904e-07    5.573531e-11 
 4
 Nonlinear solution status: time= 1.08805
	stiffness updates             = 3
	right hand side evaluations   = 5
	stiffness matrix reformations = 1
	step from line search         = 1.000000
	convergence norms :     INITIAL         CURRENT         REQUIRED
	   residual            7.014920e+01    1.027136e-02    0.000000e+00 
	   energy              3.006907e-02    7.726660e-07    3.006907e-04 
	   displacement        7.607383e-05    1.078522e-07    5.618091e-11 
 5
 Nonlinear solution status: time= 1.08805
	stiffness updates             = 4
	right hand side evaluations   = 6
	stiffness matrix reformations = 1
	step from line search         = 1.000000
	convergence norms :     INITIAL         CURRENT         REQUIRED
	   residual            7.014920e+01    2.225575e-03    0.000000e+00 
	   energy              3.006907e-02    1.012296e-06    3.006907e-04 
	   displacement        7.607383e-05    4.507042e-08    5.675511e-11 
 6
 Nonlinear solution status: time= 1.08805
	stiffness updates             = 5
	right hand side evaluations   = 7
	stiffness matrix reformations = 1
	step from line search         = 1.000000
	convergence norms :     INITIAL         CURRENT         REQUIRED
	   residual            7.014920e+01    2.995650e-04    0.000000e+00 
	   energy              3.006907e-02    1.742156e-07    3.006907e-04 
	   displacement        7.607383e-05    9.180838e-09    5.688584e-11 
 7
 Nonlinear solution status: time= 1.08805
	stiffness updates             = 6
	right hand side evaluations   = 8
	stiffness matrix reformations = 1
	step from line search         = 1.000000
	convergence norms :     INITIAL         CURRENT         REQUIRED
	   residual            7.014920e+01    3.547617e-04    0.000000e+00 
	   energy              3.006907e-02    8.225631e-08    3.006907e-04 
	   displacement        7.607383e-05    5.300678e-09    5.686657e-11 
 8
 Nonlinear solution status: time= 1.08805
	stiffness updates             = 7
	right hand side evaluations   = 9
	stiffness matrix reformations = 1
	step from line search         = 1.000000
	convergence norms :     INITIAL         CURRENT         REQUIRED
	   residual            7.014920e+01    1.127869e-05    0.000000e+00 
	   energy              3.006907e-02    1.075203e-08    3.006907e-04 
	   displacement        7.607383e-05    3.414470e-10    5.685239e-11 
 9
 Nonlinear solution status: time= 1.08805
	stiffness updates             = 8
	right hand side evaluations   = 10
	stiffness matrix reformations = 1
	step from line search         = 1.000000
	convergence norms :     INITIAL         CURRENT         REQUIRED
	   residual            7.014920e+01    5.066241e-07    0.000000e+00 
	   energy              3.006907e-02    8.854124e-10    3.006907e-04 
	   displacement        7.607383e-05    6.450748e-11    5.686726e-11 
 10
 Nonlinear solution status: time= 1.08805
	stiffness updates             = 9
	right hand side evaluations   = 11
	stiffness matrix reformations = 1
	step from line search         = 1.000000
	convergence norms :     INITIAL         CURRENT         REQUIRED
	   residual            7.014920e+01    1.929304e-07    0.000000e+00 
	   energy              3.006907e-02    2.105995e-10    3.006907e-04 
	   displacement        7.607383e-05    3.442817e-12    5.686924e-11 

convergence summary
    number of iterations   : 10
    number of reformations : 1

------- converged at time : 1.08805


AUTO STEPPER: increasing time step, dt = 0.000675602


===== beginning time step 26 : 1.08872 =====


Reforming stiffness matrix: reformation #1

 1
 Nonlinear solution status: time= 1.08872
	stiffness updates             = 0
	right hand side evaluations   = 2
	stiffness matrix reformations = 1
	step from line search         = 1.000000
	convergence norms :     INITIAL         CURRENT         REQUIRED
	   residual            4.603710e+02    3.235068e-01    0.000000e+00 
	   energy              6.172919e-02    1.555074e-03    6.172919e-04 
	   displacement        7.948791e-04    7.948791e-04    7.948791e-10 
 2

 *************************************************************************
 *                                ERROR                                  *
 * 2 negative jacobians detected.                                        *
 *************************************************************************


------- failed to converge at time : 1.08872

Retrying time step. Retry attempt 1 of max 20


AUTO STEPPER: retry step, dt = 0.00064343


===== beginning time step 26 : 1.08869 =====


Reforming stiffness matrix: reformation #1

 1
 Nonlinear solution status: time= 1.08869
	stiffness updates             = 0
	right hand side evaluations   = 2
	stiffness matrix reformations = 1
	step from line search         = 1.000000
	convergence norms :     INITIAL         CURRENT         REQUIRED
	   residual            4.170704e+02    3.323868e-01    0.000000e+00 
	   energy              5.839639e-02    1.577269e-03    5.839639e-04 
	   displacement        7.207774e-04    7.207774e-04    7.207774e-10 
 2

 *************************************************************************
 *                                ERROR                                  *
 * 2 negative jacobians detected.                                        *
 *************************************************************************


------- failed to converge at time : 1.08869

Retrying time step. Retry attempt 2 of max 20


AUTO STEPPER: retry step, dt = 0.000611259


===== beginning time step 26 : 1.08866 =====


Reforming stiffness matrix: reformation #1

 1
 Nonlinear solution status: time= 1.08866
	stiffness updates             = 0
	right hand side evaluations   = 2
	stiffness matrix reformations = 1
	step from line search         = 1.000000
	convergence norms :     INITIAL         CURRENT         REQUIRED
	   residual            3.760006e+02    3.441530e-01    0.000000e+00 
	   energy              5.523108e-02    1.602293e-03    5.523108e-04 
	   displacement        6.504343e-04    6.504343e-04    6.504343e-10 
 2

 *************************************************************************
 *                                ERROR                                  *
 * 2 negative jacobians detected.                                        *
 *************************************************************************


------- failed to converge at time : 1.08866

Retrying time step. Retry attempt 3 of max 20


AUTO STEPPER: retry step, dt = 0.000579087


===== beginning time step 26 : 1.08863 =====


Reforming stiffness matrix: reformation #1

 1
 Nonlinear solution status: time= 1.08863
	stiffness updates             = 0
	right hand side evaluations   = 2
	stiffness matrix reformations = 1
	step from line search         = 1.000000
	convergence norms :     INITIAL         CURRENT         REQUIRED
	   residual            3.371715e+02    3.595300e-01    0.000000e+00 
	   energy              5.223368e-02    1.630634e-03    5.223368e-04 
	   displacement        5.838424e-04    5.838424e-04    5.838424e-10 
 2

 *************************************************************************
 *                                ERROR                                  *
 * Negative jacobian detected.                                           *
 *************************************************************************


------- failed to converge at time : 1.08863

Retrying time step. Retry attempt 4 of max 20


AUTO STEPPER: retry step, dt = 0.000546916


===== beginning time step 26 : 1.0886 =====


Reforming stiffness matrix: reformation #1

 1
 Nonlinear solution status: time= 1.0886
	stiffness updates             = 0
	right hand side evaluations   = 2
	stiffness matrix reformations = 1
	step from line search         = 1.000000
	convergence norms :     INITIAL         CURRENT         REQUIRED
	   residual            3.005964e+02    3.794539e-01    0.000000e+00 
	   energy              4.940469e-02    1.662909e-03    4.940469e-04 
	   displacement        5.209936e-04    5.209936e-04    5.209936e-10 
 2

 *************************************************************************
 *                                ERROR                                  *
 * Negative jacobian detected.                                           *
 *************************************************************************


------- failed to converge at time : 1.0886

Retrying time step. Retry attempt 5 of max 20


AUTO STEPPER: retry step, dt = 0.000514744


===== beginning time step 26 : 1.08856 =====


Reforming stiffness matrix: reformation #1

 1
 Nonlinear solution status: time= 1.08856
	stiffness updates             = 0
	right hand side evaluations   = 2
	stiffness matrix reformations = 1
	step from line search         = 1.000000
	convergence norms :     INITIAL         CURRENT         REQUIRED
	   residual            2.662925e+02    4.051504e-01    0.000000e+00 
	   energy              4.674476e-02    1.699913e-03    4.674476e-04 
	   displacement        4.618793e-04    4.618793e-04    4.618793e-10 
 2

 *************************************************************************
 *                                ERROR                                  *
 * Negative jacobian detected.                                           *
 *************************************************************************


------- failed to converge at time : 1.08856

Retrying time step. Retry attempt 6 of max 20


AUTO STEPPER: retry step, dt = 0.000482573


===== beginning time step 26 : 1.08853 =====


Reforming stiffness matrix: reformation #1

 1
 Nonlinear solution status: time= 1.08853
	stiffness updates             = 0
	right hand side evaluations   = 2
	stiffness matrix reformations = 1
	step from line search         = 1.000000
	convergence norms :     INITIAL         CURRENT         REQUIRED
	   residual            2.342833e+02    4.382496e-01    0.000000e+00 
	   energy              4.425477e-02    1.742688e-03    4.425477e-04 
	   displacement        4.064901e-04    4.064901e-04    4.064901e-10 
 2

 *************************************************************************
 *                                ERROR                                  *
 * Negative jacobian detected.                                           *
 *************************************************************************


------- failed to converge at time : 1.08853

Retrying time step. Retry attempt 7 of max 20


AUTO STEPPER: retry step, dt = 0.000450401


===== beginning time step 26 : 1.0885 =====


Reforming stiffness matrix: reformation #1

 1
 Nonlinear solution status: time= 1.0885
	stiffness updates             = 0
	right hand side evaluations   = 2
	stiffness matrix reformations = 1
	step from line search         = 1.000000
	convergence norms :     INITIAL         CURRENT         REQUIRED
	   residual            2.046004e+02    4.809591e-01    0.000000e+00 
	   energy              4.193587e-02    1.792629e-03    4.193587e-04 
	   displacement        3.548157e-04    3.548157e-04    3.548157e-10 
 2

 *************************************************************************
 *                                ERROR                                  *
 * Negative jacobian detected.                                           *
 *************************************************************************


------- failed to converge at time : 1.0885

Retrying time step. Retry attempt 8 of max 20


AUTO STEPPER: retry step, dt = 0.00041823


===== beginning time step 26 : 1.08847 =====


Reforming stiffness matrix: reformation #1

 1
 Nonlinear solution status: time= 1.08847
	stiffness updates             = 0
	right hand side evaluations   = 2
	stiffness matrix reformations = 1
	step from line search         = 1.000000
	convergence norms :     INITIAL         CURRENT         REQUIRED
	   residual            1.783709e+02    5.361315e-01    0.000000e+00 
	   energy              3.986842e-02    1.851741e-03    3.986842e-04 
	   displacement        3.069123e-04    3.069123e-04    3.069123e-10 
 2
 Nonlinear solution status: time= 1.08847
	stiffness updates             = 1
	right hand side evaluations   = 4
	stiffness matrix reformations = 1
	step from line search         = 0.610110
	convergence norms :     INITIAL         CURRENT         REQUIRED
	   residual            1.783709e+02    1.842926e-01    0.000000e+00 
	   energy              3.986842e-02    4.042131e-05    3.986842e-04 
	   displacement        3.069123e-04    9.671923e-06    2.707398e-10 
 3

 *************************************************************************
 *                                ERROR                                  *
 * 4 negative jacobians detected.                                        *
 *************************************************************************


------- failed to converge at time : 1.08847

Retrying time step. Retry attempt 9 of max 20


AUTO STEPPER: retry step, dt = 0.000386058


===== beginning time step 26 : 1.08844 =====


Reforming stiffness matrix: reformation #1

 1
 Nonlinear solution status: time= 1.08844
	stiffness updates             = 0
	right hand side evaluations   = 2
	stiffness matrix reformations = 1
	step from line search         = 1.000000
	convergence norms :     INITIAL         CURRENT         REQUIRED
	   residual            1.544362e+02    6.083286e-01    0.000000e+00 
	   energy              3.796468e-02    1.922603e-03    3.796468e-04 
	   displacement        2.626854e-04    2.626854e-04    2.626854e-10 
 2
 Nonlinear solution status: time= 1.08844
	stiffness updates             = 1
	right hand side evaluations   = 3
	stiffness matrix reformations = 1
	step from line search         = 1.000000
	convergence norms :     INITIAL         CURRENT         REQUIRED
	   residual            1.544362e+02    2.244110e+00    0.000000e+00 
	   energy              3.796468e-02    5.908857e-04    3.796468e-04 
	   displacement        2.626854e-04    2.247025e-05    2.195188e-10 
 3

 *************************************************************************
 *                                ERROR                                  *
 * 6 negative jacobians detected.                                        *
 *************************************************************************


------- failed to converge at time : 1.08844

Retrying time step. Retry attempt 10 of max 20


AUTO STEPPER: retry step, dt = 0.000353887


===== beginning time step 26 : 1.0884 =====


Reforming stiffness matrix: reformation #1

 1
 Nonlinear solution status: time= 1.0884
	stiffness updates             = 0
	right hand side evaluations   = 2
	stiffness matrix reformations = 1
	step from line search         = 1.000000
	convergence norms :     INITIAL         CURRENT         REQUIRED
	   residual            1.328561e+02    7.038961e-01    0.000000e+00 
	   energy              3.622520e-02    2.009075e-03    3.622520e-04 
	   displacement        2.221235e-04    2.221235e-04    2.221235e-10 
 2
 Nonlinear solution status: time= 1.0884
	stiffness updates             = 1
	right hand side evaluations   = 3
	stiffness matrix reformations = 1
	step from line search         = 1.000000
	convergence norms :     INITIAL         CURRENT         REQUIRED
	   residual            1.328561e+02    5.725307e-01    0.000000e+00 
	   energy              3.622520e-02    3.987849e-04    3.622520e-04 
	   displacement        2.221235e-04    1.963341e-05    1.847442e-10 
 3

 *************************************************************************
 *                                ERROR                                  *
 * 4 negative jacobians detected.                                        *
 *************************************************************************


------- failed to converge at time : 1.0884

Retrying time step. Retry attempt 11 of max 20


AUTO STEPPER: retry step, dt = 0.000321715


===== beginning time step 26 : 1.08837 =====


Reforming stiffness matrix: reformation #1

 1
 Nonlinear solution status: time= 1.08837
	stiffness updates             = 0
	right hand side evaluations   = 2
	stiffness matrix reformations = 1
	step from line search         = 1.000000
	convergence norms :     INITIAL         CURRENT         REQUIRED
	   residual            1.137740e+02    8.324118e-01    0.000000e+00 
	   energy              3.465458e-02    2.116916e-03    3.465458e-04 
	   displacement        1.852189e-04    1.852189e-04    1.852189e-10 
 2
 Nonlinear solution status: time= 1.08837
	stiffness updates             = 1
	right hand side evaluations   = 3
	stiffness matrix reformations = 1
	step from line search         = 1.000000
	convergence norms :     INITIAL         CURRENT         REQUIRED
	   residual            1.137740e+02    2.991838e-01    0.000000e+00 
	   energy              3.465458e-02    3.013388e-04    3.465458e-04 
	   displacement        1.852189e-04    1.735113e-05    1.532883e-10 
 3

 *************************************************************************
 *                                ERROR                                  *
 * 2 negative jacobians detected.                                        *
 *************************************************************************


------- failed to converge at time : 1.08837

Retrying time step. Retry attempt 12 of max 20


AUTO STEPPER: retry step, dt = 0.000289544


===== beginning time step 26 : 1.08834 =====


Reforming stiffness matrix: reformation #1

 1
 Nonlinear solution status: time= 1.08834
	stiffness updates             = 0
	right hand side evaluations   = 2
	stiffness matrix reformations = 1
	step from line search         = 1.000000
	convergence norms :     INITIAL         CURRENT         REQUIRED
	   residual            9.741695e+01    1.008944e+00    0.000000e+00 
	   energy              3.325991e-02    2.255048e-03    3.325991e-04 
	   displacement        1.519667e-04    1.519667e-04    1.519667e-10 
 2
 Nonlinear solution status: time= 1.08834
	stiffness updates             = 1
	right hand side evaluations   = 3
	stiffness matrix reformations = 1
	step from line search         = 1.000000
	convergence norms :     INITIAL         CURRENT         REQUIRED
	   residual            9.741695e+01    2.493539e-01    0.000000e+00 
	   energy              3.325991e-02    2.562025e-04    3.325991e-04 
	   displacement        1.519667e-04    1.552408e-05    1.250284e-10 
 3
 Nonlinear solution status: time= 1.08834
	stiffness updates             = 2
	right hand side evaluations   = 5
	stiffness matrix reformations = 1
	step from line search         = 0.350464
	convergence norms :     INITIAL         CURRENT         REQUIRED
	   residual            9.741695e+01    1.983534e-01    0.000000e+00 
	   energy              3.325991e-02    2.078119e-05    3.325991e-04 
	   displacement        1.519667e-04    4.673802e-07    1.237647e-10 
 4
 Nonlinear solution status: time= 1.08834
	stiffness updates             = 3
	right hand side evaluations   = 6
	stiffness matrix reformations = 1
	step from line search         = 1.000000
	convergence norms :     INITIAL         CURRENT         REQUIRED
	   residual            9.741695e+01    1.960338e-01    0.000000e+00 
	   energy              3.325991e-02    8.334880e-05    3.325991e-04 
	   displacement        1.519667e-04    1.070608e-06    1.226480e-10 
 5
 Nonlinear solution status: time= 1.08834
	stiffness updates             = 4
	right hand side evaluations   = 7
	stiffness matrix reformations = 1
	step from line search         = 1.000000
	convergence norms :     INITIAL         CURRENT         REQUIRED
	   residual            9.741695e+01    7.589511e-03    0.000000e+00 
	   energy              3.325991e-02    9.027939e-07    3.325991e-04 
	   displacement        1.519667e-04    4.783865e-07    1.235531e-10 
 6
 Nonlinear solution status: time= 1.08834
	stiffness updates             = 5
	right hand side evaluations   = 8
	stiffness matrix reformations = 1
	step from line search         = 1.000000
	convergence norms :     INITIAL         CURRENT         REQUIRED
	   residual            9.741695e+01    1.542066e-02    0.000000e+00 
	   energy              3.325991e-02    5.298256e-06    3.325991e-04 
	   displacement        1.519667e-04    1.764507e-07    1.244461e-10 
 7
 Nonlinear solution status: time= 1.08834
	stiffness updates             = 6
	right hand side evaluations   = 9
	stiffness matrix reformations = 1
	step from line search         = 1.000000
	convergence norms :     INITIAL         CURRENT         REQUIRED
	   residual            9.741695e+01    9.876559e-04    0.000000e+00 
	   energy              3.325991e-02    7.207624e-07    3.325991e-04 
	   displacement        1.519667e-04    1.397852e-08    1.241936e-10 
 8
 Nonlinear solution status: time= 1.08834
	stiffness updates             = 7
	right hand side evaluations   = 10
	stiffness matrix reformations = 1
	step from line search         = 1.000000
	convergence norms :     INITIAL         CURRENT         REQUIRED
	   residual            9.741695e+01    7.497596e-04    0.000000e+00 
	   energy              3.325991e-02    6.971218e-10    3.325991e-04 
	   displacement        1.519667e-04    7.847214e-09    1.242186e-10 
 9
 Nonlinear solution status: time= 1.08834
	stiffness updates             = 8
	right hand side evaluations   = 11
	stiffness matrix reformations = 1
	step from line search         = 1.000000
	convergence norms :     INITIAL         CURRENT         REQUIRED
	   residual            9.741695e+01    2.644936e-04    0.000000e+00 
	   energy              3.325991e-02    2.622051e-08    3.325991e-04 
	   displacement        1.519667e-04    3.100868e-10    1.242240e-10 
 10
 Nonlinear solution status: time= 1.08834
	stiffness updates             = 9
	right hand side evaluations   = 12
	stiffness matrix reformations = 1
	step from line search         = 1.000000
	convergence norms :     INITIAL         CURRENT         REQUIRED
	   residual            9.741695e+01    2.012815e-05    0.000000e+00 
	   energy              3.325991e-02    1.248105e-08    3.325991e-04 
	   displacement        1.519667e-04    1.445272e-09    1.242445e-10 

 *************************************************************************
 *                               WARNING                                 *
 * Max nr of iterations reached.                                         *
 * Stiffness matrix will now be reformed.                                *
 *************************************************************************
Reforming stiffness matrix: reformation #2

 11
 Nonlinear solution status: time= 1.08834
	stiffness updates             = 0
	right hand side evaluations   = 13
	stiffness matrix reformations = 2
	step from line search         = 1.000000
	convergence norms :     INITIAL         CURRENT         REQUIRED
	   residual            9.741695e+01    1.371759e-07    0.000000e+00 
	   energy              3.325991e-02    8.193783e-11    3.325991e-04 
	   displacement        1.519667e-04    1.988891e-10    1.242506e-10 
 12
 Nonlinear solution status: time= 1.08834
	stiffness updates             = 1
	right hand side evaluations   = 14
	stiffness matrix reformations = 2
	step from line search         = 1.000000
	convergence norms :     INITIAL         CURRENT         REQUIRED
	   residual            9.741695e+01    4.791555e-08    0.000000e+00 
	   energy              3.325991e-02    7.871771e-11    3.325991e-04 
	   displacement        1.519667e-04    3.819113e-12    1.242553e-10 

convergence summary
    number of iterations   : 12
    number of reformations : 2

------- converged at time : 1.08834


AUTO STEPPER: decreasing time step, dt = 0.000277217


===== beginning time step 27 : 1.08862 =====


Reforming stiffness matrix: reformation #1

 1
 Nonlinear solution status: time= 1.08862
	stiffness updates             = 0
	right hand side evaluations   = 2
	stiffness matrix reformations = 1
	step from line search         = 1.000000
	convergence norms :     INITIAL         CURRENT         REQUIRED
	   residual            9.473510e+01    1.091584e+00    0.000000e+00 
	   energy              3.340858e-02    2.353232e-03    3.340858e-04 
	   displacement        1.422543e-04    1.422543e-04    1.422543e-10 
 2
 Nonlinear solution status: time= 1.08862
	stiffness updates             = 1
	right hand side evaluations   = 3
	stiffness matrix reformations = 1
	step from line search         = 1.000000
	convergence norms :     INITIAL         CURRENT         REQUIRED
	   residual            9.473510e+01    2.552691e-01    0.000000e+00 
	   energy              3.340858e-02    2.327086e-04    3.340858e-04 
	   displacement        1.422543e-04    1.446663e-05    1.167379e-10 
 3
 Nonlinear solution status: time= 1.08862
	stiffness updates             = 2
	right hand side evaluations   = 4
	stiffness matrix reformations = 1
	step from line search         = 1.000000
	convergence norms :     INITIAL         CURRENT         REQUIRED
	   residual            9.473510e+01    5.586934e-03    0.000000e+00 
	   energy              3.340858e-02    7.274060e-06    3.340858e-04 
	   displacement        1.422543e-04    5.246764e-07    1.139757e-10 
 4
 Nonlinear solution status: time= 1.08862
	stiffness updates             = 3
	right hand side evaluations   = 5
	stiffness matrix reformations = 1
	step from line search         = 1.000000
	convergence norms :     INITIAL         CURRENT         REQUIRED
	   residual            9.473510e+01    7.352594e-04    0.000000e+00 
	   energy              3.340858e-02    4.806227e-07    3.340858e-04 
	   displacement        1.422543e-04    4.587790e-08    1.151687e-10 
 5
 Nonlinear solution status: time= 1.08862
	stiffness updates             = 4
	right hand side evaluations   = 6
	stiffness matrix reformations = 1
	step from line search         = 1.000000
	convergence norms :     INITIAL         CURRENT         REQUIRED
	   residual            9.473510e+01    4.607193e-05    0.000000e+00 
	   energy              3.340858e-02    9.601190e-08    3.340858e-04 
	   displacement        1.422543e-04    4.260562e-09    1.156536e-10 
 6
 Nonlinear solution status: time= 1.08862
	stiffness updates             = 5
	right hand side evaluations   = 7
	stiffness matrix reformations = 1
	step from line search         = 1.000000
	convergence norms :     INITIAL         CURRENT         REQUIRED
	   residual            9.473510e+01    1.792446e-05    0.000000e+00 
	   energy              3.340858e-02    3.393157e-09    3.340858e-04 
	   displacement        1.422543e-04    1.131935e-09    1.157190e-10 
 7
 Nonlinear solution status: time= 1.08862
	stiffness updates             = 6
	right hand side evaluations   = 8
	stiffness matrix reformations = 1
	step from line search         = 1.000000
	convergence norms :     INITIAL         CURRENT         REQUIRED
	   residual            9.473510e+01    6.361850e-06    0.000000e+00 
	   energy              3.340858e-02    2.876273e-10    3.340858e-04 
	   displacement        1.422543e-04    1.305639e-10    1.156829e-10 
 8
 Nonlinear solution status: time= 1.08862
	stiffness updates             = 7
	right hand side evaluations   = 9
	stiffness matrix reformations = 1
	step from line search         = 1.000000
	convergence norms :     INITIAL         CURRENT         REQUIRED
	   residual            9.473510e+01    1.739019e-07    0.000000e+00 
	   energy              3.340858e-02    3.222006e-11    3.340858e-04 
	   displacement        1.422543e-04    2.027421e-11    1.156699e-10 

convergence summary
    number of iterations   : 8
    number of reformations : 1

------- converged at time : 1.08862


AUTO STEPPER: increasing time step, dt = 0.00138608


===== beginning time step 28 : 1.09 =====


Reforming stiffness matrix: reformation #1

 1
 Nonlinear solution status: time= 1.09
	stiffness updates             = 0
	right hand side evaluations   = 2
	stiffness matrix reformations = 1
	step from line search         = 1.000000
	convergence norms :     INITIAL         CURRENT         REQUIRED
	   residual            2.017107e+03    9.498425e-02    0.000000e+00 
	   energy              1.825918e-01    1.500804e-03    1.825918e-03 
	   displacement        3.501405e-03    3.501405e-03    3.501405e-09 
 2
 Nonlinear solution status: time= 1.09
	stiffness updates             = 1
	right hand side evaluations   = 3
	stiffness matrix reformations = 1
	step from line search         = 1.000000
	convergence norms :     INITIAL         CURRENT         REQUIRED
	   residual            2.017107e+03    1.112574e-01    0.000000e+00 
	   energy              1.825918e-01    1.486410e-04    1.825918e-03 
	   displacement        3.501405e-03    9.905796e-05    2.897188e-09 
 3
 Nonlinear solution status: time= 1.09
	stiffness updates             = 2
	right hand side evaluations   = 5
	stiffness matrix reformations = 1
	step from line search         = 0.067311
	convergence norms :     INITIAL         CURRENT         REQUIRED
	   residual            2.017107e+03    8.010754e-02    0.000000e+00 
	   energy              1.825918e-01    2.489388e-06    1.825918e-03 
	   displacement        3.501405e-03    1.190026e-07    2.899536e-09 
 4
 Nonlinear solution status: time= 1.09
	stiffness updates             = 3
	right hand side evaluations   = 6
	stiffness matrix reformations = 1
	step from line search         = 1.000000
	convergence norms :     INITIAL         CURRENT         REQUIRED
	   residual            2.017107e+03    2.565906e-02    0.000000e+00 
	   energy              1.825918e-01    3.083032e-05    1.825918e-03 
	   displacement        3.501405e-03    1.435968e-05    3.079383e-09 
 5
 Nonlinear solution status: time= 1.09
	stiffness updates             = 4
	right hand side evaluations   = 7
	stiffness matrix reformations = 1
	step from line search         = 1.000000
	convergence norms :     INITIAL         CURRENT         REQUIRED
	   residual            2.017107e+03    7.666046e-04    0.000000e+00 
	   energy              1.825918e-01    5.892010e-07    1.825918e-03 
	   displacement        3.501405e-03    1.846721e-06    3.020579e-09 
 6
 Nonlinear solution status: time= 1.09
	stiffness updates             = 5
	right hand side evaluations   = 8
	stiffness matrix reformations = 1
	step from line search         = 1.000000
	convergence norms :     INITIAL         CURRENT         REQUIRED
	   residual            2.017107e+03    3.300592e-04    0.000000e+00 
	   energy              1.825918e-01    1.119625e-07    1.825918e-03 
	   displacement        3.501405e-03    6.594178e-08    3.017223e-09 
 7
 Nonlinear solution status: time= 1.09
	stiffness updates             = 6
	right hand side evaluations   = 9
	stiffness matrix reformations = 1
	step from line search         = 1.000000
	convergence norms :     INITIAL         CURRENT         REQUIRED
	   residual            2.017107e+03    5.799347e-05    0.000000e+00 
	   energy              1.825918e-01    4.522053e-08    1.825918e-03 
	   displacement        3.501405e-03    8.227824e-09    3.020252e-09 
 8
 Nonlinear solution status: time= 1.09
	stiffness updates             = 7
	right hand side evaluations   = 10
	stiffness matrix reformations = 1
	step from line search         = 1.000000
	convergence norms :     INITIAL         CURRENT         REQUIRED
	   residual            2.017107e+03    9.589911e-05    0.000000e+00 
	   energy              1.825918e-01    3.704939e-08    1.825918e-03 
	   displacement        3.501405e-03    1.259855e-08    3.023450e-09 
 9
 Nonlinear solution status: time= 1.09
	stiffness updates             = 8
	right hand side evaluations   = 11
	stiffness matrix reformations = 1
	step from line search         = 1.000000
	convergence norms :     INITIAL         CURRENT         REQUIRED
	   residual            2.017107e+03    2.916028e-04    0.000000e+00 
	   energy              1.825918e-01    6.228674e-09    1.825918e-03 
	   displacement        3.501405e-03    1.515595e-08    3.023530e-09 
 10
 Nonlinear solution status: time= 1.09
	stiffness updates             = 9
	right hand side evaluations   = 12
	stiffness matrix reformations = 1
	step from line search         = 1.000000
	convergence norms :     INITIAL         CURRENT         REQUIRED
	   residual            2.017107e+03    9.709584e-05    0.000000e+00 
	   energy              1.825918e-01    2.191159e-08    1.825918e-03 
	   displacement        3.501405e-03    1.595469e-09    3.022191e-09 

convergence summary
    number of iterations   : 10
    number of reformations : 1

------- converged at time : 1.09


AUTO STEPPER: increasing time step, dt = 0.00180652


===== beginning time step 29 : 1.09181 =====


Reforming stiffness matrix: reformation #1

 1
 Nonlinear solution status: time= 1.09181
	stiffness updates             = 0
	right hand side evaluations   = 2
	stiffness matrix reformations = 1
	step from line search         = 1.000000
	convergence norms :     INITIAL         CURRENT         REQUIRED
	   residual            9.430306e+01    7.803864e-01    0.000000e+00 
	   energy              3.877838e-02    1.600445e-03    3.877838e-04 
	   displacement        5.419905e-03    5.419905e-03    5.419905e-09 
 2

 *************************************************************************
 *                                ERROR                                  *
 * 2 negative jacobians detected.                                        *
 *************************************************************************


------- failed to converge at time : 1.09181

Retrying time step. Retry attempt 1 of max 20


AUTO STEPPER: retry step, dt = 0.0017205


===== beginning time step 29 : 1.09172 =====


Reforming stiffness matrix: reformation #1

 1
 Nonlinear solution status: time= 1.09172
	stiffness updates             = 0
	right hand side evaluations   = 2
	stiffness matrix reformations = 1
	step from line search         = 1.000000
	convergence norms :     INITIAL         CURRENT         REQUIRED
	   residual            9.436188e+01    7.013853e-01    0.000000e+00 
	   energy              3.874498e-02    1.584375e-03    3.874498e-04 
	   displacement        4.951995e-03    4.951995e-03    4.951995e-09 
 2

 *************************************************************************
 *                                ERROR                                  *
 * Negative jacobian detected.                                           *
 *************************************************************************


------- failed to converge at time : 1.09172

Retrying time step. Retry attempt 2 of max 20


AUTO STEPPER: retry step, dt = 0.00163447


===== beginning time step 29 : 1.09164 =====


Reforming stiffness matrix: reformation #1

 1
 Nonlinear solution status: time= 1.09164
	stiffness updates             = 0
	right hand side evaluations   = 2
	stiffness matrix reformations = 1
	step from line search         = 1.000000
	convergence norms :     INITIAL         CURRENT         REQUIRED
	   residual            9.442930e+01    6.269430e-01    0.000000e+00 
	   energy              3.870887e-02    1.570611e-03    3.870887e-04 
	   displacement        4.501926e-03    4.501926e-03    4.501926e-09 
 2
 Nonlinear solution status: time= 1.09164
	stiffness updates             = 1
	right hand side evaluations   = 4
	stiffness matrix reformations = 1
	step from line search         = 0.175929
	convergence norms :     INITIAL         CURRENT         REQUIRED
	   residual            9.442930e+01    1.297816e-01    0.000000e+00 
	   energy              3.870887e-02    4.553373e-05    3.870887e-04 
	   displacement        4.501926e-03    5.024518e-06    4.354942e-09 
 3
 Nonlinear solution status: time= 1.09164
	stiffness updates             = 2
	right hand side evaluations   = 6
	stiffness matrix reformations = 1
	step from line search         = 0.543794
	convergence norms :     INITIAL         CURRENT         REQUIRED
	   residual            9.442930e+01    4.816003e-01    0.000000e+00 
	   energy              3.870887e-02    8.126919e-05    3.870887e-04 
	   displacement        4.501926e-03    6.067427e-05    3.797507e-09 
 4
 Nonlinear solution status: time= 1.09164
	stiffness updates             = 3
	right hand side evaluations   = 8
	stiffness matrix reformations = 1
	step from line search         = 0.414440
	convergence norms :     INITIAL         CURRENT         REQUIRED
	   residual            9.442930e+01    2.931060e-01    0.000000e+00 
	   energy              3.870887e-02    2.285467e-05    3.870887e-04 
	   displacement        4.501926e-03    1.346103e-06    3.767753e-09 
 5
 Nonlinear solution status: time= 1.09164
	stiffness updates             = 4
	right hand side evaluations   = 10
	stiffness matrix reformations = 1
	step from line search         = 0.447884
	convergence norms :     INITIAL         CURRENT         REQUIRED
	   residual            9.442930e+01    2.423125e-01    0.000000e+00 
	   energy              3.870887e-02    1.994378e-05    3.870887e-04 
	   displacement        4.501926e-03    2.985009e-06    3.800920e-09 
 6
 Nonlinear solution status: time= 1.09164
	stiffness updates             = 5
	right hand side evaluations   = 11
	stiffness matrix reformations = 1
	step from line search         = 1.000000
	convergence norms :     INITIAL         CURRENT         REQUIRED
	   residual            9.442930e+01    3.954360e-01    0.000000e+00 
	   energy              3.870887e-02    3.865885e-05    3.870887e-04 
	   displacement        4.501926e-03    5.444056e-06    3.900852e-09 
 7
 Nonlinear solution status: time= 1.09164
	stiffness updates             = 6
	right hand side evaluations   = 12
	stiffness matrix reformations = 1
	step from line search         = 1.000000
	convergence norms :     INITIAL         CURRENT         REQUIRED
	   residual            9.442930e+01    1.083469e-01    0.000000e+00 
	   energy              3.870887e-02    4.247790e-06    3.870887e-04 
	   displacement        4.501926e-03    2.013111e-06    3.865051e-09 
 8
 Nonlinear solution status: time= 1.09164
	stiffness updates             = 7
	right hand side evaluations   = 14
	stiffness matrix reformations = 1
	step from line search         = 0.599044
	convergence norms :     INITIAL         CURRENT         REQUIRED
	   residual            9.442930e+01    3.300556e-02    0.000000e+00 
	   energy              3.870887e-02    1.268299e-06    3.870887e-04 
	   displacement        4.501926e-03    9.779186e-07    3.829897e-09 
 9
 Nonlinear solution status: time= 1.09164
	stiffness updates             = 8
	right hand side evaluations   = 16
	stiffness matrix reformations = 1
	step from line search         = 0.519556
	convergence norms :     INITIAL         CURRENT         REQUIRED
	   residual            9.442930e+01    3.003776e-02    0.000000e+00 
	   energy              3.870887e-02    5.979444e-07    3.870887e-04 
	   displacement        4.501926e-03    2.685650e-07    3.825049e-09 
 10
 Nonlinear solution status: time= 1.09164
	stiffness updates             = 9
	right hand side evaluations   = 17
	stiffness matrix reformations = 1
	step from line search         = 1.000000
	convergence norms :     INITIAL         CURRENT         REQUIRED
	   residual            9.442930e+01    2.921654e-02    0.000000e+00 
	   energy              3.870887e-02    1.798941e-06    3.870887e-04 
	   displacement        4.501926e-03    3.565975e-07    3.844302e-09 

 *************************************************************************
 *                               WARNING                                 *
 * Max nr of iterations reached.                                         *
 * Stiffness matrix will now be reformed.                                *
 *************************************************************************
Reforming stiffness matrix: reformation #2

 11
 Nonlinear solution status: time= 1.09164
	stiffness updates             = 0
	right hand side evaluations   = 19
	stiffness matrix reformations = 2
	step from line search         = 0.629602
	convergence norms :     INITIAL         CURRENT         REQUIRED
	   residual            9.442930e+01    6.211427e-03    0.000000e+00 
	   energy              3.870887e-02    2.498105e-07    3.870887e-04 
	   displacement        4.501926e-03    1.736444e-07    3.851408e-09 
 12
 Nonlinear solution status: time= 1.09164
	stiffness updates             = 1
	right hand side evaluations   = 20
	stiffness matrix reformations = 2
	step from line search         = 1.000000
	convergence norms :     INITIAL         CURRENT         REQUIRED
	   residual            9.442930e+01    2.943963e-03    0.000000e+00 
	   energy              3.870887e-02    5.544345e-07    3.870887e-04 
	   displacement        4.501926e-03    3.190859e-08    3.854616e-09 
 13
 Nonlinear solution status: time= 1.09164
	stiffness updates             = 2
	right hand side evaluations   = 21
	stiffness matrix reformations = 2
	step from line search         = 1.000000
	convergence norms :     INITIAL         CURRENT         REQUIRED
	   residual            9.442930e+01    2.628323e-03    0.000000e+00 
	   energy              3.870887e-02    2.088859e-07    3.870887e-04 
	   displacement        4.501926e-03    5.436558e-08    3.853920e-09 
 14
 Nonlinear solution status: time= 1.09164
	stiffness updates             = 3
	right hand side evaluations   = 22
	stiffness matrix reformations = 2
	step from line search         = 1.000000
	convergence norms :     INITIAL         CURRENT         REQUIRED
	   residual            9.442930e+01    1.237317e-03    0.000000e+00 
	   energy              3.870887e-02    1.508760e-07    3.870887e-04 
	   displacement        4.501926e-03    2.462388e-08    3.853049e-09 
 15
 Nonlinear solution status: time= 1.09164
	stiffness updates             = 4
	right hand side evaluations   = 23
	stiffness matrix reformations = 2
	step from line search         = 1.000000
	convergence norms :     INITIAL         CURRENT         REQUIRED
	   residual            9.442930e+01    1.885156e-04    0.000000e+00 
	   energy              3.870887e-02    2.296788e-10    3.870887e-04 
	   displacement        4.501926e-03    1.451012e-08    3.853438e-09 
 16
 Nonlinear solution status: time= 1.09164
	stiffness updates             = 5
	right hand side evaluations   = 24
	stiffness matrix reformations = 2
	step from line search         = 1.000000
	convergence norms :     INITIAL         CURRENT         REQUIRED
	   residual            9.442930e+01    8.455321e-04    0.000000e+00 
	   energy              3.870887e-02    1.757819e-08    3.870887e-04 
	   displacement        4.501926e-03    1.542195e-08    3.854359e-09 
 17
 Nonlinear solution status: time= 1.09164
	stiffness updates             = 6
	right hand side evaluations   = 25
	stiffness matrix reformations = 2
	step from line search         = 1.000000
	convergence norms :     INITIAL         CURRENT         REQUIRED
	   residual            9.442930e+01    2.669603e-04    0.000000e+00 
	   energy              3.870887e-02    3.331416e-08    3.870887e-04 
	   displacement        4.501926e-03    2.010647e-09    3.854399e-09 

convergence summary
    number of iterations   : 17
    number of reformations : 2

------- converged at time : 1.09164


AUTO STEPPER: decreasing time step, dt = 0.00131477


===== beginning time step 30 : 1.09295 =====


Reforming stiffness matrix: reformation #1

 1
 Nonlinear solution status: time= 1.09295
	stiffness updates             = 0
	right hand side evaluations   = 2
	stiffness matrix reformations = 1
	step from line search         = 1.000000
	convergence norms :     INITIAL         CURRENT         REQUIRED
	   residual            8.830526e-01    2.961798e-01    0.000000e+00 
	   energy              2.982122e-02    1.579779e-03    2.982122e-04 
	   displacement        2.767728e-03    2.767728e-03    2.767728e-09 
 2
 Nonlinear solution status: time= 1.09295
	stiffness updates             = 1
	right hand side evaluations   = 4
	stiffness matrix reformations = 1
	step from line search         = 0.219322
	convergence norms :     INITIAL         CURRENT         REQUIRED
	   residual            8.830526e-01    6.830052e-02    0.000000e+00 
	   energy              2.982122e-02    6.343693e-05    2.982122e-04 
	   displacement        2.767728e-03    4.986746e-06    2.657044e-09 
 3
 Nonlinear solution status: time= 1.09295
	stiffness updates             = 2
	right hand side evaluations   = 6
	stiffness matrix reformations = 1
	step from line search         = 0.353319
	convergence norms :     INITIAL         CURRENT         REQUIRED
	   residual            8.830526e-01    3.657425e-01    0.000000e+00 
	   energy              2.982122e-02    1.736468e-05    2.982122e-04 
	   displacement        2.767728e-03    1.886940e-05    2.430776e-09 
 4
 Nonlinear solution status: time= 1.09295
	stiffness updates             = 3
	right hand side evaluations   = 7
	stiffness matrix reformations = 1
	step from line search         = 1.000000
	convergence norms :     INITIAL         CURRENT         REQUIRED
	   residual            8.830526e-01    2.924500e-01    0.000000e+00 
	   energy              2.982122e-02    8.447567e-05    2.982122e-04 
	   displacement        2.767728e-03    9.549041e-06    2.297625e-09 
 5
 Nonlinear solution status: time= 1.09295
	stiffness updates             = 4
	right hand side evaluations   = 9
	stiffness matrix reformations = 1
	step from line search         = 0.494361
	convergence norms :     INITIAL         CURRENT         REQUIRED
	   residual            8.830526e-01    2.174650e-02    0.000000e+00 
	   energy              2.982122e-02    1.940446e-06    2.982122e-04 
	   displacement        2.767728e-03    1.197988e-06    2.305965e-09 
 6
 Nonlinear solution status: time= 1.09295
	stiffness updates             = 5
	right hand side evaluations   = 10
	stiffness matrix reformations = 1
	step from line search         = 1.000000
	convergence norms :     INITIAL         CURRENT         REQUIRED
	   residual            8.830526e-01    2.971222e-01    0.000000e+00 
	   energy              2.982122e-02    1.501530e-05    2.982122e-04 
	   displacement        2.767728e-03    3.170401e-06    2.386861e-09 
 7
 Nonlinear solution status: time= 1.09295
	stiffness updates             = 6
	right hand side evaluations   = 11
	stiffness matrix reformations = 1
	step from line search         = 1.000000
	convergence norms :     INITIAL         CURRENT         REQUIRED
	   residual            8.830526e-01    1.208686e-02    0.000000e+00 
	   energy              2.982122e-02    1.573474e-06    2.982122e-04 
	   displacement        2.767728e-03    1.587391e-07    2.399070e-09 
 8
 Nonlinear solution status: time= 1.09295
	stiffness updates             = 7
	right hand side evaluations   = 12
	stiffness matrix reformations = 1
	step from line search         = 1.000000
	convergence norms :     INITIAL         CURRENT         REQUIRED
	   residual            8.830526e-01    1.091657e-02    0.000000e+00 
	   energy              2.982122e-02    2.585768e-06    2.982122e-04 
	   displacement        2.767728e-03    9.014985e-07    2.349972e-09 
 9
 Nonlinear solution status: time= 1.09295
	stiffness updates             = 8
	right hand side evaluations   = 13
	stiffness matrix reformations = 1
	step from line search         = 1.000000
	convergence norms :     INITIAL         CURRENT         REQUIRED
	   residual            8.830526e-01    9.482701e-03    0.000000e+00 
	   energy              2.982122e-02    6.923276e-07    2.982122e-04 
	   displacement        2.767728e-03    9.777509e-08    2.357407e-09 
 10
 Nonlinear solution status: time= 1.09295
	stiffness updates             = 9
	right hand side evaluations   = 14
	stiffness matrix reformations = 1
	step from line search         = 1.000000
	convergence norms :     INITIAL         CURRENT         REQUIRED
	   residual            8.830526e-01    1.158238e-02    0.000000e+00 
	   energy              2.982122e-02    7.435796e-07    2.982122e-04 
	   displacement        2.767728e-03    6.365447e-08    2.364784e-09 

 *************************************************************************
 *                               WARNING                                 *
 * Max nr of iterations reached.                                         *
 * Stiffness matrix will now be reformed.                                *
 *************************************************************************
Reforming stiffness matrix: reformation #2

 11
 Nonlinear solution status: time= 1.09295
	stiffness updates             = 0
	right hand side evaluations   = 15
	stiffness matrix reformations = 2
	step from line search         = 1.000000
	convergence norms :     INITIAL         CURRENT         REQUIRED
	   residual            8.830526e-01    7.704573e-03    0.000000e+00 
	   energy              2.982122e-02    6.696896e-07    2.982122e-04 
	   displacement        2.767728e-03    1.900037e-07    2.359515e-09 
 12
 Nonlinear solution status: time= 1.09295
	stiffness updates             = 1
	right hand side evaluations   = 16
	stiffness matrix reformations = 2
	step from line search         = 1.000000
	convergence norms :     INITIAL         CURRENT         REQUIRED
	   residual            8.830526e-01    3.402190e-03    0.000000e+00 
	   energy              2.982122e-02    5.303083e-07    2.982122e-04 
	   displacement        2.767728e-03    2.673425e-08    2.358264e-09 
 13
 Nonlinear solution status: time= 1.09295
	stiffness updates             = 2
	right hand side evaluations   = 17
	stiffness matrix reformations = 2
	step from line search         = 1.000000
	convergence norms :     INITIAL         CURRENT         REQUIRED
	   residual            8.830526e-01    2.691378e-05    0.000000e+00 
	   energy              2.982122e-02    4.535437e-08    2.982122e-04 
	   displacement        2.767728e-03    1.367788e-08    2.360969e-09 
 14
 Nonlinear solution status: time= 1.09295
	stiffness updates             = 3
	right hand side evaluations   = 18
	stiffness matrix reformations = 2
	step from line search         = 1.000000
	convergence norms :     INITIAL         CURRENT         REQUIRED
	   residual            8.830526e-01    7.949121e-04    0.000000e+00 
	   energy              2.982122e-02    8.480694e-09    2.982122e-04 
	   displacement        2.767728e-03    9.419132e-09    2.360929e-09 
 15
 Nonlinear solution status: time= 1.09295
	stiffness updates             = 4
	right hand side evaluations   = 19
	stiffness matrix reformations = 2
	step from line search         = 1.000000
	convergence norms :     INITIAL         CURRENT         REQUIRED
	   residual            8.830526e-01    2.428723e-04    0.000000e+00 
	   energy              2.982122e-02    1.830850e-08    2.982122e-04 
	   displacement        2.767728e-03    5.888596e-10    2.360887e-09 

convergence summary
    number of iterations   : 15
    number of reformations : 2

------- converged at time : 1.09295


AUTO STEPPER: decreasing time step, dt = 0.0011259


===== beginning time step 31 : 1.09408 =====


Reforming stiffness matrix: reformation #1

 1
 Nonlinear solution status: time= 1.09408
	stiffness updates             = 0
	right hand side evaluations   = 2
	stiffness matrix reformations = 1
	step from line search         = 1.000000
	convergence norms :     INITIAL         CURRENT         REQUIRED
	   residual            1.184152e+00    1.371990e-01    0.000000e+00 
	   energy              2.882133e-02    1.549178e-03    2.882133e-04 
	   displacement        1.952118e-03    1.952118e-03    1.952118e-09 
 2
 Nonlinear solution status: time= 1.09408
	stiffness updates             = 1
	right hand side evaluations   = 3
	stiffness matrix reformations = 1
	step from line search         = 1.000000
	convergence norms :     INITIAL         CURRENT         REQUIRED
	   residual            1.184152e+00    9.592293e-02    0.000000e+00 
	   energy              2.882133e-02    1.003872e-04    2.882133e-04 
	   displacement        1.952118e-03    6.425123e-05    1.632434e-09 
 3
 Nonlinear solution status: time= 1.09408
	stiffness updates             = 2
	right hand side evaluations   = 4
	stiffness matrix reformations = 1
	step from line search         = 1.000000
	convergence norms :     INITIAL         CURRENT         REQUIRED
	   residual            1.184152e+00    6.031857e-03    0.000000e+00 
	   energy              2.882133e-02    7.120282e-08    2.882133e-04 
	   displacement        1.952118e-03    2.595618e-06    1.654509e-09 
 4
 Nonlinear solution status: time= 1.09408
	stiffness updates             = 3
	right hand side evaluations   = 5
	stiffness matrix reformations = 1
	step from line search         = 1.000000
	convergence norms :     INITIAL         CURRENT         REQUIRED
	   residual            1.184152e+00    3.374296e-03    0.000000e+00 
	   energy              2.882133e-02    8.100814e-07    2.882133e-04 
	   displacement        1.952118e-03    1.554695e-07    1.664885e-09 
 5
 Nonlinear solution status: time= 1.09408
	stiffness updates             = 4
	right hand side evaluations   = 6
	stiffness matrix reformations = 1
	step from line search         = 1.000000
	convergence norms :     INITIAL         CURRENT         REQUIRED
	   residual            1.184152e+00    2.101822e-04    0.000000e+00 
	   energy              2.882133e-02    5.115054e-08    2.882133e-04 
	   displacement        1.952118e-03    2.226845e-08    1.663674e-09 
 6
 Nonlinear solution status: time= 1.09408
	stiffness updates             = 5
	right hand side evaluations   = 8
	stiffness matrix reformations = 1
	step from line search         = 0.591168
	convergence norms :     INITIAL         CURRENT         REQUIRED
	   residual            1.184152e+00    2.914585e-04    0.000000e+00 
	   energy              2.882133e-02    8.808621e-09    2.882133e-04 
	   displacement        1.952118e-03    3.085451e-09    1.663010e-09 
 7
 Nonlinear solution status: time= 1.09408
	stiffness updates             = 6
	right hand side evaluations   = 9
	stiffness matrix reformations = 1
	step from line search         = 1.000000
	convergence norms :     INITIAL         CURRENT         REQUIRED
	   residual            1.184152e+00    2.793573e-05    0.000000e+00 
	   energy              2.882133e-02    3.985213e-09    2.882133e-04 
	   displacement        1.952118e-03    5.856427e-10    1.662782e-09 

convergence summary
    number of iterations   : 7
    number of reformations : 1

------- converged at time : 1.09408


AUTO STEPPER: increasing time step, dt = 0.00290072


===== beginning time step 32 : 1.09698 =====


Reforming stiffness matrix: reformation #1

 1
 Nonlinear solution status: time= 1.09698
	stiffness updates             = 0
	right hand side evaluations   = 2
	stiffness matrix reformations = 1
	step from line search         = 1.000000
	convergence norms :     INITIAL         CURRENT         REQUIRED
	   residual            1.979518e-01    3.809966e-01    0.000000e+00 
	   energy              2.863858e-02    1.834840e-03    2.863858e-04 
	   displacement        1.161031e-02    1.161031e-02    1.161031e-08 
 2
 Nonlinear solution status: time= 1.09698
	stiffness updates             = 1
	right hand side evaluations   = 3
	stiffness matrix reformations = 1
	step from line search         = 1.000000
	convergence norms :     INITIAL         CURRENT         REQUIRED
	   residual            1.979518e-01    4.932148e-01    0.000000e+00 
	   energy              2.863858e-02    2.639105e-04    2.863858e-04 
	   displacement        1.161031e-02    2.778998e-04    9.547519e-09 
 3
 Nonlinear solution status: time= 1.09698
	stiffness updates             = 2
	right hand side evaluations   = 4
	stiffness matrix reformations = 1
	step from line search         = 1.000000
	convergence norms :     INITIAL         CURRENT         REQUIRED
	   residual            1.979518e-01    2.525725e-01    0.000000e+00 
	   energy              2.863858e-02    6.708556e-05    2.863858e-04 
	   displacement        1.161031e-02    3.637842e-05    9.347834e-09 
 4
 Nonlinear solution status: time= 1.09698
	stiffness updates             = 3
	right hand side evaluations   = 6
	stiffness matrix reformations = 1
	step from line search         = 0.603540
	convergence norms :     INITIAL         CURRENT         REQUIRED
	   residual            1.979518e-01    1.049478e-01    0.000000e+00 
	   energy              2.863858e-02    1.347704e-05    2.863858e-04 
	   displacement        1.161031e-02    1.137151e-05    9.648076e-09 
 5
 Nonlinear solution status: time= 1.09698
	stiffness updates             = 4
	right hand side evaluations   = 8
	stiffness matrix reformations = 1
	step from line search         = 0.573224
	convergence norms :     INITIAL         CURRENT         REQUIRED
	   residual            1.979518e-01    3.184529e-02    0.000000e+00 
	   energy              2.863858e-02    5.094280e-06    2.863858e-04 
	   displacement        1.161031e-02    3.222389e-06    9.825934e-09 
 6
 Nonlinear solution status: time= 1.09698
	stiffness updates             = 5
	right hand side evaluations   = 10
	stiffness matrix reformations = 1
	step from line search         = 0.595307
	convergence norms :     INITIAL         CURRENT         REQUIRED
	   residual            1.979518e-01    3.267897e-02    0.000000e+00 
	   energy              2.863858e-02    2.238529e-06    2.863858e-04 
	   displacement        1.161031e-02    8.814094e-07    9.825424e-09 
 7
 Nonlinear solution status: time= 1.09698
	stiffness updates             = 6
	right hand side evaluations   = 12
	stiffness matrix reformations = 1
	step from line search         = 0.530256
	convergence norms :     INITIAL         CURRENT         REQUIRED
	   residual            1.979518e-01    6.030826e-03    0.000000e+00 
	   energy              2.863858e-02    7.911215e-07    2.863858e-04 
	   displacement        1.161031e-02    4.051688e-07    9.783951e-09 
 8
 Nonlinear solution status: time= 1.09698
	stiffness updates             = 7
	right hand side evaluations   = 14
	stiffness matrix reformations = 1
	step from line search         = 0.577747
	convergence norms :     INITIAL         CURRENT         REQUIRED
	   residual            1.979518e-01    4.338301e-03    0.000000e+00 
	   energy              2.863858e-02    4.015632e-07    2.863858e-04 
	   displacement        1.161031e-02    1.917086e-07    9.757982e-09 
 9
 Nonlinear solution status: time= 1.09698
	stiffness updates             = 8
	right hand side evaluations   = 16
	stiffness matrix reformations = 1
	step from line search         = 0.597083
	convergence norms :     INITIAL         CURRENT         REQUIRED
	   residual            1.979518e-01    9.316848e-04    0.000000e+00 
	   energy              2.863858e-02    1.229516e-07    2.863858e-04 
	   displacement        1.161031e-02    6.751966e-08    9.760889e-09 
 10
 Nonlinear solution status: time= 1.09698
	stiffness updates             = 9
	right hand side evaluations   = 18
	stiffness matrix reformations = 1
	step from line search         = 0.613361
	convergence norms :     INITIAL         CURRENT         REQUIRED
	   residual            1.979518e-01    4.170097e-04    0.000000e+00 
	   energy              2.863858e-02    4.143398e-08    2.863858e-04 
	   displacement        1.161031e-02    2.766474e-08    9.772605e-09 

 *************************************************************************
 *                               WARNING                                 *
 * Max nr of iterations reached.                                         *
 * Stiffness matrix will now be reformed.                                *
 *************************************************************************
Reforming stiffness matrix: reformation #2

 11
 Nonlinear solution status: time= 1.09698
	stiffness updates             = 0
	right hand side evaluations   = 19
	stiffness matrix reformations = 2
	step from line search         = 1.000000
	convergence norms :     INITIAL         CURRENT         REQUIRED
	   residual            1.979518e-01    1.170002e-06    0.000000e+00 
	   energy              2.863858e-02    1.476898e-09    2.863858e-04 
	   displacement        1.161031e-02    2.300920e-08    9.774399e-09 
 12
 Nonlinear solution status: time= 1.09698
	stiffness updates             = 1
	right hand side evaluations   = 20
	stiffness matrix reformations = 2
	step from line search         = 1.000000
	convergence norms :     INITIAL         CURRENT         REQUIRED
	   residual            1.979518e-01    2.075405e-08    0.000000e+00 
	   energy              2.863858e-02    3.902339e-11    2.863858e-04 
	   displacement        1.161031e-02    2.791867e-10    9.774444e-09 

convergence summary
    number of iterations   : 12
    number of reformations : 2

------- converged at time : 1.09698


AUTO STEPPER: decreasing time step, dt = 0.00277723


===== beginning time step 33 : 1.09976 =====


Reforming stiffness matrix: reformation #1

 1
 Nonlinear solution status: time= 1.09976
	stiffness updates             = 0
	right hand side evaluations   = 2
	stiffness matrix reformations = 1
	step from line search         = 1.000000
	convergence norms :     INITIAL         CURRENT         REQUIRED
	   residual            1.966553e-01    2.356521e-01    0.000000e+00 
	   energy              2.567281e-02    1.636165e-03    2.567281e-04 
	   displacement        9.632476e-03    9.632476e-03    9.632476e-09 
 2
 Nonlinear solution status: time= 1.09976
	stiffness updates             = 1
	right hand side evaluations   = 3
	stiffness matrix reformations = 1
	step from line search         = 1.000000
	convergence norms :     INITIAL         CURRENT         REQUIRED
	   residual            1.966553e-01    2.865997e-01    0.000000e+00 
	   energy              2.567281e-02    1.703985e-04    2.567281e-04 
	   displacement        9.632476e-03    2.263229e-04    7.872914e-09 
 3
 Nonlinear solution status: time= 1.09976
	stiffness updates             = 2
	right hand side evaluations   = 4
	stiffness matrix reformations = 1
	step from line search         = 1.000000
	convergence norms :     INITIAL         CURRENT         REQUIRED
	   residual            1.966553e-01    1.592305e-01    0.000000e+00 
	   energy              2.567281e-02    5.511886e-05    2.567281e-04 
	   displacement        9.632476e-03    2.174686e-05    7.764168e-09 
 4
 Nonlinear solution status: time= 1.09976
	stiffness updates             = 3
	right hand side evaluations   = 5
	stiffness matrix reformations = 1
	step from line search         = 1.000000
	convergence norms :     INITIAL         CURRENT         REQUIRED
	   residual            1.966553e-01    1.046271e-01    0.000000e+00 
	   energy              2.567281e-02    3.872694e-05    2.567281e-04 
	   displacement        9.632476e-03    1.692960e-05    8.103066e-09 
 5
 Nonlinear solution status: time= 1.09976
	stiffness updates             = 4
	right hand side evaluations   = 6
	stiffness matrix reformations = 1
	step from line search         = 1.000000
	convergence norms :     INITIAL         CURRENT         REQUIRED
	   residual            1.966553e-01    6.618013e-02    0.000000e+00 
	   energy              2.567281e-02    2.090528e-05    2.567281e-04 
	   displacement        9.632476e-03    5.200040e-06    8.146151e-09 
 6
 Nonlinear solution status: time= 1.09976
	stiffness updates             = 5
	right hand side evaluations   = 7
	stiffness matrix reformations = 1
	step from line search         = 1.000000
	convergence norms :     INITIAL         CURRENT         REQUIRED
	   residual            1.966553e-01    4.948583e-02    0.000000e+00 
	   energy              2.567281e-02    1.502750e-05    2.567281e-04 
	   displacement        9.632476e-03    4.944685e-06    7.994603e-09 
 7
 Nonlinear solution status: time= 1.09976
	stiffness updates             = 6
	right hand side evaluations   = 8
	stiffness matrix reformations = 1
	step from line search         = 1.000000
	convergence norms :     INITIAL         CURRENT         REQUIRED
	   residual            1.966553e-01    2.612518e-02    0.000000e+00 
	   energy              2.567281e-02    7.185171e-06    2.567281e-04 
	   displacement        9.632476e-03    2.010811e-06    7.992207e-09 
 8
 Nonlinear solution status: time= 1.09976
	stiffness updates             = 7
	right hand side evaluations   = 9
	stiffness matrix reformations = 1
	step from line search         = 1.000000
	convergence norms :     INITIAL         CURRENT         REQUIRED
	   residual            1.966553e-01    1.434821e-02    0.000000e+00 
	   energy              2.567281e-02    4.835425e-06    2.567281e-04 
	   displacement        9.632476e-03    1.606644e-06    8.080083e-09 
 9
 Nonlinear solution status: time= 1.09976
	stiffness updates             = 8
	right hand side evaluations   = 10
	stiffness matrix reformations = 1
	step from line search         = 1.000000
	convergence norms :     INITIAL         CURRENT         REQUIRED
	   residual            1.966553e-01    9.800474e-03    0.000000e+00 
	   energy              2.567281e-02    2.118386e-06    2.567281e-04 
	   displacement        9.632476e-03    5.503633e-07    8.070746e-09 
 10
 Nonlinear solution status: time= 1.09976
	stiffness updates             = 9
	right hand side evaluations   = 12
	stiffness matrix reformations = 1
	step from line search         = 0.615920
	convergence norms :     INITIAL         CURRENT         REQUIRED
	   residual            1.966553e-01    1.886043e-03    0.000000e+00 
	   energy              2.567281e-02    3.574583e-07    2.567281e-04 
	   displacement        9.632476e-03    1.862934e-07    8.045084e-09 

 *************************************************************************
 *                               WARNING                                 *
 * Max nr of iterations reached.                                         *
 * Stiffness matrix will now be reformed.                                *
 *************************************************************************
Reforming stiffness matrix: reformation #2

 11
 Nonlinear solution status: time= 1.09976
	stiffness updates             = 0
	right hand side evaluations   = 13
	stiffness matrix reformations = 2
	step from line search         = 1.000000
	convergence norms :     INITIAL         CURRENT         REQUIRED
	   residual            1.966553e-01    2.422018e-04    0.000000e+00 
	   energy              2.567281e-02    8.147534e-08    2.567281e-04 
	   displacement        9.632476e-03    1.242010e-07    8.053724e-09 
 12
 Nonlinear solution status: time= 1.09976
	stiffness updates             = 1
	right hand side evaluations   = 14
	stiffness matrix reformations = 2
	step from line search         = 1.000000
	convergence norms :     INITIAL         CURRENT         REQUIRED
	   residual            1.966553e-01    1.026669e-04    0.000000e+00 
	   energy              2.567281e-02    3.044926e-08    2.567281e-04 
	   displacement        9.632476e-03    1.452324e-08    8.051464e-09 
 13
 Nonlinear solution status: time= 1.09976
	stiffness updates             = 2
	right hand side evaluations   = 15
	stiffness matrix reformations = 2
	step from line search         = 1.000000
	convergence norms :     INITIAL         CURRENT         REQUIRED
	   residual            1.966553e-01    1.080936e-06    0.000000e+00 
	   energy              2.567281e-02    2.053427e-09    2.567281e-04 
	   displacement        9.632476e-03    2.842258e-09    8.050763e-09 

convergence summary
    number of iterations   : 13
    number of reformations : 2

------- converged at time : 1.09976


AUTO STEPPER: decreasing time step, dt = 0.00255468

MUST POINT CONTROLLER: adjusting time step. dt = 0.000244915


===== beginning time step 34 : 1.1 =====


Reforming stiffness matrix: reformation #1

 1
 Nonlinear solution status: time= 1.1
	stiffness updates             = 0
	right hand side evaluations   = 2
	stiffness matrix reformations = 1
	step from line search         = 1.000000
	convergence norms :     INITIAL         CURRENT         REQUIRED
	   residual            2.013919e+01    1.340235e+00    0.000000e+00 
	   energy              2.315130e-02    2.446661e-03    2.315130e-04 
	   displacement        8.014722e-05    8.014722e-05    8.014722e-11 
 2
 Nonlinear solution status: time= 1.1
	stiffness updates             = 1
	right hand side evaluations   = 3
	stiffness matrix reformations = 1
	step from line search         = 1.000000
	convergence norms :     INITIAL         CURRENT         REQUIRED
	   residual            2.013919e+01    1.345909e-01    0.000000e+00 
	   energy              2.315130e-02    1.567345e-04    2.315130e-04 
	   displacement        8.014722e-05    1.117910e-05    6.285886e-11 
 3
 Nonlinear solution status: time= 1.1
	stiffness updates             = 2
	right hand side evaluations   = 4
	stiffness matrix reformations = 1
	step from line search         = 1.000000
	convergence norms :     INITIAL         CURRENT         REQUIRED
	   residual            2.013919e+01    8.056139e-03    0.000000e+00 
	   energy              2.315130e-02    3.989946e-06    2.315130e-04 
	   displacement        8.014722e-05    4.067734e-07    5.982002e-11 
 4
 Nonlinear solution status: time= 1.1
	stiffness updates             = 3
	right hand side evaluations   = 5
	stiffness matrix reformations = 1
	step from line search         = 1.000000
	convergence norms :     INITIAL         CURRENT         REQUIRED
	   residual            2.013919e+01    8.934956e-04    0.000000e+00 
	   energy              2.315130e-02    1.032894e-06    2.315130e-04 
	   displacement        8.014722e-05    5.206936e-08    6.062261e-11 
 5
 Nonlinear solution status: time= 1.1
	stiffness updates             = 4
	right hand side evaluations   = 6
	stiffness matrix reformations = 1
	step from line search         = 1.000000
	convergence norms :     INITIAL         CURRENT         REQUIRED
	   residual            2.013919e+01    5.790119e-05    0.000000e+00 
	   energy              2.315130e-02    1.400225e-07    2.315130e-04 
	   displacement        8.014722e-05    5.275882e-09    6.123871e-11 
 6
 Nonlinear solution status: time= 1.1
	stiffness updates             = 5
	right hand side evaluations   = 7
	stiffness matrix reformations = 1
	step from line search         = 1.000000
	convergence norms :     INITIAL         CURRENT         REQUIRED
	   residual            2.013919e+01    8.040031e-06    0.000000e+00 
	   energy              2.315130e-02    1.620995e-08    2.315130e-04 
	   displacement        8.014722e-05    9.269501e-10    6.129246e-11 
 7
 Nonlinear solution status: time= 1.1
	stiffness updates             = 6
	right hand side evaluations   = 8
	stiffness matrix reformations = 1
	step from line search         = 1.000000
	convergence norms :     INITIAL         CURRENT         REQUIRED
	   residual            2.013919e+01    2.510983e-06    0.000000e+00 
	   energy              2.315130e-02    3.090461e-09    2.315130e-04 
	   displacement        8.014722e-05    1.581147e-10    6.127741e-11 
 8
 Nonlinear solution status: time= 1.1
	stiffness updates             = 7
	right hand side evaluations   = 9
	stiffness matrix reformations = 1
	step from line search         = 1.000000
	convergence norms :     INITIAL         CURRENT         REQUIRED
	   residual            2.013919e+01    2.394467e-07    0.000000e+00 
	   energy              2.315130e-02    3.092443e-10    2.315130e-04 
	   displacement        8.014722e-05    1.753705e-11    6.127044e-11 

convergence summary
    number of iterations   : 8
    number of reformations : 1

------- converged at time : 1.1


AUTO STEPPER: increasing time step, dt = 0.00383977


===== beginning time step 35 : 1.10384 =====


Reforming stiffness matrix: reformation #1

 1
 Nonlinear solution status: time= 1.10384
	stiffness updates             = 0
	right hand side evaluations   = 2
	stiffness matrix reformations = 1
	step from line search         = 1.000000
	convergence norms :     INITIAL         CURRENT         REQUIRED
	   residual            1.005848e-01    3.351333e-01    0.000000e+00 
	   energy              2.367521e-02    1.820595e-03    2.367521e-04 
	   displacement        1.615949e-02    1.615949e-02    1.615949e-08 
 2
 Nonlinear solution status: time= 1.10384
	stiffness updates             = 1
	right hand side evaluations   = 3
	stiffness matrix reformations = 1
	step from line search         = 1.000000
	convergence norms :     INITIAL         CURRENT         REQUIRED
	   residual            1.005848e-01    6.367551e-01    0.000000e+00 
	   energy              2.367521e-02    3.333305e-04    2.367521e-04 
	   displacement        1.615949e-02    4.015561e-04    1.305832e-08 
 3
 Nonlinear solution status: time= 1.10384
	stiffness updates             = 2
	right hand side evaluations   = 4
	stiffness matrix reformations = 1
	step from line search         = 1.000000
	convergence norms :     INITIAL         CURRENT         REQUIRED
	   residual            1.005848e-01    4.975633e-01    0.000000e+00 
	   energy              2.367521e-02    1.708076e-04    2.367521e-04 
	   displacement        1.615949e-02    8.813456e-05    1.244347e-08 
 4
 Nonlinear solution status: time= 1.10384
	stiffness updates             = 3
	right hand side evaluations   = 6
	stiffness matrix reformations = 1
	step from line search         = 0.616501
	convergence norms :     INITIAL         CURRENT         REQUIRED
	   residual            1.005848e-01    1.837973e-01    0.000000e+00 
	   energy              2.367521e-02    3.210322e-05    2.367521e-04 
	   displacement        1.615949e-02    3.812422e-05    1.303300e-08 
 5
 Nonlinear solution status: time= 1.10384
	stiffness updates             = 4
	right hand side evaluations   = 8
	stiffness matrix reformations = 1
	step from line search         = 0.561071
	convergence norms :     INITIAL         CURRENT         REQUIRED
	   residual            1.005848e-01    5.460107e-02    0.000000e+00 
	   energy              2.367521e-02    1.387161e-05    2.367521e-04 
	   displacement        1.615949e-02    1.471376e-05    1.348766e-08 
 6
 Nonlinear solution status: time= 1.10384
	stiffness updates             = 5
	right hand side evaluations   = 10
	stiffness matrix reformations = 1
	step from line search         = 0.580173
	convergence norms :     INITIAL         CURRENT         REQUIRED
	   residual            1.005848e-01    2.224804e-02    0.000000e+00 
	   energy              2.367521e-02    4.589974e-06    2.367521e-04 
	   displacement        1.615949e-02    3.982496e-06    1.353114e-08 
 7
 Nonlinear solution status: time= 1.10384
	stiffness updates             = 6
	right hand side evaluations   = 12
	stiffness matrix reformations = 1
	step from line search         = 0.556778
	convergence norms :     INITIAL         CURRENT         REQUIRED
	   residual            1.005848e-01    1.073562e-02    0.000000e+00 
	   energy              2.367521e-02    1.914489e-06    2.367521e-04 
	   displacement        1.615949e-02    1.460636e-06    1.342789e-08 
 8
 Nonlinear solution status: time= 1.10384
	stiffness updates             = 7
	right hand side evaluations   = 14
	stiffness matrix reformations = 1
	step from line search         = 0.542613
	convergence norms :     INITIAL         CURRENT         REQUIRED
	   residual            1.005848e-01    3.886482e-03    0.000000e+00 
	   energy              2.367521e-02    9.145183e-07    2.367521e-04 
	   displacement        1.615949e-02    5.744198e-07    1.335819e-08 
 9
 Nonlinear solution status: time= 1.10384
	stiffness updates             = 8
	right hand side evaluations   = 16
	stiffness matrix reformations = 1
	step from line search         = 0.569905
	convergence norms :     INITIAL         CURRENT         REQUIRED
	   residual            1.005848e-01    1.717752e-03    0.000000e+00 
	   energy              2.367521e-02    3.301626e-07    2.367521e-04 
	   displacement        1.615949e-02    2.074488e-07    1.335907e-08 
 10
 Nonlinear solution status: time= 1.10384
	stiffness updates             = 9
	right hand side evaluations   = 18
	stiffness matrix reformations = 1
	step from line search         = 0.579916
	convergence norms :     INITIAL         CURRENT         REQUIRED
	   residual            1.005848e-01    8.031316e-04    0.000000e+00 
	   energy              2.367521e-02    1.194833e-07    2.367521e-04 
	   displacement        1.615949e-02    8.118619e-08    1.338616e-08 

 *************************************************************************
 *                               WARNING                                 *
 * Max nr of iterations reached.                                         *
 * Stiffness matrix will now be reformed.                                *
 *************************************************************************
Reforming stiffness matrix: reformation #2

 11
 Nonlinear solution status: time= 1.10384
	stiffness updates             = 0
	right hand side evaluations   = 19
	stiffness matrix reformations = 2
	step from line search         = 1.000000
	convergence norms :     INITIAL         CURRENT         REQUIRED
	   residual            1.005848e-01    1.504653e-07    0.000000e+00 
	   energy              2.367521e-02    4.012825e-09    2.367521e-04 
	   displacement        1.615949e-02    6.140208e-08    1.339860e-08 
 12
 Nonlinear solution status: time= 1.10384
	stiffness updates             = 1
	right hand side evaluations   = 20
	stiffness matrix reformations = 2
	step from line search         = 1.000000
	convergence norms :     INITIAL         CURRENT         REQUIRED
	   residual            1.005848e-01    5.336041e-09    0.000000e+00 
	   energy              2.367521e-02    9.266081e-11    2.367521e-04 
	   displacement        1.615949e-02    8.740945e-10    1.339731e-08 

convergence summary
    number of iterations   : 12
    number of reformations : 2

------- converged at time : 1.10384


AUTO STEPPER: decreasing time step, dt = 0.0036763


===== beginning time step 36 : 1.10752 =====


Reforming stiffness matrix: reformation #1

 1
 Nonlinear solution status: time= 1.10752
	stiffness updates             = 0
	right hand side evaluations   = 2
	stiffness matrix reformations = 1
	step from line search         = 1.000000
	convergence norms :     INITIAL         CURRENT         REQUIRED
	   residual            9.367051e-02    1.844876e-01    0.000000e+00 
	   energy              2.045532e-02    1.526033e-03    2.045532e-04 
	   displacement        1.312047e-02    1.312047e-02    1.312047e-08 
 2
 Nonlinear solution status: time= 1.10752
	stiffness updates             = 1
	right hand side evaluations   = 3
	stiffness matrix reformations = 1
	step from line search         = 1.000000
	convergence norms :     INITIAL         CURRENT         REQUIRED
	   residual            9.367051e-02    2.460589e-01    0.000000e+00 
	   energy              2.045532e-02    1.654970e-04    2.045532e-04 
	   displacement        1.312047e-02    2.922469e-04    1.056909e-08 
 3
 Nonlinear solution status: time= 1.10752
	stiffness updates             = 2
	right hand side evaluations   = 4
	stiffness matrix reformations = 1
	step from line search         = 1.000000
	convergence norms :     INITIAL         CURRENT         REQUIRED
	   residual            9.367051e-02    1.947305e-01    0.000000e+00 
	   energy              2.045532e-02    8.035763e-05    2.045532e-04 
	   displacement        1.312047e-02    4.169465e-05    1.028637e-08 
 4
 Nonlinear solution status: time= 1.10752
	stiffness updates             = 3
	right hand side evaluations   = 5
	stiffness matrix reformations = 1
	step from line search         = 1.000000
	convergence norms :     INITIAL         CURRENT         REQUIRED
	   residual            9.367051e-02    1.040046e-01    0.000000e+00 
	   energy              2.045532e-02    4.657289e-05    2.045532e-04 
	   displacement        1.312047e-02    3.248845e-05    1.087021e-08 
 5
 Nonlinear solution status: time= 1.10752
	stiffness updates             = 4
	right hand side evaluations   = 6
	stiffness matrix reformations = 1
	step from line search         = 1.000000
	convergence norms :     INITIAL         CURRENT         REQUIRED
	   residual            9.367051e-02    6.994470e-02    0.000000e+00 
	   energy              2.045532e-02    2.871446e-05    2.045532e-04 
	   displacement        1.312047e-02    1.074809e-05    1.098985e-08 
 6
 Nonlinear solution status: time= 1.10752
	stiffness updates             = 5
	right hand side evaluations   = 7
	stiffness matrix reformations = 1
	step from line search         = 1.000000
	convergence norms :     INITIAL         CURRENT         REQUIRED
	   residual            9.367051e-02    4.096055e-02    0.000000e+00 
	   energy              2.045532e-02    1.766899e-05    2.045532e-04 
	   displacement        1.312047e-02    8.462038e-06    1.074236e-08 
 7
 Nonlinear solution status: time= 1.10752
	stiffness updates             = 6
	right hand side evaluations   = 8
	stiffness matrix reformations = 1
	step from line search         = 1.000000
	convergence norms :     INITIAL         CURRENT         REQUIRED
	   residual            9.367051e-02    2.783851e-02    0.000000e+00 
	   energy              2.045532e-02    1.125274e-05    2.045532e-04 
	   displacement        1.312047e-02    3.909007e-06    1.070252e-08 
 8
 Nonlinear solution status: time= 1.10752
	stiffness updates             = 7
	right hand side evaluations   = 9
	stiffness matrix reformations = 1
	step from line search         = 1.000000
	convergence norms :     INITIAL         CURRENT         REQUIRED
	   residual            9.367051e-02    1.304029e-02    0.000000e+00 
	   energy              2.045532e-02    6.048828e-06    2.045532e-04 
	   displacement        1.312047e-02    2.849379e-06    1.084811e-08 
 9
 Nonlinear solution status: time= 1.10752
	stiffness updates             = 8
	right hand side evaluations   = 10
	stiffness matrix reformations = 1
	step from line search         = 1.000000
	convergence norms :     INITIAL         CURRENT         REQUIRED
	   residual            9.367051e-02    1.101702e-02    0.000000e+00 
	   energy              2.045532e-02    4.030881e-06    2.045532e-04 
	   displacement        1.312047e-02    1.263571e-06    1.085510e-08 
 10
 Nonlinear solution status: time= 1.10752
	stiffness updates             = 9
	right hand side evaluations   = 11
	stiffness matrix reformations = 1
	step from line search         = 1.000000
	convergence norms :     INITIAL         CURRENT         REQUIRED
	   residual            9.367051e-02    7.319012e-03    0.000000e+00 
	   energy              2.045532e-02    2.915217e-06    2.045532e-04 
	   displacement        1.312047e-02    8.535353e-07    1.078627e-08 

 *************************************************************************
 *                               WARNING                                 *
 * Max nr of iterations reached.                                         *
 * Stiffness matrix will now be reformed.                                *
 *************************************************************************
Reforming stiffness matrix: reformation #2

 11
 Nonlinear solution status: time= 1.10752
	stiffness updates             = 0
	right hand side evaluations   = 12
	stiffness matrix reformations = 2
	step from line search         = 1.000000
	convergence norms :     INITIAL         CURRENT         REQUIRED
	   residual            9.367051e-02    3.943984e-06    0.000000e+00 
	   energy              2.045532e-02    8.781484e-08    2.045532e-04 
	   displacement        1.312047e-02    4.499741e-07    1.082501e-08 
 12
 Nonlinear solution status: time= 1.10752
	stiffness updates             = 1
	right hand side evaluations   = 13
	stiffness matrix reformations = 2
	step from line search         = 1.000000
	convergence norms :     INITIAL         CURRENT         REQUIRED
	   residual            9.367051e-02    1.082939e-06    0.000000e+00 
	   energy              2.045532e-02    4.761236e-09    2.045532e-04 
	   displacement        1.312047e-02    2.017280e-08    1.081383e-08 
 13
 Nonlinear solution status: time= 1.10752
	stiffness updates             = 2
	right hand side evaluations   = 14
	stiffness matrix reformations = 2
	step from line search         = 1.000000
	convergence norms :     INITIAL         CURRENT         REQUIRED
	   residual            9.367051e-02    5.349103e-09    0.000000e+00 
	   energy              2.045532e-02    7.106928e-11    2.045532e-04 
	   displacement        1.312047e-02    7.054798e-10    1.081507e-08 

convergence summary
    number of iterations   : 13
    number of reformations : 2

------- converged at time : 1.10752


AUTO STEPPER: decreasing time step, dt = 0.0033817


===== beginning time step 37 : 1.1109 =====


Reforming stiffness matrix: reformation #1

 1
 Nonlinear solution status: time= 1.1109
	stiffness updates             = 0
	right hand side evaluations   = 2
	stiffness matrix reformations = 1
	step from line search         = 1.000000
	convergence norms :     INITIAL         CURRENT         REQUIRED
	   residual            9.481617e-02    1.042204e-01    0.000000e+00 
	   energy              1.785564e-02    1.289171e-03    1.785564e-04 
	   displacement        1.000119e-02    1.000119e-02    1.000119e-08 
 2
 Nonlinear solution status: time= 1.1109
	stiffness updates             = 1
	right hand side evaluations   = 3
	stiffness matrix reformations = 1
	step from line search         = 1.000000
	convergence norms :     INITIAL         CURRENT         REQUIRED
	   residual            9.481617e-02    1.041134e-01    0.000000e+00 
	   energy              1.785564e-02    8.740792e-05    1.785564e-04 
	   displacement        1.000119e-02    2.162760e-04    8.044184e-09 
 3
 Nonlinear solution status: time= 1.1109
	stiffness updates             = 2
	right hand side evaluations   = 4
	stiffness matrix reformations = 1
	step from line search         = 1.000000
	convergence norms :     INITIAL         CURRENT         REQUIRED
	   residual            9.481617e-02    5.864114e-02    0.000000e+00 
	   energy              1.785564e-02    2.994595e-05    1.785564e-04 
	   displacement        1.000119e-02    1.785754e-05    7.968045e-09 
 4
 Nonlinear solution status: time= 1.1109
	stiffness updates             = 3
	right hand side evaluations   = 5
	stiffness matrix reformations = 1
	step from line search         = 1.000000
	convergence norms :     INITIAL         CURRENT         REQUIRED
	   residual            9.481617e-02    2.117659e-02    0.000000e+00 
	   energy              1.785564e-02    1.112574e-05    1.785564e-04 
	   displacement        1.000119e-02    9.608073e-06    8.247997e-09 
 5
 Nonlinear solution status: time= 1.1109
	stiffness updates             = 4
	right hand side evaluations   = 6
	stiffness matrix reformations = 1
	step from line search         = 1.000000
	convergence norms :     INITIAL         CURRENT         REQUIRED
	   residual            9.481617e-02    1.248043e-02    0.000000e+00 
	   energy              1.785564e-02    5.470624e-06    1.785564e-04 
	   displacement        1.000119e-02    2.081939e-06    8.260094e-09 
 6
 Nonlinear solution status: time= 1.1109
	stiffness updates             = 5
	right hand side evaluations   = 7
	stiffness matrix reformations = 1
	step from line search         = 1.000000
	convergence norms :     INITIAL         CURRENT         REQUIRED
	   residual            9.481617e-02    4.696096e-03    0.000000e+00 
	   energy              1.785564e-02    2.241652e-06    1.785564e-04 
	   displacement        1.000119e-02    1.323529e-06    8.181898e-09 
 7
 Nonlinear solution status: time= 1.1109
	stiffness updates             = 6
	right hand side evaluations   = 8
	stiffness matrix reformations = 1
	step from line search         = 1.000000
	convergence norms :     INITIAL         CURRENT         REQUIRED
	   residual            9.481617e-02    2.541868e-03    0.000000e+00 
	   energy              1.785564e-02    1.142389e-06    1.785564e-04 
	   displacement        1.000119e-02    4.712552e-07    8.187865e-09 
 8
 Nonlinear solution status: time= 1.1109
	stiffness updates             = 7
	right hand side evaluations   = 9
	stiffness matrix reformations = 1
	step from line search         = 1.000000
	convergence norms :     INITIAL         CURRENT         REQUIRED
	   residual            9.481617e-02    7.348076e-04    0.000000e+00 
	   energy              1.785564e-02    3.818389e-07    1.785564e-04 
	   displacement        1.000119e-02    1.996941e-07    8.218789e-09 
 9
 Nonlinear solution status: time= 1.1109
	stiffness updates             = 8
	right hand side evaluations   = 10
	stiffness matrix reformations = 1
	step from line search         = 1.000000
	convergence norms :     INITIAL         CURRENT         REQUIRED
	   residual            9.481617e-02    4.379655e-04    0.000000e+00 
	   energy              1.785564e-02    1.868612e-07    1.785564e-04 
	   displacement        1.000119e-02    7.961171e-08    8.212982e-09 
 10
 Nonlinear solution status: time= 1.1109
	stiffness updates             = 9
	right hand side evaluations   = 11
	stiffness matrix reformations = 1
	step from line search         = 1.000000
	convergence norms :     INITIAL         CURRENT         REQUIRED
	   residual            9.481617e-02    1.551136e-04    0.000000e+00 
	   energy              1.785564e-02    6.818892e-08    1.785564e-04 
	   displacement        1.000119e-02    2.588448e-08    8.204150e-09 

 *************************************************************************
 *                               WARNING                                 *
 * Max nr of iterations reached.                                         *
 * Stiffness matrix will now be reformed.                                *
 *************************************************************************
Reforming stiffness matrix: reformation #2

 11
 Nonlinear solution status: time= 1.1109
	stiffness updates             = 0
	right hand side evaluations   = 12
	stiffness matrix reformations = 2
	step from line search         = 1.000000
	convergence norms :     INITIAL         CURRENT         REQUIRED
	   residual            9.481617e-02    5.236187e-09    0.000000e+00 
	   energy              1.785564e-02    1.253979e-09    1.785564e-04 
	   displacement        1.000119e-02    9.161559e-09    8.210338e-09 
 12
 Nonlinear solution status: time= 1.1109
	stiffness updates             = 1
	right hand side evaluations   = 13
	stiffness matrix reformations = 2
	step from line search         = 1.000000
	convergence norms :     INITIAL         CURRENT         REQUIRED
	   residual            9.481617e-02    3.215818e-09    0.000000e+00 
	   energy              1.785564e-02    3.642999e-11    1.785564e-04 
	   displacement        1.000119e-02    2.703428e-10    8.208811e-09 

convergence summary
    number of iterations   : 12
    number of reformations : 2

------- converged at time : 1.1109


AUTO STEPPER: decreasing time step, dt = 0.00323773


===== beginning time step 38 : 1.11414 =====


Reforming stiffness matrix: reformation #1

 1
 Nonlinear solution status: time= 1.11414
	stiffness updates             = 0
	right hand side evaluations   = 2
	stiffness matrix reformations = 1
	step from line search         = 1.000000
	convergence norms :     INITIAL         CURRENT         REQUIRED
	   residual            9.054092e-02    7.090127e-02    0.000000e+00 
	   energy              1.581885e-02    1.137730e-03    1.581885e-04 
	   displacement        8.311386e-03    8.311386e-03    8.311386e-09 
 2
 Nonlinear solution status: time= 1.11414
	stiffness updates             = 1
	right hand side evaluations   = 3
	stiffness matrix reformations = 1
	step from line search         = 1.000000
	convergence norms :     INITIAL         CURRENT         REQUIRED
	   residual            9.054092e-02    6.195814e-02    0.000000e+00 
	   energy              1.581885e-02    6.024128e-05    1.581885e-04 
	   displacement        8.311386e-03    1.804104e-04    6.668860e-09 
 3
 Nonlinear solution status: time= 1.11414
	stiffness updates             = 2
	right hand side evaluations   = 4
	stiffness matrix reformations = 1
	step from line search         = 1.000000
	convergence norms :     INITIAL         CURRENT         REQUIRED
	   residual            9.054092e-02    2.403980e-02    0.000000e+00 
	   energy              1.581885e-02    1.443856e-05    1.581885e-04 
	   displacement        8.311386e-03    1.073015e-05    6.657654e-09 
 4
 Nonlinear solution status: time= 1.11414
	stiffness updates             = 3
	right hand side evaluations   = 5
	stiffness matrix reformations = 1
	step from line search         = 1.000000
	convergence norms :     INITIAL         CURRENT         REQUIRED
	   residual            9.054092e-02    7.190796e-03    0.000000e+00 
	   energy              1.581885e-02    4.433590e-06    1.581885e-04 
	   displacement        8.311386e-03    4.283547e-06    6.824919e-09 
 5
 Nonlinear solution status: time= 1.11414
	stiffness updates             = 4
	right hand side evaluations   = 6
	stiffness matrix reformations = 1
	step from line search         = 1.000000
	convergence norms :     INITIAL         CURRENT         REQUIRED
	   residual            9.054092e-02    3.121096e-03    0.000000e+00 
	   energy              1.581885e-02    1.413305e-06    1.581885e-04 
	   displacement        8.311386e-03    6.771756e-07    6.816631e-09 
 6
 Nonlinear solution status: time= 1.11414
	stiffness updates             = 5
	right hand side evaluations   = 7
	stiffness matrix reformations = 1
	step from line search         = 1.000000
	convergence norms :     INITIAL         CURRENT         REQUIRED
	   residual            9.054092e-02    1.213775e-03    0.000000e+00 
	   energy              1.581885e-02    5.903410e-07    1.581885e-04 
	   displacement        8.311386e-03    3.378722e-07    6.783417e-09 
 7
 Nonlinear solution status: time= 1.11414
	stiffness updates             = 6
	right hand side evaluations   = 8
	stiffness matrix reformations = 1
	step from line search         = 1.000000
	convergence norms :     INITIAL         CURRENT         REQUIRED
	   residual            9.054092e-02    3.646265e-04    0.000000e+00 
	   energy              1.581885e-02    1.829335e-07    1.581885e-04 
	   displacement        8.311386e-03    9.770692e-08    6.790831e-09 
 8
 Nonlinear solution status: time= 1.11414
	stiffness updates             = 7
	right hand side evaluations   = 9
	stiffness matrix reformations = 1
	step from line search         = 1.000000
	convergence norms :     INITIAL         CURRENT         REQUIRED
	   residual            9.054092e-02    1.264735e-04    0.000000e+00 
	   energy              1.581885e-02    6.860310e-08    1.581885e-04 
	   displacement        8.311386e-03    3.291630e-08    6.801519e-09 
 9
 Nonlinear solution status: time= 1.11414
	stiffness updates             = 8
	right hand side evaluations   = 10
	stiffness matrix reformations = 1
	step from line search         = 1.000000
	convergence norms :     INITIAL         CURRENT         REQUIRED
	   residual            9.054092e-02    3.535103e-05    0.000000e+00 
	   energy              1.581885e-02    1.720701e-08    1.581885e-04 
	   displacement        8.311386e-03    1.175377e-08    6.797974e-09 
 10
 Nonlinear solution status: time= 1.11414
	stiffness updates             = 9
	right hand side evaluations   = 11
	stiffness matrix reformations = 1
	step from line search         = 1.000000
	convergence norms :     INITIAL         CURRENT         REQUIRED
	   residual            9.054092e-02    1.488639e-05    0.000000e+00 
	   energy              1.581885e-02    7.298389e-09    1.581885e-04 
	   displacement        8.311386e-03    2.857325e-09    6.795553e-09 

convergence summary
    number of iterations   : 10
    number of reformations : 1

------- converged at time : 1.11414


AUTO STEPPER: increasing time step, dt = 0.00356779


===== beginning time step 39 : 1.1177 =====


Reforming stiffness matrix: reformation #1

 1
 Nonlinear solution status: time= 1.1177
	stiffness updates             = 0
	right hand side evaluations   = 2
	stiffness matrix reformations = 1
	step from line search         = 1.000000
	convergence norms :     INITIAL         CURRENT         REQUIRED
	   residual            6.716431e-02    6.672177e-02    0.000000e+00 
	   energy              1.413467e-02    1.070817e-03    1.413467e-04 
	   displacement        9.006842e-03    9.006842e-03    9.006842e-09 
 2
 Nonlinear solution status: time= 1.1177
	stiffness updates             = 1
	right hand side evaluations   = 3
	stiffness matrix reformations = 1
	step from line search         = 1.000000
	convergence norms :     INITIAL         CURRENT         REQUIRED
	   residual            6.716431e-02    5.751130e-02    0.000000e+00 
	   energy              1.413467e-02    5.824207e-05    1.413467e-04 
	   displacement        9.006842e-03    1.889987e-04    7.204546e-09 
 3
 Nonlinear solution status: time= 1.1177
	stiffness updates             = 2
	right hand side evaluations   = 4
	stiffness matrix reformations = 1
	step from line search         = 1.000000
	convergence norms :     INITIAL         CURRENT         REQUIRED
	   residual            6.716431e-02    2.397114e-02    0.000000e+00 
	   energy              1.413467e-02    1.610971e-05    1.413467e-04 
	   displacement        9.006842e-03    1.339265e-05    7.164055e-09 
 4
 Nonlinear solution status: time= 1.1177
	stiffness updates             = 3
	right hand side evaluations   = 5
	stiffness matrix reformations = 1
	step from line search         = 1.000000
	convergence norms :     INITIAL         CURRENT         REQUIRED
	   residual            6.716431e-02    6.466459e-03    0.000000e+00 
	   energy              1.413467e-02    4.322936e-06    1.413467e-04 
	   displacement        9.006842e-03    5.246702e-06    7.369472e-09 
 5
 Nonlinear solution status: time= 1.1177
	stiffness updates             = 4
	right hand side evaluations   = 6
	stiffness matrix reformations = 1
	step from line search         = 1.000000
	convergence norms :     INITIAL         CURRENT         REQUIRED
	   residual            6.716431e-02    3.183212e-03    0.000000e+00 
	   energy              1.413467e-02    1.497185e-06    1.413467e-04 
	   displacement        9.006842e-03    7.379598e-07    7.364502e-09 
 6
 Nonlinear solution status: time= 1.1177
	stiffness updates             = 5
	right hand side evaluations   = 7
	stiffness matrix reformations = 1
	step from line search         = 1.000000
	convergence norms :     INITIAL         CURRENT         REQUIRED
	   residual            6.716431e-02    1.232317e-03    0.000000e+00 
	   energy              1.413467e-02    5.963341e-07    1.413467e-04 
	   displacement        9.006842e-03    3.874596e-07    7.326154e-09 
 7
 Nonlinear solution status: time= 1.1177
	stiffness updates             = 6
	right hand side evaluations   = 8
	stiffness matrix reformations = 1
	step from line search         = 1.000000
	convergence norms :     INITIAL         CURRENT         REQUIRED
	   residual            6.716431e-02    4.358766e-04    0.000000e+00 
	   energy              1.413467e-02    2.319257e-07    1.413467e-04 
	   displacement        9.006842e-03    1.134747e-07    7.332029e-09 
 8
 Nonlinear solution status: time= 1.1177
	stiffness updates             = 7
	right hand side evaluations   = 9
	stiffness matrix reformations = 1
	step from line search         = 1.000000
	convergence norms :     INITIAL         CURRENT         REQUIRED
	   residual            6.716431e-02    1.239500e-04    0.000000e+00 
	   energy              1.413467e-02    7.307443e-08    1.413467e-04 
	   displacement        9.006842e-03    4.313410e-08    7.345430e-09 
 9
 Nonlinear solution status: time= 1.1177
	stiffness updates             = 8
	right hand side evaluations   = 10
	stiffness matrix reformations = 1
	step from line search         = 1.000000
	convergence norms :     INITIAL         CURRENT         REQUIRED
	   residual            6.716431e-02    6.175819e-05    0.000000e+00 
	   energy              1.413467e-02    2.748869e-08    1.413467e-04 
	   displacement        9.006842e-03    1.533599e-08    7.342136e-09 
 10
 Nonlinear solution status: time= 1.1177
	stiffness updates             = 9
	right hand side evaluations   = 11
	stiffness matrix reformations = 1
	step from line search         = 1.000000
	convergence norms :     INITIAL         CURRENT         REQUIRED
	   residual            6.716431e-02    2.282177e-05    0.000000e+00 
	   energy              1.413467e-02    1.046771e-08    1.413467e-04 
	   displacement        9.006842e-03    4.317940e-09    7.338789e-09 

convergence summary
    number of iterations   : 10
    number of reformations : 1

------- converged at time : 1.1177


AUTO STEPPER: increasing time step, dt = 0.00388174


===== beginning time step 40 : 1.12159 =====


Reforming stiffness matrix: reformation #1

 1
 Nonlinear solution status: time= 1.12159
	stiffness updates             = 0
	right hand side evaluations   = 2
	stiffness matrix reformations = 1
	step from line search         = 1.000000
	convergence norms :     INITIAL         CURRENT         REQUIRED
	   residual            4.997769e-02    6.049830e-02    0.000000e+00 
	   energy              1.235619e-02    9.869550e-04    1.235619e-04 
	   displacement        9.329737e-03    9.329737e-03    9.329737e-09 
 2
 Nonlinear solution status: time= 1.12159
	stiffness updates             = 1
	right hand side evaluations   = 3
	stiffness matrix reformations = 1
	step from line search         = 1.000000
	convergence norms :     INITIAL         CURRENT         REQUIRED
	   residual            4.997769e-02    5.172422e-02    0.000000e+00 
	   energy              1.235619e-02    5.615280e-05    1.235619e-04 
	   displacement        9.329737e-03    1.920041e-04    7.435491e-09 
 3
 Nonlinear solution status: time= 1.12159
	stiffness updates             = 2
	right hand side evaluations   = 4
	stiffness matrix reformations = 1
	step from line search         = 1.000000
	convergence norms :     INITIAL         CURRENT         REQUIRED
	   residual            4.997769e-02    2.157527e-02    0.000000e+00 
	   energy              1.235619e-02    1.706513e-05    1.235619e-04 
	   displacement        9.329737e-03    1.649790e-05    7.367295e-09 
 4
 Nonlinear solution status: time= 1.12159
	stiffness updates             = 3
	right hand side evaluations   = 5
	stiffness matrix reformations = 1
	step from line search         = 1.000000
	convergence norms :     INITIAL         CURRENT         REQUIRED
	   residual            4.997769e-02    5.572927e-03    0.000000e+00 
	   energy              1.235619e-02    4.182156e-06    1.235619e-04 
	   displacement        9.329737e-03    6.091642e-06    7.605114e-09 
 5
 Nonlinear solution status: time= 1.12159
	stiffness updates             = 4
	right hand side evaluations   = 6
	stiffness matrix reformations = 1
	step from line search         = 1.000000
	convergence norms :     INITIAL         CURRENT         REQUIRED
	   residual            4.997769e-02    3.166223e-03    0.000000e+00 
	   energy              1.235619e-02    1.558627e-06    1.235619e-04 
	   displacement        9.329737e-03    8.001314e-07    7.604390e-09 
 6
 Nonlinear solution status: time= 1.12159
	stiffness updates             = 5
	right hand side evaluations   = 7
	stiffness matrix reformations = 1
	step from line search         = 1.000000
	convergence norms :     INITIAL         CURRENT         REQUIRED
	   residual            4.997769e-02    1.183128e-03    0.000000e+00 
	   energy              1.235619e-02    6.109400e-07    1.235619e-04 
	   displacement        9.329737e-03    4.546014e-07    7.561085e-09 
 7
 Nonlinear solution status: time= 1.12159
	stiffness updates             = 6
	right hand side evaluations   = 8
	stiffness matrix reformations = 1
	step from line search         = 1.000000
	convergence norms :     INITIAL         CURRENT         REQUIRED
	   residual            4.997769e-02    4.787042e-04    0.000000e+00 
	   energy              1.235619e-02    2.709099e-07    1.235619e-04 
	   displacement        9.329737e-03    1.317872e-07    7.565285e-09 
 8
 Nonlinear solution status: time= 1.12159
	stiffness updates             = 7
	right hand side evaluations   = 9
	stiffness matrix reformations = 1
	step from line search         = 1.000000
	convergence norms :     INITIAL         CURRENT         REQUIRED
	   residual            4.997769e-02    1.159232e-04    0.000000e+00 
	   energy              1.235619e-02    7.232590e-08    1.235619e-04 
	   displacement        9.329737e-03    5.332328e-08    7.581224e-09 
 9
 Nonlinear solution status: time= 1.12159
	stiffness updates             = 8
	right hand side evaluations   = 10
	stiffness matrix reformations = 1
	step from line search         = 1.000000
	convergence norms :     INITIAL         CURRENT         REQUIRED
	   residual            4.997769e-02    5.963074e-05    0.000000e+00 
	   energy              1.235619e-02    2.839774e-08    1.235619e-04 
	   displacement        9.329737e-03    1.728604e-08    7.578069e-09 
 10
 Nonlinear solution status: time= 1.12159
	stiffness updates             = 9
	right hand side evaluations   = 11
	stiffness matrix reformations = 1
	step from line search         = 1.000000
	convergence norms :     INITIAL         CURRENT         REQUIRED
	   residual            4.997769e-02    1.667592e-05    0.000000e+00 
	   energy              1.235619e-02    8.194619e-09    1.235619e-04 
	   displacement        9.329737e-03    4.329271e-09    7.574532e-09 

convergence summary
    number of iterations   : 10
    number of reformations : 1

------- converged at time : 1.12159


AUTO STEPPER: increasing time step, dt = 0.00418037

MUST POINT CONTROLLER: adjusting time step. dt = 0.00341496


===== beginning time step 41 : 1.125 =====


Reforming stiffness matrix: reformation #1

 1
 Nonlinear solution status: time= 1.125
	stiffness updates             = 0
	right hand side evaluations   = 2
	stiffness matrix reformations = 1
	step from line search         = 1.000000
	convergence norms :     INITIAL         CURRENT         REQUIRED
	   residual            5.380485e-02    3.624271e-02    0.000000e+00 
	   energy              1.053653e-02    8.158228e-04    1.053653e-04 
	   displacement        6.411357e-03    6.411357e-03    6.411357e-09 
 2
 Nonlinear solution status: time= 1.125
	stiffness updates             = 1
	right hand side evaluations   = 3
	stiffness matrix reformations = 1
	step from line search         = 1.000000
	convergence norms :     INITIAL         CURRENT         REQUIRED
	   residual            5.380485e-02    2.880985e-02    0.000000e+00 
	   energy              1.053653e-02    3.456946e-05    1.053653e-04 
	   displacement        6.411357e-03    1.379606e-04    5.092480e-09 
 3
 Nonlinear solution status: time= 1.125
	stiffness updates             = 2
	right hand side evaluations   = 4
	stiffness matrix reformations = 1
	step from line search         = 1.000000
	convergence norms :     INITIAL         CURRENT         REQUIRED
	   residual            5.380485e-02    6.694651e-03    0.000000e+00 
	   energy              1.053653e-02    6.256230e-06    1.053653e-04 
	   displacement        6.411357e-03    7.209187e-06    5.103155e-09 
 4
 Nonlinear solution status: time= 1.125
	stiffness updates             = 3
	right hand side evaluations   = 5
	stiffness matrix reformations = 1
	step from line search         = 1.000000
	convergence norms :     INITIAL         CURRENT         REQUIRED
	   residual            5.380485e-02    1.272379e-03    0.000000e+00 
	   energy              1.053653e-02    1.314167e-06    1.053653e-04 
	   displacement        6.411357e-03    1.884400e-06    5.202614e-09 
 5
 Nonlinear solution status: time= 1.125
	stiffness updates             = 4
	right hand side evaluations   = 6
	stiffness matrix reformations = 1
	step from line search         = 1.000000
	convergence norms :     INITIAL         CURRENT         REQUIRED
	   residual            5.380485e-02    4.057606e-04    0.000000e+00 
	   energy              1.053653e-02    2.153582e-07    1.053653e-04 
	   displacement        6.411357e-03    2.030912e-07    5.193209e-09 
 6
 Nonlinear solution status: time= 1.125
	stiffness updates             = 5
	right hand side evaluations   = 7
	stiffness matrix reformations = 1
	step from line search         = 1.000000
	convergence norms :     INITIAL         CURRENT         REQUIRED
	   residual            5.380485e-02    1.503224e-04    0.000000e+00 
	   energy              1.053653e-02    8.256906e-08    1.053653e-04 
	   displacement        6.411357e-03    5.574347e-08    5.181979e-09 
 7
 Nonlinear solution status: time= 1.125
	stiffness updates             = 6
	right hand side evaluations   = 8
	stiffness matrix reformations = 1
	step from line search         = 1.000000
	convergence norms :     INITIAL         CURRENT         REQUIRED
	   residual            5.380485e-02    3.030682e-05    0.000000e+00 
	   energy              1.053653e-02    1.773791e-08    1.053653e-04 
	   displacement        6.411357e-03    1.196353e-08    5.185137e-09 
 8
 Nonlinear solution status: time= 1.125
	stiffness updates             = 7
	right hand side evaluations   = 9
	stiffness matrix reformations = 1
	step from line search         = 1.000000
	convergence norms :     INITIAL         CURRENT         REQUIRED
	   residual            5.380485e-02    1.014758e-05    0.000000e+00 
	   energy              1.053653e-02    5.983505e-09    1.053653e-04 
	   displacement        6.411357e-03    3.764787e-09    5.188419e-09 

convergence summary
    number of iterations   : 8
    number of reformations : 1

------- converged at time : 1.125


AUTO STEPPER: increasing time step, dt = 0.00518486


===== beginning time step 42 : 1.13018 =====


Reforming stiffness matrix: reformation #1

 1
 Nonlinear solution status: time= 1.13018
	stiffness updates             = 0
	right hand side evaluations   = 2
	stiffness matrix reformations = 1
	step from line search         = 1.000000
	convergence norms :     INITIAL         CURRENT         REQUIRED
	   residual            2.245910e-02    7.489428e-02    0.000000e+00 
	   energy              9.464484e-03    9.227597e-04    9.464484e-05 
	   displacement        1.233037e-02    1.233037e-02    1.233037e-08 
 2
 Nonlinear solution status: time= 1.13018
	stiffness updates             = 1
	right hand side evaluations   = 3
	stiffness matrix reformations = 1
	step from line search         = 1.000000
	convergence norms :     INITIAL         CURRENT         REQUIRED
	   residual            2.245910e-02    6.875988e-02    0.000000e+00 
	   energy              9.464484e-03    9.661606e-05    9.464484e-05 
	   displacement        1.233037e-02    2.633131e-04    9.728201e-09 
 3
 Nonlinear solution status: time= 1.13018
	stiffness updates             = 2
	right hand side evaluations   = 4
	stiffness matrix reformations = 1
	step from line search         = 1.000000
	convergence norms :     INITIAL         CURRENT         REQUIRED
	   residual            2.245910e-02    2.882205e-02    0.000000e+00 
	   energy              9.464484e-03    2.878451e-05    9.464484e-05 
	   displacement        1.233037e-02    4.878228e-05    9.423472e-09 
 4
 Nonlinear solution status: time= 1.13018
	stiffness updates             = 3
	right hand side evaluations   = 5
	stiffness matrix reformations = 1
	step from line search         = 1.000000
	convergence norms :     INITIAL         CURRENT         REQUIRED
	   residual            2.245910e-02    1.486677e-02    0.000000e+00 
	   energy              9.464484e-03    1.021745e-05    9.464484e-05 
	   displacement        1.233037e-02    1.760980e-05    9.993502e-09 
 5
 Nonlinear solution status: time= 1.13018
	stiffness updates             = 4
	right hand side evaluations   = 6
	stiffness matrix reformations = 1
	step from line search         = 1.000000
	convergence norms :     INITIAL         CURRENT         REQUIRED
	   residual            2.245910e-02    1.314578e-02    0.000000e+00 
	   energy              9.464484e-03    5.692581e-06    9.464484e-05 
	   displacement        1.233037e-02    2.643431e-06    1.005078e-08 
 6
 Nonlinear solution status: time= 1.13018
	stiffness updates             = 5
	right hand side evaluations   = 7
	stiffness matrix reformations = 1
	step from line search         = 1.000000
	convergence norms :     INITIAL         CURRENT         REQUIRED
	   residual            2.245910e-02    5.994810e-03    0.000000e+00 
	   energy              9.464484e-03    3.224991e-06    9.464484e-05 
	   displacement        1.233037e-02    2.521117e-06    9.893859e-09 
 7
 Nonlinear solution status: time= 1.13018
	stiffness updates             = 6
	right hand side evaluations   = 8
	stiffness matrix reformations = 1
	step from line search         = 1.000000
	convergence norms :     INITIAL         CURRENT         REQUIRED
	   residual            2.245910e-02    2.726942e-03    0.000000e+00 
	   energy              9.464484e-03    1.608330e-06    9.464484e-05 
	   displacement        1.233037e-02    8.892205e-07    9.879322e-09 
 8
 Nonlinear solution status: time= 1.13018
	stiffness updates             = 7
	right hand side evaluations   = 9
	stiffness matrix reformations = 1
	step from line search         = 1.000000
	convergence norms :     INITIAL         CURRENT         REQUIRED
	   residual            2.245910e-02    1.192791e-03    0.000000e+00 
	   energy              9.464484e-03    7.047257e-07    9.464484e-05 
	   displacement        1.233037e-02    5.562289e-07    9.956285e-09 
 9
 Nonlinear solution status: time= 1.13018
	stiffness updates             = 8
	right hand side evaluations   = 10
	stiffness matrix reformations = 1
	step from line search         = 1.000000
	convergence norms :     INITIAL         CURRENT         REQUIRED
	   residual            2.245910e-02    8.338053e-04    0.000000e+00 
	   energy              9.464484e-03    3.748210e-07    9.464484e-05 
	   displacement        1.233037e-02    1.733849e-07    9.956990e-09 
 10
 Nonlinear solution status: time= 1.13018
	stiffness updates             = 9
	right hand side evaluations   = 11
	stiffness matrix reformations = 1
	step from line search         = 1.000000
	convergence norms :     INITIAL         CURRENT         REQUIRED
	   residual            2.245910e-02    4.137527e-04    0.000000e+00 
	   energy              9.464484e-03    1.906073e-07    9.464484e-05 
	   displacement        1.233037e-02    1.091868e-07    9.927329e-09 

 *************************************************************************
 *                               WARNING                                 *
 * Max nr of iterations reached.                                         *
 * Stiffness matrix will now be reformed.                                *
 *************************************************************************
Reforming stiffness matrix: reformation #2

 11
 Nonlinear solution status: time= 1.13018
	stiffness updates             = 0
	right hand side evaluations   = 12
	stiffness matrix reformations = 2
	step from line search         = 1.000000
	convergence norms :     INITIAL         CURRENT         REQUIRED
	   residual            2.245910e-02    1.300016e-08    0.000000e+00 
	   energy              9.464484e-03    2.848497e-09    9.464484e-05 
	   displacement        1.233037e-02    4.052154e-08    9.943211e-09 
 12
 Nonlinear solution status: time= 1.13018
	stiffness updates             = 1
	right hand side evaluations   = 13
	stiffness matrix reformations = 2
	step from line search         = 1.000000
	convergence norms :     INITIAL         CURRENT         REQUIRED
	   residual            2.245910e-02    2.688255e-09    0.000000e+00 
	   energy              9.464484e-03    5.898828e-11    9.464484e-05 
	   displacement        1.233037e-02    8.934327e-10    9.939982e-09 

convergence summary
    number of iterations   : 12
    number of reformations : 2

------- converged at time : 1.13018


AUTO STEPPER: decreasing time step, dt = 0.00496412


===== beginning time step 43 : 1.13515 =====


Reforming stiffness matrix: reformation #1

 1
 Nonlinear solution status: time= 1.13515
	stiffness updates             = 0
	right hand side evaluations   = 2
	stiffness matrix reformations = 1
	step from line search         = 1.000000
	convergence norms :     INITIAL         CURRENT         REQUIRED
	   residual            1.976636e-02    4.662412e-02    0.000000e+00 
	   energy              7.750503e-03    7.456162e-04    7.750503e-05 
	   displacement        9.554541e-03    9.554541e-03    9.554541e-09 
 2
 Nonlinear solution status: time= 1.13515
	stiffness updates             = 1
	right hand side evaluations   = 3
	stiffness matrix reformations = 1
	step from line search         = 1.000000
	convergence norms :     INITIAL         CURRENT         REQUIRED
	   residual            1.976636e-02    3.688913e-02    0.000000e+00 
	   energy              7.750503e-03    5.840803e-05    7.750503e-05 
	   displacement        9.554541e-03    2.001938e-04    7.503558e-09 
 3
 Nonlinear solution status: time= 1.13515
	stiffness updates             = 2
	right hand side evaluations   = 4
	stiffness matrix reformations = 1
	step from line search         = 1.000000
	convergence norms :     INITIAL         CURRENT         REQUIRED
	   residual            1.976636e-02    1.381889e-02    0.000000e+00 
	   energy              7.750503e-03    1.693472e-05    7.750503e-05 
	   displacement        9.554541e-03    2.903450e-05    7.363669e-09 
 4
 Nonlinear solution status: time= 1.13515
	stiffness updates             = 3
	right hand side evaluations   = 5
	stiffness matrix reformations = 1
	step from line search         = 1.000000
	convergence norms :     INITIAL         CURRENT         REQUIRED
	   residual            1.976636e-02    3.932923e-03    0.000000e+00 
	   energy              7.750503e-03    4.076698e-06    7.750503e-05 
	   displacement        9.554541e-03    8.598363e-06    7.704998e-09 
 5
 Nonlinear solution status: time= 1.13515
	stiffness updates             = 4
	right hand side evaluations   = 6
	stiffness matrix reformations = 1
	step from line search         = 1.000000
	convergence norms :     INITIAL         CURRENT         REQUIRED
	   residual            1.976636e-02    2.457015e-03    0.000000e+00 
	   energy              7.750503e-03    1.316755e-06    7.750503e-05 
	   displacement        9.554541e-03    9.837653e-07    7.711357e-09 
 6
 Nonlinear solution status: time= 1.13515
	stiffness updates             = 5
	right hand side evaluations   = 7
	stiffness matrix reformations = 1
	step from line search         = 1.000000
	convergence norms :     INITIAL         CURRENT         REQUIRED
	   residual            1.976636e-02    1.197867e-03    0.000000e+00 
	   energy              7.750503e-03    6.214376e-07    7.750503e-05 
	   displacement        9.554541e-03    5.606729e-07    7.651641e-09 
 7
 Nonlinear solution status: time= 1.13515
	stiffness updates             = 6
	right hand side evaluations   = 8
	stiffness matrix reformations = 1
	step from line search         = 1.000000
	convergence norms :     INITIAL         CURRENT         REQUIRED
	   residual            1.976636e-02    3.995355e-04    0.000000e+00 
	   energy              7.750503e-03    2.585011e-07    7.750503e-05 
	   displacement        9.554541e-03    1.467061e-07    7.653347e-09 
 8
 Nonlinear solution status: time= 1.13515
	stiffness updates             = 7
	right hand side evaluations   = 9
	stiffness matrix reformations = 1
	step from line search         = 1.000000
	convergence norms :     INITIAL         CURRENT         REQUIRED
	   residual            1.976636e-02    1.445768e-04    0.000000e+00 
	   energy              7.750503e-03    9.531601e-08    7.750503e-05 
	   displacement        9.554541e-03    8.353143e-08    7.678595e-09 
 9
 Nonlinear solution status: time= 1.13515
	stiffness updates             = 8
	right hand side evaluations   = 10
	stiffness matrix reformations = 1
	step from line search         = 1.000000
	convergence norms :     INITIAL         CURRENT         REQUIRED
	   residual            1.976636e-02    7.968211e-05    0.000000e+00 
	   energy              7.750503e-03    3.743473e-08    7.750503e-05 
	   displacement        9.554541e-03    2.433910e-08    7.675915e-09 
 10
 Nonlinear solution status: time= 1.13515
	stiffness updates             = 9
	right hand side evaluations   = 11
	stiffness matrix reformations = 1
	step from line search         = 1.000000
	convergence norms :     INITIAL         CURRENT         REQUIRED
	   residual            1.976636e-02    3.215305e-05    0.000000e+00 
	   energy              7.750503e-03    1.699971e-08    7.750503e-05 
	   displacement        9.554541e-03    1.028537e-08    7.668628e-09 

 *************************************************************************
 *                               WARNING                                 *
 * Max nr of iterations reached.                                         *
 * Stiffness matrix will now be reformed.                                *
 *************************************************************************
Reforming stiffness matrix: reformation #2

 11
 Nonlinear solution status: time= 1.13515
	stiffness updates             = 0
	right hand side evaluations   = 12
	stiffness matrix reformations = 2
	step from line search         = 1.000000
	convergence norms :     INITIAL         CURRENT         REQUIRED
	   residual            1.976636e-02    6.165877e-10    0.000000e+00 
	   energy              7.750503e-03    2.731422e-10    7.750503e-05 
	   displacement        9.554541e-03    4.356748e-09    7.673442e-09 

convergence summary
    number of iterations   : 11
    number of reformations : 2

------- converged at time : 1.13515


===== beginning time step 44 : 1.14011 =====


Reforming stiffness matrix: reformation #1

 1
 Nonlinear solution status: time= 1.14011
	stiffness updates             = 0
	right hand side evaluations   = 2
	stiffness matrix reformations = 1
	step from line search         = 1.000000
	convergence norms :     INITIAL         CURRENT         REQUIRED
	   residual            1.713762e-02    3.627724e-02    0.000000e+00 
	   energy              6.737104e-03    6.599757e-04    6.737104e-05 
	   displacement        8.445674e-03    8.445674e-03    8.445674e-09 
 2
 Nonlinear solution status: time= 1.14011
	stiffness updates             = 1
	right hand side evaluations   = 3
	stiffness matrix reformations = 1
	step from line search         = 1.000000
	convergence norms :     INITIAL         CURRENT         REQUIRED
	   residual            1.713762e-02    2.780831e-02    0.000000e+00 
	   energy              6.737104e-03    4.667719e-05    6.737104e-05 
	   displacement        8.445674e-03    1.789594e-04    6.598368e-09 
 3
 Nonlinear solution status: time= 1.14011
	stiffness updates             = 2
	right hand side evaluations   = 4
	stiffness matrix reformations = 1
	step from line search         = 1.000000
	convergence norms :     INITIAL         CURRENT         REQUIRED
	   residual            1.713762e-02    9.764087e-03    0.000000e+00 
	   energy              6.737104e-03    1.293476e-05    6.737104e-05 
	   displacement        8.445674e-03    2.363914e-05    6.501050e-09 
 4
 Nonlinear solution status: time= 1.14011
	stiffness updates             = 3
	right hand side evaluations   = 5
	stiffness matrix reformations = 1
	step from line search         = 1.000000
	convergence norms :     INITIAL         CURRENT         REQUIRED
	   residual            1.713762e-02    2.302299e-03    0.000000e+00 
	   energy              6.737104e-03    2.778916e-06    6.737104e-05 
	   displacement        8.445674e-03    6.314383e-06    6.774416e-09 
 5
 Nonlinear solution status: time= 1.14011
	stiffness updates             = 4
	right hand side evaluations   = 6
	stiffness matrix reformations = 1
	step from line search         = 1.000000
	convergence norms :     INITIAL         CURRENT         REQUIRED
	   residual            1.713762e-02    1.076032e-03    0.000000e+00 
	   energy              6.737104e-03    7.066152e-07    6.737104e-05 
	   displacement        8.445674e-03    6.765808e-07    6.775602e-09 
 6
 Nonlinear solution status: time= 1.14011
	stiffness updates             = 5
	right hand side evaluations   = 7
	stiffness matrix reformations = 1
	step from line search         = 1.000000
	convergence norms :     INITIAL         CURRENT         REQUIRED
	   residual            1.713762e-02    4.144170e-04    0.000000e+00 
	   energy              6.737104e-03    2.354979e-07    6.737104e-05 
	   displacement        8.445674e-03    2.982029e-07    6.734880e-09 
 7
 Nonlinear solution status: time= 1.14011
	stiffness updates             = 6
	right hand side evaluations   = 8
	stiffness matrix reformations = 1
	step from line search         = 1.000000
	convergence norms :     INITIAL         CURRENT         REQUIRED
	   residual            1.713762e-02    1.600537e-04    0.000000e+00 
	   energy              6.737104e-03    9.852788e-08    6.737104e-05 
	   displacement        8.445674e-03    5.727142e-08    6.738603e-09 
 8
 Nonlinear solution status: time= 1.14011
	stiffness updates             = 7
	right hand side evaluations   = 9
	stiffness matrix reformations = 1
	step from line search         = 1.000000
	convergence norms :     INITIAL         CURRENT         REQUIRED
	   residual            1.713762e-02    4.614061e-05    0.000000e+00 
	   energy              6.737104e-03    3.054636e-08    6.737104e-05 
	   displacement        8.445674e-03    2.835421e-08    6.752704e-09 
 9
 Nonlinear solution status: time= 1.14011
	stiffness updates             = 8
	right hand side evaluations   = 10
	stiffness matrix reformations = 1
	step from line search         = 1.000000
	convergence norms :     INITIAL         CURRENT         REQUIRED
	   residual            1.713762e-02    2.119022e-05    0.000000e+00 
	   energy              6.737104e-03    1.137366e-08    6.737104e-05 
	   displacement        8.445674e-03    8.825207e-09    6.750810e-09 
 10
 Nonlinear solution status: time= 1.14011
	stiffness updates             = 9
	right hand side evaluations   = 11
	stiffness matrix reformations = 1
	step from line search         = 1.000000
	convergence norms :     INITIAL         CURRENT         REQUIRED
	   residual            1.713762e-02    6.730992e-06    0.000000e+00 
	   energy              6.737104e-03    3.808830e-09    6.737104e-05 
	   displacement        8.445674e-03    3.086788e-09    6.747489e-09 

convergence summary
    number of iterations   : 10
    number of reformations : 1

------- converged at time : 1.14011


AUTO STEPPER: increasing time step, dt = 0.00520992


===== beginning time step 45 : 1.14532 =====


Reforming stiffness matrix: reformation #1

 1
 Nonlinear solution status: time= 1.14532
	stiffness updates             = 0
	right hand side evaluations   = 2
	stiffness matrix reformations = 1
	step from line search         = 1.000000
	convergence norms :     INITIAL         CURRENT         REQUIRED
	   residual            1.432887e-02    3.296389e-02    0.000000e+00 
	   energy              6.152366e-03    6.334888e-04    6.152366e-05 
	   displacement        8.539259e-03    8.539259e-03    8.539259e-09 
 2
 Nonlinear solution status: time= 1.14532
	stiffness updates             = 1
	right hand side evaluations   = 3
	stiffness matrix reformations = 1
	step from line search         = 1.000000
	convergence norms :     INITIAL         CURRENT         REQUIRED
	   residual            1.432887e-02    2.540662e-02    0.000000e+00 
	   energy              6.152366e-03    4.462441e-05    6.152366e-05 
	   displacement        8.539259e-03    1.849816e-04    6.623940e-09 
 3
 Nonlinear solution status: time= 1.14532
	stiffness updates             = 2
	right hand side evaluations   = 4
	stiffness matrix reformations = 1
	step from line search         = 1.000000
	convergence norms :     INITIAL         CURRENT         REQUIRED
	   residual            1.432887e-02    9.076528e-03    0.000000e+00 
	   energy              6.152366e-03    1.250308e-05    6.152366e-05 
	   displacement        8.539259e-03    2.460713e-05    6.520435e-09 
 4
 Nonlinear solution status: time= 1.14532
	stiffness updates             = 3
	right hand side evaluations   = 5
	stiffness matrix reformations = 1
	step from line search         = 1.000000
	convergence norms :     INITIAL         CURRENT         REQUIRED
	   residual            1.432887e-02    2.089483e-03    0.000000e+00 
	   energy              6.152366e-03    2.689976e-06    6.152366e-05 
	   displacement        8.539259e-03    6.371204e-06    6.800860e-09 
 5
 Nonlinear solution status: time= 1.14532
	stiffness updates             = 4
	right hand side evaluations   = 6
	stiffness matrix reformations = 1
	step from line search         = 1.000000
	convergence norms :     INITIAL         CURRENT         REQUIRED
	   residual            1.432887e-02    1.019929e-03    0.000000e+00 
	   energy              6.152366e-03    7.171867e-07    6.152366e-05 
	   displacement        8.539259e-03    7.088113e-07    6.805635e-09 
 6
 Nonlinear solution status: time= 1.14532
	stiffness updates             = 5
	right hand side evaluations   = 7
	stiffness matrix reformations = 1
	step from line search         = 1.000000
	convergence norms :     INITIAL         CURRENT         REQUIRED
	   residual            1.432887e-02    3.937281e-04    0.000000e+00 
	   energy              6.152366e-03    2.309952e-07    6.152366e-05 
	   displacement        8.539259e-03    3.090878e-07    6.763386e-09 
 7
 Nonlinear solution status: time= 1.14532
	stiffness updates             = 6
	right hand side evaluations   = 8
	stiffness matrix reformations = 1
	step from line search         = 1.000000
	convergence norms :     INITIAL         CURRENT         REQUIRED
	   residual            1.432887e-02    1.612117e-04    0.000000e+00 
	   energy              6.152366e-03    1.036121e-07    6.152366e-05 
	   displacement        8.539259e-03    6.104489e-08    6.766238e-09 
 8
 Nonlinear solution status: time= 1.14532
	stiffness updates             = 7
	right hand side evaluations   = 9
	stiffness matrix reformations = 1
	step from line search         = 1.000000
	convergence norms :     INITIAL         CURRENT         REQUIRED
	   residual            1.432887e-02    4.719140e-05    0.000000e+00 
	   energy              6.152366e-03    3.193422e-08    6.152366e-05 
	   displacement        8.539259e-03    3.078502e-08    6.780862e-09 
 9
 Nonlinear solution status: time= 1.14532
	stiffness updates             = 8
	right hand side evaluations   = 10
	stiffness matrix reformations = 1
	step from line search         = 1.000000
	convergence norms :     INITIAL         CURRENT         REQUIRED
	   residual            1.432887e-02    2.107839e-05    0.000000e+00 
	   energy              6.152366e-03    1.232057e-08    6.152366e-05 
	   displacement        8.539259e-03    9.641059e-09    6.779390e-09 
 10
 Nonlinear solution status: time= 1.14532
	stiffness updates             = 9
	right hand side evaluations   = 11
	stiffness matrix reformations = 1
	step from line search         = 1.000000
	convergence norms :     INITIAL         CURRENT         REQUIRED
	   residual            1.432887e-02    6.188177e-06    0.000000e+00 
	   energy              6.152366e-03    3.577483e-09    6.152366e-05 
	   displacement        8.539259e-03    3.325454e-09    6.775937e-09 

convergence summary
    number of iterations   : 10
    number of reformations : 1

------- converged at time : 1.14532


AUTO STEPPER: increasing time step, dt = 0.00544372

MUST POINT CONTROLLER: adjusting time step. dt = 0.00467697


===== beginning time step 46 : 1.15 =====


Reforming stiffness matrix: reformation #1

 1
 Nonlinear solution status: time= 1.15
	stiffness updates             = 0
	right hand side evaluations   = 2
	stiffness matrix reformations = 1
	step from line search         = 1.000000
	convergence norms :     INITIAL         CURRENT         REQUIRED
	   residual            1.604743e-02    2.126336e-02    0.000000e+00 
	   energy              5.670552e-03    5.675679e-04    5.670552e-05 
	   displacement        6.634821e-03    6.634821e-03    6.634821e-09 
 2
 Nonlinear solution status: time= 1.15
	stiffness updates             = 1
	right hand side evaluations   = 3
	stiffness matrix reformations = 1
	step from line search         = 1.000000
	convergence norms :     INITIAL         CURRENT         REQUIRED
	   residual            1.604743e-02    1.647972e-02    0.000000e+00 
	   energy              5.670552e-03    2.545375e-05    5.670552e-05 
	   displacement        6.634821e-03    1.438943e-04    5.118935e-09 
 3
 Nonlinear solution status: time= 1.15
	stiffness updates             = 2
	right hand side evaluations   = 4
	stiffness matrix reformations = 1
	step from line search         = 1.000000
	convergence norms :     INITIAL         CURRENT         REQUIRED
	   residual            1.604743e-02    4.169178e-03    0.000000e+00 
	   energy              5.670552e-03    5.896745e-06    5.670552e-05 
	   displacement        6.634821e-03    1.082782e-05    5.097912e-09 
 4
 Nonlinear solution status: time= 1.15
	stiffness updates             = 3
	right hand side evaluations   = 5
	stiffness matrix reformations = 1
	step from line search         = 1.000000
	convergence norms :     INITIAL         CURRENT         REQUIRED
	   residual            1.604743e-02    6.595314e-04    0.000000e+00 
	   energy              5.670552e-03    9.146263e-07    5.670552e-05 
	   displacement        6.634821e-03    2.372247e-06    5.234516e-09 
 5
 Nonlinear solution status: time= 1.15
	stiffness updates             = 4
	right hand side evaluations   = 6
	stiffness matrix reformations = 1
	step from line search         = 1.000000
	convergence norms :     INITIAL         CURRENT         REQUIRED
	   residual            1.604743e-02    2.765062e-04    0.000000e+00 
	   energy              5.670552e-03    2.092428e-07    5.670552e-05 
	   displacement        6.634821e-03    2.016817e-07    5.232285e-09 
 6
 Nonlinear solution status: time= 1.15
	stiffness updates             = 5
	right hand side evaluations   = 7
	stiffness matrix reformations = 1
	step from line search         = 1.000000
	convergence norms :     INITIAL         CURRENT         REQUIRED
	   residual            1.604743e-02    6.564036e-05    0.000000e+00 
	   energy              5.670552e-03    4.397713e-08    5.670552e-05 
	   displacement        6.634821e-03    6.527460e-08    5.217441e-09 
 7
 Nonlinear solution status: time= 1.15
	stiffness updates             = 6
	right hand side evaluations   = 8
	stiffness matrix reformations = 1
	step from line search         = 1.000000
	convergence norms :     INITIAL         CURRENT         REQUIRED
	   residual            1.604743e-02    2.164551e-05    0.000000e+00 
	   energy              5.670552e-03    1.643699e-08    5.670552e-05 
	   displacement        6.634821e-03    1.043359e-08    5.219569e-09 
 8
 Nonlinear solution status: time= 1.15
	stiffness updates             = 7
	right hand side evaluations   = 9
	stiffness matrix reformations = 1
	step from line search         = 1.000000
	convergence norms :     INITIAL         CURRENT         REQUIRED
	   residual            1.604743e-02    4.770493e-06    0.000000e+00 
	   energy              5.670552e-03    2.996369e-09    5.670552e-05 
	   displacement        6.634821e-03    3.499336e-09    5.223326e-09 

convergence summary
    number of iterations   : 8
    number of reformations : 1

------- converged at time : 1.15


AUTO STEPPER: increasing time step, dt = 0.00623015


===== beginning time step 47 : 1.15623 =====


Reforming stiffness matrix: reformation #1

 1
 Nonlinear solution status: time= 1.15623
	stiffness updates             = 0
	right hand side evaluations   = 2
	stiffness matrix reformations = 1
	step from line search         = 1.000000
	convergence norms :     INITIAL         CURRENT         REQUIRED
	   residual            9.393091e-03    3.701516e-02    0.000000e+00 
	   energy              5.555063e-03    6.631271e-04    5.555063e-05 
	   displacement        1.093496e-02    1.093496e-02    1.093496e-08 
 2
 Nonlinear solution status: time= 1.15623
	stiffness updates             = 1
	right hand side evaluations   = 3
	stiffness matrix reformations = 1
	step from line search         = 1.000000
	convergence norms :     INITIAL         CURRENT         REQUIRED
	   residual            9.393091e-03    2.844089e-02    0.000000e+00 
	   energy              5.555063e-03    5.192419e-05    5.555063e-05 
	   displacement        1.093496e-02    2.466058e-04    8.351714e-09 
 3
 Nonlinear solution status: time= 1.15623
	stiffness updates             = 2
	right hand side evaluations   = 4
	stiffness matrix reformations = 1
	step from line search         = 1.000000
	convergence norms :     INITIAL         CURRENT         REQUIRED
	   residual            9.393091e-03    1.126318e-02    0.000000e+00 
	   energy              5.555063e-03    1.584163e-05    5.555063e-05 
	   displacement        1.093496e-02    3.668192e-05    8.129301e-09 
 4
 Nonlinear solution status: time= 1.15623
	stiffness updates             = 3
	right hand side evaluations   = 5
	stiffness matrix reformations = 1
	step from line search         = 1.000000
	convergence norms :     INITIAL         CURRENT         REQUIRED
	   residual            9.393091e-03    3.430337e-03    0.000000e+00 
	   energy              5.555063e-03    4.011903e-06    5.555063e-05 
	   displacement        1.093496e-02    1.028936e-05    8.553203e-09 
 5
 Nonlinear solution status: time= 1.15623
	stiffness updates             = 4
	right hand side evaluations   = 6
	stiffness matrix reformations = 1
	step from line search         = 1.000000
	convergence norms :     INITIAL         CURRENT         REQUIRED
	   residual            9.393091e-03    2.142588e-03    0.000000e+00 
	   energy              5.555063e-03    1.541604e-06    5.555063e-05 
	   displacement        1.093496e-02    1.382396e-06    8.591627e-09 
 6
 Nonlinear solution status: time= 1.15623
	stiffness updates             = 5
	right hand side evaluations   = 7
	stiffness matrix reformations = 1
	step from line search         = 1.000000
	convergence norms :     INITIAL         CURRENT         REQUIRED
	   residual            9.393091e-03    8.978547e-04    0.000000e+00 
	   energy              5.555063e-03    6.186320e-07    5.555063e-05 
	   displacement        1.093496e-02    7.421417e-07    8.511570e-09 
 7
 Nonlinear solution status: time= 1.15623
	stiffness updates             = 6
	right hand side evaluations   = 8
	stiffness matrix reformations = 1
	step from line search         = 1.000000
	convergence norms :     INITIAL         CURRENT         REQUIRED
	   residual            9.393091e-03    3.834420e-04    0.000000e+00 
	   energy              5.555063e-03    3.194753e-07    5.555063e-05 
	   displacement        1.093496e-02    2.267445e-07    8.504417e-09 
 8
 Nonlinear solution status: time= 1.15623
	stiffness updates             = 7
	right hand side evaluations   = 9
	stiffness matrix reformations = 1
	step from line search         = 1.000000
	convergence norms :     INITIAL         CURRENT         REQUIRED
	   residual            9.393091e-03    1.287164e-04    0.000000e+00 
	   energy              5.555063e-03    1.003284e-07    5.555063e-05 
	   displacement        1.093496e-02    1.152015e-07    8.537777e-09 
 9
 Nonlinear solution status: time= 1.15623
	stiffness updates             = 8
	right hand side evaluations   = 10
	stiffness matrix reformations = 1
	step from line search         = 1.000000
	convergence norms :     INITIAL         CURRENT         REQUIRED
	   residual            9.393091e-03    8.340394e-05    0.000000e+00 
	   energy              5.555063e-03    5.226778e-08    5.555063e-05 
	   displacement        1.093496e-02    3.521243e-08    8.538504e-09 
 10
 Nonlinear solution status: time= 1.15623
	stiffness updates             = 9
	right hand side evaluations   = 11
	stiffness matrix reformations = 1
	step from line search         = 1.000000
	convergence norms :     INITIAL         CURRENT         REQUIRED
	   residual            9.393091e-03    2.637625e-05    0.000000e+00 
	   energy              5.555063e-03    1.715629e-08    5.555063e-05 
	   displacement        1.093496e-02    1.479265e-08    8.528900e-09 

 *************************************************************************
 *                               WARNING                                 *
 * Max nr of iterations reached.                                         *
 * Stiffness matrix will now be reformed.                                *
 *************************************************************************
Reforming stiffness matrix: reformation #2

 11
 Nonlinear solution status: time= 1.15623
	stiffness updates             = 0
	right hand side evaluations   = 12
	stiffness matrix reformations = 2
	step from line search         = 1.000000
	convergence norms :     INITIAL         CURRENT         REQUIRED
	   residual            9.393091e-03    4.646817e-10    0.000000e+00 
	   energy              5.555063e-03    2.481873e-10    5.555063e-05 
	   displacement        1.093496e-02    5.458927e-09    8.533713e-09 

convergence summary
    number of iterations   : 11
    number of reformations : 2

------- converged at time : 1.15623


===== beginning time step 48 : 1.16246 =====


Reforming stiffness matrix: reformation #1

 1
 Nonlinear solution status: time= 1.16246
	stiffness updates             = 0
	right hand side evaluations   = 2
	stiffness matrix reformations = 1
	step from line search         = 1.000000
	convergence norms :     INITIAL         CURRENT         REQUIRED
	   residual            8.262686e-03    2.778076e-02    0.000000e+00 
	   energy              4.917898e-03    5.923893e-04    4.917898e-05 
	   displacement        9.923246e-03    9.923246e-03    9.923246e-09 
 2
 Nonlinear solution status: time= 1.16246
	stiffness updates             = 1
	right hand side evaluations   = 3
	stiffness matrix reformations = 1
	step from line search         = 1.000000
	convergence norms :     INITIAL         CURRENT         REQUIRED
	   residual            8.262686e-03    1.963695e-02    0.000000e+00 
	   energy              4.917898e-03    3.227045e-05    4.917898e-05 
	   displacement        9.923246e-03    2.143588e-04    7.546890e-09 
 3
 Nonlinear solution status: time= 1.16246
	stiffness updates             = 2
	right hand side evaluations   = 4
	stiffness matrix reformations = 1
	step from line search         = 1.000000
	convergence norms :     INITIAL         CURRENT         REQUIRED
	   residual            8.262686e-03    7.116974e-03    0.000000e+00 
	   energy              4.917898e-03    9.762885e-06    4.917898e-05 
	   displacement        9.923246e-03    2.185533e-05    7.394061e-09 
 4
 Nonlinear solution status: time= 1.16246
	stiffness updates             = 3
	right hand side evaluations   = 5
	stiffness matrix reformations = 1
	step from line search         = 1.000000
	convergence norms :     INITIAL         CURRENT         REQUIRED
	   residual            8.262686e-03    1.632599e-03    0.000000e+00 
	   energy              4.917898e-03    1.842962e-06    4.917898e-05 
	   displacement        9.923246e-03    5.644567e-06    7.689354e-09 
 5
 Nonlinear solution status: time= 1.16246
	stiffness updates             = 4
	right hand side evaluations   = 6
	stiffness matrix reformations = 1
	step from line search         = 1.000000
	convergence norms :     INITIAL         CURRENT         REQUIRED
	   residual            8.262686e-03    9.763050e-04    0.000000e+00 
	   energy              4.917898e-03    6.867006e-07    4.917898e-05 
	   displacement        9.923246e-03    6.342822e-07    7.714487e-09 
 6
 Nonlinear solution status: time= 1.16246
	stiffness updates             = 5
	right hand side evaluations   = 7
	stiffness matrix reformations = 1
	step from line search         = 1.000000
	convergence norms :     INITIAL         CURRENT         REQUIRED
	   residual            8.262686e-03    2.941971e-04    0.000000e+00 
	   energy              4.917898e-03    1.840318e-07    4.917898e-05 
	   displacement        9.923246e-03    2.784042e-07    7.669064e-09 
 7
 Nonlinear solution status: time= 1.16246
	stiffness updates             = 6
	right hand side evaluations   = 8
	stiffness matrix reformations = 1
	step from line search         = 1.000000
	convergence norms :     INITIAL         CURRENT         REQUIRED
	   residual            8.262686e-03    1.311662e-04    0.000000e+00 
	   energy              4.917898e-03    9.830675e-08    4.917898e-05 
	   displacement        9.923246e-03    6.945031e-08    7.665366e-09 
 8
 Nonlinear solution status: time= 1.16246
	stiffness updates             = 7
	right hand side evaluations   = 9
	stiffness matrix reformations = 1
	step from line search         = 1.000000
	convergence norms :     INITIAL         CURRENT         REQUIRED
	   residual            8.262686e-03    3.161021e-05    0.000000e+00 
	   energy              4.917898e-03    2.142542e-08    4.917898e-05 
	   displacement        9.923246e-03    2.651471e-08    7.680444e-09 
 9
 Nonlinear solution status: time= 1.16246
	stiffness updates             = 8
	right hand side evaluations   = 10
	stiffness matrix reformations = 1
	step from line search         = 1.000000
	convergence norms :     INITIAL         CURRENT         REQUIRED
	   residual            8.262686e-03    2.406928e-05    0.000000e+00 
	   energy              4.917898e-03    1.446185e-08    4.917898e-05 
	   displacement        9.923246e-03    9.211491e-09    7.681473e-09 
 10
 Nonlinear solution status: time= 1.16246
	stiffness updates             = 9
	right hand side evaluations   = 11
	stiffness matrix reformations = 1
	step from line search         = 1.000000
	convergence norms :     INITIAL         CURRENT         REQUIRED
	   residual            8.262686e-03    3.645570e-06    0.000000e+00 
	   energy              4.917898e-03    2.435746e-09    4.917898e-05 
	   displacement        9.923246e-03    2.899850e-09    7.677647e-09 

convergence summary
    number of iterations   : 10
    number of reformations : 1

------- converged at time : 1.16246


AUTO STEPPER: increasing time step, dt = 0.00641415


===== beginning time step 49 : 1.16887 =====


Reforming stiffness matrix: reformation #1

 1
 Nonlinear solution status: time= 1.16887
	stiffness updates             = 0
	right hand side evaluations   = 2
	stiffness matrix reformations = 1
	step from line search         = 1.000000
	convergence norms :     INITIAL         CURRENT         REQUIRED
	   residual            6.563764e-03    2.071729e-02    0.000000e+00 
	   energy              4.141562e-03    5.059983e-04    4.141562e-05 
	   displacement        8.948223e-03    8.948223e-03    8.948223e-09 
 2
 Nonlinear solution status: time= 1.16887
	stiffness updates             = 1
	right hand side evaluations   = 3
	stiffness matrix reformations = 1
	step from line search         = 1.000000
	convergence norms :     INITIAL         CURRENT         REQUIRED
	   residual            6.563764e-03    1.333072e-02    0.000000e+00 
	   energy              4.141562e-03    2.066989e-05    4.141562e-05 
	   displacement        8.948223e-03    1.862107e-04    6.793774e-09 
 3
 Nonlinear solution status: time= 1.16887
	stiffness updates             = 2
	right hand side evaluations   = 4
	stiffness matrix reformations = 1
	step from line search         = 1.000000
	convergence norms :     INITIAL         CURRENT         REQUIRED
	   residual            6.563764e-03    4.545255e-03    0.000000e+00 
	   energy              4.141562e-03    5.929454e-06    4.141562e-05 
	   displacement        8.948223e-03    1.361529e-05    6.677332e-09 
 4
 Nonlinear solution status: time= 1.16887
	stiffness updates             = 3
	right hand side evaluations   = 5
	stiffness matrix reformations = 1
	step from line search         = 1.000000
	convergence norms :     INITIAL         CURRENT         REQUIRED
	   residual            6.563764e-03    9.616795e-04    0.000000e+00 
	   energy              4.141562e-03    9.349426e-07    4.141562e-05 
	   displacement        8.948223e-03    3.226696e-06    6.891853e-09 
 5
 Nonlinear solution status: time= 1.16887
	stiffness updates             = 4
	right hand side evaluations   = 6
	stiffness matrix reformations = 1
	step from line search         = 1.000000
	convergence norms :     INITIAL         CURRENT         REQUIRED
	   residual            6.563764e-03    7.493189e-04    0.000000e+00 
	   energy              4.141562e-03    4.668762e-07    4.141562e-05 
	   displacement        8.948223e-03    3.216852e-07    6.914294e-09 
 6
 Nonlinear solution status: time= 1.16887
	stiffness updates             = 5
	right hand side evaluations   = 7
	stiffness matrix reformations = 1
	step from line search         = 1.000000
	convergence norms :     INITIAL         CURRENT         REQUIRED
	   residual            6.563764e-03    2.247162e-04    0.000000e+00 
	   energy              4.141562e-03    1.342023e-07    4.141562e-05 
	   displacement        8.948223e-03    1.446897e-07    6.882793e-09 
 7
 Nonlinear solution status: time= 1.16887
	stiffness updates             = 6
	right hand side evaluations   = 8
	stiffness matrix reformations = 1
	step from line search         = 1.000000
	convergence norms :     INITIAL         CURRENT         REQUIRED
	   residual            6.563764e-03    1.108446e-04    0.000000e+00 
	   energy              4.141562e-03    8.020296e-08    4.141562e-05 
	   displacement        8.948223e-03    5.608334e-08    6.875887e-09 
 8
 Nonlinear solution status: time= 1.16887
	stiffness updates             = 7
	right hand side evaluations   = 9
	stiffness matrix reformations = 1
	step from line search         = 1.000000
	convergence norms :     INITIAL         CURRENT         REQUIRED
	   residual            6.563764e-03    1.920264e-05    0.000000e+00 
	   energy              4.141562e-03    1.331879e-08    4.141562e-05 
	   displacement        8.948223e-03    1.905856e-08    6.887576e-09 
 9
 Nonlinear solution status: time= 1.16887
	stiffness updates             = 8
	right hand side evaluations   = 10
	stiffness matrix reformations = 1
	step from line search         = 1.000000
	convergence norms :     INITIAL         CURRENT         REQUIRED
	   residual            6.563764e-03    1.787269e-05    0.000000e+00 
	   energy              4.141562e-03    1.011712e-08    4.141562e-05 
	   displacement        8.948223e-03    6.102127e-09    6.889244e-09 

convergence summary
    number of iterations   : 9
    number of reformations : 1

------- converged at time : 1.16887


AUTO STEPPER: increasing time step, dt = 0.00679261

MUST POINT CONTROLLER: adjusting time step. dt = 0.00612555


===== beginning time step 50 : 1.175 =====


Reforming stiffness matrix: reformation #1

 1
 Nonlinear solution status: time= 1.175
	stiffness updates             = 0
	right hand side evaluations   = 2
	stiffness matrix reformations = 1
	step from line search         = 1.000000
	convergence norms :     INITIAL         CURRENT         REQUIRED
	   residual            5.548086e-03    1.109163e-02    0.000000e+00 
	   energy              3.238035e-03    3.845724e-04    3.238035e-05 
	   displacement        6.544744e-03    6.544744e-03    6.544744e-09 
 2
 Nonlinear solution status: time= 1.175
	stiffness updates             = 1
	right hand side evaluations   = 3
	stiffness matrix reformations = 1
	step from line search         = 1.000000
	convergence norms :     INITIAL         CURRENT         REQUIRED
	   residual            5.548086e-03    6.829173e-03    0.000000e+00 
	   energy              3.238035e-03    9.503095e-06    3.238035e-05 
	   displacement        6.544744e-03    1.320039e-04    4.973022e-09 
 3
 Nonlinear solution status: time= 1.175
	stiffness updates             = 2
	right hand side evaluations   = 4
	stiffness matrix reformations = 1
	step from line search         = 1.000000
	convergence norms :     INITIAL         CURRENT         REQUIRED
	   residual            5.548086e-03    1.754481e-03    0.000000e+00 
	   energy              3.238035e-03    2.185009e-06    3.238035e-05 
	   displacement        6.544744e-03    4.717890e-06    4.933424e-09 
 4
 Nonlinear solution status: time= 1.175
	stiffness updates             = 3
	right hand side evaluations   = 5
	stiffness matrix reformations = 1
	step from line search         = 1.000000
	convergence norms :     INITIAL         CURRENT         REQUIRED
	   residual            5.548086e-03    2.731514e-04    0.000000e+00 
	   energy              3.238035e-03    2.344252e-07    3.238035e-05 
	   displacement        6.544744e-03    9.168676e-07    5.028538e-09 
 5
 Nonlinear solution status: time= 1.175
	stiffness updates             = 4
	right hand side evaluations   = 6
	stiffness matrix reformations = 1
	step from line search         = 1.000000
	convergence norms :     INITIAL         CURRENT         REQUIRED
	   residual            5.548086e-03    1.551876e-04    0.000000e+00 
	   energy              3.238035e-03    1.016696e-07    3.238035e-05 
	   displacement        6.544744e-03    6.676446e-08    5.035052e-09 
 6
 Nonlinear solution status: time= 1.175
	stiffness updates             = 5
	right hand side evaluations   = 7
	stiffness matrix reformations = 1
	step from line search         = 1.000000
	convergence norms :     INITIAL         CURRENT         REQUIRED
	   residual            5.548086e-03    2.434381e-05    0.000000e+00 
	   energy              3.238035e-03    1.454029e-08    3.238035e-05 
	   displacement        6.544744e-03    2.663852e-08    5.024495e-09 
 7
 Nonlinear solution status: time= 1.175
	stiffness updates             = 6
	right hand side evaluations   = 8
	stiffness matrix reformations = 1
	step from line search         = 1.000000
	convergence norms :     INITIAL         CURRENT         REQUIRED
	   residual            5.548086e-03    1.236367e-05    0.000000e+00 
	   energy              3.238035e-03    8.255819e-09    3.238035e-05 
	   displacement        6.544744e-03    5.160085e-09    5.023728e-09 
 8
 Nonlinear solution status: time= 1.175
	stiffness updates             = 7
	right hand side evaluations   = 9
	stiffness matrix reformations = 1
	step from line search         = 1.000000
	convergence norms :     INITIAL         CURRENT         REQUIRED
	   residual            5.548086e-03    1.309897e-06    0.000000e+00 
	   energy              3.238035e-03    8.445312e-10    3.238035e-05 
	   displacement        6.544744e-03    1.282183e-09    5.025993e-09 

convergence summary
    number of iterations   : 8
    number of reformations : 1

------- converged at time : 1.175


AUTO STEPPER: increasing time step, dt = 0.00734622


===== beginning time step 51 : 1.18235 =====


Reforming stiffness matrix: reformation #1

 1
 Nonlinear solution status: time= 1.18235
	stiffness updates             = 0
	right hand side evaluations   = 2
	stiffness matrix reformations = 1
	step from line search         = 1.000000
	convergence norms :     INITIAL         CURRENT         REQUIRED
	   residual            3.094676e-03    7.422702e-03    0.000000e+00 
	   energy              2.493736e-03    3.036475e-04    2.493736e-05 
	   displacement        6.829285e-03    6.829285e-03    6.829285e-09 
 2
 Nonlinear solution status: time= 1.18235
	stiffness updates             = 1
	right hand side evaluations   = 3
	stiffness matrix reformations = 1
	step from line search         = 1.000000
	convergence norms :     INITIAL         CURRENT         REQUIRED
	   residual            3.094676e-03    3.389008e-03    0.000000e+00 
	   energy              2.493736e-03    6.679484e-06    2.493736e-05 
	   displacement        6.829285e-03    1.285299e-04    5.209945e-09 
 3
 Nonlinear solution status: time= 1.18235
	stiffness updates             = 2
	right hand side evaluations   = 4
	stiffness matrix reformations = 1
	step from line search         = 1.000000
	convergence norms :     INITIAL         CURRENT         REQUIRED
	   residual            3.094676e-03    9.047274e-04    0.000000e+00 
	   energy              2.493736e-03    1.678173e-06    2.493736e-05 
	   displacement        6.829285e-03    4.664205e-06    5.161648e-09 
 4
 Nonlinear solution status: time= 1.18235
	stiffness updates             = 3
	right hand side evaluations   = 5
	stiffness matrix reformations = 1
	step from line search         = 1.000000
	convergence norms :     INITIAL         CURRENT         REQUIRED
	   residual            3.094676e-03    6.519050e-05    0.000000e+00 
	   energy              2.493736e-03    1.098759e-07    2.493736e-05 
	   displacement        6.829285e-03    8.945930e-07    5.258214e-09 
 5
 Nonlinear solution status: time= 1.18235
	stiffness updates             = 4
	right hand side evaluations   = 6
	stiffness matrix reformations = 1
	step from line search         = 1.000000
	convergence norms :     INITIAL         CURRENT         REQUIRED
	   residual            3.094676e-03    2.968683e-05    0.000000e+00 
	   energy              2.493736e-03    2.820258e-08    2.493736e-05 
	   displacement        6.829285e-03    4.824710e-08    5.262726e-09 
 6
 Nonlinear solution status: time= 1.18235
	stiffness updates             = 5
	right hand side evaluations   = 7
	stiffness matrix reformations = 1
	step from line search         = 1.000000
	convergence norms :     INITIAL         CURRENT         REQUIRED
	   residual            3.094676e-03    3.573678e-06    0.000000e+00 
	   energy              2.493736e-03    1.875607e-09    2.493736e-05 
	   displacement        6.829285e-03    1.006208e-08    5.256226e-09 
 7
 Nonlinear solution status: time= 1.18235
	stiffness updates             = 6
	right hand side evaluations   = 8
	stiffness matrix reformations = 1
	step from line search         = 1.000000
	convergence norms :     INITIAL         CURRENT         REQUIRED
	   residual            3.094676e-03    1.351014e-06    0.000000e+00 
	   energy              2.493736e-03    1.218081e-09    2.493736e-05 
	   displacement        6.829285e-03    1.260038e-09    5.256033e-09 

convergence summary
    number of iterations   : 7
    number of reformations : 1

------- converged at time : 1.18235


AUTO STEPPER: increasing time step, dt = 0.00787697


===== beginning time step 52 : 1.19022 =====


Reforming stiffness matrix: reformation #1

 1
 Nonlinear solution status: time= 1.19022
	stiffness updates             = 0
	right hand side evaluations   = 2
	stiffness matrix reformations = 1
	step from line search         = 1.000000
	convergence norms :     INITIAL         CURRENT         REQUIRED
	   residual            2.010402e-03    3.195228e-03    0.000000e+00 
	   energy              1.844173e-03    2.163070e-04    1.844173e-05 
	   displacement        5.575614e-03    5.575614e-03    5.575614e-09 
 2
 Nonlinear solution status: time= 1.19022
	stiffness updates             = 1
	right hand side evaluations   = 3
	stiffness matrix reformations = 1
	step from line search         = 1.000000
	convergence norms :     INITIAL         CURRENT         REQUIRED
	   residual            2.010402e-03    1.035618e-03    0.000000e+00 
	   energy              1.844173e-03    2.744980e-06    1.844173e-05 
	   displacement        5.575614e-03    9.776564e-05    4.286484e-09 
 3
 Nonlinear solution status: time= 1.19022
	stiffness updates             = 2
	right hand side evaluations   = 4
	stiffness matrix reformations = 1
	step from line search         = 1.000000
	convergence norms :     INITIAL         CURRENT         REQUIRED
	   residual            2.010402e-03    1.846737e-04    0.000000e+00 
	   energy              1.844173e-03    5.138030e-07    1.844173e-05 
	   displacement        5.575614e-03    1.792898e-06    4.284618e-09 
 4
 Nonlinear solution status: time= 1.19022
	stiffness updates             = 3
	right hand side evaluations   = 5
	stiffness matrix reformations = 1
	step from line search         = 1.000000
	convergence norms :     INITIAL         CURRENT         REQUIRED
	   residual            2.010402e-03    5.635032e-06    0.000000e+00 
	   energy              1.844173e-03    1.708599e-08    1.844173e-05 
	   displacement        5.575614e-03    2.359213e-07    4.323344e-09 
 5
 Nonlinear solution status: time= 1.19022
	stiffness updates             = 4
	right hand side evaluations   = 6
	stiffness matrix reformations = 1
	step from line search         = 1.000000
	convergence norms :     INITIAL         CURRENT         REQUIRED
	   residual            2.010402e-03    2.340849e-06    0.000000e+00 
	   energy              1.844173e-03    2.501073e-09    1.844173e-05 
	   displacement        5.575614e-03    7.350318e-09    4.323279e-09 
 6
 Nonlinear solution status: time= 1.19022
	stiffness updates             = 5
	right hand side evaluations   = 7
	stiffness matrix reformations = 1
	step from line search         = 1.000000
	convergence norms :     INITIAL         CURRENT         REQUIRED
	   residual            2.010402e-03    1.095771e-07    0.000000e+00 
	   energy              1.844173e-03    2.444406e-11    1.844173e-05 
	   displacement        5.575614e-03    8.795662e-10    4.322168e-09 

convergence summary
    number of iterations   : 6
    number of reformations : 1

------- converged at time : 1.19022


AUTO STEPPER: increasing time step, dt = 0.00830158


===== beginning time step 53 : 1.19852 =====


Reforming stiffness matrix: reformation #1

 1
 Nonlinear solution status: time= 1.19852
	stiffness updates             = 0
	right hand side evaluations   = 2
	stiffness matrix reformations = 1
	step from line search         = 1.000000
	convergence norms :     INITIAL         CURRENT         REQUIRED
	   residual            1.567540e-03    2.748163e-03    0.000000e+00 
	   energy              1.577807e-03    1.778344e-04    1.577807e-05 
	   displacement        5.026053e-03    5.026053e-03    5.026053e-09 
 2
 Nonlinear solution status: time= 1.19852
	stiffness updates             = 1
	right hand side evaluations   = 3
	stiffness matrix reformations = 1
	step from line search         = 1.000000
	convergence norms :     INITIAL         CURRENT         REQUIRED
	   residual            1.567540e-03    5.815499e-04    0.000000e+00 
	   energy              1.577807e-03    2.008172e-06    1.577807e-05 
	   displacement        5.026053e-03    8.218900e-05    3.903858e-09 
 3
 Nonlinear solution status: time= 1.19852
	stiffness updates             = 2
	right hand side evaluations   = 4
	stiffness matrix reformations = 1
	step from line search         = 1.000000
	convergence norms :     INITIAL         CURRENT         REQUIRED
	   residual            1.567540e-03    1.163940e-04    0.000000e+00 
	   energy              1.577807e-03    2.755158e-07    1.577807e-05 
	   displacement        5.026053e-03    1.292751e-06    3.914534e-09 
 4
 Nonlinear solution status: time= 1.19852
	stiffness updates             = 3
	right hand side evaluations   = 5
	stiffness matrix reformations = 1
	step from line search         = 1.000000
	convergence norms :     INITIAL         CURRENT         REQUIRED
	   residual            1.567540e-03    2.574401e-06    0.000000e+00 
	   energy              1.577807e-03    1.124200e-08    1.577807e-05 
	   displacement        5.026053e-03    1.157758e-07    3.940346e-09 
 5
 Nonlinear solution status: time= 1.19852
	stiffness updates             = 4
	right hand side evaluations   = 6
	stiffness matrix reformations = 1
	step from line search         = 1.000000
	convergence norms :     INITIAL         CURRENT         REQUIRED
	   residual            1.567540e-03    1.602126e-06    0.000000e+00 
	   energy              1.577807e-03    1.735940e-09    1.577807e-05 
	   displacement        5.026053e-03    7.399044e-09    3.939199e-09 
 6
 Nonlinear solution status: time= 1.19852
	stiffness updates             = 5
	right hand side evaluations   = 7
	stiffness matrix reformations = 1
	step from line search         = 1.000000
	convergence norms :     INITIAL         CURRENT         REQUIRED
	   residual            1.567540e-03    7.019748e-08    0.000000e+00 
	   energy              1.577807e-03    7.803457e-12    1.577807e-05 
	   displacement        5.026053e-03    7.494285e-10    3.938390e-09 

convergence summary
    number of iterations   : 6
    number of reformations : 1

------- converged at time : 1.19852


AUTO STEPPER: increasing time step, dt = 0.00864126

MUST POINT CONTROLLER: adjusting time step. dt = 0.00147523


===== beginning time step 54 : 1.2 =====


Reforming stiffness matrix: reformation #1

 1
 Nonlinear solution status: time= 1.2
	stiffness updates             = 0
	right hand side evaluations   = 2
	stiffness matrix reformations = 1
	step from line search         = 1.000000
	convergence norms :     INITIAL         CURRENT         REQUIRED
	   residual            3.371637e-02    2.367859e-03    0.000000e+00 
	   energy              1.261370e-03    8.832234e-05    1.261370e-05 
	   displacement        1.543670e-04    1.543670e-04    1.543670e-10 
 2
 Nonlinear solution status: time= 1.2
	stiffness updates             = 1
	right hand side evaluations   = 3
	stiffness matrix reformations = 1
	step from line search         = 1.000000
	convergence norms :     INITIAL         CURRENT         REQUIRED
	   residual            3.371637e-02    1.987858e-04    0.000000e+00 
	   energy              1.261370e-03    3.086929e-06    1.261370e-05 
	   displacement        1.543670e-04    5.051579e-06    1.234957e-10 
 3
 Nonlinear solution status: time= 1.2
	stiffness updates             = 2
	right hand side evaluations   = 4
	stiffness matrix reformations = 1
	step from line search         = 1.000000
	convergence norms :     INITIAL         CURRENT         REQUIRED
	   residual            3.371637e-02    2.546531e-06    0.000000e+00 
	   energy              1.261370e-03    1.514928e-08    1.261370e-05 
	   displacement        1.543670e-04    1.412275e-07    1.259118e-10 
 4
 Nonlinear solution status: time= 1.2
	stiffness updates             = 3
	right hand side evaluations   = 5
	stiffness matrix reformations = 1
	step from line search         = 1.000000
	convergence norms :     INITIAL         CURRENT         REQUIRED
	   residual            3.371637e-02    1.582357e-08    0.000000e+00 
	   energy              1.261370e-03    1.666003e-10    1.261370e-05 
	   displacement        1.543670e-04    7.801650e-10    1.261215e-10 
 5
 Nonlinear solution status: time= 1.2
	stiffness updates             = 4
	right hand side evaluations   = 6
	stiffness matrix reformations = 1
	step from line search         = 1.000000
	convergence norms :     INITIAL         CURRENT         REQUIRED
	   residual            3.371637e-02    8.508326e-10    0.000000e+00 
	   energy              1.261370e-03    1.474341e-12    1.261370e-05 
	   displacement        1.543670e-04    2.289674e-11    1.261055e-10 

convergence summary
    number of iterations   : 5
    number of reformations : 1

------- converged at time : 1.2


AUTO STEPPER: increasing time step, dt = 0.00891301


===== beginning time step 55 : 1.20891 =====


Reforming stiffness matrix: reformation #1

 1
 Nonlinear solution status: time= 1.20891
	stiffness updates             = 0
	right hand side evaluations   = 2
	stiffness matrix reformations = 1
	step from line search         = 1.000000
	convergence norms :     INITIAL         CURRENT         REQUIRED
	   residual            1.477871e-03    4.737365e-03    0.000000e+00 
	   energy              1.658810e-03    1.876938e-04    1.658810e-05 
	   displacement        5.723234e-03    5.723234e-03    5.723234e-09 
 2
 Nonlinear solution status: time= 1.20891
	stiffness updates             = 1
	right hand side evaluations   = 3
	stiffness matrix reformations = 1
	step from line search         = 1.000000
	convergence norms :     INITIAL         CURRENT         REQUIRED
	   residual            1.477871e-03    1.004698e-03    0.000000e+00 
	   energy              1.658810e-03    3.729540e-06    1.658810e-05 
	   displacement        5.723234e-03    9.244941e-05    4.460583e-09 
 3
 Nonlinear solution status: time= 1.20891
	stiffness updates             = 2
	right hand side evaluations   = 4
	stiffness matrix reformations = 1
	step from line search         = 1.000000
	convergence norms :     INITIAL         CURRENT         REQUIRED
	   residual            1.477871e-03    3.684456e-04    0.000000e+00 
	   energy              1.658810e-03    6.518155e-07    1.658810e-05 
	   displacement        5.723234e-03    2.736358e-06    4.469700e-09 
 4
 Nonlinear solution status: time= 1.20891
	stiffness updates             = 3
	right hand side evaluations   = 5
	stiffness matrix reformations = 1
	step from line search         = 1.000000
	convergence norms :     INITIAL         CURRENT         REQUIRED
	   residual            1.477871e-03    1.875049e-05    0.000000e+00 
	   energy              1.658810e-03    6.954348e-08    1.658810e-05 
	   displacement        5.723234e-03    3.661172e-07    4.525706e-09 
 5
 Nonlinear solution status: time= 1.20891
	stiffness updates             = 4
	right hand side evaluations   = 6
	stiffness matrix reformations = 1
	step from line search         = 1.000000
	convergence norms :     INITIAL         CURRENT         REQUIRED
	   residual            1.477871e-03    5.539908e-06    0.000000e+00 
	   energy              1.658810e-03    7.581015e-09    1.658810e-05 
	   displacement        5.723234e-03    4.804216e-08    4.521839e-09 
 6
 Nonlinear solution status: time= 1.20891
	stiffness updates             = 5
	right hand side evaluations   = 7
	stiffness matrix reformations = 1
	step from line search         = 1.000000
	convergence norms :     INITIAL         CURRENT         REQUIRED
	   residual            1.477871e-03    7.585010e-07    0.000000e+00 
	   energy              1.658810e-03    1.448551e-10    1.658810e-05 
	   displacement        5.723234e-03    5.959704e-09    4.518604e-09 
 7
 Nonlinear solution status: time= 1.20891
	stiffness updates             = 6
	right hand side evaluations   = 8
	stiffness matrix reformations = 1
	step from line search         = 1.000000
	convergence norms :     INITIAL         CURRENT         REQUIRED
	   residual            1.477871e-03    1.682259e-07    0.000000e+00 
	   energy              1.658810e-03    4.324486e-11    1.658810e-05 
	   displacement        5.723234e-03    4.505683e-10    4.519379e-09 

convergence summary
    number of iterations   : 7
    number of reformations : 1

------- converged at time : 1.20891


AUTO STEPPER: increasing time step, dt = 0.00913041


===== beginning time step 56 : 1.21804 =====


Reforming stiffness matrix: reformation #1

 1
 Nonlinear solution status: time= 1.21804
	stiffness updates             = 0
	right hand side evaluations   = 2
	stiffness matrix reformations = 1
	step from line search         = 1.000000
	convergence norms :     INITIAL         CURRENT         REQUIRED
	   residual            1.489349e-03    6.796082e-03    0.000000e+00 
	   energy              1.723332e-03    1.993464e-04    1.723332e-05 
	   displacement        6.095779e-03    6.095779e-03    6.095779e-09 
 2
 Nonlinear solution status: time= 1.21804
	stiffness updates             = 1
	right hand side evaluations   = 3
	stiffness matrix reformations = 1
	step from line search         = 1.000000
	convergence norms :     INITIAL         CURRENT         REQUIRED
	   residual            1.489349e-03    1.369997e-03    0.000000e+00 
	   energy              1.723332e-03    5.805908e-06    1.723332e-05 
	   displacement        6.095779e-03    1.026247e-04    4.735530e-09 
 3
 Nonlinear solution status: time= 1.21804
	stiffness updates             = 2
	right hand side evaluations   = 4
	stiffness matrix reformations = 1
	step from line search         = 1.000000
	convergence norms :     INITIAL         CURRENT         REQUIRED
	   residual            1.489349e-03    4.106722e-04    0.000000e+00 
	   energy              1.723332e-03    8.065079e-07    1.723332e-05 
	   displacement        6.095779e-03    4.402541e-06    4.758641e-09 
 4
 Nonlinear solution status: time= 1.21804
	stiffness updates             = 3
	right hand side evaluations   = 5
	stiffness matrix reformations = 1
	step from line search         = 1.000000
	convergence norms :     INITIAL         CURRENT         REQUIRED
	   residual            1.489349e-03    3.443689e-05    0.000000e+00 
	   energy              1.723332e-03    1.141287e-07    1.723332e-05 
	   displacement        6.095779e-03    5.614840e-07    4.834114e-09 
 5
 Nonlinear solution status: time= 1.21804
	stiffness updates             = 4
	right hand side evaluations   = 6
	stiffness matrix reformations = 1
	step from line search         = 1.000000
	convergence norms :     INITIAL         CURRENT         REQUIRED
	   residual            1.489349e-03    8.977093e-06    0.000000e+00 
	   energy              1.723332e-03    1.304789e-08    1.723332e-05 
	   displacement        6.095779e-03    7.996584e-08    4.829024e-09 
 6
 Nonlinear solution status: time= 1.21804
	stiffness updates             = 5
	right hand side evaluations   = 7
	stiffness matrix reformations = 1
	step from line search         = 1.000000
	convergence norms :     INITIAL         CURRENT         REQUIRED
	   residual            1.489349e-03    1.223334e-06    0.000000e+00 
	   energy              1.723332e-03    7.137037e-10    1.723332e-05 
	   displacement        6.095779e-03    1.071243e-08    4.823370e-09 
 7
 Nonlinear solution status: time= 1.21804
	stiffness updates             = 6
	right hand side evaluations   = 8
	stiffness matrix reformations = 1
	step from line search         = 1.000000
	convergence norms :     INITIAL         CURRENT         REQUIRED
	   residual            1.489349e-03    2.609327e-07    0.000000e+00 
	   energy              1.723332e-03    5.651322e-11    1.723332e-05 
	   displacement        6.095779e-03    8.653395e-10    4.824742e-09 

convergence summary
    number of iterations   : 7
    number of reformations : 1

------- converged at time : 1.21804


AUTO STEPPER: increasing time step, dt = 0.00930433

MUST POINT CONTROLLER: adjusting time step. dt = 0.00695658


===== beginning time step 57 : 1.225 =====


Reforming stiffness matrix: reformation #1

 1
 Nonlinear solution status: time= 1.225
	stiffness updates             = 0
	right hand side evaluations   = 2
	stiffness matrix reformations = 1
	step from line search         = 1.000000
	convergence norms :     INITIAL         CURRENT         REQUIRED
	   residual            2.175288e-03    2.879338e-03    0.000000e+00 
	   energy              1.554775e-03    1.516844e-04    1.554775e-05 
	   displacement        3.423595e-03    3.423595e-03    3.423595e-09 
 2
 Nonlinear solution status: time= 1.225
	stiffness updates             = 1
	right hand side evaluations   = 3
	stiffness matrix reformations = 1
	step from line search         = 1.000000
	convergence norms :     INITIAL         CURRENT         REQUIRED
	   residual            2.175288e-03    5.775851e-04    0.000000e+00 
	   energy              1.554775e-03    2.504112e-06    1.554775e-05 
	   displacement        3.423595e-03    5.202911e-05    2.712773e-09 
 3
 Nonlinear solution status: time= 1.225
	stiffness updates             = 2
	right hand side evaluations   = 4
	stiffness matrix reformations = 1
	step from line search         = 1.000000
	convergence norms :     INITIAL         CURRENT         REQUIRED
	   residual            2.175288e-03    5.142043e-05    0.000000e+00 
	   energy              1.554775e-03    1.646362e-07    1.554775e-05 
	   displacement        3.423595e-03    1.144933e-06    2.737918e-09 
 4
 Nonlinear solution status: time= 1.225
	stiffness updates             = 3
	right hand side evaluations   = 5
	stiffness matrix reformations = 1
	step from line search         = 1.000000
	convergence norms :     INITIAL         CURRENT         REQUIRED
	   residual            2.175288e-03    2.095550e-06    0.000000e+00 
	   energy              1.554775e-03    8.404093e-09    1.554775e-05 
	   displacement        3.423595e-03    6.029416e-08    2.753062e-09 
 5
 Nonlinear solution status: time= 1.225
	stiffness updates             = 4
	right hand side evaluations   = 6
	stiffness matrix reformations = 1
	step from line search         = 1.000000
	convergence norms :     INITIAL         CURRENT         REQUIRED
	   residual            2.175288e-03    6.366951e-07    0.000000e+00 
	   energy              1.554775e-03    8.460772e-10    1.554775e-05 
	   displacement        3.423595e-03    4.594058e-09    2.751485e-09 
 6
 Nonlinear solution status: time= 1.225
	stiffness updates             = 5
	right hand side evaluations   = 7
	stiffness matrix reformations = 1
	step from line search         = 1.000000
	convergence norms :     INITIAL         CURRENT         REQUIRED
	   residual            2.175288e-03    2.367048e-08    0.000000e+00 
	   energy              1.554775e-03    2.120310e-11    1.554775e-05 
	   displacement        3.423595e-03    2.907507e-10    2.750975e-09 

convergence summary
    number of iterations   : 6
    number of reformations : 1

------- converged at time : 1.225


AUTO STEPPER: increasing time step, dt = 0.00944346


===== beginning time step 58 : 1.23444 =====


Reforming stiffness matrix: reformation #1

 1
 Nonlinear solution status: time= 1.23444
	stiffness updates             = 0
	right hand side evaluations   = 2
	stiffness matrix reformations = 1
	step from line search         = 1.000000
	convergence norms :     INITIAL         CURRENT         REQUIRED
	   residual            1.205054e-03    6.361820e-03    0.000000e+00 
	   energy              1.470762e-03    1.742918e-04    1.470762e-05 
	   displacement        5.485492e-03    5.485492e-03    5.485492e-09 
 2
 Nonlinear solution status: time= 1.23444
	stiffness updates             = 1
	right hand side evaluations   = 3
	stiffness matrix reformations = 1
	step from line search         = 1.000000
	convergence norms :     INITIAL         CURRENT         REQUIRED
	   residual            1.205054e-03    1.081534e-03    0.000000e+00 
	   energy              1.470762e-03    5.682277e-06    1.470762e-05 
	   displacement        5.485492e-03    9.543657e-05    4.240784e-09 
 3
 Nonlinear solution status: time= 1.23444
	stiffness updates             = 2
	right hand side evaluations   = 4
	stiffness matrix reformations = 1
	step from line search         = 1.000000
	convergence norms :     INITIAL         CURRENT         REQUIRED
	   residual            1.205054e-03    2.186183e-04    0.000000e+00 
	   energy              1.470762e-03    5.500935e-07    1.470762e-05 
	   displacement        5.485492e-03    4.480442e-06    4.277053e-09 
 4
 Nonlinear solution status: time= 1.23444
	stiffness updates             = 3
	right hand side evaluations   = 5
	stiffness matrix reformations = 1
	step from line search         = 1.000000
	convergence norms :     INITIAL         CURRENT         REQUIRED
	   residual            1.205054e-03    1.369040e-05    0.000000e+00 
	   energy              1.470762e-03    5.032018e-08    1.470762e-05 
	   displacement        5.485492e-03    4.049475e-07    4.341508e-09 
 5
 Nonlinear solution status: time= 1.23444
	stiffness updates             = 4
	right hand side evaluations   = 6
	stiffness matrix reformations = 1
	step from line search         = 1.000000
	convergence norms :     INITIAL         CURRENT         REQUIRED
	   residual            1.205054e-03    4.602914e-06    0.000000e+00 
	   energy              1.470762e-03    6.567746e-09    1.470762e-05 
	   displacement        5.485492e-03    3.486276e-08    4.338055e-09 
 6
 Nonlinear solution status: time= 1.23444
	stiffness updates             = 5
	right hand side evaluations   = 7
	stiffness matrix reformations = 1
	step from line search         = 1.000000
	convergence norms :     INITIAL         CURRENT         REQUIRED
	   residual            1.205054e-03    4.613503e-07    0.000000e+00 
	   energy              1.470762e-03    4.711542e-10    1.470762e-05 
	   displacement        5.485492e-03    4.915398e-09    4.334366e-09 
 7
 Nonlinear solution status: time= 1.23444
	stiffness updates             = 6
	right hand side evaluations   = 8
	stiffness matrix reformations = 1
	step from line search         = 1.000000
	convergence norms :     INITIAL         CURRENT         REQUIRED
	   residual            1.205054e-03    5.644157e-08    0.000000e+00 
	   energy              1.470762e-03    3.854965e-11    1.470762e-05 
	   displacement        5.485492e-03    5.033477e-10    4.335422e-09 

convergence summary
    number of iterations   : 7
    number of reformations : 1

------- converged at time : 1.23444


AUTO STEPPER: increasing time step, dt = 0.00955477


===== beginning time step 59 : 1.244 =====


Reforming stiffness matrix: reformation #1

 1
 Nonlinear solution status: time= 1.244
	stiffness updates             = 0
	right hand side evaluations   = 2
	stiffness matrix reformations = 1
	step from line search         = 1.000000
	convergence norms :     INITIAL         CURRENT         REQUIRED
	   residual            8.914169e-04    3.135545e-03    0.000000e+00 
	   energy              1.119925e-03    1.306376e-04    1.119925e-05 
	   displacement        4.305236e-03    4.305236e-03    4.305236e-09 
 2
 Nonlinear solution status: time= 1.244
	stiffness updates             = 1
	right hand side evaluations   = 3
	stiffness matrix reformations = 1
	step from line search         = 1.000000
	convergence norms :     INITIAL         CURRENT         REQUIRED
	   residual            8.914169e-04    4.353598e-04    0.000000e+00 
	   energy              1.119925e-03    2.762331e-06    1.119925e-05 
	   displacement        4.305236e-03    7.173843e-05    3.333792e-09 
 3
 Nonlinear solution status: time= 1.244
	stiffness updates             = 2
	right hand side evaluations   = 4
	stiffness matrix reformations = 1
	step from line search         = 1.000000
	convergence norms :     INITIAL         CURRENT         REQUIRED
	   residual            8.914169e-04    6.865272e-05    0.000000e+00 
	   energy              1.119925e-03    2.211118e-07    1.119925e-05 
	   displacement        4.305236e-03    1.989396e-06    3.366520e-09 
 4
 Nonlinear solution status: time= 1.244
	stiffness updates             = 3
	right hand side evaluations   = 5
	stiffness matrix reformations = 1
	step from line search         = 1.000000
	convergence norms :     INITIAL         CURRENT         REQUIRED
	   residual            8.914169e-04    2.176659e-06    0.000000e+00 
	   energy              1.119925e-03    1.062959e-08    1.119925e-05 
	   displacement        4.305236e-03    1.242835e-07    3.395680e-09 
 5
 Nonlinear solution status: time= 1.244
	stiffness updates             = 4
	right hand side evaluations   = 6
	stiffness matrix reformations = 1
	step from line search         = 1.000000
	convergence norms :     INITIAL         CURRENT         REQUIRED
	   residual            8.914169e-04    6.993472e-07    0.000000e+00 
	   energy              1.119925e-03    1.064924e-09    1.119925e-05 
	   displacement        4.305236e-03    7.433595e-09    3.393552e-09 
 6
 Nonlinear solution status: time= 1.244
	stiffness updates             = 5
	right hand side evaluations   = 7
	stiffness matrix reformations = 1
	step from line search         = 1.000000
	convergence norms :     INITIAL         CURRENT         REQUIRED
	   residual            8.914169e-04    4.147177e-08    0.000000e+00 
	   energy              1.119925e-03    3.477878e-11    1.119925e-05 
	   displacement        4.305236e-03    6.350576e-10    3.392698e-09 

convergence summary
    number of iterations   : 6
    number of reformations : 1

------- converged at time : 1.244


AUTO STEPPER: increasing time step, dt = 0.00964382

MUST POINT CONTROLLER: adjusting time step. dt = 0.00600177


===== beginning time step 60 : 1.25 =====


Reforming stiffness matrix: reformation #1

 1
 Nonlinear solution status: time= 1.25
	stiffness updates             = 0
	right hand side evaluations   = 2
	stiffness matrix reformations = 1
	step from line search         = 1.000000
	convergence norms :     INITIAL         CURRENT         REQUIRED
	   residual            1.348034e-03    3.051509e-04    0.000000e+00 
	   energy              7.445728e-04    6.705879e-05    7.445728e-06 
	   displacement        1.286904e-03    1.286904e-03    1.286904e-09 
 2
 Nonlinear solution status: time= 1.25
	stiffness updates             = 1
	right hand side evaluations   = 3
	stiffness matrix reformations = 1
	step from line search         = 1.000000
	convergence norms :     INITIAL         CURRENT         REQUIRED
	   residual            1.348034e-03    7.468102e-05    0.000000e+00 
	   energy              7.445728e-04    5.313604e-07    7.445728e-06 
	   displacement        1.286904e-03    1.949400e-05    1.024162e-09 
 3
 Nonlinear solution status: time= 1.25
	stiffness updates             = 2
	right hand side evaluations   = 4
	stiffness matrix reformations = 1
	step from line search         = 1.000000
	convergence norms :     INITIAL         CURRENT         REQUIRED
	   residual            1.348034e-03    6.354908e-07    0.000000e+00 
	   energy              7.445728e-04    9.281368e-09    7.445728e-06 
	   displacement        1.286904e-03    1.377563e-07    1.032819e-09 
 4
 Nonlinear solution status: time= 1.25
	stiffness updates             = 3
	right hand side evaluations   = 5
	stiffness matrix reformations = 1
	step from line search         = 1.000000
	convergence norms :     INITIAL         CURRENT         REQUIRED
	   residual            1.348034e-03    2.339444e-08    0.000000e+00 
	   energy              7.445728e-04    8.371020e-11    7.445728e-06 
	   displacement        1.286904e-03    1.614192e-09    1.033759e-09 
 5
 Nonlinear solution status: time= 1.25
	stiffness updates             = 4
	right hand side evaluations   = 6
	stiffness matrix reformations = 1
	step from line search         = 1.000000
	convergence norms :     INITIAL         CURRENT         REQUIRED
	   residual            1.348034e-03    5.011656e-10    0.000000e+00 
	   energy              7.445728e-04    1.867215e-12    7.445728e-06 
	   displacement        1.286904e-03    2.663712e-11    1.033656e-09 

convergence summary
    number of iterations   : 5
    number of reformations : 1

------- converged at time : 1.25


AUTO STEPPER: increasing time step, dt = 0.00971505


===== beginning time step 61 : 1.25972 =====


Reforming stiffness matrix: reformation #1

 1
 Nonlinear solution status: time= 1.25972
	stiffness updates             = 0
	right hand side evaluations   = 2
	stiffness matrix reformations = 1
	step from line search         = 1.000000
	convergence norms :     INITIAL         CURRENT         REQUIRED
	   residual            4.660059e-04    4.587024e-04    0.000000e+00 
	   energy              6.160040e-04    7.101540e-05    6.160040e-06 
	   displacement        2.498657e-03    2.498657e-03    2.498657e-09 
 2
 Nonlinear solution status: time= 1.25972
	stiffness updates             = 1
	right hand side evaluations   = 3
	stiffness matrix reformations = 1
	step from line search         = 1.000000
	convergence norms :     INITIAL         CURRENT         REQUIRED
	   residual            4.660059e-04    5.605807e-05    0.000000e+00 
	   energy              6.160040e-04    5.101570e-07    6.160040e-06 
	   displacement        2.498657e-03    3.967049e-05    1.937975e-09 
 3
 Nonlinear solution status: time= 1.25972
	stiffness updates             = 2
	right hand side evaluations   = 4
	stiffness matrix reformations = 1
	step from line search         = 1.000000
	convergence norms :     INITIAL         CURRENT         REQUIRED
	   residual            4.660059e-04    1.853751e-06    0.000000e+00 
	   energy              6.160040e-04    1.642165e-08    6.160040e-06 
	   displacement        2.498657e-03    2.269652e-07    1.952837e-09 
 4
 Nonlinear solution status: time= 1.25972
	stiffness updates             = 3
	right hand side evaluations   = 5
	stiffness matrix reformations = 1
	step from line search         = 1.000000
	convergence norms :     INITIAL         CURRENT         REQUIRED
	   residual            4.660059e-04    3.171488e-08    0.000000e+00 
	   energy              6.160040e-04    1.962217e-10    6.160040e-06 
	   displacement        2.498657e-03    5.762465e-09    1.955428e-09 
 5
 Nonlinear solution status: time= 1.25972
	stiffness updates             = 4
	right hand side evaluations   = 6
	stiffness matrix reformations = 1
	step from line search         = 1.000000
	convergence norms :     INITIAL         CURRENT         REQUIRED
	   residual            4.660059e-04    3.335733e-09    0.000000e+00 
	   energy              6.160040e-04    8.302340e-12    6.160040e-06 
	   displacement        2.498657e-03    1.171162e-10    1.955107e-09 

convergence summary
    number of iterations   : 5
    number of reformations : 1

------- converged at time : 1.25972


AUTO STEPPER: increasing time step, dt = 0.00977204


===== beginning time step 62 : 1.26949 =====


Reforming stiffness matrix: reformation #1

 1
 Nonlinear solution status: time= 1.26949
	stiffness updates             = 0
	right hand side evaluations   = 2
	stiffness matrix reformations = 1
	step from line search         = 1.000000
	convergence norms :     INITIAL         CURRENT         REQUIRED
	   residual            3.030079e-04    1.198490e-04    0.000000e+00 
	   energy              4.078524e-04    4.737059e-05    4.078524e-06 
	   displacement        1.690040e-03    1.690040e-03    1.690040e-09 
 2
 Nonlinear solution status: time= 1.26949
	stiffness updates             = 1
	right hand side evaluations   = 3
	stiffness matrix reformations = 1
	step from line search         = 1.000000
	convergence norms :     INITIAL         CURRENT         REQUIRED
	   residual            3.030079e-04    1.731659e-05    0.000000e+00 
	   energy              4.078524e-04    1.862198e-07    4.078524e-06 
	   displacement        1.690040e-03    2.678934e-05    1.309397e-09 
 3
 Nonlinear solution status: time= 1.26949
	stiffness updates             = 2
	right hand side evaluations   = 4
	stiffness matrix reformations = 1
	step from line search         = 1.000000
	convergence norms :     INITIAL         CURRENT         REQUIRED
	   residual            3.030079e-04    9.938185e-08    0.000000e+00 
	   energy              4.078524e-04    3.153737e-09    4.078524e-06 
	   displacement        1.690040e-03    6.648041e-08    1.316311e-09 
 4
 Nonlinear solution status: time= 1.26949
	stiffness updates             = 3
	right hand side evaluations   = 5
	stiffness matrix reformations = 1
	step from line search         = 1.000000
	convergence norms :     INITIAL         CURRENT         REQUIRED
	   residual            3.030079e-04    2.210971e-09    0.000000e+00 
	   energy              4.078524e-04    6.594530e-12    4.078524e-06 
	   displacement        1.690040e-03    9.557804e-10    1.316818e-09 

convergence summary
    number of iterations   : 4
    number of reformations : 1

------- converged at time : 1.26949


AUTO STEPPER: increasing time step, dt = 0.00981763

MUST POINT CONTROLLER: adjusting time step. dt = 0.00551291


===== beginning time step 63 : 1.275 =====


Reforming stiffness matrix: reformation #1

 1
 Nonlinear solution status: time= 1.275
	stiffness updates             = 0
	right hand side evaluations   = 2
	stiffness matrix reformations = 1
	step from line search         = 1.000000
	convergence norms :     INITIAL         CURRENT         REQUIRED
	   residual            5.492115e-04    3.962847e-05    0.000000e+00 
	   energy              2.598802e-04    2.354972e-05    2.598802e-06 
	   displacement        3.920760e-04    3.920760e-04    3.920760e-10 
 2
 Nonlinear solution status: time= 1.275
	stiffness updates             = 1
	right hand side evaluations   = 3
	stiffness matrix reformations = 1
	step from line search         = 1.000000
	convergence norms :     INITIAL         CURRENT         REQUIRED
	   residual            5.492115e-04    6.414133e-06    0.000000e+00 
	   energy              2.598802e-04    1.520822e-07    2.598802e-06 
	   displacement        3.920760e-04    6.420875e-06    3.100864e-10 
 3
 Nonlinear solution status: time= 1.275
	stiffness updates             = 2
	right hand side evaluations   = 4
	stiffness matrix reformations = 1
	step from line search         = 1.000000
	convergence norms :     INITIAL         CURRENT         REQUIRED
	   residual            5.492115e-04    1.318374e-08    0.000000e+00 
	   energy              2.598802e-04    1.514236e-09    2.598802e-06 
	   displacement        3.920760e-04    3.681744e-08    3.124408e-10 
 4
 Nonlinear solution status: time= 1.275
	stiffness updates             = 3
	right hand side evaluations   = 5
	stiffness matrix reformations = 1
	step from line search         = 1.000000
	convergence norms :     INITIAL         CURRENT         REQUIRED
	   residual            5.492115e-04    6.603437e-11    0.000000e+00 
	   energy              2.598802e-04    2.308980e-12    2.598802e-06 
	   displacement        3.920760e-04    1.594348e-10    3.125904e-10 

convergence summary
    number of iterations   : 4
    number of reformations : 1

------- converged at time : 1.275


AUTO STEPPER: increasing time step, dt = 0.00985411


===== beginning time step 64 : 1.28485 =====


Reforming stiffness matrix: reformation #1

 1
 Nonlinear solution status: time= 1.28485
	stiffness updates             = 0
	right hand side evaluations   = 2
	stiffness matrix reformations = 1
	step from line search         = 1.000000
	convergence norms :     INITIAL         CURRENT         REQUIRED
	   residual            1.689347e-04    3.942408e-05    0.000000e+00 
	   energy              2.282106e-04    2.684047e-05    2.282106e-06 
	   displacement        9.565017e-04    9.565017e-04    9.565017e-10 
 2
 Nonlinear solution status: time= 1.28485
	stiffness updates             = 1
	right hand side evaluations   = 3
	stiffness matrix reformations = 1
	step from line search         = 1.000000
	convergence norms :     INITIAL         CURRENT         REQUIRED
	   residual            1.689347e-04    4.858278e-06    0.000000e+00 
	   energy              2.282106e-04    6.421999e-08    2.282106e-06 
	   displacement        9.565017e-04    1.525536e-05    7.398542e-10 
 3
 Nonlinear solution status: time= 1.28485
	stiffness updates             = 2
	right hand side evaluations   = 4
	stiffness matrix reformations = 1
	step from line search         = 1.000000
	convergence norms :     INITIAL         CURRENT         REQUIRED
	   residual            1.689347e-04    2.212336e-08    0.000000e+00 
	   energy              2.282106e-04    9.477076e-10    2.282106e-06 
	   displacement        9.565017e-04    2.450490e-08    7.426454e-10 
 4
 Nonlinear solution status: time= 1.28485
	stiffness updates             = 3
	right hand side evaluations   = 5
	stiffness matrix reformations = 1
	step from line search         = 1.000000
	convergence norms :     INITIAL         CURRENT         REQUIRED
	   residual            1.689347e-04    2.945303e-10    0.000000e+00 
	   energy              2.282106e-04    1.635725e-12    2.282106e-06 
	   displacement        9.565017e-04    2.964436e-10    7.427991e-10 

convergence summary
    number of iterations   : 4
    number of reformations : 1

------- converged at time : 1.28485


AUTO STEPPER: increasing time step, dt = 0.00988329


===== beginning time step 65 : 1.29474 =====


Reforming stiffness matrix: reformation #1

 1
 Nonlinear solution status: time= 1.29474
	stiffness updates             = 0
	right hand side evaluations   = 2
	stiffness matrix reformations = 1
	step from line search         = 1.000000
	convergence norms :     INITIAL         CURRENT         REQUIRED
	   residual            1.184380e-04    1.980394e-05    0.000000e+00 
	   energy              1.592410e-04    1.875753e-05    1.592410e-06 
	   displacement        6.671293e-04    6.671293e-04    6.671293e-10 
 2
 Nonlinear solution status: time= 1.29474
	stiffness updates             = 1
	right hand side evaluations   = 3
	stiffness matrix reformations = 1
	step from line search         = 1.000000
	convergence norms :     INITIAL         CURRENT         REQUIRED
	   residual            1.184380e-04    2.139145e-06    0.000000e+00 
	   energy              1.592410e-04    3.739314e-08    1.592410e-06 
	   displacement        6.671293e-04    1.061006e-05    5.161368e-10 
 3
 Nonlinear solution status: time= 1.29474
	stiffness updates             = 2
	right hand side evaluations   = 4
	stiffness matrix reformations = 1
	step from line search         = 1.000000
	convergence norms :     INITIAL         CURRENT         REQUIRED
	   residual            1.184380e-04    8.209068e-09    0.000000e+00 
	   energy              1.592410e-04    4.783522e-10    1.592410e-06 
	   displacement        6.671293e-04    1.467568e-08    5.179128e-10 
 4
 Nonlinear solution status: time= 1.29474
	stiffness updates             = 3
	right hand side evaluations   = 5
	stiffness matrix reformations = 1
	step from line search         = 1.000000
	convergence norms :     INITIAL         CURRENT         REQUIRED
	   residual            1.184380e-04    6.931575e-11    0.000000e+00 
	   energy              1.592410e-04    6.567017e-13    1.592410e-06 
	   displacement        6.671293e-04    1.484506e-10    5.179807e-10 

convergence summary
    number of iterations   : 4
    number of reformations : 1

------- converged at time : 1.29474


AUTO STEPPER: increasing time step, dt = 0.00990663

MUST POINT CONTROLLER: adjusting time step. dt = 0.00526261


===== beginning time step 66 : 1.3 =====


Reforming stiffness matrix: reformation #1

 1
 Nonlinear solution status: time= 1.3
	stiffness updates             = 0
	right hand side evaluations   = 2
	stiffness matrix reformations = 1
	step from line search         = 1.000000
	convergence norms :     INITIAL         CURRENT         REQUIRED
	   residual            2.367110e-04    1.540386e-05    0.000000e+00 
	   energy              1.029225e-04    9.560729e-06    1.029225e-06 
	   displacement        1.444571e-04    1.444571e-04    1.444571e-10 
 2
 Nonlinear solution status: time= 1.3
	stiffness updates             = 1
	right hand side evaluations   = 3
	stiffness matrix reformations = 1
	step from line search         = 1.000000
	convergence norms :     INITIAL         CURRENT         REQUIRED
	   residual            2.367110e-04    9.988740e-07    0.000000e+00 
	   energy              1.029225e-04    6.040655e-08    1.029225e-06 
	   displacement        1.444571e-04    2.467447e-06    1.137456e-10 
 3
 Nonlinear solution status: time= 1.3
	stiffness updates             = 2
	right hand side evaluations   = 4
	stiffness matrix reformations = 1
	step from line search         = 1.000000
	convergence norms :     INITIAL         CURRENT         REQUIRED
	   residual            2.367110e-04    2.617572e-09    0.000000e+00 
	   energy              1.029225e-04    6.001179e-10    1.029225e-06 
	   displacement        1.444571e-04    1.404142e-08    1.146248e-10 
 4
 Nonlinear solution status: time= 1.3
	stiffness updates             = 3
	right hand side evaluations   = 5
	stiffness matrix reformations = 1
	step from line search         = 1.000000
	convergence norms :     INITIAL         CURRENT         REQUIRED
	   residual            2.367110e-04    5.868251e-12    0.000000e+00 
	   energy              1.029225e-04    9.994626e-13    1.029225e-06 
	   displacement        1.444571e-04    6.180343e-11    1.146700e-10 

convergence summary
    number of iterations   : 4
    number of reformations : 1

------- converged at time : 1.3


AUTO STEPPER: increasing time step, dt = 0.0099253


===== beginning time step 67 : 1.30993 =====


Reforming stiffness matrix: reformation #1

 1
 Nonlinear solution status: time= 1.30993
	stiffness updates             = 0
	right hand side evaluations   = 2
	stiffness matrix reformations = 1
	step from line search         = 1.000000
	convergence norms :     INITIAL         CURRENT         REQUIRED
	   residual            6.646485e-05    7.016619e-06    0.000000e+00 
	   energy              9.026387e-05    1.070578e-05    9.026387e-07 
	   displacement        3.846388e-04    3.846388e-04    3.846388e-10 
 2
 Nonlinear solution status: time= 1.30993
	stiffness updates             = 1
	right hand side evaluations   = 3
	stiffness matrix reformations = 1
	step from line search         = 1.000000
	convergence norms :     INITIAL         CURRENT         REQUIRED
	   residual            6.646485e-05    6.239393e-07    0.000000e+00 
	   energy              9.026387e-05    1.831505e-08    9.026387e-07 
	   displacement        3.846388e-04    6.131339e-06    2.973059e-10 
 3
 Nonlinear solution status: time= 1.30993
	stiffness updates             = 2
	right hand side evaluations   = 4
	stiffness matrix reformations = 1
	step from line search         = 1.000000
	convergence norms :     INITIAL         CURRENT         REQUIRED
	   residual            6.646485e-05    1.810960e-09    0.000000e+00 
	   energy              9.026387e-05    2.018792e-10    9.026387e-07 
	   displacement        3.846388e-04    7.224157e-09    2.982624e-10 
 4
 Nonlinear solution status: time= 1.30993
	stiffness updates             = 3
	right hand side evaluations   = 5
	stiffness matrix reformations = 1
	step from line search         = 1.000000
	convergence norms :     INITIAL         CURRENT         REQUIRED
	   residual            6.646485e-05    8.895840e-12    0.000000e+00 
	   energy              9.026387e-05    2.023525e-13    9.026387e-07 
	   displacement        3.846388e-04    6.300330e-11    2.982834e-10 

convergence summary
    number of iterations   : 4
    number of reformations : 1

------- converged at time : 1.30993


AUTO STEPPER: increasing time step, dt = 0.00994024


===== beginning time step 68 : 1.31987 =====


Reforming stiffness matrix: reformation #1

 1
 Nonlinear solution status: time= 1.31987
	stiffness updates             = 0
	right hand side evaluations   = 2
	stiffness matrix reformations = 1
	step from line search         = 1.000000
	convergence norms :     INITIAL         CURRENT         REQUIRED
	   residual            4.299299e-05    3.896270e-06    0.000000e+00 
	   energy              5.965063e-05    7.116107e-06    5.965063e-07 
	   displacement        2.598086e-04    2.598086e-04    2.598086e-10 
 2
 Nonlinear solution status: time= 1.31987
	stiffness updates             = 1
	right hand side evaluations   = 3
	stiffness matrix reformations = 1
	step from line search         = 1.000000
	convergence norms :     INITIAL         CURRENT         REQUIRED
	   residual            4.299299e-05    3.044025e-07    0.000000e+00 
	   energy              5.965063e-05    1.174796e-08    5.965063e-07 
	   displacement        2.598086e-04    4.167233e-06    2.005394e-10 
 3
 Nonlinear solution status: time= 1.31987
	stiffness updates             = 2
	right hand side evaluations   = 4
	stiffness matrix reformations = 1
	step from line search         = 1.000000
	convergence norms :     INITIAL         CURRENT         REQUIRED
	   residual            4.299299e-05    7.766271e-10    0.000000e+00 
	   energy              5.965063e-05    1.220839e-10    5.965063e-07 
	   displacement        2.598086e-04    4.535962e-09    2.011803e-10 
 4
 Nonlinear solution status: time= 1.31987
	stiffness updates             = 3
	right hand side evaluations   = 5
	stiffness matrix reformations = 1
	step from line search         = 1.000000
	convergence norms :     INITIAL         CURRENT         REQUIRED
	   residual            4.299299e-05    2.850481e-12    0.000000e+00 
	   energy              5.965063e-05    1.083755e-13    5.965063e-07 
	   displacement        2.598086e-04    3.751672e-11    2.011914e-10 

convergence summary
    number of iterations   : 4
    number of reformations : 1

------- converged at time : 1.31987


AUTO STEPPER: increasing time step, dt = 0.00995219

MUST POINT CONTROLLER: adjusting time step. dt = 0.00513446


===== beginning time step 69 : 1.325 =====


Reforming stiffness matrix: reformation #1

 1
 Nonlinear solution status: time= 1.325
	stiffness updates             = 0
	right hand side evaluations   = 2
	stiffness matrix reformations = 1
	step from line search         = 1.000000
	convergence norms :     INITIAL         CURRENT         REQUIRED
	   residual            8.739897e-05    5.520512e-06    0.000000e+00 
	   energy              3.797788e-05    3.576187e-06    3.797788e-07 
	   displacement        5.378832e-05    5.378832e-05    5.378832e-11 
 2
 Nonlinear solution status: time= 1.325
	stiffness updates             = 1
	right hand side evaluations   = 3
	stiffness matrix reformations = 1
	step from line search         = 1.000000
	convergence norms :     INITIAL         CURRENT         REQUIRED
	   residual            8.739897e-05    1.796632e-07    0.000000e+00 
	   energy              3.797788e-05    2.289966e-08    3.797788e-07 
	   displacement        5.378832e-05    9.622868e-07    4.203905e-11 
 3
 Nonlinear solution status: time= 1.325
	stiffness updates             = 2
	right hand side evaluations   = 4
	stiffness matrix reformations = 1
	step from line search         = 1.000000
	convergence norms :     INITIAL         CURRENT         REQUIRED
	   residual            8.739897e-05    4.499126e-10    0.000000e+00 
	   energy              3.797788e-05    2.149355e-10    3.797788e-07 
	   displacement        5.378832e-05    5.171227e-09    4.238772e-11 
 4
 Nonlinear solution status: time= 1.325
	stiffness updates             = 3
	right hand side evaluations   = 5
	stiffness matrix reformations = 1
	step from line search         = 1.000000
	convergence norms :     INITIAL         CURRENT         REQUIRED
	   residual            8.739897e-05    1.066762e-12    0.000000e+00 
	   energy              3.797788e-05    4.230577e-13    3.797788e-07 
	   displacement        5.378832e-05    2.207412e-11    4.240270e-11 

convergence summary
    number of iterations   : 4
    number of reformations : 1

------- converged at time : 1.325


AUTO STEPPER: increasing time step, dt = 0.00996175


===== beginning time step 70 : 1.33496 =====


Reforming stiffness matrix: reformation #1

 1
 Nonlinear solution status: time= 1.33496
	stiffness updates             = 0
	right hand side evaluations   = 2
	stiffness matrix reformations = 1
	step from line search         = 1.000000
	convergence norms :     INITIAL         CURRENT         REQUIRED
	   residual            2.454023e-05    2.186932e-06    0.000000e+00 
	   energy              3.509211e-05    4.153824e-06    3.509211e-07 
	   displacement        1.566924e-04    1.566924e-04    1.566924e-10 
 2
 Nonlinear solution status: time= 1.33496
	stiffness updates             = 1
	right hand side evaluations   = 3
	stiffness matrix reformations = 1
	step from line search         = 1.000000
	convergence norms :     INITIAL         CURRENT         REQUIRED
	   residual            2.454023e-05    1.486899e-07    0.000000e+00 
	   energy              3.509211e-05    6.927348e-09    3.509211e-07 
	   displacement        1.566924e-04    2.507708e-06    1.209502e-10 
 3
 Nonlinear solution status: time= 1.33496
	stiffness updates             = 2
	right hand side evaluations   = 4
	stiffness matrix reformations = 1
	step from line search         = 1.000000
	convergence norms :     INITIAL         CURRENT         REQUIRED
	   residual            2.454023e-05    2.868027e-10    0.000000e+00 
	   energy              3.509211e-05    6.321322e-11    3.509211e-07 
	   displacement        1.566924e-04    2.496037e-09    1.213460e-10 
 4
 Nonlinear solution status: time= 1.33496
	stiffness updates             = 3
	right hand side evaluations   = 5
	stiffness matrix reformations = 1
	step from line search         = 1.000000
	convergence norms :     INITIAL         CURRENT         REQUIRED
	   residual            2.454023e-05    6.922958e-13    0.000000e+00 
	   energy              3.509211e-05    4.821169e-14    3.509211e-07 
	   displacement        1.566924e-04    1.738171e-11    1.213519e-10 

convergence summary
    number of iterations   : 4
    number of reformations : 1

------- converged at time : 1.33496


AUTO STEPPER: increasing time step, dt = 0.0099694


===== beginning time step 71 : 1.34493 =====


Reforming stiffness matrix: reformation #1

 1
 Nonlinear solution status: time= 1.34493
	stiffness updates             = 0
	right hand side evaluations   = 2
	stiffness matrix reformations = 1
	step from line search         = 1.000000
	convergence norms :     INITIAL         CURRENT         REQUIRED
	   residual            1.850854e-05    1.606452e-06    0.000000e+00 
	   energy              2.644413e-05    3.079028e-06    2.644413e-07 
	   displacement        1.176486e-04    1.176486e-04    1.176486e-10 
 2
 Nonlinear solution status: time= 1.34493
	stiffness updates             = 1
	right hand side evaluations   = 3
	stiffness matrix reformations = 1
	step from line search         = 1.000000
	convergence norms :     INITIAL         CURRENT         REQUIRED
	   residual            1.850854e-05    9.525635e-08    0.000000e+00 
	   energy              2.644413e-05    5.306980e-09    2.644413e-07 
	   displacement        1.176486e-04    1.861900e-06    9.099038e-11 
 3
 Nonlinear solution status: time= 1.34493
	stiffness updates             = 2
	right hand side evaluations   = 4
	stiffness matrix reformations = 1
	step from line search         = 1.000000
	convergence norms :     INITIAL         CURRENT         REQUIRED
	   residual            1.850854e-05    1.616164e-10    0.000000e+00 
	   energy              2.644413e-05    4.498622e-11    2.644413e-07 
	   displacement        1.176486e-04    1.863645e-09    9.129671e-11 
 4
 Nonlinear solution status: time= 1.34493
	stiffness updates             = 3
	right hand side evaluations   = 5
	stiffness matrix reformations = 1
	step from line search         = 1.000000
	convergence norms :     INITIAL         CURRENT         REQUIRED
	   residual            1.850854e-05    3.296834e-13    0.000000e+00 
	   energy              2.644413e-05    3.011705e-14    2.644413e-07 
	   displacement        1.176486e-04    1.129825e-11    9.130127e-11 

convergence summary
    number of iterations   : 4
    number of reformations : 1

------- converged at time : 1.34493


AUTO STEPPER: increasing time step, dt = 0.00997552

MUST POINT CONTROLLER: adjusting time step. dt = 0.00506884


===== beginning time step 72 : 1.35 =====


Reforming stiffness matrix: reformation #1

 1
 Nonlinear solution status: time= 1.35
	stiffness updates             = 0
	right hand side evaluations   = 2
	stiffness matrix reformations = 1
	step from line search         = 1.000000
	convergence norms :     INITIAL         CURRENT         REQUIRED
	   residual            4.512097e-05    2.699757e-06    0.000000e+00 
	   energy              1.929267e-05    1.749009e-06    1.929267e-07 
	   displacement        2.672198e-05    2.672198e-05    2.672198e-11 
 2
 Nonlinear solution status: time= 1.35
	stiffness updates             = 1
	right hand side evaluations   = 3
	stiffness matrix reformations = 1
	step from line search         = 1.000000
	convergence norms :     INITIAL         CURRENT         REQUIRED
	   residual            4.512097e-05    6.421696e-08    0.000000e+00 
	   energy              1.929267e-05    1.234008e-08    1.929267e-07 
	   displacement        2.672198e-05    4.779404e-07    2.091664e-11 
 3
 Nonlinear solution status: time= 1.35
	stiffness updates             = 2
	right hand side evaluations   = 4
	stiffness matrix reformations = 1
	step from line search         = 1.000000
	convergence norms :     INITIAL         CURRENT         REQUIRED
	   residual            4.512097e-05    1.352227e-10    0.000000e+00 
	   energy              1.929267e-05    1.022896e-10    1.929267e-07 
	   displacement        2.672198e-05    2.707636e-09    2.110007e-11 
 4
 Nonlinear solution status: time= 1.35
	stiffness updates             = 3
	right hand side evaluations   = 5
	stiffness matrix reformations = 1
	step from line search         = 1.000000
	convergence norms :     INITIAL         CURRENT         REQUIRED
	   residual            4.512097e-05    4.163711e-13    0.000000e+00 
	   energy              1.929267e-05    2.069323e-13    1.929267e-07 
	   displacement        2.672198e-05    9.819853e-12    2.110828e-11 

convergence summary
    number of iterations   : 4
    number of reformations : 1

------- converged at time : 1.35


AUTO STEPPER: increasing time step, dt = 0.00998042


===== beginning time step 73 : 1.35998 =====


Reforming stiffness matrix: reformation #1

 1
 Nonlinear solution status: time= 1.35998
	stiffness updates             = 0
	right hand side evaluations   = 2
	stiffness matrix reformations = 1
	step from line search         = 1.000000
	convergence norms :     INITIAL         CURRENT         REQUIRED
	   residual            1.407656e-05    1.240653e-06    0.000000e+00 
	   energy              1.972112e-05    2.273928e-06    1.972112e-07 
	   displacement        8.674689e-05    8.674689e-05    8.674689e-11 
 2
 Nonlinear solution status: time= 1.35998
	stiffness updates             = 1
	right hand side evaluations   = 3
	stiffness matrix reformations = 1
	step from line search         = 1.000000
	convergence norms :     INITIAL         CURRENT         REQUIRED
	   residual            1.407656e-05    6.205022e-08    0.000000e+00 
	   energy              1.972112e-05    4.086680e-09    1.972112e-07 
	   displacement        8.674689e-05    1.366581e-06    6.715909e-11 
 3
 Nonlinear solution status: time= 1.35998
	stiffness updates             = 2
	right hand side evaluations   = 4
	stiffness matrix reformations = 1
	step from line search         = 1.000000
	convergence norms :     INITIAL         CURRENT         REQUIRED
	   residual            1.407656e-05    1.060002e-10    0.000000e+00 
	   energy              1.972112e-05    3.334192e-11    1.972112e-07 
	   displacement        8.674689e-05    1.397017e-09    6.738852e-11 
 4
 Nonlinear solution status: time= 1.35998
	stiffness updates             = 3
	right hand side evaluations   = 5
	stiffness matrix reformations = 1
	step from line search         = 1.000000
	convergence norms :     INITIAL         CURRENT         REQUIRED
	   residual            1.407656e-05    1.266075e-13    0.000000e+00 
	   energy              1.972112e-05    2.052614e-14    1.972112e-07 
	   displacement        8.674689e-05    7.908584e-12    6.739248e-11 

convergence summary
    number of iterations   : 4
    number of reformations : 1

------- converged at time : 1.35998


AUTO STEPPER: increasing time step, dt = 0.00998433


===== beginning time step 74 : 1.36996 =====


Reforming stiffness matrix: reformation #1

 1
 Nonlinear solution status: time= 1.36996
	stiffness updates             = 0
	right hand side evaluations   = 2
	stiffness matrix reformations = 1
	step from line search         = 1.000000
	convergence norms :     INITIAL         CURRENT         REQUIRED
	   residual            1.160500e-05    9.528502e-07    0.000000e+00 
	   energy              1.614105e-05    1.885119e-06    1.614105e-07 
	   displacement        7.118352e-05    7.118352e-05    7.118352e-11 
 2
 Nonlinear solution status: time= 1.36996
	stiffness updates             = 1
	right hand side evaluations   = 3
	stiffness matrix reformations = 1
	step from line search         = 1.000000
	convergence norms :     INITIAL         CURRENT         REQUIRED
	   residual            1.160500e-05    4.295782e-08    0.000000e+00 
	   energy              1.614105e-05    3.296368e-09    1.614105e-07 
	   displacement        7.118352e-05    1.135616e-06    5.499600e-11 
 3
 Nonlinear solution status: time= 1.36996
	stiffness updates             = 2
	right hand side evaluations   = 4
	stiffness matrix reformations = 1
	step from line search         = 1.000000
	convergence norms :     INITIAL         CURRENT         REQUIRED
	   residual            1.160500e-05    7.492356e-11    0.000000e+00 
	   energy              1.614105e-05    2.695489e-11    1.614105e-07 
	   displacement        7.118352e-05    1.114523e-09    5.517827e-11 
 4
 Nonlinear solution status: time= 1.36996
	stiffness updates             = 3
	right hand side evaluations   = 5
	stiffness matrix reformations = 1
	step from line search         = 1.000000
	convergence norms :     INITIAL         CURRENT         REQUIRED
	   residual            1.160500e-05    5.632680e-14    0.000000e+00 
	   energy              1.614105e-05    1.522438e-14    1.614105e-07 
	   displacement        7.118352e-05    6.339621e-12    5.518151e-11 

convergence summary
    number of iterations   : 4
    number of reformations : 1

------- converged at time : 1.36996


AUTO STEPPER: increasing time step, dt = 0.00998747

MUST POINT CONTROLLER: adjusting time step. dt = 0.00503525


===== beginning time step 75 : 1.375 =====


Reforming stiffness matrix: reformation #1

 1
 Nonlinear solution status: time= 1.375
	stiffness updates             = 0
	right hand side evaluations   = 2
	stiffness matrix reformations = 1
	step from line search         = 1.000000
	convergence norms :     INITIAL         CURRENT         REQUIRED
	   residual            3.029962e-05    1.858842e-06    0.000000e+00 
	   energy              1.235989e-05    1.133615e-06    1.235989e-07 
	   displacement        1.665846e-05    1.665846e-05    1.665846e-11 
 2
 Nonlinear solution status: time= 1.375
	stiffness updates             = 1
	right hand side evaluations   = 3
	stiffness matrix reformations = 1
	step from line search         = 1.000000
	convergence norms :     INITIAL         CURRENT         REQUIRED
	   residual            3.029962e-05    3.160469e-08    0.000000e+00 
	   energy              1.235989e-05    8.130336e-09    1.235989e-07 
	   displacement        1.665846e-05    2.987205e-07    1.303830e-11 
 3
 Nonlinear solution status: time= 1.375
	stiffness updates             = 2
	right hand side evaluations   = 4
	stiffness matrix reformations = 1
	step from line search         = 1.000000
	convergence norms :     INITIAL         CURRENT         REQUIRED
	   residual            3.029962e-05    7.645993e-11    0.000000e+00 
	   energy              1.235989e-05    6.914093e-11    1.235989e-07 
	   displacement        1.665846e-05    1.725549e-09    1.315008e-11 
 4
 Nonlinear solution status: time= 1.375
	stiffness updates             = 3
	right hand side evaluations   = 5
	stiffness matrix reformations = 1
	step from line search         = 1.000000
	convergence norms :     INITIAL         CURRENT         REQUIRED
	   residual            3.029962e-05    1.809430e-13    0.000000e+00 
	   energy              1.235989e-05    1.207161e-13    1.235989e-07 
	   displacement        1.665846e-05    6.359062e-12    1.315561e-11 

convergence summary
    number of iterations   : 4
    number of reformations : 1

------- converged at time : 1.375


AUTO STEPPER: increasing time step, dt = 0.00998997


===== beginning time step 76 : 1.38499 =====


Reforming stiffness matrix: reformation #1

 1
 Nonlinear solution status: time= 1.38499
	stiffness updates             = 0
	right hand side evaluations   = 2
	stiffness matrix reformations = 1
	step from line search         = 1.000000
	convergence norms :     INITIAL         CURRENT         REQUIRED
	   residual            9.691493e-06    6.367631e-07    0.000000e+00 
	   energy              1.351844e-05    1.608999e-06    1.351844e-07 
	   displacement        5.975648e-05    5.975648e-05    5.975648e-11 
 2
 Nonlinear solution status: time= 1.38499
	stiffness updates             = 1
	right hand side evaluations   = 3
	stiffness matrix reformations = 1
	step from line search         = 1.000000
	convergence norms :     INITIAL         CURRENT         REQUIRED
	   residual            9.691493e-06    2.176373e-08    0.000000e+00 
	   energy              1.351844e-05    2.604758e-09    1.351844e-07 
	   displacement        5.975648e-05    9.645599e-07    4.607664e-11 
 3
 Nonlinear solution status: time= 1.38499
	stiffness updates             = 2
	right hand side evaluations   = 4
	stiffness matrix reformations = 1
	step from line search         = 1.000000
	convergence norms :     INITIAL         CURRENT         REQUIRED
	   residual            9.691493e-06    3.883255e-11    0.000000e+00 
	   energy              1.351844e-05    2.298443e-11    1.351844e-07 
	   displacement        5.975648e-05    9.428000e-10    4.622182e-11 
 4
 Nonlinear solution status: time= 1.38499
	stiffness updates             = 3
	right hand side evaluations   = 5
	stiffness matrix reformations = 1
	step from line search         = 1.000000
	convergence norms :     INITIAL         CURRENT         REQUIRED
	   residual            9.691493e-06    2.382692e-14    0.000000e+00 
	   energy              1.351844e-05    1.084536e-14    1.351844e-07 
	   displacement        5.975648e-05    5.716822e-12    4.622413e-11 

convergence summary
    number of iterations   : 4
    number of reformations : 1

------- converged at time : 1.38499


AUTO STEPPER: increasing time step, dt = 0.00999198


===== beginning time step 77 : 1.39498 =====


Reforming stiffness matrix: reformation #1

 1
 Nonlinear solution status: time= 1.39498
	stiffness updates             = 0
	right hand side evaluations   = 2
	stiffness matrix reformations = 1
	step from line search         = 1.000000
	convergence norms :     INITIAL         CURRENT         REQUIRED
	   residual            9.179315e-06    5.149932e-07    0.000000e+00 
	   energy              1.286779e-05    1.523248e-06    1.286779e-07 
	   displacement        5.618780e-05    5.618780e-05    5.618780e-11 
 2
 Nonlinear solution status: time= 1.39498
	stiffness updates             = 1
	right hand side evaluations   = 3
	stiffness matrix reformations = 1
	step from line search         = 1.000000
	convergence norms :     INITIAL         CURRENT         REQUIRED
	   residual            9.179315e-06    1.220519e-08    0.000000e+00 
	   energy              1.286779e-05    2.440100e-09    1.286779e-07 
	   displacement        5.618780e-05    8.962943e-07    4.342196e-11 
 3
 Nonlinear solution status: time= 1.39498
	stiffness updates             = 2
	right hand side evaluations   = 4
	stiffness matrix reformations = 1
	step from line search         = 1.000000
	convergence norms :     INITIAL         CURRENT         REQUIRED
	   residual            9.179315e-06    2.335184e-11    0.000000e+00 
	   energy              1.286779e-05    2.361469e-11    1.286779e-07 
	   displacement        5.618780e-05    9.823076e-10    4.355983e-11 
 4
 Nonlinear solution status: time= 1.39498
	stiffness updates             = 3
	right hand side evaluations   = 5
	stiffness matrix reformations = 1
	step from line search         = 1.000000
	convergence norms :     INITIAL         CURRENT         REQUIRED
	   residual            9.179315e-06    1.519643e-14    0.000000e+00 
	   energy              1.286779e-05    9.869916e-15    1.286779e-07 
	   displacement        5.618780e-05    6.319973e-12    4.356180e-11 

convergence summary
    number of iterations   : 4
    number of reformations : 1

------- converged at time : 1.39498


AUTO STEPPER: increasing time step, dt = 0.00999358

MUST POINT CONTROLLER: adjusting time step. dt = 0.00501805


===== beginning time step 78 : 1.4 =====


Reforming stiffness matrix: reformation #1

 1
 Nonlinear solution status: time= 1.4
	stiffness updates             = 0
	right hand side evaluations   = 2
	stiffness matrix reformations = 1
	step from line search         = 1.000000
	convergence norms :     INITIAL         CURRENT         REQUIRED
	   residual            2.829485e-05    1.484920e-06    0.000000e+00 
	   energy              1.122622e-05    9.597647e-07    1.122622e-07 
	   displacement        1.409134e-05    1.409134e-05    1.409134e-11 
 2
 Nonlinear solution status: time= 1.4
	stiffness updates             = 1
	right hand side evaluations   = 3
	stiffness matrix reformations = 1
	step from line search         = 1.000000
	convergence norms :     INITIAL         CURRENT         REQUIRED
	   residual            2.829485e-05    1.539798e-08    0.000000e+00 
	   energy              1.122622e-05    6.972373e-09    1.122622e-07 
	   displacement        1.409134e-05    2.305511e-07    1.122687e-11 
 3
 Nonlinear solution status: time= 1.4
	stiffness updates             = 2
	right hand side evaluations   = 4
	stiffness matrix reformations = 1
	step from line search         = 1.000000
	convergence norms :     INITIAL         CURRENT         REQUIRED
	   residual            2.829485e-05    5.512635e-11    0.000000e+00 
	   energy              1.122622e-05    6.768214e-11    1.122622e-07 
	   displacement        1.409134e-05    1.685421e-09    1.132136e-11 
 4
 Nonlinear solution status: time= 1.4
	stiffness updates             = 3
	right hand side evaluations   = 5
	stiffness matrix reformations = 1
	step from line search         = 1.000000
	convergence norms :     INITIAL         CURRENT         REQUIRED
	   residual            2.829485e-05    1.143225e-13    0.000000e+00 
	   energy              1.122622e-05    1.111731e-13    1.122622e-07 
	   displacement        1.409134e-05    6.401286e-12    1.132626e-11 

convergence summary
    number of iterations   : 4
    number of reformations : 1

------- converged at time : 1.4


AUTO STEPPER: increasing time step, dt = 0.00999487


===== beginning time step 79 : 1.40999 =====


Reforming stiffness matrix: reformation #1

 1
 Nonlinear solution status: time= 1.40999
	stiffness updates             = 0
	right hand side evaluations   = 2
	stiffness matrix reformations = 1
	step from line search         = 1.000000
	convergence norms :     INITIAL         CURRENT         REQUIRED
	   residual            9.607224e-06    4.641883e-07    0.000000e+00 
	   energy              1.350172e-05    1.553829e-06    1.350172e-07 
	   displacement        5.709963e-05    5.709963e-05    5.709963e-11 
 2
 Nonlinear solution status: time= 1.40999
	stiffness updates             = 1
	right hand side evaluations   = 3
	stiffness matrix reformations = 1
	step from line search         = 1.000000
	convergence norms :     INITIAL         CURRENT         REQUIRED
	   residual            9.607224e-06    6.329454e-09    0.000000e+00 
	   energy              1.350172e-05    2.593516e-09    1.350172e-07 
	   displacement        5.709963e-05    8.777691e-07    4.442355e-11 
 3
 Nonlinear solution status: time= 1.40999
	stiffness updates             = 2
	right hand side evaluations   = 4
	stiffness matrix reformations = 1
	step from line search         = 1.000000
	convergence norms :     INITIAL         CURRENT         REQUIRED
	   residual            9.607224e-06    1.585827e-11    0.000000e+00 
	   energy              1.350172e-05    2.846165e-11    1.350172e-07 
	   displacement        5.709963e-05    1.216982e-09    4.457136e-11 
 4
 Nonlinear solution status: time= 1.40999
	stiffness updates             = 3
	right hand side evaluations   = 5
	stiffness matrix reformations = 1
	step from line search         = 1.000000
	convergence norms :     INITIAL         CURRENT         REQUIRED
	   residual            9.607224e-06    1.072778e-14    0.000000e+00 
	   energy              1.350172e-05    1.043305e-14    1.350172e-07 
	   displacement        5.709963e-05    8.430102e-12    4.457334e-11 

convergence summary
    number of iterations   : 4
    number of reformations : 1

------- converged at time : 1.40999


AUTO STEPPER: increasing time step, dt = 0.00999589


===== beginning time step 80 : 1.41999 =====


Reforming stiffness matrix: reformation #1

 1
 Nonlinear solution status: time= 1.41999
	stiffness updates             = 0
	right hand side evaluations   = 2
	stiffness matrix reformations = 1
	step from line search         = 1.000000
	convergence norms :     INITIAL         CURRENT         REQUIRED
	   residual            9.797742e-06    4.495962e-07    0.000000e+00 
	   energy              1.376685e-05    1.559589e-06    1.376685e-07 
	   displacement        5.724876e-05    5.724876e-05    5.724876e-11 
 2
 Nonlinear solution status: time= 1.41999
	stiffness updates             = 1
	right hand side evaluations   = 3
	stiffness matrix reformations = 1
	step from line search         = 1.000000
	convergence norms :     INITIAL         CURRENT         REQUIRED
	   residual            9.797742e-06    4.925690e-09    0.000000e+00 
	   energy              1.376685e-05    2.671975e-09    1.376685e-07 
	   displacement        5.724876e-05    8.631817e-07    4.469454e-11 
 3
 Nonlinear solution status: time= 1.41999
	stiffness updates             = 2
	right hand side evaluations   = 4
	stiffness matrix reformations = 1
	step from line search         = 1.000000
	convergence norms :     INITIAL         CURRENT         REQUIRED
	   residual            9.797742e-06    1.451837e-11    0.000000e+00 
	   energy              1.376685e-05    3.082781e-11    1.376685e-07 
	   displacement        5.724876e-05    1.333940e-09    4.484672e-11 
 4
 Nonlinear solution status: time= 1.41999
	stiffness updates             = 3
	right hand side evaluations   = 5
	stiffness matrix reformations = 1
	step from line search         = 1.000000
	convergence norms :     INITIAL         CURRENT         REQUIRED
	   residual            9.797742e-06    9.036329e-15    0.000000e+00 
	   energy              1.376685e-05    1.059494e-14    1.376685e-07 
	   displacement        5.724876e-05    9.501611e-12    4.484878e-11 

convergence summary
    number of iterations   : 4
    number of reformations : 1

------- converged at time : 1.41999


AUTO STEPPER: increasing time step, dt = 0.00999671

MUST POINT CONTROLLER: adjusting time step. dt = 0.00500924


===== beginning time step 81 : 1.425 =====


Reforming stiffness matrix: reformation #1

 1
 Nonlinear solution status: time= 1.425
	stiffness updates             = 0
	right hand side evaluations   = 2
	stiffness matrix reformations = 1
	step from line search         = 1.000000
	convergence norms :     INITIAL         CURRENT         REQUIRED
	   residual            3.006022e-05    1.359192e-06    0.000000e+00 
	   energy              1.183908e-05    9.431796e-07    1.183908e-07 
	   displacement        1.406176e-05    1.406176e-05    1.406176e-11 
 2
 Nonlinear solution status: time= 1.425
	stiffness updates             = 1
	right hand side evaluations   = 3
	stiffness matrix reformations = 1
	step from line search         = 1.000000
	convergence norms :     INITIAL         CURRENT         REQUIRED
	   residual            3.006022e-05    1.260893e-08    0.000000e+00 
	   energy              1.183908e-05    6.828323e-09    1.183908e-07 
	   displacement        1.406176e-05    2.105919e-07    1.137943e-11 
 3
 Nonlinear solution status: time= 1.425
	stiffness updates             = 2
	right hand side evaluations   = 4
	stiffness matrix reformations = 1
	step from line search         = 1.000000
	convergence norms :     INITIAL         CURRENT         REQUIRED
	   residual            3.006022e-05    5.622257e-11    0.000000e+00 
	   energy              1.183908e-05    7.227942e-11    1.183908e-07 
	   displacement        1.406176e-05    1.833737e-09    1.147216e-11 
 4
 Nonlinear solution status: time= 1.425
	stiffness updates             = 3
	right hand side evaluations   = 5
	stiffness matrix reformations = 1
	step from line search         = 1.000000
	convergence norms :     INITIAL         CURRENT         REQUIRED
	   residual            3.006022e-05    1.138050e-13    0.000000e+00 
	   energy              1.183908e-05    1.236982e-13    1.183908e-07 
	   displacement        1.406176e-05    7.240788e-12    1.147724e-11 

convergence summary
    number of iterations   : 4
    number of reformations : 1

------- converged at time : 1.425


AUTO STEPPER: increasing time step, dt = 0.00999737


===== beginning time step 82 : 1.435 =====


Reforming stiffness matrix: reformation #1

 1
 Nonlinear solution status: time= 1.435
	stiffness updates             = 0
	right hand side evaluations   = 2
	stiffness matrix reformations = 1
	step from line search         = 1.000000
	convergence norms :     INITIAL         CURRENT         REQUIRED
	   residual            9.681773e-06    4.387496e-07    0.000000e+00 
	   energy              1.360776e-05    1.525404e-06    1.360776e-07 
	   displacement        5.588831e-05    5.588831e-05    5.588831e-11 
 2
 Nonlinear solution status: time= 1.435
	stiffness updates             = 1
	right hand side evaluations   = 3
	stiffness matrix reformations = 1
	step from line search         = 1.000000
	convergence norms :     INITIAL         CURRENT         REQUIRED
	   residual            9.681773e-06    4.146553e-09    0.000000e+00 
	   energy              1.360776e-05    2.668710e-09    1.360776e-07 
	   displacement        5.588831e-05    8.320697e-07    4.373580e-11 
 3
 Nonlinear solution status: time= 1.435
	stiffness updates             = 2
	right hand side evaluations   = 4
	stiffness matrix reformations = 1
	step from line search         = 1.000000
	convergence norms :     INITIAL         CURRENT         REQUIRED
	   residual            9.681773e-06    1.309120e-11    0.000000e+00 
	   energy              1.360776e-05    3.191186e-11    1.360776e-07 
	   displacement        5.588831e-05    1.392153e-09    4.388696e-11 
 4
 Nonlinear solution status: time= 1.435
	stiffness updates             = 3
	right hand side evaluations   = 5
	stiffness matrix reformations = 1
	step from line search         = 1.000000
	convergence norms :     INITIAL         CURRENT         REQUIRED
	   residual            9.681773e-06    7.142426e-15    0.000000e+00 
	   energy              1.360776e-05    1.011712e-14    1.360776e-07 
	   displacement        5.588831e-05    1.010512e-11    4.388907e-11 

convergence summary
    number of iterations   : 4
    number of reformations : 1

------- converged at time : 1.435


AUTO STEPPER: increasing time step, dt = 0.0099979


===== beginning time step 83 : 1.445 =====


Reforming stiffness matrix: reformation #1

 1
 Nonlinear solution status: time= 1.445
	stiffness updates             = 0
	right hand side evaluations   = 2
	stiffness matrix reformations = 1
	step from line search         = 1.000000
	convergence norms :     INITIAL         CURRENT         REQUIRED
	   residual            9.017197e-06    4.196496e-07    0.000000e+00 
	   energy              1.268574e-05    1.425004e-06    1.268574e-07 
	   displacement        5.209687e-05    5.209687e-05    5.209687e-11 
 2
 Nonlinear solution status: time= 1.445
	stiffness updates             = 1
	right hand side evaluations   = 3
	stiffness matrix reformations = 1
	step from line search         = 1.000000
	convergence norms :     INITIAL         CURRENT         REQUIRED
	   residual            9.017197e-06    3.746997e-09    0.000000e+00 
	   energy              1.268574e-05    2.497202e-09    1.268574e-07 
	   displacement        5.209687e-05    7.774352e-07    4.075803e-11 
 3
 Nonlinear solution status: time= 1.445
	stiffness updates             = 2
	right hand side evaluations   = 4
	stiffness matrix reformations = 1
	step from line search         = 1.000000
	convergence norms :     INITIAL         CURRENT         REQUIRED
	   residual            9.017197e-06    1.146732e-11    0.000000e+00 
	   energy              1.268574e-05    3.001303e-11    1.268574e-07 
	   displacement        5.209687e-05    1.307991e-09    4.089861e-11 
 4
 Nonlinear solution status: time= 1.445
	stiffness updates             = 3
	right hand side evaluations   = 5
	stiffness matrix reformations = 1
	step from line search         = 1.000000
	convergence norms :     INITIAL         CURRENT         REQUIRED
	   residual            9.017197e-06    5.880352e-15    0.000000e+00 
	   energy              1.268574e-05    9.080314e-15    1.268574e-07 
	   displacement        5.209687e-05    9.525526e-12    4.090061e-11 

convergence summary
    number of iterations   : 4
    number of reformations : 1

------- converged at time : 1.445


AUTO STEPPER: increasing time step, dt = 0.00999832

MUST POINT CONTROLLER: adjusting time step. dt = 0.00500473


===== beginning time step 84 : 1.45 =====


Reforming stiffness matrix: reformation #1

 1
 Nonlinear solution status: time= 1.45
	stiffness updates             = 0
	right hand side evaluations   = 2
	stiffness matrix reformations = 1
	step from line search         = 1.000000
	convergence norms :     INITIAL         CURRENT         REQUIRED
	   residual            2.554779e-05    1.175599e-06    0.000000e+00 
	   energy              1.004251e-05    8.014501e-07    1.004251e-07 
	   displacement        1.186189e-05    1.186189e-05    1.186189e-11 
 2
 Nonlinear solution status: time= 1.45
	stiffness updates             = 1
	right hand side evaluations   = 3
	stiffness matrix reformations = 1
	step from line search         = 1.000000
	convergence norms :     INITIAL         CURRENT         REQUIRED
	   residual            2.554779e-05    1.089148e-08    0.000000e+00 
	   energy              1.004251e-05    5.807424e-09    1.004251e-07 
	   displacement        1.186189e-05    1.777917e-07    9.603683e-12 
 3
 Nonlinear solution status: time= 1.45
	stiffness updates             = 2
	right hand side evaluations   = 4
	stiffness matrix reformations = 1
	step from line search         = 1.000000
	convergence norms :     INITIAL         CURRENT         REQUIRED
	   residual            2.554779e-05    4.880684e-11    0.000000e+00 
	   energy              1.004251e-05    6.279440e-11    1.004251e-07 
	   displacement        1.186189e-05    1.569618e-09    9.681203e-12 
 4
 Nonlinear solution status: time= 1.45
	stiffness updates             = 3
	right hand side evaluations   = 5
	stiffness matrix reformations = 1
	step from line search         = 1.000000
	convergence norms :     INITIAL         CURRENT         REQUIRED
	   residual            2.554779e-05    9.881817e-14    0.000000e+00 
	   energy              1.004251e-05    1.070325e-13    1.004251e-07 
	   displacement        1.186189e-05    6.319832e-12    9.685569e-12 

convergence summary
    number of iterations   : 4
    number of reformations : 1

------- converged at time : 1.45


AUTO STEPPER: increasing time step, dt = 0.00999865


===== beginning time step 85 : 1.46 =====


Reforming stiffness matrix: reformation #1

 1
 Nonlinear solution status: time= 1.46
	stiffness updates             = 0
	right hand side evaluations   = 2
	stiffness matrix reformations = 1
	step from line search         = 1.000000
	convergence norms :     INITIAL         CURRENT         REQUIRED
	   residual            7.643749e-06    3.761036e-07    0.000000e+00 
	   energy              1.076283e-05    1.218108e-06    1.076283e-07 
	   displacement        4.437198e-05    4.437198e-05    4.437198e-11 
 2
 Nonlinear solution status: time= 1.46
	stiffness updates             = 1
	right hand side evaluations   = 3
	stiffness matrix reformations = 1
	step from line search         = 1.000000
	convergence norms :     INITIAL         CURRENT         REQUIRED
	   residual            7.643749e-06    3.249248e-09    0.000000e+00 
	   energy              1.076283e-05    2.113349e-09    1.076283e-07 
	   displacement        4.437198e-05    6.668278e-07    3.467477e-11 
 3
 Nonlinear solution status: time= 1.46
	stiffness updates             = 2
	right hand side evaluations   = 4
	stiffness matrix reformations = 1
	step from line search         = 1.000000
	convergence norms :     INITIAL         CURRENT         REQUIRED
	   residual            7.643749e-06    9.210680e-12    0.000000e+00 
	   energy              1.076283e-05    2.537743e-11    1.076283e-07 
	   displacement        4.437198e-05    1.099140e-09    3.479263e-11 
 4
 Nonlinear solution status: time= 1.46
	stiffness updates             = 3
	right hand side evaluations   = 5
	stiffness matrix reformations = 1
	step from line search         = 1.000000
	convergence norms :     INITIAL         CURRENT         REQUIRED
	   residual            7.643749e-06    4.676416e-15    0.000000e+00 
	   energy              1.076283e-05    7.412294e-15    1.076283e-07 
	   displacement        4.437198e-05    8.056621e-12    3.479435e-11 

convergence summary
    number of iterations   : 4
    number of reformations : 1

------- converged at time : 1.46


AUTO STEPPER: increasing time step, dt = 0.00999892


===== beginning time step 86 : 1.47 =====


Reforming stiffness matrix: reformation #1

 1
 Nonlinear solution status: time= 1.47
	stiffness updates             = 0
	right hand side evaluations   = 2
	stiffness matrix reformations = 1
	step from line search         = 1.000000
	convergence norms :     INITIAL         CURRENT         REQUIRED
	   residual            6.493693e-06    3.289570e-07    0.000000e+00 
	   energy              9.142365e-06    1.040623e-06    9.142365e-08 
	   displacement        3.782427e-05    3.782427e-05    3.782427e-11 
 2
 Nonlinear solution status: time= 1.47
	stiffness updates             = 1
	right hand side evaluations   = 3
	stiffness matrix reformations = 1
	step from line search         = 1.000000
	convergence norms :     INITIAL         CURRENT         REQUIRED
	   residual            6.493693e-06    2.755445e-09    0.000000e+00 
	   energy              9.142365e-06    1.781022e-09    9.142365e-08 
	   displacement        3.782427e-05    5.707734e-07    2.953450e-11 
 3
 Nonlinear solution status: time= 1.47
	stiffness updates             = 2
	right hand side evaluations   = 4
	stiffness matrix reformations = 1
	step from line search         = 1.000000
	convergence norms :     INITIAL         CURRENT         REQUIRED
	   residual            6.493693e-06    7.564746e-12    0.000000e+00 
	   energy              9.142365e-06    2.135245e-11    9.142365e-08 
	   displacement        3.782427e-05    9.190658e-10    2.963327e-11 
 4
 Nonlinear solution status: time= 1.47
	stiffness updates             = 3
	right hand side evaluations   = 5
	stiffness matrix reformations = 1
	step from line search         = 1.000000
	convergence norms :     INITIAL         CURRENT         REQUIRED
	   residual            6.493693e-06    3.919150e-15    0.000000e+00 
	   energy              9.142365e-06    6.296014e-15    9.142365e-08 
	   displacement        3.782427e-05    6.798465e-12    2.963473e-11 

convergence summary
    number of iterations   : 4
    number of reformations : 1

------- converged at time : 1.47


AUTO STEPPER: increasing time step, dt = 0.00999914

MUST POINT CONTROLLER: adjusting time step. dt = 0.00500242


===== beginning time step 87 : 1.475 =====


Reforming stiffness matrix: reformation #1

 1
 Nonlinear solution status: time= 1.475
	stiffness updates             = 0
	right hand side evaluations   = 2
	stiffness matrix reformations = 1
	step from line search         = 1.000000
	convergence norms :     INITIAL         CURRENT         REQUIRED
	   residual            1.714118e-05    8.340726e-07    0.000000e+00 
	   energy              6.718075e-06    5.465541e-07    6.718075e-08 
	   displacement        7.991906e-06    7.991906e-06    7.991906e-12 
 2
 Nonlinear solution status: time= 1.475
	stiffness updates             = 1
	right hand side evaluations   = 3
	stiffness matrix reformations = 1
	step from line search         = 1.000000
	convergence norms :     INITIAL         CURRENT         REQUIRED
	   residual            1.714118e-05    7.479842e-09    0.000000e+00 
	   energy              6.718075e-06    3.892519e-09    6.718075e-08 
	   displacement        7.991906e-06    1.210601e-07    6.456060e-12 
 3
 Nonlinear solution status: time= 1.475
	stiffness updates             = 2
	right hand side evaluations   = 4
	stiffness matrix reformations = 1
	step from line search         = 1.000000
	convergence norms :     INITIAL         CURRENT         REQUIRED
	   residual            1.714118e-05    3.431311e-11    0.000000e+00 
	   energy              6.718075e-06    4.277117e-11    6.718075e-08 
	   displacement        7.991906e-06    1.029724e-09    6.506986e-12 
 4
 Nonlinear solution status: time= 1.475
	stiffness updates             = 3
	right hand side evaluations   = 5
	stiffness matrix reformations = 1
	step from line search         = 1.000000
	convergence norms :     INITIAL         CURRENT         REQUIRED
	   residual            1.714118e-05    7.020770e-14    0.000000e+00 
	   energy              6.718075e-06    7.275542e-14    6.718075e-08 
	   displacement        7.991906e-06    4.357775e-12    6.509949e-12 

convergence summary
    number of iterations   : 4
    number of reformations : 1

------- converged at time : 1.475


AUTO STEPPER: increasing time step, dt = 0.00999931


===== beginning time step 88 : 1.485 =====


Reforming stiffness matrix: reformation #1

 1
 Nonlinear solution status: time= 1.485
	stiffness updates             = 0
	right hand side evaluations   = 2
	stiffness matrix reformations = 1
	step from line search         = 1.000000
	convergence norms :     INITIAL         CURRENT         REQUIRED
	   residual            4.806031e-06    2.487787e-07    0.000000e+00 
	   energy              6.757260e-06    7.736890e-07    6.757260e-08 
	   displacement        2.806357e-05    2.806357e-05    2.806357e-11 
 2
 Nonlinear solution status: time= 1.485
	stiffness updates             = 1
	right hand side evaluations   = 3
	stiffness matrix reformations = 1
	step from line search         = 1.000000
	convergence norms :     INITIAL         CURRENT         REQUIRED
	   residual            4.806031e-06    1.945752e-09    0.000000e+00 
	   energy              6.757260e-06    1.292496e-09    6.757260e-08 
	   displacement        2.806357e-05    4.241489e-07    2.190048e-11 
 3
 Nonlinear solution status: time= 1.485
	stiffness updates             = 2
	right hand side evaluations   = 4
	stiffness matrix reformations = 1
	step from line search         = 1.000000
	convergence norms :     INITIAL         CURRENT         REQUIRED
	   residual            4.806031e-06    5.332429e-12    0.000000e+00 
	   energy              6.757260e-06    1.550871e-11    6.757260e-08 
	   displacement        2.806357e-05    6.612051e-10    2.197167e-11 
 4
 Nonlinear solution status: time= 1.485
	stiffness updates             = 3
	right hand side evaluations   = 5
	stiffness matrix reformations = 1
	step from line search         = 1.000000
	convergence norms :     INITIAL         CURRENT         REQUIRED
	   residual            4.806031e-06    2.863900e-15    0.000000e+00 
	   energy              6.757260e-06    4.840702e-15    6.757260e-08 
	   displacement        2.806357e-05    4.995717e-12    2.197276e-11 

convergence summary
    number of iterations   : 4
    number of reformations : 1

------- converged at time : 1.485


AUTO STEPPER: increasing time step, dt = 0.00999945


===== beginning time step 89 : 1.495 =====


Reforming stiffness matrix: reformation #1

 1
 Nonlinear solution status: time= 1.495
	stiffness updates             = 0
	right hand side evaluations   = 2
	stiffness matrix reformations = 1
	step from line search         = 1.000000
	convergence norms :     INITIAL         CURRENT         REQUIRED
	   residual            3.740333e-06    1.922094e-07    0.000000e+00 
	   energy              5.253276e-06    6.025378e-07    5.253276e-08 
	   displacement        2.185451e-05    2.185451e-05    2.185451e-11 
 2
 Nonlinear solution status: time= 1.495
	stiffness updates             = 1
	right hand side evaluations   = 3
	stiffness matrix reformations = 1
	step from line search         = 1.000000
	convergence norms :     INITIAL         CURRENT         REQUIRED
	   residual            3.740333e-06    1.377910e-09    0.000000e+00 
	   energy              5.253276e-06    9.908572e-10    5.253276e-08 
	   displacement        2.185451e-05    3.297520e-07    1.705531e-11 
 3
 Nonlinear solution status: time= 1.495
	stiffness updates             = 2
	right hand side evaluations   = 4
	stiffness matrix reformations = 1
	step from line search         = 1.000000
	convergence norms :     INITIAL         CURRENT         REQUIRED
	   residual            3.740333e-06    3.959251e-12    0.000000e+00 
	   energy              5.253276e-06    1.191177e-11    5.253276e-08 
	   displacement        2.185451e-05    5.050935e-10    1.710974e-11 
 4
 Nonlinear solution status: time= 1.495
	stiffness updates             = 3
	right hand side evaluations   = 5
	stiffness matrix reformations = 1
	step from line search         = 1.000000
	convergence norms :     INITIAL         CURRENT         REQUIRED
	   residual            3.740333e-06    2.124060e-15    0.000000e+00 
	   energy              5.253276e-06    3.922159e-15    5.253276e-08 
	   displacement        2.185451e-05    3.875665e-12    1.711060e-11 

convergence summary
    number of iterations   : 4
    number of reformations : 1

------- converged at time : 1.495


AUTO STEPPER: increasing time step, dt = 0.00999956

MUST POINT CONTROLLER: adjusting time step. dt = 0.00500124


===== beginning time step 90 : 1.5 =====


Reforming stiffness matrix: reformation #1

 1
 Nonlinear solution status: time= 1.5
	stiffness updates             = 0
	right hand side evaluations   = 2
	stiffness matrix reformations = 1
	step from line search         = 1.000000
	convergence norms :     INITIAL         CURRENT         REQUIRED
	   residual            9.168933e-06    4.526821e-07    0.000000e+00 
	   energy              3.580041e-06    2.928419e-07    3.580041e-08 
	   displacement        4.273913e-06    4.273913e-06    4.273913e-12 
 2
 Nonlinear solution status: time= 1.5
	stiffness updates             = 1
	right hand side evaluations   = 3
	stiffness matrix reformations = 1
	step from line search         = 1.000000
	convergence norms :     INITIAL         CURRENT         REQUIRED
	   residual            9.168933e-06    3.766571e-09    0.000000e+00 
	   energy              3.580041e-06    2.017406e-09    3.580041e-08 
	   displacement        4.273913e-06    6.390730e-08    3.454200e-12 
 3
 Nonlinear solution status: time= 1.5
	stiffness updates             = 2
	right hand side evaluations   = 4
	stiffness matrix reformations = 1
	step from line search         = 1.000000
	convergence norms :     INITIAL         CURRENT         REQUIRED
	   residual            9.168933e-06    1.818186e-11    0.000000e+00 
	   energy              3.580041e-06    2.251428e-11    3.580041e-08 
	   displacement        4.273913e-06    5.241769e-10    3.480326e-12 
 4
 Nonlinear solution status: time= 1.5
	stiffness updates             = 3
	right hand side evaluations   = 5
	stiffness matrix reformations = 1
	step from line search         = 1.000000
	convergence norms :     INITIAL         CURRENT         REQUIRED
	   residual            9.168933e-06    3.942418e-14    0.000000e+00 
	   energy              3.580041e-06    3.977257e-14    3.580041e-08 
	   displacement        4.273913e-06    2.378012e-12    3.481923e-12 

convergence summary
    number of iterations   : 4
    number of reformations : 1

------- converged at time : 1.5


AUTO STEPPER: increasing time step, dt = 0.00999965


===== beginning time step 91 : 1.51 =====


Reforming stiffness matrix: reformation #1

 1
 Nonlinear solution status: time= 1.51
	stiffness updates             = 0
	right hand side evaluations   = 2
	stiffness matrix reformations = 1
	step from line search         = 1.000000
	convergence norms :     INITIAL         CURRENT         REQUIRED
	   residual            2.401092e-06    1.195989e-07    0.000000e+00 
	   energy              3.368583e-06    3.867922e-07    3.368583e-08 
	   displacement        1.405741e-05    1.405741e-05    1.405741e-11 
 2
 Nonlinear solution status: time= 1.51
	stiffness updates             = 1
	right hand side evaluations   = 3
	stiffness matrix reformations = 1
	step from line search         = 1.000000
	convergence norms :     INITIAL         CURRENT         REQUIRED
	   residual            2.401092e-06    7.205272e-10    0.000000e+00 
	   energy              3.368583e-06    6.221096e-10    3.368583e-08 
	   displacement        1.405741e-05    2.113851e-07    1.097203e-11 
 3
 Nonlinear solution status: time= 1.51
	stiffness updates             = 2
	right hand side evaluations   = 4
	stiffness matrix reformations = 1
	step from line search         = 1.000000
	convergence norms :     INITIAL         CURRENT         REQUIRED
	   residual            2.401092e-06    2.347283e-12    0.000000e+00 
	   energy              3.368583e-06    7.468634e-12    3.368583e-08 
	   displacement        1.405741e-05    3.146046e-10    1.100619e-11 
 4
 Nonlinear solution status: time= 1.51
	stiffness updates             = 3
	right hand side evaluations   = 5
	stiffness matrix reformations = 1
	step from line search         = 1.000000
	convergence norms :     INITIAL         CURRENT         REQUIRED
	   residual            2.401092e-06    1.245953e-15    0.000000e+00 
	   energy              3.368583e-06    2.698524e-15    3.368583e-08 
	   displacement        1.405741e-05    2.459590e-12    1.100675e-11 

convergence summary
    number of iterations   : 4
    number of reformations : 1

------- converged at time : 1.51


AUTO STEPPER: increasing time step, dt = 0.00999972


===== beginning time step 92 : 1.52 =====


Reforming stiffness matrix: reformation #1

 1
 Nonlinear solution status: time= 1.52
	stiffness updates             = 0
	right hand side evaluations   = 2
	stiffness matrix reformations = 1
	step from line search         = 1.000000
	convergence norms :     INITIAL         CURRENT         REQUIRED
	   residual            1.697095e-06    8.189985e-08    0.000000e+00 
	   energy              2.381288e-06    2.735759e-07    2.381288e-08 
	   displacement        9.970813e-06    9.970813e-06    9.970813e-12 
 2
 Nonlinear solution status: time= 1.52
	stiffness updates             = 1
	right hand side evaluations   = 3
	stiffness matrix reformations = 1
	step from line search         = 1.000000
	convergence norms :     INITIAL         CURRENT         REQUIRED
	   residual            1.697095e-06    4.245728e-10    0.000000e+00 
	   energy              2.381288e-06    4.354015e-10    2.381288e-08 
	   displacement        9.970813e-06    1.498623e-07    7.781267e-12 
 3
 Nonlinear solution status: time= 1.52
	stiffness updates             = 2
	right hand side evaluations   = 4
	stiffness matrix reformations = 1
	step from line search         = 1.000000
	convergence norms :     INITIAL         CURRENT         REQUIRED
	   residual            1.697095e-06    1.557437e-12    0.000000e+00 
	   energy              2.381288e-06    5.184427e-12    2.381288e-08 
	   displacement        9.970813e-06    2.178835e-10    7.805241e-12 
 4
 Nonlinear solution status: time= 1.52
	stiffness updates             = 3
	right hand side evaluations   = 5
	stiffness matrix reformations = 1
	step from line search         = 1.000000
	convergence norms :     INITIAL         CURRENT         REQUIRED
	   residual            1.697095e-06    8.211865e-16    0.000000e+00 
	   energy              2.381288e-06    1.985403e-15    2.381288e-08 
	   displacement        9.970813e-06    1.707791e-12    7.805645e-12 

convergence summary
    number of iterations   : 4
    number of reformations : 1

------- converged at time : 1.52


AUTO STEPPER: increasing time step, dt = 0.00999977

MUST POINT CONTROLLER: adjusting time step. dt = 0.00500063


===== beginning time step 93 : 1.525 =====


Reforming stiffness matrix: reformation #1

 1
 Nonlinear solution status: time= 1.525
	stiffness updates             = 0
	right hand side evaluations   = 2
	stiffness matrix reformations = 1
	step from line search         = 1.000000
	convergence norms :     INITIAL         CURRENT         REQUIRED
	   residual            3.837066e-06    1.872024e-07    0.000000e+00 
	   energy              1.496589e-06    1.224561e-07    1.496589e-08 
	   displacement        1.801415e-06    1.801415e-06    1.801415e-12 
 2
 Nonlinear solution status: time= 1.525
	stiffness updates             = 1
	right hand side evaluations   = 3
	stiffness matrix reformations = 1
	step from line search         = 1.000000
	convergence norms :     INITIAL         CURRENT         REQUIRED
	   residual            3.837066e-06    1.420339e-09    0.000000e+00 
	   energy              1.496589e-06    8.281534e-10    1.496589e-08 
	   displacement        1.801415e-06    2.677008e-08    1.455013e-12 
 3
 Nonlinear solution status: time= 1.525
	stiffness updates             = 2
	right hand side evaluations   = 4
	stiffness matrix reformations = 1
	step from line search         = 1.000000
	convergence norms :     INITIAL         CURRENT         REQUIRED
	   residual            3.837066e-06    6.917739e-12    0.000000e+00 
	   energy              1.496589e-06    9.004671e-12    1.496589e-08 
	   displacement        1.801415e-06    2.090732e-10    1.465809e-12 
 4
 Nonlinear solution status: time= 1.525
	stiffness updates             = 3
	right hand side evaluations   = 5
	stiffness matrix reformations = 1
	step from line search         = 1.000000
	convergence norms :     INITIAL         CURRENT         REQUIRED
	   residual            3.837066e-06    1.675745e-14    0.000000e+00 
	   energy              1.496589e-06    1.687776e-14    1.496589e-08 
	   displacement        1.801415e-06    9.671441e-13    1.466484e-12 

convergence summary
    number of iterations   : 4
    number of reformations : 1

------- converged at time : 1.525


AUTO STEPPER: increasing time step, dt = 0.00999982


===== beginning time step 94 : 1.535 =====


Reforming stiffness matrix: reformation #1

 1
 Nonlinear solution status: time= 1.535
	stiffness updates             = 0
	right hand side evaluations   = 2
	stiffness matrix reformations = 1
	step from line search         = 1.000000
	convergence norms :     INITIAL         CURRENT         REQUIRED
	   residual            9.331951e-07    4.312004e-08    0.000000e+00 
	   energy              1.311266e-06    1.510936e-07    1.311266e-08 
	   displacement        5.541445e-06    5.541445e-06    5.541445e-12 
 2
 Nonlinear solution status: time= 1.535
	stiffness updates             = 1
	right hand side evaluations   = 3
	stiffness matrix reformations = 1
	step from line search         = 1.000000
	convergence norms :     INITIAL         CURRENT         REQUIRED
	   residual            9.331951e-07    1.769529e-10    0.000000e+00 
	   energy              1.311266e-06    2.379122e-10    1.311266e-08 
	   displacement        5.541445e-06    8.376239e-08    4.319523e-12 
 3
 Nonlinear solution status: time= 1.535
	stiffness updates             = 2
	right hand side evaluations   = 4
	stiffness matrix reformations = 1
	step from line search         = 1.000000
	convergence norms :     INITIAL         CURRENT         REQUIRED
	   residual            9.331951e-07    7.746475e-13    0.000000e+00 
	   energy              1.311266e-06    2.740861e-12    1.311266e-08 
	   displacement        5.541445e-06    1.151161e-10    4.332743e-12 
 4
 Nonlinear solution status: time= 1.535
	stiffness updates             = 3
	right hand side evaluations   = 5
	stiffness matrix reformations = 1
	step from line search         = 1.000000
	convergence norms :     INITIAL         CURRENT         REQUIRED
	   residual            9.331951e-07    4.259726e-16    0.000000e+00 
	   energy              1.311266e-06    1.149117e-15    1.311266e-08 
	   displacement        5.541445e-06    8.866225e-13    4.332967e-12 

convergence summary
    number of iterations   : 4
    number of reformations : 1

------- converged at time : 1.535


AUTO STEPPER: increasing time step, dt = 0.00999986


===== beginning time step 95 : 1.545 =====


Reforming stiffness matrix: reformation #1

 1
 Nonlinear solution status: time= 1.545
	stiffness updates             = 0
	right hand side evaluations   = 2
	stiffness matrix reformations = 1
	step from line search         = 1.000000
	convergence norms :     INITIAL         CURRENT         REQUIRED
	   residual            5.944980e-07    2.699140e-08    0.000000e+00 
	   energy              8.367441e-07    9.682197e-08    8.367441e-09 
	   displacement        3.568421e-06    3.568421e-06    3.568421e-12 
 2
 Nonlinear solution status: time= 1.545
	stiffness updates             = 1
	right hand side evaluations   = 3
	stiffness matrix reformations = 1
	step from line search         = 1.000000
	convergence norms :     INITIAL         CURRENT         REQUIRED
	   residual            5.944980e-07    9.515277e-11    0.000000e+00 
	   energy              8.367441e-07    1.522669e-10    8.367441e-09 
	   displacement        3.568421e-06    5.446768e-08    2.777009e-12 
 3
 Nonlinear solution status: time= 1.545
	stiffness updates             = 2
	right hand side evaluations   = 4
	stiffness matrix reformations = 1
	step from line search         = 1.000000
	convergence norms :     INITIAL         CURRENT         REQUIRED
	   residual            5.944980e-07    4.557491e-13    0.000000e+00 
	   energy              8.367441e-07    1.686156e-12    8.367441e-09 
	   displacement        3.568421e-06    7.097798e-11    2.785544e-12 
 4
 Nonlinear solution status: time= 1.545
	stiffness updates             = 3
	right hand side evaluations   = 5
	stiffness matrix reformations = 1
	step from line search         = 1.000000
	convergence norms :     INITIAL         CURRENT         REQUIRED
	   residual            5.944980e-07    2.612477e-16    0.000000e+00 
	   energy              8.367441e-07    7.406686e-16    8.367441e-09 
	   displacement        3.568421e-06    5.291169e-13    2.785685e-12 

convergence summary
    number of iterations   : 4
    number of reformations : 1

------- converged at time : 1.545


AUTO STEPPER: increasing time step, dt = 0.00999988

MUST POINT CONTROLLER: adjusting time step. dt = 0.00500033


===== beginning time step 96 : 1.55 =====


Reforming stiffness matrix: reformation #1

 1
 Nonlinear solution status: time= 1.55
	stiffness updates             = 0
	right hand side evaluations   = 2
	stiffness matrix reformations = 1
	step from line search         = 1.000000
	convergence norms :     INITIAL         CURRENT         REQUIRED
	   residual            1.226508e-06    6.144284e-08    0.000000e+00 
	   energy              4.813565e-07    4.028295e-08    4.813565e-09 
	   displacement        5.964510e-07    5.964510e-07    5.964510e-13 
 2
 Nonlinear solution status: time= 1.55
	stiffness updates             = 1
	right hand side evaluations   = 3
	stiffness matrix reformations = 1
	step from line search         = 1.000000
	convergence norms :     INITIAL         CURRENT         REQUIRED
	   residual            1.226508e-06    4.309334e-10    0.000000e+00 
	   energy              4.813565e-07    2.805734e-10    4.813565e-09 
	   displacement        5.964510e-07    9.328289e-09    4.777064e-13 
 3
 Nonlinear solution status: time= 1.55
	stiffness updates             = 2
	right hand side evaluations   = 4
	stiffness matrix reformations = 1
	step from line search         = 1.000000
	convergence norms :     INITIAL         CURRENT         REQUIRED
	   residual            1.226508e-06    1.856156e-12    0.000000e+00 
	   energy              4.813565e-07    2.758958e-12    4.813565e-09 
	   displacement        5.964510e-07    6.680015e-11    4.814430e-13 
 4
 Nonlinear solution status: time= 1.55
	stiffness updates             = 3
	right hand side evaluations   = 5
	stiffness matrix reformations = 1
	step from line search         = 1.000000
	convergence norms :     INITIAL         CURRENT         REQUIRED
	   residual            1.226508e-06    5.193542e-15    0.000000e+00 
	   energy              4.813565e-07    5.325952e-15    4.813565e-09 
	   displacement        5.964510e-07    2.837118e-13    4.816623e-13 

convergence summary
    number of iterations   : 4
    number of reformations : 1

------- converged at time : 1.55


AUTO STEPPER: increasing time step, dt = 0.00999991


===== beginning time step 97 : 1.56 =====


Reforming stiffness matrix: reformation #1

 1
 Nonlinear solution status: time= 1.56
	stiffness updates             = 0
	right hand side evaluations   = 2
	stiffness matrix reformations = 1
	step from line search         = 1.000000
	convergence norms :     INITIAL         CURRENT         REQUIRED
	   residual            2.754064e-07    1.250870e-08    0.000000e+00 
	   energy              3.884504e-07    4.538810e-08    3.884504e-09 
	   displacement        1.686433e-06    1.686433e-06    1.686433e-12 
 2
 Nonlinear solution status: time= 1.56
	stiffness updates             = 1
	right hand side evaluations   = 3
	stiffness matrix reformations = 1
	step from line search         = 1.000000
	convergence norms :     INITIAL         CURRENT         REQUIRED
	   residual            2.754064e-07    3.567185e-11    0.000000e+00 
	   energy              3.884504e-07    7.149823e-11    3.884504e-09 
	   displacement        1.686433e-06    2.633186e-08    1.307544e-12 
 3
 Nonlinear solution status: time= 1.56
	stiffness updates             = 2
	right hand side evaluations   = 4
	stiffness matrix reformations = 1
	step from line search         = 1.000000
	convergence norms :     INITIAL         CURRENT         REQUIRED
	   residual            2.754064e-07    1.797325e-13    0.000000e+00 
	   energy              3.884504e-07    7.196742e-13    3.884504e-09 
	   displacement        1.686433e-06    3.052141e-11    1.311619e-12 
 4
 Nonlinear solution status: time= 1.56
	stiffness updates             = 3
	right hand side evaluations   = 5
	stiffness matrix reformations = 1
	step from line search         = 1.000000
	convergence norms :     INITIAL         CURRENT         REQUIRED
	   residual            2.754064e-07    1.092240e-16    0.000000e+00 
	   energy              3.884504e-07    3.291241e-16    3.884504e-09 
	   displacement        1.686433e-06    2.075819e-13    1.311681e-12 

convergence summary
    number of iterations   : 4
    number of reformations : 1

------- converged at time : 1.56


AUTO STEPPER: increasing time step, dt = 0.00999993


===== beginning time step 98 : 1.57 =====


Reforming stiffness matrix: reformation #1

 1
 Nonlinear solution status: time= 1.57
	stiffness updates             = 0
	right hand side evaluations   = 2
	stiffness matrix reformations = 1
	step from line search         = 1.000000
	convergence norms :     INITIAL         CURRENT         REQUIRED
	   residual            1.548214e-07    7.141856e-09    0.000000e+00 
	   energy              2.183225e-07    2.567833e-08    2.183225e-09 
	   displacement        9.582001e-07    9.582001e-07    9.582001e-13 
 2
 Nonlinear solution status: time= 1.57
	stiffness updates             = 1
	right hand side evaluations   = 3
	stiffness matrix reformations = 1
	step from line search         = 1.000000
	convergence norms :     INITIAL         CURRENT         REQUIRED
	   residual            1.548214e-07    1.746113e-11    0.000000e+00 
	   energy              2.183225e-07    4.055219e-11    2.183225e-09 
	   displacement        9.582001e-07    1.520395e-08    7.409767e-13 
 3
 Nonlinear solution status: time= 1.57
	stiffness updates             = 2
	right hand side evaluations   = 4
	stiffness matrix reformations = 1
	step from line search         = 1.000000
	convergence norms :     INITIAL         CURRENT         REQUIRED
	   residual            1.548214e-07    8.770329e-14    0.000000e+00 
	   energy              2.183225e-07    3.769179e-13    2.183225e-09 
	   displacement        9.582001e-07    1.611427e-11    7.433169e-13 
 4
 Nonlinear solution status: time= 1.57
	stiffness updates             = 3
	right hand side evaluations   = 5
	stiffness matrix reformations = 1
	step from line search         = 1.000000
	convergence norms :     INITIAL         CURRENT         REQUIRED
	   residual            1.548214e-07    5.160656e-17    0.000000e+00 
	   energy              2.183225e-07    1.655332e-16    2.183225e-09 
	   displacement        9.582001e-07    9.994619e-14    7.433492e-13 

convergence summary
    number of iterations   : 4
    number of reformations : 1

------- converged at time : 1.57


AUTO STEPPER: increasing time step, dt = 0.00999994

MUST POINT CONTROLLER: adjusting time step. dt = 0.00500017


===== beginning time step 99 : 1.575 =====


Reforming stiffness matrix: reformation #1

 1
 Nonlinear solution status: time= 1.575
	stiffness updates             = 0
	right hand side evaluations   = 2
	stiffness matrix reformations = 1
	step from line search         = 1.000000
	convergence norms :     INITIAL         CURRENT         REQUIRED
	   residual            2.841355e-07    1.576703e-08    0.000000e+00 
	   energy              1.133305e-07    1.002184e-08    1.133305e-09 
	   displacement        1.470903e-07    1.470903e-07    1.470903e-13 
 2
 Nonlinear solution status: time= 1.575
	stiffness updates             = 1
	right hand side evaluations   = 3
	stiffness matrix reformations = 1
	step from line search         = 1.000000
	convergence norms :     INITIAL         CURRENT         REQUIRED
	   residual            2.841355e-07    1.009620e-10    0.000000e+00 
	   energy              1.133305e-07    7.333562e-11    1.133305e-09 
	   displacement        1.470903e-07    2.545208e-09    1.159462e-13 
 3
 Nonlinear solution status: time= 1.575
	stiffness updates             = 2
	right hand side evaluations   = 4
	stiffness matrix reformations = 1
	step from line search         = 1.000000
	convergence norms :     INITIAL         CURRENT         REQUIRED
	   residual            2.841355e-07    3.559486e-13    0.000000e+00 
	   energy              1.133305e-07    6.392725e-13    1.133305e-09 
	   displacement        1.470903e-07    1.623471e-11    1.169520e-13 
 4
 Nonlinear solution status: time= 1.575
	stiffness updates             = 3
	right hand side evaluations   = 5
	stiffness matrix reformations = 1
	step from line search         = 1.000000
	convergence norms :     INITIAL         CURRENT         REQUIRED
	   residual            2.841355e-07    9.841162e-16    0.000000e+00 
	   energy              1.133305e-07    1.114096e-15    1.133305e-09 
	   displacement        1.470903e-07    5.845212e-14    1.170014e-13 

convergence summary
    number of iterations   : 4
    number of reformations : 1

------- converged at time : 1.575


AUTO STEPPER: increasing time step, dt = 0.00999995


===== beginning time step 100 : 1.585 =====


Reforming stiffness matrix: reformation #1

 1
 Nonlinear solution status: time= 1.585
	stiffness updates             = 0
	right hand side evaluations   = 2
	stiffness matrix reformations = 1
	step from line search         = 1.000000
	convergence norms :     INITIAL         CURRENT         REQUIRED
	   residual            6.107697e-08    2.837965e-09    0.000000e+00 
	   energy              8.521226e-08    9.969418e-09    8.521226e-10 
	   displacement        3.723469e-07    3.723469e-07    3.723469e-13 
 2
 Nonlinear solution status: time= 1.585
	stiffness updates             = 1
	right hand side evaluations   = 3
	stiffness matrix reformations = 1
	step from line search         = 1.000000
	convergence norms :     INITIAL         CURRENT         REQUIRED
	   residual            6.107697e-08    5.544512e-12    0.000000e+00 
	   energy              8.521226e-08    1.596623e-11    8.521226e-10 
	   displacement        3.723469e-07    5.919269e-09    2.878765e-13 
 3
 Nonlinear solution status: time= 1.585
	stiffness updates             = 2
	right hand side evaluations   = 4
	stiffness matrix reformations = 1
	step from line search         = 1.000000
	convergence norms :     INITIAL         CURRENT         REQUIRED
	   residual            6.107697e-08    2.855771e-14    0.000000e+00 
	   energy              8.521226e-08    1.365534e-13    8.521226e-10 
	   displacement        3.723469e-07    5.968063e-12    2.888198e-13 
 4
 Nonlinear solution status: time= 1.585
	stiffness updates             = 3
	right hand side evaluations   = 5
	stiffness matrix reformations = 1
	step from line search         = 1.000000
	convergence norms :     INITIAL         CURRENT         REQUIRED
	   residual            6.107697e-08    1.106285e-17    0.000000e+00 
	   energy              8.521226e-08    4.436645e-17    8.521226e-10 
	   displacement        3.723469e-07    3.182613e-14    2.888292e-13 

convergence summary
    number of iterations   : 4
    number of reformations : 1

------- converged at time : 1.585


AUTO STEPPER: increasing time step, dt = 0.00999996


===== beginning time step 101 : 1.595 =====


Reforming stiffness matrix: reformation #1

 1
 Nonlinear solution status: time= 1.595
	stiffness updates             = 0
	right hand side evaluations   = 2
	stiffness matrix reformations = 1
	step from line search         = 1.000000
	convergence norms :     INITIAL         CURRENT         REQUIRED
	   residual            3.568378e-08    1.554487e-09    0.000000e+00 
	   energy              4.891535e-08    5.543367e-09    4.891535e-10 
	   displacement        2.050351e-07    2.050351e-07    2.050351e-13 
 2
 Nonlinear solution status: time= 1.595
	stiffness updates             = 1
	right hand side evaluations   = 3
	stiffness matrix reformations = 1
	step from line search         = 1.000000
	convergence norms :     INITIAL         CURRENT         REQUIRED
	   residual            3.568378e-08    2.860626e-12    0.000000e+00 
	   energy              4.891535e-08    8.980983e-12    4.891535e-10 
	   displacement        2.050351e-07    3.101295e-09    1.598117e-13 
 3
 Nonlinear solution status: time= 1.595
	stiffness updates             = 2
	right hand side evaluations   = 4
	stiffness matrix reformations = 1
	step from line search         = 1.000000
	convergence norms :     INITIAL         CURRENT         REQUIRED
	   residual            3.568378e-08    1.801294e-14    0.000000e+00 
	   energy              4.891535e-08    8.528719e-14    4.891535e-10 
	   displacement        2.050351e-07    3.780960e-12    1.603455e-13 
 4
 Nonlinear solution status: time= 1.595
	stiffness updates             = 3
	right hand side evaluations   = 5
	stiffness matrix reformations = 1
	step from line search         = 1.000000
	convergence norms :     INITIAL         CURRENT         REQUIRED
	   residual            3.568378e-08    4.278988e-18    0.000000e+00 
	   energy              4.891535e-08    2.450517e-17    4.891535e-10 
	   displacement        2.050351e-07    2.197056e-14    1.603498e-13 

convergence summary
    number of iterations   : 4
    number of reformations : 1

------- converged at time : 1.595


AUTO STEPPER: increasing time step, dt = 0.00999997

MUST POINT CONTROLLER: adjusting time step. dt = 0.00500009


===== beginning time step 102 : 1.6 =====


Reforming stiffness matrix: reformation #1

 1
 Nonlinear solution status: time= 1.6
	stiffness updates             = 0
	right hand side evaluations   = 2
	stiffness matrix reformations = 1
	step from line search         = 1.000000
	convergence norms :     INITIAL         CURRENT         REQUIRED
	   residual            8.690389e-08    4.168434e-09    0.000000e+00 
	   energy              3.417339e-08    2.789947e-09    3.417339e-10 
	   displacement        4.065214e-08    4.065214e-08    4.065214e-14 
 2
 Nonlinear solution status: time= 1.6
	stiffness updates             = 1
	right hand side evaluations   = 3
	stiffness matrix reformations = 1
	step from line search         = 1.000000
	convergence norms :     INITIAL         CURRENT         REQUIRED
	   residual            8.690389e-08    2.732420e-11    0.000000e+00 
	   energy              3.417339e-08    1.909669e-11    3.417339e-10 
	   displacement        4.065214e-08    6.098905e-10    3.286566e-14 
 3
 Nonlinear solution status: time= 1.6
	stiffness updates             = 2
	right hand side evaluations   = 4
	stiffness matrix reformations = 1
	step from line search         = 1.000000
	convergence norms :     INITIAL         CURRENT         REQUIRED
	   residual            8.690389e-08    1.663189e-13    0.000000e+00 
	   energy              3.417339e-08    2.167051e-13    3.417339e-10 
	   displacement        4.065214e-08    5.155499e-12    3.312857e-14 
 4
 Nonlinear solution status: time= 1.6
	stiffness updates             = 3
	right hand side evaluations   = 5
	stiffness matrix reformations = 1
	step from line search         = 1.000000
	convergence norms :     INITIAL         CURRENT         REQUIRED
	   residual            8.690389e-08    2.268721e-16    0.000000e+00 
	   energy              3.417339e-08    3.132973e-16    3.417339e-10 
	   displacement        4.065214e-08    2.165942e-14    3.314143e-14 

convergence summary
    number of iterations   : 4
    number of reformations : 1

------- converged at time : 1.6


AUTO STEPPER: increasing time step, dt = 0.00999998


===== beginning time step 103 : 1.61 =====


Reforming stiffness matrix: reformation #1

 1
 Nonlinear solution status: time= 1.61
	stiffness updates             = 0
	right hand side evaluations   = 2
	stiffness matrix reformations = 1
	step from line search         = 1.000000
	convergence norms :     INITIAL         CURRENT         REQUIRED
	   residual            3.091741e-08    1.139049e-09    0.000000e+00 
	   energy              4.186209e-08    4.504105e-09    4.186209e-10 
	   displacement        1.629896e-07    1.629896e-07    1.629896e-13 
 2
 Nonlinear solution status: time= 1.61
	stiffness updates             = 1
	right hand side evaluations   = 3
	stiffness matrix reformations = 1
	step from line search         = 1.000000
	convergence norms :     INITIAL         CURRENT         REQUIRED
	   residual            3.091741e-08    2.229803e-12    0.000000e+00 
	   energy              4.186209e-08    6.811900e-12    4.186209e-10 
	   displacement        1.629896e-07    2.187427e-09    1.292562e-13 
 3
 Nonlinear solution status: time= 1.61
	stiffness updates             = 2
	right hand side evaluations   = 4
	stiffness matrix reformations = 1
	step from line search         = 1.000000
	convergence norms :     INITIAL         CURRENT         REQUIRED
	   residual            3.091741e-08    2.178527e-14    0.000000e+00 
	   energy              4.186209e-08    8.763009e-14    4.186209e-10 
	   displacement        1.629896e-07    3.777560e-12    1.296425e-13 
 4
 Nonlinear solution status: time= 1.61
	stiffness updates             = 3
	right hand side evaluations   = 5
	stiffness matrix reformations = 1
	step from line search         = 1.000000
	convergence norms :     INITIAL         CURRENT         REQUIRED
	   residual            3.091741e-08    7.320762e-18    0.000000e+00 
	   energy              4.186209e-08    3.186966e-17    4.186209e-10 
	   displacement        1.629896e-07    3.138072e-14    1.296473e-13 

convergence summary
    number of iterations   : 4
    number of reformations : 1

------- converged at time : 1.61


AUTO STEPPER: increasing time step, dt = 0.00999998


===== beginning time step 104 : 1.62 =====


Reforming stiffness matrix: reformation #1

 1
 Nonlinear solution status: time= 1.62
	stiffness updates             = 0
	right hand side evaluations   = 2
	stiffness matrix reformations = 1
	step from line search         = 1.000000
	convergence norms :     INITIAL         CURRENT         REQUIRED
	   residual            3.865271e-08    1.433620e-09    0.000000e+00 
	   energy              5.297483e-08    5.777906e-09    5.297483e-10 
	   displacement        2.092464e-07    2.092464e-07    2.092464e-13 
 2
 Nonlinear solution status: time= 1.62
	stiffness updates             = 1
	right hand side evaluations   = 3
	stiffness matrix reformations = 1
	step from line search         = 1.000000
	convergence norms :     INITIAL         CURRENT         REQUIRED
	   residual            3.865271e-08    2.955496e-12    0.000000e+00 
	   energy              5.297483e-08    8.870694e-12    5.297483e-10 
	   displacement        2.092464e-07    2.867183e-09    1.654887e-13 
 3
 Nonlinear solution status: time= 1.62
	stiffness updates             = 2
	right hand side evaluations   = 4
	stiffness matrix reformations = 1
	step from line search         = 1.000000
	convergence norms :     INITIAL         CURRENT         REQUIRED
	   residual            3.865271e-08    2.995439e-14    0.000000e+00 
	   energy              5.297483e-08    1.174986e-13    5.297483e-10 
	   displacement        2.092464e-07    4.995451e-12    1.659815e-13 
 4
 Nonlinear solution status: time= 1.62
	stiffness updates             = 3
	right hand side evaluations   = 5
	stiffness matrix reformations = 1
	step from line search         = 1.000000
	convergence norms :     INITIAL         CURRENT         REQUIRED
	   residual            3.865271e-08    1.068561e-17    0.000000e+00 
	   energy              5.297483e-08    4.433858e-17    5.297483e-10 
	   displacement        2.092464e-07    4.295660e-14    1.659893e-13 

convergence summary
    number of iterations   : 4
    number of reformations : 1

------- converged at time : 1.62


AUTO STEPPER: increasing time step, dt = 0.00999998

MUST POINT CONTROLLER: adjusting time step. dt = 0.00500004


===== beginning time step 105 : 1.625 =====


Reforming stiffness matrix: reformation #1

 1
 Nonlinear solution status: time= 1.625
	stiffness updates             = 0
	right hand side evaluations   = 2
	stiffness matrix reformations = 1
	step from line search         = 1.000000
	convergence norms :     INITIAL         CURRENT         REQUIRED
	   residual            1.486553e-07    6.440784e-09    0.000000e+00 
	   energy              5.753033e-08    4.483647e-09    5.753033e-10 
	   displacement        6.650162e-08    6.650162e-08    6.650162e-14 
 2
 Nonlinear solution status: time= 1.625
	stiffness updates             = 1
	right hand side evaluations   = 3
	stiffness matrix reformations = 1
	step from line search         = 1.000000
	convergence norms :     INITIAL         CURRENT         REQUIRED
	   residual            1.486553e-07    4.398983e-11    0.000000e+00 
	   energy              5.753033e-08    2.859549e-11    5.753033e-10 
	   displacement        6.650162e-08    9.015613e-10    5.441047e-14 
 3
 Nonlinear solution status: time= 1.625
	stiffness updates             = 2
	right hand side evaluations   = 4
	stiffness matrix reformations = 1
	step from line search         = 1.000000
	convergence norms :     INITIAL         CURRENT         REQUIRED
	   residual            1.486553e-07    2.766485e-13    0.000000e+00 
	   energy              5.753033e-08    3.398192e-13    5.753033e-10 
	   displacement        6.650162e-08    7.726414e-12    5.478632e-14 
 4
 Nonlinear solution status: time= 1.625
	stiffness updates             = 3
	right hand side evaluations   = 5
	stiffness matrix reformations = 1
	step from line search         = 1.000000
	convergence norms :     INITIAL         CURRENT         REQUIRED
	   residual            1.486553e-07    5.786979e-16    0.000000e+00 
	   energy              5.753033e-08    6.172031e-16    5.753033e-10 
	   displacement        6.650162e-08    3.853596e-14    5.481058e-14 

convergence summary
    number of iterations   : 4
    number of reformations : 1

------- converged at time : 1.625


AUTO STEPPER: increasing time step, dt = 0.00999999


===== beginning time step 106 : 1.635 =====


Reforming stiffness matrix: reformation #1

 1
 Nonlinear solution status: time= 1.635
	stiffness updates             = 0
	right hand side evaluations   = 2
	stiffness matrix reformations = 1
	step from line search         = 1.000000
	convergence norms :     INITIAL         CURRENT         REQUIRED
	   residual            5.789019e-08    2.320893e-09    0.000000e+00 
	   energy              8.071356e-08    9.103301e-09    8.071356e-10 
	   displacement        3.322327e-07    3.322327e-07    3.322327e-13 
 2
 Nonlinear solution status: time= 1.635
	stiffness updates             = 1
	right hand side evaluations   = 3
	stiffness matrix reformations = 1
	step from line search         = 1.000000
	convergence norms :     INITIAL         CURRENT         REQUIRED
	   residual            5.789019e-08    4.844883e-12    0.000000e+00 
	   energy              8.071356e-08    1.452286e-11    8.071356e-10 
	   displacement        3.322327e-07    4.860083e-09    2.603464e-13 
 3
 Nonlinear solution status: time= 1.635
	stiffness updates             = 2
	right hand side evaluations   = 4
	stiffness matrix reformations = 1
	step from line search         = 1.000000
	convergence norms :     INITIAL         CURRENT         REQUIRED
	   residual            5.789019e-08    4.355820e-14    0.000000e+00 
	   energy              8.071356e-08    1.778686e-13    8.071356e-10 
	   displacement        3.322327e-07    7.545684e-12    2.611536e-13 
 4
 Nonlinear solution status: time= 1.635
	stiffness updates             = 3
	right hand side evaluations   = 5
	stiffness matrix reformations = 1
	step from line search         = 1.000000
	convergence norms :     INITIAL         CURRENT         REQUIRED
	   residual            5.789019e-08    1.627141e-17    0.000000e+00 
	   energy              8.071356e-08    6.790011e-17    8.071356e-10 
	   displacement        3.322327e-07    6.004403e-14    2.611669e-13 

convergence summary
    number of iterations   : 4
    number of reformations : 1

------- converged at time : 1.635


AUTO STEPPER: increasing time step, dt = 0.00999999


===== beginning time step 107 : 1.645 =====


Reforming stiffness matrix: reformation #1

 1
 Nonlinear solution status: time= 1.645
	stiffness updates             = 0
	right hand side evaluations   = 2
	stiffness matrix reformations = 1
	step from line search         = 1.000000
	convergence norms :     INITIAL         CURRENT         REQUIRED
	   residual            6.908733e-08    2.893168e-09    0.000000e+00 
	   energy              9.700700e-08    1.111842e-08    9.700700e-10 
	   displacement        4.072389e-07    4.072389e-07    4.072389e-13 
 2
 Nonlinear solution status: time= 1.645
	stiffness updates             = 1
	right hand side evaluations   = 3
	stiffness matrix reformations = 1
	step from line search         = 1.000000
	convergence norms :     INITIAL         CURRENT         REQUIRED
	   residual            6.908733e-08    5.978693e-12    0.000000e+00 
	   energy              9.700700e-08    1.790606e-11    9.700700e-10 
	   displacement        4.072389e-07    6.138679e-09    3.176947e-13 
 3
 Nonlinear solution status: time= 1.645
	stiffness updates             = 2
	right hand side evaluations   = 4
	stiffness matrix reformations = 1
	step from line search         = 1.000000
	convergence norms :     INITIAL         CURRENT         REQUIRED
	   residual            6.908733e-08    4.954270e-14    0.000000e+00 
	   energy              9.700700e-08    2.079902e-13    9.700700e-10 
	   displacement        4.072389e-07    8.822949e-12    3.186933e-13 
 4
 Nonlinear solution status: time= 1.645
	stiffness updates             = 3
	right hand side evaluations   = 5
	stiffness matrix reformations = 1
	step from line search         = 1.000000
	convergence norms :     INITIAL         CURRENT         REQUIRED
	   residual            6.908733e-08    1.899524e-17    0.000000e+00 
	   energy              9.700700e-08    7.926306e-17    9.700700e-10 
	   displacement        4.072389e-07    6.667866e-14    3.187095e-13 

convergence summary
    number of iterations   : 4
    number of reformations : 1

------- converged at time : 1.645


AUTO STEPPER: increasing time step, dt = 0.00999999

MUST POINT CONTROLLER: adjusting time step. dt = 0.00500002


===== beginning time step 108 : 1.65 =====


Reforming stiffness matrix: reformation #1

 1
 Nonlinear solution status: time= 1.65
	stiffness updates             = 0
	right hand side evaluations   = 2
	stiffness matrix reformations = 1
	step from line search         = 1.000000
	convergence norms :     INITIAL         CURRENT         REQUIRED
	   residual            2.367453e-07    1.146208e-08    0.000000e+00 
	   energy              9.256114e-08    7.619015e-09    9.256114e-10 
	   displacement        1.123395e-07    1.123395e-07    1.123395e-13 
 2
 Nonlinear solution status: time= 1.65
	stiffness updates             = 1
	right hand side evaluations   = 3
	stiffness matrix reformations = 1
	step from line search         = 1.000000
	convergence norms :     INITIAL         CURRENT         REQUIRED
	   residual            2.367453e-07    7.872029e-11    0.000000e+00 
	   energy              9.256114e-08    5.316216e-11    9.256114e-10 
	   displacement        1.123395e-07    1.714049e-09    9.042332e-14 
 3
 Nonlinear solution status: time= 1.65
	stiffness updates             = 2
	right hand side evaluations   = 4
	stiffness matrix reformations = 1
	step from line search         = 1.000000
	convergence norms :     INITIAL         CURRENT         REQUIRED
	   residual            2.367453e-07    3.828934e-13    0.000000e+00 
	   energy              9.256114e-08    5.497697e-13    9.256114e-10 
	   displacement        1.123395e-07    1.320838e-11    9.112296e-14 
 4
 Nonlinear solution status: time= 1.65
	stiffness updates             = 3
	right hand side evaluations   = 5
	stiffness matrix reformations = 1
	step from line search         = 1.000000
	convergence norms :     INITIAL         CURRENT         REQUIRED
	   residual            2.367453e-07    9.487122e-16    0.000000e+00 
	   energy              9.256114e-08    1.023051e-15    9.256114e-10 
	   displacement        1.123395e-07    5.679948e-14    9.116477e-14 

convergence summary
    number of iterations   : 4
    number of reformations : 1

------- converged at time : 1.65


AUTO STEPPER: increasing time step, dt = 0.00999999


===== beginning time step 109 : 1.66 =====


Reforming stiffness matrix: reformation #1

 1
 Nonlinear solution status: time= 1.66
	stiffness updates             = 0
	right hand side evaluations   = 2
	stiffness matrix reformations = 1
	step from line search         = 1.000000
	convergence norms :     INITIAL         CURRENT         REQUIRED
	   residual            8.145182e-08    3.557925e-09    0.000000e+00 
	   energy              1.150627e-07    1.338463e-08    1.150627e-09 
	   displacement        4.917856e-07    4.917856e-07    4.917856e-13 
 2
 Nonlinear solution status: time= 1.66
	stiffness updates             = 1
	right hand side evaluations   = 3
	stiffness matrix reformations = 1
	step from line search         = 1.000000
	convergence norms :     INITIAL         CURRENT         REQUIRED
	   residual            8.145182e-08    7.254247e-12    0.000000e+00 
	   energy              1.150627e-07    2.164090e-11    1.150627e-09 
	   displacement        4.917856e-07    7.614170e-09    3.820653e-13 
 3
 Nonlinear solution status: time= 1.66
	stiffness updates             = 2
	right hand side evaluations   = 4
	stiffness matrix reformations = 1
	step from line search         = 1.000000
	convergence norms :     INITIAL         CURRENT         REQUIRED
	   residual            8.145182e-08    5.497032e-14    0.000000e+00 
	   energy              1.150627e-07    2.374991e-13    1.150627e-09 
	   displacement        4.917856e-07    1.007416e-11    3.832772e-13 
 4
 Nonlinear solution status: time= 1.66
	stiffness updates             = 3
	right hand side evaluations   = 5
	stiffness matrix reformations = 1
	step from line search         = 1.000000
	convergence norms :     INITIAL         CURRENT         REQUIRED
	   residual            8.145182e-08    2.147247e-17    0.000000e+00 
	   energy              1.150627e-07    8.953178e-17    1.150627e-09 
	   displacement        4.917856e-07    7.198028e-14    3.832961e-13 

convergence summary
    number of iterations   : 4
    number of reformations : 1

------- converged at time : 1.66


AUTO STEPPER: increasing time step, dt = 0.00999999


===== beginning time step 110 : 1.67 =====


Reforming stiffness matrix: reformation #1

 1
 Nonlinear solution status: time= 1.67
	stiffness updates             = 0
	right hand side evaluations   = 2
	stiffness matrix reformations = 1
	step from line search         = 1.000000
	convergence norms :     INITIAL         CURRENT         REQUIRED
	   residual            8.354166e-08    3.705576e-09    0.000000e+00 
	   energy              1.182541e-07    1.382746e-08    1.182541e-09 
	   displacement        5.084931e-07    5.084931e-07    5.084931e-13 
 2
 Nonlinear solution status: time= 1.67
	stiffness updates             = 1
	right hand side evaluations   = 3
	stiffness matrix reformations = 1
	step from line search         = 1.000000
	convergence norms :     INITIAL         CURRENT         REQUIRED
	   residual            8.354166e-08    7.483270e-12    0.000000e+00 
	   energy              1.182541e-07    2.238596e-11    1.182541e-09 
	   displacement        5.084931e-07    7.946951e-09    3.944671e-13 
 3
 Nonlinear solution status: time= 1.67
	stiffness updates             = 2
	right hand side evaluations   = 4
	stiffness matrix reformations = 1
	step from line search         = 1.000000
	convergence norms :     INITIAL         CURRENT         REQUIRED
	   residual            8.354166e-08    5.494873e-14    0.000000e+00 
	   energy              1.182541e-07    2.404803e-13    1.182541e-09 
	   displacement        5.084931e-07    1.020160e-11    3.957228e-13 
 4
 Nonlinear solution status: time= 1.67
	stiffness updates             = 3
	right hand side evaluations   = 5
	stiffness matrix reformations = 1
	step from line search         = 1.000000
	convergence norms :     INITIAL         CURRENT         REQUIRED
	   residual            8.354166e-08    2.128603e-17    0.000000e+00 
	   energy              1.182541e-07    8.949900e-17    1.182541e-09 
	   displacement        5.084931e-07    7.125666e-14    3.957421e-13 

convergence summary
    number of iterations   : 4
    number of reformations : 1

------- converged at time : 1.67


AUTO STEPPER: increasing time step, dt = 0.01

MUST POINT CONTROLLER: adjusting time step. dt = 0.00500001


===== beginning time step 111 : 1.675 =====


Reforming stiffness matrix: reformation #1

 1
 Nonlinear solution status: time= 1.675
	stiffness updates             = 0
	right hand side evaluations   = 2
	stiffness matrix reformations = 1
	step from line search         = 1.000000
	convergence norms :     INITIAL         CURRENT         REQUIRED
	   residual            2.554099e-07    1.296294e-08    0.000000e+00 
	   energy              1.003589e-07    8.455499e-09    1.003589e-09 
	   displacement        1.240879e-07    1.240879e-07    1.240879e-13 
 2
 Nonlinear solution status: time= 1.675
	stiffness updates             = 1
	right hand side evaluations   = 3
	stiffness matrix reformations = 1
	step from line search         = 1.000000
	convergence norms :     INITIAL         CURRENT         REQUIRED
	   residual            2.554099e-07    8.824992e-11    0.000000e+00 
	   energy              1.003589e-07    6.087575e-11    1.003589e-09 
	   displacement        1.240879e-07    1.981372e-09    9.922376e-14 
 3
 Nonlinear solution status: time= 1.675
	stiffness updates             = 2
	right hand side evaluations   = 4
	stiffness matrix reformations = 1
	step from line search         = 1.000000
	convergence norms :     INITIAL         CURRENT         REQUIRED
	   residual            2.554099e-07    3.903265e-13    0.000000e+00 
	   energy              1.003589e-07    6.003771e-13    1.003589e-09 
	   displacement        1.240879e-07    1.469691e-11    1.000264e-13 
 4
 Nonlinear solution status: time= 1.675
	stiffness updates             = 3
	right hand side evaluations   = 5
	stiffness matrix reformations = 1
	step from line search         = 1.000000
	convergence norms :     INITIAL         CURRENT         REQUIRED
	   residual            2.554099e-07    9.782585e-16    0.000000e+00 
	   energy              1.003589e-07    1.088612e-15    1.003589e-09 
	   displacement        1.240879e-07    5.942504e-14    1.000722e-13 

convergence summary
    number of iterations   : 4
    number of reformations : 1

------- converged at time : 1.675


AUTO STEPPER: increasing time step, dt = 0.01


===== beginning time step 112 : 1.685 =====


Reforming stiffness matrix: reformation #1

 1
 Nonlinear solution status: time= 1.685
	stiffness updates             = 0
	right hand side evaluations   = 2
	stiffness matrix reformations = 1
	step from line search         = 1.000000
	convergence norms :     INITIAL         CURRENT         REQUIRED
	   residual            8.018038e-08    3.594525e-09    0.000000e+00 
	   energy              1.136487e-07    1.333475e-08    1.136487e-09 
	   displacement        4.905288e-07    4.905288e-07    4.905288e-13 
 2
 Nonlinear solution status: time= 1.685
	stiffness updates             = 1
	right hand side evaluations   = 3
	stiffness matrix reformations = 1
	step from line search         = 1.000000
	convergence norms :     INITIAL         CURRENT         REQUIRED
	   residual            8.018038e-08    7.158146e-12    0.000000e+00 
	   energy              1.136487e-07    2.165097e-11    1.136487e-09 
	   displacement        4.905288e-07    7.717892e-09    3.801403e-13 
 3
 Nonlinear solution status: time= 1.685
	stiffness updates             = 2
	right hand side evaluations   = 4
	stiffness matrix reformations = 1
	step from line search         = 1.000000
	convergence norms :     INITIAL         CURRENT         REQUIRED
	   residual            8.018038e-08    5.163331e-14    0.000000e+00 
	   energy              1.136487e-07    2.290846e-13    1.136487e-09 
	   displacement        4.905288e-07    9.723162e-12    3.813566e-13 
 4
 Nonlinear solution status: time= 1.685
	stiffness updates             = 3
	right hand side evaluations   = 5
	stiffness matrix reformations = 1
	step from line search         = 1.000000
	convergence norms :     INITIAL         CURRENT         REQUIRED
	   residual            8.018038e-08    1.940664e-17    0.000000e+00 
	   energy              1.136487e-07    8.342546e-17    1.136487e-09 
	   displacement        4.905288e-07    6.664655e-14    3.813749e-13 

convergence summary
    number of iterations   : 4
    number of reformations : 1

------- converged at time : 1.685


AUTO STEPPER: increasing time step, dt = 0.01


===== beginning time step 113 : 1.695 =====


Reforming stiffness matrix: reformation #1

 1
 Nonlinear solution status: time= 1.695
	stiffness updates             = 0
	right hand side evaluations   = 2
	stiffness matrix reformations = 1
	step from line search         = 1.000000
	convergence norms :     INITIAL         CURRENT         REQUIRED
	   residual            7.323422e-08    3.281828e-09    0.000000e+00 
	   energy              1.038005e-07    1.217611e-08    1.038005e-09 
	   displacement        4.477262e-07    4.477262e-07    4.477262e-13 
 2
 Nonlinear solution status: time= 1.695
	stiffness updates             = 1
	right hand side evaluations   = 3
	stiffness matrix reformations = 1
	step from line search         = 1.000000
	convergence norms :     INITIAL         CURRENT         REQUIRED
	   residual            7.323422e-08    6.479598e-12    0.000000e+00 
	   energy              1.038005e-07    1.983547e-11    1.038005e-09 
	   displacement        4.477262e-07    7.046582e-09    3.469701e-13 
 3
 Nonlinear solution status: time= 1.695
	stiffness updates             = 2
	right hand side evaluations   = 4
	stiffness matrix reformations = 1
	step from line search         = 1.000000
	convergence norms :     INITIAL         CURRENT         REQUIRED
	   residual            7.323422e-08    4.708166e-14    0.000000e+00 
	   energy              1.038005e-07    2.101091e-13    1.038005e-09 
	   displacement        4.477262e-07    8.923002e-12    3.480846e-13 
 4
 Nonlinear solution status: time= 1.695
	stiffness updates             = 3
	right hand side evaluations   = 5
	stiffness matrix reformations = 1
	step from line search         = 1.000000
	convergence norms :     INITIAL         CURRENT         REQUIRED
	   residual            7.323422e-08    1.711476e-17    0.000000e+00 
	   energy              1.038005e-07    7.524024e-17    1.038005e-09 
	   displacement        4.477262e-07    6.100879e-14    3.481012e-13 

convergence summary
    number of iterations   : 4
    number of reformations : 1

------- converged at time : 1.695


AUTO STEPPER: increasing time step, dt = 0.01

MUST POINT CONTROLLER: adjusting time step. dt = 0.00500001


===== beginning time step 114 : 1.7 =====


Reforming stiffness matrix: reformation #1

 1
 Nonlinear solution status: time= 1.7
	stiffness updates             = 0
	right hand side evaluations   = 2
	stiffness matrix reformations = 1
	step from line search         = 1.000000
	convergence norms :     INITIAL         CURRENT         REQUIRED
	   residual            2.051431e-07    1.040848e-08    0.000000e+00 
	   energy              8.059631e-08    6.791232e-09    8.059631e-10 
	   displacement        9.954008e-08    9.954008e-08    9.954008e-14 
 2
 Nonlinear solution status: time= 1.7
	stiffness updates             = 1
	right hand side evaluations   = 3
	stiffness matrix reformations = 1
	step from line search         = 1.000000
	convergence norms :     INITIAL         CURRENT         REQUIRED
	   residual            2.051431e-07    7.129366e-11    0.000000e+00 
	   energy              8.059631e-08    4.941650e-11    8.059631e-10 
	   displacement        9.954008e-08    1.596779e-09    7.957133e-14 
 3
 Nonlinear solution status: time= 1.7
	stiffness updates             = 2
	right hand side evaluations   = 4
	stiffness matrix reformations = 1
	step from line search         = 1.000000
	convergence norms :     INITIAL         CURRENT         REQUIRED
	   residual            2.051431e-07    3.127000e-13    0.000000e+00 
	   energy              8.059631e-08    4.868503e-13    8.059631e-10 
	   displacement        9.954008e-08    1.198327e-11    8.022235e-14 
 4
 Nonlinear solution status: time= 1.7
	stiffness updates             = 3
	right hand side evaluations   = 5
	stiffness matrix reformations = 1
	step from line search         = 1.000000
	convergence norms :     INITIAL         CURRENT         REQUIRED
	   residual            2.051431e-07    7.547930e-16    0.000000e+00 
	   energy              8.059631e-08    8.663735e-16    8.059631e-10 
	   displacement        9.954008e-08    4.766178e-14    8.025913e-14 

convergence summary
    number of iterations   : 4
    number of reformations : 1

------- converged at time : 1.7


AUTO STEPPER: increasing time step, dt = 0.01


===== beginning time step 115 : 1.71 =====


Reforming stiffness matrix: reformation #1

 1
 Nonlinear solution status: time= 1.71
	stiffness updates             = 0
	right hand side evaluations   = 2
	stiffness matrix reformations = 1
	step from line search         = 1.000000
	convergence norms :     INITIAL         CURRENT         REQUIRED
	   residual            5.998077e-08    2.668713e-09    0.000000e+00 
	   energy              8.494798e-08    9.938311e-09    8.494798e-10 
	   displacement        3.650298e-07    3.650298e-07    3.650298e-13 
 2
 Nonlinear solution status: time= 1.71
	stiffness updates             = 1
	right hand side evaluations   = 3
	stiffness matrix reformations = 1
	step from line search         = 1.000000
	convergence norms :     INITIAL         CURRENT         REQUIRED
	   residual            5.998077e-08    5.228422e-12    0.000000e+00 
	   energy              8.494798e-08    1.629390e-11    8.494798e-10 
	   displacement        3.650298e-07    5.726797e-09    2.830540e-13 
 3
 Nonlinear solution status: time= 1.71
	stiffness updates             = 2
	right hand side evaluations   = 4
	stiffness matrix reformations = 1
	step from line search         = 1.000000
	convergence norms :     INITIAL         CURRENT         REQUIRED
	   residual            5.998077e-08    3.893614e-14    0.000000e+00 
	   energy              8.494798e-08    1.745749e-13    8.494798e-10 
	   displacement        3.650298e-07    7.422554e-12    2.839690e-13 
 4
 Nonlinear solution status: time= 1.71
	stiffness updates             = 3
	right hand side evaluations   = 5
	stiffness matrix reformations = 1
	step from line search         = 1.000000
	convergence norms :     INITIAL         CURRENT         REQUIRED
	   residual            5.998077e-08    1.330520e-17    0.000000e+00 
	   energy              8.494798e-08    6.081520e-17    8.494798e-10 
	   displacement        3.650298e-07    5.100219e-14    2.839826e-13 

convergence summary
    number of iterations   : 4
    number of reformations : 1

------- converged at time : 1.71


AUTO STEPPER: increasing time step, dt = 0.01


===== beginning time step 116 : 1.72 =====


Reforming stiffness matrix: reformation #1

 1
 Nonlinear solution status: time= 1.72
	stiffness updates             = 0
	right hand side evaluations   = 2
	stiffness matrix reformations = 1
	step from line search         = 1.000000
	convergence norms :     INITIAL         CURRENT         REQUIRED
	   residual            4.995673e-08    2.202723e-09    0.000000e+00 
	   energy              7.068029e-08    8.242596e-09    7.068029e-10 
	   displacement        3.024134e-07    3.024134e-07    3.024134e-13 
 2
 Nonlinear solution status: time= 1.72
	stiffness updates             = 1
	right hand side evaluations   = 3
	stiffness matrix reformations = 1
	step from line search         = 1.000000
	convergence norms :     INITIAL         CURRENT         REQUIRED
	   residual            4.995673e-08    4.316180e-12    0.000000e+00 
	   energy              7.068029e-08    1.358120e-11    7.068029e-10 
	   displacement        3.024134e-07    4.723129e-09    2.346853e-13 
 3
 Nonlinear solution status: time= 1.72
	stiffness updates             = 2
	right hand side evaluations   = 4
	stiffness matrix reformations = 1
	step from line search         = 1.000000
	convergence norms :     INITIAL         CURRENT         REQUIRED
	   residual            4.995673e-08    3.290953e-14    0.000000e+00 
	   energy              7.068029e-08    1.475326e-13    7.068029e-10 
	   displacement        3.024134e-07    6.278560e-12    2.354472e-13 
 4
 Nonlinear solution status: time= 1.72
	stiffness updates             = 3
	right hand side evaluations   = 5
	stiffness matrix reformations = 1
	step from line search         = 1.000000
	convergence norms :     INITIAL         CURRENT         REQUIRED
	   residual            4.995673e-08    1.070859e-17    0.000000e+00 
	   energy              7.068029e-08    5.036685e-17    7.068029e-10 
	   displacement        3.024134e-07    4.353021e-14    2.354585e-13 

convergence summary
    number of iterations   : 4
    number of reformations : 1

------- converged at time : 1.72


AUTO STEPPER: increasing time step, dt = 0.01

MUST POINT CONTROLLER: adjusting time step. dt = 0.005


===== beginning time step 117 : 1.725 =====


Reforming stiffness matrix: reformation #1

 1
 Nonlinear solution status: time= 1.725
	stiffness updates             = 0
	right hand side evaluations   = 2
	stiffness matrix reformations = 1
	step from line search         = 1.000000
	convergence norms :     INITIAL         CURRENT         REQUIRED
	   residual            1.302960e-07    6.421484e-09    0.000000e+00 
	   energy              5.102375e-08    4.240106e-09    5.102375e-10 
	   displacement        6.221866e-08    6.221866e-08    6.221866e-14 
 2
 Nonlinear solution status: time= 1.725
	stiffness updates             = 1
	right hand side evaluations   = 3
	stiffness matrix reformations = 1
	step from line search         = 1.000000
	convergence norms :     INITIAL         CURRENT         REQUIRED
	   residual            1.302960e-07    4.484618e-11    0.000000e+00 
	   energy              5.102375e-08    3.086952e-11    5.102375e-10 
	   displacement        6.221866e-08    9.795991e-10    4.990595e-14 
 3
 Nonlinear solution status: time= 1.725
	stiffness updates             = 2
	right hand side evaluations   = 4
	stiffness matrix reformations = 1
	step from line search         = 1.000000
	convergence norms :     INITIAL         CURRENT         REQUIRED
	   residual            1.302960e-07    2.042992e-13    0.000000e+00 
	   energy              5.102375e-08    3.116185e-13    5.102375e-10 
	   displacement        6.221866e-08    7.664909e-12    5.031138e-14 
 4
 Nonlinear solution status: time= 1.725
	stiffness updates             = 3
	right hand side evaluations   = 5
	stiffness matrix reformations = 1
	step from line search         = 1.000000
	convergence norms :     INITIAL         CURRENT         REQUIRED
	   residual            1.302960e-07    4.673701e-16    0.000000e+00 
	   energy              5.102375e-08    5.504851e-16    5.102375e-10 
	   displacement        6.221866e-08    3.080380e-14    5.033459e-14 

convergence summary
    number of iterations   : 4
    number of reformations : 1

------- converged at time : 1.725


AUTO STEPPER: increasing time step, dt = 0.01


===== beginning time step 118 : 1.735 =====


Reforming stiffness matrix: reformation #1

 1
 Nonlinear solution status: time= 1.735
	stiffness updates             = 0
	right hand side evaluations   = 2
	stiffness matrix reformations = 1
	step from line search         = 1.000000
	convergence norms :     INITIAL         CURRENT         REQUIRED
	   residual            3.584825e-08    1.553929e-09    0.000000e+00 
	   energy              5.062261e-08    5.867713e-09    5.062261e-10 
	   displacement        2.148561e-07    2.148561e-07    2.148561e-13 
 2
 Nonlinear solution status: time= 1.735
	stiffness updates             = 1
	right hand side evaluations   = 3
	stiffness matrix reformations = 1
	step from line search         = 1.000000
	convergence norms :     INITIAL         CURRENT         REQUIRED
	   residual            3.584825e-08    3.070598e-12    0.000000e+00 
	   energy              5.062261e-08    9.741309e-12    5.062261e-10 
	   displacement        2.148561e-07    3.325767e-09    1.669937e-13 
 3
 Nonlinear solution status: time= 1.735
	stiffness updates             = 2
	right hand side evaluations   = 4
	stiffness matrix reformations = 1
	step from line search         = 1.000000
	convergence norms :     INITIAL         CURRENT         REQUIRED
	   residual            3.584825e-08    2.431239e-14    0.000000e+00 
	   energy              5.062261e-08    1.085412e-13    5.062261e-10 
	   displacement        2.148561e-07    4.626148e-12    1.675390e-13 
 4
 Nonlinear solution status: time= 1.735
	stiffness updates             = 3
	right hand side evaluations   = 5
	stiffness matrix reformations = 1
	step from line search         = 1.000000
	convergence norms :     INITIAL         CURRENT         REQUIRED
	   residual            3.584825e-08    7.301647e-18    0.000000e+00 
	   energy              5.062261e-08    3.587840e-17    5.062261e-10 
	   displacement        2.148561e-07    3.265313e-14    1.675472e-13 

convergence summary
    number of iterations   : 4
    number of reformations : 1

------- converged at time : 1.735


AUTO STEPPER: increasing time step, dt = 0.01


===== beginning time step 119 : 1.745 =====


Reforming stiffness matrix: reformation #1

 1
 Nonlinear solution status: time= 1.745
	stiffness updates             = 0
	right hand side evaluations   = 2
	stiffness matrix reformations = 1
	step from line search         = 1.000000
	convergence norms :     INITIAL         CURRENT         REQUIRED
	   residual            2.751793e-08    1.177999e-09    0.000000e+00 
	   energy              3.880424e-08    4.477583e-09    3.880424e-10 
	   displacement        1.637172e-07    1.637172e-07    1.637172e-13 
 2
 Nonlinear solution status: time= 1.745
	stiffness updates             = 1
	right hand side evaluations   = 3
	stiffness matrix reformations = 1
	step from line search         = 1.000000
	convergence norms :     INITIAL         CURRENT         REQUIRED
	   residual            2.751793e-08    2.350368e-12    0.000000e+00 
	   energy              3.880424e-08    7.465268e-12    3.880424e-10 
	   displacement        1.637172e-07    2.516636e-09    1.273957e-13 
 3
 Nonlinear solution status: time= 1.745
	stiffness updates             = 2
	right hand side evaluations   = 4
	stiffness matrix reformations = 1
	step from line search         = 1.000000
	convergence norms :     INITIAL         CURRENT         REQUIRED
	   residual            2.751793e-08    1.907531e-14    0.000000e+00 
	   energy              3.880424e-08    8.473223e-14    3.880424e-10 
	   displacement        1.637172e-07    3.614785e-12    1.278128e-13 
 4
 Nonlinear solution status: time= 1.745
	stiffness updates             = 3
	right hand side evaluations   = 5
	stiffness matrix reformations = 1
	step from line search         = 1.000000
	convergence norms :     INITIAL         CURRENT         REQUIRED
	   residual            2.751793e-08    5.433269e-18    0.000000e+00 
	   energy              3.880424e-08    2.743051e-17    3.880424e-10 
	   displacement        1.637172e-07    2.587225e-14    1.278191e-13 

convergence summary
    number of iterations   : 4
    number of reformations : 1

------- converged at time : 1.745


AUTO STEPPER: increasing time step, dt = 0.01

MUST POINT CONTROLLER: adjusting time step. dt = 0.005


===== beginning time step 120 : 1.75 =====


Reforming stiffness matrix: reformation #1

 1
 Nonlinear solution status: time= 1.75
	stiffness updates             = 0
	right hand side evaluations   = 2
	stiffness matrix reformations = 1
	step from line search         = 1.000000
	convergence norms :     INITIAL         CURRENT         REQUIRED
	   residual            6.709063e-08    3.174523e-09    0.000000e+00 
	   energy              2.616433e-08    2.131814e-09    2.616433e-10 
	   displacement        3.134484e-08    3.134484e-08    3.134484e-14 
 2
 Nonlinear solution status: time= 1.75
	stiffness updates             = 1
	right hand side evaluations   = 3
	stiffness matrix reformations = 1
	step from line search         = 1.000000
	convergence norms :     INITIAL         CURRENT         REQUIRED
	   residual            6.709063e-08    2.266707e-11    0.000000e+00 
	   energy              2.616433e-08    1.538860e-11    2.616433e-10 
	   displacement        3.134484e-08    4.785253e-10    2.527061e-14 
 3
 Nonlinear solution status: time= 1.75
	stiffness updates             = 2
	right hand side evaluations   = 4
	stiffness matrix reformations = 1
	step from line search         = 1.000000
	convergence norms :     INITIAL         CURRENT         REQUIRED
	   residual            6.709063e-08    1.099432e-13    0.000000e+00 
	   energy              2.616433e-08    1.613541e-13    2.616433e-10 
	   displacement        3.134484e-08    3.943727e-12    2.547184e-14 
 4
 Nonlinear solution status: time= 1.75
	stiffness updates             = 3
	right hand side evaluations   = 5
	stiffness matrix reformations = 1
	step from line search         = 1.000000
	convergence norms :     INITIAL         CURRENT         REQUIRED
	   residual            6.709063e-08    2.374950e-16    0.000000e+00 
	   energy              2.616433e-08    2.844484e-16    2.616433e-10 
	   displacement        3.134484e-08    1.630475e-14    2.548367e-14 

convergence summary
    number of iterations   : 4
    number of reformations : 1

------- converged at time : 1.75


AUTO STEPPER: increasing time step, dt = 0.01


===== beginning time step 121 : 1.76 =====


Reforming stiffness matrix: reformation #1

 1
 Nonlinear solution status: time= 1.76
	stiffness updates             = 0
	right hand side evaluations   = 2
	stiffness matrix reformations = 1
	step from line search         = 1.000000
	convergence norms :     INITIAL         CURRENT         REQUIRED
	   residual            1.736426e-08    7.292159e-10    0.000000e+00 
	   energy              2.443202e-08    2.799198e-09    2.443202e-10 
	   displacement        1.021161e-07    1.021161e-07    1.021161e-13 
 2
 Nonlinear solution status: time= 1.76
	stiffness updates             = 1
	right hand side evaluations   = 3
	stiffness matrix reformations = 1
	step from line search         = 1.000000
	convergence norms :     INITIAL         CURRENT         REQUIRED
	   residual            1.736426e-08    1.481126e-12    0.000000e+00 
	   energy              2.443202e-08    4.689425e-12    2.443202e-10 
	   displacement        1.021161e-07    1.551912e-09    7.961091e-14 
 3
 Nonlinear solution status: time= 1.76
	stiffness updates             = 2
	right hand side evaluations   = 4
	stiffness matrix reformations = 1
	step from line search         = 1.000000
	convergence norms :     INITIAL         CURRENT         REQUIRED
	   residual            1.736426e-08    1.244835e-14    0.000000e+00 
	   energy              2.443202e-08    5.475362e-14    2.443202e-10 
	   displacement        1.021161e-07    2.338912e-12    7.987215e-14 
 4
 Nonlinear solution status: time= 1.76
	stiffness updates             = 3
	right hand side evaluations   = 5
	stiffness matrix reformations = 1
	step from line search         = 1.000000
	convergence norms :     INITIAL         CURRENT         REQUIRED
	   residual            1.736426e-08    3.287379e-18    0.000000e+00 
	   energy              2.443202e-08    1.721096e-17    2.443202e-10 
	   displacement        1.021161e-07    1.711804e-14    7.987613e-14 

convergence summary
    number of iterations   : 4
    number of reformations : 1

------- converged at time : 1.76


AUTO STEPPER: increasing time step, dt = 0.01


===== beginning time step 122 : 1.77 =====


Reforming stiffness matrix: reformation #1

 1
 Nonlinear solution status: time= 1.77
	stiffness updates             = 0
	right hand side evaluations   = 2
	stiffness matrix reformations = 1
	step from line search         = 1.000000
	convergence norms :     INITIAL         CURRENT         REQUIRED
	   residual            1.217841e-08    5.060699e-10    0.000000e+00 
	   energy              1.711401e-08    1.952663e-09    1.711401e-10 
	   displacement        7.113520e-08    7.113520e-08    7.113520e-14 
 2
 Nonlinear solution status: time= 1.77
	stiffness updates             = 1
	right hand side evaluations   = 3
	stiffness matrix reformations = 1
	step from line search         = 1.000000
	convergence norms :     INITIAL         CURRENT         REQUIRED
	   residual            1.217841e-08    1.038595e-12    0.000000e+00 
	   energy              1.711401e-08    3.275318e-12    1.711401e-10 
	   displacement        7.113520e-08    1.073490e-09    5.552102e-14 
 3
 Nonlinear solution status: time= 1.77
	stiffness updates             = 2
	right hand side evaluations   = 4
	stiffness matrix reformations = 1
	step from line search         = 1.000000
	convergence norms :     INITIAL         CURRENT         REQUIRED
	   residual            1.217841e-08    8.900478e-15    0.000000e+00 
	   energy              1.711401e-08    3.887920e-14    1.711401e-10 
	   displacement        7.113520e-08    1.661802e-12    5.570312e-14 
 4
 Nonlinear solution status: time= 1.77
	stiffness updates             = 3
	right hand side evaluations   = 5
	stiffness matrix reformations = 1
	step from line search         = 1.000000
	convergence norms :     INITIAL         CURRENT         REQUIRED
	   residual            1.217841e-08    2.262487e-18    0.000000e+00 
	   energy              1.711401e-08    1.204393e-17    1.711401e-10 
	   displacement        7.113520e-08    1.233265e-14    5.570591e-14 

convergence summary
    number of iterations   : 4
    number of reformations : 1

------- converged at time : 1.77


AUTO STEPPER: increasing time step, dt = 0.01

MUST POINT CONTROLLER: adjusting time step. dt = 0.005


===== beginning time step 123 : 1.775 =====


Reforming stiffness matrix: reformation #1

 1
 Nonlinear solution status: time= 1.775
	stiffness updates             = 0
	right hand side evaluations   = 2
	stiffness matrix reformations = 1
	step from line search         = 1.000000
	convergence norms :     INITIAL         CURRENT         REQUIRED
	   residual            2.729879e-08    1.249055e-09    0.000000e+00 
	   energy              1.061729e-08    8.505419e-10    1.061729e-10 
	   displacement        1.252176e-08    1.252176e-08    1.252176e-14 
 2
 Nonlinear solution status: time= 1.775
	stiffness updates             = 1
	right hand side evaluations   = 3
	stiffness matrix reformations = 1
	step from line search         = 1.000000
	convergence norms :     INITIAL         CURRENT         REQUIRED
	   residual            2.729879e-08    9.028263e-12    0.000000e+00 
	   energy              1.061729e-08    6.039846e-12    1.061729e-10 
	   displacement        1.252176e-08    1.853400e-10    1.014378e-14 
 3
 Nonlinear solution status: time= 1.775
	stiffness updates             = 2
	right hand side evaluations   = 4
	stiffness matrix reformations = 1
	step from line search         = 1.000000
	convergence norms :     INITIAL         CURRENT         REQUIRED
	   residual            2.729879e-08    4.699926e-14    0.000000e+00 
	   energy              1.061729e-08    6.596105e-14    1.061729e-10 
	   displacement        1.252176e-08    1.593316e-12    1.022248e-14 
 4
 Nonlinear solution status: time= 1.775
	stiffness updates             = 3
	right hand side evaluations   = 5
	stiffness matrix reformations = 1
	step from line search         = 1.000000
	convergence norms :     INITIAL         CURRENT         REQUIRED
	   residual            2.729879e-08    9.651680e-17    0.000000e+00 
	   energy              1.061729e-08    1.159400e-16    1.061729e-10 
	   displacement        1.252176e-08    6.838449e-15    1.022722e-14 

convergence summary
    number of iterations   : 4
    number of reformations : 1

------- converged at time : 1.775


AUTO STEPPER: increasing time step, dt = 0.01


===== beginning time step 124 : 1.785 =====


Reforming stiffness matrix: reformation #1

 1
 Nonlinear solution status: time= 1.785
	stiffness updates             = 0
	right hand side evaluations   = 2
	stiffness matrix reformations = 1
	step from line search         = 1.000000
	convergence norms :     INITIAL         CURRENT         REQUIRED
	   residual            6.510357e-09    2.669527e-10    0.000000e+00 
	   energy              9.133396e-09    1.036117e-09    9.133396e-11 
	   displacement        3.767140e-08    3.767140e-08    3.767140e-14 
 2
 Nonlinear solution status: time= 1.785
	stiffness updates             = 1
	right hand side evaluations   = 3
	stiffness matrix reformations = 1
	step from line search         = 1.000000
	convergence norms :     INITIAL         CURRENT         REQUIRED
	   residual            6.510357e-09    5.546757e-13    0.000000e+00 
	   energy              9.133396e-09    1.736357e-12    9.133396e-11 
	   displacement        3.767140e-08    5.626026e-10    2.945088e-14 
 3
 Nonlinear solution status: time= 1.785
	stiffness updates             = 2
	right hand side evaluations   = 4
	stiffness matrix reformations = 1
	step from line search         = 1.000000
	convergence norms :     INITIAL         CURRENT         REQUIRED
	   residual            6.510357e-09    4.879438e-15    0.000000e+00 
	   energy              9.133396e-09    2.108159e-14    9.133396e-11 
	   displacement        3.767140e-08    9.017061e-13    2.954716e-14 
 4
 Nonlinear solution status: time= 1.785
	stiffness updates             = 3
	right hand side evaluations   = 5
	stiffness matrix reformations = 1
	step from line search         = 1.000000
	convergence norms :     INITIAL         CURRENT         REQUIRED
	   residual            6.510357e-09    1.194346e-18    0.000000e+00 
	   energy              9.133396e-09    6.439393e-18    9.133396e-11 
	   displacement        3.767140e-08    6.829640e-15    2.954865e-14 

convergence summary
    number of iterations   : 4
    number of reformations : 1

------- converged at time : 1.785


AUTO STEPPER: increasing time step, dt = 0.01


===== beginning time step 125 : 1.795 =====


Reforming stiffness matrix: reformation #1

 1
 Nonlinear solution status: time= 1.795
	stiffness updates             = 0
	right hand side evaluations   = 2
	stiffness matrix reformations = 1
	step from line search         = 1.000000
	convergence norms :     INITIAL         CURRENT         REQUIRED
	   residual            3.974477e-09    1.622278e-10    0.000000e+00 
	   energy              5.571975e-09    6.304396e-10    5.571975e-11 
	   displacement        2.289906e-08    2.289906e-08    2.289906e-14 
 2
 Nonlinear solution status: time= 1.795
	stiffness updates             = 1
	right hand side evaluations   = 3
	stiffness matrix reformations = 1
	step from line search         = 1.000000
	convergence norms :     INITIAL         CURRENT         REQUIRED
	   residual            3.974477e-09    3.379721e-13    0.000000e+00 
	   energy              5.571975e-09    1.053234e-12    5.571975e-11 
	   displacement        2.289906e-08    3.401310e-10    1.791689e-14 
 3
 Nonlinear solution status: time= 1.795
	stiffness updates             = 2
	right hand side evaluations   = 4
	stiffness matrix reformations = 1
	step from line search         = 1.000000
	convergence norms :     INITIAL         CURRENT         REQUIRED
	   residual            3.974477e-09    3.011540e-15    0.000000e+00 
	   energy              5.571975e-09    1.292618e-14    5.571975e-11 
	   displacement        2.289906e-08    5.529779e-13    1.797522e-14 
 4
 Nonlinear solution status: time= 1.795
	stiffness updates             = 3
	right hand side evaluations   = 5
	stiffness matrix reformations = 1
	step from line search         = 1.000000
	convergence norms :     INITIAL         CURRENT         REQUIRED
	   residual            3.974477e-09    7.366021e-19    0.000000e+00 
	   energy              5.571975e-09    3.949886e-18    5.571975e-11 
	   displacement        2.289906e-08    4.235596e-15    1.797612e-14 

convergence summary
    number of iterations   : 4
    number of reformations : 1

------- converged at time : 1.795


AUTO STEPPER: increasing time step, dt = 0.01

MUST POINT CONTROLLER: adjusting time step. dt = 0.005


===== beginning time step 126 : 1.8 =====


Reforming stiffness matrix: reformation #1

 1
 Nonlinear solution status: time= 1.8
	stiffness updates             = 0
	right hand side evaluations   = 2
	stiffness matrix reformations = 1
	step from line search         = 1.000000
	convergence norms :     INITIAL         CURRENT         REQUIRED
	   residual            7.686128e-09    3.475714e-10    0.000000e+00 
	   energy              2.990516e-09    2.377097e-10    2.990516e-11 
	   displacement        3.497544e-09    3.497544e-09    3.497544e-15 
 2
 Nonlinear solution status: time= 1.8
	stiffness updates             = 1
	right hand side evaluations   = 3
	stiffness matrix reformations = 1
	step from line search         = 1.000000
	convergence norms :     INITIAL         CURRENT         REQUIRED
	   residual            7.686128e-09    2.493722e-12    0.000000e+00 
	   energy              2.990516e-09    1.650095e-12    2.990516e-11 
	   displacement        3.497544e-09    5.068108e-11    2.841890e-15 
 3
 Nonlinear solution status: time= 1.8
	stiffness updates             = 2
	right hand side evaluations   = 4
	stiffness matrix reformations = 1
	step from line search         = 1.000000
	convergence norms :     INITIAL         CURRENT         REQUIRED
	   residual            7.686128e-09    1.391675e-14    0.000000e+00 
	   energy              2.990516e-09    1.867437e-14    2.990516e-11 
	   displacement        3.497544e-09    4.438969e-13    2.863401e-15 
 4
 Nonlinear solution status: time= 1.8
	stiffness updates             = 3
	right hand side evaluations   = 5
	stiffness matrix reformations = 1
	step from line search         = 1.000000
	convergence norms :     INITIAL         CURRENT         REQUIRED
	   residual            7.686128e-09    2.764027e-17    0.000000e+00 
	   energy              2.990516e-09    3.262592e-17    2.990516e-11 
	   displacement        3.497544e-09    1.980790e-15    2.864714e-15 

convergence summary
    number of iterations   : 4
    number of reformations : 1

------- converged at time : 1.8


AUTO STEPPER: increasing time step, dt = 0.01


===== beginning time step 127 : 1.81 =====


Reforming stiffness matrix: reformation #1

 1
 Nonlinear solution status: time= 1.81
	stiffness updates             = 0
	right hand side evaluations   = 2
	stiffness matrix reformations = 1
	step from line search         = 1.000000
	convergence norms :     INITIAL         CURRENT         REQUIRED
	   residual            1.564137e-09    6.360927e-11    0.000000e+00 
	   energy              2.190436e-09    2.469054e-10    2.190436e-11 
	   displacement        8.957281e-09    8.957281e-09    8.957281e-15 
 2
 Nonlinear solution status: time= 1.81
	stiffness updates             = 1
	right hand side evaluations   = 3
	stiffness matrix reformations = 1
	step from line search         = 1.000000
	convergence norms :     INITIAL         CURRENT         REQUIRED
	   residual            1.564137e-09    1.318918e-13    0.000000e+00 
	   energy              2.190436e-09    4.083779e-13    2.190436e-11 
	   displacement        8.957281e-09    1.318719e-10    7.017370e-15 
 3
 Nonlinear solution status: time= 1.81
	stiffness updates             = 2
	right hand side evaluations   = 4
	stiffness matrix reformations = 1
	step from line search         = 1.000000
	convergence norms :     INITIAL         CURRENT         REQUIRED
	   residual            1.564137e-09    1.197180e-15    0.000000e+00 
	   energy              2.190436e-09    5.080643e-15    2.190436e-11 
	   displacement        8.957281e-09    2.174067e-13    7.039975e-15 
 4
 Nonlinear solution status: time= 1.81
	stiffness updates             = 3
	right hand side evaluations   = 5
	stiffness matrix reformations = 1
	step from line search         = 1.000000
	convergence norms :     INITIAL         CURRENT         REQUIRED
	   residual            1.564137e-09    3.066606e-19    0.000000e+00 
	   energy              2.190436e-09    1.586400e-18    2.190436e-11 
	   displacement        8.957281e-09    1.694680e-15    7.040324e-15 

convergence summary
    number of iterations   : 4
    number of reformations : 1

------- converged at time : 1.81


AUTO STEPPER: increasing time step, dt = 0.01


===== beginning time step 128 : 1.82 =====


Reforming stiffness matrix: reformation #1

 1
 Nonlinear solution status: time= 1.82
	stiffness updates             = 0
	right hand side evaluations   = 2
	stiffness matrix reformations = 1
	step from line search         = 1.000000
	convergence norms :     INITIAL         CURRENT         REQUIRED
	   residual            6.964154e-10    2.832794e-11    0.000000e+00 
	   energy              9.741321e-10    1.095173e-10    9.741321e-12 
	   displacement        3.971779e-09    3.971779e-09    3.971779e-15 
 2
 Nonlinear solution status: time= 1.82
	stiffness updates             = 1
	right hand side evaluations   = 3
	stiffness matrix reformations = 1
	step from line search         = 1.000000
	convergence norms :     INITIAL         CURRENT         REQUIRED
	   residual            6.964154e-10    5.789828e-14    0.000000e+00 
	   energy              9.741321e-10    1.787125e-13    9.741321e-12 
	   displacement        3.971779e-09    5.805299e-11    3.114548e-15 
 3
 Nonlinear solution status: time= 1.82
	stiffness updates             = 2
	right hand side evaluations   = 4
	stiffness matrix reformations = 1
	step from line search         = 1.000000
	convergence norms :     INITIAL         CURRENT         REQUIRED
	   residual            6.964154e-10    5.315299e-16    0.000000e+00 
	   energy              9.741321e-10    2.235310e-15    9.741321e-12 
	   displacement        3.971779e-09    9.568905e-14    3.124461e-15 
 4
 Nonlinear solution status: time= 1.82
	stiffness updates             = 3
	right hand side evaluations   = 5
	stiffness matrix reformations = 1
	step from line search         = 1.000000
	convergence norms :     INITIAL         CURRENT         REQUIRED
	   residual            6.964154e-10    1.488439e-19    0.000000e+00 
	   energy              9.741321e-10    7.281754e-19    9.741321e-12 
	   displacement        3.971779e-09    7.549588e-16    3.124611e-15 

convergence summary
    number of iterations   : 4
    number of reformations : 1

------- converged at time : 1.82


AUTO STEPPER: increasing time step, dt = 0.01

MUST POINT CONTROLLER: adjusting time step. dt = 0.005


===== beginning time step 129 : 1.825 =====


Reforming stiffness matrix: reformation #1

 1
 Nonlinear solution status: time= 1.825
	stiffness updates             = 0
	right hand side evaluations   = 2
	stiffness matrix reformations = 1
	step from line search         = 1.000000
	convergence norms :     INITIAL         CURRENT         REQUIRED
	   residual            9.000028e-10    4.150029e-11    0.000000e+00 
	   energy              3.522568e-10    2.812473e-11    3.522568e-12 
	   displacement        4.125532e-10    4.125532e-10    4.125532e-16 
 2
 Nonlinear solution status: time= 1.825
	stiffness updates             = 1
	right hand side evaluations   = 3
	stiffness matrix reformations = 1
	step from line search         = 1.000000
	convergence norms :     INITIAL         CURRENT         REQUIRED
	   residual            9.000028e-10    2.812259e-13    0.000000e+00 
	   energy              3.522568e-10    1.856075e-13    3.522568e-12 
	   displacement        4.125532e-10    5.886990e-12    3.356877e-16 
 3
 Nonlinear solution status: time= 1.825
	stiffness updates             = 2
	right hand side evaluations   = 4
	stiffness matrix reformations = 1
	step from line search         = 1.000000
	convergence norms :     INITIAL         CURRENT         REQUIRED
	   residual            9.000028e-10    1.745302e-15    0.000000e+00 
	   energy              3.522568e-10    2.189571e-15    3.522568e-12 
	   displacement        4.125532e-10    5.059497e-14    3.381539e-16 
 4
 Nonlinear solution status: time= 1.825
	stiffness updates             = 3
	right hand side evaluations   = 5
	stiffness matrix reformations = 1
	step from line search         = 1.000000
	convergence norms :     INITIAL         CURRENT         REQUIRED
	   residual            9.000028e-10    3.370079e-18    0.000000e+00 
	   energy              3.522568e-10    3.740649e-18    3.522568e-12 
	   displacement        4.125532e-10    2.385975e-16    3.382990e-16 

convergence summary
    number of iterations   : 4
    number of reformations : 1

------- converged at time : 1.825


AUTO STEPPER: increasing time step, dt = 0.01


===== beginning time step 130 : 1.835 =====


Reforming stiffness matrix: reformation #1

 1
 Nonlinear solution status: time= 1.835
	stiffness updates             = 0
	right hand side evaluations   = 2
	stiffness matrix reformations = 1
	step from line search         = 1.000000
	convergence norms :     INITIAL         CURRENT         REQUIRED
	   residual            1.158248e-10    4.619120e-12    0.000000e+00 
	   energy              1.596665e-10    1.763398e-11    1.596665e-12 
	   displacement        6.413866e-10    6.413866e-10    6.413866e-16 
 2
 Nonlinear solution status: time= 1.835
	stiffness updates             = 1
	right hand side evaluations   = 3
	stiffness matrix reformations = 1
	step from line search         = 1.000000
	convergence norms :     INITIAL         CURRENT         REQUIRED
	   residual            1.158248e-10    8.602914e-15    0.000000e+00 
	   energy              1.596665e-10    2.679943e-14    1.596665e-12 
	   displacement        6.413866e-10    9.003898e-12    5.054670e-16 
 3
 Nonlinear solution status: time= 1.835
	stiffness updates             = 2
	right hand side evaluations   = 4
	stiffness matrix reformations = 1
	step from line search         = 1.000000
	convergence norms :     INITIAL         CURRENT         REQUIRED
	   residual            1.158248e-10    7.988654e-17    0.000000e+00 
	   energy              1.596665e-10    3.300246e-16    1.596665e-12 
	   displacement        6.413866e-10    1.423887e-14    5.069949e-16 
 4
 Nonlinear solution status: time= 1.835
	stiffness updates             = 3
	right hand side evaluations   = 5
	stiffness matrix reformations = 1
	step from line search         = 1.000000
	convergence norms :     INITIAL         CURRENT         REQUIRED
	   residual            1.158248e-10    3.139311e-20    0.000000e+00 
	   energy              1.596665e-10    1.285044e-19    1.596665e-12 
	   displacement        6.413866e-10    1.140404e-16    5.070136e-16 

convergence summary
    number of iterations   : 4
    number of reformations : 1

------- converged at time : 1.835


AUTO STEPPER: increasing time step, dt = 0.01


===== beginning time step 131 : 1.845 =====


Reforming stiffness matrix: reformation #1

 1
 Nonlinear solution status: time= 1.845
	stiffness updates             = 0
	right hand side evaluations   = 2
	stiffness matrix reformations = 1
	step from line search         = 1.000000
	convergence norms :     INITIAL         CURRENT         REQUIRED
	   residual            4.959127e-11    1.861746e-12    0.000000e+00 
	   energy              6.648479e-11    7.211008e-12    6.648479e-13 
	   displacement        2.651864e-10    2.651864e-10    2.651864e-16 
 2
 Nonlinear solution status: time= 1.845
	stiffness updates             = 1
	right hand side evaluations   = 3
	stiffness matrix reformations = 1
	step from line search         = 1.000000
	convergence norms :     INITIAL         CURRENT         REQUIRED
	   residual            4.959127e-11    3.318699e-15    0.000000e+00 
	   energy              6.648479e-11    1.088193e-14    6.648479e-13 
	   displacement        2.651864e-10    3.645388e-12    2.094587e-16 
 3
 Nonlinear solution status: time= 1.845
	stiffness updates             = 2
	right hand side evaluations   = 4
	stiffness matrix reformations = 1
	step from line search         = 1.000000
	convergence norms :     INITIAL         CURRENT         REQUIRED
	   residual            4.959127e-11    2.742723e-17    0.000000e+00 
	   energy              6.648479e-11    1.212475e-16    6.648479e-13 
	   displacement        2.651864e-10    5.309535e-15    2.101064e-16 
 4
 Nonlinear solution status: time= 1.845
	stiffness updates             = 3
	right hand side evaluations   = 5
	stiffness matrix reformations = 1
	step from line search         = 1.000000
	convergence norms :     INITIAL         CURRENT         REQUIRED
	   residual            4.959127e-11    9.022533e-21    0.000000e+00 
	   energy              6.648479e-11    4.108901e-20    6.648479e-13 
	   displacement        2.651864e-10    3.765870e-17    2.101117e-16 

convergence summary
    number of iterations   : 4
    number of reformations : 1

------- converged at time : 1.845


AUTO STEPPER: increasing time step, dt = 0.01

MUST POINT CONTROLLER: adjusting time step. dt = 0.005


===== beginning time step 132 : 1.85 =====


Reforming stiffness matrix: reformation #1

 1
 Nonlinear solution status: time= 1.85
	stiffness updates             = 0
	right hand side evaluations   = 2
	stiffness matrix reformations = 1
	step from line search         = 1.000000
	convergence norms :     INITIAL         CURRENT         REQUIRED
	   residual            3.165330e-10    1.406431e-11    0.000000e+00 
	   energy              1.220826e-10    9.713702e-12    1.220826e-12 
	   displacement        1.437655e-10    1.437655e-10    1.437655e-16 
 2
 Nonlinear solution status: time= 1.85
	stiffness updates             = 1
	right hand side evaluations   = 3
	stiffness matrix reformations = 1
	step from line search         = 1.000000
	convergence norms :     INITIAL         CURRENT         REQUIRED
	   residual            3.165330e-10    1.020615e-13    0.000000e+00 
	   energy              1.220826e-10    6.996437e-14    1.220826e-12 
	   displacement        1.437655e-10    2.120212e-12    1.165031e-16 
 3
 Nonlinear solution status: time= 1.85
	stiffness updates             = 2
	right hand side evaluations   = 4
	stiffness matrix reformations = 1
	step from line search         = 1.000000
	convergence norms :     INITIAL         CURRENT         REQUIRED
	   residual            3.165330e-10    5.077687e-16    0.000000e+00 
	   energy              1.220826e-10    7.440525e-16    1.220826e-12 
	   displacement        1.437655e-10    1.836006e-14    1.174266e-16 
 4
 Nonlinear solution status: time= 1.85
	stiffness updates             = 3
	right hand side evaluations   = 5
	stiffness matrix reformations = 1
	step from line search         = 1.000000
	convergence norms :     INITIAL         CURRENT         REQUIRED
	   residual            3.165330e-10    9.907575e-19    0.000000e+00 
	   energy              1.220826e-10    1.270785e-18    1.220826e-12 
	   displacement        1.437655e-10    7.546551e-17    1.174796e-16 

convergence summary
    number of iterations   : 4
    number of reformations : 1

------- converged at time : 1.85


AUTO STEPPER: increasing time step, dt = 0.01


===== beginning time step 133 : 1.86 =====


Reforming stiffness matrix: reformation #1

 1
 Nonlinear solution status: time= 1.86
	stiffness updates             = 0
	right hand side evaluations   = 2
	stiffness matrix reformations = 1
	step from line search         = 1.000000
	convergence norms :     INITIAL         CURRENT         REQUIRED
	   residual            1.969835e-10    7.915247e-12    0.000000e+00 
	   energy              2.731883e-10    3.081995e-11    2.731883e-12 
	   displacement        1.124316e-09    1.124316e-09    1.124316e-15 
 2
 Nonlinear solution status: time= 1.86
	stiffness updates             = 1
	right hand side evaluations   = 3
	stiffness matrix reformations = 1
	step from line search         = 1.000000
	convergence norms :     INITIAL         CURRENT         REQUIRED
	   residual            1.969835e-10    1.651633e-14    0.000000e+00 
	   energy              2.731883e-10    5.203472e-14    2.731883e-12 
	   displacement        1.124316e-09    1.671299e-11    8.794434e-16 
 3
 Nonlinear solution status: time= 1.86
	stiffness updates             = 2
	right hand side evaluations   = 4
	stiffness matrix reformations = 1
	step from line search         = 1.000000
	convergence norms :     INITIAL         CURRENT         REQUIRED
	   residual            1.969835e-10    1.398643e-16    0.000000e+00 
	   energy              2.731883e-10    6.163618e-16    2.731883e-12 
	   displacement        1.124316e-09    2.642683e-14    8.823517e-16 
 4
 Nonlinear solution status: time= 1.86
	stiffness updates             = 3
	right hand side evaluations   = 5
	stiffness matrix reformations = 1
	step from line search         = 1.000000
	convergence norms :     INITIAL         CURRENT         REQUIRED
	   residual            1.969835e-10    3.921141e-20    0.000000e+00 
	   energy              2.731883e-10    2.015752e-19    2.731883e-12 
	   displacement        1.124316e-09    1.956191e-16    8.823952e-16 

convergence summary
    number of iterations   : 4
    number of reformations : 1

------- converged at time : 1.86


AUTO STEPPER: increasing time step, dt = 0.01


===== beginning time step 134 : 1.87 =====


Reforming stiffness matrix: reformation #1

 1
 Nonlinear solution status: time= 1.87
	stiffness updates             = 0
	right hand side evaluations   = 2
	stiffness matrix reformations = 1
	step from line search         = 1.000000
	convergence norms :     INITIAL         CURRENT         REQUIRED
	   residual            3.531204e-10    1.446582e-11    0.000000e+00 
	   energy              4.929752e-10    5.595690e-11    4.929752e-12 
	   displacement        2.038289e-09    2.038289e-09    2.038289e-15 
 2
 Nonlinear solution status: time= 1.87
	stiffness updates             = 1
	right hand side evaluations   = 3
	stiffness matrix reformations = 1
	step from line search         = 1.000000
	convergence norms :     INITIAL         CURRENT         REQUIRED
	   residual            3.531204e-10    3.011193e-14    0.000000e+00 
	   energy              4.929752e-10    9.428486e-14    4.929752e-12 
	   displacement        2.038289e-09    3.053721e-11    1.592623e-15 
 3
 Nonlinear solution status: time= 1.87
	stiffness updates             = 2
	right hand side evaluations   = 4
	stiffness matrix reformations = 1
	step from line search         = 1.000000
	convergence norms :     INITIAL         CURRENT         REQUIRED
	   residual            3.531204e-10    2.560245e-16    0.000000e+00 
	   energy              4.929752e-10    1.124225e-15    4.929752e-12 
	   displacement        2.038289e-09    4.808867e-14    1.597864e-15 
 4
 Nonlinear solution status: time= 1.87
	stiffness updates             = 3
	right hand side evaluations   = 5
	stiffness matrix reformations = 1
	step from line search         = 1.000000
	convergence norms :     INITIAL         CURRENT         REQUIRED
	   residual            3.531204e-10    6.576358e-20    0.000000e+00 
	   energy              4.929752e-10    3.517927e-19    4.929752e-12 
	   displacement        2.038289e-09    3.581152e-16    1.597944e-15 

convergence summary
    number of iterations   : 4
    number of reformations : 1

------- converged at time : 1.87


AUTO STEPPER: increasing time step, dt = 0.01

MUST POINT CONTROLLER: adjusting time step. dt = 0.005


===== beginning time step 135 : 1.875 =====


Reforming stiffness matrix: reformation #1

 1
 Nonlinear solution status: time= 1.875
	stiffness updates             = 0
	right hand side evaluations   = 2
	stiffness matrix reformations = 1
	step from line search         = 1.000000
	convergence norms :     INITIAL         CURRENT         REQUIRED
	   residual            1.493432e-09    6.852650e-11    0.000000e+00 
	   energy              5.799445e-10    4.655095e-11    5.799445e-12 
	   displacement        6.852502e-10    6.852502e-10    6.852502e-16 
 2
 Nonlinear solution status: time= 1.875
	stiffness updates             = 1
	right hand side evaluations   = 3
	stiffness matrix reformations = 1
	step from line search         = 1.000000
	convergence norms :     INITIAL         CURRENT         REQUIRED
	   residual            1.493432e-09    4.971524e-13    0.000000e+00 
	   energy              5.799445e-10    3.326305e-13    5.799445e-12 
	   displacement        6.852502e-10    1.018886e-11    5.547483e-16 
 3
 Nonlinear solution status: time= 1.875
	stiffness updates             = 2
	right hand side evaluations   = 4
	stiffness matrix reformations = 1
	step from line search         = 1.000000
	convergence norms :     INITIAL         CURRENT         REQUIRED
	   residual            1.493432e-09    2.536404e-15    0.000000e+00 
	   energy              5.799445e-10    3.604035e-15    5.799445e-12 
	   displacement        6.852502e-10    8.729825e-14    5.590751e-16 
 4
 Nonlinear solution status: time= 1.875
	stiffness updates             = 3
	right hand side evaluations   = 5
	stiffness matrix reformations = 1
	step from line search         = 1.000000
	convergence norms :     INITIAL         CURRENT         REQUIRED
	   residual            1.493432e-09    5.209144e-18    0.000000e+00 
	   energy              5.799445e-10    6.325325e-18    5.799445e-12 
	   displacement        6.852502e-10    3.716840e-16    5.593357e-16 

convergence summary
    number of iterations   : 4
    number of reformations : 1

------- converged at time : 1.875


AUTO STEPPER: increasing time step, dt = 0.01


===== beginning time step 136 : 1.885 =====


Reforming stiffness matrix: reformation #1

 1
 Nonlinear solution status: time= 1.885
	stiffness updates             = 0
	right hand side evaluations   = 2
	stiffness matrix reformations = 1
	step from line search         = 1.000000
	convergence norms :     INITIAL         CURRENT         REQUIRED
	   residual            5.859326e-10    2.439580e-11    0.000000e+00 
	   energy              8.215693e-10    9.368047e-11    8.215693e-12 
	   displacement        3.411010e-09    3.411010e-09    3.411010e-15 
 2
 Nonlinear solution status: time= 1.885
	stiffness updates             = 1
	right hand side evaluations   = 3
	stiffness matrix reformations = 1
	step from line search         = 1.000000
	convergence norms :     INITIAL         CURRENT         REQUIRED
	   residual            5.859326e-10    5.023775e-14    0.000000e+00 
	   energy              8.215693e-10    1.567989e-13    8.215693e-12 
	   displacement        3.411010e-09    5.136409e-11    2.663105e-15 
 3
 Nonlinear solution status: time= 1.885
	stiffness updates             = 2
	right hand side evaluations   = 4
	stiffness matrix reformations = 1
	step from line search         = 1.000000
	convergence norms :     INITIAL         CURRENT         REQUIRED
	   residual            5.859326e-10    4.271950e-16    0.000000e+00 
	   energy              8.215693e-10    1.869829e-15    8.215693e-12 
	   displacement        3.411010e-09    7.984950e-14    2.671806e-15 
 4
 Nonlinear solution status: time= 1.885
	stiffness updates             = 3
	right hand side evaluations   = 5
	stiffness matrix reformations = 1
	step from line search         = 1.000000
	convergence norms :     INITIAL         CURRENT         REQUIRED
	   residual            5.859326e-10    1.096577e-19    0.000000e+00 
	   energy              8.215693e-10    5.823132e-19    8.215693e-12 
	   displacement        3.411010e-09    5.966305e-16    2.671940e-15 

convergence summary
    number of iterations   : 4
    number of reformations : 1

------- converged at time : 1.885


AUTO STEPPER: increasing time step, dt = 0.01


===== beginning time step 137 : 1.895 =====


Reforming stiffness matrix: reformation #1

 1
 Nonlinear solution status: time= 1.895
	stiffness updates             = 0
	right hand side evaluations   = 2
	stiffness matrix reformations = 1
	step from line search         = 1.000000
	convergence norms :     INITIAL         CURRENT         REQUIRED
	   residual            6.888623e-10    2.891924e-11    0.000000e+00 
	   energy              9.676357e-10    1.106039e-10    9.676357e-12 
	   displacement        4.028160e-09    4.028160e-09    4.028160e-15 
 2
 Nonlinear solution status: time= 1.895
	stiffness updates             = 1
	right hand side evaluations   = 3
	stiffness matrix reformations = 1
	step from line search         = 1.000000
	convergence norms :     INITIAL         CURRENT         REQUIRED
	   residual            6.888623e-10    5.908656e-14    0.000000e+00 
	   energy              9.676357e-10    1.843801e-13    9.676357e-12 
	   displacement        4.028160e-09    6.083402e-11    3.143437e-15 
 3
 Nonlinear solution status: time= 1.895
	stiffness updates             = 2
	right hand side evaluations   = 4
	stiffness matrix reformations = 1
	step from line search         = 1.000000
	convergence norms :     INITIAL         CURRENT         REQUIRED
	   residual            6.888623e-10    5.008829e-16    0.000000e+00 
	   energy              9.676357e-10    2.191399e-15    9.676357e-12 
	   displacement        4.028160e-09    9.351058e-14    3.153670e-15 
 4
 Nonlinear solution status: time= 1.895
	stiffness updates             = 3
	right hand side evaluations   = 5
	stiffness matrix reformations = 1
	step from line search         = 1.000000
	convergence norms :     INITIAL         CURRENT         REQUIRED
	   residual            6.888623e-10    1.315826e-19    0.000000e+00 
	   energy              9.676357e-10    6.881177e-19    9.676357e-12 
	   displacement        4.028160e-09    6.982333e-16    3.153828e-15 

convergence summary
    number of iterations   : 4
    number of reformations : 1

------- converged at time : 1.895


AUTO STEPPER: increasing time step, dt = 0.01

MUST POINT CONTROLLER: adjusting time step. dt = 0.005


===== beginning time step 138 : 1.9 =====


Reforming stiffness matrix: reformation #1

 1
 Nonlinear solution status: time= 1.9
	stiffness updates             = 0
	right hand side evaluations   = 2
	stiffness matrix reformations = 1
	step from line search         = 1.000000
	convergence norms :     INITIAL         CURRENT         REQUIRED
	   residual            2.300683e-09    1.078906e-10    0.000000e+00 
	   energy              8.966441e-10    7.257533e-11    8.966441e-12 
	   displacement        1.066568e-09    1.066568e-09    1.066568e-15 
 2
 Nonlinear solution status: time= 1.9
	stiffness updates             = 1
	right hand side evaluations   = 3
	stiffness matrix reformations = 1
	step from line search         = 1.000000
	convergence norms :     INITIAL         CURRENT         REQUIRED
	   residual            2.300683e-09    7.692864e-13    0.000000e+00 
	   energy              8.966441e-10    5.140280e-13    8.966441e-12 
	   displacement        1.066568e-09    1.598503e-11    8.621672e-16 
 3
 Nonlinear solution status: time= 1.9
	stiffness updates             = 2
	right hand side evaluations   = 4
	stiffness matrix reformations = 1
	step from line search         = 1.000000
	convergence norms :     INITIAL         CURRENT         REQUIRED
	   residual            2.300683e-09    3.950231e-15    0.000000e+00 
	   energy              8.966441e-10    5.560247e-15    8.966441e-12 
	   displacement        1.066568e-09    1.337737e-13    8.688716e-16 
 4
 Nonlinear solution status: time= 1.9
	stiffness updates             = 3
	right hand side evaluations   = 5
	stiffness matrix reformations = 1
	step from line search         = 1.000000
	convergence norms :     INITIAL         CURRENT         REQUIRED
	   residual            2.300683e-09    8.450758e-18    0.000000e+00 
	   energy              8.966441e-10    9.862569e-18    8.966441e-12 
	   displacement        1.066568e-09    5.749785e-16    8.692738e-16 

convergence summary
    number of iterations   : 4
    number of reformations : 1

------- converged at time : 1.9


AUTO STEPPER: increasing time step, dt = 0.01


===== beginning time step 139 : 1.91 =====


Reforming stiffness matrix: reformation #1

 1
 Nonlinear solution status: time= 1.91
	stiffness updates             = 0
	right hand side evaluations   = 2
	stiffness matrix reformations = 1
	step from line search         = 1.000000
	convergence norms :     INITIAL         CURRENT         REQUIRED
	   residual            7.707837e-10    3.267987e-11    0.000000e+00 
	   energy              1.084883e-09    1.243821e-10    1.084883e-11 
	   displacement        4.532555e-09    4.532555e-09    4.532555e-15 
 2
 Nonlinear solution status: time= 1.91
	stiffness updates             = 1
	right hand side evaluations   = 3
	stiffness matrix reformations = 1
	step from line search         = 1.000000
	convergence norms :     INITIAL         CURRENT         REQUIRED
	   residual            7.707837e-10    6.606894e-14    0.000000e+00 
	   energy              1.084883e-09    2.062924e-13    1.084883e-11 
	   displacement        4.532555e-09    6.871086e-11    3.534806e-15 
 3
 Nonlinear solution status: time= 1.91
	stiffness updates             = 2
	right hand side evaluations   = 4
	stiffness matrix reformations = 1
	step from line search         = 1.000000
	convergence norms :     INITIAL         CURRENT         REQUIRED
	   residual            7.707837e-10    5.568450e-16    0.000000e+00 
	   energy              1.084883e-09    2.436750e-15    1.084883e-11 
	   displacement        4.532555e-09    1.038845e-13    3.546262e-15 
 4
 Nonlinear solution status: time= 1.91
	stiffness updates             = 3
	right hand side evaluations   = 5
	stiffness matrix reformations = 1
	step from line search         = 1.000000
	convergence norms :     INITIAL         CURRENT         REQUIRED
	   residual            7.707837e-10    1.522977e-19    0.000000e+00 
	   energy              1.084883e-09    7.775136e-19    1.084883e-11 
	   displacement        4.532555e-09    7.738911e-16    3.546439e-15 

convergence summary
    number of iterations   : 4
    number of reformations : 1

------- converged at time : 1.91


AUTO STEPPER: increasing time step, dt = 0.01


===== beginning time step 140 : 1.92 =====


Reforming stiffness matrix: reformation #1

 1
 Nonlinear solution status: time= 1.92
	stiffness updates             = 0
	right hand side evaluations   = 2
	stiffness matrix reformations = 1
	step from line search         = 1.000000
	convergence norms :     INITIAL         CURRENT         REQUIRED
	   residual            7.636450e-10    3.255577e-11    0.000000e+00 
	   energy              1.075947e-09    1.235835e-10    1.075947e-11 
	   displacement        4.505678e-09    4.505678e-09    4.505678e-15 
 2
 Nonlinear solution status: time= 1.92
	stiffness updates             = 1
	right hand side evaluations   = 3
	stiffness matrix reformations = 1
	step from line search         = 1.000000
	convergence norms :     INITIAL         CURRENT         REQUIRED
	   residual            7.636450e-10    6.540098e-14    0.000000e+00 
	   energy              1.075947e-09    2.044138e-13    1.075947e-11 
	   displacement        4.505678e-09    6.847222e-11    3.512385e-15 
 3
 Nonlinear solution status: time= 1.92
	stiffness updates             = 2
	right hand side evaluations   = 4
	stiffness matrix reformations = 1
	step from line search         = 1.000000
	convergence norms :     INITIAL         CURRENT         REQUIRED
	   residual            7.636450e-10    5.485681e-16    0.000000e+00 
	   energy              1.075947e-09    2.402560e-15    1.075947e-11 
	   displacement        4.505678e-09    1.023743e-13    3.523743e-15 
 4
 Nonlinear solution status: time= 1.92
	stiffness updates             = 3
	right hand side evaluations   = 5
	stiffness matrix reformations = 1
	step from line search         = 1.000000
	convergence norms :     INITIAL         CURRENT         REQUIRED
	   residual            7.636450e-10    1.540593e-19    0.000000e+00 
	   energy              1.075947e-09    7.752201e-19    1.075947e-11 
	   displacement        4.505678e-09    7.606341e-16    3.523918e-15 

convergence summary
    number of iterations   : 4
    number of reformations : 1

------- converged at time : 1.92


AUTO STEPPER: increasing time step, dt = 0.01

MUST POINT CONTROLLER: adjusting time step. dt = 0.005


===== beginning time step 141 : 1.925 =====


Reforming stiffness matrix: reformation #1

 1
 Nonlinear solution status: time= 1.925
	stiffness updates             = 0
	right hand side evaluations   = 2
	stiffness matrix reformations = 1
	step from line search         = 1.000000
	convergence norms :     INITIAL         CURRENT         REQUIRED
	   residual            2.275964e-09    1.083748e-10    0.000000e+00 
	   energy              8.888761e-10    7.242608e-11    8.888761e-12 
	   displacement        1.063817e-09    1.063817e-09    1.063817e-15 
 2
 Nonlinear solution status: time= 1.925
	stiffness updates             = 1
	right hand side evaluations   = 3
	stiffness matrix reformations = 1
	step from line search         = 1.000000
	convergence norms :     INITIAL         CURRENT         REQUIRED
	   residual            2.275964e-09    7.638783e-13    0.000000e+00 
	   energy              8.888761e-10    5.113500e-13    8.888761e-12 
	   displacement        1.063817e-09    1.607308e-11    8.586705e-16 
 3
 Nonlinear solution status: time= 1.925
	stiffness updates             = 2
	right hand side evaluations   = 4
	stiffness matrix reformations = 1
	step from line search         = 1.000000
	convergence norms :     INITIAL         CURRENT         REQUIRED
	   residual            2.275964e-09    3.882456e-15    0.000000e+00 
	   energy              8.888761e-10    5.481606e-15    8.888761e-12 
	   displacement        1.063817e-09    1.317086e-13    8.653569e-16 
 4
 Nonlinear solution status: time= 1.925
	stiffness updates             = 3
	right hand side evaluations   = 5
	stiffness matrix reformations = 1
	step from line search         = 1.000000
	convergence norms :     INITIAL         CURRENT         REQUIRED
	   residual            2.275964e-09    8.610375e-18    0.000000e+00 
	   energy              8.888761e-10    9.810284e-18    8.888761e-12 
	   displacement        1.063817e-09    5.657193e-16    8.657556e-16 

convergence summary
    number of iterations   : 4
    number of reformations : 1

------- converged at time : 1.925


AUTO STEPPER: increasing time step, dt = 0.01


===== beginning time step 142 : 1.935 =====


Reforming stiffness matrix: reformation #1

 1
 Nonlinear solution status: time= 1.935
	stiffness updates             = 0
	right hand side evaluations   = 2
	stiffness matrix reformations = 1
	step from line search         = 1.000000
	convergence norms :     INITIAL         CURRENT         REQUIRED
	   residual            6.995614e-10    3.003299e-11    0.000000e+00 
	   energy              9.869006e-10    1.136319e-10    9.869006e-12 
	   displacement        4.146104e-09    4.146104e-09    4.146104e-15 
 2
 Nonlinear solution status: time= 1.935
	stiffness updates             = 1
	right hand side evaluations   = 3
	stiffness matrix reformations = 1
	step from line search         = 1.000000
	convergence norms :     INITIAL         CURRENT         REQUIRED
	   residual            6.995614e-10    5.982462e-14    0.000000e+00 
	   energy              9.869006e-10    1.873353e-13    9.869006e-12 
	   displacement        4.146104e-09    6.322504e-11    3.230198e-15 
 3
 Nonlinear solution status: time= 1.935
	stiffness updates             = 2
	right hand side evaluations   = 4
	stiffness matrix reformations = 1
	step from line search         = 1.000000
	convergence norms :     INITIAL         CURRENT         REQUIRED
	   residual            6.995614e-10    4.979777e-16    0.000000e+00 
	   energy              9.869006e-10    2.184736e-15    9.869006e-12 
	   displacement        4.146104e-09    9.303086e-14    3.240617e-15 
 4
 Nonlinear solution status: time= 1.935
	stiffness updates             = 3
	right hand side evaluations   = 5
	stiffness matrix reformations = 1
	step from line search         = 1.000000
	convergence norms :     INITIAL         CURRENT         REQUIRED
	   residual            6.995614e-10    1.451519e-19    0.000000e+00 
	   energy              9.869006e-10    7.163098e-19    9.869006e-12 
	   displacement        4.146104e-09    6.880353e-16    3.240778e-15 

convergence summary
    number of iterations   : 4
    number of reformations : 1

------- converged at time : 1.935


AUTO STEPPER: increasing time step, dt = 0.01


===== beginning time step 143 : 1.945 =====


Reforming stiffness matrix: reformation #1

 1
 Nonlinear solution status: time= 1.945
	stiffness updates             = 0
	right hand side evaluations   = 2
	stiffness matrix reformations = 1
	step from line search         = 1.000000
	convergence norms :     INITIAL         CURRENT         REQUIRED
	   residual            6.242739e-10    2.690301e-11    0.000000e+00 
	   energy              8.812437e-10    1.016115e-10    8.812437e-12 
	   displacement        3.709481e-09    3.709481e-09    3.709481e-15 
 2
 Nonlinear solution status: time= 1.945
	stiffness updates             = 1
	right hand side evaluations   = 3
	stiffness matrix reformations = 1
	step from line search         = 1.000000
	convergence norms :     INITIAL         CURRENT         REQUIRED
	   residual            6.242739e-10    5.333263e-14    0.000000e+00 
	   energy              8.812437e-10    1.672613e-13    8.812437e-12 
	   displacement        3.709481e-09    5.669003e-11    2.888969e-15 
 3
 Nonlinear solution status: time= 1.945
	stiffness updates             = 2
	right hand side evaluations   = 4
	stiffness matrix reformations = 1
	step from line search         = 1.000000
	convergence norms :     INITIAL         CURRENT         REQUIRED
	   residual            6.242739e-10    4.414993e-16    0.000000e+00 
	   energy              8.812437e-10    1.940052e-15    8.812437e-12 
	   displacement        3.709481e-09    8.258215e-14    2.898277e-15 
 4
 Nonlinear solution status: time= 1.945
	stiffness updates             = 3
	right hand side evaluations   = 5
	stiffness matrix reformations = 1
	step from line search         = 1.000000
	convergence norms :     INITIAL         CURRENT         REQUIRED
	   residual            6.242739e-10    1.313157e-19    0.000000e+00 
	   energy              8.812437e-10    6.420101e-19    8.812437e-12 
	   displacement        3.709481e-09    6.085197e-16    2.898421e-15 

convergence summary
    number of iterations   : 4
    number of reformations : 1

------- converged at time : 1.945


AUTO STEPPER: increasing time step, dt = 0.01

MUST POINT CONTROLLER: adjusting time step. dt = 0.005


===== beginning time step 144 : 1.95 =====


Reforming stiffness matrix: reformation #1

 1
 Nonlinear solution status: time= 1.95
	stiffness updates             = 0
	right hand side evaluations   = 2
	stiffness matrix reformations = 1
	step from line search         = 1.000000
	convergence norms :     INITIAL         CURRENT         REQUIRED
	   residual            1.722292e-09    8.291968e-11    0.000000e+00 
	   energy              6.734518e-10    5.516569e-11    6.734518e-12 
	   displacement        8.102346e-10    8.102346e-10    8.102346e-16 
 2
 Nonlinear solution status: time= 1.95
	stiffness updates             = 1
	right hand side evaluations   = 3
	stiffness matrix reformations = 1
	step from line search         = 1.000000
	convergence norms :     INITIAL         CURRENT         REQUIRED
	   residual            1.722292e-09    5.805245e-13    0.000000e+00 
	   energy              6.734518e-10    3.898441e-13    6.734518e-12 
	   displacement        8.102346e-10    1.233979e-11    6.530716e-16 
 3
 Nonlinear solution status: time= 1.95
	stiffness updates             = 2
	right hand side evaluations   = 4
	stiffness matrix reformations = 1
	step from line search         = 1.000000
	convergence norms :     INITIAL         CURRENT         REQUIRED
	   residual            1.722292e-09    2.895227e-15    0.000000e+00 
	   energy              6.734518e-10    4.128765e-15    6.734518e-12 
	   displacement        8.102346e-10    9.937831e-14    6.581778e-16 
 4
 Nonlinear solution status: time= 1.95
	stiffness updates             = 3
	right hand side evaluations   = 5
	stiffness matrix reformations = 1
	step from line search         = 1.000000
	convergence norms :     INITIAL         CURRENT         REQUIRED
	   residual            1.722292e-09    6.601804e-18    0.000000e+00 
	   energy              6.734518e-10    7.434329e-18    6.734518e-12 
	   displacement        8.102346e-10    4.240772e-16    6.584806e-16 

convergence summary
    number of iterations   : 4
    number of reformations : 1

------- converged at time : 1.95


AUTO STEPPER: increasing time step, dt = 0.01


===== beginning time step 145 : 1.96 =====


Reforming stiffness matrix: reformation #1

 1
 Nonlinear solution status: time= 1.96
	stiffness updates             = 0
	right hand side evaluations   = 2
	stiffness matrix reformations = 1
	step from line search         = 1.000000
	convergence norms :     INITIAL         CURRENT         REQUIRED
	   residual            4.968819e-10    2.151932e-11    0.000000e+00 
	   energy              7.019485e-10    8.109439e-11    7.019485e-12 
	   displacement        2.962815e-09    2.962815e-09    2.962815e-15 
 2
 Nonlinear solution status: time= 1.96
	stiffness updates             = 1
	right hand side evaluations   = 3
	stiffness matrix reformations = 1
	step from line search         = 1.000000
	convergence norms :     INITIAL         CURRENT         REQUIRED
	   residual            4.968819e-10    4.238772e-14    0.000000e+00 
	   energy              7.019485e-10    1.332665e-13    7.019485e-12 
	   displacement        2.962815e-09    4.542029e-11    2.306252e-15 
 3
 Nonlinear solution status: time= 1.96
	stiffness updates             = 2
	right hand side evaluations   = 4
	stiffness matrix reformations = 1
	step from line search         = 1.000000
	convergence norms :     INITIAL         CURRENT         REQUIRED
	   residual            4.968819e-10    3.478504e-16    0.000000e+00 
	   energy              7.019485e-10    1.532861e-15    7.019485e-12 
	   displacement        2.962815e-09    6.522010e-14    2.313675e-15 
 4
 Nonlinear solution status: time= 1.96
	stiffness updates             = 3
	right hand side evaluations   = 5
	stiffness matrix reformations = 1
	step from line search         = 1.000000
	convergence norms :     INITIAL         CURRENT         REQUIRED
	   residual            4.968819e-10    1.062805e-19    0.000000e+00 
	   energy              7.019485e-10    5.135079e-19    7.019485e-12 
	   displacement        2.962815e-09    4.776625e-16    2.313789e-15 

convergence summary
    number of iterations   : 4
    number of reformations : 1

------- converged at time : 1.96


AUTO STEPPER: increasing time step, dt = 0.01


===== beginning time step 146 : 1.97 =====


Reforming stiffness matrix: reformation #1

 1
 Nonlinear solution status: time= 1.97
	stiffness updates             = 0
	right hand side evaluations   = 2
	stiffness matrix reformations = 1
	step from line search         = 1.000000
	convergence norms :     INITIAL         CURRENT         REQUIRED
	   residual            4.079758e-10    1.771418e-11    0.000000e+00 
	   energy              5.765426e-10    6.667809e-11    5.765426e-12 
	   displacement        2.437296e-09    2.437296e-09    2.437296e-15 
 2
 Nonlinear solution status: time= 1.97
	stiffness updates             = 1
	right hand side evaluations   = 3
	stiffness matrix reformations = 1
	step from line search         = 1.000000
	convergence norms :     INITIAL         CURRENT         REQUIRED
	   residual            4.079758e-10    3.477372e-14    0.000000e+00 
	   energy              5.765426e-10    1.095176e-13    5.765426e-12 
	   displacement        2.437296e-09    3.743442e-11    1.896590e-15 
 3
 Nonlinear solution status: time= 1.97
	stiffness updates             = 2
	right hand side evaluations   = 4
	stiffness matrix reformations = 1
	step from line search         = 1.000000
	convergence norms :     INITIAL         CURRENT         REQUIRED
	   residual            4.079758e-10    2.837001e-16    0.000000e+00 
	   energy              5.765426e-10    1.252870e-15    5.765426e-12 
	   displacement        2.437296e-09    5.329569e-14    1.902695e-15 
 4
 Nonlinear solution status: time= 1.97
	stiffness updates             = 3
	right hand side evaluations   = 5
	stiffness matrix reformations = 1
	step from line search         = 1.000000
	convergence norms :     INITIAL         CURRENT         REQUIRED
	   residual            4.079758e-10    8.779600e-20    0.000000e+00 
	   energy              5.765426e-10    4.223039e-19    5.765426e-12 
	   displacement        2.437296e-09    3.886433e-16    1.902789e-15 

convergence summary
    number of iterations   : 4
    number of reformations : 1

------- converged at time : 1.97


AUTO STEPPER: increasing time step, dt = 0.01

MUST POINT CONTROLLER: adjusting time step. dt = 0.005


===== beginning time step 147 : 1.975 =====


Reforming stiffness matrix: reformation #1

 1
 Nonlinear solution status: time= 1.975
	stiffness updates             = 0
	right hand side evaluations   = 2
	stiffness matrix reformations = 1
	step from line search         = 1.000000
	convergence norms :     INITIAL         CURRENT         REQUIRED
	   residual            1.052789e-09    5.109124e-11    0.000000e+00 
	   energy              4.119092e-10    3.388636e-11    4.119092e-12 
	   displacement        4.977336e-10    4.977336e-10    4.977336e-16 
 2
 Nonlinear solution status: time= 1.975
	stiffness updates             = 1
	right hand side evaluations   = 3
	stiffness matrix reformations = 1
	step from line search         = 1.000000
	convergence norms :     INITIAL         CURRENT         REQUIRED
	   residual            1.052789e-09    3.566967e-13    0.000000e+00 
	   energy              4.119092e-10    2.405078e-13    4.119092e-12 
	   displacement        4.977336e-10    7.641405e-12    4.006565e-16 
 3
 Nonlinear solution status: time= 1.975
	stiffness updates             = 2
	right hand side evaluations   = 4
	stiffness matrix reformations = 1
	step from line search         = 1.000000
	convergence norms :     INITIAL         CURRENT         REQUIRED
	   residual            1.052789e-09    1.736769e-15    0.000000e+00 
	   energy              4.119092e-10    2.513385e-15    4.119092e-12 
	   displacement        4.977336e-10    6.073241e-14    4.038097e-16 
 4
 Nonlinear solution status: time= 1.975
	stiffness updates             = 3
	right hand side evaluations   = 5
	stiffness matrix reformations = 1
	step from line search         = 1.000000
	convergence norms :     INITIAL         CURRENT         REQUIRED
	   residual            1.052789e-09    4.032720e-18    0.000000e+00 
	   energy              4.119092e-10    4.537213e-18    4.119092e-12 
	   displacement        4.977336e-10    2.563917e-16    4.039957e-16 

convergence summary
    number of iterations   : 4
    number of reformations : 1

------- converged at time : 1.975


AUTO STEPPER: increasing time step, dt = 0.01


===== beginning time step 148 : 1.985 =====


Reforming stiffness matrix: reformation #1

 1
 Nonlinear solution status: time= 1.985
	stiffness updates             = 0
	right hand side evaluations   = 2
	stiffness matrix reformations = 1
	step from line search         = 1.000000
	convergence norms :     INITIAL         CURRENT         REQUIRED
	   residual            2.864687e-10    1.247839e-11    0.000000e+00 
	   energy              4.049783e-10    4.690205e-11    4.049783e-12 
	   displacement        1.715632e-09    1.715632e-09    1.715632e-15 
 2
 Nonlinear solution status: time= 1.985
	stiffness updates             = 1
	right hand side evaluations   = 3
	stiffness matrix reformations = 1
	step from line search         = 1.000000
	convergence norms :     INITIAL         CURRENT         REQUIRED
	   residual            2.864687e-10    2.438926e-14    0.000000e+00 
	   energy              4.049783e-10    7.701614e-14    4.049783e-12 
	   displacement        1.715632e-09    2.642007e-11    1.334436e-15 
 3
 Nonlinear solution status: time= 1.985
	stiffness updates             = 2
	right hand side evaluations   = 4
	stiffness matrix reformations = 1
	step from line search         = 1.000000
	convergence norms :     INITIAL         CURRENT         REQUIRED
	   residual            2.864687e-10    1.971853e-16    0.000000e+00 
	   energy              4.049783e-10    8.739113e-16    4.049783e-12 
	   displacement        1.715632e-09    3.716671e-14    1.338733e-15 
 4
 Nonlinear solution status: time= 1.985
	stiffness updates             = 3
	right hand side evaluations   = 5
	stiffness matrix reformations = 1
	step from line search         = 1.000000
	convergence norms :     INITIAL         CURRENT         REQUIRED
	   residual            2.864687e-10    6.196843e-20    0.000000e+00 
	   energy              4.049783e-10    2.967906e-19    4.049783e-12 
	   displacement        1.715632e-09    2.691724e-16    1.338799e-15 

convergence summary
    number of iterations   : 4
    number of reformations : 1

------- converged at time : 1.985


AUTO STEPPER: increasing time step, dt = 0.01


===== beginning time step 149 : 1.995 =====


Reforming stiffness matrix: reformation #1

 1
 Nonlinear solution status: time= 1.995
	stiffness updates             = 0
	right hand side evaluations   = 2
	stiffness matrix reformations = 1
	step from line search         = 1.000000
	convergence norms :     INITIAL         CURRENT         REQUIRED
	   residual            2.164709e-10    9.442135e-12    0.000000e+00 
	   energy              3.060507e-10    3.546843e-11    3.060507e-12 
	   displacement        1.297919e-09    1.297919e-09    1.297919e-15 
 2
 Nonlinear solution status: time= 1.995
	stiffness updates             = 1
	right hand side evaluations   = 3
	stiffness matrix reformations = 1
	step from line search         = 1.000000
	convergence norms :     INITIAL         CURRENT         REQUIRED
	   residual            2.164709e-10    1.841914e-14    0.000000e+00 
	   energy              3.060507e-10    5.825870e-14    3.060507e-12 
	   displacement        1.297919e-09    2.001594e-11    1.009296e-15 
 3
 Nonlinear solution status: time= 1.995
	stiffness updates             = 2
	right hand side evaluations   = 4
	stiffness matrix reformations = 1
	step from line search         = 1.000000
	convergence norms :     INITIAL         CURRENT         REQUIRED
	   residual            2.164709e-10    1.481002e-16    0.000000e+00 
	   energy              3.060507e-10    6.579172e-16    3.060507e-12 
	   displacement        1.297919e-09    2.797873e-14    1.012548e-15 
 4
 Nonlinear solution status: time= 1.995
	stiffness updates             = 3
	right hand side evaluations   = 5
	stiffness matrix reformations = 1
	step from line search         = 1.000000
	convergence norms :     INITIAL         CURRENT         REQUIRED
	   residual            2.164709e-10    4.683729e-20    0.000000e+00 
	   energy              3.060507e-10    2.241298e-19    3.060507e-12 
	   displacement        1.297919e-09    2.017541e-16    1.012598e-15 

convergence summary
    number of iterations   : 4
    number of reformations : 1

------- converged at time : 1.995


AUTO STEPPER: increasing time step, dt = 0.01

MUST POINT CONTROLLER: adjusting time step. dt = 0.005


===== beginning time step 150 : 2 =====


Reforming stiffness matrix: reformation #1

 1
 Nonlinear solution status: time= 2
	stiffness updates             = 0
	right hand side evaluations   = 2
	stiffness matrix reformations = 1
	step from line search         = 1.000000
	convergence norms :     INITIAL         CURRENT         REQUIRED
	   residual            5.196424e-10    2.534127e-11    0.000000e+00 
	   energy              2.033404e-10    1.677960e-11    2.033404e-12 
	   displacement        2.464981e-10    2.464981e-10    2.464981e-16 
 2
 Nonlinear solution status: time= 2
	stiffness updates             = 1
	right hand side evaluations   = 3
	stiffness matrix reformations = 1
	step from line search         = 1.000000
	convergence norms :     INITIAL         CURRENT         REQUIRED
	   residual            5.196424e-10    1.770277e-13    0.000000e+00 
	   energy              2.033404e-10    1.198828e-13    2.033404e-12 
	   displacement        2.464981e-10    3.812107e-12    1.981972e-16 
 3
 Nonlinear solution status: time= 2
	stiffness updates             = 2
	right hand side evaluations   = 4
	stiffness matrix reformations = 1
	step from line search         = 1.000000
	convergence norms :     INITIAL         CURRENT         REQUIRED
	   residual            5.196424e-10    8.405316e-16    0.000000e+00 
	   energy              2.033404e-10    1.237047e-15    2.033404e-12 
	   displacement        2.464981e-10    3.004463e-14    1.997696e-16 
 4
 Nonlinear solution status: time= 2
	stiffness updates             = 3
	right hand side evaluations   = 5
	stiffness matrix reformations = 1
	step from line search         = 1.000000
	convergence norms :     INITIAL         CURRENT         REQUIRED
	   residual            5.196424e-10    1.969021e-18    0.000000e+00 
	   energy              2.033404e-10    2.231888e-18    2.033404e-12 
	   displacement        2.464981e-10    1.252208e-16    1.998618e-16 

convergence summary
    number of iterations   : 4
    number of reformations : 1

------- converged at time : 2


AUTO STEPPER: increasing time step, dt = 0.01


===== beginning time step 151 : 2.01 =====


Reforming stiffness matrix: reformation #1

 1
 Nonlinear solution status: time= 2.01
	stiffness updates             = 0
	right hand side evaluations   = 2
	stiffness matrix reformations = 1
	step from line search         = 1.000000
	convergence norms :     INITIAL         CURRENT         REQUIRED
	   residual            1.321678e-10    5.771870e-12    0.000000e+00 
	   energy              1.868594e-10    2.167006e-11    1.868594e-12 
	   displacement        7.934304e-10    7.934304e-10    7.934304e-16 
 2
 Nonlinear solution status: time= 2.01
	stiffness updates             = 1
	right hand side evaluations   = 3
	stiffness matrix reformations = 1
	step from line search         = 1.000000
	convergence norms :     INITIAL         CURRENT         REQUIRED
	   residual            1.321678e-10    1.123797e-14    0.000000e+00 
	   energy              1.868594e-10    3.562689e-14    1.868594e-12 
	   displacement        7.934304e-10    1.225737e-11    6.168131e-16 
 3
 Nonlinear solution status: time= 2.01
	stiffness updates             = 2
	right hand side evaluations   = 4
	stiffness matrix reformations = 1
	step from line search         = 1.000000
	convergence norms :     INITIAL         CURRENT         REQUIRED
	   residual            1.321678e-10    8.964646e-17    0.000000e+00 
	   energy              1.868594e-10    3.996671e-16    1.868594e-12 
	   displacement        7.934304e-10    1.699633e-14    6.188036e-16 
 4
 Nonlinear solution status: time= 2.01
	stiffness updates             = 3
	right hand side evaluations   = 5
	stiffness matrix reformations = 1
	step from line search         = 1.000000
	convergence norms :     INITIAL         CURRENT         REQUIRED
	   residual            1.321678e-10    2.851697e-20    0.000000e+00 
	   energy              1.868594e-10    1.366240e-19    1.868594e-12 
	   displacement        7.934304e-10    1.217850e-16    6.188341e-16 

convergence summary
    number of iterations   : 4
    number of reformations : 1

------- converged at time : 2.01


AUTO STEPPER: increasing time step, dt = 0.01


===== beginning time step 152 : 2.02 =====


Reforming stiffness matrix: reformation #1

 1
 Nonlinear solution status: time= 2.02
	stiffness updates             = 0
	right hand side evaluations   = 2
	stiffness matrix reformations = 1
	step from line search         = 1.000000
	convergence norms :     INITIAL         CURRENT         REQUIRED
	   residual            8.997597e-11    3.928598e-12    0.000000e+00 
	   energy              1.271883e-10    1.475128e-11    1.271883e-12 
	   displacement        5.402545e-10    5.402545e-10    5.402545e-16 
 2
 Nonlinear solution status: time= 2.02
	stiffness updates             = 1
	right hand side evaluations   = 3
	stiffness matrix reformations = 1
	step from line search         = 1.000000
	convergence norms :     INITIAL         CURRENT         REQUIRED
	   residual            8.997597e-11    7.648565e-15    0.000000e+00 
	   energy              1.271883e-10    2.427581e-14    1.271883e-12 
	   displacement        5.402545e-10    8.351301e-12    4.199511e-16 
 3
 Nonlinear solution status: time= 2.02
	stiffness updates             = 2
	right hand side evaluations   = 4
	stiffness matrix reformations = 1
	step from line search         = 1.000000
	convergence norms :     INITIAL         CURRENT         REQUIRED
	   residual            8.997597e-11    6.077189e-17    0.000000e+00 
	   energy              1.271883e-10    2.714623e-16    1.271883e-12 
	   displacement        5.402545e-10    1.154525e-14    4.213080e-16 
 4
 Nonlinear solution status: time= 2.02
	stiffness updates             = 3
	right hand side evaluations   = 5
	stiffness matrix reformations = 1
	step from line search         = 1.000000
	convergence norms :     INITIAL         CURRENT         REQUIRED
	   residual            8.997597e-11    1.935310e-20    0.000000e+00 
	   energy              1.271883e-10    9.288708e-20    1.271883e-12 
	   displacement        5.402545e-10    8.245014e-17    4.213288e-16 

convergence summary
    number of iterations   : 4
    number of reformations : 1

------- converged at time : 2.02


AUTO STEPPER: increasing time step, dt = 0.01

MUST POINT CONTROLLER: adjusting time step. dt = 0.005


===== beginning time step 153 : 2.025 =====


Reforming stiffness matrix: reformation #1

 1
 Nonlinear solution status: time= 2.025
	stiffness updates             = 0
	right hand side evaluations   = 2
	stiffness matrix reformations = 1
	step from line search         = 1.000000
	convergence norms :     INITIAL         CURRENT         REQUIRED
	   residual            1.954520e-10    9.537726e-12    0.000000e+00 
	   energy              7.645669e-11    6.316599e-12    7.645669e-13 
	   displacement        9.282094e-11    9.282094e-11    9.282094e-17 
 2
 Nonlinear solution status: time= 2.025
	stiffness updates             = 1
	right hand side evaluations   = 3
	stiffness matrix reformations = 1
	step from line search         = 1.000000
	convergence norms :     INITIAL         CURRENT         REQUIRED
	   residual            1.954520e-10    6.688302e-14    0.000000e+00 
	   energy              7.645669e-11    4.546337e-14    7.645669e-13 
	   displacement        9.282094e-11    1.442635e-12    7.458086e-17 
 3
 Nonlinear solution status: time= 2.025
	stiffness updates             = 2
	right hand side evaluations   = 4
	stiffness matrix reformations = 1
	step from line search         = 1.000000
	convergence norms :     INITIAL         CURRENT         REQUIRED
	   residual            1.954520e-10    3.108147e-16    0.000000e+00 
	   energy              7.645669e-11    4.646400e-16    7.645669e-13 
	   displacement        9.282094e-11    1.134501e-14    7.517710e-17 
 4
 Nonlinear solution status: time= 2.025
	stiffness updates             = 3
	right hand side evaluations   = 5
	stiffness matrix reformations = 1
	step from line search         = 1.000000
	convergence norms :     INITIAL         CURRENT         REQUIRED
	   residual            1.954520e-10    7.275244e-19    0.000000e+00 
	   energy              7.645669e-11    8.360740e-19    7.645669e-13 
	   displacement        9.282094e-11    4.671478e-17    7.521189e-17 

convergence summary
    number of iterations   : 4
    number of reformations : 1

------- converged at time : 2.025


AUTO STEPPER: increasing time step, dt = 0.01


===== beginning time step 154 : 2.035 =====


Reforming stiffness matrix: reformation #1

 1
 Nonlinear solution status: time= 2.035
	stiffness updates             = 0
	right hand side evaluations   = 2
	stiffness matrix reformations = 1
	step from line search         = 1.000000
	convergence norms :     INITIAL         CURRENT         REQUIRED
	   residual            4.492645e-11    1.958149e-12    0.000000e+00 
	   energy              6.347687e-11    7.358744e-12    6.347687e-13 
	   displacement        2.696033e-10    2.696033e-10    2.696033e-16 
 2
 Nonlinear solution status: time= 2.035
	stiffness updates             = 1
	right hand side evaluations   = 3
	stiffness matrix reformations = 1
	step from line search         = 1.000000
	convergence norms :     INITIAL         CURRENT         REQUIRED
	   residual            4.492645e-11    3.818269e-15    0.000000e+00 
	   energy              6.347687e-11    1.213429e-14    6.347687e-13 
	   displacement        2.696033e-10    4.167985e-12    2.095639e-16 
 3
 Nonlinear solution status: time= 2.035
	stiffness updates             = 2
	right hand side evaluations   = 4
	stiffness matrix reformations = 1
	step from line search         = 1.000000
	convergence norms :     INITIAL         CURRENT         REQUIRED
	   residual            4.492645e-11    3.019846e-17    0.000000e+00 
	   energy              6.347687e-11    1.352193e-16    6.347687e-13 
	   displacement        2.696033e-10    5.752413e-15    2.102426e-16 
 4
 Nonlinear solution status: time= 2.035
	stiffness updates             = 3
	right hand side evaluations   = 5
	stiffness matrix reformations = 1
	step from line search         = 1.000000
	convergence norms :     INITIAL         CURRENT         REQUIRED
	   residual            4.492645e-11    9.622927e-21    0.000000e+00 
	   energy              6.347687e-11    4.633043e-20    6.347687e-13 
	   displacement        2.696033e-10    4.091468e-17    2.102530e-16 

convergence summary
    number of iterations   : 4
    number of reformations : 1

------- converged at time : 2.035


AUTO STEPPER: increasing time step, dt = 0.01


===== beginning time step 155 : 2.045 =====


Reforming stiffness matrix: reformation #1

 1
 Nonlinear solution status: time= 2.045
	stiffness updates             = 0
	right hand side evaluations   = 2
	stiffness matrix reformations = 1
	step from line search         = 1.000000
	convergence norms :     INITIAL         CURRENT         REQUIRED
	   residual            2.565510e-11    1.115133e-12    0.000000e+00 
	   energy              3.622834e-11    4.196056e-12    3.622834e-13 
	   displacement        1.537491e-10    1.537491e-10    1.537491e-16 
 2
 Nonlinear solution status: time= 2.045
	stiffness updates             = 1
	right hand side evaluations   = 3
	stiffness matrix reformations = 1
	step from line search         = 1.000000
	convergence norms :     INITIAL         CURRENT         REQUIRED
	   residual            2.565510e-11    2.180615e-15    0.000000e+00 
	   energy              3.622834e-11    6.930957e-15    3.622834e-13 
	   displacement        1.537491e-10    2.374795e-12    1.195268e-16 
 3
 Nonlinear solution status: time= 2.045
	stiffness updates             = 2
	right hand side evaluations   = 4
	stiffness matrix reformations = 1
	step from line search         = 1.000000
	convergence norms :     INITIAL         CURRENT         REQUIRED
	   residual            2.565510e-11    1.723239e-17    0.000000e+00 
	   energy              3.622834e-11    7.720798e-17    3.622834e-13 
	   displacement        1.537491e-10    3.285511e-15    1.199146e-16 
 4
 Nonlinear solution status: time= 2.045
	stiffness updates             = 3
	right hand side evaluations   = 5
	stiffness matrix reformations = 1
	step from line search         = 1.000000
	convergence norms :     INITIAL         CURRENT         REQUIRED
	   residual            2.565510e-11    5.498863e-21    0.000000e+00 
	   energy              3.622834e-11    2.647123e-20    3.622834e-13 
	   displacement        1.537491e-10    2.334393e-17    1.199205e-16 

convergence summary
    number of iterations   : 4
    number of reformations : 1

------- converged at time : 2.045


AUTO STEPPER: increasing time step, dt = 0.01

MUST POINT CONTROLLER: adjusting time step. dt = 0.005


===== beginning time step 156 : 2.05 =====


Reforming stiffness matrix: reformation #1

 1
 Nonlinear solution status: time= 2.05
	stiffness updates             = 0
	right hand side evaluations   = 2
	stiffness matrix reformations = 1
	step from line search         = 1.000000
	convergence norms :     INITIAL         CURRENT         REQUIRED
	   residual            4.589228e-11    2.224356e-12    0.000000e+00 
	   energy              1.793313e-11    1.478215e-12    1.793313e-13 
	   displacement        2.173807e-11    2.173807e-11    2.173807e-17 
 2
 Nonlinear solution status: time= 2.05
	stiffness updates             = 1
	right hand side evaluations   = 3
	stiffness matrix reformations = 1
	step from line search         = 1.000000
	convergence norms :     INITIAL         CURRENT         REQUIRED
	   residual            4.589228e-11    1.572683e-14    0.000000e+00 
	   energy              1.793313e-11    1.071314e-14    1.793313e-13 
	   displacement        2.173807e-11    3.377944e-13    1.746945e-17 
 3
 Nonlinear solution status: time= 2.05
	stiffness updates             = 2
	right hand side evaluations   = 4
	stiffness matrix reformations = 1
	step from line search         = 1.000000
	convergence norms :     INITIAL         CURRENT         REQUIRED
	   residual            4.589228e-11    7.223721e-17    0.000000e+00 
	   energy              1.793313e-11    1.091158e-16    1.793313e-13 
	   displacement        2.173807e-11    2.676706e-15    1.760983e-17 
 4
 Nonlinear solution status: time= 2.05
	stiffness updates             = 3
	right hand side evaluations   = 5
	stiffness matrix reformations = 1
	step from line search         = 1.000000
	convergence norms :     INITIAL         CURRENT         REQUIRED
	   residual            4.589228e-11    1.668047e-19    0.000000e+00 
	   energy              1.793313e-11    1.955125e-19    1.793313e-13 
	   displacement        2.173807e-11    1.092980e-17    1.761801e-17 

convergence summary
    number of iterations   : 4
    number of reformations : 1

------- converged at time : 2.05


AUTO STEPPER: increasing time step, dt = 0.01


===== beginning time step 157 : 2.06 =====


Reforming stiffness matrix: reformation #1

 1
 Nonlinear solution status: time= 2.06
	stiffness updates             = 0
	right hand side evaluations   = 2
	stiffness matrix reformations = 1
	step from line search         = 1.000000
	convergence norms :     INITIAL         CURRENT         REQUIRED
	   residual            8.397183e-12    3.617198e-13    0.000000e+00 
	   energy              1.183733e-11    1.366536e-12    1.183733e-13 
	   displacement        5.007428e-11    5.007428e-11    5.007428e-17 
 2
 Nonlinear solution status: time= 2.06
	stiffness updates             = 1
	right hand side evaluations   = 3
	stiffness matrix reformations = 1
	step from line search         = 1.000000
	convergence norms :     INITIAL         CURRENT         REQUIRED
	   residual            8.397183e-12    7.135719e-16    0.000000e+00 
	   energy              1.183733e-11    2.265006e-15    1.183733e-13 
	   displacement        5.007428e-11    7.701726e-13    3.895436e-17 
 3
 Nonlinear solution status: time= 2.06
	stiffness updates             = 2
	right hand side evaluations   = 4
	stiffness matrix reformations = 1
	step from line search         = 1.000000
	convergence norms :     INITIAL         CURRENT         REQUIRED
	   residual            8.397183e-12    5.658067e-18    0.000000e+00 
	   energy              1.183733e-11    2.531521e-17    1.183733e-13 
	   displacement        5.007428e-11    1.078144e-15    3.908113e-17 
 4
 Nonlinear solution status: time= 2.06
	stiffness updates             = 3
	right hand side evaluations   = 5
	stiffness matrix reformations = 1
	step from line search         = 1.000000
	convergence norms :     INITIAL         CURRENT         REQUIRED
	   residual            8.397183e-12    1.831258e-21    0.000000e+00 
	   energy              1.183733e-11    8.730995e-21    1.183733e-13 
	   displacement        5.007428e-11    7.675549e-18    3.908306e-17 

convergence summary
    number of iterations   : 4
    number of reformations : 1

------- converged at time : 2.06


AUTO STEPPER: increasing time step, dt = 0.01


===== beginning time step 158 : 2.07 =====


Reforming stiffness matrix: reformation #1

 1
 Nonlinear solution status: time= 2.07
	stiffness updates             = 0
	right hand side evaluations   = 2
	stiffness matrix reformations = 1
	step from line search         = 1.000000
	convergence norms :     INITIAL         CURRENT         REQUIRED
	   residual            2.897448e-12    1.229319e-13    0.000000e+00 
	   energy              4.072014e-12    4.673527e-13    4.072014e-14 
	   displacement        1.712202e-11    1.712202e-11    1.712202e-17 
 2
 Nonlinear solution status: time= 2.07
	stiffness updates             = 1
	right hand side evaluations   = 3
	stiffness matrix reformations = 1
	step from line search         = 1.000000
	convergence norms :     INITIAL         CURRENT         REQUIRED
	   residual            2.897448e-12    2.455946e-16    0.000000e+00 
	   energy              4.072014e-12    7.764523e-16    4.072014e-14 
	   displacement        1.712202e-11    2.610500e-13    1.333771e-17 
 3
 Nonlinear solution status: time= 2.07
	stiffness updates             = 2
	right hand side evaluations   = 4
	stiffness matrix reformations = 1
	step from line search         = 1.000000
	convergence norms :     INITIAL         CURRENT         REQUIRED
	   residual            2.897448e-12    1.971333e-18    0.000000e+00 
	   energy              4.072014e-12    8.763225e-18    4.072014e-14 
	   displacement        1.712202e-11    3.736119e-16    1.338117e-17 
 4
 Nonlinear solution status: time= 2.07
	stiffness updates             = 3
	right hand side evaluations   = 5
	stiffness matrix reformations = 1
	step from line search         = 1.000000
	convergence norms :     INITIAL         CURRENT         REQUIRED
	   residual            2.897448e-12    6.702744e-22    0.000000e+00 
	   energy              4.072014e-12    3.075699e-21    4.072014e-14 
	   displacement        1.712202e-11    2.684652e-18    1.338183e-17 

convergence summary
    number of iterations   : 4
    number of reformations : 1

------- converged at time : 2.07


AUTO STEPPER: increasing time step, dt = 0.01

MUST POINT CONTROLLER: adjusting time step. dt = 0.005


===== beginning time step 159 : 2.075 =====


Reforming stiffness matrix: reformation #1

 1
 Nonlinear solution status: time= 2.075
	stiffness updates             = 0
	right hand side evaluations   = 2
	stiffness matrix reformations = 1
	step from line search         = 1.000000
	convergence norms :     INITIAL         CURRENT         REQUIRED
	   residual            2.300410e-12    1.053987e-13    0.000000e+00 
	   energy              8.934587e-13    7.182166e-14    8.934587e-15 
	   displacement        1.061310e-12    1.061310e-12    1.061310e-18 
 2
 Nonlinear solution status: time= 2.075
	stiffness updates             = 1
	right hand side evaluations   = 3
	stiffness matrix reformations = 1
	step from line search         = 1.000000
	convergence norms :     INITIAL         CURRENT         REQUIRED
	   residual            2.300410e-12    7.588290e-16    0.000000e+00 
	   energy              8.934587e-13    5.131409e-16    8.934587e-15 
	   displacement        1.061310e-12    1.577844e-14    8.586372e-19 
 3
 Nonlinear solution status: time= 2.075
	stiffness updates             = 2
	right hand side evaluations   = 4
	stiffness matrix reformations = 1
	step from line search         = 1.000000
	convergence norms :     INITIAL         CURRENT         REQUIRED
	   residual            2.300410e-12    3.782334e-18    0.000000e+00 
	   energy              8.934587e-13    5.460621e-18    8.934587e-15 
	   displacement        1.061310e-12    1.326768e-16    8.653436e-19 
 4
 Nonlinear solution status: time= 2.075
	stiffness updates             = 3
	right hand side evaluations   = 5
	stiffness matrix reformations = 1
	step from line search         = 1.000000
	convergence norms :     INITIAL         CURRENT         REQUIRED
	   residual            2.300410e-12    8.222140e-21    0.000000e+00 
	   energy              8.934587e-13    9.763215e-21    8.934587e-15 
	   displacement        1.061310e-12    5.641455e-19    8.657430e-19 

convergence summary
    number of iterations   : 4
    number of reformations : 1

------- converged at time : 2.075


AUTO STEPPER: increasing time step, dt = 0.01


===== beginning time step 160 : 2.085 =====


Reforming stiffness matrix: reformation #1

 1
 Nonlinear solution status: time= 2.085
	stiffness updates             = 0
	right hand side evaluations   = 2
	stiffness matrix reformations = 1
	step from line search         = 1.000000
	convergence norms :     INITIAL         CURRENT         REQUIRED
	   residual            1.191096e-13    3.976081e-15    0.000000e+00 
	   energy              1.566107e-13    1.626965e-14    1.566107e-15 
	   displacement        5.942218e-13    5.942218e-13    5.942218e-19 
 2
 Nonlinear solution status: time= 2.085
	stiffness updates             = 1
	right hand side evaluations   = 3
	stiffness matrix reformations = 1
	step from line search         = 1.000000
	convergence norms :     INITIAL         CURRENT         REQUIRED
	   residual            1.191096e-13    6.656444e-18    0.000000e+00 
	   energy              1.566107e-13    2.014990e-17    1.566107e-15 
	   displacement        5.942218e-13    7.171876e-15    4.766827e-19 
 3
 Nonlinear solution status: time= 2.085
	stiffness updates             = 2
	right hand side evaluations   = 4
	stiffness matrix reformations = 1
	step from line search         = 1.000000
	convergence norms :     INITIAL         CURRENT         REQUIRED
	   residual            1.191096e-13    6.568180e-20    0.000000e+00 
	   energy              1.566107e-13    2.541513e-19    1.566107e-15 
	   displacement        5.942218e-13    1.070464e-17    4.778446e-19 
 4
 Nonlinear solution status: time= 2.085
	stiffness updates             = 3
	right hand side evaluations   = 5
	stiffness matrix reformations = 1
	step from line search         = 1.000000
	convergence norms :     INITIAL         CURRENT         REQUIRED
	   residual            1.191096e-13    5.392701e-23    0.000000e+00 
	   energy              1.566107e-13    9.261261e-23    1.566107e-15 
	   displacement        5.942218e-13    9.147069e-20    4.778579e-19 

convergence summary
    number of iterations   : 4
    number of reformations : 1

------- converged at time : 2.085


AUTO STEPPER: increasing time step, dt = 0.01


===== beginning time step 161 : 2.095 =====


Reforming stiffness matrix: reformation #1

 1
 Nonlinear solution status: time= 2.095
	stiffness updates             = 0
	right hand side evaluations   = 2
	stiffness matrix reformations = 1
	step from line search         = 1.000000
	convergence norms :     INITIAL         CURRENT         REQUIRED
	   residual            5.041936e-13    2.192107e-14    0.000000e+00 
	   energy              7.055222e-13    8.160234e-14    7.055222e-15 
	   displacement        2.990640e-12    2.990640e-12    2.990640e-18 
 2
 Nonlinear solution status: time= 2.095
	stiffness updates             = 1
	right hand side evaluations   = 3
	stiffness matrix reformations = 1
	step from line search         = 1.000000
	convergence norms :     INITIAL         CURRENT         REQUIRED
	   residual            5.041936e-13    4.055581e-17    0.000000e+00 
	   energy              7.055222e-13    1.287575e-16    7.055222e-15 
	   displacement        2.990640e-12    4.551105e-14    2.329273e-18 
 3
 Nonlinear solution status: time= 2.095
	stiffness updates             = 2
	right hand side evaluations   = 4
	stiffness matrix reformations = 1
	step from line search         = 1.000000
	convergence norms :     INITIAL         CURRENT         REQUIRED
	   residual            5.041936e-13    3.381982e-19    0.000000e+00 
	   energy              7.055222e-13    1.463682e-18    7.055222e-15 
	   displacement        2.990640e-12    6.208296e-17    2.336470e-18 
 4
 Nonlinear solution status: time= 2.095
	stiffness updates             = 3
	right hand side evaluations   = 5
	stiffness matrix reformations = 1
	step from line search         = 1.000000
	convergence norms :     INITIAL         CURRENT         REQUIRED
	   residual            5.041936e-13    1.747342e-22    0.000000e+00 
	   energy              7.055222e-13    5.913591e-22    7.055222e-15 
	   displacement        2.990640e-12    4.651150e-19    2.336582e-18 

convergence summary
    number of iterations   : 4
    number of reformations : 1

------- converged at time : 2.095


AUTO STEPPER: increasing time step, dt = 0.01

MUST POINT CONTROLLER: adjusting time step. dt = 0.005


===== beginning time step 162 : 2.1 =====


Reforming stiffness matrix: reformation #1

 1
 Nonlinear solution status: time= 2.1
	stiffness updates             = 0
	right hand side evaluations   = 2
	stiffness matrix reformations = 1
	step from line search         = 1.000000
	convergence norms :     INITIAL         CURRENT         REQUIRED
	   residual            4.572978e-12    2.257745e-13    0.000000e+00 
	   energy              1.790095e-12    1.485300e-13    1.790095e-14 
	   displacement        2.181243e-12    2.181243e-12    2.181243e-18 
 2
 Nonlinear solution status: time= 2.1
	stiffness updates             = 1
	right hand side evaluations   = 3
	stiffness matrix reformations = 1
	step from line search         = 1.000000
	convergence norms :     INITIAL         CURRENT         REQUIRED
	   residual            4.572978e-12    1.540376e-15    0.000000e+00 
	   energy              1.790095e-12    1.044889e-15    1.790095e-14 
	   displacement        2.181243e-12    3.374737e-14    1.752710e-18 
 3
 Nonlinear solution status: time= 2.1
	stiffness updates             = 2
	right hand side evaluations   = 4
	stiffness matrix reformations = 1
	step from line search         = 1.000000
	convergence norms :     INITIAL         CURRENT         REQUIRED
	   residual            4.572978e-12    7.428154e-18    0.000000e+00 
	   energy              1.790095e-12    1.078034e-17    1.790095e-14 
	   displacement        2.181243e-12    2.596067e-16    1.766466e-18 
 4
 Nonlinear solution status: time= 2.1
	stiffness updates             = 3
	right hand side evaluations   = 5
	stiffness matrix reformations = 1
	step from line search         = 1.000000
	convergence norms :     INITIAL         CURRENT         REQUIRED
	   residual            4.572978e-12    1.807198e-20    0.000000e+00 
	   energy              1.790095e-12    1.966960e-20    1.790095e-14 
	   displacement        2.181243e-12    1.099202e-18    1.767271e-18 

convergence summary
    number of iterations   : 4
    number of reformations : 1

------- converged at time : 2.1


AUTO STEPPER: increasing time step, dt = 0.01


===== beginning time step 163 : 2.11 =====


Reforming stiffness matrix: reformation #1

 1
 Nonlinear solution status: time= 2.11
	stiffness updates             = 0
	right hand side evaluations   = 2
	stiffness matrix reformations = 1
	step from line search         = 1.000000
	convergence norms :     INITIAL         CURRENT         REQUIRED
	   residual            2.561699e-12    1.122642e-13    0.000000e+00 
	   energy              3.613991e-12    4.199773e-13    3.613991e-14 
	   displacement        1.538841e-11    1.538841e-11    1.538841e-17 
 2
 Nonlinear solution status: time= 2.11
	stiffness updates             = 1
	right hand side evaluations   = 3
	stiffness matrix reformations = 1
	step from line search         = 1.000000
	convergence norms :     INITIAL         CURRENT         REQUIRED
	   residual            2.561699e-12    2.147256e-16    0.000000e+00 
	   energy              3.613991e-12    6.854418e-16    3.613991e-14 
	   displacement        1.538841e-11    2.381147e-13    1.195873e-17 
 3
 Nonlinear solution status: time= 2.11
	stiffness updates             = 2
	right hand side evaluations   = 4
	stiffness matrix reformations = 1
	step from line search         = 1.000000
	convergence norms :     INITIAL         CURRENT         REQUIRED
	   residual            2.561699e-12    1.712232e-18    0.000000e+00 
	   energy              3.613991e-12    7.641593e-18    3.613991e-14 
	   displacement        1.538841e-11    3.246564e-16    1.199705e-17 
 4
 Nonlinear solution status: time= 2.11
	stiffness updates             = 3
	right hand side evaluations   = 5
	stiffness matrix reformations = 1
	step from line search         = 1.000000
	convergence norms :     INITIAL         CURRENT         REQUIRED
	   residual            2.561699e-12    6.105661e-22    0.000000e+00 
	   energy              3.613991e-12    2.695091e-21    3.613991e-14 
	   displacement        1.538841e-11    2.327607e-18    1.199764e-17 

convergence summary
    number of iterations   : 4
    number of reformations : 1

------- converged at time : 2.11


AUTO STEPPER: increasing time step, dt = 0.01


===== beginning time step 164 : 2.12 =====


Reforming stiffness matrix: reformation #1

 1
 Nonlinear solution status: time= 2.12
	stiffness updates             = 0
	right hand side evaluations   = 2
	stiffness matrix reformations = 1
	step from line search         = 1.000000
	convergence norms :     INITIAL         CURRENT         REQUIRED
	   residual            4.077603e-12    1.780161e-13    0.000000e+00 
	   energy              5.753541e-12    6.677693e-13    5.753541e-14 
	   displacement        2.446092e-11    2.446092e-11    2.446092e-17 
 2
 Nonlinear solution status: time= 2.12
	stiffness updates             = 1
	right hand side evaluations   = 3
	stiffness matrix reformations = 1
	step from line search         = 1.000000
	convergence norms :     INITIAL         CURRENT         REQUIRED
	   residual            4.077603e-12    3.435686e-16    0.000000e+00 
	   energy              5.753541e-12    1.095674e-15    5.753541e-14 
	   displacement        2.446092e-11    3.782171e-13    1.901248e-17 
 3
 Nonlinear solution status: time= 2.12
	stiffness updates             = 2
	right hand side evaluations   = 4
	stiffness matrix reformations = 1
	step from line search         = 1.000000
	convergence norms :     INITIAL         CURRENT         REQUIRED
	   residual            4.077603e-12    2.738586e-18    0.000000e+00 
	   energy              5.753541e-12    1.224220e-17    5.753541e-14 
	   displacement        2.446092e-11    5.204242e-16    1.907372e-17 
 4
 Nonlinear solution status: time= 2.12
	stiffness updates             = 3
	right hand side evaluations   = 5
	stiffness matrix reformations = 1
	step from line search         = 1.000000
	convergence norms :     INITIAL         CURRENT         REQUIRED
	   residual            4.077603e-12    9.227465e-22    0.000000e+00 
	   energy              5.753541e-12    4.237723e-21    5.753541e-14 
	   displacement        2.446092e-11    3.724303e-18    1.907466e-17 

convergence summary
    number of iterations   : 4
    number of reformations : 1

------- converged at time : 2.12


AUTO STEPPER: increasing time step, dt = 0.01

MUST POINT CONTROLLER: adjusting time step. dt = 0.005


===== beginning time step 165 : 2.125 =====


Reforming stiffness matrix: reformation #1

 1
 Nonlinear solution status: time= 2.125
	stiffness updates             = 0
	right hand side evaluations   = 2
	stiffness matrix reformations = 1
	step from line search         = 1.000000
	convergence norms :     INITIAL         CURRENT         REQUIRED
	   residual            1.610690e-11    7.848393e-13    0.000000e+00 
	   energy              6.296050e-12    5.198106e-13    6.296050e-14 
	   displacement        7.638417e-12    7.638417e-12    7.638417e-18 
 2
 Nonlinear solution status: time= 2.125
	stiffness updates             = 1
	right hand side evaluations   = 3
	stiffness matrix reformations = 1
	step from line search         = 1.000000
	convergence norms :     INITIAL         CURRENT         REQUIRED
	   residual            1.610690e-11    5.486057e-15    0.000000e+00 
	   energy              6.296050e-12    3.727545e-15    6.296050e-14 
	   displacement        7.638417e-12    1.183894e-13    6.139656e-18 
 3
 Nonlinear solution status: time= 2.125
	stiffness updates             = 2
	right hand side evaluations   = 4
	stiffness matrix reformations = 1
	step from line search         = 1.000000
	convergence norms :     INITIAL         CURRENT         REQUIRED
	   residual            1.610690e-11    2.578376e-17    0.000000e+00 
	   energy              6.296050e-12    3.827021e-17    6.296050e-14 
	   displacement        7.638417e-12    9.318093e-16    6.188535e-18 
 4
 Nonlinear solution status: time= 2.125
	stiffness updates             = 3
	right hand side evaluations   = 5
	stiffness matrix reformations = 1
	step from line search         = 1.000000
	convergence norms :     INITIAL         CURRENT         REQUIRED
	   residual            1.610690e-11    6.057399e-20    0.000000e+00 
	   energy              6.296050e-12    6.907251e-20    6.296050e-14 
	   displacement        7.638417e-12    3.864287e-18    6.191397e-18 

convergence summary
    number of iterations   : 4
    number of reformations : 1

------- converged at time : 2.125


AUTO STEPPER: increasing time step, dt = 0.01


===== beginning time step 166 : 2.135 =====


Reforming stiffness matrix: reformation #1

 1
 Nonlinear solution status: time= 2.135
	stiffness updates             = 0
	right hand side evaluations   = 2
	stiffness matrix reformations = 1
	step from line search         = 1.000000
	convergence norms :     INITIAL         CURRENT         REQUIRED
	   residual            6.031241e-12    2.620346e-13    0.000000e+00 
	   energy              8.508446e-12    9.857881e-13    8.508446e-14 
	   displacement        3.609493e-11    3.609493e-11    3.609493e-17 
 2
 Nonlinear solution status: time= 2.135
	stiffness updates             = 1
	right hand side evaluations   = 3
	stiffness matrix reformations = 1
	step from line search         = 1.000000
	convergence norms :     INITIAL         CURRENT         REQUIRED
	   residual            6.031241e-12    5.102018e-16    0.000000e+00 
	   energy              8.508446e-12    1.624279e-15    8.508446e-14 
	   displacement        3.609493e-11    5.570239e-13    2.806501e-17 
 3
 Nonlinear solution status: time= 2.135
	stiffness updates             = 2
	right hand side evaluations   = 4
	stiffness matrix reformations = 1
	step from line search         = 1.000000
	convergence norms :     INITIAL         CURRENT         REQUIRED
	   residual            6.031241e-12    4.081265e-18    0.000000e+00 
	   energy              8.508446e-12    1.823465e-17    8.508446e-14 
	   displacement        3.609493e-11    7.756148e-16    2.815575e-17 
 4
 Nonlinear solution status: time= 2.135
	stiffness updates             = 3
	right hand side evaluations   = 5
	stiffness matrix reformations = 1
	step from line search         = 1.000000
	convergence norms :     INITIAL         CURRENT         REQUIRED
	   residual            6.031241e-12    1.318828e-21    0.000000e+00 
	   energy              8.508446e-12    6.221784e-21    8.508446e-14 
	   displacement        3.609493e-11    5.558220e-18    2.815714e-17 

convergence summary
    number of iterations   : 4
    number of reformations : 1

------- converged at time : 2.135


AUTO STEPPER: increasing time step, dt = 0.01


===== beginning time step 167 : 2.145 =====


Reforming stiffness matrix: reformation #1

 1
 Nonlinear solution status: time= 2.145
	stiffness updates             = 0
	right hand side evaluations   = 2
	stiffness matrix reformations = 1
	step from line search         = 1.000000
	convergence norms :     INITIAL         CURRENT         REQUIRED
	   residual            6.761869e-12    2.930084e-13    0.000000e+00 
	   energy              9.537580e-12    1.103940e-12    9.537580e-14 
	   displacement        4.040861e-11    4.040861e-11    4.040861e-17 
 2
 Nonlinear solution status: time= 2.145
	stiffness updates             = 1
	right hand side evaluations   = 3
	stiffness matrix reformations = 1
	step from line search         = 1.000000
	convergence norms :     INITIAL         CURRENT         REQUIRED
	   residual            6.761869e-12    5.730129e-16    0.000000e+00 
	   energy              9.537580e-12    1.822106e-15    9.537580e-14 
	   displacement        4.040861e-11    6.227771e-13    3.142626e-17 
 3
 Nonlinear solution status: time= 2.145
	stiffness updates             = 2
	right hand side evaluations   = 4
	stiffness matrix reformations = 1
	step from line search         = 1.000000
	convergence norms :     INITIAL         CURRENT         REQUIRED
	   residual            6.761869e-12    4.598808e-18    0.000000e+00 
	   energy              9.537580e-12    2.052710e-17    9.537580e-14 
	   displacement        4.040861e-11    8.733659e-16    3.152801e-17 
 4
 Nonlinear solution status: time= 2.145
	stiffness updates             = 3
	right hand side evaluations   = 5
	stiffness matrix reformations = 1
	step from line search         = 1.000000
	convergence norms :     INITIAL         CURRENT         REQUIRED
	   residual            6.761869e-12    1.454054e-21    0.000000e+00 
	   energy              9.537580e-12    6.954688e-21    9.537580e-14 
	   displacement        4.040861e-11    6.270707e-18    3.152957e-17 

convergence summary
    number of iterations   : 4
    number of reformations : 1

------- converged at time : 2.145


AUTO STEPPER: increasing time step, dt = 0.01

MUST POINT CONTROLLER: adjusting time step. dt = 0.005


===== beginning time step 168 : 2.15 =====


Reforming stiffness matrix: reformation #1

 1
 Nonlinear solution status: time= 2.15
	stiffness updates             = 0
	right hand side evaluations   = 2
	stiffness matrix reformations = 1
	step from line search         = 1.000000
	convergence norms :     INITIAL         CURRENT         REQUIRED
	   residual            2.191762e-11    1.059265e-12    0.000000e+00 
	   energy              8.560969e-12    7.041049e-13    8.560969e-14 
	   displacement        1.034915e-11    1.034915e-11    1.034915e-17 
 2
 Nonlinear solution status: time= 2.15
	stiffness updates             = 1
	right hand side evaluations   = 3
	stiffness matrix reformations = 1
	step from line search         = 1.000000
	convergence norms :     INITIAL         CURRENT         REQUIRED
	   residual            2.191762e-11    7.460447e-15    0.000000e+00 
	   energy              8.560969e-12    5.059378e-15    8.560969e-14 
	   displacement        1.034915e-11    1.596750e-13    8.325832e-18 
 3
 Nonlinear solution status: time= 2.15
	stiffness updates             = 2
	right hand side evaluations   = 4
	stiffness matrix reformations = 1
	step from line search         = 1.000000
	convergence norms :     INITIAL         CURRENT         REQUIRED
	   residual            2.191762e-11    3.531772e-17    0.000000e+00 
	   energy              8.560969e-12    5.226025e-17    8.560969e-14 
	   displacement        1.034915e-11    1.273101e-15    8.392069e-18 
 4
 Nonlinear solution status: time= 2.15
	stiffness updates             = 3
	right hand side evaluations   = 5
	stiffness matrix reformations = 1
	step from line search         = 1.000000
	convergence norms :     INITIAL         CURRENT         REQUIRED
	   residual            2.191762e-11    8.134619e-20    0.000000e+00 
	   energy              8.560969e-12    9.393324e-20    8.560969e-14 
	   displacement        1.034915e-11    5.284305e-18    8.395962e-18 

convergence summary
    number of iterations   : 4
    number of reformations : 1

------- converged at time : 2.15


AUTO STEPPER: increasing time step, dt = 0.01


===== beginning time step 169 : 2.16 =====


Reforming stiffness matrix: reformation #1

 1
 Nonlinear solution status: time= 2.16
	stiffness updates             = 0
	right hand side evaluations   = 2
	stiffness matrix reformations = 1
	step from line search         = 1.000000
	convergence norms :     INITIAL         CURRENT         REQUIRED
	   residual            7.177169e-12    3.100405e-13    0.000000e+00 
	   energy              1.012182e-11    1.170143e-12    1.012182e-13 
	   displacement        4.281258e-11    4.281258e-11    4.281258e-17 
 2
 Nonlinear solution status: time= 2.16
	stiffness updates             = 1
	right hand side evaluations   = 3
	stiffness matrix reformations = 1
	step from line search         = 1.000000
	convergence norms :     INITIAL         CURRENT         REQUIRED
	   residual            7.177169e-12    6.095191e-16    0.000000e+00 
	   energy              1.012182e-11    1.934928e-15    1.012182e-13 
	   displacement        4.281258e-11    6.586796e-13    3.330599e-17 
 3
 Nonlinear solution status: time= 2.16
	stiffness updates             = 2
	right hand side evaluations   = 4
	stiffness matrix reformations = 1
	step from line search         = 1.000000
	convergence norms :     INITIAL         CURRENT         REQUIRED
	   residual            7.177169e-12    4.916159e-18    0.000000e+00 
	   energy              1.012182e-11    2.190658e-17    1.012182e-13 
	   displacement        4.281258e-11    9.323622e-16    3.341397e-17 
 4
 Nonlinear solution status: time= 2.16
	stiffness updates             = 3
	right hand side evaluations   = 5
	stiffness matrix reformations = 1
	step from line search         = 1.000000
	convergence norms :     INITIAL         CURRENT         REQUIRED
	   residual            7.177169e-12    1.527005e-21    0.000000e+00 
	   energy              1.012182e-11    7.354780e-21    1.012182e-13 
	   displacement        4.281258e-11    6.714780e-18    3.341563e-17 

convergence summary
    number of iterations   : 4
    number of reformations : 1

------- converged at time : 2.16


AUTO STEPPER: increasing time step, dt = 0.01


===== beginning time step 170 : 2.17 =====


Reforming stiffness matrix: reformation #1

 1
 Nonlinear solution status: time= 2.17
	stiffness updates             = 0
	right hand side evaluations   = 2
	stiffness matrix reformations = 1
	step from line search         = 1.000000
	convergence norms :     INITIAL         CURRENT         REQUIRED
	   residual            6.930152e-12    2.989147e-13    0.000000e+00 
	   energy              9.773116e-12    1.129128e-12    9.773116e-14 
	   displacement        4.129966e-11    4.129966e-11    4.129966e-17 
 2
 Nonlinear solution status: time= 2.17
	stiffness updates             = 1
	right hand side evaluations   = 3
	stiffness matrix reformations = 1
	step from line search         = 1.000000
	convergence norms :     INITIAL         CURRENT         REQUIRED
	   residual            6.930152e-12    5.892408e-16    0.000000e+00 
	   energy              9.773116e-12    1.868600e-15    9.773116e-14 
	   displacement        4.129966e-11    6.347885e-13    3.213447e-17 
 3
 Nonlinear solution status: time= 2.17
	stiffness updates             = 2
	right hand side evaluations   = 4
	stiffness matrix reformations = 1
	step from line search         = 1.000000
	convergence norms :     INITIAL         CURRENT         REQUIRED
	   residual            6.930152e-12    4.768092e-18    0.000000e+00 
	   energy              9.773116e-12    2.122097e-17    9.773116e-14 
	   displacement        4.129966e-11    9.033325e-16    3.223870e-17 
 4
 Nonlinear solution status: time= 2.17
	stiffness updates             = 3
	right hand side evaluations   = 5
	stiffness matrix reformations = 1
	step from line search         = 1.000000
	convergence norms :     INITIAL         CURRENT         REQUIRED
	   residual            6.930152e-12    1.468337e-21    0.000000e+00 
	   energy              9.773116e-12    7.085567e-21    9.773116e-14 
	   displacement        4.129966e-11    6.518995e-18    3.224031e-17 

convergence summary
    number of iterations   : 4
    number of reformations : 1

------- converged at time : 2.17


AUTO STEPPER: increasing time step, dt = 0.01

MUST POINT CONTROLLER: adjusting time step. dt = 0.005


===== beginning time step 171 : 2.175 =====


Reforming stiffness matrix: reformation #1

 1
 Nonlinear solution status: time= 2.175
	stiffness updates             = 0
	right hand side evaluations   = 2
	stiffness matrix reformations = 1
	step from line search         = 1.000000
	convergence norms :     INITIAL         CURRENT         REQUIRED
	   residual            2.028548e-11    9.753750e-13    0.000000e+00 
	   energy              7.920964e-12    6.497285e-13    7.920964e-14 
	   displacement        9.549869e-12    9.549869e-12    9.549869e-18 
 2
 Nonlinear solution status: time= 2.175
	stiffness updates             = 1
	right hand side evaluations   = 3
	stiffness matrix reformations = 1
	step from line search         = 1.000000
	convergence norms :     INITIAL         CURRENT         REQUIRED
	   residual            2.028548e-11    6.893458e-15    0.000000e+00 
	   energy              7.920964e-12    4.664425e-15    7.920964e-14 
	   displacement        9.549869e-12    1.467259e-13    7.688521e-18 
 3
 Nonlinear solution status: time= 2.175
	stiffness updates             = 2
	right hand side evaluations   = 4
	stiffness matrix reformations = 1
	step from line search         = 1.000000
	convergence norms :     INITIAL         CURRENT         REQUIRED
	   residual            2.028548e-11    3.299506e-17    0.000000e+00 
	   energy              7.920964e-12    4.850373e-17    7.920964e-14 
	   displacement        9.549869e-12    1.180165e-15    7.749530e-18 
 4
 Nonlinear solution status: time= 2.175
	stiffness updates             = 3
	right hand side evaluations   = 5
	stiffness matrix reformations = 1
	step from line search         = 1.000000
	convergence norms :     INITIAL         CURRENT         REQUIRED
	   residual            2.028548e-11    7.496749e-20    0.000000e+00 
	   energy              7.920964e-12    8.694712e-20    7.920964e-14 
	   displacement        9.549869e-12    4.917051e-18    7.753128e-18 

convergence summary
    number of iterations   : 4
    number of reformations : 1

------- converged at time : 2.175


AUTO STEPPER: increasing time step, dt = 0.01


===== beginning time step 172 : 2.185 =====


Reforming stiffness matrix: reformation #1

 1
 Nonlinear solution status: time= 2.185
	stiffness updates             = 0
	right hand side evaluations   = 2
	stiffness matrix reformations = 1
	step from line search         = 1.000000
	convergence norms :     INITIAL         CURRENT         REQUIRED
	   residual            6.142725e-12    2.645105e-13    0.000000e+00 
	   energy              8.663160e-12    1.000152e-12    8.663160e-14 
	   displacement        3.656697e-11    3.656697e-11    3.656697e-17 
 2
 Nonlinear solution status: time= 2.185
	stiffness updates             = 1
	right hand side evaluations   = 3
	stiffness matrix reformations = 1
	step from line search         = 1.000000
	convergence norms :     INITIAL         CURRENT         REQUIRED
	   residual            6.142725e-12    5.231204e-16    0.000000e+00 
	   energy              8.663160e-12    1.656480e-15    8.663160e-14 
	   displacement        3.656697e-11    5.613636e-13    2.845815e-17 
 3
 Nonlinear solution status: time= 2.185
	stiffness updates             = 2
	right hand side evaluations   = 4
	stiffness matrix reformations = 1
	step from line search         = 1.000000
	convergence norms :     INITIAL         CURRENT         REQUIRED
	   residual            6.142725e-12    4.251807e-18    0.000000e+00 
	   energy              8.663160e-12    1.889067e-17    8.663160e-14 
	   displacement        3.656697e-11    8.043014e-16    2.855050e-17 
 4
 Nonlinear solution status: time= 2.185
	stiffness updates             = 3
	right hand side evaluations   = 5
	stiffness matrix reformations = 1
	step from line search         = 1.000000
	convergence norms :     INITIAL         CURRENT         REQUIRED
	   residual            6.142725e-12    1.286162e-21    0.000000e+00 
	   energy              8.663160e-12    6.261086e-21    8.663160e-14 
	   displacement        3.656697e-11    5.820967e-18    2.855192e-17 

convergence summary
    number of iterations   : 4
    number of reformations : 1

------- converged at time : 2.185


AUTO STEPPER: increasing time step, dt = 0.01


===== beginning time step 173 : 2.195 =====


Reforming stiffness matrix: reformation #1

 1
 Nonlinear solution status: time= 2.195
	stiffness updates             = 0
	right hand side evaluations   = 2
	stiffness matrix reformations = 1
	step from line search         = 1.000000
	convergence norms :     INITIAL         CURRENT         REQUIRED
	   residual            5.381165e-12    2.315670e-13    0.000000e+00 
	   energy              7.589857e-12    8.759500e-13    7.589857e-14 
	   displacement        3.201809e-11    3.201809e-11    3.201809e-17 
 2
 Nonlinear solution status: time= 2.195
	stiffness updates             = 1
	right hand side evaluations   = 3
	stiffness matrix reformations = 1
	step from line search         = 1.000000
	convergence norms :     INITIAL         CURRENT         REQUIRED
	   residual            5.381165e-12    4.586475e-16    0.000000e+00 
	   energy              7.589857e-12    1.451074e-15    7.589857e-14 
	   displacement        3.201809e-11    4.912308e-13    2.492068e-17 
 3
 Nonlinear solution status: time= 2.195
	stiffness updates             = 2
	right hand side evaluations   = 4
	stiffness matrix reformations = 1
	step from line search         = 1.000000
	convergence norms :     INITIAL         CURRENT         REQUIRED
	   residual            5.381165e-12    3.737564e-18    0.000000e+00 
	   energy              7.589857e-12    1.658735e-17    7.589857e-14 
	   displacement        3.201809e-11    7.063022e-16    2.500156e-17 
 4
 Nonlinear solution status: time= 2.195
	stiffness updates             = 3
	right hand side evaluations   = 5
	stiffness matrix reformations = 1
	step from line search         = 1.000000
	convergence norms :     INITIAL         CURRENT         REQUIRED
	   residual            5.381165e-12    1.128613e-21    0.000000e+00 
	   energy              7.589857e-12    5.475675e-21    7.589857e-14 
	   displacement        3.201809e-11    5.120485e-18    2.500281e-17 

convergence summary
    number of iterations   : 4
    number of reformations : 1

------- converged at time : 2.195


AUTO STEPPER: increasing time step, dt = 0.01

MUST POINT CONTROLLER: adjusting time step. dt = 0.005


===== beginning time step 174 : 2.2 =====


Reforming stiffness matrix: reformation #1

 1
 Nonlinear solution status: time= 2.2
	stiffness updates             = 0
	right hand side evaluations   = 2
	stiffness matrix reformations = 1
	step from line search         = 1.000000
	convergence norms :     INITIAL         CURRENT         REQUIRED
	   residual            1.463372e-11    7.017623e-13    0.000000e+00 
	   energy              5.714290e-12    4.679570e-13    5.714290e-14 
	   displacement        6.877160e-12    6.877160e-12    6.877160e-18 
 2
 Nonlinear solution status: time= 2.2
	stiffness updates             = 1
	right hand side evaluations   = 3
	stiffness matrix reformations = 1
	step from line search         = 1.000000
	convergence norms :     INITIAL         CURRENT         REQUIRED
	   residual            1.463372e-11    4.964218e-15    0.000000e+00 
	   energy              5.714290e-12    3.352156e-15    5.714290e-14 
	   displacement        6.877160e-12    1.053228e-13    5.539723e-18 
 3
 Nonlinear solution status: time= 2.2
	stiffness updates             = 2
	right hand side evaluations   = 4
	stiffness matrix reformations = 1
	step from line search         = 1.000000
	convergence norms :     INITIAL         CURRENT         REQUIRED
	   residual            1.463372e-11    2.402135e-17    0.000000e+00 
	   energy              5.714290e-12    3.506173e-17    5.714290e-14 
	   displacement        6.877160e-12    8.515945e-16    5.583555e-18 
 4
 Nonlinear solution status: time= 2.2
	stiffness updates             = 3
	right hand side evaluations   = 5
	stiffness matrix reformations = 1
	step from line search         = 1.000000
	convergence norms :     INITIAL         CURRENT         REQUIRED
	   residual            1.463372e-11    5.414127e-20    0.000000e+00 
	   energy              5.714290e-12    6.275429e-20    5.714290e-14 
	   displacement        6.877160e-12    3.563691e-18    5.586145e-18 

convergence summary
    number of iterations   : 4
    number of reformations : 1

------- converged at time : 2.2



 N O N L I N E A R   I T E R A T I O N   I N F O R M A T I O N

	Number of time steps completed .................... : 174

	Total number of equilibrium iterations ............ : 1062

	Average number of equilibrium iterations .......... : 6.10345

	Total number of right hand evaluations ............ : 1340

	Total number of stiffness reformations ............ : 199


 L I N E A R   S O L V E R   S T A T S

	Total calls to linear solver ........ : 1301

	Avg iterations per solve ............ : 1



 N O N L I N E A R   I T E R A T I O N   S U M M A R Y

	Number of time steps completed .................... : 192

	Total number of equilibrium iterations ............ : 1265

	Total number of right hand evaluations ............ : 1629

	Total number of stiffness reformations ............ : 232

	Time in linear solver: 1:27:04


 Elapsed time : 2:09:22

 T I M I N G   I N F O R M A T I O N

	Input time ...................... : 0:00:00 (0.320077 sec)

	Initialization time ............. : 0:00:00 (0.203327 sec)

	Solve time ...................... : 2:09:22 (7761.59 sec)

	   IO-time (plot, dmp, data) .... : 0:00:16 (15.7964 sec)

	   reforming stiffness .......... : 0:00:01 (0.998586 sec)

	   evaluating stiffness ......... : 0:24:44 (1484.32 sec)

	   evaluating residual .......... : 0:12:47 (766.637 sec)

	   model update ................. : 0:03:15 (195.224 sec)

	   QN updates ................... : 0:00:03 (2.78361 sec)

	   time in linear solver ........ : 1:27:04 (5224.08 sec)

	Total elapsed time .............. : 2:09:22 (7762.05 sec)


 N O R M A L   T E R M I N A T I O N

