===========================================================================
         ________    _________   _______       __     _________            
        |        |\ |        |\ |       \\    |  |\  /         \\          
        |    ____|| |    ____|| |    __  ||   |__|| |    ___    ||         
        |   |\___\| |   |\___\| |   |\_| ||    \_\| |   //  \   ||         
        |   ||__    |   ||__    |   ||_| ||   |  |\ |  ||    |  ||         
        |       |\  |       |\  |         \\  |  || |  ||    |  ||         
        |    ___||  |    ___||  |    ___   || |  || |  ||    |  ||         
        |   |\__\|  |   |\__\|  |   |\__|  || |  || |  ||    |  ||         
        |   ||      |   ||___   |   ||__|  || |  || |   \\__/   ||         
        |   ||      |        |\ |          || |  || |           ||         
        |___||      |________|| |_________//  |__||  \_________//          
                                                                           
      F I N I T E   E L E M E N T S   F O R   B I O M E C H A N I C S      
                                                                           
  version 4.12.0
  FEBio is a registered trademark.                                         
  copyright (c) 2006-2026 - All rights reserved                            
                                                                           
===========================================================================


 *************************************************************************
 *                               WARNING                                 *
 * dtmax is ignored when specifying must points.                         *
 *************************************************************************




 FILES USED
===========================================================================
	Input file : C:\Users\20223231\ews_fem_clean\config.feb
	Plot file  : C:\Users\20223231\ews_fem_clean\output\config.vtk
	Log file   : C:\Users\20223231\ews_fem_clean\config.log


 MESH INFO
===========================================================================
	Number of materials ............................ : 3
	Number of domains .............................. : 3
	Number of nodes ................................ : 16347
	Number of solid elements ....................... : 10512
	Number of shell elements ....................... : 1582


 MODULE
===========================================================================
	Module type ....................................... : solid


 STEP DATA
===========================================================================
step   1 - (noname) (type: solid)
	analysis .......................................... : STATIC (0)
	time_steps ........................................ : 10
	step_size ......................................... : 0.1
	plot_zero_state ................................... : no (0)
	plot_range ........................................ : 0,-1
	plot_level ........................................ : PLOT_NEVER (0)
	output_level ...................................... : OUTPUT_NEVER (0)
	plot_stride ....................................... : 1
	output_stride ..................................... : 1
	adaptor_re_solve .................................. : yes (1)
	time_stepper: (type: default)
	  max_retries ..................................... : 40
	  opt_iter ........................................ : 11
	  dtmin ........................................... : 0
	  dtmax ........................................... : 0.1
	  aggressiveness .................................. : 0
	  cutback ......................................... : 0.5
	  dtforce ......................................... : no (0)
	solver: (type: solid)
	  symmetric_stiffness ............................. : symmetric (1)
	  equation_scheme ................................. : staggered (0)
	  equation_order .................................. : default (0)
	  optimize_bw ..................................... : no (0)
	  lstol ........................................... : 0.9
	  lsmin ........................................... : 0.01
	  lsiter .......................................... : 5
	  ls_check_jacobians .............................. : no (0)
	  max_refs ........................................ : 15
	  check_zero_diagonal ............................. : no (0)
	  zero_diagonal_tol ............................... : 0
	  force_partition ................................. : 0
	  reform_each_time_step ........................... : yes (1)
	  reform_augment .................................. : no (0)
	  diverge_reform .................................. : yes (1)
	  min_residual .................................... : 1e-20
	  max_residual .................................... : 0
	  dtol ............................................ : 0.001
	  etol ............................................ : 0.01
	  rtol ............................................ : 0
	  rhoi ............................................ : -2
	  alpha ........................................... : 1
	  beta ............................................ : 0.25
	  gamma ........................................... : 0.25
	  logSolve ........................................ : no (0)
	  arc_length ...................................... : 0
	  arc_length_scale ................................ : 0
	qn_method: (type: BFGS)
	    max_ups ....................................... : 10
	    max_buffer_size ............................... : 0
	    cycle_buffer .................................. : yes (1)
	    cmax .......................................... : 100000
---------------------------------------------------------------------------
step   2 - (noname) (type: solid)
	analysis .......................................... : DYNAMIC (1)
	time_steps ........................................ : 120
	step_size ......................................... : 0.01
	plot_zero_state ................................... : no (0)
	plot_range ........................................ : 0,-1
	plot_level ........................................ : PLOT_MUST_POINTS (3)
	output_level ...................................... : OUTPUT_MUST_POINTS (3)
	plot_stride ....................................... : 1
	output_stride ..................................... : 1
	adaptor_re_solve .................................. : yes (1)
	time_stepper: (type: default)
	  max_retries ..................................... : 20
	  opt_iter ........................................ : 11
	  dtmin ........................................... : 0
	  dtmax ........................................... : 0.01
	  aggressiveness .................................. : 0
	  cutback ......................................... : 0.5
	  dtforce ......................................... : no (0)
	solver: (type: solid)
	  symmetric_stiffness ............................. : symmetric (1)
	  equation_scheme ................................. : staggered (0)
	  equation_order .................................. : default (0)
	  optimize_bw ..................................... : no (0)
	  lstol ........................................... : 0.9
	  lsmin ........................................... : 0.01
	  lsiter .......................................... : 5
	  ls_check_jacobians .............................. : no (0)
	  max_refs ........................................ : 15
	  check_zero_diagonal ............................. : no (0)
	  zero_diagonal_tol ............................... : 0
	  force_partition ................................. : 0
	  reform_each_time_step ........................... : yes (1)
	  reform_augment .................................. : no (0)
	  diverge_reform .................................. : yes (1)
	  min_residual .................................... : 1e-20
	  max_residual .................................... : 0
	  dtol ............................................ : 0.001
	  etol ............................................ : 0.01
	  rtol ............................................ : 0
	  rhoi ............................................ : -2
	  alpha ........................................... : 1
	  beta ............................................ : 1
	  gamma ........................................... : 1.5
	  logSolve ........................................ : no (0)
	  arc_length ...................................... : 0
	  arc_length_scale ................................ : 0
	qn_method: (type: BFGS)
	    max_ups ....................................... : 10
	    max_buffer_size ............................... : 0
	    cycle_buffer .................................. : yes (1)
	    cmax .......................................... : 100000




 MATERIAL DATA
===========================================================================
  1 - skin (type: Mooney-Rivlin)
	density ........................................... : (not constant)
	k ................................................. : 480000
	pressure_model .................................... : default (0)
	c1 ................................................ : (not constant)
	c2 ................................................ : (not constant)
---------------------------------------------------------------------------
  2 - adipose (type: Mooney-Rivlin)
	density ........................................... : (not constant)
	k ................................................. : 425000
	pressure_model .................................... : default (0)
	c1 ................................................ : (not constant)
	c2 ................................................ : (not constant)
---------------------------------------------------------------------------
  3 - glandular (type: Mooney-Rivlin)
	density ........................................... : (not constant)
	k ................................................. : 425000
	pressure_model .................................... : default (0)
	c1 ................................................ : (not constant)
	c2 ................................................ : (not constant)


 BOUNDARY CONDITION DATA
===========================================================================
  1 -  Type: zero displacement
	x_dof ............................................. : yes (1)
	y_dof ............................................. : yes (1)
	z_dof ............................................. : yes (1)
---------------------------------------------------------------------------
  2 -  Type: prescribed displacement
	dof ............................................... : 2
	value ............................................. : 1
	relative .......................................... : no (0)
---------------------------------------------------------------------------
  3 -  Type: zero displacement
	x_dof ............................................. : yes (1)
	y_dof ............................................. : yes (1)
	z_dof ............................................. : no (0)


 MODEL LOAD DATA
===========================================================================
  1 -  Type: body force
	force ............................................. : 0, 0, 9.81
---------------------------------------------------------------------------
  2 -  Type: mass damping
	C ................................................. : 20


 LOAD CONTROLLER DATA
===========================================================================
load controller   1 - LC1 (type: loadcurve)
	interpolate ....................................... : LINEAR (0)
	extend ............................................ : CONSTANT (0)
	points ............................................ : (can't display value)
---------------------------------------------------------------------------
load controller   2 - LC2 (type: loadcurve)
	interpolate ....................................... : LINEAR (0)
	extend ............................................ : CONSTANT (0)
	points ............................................ : (can't display value)
---------------------------------------------------------------------------
load controller   3 - LC3 (type: loadcurve)
	interpolate ....................................... : LINEAR (0)
	extend ............................................ : CONSTANT (0)
	points ............................................ : (can't display value)


 OUTPUT DATA
===========================================================================
 LINEAR SOLVER DATA
===========================================================================
	Default linear solver ............................. : pardiso


 *************************************************************************
 * Selecting linear solver pardiso                                       *
 *************************************************************************

===== beginning time step 1 : 0.1 =====


Reforming stiffness matrix: reformation #1

===== reforming stiffness matrix:
	Nr of equations ........................... : 53868
	Nr of nonzeroes in stiffness matrix ....... : 2210136
 1
 Nonlinear solution status: time= 0.1
	stiffness updates             = 0
	right hand side evaluations   = 2
	stiffness matrix reformations = 1
	step from line search         = 1.000000
	convergence norms :     INITIAL         CURRENT         REQUIRED
	   residual            7.072375e-05    1.001586e+00    0.000000e+00 
	   energy              1.144342e-03    2.114638e-04    1.144342e-05 
	   displacement        7.008720e-02    7.008720e-02    7.008720e-08 
 2
 Nonlinear solution status: time= 0.1
	stiffness updates             = 1
	right hand side evaluations   = 4
	stiffness matrix reformations = 1
	step from line search         = 0.509787
	convergence norms :     INITIAL         CURRENT         REQUIRED
	   residual            7.072375e-05    5.291651e-01    0.000000e+00 
	   energy              1.144342e-03    9.382989e-05    1.144342e-05 
	   displacement        7.008720e-02    1.054223e-04    7.239382e-08 
 3
 Nonlinear solution status: time= 0.1
	stiffness updates             = 2
	right hand side evaluations   = 5
	stiffness matrix reformations = 1
	step from line search         = 1.000000
	convergence norms :     INITIAL         CURRENT         REQUIRED
	   residual            7.072375e-05    8.144904e-01    0.000000e+00 
	   energy              1.144342e-03    6.979599e-05    1.144342e-05 
	   displacement        7.008720e-02    8.110727e-04    5.824994e-08 
 4
 Nonlinear solution status: time= 0.1
	stiffness updates             = 3
	right hand side evaluations   = 6
	stiffness matrix reformations = 1
	step from line search         = 1.000000
	convergence norms :     INITIAL         CURRENT         REQUIRED
	   residual            7.072375e-05    3.087231e-01    0.000000e+00 
	   energy              1.144342e-03    4.918635e-05    1.144342e-05 
	   displacement        7.008720e-02    7.793934e-05    5.793368e-08 
 5
 Nonlinear solution status: time= 0.1
	stiffness updates             = 4
	right hand side evaluations   = 8
	stiffness matrix reformations = 1
	step from line search         = 0.625521
	convergence norms :     INITIAL         CURRENT         REQUIRED
	   residual            7.072375e-05    2.983418e-01    0.000000e+00 
	   energy              1.144342e-03    5.796411e-06    1.144342e-05 
	   displacement        7.008720e-02    1.691029e-04    6.388659e-08 
 6
 Nonlinear solution status: time= 0.1
	stiffness updates             = 5
	right hand side evaluations   = 10
	stiffness matrix reformations = 1
	step from line search         = 0.518376
	convergence norms :     INITIAL         CURRENT         REQUIRED
	   residual            7.072375e-05    5.813849e-02    0.000000e+00 
	   energy              1.144342e-03    4.833270e-06    1.144342e-05 
	   displacement        7.008720e-02    6.374754e-05    6.787128e-08 
 7
 Nonlinear solution status: time= 0.1
	stiffness updates             = 6
	right hand side evaluations   = 12
	stiffness matrix reformations = 1
	step from line search         = 0.564061
	convergence norms :     INITIAL         CURRENT         REQUIRED
	   residual            7.072375e-05    3.452052e-02    0.000000e+00 
	   energy              1.144342e-03    1.873974e-06    1.144342e-05 
	   displacement        7.008720e-02    6.828149e-06    6.863895e-08 
 8
 Nonlinear solution status: time= 0.1
	stiffness updates             = 7
	right hand side evaluations   = 14
	stiffness matrix reformations = 1
	step from line search         = 0.577181
	convergence norms :     INITIAL         CURRENT         REQUIRED
	   residual            7.072375e-05    2.173689e-02    0.000000e+00 
	   energy              1.144342e-03    7.115159e-07    1.144342e-05 
	   displacement        7.008720e-02    1.561135e-06    6.848911e-08 
 9
 Nonlinear solution status: time= 0.1
	stiffness updates             = 8
	right hand side evaluations   = 16
	stiffness matrix reformations = 1
	step from line search         = 0.571417
	convergence norms :     INITIAL         CURRENT         REQUIRED
	   residual            7.072375e-05    1.527013e-02    0.000000e+00 
	   energy              1.144342e-03    4.896886e-07    1.144342e-05 
	   displacement        7.008720e-02    1.473676e-06    6.863925e-08 
 10
 Nonlinear solution status: time= 0.1
	stiffness updates             = 9
	right hand side evaluations   = 18
	stiffness matrix reformations = 1
	step from line search         = 0.525555
	convergence norms :     INITIAL         CURRENT         REQUIRED
	   residual            7.072375e-05    1.349393e-02    0.000000e+00 
	   energy              1.144342e-03    3.560973e-07    1.144342e-05 
	   displacement        7.008720e-02    2.963087e-06    6.918470e-08 

 *************************************************************************
 *                               WARNING                                 *
 * Max nr of iterations reached.                                         *
 * Stiffness matrix will now be reformed.                                *
 *************************************************************************
Reforming stiffness matrix: reformation #2

 11
 Nonlinear solution status: time= 0.1
	stiffness updates             = 0
	right hand side evaluations   = 19
	stiffness matrix reformations = 2
	step from line search         = 1.000000
	convergence norms :     INITIAL         CURRENT         REQUIRED
	   residual            7.072375e-05    3.944472e-05    0.000000e+00 
	   energy              1.144342e-03    9.352569e-09    1.144342e-05 
	   displacement        7.008720e-02    3.341607e-06    7.007495e-08 
 12
 Nonlinear solution status: time= 0.1
	stiffness updates             = 1
	right hand side evaluations   = 20
	stiffness matrix reformations = 2
	step from line search         = 1.000000
	convergence norms :     INITIAL         CURRENT         REQUIRED
	   residual            7.072375e-05    4.124608e-06    0.000000e+00 
	   energy              1.144342e-03    2.297562e-09    1.144342e-05 
	   displacement        7.008720e-02    7.895420e-09    7.011179e-08 

convergence summary
    number of iterations   : 12
    number of reformations : 2

------- converged at time : 0.1


AUTO STEPPER: decreasing time step, dt = 0.0957427


===== beginning time step 2 : 0.195743 =====


Reforming stiffness matrix: reformation #1

 1
 Nonlinear solution status: time= 0.195743
	stiffness updates             = 0
	right hand side evaluations   = 2
	stiffness matrix reformations = 1
	step from line search         = 1.000000
	convergence norms :     INITIAL         CURRENT         REQUIRED
	   residual            6.895535e-05    8.319641e-01    0.000000e+00 
	   energy              1.049803e-03    1.785697e-04    1.049803e-05 
	   displacement        6.435764e-02    6.435764e-02    6.435764e-08 
 2
 Nonlinear solution status: time= 0.195743
	stiffness updates             = 1
	right hand side evaluations   = 4
	stiffness matrix reformations = 1
	step from line search         = 0.521769
	convergence norms :     INITIAL         CURRENT         REQUIRED
	   residual            6.895535e-05    4.005017e-01    0.000000e+00 
	   energy              1.049803e-03    7.553653e-05    1.049803e-05 
	   displacement        6.435764e-02    8.774316e-05    6.595609e-08 
 3
 Nonlinear solution status: time= 0.195743
	stiffness updates             = 2
	right hand side evaluations   = 5
	stiffness matrix reformations = 1
	step from line search         = 1.000000
	convergence norms :     INITIAL         CURRENT         REQUIRED
	   residual            6.895535e-05    5.580827e-01    0.000000e+00 
	   energy              1.049803e-03    4.930184e-05    1.049803e-05 
	   displacement        6.435764e-02    5.741478e-04    5.452279e-08 
 4
 Nonlinear solution status: time= 0.195743
	stiffness updates             = 3
	right hand side evaluations   = 6
	stiffness matrix reformations = 1
	step from line search         = 1.000000
	convergence norms :     INITIAL         CURRENT         REQUIRED
	   residual            6.895535e-05    2.326424e-01    0.000000e+00 
	   energy              1.049803e-03    3.576453e-05    1.049803e-05 
	   displacement        6.435764e-02    6.415165e-05    5.490060e-08 
 5
 Nonlinear solution status: time= 0.195743
	stiffness updates             = 4
	right hand side evaluations   = 7
	stiffness matrix reformations = 1
	step from line search         = 1.000000
	convergence norms :     INITIAL         CURRENT         REQUIRED
	   residual            6.895535e-05    4.830077e-01    0.000000e+00 
	   energy              1.049803e-03    3.027514e-05    1.049803e-05 
	   displacement        6.435764e-02    2.904597e-04    6.257170e-08 
 6
 Nonlinear solution status: time= 0.195743
	stiffness updates             = 5
	right hand side evaluations   = 8
	stiffness matrix reformations = 1
	step from line search         = 1.000000
	convergence norms :     INITIAL         CURRENT         REQUIRED
	   residual            6.895535e-05    1.771809e-01    0.000000e+00 
	   energy              1.049803e-03    2.372893e-05    1.049803e-05 
	   displacement        6.435764e-02    3.070687e-05    6.438529e-08 
 7
 Nonlinear solution status: time= 0.195743
	stiffness updates             = 6
	right hand side evaluations   = 9
	stiffness matrix reformations = 1
	step from line search         = 1.000000
	convergence norms :     INITIAL         CURRENT         REQUIRED
	   residual            6.895535e-05    2.437097e-01    0.000000e+00 
	   energy              1.049803e-03    1.872339e-05    1.049803e-05 
	   displacement        6.435764e-02    7.387361e-05    6.089555e-08 
 8
 Nonlinear solution status: time= 0.195743
	stiffness updates             = 7
	right hand side evaluations   = 10
	stiffness matrix reformations = 1
	step from line search         = 1.000000
	convergence norms :     INITIAL         CURRENT         REQUIRED
	   residual            6.895535e-05    1.900300e-01    0.000000e+00 
	   energy              1.049803e-03    1.382368e-05    1.049803e-05 
	   displacement        6.435764e-02    1.524952e-05    6.075445e-08 
 9
 Nonlinear solution status: time= 0.195743
	stiffness updates             = 8
	right hand side evaluations   = 12
	stiffness matrix reformations = 1
	step from line search         = 0.612767
	convergence norms :     INITIAL         CURRENT         REQUIRED
	   residual            6.895535e-05    8.256384e-02    0.000000e+00 
	   energy              1.049803e-03    2.008901e-06    1.049803e-05 
	   displacement        6.435764e-02    2.150632e-05    6.269784e-08 
 10
 Nonlinear solution status: time= 0.195743
	stiffness updates             = 9
	right hand side evaluations   = 14
	stiffness matrix reformations = 1
	step from line search         = 0.494879
	convergence norms :     INITIAL         CURRENT         REQUIRED
	   residual            6.895535e-05    2.052054e-02    0.000000e+00 
	   energy              1.049803e-03    1.826368e-06    1.049803e-05 
	   displacement        6.435764e-02    6.853726e-06    6.392592e-08 

 *************************************************************************
 *                               WARNING                                 *
 * Max nr of iterations reached.                                         *
 * Stiffness matrix will now be reformed.                                *
 *************************************************************************
Reforming stiffness matrix: reformation #2

 11
 Nonlinear solution status: time= 0.195743
	stiffness updates             = 0
	right hand side evaluations   = 15
	stiffness matrix reformations = 2
	step from line search         = 1.000000
	convergence norms :     INITIAL         CURRENT         REQUIRED
	   residual            6.895535e-05    1.066229e-03    0.000000e+00 
	   energy              1.049803e-03    3.350662e-07    1.049803e-05 
	   displacement        6.435764e-02    4.014785e-06    6.454530e-08 
 12
 Nonlinear solution status: time= 0.195743
	stiffness updates             = 1
	right hand side evaluations   = 16
	stiffness matrix reformations = 2
	step from line search         = 1.000000
	convergence norms :     INITIAL         CURRENT         REQUIRED
	   residual            6.895535e-05    7.782831e-04    0.000000e+00 
	   energy              1.049803e-03    2.291022e-07    1.049803e-05 
	   displacement        6.435764e-02    1.569478e-07    6.445548e-08 
 13
 Nonlinear solution status: time= 0.195743
	stiffness updates             = 2
	right hand side evaluations   = 17
	stiffness matrix reformations = 2
	step from line search         = 1.000000
	convergence norms :     INITIAL         CURRENT         REQUIRED
	   residual            6.895535e-05    5.009765e-05    0.000000e+00 
	   energy              1.049803e-03    3.247548e-08    1.049803e-05 
	   displacement        6.435764e-02    3.617434e-08    6.443561e-08 

convergence summary
    number of iterations   : 13
    number of reformations : 2

------- converged at time : 0.195743


AUTO STEPPER: decreasing time step, dt = 0.0880705


===== beginning time step 3 : 0.283813 =====


Reforming stiffness matrix: reformation #1

 1
 Nonlinear solution status: time= 0.283813
	stiffness updates             = 0
	right hand side evaluations   = 2
	stiffness matrix reformations = 1
	step from line search         = 1.000000
	convergence norms :     INITIAL         CURRENT         REQUIRED
	   residual            1.051118e-04    5.740232e-01    0.000000e+00 
	   energy              8.903819e-04    1.306905e-04    8.903819e-06 
	   displacement        5.472417e-02    5.472417e-02    5.472417e-08 
 2
 Nonlinear solution status: time= 0.283813
	stiffness updates             = 1
	right hand side evaluations   = 4
	stiffness matrix reformations = 1
	step from line search         = 0.542146
	convergence norms :     INITIAL         CURRENT         REQUIRED
	   residual            1.051118e-04    2.168134e-01    0.000000e+00 
	   energy              8.903819e-04    4.957414e-05    8.903819e-06 
	   displacement        5.472417e-02    6.556632e-05    5.548859e-08 
 3
 Nonlinear solution status: time= 0.283813
	stiffness updates             = 2
	right hand side evaluations   = 5
	stiffness matrix reformations = 1
	step from line search         = 1.000000
	convergence norms :     INITIAL         CURRENT         REQUIRED
	   residual            1.051118e-04    2.439213e-01    0.000000e+00 
	   energy              8.903819e-04    2.409730e-05    8.903819e-06 
	   displacement        5.472417e-02    3.011838e-04    4.782851e-08 
 4
 Nonlinear solution status: time= 0.283813
	stiffness updates             = 3
	right hand side evaluations   = 6
	stiffness matrix reformations = 1
	step from line search         = 1.000000
	convergence norms :     INITIAL         CURRENT         REQUIRED
	   residual            1.051118e-04    1.291825e-01    0.000000e+00 
	   energy              8.903819e-04    1.859110e-05    8.903819e-06 
	   displacement        5.472417e-02    4.853702e-05    4.879653e-08 
 5
 Nonlinear solution status: time= 0.283813
	stiffness updates             = 4
	right hand side evaluations   = 7
	stiffness matrix reformations = 1
	step from line search         = 1.000000
	convergence norms :     INITIAL         CURRENT         REQUIRED
	   residual            1.051118e-04    1.775697e-01    0.000000e+00 
	   energy              8.903819e-04    1.291927e-05    8.903819e-06 
	   displacement        5.472417e-02    1.402347e-04    5.379574e-08 
 6
 Nonlinear solution status: time= 0.283813
	stiffness updates             = 5
	right hand side evaluations   = 8
	stiffness matrix reformations = 1
	step from line search         = 1.000000
	convergence norms :     INITIAL         CURRENT         REQUIRED
	   residual            1.051118e-04    9.133723e-02    0.000000e+00 
	   energy              8.903819e-04    9.790825e-06    8.903819e-06 
	   displacement        5.472417e-02    1.462786e-05    5.487529e-08 
 7
 Nonlinear solution status: time= 0.283813
	stiffness updates             = 6
	right hand side evaluations   = 9
	stiffness matrix reformations = 1
	step from line search         = 1.000000
	convergence norms :     INITIAL         CURRENT         REQUIRED
	   residual            1.051118e-04    6.625590e-02    0.000000e+00 
	   energy              8.903819e-04    5.653256e-06    8.903819e-06 
	   displacement        5.472417e-02    2.492713e-05    5.300701e-08 
 8
 Nonlinear solution status: time= 0.283813
	stiffness updates             = 7
	right hand side evaluations   = 10
	stiffness matrix reformations = 1
	step from line search         = 1.000000
	convergence norms :     INITIAL         CURRENT         REQUIRED
	   residual            1.051118e-04    6.775336e-02    0.000000e+00 
	   energy              8.903819e-04    5.325925e-06    8.903819e-06 
	   displacement        5.472417e-02    6.767332e-06    5.325142e-08 
 9
 Nonlinear solution status: time= 0.283813
	stiffness updates             = 8
	right hand side evaluations   = 11
	stiffness matrix reformations = 1
	step from line search         = 1.000000
	convergence norms :     INITIAL         CURRENT         REQUIRED
	   residual            1.051118e-04    4.199708e-02    0.000000e+00 
	   energy              8.903819e-04    3.916863e-06    8.903819e-06 
	   displacement        5.472417e-02    1.352618e-05    5.469048e-08 
 10
 Nonlinear solution status: time= 0.283813
	stiffness updates             = 9
	right hand side evaluations   = 13
	stiffness matrix reformations = 1
	step from line search         = 0.612308
	convergence norms :     INITIAL         CURRENT         REQUIRED
	   residual            1.051118e-04    1.589092e-02    0.000000e+00 
	   energy              8.903819e-04    9.116245e-07    8.903819e-06 
	   displacement        5.472417e-02    1.488786e-06    5.493867e-08 

 *************************************************************************
 *                               WARNING                                 *
 * Max nr of iterations reached.                                         *
 * Stiffness matrix will now be reformed.                                *
 *************************************************************************
Reforming stiffness matrix: reformation #2

 11
 Nonlinear solution status: time= 0.283813
	stiffness updates             = 0
	right hand side evaluations   = 14
	stiffness matrix reformations = 2
	step from line search         = 1.000000
	convergence norms :     INITIAL         CURRENT         REQUIRED
	   residual            1.051118e-04    5.032521e-03    0.000000e+00 
	   energy              8.903819e-04    1.123879e-06    8.903819e-06 
	   displacement        5.472417e-02    1.631093e-06    5.499842e-08 
 12
 Nonlinear solution status: time= 0.283813
	stiffness updates             = 1
	right hand side evaluations   = 15
	stiffness matrix reformations = 2
	step from line search         = 1.000000
	convergence norms :     INITIAL         CURRENT         REQUIRED
	   residual            1.051118e-04    5.139807e-03    0.000000e+00 
	   energy              8.903819e-04    1.158912e-06    8.903819e-06 
	   displacement        5.472417e-02    8.869164e-07    5.480149e-08 
 13
 Nonlinear solution status: time= 0.283813
	stiffness updates             = 2
	right hand side evaluations   = 16
	stiffness matrix reformations = 2
	step from line search         = 1.000000
	convergence norms :     INITIAL         CURRENT         REQUIRED
	   residual            1.051118e-04    1.139104e-03    0.000000e+00 
	   energy              8.903819e-04    1.168256e-08    8.903819e-06 
	   displacement        5.472417e-02    5.105772e-07    5.480699e-08 
 14
 Nonlinear solution status: time= 0.283813
	stiffness updates             = 3
	right hand side evaluations   = 17
	stiffness matrix reformations = 2
	step from line search         = 1.000000
	convergence norms :     INITIAL         CURRENT         REQUIRED
	   residual            1.051118e-04    7.392884e-05    0.000000e+00 
	   energy              8.903819e-04    1.187672e-08    8.903819e-06 
	   displacement        5.472417e-02    7.920642e-08    5.489945e-08 
 15
 Nonlinear solution status: time= 0.283813
	stiffness updates             = 4
	right hand side evaluations   = 18
	stiffness matrix reformations = 2
	step from line search         = 1.000000
	convergence norms :     INITIAL         CURRENT         REQUIRED
	   residual            1.051118e-04    6.136681e-06    0.000000e+00 
	   energy              8.903819e-04    2.156905e-09    8.903819e-06 
	   displacement        5.472417e-02    7.048603e-09    5.489107e-08 

convergence summary
    number of iterations   : 15
    number of reformations : 2

------- converged at time : 0.283813


AUTO STEPPER: decreasing time step, dt = 0.0754191


===== beginning time step 4 : 0.359232 =====


Reforming stiffness matrix: reformation #1

 1
 Nonlinear solution status: time= 0.359232
	stiffness updates             = 0
	right hand side evaluations   = 2
	stiffness matrix reformations = 1
	step from line search         = 1.000000
	convergence norms :     INITIAL         CURRENT         REQUIRED
	   residual            4.626998e-05    2.739497e-01    0.000000e+00 
	   energy              6.543386e-04    7.024417e-05    6.543386e-06 
	   displacement        4.037094e-02    4.037094e-02    4.037094e-08 
 2
 Nonlinear solution status: time= 0.359232
	stiffness updates             = 1
	right hand side evaluations   = 4
	stiffness matrix reformations = 1
	step from line search         = 0.574419
	convergence norms :     INITIAL         CURRENT         REQUIRED
	   residual            4.626998e-05    5.059895e-02    0.000000e+00 
	   energy              6.543386e-04    2.013339e-05    6.543386e-06 
	   displacement        4.037094e-02    3.491335e-05    4.000513e-08 
 3
 Nonlinear solution status: time= 0.359232
	stiffness updates             = 2
	right hand side evaluations   = 5
	stiffness matrix reformations = 1
	step from line search         = 1.000000
	convergence norms :     INITIAL         CURRENT         REQUIRED
	   residual            4.626998e-05    5.001944e-02    0.000000e+00 
	   energy              6.543386e-04    6.645410e-06    6.543386e-06 
	   displacement        4.037094e-02    6.747581e-05    3.696916e-08 
 4
 Nonlinear solution status: time= 0.359232
	stiffness updates             = 3
	right hand side evaluations   = 6
	stiffness matrix reformations = 1
	step from line search         = 1.000000
	convergence norms :     INITIAL         CURRENT         REQUIRED
	   residual            4.626998e-05    2.709622e-02    0.000000e+00 
	   energy              6.543386e-04    4.554359e-06    6.543386e-06 
	   displacement        4.037094e-02    2.962695e-05    3.825036e-08 
 5
 Nonlinear solution status: time= 0.359232
	stiffness updates             = 4
	right hand side evaluations   = 7
	stiffness matrix reformations = 1
	step from line search         = 1.000000
	convergence norms :     INITIAL         CURRENT         REQUIRED
	   residual            4.626998e-05    2.370092e-02    0.000000e+00 
	   energy              6.543386e-04    2.189196e-06    6.543386e-06 
	   displacement        4.037094e-02    2.946881e-05    4.022282e-08 
 6
 Nonlinear solution status: time= 0.359232
	stiffness updates             = 5
	right hand side evaluations   = 8
	stiffness matrix reformations = 1
	step from line search         = 1.000000
	convergence norms :     INITIAL         CURRENT         REQUIRED
	   residual            4.626998e-05    9.686245e-03    0.000000e+00 
	   energy              6.543386e-04    1.533021e-06    6.543386e-06 
	   displacement        4.037094e-02    3.017807e-06    4.049905e-08 
 7
 Nonlinear solution status: time= 0.359232
	stiffness updates             = 6
	right hand side evaluations   = 9
	stiffness matrix reformations = 1
	step from line search         = 1.000000
	convergence norms :     INITIAL         CURRENT         REQUIRED
	   residual            4.626998e-05    5.882071e-03    0.000000e+00 
	   energy              6.543386e-04    6.360326e-07    6.543386e-06 
	   displacement        4.037094e-02    2.425029e-06    4.006412e-08 
 8
 Nonlinear solution status: time= 0.359232
	stiffness updates             = 7
	right hand side evaluations   = 10
	stiffness matrix reformations = 1
	step from line search         = 1.000000
	convergence norms :     INITIAL         CURRENT         REQUIRED
	   residual            4.626998e-05    4.264509e-03    0.000000e+00 
	   energy              6.543386e-04    4.980902e-07    6.543386e-06 
	   displacement        4.037094e-02    1.240471e-06    4.024047e-08 
 9
 Nonlinear solution status: time= 0.359232
	stiffness updates             = 8
	right hand side evaluations   = 11
	stiffness matrix reformations = 1
	step from line search         = 1.000000
	convergence norms :     INITIAL         CURRENT         REQUIRED
	   residual            4.626998e-05    1.679143e-03    0.000000e+00 
	   energy              6.543386e-04    2.147482e-07    6.543386e-06 
	   displacement        4.037094e-02    8.675444e-07    4.055566e-08 
 10
 Nonlinear solution status: time= 0.359232
	stiffness updates             = 9
	right hand side evaluations   = 12
	stiffness matrix reformations = 1
	step from line search         = 1.000000
	convergence norms :     INITIAL         CURRENT         REQUIRED
	   residual            4.626998e-05    2.425375e-03    0.000000e+00 
	   energy              6.543386e-04    2.023138e-07    6.543386e-06 
	   displacement        4.037094e-02    3.306362e-07    4.055126e-08 

 *************************************************************************
 *                               WARNING                                 *
 * Max nr of iterations reached.                                         *
 * Stiffness matrix will now be reformed.                                *
 *************************************************************************
Reforming stiffness matrix: reformation #2

 11
 Nonlinear solution status: time= 0.359232
	stiffness updates             = 0
	right hand side evaluations   = 13
	stiffness matrix reformations = 2
	step from line search         = 1.000000
	convergence norms :     INITIAL         CURRENT         REQUIRED
	   residual            4.626998e-05    2.697432e-07    0.000000e+00 
	   energy              6.543386e-04    2.047428e-09    6.543386e-06 
	   displacement        4.037094e-02    1.026434e-07    4.053447e-08 
 12
 Nonlinear solution status: time= 0.359232
	stiffness updates             = 1
	right hand side evaluations   = 14
	stiffness matrix reformations = 2
	step from line search         = 1.000000
	convergence norms :     INITIAL         CURRENT         REQUIRED
	   residual            4.626998e-05    5.637635e-09    0.000000e+00 
	   energy              6.543386e-04    1.513521e-11    6.543386e-06 
	   displacement        4.037094e-02    6.944473e-10    4.052567e-08 

convergence summary
    number of iterations   : 12
    number of reformations : 2

------- converged at time : 0.359232


AUTO STEPPER: decreasing time step, dt = 0.0722082


===== beginning time step 5 : 0.431441 =====


Reforming stiffness matrix: reformation #1

 1
 Nonlinear solution status: time= 0.431441
	stiffness updates             = 0
	right hand side evaluations   = 2
	stiffness matrix reformations = 1
	step from line search         = 1.000000
	convergence norms :     INITIAL         CURRENT         REQUIRED
	   residual            3.687808e-05    2.102823e-01    0.000000e+00 
	   energy              6.019552e-04    6.093355e-05    6.019552e-06 
	   displacement        3.730752e-02    3.730752e-02    3.730752e-08 
 2
 Nonlinear solution status: time= 0.431441
	stiffness updates             = 1
	right hand side evaluations   = 4
	stiffness matrix reformations = 1
	step from line search         = 0.584130
	convergence norms :     INITIAL         CURRENT         REQUIRED
	   residual            3.687808e-05    3.216629e-02    0.000000e+00 
	   energy              6.019552e-04    1.702985e-05    6.019552e-06 
	   displacement        3.730752e-02    3.315158e-05    3.691565e-08 
 3
 Nonlinear solution status: time= 0.431441
	stiffness updates             = 2
	right hand side evaluations   = 5
	stiffness matrix reformations = 1
	step from line search         = 1.000000
	convergence norms :     INITIAL         CURRENT         REQUIRED
	   residual            3.687808e-05    2.772077e-02    0.000000e+00 
	   energy              6.019552e-04    4.308770e-06    6.019552e-06 
	   displacement        3.730752e-02    5.070216e-05    3.441903e-08 
 4
 Nonlinear solution status: time= 0.431441
	stiffness updates             = 3
	right hand side evaluations   = 6
	stiffness matrix reformations = 1
	step from line search         = 1.000000
	convergence norms :     INITIAL         CURRENT         REQUIRED
	   residual            3.687808e-05    1.552717e-02    0.000000e+00 
	   energy              6.019552e-04    3.103721e-06    6.019552e-06 
	   displacement        3.730752e-02    2.808763e-05    3.568718e-08 
 5
 Nonlinear solution status: time= 0.431441
	stiffness updates             = 4
	right hand side evaluations   = 7
	stiffness matrix reformations = 1
	step from line search         = 1.000000
	convergence norms :     INITIAL         CURRENT         REQUIRED
	   residual            3.687808e-05    1.210374e-02    0.000000e+00 
	   energy              6.019552e-04    1.252841e-06    6.019552e-06 
	   displacement        3.730752e-02    1.977984e-05    3.724763e-08 
 6
 Nonlinear solution status: time= 0.431441
	stiffness updates             = 5
	right hand side evaluations   = 8
	stiffness matrix reformations = 1
	step from line search         = 1.000000
	convergence norms :     INITIAL         CURRENT         REQUIRED
	   residual            3.687808e-05    5.213775e-03    0.000000e+00 
	   energy              6.019552e-04    9.549317e-07    6.019552e-06 
	   displacement        3.730752e-02    2.322963e-06    3.748129e-08 
 7
 Nonlinear solution status: time= 0.431441
	stiffness updates             = 6
	right hand side evaluations   = 9
	stiffness matrix reformations = 1
	step from line search         = 1.000000
	convergence norms :     INITIAL         CURRENT         REQUIRED
	   residual            3.687808e-05    2.883188e-03    0.000000e+00 
	   energy              6.019552e-04    3.340166e-07    6.019552e-06 
	   displacement        3.730752e-02    1.368738e-06    3.718265e-08 
 8
 Nonlinear solution status: time= 0.431441
	stiffness updates             = 7
	right hand side evaluations   = 10
	stiffness matrix reformations = 1
	step from line search         = 1.000000
	convergence norms :     INITIAL         CURRENT         REQUIRED
	   residual            3.687808e-05    2.100685e-03    0.000000e+00 
	   energy              6.019552e-04    2.858199e-07    6.019552e-06 
	   displacement        3.730752e-02    8.222975e-07    3.730753e-08 
 9
 Nonlinear solution status: time= 0.431441
	stiffness updates             = 8
	right hand side evaluations   = 11
	stiffness matrix reformations = 1
	step from line search         = 1.000000
	convergence norms :     INITIAL         CURRENT         REQUIRED
	   residual            3.687808e-05    7.182500e-04    0.000000e+00 
	   energy              6.019552e-04    9.605952e-08    6.019552e-06 
	   displacement        3.730752e-02    3.917413e-07    3.750782e-08 
 10
 Nonlinear solution status: time= 0.431441
	stiffness updates             = 9
	right hand side evaluations   = 12
	stiffness matrix reformations = 1
	step from line search         = 1.000000
	convergence norms :     INITIAL         CURRENT         REQUIRED
	   residual            3.687808e-05    1.118470e-03    0.000000e+00 
	   energy              6.019552e-04    1.037712e-07    6.019552e-06 
	   displacement        3.730752e-02    2.112644e-07    3.750176e-08 

 *************************************************************************
 *                               WARNING                                 *
 * Max nr of iterations reached.                                         *
 * Stiffness matrix will now be reformed.                                *
 *************************************************************************
Reforming stiffness matrix: reformation #2

 11
 Nonlinear solution status: time= 0.431441
	stiffness updates             = 0
	right hand side evaluations   = 13
	stiffness matrix reformations = 2
	step from line search         = 1.000000
	convergence norms :     INITIAL         CURRENT         REQUIRED
	   residual            3.687808e-05    7.459180e-08    0.000000e+00 
	   energy              6.019552e-04    7.636691e-10    6.019552e-06 
	   displacement        3.730752e-02    5.810729e-08    3.748341e-08 
 12
 Nonlinear solution status: time= 0.431441
	stiffness updates             = 1
	right hand side evaluations   = 14
	stiffness matrix reformations = 2
	step from line search         = 1.000000
	convergence norms :     INITIAL         CURRENT         REQUIRED
	   residual            3.687808e-05    6.527937e-10    0.000000e+00 
	   energy              6.019552e-04    2.563531e-12    6.019552e-06 
	   displacement        3.730752e-02    1.776642e-10    3.747909e-08 

convergence summary
    number of iterations   : 12
    number of reformations : 2

------- converged at time : 0.431441


AUTO STEPPER: decreasing time step, dt = 0.0691341


===== beginning time step 6 : 0.500575 =====


Reforming stiffness matrix: reformation #1

 1
 Nonlinear solution status: time= 0.500575
	stiffness updates             = 0
	right hand side evaluations   = 2
	stiffness matrix reformations = 1
	step from line search         = 1.000000
	convergence norms :     INITIAL         CURRENT         REQUIRED
	   residual            3.380238e-05    1.602908e-01    0.000000e+00 
	   energy              5.540889e-04    5.300815e-05    5.540889e-06 
	   displacement        3.452462e-02    3.452462e-02    3.452462e-08 
 2
 Nonlinear solution status: time= 0.500575
	stiffness updates             = 1
	right hand side evaluations   = 4
	stiffness matrix reformations = 1
	step from line search         = 0.591973
	convergence norms :     INITIAL         CURRENT         REQUIRED
	   residual            3.380238e-05    2.156219e-02    0.000000e+00 
	   energy              5.540889e-04    1.433139e-05    5.540889e-06 
	   displacement        3.452462e-02    3.109071e-05    3.411021e-08 
 3
 Nonlinear solution status: time= 0.500575
	stiffness updates             = 2
	right hand side evaluations   = 5
	stiffness matrix reformations = 1
	step from line search         = 1.000000
	convergence norms :     INITIAL         CURRENT         REQUIRED
	   residual            3.380238e-05    1.572691e-02    0.000000e+00 
	   energy              5.540889e-04    2.797997e-06    5.540889e-06 
	   displacement        3.452462e-02    3.814940e-05    3.206586e-08 
 4
 Nonlinear solution status: time= 0.500575
	stiffness updates             = 3
	right hand side evaluations   = 6
	stiffness matrix reformations = 1
	step from line search         = 1.000000
	convergence norms :     INITIAL         CURRENT         REQUIRED
	   residual            3.380238e-05    8.346503e-03    0.000000e+00 
	   energy              5.540889e-04    2.127407e-06    5.540889e-06 
	   displacement        3.452462e-02    2.604036e-05    3.328764e-08 
 5
 Nonlinear solution status: time= 0.500575
	stiffness updates             = 4
	right hand side evaluations   = 7
	stiffness matrix reformations = 1
	step from line search         = 1.000000
	convergence norms :     INITIAL         CURRENT         REQUIRED
	   residual            3.380238e-05    6.704779e-03    0.000000e+00 
	   energy              5.540889e-04    7.454622e-07    5.540889e-06 
	   displacement        3.452462e-02    1.362638e-05    3.453955e-08 
 6
 Nonlinear solution status: time= 0.500575
	stiffness updates             = 5
	right hand side evaluations   = 8
	stiffness matrix reformations = 1
	step from line search         = 1.000000
	convergence norms :     INITIAL         CURRENT         REQUIRED
	   residual            3.380238e-05    2.918035e-03    0.000000e+00 
	   energy              5.540889e-04    6.092559e-07    5.540889e-06 
	   displacement        3.452462e-02    1.761797e-06    3.473283e-08 
 7
 Nonlinear solution status: time= 0.500575
	stiffness updates             = 6
	right hand side evaluations   = 9
	stiffness matrix reformations = 1
	step from line search         = 1.000000
	convergence norms :     INITIAL         CURRENT         REQUIRED
	   residual            3.380238e-05    1.652242e-03    0.000000e+00 
	   energy              5.540889e-04    1.940137e-07    5.540889e-06 
	   displacement        3.452462e-02    8.550891e-07    3.451852e-08 
 8
 Nonlinear solution status: time= 0.500575
	stiffness updates             = 7
	right hand side evaluations   = 10
	stiffness matrix reformations = 1
	step from line search         = 1.000000
	convergence norms :     INITIAL         CURRENT         REQUIRED
	   residual            3.380238e-05    1.000544e-03    0.000000e+00 
	   energy              5.540889e-04    1.712892e-07    5.540889e-06 
	   displacement        3.452462e-02    5.550289e-07    3.460509e-08 
 9
 Nonlinear solution status: time= 0.500575
	stiffness updates             = 8
	right hand side evaluations   = 11
	stiffness matrix reformations = 1
	step from line search         = 1.000000
	convergence norms :     INITIAL         CURRENT         REQUIRED
	   residual            3.380238e-05    3.091565e-04    0.000000e+00 
	   energy              5.540889e-04    4.907974e-08    5.540889e-06 
	   displacement        3.452462e-02    1.961593e-07    3.473620e-08 
 10
 Nonlinear solution status: time= 0.500575
	stiffness updates             = 9
	right hand side evaluations   = 12
	stiffness matrix reformations = 1
	step from line search         = 1.000000
	convergence norms :     INITIAL         CURRENT         REQUIRED
	   residual            3.380238e-05    5.191886e-04    0.000000e+00 
	   energy              5.540889e-04    5.359986e-08    5.540889e-06 
	   displacement        3.452462e-02    1.385534e-07    3.472602e-08 

 *************************************************************************
 *                               WARNING                                 *
 * Max nr of iterations reached.                                         *
 * Stiffness matrix will now be reformed.                                *
 *************************************************************************
Reforming stiffness matrix: reformation #2

 11
 Nonlinear solution status: time= 0.500575
	stiffness updates             = 0
	right hand side evaluations   = 13
	stiffness matrix reformations = 2
	step from line search         = 1.000000
	convergence norms :     INITIAL         CURRENT         REQUIRED
	   residual            3.380238e-05    1.831925e-08    0.000000e+00 
	   energy              5.540889e-04    2.596607e-10    5.540889e-06 
	   displacement        3.452462e-02    3.291402e-08    3.470929e-08 

convergence summary
    number of iterations   : 11
    number of reformations : 2

------- converged at time : 0.500575


===== beginning time step 7 : 0.569709 =====


Reforming stiffness matrix: reformation #1

 1
 Nonlinear solution status: time= 0.569709
	stiffness updates             = 0
	right hand side evaluations   = 2
	stiffness matrix reformations = 1
	step from line search         = 1.000000
	convergence norms :     INITIAL         CURRENT         REQUIRED
	   residual            3.383996e-05    1.470561e-01    0.000000e+00 
	   energy              5.567105e-04    5.512886e-05    5.567105e-06 
	   displacement        3.489828e-02    3.489828e-02    3.489828e-08 
 2
 Nonlinear solution status: time= 0.569709
	stiffness updates             = 1
	right hand side evaluations   = 4
	stiffness matrix reformations = 1
	step from line search         = 0.593780
	convergence norms :     INITIAL         CURRENT         REQUIRED
	   residual            3.383996e-05    1.899619e-02    0.000000e+00 
	   energy              5.567105e-04    1.567674e-05    5.567105e-06 
	   displacement        3.489828e-02    3.545667e-05    3.453195e-08 
 3
 Nonlinear solution status: time= 0.569709
	stiffness updates             = 2
	right hand side evaluations   = 5
	stiffness matrix reformations = 1
	step from line search         = 1.000000
	convergence norms :     INITIAL         CURRENT         REQUIRED
	   residual            3.383996e-05    1.212204e-02    0.000000e+00 
	   energy              5.567105e-04    2.420681e-06    5.567105e-06 
	   displacement        3.489828e-02    4.337321e-05    3.233923e-08 
 4
 Nonlinear solution status: time= 0.569709
	stiffness updates             = 3
	right hand side evaluations   = 6
	stiffness matrix reformations = 1
	step from line search         = 1.000000
	convergence norms :     INITIAL         CURRENT         REQUIRED
	   residual            3.383996e-05    6.715737e-03    0.000000e+00 
	   energy              5.567105e-04    2.108530e-06    5.567105e-06 
	   displacement        3.489828e-02    2.982792e-05    3.365329e-08 
 5
 Nonlinear solution status: time= 0.569709
	stiffness updates             = 4
	right hand side evaluations   = 7
	stiffness matrix reformations = 1
	step from line search         = 1.000000
	convergence norms :     INITIAL         CURRENT         REQUIRED
	   residual            3.383996e-05    5.664085e-03    0.000000e+00 
	   energy              5.567105e-04    6.569305e-07    5.567105e-06 
	   displacement        3.489828e-02    1.350959e-05    3.491414e-08 
 6
 Nonlinear solution status: time= 0.569709
	stiffness updates             = 5
	right hand side evaluations   = 8
	stiffness matrix reformations = 1
	step from line search         = 1.000000
	convergence norms :     INITIAL         CURRENT         REQUIRED
	   residual            3.383996e-05    2.553704e-03    0.000000e+00 
	   energy              5.567105e-04    6.332772e-07    5.567105e-06 
	   displacement        3.489828e-02    2.008221e-06    3.514128e-08 
 7
 Nonlinear solution status: time= 0.569709
	stiffness updates             = 6
	right hand side evaluations   = 9
	stiffness matrix reformations = 1
	step from line search         = 1.000000
	convergence norms :     INITIAL         CURRENT         REQUIRED
	   residual            3.383996e-05    1.447194e-03    0.000000e+00 
	   energy              5.567105e-04    1.849288e-07    5.567105e-06 
	   displacement        3.489828e-02    8.270934e-07    3.493754e-08 
 8
 Nonlinear solution status: time= 0.569709
	stiffness updates             = 7
	right hand side evaluations   = 10
	stiffness matrix reformations = 1
	step from line search         = 1.000000
	convergence norms :     INITIAL         CURRENT         REQUIRED
	   residual            3.383996e-05    8.900759e-04    0.000000e+00 
	   energy              5.567105e-04    1.905265e-07    5.567105e-06 
	   displacement        3.489828e-02    6.634997e-07    3.501961e-08 
 9
 Nonlinear solution status: time= 0.569709
	stiffness updates             = 8
	right hand side evaluations   = 11
	stiffness matrix reformations = 1
	step from line search         = 1.000000
	convergence norms :     INITIAL         CURRENT         REQUIRED
	   residual            3.383996e-05    2.651801e-04    0.000000e+00 
	   energy              5.567105e-04    4.869383e-08    5.567105e-06 
	   displacement        3.489828e-02    1.820742e-07    3.514184e-08 
 10
 Nonlinear solution status: time= 0.569709
	stiffness updates             = 9
	right hand side evaluations   = 13
	stiffness matrix reformations = 1
	step from line search         = 0.634728
	convergence norms :     INITIAL         CURRENT         REQUIRED
	   residual            3.383996e-05    1.239695e-04    0.000000e+00 
	   energy              5.567105e-04    9.002972e-09    5.567105e-06 
	   displacement        3.489828e-02    6.956498e-08    3.513550e-08 

 *************************************************************************
 *                               WARNING                                 *
 * Max nr of iterations reached.                                         *
 * Stiffness matrix will now be reformed.                                *
 *************************************************************************
Reforming stiffness matrix: reformation #2

 11
 Nonlinear solution status: time= 0.569709
	stiffness updates             = 0
	right hand side evaluations   = 14
	stiffness matrix reformations = 2
	step from line search         = 1.000000
	convergence norms :     INITIAL         CURRENT         REQUIRED
	   residual            3.383996e-05    9.302969e-09    0.000000e+00 
	   energy              5.567105e-04    4.094632e-11    5.567105e-06 
	   displacement        3.489828e-02    2.928649e-08    3.511628e-08 

convergence summary
    number of iterations   : 11
    number of reformations : 2

------- converged at time : 0.569709


===== beginning time step 8 : 0.638843 =====


Reforming stiffness matrix: reformation #1

 1
 Nonlinear solution status: time= 0.638843
	stiffness updates             = 0
	right hand side evaluations   = 2
	stiffness matrix reformations = 1
	step from line search         = 1.000000
	convergence norms :     INITIAL         CURRENT         REQUIRED
	   residual            3.383478e-05    1.388985e-01    0.000000e+00 
	   energy              5.598969e-04    5.795845e-05    5.598969e-06 
	   displacement        3.534772e-02    3.534772e-02    3.534772e-08 
 2
 Nonlinear solution status: time= 0.638843
	stiffness updates             = 1
	right hand side evaluations   = 4
	stiffness matrix reformations = 1
	step from line search         = 0.595569
	convergence norms :     INITIAL         CURRENT         REQUIRED
	   residual            3.383478e-05    1.724909e-02    0.000000e+00 
	   energy              5.598969e-04    1.735322e-05    5.598969e-06 
	   displacement        3.534772e-02    4.096495e-05    3.504025e-08 
 3
 Nonlinear solution status: time= 0.638843
	stiffness updates             = 2
	right hand side evaluations   = 5
	stiffness matrix reformations = 1
	step from line search         = 1.000000
	convergence norms :     INITIAL         CURRENT         REQUIRED
	   residual            3.383478e-05    9.325633e-03    0.000000e+00 
	   energy              5.598969e-04    2.076325e-06    5.598969e-06 
	   displacement        3.534772e-02    5.057922e-05    3.265279e-08 
 4
 Nonlinear solution status: time= 0.638843
	stiffness updates             = 3
	right hand side evaluations   = 6
	stiffness matrix reformations = 1
	step from line search         = 1.000000
	convergence norms :     INITIAL         CURRENT         REQUIRED
	   residual            3.383478e-05    6.307770e-03    0.000000e+00 
	   energy              5.598969e-04    2.138786e-06    5.598969e-06 
	   displacement        3.534772e-02    3.438812e-05    3.406967e-08 
 5
 Nonlinear solution status: time= 0.638843
	stiffness updates             = 4
	right hand side evaluations   = 7
	stiffness matrix reformations = 1
	step from line search         = 1.000000
	convergence norms :     INITIAL         CURRENT         REQUIRED
	   residual            3.383478e-05    4.807774e-03    0.000000e+00 
	   energy              5.598969e-04    5.700071e-07    5.598969e-06 
	   displacement        3.534772e-02    1.360393e-05    3.535281e-08 
 6
 Nonlinear solution status: time= 0.638843
	stiffness updates             = 5
	right hand side evaluations   = 8
	stiffness matrix reformations = 1
	step from line search         = 1.000000
	convergence norms :     INITIAL         CURRENT         REQUIRED
	   residual            3.383478e-05    2.370020e-03    0.000000e+00 
	   energy              5.598969e-04    6.692264e-07    5.598969e-06 
	   displacement        3.534772e-02    2.309990e-06    3.562406e-08 
 7
 Nonlinear solution status: time= 0.638843
	stiffness updates             = 6
	right hand side evaluations   = 9
	stiffness matrix reformations = 1
	step from line search         = 1.000000
	convergence norms :     INITIAL         CURRENT         REQUIRED
	   residual            3.383478e-05    1.223865e-03    0.000000e+00 
	   energy              5.598969e-04    1.755792e-07    5.598969e-06 
	   displacement        3.534772e-02    8.013775e-07    3.543474e-08 
 8
 Nonlinear solution status: time= 0.638843
	stiffness updates             = 7
	right hand side evaluations   = 10
	stiffness matrix reformations = 1
	step from line search         = 1.000000
	convergence norms :     INITIAL         CURRENT         REQUIRED
	   residual            3.383478e-05    8.231906e-04    0.000000e+00 
	   energy              5.598969e-04    2.152240e-07    5.598969e-06 
	   displacement        3.534772e-02    8.081047e-07    3.551520e-08 
 9
 Nonlinear solution status: time= 0.638843
	stiffness updates             = 8
	right hand side evaluations   = 11
	stiffness matrix reformations = 1
	step from line search         = 1.000000
	convergence norms :     INITIAL         CURRENT         REQUIRED
	   residual            3.383478e-05    2.487061e-04    0.000000e+00 
	   energy              5.598969e-04    4.976812e-08    5.598969e-06 
	   displacement        3.534772e-02    1.709706e-07    3.562706e-08 
 10
 Nonlinear solution status: time= 0.638843
	stiffness updates             = 9
	right hand side evaluations   = 13
	stiffness matrix reformations = 1
	step from line search         = 0.620146
	convergence norms :     INITIAL         CURRENT         REQUIRED
	   residual            3.383478e-05    1.028064e-04    0.000000e+00 
	   energy              5.598969e-04    1.064705e-08    5.598969e-06 
	   displacement        3.534772e-02    8.437599e-08    3.562041e-08 

 *************************************************************************
 *                               WARNING                                 *
 * Max nr of iterations reached.                                         *
 * Stiffness matrix will now be reformed.                                *
 *************************************************************************
Reforming stiffness matrix: reformation #2

 11
 Nonlinear solution status: time= 0.638843
	stiffness updates             = 0
	right hand side evaluations   = 14
	stiffness matrix reformations = 2
	step from line search         = 1.000000
	convergence norms :     INITIAL         CURRENT         REQUIRED
	   residual            3.383478e-05    1.030112e-08    0.000000e+00 
	   energy              5.598969e-04    3.880660e-11    5.598969e-06 
	   displacement        3.534772e-02    3.061906e-08    3.560475e-08 

convergence summary
    number of iterations   : 11
    number of reformations : 2

------- converged at time : 0.638843


===== beginning time step 9 : 0.707977 =====


Reforming stiffness matrix: reformation #1

 1
 Nonlinear solution status: time= 0.707977
	stiffness updates             = 0
	right hand side evaluations   = 2
	stiffness matrix reformations = 1
	step from line search         = 1.000000
	convergence norms :     INITIAL         CURRENT         REQUIRED
	   residual            3.383799e-05    1.351768e-01    0.000000e+00 
	   energy              5.635995e-04    6.160590e-05    5.635995e-06 
	   displacement        3.587427e-02    3.587427e-02    3.587427e-08 
 2
 Nonlinear solution status: time= 0.707977
	stiffness updates             = 1
	right hand side evaluations   = 4
	stiffness matrix reformations = 1
	step from line search         = 0.596886
	convergence norms :     INITIAL         CURRENT         REQUIRED
	   residual            3.383799e-05    1.635235e-02    0.000000e+00 
	   energy              5.635995e-04    1.939531e-05    5.635995e-06 
	   displacement        3.587427e-02    4.793163e-05    3.563713e-08 
 3
 Nonlinear solution status: time= 0.707977
	stiffness updates             = 2
	right hand side evaluations   = 5
	stiffness matrix reformations = 1
	step from line search         = 1.000000
	convergence norms :     INITIAL         CURRENT         REQUIRED
	   residual            3.383799e-05    7.338315e-03    0.000000e+00 
	   energy              5.635995e-04    1.760964e-06    5.635995e-06 
	   displacement        3.587427e-02    6.035319e-05    3.300207e-08 
 4
 Nonlinear solution status: time= 0.707977
	stiffness updates             = 3
	right hand side evaluations   = 6
	stiffness matrix reformations = 1
	step from line search         = 1.000000
	convergence norms :     INITIAL         CURRENT         REQUIRED
	   residual            3.383799e-05    6.426313e-03    0.000000e+00 
	   energy              5.635995e-04    2.178315e-06    5.635995e-06 
	   displacement        3.587427e-02    3.990364e-05    3.453610e-08 
 5
 Nonlinear solution status: time= 0.707977
	stiffness updates             = 4
	right hand side evaluations   = 7
	stiffness matrix reformations = 1
	step from line search         = 1.000000
	convergence norms :     INITIAL         CURRENT         REQUIRED
	   residual            3.383799e-05    3.944495e-03    0.000000e+00 
	   energy              5.635995e-04    4.508643e-07    5.635995e-06 
	   displacement        3.587427e-02    1.389492e-05    3.585207e-08 
 6
 Nonlinear solution status: time= 0.707977
	stiffness updates             = 5
	right hand side evaluations   = 8
	stiffness matrix reformations = 1
	step from line search         = 1.000000
	convergence norms :     INITIAL         CURRENT         REQUIRED
	   residual            3.383799e-05    2.293873e-03    0.000000e+00 
	   energy              5.635995e-04    6.835663e-07    5.635995e-06 
	   displacement        3.587427e-02    2.683062e-06    3.618289e-08 
 7
 Nonlinear solution status: time= 0.707977
	stiffness updates             = 6
	right hand side evaluations   = 9
	stiffness matrix reformations = 1
	step from line search         = 1.000000
	convergence norms :     INITIAL         CURRENT         REQUIRED
	   residual            3.383799e-05    1.062180e-03    0.000000e+00 
	   energy              5.635995e-04    1.727064e-07    5.635995e-06 
	   displacement        3.587427e-02    7.379637e-07    3.602239e-08 
 8
 Nonlinear solution status: time= 0.707977
	stiffness updates             = 7
	right hand side evaluations   = 10
	stiffness matrix reformations = 1
	step from line search         = 1.000000
	convergence norms :     INITIAL         CURRENT         REQUIRED
	   residual            3.383799e-05    8.669903e-04    0.000000e+00 
	   energy              5.635995e-04    2.516617e-07    5.635995e-06 
	   displacement        3.587427e-02    9.777460e-07    3.609399e-08 
 9
 Nonlinear solution status: time= 0.707977
	stiffness updates             = 8
	right hand side evaluations   = 11
	stiffness matrix reformations = 1
	step from line search         = 1.000000
	convergence norms :     INITIAL         CURRENT         REQUIRED
	   residual            3.383799e-05    2.304630e-04    0.000000e+00 
	   energy              5.635995e-04    5.194471e-08    5.635995e-06 
	   displacement        3.587427e-02    1.681206e-07    3.619410e-08 
 10
 Nonlinear solution status: time= 0.707977
	stiffness updates             = 9
	right hand side evaluations   = 13
	stiffness matrix reformations = 1
	step from line search         = 0.609472
	convergence norms :     INITIAL         CURRENT         REQUIRED
	   residual            3.383799e-05    8.953003e-05    0.000000e+00 
	   energy              5.635995e-04    1.227530e-08    5.635995e-06 
	   displacement        3.587427e-02    1.012642e-07    3.618674e-08 

 *************************************************************************
 *                               WARNING                                 *
 * Max nr of iterations reached.                                         *
 * Stiffness matrix will now be reformed.                                *
 *************************************************************************
Reforming stiffness matrix: reformation #2

 11
 Nonlinear solution status: time= 0.707977
	stiffness updates             = 0
	right hand side evaluations   = 14
	stiffness matrix reformations = 2
	step from line search         = 1.000000
	convergence norms :     INITIAL         CURRENT         REQUIRED
	   residual            3.383799e-05    1.225653e-08    0.000000e+00 
	   energy              5.635995e-04    4.340823e-11    5.635995e-06 
	   displacement        3.587427e-02    3.287976e-08    3.617464e-08 

convergence summary
    number of iterations   : 11
    number of reformations : 2

------- converged at time : 0.707977


===== beginning time step 10 : 0.777111 =====


Reforming stiffness matrix: reformation #1

 1
 Nonlinear solution status: time= 0.777111
	stiffness updates             = 0
	right hand side evaluations   = 2
	stiffness matrix reformations = 1
	step from line search         = 1.000000
	convergence norms :     INITIAL         CURRENT         REQUIRED
	   residual            3.384284e-05    1.349510e-01    0.000000e+00 
	   energy              5.678956e-04    6.652103e-05    5.678956e-06 
	   displacement        3.648846e-02    3.648846e-02    3.648846e-08 
 2
 Nonlinear solution status: time= 0.777111
	stiffness updates             = 1
	right hand side evaluations   = 4
	stiffness matrix reformations = 1
	step from line search         = 0.596908
	convergence norms :     INITIAL         CURRENT         REQUIRED
	   residual            3.384284e-05    1.718397e-02    0.000000e+00 
	   energy              5.678956e-04    2.228441e-05    5.678956e-06 
	   displacement        3.648846e-02    5.708380e-05    3.636856e-08 
 3
 Nonlinear solution status: time= 0.777111
	stiffness updates             = 2
	right hand side evaluations   = 5
	stiffness matrix reformations = 1
	step from line search         = 1.000000
	convergence norms :     INITIAL         CURRENT         REQUIRED
	   residual            3.384284e-05    7.081223e-03    0.000000e+00 
	   energy              5.678956e-04    1.700662e-06    5.678956e-06 
	   displacement        3.648846e-02    7.638872e-05    3.335425e-08 
 4
 Nonlinear solution status: time= 0.777111
	stiffness updates             = 3
	right hand side evaluations   = 6
	stiffness matrix reformations = 1
	step from line search         = 1.000000
	convergence norms :     INITIAL         CURRENT         REQUIRED
	   residual            3.384284e-05    8.821555e-03    0.000000e+00 
	   energy              5.678956e-04    2.885198e-06    5.678956e-06 
	   displacement        3.648846e-02    4.579047e-05    3.496589e-08 
 5
 Nonlinear solution status: time= 0.777111
	stiffness updates             = 4
	right hand side evaluations   = 7
	stiffness matrix reformations = 1
	step from line search         = 1.000000
	convergence norms :     INITIAL         CURRENT         REQUIRED
	   residual            3.384284e-05    7.069337e-03    0.000000e+00 
	   energy              5.678956e-04    1.163478e-06    5.678956e-06 
	   displacement        3.648846e-02    1.721917e-05    3.644655e-08 
 6
 Nonlinear solution status: time= 0.777111
	stiffness updates             = 5
	right hand side evaluations   = 9
	stiffness matrix reformations = 1
	step from line search         = 0.634459
	convergence norms :     INITIAL         CURRENT         REQUIRED
	   residual            3.384284e-05    1.420577e-03    0.000000e+00 
	   energy              5.678956e-04    4.150519e-07    5.678956e-06 
	   displacement        3.648846e-02    1.746618e-06    3.675346e-08 
 7
 Nonlinear solution status: time= 0.777111
	stiffness updates             = 6
	right hand side evaluations   = 10
	stiffness matrix reformations = 1
	step from line search         = 1.000000
	convergence norms :     INITIAL         CURRENT         REQUIRED
	   residual            3.384284e-05    1.920894e-03    0.000000e+00 
	   energy              5.678956e-04    4.626290e-07    5.678956e-06 
	   displacement        3.648846e-02    1.963951e-06    3.653306e-08 
 8
 Nonlinear solution status: time= 0.777111
	stiffness updates             = 7
	right hand side evaluations   = 11
	stiffness matrix reformations = 1
	step from line search         = 1.000000
	convergence norms :     INITIAL         CURRENT         REQUIRED
	   residual            3.384284e-05    7.138826e-04    0.000000e+00 
	   energy              5.678956e-04    1.663015e-07    5.678956e-06 
	   displacement        3.648846e-02    1.012718e-06    3.663211e-08 
 9
 Nonlinear solution status: time= 0.777111
	stiffness updates             = 8
	right hand side evaluations   = 12
	stiffness matrix reformations = 1
	step from line search         = 1.000000
	convergence norms :     INITIAL         CURRENT         REQUIRED
	   residual            3.384284e-05    5.583328e-04    0.000000e+00 
	   energy              5.678956e-04    1.917980e-07    5.678956e-06 
	   displacement        3.648846e-02    8.323982e-07    3.688360e-08 
 10
 Nonlinear solution status: time= 0.777111
	stiffness updates             = 9
	right hand side evaluations   = 13
	stiffness matrix reformations = 1
	step from line search         = 1.000000
	convergence norms :     INITIAL         CURRENT         REQUIRED
	   residual            3.384284e-05    2.678960e-04    0.000000e+00 
	   energy              5.678956e-04    6.069737e-08    5.678956e-06 
	   displacement        3.648846e-02    2.117367e-07    3.687523e-08 

 *************************************************************************
 *                               WARNING                                 *
 * Max nr of iterations reached.                                         *
 * Stiffness matrix will now be reformed.                                *
 *************************************************************************
Reforming stiffness matrix: reformation #2

 11
 Nonlinear solution status: time= 0.777111
	stiffness updates             = 0
	right hand side evaluations   = 14
	stiffness matrix reformations = 2
	step from line search         = 1.000000
	convergence norms :     INITIAL         CURRENT         REQUIRED
	   residual            3.384284e-05    4.393138e-08    0.000000e+00 
	   energy              5.678956e-04    2.616782e-10    5.678956e-06 
	   displacement        3.648846e-02    9.150209e-08    3.683610e-08 
 12
 Nonlinear solution status: time= 0.777111
	stiffness updates             = 1
	right hand side evaluations   = 15
	stiffness matrix reformations = 2
	step from line search         = 1.000000
	convergence norms :     INITIAL         CURRENT         REQUIRED
	   residual            3.384284e-05    1.562453e-10    0.000000e+00 
	   energy              5.678956e-04    1.174231e-13    5.678956e-06 
	   displacement        3.648846e-02    5.650039e-11    3.683410e-08 

convergence summary
    number of iterations   : 12
    number of reformations : 2

------- converged at time : 0.777111


AUTO STEPPER: decreasing time step, dt = 0.0661909


===== beginning time step 11 : 0.843302 =====


Reforming stiffness matrix: reformation #1

 1
 Nonlinear solution status: time= 0.843302
	stiffness updates             = 0
	right hand side evaluations   = 2
	stiffness matrix reformations = 1
	step from line search         = 1.000000
	convergence norms :     INITIAL         CURRENT         REQUIRED
	   residual            3.098525e-05    1.157839e-01    0.000000e+00 
	   energy              5.250702e-04    6.124041e-05    5.250702e-06 
	   displacement        3.409581e-02    3.409581e-02    3.409581e-08 
 2
 Nonlinear solution status: time= 0.843302
	stiffness updates             = 1
	right hand side evaluations   = 4
	stiffness matrix reformations = 1
	step from line search         = 0.599748
	convergence norms :     INITIAL         CURRENT         REQUIRED
	   residual            3.098525e-05    1.498328e-02    0.000000e+00 
	   energy              5.250702e-04    2.038529e-05    5.250702e-06 
	   displacement        3.409581e-02    5.565010e-05    3.396506e-08 
 3
 Nonlinear solution status: time= 0.843302
	stiffness updates             = 2
	right hand side evaluations   = 5
	stiffness matrix reformations = 1
	step from line search         = 1.000000
	convergence norms :     INITIAL         CURRENT         REQUIRED
	   residual            3.098525e-05    5.202941e-03    0.000000e+00 
	   energy              5.250702e-04    1.238587e-06    5.250702e-06 
	   displacement        3.409581e-02    6.868995e-05    3.122060e-08 
 4
 Nonlinear solution status: time= 0.843302
	stiffness updates             = 3
	right hand side evaluations   = 6
	stiffness matrix reformations = 1
	step from line search         = 1.000000
	convergence norms :     INITIAL         CURRENT         REQUIRED
	   residual            3.098525e-05    7.512223e-03    0.000000e+00 
	   energy              5.250702e-04    2.474193e-06    5.250702e-06 
	   displacement        3.409581e-02    4.331466e-05    3.275692e-08 
 5
 Nonlinear solution status: time= 0.843302
	stiffness updates             = 4
	right hand side evaluations   = 7
	stiffness matrix reformations = 1
	step from line search         = 1.000000
	convergence norms :     INITIAL         CURRENT         REQUIRED
	   residual            3.098525e-05    5.357643e-03    0.000000e+00 
	   energy              5.250702e-04    1.008595e-06    5.250702e-06 
	   displacement        3.409581e-02    1.484282e-05    3.408872e-08 
 6
 Nonlinear solution status: time= 0.843302
	stiffness updates             = 5
	right hand side evaluations   = 8
	stiffness matrix reformations = 1
	step from line search         = 1.000000
	convergence norms :     INITIAL         CURRENT         REQUIRED
	   residual            3.098525e-05    4.318091e-03    0.000000e+00 
	   energy              5.250702e-04    1.536715e-06    5.250702e-06 
	   displacement        3.409581e-02    3.830555e-06    3.451422e-08 
 7
 Nonlinear solution status: time= 0.843302
	stiffness updates             = 6
	right hand side evaluations   = 9
	stiffness matrix reformations = 1
	step from line search         = 1.000000
	convergence norms :     INITIAL         CURRENT         REQUIRED
	   residual            3.098525e-05    9.525915e-04    0.000000e+00 
	   energy              5.250702e-04    2.237150e-07    5.250702e-06 
	   displacement        3.409581e-02    2.229198e-06    3.413879e-08 
 8
 Nonlinear solution status: time= 0.843302
	stiffness updates             = 7
	right hand side evaluations   = 10
	stiffness matrix reformations = 1
	step from line search         = 1.000000
	convergence norms :     INITIAL         CURRENT         REQUIRED
	   residual            3.098525e-05    1.386941e-03    0.000000e+00 
	   energy              5.250702e-04    4.053716e-07    5.250702e-06 
	   displacement        3.409581e-02    1.817542e-06    3.428493e-08 
 9
 Nonlinear solution status: time= 0.843302
	stiffness updates             = 8
	right hand side evaluations   = 11
	stiffness matrix reformations = 1
	step from line search         = 1.000000
	convergence norms :     INITIAL         CURRENT         REQUIRED
	   residual            3.098525e-05    2.219045e-04    0.000000e+00 
	   energy              5.250702e-04    5.858604e-08    5.250702e-06 
	   displacement        3.409581e-02    3.255985e-07    3.443040e-08 
 10
 Nonlinear solution status: time= 0.843302
	stiffness updates             = 9
	right hand side evaluations   = 13
	stiffness matrix reformations = 1
	step from line search         = 0.596048
	convergence norms :     INITIAL         CURRENT         REQUIRED
	   residual            3.098525e-05    1.121468e-04    0.000000e+00 
	   energy              5.250702e-04    1.847567e-08    5.250702e-06 
	   displacement        3.409581e-02    1.294715e-07    3.442303e-08 

 *************************************************************************
 *                               WARNING                                 *
 * Max nr of iterations reached.                                         *
 * Stiffness matrix will now be reformed.                                *
 *************************************************************************
Reforming stiffness matrix: reformation #2

 11
 Nonlinear solution status: time= 0.843302
	stiffness updates             = 0
	right hand side evaluations   = 14
	stiffness matrix reformations = 2
	step from line search         = 1.000000
	convergence norms :     INITIAL         CURRENT         REQUIRED
	   residual            3.098525e-05    1.480100e-07    0.000000e+00 
	   energy              5.250702e-04    3.230119e-10    5.250702e-06 
	   displacement        3.409581e-02    7.000408e-08    3.443753e-08 
 12
 Nonlinear solution status: time= 0.843302
	stiffness updates             = 1
	right hand side evaluations   = 15
	stiffness matrix reformations = 2
	step from line search         = 1.000000
	convergence norms :     INITIAL         CURRENT         REQUIRED
	   residual            3.098525e-05    2.669050e-10    0.000000e+00 
	   energy              5.250702e-04    1.416232e-12    5.250702e-06 
	   displacement        3.409581e-02    1.315931e-11    3.443794e-08 

convergence summary
    number of iterations   : 12
    number of reformations : 2

------- converged at time : 0.843302


AUTO STEPPER: decreasing time step, dt = 0.063373


===== beginning time step 12 : 0.906675 =====


Reforming stiffness matrix: reformation #1

 1
 Nonlinear solution status: time= 0.906675
	stiffness updates             = 0
	right hand side evaluations   = 2
	stiffness matrix reformations = 1
	step from line search         = 1.000000
	convergence norms :     INITIAL         CURRENT         REQUIRED
	   residual            2.840351e-05    9.960332e-02    0.000000e+00 
	   energy              4.857151e-04    5.665807e-05    4.857151e-06 
	   displacement        3.189503e-02    3.189503e-02    3.189503e-08 
 2
 Nonlinear solution status: time= 0.906675
	stiffness updates             = 1
	right hand side evaluations   = 4
	stiffness matrix reformations = 1
	step from line search         = 0.602554
	convergence norms :     INITIAL         CURRENT         REQUIRED
	   residual            2.840351e-05    1.311311e-02    0.000000e+00 
	   energy              4.857151e-04    1.874191e-05    4.857151e-06 
	   displacement        3.189503e-02    5.453492e-05    3.175240e-08 
 3
 Nonlinear solution status: time= 0.906675
	stiffness updates             = 2
	right hand side evaluations   = 5
	stiffness matrix reformations = 1
	step from line search         = 1.000000
	convergence norms :     INITIAL         CURRENT         REQUIRED
	   residual            2.840351e-05    3.702305e-03    0.000000e+00 
	   energy              4.857151e-04    8.449613e-07    4.857151e-06 
	   displacement        3.189503e-02    6.245146e-05    2.924106e-08 
 4
 Nonlinear solution status: time= 0.906675
	stiffness updates             = 3
	right hand side evaluations   = 6
	stiffness matrix reformations = 1
	step from line search         = 1.000000
	convergence norms :     INITIAL         CURRENT         REQUIRED
	   residual            2.840351e-05    6.250400e-03    0.000000e+00 
	   energy              4.857151e-04    2.018254e-06    4.857151e-06 
	   displacement        3.189503e-02    4.128093e-05    3.071778e-08 
 5
 Nonlinear solution status: time= 0.906675
	stiffness updates             = 4
	right hand side evaluations   = 7
	stiffness matrix reformations = 1
	step from line search         = 1.000000
	convergence norms :     INITIAL         CURRENT         REQUIRED
	   residual            2.840351e-05    3.610253e-03    0.000000e+00 
	   energy              4.857151e-04    6.763093e-07    4.857151e-06 
	   displacement        3.189503e-02    1.247960e-05    3.190355e-08 
 6
 Nonlinear solution status: time= 0.906675
	stiffness updates             = 5
	right hand side evaluations   = 8
	stiffness matrix reformations = 1
	step from line search         = 1.000000
	convergence norms :     INITIAL         CURRENT         REQUIRED
	   residual            2.840351e-05    2.975389e-03    0.000000e+00 
	   energy              4.857151e-04    1.132502e-06    4.857151e-06 
	   displacement        3.189503e-02    3.188454e-06    3.228436e-08 
 7
 Nonlinear solution status: time= 0.906675
	stiffness updates             = 6
	right hand side evaluations   = 9
	stiffness matrix reformations = 1
	step from line search         = 1.000000
	convergence norms :     INITIAL         CURRENT         REQUIRED
	   residual            2.840351e-05    6.186872e-04    0.000000e+00 
	   energy              4.857151e-04    1.510338e-07    4.857151e-06 
	   displacement        3.189503e-02    1.481779e-06    3.201107e-08 
 8
 Nonlinear solution status: time= 0.906675
	stiffness updates             = 7
	right hand side evaluations   = 10
	stiffness matrix reformations = 1
	step from line search         = 1.000000
	convergence norms :     INITIAL         CURRENT         REQUIRED
	   residual            2.840351e-05    8.923714e-04    0.000000e+00 
	   energy              4.857151e-04    2.804506e-07    4.857151e-06 
	   displacement        3.189503e-02    1.383298e-06    3.213257e-08 
 9
 Nonlinear solution status: time= 0.906675
	stiffness updates             = 8
	right hand side evaluations   = 11
	stiffness matrix reformations = 1
	step from line search         = 1.000000
	convergence norms :     INITIAL         CURRENT         REQUIRED
	   residual            2.840351e-05    1.349286e-04    0.000000e+00 
	   energy              4.857151e-04    3.122806e-08    4.857151e-06 
	   displacement        3.189503e-02    2.025882e-07    3.223136e-08 
 10
 Nonlinear solution status: time= 0.906675
	stiffness updates             = 9
	right hand side evaluations   = 13
	stiffness matrix reformations = 1
	step from line search         = 0.601353
	convergence norms :     INITIAL         CURRENT         REQUIRED
	   residual            2.840351e-05    6.320404e-05    0.000000e+00 
	   energy              4.857151e-04    1.126706e-08    4.857151e-06 
	   displacement        3.189503e-02    8.883470e-08    3.222360e-08 

 *************************************************************************
 *                               WARNING                                 *
 * Max nr of iterations reached.                                         *
 * Stiffness matrix will now be reformed.                                *
 *************************************************************************
Reforming stiffness matrix: reformation #2

 11
 Nonlinear solution status: time= 0.906675
	stiffness updates             = 0
	right hand side evaluations   = 14
	stiffness matrix reformations = 2
	step from line search         = 1.000000
	convergence norms :     INITIAL         CURRENT         REQUIRED
	   residual            2.840351e-05    5.162193e-08    0.000000e+00 
	   energy              4.857151e-04    1.737113e-10    4.857151e-06 
	   displacement        3.189503e-02    4.487244e-08    3.223045e-08 
 12
 Nonlinear solution status: time= 0.906675
	stiffness updates             = 1
	right hand side evaluations   = 15
	stiffness matrix reformations = 2
	step from line search         = 1.000000
	convergence norms :     INITIAL         CURRENT         REQUIRED
	   residual            2.840351e-05    8.007773e-11    0.000000e+00 
	   energy              4.857151e-04    4.209648e-13    4.857151e-06 
	   displacement        3.189503e-02    5.674055e-12    3.223076e-08 

convergence summary
    number of iterations   : 12
    number of reformations : 2

------- converged at time : 0.906675


AUTO STEPPER: decreasing time step, dt = 0.060675


===== beginning time step 13 : 0.96735 =====


Reforming stiffness matrix: reformation #1

 1
 Nonlinear solution status: time= 0.96735
	stiffness updates             = 0
	right hand side evaluations   = 2
	stiffness matrix reformations = 1
	step from line search         = 1.000000
	convergence norms :     INITIAL         CURRENT         REQUIRED
	   residual            2.603684e-05    8.537459e-02    0.000000e+00 
	   energy              4.495000e-04    5.264569e-05    4.495000e-06 
	   displacement        2.986446e-02    2.986446e-02    2.986446e-08 
 2
 Nonlinear solution status: time= 0.96735
	stiffness updates             = 1
	right hand side evaluations   = 4
	stiffness matrix reformations = 1
	step from line search         = 0.605027
	convergence norms :     INITIAL         CURRENT         REQUIRED
	   residual            2.603684e-05    1.169322e-02    0.000000e+00 
	   energy              4.495000e-04    1.731556e-05    4.495000e-06 
	   displacement        2.986446e-02    5.368578e-05    2.971193e-08 
 3
 Nonlinear solution status: time= 0.96735
	stiffness updates             = 2
	right hand side evaluations   = 5
	stiffness matrix reformations = 1
	step from line search         = 1.000000
	convergence norms :     INITIAL         CURRENT         REQUIRED
	   residual            2.603684e-05    2.762003e-03    0.000000e+00 
	   energy              4.495000e-04    5.540725e-07    4.495000e-06 
	   displacement        2.986446e-02    5.754064e-05    2.739830e-08 
 4
 Nonlinear solution status: time= 0.96735
	stiffness updates             = 3
	right hand side evaluations   = 6
	stiffness matrix reformations = 1
	step from line search         = 1.000000
	convergence norms :     INITIAL         CURRENT         REQUIRED
	   residual            2.603684e-05    5.293515e-03    0.000000e+00 
	   energy              4.495000e-04    1.683565e-06    4.495000e-06 
	   displacement        2.986446e-02    3.936148e-05    2.881399e-08 
 5
 Nonlinear solution status: time= 0.96735
	stiffness updates             = 4
	right hand side evaluations   = 7
	stiffness matrix reformations = 1
	step from line search         = 1.000000
	convergence norms :     INITIAL         CURRENT         REQUIRED
	   residual            2.603684e-05    2.608633e-03    0.000000e+00 
	   energy              4.495000e-04    4.637386e-07    4.495000e-06 
	   displacement        2.986446e-02    1.071958e-05    2.988147e-08 
 6
 Nonlinear solution status: time= 0.96735
	stiffness updates             = 5
	right hand side evaluations   = 8
	stiffness matrix reformations = 1
	step from line search         = 1.000000
	convergence norms :     INITIAL         CURRENT         REQUIRED
	   residual            2.603684e-05    2.134166e-03    0.000000e+00 
	   energy              4.495000e-04    8.555832e-07    4.495000e-06 
	   displacement        2.986446e-02    2.711866e-06    3.022982e-08 
 7
 Nonlinear solution status: time= 0.96735
	stiffness updates             = 6
	right hand side evaluations   = 9
	stiffness matrix reformations = 1
	step from line search         = 1.000000
	convergence norms :     INITIAL         CURRENT         REQUIRED
	   residual            2.603684e-05    4.546257e-04    0.000000e+00 
	   energy              4.495000e-04    1.096656e-07    4.495000e-06 
	   displacement        2.986446e-02    1.056750e-06    3.002953e-08 
 8
 Nonlinear solution status: time= 0.96735
	stiffness updates             = 7
	right hand side evaluations   = 10
	stiffness matrix reformations = 1
	step from line search         = 1.000000
	convergence norms :     INITIAL         CURRENT         REQUIRED
	   residual            2.603684e-05    6.368182e-04    0.000000e+00 
	   energy              4.495000e-04    2.126454e-07    4.495000e-06 
	   displacement        2.986446e-02    1.092288e-06    3.012715e-08 
 9
 Nonlinear solution status: time= 0.96735
	stiffness updates             = 8
	right hand side evaluations   = 11
	stiffness matrix reformations = 1
	step from line search         = 1.000000
	convergence norms :     INITIAL         CURRENT         REQUIRED
	   residual            2.603684e-05    9.810236e-05    0.000000e+00 
	   energy              4.495000e-04    2.052946e-08    4.495000e-06 
	   displacement        2.986446e-02    1.435272e-07    3.019763e-08 
 10
 Nonlinear solution status: time= 0.96735
	stiffness updates             = 9
	right hand side evaluations   = 13
	stiffness matrix reformations = 1
	step from line search         = 0.607077
	convergence norms :     INITIAL         CURRENT         REQUIRED
	   residual            2.603684e-05    3.735397e-05    0.000000e+00 
	   energy              4.495000e-04    7.727644e-09    4.495000e-06 
	   displacement        2.986446e-02    6.749308e-08    3.018900e-08 

 *************************************************************************
 *                               WARNING                                 *
 * Max nr of iterations reached.                                         *
 * Stiffness matrix will now be reformed.                                *
 *************************************************************************
Reforming stiffness matrix: reformation #2

 11
 Nonlinear solution status: time= 0.96735
	stiffness updates             = 0
	right hand side evaluations   = 14
	stiffness matrix reformations = 2
	step from line search         = 1.000000
	convergence norms :     INITIAL         CURRENT         REQUIRED
	   residual            2.603684e-05    2.677634e-08    0.000000e+00 
	   energy              4.495000e-04    8.828459e-11    4.495000e-06 
	   displacement        2.986446e-02    3.220683e-08    3.019114e-08 
 12
 Nonlinear solution status: time= 0.96735
	stiffness updates             = 1
	right hand side evaluations   = 15
	stiffness matrix reformations = 2
	step from line search         = 1.000000
	convergence norms :     INITIAL         CURRENT         REQUIRED
	   residual            2.603684e-05    2.262987e-11    0.000000e+00 
	   energy              4.495000e-04    1.466672e-13    4.495000e-06 
	   displacement        2.986446e-02    2.346100e-12    3.019132e-08 

convergence summary
    number of iterations   : 12
    number of reformations : 2

------- converged at time : 0.96735


AUTO STEPPER: decreasing time step, dt = 0.0580919

MUST POINT CONTROLLER: adjusting time step. dt = 0.03265


===== beginning time step 14 : 1 =====


Reforming stiffness matrix: reformation #1

 1
 Nonlinear solution status: time= 1
	stiffness updates             = 0
	right hand side evaluations   = 2
	stiffness matrix reformations = 1
	step from line search         = 1.000000
	convergence norms :     INITIAL         CURRENT         REQUIRED
	   residual            7.539452e-06    7.307171e-03    0.000000e+00 
	   energy              1.314535e-04    4.746612e-06    1.314535e-06 
	   displacement        8.840534e-03    8.840534e-03    8.840534e-09 
 2
 Nonlinear solution status: time= 1
	stiffness updates             = 1
	right hand side evaluations   = 3
	stiffness matrix reformations = 1
	step from line search         = 1.000000
	convergence norms :     INITIAL         CURRENT         REQUIRED
	   residual            7.539452e-06    1.317528e-03    0.000000e+00 
	   energy              1.314535e-04    2.314058e-06    1.314535e-06 
	   displacement        8.840534e-03    7.004338e-06    8.587825e-09 
 3
 Nonlinear solution status: time= 1
	stiffness updates             = 2
	right hand side evaluations   = 4
	stiffness matrix reformations = 1
	step from line search         = 1.000000
	convergence norms :     INITIAL         CURRENT         REQUIRED
	   residual            7.539452e-06    6.500757e-05    0.000000e+00 
	   energy              1.314535e-04    9.618806e-08    1.314535e-06 
	   displacement        8.840534e-03    2.783656e-06    8.668828e-09 
 4
 Nonlinear solution status: time= 1
	stiffness updates             = 3
	right hand side evaluations   = 5
	stiffness matrix reformations = 1
	step from line search         = 1.000000
	convergence norms :     INITIAL         CURRENT         REQUIRED
	   residual            7.539452e-06    5.383108e-05    0.000000e+00 
	   energy              1.314535e-04    8.471031e-09    1.314535e-06 
	   displacement        8.840534e-03    1.721374e-06    8.872862e-09 
 5
 Nonlinear solution status: time= 1
	stiffness updates             = 4
	right hand side evaluations   = 6
	stiffness matrix reformations = 1
	step from line search         = 1.000000
	convergence norms :     INITIAL         CURRENT         REQUIRED
	   residual            7.539452e-06    1.353854e-05    0.000000e+00 
	   energy              1.314535e-04    7.896322e-10    1.314535e-06 
	   displacement        8.840534e-03    7.497644e-08    8.914886e-09 
 6
 Nonlinear solution status: time= 1
	stiffness updates             = 5
	right hand side evaluations   = 7
	stiffness matrix reformations = 1
	step from line search         = 1.000000
	convergence norms :     INITIAL         CURRENT         REQUIRED
	   residual            7.539452e-06    3.358619e-06    0.000000e+00 
	   energy              1.314535e-04    1.936230e-09    1.314535e-06 
	   displacement        8.840534e-03    2.222679e-08    8.897146e-09 
 7
 Nonlinear solution status: time= 1
	stiffness updates             = 6
	right hand side evaluations   = 8
	stiffness matrix reformations = 1
	step from line search         = 1.000000
	convergence norms :     INITIAL         CURRENT         REQUIRED
	   residual            7.539452e-06    2.944468e-07    0.000000e+00 
	   energy              1.314535e-04    1.542405e-10    1.314535e-06 
	   displacement        8.840534e-03    7.211618e-10    8.895074e-09 

convergence summary
    number of iterations   : 7
    number of reformations : 1

------- converged at time : 1



 N O N L I N E A R   I T E R A T I O N   I N F O R M A T I O N

	Number of time steps completed .................... : 14

	Total number of equilibrium iterations ............ : 163

	Average number of equilibrium iterations .......... : 11.6429

	Total number of right hand evaluations ............ : 206

	Total number of stiffness reformations ............ : 27


 L I N E A R   S O L V E R   S T A T S

	Total calls to linear solver ........ : 163

	Avg iterations per solve ............ : 1


 *************************************************************************
 * Selecting linear solver pardiso                                       *
 *************************************************************************

===== beginning time step 1 : 1.01 =====


Reforming stiffness matrix: reformation #1

===== reforming stiffness matrix:
	Nr of equations ........................... : 55493
	Nr of nonzeroes in stiffness matrix ....... : 2276590
 1
 Nonlinear solution status: time= 1.01
	stiffness updates             = 0
	right hand side evaluations   = 2
	stiffness matrix reformations = 1
	step from line search         = 1.000000
	convergence norms :     INITIAL         CURRENT         REQUIRED
	   residual            1.722509e+05    4.693021e+00    0.000000e+00 
	   energy              6.389271e+00    5.759380e-03    6.389271e-02 
	   displacement        2.462063e-02    2.462063e-02    2.462063e-08 
 2

 *************************************************************************
 *                                ERROR                                  *
 * 7 negative jacobians detected.                                        *
 *************************************************************************


------- failed to converge at time : 1.01

Retrying time step. Retry attempt 1 of max 20


AUTO STEPPER: retry step, dt = 0.00952381


===== beginning time step 1 : 1.00952 =====


Reforming stiffness matrix: reformation #1

 1
 Nonlinear solution status: time= 1.00952
	stiffness updates             = 0
	right hand side evaluations   = 2
	stiffness matrix reformations = 1
	step from line search         = 1.000000
	convergence norms :     INITIAL         CURRENT         REQUIRED
	   residual            1.581483e+05    4.313091e+00    0.000000e+00 
	   energy              5.865608e+00    5.411153e-03    5.865608e-02 
	   displacement        2.175151e-02    2.175151e-02    2.175151e-08 
 2

 *************************************************************************
 *                                ERROR                                  *
 * 6 negative jacobians detected.                                        *
 *************************************************************************


------- failed to converge at time : 1.00952

Retrying time step. Retry attempt 2 of max 20


AUTO STEPPER: retry step, dt = 0.00904762


===== beginning time step 1 : 1.00905 =====


Reforming stiffness matrix: reformation #1

 1
 Nonlinear solution status: time= 1.00905
	stiffness updates             = 0
	right hand side evaluations   = 2
	stiffness matrix reformations = 1
	step from line search         = 1.000000
	convergence norms :     INITIAL         CURRENT         REQUIRED
	   residual            1.446479e+05    3.968884e+00    0.000000e+00 
	   energy              5.364332e+00    5.077759e-03    5.364332e-02 
	   displacement        1.910493e-02    1.910493e-02    1.910493e-08 
 2

 *************************************************************************
 *                                ERROR                                  *
 * 4 negative jacobians detected.                                        *
 *************************************************************************


------- failed to converge at time : 1.00905

Retrying time step. Retry attempt 3 of max 20


AUTO STEPPER: retry step, dt = 0.00857143


===== beginning time step 1 : 1.00857 =====


Reforming stiffness matrix: reformation #1

 1
 Nonlinear solution status: time= 1.00857
	stiffness updates             = 0
	right hand side evaluations   = 2
	stiffness matrix reformations = 1
	step from line search         = 1.000000
	convergence norms :     INITIAL         CURRENT         REQUIRED
	   residual            1.311277e+05    3.621349e+00    0.000000e+00 
	   energy              4.862377e+00    4.724448e-03    4.862377e-02 
	   displacement        1.659455e-02    1.659455e-02    1.659455e-08 
 2

 *************************************************************************
 *                                ERROR                                  *
 * 3 negative jacobians detected.                                        *
 *************************************************************************


------- failed to converge at time : 1.00857

Retrying time step. Retry attempt 4 of max 20


AUTO STEPPER: retry step, dt = 0.00809524


===== beginning time step 1 : 1.0081 =====


Reforming stiffness matrix: reformation #1

 1
 Nonlinear solution status: time= 1.0081
	stiffness updates             = 0
	right hand side evaluations   = 2
	stiffness matrix reformations = 1
	step from line search         = 1.000000
	convergence norms :     INITIAL         CURRENT         REQUIRED
	   residual            1.182487e+05    3.304020e+00    0.000000e+00 
	   energy              4.384259e+00    4.383500e-03    4.384259e-02 
	   displacement        1.430303e-02    1.430303e-02    1.430303e-08 
 2

 *************************************************************************
 *                                ERROR                                  *
 * 3 negative jacobians detected.                                        *
 *************************************************************************


------- failed to converge at time : 1.0081

Retrying time step. Retry attempt 5 of max 20


AUTO STEPPER: retry step, dt = 0.00761905


===== beginning time step 1 : 1.00762 =====


Reforming stiffness matrix: reformation #1

 1
 Nonlinear solution status: time= 1.00762
	stiffness updates             = 0
	right hand side evaluations   = 2
	stiffness matrix reformations = 1
	step from line search         = 1.000000
	convergence norms :     INITIAL         CURRENT         REQUIRED
	   residual            1.060353e+05    3.014474e+00    0.000000e+00 
	   energy              3.930882e+00    4.054781e-03    3.930882e-02 
	   displacement        1.222477e-02    1.222477e-02    1.222477e-08 
 2

 *************************************************************************
 *                                ERROR                                  *
 * 2 negative jacobians detected.                                        *
 *************************************************************************


------- failed to converge at time : 1.00762

Retrying time step. Retry attempt 6 of max 20


AUTO STEPPER: retry step, dt = 0.00714286


===== beginning time step 1 : 1.00714 =====


Reforming stiffness matrix: reformation #1

 1
 Nonlinear solution status: time= 1.00714
	stiffness updates             = 0
	right hand side evaluations   = 2
	stiffness matrix reformations = 1
	step from line search         = 1.000000
	convergence norms :     INITIAL         CURRENT         REQUIRED
	   residual            9.439381e+04    2.743332e+00    0.000000e+00 
	   energy              3.498775e+00    3.731602e-03    3.498775e-02 
	   displacement        1.034055e-02    1.034055e-02    1.034055e-08 
 2

 *************************************************************************
 *                                ERROR                                  *
 * Negative jacobian detected.                                           *
 *************************************************************************


------- failed to converge at time : 1.00714

Retrying time step. Retry attempt 7 of max 20


AUTO STEPPER: retry step, dt = 0.00666667


===== beginning time step 1 : 1.00667 =====


Reforming stiffness matrix: reformation #1

 1
 Nonlinear solution status: time= 1.00667
	stiffness updates             = 0
	right hand side evaluations   = 2
	stiffness matrix reformations = 1
	step from line search         = 1.000000
	convergence norms :     INITIAL         CURRENT         REQUIRED
	   residual            8.300356e+04    2.466675e+00    0.000000e+00 
	   energy              3.076053e+00    3.393155e-03    3.076053e-02 
	   displacement        8.609570e-03    8.609570e-03    8.609570e-09 
 2

 *************************************************************************
 *                                ERROR                                  *
 * Negative jacobian detected.                                           *
 *************************************************************************


------- failed to converge at time : 1.00667

Retrying time step. Retry attempt 8 of max 20


AUTO STEPPER: retry step, dt = 0.00619048


===== beginning time step 1 : 1.00619 =====


Reforming stiffness matrix: reformation #1

 1
 Nonlinear solution status: time= 1.00619
	stiffness updates             = 0
	right hand side evaluations   = 2
	stiffness matrix reformations = 1
	step from line search         = 1.000000
	convergence norms :     INITIAL         CURRENT         REQUIRED
	   residual            7.234541e+04    2.209411e+00    0.000000e+00 
	   energy              2.680544e+00    3.065681e-03    2.680544e-02 
	   displacement        7.076878e-03    7.076878e-03    7.076878e-09 
 2

 *************************************************************************
 *                                ERROR                                  *
 * Negative jacobian detected.                                           *
 *************************************************************************


------- failed to converge at time : 1.00619

Retrying time step. Retry attempt 9 of max 20


AUTO STEPPER: retry step, dt = 0.00571429


===== beginning time step 1 : 1.00571 =====


Reforming stiffness matrix: reformation #1

 1
 Nonlinear solution status: time= 1.00571
	stiffness updates             = 0
	right hand side evaluations   = 2
	stiffness matrix reformations = 1
	step from line search         = 1.000000
	convergence norms :     INITIAL         CURRENT         REQUIRED
	   residual            6.241935e+04    1.968371e+00    0.000000e+00 
	   energy              2.312245e+00    2.748636e-03    2.312245e-02 
	   displacement        5.731855e-03    5.731855e-03    5.731855e-09 
 2
 Nonlinear solution status: time= 1.00571
	stiffness updates             = 1
	right hand side evaluations   = 4
	stiffness matrix reformations = 1
	step from line search         = 0.203743
	convergence norms :     INITIAL         CURRENT         REQUIRED
	   residual            6.241935e+04    4.860725e-01    0.000000e+00 
	   energy              2.312245e+00    1.330480e-05    2.312245e-02 
	   displacement        5.731855e-03    6.613071e-06    5.688406e-09 
 3
 Nonlinear solution status: time= 1.00571
	stiffness updates             = 2
	right hand side evaluations   = 6
	stiffness matrix reformations = 1
	step from line search         = 0.464020
	convergence norms :     INITIAL         CURRENT         REQUIRED
	   residual            6.241935e+04    6.195722e-01    0.000000e+00 
	   energy              2.312245e+00    2.541787e-05    2.312245e-02 
	   displacement        5.731855e-03    4.009321e-06    5.600054e-09 
 4
 Nonlinear solution status: time= 1.00571
	stiffness updates             = 3
	right hand side evaluations   = 8
	stiffness matrix reformations = 1
	step from line search         = 0.365020
	convergence norms :     INITIAL         CURRENT         REQUIRED
	   residual            6.241935e+04    5.938276e-01    0.000000e+00 
	   energy              2.312245e+00    2.130371e-05    2.312245e-02 
	   displacement        5.731855e-03    1.778786e-06    5.518530e-09 
 5
 Nonlinear solution status: time= 1.00571
	stiffness updates             = 4
	right hand side evaluations   = 10
	stiffness matrix reformations = 1
	step from line search         = 0.470487
	convergence norms :     INITIAL         CURRENT         REQUIRED
	   residual            6.241935e+04    6.499095e-01    0.000000e+00 
	   energy              2.312245e+00    1.666416e-05    2.312245e-02 
	   displacement        5.731855e-03    1.916897e-06    5.432438e-09 
 6
 Nonlinear solution status: time= 1.00571
	stiffness updates             = 5
	right hand side evaluations   = 12
	stiffness matrix reformations = 1
	step from line search         = 0.403638
	convergence norms :     INITIAL         CURRENT         REQUIRED
	   residual            6.241935e+04    6.561852e-01    0.000000e+00 
	   energy              2.312245e+00    2.091784e-05    2.312245e-02 
	   displacement        5.731855e-03    1.682000e-06    5.388120e-09 
 7
 Nonlinear solution status: time= 1.00571
	stiffness updates             = 6
	right hand side evaluations   = 14
	stiffness matrix reformations = 1
	step from line search         = 0.477842
	convergence norms :     INITIAL         CURRENT         REQUIRED
	   residual            6.241935e+04    4.245205e-01    0.000000e+00 
	   energy              2.312245e+00    1.058972e-05    2.312245e-02 
	   displacement        5.731855e-03    1.050397e-06    5.429104e-09 
 8
 Nonlinear solution status: time= 1.00571
	stiffness updates             = 7
	right hand side evaluations   = 16
	stiffness matrix reformations = 1
	step from line search         = 0.462809
	convergence norms :     INITIAL         CURRENT         REQUIRED
	   residual            6.241935e+04    3.794543e-01    0.000000e+00 
	   energy              2.312245e+00    9.885726e-06    2.312245e-02 
	   displacement        5.731855e-03    9.123998e-07    5.482348e-09 
 9
 Nonlinear solution status: time= 1.00571
	stiffness updates             = 8
	right hand side evaluations   = 18
	stiffness matrix reformations = 1
	step from line search         = 0.462954
	convergence norms :     INITIAL         CURRENT         REQUIRED
	   residual            6.241935e+04    2.153353e-01    0.000000e+00 
	   energy              2.312245e+00    6.510560e-06    2.312245e-02 
	   displacement        5.731855e-03    5.429936e-07    5.503482e-09 
 10
 Nonlinear solution status: time= 1.00571
	stiffness updates             = 9
	right hand side evaluations   = 20
	stiffness matrix reformations = 1
	step from line search         = 0.438489
	convergence norms :     INITIAL         CURRENT         REQUIRED
	   residual            6.241935e+04    2.077566e-01    0.000000e+00 
	   energy              2.312245e+00    4.820918e-06    2.312245e-02 
	   displacement        5.731855e-03    2.391669e-07    5.489116e-09 

 *************************************************************************
 *                               WARNING                                 *
 * Max nr of iterations reached.                                         *
 * Stiffness matrix will now be reformed.                                *
 *************************************************************************
Reforming stiffness matrix: reformation #2

 11
 Nonlinear solution status: time= 1.00571
	stiffness updates             = 0
	right hand side evaluations   = 21
	stiffness matrix reformations = 2
	step from line search         = 1.000000
	convergence norms :     INITIAL         CURRENT         REQUIRED
	   residual            6.241935e+04    2.582667e-03    0.000000e+00 
	   energy              2.312245e+00    5.826874e-07    2.312245e-02 
	   displacement        5.731855e-03    7.997293e-07    5.452347e-09 
 12
 Nonlinear solution status: time= 1.00571
	stiffness updates             = 1
	right hand side evaluations   = 23
	stiffness matrix reformations = 2
	step from line search         = 0.439982
	convergence norms :     INITIAL         CURRENT         REQUIRED
	   residual            6.241935e+04    7.745159e-04    0.000000e+00 
	   energy              2.312245e+00    1.650317e-07    2.312245e-02 
	   displacement        5.731855e-03    6.408924e-08    5.454501e-09 
 13
 Nonlinear solution status: time= 1.00571
	stiffness updates             = 2
	right hand side evaluations   = 24
	stiffness matrix reformations = 2
	step from line search         = 1.000000
	convergence norms :     INITIAL         CURRENT         REQUIRED
	   residual            6.241935e+04    4.880148e-04    0.000000e+00 
	   energy              2.312245e+00    8.642909e-09    2.312245e-02 
	   displacement        5.731855e-03    2.592230e-08    5.458160e-09 
 14
 Nonlinear solution status: time= 1.00571
	stiffness updates             = 3
	right hand side evaluations   = 25
	stiffness matrix reformations = 2
	step from line search         = 1.000000
	convergence norms :     INITIAL         CURRENT         REQUIRED
	   residual            6.241935e+04    3.354354e-05    0.000000e+00 
	   energy              2.312245e+00    4.661739e-09    2.312245e-02 
	   displacement        5.731855e-03    3.111099e-09    5.457762e-09 

convergence summary
    number of iterations   : 14
    number of reformations : 2

------- converged at time : 1.00571


AUTO STEPPER: decreasing time step, dt = 0.00506517


===== beginning time step 2 : 1.01078 =====


Reforming stiffness matrix: reformation #1

 1
 Nonlinear solution status: time= 1.01078
	stiffness updates             = 0
	right hand side evaluations   = 2
	stiffness matrix reformations = 1
	step from line search         = 1.000000
	convergence norms :     INITIAL         CURRENT         REQUIRED
	   residual            5.367065e+04    7.712282e-01    0.000000e+00 
	   energy              1.389411e+00    6.486922e-04    1.389411e-02 
	   displacement        8.305580e-03    8.305580e-03    8.305580e-09 
 2
 Nonlinear solution status: time= 1.01078
	stiffness updates             = 1
	right hand side evaluations   = 4
	stiffness matrix reformations = 1
	step from line search         = 0.485168
	convergence norms :     INITIAL         CURRENT         REQUIRED
	   residual            5.367065e+04    3.799603e-01    0.000000e+00 
	   energy              1.389411e+00    1.443449e-04    1.389411e-02 
	   displacement        8.305580e-03    6.729345e-05    7.741679e-09 
 3
 Nonlinear solution status: time= 1.01078
	stiffness updates             = 2
	right hand side evaluations   = 5
	stiffness matrix reformations = 1
	step from line search         = 1.000000
	convergence norms :     INITIAL         CURRENT         REQUIRED
	   residual            5.367065e+04    2.509830e-01    0.000000e+00 
	   energy              1.389411e+00    2.828301e-05    1.389411e-02 
	   displacement        8.305580e-03    1.957108e-05    7.447677e-09 
 4
 Nonlinear solution status: time= 1.01078
	stiffness updates             = 3
	right hand side evaluations   = 7
	stiffness matrix reformations = 1
	step from line search         = 0.461297
	convergence norms :     INITIAL         CURRENT         REQUIRED
	   residual            5.367065e+04    1.425064e-01    0.000000e+00 
	   energy              1.389411e+00    1.591915e-05    1.389411e-02 
	   displacement        8.305580e-03    5.938126e-06    7.442554e-09 
 5
 Nonlinear solution status: time= 1.01078
	stiffness updates             = 4
	right hand side evaluations   = 9
	stiffness matrix reformations = 1
	step from line search         = 0.584826
	convergence norms :     INITIAL         CURRENT         REQUIRED
	   residual            5.367065e+04    7.048899e-02    0.000000e+00 
	   energy              1.389411e+00    5.216292e-06    1.389411e-02 
	   displacement        8.305580e-03    2.333904e-06    7.553857e-09 
 6
 Nonlinear solution status: time= 1.01078
	stiffness updates             = 5
	right hand side evaluations   = 11
	stiffness matrix reformations = 1
	step from line search         = 0.555299
	convergence norms :     INITIAL         CURRENT         REQUIRED
	   residual            5.367065e+04    3.963363e-02    0.000000e+00 
	   energy              1.389411e+00    3.182828e-06    1.389411e-02 
	   displacement        8.305580e-03    1.330437e-06    7.646233e-09 
 7
 Nonlinear solution status: time= 1.01078
	stiffness updates             = 6
	right hand side evaluations   = 13
	stiffness matrix reformations = 1
	step from line search         = 0.573857
	convergence norms :     INITIAL         CURRENT         REQUIRED
	   residual            5.367065e+04    1.205221e-02    0.000000e+00 
	   energy              1.389411e+00    1.321831e-06    1.389411e-02 
	   displacement        8.305580e-03    4.209334e-07    7.670146e-09 
 8
 Nonlinear solution status: time= 1.01078
	stiffness updates             = 7
	right hand side evaluations   = 15
	stiffness matrix reformations = 1
	step from line search         = 0.597876
	convergence norms :     INITIAL         CURRENT         REQUIRED
	   residual            5.367065e+04    7.277230e-03    0.000000e+00 
	   energy              1.389411e+00    4.759039e-07    1.389411e-02 
	   displacement        8.305580e-03    2.074548e-07    7.653338e-09 
 9
 Nonlinear solution status: time= 1.01078
	stiffness updates             = 8
	right hand side evaluations   = 17
	stiffness matrix reformations = 1
	step from line search         = 0.573475
	convergence norms :     INITIAL         CURRENT         REQUIRED
	   residual            5.367065e+04    6.496047e-03    0.000000e+00 
	   energy              1.389411e+00    3.638071e-07    1.389411e-02 
	   displacement        8.305580e-03    2.171446e-07    7.638131e-09 
 10
 Nonlinear solution status: time= 1.01078
	stiffness updates             = 9
	right hand side evaluations   = 19
	stiffness matrix reformations = 1
	step from line search         = 0.616628
	convergence norms :     INITIAL         CURRENT         REQUIRED
	   residual            5.367065e+04    3.453497e-03    0.000000e+00 
	   energy              1.389411e+00    1.450888e-07    1.389411e-02 
	   displacement        8.305580e-03    1.146521e-07    7.639452e-09 

 *************************************************************************
 *                               WARNING                                 *
 * Max nr of iterations reached.                                         *
 * Stiffness matrix will now be reformed.                                *
 *************************************************************************
Reforming stiffness matrix: reformation #2

 11
 Nonlinear solution status: time= 1.01078
	stiffness updates             = 0
	right hand side evaluations   = 20
	stiffness matrix reformations = 2
	step from line search         = 1.000000
	convergence norms :     INITIAL         CURRENT         REQUIRED
	   residual            5.367065e+04    7.280366e-06    0.000000e+00 
	   energy              1.389411e+00    1.021888e-08    1.389411e-02 
	   displacement        8.305580e-03    1.937913e-07    7.665302e-09 
 12
 Nonlinear solution status: time= 1.01078
	stiffness updates             = 1
	right hand side evaluations   = 21
	stiffness matrix reformations = 2
	step from line search         = 1.000000
	convergence norms :     INITIAL         CURRENT         REQUIRED
	   residual            5.367065e+04    2.093166e-07    0.000000e+00 
	   energy              1.389411e+00    1.273667e-10    1.389411e-02 
	   displacement        8.305580e-03    1.599998e-09    7.663815e-09 

convergence summary
    number of iterations   : 12
    number of reformations : 2

------- converged at time : 1.01078


AUTO STEPPER: decreasing time step, dt = 0.00484953


===== beginning time step 3 : 1.01563 =====


Reforming stiffness matrix: reformation #1

 1
 Nonlinear solution status: time= 1.01563
	stiffness updates             = 0
	right hand side evaluations   = 2
	stiffness matrix reformations = 1
	step from line search         = 1.000000
	convergence norms :     INITIAL         CURRENT         REQUIRED
	   residual            3.908461e+04    6.096075e-01    0.000000e+00 
	   energy              9.557793e-01    1.134824e-03    9.557793e-03 
	   displacement        9.599549e-03    9.599549e-03    9.599549e-09 
 2
 Nonlinear solution status: time= 1.01563
	stiffness updates             = 1
	right hand side evaluations   = 4
	stiffness matrix reformations = 1
	step from line search         = 0.581537
	convergence norms :     INITIAL         CURRENT         REQUIRED
	   residual            3.908461e+04    3.811678e-01    0.000000e+00 
	   energy              9.557793e-01    2.243221e-04    9.557793e-03 
	   displacement        9.599549e-03    1.439415e-04    8.628675e-09 
 3
 Nonlinear solution status: time= 1.01563
	stiffness updates             = 2
	right hand side evaluations   = 5
	stiffness matrix reformations = 1
	step from line search         = 1.000000
	convergence norms :     INITIAL         CURRENT         REQUIRED
	   residual            3.908461e+04    1.382111e-01    0.000000e+00 
	   energy              9.557793e-01    9.832711e-06    9.557793e-03 
	   displacement        9.599549e-03    3.488293e-05    8.304025e-09 
 4
 Nonlinear solution status: time= 1.01563
	stiffness updates             = 3
	right hand side evaluations   = 7
	stiffness matrix reformations = 1
	step from line search         = 0.534352
	convergence norms :     INITIAL         CURRENT         REQUIRED
	   residual            3.908461e+04    7.013594e-02    0.000000e+00 
	   energy              9.557793e-01    7.577308e-06    9.557793e-03 
	   displacement        9.599549e-03    9.052569e-06    8.400374e-09 
 5
 Nonlinear solution status: time= 1.01563
	stiffness updates             = 4
	right hand side evaluations   = 9
	stiffness matrix reformations = 1
	step from line search         = 0.587788
	convergence norms :     INITIAL         CURRENT         REQUIRED
	   residual            3.908461e+04    4.908053e-02    0.000000e+00 
	   energy              9.557793e-01    3.221997e-06    9.557793e-03 
	   displacement        9.599549e-03    2.388546e-06    8.535744e-09 
 6
 Nonlinear solution status: time= 1.01563
	stiffness updates             = 5
	right hand side evaluations   = 10
	stiffness matrix reformations = 1
	step from line search         = 1.000000
	convergence norms :     INITIAL         CURRENT         REQUIRED
	   residual            3.908461e+04    2.875917e-02    0.000000e+00 
	   energy              9.557793e-01    6.171085e-06    9.557793e-03 
	   displacement        9.599549e-03    2.106991e-06    8.671822e-09 
 7
 Nonlinear solution status: time= 1.01563
	stiffness updates             = 6
	right hand side evaluations   = 11
	stiffness matrix reformations = 1
	step from line search         = 1.000000
	convergence norms :     INITIAL         CURRENT         REQUIRED
	   residual            3.908461e+04    1.757025e-02    0.000000e+00 
	   energy              9.557793e-01    3.458393e-06    9.557793e-03 
	   displacement        9.599549e-03    9.197842e-07    8.636435e-09 
 8
 Nonlinear solution status: time= 1.01563
	stiffness updates             = 7
	right hand side evaluations   = 12
	stiffness matrix reformations = 1
	step from line search         = 1.000000
	convergence norms :     INITIAL         CURRENT         REQUIRED
	   residual            3.908461e+04    1.827953e-02    0.000000e+00 
	   energy              9.557793e-01    3.315747e-06    9.557793e-03 
	   displacement        9.599549e-03    1.086656e-06    8.579587e-09 
 9
 Nonlinear solution status: time= 1.01563
	stiffness updates             = 8
	right hand side evaluations   = 13
	stiffness matrix reformations = 1
	step from line search         = 1.000000
	convergence norms :     INITIAL         CURRENT         REQUIRED
	   residual            3.908461e+04    9.188593e-03    0.000000e+00 
	   energy              9.557793e-01    1.644810e-06    9.557793e-03 
	   displacement        9.599549e-03    4.067144e-07    8.610056e-09 
 10
 Nonlinear solution status: time= 1.01563
	stiffness updates             = 9
	right hand side evaluations   = 15
	stiffness matrix reformations = 1
	step from line search         = 0.633079
	convergence norms :     INITIAL         CURRENT         REQUIRED
	   residual            3.908461e+04    2.848699e-03    0.000000e+00 
	   energy              9.557793e-01    2.532719e-07    9.557793e-03 
	   displacement        9.599549e-03    1.328440e-07    8.634293e-09 

 *************************************************************************
 *                               WARNING                                 *
 * Max nr of iterations reached.                                         *
 * Stiffness matrix will now be reformed.                                *
 *************************************************************************
Reforming stiffness matrix: reformation #2

 11
 Nonlinear solution status: time= 1.01563
	stiffness updates             = 0
	right hand side evaluations   = 16
	stiffness matrix reformations = 2
	step from line search         = 1.000000
	convergence norms :     INITIAL         CURRENT         REQUIRED
	   residual            3.908461e+04    2.729771e-06    0.000000e+00 
	   energy              9.557793e-01    1.280921e-08    9.557793e-03 
	   displacement        9.599549e-03    1.666872e-07    8.636770e-09 
 12
 Nonlinear solution status: time= 1.01563
	stiffness updates             = 1
	right hand side evaluations   = 17
	stiffness matrix reformations = 2
	step from line search         = 1.000000
	convergence norms :     INITIAL         CURRENT         REQUIRED
	   residual            3.908461e+04    7.016678e-08    0.000000e+00 
	   energy              9.557793e-01    2.214046e-10    9.557793e-03 
	   displacement        9.599549e-03    1.426398e-09    8.637300e-09 

convergence summary
    number of iterations   : 12
    number of reformations : 2

------- converged at time : 1.01563


AUTO STEPPER: decreasing time step, dt = 0.00464308


===== beginning time step 4 : 1.02027 =====


Reforming stiffness matrix: reformation #1

 1
 Nonlinear solution status: time= 1.02027
	stiffness updates             = 0
	right hand side evaluations   = 2
	stiffness matrix reformations = 1
	step from line search         = 1.000000
	convergence norms :     INITIAL         CURRENT         REQUIRED
	   residual            2.643251e+04    4.117327e-01    0.000000e+00 
	   energy              6.463930e-01    1.358080e-03    6.463930e-03 
	   displacement        9.797727e-03    9.797727e-03    9.797727e-09 
 2
 Nonlinear solution status: time= 1.02027
	stiffness updates             = 1
	right hand side evaluations   = 4
	stiffness matrix reformations = 1
	step from line search         = 0.607412
	convergence norms :     INITIAL         CURRENT         REQUIRED
	   residual            2.643251e+04    2.557971e-01    0.000000e+00 
	   energy              6.463930e-01    1.948563e-04    6.463930e-03 
	   displacement        9.797727e-03    1.615727e-04    8.649624e-09 
 3
 Nonlinear solution status: time= 1.02027
	stiffness updates             = 2
	right hand side evaluations   = 5
	stiffness matrix reformations = 1
	step from line search         = 1.000000
	convergence norms :     INITIAL         CURRENT         REQUIRED
	   residual            2.643251e+04    7.587815e-02    0.000000e+00 
	   energy              6.463930e-01    5.012280e-06    6.463930e-03 
	   displacement        9.797727e-03    3.782580e-05    8.311242e-09 
 4
 Nonlinear solution status: time= 1.02027
	stiffness updates             = 3
	right hand side evaluations   = 7
	stiffness matrix reformations = 1
	step from line search         = 0.592290
	convergence norms :     INITIAL         CURRENT         REQUIRED
	   residual            2.643251e+04    3.347515e-02    0.000000e+00 
	   energy              6.463930e-01    3.715234e-06    6.463930e-03 
	   displacement        9.797727e-03    7.506980e-06    8.431590e-09 
 5
 Nonlinear solution status: time= 1.02027
	stiffness updates             = 4
	right hand side evaluations   = 8
	stiffness matrix reformations = 1
	step from line search         = 1.000000
	convergence norms :     INITIAL         CURRENT         REQUIRED
	   residual            2.643251e+04    3.872115e-02    0.000000e+00 
	   energy              6.463930e-01    6.258161e-06    6.463930e-03 
	   displacement        9.797727e-03    4.081095e-06    8.640484e-09 
 6
 Nonlinear solution status: time= 1.02027
	stiffness updates             = 5
	right hand side evaluations   = 9
	stiffness matrix reformations = 1
	step from line search         = 1.000000
	convergence norms :     INITIAL         CURRENT         REQUIRED
	   residual            2.643251e+04    1.331076e-02    0.000000e+00 
	   energy              6.463930e-01    3.858471e-06    6.463930e-03 
	   displacement        9.797727e-03    9.784203e-07    8.693661e-09 
 7
 Nonlinear solution status: time= 1.02027
	stiffness updates             = 6
	right hand side evaluations   = 10
	stiffness matrix reformations = 1
	step from line search         = 1.000000
	convergence norms :     INITIAL         CURRENT         REQUIRED
	   residual            2.643251e+04    9.927295e-03    0.000000e+00 
	   energy              6.463930e-01    1.912941e-06    6.463930e-03 
	   displacement        9.797727e-03    1.077809e-06    8.612891e-09 
 8
 Nonlinear solution status: time= 1.02027
	stiffness updates             = 7
	right hand side evaluations   = 11
	stiffness matrix reformations = 1
	step from line search         = 1.000000
	convergence norms :     INITIAL         CURRENT         REQUIRED
	   residual            2.643251e+04    4.551444e-03    0.000000e+00 
	   energy              6.463930e-01    1.035409e-06    6.463930e-03 
	   displacement        9.797727e-03    3.687794e-07    8.604713e-09 
 9
 Nonlinear solution status: time= 1.02027
	stiffness updates             = 8
	right hand side evaluations   = 12
	stiffness matrix reformations = 1
	step from line search         = 1.000000
	convergence norms :     INITIAL         CURRENT         REQUIRED
	   residual            2.643251e+04    2.729446e-03    0.000000e+00 
	   energy              6.463930e-01    6.040995e-07    6.463930e-03 
	   displacement        9.797727e-03    2.778755e-07    8.645276e-09 
 10
 Nonlinear solution status: time= 1.02027
	stiffness updates             = 9
	right hand side evaluations   = 13
	stiffness matrix reformations = 1
	step from line search         = 1.000000
	convergence norms :     INITIAL         CURRENT         REQUIRED
	   residual            2.643251e+04    1.244291e-03    0.000000e+00 
	   energy              6.463930e-01    3.225475e-07    6.463930e-03 
	   displacement        9.797727e-03    9.868298e-08    8.652934e-09 

 *************************************************************************
 *                               WARNING                                 *
 * Max nr of iterations reached.                                         *
 * Stiffness matrix will now be reformed.                                *
 *************************************************************************
Reforming stiffness matrix: reformation #2

 11
 Nonlinear solution status: time= 1.02027
	stiffness updates             = 0
	right hand side evaluations   = 14
	stiffness matrix reformations = 2
	step from line search         = 1.000000
	convergence norms :     INITIAL         CURRENT         REQUIRED
	   residual            2.643251e+04    1.625208e-06    0.000000e+00 
	   energy              6.463930e-01    1.492741e-08    6.463930e-03 
	   displacement        9.797727e-03    1.150458e-07    8.645818e-09 
 12
 Nonlinear solution status: time= 1.02027
	stiffness updates             = 1
	right hand side evaluations   = 15
	stiffness matrix reformations = 2
	step from line search         = 1.000000
	convergence norms :     INITIAL         CURRENT         REQUIRED
	   residual            2.643251e+04    5.341311e-08    0.000000e+00 
	   energy              6.463930e-01    3.037562e-10    6.463930e-03 
	   displacement        9.797727e-03    1.956344e-09    8.646708e-09 

convergence summary
    number of iterations   : 12
    number of reformations : 2

------- converged at time : 1.02027


AUTO STEPPER: decreasing time step, dt = 0.00444541


===== beginning time step 5 : 1.02472 =====


Reforming stiffness matrix: reformation #1

 1
 Nonlinear solution status: time= 1.02472
	stiffness updates             = 0
	right hand side evaluations   = 2
	stiffness matrix reformations = 1
	step from line search         = 1.000000
	convergence norms :     INITIAL         CURRENT         REQUIRED
	   residual            1.654416e+04    2.767907e-01    0.000000e+00 
	   energy              4.177584e-01    1.404556e-03    4.177584e-03 
	   displacement        9.275941e-03    9.275941e-03    9.275941e-09 
 2
 Nonlinear solution status: time= 1.02472
	stiffness updates             = 1
	right hand side evaluations   = 4
	stiffness matrix reformations = 1
	step from line search         = 0.633224
	convergence norms :     INITIAL         CURRENT         REQUIRED
	   residual            1.654416e+04    1.481533e-01    0.000000e+00 
	   energy              4.177584e-01    1.302098e-04    4.177584e-03 
	   displacement        9.275941e-03    1.410183e-04    8.099149e-09 
 3
 Nonlinear solution status: time= 1.02472
	stiffness updates             = 2
	right hand side evaluations   = 5
	stiffness matrix reformations = 1
	step from line search         = 1.000000
	convergence norms :     INITIAL         CURRENT         REQUIRED
	   residual            1.654416e+04    3.646777e-02    0.000000e+00 
	   energy              4.177584e-01    9.991837e-06    4.177584e-03 
	   displacement        9.275941e-03    3.259379e-05    7.774462e-09 
 4
 Nonlinear solution status: time= 1.02472
	stiffness updates             = 3
	right hand side evaluations   = 6
	stiffness matrix reformations = 1
	step from line search         = 1.000000
	convergence norms :     INITIAL         CURRENT         REQUIRED
	   residual            1.654416e+04    4.567625e-02    0.000000e+00 
	   energy              4.177584e-01    1.553631e-05    4.177584e-03 
	   displacement        9.275941e-03    8.310002e-06    7.978296e-09 
 5
 Nonlinear solution status: time= 1.02472
	stiffness updates             = 4
	right hand side evaluations   = 7
	stiffness matrix reformations = 1
	step from line search         = 1.000000
	convergence norms :     INITIAL         CURRENT         REQUIRED
	   residual            1.654416e+04    1.050811e-02    0.000000e+00 
	   energy              4.177584e-01    3.594109e-06    4.177584e-03 
	   displacement        9.275941e-03    2.082380e-06    8.075951e-09 
 6
 Nonlinear solution status: time= 1.02472
	stiffness updates             = 5
	right hand side evaluations   = 8
	stiffness matrix reformations = 1
	step from line search         = 1.000000
	convergence norms :     INITIAL         CURRENT         REQUIRED
	   residual            1.654416e+04    8.495704e-03    0.000000e+00 
	   energy              4.177584e-01    3.030677e-06    4.177584e-03 
	   displacement        9.275941e-03    8.867103e-07    8.045662e-09 
 7
 Nonlinear solution status: time= 1.02472
	stiffness updates             = 6
	right hand side evaluations   = 9
	stiffness matrix reformations = 1
	step from line search         = 1.000000
	convergence norms :     INITIAL         CURRENT         REQUIRED
	   residual            1.654416e+04    2.099838e-03    0.000000e+00 
	   energy              4.177584e-01    3.769512e-07    4.177584e-03 
	   displacement        9.275941e-03    4.060117e-07    8.027353e-09 
 8
 Nonlinear solution status: time= 1.02472
	stiffness updates             = 7
	right hand side evaluations   = 10
	stiffness matrix reformations = 1
	step from line search         = 1.000000
	convergence norms :     INITIAL         CURRENT         REQUIRED
	   residual            1.654416e+04    1.418155e-03    0.000000e+00 
	   energy              4.177584e-01    4.359836e-07    4.177584e-03 
	   displacement        9.275941e-03    2.040979e-07    8.054211e-09 
 9
 Nonlinear solution status: time= 1.02472
	stiffness updates             = 8
	right hand side evaluations   = 11
	stiffness matrix reformations = 1
	step from line search         = 1.000000
	convergence norms :     INITIAL         CURRENT         REQUIRED
	   residual            1.654416e+04    2.275135e-04    0.000000e+00 
	   energy              4.177584e-01    2.114433e-08    4.177584e-03 
	   displacement        9.275941e-03    3.221345e-08    8.059205e-09 
 10
 Nonlinear solution status: time= 1.02472
	stiffness updates             = 9
	right hand side evaluations   = 12
	stiffness matrix reformations = 1
	step from line search         = 1.000000
	convergence norms :     INITIAL         CURRENT         REQUIRED
	   residual            1.654416e+04    3.145482e-04    0.000000e+00 
	   energy              4.177584e-01    7.369456e-08    4.177584e-03 
	   displacement        9.275941e-03    1.918682e-08    8.054206e-09 

 *************************************************************************
 *                               WARNING                                 *
 * Max nr of iterations reached.                                         *
 * Stiffness matrix will now be reformed.                                *
 *************************************************************************
Reforming stiffness matrix: reformation #2

 11
 Nonlinear solution status: time= 1.02472
	stiffness updates             = 0
	right hand side evaluations   = 13
	stiffness matrix reformations = 2
	step from line search         = 1.000000
	convergence norms :     INITIAL         CURRENT         REQUIRED
	   residual            1.654416e+04    3.438105e-08    0.000000e+00 
	   energy              4.177584e-01    1.792234e-09    4.177584e-03 
	   displacement        9.275941e-03    2.179196e-08    8.060100e-09 
 12
 Nonlinear solution status: time= 1.02472
	stiffness updates             = 1
	right hand side evaluations   = 14
	stiffness matrix reformations = 2
	step from line search         = 1.000000
	convergence norms :     INITIAL         CURRENT         REQUIRED
	   residual            1.654416e+04    5.912297e-09    0.000000e+00 
	   energy              4.177584e-01    4.451815e-11    4.177584e-03 
	   displacement        9.275941e-03    2.884186e-10    8.059171e-09 

convergence summary
    number of iterations   : 12
    number of reformations : 2

------- converged at time : 1.02472


AUTO STEPPER: decreasing time step, dt = 0.00425615

MUST POINT CONTROLLER: adjusting time step. dt = 0.000282526


===== beginning time step 6 : 1.025 =====


Reforming stiffness matrix: reformation #1

 1
 Nonlinear solution status: time= 1.025
	stiffness updates             = 0
	right hand side evaluations   = 2
	stiffness matrix reformations = 1
	step from line search         = 1.000000
	convergence norms :     INITIAL         CURRENT         REQUIRED
	   residual            7.368853e+01    1.082229e+00    0.000000e+00 
	   energy              1.751674e-02    1.661703e-03    1.751674e-04 
	   displacement        4.204686e-05    4.204686e-05    4.204686e-11 
 2
 Nonlinear solution status: time= 1.025
	stiffness updates             = 1
	right hand side evaluations   = 3
	stiffness matrix reformations = 1
	step from line search         = 1.000000
	convergence norms :     INITIAL         CURRENT         REQUIRED
	   residual            7.368853e+01    2.860441e-01    0.000000e+00 
	   energy              1.751674e-02    1.483008e-04    1.751674e-04 
	   displacement        4.204686e-05    6.291799e-06    3.450847e-11 
 3
 Nonlinear solution status: time= 1.025
	stiffness updates             = 2
	right hand side evaluations   = 4
	stiffness matrix reformations = 1
	step from line search         = 1.000000
	convergence norms :     INITIAL         CURRENT         REQUIRED
	   residual            7.368853e+01    8.984587e-03    0.000000e+00 
	   energy              1.751674e-02    5.467004e-06    1.751674e-04 
	   displacement        4.204686e-05    2.413605e-07    3.288659e-11 
 4
 Nonlinear solution status: time= 1.025
	stiffness updates             = 3
	right hand side evaluations   = 5
	stiffness matrix reformations = 1
	step from line search         = 1.000000
	convergence norms :     INITIAL         CURRENT         REQUIRED
	   residual            7.368853e+01    1.739605e-03    0.000000e+00 
	   energy              1.751674e-02    6.299888e-07    1.751674e-04 
	   displacement        4.204686e-05    2.823397e-08    3.326235e-11 
 5
 Nonlinear solution status: time= 1.025
	stiffness updates             = 4
	right hand side evaluations   = 6
	stiffness matrix reformations = 1
	step from line search         = 1.000000
	convergence norms :     INITIAL         CURRENT         REQUIRED
	   residual            7.368853e+01    6.465344e-05    0.000000e+00 
	   energy              1.751674e-02    1.381734e-07    1.751674e-04 
	   displacement        4.204686e-05    2.974896e-09    3.354737e-11 
 6
 Nonlinear solution status: time= 1.025
	stiffness updates             = 5
	right hand side evaluations   = 7
	stiffness matrix reformations = 1
	step from line search         = 1.000000
	convergence norms :     INITIAL         CURRENT         REQUIRED
	   residual            7.368853e+01    1.544973e-05    0.000000e+00 
	   energy              1.751674e-02    1.225231e-08    1.751674e-04 
	   displacement        4.204686e-05    7.997021e-10    3.359059e-11 
 7
 Nonlinear solution status: time= 1.025
	stiffness updates             = 6
	right hand side evaluations   = 8
	stiffness matrix reformations = 1
	step from line search         = 1.000000
	convergence norms :     INITIAL         CURRENT         REQUIRED
	   residual            7.368853e+01    2.725373e-06    0.000000e+00 
	   energy              1.751674e-02    1.427971e-09    1.751674e-04 
	   displacement        4.204686e-05    8.581731e-11    3.357916e-11 
 8
 Nonlinear solution status: time= 1.025
	stiffness updates             = 7
	right hand side evaluations   = 9
	stiffness matrix reformations = 1
	step from line search         = 1.000000
	convergence norms :     INITIAL         CURRENT         REQUIRED
	   residual            7.368853e+01    1.451434e-07    0.000000e+00 
	   energy              1.751674e-02    2.229787e-10    1.751674e-04 
	   displacement        4.204686e-05    7.284753e-12    3.357145e-11 

convergence summary
    number of iterations   : 8
    number of reformations : 1

------- converged at time : 1.025


AUTO STEPPER: increasing time step, dt = 0.00524756


===== beginning time step 7 : 1.03025 =====


Reforming stiffness matrix: reformation #1

 1
 Nonlinear solution status: time= 1.03025
	stiffness updates             = 0
	right hand side evaluations   = 2
	stiffness matrix reformations = 1
	step from line search         = 1.000000
	convergence norms :     INITIAL         CURRENT         REQUIRED
	   residual            1.339999e+04    3.169220e-01    0.000000e+00 
	   energy              3.524137e-01    1.635755e-03    3.524137e-03 
	   displacement        1.238219e-02    1.238219e-02    1.238219e-08 
 2
 Nonlinear solution status: time= 1.03025
	stiffness updates             = 1
	right hand side evaluations   = 4
	stiffness matrix reformations = 1
	step from line search         = 0.623485
	convergence norms :     INITIAL         CURRENT         REQUIRED
	   residual            1.339999e+04    1.787204e-01    0.000000e+00 
	   energy              3.524137e-01    1.844025e-04    3.524137e-03 
	   displacement        1.238219e-02    2.261739e-04    1.068247e-08 
 3
 Nonlinear solution status: time= 1.03025
	stiffness updates             = 2
	right hand side evaluations   = 5
	stiffness matrix reformations = 1
	step from line search         = 1.000000
	convergence norms :     INITIAL         CURRENT         REQUIRED
	   residual            1.339999e+04    5.298385e-02    0.000000e+00 
	   energy              3.524137e-01    7.984220e-06    3.524137e-03 
	   displacement        1.238219e-02    5.234452e-05    1.017111e-08 
 4
 Nonlinear solution status: time= 1.03025
	stiffness updates             = 3
	right hand side evaluations   = 7
	stiffness matrix reformations = 1
	step from line search         = 0.628900
	convergence norms :     INITIAL         CURRENT         REQUIRED
	   residual            1.339999e+04    2.186268e-02    0.000000e+00 
	   energy              3.524137e-01    3.169126e-06    3.524137e-03 
	   displacement        1.238219e-02    7.894305e-06    1.033738e-08 
 5
 Nonlinear solution status: time= 1.03025
	stiffness updates             = 4
	right hand side evaluations   = 8
	stiffness matrix reformations = 1
	step from line search         = 1.000000
	convergence norms :     INITIAL         CURRENT         REQUIRED
	   residual            1.339999e+04    1.442244e-02    0.000000e+00 
	   energy              3.524137e-01    3.483747e-06    3.524137e-03 
	   displacement        1.238219e-02    4.707833e-06    1.062704e-08 
 6
 Nonlinear solution status: time= 1.03025
	stiffness updates             = 5
	right hand side evaluations   = 9
	stiffness matrix reformations = 1
	step from line search         = 1.000000
	convergence norms :     INITIAL         CURRENT         REQUIRED
	   residual            1.339999e+04    8.013845e-03    0.000000e+00 
	   energy              3.524137e-01    2.392355e-06    3.524137e-03 
	   displacement        1.238219e-02    6.935656e-07    1.066164e-08 
 7
 Nonlinear solution status: time= 1.03025
	stiffness updates             = 6
	right hand side evaluations   = 10
	stiffness matrix reformations = 1
	step from line search         = 1.000000
	convergence norms :     INITIAL         CURRENT         REQUIRED
	   residual            1.339999e+04    3.981094e-03    0.000000e+00 
	   energy              3.524137e-01    9.077025e-07    3.524137e-03 
	   displacement        1.238219e-02    8.155209e-07    1.057732e-08 
 8
 Nonlinear solution status: time= 1.03025
	stiffness updates             = 7
	right hand side evaluations   = 11
	stiffness matrix reformations = 1
	step from line search         = 1.000000
	convergence norms :     INITIAL         CURRENT         REQUIRED
	   residual            1.339999e+04    1.452820e-03    0.000000e+00 
	   energy              3.524137e-01    4.638711e-07    3.524137e-03 
	   displacement        1.238219e-02    2.648562e-07    1.057716e-08 
 9
 Nonlinear solution status: time= 1.03025
	stiffness updates             = 8
	right hand side evaluations   = 12
	stiffness matrix reformations = 1
	step from line search         = 1.000000
	convergence norms :     INITIAL         CURRENT         REQUIRED
	   residual            1.339999e+04    7.898128e-04    0.000000e+00 
	   energy              3.524137e-01    1.940166e-07    3.524137e-03 
	   displacement        1.238219e-02    1.051759e-07    1.061024e-08 
 10
 Nonlinear solution status: time= 1.03025
	stiffness updates             = 9
	right hand side evaluations   = 13
	stiffness matrix reformations = 1
	step from line search         = 1.000000
	convergence norms :     INITIAL         CURRENT         REQUIRED
	   residual            1.339999e+04    3.954043e-04    0.000000e+00 
	   energy              3.524137e-01    1.164770e-07    3.524137e-03 
	   displacement        1.238219e-02    3.608866e-08    1.061858e-08 

 *************************************************************************
 *                               WARNING                                 *
 * Max nr of iterations reached.                                         *
 * Stiffness matrix will now be reformed.                                *
 *************************************************************************
Reforming stiffness matrix: reformation #2

 11
 Nonlinear solution status: time= 1.03025
	stiffness updates             = 0
	right hand side evaluations   = 14
	stiffness matrix reformations = 2
	step from line search         = 1.000000
	convergence norms :     INITIAL         CURRENT         REQUIRED
	   residual            1.339999e+04    3.952444e-08    0.000000e+00 
	   energy              3.524137e-01    3.301397e-09    3.524137e-03 
	   displacement        1.238219e-02    3.396846e-08    1.060945e-08 
 12
 Nonlinear solution status: time= 1.03025
	stiffness updates             = 1
	right hand side evaluations   = 15
	stiffness matrix reformations = 2
	step from line search         = 1.000000
	convergence norms :     INITIAL         CURRENT         REQUIRED
	   residual            1.339999e+04    7.278844e-09    0.000000e+00 
	   energy              3.524137e-01    6.809399e-11    3.524137e-03 
	   displacement        1.238219e-02    6.487593e-10    1.061066e-08 

convergence summary
    number of iterations   : 12
    number of reformations : 2

------- converged at time : 1.03025


AUTO STEPPER: decreasing time step, dt = 0.00502416


===== beginning time step 8 : 1.03527 =====


Reforming stiffness matrix: reformation #1

 1
 Nonlinear solution status: time= 1.03527
	stiffness updates             = 0
	right hand side evaluations   = 2
	stiffness matrix reformations = 1
	step from line search         = 1.000000
	convergence norms :     INITIAL         CURRENT         REQUIRED
	   residual            5.882657e+03    1.974116e-01    0.000000e+00 
	   energy              1.706404e-01    1.441301e-03    1.706404e-03 
	   displacement        1.049884e-02    1.049884e-02    1.049884e-08 
 2
 Nonlinear solution status: time= 1.03527
	stiffness updates             = 1
	right hand side evaluations   = 3
	stiffness matrix reformations = 1
	step from line search         = 1.000000
	convergence norms :     INITIAL         CURRENT         REQUIRED
	   residual            5.882657e+03    2.737338e-01    0.000000e+00 
	   energy              1.706404e-01    3.121870e-04    1.706404e-03 
	   displacement        1.049884e-02    3.658834e-04    8.347115e-09 
 3
 Nonlinear solution status: time= 1.03527
	stiffness updates             = 2
	right hand side evaluations   = 4
	stiffness matrix reformations = 1
	step from line search         = 1.000000
	convergence norms :     INITIAL         CURRENT         REQUIRED
	   residual            5.882657e+03    3.522808e-02    0.000000e+00 
	   energy              1.706404e-01    2.407979e-05    1.706404e-03 
	   displacement        1.049884e-02    7.071205e-05    8.546550e-09 
 4
 Nonlinear solution status: time= 1.03527
	stiffness updates             = 3
	right hand side evaluations   = 6
	stiffness matrix reformations = 1
	step from line search         = 0.539867
	convergence norms :     INITIAL         CURRENT         REQUIRED
	   residual            5.882657e+03    1.325788e-02    0.000000e+00 
	   energy              1.706404e-01    3.717891e-06    1.706404e-03 
	   displacement        1.049884e-02    9.456622e-06    8.794052e-09 
 5
 Nonlinear solution status: time= 1.03527
	stiffness updates             = 4
	right hand side evaluations   = 7
	stiffness matrix reformations = 1
	step from line search         = 1.000000
	convergence norms :     INITIAL         CURRENT         REQUIRED
	   residual            5.882657e+03    4.200585e-03    0.000000e+00 
	   energy              1.706404e-01    9.971394e-07    1.706404e-03 
	   displacement        1.049884e-02    1.145064e-06    8.887656e-09 
 6
 Nonlinear solution status: time= 1.03527
	stiffness updates             = 5
	right hand side evaluations   = 8
	stiffness matrix reformations = 1
	step from line search         = 1.000000
	convergence norms :     INITIAL         CURRENT         REQUIRED
	   residual            5.882657e+03    1.549568e-03    0.000000e+00 
	   energy              1.706404e-01    3.747962e-07    1.706404e-03 
	   displacement        1.049884e-02    3.014437e-07    8.873834e-09 
 7
 Nonlinear solution status: time= 1.03527
	stiffness updates             = 6
	right hand side evaluations   = 9
	stiffness matrix reformations = 1
	step from line search         = 1.000000
	convergence norms :     INITIAL         CURRENT         REQUIRED
	   residual            5.882657e+03    1.136054e-03    0.000000e+00 
	   energy              1.706404e-01    2.959313e-07    1.706404e-03 
	   displacement        1.049884e-02    2.850258e-07    8.849663e-09 
 8
 Nonlinear solution status: time= 1.03527
	stiffness updates             = 7
	right hand side evaluations   = 10
	stiffness matrix reformations = 1
	step from line search         = 1.000000
	convergence norms :     INITIAL         CURRENT         REQUIRED
	   residual            5.882657e+03    2.430324e-04    0.000000e+00 
	   energy              1.706404e-01    8.385770e-08    1.706404e-03 
	   displacement        1.049884e-02    5.725282e-08    8.864164e-09 
 9
 Nonlinear solution status: time= 1.03527
	stiffness updates             = 8
	right hand side evaluations   = 11
	stiffness matrix reformations = 1
	step from line search         = 1.000000
	convergence norms :     INITIAL         CURRENT         REQUIRED
	   residual            5.882657e+03    1.660689e-04    0.000000e+00 
	   energy              1.706404e-01    5.487528e-08    1.706404e-03 
	   displacement        1.049884e-02    2.823716e-08    8.877307e-09 
 10
 Nonlinear solution status: time= 1.03527
	stiffness updates             = 9
	right hand side evaluations   = 12
	stiffness matrix reformations = 1
	step from line search         = 1.000000
	convergence norms :     INITIAL         CURRENT         REQUIRED
	   residual            5.882657e+03    4.240649e-05    0.000000e+00 
	   energy              1.706404e-01    1.053900e-08    1.706404e-03 
	   displacement        1.049884e-02    6.364553e-09    8.873539e-09 

convergence summary
    number of iterations   : 10
    number of reformations : 1

------- converged at time : 1.03527


AUTO STEPPER: increasing time step, dt = 0.00526702


===== beginning time step 9 : 1.04054 =====


Reforming stiffness matrix: reformation #1

 1
 Nonlinear solution status: time= 1.04054
	stiffness updates             = 0
	right hand side evaluations   = 2
	stiffness matrix reformations = 1
	step from line search         = 1.000000
	convergence norms :     INITIAL         CURRENT         REQUIRED
	   residual            2.120744e+03    1.620337e-01    0.000000e+00 
	   energy              7.416979e-02    1.342974e-03    7.416979e-04 
	   displacement        1.030045e-02    1.030045e-02    1.030045e-08 
 2
 Nonlinear solution status: time= 1.04054
	stiffness updates             = 1
	right hand side evaluations   = 3
	stiffness matrix reformations = 1
	step from line search         = 1.000000
	convergence norms :     INITIAL         CURRENT         REQUIRED
	   residual            2.120744e+03    2.159840e-01    0.000000e+00 
	   energy              7.416979e-02    2.222801e-04    7.416979e-04 
	   displacement        1.030045e-02    3.134965e-04    8.161421e-09 
 3
 Nonlinear solution status: time= 1.04054
	stiffness updates             = 2
	right hand side evaluations   = 4
	stiffness matrix reformations = 1
	step from line search         = 1.000000
	convergence norms :     INITIAL         CURRENT         REQUIRED
	   residual            2.120744e+03    1.494876e-02    0.000000e+00 
	   energy              7.416979e-02    8.326306e-06    7.416979e-04 
	   displacement        1.030045e-02    5.504963e-05    8.303927e-09 
 4
 Nonlinear solution status: time= 1.04054
	stiffness updates             = 3
	right hand side evaluations   = 5
	stiffness matrix reformations = 1
	step from line search         = 1.000000
	convergence norms :     INITIAL         CURRENT         REQUIRED
	   residual            2.120744e+03    3.399022e-02    0.000000e+00 
	   energy              7.416979e-02    1.556611e-05    7.416979e-04 
	   displacement        1.030045e-02    1.344441e-05    8.683170e-09 
 5
 Nonlinear solution status: time= 1.04054
	stiffness updates             = 4
	right hand side evaluations   = 6
	stiffness matrix reformations = 1
	step from line search         = 1.000000
	convergence norms :     INITIAL         CURRENT         REQUIRED
	   residual            2.120744e+03    3.818549e-03    0.000000e+00 
	   energy              7.416979e-02    1.911709e-06    7.416979e-04 
	   displacement        1.030045e-02    1.841722e-06    8.624578e-09 
 6
 Nonlinear solution status: time= 1.04054
	stiffness updates             = 5
	right hand side evaluations   = 7
	stiffness matrix reformations = 1
	step from line search         = 1.000000
	convergence norms :     INITIAL         CURRENT         REQUIRED
	   residual            2.120744e+03    3.472620e-03    0.000000e+00 
	   energy              7.416979e-02    1.607121e-06    7.416979e-04 
	   displacement        1.030045e-02    1.019274e-06    8.539137e-09 
 7
 Nonlinear solution status: time= 1.04054
	stiffness updates             = 6
	right hand side evaluations   = 8
	stiffness matrix reformations = 1
	step from line search         = 1.000000
	convergence norms :     INITIAL         CURRENT         REQUIRED
	   residual            2.120744e+03    5.049577e-04    0.000000e+00 
	   energy              7.416979e-02    5.712676e-08    7.416979e-04 
	   displacement        1.030045e-02    2.192547e-07    8.571345e-09 
 8
 Nonlinear solution status: time= 1.04054
	stiffness updates             = 7
	right hand side evaluations   = 9
	stiffness matrix reformations = 1
	step from line search         = 1.000000
	convergence norms :     INITIAL         CURRENT         REQUIRED
	   residual            2.120744e+03    4.314898e-04    0.000000e+00 
	   energy              7.416979e-02    1.394245e-07    7.416979e-04 
	   displacement        1.030045e-02    9.471668e-08    8.604108e-09 
 9
 Nonlinear solution status: time= 1.04054
	stiffness updates             = 8
	right hand side evaluations   = 10
	stiffness matrix reformations = 1
	step from line search         = 1.000000
	convergence norms :     INITIAL         CURRENT         REQUIRED
	   residual            2.120744e+03    6.445113e-05    0.000000e+00 
	   energy              7.416979e-02    2.934313e-09    7.416979e-04 
	   displacement        1.030045e-02    1.676560e-08    8.598184e-09 
 10
 Nonlinear solution status: time= 1.04054
	stiffness updates             = 9
	right hand side evaluations   = 12
	stiffness matrix reformations = 1
	step from line search         = 0.632966
	convergence norms :     INITIAL         CURRENT         REQUIRED
	   residual            2.120744e+03    2.515462e-05    0.000000e+00 
	   energy              7.416979e-02    4.073567e-09    7.416979e-04 
	   displacement        1.030045e-02    5.422415e-09    8.591691e-09 

convergence summary
    number of iterations   : 10
    number of reformations : 1

------- converged at time : 1.04054


AUTO STEPPER: increasing time step, dt = 0.00549804


===== beginning time step 10 : 1.04604 =====


Reforming stiffness matrix: reformation #1

 1
 Nonlinear solution status: time= 1.04604
	stiffness updates             = 0
	right hand side evaluations   = 2
	stiffness matrix reformations = 1
	step from line search         = 1.000000
	convergence norms :     INITIAL         CURRENT         REQUIRED
	   residual            1.451881e+02    1.285562e-01    0.000000e+00 
	   energy              1.877066e-02    1.198962e-03    1.877066e-04 
	   displacement        9.756685e-03    9.756685e-03    9.756685e-09 
 2
 Nonlinear solution status: time= 1.04604
	stiffness updates             = 1
	right hand side evaluations   = 3
	stiffness matrix reformations = 1
	step from line search         = 1.000000
	convergence norms :     INITIAL         CURRENT         REQUIRED
	   residual            1.451881e+02    1.278348e-01    0.000000e+00 
	   energy              1.877066e-02    1.171329e-04    1.877066e-04 
	   displacement        9.756685e-03    2.253743e-04    7.847305e-09 
 3
 Nonlinear solution status: time= 1.04604
	stiffness updates             = 2
	right hand side evaluations   = 4
	stiffness matrix reformations = 1
	step from line search         = 1.000000
	convergence norms :     INITIAL         CURRENT         REQUIRED
	   residual            1.451881e+02    1.320238e-02    0.000000e+00 
	   energy              1.877066e-02    8.054802e-06    1.877066e-04 
	   displacement        9.756685e-03    3.371977e-05    7.783224e-09 
 4
 Nonlinear solution status: time= 1.04604
	stiffness updates             = 3
	right hand side evaluations   = 5
	stiffness matrix reformations = 1
	step from line search         = 1.000000
	convergence norms :     INITIAL         CURRENT         REQUIRED
	   residual            1.451881e+02    1.032865e-02    0.000000e+00 
	   energy              1.877066e-02    4.854836e-06    1.877066e-04 
	   displacement        9.756685e-03    7.060933e-06    8.093612e-09 
 5
 Nonlinear solution status: time= 1.04604
	stiffness updates             = 4
	right hand side evaluations   = 6
	stiffness matrix reformations = 1
	step from line search         = 1.000000
	convergence norms :     INITIAL         CURRENT         REQUIRED
	   residual            1.451881e+02    2.170578e-03    0.000000e+00 
	   energy              1.877066e-02    8.778666e-07    1.877066e-04 
	   displacement        9.756685e-03    4.951294e-07    8.082966e-09 
 6
 Nonlinear solution status: time= 1.04604
	stiffness updates             = 5
	right hand side evaluations   = 7
	stiffness matrix reformations = 1
	step from line search         = 1.000000
	convergence norms :     INITIAL         CURRENT         REQUIRED
	   residual            1.451881e+02    1.121554e-03    0.000000e+00 
	   energy              1.877066e-02    4.501458e-07    1.877066e-04 
	   displacement        9.756685e-03    4.196139e-07    8.022716e-09 
 7
 Nonlinear solution status: time= 1.04604
	stiffness updates             = 6
	right hand side evaluations   = 8
	stiffness matrix reformations = 1
	step from line search         = 1.000000
	convergence norms :     INITIAL         CURRENT         REQUIRED
	   residual            1.451881e+02    2.373610e-04    0.000000e+00 
	   energy              1.877066e-02    7.554218e-08    1.877066e-04 
	   displacement        9.756685e-03    5.876444e-08    8.034684e-09 
 8
 Nonlinear solution status: time= 1.04604
	stiffness updates             = 7
	right hand side evaluations   = 9
	stiffness matrix reformations = 1
	step from line search         = 1.000000
	convergence norms :     INITIAL         CURRENT         REQUIRED
	   residual            1.451881e+02    1.399114e-04    0.000000e+00 
	   energy              1.877066e-02    5.301040e-08    1.877066e-04 
	   displacement        9.756685e-03    3.885915e-08    8.055463e-09 
 9
 Nonlinear solution status: time= 1.04604
	stiffness updates             = 8
	right hand side evaluations   = 10
	stiffness matrix reformations = 1
	step from line search         = 1.000000
	convergence norms :     INITIAL         CURRENT         REQUIRED
	   residual            1.451881e+02    1.859169e-05    0.000000e+00 
	   energy              1.877066e-02    5.210804e-09    1.877066e-04 
	   displacement        9.756685e-03    6.799874e-09    8.050853e-09 

convergence summary
    number of iterations   : 9
    number of reformations : 1

------- converged at time : 1.04604


AUTO STEPPER: increasing time step, dt = 0.00597318

MUST POINT CONTROLLER: adjusting time step. dt = 0.00396322


===== beginning time step 11 : 1.05 =====


Reforming stiffness matrix: reformation #1

 1
 Nonlinear solution status: time= 1.05
	stiffness updates             = 0
	right hand side evaluations   = 2
	stiffness matrix reformations = 1
	step from line search         = 1.000000
	convergence norms :     INITIAL         CURRENT         REQUIRED
	   residual            1.665920e+02    5.181826e-02    0.000000e+00 
	   energy              1.735748e-02    8.744204e-04    1.735748e-04 
	   displacement        4.604312e-03    4.604312e-03    4.604312e-09 
 2
 Nonlinear solution status: time= 1.05
	stiffness updates             = 1
	right hand side evaluations   = 3
	stiffness matrix reformations = 1
	step from line search         = 1.000000
	convergence norms :     INITIAL         CURRENT         REQUIRED
	   residual            1.665920e+02    4.930645e-02    0.000000e+00 
	   energy              1.735748e-02    3.766343e-05    1.735748e-04 
	   displacement        4.604312e-03    1.000533e-04    3.712895e-09 
 3
 Nonlinear solution status: time= 1.05
	stiffness updates             = 2
	right hand side evaluations   = 4
	stiffness matrix reformations = 1
	step from line search         = 1.000000
	convergence norms :     INITIAL         CURRENT         REQUIRED
	   residual            1.665920e+02    3.574459e-03    0.000000e+00 
	   energy              1.735748e-02    2.494495e-06    1.735748e-04 
	   displacement        4.604312e-03    4.886738e-06    3.760418e-09 
 4
 Nonlinear solution status: time= 1.05
	stiffness updates             = 3
	right hand side evaluations   = 5
	stiffness matrix reformations = 1
	step from line search         = 1.000000
	convergence norms :     INITIAL         CURRENT         REQUIRED
	   residual            1.665920e+02    1.006266e-03    0.000000e+00 
	   energy              1.735748e-02    5.938383e-07    1.735748e-04 
	   displacement        4.604312e-03    6.568735e-07    3.812730e-09 
 5
 Nonlinear solution status: time= 1.05
	stiffness updates             = 4
	right hand side evaluations   = 6
	stiffness matrix reformations = 1
	step from line search         = 1.000000
	convergence norms :     INITIAL         CURRENT         REQUIRED
	   residual            1.665920e+02    1.380545e-04    0.000000e+00 
	   energy              1.735748e-02    5.908035e-08    1.735748e-04 
	   displacement        4.604312e-03    5.810914e-08    3.803860e-09 
 6
 Nonlinear solution status: time= 1.05
	stiffness updates             = 5
	right hand side evaluations   = 7
	stiffness matrix reformations = 1
	step from line search         = 1.000000
	convergence norms :     INITIAL         CURRENT         REQUIRED
	   residual            1.665920e+02    3.892452e-05    0.000000e+00 
	   energy              1.735748e-02    1.999786e-08    1.735748e-04 
	   displacement        4.604312e-03    1.366056e-08    3.799111e-09 
 7
 Nonlinear solution status: time= 1.05
	stiffness updates             = 6
	right hand side evaluations   = 8
	stiffness matrix reformations = 1
	step from line search         = 1.000000
	convergence norms :     INITIAL         CURRENT         REQUIRED
	   residual            1.665920e+02    3.749263e-06    0.000000e+00 
	   energy              1.735748e-02    1.451035e-09    1.735748e-04 
	   displacement        4.604312e-03    2.367282e-09    3.801248e-09 

convergence summary
    number of iterations   : 7
    number of reformations : 1

------- converged at time : 1.05


AUTO STEPPER: increasing time step, dt = 0.00677854


===== beginning time step 12 : 1.05678 =====


Reforming stiffness matrix: reformation #1

 1
 Nonlinear solution status: time= 1.05678
	stiffness updates             = 0
	right hand side evaluations   = 2
	stiffness matrix reformations = 1
	step from line search         = 1.000000
	convergence norms :     INITIAL         CURRENT         REQUIRED
	   residual            3.887318e+03    1.790452e-01    0.000000e+00 
	   energy              1.355093e-01    1.108470e-03    1.355093e-03 
	   displacement        1.179704e-02    1.179704e-02    1.179704e-08 
 2
 Nonlinear solution status: time= 1.05678
	stiffness updates             = 1
	right hand side evaluations   = 3
	stiffness matrix reformations = 1
	step from line search         = 1.000000
	convergence norms :     INITIAL         CURRENT         REQUIRED
	   residual            3.887318e+03    2.616086e-01    0.000000e+00 
	   energy              1.355093e-01    1.835333e-04    1.355093e-03 
	   displacement        1.179704e-02    3.160932e-04    9.070291e-09 
 3
 Nonlinear solution status: time= 1.05678
	stiffness updates             = 2
	right hand side evaluations   = 4
	stiffness matrix reformations = 1
	step from line search         = 1.000000
	convergence norms :     INITIAL         CURRENT         REQUIRED
	   residual            3.887318e+03    6.753565e-02    0.000000e+00 
	   energy              1.355093e-01    1.946763e-05    1.355093e-03 
	   displacement        1.179704e-02    4.125971e-05    9.071439e-09 
 4
 Nonlinear solution status: time= 1.05678
	stiffness updates             = 3
	right hand side evaluations   = 6
	stiffness matrix reformations = 1
	step from line search         = 0.573691
	convergence norms :     INITIAL         CURRENT         REQUIRED
	   residual            3.887318e+03    2.329939e-02    0.000000e+00 
	   energy              1.355093e-01    5.001127e-06    1.355093e-03 
	   displacement        1.179704e-02    1.001785e-05    9.477590e-09 
 5
 Nonlinear solution status: time= 1.05678
	stiffness updates             = 4
	right hand side evaluations   = 8
	stiffness matrix reformations = 1
	step from line search         = 0.603958
	convergence norms :     INITIAL         CURRENT         REQUIRED
	   residual            3.887318e+03    7.304543e-03    0.000000e+00 
	   energy              1.355093e-01    1.363209e-06    1.355093e-03 
	   displacement        1.179704e-02    2.180658e-06    9.662496e-09 
 6
 Nonlinear solution status: time= 1.05678
	stiffness updates             = 5
	right hand side evaluations   = 10
	stiffness matrix reformations = 1
	step from line search         = 0.635978
	convergence norms :     INITIAL         CURRENT         REQUIRED
	   residual            3.887318e+03    2.711352e-03    0.000000e+00 
	   energy              1.355093e-01    3.684698e-07    1.355093e-03 
	   displacement        1.179704e-02    3.957322e-07    9.638487e-09 
 7
 Nonlinear solution status: time= 1.05678
	stiffness updates             = 6
	right hand side evaluations   = 12
	stiffness matrix reformations = 1
	step from line search         = 0.629363
	convergence norms :     INITIAL         CURRENT         REQUIRED
	   residual            3.887318e+03    1.187810e-03    0.000000e+00 
	   energy              1.355093e-01    1.460492e-07    1.355093e-03 
	   displacement        1.179704e-02    2.998470e-07    9.579200e-09 
 8
 Nonlinear solution status: time= 1.05678
	stiffness updates             = 7
	right hand side evaluations   = 14
	stiffness matrix reformations = 1
	step from line search         = 0.614702
	convergence norms :     INITIAL         CURRENT         REQUIRED
	   residual            3.887318e+03    5.591306e-04    0.000000e+00 
	   energy              1.355093e-01    6.714403e-08    1.355093e-03 
	   displacement        1.179704e-02    9.318122e-08    9.558264e-09 
 9
 Nonlinear solution status: time= 1.05678
	stiffness updates             = 8
	right hand side evaluations   = 15
	stiffness matrix reformations = 1
	step from line search         = 1.000000
	convergence norms :     INITIAL         CURRENT         REQUIRED
	   residual            3.887318e+03    6.578272e-04    0.000000e+00 
	   energy              1.355093e-01    1.460887e-07    1.355093e-03 
	   displacement        1.179704e-02    1.031172e-07    9.579335e-09 
 10
 Nonlinear solution status: time= 1.05678
	stiffness updates             = 9
	right hand side evaluations   = 16
	stiffness matrix reformations = 1
	step from line search         = 1.000000
	convergence norms :     INITIAL         CURRENT         REQUIRED
	   residual            3.887318e+03    2.666025e-04    0.000000e+00 
	   energy              1.355093e-01    6.952045e-08    1.355093e-03 
	   displacement        1.179704e-02    5.299599e-08    9.602958e-09 

 *************************************************************************
 *                               WARNING                                 *
 * Max nr of iterations reached.                                         *
 * Stiffness matrix will now be reformed.                                *
 *************************************************************************
Reforming stiffness matrix: reformation #2

 11
 Nonlinear solution status: time= 1.05678
	stiffness updates             = 0
	right hand side evaluations   = 17
	stiffness matrix reformations = 2
	step from line search         = 1.000000
	convergence norms :     INITIAL         CURRENT         REQUIRED
	   residual            3.887318e+03    5.959525e-09    0.000000e+00 
	   energy              1.355093e-01    1.851723e-09    1.355093e-03 
	   displacement        1.179704e-02    2.232430e-08    9.588311e-09 
 12
 Nonlinear solution status: time= 1.05678
	stiffness updates             = 1
	right hand side evaluations   = 18
	stiffness matrix reformations = 2
	step from line search         = 1.000000
	convergence norms :     INITIAL         CURRENT         REQUIRED
	   residual            3.887318e+03    5.715214e-09    0.000000e+00 
	   energy              1.355093e-01    4.318112e-11    1.355093e-03 
	   displacement        1.179704e-02    6.073989e-10    9.590977e-09 

convergence summary
    number of iterations   : 12
    number of reformations : 2

------- converged at time : 1.05678


AUTO STEPPER: decreasing time step, dt = 0.00648996


===== beginning time step 13 : 1.06327 =====


Reforming stiffness matrix: reformation #1

 1
 Nonlinear solution status: time= 1.06327
	stiffness updates             = 0
	right hand side evaluations   = 2
	stiffness matrix reformations = 1
	step from line search         = 1.000000
	convergence norms :     INITIAL         CURRENT         REQUIRED
	   residual            1.057150e+04    2.163095e-01    0.000000e+00 
	   energy              3.777255e-01    1.081564e-03    3.777255e-03 
	   displacement        1.058280e-02    1.058280e-02    1.058280e-08 
 2
 Nonlinear solution status: time= 1.06327
	stiffness updates             = 1
	right hand side evaluations   = 4
	stiffness matrix reformations = 1
	step from line search         = 0.620057
	convergence norms :     INITIAL         CURRENT         REQUIRED
	   residual            1.057150e+04    1.273485e-01    0.000000e+00 
	   energy              3.777255e-01    8.328040e-05    3.777255e-03 
	   displacement        1.058280e-02    1.479140e-04    8.966375e-09 
 3
 Nonlinear solution status: time= 1.06327
	stiffness updates             = 2
	right hand side evaluations   = 5
	stiffness matrix reformations = 1
	step from line search         = 1.000000
	convergence norms :     INITIAL         CURRENT         REQUIRED
	   residual            1.057150e+04    7.374429e-02    0.000000e+00 
	   energy              3.777255e-01    3.440274e-05    3.777255e-03 
	   displacement        1.058280e-02    6.510453e-05    8.134395e-09 
 4
 Nonlinear solution status: time= 1.06327
	stiffness updates             = 3
	right hand side evaluations   = 6
	stiffness matrix reformations = 1
	step from line search         = 1.000000
	convergence norms :     INITIAL         CURRENT         REQUIRED
	   residual            1.057150e+04    8.378089e-02    0.000000e+00 
	   energy              3.777255e-01    2.158954e-05    3.777255e-03 
	   displacement        1.058280e-02    1.417762e-05    8.539693e-09 
 5
 Nonlinear solution status: time= 1.06327
	stiffness updates             = 4
	right hand side evaluations   = 8
	stiffness matrix reformations = 1
	step from line search         = 0.622533
	convergence norms :     INITIAL         CURRENT         REQUIRED
	   residual            1.057150e+04    2.222340e-02    0.000000e+00 
	   energy              3.777255e-01    4.439358e-06    3.777255e-03 
	   displacement        1.058280e-02    5.045799e-06    8.797202e-09 
 6
 Nonlinear solution status: time= 1.06327
	stiffness updates             = 5
	right hand side evaluations   = 10
	stiffness matrix reformations = 1
	step from line search         = 0.598677
	convergence norms :     INITIAL         CURRENT         REQUIRED
	   residual            1.057150e+04    5.716864e-03    0.000000e+00 
	   energy              3.777255e-01    1.469552e-06    3.777255e-03 
	   displacement        1.058280e-02    1.400537e-06    8.759124e-09 
 7
 Nonlinear solution status: time= 1.06327
	stiffness updates             = 6
	right hand side evaluations   = 12
	stiffness matrix reformations = 1
	step from line search         = 0.619792
	convergence norms :     INITIAL         CURRENT         REQUIRED
	   residual            1.057150e+04    2.745768e-03    0.000000e+00 
	   energy              3.777255e-01    3.793976e-07    3.777255e-03 
	   displacement        1.058280e-02    7.146364e-07    8.673786e-09 
 8
 Nonlinear solution status: time= 1.06327
	stiffness updates             = 7
	right hand side evaluations   = 14
	stiffness matrix reformations = 1
	step from line search         = 0.608964
	convergence norms :     INITIAL         CURRENT         REQUIRED
	   residual            1.057150e+04    1.415757e-03    0.000000e+00 
	   energy              3.777255e-01    1.576716e-07    3.777255e-03 
	   displacement        1.058280e-02    1.991747e-07    8.645142e-09 
 9
 Nonlinear solution status: time= 1.06327
	stiffness updates             = 8
	right hand side evaluations   = 16
	stiffness matrix reformations = 1
	step from line search         = 0.632523
	convergence norms :     INITIAL         CURRENT         REQUIRED
	   residual            1.057150e+04    7.629376e-04    0.000000e+00 
	   energy              3.777255e-01    6.608290e-08    3.777255e-03 
	   displacement        1.058280e-02    1.030173e-07    8.662548e-09 
 10
 Nonlinear solution status: time= 1.06327
	stiffness updates             = 9
	right hand side evaluations   = 17
	stiffness matrix reformations = 1
	step from line search         = 1.000000
	convergence norms :     INITIAL         CURRENT         REQUIRED
	   residual            1.057150e+04    1.020041e-03    0.000000e+00 
	   energy              3.777255e-01    2.325171e-07    3.777255e-03 
	   displacement        1.058280e-02    1.600283e-07    8.708034e-09 

 *************************************************************************
 *                               WARNING                                 *
 * Max nr of iterations reached.                                         *
 * Stiffness matrix will now be reformed.                                *
 *************************************************************************
Reforming stiffness matrix: reformation #2

 11
 Nonlinear solution status: time= 1.06327
	stiffness updates             = 0
	right hand side evaluations   = 18
	stiffness matrix reformations = 2
	step from line search         = 1.000000
	convergence norms :     INITIAL         CURRENT         REQUIRED
	   residual            1.057150e+04    5.030014e-06    0.000000e+00 
	   energy              3.777255e-01    9.183423e-09    3.777255e-03 
	   displacement        1.058280e-02    9.723324e-08    8.689279e-09 
 12
 Nonlinear solution status: time= 1.06327
	stiffness updates             = 1
	right hand side evaluations   = 19
	stiffness matrix reformations = 2
	step from line search         = 1.000000
	convergence norms :     INITIAL         CURRENT         REQUIRED
	   residual            1.057150e+04    1.895991e-07    0.000000e+00 
	   energy              3.777255e-01    3.619474e-10    3.777255e-03 
	   displacement        1.058280e-02    2.122821e-09    8.692882e-09 

convergence summary
    number of iterations   : 12
    number of reformations : 2

------- converged at time : 1.06327


AUTO STEPPER: decreasing time step, dt = 0.00621367


===== beginning time step 14 : 1.06948 =====


Reforming stiffness matrix: reformation #1

 1
 Nonlinear solution status: time= 1.06948
	stiffness updates             = 0
	right hand side evaluations   = 2
	stiffness matrix reformations = 1
	step from line search         = 1.000000
	convergence norms :     INITIAL         CURRENT         REQUIRED
	   residual            1.829625e+04    3.628935e-01    0.000000e+00 
	   energy              7.066658e-01    1.313856e-03    7.066658e-03 
	   displacement        1.140809e-02    1.140809e-02    1.140809e-08 
 2
 Nonlinear solution status: time= 1.06948
	stiffness updates             = 1
	right hand side evaluations   = 4
	stiffness matrix reformations = 1
	step from line search         = 0.298109
	convergence norms :     INITIAL         CURRENT         REQUIRED
	   residual            1.829625e+04    1.010065e-01    0.000000e+00 
	   energy              7.066658e-01    6.199559e-06    7.066658e-03 
	   displacement        1.140809e-02    6.974266e-05    1.045195e-08 
 3
 Nonlinear solution status: time= 1.06948
	stiffness updates             = 2
	right hand side evaluations   = 6
	stiffness matrix reformations = 1
	step from line search         = 0.546664
	convergence norms :     INITIAL         CURRENT         REQUIRED
	   residual            1.829625e+04    2.688132e-02    0.000000e+00 
	   energy              7.066658e-01    1.927132e-06    7.066658e-03 
	   displacement        1.140809e-02    4.452623e-05    9.525895e-09 
 4
 Nonlinear solution status: time= 1.06948
	stiffness updates             = 3
	right hand side evaluations   = 7
	stiffness matrix reformations = 1
	step from line search         = 1.000000
	convergence norms :     INITIAL         CURRENT         REQUIRED
	   residual            1.829625e+04    4.156980e-02    0.000000e+00 
	   energy              7.066658e-01    1.850597e-05    7.066658e-03 
	   displacement        1.140809e-02    2.159345e-05    9.144183e-09 
 5
 Nonlinear solution status: time= 1.06948
	stiffness updates             = 4
	right hand side evaluations   = 8
	stiffness matrix reformations = 1
	step from line search         = 1.000000
	convergence norms :     INITIAL         CURRENT         REQUIRED
	   residual            1.829625e+04    3.645945e-02    0.000000e+00 
	   energy              7.066658e-01    8.633817e-06    7.066658e-03 
	   displacement        1.140809e-02    4.783895e-06    9.334921e-09 
 6
 Nonlinear solution status: time= 1.06948
	stiffness updates             = 5
	right hand side evaluations   = 10
	stiffness matrix reformations = 1
	step from line search         = 0.569261
	convergence norms :     INITIAL         CURRENT         REQUIRED
	   residual            1.829625e+04    9.621609e-03    0.000000e+00 
	   energy              7.066658e-01    2.663291e-06    7.066658e-03 
	   displacement        1.140809e-02    2.614254e-06    9.513775e-09 
 7
 Nonlinear solution status: time= 1.06948
	stiffness updates             = 6
	right hand side evaluations   = 12
	stiffness matrix reformations = 1
	step from line search         = 0.613515
	convergence norms :     INITIAL         CURRENT         REQUIRED
	   residual            1.829625e+04    4.477666e-03    0.000000e+00 
	   energy              7.066658e-01    7.982632e-07    7.066658e-03 
	   displacement        1.140809e-02    7.172867e-07    9.538851e-09 
 8
 Nonlinear solution status: time= 1.06948
	stiffness updates             = 7
	right hand side evaluations   = 14
	stiffness matrix reformations = 1
	step from line search         = 0.606094
	convergence norms :     INITIAL         CURRENT         REQUIRED
	   residual            1.829625e+04    2.177055e-03    0.000000e+00 
	   energy              7.066658e-01    2.840337e-07    7.066658e-03 
	   displacement        1.140809e-02    4.076003e-07    9.497561e-09 
 9
 Nonlinear solution status: time= 1.06948
	stiffness updates             = 8
	right hand side evaluations   = 16
	stiffness matrix reformations = 1
	step from line search         = 0.540132
	convergence norms :     INITIAL         CURRENT         REQUIRED
	   residual            1.829625e+04    1.517886e-03    0.000000e+00 
	   energy              7.066658e-01    2.290900e-07    7.066658e-03 
	   displacement        1.140809e-02    2.510726e-07    9.476322e-09 
 10
 Nonlinear solution status: time= 1.06948
	stiffness updates             = 9
	right hand side evaluations   = 18
	stiffness matrix reformations = 1
	step from line search         = 0.613962
	convergence norms :     INITIAL         CURRENT         REQUIRED
	   residual            1.829625e+04    9.387894e-04    0.000000e+00 
	   energy              7.066658e-01    6.303804e-08    7.066658e-03 
	   displacement        1.140809e-02    7.192121e-08    9.483761e-09 

 *************************************************************************
 *                               WARNING                                 *
 * Max nr of iterations reached.                                         *
 * Stiffness matrix will now be reformed.                                *
 *************************************************************************
Reforming stiffness matrix: reformation #2

 11
 Nonlinear solution status: time= 1.06948
	stiffness updates             = 0
	right hand side evaluations   = 19
	stiffness matrix reformations = 2
	step from line search         = 1.000000
	convergence norms :     INITIAL         CURRENT         REQUIRED
	   residual            1.829625e+04    3.485308e-06    0.000000e+00 
	   energy              7.066658e-01    3.262514e-11    7.066658e-03 
	   displacement        1.140809e-02    1.456435e-07    9.520327e-09 
 12
 Nonlinear solution status: time= 1.06948
	stiffness updates             = 1
	right hand side evaluations   = 20
	stiffness matrix reformations = 2
	step from line search         = 1.000000
	convergence norms :     INITIAL         CURRENT         REQUIRED
	   residual            1.829625e+04    1.713935e-07    0.000000e+00 
	   energy              7.066658e-01    1.232614e-11    7.066658e-03 
	   displacement        1.140809e-02    2.666300e-09    9.515591e-09 

convergence summary
    number of iterations   : 12
    number of reformations : 2

------- converged at time : 1.06948


AUTO STEPPER: decreasing time step, dt = 0.00594913

MUST POINT CONTROLLER: adjusting time step. dt = 0.00551783


===== beginning time step 15 : 1.075 =====


Reforming stiffness matrix: reformation #1

 1
 Nonlinear solution status: time= 1.075
	stiffness updates             = 0
	right hand side evaluations   = 2
	stiffness matrix reformations = 1
	step from line search         = 1.000000
	convergence norms :     INITIAL         CURRENT         REQUIRED
	   residual            2.125979e+04    4.336420e-01    0.000000e+00 
	   energy              9.032342e-01    1.565070e-03    9.032342e-03 
	   displacement        1.179413e-02    1.179413e-02    1.179413e-08 
 2
 Nonlinear solution status: time= 1.075
	stiffness updates             = 1
	right hand side evaluations   = 4
	stiffness matrix reformations = 1
	step from line search         = 0.346728
	convergence norms :     INITIAL         CURRENT         REQUIRED
	   residual            2.125979e+04    1.353999e-01    0.000000e+00 
	   energy              9.032342e-01    4.276849e-05    9.032342e-03 
	   displacement        1.179413e-02    1.049569e-04    1.064923e-08 
 3
 Nonlinear solution status: time= 1.075
	stiffness updates             = 2
	right hand side evaluations   = 6
	stiffness matrix reformations = 1
	step from line search         = 0.629701
	convergence norms :     INITIAL         CURRENT         REQUIRED
	   residual            2.125979e+04    5.367329e-02    0.000000e+00 
	   energy              9.032342e-01    8.512695e-06    9.032342e-03 
	   displacement        1.179413e-02    4.852877e-05    9.754647e-09 
 4
 Nonlinear solution status: time= 1.075
	stiffness updates             = 3
	right hand side evaluations   = 7
	stiffness matrix reformations = 1
	step from line search         = 1.000000
	convergence norms :     INITIAL         CURRENT         REQUIRED
	   residual            2.125979e+04    4.196165e-02    0.000000e+00 
	   energy              9.032342e-01    1.612487e-05    9.032342e-03 
	   displacement        1.179413e-02    1.848136e-05    9.581211e-09 
 5
 Nonlinear solution status: time= 1.075
	stiffness updates             = 4
	right hand side evaluations   = 8
	stiffness matrix reformations = 1
	step from line search         = 1.000000
	convergence norms :     INITIAL         CURRENT         REQUIRED
	   residual            2.125979e+04    4.822150e-02    0.000000e+00 
	   energy              9.032342e-01    1.053807e-05    9.032342e-03 
	   displacement        1.179413e-02    6.590185e-06    9.834584e-09 
 6
 Nonlinear solution status: time= 1.075
	stiffness updates             = 5
	right hand side evaluations   = 10
	stiffness matrix reformations = 1
	step from line search         = 0.631064
	convergence norms :     INITIAL         CURRENT         REQUIRED
	   residual            2.125979e+04    9.038174e-03    0.000000e+00 
	   energy              9.032342e-01    1.630326e-06    9.032342e-03 
	   displacement        1.179413e-02    2.066255e-06    9.969598e-09 
 7
 Nonlinear solution status: time= 1.075
	stiffness updates             = 6
	right hand side evaluations   = 12
	stiffness matrix reformations = 1
	step from line search         = 0.579689
	convergence norms :     INITIAL         CURRENT         REQUIRED
	   residual            2.125979e+04    5.070912e-03    0.000000e+00 
	   energy              9.032342e-01    9.374978e-07    9.032342e-03 
	   displacement        1.179413e-02    6.094881e-07    9.956138e-09 
 8
 Nonlinear solution status: time= 1.075
	stiffness updates             = 7
	right hand side evaluations   = 14
	stiffness matrix reformations = 1
	step from line search         = 0.628868
	convergence norms :     INITIAL         CURRENT         REQUIRED
	   residual            2.125979e+04    1.988976e-03    0.000000e+00 
	   energy              9.032342e-01    2.677669e-07    9.032342e-03 
	   displacement        1.179413e-02    3.907064e-07    9.915091e-09 
 9
 Nonlinear solution status: time= 1.075
	stiffness updates             = 8
	right hand side evaluations   = 16
	stiffness matrix reformations = 1
	step from line search         = 0.576581
	convergence norms :     INITIAL         CURRENT         REQUIRED
	   residual            2.125979e+04    1.698628e-03    0.000000e+00 
	   energy              9.032342e-01    1.403436e-07    9.032342e-03 
	   displacement        1.179413e-02    1.955879e-07    9.901283e-09 
 10
 Nonlinear solution status: time= 1.075
	stiffness updates             = 9
	right hand side evaluations   = 17
	stiffness matrix reformations = 1
	step from line search         = 1.000000
	convergence norms :     INITIAL         CURRENT         REQUIRED
	   residual            2.125979e+04    1.692378e-03    0.000000e+00 
	   energy              9.032342e-01    3.391599e-07    9.032342e-03 
	   displacement        1.179413e-02    1.695979e-07    9.924276e-09 

 *************************************************************************
 *                               WARNING                                 *
 * Max nr of iterations reached.                                         *
 * Stiffness matrix will now be reformed.                                *
 *************************************************************************
Reforming stiffness matrix: reformation #2

 11
 Nonlinear solution status: time= 1.075
	stiffness updates             = 0
	right hand side evaluations   = 18
	stiffness matrix reformations = 2
	step from line search         = 1.000000
	convergence norms :     INITIAL         CURRENT         REQUIRED
	   residual            2.125979e+04    2.823282e-05    0.000000e+00 
	   energy              9.032342e-01    2.531419e-08    9.032342e-03 
	   displacement        1.179413e-02    1.503463e-07    9.941181e-09 
 12
 Nonlinear solution status: time= 1.075
	stiffness updates             = 1
	right hand side evaluations   = 19
	stiffness matrix reformations = 2
	step from line search         = 1.000000
	convergence norms :     INITIAL         CURRENT         REQUIRED
	   residual            2.125979e+04    1.747728e-06    0.000000e+00 
	   energy              9.032342e-01    2.254509e-09    9.032342e-03 
	   displacement        1.179413e-02    3.379571e-09    9.938888e-09 

convergence summary
    number of iterations   : 12
    number of reformations : 2

------- converged at time : 1.075


AUTO STEPPER: increasing time step, dt = 0.00569586


===== beginning time step 16 : 1.0807 =====


Reforming stiffness matrix: reformation #1

 1
 Nonlinear solution status: time= 1.0807
	stiffness updates             = 0
	right hand side evaluations   = 2
	stiffness matrix reformations = 1
	step from line search         = 1.000000
	convergence norms :     INITIAL         CURRENT         REQUIRED
	   residual            3.004167e+04    8.158232e-01    0.000000e+00 
	   energy              1.399781e+00    2.307310e-03    1.399781e-02 
	   displacement        1.686841e-02    1.686841e-02    1.686841e-08 
 2
 Nonlinear solution status: time= 1.0807
	stiffness updates             = 1
	right hand side evaluations   = 4
	stiffness matrix reformations = 1
	step from line search         = 0.326916
	convergence norms :     INITIAL         CURRENT         REQUIRED
	   residual            3.004167e+04    2.871539e-01    0.000000e+00 
	   energy              1.399781e+00    1.309475e-04    1.399781e-02 
	   displacement        1.686841e-02    1.860620e-04    1.522516e-08 
 3
 Nonlinear solution status: time= 1.0807
	stiffness updates             = 2
	right hand side evaluations   = 5
	stiffness matrix reformations = 1
	step from line search         = 1.000000
	convergence norms :     INITIAL         CURRENT         REQUIRED
	   residual            3.004167e+04    3.674615e-01    0.000000e+00 
	   energy              1.399781e+00    2.084908e-04    1.399781e-02 
	   displacement        1.686841e-02    1.673562e-04    1.335230e-08 
 4
 Nonlinear solution status: time= 1.0807
	stiffness updates             = 3
	right hand side evaluations   = 6
	stiffness matrix reformations = 1
	step from line search         = 1.000000
	convergence norms :     INITIAL         CURRENT         REQUIRED
	   residual            3.004167e+04    2.403535e-01    0.000000e+00 
	   energy              1.399781e+00    3.541823e-05    1.399781e-02 
	   displacement        1.686841e-02    5.008594e-05    1.361521e-08 
 5
 Nonlinear solution status: time= 1.0807
	stiffness updates             = 4
	right hand side evaluations   = 8
	stiffness matrix reformations = 1
	step from line search         = 0.568679
	convergence norms :     INITIAL         CURRENT         REQUIRED
	   residual            3.004167e+04    1.181046e-01    0.000000e+00 
	   energy              1.399781e+00    1.433158e-05    1.399781e-02 
	   displacement        1.686841e-02    1.723636e-05    1.417818e-08 
 6
 Nonlinear solution status: time= 1.0807
	stiffness updates             = 5
	right hand side evaluations   = 9
	stiffness matrix reformations = 1
	step from line search         = 1.000000
	convergence norms :     INITIAL         CURRENT         REQUIRED
	   residual            3.004167e+04    1.121987e-01    0.000000e+00 
	   energy              1.399781e+00    2.272706e-05    1.399781e-02 
	   displacement        1.686841e-02    1.044302e-05    1.449465e-08 
 7
 Nonlinear solution status: time= 1.0807
	stiffness updates             = 6
	right hand side evaluations   = 10
	stiffness matrix reformations = 1
	step from line search         = 1.000000
	convergence norms :     INITIAL         CURRENT         REQUIRED
	   residual            3.004167e+04    8.526905e-02    0.000000e+00 
	   energy              1.399781e+00    1.553251e-05    1.399781e-02 
	   displacement        1.686841e-02    5.068672e-06    1.432090e-08 
 8
 Nonlinear solution status: time= 1.0807
	stiffness updates             = 7
	right hand side evaluations   = 12
	stiffness matrix reformations = 1
	step from line search         = 0.593409
	convergence norms :     INITIAL         CURRENT         REQUIRED
	   residual            3.004167e+04    2.959768e-02    0.000000e+00 
	   energy              1.399781e+00    3.896318e-06    1.399781e-02 
	   displacement        1.686841e-02    3.634280e-06    1.415855e-08 
 9
 Nonlinear solution status: time= 1.0807
	stiffness updates             = 8
	right hand side evaluations   = 14
	stiffness matrix reformations = 1
	step from line search         = 0.607222
	convergence norms :     INITIAL         CURRENT         REQUIRED
	   residual            3.004167e+04    1.313760e-02    0.000000e+00 
	   energy              1.399781e+00    1.527685e-06    1.399781e-02 
	   displacement        1.686841e-02    1.038092e-06    1.418704e-08 
 10
 Nonlinear solution status: time= 1.0807
	stiffness updates             = 9
	right hand side evaluations   = 16
	stiffness matrix reformations = 1
	step from line search         = 0.600942
	convergence norms :     INITIAL         CURRENT         REQUIRED
	   residual            3.004167e+04    4.920135e-03    0.000000e+00 
	   energy              1.399781e+00    5.782859e-07    1.399781e-02 
	   displacement        1.686841e-02    5.518453e-07    1.427674e-08 

 *************************************************************************
 *                               WARNING                                 *
 * Max nr of iterations reached.                                         *
 * Stiffness matrix will now be reformed.                                *
 *************************************************************************
Reforming stiffness matrix: reformation #2

 11
 Nonlinear solution status: time= 1.0807
	stiffness updates             = 0
	right hand side evaluations   = 17
	stiffness matrix reformations = 2
	step from line search         = 1.000000
	convergence norms :     INITIAL         CURRENT         REQUIRED
	   residual            3.004167e+04    5.135122e-04    0.000000e+00 
	   energy              1.399781e+00    4.602177e-08    1.399781e-02 
	   displacement        1.686841e-02    1.107873e-06    1.433319e-08 
 12
 Nonlinear solution status: time= 1.0807
	stiffness updates             = 1
	right hand side evaluations   = 18
	stiffness matrix reformations = 2
	step from line search         = 1.000000
	convergence norms :     INITIAL         CURRENT         REQUIRED
	   residual            3.004167e+04    1.037850e-05    0.000000e+00 
	   energy              1.399781e+00    1.716482e-09    1.399781e-02 
	   displacement        1.686841e-02    5.812302e-09    1.432985e-08 

convergence summary
    number of iterations   : 12
    number of reformations : 2

------- converged at time : 1.0807


AUTO STEPPER: decreasing time step, dt = 0.00545337


===== beginning time step 17 : 1.08615 =====


Reforming stiffness matrix: reformation #1

 1
 Nonlinear solution status: time= 1.08615
	stiffness updates             = 0
	right hand side evaluations   = 2
	stiffness matrix reformations = 1
	step from line search         = 1.000000
	convergence norms :     INITIAL         CURRENT         REQUIRED
	   residual            3.379332e+04    1.106387e+00    0.000000e+00 
	   energy              1.761965e+00    3.004026e-03    1.761965e-02 
	   displacement        2.081665e-02    2.081665e-02    2.081665e-08 
 2
 Nonlinear solution status: time= 1.08615
	stiffness updates             = 1
	right hand side evaluations   = 4
	stiffness matrix reformations = 1
	step from line search         = 0.373873
	convergence norms :     INITIAL         CURRENT         REQUIRED
	   residual            3.379332e+04    4.535864e-01    0.000000e+00 
	   energy              1.761965e+00    2.677996e-04    1.761965e-02 
	   displacement        2.081665e-02    2.775872e-04    1.862267e-08 
 3
 Nonlinear solution status: time= 1.08615
	stiffness updates             = 2
	right hand side evaluations   = 5
	stiffness matrix reformations = 1
	step from line search         = 1.000000
	convergence norms :     INITIAL         CURRENT         REQUIRED
	   residual            3.379332e+04    6.511384e-01    0.000000e+00 
	   energy              1.761965e+00    2.501202e-04    1.761965e-02 
	   displacement        2.081665e-02    1.772651e-04    1.660260e-08 
 4
 Nonlinear solution status: time= 1.08615
	stiffness updates             = 3
	right hand side evaluations   = 6
	stiffness matrix reformations = 1
	step from line search         = 1.000000
	convergence norms :     INITIAL         CURRENT         REQUIRED
	   residual            3.379332e+04    4.321226e-01    0.000000e+00 
	   energy              1.761965e+00    8.873653e-05    1.761965e-02 
	   displacement        2.081665e-02    6.109209e-05    1.686454e-08 
 5
 Nonlinear solution status: time= 1.08615
	stiffness updates             = 4
	right hand side evaluations   = 7
	stiffness matrix reformations = 1
	step from line search         = 1.000000
	convergence norms :     INITIAL         CURRENT         REQUIRED
	   residual            3.379332e+04    3.946464e-01    0.000000e+00 
	   energy              1.761965e+00    1.136684e-04    1.761965e-02 
	   displacement        2.081665e-02    6.511712e-05    1.808937e-08 
 6
 Nonlinear solution status: time= 1.08615
	stiffness updates             = 5
	right hand side evaluations   = 8
	stiffness matrix reformations = 1
	step from line search         = 1.000000
	convergence norms :     INITIAL         CURRENT         REQUIRED
	   residual            3.379332e+04    1.563042e-01    0.000000e+00 
	   energy              1.761965e+00    4.026252e-05    1.761965e-02 
	   displacement        2.081665e-02    1.750328e-05    1.794517e-08 
 7
 Nonlinear solution status: time= 1.08615
	stiffness updates             = 6
	right hand side evaluations   = 10
	stiffness matrix reformations = 1
	step from line search         = 0.553966
	convergence norms :     INITIAL         CURRENT         REQUIRED
	   residual            3.379332e+04    7.060727e-02    0.000000e+00 
	   energy              1.761965e+00    1.193484e-05    1.761965e-02 
	   displacement        2.081665e-02    6.986385e-06    1.762694e-08 
 8
 Nonlinear solution status: time= 1.08615
	stiffness updates             = 7
	right hand side evaluations   = 12
	stiffness matrix reformations = 1
	step from line search         = 0.593057
	convergence norms :     INITIAL         CURRENT         REQUIRED
	   residual            3.379332e+04    2.890452e-02    0.000000e+00 
	   energy              1.761965e+00    3.810943e-06    1.761965e-02 
	   displacement        2.081665e-02    3.383418e-06    1.752532e-08 
 9
 Nonlinear solution status: time= 1.08615
	stiffness updates             = 8
	right hand side evaluations   = 14
	stiffness matrix reformations = 1
	step from line search         = 0.612838
	convergence norms :     INITIAL         CURRENT         REQUIRED
	   residual            3.379332e+04    1.190048e-02    0.000000e+00 
	   energy              1.761965e+00    1.252472e-06    1.761965e-02 
	   displacement        2.081665e-02    1.200012e-06    1.762714e-08 
 10
 Nonlinear solution status: time= 1.08615
	stiffness updates             = 9
	right hand side evaluations   = 16
	stiffness matrix reformations = 1
	step from line search         = 0.595495
	convergence norms :     INITIAL         CURRENT         REQUIRED
	   residual            3.379332e+04    5.296737e-03    0.000000e+00 
	   energy              1.761965e+00    6.534863e-07    1.761965e-02 
	   displacement        2.081665e-02    6.164199e-07    1.774139e-08 

 *************************************************************************
 *                               WARNING                                 *
 * Max nr of iterations reached.                                         *
 * Stiffness matrix will now be reformed.                                *
 *************************************************************************
Reforming stiffness matrix: reformation #2

 11
 Nonlinear solution status: time= 1.08615
	stiffness updates             = 0
	right hand side evaluations   = 17
	stiffness matrix reformations = 2
	step from line search         = 1.000000
	convergence norms :     INITIAL         CURRENT         REQUIRED
	   residual            3.379332e+04    7.270980e-04    0.000000e+00 
	   energy              1.761965e+00    7.675164e-08    1.761965e-02 
	   displacement        2.081665e-02    1.506614e-06    1.777676e-08 
 12
 Nonlinear solution status: time= 1.08615
	stiffness updates             = 1
	right hand side evaluations   = 18
	stiffness matrix reformations = 2
	step from line search         = 1.000000
	convergence norms :     INITIAL         CURRENT         REQUIRED
	   residual            3.379332e+04    4.726277e-05    0.000000e+00 
	   energy              1.761965e+00    2.969734e-08    1.761965e-02 
	   displacement        2.081665e-02    1.542630e-08    1.777755e-08 

convergence summary
    number of iterations   : 12
    number of reformations : 2

------- converged at time : 1.08615


AUTO STEPPER: decreasing time step, dt = 0.0052212


===== beginning time step 18 : 1.09137 =====


Reforming stiffness matrix: reformation #1

 1
 Nonlinear solution status: time= 1.09137
	stiffness updates             = 0
	right hand side evaluations   = 2
	stiffness matrix reformations = 1
	step from line search         = 1.000000
	convergence norms :     INITIAL         CURRENT         REQUIRED
	   residual            2.192057e+04    1.086412e+00    0.000000e+00 
	   energy              1.305385e+00    3.114422e-03    1.305385e-02 
	   displacement        2.183919e-02    2.183919e-02    2.183919e-08 
 2
 Nonlinear solution status: time= 1.09137
	stiffness updates             = 1
	right hand side evaluations   = 4
	stiffness matrix reformations = 1
	step from line search         = 0.504489
	convergence norms :     INITIAL         CURRENT         REQUIRED
	   residual            2.192057e+04    5.410260e-01    0.000000e+00 
	   energy              1.305385e+00    4.650029e-04    1.305385e-02 
	   displacement        2.183919e-02    4.102968e-04    1.892573e-08 
 3
 Nonlinear solution status: time= 1.09137
	stiffness updates             = 2
	right hand side evaluations   = 5
	stiffness matrix reformations = 1
	step from line search         = 1.000000
	convergence norms :     INITIAL         CURRENT         REQUIRED
	   residual            2.192057e+04    4.060973e-01    0.000000e+00 
	   energy              1.305385e+00    1.853830e-04    1.305385e-02 
	   displacement        2.183919e-02    1.590979e-04    1.729394e-08 
 4
 Nonlinear solution status: time= 1.09137
	stiffness updates             = 3
	right hand side evaluations   = 6
	stiffness matrix reformations = 1
	step from line search         = 1.000000
	convergence norms :     INITIAL         CURRENT         REQUIRED
	   residual            2.192057e+04    7.398104e-01    0.000000e+00 
	   energy              1.305385e+00    1.894238e-04    1.305385e-02 
	   displacement        2.183919e-02    7.541313e-05    1.779121e-08 
 5
 Nonlinear solution status: time= 1.09137
	stiffness updates             = 4
	right hand side evaluations   = 7
	stiffness matrix reformations = 1
	step from line search         = 1.000000
	convergence norms :     INITIAL         CURRENT         REQUIRED
	   residual            2.192057e+04    4.722156e-01    0.000000e+00 
	   energy              1.305385e+00    1.047933e-04    1.305385e-02 
	   displacement        2.183919e-02    5.152628e-05    1.876821e-08 
 6
 Nonlinear solution status: time= 1.09137
	stiffness updates             = 5
	right hand side evaluations   = 8
	stiffness matrix reformations = 1
	step from line search         = 1.000000
	convergence norms :     INITIAL         CURRENT         REQUIRED
	   residual            2.192057e+04    2.831097e-01    0.000000e+00 
	   energy              1.305385e+00    9.200265e-05    1.305385e-02 
	   displacement        2.183919e-02    3.055132e-05    1.861951e-08 
 7
 Nonlinear solution status: time= 1.09137
	stiffness updates             = 6
	right hand side evaluations   = 9
	stiffness matrix reformations = 1
	step from line search         = 1.000000
	convergence norms :     INITIAL         CURRENT         REQUIRED
	   residual            2.192057e+04    1.560728e-01    0.000000e+00 
	   energy              1.305385e+00    2.831217e-05    1.305385e-02 
	   displacement        2.183919e-02    2.029817e-05    1.819803e-08 
 8
 Nonlinear solution status: time= 1.09137
	stiffness updates             = 7
	right hand side evaluations   = 11
	stiffness matrix reformations = 1
	step from line search         = 0.561192
	convergence norms :     INITIAL         CURRENT         REQUIRED
	   residual            2.192057e+04    5.532309e-02    0.000000e+00 
	   energy              1.305385e+00    7.327858e-06    1.305385e-02 
	   displacement        2.183919e-02    5.253911e-06    1.824307e-08 
 9
 Nonlinear solution status: time= 1.09137
	stiffness updates             = 8
	right hand side evaluations   = 13
	stiffness matrix reformations = 1
	step from line search         = 0.617548
	convergence norms :     INITIAL         CURRENT         REQUIRED
	   residual            2.192057e+04    1.943507e-02    0.000000e+00 
	   energy              1.305385e+00    1.963381e-06    1.305385e-02 
	   displacement        2.183919e-02    1.710727e-06    1.841486e-08 
 10
 Nonlinear solution status: time= 1.09137
	stiffness updates             = 9
	right hand side evaluations   = 15
	stiffness matrix reformations = 1
	step from line search         = 0.620223
	convergence norms :     INITIAL         CURRENT         REQUIRED
	   residual            2.192057e+04    1.191990e-02    0.000000e+00 
	   energy              1.305385e+00    8.361385e-07    1.305385e-02 
	   displacement        2.183919e-02    6.401555e-07    1.851293e-08 

 *************************************************************************
 *                               WARNING                                 *
 * Max nr of iterations reached.                                         *
 * Stiffness matrix will now be reformed.                                *
 *************************************************************************
Reforming stiffness matrix: reformation #2

 11
 Nonlinear solution status: time= 1.09137
	stiffness updates             = 0
	right hand side evaluations   = 16
	stiffness matrix reformations = 2
	step from line search         = 1.000000
	convergence norms :     INITIAL         CURRENT         REQUIRED
	   residual            2.192057e+04    1.456485e-04    0.000000e+00 
	   energy              1.305385e+00    1.244149e-07    1.305385e-02 
	   displacement        2.183919e-02    1.675048e-06    1.851362e-08 
 12
 Nonlinear solution status: time= 1.09137
	stiffness updates             = 1
	right hand side evaluations   = 17
	stiffness matrix reformations = 2
	step from line search         = 1.000000
	convergence norms :     INITIAL         CURRENT         REQUIRED
	   residual            2.192057e+04    3.836968e-05    0.000000e+00 
	   energy              1.305385e+00    1.465526e-08    1.305385e-02 
	   displacement        2.183919e-02    2.797286e-08    1.851971e-08 
 13
 Nonlinear solution status: time= 1.09137
	stiffness updates             = 2
	right hand side evaluations   = 18
	stiffness matrix reformations = 2
	step from line search         = 1.000000
	convergence norms :     INITIAL         CURRENT         REQUIRED
	   residual            2.192057e+04    8.679544e-07    0.000000e+00 
	   energy              1.305385e+00    2.254990e-10    1.305385e-02 
	   displacement        2.183919e-02    1.464793e-09    1.852084e-08 

convergence summary
    number of iterations   : 13
    number of reformations : 2

------- converged at time : 1.09137


AUTO STEPPER: decreasing time step, dt = 0.00480281


===== beginning time step 19 : 1.09617 =====


Reforming stiffness matrix: reformation #1

 1
 Nonlinear solution status: time= 1.09617
	stiffness updates             = 0
	right hand side evaluations   = 2
	stiffness matrix reformations = 1
	step from line search         = 1.000000
	convergence norms :     INITIAL         CURRENT         REQUIRED
	   residual            1.375434e-01    1.564784e+00    0.000000e+00 
	   energy              2.613104e-02    2.522177e-03    2.613104e-04 
	   displacement        1.426235e-02    1.426235e-02    1.426235e-08 
 2
 Nonlinear solution status: time= 1.09617
	stiffness updates             = 1
	right hand side evaluations   = 4
	stiffness matrix reformations = 1
	step from line search         = 0.595342
	convergence norms :     INITIAL         CURRENT         REQUIRED
	   residual            1.375434e-01    2.402892e+00    0.000000e+00 
	   energy              2.613104e-02    2.639601e-04    2.613104e-04 
	   displacement        1.426235e-02    2.094420e-04    1.246160e-08 
 3
 Nonlinear solution status: time= 1.09617
	stiffness updates             = 2
	right hand side evaluations   = 6
	stiffness matrix reformations = 1
	step from line search         = 0.577921
	convergence norms :     INITIAL         CURRENT         REQUIRED
	   residual            1.375434e-01    2.448995e+00    0.000000e+00 
	   energy              2.613104e-02    8.081065e-05    2.613104e-04 
	   displacement        1.426235e-02    5.133015e-05    1.132075e-08 
 4
 Nonlinear solution status: time= 1.09617
	stiffness updates             = 3
	right hand side evaluations   = 8
	stiffness matrix reformations = 1
	step from line search         = 0.419665
	convergence norms :     INITIAL         CURRENT         REQUIRED
	   residual            1.375434e-01    1.185238e+00    0.000000e+00 
	   energy              2.613104e-02    5.444806e-05    2.613104e-04 
	   displacement        1.426235e-02    2.565816e-05    1.089202e-08 
 5
 Nonlinear solution status: time= 1.09617
	stiffness updates             = 4
	right hand side evaluations   = 10
	stiffness matrix reformations = 1
	step from line search         = 0.541682
	convergence norms :     INITIAL         CURRENT         REQUIRED
	   residual            1.375434e-01    5.486978e-01    0.000000e+00 
	   energy              2.613104e-02    2.579174e-05    2.613104e-04 
	   displacement        1.426235e-02    1.086322e-05    1.114452e-08 
 6
 Nonlinear solution status: time= 1.09617
	stiffness updates             = 5
	right hand side evaluations   = 12
	stiffness matrix reformations = 1
	step from line search         = 0.529498
	convergence norms :     INITIAL         CURRENT         REQUIRED
	   residual            1.375434e-01    4.815494e-01    0.000000e+00 
	   energy              2.613104e-02    2.578969e-05    2.613104e-04 
	   displacement        1.426235e-02    9.768897e-06    1.159282e-08 
 7
 Nonlinear solution status: time= 1.09617
	stiffness updates             = 6
	right hand side evaluations   = 14
	stiffness matrix reformations = 1
	step from line search         = 0.548469
	convergence norms :     INITIAL         CURRENT         REQUIRED
	   residual            1.375434e-01    2.397828e-01    0.000000e+00 
	   energy              2.613104e-02    8.339045e-06    2.613104e-04 
	   displacement        1.426235e-02    2.809379e-06    1.177821e-08 
 8
 Nonlinear solution status: time= 1.09617
	stiffness updates             = 7
	right hand side evaluations   = 16
	stiffness matrix reformations = 1
	step from line search         = 0.493421
	convergence norms :     INITIAL         CURRENT         REQUIRED
	   residual            1.375434e-01    1.454693e-01    0.000000e+00 
	   energy              2.613104e-02    6.993782e-06    2.613104e-04 
	   displacement        1.426235e-02    1.473927e-06    1.174479e-08 
 9
 Nonlinear solution status: time= 1.09617
	stiffness updates             = 8
	right hand side evaluations   = 18
	stiffness matrix reformations = 1
	step from line search         = 0.522331
	convergence norms :     INITIAL         CURRENT         REQUIRED
	   residual            1.375434e-01    8.777378e-02    0.000000e+00 
	   energy              2.613104e-02    3.001210e-06    2.613104e-04 
	   displacement        1.426235e-02    1.058953e-06    1.163133e-08 
 10
 Nonlinear solution status: time= 1.09617
	stiffness updates             = 9
	right hand side evaluations   = 20
	stiffness matrix reformations = 1
	step from line search         = 0.505777
	convergence norms :     INITIAL         CURRENT         REQUIRED
	   residual            1.375434e-01    4.060761e-02    0.000000e+00 
	   energy              2.613104e-02    2.018301e-06    2.613104e-04 
	   displacement        1.426235e-02    6.227891e-07    1.156189e-08 

 *************************************************************************
 *                               WARNING                                 *
 * Max nr of iterations reached.                                         *
 * Stiffness matrix will now be reformed.                                *
 *************************************************************************
Reforming stiffness matrix: reformation #2

 11
 Nonlinear solution status: time= 1.09617
	stiffness updates             = 0
	right hand side evaluations   = 21
	stiffness matrix reformations = 2
	step from line search         = 1.000000
	convergence norms :     INITIAL         CURRENT         REQUIRED
	   residual            1.375434e-01    5.218966e-04    0.000000e+00 
	   energy              2.613104e-02    3.046532e-07    2.613104e-04 
	   displacement        1.426235e-02    8.447128e-07    1.166497e-08 
 12
 Nonlinear solution status: time= 1.09617
	stiffness updates             = 1
	right hand side evaluations   = 22
	stiffness matrix reformations = 2
	step from line search         = 1.000000
	convergence norms :     INITIAL         CURRENT         REQUIRED
	   residual            1.375434e-01    2.204328e-04    0.000000e+00 
	   energy              2.613104e-02    9.732112e-08    2.613104e-04 
	   displacement        1.426235e-02    4.374799e-08    1.164895e-08 
 13
 Nonlinear solution status: time= 1.09617
	stiffness updates             = 2
	right hand side evaluations   = 23
	stiffness matrix reformations = 2
	step from line search         = 1.000000
	convergence norms :     INITIAL         CURRENT         REQUIRED
	   residual            1.375434e-01    2.163142e-05    0.000000e+00 
	   energy              2.613104e-02    4.409452e-09    2.613104e-04 
	   displacement        1.426235e-02    7.027125e-09    1.164508e-08 

convergence summary
    number of iterations   : 13
    number of reformations : 2

------- converged at time : 1.09617


AUTO STEPPER: decreasing time step, dt = 0.00441794

MUST POINT CONTROLLER: adjusting time step. dt = 0.00382676


===== beginning time step 20 : 1.1 =====


Reforming stiffness matrix: reformation #1

 1
 Nonlinear solution status: time= 1.1
	stiffness updates             = 0
	right hand side evaluations   = 2
	stiffness matrix reformations = 1
	step from line search         = 1.000000
	convergence norms :     INITIAL         CURRENT         REQUIRED
	   residual            1.637283e-01    3.115779e-01    0.000000e+00 
	   energy              2.082749e-02    1.771181e-03    2.082749e-04 
	   displacement        8.005310e-03    8.005310e-03    8.005310e-09 
 2
 Nonlinear solution status: time= 1.1
	stiffness updates             = 1
	right hand side evaluations   = 3
	stiffness matrix reformations = 1
	step from line search         = 1.000000
	convergence norms :     INITIAL         CURRENT         REQUIRED
	   residual            1.637283e-01    3.717067e-01    0.000000e+00 
	   energy              2.082749e-02    2.185528e-04    2.082749e-04 
	   displacement        8.005310e-03    2.442838e-04    6.269470e-09 
 3
 Nonlinear solution status: time= 1.1
	stiffness updates             = 2
	right hand side evaluations   = 4
	stiffness matrix reformations = 1
	step from line search         = 1.000000
	convergence norms :     INITIAL         CURRENT         REQUIRED
	   residual            1.637283e-01    1.401117e-01    0.000000e+00 
	   energy              2.082749e-02    3.912252e-05    2.082749e-04 
	   displacement        8.005310e-03    3.555553e-05    6.145530e-09 
 4
 Nonlinear solution status: time= 1.1
	stiffness updates             = 3
	right hand side evaluations   = 5
	stiffness matrix reformations = 1
	step from line search         = 1.000000
	convergence norms :     INITIAL         CURRENT         REQUIRED
	   residual            1.637283e-01    1.369106e-01    0.000000e+00 
	   energy              2.082749e-02    3.760364e-05    2.082749e-04 
	   displacement        8.005310e-03    1.351296e-05    6.474605e-09 
 5
 Nonlinear solution status: time= 1.1
	stiffness updates             = 4
	right hand side evaluations   = 6
	stiffness matrix reformations = 1
	step from line search         = 1.000000
	convergence norms :     INITIAL         CURRENT         REQUIRED
	   residual            1.637283e-01    4.453823e-02    0.000000e+00 
	   energy              2.082749e-02    1.419312e-05    2.082749e-04 
	   displacement        8.005310e-03    3.464982e-06    6.521050e-09 
 6
 Nonlinear solution status: time= 1.1
	stiffness updates             = 5
	right hand side evaluations   = 7
	stiffness matrix reformations = 1
	step from line search         = 1.000000
	convergence norms :     INITIAL         CURRENT         REQUIRED
	   residual            1.637283e-01    2.700765e-02    0.000000e+00 
	   energy              2.082749e-02    9.447792e-06    2.082749e-04 
	   displacement        8.005310e-03    3.781147e-06    6.375610e-09 
 7
 Nonlinear solution status: time= 1.1
	stiffness updates             = 6
	right hand side evaluations   = 8
	stiffness matrix reformations = 1
	step from line search         = 1.000000
	convergence norms :     INITIAL         CURRENT         REQUIRED
	   residual            1.637283e-01    7.750178e-03    0.000000e+00 
	   energy              2.082749e-02    2.077381e-06    2.082749e-04 
	   displacement        8.005310e-03    8.863204e-07    6.398635e-09 
 8
 Nonlinear solution status: time= 1.1
	stiffness updates             = 7
	right hand side evaluations   = 10
	stiffness matrix reformations = 1
	step from line search         = 0.609127
	convergence norms :     INITIAL         CURRENT         REQUIRED
	   residual            1.637283e-01    1.374776e-03    0.000000e+00 
	   energy              2.082749e-02    3.240221e-07    2.082749e-04 
	   displacement        8.005310e-03    2.104821e-07    6.434167e-09 
 9
 Nonlinear solution status: time= 1.1
	stiffness updates             = 8
	right hand side evaluations   = 11
	stiffness matrix reformations = 1
	step from line search         = 1.000000
	convergence norms :     INITIAL         CURRENT         REQUIRED
	   residual            1.637283e-01    1.739919e-03    0.000000e+00 
	   energy              2.082749e-02    4.471353e-07    2.082749e-04 
	   displacement        8.005310e-03    1.019639e-07    6.445467e-09 
 10
 Nonlinear solution status: time= 1.1
	stiffness updates             = 9
	right hand side evaluations   = 12
	stiffness matrix reformations = 1
	step from line search         = 1.000000
	convergence norms :     INITIAL         CURRENT         REQUIRED
	   residual            1.637283e-01    4.738902e-04    0.000000e+00 
	   energy              2.082749e-02    1.426528e-07    2.082749e-04 
	   displacement        8.005310e-03    5.089378e-08    6.432927e-09 

 *************************************************************************
 *                               WARNING                                 *
 * Max nr of iterations reached.                                         *
 * Stiffness matrix will now be reformed.                                *
 *************************************************************************
Reforming stiffness matrix: reformation #2

 11
 Nonlinear solution status: time= 1.1
	stiffness updates             = 0
	right hand side evaluations   = 13
	stiffness matrix reformations = 2
	step from line search         = 1.000000
	convergence norms :     INITIAL         CURRENT         REQUIRED
	   residual            1.637283e-01    1.313144e-06    0.000000e+00 
	   energy              2.082749e-02    5.497996e-09    2.082749e-04 
	   displacement        8.005310e-03    2.540702e-08    6.434904e-09 
 12
 Nonlinear solution status: time= 1.1
	stiffness updates             = 1
	right hand side evaluations   = 14
	stiffness matrix reformations = 2
	step from line search         = 1.000000
	convergence norms :     INITIAL         CURRENT         REQUIRED
	   residual            1.637283e-01    3.158799e-08    0.000000e+00 
	   energy              2.082749e-02    1.203246e-10    2.082749e-04 
	   displacement        8.005310e-03    3.925646e-10    6.434138e-09 

convergence summary
    number of iterations   : 12
    number of reformations : 2

------- converged at time : 1.1


AUTO STEPPER: increasing time step, dt = 0.00422986


===== beginning time step 21 : 1.10423 =====


Reforming stiffness matrix: reformation #1

 1
 Nonlinear solution status: time= 1.10423
	stiffness updates             = 0
	right hand side evaluations   = 2
	stiffness matrix reformations = 1
	step from line search         = 1.000000
	convergence norms :     INITIAL         CURRENT         REQUIRED
	   residual            1.212689e-01    2.618845e-01    0.000000e+00 
	   energy              1.817586e-02    1.655267e-03    1.817586e-04 
	   displacement        8.537028e-03    8.537028e-03    8.537028e-09 
 2
 Nonlinear solution status: time= 1.10423
	stiffness updates             = 1
	right hand side evaluations   = 3
	stiffness matrix reformations = 1
	step from line search         = 1.000000
	convergence norms :     INITIAL         CURRENT         REQUIRED
	   residual            1.212689e-01    2.807151e-01    0.000000e+00 
	   energy              1.817586e-02    2.069121e-04    1.817586e-04 
	   displacement        8.537028e-03    2.635550e-04    6.607807e-09 
 3
 Nonlinear solution status: time= 1.10423
	stiffness updates             = 2
	right hand side evaluations   = 4
	stiffness matrix reformations = 1
	step from line search         = 1.000000
	convergence norms :     INITIAL         CURRENT         REQUIRED
	   residual            1.212689e-01    1.022571e-01    0.000000e+00 
	   energy              1.817586e-02    4.282727e-05    1.817586e-04 
	   displacement        8.537028e-03    4.211460e-05    6.458342e-09 
 4
 Nonlinear solution status: time= 1.10423
	stiffness updates             = 3
	right hand side evaluations   = 5
	stiffness matrix reformations = 1
	step from line search         = 1.000000
	convergence norms :     INITIAL         CURRENT         REQUIRED
	   residual            1.212689e-01    7.466338e-02    0.000000e+00 
	   energy              1.817586e-02    2.916671e-05    1.817586e-04 
	   displacement        8.537028e-03    1.595301e-05    6.839958e-09 
 5
 Nonlinear solution status: time= 1.10423
	stiffness updates             = 4
	right hand side evaluations   = 6
	stiffness matrix reformations = 1
	step from line search         = 1.000000
	convergence norms :     INITIAL         CURRENT         REQUIRED
	   residual            1.212689e-01    2.994327e-02    0.000000e+00 
	   energy              1.817586e-02    1.042329e-05    1.817586e-04 
	   displacement        8.537028e-03    3.393598e-06    6.871422e-09 
 6
 Nonlinear solution status: time= 1.10423
	stiffness updates             = 5
	right hand side evaluations   = 7
	stiffness matrix reformations = 1
	step from line search         = 1.000000
	convergence norms :     INITIAL         CURRENT         REQUIRED
	   residual            1.212689e-01    2.115997e-02    0.000000e+00 
	   energy              1.817586e-02    7.875749e-06    1.817586e-04 
	   displacement        8.537028e-03    2.962757e-06    6.742011e-09 
 7
 Nonlinear solution status: time= 1.10423
	stiffness updates             = 6
	right hand side evaluations   = 8
	stiffness matrix reformations = 1
	step from line search         = 1.000000
	convergence norms :     INITIAL         CURRENT         REQUIRED
	   residual            1.212689e-01    5.856531e-03    0.000000e+00 
	   energy              1.817586e-02    2.155608e-06    1.817586e-04 
	   displacement        8.537028e-03    8.757698e-07    6.750823e-09 
 8
 Nonlinear solution status: time= 1.10423
	stiffness updates             = 7
	right hand side evaluations   = 10
	stiffness matrix reformations = 1
	step from line search         = 0.631606
	convergence norms :     INITIAL         CURRENT         REQUIRED
	   residual            1.212689e-01    1.233987e-03    0.000000e+00 
	   energy              1.817586e-02    2.716796e-07    1.817586e-04 
	   displacement        8.537028e-03    2.552954e-07    6.791648e-09 
 9
 Nonlinear solution status: time= 1.10423
	stiffness updates             = 8
	right hand side evaluations   = 12
	stiffness matrix reformations = 1
	step from line search         = 0.627128
	convergence norms :     INITIAL         CURRENT         REQUIRED
	   residual            1.212689e-01    3.000627e-04    0.000000e+00 
	   energy              1.817586e-02    6.722457e-08    1.817586e-04 
	   displacement        8.537028e-03    4.204928e-08    6.800564e-09 
 10
 Nonlinear solution status: time= 1.10423
	stiffness updates             = 9
	right hand side evaluations   = 14
	stiffness matrix reformations = 1
	step from line search         = 0.635950
	convergence norms :     INITIAL         CURRENT         REQUIRED
	   residual            1.212689e-01    7.395120e-05    0.000000e+00 
	   energy              1.817586e-02    1.590756e-08    1.817586e-04 
	   displacement        8.537028e-03    1.334469e-08    6.794479e-09 

 *************************************************************************
 *                               WARNING                                 *
 * Max nr of iterations reached.                                         *
 * Stiffness matrix will now be reformed.                                *
 *************************************************************************
Reforming stiffness matrix: reformation #2

 11
 Nonlinear solution status: time= 1.10423
	stiffness updates             = 0
	right hand side evaluations   = 15
	stiffness matrix reformations = 2
	step from line search         = 1.000000
	convergence norms :     INITIAL         CURRENT         REQUIRED
	   residual            1.212689e-01    7.729571e-09    0.000000e+00 
	   energy              1.817586e-02    9.105592e-10    1.817586e-04 
	   displacement        8.537028e-03    8.478737e-09    6.793059e-09 
 12
 Nonlinear solution status: time= 1.10423
	stiffness updates             = 1
	right hand side evaluations   = 16
	stiffness matrix reformations = 2
	step from line search         = 1.000000
	convergence norms :     INITIAL         CURRENT         REQUIRED
	   residual            1.212689e-01    2.416605e-09    0.000000e+00 
	   energy              1.817586e-02    2.077498e-11    1.817586e-04 
	   displacement        8.537028e-03    1.352420e-10    6.793437e-09 

convergence summary
    number of iterations   : 12
    number of reformations : 2

------- converged at time : 1.10423


AUTO STEPPER: decreasing time step, dt = 0.00404978


===== beginning time step 22 : 1.10828 =====


Reforming stiffness matrix: reformation #1

 1
 Nonlinear solution status: time= 1.10828
	stiffness updates             = 0
	right hand side evaluations   = 2
	stiffness matrix reformations = 1
	step from line search         = 1.000000
	convergence norms :     INITIAL         CURRENT         REQUIRED
	   residual            1.106327e-01    1.621438e-01    0.000000e+00 
	   energy              1.535735e-02    1.388698e-03    1.535735e-04 
	   displacement        6.830311e-03    6.830311e-03    6.830311e-09 
 2
 Nonlinear solution status: time= 1.10828
	stiffness updates             = 1
	right hand side evaluations   = 3
	stiffness matrix reformations = 1
	step from line search         = 1.000000
	convergence norms :     INITIAL         CURRENT         REQUIRED
	   residual            1.106327e-01    1.411913e-01    0.000000e+00 
	   energy              1.535735e-02    1.120078e-04    1.535735e-04 
	   displacement        6.830311e-03    1.971939e-04    5.250613e-09 
 3
 Nonlinear solution status: time= 1.10828
	stiffness updates             = 2
	right hand side evaluations   = 4
	stiffness matrix reformations = 1
	step from line search         = 1.000000
	convergence norms :     INITIAL         CURRENT         REQUIRED
	   residual            1.106327e-01    4.658221e-02    0.000000e+00 
	   energy              1.535735e-02    2.487097e-05    1.535735e-04 
	   displacement        6.830311e-03    2.006950e-05    5.202192e-09 
 4
 Nonlinear solution status: time= 1.10828
	stiffness updates             = 3
	right hand side evaluations   = 5
	stiffness matrix reformations = 1
	step from line search         = 1.000000
	convergence norms :     INITIAL         CURRENT         REQUIRED
	   residual            1.106327e-01    1.885271e-02    0.000000e+00 
	   energy              1.535735e-02    9.088776e-06    1.535735e-04 
	   displacement        6.830311e-03    6.788027e-06    5.421174e-09 
 5
 Nonlinear solution status: time= 1.10828
	stiffness updates             = 4
	right hand side evaluations   = 6
	stiffness matrix reformations = 1
	step from line search         = 1.000000
	convergence norms :     INITIAL         CURRENT         REQUIRED
	   residual            1.106327e-01    7.646909e-03    0.000000e+00 
	   energy              1.535735e-02    3.208342e-06    1.535735e-04 
	   displacement        6.830311e-03    1.111069e-06    5.423494e-09 
 6
 Nonlinear solution status: time= 1.10828
	stiffness updates             = 5
	right hand side evaluations   = 7
	stiffness matrix reformations = 1
	step from line search         = 1.000000
	convergence norms :     INITIAL         CURRENT         REQUIRED
	   residual            1.106327e-01    3.023501e-03    0.000000e+00 
	   energy              1.535735e-02    1.270028e-06    1.535735e-04 
	   displacement        6.830311e-03    6.820899e-07    5.372319e-09 
 7
 Nonlinear solution status: time= 1.10828
	stiffness updates             = 6
	right hand side evaluations   = 8
	stiffness matrix reformations = 1
	step from line search         = 1.000000
	convergence norms :     INITIAL         CURRENT         REQUIRED
	   residual            1.106327e-01    1.006153e-03    0.000000e+00 
	   energy              1.535735e-02    4.496499e-07    1.535735e-04 
	   displacement        6.830311e-03    1.765424e-07    5.379554e-09 
 8
 Nonlinear solution status: time= 1.10828
	stiffness updates             = 7
	right hand side evaluations   = 9
	stiffness matrix reformations = 1
	step from line search         = 1.000000
	convergence norms :     INITIAL         CURRENT         REQUIRED
	   residual            1.106327e-01    3.792746e-04    0.000000e+00 
	   energy              1.535735e-02    1.614116e-07    1.535735e-04 
	   displacement        6.830311e-03    7.444646e-08    5.397257e-09 
 9
 Nonlinear solution status: time= 1.10828
	stiffness updates             = 8
	right hand side evaluations   = 10
	stiffness matrix reformations = 1
	step from line search         = 1.000000
	convergence norms :     INITIAL         CURRENT         REQUIRED
	   residual            1.106327e-01    1.554307e-04    0.000000e+00 
	   energy              1.535735e-02    5.803541e-08    1.535735e-04 
	   displacement        6.830311e-03    1.973251e-08    5.393378e-09 
 10
 Nonlinear solution status: time= 1.10828
	stiffness updates             = 9
	right hand side evaluations   = 11
	stiffness matrix reformations = 1
	step from line search         = 1.000000
	convergence norms :     INITIAL         CURRENT         REQUIRED
	   residual            1.106327e-01    6.685393e-05    0.000000e+00 
	   energy              1.535735e-02    2.524127e-08    1.535735e-04 
	   displacement        6.830311e-03    9.064486e-09    5.388537e-09 

 *************************************************************************
 *                               WARNING                                 *
 * Max nr of iterations reached.                                         *
 * Stiffness matrix will now be reformed.                                *
 *************************************************************************
Reforming stiffness matrix: reformation #2

 11
 Nonlinear solution status: time= 1.10828
	stiffness updates             = 0
	right hand side evaluations   = 12
	stiffness matrix reformations = 2
	step from line search         = 1.000000
	convergence norms :     INITIAL         CURRENT         REQUIRED
	   residual            1.106327e-01    3.256991e-09    0.000000e+00 
	   energy              1.535735e-02    6.397905e-10    1.535735e-04 
	   displacement        6.830311e-03    2.964342e-09    5.392218e-09 

convergence summary
    number of iterations   : 11
    number of reformations : 2

------- converged at time : 1.10828


===== beginning time step 23 : 1.11233 =====


Reforming stiffness matrix: reformation #1

 1
 Nonlinear solution status: time= 1.11233
	stiffness updates             = 0
	right hand side evaluations   = 2
	stiffness matrix reformations = 1
	step from line search         = 1.000000
	convergence norms :     INITIAL         CURRENT         REQUIRED
	   residual            9.331170e-02    1.145106e-01    0.000000e+00 
	   energy              1.305292e-02    1.201580e-03    1.305292e-04 
	   displacement        5.931435e-03    5.931435e-03    5.931435e-09 
 2
 Nonlinear solution status: time= 1.11233
	stiffness updates             = 1
	right hand side evaluations   = 3
	stiffness matrix reformations = 1
	step from line search         = 1.000000
	convergence norms :     INITIAL         CURRENT         REQUIRED
	   residual            9.331170e-02    8.988033e-02    0.000000e+00 
	   energy              1.305292e-02    7.385914e-05    1.305292e-04 
	   displacement        5.931435e-03    1.655730e-04    4.537081e-09 
 3
 Nonlinear solution status: time= 1.11233
	stiffness updates             = 2
	right hand side evaluations   = 4
	stiffness matrix reformations = 1
	step from line search         = 1.000000
	convergence norms :     INITIAL         CURRENT         REQUIRED
	   residual            9.331170e-02    2.530230e-02    0.000000e+00 
	   energy              1.305292e-02    1.425746e-05    1.305292e-04 
	   displacement        5.931435e-03    1.105978e-05    4.527221e-09 
 4
 Nonlinear solution status: time= 1.11233
	stiffness updates             = 3
	right hand side evaluations   = 5
	stiffness matrix reformations = 1
	step from line search         = 1.000000
	convergence norms :     INITIAL         CURRENT         REQUIRED
	   residual            9.331170e-02    7.659531e-03    0.000000e+00 
	   energy              1.305292e-02    4.032395e-06    1.305292e-04 
	   displacement        5.931435e-03    3.371340e-06    4.673945e-09 
 5
 Nonlinear solution status: time= 1.11233
	stiffness updates             = 4
	right hand side evaluations   = 6
	stiffness matrix reformations = 1
	step from line search         = 1.000000
	convergence norms :     INITIAL         CURRENT         REQUIRED
	   residual            9.331170e-02    3.086899e-03    0.000000e+00 
	   energy              1.305292e-02    1.299954e-06    1.305292e-04 
	   displacement        5.931435e-03    4.612863e-07    4.668897e-09 
 6
 Nonlinear solution status: time= 1.11233
	stiffness updates             = 5
	right hand side evaluations   = 7
	stiffness matrix reformations = 1
	step from line search         = 1.000000
	convergence norms :     INITIAL         CURRENT         REQUIRED
	   residual            9.331170e-02    9.697208e-04    0.000000e+00 
	   energy              1.305292e-02    4.190701e-07    1.305292e-04 
	   displacement        5.931435e-03    2.385833e-07    4.641217e-09 
 7
 Nonlinear solution status: time= 1.11233
	stiffness updates             = 6
	right hand side evaluations   = 8
	stiffness matrix reformations = 1
	step from line search         = 1.000000
	convergence norms :     INITIAL         CURRENT         REQUIRED
	   residual            9.331170e-02    3.412229e-04    0.000000e+00 
	   energy              1.305292e-02    1.464669e-07    1.305292e-04 
	   displacement        5.931435e-03    5.939392e-08    4.647039e-09 
 8
 Nonlinear solution status: time= 1.11233
	stiffness updates             = 7
	right hand side evaluations   = 9
	stiffness matrix reformations = 1
	step from line search         = 1.000000
	convergence norms :     INITIAL         CURRENT         REQUIRED
	   residual            9.331170e-02    8.622729e-05    0.000000e+00 
	   energy              1.305292e-02    4.070685e-08    1.305292e-04 
	   displacement        5.931435e-03    2.043274e-08    4.654846e-09 
 9
 Nonlinear solution status: time= 1.11233
	stiffness updates             = 8
	right hand side evaluations   = 10
	stiffness matrix reformations = 1
	step from line search         = 1.000000
	convergence norms :     INITIAL         CURRENT         REQUIRED
	   residual            9.331170e-02    3.104147e-05    0.000000e+00 
	   energy              1.305292e-02    1.261528e-08    1.305292e-04 
	   displacement        5.931435e-03    5.776863e-09    4.652379e-09 
 10
 Nonlinear solution status: time= 1.11233
	stiffness updates             = 9
	right hand side evaluations   = 11
	stiffness matrix reformations = 1
	step from line search         = 1.000000
	convergence norms :     INITIAL         CURRENT         REQUIRED
	   residual            9.331170e-02    9.018700e-06    0.000000e+00 
	   energy              1.305292e-02    3.625512e-09    1.305292e-04 
	   displacement        5.931435e-03    1.560522e-09    4.650940e-09 

convergence summary
    number of iterations   : 10
    number of reformations : 1

------- converged at time : 1.11233


AUTO STEPPER: increasing time step, dt = 0.0043402


===== beginning time step 24 : 1.11667 =====


Reforming stiffness matrix: reformation #1

 1
 Nonlinear solution status: time= 1.11667
	stiffness updates             = 0
	right hand side evaluations   = 2
	stiffness matrix reformations = 1
	step from line search         = 1.000000
	convergence norms :     INITIAL         CURRENT         REQUIRED
	   residual            6.915173e-02    1.006113e-01    0.000000e+00 
	   energy              1.107305e-02    1.070350e-03    1.107305e-04 
	   displacement        5.817632e-03    5.817632e-03    5.817632e-09 
 2
 Nonlinear solution status: time= 1.11667
	stiffness updates             = 1
	right hand side evaluations   = 3
	stiffness matrix reformations = 1
	step from line search         = 1.000000
	convergence norms :     INITIAL         CURRENT         REQUIRED
	   residual            6.915173e-02    7.547479e-02    0.000000e+00 
	   energy              1.107305e-02    6.211479e-05    1.107305e-04 
	   displacement        5.817632e-03    1.578792e-04    4.428872e-09 
 3
 Nonlinear solution status: time= 1.11667
	stiffness updates             = 2
	right hand side evaluations   = 4
	stiffness matrix reformations = 1
	step from line search         = 1.000000
	convergence norms :     INITIAL         CURRENT         REQUIRED
	   residual            6.915173e-02    2.120972e-02    0.000000e+00 
	   energy              1.107305e-02    1.217793e-05    1.107305e-04 
	   displacement        5.817632e-03    9.466187e-06    4.416894e-09 
 4
 Nonlinear solution status: time= 1.11667
	stiffness updates             = 3
	right hand side evaluations   = 5
	stiffness matrix reformations = 1
	step from line search         = 1.000000
	convergence norms :     INITIAL         CURRENT         REQUIRED
	   residual            6.915173e-02    5.034770e-03    0.000000e+00 
	   energy              1.107305e-02    2.917615e-06    1.107305e-04 
	   displacement        5.817632e-03    2.953505e-06    4.560561e-09 
 5
 Nonlinear solution status: time= 1.11667
	stiffness updates             = 4
	right hand side evaluations   = 6
	stiffness matrix reformations = 1
	step from line search         = 1.000000
	convergence norms :     INITIAL         CURRENT         REQUIRED
	   residual            6.915173e-02    2.452465e-03    0.000000e+00 
	   energy              1.107305e-02    9.862418e-07    1.107305e-04 
	   displacement        5.817632e-03    3.878472e-07    4.554407e-09 
 6
 Nonlinear solution status: time= 1.11667
	stiffness updates             = 5
	right hand side evaluations   = 7
	stiffness matrix reformations = 1
	step from line search         = 1.000000
	convergence norms :     INITIAL         CURRENT         REQUIRED
	   residual            6.915173e-02    7.912508e-04    0.000000e+00 
	   energy              1.107305e-02    3.294326e-07    1.107305e-04 
	   displacement        5.817632e-03    1.824201e-07    4.529854e-09 
 7
 Nonlinear solution status: time= 1.11667
	stiffness updates             = 6
	right hand side evaluations   = 8
	stiffness matrix reformations = 1
	step from line search         = 1.000000
	convergence norms :     INITIAL         CURRENT         REQUIRED
	   residual            6.915173e-02    2.637966e-04    0.000000e+00 
	   energy              1.107305e-02    1.178827e-07    1.107305e-04 
	   displacement        5.817632e-03    5.434099e-08    4.535182e-09 
 8
 Nonlinear solution status: time= 1.11667
	stiffness updates             = 7
	right hand side evaluations   = 9
	stiffness matrix reformations = 1
	step from line search         = 1.000000
	convergence norms :     INITIAL         CURRENT         REQUIRED
	   residual            6.915173e-02    6.640996e-05    0.000000e+00 
	   energy              1.107305e-02    3.172818e-08    1.107305e-04 
	   displacement        5.817632e-03    1.744586e-08    4.542135e-09 
 9
 Nonlinear solution status: time= 1.11667
	stiffness updates             = 8
	right hand side evaluations   = 10
	stiffness matrix reformations = 1
	step from line search         = 1.000000
	convergence norms :     INITIAL         CURRENT         REQUIRED
	   residual            6.915173e-02    2.588837e-05    0.000000e+00 
	   energy              1.107305e-02    1.041701e-08    1.107305e-04 
	   displacement        5.817632e-03    5.308544e-09    4.539991e-09 
 10
 Nonlinear solution status: time= 1.11667
	stiffness updates             = 9
	right hand side evaluations   = 11
	stiffness matrix reformations = 1
	step from line search         = 1.000000
	convergence norms :     INITIAL         CURRENT         REQUIRED
	   residual            6.915173e-02    6.516748e-06    0.000000e+00 
	   energy              1.107305e-02    2.739267e-09    1.107305e-04 
	   displacement        5.817632e-03    1.384451e-09    4.538703e-09 

convergence summary
    number of iterations   : 10
    number of reformations : 1

------- converged at time : 1.11667


AUTO STEPPER: increasing time step, dt = 0.00461645


===== beginning time step 25 : 1.12129 =====


Reforming stiffness matrix: reformation #1

 1
 Nonlinear solution status: time= 1.12129
	stiffness updates             = 0
	right hand side evaluations   = 2
	stiffness matrix reformations = 1
	step from line search         = 1.000000
	convergence norms :     INITIAL         CURRENT         REQUIRED
	   residual            5.125336e-02    8.802782e-02    0.000000e+00 
	   energy              9.282552e-03    9.447400e-04    9.282552e-05 
	   displacement        5.568351e-03    5.568351e-03    5.568351e-09 
 2
 Nonlinear solution status: time= 1.12129
	stiffness updates             = 1
	right hand side evaluations   = 3
	stiffness matrix reformations = 1
	step from line search         = 1.000000
	convergence norms :     INITIAL         CURRENT         REQUIRED
	   residual            5.125336e-02    6.185592e-02    0.000000e+00 
	   energy              9.282552e-03    5.321101e-05    9.282552e-05 
	   displacement        5.568351e-03    1.484813e-04    4.219076e-09 
 3
 Nonlinear solution status: time= 1.12129
	stiffness updates             = 2
	right hand side evaluations   = 4
	stiffness matrix reformations = 1
	step from line search         = 1.000000
	convergence norms :     INITIAL         CURRENT         REQUIRED
	   residual            5.125336e-02    1.679550e-02    0.000000e+00 
	   energy              9.282552e-03    1.063398e-05    9.282552e-05 
	   displacement        5.568351e-03    8.892648e-06    4.206758e-09 
 4
 Nonlinear solution status: time= 1.12129
	stiffness updates             = 3
	right hand side evaluations   = 5
	stiffness matrix reformations = 1
	step from line search         = 1.000000
	convergence norms :     INITIAL         CURRENT         REQUIRED
	   residual            5.125336e-02    3.079210e-03    0.000000e+00 
	   energy              9.282552e-03    2.182106e-06    9.282552e-05 
	   displacement        5.568351e-03    2.751755e-06    4.344570e-09 
 5
 Nonlinear solution status: time= 1.12129
	stiffness updates             = 4
	right hand side evaluations   = 6
	stiffness matrix reformations = 1
	step from line search         = 1.000000
	convergence norms :     INITIAL         CURRENT         REQUIRED
	   residual            5.125336e-02    1.319629e-03    0.000000e+00 
	   energy              9.282552e-03    5.588599e-07    9.282552e-05 
	   displacement        5.568351e-03    3.474904e-07    4.335883e-09 
 6
 Nonlinear solution status: time= 1.12129
	stiffness updates             = 5
	right hand side evaluations   = 7
	stiffness matrix reformations = 1
	step from line search         = 1.000000
	convergence norms :     INITIAL         CURRENT         REQUIRED
	   residual            5.125336e-02    4.171771e-04    0.000000e+00 
	   energy              9.282552e-03    1.763362e-07    9.282552e-05 
	   displacement        5.568351e-03    1.125660e-07    4.317213e-09 
 7
 Nonlinear solution status: time= 1.12129
	stiffness updates             = 6
	right hand side evaluations   = 8
	stiffness matrix reformations = 1
	step from line search         = 1.000000
	convergence norms :     INITIAL         CURRENT         REQUIRED
	   residual            5.125336e-02    1.005048e-04    0.000000e+00 
	   energy              9.282552e-03    5.045527e-08    9.282552e-05 
	   displacement        5.568351e-03    3.033930e-08    4.321894e-09 
 8
 Nonlinear solution status: time= 1.12129
	stiffness updates             = 7
	right hand side evaluations   = 9
	stiffness matrix reformations = 1
	step from line search         = 1.000000
	convergence norms :     INITIAL         CURRENT         REQUIRED
	   residual            5.125336e-02    3.082647e-05    0.000000e+00 
	   energy              9.282552e-03    1.363869e-08    9.282552e-05 
	   displacement        5.568351e-03    9.308297e-09    4.326804e-09 
 9
 Nonlinear solution status: time= 1.12129
	stiffness updates             = 8
	right hand side evaluations   = 10
	stiffness matrix reformations = 1
	step from line search         = 1.000000
	convergence norms :     INITIAL         CURRENT         REQUIRED
	   residual            5.125336e-02    1.134414e-05    0.000000e+00 
	   energy              9.282552e-03    4.095489e-09    9.282552e-05 
	   displacement        5.568351e-03    2.486533e-09    4.325354e-09 

convergence summary
    number of iterations   : 9
    number of reformations : 1

------- converged at time : 1.12129


AUTO STEPPER: increasing time step, dt = 0.00518464

MUST POINT CONTROLLER: adjusting time step. dt = 0.00371392


===== beginning time step 26 : 1.125 =====


Reforming stiffness matrix: reformation #1

 1
 Nonlinear solution status: time= 1.125
	stiffness updates             = 0
	right hand side evaluations   = 2
	stiffness matrix reformations = 1
	step from line search         = 1.000000
	convergence norms :     INITIAL         CURRENT         REQUIRED
	   residual            6.293775e-02    4.526274e-02    0.000000e+00 
	   energy              7.728914e-03    7.542237e-04    7.728914e-05 
	   displacement        3.210681e-03    3.210681e-03    3.210681e-09 
 2
 Nonlinear solution status: time= 1.125
	stiffness updates             = 1
	right hand side evaluations   = 3
	stiffness matrix reformations = 1
	step from line search         = 1.000000
	convergence norms :     INITIAL         CURRENT         REQUIRED
	   residual            6.293775e-02    3.097891e-02    0.000000e+00 
	   energy              7.728914e-03    2.830945e-05    7.728914e-05 
	   displacement        3.210681e-03    9.122097e-05    2.424874e-09 
 3
 Nonlinear solution status: time= 1.125
	stiffness updates             = 2
	right hand side evaluations   = 4
	stiffness matrix reformations = 1
	step from line search         = 1.000000
	convergence norms :     INITIAL         CURRENT         REQUIRED
	   residual            6.293775e-02    3.388744e-03    0.000000e+00 
	   energy              7.728914e-03    2.580628e-06    7.728914e-05 
	   displacement        3.210681e-03    2.717186e-06    2.445832e-09 
 4
 Nonlinear solution status: time= 1.125
	stiffness updates             = 3
	right hand side evaluations   = 5
	stiffness matrix reformations = 1
	step from line search         = 1.000000
	convergence norms :     INITIAL         CURRENT         REQUIRED
	   residual            6.293775e-02    5.840331e-04    0.000000e+00 
	   energy              7.728914e-03    4.598580e-07    7.728914e-05 
	   displacement        3.210681e-03    4.708393e-07    2.484759e-09 
 5
 Nonlinear solution status: time= 1.125
	stiffness updates             = 4
	right hand side evaluations   = 6
	stiffness matrix reformations = 1
	step from line search         = 1.000000
	convergence norms :     INITIAL         CURRENT         REQUIRED
	   residual            6.293775e-02    1.073153e-04    0.000000e+00 
	   energy              7.728914e-03    5.004537e-08    7.728914e-05 
	   displacement        3.210681e-03    4.980852e-08    2.479841e-09 
 6
 Nonlinear solution status: time= 1.125
	stiffness updates             = 5
	right hand side evaluations   = 7
	stiffness matrix reformations = 1
	step from line search         = 1.000000
	convergence norms :     INITIAL         CURRENT         REQUIRED
	   residual            6.293775e-02    2.488100e-05    0.000000e+00 
	   energy              7.728914e-03    1.350046e-08    7.728914e-05 
	   displacement        3.210681e-03    7.892342e-09    2.476686e-09 
 7
 Nonlinear solution status: time= 1.125
	stiffness updates             = 6
	right hand side evaluations   = 8
	stiffness matrix reformations = 1
	step from line search         = 1.000000
	convergence norms :     INITIAL         CURRENT         REQUIRED
	   residual            6.293775e-02    2.492361e-06    0.000000e+00 
	   energy              7.728914e-03    1.342311e-09    7.728914e-05 
	   displacement        3.210681e-03    1.431805e-09    2.477855e-09 

convergence summary
    number of iterations   : 7
    number of reformations : 1

------- converged at time : 1.125


AUTO STEPPER: increasing time step, dt = 0.00614771


===== beginning time step 27 : 1.13115 =====


Reforming stiffness matrix: reformation #1

 1
 Nonlinear solution status: time= 1.13115
	stiffness updates             = 0
	right hand side evaluations   = 2
	stiffness matrix reformations = 1
	step from line search         = 1.000000
	convergence norms :     INITIAL         CURRENT         REQUIRED
	   residual            2.336003e-02    1.200336e-01    0.000000e+00 
	   energy              7.206220e-03    9.034805e-04    7.206220e-05 
	   displacement        7.419058e-03    7.419058e-03    7.419058e-09 
 2
 Nonlinear solution status: time= 1.13115
	stiffness updates             = 1
	right hand side evaluations   = 3
	stiffness matrix reformations = 1
	step from line search         = 1.000000
	convergence norms :     INITIAL         CURRENT         REQUIRED
	   residual            2.336003e-02    8.198659e-02    0.000000e+00 
	   energy              7.206220e-03    8.579579e-05    7.206220e-05 
	   displacement        7.419058e-03    2.046081e-04    5.542449e-09 
 3
 Nonlinear solution status: time= 1.13115
	stiffness updates             = 2
	right hand side evaluations   = 4
	stiffness matrix reformations = 1
	step from line search         = 1.000000
	convergence norms :     INITIAL         CURRENT         REQUIRED
	   residual            2.336003e-02    3.022275e-02    0.000000e+00 
	   energy              7.206220e-03    2.388741e-05    7.206220e-05 
	   displacement        7.419058e-03    2.801770e-05    5.408732e-09 
 4
 Nonlinear solution status: time= 1.13115
	stiffness updates             = 3
	right hand side evaluations   = 5
	stiffness matrix reformations = 1
	step from line search         = 1.000000
	convergence norms :     INITIAL         CURRENT         REQUIRED
	   residual            2.336003e-02    9.308932e-03    0.000000e+00 
	   energy              7.206220e-03    6.560989e-06    7.206220e-05 
	   displacement        7.419058e-03    1.045447e-05    5.746338e-09 
 5
 Nonlinear solution status: time= 1.13115
	stiffness updates             = 4
	right hand side evaluations   = 6
	stiffness matrix reformations = 1
	step from line search         = 1.000000
	convergence norms :     INITIAL         CURRENT         REQUIRED
	   residual            2.336003e-02    6.453530e-03    0.000000e+00 
	   energy              7.206220e-03    2.580073e-06    7.206220e-05 
	   displacement        7.419058e-03    1.426306e-06    5.753817e-09 
 6
 Nonlinear solution status: time= 1.13115
	stiffness updates             = 5
	right hand side evaluations   = 7
	stiffness matrix reformations = 1
	step from line search         = 1.000000
	convergence norms :     INITIAL         CURRENT         REQUIRED
	   residual            2.336003e-02    2.957635e-03    0.000000e+00 
	   energy              7.206220e-03    1.343511e-06    7.206220e-05 
	   displacement        7.419058e-03    8.813631e-07    5.686626e-09 
 7
 Nonlinear solution status: time= 1.13115
	stiffness updates             = 6
	right hand side evaluations   = 8
	stiffness matrix reformations = 1
	step from line search         = 1.000000
	convergence norms :     INITIAL         CURRENT         REQUIRED
	   residual            2.336003e-02    1.144412e-03    0.000000e+00 
	   energy              7.206220e-03    5.319549e-07    7.206220e-05 
	   displacement        7.419058e-03    3.117574e-07    5.690439e-09 
 8
 Nonlinear solution status: time= 1.13115
	stiffness updates             = 7
	right hand side evaluations   = 9
	stiffness matrix reformations = 1
	step from line search         = 1.000000
	convergence norms :     INITIAL         CURRENT         REQUIRED
	   residual            2.336003e-02    5.305848e-04    0.000000e+00 
	   energy              7.206220e-03    2.356511e-07    7.206220e-05 
	   displacement        7.419058e-03    1.395434e-07    5.719431e-09 
 9
 Nonlinear solution status: time= 1.13115
	stiffness updates             = 8
	right hand side evaluations   = 10
	stiffness matrix reformations = 1
	step from line search         = 1.000000
	convergence norms :     INITIAL         CURRENT         REQUIRED
	   residual            2.336003e-02    2.375630e-04    0.000000e+00 
	   energy              7.206220e-03    8.840192e-08    7.206220e-05 
	   displacement        7.419058e-03    5.503721e-08    5.716048e-09 
 10
 Nonlinear solution status: time= 1.13115
	stiffness updates             = 9
	right hand side evaluations   = 11
	stiffness matrix reformations = 1
	step from line search         = 1.000000
	convergence norms :     INITIAL         CURRENT         REQUIRED
	   residual            2.336003e-02    9.460675e-05    0.000000e+00 
	   energy              7.206220e-03    4.184135e-08    7.206220e-05 
	   displacement        7.419058e-03    2.173768e-08    5.706640e-09 

 *************************************************************************
 *                               WARNING                                 *
 * Max nr of iterations reached.                                         *
 * Stiffness matrix will now be reformed.                                *
 *************************************************************************
Ref