# vtk DataFile Version 3.0
time 1
ASCII
DATASET UNSTRUCTURED_GRID
POINTS 5064 float
0 1.47451e-15 0.02899 0 0.0695746 0.00770578 0 0 0.07 
0 0.0735 0 0 -0.002 0.07 0 0.012606 0.0329783 
0 0.0257999 0.0338385 0 0.0389775 0.0314712 0 0.0506877 0.0262869 
0 0.0612437 0.0181765 0 0.00618256 0.0313649 0 0.019177 0.0338069 
0 0.0325793 0.0330365 0 0.0451355 0.0291543 0 0.0564624 0.0223594 
0 0.0656886 0.0132468 0 0.0674334 0.0187811 0 0.0635675 0.0293116 
0 0.0578496 0.0394134 0 0.0507445 0.0482183 0 0.0423133 0.0557637 
0 0.0327479 0.0618674 0 0.022322 0.0663455 0 0.0113096 0.0690803 
0 0.0687404 0.0132196 0 0.0657509 0.024017 0 0.0608746 0.0345583 
0 0.0543989 0.044054 0 0.0465595 0.0522706 0 0.0376544 0.0590097 
0 0.0276258 0.0643181 0 0.0168713 0.0679364 0 0.00567345 0.0697697 
0 0.0713017 0.0046767 0 -0.001 0.07 0.0104724 1.47451e-15 0.0270324 
0.0195304 1.47451e-15 0.0214239 0.0259508 1.47451e-15 0.012922 0.0288663 1.47451e-15 0.00267486 
0.0278833 1.47451e-15 -0.00793349 0.0231345 1.47451e-15 -0.0174704 0.0152613 1.47451e-15 -0.0246478 
0.0053269 1.47451e-15 -0.0284964 -0.0053269 1.47451e-15 -0.0284964 -0.0152613 1.47451e-15 -0.0246478 
-0.0231345 1.47451e-15 -0.0174704 -0.0278833 1.47451e-15 -0.00793349 -0.0288663 1.47451e-15 0.00267486 
-0.0259508 1.47451e-15 0.012922 -0.0195304 1.47451e-15 0.0214239 -0.0104724 1.47451e-15 0.0270324 
0.0053269 1.47451e-15 0.0284964 0.0152613 1.47451e-15 0.0246478 0.0231345 1.47451e-15 0.0174704 
0.0278833 1.47451e-15 0.00793349 0.0288663 1.47451e-15 -0.00267486 0.0259508 1.47451e-15 -0.012922 
0.0195304 1.47451e-15 -0.0214239 0.0104724 1.47451e-15 -0.0270324 -9.32401e-18 1.47451e-15 -0.02899 
-0.0104724 1.47451e-15 -0.0270324 -0.0195304 1.47451e-15 -0.0214239 -0.0259508 1.47451e-15 -0.012922 
-0.0288663 1.47451e-15 -0.00267486 -0.0278833 1.47451e-15 0.00793349 -0.0231345 1.47451e-15 0.0174704 
-0.0152613 1.47451e-15 0.0246478 -0.0053269 1.47451e-15 0.0284964 0.00742927 0.0695746 -0.00204574 
-0.00640166 0.0695746 -0.00428927 0.00628838 0.0695746 0.0044537 0.00128634 0.0695746 -0.00759766 
-0.0069298 0.0695746 0.00337001 0.010433 -0.002 0.0692182 0.0206329 -0.002 0.0668901 
0.0303719 -0.002 0.0630678 0.0394324 -0.002 0.0578367 0.0476121 -0.002 0.0513136 
0.0547282 -0.002 0.0436443 0.0606218 -0.002 0.035 0.0651612 -0.002 0.0255739 
0.068245 -0.002 0.0155765 0.0698043 -0.002 0.00523111 0.0698043 -0.002 -0.00523111 
0.068245 -0.002 -0.0155765 0.0651612 -0.002 -0.0255739 0.0606218 -0.002 -0.035 
0.0547282 -0.002 -0.0436443 0.0476121 -0.002 -0.0513136 0.0394324 -0.002 -0.0578367 
0.0303719 -0.002 -0.0630678 0.0206329 -0.002 -0.0668901 0.010433 -0.002 -0.0692182 
-3.33376e-16 -0.002 -0.07 -0.010433 -0.002 -0.0692182 -0.0206329 -0.002 -0.0668901 
-0.0303719 -0.002 -0.0630678 -0.0394324 -0.002 -0.0578367 -0.0476121 -0.002 -0.0513136 
-0.0547282 -0.002 -0.0436443 -0.0606218 -0.002 -0.035 -0.0651612 -0.002 -0.0255739 
-0.068245 -0.002 -0.0155765 -0.0698043 -0.002 -0.00523111 -0.0698043 -0.002 0.00523111 
-0.068245 -0.002 0.0155765 -0.0651612 -0.002 0.0255739 -0.0606218 -0.002 0.035 
-0.0547282 -0.002 0.0436443 -0.0476121 -0.002 0.0513136 -0.0394324 -0.002 0.0578367 
-0.0303719 -0.002 0.0630678 -0.0206329 -0.002 0.0668901 -0.010433 -0.002 0.0692182 
0.00523111 -0.002 0.0698043 0.0155765 -0.002 0.068245 0.0255739 -0.002 0.0651612 
0.035 -0.002 0.0606218 0.0436443 -0.002 0.0547282 0.0513136 -0.002 0.0476121 
0.0578367 -0.002 0.0394324 0.0630678 -0.002 0.0303719 0.0668901 -0.002 0.0206329 
0.0692182 -0.002 0.010433 0.07 -0.002 -1.20059e-16 0.0692182 -0.002 -0.010433 
0.0668901 -0.002 -0.0206329 0.0630678 -0.002 -0.0303719 0.0578367 -0.002 -0.0394324 
0.0513136 -0.002 -0.0476121 0.0436443 -0.002 -0.0547282 0.035 -0.002 -0.0606218 
0.0255739 -0.002 -0.0651612 0.0155765 -0.002 -0.068245 0.00523111 -0.002 -0.0698043 
-0.00523111 -0.002 -0.0698043 -0.0155765 -0.002 -0.068245 -0.0255739 -0.002 -0.0651612 
-0.035 -0.002 -0.0606218 -0.0436443 -0.002 -0.0547282 -0.0513136 -0.002 -0.0476121 
-0.0578367 -0.002 -0.0394324 -0.0630678 -0.002 -0.0303719 -0.0668901 -0.002 -0.0206329 
-0.0692182 -0.002 -0.010433 -0.07 -0.002 2.35832e-16 -0.0692182 -0.002 0.010433 
-0.0668901 -0.002 0.0206329 -0.0630678 -0.002 0.0303719 -0.0578367 -0.002 0.0394324 
-0.0513136 -0.002 0.0476121 -0.0436443 -0.002 0.0547282 -0.035 -0.002 0.0606218 
-0.0255739 -0.002 0.0651612 -0.0155765 -0.002 0.068245 -0.00523111 -0.002 0.0698043 
0.010433 0 0.0692182 0.0206329 0 0.0668901 0.0303719 0 0.0630678 
0.0394324 0 0.0578367 0.0476121 0 0.0513136 0.0547282 0 0.0436443 
0.0606218 0 0.035 0.0651612 0 0.0255739 0.068245 0 0.0155765 
0.0698043 0 0.00523111 0.0698043 0 -0.00523111 0.068245 0 -0.0155765 
0.0651612 0 -0.0255739 0.0606218 0 -0.035 0.0547282 0 -0.0436443 
0.0476121 0 -0.0513136 0.0394324 0 -0.0578367 0.0303719 0 -0.0630678 
0.0206329 0 -0.0668901 0.010433 0 -0.0692182 -3.33376e-16 0 -0.07 
-0.010433 0 -0.0692182 -0.0206329 0 -0.0668901 -0.0303719 0 -0.0630678 
-0.0394324 0 -0.0578367 -0.0476121 0 -0.0513136 -0.0547282 0 -0.0436443 
-0.0606218 0 -0.035 -0.0651612 0 -0.0255739 -0.068245 0 -0.0155765 
-0.0698043 0 -0.00523111 -0.0698043 0 0.00523111 -0.068245 0 0.0155765 
-0.0651612 0 0.0255739 -0.0606218 0 0.035 -0.0547282 0 0.0436443 
-0.0476121 0 0.0513136 -0.0394324 0 0.0578367 -0.0303719 0 0.0630678 
-0.0206329 0 0.0668901 -0.010433 0 0.0692182 0.00523111 0 0.0698043 
0.0155765 0 0.068245 0.0255739 0 0.0651612 0.035 0 0.0606218 
0.0436443 0 0.0547282 0.0513136 0 0.0476121 0.0578367 0 0.0394324 
0.0630678 0 0.0303719 0.0668901 0 0.0206329 0.0692182 0 0.010433 
0.07 0 -1.20059e-16 0.0692182 0 -0.010433 0.0668901 0 -0.0206329 
0.0630678 0 -0.0303719 0.0578367 0 -0.0394324 0.0513136 0 -0.0476121 
0.0436443 0 -0.0547282 0.035 0 -0.0606218 0.0255739 0 -0.0651612 
0.0155765 0 -0.068245 0.00523111 0 -0.0698043 -0.00523111 0 -0.0698043 
-0.0155765 0 -0.068245 -0.0255739 0 -0.0651612 -0.035 0 -0.0606218 
-0.0436443 0 -0.0547282 -0.0513136 0 -0.0476121 -0.0578367 0 -0.0394324 
-0.0630678 0 -0.0303719 -0.0668901 0 -0.0206329 -0.0692182 0 -0.010433 
-0.07 0 2.35832e-16 -0.0692182 0 0.010433 -0.0668901 0 0.0206329 
-0.0630678 0 0.0303719 -0.0578367 0 0.0394324 -0.0513136 0 0.0476121 
-0.0436443 0 0.0547282 -0.035 0 0.0606218 -0.0255739 0 0.0651612 
-0.0155765 0 0.068245 -0.00523111 0 0.0698043 0.0069611 0 -0.0179687 
-0.0101443 0 0.0163836 0.0153777 0 0.0116127 -0.0183792 0 -0.00847681 
-0.0194272 0 0.00499658 0.0191877 0 -0.001778 -0.0069611 0 -0.0179687 
0.00290038 0 0.0200085 -0.0142977 0 -0.0148349 0.0199432 0 -0.00993052 
0.0104731 0 -0.00795942 0.0109529 0 0.00291258 0.0014194 0 -0.00144615 
0.00388159 0 0.00972387 -0.00811236 0 0.00575657 -0.00807484 0 -0.00613785 
0.000506655 0 -0.0119527 0.0207338 0 0.00587849 0.0150622 0 -0.0161476 
-2.54417e-18 0 -0.0222788 -0.0221838 0 -0.00205563 -0.00409372 0 0.0218995 
0.0104325 0 0.0179603 -0.0169604 0 0.0126192 -0.0146484 0 -0.00127416 
-0.0029374 0 0.0145569 0.00668639 0 0.0235204 0.00145019 0 0.0244992 
-0.00204686 0 0.0254447 -0.00728306 0 0.0244659 -0.000596671 0 0.020954 
0.0149815 0 0.0196921 0.0104525 0 0.0224963 0.00666644 0 0.0189844 
0.0206643 0 0.0122673 0.0174541 0 0.0165183 0.0129051 0 0.0147865 
0.0248001 0 0.00427667 0.0233423 0 0.00940022 0.0180558 0 0.00874561 
0.0235355 0 -0.00485575 0.024027 0 0.000448427 0.0199608 0 0.00205024 
0.0215388 0 -0.0137004 0.0239132 0 -0.008932 0.0195654 0 -0.00585426 
0.0151617 0 -0.0203977 0.0190983 0 -0.016809 0.0175027 0 -0.0130391 
0.006144 0 -0.0232325 0.0111112 0 -0.0213082 0.0110116 0 -0.0170581 
-0.00266345 0 -0.0253876 0.00266345 0 -0.0253876 0.00348055 0 -0.0201237 
-0.0111112 0 -0.0213082 -0.006144 0 -0.0232325 -0.00348055 0 -0.0201237 
-0.0187161 0 -0.0161526 -0.0147795 0 -0.0197414 -0.0106294 0 -0.0164018 
-0.0231312 0 -0.00820515 -0.0207568 0 -0.0129736 -0.0163384 0 -0.0116559 
-0.0255251 0 0.000309615 -0.0250335 0 -0.00499456 -0.0202815 0 -0.00526622 
-0.022689 0 0.00895927 -0.0241467 0 0.00383572 -0.0208055 0 0.00147047 
-0.0182454 0 0.0170215 -0.0214556 0 0.0127706 -0.0181938 0 0.0088079 
-0.0103084 0 0.021708 -0.0148374 0 0.0189037 -0.0135524 0 0.0145014 
-0.00711902 0 0.0191415 0.00373388 0 -0.0149607 0.00548985 0 -0.00995606 
0.00871708 0 -0.012964 0.0127676 0 -0.0120535 0.000253328 0 -0.0171158 
-0.0125364 0 0.0091879 -0.00912834 0 0.0110701 -0.00654086 0 0.0154703 
-0.00552488 0 0.0101567 -0.00351556 0 0.0182282 0.00741725 0 0.00631822 
0.00962966 0 0.0106683 0.0131653 0 0.00726265 0.0158434 0 0.00439553 
0.00715705 0 0.0138421 -0.013227 0 -0.00730733 -0.0111863 0 -0.0104864 
-0.0165138 0 -0.00487549 -0.0113616 0 -0.00370601 -0.0184161 0 -0.00166489 
-0.0137698 0 0.00537657 -0.0113804 0 0.0022412 -0.0170378 0 0.00186121 
0.0152081 0 -0.00894497 0.0148304 0 -0.00486871 0.010713 0 -0.00252342 
0.0150703 0 0.000567286 -0.00751797 0 -0.0120533 -0.00378409 0 -0.00904528 
-0.00322722 0 -0.0149607 0.00339098 0 0.0148662 0.000472093 0 0.0121404 
-1.85103e-05 0 0.0172827 0.00594622 0 -0.00470278 0.00618615 0 0.000733211 
0.000963026 0 -0.00669943 0.00265049 0 0.00413886 -0.00334648 0 0.00215521 
-0.00211539 0 0.00774022 -0.00332772 0 -0.003792 -0.0080936 0 -0.000190643 
3.92446e-18 0.00851602 -0.0320467 -0.03191 0.00851602 -0.0029569 0.0319553 0.00862944 -0.0027924 
-0.000122159 0.0639368 -0.0153343 -0.0129534 0.0613826 -0.0125553 0.0126396 0.0619346 -0.0120823 
-0.021798 0.00895924 -0.0236505 0.0215897 0.00851602 -0.0236828 -0.0114627 0.0444284 0.0271427 
0.0135849 0.0421258 0.0271868 -0.00562496 0.0558022 -0.022162 -0.0260989 0.0103635 0.0193813 
0.0257461 0.00870028 0.0191646 -0.0174038 0.0516515 -0.0189158 -0.0102946 0.0453349 -0.0271806 
-0.0207565 0.0405396 -0.0229747 -0.0260614 0.0451146 -0.0130888 -0.0172493 0.062143 -0.000887935 
0.00182666 0.0477325 -0.0278527 -0.00219597 0.0371863 -0.0319166 0.00972925 0.0389846 -0.0299273 
-0.0287021 0.0341049 -0.0157442 -0.0314597 0.0375571 -0.00521867 0.0169325 0.0624479 -0.000887659 
0.0226689 0.0540194 -0.00833594 0.0250866 0.052071 0.00423639 0.0293682 0.0440501 -0.00389059 
0.0292535 0.0418411 0.00862504 0.0330549 0.0324703 0.000294578 0.0307376 0.0333195 -0.0117213 
0.0311866 0.0297179 0.0121766 -0.0227998 0.0281396 -0.0247597 -0.0115241 0.01798 0.0316851 
0.011539 0.0182538 0.0317043 0.00548051 0.0281154 -0.0332114 0.0163421 0.0291167 -0.0293042 
-0.00604728 0.0262659 -0.0332654 -0.0329638 0.0264313 -0.00747056 -0.0333095 0.0296525 0.00345108 
-0.0302498 0.0406879 0.00636134 -0.0298279 0.0322022 0.0143581 0.0182379 0.0407748 -0.0249206 
0.0124971 0.0189195 -0.0313935 0.0330861 0.0248346 -0.00730853 0.0287641 0.0246444 -0.0179219 
-0.0318054 0.0201242 0.0116166 -0.0259758 0.022076 0.0218121 0.0249996 0.0376929 0.0197366 
0.0254058 0.026559 0.0222795 -0.0245973 0.0425437 0.0175778 0.0163213 0.0589009 0.0121518 
0.0218914 0.0481788 0.0169428 -0.0115766 0.00851602 -0.0298827 -0.0287827 0.00834247 -0.0139838 
0.0285545 0.00776684 -0.0140865 0.0310652 0.00937208 0.00873201 -0.0250787 0.0503866 0.00844844 
-0.0268763 0.0174057 -0.0202691 0.0168704 0.00851602 0.0272467 -0.0170279 0.00838025 0.0271053 
0.0168979 0.0514968 -0.0194954 -0.0183629 0.0178235 -0.0282599 -0.031044 0.00902497 0.00847748 
0.0298126 0.0185621 0.0158485 0.0337198 0.0197769 0.00288183 -0.0178944 0.0532415 0.0169995 
-0.0205874 0.0334228 0.0256322 -0.0110656 0.0629628 0.0121175 0.0220448 0.0196731 -0.0256704 
0.0113422 0.0299585 0.0314664 0.0253841 0.0434349 -0.0157613 -0.0130197 0.0343959 -0.0299683 
0.011533 0.00807343 -0.0297701 -0.0337684 0.0186861 0.000535564 0.00622851 0.055765 -0.0220291 
-0.0218059 0.05537 -0.00788292 -0.0274824 0.0483714 -0.00232864 0.00258514 0.0176073 -0.0335826 
-0.0107969 0.0310208 0.0314978 0.0119225 0.051265 0.0230388 0.0226068 0.0164124 0.0247985 
-0.00824928 0.0170572 -0.0325999 -0.0321207 0.017729 -0.0101732 0.0100129 0.064943 0.0100141 
0.0244183 0.031481 -0.0225308 -0.0191115 0.0241379 0.0280062 -0.00826242 0.0078645 0.0307779 
0.00828315 0.00821224 0.0308724 0.0276521 0.0153823 -0.0187807 0.032098 0.0156376 -0.00945219 
0.0193128 0.0327416 0.0267668 -0.0216839 0.0159317 0.0255333 -0.00811561 0.0554195 0.0216814 
0.0107049 0.0472459 -0.0260438 -0.0143738 0.0253493 -0.0306596 0.0186608 0.0247143 0.0282874 
-0.0296828 0.0249951 -0.0163281 0.0173248 0.0137846 -0.0283054 -0.0202477 0.0571888 0.00803777 
-0.0233798 0.0550905 0.000756603 -0.0041832 0.00379261 0.0302601 -0.00417185 0.0101608 0.0321918 
0.00418137 0.0103374 0.0322321 0.00419554 0.00396279 0.0303212 0.0094401 0.0040328 0.0291448 
-0.00942556 0.00386317 0.0290846 -0.00568245 0.0624014 0.0160268 -0.00630386 0.0665183 0.0104215 
0.00507662 0.0674641 0.00963864 0.00494313 0.0634349 0.0151077 0.0105008 0.0671041 0.00441863 
-0.0121873 0.0657349 0.00504078 -0.00586077 0.0152151 0.0328858 -0.00587492 0.0218796 0.0334036 
0.00588097 0.0220183 0.0334046 0.00586974 0.0153523 0.0329033 -0.00997385 0.0128734 0.031486 
0.00999067 0.0131864 0.0315397 0.00576991 0.0346116 0.0321128 0.00555528 0.0281166 0.0331988 
-0.00550733 0.0285335 0.0331637 -0.0056158 0.0351591 0.0320142 -0.0112664 0.0245139 0.0319677 
0.0115471 0.0241139 0.0318795 -0.00569444 0.0418368 0.0299638 -0.00582382 0.0478066 0.0272595 
0.00706201 0.0468712 0.0274491 0.0069045 0.0408145 0.0300854 -0.0113429 0.0378052 0.0297291 
0.0124911 0.0362641 0.0297161 0.00604637 0.0565399 0.0214636 0.00597724 0.0514224 0.0251443 
-0.00380702 0.0532457 0.0243837 -0.00408136 0.0583595 0.0204114 -0.00979368 0.0503458 0.0246101 
0.0128975 0.0468957 0.025225 0.00870574 0.0604018 0.0168727 0.0145388 0.0553104 0.0181191 
0.0134061 0.0620696 0.0110096 -0.0097061 0.0593875 0.0173927 0.0138022 0.00415344 0.0273991 
0.0183745 0.00415344 0.024568 0.012703 0.00827734 0.0293511 0.022867 0.00424018 0.0204993 
0.0260948 0.00424638 0.0161962 0.0216658 0.00846578 0.023595 0.0288185 0.0045695 0.0109449 
0.0302843 0.00457232 0.00576406 0.0288581 0.00890486 0.0141705 0.0306998 0.0042111 -5.9329e-05 
0.0302166 0.0042064 -0.00541623 0.0319993 0.00887247 0.0030159 0.0284573 0.00378928 -0.011103 
0.0260707 0.0037859 -0.0159166 0.0307474 0.00805617 -0.00857683 0.022576 0.00415344 -0.0207734 
0.0186017 0.00415344 -0.0243964 0.0254845 0.00799745 -0.0191953 0.0135175 0.00393737 -0.0274534 
0.00850569 0.00393737 -0.029395 0.0168283 0.00815502 -0.0271573 0.00268892 0.00415344 -0.030561 
-0.00268892 0.00415344 -0.030561 0.00585945 0.00815502 -0.0314066 -0.00853258 0.00415344 -0.0294687 
-0.0135473 0.00415344 -0.027526 -0.00588174 0.00837816 -0.0314645 -0.0187224 0.00436718 -0.0244003 
-0.0226898 0.00437206 -0.020765 -0.0169657 0.00859731 -0.0272131 -0.0262116 0.00406422 -0.0158803 
-0.0285864 0.00407302 -0.0110566 -0.0257095 0.00851061 -0.019129 -0.0301826 0.00415344 -0.00549727 
-0.0306788 0.00415344 -0.000142369 -0.0308101 0.00829795 -0.00859976 -0.0302498 0.00440631 0.00563101 
-0.0288028 0.00439684 0.0108144 -0.0319578 0.00864222 0.00280245 -0.0263358 0.00505722 0.0163446 
-0.0231026 0.00505023 0.0206601 -0.0290484 0.009563 0.0141619 -0.0184459 0.00409006 0.0244858 
-0.0138829 0.00408419 0.0273302 -0.0219237 0.00923742 0.0236316 -0.0127775 0.00803042 0.0292445 
-0.00349615 0.0671113 -0.0108325 0.00455621 0.0670172 -0.0105711 0.00689988 0.0630167 -0.0148247 
0.00987326 0.0662295 -0.00775924 0.0153277 0.0625417 -0.00701655 0.0123561 0.0662929 -0.00171859 
0.0151086 0.0633797 0.00513245 -0.00963898 0.0658169 -0.00884952 -0.00682311 0.0629975 -0.014883 
-0.0124121 0.0661309 -0.00261526 -0.0155649 0.062275 -0.00716706 -0.0164619 0.0617464 0.00643819 
-0.00417684 0.0127099 -0.0327324 -0.00998187 0.0127444 -0.0314585 0.00717864 0.0127385 -0.0322129 
0.00130103 0.013023 -0.0330294 -0.00286949 0.0172884 -0.0335284 -0.0307197 0.0129836 -0.0121848 
-0.0323868 0.0130545 -0.00664122 -0.0331251 0.0135525 -0.00122121 -0.0328692 0.0137781 0.00457091 
-0.0333769 0.018171 -0.00488206 0.0322921 0.01208 -0.00617305 0.0305683 0.0116486 -0.0118633 
0.0327798 0.0145148 0.00587635 0.0332439 0.0141387 4.52673e-05 0.0335193 0.01765 -0.00334612 
-0.00981158 0.058761 -0.0179654 -0.00276009 0.0600965 -0.0190729 0.00329568 0.060132 -0.0189543 
0.0100936 0.0587599 -0.0178097 0.000338769 0.0559893 -0.0227206 -0.0155902 0.0565866 -0.0158923 
-0.0118817 0.0538719 -0.0211451 -0.0178438 0.0584677 -0.0105376 -0.0200792 0.0537191 -0.0137916 
-0.0198476 0.0589422 -0.00431908 0.0181786 0.0579658 -0.0108052 0.0202151 0.058474 -0.00453563 
0.0150906 0.0569506 -0.0159746 0.0202626 0.0529405 -0.0144398 0.0120221 0.0536607 -0.0212319 
-0.0151393 0.0131037 -0.0294006 -0.020261 0.0133401 -0.0261885 -0.0245556 0.0131301 -0.0221569 
-0.0281186 0.0128116 -0.0173043 -0.0229644 0.0175666 -0.0246343 0.0282843 0.0115308 -0.0165395 
0.024868 0.0118833 -0.0214449 0.0220102 0.0140478 -0.0248948 0.0250969 0.0174957 -0.0224478 
0.0197943 0.0167083 -0.027138 0.0195801 0.0111058 -0.0261583 0.0145184 0.0108845 -0.0292179 
-0.0186023 0.0439491 0.0231105 -0.0214363 0.0481484 0.0175401 -0.0149352 0.0492109 0.0226476 
-0.0163926 0.0391847 0.0267893 -0.0227743 0.0380816 0.0221078 -0.0133958 0.0548482 0.0193903 
-0.0159672 0.0323752 0.0289636 0.0197354 0.0402616 0.0239799 0.0181975 0.0453782 0.0226379 
0.0237227 0.0430515 0.0184185 0.0223076 0.0352834 0.0235996 0.0166511 0.0375905 0.0271862 
0.0172618 0.050131 0.0202533 0.0155098 0.0315269 0.0293742 -0.0140542 0.0486298 -0.023572 
-0.00805223 0.0507241 -0.0250006 -0.00447191 0.0467665 -0.0280397 -0.00191433 0.0519692 -0.025434 
0.00411857 0.0519242 -0.0251998 -0.0294436 0.0151661 0.015762 -0.0293414 0.0210843 0.0169751 
-0.0262961 0.01618 0.0208014 -0.0317223 0.0145273 0.0101422 -0.0239751 0.0189898 0.0238171 
-0.0240949 0.0130977 0.0226486 -0.0194821 0.0121139 0.026491 0.028047 0.0135776 0.0176752 
0.0307912 0.0139051 0.0124325 0.0199076 0.0124106 0.0262453 0.024386 0.0125025 0.0221721 
0.0266046 0.0174387 0.0206297 -0.0193713 0.0463759 -0.0210163 -0.0158269 0.0430748 -0.0255139 
-0.0221862 0.0486068 -0.0161744 -0.0237453 0.0430273 -0.0184051 -0.0241676 0.0505768 -0.0105056 
-0.0170989 0.0375031 -0.0269358 -0.0118422 0.0400078 -0.028802 -0.0064192 0.0414529 -0.0299608 
-0.000228769 0.0425947 -0.0302119 -0.00778426 0.0361861 -0.031301 -0.0276024 0.0397428 -0.0146055 
-0.0250502 0.0374915 -0.0197638 -0.0260854 0.0312545 -0.0206357 -0.0219856 0.0344867 -0.0241444 
-0.0182818 0.0314178 -0.027755 -0.0291439 0.0416523 -0.00922173 -0.0304837 0.0360488 -0.0106451 
-0.0271735 0.0470549 -0.00773434 -0.0297211 0.0432301 -0.00379227 -0.0249355 0.05209 -0.00498981 
-0.0162883 0.0601105 0.0102756 -0.0195664 0.0593942 0.00369231 -0.0204923 0.0587354 1.68916e-05 
-0.0227662 0.0555484 -0.00363637 -0.0221213 0.0562394 0.00428151 0.00367702 0.0383066 -0.0314599 
0.00582344 0.0435565 -0.0292557 0.0103891 0.0431574 -0.0281343 0.00636505 0.0475691 -0.0272625 
0.00865212 0.0516158 -0.0242275 0.00170612 0.0327754 -0.0329564 0.00772074 0.0336271 -0.0319148 
-0.00412244 0.031978 -0.0328851 -0.000123847 0.0272984 -0.0337344 -0.00950535 0.0305726 -0.0319806 
0.0110747 0.0286698 -0.0317259 0.0134017 0.0341556 -0.029856 0.0177434 0.0350117 -0.0272733 
0.0142521 0.0399452 -0.027712 0.0146382 0.0440899 -0.0257363 -0.0324592 0.0321451 -0.00655126 
-0.0311696 0.0303939 -0.0119693 -0.0293236 0.029556 -0.0161979 -0.0265333 0.0267111 -0.0209066 
-0.0316364 0.0257314 -0.0120183 -0.0327969 0.0337612 -0.000858459 -0.0336093 0.0280835 -0.0019126 
-0.0313169 0.0394577 0.000465337 -0.0320818 0.0353201 0.00497604 -0.029271 0.0447217 0.00196475 
0.0244469 0.0534504 -0.0021555 0.0214607 0.0574986 0.00176929 0.0215791 0.0552694 0.00868456 
0.0181855 0.0601796 0.00614085 0.0263833 0.0492698 -0.00617529 0.0276337 0.0482701 0.00015862 
0.0243495 0.0489299 -0.0123054 0.0279151 0.0439564 -0.0100354 0.0214642 0.0474458 -0.0180703 
0.0298772 0.0431866 0.00247435 0.0274021 0.0472024 0.00657415 0.0261766 0.0448291 0.0131409 
0.0242323 0.0500708 0.0110818 0.0193744 0.0539407 0.014513 0.0315995 0.0383636 -0.00191021 
0.0316703 0.037175 0.00454739 0.0304862 0.0388476 -0.00797175 0.032441 0.0330234 -0.00579106 
0.0283463 0.038507 -0.0139985 0.0326319 0.0312059 0.00647683 0.0304651 0.0360476 0.0106988 
0.0285167 0.0337149 0.0162416 0.0275799 0.0398516 0.0145721 0.032153 0.029191 -0.0095603 
0.0334107 0.0287487 -0.00351113 0.0337658 0.0263469 0.00163489 0.0330022 0.0246754 0.00770397 
0.0338472 0.0223021 -0.00224279 0.0300089 0.0291101 -0.0150107 0.0313524 0.0248704 -0.0128466 
0.0280702 0.0327052 -0.0173769 0.0268163 0.0282492 -0.020323 0.0253149 0.0375863 -0.0193799 
0.0287616 0.0281512 0.0174804 0.0254469 0.0322388 0.0211635 0.0307985 0.0241124 0.0141808 
0.0279148 0.0225593 0.019275 0.0324403 0.0191719 0.00951372 -0.0250805 0.022775 -0.022842 
-0.0209136 0.0230048 -0.026709 -0.0284624 0.0211942 -0.0184169 -0.0165167 0.0216328 -0.0296178 
-0.018857 0.0268252 -0.028017 -0.0137579 0.0299822 -0.0304842 -0.0143542 0.0131898 0.0298087 
-0.0168712 0.0168988 0.0290696 -0.0154775 0.0210481 0.030157 -0.0150583 0.0277269 0.0301456 
-0.020519 0.0200249 0.026929 0.0143729 0.0133174 0.0298246 0.0174037 0.0172689 0.0287988 
0.0151794 0.0275233 0.0301051 0.0152466 0.0214765 0.0302874 0.0207931 0.020553 0.0267479 
0.00909284 0.0235229 -0.0326763 0.0145519 0.0240252 -0.0306272 -0.00175426 0.0219299 -0.0338717 
0.00406682 0.0228619 -0.0336785 0.00762824 0.0182316 -0.0328633 0.0206417 0.030358 -0.02625 
0.0216782 0.0361839 -0.0238838 0.0175095 0.019267 -0.028926 0.019407 0.0244061 -0.0277932 
0.0234917 0.0255965 -0.0243705 -0.0102801 0.0259462 -0.0322304 -0.00719343 0.0216573 -0.0331407 
-0.0114319 0.0212465 -0.0319171 -0.0338394 0.0241564 0.00211201 -0.0337477 0.022572 -0.0034439 
-0.0327375 0.0220777 -0.00887482 -0.0311615 0.0213548 -0.013362 -0.0303729 0.0365607 0.0105667 
-0.0320652 0.0308181 0.00908502 -0.0311284 0.026254 0.0131995 -0.0330234 0.0249397 0.00756838 
-0.0332533 0.0193759 0.00616251 -0.0279986 0.0418265 0.0121065 -0.0274597 0.037387 0.0163075 
-0.0279088 0.0457385 0.0074296 -0.0252875 0.0466234 0.0130653 -0.0267714 0.0495349 0.00309158 
-0.0283268 0.0272378 0.018329 -0.0257647 0.0327278 0.0206348 -0.0235792 0.0277714 0.0240677 
0.017821 0.046227 -0.0224363 0.0222889 0.0421604 -0.0206419 0.0141897 0.0492428 -0.0231014 
0.0149915 0.0163308 -0.0300107 0.0121148 0.0134496 -0.0308356 0.0308563 0.0201683 -0.0139485 
0.0327983 0.0202263 -0.00843342 0.0257435 0.0221539 -0.0220871 0.0283777 0.0200032 -0.0184617 
0.0302318 0.0154571 -0.014285 -0.0199907 0.0288529 0.0269851 -0.0227625 0.0231091 0.025151 
0.0225787 0.0297141 0.0247206 0.0242115 0.021479 0.0237401 0.0222067 0.0257564 0.0255356 
0.0190111 0.0288406 0.0276857 -0.0219938 0.052032 0.0128379 -0.0134863 0.0173963 -0.030842 
-0.0299248 0.0175214 -0.0154411 -0.0227799 0.0539554 0.00815975 -0.0191905 0.0553581 0.0130298 
-0.0256096 0.0517899 -0.000659193 -0.0245733 0.0527226 0.0047276 -0.0147095 0.0585394 0.0145096 
0.00490906 0.0709003 0.00230156 -0.00486088 0.0708322 0.00266939 0.00973428 0.0598986 0.0348912 
0.0621032 0.00887983 -0.0310538 -0.00984672 0.0602257 0.0342914 -0.0624884 0.00884476 -0.0302815 
-0.0687326 0.00938572 0.00936655 0.0685659 0.00964261 0.0102829 -0.00456436 0.00953474 -0.0691972 
-0.0574442 0.0100023 0.0387314 0.0575498 0.00844594 0.0389446 0.0434435 0.00967789 -0.0540278 
-0.043379 0.00844373 -0.0542859 0.000360364 0.0681806 -0.0158515 -0.0142816 0.0664163 -0.0168792 
0.0128428 0.0671605 -0.0149843 0.00651722 0.0646117 -0.0261316 -0.00981587 0.0462323 0.0516355 
0.00981587 0.0462323 0.0516355 0.0192056 0.0622857 -0.0255272 0.0123796 0.0589443 -0.0356695 
-0.0195559 0.0671151 -0.00362311 -0.024978 0.0638164 -0.014268 0.0246132 0.0556066 -0.0346712 
0.0307311 0.0580062 -0.0243081 0.017711 0.0513247 -0.0441826 0.00563932 0.0536352 -0.0446258 
0.0347046 0.00862977 0.0601757 -0.0355051 0.0100982 0.0594762 0.0356637 0.0505089 -0.032817 
0.0413355 0.0520617 -0.0219308 0.0687226 0.00977767 -0.00903322 -0.068637 0.00905206 -0.0103454 
-0.0254318 0.00954784 -0.064514 0.0250779 0.00829921 -0.0648246 0.0106176 0.0454688 -0.0521523 
-0.00133021 0.0469907 -0.0518662 0.0226123 0.066139 -0.00378414 0.021991 0.0426096 -0.0509982 
0.045424 0.0439551 -0.0300767 0.0503054 0.0447233 -0.0192143 0.0455829 0.0519535 -0.0110922 
0.0538676 0.0439941 -0.00792433 0.0484826 0.0504901 0.000434479 0.0561034 0.0417207 0.00343348 
0.0499081 0.0476979 0.0115799 0.0565318 0.0386167 0.0145914 0.0499221 0.043596 0.0225205 
0.0424973 0.0521311 0.0193989 0.0419622 0.0473608 0.0299353 -0.00981587 0.0273528 0.0636826 
0.00981587 0.0273528 0.0636826 0.0485042 0.0384814 0.0326577 0.0399939 0.0416161 0.0396054 
-0.00627789 0.0542363 -0.0438065 -0.0132691 0.0469005 -0.0502421 -0.0181084 0.0533336 -0.0415646 
-0.0248139 0.0453233 -0.0472236 0.00348131 0.03832 -0.0584761 -0.0196679 0.0381994 -0.0552629 
-0.0306345 0.0360745 -0.0515767 -0.0353366 0.0424698 -0.0429842 -0.0406372 0.032774 -0.0466313 
-0.0448368 0.0384758 -0.0375403 0.0577493 0.0362464 -0.0158498 0.0459847 0.0322535 0.0417746 
0.037064 0.0348549 0.048077 -0.0389561 0.0477099 -0.0332595 -0.0478969 0.0431862 -0.0272184 
-0.0530366 0.0334749 -0.0310893 -0.0556021 0.0372519 -0.0205109 -0.0497899 0.0464264 -0.0162959 
-0.0564583 0.040327 -0.00928401 -0.0505891 0.0481441 -0.00478487 -0.056227 0.0416306 0.00232607 
-0.0489011 0.0496279 0.00676407 -0.0540617 0.0422791 0.0137768 -0.0462418 0.0493465 0.0180724 
-0.0507078 0.0413687 0.0248466 -0.0423412 0.0476885 0.0288623 -0.0462103 0.0390577 0.0352008 
-0.0367941 0.0553875 0.0218729 -0.00977081 0.0680377 0.0132441 -0.0579232 0.0336469 0.0203173 
-0.0369403 0.045175 0.0386605 -0.0403718 0.0359718 0.0444539 -0.0617541 0.0328912 -0.00214388 
0.0617151 0.0324073 0.00640358 0.0615801 0.0286256 0.0169845 0.033956 0.055158 0.026544 
0.0102347 0.0676435 0.0148193 0.033936 0.0592248 0.0155169 -0.0488458 0.0296383 0.0404433 
-0.0417992 0.0561483 -0.00043619 0.0393182 0.0417906 -0.0400952 0.0482353 0.0347946 -0.0369147 
0.041682 0.0321518 -0.0461397 0.0497616 0.0248859 -0.042479 0.0555177 0.0270561 -0.0329508 
-0.0426519 0.0260205 0.049028 -0.0337907 0.0318261 0.0523955 0.0539744 0.028621 0.0341702 
0.029677 0.0435232 0.0460978 0.0283878 0.0340102 0.0541981 0.0429085 0.0252006 0.049232 
-0.00663552 0.0646154 -0.0260925 -0.0597501 0.0274698 -0.0239862 -0.0252666 0.0286204 -0.0586726 
-0.0142573 0.0302269 -0.0615066 0.0398286 0.0574933 -0.00286426 0.0154457 0.00905206 0.0676719 
-0.0157604 0.00800427 0.0677314 0.025556 0.0610474 0.0228059 -0.0566649 0.0236348 -0.0336227 
0.0259084 0.0558314 0.0333409 -0.0504631 0.0192027 0.0445504 -0.0562779 0.0218061 0.0354584 
-0.061723 0.0144666 0.0296814 -0.0435924 0.0156752 0.0524785 0.0659649 0.0216924 0.00883615 
0.065168 0.0255046 -0.00162791 0.0649318 0.0184282 0.0185542 0.0247506 0.0645372 0.0110618 
0.0429636 0.0213872 -0.050958 0.0342839 0.0286787 -0.0538716 0.0349817 0.0182636 -0.0578163 
0.0260072 0.0246248 -0.0601435 0.0563298 0.0170287 -0.0379074 -0.0201026 0.0196741 -0.0641 
-0.00880383 0.0209424 -0.0662111 0.0508004 0.0145465 -0.0459099 0.06832 0.0152177 0.000890032 
-0.0299372 0.0185895 -0.060483 -0.0606649 0.033676 0.00925727 -0.0638579 0.0242825 0.0152487 
0.0535021 0.0364575 -0.0266154 0.0252436 0.0635817 -0.0148364 -0.00817281 0.0390812 -0.0574967 
0.0144029 0.0367574 -0.0578053 0.0080001 0.0284873 -0.0634387 -0.0183583 0.0623374 -0.0260196 
-0.0281906 0.0585395 -0.0260465 -0.03562 0.0573657 -0.0184497 -0.0493906 0.0284164 -0.0406581 
-0.0524807 0.0179121 -0.0427192 -0.035528 0.0264674 -0.0541963 -0.0613221 0.0311264 -0.0130671 
-0.0657143 0.0232638 -0.00635788 0.0506156 0.0227769 0.0426529 0.047181 0.0162887 0.0490778 
0.00969645 0.0372236 0.058484 -0.00970735 0.037318 0.058422 -0.0193142 0.0406071 0.0536472 
-0.0195515 0.0487625 0.0462597 -0.0293494 0.0415965 0.0480452 0.0557769 0.0343296 0.0247067 
-0.060284 0.0246648 0.0256416 -0.0541 0.032117 0.0306869 0.0191642 0.0311279 0.0596975 
0.0198168 0.0195052 0.0642405 0.028425 0.0250824 0.0588464 -0.05013 0.00869017 0.0480777 
0.0292845 0.0474147 -0.0423587 -0.0652654 0.0249215 0.00439834 -0.0682601 0.0154929 -0.000726508 
-0.0653166 0.0182867 -0.0173013 0.060292 0.0352202 -0.00494144 -0.0354362 0.0214284 0.0564367 
-0.0270602 0.0174443 0.0621566 0.0334865 0.0491185 0.0369597 0.0253569 0.00899841 0.0646224 
0.0624574 0.00861673 0.030411 0.0579069 0.0179672 0.0349853 -0.0659889 0.00926443 0.021439 
0.0661152 0.00929021 -0.0210351 0.0652278 0.0189882 -0.0168754 -0.0001865 0.0599917 -0.0360688 
-0.00995717 0.0540058 0.0434077 0.0098352 0.0539659 0.0434851 0.0189485 0.048503 0.0467805 
-0.0573323 0.00853453 -0.0392449 -0.0663597 0.00899916 -0.0203816 -0.0508645 0.00836896 -0.0473578 
0.0155023 0.00891126 -0.0676777 -0.034875 0.00902072 -0.0600197 -0.0151927 0.0099941 -0.0675966 
0.00180664 0.0191835 -0.0672958 0.0323583 0.0384792 -0.0487062 0.0248493 0.0335752 -0.0561713 
-0.0443686 0.0230878 -0.0489733 -0.0423556 0.0508528 -0.0228035 -0.0102262 0.0639775 0.026501 
-0.0188921 0.0645432 0.0194233 0.0090062 0.0652368 0.0237287 -0.0322731 0.0532454 0.0319902 
0.0418237 0.0555087 0.00834022 -0.0109275 0.0602274 -0.0339596 -0.0399361 0.0564414 0.0109307 
-0.0320921 0.0621097 0.00353264 -0.00311712 0.0298508 -0.0632393 0.0114915 0.0180029 -0.0666621 
-0.0296228 0.0515551 -0.03694 -0.0213219 0.066164 0.0082283 0.0377018 0.0184137 0.0560314 
0.0359478 0.0583932 -0.0140709 -0.01842 0.0316838 0.0596393 0.0603037 0.0275919 -0.0224087 
0.0614481 0.0186188 -0.0278831 0.0323207 0.061793 -0.00608291 0.0634618 0.027172 -0.0115881 
0.00895878 0.0166327 0.0674025 -0.0103541 0.0161292 0.0673249 0.0662143 0.00871985 0.0209673 
0.034308 0.00869553 -0.0603933 -0.0268258 0.0596556 0.0249317 -0.0213002 0.056508 0.0353998 
-0.0300734 0.0615961 0.0141955 0.00584346 0.00930787 -0.0691319 0.0335183 0.0613439 0.00366761 
-0.0268819 0.0267045 0.0588577 0.0598854 0.0248464 0.0263892 -0.0253968 0.00822284 0.06471 
-0.0190594 0.0223603 0.0635355 0.0191873 0.0403659 0.0538743 -0.0621856 0.01788 -0.0267068 
0.0431276 0.0085522 0.054469 -0.0395079 0.0168432 -0.0552759 0.0567938 0.0078038 -0.0401692 
-0.028202 0.0496596 0.0404792 -0.0342553 0.0605586 -0.0076959 -0.0181367 0.061395 0.0283146 
0.0511119 0.00810369 0.0471371 0.0294982 0.0164614 0.0613097 -0.0663304 0.0163421 0.0152712 
0.0173595 0.0651141 0.0189422 0.0174369 0.0269104 -0.0622237 -0.043631 0.00690992 0.0543009 
-0.0436853 0.053435 -0.0116746 0.0176724 0.0612097 0.0290009 -0.0217704 0.0574298 -0.0335837 
0.0140013 0.0681675 0.0075604 0.0352719 0.0275458 0.0538249 0.0696683 0.00680688 -1.1949e-16 
-0.0696722 0.00676408 -0.000176442 0.0181883 0.0551834 0.0390382 -0.0258512 0.0347911 0.0549663 
0.0669091 0.0192413 -0.00727613 -0.0628079 0.00634897 0.0302467 0.0511094 0.0062389 -0.0474226 
0.0283076 0.015112 -0.0622118 -0.00740803 0.00771428 0.0691781 0.00740803 0.00771428 0.0691781 
0.0208499 0.0170483 -0.0646114 -0.0148358 0.068326 0.00338486 -0.0588581 0.0153871 -0.034626 
0.0533009 0.014741 0.0429153 -0.0465003 0.014961 -0.0501387 0.062535 0.016456 0.0268061 
-0.0639294 0.0179101 0.0221869 0.0257445 0.0503923 0.0412049 -0.0196857 0.0144607 0.0656 
-0.0356043 0.053233 -0.0282591 -0.0670765 0.0181382 0.00847047 -0.0672513 0.0166648 -0.00997763 
-0.00507795 0.0690164 0.010533 -0.0048101 0.0678622 0.01648 0.00535908 0.0676502 0.0171675 
0.00518581 0.0688447 0.0115548 0.00798955 0.068972 0.00888974 0.0112227 0.0690335 0.00290311 
-0.0105661 0.0691964 -0.000459502 -0.00950254 0.0690109 0.00687045 -0.0140531 0.0679438 0.00928147 
0.0122265 0.0679637 0.0114648 -0.00371044 0.00952843 0.0692491 -0.00371494 0.00386851 0.0697942 
0.00371494 0.00386851 0.0697942 0.00371044 0.00952843 0.0692491 0.00893616 0.00386392 0.0693197 
-0.00893616 0.00386392 0.0693197 -0.00523983 0.0658325 0.0232084 -0.00512657 0.0637964 0.0283504 
0.00447644 0.0645607 0.0266811 0.00458074 0.0665246 0.0212953 -0.0101593 0.0662874 0.0200691 
0.00988171 0.0665183 0.0194337 0.00475244 0.0590557 0.0372805 0.00484529 0.0618317 0.0324556 
-0.00486583 0.0619961 0.0321373 -0.00480768 0.0591591 0.0371091 0.00942541 0.0627908 0.0294699 
-0.00992648 0.0621831 0.0305734 -0.00491422 0.0560129 0.0416942 -0.00495979 0.0525062 0.0460272 
0.00489843 0.052512 0.0460271 0.00488151 0.056054 0.0416427 0.00978885 0.057109 0.0392777 
-0.0100418 0.0572488 0.0390094 -0.00490294 0.0484252 0.0503087 -0.00506475 0.0441816 0.0540586 
0.00492414 0.0444189 0.0538768 0.00486227 0.0485671 0.0501756 -0.00978424 0.0503153 0.0476722 
0.00977855 0.0502311 0.0477621 0.00486382 0.0350983 0.0603693 0.00486405 0.0398982 0.0573103 
-0.00486938 0.0399445 0.0572776 -0.00486948 0.035147 0.0603405 -0.00987272 0.0418698 0.0552218 
0.0097882 0.041865 0.0552405 -0.00492414 0.0301495 0.0629822 -0.00492414 0.0249194 0.0652286 
0.00492414 0.0249194 0.0652286 0.00492414 0.0301495 0.0629822 -0.00979339 0.0324407 0.061251 
0.00978729 0.0323913 0.0612782 0.00449217 0.014011 0.0684362 0.00449244 0.0195341 0.0670689 
-0.00519649 0.0192979 0.0670864 -0.00519476 0.0137664 0.0684361 -0.0101211 0.0218188 0.0657381 
0.00941849 0.0220658 0.0657601 0.00820122 0.0122 0.068439 -0.00889989 0.011947 0.0683963 
0.00473009 0.0689706 -0.0109858 -0.00311579 0.0690564 -0.0110229 0.0100028 0.0686935 -0.00900798 
0.00667236 0.0676757 -0.0165976 0.01484 0.0683176 -0.00353256 0.0185168 0.0668266 -0.00955713 
0.0186566 0.0674511 0.00150945 -0.00767512 0.067517 -0.016809 -0.0101134 0.068478 -0.0104153 
-0.0195461 0.0653612 -0.0156801 -0.016047 0.0675155 -0.00917362 -0.0128565 0.0686909 -0.0040337 
-0.0223653 0.0657104 -0.00905184 -0.0171289 0.0678715 -0.000233848 0.0180899 0.00453872 0.0674697 
0.0129756 0.00453872 0.068637 0.0114469 0.00839789 0.0685452 0.0279419 0.00451171 0.0640226 
0.0230588 0.0045117 0.0659389 0.0204575 0.00905009 0.0663294 0.0371656 0.00432619 0.0591608 
0.0326229 0.00432611 0.0617821 0.0301133 0.00883831 0.0625706 0.0454898 0.0042874 0.0530311 
0.0413837 0.00428685 0.056294 0.0390193 0.00861376 0.0574743 0.0530433 0.00406128 0.0454964 
0.0494825 0.00406174 0.0493456 0.0472619 0.00835306 0.0509563 0.0592315 0.00423339 0.0370635 
0.0562848 0.00423394 0.0414017 0.0544821 0.00829785 0.0431607 0.0639808 0.00431995 0.0280677 
0.0616951 0.00431925 0.0327882 0.0601525 0.00855251 0.0347639 0.0674177 0.00437212 0.018323 
0.0658532 0.00437091 0.0233292 0.0645061 0.00869123 0.0257571 0.0693979 0.00483614 0.00778086 
0.0686177 0.00483627 0.0129698 0.0675983 0.00920959 0.0156734 0.0698678 0.00340986 -0.00262049 
0.0698678 0.00340986 0.00262049 0.0693207 0.00824898 0.0051566 0.0687273 0.00490622 -0.0123486 
0.0694608 0.00490277 -0.00715249 0.0693572 0.00831166 -0.00452717 0.0658194 0.00465794 -0.0233689 
0.0673878 0.00465947 -0.0183624 0.0676802 0.0095709 -0.0150925 0.0615143 0.0044509 -0.0331086 
0.063825 0.00445337 -0.0283996 0.0643008 0.00911218 -0.0261223 0.0558712 0.00390961 -0.0419896 
0.0588616 0.00391212 -0.037683 0.0596198 0.00836585 -0.0357141 0.0494444 0.00312474 -0.0494518 
0.0530085 0.00312474 -0.0456106 0.0540723 0.00703705 -0.0438938 0.0415699 0.00485436 -0.0561104 
0.0456659 0.00485363 -0.0528305 0.0474148 0.00798169 -0.0508737 0.0324213 0.0043587 -0.0618859 
0.0369726 0.00435984 -0.0592792 0.0390002 0.00921613 -0.0573938 0.0229097 0.00415947 -0.066014 
0.0277958 0.00416023 -0.0641099 0.0298117 0.00854936 -0.0627548 0.0130033 0.0044679 -0.0686364 
0.0181168 0.00446777 -0.0674672 0.0203421 0.00862732 -0.0664211 0.00293083 0.00466843 -0.0697826 
0.00816066 0.00466678 -0.0693659 0.010699 0.00913186 -0.0685722 -0.00752276 0.00478269 -0.0694301 
-0.00228875 0.0047811 -0.069799 0.000641323 0.00944746 -0.0693566 -0.0179725 0.0050137 -0.0674674 
-0.0128539 0.00501308 -0.0686269 -0.00990781 0.00979338 -0.0685997 -0.027986 0.00478831 -0.0639833 
-0.0231031 0.00478858 -0.0659038 -0.0203719 0.00979965 -0.0662492 -0.0372555 0.00452271 -0.0590896 
-0.0327162 0.00452318 -0.0617187 -0.0302381 0.00931036 -0.0624418 -0.0456098 0.00423246 -0.0529323 
-0.0415112 0.00423262 -0.0562041 -0.0392328 0.00875582 -0.0573073 -0.0529299 0.00419506 -0.0456161 
-0.0493597 0.0041948 -0.0494573 -0.0472473 0.00842875 -0.0509573 -0.0591306 0.00427838 -0.0372191 
-0.0561723 0.00427808 -0.0415496 -0.0542476 0.00847506 -0.0434208 -0.0640006 0.00443456 -0.0280046 
-0.061719 0.00443415 -0.0327277 -0.0600746 0.00871347 -0.0348585 -0.0674879 0.00451198 -0.0180286 
-0.0659447 0.00451219 -0.0230421 -0.0646106 0.00894779 -0.0254049 -0.0694147 0.00453872 -0.00781007 
-0.0686329 0.00453872 -0.0129973 -0.0676814 0.00905009 -0.0154052 -0.0698721 0.00338853 0.00253218 
-0.0698655 0.00338821 -0.00270871 -0.069349 0.00793029 -0.00527569 -0.0687116 0.00470813 0.0125121 
-0.0694571 0.00470565 0.00731871 -0.0693775 0.00809534 0.00460668 -0.0657491 0.00464451 0.0235688 
-0.0673325 0.00464709 0.0185672 -0.0676257 0.00936176 0.0154634 -0.0618217 0.00317998 0.0326798 
-0.0640953 0.00317998 0.0279586 -0.064557 0.00782593 0.0259065 -0.0562754 0.00501802 0.0413268 
-0.0592207 0.00501705 0.0369829 -0.0603018 0.00819954 0.0345899 -0.0489866 0.00435535 0.0498131 
-0.0525854 0.00435803 0.0459977 -0.0539838 0.00938041 0.0435633 -0.0416145 0.00346185 0.0561805 
-0.0457062 0.00346137 0.0529052 -0.0469815 0.00781684 0.0512995 -0.0330578 0.00506741 0.0614939 
-0.0375841 0.00506466 0.058837 -0.0396724 0.00852651 0.0570386 -0.0230709 0.00412143 0.0659602 
-0.0279522 0.00412143 0.0640444 -0.0305549 0.0091918 0.062305 -0.0131284 0.00401183 0.0686407 
-0.0182378 0.0040112 0.0674633 -0.0206324 0.00813475 0.0663938 -0.0116055 0.00787374 0.0685807 
0.014021 0.0547241 0.0413363 0.0141161 0.0577235 0.0369963 0.013785 0.0606821 0.0320572 
0.0134391 0.0633707 0.0265244 0.0180597 0.0584293 0.0340568 0.0594394 0.013003 -0.0346104 
0.0590841 0.0178828 -0.0330042 0.0619423 0.0137864 -0.029548 0.0566928 0.012445 -0.0391287 
0.0640365 0.0140103 -0.0245568 -0.01565 0.0585557 0.0350187 -0.015738 0.0554998 0.0396495 
-0.0141208 0.0627707 0.0275761 -0.0139124 0.060988 0.0314151 -0.0198126 0.0590552 0.0319365 
-0.0607894 0.0121391 -0.0325159 -0.0582002 0.0119824 -0.0370022 -0.0644973 0.0134866 -0.0236265 
-0.0624878 0.0133947 -0.0285631 -0.0606457 0.0166676 -0.0307292 -0.0687412 0.0124838 0.00433547 
-0.0691047 0.0111508 -0.000452382 -0.0680438 0.0137902 0.0089368 -0.0678294 0.0168556 0.0038812 
-0.0663091 0.0128322 0.0183966 -0.0676854 0.0128932 0.012347 -0.0667888 0.0172622 0.011886 
0.0675313 0.0157294 0.00959731 0.0656263 0.0201149 0.0137324 0.0670209 0.0140926 0.0144773 
0.0686523 0.0124682 0.00560355 0.0673327 0.0185073 0.00487687 0.0657439 0.0136094 0.0198123 
0.0691236 0.011033 0.000445851 -0.00671103 0.0153 -0.067977 -0.0120483 0.0155328 -0.0671831 
-0.00350907 0.020123 -0.0669534 -0.00138372 0.0144097 -0.0684868 0.00383654 0.0142884 -0.0684187 
-0.0541853 0.0146652 0.0418197 -0.0535391 0.0205691 0.0401307 -0.0570819 0.015966 0.037239 
-0.0504552 0.0139904 0.0464601 -0.0591772 0.0181906 0.0326674 -0.0597671 0.0122721 0.0343117 
-0.0623728 0.0104257 0.0300157 0.0603813 0.013336 0.0328063 0.0578858 0.0132426 0.0370657 
0.0557384 0.0163937 0.0390445 0.0555295 0.0116153 0.0410068 0.0522954 0.0114418 0.045103 
0.0433662 0.015591 -0.0526905 0.0393733 0.014028 -0.0561512 0.039093 0.0198866 -0.0545551 
0.0470427 0.0180284 -0.0486 0.0472956 0.0121568 -0.0501531 0.0347323 0.0135136 -0.0592541 
0.051048 0.0104117 -0.0467515 -0.0487698 0.0116859 -0.0488359 -0.0450194 0.0117231 -0.052305 
-0.0415353 0.0126715 -0.0549022 -0.0372917 0.0129668 -0.0578031 -0.0430908 0.0159342 -0.0528137 
-0.0030751 0.0667829 -0.0207507 -0.0108464 0.0655479 -0.0220415 0.0103372 0.0658316 -0.0214323 
0.00309763 0.0666686 -0.0211117 -0.000202407 0.0648365 -0.0263854 -0.0163774 0.0645292 -0.0216279 
-0.0218116 0.0633474 -0.0202819 -0.0126605 0.0636014 -0.0263547 0.0161913 0.0649565 -0.0204572 
0.0133198 0.0634109 -0.0264884 0.0192529 0.0655909 -0.0150716 0.0222779 0.0631616 -0.0203545 
0.0246069 0.064856 -0.00939154 0.0161994 0.0605744 -0.0311179 0.00965687 0.0619834 -0.0310613 
0.00633056 0.0595656 -0.0362197 0.00340776 0.0624676 -0.0314036 -0.00339683 0.0625617 -0.0312168 
-0.014612 0.0435598 0.0528113 -0.0145576 0.0390883 0.0562155 -0.0147327 0.0476558 0.0491108 
-0.0194932 0.0448235 0.0501086 -0.0146864 0.0514956 0.0450834 0.0144868 0.0389152 0.0563537 
0.0145489 0.0434403 0.052927 0.0144026 0.0475082 0.0493512 0.0144042 0.0514237 0.0452562 
0.0190625 0.0445 0.0505605 0.0220662 0.0591075 -0.0303214 0.0187572 0.0571771 -0.0357624 
0.025223 0.0602542 -0.0251641 0.0279607 0.0568678 -0.0297364 0.02824 0.0609656 -0.0196393 
0.0213822 0.0534403 -0.0398364 0.0152081 0.0552471 -0.0402054 0.0117205 0.0526836 -0.0445765 
0.00919554 0.0563739 -0.040465 0.00283749 0.0569875 -0.0405508 -0.0297448 0.0624115 -0.0109568 
-0.0271424 0.0642866 -0.00552528 -0.0261273 0.0649412 9.44676e-05 -0.0266076 0.0644637 0.00603929 
-0.0205748 0.066866 0.00237035 -0.03335 0.0615102 -0.00206688 -0.0182838 0.0673131 0.00588649 
-0.0233098 0.0605899 -0.0261823 -0.0268197 0.0613335 -0.0204673 -0.0321137 0.0580348 -0.0223758 
-0.030515 0.0608341 -0.016372 -0.0351713 0.059076 -0.0131531 0.0334057 0.0543775 -0.0287601 
0.030353 0.0530653 -0.0340994 0.027049 0.0514956 -0.0389429 0.0234586 0.0493044 -0.0438038 
0.0328413 0.0490389 -0.0376382 0.0362197 0.0551901 -0.0232848 0.0386607 0.0514942 -0.0274535 
0.0335639 0.0583379 -0.0192395 0.0388241 0.0553574 -0.0181175 0.0308891 0.0611127 -0.014529 
0.0142181 0.0485806 -0.0483505 0.00815935 0.0497403 -0.0485729 0.0198536 0.0470715 -0.0478551 
0.0163624 0.044196 -0.0517589 0.0257371 0.0451865 -0.0468592 0.00466099 0.0464019 -0.0522029 
0.00216258 0.0505003 -0.0484256 -0.00383891 0.0507973 -0.0480093 -0.000307141 0.0540964 -0.0444239 
-0.00325779 0.0572149 -0.0401975 0.0321751 0.0125744 0.0608822 0.0274864 0.0127572 0.0631011 
0.0363163 0.013564 0.0582851 0.0405485 0.0135276 0.0554331 0.0336851 0.0174817 0.0588192 
-0.0396963 0.0129348 0.0561862 -0.0355958 0.015819 0.0581609 -0.039631 0.0186066 0.0546184 
-0.0437012 0.0113157 0.0534992 -0.0313889 0.013818 0.061023 -0.0313433 0.0194955 0.0594771 
-0.0262918 0.0128645 0.0635865 0.0435487 0.0481277 -0.0262151 0.0405918 0.0472791 -0.0318903 
0.0425258 0.0430294 -0.035214 0.0376278 0.0463183 -0.0365892 0.0344222 0.0447599 -0.0413722 
0.0459907 0.0484826 -0.0208398 0.0480396 0.0445012 -0.0247355 0.043827 0.0519818 -0.0166459 
0.0481886 0.0483852 -0.0153859 0.0409816 0.055338 -0.0125783 0.0687466 0.0125388 -0.00408498 
0.0679825 0.0145451 -0.00817471 0.0677614 0.0172669 -0.00319999 0.0658602 0.0141798 -0.0190097 
0.0672478 0.0144415 -0.013007 0.0662292 0.0191613 -0.0121051 -0.068684 0.0123147 -0.00555498 
-0.0679083 0.0161151 -0.00536412 -0.0680484 0.0128782 -0.0101771 -0.0672254 0.0137201 -0.0138746 
-0.0660014 0.0136767 -0.0188882 -0.0663856 0.0175026 -0.0136604 -0.0228438 0.0146601 -0.0645232 
-0.0277685 0.0141113 -0.062688 -0.0250911 0.0191862 -0.0624686 -0.0177065 0.0148836 -0.0660678 
-0.0325026 0.0138462 -0.0604307 0.0182246 0.0130144 -0.0663211 0.0230194 0.0127044 -0.0648745 
0.0267362 0.0117247 -0.0636216 0.0313722 0.0119283 -0.0614288 0.0246197 0.016107 -0.0635172 
0.00707514 0.042047 -0.0555157 0.00107947 0.0428107 -0.0553722 0.0182614 0.0398241 -0.0545945 
0.0125494 0.0412418 -0.0551509 0.00897009 0.0376562 -0.0583228 -0.00732682 0.0471205 -0.0512443 
-0.00987279 0.0506953 -0.0472495 -0.0047687 0.0431917 -0.0548793 -0.0107594 0.0431449 -0.0540625 
-0.00235401 0.0388369 -0.0581907 0.0240418 0.0656265 0.00389221 0.0294061 0.0630945 0.00737353 
0.0282491 0.0640467 9.39604e-05 0.0193716 0.0666683 0.00894861 0.0276576 0.0641153 -0.00492874 
0.0292579 0.0627037 -0.0105935 0.0330611 0.0616911 -0.0010848 0.0234901 0.0382062 -0.0537448 
0.0196874 0.0352762 -0.0571664 0.0309238 0.0430897 -0.0456837 0.0272651 0.0406793 -0.0500181 
0.0287037 0.036153 -0.0526219 0.0520812 0.0407291 -0.0229932 0.0496323 0.0403438 -0.0284431 
0.0469961 0.0395148 -0.0336147 0.0439323 0.0384287 -0.0386418 0.0510469 0.0357508 -0.0318763 
0.0498811 0.0481354 -0.0097392 0.0523695 0.0443875 -0.0136817 0.0560059 0.0402621 -0.0119291 
0.0542194 0.0406288 -0.0175944 0.0558168 0.0364768 -0.0213056 0.0472435 0.0513846 -0.00526042 
0.0513875 0.0473872 -0.00371175 0.0430557 0.0547588 -0.00690519 0.0443263 0.0541642 -0.00119286 
0.038274 0.0579978 -0.00844732 0.0525473 0.0462068 0.00192865 0.0553243 0.0428254 -0.00228255 
0.0583916 0.0385986 -0.000756493 0.0572659 0.0397363 -0.00645385 0.059212 0.0358492 -0.0104293 
0.0494625 0.0491743 0.00594558 0.0532097 0.0448545 0.00753639 0.0454124 0.0530841 0.00444846 
0.0461129 0.0517181 0.00994154 0.0410455 0.0566357 0.00276835 0.0534243 0.0432618 0.0132011 
0.0565116 0.0403071 0.00904348 0.0593243 0.0356326 0.0105331 0.0591011 0.0371847 0.00493455 
0.0612205 0.033934 0.000733672 0.0499934 0.0458742 0.0172111 0.0534062 0.0412448 0.0186184 
0.0463524 0.0500693 0.0156372 0.0463516 0.0479832 0.021193 0.042396 0.0539237 0.0139575 
0.0530187 0.0390876 0.0236892 0.0563288 0.0365865 0.0197101 0.0592543 0.0337341 0.015841 
0.0618472 0.0306152 0.0117319 0.0588677 0.0315791 0.0209128 0.0424093 0.0498524 0.0248231 
0.0461274 0.0455812 0.0263555 0.0454234 0.0429947 0.0314351 0.0493783 0.0411765 0.0276817 
0.0523188 0.03653 0.0287802 0.0384063 0.0537351 0.023184 0.0380458 0.0514944 0.0282992 
0.0383522 0.0558927 0.0174675 0.0341225 0.0573132 0.0212332 0.0381036 0.0574905 0.0119566 
0.041167 0.0445057 0.0349931 0.0443614 0.040126 0.0363589 0.0378722 0.0483675 0.03356 
0.0369072 0.0454721 0.0383425 0.0339686 0.0522454 0.0318835 -0.014103 0.0345974 0.0591957 
-0.0141574 0.0296008 0.0618333 -0.0187889 0.027093 0.0617491 -0.0144785 0.0249269 0.0637889 
-0.0147554 0.0193084 0.0656465 0.0145337 0.0293284 0.0618758 0.0144778 0.0342881 0.0592851 
0.0148779 0.0235264 0.0642274 0.0195686 0.025418 0.0622173 0.014438 0.018132 0.0660513 
0.0431306 0.0370563 0.0408238 0.0473998 0.0354838 0.0373385 0.0501524 0.0305425 0.0381037 
0.0514093 0.0336626 0.0335248 0.055052 0.0315765 0.029533 0.0386535 0.0383591 0.0439829 
0.0416585 0.0336627 0.045071 0.0349715 0.0427359 0.043019 0.0334848 0.0393233 0.0472487 
0.0316613 0.0464723 0.0416879 -0.0157781 0.050276 -0.0460801 -0.0123728 0.0539227 -0.0428865 
-0.014535 0.056891 -0.0381071 -0.00871811 0.0573306 -0.0392072 -0.00565618 0.0602275 -0.0352229 
-0.0191123 0.0462833 -0.048914 -0.0216032 0.0494247 -0.044615 -0.0165284 0.0427048 -0.0529444 
-0.0223218 0.0419133 -0.0514297 -0.0139696 0.0387769 -0.0565792 -0.0274537 0.0484946 -0.0423624 
-0.0241252 0.0524519 -0.0395825 -0.020025 0.0553631 -0.0378672 -0.0165195 0.0588147 -0.0341752 
-0.025736 0.0545891 -0.035464 -0.0252404 0.0372687 -0.0536094 -0.0278226 0.0408433 -0.0495755 
-0.0331013 0.03941 -0.0474464 -0.0301808 0.0440506 -0.0452622 -0.0326772 0.0471447 -0.0401195 
0.000182741 0.034206 -0.061073 -0.00566577 0.0345931 -0.0605906 0.011242 0.0327405 -0.0608414 
0.00576157 0.0335251 -0.061179 0.00244934 0.0292629 -0.0635428 -0.0225449 0.0335253 -0.0571645 
-0.0280471 0.0324592 -0.0553151 -0.0170199 0.0343288 -0.0585821 -0.0198287 0.0295231 -0.0602927 
-0.0112528 0.0347709 -0.0597022 -0.0357596 0.0345438 -0.0492745 -0.0381188 0.0377526 -0.0449633 
-0.0331856 0.0313696 -0.0530534 -0.0382028 0.0297142 -0.0505728 -0.0304986 0.0276357 -0.0566225 
-0.0428825 0.0357462 -0.0422291 -0.0402263 0.0406138 -0.0404025 -0.0420449 0.0432455 -0.0355254 
-0.037275 0.0452461 -0.0382539 -0.0344246 0.0496812 -0.035309 -0.0451654 0.0306982 -0.0437916 
-0.0472727 0.033559 -0.0392312 -0.0426262 0.0280119 -0.047941 -0.0470271 0.0258331 -0.0449567 
-0.0400679 0.0248518 -0.0517392 -0.0465311 0.0409756 -0.032494 -0.0435789 0.0456076 -0.0303451 
-0.0491047 0.0360988 -0.0344326 -0.0506424 0.0384639 -0.0292553 -0.0513849 0.0310491 -0.0359937 
0.0592148 0.032021 -0.0191903 0.057111 0.0321418 -0.0246017 0.0620656 0.0312913 -0.00828997 
0.0608124 0.0318175 -0.0137658 0.0620846 0.0274713 -0.0170538 0.0401182 0.0301268 0.048815 
0.0445774 0.0288116 0.0456372 0.0484388 0.0275942 0.0423349 0.0524523 0.0257763 0.0385271 
0.0468921 0.0240555 0.0460702 0.02915 0.0389237 0.050351 0.0328211 0.0345326 0.0512862 
0.0319026 0.0308484 0.054135 0.036251 0.031272 0.0510679 0.0391752 0.0264305 0.0516404 
-0.0452522 0.0471507 -0.0250808 -0.0408082 0.049406 -0.0281734 -0.0390894 0.0521547 -0.0255326 
-0.037323 0.0505561 -0.0308395 -0.0326872 0.0524994 -0.0327926 -0.0545043 0.0354838 -0.025888 
-0.0519348 0.040363 -0.0239501 -0.0528794 0.0419848 -0.0184675 -0.0490105 0.0449595 -0.0218315 
-0.0462111 0.0487857 -0.0196084 -0.0565836 0.0305752 -0.0276307 -0.0578609 0.0324645 -0.0223198 
-0.0550144 0.02864 -0.0324525 -0.0583822 0.0256289 -0.0288908 -0.0531981 0.0261091 -0.0372596 
-0.0562259 0.038925 -0.0149495 -0.0533023 0.0435222 -0.0128328 -0.0586504 0.0342993 -0.0168431 
-0.0590753 0.035839 -0.0112107 -0.0607457 0.0293996 -0.0185908 -0.0536812 0.0443561 -0.00713206 
-0.0503646 0.0474503 -0.0105772 -0.0472774 0.0509646 -0.00821341 -0.0468093 0.0501038 -0.0140891 
-0.0431716 0.0522976 -0.0173543 -0.05654 0.0411223 -0.00349115 -0.0536756 0.0449067 -0.00152515 
-0.0593098 0.0367352 -0.00573362 -0.0591825 0.0373821 9.13932e-05 -0.0617315 0.0321094 -0.00762941 
-0.052856 0.0456829 0.00439474 -0.0501391 0.0488375 0.000982308 -0.0455926 0.0530182 0.00322218 
-0.0464284 0.0523251 -0.00254619 -0.0429374 0.0549477 -0.00609353 -0.0554603 0.041954 0.00800126 
-0.0518656 0.0459203 0.0100642 -0.0586423 0.0377798 0.00581112 -0.0575664 0.038112 0.0115578 
-0.0614163 0.0333961 0.00356871 -0.0503573 0.0459717 0.0158349 -0.047864 0.0495329 0.0124711 
-0.0433806 0.0529779 0.0145417 -0.044569 0.0532554 0.00880174 -0.0412146 0.0563415 0.00519549 
-0.0525656 0.0419683 0.0193784 -0.0486099 0.0455967 0.0214014 -0.0561823 0.0380917 0.0171048 
-0.0544996 0.0376349 0.0226585 -0.0594914 0.0337735 0.0148365 -0.0466963 0.0447213 0.0268228 
-0.0443229 0.0487537 0.0236338 -0.039715 0.0517348 0.025421 -0.0417005 0.0524893 0.0201481 
-0.0387298 0.0559591 0.0163883 -0.048624 0.0403501 0.0301259 -0.0443891 0.0435356 0.03216 
-0.0525802 0.0368665 0.0278601 -0.0503234 0.0357067 0.0330543 -0.0561903 0.0329869 0.0255834 
-0.0417196 0.0422625 0.0370588 -0.0398266 0.0465145 0.0339152 -0.0375804 0.0505603 0.0305185 
-0.0349017 0.0542547 0.0271717 -0.0349175 0.0493583 0.0352778 -0.0434345 0.0376391 0.0399593 
-0.0387849 0.0407087 0.0416957 -0.0476781 0.0344564 0.0379414 -0.0447552 0.0329127 0.0425879 
-0.0516431 0.0309797 0.0356826 -0.0297242 0.0565338 0.0286425 -0.0321179 0.0575297 0.0236385 
-0.0336836 0.0585822 0.0182631 -0.0351929 0.0591628 0.0126974 -0.0287968 0.0605842 0.0200076 
-0.0143253 0.0665278 0.0163963 -0.0146097 0.064435 0.0231234 -0.0166733 0.0669702 0.0117044 
-0.0207969 0.0652986 0.0142681 -0.0624759 0.0290791 0.0122952 -0.0611227 0.0290751 0.0178508 
-0.0622633 0.0245495 0.0205085 -0.0592771 0.0292415 0.0230469 -0.0573668 0.0284777 0.0282503 
-0.0350092 0.0389495 0.0464467 -0.0332797 0.0435622 0.0435292 -0.0287617 0.0457439 0.0445001 
-0.0327315 0.0475681 0.0395717 -0.0303351 0.051597 0.0362978 -0.0458956 0.0279187 0.0448791 
-0.041645 0.0310956 0.0468909 -0.0383424 0.0290149 0.0508723 -0.0371987 0.0340064 0.048578 
-0.0316786 0.0368376 0.050393 -0.0637029 0.0289942 0.00113066 -0.0631611 0.0293899 0.00684905 
-0.0637236 0.027283 -0.00974391 -0.0639403 0.0281683 -0.00426462 -0.065689 0.0241659 -0.00098275 
0.0639911 0.0252452 0.0129546 0.0640672 0.0271461 0.00764699 0.0657759 0.0236739 0.00361564 
0.0636433 0.0290481 0.00239543 0.0629377 0.0304629 -0.00329555 0.0634467 0.0235978 0.017823 
0.060897 0.0268083 0.0217455 0.0626135 0.0217084 0.0225455 0.0579936 0.0296711 0.0256197 
0.0299937 0.0601975 0.0194073 0.0297776 0.0582967 0.0247948 0.0260743 0.0584955 0.0282562 
0.0300432 0.0556776 0.0299569 0.029866 0.0526348 0.0351795 0.0133782 0.0652431 0.0215491 
0.013829 0.0664603 0.017082 0.0157046 0.066898 0.0133426 0.0294958 0.0620797 0.0132709 
0.0253224 0.0629626 0.0171607 0.0340551 0.060394 0.00963391 0.0378634 0.0585707 0.00598632 
-0.0498179 0.0245009 0.0426367 -0.0467097 0.0226855 0.0469422 -0.0527525 0.0258155 0.0380885 
-0.0553783 0.0270541 0.0331861 -0.0363253 0.0593897 0.00730289 -0.0371908 0.0592806 0.00162919 
-0.0382721 0.0584719 -0.00403588 -0.0391302 0.0572065 -0.00981052 0.0451143 0.0335891 -0.041671 
0.0406403 0.0370992 -0.0432667 0.0371469 0.0354365 -0.0475853 0.035961 0.0402724 -0.0445527 
0.0491636 0.0299409 -0.0398307 0.045876 0.028615 -0.0444587 0.0520475 0.0310273 -0.0350479 
0.0528132 0.0260567 -0.0378393 0.0546952 0.0318647 -0.0298844 0.0465175 0.0232139 -0.0468747 
0.0424756 0.0268661 -0.0487241 0.0387594 0.0251209 -0.0525989 0.0381062 0.030514 -0.0501679 
0.0334291 0.0336878 -0.0514551 0.0561041 0.0221135 -0.0355433 0.0532168 0.0210249 -0.0403228 
0.0504353 0.0197767 -0.0443301 0.0537033 0.0158283 -0.0420168 0.0586809 0.0229148 -0.0305199 
0.0581101 0.0274182 -0.0277751 0.0610503 0.0231716 -0.0252179 -0.0391722 0.0238024 0.0529054 
-0.0347263 0.0267141 0.0545934 -0.0471754 0.0174937 0.0486668 -0.0432546 0.0209119 0.0509091 
-0.0298808 0.0333755 0.0537886 -0.0276755 0.0382979 0.0516462 -0.0312443 0.0241324 0.057805 
-0.0304263 0.0293521 0.0557915 -0.0264216 0.030812 0.0570309 0.0544492 0.0204427 0.0389536 
0.0561266 0.0233715 0.0346926 0.05709 0.0268089 0.0303648 0.0590851 0.0214755 0.0307857 
0.0246499 0.0421424 0.0501637 0.0238639 0.0373073 0.0542096 0.0296564 0.0498442 0.0391926 
0.0277324 0.0469926 0.0438475 0.0243734 0.0461291 0.0466695 0.0224314 0.0495339 0.0440821 
0.0238514 0.0326722 0.0571283 0.0238696 0.0281938 0.0594588 0.0284801 0.0296229 0.0566689 
0.0192344 0.0358561 0.0569594 0.0319121 0.0263667 0.0564483 0.0451574 0.0207966 0.0492779 
0.0490175 0.0195804 0.0459771 0.0404285 0.0218739 0.0527927 0.0425967 0.0174147 0.052747 
0.0365748 0.0230352 0.0550606 -0.0087917 0.0625611 -0.0301466 -0.0147986 0.0613292 -0.030327 
-0.0595949 0.0208166 -0.0302508 -0.0611323 0.0227361 -0.0254149 -0.0627902 0.0229722 -0.0207285 
-0.0636428 0.0248328 -0.0152618 -0.0639118 0.0181289 -0.0220595 -0.0172471 0.025048 -0.0630487 
-0.0227638 0.0242316 -0.0616006 -0.0276909 0.0236811 -0.0597698 -0.0328441 0.0226052 -0.0575349 
-0.0115714 0.0256753 -0.064085 -0.0145028 0.0203779 -0.065379 -0.00871552 0.0301369 -0.0625764 
-0.00597888 0.025475 -0.0649251 0.0368907 0.0594881 0.000489573 0.034391 0.0601133 -0.0101808 
0.036202 0.059744 -0.00447992 0.0176946 0.01433 0.0661933 0.0226687 0.0143034 0.0646649 
0.0122334 0.0128751 0.0677095 -0.0130891 0.0120962 0.0676931 -0.0150556 0.0153313 0.0666204 
-0.017751 0.0112502 0.0667708 -0.022583 0.0113628 0.0652755 0.0218075 0.0611295 0.0262224 
0.0218791 0.0586758 0.0312802 0.0210944 0.0650636 0.0148912 0.021557 0.0632468 0.0208598 
0.0176991 0.0632649 0.0241721 -0.0510977 0.023238 -0.0418213 -0.0547589 0.0208443 -0.0383011 
-0.0558299 0.0166976 -0.0387842 -0.0578706 0.0195478 -0.0341888 0.0258658 0.0533276 0.0372442 
0.0220353 0.0556498 0.0362981 0.022029 0.0529165 0.0401817 -0.0469943 0.0122173 0.0504209 
-0.058461 0.0233073 0.0306444 -0.0611949 0.0196271 0.0277483 -0.0622193 0.021326 0.0239576 
-0.0629434 0.0162185 0.0259825 -0.0640412 0.0118999 0.0256343 -0.0650914 0.0136149 0.0218573 
0.0669529 0.0204249 -0.000370092 0.0661638 0.0224154 -0.00446047 0.0644877 0.0264091 -0.00662575 
0.0653413 0.0232621 -0.00945466 0.0638602 0.0174768 0.0227253 0.0645519 0.0126226 0.0239525 
0.0613318 0.0206922 0.0266505 0.0347433 0.023546 -0.0560222 0.0305933 0.0215137 -0.059171 
0.0302416 0.0267367 -0.0571892 0.0254915 0.0291725 -0.0583022 0.0296562 0.0312213 -0.0551882 
0.0317044 0.0167193 -0.0601273 0.027227 0.0199194 -0.0613344 0.0217682 0.0258224 -0.0613136 
0.0212168 0.0303483 -0.0594039 0.0234909 0.0208921 -0.0625436 0.0191996 0.0220439 -0.0636038 
0.0539547 0.0112079 -0.0431657 -0.000657835 0.0246143 -0.0655263 -0.0348309 0.0177717 -0.0580601 
-0.0376234 0.0217161 -0.0548898 -0.0647604 0.0246777 0.00985376 -0.0640388 0.0211442 0.0187603 
-0.0662824 0.0215661 0.00644524 -0.0656249 0.0212614 0.0118881 -0.0652093 0.0203482 0.015287 
-0.0652233 0.0171506 0.0187559 0.0159712 0.0319365 -0.0602078 0.0127488 0.0277648 -0.0629808 
0.00492095 0.0239209 -0.0656017 0.00977891 0.0233241 -0.0652714 0.00666534 0.0186387 -0.0671429 
0.014514 0.0225341 -0.064665 -0.0201413 0.0599714 -0.0299626 -0.0250014 0.0581675 -0.0298575 
-0.0319892 0.0559562 -0.0273056 -0.0357706 0.0554047 -0.0234689 -0.029029 0.0552054 -0.0317754 
-0.0391189 0.0542454 -0.0206674 -0.0398201 0.0555465 -0.0151308 -0.0485882 0.0205692 -0.0460011 
-0.0550804 0.0132652 -0.0411119 -0.0518251 0.0131793 -0.0451715 -0.0496166 0.0164784 -0.0465473 
-0.045518 0.0190594 -0.0496472 -0.0420482 0.0200178 -0.0522612 -0.0657587 0.0208523 -0.0118735 
-0.0671563 0.0194273 -0.00355114 -0.0669752 0.0202715 0.00184176 -0.0665831 0.0199944 -0.00818008 
0.050341 0.0155458 0.0460881 0.0520538 0.0187935 0.0428627 0.0452761 0.012454 0.0519131 
0.0492549 0.0122231 0.0482136 -0.0189233 0.0362532 0.0568121 -0.0244993 0.0452526 0.0474551 
-0.0244148 0.041242 0.0510197 -0.0226279 0.0377746 0.0544156 -0.0221847 0.0333112 0.05743 
-0.0239559 0.0492606 0.0435834 -0.0207576 0.0528239 0.0409726 -0.0248087 0.0532247 0.0381008 
0.0242039 0.0223706 0.0617554 0.024728 0.0180347 0.0629546 0.029022 0.0208152 0.0602034 
0.0331808 0.0218253 0.0576428 -0.0270378 0.022129 0.0606569 -0.023113 0.0199482 0.062991 
-0.0230306 0.0245964 0.0613564 -0.0234179 0.0159832 0.0640011 -0.0194058 0.0184421 0.0646785 
0.0626152 0.0125603 0.0286631 0.0603606 0.0172516 0.0309674 0.0635582 0.0188689 -0.0224571 
0.063004 0.0233362 -0.0196447 0.0645063 0.0231381 -0.0142675 0.0186977 0.0520254 0.042939 
0.0135314 0.0134915 -0.0673415 0.0086927 0.0136951 -0.0680946 0.0162091 0.0175672 -0.0657925 
-0.0186768 0.0630288 0.024053 -0.0258217 0.0640444 0.0114696 -0.0249871 0.0630693 0.0172602 
-0.0230175 0.0622119 0.0223578 -0.0226155 0.0606538 0.0266393 -0.0268669 0.0549905 0.0339737 
-0.0242316 0.0582796 0.0302707 -0.0310954 0.0620859 0.00885553 -0.0227072 0.0292667 0.0593957 
0.00523111 -0.001 0.0698043 -0.00523111 -0.001 0.0698043 0.010433 -0.001 0.0692182 
-0.010433 -0.001 0.0692182 0.0206329 -0.001 0.0668901 0.0155765 -0.001 0.068245 
0.0303719 -0.001 0.0630678 0.0255739 -0.001 0.0651612 0.0394324 -0.001 0.0578367 
0.035 -0.001 0.0606218 0.0476121 -0.001 0.0513136 0.0436443 -0.001 0.0547282 
0.0513136 -0.001 0.0476121 0.0578367 -0.001 0.0394324 0.0547282 -0.001 0.0436443 
0.0651612 -0.001 0.0255739 0.0630678 -0.001 0.0303719 0.0606218 -0.001 0.035 
0.0668901 -0.001 0.0206329 0.0692182 -0.001 0.010433 0.068245 -0.001 0.0155765 
0.0698043 -0.001 -0.00523111 0.07 -0.001 -1.20059e-16 0.0698043 -0.001 0.00523111 
0.068245 -0.001 -0.0155765 0.0692182 -0.001 -0.010433 0.0668901 -0.001 -0.0206329 
0.0630678 -0.001 -0.0303719 0.0651612 -0.001 -0.0255739 0.0578367 -0.001 -0.0394324 
0.0606218 -0.001 -0.035 0.0547282 -0.001 -0.0436443 0.0513136 -0.001 -0.0476121 
0.0436443 -0.001 -0.0547282 0.0476121 -0.001 -0.0513136 0.035 -0.001 -0.0606218 
0.0394324 -0.001 -0.0578367 0.0206329 -0.001 -0.0668901 0.0255739 -0.001 -0.0651612 
0.0303719 -0.001 -0.0630678 0.010433 -0.001 -0.0692182 0.0155765 -0.001 -0.068245 
-3.33376e-16 -0.001 -0.07 0.00523111 -0.001 -0.0698043 -0.010433 -0.001 -0.0692182 
-0.00523111 -0.001 -0.0698043 -0.0155765 -0.001 -0.068245 -0.0255739 -0.001 -0.0651612 
-0.0206329 -0.001 -0.0668901 -0.035 -0.001 -0.0606218 -0.0303719 -0.001 -0.0630678 
-0.0436443 -0.001 -0.0547282 -0.0394324 -0.001 -0.0578367 -0.0476121 -0.001 -0.0513136 
-0.0513136 -0.001 -0.0476121 -0.0578367 -0.001 -0.0394324 -0.0547282 -0.001 -0.0436443 
-0.0630678 -0.001 -0.0303719 -0.0606218 -0.001 -0.035 -0.0668901 -0.001 -0.0206329 
-0.0651612 -0.001 -0.0255739 -0.0698043 -0.001 -0.00523111 -0.0692182 -0.001 -0.010433 
-0.068245 -0.001 -0.0155765 -0.0698043 -0.001 0.00523111 -0.07 -0.001 1.73659e-16 
-0.0692182 -0.001 0.010433 -0.0651612 -0.001 0.0255739 -0.0668901 -0.001 0.0206329 
-0.068245 -0.001 0.0155765 -0.0630678 -0.001 0.0303719 -0.0578367 -0.001 0.0394324 
-0.0606218 -0.001 0.035 -0.0476121 -0.001 0.0513136 -0.0513136 -0.001 0.0476121 
-0.0547282 -0.001 0.0436443 -0.0394324 -0.001 0.0578367 -0.0436443 -0.001 0.0547282 
-0.035 -0.001 0.0606218 -0.0206329 -0.001 0.0668901 -0.0255739 -0.001 0.0651612 
-0.0303719 -0.001 0.0630678 -0.0155765 -0.001 0.068245 -0.0388274 -0.002 0.0471374 
0.0395327 -0.002 -0.0484525 -0.0503183 -0.002 -0.0342193 0.0454132 -0.002 0.0402381 
-0.0121898 -0.002 -0.061011 0.0607437 -0.002 -1.16972e-16 -0.0600653 -0.002 0.00905338 
0.00449012 -0.002 0.0602786 0.0566764 -0.002 -0.0269146 0.0147933 -0.002 -0.05801 
-0.0497934 -0.002 0.0348689 -0.0132086 -0.002 0.0605018 -0.0600653 -0.002 -0.00905338 
0.0228482 -0.002 0.0555523 0.0580451 -0.002 0.0179045 -0.0303719 -0.002 -0.0526056 
-0.0391326 -0.002 -0.0476175 -0.030777 -0.002 -0.0424493 -0.0214401 -0.002 -0.0472924 
-0.0219366 -0.002 -0.036878 -0.0124383 -0.002 -0.0414988 -0.0129217 -0.002 -0.0312729 
-0.022311 -0.002 -0.0264308 -0.0133045 -0.002 -0.0208564 -0.00404761 -0.002 -0.025767 
-0.00440776 -0.002 -0.0153163 -0.0136431 -0.002 -0.0104012 -0.00476256 -0.002 -0.00486157 
0.00447183 -0.002 -0.00977737 0.00411233 -0.002 0.000678457 -0.00512283 -0.002 0.00559444 
0.0037522 -0.002 0.0111344 0.0133476 -0.002 -0.00423755 -0.00548307 -0.002 0.0160504 
-0.0143581 -0.002 0.0105105 0.0137079 -0.002 -0.0146936 0.00339198 -0.002 0.0215904 
0.0126273 -0.002 0.0166744 0.022583 -0.002 -0.0091536 -0.0147184 -0.002 0.0209665 
-0.0235934 -0.002 0.0154265 0.0229433 -0.002 -0.0196096 0.0120306 -0.002 0.0275815 
0.0214629 -0.002 0.0222896 0.00303173 -0.002 0.0320464 0.0318184 -0.002 -0.0140696 
0.0314581 -0.002 -0.00361362 -0.023833 -0.002 0.0256892 0.0208596 -0.002 0.0332092 
-0.032688 -0.002 0.020117 -0.032445 -0.002 0.00984891 0.0321786 -0.002 -0.0245256 
0.0233036 -0.002 -0.0300656 0.0406934 -0.002 -0.00852964 0.0403332 -0.002 0.00192637 
-0.0150585 -0.002 0.0313903 0.0303774 -0.002 0.0277544 -0.0415892 -0.002 0.0147617 
-0.0412333 -0.002 0.00433643 -0.0320859 -0.002 -0.000577468 -0.0409612 -0.002 -0.00611252 
-0.03175 -0.002 -0.0110452 -0.0410743 -0.002 -0.0169972 0.030731 -0.002 0.0173109 
0.039442 -0.002 0.022769 -0.0239157 -0.002 0.0360292 -0.0154839 -0.002 0.0417449 
0.029612 -0.002 0.0378093 -0.0241441 -0.002 0.0468134 0.0209901 -0.002 0.0443854 
0.0319385 -0.002 -0.0348058 0.0230835 -0.002 -0.0405089 0.0143318 -0.002 -0.0356035 
0.040742 -0.002 -0.028791 0.0145961 -0.002 -0.0463464 0.00550399 -0.002 -0.0412074 
0.0229593 -0.002 -0.05053 -0.0520529 -0.002 -0.000592153 -0.0433022 -0.002 0.026001 
-0.0501909 -0.002 0.0191121 -0.0398934 -0.002 0.0363256 0.0503908 -0.002 -0.00364047 
0.0502655 -0.002 -0.0133332 0.0512986 -0.002 0.00796171 0.0302421 -0.002 0.0472106 
0.012537 -0.002 0.0513846 0.0104684 -0.002 0.0398093 0.00288225 -0.002 0.048719 
0.00550515 -0.002 -0.0518956 -0.0399957 -0.002 -0.0379112 -0.031773 -0.002 -0.0320463 
-0.0412601 -0.002 -0.0278545 -0.0499289 -0.002 -0.0228028 -0.00327697 -0.002 -0.0464289 
-0.00357253 -0.002 -0.0560458 -0.0316157 -0.002 -0.0216552 -0.00367846 -0.002 -0.036209 
0.0051685 -0.002 -0.030695 -0.0225127 -0.002 -0.0159417 -0.0228704 -0.002 -0.00549011 
0.0401196 -0.002 0.0124318 0.0311212 -0.002 0.00685271 0.0222267 -0.002 0.00130413 
0.0129881 -0.002 0.00621872 0.00482685 -0.002 -0.0202331 -0.00646677 -0.002 0.0364539 
-0.0139984 -0.002 5.37531e-05 -0.00588383 -0.002 0.0264163 0.040724 -0.002 -0.0184198 
0.0218595 -0.002 0.0117751 0.014047 -0.002 -0.0251501 -0.0232252 -0.002 0.004962 
-0.0503707 -0.002 -0.0121227 -0.00527296 -0.002 0.05498 0.0383626 -0.002 0.0330279 
0.0467301 -0.002 0.0293245 -0.0502543 -0.002 0.00968958 0.0485587 -0.002 0.0190093 
-0.00664089 -0.002 0.0453784 0.0404166 -0.002 -0.0390127 0.0495816 -0.002 -0.0344159 
-0.0325388 -0.002 0.0302437 -0.021056 -0.002 -0.0569092 -0.0623584 -0.002 -0.000118431 
0.0616273 -0.002 0.00933476 -0.0226814 -0.002 0.0572233 0.0598034 -0.002 -0.00934915 
0.0138256 -0.002 0.0605739 0.0581329 -0.002 -0.0186695 -0.058577 -0.002 -0.0188186 
-0.0312469 -0.002 0.0521437 0.00372236 -0.002 -0.0615918 0.0386424 -0.002 0.0489288 
-0.0461709 -0.002 0.042658 -0.055857 -0.002 0.0269266 -0.0151579 -0.002 0.0510157 
-0.0592401 -0.002 0.0181542 -0.012329 -0.002 -0.051531 -0.031761 -0.002 0.0414488 
0.0556466 -0.002 0.0268673 0.0314791 -0.002 -0.0538785 0.0524141 -0.002 0.0355098 
-0.00474002 -0.002 0.0632512 0.023203 -0.002 -0.0591202 -0.0466023 -0.002 -0.0432406 
0.0315683 -0.002 -0.0445314 0.0488302 -0.002 -0.0218305 -0.0572983 -0.002 -0.0275276 
0.000882102 -0.002 0.0400426 0.0467838 -0.002 -0.0435325 0.0369621 -0.002 0.0412146 
0.0322344 -0.002 0.0553072 -0.00449459 -0.002 -0.0635733 0.00224506 -0.002 0.0651393 
0.00746154 -0.002 0.0647484 -0.00758649 -0.002 0.0662347 -0.00237001 -0.002 0.0666256 
-0.000124952 -0.002 0.0617649 0.0121293 -0.002 0.064896 0.0172292 -0.002 0.063732 
0.00915785 -0.002 0.0604263 0.0217405 -0.002 0.0612212 0.02661 -0.002 0.0593101 
0.0183369 -0.002 0.0580631 0.0313031 -0.002 0.0591875 0.0358334 -0.002 0.0565719 
0.0275413 -0.002 0.0554298 0.0390374 -0.002 0.0533827 0.0431272 -0.002 0.0501212 
0.0354384 -0.002 0.052118 0.0465127 -0.002 0.0457759 0.0500707 -0.002 0.0419412 
0.0420278 -0.002 0.0445834 0.0535712 -0.002 0.0395771 0.056518 -0.002 0.0352549 
0.0489137 -0.002 0.037874 0.0581342 -0.002 0.0309337 0.0604039 -0.002 0.0262206 
0.0540304 -0.002 0.0311886 0.0616031 -0.002 0.0217392 0.063145 -0.002 0.0167405 
0.0568458 -0.002 0.0223859 0.0649361 -0.002 0.0124556 0.0657158 -0.002 0.00728293 
0.0598362 -0.002 0.0136196 0.065274 -0.002 0.00261555 0.065274 -0.002 -0.00261555 
0.0611855 -0.002 0.00466738 0.0648038 -0.002 -0.00729013 0.0640242 -0.002 -0.0124628 
0.0602736 -0.002 -0.00467457 0.0631889 -0.002 -0.017123 0.061647 -0.002 -0.0221217 
0.0589682 -0.002 -0.0140093 0.0609188 -0.002 -0.0262442 0.0586491 -0.002 -0.0309573 
0.0574046 -0.002 -0.0227921 0.0551017 -0.002 -0.0347079 0.0521549 -0.002 -0.0390301 
0.053129 -0.002 -0.0306652 0.050756 -0.002 -0.0435884 0.047198 -0.002 -0.0474231 
0.0481827 -0.002 -0.0389742 0.0435724 -0.002 -0.049883 0.0394826 -0.002 -0.0531446 
0.0431583 -0.002 -0.0459925 0.0354557 -0.002 -0.0558576 0.0309255 -0.002 -0.0584732 
0.0355059 -0.002 -0.0511655 0.0267874 -0.002 -0.061094 0.0219179 -0.002 -0.0630052 
0.027341 -0.002 -0.0564994 0.0177131 -0.002 -0.0624501 0.0126131 -0.002 -0.0636141 
0.0189981 -0.002 -0.0585651 0.00707766 -0.002 -0.065405 0.00186118 -0.002 -0.0657959 
0.00925782 -0.002 -0.0598009 -0.0022473 -0.002 -0.0667867 -0.00746378 -0.002 -0.0663958 
-0.000386117 -0.002 -0.0625826 -0.0113114 -0.002 -0.0651146 -0.0164114 -0.002 -0.0639505 
-0.00834222 -0.002 -0.0622922 -0.0208444 -0.002 -0.0618996 -0.0257139 -0.002 -0.0599885 
-0.0166229 -0.002 -0.0589601 -0.0303719 -0.002 -0.0578367 -0.0349021 -0.002 -0.0552212 
-0.0257139 -0.002 -0.0547574 -0.0392825 -0.002 -0.0527271 -0.0433724 -0.002 -0.0494656 
-0.0347523 -0.002 -0.0501116 -0.0471072 -0.002 -0.0472771 -0.0506653 -0.002 -0.0434425 
-0.0428675 -0.002 -0.0454291 -0.0525233 -0.002 -0.0389318 -0.05547 -0.002 -0.0346097 
-0.0484603 -0.002 -0.03873 -0.0589601 -0.002 -0.0312638 -0.0612298 -0.002 -0.0265507 
-0.0538083 -0.002 -0.0308735 -0.0618691 -0.002 -0.0221962 -0.063411 -0.002 -0.0171975 
-0.0579377 -0.002 -0.0231731 -0.0641551 -0.002 -0.0123149 -0.0649348 -0.002 -0.00714224 
-0.0593211 -0.002 -0.013936 -0.0660813 -0.002 -0.00267477 -0.0660813 -0.002 0.00255634 
-0.0612118 -0.002 -0.00458591 -0.0649348 -0.002 0.00714224 -0.0641551 -0.002 0.0123149 
-0.0612118 -0.002 0.00446748 -0.0637425 -0.002 0.0168653 -0.0622006 -0.002 0.021864 
-0.0596527 -0.002 0.0136038 -0.0605091 -0.002 0.0262502 -0.0582394 -0.002 0.0309633 
-0.0575485 -0.002 0.0225404 -0.0552076 -0.002 0.0349344 -0.0522608 -0.002 0.0392566 
-0.0528252 -0.002 0.0308978 -0.0504496 -0.002 0.0431511 -0.0468915 -0.002 0.0469858 
-0.0479821 -0.002 0.0387634 -0.0432198 -0.002 0.0492255 -0.0391299 -0.002 0.0524871 
-0.0424992 -0.002 0.0448977 -0.0353397 -0.002 0.0549902 -0.0308094 -0.002 0.0576058 
-0.0350372 -0.002 0.0496405 -0.0265266 -0.002 0.0601456 -0.0216571 -0.002 0.0620567 
-0.0269642 -0.002 0.0546835 -0.0169207 -0.002 0.0636959 -0.0118208 -0.002 0.06486 
-0.017945 -0.002 0.0588626 -0.0089743 -0.002 0.0618765 -0.0393604 -0.002 0.0417315 
-0.0430321 -0.002 0.0394918 -0.0358272 -0.002 0.0388872 -0.0352942 -0.002 0.0442931 
-0.031504 -0.002 0.0467963 0.0399747 -0.002 -0.0437326 0.0359925 -0.002 -0.041772 
0.0355505 -0.002 -0.0464919 0.0436002 -0.002 -0.0412726 0.0315237 -0.002 -0.0492049 
-0.045157 -0.002 -0.0360652 -0.0406279 -0.002 -0.0328828 -0.0457892 -0.002 -0.0310369 
-0.043299 -0.002 -0.0405759 -0.0455945 -0.002 -0.0253286 -0.0501236 -0.002 -0.0285111 
-0.0536136 -0.002 -0.0251652 0.0418879 -0.002 0.036633 0.0425464 -0.002 0.0311762 
0.0460717 -0.002 0.0347813 0.0411877 -0.002 0.0407263 0.0376624 -0.002 0.0371213 
0.0495721 -0.002 0.0324172 0.0378023 -0.002 0.0450717 -0.00788118 -0.002 -0.0585284 
-0.00795075 -0.002 -0.0537884 -0.0122594 -0.002 -0.056271 -0.00403356 -0.002 -0.0598096 
-0.0166925 -0.002 -0.0542201 0.0555673 -0.002 -0.00182023 0.0560212 -0.002 0.00398085 
0.0508447 -0.002 0.00216062 0.0550971 -0.002 -0.00649481 0.056463 -0.002 0.00864823 
-0.0560591 -0.002 0.00423061 -0.0511536 -0.002 0.00454871 -0.0551598 -0.002 0.00937148 
-0.0572057 -0.002 -0.000355292 -0.0547472 -0.002 0.0139219 0.00851355 -0.002 0.0558316 
0.00368618 -0.002 0.0544988 0.00770962 -0.002 0.0500518 0.0131813 -0.002 0.0559792 
-0.00039142 -0.002 0.0576293 -0.00119535 -0.002 0.0518495 -0.00500649 -0.002 0.0591156 
0.0527533 -0.002 -0.0243725 0.0492059 -0.002 -0.0281232 0.0534816 -0.002 -0.02025 
0.0146947 -0.002 -0.0521782 0.0188763 -0.002 -0.05427 0.0187777 -0.002 -0.0484382 
0.0100506 -0.002 -0.049121 0.0101492 -0.002 -0.0549528 0.0230811 -0.002 -0.0548251 
0.00461375 -0.002 -0.0567437 -0.0465478 -0.002 0.0304349 -0.0415978 -0.002 0.0311633 
-0.0448434 -0.002 0.0355973 -0.0495796 -0.002 0.0264638 -0.00924077 -0.002 0.0577409 
-0.0141832 -0.002 0.0557587 -0.0102154 -0.002 0.0529978 -0.0189197 -0.002 0.0541195 
-0.0560591 -0.002 -0.00482277 -0.055218 -0.002 -0.010588 -0.0512118 -0.002 -0.00635741 
-0.0544738 -0.002 -0.0154706 0.0219192 -0.002 0.0499689 0.0256161 -0.002 0.045798 
0.0265452 -0.002 0.0513814 0.0176926 -0.002 0.0534685 0.0167636 -0.002 0.047885 
0.0312382 -0.002 0.0512589 0.0546718 -0.002 0.0129331 0.0533019 -0.002 0.0184569 
0.0499286 -0.002 0.0134855 0.0521026 -0.002 0.0229383 -0.0305744 -0.002 -0.0475275 
-0.0349548 -0.002 -0.0450334 -0.025906 -0.002 -0.049949 -0.0261085 -0.002 -0.0448708 
-0.0212481 -0.002 -0.0521008 -0.0353863 -0.002 -0.0401802 -0.0395642 -0.002 -0.0427643 
-0.0216884 -0.002 -0.0420852 -0.0263568 -0.002 -0.0396636 -0.0268548 -0.002 -0.0344621 
-0.031275 -0.002 -0.0372478 -0.0358844 -0.002 -0.0349787 -0.0169392 -0.002 -0.0443956 
-0.0171875 -0.002 -0.0391884 -0.0168846 -0.002 -0.0494117 -0.0123837 -0.002 -0.0465149 
-0.01268 -0.002 -0.0363859 -0.0174291 -0.002 -0.0340754 -0.0176163 -0.002 -0.0288519 
-0.0221238 -0.002 -0.0316544 -0.027042 -0.002 -0.0292386 -0.0080584 -0.002 -0.0388539 
-0.00830006 -0.002 -0.0337409 -0.00785766 -0.002 -0.0439638 -0.00347772 -0.002 -0.0413189 
-0.00780297 -0.002 -0.04898 -0.0131131 -0.002 -0.0260646 -0.0178078 -0.002 -0.0236436 
-0.00848463 -0.002 -0.0285199 -0.00867608 -0.002 -0.0233117 -0.00386304 -0.002 -0.030988 
-0.0179086 -0.002 -0.018399 -0.0224118 -0.002 -0.0211863 -0.0269634 -0.002 -0.024043 
-0.0316944 -0.002 -0.0268508 -0.0270642 -0.002 -0.0187985 -0.00422769 -0.002 -0.0205416 
-0.00885616 -0.002 -0.0180863 -0.00902541 -0.002 -0.0128587 -0.0134738 -0.002 -0.0156288 
-0.0180779 -0.002 -0.0131714 0.000389622 -0.002 -0.0230001 0.000209542 -0.002 -0.0177747 
0.000745019 -0.002 -0.033452 0.000560448 -0.002 -0.028231 0.00499768 -0.002 -0.0254641 
-0.00458516 -0.002 -0.0100889 -0.00920281 -0.002 -0.00763137 3.20318e-05 -0.002 -0.0125468 
-0.000145365 -0.002 -0.00731947 0.00464934 -0.002 -0.0150053 -0.00938046 -0.002 -0.00240391 
-0.0138207 -0.002 -0.00517371 -0.0182568 -0.002 -0.00794564 -0.0226916 -0.002 -0.0107159 
-0.0184344 -0.002 -0.00271818 0.00429208 -0.002 -0.00454946 -0.000325112 -0.002 -0.00209156 
-0.00050525 -0.002 0.00313645 -0.0049427 -0.002 0.000366437 -0.0095606 -0.002 0.0028241 
0.00890972 -0.002 -0.00700746 0.00872997 -0.002 -0.00177955 0.00908984 -0.002 -0.0122355 
0.0135277 -0.002 -0.00946556 0.00926735 -0.002 -0.0174633 0.00393227 -0.002 0.00590645 
-0.000685315 -0.002 0.00836444 0.00855022 -0.002 0.00344859 0.00837016 -0.002 0.00867658 
0.0131679 -0.002 0.000990581 -0.000865433 -0.002 0.0135924 -0.00530295 -0.002 0.0108224 
-0.00992059 -0.002 0.0132805 -0.00974047 -0.002 0.00805245 -0.0141782 -0.002 0.00528211 
0.00357209 -0.002 0.0163624 -0.00104554 -0.002 0.0188204 0.00818974 -0.002 0.0139044 
0.00800963 -0.002 0.0191324 0.0128077 -0.002 0.0114466 0.0181454 -0.002 -0.0119236 
0.0179653 -0.002 -0.00669558 0.0224048 -0.002 -0.00392474 0.0177871 -0.002 -0.00146671 
0.0176074 -0.002 0.00376142 -0.0101007 -0.002 0.0185085 -0.0145382 -0.002 0.0157385 
-0.00124593 -0.002 0.0240034 -0.00568345 -0.002 0.0212334 -0.0103011 -0.002 0.0236914 
-0.0191559 -0.002 0.0181965 -0.0189758 -0.002 0.0129685 -0.0234093 -0.002 0.0101942 
-0.0187917 -0.002 0.00773623 -0.0186118 -0.002 0.00250788 0.0183256 -0.002 -0.0171516 
0.0227632 -0.002 -0.0143816 0.0138774 -0.002 -0.0199218 0.0184952 -0.002 -0.0223798 
0.00943692 -0.002 -0.0226916 0.0123289 -0.002 0.0221279 0.00771127 -0.002 0.024586 
0.00753114 -0.002 0.029814 0.00321186 -0.002 0.0268184 -0.00142605 -0.002 0.0292314 
0.0170451 -0.002 0.019482 0.0167467 -0.002 0.0249355 0.0172434 -0.002 0.0142248 
0.0216612 -0.002 0.0170323 0.0174238 -0.002 0.0089969 0.0273808 -0.002 -0.0168396 
0.0272007 -0.002 -0.0116116 0.0316382 -0.002 -0.00884162 0.0270206 -0.002 -0.00638361 
0.0268424 -0.002 -0.00115475 -0.0192757 -0.002 0.0233279 -0.0237132 -0.002 0.0205579 
-0.0148884 -0.002 0.0261784 -0.0194458 -0.002 0.0285398 -0.0104712 -0.002 0.0289033 
-0.0282605 -0.002 0.0229031 -0.0281407 -0.002 0.0177718 -0.0325665 -0.002 0.014983 
-0.0280192 -0.002 0.0126377 -0.0278351 -0.002 0.00740545 0.027561 -0.002 -0.0220676 
0.0319985 -0.002 -0.0192976 0.0231234 -0.002 -0.0248376 0.0277411 -0.002 -0.0272956 
0.0186753 -0.002 -0.0276079 0.0211613 -0.002 0.0277494 0.0164451 -0.002 0.0303953 
0.0112495 -0.002 0.0336954 0.00675007 -0.002 0.0359279 0.015664 -0.002 0.0365092 
0.0259201 -0.002 0.025022 0.0256185 -0.002 0.0304818 0.026097 -0.002 0.0198003 
0.0305542 -0.002 0.0225327 0.0262953 -0.002 0.014543 0.00567526 -0.002 0.0399259 
0.00195692 -0.002 0.0360445 -0.00171752 -0.002 0.0342502 -0.0061753 -0.002 0.0314351 
-0.00279233 -0.002 0.0382482 0.0362559 -0.002 -0.0112996 0.0360758 -0.002 -0.00607163 
0.0364513 -0.002 -0.0214727 0.0362712 -0.002 -0.0162447 0.0407087 -0.002 -0.0134747 
0.0405133 -0.002 -0.00330163 0.0358956 -0.002 -0.000843624 0.0357272 -0.002 0.00438954 
0.0312897 -0.002 0.00161955 0.0266739 -0.002 0.00407842 -0.0281859 -0.002 0.0279665 
-0.0326134 -0.002 0.0251804 -0.0194871 -0.002 0.0337097 -0.0238743 -0.002 0.0308592 
-0.0282272 -0.002 0.0331364 0.0299947 -0.002 0.0327819 0.0252358 -0.002 0.0355092 
0.0253011 -0.002 0.0410974 0.0209249 -0.002 0.0387973 0.0157293 -0.002 0.0420974 
-0.0371386 -0.002 0.0174394 -0.0370171 -0.002 0.0123053 -0.0379951 -0.002 0.023059 
-0.0424457 -0.002 0.0203813 -0.0379205 -0.002 0.0281224 -0.0414112 -0.002 0.00954905 
-0.0368391 -0.002 0.00709267 -0.0366596 -0.002 0.00187948 -0.0322655 -0.002 0.00463572 
-0.0276556 -0.002 0.00219227 0.0276211 -0.002 -0.0324357 0.0320586 -0.002 -0.0296657 
0.0363403 -0.002 -0.0317984 0.0364603 -0.002 -0.0266583 0.040733 -0.002 -0.0236054 
0.0231936 -0.002 -0.0352873 0.027511 -0.002 -0.0376573 0.0188177 -0.002 -0.0328346 
0.0187077 -0.002 -0.0380562 0.0141894 -0.002 -0.0303768 0.0455421 -0.002 -0.00608505 
0.045362 -0.002 -0.000857048 0.0454794 -0.002 -0.0109314 0.0503281 -0.002 -0.00848684 
0.0454947 -0.002 -0.0158765 0.0458159 -0.002 0.00494404 0.0457091 -0.002 0.0101967 
0.0402264 -0.002 0.00717908 0.0356204 -0.002 0.00964225 -0.0152712 -0.002 0.0365676 
-0.0196998 -0.002 0.038887 -0.0107626 -0.002 0.0339221 -0.0109753 -0.002 0.0390994 
0.0350865 -0.002 0.02004 0.0349097 -0.002 0.0252617 0.0389023 -0.002 0.0278985 
0.03437 -0.002 0.0303912 0.0339873 -0.002 0.0354186 -0.0459217 -0.002 0.0122256 
-0.0457438 -0.002 0.007013 -0.0467465 -0.002 0.0225565 -0.04589 -0.002 0.0169369 
-0.0502226 -0.002 0.0144008 -0.0410972 -0.002 -0.000888047 -0.0365235 -0.002 -0.00334499 
-0.0466431 -0.002 0.00187214 -0.046507 -0.002 -0.00335234 -0.0363556 -0.002 -0.00857886 
-0.031918 -0.002 -0.00581134 -0.0273102 -0.002 -0.00826766 -0.0274782 -0.002 -0.00303379 
-0.0230478 -0.002 -0.000264052 -0.0410177 -0.002 -0.0115548 -0.0364122 -0.002 -0.0140212 
-0.0456659 -0.002 -0.0091176 -0.0457225 -0.002 -0.0145599 -0.036345 -0.002 -0.0193262 
-0.0316829 -0.002 -0.0163502 -0.0271314 -0.002 -0.0134935 -0.0411672 -0.002 -0.0224258 
-0.0455016 -0.002 -0.0199 -0.0364379 -0.002 -0.0247549 -0.0501498 -0.002 -0.0174627 
0.0354253 -0.002 0.0148714 0.0397808 -0.002 0.0176004 0.0309261 -0.002 0.0120818 
0.0264904 -0.002 0.0093139 0.0443391 -0.002 0.0157205 0.0440003 -0.002 0.0208891 
0.043086 -0.002 0.0260467 0.0476444 -0.002 0.0241669 -0.019814 -0.002 0.0442792 
-0.0240299 -0.002 0.0414213 -0.0279526 -0.002 0.0441311 -0.0278383 -0.002 0.038739 
-0.0321499 -0.002 0.0358463 -0.0153209 -0.002 0.0463803 -0.019651 -0.002 0.0489145 
-0.00655383 -0.002 0.0409161 -0.0110624 -0.002 0.0435617 -0.0108994 -0.002 0.048197 
0.0299271 -0.002 0.0425099 0.0332871 -0.002 0.039512 0.0336021 -0.002 0.0442126 
-0.0234128 -0.002 0.0520184 -0.0276955 -0.002 0.0494785 0.0115027 -0.002 0.045597 
0.0273259 -0.002 -0.0425201 0.0317534 -0.002 -0.0396686 0.0361776 -0.002 -0.0369092 
0.0405793 -0.002 -0.0339018 0.014464 -0.002 -0.040975 0.0188398 -0.002 -0.0434276 
0.0230214 -0.002 -0.0455194 0.0272638 -0.002 -0.0475307 0.00991791 -0.002 -0.0384055 
0.0100501 -0.002 -0.0437769 0.00975016 -0.002 -0.0331493 0.00533625 -0.002 -0.0359512 
0.00960774 -0.002 -0.0279225 0.0447861 -0.002 -0.0253107 0.0447771 -0.002 -0.0201251 
0.0449991 -0.002 -0.0367143 0.0451618 -0.002 -0.0316034 0.00550457 -0.002 -0.0465515 
0.00111351 -0.002 -0.0438182 0.00111409 -0.002 -0.0491622 0.000912762 -0.002 -0.0387082 
0.0272192 -0.002 -0.0522042 -0.0530239 -0.002 0.0230193 -0.0362161 -0.002 0.0332847 
-0.0547155 -0.002 0.0186331 0.0550345 -0.002 -0.0113412 0.0495479 -0.002 -0.0175818 
0.0541992 -0.002 -0.0160014 0.0344423 -0.002 0.0480697 0.00667533 -0.002 0.0442642 
0.00188218 -0.002 0.0443808 -0.00595692 -0.002 0.0501792 -0.00187932 -0.002 0.0470487 
-0.00287939 -0.002 0.0427105 -0.00342475 -0.002 -0.0512373 0.000966312 -0.002 -0.0539707 
7.49165e-05 -0.002 -0.0588188 -0.0365165 -0.002 -0.0299504 -0.0542529 -0.002 -0.0208107 
0.0220431 -0.002 0.0065396 0.0511883 -0.002 0.0280959 -8.06526e-05 0.0329252 0.000195588 
0.00685326 0.0189882 -0.0123101 -0.0134146 0.0183101 -0.00648075 -0.0073411 0.0191405 0.0123131 
0.0118215 0.0189792 0.00794612 -0.00593373 0.0526689 0.00012019 -0.00575427 0.0278789 -0.017129 
0.00687604 0.0370174 -0.0143627 -0.0161699 0.0309211 0.00434297 0.0174239 0.0276684 -0.00398687 
0.0184085 0.0135945 -0.00596147 0.00376488 0.0310266 0.0163771 0.00829949 0.0471745 -0.00114607 
-0.000476228 0.0146891 -0.000105349 -0.00310797 0.013022 -0.019522 0.00414693 0.0139915 0.0186837 
-0.0134335 0.0379376 -0.00854257 -0.0207013 0.011922 0.00142975 0.0147655 0.0366333 0.00764482 
-0.00768073 0.0105651 0.0197577 -0.000231568 0.0486965 -0.0110606 -0.00794332 0.0400671 0.0128403 
0.0113574 0.0105496 -0.0185963 -0.0209409 0.0280465 -0.00834233 0.00616689 0.0235518 -0.0227607 
0.011667 0.0241411 -0.0210215 0.00632196 0.032709 -0.0242004 0.0117606 0.0334359 -0.0220375 
0.00704551 0.0281094 -0.0135738 -0.000248067 0.0280315 -0.0254466 0.000487512 0.0234481 -0.0147128 
0.000519823 0.032672 -0.0160142 0.0113746 0.0320697 0.0217248 0.0113475 0.0280057 0.0226448 
0.0147216 0.0290846 0.0197579 0.0136515 0.00425801 0.0226035 0.0161241 0.00425801 0.0194297 
0.00728972 0.00699577 0.018322 0.00976233 0.00699577 0.0151482 0.0105087 0.0112538 0.0229652 
0.00967519 0.0189538 -0.0218518 0.0258995 0.00468604 0.00730525 0.0162776 0.0094896 0.0069123 
0.0214433 0.0141756 0.00833907 0.0247368 0.0114833 0.00138527 0.015115 0.0162868 0.000992325 
0.0195711 0.00679725 -4.14938e-05 0.0189229 0.0227708 0.0152113 0.0155255 0.0219337 0.0181793 
0.00794161 0.0251885 0.0121394 0.0118703 0.0421254 0.00324483 0.0137604 0.0442534 0.0154347 
0.0108105 0.0498699 0.0111345 6.10328e-05 0.0440727 0.00609532 0.0016548 0.0460115 0.0184711 
0.0035007 0.0385851 0.0108502 -0.0176063 0.0136347 -0.0150656 -0.0138562 0.00915504 -0.0106578 
-0.0180479 0.00447962 -0.0192427 -0.012453 0.0109906 -0.0215863 -0.00870283 0.00651102 -0.0171785 
-0.00826129 0.0156661 -0.0130014 0.0158092 0.0252673 -0.0176847 0.015877 0.0344228 -0.0185777 
0.0205619 0.00435014 0.0153887 0.0232399 0.00435014 0.0125215 0.0135996 0.0094896 0.00977943 
0.0187838 0.0138397 0.0135554 -0.0235809 0.00417124 -0.0112303 -0.0215402 0.00417124 -0.0144093 
-0.0210987 0.0133263 -0.0102323 -0.0158969 0.00915504 -0.00747878 0.0214255 0.0298372 -0.0133546 
0.0123786 0.0233682 -0.00841913 0.0125557 0.0325395 -0.00933731 0.0202266 0.0166338 -0.0158159 
0.0238984 0.0191359 -0.0120704 0.0230303 0.0144884 -0.0123711 -0.0158887 0.0180668 -0.0173703 
-0.0107354 0.0154228 -0.0238909 0.0181589 0.0219168 -0.0154314 0.0144674 0.0194282 -0.0191049 
0.0126309 0.0162914 -0.00913578 0.00866316 0.0094941 -0.0101348 0.00367996 0.0094941 -0.0121314 
0.00499841 0.00734453 -0.00403238 1.52137e-05 0.00734453 -0.00602903 0.00318852 0.0168386 -0.00620772 
0.0149465 0.0113459 0.0189242 0.0146807 0.00679725 -0.00152445 0.0144408 0.00679725 -0.00696044 
0.00523834 0.00734453 0.00140361 0.00896611 0.0141418 -0.00303341 -0.0188308 0.00596099 0.00702449 
-0.0234001 0.0111427 0.0104055 -0.0215297 0.00518174 0.0160002 -0.0123206 0.00528255 0.0161885 
-0.0168898 0.0104643 0.0195695 -0.014191 0.0112435 0.0105937 0.00772529 0.0415815 0.0200362 
0.00944566 0.0340018 0.0122686 -0.00215905 0.0356591 0.0149688 -0.0166584 0.0206083 0.0170626 
-0.01672 0.014752 0.0158472 -0.0233385 0.016999 0.0116209 -0.0140212 0.0155312 0.00687142 
0.0047192 0.0182978 -0.0229463 -0.0016776 0.022825 -0.0258086 -0.0182428 0.0232357 -0.015714 
-0.0122342 0.0228513 -0.0231263 -0.00975429 0.0232177 -0.0119893 -0.0142795 0.028046 -0.0214051 
-0.0201455 0.0178579 -0.0133749 0.0113872 0.0094896 0.00542935 0.00187265 0.0160051 -0.015916 
-0.000261413 0.0153147 -0.0265523 -0.00449281 0.0205641 -0.018522 0.0195047 0.012966 -0.0186885 
0.0167011 0.0151113 -0.0221334 0.0148829 0.012072 -0.0122789 -0.0141642 0.0261129 0.0192756 
-0.0133161 0.0215415 0.020363 0.0234553 0.0263858 -0.0110179 0.018294 0.0207134 -0.00517663 
0.0114039 0.0193529 0.0234856 0.0079842 0.0164854 0.0133149 0.00398388 0.0227101 0.0176557 
-0.00170681 0.00734453 0.00722578 -0.00390866 0.0169148 0.00610388 -0.00513925 0.00957025 0.013435 
0.000604766 0.00699577 0.0166203 -0.00159708 0.016566 0.0154984 0.0018376 0.0143624 0.00928895 
-0.00821768 0.036713 -0.022423 -0.00171412 0.0415012 -0.0211215 -0.00513325 0.0472928 -0.0193441 
0.0033327 0.0430794 -0.0129663 -0.00308606 0.0386442 -0.0146919 0.00910534 0.0147689 -0.0154532 
0.00170056 0.00734641 0.00481061 0.00401426 0.00699577 0.0142038 -0.00405848 0.032598 -0.0246438 
0.00246369 0.0373002 -0.0233785 -0.012244 0.0417128 -0.0182518 -0.00982222 0.0329722 -0.0131466 
-0.00714873 0.0437149 -0.00995784 -0.00427553 0.00734453 -0.0031216 -0.0055914 0.00651102 -0.0128299 
-0.00130066 0.00651102 -0.0157373 -0.0017921 0.0138555 -0.00981367 0.0217285 0.035799 -0.0101 
0.0161588 0.0405427 -0.0153445 0.00788836 0.0423382 -0.00794759 0.0173067 0.0458062 -0.00839118 
0.0133869 0.037813 -0.00270048 -0.00929209 0.0251091 0.0221259 -0.0040502 0.0565974 0.0090258 
0.000729025 0.0492955 -0.000275059 0.00416858 0.0545272 0.0095016 -0.00486463 0.0508575 0.0154163 
-0.00790094 0.0454871 0.00632405 -0.00751092 0.0148528 0.0160354 -0.02214 0.028095 -0.0167664 
-0.0135831 0.0280634 -0.013111 -0.0173101 0.0232428 -0.00758802 -0.0241244 0.0226214 -0.0144797 
0.0172141 0.0176958 0.0163723 0.0133769 0.0152019 0.0217411 -0.0188975 0.0321963 0.0152819 
-0.0217745 0.0267169 0.0133671 -0.0118117 0.0252722 0.00833582 0.0187981 0.00679725 -0.00386974 
0.0204546 0.0317448 0.0153166 0.0172221 0.0348354 0.0173992 0.00353235 0.0261464 -0.00627453 
0.00940687 0.0190607 -0.00219121 0.00599542 0.0261011 0.00402282 -0.000275742 0.0239759 -0.000100301 
0.00567262 0.0168341 0.00392039 -0.0042943 0.00734453 0.00282561 -0.00756232 0.00734453 -0.000689755 
-0.0176748 0.00596099 7.77948e-05 -0.0105888 0.0133055 0.0006622 -0.0144068 0.00596099 0.00359316 
-0.0170698 0.0489689 -0.000760417 -0.0160849 0.0496171 0.00412155 -0.0219943 0.0396708 0.00104573 
-0.0208312 0.0405063 0.00647984 -0.0115945 0.0410851 0.00217737 -0.00287327 0.0307891 -0.00863872 
-0.00321677 0.0213241 -0.00870545 -0.00368856 0.0159858 0.0251844 -0.00943258 0.0185602 0.0219991 
-0.0096024 0.0142725 0.0257214 -0.0017669 0.0122783 0.0192207 -0.00694543 0.0164996 -0.00329305 
-0.0140315 0.00915504 -0.00387746 -0.017058 0.015116 -0.0025255 -0.0107447 0.00915504 -0.0063093 
-0.00530907 0.00528255 0.0171573 -0.0262533 0.0160231 0.00652317 0.0236212 0.0361376 -0.00427327 
0.0191116 0.0461921 -0.00235882 0.00593203 0.00527478 -0.0152745 0.0109152 0.00527478 -0.0132779 
-0.00772673 0.00957025 0.00903483 0.0137136 0.0278713 0.00798429 0.00787974 0.0586418 -0.00171397 
0.000800929 0.0629638 -0.00150013 0.00365279 0.0602708 -0.00745341 -0.00347478 0.0502451 -0.00547774 
0.00439041 0.0484163 -0.00641067 0.0231259 0.0194326 0.00560444 0.0260641 0.0166857 -0.00153982 
-0.0233485 0.035751 0.00521795 -0.00370463 0.0262844 0.00636263 -0.0103779 0.0187253 0.00291617 
-0.00682322 0.0258107 -0.00335325 0.00436731 0.0424584 -0.0212596 -0.00336936 0.0187237 -0.00941368 
0.00877057 0.0306752 -0.00208772 0.0149517 0.0233807 0.00210026 0.000471971 0.00734476 -0.000775216 
-0.014389 0.0369531 0.019562 -0.0124706 0.0358429 0.00868827 -0.00794559 0.0297939 0.0128733 
-0.0102233 0.0446226 -0.00376437 -0.0205503 0.043188 -0.0056736 -0.0150128 0.0346823 -0.00220876 
-0.0032867 0.0627036 0.0035616 0.00497837 0.0581606 0.0041756 -0.00789655 0.00528255 0.0127571 
-0.00386431 0.0225663 0.0235455 -0.0020128 0.0252029 0.0145943 0.00199887 0.0285498 0.02542 
0.00207347 0.0198957 0.0262611 0.0219463 0.0243403 0.0103035 0.0232216 0.0333817 0.0101812 
0.0073574 0.0350372 0.00393206 0.00400029 0.0402466 -0.000604749 -0.00422683 0.0370535 0.00635836 
-0.00953755 0.0357366 0.0225956 -0.0150281 0.0246997 -0.00134539 -0.00818753 0.0323691 0.002009 
0.0261418 0.0239562 -0.000725579 0.0249173 0.0288507 0.00407659 -0.00342817 0.031253 0.0243734 
0.00098052 0.0484392 -0.0197589 0.0119273 0.0147345 -0.0249949 0.00222652 0.0191302 0.0101668 
-0.00503453 0.00651102 -0.0187453 -0.0145089 0.0175274 0.0189619 -0.00345253 0.0379049 -0.0119564 
0.0226419 0.0405312 0.00195469 0.0165387 0.0323577 0.00177306 0.0017367 0.0325437 0.00831706 
0.00785153 0.0094896 0.008835 0.00779188 0.0247964 0.0244097 0.00784296 0.0161227 0.025194 
0.009709 0.0558597 0.00472956 -0.0148837 0.0529238 0.000482182 -0.0187425 0.0216764 0.00273586 
-0.0272349 0.015304 0.000982657 -0.0255258 0.0250133 0.00250333 -0.0187232 0.0296972 -0.0019498 
-0.0277466 0.0234122 -0.00399118 -0.020961 0.0201052 -0.00357005 0.0143411 0.0121671 -0.0234509 
-0.00704525 0.022547 -0.0251085 -0.00998392 0.026638 -0.0240852 -0.0240994 0.0344789 -0.000593323 
-0.022818 0.037848 -0.00732301 -0.0148773 0.0131629 0.0228947 -0.0135499 0.0172461 0.02419 
0.00412472 0.0117858 -0.0190592 -0.0195402 0.00596099 -0.00352353 -0.024742 0.0101322 -0.00627701 
-0.0254832 0.00417124 -0.0080197 0.0263445 0.00431472 0.00154304 0.0251819 0.011112 -0.00437694 
0.00830639 0.0380069 -0.022421 0.0255715 0.00431472 -0.0022852 -0.00891252 0.00528255 0.0180707 
-0.0129372 0.00425801 -0.0223588 -0.00734229 0.010769 -0.0247023 0.0116493 0.0445971 -0.0170794 
0.013008 0.0497347 -0.0104093 0.020817 0.0187706 0.0118973 -0.0249475 0.0302935 0.00373972 
-0.0275511 0.0286844 -0.00261504 0.0242488 0.00388342 -0.0120085 0.0218083 0.00388342 -0.015117 
0.0199559 0.0091582 -0.0163414 0.0156503 0.00527478 -0.0142634 0.0132098 0.00527478 -0.017372 
-0.0245582 0.0257403 0.00805669 -0.00668012 0.0358298 -0.0044462 -0.0137216 0.028151 -0.0079822 
-0.00943015 0.0311891 -0.0236676 -0.0136155 0.0362369 -0.0195869 -0.0168845 0.0450051 0.0111201 
-0.00434965 0.0455488 0.0196358 -0.00926886 0.00425801 -0.0239257 -0.0172599 0.0391216 -0.0159415 
0.00342051 0.0351281 -0.00726631 -0.0214425 0.00596099 -0.00031294 -0.00567862 0.0150396 -0.0260609 
-0.0270469 0.00425801 -0.00250626 0.0018771 0.0410812 0.0216635 -0.0157385 0.0446371 -0.0138128 
-0.00920393 0.0503966 -0.0153556 -0.0143406 0.052546 -0.00378045 -0.0184863 0.033103 -0.0169754 
-0.0173371 0.0330688 -0.00858933 0.0107743 0.0548161 -0.00662438 0.00624327 0.0560375 -0.011957 
-0.00594353 0.0272322 -0.0254368 0.0155151 0.0509117 -0.00470471 -0.0127481 0.0504828 -0.00880103 
-0.0178318 0.0466479 -0.00845689 0.00207347 0.0132988 0.025831 -0.00384037 0.0115856 0.026368 
-0.00979539 0.0567273 -0.00573742 -0.0227677 0.0180195 -0.00832699 -0.00849743 0.0521805 0.0109371 
-0.00844076 0.0476659 0.0175024 -0.0231858 0.0314825 0.00926358 -0.00678606 0.0554129 -0.0125484 
0.000110456 0.0560051 -0.013525 -0.00457762 0.019644 -0.0263937 -0.026411 0.0148255 -0.00437173 
-0.00412236 0.041993 0.000164204 0.00760507 0.0306059 0.0240898 0.0191758 0.00679725 -0.007946 
0.0234815 0.0106807 -0.010024 0.018326 0.00425801 -0.0199152 0.0255205 0.0265293 -0.00571247 
0.0261056 0.0192353 -0.00673555 -0.0263057 0.010219 -0.000763575 -0.00021038 0.0410017 -0.00552278 
-0.0200642 0.00596099 0.00321316 0.0199845 0.0371678 0.0138474 0.0127516 0.0529161 0.00578585 
-0.0212155 0.034249 -0.0159124 6.90148e-19 0.00425801 -0.0271628 0.00834216 0.00527478 -0.0235464 
0.00567871 0.00527478 -0.0204376 0.00567871 0.00953279 -0.0253215 0.0252532 0.014616 -0.00770683 
0.0125942 0.0390235 -0.0196521 0.0164736 0.00953279 -0.0211396 0.0252997 0.0302118 -0.00186239 
-0.0135674 0.0536538 0.00400781 0.0243765 0.0348005 0.00424876 0.00841011 0.0508459 -0.0155317 
0.0126233 0.0551971 -0.000834851 -0.0266494 0.0228323 -0.00926396 0.0241687 0.030662 -0.00786024 
0.0161536 0.0477465 0.0100968 -0.00155398 0.010769 -0.0257844 -0.00155398 0.00651102 -0.0209004 
-0.0264282 0.0326565 -0.00692065 0.00915926 0.00527478 -0.0182825 0.00192657 0.00651102 -0.0187453 
0.0167451 0.0503477 0.00144863 0.0201727 0.0445017 0.00586977 -0.0199458 0.0413016 -0.0110197 
-0.0208067 0.036696 0.0111367 0.00856322 0.0368829 0.0220429 0.0146729 0.0397444 0.01766 
0.0220182 0.0393626 0.00825998 -0.0165905 0.0414044 0.015886 0.0186323 0.0424083 0.0123969 
0.00880414 0.0419901 -0.0202979 0.00553911 0.0479389 -0.0188308 -0.0059206 0.0625147 -0.00144962 
-0.00318289 0.0595872 -0.00879371 -0.023326 0.00596099 0.00717585 -0.0249674 0.0308869 -0.01211 
-0.0130344 0.0506204 0.00835447 0.00697128 0.0140785 -0.0260895 -0.00308162 0.0521882 -0.0168054 
-0.027112 0.0271877 -0.00813343 -0.0253839 0.0264143 -0.0124086 0.00559176 0.00410612 0.0254405 
0.00935783 0.00410612 0.0244163 0.0231459 0.00679725 -0.00694748 -0.00909568 0.0568703 0.00584471 
0.00199868 0.0350246 0.0241604 -0.00414253 0.0396417 0.0226797 -0.0131984 0.0462582 0.0154351 
-0.00617807 0.00393225 0.0263387 -0.00384037 0.00528255 0.0243739 -0.00797157 0.0092148 0.0252678 
-0.00588723 0.00528255 0.0208286 -0.021327 0.0359044 -0.012502 -0.00239018 0.00528255 0.0198831 
0.00621504 0.0111019 0.0247781 0.00352366 0.00699577 0.0193461 0.0114452 0.0093115 -0.0241832 
-0.0258726 0.0104735 0.00495362 0.00324503 0.051995 -0.0168601 -0.0136056 0.00528255 0.0205908 
-0.0123543 0.00947268 0.0234315 -0.0238559 0.0365802 -0.0108928 -0.0252356 0.00451249 0.00673703 
-0.0114793 0.05701 -0.00015164 0.00207347 0.00699577 0.0238369 -0.00971797 0.0421 0.0204415 
-0.00421743 0.00651102 -0.0240092 -0.0247838 0.00596099 0.0020523 -0.00907656 0.00528255 0.023395 
0.0133093 0.00527478 -0.0216221 -0.0470834 0.0148349 0.0206776 0.027308 0.0147855 -0.0425579 
0.0254071 0.0171652 0.0430644 -0.03423 0.014404 -0.0378313 0.0415032 0.0148529 0.0301493 
0.0494223 0.0185702 -0.00535732 0.0403564 0.0154056 -0.0308637 -0.0496091 0.0152023 -0.00711433 
-0.0449573 0.0147505 -0.0239924 -0.00513413 0.0153675 0.050062 -0.00658536 0.0138062 -0.0511402 
-0.0267671 0.0149408 0.042448 0.0109453 0.015052 -0.0492416 0.0479165 0.0151657 0.0131859 
-0.0205925 0.0202907 -0.0451475 -0.0482452 0.023413 0.00688342 0.0448139 0.0253104 -0.0191163 
0.0111615 0.014321 0.0513378 -0.0374621 0.0271271 -0.0295738 0.0305714 0.0291994 0.0359629 
-0.0379544 0.0208464 0.0324942 -0.0171236 0.0267628 0.0450271 0.0297753 0.0289149 -0.0368832 
0.00105807 0.0270039 -0.0480827 -0.0457071 0.0271111 -0.0154438 -0.0548971 0.01131 0.00900946 
0.0158015 0.0287777 -0.0449788 -0.0430005 0.0291519 0.0212036 0.0466302 0.0293431 0.00726681 
0.0417508 0.0284899 0.0233121 0.0460927 0.0110987 -0.0169982 0.0041937 0.0274334 0.0483092 
-0.0196562 0.0104568 0.052844 -0.0267658 0.0315301 -0.0383442 -0.0452311 0.0340804 -0.00292572 
-0.0120661 0.0317639 -0.0450084 0.0457197 0.0323135 -0.00668683 -0.0274213 0.009316 -0.0474017 
0.0371688 0.0111947 0.0420972 0.0216525 0.0100757 -0.0530377 -0.0387943 0.00987689 0.0416757 
-0.0339479 0.0341168 0.0306377 0.0558711 0.0102729 0.00328827 0.0204235 0.0388467 0.038162 
-0.0542395 0.00964495 -0.0173279 0.0370441 0.00831306 -0.0434582 -0.00656977 0.0347734 0.0457808 
-0.045474 0.00949056 -0.0353426 -0.0133514 0.0103746 0.0419822 0.0171082 0.00850431 -0.0409099 
0.0387145 0.0328153 -0.0280446 -0.0344852 0.00884699 -0.0268085 -0.0425767 0.0364909 0.00999235 
0.05145 0.0096943 0.0241178 -0.00976616 0.00855494 0.0580981 -0.0170487 0.00935701 -0.0408382 
0.0178053 0.0281925 0.0463029 -0.0176203 0.0097122 -0.0549302 0.00556885 0.038055 -0.0424975 
-0.0434353 0.0106258 0.00320452 -0.0586861 0.00847332 -0.00393768 -0.0408937 0.00972491 -0.0136518 
0.0378415 0.0401882 0.0202779 0.0202628 0.0389283 -0.037854 0.0291648 0.00936842 0.0327187 
0.0300059 0.00951698 -0.0321456 -0.0294272 0.0275704 0.0409159 0.00328048 0.00945305 -0.0570876 
-0.0403421 0.0382257 -0.0183316 0.0254391 0.00927994 0.052708 0.002109 0.00835134 -0.0454923 
-0.0312447 0.010336 0.0317328 -0.046844 0.00982561 0.0321208 0.0564702 0.00982418 -0.0104541 
-0.0322471 0.038469 -0.0279665 0.0381842 0.00989936 0.0191678 -0.021021 0.0376833 0.0382907 
0.0413594 0.0407387 0.00486248 0.00316084 0.00907259 0.044086 0.0165713 0.00886438 0.0401614 
0.0504792 0.00830381 -0.027882 0.0432973 0.0106716 0.00234043 0.0362925 0.00856067 -0.0225604 
0.0469457 0.00820108 0.0372342 -0.00635966 0.00729825 -0.0594107 0.00801414 0.0379886 0.0417344 
0.0021508 0.00939061 0.0574701 0.0387837 0.0420915 -0.0147345 0.0372128 0.020763 -0.0407834 
-0.0118368 0.0461751 -0.0389632 -0.00771817 0.0420783 -0.0412004 -0.0113822 0.0387394 -0.0365306 
-0.00721738 0.0346265 -0.038707 -0.0126676 0.0393322 -0.0476253 -0.0190986 0.0629872 -0.0133842 
-0.0164669 0.0648607 -0.00862463 0.0266576 0.0197052 -0.0513507 0.0215548 0.0217816 -0.0437684 
0.0209044 0.0267013 -0.0525612 0.0238299 0.0173503 -0.0565906 0.018727 0.0194267 -0.0490083 
0.0244803 0.0124306 -0.0477978 -0.021535 0.0430216 -0.0338394 -0.0251451 0.0458965 -0.0299724 
-0.0284367 0.0418135 -0.0378216 -0.0239424 0.0361711 -0.0308583 -0.0201114 0.0330795 -0.0342959 
-0.0522531 0.0132562 0.000947564 -0.0600813 0.0181157 0.0067039 -0.0574373 0.0200619 -0.001358 
-0.0541476 0.0118378 -0.00552601 -0.0619758 0.0166974 0.000230327 -0.0567916 0.00989166 0.00253589 
-0.0549997 0.0281521 0.00236977 -0.0489271 0.0193077 -0.000115456 -0.0556816 0.0240467 -0.0046291 
-0.0534926 0.0334858 -0.0025348 -0.0474201 0.0246413 -0.00502002 -0.0467381 0.0287467 0.00197885 
-0.0583639 0.00924485 -0.0238047 -0.0557689 0.00382248 -0.0224277 -0.0598934 0.00342238 -0.0289046 
-0.0539812 0.00916766 -0.0328121 -0.0513862 0.00374528 -0.0314351 -0.0498567 0.00956776 -0.0263352 
-0.0188985 0.0398476 -0.0385946 -0.0257899 0.0384267 -0.0427839 0.03674 0.0272 0.0425974 
0.0360373 0.0220261 0.0330561 0.0422059 0.0200267 0.0396906 0.0400387 0.0181976 0.0456646 
0.039336 0.0130238 0.0361232 0.0338701 0.020197 0.03903 -0.0381993 0.0410359 0.0297604 
-0.0384742 0.0316343 0.0259207 -0.0427708 0.0384507 0.0248934 -0.0425668 0.0423858 0.0194639 
-0.0427886 0.0328214 0.015598 -0.0384631 0.03556 0.0204535 0.0371891 0.0416621 -0.0304308 
0.0287866 0.0368224 -0.0265328 0.0270448 0.0455552 -0.0288751 0.0279633 0.0447186 -0.0353355 
0.0193983 0.0400716 -0.0314963 0.0294886 0.0358718 -0.0329493 0.0405935 0.0259881 0.0393079 
0.038278 0.0307264 0.0388688 -0.015823 0.0441407 -0.0359261 -0.0197844 0.0467701 -0.0324627 
0.0460594 0.0188149 0.0364011 -0.00843338 0.0499308 -0.0358828 -0.00431681 0.0457639 -0.0380011 
0.0307959 0.0217321 -0.0482148 0.0250427 0.0287282 -0.0494252 -0.047174 0.0215834 -0.0323252 
-0.0508111 0.0191926 -0.0288075 -0.0510695 0.0165627 -0.0344826 -0.0452157 0.0121205 -0.0296675 
-0.0474323 0.0189535 -0.0380003 -0.00180783 0.0422011 -0.042026 -0.00669818 0.0393773 -0.0484373 
-0.0412558 0.00322186 -0.0509517 -0.0366813 0.00620201 -0.0427244 -0.0388045 0.0114239 -0.0460586 
-0.0444265 0.00896715 -0.0448143 -0.039852 0.0119473 -0.036587 -0.0423033 0.00374528 -0.0414801 
-0.0434263 0.0277717 -0.0351159 -0.0412097 0.0209388 -0.0267831 -0.041468 0.0183088 -0.0324582 
-0.012622 0.033201 -0.0376199 -0.0280833 0.00620201 -0.0373546 -0.028014 0.0116816 -0.0307409 
-0.0218673 0.00347962 -0.0302642 -0.0194926 0.00367851 -0.0388581 -0.0194234 0.00915812 -0.0322444 
-0.0256394 0.0118805 -0.0393348 0.0437439 0.0235532 0.0359619 -0.0567553 0.0241673 0.00564088 
-0.0515711 0.0173615 0.00794644 -0.0576617 0.0192331 -0.00673611 -0.0569798 0.0233384 0.000262769 
-0.0354002 0.00887986 -0.0508438 -0.033277 0.003658 -0.0475096 -0.0308257 0.01186 -0.0426165 
0.0572951 0.0220374 -0.00349262 0.0576936 0.0201313 0.00173941 0.0558991 0.0274239 0.00281945 
0.0562975 0.0255177 0.00805148 0.0480262 0.0239566 0.000954744 0.00211932 0.0425228 -0.0471819 
-0.00324865 0.0349095 -0.043753 0.00166349 0.0378676 -0.0374746 -0.0622002 0.0158685 -0.00514778 
-0.0520842 0.00382248 -0.0200653 -0.0477014 0.00374528 -0.0290727 -0.0282109 0.00342349 -0.0318432 
-0.0343576 0.0116255 -0.0323199 -0.0281416 0.00890311 -0.0252295 -0.01844 0.0385436 -0.046116 
-0.0153239 0.0429483 -0.0434829 -0.036287 0.0483436 0.0029348 -0.0396052 0.0450745 0.00660303 
-0.0473183 0.0420172 0.00196876 -0.0381584 0.0376757 0.00173259 -0.0438499 0.0454502 -0.00160935 
0.0133734 0.0219148 -0.0471102 0.0184762 0.0198384 -0.0546926 0.0162989 0.0125638 -0.0511397 
-0.0403652 0.0146825 -0.043985 -0.0459871 0.0122258 -0.0427407 -0.0470635 0.0253809 -0.0315982 
0.0438922 0.0169858 0.042375 -0.0368677 0.0470412 -0.00288096 -0.0384874 0.0359111 -0.00400865 
-0.0330015 0.00620201 -0.0349388 -0.0331291 0.00342349 -0.0294274 -0.0374336 0.023589 -0.0422313 
-0.034879 0.0204357 -0.0460138 -0.0311469 0.0289987 -0.0462702 -0.0304979 0.022967 -0.0380878 
-0.0337015 0.0321521 -0.0424878 -0.0274113 0.0173473 -0.0414894 -0.0280603 0.023379 -0.0496719 
-0.0236792 0.0259104 -0.0417458 -0.00498878 -0.001 0.0241579 -0.0047884 -0.001 0.018975 
-0.00035087 -0.001 0.021745 0.060918 0.0159826 0.00606221 0.0605195 0.0178888 0.000830182 
0.0526467 0.0144215 -0.00103453 -0.0526385 0.0243264 0.020543 -0.0536837 0.0197499 0.0231596 
-0.0530842 0.02853 0.0136003 -0.0543757 0.0240873 0.0163189 -0.0476643 0.019124 0.0137805 
0.0512507 0.019808 0.00527754 -0.0141493 0.0492275 -0.034385 -0.0554707 0.0195587 0.0179632 
-0.0560515 0.0238478 0.0110661 -0.0358461 0.0207655 -0.0337025 -0.0418103 0.0214102 -0.0392447 
0.0621297 0.00335992 0.0194359 0.0610427 0.00949637 0.0121278 0.0569581 0.00413644 0.0105964 
0.0547475 0.00384715 0.0210112 0.0536606 0.00998359 0.013703 0.0588321 0.00920707 0.0225426 
-0.0449986 0.00318448 -0.0474877 -0.0481693 0.00892976 -0.0413502 -0.0392993 0.0187459 -0.0434023 
0.0308779 0.0470397 -0.0243898 0.0323669 0.0383822 -0.0219814 0.0390163 0.037303 -0.0340699 
0.0297905 0.0403595 -0.0389746 -0.0447106 0.0395903 0.0195448 -0.044449 0.0430028 0.0138857 
-0.0314747 0.0178917 -0.050799 -0.0240069 0.0148033 -0.0462746 0.0285416 0.0218502 -0.0397206 
0.0320296 0.0287968 -0.0453774 0.0227884 0.0288463 -0.040931 -0.0479101 0.0411122 -0.00385529 
-0.0554656 0.0231644 -0.0100907 -0.0532766 0.0326034 -0.00799643 -0.0366365 0.0387091 0.00825554 
-0.0439039 0.0352856 0.00353332 -0.0460021 0.0431813 0.0083882 -0.0468541 0.0352603 0.0230251 
0.0440768 0.00727598 -0.0454404 0.0439222 0.0114298 -0.0446841 0.046919 0.00805843 -0.0418137 
0.0352826 0.0354077 0.0377841 0.0321273 0.0393061 0.0365732 0.0359651 0.0447519 0.0288445 
0.034322 0.0348026 0.0282875 0.0391604 0.0408923 0.0298959 0.0345467 0.0353528 -0.0384892 
0.0342449 0.0308651 -0.0324639 0.0250191 0.0339216 -0.0373686 -0.0411252 0.0429041 -0.00495294 
-0.0476581 0.0211567 -0.0112791 -0.0535146 0.0291188 -0.0142555 -0.0454691 0.0305957 -0.00918475 
0.0501658 0.0261833 -0.0260336 0.0425852 0.020358 -0.02499 0.047937 0.0212309 -0.0319073 
0.0529985 0.01768 -0.0304164 0.0454178 0.0118547 -0.0293729 0.0476466 0.0168071 -0.0234992 
-0.048997 0.0241127 -0.0275409 -0.0452493 0.030301 -0.0303315 -0.0493718 0.030293 -0.0232666 
-0.0415846 0.0271191 -0.0225088 -0.0453322 0.0209308 -0.0197181 -0.0489773 0.0137013 -0.0390309 
-0.000466291 0.0464688 -0.0433307 0.0541727 0.0308752 0.0068352 -0.0384895 0.0452351 0.0121798 
-0.0352204 0.0485643 0.00859943 -0.0340127 0.048326 0.0142075 -0.0398857 0.00641747 0.0203973 
-0.0451928 0.00641747 0.0233393 -0.0372735 0.00416798 0.0288669 -0.0391641 0.0125854 0.0262052 
-0.0319664 0.00416798 0.0259249 -0.0293935 0.00418174 0.0197492 -0.0338441 0.00418174 0.0170715 
-0.0443363 0.00641747 0.0177196 -0.0365912 0.0125992 0.0200294 -0.0174249 0.0252588 -0.053327 
-0.0135889 0.0170484 -0.0481438 -0.0104213 0.0220166 -0.0563234 -0.0131617 0.0309954 -0.0532575 
-0.00932575 0.0227851 -0.0480743 -0.0163293 0.0260273 -0.0450779 -0.036869 0.0156236 -0.0465536 
-0.0334646 0.0130796 -0.0513388 -0.0433554 0.0161581 -0.0402753 -0.019416 0.031647 -0.0416763 
-0.0537229 0.0117976 -0.0271369 -0.0495984 0.0121977 -0.0206601 -0.00741732 0.0154317 -0.04187 
-0.0144209 0.0186739 -0.0388737 -0.0101577 0.0244106 -0.0388042 -0.0355173 0.0462502 0.0179573 
-0.0334956 0.0453083 0.0231753 -0.0339389 0.0398297 0.0140697 0.0094727 0.0217696 -0.0563402 
0.00598936 0.021021 -0.0486798 0.00452909 0.0277456 -0.0557607 0.00564029 0.0189702 -0.0602631 
0.00216469 0.0182233 -0.0526026 0.00711289 0.0122525 -0.0531646 0.0477575 0.0148344 -0.0111778 
0.0454533 0.0182045 -0.0180573 0.0471181 0.0219403 -0.0122368 0.0529462 0.0141972 -0.00790571 
0.0506421 0.0175673 -0.0147852 0.0512815 0.0104614 -0.0137262 0.0279174 0.0334672 0.0280422 
0.0295395 0.0434027 0.0282351 0.0315466 0.0390777 0.0202398 -0.0266724 0.0396357 -0.0256976 
-0.0295064 0.0349995 -0.0331553 -0.0310709 0.04515 -0.032605 -0.0147435 0.00367851 -0.0411685 
-0.0103636 0.00367851 -0.0385236 -0.000784733 0.00317567 -0.0408506 -0.00746983 0.00885418 -0.0431652 
-0.00516467 0.00317567 -0.0434955 0.0438677 0.0303717 0.0325434 0.0361611 0.0288446 0.0296375 
0.041627 0.0216714 0.0267307 0.0191266 0.0149188 -0.0458998 0.0518938 0.0127193 0.00823709 
0.0570654 0.0119428 0.0170766 0.0496832 0.01243 0.0186519 0.0316465 0.0321852 -0.0252718 
0.0226657 0.0353295 -0.0302169 -0.0390496 0.0299506 -0.0381025 -0.0321139 0.0293286 -0.033959 
-0.0120968 0.0188639 0.0567987 -0.0180915 0.0245615 0.0542813 -0.0111289 0.0210652 0.0475446 
-0.0123951 0.0129121 0.051453 -0.0183899 0.0186098 0.0489355 -0.0193578 0.0164085 0.0581897 
-0.0634731 0.0119831 -0.0023321 -0.0409153 0.0251074 -0.0392735 -0.0161108 0.0515102 -0.0307623 
-0.0213538 0.0491684 -0.0283814 0.0536365 0.00805381 -0.0340256 0.0437617 0.00830844 -0.0356701 
0.0506398 0.0114251 -0.036896 0.0506943 0.0198496 0.0282692 0.0508181 0.0266682 0.0248507 
0.0556677 0.0172704 0.0252535 0.0466004 0.0190921 0.023715 0.0464766 0.0122736 0.0271335 
0.0547483 0.0218956 0.0150852 0.053901 0.020006 0.0197875 0.0516654 0.0285577 0.0201483 
0.0448336 0.0218278 0.018249 -0.013344 0.0167402 -0.0576201 -0.0203476 0.0199824 -0.0546237 
0.0199026 0.0168525 -0.0369757 0.0211362 0.0239172 -0.0341383 0.0141493 0.0238486 -0.0381862 
-0.0504619 0.0313994 0.0207604 -0.045042 0.0219934 0.0209406 -0.0516422 0.0269084 0.0234226 
0.0556603 0.0150435 -0.0169368 0.0550209 0.0221493 -0.0179959 0.060849 0.0144062 -0.0136647 
0.0271405 0.0441471 0.0376802 0.0255489 0.03411 0.0371683 0.0231676 0.0384683 0.0292516 
-0.0286718 0.0103497 0.025557 -0.0363166 0.00351249 0.0116196 -0.0390637 0.01193 0.0145775 
-0.0444901 0.0439664 -0.00729473 -0.0375866 0.0454867 -0.00840646 -0.036213 0.0380545 -0.0117773 
-0.0420742 0.0460339 -0.0150219 -0.0427866 0.036153 -0.0106287 -0.033376 0.00404912 0.0558099 
-0.029007 0.00647038 0.0472958 -0.0311361 0.0125195 0.0509621 -0.0275806 0.0102775 0.0561601 
-0.0232117 0.0126988 0.047646 -0.0254515 0.00422839 0.0524938 0.0433129 0.00315653 -0.038937 
0.0387304 0.00315653 -0.0412354 0.041914 0.00315653 -0.0434954 -0.0294613 0.0384799 0.0242607 
-0.0219454 0.0208518 0.0437375 -0.0220028 0.0267337 0.0519424 -0.0268245 0.0208226 0.0506528 
-0.023269 0.0185807 0.0558509 0.045059 0.0201458 -0.0366714 0.0471161 0.0299357 -0.0304977 
0.0395354 0.0241105 -0.0294542 0.044238 0.0288506 -0.0352618 0.0525588 0.0264512 -0.0207625 
0.0533076 0.0194289 -0.019728 0.0548571 0.0268952 -0.00514938 0.0534611 0.0322817 0.00116269 
-0.0523537 0.0211102 -0.0239893 -0.031866 0.00351249 0.0142973 -0.0325035 0.00620201 -0.0401403 
-0.0290991 0.003658 -0.0449255 -0.024679 0.003658 -0.0421398 -0.0194777 0.0190571 -0.0367037 
-0.0262965 0.0161138 -0.0330456 -0.0225643 0.0246768 -0.033302 0.025884 0.0469485 0.0266937 
0.0233661 0.0474313 0.0358834 0.053131 0.0219646 -0.0234997 0.0537704 0.0148588 -0.0224407 
-0.046811 0.0390397 0.0174443 -0.0527286 0.0272905 -0.019715 -0.022235 0.00933651 -0.0441199 
-0.0615786 0.0134015 0.00414148 0.0203254 0.0311765 -0.0505751 -0.0514702 0.00641747 0.0238021 
-0.0531618 0.00641747 0.0194159 -0.0486372 0.00641747 0.0198948 -0.0569948 0.0185574 -0.020657 
-0.0499733 0.018378 -0.0163858 -0.0456228 0.0262825 0.0140435 -0.00183923 0.00325801 -0.0341279 
-0.00852433 0.00893651 -0.0364425 0.0010545 0.00843368 -0.0387695 0.00143236 0.0230937 -0.0576893 
0.00254356 0.0143183 -0.0621917 0.0141911 0.0209812 -0.0557326 0.0166192 0.0278441 -0.0536012 
0.0541379 0.0262412 -0.0153522 -0.0416888 0.0169442 -0.00328938 -0.0410068 0.0210496 0.00370949 
-0.0394998 0.0263832 -0.00119508 -0.0121028 0.0117592 -0.0530352 -0.0188615 0.0146931 -0.0595151 
-0.0191064 0.0150014 -0.0500389 0.0297762 0.0465653 0.0232589 0.0222081 0.0116449 -0.0417339 
0.0164549 0.018641 -0.0429444 0.0148026 0.0137119 -0.0361517 0.0252332 -0.001 -0.00854354 
0.0298508 -0.001 -0.0110016 0.0296707 -0.001 -0.00577355 0.0477388 0.0217369 0.0321597 
0.0559637 0.0134613 -0.0278826 -0.0474431 0.00637526 -0.0233976 -0.0305532 0.0159048 -0.0290502 
-0.0281696 0.0225049 -0.029175 -0.0321692 0.0222664 -0.0249214 0.0531877 0.0029019 -0.0372925 
0.0500304 0.00315191 -0.0311489 0.0387002 0.0118593 -0.037161 0.0455784 0.014976 -0.0383868 
-0.0412864 0.0208168 -0.00729244 -0.0393354 0.0267712 -0.0114572 -0.0390975 0.0302558 -0.00519814 
-0.007475 0.0213602 0.0568723 -0.0134698 0.0270578 0.0543548 0.0478626 0.0285555 0.0287411 
-0.032239 0.0331248 0.0226025 -0.0364221 0.0305954 0.0179183 -0.0363921 0.0343551 0.0124238 
-0.0347388 0.0523083 -0.00146527 0.036233 0.0203464 -0.0189485 0.0340042 0.015394 -0.0248222 
0.0383244 0.0119831 -0.0267121 0.0319723 0.0119715 -0.0206705 0.0405532 0.0169355 -0.0208383 
0.0195447 0.0184931 -0.0576307 0.0212512 0.013562 -0.0588246 -0.0570686 0.004655 0.0135818 
-0.052544 0.004655 0.0140608 -0.0509903 0.0130725 0.0148435 -0.0326146 0.0535172 0.00956122 
-0.0313697 0.0531004 0.0150719 -0.0177058 0.0135903 -0.034549 0.0141829 -0.001 0.00891572 
0.0140025 -0.001 0.0141436 0.0186186 -0.001 0.0116939 -0.0574629 0.0167445 -0.0122078 
-0.0555118 0.0226989 -0.0163725 -0.0519243 0.0124236 -0.0122211 -0.0597781 0.0139658 -0.0173146 
-0.0371497 0.00998757 0.0505759 -0.0350206 0.00393845 0.0469097 -0.0327807 0.0124088 0.0420618 
-0.0487334 0.00318448 -0.0452992 -0.0460382 0.00374528 -0.0392916 -0.0454656 0.0431849 -0.0115582 
-0.0371129 0.00620201 -0.0378712 -0.0427349 0.00374528 -0.0366269 0.0341578 0.0211829 0.0461482 
0.0303395 0.0223555 0.0484446 0.0329217 0.0283726 0.0448939 0.0279892 0.0231823 0.0395136 
0.013806 0.0451629 -0.0371418 0.014368 0.0493322 -0.0351707 0.00842831 0.0504773 -0.0355652 
0.00781188 0.0463164 -0.0374251 -0.00587019 0.0250382 0.0480193 -0.00819282 0.0310631 0.0547317 
-0.0118467 0.0307681 0.0454039 0.0399919 0.0438466 0.0251176 0.0323166 0.0428196 -0.0153687 
0.0376842 0.0466546 -0.0241151 0.038984 0.0377796 -0.0215471 0.0472734 0.0222544 0.0102264 
0.0569407 0.018429 0.011011 0.0403865 0.00670279 -0.0349382 0.0454479 0.00315191 -0.0334473 
-0.0320267 0.0156049 0.0259377 -0.0425189 0.0178407 0.0265859 -0.0345996 0.0155912 0.0321135 
0.0158976 0.0160501 -0.0569265 0.0541051 0.0289843 0.0121257 0.0441905 0.0289165 0.0152895 
0.0487638 0.0314098 0.0240094 -0.0359179 0.0511796 -0.0070627 0.0246764 0.0172293 -0.0341142 
0.0223164 0.0142851 -0.0354317 0.0434872 0.0228244 -0.0416312 0.0379636 0.0267891 -0.034414 
0.0387846 0.0180843 -0.0358236 -0.00781369 -0.001 0.016217 -0.0122512 -0.001 0.013447 
-0.0124313 -0.001 0.018675 0.0434749 0.033805 -0.0324796 -0.0519077 0.0150688 -0.0293092 
-0.052166 0.0124388 -0.0349843 0.049705 0.01641 0.0325673 0.031288 0.01418 0.0425808 
-0.0425122 0.00431288 0.00898309 -0.0372396 0.00982536 0.005841 -0.0452593 0.0127303 0.0119411 
0.0279886 0.0278792 0.0291212 0.0334545 0.0207059 0.0262144 0.0335783 0.0275245 0.0227958 
-0.0544032 0.0146508 0.0251795 -0.0565362 0.0120497 0.0210583 -0.0549456 0.010592 0.0254621 
-0.0177718 0.0292233 0.0523332 -0.000583987 0.00317567 -0.0459606 0.032055 0.0156326 0.0274739 
0.0265891 0.0228059 0.0303807 0.02591 0.024294 -0.0312768 0.0328935 0.00334776 -0.0571359 
0.0279802 0.0093856 -0.0567155 0.0265658 0.00403784 -0.0534581 0.0342616 0.00315653 -0.0486683 
0.0293483 0.00919437 -0.048248 0.035676 0.00850429 -0.0519257 0.0119008 0.0286325 -0.0542088 
0.0255465 -0.001 0.00198949 0.0299938 -0.001 0.00476378 0.0301622 -0.001 -0.00046938 
0.0417642 0.0290629 -0.0235805 -0.00281109 0.0273931 0.0559959 -0.000470216 0.0214004 0.0491856 
-0.00118804 0.0311034 0.047045 0.0546784 0.0138308 0.0295515 0.0247737 0.0431715 -0.0401063 
-0.0254556 0.00647038 0.0446307 -0.0219001 0.00422839 0.0498287 0.0345602 0.020025 -0.0243928 
0.0350658 0.0221603 -0.0338734 0.0292697 0.0267797 -0.0274025 0.0337393 0.0287299 -0.0229833 
0.0084298 0.0278908 -0.0465308 -0.0450731 0.0039128 0.0290609 -0.0469637 0.0123303 0.0263992 
-0.0390444 0.0100808 0.0319268 0.0270968 0.030198 -0.029707 -0.0516806 0.0183205 0.028068 
-0.0505917 0.023476 0.0256822 0.0214802 -0.001 0.00359131 0.016861 -0.001 0.0060486 
0.0212967 -0.001 0.00882678 0.0140267 0.0117781 -0.0450758 -0.00238936 0.0164948 -0.059218 
-0.00276364 0.0204051 -0.0496115 -0.00165244 0.0116296 -0.0541139 -0.0134155 0.0320404 0.0517246 
0.035334 0.0121106 0.031434 0.0298681 0.0192839 0.0343408 0.0331668 0.0102816 0.0374079 
-0.0252649 0.0194401 -0.0528152 -0.0286793 0.0139528 -0.0539423 0.0312006 0.0175393 -0.0282671 
-0.0213309 0.047217 0.0370964 -0.0268634 0.045679 0.0355415 -0.0246639 0.0438359 0.039508 
-2.59433e-05 0.0485294 0.0357589 -5.56054e-05 0.0447142 0.0398818 0.00484299 0.0465634 0.0379057 
0.0197932 0.0197017 0.0550921 0.0182843 0.0157431 0.0472011 0.026916 0.0211238 0.0509554 
0.026932 0.0171812 0.0557772 0.0254231 0.0132226 0.0478862 0.0183003 0.0118005 0.0520229 
0.0266104 0.00403784 -0.0487846 0.0343062 0.00315653 -0.0439948 0.0530058 0.0337669 -0.00581413 
0.046175 0.0308283 0.000289993 0.047571 0.0254418 -0.00602208 0.056442 0.0228711 -0.00847271 
0.0545908 0.0297428 -0.00913746 0.0452668 0.028812 -0.0129016 -0.0485503 0.0306345 0.0259452 
0.0482418 0.00454934 -0.0103194 0.0433931 0.00454934 -0.0127639 0.0419954 0.00433579 -0.0030946 
0.044695 0.0108851 -0.00732891 0.0468441 0.00433579 -0.000650016 0.0154891 0.0169131 0.0577891 
0.0226279 0.0143926 0.0584742 -0.0564034 0.00342238 -0.0322504 -0.0478962 0.00374528 -0.034781 
-0.00817811 -0.001 0.0267243 -0.0125954 -0.001 0.0239994 -0.0127654 -0.001 0.0292113 
-0.0144128 0.0154576 0.0608168 -0.00745014 0.0119612 0.05408 -0.0147112 0.00950586 0.055471 
0.0564242 0.016797 0.0158701 0.0604015 0.0143506 0.0109213 -0.0309769 0.0492369 -0.0207244 
-0.034287 0.0480679 -0.0178494 -0.0375558 0.0448232 -0.025502 -0.029537 0.0420721 -0.0207427 
-0.0340766 0.0459686 -0.0282082 0.0409777 0.0350737 0.0316268 0.0398169 0.0343247 0.0218191 
0.0258858 0.0128904 0.0287586 0.00209685 0.0300906 0.0550883 -0.00328488 0.0337606 0.0538241 
0.0512035 0.0318364 0.0159867 0.0117212 0.0169857 -0.0403176 0.0120905 -0.001 -0.0113265 
0.0119103 -0.001 -0.00609848 0.00747244 -0.001 -0.00886839 -0.0171244 -0.001 0.0211952 
-0.0287001 0.0338023 -0.0449605 -0.0256135 0.0281826 -0.0483621 -0.0213503 0.0339192 -0.0482926 
0.0185774 0.00949347 -0.0603577 0.0132238 0.0119816 -0.0584597 0.00939139 0.00918215 -0.0623826 
0.0124665 0.00976436 -0.0550626 -0.030548 0.0490363 0.0196038 0.016572 0.0140393 -0.0598499 
0.0112184 0.0165274 -0.0579519 -0.0548259 0.00808729 0.0311837 -0.0542835 0.0121461 0.0309011 
-0.0188206 0.0148238 -0.0429928 0.0405492 0.00670279 -0.0298273 0.0456106 0.00315191 -0.0283365 
-0.0535715 0.0163153 -0.0253496 -0.0582126 0.0137625 -0.0220173 -0.0302275 0.0276469 -0.0272983 
-0.0565488 0.012516 -0.0259769 -0.00221947 0.0510008 -0.0358514 0.00370393 0.0432011 -0.035483 
-0.0555064 0.0163725 0.0214322 0.048286 0.00970125 -0.0224401 0.0622185 0.00995775 0.00678558 
0.036789 0.0249774 -0.0185191 0.0172165 0.0111444 -0.0346077 -0.012649 0.0132071 -0.036719 
-0.00307014 0.0127043 -0.0390461 -0.0204718 0.00319013 0.0315672 -0.0218975 0.0116605 0.0347766 
-0.0253414 0.00647038 0.0392386 -0.0186335 0.00418731 0.0390057 -0.0200593 0.0126577 0.0422151 
-0.0151896 0.00937744 0.0345438 0.0251958 0.00639277 -0.0415334 0.0294381 0.00639277 -0.0435447 
0.022368 0.00403784 -0.0467733 0.0203142 0.00589228 -0.0291855 0.0202059 0.00325215 -0.0354878 
0.0236653 0.0116508 -0.0302255 0.023557 0.00901064 -0.0365278 0.0266547 0.00375849 -0.0311056 
-0.03732 0.0198728 -0.0201602 -0.038539 0.0162397 -0.0170828 -0.0376949 0.0260531 -0.0158859 
-0.0389139 0.02242 -0.0128085 0.0248417 0.0494525 -0.0249061 0.0215949 0.0481879 -0.0299928 
0.0451275 0.0334857 0.0279849 0.0433266 0.0394073 0.0265024 -0.0292641 0.00647038 0.0419484 
0.0223059 0.00403784 -0.0517839 0.0353739 0.00375849 -0.0304683 0.0352112 0.00375849 -0.0355792 
0.0351811 0.0124613 -0.0315047 0.0265386 0.0278692 0.0500639 0.0216062 0.0226789 0.0446837 
0.0241883 0.0286959 0.0411329 0.0294796 0.0316048 0.0450805 0.0230966 0.0311013 0.0502505 
-0.0593775 0.0177963 0.0121291 -0.0594133 0.01461 0.0155982 0.0151478 0.00345563 -0.0628438 
0.0182229 0.00403784 -0.0555239 0.00903688 0.00372652 -0.0575488 0.0230587 0.0290158 -0.0330937 
0.0160718 0.0289472 -0.0371415 0.0124935 0.00616051 0.0559558 0.0133036 0.0116865 0.0595049 
0.0146356 0.00352603 0.0641229 0.0196323 0.00363997 0.0566409 0.0204424 0.009166 0.06019 
0.0483431 0.0162171 -0.0343856 0.0534045 0.0126663 -0.0328947 0.00385909 0.0506819 -0.0363854 
0.00560408 0.0458451 -0.0435616 0.0232175 0.0446916 0.0397303 -0.0482431 0.004655 0.0118856 
-0.0491662 0.0109679 0.00610699 -0.00493116 0.00590311 -0.0487845 -0.00951185 0.00590311 -0.0463195 
-0.00945716 0.00590311 -0.0513356 0.0273123 0.0312451 -0.0465272 -0.0471161 0.0213262 0.0339763 
-0.0496392 0.025479 0.028331 -0.0404775 0.0249991 0.0268489 0.0260253 0.014595 -0.028908 
0.0298906 0.019216 -0.0345144 -0.0347095 0.0204806 0.045738 -0.0407231 0.0179487 0.0453518 
-0.0360396 0.0267955 0.0449719 -0.0341107 0.0187237 0.0412958 -0.0280972 0.0212556 0.0416819 
-0.0335724 0.0260611 -0.0229509 0.00766903 0.0385816 -0.0362387 0.0116399 0.0446898 -0.0433401 
-0.00762754 0.00325801 -0.0330458 -0.0143126 0.00893651 -0.0353604 -0.00485124 0.0218285 -0.0571898 
-0.00102952 0.0284274 -0.055661 0.0512816 0.0307784 -0.017483 0.0517345 0.0342799 -0.0112683 
0.0231151 0.0266374 0.0525747 0.0144834 0.0212568 0.0488204 0.027286 0.0132668 0.0378915 
-0.011817 0.0115816 -0.0459892 -0.00223818 0.0110788 -0.0483162 0.011645 0.0531557 -0.0310846 
-0.0626145 0.00363222 0.0197966 -0.060443 0.0102872 0.0152242 0.038456 0.020474 -0.0142843 
0.0341952 0.0120991 -0.0160063 -0.00813856 0.0360457 0.0521014 -0.0593324 0.00217449 0.0285866 
-0.0513505 0.0039128 0.0295237 -0.0416126 0.0468693 0.0104206 -0.0275802 0.00416798 0.033881 
-0.0241363 0.00935811 0.0294191 -0.0290059 0.0126384 0.0370904 -0.0349935 0.0494787 -0.012378 
-0.0334065 0.0418569 -0.0157115 0.039024 0.00986406 -0.00989532 0.0363243 0.00331472 -0.00566102 
0.0376263 0.00965051 -0.000225983 -0.0352777 0.00393845 0.0415623 -0.0606138 0.013826 0.0121403 
0.0486694 0.0168679 0.00391429 -0.0460272 0.0264817 0.0315905 -0.0383744 0.0153616 0.037085 
-0.0403032 0.0234334 0.0407611 -0.0336908 0.0242084 0.0367051 0.0311448 0.0165246 -0.0501871 
0.0283171 0.0141696 -0.055427 0.0315544 0.0177895 0.0495479 -0.0275462 0.0159426 0.0546403 
-0.0233582 0.0139505 0.0575003 0.0534305 0.00391209 -0.00704728 0.0498838 0.0102479 -0.00405683 
0.0360949 0.0476683 0.0234722 -0.0395937 0.0145773 -0.0309119 0.0283499 0.0508267 -0.0202169 
-0.0319651 0.0214612 0.0271531 -0.0286103 0.016206 0.0267724 0.0228082 0.0475932 -0.0365748 
-0.0101195 0.0354226 -0.0512525 -0.00550404 0.0293839 -0.0465456 -0.00355737 0.0330425 -0.0527897 
-0.00130198 0.0385681 -0.0499971 0.00331346 0.0325294 -0.0452901 0.00738599 0.013728 -0.0618748 
0.0481791 0.00454934 -0.0151657 -0.0311017 0.0181846 0.0494423 -0.0394444 0.0174796 0.0161471 
-0.0348799 0.0204853 0.0220554 -0.037403 0.0246381 0.0164101 0.018811 0.0238489 0.0552717 
0.0224467 0.00325801 -0.0268742 0.0257978 0.0090165 -0.0279142 -0.0283399 0.0469576 -0.0259027 
-0.0140915 -0.001 -0.0279603 -0.0187861 -0.001 -0.0255393 -0.0142829 -0.001 -0.0227521 
0.033494 0.024839 -0.0388333 0.0336093 0.01514 -0.0364645 0.0491413 0.0335533 0.0189518 
0.0458364 0.036043 0.0229163 0.0438934 0.0419115 0.0213948 0.0474025 0.0395339 0.0174767 
-0.0281545 0.0271375 0.0498868 -0.0324317 0.0244994 0.0486763 -0.0232754 0.0271666 0.0429715 
0.0357483 0.0247208 -0.0473275 0.0322604 0.0177743 -0.0416707 0.0589592 0.0142215 -0.0191686 
0.0534747 0.009064 -0.019168 -0.0368754 0.00322186 -0.0534458 -0.0288966 0.003658 -0.0500036 
0.042724 0.0277788 -0.038849 -0.0187477 0.00418731 0.0443978 0.033525 0.00891502 -0.0378019 
-0.0609868 0.0147241 0.00873996 0.0337055 0.00459734 0.0446539 0.0278246 0.00758262 0.0451375 
0.0278406 0.00363997 0.0499593 0.031304 0.0102373 0.0474026 0.00209685 0.0248777 0.0573274 
0.00767759 0.0208772 0.0498235 0.00558074 0.0183215 0.0588417 0.0010754 0.0158563 0.0619078 
0.00665614 0.0118558 0.0544039 0.00317225 0.018412 0.0528896 0.0121503 -0.001 -0.000662489 
0.0162677 -0.001 -0.00300778 -0.00769459 0.0173743 -0.0586756 0.0360129 0.0132883 -0.0506372 
0.0321761 0.0115493 -0.0430081 -0.0020238 -0.001 -0.0240229 -0.00220388 -0.001 -0.0187975 
0.00241342 -0.001 -0.021256 -0.0323608 0.0178936 0.0374711 -0.0298191 0.018389 0.0290138 
-0.0242255 0.0154362 0.0339906 -0.0264643 0.0131338 0.0286331 -0.0365072 0.0137269 -0.0119125 
-0.0429255 0.0122377 -0.0188221 -0.0433004 0.018418 -0.0145478 0.0581909 0.0140613 0.021336 
-0.0607454 0.0131549 -0.0136527 -0.0584302 0.0159336 -0.00854598 -0.0629687 0.0125691 -0.00695766 
-0.0564628 0.00905914 -0.0106328 -0.037439 0.00245496 0.0532223 -0.0412127 0.00839341 0.0479883 
-0.0312113 0.0422328 0.0355353 -0.0334073 0.043973 0.0314116 -0.0276419 0.0360368 0.0343983 
0.0420692 0.0383852 -0.0290607 0.0423422 0.0432469 -0.0225752 0.0279454 0.0518433 0.0218295 
0.0240982 0.0519104 0.0251949 0.051581 0.0339799 0.0109291 0.00389524 0.0385708 0.036922 
0.00400018 0.0445552 0.0452357 0.00897973 0.04609 0.0428866 0.0569925 0.0130752 0.025462 
-0.00200011 0.0157068 -0.0423614 0.00182161 0.0223056 -0.0408326 -0.0035956 0.0220305 -0.0403413 
0.0581657 0.0189057 -0.00631673 0.0613901 0.0147571 -0.00199393 -0.0412292 0.00245496 0.0507191 
-0.0388109 0.00393845 0.0444066 0.0425061 0.0349313 0.0138686 -0.00256707 0.0188447 0.0582038 
-0.00149167 0.0123791 0.053766 -0.0146888 0.00367851 -0.0461846 -0.0413489 0.0445392 -0.0205675 
-0.0363971 0.0384378 -0.0231895 -0.00857265 0.0263105 0.0397628 -0.00256707 0.0205837 0.0419502 
-0.00318761 0.0303105 0.0399349 0.0318204 0.0335007 0.0214891 0.0150139 0.0389503 -0.0339466 
0.0158324 0.0432084 -0.0322575 0.0189869 0.0451265 -0.0410183 0.0249987 0.030937 0.0314609 
0.0200988 0.0358131 0.0325503 -0.0144176 0.00418731 0.0418636 -0.0359168 0.0160781 -0.0221307 
-0.0246706 0.0497306 -0.0248425 -0.0274467 0.0520365 -0.019782 0.0310668 0.0336971 -0.0427947 
0.0447098 0.0150093 0.0216676 -0.0077441 0.0157483 0.0586934 -0.0100601 0.0123421 0.0627115 
-0.0466894 0.0358503 -0.0247105 -0.0389021 0.0326764 -0.0239527 -0.0430246 0.0326684 -0.0168877 
-0.0408649 0.0164657 -0.00864377 -0.0371153 0.0156527 0.0490562 0.0343034 0.00368421 0.0277438 
0.0337637 0.00368421 0.0328733 0.0297711 0.00368421 0.0302366 0.0338177 0.0320271 0.0420199 
0.049158 0.0308839 -0.0228659 0.0475597 0.0350169 -0.0191653 0.0461083 0.0346364 -0.02733 
0.0445099 0.0387693 -0.0236295 -0.0304761 -0.001 0.0010487 -0.0306557 -0.001 0.00626188 
-0.0260458 -0.001 0.00381843 0.0480126 0.0385184 -0.0129506 0.00676522 0.0163297 -0.0414121 
0.00928956 0.0232475 -0.0395701 -0.0229296 0.0244555 -0.05191 0.00753262 -0.001 0.00179552 
0.0119705 -0.001 0.00456565 0.0240799 0.0336284 -0.0468425 0.0118492 0.00616051 0.0513612 
0.018988 0.00363997 0.0520463 -0.0174831 0.02282 -0.0379035 -0.0205698 0.0284397 -0.0345019 
0.0481656 0.042573 -0.00141716 0.0450422 0.0456502 0.00263612 0.0466608 0.043286 -0.0116067 
0.0440736 0.0464919 -0.00746464 0.0408769 0.0417614 -0.00491681 -0.0120075 0.00325801 -0.0356907 
-0.0472832 0.0149764 -0.0155534 0.0177487 0.0514065 -0.0306849 -0.0525757 0.004655 0.00934952 
-0.0468448 0.00431288 0.00644705 -0.0354441 0.0396459 0.0346491 0.0195099 0.0470006 0.0387346 
0.0423484 0.0471073 -0.0130438 0.0275096 0.00758262 0.0404369 0.0293884 0.00368421 0.035264 
0.0230917 0.00343219 0.0389854 0.022868 0.0091164 0.03644 0.0209892 0.0130148 0.0416129 
-0.0215619 -0.001 0.0184252 -0.0216817 -0.001 0.0235566 -0.0326234 0.00351036 -0.0563126 
-0.0311482 0.00916836 -0.0537107 -0.0411933 0.0127761 0.0470771 0.0334603 0.0476765 -0.0190262 
0.0402545 0.0470951 -0.0184192 0.0207072 -0.001 -0.000236939 0.0208854 -0.001 -0.0054658 
0.0363279 0.0500018 0.0180089 0.0403625 0.0462191 0.0198921 0.00786634 0.0228436 0.0400068 
0.0113502 0.0162874 0.0415211 0.00716116 0.0116968 0.0477119 0.00734991 0.0136632 0.0378952 
0.00367727 0.018253 0.0461976 -0.0283219 0.00311142 0.0584269 -0.0240391 0.00311142 0.0609667 
-0.0211688 0.00422839 0.0550337 -0.0225265 0.00933981 0.058777 0.0200959 0.00325215 -0.0407094 
0.0193803 0.00928999 -0.0469738 0.044216 0.0441024 0.0160305 0.0616897 0.0145327 -0.00886511 
0.059966 0.0184981 -0.0110211 0.0612927 0.0095572 -0.0157446 0.0582972 0.00879701 -0.0244586 
-0.045066 0.0423261 -0.0173137 -0.0286107 0.047757 0.0249033 -0.0232647 0.0403149 0.0284406 
0.0288367 0.00363997 0.0540076 0.0320407 0.00363997 0.0508184 -0.0344881 0.025614 0.0215078 
0.028829 0.0124497 -0.0254632 -0.0485174 0.0039128 0.0256164 0.0434084 0.00454934 -0.017709 
0.038493 0.00328033 -0.015545 0.0385082 0.00328033 -0.0204901 0.0411926 0.00982967 -0.0197793 
-0.0186664 0.0301922 -0.0518405 0.0356579 0.0167075 0.0229989 0.0357817 0.023526 0.0195803 
0.0458738 0.0442322 0.00812413 0.0400846 0.0407034 0.0127088 0.0492484 0.0398267 0.00975669 
0.0286569 0.0121513 -0.0373518 -0.0225271 -0.001 -0.00377287 -0.0227045 -0.001 0.00145319 
-0.0180911 -0.001 -0.00100094 0.0437778 0.0367331 -0.000864587 0.0497937 0.0381538 -0.00730558 
0.0425097 0.0374536 -0.0107178 -0.054455 0.0285445 0.00807034 -0.0502499 0.0350689 0.0151548 
-0.0516208 0.0350835 0.00962481 -0.0454109 0.029952 0.00843789 0.0442125 0.0351913 0.00618583 
-0.052948 0.0338782 0.00316578 0.00773047 0.0318807 -0.052944 0.0151022 0.0327676 -0.051392 
-0.0308634 0.0512608 -0.0157963 0.0533678 0.00391209 -0.0118937 0.00226969 0.0326619 -0.0532794 
0.00452508 0.0381875 -0.0504868 0.0396441 0.0224444 0.0128731 0.039031 0.029613 0.00978601 
0.0365344 0.0289656 0.0177476 0.0265447 0.00375849 -0.0363273 0.0307871 0.00375849 -0.0383385 
-0.026424 0.0133352 -0.0275342 0.0373236 0.00943276 -0.0155424 0.0346239 0.00288342 -0.0113081 
0.0324235 0.00816375 -0.0183234 0.0390954 0.0133681 -0.0132252 -0.0507291 0.0378555 -0.000299823 
-0.0494018 0.0390608 0.00615921 0.0620956 0.0127453 0.00208915 0.0199383 0.0490838 0.0305828 
0.0172114 0.0405773 0.0326377 0.010641 0.0284465 -0.0390951 -0.0359736 0.017987 -0.0281911 
-0.0306808 0.0131263 -0.0235388 0.0388131 0.00394968 0.0209684 0.0382734 0.00394968 0.0260979 
0.0336745 0.00963389 0.0259432 0.0445754 0.0434016 -0.0170675 0.0418891 0.0339095 -0.0169602 
0.00822523 0.00652598 -0.0505686 0.0128693 0.00652598 -0.0536258 0.0127707 0.00652598 -0.047794 
0.0181243 0.00403784 -0.0496921 0.0374353 0.0148042 0.0490643 -0.0459232 0.0293951 0.0308234 
-0.0446054 0.0341048 0.0282022 -0.0515609 0.0158158 0.0337896 -0.0423992 0.015336 0.0323075 
0.00439281 0.00372652 -0.0544916 -0.0196709 0.0124588 0.059222 -0.0147259 0.0115078 0.061849 
0.0104887 0.0208369 0.0575102 0.00700479 0.0273931 0.0559959 0.0432246 0.0132521 -0.023931 
-0.0538253 0.00326727 -0.0367321 -0.0514032 0.00901255 -0.0372938 0.0238268 0.0547058 -0.0222288 
0.0209106 0.0536018 -0.0273476 0.0463598 0.0146209 -0.00150844 0.0129158 0.0384917 -0.0401757 
0.0401482 0.00987344 0.0482831 0.0379056 0.00459734 0.045513 0.040885 0.0032761 0.0516989 
0.0342833 0.00891607 0.0535885 -0.0475105 0.0402534 -0.0096108 0.0195913 0.0034992 0.0625981 
0.025398 0.00913917 0.0586652 -0.0452514 0.0124636 -0.0103831 -0.0213262 -0.001 0.00497929 
-0.0167128 -0.001 0.00252517 -0.0168926 -0.001 0.00775352 0.0322076 0.0503397 0.0122194 
0.0363425 0.0468481 0.0140592 0.0339443 0.0411895 0.0146225 0.0376348 0.047982 -0.00744098 
0.0391961 0.0472783 -0.0017845 0.034799 0.0507311 -0.00346473 -0.0397213 0.0117988 -0.0254005 
0.0239052 -0.001 0.0123485 0.0283409 -0.001 0.0151164 0.028536 -0.001 0.00988733 
-0.033885 0.0135653 -0.0169604 0.0359359 0.0486015 0.00852688 -0.00492427 0.0466109 0.0378092 
-0.00342164 0.0431476 0.0472548 -0.00340908 0.0369225 0.0388168 -0.00823765 0.044608 0.0447234 
-0.0221184 0.0488908 0.0302772 -0.0164365 0.0504045 0.0314435 -0.016367 0.0410799 0.0329081 
-0.0279019 0.00377392 -0.0585598 -0.0264266 0.00943192 -0.0559579 -0.0392825 -0.001 -0.0527271 
-0.0349021 -0.001 -0.0552212 -0.0400253 0.0217686 0.00925001 -0.0376203 0.015375 0.00741056 
-0.0458402 0.0170194 0.00504397 -0.0232439 0.00377392 -0.0607116 -0.0242387 0.003658 -0.0521554 
0.00234707 0.0129793 -0.0395374 0.00157995 0.0176767 -0.0467919 -0.00759163 0.0308074 -0.0541239 
0.00798819 0.00369531 0.059022 0.00879824 0.00922134 0.062571 -0.00999614 0.00418731 0.0436803 
-0.0142546 0.00418731 0.0464989 -0.012462 0.00327747 0.0545569 -0.0115588 0.00946478 0.0500401 
-0.00820352 0.00327747 0.0517382 0.0241436 0.00363997 0.0541301 -0.0184052 -0.001 -0.0153883 
-0.0139704 -0.001 -0.012618 -0.0138011 -0.001 -0.0178456 0.0146721 0.0232232 0.0390036 
0.0109995 0.0278129 0.0473061 -0.00990908 0.00418731 0.039218 -0.00174003 0.0035363 0.0447322 
-0.00509527 0.00972361 0.0430341 -0.00165296 0.0035363 0.0402699 0.00209685 0.0266167 0.0410738 
-0.0083291 0.0166737 0.0408735 -0.0143238 0.0223714 0.0383561 0.0412542 0.0217024 -0.00633293 
0.0407601 0.0171039 -0.00740476 0.03895 0.0250725 -0.0132124 -0.0024946 0.0266349 -0.040674 
-0.0192209 0.00300213 0.0624774 -0.0144845 0.00300213 0.0641166 -0.0164324 0.00422839 0.0566729 
-0.0177083 0.00923053 0.0602877 -0.0343009 0.0525961 0.00424686 -0.0431087 0.00637526 -0.0259234 
-0.0430158 0.00637526 -0.0204948 -0.0499899 0.00660116 -0.0096185 -0.0452851 0.00660116 -0.00661343 
-0.0409274 0.00386245 -0.00988215 -0.0456322 0.00386245 -0.0128872 0.022034 0.0209398 0.0356759 
0.0240069 0.0167888 0.0339314 0.0246161 0.0269568 0.0321252 -0.0434001 0.0252423 0.0364687 
0.0309722 0.00375849 -0.0334757 0.0100601 0.0154769 0.0593701 0.00555479 0.0130117 0.0624363 
-0.0165038 0.0104157 0.0474131 -0.0423278 0.0377427 0.0277422 -0.0426795 0.0351566 -0.0283961 
-0.0441195 0.0407059 -0.022775 -0.0175176 0.0131531 0.0337578 0.0394826 -0.001 -0.0531446 
0.0354557 -0.001 -0.0558576 0.0382884 0.00315653 -0.0459553 0.0382383 0.00415653 -0.0506474 
-0.050831 0.00660116 -0.00385324 0.0274686 0.0128707 0.0570088 -0.00819282 0.0405029 0.0487081 
-0.0130607 0.0417679 0.0460202 -0.0229393 0.0195393 0.0352271 -0.0181175 0.0254504 0.0365167 
-0.0242693 0.0258542 0.0344611 -0.0378726 0.00342349 -0.0273315 -0.0377797 0.00342349 -0.0219028 
0.0361398 0.0499051 0.00210339 0.0419834 0.0482295 0.00664374 0.04105 0.0494043 0.00105756 
0.0356842 0.0425621 0.000534685 -0.0206248 -0.001 -0.00698346 -0.0204459 -0.001 -0.0122093 
-0.0160111 -0.001 -0.00943899 0.00301368 0.0148443 0.0506999 0.00217997 0.0144291 -0.0501909 
0.0388645 0.0168639 0.0145172 -0.040984 0.00386245 -0.0153245 -0.0454113 0.00386245 -0.0182273 
0.0561707 0.0100485 -0.00358291 -0.0376895 0.00928595 -0.0202302 -0.0237788 0.0141509 -0.0577066 
-0.0225208 0.0095141 -0.051166 0.02498 0.0125939 -0.0576248 0.0376976 0.0131546 -0.00355588 
0.00720124 0.0532986 -0.0320919 0.00158042 0.0174363 0.0389623 0.062124 0.00364511 -0.0198523 
0.0573016 0.00391209 -0.0145618 0.0543061 0.00315191 -0.0232757 -0.0298167 -0.001 -0.00948935 
-0.0299846 -0.001 -0.00425548 -0.0253769 -0.001 -0.0067118 0.0182331 0.0264534 0.0372952 
-0.0553695 0.00323666 -0.00226492 -0.0545284 0.00323666 -0.00803018 0.0354384 0.0414887 0.00674668 
0.0424098 0.0464435 0.0120396 0.0200337 0.00325215 -0.0457199 0.0241026 0.0034992 0.0600874 
0.0153583 0.0465335 0.0411003 0.0198937 0.0437539 0.0425744 -0.0508447 0.0372037 -0.00610486 
-0.0510827 0.0337191 -0.0123639 -0.0484002 0.0392763 -0.0138078 -0.0142049 0.00418731 0.0366862 
-0.0655455 0.00369286 0.00462406 -0.0660153 0.00238204 -0.000147436 -0.0641792 0.0076187 -0.00205706 
-0.0605223 0.00323666 -0.00202806 -0.0637094 0.00892952 0.00271443 -0.0228868 0.0551638 -0.0224865 
-0.0196065 0.0546339 -0.0262568 0.0399329 0.00642643 0.0315886 0.0398437 0.0123761 0.0246585 
-0.0411494 0.0328014 -0.033557 -0.0358013 0.0350029 -0.0379423 -0.00924276 0.0128711 0.0460221 
-0.0152375 0.0185687 0.0435047 0.0342808 0.00394968 0.0234611 0.00202147 0.0035363 0.0420643 
0.0535849 0.00413644 0.00562499 0.0587492 0.00413644 0.00631152 0.041571 0.0191735 -0.00123775 
0.0397198 0.0260452 -0.0019025 0.0394029 0.0285741 -0.00699768 0.0263106 0.0387038 -0.0432801 
0.0180322 0.033853 -0.0414164 -0.00736459 0.00293225 0.0336159 -0.0108069 0.00911956 0.03638 
-0.00255079 0.00846855 0.0374319 0.0410019 0.0175425 0.00811047 0.040175 0.02456 0.00507432 
0.0174183 0.00303671 -0.0299179 0.0143206 0.00828887 -0.03534 -0.0506546 0.0321815 -0.0179774 
-0.0479721 0.0377388 -0.0194213 -0.0066176 -0.001 0.00567551 -0.000620625 -0.001 0.00765916 
-0.00185172 -0.001 0.00207415 0.0304524 0.0404201 0.0390223 -0.0477441 0.00431288 0.00130618 
-0.0465222 0.012914 -0.00195491 -0.0421982 0.00431288 -0.001454 -0.00588751 0.00668375 0.0477202 
-0.00520354 0.00668375 0.052521 -0.00105606 0.0035363 0.049533 -0.000986646 0.01222 0.047074 
-0.0216571 -0.001 0.0620567 -0.0169207 -0.001 0.0636959 -0.0124377 0.0141773 0.0368336 
0.00294561 -0.001 -0.00561176 0.00248924 -0.001 -0.010865 0.0197095 0.0318702 0.0333659 
0.0192463 0.0335718 0.042405 0.00998586 0.0374062 -0.0501514 0.0106852 0.0334163 -0.0437382 
-0.0303719 -0.001 -0.0578367 -0.0483192 0.039385 0.0118846 -0.031609 0.0296983 0.0466557 
-0.043367 0.00374528 -0.0315986 -0.0214874 0.030777 0.0499967 -0.0276392 0.0311808 0.0479411 
0.0140551 0.0135591 0.0359329 0.0138664 0.0115927 0.0457496 0.0171883 0.0185284 0.0432322 
-0.0160432 0.00319013 0.0292478 0.00652715 0.0117017 -0.047367 -0.0258873 0.0512728 0.0214204 
-0.0235766 0.049719 0.0268528 -0.0408458 0.0263984 0.00516897 -0.0394108 0.0318207 0.000310375 
-0.00751956 0.00327747 0.056539 0.0283031 0.053646 0.0165153 0.0301958 0.0444798 0.0188844 
-0.0155292 0.0460515 0.0410394 -0.0204216 0.043282 0.0423223 -0.0138537 0.0363843 0.0421118 
-0.0475666 0.00968493 -0.0154898 0.0336937 0.0538792 0.00627717 0.0336569 0.046897 0.00466643 
-0.0421645 0.0101753 -0.00522363 -0.0191456 0.0164604 0.0370665 -3.49755e-05 0.0543048 0.032846 
0.00498383 0.0525665 0.035325 -0.01322 0.0285566 -0.037834 0.0360972 0.0195133 -0.0492998 
-0.0193382 0.0038561 -0.0559197 -0.0215261 0.00963002 -0.0597221 0.0521128 0.00454934 -0.0178339 
-0.0149746 0.0038561 -0.0532306 -0.0173345 0.00953461 -0.0478842 -0.0385419 0.0384724 -0.0327534 
-0.0348546 0.0327981 -0.0287701 0.000538503 0.0367938 0.0440612 -0.0265266 -0.001 0.0601456 
-0.0308094 -0.001 0.0576058 -0.0257139 -0.001 -0.0599885 0.0327768 0.0548641 0.000771997 
0.04909 0.00384715 0.0267211 0.045446 0.00384715 0.0234434 0.0448171 0.00979683 0.0216428 
0.0424571 0.00394968 0.0242461 0.00685672 0.00472652 -0.0631529 0.00456197 0.00938046 -0.0631097 
-0.0310512 0.0369999 -0.0406642 -0.0337918 0.0404694 -0.0354753 -0.0386019 0.0146559 0.00187004 
-0.0127633 0.0082796 0.0629147 -0.0114874 0.00327747 0.0592999 -0.0315029 0.00416798 0.0365908 
-0.0350124 0.0316104 -0.0173299 0.0188963 0.0356936 -0.0479885 -0.0265297 0.0291274 0.029322 
-0.0299618 0.0280964 0.0262249 -0.0277015 0.0248232 0.031364 -0.0316875 0.0308436 0.0357768 
-0.00934431 0.00264913 -0.0554708 -0.00496609 0.00264913 -0.0577282 -0.00481832 0.00264913 -0.0529198 
0.0126131 -0.001 -0.0636141 0.0487807 0.015489 0.0399435 0.0442244 0.011527 0.0336917 
0.0420573 0.00969788 0.0396657 0.0574357 0.00330837 0.0329604 0.054982 0.00322297 0.0372272 
0.0544999 0.00907012 0.0315312 0.0519321 0.00384715 0.0298138 0.0569537 0.00915552 0.0272644 
0.0496799 0.00310054 0.036372 0.0491978 0.00894769 0.030676 0.0522478 0.00832351 0.0380894 
-0.0106571 0.0529122 -0.0309782 -0.00465214 0.0541183 -0.0314257 0.0151629 0.0227245 0.0555176 
0.0138106 0.0277727 0.0549928 0.0184848 0.0296602 0.0530002 -0.0442087 0.0200245 0.0385223 
-0.0446287 0.0145398 0.043113 -0.040072 0.0408276 -0.0275924 0.0118409 0.0479674 0.0356319 
0.0110651 0.0402648 0.0349832 0.0440066 0.0176547 -0.0433467 0.0371285 0.014538 -0.0421208 
-0.037191 0.0283075 0.0108045 -0.0380612 0.0329666 0.00672853 -0.0318918 0.00416798 0.0309883 
0.0441166 0.00642643 0.0297369 0.0426542 0.00310054 0.0351311 0.0468379 0.00310054 0.0332793 
0.000916433 0.0538742 -0.0323397 -0.0182189 0.033685 0.0493372 -0.0373311 0.0142055 -0.0065581 
-0.00915333 0.0397739 0.036759 -0.010751 0.0490428 0.0353636 0.056518 -0.001 0.0352549 
-0.0391631 0.0284091 0.038474 0.0401982 0.0324836 -0.0370921 0.0394474 0.0264574 -0.0434615 
0.059052 0.00330837 0.0286392 0.0535483 0.00384715 0.0254926 0.0303955 0.0131559 0.0219831 
0.0211269 0.040769 -0.0444261 -0.0372405 0.00342349 -0.0323598 0.0106168 0.00285714 0.064876 
0.00477941 0.00855245 0.0633241 0.0377657 0.00459734 0.0375626 0.00380707 0.00317567 -0.0486939 
0.00835257 0.00317567 -0.0459194 0.0241404 0.0031496 -0.0619724 0.0267874 -0.001 -0.061094 
0.0233652 0.00918744 -0.0589311 0.0260122 0.00503784 -0.0580528 0.0224278 0.00403784 -0.056079 
0.0160311 0.0484987 0.0332706 0.00734389 0.00369531 0.0544273 0.0245635 0.0365449 0.0464182 
0.0136223 0.0433491 0.0445044 0.0144479 0.0384985 0.0402376 0.0385172 0.00328033 -0.0256757 
0.0331492 0.00903882 -0.027353 -0.0167566 0.00325801 -0.0333803 -0.0523051 0.00382248 -0.0147253 
0.0581342 -0.001 0.0309337 0.0430504 0.0125325 0.0161769 0.0399675 0.0191947 0.02124 
0.00302154 0.0035363 0.0464025 0.00984665 0.0130558 -0.0372462 0.00960858 0.00842783 -0.0432011 
-0.00410164 0.0127599 0.0623975 -0.00380768 0.00897278 0.0577841 0.0329316 0.0512956 -0.00913426 
0.0339984 0.0142307 0.0175081 0.018473 0.0177095 0.0373844 -0.0132121 0.0153273 -0.0605707 
-0.0522608 -0.001 0.0392566 -0.0504496 -0.001 0.0431511 -0.0465074 0.0039128 0.0373894 
-0.0507861 0.0049128 0.0378825 -0.0483187 0.0039128 0.0334948 -0.0289807 0.0414291 0.0384756 
-0.015867 0.0349817 -0.0501356 0.0421749 0.0137417 0.0455875 -0.00212795 -0.001 -0.00840714 
-0.00195055 -0.001 -0.0136345 -0.01757 0.00422839 0.0472945 -0.017407 0.00422839 0.0519298 
-0.024848 0.029843 -0.031578 -0.00294192 -0.001 0.0277032 0.00151587 -0.001 0.0305182 
0.00169599 -0.001 0.0252902 -0.0348995 0.0317711 0.0426849 0.0456069 0.0129186 0.00776317 
0.044969 0.0200088 0.00479126 0.0440181 0.00658284 0.0128088 0.0496076 0.00658284 0.0105738 
0.0482376 0.00658284 0.0160976 0.0379997 0.0385656 -0.00527755 0.0344127 0.0432204 -0.0092892 
-0.0510607 0.00954954 -0.000366584 -0.0359511 0.0274816 0.031566 -0.00256707 0.0139868 0.0415202 
0.00158042 0.0108393 0.0385322 -0.0273784 0.0337598 0.0282233 -0.020959 0.0355183 0.0321264 
0.0448771 0.00305184 0.0480329 0.0431272 -0.001 0.0501212 0.0465127 -0.001 0.0457759 
0.0482626 0.00305184 0.0436876 -0.064399 0.00369286 0.00920997 -0.0593757 0.00323666 0.00255785 
-0.0400791 0.0365873 0.0329193 -0.036653 0.0323285 -0.0129011 0.041291 0.00459734 0.0411676 
0.0441404 0.00964919 0.0446171 -0.0641551 -0.001 -0.0123149 -0.063411 -0.001 -0.0171975 
-0.0612422 0.00482248 -0.0164522 -0.0564082 0.00382248 -0.0180732 -0.0571524 0.00382248 -0.0131906 
0.0470633 0.0122449 0.043156 0.0501233 0.0114711 0.0400747 0.0357287 0.0305334 -0.0415114 
-0.00227651 0.0132409 -0.0633533 -0.00647251 0.0105522 -0.0552754 -0.00153959 0.00837565 -0.0582491 
0.0199356 0.0031496 -0.0614173 0.0119773 0.0510887 0.0313854 -0.0399796 0.00916878 -0.0310756 
0.0344913 0.00315653 -0.039132 -0.00568443 -0.001 -0.0166425 -0.0101328 -0.001 -0.0194125 
-0.00550435 -0.001 -0.0218678 0.0649361 -0.001 0.0124556 0.063145 -0.001 0.0167405 
0.0639208 0.00335992 0.015151 -0.0481505 0.00334508 0.0453678 -0.048487 0.00925789 0.0400992 
0.0513668 0.0355319 0.00535015 0.0509116 0.0370171 -0.00162667 0.0377468 0.0504639 -0.0145714 
0.0613958 0.00364511 -0.0239749 0.0535778 0.00315191 -0.0273983 0.0385085 0.0152242 0.00261113 
0.0137799 0.0403323 -0.0467479 0.0301242 0.0363613 0.0410304 0.0250762 0.0411576 0.0420999 
0.0132096 0.0371232 -0.0485655 0.00809323 0.0417619 -0.0473249 0.00337789 0.0275984 -0.040799 
0.00561779 0.033147 -0.037951 -0.000239219 0.0321604 -0.0378815 0.0623951 0.012521 -0.00478203 
-0.0624683 0.00349958 -0.0196001 -0.0602996 0.00932206 -0.0188547 -0.0433724 -0.001 -0.0494656 
-0.0471072 -0.001 -0.0472771 0.0358334 -0.001 0.0565719 0.0390374 -0.001 0.0533827 
0.037681 0.0032761 0.0548881 0.00851849 0.00303671 -0.0354888 0.0113061 0.00325215 -0.0410587 
0.00380649 0.00317567 -0.0433499 0.006821 0.00821238 -0.0376312 0.0391519 0.00394968 0.0157998 
0.0433714 0.00394968 0.0190885 0.0334695 0.00331488 0.0577415 0.0396137 0.0324963 -0.00318071 
0.0374547 0.0364463 0.00263351 0.0320647 0.0370834 -0.0189172 -0.0108589 -0.001 -0.00826951 
-0.00156108 0.00369531 0.056225 0.00265582 0.0092316 0.0507781 0.0158522 0.00325215 -0.0436282 
0.00986605 0.00896849 0.0421237 -0.012942 0.0376903 0.049714 0.0650966 0.0038213 0.00980883 
-0.0355691 0.00416798 0.0340292 0.0217405 -0.001 0.0612212 0.0172292 -0.001 0.063732 
-0.0376726 0.00957089 0.000123808 -0.0364019 0.00912046 -0.00830434 -0.0614382 0.00934851 -0.0138366 
-0.0636615 0.00876269 -0.00714152 -0.00328488 0.0385433 0.0507722 0.00400707 0.0401509 0.0487491 
0.00269474 0.00890219 -0.0512899 0.00707766 -0.001 -0.065405 0.00350142 0.00372652 -0.0593397 
0.0309755 0.050878 -0.0151496 0.053131 0.00413644 -0.000176098 0.0495842 0.0104722 0.00281435 
-0.0433687 0.0039128 0.0342232 0.036559 0.0374994 -0.00725989 0.0370655 0.00459734 0.0416559 
0.0330635 0.00368421 0.0369666 0.0300321 0.0555936 0.010004 0.0417085 0.00433579 0.00738611 
0.047298 0.00433579 0.00515107 -0.00912428 -0.001 -0.0298846 -0.00468725 -0.001 -0.0271317 
-0.00450268 -0.001 -0.0323527 0.0145541 0.00343219 0.045773 0.0210052 0.00907216 0.0464347 
0.00488851 0.055349 0.0309182 -0.0444622 0.00928353 0.0448767 -0.0424826 0.00393845 0.0421668 
-0.0428191 0.00985125 0.0368982 0.0232146 0.00363997 0.0485467 0.0187807 0.00343219 0.0422734 
0.000441051 0.00530301 0.0365105 -0.00323338 0.00530301 0.0347161 0.0379259 0.0293673 -0.0155296 
0.0350517 0.0332187 -0.0200868 0.0348165 0.0376467 -0.0132674 0.0333904 0.00459734 0.0399533 
0.0128199 0.033869 -0.03751 0.0154402 0.0421986 -0.0450031 -0.0220545 0.00347962 -0.0250407 
-0.0169438 0.00325801 -0.0281568 -0.0413968 0.0318775 0.0355405 -0.0371598 0.0350443 0.0375458 
-0.0643511 0.00352603 -0.00969937 -0.00667569 0.0114903 0.0374803 0.0315704 0.0138468 0.0543697 
-0.00758174 0.0141203 -0.0628109 -0.0486535 0.0145141 0.0383356 0.0414881 0.00383895 -0.0512401 
0.0402438 0.00899548 -0.048743 0.0313433 0.0531561 -0.0051855 0.0490288 0.00815239 0.0421857 
0.0461795 0.00310054 0.0387361 0.00251652 0.00369531 0.0530945 -0.0331705 0.0306277 -0.022665 
-0.0345867 0.036205 -0.017078 0.00589398 -0.001 -0.0191009 0.00571646 -0.001 -0.013873 
0.0103345 -0.001 -0.0163311 -0.01199 0.00850523 -0.0571705 -0.0660813 -0.001 0.00255634 
0.0400038 0.0148501 -0.0472081 0.0400882 0.0210751 -0.0458707 0.00478291 0.00365394 -0.0653618 
-0.0064187 -0.001 -0.00549971 -0.0110366 -0.001 -0.00304205 0.0433859 0.00843224 -0.0252212 
0.0219179 -0.001 -0.0630052 0.0177131 -0.001 -0.0624501 0.0394908 0.0122689 0.010959 
0.0346247 0.00963572 0.0139499 0.0419539 0.00310054 0.0392244 0.0474615 0.00454934 -0.0194144 
0.0496547 0.00315191 -0.0248562 0.0400409 0.0309449 0.00385755 0.00776794 0.0286959 0.0398878 
0.0145737 0.0290755 0.0388847 -0.0291979 -0.001 0.0113854 -0.0247721 -0.001 0.0141742 
-0.024588 -0.001 0.00894198 -0.0156593 -0.001 0.0115648 -0.0202769 -0.001 0.0140228 
-0.0158394 -0.001 0.0167928 -0.0122491 0.00325801 -0.0305778 -0.0618149 0.0103479 0.009188 
-0.0574812 0.004655 0.00903142 0.00275199 0.00325801 -0.0366271 0.0185183 0.0341087 -0.0335954 
0.0153532 0.0546949 -0.0262474 -0.0192444 0.00367851 -0.0440653 -0.0195302 0.0038561 -0.0511113 
-0.0350195 0.0101064 0.0367043 -0.0139415 0.0288505 0.0383502 -0.00880957 0.0329173 0.03883 
-0.0597003 0.00482248 -0.0214509 -0.0485311 0.0357155 0.0174902 -0.00509768 0.0526192 0.0353555 
0.0407408 0.0102855 0.0107541 -0.000731764 0.00317567 -0.050769 -0.000146024 0.00372652 -0.0565667 
-0.00212533 0.0078248 -0.0524515 0.0347129 0.0348809 0.0162944 -0.0223317 0.0564282 0.0209077 
-0.0199872 0.0549085 0.026492 -0.0618691 -0.001 -0.0221962 0.00594907 0.00285714 0.0647284 
0.00332046 0.00369531 0.0588744 0.065206 0.00240344 -1.18231e-16 0.0583074 0.00413644 0.00164414 
0.0627697 0.00853988 0.00164414 0.0630692 0.00831553 -0.00522704 0.058607 0.00391209 -0.00522704 
0.0488856 0.0413205 0.0042154 -0.0204305 0.00319013 0.0263973 -0.0275389 0.00416798 0.028711 
0.0366233 0.0355154 0.00883437 0.0159561 0.0344226 0.0349101 0.0489466 0.00211945 -0.0454776 
0.050756 -0.001 -0.0435884 0.0517888 0.0029019 -0.0418509 0.0385703 0.0329131 -0.00934705 
-0.0200662 0.0309106 0.0331485 -0.0190723 0.0322231 0.0416589 -0.0252241 0.0326269 0.0396033 
0.019589 0.0126384 0.0324799 -0.0288784 0.0566319 -0.0133497 -0.0268292 0.054786 -0.0189875 
0.00694508 0.0323285 0.0533966 0.00209685 0.0348733 0.0520364 0.00885529 0.0376061 0.0501092 
0.00610392 0.032711 0.0450218 0.0182119 0.0569873 -0.0226015 0.0212631 -0.001 -0.00954206 
0.0166454 -0.001 -0.00708404 0.0168255 -0.001 -0.012312 -0.053475 0.004655 0.00420865 
0.0524263 0.0130842 0.0361098 -0.0364356 0.00325801 -0.00453471 -0.0291612 0.0563995 0.00605225 
-0.0302992 0.0553585 0.000603763 -0.0234361 0.0362372 0.0466285 -0.0593757 0.00323666 -0.00649553 
-0.0116605 0.00293225 0.0310841 -0.0118732 0.00293225 0.0362614 -0.0279652 0.0561364 0.011327 
0.0604039 -0.001 0.0262206 0.0583056 0.00484715 0.0248458 -0.0637425 -0.001 0.0168653 
-0.0639864 0.00369286 0.0137604 0.0500043 0.00384715 0.0215635 -0.0293883 0.0345835 0.0444806 
-0.0331837 0.0363727 0.0397882 -0.0201676 0.0391452 0.045969 -0.0317445 0.00351249 0.00916319 
0.0355924 0.00368604 0.0105819 0.0371812 0.0100218 0.00553622 0.061647 -0.001 -0.0221217 
0.0609188 -0.001 -0.0262442 0.0593898 0.00343992 -0.0289842 0.0562912 0.00859182 -0.0294679 
-0.0353397 -0.001 0.0549902 -0.0330505 0.00342349 -0.0242319 -0.0362547 0.00386245 -0.0176535 
0.0269278 0.0561716 -0.0166047 0.0293078 0.0561041 -0.0113814 -0.0361386 0.00351249 0.00640695 
-0.0423343 0.00431288 0.00377047 -0.0641551 -0.001 0.0123149 -0.0312898 0.0546237 -0.00503652 
-0.0304035 0.0529477 -0.0104675 -0.0393438 0.00393845 0.0390007 -0.0158773 0.0343426 0.0350908 
-0.0468915 -0.001 0.0469858 -0.0432198 -0.001 0.0492255 -0.0444787 0.00334508 0.0476075 
0.0274555 0.00903435 0.0259417 0.0280617 0.00335014 0.0234595 0.0319651 0.00929982 0.0191662 
0.0137509 0.0327081 0.0523935 0.0129097 0.0330905 0.0440187 0.00266675 -0.001 -0.0160929 
0.00784892 0.0035363 0.0477353 0.0344576 0.00394968 0.0182394 0.0129324 0.00303671 -0.0326868 
0.01572 0.00325215 -0.0382567 0.0656478 0.00240344 0.00466738 0.0657158 -0.001 0.00728293 
0.0277389 0.0579318 -0.00745865 0.00891501 0.0421104 0.046685 0.0010754 0.0103501 0.0632752 
0.0647332 0.00388883 -0.00451661 0.0625964 0.00980092 -0.00974365 0.0236045 0.00335014 0.0207271 
0.0253139 0.00368421 0.0275041 -0.0391299 -0.001 0.0524871 -0.0244307 0.003658 -0.047347 
-0.0182595 0.0573602 0.0228424 -0.0110554 -0.001 0.00290516 -0.0112352 -0.001 0.00813351 
-0.0582394 -0.001 0.0309633 -0.0537329 0.0049128 0.0335604 -0.0082845 0.0580823 -0.0280368 
0.065274 -0.001 -0.00261555 0.0294729 0.0566565 0.00395851 -0.031634 0.00859473 -0.0203962 
-0.0348382 0.00903369 -0.0138178 0.00276587 -0.001 -0.000383848 -0.00167158 -0.001 -0.00315386 
-0.0275639 0.0333401 -0.0265211 -0.0301992 0.00317124 -0.0178195 -0.0306311 0.0363634 -0.0218856 
0.0152706 0.0534384 0.0312125 0.0191818 0.0538563 0.0284068 0.0148806 0.0561348 0.0261773 
-0.0164065 0.00985315 -0.0612634 -0.0107762 0.00864618 -0.0635036 0.0230176 0.00894222 0.0299827 
0.0167209 0.0086902 0.033704 0.00399696 -0.001 0.00520116 0.065274 -0.001 0.00261555 
-0.0251852 0.0396399 0.043168 0.064263 0.00388883 -0.00919118 0.0581368 0.00391209 -0.00990162 
0.0648038 -0.001 -0.00729013 0.0318868 0.00331472 -0.00843101 0.0301864 0.00288342 -0.0140781 
0.0282386 0.00335014 0.0182378 -0.0649348 -0.001 0.00714224 0.0310922 0.00375849 -0.0283356 
0.0184963 0.0342792 0.0500886 0.0136007 0.0391772 0.0478044 -0.0552076 -0.001 0.0349344 
-0.00296057 0.0582129 -0.0294104 -0.0521441 0.00991395 0.0354261 -0.00484601 0.0556847 0.0307802 
-0.00488308 0.00993226 0.0635892 0.0291227 0.0571622 -0.000847266 0.0521549 -0.001 -0.0390301 
-0.031998 0.00325801 -0.00176718 -0.0350498 -0.001 0.00350564 -0.0365717 0.00325801 0.000689763 
-0.0506653 -0.001 -0.0434425 -0.0501011 0.00474528 -0.0394935 -0.0349285 0.00317124 -0.0154905 
-0.0144465 0.0560584 -0.0271286 -0.00725309 0.00327747 0.0606746 -0.00858709 0.00813461 0.0636381 
-0.00607402 0.00285714 0.0662146 -0.00129461 0.00369531 0.0603606 -0.00262862 0.00855245 0.0633241 
0.0342356 0.00328033 -0.023543 -0.0161888 -0.001 -0.00421153 -0.00237001 0.00465479 0.0661658 
-0.0356016 0.0430894 -0.030613 -0.02507 0.0304498 0.0333068 0.0236703 0.0546043 0.0198035 
-0.0149852 0.00367851 -0.0360555 0.00458263 0.00310612 0.0354575 0.00565744 0.00310612 0.0314594 
0.00151587 0.00530301 0.0325124 0.0425614 0.00328033 -0.0221954 0.00681463 0.0035363 0.0419477 
0.0135198 0.00343219 0.0399854 -0.0536188 0.00400115 0.0368001 -0.00403012 -0.001 0.0100757 
-0.00421023 -0.001 0.0153037 0.000407402 -0.001 0.0128457 0.0250122 0.00368421 0.0329639 
0.0187154 0.00343219 0.0366853 -0.024966 0.00418174 0.0225353 0.0631889 -0.001 -0.017123 
0.0640242 -0.001 -0.0124628 0.0623576 0.00491209 -0.0130153 0.0418152 0.00433579 0.0021334 
-0.0622006 -0.001 0.021864 -0.061024 0.00217449 0.0242004 -0.00237001 -0.001 0.0666256 
0.0010754 0.00469531 0.063735 -0.0275876 0.0543004 0.0194834 0.024177 0.0588524 -0.0117087 
0.0200545 0.0396985 0.0462583 -0.0122315 0.059185 -0.0243764 -0.0181108 0.0570415 -0.022604 
-0.0525233 -0.001 -0.0389318 0.00937578 0.00310612 0.0353409 0.00572199 0.00864242 0.0374792 
0.00186118 -0.001 -0.0657959 0.00164024 0.00472652 -0.0635438 0.0268842 0.00325801 -0.0241042 
0.0289411 0.00853834 -0.0231216 -0.0605091 -0.001 0.0262502 -0.0208444 -0.001 -0.0618996 
-0.0164114 -0.001 -0.0639505 -0.0191266 0.0048561 -0.0609102 -0.0149051 0.0038561 -0.0579706 
0.0130165 0.0589723 -0.024163 0.00944461 0.0575029 -0.0289052 -0.0283981 0.00342349 -0.0266197 
0.0213857 0.0577557 -0.017496 0.0276566 -0.001 -0.020998 0.0303665 0.00288342 -0.0193061 
-0.0062413 -0.001 -0.0107271 0.00981414 0.0339975 0.036774 -0.0302664 0.00317124 -0.0125145 
-0.0363219 0.00386245 -0.0123485 -0.025198 -0.001 -0.0119376 -0.0106598 0.0523367 0.0308563 
-0.0148353 0.0531251 0.0280664 -0.00871427 0.0579008 0.0280759 -0.0131503 0.0586357 0.0251265 
-0.000641943 0.00949389 -0.0631424 -0.00546201 0.0084165 -0.0643039 -0.03183 0.00325801 -0.00700105 
0.0361442 0.00331472 -0.000433015 0.0038768 0.0321363 0.0382807 0.0356992 0.00368604 0.00532919 
0.0121293 -0.001 0.064896 0.00746154 -0.001 0.0647484 0.00258425 -0.001 -0.0264869 
-0.00905672 0.0290149 -0.0391369 -0.0267069 0.00347962 -0.0226529 0.0124272 0.00853831 0.0355169 
-0.0136913 0.00399705 -0.0643038 0.0109532 0.0556792 0.0291806 -0.00542713 0.00264913 -0.061492 
-0.00131865 0.00264913 -0.0605012 0.0310932 0.00368604 0.00779236 0.00224506 -0.001 0.0651393 
0.0435724 -0.001 -0.049883 0.0423281 0.00415653 -0.0473859 0.0308981 0.00368604 0.0130215 
0.014385 -0.001 -0.0154206 0.0145546 -0.001 -0.0206488 0.0190027 -0.001 -0.0178786 
0.00326211 0.0581095 -0.0295767 -0.0278549 0.0586679 0.0021059 0.0313031 -0.001 0.0591875 
0.0300718 0.00895485 0.0564419 0.0279055 0.00463997 0.0578879 0.0345997 -0.001 0.00230062 
0.0222665 0.00325801 -0.0216462 0.0230389 -0.001 -0.01854 0.020695 -0.001 0.0165995 
0.0145714 0.00310612 0.0320408 0.00258425 0.00325801 -0.0313709 0.0101569 0.00310612 0.0292269 
0.02661 -0.001 0.0593101 0.0147965 -0.001 -0.0301256 0.0192824 -0.001 -0.0273567 
0.018865 0.00325801 0.0302279 -0.0281306 0.0582277 -0.00777926 -0.00927475 0.00264913 -0.0602108 
-0.00643746 -0.001 0.000447499 0.0551017 -0.001 -0.0347079 0.0555505 0.00415191 -0.031441 
-0.00758649 -0.001 0.0662347 -0.0118208 -0.001 0.06486 -0.0100996 0.00427747 0.0636581 
-0.0293194 -0.001 0.0165195 -0.00323338 -0.001 0.0327219 0.0340554 0.00328033 -0.018315 
0.0052477 -0.001 -0.0295957 0.00507687 -0.001 -0.0243648 0.00968694 -0.001 -0.0268232 
0.0274764 -0.001 -0.01577 0.0237539 0.056534 0.0141675 0.0228588 -0.001 -0.013312 
0.0160879 -0.001 0.00222036 0.0255232 0.0582665 0.00769296 -0.0273751 -0.001 -0.0195628 
0.0317067 0.00331472 -0.00320301 0.00619452 0.0577309 0.0269 0.0106468 0.0584068 0.0237181 
0.00691224 -0.001 0.0197754 0.0115299 -0.001 0.0173173 0.00709236 -0.001 0.0145474 
-0.0660813 -0.001 -0.00267477 -0.0642452 0.00423666 -0.0045844 0.0112315 -0.001 0.0227709 
-0.0200928 -0.001 0.00879061 -0.0135986 0.0639595 -0.0146748 0.0586491 -0.001 -0.0309573 
0.00639597 0.0601705 -0.0243218 -0.0649348 -0.001 -0.00714224 0.0535712 -0.001 0.0395771 
0.0508369 0.00410054 0.0404393 0.000429507 0.0604886 -0.0249494 -0.00619411 0.0602183 -0.0240811 
0.0259275 -0.001 0.0063656 -0.00940604 -0.001 0.021433 -0.0227227 -0.001 -0.0219506 
0.010504 -0.001 -0.0215594 -0.0237913 0.0595545 -0.0112018 -0.0217402 0.0580358 -0.0169391 
0.0184212 -0.001 -0.016082 0.0157805 -0.001 0.0245027 0.0204967 -0.001 0.0218567 
0.0160789 -0.001 0.0190491 0.000181021 0.0572233 0.0281244 0.0149273 0.0583083 0.0214232 
0.0191432 0.0564259 0.0233455 0.0159474 0.0623328 -0.0189118 0.0190247 0.0628678 -0.0138399 
0.00843485 -0.001 0.00797129 0.00729269 -0.001 -0.00364048 0.0500707 -0.001 0.0419412 
0.0237068 -0.001 0.0176058 0.00435343 0.0579322 0.0255943 -0.0210861 0.0614937 -0.00600193 
-0.0218093 0.0613002 -0.00155489 -0.0289943 0.0581491 -0.00338852 -0.0263242 0.0600275 0.0056211 
-0.05547 -0.001 -0.0346097 -0.0228236 -0.001 -0.016706 0.0616031 -0.001 0.0217392 
0.0243843 0.0594938 0.0001025 0.0230464 0.0601812 -0.00624855 -0.0113114 -0.001 -0.0651146 
-0.00839631 0.00364913 -0.0643144 -0.00332609 0.0648192 -0.0206577 0.00318165 0.0647253 -0.0208293 
-0.0250665 0.0624652 0.00168043 -0.0229096 0.0607513 0.00440344 -0.0196587 0.0640958 0.00348077 
-0.00452948 0.00376737 -0.0663853 -0.00746378 -0.001 -0.0663958 0.025055 -0.001 -0.00331468 
-0.00846958 -0.001 0.0317431 -0.025129 0.0595958 0.0111471 -0.0247055 0.0574744 0.0160342 
0.0215301 0.0635316 0.00529352 0.0254446 0.0621579 0.00173044 -0.020034 0.0610689 0.0138831 
-0.0212966 0.0616786 0.00798836 0.0191023 -0.001 -0.0221287 0.0309255 -0.001 -0.0584732 
0.0146541 -0.001 -0.0248989 0.016285 0.0652577 0.00333366 0.0198141 0.06437 -0.00230657 
-0.018781 0.0590573 0.018437 -0.00927376 0.0597205 0.0244213 -7.91981e-05 -0.001 -0.0295957 
0.020951 0.0599877 0.0175637 0.0207835 0.0617985 0.0117968 0.0112515 -0.001 0.0273069 
0.00675206 -0.001 0.0295394 0.00693219 -0.001 0.0243114 0.010282 0.0614618 -0.0193054 
-0.00404348 0.0594992 0.0259269 -0.0274423 -0.001 -0.0142578 0.0128109 0.064625 -0.0135397 
-0.0612298 -0.001 -0.0265507 -0.0589601 -0.001 -0.0312638 -0.0022473 -0.001 -0.0667867 
-0.0145357 0.0654505 0.0082727 -0.0163333 0.0654068 0.00112314 0.00314618 -0.001 0.0207995 
-0.0106851 0.0612263 -0.0200679 -0.0163446 0.0590719 -0.0182787 -0.000125312 0.0626344 0.0238902 
0.00443002 0.0633644 0.021491 0.00543834 0.0646129 0.0175594 0.0136787 0.0633333 0.0135157 
0.0132768 0.0622475 0.018374 0.0155843 0.0652895 -0.00801552 0.0101753 0.0664353 0.0122971 
0.0123454 0.0664368 0.00893129 0.0183782 0.0641639 -0.00863807 -0.0138538 0.0603788 0.0210366 
0.00676286 0.0658293 -0.0161075 0.0169548 0.0619992 0.0157146 0.0038169 -0.001 0.0104292 
0.020195 -0.001 0.0273165 0.0144505 0.00325801 0.0274141 -0.0172945 -0.001 0.0264071 
-0.018419 0.0647876 -0.00226295 -0.00679772 -0.001 0.0109035 0.00332629 -0.001 0.0155715 
-0.0182195 -0.001 -0.0191634 -0.0143234 -0.001 -0.000610203 -0.00965444 -0.001 -0.0252074 
-4.80565e-05 0.0659926 -0.0156469 -0.0103021 -0.001 -0.0141849 0.00956497 -0.001 0.0113736 
-0.00129135 -0.001 0.0180295 -0.0109029 0.0638574 0.0192486 -0.015106 0.064098 0.0155944 
-0.005123 0.0626588 0.0229143 -0.00908116 0.061994 0.0183341 -0.00491078 0.0648972 0.0165738 
-0.0271348 -0.001 -0.00131655 -0.0104474 0.0655026 0.0128883 -0.017028 0.0644468 0.0106367 
9.92474e-05 0.064348 0.0186389 0.00518577 0.0666342 0.0147677 0.047198 -0.001 -0.0474231 
-0.00677285 0.0649577 -0.0151676 -0.0185895 0.0629113 0.00555383 0.0156794 0.0635425 0.00986549 
0.0513743 0.00384715 0.0160398 0.0231986 0.00758262 0.0437249 -0.0255555 0.0217511 0.0332246 
-0.00317983 0.00364913 -0.0647053 -0.0261092 -0.001 0.0207705 0.0243476 0.00468421 0.0270713 
0.00982936 -0.001 -0.0320499 -0.00999395 0.0633342 -0.0199994 0.00716591 0.00325801 -0.0338251 

CELLS 3681 37815
6 16 1 868 24 1050 1051 
6 1 16 876 24 1052 1053 
6 68 1 1026 70 1054 1055 
6 1 69 1039 72 1056 1057 
6 868 1 1039 1050 1057 1058 
6 1 876 1026 1053 1059 1054 
6 2 23 1036 32 1060 1061 
6 23 2 1037 32 1062 1063 
6 2 156 1037 197 1064 1062 
6 196 2 1036 238 1061 1065 
6 17 16 977 25 1066 1067 
6 16 17 979 25 1068 1069 
6 16 868 977 1051 1070 1066 
6 876 16 979 1052 1069 1071 
6 17 18 788 26 1072 1073 
6 18 17 790 26 1074 1075 
6 17 788 979 1073 1076 1068 
6 790 17 977 1074 1067 1077 
6 19 18 963 27 1078 1079 
6 18 19 964 27 1080 1081 
6 788 18 964 1072 1081 1082 
6 18 790 963 1075 1083 1078 
6 20 19 803 28 1084 1085 
6 19 20 804 28 1086 1087 
6 803 19 963 1084 1079 1088 
6 19 804 964 1087 1089 1080 
6 20 21 936 29 1090 1091 
6 21 20 937 29 1092 1093 
6 20 803 937 1085 1094 1092 
6 804 20 936 1086 1091 1095 
6 22 21 836 30 1096 1097 
6 21 22 837 30 1098 1099 
6 836 21 937 1096 1093 1100 
6 21 837 936 1099 1101 1090 
6 22 23 996 31 1102 1103 
6 23 22 997 31 1104 1105 
6 22 836 997 1097 1106 1104 
6 837 22 996 1098 1103 1107 
6 996 23 1037 1102 1063 1108 
6 23 997 1036 1105 1109 1060 
6 69 68 799 71 1110 1111 
6 799 68 801 1110 1112 1113 
6 801 68 823 1112 1114 1115 
6 823 68 1026 1114 1055 1116 
6 69 799 800 1111 1117 1118 
6 69 800 808 1118 1119 1120 
6 807 69 808 1121 1120 1122 
6 69 807 1039 1121 1123 1056 
6 156 157 896 198 1124 1125 
6 156 896 1037 1125 1126 1064 
6 157 158 956 199 1127 1128 
6 896 157 956 1124 1128 1129 
6 158 159 813 200 1130 1131 
6 158 813 956 1131 1132 1127 
6 159 160 1011 201 1133 1134 
6 813 159 1011 1130 1134 1135 
6 160 161 1017 202 1136 1137 
6 1011 160 1017 1133 1137 1138 
6 161 162 796 203 1139 1140 
6 161 796 1017 1140 1141 1136 
6 162 163 957 204 1142 1143 
6 796 162 957 1139 1143 1144 
6 163 164 998 205 1145 1146 
6 957 163 998 1142 1146 1147 
6 164 165 793 206 1148 1149 
6 164 793 998 1149 1150 1145 
6 165 166 1028 207 1151 1152 
6 793 165 1028 1148 1152 1153 
6 166 167 817 208 1154 1155 
6 166 817 1028 1155 1156 1151 
6 167 168 960 209 1157 1158 
6 817 167 960 1154 1158 1159 
6 168 169 789 210 1160 1161 
6 168 789 960 1161 1162 1157 
6 169 170 1013 211 1163 1164 
6 789 169 1013 1160 1164 1165 
6 170 171 1034 212 1166 1167 
6 1013 170 1034 1163 1167 1168 
6 171 172 797 213 1169 1170 
6 171 797 1034 1170 1171 1166 
6 172 173 999 214 1172 1173 
6 797 172 999 1169 1173 1174 
6 173 174 820 215 1175 1176 
6 173 820 999 1176 1177 1172 
6 174 175 969 216 1178 1179 
6 820 174 969 1175 1179 1180 
6 175 176 1003 217 1181 1182 
6 969 175 1003 1178 1182 1183 
6 176 177 794 218 1184 1185 
6 176 794 1003 1185 1186 1181 
6 177 178 971 219 1187 1188 
6 794 177 971 1184 1188 1189 
6 178 179 819 220 1190 1191 
6 178 819 971 1191 1192 1187 
6 179 180 970 221 1193 1194 
6 819 179 970 1190 1194 1195 
6 180 181 798 222 1196 1197 
6 180 798 970 1197 1198 1193 
6 181 182 968 223 1199 1200 
6 798 181 968 1196 1200 1201 
6 182 183 966 224 1202 1203 
6 182 966 968 1203 1204 1199 
6 183 184 791 225 1205 1206 
6 183 791 966 1206 1207 1202 
6 184 185 967 226 1208 1209 
6 791 184 967 1205 1209 1210 
6 185 186 818 227 1211 1212 
6 185 818 967 1212 1213 1208 
6 186 187 1029 228 1214 1215 
6 818 186 1029 1211 1215 1216 
6 187 188 792 229 1217 1218 
6 187 792 1029 1218 1219 1214 
6 188 189 959 230 1220 1221 
6 792 188 959 1217 1221 1222 
6 189 190 1033 231 1223 1224 
6 959 189 1033 1220 1224 1225 
6 190 191 795 232 1226 1227 
6 190 795 1033 1227 1228 1223 
6 191 192 947 233 1229 1230 
6 795 191 947 1226 1230 1231 
6 192 193 1022 234 1232 1233 
6 947 192 1022 1229 1233 1234 
6 193 194 814 235 1235 1236 
6 193 814 1022 1236 1237 1232 
6 194 195 1007 236 1238 1239 
6 814 194 1007 1235 1239 1240 
6 195 196 897 237 1241 1242 
6 195 897 1007 1242 1243 1238 
6 897 196 1036 1241 1065 1244 
6 788 964 1030 1082 1245 1246 
6 979 788 1024 1076 1247 1248 
6 1024 788 1030 1247 1246 1249 
6 789 913 993 1250 1251 1252 
6 913 789 1013 1250 1165 1253 
6 960 789 993 1162 1252 1254 
6 963 790 1001 1083 1255 1256 
6 790 977 1016 1077 1257 1258 
6 1001 790 1016 1255 1258 1259 
6 966 791 1040 1207 1260 1261 
6 791 967 1010 1210 1262 1263 
6 791 1010 1040 1263 1264 1260 
6 792 950 1029 1265 1266 1219 
6 950 792 1048 1265 1267 1268 
6 792 959 1019 1222 1269 1270 
6 792 1019 1048 1270 1271 1267 
6 793 905 907 1272 1273 1274 
6 905 793 917 1272 1275 1276 
6 793 907 998 1274 1277 1150 
6 917 793 1028 1275 1153 1278 
6 915 794 971 1279 1189 1280 
6 794 915 972 1279 1281 1282 
6 794 972 1003 1282 1283 1186 
6 795 901 902 1284 1285 1286 
6 901 795 947 1284 1231 1287 
6 795 902 903 1286 1288 1289 
6 795 903 1033 1289 1290 1228 
6 796 957 958 1144 1291 1292 
6 796 958 1041 1292 1293 1294 
6 1017 796 1041 1141 1294 1295 
6 909 797 911 1296 1297 1298 
6 797 909 916 1296 1299 1300 
6 911 797 999 1297 1174 1301 
6 797 916 1034 1300 1302 1171 
6 798 968 1042 1201 1303 1304 
6 970 798 1012 1198 1305 1306 
6 1012 798 1042 1305 1304 1307 
6 800 799 891 1117 1308 1309 
6 799 801 802 1113 1310 1311 
6 799 802 891 1311 1312 1308 
6 808 800 926 1119 1313 1314 
6 800 891 926 1309 1315 1313 
6 802 801 805 1310 1316 1317 
6 805 801 922 1316 1318 1319 
6 801 823 922 1115 1320 1318 
6 802 805 806 1317 1321 1322 
6 802 806 962 1322 1323 1324 
6 891 802 962 1312 1324 1325 
6 937 803 938 1094 1326 1327 
6 938 803 939 1326 1328 1329 
6 939 803 963 1328 1088 1330 
6 804 936 1009 1095 1331 1332 
6 964 804 965 1089 1333 1334 
6 965 804 1009 1333 1332 1335 
6 806 805 809 1321 1336 1337 
6 809 805 810 1336 1338 1339 
6 810 805 922 1338 1319 1340 
6 806 809 811 1337 1341 1342 
6 806 811 812 1342 1343 1344 
6 806 812 962 1344 1345 1323 
6 807 808 1015 1122 1346 1347 
6 807 984 988 1348 1349 1350 
6 984 807 1015 1348 1347 1351 
6 807 988 1039 1350 1352 1123 
6 808 926 927 1314 1353 1354 
6 808 927 928 1354 1355 1356 
6 808 928 1015 1356 1357 1346 
6 809 810 815 1339 1358 1359 
6 811 809 948 1341 1360 1361 
6 809 815 948 1359 1362 1360 
6 815 810 816 1358 1363 1364 
6 816 810 990 1363 1365 1366 
6 810 922 990 1340 1367 1365 
6 812 811 821 1343 1368 1369 
6 821 811 824 1368 1370 1371 
6 824 811 948 1370 1361 1372 
6 812 821 822 1369 1373 1374 
6 812 822 840 1374 1375 1376 
6 812 840 962 1376 1377 1345 
6 956 813 1018 1132 1378 1379 
6 989 813 1011 1380 1135 1381 
6 813 989 1018 1380 1382 1378 
6 904 814 953 1383 1384 1385 
6 814 904 1022 1383 1386 1237 
6 953 814 954 1384 1387 1388 
6 954 814 1007 1387 1240 1389 
6 815 816 825 1364 1390 1391 
6 815 825 880 1391 1392 1393 
6 815 880 948 1393 1394 1362 
6 825 816 826 1390 1395 1396 
6 826 816 827 1395 1397 1398 
6 827 816 990 1397 1366 1399 
6 817 917 1028 1400 1278 1156 
6 917 817 1032 1400 1401 1402 
6 817 960 961 1159 1403 1404 
6 817 961 1032 1404 1405 1401 
6 950 818 1029 1406 1216 1266 
6 818 950 1049 1406 1407 1408 
6 818 951 967 1409 1410 1213 
6 951 818 1049 1409 1408 1411 
6 914 819 918 1412 1413 1414 
6 819 914 971 1412 1415 1192 
6 918 819 970 1413 1195 1416 
6 820 969 1038 1180 1417 1418 
6 999 820 1035 1177 1419 1420 
6 1035 820 1038 1419 1418 1421 
6 822 821 844 1373 1422 1423 
6 821 824 924 1371 1424 1425 
6 844 821 924 1422 1425 1426 
6 840 822 841 1375 1427 1428 
6 841 822 923 1427 1429 1430 
6 822 844 923 1423 1431 1429 
6 823 908 1004 1432 1433 1434 
6 908 823 1026 1432 1116 1435 
6 922 823 994 1320 1436 1437 
6 994 823 1004 1436 1434 1438 
6 924 824 974 1424 1439 1440 
6 824 948 973 1372 1441 1442 
6 824 973 974 1442 1443 1439 
6 825 826 921 1396 1444 1445 
6 880 825 881 1392 1446 1447 
6 881 825 921 1446 1445 1448 
6 826 827 828 1398 1449 1450 
6 826 828 850 1450 1451 1452 
6 826 850 921 1452 1453 1444 
6 828 827 829 1449 1454 1455 
6 829 827 895 1454 1456 1457 
6 895 827 990 1456 1399 1458 
6 828 829 830 1455 1459 1460 
6 828 830 952 1460 1461 1462 
6 850 828 952 1451 1462 1463 
6 830 829 831 1459 1464 1465 
6 831 829 981 1464 1466 1467 
6 829 895 981 1457 1468 1466 
6 830 831 832 1465 1469 1470 
6 830 832 873 1470 1471 1472 
6 830 873 952 1472 1473 1461 
6 832 831 833 1469 1474 1475 
6 833 831 834 1474 1476 1477 
6 834 831 981 1476 1467 1478 
6 832 833 941 1475 1479 1480 
6 873 832 874 1471 1481 1482 
6 874 832 941 1481 1480 1483 
6 833 834 835 1477 1484 1485 
6 833 835 838 1485 1486 1487 
6 833 838 941 1487 1488 1479 
6 835 834 875 1484 1489 1490 
6 875 834 877 1489 1491 1492 
6 877 834 981 1491 1478 1493 
6 838 835 839 1486 1494 1495 
6 839 835 955 1494 1496 1497 
6 835 875 955 1490 1498 1496 
6 836 937 991 1100 1499 1500 
6 836 991 1008 1500 1501 1502 
6 997 836 1008 1106 1502 1503 
6 936 837 944 1101 1504 1505 
6 944 837 945 1504 1506 1507 
6 945 837 996 1506 1107 1508 
6 838 839 851 1495 1509 1510 
6 838 851 887 1510 1511 1512 
6 838 887 941 1512 1513 1488 
6 851 839 852 1509 1514 1515 
6 852 839 888 1514 1516 1517 
6 888 839 955 1516 1497 1518 
6 840 841 842 1428 1519 1520 
6 840 842 982 1520 1521 1522 
6 962 840 982 1377 1522 1523 
6 842 841 843 1519 1524 1525 
6 843 841 845 1524 1526 1527 
6 845 841 923 1526 1430 1528 
6 842 843 987 1525 1529 1530 
6 982 842 1025 1521 1531 1532 
6 842 987 1025 1530 1533 1531 
6 843 845 846 1527 1534 1535 
6 843 846 847 1535 1536 1537 
6 843 847 987 1537 1538 1529 
6 923 844 985 1431 1539 1540 
6 844 924 925 1426 1541 1542 
6 844 925 985 1542 1543 1539 
6 846 845 893 1534 1544 1545 
6 893 845 894 1544 1546 1547 
6 894 845 923 1546 1528 1548 
6 847 846 848 1536 1549 1550 
6 848 846 931 1549 1551 1552 
6 846 893 931 1545 1553 1551 
6 847 848 849 1550 1554 1555 
6 847 849 853 1555 1556 1557 
6 847 853 987 1557 1558 1538 
6 849 848 929 1554 1559 1560 
6 929 848 975 1559 1561 1562 
6 848 931 975 1552 1563 1561 
6 853 849 854 1556 1564 1565 
6 854 849 855 1564 1566 1567 
6 855 849 929 1566 1560 1568 
6 921 850 992 1453 1569 1570 
6 850 952 995 1463 1571 1572 
6 992 850 995 1569 1572 1573 
6 851 852 890 1515 1574 1575 
6 887 851 934 1511 1576 1577 
6 851 890 934 1575 1578 1576 
6 852 888 889 1517 1579 1580 
6 852 889 1027 1580 1581 1582 
6 890 852 1027 1574 1582 1583 
6 853 854 976 1565 1584 1585 
6 853 976 1047 1585 1586 1587 
6 987 853 1047 1558 1587 1588 
6 854 855 856 1567 1589 1590 
6 854 856 857 1590 1591 1592 
6 854 857 976 1592 1593 1584 
6 856 855 892 1589 1594 1595 
6 892 855 899 1594 1596 1597 
6 899 855 929 1596 1568 1598 
6 857 856 858 1591 1599 1600 
6 858 856 932 1599 1601 1602 
6 856 892 932 1595 1603 1601 
6 857 858 859 1600 1604 1605 
6 857 859 1023 1605 1606 1607 
6 976 857 1023 1593 1607 1608 
6 859 858 860 1604 1609 1610 
6 860 858 872 1609 1611 1612 
6 872 858 932 1611 1602 1613 
6 859 860 861 1610 1614 1615 
6 859 861 879 1615 1616 1617 
6 859 879 1023 1617 1618 1606 
6 861 860 862 1614 1619 1620 
6 862 860 919 1619 1621 1622 
6 860 872 919 1612 1623 1621 
6 861 862 863 1620 1624 1625 
6 861 863 983 1625 1626 1627 
6 879 861 983 1616 1627 1628 
6 863 862 864 1624 1629 1630 
6 864 862 869 1629 1631 1632 
6 869 862 919 1631 1622 1633 
6 863 864 865 1630 1634 1635 
6 863 865 867 1635 1636 1637 
6 863 867 983 1637 1638 1626 
6 865 864 866 1634 1639 1640 
6 866 864 943 1639 1641 1642 
6 864 869 943 1632 1643 1641 
6 865 866 870 1640 1644 1645 
6 867 865 980 1636 1646 1647 
6 865 870 980 1645 1648 1646 
6 870 866 871 1644 1649 1650 
6 871 866 878 1649 1651 1652 
6 878 866 943 1651 1642 1653 
6 867 980 1000 1647 1654 1655 
6 983 867 1002 1638 1656 1657 
6 867 1000 1002 1655 1658 1656 
6 977 868 978 1070 1659 1660 
6 978 868 988 1659 1661 1662 
6 988 868 1039 1661 1058 1352 
6 869 919 920 1633 1663 1664 
6 869 920 942 1664 1665 1666 
6 869 942 943 1666 1667 1643 
6 870 871 940 1650 1668 1669 
6 870 940 1014 1669 1670 1671 
6 980 870 1014 1648 1671 1672 
6 871 878 885 1652 1673 1674 
6 871 885 886 1674 1675 1676 
6 871 886 940 1676 1677 1668 
6 919 872 949 1623 1678 1679 
6 872 932 933 1613 1680 1681 
6 872 933 949 1681 1682 1678 
6 873 874 905 1482 1683 1684 
6 873 905 906 1684 1685 1686 
6 873 906 952 1686 1687 1473 
6 905 874 907 1683 1688 1273 
6 907 874 1006 1688 1689 1690 
6 874 941 1006 1483 1691 1689 
6 875 877 898 1492 1692 1693 
6 875 898 900 1693 1694 1695 
6 875 900 955 1695 1696 1498 
6 876 979 1020 1071 1697 1698 
6 876 1020 1026 1698 1699 1059 
6 898 877 908 1692 1700 1701 
6 908 877 1004 1700 1702 1433 
6 877 981 1004 1493 1703 1702 
6 885 878 901 1673 1704 1705 
6 901 878 902 1704 1706 1285 
6 902 878 943 1706 1653 1707 
6 879 983 984 1628 1708 1709 
6 879 984 1015 1709 1351 1710 
6 879 1015 1023 1710 1711 1618 
6 880 881 882 1447 1712 1713 
6 880 882 973 1713 1714 1715 
6 948 880 973 1394 1715 1441 
6 882 881 883 1712 1716 1717 
6 883 881 884 1716 1718 1719 
6 884 881 921 1718 1448 1720 
6 882 883 909 1717 1721 1722 
6 882 909 910 1722 1723 1724 
6 882 910 973 1724 1725 1714 
6 883 884 913 1719 1726 1727 
6 909 883 916 1721 1728 1299 
6 883 913 916 1727 1729 1728 
6 913 884 993 1726 1730 1251 
6 884 921 992 1720 1570 1731 
6 884 992 993 1731 1732 1730 
6 886 885 953 1675 1733 1734 
6 885 901 904 1705 1735 1736 
6 885 904 953 1736 1385 1733 
6 940 886 1031 1677 1737 1738 
6 886 953 1005 1734 1739 1740 
6 886 1005 1031 1740 1741 1737 
6 887 934 958 1577 1742 1743 
6 941 887 1006 1513 1744 1691 
6 887 958 1006 1743 1745 1744 
6 889 888 1009 1579 1746 1747 
6 888 955 1045 1518 1748 1749 
6 888 965 1009 1750 1335 1746 
6 965 888 1045 1750 1749 1751 
6 889 944 946 1752 1753 1754 
6 944 889 1009 1752 1747 1755 
6 889 946 1027 1754 1756 1581 
6 934 890 935 1578 1757 1758 
6 935 890 989 1757 1759 1760 
6 989 890 1027 1759 1583 1761 
6 926 891 982 1315 1762 1763 
6 891 962 982 1325 1523 1762 
6 892 899 1010 1597 1764 1765 
6 932 892 951 1603 1766 1767 
6 951 892 1010 1766 1765 1768 
6 893 894 914 1547 1769 1770 
6 893 914 918 1770 1414 1771 
6 893 918 931 1771 1772 1553 
6 914 894 915 1769 1773 1774 
6 915 894 985 1773 1775 1776 
6 894 923 985 1548 1540 1775 
6 981 895 1004 1468 1777 1703 
6 895 990 994 1458 1778 1779 
6 895 994 1004 1779 1438 1777 
6 945 896 956 1780 1129 1781 
6 896 945 996 1780 1508 1782 
6 896 996 1037 1782 1108 1126 
6 997 897 1036 1783 1244 1109 
6 897 997 1046 1783 1784 1785 
6 1007 897 1046 1243 1785 1786 
6 900 898 1024 1694 1787 1788 
6 898 908 1020 1701 1789 1790 
6 898 1020 1024 1790 1791 1787 
6 899 929 930 1598 1792 1793 
6 899 930 1040 1793 1794 1795 
6 1010 899 1040 1764 1795 1264 
6 955 900 1045 1696 1796 1748 
6 900 1024 1030 1788 1249 1797 
6 900 1030 1045 1797 1798 1796 
6 904 901 947 1735 1287 1799 
6 903 902 942 1288 1800 1801 
6 942 902 943 1800 1707 1667 
6 903 942 1044 1801 1802 1803 
6 903 959 1033 1804 1225 1290 
6 959 903 1044 1804 1803 1805 
6 904 947 1022 1799 1234 1386 
6 906 905 917 1685 1276 1806 
6 906 917 1032 1806 1402 1807 
6 952 906 995 1687 1808 1571 
6 995 906 1032 1808 1807 1809 
6 998 907 1043 1277 1810 1811 
6 907 1006 1043 1690 1812 1810 
6 1020 908 1026 1789 1435 1699 
6 910 909 911 1723 1298 1813 
6 910 911 912 1813 1814 1815 
6 910 912 974 1815 1816 1817 
6 973 910 974 1725 1817 1443 
6 912 911 1035 1814 1818 1819 
6 911 999 1035 1301 1420 1818 
6 974 912 1021 1816 1820 1821 
6 1021 912 1038 1820 1822 1823 
6 912 1035 1038 1819 1421 1822 
6 916 913 1013 1729 1253 1824 
6 914 915 971 1774 1280 1415 
6 972 915 985 1281 1776 1825 
6 916 1013 1034 1824 1168 1302 
6 931 918 1012 1772 1826 1827 
6 918 970 1012 1416 1306 1826 
6 920 919 949 1663 1679 1828 
6 942 920 1044 1665 1829 1802 
6 920 949 1048 1828 1830 1831 
6 920 1019 1044 1832 1833 1829 
6 1019 920 1048 1832 1831 1271 
6 990 922 994 1367 1437 1778 
6 925 924 1021 1541 1834 1835 
6 924 974 1021 1440 1821 1834 
6 925 972 985 1836 1825 1543 
6 972 925 986 1836 1837 1838 
6 986 925 1021 1837 1835 1839 
6 927 926 1025 1353 1840 1841 
6 926 982 1025 1763 1532 1840 
6 928 927 1047 1355 1842 1843 
6 987 927 1025 1844 1841 1533 
6 927 987 1047 1844 1588 1842 
6 928 976 1023 1845 1608 1846 
6 976 928 1047 1845 1843 1586 
6 1015 928 1023 1357 1846 1711 
6 930 929 975 1792 1562 1847 
6 966 930 968 1848 1849 1204 
6 930 966 1040 1848 1261 1794 
6 968 930 1042 1849 1850 1303 
6 930 975 1042 1847 1851 1850 
6 975 931 1012 1563 1827 1852 
6 933 932 951 1680 1767 1853 
6 949 933 950 1682 1854 1855 
6 950 933 1049 1854 1856 1407 
6 933 951 1049 1853 1411 1856 
6 934 935 1041 1758 1857 1858 
6 958 934 1041 1742 1858 1293 
6 935 989 1011 1760 1381 1859 
6 935 1011 1017 1859 1138 1860 
6 935 1017 1041 1860 1295 1857 
6 936 944 1009 1505 1755 1331 
6 937 938 991 1327 1861 1499 
6 938 939 940 1329 1862 1863 
6 938 940 1031 1863 1738 1864 
6 991 938 1031 1861 1864 1865 
6 940 939 1014 1862 1866 1670 
6 939 963 1001 1330 1256 1867 
6 939 1001 1014 1867 1868 1866 
6 944 945 946 1507 1869 1753 
6 946 945 1018 1869 1870 1871 
6 945 956 1018 1781 1379 1870 
6 989 946 1018 1872 1871 1382 
6 946 989 1027 1872 1761 1756 
6 949 950 1048 1855 1268 1830 
6 967 951 1010 1410 1768 1262 
6 953 954 1005 1388 1873 1739 
6 1005 954 1008 1873 1874 1875 
6 954 1007 1046 1389 1786 1876 
6 1008 954 1046 1874 1876 1877 
6 958 957 1043 1291 1878 1879 
6 957 998 1043 1147 1811 1878 
6 1006 958 1043 1745 1879 1812 
6 1019 959 1044 1269 1805 1833 
6 961 960 993 1403 1254 1880 
6 992 961 993 1881 1880 1732 
6 961 992 995 1881 1573 1882 
6 961 995 1032 1882 1809 1405 
6 964 965 1030 1334 1883 1245 
6 1030 965 1045 1883 1751 1798 
6 986 969 1003 1884 1183 1885 
6 969 986 1038 1884 1886 1417 
6 972 986 1003 1838 1885 1283 
6 975 1012 1042 1852 1307 1851 
6 977 978 1016 1660 1887 1257 
6 978 988 1002 1662 1888 1889 
6 1000 978 1002 1890 1889 1658 
6 978 1000 1016 1890 1891 1887 
6 1020 979 1024 1697 1248 1791 
6 1000 980 1001 1654 1892 1893 
6 1001 980 1014 1892 1672 1868 
6 984 983 1002 1708 1657 1894 
6 988 984 1002 1349 1894 1888 
6 986 1021 1038 1839 1823 1886 
6 991 1005 1008 1895 1875 1501 
6 1005 991 1031 1895 1865 1741 
6 997 1008 1046 1503 1877 1784 
6 1000 1001 1016 1893 1259 1891 
6 4 73 2 114 1896 34 
6 113 4 2 155 34 1897 
6 2 73 156 1896 1898 197 
6 196 113 2 1899 1897 238 
6 73 74 157 115 1900 1901 
6 156 73 157 1898 1901 198 
6 74 75 158 116 1902 1903 
6 157 74 158 1900 1903 199 
6 75 76 159 117 1904 1905 
6 158 75 159 1902 1905 200 
6 76 77 160 118 1906 1907 
6 159 76 160 1904 1907 201 
6 160 77 78 1906 119 1908 
6 78 79 161 120 1909 1910 
6 160 78 161 1908 1910 202 
6 79 80 163 121 1911 1912 
6 161 79 162 1909 1913 203 
6 162 79 163 1913 1912 204 
6 163 80 81 1911 122 1914 
6 81 82 164 123 1915 1916 
6 163 81 164 1914 1916 205 
6 82 83 166 124 1917 1918 
6 164 82 165 1915 1919 206 
6 82 166 165 1918 207 1919 
6 83 84 167 125 1920 1921 
6 166 83 167 1917 1921 208 
6 84 85 167 126 1922 1920 
6 85 86 168 127 1923 1924 
6 167 85 168 1922 1924 209 
6 86 87 169 128 1925 1926 
6 168 86 169 1923 1926 210 
6 170 87 88 1927 129 1928 
6 169 87 170 1925 1927 211 
6 88 89 171 130 1929 1930 
6 170 88 171 1928 1930 212 
6 89 90 172 131 1931 1932 
6 171 89 172 1929 1932 213 
6 90 91 174 132 1933 1934 
6 172 90 173 1931 1935 214 
6 173 90 174 1935 1934 215 
6 91 92 175 133 1936 1937 
6 174 91 175 1933 1937 216 
6 92 93 176 134 1938 1939 
6 92 176 175 1939 217 1936 
6 93 94 177 135 1940 1941 
6 176 93 177 1938 1941 218 
6 177 94 95 1940 136 1942 
6 95 96 178 137 1943 1944 
6 177 95 178 1942 1944 219 
6 96 97 179 138 1945 1946 
6 178 96 179 1943 1946 220 
6 97 98 180 139 1947 1948 
6 179 97 180 1945 1948 221 
6 181 98 99 1949 140 1950 
6 180 98 181 1947 1949 222 
6 99 100 182 141 1951 1952 
6 181 99 182 1950 1952 223 
6 100 101 183 142 1953 1954 
6 182 100 183 1951 1954 224 
6 101 102 184 143 1955 1956 
6 183 101 184 1953 1956 225 
6 102 103 186 144 1957 1958 
6 184 102 185 1955 1959 226 
6 102 186 185 1958 227 1959 
6 103 104 187 145 1960 1961 
6 186 103 187 1957 1961 228 
6 104 105 187 146 1962 1960 
6 105 106 189 147 1963 1964 
6 187 105 188 1962 1965 229 
6 105 189 188 1964 230 1965 
6 189 106 107 1963 148 1966 
6 107 108 190 149 1967 1968 
6 189 107 190 1966 1968 231 
6 108 109 192 150 1969 1970 
6 190 108 191 1967 1971 232 
6 191 108 192 1971 1970 233 
6 109 110 193 151 1972 1973 
6 192 109 193 1969 1973 234 
6 110 111 193 152 1974 1972 
6 111 112 195 153 1975 1976 
6 193 111 194 1974 1977 235 
6 111 195 194 1976 236 1977 
6 112 113 196 154 1899 1978 
6 195 112 196 1975 1978 237 
10 391 2631 392 2637 2654 2655 663 2656 2658 2657 
10 391 2636 2631 2637 2659 2660 2654 2656 2661 2658 
10 447 405 452 2641 774 776 777 2662 2664 2663 
10 261 415 241 2645 2665 2666 275 2667 2669 2668 
10 392 391 399 2631 663 732 733 2655 2654 2670 
10 412 256 2634 2640 2671 2672 2673 2674 2676 2675 
10 405 2634 452 2641 2677 2678 776 2664 2679 2663 
10 2642 2648 436 2651 2680 2681 2682 2683 2685 2684 
10 363 2632 247 2644 2686 2687 2688 2689 2691 2690 
10 392 2631 441 2637 2655 2692 737 2657 2658 2693 
10 241 369 256 2634 2694 2695 278 2696 2697 2672 
10 410 242 247 2632 2698 302 2699 2700 2701 2687 
10 369 412 256 2634 505 2671 2695 2697 2673 2672 
10 441 2637 2631 2639 2693 2658 2692 2702 2704 2703 
10 425 445 401 2640 593 770 769 2705 2707 2706 
10 418 2632 363 2644 2708 2686 586 2709 2691 2689 
10 425 401 2631 2640 769 2710 2711 2705 2706 2712 
10 249 2631 255 2643 2713 2714 317 2715 2717 2716 
10 425 401 441 2631 769 709 741 2711 2710 2692 
10 369 241 415 2645 2694 2666 502 2718 2668 2669 
10 250 2640 249 2643 2719 2720 341 2721 2722 2715 
10 262 2647 368 2649 2723 2724 2725 2726 2728 2727 
10 392 425 441 2631 740 741 737 2655 2711 2692 
10 2641 436 2648 2651 2729 2681 2730 2731 2684 2685 
10 403 2633 368 2647 2732 2733 618 2734 2735 2724 
10 434 2631 391 2636 2736 2654 735 2737 2660 2659 
10 418 388 2632 2636 717 2738 2708 2739 2741 2740 
10 414 418 388 2632 589 717 716 2742 2708 2738 
10 256 250 2634 2640 329 2743 2672 2676 2719 2675 
10 2631 2636 434 2644 2660 2737 2736 2744 2746 2745 
10 445 2640 425 2652 2707 2705 593 2747 2749 2748 
10 423 442 403 2633 772 773 761 2750 2751 2732 
10 418 2636 2632 2644 2739 2740 2708 2709 2746 2691 
10 401 2639 2631 2640 2752 2703 2710 2706 2753 2712 
10 441 2631 401 2639 2692 2710 709 2702 2703 2752 
10 452 2641 2634 2645 2663 2679 2678 2754 2756 2755 
10 369 2634 241 2645 2697 2696 2694 2718 2755 2668 
10 264 2643 2633 2645 2757 2758 2759 2760 2762 2761 
10 247 363 410 2632 2688 529 2699 2687 2686 2700 
10 391 434 399 2631 735 736 732 2654 2736 2670 
10 371 2636 2637 2650 2763 2661 2764 2765 2767 2766 
10 249 2640 2631 2643 2720 2712 2713 2715 2722 2717 
10 425 2640 2631 2652 2705 2712 2711 2748 2749 2768 
10 264 252 2643 2645 347 2769 2757 2760 2770 2762 
10 376 371 2636 2637 635 2763 2771 2772 2764 2661 
10 371 2646 2636 2650 2773 2774 2763 2765 2775 2767 
10 254 2643 255 2644 2776 2716 344 2777 2779 2778 
10 2637 2639 427 2642 2704 2780 2781 2782 2784 2783 
10 435 442 423 2633 725 772 603 2785 2751 2750 
10 9 2635 2642 2651 2786 2787 2788 2789 2790 2683 
10 368 2647 2633 2649 2724 2735 2733 2727 2728 2791 
10 388 2632 2636 2653 2738 2740 2741 2792 2794 2793 
10 414 2632 388 2653 2742 2738 716 2795 2794 2792 
10 452 2634 437 2645 2678 2796 731 2754 2755 2797 
10 423 2633 403 2638 2750 2732 761 2798 2800 2799 
10 256 244 250 2640 281 342 329 2676 2801 2719 
10 405 2641 447 2648 2664 2662 774 2802 2730 2803 
10 2630 2631 2634 2643 2804 2805 2806 2807 2717 2808 
10 263 253 2643 2647 337 2809 2810 2811 2813 2812 
10 433 2635 413 2638 2814 2815 758 2816 2818 2817 
10 250 2634 2640 2643 2743 2675 2719 2721 2808 2722 
10 2631 2630 2636 2643 2804 2819 2660 2717 2807 2820 
10 2633 2645 389 2649 2761 2821 2822 2791 2824 2823 
10 2631 255 2643 2644 2714 2716 2717 2744 2778 2779 
10 263 2643 2632 2647 2810 2825 2826 2811 2812 2827 
10 247 2632 254 2644 2687 2828 332 2690 2691 2777 
10 264 2645 2633 2649 2760 2761 2759 2829 2824 2791 
10 263 254 2632 2643 334 2828 2826 2810 2776 2825 
10 418 414 363 2632 589 587 586 2708 2742 2686 
10 9 2642 436 2651 2788 2682 487 2789 2683 2684 
10 403 368 402 2647 618 616 617 2734 2724 2830 
10 383 427 2639 2642 685 2780 2831 2832 2783 2784 
10 256 250 241 2634 329 328 278 2672 2743 2696 
10 255 2631 249 2652 2714 2713 317 2833 2768 2834 
10 264 253 2633 2643 324 2835 2759 2757 2809 2758 
10 452 405 437 2634 776 775 731 2678 2677 2796 
10 2634 2641 405 2648 2679 2664 2677 2836 2730 2802 
10 254 2632 2643 2644 2828 2825 2776 2777 2691 2779 
10 68 2642 2635 2650 2837 2787 2838 2839 2841 2840 
10 421 412 2634 2640 567 2673 2842 2843 2674 2675 
10 392 399 425 2631 733 739 740 2655 2670 2711 
10 396 433 413 2638 677 758 756 2844 2816 2817 
10 2630 2633 2632 2643 2845 2846 2847 2807 2758 2825 
10 376 375 371 2637 636 613 635 2772 2848 2764 
10 2631 2636 2632 2643 2660 2740 2849 2717 2820 2825 
10 2630 2634 2631 2639 2806 2805 2804 2850 2851 2703 
10 251 249 255 2643 349 317 351 2852 2715 2716 
10 2632 2636 2630 2643 2740 2819 2847 2825 2820 2807 
10 423 2633 2638 2651 2750 2800 2798 2853 2855 2854 
10 2633 2643 253 2647 2758 2809 2835 2735 2812 2813 
10 251 250 249 2643 350 341 349 2852 2721 2715 
10 2635 2638 433 2646 2818 2816 2814 2856 2858 2857 
10 1 2635 68 2642 2859 2838 70 2860 2787 2837 
10 264 2633 253 2649 2759 2835 324 2829 2791 2861 
10 6 2633 2641 2645 2862 2863 2864 2865 2761 2756 
10 387 2634 405 2648 2866 2677 711 2867 2836 2802 
10 2630 2648 2642 2651 2868 2680 2869 2870 2685 2683 
10 423 435 2633 2651 603 2785 2750 2853 2871 2855 
10 2632 2633 2630 2638 2846 2845 2847 2872 2800 2873 
10 421 2634 387 2639 2842 2866 704 2874 2851 2875 
10 435 2641 2633 2651 2876 2863 2785 2871 2731 2855 
10 371 2637 375 2650 2764 2848 613 2765 2766 2877 
10 389 2633 6 2645 2822 2862 470 2821 2761 2865 
10 263 253 254 2643 337 356 334 2810 2809 2776 
10 2634 2639 421 2640 2851 2874 2842 2675 2753 2843 
10 425 2631 399 2652 2711 2670 739 2748 2768 2878 
10 2630 2634 2633 2643 2806 2879 2845 2807 2808 2758 
10 247 254 245 2644 332 343 299 2690 2777 2880 
10 391 376 2636 2637 658 2771 2659 2656 2772 2661 
10 435 6 2633 2641 477 2862 2785 2876 2864 2863 
10 254 247 242 2632 332 302 331 2828 2687 2701 
10 368 403 448 2633 618 620 621 2733 2732 2881 
10 2636 2646 2637 2650 2774 2882 2661 2767 2775 2766 
10 383 2642 2639 2648 2832 2784 2831 2883 2680 2884 
10 2630 2641 2648 2651 2885 2730 2868 2870 2731 2685 
10 250 252 2634 2643 326 2886 2743 2721 2769 2808 
10 452 390 2641 2645 730 2887 2663 2754 2888 2756 
10 387 2639 2634 2648 2875 2851 2866 2867 2884 2836 
10 264 252 253 2643 347 354 324 2757 2769 2809 
10 1 68 440 2642 70 467 465 2860 2837 2889 
10 242 263 254 2632 333 334 331 2701 2826 2828 
10 2631 2643 2632 2644 2717 2825 2849 2744 2779 2691 
10 433 456 413 2635 783 784 758 2814 2890 2815 
10 2638 2647 430 2653 2891 2892 2893 2894 2896 2895 
10 2632 2636 2631 2644 2740 2660 2849 2691 2746 2744 
10 454 425 399 2652 594 739 765 2897 2748 2878 
10 6 389 435 2633 470 479 477 2862 2822 2785 
10 363 414 410 2632 587 588 529 2686 2742 2700 
10 438 451 418 2636 744 719 779 2898 2899 2739 
10 435 389 442 2633 479 724 725 2785 2822 2751 
10 379 433 2638 2646 646 2816 2900 2901 2857 2858 
10 448 2633 442 2649 2881 2751 726 2902 2791 2903 
10 255 2644 2631 2652 2778 2744 2714 2833 2904 2768 
10 242 2632 410 2647 2701 2700 2698 2905 2827 2906 
10 448 368 2633 2649 621 2733 2881 2902 2727 2791 
10 242 410 46 259 2698 528 300 305 2907 304 
10 412 359 256 2640 508 2908 2671 2674 2909 2676 
10 391 377 376 2637 659 653 658 2656 2910 2772 
10 244 256 359 2640 281 2908 2911 2801 2676 2909 
10 262 240 253 2649 314 322 321 2726 2912 2861 
10 241 250 252 2634 328 326 327 2696 2743 2886 
10 409 363 247 2644 526 2688 2913 2914 2689 2690 
10 442 448 403 2633 726 620 773 2751 2881 2732 
10 427 417 2637 2642 686 2915 2781 2783 2916 2782 
10 420 387 421 2634 713 704 715 2917 2866 2842 
10 420 421 412 2634 715 567 624 2917 2842 2673 
10 395 2638 430 2653 2918 2893 745 2919 2894 2895 
10 2631 2640 249 2652 2712 2720 2713 2768 2749 2834 
10 2631 2640 2634 2643 2712 2675 2805 2717 2722 2808 
10 248 40 257 411 282 286 287 2920 510 2921 
10 411 257 248 2652 2921 287 2920 2922 2924 2923 
10 387 420 405 2634 713 714 711 2866 2917 2677 
10 402 430 2638 2647 753 2893 2925 2830 2892 2891 
10 2630 2636 2632 2646 2819 2740 2847 2926 2774 2927 
10 371 428 2636 2646 634 2928 2763 2773 2929 2774 
10 418 451 388 2636 719 720 717 2739 2899 2741 
10 413 2638 2635 2651 2817 2818 2815 2930 2854 2790 
10 2634 2643 252 2645 2808 2769 2886 2755 2762 2770 
10 44 363 247 409 524 2688 298 522 526 2913 
10 427 2637 441 2639 2781 2693 710 2780 2704 2702 
10 9 436 8 2651 487 488 14 2789 2684 2931 
10 379 433 396 2638 646 677 675 2900 2816 2844 
10 409 247 245 2644 2913 299 2932 2914 2690 2880 
10 241 252 261 2645 327 330 275 2668 2770 2667 
10 371 372 428 2646 629 633 634 2773 2933 2929 
10 412 369 420 2634 505 623 624 2673 2697 2917 
10 402 430 395 2638 753 745 752 2925 2893 2918 
10 247 44 409 245 298 522 2913 299 294 2932 
10 377 391 392 2637 659 663 664 2910 2656 2657 
10 2633 2634 2630 2641 2879 2806 2845 2863 2679 2885 
10 241 2634 252 2645 2696 2886 327 2668 2755 2770 
10 2631 2636 2630 2637 2660 2819 2804 2658 2661 2934 
10 410 259 242 2647 2907 305 2698 2906 2935 2905 
10 2633 2638 2632 2647 2800 2872 2846 2735 2891 2827 
10 263 2632 242 2647 2826 2701 333 2811 2827 2905 
10 438 2636 418 2644 2898 2739 779 2936 2746 2709 
10 410 358 46 259 532 530 528 2907 2937 304 
10 2632 2643 2633 2647 2825 2758 2846 2827 2812 2735 
10 2630 2631 2637 2639 2804 2658 2934 2850 2703 2704 
10 2630 2632 2638 2646 2847 2872 2873 2926 2927 2858 
10 2631 2639 2634 2640 2703 2851 2805 2712 2753 2675 
10 436 2641 8 2651 2729 2938 488 2684 2731 2931 
10 370 2646 371 2650 2939 2773 611 2940 2775 2765 
10 432 456 433 2635 651 783 647 2941 2890 2814 
10 390 452 437 2645 730 731 728 2888 2754 2797 
10 388 2636 2646 2653 2741 2774 2942 2792 2793 2943 
10 362 2642 68 2650 2944 2837 546 2945 2841 2839 
10 393 434 391 2636 734 735 661 2946 2737 2659 
10 383 381 427 2642 682 684 685 2832 2947 2783 
10 427 381 417 2642 684 583 686 2783 2947 2916 
10 370 2635 432 2646 2948 2941 578 2939 2856 2949 
10 5 389 2645 2649 469 2821 2950 2951 2823 2824 
10 370 2635 2646 2650 2948 2856 2939 2940 2840 2775 
10 432 370 361 2635 578 575 577 2941 2948 2952 
10 389 442 2633 2649 724 2751 2822 2823 2903 2791 
10 409 418 363 2644 585 586 526 2914 2709 2689 
10 439 410 414 2632 560 588 780 2953 2700 2742 
10 2630 2639 2637 2642 2850 2704 2934 2869 2784 2782 
10 449 2635 9 2651 2954 2786 490 2955 2790 2789 
10 397 423 403 2638 760 761 759 2956 2798 2799 
10 45 410 242 247 527 2698 301 297 2699 302 
10 361 2635 370 2650 2952 2948 575 2957 2840 2940 
10 360 362 68 2650 545 546 544 2958 2945 2839 
10 254 255 245 2644 344 345 343 2777 2778 2880 
10 393 434 2636 2644 734 2737 2946 2959 2745 2746 
10 410 2632 439 2647 2700 2953 560 2906 2827 2960 
10 2638 2646 2632 2653 2858 2927 2872 2894 2943 2794 
10 2635 2630 2642 2651 2961 2869 2787 2790 2870 2683 
10 426 452 390 2641 729 730 480 2962 2663 2887 
10 410 45 363 247 527 525 529 2699 297 2688 
10 2630 2637 2636 2646 2934 2661 2819 2926 2882 2774 
10 389 448 442 2649 723 726 724 2823 2902 2903 
10 376 371 428 2636 635 634 637 2771 2763 2928 
10 2630 2638 2633 2651 2873 2800 2845 2870 2854 2855 
10 405 420 437 2634 714 627 775 2677 2917 2796 
10 411 248 2640 2652 2920 2963 2964 2922 2923 2749 
10 411 40 257 364 510 286 2921 514 512 2965 
10 401 400 2639 2640 707 2966 2752 2706 2967 2753 
10 358 259 410 2647 2937 2907 532 2968 2935 2906 
10 2630 2637 2646 2650 2934 2882 2926 2969 2766 2775 
10 433 432 2635 2646 647 2941 2814 2857 2949 2856 
10 262 253 243 2647 321 336 311 2723 2813 2970 
10 404 405 447 2648 712 774 607 2971 2802 2803 
10 251 255 254 2643 351 344 355 2852 2716 2776 
10 402 397 403 2638 751 759 617 2925 2956 2799 
10 244 256 38 359 281 276 280 2911 2908 506 
10 9 407 436 2642 493 494 487 2788 2972 2682 
10 388 2646 372 2653 2942 2933 641 2792 2943 2973 
10 42 357 258 2652 518 2974 292 2975 2977 2976 
10 401 446 400 2640 767 768 707 2706 2978 2967 
10 2632 2647 2638 2653 2827 2891 2872 2794 2896 2894 
10 427 398 441 2637 763 738 710 2781 2979 2693 
10 400 421 2639 2640 705 2874 2966 2967 2843 2753 
10 256 369 37 412 2695 501 277 2671 505 503 
10 257 411 364 2652 2921 514 2965 2924 2922 2980 
10 2630 2639 2642 2648 2850 2784 2869 2868 2884 2680 
10 385 421 387 2639 703 704 697 2981 2874 2875 
10 241 369 37 256 2694 501 273 278 2695 277 
10 413 456 455 2635 784 652 781 2815 2890 2982 
10 393 2636 438 2644 2946 2898 743 2959 2746 2936 
10 389 6 5 2645 470 11 469 2821 2865 2950 
10 385 383 2639 2648 692 2831 2981 2983 2883 2884 
10 417 2637 2642 2650 2915 2782 2916 2984 2766 2841 
10 421 359 412 2640 568 508 567 2843 2909 2674 
10 2634 2639 2630 2648 2851 2850 2806 2836 2884 2868 
10 68 380 440 2642 548 549 467 2837 2985 2889 
10 430 2647 439 2653 2892 2960 564 2895 2896 2986 
10 437 420 369 2634 627 623 626 2796 2917 2697 
10 427 441 386 2639 710 708 696 2780 2702 2987 
10 2630 2633 2641 2651 2845 2863 2885 2870 2855 2731 
10 439 2632 414 2653 2953 2742 780 2986 2794 2795 
10 387 385 2639 2648 697 2981 2875 2867 2983 2884 
10 407 436 2642 2648 494 2682 2972 2988 2681 2680 
10 6 2641 390 2645 2864 2887 471 2865 2756 2888 
10 250 251 252 2643 350 352 326 2721 2852 2769 
10 9 440 407 2642 466 495 493 2788 2889 2972 
10 244 249 250 2640 340 341 342 2801 2720 2719 
10 2632 2646 2636 2653 2927 2774 2740 2794 2943 2793 
10 258 357 2644 2652 2974 2989 2990 2976 2977 2904 
10 439 2647 2632 2653 2960 2827 2953 2986 2896 2794 
10 379 2646 2638 2653 2901 2858 2900 2991 2943 2894 
10 239 255 249 2652 316 317 318 2992 2833 2834 
10 412 38 256 359 504 276 2671 508 506 2908 
10 391 376 393 2636 658 660 661 2659 2771 2946 
10 2633 2643 2634 2645 2758 2808 2879 2761 2762 2755 
10 239 2644 255 2652 2993 2778 316 2992 2904 2833 
10 452 426 447 2641 729 610 777 2663 2962 2662 
10 383 427 386 2639 685 696 694 2831 2780 2987 
10 382 2642 383 2648 2994 2832 683 2995 2680 2883 
10 433 373 432 2646 645 632 647 2857 2996 2949 
10 449 9 8 2651 490 14 489 2955 2789 2931 
10 393 438 434 2644 743 559 734 2959 2936 2745 
10 2634 2641 2633 2645 2679 2863 2879 2755 2756 2761 
10 396 413 406 2638 756 757 754 2844 2817 2997 
10 436 366 2641 2648 492 2998 2729 2681 2999 2730 
10 446 401 445 2640 767 770 771 2978 2706 2707 
10 385 384 383 2648 693 687 692 2983 3000 2883 
10 398 392 441 2637 665 737 738 2979 2657 2693 
10 240 264 253 2649 323 324 322 2912 2829 2861 
10 413 406 2638 2651 757 2997 2817 2930 3001 2854 
10 417 2642 362 2650 2916 2944 582 2984 2841 2945 
10 451 438 393 2636 744 743 742 2899 2898 2946 
10 407 408 436 2648 691 609 494 2988 3002 2681 
10 417 450 2637 2650 764 3003 2915 2984 3004 2766 
10 377 375 376 2637 654 636 653 2910 2848 2772 
10 2634 2630 2641 2648 2806 2885 2679 2836 2868 2730 
10 68 2635 69 2650 2838 3005 71 2839 2840 3006 
10 243 48 262 2647 306 310 311 2970 3007 2723 
10 68 362 380 2642 546 547 548 2837 2944 2985 
10 360 68 69 2650 544 71 543 2958 2839 3006 
10 388 372 378 2653 641 639 640 2792 2973 3008 
10 379 373 433 2646 643 645 646 2901 2996 2857 
10 400 446 421 2640 768 569 705 2967 2978 2843 
10 371 370 372 2646 611 628 629 2773 2939 2933 
10 413 455 422 2635 781 782 778 2815 2982 3009 
10 357 434 2644 2652 558 2745 2989 2977 3010 2904 
10 370 371 367 2650 611 612 576 2940 2765 3011 
10 394 395 430 2653 674 745 746 3012 2919 2895 
10 239 42 258 2652 288 292 293 2992 2975 2976 
10 453 414 388 2653 718 716 671 3013 2795 2792 
10 379 2638 395 2653 2900 2918 673 2991 2894 2919 
10 246 444 35 261 3014 461 265 272 3015 271 
10 243 253 263 2647 336 337 338 2970 2813 2811 
10 248 244 39 2640 284 279 283 2963 2801 3016 
10 424 1 9 2635 464 15 463 3017 2859 2786 
10 370 432 373 2646 578 632 630 2939 2949 2996 
10 381 362 417 2642 580 582 583 2947 2944 2916 
10 7 2641 435 2651 3018 2876 478 3019 2731 2871 
10 447 2641 366 2648 2662 2998 608 2803 2730 2999 
10 2630 2646 2635 2650 2926 2856 2961 2969 2775 2840 
10 428 388 451 2636 642 720 721 2928 2741 2899 
10 259 263 242 2647 335 333 305 2935 2811 2905 
10 422 2635 449 2651 3009 2954 602 3020 2790 2955 
10 410 439 358 2647 560 561 532 2906 2960 2968 
10 6 426 390 2641 476 480 471 2864 2962 2887 
10 1 69 68 2635 72 71 70 2859 3005 2838 
10 0 260 443 2649 267 3021 457 3022 3024 3023 
10 252 251 253 2643 352 353 354 2769 2852 2809 
10 2635 2630 2638 2646 2961 2873 2818 2856 2926 2858 
10 372 2646 378 2653 2933 3025 639 2973 2943 3008 
10 427 417 398 2637 686 762 763 2781 2915 2979 
10 404 387 405 2648 699 711 712 2971 2867 2802 
10 377 392 398 2637 664 665 666 2910 2657 2979 
10 379 396 395 2638 675 676 673 2900 2844 2918 
10 439 414 453 2653 780 718 748 2986 2795 3013 
10 394 430 439 2653 746 564 747 3012 2895 2986 
10 239 258 2644 2652 293 2990 2993 2992 2976 2904 
10 239 258 255 2644 293 320 316 2993 2990 2778 
10 260 246 264 2649 269 348 325 3024 3026 2829 
10 413 2635 422 2651 2815 3009 778 2930 2790 3020 
10 261 246 444 2645 272 3014 3015 2667 3028 3027 
10 254 253 251 2643 356 353 355 2776 2809 2852 
10 450 375 2637 2650 656 2848 3003 3004 2877 2766 
10 361 360 69 2650 551 543 550 2957 2958 3006 
10 42 429 357 2652 516 520 518 2975 3029 2977 
10 384 382 383 2648 688 683 687 3000 2995 2883 
10 382 381 383 2642 678 682 683 2994 2947 2832 
10 402 368 419 2647 616 538 619 2830 2724 3030 
10 409 438 418 2644 556 779 585 2914 2936 2709 
10 417 431 450 2650 584 657 764 2984 3031 3004 
10 415 390 437 2645 727 728 625 2669 2888 2797 
10 385 400 421 2639 702 705 703 2981 2966 2874 
10 361 370 367 2650 575 576 570 2957 2940 3011 
10 361 69 2635 2650 550 3005 2952 2957 3006 2840 
10 436 366 8 2641 492 483 488 2729 2998 2938 
10 261 444 415 2645 3015 499 2665 2667 3027 2669 
10 357 429 434 2652 520 557 558 2977 3029 3010 
10 402 395 397 2638 752 750 751 2925 2918 2956 
10 406 423 2638 2651 601 2798 2997 3001 2853 2854 
10 49 240 262 2649 313 314 309 3032 2912 2726 
10 364 445 425 2652 591 593 592 2980 2747 2748 
10 2630 2642 2637 2650 2869 2782 2934 2969 2841 2766 
10 448 416 368 2649 622 541 621 2902 3033 2727 
10 387 384 385 2648 698 693 697 2867 3000 2983 
10 386 385 383 2639 695 692 694 2987 2981 2831 
10 9 449 424 2635 490 496 463 2786 2954 3017 
10 415 35 444 261 497 461 499 2665 271 3015 
10 378 373 379 2653 638 643 644 3008 3034 2991 
10 243 419 48 2647 3035 534 306 2970 3030 3007 
10 8 2641 7 2651 2938 3018 13 2931 2731 3019 
10 377 450 375 2637 655 656 654 2910 3003 2848 
10 39 411 248 2640 509 2920 283 3016 2964 2963 
10 423 397 406 2638 760 755 601 2798 2956 2997 
10 404 447 366 2648 607 608 604 2971 2803 2999 
10 398 417 450 2637 762 764 667 2979 2915 3003 
10 456 432 374 2635 651 579 650 2890 2941 3036 
10 373 2646 379 2653 2996 2901 643 3034 2943 2991 
10 444 246 0 2645 3014 266 460 3027 3028 3037 
10 441 401 386 2639 709 706 708 2702 2752 2987 
10 361 374 432 2635 553 579 577 2952 3036 2941 
10 2635 2638 2630 2651 2818 2873 2961 2790 2854 2870 
10 244 359 39 2640 2911 507 279 2801 2909 3016 
10 2630 2635 2642 2650 2961 2787 2869 2969 2840 2841 
10 456 374 455 2635 650 649 652 2890 3036 2982 
10 417 362 431 2650 582 573 584 2984 2945 3031 
10 422 424 449 2635 785 496 602 3009 3017 2954 
10 378 2646 373 2653 3025 2996 638 3008 2943 3034 
10 249 244 248 2640 340 284 339 2720 2801 2963 
10 264 246 252 2645 348 346 347 2760 3028 2770 
10 435 7 6 2641 478 12 477 2876 3018 2864 
10 434 429 399 2652 557 766 736 3010 3029 2878 
10 246 2645 264 2649 3028 2760 348 3026 2824 2829 
10 246 261 252 2645 272 330 346 3028 2667 2770 
10 5 2645 0 2649 2950 3037 10 2951 2824 3022 
10 8 366 7 2641 483 484 13 2938 2998 3018 
10 454 364 425 2652 595 592 594 2897 2980 2748 
10 371 375 367 2650 613 614 612 2765 2877 3011 
10 376 428 393 2636 637 662 660 2771 2928 2946 
10 6 390 5 2645 471 472 11 2865 2888 2950 
10 455 424 422 2635 648 785 782 2982 3017 3009 
10 359 421 446 2640 568 569 565 2909 2843 2978 
10 436 408 366 2648 609 605 492 2681 3002 2999 
10 381 380 362 2642 581 547 580 2947 2985 2944 
10 7 435 365 2651 478 485 481 3019 2871 3038 
10 379 395 394 2653 673 674 668 2991 2919 3012 
10 245 258 43 2644 296 291 295 2880 2990 3039 
10 245 43 409 2644 295 521 2932 2880 3039 2914 
10 450 431 375 2650 657 615 656 3004 3031 2877 
10 401 400 386 2639 707 701 706 2752 2966 2987 
10 357 43 258 2644 519 291 2974 2989 3039 2990 
10 444 0 5 2645 460 10 459 3027 3037 2950 
10 0 443 5 2649 457 458 10 3022 3023 2951 
10 428 451 393 2636 721 742 662 2928 2899 2946 
10 370 373 372 2646 630 631 628 2939 2996 2933 
10 378 372 373 2646 639 631 638 3025 2933 2996 
10 359 411 39 2640 511 509 507 2909 2964 3016 
10 440 380 407 2642 549 681 495 2889 2985 2972 
10 439 430 358 2647 564 562 561 2960 2892 2968 
10 361 69 374 2635 550 552 553 2952 3005 3036 
10 397 395 396 2638 750 676 749 2956 2918 2844 
10 69 1 424 2635 72 464 468 3005 2859 3017 
10 377 398 450 2637 666 667 655 2910 2979 3003 
10 360 361 367 2650 551 570 571 2958 2957 3011 
10 382 380 381 2642 679 581 678 2994 2985 2947 
10 357 409 43 2644 523 521 519 2989 2914 3039 
10 455 374 424 2635 649 554 648 2982 3036 3017 
10 257 239 249 2652 290 318 319 2924 2992 2834 
10 245 255 258 2644 345 320 296 2880 2778 2990 
10 384 408 382 2648 689 690 688 3000 3002 2995 
10 413 422 406 2651 778 598 757 2930 3020 3001 
10 399 429 454 2652 766 596 765 2878 3029 2897 
10 386 400 385 2639 701 702 695 2987 2966 2981 
10 431 362 360 2650 573 545 572 3031 2945 2958 
10 374 69 424 2635 552 468 554 3036 3005 3017 
10 423 365 435 2651 600 485 603 2853 3038 2871 
10 426 366 447 2641 486 608 610 2962 2998 2662 
10 397 396 406 2638 749 754 755 2956 2844 2997 
10 404 366 408 2648 604 605 606 2971 2999 3002 
10 259 358 47 2647 2937 531 303 2935 2968 3040 
10 444 390 415 2645 474 727 499 3027 2888 2669 
10 7 426 6 2641 475 476 12 3018 2962 2864 
10 407 380 382 2642 681 679 680 2972 2985 2994 
10 446 445 411 2640 771 590 566 2978 2707 2964 
10 47 243 259 2647 307 308 303 3040 2970 2935 
10 448 389 416 2649 723 722 622 2902 2823 3033 
10 404 384 387 2648 700 698 699 2971 3000 2867 
10 453 388 378 2653 671 640 670 3013 2792 3008 
10 244 38 39 359 280 55 279 2911 506 507 
10 5 443 389 2649 458 473 469 2951 3023 2823 
10 37 36 369 241 53 500 501 273 274 2694 
10 409 44 43 245 522 60 521 2932 294 295 
10 365 8 7 2651 482 13 481 3038 2931 3019 
10 419 430 402 2647 563 753 619 3030 2892 2830 
10 7 366 426 2641 484 486 475 3018 2998 2962 
10 260 240 50 2649 315 312 268 3024 2912 3041 
10 357 438 409 2644 555 556 523 2989 2936 2914 
10 434 438 357 2644 559 555 558 2745 2936 2989 
10 259 243 263 2647 308 338 335 2935 2970 2811 
10 419 243 47 2647 3035 307 533 3030 2970 3040 
10 5 390 444 2645 472 474 459 2950 2888 3027 
10 260 50 443 2649 268 462 3021 3024 3041 3023 
10 410 46 45 242 528 62 527 2698 300 301 
10 45 44 363 247 61 524 525 297 298 2688 
10 257 364 41 2652 2965 513 285 2924 2980 3042 
10 431 360 367 2650 572 571 574 3031 2958 3011 
10 375 431 367 2650 615 574 614 2877 3031 3011 
10 394 439 453 2653 747 748 672 3012 2986 3013 
10 446 411 359 2640 566 511 565 2978 2964 2909 
10 239 257 41 2652 290 285 289 2992 2924 3042 
10 415 36 35 261 498 52 497 2665 270 271 
10 35 0 444 246 51 460 461 265 266 3014 
10 47 48 243 419 64 306 307 533 534 3035 
10 406 365 423 2651 597 600 601 3001 3038 2853 
10 358 419 47 2647 535 533 531 2968 3030 3040 
10 365 449 8 2651 491 489 482 3038 2955 2931 
10 264 240 260 2649 323 315 325 2829 2912 3024 
10 404 408 384 2648 606 689 700 2971 3002 3000 
10 358 430 419 2647 562 563 535 2968 2892 3030 
10 422 449 365 2651 602 491 599 3020 2955 3038 
10 256 37 38 412 277 54 276 2671 503 504 
10 358 47 46 259 531 63 530 2937 303 304 
10 378 379 394 2653 644 668 669 3008 2991 3012 
10 48 49 262 368 65 309 310 536 537 2725 
10 257 40 41 364 286 57 285 2965 512 513 
10 406 422 365 2651 598 599 597 3001 3020 3038 
10 389 443 416 2649 473 542 722 2823 3023 3033 
10 416 443 50 2649 542 462 540 3033 3023 3041 
10 3 1 69 68 33 72 787 786 70 71 
10 357 43 42 258 519 59 518 2974 291 292 
10 429 364 454 2652 517 595 596 3029 2980 2897 
10 50 0 260 443 67 267 268 462 457 3021 
10 41 364 429 2652 513 517 515 3042 2980 3029 
10 394 453 378 2653 672 670 669 3012 3013 3008 
10 39 40 248 411 56 282 283 509 510 2920 
10 2647 403 2638 402 2734 2799 2891 2830 617 2925 
10 2647 2638 403 2633 2891 2799 2734 2735 2800 2732 
10 2649 2647 253 262 2728 2813 2861 2726 2723 321 
10 2649 253 2647 2633 2861 2813 2728 2791 2835 2735 
10 2642 1 9 440 2860 15 2788 2889 465 466 
10 2642 9 1 2635 2788 15 2860 2787 2786 2859 
10 2645 369 437 415 2718 626 2797 2669 502 625 
10 2645 437 369 2634 2797 626 2718 2755 2796 2697 
10 415 241 36 261 2666 274 498 2665 275 270 
10 36 241 415 369 274 2666 498 500 2694 502 
10 434 2631 2652 399 2736 2768 3010 736 2670 2878 
10 2652 2631 434 2644 2768 2736 3010 2904 2744 2745 
10 2646 428 388 372 2929 642 2942 2933 633 641 
10 2646 388 428 2636 2942 642 2929 2774 2741 2928 
10 2652 248 249 257 2923 339 2834 2924 287 319 
10 2652 249 248 2640 2834 339 2923 2749 2720 2963 
10 2649 246 0 260 3026 266 3022 3024 269 267 
10 2649 0 246 2645 3022 266 3026 2824 3037 3028 
10 2649 49 368 262 3032 537 2727 2726 309 2725 
10 2649 368 49 416 2727 537 3032 3033 541 539 
10 2648 407 382 2642 2988 680 2995 2680 2972 2994 
10 2648 382 407 408 2995 680 2988 3002 690 691 
10 2647 48 368 419 3007 536 2724 3030 534 538 
10 2647 368 48 262 2724 536 3007 2723 2725 310 
10 2652 411 445 2640 2922 590 2747 2749 2964 2707 
10 2652 445 411 364 2747 590 2922 2980 591 514 
10 2649 49 50 416 3032 66 3041 3033 539 540 
10 2649 50 49 240 3041 66 3032 2912 312 313 
10 2652 42 41 239 2975 58 3042 2992 288 289 
10 2652 41 42 429 3042 58 2975 3029 515 516 
10 371 841 376 3078 3132 3133 635 3134 3136 3135 
10 69 808 361 807 1120 3137 550 1121 1122 3138 
10 912 3044 3069 3082 3139 3140 3141 3142 3144 3143 
10 987 428 372 3076 3145 633 3146 3147 3149 3148 
10 3050 3068 949 3103 3150 3151 3152 3153 3155 3154 
10 872 3058 3050 3077 3156 3157 3158 3159 3161 3160 
10 791 3087 2126 3090 3162 3163 3164 3165 3167 3166 
10 987 843 428 3076 1529 3168 3145 3147 3169 3149 
10 890 3062 3047 3081 3170 3171 3172 3173 3175 3174 
10 865 3084 3070 3095 3176 3177 3178 3179 3181 3180 
10 815 3093 398 3106 3182 3183 3184 3185 3187 3186 
10 890 851 934 3062 1575 1576 1578 3170 3189 3188 
10 428 842 987 372 3190 1530 3145 633 3191 3146 
10 890 934 3047 3062 1578 3192 3172 3170 3188 3171 
10 371 841 840 376 3132 1428 3193 635 3133 3194 
10 910 912 3044 3069 1815 3139 3195 3196 3141 3140 
10 899 929 3051 3090 1598 3197 3198 3199 3201 3200 
10 822 376 841 3078 3202 3133 1427 3203 3135 3136 
10 842 843 428 987 1525 3168 3190 1530 1529 3145 
10 798 1995 3046 3090 3204 3205 3206 3207 3209 3208 
10 929 3061 3051 3090 3210 3211 3197 3201 3212 3200 
10 822 840 841 376 1375 1428 1427 3202 3194 3133 
10 371 376 428 3078 635 637 634 3134 3135 3213 
10 1998 3046 363 3098 3214 3215 3216 3217 3219 3218 
10 851 3047 934 3062 3220 3192 1576 3189 3171 3188 
10 3050 3058 949 3068 3157 3221 3152 3150 3222 3151 
10 933 3050 872 3058 3223 3158 1681 3224 3157 3156 
10 798 3046 1995 3080 3206 3205 3204 3225 3227 3226 
10 906 3048 905 3071 3228 3229 1685 3230 3232 3231 
10 822 376 3078 3101 3202 3135 3203 3233 3235 3234 
10 933 3050 949 3103 3223 3152 1682 3236 3153 3154 
10 2071 2126 3087 3090 2274 3163 3237 3238 3166 3167 
10 1998 363 3046 3094 3216 3215 3214 3239 3241 3240 
10 949 3050 933 3058 3152 3223 1682 3221 3157 3224 
10 843 842 428 3078 1525 3190 3168 3242 3243 3213 
10 861 879 396 3077 1616 3244 3245 3246 3248 3247 
10 912 3069 3055 3082 3141 3249 3250 3142 3143 3251 
10 798 3046 1042 3090 3206 3252 1304 3207 3208 3253 
10 899 3051 929 3061 3198 3197 1598 3254 3211 3210 
10 890 3047 934 3081 3172 3192 1578 3173 3174 3255 
10 379 396 879 3077 675 3244 3256 3257 3247 3248 
10 1998 3046 2069 3094 3214 3258 2345 3239 3240 3259 
10 931 848 3046 3076 1552 3260 3261 3262 3264 3263 
10 931 3046 3057 3076 3261 3265 3266 3262 3263 3267 
10 260 2086 2012 2015 3268 2425 3269 3270 2424 2413 
10 905 3048 906 3085 3229 3228 1685 3271 3273 3272 
10 869 3043 942 3058 3274 3275 1666 3276 3278 3277 
10 3048 905 3071 3085 3229 3231 3232 3273 3271 3279 
10 842 428 371 372 3190 634 3280 3191 633 629 
10 920 942 3043 3058 1665 3275 3281 3282 3277 3278 
10 3046 3061 929 3090 3283 3210 3284 3208 3212 3201 
10 1993 998 3085 3096 3285 3286 3287 3288 3290 3289 
10 798 968 1995 3090 1201 3291 3204 3207 3292 3209 
10 975 931 848 3046 1563 1552 1561 3293 3261 3260 
10 815 427 398 3093 3294 763 3184 3182 3295 3183 
10 880 3093 815 3106 3296 3182 1393 3297 3187 3185 
10 863 865 3070 3095 1635 3178 3298 3299 3179 3180 
10 843 841 842 3078 1524 1519 1525 3242 3136 3243 
10 931 3057 3046 3080 3266 3265 3261 3300 3301 3227 
10 920 869 942 3058 1664 1666 1665 3282 3276 3277 
10 3044 3065 910 3069 3302 3303 3195 3140 3304 3196 
10 861 859 879 3077 1615 1617 1616 3246 3305 3248 
10 872 3050 932 3077 3158 3306 1613 3159 3160 3307 
10 396 861 3077 3095 3245 3246 3247 3308 3310 3309 
10 949 933 872 3058 1682 1681 1678 3221 3224 3156 
10 863 865 864 3070 1635 1634 1630 3298 3178 3311 
10 1034 1013 916 3088 1168 1824 1302 3312 3314 3313 
10 842 841 840 371 1519 1428 1520 3280 3132 3193 
10 955 839 3062 3105 1497 3315 3316 3317 3319 3318 
10 880 3065 3093 3106 3320 3321 3296 3297 3322 3187 
10 859 379 879 3077 3323 3256 1617 3305 3257 3248 
10 3050 3067 932 3077 3324 3325 3306 3160 3326 3307 
10 798 1042 968 3090 1304 1303 1201 3207 3253 3292 
10 884 3059 3049 3123 3327 3328 3329 3330 3332 3331 
10 855 3051 3061 3067 3333 3211 3334 3335 3337 3336 
10 899 930 929 3090 1793 1792 1598 3199 3338 3201 
10 376 822 840 3101 3202 1375 3194 3235 3233 3339 
10 873 906 905 3071 1686 1685 1684 3340 3230 3231 
10 983 863 396 867 1626 3341 3342 1638 1637 3343 
10 2057 2028 3043 3114 2504 3344 3345 3346 3348 3347 
10 2036 2028 368 3043 2502 3349 3350 3351 3344 3352 
10 894 3057 3053 3078 3353 3354 3355 3356 3358 3357 
10 1012 931 3046 3080 1827 3261 3359 3360 3300 3227 
10 930 3046 929 3090 3361 3284 1792 3338 3208 3201 
10 428 3076 843 3078 3149 3169 3168 3213 3362 3242 
10 791 3051 3087 3090 3363 3364 3162 3165 3200 3167 
10 438 3053 3057 3078 3365 3354 3366 3367 3357 3358 
10 865 863 406 3095 1635 3368 3369 3179 3299 3370 
10 925 3055 3066 3110 3371 3372 3373 3374 3376 3375 
10 3048 3073 3059 3116 3377 3378 3379 3380 3382 3381 
10 955 3062 404 3105 3316 3383 3384 3317 3318 3385 
10 372 987 3076 3117 3146 3147 3148 3386 3388 3387 
10 2075 1999 3098 3113 2357 3389 3390 3391 3393 3392 
10 851 3047 3062 3072 3220 3171 3189 3394 3396 3395 
10 3055 3069 3044 3082 3249 3140 3397 3251 3143 3144 
10 3056 3085 998 3096 3398 3286 3399 3400 3289 3290 
10 441 398 3093 3106 738 3183 3401 3402 3186 3187 
10 848 3061 3046 3076 3403 3283 3260 3264 3404 3263 
10 3052 1008 3064 3075 3405 3406 3407 3408 3410 3409 
10 899 855 3051 3061 1596 3333 3198 3254 3334 3211 
10 950 933 949 3103 1854 1682 1855 3411 3236 3154 
10 975 3046 848 3061 3293 3260 1561 3412 3283 3403 
10 371 1025 842 372 3413 1531 3280 629 3414 3191 
10 1013 916 3088 3123 1824 3313 3314 3415 3417 3416 
10 1006 3047 3072 3096 3418 3396 3419 3420 3422 3421 
10 874 3056 1006 3072 3423 3424 1689 3425 3426 3419 
10 894 914 3053 3057 1769 3427 3355 3353 3428 3354 
10 3044 399 3065 3069 3429 3430 3302 3140 3431 3304 
10 869 942 3043 3070 1666 3275 3274 3432 3434 3433 
10 3059 3073 961 3116 3378 3435 3436 3381 3382 3437 
10 955 404 3062 3086 3384 3383 3316 3438 3440 3439 
10 368 3043 2028 3114 3352 3344 3349 3441 3347 3348 
10 419 2036 368 3043 3442 3350 538 3443 3351 3352 
10 379 3077 1023 3111 3257 3444 3445 3446 3448 3447 
10 814 2109 3054 3075 3449 3450 3451 3452 3454 3453 
10 2099 2128 2098 3088 2181 2266 2604 3455 3457 3456 
10 406 3084 865 3095 3458 3176 3369 3370 3181 3179 
10 3054 3064 1005 3075 3459 3460 3461 3453 3409 3462 
10 884 883 3049 3093 1719 3463 3329 3464 3466 3465 
10 992 961 3059 3073 1881 3436 3467 3468 3435 3378 
10 952 3048 906 3071 3469 3228 1687 3470 3232 3230 
10 855 892 899 3051 1594 1597 1596 3333 3471 3198 
10 2028 419 2036 368 3472 3442 2502 3349 538 3350 
10 1996 3046 1998 3080 3473 3214 2344 3474 3227 3475 
10 418 3057 3046 3076 3476 3265 3477 3478 3267 3263 
10 1998 1996 2069 3046 2344 2346 2345 3214 3473 3258 
10 900 404 955 3086 3479 3384 1696 3480 3440 3438 
10 992 3059 993 3073 3467 3481 1732 3468 3378 3482 
10 798 1012 1042 3046 1305 1307 1304 3206 3359 3252 
10 1006 3072 3056 3096 3419 3426 3424 3420 3421 3400 
10 1025 987 842 372 1533 1530 1531 3414 3146 3191 
10 863 3070 864 3095 3298 3311 1630 3299 3180 3483 
10 855 892 3051 3067 1594 3471 3333 3335 3484 3337 
10 1998 3080 3046 3098 3475 3227 3214 3217 3485 3219 
10 950 949 3068 3103 1855 3151 3486 3411 3154 3155 
10 910 974 912 3069 1817 1816 1815 3196 3487 3141 
10 2113 2058 2115 3043 2611 2613 2238 3488 3490 3489 
10 892 3051 3067 3087 3471 3337 3484 3491 3364 3492 
10 869 3043 3058 3070 3274 3278 3276 3432 3433 3493 
10 357 2075 3098 3113 3494 3390 3495 3496 3391 3392 
10 925 3066 972 3110 3373 3497 1836 3374 3375 3498 
10 1021 3055 912 3069 3499 3250 1820 3500 3249 3141 
10 992 961 995 3059 1881 1882 1573 3467 3436 3501 
10 430 3050 3058 3077 3502 3157 3503 3504 3160 3161 
10 3053 3057 914 3100 3354 3428 3427 3505 3507 3506 
10 955 900 875 404 1696 1695 1498 3384 3479 3508 
10 3044 399 3069 3092 3429 3431 3140 3509 3511 3510 
10 39 2017 2024 2025 3512 2448 3513 3514 2450 2449 
10 934 851 887 3047 1576 1511 1577 3192 3220 3515 
10 993 3059 884 3123 3481 3327 1730 3516 3332 3330 
10 427 441 398 3093 710 738 763 3295 3401 3183 
10 2071 3087 3051 3090 3237 3364 3517 3238 3167 3200 
10 418 3046 414 3061 3477 3518 589 3519 3283 3520 
10 2099 1013 3088 3123 3521 3314 3455 3522 3415 3416 
10 3049 3088 916 3123 3523 3313 3524 3331 3416 3417 
10 3050 394 3067 3077 3525 3526 3324 3160 3527 3326 
10 836 3052 1008 3064 3528 3405 1502 3529 3407 3406 
10 851 887 3047 3072 1511 3515 3220 3394 3530 3396 
10 3070 3084 397 3095 3177 3531 3532 3180 3181 3533 
10 1005 3064 1008 3075 3460 3406 1875 3462 3409 3410 
10 379 433 879 396 646 3534 3256 675 677 3244 
10 3049 3059 445 3125 3328 3535 3536 3537 3539 3538 
10 430 394 3050 3077 746 3525 3502 3504 3527 3160 
10 1021 1038 912 3082 1823 1822 1820 3540 3541 3142 
10 2115 3043 2058 3068 3489 3490 2613 3542 3544 3543 
10 396 413 983 867 756 3545 3342 3343 3546 1638 
10 363 3046 418 3098 3215 3477 586 3218 3219 3547 
10 2082 241 2016 2088 3548 3549 2416 2446 3550 2444 
10 929 3046 975 3061 3284 3293 1562 3210 3283 3412 
10 3050 951 3067 3087 3551 3552 3324 3553 3554 3492 
10 814 3054 2109 3083 3451 3450 3449 3555 3557 3556 
10 2036 2057 2028 3043 2505 2504 2502 3351 3345 3344 
10 1995 968 2123 3090 3291 3558 2214 3209 3292 3559 
10 859 1023 3077 3111 1606 3444 3305 3560 3447 3448 
10 992 993 961 3073 1732 1880 1881 3468 3482 3435 
10 2068 3046 1995 3090 3561 3205 2342 3562 3208 3209 
10 379 859 1023 3077 3323 1606 3445 3257 3305 3444 
10 1027 890 3045 3062 1583 3563 3564 3565 3170 3566 
10 811 377 450 812 3567 655 3568 1343 3570 3569 
10 3052 3064 836 3089 3407 3529 3528 3571 3573 3572 
10 1006 3047 887 3072 3418 3515 1744 3419 3396 3530 
10 955 835 839 3105 1496 1494 1497 3317 3574 3319 
10 873 952 906 3071 1473 1687 1686 3340 3470 3230 
10 1021 912 3055 3082 1820 3250 3499 3540 3142 3251 
10 427 3093 815 3130 3295 3182 3294 3575 3577 3576 
10 872 933 932 3050 1681 1680 1613 3158 3223 3306 
10 3056 3071 905 3085 3578 3231 3579 3398 3279 3271 
10 2098 3088 3049 3123 3456 3523 3580 3581 3416 3331 
10 368 3063 3043 3114 3582 3583 3352 3441 3584 3347 
10 1021 3055 1038 3082 3499 3585 1823 3540 3251 3541 
10 879 379 859 1023 3256 3323 1617 1618 3445 1606 
10 874 3071 3056 3072 3586 3578 3423 3425 3587 3426 
10 941 874 1006 3072 1483 1689 1691 3588 3425 3419 
10 379 879 433 1023 3256 3534 646 3445 1618 3589 
10 425 454 399 3044 594 765 739 3590 3591 3429 
10 1012 3046 798 3080 3359 3206 1305 3360 3227 3225 
10 929 930 975 3046 1792 1847 1562 3284 3361 3293 
10 883 3049 3093 3131 3463 3465 3466 3592 3594 3593 
10 2012 240 2013 2018 3595 3596 2409 2422 3597 2423 
10 884 881 883 3093 1718 1716 1719 3464 3598 3466 
10 1995 3046 1996 3080 3205 3473 2337 3226 3227 3474 
10 1040 3051 791 3090 3599 3363 1260 3600 3200 3165 
10 958 887 1006 3047 1743 1744 1745 3601 3515 3418 
10 890 3045 3062 3081 3563 3566 3170 3173 3602 3175 
10 2036 3043 419 3102 3351 3443 3442 3603 3605 3604 
10 405 3062 3047 3072 3606 3171 3607 3608 3395 3396 
10 903 1033 959 3043 1290 1225 1804 3609 3611 3610 
10 2068 1996 1995 3046 2341 2337 2342 3561 3473 3205 
10 991 836 1008 3064 1500 1502 1501 3612 3529 3406 
10 2075 2072 1999 3113 2360 2359 2357 3391 3613 3393 
10 929 975 848 3061 1562 1561 1559 3210 3412 3403 
10 405 437 3047 3062 775 3614 3607 3606 3615 3171 
10 425 3044 399 3065 3590 3429 739 3616 3302 3430 
10 2119 999 3082 3088 3617 3618 3619 3620 3622 3621 
10 1021 925 3055 3069 1835 3371 3499 3500 3623 3249 
10 2080 2081 38 2025 2491 3624 3625 2490 2451 3626 
10 884 3049 3059 3093 3329 3328 3327 3464 3465 3627 
10 3052 836 3074 3089 3528 3628 3629 3571 3572 3630 
10 1006 958 3047 3096 1745 3601 3418 3420 3631 3422 
10 815 948 880 3106 1362 1394 1393 3185 3632 3297 
10 2109 2047 3054 3075 2587 3633 3450 3454 3634 3453 
10 401 3049 3065 3093 3635 3636 3637 3638 3465 3321 
10 925 3066 3055 3069 3373 3372 3371 3623 3639 3249 
10 2057 3114 3043 3115 3346 3347 3345 3640 3642 3641 
10 441 3093 3065 3106 3401 3321 3643 3402 3187 3322 
10 942 943 902 3043 1667 1707 1800 3275 3645 3644 
10 2081 256 2082 2088 3646 3647 2421 2628 3648 2446 
10 3044 3069 3055 3092 3140 3249 3397 3509 3510 3649 
10 3053 972 3066 3110 3650 3497 3651 3652 3498 3375 
10 937 836 991 3064 1100 1500 1499 3653 3529 3612 
10 3047 3081 3062 3107 3174 3175 3171 3654 3656 3655 
10 918 3057 931 3080 3657 3266 1772 3658 3301 3300 
10 401 3049 425 3065 3635 3659 769 3637 3636 3616 
10 1001 1014 980 3119 1868 1672 1892 3660 3662 3661 
10 7 18 19 964 3663 27 3664 3665 1081 1080 
10 946 3060 3045 3112 3666 3667 3668 3669 3671 3670 
10 2124 2119 3082 3088 2267 3619 3672 3673 3620 3621 
10 952 3048 3071 3079 3469 3232 3470 3674 3676 3675 
10 995 3059 3048 3079 3501 3379 3677 3678 3679 3676 
10 943 3043 942 3070 3645 3275 1667 3680 3433 3434 
10 2032 2060 3073 3124 2522 3681 3682 3683 3685 3684 
10 946 945 3060 3112 1869 3686 3666 3669 3687 3671 
10 2098 2099 3088 3123 2604 3455 3456 3581 3522 3416 
10 791 2126 1981 3090 3164 2220 3688 3165 3166 3689 
10 2086 50 2018 2034 3690 3691 2426 2456 3692 2454 
10 1008 3075 3052 3097 3410 3408 3405 3693 3695 3694 
10 998 3056 907 3085 3399 3696 1277 3286 3398 3697 
10 976 1047 373 3117 1586 3698 3699 3700 3702 3701 
10 839 3072 3062 3105 3703 3395 3315 3319 3704 3318 
10 3047 3062 437 3107 3171 3615 3614 3654 3655 3705 
10 21 3074 836 3089 3706 3628 1096 3707 3630 3572 
10 874 941 3071 3072 1483 3708 3586 3425 3588 3587 
10 3055 3069 399 3092 3249 3431 3709 3649 3510 3511 
10 2014 2007 2011 249 2399 2397 2400 3710 3712 3711 
10 50 49 240 2018 66 313 312 3691 3713 3597 
10 846 3076 3057 3078 3714 3267 3715 3716 3362 3358 
10 969 3082 3055 3110 3717 3251 3718 3719 3720 3376 
10 406 863 865 867 3368 1635 3369 3721 1637 1636 
10 1038 986 969 3082 1886 1884 1417 3541 3722 3717 
10 986 3055 969 3082 3723 3718 1884 3722 3251 3717 
10 1033 3043 903 3115 3611 3609 1290 3724 3641 3725 
10 3046 3057 418 3098 3265 3476 3477 3219 3726 3547 
10 2052 2098 3049 3123 2592 3580 3727 3728 3581 3331 
10 1010 3051 892 3087 3729 3471 1765 3730 3364 3491 
10 418 414 388 3061 589 716 717 3519 3520 3731 
10 1040 791 3051 3087 1260 3363 3599 3732 3162 3364 
10 375 376 840 3101 636 3194 3733 3734 3235 3339 
10 942 1044 920 3043 1802 1829 1665 3275 3735 3281 
10 1012 931 975 3046 1827 1563 1852 3359 3261 3293 
10 993 3073 3059 3123 3482 3378 3481 3516 3736 3332 
10 793 998 907 3085 1150 1277 1274 3737 3286 3697 
10 445 3049 401 3059 3536 3635 770 3535 3328 3738 
10 399 3044 454 3092 3429 3591 765 3511 3509 3739 
10 438 357 3098 3113 555 3495 3740 3741 3496 3392 
10 2044 416 3054 3091 3742 3743 3744 3745 3747 3746 
10 2050 3044 2124 3082 3748 3749 2589 3750 3144 3672 
10 454 2031 3092 3108 3751 3752 3739 3753 3755 3754 
10 453 3051 439 3067 3756 3757 748 3758 3337 3759 
10 810 815 398 809 1358 3184 3760 1339 1359 3761 
10 1012 918 931 3080 1826 1772 1827 3360 3658 3300 
10 839 838 3072 3105 1495 3762 3703 3319 3763 3704 
10 2109 2047 2117 3054 2587 2575 2262 3450 3633 3764 
10 2126 2071 1981 3090 2274 2273 2220 3166 3238 3689 
10 2050 2124 2055 3082 2589 2596 2595 3750 3672 3765 
10 2052 3049 2098 3108 3727 3580 2592 3766 3768 3767 
10 1027 3062 3045 3099 3565 3566 3564 3769 3771 3770 
10 1027 889 3062 3099 1581 3772 3565 3769 3773 3771 
10 920 3043 1044 3068 3281 3735 1829 3774 3544 3775 
10 969 1988 3082 3110 3776 3777 3717 3719 3778 3720 
10 392 3065 399 3069 3779 3430 733 3780 3304 3431 
10 2106 3060 896 3112 3781 3782 3783 3784 3671 3785 
10 884 3049 913 3123 3329 3786 1726 3330 3331 3787 
10 375 840 812 3101 3733 1376 3788 3734 3339 3789 
10 900 955 1045 3086 1696 1748 1796 3480 3438 3790 
10 2036 3068 3043 3102 3791 3544 3351 3603 3792 3605 
10 905 3056 874 3071 3579 3423 1683 3231 3578 3586 
10 2072 2116 1999 3053 2361 2351 2359 3793 3795 3794 
10 974 910 3065 3069 1817 3303 3796 3487 3196 3304 
10 902 3063 3043 3070 3797 3583 3644 3798 3799 3433 
10 425 3065 3049 3108 3616 3636 3659 3800 3801 3768 
10 885 3054 3083 3109 3802 3557 3803 3804 3806 3805 
10 453 3061 3051 3067 3807 3211 3756 3758 3336 3337 
10 377 375 450 812 654 656 655 3570 3788 3569 
10 812 811 377 3101 1343 3567 3570 3789 3809 3808 
10 409 357 2075 3098 523 3494 3810 3811 3495 3390 
10 985 3053 972 3066 3812 3650 1825 3813 3651 3497 
10 892 3067 951 3087 3484 3552 1766 3491 3492 3554 
10 850 3059 995 3079 3814 3501 1572 3815 3679 3678 
10 946 3045 3060 3099 3668 3667 3666 3816 3770 3817 
10 3062 3081 3045 3107 3175 3602 3566 3655 3656 3818 
10 438 3098 3053 3113 3740 3819 3365 3741 3392 3820 
10 450 806 811 812 3821 1342 3568 3569 1344 1343 
10 959 3043 2115 3068 3610 3489 3822 3823 3544 3542 
10 446 445 3059 3125 771 3535 3824 3825 3538 3539 
10 937 21 836 3089 1093 1096 1100 3826 3707 3572 
10 2113 3043 1033 3115 3488 3611 3827 3828 3641 3724 
10 406 397 3084 3095 755 3531 3458 3370 3533 3181 
10 396 863 983 3095 3341 1626 3342 3308 3299 3829 
10 2044 3054 416 3114 3744 3743 3742 3830 3832 3831 
10 937 836 3064 3089 1100 3529 3653 3826 3572 3573 
10 373 379 1023 3111 643 3445 3833 3834 3446 3447 
10 943 902 3043 3070 1707 3644 3645 3680 3798 3433 
10 2032 3073 359 3124 3682 3835 3836 3683 3684 3837 
10 2109 3054 2117 3083 3450 3764 2262 3556 3557 3838 
10 920 1044 1019 3068 1829 1833 1832 3774 3775 3839 
10 3048 3071 3056 3085 3232 3578 3840 3273 3279 3398 
10 943 3063 902 3070 3841 3797 1707 3680 3799 3798 
10 1995 2123 2068 3090 2214 2271 2342 3209 3559 3562 
10 438 3057 3053 3098 3366 3354 3365 3740 3726 3819 
10 885 3083 3063 3109 3803 3842 3843 3804 3805 3844 
10 912 911 3044 3082 1814 3845 3139 3142 3846 3144 
10 989 1027 890 3045 1761 1583 1759 3847 3564 3563 
10 953 954 814 3075 1388 1387 1384 3848 3849 3452 
10 2060 3116 3073 3124 3850 3382 3681 3685 3851 3684 
10 404 875 955 3105 3508 1498 3384 3385 3852 3317 
10 3051 3061 3046 3090 3211 3283 3853 3200 3212 3208 
10 398 427 815 810 763 3294 3184 3760 3854 1358 
10 368 403 3063 3114 618 3855 3582 3441 3856 3584 
10 809 815 398 3106 1359 3184 3761 3857 3185 3186 
10 923 3078 3066 3101 3858 3859 3860 3861 3234 3862 
10 969 3055 986 3110 3718 3723 1884 3719 3376 3863 
10 2032 2060 2061 3073 2522 2525 2524 3682 3681 3864 
10 953 814 3054 3075 1384 3451 3865 3848 3452 3453 
10 402 3043 3063 3070 3866 3583 3867 3868 3433 3799 
10 946 3060 945 3099 3666 3686 1869 3816 3817 3869 
10 454 364 2031 3108 595 3870 3751 3753 3871 3755 
10 910 912 911 3044 1815 1814 1813 3195 3139 3845 
10 373 1047 372 3117 3698 3872 631 3701 3702 3386 
10 2000 44 2001 2002 3873 3874 2354 2362 3875 2363 
10 923 822 3078 3101 1429 3203 3858 3861 3233 3234 
10 3049 3108 3065 3131 3768 3801 3636 3594 3877 3876 
10 833 832 3072 3105 1475 3878 3879 3880 3881 3704 
10 1005 3054 953 3109 3461 3865 1739 3882 3806 3883 
10 1005 3064 3054 3109 3460 3459 3461 3882 3884 3806 
10 959 1044 903 3043 1805 1803 1804 3610 3735 3609 
10 910 3065 3044 3131 3303 3302 3195 3885 3876 3886 
10 1040 1010 791 3087 1264 1263 1260 3732 3730 3162 
10 993 3116 3073 3123 3887 3382 3482 3516 3888 3736 
10 1994 798 1995 3080 3889 3204 2211 3890 3225 3226 
10 881 883 3093 3131 1716 3466 3598 3891 3592 3593 
10 1044 3043 959 3068 3735 3610 1805 3775 3544 3823 
10 433 373 379 1023 645 643 646 3589 3833 3445 
10 2044 3054 2047 3091 3744 3633 2574 3745 3746 3892 
10 3049 3088 2098 3108 3523 3456 3580 3768 3893 3767 
10 425 401 445 3049 769 770 593 3659 3635 3536 
10 1048 950 949 3068 1268 1855 1830 3894 3486 3151 
10 2063 3081 3045 3112 3895 3602 3896 3897 3898 3670 
10 920 3058 3043 3068 3282 3278 3281 3774 3222 3544 
10 22 3074 3060 3129 3899 3900 3901 3902 3904 3903 
10 250 2011 249 244 3905 3711 341 342 3906 340 
10 873 905 874 3071 1684 1683 1482 3340 3231 3586 
10 985 894 915 3053 1775 1773 1776 3812 3355 3907 
10 863 406 396 867 3368 754 3341 1637 3721 3343 
10 911 3044 3082 3088 3845 3144 3846 3908 3909 3621 
10 2003 258 2004 2083 3910 3911 2372 2377 3912 2378 
10 3054 3063 448 3114 3913 3914 3915 3832 3584 3916 
10 439 3067 3051 3104 3759 3337 3757 3917 3919 3918 
10 907 3056 998 3096 3696 3399 1277 3920 3400 3290 
10 1049 3087 3050 3103 3921 3553 3922 3923 3924 3153 
10 814 2109 1022 3083 3449 3925 1237 3555 3556 3926 
10 980 1014 3084 3119 1672 3927 3928 3661 3662 3929 
10 815 3093 825 3130 3182 3930 1391 3576 3577 3931 
10 408 875 900 404 3932 1695 3933 606 3508 3479 
10 874 941 832 3071 1483 1480 1481 3586 3708 3934 
10 7 964 19 3128 3665 1080 3664 3935 3937 3936 
10 907 1043 1006 3096 1810 1812 1690 3920 3938 3420 
10 434 3053 438 3066 3939 3365 559 3940 3651 3941 
10 906 3048 1032 3085 3228 3942 1807 3272 3273 3943 
10 1979 1022 2109 3083 3944 3925 2250 3945 3926 3556 
10 3071 3072 832 3105 3587 3878 3934 3946 3704 3881 
10 975 930 1042 3046 1847 1850 1851 3293 3361 3252 
10 993 961 3073 3116 1880 3435 3482 3887 3437 3382 
10 22 3052 3074 3129 3947 3629 3899 3902 3948 3904 
10 1999 3053 2116 3098 3794 3795 2351 3389 3819 3949 
10 976 373 3111 3117 3699 3834 3950 3700 3701 3951 
10 1038 3055 986 3082 3585 3723 1886 3541 3251 3722 
10 911 3082 999 3088 3846 3618 1301 3908 3621 3622 
10 6 3064 3052 3089 3952 3407 3953 3954 3573 3571 
10 1040 3051 1010 3087 3599 3729 1264 3732 3364 3730 
10 3062 3072 405 3105 3395 3608 3606 3318 3704 3955 
10 377 811 450 3106 3567 3568 655 3956 3958 3957 
10 1042 3046 930 3090 3252 3361 1850 3253 3208 3338 
10 447 3062 404 3086 3959 3383 607 3960 3439 3440 
10 396 406 863 3095 754 3368 3341 3308 3370 3299 
10 2124 3082 3044 3088 3672 3144 3749 3673 3621 3909 
10 2044 2047 2045 3091 2574 2573 2532 3745 3892 3961 
10 453 414 3051 3061 718 3962 3756 3807 3520 3211 
10 927 372 373 1047 3963 631 3964 1842 3872 3698 
10 973 974 910 3065 1443 1817 1725 3965 3796 3303 
10 3056 3072 3047 3096 3426 3396 3966 3400 3421 3422 
10 954 1005 1008 3075 1873 1875 1874 3849 3462 3410 
10 1008 3052 997 3097 3405 3967 1503 3693 3694 3968 
10 855 3067 3061 3111 3335 3336 3334 3969 3971 3970 
10 394 439 3050 3067 747 3972 3525 3526 3759 3324 
10 953 3054 814 3083 3865 3451 1384 3973 3557 3555 
10 2043 2035 2093 3107 2536 2538 2537 3974 3976 3975 
10 931 3057 846 3076 3266 3715 1551 3262 3267 3714 
10 1027 852 890 3062 1582 1574 1583 3565 3977 3170 
10 951 932 3050 3067 1767 3306 3551 3552 3325 3324 
10 396 879 861 983 3244 1616 3245 3342 1628 1627 
10 894 914 915 3053 1769 1774 1773 3355 3427 3907 
10 921 3059 826 3093 3978 3979 1444 3980 3627 3981 
10 2038 47 2029 2090 3982 3983 2510 2511 3984 2461 
10 826 3059 850 3079 3979 3814 1452 3985 3679 3815 
10 399 3055 434 3069 3709 3986 736 3431 3249 3987 
10 401 3059 3049 3093 3738 3328 3635 3638 3627 3465 
10 1027 889 852 3062 1581 1580 1582 3565 3772 3977 
10 414 439 453 3051 780 748 718 3962 3757 3756 
10 894 893 914 3057 1547 1770 1769 3353 3988 3428 
10 2008 250 2082 2011 3989 3990 2404 2398 3905 2406 
10 974 3065 973 3069 3796 3965 1443 3487 3304 3991 
10 2106 2064 3060 3112 2300 3992 3781 3784 3993 3671 
10 451 3057 418 3076 3994 3476 719 3995 3267 3478 
10 828 3120 829 3130 3996 3997 1455 3998 4000 3999 
10 409 2075 1999 3098 3810 2357 4001 3811 3390 3389 
10 3050 3067 3051 3087 3324 3337 4002 3553 3492 3364 
10 809 450 811 3106 4003 3568 1341 3857 3957 3958 
10 2095 3068 2036 3102 4004 3791 2540 4005 3792 3603 
10 980 1014 870 3084 1672 1671 1648 3928 3927 4006 
10 900 1045 1030 3086 1796 1798 1797 3480 3790 4007 
10 885 953 3054 3109 1733 3865 3802 3804 3883 3806 
10 827 828 829 3130 1449 1455 1454 4008 3998 3999 
10 2046 3045 3107 3122 4009 3818 4010 4011 4013 4012 
10 2018 49 2019 2026 3713 4014 2427 2452 4015 2453 
10 1994 970 798 3080 4016 1198 3889 3890 4017 3225 
10 953 814 904 3083 1384 1383 1385 3973 3555 4018 
10 816 427 815 3130 4019 3294 1364 4020 3575 3576 
10 2081 2011 244 2017 2420 3906 4021 2419 2418 4022 
10 987 372 1047 3117 3146 3872 1588 3388 3386 3702 
10 2124 2119 2055 3082 2267 2610 2596 3672 3619 3765 
10 877 834 875 3105 1491 1489 1492 4023 4024 3852 
10 931 893 846 3057 1553 1545 1551 3266 3988 3715 
10 3060 3074 390 3121 3900 4025 4026 4027 4029 4028 
10 425 399 392 3065 739 733 740 3616 3430 3779 
10 1023 976 373 3111 1608 3699 3833 3447 3950 3834 
10 2109 1007 2104 3075 4030 4031 2253 3454 4033 4032 
10 2050 3044 3082 3092 3748 3144 3750 4034 3509 4035 
10 831 832 833 3105 1469 1475 1474 4036 3881 3880 
10 1032 3048 995 3116 3942 3677 1809 4037 3380 4038 
10 993 960 3116 3123 1254 4039 3887 3516 4040 3888 
10 859 857 1023 3111 1605 1607 1606 3560 4041 3447 
10 406 980 3084 3119 4042 3928 3458 4043 3661 3929 
10 2130 2111 2063 3112 2148 2617 2331 4044 4045 3897 
10 402 3063 403 3070 3867 3855 617 3868 3799 4046 
10 952 995 906 3048 1571 1808 1687 3469 3677 3228 
10 445 425 3049 3108 593 3659 3536 4047 3800 3768 
10 949 920 1048 3068 1828 1831 1830 3151 3774 3894 
10 1008 836 997 3052 1502 1106 1503 3405 3528 3967 
10 2058 3043 2113 3115 3490 3488 2611 4048 3641 3828 
10 2032 3073 2087 3125 3682 4049 2486 4050 4052 4051 
10 894 893 3057 3078 1547 3988 3353 3356 4053 3358 
10 420 405 3047 3072 714 3607 4054 4055 3608 3396 
10 816 815 825 3130 1364 1391 1390 4020 3576 3931 
10 831 832 3105 3120 1469 3881 4036 4056 4058 4057 
10 425 3044 3065 3108 3590 3302 3616 3800 4059 3801 
10 2090 2078 259 2085 2553 4060 4061 2431 2391 4062 
10 3065 3108 3044 3131 3801 4059 3302 3876 3877 3886 
10 3079 3120 828 3130 4063 3996 4064 4065 4000 3998 
10 869 3058 919 3095 3276 4066 1633 4067 4069 4068 
10 3071 3105 832 3120 3946 3881 3934 4070 4057 4058 
10 872 919 3058 3077 1623 4066 3156 3159 4071 3161 
10 875 835 955 3105 1490 1496 1498 3852 3574 3317 
10 924 3066 925 3069 4072 3373 1541 4073 3639 3623 
10 928 373 976 1047 4074 3699 1845 1843 3698 1586 
10 376 840 371 375 3194 3193 635 636 3733 613 
10 832 3071 941 3072 3934 3708 1480 3878 3587 3588 
10 2060 2061 3073 3116 2525 3864 3681 3850 4075 3382 
10 923 3066 844 3101 3860 4076 1431 3861 3862 4077 
10 387 3056 3071 3072 4078 3578 4079 4080 3426 3587 
10 3058 3077 919 3095 3161 4071 4066 4069 3309 4068 
10 375 812 377 3101 3788 3570 654 3734 3789 3808 
10 850 992 995 3059 1569 1573 1572 3814 3467 3501 
10 2050 2124 3044 3108 2589 3749 3748 4081 4082 4059 
10 396 983 861 3095 3342 1627 3245 3308 3829 3310 
10 418 3046 363 3094 3477 3215 586 4083 3240 3241 
10 411 3073 2032 3125 4084 3682 4085 4086 4052 4050 
10 446 3059 3073 3125 3824 3378 4087 3825 3539 4052 
10 860 919 3077 3095 1621 4071 4088 4089 4068 3309 
10 906 1032 917 3085 1807 1402 1806 3272 3943 4090 
10 900 366 404 3086 4091 604 3479 3480 4092 3440 
10 399 434 391 3069 736 735 732 3431 3987 4093 
10 3046 414 3061 3094 3518 3520 3283 3240 4095 4094 
10 923 844 822 3101 1431 1423 1429 3861 4077 3233 
10 2043 3107 2093 3118 3974 3975 2537 4096 4098 4097 
10 826 3093 3059 3130 3981 3627 3979 4099 3577 4100 
10 454 3044 425 3108 3591 3590 594 3753 4059 3800 
10 2067 2053 1988 3055 2310 2307 2311 4101 4103 4102 
10 372 927 987 1047 3963 1844 3146 3872 1842 1588 
10 925 986 1021 3055 1837 1839 1835 3371 3723 3499 
10 995 3048 952 3079 3677 3469 1571 3678 3676 3674 
10 1988 3055 2053 3082 4102 4103 2307 3777 3251 4104 
10 3063 3083 3054 3109 3842 3557 3913 3844 3805 3806 
10 989 3045 890 3081 3847 3563 1759 4105 3602 3173 
10 839 835 838 3105 1494 1486 1495 3319 3574 3763 
10 943 866 878 3070 1642 1651 1653 3680 4107 4106 
10 899 929 855 3061 1598 1568 1596 3254 3210 3334 
10 3043 3063 902 3115 3583 3797 3644 3641 4109 4108 
10 2067 3055 1988 3110 4101 4102 2311 4110 3376 3778 
10 826 3059 3079 3130 3979 3679 3985 4099 4100 4065 
10 1049 3050 933 3103 3922 3223 1856 3923 3153 3236 
10 993 884 913 3123 1730 1726 1251 3516 3330 3787 
10 1046 3075 1008 3097 4111 3410 1877 4112 3695 3693 
10 907 1006 874 3056 1690 1689 1688 3696 3424 3423 
10 837 3060 22 3074 4113 3901 1098 4114 3900 3899 
10 3059 3073 3049 3123 3378 4115 3328 3332 3736 3331 
10 791 1981 966 3090 3688 4116 1207 3165 3689 4117 
10 810 398 417 809 3760 762 4118 1339 3761 4119 
10 1038 1021 986 3055 1823 1839 1886 3585 3499 3723 
10 3073 3116 3048 3124 3382 3380 3377 3684 3851 4120 
10 899 3051 1040 3090 3198 3599 1795 3199 3200 3600 
10 811 377 3101 3106 3567 3808 3809 3958 3956 4121 
10 1011 3081 2111 3112 4122 4123 4124 4125 3898 4045 
10 859 3077 857 3111 3305 4126 1605 3560 3448 4041 
10 956 2106 896 3112 4127 3783 1129 4128 3784 3785 
10 439 3050 3067 3104 3972 3324 3759 3917 4129 3919 
10 243 2090 2085 2013 4130 2431 4131 4132 2430 2411 
10 951 933 1049 3050 1853 1856 1411 3551 3223 3922 
10 833 832 941 3072 1475 1480 1479 3879 3878 3588 
10 877 384 834 3105 4133 4134 1491 4023 4135 4024 
10 829 827 383 895 1454 4136 4137 1457 1456 4138 
10 3051 3061 414 3094 3211 3520 3962 4139 4094 4095 
10 3055 3082 1988 3110 3251 3777 4102 3376 3720 3778 
10 2042 2088 37 2080 2476 4140 4141 2567 2568 4142 
10 418 414 3046 3094 589 3518 3477 4083 4095 3240 
10 439 3051 414 3104 3757 3962 780 3917 3918 4143 
10 384 981 877 834 4144 1493 4133 4134 1478 1491 
10 19 963 7 3089 1079 4145 3664 4146 4148 4147 
10 1005 991 1008 3064 1895 1501 1875 3460 3612 3406 
10 925 985 972 3066 1543 1825 1836 3373 3813 3497 
10 987 1025 927 372 1533 1841 1844 3146 3414 3963 
10 1042 1012 975 3046 1307 1852 1851 3252 3359 3293 
10 1001 980 365 3119 1892 4149 4150 3660 3661 4151 
10 826 921 850 3059 1444 1453 1452 3979 3978 3814 
10 970 1994 819 3080 4016 4152 1195 4017 3890 4153 
10 420 405 437 3047 714 775 627 4054 3607 3614 
10 180 798 1995 1994 1197 3204 4154 4155 3889 2211 
10 3043 3058 402 3102 3278 4156 3866 3605 4158 4157 
10 19 18 7 963 27 3663 3664 1079 1078 4145 
10 869 3070 3058 3095 3432 3493 3276 4067 3180 4069 
10 2101 819 1994 3080 4159 4152 2208 4160 4153 3890 
10 434 3053 3066 3113 3939 3651 3940 4161 3820 4162 
10 985 3066 923 3078 3813 3860 1540 4163 3859 3858 
10 1019 1044 959 3068 1833 1805 1269 3839 3775 3823 
10 809 398 450 3106 3761 667 4003 3857 3186 3957 
10 439 430 394 3050 564 746 747 3972 3502 3525 
10 872 860 919 3077 1612 1621 1623 3159 4088 4071 
10 2106 896 3060 3129 3783 3782 3781 4164 4165 3903 
10 2114 2097 3091 3097 2582 4166 4167 4168 4170 4169 
10 1027 3045 946 3099 3564 3668 1756 3769 3770 3816 
10 915 972 985 3053 1281 1825 1776 3907 3650 3812 
10 2106 1992 2064 3112 2142 2329 2300 3784 4171 3993 
10 2077 247 2005 2002 4172 4173 2376 2367 4174 2375 
10 2047 2044 2117 3054 2574 2576 2575 3633 3744 3764 
10 809 948 815 3106 1360 1362 1359 3857 3632 3185 
10 390 3074 3060 3099 4025 3900 4026 4175 4176 3817 
10 2097 2084 3091 3121 2580 4177 4166 4178 4180 4179 
10 6 3052 3074 3089 3953 3629 4181 3954 3571 3630 
10 389 3052 6 3064 4182 3953 470 4183 3407 3952 
10 400 3048 446 3059 4184 4185 768 4186 3379 3824 
10 409 438 357 3098 556 555 523 3811 3740 3495 
10 393 434 438 3066 734 559 743 4187 3940 3941 
10 2104 897 1990 3075 4188 4189 2256 4032 4191 4190 
10 928 373 1023 976 4074 3833 1846 1845 3699 1608 
10 396 433 879 983 677 3534 3244 3342 4192 1628 
10 907 1006 3056 3096 1690 3424 3696 3920 3420 3400 
10 419 368 402 3043 538 616 619 3443 3352 3866 
10 1021 924 925 3069 1834 1541 1835 3500 4073 3623 
10 2070 2071 2041 3051 2272 2562 2561 4193 3517 4194 
10 433 396 413 983 677 756 758 4192 3342 3545 
10 2039 2091 3050 3104 2556 4195 4196 4197 4198 4129 
10 452 3045 437 3062 4199 4200 731 4201 3566 3615 
10 943 878 3063 3070 1653 4202 3841 3680 4106 3799 
10 413 396 406 867 756 754 757 3546 3343 3721 
10 861 983 863 3095 1627 1626 1625 3310 3829 3299 
10 884 883 913 3049 1719 1727 1726 3329 3463 3786 
10 2049 2052 2098 3108 2514 2592 2591 4203 3766 3767 
10 996 22 3060 3129 1103 3901 4204 4205 3902 3903 
10 446 3059 3048 3073 3824 3379 4185 4087 3378 3377 
10 2063 2111 3081 3112 2617 4123 3895 3897 4045 3898 
10 943 878 902 3063 1653 1706 1707 3841 4202 3797 
10 2047 3054 3075 3091 3633 3453 3634 3892 3746 4206 
10 2036 2058 2057 3043 2543 2542 2505 3351 3490 3345 
10 865 864 3070 3084 1634 3311 3178 3176 4207 3177 
10 854 855 3061 3111 1567 3334 4208 4209 3969 3970 
10 419 3043 402 3102 3443 3866 619 3604 3605 4157 
10 865 406 980 3084 3369 4042 1646 3176 3458 3928 
10 427 816 815 810 4019 1364 3294 3854 1363 1358 
10 448 3054 416 3091 3915 3743 622 4210 3746 3747 
10 916 913 3049 3123 1729 3786 3524 3417 3787 3331 
10 1980 172 2119 3088 4211 4212 2187 4213 4214 3620 
10 1996 2068 2069 3046 2341 2347 2346 3473 3561 3258 
10 454 3092 3044 3108 3739 3509 3591 3753 3754 4059 
10 2039 2091 2056 3050 2556 2324 2548 4196 4195 4215 
10 945 946 1018 3112 1869 1871 1870 3687 3669 4216 
10 985 923 894 3078 1540 1548 1775 4163 3858 3356 
10 180 798 1994 970 1197 3889 4155 1193 1198 4016 
10 993 992 884 3059 1732 1731 1730 3481 3467 3327 
10 803 939 963 3089 1328 1330 1088 4217 4218 4148 
10 442 3054 3064 3109 4219 3459 4220 4221 3806 3884 
10 2070 3051 2041 3094 4193 4194 2561 4222 4139 4223 
10 981 383 895 3120 4224 4138 1468 4225 4227 4226 
10 242 2078 2077 2005 4228 2390 4229 4230 2389 2376 
10 3060 3074 3052 3129 3900 3629 4231 3903 3904 3948 
10 3053 3066 3055 3110 3651 3372 4232 3652 3375 3376 
10 420 3056 387 3072 4233 4078 713 4055 3426 4080 
10 961 1032 995 3116 1405 1809 1882 3437 4037 4038 
10 2041 3051 2071 3104 4194 3517 2562 4234 3918 4235 
10 1032 3085 3048 3116 3943 3273 3942 4037 4236 3380 
10 404 3062 405 3105 3383 3606 712 3385 3318 3955 
10 2041 3094 3051 3104 4223 4139 4194 4234 4237 3918 
10 3057 3080 918 3100 3301 3658 3657 3507 4239 4238 
10 912 1035 911 3082 1819 1818 1814 3142 4240 3846 
10 446 3073 3048 3124 4087 3377 4185 4241 3684 4120 
10 806 450 375 812 3821 656 4242 1344 3569 3788 
10 446 445 401 3059 771 770 767 3824 3535 3738 
10 2124 3088 3044 3108 3673 3909 3749 4082 3893 4059 
10 390 3074 6 3121 4025 4181 471 4028 4029 4243 
10 960 2107 3116 3123 4244 4245 4039 4040 4246 3888 
10 2040 46 2038 2078 4247 4248 2550 2551 4249 2552 
10 452 3045 3062 3099 4199 3566 4201 4250 3770 3771 
10 2056 3050 2091 3103 4215 4195 2324 4251 3153 4252 
10 814 1007 2109 3075 1240 4030 3449 3452 4033 3454 
10 981 834 384 3120 1478 4134 4144 4225 4254 4253 
10 916 1013 913 3123 1824 1253 1729 3417 3415 3787 
10 2050 3082 2055 3092 3750 3765 2595 4034 4035 4255 
10 1992 2106 956 3112 2142 4127 4256 4171 3784 4128 
10 980 406 865 867 4042 3369 1646 1647 3721 1636 
10 1030 965 964 3086 1883 1334 1245 4007 4258 4257 
10 2052 2099 2098 3123 2605 2604 2592 3728 3522 3581 
10 858 3077 3067 3111 4259 3326 4260 4261 3448 3971 
10 2044 2045 2034 3091 2532 2531 2494 3745 3961 4262 
10 1029 792 2102 3103 1219 4263 4264 4265 4267 4266 
10 370 927 1025 372 4268 1841 4269 628 3963 3414 
10 806 809 450 811 1337 4003 3821 1342 1341 3568 
10 2093 3107 3047 3118 3975 3654 4270 4097 4098 4271 
10 848 849 3061 3076 1554 4272 3403 3264 4273 3404 
10 3052 3075 3064 3091 3408 3409 3407 4274 4206 4275 
10 889 1027 946 3099 1581 1756 1754 3773 3769 3816 
10 2043 2035 3107 3118 2536 3976 3974 4096 4276 4098 
10 2097 2127 2084 3121 2622 2481 2580 4178 4277 4180 
10 2062 1993 2103 3085 2332 2163 2291 4278 3287 4279 
10 837 996 22 3060 1107 1103 1098 4113 4204 3901 
10 427 398 417 810 763 762 686 3854 3760 4118 
10 899 892 1010 3051 1597 1765 1764 3198 3471 3729 
10 421 3048 400 3079 4280 4184 705 4281 3676 4282 
10 446 359 3073 3124 565 3835 4087 4241 3837 3684 
10 822 812 840 3101 1374 1376 1375 3233 3789 3339 
10 973 3069 3065 3106 3991 3304 3965 4283 4284 3322 
10 2084 443 3091 3121 4285 4286 4177 4180 4287 4179 
10 1032 906 995 3048 1807 1808 1809 3942 3228 3677 
10 421 387 3056 3071 704 4078 4288 4289 4079 3578 
10 454 2031 429 3092 3751 4290 596 3739 3752 4291 
10 993 960 961 3116 1254 1403 1880 3887 4039 3437 
10 856 3067 855 3111 4292 3335 1589 4293 3971 3969 
10 2009 253 252 251 4294 354 4295 4296 353 352 
10 438 3053 434 3113 3365 3939 559 3741 3820 4161 
10 893 931 918 3057 1553 1772 1771 3988 3266 3657 
10 803 963 19 3089 1088 1079 1084 4217 4148 4146 
10 955 3062 839 3086 3316 3315 1497 3438 3439 4297 
10 2056 2039 3050 3102 2548 4196 4215 4298 4300 4299 
10 2092 2097 3052 3121 2620 4301 4302 4303 4178 4304 
10 3046 3061 3051 3094 3283 3211 3853 3240 4094 4139 
10 914 3057 918 3100 3428 3657 1414 3506 3507 4238 
10 1044 942 903 3043 1802 1801 1803 3735 3275 3609 
10 2104 195 1990 897 4305 4306 2256 4188 1242 4189 
10 951 3050 1049 3087 3551 3922 1411 3554 3553 3921 
10 389 3052 3064 3091 4182 3407 4183 4307 4274 4275 
10 251 2007 255 249 4308 4309 351 349 3712 317 
10 406 365 980 3119 597 4149 4042 4043 4151 3661 
10 949 3058 920 3068 3221 3282 1828 3151 3222 3774 
10 3045 437 3062 3107 4200 3615 3566 3818 3705 3655 
10 370 1025 371 372 4269 3413 611 628 3414 629 
10 452 3062 3086 3099 4201 3439 4310 4250 3771 4311 
10 3066 3069 924 3101 3639 4073 4072 3862 4313 4312 
10 970 1994 179 819 4016 4314 1194 1195 4152 1190 
10 829 895 383 3120 1457 4138 4137 3997 4226 4227 
10 869 919 862 3095 1633 1622 1631 4067 4068 4315 
10 6 3074 3052 3121 4181 3629 3953 4243 4029 4304 
10 1005 953 886 3109 1739 1734 1740 3882 3883 4316 
10 932 933 951 3050 1680 1853 1767 3306 3223 3551 
10 2071 3051 2070 3090 3517 4193 2272 3238 3200 4317 
10 874 905 907 3056 1683 1273 1688 3423 3579 3696 
10 421 3071 3048 3079 4289 3232 4280 4281 3675 3676 
10 1040 791 966 3090 1260 1207 1261 3600 3165 4117 
10 1005 1031 3064 3109 1741 4318 3460 3882 4319 3884 
10 3051 3094 414 3104 4139 4095 3962 3918 4237 4143 
10 390 3099 3060 3122 4175 3817 4026 4320 4322 4321 
10 2044 2034 416 3091 2494 4323 3742 3745 4262 3747 
10 434 3066 3055 3113 3940 3372 3986 4161 4162 4324 
10 1000 980 406 1001 1654 4042 4325 1893 1892 4326 
10 3046 3080 3057 3098 3227 3301 3265 3219 3485 3726 
10 856 858 3067 3111 1599 4260 4292 4293 4261 3971 
10 3051 3067 3050 3104 3337 3324 4002 3918 3919 4129 
10 3063 3043 3114 3115 3583 3347 3584 4109 3641 3642 
10 430 3058 395 3077 3503 4327 745 3504 3161 4328 
10 920 919 869 3058 1663 1633 1664 3282 4066 3276 
10 2097 2092 3052 3097 2620 4302 4301 4170 4329 3694 
10 408 877 875 3105 4330 1492 3932 4331 4023 3852 
10 963 3089 939 3119 4148 4218 1330 4332 4334 4333 
10 402 3058 3043 3070 4156 3278 3866 3868 3493 3433 
10 958 934 887 3047 1742 1577 1743 3601 3192 3515 
10 844 3066 924 3101 4076 4072 1426 4077 3862 4312 
10 923 822 841 3078 1429 1427 1430 3858 3203 3136 
10 3051 3087 2071 3104 3364 3237 3517 3918 4335 4235 
10 384 382 981 3120 688 4336 4144 4253 4337 4225 
10 2039 3050 3102 3104 4196 4299 4300 4197 4129 4338 
10 442 3054 389 3064 4219 4339 724 4220 3459 4183 
10 18 7 8 964 3663 13 4340 1081 3665 4341 
10 3057 3076 451 3078 3267 3995 3994 3358 3362 4342 
10 910 3044 911 3131 3195 3845 1813 3885 3886 4343 
10 2101 819 3080 3100 4159 4153 4160 4344 4345 4239 
10 3073 3116 2107 3123 3382 4245 4346 3736 3888 4246 
10 3049 3073 3059 3125 4115 3378 3328 3537 4052 3539 
10 2116 3098 3053 3100 3949 3819 3795 4347 4348 3505 
10 849 3061 3076 3117 4272 3404 4273 4349 4350 3387 
10 2050 2049 2124 3108 2518 2590 2589 4081 4203 4082 
10 3052 3091 2097 3097 4274 4166 4301 3694 4169 4170 
10 849 854 855 3061 1564 1567 1566 4272 4208 3334 
10 919 949 872 3058 1679 1678 1623 4066 3221 3156 
10 7 19 3089 3128 3664 4146 4147 3935 3936 4351 
10 1005 886 1031 3109 1740 1737 1741 3882 4316 4319 
10 194 2104 2109 1007 4352 2253 4353 1239 4031 4030 
10 918 914 893 3057 1414 1770 1771 3657 3428 3988 
10 951 892 932 3067 1766 1603 1767 3552 3484 3325 
10 2101 179 1994 819 4354 4314 2208 4159 1190 4152 
10 3048 3059 400 3079 3379 4186 4184 3676 3679 4282 
10 1010 1040 899 3051 1264 1795 1764 3729 3599 3198 
10 383 382 981 895 683 4336 4224 4138 4355 1468 
10 2043 2094 3096 3118 2571 4356 4357 4096 4359 4358 
10 382 383 981 3120 683 4224 4336 4337 4227 4225 
10 175 969 1003 3110 1178 1183 1182 4360 3719 4361 
10 903 942 902 3043 1801 1800 1288 3609 3275 3644 
10 987 847 3076 3117 1538 4362 3147 3388 4363 3387 
10 430 3058 3050 3102 3503 3157 3502 4364 4158 4299 
10 897 1990 3075 3097 4189 4190 4191 4365 4366 3695 
10 2117 3054 2044 3114 3764 3744 2576 4367 3832 3830 
10 3064 3075 3054 3091 3409 3453 3459 4275 4206 3746 
10 3061 3067 453 3111 3336 3758 3807 3970 3971 4368 
10 824 974 973 3069 1439 1443 1442 4369 3487 3991 
10 403 442 3084 3109 773 4370 4371 4372 4221 4373 
10 2116 2072 2073 3127 2361 2623 2283 4374 4376 4375 
10 175 1988 969 3110 4377 3776 1178 4360 3778 3719 
10 857 3077 858 3111 4126 4259 1600 4041 3448 4261 
10 934 3081 3047 3126 3255 3174 3192 4378 4380 4379 
10 989 946 1027 3045 1872 1756 1761 3847 3668 3564 
10 796 957 2120 3096 1144 4381 4382 4383 4385 4384 
10 2120 796 3096 3126 4382 4383 4384 4386 4388 4387 
10 834 3105 384 3120 4024 4135 4134 4254 4057 4253 
10 851 838 887 3072 1510 1512 1511 3394 3762 3530 
10 840 982 371 375 1522 4389 3193 3733 4390 613 
10 837 944 3060 3099 1504 4391 4113 4392 4393 3817 
10 901 3063 885 3083 4394 3843 1705 4395 3842 3803 
10 849 854 3061 3117 1564 4208 4272 4349 4396 4350 
10 1010 892 951 3087 1765 1766 1768 3730 3491 3554 
10 964 7 366 3128 3665 484 4397 3937 3935 4398 
10 916 3088 3049 3131 3313 3523 3524 4399 4400 3594 
10 877 408 384 3105 4330 689 4133 4023 4331 4135 
10 402 3058 3070 3095 4156 3493 3868 4401 4069 3180 
10 402 395 3058 3095 752 4327 4156 4401 4402 4069 
10 946 945 944 3099 1869 1507 1753 3816 3869 4393 
10 2100 2028 2057 3114 2493 2504 2506 4403 3348 3346 
10 3060 3099 3045 3122 3817 3770 3667 4321 4322 4013 
10 2093 2094 3047 3126 2276 4404 4270 4405 4406 4379 
10 982 840 962 375 1522 1377 1523 4390 3733 4407 
10 937 991 938 3064 1499 1861 1327 3653 3612 4408 
10 945 3060 944 3099 3686 4391 1507 3869 3817 4393 
10 430 3050 439 3104 3502 3972 564 4409 4129 3917 
10 365 3089 963 3119 4410 4148 4411 4151 4334 4332 
10 796 957 162 2120 1144 1143 1139 4382 4381 4412 
10 885 878 871 3063 1673 1652 1674 3843 4202 4413 
10 881 3093 882 3131 3598 4414 1712 3891 3593 4415 
10 387 420 421 3056 713 715 704 4078 4233 4288 
10 2118 2120 957 3096 2157 4381 4416 4417 4384 4385 
10 437 3047 3107 3118 3614 3654 3705 4418 4271 4098 
10 824 3069 973 3106 4369 3991 1442 4419 4284 4283 
10 2068 2069 3046 3094 2347 3258 3561 4420 3259 3240 
10 970 1012 798 3080 1306 1305 1198 4017 3360 3225 
10 2106 1037 896 3129 4421 1126 3783 4164 4422 4165 
10 2093 3047 3081 3126 4270 3174 4423 4405 4379 4380 
10 2067 2053 3055 3113 2310 4103 4101 4424 4425 4324 
10 837 3060 3074 3099 4113 3900 4114 4392 3817 4176 
10 820 2122 173 3082 4426 4427 1176 4428 4430 4429 
10 372 370 927 373 628 4268 3963 631 630 3964 
10 366 408 900 404 605 3933 4091 604 606 3479 
10 1030 964 366 3086 1245 4397 4431 4007 4257 4092 
10 854 3111 3061 3117 4209 3970 4208 4396 3951 4350 
10 2106 3060 2064 3129 3781 3992 2300 4164 3903 4432 
10 907 3056 905 3085 3696 3579 1273 3697 3398 3271 
10 889 3086 3062 3099 4433 3439 3772 3773 4311 3771 
10 964 3086 965 3128 4257 4258 1334 3937 4435 4434 
10 3049 3108 2052 3125 3768 3766 3727 3537 4437 4436 
10 1006 1043 958 3096 1812 1879 1745 3420 3938 3631 
10 899 1040 930 3090 1795 1794 1793 3199 3600 3338 
10 430 3102 3050 3104 4364 4299 3502 4409 4338 4129 
10 1998 363 409 3098 3216 526 4438 3217 3218 3811 
10 3050 3087 2091 3103 3553 4439 4195 3153 3924 4252 
10 2118 162 957 2120 4440 1143 4416 2157 4412 4381 
10 3047 3072 3056 3118 3396 3426 3966 4271 4442 4441 
10 2092 2066 2097 3121 2302 2621 2620 4303 4443 4178 
10 434 3055 3092 3113 3986 3649 4444 4161 4324 4445 
10 1007 897 2104 3075 1243 4188 4031 4033 4191 4032 
10 373 928 927 1047 4074 1355 3964 3698 1843 1842 
10 445 3108 3049 3125 4047 3768 3536 3538 4437 3537 
10 916 3049 883 3131 3524 3463 1728 4399 3594 3592 
10 883 916 913 3049 1728 1729 1727 3463 3524 3786 
10 911 3044 3088 3131 3845 3909 3908 4343 3886 4400 
10 848 847 849 3076 1550 1555 1554 3264 4362 4273 
10 844 925 924 3066 1542 1541 1426 4076 3373 4072 
10 997 3097 3052 3129 3968 3694 3967 4446 4447 3948 
10 895 827 383 990 1456 4136 4138 1458 1399 4448 
10 420 3056 3072 3118 4233 3426 4055 4449 4441 4442 
10 429 454 364 2031 596 595 517 4290 3751 3870 
10 997 836 22 3052 1106 1097 1104 3967 3528 3947 
10 390 3045 452 3099 4450 4199 730 4175 3770 4250 
10 915 3053 914 3100 3907 3427 1774 4451 3505 3506 
10 3065 3093 3049 3131 3321 3465 3636 3876 3593 3594 
10 2112 1989 191 3115 2244 4452 4453 4454 4456 4455 
10 1014 870 3084 3119 1671 4006 3927 3662 4457 3929 
10 2058 2057 3043 3115 2542 3345 3490 4048 3640 3641 
10 894 845 893 3078 1546 1544 1547 3356 4458 4053 
10 847 843 987 3076 1537 1529 1538 4362 3169 3147 
10 884 3059 921 3093 3327 3978 1720 3464 3627 3980 
10 3044 3092 2050 3108 3509 4034 3748 4059 3754 4081 
10 935 890 934 3081 1757 1578 1758 4459 3173 3255 
10 3055 3066 3053 3113 3372 3651 4232 4324 4162 3820 
10 2007 2004 2006 255 2384 2382 2385 4309 4461 4460 
10 438 418 451 3057 779 719 744 3366 3476 3994 
10 2047 2114 2045 3075 2579 2578 2573 3634 4463 4462 
10 1021 912 974 3069 1820 1816 1821 3500 3141 3487 
10 451 418 388 3076 719 717 720 3995 3478 4464 
10 2086 0 2023 2015 4465 4466 2441 2424 4467 2440 
10 1046 1008 997 3097 1877 1503 1784 4112 3693 3968 
10 871 885 3063 3109 1674 3843 4413 4468 3804 3844 
10 849 3076 847 3117 4273 4362 1555 4349 3387 4363 
10 3056 3071 3048 3124 3578 3232 3840 4469 4470 4120 
10 896 3060 945 3112 3782 3686 1780 3785 3671 3687 
10 430 395 394 3077 745 674 746 3504 4328 3527 
10 2079 2096 2062 3056 2569 2334 2528 4471 4473 4472 
10 383 3120 3079 3130 4227 4063 4474 4475 4000 4065 
10 389 3054 448 3091 4339 3915 723 4307 3746 4210 
10 2056 3102 3050 3103 4298 4299 4215 4251 4476 3153 
10 850 995 952 3079 1572 1571 1463 3815 3678 3674 
10 452 3062 447 3086 4201 3959 777 4310 3439 3960 
10 390 3045 3099 3122 4450 3770 4175 4320 4013 4322 
10 3047 3096 2094 3118 3422 4356 4404 4271 4358 4359 
10 903 3043 902 3115 3609 3644 1288 3725 3641 4108 
10 2031 2050 3092 3108 2517 4034 3752 3755 4081 3754 
10 852 851 890 3062 1515 1575 1574 3977 3189 3170 
10 403 3084 3063 3109 4371 4477 3855 4372 4373 3844 
10 956 896 945 3112 1129 1780 1781 4128 3785 3687 
10 448 416 3054 3114 622 3743 3915 3916 3831 3832 
10 5 6 3052 3121 11 3953 4478 4479 4243 4304 
10 837 944 945 3060 1504 1507 1506 4113 4391 3686 
10 406 3084 423 3119 3458 4480 601 4043 3929 4481 
10 2111 1017 160 1982 4482 1137 4483 2151 4485 4484 
10 399 434 3055 3092 736 3986 3709 3511 4444 3649 
10 1985 2102 792 3103 2232 4263 4486 4487 4266 4267 
10 865 866 864 3084 1640 1639 1634 3176 4488 4207 
10 394 3067 3077 3111 3526 3326 3527 4489 3971 3448 
10 2093 3081 3047 3107 4423 3174 4270 3975 3656 3654 
10 2111 1017 1982 3081 4482 4485 2151 4123 4491 4490 
10 185 1991 2108 3087 4492 2226 4493 4494 4496 4495 
10 856 857 858 3111 1591 1600 1599 4293 4041 4261 
10 935 934 1041 3126 1758 1858 1857 4497 4378 4498 
10 882 3093 3065 3131 4414 3321 4499 4415 3593 3876 
10 2111 160 1017 1011 4483 1137 4482 4124 1133 1138 
10 972 3110 3053 3127 3498 3652 3650 4500 4502 4501 
10 969 1988 820 3082 3776 4503 1180 3717 3777 4428 
10 1979 2109 2117 3083 2250 2262 2261 3945 3556 3838 
10 195 2104 1007 897 4305 4031 1238 1242 4188 1243 
10 788 1030 964 366 1246 1245 1082 4504 4431 4397 
10 2068 3046 3090 3094 3561 3208 3562 4420 3240 4505 
10 2049 2098 3088 3108 2591 3456 4506 4203 3767 3893 
10 389 448 416 3091 723 622 722 4307 4210 3747 
10 245 2004 2002 2003 4507 2373 4508 4509 2372 2365 
10 164 2103 1993 998 4510 2163 4511 1145 4512 3285 
10 947 2112 191 3115 4513 4453 1230 4514 4454 4455 
10 952 3071 830 3079 3470 4515 1461 3674 3675 4516 
10 931 846 848 3076 1551 1549 1552 3262 3714 3264 
10 383 990 827 3130 4448 1399 4136 4475 4517 4008 
10 1987 2107 960 3123 2175 4244 4518 4519 4246 4040 
10 2091 3087 3050 3104 4439 3553 4195 4198 4335 4129 
10 421 3048 3071 3124 4280 3232 4289 4520 4120 4470 
10 824 3101 3069 3106 4521 4313 4369 4419 4121 4284 
10 980 365 406 1001 4149 597 4042 1892 4150 4326 
10 852 889 888 3062 1580 1579 1517 3977 3772 4522 
10 888 839 3062 3086 1516 3315 4522 4523 4297 3439 
10 389 3064 3054 3091 4183 3459 4339 4307 4275 3746 
10 821 3069 824 3101 4524 4369 1371 4525 4313 4521 
10 2116 3053 2072 3127 3795 3793 2361 4374 4501 4376 
10 405 452 437 3062 776 731 775 3606 4201 3615 
10 391 3066 393 3101 4526 4187 661 4527 3862 4528 
10 888 3062 889 3086 4522 3772 1579 4523 3439 4433 
10 2114 3091 3075 3097 4167 4206 4463 4168 4169 3695 
10 2047 3075 2045 3091 3634 4462 2573 3892 4206 3961 
10 1032 917 3085 3116 1402 4090 3943 4037 4529 4236 
10 185 2108 967 3087 4493 4530 1208 4494 4495 4531 
10 438 418 3057 3098 779 3476 3366 3740 3547 3726 
10 5 390 6 3121 472 471 11 4479 4028 4243 
10 181 1995 968 2123 4532 3291 1200 4533 2214 3558 
10 1006 887 941 3072 1744 1513 1691 3419 3530 3588 
10 2111 2130 159 1011 2148 4534 4535 4124 4536 1134 
10 2054 429 3092 3113 4537 4291 4538 4539 4540 4445 
10 2079 2096 3056 3118 2569 4473 4471 4541 4542 4441 
10 830 952 873 3071 1461 1473 1472 4515 3470 3340 
10 2107 3073 2061 3116 4346 3864 2616 4245 3382 4075 
10 854 856 855 3111 1590 1589 1567 4209 4293 3969 
10 997 3052 22 3129 3967 3947 1104 4446 3948 3902 
10 2130 813 159 1011 4543 1130 4534 4536 1135 1134 
10 385 3079 383 3120 4544 4474 692 4545 4063 4227 
10 418 363 414 3094 586 587 589 4083 3241 4095 
10 888 955 839 3086 1518 1497 1516 4523 3438 4297 
10 427 441 3093 3130 710 3401 3295 3575 4546 3577 
10 420 3072 3047 3118 4055 3396 4054 4449 4442 4271 
10 917 905 906 3085 1276 1685 1806 4090 3271 3272 
10 2005 247 242 254 4173 302 4230 4547 332 331 
10 2109 814 194 1007 3449 1235 4353 4030 1240 1239 
10 2122 820 1988 3082 4426 4503 2193 4430 4428 3777 
10 384 383 382 3120 687 683 688 4253 4227 4337 
10 3043 3068 3058 3102 3544 3222 3278 3605 3792 4158 
10 2092 3121 3052 3129 4303 4304 4302 4548 4549 3948 
10 7 963 365 3089 4145 4411 481 4147 4148 4410 
10 1017 2111 1011 3081 4482 4124 1138 4491 4123 4122 
10 932 3067 858 3077 3325 4260 1602 3307 3326 4259 
10 442 448 389 3054 726 723 724 4219 3915 4339 
10 964 366 3086 3128 4397 4092 4257 3937 4398 4435 
10 2053 3082 3055 3092 4104 3251 4103 4550 4035 3649 
10 2097 3091 3052 3121 4166 4274 4301 4178 4179 4304 
10 982 842 840 371 1521 1520 1522 4389 3280 3193 
10 394 3077 379 3111 3527 3257 668 4489 3448 3446 
10 398 450 417 809 667 764 762 3761 4003 4119 
10 3060 3121 390 3122 4027 4028 4026 4321 4551 4320 
10 1995 968 798 181 3291 1201 3204 4532 1200 1196 
10 437 420 3047 3118 627 4054 3614 4418 4449 4271 
10 939 803 938 3089 1328 1326 1329 4218 4217 4552 
10 2049 3088 2124 3108 4506 3673 2590 4203 3893 4082 
10 2045 3075 2114 3091 4462 4463 2578 3961 4206 4167 
10 2103 164 793 998 4510 1149 4553 4512 1145 1150 
10 2057 2059 2100 3114 2315 2612 2506 3346 4554 4403 
10 157 956 1992 2106 1128 4256 4555 4556 4127 2142 
10 358 3102 430 3104 4557 4364 562 4558 4338 4409 
10 2097 2114 2092 3097 2582 2320 2620 4170 4168 4329 
10 376 391 393 3101 658 661 660 3235 4527 4528 
10 818 3087 1049 3103 4559 3921 1408 4560 3924 3923 
10 19 20 3089 3128 28 4561 4146 3936 4562 4351 
10 2067 3055 3110 3113 4101 3376 4110 4424 4324 4563 
10 175 2110 1988 3110 4564 2196 4377 4360 4565 3778 
10 810 427 816 990 3854 4019 1363 1365 4566 1366 
10 848 849 929 3061 1554 1560 1559 3403 4272 3210 
10 3085 3116 2060 3124 4236 3850 4567 4568 3851 3685 
10 865 980 870 3084 1646 1648 1645 3176 3928 4006 
10 2057 2059 3114 3115 2315 4554 3346 3640 4569 3642 
10 385 383 3079 3130 692 4474 4544 4570 4475 4065 
10 2093 2129 3081 3107 2279 4571 4423 3975 4572 3656 
10 981 877 382 384 1493 4573 4336 4144 4133 688 
10 2079 3056 2062 3124 4471 4472 2528 4574 4469 4575 
10 840 962 375 812 1377 4407 3733 1376 1345 3788 
10 2003 2000 43 2075 2364 4576 4577 2366 2358 4578 
10 3060 3112 2064 3122 3671 3993 3992 4321 4580 4579 
10 8 18 964 788 4340 1081 4341 4581 1072 1082 
10 935 3081 934 3126 4459 3255 1758 4497 4380 4378 
10 1022 904 814 3083 1386 1383 1237 3926 4018 3555 
10 421 400 385 3079 705 702 703 4281 4282 4544 
10 819 918 970 3080 1413 1416 1195 4153 3658 4017 
10 937 3064 938 3089 3653 4408 1327 3826 3573 4552 
10 999 820 173 3082 1177 1176 1172 3618 4428 4429 
10 920 949 919 3058 1828 1679 1663 3282 3221 4066 
10 3058 3068 3050 3102 3222 3150 3157 4158 3792 4299 
10 872 932 858 3077 1613 1602 1611 3159 3307 4259 
10 947 3083 2112 3115 4582 4583 4513 4514 4584 4454 
10 2048 2064 3112 3122 2330 3993 4585 4586 4579 4580 
10 2084 2127 5 3121 2481 4587 4588 4180 4277 4479 
10 386 3059 3093 3130 4589 3627 4590 4591 4100 3577 
10 866 3070 864 3084 4107 3311 1639 4488 3177 4207 
10 2129 2046 2063 3081 2584 2583 2585 4571 4592 3895 
10 391 377 3069 3101 659 4593 4093 4527 3808 4313 
10 1035 912 1038 3082 1819 1822 1421 4240 3142 3541 
10 1048 920 1019 3068 1831 1832 1271 3894 3774 3839 
10 821 3101 824 3106 4525 4521 1371 4594 4121 4419 
10 3055 3082 3044 3092 3251 3144 3397 3649 4035 3509 
10 428 451 3076 3078 721 3995 3149 3213 4342 3362 
10 21 837 22 3074 1099 1098 30 3706 4114 3899 
10 2053 3092 3055 3113 4550 3649 4103 4425 4445 4324 
10 2001 363 409 1998 4595 526 4596 2355 3216 4438 
10 878 871 3063 3084 1652 4413 4202 4597 4598 4477 
10 358 430 439 3104 562 564 561 4558 4409 3917 
10 956 157 896 2106 1128 1124 1129 4127 4556 3783 
10 818 1991 185 3087 4599 4492 1212 4559 4496 4494 
10 2109 2104 2047 3075 2253 2586 2587 3454 4032 3634 
10 2111 1982 2129 3081 2151 2278 2281 4123 4490 4571 
10 5 3052 389 3091 4478 4182 469 4600 4274 4307 
10 821 924 824 3069 1425 1424 1371 4524 4073 4369 
10 3045 3081 989 3112 3602 4105 3847 3670 3898 4601 
10 921 826 825 3093 1444 1396 1445 3980 3981 3930 
10 972 3053 915 3127 3650 3907 1281 4500 4501 4602 
10 967 818 185 3087 1213 1212 1208 4531 4559 4494 
10 902 3063 901 3115 3797 4394 1285 4108 4109 4603 
10 797 172 1980 3088 1169 4211 4604 4605 4214 4213 
10 383 994 895 990 4606 1779 4138 4448 1778 1458 
10 1017 1982 3081 3126 4485 4490 4491 4607 4608 4380 
10 2093 2046 2129 3107 2539 2584 2279 3975 4010 4572 
10 860 862 919 3095 1619 1622 1621 4089 4315 4068 
10 860 3077 861 3095 4088 3246 1614 4089 3309 3310 
10 816 990 427 3130 1366 4566 4019 4020 4517 3575 
10 2066 3121 2092 3129 4443 4303 2302 4609 4549 4548 
10 378 3061 453 3111 4610 3807 670 4611 3970 4368 
10 2083 239 2007 2014 4612 4613 2386 2401 4614 2399 
10 915 3053 3100 3127 3907 3505 4451 4602 4501 4615 
10 2102 1029 187 792 4264 1214 4616 4263 1219 1218 
10 911 3088 909 3131 3908 4617 1298 4343 4400 4618 
10 819 918 3080 3100 1413 3658 4153 4345 4238 4239 
10 391 377 392 3069 659 664 663 4093 4593 3780 
10 788 964 8 366 1082 4341 4581 4504 4397 483 
10 175 1003 2110 3110 1182 4619 4564 4360 4361 4565 
10 907 905 793 3085 1273 1272 1274 3697 3271 3737 
10 2005 2006 254 2085 2383 4620 4547 2388 2387 4621 
10 884 921 881 3093 1720 1448 1718 3464 3980 3598 
10 3049 2052 3123 3125 3727 3728 3331 3537 4436 4622 
10 2122 820 174 1988 4426 1175 4623 2193 4503 4624 
10 420 412 3056 3118 624 4625 4233 4449 4626 4441 
10 3050 3087 3051 3104 3553 3364 4002 4129 4335 3918 
10 5 6 389 3052 11 470 469 4478 3953 4182 
10 2093 3081 2129 3126 4423 4571 2279 4405 4380 4627 
10 2125 3073 2107 3123 4628 4346 2306 4629 3736 4246 
10 821 924 3069 3101 1425 4073 4524 4525 4312 4313 
10 859 858 857 3077 1604 1600 1605 3305 4259 4126 
10 3069 3101 377 3106 4313 3808 4593 4284 4121 3956 
10 405 404 447 3062 712 607 774 3606 3383 3959 
10 421 385 3071 3079 703 4630 4289 4281 4544 3675 
10 401 3065 441 3093 3637 3643 709 3638 3321 3401 
10 426 3074 390 3099 4631 4025 480 4632 4176 4175 
10 2061 2107 2125 3073 2616 2306 2615 3864 4346 4628 
10 2019 2029 48 2090 2460 4633 4634 2429 2461 4635 
10 2019 2013 262 2018 2428 4636 4637 2427 2423 4638 
10 820 969 174 1988 1180 1179 1175 4503 3776 4624 
10 3052 3097 2092 3129 3694 4329 4302 3948 4447 4548 
10 2070 3090 3051 3094 4317 3200 4193 4222 4505 4139 
10 2001 409 2000 1998 4596 4639 2354 2355 4438 2353 
10 1985 792 3068 3103 4486 4640 4641 4487 4267 3155 
10 881 882 883 3131 1712 1717 1716 3891 4415 3592 
10 2054 357 429 3113 4642 520 4537 4539 3496 4540 
10 855 856 892 3067 1589 1595 1594 3335 4292 3484 
10 964 7 8 366 3665 13 4341 4397 484 483 
10 392 3069 377 3106 3780 4593 664 4643 4284 3956 
10 386 3093 441 3130 4590 3401 708 4591 3577 4546 
10 805 809 450 806 1336 4003 4644 1321 1337 3821 
10 2116 1997 3098 3100 2350 4645 3949 4347 4646 4348 
10 2084 5 443 3121 4588 458 4285 4180 4479 4287 
10 2117 3083 3054 3114 3838 3557 3764 4367 4647 3832 
10 435 3064 6 3089 4648 3952 477 4649 3573 3954 
10 184 791 967 3087 1205 1210 1209 4650 3162 4531 
10 825 3093 826 3130 3930 3981 1396 3931 3577 4099 
10 452 390 437 3045 730 728 731 4199 4450 4200 
10 831 834 981 3120 1476 1478 1467 4056 4254 4225 
10 406 980 1000 867 4042 1654 4325 3721 1647 1655 
10 869 862 3070 3095 1631 4651 3432 4067 4315 3180 
10 918 1012 970 3080 1826 1306 1416 3658 3360 4017 
10 1025 842 982 371 1531 1521 1532 3413 3280 4389 
10 869 862 864 3070 1631 1629 1632 3432 4651 3311 
10 18 8 7 963 4340 13 3663 1078 4652 4145 
10 2079 3118 3056 3124 4541 4441 4471 4574 4653 4469 
10 2073 3113 3110 3127 4654 4563 4655 4375 4656 4502 
10 387 3072 3071 3105 4080 3587 4079 4657 3704 3946 
10 403 3070 3063 3084 4046 3799 3855 4371 3177 4477 
10 406 422 1000 1001 598 4658 4325 4326 4659 1893 
10 1005 1031 991 3064 1741 1865 1895 3460 4318 3612 
10 3063 3084 871 3109 4477 4598 4413 3844 4373 4468 
10 404 408 875 3105 606 3932 3508 3385 4331 3852 
10 434 3092 429 3113 4444 4291 557 4161 4445 4540 
10 184 967 2108 3087 1209 4530 4660 4650 4531 4495 
10 880 3065 882 3093 3320 4499 1713 3296 3321 4414 
10 2106 1986 1037 3129 2139 4661 4421 4164 4662 4422 
10 869 943 942 3070 1643 1667 1666 3432 3680 3434 
10 1028 1984 3085 3116 4663 4664 4665 4666 4667 4236 
10 3048 3085 3056 3124 3273 3398 3840 4120 4568 4469 
10 864 3070 862 3095 3311 4651 1629 3483 3180 4315 
10 828 3079 830 3120 4064 4516 1460 3996 4063 4668 
10 416 2026 2044 3114 4669 2495 3742 3831 4670 3830 
10 387 3105 3071 3120 4657 3946 4079 4671 4057 4070 
10 900 1030 366 3086 1797 4431 4091 3480 4007 4092 
10 421 3071 3056 3124 4289 3578 4288 4520 4470 4469 
10 427 990 383 3130 4566 4448 685 3575 4517 4475 
10 452 3086 426 3099 4310 4672 729 4250 4311 4632 
10 1034 2128 170 1013 4673 4674 1167 1168 4675 1163 
10 386 3079 3059 3130 4676 3679 4589 4591 4065 4100 
10 878 885 901 3063 1673 1705 1704 4202 3843 4394 
10 401 425 441 3065 769 741 709 3637 3616 3643 
10 442 3109 3064 3119 4221 3884 4220 4677 4679 4678 
10 2094 3096 3047 3126 4356 3422 4404 4406 4387 4379 
10 860 859 861 3077 1610 1615 1614 4088 3305 3246 
10 821 811 3101 3106 1368 3809 4525 4594 3958 4121 
10 437 3107 3045 3122 3705 3818 4200 4680 4012 4013 
10 432 928 370 373 4681 4682 578 632 4074 630 
10 841 843 845 3078 1524 1527 1526 3136 3242 4458 
10 880 882 881 3093 1713 1712 1447 3296 4414 3598 
10 878 901 902 3063 1704 1285 1706 4202 4394 3797 
10 2120 3096 2094 3126 4384 4356 2280 4386 4387 4406 
10 936 3074 20 3128 4683 4684 1091 4685 4686 4562 
10 981 895 829 3120 1468 1457 1466 4225 4226 3997 
10 450 417 809 805 764 4119 4003 4644 4687 1336 
10 2017 2014 2011 248 2417 2400 2418 4688 4690 4689 
10 2056 3068 3102 3103 4691 3792 4298 4251 3155 4476 
10 400 421 446 3048 705 569 768 4184 4280 4185 
10 5 3091 443 3121 4600 4286 458 4479 4179 4287 
10 2071 2070 1981 3090 2272 2270 2273 3238 4317 3689 
10 958 3047 3096 3126 3601 3422 3631 4692 4379 4387 
10 2039 3102 358 3104 4300 4557 4693 4197 4338 4558 
10 446 3073 411 3125 4087 4084 566 3825 4052 4086 
10 433 413 984 983 758 4694 4695 4192 3545 1708 
10 3064 3109 1031 3119 3884 4319 4318 4678 4679 4696 
10 1991 3087 818 3103 4496 4559 4599 4697 3924 4560 
10 3050 3102 3068 3103 4299 3792 3150 3153 4476 3155 
10 1994 1995 1996 3080 2211 2337 2336 3890 3226 3474 
10 3051 3090 3046 3094 3200 3208 3853 4139 4505 3240 
10 2058 2113 2057 3115 2611 2317 2542 4048 3828 3640 
10 2034 443 2045 2084 4698 4699 2531 2533 4285 2534 
10 2094 2120 2118 3096 2280 2157 2629 4356 4384 4417 
10 885 886 953 3109 1675 1734 1733 3804 4316 3883 
10 413 1002 983 867 4700 1657 3545 3546 1656 1638 
10 2118 957 163 3096 4416 1142 4701 4417 4385 4702 
10 901 3063 3083 3115 4394 3842 4395 4603 4109 4584 
10 188 959 2115 792 1221 3822 4703 1217 1222 4704 
10 2096 3096 3056 3118 4705 3400 4473 4542 4358 4441 
10 400 446 401 3059 768 767 707 4186 3824 3738 
10 880 825 815 3093 1392 1391 1393 3296 3930 3182 
10 940 871 870 3109 1668 1650 1669 4706 4468 4707 
10 826 850 828 3079 1452 1451 1450 3985 3815 4064 
10 386 3059 401 3093 4589 3738 706 4590 3627 3638 
10 2026 2028 2100 3114 2457 2493 2492 4670 3348 4403 
10 938 3064 1031 3119 4408 4318 1864 4708 4678 4696 
10 2115 792 959 3068 4704 1222 3822 3542 4640 3823 
10 921 884 992 3059 1720 1731 1570 3978 3327 3467 
10 2029 419 2036 2028 4709 3442 2503 2459 3472 2502 
10 1049 933 950 3103 1856 1854 1407 3923 3236 3411 
10 831 3105 834 3120 4036 4024 1476 4056 4057 4254 
10 2079 412 3118 3124 4710 4626 4541 4574 4711 4653 
10 2046 3081 2129 3107 4592 4571 2584 4010 3656 4572 
10 871 3084 870 3109 4598 4006 1650 4468 4373 4707 
10 996 3060 896 3129 4204 3782 1782 4205 3903 4165 
10 20 3074 21 3089 4684 3706 29 4561 3630 3707 
10 438 434 357 3113 559 558 555 3741 4161 3496 
10 2107 1987 960 168 2175 4518 4244 4712 4713 1157 
10 904 901 885 3083 1735 1705 1736 4018 4395 3803 
10 2054 3092 2053 3113 4538 4550 2598 4539 4445 4425 
10 3048 3116 3085 3124 3380 4236 3273 4120 3851 4568 
10 1987 960 789 3123 4518 1162 4714 4519 4040 4715 
10 929 849 855 3061 1560 1566 1568 3210 4272 3334 
10 814 193 1022 2109 1236 1232 1237 3449 4716 3925 
10 2074 3094 2041 3104 4717 4223 2558 4718 4237 4234 
10 911 1035 999 3082 1818 1420 1301 3846 4240 3618 
10 3053 3110 3055 3113 3652 3376 4232 3820 4563 4324 
10 400 3059 386 3079 4186 4589 701 4282 3679 4676 
10 810 381 427 990 4719 684 3854 1365 4720 4566 
10 939 3089 938 3119 4218 4552 1329 4333 4334 4708 
10 363 418 409 3098 586 585 526 3218 3547 3811 
10 2036 419 2037 3102 3442 4721 2507 3603 3604 4722 
10 2115 1985 188 792 2235 4723 4703 4704 4486 1217 
10 435 389 6 3064 479 470 477 4648 4183 3952 
10 998 163 957 3096 1146 1142 1147 3290 4702 4385 
10 373 433 1015 1023 645 4724 4725 3833 3589 1711 
10 421 420 412 3056 715 624 567 4288 4233 4625 
10 2059 2112 3083 3115 2259 4583 4726 4569 4454 4584 
10 2095 2115 2058 3068 2296 2613 2544 4004 3542 3543 
10 435 3089 365 3119 4649 4410 485 4727 4334 4151 
10 2112 192 1979 947 4728 4729 2247 4513 1229 4730 
10 2104 1990 2114 3075 2256 2319 2321 4032 4190 4463 
10 409 44 2001 2000 522 3874 4596 4639 3873 2354 
10 3057 3053 3098 3100 3354 3819 3726 3507 3505 4348 
10 999 797 911 3088 1174 1297 1301 3622 4605 3908 
10 369 3107 2035 3118 4731 3976 4732 4733 4098 4276 
10 1985 792 2115 3068 4486 4704 2235 4641 4640 3542 
10 3052 3074 3060 3121 3629 3900 4231 4304 4029 4027 
10 936 3099 3074 3128 4734 4176 4683 4685 4735 4686 
10 2007 2083 2004 255 2386 2378 2384 4309 4736 4461 
10 2066 2064 3121 3129 2299 4737 4443 4609 4432 4549 
10 1980 2119 2124 3088 2187 2267 2265 4213 3620 3673 
10 984 879 433 983 1709 3534 4695 1708 1628 4192 
10 874 832 873 3071 1481 1471 1482 3586 3934 3340 
10 2035 2043 2042 3118 2536 2535 2475 4276 4096 4738 
10 830 3079 3071 3120 4516 3675 4515 4668 4063 4070 
10 437 3107 369 3118 3705 4731 626 4418 4098 4733 
10 2054 429 2051 3092 4537 4739 2597 4538 4291 4740 
10 448 3063 403 3114 3914 3855 620 3916 3584 3856 
10 907 998 1043 3096 1277 1811 1810 3920 3290 3938 
10 1028 165 793 2103 1152 1148 1153 4741 4742 4553 
10 383 381 994 990 682 4743 4606 4448 4720 1778 
10 936 20 804 3128 1091 1086 1095 4685 4562 4744 
10 2119 2122 2055 3082 2190 2312 2610 3619 4430 3765 
10 3083 3114 2059 3115 4647 4554 4726 4584 3642 4569 
10 1999 2116 1997 3098 2351 2350 2348 3389 3949 4645 
10 23 997 22 3129 1105 1104 31 4745 4446 3902 
10 402 397 395 3095 751 750 752 4401 3533 4402 
10 1038 969 820 3082 1417 1180 1418 3541 3717 4428 
10 402 3070 397 3095 3868 3532 751 4401 3180 3533 
10 1028 817 1984 3116 1156 4746 4663 4666 4747 4667 
10 923 985 844 3066 1540 1539 1431 3860 3813 4076 
10 396 379 395 3077 675 673 676 3247 3257 4328 
10 832 830 3071 3120 1470 4515 3934 4058 4668 4070 
10 369 2022 2035 3107 4748 2472 4732 4731 4749 3976 
10 421 446 3048 3124 569 4185 4280 4520 4241 4120 
10 1979 1022 193 2109 3944 1232 4750 2250 3925 4716 
10 412 421 3056 3124 567 4288 4625 4711 4520 4469 
10 1986 2106 2064 3129 2139 2300 2297 4662 4164 4432 
10 863 864 862 3095 1630 1629 1624 3299 3483 4315 
10 44 247 2002 245 298 4174 3875 294 299 4508 
10 395 396 3077 3095 676 3247 4328 4402 3308 3309 
10 1985 2056 2102 3103 2292 2295 2232 4487 4251 4266 
10 1996 1998 1997 3080 2344 2343 2339 3474 3475 4751 
10 1032 817 917 3116 1401 1400 1402 4037 4747 4529 
10 958 3096 796 3126 3631 4383 1292 4692 4387 4388 
10 991 1031 938 3064 1865 1864 1861 3612 4318 4408 
10 385 3079 386 3130 4544 4676 695 4570 4065 4591 
10 938 3089 3064 3119 4552 3573 4408 4708 4334 4678 
10 422 1000 1001 1016 4658 1893 4659 4752 1891 1259 
10 2085 2009 253 2013 2396 4294 4753 2411 2410 4754 
10 850 921 992 3059 1453 1570 1569 3814 3978 3467 
10 2113 1033 190 3115 3827 1223 4755 3828 3724 4756 
10 396 397 406 3095 749 755 754 3308 3533 3370 
10 2051 2031 2050 3092 2519 2517 2520 4740 3752 4034 
10 882 3065 910 3131 4499 3303 1724 4415 3876 3885 
10 429 2031 2051 3092 4290 2519 4739 4291 3752 4740 
10 982 367 371 375 4757 612 4389 4390 614 613 
10 383 427 381 990 685 684 682 4448 4566 4720 
10 443 2034 2045 3091 4698 2531 4699 4286 4262 3961 
10 166 1984 1028 817 4758 4663 1151 1155 4746 1156 
10 382 1004 981 895 4759 1703 4336 4355 1777 1468 
10 2096 2043 2094 3096 2570 2571 2572 4705 4357 4356 
10 20 21 937 3089 29 1093 1092 4561 3707 3826 
10 414 3094 410 3104 4095 4760 588 4143 4237 4761 
10 251 2008 2006 2007 4762 2393 4763 4308 2392 2385 
10 427 386 441 3130 696 708 710 3575 4591 4546 
10 372 3076 388 3117 3148 4464 641 3386 3387 4764 
10 1998 1997 3080 3098 2343 4751 3475 3217 4645 3485 
10 2111 2129 2063 3081 2281 2585 2617 4123 4571 3895 
10 3060 3121 2064 3129 4027 4737 3992 3903 4549 4432 
10 2036 2037 419 2029 2507 4721 3442 2503 2508 4709 
10 832 831 830 3120 1469 1465 1470 4058 4056 4668 
10 2043 3096 2096 3118 4357 4705 2570 4096 4358 4542 
10 388 372 428 3076 641 633 642 4464 3148 3149 
10 973 910 882 3065 1725 1724 1714 3965 3303 4499 
10 2074 410 3094 3104 4765 4760 4717 4718 4761 4237 
10 378 3061 3111 3117 4610 3970 4611 4766 4350 3951 
10 3074 3089 20 3128 3630 4561 4684 4686 4351 4562 
10 3052 3091 5 3121 4274 4600 4478 4304 4179 4479 
10 1028 2103 793 3085 4741 4553 1153 4665 4279 3737 
10 829 828 830 3120 1455 1460 1459 3997 3996 4668 
10 826 3079 828 3130 3985 4064 1450 4099 4065 3998 
10 950 3068 792 3103 3486 4640 1265 3411 3155 4267 
10 394 453 439 3067 672 748 747 3526 3758 3759 
10 443 2045 2084 3091 4699 2534 4285 4286 3961 4177 
10 1030 1024 900 436 1249 1788 1797 4767 4769 4768 
10 437 3045 390 3122 4200 4450 728 4680 4013 4320 
10 20 936 21 3074 1091 1090 29 4684 4683 3706 
10 2087 2032 2061 3073 2486 2524 2526 4049 3682 3864 
10 2059 1989 2112 3115 2316 2244 2259 4569 4456 4454 
10 950 1048 792 3068 1268 1267 1265 3486 3894 4640 
10 915 3100 971 3127 4451 4770 1280 4602 4615 4771 
10 437 415 3107 3122 625 4772 3705 4680 4773 4012 
10 250 2008 252 251 3989 4774 326 350 4762 352 
10 0 50 260 2086 67 268 267 4465 3690 3268 
10 405 3072 387 3105 3608 4080 711 3955 3704 4657 
10 2064 3121 3060 3122 4737 4027 3992 4579 4551 4321 
10 821 844 924 3101 1422 1426 1425 4525 4077 4312 
10 1984 165 1028 2103 4775 1152 4663 2166 4742 4741 
10 390 452 426 3099 730 729 480 4175 4250 4632 
10 924 1021 974 3069 1834 1821 1440 4073 3500 3487 
10 940 1031 3109 3119 1738 4319 4706 4776 4696 4679 
10 452 447 426 3086 777 610 729 4310 3960 4672 
10 430 402 3058 3102 753 4156 3503 4364 4157 4158 
10 2105 1984 817 3116 2169 4746 4777 4778 4667 4747 
10 20 803 19 3089 1085 1084 28 4561 4217 4146 
10 2068 3090 2070 3094 3562 4317 2269 4420 4505 4222 
10 166 2105 1984 817 4779 2169 4758 1155 4777 4746 
10 359 2024 411 2032 4780 4781 511 3836 2482 4085 
10 1028 1984 2103 3085 4663 2166 4741 4665 4664 4279 
10 837 945 996 3060 1506 1508 1107 4113 3686 4204 
10 373 378 3111 3117 638 4611 3834 3701 4766 3951 
10 821 824 811 3106 1371 1370 1368 4594 4419 3958 
10 950 792 1029 3103 1265 1219 1266 3411 4267 4265 
10 369 2035 2042 3118 4732 2475 4782 4733 4276 4738 
10 187 1985 2102 792 4783 2232 4616 1218 4486 4263 
10 19 804 20 3128 1087 1086 28 3936 4744 4562 
10 2075 2000 409 1999 2358 4639 3810 2357 2352 4001 
10 2030 2052 2049 3108 2515 2514 2513 4784 3766 4203 
10 812 821 811 3101 1369 1368 1343 3789 4525 3809 
10 806 375 962 812 4242 4407 1323 1344 3788 1345 
10 1003 969 986 3110 1183 1884 1885 4361 3719 3863 
10 936 1009 3099 3128 1331 4785 4734 4685 4786 4735 
10 391 3069 3066 3101 4093 3639 4526 4527 4313 3862 
10 1989 2113 190 3115 2241 4755 4787 4456 3828 4756 
10 370 928 927 373 4682 1355 4268 630 4074 3964 
10 443 416 2034 3091 542 4323 4698 4286 3747 4262 
10 945 896 996 3060 1780 1782 1508 3686 3782 4204 
10 1007 814 954 3075 1240 1387 1389 4033 3452 3849 
10 2112 947 1979 3083 4513 4730 2247 4583 4582 3945 
10 406 423 365 3119 601 600 597 4043 4481 4151 
10 367 982 962 375 4757 1523 4788 614 4390 4407 
10 190 1033 795 3115 1223 1228 1227 4756 3724 4789 
10 1046 897 1007 3075 1785 1243 1786 4111 4191 4033 
10 790 8 18 963 4790 4340 1075 1083 4652 1078 
10 2114 3075 1990 3097 4463 4190 2319 4168 3695 4366 
10 434 429 357 3113 557 520 558 4161 4540 3496 
10 1985 3068 2056 3103 4641 4691 2292 4487 3155 4251 
10 941 838 833 3072 1488 1487 1479 3588 3762 3879 
10 2116 3100 3053 3127 4347 3505 3795 4374 4615 4501 
10 1992 2048 2064 3112 2326 2330 2329 4171 4585 3993 
10 3065 3069 392 3106 3304 3780 3779 3322 4284 4643 
10 910 911 909 3131 1813 1298 1723 3885 4343 4618 
10 2062 3056 3085 3124 4472 3398 4278 4575 4469 4568 
10 943 864 866 3070 1641 1639 1642 3680 3311 4107 
10 23 3097 997 3129 4791 3968 1105 4745 4447 4446 
10 878 866 871 3084 1651 1649 1652 4597 4488 4598 
10 426 6 390 3074 476 471 480 4631 4181 4025 
10 382 383 994 895 683 4606 4792 4355 4138 1779 
10 2045 2114 2097 3091 2578 2582 2581 3961 4167 4166 
10 3056 3096 3047 3118 3400 3422 3966 4441 4358 4271 
10 2099 170 2128 1013 4793 4674 2181 3521 1163 4675 
10 932 856 858 3067 1601 1599 1602 3325 4292 4260 
10 996 896 1037 3129 1782 1126 1108 4205 4165 4422 
10 388 453 378 3061 671 670 640 3731 3807 4610 
10 47 358 2038 2037 531 4794 3982 4795 4796 2509 
10 959 792 1019 3068 1222 1270 1269 3823 4640 3839 
10 897 3075 1046 3097 4191 4111 1785 4365 3695 4112 
10 968 182 2123 3090 1199 4797 3558 3292 4798 3559 
10 2074 2041 410 3104 2558 4799 4765 4718 4234 4761 
10 367 982 371 370 4757 4389 612 576 4800 611 
10 2121 3097 1036 3129 4801 4802 4803 4804 4447 4805 
10 2030 2052 3108 3125 2515 3766 4784 4806 4436 4437 
10 242 2078 2005 2085 4228 2389 4230 4807 2391 2388 
10 3058 395 3077 3095 4327 4328 3161 4069 4402 3309 
10 2031 2049 2050 3108 2512 2518 2517 3755 4203 4081 
10 1991 2091 3087 3103 2323 4439 4496 4697 4252 3924 
10 399 429 434 3092 766 557 736 3511 4291 4444 
10 2121 1036 23 3129 4803 1060 4808 4804 4805 4745 
10 1046 954 1008 3075 1876 1874 1877 4111 3849 3410 
10 2081 256 38 244 3646 276 3624 4021 281 280 
10 1979 192 1022 947 4729 1233 3944 4730 1229 1234 
10 853 976 854 3117 1585 1584 1565 4809 3700 4396 
10 789 960 1987 168 1162 4518 4714 1161 1157 4713 
10 2101 1994 1997 3080 2208 2338 2340 4160 3890 4751 
10 423 3084 442 3109 4480 4370 772 4810 4373 4221 
10 935 989 890 3081 1760 1759 1757 4459 4105 3173 
10 3056 3118 412 3124 4441 4626 4625 4469 4653 4711 
10 851 852 839 3062 1515 1514 1509 3189 3977 3315 
10 875 900 898 408 1695 1694 1693 3932 3933 4811 
10 385 386 383 3130 695 694 692 4570 4591 4475 
10 373 1015 928 1023 4725 1357 4074 3833 1711 1846 
10 2072 2067 2073 3113 2608 2624 2623 3613 4424 4654 
10 2000 1998 409 3098 2353 4438 4639 4812 3217 3811 
10 804 19 964 3128 1087 1080 1089 4744 3936 3937 
10 3080 3098 1997 3100 3485 4645 4751 4239 4348 4646 
10 399 391 392 3069 732 663 733 3431 4093 3780 
10 976 3111 854 3117 3950 4209 1584 3700 3951 4396 
10 365 435 7 3089 485 478 481 4410 4649 4147 
10 2108 2071 2126 3087 2627 2274 2223 4495 3237 3163 
10 378 394 379 3111 669 668 644 4611 4489 3446 
10 427 417 381 810 686 583 684 3854 4118 4719 
10 3110 3113 3053 3127 4563 3820 3652 4502 4656 4501 
10 985 925 844 3066 1543 1542 1539 3813 3373 4076 
10 444 2127 5 2023 4813 4587 459 4814 2478 4815 
10 852 888 839 3062 1517 1516 1514 3977 4522 3315 
10 2087 2125 2052 3125 2603 2602 2516 4051 4816 4436 
10 48 47 243 2090 64 307 306 4635 3984 4130 
10 833 3072 838 3105 3879 3762 1487 3880 3704 3763 
10 911 797 909 3088 1297 1296 1298 3908 4605 4617 
10 359 2024 39 411 4780 3513 507 511 4781 509 
10 2065 3121 2064 3122 4817 4737 2588 4818 4551 4579 
10 388 3061 378 3117 3731 4610 640 4764 4350 4766 
10 190 795 1989 3115 1227 4819 4787 4756 4789 4456 
10 2006 254 251 255 4620 355 4763 4460 344 351 
10 2125 3123 2052 3125 4629 3728 2602 4816 4622 4436 
10 2059 3083 2117 3114 4726 3838 2260 4554 4647 4367 
10 2095 2036 2037 3102 2540 2507 2541 4005 3603 4722 
10 789 960 993 3123 1162 1254 1252 4715 4040 3516 
10 408 382 877 384 690 4573 4330 689 688 4133 
10 915 914 971 3100 1774 1415 1280 4451 3506 4770 
10 2009 264 2012 2010 4820 4821 2408 2403 4822 2407 
10 363 44 2001 409 524 3874 4595 526 522 4596 
10 2046 3107 2027 3122 4010 4823 2498 4011 4012 4824 
10 397 3070 403 3084 3532 4046 759 3531 3177 4371 
10 256 37 241 2088 277 273 278 3648 4140 3550 
10 388 414 453 3061 716 718 671 3731 3520 3807 
10 1047 976 853 3117 1586 1585 1587 3702 3700 4809 
10 2026 368 2028 3114 4825 3349 2457 4670 3441 3348 
10 439 414 410 3104 780 588 560 3917 4143 4761 
10 947 191 795 3115 1230 1226 1231 4514 4455 4789 
10 2093 2129 1982 3126 2279 2278 2275 4405 4627 4608 
10 400 401 386 3059 707 706 701 4186 3738 4589 
10 2068 2070 2069 3094 2269 2626 2347 4420 4222 3259 
10 909 3088 916 3131 4617 3313 1299 4618 4400 4399 
10 255 2007 239 249 4309 4613 316 317 3712 318 
10 958 957 796 3096 1291 1144 1292 3631 4385 4383 
10 2101 3080 1997 3100 4160 4751 2340 4344 4239 4646 
10 828 952 830 3079 1462 1461 1460 4064 3674 4516 
10 795 191 1989 3115 1226 4452 4819 4789 4455 4456 
10 366 447 404 3086 608 607 604 4092 3960 3440 
10 2067 3110 2073 3113 4110 4655 2624 4424 4563 4654 
10 167 2107 2105 3116 4826 2172 4827 4828 4245 4778 
10 442 3064 435 3119 4220 4648 725 4677 4678 4727 
10 2032 2033 2060 3124 2487 2523 2522 3683 4829 3685 
10 959 1033 189 2115 1225 1224 1220 3822 4831 4830 
10 887 838 941 3072 1512 1488 1513 3530 3762 3588 
10 2121 23 2 3129 4808 32 4832 4804 4745 4833 
10 422 413 406 867 778 757 598 4834 3546 3721 
10 810 922 381 990 1340 4835 4719 1365 1367 4720 
10 1009 3086 889 3099 4836 4433 1747 4785 4311 3773 
10 2129 3081 1982 3126 4571 4490 2278 4627 4380 4608 
10 2045 2097 2084 3091 2581 2580 2534 3961 4166 4177 
10 939 1014 1001 3119 1866 1868 1867 4333 3662 3660 
10 938 1031 940 3119 1864 1738 1863 4708 4696 4776 
10 982 367 926 370 4757 4837 1763 4800 576 4838 
10 434 393 391 3066 734 661 735 3940 4187 4526 
10 2121 2 23 1036 4832 32 4808 4803 1061 1060 
10 882 880 973 3065 1713 1715 1714 4499 3320 3965 
10 3088 3108 3049 3131 3893 3768 3523 4400 3877 3594 
10 2046 2027 2048 3122 2498 2500 2499 4011 4824 4586 
10 1000 422 406 867 4658 598 4325 1655 4834 3721 
10 849 853 854 3117 1556 1565 1564 4349 4809 4396 
10 422 406 365 1001 598 597 599 4659 4326 4150 
10 2060 3085 1984 3116 4567 4664 2287 3850 4236 4667 
10 398 377 450 3106 666 655 667 3186 3956 3957 
10 182 1981 2123 3090 4839 2217 4797 4798 3689 3559 
10 2100 2044 2026 3114 2496 2495 2492 4403 3830 4670 
10 1979 947 1022 3083 4730 1234 3944 3945 4582 3926 
10 1042 930 968 3090 1850 1849 1303 3253 3338 3292 
10 2056 3068 2095 3102 4691 4004 2293 4298 3792 4005 
10 2065 444 2127 3121 4840 4813 2477 4817 4841 4277 
10 176 2110 1003 3110 4842 4619 1181 4843 4565 4361 
10 2030 3108 364 3125 4784 3871 4844 4806 4437 4845 
10 189 1033 2113 2115 1224 3827 4846 4830 4831 2238 
10 2059 2117 2100 3114 2260 2577 2612 4554 4367 4403 
10 437 390 415 3122 728 727 625 4680 4320 4773 
10 2105 2060 1984 3116 2290 2287 2169 4778 3850 4667 
10 441 3065 392 3106 3643 3779 737 3402 3322 4643 
10 178 2101 1983 3100 4847 2205 4848 4849 4344 4850 
10 860 872 858 3077 1612 1611 1609 4088 3159 4259 
10 3044 3108 3088 3131 4059 3893 3909 3886 3877 4400 
10 2030 2031 364 3108 2465 3870 4844 4784 3755 3871 
10 423 3109 442 3119 4810 4221 772 4481 4679 4677 
10 2127 444 5 3121 4813 459 4587 4277 4841 4479 
10 431 805 450 806 4851 4644 657 4852 1321 3821 
10 2087 3073 2125 3125 4049 4628 2603 4051 4052 4816 
10 2069 2074 2001 3094 2370 2369 2356 3259 4717 4853 
10 922 381 417 810 4835 583 4854 1340 4719 4118 
10 960 2107 167 3116 4244 4826 1158 4039 4245 4828 
10 433 879 1015 1023 3534 1710 4724 3589 1618 1711 
10 2067 2054 2053 3113 2606 2598 2310 4424 4539 4425 
10 936 804 1009 3128 1095 1332 1331 4685 4744 4786 
10 364 411 40 2030 514 510 512 4844 4856 4855 
10 402 395 430 3058 752 745 753 4156 4327 3503 
10 245 254 2004 255 343 4857 4507 345 344 4461 
10 426 3074 3099 3128 4631 4176 4632 4858 4686 4735 
10 2013 253 243 262 4754 336 4132 4636 321 311 
10 437 369 420 3118 626 623 627 4418 4733 4449 
10 357 2054 2075 3113 4642 2609 3494 3496 4539 3391 
10 410 2041 2040 3104 4799 2555 4859 4761 4234 4860 
10 857 976 1023 3111 1593 1608 1607 4041 3950 3447 
10 444 2065 2127 2023 4840 2477 4813 4814 2470 2478 
10 411 2030 364 3125 4856 4844 514 4086 4806 4845 
10 901 3083 947 3115 4395 4582 1287 4603 4584 4514 
10 804 964 965 3128 1089 1334 1333 4744 3937 4434 
10 2041 2074 410 2040 2558 4765 4799 2555 2559 4859 
10 1988 2053 2055 3082 2307 2309 2308 3777 4104 3765 
10 46 2040 2077 2078 4247 2560 4861 4249 2551 2390 
10 790 365 1016 449 4862 4863 1258 4864 491 4865 
10 794 3110 972 3127 4866 3498 1282 4867 4502 4500 
10 375 377 376 3101 654 653 636 3734 3808 3235 
10 388 3076 3061 3117 4464 3404 3731 4764 3387 4350 
10 873 832 830 3071 1471 1470 1472 3340 3934 4515 
10 358 2040 2039 3104 4868 2549 4693 4558 4860 4197 
10 3075 3091 3052 3097 4206 4274 3408 3695 4169 3694 
10 2055 3082 2053 3092 3765 4104 2309 4255 4035 4550 
10 2032 359 2033 3124 3836 4869 2487 3683 3837 4829 
10 3073 3123 2125 3125 3736 4629 4628 4052 4622 4816 
10 940 1031 886 3109 1738 1737 1677 4706 4319 4316 
10 365 422 1001 1016 599 4659 4150 4863 4752 1259 
10 818 951 1049 3087 1409 1411 1408 4559 3554 3921 
10 176 1003 794 3110 1181 1186 1185 4843 4361 4866 
10 6 3089 3074 3128 3954 3630 4181 4870 4351 4686 
10 2079 2033 412 3124 2529 4871 4710 4574 4829 4711 
10 924 974 824 3069 1440 1439 1424 4073 3487 4369 
10 436 900 1030 366 4768 1797 4767 492 4091 4431 
10 966 182 968 3090 1203 1199 1204 4117 4798 3292 
10 2062 3085 2060 3124 4278 4567 2289 4575 4568 3685 
10 2106 156 1037 1986 4872 1064 4421 2139 4873 4661 
10 794 972 915 3127 1282 1281 1279 4867 4500 4602 
10 3057 3098 3080 3100 3726 3485 3301 3507 4348 4239 
10 1030 1045 965 3086 1798 1751 1883 4007 3790 4258 
10 795 1033 903 3115 1228 1290 1289 4789 3724 3725 
10 2009 253 264 252 4294 324 4820 4295 354 347 
10 1009 888 889 3086 1746 1579 1747 4836 4523 4433 
10 1999 1998 2000 3098 2349 2353 2352 3389 3217 4812 
10 404 405 387 3105 712 711 699 3385 3955 4657 
10 258 2003 2076 2083 3910 2380 4874 3912 2377 2381 
10 1999 2000 409 3098 2352 4639 4001 3389 4812 3811 
10 837 21 936 3074 1099 1090 1101 4114 3706 4683 
10 428 376 393 3078 637 660 662 3213 3135 4875 
10 2104 2114 2047 3075 2321 2579 2586 4032 4463 3634 
10 365 7 8 963 481 13 482 4411 4145 4652 
10 3045 3112 3060 3122 3670 3671 3667 4013 4580 4321 
10 2074 363 2001 3094 4876 4595 2369 4717 3241 4853 
10 3054 3083 3063 3114 3557 3842 3913 3832 4647 3584 
10 379 373 378 3111 643 638 644 3446 3834 4611 
10 444 390 3121 3122 474 4028 4841 4877 4320 4551 
10 2013 240 253 262 3596 322 4754 4636 314 321 
10 845 894 923 3078 1546 1548 1528 4458 3356 3858 
10 428 451 388 3076 721 720 642 3149 3995 4464 
10 1016 1001 365 790 1259 4150 4863 1258 1255 4862 
10 384 3105 387 3120 4135 4657 698 4253 4057 4671 
10 862 860 861 3095 1619 1614 1620 4315 4089 3310 
10 178 1983 971 3100 4848 4878 1187 4849 4850 4770 
10 47 358 2037 419 531 4796 4795 533 535 4721 
10 382 383 381 994 683 682 678 4792 4606 4743 
10 368 2026 416 3114 4825 4669 541 3441 4670 3831 
10 1030 788 436 366 1246 4879 4767 4431 4504 492 
10 2117 2044 2100 3114 2576 2496 2577 4367 3830 4403 
10 849 847 853 3117 1555 1557 1556 4349 4363 4809 
10 431 450 375 806 657 656 615 4852 3821 4242 
10 948 809 811 3106 1360 1341 1361 3632 3857 3958 
10 410 2040 358 3104 4859 4868 532 4761 4860 4558 
10 848 846 847 3076 1549 1536 1550 3264 3714 4362 
10 423 403 442 3084 761 773 772 4480 4371 4370 
10 2073 2110 2131 3127 2625 2199 2285 4375 4881 4880 
10 809 417 810 805 4119 4118 1339 1336 4687 1338 
10 2033 412 2080 2079 4871 4882 2489 2529 4710 2530 
10 923 841 845 3078 1430 1526 1528 3858 3136 4458 
10 2039 2037 358 3102 2545 4796 4693 4300 4722 4557 
10 791 1010 967 3087 1263 1262 1210 3162 3730 4531 
10 1004 981 877 382 1703 1493 1702 4759 4336 4573 
10 402 403 397 3070 617 759 751 3868 4046 3532 
10 441 386 401 3093 708 706 709 3401 4590 3638 
10 2121 2 1986 3129 4832 4883 2136 4804 4833 4662 
10 182 966 1981 3090 1203 4116 4839 4798 4117 3689 
10 2074 2070 2041 3094 2563 2561 2558 4717 4222 4223 
10 436 408 900 366 609 3933 4768 492 605 4091 
10 987 1047 853 3117 1588 1587 1558 3388 3702 4809 
10 896 156 1037 2106 1125 1064 1126 3783 4872 4421 
10 2079 2062 2033 3124 2528 2527 2529 4574 4575 4829 
10 2037 419 358 3102 4721 535 4796 4722 3604 4557 
10 373 372 378 3117 631 639 638 3701 3386 4766 
10 2038 358 2039 2037 4794 4693 2546 2509 4796 2545 
10 916 909 797 3088 1299 1296 1300 3313 4617 4605 
10 1045 955 888 3086 1748 1518 1749 3790 3438 4523 
10 450 417 805 431 764 4687 4644 657 584 4851 
10 2054 2051 2053 3092 2597 2593 2598 4538 4740 4550 
10 171 797 1980 3088 1170 4604 4884 4885 4605 4213 
10 3063 3114 3083 3115 3584 4647 3842 4109 3642 4584 
10 2079 412 2042 3118 4710 4886 2565 4541 4626 4738 
10 442 389 435 3064 724 479 725 4220 4183 4648 
10 987 853 847 3117 1558 1557 1538 3388 4809 4363 
10 257 2014 2089 2020 4887 2434 4888 4889 2432 2435 
10 999 1035 820 3082 1420 1419 1177 3618 4240 4428 
10 2125 2107 1987 3123 2306 2175 2304 4629 4246 4519 
10 375 962 431 806 4407 4890 615 4242 1323 4852 
10 2110 2067 1988 3110 2313 2311 2196 4565 4110 3778 
10 2026 2034 416 2044 2455 4323 4669 2495 2494 3742 
10 1009 3086 3099 3128 4836 4311 4785 4786 4435 4735 
10 2056 2037 2039 3102 2547 2545 2548 4298 4722 4300 
10 2075 2054 2072 3113 2609 2607 2360 3391 4539 3613 
10 945 1018 956 3112 1870 1379 1781 3687 4216 4128 
10 405 447 452 3062 774 777 776 3606 3959 4201 
10 994 1004 382 895 1438 4759 4792 1779 1777 4355 
10 943 869 864 3070 1643 1632 1641 3680 3432 3311 
10 828 850 952 3079 1451 1463 1462 4064 3815 3674 
10 387 3071 385 3120 4079 4630 697 4671 4070 4545 
10 433 413 456 984 758 784 783 4695 4694 4891 
10 803 937 938 3089 1094 1327 1326 4217 3826 4552 
10 965 3086 1009 3128 4258 4836 1335 4434 4435 4786 
10 2079 2043 2096 3118 2566 2570 2569 4541 4096 4542 
10 2130 158 813 3112 4892 1131 4543 4044 4894 4893 
10 932 892 856 3067 1603 1595 1601 3325 3484 4292 
10 412 2080 38 2033 4882 3625 504 4871 2489 4895 
10 2064 2066 1986 3129 2299 2298 2297 4432 4609 4662 
10 804 965 1009 3128 1333 1335 1332 4744 4434 4786 
10 877 875 898 408 1492 1693 1692 4330 3932 4811 
10 2121 2092 3097 3129 2303 4329 4801 4804 4548 4447 
10 846 843 847 3076 1535 1537 1536 3714 3169 4362 
10 935 1011 989 3081 1859 1381 1760 4459 4122 4105 
10 436 788 8 366 4879 4581 488 492 4504 483 
10 1014 940 870 3119 1670 1669 1671 3662 4776 4457 
10 861 863 862 3095 1625 1624 1620 3310 3299 4315 
10 833 838 835 3105 1487 1486 1485 3880 3763 3574 
10 790 365 8 963 4862 482 4790 1083 4411 4652 
10 3049 3123 3073 3125 3331 3736 4115 3537 4622 4052 
10 1037 2 23 3129 1062 32 1063 4422 4833 4745 
10 420 387 405 3072 713 711 714 4055 4080 3608 
10 821 822 844 3101 1373 1423 1422 4525 3233 4077 
10 2065 2066 2064 3121 2618 2299 2588 4817 4443 4737 
10 875 834 835 3105 1489 1484 1490 3852 4024 3574 
10 2020 2031 364 2030 2464 3870 4896 2462 2465 4844 
10 2095 1985 2115 3068 2294 2235 2296 4004 4641 3542 
10 917 793 905 3085 1275 1272 1276 4090 3737 3271 
10 171 1034 797 3088 1166 1171 1170 4885 3312 4605 
10 819 914 918 3100 1412 1414 1413 4345 3506 4238 
10 2101 178 819 3100 4847 1191 4159 4344 4849 4345 
10 3084 3109 423 3119 4373 4810 4480 3929 4679 4481 
10 831 833 834 3105 1474 1477 1476 4036 3880 4024 
10 7 3089 6 3128 4147 3954 12 3935 4351 4870 
10 2062 2060 2033 3124 2289 2523 2527 4575 3685 4829 
10 2020 364 40 2030 4896 512 4897 2462 4844 4855 
10 2108 1991 2091 3087 2226 2323 2325 4495 4496 4439 
10 3064 3089 435 3119 3573 4649 4648 4678 4334 4727 
10 37 36 241 2088 53 274 273 4140 4898 3550 
10 957 1043 998 3096 1878 1811 1147 4385 3938 3290 
10 451 428 393 3078 721 662 742 4342 3213 4875 
10 2095 2056 1985 3068 2293 2292 2294 4004 4691 4641 
10 410 363 2074 3094 529 4876 4765 4760 3241 4717 
10 2065 2027 444 3122 2471 4899 4840 4818 4824 4877 
10 357 2075 2054 2076 3494 2609 4642 4900 2379 2600 
10 1037 1986 2 3129 4661 4883 1062 4422 4662 4833 
10 903 902 795 3115 1288 1286 1289 3725 4108 4789 
10 2128 1980 2098 3088 2184 2263 2266 3457 4213 3456 
10 2030 2049 2031 3108 2513 2512 2465 4784 4203 3755 
10 796 1041 958 3126 1294 1293 1292 4388 4498 4692 
10 2112 1979 2059 3083 2247 2258 2259 4583 3945 4726 
10 1018 989 813 3112 1382 1380 1378 4216 4601 4893 
10 901 947 795 3115 1287 1231 1284 4603 4514 4789 
10 425 392 441 3065 740 737 741 3616 3779 3643 
10 790 1001 365 963 1255 4150 4862 1083 1256 4411 
10 1009 944 936 3099 1755 1505 1331 4785 4393 4734 
10 385 3071 3079 3120 4630 3675 4544 4545 4070 4063 
10 1017 1011 935 3081 1138 1859 1860 4491 4122 4459 
10 2027 2065 444 2021 2471 4840 4899 2468 2469 4901 
10 2130 1992 158 3112 2145 4902 4892 4044 4171 4894 
10 2042 2080 412 2079 2567 4882 4886 2565 2530 4710 
10 441 392 398 3106 737 665 738 3402 4643 3186 
10 429 41 2051 2031 515 4903 4739 4290 4904 2519 
10 2050 2055 2053 3092 2595 2309 2594 4034 4255 4550 
10 2122 1988 2055 3082 2193 2308 2312 4430 3777 3765 
10 5 444 390 3121 459 474 472 4479 4841 4028 
10 415 444 2027 3122 499 4899 4905 4773 4877 4824 
10 421 385 387 3071 703 697 704 4289 4630 4079 
10 432 1015 928 373 4906 1357 4681 632 4725 4074 
10 817 167 2105 3116 1154 4827 4777 4747 4828 4778 
10 2008 2006 2009 251 2393 2395 2394 4762 4763 4296 
10 2066 2127 2097 3121 2619 2622 2621 4443 4277 4178 
10 364 3108 445 3125 3871 4047 591 4845 4437 3538 
10 1983 971 3100 3127 4878 4770 4850 4907 4771 4615 
10 1030 788 1024 436 1246 1247 1249 4767 4879 4769 
10 792 1048 1019 3068 1267 1271 1270 4640 3894 3839 
10 6 3074 426 3128 4181 4631 476 4870 4686 4858 
10 1015 432 433 373 4906 647 4724 4725 632 645 
10 41 429 364 2031 515 517 513 4904 4290 3870 
10 822 821 812 3101 1373 1369 1374 3233 4525 3789 
10 419 2037 47 2029 4721 4795 533 4709 2508 3983 
10 827 826 828 3130 1398 1450 1449 4008 4099 3998 
10 2006 254 253 251 4620 356 4908 4763 355 353 
10 2082 250 241 256 3990 328 3548 3647 329 278 
10 415 2027 3107 3122 4905 4823 4772 4773 4824 4012 
10 958 1043 957 3096 1879 1878 1291 3631 3938 4385 
10 2099 169 1013 3123 4909 1164 3521 3522 4910 3415 
10 2116 1983 3100 3127 2284 4850 4347 4374 4907 4615 
10 2116 2101 1997 3100 2286 2340 2350 4347 4344 4646 
10 1989 2057 2113 3115 2314 2317 2241 4456 3640 3828 
10 196 2121 1990 3097 4911 2257 4912 4913 4801 4366 
10 365 422 1016 449 599 4752 4863 491 602 4865 
10 2065 444 3121 3122 4840 4841 4817 4818 4877 4551 
10 2029 48 419 2028 4633 534 4709 2459 4914 3472 
10 443 0 5 2084 457 10 458 4285 4915 4588 
10 816 825 826 3130 1390 1396 1395 4020 3931 4099 
10 997 23 1036 3097 1105 1060 1109 3968 4791 4802 
10 2033 38 412 359 4895 504 4871 4869 506 508 
10 2056 2091 1991 3103 2324 2323 2322 4251 4252 4697 
10 2116 1983 2101 3100 2284 2205 2286 4347 4850 4344 
10 409 43 2000 2075 521 4576 4639 3810 4578 2358 
10 2039 2040 2041 3104 2549 2555 2554 4197 4860 4234 
10 948 824 973 3106 1372 1442 1441 3632 4419 4283 
10 996 23 22 3129 1102 31 1103 4205 4745 3902 
10 412 2033 359 3124 4871 4869 508 4711 4829 3837 
10 43 409 357 2075 521 523 519 4578 3810 3494 
10 2056 2095 2037 3102 2293 2541 2547 4298 4005 4722 
10 870 866 865 3084 1644 1640 1645 4006 4488 3176 
10 412 369 2042 3118 505 4782 4886 4626 4733 4738 
10 2030 411 2024 3125 4856 4781 2463 4806 4086 4916 
10 1017 3081 935 3126 4491 4459 1860 4607 4380 4497 
10 394 395 379 3077 674 673 668 3527 4328 3257 
10 946 944 889 3099 1753 1752 1754 3816 4393 3773 
10 438 409 418 3098 556 585 779 3740 3811 3547 
10 2039 2041 2091 3104 2554 2557 2556 4197 4234 4198 
10 2083 2076 42 2089 2381 4917 4918 2436 2601 4919 
10 966 930 1040 3090 1848 1794 1261 4117 3338 3600 
10 411 2024 40 2030 4781 4920 510 4856 2463 4855 
10 877 898 908 408 1692 1701 1700 4330 4811 4921 
10 967 951 818 3087 1410 1409 1213 4531 3554 4559 
10 817 960 167 3116 1159 1158 1154 4747 4039 4828 
10 364 454 425 3108 595 594 592 3871 3753 3800 
10 2061 2060 2105 3116 2525 2290 2614 4075 3850 4778 
10 897 196 1990 3097 1241 4912 4189 4365 4913 4366 
10 2024 2017 40 2020 2448 4922 4920 2447 2433 4897 
10 2105 2107 2061 3116 2172 2616 2614 4778 4245 4075 
10 916 797 1034 3088 1300 1171 1302 3313 4605 3312 
10 859 860 858 3077 1610 1609 1604 3305 4088 4259 
10 827 990 816 3130 1399 1366 1397 4008 4517 4020 
10 789 1013 169 3123 1165 1164 1160 4715 3415 4910 
10 2082 2081 2011 244 2421 2420 2406 4923 4021 3906 
10 1994 1996 1997 3080 2336 2339 2338 3890 3474 4751 
10 382 877 908 408 4573 1700 4924 690 4330 4921 
10 363 2074 45 410 4876 4925 525 529 4765 527 
10 359 2033 2025 2032 4869 2488 4926 3836 2487 2483 
10 1998 1999 1997 3098 2349 2348 2343 3217 3389 4645 
10 969 174 1988 175 1179 4624 3776 1178 216 4377 
10 2030 2024 2087 3125 2463 2485 2484 4806 4916 4051 
10 17 979 788 436 1068 1076 1073 4927 4928 4879 
10 1036 3097 23 3129 4802 4791 1060 4805 4447 4745 
10 795 902 901 3115 1286 1285 1284 4789 4108 4603 
10 2049 2098 2124 3088 2591 2264 2590 4506 3456 3673 
10 909 916 883 3131 1299 1728 1721 4618 4399 3592 
10 445 364 425 3108 591 592 593 4047 3871 3800 
10 48 49 2019 262 65 4014 4634 310 309 4637 
10 178 971 819 3100 1187 1192 1191 4849 4770 4345 
10 2016 2015 261 2010 2415 4929 4930 2414 2412 4931 
10 417 922 810 805 4854 1340 4118 4687 1319 1338 
10 2035 2046 2093 3107 2497 2539 2538 3976 4010 3975 
10 871 886 885 3109 1676 1675 1674 4468 4316 3804 
10 429 399 454 3092 766 765 596 4291 3511 3739 
10 2011 249 244 248 3711 340 3906 4689 339 284 
10 196 1036 2121 3097 1065 4803 4911 4913 4802 4801 
10 408 404 384 3105 606 700 689 4331 3385 4135 
10 2079 2042 2043 3118 2565 2535 2566 4541 4738 4096 
10 46 2078 242 259 4249 4228 300 304 4060 305 
10 854 857 856 3111 1592 1591 1590 4209 4041 4293 
10 368 448 403 3114 621 620 618 3441 3916 3856 
10 2048 2065 2064 3122 2501 2588 2330 4586 4818 4579 
10 986 972 1003 3110 1838 1283 1885 3863 3498 4361 
10 1007 954 1046 3075 1389 1876 1786 4033 3849 4111 
10 882 910 909 3131 1724 1723 1722 4415 3885 4618 
10 1038 820 1035 3082 1418 1419 1421 3541 4428 4240 
10 940 886 871 3109 1677 1676 1668 4706 4316 4468 
10 2123 1981 2068 3090 2217 2268 2271 3559 3689 3562 
10 3052 3121 3060 3129 4304 4027 4231 3948 4549 3903 
10 2102 186 1029 3103 4932 1215 4264 4266 4933 4265 
10 2021 2015 261 2016 2438 4929 4934 2437 2415 4930 
10 917 1028 793 3085 1278 1153 1275 4090 4665 3737 
10 2013 2090 2019 262 2430 2429 2428 4636 4935 4637 
10 375 962 367 431 4407 4788 614 615 4890 574 
10 421 359 446 3124 568 565 569 4520 3837 4241 
10 2087 2061 2125 3073 2526 2615 2603 4049 3864 4628 
10 430 419 402 3102 563 619 753 4364 3604 4157 
10 69 808 800 361 1120 1119 1118 550 3137 4936 
10 426 3099 3086 3128 4632 4311 4672 4858 4735 4435 
10 2068 1981 2070 3090 2268 2270 2269 3562 3689 4317 
10 956 158 1992 3112 1127 4902 4256 4128 4894 4171 
10 385 400 386 3079 702 701 695 4544 4282 4676 
10 2073 3110 2110 3127 4655 4565 2625 4375 4502 4881 
10 423 397 403 3084 760 759 761 4480 3531 4371 
10 881 921 825 3093 1448 1445 1446 3598 3980 3930 
10 2121 1986 2092 3129 2136 2301 2303 4804 4662 4548 
10 2099 1987 169 3123 2178 4937 4909 3522 4519 4910 
10 802 431 962 806 4938 4890 1324 1322 4852 1323 
10 2006 2004 2005 254 2382 2374 2383 4620 4857 4547 
10 20 937 803 3089 1092 1094 1085 4561 3826 4217 
10 881 825 880 3093 1446 1392 1447 3598 3930 3296 
10 369 2035 2022 2042 4732 2472 4748 4782 2475 2474 
10 789 169 1987 3123 1160 4937 4714 4715 4910 4519 
10 1984 2060 2062 3085 2287 2289 2288 4664 4567 4278 
10 818 186 1991 3103 1211 4939 4599 4560 4933 4697 
10 2048 1992 2063 3112 2326 2328 2327 4585 4171 3897 
10 2114 1990 2092 3097 2319 2318 2320 4168 4366 4329 
10 1994 179 180 970 4314 221 4155 4016 1194 1193 
10 2062 2103 1984 3085 2291 2166 2288 4278 4279 4664 
10 2120 161 796 3126 4940 1140 4382 4386 4941 4388 
10 446 411 445 3125 566 590 771 3825 4086 3538 
10 37 2042 2080 412 4141 2567 4142 503 4886 4882 
10 2102 1991 186 3103 2229 4939 4932 4266 4697 4933 
10 2038 358 46 2040 4794 530 4248 2550 4868 4247 
10 897 1036 196 3097 1244 1065 1241 4365 4802 4913 
10 443 5 389 3091 458 469 473 4286 4600 4307 
10 411 364 445 3125 514 591 590 4086 4845 3538 
10 968 930 966 3090 1849 1848 1204 3292 3338 4117 
10 962 367 431 802 4788 574 4890 1324 4942 4938 
10 2059 2057 1989 3115 2315 2314 2316 4569 3640 4456 
10 2108 2091 2071 3087 2325 2564 2627 4495 4439 3237 
10 384 387 385 3120 698 697 693 4253 4671 4545 
10 2028 48 419 368 4914 534 3472 3349 536 538 
10 1979 2117 2059 3083 2261 2260 2258 3945 3838 4726 
10 367 962 891 802 4788 1325 4943 4942 1324 1312 
10 794 1003 972 3110 1186 1283 1282 4866 4361 3498 
10 2096 2118 1993 3096 2335 2160 2333 4705 4417 3288 
10 2088 2081 256 2080 2628 3646 3648 2568 2491 4944 
10 2093 1982 2094 3126 2275 2277 2276 4405 4608 4406 
10 961 817 1032 3116 1404 1401 1405 3437 4747 4037 
10 956 813 158 3112 1132 1131 1127 4128 4893 4894 
10 913 789 993 3123 1250 1252 1251 3787 4715 3516 
10 1017 935 1041 3126 1860 1857 1295 4607 4497 4498 
10 2096 2094 2118 3096 2572 2629 2335 4705 4356 4417 
10 2086 2012 2018 260 2425 2422 2426 3268 3269 4945 
10 7 435 6 3089 478 477 12 4147 4649 3954 
10 1992 2130 2063 3112 2145 2331 2328 4171 4044 3897 
10 2001 2074 45 363 2369 4925 4946 4595 4876 525 
10 1986 2066 2092 3129 2298 2302 2301 4662 4609 4548 
10 831 981 829 3120 1467 1466 1464 4056 4225 3997 
10 956 158 157 1992 1127 199 1128 4256 4902 4555 
10 927 1025 926 370 1841 1840 1353 4268 4269 4838 
10 814 193 2109 194 1236 4716 3449 1235 235 4353 
10 818 1029 186 3103 1216 1215 1211 4560 4265 4933 
10 2101 178 179 819 4847 220 4354 4159 1191 1190 
10 789 913 1013 3123 1250 1253 1165 4715 3787 3415 
10 2039 358 2038 2040 4693 4794 2546 2549 4868 2550 
10 2042 37 369 412 4141 501 4782 4886 503 505 
10 239 2083 2089 2014 4612 2436 4947 4614 2401 2434 
10 997 897 1046 3097 1783 1785 1784 3968 4365 4112 
10 829 830 831 3120 1459 1465 1464 3997 4668 4056 
10 870 871 866 3084 1650 1649 1644 4006 4598 4488 
10 928 808 432 370 1356 4948 4681 4682 4949 578 
10 2017 40 2014 248 4922 4950 2417 4688 282 4690 
10 166 167 2105 817 208 4827 4779 1155 1154 4777 
10 2021 36 2022 2016 4951 4952 2443 2437 4953 2442 
10 901 904 947 3083 1735 1799 1287 4395 4018 4582 
10 442 435 423 3119 725 603 772 4677 4727 4481 
10 811 824 948 3106 1370 1372 1361 3958 4419 3632 
10 1002 984 413 983 1894 4694 4700 1657 1708 3545 
10 2030 2087 2052 3125 2484 2516 2515 4806 4051 4436 
10 2110 2073 2067 3110 2625 2624 2313 4565 4655 4110 
10 2066 2065 2127 3121 2618 2477 2619 4443 4817 4277 
10 258 42 239 2083 292 288 293 3912 4918 4612 
10 358 439 410 3104 561 560 532 4558 3917 4761 
10 443 389 416 3091 473 722 542 4286 4307 3747 
10 18 17 8 790 26 4954 4340 1075 1074 4790 
10 410 414 363 3094 588 587 529 4760 4095 3241 
10 1020 898 1024 436 1790 1787 1791 4955 4956 4769 
10 417 922 805 362 4854 1319 4687 582 4958 4957 
10 388 378 372 3117 640 639 641 4764 4766 3386 
10 46 358 410 2040 530 532 528 4247 4868 4859 
10 250 241 252 2082 328 327 326 3990 3548 4959 
10 888 1009 965 3086 1746 1335 1750 4523 4836 4258 
10 2084 2086 0 2023 2480 4465 4915 2479 2441 4466 
10 2017 2014 40 2020 2417 4950 4922 2433 2432 4897 
10 805 431 802 806 4851 4938 1317 1321 4852 1322 
10 2046 2035 2027 3107 2497 2473 2498 4010 3976 4823 
10 406 397 423 3084 755 760 601 3458 3531 4480 
10 377 391 376 3101 659 658 653 3808 4527 3235 
10 250 2008 251 249 3989 4762 350 341 4960 349 
10 904 1022 947 3083 1386 1234 1799 4018 3926 4582 
10 951 967 1010 3087 1410 1262 1768 3554 4531 3730 
10 18 8 17 788 4340 4954 26 1072 4581 1073 
10 368 416 448 3114 541 622 621 3441 3831 3916 
10 1989 191 795 190 4452 1226 4819 4787 232 1227 
10 1995 798 180 181 3204 1197 4154 4532 1196 222 
10 882 909 883 3131 1722 1721 1717 4415 4618 3592 
10 817 961 960 3116 1404 1403 1159 4747 3437 4039 
10 2067 2072 2054 3113 2608 2607 2606 4424 3613 4539 
10 794 915 971 3127 1279 1280 1189 4867 4602 4771 
10 788 8 17 436 4581 4954 1073 4879 488 4927 
10 818 1049 950 3103 1408 1407 1406 4560 3923 3411 
10 1982 1017 161 3126 4485 1136 4961 4608 4607 4941 
10 2098 1980 2124 3088 2263 2265 2264 3456 4213 3673 
10 1982 161 2120 3126 4961 4940 2154 4608 4941 4386 
10 2074 2069 2070 3094 2370 2626 2563 4717 3259 4222 
10 2088 37 2022 2042 4140 4962 2445 2476 4141 2474 
10 2121 2092 1990 3097 2303 2318 2257 4801 4329 4366 
10 2120 2094 1982 3126 2280 2277 2154 4386 4406 4608 
10 1982 1017 160 161 4485 1137 4484 4961 1136 202 
10 185 818 186 1991 1212 1211 227 4492 4599 4939 
10 184 2108 967 185 4660 4530 1209 226 4493 1208 
10 979 17 8 436 1068 4954 4963 4928 4927 488 
10 996 1037 23 3129 1108 1063 1102 4205 4422 4745 
10 42 258 2076 2083 292 4874 4917 4918 3912 2381 
10 807 1015 432 456 1347 4906 4964 4965 4966 651 
10 2116 2073 1983 3127 2283 2282 2284 4374 4375 4907 
10 857 854 976 3111 1592 1584 1593 4041 4209 3950 
10 938 940 939 3119 1863 1862 1329 4708 4776 4333 
10 385 383 384 3120 692 687 693 4545 4227 4253 
10 834 833 835 3105 1477 1485 1484 4024 3880 3574 
10 455 456 413 984 652 784 781 4967 4891 4694 
10 183 182 966 1981 224 1203 1202 4968 4839 4116 
10 808 928 927 370 1356 1355 1354 4949 4682 4268 
10 2050 2053 2051 3092 2594 2593 2520 4034 4550 4740 
10 2012 240 2018 260 3595 3597 2422 3269 315 4945 
10 433 432 1015 456 647 4906 4724 783 651 4966 
10 417 381 922 362 583 4835 4854 582 580 4958 
10 2001 45 2074 2077 4946 4925 2369 2368 4969 2371 
10 962 891 982 367 1325 1762 1523 4788 4943 4757 
10 431 417 805 362 584 4687 4851 573 582 4957 
10 164 1993 163 998 4511 4970 205 1145 3285 1146 
10 176 175 1003 2110 217 1182 1181 4842 4564 4619 
10 790 8 365 449 4790 482 4862 4864 489 491 
10 994 381 382 823 4743 678 4792 1436 4972 4971 
10 971 1983 177 3127 4878 4973 1188 4771 4907 4974 
10 971 914 819 3100 1415 1412 1192 4770 3506 4345 
10 796 161 1017 3126 1140 1136 1141 4388 4941 4607 
10 444 5 0 2023 459 10 460 4814 4815 4466 
10 891 360 367 802 4975 571 4943 1312 4976 4942 
10 358 419 430 3102 535 563 562 4557 3604 4364 
10 922 994 381 990 1437 4743 4835 1367 1778 4720 
10 398 392 377 3106 665 664 666 3186 4643 3956 
10 2125 2099 2052 3123 2305 2605 2602 4629 3522 3728 
10 178 1983 177 971 4848 4973 219 1187 4878 1188 
10 258 245 43 2003 296 295 291 3910 4509 4577 
10 456 374 984 988 650 4977 4891 4978 4979 1349 
10 1015 433 456 984 4724 783 4966 1351 4695 4891 
10 2048 2027 2065 3122 2500 2471 2501 4586 4824 4818 
10 368 2026 49 416 4825 4015 537 541 4669 539 
10 2131 794 177 3127 4980 1184 4981 4880 4867 4974 
10 2107 960 167 168 4244 1158 4826 4712 1157 209 
10 2102 2056 1991 3103 2295 2322 2229 4266 4251 4697 
10 415 369 437 3107 502 626 625 4772 4731 3705 
10 944 1009 889 3099 1755 1747 1752 4393 4785 3773 
10 195 196 1990 897 237 4912 4306 1242 1241 4189 
10 156 2 1037 1986 197 1062 1064 4873 4883 4661 
10 2081 38 39 244 3624 55 4982 4021 280 279 
10 431 367 360 802 574 571 572 4938 4942 4976 
10 50 0 2084 2086 67 4915 4983 3690 4465 2480 
10 384 404 387 3105 700 699 698 4135 3385 4657 
10 896 157 156 2106 1124 198 1125 3783 4556 4872 
10 2016 261 36 241 4930 270 4953 3549 275 274 
10 38 2033 2025 359 4895 2488 3626 506 4869 4926 
10 2016 36 2022 2088 4953 4952 2442 2444 4898 2445 
10 2118 162 163 957 4440 204 4701 4416 1143 1142 
10 187 188 1985 792 229 4723 4783 1218 1217 4486 
10 171 1980 797 172 4884 4604 1170 213 4211 1169 
10 413 422 455 1002 778 782 781 4700 4985 4984 
10 2099 169 170 1013 4909 211 4793 3521 1164 1163 
10 965 1045 888 3086 1751 1749 1750 4258 3790 4523 
10 395 397 396 3095 750 749 676 4402 3533 3308 
10 47 259 243 2090 303 308 307 3984 4061 4130 
10 908 1004 382 380 1433 4759 4924 4986 4987 679 
10 455 1002 978 988 4984 1889 4988 4989 1888 1662 
10 818 950 1029 3103 1406 1266 1216 4560 3411 4265 
10 433 1015 879 984 4724 1710 3534 4695 1351 1709 
10 994 382 1004 823 4792 4759 1438 1436 4971 1434 
10 2011 2007 2008 249 2397 2392 2398 3711 3712 4960 
10 257 239 2014 249 290 4614 4887 319 318 3710 
10 2031 364 41 2020 3870 513 4904 2464 4896 4990 
10 2017 39 2081 2025 3512 4982 2419 2450 3514 2451 
10 2034 2086 50 2084 2456 3690 3692 2533 2480 4983 
10 999 2119 173 172 3617 4991 1172 1173 4212 214 
10 41 2089 2031 2020 4992 2466 4904 4990 2435 2464 
10 68 1026 380 823 1055 4993 548 1114 1116 4994 
10 2131 177 1983 3127 4981 4973 2202 4880 4974 4907 
10 422 455 1002 978 782 4984 4985 4995 4988 1889 
10 2037 2038 47 2029 2509 3982 4795 2508 2510 3983 
10 412 359 421 3124 508 568 567 4711 3837 4520 
10 7 6 426 3128 12 476 475 3935 4870 4858 
10 426 3086 366 3128 4672 4092 486 4858 4435 4398 
10 1016 977 790 449 1257 1077 1258 4865 4996 4864 
10 2075 357 43 2076 3494 519 4578 2379 4900 4997 
10 827 816 826 3130 1397 1395 1398 4008 4020 4099 
10 793 165 164 2103 1148 206 1149 4553 4742 4510 
10 258 245 2004 255 296 4507 3911 320 345 4461 
10 48 2029 2019 2028 4633 2460 4634 4914 2459 2458 
10 162 796 2120 161 1139 4382 4412 203 1140 4940 
10 898 407 908 408 4998 4999 1701 4811 691 4921 
10 383 386 427 3130 694 696 685 4475 4591 3575 
10 239 42 41 2089 288 58 289 4947 4919 4992 
10 984 413 455 1002 4694 781 4967 1894 4700 4984 
10 35 2021 2023 2015 5000 2439 5001 5002 2438 2440 
10 940 1014 939 3119 1670 1866 1862 4776 3662 4333 
10 805 431 801 802 4851 5003 1316 1317 4938 1310 
10 790 17 8 449 1074 4954 4790 4864 5004 489 
10 1004 877 908 382 1702 1700 1433 4759 4573 4924 
10 410 2074 45 2040 4765 4925 527 4859 2559 5005 
10 443 2034 50 2084 4698 3692 462 4285 2533 4983 
10 805 431 362 801 4851 573 4957 1316 5003 5006 
10 184 2126 183 791 5007 5008 225 1205 3164 1206 
10 2131 177 794 176 4981 1184 4980 5009 218 1185 
10 807 1015 456 984 1347 4966 4965 1348 1351 4891 
10 382 908 407 408 4924 4999 680 690 4921 691 
10 357 42 43 2076 518 59 519 4900 4917 4997 
10 374 456 455 988 650 652 649 4979 4978 4989 
10 1024 788 979 436 1247 1076 1248 4769 4879 4928 
10 2077 45 46 242 4969 62 4861 4229 301 300 
10 2125 1987 2099 3123 2304 2178 2305 4629 4519 3522 
10 426 366 7 3128 486 484 475 4858 4398 3935 
10 257 2014 40 248 4887 4950 286 287 4690 282 
10 1022 193 192 1979 1232 234 1233 3944 4750 4729 
10 192 2112 191 947 4728 4453 233 1229 4513 1230 
10 984 455 456 988 4967 652 4891 1349 4989 4978 
10 2090 259 243 2085 4061 308 4130 2431 4062 4131 
10 891 982 367 926 1762 4757 4943 1315 1763 4837 
10 424 69 374 1039 468 552 554 5010 1056 5011 
10 240 49 262 2018 313 309 314 3597 3713 4638 
10 790 977 17 449 1077 1067 1074 4864 4996 5004 
10 0 35 2015 246 51 5002 4467 266 265 5012 
10 926 367 800 370 4837 5013 1313 4838 576 5014 
10 1018 813 956 3112 1378 1132 1379 4216 4893 4128 
10 1000 422 1002 978 4658 4985 1658 1890 4995 1889 
10 8 9 17 979 14 5015 4954 4963 5016 1068 
10 253 2009 2006 251 4294 2395 4908 353 4296 4763 
10 174 173 820 2122 215 1176 1175 4623 4427 4426 
10 876 979 9 407 1071 5016 5017 5018 5019 493 
10 367 361 800 370 570 4936 5013 576 575 5014 
10 380 1004 382 823 4987 4759 679 4994 1434 4971 
10 68 380 362 801 548 547 546 1112 5020 5006 
10 789 1987 169 168 4714 4937 1160 1161 4713 210 
10 415 390 444 3122 727 474 499 4773 4320 4877 
10 876 440 1 1026 5021 465 1053 1059 5022 1054 
10 159 160 2111 1011 201 4483 4535 1134 1133 4124 
10 257 40 2014 2020 286 4950 4887 4889 4897 2432 
10 1983 2073 2131 3127 2282 2285 2202 4907 4375 4880 
10 365 423 435 3119 600 603 485 4151 4481 4727 
10 380 362 801 823 547 5006 5020 4994 5023 1115 
10 2075 43 2003 2076 4578 4577 2366 2379 4997 2380 
10 369 412 420 3118 505 624 623 4733 4626 4449 
10 449 422 1016 978 602 4752 4865 5024 4995 1887 
10 801 431 360 802 5003 572 5025 1310 4938 4976 
10 195 2104 194 1007 4305 4352 236 1238 4031 1239 
10 2022 37 369 2042 4962 501 4748 2474 4141 4782 
10 898 1020 407 436 1790 5026 4998 4956 4955 494 
10 91 175 1988 174 1937 4377 2191 1933 216 4624 
10 1024 979 1020 436 1248 1697 1791 4769 4928 4955 
10 897 997 1036 3097 1783 1109 1244 4365 3968 4802 
10 2115 189 959 188 4830 1220 3822 4703 230 1221 
10 2017 244 39 248 4022 279 3512 4688 284 283 
10 813 159 158 2130 1130 200 1131 4543 4534 4892 
10 362 431 360 801 573 572 545 5006 5003 5025 
10 1017 1041 796 3126 1295 1294 1141 4607 4498 4388 
10 2020 40 2024 2030 4897 4920 2447 2462 4855 2463 
10 252 2010 2008 2082 5027 2402 4774 4959 2405 2404 
10 968 181 2123 182 1200 4533 3558 1199 223 4797 
10 2027 415 36 2021 4905 498 5028 2468 5029 4951 
10 2026 2034 49 416 2455 5030 4015 4669 4323 539 
10 257 2089 41 2020 4888 4992 285 4889 2435 4990 
10 1016 977 449 978 1257 4996 4865 1887 1660 5024 
10 380 382 381 823 679 678 581 4994 4971 4972 
10 456 374 807 984 650 5031 4965 4891 4977 1348 
10 422 1000 1016 978 4658 1891 4752 4995 1890 1887 
10 898 407 408 436 4998 691 4811 4956 494 609 
10 908 1004 380 823 1433 4987 4986 1432 1434 4994 
10 971 177 794 3127 1188 1184 1189 4771 4974 4867 
10 2009 252 2010 2008 4295 5027 2403 2394 4774 2402 
10 447 366 426 3086 608 486 610 3960 4092 4672 
10 922 805 362 801 1319 4957 4958 1318 1316 5006 
10 1028 165 1984 166 1152 4775 4663 1151 207 4758 
10 416 2034 50 443 4323 3692 540 542 4698 462 
10 2012 253 2009 2013 5032 4294 2408 2409 4754 2410 
10 42 239 2083 2089 288 4612 4918 4919 4947 2436 
10 2089 2051 41 2031 2521 4903 4992 2466 2519 4904 
10 407 979 9 436 5019 5016 493 494 4928 487 
10 2015 246 261 2010 5012 272 4929 2412 5033 4931 
10 2 2121 196 1036 4832 4911 238 1061 4803 1065 
10 158 74 1992 75 1903 2140 4902 1902 116 2141 
10 74 158 1992 157 1903 4902 2140 1900 199 4555 
10 180 97 179 1994 1948 1945 221 4155 2207 4314 
10 160 78 1982 161 1908 2150 4484 202 1910 4961 
10 369 36 37 2022 500 53 501 4748 4952 4962 
10 2077 2001 45 2002 2368 4946 4969 2367 2363 5034 
10 49 2018 2034 2026 3713 2454 5030 4015 2452 2455 
10 175 91 1988 92 1937 2191 4377 1936 133 2192 
10 39 40 2017 248 56 4922 3512 283 282 4688 
10 876 9 440 407 5017 466 5021 5018 493 495 
10 97 180 1995 1994 1948 4154 2209 2207 4155 2211 
10 92 1988 175 2110 2192 4377 1936 2194 2196 4564 
10 179 96 2101 1994 1946 2204 4354 4314 2206 2208 
10 2085 263 243 253 5035 338 4131 4753 337 336 
10 2002 2000 44 2003 2362 3873 3875 2365 2364 5036 
10 38 37 2080 412 54 4142 3625 504 503 4882 
10 455 984 1002 988 4967 1894 4984 4989 1349 1888 
10 179 97 96 1994 1945 138 1946 4314 2207 2206 
10 50 0 443 2084 67 457 462 4983 4915 4285 
10 380 1026 908 823 4993 1435 4986 4994 1116 1432 
10 2000 43 44 2003 4576 60 3873 2364 4577 5036 
10 799 360 891 802 5037 4975 1308 1311 4976 1312 
10 410 45 46 2040 527 62 528 4859 5005 4247 
10 78 160 1982 77 1908 4484 2150 119 1906 2149 
10 801 68 380 823 1112 548 5020 1115 1114 4994 
10 1029 186 2102 187 1215 4932 4264 1214 228 4616 
10 2001 45 44 363 4946 61 3874 4595 525 524 
10 381 922 362 823 4835 4958 580 4972 1320 5023 
10 186 102 185 1991 1958 1959 227 4939 2224 4492 
10 40 41 364 2020 57 513 512 4897 4990 4896 
10 358 46 47 2038 530 63 531 4794 4248 3982 
10 193 111 110 2109 1974 152 1972 4716 2249 2248 
10 250 252 2008 2082 326 4774 3989 3990 4959 2404 
10 8 9 979 436 14 5016 4963 488 487 4928 
10 169 87 2099 170 1925 2177 4909 211 1927 4793 
10 160 77 2111 1982 1906 2147 4483 4484 2149 2151 
10 1989 107 108 190 2239 149 2240 4787 1968 1967 
10 103 102 186 1991 144 1958 1957 2225 2224 4939 
10 2005 247 254 245 4173 332 4547 5038 299 343 
10 183 100 182 1981 1954 1951 224 4968 2216 4839 
10 100 99 182 1981 141 1952 1951 2216 2215 4839 
10 83 84 2105 167 125 2168 2167 1921 1920 4827 
10 109 193 1979 192 1973 4750 2245 1969 234 4729 
10 167 2105 83 166 4827 2167 1921 208 4779 1917 
10 193 109 1979 110 1973 2245 4750 1972 151 2246 
10 81 163 1993 80 1914 4970 2159 122 1911 2158 
10 2034 50 49 416 3692 66 5030 4323 540 539 
10 35 2021 2015 261 5000 2438 5002 271 4934 4929 
10 2025 39 38 359 3514 55 3626 4926 507 506 
10 2001 44 45 2002 3874 61 4946 2363 3875 5034 
10 2 73 1986 156 1896 2133 4883 197 1898 4873 
10 1992 74 157 2106 2140 1900 4555 2142 2138 4556 
10 45 44 247 2002 61 298 297 5034 3875 4174 
10 2086 2018 50 260 2426 3691 3690 3268 4945 268 
10 2101 95 96 178 2203 137 2204 4847 1944 1943 
10 2099 86 87 169 2176 128 2177 4909 1926 1925 
10 180 98 1995 181 1947 2210 4154 222 1949 4532 
10 98 180 1995 97 1947 4154 2210 139 1948 2209 
10 184 102 2108 185 1955 2222 4660 226 1959 4493 
10 2014 2089 239 257 2434 4947 4614 4887 4888 290 
10 2010 241 2016 2082 5039 3549 2414 2405 3548 2416 
10 73 2 1986 4 1896 4883 2133 114 34 2132 
10 2008 250 2011 249 3989 3905 2398 4960 341 3711 
10 2040 2074 45 2077 2559 4925 5005 2560 2371 4969 
10 367 800 891 926 5013 1309 4943 4837 1313 1315 
10 178 96 2101 179 1943 2204 4847 220 1946 4354 
10 43 44 409 2000 60 522 521 4576 3873 4639 
10 195 1990 112 2104 4306 2254 1975 4305 2256 2252 
10 167 85 84 2107 1922 126 1920 4826 2171 2170 
10 184 102 101 2108 1955 143 1956 4660 2222 2221 
10 38 256 2081 2080 276 3646 3624 3625 4944 2491 
10 108 191 1989 190 1971 4452 2240 1967 232 4787 
10 984 374 807 988 4977 5031 1348 1349 4979 1350 
10 876 1020 979 407 1698 1697 1071 5018 5026 5019 
10 2008 2009 252 251 2394 4295 4774 4762 4296 352 
10 407 1020 979 436 5026 1697 5019 494 4955 4928 
10 104 105 1985 187 146 2231 2230 1960 1962 4783 
10 163 81 1993 164 1914 2159 4970 205 1916 4511 
10 2012 260 2015 246 3269 3270 2413 5040 269 5012 
10 2009 2006 2085 253 2395 2387 2396 4294 4908 4753 
10 249 2014 257 248 3710 4887 319 339 4690 287 
10 254 2004 2005 245 4857 2374 4547 343 4507 5038 
10 799 801 360 802 1113 5025 5037 1311 1310 4976 
10 82 83 1984 166 124 2165 2164 1918 1917 4758 
10 185 102 2108 1991 1959 2222 4493 4492 2224 2226 
10 424 449 977 978 496 4996 5041 5042 5024 1660 
10 2107 167 85 168 4826 1922 2171 4712 209 1924 
10 432 374 807 456 579 5031 4964 651 650 4965 
10 196 1990 112 195 4912 2254 1978 237 4306 1975 
10 112 113 1990 196 154 2255 2254 1978 1899 4912 
10 111 195 112 2104 1976 1975 153 2251 4305 2252 
10 165 82 1984 166 1919 2164 4775 207 1918 4758 
10 928 808 1015 432 1356 1346 1357 4681 4948 4906 
10 362 380 381 823 547 581 580 5023 4994 4972 
10 2109 193 111 194 4716 1974 2249 4353 235 1977 
10 2011 250 2082 244 3905 3990 2406 3906 342 4923 
10 252 261 246 2010 330 272 346 5027 4931 5033 
10 79 163 80 2118 1912 1911 121 2155 4701 2156 
10 79 163 2118 162 1912 4701 2155 1913 204 4440 
10 2024 40 39 411 4920 56 3513 4781 510 509 
10 240 2012 264 260 3595 4821 323 315 3269 325 
10 419 47 48 2029 533 64 534 4709 3983 4633 
10 2085 254 263 253 4621 334 5035 4753 356 337 
10 2027 36 2022 2021 5028 4952 2467 2468 4951 2443 
10 84 2105 167 2107 2168 4827 1920 2170 2172 4826 
10 243 2090 2013 262 4130 2430 4132 311 4935 4636 
10 35 36 415 2021 52 498 497 5000 4951 5029 
10 188 1985 105 187 4723 2231 1965 229 4783 1962 
10 381 994 922 823 4743 1437 4835 4972 1436 1320 
10 808 927 926 370 1354 1353 1314 4949 4268 4838 
10 382 407 908 380 680 4999 4924 679 681 4986 
10 2018 240 50 260 3597 312 3691 4945 315 268 
10 257 41 40 2020 285 57 286 4889 4990 4897 
10 108 192 109 2112 1970 1969 150 2242 4728 2243 
10 2104 2109 111 194 2253 2249 2251 4352 4353 1977 
10 73 156 157 2106 1898 198 1901 2137 4872 4556 
10 177 95 94 1983 1942 136 1940 4973 2201 2200 
10 449 977 9 868 4996 5043 490 5044 1070 5045 
10 242 2077 45 247 4229 4969 301 302 4172 297 
10 2101 1983 95 178 2205 2201 2203 4847 4848 1944 
10 2033 2080 38 2025 2489 3625 4895 2488 2490 3626 
10 1979 193 110 2109 4750 1972 2246 2250 4716 2248 
10 2102 103 104 187 2227 145 2228 4616 1961 1960 
10 2105 1984 83 166 2169 2165 2167 4779 4758 1917 
10 1987 86 2099 169 2174 2176 2178 4937 1926 4909 
10 172 90 2119 173 1931 2186 4212 214 1935 4991 
10 801 362 922 823 5006 4958 1318 1115 5023 1320 
10 89 171 1980 88 1929 4884 2183 130 1930 2182 
10 2038 46 47 259 4248 63 3982 5046 304 303 
10 1026 440 68 380 5022 467 1055 4993 549 548 
10 362 360 68 801 545 544 546 5006 5025 1112 
10 868 424 977 978 5047 5041 1070 1659 5042 1660 
10 2081 39 38 2025 4982 55 3624 2451 3514 3626 
10 2102 186 103 187 4932 1957 2227 4616 228 1961 
10 444 0 35 2023 460 51 461 4814 4466 5001 
10 90 172 2119 89 1931 4212 2186 131 1932 2185 
10 46 2038 2078 259 4248 2552 4249 304 5046 4060 
10 977 449 424 868 4996 496 5041 1070 5044 5047 
10 111 195 2104 194 1976 4305 2251 1977 236 4352 
10 422 449 424 978 602 496 785 4995 5024 5042 
10 978 424 455 988 5042 648 4988 1662 5048 4989 
10 2017 2011 244 248 2418 3906 4022 4688 4689 284 
10 2106 73 156 1986 2137 1898 4872 2139 2133 4873 
10 2120 79 162 161 2153 1913 4412 4940 1909 203 
10 1980 89 2119 172 2183 2185 2187 4211 1932 4212 
10 977 16 9 868 1066 5049 5043 1070 1051 5045 
10 108 192 2112 191 1970 4728 2242 1971 233 4453 
10 171 89 1980 172 1929 2183 4884 213 1932 4211 
10 75 158 2130 1992 1902 4892 2143 2141 4902 2145 
10 82 164 2103 81 1915 4510 2162 123 1916 2161 
10 1983 177 95 178 4973 1942 2201 4848 219 1944 
10 78 79 2120 161 120 2153 2152 1910 1909 4940 
10 41 239 2089 257 289 4947 4992 285 290 4888 
10 455 422 424 978 782 785 648 4988 4995 5042 
10 2131 93 94 177 2197 135 2198 4981 1941 1940 
10 182 99 2123 1981 1952 2213 4797 4839 2215 2217 
10 173 90 2119 2122 1935 2186 4991 4427 2188 2190 
10 440 1 16 876 465 24 5050 5021 1053 1052 
10 241 2082 256 2088 3548 3647 278 3550 2446 3648 
10 2113 190 1033 189 4755 1223 3827 4846 231 1224 
10 73 157 74 2106 1901 1900 115 2137 4556 2138 
10 244 39 2081 2017 279 4982 4021 4022 3512 2419 
10 35 2015 246 261 5002 5012 265 271 4929 272 
10 163 1993 80 2118 4970 2158 1911 4701 2160 2156 
10 183 2126 100 1981 5008 2218 1954 4968 2220 2216 
10 76 160 2111 159 1907 4483 2146 1904 201 4535 
10 249 2011 2014 248 3711 2400 3710 339 4689 4690 
10 164 82 2103 165 1915 2162 4510 206 1919 4742 
10 2006 254 2085 253 4620 4621 2387 4908 356 4753 
10 2018 50 49 2034 3691 66 3713 2454 3692 5030 
10 432 808 361 370 4948 3137 577 578 4949 575 
10 40 39 2017 2024 56 3512 4922 4920 3513 2448 
10 2083 239 258 255 4612 293 3912 4736 316 320 
10 2010 252 241 2082 5027 327 5039 2405 4959 3548 
10 171 2128 170 1034 5051 4674 212 1166 4673 1167 
10 2102 103 186 1991 2227 1957 4932 2229 2225 4939 
10 252 246 264 2010 346 348 347 5027 5033 4822 
10 253 2012 240 2013 5032 3595 322 4754 2409 3596 
10 189 106 105 2115 1963 147 1964 4830 2234 2233 
10 177 2131 93 176 4981 2197 1941 218 5009 1938 
10 90 173 174 2122 1935 215 1934 2188 4427 4623 
10 801 360 68 799 5025 544 1112 1113 5037 1110 
10 1 69 424 1039 72 468 464 1057 1056 5010 
10 107 1989 2113 190 2239 2241 2237 1968 4787 4755 
10 2121 2 4 1986 4832 34 2135 2136 4883 2132 
10 1985 2102 104 187 2232 2228 2230 4783 4616 1960 
10 109 2112 192 1979 2243 4728 1969 2245 2247 4729 
10 2118 79 162 2120 2155 1913 4440 2157 2153 4412 
10 361 800 69 799 4936 1118 550 5052 1117 1111 
10 2126 101 184 183 2219 1956 5007 5008 1953 225 
10 100 101 2126 183 142 2219 2218 1954 1953 5008 
10 2088 256 37 2080 3648 277 4140 2568 4944 4142 
10 45 46 2040 2077 62 4247 5005 4969 4861 2560 
10 91 90 174 2122 132 1934 1933 2189 2188 4623 
10 160 76 2111 77 1907 2146 4483 1906 118 2147 
10 1987 85 86 168 2173 127 2174 4713 1924 1923 
10 169 1987 86 168 4937 2174 1926 210 4713 1923 
10 2123 181 99 182 4533 1950 2213 4797 223 1952 
10 99 98 181 2123 140 1949 1950 2213 2212 4533 
10 75 159 2130 158 1905 4534 2143 1902 200 4892 
10 75 159 76 2130 1905 1904 117 2143 4534 2144 
10 807 361 374 432 3138 553 5031 4964 577 579 
10 170 88 87 2128 1928 129 1927 4674 2180 2179 
10 239 2083 2007 255 4612 2386 4613 316 4736 4309 
10 176 93 92 2110 1938 134 1939 4842 2195 2194 
10 92 175 176 2110 1936 217 1939 2194 4564 4842 
10 36 2016 241 2088 4953 3549 274 4898 2444 3550 
10 107 189 2113 106 1966 4846 2237 148 1963 2236 
10 2103 81 164 1993 2161 1916 4510 2163 2159 4511 
10 87 2099 170 2128 2177 4793 1927 2179 2181 4674 
10 0 2086 260 2015 4465 3268 267 4467 2424 3270 
10 2082 256 2081 244 3647 3646 2421 4923 281 4021 
10 2021 35 36 261 5000 52 4951 4934 271 270 
10 36 2021 261 2016 4951 4934 270 4953 2437 4930 
10 170 88 2128 171 1928 2180 4674 212 1930 5051 
10 165 1984 82 2103 4775 2164 1919 4742 2166 2162 
10 108 191 2112 1989 1971 4453 2242 2240 4452 2244 
10 808 926 800 370 1314 1313 1119 4949 4838 5014 
10 2007 251 2008 249 4308 4762 2392 3712 349 4960 
10 361 69 360 799 550 543 551 5052 1111 5037 
10 113 2 2121 196 1897 4832 2134 1899 238 4911 
10 9 8 17 449 14 4954 5015 490 489 5004 
10 105 189 2115 188 1964 4830 2233 1965 230 4703 
10 977 9 17 449 5043 5015 1067 4996 490 5004 
10 2078 2077 46 242 2390 4861 4249 4228 4229 300 
10 2 4 113 2121 34 155 1897 4832 2135 2134 
10 2012 264 253 240 4821 324 5032 3595 323 322 
10 256 2082 250 244 3647 3990 329 281 4923 342 
10 808 800 361 370 1119 4936 3137 4949 5014 575 
10 440 16 9 876 5050 5049 466 5021 1052 5017 
10 2122 174 91 1988 4623 1933 2189 2193 4624 2191 
10 2004 245 258 2003 4507 296 3911 2372 4509 3910 
10 262 2013 240 2018 4636 3596 314 4638 2423 3597 
10 78 2120 1982 161 2152 2154 2150 1910 4940 4961 
10 908 1020 407 898 1789 5026 4999 1701 1790 4998 
10 189 107 2113 190 1966 2237 4846 231 1968 4755 
10 1039 424 1 868 5010 464 1057 1058 5047 1050 
10 2083 258 2004 255 3912 3911 2378 4736 320 4461 
10 260 2012 264 246 3269 4821 325 269 5040 348 
10 256 38 37 2080 276 54 277 4944 3625 4142 
10 253 243 2085 2013 336 4131 4753 4754 4132 2411 
10 440 68 1 1026 467 70 465 5022 1055 1054 
10 239 2007 2014 249 4613 2399 4614 318 3712 3710 
10 2121 1990 113 196 2257 2255 2134 4911 4912 1899 
10 17 16 9 977 25 5049 5015 1067 1066 5043 
10 247 242 2077 2005 302 4229 4172 4173 4230 2376 
10 2090 48 2019 262 4635 4634 2429 4935 310 4637 
10 1015 808 807 432 1346 1122 1347 4906 4948 4964 
10 2107 85 1987 168 2171 2173 2175 4712 1924 4713 
10 2108 101 184 2126 2221 1956 4660 2223 2219 5007 
10 424 449 9 868 496 490 463 5047 5044 5045 
10 264 2009 252 2010 4820 4295 347 4822 2403 5027 
10 181 98 1995 2123 1949 2210 4532 4533 2212 2214 
10 262 49 2019 2018 309 4014 4637 4638 3713 2427 
10 978 868 424 988 1659 5047 5042 1662 1661 5048 
10 1039 374 455 988 5011 649 5053 1352 4979 4989 
10 247 2077 45 2002 4172 4969 297 4174 2367 5034 
10 264 253 2009 2012 324 4294 4820 4821 5032 2408 
10 2007 2006 251 255 2385 4763 4308 4309 4460 351 
10 36 37 2022 2088 53 4962 4952 4898 4140 2445 
10 2023 0 35 2015 4466 51 5001 2440 4467 5002 
10 254 2006 2004 255 4620 2382 4857 344 4460 4461 
10 9 1 16 440 15 24 5049 466 465 5050 
10 1 9 16 868 15 5049 24 1050 5045 1051 
10 47 48 2029 2090 64 4633 3983 3984 4635 2461 
10 1985 105 2115 188 2231 2233 2235 4723 1965 4703 
10 88 2128 171 1980 2180 5051 1930 2182 2184 4884 
10 159 76 2130 2111 1904 2144 4534 4535 2146 2148 
10 9 1 424 868 15 464 463 5045 1050 5047 
10 407 1026 908 380 5054 1435 4999 681 4993 4986 
10 176 2131 93 2110 5009 2197 1938 4842 2199 2195 
10 177 94 2131 1983 1940 2198 4981 4973 2200 2202 
10 189 2113 106 2115 4846 2236 1963 4830 2238 2234 
10 2090 243 48 262 4130 306 4635 4935 311 310 
10 259 263 243 2085 335 338 308 4062 5035 4131 
10 9 16 17 979 5049 25 5015 5016 1069 1068 
10 1039 455 424 988 5053 648 5010 1352 4989 5048 
10 374 455 424 1039 649 648 554 5011 5053 5010 
10 361 69 807 374 550 1121 3138 553 552 5031 
10 2015 260 0 246 3270 267 4467 5012 269 266 
10 1026 908 1020 407 1435 1789 1699 5054 4999 5026 
10 361 807 808 432 3138 1122 3137 577 4964 4948 
10 69 68 360 799 71 544 543 1111 1110 5037 
10 440 1026 407 380 5022 5054 495 549 4993 681 
10 1026 1020 876 407 1699 1698 1059 5054 5026 5018 
10 979 9 16 876 5016 5049 1069 1071 5017 1052 
10 1026 876 440 407 1059 5021 5022 5054 5018 495 
10 868 1039 424 988 1058 5010 5047 1661 1352 5048 
10 1039 807 374 988 1123 5031 5011 1352 1350 4979 
10 69 807 374 1039 1121 5031 552 1056 1123 5011 
10 3078 371 842 428 3134 3280 3243 3213 634 3190 
10 3078 842 371 841 3243 3280 3134 3136 1519 3132 
10 3061 418 3076 388 3519 3478 3404 3731 717 4464 
10 3061 3076 418 3046 3404 3478 3519 3283 3263 3477 
10 3096 2096 2062 1993 4705 2334 5055 3288 2333 2332 
10 2062 2096 3096 3056 2334 4705 5055 4472 4473 3400 
10 2062 3085 3096 1993 4278 3289 5055 2332 3287 3288 
10 3096 3085 2062 3056 3289 4278 5055 3400 3398 4472 
10 3113 1999 3053 2072 3393 3794 3820 3613 2359 3793 
10 3113 3053 1999 3098 3820 3794 3393 3392 3819 3389 
10 438 3066 3078 393 3941 3859 3367 743 4187 4875 
10 3078 3066 438 3053 3859 3941 3367 3357 3651 3365 
10 3110 925 986 972 3374 1837 3863 3498 1836 1838 
10 3110 986 925 3055 3863 1837 3374 3376 3723 3371 
10 3122 3045 2048 2046 4013 5056 4586 4011 4009 2499 
10 3122 2048 3045 3112 4586 5056 4013 4580 4585 3670 
10 2063 2048 3045 2046 2327 5056 3896 2583 2499 4009 
10 2063 3045 2048 3112 3896 5056 2327 3897 3670 4585 
10 3072 839 851 838 3703 1509 3394 3762 1495 1510 
10 3072 851 839 3062 3394 1509 3703 3395 3189 3315 
10 3078 893 846 845 4053 1545 3716 4458 1544 1534 
10 3078 846 893 3057 3716 1545 4053 3358 3715 3988 
10 3074 836 22 21 3628 1097 3899 3706 1096 30 
10 3074 22 836 3052 3899 1097 3628 3629 3947 3528 
10 3045 2046 3081 2063 4009 4592 3602 3896 2583 3895 
10 3045 3081 2046 3107 3602 4592 4009 3818 3656 4010 
10 3078 438 451 3057 3367 744 4342 3358 3366 3994 
10 3078 451 438 393 4342 744 3367 4875 742 743 
10 3063 402 368 3043 3867 616 3582 3583 3866 3352 
10 3063 368 402 403 3582 616 3867 3855 618 617 
10 3075 953 1005 3054 3848 1739 3462 3453 3865 3461 
10 3075 1005 953 954 3462 1739 3848 3849 1873 1388 
10 3068 2036 2058 2095 3791 2543 3543 4004 2540 2544 
10 3068 2058 2036 3043 3543 2543 3791 3544 3490 3351 
10 3069 434 3066 3055 3987 3940 3639 3249 3986 3372 
10 3069 3066 434 391 3639 3940 3987 4093 4526 735 
10 3078 846 843 845 3716 1535 3242 4458 1534 1527 
10 3078 843 846 3076 3242 1535 3716 3362 3169 3714 
10 829 3130 383 827 3999 4475 4137 1454 4008 4136 
10 383 3130 829 3120 4475 3999 4137 4227 4000 3997 
10 3084 878 3070 3063 4597 4106 3177 4477 4202 3799 
10 3084 3070 878 866 3177 4106 4597 4488 4107 1651 
10 2093 3118 2094 2043 4097 4359 2276 2537 4096 2571 
10 2094 3118 2093 3047 4359 4097 2276 4404 4271 4270 
10 3078 985 3053 894 4163 3812 3357 3356 1775 3355 
10 3078 3053 985 3066 3357 3812 4163 3859 3651 3813 
10 3073 359 411 2032 3835 511 4084 3682 3836 4085 
10 3073 411 359 446 4084 511 3835 4087 566 565 
10 3054 3109 448 3063 3806 5057 3915 3913 3844 3914 
10 3054 448 3109 442 3915 5057 3806 4219 726 4221 
10 403 448 3109 3063 620 5057 4372 3855 3914 3844 
10 403 3109 448 442 4372 5057 620 773 4221 726 
10 3083 953 885 904 3973 1733 3803 4018 1385 1736 
10 3083 885 953 3054 3803 1733 3973 3557 3802 3865 
10 2103 998 3085 1993 4512 3286 4279 2163 3285 3287 
10 3085 998 2103 793 3286 4512 4279 3737 1150 4553 
10 1981 791 183 2126 3688 1206 4968 2220 3164 5008 
10 1981 183 791 966 4968 1206 3688 4116 1202 1207 
10 2130 1011 3112 813 4536 4125 4044 4543 1135 4893 
10 3112 1011 2130 2111 4125 4536 4044 4045 4124 2148 
10 995 3116 3059 961 4038 3381 3501 1882 3437 3436 
10 3059 3116 995 3048 3381 4038 3501 3379 3380 3677 
10 1013 2128 3088 1034 4675 3457 3314 1168 4673 3312 
10 1013 3088 2128 2099 3314 3457 4675 3521 3455 2181 
10 3112 1011 989 813 4125 1381 4601 4893 1135 1380 
10 3112 989 1011 3081 4601 1381 4125 3898 4105 4122 
10 3125 2024 2032 411 4916 2482 4050 4086 4781 4085 
10 3125 2032 2024 2087 4050 2482 4916 4051 2486 2485 
10 3106 880 973 948 3297 1715 4283 3632 1394 1441 
10 3106 973 880 3065 4283 1715 3297 3322 3965 3320 
10 3112 946 989 3045 3669 1872 4601 3670 3668 3847 
10 3112 989 946 1018 4601 1872 3669 4216 1382 1871 
10 3126 934 958 3047 4378 1742 4692 4379 3192 3601 
10 3126 958 934 1041 4692 1742 4378 4498 1293 1858 
10 173 3082 2119 999 4429 3619 4991 1172 3618 3617 
10 2119 3082 173 2122 3619 4429 4991 2190 4430 4427 
10 3087 184 2126 2108 4650 5007 3163 4495 4660 2223 
10 3087 2126 184 791 3163 5007 4650 3162 3164 1205 
10 3127 2072 3113 3053 4376 3613 4656 4501 3793 3820 
10 3127 3113 2072 2073 4656 3613 4376 4375 4654 2623 
10 393 3101 3078 376 4528 3234 4875 660 3235 3135 
10 3078 3101 393 3066 3234 4528 4875 3859 3862 4187 
10 3088 172 999 797 4214 1173 3622 4605 1169 1174 
10 3088 999 172 2119 3622 1173 4214 3620 3617 4212 
10 422 867 1002 413 4834 1656 4985 778 3546 4700 
10 1002 867 422 1000 1656 4834 4985 1658 1655 4658 
10 2071 3104 2091 2041 4235 4198 2564 2562 4234 2557 
10 2091 3104 2071 3087 4198 4235 2564 4439 4335 3237 
10 3096 163 1993 998 4702 4970 3288 3290 1146 3285 
10 3096 1993 163 2118 3288 4970 4702 4417 2160 4701 
10 3099 837 936 3074 4392 1101 4734 4176 4114 4683 
10 3099 936 837 944 4734 1101 4392 4393 1505 1504 
10 870 3109 3119 940 4707 4679 4457 1669 4706 4776 
10 3119 3109 870 3084 4679 4707 4457 3929 4373 4006 
10 453 3111 394 378 4368 4489 672 670 4611 669 
10 394 3111 453 3067 4489 4368 672 3526 3971 3758 
10 2001 3094 1998 2069 4853 3239 2355 2356 3259 2345 
10 1998 3094 2001 363 3239 4853 2355 3216 3241 4595 
10 3107 2027 2022 2035 4823 2467 4749 3976 2473 2472 
10 3116 1028 917 3085 4666 1278 4529 4236 4665 4090 
10 3116 917 1028 817 4529 1278 4666 4747 1400 1156 
10 794 3127 176 3110 4867 5058 1185 4866 4502 4843 
10 794 176 3127 2131 1185 5058 4867 4980 5009 4880 
10 2110 176 3127 3110 4842 5058 4881 4565 4843 4502 
10 2110 3127 176 2131 4881 5058 4842 2199 4880 5009 
10 963 3119 1001 365 4332 3660 1256 4411 4151 4150 
10 1001 3119 963 939 3660 4332 1256 1867 4333 1330 
10 3088 171 2128 1980 4885 5051 3457 4213 4884 2184 
10 3088 2128 171 1034 3457 5051 4885 3312 4673 1166 
10 982 370 1025 371 4800 4269 1532 4389 611 3413 
10 1025 370 982 926 4269 4800 1532 1840 4838 1763 
10 2115 1033 3043 959 4831 3611 3489 3822 1225 3610 
10 2115 3043 1033 2113 3489 3611 4831 2238 3488 3827 
10 444 2021 415 2027 4901 5029 499 4899 2468 4905 
10 415 2021 444 35 5029 4901 499 497 5000 461 
10 2021 444 2023 2065 4901 4814 2439 2469 4840 2470 
10 2021 2023 444 35 2439 4814 4901 5000 5001 461 
10 436 898 900 408 4956 1694 4768 609 4811 3933 
10 436 900 898 1024 4768 1694 4956 4769 1788 1787 
10 2026 49 2028 368 4015 5059 2457 4825 537 3349 
10 2026 2028 49 2019 2457 5059 4015 2453 2458 4014 
10 48 2028 49 368 4914 5059 65 536 3349 537 
10 48 49 2028 2019 65 5059 4914 4634 4014 2458 
10 2038 259 2090 2078 5046 4061 2511 2552 4060 2553 
10 2090 259 2038 47 4061 5046 2511 3984 303 3982 
10 2024 2025 359 39 2449 4926 4780 3513 3514 507 
10 2024 359 2025 2032 4780 4926 2449 2482 3836 2483 
10 2027 36 3107 2022 5028 5060 4823 2467 4952 4749 
10 2027 3107 36 415 4823 5060 5028 4905 4772 498 
10 369 3107 36 2022 4731 5060 500 4748 4749 4952 
10 369 36 3107 415 500 5060 4731 502 498 4772 
10 2085 242 254 2005 4807 331 4621 2388 4230 4547 
10 2085 254 242 263 4621 331 4807 5035 334 333 
10 242 2085 259 2078 4807 4062 305 4228 2391 4060 
10 259 2085 242 263 4062 4807 305 335 5035 333 
10 2084 2023 5 2127 2479 4815 4588 2481 2478 4587 
10 5 2023 2084 0 4815 2479 4588 10 4466 4915 
10 258 2076 43 42 4874 4997 291 292 4917 59 
10 43 2076 258 2003 4997 4874 291 4577 2380 3910 
10 246 2012 2010 2015 5040 2407 5033 5012 2413 2412 
10 246 2010 2012 264 5033 2407 5040 348 4822 4821 
10 44 2003 245 2002 5036 4509 294 3875 2365 4508 
10 245 2003 44 43 4509 5036 294 295 4577 60 
10 41 42 2051 2089 58 5061 4903 4992 4919 2521 
10 41 2051 42 429 4903 5061 58 515 4739 516 
10 2076 2051 42 2089 2599 5061 4917 2601 2521 4919 
10 799 361 891 360 5052 5062 1308 5037 551 4975 
10 799 891 361 800 1308 5062 5052 1117 1309 4936 
10 367 891 361 360 4943 5062 570 571 4975 551 
10 367 361 891 800 570 5062 4943 5013 4936 1309 
10 241 2010 261 252 5039 4931 275 327 5027 330 
10 261 2010 241 2016 4931 5039 275 4930 2414 3549 
10 2005 245 2002 247 5038 4508 2375 4173 299 4174 
10 2002 245 2005 2004 4508 5038 2375 2373 4507 2374 
10 2054 2051 357 2076 2597 5063 4642 2600 2599 4900 
10 2054 357 2051 429 4642 5063 2597 4537 520 4739 
10 42 357 2051 2076 518 5063 5061 4917 4900 2599 
10 42 2051 357 429 5061 5063 518 516 4739 520 

CELL_TYPES 3681
22
22
22
22
22
22
22
22
22
22
22
22
22
22
22
22
22
22
22
22
22
22
22
22
22
22
22
22
22
22
22
22
22
22
22
22
22
22
22
22
22
22
22
22
22
22
22
22
22
22
22
22
22
22
22
22
22
22
22
22
22
22
22
22
22
22
22
22
22
22
22
22
22
22
22
22
22
22
22
22
22
22
22
22
22
22
22
22
22
22
22
22
22
22
22
22
22
22
22
22
22
22
22
22
22
22
22
22
22
22
22
22
22
22
22
22
22
22
22
22
22
22
22
22
22
22
22
22
22
22
22
22
22
22
22
22
22
22
22
22
22
22
22
22
22
22
22
22
22
22
22
22
22
22
22
22
22
22
22
22
22
22
22
22
22
22
22
22
22
22
22
22
22
22
22
22
22
22
22
22
22
22
22
22
22
22
22
22
22
22
22
22
22
22
22
22
22
22
22
22
22
22
22
22
22
22
22
22
22
22
22
22
22
22
22
22
22
22
22
22
22
22
22
22
22
22
22
22
22
22
22
22
22
22
22
22
22
22
22
22
22
22
22
22
22
22
22
22
22
22
22
22
22
22
22
22
22
22
22
22
22
22
22
22
22
22
22
22
22
22
22
22
22
22
22
22
22
22
22
22
22
22
22
22
22
22
22
22
22
22
22
22
22
22
22
22
22
22
22
22
22
22
22
22
22
22
22
22
22
22
22
22
22
22
22
22
22
22
22
22
22
22
22
22
22
22
22
22
22
22
22
22
22
22
22
22
22
22
22
22
22
22
22
22
22
22
22
22
22
22
22
22
22
22
22
22
22
22
22
22
22
22
22
22
22
22
22
22
22
22
22
22
22
22
22
22
22
22
22
22
22
22
22
22
22
22
22
22
22
22
22
22
22
22
22
22
22
22
22
22
22
22
22
22
22
22
22
22
22
22
22
22
22
22
22
22
22
22
22
22
22
22
22
22
22
22
22
22
22
22
22
22
22
22
22
22
22
22
22
22
22
22
22
22
22
22
22
22
22
22
22
22
22
22
22
22
22
22
22
22
22
22
22
22
22
22
22
22
22
22
22
22
22
22
22
22
22
22
22
22
22
22
22
22
22
22
22
22
22
22
22
22
22
22
22
22
22
22
22
22
22
22
22
22
22
22
22
22
22
22
22
22
22
22
22
22
22
22
22
22
22
22
22
22
22
22
22
22
22
22
22
22
22
22
22
22
22
22
22
22
22
22
22
22
22
22
22
22
22
22
22
22
22
22
22
22
22
22
22
22
22
22
22
22
22
22
22
22
22
22
22
22
22
22
22
22
22
22
22
22
22
22
22
22
22
22
22
22
22
22
22
22
22
22
22
22
22
22
22
22
22
22
22
22
22
22
22
22
22
22
22
22
22
22
22
22
22
22
22
22
22
22
22
22
22
22
22
22
22
22
22
22
22
22
22
22
22
22
22
22
22
22
22
22
22
22
22
22
22
22
22
22
22
22
22
22
22
22
22
22
22
22
22
22
22
22
22
22
22
24
24
24
24
24
24
24
24
24
24
24
24
24
24
24
24
24
24
24
24
24
24
24
24
24
24
24
24
24
24
24
24
24
24
24
24
24
24
24
24
24
24
24
24
24
24
24
24
24
24
24
24
24
24
24
24
24
24
24
24
24
24
24
24
24
24
24
24
24
24
24
24
24
24
24
24
24
24
24
24
24
24
24
24
24
24
24
24
24
24
24
24
24
24
24
24
24
24
24
24
24
24
24
24
24
24
24
24
24
24
24
24
24
24
24
24
24
24
24
24
24
24
24
24
24
24
24
24
24
24
24
24
24
24
24
24
24
24
24
24
24
24
24
24
24
24
24
24
24
24
24
24
24
24
24
24
24
24
24
24
24
24
24
24
24
24
24
24
24
24
24
24
24
24
24
24
24
24
24
24
24
24
24
24
24
24
24
24
24
24
24
24
24
24
24
24
24
24
24
24
24
24
24
24
24
24
24
24
24
24
24
24
24
24
24
24
24
24
24
24
24
24
24
24
24
24
24
24
24
24
24
24
24
24
24
24
24
24
24
24
24
24
24
24
24
24
24
24
24
24
24
24
24
24
24
24
24
24
24
24
24
24
24
24
24
24
24
24
24
24
24
24
24
24
24
24
24
24
24
24
24
24
24
24
24
24
24
24
24
24
24
24
24
24
24
24
24
24
24
24
24
24
24
24
24
24
24
24
24
24
24
24
24
24
24
24
24
24
24
24
24
24
24
24
24
24
24
24
24
24
24
24
24
24
24
24
24
24
24
24
24
24
24
24
24
24
24
24
24
24
24
24
24
24
24
24
24
24
24
24
24
24
24
24
24
24
24
24
24
24
24
24
24
24
24
24
24
24
24
24
24
24
24
24
24
24
24
24
24
24
24
24
24
24
24
24
24
24
24
24
24
24
24
24
24
24
24
24
24
24
24
24
24
24
24
24
24
24
24
24
24
24
24
24
24
24
24
24
24
24
24
24
24
24
24
24
24
24
24
24
24
24
24
24
24
24
24
24
24
24
24
24
24
24
24
24
24
24
24
24
24
24
24
24
24
24
24
24
24
24
24
24
24
24
24
24
24
24
24
24
24
24
24
24
24
24
24
24
24
24
24
24
24
24
24
24
24
24
24
24
24
24
24
24
24
24
24
24
24
24
24
24
24
24
24
24
24
24
24
24
24
24
24
24
24
24
24
24
24
24
24
24
24
24
24
24
24
24
24
24
24
24
24
24
24
24
24
24
24
24
24
24
24
24
24
24
24
24
24
24
24
24
24
24
24
24
24
24
24
24
24
24
24
24
24
24
24
24
24
24
24
24
24
24
24
24
24
24
24
24
24
24
24
24
24
24
24
24
24
24
24
24
24
24
24
24
24
24
24
24
24
24
24
24
24
24
24
24
24
24
24
24
24
24
24
24
24
24
24
24
24
24
24
24
24
24
24
24
24
24
24
24
24
24
24
24
24
24
24
24
24
24
24
24
24
24
24
24
24
24
24
24
24
24
24
24
24
24
24
24
24
24
24
24
24
24
24
24
24
24
24
24
24
24
24
24
24
24
24
24
24
24
24
24
24
24
24
24
24
24
24
24
24
24
24
24
24
24
24
24
24
24
24
24
24
24
24
24
24
24
24
24
24
24
24
24
24
24
24
24
24
24
24
24
24
24
24
24
24
24
24
24
24
24
24
24
24
24
24
24
24
24
24
24
24
24
24
24
24
24
24
24
24
24
24
24
24
24
24
24
24
24
24
24
24
24
24
24
24
24
24
24
24
24
24
24
24
24
24
24
24
24
24
24
24
24
24
24
24
24
24
24
24
24
24
24
24
24
24
24
24
24
24
24
24
24
24
24
24
24
24
24
24
24
24
24
24
24
24
24
24
24
24
24
24
24
24
24
24
24
24
24
24
24
24
24
24
24
24
24
24
24
24
24
24
24
24
24
24
24
24
24
24
24
24
24
24
24
24
24
24
24
24
24
24
24
24
24
24
24
24
24
24
24
24
24
24
24
24
24
24
24
24
24
24
24
24
24
24
24
24
24
24
24
24
24
24
24
24
24
24
24
24
24
24
24
24
24
24
24
24
24
24
24
24
24
24
24
24
24
24
24
24
24
24
24
24
24
24
24
24
24
24
24
24
24
24
24
24
24
24
24
24
24
24
24
24
24
24
24
24
24
24
24
24
24
24
24
24
24
24
24
24
24
24
24
24
24
24
24
24
24
24
24
24
24
24
24
24
24
24
24
24
24
24
24
24
24
24
24
24
24
24
24
24
24
24
24
24
24
24
24
24
24
24
24
24
24
24
24
24
24
24
24
24
24
24
24
24
24
24
24
24
24
24
24
24
24
24
24
24
24
24
24
24
24
24
24
24
24
24
24
24
24
24
24
24
24
24
24
24
24
24
24
24
24
24
24
24
24
24
24
24
24
24
24
24
24
24
24
24
24
24
24
24
24
24
24
24
24
24
24
24
24
24
24
24
24
24
24
24
24
24
24
24
24
24
24
24
24
24
24
24
24
24
24
24
24
24
24
24
24
24
24
24
24
24
24
24
24
24
24
24
24
24
24
24
24
24
24
24
24
24
24
24
24
24
24
24
24
24
24
24
24
24
24
24
24
24
24
24
24
24
24
24
24
24
24
24
24
24
24
24
24
24
24
24
24
24
24
24
24
24
24
24
24
24
24
24
24
24
24
24
24
24
24
24
24
24
24
24
24
24
24
24
24
24
24
24
24
24
24
24
24
24
24
24
24
24
24
24
24
24
24
24
24
24
24
24
24
24
24
24
24
24
24
24
24
24
24
24
24
24
24
24
24
24
24
24
24
24
24
24
24
24
24
24
24
24
24
24
24
24
24
24
24
24
24
24
24
24
24
24
24
24
24
24
24
24
24
24
24
24
24
24
24
24
24
24
24
24
24
24
24
24
24
24
24
24
24
24
24
24
24
24
24
24
24
24
24
24
24
24
24
24
24
24
24
24
24
24
24
24
24
24
24
24
24
24
24
24
24
24
24
24
24
24
24
24
24
24
24
24
24
24
24
24
24
24
24
24
24
24
24
24
24
24
24
24
24
24
24
24
24
24
24
24
24
24
24
24
24
24
24
24
24
24
24
24
24
24
24
24
24
24
24
24
24
24
24
24
24
24
24
24
24
24
24
24
24
24
24
24
24
24
24
24
24
24
24
24
24
24
24
24
24
24
24
24
24
24
24
24
24
24
24
24
24
24
24
24
24
24
24
24
24
24
24
24
24
24
24
24
24
24
24
24
24
24
24
24
24
24
24
24
24
24
24
24
24
24
24
24
24
24
24
24
24
24
24
24
24
24
24
24
24
24
24
24
24
24
24
24
24
24
24
24
24
24
24
24
24
24
24
24
24
24
24
24
24
24
24
24
24
24
24
24
24
24
24
24
24
24
24
24
24
24
24
24
24
24
24
24
24
24
24
24
24
24
24
24
24
24
24
24
24
24
24
24
24
24
24
24
24
24
24
24
24
24
24
24
24
24
24
24
24
24
24
24
24
24
24
24
24
24
24
24
24
24
24
24
24
24
24
24
24
24
24
24
24
24
24
24
24
24
24
24
24
24
24
24
24
24
24
24
24
24
24
24
24
24
24
24
24
24
24
24
24
24
24
24
24
24
24
24
24
24
24
24
24
24
24
24
24
24
24
24
24
24
24
24
24
24
24
24
24
24
24
24
24
24
24
24
24
24
24
24
24
24
24
24
24
24
24
24
24
24
24
24
24
24
24
24
24
24
24
24
24
24
24
24
24
24
24
24
24
24
24
24
24
24
24
24
24
24
24
24
24
24
24
24
24
24
24
24
24
24
24
24
24
24
24
24
24
24
24
24
24
24
24
24
24
24
24
24
24
24
24
24
24
24
24
24
24
24
24
24
24
24
24
24
24
24
24
24
24
24
24
24
24
24
24
24
24
24
24
24
24
24
24
24
24
24
24
24
24
24
24
24
24
24
24
24
24
24
24
24
24
24
24
24
24
24
24
24
24
24
24
24
24
24
24
24
24
24
24
24
24
24
24
24
24
24
24
24
24
24
24
24
24
24
24
24
24
24
24
24
24
24
24
24
24
24
24
24
24
24
24
24
24
24
24
24
24
24
24
24
24
24
24
24
24
24
24
24
24
24
24
24
24
24
24
24
24
24
24
24
24
24
24
24
24
24
24
24
24
24
24
24
24
24
24
24
24
24
24
24
24
24
24
24
24
24
24
24
24
24
24
24
24
24
24
24
24
24
24
24
24
24
24
24
24
24
24
24
24
24
24
24
24
24
24
24
24
24
24
24
24
24
24
24
24
24
24
24
24
24
24
24
24
24
24
24
24
24
24
24
24
24
24
24
24
24
24
24
24
24
24
24
24
24
24
24
24
24
24
24
24
24
24
24
24
24
24
24
24
24
24
24
24
24
24
24
24
24
24
24
24
24
24
24
24
24
24
24
24
24
24
24
24
24
24
24
24
24
24
24
24
24
24
24
24
24
24
24
24
24
24
24
24
24
24
24
24
24
24
24
24
24
24
24
24
24
24
24
24
24
24
24
24
24
24
24
24
24
24
24
24
24
24
24
24
24
24
24
24
24
24
24
24
24
24
24
24
24
24
24
24
24
24
24
24
24
24
24
24
24
24
24
24
24
24
24
24
24
24
24
24
24
24
24
24
24
24
24
24
24
24
24
24
24
24
24
24
24
24
24
24
24
24
24
24
24
24
24
24
24
24
24
24
24
24
24
24
24
24
24
24
24
24
24
24
24
24
24
24
24
24
24
24
24
24
24
24
24
24
24
24
24
24
24
24
24
24
24
24
24
24
24
24
24
24
24
24
24
24
24
24
24
24
24
24
24
24
24
24
24
24
24
24
24
24
24
24
24
24
24
24
24
24
24
24
24
24
24
24
24
24
24
24
24
24
24
24
24
24
24
24
24
24
24
24
24
24
24
24
24
24
24
24
24
24
24
24
24
24
24
24
24
24
24
24
24
24
24
24
24
24
24
24
24
24
24
24
24
24
24
24
24
24
24
24
24
24
24
24
24
24
24
24
24
24
24
24
24
24
24
24
24
24
24
24
24
24
24
24
24
24
24
24
24
24
24
24
24
24
24
24
24
24
24
24
24
24
24
24
24
24
24
24
24
24
24
24
24
24
24
24
24
24
24
24
24
24
24
24
24
24
24
24
24
24
24
24
24
24
24
24
24
24
24
24
24
24
24
24
24
24
24
24
24
24
24
24
24
24
24
24
24
24
24
24
24
24
24
24
24
24
24
24
24
24
24
24
24
24
24
24
24
24
24
24
24
24
24
24
24
24
24
24
24
24
24
24
24
24
24
24
24
24
24
24
24
24
24
24
24
24
24
24
24
24
24
24
24
24
24
24
24
24
24
24
24
24
24
24
24
24
24
24
24
24
24
24
24
24
24
24
24
24
24
24
24
24
24
24
24
24
24
24
24
24
24
24
24
24
24
24
24
24
24
24
24
24
24
24
24
24
24
24
24
24
24
24
24
24
24
24
24
24
24
24
24
24
24
24
24
24
24
24
24
24
24
24
24
24
24
24
24
24
24
24
24
24
24
24
24
24
24
24
24
24
24
24
24
24
24
24
24
24
24
24
24
24
24
24
24
24
24
24
24
24
24
24
24
24
24
24
24
24
24
24
24
24
24
24
24
24
24
24
24
24
24
24
24
24
24
24
24
24
24
24
24
24
24
24
24
24
24
24
24
24
24
24
24
24
24
24
24
24
24
24
24
24
24
24
24
24
24
24
24
24
24
24
24
24
24
24
24
24
24
24
24
24
24
24
24
24
24
24
24
24
24
24
24
24
24
24
24
24
24
24
24
24
24
24
24
24
24
24
24
24
24
24
24
24
24
24
24
24
24
24
24
24
24
24
24
24
24
24
24
24
24
24
24
24
24
24
24
24
24
24
24
24
24
24
24
24
24
24
24
24
24
24
24
24
24
24
24
24
24
24
24
24
24
24
24
24
24
24
24
24
24
24
24
24
24
24
24
24
24
24
24
24
24
24
24
24
24
24
24
24
24
24
24
24
24
24
24
24
24
24
24
24
24
24
24
24
24
24
24
24
24
24
24
24
24
24
24
24
24
24
24
24
24
24
24
24
24
24
24
24
24
24
24
24
24
24
24
24
24
24
24
24
24
24
24
24
24
24
24
24
24
24
24
24
24
24
24
24
24
24
24
24
24
24
24
24
24
24
24
24
24
24
24
24
24
24
24
24
24
24
24
24
24
24
24
24
24
24
24
24
24
24
24
24
24
24
24
24
24
24
24
24
24
24
24
24
24
24
24
24
24
24
24
24
24
24
24
24
24
24
24
24
24
24
24
24
24
24
24
24
24
24
24
24
24
24
24
24
24
24
24
24
24
24
24
24
24
24
24
24
24
24
24
24
24
24
24
24
24
24
24
24
24
24
24
24
24
24
24
24
24
24
24
24
24
24
24
24
24
24
24
24
24
24
24
24
24
24
24
24
24
24
24
24
24
24
24
24
24
24
24
24
24
24
24
24
24
24
24
24
24
24
24
24
24
24
24
24
24
24
24
24
24
24
24
24
24
24
24
24
24
24
24
24
24
24
24
24
24
24
24
24
24
24
24
24
24
24
24
24
24
24
24
24
24
24
24
24
24
24
24
24
24
24
24
24
24
24
24
24
24
24
24
24
24
24
24
24
24
24
24
24
24
24
24
24
24
24
24
24
24
24
24
24
24
24
24
24
24
24
24
24
24
24
24
24
24
24
24
24
24
24
24
24
24
24
24
24
24
24

POINT_DATA 5064
VECTORS displacement float
7.86354e-05 2.8388e-05 -0.00214109
-3.94364e-05 0.000966942 -0.0355778
-0.000100448 0.000263886 -0.00300035
3.68363e-05 -3.67563e-05 -0.0360723
0 0 0
-9.80654e-05 0.0012376 -0.0131676
-6.37234e-06 0.00295737 -0.021477
-1.57226e-05 0.00373113 -0.0274391
1.24533e-05 0.00354602 -0.0313579
5.65921e-05 0.00258727 -0.034014
2.5256e-06 0.000511552 -0.00812983
-8.58538e-05 0.00207944 -0.0176943
-1.07956e-05 0.00345698 -0.0248449
2.24884e-05 0.00368583 -0.0296925
3.71427e-05 0.00308347 -0.0329256
-7.72638e-06 0.00182192 -0.0349002
-6.81446e-06 0.00250995 -0.0350359
1.37367e-05 0.00356826 -0.0339935
-3.56842e-05 0.00437518 -0.032466
3.15914e-05 0.00474642 -0.0306908
1.6131e-06 0.00455361 -0.0284023
2.52387e-05 0.00429333 -0.0252892
2.54074e-05 0.00365693 -0.0210499
-0.00011244 0.00230019 -0.0145604
-4.82825e-06 0.00174842 -0.0353742
1.37874e-05 0.00309501 -0.0345781
-3.10393e-06 0.00402395 -0.03327
-5.16974e-06 0.00452715 -0.0317016
2.11033e-05 0.00465838 -0.0295934
3.40075e-06 0.00443637 -0.0269693
-1.14043e-05 0.00399116 -0.0234253
3.6505e-05 0.00333686 -0.0180536
3.73673e-05 0.00125247 -0.00923451
6.24093e-06 0.000584088 -0.0357948
-4.91712e-05 0.00012267 -0.00173975
-2.53741e-05 1.21038e-05 -0.00209375
-0.000227389 5.33456e-05 -0.00218917
-0.000319861 3.64438e-06 -0.00205062
-0.00022917 2.27804e-05 -0.00192591
-0.000172557 1.25703e-05 -0.00224853
-9.07808e-05 2.0849e-05 -0.00185701
-3.67793e-05 6.81441e-06 -0.00212243
1.51185e-06 3.97111e-05 -0.00198773
8.70394e-05 -4.47446e-06 -0.00197805
0.00020125 1.07859e-05 -0.00203255
0.000181225 1.01676e-05 -0.00215265
0.00021314 -1.3631e-05 -0.00206291
0.000258862 2.39053e-05 -0.00197715
0.000157529 1.69809e-05 -0.00210278
4.58756e-05 -3.42532e-06 -0.00218729
-8.25997e-06 -7.51019e-06 -0.00214154
6.43612e-05 4.85765e-05 -0.00217533
-0.000120985 2.67278e-05 -0.00215274
-0.000266008 4.49122e-05 -0.00210366
-0.000268324 -1.70706e-06 -0.0020012
-0.000198418 1.3555e-05 -0.00209552
-0.000196252 3.01204e-05 -0.0020852
-0.000144795 5.33789e-07 -0.00197213
-1.70521e-05 3.15007e-05 -0.00203976
-7.00103e-07 1.24827e-05 -0.00192883
0.000137584 -3.87134e-06 -0.0019782
0.00021233 1.71129e-05 -0.0020992
0.000228799 -9.47493e-06 -0.00210654
0.000227719 1.00141e-05 -0.00198905
0.000183455 2.62431e-05 -0.00205127
0.000143274 1.25386e-05 -0.00218129
2.26804e-05 -3.49018e-06 -0.00215441
2.09314e-05 3.4387e-06 -0.00220507
-1.04864e-05 -0.000334373 -0.0354828
7.47048e-05 -0.000608122 -0.035526
-5.35937e-05 0.000541055 -0.0355008
1.62649e-05 -0.00109465 -0.035486
8.99448e-05 0.000432524 -0.035534
0 0 0
0 0 0
0 0 0
0 0 0
0 0 0
0 0 0
0 0 0
0 0 0
0 0 0
0 0 0
0 0 0
0 0 0
0 0 0
0 0 0
0 0 0
0 0 0
0 0 0
0 0 0
0 0 0
0 0 0
0 0 0
0 0 0
0 0 0
0 0 0
0 0 0
0 0 0
0 0 0
0 0 0
0 0 0
0 0 0
0 0 0
0 0 0
0 0 0
0 0 0
0 0 0
0 0 0
0 0 0
0 0 0
0 0 0
0 0 0
0 0 0
0 0 0
0 0 0
0 0 0
0 0 0
0 0 0
0 0 0
0 0 0
0 0 0
0 0 0
0 0 0
0 0 0
0 0 0
0 0 0
0 0 0
0 0 0
0 0 0
0 0 0
0 0 0
0 0 0
0 0 0
0 0 0
0 0 0
0 0 0
0 0 0
0 0 0
0 0 0
0 0 0
0 0 0
0 0 0
0 0 0
0 0 0
0 0 0
0 0 0
0 0 0
0 0 0
0 0 0
0 0 0
0 0 0
0 0 0
0 0 0
0 0 0
0 0 0
-0.000366043 0.000212279 -0.00329918
-0.000814634 0.000190809 -0.00319465
-0.00112699 0.000214464 -0.00266501
-0.00144384 0.000200053 -0.00270611
-0.00163953 0.000158615 -0.00243061
-0.00147818 0.000224056 -0.00191942
-0.0016941 0.000162725 -0.00171701
-0.00132171 0.000155814 -0.00129285
-0.00133041 0.000118804 -0.00120114
-0.000974929 7.2471e-05 -0.00101614
-0.000562989 4.13753e-05 -0.000977343
-0.000104851 -1.35193e-05 -0.0010001
0.000209156 -9.84895e-05 -0.00131847
0.000433359 -0.000223452 -0.00142977
0.000636321 -0.000295024 -0.00212778
0.000638608 -0.00040398 -0.00211641
0.000664374 -0.000426868 -0.00252254
0.000213736 -0.000442116 -0.00240987
0.000742909 -0.000631134 -0.0034033
-0.0001416 -0.000460536 -0.00284126
1.58702e-05 -0.000515899 -0.00266071
-9.96225e-05 -0.00061327 -0.00304761
-0.000442189 -0.000453808 -0.00319172
-0.000897612 -0.000487191 -0.00303213
-0.000845753 -0.000435557 -0.00264321
-0.000852863 -0.000416328 -0.00221165
-0.000539553 -0.00028963 -0.0019219
-0.000603799 -0.000204185 -0.00165546
-0.000187695 -0.00014445 -0.00129228
0.000145398 -3.08325e-05 -0.00105661
0.000512366 5.53349e-05 -0.000955276
0.000984042 8.72199e-05 -0.00104583
0.0013547 0.000109898 -0.00113158
0.00151511 0.00012789 -0.00150146
0.00133 0.000189404 -0.00147136
0.00135037 0.000194133 -0.00182516
0.00163279 0.000192457 -0.00237983
0.00148917 0.000153772 -0.00278339
0.00118406 0.000222884 -0.00305331
0.000774888 0.000200051 -0.00327048
0.00036943 0.000263117 -0.00317531
-0.00022884 0.000284769 -0.00329645
-0.000590803 0.000290052 -0.00333077
-0.000986047 0.000264796 -0.00308904
-0.00124911 0.000292421 -0.00276703
-0.00154054 0.000273336 -0.00262663
-0.00158282 0.000292591 -0.00222591
-0.0016005 0.000262394 -0.00182924
-0.00153246 0.000221365 -0.00150657
-0.00139554 0.000181615 -0.00127366
-0.00117988 0.000154415 -0.00111776
-0.000763646 7.93537e-05 -0.00099409
-0.000317203 3.55854e-05 -0.000995213
1.34944e-05 -4.11133e-05 -0.00115685
0.000458302 -0.000129273 -0.00143955
0.000625711 -0.000242021 -0.00190131
0.0007609 -0.00032899 -0.00221184
0.000840307 -0.000393569 -0.00266963
0.000554655 -0.000462798 -0.00297474
0.000608582 -0.000555194 -0.00305578
0.000287901 -0.000481702 -0.00371913
0.000307242 -0.000522561 -0.00386001
0.000247445 -0.000576346 -0.00354977
-0.000564613 -0.000540878 -0.00344042
-0.000826427 -0.000462024 -0.0033395
-0.000956438 -0.000464067 -0.00297428
-0.000876256 -0.000419294 -0.00253129
-0.000752076 -0.000362409 -0.00199932
-0.000698882 -0.000221498 -0.00182151
-0.000368332 -0.000171528 -0.00143889
-6.37296e-05 -6.41649e-05 -0.00116023
0.000296718 3.98129e-05 -0.000965049
0.000746301 0.000142291 -0.000944968
0.00112147 0.000154509 -0.00109359
0.00146521 0.000231207 -0.00132299
0.00145068 0.000233946 -0.00152498
0.00137974 0.000236154 -0.00171462
0.00150596 0.00030492 -0.00203383
0.00152238 0.000279397 -0.00259866
0.00135962 0.000305917 -0.00299976
0.00101274 0.000286422 -0.00316408
0.000539363 0.000277661 -0.00321241
0.000226734 0.000356528 -0.00305436
-9.05257e-05 6.43344e-05 -0.00248991
4.34116e-05 -1.56072e-05 -0.00265542
-0.000165927 -3.62335e-05 -0.00272039
0.000181743 3.43789e-05 -0.00257773
0.000199917 4.59955e-06 -0.00266845
-0.000254369 1.37703e-05 -0.00267246
2.98145e-05 6.74383e-05 -0.00241951
-8.06048e-05 -7.19016e-05 -0.0025135
0.000161559 5.15211e-05 -0.00251722
-0.000174947 4.99282e-05 -0.00239482
-0.000146643 1.26076e-05 -0.00273317
-8.33081e-05 1.74549e-06 -0.00279457
-6.97631e-05 2.09958e-05 -0.00283737
9.64244e-05 -6.28608e-06 -0.00289346
0.000109548 3.25389e-06 -0.00284902
9.61667e-05 4.41921e-05 -0.00282192
1.665e-05 2.95221e-05 -0.00270631
-0.000208673 -1.10948e-05 -0.00267951
-0.000156839 5.19e-05 -0.0024105
1.93203e-05 7.69161e-05 -0.0022947
0.000134813 6.59002e-06 -0.00245304
3.5372e-05 -6.31816e-05 -0.00249887
-4.11662e-05 -7.53374e-05 -0.00248369
6.78414e-05 -2.68274e-05 -0.00267846
0.000173006 3.24901e-05 -0.00286791
5.08494e-05 -3.0406e-05 -0.00287208
7.72126e-06 -4.0483e-05 -0.00230733
1.97392e-05 -3.81034e-05 -0.00222997
3.41219e-05 -4.96148e-05 -0.00225772
-2.11185e-05 -5.52606e-05 -0.00230988
-5.59676e-06 -5.96477e-05 -0.00247733
-5.11098e-05 -2.44074e-06 -0.00233309
-6.18968e-06 -5.21167e-05 -0.00222754
-4.79469e-05 -6.41988e-05 -0.00255647
-0.000205507 -1.96387e-05 -0.00243993
-0.000113304 -1.8447e-05 -0.00242971
-8.23753e-05 -4.76567e-05 -0.00261303
-0.000226615 8.9935e-06 -0.00235096
-0.000248938 -1.62524e-05 -0.00238004
-0.000183345 -1.92756e-05 -0.00271857
-0.00018957 3.10907e-06 -0.00243933
-0.000156157 -2.13563e-07 -0.00240807
-0.000184958 1.94954e-05 -0.00271398
-0.000257107 2.93207e-05 -0.0021308
-0.000151129 5.56418e-05 -0.00234015
-0.000177958 3.9811e-05 -0.002569
-0.000192833 4.12608e-05 -0.00224229
-0.000153284 4.13267e-05 -0.00214418
-0.000196861 5.41551e-05 -0.00240814
-4.35204e-05 4.1356e-05 -0.00223058
-9.7025e-05 5.35359e-05 -0.0023177
-0.000134229 5.92433e-05 -0.00249033
4.97612e-05 4.35055e-05 -0.00206601
1.22596e-05 8.30873e-05 -0.00213117
-2.78568e-05 6.38464e-05 -0.00238954
0.000145188 7.70938e-05 -0.00222695
5.71337e-05 7.05003e-05 -0.00218358
2.00562e-05 5.94359e-05 -0.00230893
0.000208863 4.28031e-05 -0.00239502
0.000190568 6.65107e-05 -0.00227101
0.000101153 5.94822e-05 -0.00246081
0.000224286 3.33814e-05 -0.00237157
0.000244636 3.04593e-05 -0.00237424
0.000189553 3.42501e-05 -0.00253998
0.000166649 6.72072e-06 -0.00220377
0.000211243 1.45636e-05 -0.00229395
0.000169137 2.07643e-05 -0.00253548
9.86095e-05 4.51133e-07 -0.00236544
0.00024546 1.92748e-06 -0.00232332
0.000187584 1.23172e-05 -0.00260567
-7.3117e-07 -1.713e-05 -0.00248252
9.21914e-05 -1.68957e-05 -0.00241533
6.74432e-05 -3.35191e-06 -0.00267453
-9.17425e-06 -4.6941e-05 -0.00241856
-5.60769e-06 -3.97958e-05 -0.00247959
3.83982e-05 -3.27704e-05 -0.00267857
3.63777e-05 -4.2373e-05 -0.00256681
-4.67781e-05 4.62365e-05 -0.00260797
-4.54111e-05 4.49896e-05 -0.00276269
-0.00010397 5.91317e-05 -0.00267706
-0.000166446 4.49829e-05 -0.00263428
-1.29272e-05 6.20824e-05 -0.0025257
4.92075e-05 2.04188e-06 -0.00285714
4.67398e-05 -1.03705e-05 -0.00281856
4.25989e-05 -2.69292e-05 -0.00274192
8.85528e-05 -3.77109e-06 -0.00288003
3.91805e-05 -4.56682e-05 -0.00271491
1.01225e-05 1.40286e-05 -0.00284501
-2.74509e-06 -1.33427e-06 -0.00282555
-6.23505e-05 2.32527e-05 -0.00281748
-0.000115781 2.23119e-05 -0.00279224
8.62719e-05 -1.92476e-05 -0.00271225
0.000172912 3.43779e-05 -0.00275483
0.000159706 5.51884e-05 -0.00272127
0.000201942 3.25466e-05 -0.00274641
0.000125911 3.8714e-05 -0.00285977
0.000170784 1.28505e-05 -0.00271733
0.000149632 5.91739e-06 -0.00285039
0.000141269 1.54662e-05 -0.00288001
0.000191952 5.57196e-06 -0.00280206
-0.00018275 2.74567e-05 -0.00266567
-0.00017858 2.50634e-05 -0.00276088
-0.000101844 2.23636e-05 -0.00279201
-0.000161122 1.31939e-05 -0.00275417
0.000100459 6.60581e-05 -0.00264376
5.24502e-05 3.92416e-05 -0.0027827
2.06879e-05 5.72426e-05 -0.00256301
5.92571e-05 -3.92404e-05 -0.00277554
7.42939e-05 -5.53354e-06 -0.00288833
5.45192e-06 -5.04168e-05 -0.00274604
-8.83862e-05 1.43929e-05 -0.00277844
-6.43726e-05 1.64206e-05 -0.00284919
-3.05362e-06 1.89573e-05 -0.00279089
3.56834e-06 7.87824e-06 -0.00288839
8.42387e-06 1.93593e-05 -0.00284499
0.000107114 1.16238e-05 -0.00286884
1.87714e-05 2.37905e-05 -0.00284018
8.14363e-05 1.83661e-05 -0.00286193
2.54026e-05 -0.000482604 -0.00916806
0.000746672 0.000210313 -0.00868969
-0.000722355 0.000217827 -0.00875149
-2.82101e-06 -0.00222606 -0.0344477
-4.19731e-05 -0.00175886 -0.0337191
3.46066e-05 -0.00167912 -0.0339015
3.88612e-05 -0.000307456 -0.00925836
-7.00526e-05 -0.000257522 -0.00881084
0.000617118 0.0034954 -0.0292364
-0.000736468 0.00344762 -0.0284173
-5.43444e-05 -0.00304141 -0.0325297
0.00138218 0.000663653 -0.0106837
-0.00107796 0.000692232 -0.00942567
-0.000153112 -0.00236905 -0.0311421
-0.000190458 -0.00321791 -0.0293692
-0.000177782 -0.00235592 -0.0272051
1.39338e-05 -0.00127292 -0.0286422
0.000140708 -7.13532e-05 -0.0338233
4.75921e-05 -0.00351481 -0.0302423
-6.23885e-05 -0.00322705 -0.0262172
0.000161877 -0.00307124 -0.0268845
0.000118795 -0.00109589 -0.024064
0.000500547 -0.000114318 -0.0254127
-0.000136866 -9.4636e-05 -0.0339105
-6.73228e-05 -0.000969803 -0.0316293
-0.000470923 0.000795881 -0.0310008
-0.00040754 -9.02811e-05 -0.0281068
-0.000880592 0.00143093 -0.0274157
-0.000853789 0.000566965 -0.023133
-0.000304258 -0.000671416 -0.0235715
-0.0012719 0.00162974 -0.0221123
-7.15064e-05 -0.00163969 -0.0214006
0.000792269 0.00188127 -0.016761
-0.000868265 0.00199733 -0.0169608
0.000144542 -0.00238234 -0.0219104
0.000236222 -0.00213468 -0.0221651
-3.76471e-05 -0.00223516 -0.0209016
0.00064137 -7.54295e-05 -0.0199934
0.00103761 0.000839297 -0.0217636
0.000844684 0.00120017 -0.0268697
0.00135499 0.00182916 -0.0233592
0.000189704 -0.00259481 -0.0273875
0.000178967 -0.00133144 -0.0163627
-0.000579748 -1.28558e-05 -0.0190742
-0.000174128 -0.000818345 -0.019166
0.00142826 0.00123155 -0.0167494
0.00145118 0.00193075 -0.018391
-0.00117378 0.00253846 -0.0261654
-0.00139954 0.00229221 -0.0210107
0.000962692 0.00244254 -0.0280112
-0.000390532 0.00174126 -0.0332034
-0.000772415 0.0024254 -0.0300708
-3.26081e-05 -0.000378004 -0.00913578
0.000309941 -3.90966e-05 -0.00858931
-0.000302094 3.36608e-05 -0.00824337
-0.00114341 0.000468462 -0.00952708
0.000589706 0.00135566 -0.030517
0.000107155 -0.000571458 -0.0148829
-0.00089391 0.000701502 -0.0096856
0.000943701 0.000661432 -0.00971219
0.000114161 -0.00245312 -0.0311268
-0.000162871 -0.00107392 -0.0153923
0.0011458 0.000498587 -0.00929315
-0.00148619 0.00126574 -0.015973
-0.00107371 0.000676868 -0.0162566
0.000529768 0.00239218 -0.0316927
0.00119791 0.00294329 -0.0246553
0.000263005 0.00177117 -0.034269
5.06392e-05 -0.00102538 -0.0165166
-0.000725449 0.00316178 -0.023492
-6.08461e-06 -0.00159283 -0.0280968
-0.000195875 -0.00266884 -0.0248127
3.60448e-05 -0.000283085 -0.0088031
0.00104423 0.00048678 -0.0155211
4.4037e-05 -0.00299053 -0.0325109
4.85165e-05 -0.000923508 -0.0320215
0.000314541 1.3714e-05 -0.0297354
8.29625e-05 -0.00132187 -0.0155658
0.00069298 0.00319377 -0.0239324
-0.000474384 0.00313586 -0.0313887
-0.00139122 0.00163269 -0.0151742
-8.06878e-05 -0.00124519 -0.0152019
0.000514741 -3.32286e-05 -0.0149223
-0.000165407 0.00141771 -0.034641
0.00010987 -0.0016288 -0.0230549
0.00120026 0.00240641 -0.0200537
0.000419868 0.000516309 -0.00956226
-0.000483482 0.000722432 -0.00992555
-0.000201455 -0.000385053 -0.0135646
-0.000579538 -1.40512e-05 -0.0135531
-0.00114673 0.00297246 -0.0244384
0.00134671 0.00140467 -0.0149527
0.000325228 0.00294686 -0.0325117
0.000150706 -0.00320016 -0.029955
-9.02298e-05 -0.00193077 -0.0201426
-0.00122789 0.00254923 -0.0204454
0.000210448 -0.000695633 -0.0194094
8.67308e-05 -0.000757584 -0.0127501
0.000400643 0.00125752 -0.0325916
0.000262213 0.000271835 -0.0318979
0.000196761 9.251e-05 -0.00579646
0.000200765 0.000831716 -0.0114262
-0.000333316 0.000975903 -0.0115798
-0.000109369 0.00021033 -0.00601127
-0.000286675 0.000189041 -0.00602747
0.00030015 7.605e-05 -0.00576211
0.00015856 0.00226473 -0.0342033
0.00013142 0.00145922 -0.0350422
-9.19182e-05 0.00132801 -0.0351722
-8.75847e-05 0.00210476 -0.0344362
-0.000115684 0.000600764 -0.0350131
0.000166129 0.000718702 -0.034764
0.000327266 0.00151206 -0.0149869
0.000380577 0.00246802 -0.0192914
-0.000485405 0.00248767 -0.0193729
-0.000477474 0.00161851 -0.0151995
0.00060392 0.00116254 -0.0133122
-0.000726768 0.0013256 -0.0135895
-0.000377733 0.00351706 -0.0257025
-0.000371143 0.00311326 -0.0227336
0.00036511 0.00312427 -0.0228467
0.000364538 0.00349224 -0.0259426
0.000751125 0.00263513 -0.0206294
-0.000840192 0.00265237 -0.0204398
0.000322915 0.00365605 -0.0284676
0.000303612 0.00354501 -0.0304768
-0.000349682 0.00355409 -0.0302167
-0.000426658 0.00364416 -0.0281118
0.000695788 0.00344434 -0.0268929
-0.000757363 0.00342488 -0.0262284
-0.000196638 0.00293862 -0.0329182
-0.000242887 0.003402 -0.0315616
0.000184591 0.00333888 -0.0320511
0.000191641 0.00284628 -0.0333305
0.000413802 0.00327883 -0.031114
-0.000631514 0.00329627 -0.0300907
-0.000209358 0.00233842 -0.0337457
-0.000451438 0.00253366 -0.0323751
-0.000270558 0.00157437 -0.0339807
0.000291447 0.00246586 -0.0334496
-0.000437922 0.000179372 -0.00599414
-0.000588485 0.000255591 -0.00592414
-0.000662741 0.000693608 -0.00970925
-0.000732225 0.000228004 -0.0059717
-0.000794911 0.000161084 -0.00575463
-0.000981146 0.00066831 -0.00942889
-0.000839737 7.06951e-05 -0.00584762
-0.000688181 0.000130877 -0.00574319
-0.00112747 0.000545375 -0.00933684
-0.000547034 6.6355e-05 -0.00537752
-0.000432177 5.40179e-05 -0.00543757
-0.000895132 0.000322312 -0.00898656
-0.000322552 0.000120214 -0.00521441
-0.000228417 7.29437e-05 -0.00511558
-0.00047661 8.69152e-05 -0.00833137
-0.000202241 -7.34922e-05 -0.00535505
-8.83153e-05 -6.80748e-05 -0.00546847
-0.000183948 -0.000135151 -0.00839619
-9.44876e-05 3.95758e-06 -0.00545527
-5.71205e-05 -3.87188e-05 -0.00542897
-1.34869e-05 -0.000269508 -0.00864997
-1.27564e-05 -9.39735e-05 -0.0056505
6.45719e-05 -8.00058e-05 -0.00557127
5.46078e-05 -0.000373943 -0.00886151
7.30191e-05 -7.07225e-05 -0.00564137
8.67094e-05 -3.53711e-05 -0.00563151
9.51552e-06 -0.000418165 -0.00902572
0.000129076 -9.37328e-06 -0.0057936
0.000204516 1.17326e-05 -0.00572667
-2.6391e-05 -0.000348816 -0.0091363
0.00024278 -2.41924e-06 -0.00536949
0.000358127 -2.02654e-05 -0.00531277
0.000160741 -0.000170566 -0.0087794
0.000476853 5.98824e-06 -0.0052962
0.00059802 0.000137322 -0.00532914
0.000520245 1.091e-05 -0.00847659
0.000673122 0.000151381 -0.00556371
0.000702742 0.00018522 -0.00562843
0.000931648 0.000336098 -0.0088373
0.000821786 0.000191827 -0.00627283
0.000849583 0.000137389 -0.00648543
0.00128847 0.000576655 -0.00984666
0.000658311 0.000182764 -0.00584882
0.000490003 0.000166201 -0.00595697
0.00117753 0.000599069 -0.0101186
0.000671647 0.000561195 -0.0095531
1.89686e-05 -0.00161234 -0.0350661
-1.47699e-05 -0.00156131 -0.0350196
1.96022e-05 -0.00208364 -0.0342054
-1.2264e-05 -0.00113942 -0.0348594
-4.53787e-05 -0.000943534 -0.0339764
-8.41811e-05 -0.000251514 -0.0348052
-0.00020542 0.000732356 -0.034182
6.11426e-06 -0.00124958 -0.0347339
-3.93108e-05 -0.00209887 -0.0341819
9.61049e-05 -0.000348658 -0.0347648
1.15202e-05 -0.000942013 -0.0338608
0.000238936 0.000956081 -0.0338224
-3.20869e-05 -0.000826052 -0.0121903
-6.3141e-05 -0.000767276 -0.0121814
5.26749e-05 -0.000764298 -0.0122431
2.39845e-05 -0.000861533 -0.0123827
-6.9349e-06 -0.0012992 -0.0152702
0.000437308 -6.76934e-05 -0.0117859
0.000667948 0.000127544 -0.0118474
0.000909529 0.000342984 -0.0121911
0.00111056 0.000594185 -0.0124564
0.000811512 0.000217237 -0.015166
-0.00065273 0.000151719 -0.0111437
-0.000457853 -1.14819e-05 -0.0109242
-0.0012238 0.000679785 -0.0129834
-0.000931618 0.000435794 -0.0125783
-0.000843179 0.000276581 -0.0148377
-5.75141e-05 -0.00249162 -0.0331914
-3.00398e-05 -0.00268643 -0.0335781
2.63133e-05 -0.00266347 -0.0335957
6.15825e-05 -0.00242791 -0.0331905
-1.03928e-05 -0.00310512 -0.0325968
-6.79801e-05 -0.00214734 -0.0325026
-0.000120694 -0.00279713 -0.0319527
-1.85622e-05 -0.00137772 -0.0329212
-5.21668e-05 -0.00170974 -0.0316372
8.79105e-05 -0.000504325 -0.0329849
1.60719e-09 -0.00139447 -0.0328147
-0.00010861 -0.00053505 -0.0329007
7.97665e-05 -0.00212593 -0.0326422
3.14708e-05 -0.00177766 -0.0314054
0.000112768 -0.00275762 -0.0318636
-9.95805e-05 -0.000713318 -0.012335
-3.14771e-05 -0.00063834 -0.0123669
9.23512e-05 -0.000440327 -0.0120607
0.000228073 -0.00026149 -0.0117615
-3.55691e-05 -0.000825717 -0.01508
-0.000305385 -0.000134233 -0.0109621
-0.000114951 -0.000359733 -0.0112398
2.74135e-07 -0.000580116 -0.0128236
-7.02048e-05 -0.000689134 -0.0149767
7.69029e-05 -0.000912626 -0.0146875
1.24413e-05 -0.000461941 -0.0107649
6.04859e-05 -0.000522746 -0.0107972
0.000874626 0.00299909 -0.0288066
0.000768563 0.00241573 -0.0300542
0.000603134 0.00301264 -0.0306646
0.000952054 0.00324015 -0.0272484
0.00111883 0.00279087 -0.0265085
0.000438634 0.00265651 -0.0322389
0.000994888 0.00304076 -0.0243795
-0.00101775 0.00300636 -0.0274597
-0.000834561 0.00298035 -0.0293667
-0.000992856 0.00252238 -0.0282511
-0.00118976 0.00280261 -0.0253426
-0.000981754 0.00323478 -0.0266404
-0.000657276 0.00279022 -0.0308675
-0.000974396 0.0030881 -0.0240533
-0.000201322 -0.00291315 -0.0303034
-9.75508e-05 -0.00324218 -0.0311176
-5.89916e-05 -0.00347962 -0.0299427
-1.03509e-05 -0.00337174 -0.0315342
5.90853e-05 -0.00331558 -0.0314985
0.00142187 0.00101451 -0.0137446
0.00146068 0.00157177 -0.0175242
0.00144016 0.00129431 -0.014783
0.00130149 0.000843186 -0.013113
0.00144724 0.0016596 -0.0167776
0.00132932 0.000999142 -0.0127852
0.00114342 0.00100119 -0.0124231
-0.00141666 0.00104173 -0.012811
-0.00137202 0.000836388 -0.0127794
-0.00121478 0.00116301 -0.0125488
-0.00133071 0.00114719 -0.0123269
-0.00151542 0.00149325 -0.0155688
-0.000149364 -0.00245535 -0.029377
-0.000204757 -0.00284511 -0.0283709
-5.12872e-05 -0.00187776 -0.0300025
-7.96794e-05 -0.00189049 -0.0279824
6.93031e-05 -0.00117223 -0.0305583
-0.000233005 -0.00260605 -0.0260551
-0.000191389 -0.00303636 -0.0272506
-0.000143782 -0.0033329 -0.027942
-1.06398e-05 -0.00349581 -0.028404
-0.000138518 -0.00302548 -0.0257608
8.48706e-05 -0.00124843 -0.0265231
-6.03906e-05 -0.00173606 -0.0257448
-3.81713e-05 -0.00143898 -0.0228615
-0.000144243 -0.00208254 -0.0244904
-0.000140998 -0.00221136 -0.0232232
0.000249885 -0.000705997 -0.0271858
0.000287168 -0.000667202 -0.0248173
0.000189844 -0.00068172 -0.0292695
0.000416937 -8.5198e-05 -0.0277922
0.00017588 -0.000445432 -0.0310065
0.000356241 0.00155237 -0.033456
0.000247887 0.000591573 -0.0331335
0.000202812 0.000101014 -0.0329265
0.00013931 -0.000336777 -0.0320309
0.000327094 0.000730652 -0.0322578
6.52179e-05 -0.00326037 -0.0267065
9.10877e-05 -0.00340035 -0.0287239
0.000174209 -0.0031953 -0.0285361
0.000111107 -0.0034017 -0.0301572
0.000102666 -0.00314881 -0.031334
4.69852e-05 -0.00287967 -0.0242281
0.000156223 -0.00282483 -0.0246099
-5.32047e-05 -0.00281097 -0.023848
5.48375e-05 -0.00238392 -0.0214417
-0.000125161 -0.00253027 -0.0231012
0.000210017 -0.00229953 -0.0220862
0.000207262 -0.00264158 -0.0247197
0.000212449 -0.00244314 -0.0249648
0.000220683 -0.00288613 -0.0272121
0.000187644 -0.00293373 -0.0287506
0.000537492 -0.000118771 -0.0229162
0.000327105 -0.000574701 -0.0221284
0.000146438 -0.000902737 -0.0218319
3.48261e-05 -0.00115447 -0.0204878
0.000402419 -0.000405616 -0.0196938
0.000768297 0.000424178 -0.023711
0.000847298 0.000366956 -0.0208665
0.000695938 0.000489449 -0.0262351
0.000974381 0.00101662 -0.0245207
0.000591791 0.00059194 -0.0284116
-0.000270024 -0.000105379 -0.0313951
-0.000280881 0.000372899 -0.0326059
-0.000484888 0.00131687 -0.0320631
-0.000300962 0.000907349 -0.0333753
-0.000220576 -0.000543548 -0.0300452
-0.000449115 0.000309722 -0.0296569
-1.62839e-05 -0.00135511 -0.0300425
-0.000205815 -0.00087343 -0.02815
0.000114443 -0.00204624 -0.0296828
-0.000664072 0.00067485 -0.0278022
-0.000682901 0.00114932 -0.0293915
-0.000882366 0.00194066 -0.0286916
-0.00069283 0.00166729 -0.0304971
-0.000582257 0.00210498 -0.0318407
-0.00063776 0.000263644 -0.0258049
-0.000884985 0.000965603 -0.0253682
-0.000375688 -0.000437528 -0.0260397
-0.000574115 -4.33718e-05 -0.0233818
-0.000136787 -0.00112738 -0.0259881
-0.00109767 0.00115478 -0.0226374
-0.00111169 0.00161771 -0.0250458
-0.00128156 0.00208579 -0.0242129
-0.00108077 0.00205306 -0.0268131
-0.000480911 -0.000325847 -0.0214769
-0.000764095 0.000246633 -0.0212369
-0.00103052 0.000685622 -0.0200108
-0.0012543 0.00111134 -0.0192462
-0.000851959 0.000372008 -0.0176467
-0.000161564 -0.000808381 -0.0215794
-0.000363884 -0.000438419 -0.0191586
-8.20558e-05 -0.00122154 -0.0233947
-4.61311e-05 -0.00121354 -0.0212318
6.61934e-05 -0.00171659 -0.0257446
-0.00139657 0.00200691 -0.0215634
-0.00132617 0.00247136 -0.0237895
-0.00146177 0.00152544 -0.0191918
-0.00153155 0.00175531 -0.0186202
-0.00138928 0.0010309 -0.016084
2.80318e-05 -0.00105042 -0.0182729
-8.16214e-05 -0.00137887 -0.0185558
0.000147019 -0.000669019 -0.017216
-7.46142e-05 -0.0015101 -0.0178323
-5.21398e-05 -0.00184161 -0.0208247
-0.000145386 -0.00233262 -0.022689
0.000901034 0.00123313 -0.0134095
0.00109577 0.0016165 -0.0158262
0.00104384 0.00215756 -0.0184674
0.000957543 0.00279271 -0.0221532
0.00132456 0.00189059 -0.0176275
-0.000976816 0.0013807 -0.0135
-0.00114876 0.00178172 -0.01605
-0.00102089 0.00283624 -0.0221093
-0.00108273 0.0022709 -0.0187587
-0.00133271 0.00210829 -0.0179042
0.000143647 -0.00185482 -0.0191581
0.000171864 -0.00177312 -0.0193491
2.19205e-06 -0.00179025 -0.018231
8.41574e-05 -0.00185789 -0.0188295
0.000128763 -0.0013127 -0.0159755
0.000220169 -0.00195261 -0.022645
0.000145896 -0.00211904 -0.0253223
0.000152568 -0.00122098 -0.0164509
0.000131526 -0.00158393 -0.0194084
7.82424e-05 -0.00138675 -0.0199125
-6.81103e-05 -0.00209113 -0.020549
-4.97331e-05 -0.00173714 -0.0181399
-6.02178e-05 -0.00161452 -0.0177086
0.0010628 0.000676126 -0.0187739
0.000878548 0.000282837 -0.0177967
0.000594636 -6.42366e-05 -0.017547
0.00039981 -0.000333054 -0.0171999
0.00113437 0.0015496 -0.0252481
0.00124764 0.00133423 -0.0224862
0.00143871 0.00156581 -0.0203018
0.00128144 0.00109728 -0.0193549
0.00126965 0.000859908 -0.016097
0.000970296 0.00178053 -0.027482
0.00119944 0.00214412 -0.025847
0.000721163 0.00125909 -0.0288724
0.00080654 0.00189791 -0.0293519
0.000516417 0.000630941 -0.0301486
0.00146324 0.00195923 -0.0210541
0.00135767 0.00239481 -0.0239551
0.00139665 0.00243925 -0.0217187
0.000168599 -0.00261133 -0.0293935
0.000139032 -0.00212838 -0.0277556
0.000167045 -0.00286364 -0.0305313
0.00012223 -0.00104649 -0.0145393
8.65968e-05 -0.000776512 -0.0126826
-0.000408455 -0.00033995 -0.0164126
-0.000628859 -1.08692e-05 -0.016393
-8.85865e-06 -0.000968774 -0.0178601
-0.000179771 -0.000590708 -0.0164447
-0.000379288 -0.000188022 -0.0135293
0.00121485 0.00272438 -0.0225056
0.00137797 0.00213294 -0.0192274
-0.00133757 0.00264108 -0.0228373
-0.00146456 0.00201501 -0.0182584
-0.00134681 0.00245248 -0.0207986
-0.00118231 0.002809 -0.0225879
0.00060994 0.00187577 -0.0311749
-0.000123175 -0.00124017 -0.0152299
0.000337288 -0.000337849 -0.0148077
0.00047465 0.00130247 -0.0316566
0.00049792 0.00193342 -0.0322005
0.000300146 0.000145413 -0.0308881
0.000447991 0.000824303 -0.031221
0.000397437 0.00213138 -0.0331354
-2.41861e-05 0.000249786 -0.0356752
7.71815e-05 0.000331056 -0.0356995
-0.00042539 0.00406052 -0.0329867
0.000924037 -0.00122252 -0.00684781
0.000422577 0.00394255 -0.0331185
-0.00097462 -0.00134178 -0.00686601
0.00309663 0.00101209 -0.006567
-0.00315171 0.00105783 -0.00686378
-0.000426123 -0.00457633 -0.0120226
0.00490898 0.00190629 -0.00940675
-0.0043501 0.00163189 -0.00831959
0.0024408 -0.00361951 -0.0100038
-0.00177607 -0.00308206 -0.00879419
-3.24444e-06 -0.00234011 -0.0351695
-7.65772e-05 -0.00240015 -0.034505
3.38263e-05 -0.00211112 -0.0348068
7.4551e-05 -0.00363008 -0.0342784
0.000855032 0.00454769 -0.0293601
-0.000829166 0.00451717 -0.0293839
0.000262563 -0.00334162 -0.0334307
0.00028494 -0.00460969 -0.0328332
7.87836e-05 -0.000491383 -0.0345829
-7.52901e-05 -0.00188219 -0.033557
0.000693198 -0.00423866 -0.0315372
0.000444374 -0.00286068 -0.031724
0.000833639 -0.00530829 -0.0307354
0.000194066 -0.00563591 -0.0316886
-0.00345343 0.00203524 -0.0111936
0.00358681 0.0020576 -0.0121629
0.00100442 -0.00360009 -0.0292983
0.000550483 -0.00236426 -0.0291385
-0.0014016 0.000281125 -0.00644947
0.00108446 4.60528e-05 -0.00606217
-0.00155451 -0.00423639 -0.0114047
0.00110785 -0.00384319 -0.0104125
0.000595087 -0.00632191 -0.0294773
-2.65547e-05 -0.00631813 -0.030155
-0.000134366 -0.000502146 -0.0342083
0.00142081 -0.00604893 -0.0280779
0.00127122 -0.00303315 -0.0259854
0.000527207 -0.00173616 -0.0255812
-5.1206e-05 -0.000992124 -0.0286069
-0.000438673 -0.000531418 -0.0247749
-0.000765257 0.000298844 -0.0278072
-0.00146622 0.000690899 -0.0236306
-0.00167124 0.00143938 -0.0266611
-0.00266341 0.00162406 -0.0225152
-0.00259602 0.0022866 -0.0252878
-0.00166148 0.00223044 -0.0290253
-0.00241929 0.00296982 -0.0275656
0.00115984 0.00402597 -0.0231395
-0.00114036 0.00391839 -0.0231985
-0.00356202 0.00290011 -0.0238349
-0.00314006 0.00347681 -0.0260481
-0.000305343 -0.00551645 -0.0318792
-0.00071521 -0.00601342 -0.0299077
-0.0006902 -0.00516683 -0.0312425
-0.0012482 -0.0055619 -0.0287559
0.000241695 -0.00723679 -0.0274148
-0.00141867 -0.00659805 -0.0267091
-0.00223057 -0.00594328 -0.0249841
-0.00182764 -0.00478952 -0.026812
-0.00241814 -0.00507635 -0.0225482
-0.00189677 -0.00388706 -0.0241339
0.000105685 -0.00116736 -0.0211562
-0.00427614 0.0032306 -0.0219507
-0.00360091 0.00371 -0.0240033
-0.00127543 -0.0036159 -0.0281089
-0.00112426 -0.00271778 -0.0253074
-0.00162691 -0.00288678 -0.0208019
-0.000605299 -0.00170652 -0.0218972
-0.000274554 -0.00148125 -0.0262245
0.000401869 -0.000596149 -0.0229929
0.000561327 -0.000213958 -0.0267885
0.00144526 0.000591099 -0.0236152
0.00118286 0.00090147 -0.0275546
0.00228524 0.00154767 -0.0242438
0.00184319 0.0020554 -0.0278017
0.00292664 0.00243859 -0.0244973
0.00232088 0.00288863 -0.0277125
0.00348635 0.00309332 -0.0243085
0.00134259 0.00255182 -0.030476
0.000192455 0.0017974 -0.0351202
0.0034553 0.00200767 -0.0204432
0.00257518 0.0035968 -0.0274837
0.00370041 0.00355151 -0.0240644
0.00144306 0.000276443 -0.0190973
-0.00237771 0.0010326 -0.0189859
-0.00360873 0.00178473 -0.0176853
-0.00143129 0.00297801 -0.0306137
-0.000180548 0.00197427 -0.0350018
-0.000906109 0.00197237 -0.031829
0.0044749 0.00309714 -0.0205081
0.000520156 0.00014436 -0.0302899
0.00185277 -0.00436438 -0.0260541
0.00197531 -0.00373664 -0.0220854
0.00242757 -0.00483039 -0.02211
0.00232733 -0.00416177 -0.0174453
0.00164593 -0.00294246 -0.0176314
0.00460477 0.00327752 -0.0199376
0.00360179 0.00374045 -0.0232909
-0.00454043 0.00281545 -0.0191844
-0.00245883 0.00400745 -0.0275852
-0.00302212 0.0039767 -0.0245815
-0.00451235 0.00323647 -0.0196393
-8.49564e-05 -0.00361309 -0.0342254
-0.000756259 -0.00182733 -0.0169596
-0.00195578 -0.00682049 -0.0223129
-0.00133251 -0.00766315 -0.0239552
-0.000335631 -0.000151259 -0.0308974
-0.00157968 0.00209186 -0.0123636
0.00175397 0.00191376 -0.0117296
-0.000813229 0.00275412 -0.0328132
-0.00149603 -0.00285096 -0.0154865
-0.00125927 0.00363438 -0.0313545
0.00508158 0.00281495 -0.0157321
0.00485585 0.00258923 -0.0158799
0.00467946 0.00205897 -0.0111287
0.00451929 0.00285283 -0.0147679
-0.00308016 0.00118721 -0.0135442
-0.00185161 0.000507094 -0.0152647
-0.00399736 0.00180491 -0.0123106
-0.000438685 0.00151176 -0.0337357
0.00235569 -0.00509516 -0.0165821
0.00255129 -0.00604833 -0.0215007
0.00222661 -0.00555584 -0.0157798
0.00210178 -0.00670019 -0.0203592
0.00165007 -0.00293427 -0.0122951
-0.00152947 -0.00668877 -0.0178916
-0.000898521 -0.00728206 -0.0188246
0.00212451 -0.00339427 -0.0118501
-0.00235691 0.000815453 -0.00965832
-0.00212543 -0.00606684 -0.0164567
0.00252952 0.00120828 -0.0197953
0.00370276 0.00160945 -0.0153047
0.00117692 -0.00248321 -0.0219376
4.31571e-05 -0.00190738 -0.0334764
-0.000731304 -0.00704714 -0.027703
0.001172 -0.0069601 -0.0265342
0.00088472 -0.00771121 -0.0234281
-0.000221465 -0.00342547 -0.0334192
-0.000400402 -0.00319476 -0.032002
-0.000331787 -0.00208674 -0.0312224
-0.00236863 -0.00405882 -0.019206
-0.00198119 -0.00336739 -0.0134181
-0.00259212 -0.00592245 -0.0202256
0.000276161 -0.00073442 -0.0183592
0.0013438 0.000150015 -0.0140442
-0.00480423 0.00298963 -0.0173291
-0.00472232 0.00280916 -0.0145558
-0.00105333 0.00435844 -0.0267912
0.00105257 0.00434955 -0.0267678
0.00182061 0.00430847 -0.0273165
0.00146359 0.00434856 -0.0296596
0.00257821 0.00402756 -0.0269761
-0.00366194 0.00224489 -0.0210723
0.00437776 0.00215977 -0.0162526
0.00416086 0.00263171 -0.020667
-0.00222788 0.00412012 -0.0242974
-0.00240799 0.00344355 -0.0191088
-0.00332394 0.00360621 -0.0210892
0.00427908 0.00171414 -0.0096503
0.00145135 -0.00486695 -0.0289321
0.00257532 0.000844652 -0.0150292
0.00215328 0.000636025 -0.00980855
0.000311998 -0.000705273 -0.0115822
-0.00106999 -4.36978e-05 -0.0203456
0.00406601 0.0032776 -0.0186442
0.00318647 0.00317503 -0.0173473
-0.00212205 0.00372947 -0.0288528
-0.00256071 0.00230283 -0.0121471
-0.00428955 0.00159718 -0.00763839
-0.00488103 0.00244606 -0.0137127
0.00392528 0.00135151 -0.00717971
7.7788e-05 -0.000617582 -0.00653782
-0.000380838 -0.000767735 -0.011895
-2.21232e-05 -0.00476767 -0.033237
0.00062619 0.00454161 -0.0314675
-0.00062915 0.00447195 -0.031529
-0.00145005 0.0043656 -0.0296639
-0.00137313 -0.00182265 -0.00726856
6.84964e-05 -0.000517432 -0.00631348
-0.00186799 -0.00269604 -0.00817411
0.00113342 -0.00420935 -0.0108551
-0.00181937 -0.00365003 -0.00998586
-0.000476346 -0.00456954 -0.0121045
0.000117094 -0.00735328 -0.0180354
0.00196216 -0.00557286 -0.0256994
0.00187799 -0.00670258 -0.0246018
-0.00243829 -0.0048774 -0.0171995
-0.000561395 -0.00247956 -0.0286973
0.000356536 0.00323782 -0.0340411
0.000508879 0.00250632 -0.0339957
-0.000247451 0.00303711 -0.0344431
0.00161764 0.00343725 -0.0302534
-0.000911305 0.00110323 -0.0300906
-0.000259893 -0.00442323 -0.0331299
0.000940354 0.00141813 -0.0305374
0.000380481 0.000563748 -0.0327061
-0.000213313 -0.00780081 -0.0241583
0.00091803 -0.0066604 -0.0172562
-0.0010008 -0.00438696 -0.0300145
0.00026844 0.00109299 -0.0343005
-0.00418157 0.00304156 -0.0169253
9.50854e-05 -0.0016058 -0.0314597
0.00207955 0.0041287 -0.0244617
0.000734051 -0.00170785 -0.0169116
0.000817879 -0.00177022 -0.0122759
-0.000126121 -0.000633901 -0.0326088
-0.000648335 -0.000462313 -0.016258
-0.00110766 0.00327463 -0.0177372
0.00125845 0.00297758 -0.0174405
-0.00368207 0.00127402 -0.00685538
0.00159277 -0.00342813 -0.00989829
0.000971834 0.00298035 -0.032313
0.000996514 0.00392215 -0.0316834
0.000708319 0.00181836 -0.0326509
0.000103371 -0.00445819 -0.0116937
-0.000438076 0.000559853 -0.0324615
0.00316931 0.00363729 -0.0220289
-0.00450646 0.0022811 -0.0164874
0.00264948 0.00201173 -0.0114483
0.00229065 0.00356503 -0.0205433
-0.00186236 0.00427324 -0.0273057
-0.00069325 -0.00173393 -0.0117653
-0.00402195 0.00189721 -0.0102689
-0.00236709 -0.00493337 -0.0145248
0.00166834 -0.00202573 -0.00698022
0.0018322 0.00392082 -0.0294697
5.68022e-05 -0.000844535 -0.0321766
0.000675983 0.00340978 -0.0331504
-0.00433357 0.00175681 -0.00907048
-0.00340733 0.00305516 -0.0166435
0.00378293 0.00151613 -0.0109003
-0.000429686 0.0024424 -0.0341762
0.00144921 -0.0074016 -0.0218973
0.00358157 0.00170187 -0.00889548
-2.546e-05 -0.00118413 -0.0293648
-0.000657536 0.00345875 -0.0331362
-0.000588837 -0.0041518 -0.0321611
-0.00017369 0.00100284 -0.0350545
-0.00387374 0.00356741 -0.0214864
-0.00183845 0.000540861 -0.00485837
0.00193279 0.000541566 -0.00480432
-0.000998262 0.00414836 -0.0315267
0.00272767 0.00398578 -0.0251273
-0.0014296 0.000124142 -0.0118795
0.0037432 0.0013051 -0.00591699
0.00155052 -0.00183805 -0.00667505
0.0018763 -0.00564892 -0.0143113
0.000920761 0.00153946 -0.0114746
-0.000827082 0.00199516 -0.0116016
0.00170057 -0.00608402 -0.0161665
0.000124053 0.000424349 -0.035081
-0.00146554 -0.00228405 -0.0110441
-0.00487676 0.00244318 -0.0128519
-0.0023403 -0.00423722 -0.01249
-0.00452 0.0020634 -0.0119661
0.00429499 0.00184339 -0.0123325
-0.00170512 0.00402477 -0.0298119
0.00230644 0.00287362 -0.0161094
-0.000731044 -0.00321726 -0.0299959
0.00311822 0.00118302 -0.0115156
0.00113979 -7.074e-05 -0.0104445
7.19701e-05 0.00141274 -0.0354085
8.96594e-05 0.00219808 -0.035102
-0.000102918 0.00228296 -0.0350813
-8.74577e-05 0.00156105 -0.0353403
-0.000114906 0.0011972 -0.0353377
-0.000106618 0.000370295 -0.0352961
9.20182e-05 -9.64746e-05 -0.0353547
0.000110141 0.000928944 -0.035375
0.00020878 0.00127474 -0.0350488
-0.000186466 0.00153267 -0.0350433
0.000451557 0.00190887 -0.0130578
0.000393213 0.00111981 -0.00744781
-0.00035804 0.00107941 -0.00767684
-0.000505519 0.00218609 -0.0130744
-0.000653622 0.00123682 -0.00765831
0.000761103 0.000871091 -0.00768848
0.000155624 0.00298673 -0.0345594
0.000196347 0.00351045 -0.0340499
-0.000127985 0.00333191 -0.0343112
-0.000108703 0.00282293 -0.0348109
0.00026491 0.00261324 -0.03463
-0.000237035 0.00255455 -0.0347374
-0.000249795 0.00423905 -0.0328262
-0.000189222 0.00384134 -0.0335744
0.000205925 0.00380557 -0.0336116
0.000215401 0.00421576 -0.032883
-0.000340307 0.00358603 -0.0338017
0.000368265 0.00366401 -0.0335938
0.000276535 0.00449576 -0.0320681
0.000338163 0.00467734 -0.0311652
-0.000309196 0.00464845 -0.0311568
-0.000313075 0.00447716 -0.0320947
-0.000528362 0.00430317 -0.0323363
0.000517836 0.00431532 -0.0323237
0.000413898 0.00463805 -0.0300912
0.000504197 0.00454017 -0.0289121
-0.000459547 0.00460918 -0.0289347
-0.000348767 0.00466166 -0.030054
0.000726472 0.00456923 -0.0305157
-0.000714083 0.00454498 -0.030482
-0.000546352 0.00437181 -0.0261253
-0.000522585 0.00446059 -0.0276865
0.000531275 0.0044513 -0.0276785
0.000547508 0.00433245 -0.0261056
0.000976076 0.00445212 -0.0281204
-0.000964619 0.00452762 -0.0281361
0.000583242 0.00417082 -0.0243355
0.000548548 0.00390671 -0.0221188
-0.000575634 0.00387038 -0.0222789
-0.000588838 0.00413999 -0.024353
0.00112882 0.00418356 -0.0251336
-0.00118829 0.00418842 -0.0250803
-0.000542187 0.00290651 -0.0162794
-0.000488065 0.00347523 -0.0195687
0.000646869 0.0033976 -0.0193109
0.000570085 0.0028144 -0.0161598
0.00117306 0.00364695 -0.0204354
-0.00114406 0.00371867 -0.0207072
-0.000960124 0.00275067 -0.0150178
0.0011409 0.00244641 -0.0146948
-5.44719e-06 -0.00164308 -0.0353238
2.69704e-05 -0.00164996 -0.0353675
3.38451e-07 -0.00132828 -0.0352187
2.75834e-05 -0.00237056 -0.0350074
-5.75345e-05 -0.000527258 -0.0350112
-3.70961e-05 -0.00130018 -0.0345476
-0.000170111 0.000164441 -0.0346803
-7.31745e-05 -0.00240896 -0.0349312
5.55932e-06 -0.00149943 -0.0351456
-6.04907e-05 -0.00217242 -0.0341096
1.58137e-06 -0.00129964 -0.0347763
7.60288e-05 -0.000581698 -0.0351635
1.70188e-06 -0.00119997 -0.0341298
0.000115593 -5.76562e-05 -0.0348708
-0.0013128 0.00152548 -0.00810864
-0.00101139 0.00149309 -0.00825922
-0.00120703 0.00205076 -0.0120594
-0.00208221 0.00131736 -0.00781818
-0.00175082 0.00143982 -0.00795873
-0.00211204 0.00217222 -0.0123143
-0.00275702 0.00139867 -0.00711138
-0.00249034 0.00119671 -0.00729207
-0.00297103 0.00209891 -0.0115687
-0.00305462 0.00137953 -0.00647562
-0.0029386 0.00129119 -0.00677132
-0.00378961 0.00191059 -0.0107065
-0.00309988 0.00100494 -0.00564866
-0.00309425 0.0011906 -0.00591754
-0.00418612 0.00191091 -0.00967665
-0.00308432 0.00115386 -0.00503012
-0.00322714 0.00110898 -0.00535972
-0.00435989 0.00173866 -0.00865624
-0.00299398 0.000899994 -0.00456788
-0.00313059 0.0010336 -0.00481208
-0.00436157 0.00161977 -0.00793115
-0.00255387 0.000787243 -0.00404726
-0.00280538 0.000806634 -0.00417698
-0.00398228 0.00139721 -0.00722102
-0.00214276 0.0006494 -0.00394089
-0.00241687 0.000797667 -0.00413763
-0.00349078 0.00112299 -0.00688913
-0.00116476 0.000278606 -0.00293433
-0.00148019 0.000380683 -0.00298696
-0.00254927 0.000749421 -0.00582001
-0.000763542 8.86571e-05 -0.00381672
-0.00105267 0.000241883 -0.00378071
-0.00168693 0.000391837 -0.0056239
0.000129376 -0.000432263 -0.00396484
-0.000188714 -0.000221587 -0.00379537
-0.000640548 -0.000232588 -0.00644079
0.000767734 -0.000715621 -0.00428275
0.000523518 -0.000571623 -0.00406816
0.000520917 -0.000907738 -0.00673666
0.00101184 -0.00118148 -0.00460199
0.00103392 -0.00102165 -0.0042385
0.00131902 -0.00159518 -0.00695839
0.00111748 -0.00115529 -0.0043998
0.00107342 -0.00102848 -0.00436279
0.00155648 -0.00196947 -0.00687536
0.00147579 -0.00194083 -0.00650991
0.0015474 -0.00188532 -0.00616174
0.0018664 -0.00255108 -0.00819728
0.00084064 -0.00185827 -0.00617818
0.00115939 -0.00194167 -0.0065786
0.00202541 -0.00345302 -0.0100939
0.000975827 -0.00232202 -0.00675089
0.000668133 -0.00190256 -0.0064693
0.0016497 -0.00388061 -0.0103369
0.000354917 -0.00215131 -0.00715558
0.000826871 -0.00245873 -0.00715585
0.00117537 -0.00415045 -0.0106417
-9.5778e-05 -0.00251036 -0.00736281
0.000233708 -0.00220078 -0.00774236
0.000735433 -0.00403056 -0.0116368
-0.000216308 -0.00278296 -0.0076303
-0.000241392 -0.00229435 -0.00741428
-0.000115731 -0.00456766 -0.0119755
-0.000661442 -0.00230242 -0.00791332
-0.000494442 -0.00264642 -0.00747326
-0.000298022 -0.00475987 -0.0117863
-0.00120453 -0.00227726 -0.00702338
-0.000986128 -0.00224964 -0.00746204
-0.00113463 -0.00427298 -0.0119266
-0.00134131 -0.00195167 -0.00636567
-0.00130401 -0.00209566 -0.00656139
-0.00171845 -0.00396827 -0.0105349
-0.00123989 -0.00171587 -0.00553352
-0.0011997 -0.00176511 -0.00570985
-0.00182135 -0.00331857 -0.0094638
-0.00115172 -0.00128957 -0.0050724
-0.00118865 -0.001617 -0.00516414
-0.00186323 -0.00295534 -0.00853226
-0.000919415 -0.000951112 -0.00450169
-0.00104916 -0.00104108 -0.00483592
-0.00160654 -0.00208027 -0.00779262
-0.00045787 -0.000617112 -0.00411938
-0.000669897 -0.000843357 -0.00438011
-0.00115275 -0.00155652 -0.00709174
0.000250965 -0.000202323 -0.00376061
-0.000128738 -0.000362903 -0.00392991
-0.000469714 -0.000896616 -0.00658325
0.000989131 0.000134866 -0.00355842
0.000590998 -2.49389e-05 -0.00365782
0.000610944 -0.000236451 -0.00617327
0.00153675 0.000491657 -0.00297681
0.00127263 0.000268911 -0.0029234
0.00151477 0.000291573 -0.00541162
0.00234404 0.000739154 -0.00393064
0.00203198 0.000648401 -0.00382037
0.0025297 0.000825846 -0.00569633
0.00294598 0.00110215 -0.00445744
0.00266676 0.000931657 -0.00417757
0.0035766 0.00115717 -0.00684924
0.00263802 0.000735089 -0.00378515
0.00264255 0.000789125 -0.00371924
0.00396208 0.00139708 -0.0066251
0.00332868 0.000972517 -0.00588893
0.00330248 0.000996224 -0.00553652
0.00433182 0.00153029 -0.00761864
0.0030104 0.00119692 -0.00624711
0.00297962 0.000918974 -0.00576571
0.00451346 0.0016858 -0.0093427
0.00257409 0.00111163 -0.00598493
0.00267363 0.0011345 -0.00574094
0.00395889 0.00177379 -0.0093752
0.0025267 0.00160162 -0.00802868
0.00272971 0.00158454 -0.00772175
0.00360406 0.00208004 -0.0105831
0.00171839 0.0014916 -0.00767302
0.0020203 0.00138208 -0.00746454
0.00314827 0.00214715 -0.0119167
0.00108574 0.00121817 -0.00785064
0.00134601 0.00128821 -0.00768026
0.00222694 0.00201034 -0.0116386
0.00137268 0.0018316 -0.0116487
-0.000819602 0.0043369 -0.031596
-0.000698386 0.00411513 -0.0323626
-0.000558767 0.00381473 -0.0331274
-0.000443209 0.0032768 -0.0338548
-0.000829886 0.00386237 -0.0323985
0.00117919 -0.00211408 -0.00951997
0.00123454 -0.00235418 -0.0123373
0.000780049 -0.00158805 -0.00965996
0.00150283 -0.00259567 -0.0095598
0.000329261 -0.00122564 -0.00942132
0.000693896 0.00394131 -0.0324924
0.000836621 0.00429101 -0.0316605
0.000484975 0.00335934 -0.0336698
0.000539177 0.00368396 -0.0332015
0.000829238 0.00369185 -0.0324559
-0.00120063 -0.00180799 -0.0089783
-0.00139735 -0.00216932 -0.00925723
-0.000266931 -0.00110127 -0.00906727
-0.000751394 -0.00162168 -0.00929035
-0.00103791 -0.00207167 -0.0113424
0.00265555 0.000934867 -0.00817921
0.0021122 0.000657939 -0.00732738
0.00315708 0.00118622 -0.00909521
0.00264689 0.000925487 -0.0106737
0.00395753 0.00148239 -0.00912317
0.00349989 0.00127858 -0.00875721
0.0034719 0.00137338 -0.0111936
-0.00321104 0.00124915 -0.0102569
-0.00359941 0.00151855 -0.0129241
-0.0036356 0.00143425 -0.00960311
-0.0027886 0.00095077 -0.00823629
-0.00273368 0.00100895 -0.0116469
-0.00401428 0.00162341 -0.00974362
-0.00224313 0.000704885 -0.00726066
-0.000284291 -0.00628737 -0.0152337
-0.000522793 -0.00643238 -0.01533
-0.00033294 -0.00710957 -0.0184307
-0.000105403 -0.00626899 -0.0148184
0.000234825 -0.00598579 -0.0147599
0.00502956 0.00258508 -0.0124904
0.00508955 0.00268633 -0.0158802
0.00497618 0.00248597 -0.0128222
0.00477238 0.00247982 -0.0127527
0.00482265 0.0022936 -0.0134936
0.00468022 0.00202985 -0.0102787
0.00446191 0.00176205 -0.00870747
-0.00476278 0.00211985 -0.0107882
-0.00480752 0.00221508 -0.0111662
-0.00500005 0.00238443 -0.0133374
-0.0047075 0.0020776 -0.0106007
-0.00462214 0.00229003 -0.0110261
0.0021279 -0.00458572 -0.013095
0.00217381 -0.00465555 -0.0124312
0.00229811 -0.0054378 -0.0161889
0.00228928 -0.00433496 -0.0143441
0.00194465 -0.00348165 -0.0108262
0.00193279 -0.00467283 -0.012801
0.00174018 -0.00265837 -0.00930458
-0.00202627 -0.00352193 -0.0101702
-0.00213956 -0.0037911 -0.0107656
-0.00207524 -0.00409344 -0.011744
-0.00196476 -0.00438746 -0.0123516
-0.00230203 -0.00456809 -0.013442
-3.89937e-05 -0.00296455 -0.0347878
-8.99987e-05 -0.00309476 -0.034384
8.31932e-05 -0.00299628 -0.0345159
3.31894e-05 -0.00302136 -0.0347967
-2.18758e-05 -0.00367408 -0.0343374
-0.000125074 -0.00295815 -0.0339975
-0.000156872 -0.00268491 -0.0335634
-0.000156034 -0.00357434 -0.0338903
0.000132561 -0.00278264 -0.0341605
0.000175 -0.00359911 -0.0338372
4.31199e-05 -0.00203901 -0.0341998
0.000163652 -0.00266822 -0.0335188
-4.30663e-05 -0.00119776 -0.033812
0.000333739 -0.00403255 -0.0331322
0.000162642 -0.00421528 -0.0335485
0.000123086 -0.00477205 -0.033082
4.04342e-05 -0.00428191 -0.0337746
-7.20001e-05 -0.0042718 -0.0337597
0.00131504 0.00443252 -0.0284184
0.00146808 0.00434223 -0.0271344
0.00118088 0.00447603 -0.0295826
0.00165296 0.00435938 -0.0285288
0.0010124 0.00445923 -0.0306689
-0.00149122 0.00433831 -0.0271172
-0.00132082 0.00444929 -0.0284094
-0.00116527 0.00447153 -0.0295802
-0.00100937 0.00446614 -0.0306661
-0.00166131 0.0043474 -0.0285264
0.00043285 -0.00389464 -0.032489
0.00047151 -0.00449577 -0.0321769
0.000319658 -0.00320983 -0.0326106
0.000580364 -0.00360304 -0.0316189
0.000211604 -0.00241464 -0.0326503
0.000811036 -0.00482922 -0.0311065
0.000471335 -0.00506841 -0.0317624
0.000480561 -0.00550426 -0.031352
0.000252467 -0.00518559 -0.0322643
5.15481e-05 -0.00527728 -0.0324921
-3.52904e-06 -0.00134582 -0.0329403
8.03455e-05 -0.000681439 -0.0335588
0.000208937 2.77184e-05 -0.0337782
0.000331847 0.000833011 -0.0336244
0.000186497 0.000296389 -0.034506
0.00020983 -0.000142277 -0.0324856
0.000189858 0.000785309 -0.0347116
-0.000306798 -0.00334166 -0.0328076
-0.000244764 -0.00259539 -0.0328422
-0.000367981 -0.00267789 -0.0316342
-0.000163785 -0.00202369 -0.032496
-7.10268e-05 -0.00148502 -0.0317275
0.000700644 -0.00329636 -0.0305413
0.000822794 -0.00398379 -0.030481
0.00107136 -0.00459038 -0.0302934
0.00116319 -0.00515519 -0.0299365
0.00126984 -0.00428333 -0.0291079
0.000521025 -0.00263126 -0.0305487
0.000775612 -0.00304334 -0.0292307
0.000246306 -0.00226569 -0.0316228
0.000317676 -0.00198976 -0.0303783
7.54286e-05 -0.00178115 -0.0325145
0.000763787 -0.00587914 -0.0301365
0.000434881 -0.00591309 -0.0307645
0.0011139 -0.0056941 -0.0295129
0.000995463 -0.00618232 -0.0288424
0.00146427 -0.00545766 -0.0285661
0.000246361 -0.00636147 -0.0299533
0.000131993 -0.00590332 -0.03103
-0.000185601 -0.00596436 -0.0311242
-6.8747e-05 -0.00563049 -0.0318198
-0.000149944 -0.00521566 -0.0325288
-0.00349616 0.00265564 -0.014046
-0.00303565 0.00279357 -0.0145556
-0.00393852 0.00277081 -0.0143769
-0.00423624 0.00260556 -0.0137832
-0.00388216 0.00304506 -0.0168756
0.00409012 0.0026092 -0.0135768
0.0040007 0.00274964 -0.015755
0.00438763 0.00305333 -0.0168053
0.00420505 0.00236891 -0.012103
0.00345679 0.00274943 -0.0149037
0.00366907 0.00321639 -0.0180956
0.00295666 0.00273468 -0.0146685
0.000869425 -0.00276614 -0.0276085
0.00118806 -0.00338292 -0.0277509
0.00162217 -0.00371101 -0.0260632
0.00148235 -0.00398636 -0.0278046
0.00162784 -0.00468381 -0.0276021
0.000569521 -0.00207866 -0.027451
0.000901106 -0.00244996 -0.0257857
0.000280264 -0.00167566 -0.0288409
0.000212797 -0.00138882 -0.0271247
5.82227e-05 -0.00128467 -0.0301586
-0.00185545 0.000498375 -0.00798762
-0.00140101 0.000194856 -0.00922351
-0.00192993 0.000480494 -0.0107758
-0.000253117 -0.000771468 -0.00925628
-0.000909429 -0.000242335 -0.00926658
-0.000875747 -0.000314347 -0.0118969
0.00163375 0.000306887 -0.00795143
0.00170277 0.000236778 -0.0101234
0.00109022 1.26829e-05 -0.00832862
0.000718642 -0.000288483 -0.0088645
0.000229901 -0.00065949 -0.00899324
0.000676187 -0.000367678 -0.0110089
-0.00147023 -0.00562757 -0.0143788
-0.0017338 -0.00533416 -0.0139018
-0.00184886 -0.00640303 -0.0171428
-0.00106926 -0.00592232 -0.0147355
-0.00186592 -0.00491426 -0.0132173
0.00137247 -0.00533748 -0.0137364
0.00147488 -0.00504106 -0.0132787
0.00156384 -0.00493836 -0.0123194
0.00181105 -0.00467048 -0.0122036
0.00185098 -0.00580669 -0.0151222
0.00045251 -0.00682034 -0.0285635
2.95337e-06 -0.00683875 -0.0289119
0.00132218 -0.00647808 -0.0273948
0.000899329 -0.00666883 -0.028105
0.000713767 -0.00715174 -0.0270581
-0.00037675 -0.00626009 -0.03013
-0.000436182 -0.00582185 -0.0309832
-0.000385419 -0.00672478 -0.0290347
-0.000777117 -0.00652714 -0.0288736
-0.000275518 -0.00721386 -0.0276637
-0.000295622 0.000515689 -0.0340319
-0.000460126 0.00102474 -0.0331566
-0.000279241 5.01691e-05 -0.0334466
-0.000289549 0.00120265 -0.0344809
-0.000128488 -0.000566659 -0.0334923
-4.49961e-05 -0.00131428 -0.0330276
-0.000299938 -5.25291e-05 -0.0325525
0.00168387 -0.00641287 -0.0264521
0.00149135 -0.00684781 -0.0256256
0.00171555 -0.00521943 -0.0274281
0.00168435 -0.0058473 -0.02696
0.00194835 -0.00621316 -0.0251809
0.000841707 -0.00213694 -0.0238236
0.00127957 -0.00275649 -0.0240524
0.00169941 -0.00338732 -0.0241265
0.00196523 -0.00406989 -0.0241386
0.00160838 -0.00311697 -0.0220343
-0.000189601 -0.000766371 -0.026808
4.40192e-05 -0.00112054 -0.0251623
-0.00021634 -0.000873525 -0.0230649
0.000314992 -0.00149209 -0.0234735
0.000630695 -0.00184344 -0.0215474
-0.000400415 -0.000347011 -0.0282438
-0.000639077 -0.000152449 -0.0263479
-0.00024053 -0.000593275 -0.0297599
-0.000522682 8.10528e-05 -0.0294438
-0.000148224 -0.000887885 -0.0311801
-0.00110363 0.000471771 -0.0257951
-0.000951068 7.00579e-05 -0.0241322
-0.00129171 0.000303724 -0.0220538
-0.000738975 -0.000298528 -0.0226625
-0.000509894 -0.00062791 -0.0207631
-0.00120061 0.000859852 -0.0272315
-0.00162513 0.00103709 -0.0252229
-0.000867326 0.000693232 -0.0289724
-0.00125518 0.00125791 -0.028442
-0.000631196 0.000470307 -0.0305119
-0.00216884 0.00154878 -0.0246748
-0.00210728 0.00117717 -0.023108
-0.00255246 0.00132172 -0.0208024
-0.00195865 0.00082127 -0.0214134
-0.00175393 0.000497253 -0.019691
-0.00218122 0.00186391 -0.0260621
-0.00266399 0.00193947 -0.0239813
-0.00171448 0.00179392 -0.0279128
-0.00212408 0.0022612 -0.0272571
-0.00131354 0.00168403 -0.0295954
-0.00312587 0.00227198 -0.0232837
-0.00316482 0.00197924 -0.0218089
-0.00314167 0.00171931 -0.020152
-0.00299745 0.00142431 -0.0183299
-0.00366762 0.00197795 -0.0194028
-0.00200725 0.00261552 -0.0283021
-0.00253391 0.00264822 -0.0264966
-0.00299061 0.00298004 -0.025766
-0.00310043 0.00262628 -0.0246
-0.00361632 0.00261192 -0.0225445
-0.00154814 0.0026095 -0.0298592
-0.00185626 0.0029849 -0.0292127
-0.00124815 0.00213047 -0.0305461
-0.00116371 0.00251563 -0.0312447
-0.000951948 0.00152743 -0.0310312
-0.00284207 0.00330873 -0.0267916
-0.00340184 0.00318451 -0.0250288
-0.00231644 0.00336249 -0.0282941
-0.00265028 0.00359907 -0.0275451
-0.00178654 0.00335236 -0.0298147
0.00156471 0.00424417 -0.0257102
0.00162939 0.00410905 -0.0238849
0.00221443 0.00389019 -0.022684
0.00171345 0.00391121 -0.0218705
0.00176637 0.0032147 -0.0191245
-0.00171516 0.00398958 -0.0238086
-0.00166961 0.00422579 -0.0255591
-0.00178603 0.00374459 -0.021206
-0.00235793 0.00384294 -0.0219903
-0.00181349 0.00340202 -0.0184571
-0.00371742 0.00336111 -0.0241302
-0.00395258 0.00311945 -0.0229212
-0.00448145 0.00300955 -0.0207088
-0.00407445 0.00288579 -0.0216466
-0.00415343 0.00258129 -0.0201843
-0.00339963 0.00359938 -0.0250912
-0.00395453 0.00348184 -0.0230798
-0.00282028 0.00373448 -0.0268986
-0.00302745 0.00385963 -0.0259442
-0.00231901 0.00384023 -0.028282
-0.000717412 -0.00569558 -0.030626
-0.000512308 -0.0054247 -0.0315553
-0.000449503 -0.00482034 -0.0322197
-0.000306676 -0.00502523 -0.0325357
-0.000149462 -0.00465108 -0.0332201
-0.000980499 -0.00587005 -0.0294861
-0.000949798 -0.0053829 -0.0301321
-0.00107417 -0.00636393 -0.0284811
-0.00147384 -0.00611217 -0.0278384
-0.001068 -0.00693737 -0.0273123
-0.00117401 -0.00501706 -0.0294359
-0.000838281 -0.00482613 -0.0306707
-0.000638224 -0.00468052 -0.031693
-0.000433593 -0.00432674 -0.0326593
-0.00077314 -0.00429984 -0.0311529
-0.00181992 -0.00634187 -0.025951
-0.00174007 -0.00581835 -0.0269822
-0.00200896 -0.00538494 -0.0259693
-0.00158228 -0.00523211 -0.0279049
-0.00140807 -0.00459348 -0.0286118
-6.70876e-06 -0.00756629 -0.0258761
-0.000601933 -0.00752555 -0.0260566
0.00106462 -0.00739847 -0.0251105
0.00050792 -0.00757297 -0.0254418
0.000303259 -0.00787099 -0.0236914
-0.00172868 -0.00679079 -0.024629
-0.00207075 -0.00641525 -0.0237658
-0.00146855 -0.00716422 -0.0254179
-0.00157353 -0.00725722 -0.0229951
-0.00102295 -0.00745905 -0.0259453
-0.00231666 -0.00555352 -0.0238651
-0.00213613 -0.00494837 -0.0248027
-0.00236787 -0.00599774 -0.0228316
-0.00252097 -0.00558832 -0.0214375
-0.00217969 -0.00633264 -0.0212424
-0.0021907 -0.00454538 -0.0233723
-0.00190714 -0.0043833 -0.025576
-0.00156153 -0.00379786 -0.0261962
-0.00153229 -0.00426394 -0.027468
-0.00116779 -0.00402914 -0.0291605
-0.00229695 -0.0046287 -0.0207956
-0.00206193 -0.0040591 -0.0217826
-0.00239469 -0.00505523 -0.019962
-0.00242502 -0.00451343 -0.0182862
-0.00243837 -0.00542015 -0.0185759
-0.00153376 -0.00332576 -0.024744
-0.00123019 -0.00319289 -0.0268022
-0.00173907 -0.00345692 -0.0225484
-0.00138333 -0.00286336 -0.0231766
-0.00189598 -0.00352964 -0.0199941
0.000346444 -0.00149104 -0.0191191
0.000912403 -0.00213763 -0.0195021
-0.000893208 -0.000286155 -0.0183679
-0.000252284 -0.000840749 -0.0188206
-4.38466e-05 -0.00108738 -0.016598
-0.00411261 0.00352011 -0.0219544
-0.00440544 0.00329814 -0.0208211
-0.00462348 0.00313394 -0.0197734
-0.00473156 0.00294306 -0.0183583
-0.00465397 0.00308638 -0.0184791
-0.00275477 0.00406911 -0.0261898
-0.00334489 0.00388953 -0.0243551
-0.00347053 0.00379616 -0.0231263
-0.00379359 0.00369534 -0.0228088
-0.00419957 0.00343585 -0.0205728
-0.000889966 -0.00255435 -0.0271138
-0.000951574 -0.00305142 -0.0284312
-0.000667262 -0.00285158 -0.0294172
-0.00100882 -0.00341292 -0.0291479
-0.000929289 -0.00380221 -0.030068
-0.00112134 -0.00234095 -0.0213456
-0.000891096 -0.00222624 -0.023689
-0.000435232 -0.00158993 -0.0241509
-0.000726164 -0.00205706 -0.0258161
-0.000506914 -0.00193299 -0.0275371
-0.00117681 -0.00237613 -0.0188783
-0.000665619 -0.00183016 -0.0194691
-0.00157558 -0.00290612 -0.0182321
-0.00113582 -0.00235496 -0.0162427
-0.00194053 -0.00344354 -0.0173387
-6.79821e-05 -0.00115458 -0.0224656
2.04438e-05 -0.0010036 -0.0246628
-0.000141424 -0.00125334 -0.0201513
0.000357066 -0.000679204 -0.0207598
-0.000194628 -0.00132034 -0.0176435
0.000480747 -0.000421858 -0.0249494
0.000142491 -0.00087648 -0.0265182
0.000245922 -0.000694421 -0.0281387
-0.000129257 -0.00136888 -0.0278951
-0.000320067 -0.00178829 -0.0290726
0.000942204 -1.14002e-05 -0.0233312
0.000944581 0.00014323 -0.0252092
0.000931468 -0.000173267 -0.0210899
0.0014839 0.000430194 -0.0214172
0.000924449 -0.000257271 -0.0187621
0.0013417 0.000700628 -0.0256052
0.000923903 0.000333785 -0.0271203
0.000837592 0.000557467 -0.0289683
0.000570348 -9.81242e-06 -0.0286676
0.000274402 -0.000543019 -0.0298962
0.00186249 0.00105998 -0.0238623
0.00169673 0.00123096 -0.0258208
0.00194584 0.000941293 -0.021733
0.00241547 0.00138135 -0.0221019
0.00203491 0.000753607 -0.0194667
0.00206638 0.00178258 -0.0261013
0.00153696 0.00147269 -0.0276522
0.00135837 0.00175416 -0.0292289
0.00106467 0.00113892 -0.0291796
0.000783058 0.000749014 -0.0304009
0.00261169 0.00204091 -0.0244075
0.00234704 0.00226842 -0.0262498
0.00281689 0.00184463 -0.0223887
0.00321418 0.00220877 -0.0225265
0.00303222 0.00161875 -0.0201453
0.00262594 0.0026299 -0.0261791
0.00208006 0.00248714 -0.0278382
0.00176469 0.00274108 -0.0291762
0.00158888 0.00230514 -0.0292257
0.00120163 0.00194768 -0.0305212
0.00321043 0.00278948 -0.0243951
0.00289087 0.0030138 -0.0260935
0.00356303 0.00256161 -0.0226052
0.00385319 0.00287119 -0.0225522
0.00381953 0.00233068 -0.0205476
0.00303729 0.00332268 -0.0259893
0.00246973 0.00326073 -0.0276002
0.00194682 0.00319164 -0.0290399
0.0015439 0.00300428 -0.0303475
0.0020865 0.00348507 -0.0289466
0.00363122 0.00333026 -0.0242083
0.00315879 0.00359045 -0.0258504
0.00406383 0.00309871 -0.0225472
0.00416176 0.00328155 -0.02241
0.00435884 0.00291877 -0.0206144
0.00129349 0.00324252 -0.0313427
0.00120329 0.00279219 -0.0314405
0.00103976 0.00220951 -0.0316183
0.000835583 0.0016194 -0.0316596
0.000901709 0.00244757 -0.0324871
0.000334801 0.00219885 -0.0346304
0.000448656 0.00288174 -0.0340987
0.000318424 0.00157195 -0.0347218
0.000448049 0.00190378 -0.0341359
0.0031433 0.0014347 -0.0176225
0.0036232 0.00181198 -0.0179436
0.00408605 0.00189499 -0.015782
0.00399446 0.00211323 -0.0184526
0.00432772 0.00238795 -0.0185603
0.00312725 0.00377299 -0.0256421
0.00261874 0.00381922 -0.0272707
0.00220473 0.00399995 -0.0282897
0.00218986 0.0037452 -0.0285414
0.00173895 0.00366757 -0.0298992
0.00456288 0.00328894 -0.0202427
0.0041958 0.00343316 -0.0221462
0.00412169 0.00355081 -0.0216913
0.00366826 0.00365416 -0.0237327
0.00306093 0.00388019 -0.0252648
0.00203392 0.000567668 -0.0171119
0.00259455 0.0010179 -0.0175051
0.000900083 -0.000339128 -0.0162357
0.00142306 0.000189382 -0.0166625
0.00196463 0.000501423 -0.0145419
-0.00337914 0.00149063 -0.0156611
-0.00279402 0.00114248 -0.016373
-0.00252413 0.000897537 -0.0144408
-0.00215971 0.000773 -0.0171953
-0.00151016 0.000211116 -0.017883
-0.0038317 0.00185542 -0.0151118
-0.00408382 0.00197464 -0.017089
-0.00425599 0.00201157 -0.0144482
-0.00414895 0.00226118 -0.0188424
-0.00087871 0.00236921 -0.0323537
-0.00109056 0.00288674 -0.0318106
-0.00102902 0.00328034 -0.032073
-0.00136528 0.00330769 -0.0310531
-0.00165052 0.00367812 -0.0302193
-0.000353173 0.0027537 -0.0343365
-0.000305183 0.00225168 -0.0346171
-0.000288336 0.00177663 -0.0346755
-0.000668836 0.00172789 -0.0329022
-0.000631125 0.00220566 -0.0333326
-0.000691976 0.00128535 -0.0321738
-0.000649905 0.000855721 -0.0313562
0.00480513 0.00308619 -0.0182094
0.00489038 0.00310046 -0.0179476
0.00467773 0.00290538 -0.0182877
0.00460645 0.00265158 -0.0183867
0.000692187 0.00100324 -0.0316662
0.000490951 0.00033716 -0.0315724
0.000268535 -0.000370568 -0.0312918
3.37378e-05 -0.00104077 -0.0309038
0.00224682 -0.00436564 -0.022065
0.00214912 -0.00465988 -0.0241128
0.00218439 -0.00529272 -0.0239628
0.00196378 -0.00496439 -0.0259592
0.00218609 -0.00403689 -0.019891
0.00237573 -0.00458566 -0.0197564
0.00183873 -0.00339859 -0.019981
0.00200545 -0.003597 -0.0175229
0.00140875 -0.00277776 -0.0198282
0.00232974 -0.00461671 -0.0170464
0.00246936 -0.00511212 -0.0194194
0.00243703 -0.00563067 -0.0189264
0.0024748 -0.005511 -0.0217946
0.00222077 -0.0058877 -0.0237008
0.00168029 -0.00299823 -0.0150186
0.00189213 -0.00356744 -0.0148065
0.00215042 -0.00387195 -0.0146636
0.00185548 -0.00327776 -0.0119698
0.00124582 -0.00237338 -0.0150238
0.00112162 -0.00232828 -0.0172253
0.000773272 -0.0017952 -0.0146559
0.00439031 0.00330016 -0.0193781
0.00390467 0.0035522 -0.0211476
0.00479087 0.00283401 -0.0152531
0.00468779 0.00306263 -0.01757
0.00318008 0.0038307 -0.0242781
0.0026536 0.00404795 -0.0260803
0.00363868 0.00345812 -0.0204131
0.00342756 0.00369101 -0.0227173
0.00298088 0.00384473 -0.0236511
-0.00492556 0.00266253 -0.0154767
-0.00482589 0.00261501 -0.0165835
-0.00458398 0.00253722 -0.0178417
-0.0047525 0.00233168 -0.0151956
-0.00224007 0.00416446 -0.02752
-0.00243354 0.00412381 -0.0260508
-0.00193459 0.00386202 -0.0294116
-0.00207282 0.00401837 -0.0287326
-0.00194226 0.00415925 -0.0286968
-0.00158071 0.00421417 -0.0297537
-0.00262233 0.00404107 -0.0244313
-0.0027729 0.00387965 -0.0227759
-0.00319228 0.00383783 -0.022935
-0.00207026 0.00421868 -0.025891
-0.00362359 0.00363673 -0.0213407
-0.00471155 0.003021 -0.0172371
-0.00483401 0.00284812 -0.0160697
-0.0043888 0.00315641 -0.018384
-0.00451829 0.00293392 -0.0157545
-0.00409789 0.00333257 -0.0192966
-0.000150134 -0.00410252 -0.0336761
-0.000276235 -0.00399144 -0.033296
-0.00108997 -0.00229417 -0.0136374
-0.000726652 -0.00181468 -0.0144298
-0.000208992 -0.00125359 -0.0143226
0.000350831 -0.000781044 -0.0150637
-0.000228233 -0.0011812 -0.0116983
-0.00132096 -0.00738496 -0.0208519
-0.00180349 -0.00689944 -0.0200821
-0.00208554 -0.0065317 -0.0194182
-0.00237748 -0.00603772 -0.0185041
-0.000969178 -0.00764274 -0.021366
-0.00116071 -0.00715562 -0.0182465
-0.000788898 -0.00782436 -0.0240842
-0.000479922 -0.00771902 -0.021325
-0.000410158 0.000175344 -0.0316873
-2.84223e-05 -0.00111144 -0.0320578
-0.000248457 -0.000427406 -0.0318063
-0.00217627 0.00287677 -0.016242
-0.00271295 0.00302185 -0.0159616
-0.00146843 0.00271249 -0.0154022
0.00163454 0.00255066 -0.0147558
0.00183005 0.00287211 -0.0167902
0.00205528 0.0024826 -0.0140302
0.00252193 0.00252636 -0.0138802
-0.000753937 0.00314937 -0.0329799
-0.000926808 0.00359348 -0.0323133
-0.000434583 0.00198164 -0.0340172
-0.000606767 0.00262762 -0.0335433
-0.000548391 0.00299477 -0.033677
-0.00220486 -0.00377871 -0.0164276
-0.00190363 -0.0031558 -0.0146121
-0.00174909 -0.00285729 -0.0122727
-0.00148401 -0.00261355 -0.0133266
-0.00145931 0.00389086 -0.0306532
-0.00115852 0.0039048 -0.0315171
-0.00132219 0.00411098 -0.0307295
0.00447279 0.00242373 -0.0122391
0.00464454 0.00240233 -0.0160681
0.0045713 0.0021758 -0.0137543
0.00433943 0.0020409 -0.01432
0.00449162 0.00197701 -0.0117329
0.00434567 0.00172516 -0.00914224
0.00424909 0.00162103 -0.00986813
-0.00217266 0.00066501 -0.0125952
-0.00163596 0.00030859 -0.0136163
-0.00129773 -1.25385e-05 -0.0157526
-0.00105074 -0.000165703 -0.0141146
-0.00429285 0.00190716 -0.0121393
-0.00425214 0.00169356 -0.00948273
-0.00454721 0.00217131 -0.0143392
0.00232728 -0.00590889 -0.018563
0.00226121 -0.00611863 -0.0180352
0.00228414 -0.0065161 -0.0208176
0.00212616 -0.00678446 -0.0225874
0.00223793 -0.0064201 -0.0230671
0.00202323 -0.00559186 -0.0152389
0.00206766 -0.0062344 -0.0172415
0.00182332 -0.00709373 -0.0212603
0.00177551 -0.00709209 -0.0234299
0.00191356 -0.00656166 -0.0181097
0.00162395 -0.00692374 -0.0190517
0.00183664 -0.0027331 -0.00938874
-8.01062e-05 -0.00777228 -0.0211719
-0.00211202 -0.00533864 -0.0154374
-0.00241721 -0.00553004 -0.0172919
0.00316401 0.0012078 -0.015167
0.00404897 0.00173558 -0.0138352
0.00286773 0.00101263 -0.0133208
0.00346325 0.00135562 -0.0134151
0.0038 0.00155876 -0.0131416
0.00407354 0.00165224 -0.0116174
0.00134867 -0.00729991 -0.0243205
0.00110778 -0.00762435 -0.0225838
0.000418535 -0.00763743 -0.0208302
0.00083109 -0.00733687 -0.0201374
0.000446588 -0.00674911 -0.0175275
0.00117344 -0.0072027 -0.0193021
-0.000379541 -0.00385783 -0.0327775
-0.000489275 -0.00370265 -0.0321074
-0.00055652 -0.00323366 -0.0310261
-0.000491701 -0.00269738 -0.0306005
-0.000729315 -0.00377457 -0.0310756
-0.000407106 -0.00233363 -0.030005
-0.000168349 -0.00161344 -0.030369
-0.00215026 -0.00421864 -0.0152749
-0.00161242 -0.00268987 -0.0103917
-0.00180164 -0.00319313 -0.0106594
-0.00212175 -0.00387147 -0.0129065
-0.00229279 -0.00462802 -0.0147811
-0.00236259 -0.00500451 -0.015748
0.000864336 -0.000336536 -0.0127728
0.00185394 0.00034278 -0.0119614
0.00243805 0.00074262 -0.0125091
0.00128948 7.52229e-06 -0.0122729
-0.00482083 0.00262184 -0.0137415
-0.00501913 0.00264015 -0.0152178
-0.00448837 0.00245452 -0.0125694
-0.00464285 0.00237607 -0.0119518
0.00199912 0.00419238 -0.0260371
0.00199663 0.0041941 -0.0284163
0.00223038 0.00418362 -0.0272149
0.00227227 0.00416042 -0.0262796
0.00242916 0.00406018 -0.0248338
0.00166454 0.00416788 -0.0295955
0.00125542 0.00416587 -0.0307335
0.00139832 0.00393447 -0.0306613
-0.00291028 0.00352718 -0.0202441
-0.00293085 0.00328039 -0.017975
-0.00348912 0.00326923 -0.0190846
-0.00385148 0.0033318 -0.0190447
0.00322478 0.00345353 -0.0198464
0.00277415 0.00339087 -0.0190229
0.00275352 0.00365101 -0.0213542
0.00274519 0.00311281 -0.0167748
0.00239301 0.00316514 -0.0185191
-0.00447577 0.00192149 -0.00990518
-0.0047688 0.00223087 -0.012881
0.000199492 -0.00131059 -0.0120447
0.000108885 -0.00121374 -0.0144457
-0.000504153 -0.000626457 -0.0141458
-0.00120865 0.00430769 -0.0306358
0.00105845 -0.00556006 -0.0141978
0.000500429 -0.00569754 -0.0144665
0.00136801 -0.00647701 -0.0167443
0.00059095 0.00297323 -0.0336134
0.000463148 0.00152123 -0.0335326
0.000669345 0.00218251 -0.0333474
0.000716268 0.00275815 -0.0332086
0.000834717 0.00318518 -0.0327981
0.00131677 0.00368499 -0.0310527
0.001009 0.00348294 -0.0320778
0.000567338 0.0011541 -0.0327527
0.00263041 0.00392277 -0.023278
-0.000118484 0.000141123 -0.00183094
2.63785e-05 0.000132176 -0.00170421
-0.00019623 6.55072e-05 -0.00179377
0.000305575 7.23598e-05 -0.00182585
-0.000445325 8.86414e-05 -0.00172099
-0.000363821 0.000149144 -0.00184929
-0.000571502 8.73039e-05 -0.00148799
-0.000550902 0.000141086 -0.00167863
-0.000807584 7.53322e-05 -0.00148341
-0.000707355 0.000126343 -0.00155102
-0.000911533 0.000116637 -0.00128713
-0.000914874 0.00014076 -0.0013943
-0.00089375 0.000145592 -0.00124204
-0.000868978 0.000113455 -0.00100461
-0.000911867 8.18076e-05 -0.00107467
-0.000768961 0.000109744 -0.000679866
-0.000908973 0.000130645 -0.000671163
-0.0010053 4.72024e-05 -0.000875147
-0.000757143 0.000104973 -0.000689914
-0.00069298 8.18153e-05 -0.0005494
-0.000770651 5.89206e-05 -0.000613437
-0.000325681 1.86383e-05 -0.000490601
-0.000438823 4.9994e-05 -0.000481712
-0.000568206 2.68975e-05 -0.000481997
-8.13824e-05 -7.2631e-06 -0.000558682
-0.000166465 1.94883e-05 -0.000478872
-4.1917e-06 -7.98887e-06 -0.000571971
0.000249269 -6.89004e-05 -0.000819231
0.000132695 -4.99953e-05 -0.00071346
0.000406832 -8.85523e-05 -0.00099718
0.000266247 -0.000130806 -0.000819681
0.000438701 -0.000123255 -0.0012205
0.000439067 -0.000139252 -0.00132152
0.000497192 -0.00015552 -0.00158149
0.000384768 -0.000203693 -0.00124609
0.000515557 -0.00017593 -0.00173228
0.000455481 -0.000209393 -0.00146995
0.000314966 -0.000256465 -0.00215556
0.000464206 -0.000216229 -0.00189627
0.000300635 -0.000207548 -0.00146383
-0.000124869 -0.000207993 -0.00184939
-4.78995e-06 -0.000139771 -0.00234855
7.17104e-05 -0.000241027 -0.00175685
0.000181621 -0.000188516 -0.00242341
-8.16068e-05 -0.000300369 -0.00172117
4.91278e-05 -0.000201175 -0.0021588
-0.000438566 -0.000216353 -0.00206692
-0.000469816 -0.000167226 -0.0020942
-0.000370431 -0.000206175 -0.00191996
-0.000592237 -0.000178909 -0.00184337
-0.000518864 -0.000192486 -0.0018911
-0.000534721 -0.000163953 -0.00157739
-0.000498139 -0.000172932 -0.00163966
-0.000503718 -0.00016894 -0.00137408
-0.000503667 -0.000164019 -0.00114739
-0.000454766 -9.14068e-05 -0.00104848
-0.000369567 -0.000159609 -0.00104517
-0.000271723 -8.01949e-05 -0.000788494
-0.000397953 -9.10822e-05 -0.000950672
-8.07534e-05 -2.59348e-05 -0.000597157
-0.000146836 -8.69687e-05 -0.000686888
0.00030193 3.01284e-05 -0.000481925
0.000195967 2.86742e-05 -0.000466797
6.85254e-05 -1.25481e-05 -0.000522006
0.000546968 5.53743e-05 -0.000521377
0.000463764 7.71253e-05 -0.000481105
0.000637924 8.24148e-05 -0.000519861
0.000851371 9.00181e-05 -0.000741003
0.000845173 0.000124174 -0.000733333
0.000781991 4.32436e-05 -0.00058194
0.000863108 0.000117762 -0.000775928
0.000869273 9.77427e-05 -0.000898817
0.000792022 8.52245e-05 -0.000797564
0.000921631 8.42696e-05 -0.00128802
0.000925767 0.000130522 -0.00116238
0.000872864 5.03419e-05 -0.000975747
0.000834812 0.000116471 -0.00148898
0.000864662 0.000150601 -0.00145268
0.000825861 0.000156125 -0.00159038
0.000460213 8.98316e-05 -0.00177363
0.000495482 0.000140986 -0.00175966
0.000671603 7.92351e-05 -0.00167817
0.000298388 0.000124411 -0.0017478
0 0 0
0 0 0
0 0 0
0 0 0
0 0 0
0 0 0
0 0 0
0 0 0
0 0 0
0 0 0
0 0 0
0 0 0
0 0 0
0 0 0
0 0 0
0 0 0
0 0 0
0 0 0
0 0 0
0 0 0
0 0 0
0 0 0
0 0 0
0 0 0
0 0 0
0 0 0
0 0 0
0 0 0
0 0 0
0 0 0
0 0 0
0 0 0
0 0 0
0 0 0
0 0 0
0 0 0
0 0 0
0 0 0
0 0 0
0 0 0
0 0 0
0 0 0
0 0 0
0 0 0
0 0 0
0 0 0
0 0 0
0 0 0
0 0 0
0 0 0
0 0 0
0 0 0
0 0 0
0 0 0
0 0 0
0 0 0
0 0 0
0 0 0
0 0 0
0 0 0
0 0 0
0 0 0
0 0 0
0 0 0
0 0 0
0 0 0
0 0 0
0 0 0
0 0 0
0 0 0
0 0 0
0 0 0
0 0 0
0 0 0
0 0 0
0 0 0
0 0 0
0 0 0
0 0 0
0 0 0
0 0 0
0 0 0
0 0 0
0 0 0
0 0 0
0 0 0
0 0 0
0 0 0
0 0 0
0 0 0
0 0 0
0 0 0
0 0 0
0 0 0
0 0 0
0 0 0
0 0 0
0 0 0
0 0 0
0 0 0
0 0 0
0 0 0
0 0 0
0 0 0
0 0 0
0 0 0
0 0 0
0 0 0
0 0 0
0 0 0
0 0 0
0 0 0
0 0 0
0 0 0
0 0 0
0 0 0
0 0 0
0 0 0
0 0 0
0 0 0
0 0 0
0 0 0
0 0 0
0 0 0
0 0 0
0 0 0
0 0 0
0 0 0
0 0 0
0 0 0
0 0 0
0 0 0
0 0 0
0 0 0
0 0 0
0 0 0
0 0 0
0 0 0
0 0 0
0 0 0
0 0 0
0 0 0
0 0 0
0 0 0
0 0 0
0 0 0
0 0 0
0 0 0
0 0 0
0 0 0
0 0 0
0 0 0
0 0 0
0 0 0
0 0 0
0 0 0
0 0 0
0 0 0
0 0 0
0 0 0
0 0 0
0 0 0
0 0 0
0 0 0
0 0 0
0 0 0
0 0 0
0 0 0
0 0 0
0 0 0
0 0 0
0 0 0
0 0 0
0 0 0
0 0 0
0 0 0
0 0 0
0 0 0
0 0 0
0 0 0
0 0 0
0 0 0
0 0 0
0 0 0
0 0 0
0 0 0
0 0 0
0 0 0
0 0 0
0 0 0
0 0 0
0 0 0
0 0 0
0 0 0
0 0 0
0 0 0
0 0 0
0 0 0
0 0 0
0 0 0
0 0 0
0 0 0
0 0 0
0 0 0
0 0 0
0 0 0
0 0 0
0 0 0
0 0 0
0 0 0
0 0 0
0 0 0
0 0 0
0 0 0
0 0 0
0 0 0
0 0 0
0 0 0
0 0 0
0 0 0
0 0 0
0 0 0
0 0 0
0 0 0
0 0 0
0 0 0
0 0 0
0 0 0
0 0 0
0 0 0
0 0 0
0 0 0
0 0 0
0 0 0
0 0 0
0 0 0
0 0 0
0 0 0
0 0 0
0 0 0
0 0 0
0 0 0
0 0 0
0 0 0
0 0 0
0 0 0
0 0 0
0 0 0
0 0 0
0 0 0
0 0 0
0 0 0
0 0 0
0 0 0
0 0 0
0 0 0
0 0 0
0 0 0
0 0 0
0 0 0
0 0 0
0 0 0
0 0 0
0 0 0
0 0 0
0 0 0
0 0 0
0 0 0
0 0 0
0 0 0
0 0 0
0 0 0
0 0 0
0 0 0
0 0 0
0 0 0
0 0 0
0 0 0
0 0 0
0 0 0
0 0 0
0 0 0
0 0 0
0 0 0
0 0 0
0 0 0
0 0 0
0 0 0
0 0 0
0 0 0
0 0 0
0 0 0
0 0 0
0 0 0
0 0 0
0 0 0
0 0 0
0 0 0
0 0 0
0 0 0
0 0 0
0 0 0
0 0 0
0 0 0
0 0 0
0 0 0
0 0 0
0 0 0
0 0 0
0 0 0
0 0 0
0 0 0
0 0 0
0 0 0
0 0 0
0 0 0
0 0 0
0 0 0
0 0 0
0 0 0
0 0 0
0 0 0
0 0 0
0 0 0
0 0 0
0 0 0
0 0 0
0 0 0
0 0 0
0 0 0
0 0 0
0 0 0
0 0 0
0 0 0
0 0 0
0 0 0
0 0 0
0 0 0
0 0 0
0 0 0
0 0 0
0 0 0
0 0 0
0 0 0
0 0 0
0 0 0
0 0 0
0 0 0
0 0 0
0 0 0
0 0 0
0 0 0
0 0 0
0 0 0
0 0 0
0 0 0
0 0 0
0 0 0
0 0 0
0 0 0
0 0 0
0 0 0
0 0 0
0 0 0
0 0 0
0 0 0
0 0 0
0 0 0
0 0 0
0 0 0
0 0 0
0 0 0
0 0 0
0 0 0
0 0 0
0 0 0
0 0 0
0 0 0
0 0 0
0 0 0
0 0 0
0 0 0
0 0 0
0 0 0
0 0 0
0 0 0
0 0 0
0 0 0
0 0 0
0 0 0
0 0 0
0 0 0
0 0 0
0 0 0
0 0 0
0 0 0
0 0 0
0 0 0
0 0 0
0 0 0
0 0 0
0 0 0
0 0 0
0 0 0
0 0 0
0 0 0
0 0 0
0 0 0
0 0 0
0 0 0
0 0 0
0 0 0
0 0 0
0 0 0
0 0 0
0 0 0
0 0 0
0 0 0
0 0 0
0 0 0
0 0 0
0 0 0
0 0 0
0 0 0
0 0 0
0 0 0
0 0 0
0 0 0
0 0 0
0 0 0
0 0 0
0 0 0
0 0 0
0 0 0
0 0 0
0 0 0
0 0 0
0 0 0
0 0 0
0 0 0
0 0 0
0 0 0
0 0 0
0 0 0
0 0 0
0 0 0
0 0 0
0 0 0
0 0 0
0 0 0
0 0 0
0 0 0
0 0 0
0 0 0
0 0 0
0 0 0
0 0 0
0 0 0
0 0 0
0 0 0
0 0 0
0 0 0
0 0 0
0 0 0
0 0 0
0 0 0
0 0 0
0 0 0
0 0 0
0 0 0
0 0 0
0 0 0
0 0 0
0 0 0
0 0 0
0 0 0
0 0 0
0 0 0
0 0 0
0 0 0
0 0 0
0 0 0
0 0 0
0 0 0
0 0 0
0 0 0
0 0 0
0 0 0
0 0 0
0 0 0
0 0 0
0 0 0
0 0 0
0 0 0
0 0 0
0 0 0
0 0 0
0 0 0
0 0 0
0 0 0
0 0 0
0 0 0
0 0 0
0 0 0
0 0 0
0 0 0
0 0 0
0 0 0
0 0 0
0 0 0
0 0 0
0 0 0
0 0 0
0 0 0
0 0 0
0 0 0
0 0 0
0 0 0
0 0 0
0 0 0
0 0 0
0 0 0
0 0 0
0 0 0
0 0 0
0 0 0
0 0 0
0 0 0
0 0 0
0 0 0
0 0 0
0 0 0
0 0 0
0 0 0
0 0 0
0 0 0
0 0 0
0 0 0
0 0 0
0 0 0
0 0 0
0 0 0
0 0 0
0 0 0
0 0 0
0 0 0
0 0 0
0 0 0
0 0 0
0 0 0
0 0 0
0 0 0
0 0 0
0 0 0
0 0 0
0 0 0
0 0 0
0 0 0
0 0 0
0 0 0
0 0 0
0 0 0
0 0 0
0 0 0
0 0 0
0 0 0
0 0 0
0 0 0
0 0 0
0 0 0
0 0 0
0 0 0
0 0 0
0 0 0
0 0 0
0 0 0
0 0 0
0 0 0
0 0 0
0 0 0
0 0 0
0 0 0
0 0 0
0 0 0
0 0 0
0 0 0
0 0 0
0 0 0
0 0 0
0 0 0
0 0 0
0 0 0
0 0 0
0 0 0
0 0 0
0 0 0
0 0 0
0 0 0
0 0 0
0 0 0
0 0 0
0 0 0
0 0 0
0 0 0
0 0 0
0 0 0
0 0 0
0 0 0
0 0 0
0 0 0
0 0 0
0 0 0
0 0 0
0 0 0
0 0 0
0 0 0
0 0 0
0 0 0
0 0 0
0 0 0
0 0 0
0 0 0
0 0 0
0 0 0
0 0 0
0 0 0
0 0 0
0 0 0
0 0 0
0 0 0
0 0 0
0 0 0
0 0 0
0 0 0
0 0 0
0 0 0
0 0 0
0 0 0
0 0 0
0 0 0
0 0 0
0 0 0
0 0 0
0 0 0
0 0 0
0 0 0
0 0 0
0 0 0
0 0 0
0 0 0
0 0 0
-1.48189e-05 0.000668622 -0.0240219
-7.8515e-05 0.000157575 -0.0160134
0.000289184 0.000341983 -0.0154574
0.000346392 0.000845871 -0.01634
-0.000497485 0.000695749 -0.0160562
2.71292e-05 0.000215975 -0.0318039
-9.57805e-06 -0.000552704 -0.0214216
-2.57117e-05 -0.000823759 -0.025956
0.000526014 0.000962061 -0.0228966
-0.00036351 0.000391799 -0.0210614
-0.000358444 0.000328576 -0.0122618
-0.000176646 0.001798 -0.0233351
-0.000129904 0.000288721 -0.029976
2.53274e-05 0.000393 -0.0131061
1.00242e-05 8.71744e-05 -0.0121531
-0.000209115 0.000642935 -0.0131508
0.000152762 -0.000244187 -0.0262218
0.000575486 0.000368776 -0.0111725
-0.000441829 0.00125333 -0.0256664
0.000345159 0.000362031 -0.0106646
5.32898e-07 -0.00101625 -0.0306151
0.000269334 0.00177024 -0.0273404
-5.47557e-05 0.000162541 -0.0103324
0.000316215 -1.47903e-05 -0.0212129
1.08752e-05 -0.000785036 -0.0190012
1.26164e-06 -0.000743929 -0.0192869
8.48132e-05 -0.0017094 -0.0240132
9.83106e-05 -0.00155271 -0.0242666
-4.3937e-05 -0.000282667 -0.0214546
2.09977e-05 -0.00141908 -0.0216343
-1.81596e-05 -0.000112844 -0.0188108
-5.40065e-06 -0.000747762 -0.0238914
-0.000621691 0.00228405 -0.0239844
-0.000673082 0.00210829 -0.0219493
-0.000787057 0.00196283 -0.0223401
-0.000340545 5.68668e-07 -0.00592336
-0.000414393 5.5649e-05 -0.00587087
-0.000203845 9.78673e-05 -0.00791772
-0.000291553 0.000135986 -0.00786516
-0.000505168 0.000596771 -0.0114165
3.45537e-06 -0.000446891 -0.0161687
-0.000621895 0.000100846 -0.00595075
-0.000439201 0.000275981 -0.00955188
-0.000837496 0.000578288 -0.0128837
-0.000670171 0.000313555 -0.0108178
-0.000460934 0.000461558 -0.0141456
-0.000331156 0.000168207 -0.00760027
-0.000923942 0.00133213 -0.0185756
-0.000848746 0.00140546 -0.0182673
-0.000350312 0.00120062 -0.0199817
-0.000263332 0.000819555 -0.0280366
-0.000509135 0.00208784 -0.0289404
-0.000310221 0.0016117 -0.0308387
1.32181e-05 0.00108805 -0.0289185
-9.48329e-05 0.00239552 -0.029732
-0.000123043 0.00152159 -0.0267439
0.000113958 4.30666e-05 -0.0124708
0.000192428 0.000281646 -0.00935989
0.000194971 0.000159612 -0.00588522
1.09814e-05 -4.44671e-05 -0.0108123
9.67406e-05 0.000287721 -0.00754739
0.000102299 0.000191275 -0.0137928
-7.51235e-05 -0.000575888 -0.0198262
2.2094e-05 -0.00124414 -0.0246051
-0.000565415 7.24663e-05 -0.00590875
-0.000593197 9.74596e-05 -0.00579278
-0.000406354 0.000268254 -0.00958617
-0.000815107 0.000671352 -0.0127969
0.000292004 0.000115 -0.00560901
0.000244354 9.55679e-05 -0.00560263
0.00031795 0.00016137 -0.0121133
0.000266854 0.000262245 -0.00931655
-0.000184608 -0.000526707 -0.0221425
-0.000188288 0.000191312 -0.0186529
-0.000154823 -0.000137454 -0.0236781
-0.000200926 -0.000118133 -0.0144349
-0.000372042 -5.77343e-05 -0.0158999
-0.000317695 6.88095e-05 -0.0129203
0.000105545 -0.000206199 -0.0153791
-7.7947e-06 -0.000369813 -0.0138193
-0.00018042 -0.000289732 -0.0177662
-7.24492e-05 -0.000353337 -0.0163501
-0.000190559 0.000285354 -0.0141498
-9.92499e-05 0.000290824 -0.00958649
-3.16965e-05 0.000296643 -0.0096187
-9.44677e-05 0.000191774 -0.00809013
1.54073e-05 0.000220839 -0.0081174
-5.3831e-05 0.000343069 -0.0145352
-0.000554956 0.000514462 -0.0112108
-0.000243781 0.000161171 -0.00759938
-0.000234638 0.00017946 -0.007585
-9.40243e-05 0.000145437 -0.00808483
-0.000189023 0.000337638 -0.0126978
0.000410049 7.56391e-05 -0.00710124
0.000947716 0.000456548 -0.0108519
0.00066435 0.000126591 -0.0065738
0.000371948 -7.97089e-06 -0.00667868
0.000866805 0.000472443 -0.010715
0.000477688 0.000321024 -0.0108944
-0.000371327 0.00247312 -0.0281107
-0.000376591 0.0015698 -0.0246327
8.03515e-05 0.00183652 -0.0255333
0.000829824 0.00124904 -0.0173782
0.000771639 0.000740531 -0.0135496
0.000954411 0.000909785 -0.0148177
0.000475191 0.000564649 -0.0137682
2.08431e-05 -0.000439259 -0.0157495
6.06469e-06 -0.00101576 -0.0186042
0.000154376 -0.000371897 -0.0185295
-2.65574e-05 -0.000889241 -0.0185319
0.000115187 2.74516e-05 -0.018608
-1.00307e-05 -0.00112423 -0.0214477
0.000226744 -2.79925e-05 -0.0151677
-0.000292825 0.000271165 -0.00958519
-3.07524e-05 0.000137496 -0.0141319
1.21252e-05 -0.000471831 -0.0138772
7.26618e-07 -0.000228382 -0.0170929
-0.000128153 -0.000103827 -0.0120212
-3.23306e-05 -0.000338133 -0.0136116
-0.000190363 0.000242497 -0.0112945
0.000753104 0.00170321 -0.0207177
0.000734393 0.00144282 -0.018152
-0.000271198 -0.000199099 -0.0202451
-0.000386142 0.0003861 -0.016967
-0.000677396 0.00145985 -0.0169836
-0.000383043 0.000680041 -0.014585
-0.0002034 0.00134944 -0.0187512
1.16872e-05 0.000130744 -0.00814089
0.000163689 0.000550921 -0.0146857
0.000176306 0.000362907 -0.00983095
1.67399e-06 0.000104516 -0.00801557
9.73008e-05 0.000752777 -0.0147583
-7.84344e-05 0.000435567 -0.0130437
-6.24582e-05 -0.00182282 -0.0258199
-4.52824e-05 -0.00196847 -0.0279428
-5.90982e-05 -0.00211046 -0.0301074
-1.24146e-05 -0.000993154 -0.0285421
1.88548e-06 -0.000979985 -0.0266504
-7.41658e-05 0.000143232 -0.013229
-3.4332e-05 0.000125924 -0.00813183
-8.05247e-05 8.7546e-05 -0.00792735
-4.5359e-05 -0.00175945 -0.023972
1.12358e-05 -0.00198587 -0.0261434
-4.3853e-05 -0.00165279 -0.0278824
3.96787e-05 -0.000500971 -0.0239424
6.04767e-05 -0.000653772 -0.0287262
9.88051e-05 0.000220431 -0.00812857
8.97229e-05 0.000242119 -0.00750541
4.65233e-05 0.000222141 -0.00750759
2.38309e-05 0.000295697 -0.0126168
-0.000214918 -0.000472635 -0.0249927
-2.30709e-06 -0.00124381 -0.0272647
-8.01942e-05 -0.000385727 -0.0281386
-0.000118655 -0.000617524 -0.0292535
-0.000265738 0.000303697 -0.0261263
0.000525964 0.00180364 -0.0203377
1.66345e-05 0.00128524 -0.0328268
-3.53271e-05 0.000286901 -0.0307587
-0.000115643 0.00139016 -0.0322876
0.000155939 0.00213576 -0.0312325
0.00021553 0.0011357 -0.0293315
0.000329942 0.000644375 -0.013569
0.000101073 -0.000775761 -0.02126
0.00011099 -0.000316732 -0.021331
0.000306708 0.000182019 -0.0185111
0.00020852 -0.000343556 -0.0181127
-0.000909783 0.00103402 -0.015512
-0.000761821 0.000988252 -0.0141814
0.000871818 0.00179605 -0.0236641
0.00100265 0.00144759 -0.0207413
0.000451896 0.00103976 -0.0199052
-0.000319053 0.000171872 -0.00759033
-0.000928766 0.00179874 -0.0234414
-0.000808436 0.00206824 -0.0250546
-5.75564e-05 0.000271025 -0.0202969
-0.000237862 0.000446354 -0.0159606
-0.000212226 0.000825295 -0.0203396
1.33414e-05 0.000614609 -0.019066
-0.000199634 0.000494946 -0.0145736
6.45785e-05 0.000157975 -0.00812778
0.000135365 0.000193943 -0.0081294
0.000331047 0.000156487 -0.00706299
0.000274202 0.000366809 -0.0121636
0.000345356 0.000126613 -0.00708207
0.000219031 0.00025206 -0.0303535
0.000302793 0.000829028 -0.0305714
0.000485179 0.000607056 -0.0267293
0.000590905 0.00118677 -0.0271608
0.000252644 0.000705234 -0.0275278
1.34276e-05 -1.38622e-05 -0.0228546
5.16953e-05 0.000248627 -0.0174168
0.000174714 0.0011456 -0.014894
0.000550655 0.00123485 -0.0164569
0.000588615 0.001003 -0.0137803
8.97895e-05 0.000511206 -0.0119239
0.000179606 0.000411548 -0.014277
0.000265225 0.000313348 -0.00936806
0.000425204 0.000391249 -0.0133361
0.000183584 0.000289624 -0.00936363
0.000205194 2.88793e-07 -0.00668479
0.000932863 0.000664838 -0.0140105
-0.000402396 0.000109575 -0.0250964
-0.000262856 8.51036e-05 -0.0293282
-6.54613e-05 0.000213282 -0.00656946
-0.000114318 0.000177038 -0.00653048
0.000220242 0.000339601 -0.00975155
-0.000519622 0.0010681 -0.0212977
-8.36305e-05 -0.000103852 -0.0332971
1.88831e-05 -0.000151357 -0.0342785
-3.68275e-05 -0.000941445 -0.0336583
-6.13571e-06 -0.000368823 -0.0310833
-4.14365e-05 -0.000432158 -0.0304484
-0.000860956 0.00075362 -0.016235
-0.000688585 0.000403312 -0.0142985
0.00071206 0.00106071 -0.0250248
0.000148408 0.000928588 -0.0204977
0.000321069 0.000582622 -0.0157679
0.000140816 0.000449535 -0.0200726
2.93486e-05 -0.00206789 -0.028283
5.85129e-05 0.000263162 -0.0157785
-0.000191799 0.000456781 -0.0227427
-0.000469593 0.000692061 -0.0186571
-1.4481e-05 0.000178759 -0.00813075
0.000703445 0.00231475 -0.02609
0.000430067 0.00134812 -0.025367
0.000360582 0.00142913 -0.0225422
0.000146276 3.11881e-05 -0.0289469
0.000234933 -0.00022327 -0.0281279
0.000315935 0.000402344 -0.0246892
-3.35772e-06 0.000459118 -0.034264
-9.39611e-05 0.000723144 -0.0331727
0.000251476 6.22954e-05 -0.00667175
0.0002314 0.00167839 -0.0189592
0.000117842 0.0013072 -0.0200894
-0.000126833 0.00232187 -0.0224069
-0.00018073 0.00158329 -0.0174945
-0.000922131 0.00116066 -0.0192888
-0.000856175 0.00143493 -0.0240165
-0.000190766 0.000888945 -0.0249653
-7.94582e-05 0.000469372 -0.0273151
0.00011651 0.00113239 -0.0259798
0.000503845 0.00248807 -0.0257256
0.000372528 0.000524474 -0.0193879
0.000230734 0.000770404 -0.0236335
-0.000715186 0.00051882 -0.0187903
-0.000792942 0.000873417 -0.0215751
0.000191941 0.00236572 -0.0237401
2.75298e-05 -0.00223281 -0.0304881
2.44621e-05 -0.000416525 -0.0134353
-7.78939e-05 0.000757257 -0.0162182
4.42644e-05 0.000267231 -0.00757842
0.000777748 0.00104848 -0.0155832
3.15741e-05 -0.000630145 -0.0263007
-0.000519961 0.000680189 -0.0270557
-0.00043705 0.000739791 -0.0235063
-8.12462e-05 0.00120377 -0.0238781
-0.000210802 0.000285296 -0.00964994
-0.000503028 0.00194766 -0.0203074
-0.000524514 0.00117486 -0.0150545
-0.000167797 0.000820723 -0.0325613
0.000172712 0.000293259 -0.0316
0.000580305 0.000697711 -0.0176025
0.00081918 0.000443656 -0.0134363
0.000800389 0.000747901 -0.0194948
0.00042145 0.000459929 -0.0221383
0.000683244 0.000295103 -0.0184404
0.000508749 0.000363563 -0.0165459
-3.68464e-05 -0.00022294 -0.0115876
-1.97828e-05 -0.00100195 -0.018439
-3.02581e-06 -0.00124007 -0.0207778
0.000562026 0.000488546 -0.0243484
0.000299664 -0.000265339 -0.0258783
0.000849627 0.00085078 -0.0128545
0.000779974 0.00134558 -0.0156887
-9.12742e-06 0.000178724 -0.0112797
0.000334938 0.000166778 -0.00700023
0.000444711 0.000174286 -0.00985154
0.000342278 7.61986e-05 -0.00553292
-0.000431813 9.52028e-05 -0.00567156
-0.000511956 0.000266355 -0.0105332
6.99946e-05 -0.00190633 -0.026396
-0.000388801 4.0932e-05 -0.00561462
0.00031177 -3.03634e-05 -0.0067479
0.000117009 0.000157207 -0.00577
2.87043e-06 -0.000103103 -0.0107143
4.42181e-05 -0.00165434 -0.0289801
-4.08709e-05 -0.00103015 -0.0307045
-0.000973578 0.000929609 -0.0160023
0.000768048 0.00089569 -0.0223585
0.000642767 0.000355527 -0.0213756
-0.000291804 0.00016885 -0.00531633
-0.000246727 0.000136395 -0.00532036
-0.000157009 0.000106835 -0.00927342
-0.000165771 0.000211552 -0.0065221
-0.000110148 0.000222108 -0.00659475
0.000984236 0.00110791 -0.0200431
8.40563e-05 0.000218793 -0.0253251
0.000205189 8.74673e-05 -0.0213398
-7.10949e-05 -0.00153811 -0.0232182
-6.53752e-05 -0.00146936 -0.0254723
0.000525017 0.00166881 -0.0290759
0.00014972 0.00257487 -0.0295556
7.87616e-05 0.000168021 -0.00582723
-6.09114e-06 -0.00124101 -0.0266359
-3.84309e-05 -4.23326e-05 -0.0250295
0.000389611 0.000119899 -0.00699654
-3.05214e-05 -0.000435965 -0.0136843
0.000422624 7.61957e-05 -0.00551391
-0.000113442 0.00265164 -0.0279875
1.85139e-05 -0.00124936 -0.0288628
-5.24533e-05 -0.00170084 -0.0310304
7.45579e-05 -0.000224613 -0.0315298
3.47192e-05 -0.0010359 -0.0238645
0.00022755 -0.000143321 -0.0238534
-5.83372e-05 -0.000674691 -0.0322395
-7.99546e-06 -0.00142554 -0.0326034
-2.15922e-05 -0.00138955 -0.0212219
-0.0001238 -0.000304846 -0.0310094
5.06784e-05 -0.000815558 -0.0309172
0.000116272 -0.00068241 -0.0295081
-0.000184949 0.00081562 -0.0131049
0.000180927 0.000646565 -0.0119275
6.00996e-06 -0.000548388 -0.0328006
0.000390612 0.000158387 -0.0152176
0.000203561 0.00163451 -0.0315482
0.000288752 0.00236592 -0.0301882
0.000927223 0.00132004 -0.0230923
-9.66381e-06 -0.00150299 -0.0324588
-1.29169e-05 -0.0016457 -0.0326292
-1.33779e-05 -0.000832441 -0.0166273
0.000593256 0.000275606 -0.0131012
8.33693e-05 0.000513085 -0.0280411
-0.000452142 0.00237797 -0.023413
-0.000303632 0.000253108 -0.00759911
-0.000311818 0.000204769 -0.0102992
-0.000187049 7.37072e-05 -0.00561684
-0.000489254 0.000141992 -0.0202237
-0.000543231 0.00018842 -0.0159025
0.000661582 0.00027747 -0.00995788
1.42175e-05 -3.82332e-05 -0.0276863
0.000444592 7.10678e-05 -0.00702541
-0.000789392 0.00182884 -0.0258994
-0.000281285 0.000952844 -0.0317142
5.31752e-05 -0.0010149 -0.0243542
3.8795e-05 0.000109525 -0.00572808
-7.13472e-05 0.000188195 -0.00657483
-2.91671e-05 0.000264026 -0.00661275
-2.12784e-05 -2.13171e-05 -0.00984633
-0.000464713 0.000195338 -0.0129427
6.44035e-05 -0.00165842 -0.0267562
-8.44279e-05 -6.80916e-07 -0.00962501
-0.000581967 0.000403302 -0.0222207
0.000214962 0.000729163 -0.0318473
-0.000701546 0.000914712 -0.0245316
3.39018e-05 -0.00171934 -0.0311565
-0.000140334 0.000110773 -0.0323358
0.000445932 -1.04621e-06 -0.0181524
-0.00035485 -0.000100679 -0.022459
-0.000461962 0.00152112 -0.0300136
-1.43679e-05 -0.000111534 -0.0107877
2.93798e-05 0.000265477 -0.00756874
0.00039793 -9.03633e-05 -0.0234024
-7.92982e-05 0.000255809 -0.00660414
-1.19091e-06 0.000274852 -0.0075566
-0.000271424 0.000471066 -0.0308254
-0.00052835 0.00107805 -0.0287172
8.27635e-05 -0.000769384 -0.0274215
0.000809757 0.00157847 -0.0256133
-0.000446462 0.00254598 -0.0261933
-0.000642279 0.00224135 -0.0272115
-0.000670184 0.00133581 -0.0266782
0.000663603 0.00212158 -0.0277891
-0.000615475 0.00177066 -0.0280467
5.82866e-05 -0.0019055 -0.0280446
5.91356e-05 -0.0020535 -0.0302814
5.59239e-05 -0.00012907 -0.0341956
-9.74737e-06 -0.00109587 -0.0334867
0.000535066 0.000156702 -0.0069914
0.000222426 -0.000509283 -0.0226067
0.000302185 0.00136093 -0.0309956
3.82363e-05 -0.000379312 -0.0130413
-1.83704e-05 -0.00199192 -0.03162
0.000461672 -5.24261e-05 -0.0205842
0.000261244 -0.000353376 -0.0202526
-0.000120092 -3.53055e-05 -0.00586125
-0.000204947 -1.44483e-05 -0.00583809
-0.000356973 0.000237378 -0.00753734
0.000105162 0.000900619 -0.0328413
-0.000154396 0.00263604 -0.0255109
0.000193653 0.00268264 -0.0274102
0.000450371 0.00213253 -0.0296572
0.000203199 -8.32662e-05 -0.00569709
0.000180514 -5.23976e-05 -0.00674458
0.000367184 0.000311721 -0.0100939
0.000234335 -9.75334e-05 -0.00666601
0.000138758 -0.000723092 -0.0250797
0.000126803 -0.000113158 -0.00664103
-0.000361894 0.000588719 -0.0115519
-0.000103343 -0.000102077 -0.0079592
-5.20245e-05 -8.82257e-06 -0.00963981
0.000843411 0.000358439 -0.0102157
1.52291e-05 -0.00195852 -0.0315542
0.00042314 -9.16106e-05 -0.00666865
0.000617623 0.000380804 -0.0102046
0.000195698 -0.00062339 -0.0252889
0.000492807 8.71354e-05 -0.0057725
0.000109149 0.000121758 -0.0328179
-2.07446e-05 0.000160953 -0.00826964
0.000439263 0.00255817 -0.0282615
4.71606e-05 0.00012113 -0.00753428
0.000568053 0.000161853 -0.0069064
0.00030977 -8.72499e-05 -0.00676745
-0.000103296 0.000178318 -0.00659493
0.0026589 0.000574746 -0.012635
0.000897042 -0.000679895 -0.0143802
-0.00207742 0.00115271 -0.015983
-0.000883552 -0.000397047 -0.013398
-0.00267836 0.000778062 -0.0131425
-0.0011775 0.000276355 -0.0143394
0.000638422 -0.000462493 -0.0134325
0.00106245 0.000155279 -0.0121948
-0.000149014 -0.000160325 -0.0124097
0.000462391 0.00096306 -0.0153368
-0.000313225 -0.000858727 -0.0144119
0.00204278 0.000858572 -0.0143099
0.000574853 -0.000898802 -0.0153135
-0.00223171 0.00045633 -0.0124988
-0.00104503 -0.0014929 -0.0183396
0.00194072 0.000812403 -0.017408
1.23045e-06 -0.000438229 -0.0187698
-0.000942845 0.000974036 -0.0147285
-0.000722071 -0.00128154 -0.0205167
-0.00229482 0.00249191 -0.0222582
0.00271877 0.00132163 -0.0172557
0.00151356 0.00248626 -0.0219621
0.000978489 -0.00206122 -0.0222131
-4.10509e-06 -0.00270131 -0.0229893
0.000184618 -0.000332424 -0.0195177
0.00215945 0.000422868 -0.00944816
0.000845651 -0.00271428 -0.0232336
0.00248218 0.00172212 -0.0210874
-0.00179756 0.000925992 -0.0205591
-0.00250308 0.00180476 -0.0209386
-0.000319263 5.51233e-05 -0.00977874
-0.000459817 0.00270302 -0.0226123
0.00154098 0.000680312 -0.011708
-0.000956456 -0.00251171 -0.0236613
0.000950602 0.000344664 -0.0229121
-0.000572118 -0.00333565 -0.0247235
-0.0007876 9.39852e-05 -0.0220884
-0.000800726 -0.000373105 -0.0100502
-0.00262382 0.00068177 -0.0112656
0.000769396 -0.000732863 -0.0111676
0.00256216 0.000575671 -0.010195
0.00218925 0.0026835 -0.0242227
-0.00177198 0.000254097 -0.00856624
-0.00146922 0.00358006 -0.026979
0.000352105 2.79113e-05 -0.0081923
0.000759682 -0.000314537 -0.00882235
0.000554675 0.00364028 -0.0258008
-0.000595485 -0.000239177 -0.00893595
0.000970468 0.000604971 -0.01163
0.000492659 -0.00018916 -0.00966761
0.000695056 -0.00171229 -0.0231623
-0.000248978 -9.88302e-07 -0.00899583
0.00163046 0.00133433 -0.0242275
-0.00252901 0.000392215 -0.00886601
0.000715944 0.000642569 -0.010576
-0.000488298 -0.000204361 -0.0104343
-0.0016257 0.00270442 -0.022638
-0.000782673 -0.000699118 -0.0109584
0.000173655 -0.00389961 -0.0272929
0.00135705 0.000250882 -0.00984807
0.00120531 0.000165106 -0.00701409
0.000416871 5.39827e-05 -0.00921603
-0.00177855 0.00229578 -0.0262029
0.000677283 -0.00344294 -0.0270471
-0.00167678 0.000351416 -0.0100794
0.00040726 -3.0774e-05 -0.00980243
0.00241533 0.00234223 -0.0217256
0.000174586 -0.000789193 -0.0110372
-8.22782e-05 -0.00114274 -0.0251417
-0.00181733 0.000670698 -0.0105917
7.77019e-05 -0.000136567 -0.00995067
0.00192356 0.000462918 -0.0107472
0.00265475 0.000419803 -0.00933863
-0.000891282 0.000112678 -0.00809477
-0.000563648 -0.00224901 -0.0259597
-0.00173287 0.000304843 -0.00981276
0.0014517 0.00348434 -0.0264935
-0.00111425 0.000963229 -0.0260549
-0.000185963 0.000406554 -0.0107256
-0.00107469 0.000334482 -0.0101737
0.000152459 -0.000173577 -0.00764735
-0.0013303 0.000220934 -0.00975821
9.10592e-06 1.30279e-05 -0.00858686
-0.00265374 0.000447718 -0.00830285
-0.000195346 -0.000642095 -0.00902172
-0.000607228 0.00371683 -0.0270846
-0.000148452 0.000677143 -0.0111579
-8.61006e-05 -0.00102784 -0.0267411
0.00134734 -0.00155652 -0.0172649
-0.000396913 -0.00436141 -0.0296998
-0.000298864 -0.00424853 -0.0285472
-0.000296113 -0.0034811 -0.0269936
-0.00020648 -0.00322276 -0.0255303
-0.000640749 -0.00473833 -0.0276434
-2.63524e-05 -0.00183362 -0.03376
1.45939e-05 -0.00118106 -0.0343032
0.00145838 -0.00289805 -0.0176814
0.000925611 -0.00156656 -0.0191585
0.00141497 -0.00415781 -0.0222509
0.00140382 -0.00340164 -0.0162522
0.000856116 -0.00166628 -0.0180145
0.000902116 -0.000783012 -0.0127525
-0.000544295 -0.00342418 -0.028315
-0.000480221 -0.00313089 -0.0290556
-0.0010139 -0.00371648 -0.0275536
-0.000437018 -0.00250738 -0.0254297
-0.000457718 -0.00252287 -0.0243235
0.00161072 0.000316551 -0.0108586
0.00256033 0.000763633 -0.0127675
0.0016758 0.000453282 -0.01414
0.00118253 0.000161929 -0.00962013
0.00203558 0.000440861 -0.0115916
0.00171935 0.000279845 -0.00821476
0.00181573 0.00070896 -0.0187142
0.00150308 0.000425863 -0.0148832
0.00128294 0.000293335 -0.0165105
0.00118565 0.000334048 -0.0212519
0.0010512 0.000275053 -0.017993
0.00147688 0.000674597 -0.0202828
-0.000139935 -0.000402233 -0.00758585
8.18747e-05 -7.69105e-06 -0.00421878
-0.000253817 -0.000328465 -0.00379411
-0.000688355 -0.000644239 -0.00803062
-0.000205363 -4.89941e-05 -0.00443102
-0.000147097 -0.000145155 -0.00852671
-0.000642946 -0.0036794 -0.0274017
-0.00117565 -0.00403677 -0.0266129
-0.0033743 0.00259471 -0.0209439
-0.00263584 0.00150392 -0.0179836
-0.00356949 0.00179638 -0.0166486
-0.00369548 0.00194133 -0.0160883
-0.00268346 0.000665544 -0.012233
-0.0027522 0.00151672 -0.0173139
0.00229293 0.00286879 -0.026303
0.00233866 0.0021845 -0.0226697
0.00241674 0.00239659 -0.024814
0.00194579 0.00214196 -0.026291
0.00201411 0.00161627 -0.0226992
0.00190971 0.00208998 -0.0243142
0.00089976 -0.00273233 -0.02669
0.000282598 -0.00207217 -0.0254286
0.000496033 -0.00293108 -0.0288261
0.00087938 -0.00361338 -0.0284815
0.000385704 -0.00306734 -0.0272444
0.000685269 -0.00251636 -0.0251407
-0.00354175 0.00228349 -0.0199161
-0.00323177 0.00260631 -0.0223311
-0.000418745 -0.00388022 -0.0288073
-0.000423304 -0.00359838 -0.0295315
-0.00368316 0.00169366 -0.015539
-0.000245944 -0.00429502 -0.0308158
-0.000147511 -0.00432258 -0.0296281
0.00157547 -0.0027985 -0.0185011
0.0015724 -0.00400345 -0.0228726
-0.00104508 -0.00144624 -0.016402
-0.000681667 -0.00108198 -0.0145416
-0.00121266 -0.00148286 -0.0130322
-0.000427436 -0.000232992 -0.0106732
-0.00144527 -0.00194349 -0.0148631
-8.43302e-05 -0.00438636 -0.0286474
-0.000391381 -0.00490774 -0.0278759
-0.000612428 -0.000612035 -0.00459702
-0.000556161 -9.23539e-05 -0.0070299
-0.00117627 -0.0012308 -0.0111805
-0.0011424 -0.00121687 -0.00889241
-0.0007701 -0.000303528 -0.0111777
-0.000375878 -6.1141e-05 -0.0048735
-0.00147666 -0.00228932 -0.0201791
-0.000441678 -0.000572973 -0.016646
-0.000756553 -0.000653704 -0.0152143
-0.000344091 -0.00296052 -0.0247321
-0.000421121 -8.00964e-05 -0.00719118
-0.000386973 -0.000251657 -0.0114077
-0.000154144 -9.62075e-05 -0.0049419
-0.000236507 -3.80001e-05 -0.0053715
-0.000277851 -0.000322856 -0.00978831
-0.000711486 -0.000301335 -0.0119499
-0.0035769 0.00195793 -0.0183193
0.00232497 0.00081822 -0.0164949
0.0021714 0.000599347 -0.0135071
0.00125227 0.000182314 -0.0135903
0.00180512 0.000528668 -0.0159827
-0.00107385 -0.00127107 -0.009537
-0.00047374 -7.49993e-05 -0.00506586
-0.000812368 -0.000472558 -0.0116962
-0.00150666 0.000363317 -0.0152058
-0.0019983 0.000602337 -0.0142132
-0.00195791 0.000732726 -0.0181541
-0.00243783 0.000986059 -0.0172203
-0.00153654 0.000562196 -0.0176035
9.73342e-05 -0.00499152 -0.0289548
-0.000149072 -0.0036882 -0.0260334
2.09244e-05 -0.00358677 -0.026819
0.00151301 0.000274834 -0.0110507
0.00012005 1.46577e-05 -0.00434149
-0.000136708 -4.10929e-05 -0.00447673
-0.000238146 4.43217e-07 -0.00476585
-0.000537715 -0.000168917 -0.0112058
-0.000123163 -0.000124381 -0.00916444
-0.000888619 -0.00446386 -0.0271666
-0.000634233 -0.00462009 -0.0286118
0.00073494 0.000681582 -0.0290347
0.00108447 0.00107443 -0.027615
0.00113886 0.000602546 -0.0255787
0.000967727 0.000677063 -0.025074
0.000770805 0.00025974 -0.027208
0.000672128 -0.00175094 -0.0196808
0.00111107 -0.00314251 -0.0182826
0.000661844 -0.000835937 -0.0133043
-0.00148714 -0.00172601 -0.0132639
-0.00138536 -0.00166677 -0.0109529
-0.00111534 -0.00172313 -0.0184089
-0.00386966 0.00166596 -0.0148428
0.000541913 4.36342e-05 -0.0285722
0.000723102 0.000176261 -0.0243058
-0.000380857 -9.05605e-05 -0.00696751
-0.000165937 1.352e-06 -0.00464527
-0.00152403 -0.0024541 -0.0187605
-0.00156541 -0.00251695 -0.0172486
-0.00174781 -0.00372882 -0.0223892
-0.000944502 -0.00132795 -0.0190711
-0.00163824 -0.00350841 -0.023556
-0.000982821 -0.000873792 -0.0159437
-0.00163891 -0.00320248 -0.0198654
-0.00102506 -0.00207199 -0.021198
-6.14642e-06 -1.16653e-05 -0.00116148
3.25747e-05 -1.53441e-05 -0.00130089
4.45137e-05 -1.85864e-05 -0.00113437
-0.0024659 0.00070389 -0.0115048
-0.00203368 0.000568981 -0.0125643
-0.00151246 0.0003118 -0.0115126
0.00329637 0.00147118 -0.0173856
0.0035489 0.00132182 -0.0148538
0.00268132 0.00130224 -0.0192829
0.00310108 0.00127118 -0.0169452
0.00238168 0.000742075 -0.0150497
-0.00197413 0.000602479 -0.0149544
-0.000376763 -0.00400868 -0.0304999
0.00323963 0.00116365 -0.0143877
0.00276772 0.0010621 -0.0165034
-0.000825147 -0.000822817 -0.0172914
-0.00144898 -0.00200093 -0.0170478
-0.00177576 0.000375762 -0.0036986
-0.00257455 0.000558893 -0.00768799
-0.00135003 6.49065e-05 -0.00436169
-0.00151903 0.000100339 -0.00434423
-0.00218011 0.00031103 -0.00873381
-0.00301074 0.000720419 -0.00798612
-0.000617961 -0.000549167 -0.00444762
-0.00106935 -0.00110657 -0.00850617
-0.00158057 -0.00213057 -0.0157781
0.000392192 -0.00250298 -0.0289806
0.000176044 -0.00175314 -0.025816
0.00126548 -0.00290424 -0.0248521
0.00118742 -0.00372607 -0.0268497
0.00218078 0.0020424 -0.0250104
0.00174128 0.00170174 -0.0262983
-0.00158147 -0.00270227 -0.0161404
-0.000955603 -0.000931829 -0.0143843
0.000939283 -0.0013862 -0.0186066
0.00173245 -0.00350109 -0.0221113
0.00093097 -0.00236809 -0.022745
0.000796401 9.67478e-05 -0.0251641
0.000873925 -9.45624e-05 -0.0160067
0.000756452 -0.000139006 -0.0208719
0.0012108 0.00126631 -0.0256518
0.00128095 0.000810403 -0.0235623
0.00141904 0.00118653 -0.0261588
0.00271578 0.00212398 -0.0230902
0.000799201 -0.000833079 -0.00781537
0.00127251 -0.0013663 -0.0107019
0.000970238 -0.000885646 -0.00808259
-0.00271245 0.00298463 -0.0245253
-0.00226892 0.00323647 -0.0262612
-0.00198698 0.00298331 -0.0277179
-0.00206294 0.00251473 -0.0243806
-0.00242321 0.00282363 -0.0261112
0.00135325 -0.00320821 -0.0246068
0.00083982 -0.00191609 -0.022669
0.000826175 -0.00274917 -0.0247205
0.000588681 -4.66617e-05 -0.0267073
0.000738457 -3.35076e-06 -0.0159946
0.000262317 -0.000522722 -0.0192068
0.000638839 -8.85137e-05 -0.021243
0.000767262 -0.00135312 -0.0184026
0.000362905 -0.000503105 -0.0162263
0.00103685 -0.00144574 -0.0160776
0.00085163 -0.00133763 -0.0133115
0.000374965 -0.000296684 -0.0104965
0.000137928 -0.000292162 -0.0134888
-0.000742618 -0.00124361 -0.0174583
-0.00113708 -0.00193249 -0.0210996
-0.000569187 -0.00127929 -0.0204254
-0.000251332 -0.00076997 -0.0199836
2.24363e-05 -0.000282296 -0.016186
-0.00126963 -0.00148779 -0.011558
-5.17258e-05 -0.00491941 -0.0300319
-0.00212374 0.000990435 -0.0200448
0.00129898 0.00162065 -0.0277785
0.000904529 0.00132499 -0.0291662
0.00110851 0.001899 -0.0291756
0.00145303 0.000152302 -0.00706256
0.00170554 0.000156756 -0.00688806
0.00122706 0.000113847 -0.00541901
0.00228145 0.000508046 -0.0117442
0.00107075 0.000127669 -0.0055648
0.000937964 0.000179762 -0.00553113
0.00101214 0.00014439 -0.00540755
0.00153626 0.00014445 -0.00690716
0.0019185 0.000495443 -0.0117784
-0.00110571 -0.00395635 -0.0214751
-0.000721891 -0.00123111 -0.016462
-0.00065703 -0.0037413 -0.0198862
-0.00102466 -0.00484621 -0.0247394
-0.000565764 -0.00210078 -0.020281
-0.000793802 -0.00242521 -0.0216934
-0.00148256 -0.00196642 -0.0142297
-0.00146416 -0.00206775 -0.0129348
-0.00138008 -0.00157911 -0.0137299
-0.000753542 -0.00294648 -0.0241906
-0.000336286 -0.000505411 -0.00968514
0.000133086 -6.55619e-05 -0.0102492
-0.0001829 -0.000829007 -0.0149349
-0.000470793 -0.00110242 -0.0168712
-0.000315653 -0.00189284 -0.0203783
0.00138107 0.00221208 -0.0283788
0.00156003 0.00266029 -0.0282638
0.00133679 0.00180817 -0.0263343
0.000648381 -0.00364916 -0.019593
0.000243059 -0.00162509 -0.0194296
0.000428086 -0.00472023 -0.0235264
0.000408081 -0.00393731 -0.0180602
9.19081e-05 -0.00177941 -0.0176787
0.000415496 -0.000915422 -0.0132519
-0.000745403 0.00012536 -0.0121763
-0.000220122 -8.38061e-05 -0.0145379
-0.000623572 1.01429e-05 -0.0165474
-0.00106758 0.000195176 -0.01131
-0.000506076 -3.9345e-05 -0.013587
-0.00058952 6.00417e-05 -0.00896892
-0.00163857 0.00269464 -0.0242814
-0.00152937 0.00308486 -0.0279602
-0.00143755 0.00240217 -0.0263047
-0.000302142 -0.00231225 -0.0266615
-0.000757987 -0.0024358 -0.0248228
-0.000794484 -0.00333989 -0.0283785
-0.00020117 -3.74911e-05 -0.0054333
-0.000130678 -5.74656e-05 -0.00541456
1.783e-05 -3.97052e-05 -0.00504238
-0.000260761 -0.000237583 -0.0101573
-2.21724e-05 -3.50305e-05 -0.00503394
-0.00338004 0.00233387 -0.0215328
-0.0024456 0.00203837 -0.0216111
-0.00279205 0.00131831 -0.0173418
0.000768426 -0.000904671 -0.0147082
-0.00202849 0.000359774 -0.0105771
-0.00283359 0.000669093 -0.00978946
-0.00248974 0.00042811 -0.0107167
0.000315745 -0.00156865 -0.0232286
0.000372364 -0.0024571 -0.0251256
-0.00152631 -0.00271279 -0.02182
-0.000834603 -0.0018155 -0.0221401
0.00126073 0.00216994 -0.0181276
0.00188115 0.00266172 -0.0211925
0.00100162 0.00173 -0.0189464
0.00104732 0.00092823 -0.0136909
0.00161922 0.00149628 -0.0173713
0.0020748 0.00195738 -0.0165559
0.00170151 0.000330979 -0.0086222
-0.00158101 -0.00244094 -0.0192095
-0.000332683 -0.00370066 -0.0310527
-0.00035625 -0.00327491 -0.0301732
0.000744624 -0.000836423 -0.00733584
0.000502158 -0.00030728 -0.00819008
0.00102808 -0.0013141 -0.00973907
-0.00360819 0.00149634 -0.0154475
-0.00352639 0.00179473 -0.0187878
-0.00365813 0.00136357 -0.0133677
-0.0028826 0.000929216 -0.0152126
-0.00267214 0.000601044 -0.0110498
-0.00299223 0.0011295 -0.0157607
-0.00324694 0.00115423 -0.0149412
-0.00311794 0.00161071 -0.019496
-0.00247692 0.00104308 -0.0168903
-0.000729118 -0.00305772 -0.0165691
-0.00131444 -0.00332458 -0.0184282
0.000490752 -0.000857491 -0.0155614
0.000454282 -0.00151522 -0.0196779
0.000409802 -0.00175929 -0.0200059
0.00299883 0.00184266 -0.0210416
0.00270933 0.0011624 -0.0171245
0.00342436 0.00173075 -0.0188277
-0.000430851 -0.000197101 -0.0114318
-0.000145829 -0.000530866 -0.0155294
-0.000752271 -0.000121224 -0.0103333
-0.00178468 0.00363677 -0.0282244
-0.00189805 0.00305659 -0.0247977
-0.0013217 0.00314642 -0.0266494
0.00165065 0.000529064 -0.0107373
0.000936726 0.000125062 -0.00476162
0.0018276 0.000418404 -0.0111266
0.000482184 -0.000322208 -0.0266148
0.000336655 -0.000542958 -0.0279654
0.000296846 -0.000649104 -0.0253652
-2.20592e-05 -0.00125417 -0.0275862
0.000409695 -0.00037153 -0.0240232
0.00176706 0.000610631 -0.00618227
0.00151077 0.000232049 -0.00784844
0.00268112 0.00115751 -0.0130251
0.00241171 0.00121032 -0.0118534
0.00181404 0.000725092 -0.0130696
0.00111505 0.00017475 -0.00606988
0.000318938 -8.23712e-05 -0.00426833
0.000318166 -7.27502e-05 -0.00443986
0.000330826 -0.00010111 -0.0044332
0.00150469 0.00264654 -0.0262357
0.00184941 0.00161785 -0.0184509
0.00225852 0.00284794 -0.0220705
0.00264278 0.00210594 -0.0185603
0.00245512 0.00217105 -0.0176347
0.00133052 -0.00173962 -0.0158699
0.00119896 -0.0020484 -0.0206098
0.000680192 -0.00107762 -0.0187053
0.00153581 -0.00252702 -0.0204883
0.000323243 -0.000932755 -0.0181312
-9.95411e-05 -0.000477147 -0.0143
-0.00121074 0.000230627 -0.0180413
-0.0015938 0.000609853 -0.0207877
-0.000367381 -0.000895161 -0.0153176
0.000811162 0.000116934 -0.00483283
-0.000502403 -0.000113294 -0.00706029
-0.000391783 -9.84798e-05 -0.00508008
-0.000316609 -8.67393e-05 -0.0051365
-0.000517516 -0.00109157 -0.0168479
-0.000508249 -0.000599206 -0.0145923
-0.000389174 -0.00149669 -0.0199756
-0.00123146 0.00313249 -0.029355
-0.00134146 0.00379631 -0.0294727
0.000406621 -0.000897221 -0.0157175
7.42832e-06 -0.000448965 -0.0115777
0.00220984 0.00187972 -0.0245462
-0.0001812 -0.000897403 -0.0184385
-0.00061025 -0.000364363 -0.0100907
0.00224705 0.000567114 -0.00984768
0.00129994 -0.00439768 -0.0242962
0.00194167 0.000150364 -0.00638787
0.00189204 0.000154512 -0.00628489
0.00172206 0.000150073 -0.00662481
-5.2411e-05 -0.000619838 -0.0132546
0.000379451 -0.000143478 -0.0140924
0.00223123 0.00117627 -0.0192666
2.39361e-05 -0.000120852 -0.00490372
-0.000147405 -0.000364385 -0.00984143
0.000116455 -0.000361249 -0.00960048
0.00011816 -0.00421929 -0.0209352
0.00018315 -0.00335351 -0.0149436
0.000903232 -0.00347998 -0.0191086
0.00114385 -0.00440479 -0.022971
-0.000305925 -0.000496115 -0.017785
0.0011173 0.000316483 -0.0140387
0.00144954 0.000622031 -0.016633
0.00107787 0.000496313 -0.0196701
-0.000545111 -0.000806041 -0.0128062
-0.00107568 -0.00330772 -0.0148928
-0.0010073 -0.00111696 -0.0149221
-0.00130879 0.00280729 -0.0289972
0.000661645 -0.000432647 -0.0120792
0.000609984 -0.00116218 -0.0172274
0.000331501 -0.000661028 -0.0133499
-8.91335e-05 3.54516e-06 -0.00117955
-7.68447e-05 -3.13382e-06 -0.00101994
-8.94696e-05 6.27725e-06 -0.00105453
-0.00369393 0.00172314 -0.0169021
0.000503877 -0.000828832 -0.0104726
1.342e-05 -2.62311e-05 -0.00640906
-0.000363373 -0.000443222 -0.0141946
-0.000348566 -0.0010232 -0.0184256
-0.000228186 -0.000765102 -0.0180007
0.000442637 -0.000351796 -0.00382008
0.000114121 -3.94509e-05 -0.00398646
0.000775147 -0.000434575 -0.0112395
0.00128605 -0.00140838 -0.0126988
0.000884087 0.0002485 -0.0164088
0.000486704 -0.000136181 -0.0198938
0.000786481 0.000182183 -0.0216517
0.000756645 0.00237375 -0.019629
0.0013809 0.00295702 -0.0225467
-0.0035009 0.0021229 -0.0201505
0.00172777 0.00223883 -0.0237528
0.00181617 0.00175366 -0.0222319
0.00149653 0.00153668 -0.0238604
0.000439185 0.000106827 -0.0303087
-5.64569e-05 -0.000333372 -0.0164736
0.000254465 -0.000267094 -0.0136293
0.000268471 -0.000142044 -0.0110593
-7.83303e-05 -0.000135787 -0.0112536
-1.98645e-05 -0.000205901 -0.014107
0.00123688 -0.00375325 -0.0172828
0.00119357 -0.00292517 -0.0140346
0.00150418 0.000108008 -0.00482523
0.00139794 0.000115168 -0.00510428
0.00245709 0.000446286 -0.01098
0.000761321 0.00139755 -0.0307869
0.000942568 0.00198912 -0.0307527
-0.000358852 -0.000621518 -0.013145
-3.61974e-05 -1.03463e-05 -0.00138514
-1.02589e-05 -8.08522e-06 -0.00127769
-3.27104e-05 -5.11065e-06 -0.00124342
0.000753024 -9.78717e-05 -0.0121784
0.000265816 -0.000484012 -0.0156819
0.000692239 5.69042e-05 -0.010157
0.000347873 -0.000301207 -0.0102382
0.00294983 0.00115204 -0.0109828
0.00136052 0.000154862 -0.00546417
0.00235907 0.00067778 -0.0123162
-0.000631971 -0.000605349 -0.00425839
-0.000348867 -5.57889e-05 -0.00468796
0.000229499 -0.000770499 -0.026174
-0.000468055 -8.12275e-05 -0.00692404
-0.000301594 -5.86963e-05 -0.00476197
-0.00319931 0.00208476 -0.0181698
-0.00292898 0.00225909 -0.019148
-0.00309214 0.00281486 -0.0218653
-0.00223393 0.00188031 -0.0193652
0.000421113 -0.00399444 -0.0293632
0.000369427 -0.00410792 -0.0304595
0.000186499 -0.00431786 -0.0309382
0.000211252 -0.00427418 -0.0297236
0.000505607 0.00225668 -0.0212804
0.000850055 0.00340703 -0.0245025
0.00102656 0.00309049 -0.0239952
-0.00209282 0.00260699 -0.0270133
-7.39891e-05 -0.00130439 -0.0275081
0.000509358 -0.00238588 -0.0282004
0.000266678 -0.00152523 -0.0251012
-0.00209769 0.000723866 -0.0167951
-0.00269568 0.000885193 -0.0135216
0.000355957 -0.000109983 -0.00714773
0.00015258 -5.25174e-05 -0.00413728
0.00197567 0.000870455 -0.0142329
0.00270583 0.000924827 -0.014981
0.00232836 0.000852072 -0.0142523
0.000943317 -0.00281421 -0.0159939
-0.00267596 0.00125132 -0.0192639
-0.00216994 0.0013425 -0.020742
-0.00312128 0.00197189 -0.0212894
0.00028619 -0.000546421 -0.0298789
0.000482209 -0.000762181 -0.0155247
0.000520131 -0.000573739 -0.0137469
0.00181087 -0.00275407 -0.0175307
0.00107117 -0.00172779 -0.0203193
0.000973033 -0.000938925 -0.0153711
5.3494e-06 -2.19544e-06 -0.00133566
3.98497e-05 -3.24286e-07 -0.00135365
1.76168e-06 -6.84421e-06 -0.00127455
0.00131504 -0.00250511 -0.0228237
-0.000664532 -0.00084126 -0.0119794
-0.00112367 -0.00111712 -0.0104434
-0.00369363 0.00141757 -0.0136641
-0.00245306 0.000844756 -0.0137166
0.00105472 5.79118e-05 -0.00521916
0.00127379 0.00034038 -0.00962173
0.00202942 0.00035873 -0.0112745
-0.00180305 0.00234457 -0.0216317
-0.00214775 0.00135798 -0.0172882
-0.00195866 0.00184633 -0.0209879
0.00358596 0.00104794 -0.011939
0.00318844 0.000772679 -0.00994543
0.00317175 0.000705264 -0.00923485
0.00179128 0.00310769 -0.0233634
1.29946e-05 -3.0824e-05 -0.00507696
-0.00196887 0.00092013 -0.0142695
-0.00177185 0.00186536 -0.0190106
0.000415468 -0.0013352 -0.0196006
0.000768607 -0.000827482 -0.00499785
0.000997613 -0.00183983 -0.0106532
0.000462779 -0.000184812 -0.00573989
0.000414396 -8.68103e-05 -0.00477504
0.000784648 -0.00057107 -0.00989638
0.00129147 -0.00145103 -0.00921301
0.000848969 -0.0045199 -0.0236115
-6.54948e-05 6.79749e-06 -0.00116986
-0.000113629 7.54615e-06 -0.000971616
-0.000149208 8.38349e-06 -0.00097932
0.0003622 -0.00103735 -0.0210339
0.000264419 0.00305121 -0.0229207
5.15751e-06 0.00176438 -0.0192729
4.46771e-05 0.00315001 -0.024294
-0.00382698 0.00125043 -0.0115849
0.000977508 -0.00409816 -0.0282395
0.00131366 0.000228062 -0.00795457
0.00094963 0.000176833 -0.00615735
0.000221875 -0.000532322 -0.0164943
0.000813738 -0.00112991 -0.0180621
0.000327211 -0.00131623 -0.0206647
0.00018571 -0.00110288 -0.0213858
0.000415175 -0.00260914 -0.0230729
0.00136786 0.00010658 -0.00496896
0.00274429 0.000492123 -0.011034
0.00223144 0.000455834 -0.0100919
0.000449081 -0.0018275 -0.0226173
0.00367668 0.00134129 -0.0144475
0.00351174 0.0015968 -0.0173073
-5.68465e-05 -2.89791e-06 -0.00133337
-5.81495e-05 -4.12639e-06 -0.00139624
-0.000101468 -3.74914e-06 -0.00126354
0.000540427 -0.000495268 -0.0125103
-5.37971e-05 -0.00306758 -0.0165213
-0.000215435 -0.00172822 -0.0190847
-3.78977e-05 -0.000747286 -0.0127256
0.00130979 0.00337735 -0.0246848
-0.00216781 0.000515028 -0.0117717
-0.00216533 0.00126776 -0.0168424
-0.00210463 0.00055711 -0.0107524
-0.00155814 -0.00307533 -0.0177676
-0.00132981 -0.00239552 -0.0137594
0.000323021 -0.00051737 -0.0152069
0.001252 0.00385648 -0.0294962
0.00160887 0.0035825 -0.0287224
0.00165825 0.00379942 -0.0282686
-1.33221e-05 0.00406877 -0.0305985
-3.184e-05 0.0042122 -0.0293484
-0.000277749 0.00419677 -0.0298783
-0.00202214 0.00215454 -0.0184513
-0.0015101 0.00107107 -0.0154676
-0.00263243 0.00221303 -0.0187632
-0.00281153 0.0019665 -0.0167246
-0.00201256 0.000896114 -0.0134633
-0.00144803 0.00085085 -0.0127847
0.000428744 -0.000187652 -0.00548871
0.000398349 -7.9577e-05 -0.00460284
-0.000932714 3.87203e-05 -0.0214513
-0.00131857 0.00057883 -0.0213334
-0.000995781 0.00025271 -0.018431
-0.00101842 6.1874e-05 -0.0157239
-0.00074368 -0.00015576 -0.0193702
-0.00044229 -0.00024799 -0.0204399
0.00327532 0.00201245 -0.0210125
-0.000482131 3.02818e-05 -0.00505446
-0.000376101 2.80722e-05 -0.00521279
-0.000667039 6.59378e-05 -0.00515073
-0.000850759 0.000114579 -0.00973872
-0.000786301 5.81105e-05 -0.00500254
-0.00160413 0.00192957 -0.0169887
-0.00226486 0.00180813 -0.0151864
-0.000279689 -0.000292035 -0.00399538
-0.000279924 -6.34434e-05 -0.0045309
-1.89882e-05 3.32651e-07 -0.00110252
-1.25699e-06 6.85488e-06 -0.00114674
5.63607e-05 -1.66557e-06 -0.00105629
0.00165668 0.00187127 -0.0162673
0.000645867 0.000805642 -0.0131301
0.00111095 0.000669885 -0.0112215
-0.00301956 0.000929393 -0.0127883
-0.00280518 0.000787834 -0.0107464
-0.00022813 -0.00222134 -0.0296441
-0.000119696 -0.00178631 -0.0290342
-0.000554419 -0.00243068 -0.0276871
-0.000129453 -0.00190237 -0.027388
-0.000658861 -0.00282767 -0.0284208
-0.00286279 0.00256023 -0.0238246
-0.00211482 0.00213075 -0.0237183
-0.0015703 0.000891177 -0.012721
-0.00023917 0.00334192 -0.0241178
0.000325261 0.00366017 -0.0255232
-0.00265042 0.00153016 -0.0209821
0.000347541 -0.000955325 -0.0160212
-0.000104768 6.14446e-06 -0.00138189
-8.03459e-05 4.31058e-06 -0.00137781
-6.0059e-05 4.48811e-06 -0.00139747
4.12195e-05 5.82381e-06 -0.00116619
-0.00153152 -0.00393616 -0.0245698
-0.00143213 -0.00357158 -0.0224352
-0.00124377 -0.00426224 -0.0253083
0.000985618 -0.00214382 -0.0110678
0.00071249 -0.00207654 -0.0130911
0.000482489 -0.00204156 -0.0109518
0.000642766 -0.000846498 -0.0111385
0.00110809 0.00253885 -0.0296481
0.00101501 -0.00319161 -0.0145713
0.000713482 -0.00302157 -0.0165476
0.00311552 0.000802876 -0.00774359
0.00374605 0.00113328 -0.0104922
-0.0006731 -0.000706981 -0.0145795
0.000204007 -5.29946e-05 -0.00703061
3.2775e-05 -3.88331e-05 -0.00406216
-0.000356789 -0.000705163 -0.0124776
-6.72246e-05 -0.000522778 -0.0103592
-0.000358949 -0.00136649 -0.0211031
-0.000340671 -0.000694878 -0.0097795
-7.87705e-05 -0.00444402 -0.0311796
5.65796e-05 -0.00390747 -0.0287507
0.00345647 0.00109264 -0.0126761
-0.000114038 -2.91281e-05 -0.00873554
-0.00235031 0.000494557 -0.00778164
-9.34996e-05 -0.000571136 -0.0190991
0.000359482 -0.000435379 -0.011372
-0.000279161 -0.000644652 -0.0130801
4.35647e-07 -0.000688167 -0.0127718
0.000725628 0.000150211 -0.00511176
0.0014456 0.000639692 -0.012098
0.00128147 0.000226375 -0.00790307
0.000791954 0.000150388 -0.00609494
0.00148626 0.000707742 -0.013043
0.000970366 0.000592407 -0.0106624
0.000521671 -8.60682e-05 -0.00755238
0.000615767 -0.000151244 -0.00741594
0.000377305 -0.000147333 -0.00553834
0.000132316 -0.000125091 -0.0069197
0.000192185 -4.29274e-05 -0.00481814
0.000275638 -0.000327607 -0.0114618
0.000462265 -0.00021187 -0.00963661
0.000181849 -2.93515e-06 -0.00513261
5.32474e-05 -0.000336706 -0.0161372
0.000281333 -0.000103512 -0.0137446
0.000196509 -0.000426858 -0.0196128
0.000444662 -9.64041e-05 -0.0174967
0.000286459 -0.0028232 -0.0301014
0.000370392 -0.00339839 -0.0298789
-0.00301626 0.00232119 -0.0226632
-0.00257478 0.00254367 -0.0251182
0.00145104 0.000227283 -0.0078113
0.000404585 -0.000196227 -0.00573193
0.00017671 -4.23976e-06 -0.00489367
0.000232858 -9.57478e-06 -0.0049349
0.000504788 -0.000188777 -0.0117684
-0.00266212 0.00294264 -0.0221972
-0.00190002 0.00192898 -0.0195762
-0.00197796 0.00260224 -0.0224476
-0.00267825 0.00310865 -0.0235435
-0.00228025 0.00326101 -0.0238059
0.00303208 0.00097794 -0.0127872
0.0032574 0.000875105 -0.0110288
0.000434265 -0.000873647 -0.00559609
0.000261993 -0.000165707 -0.00588909
0.000187671 -0.000174763 -0.00580841
0.000488374 -0.0019974 -0.0223061
0.000448784 -0.0023214 -0.0226586
-0.000742054 0.00037572 -0.00817373
-0.00119933 0.00127044 -0.0133327
-0.000777388 0.000692658 -0.00629858
-0.000901976 0.000168504 -0.00567235
-0.00174719 0.00118259 -0.0113804
0.00109617 -0.00128221 -0.0131049
0.000839271 -0.00114443 -0.0103378
6.96876e-05 -0.00448085 -0.0310556
0.000223087 -0.00488136 -0.0297773
-0.00155177 0.00384176 -0.0286201
0.00122735 0.000110947 -0.00532726
0.00172989 0.000331575 -0.00971592
-9.76949e-05 -0.000212412 -0.00756383
-0.000188303 -0.000215959 -0.00746395
-0.000181321 -0.000187852 -0.007684
0.00149346 -0.00386513 -0.0236984
0.0037227 0.00179251 -0.0167764
0.00364659 0.00185816 -0.0185013
0.00266173 0.00160648 -0.0192389
0.000265597 -0.000439314 -0.0134057
0.000644976 -0.000819396 -0.0166701
0.00320296 0.00191065 -0.0177319
0.0037406 0.0018596 -0.0158647
0.00344318 0.00259338 -0.0208643
0.00283153 0.00136352 -0.0165477
0.00231916 0.00157814 -0.0183942
-0.00015136 -0.00092145 -0.0199928
0.000146722 -0.00345551 -0.0270397
0.000457303 -0.00470497 -0.0293297
-3.09314e-05 -0.000100282 -0.00489723
-0.000280627 -0.000309395 -0.0098282
-0.000311572 -0.00366256 -0.019953
-4.42603e-05 -0.00472289 -0.0239775
4.83143e-05 -0.000829901 -0.0203898
-0.000415823 -0.000471867 -0.0218477
-0.00239898 0.00291787 -0.0219017
-0.00134228 0.0018258 -0.0191352
-0.00194499 0.000686746 -0.0131419
-0.000395663 -0.00046016 -0.0124752
-0.000124082 -0.000441958 -0.0122252
0.000174003 -0.00389302 -0.0315641
0.00194592 0.000437691 -0.00386194
0.0029052 0.000618049 -0.00831059
-0.000397094 -0.00013442 -0.0163465
-0.000324329 -3.9258e-05 -0.0111522
0.000779453 0.00383024 -0.0263602
0.00163623 0.000354822 -0.00304102
0.00157457 0.000115665 -0.0046163
0.00126239 0.0014021 -0.0279059
0.00106687 0.000127125 -0.00582868
0.001437 0.000492798 -0.0102946
0.00200751 0.000580738 -0.0125224
7.28974e-05 -0.00113607 -0.0294426
7.08489e-05 -0.00126306 -0.0270487
-0.000594744 7.13777e-05 -0.00933337
-0.000452565 6.70032e-05 -0.00448661
-0.00102574 0.000243333 -0.00931259
0.00130551 0.000134663 -0.00545969
0.00299599 0.000782849 -0.0103411
-0.00174086 0.000441911 -0.0134378
0.00349385 0.00204289 -0.0194506
0.00278912 0.000941174 -0.0139641
0.00359962 0.00211799 -0.0187632
0.00265769 0.00176326 -0.0196014
0.00152607 -0.00239575 -0.015319
0.00156757 -0.00286836 -0.0141102
-0.00297564 0.00186367 -0.0165212
0.00280757 0.00178383 -0.0157659
0.00234436 0.00166863 -0.0147272
-0.000593431 3.86864e-05 -0.00433691
-0.00113728 0.000163177 -0.00900744
-0.00159382 0.00270888 -0.0286833
-0.000567884 -0.00032995 -0.0128447
0.000185345 -0.00225348 -0.0303336
0.00208189 0.00149388 -0.0178467
0.00179614 0.00107103 -0.0148379
0.0006961 -0.00406395 -0.029638
-0.000679905 -0.00488307 -0.0265368
-0.000329414 -0.003091 -0.023826
-0.000389865 -0.00480719 -0.0258021
-0.000160439 -0.0050179 -0.0277732
9.78055e-05 -0.00335732 -0.0252326
0.000437481 -0.0031541 -0.0147344
-0.00030426 8.47134e-06 -0.0050135
0.00297604 0.00179052 -0.016712
0.00204397 0.000803705 -0.0147564
0.00204079 0.00124605 -0.0169529
0.00189151 0.00133334 -0.0191063
-0.00201385 0.00268858 -0.0208506
5.75661e-05 -5.30654e-05 -0.00467232
0.000195677 -0.000152355 -0.00938971
-0.000379397 -0.00276052 -0.0291544
5.39196e-05 -4.33455e-07 -0.000997065
6.95956e-05 1.80343e-06 -0.00100266
0.000144603 7.89278e-06 -0.00105609
0.00116827 -0.00178647 -0.0198623
0.000770391 -0.000595819 -0.0138221
-0.00266236 0.00177711 -0.0221014
-0.00260828 0.00218868 -0.0235925
-0.00217913 0.00228226 -0.0259395
-0.00224333 0.00185742 -0.0246236
0.00280503 0.00277943 -0.0218759
0.00322719 0.00254367 -0.0201916
0.00195762 0.00241335 -0.0218253
0.0019153 -0.00355143 -0.0195404
0.00105397 -0.00111642 -0.0158328
-0.000258455 -0.000432238 -0.0104495
-0.000303972 -4.85805e-05 -0.00789804
-0.000510405 -0.00065411 -0.00473739
-0.000430712 -8.68896e-05 -0.00516402
0.00172178 -0.00286372 -0.0201457
0.000811957 0.000150967 -0.0061307
0.000573843 -0.000195695 -0.00925117
0.00271428 0.000759776 -0.0107472
-0.00138419 0.000177443 -0.00612467
-0.00156205 0.000295309 -0.00883925
-0.00110172 0.000168662 -0.00550578
-0.00220468 0.000638277 -0.0109869
-0.000256124 0.00282412 -0.02179
-0.000741994 0.00177929 -0.0190692
-0.0005767 0.0021437 -0.0181028
-8.96918e-05 0.00212333 -0.0166522
-0.00056513 0.000852322 -0.0130719
-0.000327537 0.00151831 -0.0176196
-6.58863e-05 1.36619e-06 -0.00140168
-0.000111307 3.25627e-06 -0.00139904
-0.000426312 -0.00324624 -0.0171157
0.00151135 -0.00223867 -0.0124956
0.000876412 -0.000471261 -0.0115932
1.99196e-05 1.87524e-05 -0.00105361
1.87765e-05 1.90809e-05 -0.00119516
-1.84688e-05 1.89647e-05 -0.00122269
0.00248998 0.00106716 -0.0159311
0.00196739 0.00119874 -0.016183
0.00171303 0.000983195 -0.0146046
0.00167505 0.000832335 -0.0129018
0.000477322 5.89383e-05 -0.0121675
0.000190649 -4.40466e-05 -0.010857
0.000443216 -3.97933e-05 -0.0148093
-0.0034569 0.00102647 -0.0110628
0.000618043 -8.94018e-05 -0.00960877
0.00111854 0.000106733 -0.0115994
0.00133157 0.000152781 -0.00900643
0.000800856 7.24589e-05 -0.00758962
0.00154516 0.000510549 -0.00451133
0.0029697 0.000974456 -0.00934355
0.00201129 0.00338661 -0.0272835
0.00193488 0.00319481 -0.0277328
0.0018142 0.00308527 -0.0254268
0.000988304 -0.00238436 -0.0248831
0.000508218 -0.00201344 -0.0265067
-0.00104304 0.00273726 -0.0306464
-0.000987972 0.00311434 -0.0308881
-0.00222122 0.00126878 -0.0218685
-0.000271015 0.00383525 -0.0272684
-0.000284543 0.00437955 -0.0291591
-0.000607582 0.00424299 -0.0295799
-0.00357737 0.0009876 -0.0106451
-3.44958e-05 -0.000872782 -0.0151406
5.02371e-05 -0.0016859 -0.0194193
-9.04149e-05 -0.001636 -0.0192189
-0.00130511 0.000218654 -0.0133738
-0.00177762 0.00039633 -0.0106177
0.00166029 0.000484995 -0.00436612
0.00152354 0.00014906 -0.00532447
-0.00182262 0.00156344 -0.0236174
0.000242824 0.0021605 -0.0183018
0.000167492 0.000850316 -0.0134111
-0.00017304 -3.9844e-05 -0.00548081
-0.000372231 -0.00179391 -0.0271752
-0.000335734 -0.0017445 -0.02557
0.00065036 0.00267003 -0.0217592
0.000186521 0.00186249 -0.0186684
0.000263161 0.00316981 -0.0237426
-0.00161649 0.00226509 -0.0239653
0.000329122 -0.00318354 -0.0270021
0.000331629 -0.00340837 -0.0285099
0.000768105 -0.00439078 -0.0291576
-0.00161741 0.0026933 -0.0232841
-0.0012756 0.00321889 -0.0257418
0.00063598 0.000140309 -0.00620114
-3.54348e-05 -0.00024789 -0.0138745
-0.00028752 -0.00288578 -0.0301575
-0.000136543 -0.00231146 -0.0306755
0.00147256 -0.00360732 -0.0243225
-0.00254536 0.000667465 -0.0128187
0.00079853 0.00179201 -0.0162986
0.00114225 0.00162238 -0.0142551
-0.000742783 -0.00179882 -0.0231839
-0.000380255 -0.00132836 -0.0229292
3.77262e-05 -0.000691663 -0.0225099
0.000722885 0.000157857 -0.0137095
0.00347447 0.00172092 -0.0148608
-0.0011061 0.00010873 -0.00516293
-0.00114321 8.60104e-05 -0.00515671
-0.00096718 9.16275e-05 -0.00535083
-0.00291991 0.00298874 -0.0233293
0.000528821 -0.00128488 -0.0207656
0.000204842 -0.00113671 -0.0228045
0.000961741 -0.00200339 -0.0228014
0.000605842 -0.00187458 -0.0246823
0.00016858 6.28383e-06 -0.00098757
0.000102347 7.9898e-06 -0.000990808
9.22867e-05 6.12304e-06 -0.00109257
-0.00018779 -0.000709698 -0.0241735
0.000229443 -0.000868749 -0.0157717
0.000286638 -0.00172628 -0.0198245
-0.00139897 -0.00363672 -0.0208054
-3.30319e-05 2.29598e-06 -0.00142035
-8.10059e-06 4.48087e-06 -0.00140072
0.00138943 -0.00410634 -0.0249366
-0.000685048 0.000305807 -0.00809582
-0.000808528 0.000167996 -0.00562078
-0.000558012 -0.00157624 -0.0193012
-0.000452789 -0.00200672 -0.022174
-0.000888102 0.000251276 -0.025603
-0.000957836 0.000658789 -0.0271308
-0.000195026 -0.000748329 -0.0260387
-0.000376214 -0.000432917 -0.0274641
-0.000620966 -4.44566e-05 -0.0264028
-0.000110808 -5.71141e-05 -0.00495843
0.000441421 -4.07222e-05 -0.0122117
0.000327568 -0.00366571 -0.0309452
0.00126263 0.000106712 -0.00506015
0.00103305 5.68955e-05 -0.00501989
0.00237998 0.00313311 -0.0260591
-0.00119452 0.00398441 -0.0294825
-6.37338e-05 -0.00103783 -0.0278588
-0.00153208 0.000276007 -0.00881063
-0.00108179 9.33657e-05 -0.00538612
-0.000859117 9.40338e-05 -0.00527844
-0.00139394 0.000279618 -0.0101187
-0.00154352 0.000638011 -0.0132337
6.51854e-05 4.75759e-06 -0.00111223
0.000124329 -1.37712e-06 -0.00104572
-0.000643668 -0.000827418 -0.00518365
-0.00109787 -0.00147934 -0.0100785
0.00353222 0.0014839 -0.0126078
0.000181891 -0.001885 -0.0289887
0.000239493 -0.00170504 -0.0280734
-0.000104036 5.37105e-06 -0.00131119
-0.000100251 5.94488e-06 -0.00125703
-0.00133022 0.00224857 -0.0294219
-0.00173268 0.00229742 -0.0278181
-0.000641909 0.00217594 -0.0199135
-0.000893104 0.00120311 -0.0157953
-0.000532386 0.00063833 -0.0127686
-0.000561408 0.00109856 -0.0140846
-0.000315131 0.00143628 -0.0173208
0.00135764 0.000561423 -0.00551369
0.00121119 0.000580117 -0.00569151
0.00096201 0.000171292 -0.00623283
0.00193641 0.00112752 -0.0113693
0.000296162 -3.64399e-05 -0.00487993
0.000616509 -0.000439855 -0.0103886
-0.00182742 0.00183405 -0.0266675
-0.00115759 8.5274e-05 -0.0103045
-0.00088049 -5.58512e-06 -0.0128136
-0.000541816 -0.00011895 -0.0073842
0.000109788 -0.000418304 -0.00730702
-0.000157714 -0.00130919 -0.0259074
0.00128048 0.00296845 -0.0293915
0.00124711 0.00314769 -0.027311
-0.00133849 0.000184497 -0.00547104
-0.00138892 0.000166847 -0.00536297
0.00189502 0.00168625 -0.0198906
0.000164385 -0.000240315 -0.011733
0.00140554 9.84291e-05 -0.00476147
-0.000197004 1.20626e-05 -0.00518039
-0.000232127 7.59758e-07 -0.00435457
-9.64704e-05 4.08168e-06 -0.00435246
-0.000135521 2.04162e-07 -0.00919324
-0.00119751 -0.00447002 -0.0238289
-0.00205334 0.000891913 -0.0145841
-0.00199547 0.00142797 -0.0186378
-0.00138938 0.00118662 -0.0264972
-0.00152441 0.00161173 -0.0261759
-0.00182631 0.00127209 -0.0244792
0.000613273 -0.000309951 -0.012033
0.000108207 1.33801e-06 -0.00122875
8.71051e-05 1.91943e-06 -0.00120482
7.36989e-05 2.35967e-06 -0.00135794
-0.00100784 0.000454593 -0.0241976
-0.000645303 -0.000189401 -0.0237928
-0.000408024 -0.000421299 -0.0246329
0.00228222 0.00102464 -0.0190136
0.00238782 0.00160402 -0.0224905
0.00206458 0.0012128 -0.0222506
0.0018222 0.00109296 -0.021058
-0.00145091 0.000989266 -0.0235177
0.00164725 0.000751829 -0.0215396
0.000531084 -0.00472368 -0.0252191
0.000971842 -0.00458467 -0.025235
-6.4258e-05 -0.00167972 -0.0302887
-0.00041928 3.03061e-05 -0.00435045
8.20015e-05 -0.00489412 -0.0255754
0.000202283 -0.00514301 -0.0275819
-0.00185868 0.00104818 -0.0175954
-0.00155117 0.00119342 -0.0214116
-0.00185031 0.00171489 -0.0214427
0.000298673 -1.55926e-05 -0.00515338
0.000323301 -1.67956e-05 -0.00504371
-0.000239952 -0.000422469 -0.0123947
-0.000334243 -4.02815e-06 -0.00909983
-0.000311826 3.26679e-05 -0.00416315
-0.000175669 8.36211e-06 -0.00844754
-0.000502833 -3.8509e-06 -0.0117662
0.00120284 0.000450864 -0.0235254
0.00156221 0.000942747 -0.0241745
-0.00211682 0.000520699 -0.00937205
-0.000973732 0.00357871 -0.0302689
-0.0010345 0.00356127 -0.0277135
0.000372752 -0.00239661 -0.022637
-0.000420737 -0.000475021 -0.015301
-8.65633e-05 -0.000233703 -0.0120901
-0.00115605 8.10868e-05 -0.00517852
-0.00120359 8.59058e-05 -0.00525607
-0.00174139 0.000347402 -0.00998595
0.000201482 -0.00132691 -0.0263396
-9.08052e-05 -0.000794602 -0.0231875
0.000186828 -0.00022115 -0.00817034
0.000243098 -0.000244847 -0.00826885
0.000297116 -0.00022192 -0.00806372
0.000290483 -0.000163274 -0.00572313
-0.00343064 0.00169904 -0.0143519
0.0034286 0.00218651 -0.0208241
0.00296434 0.00231382 -0.0229348
0.00394273 0.00147175 -0.0131525
0.0028241 0.000844054 -0.0135145
6.13729e-05 -0.000191841 -0.00566303
0.00190089 0.00151178 -0.0138922
0.001461 0.00155378 -0.0134896
-0.00111464 0.00233012 -0.0194503
-0.000764253 0.0030447 -0.0229349
8.72879e-05 -0.000145465 -0.0115416
-0.000425212 -0.000394571 -0.00403616
-0.000806722 -0.000937931 -0.00807294
0.000212879 -0.00271996 -0.0315624
0.000311875 -0.00335749 -0.0313928
-0.00128711 0.000277888 -0.0121894
0.000434848 -0.00366176 -0.0271244
-0.0031703 0.00112073 -0.0106727
-0.00159565 0.000173582 -0.00596228
-0.00202244 0.00059844 -0.00525132
-0.00273426 0.00113226 -0.0104799
0.000409387 -0.000459819 -0.0248513
-0.00106225 0.000740362 -0.00623366
-0.00217744 0.0013544 -0.0111958
0.000737646 7.0781e-05 -0.0107885
8.96954e-05 3.66598e-06 -0.00126645
7.64823e-05 2.5503e-06 -0.00140882
2.60231e-05 4.27949e-06 -0.00138278
-0.000941485 0.00173327 -0.0300209
-0.00124301 0.00187278 -0.0285799
-0.00129446 0.00194123 -0.0269118
-0.000325512 -0.000496336 -0.0287656
-0.000594055 0.00016852 -0.0284117
-0.000392283 -0.000106751 -0.0299051
-0.000199652 -9.69086e-05 -0.0108222
-9.84405e-05 4.03804e-06 -0.00112407
-0.000193915 6.62127e-07 -0.000990928
-0.000155756 8.54756e-06 -0.00104708
0.000231021 -0.000129998 -0.0121302
-0.000948285 0.00130053 -0.0291817
0.00022896 0.00415979 -0.029885
0.000291782 0.00433982 -0.0287489
0.000240129 0.00373349 -0.0265987
0.000569824 0.00423919 -0.0291159
0.00107866 0.00348971 -0.0300667
0.000761621 0.00374337 -0.0307319
0.00098295 0.00358993 -0.0279305
-0.000609431 -0.000854771 -0.00561774
-0.00107224 -0.00167408 -0.0106933
-0.000123233 -9.07327e-05 -0.000963432
-8.37728e-05 -9.22973e-05 -0.00104949
0.00167208 0.00089112 -0.0172016
0.00147493 0.000647401 -0.0134026
0.00168525 0.000521125 -0.0138732
-0.000553834 -0.000924598 -0.00582432
-0.000465868 -9.71568e-05 -0.0053572
9.12617e-05 -0.000636782 -0.0130721
7.72783e-06 -0.00117024 -0.0170058
-0.000650478 -0.00478223 -0.0248879
-0.000311597 0.000166602 -0.00589922
-0.000739324 0.00120581 -0.0117015
0.00045221 0.000148947 -0.00634124
0.000631171 0.000152175 -0.00623496
0.000520582 0.000157581 -0.00548468
0.000828355 0.00053752 -0.0110486
0.000334406 0.000143551 -0.00552534
-0.00105791 0.000171305 -0.00564515
9.79153e-05 1.61466e-05 -0.00119811
0.000101965 1.12444e-05 -0.0012888
7.45215e-05 1.26519e-05 -0.00117549
-0.00114683 0.00210749 -0.0199248
-0.00104775 0.00268992 -0.0226683
0.000447606 0.000172907 -0.00634134
0.000151743 9.92521e-05 -0.00580404
0.000350398 0.000494211 -0.0112216
0.000104024 0.000117206 -0.00580802
-0.000174585 0.00261755 -0.0219369
0.000654354 0.00136202 -0.0161169
0.00110098 0.00205832 -0.0194259
-0.000872761 0.000204669 -0.0168793
-0.000836502 0.000148779 -0.0141198
-0.000383556 -0.000222007 -0.0189841
-5.19631e-05 -0.00228769 -0.0219452
0.000943288 0.000547944 -0.00570333
0.000728145 0.000571638 -0.00589169
0.000781074 0.000179146 -0.00638199
0.00153101 0.00108962 -0.0115165
0.000669434 0.000749067 -0.0304119
-9.23233e-05 -3.55223e-05 -0.00664411
0.000100634 -2.99447e-05 -0.00659435
0.000672621 6.0479e-05 -0.00637892
0.000767583 3.4157e-05 -0.00664397
0.000431386 1.59618e-05 -0.00476975
0.000323052 1.50454e-05 -0.00458819
-0.00161811 0.00170202 -0.0182148
-0.00167874 0.0012233 -0.0155464
-0.00166247 0.00233814 -0.0213589
0.00358093 0.00211906 -0.0192137
0.000228966 -1.94247e-06 -0.00500399
-0.00101055 0.00180217 -0.0162272
-0.000515462 0.0017618 -0.0147923
0.00124968 0.000650776 -0.0116746
0.00255496 0.00254024 -0.0245951
-0.000918281 -0.00207122 -0.0235248
-0.000574365 -0.00183311 -0.0254474
0.00116117 0.000954779 -0.0133754
0.000234099 -7.22966e-05 -0.0010681
0.000292156 -7.25776e-05 -0.00105378
0.000383513 -7.70713e-05 -0.00463461
0.000754352 -0.000537887 -0.00564854
0.000914808 5.27693e-05 -0.00635489
-0.00257336 0.00162028 -0.013846
0.000672364 0.00413297 -0.0278047
0.000969522 0.00411165 -0.0280966
0.00170706 0.00148448 -0.0173758
0.00131807 0.00236573 -0.0209565
0.00175339 0.00222063 -0.020859
-0.000104766 1.42622e-06 -0.00456245
2.96508e-05 -1.91215e-06 -0.00451238
-0.000671298 0.000532535 -0.0295454
-0.00102095 0.00104565 -0.0283406
-0.00071333 0.000450597 -0.0288099
-0.000741554 0.000480646 -0.0272123
9.29155e-05 8.76451e-06 -0.00128167
0.000139231 6.23839e-06 -0.00119518
0.000121942 9.50148e-06 -0.00129423
-0.000231347 0.00104844 -0.0151613
0.000350047 -0.000867183 -0.0148452
-0.00189564 0.000820013 -0.0143724
0.000192138 2.75056e-05 -0.00476601
0.00013744 1.82708e-05 -0.00462545
-0.00135221 0.000189492 -0.00831191
8.37966e-05 -3.79303e-05 -0.00902542
-0.00129285 -0.00307654 -0.0141866
-0.000823308 -0.000572516 -0.010472
0.00122016 -0.00265956 -0.0131417
-0.000890992 0.000231585 -0.0116754
9.3305e-05 -0.00408796 -0.0317111
-0.000167378 0.00154955 -0.0166514
-0.000173629 -4.16786e-05 -0.00372844
-0.000417953 2.28847e-05 -0.00418528
-6.94449e-05 -2.34499e-05 -0.00383776
9.86559e-05 -7.65791e-06 -0.000987598
0.000110575 -4.48848e-07 -0.000967691
0.000120153 1.67615e-06 -0.00112284
-0.00135831 0.00241318 -0.0214915
0.000695565 4.69987e-05 -0.00373632
0.000562376 4.06877e-05 -0.00380193
-0.000997802 0.00118732 -0.0268867
-0.00141958 0.00155733 -0.0276968
0.00030359 -6.9694e-05 -0.00494041
-0.00131378 0.000620477 -0.00601395
-0.00100798 0.00415037 -0.0295001
-0.00144081 0.003987 -0.0284713
0.000738707 -5.84954e-05 -0.0232319
0.000333126 -0.000528241 -0.021706
8.95365e-05 -0.000830932 -0.0242923
0.000604682 0.000161128 -0.00618851
0.00135675 0.00026453 -0.0034882
0.000956143 0.000109518 -0.00263896
0.00147146 0.000272102 -0.00590265
0.000795037 4.26967e-05 -0.00358004
0.00202491 0.000400206 -0.00684269
-0.000208804 -0.00279938 -0.0317432
-0.000286163 -0.00327908 -0.0317564
-0.00176455 0.00020014 -0.00724442
-0.00219536 0.000478561 -0.0114961
-0.00126849 -0.0024516 -0.0227704
-0.0014438 -0.00319013 -0.0244109
0.000769745 0.000756395 -0.0135492
0.00125894 0.0014239 -0.017242
-0.0011005 8.10996e-05 -0.00534823
-5.35117e-06 0.000100896 -0.00583516
-0.00113224 6.22894e-05 -0.00459871
-0.00127587 7.31634e-05 -0.00425786
-0.00118855 0.000419948 -0.0154087
-0.00103676 0.000462995 -0.0194715
-0.000713969 8.8541e-05 -0.0207919
0.00126998 -0.00414749 -0.0266286
0.000706576 -0.00315778 -0.0251491
0.00029363 0.00013521 -0.00513438
0.00067951 0.000557893 -0.0106617
0.00013749 0.000527147 -0.0102205
-0.00168182 0.000648271 -0.0145049
-0.0014472 0.00081209 -0.0186605
4.2526e-05 2.47983e-05 -0.00468768
0.000284322 -0.000246958 -0.00933672
-0.00014978 -0.000885282 -0.0211041
-0.00033145 -0.00128433 -0.0237722
2.42512e-05 6.84483e-07 -0.00139338
4.34515e-05 1.48797e-06 -0.00144072
-1.65929e-05 6.4352e-06 -0.00140841
-0.00224124 0.00341978 -0.0267517
0.000886433 7.3833e-05 -0.0049334
0.00128309 0.000216353 -0.0111169
0.0007508 5.99234e-05 -0.00512214
0.0003775 0.000177509 -0.00862572
0.000342614 0.000315848 -0.00872284
4.90947e-05 0.000106165 -0.0057281
9.39821e-05 0.000645621 -0.0131368
0.000302085 4.01152e-05 -0.00142241
0.000294214 4.06043e-05 -0.00146006
0.000896958 0.00115106 -0.0143192
-3.19954e-05 6.26341e-06 -0.00140295
5.60156e-06 8.62624e-06 -0.00137384
-0.00130891 0.0029361 -0.0240266
-0.00153349 0.00322271 -0.0249208
0.000593919 -0.00496302 -0.0271785
0.000473606 -0.00328137 -0.0253102
-1.47328e-05 -0.000103191 -0.00105966
0.00195977 0.00142748 -0.0244767
0.00300661 0.00295225 -0.0226498
-0.000194614 -5.50044e-05 -0.00465924
0.00207424 0.00318516 -0.0238461
0.00261261 0.00309406 -0.0236242
-0.00101265 0.00106903 -0.0137572
-0.00102373 0.000571172 -0.0124672
-0.00140861 0.00136511 -0.0171699
0.000541705 0.00016646 -0.00517671
0.000280027 -0.000432288 -0.0127015
0.000992593 0.00272649 -0.030651
0.00106478 0.00327139 -0.0302322
0.00146688 0.000837267 -0.019636
0.00104998 0.000609742 -0.0224241
0.000324828 0.000165574 -0.0056134
-0.00085616 0.00222225 -0.0311854
-0.00121268 0.00241558 -0.0283217
0.000980782 0.00408545 -0.0293673
0.00143946 0.00396385 -0.028274
0.00102201 0.00361426 -0.0262707
0.00037804 1.52842e-06 -0.00868116
-0.000672145 0.00101361 -0.0308344
-0.000773772 0.000909996 -0.0288668
0.000954819 9.81432e-05 -0.00946119
0.00140249 0.00119808 -0.0155997
-2.49927e-05 0.0039836 -0.0320533
-0.000259864 0.00413385 -0.0315912
-0.000380513 -0.00239307 -0.0224897
0.00179063 -0.00316382 -0.016596
-0.00046618 -0.000172857 -0.00577187
-0.00100544 -0.00219184 -0.0109885
-0.000257401 1.40128e-06 -0.00488265
-0.000269958 -0.000161289 -0.00566832
-0.000543915 -0.000433654 -0.0106558
-0.0011414 -0.0028616 -0.02533
-0.000645145 -0.00178659 -0.0233907
-7.11756e-06 0.0037249 -0.0267095
0.000421347 5.06133e-05 -0.00137849
0.000474016 5.44798e-05 -0.00131786
-1.18835e-05 -9.95342e-05 -0.00118451
-0.000454469 0.000291834 -0.0311751
-0.001443 0.000100224 -0.00475822
-0.00131871 7.28882e-05 -0.00485264
-0.00212098 0.00033723 -0.0093258
-0.00124693 8.0405e-05 -0.00503806
0.000180826 -0.000818244 -0.00698274
0.000251088 -0.00222676 -0.0112273
-0.00137384 -0.00363541 -0.0255723
-0.00112236 -0.00333503 -0.0265612
0.00119604 0.000402775 -0.0127775
0.00110243 0.00113582 -0.0110488
0.000510132 0.000160617 -0.00556785
0.00116426 0.000118986 -0.00574657
6.67188e-05 -0.000855214 -0.022611
0.00112227 -0.00447962 -0.0261111
0.00166811 0.00244429 -0.0223086
0.00179538 0.00218789 -0.0215544
0.00193374 0.00197986 -0.0200282
0.00232487 0.00261162 -0.0230058
-0.000121974 -0.000164112 -0.00462299
-3.90538e-05 -0.000170915 -0.00468523
-1.51731e-05 -0.000109875 -0.00458982
0.000106591 -9.37544e-05 -0.0011412
-0.00419308 0.0015754 -0.0134645
-0.00277192 0.000601383 -0.0107916
-0.00265998 0.000575997 -0.00976877
-0.0021635 0.000568073 -0.00415226
-0.00217349 0.000544914 -0.00427831
-0.0033054 0.000858962 -0.00854392
-0.00166458 0.000112515 -0.00456789
-0.00324815 0.000817366 -0.0081857
-0.00161295 0.000130454 -0.0042063
-0.00260924 0.000447121 -0.00862014
-0.00338728 0.000961142 -0.00841045
-0.000204278 -0.00390438 -0.0315458
-0.000104563 -0.00407876 -0.0319826
-0.0016189 0.00242359 -0.0203137
-0.0014801 0.00302559 -0.0228953
-0.00192332 0.00321542 -0.0235133
0.00375805 0.00181403 -0.0165171
0.00377612 0.00152105 -0.0133144
-0.000796061 -0.002373 -0.0260033
-0.000645378 0.00399786 -0.0301878
-0.000699061 0.00373408 -0.0277961
0.00177412 -0.00230756 -0.014673
0.00115101 -0.000856586 -0.0134409
0.00156608 0.00126887 -0.0209506
0.00133045 0.00107105 -0.0230852
0.00113908 0.000113598 -0.00563765
-0.00186863 0.000265978 -0.00705466
-0.0013049 0.000108678 -0.00448497
-0.00140748 0.000111309 -0.00433225
-1.59029e-05 -0.0041738 -0.031916
0.00167458 0.00344584 -0.0251178
0.000797805 0.000186427 -0.0124388
0.000576923 0.00376545 -0.0276254
0.000544303 0.00405152 -0.0304751
-0.000719477 3.34984e-05 -0.00085605
0.0033182 0.0023964 -0.0212259
0.00156061 -0.00295286 -0.0227147
0.0019482 -0.00316582 -0.0200833
-0.00203739 0.000507034 -0.00401077
-0.00157365 0.000105829 -0.00445881
-0.00162527 0.000837165 -0.0125638
0.00104461 -0.0044996 -0.0277619
-0.000199058 2.8966e-06 -0.00459836
-0.000501454 0.000612451 -0.00573669
-0.000360085 0.00125728 -0.0112282
-0.00148397 0.00017621 -0.00591285
7.38713e-05 -3.01862e-05 -0.00511244
0.000148234 -4.43095e-05 -0.0050327
0.000387293 -0.000869202 -0.00528379
5.62383e-05 -8.26716e-05 -0.00110965
0.00094779 -0.00193242 -0.0106984
0.000523322 -0.000780462 -0.00677
0.000334523 -0.000190378 -0.00591951
-0.000833991 0.00382194 -0.0302288
-0.000304008 0.000173224 -0.00586922
-0.00215662 0.00360882 -0.0258243
-0.00100319 0.00408852 -0.0285943
-0.00107168 0.00367524 -0.0270726
-9.19481e-06 7.06943e-06 -0.00436215
0.000231468 -5.35942e-05 -0.00917357
-0.000133181 -6.81596e-05 -0.00490404
0.000310195 1.50088e-05 -0.00429658
-0.000643631 4.06976e-05 -0.000884841
-0.00202835 0.000424218 -0.0112774
-0.00234087 0.000983254 -0.0158403
-0.000113939 9.80948e-05 -0.00573799
0.00019324 -0.000584099 -0.0130235
0.000294015 -0.000147239 -0.00982348
0.000487514 0.00165057 -0.0146541
0.000288482 0.000630599 -0.0108884
-0.000218348 -0.000866074 -0.0301801
-0.00167964 0.000737553 -0.0129953
-0.00137359 0.0013259 -0.0164242
-0.000774819 -0.00365892 -0.015486
0.000497012 3.73654e-05 -0.00087825
0.000562101 4.98018e-05 -0.000858924
0.00162445 0.000137464 -0.00491973
0.00228658 0.000414154 -0.00567634
0.00160108 0.000113165 -0.00481363
0.00203783 0.00350888 -0.0271667
-0.000874096 -0.00471515 -0.0260523
-0.0036137 0.00155304 -0.0130602
4.80282e-06 7.43363e-06 -0.00136373
4.00621e-05 7.4278e-06 -0.00131561
0.000772936 0.000158842 -0.00622975
0.00078532 0.000172907 -0.00629801
-0.000415787 -0.00189774 -0.0225659
8.90944e-06 1.10982e-05 -0.00109952
3.18318e-05 1.05881e-05 -0.00110766
5.03228e-05 5.8473e-06 -0.0010168
0.00306343 0.00288824 -0.0231538
-0.00179049 0.000352487 -0.0111776
-0.00166723 0.000570047 -0.0156778
-0.00150095 0.000110488 -0.00691297
-0.00152232 0.00012455 -0.00663439
-0.00167069 0.000140769 -0.00677689
-0.000610778 -3.88485e-05 -0.0254693
-0.000323208 -0.000595422 -0.0275082
0.00131119 0.000176591 -0.00847736
0.00255344 0.00200017 -0.0209727
0.000154862 0.00102891 -0.0143054
-0.000130478 0.000793108 -0.0120306
0.0016482 0.00270892 -0.0244063
0.00133524 0.00319055 -0.0255603
-0.00195556 0.00058356 -0.00479392
-0.000668343 3.09024e-05 -0.00114439
-0.000586906 3.10736e-05 -0.00103252
-0.00193812 0.000415447 -0.00452003
0.00147373 0.000247135 -0.00359284
0.00092492 4.82241e-05 -0.0036134
0.00281444 0.00277605 -0.0244379
0.000309765 -0.000511398 -0.0228154
-0.00172153 0.000179414 -0.00580729
-0.00330927 0.0010626 -0.0100778
9.75443e-05 -2.41651e-06 -0.000607434
6.67743e-05 -6.10272e-06 -0.000668446
0.000367067 -4.35892e-05 -0.00454284
0.000239505 8.46231e-06 -0.00415716
0.000409849 1.11001e-05 -0.00409914
-0.00379917 0.00149024 -0.0116469
-0.00380408 0.00130481 -0.0108111
0.00166315 -0.00314087 -0.0224873
-1.26274e-05 -0.00351592 -0.0142841
-0.000230728 -0.000760479 -0.0117862
-2.86814e-05 -0.000690316 -0.00997944
0.000340697 -0.000803939 -0.00527201
-0.000575435 0.00380385 -0.0311582
-0.000415498 -0.000122241 -0.00898511
0.000289711 -5.43183e-05 -0.004479
1.88919e-05 1.82237e-05 -0.0012252
4.58862e-05 1.70744e-05 -0.00114744
2.615e-05 1.97435e-05 -0.00108244
-0.000540171 2.74093e-05 -0.000617742
-0.00053455 2.87672e-05 -0.000665804
-0.00173107 0.000382543 -0.00355426
0.00209567 0.00050839 -0.00481586
0.00338574 0.000925779 -0.00928305
-0.0017088 0.000921849 -0.0225366
-0.00111251 0.000344676 -0.0231639
4.03374e-05 -0.00136972 -0.0294027
6.85602e-05 -0.000172907 -0.00378003
7.04502e-05 -4.69217e-05 -0.00389145
-0.00122061 0.000495857 -0.0131425
0.000777687 -0.00472341 -0.0279786
-0.00243607 0.00328516 -0.0253464
-0.00193396 0.00371538 -0.0274036
0.000735439 -0.00464768 -0.0268474
0.000332843 -0.00499047 -0.0286442
9.25666e-05 -0.00240948 -0.0224474
0.000139036 -0.00300623 -0.0248332
-2.20099e-05 -0.00297037 -0.0243021
-0.00155776 0.000235465 -0.00904947
0.000177004 -0.000116524 -0.00363157
0.000283417 -0.000213088 -0.00737001
-9.22087e-05 -8.15093e-05 -0.000954733
-0.000184901 -9.04605e-05 -0.000912535
-0.000624638 4.35658e-05 -0.0012966
-0.000602158 4.60444e-05 -0.00122189
-0.00202191 0.00069529 -0.0055112
0.000148714 -3.05504e-05 -0.00478693
0.000181323 -4.34498e-05 -0.00508648
6.80399e-05 -3.79136e-05 -0.00511353
0.000184039 -0.000294696 -0.009398
-0.00110694 7.031e-05 -0.0050909
-0.00118856 7.53972e-05 -0.00498171
-0.00188653 0.000644413 -0.00567577
-0.000880916 0.00031018 -0.0227141
-0.000989231 0.000766178 -0.0246492
3.83747e-05 -0.00138788 -0.0252391
9.81072e-05 1.13241e-05 -0.00137495
0.000100638 0.00016545 -0.00594638
-0.000173519 0.000503095 -0.0108845
0.000281112 -4.03567e-05 -0.00502996
-0.000653008 0.000387892 -0.0105104
0.00111406 0.0038768 -0.0267836
-0.00167612 0.00036532 -0.00374014
0.00123382 0.000125844 -0.00557831
-0.000372368 4.22647e-05 -0.00136171
-0.000306579 4.0364e-05 -0.0014733
0.0010597 0.000206154 -0.00927763
0.00064231 0.000112912 -0.00897192
0.000689668 -6.4727e-05 -0.00720042
0.00119614 0.000129963 -0.00662425
0.000343129 0.00399442 -0.0273043
-0.000328017 0.00409246 -0.0278531
0.000168717 -0.000353883 -0.0104905
-6.43454e-05 -7.87697e-05 -0.00125791
0.000116188 -0.000213856 -0.00588892
2.66961e-05 -0.00160049 -0.0302072
-0.000878718 7.10808e-05 -0.00456578
-0.00156846 0.000252803 -0.00923139
0.00142841 0.000113109 -0.00504122
-0.000541258 -0.000197542 -0.0251352
-0.00152949 0.000179139 -0.00599773
-0.00115644 9.4445e-05 -0.00525003
-0.000695448 0.00145374 -0.0315774
-0.00103658 6.37073e-05 -0.0052348
-0.0010614 5.94585e-05 -0.00502506
4.0883e-05 -5.19815e-06 -0.000995047
6.87025e-05 2.49852e-06 -0.000980313
1.27704e-05 -1.37769e-06 -0.00100286
-0.000573298 0.000103557 -0.00543023
-0.00136016 0.000418026 -0.0102763
-0.000197155 0.00385341 -0.0323472
0.00332946 0.000996458 -0.00976433
0.00163271 0.000143145 -0.00515988
0.00261369 0.000467339 -0.00972797
-0.000902933 0.000164927 -0.00554959
-0.000709812 8.45328e-05 -0.00534099
3.54004e-05 0.000322012 -0.00748037
0.000192437 0.000301971 -0.00739712
-0.000211552 -0.000565948 -0.0213349
8.8269e-05 -0.00117421 -0.023427
-0.000240137 -0.000800165 -0.0253121
-0.00135786 0.000169411 -0.00611551
0.000342643 -0.00293408 -0.0250346
0.000748986 -0.00469773 -0.028367
-4.11762e-05 -7.76436e-05 -0.00484924
-6.26657e-05 -0.000103172 -0.00475571
0.00330387 0.00255815 -0.0224699
0.00289419 0.00292284 -0.0242068
0.000618176 5.45992e-05 -0.00348501
0.000441394 0.000819346 -0.0125341
-0.00298939 0.00171935 -0.0143575
-0.000382227 -0.00364285 -0.0147367
0.00390049 0.0013966 -0.012755
0.000865693 -0.000872714 -0.00525727
0.00142116 -0.00155011 -0.00936542
-0.00028834 -0.000426974 -0.030853
-0.00337826 0.00103591 -0.00862403
-0.00151883 0.000113929 -0.00438029
-8.8047e-05 0.000158914 -0.00592356
-0.000186553 -0.00123972 -0.0223275
5.29514e-05 -0.0010972 -0.0247185
-2.25615e-05 1.56773e-05 -0.00122424
-1.96956e-05 1.69203e-05 -0.00134315
-6.89393e-05 1.75041e-05 -0.00131234
-0.000504697 -0.000821285 -0.00989855
0.00035627 2.02794e-05 -0.000571841
0.00153557 -0.0022167 -0.0132292
0.00187149 -0.00297499 -0.0170749
0.000198166 -0.000970169 -0.00625208
2.94185e-05 1.21337e-05 -0.001414
5.87347e-05 1.11343e-05 -0.0014218
7.08245e-05 -6.85073e-05 -0.00810587
0.000265854 -0.000139902 -0.00122456
9.03868e-05 -0.00012549 -0.00114891
-0.00170976 0.000472443 -0.0112496
-0.00145868 0.000387523 -0.00970824
-0.00135617 0.000122752 -0.00453593
-0.000186929 3.50796e-05 -0.00507001
-6.74581e-06 -4.09699e-05 -0.00393359
-0.00129135 0.000830614 -0.0219479
-0.000572352 0.00287857 -0.0229674
-0.00107133 0.00280913 -0.0229385
0.000121086 4.09462e-06 -0.00102313
6.83431e-05 6.18482e-06 -0.00108054
3.81696e-05 3.85668e-06 -0.00113364
4.87065e-05 -7.28753e-06 -0.00136711
3.83375e-05 -6.3815e-06 -0.00121188
-2.72914e-06 -7.19901e-06 -0.00127571
-4.30769e-05 -9.11701e-05 -0.00482581
0.00253845 0.000595276 -0.00813533
0.00135658 0.000109265 -0.0047556
0.000112138 -0.000113394 -0.00502084
0.000383594 -0.00265184 -0.024841
0.000188803 -0.00333148 -0.0319385
-0.000223482 -6.99552e-05 -0.00541186
-0.000339972 -0.000155356 -0.00563455
0.00217334 0.00050157 -0.0105129
0.00100882 0.00287997 -0.0228884
0.000663744 0.00335014 -0.0248312
9.8841e-05 -0.00011421 -0.00468264
0.00243278 0.00180207 -0.0230557
0.000230699 0.00411838 -0.0315748
-0.00161652 0.00034572 -0.00984965
4.8074e-05 -2.83339e-05 -0.00509599
-5.19798e-07 -0.000209472 -0.00567609
-7.4993e-06 -0.000315979 -0.00937964
-0.00152838 0.0019296 -0.0243243
0.000730845 0.00270639 -0.0321691
0.000779812 0.0032986 -0.0318121
-3.51062e-06 -1.60741e-05 -0.000733234
-0.00023675 0.000537456 -0.00572485
-0.000115329 0.000175724 -0.00599135
-0.000876188 0.000155677 -0.00271904
-0.00101654 6.6169e-05 -0.00426532
-0.00180569 0.00036121 -0.0067722
-0.00134474 0.000132072 -0.00643485
-0.000744501 3.32478e-05 -0.00406701
-0.00133021 0.000828862 -0.0250583
0.000702993 0.000152871 -0.0050354
0.00101452 0.000116079 -0.00575174
-0.00125605 0.00132065 -0.0243911
-0.00103722 0.0032514 -0.0252861
0.000548443 -0.000430687 -0.00356619
0.000188556 -6.9442e-05 -0.00101522
0.000552258 -0.00054609 -0.00398685
-0.000548683 -0.000222643 -0.022974
0.00132801 0.00291684 -0.0235402
0.00144906 0.00310192 -0.0243385
0.00186782 0.00297183 -0.0242246
-0.00125986 0.000911656 -0.0128668
1.25014e-05 -0.00156229 -0.0318351
-0.000149855 -0.00228082 -0.031456
-0.000712932 0.00349165 -0.0249917
-0.000218861 0.00371073 -0.0260069
-0.000797293 0.00390646 -0.0269009
-0.00053055 0.00331937 -0.0249519
0.000144683 -0.00291678 -0.0324319
-9.18886e-05 1.63252e-05 -0.00116686
-8.54161e-05 1.06479e-05 -0.00134137
-0.00012751 1.02285e-05 -0.00122027
0.00111347 0.000102124 -0.00494254
-0.00404172 0.00139058 -0.0115923
0.000526247 5.3022e-05 -0.00441214
0.000533579 0.000914502 -0.0318551
0.000390597 0.000272056 -0.031517
0.00200398 0.00357573 -0.025795
0.000701089 4.0488e-05 -0.00362453
0.000388691 0.000129476 -0.00497947
0.000423664 0.000102119 -0.00503175
0.000658583 0.00160929 -0.0318372
-0.000503296 2.11241e-05 -0.000660225
-0.00217327 0.000366895 -0.00501461
0.000580771 2.69081e-05 -0.000614977
0.00169592 0.000380117 -0.00374255
-0.0013957 0.000106043 -0.00469736
0.00252489 0.00331369 -0.0247284
0.00258618 0.00319685 -0.0250627
0.00164686 0.00378462 -0.0269648
0.000717577 0.000117897 -0.00480745
-0.000920091 0.000112366 -0.00493442
-0.00125753 0.000383413 -0.00973153
-5.56401e-05 -2.0698e-05 -0.000633404
6.44867e-05 -2.37454e-05 -0.000713638
0.000272166 -0.000302505 -0.00378921
0.000389445 -0.000575792 -0.00744088
0.000585066 3.17598e-05 -0.00124697
-6.86077e-05 4.39352e-06 -0.00463412
0.000136862 -1.96355e-05 -0.00485375
6.45937e-05 -0.00198108 -0.031805
-5.74484e-05 -0.00129271 -0.0316835
0.000799967 0.000120405 -0.00471601
0.000917805 6.74903e-05 -0.00519092
0.000452815 2.64612e-05 -0.000621307
0.000256436 -0.000399553 -0.0312441
0.000108355 -0.00106857 -0.0308426
0.00142693 0.000146466 -0.00528657
0.00106945 0.00328484 -0.0252673
0.000669491 4.28455e-05 -0.00105966
0.000637357 4.25812e-05 -0.00109985
0.00197302 0.000501808 -0.00497576
-0.00144253 0.000540846 -0.0098179
-0.000866061 0.000161108 -0.0050681
-0.0014236 0.000466197 -0.00970227
-0.00137128 0.0034501 -0.0248744
-0.00105952 0.00328422 -0.0248928
6.27346e-06 8.87238e-06 -0.00134046
-0.000322519 0.00011761 -0.00567197
-0.00108395 7.552e-05 -0.00528154
0.000107782 -2.79317e-05 -0.00473779
0.000213317 -5.67931e-05 -0.00499626
-0.0011155 0.000220511 -0.00274313
-0.000451231 2.02282e-05 -0.000562763
-0.000133797 -0.000831899 -0.0322534
-0.000707456 0.00408173 -0.0283769
-9.98518e-05 0.0013897 -0.0127954
-0.000889527 0.000126714 -0.00366956
-0.00111606 8.90153e-05 -0.00736225
-0.000694796 0.00015248 -0.00516116
-0.000853348 8.3185e-05 -0.00546663
0.000597163 3.17193e-05 -0.00120362
-0.000320684 -8.88101e-05 -0.00522706
0.000612916 0.00296853 -0.0325581
5.1939e-05 1.15899e-06 -0.00142104
9.54366e-07 2.26073e-06 -0.00142322
0.000514452 3.77699e-05 -0.000722117
0.0022776 0.000466967 -0.00548094
-0.000128236 -0.00378336 -0.0328625
-0.000269371 1.16461e-05 -0.000572477
-0.000473733 0.000682838 -0.0319205
3.94484e-05 -8.97085e-05 -0.00875742
0.000341057 2.39217e-05 -0.00892902
-3.72032e-05 6.17114e-06 -0.00143707
-2.309e-05 5.46788e-06 -0.00138508
-0.000330419 -0.00187626 -0.0239554
9.52304e-05 1.18498e-06 -0.00439521
-0.00015632 -0.00163035 -0.0250718
-0.000697369 0.00372133 -0.0316049
-0.000807811 0.00345459 -0.0315672
-0.000556964 0.00333399 -0.0323764
-0.000731647 -0.00232453 -0.0113165
-0.000307901 -0.00243178 -0.0102727
-0.00130738 0.000513603 -0.00999271
-0.00098613 0.000575844 -0.0100695
1.64181e-05 -5.95604e-07 -0.00146022
-0.000347377 1.93884e-05 -0.000572256
0.00199436 0.00368753 -0.0268447
-0.000680181 4.84218e-05 -0.00368202
-0.000563816 3.05844e-05 -0.00410813
-0.000173828 1.02884e-05 -0.00059135
-0.000346407 4.81044e-05 -0.00456226
-0.000225219 2.57072e-05 -0.00424571
-0.00087731 0.000170204 -0.00496844
0.000363792 2.17558e-05 -0.000598262
0.000137745 -9.15241e-06 -0.00499168
-0.0017459 0.00352952 -0.0253105
-0.00116447 0.00390594 -0.0272742
0.000484275 3.71248e-05 -0.000809211
-6.28358e-05 -0.0039704 -0.0329451
0.00359822 0.00104353 -0.00934042
0.000187729 0.00379884 -0.032457
0.000517824 0.0013467 -0.0124675
-0.000331273 2.56021e-05 -0.0320394
5.67791e-05 -6.05295e-05 -0.000799644
0.000539682 6.43312e-05 -0.00449668
0.000174015 4.51222e-06 -0.000910418
0.000669183 5.43682e-05 -0.0044349
-0.0001504 -3.95013e-05 -0.000918885
-0.00055756 -0.000402193 -0.00532543
0.000128846 -5.57022e-06 -0.00431754
-0.000222666 -0.00352236 -0.0322744
0.000322726 0.000187707 -0.00569847
0.000780927 0.0010473 -0.0109334
0.000503172 0.000485437 -0.0058588
0.000100194 0.000205421 -0.00604171
0.000320266 0.00105509 -0.0112512
-2.86075e-05 1.20877e-05 -0.00446528
8.06179e-05 9.84063e-06 -0.00138517
0.000289071 0.000747123 -0.00768706
-0.000874737 -0.00290559 -0.0273174
0.00172883 0.00267338 -0.0231477
-0.000762644 0.00262282 -0.0317036
-0.000160688 -7.64916e-05 -0.00534017
-8.82378e-05 0.0001688 -0.00538135
-0.000117335 0.000175722 -0.00526285
-1.28136e-05 0.000275673 -0.00729293
-8.05469e-05 7.75847e-06 -0.00424605
-0.000247308 0.000106705 -0.00570629
-0.000481418 8.57844e-05 -0.00547718
0.00221341 0.000469625 -0.00490676
1.5395e-05 -7.386e-06 -0.00143936
-5.83853e-07 -1.04593e-05 -0.00138758
3.45718e-05 -6.21881e-06 -0.00144206
-0.000905559 9.34526e-05 -0.00553519
-0.000659872 7.82928e-05 -0.00539873
0.000904279 0.000132879 -0.00572301
-5.73768e-05 -1.4469e-06 -0.00064301
-8.89104e-05 6.17953e-07 -0.000614224
-0.000595782 -1.8303e-05 -0.00447232
-0.000856529 5.36413e-05 -0.00521831
0.000565061 2.63588e-05 -0.000729524
0.00159849 0.000345107 -0.0029717
3.35395e-05 5.00439e-05 -0.00136178
8.1821e-06 0.000557652 -0.00749609
0.00090926 0.00250656 -0.0313065
-3.89666e-05 -0.00145042 -0.0326765
-0.00170424 0.00382027 -0.0271896
-0.000120894 -0.00328963 -0.0331002
-0.000159893 -0.00292825 -0.0324168
-0.000131985 -4.21297e-05 -0.000925179
-0.000273349 0.000179322 -0.00528137
-0.000314057 0.000606038 -0.0104528
0.000161101 -9.21094e-05 -0.00115571
0.000139138 -0.000884734 -0.00686228
-3.41749e-05 -3.39234e-05 -0.0046044
1.97125e-05 -0.000136626 -0.00884508
0.000581083 2.74165e-05 -0.000733384
-0.000106494 -7.46976e-05 -0.00130206
-0.000218176 -8.81582e-05 -0.00132249
-0.000636871 -0.000853393 -0.00698681
-0.00049114 -0.000203246 -0.00585656
0.000126793 -0.00323113 -0.0330225
0.000122345 -0.00383506 -0.0327026
-0.00012712 3.05675e-07 -0.00474102
6.98702e-05 -0.00225099 -0.0325302
-3.91212e-05 7.23795e-06 -0.00091416
-0.000117011 -6.85903e-06 -0.00424337
5.85645e-05 1.3442e-05 -0.00136062
-0.000648272 0.00333871 -0.0253099
0.000247426 -1.1373e-05 -0.00441626
0.000317647 6.24627e-06 -0.00484568
0.00013737 -3.29861e-06 -0.00110355
0.000467742 0.00377915 -0.0314797
0.000597362 0.00349819 -0.031609
0.000316736 0.00354854 -0.0329251
0.000458572 0.00322472 -0.0330151
9.98646e-05 -0.00219978 -0.0111121
-0.000247264 -0.00229805 -0.0102471
0.00040947 4.55564e-05 -0.0044513
-0.000619225 6.88831e-05 -0.00452677
-0.000254363 0.00324157 -0.0246283
-0.000764925 0.000118009 -0.00488685
-0.000182897 5.00386e-05 -0.00148293
-9.36505e-05 4.9254e-05 -0.00144322
2.46402e-05 2.22699e-05 -0.00105209
-0.000295124 -0.00252637 -0.0229154
-4.17628e-05 -3.60162e-05 -0.00476082
-0.000738309 0.000577618 -0.0101687
-0.000487275 -0.00118639 -0.00608966
-0.000432187 0.00367744 -0.032333
-0.000156247 -0.000163129 -0.00482918
1.24526e-06 -0.000156705 -0.00481657
-0.000700843 0.00011449 -0.0050132
1.8071e-05 4.70728e-05 -0.00131104
0.00017355 -6.77728e-05 -0.000991696
0.00065937 -0.000534659 -0.00536158
-0.000905315 0.000114848 -0.00509174
-8.71845e-05 1.42853e-05 -0.00127877
-3.98153e-05 1.04302e-05 -0.00113189
-3.28144e-05 1.14127e-05 -0.00109254
1.64483e-05 -0.00397025 -0.0329229
0.00032819 0.000420981 -0.0324677
-0.00053029 4.59696e-05 -0.00118923
-0.00247214 0.00118422 -0.0108262
-0.00170264 0.000610271 -0.00689549
-0.00013445 -1.26763e-06 -0.000907563
-0.000166397 -8.29519e-05 -0.0045839
-5.2214e-05 4.46194e-06 -0.000920722
-4.63926e-05 1.80292e-05 -0.00112294
-0.000500439 0.000168228 -0.00518385
5.09164e-05 -0.000117894 -0.00484256
-0.000326081 0.000185585 -0.00515752
-0.00047675 4.16645e-05 -0.00119198
3.78635e-05 -2.45053e-07 -0.00104933
2.56814e-05 3.58822e-06 -0.00108004
-0.000644587 8.9251e-05 -0.00521223
0.000107201 -0.000872244 -0.0323151
-0.000272156 -0.000160219 -0.00481142
1.98961e-05 2.0809e-06 -0.00142263
5.85173e-05 -3.41984e-05 -0.000815764
0.000301163 -0.000286886 -0.00454735
0.000233829 6.83483e-05 -0.00138149
8.80562e-05 5.2976e-05 -0.00135594
0.000602966 0.000489285 -0.00709695
0.000143503 5.76521e-06 -0.000973113
0.000105052 7.56788e-06 -0.00112454
-0.0001562 -1.0373e-06 -0.0044708
2.08906e-05 8.69988e-06 -0.000983957
-8.35097e-06 7.76344e-06 -0.00108522
1.63167e-05 8.83542e-06 -0.00110528
-2.29004e-05 4.11948e-06 -0.000994151
-0.000636408 0.00198672 -0.0322381
-0.00012644 6.54832e-06 -0.00104832
-5.97831e-05 4.90604e-06 -0.00140471
-0.000482242 0.00114545 -0.0325499
2.61447e-05 2.69681e-06 -0.000988402
-0.000448578 4.83702e-05 -0.00461762
-0.000214853 0.00347332 -0.0330192
-0.000354716 0.00313044 -0.0331369
-3.51538e-05 -1.8234e-05 -0.00117707
5.46761e-05 -1.7485e-05 -0.00120101
-8.63911e-06 -2.08745e-05 -0.00132362
0.000216799 8.86272e-06 -0.000558738
0.000985427 0.000138498 -0.00394918
-9.56525e-06 -1.28584e-05 -0.00108868
2.60585e-05 -6.40126e-06 -0.00128494
-4.68982e-05 -0.00208644 -0.0341546
0.000115813 -3.58502e-05 -0.000740899
5.14338e-05 -0.00334505 -0.0334406
0.000199303 7.71534e-06 -0.000609203
-0.00057937 4.7869e-05 -0.000896422
-0.00226468 0.000469492 -0.00522003
-5.66923e-06 -0.00344507 -0.033533
-5.97843e-05 -0.00333169 -0.0334369
-0.000119859 -9.77305e-07 -0.00115252
-2.1719e-05 -1.71987e-05 -0.00122132
8.23278e-05 6.27989e-07 -0.00102435
-3.63987e-05 1.45439e-05 -0.00119092
2.85906e-05 -0.00139923 -0.0328635
-7.8713e-05 -0.00216428 -0.0325954
-0.000121954 8.86045e-06 -0.00112329
-8.41617e-05 1.51263e-05 -0.00115588
-0.000130572 1.59244e-05 -0.0011077
2.75195e-05 1.01619e-05 -0.00115946
1.40414e-05 0.00361535 -0.0328722
-0.000459679 0.00284778 -0.0329799
-0.000650445 0.00300218 -0.0322951
9.79192e-05 -0.00256072 -0.033726
2.98758e-05 -0.00185435 -0.0337678
2.96698e-05 -4.769e-07 -0.00143688
-4.89413e-05 3.44547e-06 -0.0013927
-0.000558447 4.56517e-05 -0.000914091
-0.000159588 3.05355e-06 -0.00105212
-0.000149721 0.00335424 -0.03313
7.38201e-05 -0.000749318 -0.0334641
0.000180208 -0.000140918 -0.0334146
0.000219652 -0.000272779 -0.0322585
0.000387805 0.000849822 -0.0328581
-8.06771e-05 -4.25797e-05 -0.000849213
7.8646e-05 2.30853e-06 -0.00109244
-0.00046128 2.01634e-05 -0.000704443
-0.000269041 0.000103658 -0.0328989
-0.000109526 -0.00075774 -0.033094
-0.000107419 -9.95982e-05 -0.00126712
-0.000214709 -0.000899189 -0.00587912
-3.62368e-05 -0.00293954 -0.0344555
3.77299e-05 -0.00296337 -0.03446
0.000260395 0.000279579 -0.0334365
0.000295219 0.000653773 -0.0332496
0.000202675 0.000487401 -0.0340827
-0.000181937 -0.0012803 -0.00598587
-4.17856e-05 -0.000106792 -0.00130889
-7.16728e-05 4.39597e-06 -0.00120776
9.89318e-05 1.87272e-06 -0.00105907
0.000536888 0.00157755 -0.0328164
0.000693009 0.00214473 -0.0323565
-0.00029926 0.00073767 -0.0338374
-0.000296696 0.00028706 -0.0333595
0.000491793 0.00195799 -0.0334306
0.000348957 0.00116151 -0.0335164
-6.07851e-05 -1.08214e-06 -0.00106697
0.000198252 -9.74027e-05 -0.00100076
1.70954e-05 -3.1546e-06 -0.00106887
-0.000180305 0.000440838 -0.0344739
-0.000156371 -0.000306642 -0.0341334
0.000547992 0.00248094 -0.0330094
0.00034997 0.00314662 -0.0333937
3.26028e-05 -7.4825e-06 -0.00098065
-0.000563258 0.00235497 -0.0330906
-0.00042163 0.00165611 -0.0335417
-2.73457e-05 1.4279e-05 -0.00105905
-3.81229e-05 8.54059e-06 -0.00105835
9.4174e-06 1.72746e-06 -0.00104512
5.44333e-05 -0.00267 -0.0337313
0.000173616 0.00339047 -0.0334197
7.91882e-05 2.39342e-06 -0.00106048
2.41786e-05 -0.00190122 -0.0343968
-4.68773e-05 -1.78828e-05 -0.00074068
-0.000110161 -4.45973e-05 -0.000817848
3.50284e-06 -0.000126758 -0.00118518
0.000225915 0.00117626 -0.0346475
0.00013388 0.000147982 -0.0345077
-1.30268e-05 -1.42466e-05 -0.00114434
-5.75877e-05 -0.00281029 -0.0336369
-5.72515e-05 -0.00249875 -0.0330117
4.19798e-05 0.00315515 -0.0340915
-9.83174e-05 0.00289903 -0.0343038
-9.99627e-05 0.00239889 -0.0345969
-0.00027869 0.00186742 -0.0341846
-0.000325342 0.00246199 -0.0339327
-5.12944e-05 -0.00111046 -0.0344678
-0.00017124 0.00168535 -0.0348658
-0.000178157 0.00123321 -0.0348361
-4.64362e-05 -0.00115585 -0.0341189
0.000435046 0.00276365 -0.033456
1.91488e-05 -0.00229091 -0.0347064
-0.000397881 0.00213614 -0.0337486
5.39126e-05 -5.25586e-07 -0.00143754
-0.000135205 1.28321e-05 -0.00117576
-0.000434424 9.72613e-05 -0.00513872
7.75056e-05 2.52325e-06 -0.0010766
0.000118958 -0.000287731 -0.0342741
1.1468e-05 2.442e-07 -0.00140298
-1.64282e-05 -1.54332e-05 -0.00134804
0.00011866 3.32533e-06 -0.00112327
7.78565e-05 8.90915e-06 -0.00144137
0.000116141 3.01623e-06 -0.000992885
-2.43492e-06 -0.00229206 -0.0348121
8.41222e-05 1.79462e-05 -0.0012661
-2.4927e-05 -8.21489e-06 -0.0013883
-5.44181e-06 -1.55922e-05 -0.00130255
0.000302951 0.00257544 -0.0342739
0.000371527 0.00215832 -0.0342401
0.00018999 0.00302661 -0.0340859
0.000264885 0.00252177 -0.0339885
0.000119766 0.00227801 -0.0346418
0.000135148 3.88276e-06 -0.001096
0.000233302 0.00181429 -0.0347383
0.000326856 0.00149554 -0.034298
1.39087e-05 0.00257649 -0.0345576
-9.03655e-05 0.00200442 -0.0349846
0.000203688 -7.31244e-05 -0.000962508
-4.02559e-05 -0.00215855 -0.0345364
0.000240681 0.000801563 -0.0339307
-0.000273985 0.00138843 -0.0341647
-0.00130021 9.71194e-05 -0.00457039
-0.00131447 0.000293554 -0.00893407
0.00188532 0.0016237 -0.0185602
-0.000112922 -0.000810379 -0.00585106
0.000114291 -7.74218e-07 -0.00100287
-0.000892785 0.000219226 -0.00641834
5.32217e-05 7.25911e-06 -0.00100603
-6.89211e-05 -0.0028133 -0.0340508
0.000150583 -0.000126878 -0.00491868
