case_id,time_s,max_displacement_mm,max_vm_kpa
stage5_no_skin_100g,0,0,0
stage5_no_skin_100g,0.025,0.026354,0.01231
stage5_no_skin_100g,0.05,0.195951,0.062462
stage5_no_skin_100g,0.075,0.493109,0.13989
stage5_no_skin_100g,0.1,0.722549,0.195547
stage5_no_skin_100g,0.125,0.740643,0.212935
stage5_no_skin_100g,0.15,0.742813,0.221399
stage5_no_skin_100g,0.175,0.912941,0.264772
stage5_no_skin_100g,0.2,1.201618,0.341243
stage5_no_skin_100g,0.225,1.422056,0.403875
stage5_no_skin_100g,0.25,1.496948,0.424699
stage5_no_skin_100g,0.275,1.488684,0.431094
stage5_no_skin_100g,0.3,1.602585,0.468201
stage5_no_skin_100g,0.325,1.897256,0.543002
stage5_no_skin_100g,0.35,2.16269,0.609873
stage5_no_skin_100g,0.375,2.225022,0.636631
stage5_no_skin_100g,0.4,2.216606,0.641978
stage5_no_skin_100g,0.425,2.334978,0.672214
stage5_no_skin_100g,0.45,2.587904,0.744424
stage5_no_skin_100g,0.475,2.863041,0.81556
stage5_no_skin_100g,0.5,2.97987,0.848007
stage5_no_skin_100g,0.525,2.964335,0.852599
stage5_no_skin_100g,0.55,3.025477,0.878283
stage5_no_skin_100g,0.575,3.298222,0.945
stage5_no_skin_100g,0.6,3.579785,1.019578
stage5_no_skin_100g,0.625,3.704743,1.058672
stage5_no_skin_100g,0.65,3.708907,1.066295
stage5_no_skin_100g,0.675,3.767975,1.084223
stage5_no_skin_100g,0.7,3.977902,1.146341
stage5_no_skin_100g,0.725,4.276156,1.221846
stage5_no_skin_100g,0.75,4.456406,1.269116
stage5_no_skin_100g,0.775,4.457307,1.278578
stage5_no_skin_100g,0.8,4.478235,1.294283
stage5_no_skin_100g,0.825,4.68676,1.345385
stage5_no_skin_100g,0.85,4.978544,1.423892
stage5_no_skin_100g,0.875,5.170077,1.476873
stage5_no_skin_100g,0.9,5.209124,1.493738
stage5_no_skin_100g,0.925,5.228028,1.501468
stage5_no_skin_100g,0.95,5.369154,1.548988
stage5_no_skin_100g,0.975,5.670499,1.623367
stage5_no_skin_100g,1,5.906175,1.684548
stage5_no_skin_100g,1.025,5.931452,1.694573
stage5_no_skin_100g,1.05,5.755998,1.652057
stage5_no_skin_100g,1.075,5.601433,1.612154
stage5_no_skin_100g,1.1,5.644683,1.626857
stage5_no_skin_100g,1.125,5.861205,1.678627
stage5_no_skin_100g,1.15,5.968047,1.696276
stage5_no_skin_100g,1.175,5.795715,1.662347
stage5_no_skin_100g,1.2,5.597135,1.61562
stage5_no_skin_100g,1.2,5.597135,1.61562
stage5_no_skin_100g,1.205,5.576561,1.611261
stage5_no_skin_100g,1.21,5.572622,1.610575
stage5_no_skin_100g,1.215,5.574174,1.611101
stage5_no_skin_100g,1.22,5.597269,1.615498
stage5_no_skin_100g,1.225,5.623863,1.620506
stage5_no_skin_100g,1.23,5.665089,1.628093
stage5_no_skin_100g,1.235,5.707936,1.636301
stage5_no_skin_100g,1.24,5.754637,1.645984
stage5_no_skin_100g,1.245,5.79901,1.656165
stage5_no_skin_100g,1.25,5.840832,1.666892
stage5_no_skin_100g,1.255,5.882043,1.68005
stage5_no_skin_100g,1.26,5.927701,1.697924
stage5_no_skin_100g,1.265,5.98676,1.725506
stage5_no_skin_100g,1.27,6.083073,1.769741
stage5_no_skin_100g,1.275,6.223945,1.826243
stage5_no_skin_100g,1.28,6.417535,1.895659
stage5_no_skin_100g,1.285,6.671003,1.978443
stage5_no_skin_100g,1.29,6.990186,2.074639
stage5_no_skin_100g,1.295,7.397923,2.187343
stage5_no_skin_100g,1.3,7.865178,2.311472
stage5_no_skin_100g,1.305,8.378182,2.445055
stage5_no_skin_100g,1.31,8.923289,2.586136
stage5_no_skin_100g,1.315,9.485733,2.73252
stage5_no_skin_100g,1.32,10.046744,2.879341
stage5_no_skin_100g,1.325,10.592074,3.019382
stage5_no_skin_100g,1.33,11.111387,3.148052
stage5_no_skin_100g,1.335,11.585414,3.258591
stage5_no_skin_100g,1.34,11.984493,3.344422
stage5_no_skin_100g,1.345,12.28194,3.404435
stage5_no_skin_100g,1.35,12.457862,3.441198
stage5_no_skin_100g,1.355,12.509606,3.459885
stage5_no_skin_100g,1.36,12.453651,3.46515
stage5_no_skin_100g,1.365,12.308802,3.457461
stage5_no_skin_100g,1.37,12.098468,3.435211
stage5_no_skin_100g,1.375,11.842405,3.397482
stage5_no_skin_100g,1.38,11.564728,3.347184
stage5_no_skin_100g,1.385,11.2919,3.289896
stage5_no_skin_100g,1.39,11.046984,3.230727
stage5_no_skin_100g,1.395,10.841516,3.173309
stage5_no_skin_100g,1.4,10.682742,3.122144
stage5_no_skin_100g,1.405,10.572777,3.082412
stage5_no_skin_100g,1.41,10.515086,3.058584
stage5_no_skin_100g,1.415,10.512966,3.052262
stage5_no_skin_100g,1.42,10.566664,3.062147
stage5_no_skin_100g,1.425,10.671354,3.084977
stage5_no_skin_100g,1.43,10.815478,3.116137
stage5_no_skin_100g,1.435,10.984846,3.150511
stage5_no_skin_100g,1.44,11.165284,3.184313
stage5_no_skin_100g,1.445,11.339693,3.215952
stage5_no_skin_100g,1.45,11.481152,3.243734
stage5_no_skin_100g,1.455,11.568809,3.264259
stage5_no_skin_100g,1.46,11.592467,3.272946
stage5_no_skin_100g,1.465,11.547433,3.265637
stage5_no_skin_100g,1.47,11.431626,3.239009
stage5_no_skin_100g,1.475,11.24834,3.190502
stage5_no_skin_100g,1.48,11.004579,3.118385
stage5_no_skin_100g,1.485,10.703362,3.022062
stage5_no_skin_100g,1.49,10.340228,2.903123
stage5_no_skin_100g,1.495,9.907258,2.766266
stage5_no_skin_100g,1.5,9.398461,2.617855
stage5_no_skin_100g,1.505,8.819165,2.464533
stage5_no_skin_100g,1.51,8.188365,2.311289
stage5_no_skin_100g,1.515,7.534513,2.161197
stage5_no_skin_100g,1.52,6.892642,2.015612
stage5_no_skin_100g,1.525,6.296864,1.875398
stage5_no_skin_100g,1.53,5.774185,1.742836
stage5_no_skin_100g,1.535,5.342135,1.622333
stage5_no_skin_100g,1.54,5.006424,1.519317
stage5_no_skin_100g,1.545,4.757025,1.437632
stage5_no_skin_100g,1.55,4.578503,1.377725
stage5_no_skin_100g,1.555,4.462028,1.337489
stage5_no_skin_100g,1.56,4.398622,1.311338
stage5_no_skin_100g,1.565,4.385488,1.295066
stage5_no_skin_100g,1.57,4.414325,1.284195
stage5_no_skin_100g,1.575,4.466641,1.273484
stage5_no_skin_100g,1.58,4.512748,1.257427
stage5_no_skin_100g,1.585,4.522525,1.231948
stage5_no_skin_100g,1.59,4.47349,1.195225
stage5_no_skin_100g,1.595,4.350607,1.146842
stage5_no_skin_100g,1.6,4.14501,1.086716
stage5_no_skin_100g,1.605,3.847956,1.013885
stage5_no_skin_100g,1.61,3.466763,0.928411
stage5_no_skin_100g,1.615,3.018407,0.829675
stage5_no_skin_100g,1.62,2.529943,0.717082
stage5_no_skin_100g,1.625,2.027792,0.591685
stage5_no_skin_100g,1.63,1.537631,0.458281
stage5_no_skin_100g,1.635,1.061902,0.32139
stage5_no_skin_100g,1.64,0.601201,0.185907
stage5_no_skin_100g,1.645,0.257943,0.089383
stage5_no_skin_100g,1.65,0.342253,0.087698
stage5_no_skin_100g,1.655,0.698387,0.158641
stage5_no_skin_100g,1.66,0.993467,0.230127
stage5_no_skin_100g,1.665,1.20406,0.277077
stage5_no_skin_100g,1.67,1.311447,0.299983
stage5_no_skin_100g,1.675,1.316242,0.301588
stage5_no_skin_100g,1.68,1.236392,0.285261
stage5_no_skin_100g,1.685,1.073648,0.251563
stage5_no_skin_100g,1.69,0.839314,0.200674
stage5_no_skin_100g,1.695,0.556914,0.135219
stage5_no_skin_100g,1.7,0.248803,0.066228
stage5_no_skin_100g,1.705,0.197012,0.033177
stage5_no_skin_100g,1.71,0.429797,0.112156
stage5_no_skin_100g,1.715,0.70382,0.185566
stage5_no_skin_100g,1.72,0.9745,0.247881
stage5_no_skin_100g,1.725,1.205626,0.296347
stage5_no_skin_100g,1.73,1.379985,0.328783
stage5_no_skin_100g,1.735,1.488793,0.34489
stage5_no_skin_100g,1.74,1.524702,0.347711
stage5_no_skin_100g,1.745,1.489008,0.342003
stage5_no_skin_100g,1.75,1.388224,0.330159
stage5_no_skin_100g,1.755,1.237597,0.31555
stage5_no_skin_100g,1.76,1.061164,0.298422
stage5_no_skin_100g,1.765,0.894571,0.280358
stage5_no_skin_100g,1.77,0.815796,0.265052
stage5_no_skin_100g,1.775,0.880727,0.275015
stage5_no_skin_100g,1.78,0.978152,0.298219
stage5_no_skin_100g,1.785,1.090909,0.332721
stage5_no_skin_100g,1.79,1.218094,0.371889
stage5_no_skin_100g,1.795,1.370736,0.423992
stage5_no_skin_100g,1.8,1.579439,0.493745
stage5_no_skin_100g,1.805,1.889252,0.605679
stage5_no_skin_100g,1.81,2.38012,0.736474
stage5_no_skin_100g,1.815,2.963242,0.882656
stage5_no_skin_100g,1.82,3.587406,1.035529
stage5_no_skin_100g,1.825,4.22824,1.191588
stage5_no_skin_100g,1.83,4.85979,1.348602
stage5_no_skin_100g,1.835,5.464075,1.505826
stage5_no_skin_100g,1.84,6.027319,1.661033
stage5_no_skin_100g,1.845,6.536679,1.810132
stage5_no_skin_100g,1.85,6.975602,1.945624
stage5_no_skin_100g,1.855,7.34968,2.06318
stage5_no_skin_100g,1.86,7.634949,2.147885
stage5_no_skin_100g,1.865,7.829575,2.19653
stage5_no_skin_100g,1.87,7.921085,2.209454
stage5_no_skin_100g,1.875,7.89858,2.18725
stage5_no_skin_100g,1.88,7.772708,2.137086
stage5_no_skin_100g,1.885,7.519425,2.0568
stage5_no_skin_100g,1.89,7.168043,1.957013
stage5_no_skin_100g,1.895,6.72377,1.842612
stage5_no_skin_100g,1.9,6.213269,1.720448
stage5_no_skin_100g,1.9,6.213269,1.720448
stage5_no_skin_100g,1.925,3.765322,1.155695
stage5_no_skin_100g,1.95,4.002252,1.29145
stage5_no_skin_100g,1.975,6.908863,1.858612
stage5_no_skin_100g,2,8.145756,2.210897
stage5_no_skin_100g,2.025,6.241059,1.780677
stage5_no_skin_100g,2.05,3.830887,1.222537
stage5_no_skin_100g,2.075,4.113838,1.195914
stage5_no_skin_100g,2.1,6.163423,1.828695
stage5_no_skin_100g,2.125,8.190119,2.185291
stage5_no_skin_100g,2.15,6.776824,1.871672
stage5_no_skin_100g,2.175,3.989011,1.24364
stage5_no_skin_100g,2.2,3.616663,1.18913
stage5_no_skin_125g,0,0,0
stage5_no_skin_125g,0.025,0.026354,0.012095
stage5_no_skin_125g,0.05,0.195981,0.062307
stage5_no_skin_125g,0.075,0.493106,0.139762
stage5_no_skin_125g,0.1,0.7226,0.195641
stage5_no_skin_125g,0.125,0.740765,0.212723
stage5_no_skin_125g,0.15,0.742934,0.221098
stage5_no_skin_125g,0.175,0.913007,0.264555
stage5_no_skin_125g,0.2,1.201698,0.341033
stage5_no_skin_125g,0.225,1.422091,0.403568
stage5_no_skin_125g,0.25,1.497046,0.424519
stage5_no_skin_125g,0.275,1.488841,0.430721
stage5_no_skin_125g,0.3,1.602698,0.46769
stage5_no_skin_125g,0.325,1.897279,0.542605
stage5_no_skin_125g,0.35,2.162766,0.609592
stage5_no_skin_125g,0.375,2.225186,0.636151
stage5_no_skin_125g,0.4,2.21676,0.641446
stage5_no_skin_125g,0.425,2.335183,0.671699
stage5_no_skin_125g,0.45,2.587884,0.743776
stage5_no_skin_125g,0.475,2.863018,0.815034
stage5_no_skin_125g,0.5,2.980045,0.847521
stage5_no_skin_125g,0.525,2.964759,0.851938
stage5_no_skin_125g,0.55,3.025598,0.87745
stage5_no_skin_125g,0.575,3.298199,0.944299
stage5_no_skin_125g,0.6,3.579781,1.018913
stage5_no_skin_125g,0.625,3.70499,1.05795
stage5_no_skin_125g,0.65,3.709405,1.065522
stage5_no_skin_125g,0.675,3.768344,1.083377
stage5_no_skin_125g,0.7,3.977792,1.145357
stage5_no_skin_125g,0.725,4.276109,1.220963
stage5_no_skin_125g,0.75,4.456763,1.268348
stage5_no_skin_125g,0.775,4.457864,1.277646
stage5_no_skin_125g,0.8,4.478384,1.293196
stage5_no_skin_125g,0.825,4.686668,1.344296
stage5_no_skin_125g,0.85,4.978409,1.422823
stage5_no_skin_125g,0.875,5.1703,1.475846
stage5_no_skin_125g,0.9,5.209682,1.492733
stage5_no_skin_125g,0.925,5.22839,1.500286
stage5_no_skin_125g,0.95,5.369264,1.54769
stage5_no_skin_125g,0.975,5.670312,1.622122
stage5_no_skin_125g,1,5.906744,1.683461
stage5_no_skin_125g,1.025,5.932271,1.693503
stage5_no_skin_125g,1.05,5.756254,1.650837
stage5_no_skin_125g,1.075,5.601752,1.610954
stage5_no_skin_125g,1.1,5.644547,1.625348
stage5_no_skin_125g,1.125,5.861654,1.677533
stage5_no_skin_125g,1.15,5.968052,1.695167
stage5_no_skin_125g,1.175,5.796205,1.661228
stage5_no_skin_125g,1.2,5.597028,1.614136
stage5_no_skin_125g,1.2,5.597028,1.614136
stage5_no_skin_125g,1.205,5.577152,1.609982
stage5_no_skin_125g,1.21,5.572525,1.60917
stage5_no_skin_125g,1.215,5.574955,1.609904
stage5_no_skin_125g,1.22,5.597274,1.614175
stage5_no_skin_125g,1.225,5.623545,1.61913
stage5_no_skin_125g,1.23,5.665224,1.626835
stage5_no_skin_125g,1.235,5.708039,1.635001
stage5_no_skin_125g,1.24,5.754773,1.644756
stage5_no_skin_125g,1.245,5.799384,1.654904
stage5_no_skin_125g,1.25,5.840877,1.665627
stage5_no_skin_125g,1.255,5.882728,1.678758
stage5_no_skin_125g,1.26,5.931682,1.698562
stage5_no_skin_125g,1.265,6.002958,1.732543
stage5_no_skin_125g,1.27,6.111846,1.783982
stage5_no_skin_125g,1.275,6.280028,1.852655
stage5_no_skin_125g,1.28,6.524348,1.940478
stage5_no_skin_125g,1.285,6.852328,2.04681
stage5_no_skin_125g,1.29,7.270644,2.170889
stage5_no_skin_125g,1.295,7.779048,2.311871
stage5_no_skin_125g,1.3,8.368869,2.468251
stage5_no_skin_125g,1.305,9.023299,2.637786
stage5_no_skin_125g,1.31,9.71989,2.817774
stage5_no_skin_125g,1.315,10.435458,3.004599
stage5_no_skin_125g,1.32,11.14916,3.191877
stage5_no_skin_125g,1.325,11.845233,3.371005
stage5_no_skin_125g,1.33,12.507964,3.534507
stage5_no_skin_125g,1.335,13.110503,3.673654
stage5_no_skin_125g,1.34,13.614298,3.780561
stage5_no_skin_125g,1.345,13.984046,3.853956
stage5_no_skin_125g,1.35,14.190856,3.897686
stage5_no_skin_125g,1.355,14.233234,3.919179
stage5_no_skin_125g,1.36,14.146026,3.923849
stage5_no_skin_125g,1.365,13.952497,3.910374
stage5_no_skin_125g,1.37,13.67298,3.877237
stage5_no_skin_125g,1.375,13.335195,3.825499
stage5_no_skin_125g,1.38,12.974201,3.759529
stage5_no_skin_125g,1.385,12.629892,3.685467
stage5_no_skin_125g,1.39,12.321067,3.608939
stage5_no_skin_125g,1.395,12.059179,3.534863
stage5_no_skin_125g,1.4,11.853206,3.469289
stage5_no_skin_125g,1.405,11.71515,3.420583
stage5_no_skin_125g,1.41,11.649671,3.393936
stage5_no_skin_125g,1.415,11.658283,3.389545
stage5_no_skin_125g,1.42,11.739943,3.405556
stage5_no_skin_125g,1.425,11.882672,3.43759
stage5_no_skin_125g,1.43,12.077538,3.479635
stage5_no_skin_125g,1.435,12.307589,3.524406
stage5_no_skin_125g,1.44,12.550764,3.569286
stage5_no_skin_125g,1.445,12.777331,3.612616
stage5_no_skin_125g,1.45,12.960635,3.650909
stage5_no_skin_125g,1.455,13.071612,3.677669
stage5_no_skin_125g,1.46,13.101445,3.689093
stage5_no_skin_125g,1.465,13.041021,3.680783
stage5_no_skin_125g,1.47,12.893641,3.648958
stage5_no_skin_125g,1.475,12.665761,3.588339
stage5_no_skin_125g,1.48,12.359081,3.493313
stage5_no_skin_125g,1.485,11.976463,3.367112
stage5_no_skin_125g,1.49,11.510368,3.213776
stage5_no_skin_125g,1.495,10.952815,3.039399
stage5_no_skin_125g,1.5,10.292769,2.851109
stage5_no_skin_125g,1.505,9.54304,2.657978
stage5_no_skin_125g,1.51,8.734326,2.46595
stage5_no_skin_125g,1.515,7.902207,2.277262
stage5_no_skin_125g,1.52,7.090659,2.091909
stage5_no_skin_125g,1.525,6.353203,1.912059
stage5_no_skin_125g,1.53,5.715559,1.743786
stage5_no_skin_125g,1.535,5.193544,1.594772
stage5_no_skin_125g,1.54,4.787268,1.470726
stage5_no_skin_125g,1.545,4.478987,1.37331
stage5_no_skin_125g,1.55,4.269571,1.303893
stage5_no_skin_125g,1.555,4.135617,1.256285
stage5_no_skin_125g,1.56,4.067348,1.227447
stage5_no_skin_125g,1.565,4.065052,1.212287
stage5_no_skin_125g,1.57,4.13073,1.203446
stage5_no_skin_125g,1.575,4.213349,1.192096
stage5_no_skin_125g,1.58,4.273559,1.17226
stage5_no_skin_125g,1.585,4.284588,1.140403
stage5_no_skin_125g,1.59,4.22365,1.094609
stage5_no_skin_125g,1.595,4.064147,1.033252
stage5_no_skin_125g,1.6,3.789575,0.956748
stage5_no_skin_125g,1.605,3.400674,0.865622
stage5_no_skin_125g,1.61,2.908118,0.757757
stage5_no_skin_125g,1.615,2.337417,0.630942
stage5_no_skin_125g,1.62,1.73431,0.483627
stage5_no_skin_125g,1.625,1.153134,0.32118
stage5_no_skin_125g,1.63,0.603189,0.148783
stage5_no_skin_125g,1.635,0.344458,0.068272
stage5_no_skin_125g,1.64,0.906341,0.21172
stage5_no_skin_125g,1.645,1.438028,0.367966
stage5_no_skin_125g,1.65,1.930229,0.509031
stage5_no_skin_125g,1.655,2.373306,0.623113
stage5_no_skin_125g,1.66,2.730316,0.708097
stage5_no_skin_125g,1.665,2.963646,0.760972
stage5_no_skin_125g,1.67,3.088249,0.789597
stage5_no_skin_125g,1.675,3.091267,0.793095
stage5_no_skin_125g,1.68,2.979439,0.773169
stage5_no_skin_125g,1.685,2.759288,0.728596
stage5_no_skin_125g,1.69,2.455315,0.660387
stage5_no_skin_125g,1.695,2.097684,0.572007
stage5_no_skin_125g,1.7,1.714728,0.470693
stage5_no_skin_125g,1.705,1.33244,0.364856
stage5_no_skin_125g,1.71,0.983606,0.263712
stage5_no_skin_125g,1.715,0.663551,0.192481
stage5_no_skin_125g,1.72,0.51928,0.162331
stage5_no_skin_125g,1.725,0.464715,0.149435
stage5_no_skin_125g,1.73,0.449008,0.141086
stage5_no_skin_125g,1.735,0.466225,0.132973
stage5_no_skin_125g,1.74,0.493251,0.127958
stage5_no_skin_125g,1.745,0.429292,0.116867
stage5_no_skin_125g,1.75,0.320468,0.090647
stage5_no_skin_125g,1.755,0.272365,0.071075
stage5_no_skin_125g,1.76,0.294505,0.060256
stage5_no_skin_125g,1.765,0.448921,0.097124
stage5_no_skin_125g,1.77,0.632862,0.130153
stage5_no_skin_125g,1.775,0.755337,0.150985
stage5_no_skin_125g,1.78,0.783395,0.153556
stage5_no_skin_125g,1.785,0.69868,0.145887
stage5_no_skin_125g,1.79,0.550772,0.168559
stage5_no_skin_125g,1.795,0.68282,0.222266
stage5_no_skin_125g,1.8,0.847565,0.282926
stage5_no_skin_125g,1.805,1.082465,0.353749
stage5_no_skin_125g,1.81,1.56278,0.51171
stage5_no_skin_125g,1.815,2.298441,0.694263
stage5_no_skin_125g,1.82,3.088025,0.884604
stage5_no_skin_125g,1.825,3.892787,1.080447
stage5_no_skin_125g,1.83,4.690725,1.280579
stage5_no_skin_125g,1.835,5.446245,1.482679
stage5_no_skin_125g,1.84,6.147456,1.68097
stage5_no_skin_125g,1.845,6.777286,1.867719
stage5_no_skin_125g,1.85,7.325053,2.034459
stage5_no_skin_125g,1.855,7.779302,2.173508
stage5_no_skin_125g,1.86,8.127857,2.275271
stage5_no_skin_125g,1.865,8.359627,2.332558
stage5_no_skin_125g,1.87,8.468061,2.347214
stage5_no_skin_125g,1.875,8.436801,2.319299
stage5_no_skin_125g,1.88,8.255018,2.250235
stage5_no_skin_125g,1.885,7.929916,2.14805
stage5_no_skin_125g,1.89,7.482613,2.022628
stage5_no_skin_125g,1.895,6.925919,1.881274
stage5_no_skin_125g,1.9,6.287105,1.729168
stage5_no_skin_125g,1.9,6.287105,1.729168
stage5_no_skin_125g,1.925,3.263662,1.016762
stage5_no_skin_125g,1.95,3.705072,1.201817
stage5_no_skin_125g,1.975,7.234697,1.918276
stage5_no_skin_125g,2,8.73938,2.350365
stage5_no_skin_125g,2.025,6.304546,1.800894
stage5_no_skin_125g,2.05,3.335553,1.10661
stage5_no_skin_125g,2.075,3.722564,1.07798
stage5_no_skin_125g,2.1,6.314975,1.882084
stage5_no_skin_125g,2.125,8.804362,2.319587
stage5_no_skin_125g,2.15,6.996509,1.913463
stage5_no_skin_125g,2.175,3.552152,1.128556
stage5_no_skin_125g,2.2,3.221175,1.073934
stage5_volumetric_skin_125g,0,0,0
stage5_volumetric_skin_125g,0.025,0.025879,0.331158
stage5_volumetric_skin_125g,0.05,0.137756,1.185022
stage5_volumetric_skin_125g,0.075,0.205321,1.784013
stage5_volumetric_skin_125g,0.1,0.211997,1.967067
stage5_volumetric_skin_125g,0.125,0.289553,2.631919
stage5_volumetric_skin_125g,0.15,0.39703,3.45481
stage5_volumetric_skin_125g,0.175,0.413663,3.749076
stage5_volumetric_skin_125g,0.2,0.451712,4.110829
stage5_volumetric_skin_125g,0.225,0.562302,5.003259
stage5_volumetric_skin_125g,0.25,0.62462,5.526116
stage5_volumetric_skin_125g,0.275,0.627324,5.731763
stage5_volumetric_skin_125g,0.3,0.719311,6.445544
stage5_volumetric_skin_125g,0.325,0.815978,7.246943
stage5_volumetric_skin_125g,0.35,0.83334,7.478604
stage5_volumetric_skin_125g,0.375,0.872323,7.920606
stage5_volumetric_skin_125g,0.4,0.988218,8.781177
stage5_volumetric_skin_125g,0.425,1.040773,9.301745
stage5_volumetric_skin_125g,0.45,1.05305,9.508818
stage5_volumetric_skin_125g,0.475,1.138033,10.231905
stage5_volumetric_skin_125g,0.5,1.239849,11.011228
stage5_volumetric_skin_125g,0.525,1.251573,11.274218
stage5_volumetric_skin_125g,0.55,1.296059,11.678044
stage5_volumetric_skin_125g,0.575,1.407409,12.577965
stage5_volumetric_skin_125g,0.6,1.465099,13.067209
stage5_volumetric_skin_125g,0.625,1.471515,13.301912
stage5_volumetric_skin_125g,0.65,1.56207,13.99879
stage5_volumetric_skin_125g,0.675,1.658347,14.800246
stage5_volumetric_skin_125g,0.7,1.675689,15.03797
stage5_volumetric_skin_125g,0.725,1.715725,15.479765
stage5_volumetric_skin_125g,0.75,1.831706,16.343164
stage5_volumetric_skin_125g,0.775,1.882788,16.855428
stage5_volumetric_skin_125g,0.8,1.895125,17.058438
stage5_volumetric_skin_125g,0.825,1.981934,17.805759
stage5_volumetric_skin_125g,0.85,2.082985,18.564253
stage5_volumetric_skin_125g,0.875,2.094101,18.827979
stage5_volumetric_skin_125g,0.9,2.139353,19.245808
stage5_volumetric_skin_125g,0.925,2.250828,20.134174
stage5_volumetric_skin_125g,0.95,2.306456,20.620624
stage5_volumetric_skin_125g,0.975,2.31452,20.855632
stage5_volumetric_skin_125g,1,2.406199,21.567442
stage5_volumetric_skin_125g,1.025,2.474675,22.024871
stage5_volumetric_skin_125g,1.05,2.381628,21.414177
stage5_volumetric_skin_125g,1.075,2.351003,21.242856
stage5_volumetric_skin_125g,1.1,2.462265,21.930854
stage5_volumetric_skin_125g,1.125,2.440156,21.806192
stage5_volumetric_skin_125g,1.15,2.339774,21.143648
stage5_volumetric_skin_125g,1.175,2.404499,21.593269
stage5_volumetric_skin_125g,1.2,2.478158,22.020133
stage5_volumetric_skin_125g,1.2,2.478158,22.020133
stage5_volumetric_skin_125g,1.205,2.467265,21.970597
stage5_volumetric_skin_125g,1.21,2.44915,21.871468
stage5_volumetric_skin_125g,1.215,2.426899,21.74362
stage5_volumetric_skin_125g,1.22,2.401353,21.575512
stage5_volumetric_skin_125g,1.225,2.377936,21.415937
stage5_volumetric_skin_125g,1.23,2.357764,21.269372
stage5_volumetric_skin_125g,1.235,2.346414,21.184909
stage5_volumetric_skin_125g,1.24,2.339651,21.134063
stage5_volumetric_skin_125g,1.245,2.344062,21.169237
stage5_volumetric_skin_125g,1.25,2.357142,21.302777
stage5_volumetric_skin_125g,1.255,2.377862,21.523024
stage5_volumetric_skin_125g,1.26,2.42095,22.11408
stage5_volumetric_skin_125g,1.265,2.49608,23.128751
stage5_volumetric_skin_125g,1.27,2.616636,24.506351
stage5_volumetric_skin_125g,1.275,2.792452,26.20833
stage5_volumetric_skin_125g,1.28,3.022149,28.167553
stage5_volumetric_skin_125g,1.285,3.29782,30.32056
stage5_volumetric_skin_125g,1.29,3.603088,32.580207
stage5_volumetric_skin_125g,1.295,3.916296,34.827602
stage5_volumetric_skin_125g,1.3,4.21389,36.935386
stage5_volumetric_skin_125g,1.305,4.47193,38.792575
stage5_volumetric_skin_125g,1.31,4.668747,40.325869
stage5_volumetric_skin_125g,1.315,4.790889,41.497828
stage5_volumetric_skin_125g,1.32,4.839845,42.295308
stage5_volumetric_skin_125g,1.325,4.832272,42.733757
stage5_volumetric_skin_125g,1.33,4.793508,42.879939
stage5_volumetric_skin_125g,1.335,4.746978,42.813752
stage5_volumetric_skin_125g,1.34,4.708377,42.690657
stage5_volumetric_skin_125g,1.345,4.684171,42.633634
stage5_volumetric_skin_125g,1.35,4.683226,42.758019
stage5_volumetric_skin_125g,1.355,4.7198,43.15453
stage5_volumetric_skin_125g,1.36,4.812497,43.917272
stage5_volumetric_skin_125g,1.365,4.951912,45.008921
stage5_volumetric_skin_125g,1.37,5.12422,46.362771
stage5_volumetric_skin_125g,1.375,5.31432,47.840946
stage5_volumetric_skin_125g,1.38,5.5079,49.274727
stage5_volumetric_skin_125g,1.385,5.685501,50.465481
stage5_volumetric_skin_125g,1.39,5.825916,51.271407
stage5_volumetric_skin_125g,1.395,5.912513,51.629797
stage5_volumetric_skin_125g,1.4,5.933592,51.577258
stage5_volumetric_skin_125g,1.405,5.884013,51.211699
stage5_volumetric_skin_125g,1.41,5.761953,50.57431
stage5_volumetric_skin_125g,1.415,5.58568,49.658544
stage5_volumetric_skin_125g,1.42,5.381875,48.47006
stage5_volumetric_skin_125g,1.425,5.178249,47.103094
stage5_volumetric_skin_125g,1.43,4.999545,45.752343
stage5_volumetric_skin_125g,1.435,4.867161,44.6328
stage5_volumetric_skin_125g,1.44,4.789691,43.84288
stage5_volumetric_skin_125g,1.445,4.758475,43.365824
stage5_volumetric_skin_125g,1.45,4.762293,43.175655
stage5_volumetric_skin_125g,1.455,4.789651,43.206058
stage5_volumetric_skin_125g,1.46,4.829994,43.357638
stage5_volumetric_skin_125g,1.465,4.872132,43.51204
stage5_volumetric_skin_125g,1.47,4.905152,43.540742
stage5_volumetric_skin_125g,1.475,4.915427,43.303614
stage5_volumetric_skin_125g,1.48,4.88525,42.695382
stage5_volumetric_skin_125g,1.485,4.79478,41.663325
stage5_volumetric_skin_125g,1.49,4.626336,40.172444
stage5_volumetric_skin_125g,1.495,4.39132,38.31576
stage5_volumetric_skin_125g,1.5,4.106273,36.193702
stage5_volumetric_skin_125g,1.505,3.794873,33.935744
stage5_volumetric_skin_125g,1.51,3.482751,31.671288
stage5_volumetric_skin_125g,1.515,3.197026,29.550241
stage5_volumetric_skin_125g,1.52,2.951889,27.65882
stage5_volumetric_skin_125g,1.525,2.758918,26.04286
stage5_volumetric_skin_125g,1.53,2.624555,24.716177
stage5_volumetric_skin_125g,1.535,2.546844,23.672342
stage5_volumetric_skin_125g,1.54,2.517436,22.917063
stage5_volumetric_skin_125g,1.545,2.509276,22.385678
stage5_volumetric_skin_125g,1.55,2.501057,22.011795
stage5_volumetric_skin_125g,1.555,2.476731,21.654961
stage5_volumetric_skin_125g,1.56,2.424128,21.101054
stage5_volumetric_skin_125g,1.565,2.328243,20.110422
stage5_volumetric_skin_125g,1.57,2.184416,18.676125
stage5_volumetric_skin_125g,1.575,1.993736,16.911968
stage5_volumetric_skin_125g,1.58,1.760176,14.912584
stage5_volumetric_skin_125g,1.585,1.489586,12.729024
stage5_volumetric_skin_125g,1.59,1.189149,10.423901
stage5_volumetric_skin_125g,1.595,0.877234,8.14857
stage5_volumetric_skin_125g,1.6,0.577444,6.050115
stage5_volumetric_skin_125g,1.605,0.344408,4.268712
stage5_volumetric_skin_125g,1.61,0.206636,2.789338
stage5_volumetric_skin_125g,1.615,0.129982,1.659774
stage5_volumetric_skin_125g,1.62,0.082069,0.949614
stage5_volumetric_skin_125g,1.625,0.045942,0.620626
stage5_volumetric_skin_125g,1.63,0.05637,0.596854
stage5_volumetric_skin_125g,1.635,0.109652,0.717498
stage5_volumetric_skin_125g,1.64,0.155641,0.819793
stage5_volumetric_skin_125g,1.645,0.179415,0.838055
stage5_volumetric_skin_125g,1.65,0.1626,0.610589
stage5_volumetric_skin_125g,1.655,0.092365,0.274591
stage5_volumetric_skin_125g,1.66,0.045748,0.916279
stage5_volumetric_skin_125g,1.665,0.18333,2.141768
stage5_volumetric_skin_125g,1.67,0.357261,3.532115
stage5_volumetric_skin_125g,1.675,0.541849,4.954207
stage5_volumetric_skin_125g,1.68,0.728799,6.287416
stage5_volumetric_skin_125g,1.685,0.901285,7.398552
stage5_volumetric_skin_125g,1.69,1.035719,8.160295
stage5_volumetric_skin_125g,1.695,1.110744,8.507075
stage5_volumetric_skin_125g,1.7,1.106177,8.409461
stage5_volumetric_skin_125g,1.705,1.037038,7.97489
stage5_volumetric_skin_125g,1.71,0.903225,7.184832
stage5_volumetric_skin_125g,1.715,0.719505,6.091571
stage5_volumetric_skin_125g,1.72,0.512069,4.825111
stage5_volumetric_skin_125g,1.725,0.328847,3.563859
stage5_volumetric_skin_125g,1.73,0.19576,2.411964
stage5_volumetric_skin_125g,1.735,0.101412,1.406432
stage5_volumetric_skin_125g,1.74,0.053397,0.633251
stage5_volumetric_skin_125g,1.745,0.053324,0.248321
stage5_volumetric_skin_125g,1.75,0.040864,0.160525
stage5_volumetric_skin_125g,1.755,0.024773,0.29903
stage5_volumetric_skin_125g,1.76,0.074976,0.593479
stage5_volumetric_skin_125g,1.765,0.123671,0.83089
stage5_volumetric_skin_125g,1.77,0.154523,0.813355
stage5_volumetric_skin_125g,1.775,0.144815,0.442341
stage5_volumetric_skin_125g,1.78,0.07964,0.470004
stage5_volumetric_skin_125g,1.785,0.102867,1.751191
stage5_volumetric_skin_125g,1.79,0.247298,3.419169
stage5_volumetric_skin_125g,1.795,0.481526,5.31539
stage5_volumetric_skin_125g,1.8,0.765658,7.346239
stage5_volumetric_skin_125g,1.805,1.074358,9.481639
stage5_volumetric_skin_125g,1.81,1.384425,11.677851
stage5_volumetric_skin_125g,1.815,1.667885,13.816404
stage5_volumetric_skin_125g,1.82,1.900074,15.737318
stage5_volumetric_skin_125g,1.825,2.06733,17.31917
stage5_volumetric_skin_125g,1.83,2.168827,18.509829
stage5_volumetric_skin_125g,1.835,2.21595,19.308348
stage5_volumetric_skin_125g,1.84,2.229227,19.802973
stage5_volumetric_skin_125g,1.845,2.231533,20.191228
stage5_volumetric_skin_125g,1.85,2.243978,20.648497
stage5_volumetric_skin_125g,1.855,2.280188,21.091829
stage5_volumetric_skin_125g,1.86,2.338136,21.337992
stage5_volumetric_skin_125g,1.865,2.404457,21.516209
stage5_volumetric_skin_125g,1.87,2.465863,21.766543
stage5_volumetric_skin_125g,1.875,2.515999,22.103534
stage5_volumetric_skin_125g,1.88,2.550171,22.453084
stage5_volumetric_skin_125g,1.885,2.567792,22.681019
stage5_volumetric_skin_125g,1.89,2.567767,22.699812
stage5_volumetric_skin_125g,1.895,2.547014,22.51594
stage5_volumetric_skin_125g,1.9,2.504327,22.205293
stage5_volumetric_skin_125g,1.9,2.504327,22.205293
stage5_volumetric_skin_125g,1.925,2.271771,20.64364
stage5_volumetric_skin_125g,1.95,2.388154,21.342167
stage5_volumetric_skin_125g,1.975,2.573361,22.534644
stage5_volumetric_skin_125g,2,2.332098,21.337148
stage5_volumetric_skin_125g,2.025,2.294132,20.91201
stage5_volumetric_skin_125g,2.05,2.539006,22.386492
stage5_volumetric_skin_125g,2.075,2.449784,21.910462
stage5_volumetric_skin_125g,2.1,2.252921,20.676467
stage5_volumetric_skin_125g,2.125,2.448337,21.747072
stage5_volumetric_skin_125g,2.15,2.551903,22.303058
stage5_volumetric_skin_125g,2.175,2.28666,20.883705
stage5_volumetric_skin_125g,2.2,2.348204,21.091513
stage5_volumetric_skin_soft_interior_125g,0,0,0
stage5_volumetric_skin_soft_interior_125g,0.025,0.02585,0.363112
stage5_volumetric_skin_soft_interior_125g,0.05,0.178346,1.419758
stage5_volumetric_skin_soft_interior_125g,0.075,0.414569,2.683305
stage5_volumetric_skin_soft_interior_125g,0.1,0.545285,3.486967
stage5_volumetric_skin_soft_interior_125g,0.125,0.522201,3.784483
stage5_volumetric_skin_soft_interior_125g,0.15,0.584939,4.321448
stage5_volumetric_skin_soft_interior_125g,0.175,0.80198,5.511907
stage5_volumetric_skin_soft_interior_125g,0.2,1.007084,6.738657
stage5_volumetric_skin_soft_interior_125g,0.225,1.064259,7.297647
stage5_volumetric_skin_soft_interior_125g,0.25,1.068814,7.559922
stage5_volumetric_skin_soft_interior_125g,0.275,1.179566,8.378597
stage5_volumetric_skin_soft_interior_125g,0.3,1.399346,9.626806
stage5_volumetric_skin_soft_interior_125g,0.325,1.580134,10.679989
stage5_volumetric_skin_soft_interior_125g,0.35,1.607023,11.083827
stage5_volumetric_skin_soft_interior_125g,0.375,1.605685,11.429485
stage5_volumetric_skin_soft_interior_125g,0.4,1.780177,12.432378
stage5_volumetric_skin_soft_interior_125g,0.425,2.014758,13.758583
stage5_volumetric_skin_soft_interior_125g,0.45,2.129531,14.546064
stage5_volumetric_skin_soft_interior_125g,0.475,2.122598,14.82073
stage5_volumetric_skin_soft_interior_125g,0.5,2.188484,15.424088
stage5_volumetric_skin_soft_interior_125g,0.525,2.389755,16.513598
stage5_volumetric_skin_soft_interior_125g,0.55,2.592353,17.799823
stage5_volumetric_skin_soft_interior_125g,0.575,2.676432,18.374229
stage5_volumetric_skin_soft_interior_125g,0.6,2.667074,18.621426
stage5_volumetric_skin_soft_interior_125g,0.625,2.756599,19.409342
stage5_volumetric_skin_soft_interior_125g,0.65,3.007786,20.687236
stage5_volumetric_skin_soft_interior_125g,0.675,3.175483,21.729478
stage5_volumetric_skin_soft_interior_125g,0.7,3.195209,22.145705
stage5_volumetric_skin_soft_interior_125g,0.725,3.208935,22.515585
stage5_volumetric_skin_soft_interior_125g,0.75,3.377284,23.451724
stage5_volumetric_skin_soft_interior_125g,0.775,3.599492,24.801531
stage5_volumetric_skin_soft_interior_125g,0.8,3.720854,25.610586
stage5_volumetric_skin_soft_interior_125g,0.825,3.743467,25.923957
stage5_volumetric_skin_soft_interior_125g,0.85,3.779237,26.455013
stage5_volumetric_skin_soft_interior_125g,0.875,3.959198,27.560449
stage5_volumetric_skin_soft_interior_125g,0.9,4.200887,28.782846
stage5_volumetric_skin_soft_interior_125g,0.925,4.281135,29.499512
stage5_volumetric_skin_soft_interior_125g,0.95,4.266784,29.776305
stage5_volumetric_skin_soft_interior_125g,0.975,4.359829,30.399403
stage5_volumetric_skin_soft_interior_125g,1,4.574118,31.642527
stage5_volumetric_skin_soft_interior_125g,1.025,4.736532,32.436244
stage5_volumetric_skin_soft_interior_125g,1.05,4.643478,31.884997
stage5_volumetric_skin_soft_interior_125g,1.075,4.41933,30.962072
stage5_volumetric_skin_soft_interior_125g,1.1,4.389556,30.937475
stage5_volumetric_skin_soft_interior_125g,1.125,4.636809,31.891825
stage5_volumetric_skin_soft_interior_125g,1.15,4.766999,32.440219
stage5_volumetric_skin_soft_interior_125g,1.175,4.563534,31.649084
stage5_volumetric_skin_soft_interior_125g,1.2,4.359343,30.741126
stage5_volumetric_skin_soft_interior_125g,1.2,4.359343,30.741126
stage5_volumetric_skin_soft_interior_125g,1.205,4.359176,30.72291
stage5_volumetric_skin_soft_interior_125g,1.21,4.36898,30.74924
stage5_volumetric_skin_soft_interior_125g,1.215,4.392766,30.838038
stage5_volumetric_skin_soft_interior_125g,1.22,4.430251,30.994403
stage5_volumetric_skin_soft_interior_125g,1.225,4.472859,31.177011
stage5_volumetric_skin_soft_interior_125g,1.23,4.522985,31.402529
stage5_volumetric_skin_soft_interior_125g,1.235,4.572983,31.63064
stage5_volumetric_skin_soft_interior_125g,1.24,4.622848,31.861389
stage5_volumetric_skin_soft_interior_125g,1.245,4.66545,32.058469
stage5_volumetric_skin_soft_interior_125g,1.25,4.705268,32.276758
stage5_volumetric_skin_soft_interior_125g,1.255,4.739408,32.593026
stage5_volumetric_skin_soft_interior_125g,1.26,4.781554,33.177748
stage5_volumetric_skin_soft_interior_125g,1.265,4.833759,34.014737
stage5_volumetric_skin_soft_interior_125g,1.27,4.921193,35.316088
stage5_volumetric_skin_soft_interior_125g,1.275,5.061933,36.987265
stage5_volumetric_skin_soft_interior_125g,1.28,5.262719,38.971962
stage5_volumetric_skin_soft_interior_125g,1.285,5.532015,41.245527
stage5_volumetric_skin_soft_interior_125g,1.29,5.874844,43.775437
stage5_volumetric_skin_soft_interior_125g,1.295,6.292273,46.522206
stage5_volumetric_skin_soft_interior_125g,1.3,6.786815,49.45083
stage5_volumetric_skin_soft_interior_125g,1.305,7.335879,52.469362
stage5_volumetric_skin_soft_interior_125g,1.31,7.910421,55.491876
stage5_volumetric_skin_soft_interior_125g,1.315,8.489164,58.448392
stage5_volumetric_skin_soft_interior_125g,1.32,9.052286,61.271378
stage5_volumetric_skin_soft_interior_125g,1.325,9.574463,63.858382
stage5_volumetric_skin_soft_interior_125g,1.33,10.034377,66.133215
stage5_volumetric_skin_soft_interior_125g,1.335,10.411546,68.033879
stage5_volumetric_skin_soft_interior_125g,1.34,10.681637,69.492677
stage5_volumetric_skin_soft_interior_125g,1.345,10.83733,70.517624
stage5_volumetric_skin_soft_interior_125g,1.35,10.874748,71.124507
stage5_volumetric_skin_soft_interior_125g,1.355,10.797611,71.342174
stage5_volumetric_skin_soft_interior_125g,1.36,10.6215,71.210082
stage5_volumetric_skin_soft_interior_125g,1.365,10.372182,70.774211
stage5_volumetric_skin_soft_interior_125g,1.37,10.087705,70.116696
stage5_volumetric_skin_soft_interior_125g,1.375,9.802519,69.335518
stage5_volumetric_skin_soft_interior_125g,1.38,9.554464,68.541276
stage5_volumetric_skin_soft_interior_125g,1.385,9.371274,67.84952
stage5_volumetric_skin_soft_interior_125g,1.39,9.263354,67.332605
stage5_volumetric_skin_soft_interior_125g,1.395,9.230314,67.029627
stage5_volumetric_skin_soft_interior_125g,1.4,9.272745,67.000356
stage5_volumetric_skin_soft_interior_125g,1.405,9.37602,67.236193
stage5_volumetric_skin_soft_interior_125g,1.41,9.536936,67.734689
stage5_volumetric_skin_soft_interior_125g,1.415,9.75106,68.453059
stage5_volumetric_skin_soft_interior_125g,1.42,10.003013,69.325298
stage5_volumetric_skin_soft_interior_125g,1.425,10.261878,70.24597
stage5_volumetric_skin_soft_interior_125g,1.43,10.504467,71.116864
stage5_volumetric_skin_soft_interior_125g,1.435,10.706348,71.823122
stage5_volumetric_skin_soft_interior_125g,1.44,10.842466,72.263948
stage5_volumetric_skin_soft_interior_125g,1.445,10.897359,72.381945
stage5_volumetric_skin_soft_interior_125g,1.45,10.859632,72.107215
stage5_volumetric_skin_soft_interior_125g,1.455,10.71655,71.29555
stage5_volumetric_skin_soft_interior_125g,1.46,10.482281,69.918466
stage5_volumetric_skin_soft_interior_125g,1.465,10.165,67.988926
stage5_volumetric_skin_soft_interior_125g,1.47,9.771749,65.550397
stage5_volumetric_skin_soft_interior_125g,1.475,9.305845,62.676764
stage5_volumetric_skin_soft_interior_125g,1.48,8.796877,59.629171
stage5_volumetric_skin_soft_interior_125g,1.485,8.261685,56.564795
stage5_volumetric_skin_soft_interior_125g,1.49,7.718895,53.592896
stage5_volumetric_skin_soft_interior_125g,1.495,7.190801,50.767688
stage5_volumetric_skin_soft_interior_125g,1.5,6.695315,48.085414
stage5_volumetric_skin_soft_interior_125g,1.505,6.247818,45.578302
stage5_volumetric_skin_soft_interior_125g,1.51,5.864932,43.323657
stage5_volumetric_skin_soft_interior_125g,1.515,5.552382,41.356167
stage5_volumetric_skin_soft_interior_125g,1.52,5.305898,39.641918
stage5_volumetric_skin_soft_interior_125g,1.525,5.123505,38.144766
stage5_volumetric_skin_soft_interior_125g,1.53,5.008519,36.867201
stage5_volumetric_skin_soft_interior_125g,1.535,4.946555,35.79113
stage5_volumetric_skin_soft_interior_125g,1.54,4.924545,34.898077
stage5_volumetric_skin_soft_interior_125g,1.545,4.927462,34.129177
stage5_volumetric_skin_soft_interior_125g,1.55,4.934055,33.363332
stage5_volumetric_skin_soft_interior_125g,1.555,4.921517,32.466722
stage5_volumetric_skin_soft_interior_125g,1.56,4.871352,31.350649
stage5_volumetric_skin_soft_interior_125g,1.565,4.76247,29.957041
stage5_volumetric_skin_soft_interior_125g,1.57,4.572445,28.252568
stage5_volumetric_skin_soft_interior_125g,1.575,4.297056,26.240628
stage5_volumetric_skin_soft_interior_125g,1.58,3.931412,23.89029
stage5_volumetric_skin_soft_interior_125g,1.585,3.467591,21.168588
stage5_volumetric_skin_soft_interior_125g,1.59,2.918562,18.146702
stage5_volumetric_skin_soft_interior_125g,1.595,2.306361,14.92924
stage5_volumetric_skin_soft_interior_125g,1.6,1.656404,11.610424
stage5_volumetric_skin_soft_interior_125g,1.605,1.009219,8.305928
stage5_volumetric_skin_soft_interior_125g,1.61,0.572832,5.121197
stage5_volumetric_skin_soft_interior_125g,1.615,0.298371,2.183988
stage5_volumetric_skin_soft_interior_125g,1.62,0.600338,0.887067
stage5_volumetric_skin_soft_interior_125g,1.625,0.924986,2.506761
stage5_volumetric_skin_soft_interior_125g,1.63,1.135,4.109436
stage5_volumetric_skin_soft_interior_125g,1.635,1.239753,5.205189
stage5_volumetric_skin_soft_interior_125g,1.64,1.254327,5.832855
stage5_volumetric_skin_soft_interior_125g,1.645,1.194294,6.056433
stage5_volumetric_skin_soft_interior_125g,1.65,1.076066,5.946054
stage5_volumetric_skin_soft_interior_125g,1.655,0.919687,5.562883
stage5_volumetric_skin_soft_interior_125g,1.66,0.740735,4.980542
stage5_volumetric_skin_soft_interior_125g,1.665,0.588112,4.306827
stage5_volumetric_skin_soft_interior_125g,1.67,0.519297,3.66458
stage5_volumetric_skin_soft_interior_125g,1.675,0.46576,3.187902
stage5_volumetric_skin_soft_interior_125g,1.68,0.40775,3.017318
stage5_volumetric_skin_soft_interior_125g,1.685,0.355469,3.245065
stage5_volumetric_skin_soft_interior_125g,1.69,0.338027,3.852129
stage5_volumetric_skin_soft_interior_125g,1.695,0.379346,4.708117
stage5_volumetric_skin_soft_interior_125g,1.7,0.5061,5.657905
stage5_volumetric_skin_soft_interior_125g,1.705,0.732195,6.605175
stage5_volumetric_skin_soft_interior_125g,1.71,1.012333,7.508329
stage5_volumetric_skin_soft_interior_125g,1.715,1.30376,8.327287
stage5_volumetric_skin_soft_interior_125g,1.72,1.571725,9.03871
stage5_volumetric_skin_soft_interior_125g,1.725,1.786057,9.61967
stage5_volumetric_skin_soft_interior_125g,1.73,1.931322,10.044289
stage5_volumetric_skin_soft_interior_125g,1.735,1.998187,10.267841
stage5_volumetric_skin_soft_interior_125g,1.74,1.979099,10.212579
stage5_volumetric_skin_soft_interior_125g,1.745,1.870792,9.771723
stage5_volumetric_skin_soft_interior_125g,1.75,1.674035,8.830408
stage5_volumetric_skin_soft_interior_125g,1.755,1.391524,7.338318
stage5_volumetric_skin_soft_interior_125g,1.76,1.029952,5.342988
stage5_volumetric_skin_soft_interior_125g,1.765,0.60416,2.939682
stage5_volumetric_skin_soft_interior_125g,1.77,0.148769,0.381617
stage5_volumetric_skin_soft_interior_125g,1.775,0.436971,2.859333
stage5_volumetric_skin_soft_interior_125g,1.78,0.896851,5.968749
stage5_volumetric_skin_soft_interior_125g,1.785,1.39195,9.037734
stage5_volumetric_skin_soft_interior_125g,1.79,1.871034,11.910555
stage5_volumetric_skin_soft_interior_125g,1.795,2.319742,14.49565
stage5_volumetric_skin_soft_interior_125g,1.8,2.723817,16.730655
stage5_volumetric_skin_soft_interior_125g,1.805,3.066787,18.584523
stage5_volumetric_skin_soft_interior_125g,1.81,3.335804,20.073895
stage5_volumetric_skin_soft_interior_125g,1.815,3.521626,21.246462
stage5_volumetric_skin_soft_interior_125g,1.82,3.6197,22.151563
stage5_volumetric_skin_soft_interior_125g,1.825,3.634083,22.849194
stage5_volumetric_skin_soft_interior_125g,1.83,3.581558,23.441812
stage5_volumetric_skin_soft_interior_125g,1.835,3.492374,24.07405
stage5_volumetric_skin_soft_interior_125g,1.84,3.408958,24.876705
stage5_volumetric_skin_soft_interior_125g,1.845,3.373769,25.916963
stage5_volumetric_skin_soft_interior_125g,1.85,3.443878,27.218255
stage5_volumetric_skin_soft_interior_125g,1.855,3.605952,28.672718
stage5_volumetric_skin_soft_interior_125g,1.86,3.840837,30.056595
stage5_volumetric_skin_soft_interior_125g,1.865,4.160853,31.344542
stage5_volumetric_skin_soft_interior_125g,1.87,4.521435,32.548481
stage5_volumetric_skin_soft_interior_125g,1.875,4.888228,33.684146
stage5_volumetric_skin_soft_interior_125g,1.88,5.233376,34.748561
stage5_volumetric_skin_soft_interior_125g,1.885,5.529534,35.662815
stage5_volumetric_skin_soft_interior_125g,1.89,5.753007,36.313858
stage5_volumetric_skin_soft_interior_125g,1.895,5.887898,36.615403
stage5_volumetric_skin_soft_interior_125g,1.9,5.926216,36.542111
stage5_volumetric_skin_soft_interior_125g,1.9,5.926216,36.542111
stage5_volumetric_skin_soft_interior_125g,1.925,4.657133,31.736253
stage5_volumetric_skin_soft_interior_125g,1.95,3.342721,26.95515
stage5_volumetric_skin_soft_interior_125g,1.975,4.183534,28.710902
stage5_volumetric_skin_soft_interior_125g,2,5.550155,35.767919
stage5_volumetric_skin_soft_interior_125g,2.025,5.295275,36.117647
stage5_volumetric_skin_soft_interior_125g,2.05,4.183478,28.417869
stage5_volumetric_skin_soft_interior_125g,2.075,3.448972,27.153722
stage5_volumetric_skin_soft_interior_125g,2.1,4.410154,31.573598
stage5_volumetric_skin_soft_interior_125g,2.125,5.824005,36.42557
stage5_volumetric_skin_soft_interior_125g,2.15,5.189658,34.014942
stage5_volumetric_skin_soft_interior_125g,2.175,3.410049,27.287099
stage5_volumetric_skin_soft_interior_125g,2.2,3.709767,27.346378
stage6_tumor_medium_upper_outer_surface_proximal_xoffset055_125g_volumetric_skin_soft_interior_solve,0.0000,6.7193E-13,2.9967E-10
stage6_tumor_medium_upper_outer_surface_proximal_xoffset055_125g_volumetric_skin_soft_interior_solve,0.025000,0.025850,0.36301
stage6_tumor_medium_upper_outer_surface_proximal_xoffset055_125g_volumetric_skin_soft_interior_solve,0.050000,0.17834,1.4242
stage6_tumor_medium_upper_outer_surface_proximal_xoffset055_125g_volumetric_skin_soft_interior_solve,0.075000,0.41456,2.6917
stage6_tumor_medium_upper_outer_surface_proximal_xoffset055_125g_volumetric_skin_soft_interior_solve,0.10000,0.54526,3.4977
stage6_tumor_medium_upper_outer_surface_proximal_xoffset055_125g_volumetric_skin_soft_interior_solve,0.12500,0.52219,3.7957
stage6_tumor_medium_upper_outer_surface_proximal_xoffset055_125g_volumetric_skin_soft_interior_solve,0.15000,0.58490,4.3342
stage6_tumor_medium_upper_outer_surface_proximal_xoffset055_125g_volumetric_skin_soft_interior_solve,0.17500,0.80194,5.5269
stage6_tumor_medium_upper_outer_surface_proximal_xoffset055_125g_volumetric_skin_soft_interior_solve,0.20000,1.0071,6.7611
stage6_tumor_medium_upper_outer_surface_proximal_xoffset055_125g_volumetric_skin_soft_interior_solve,0.22500,1.0642,7.3195
stage6_tumor_medium_upper_outer_surface_proximal_xoffset055_125g_volumetric_skin_soft_interior_solve,0.25000,1.0688,7.5818
stage6_tumor_medium_upper_outer_surface_proximal_xoffset055_125g_volumetric_skin_soft_interior_solve,0.27500,1.1795,8.4033
stage6_tumor_medium_upper_outer_surface_proximal_xoffset055_125g_volumetric_skin_soft_interior_solve,0.30000,1.3993,9.6563
stage6_tumor_medium_upper_outer_surface_proximal_xoffset055_125g_volumetric_skin_soft_interior_solve,0.32500,1.5801,10.712
stage6_tumor_medium_upper_outer_surface_proximal_xoffset055_125g_volumetric_skin_soft_interior_solve,0.35000,1.6069,11.117
stage6_tumor_medium_upper_outer_surface_proximal_xoffset055_125g_volumetric_skin_soft_interior_solve,0.37500,1.6056,11.465
stage6_tumor_medium_upper_outer_surface_proximal_xoffset055_125g_volumetric_skin_soft_interior_solve,0.40000,1.7801,12.468
stage6_tumor_medium_upper_outer_surface_proximal_xoffset055_125g_volumetric_skin_soft_interior_solve,0.42500,2.0147,13.8
stage6_tumor_medium_upper_outer_surface_proximal_xoffset055_125g_volumetric_skin_soft_interior_solve,0.45000,2.1295,14.591
stage6_tumor_medium_upper_outer_surface_proximal_xoffset055_125g_volumetric_skin_soft_interior_solve,0.47500,2.1225,14.864
stage6_tumor_medium_upper_outer_surface_proximal_xoffset055_125g_volumetric_skin_soft_interior_solve,0.50000,2.1884,15.471
stage6_tumor_medium_upper_outer_surface_proximal_xoffset055_125g_volumetric_skin_soft_interior_solve,0.52500,2.3897,16.562
stage6_tumor_medium_upper_outer_surface_proximal_xoffset055_125g_volumetric_skin_soft_interior_solve,0.55000,2.5922,17.856
stage6_tumor_medium_upper_outer_surface_proximal_xoffset055_125g_volumetric_skin_soft_interior_solve,0.57500,2.6763,18.427
stage6_tumor_medium_upper_outer_surface_proximal_xoffset055_125g_volumetric_skin_soft_interior_solve,0.60000,2.6669,18.68
stage6_tumor_medium_upper_outer_surface_proximal_xoffset055_125g_volumetric_skin_soft_interior_solve,0.62500,2.7565,19.467
stage6_tumor_medium_upper_outer_surface_proximal_xoffset055_125g_volumetric_skin_soft_interior_solve,0.65000,3.0077,20.75
stage6_tumor_medium_upper_outer_surface_proximal_xoffset055_125g_volumetric_skin_soft_interior_solve,0.67500,3.1753,21.796
stage6_tumor_medium_upper_outer_surface_proximal_xoffset055_125g_volumetric_skin_soft_interior_solve,0.70000,3.1950,22.211
stage6_tumor_medium_upper_outer_surface_proximal_xoffset055_125g_volumetric_skin_soft_interior_solve,0.72500,3.2088,22.584
stage6_tumor_medium_upper_outer_surface_proximal_xoffset055_125g_volumetric_skin_soft_interior_solve,0.75000,3.3772,23.52
stage6_tumor_medium_upper_outer_surface_proximal_xoffset055_125g_volumetric_skin_soft_interior_solve,0.77500,3.5994,24.879
stage6_tumor_medium_upper_outer_surface_proximal_xoffset055_125g_volumetric_skin_soft_interior_solve,0.80000,3.7207,25.689
stage6_tumor_medium_upper_outer_surface_proximal_xoffset055_125g_volumetric_skin_soft_interior_solve,0.82500,3.7433,26
stage6_tumor_medium_upper_outer_surface_proximal_xoffset055_125g_volumetric_skin_soft_interior_solve,0.85000,3.7790,26.534
stage6_tumor_medium_upper_outer_surface_proximal_xoffset055_125g_volumetric_skin_soft_interior_solve,0.87500,3.9591,27.645
stage6_tumor_medium_upper_outer_surface_proximal_xoffset055_125g_volumetric_skin_soft_interior_solve,0.90000,4.2006,28.867
stage6_tumor_medium_upper_outer_surface_proximal_xoffset055_125g_volumetric_skin_soft_interior_solve,0.92500,4.2810,29.59
stage6_tumor_medium_upper_outer_surface_proximal_xoffset055_125g_volumetric_skin_soft_interior_solve,0.95000,4.2667,29.866
stage6_tumor_medium_upper_outer_surface_proximal_xoffset055_125g_volumetric_skin_soft_interior_solve,0.97500,4.3596,30.489
stage6_tumor_medium_upper_outer_surface_proximal_xoffset055_125g_volumetric_skin_soft_interior_solve,1.0000,4.5740,31.738
stage6_tumor_medium_upper_outer_surface_proximal_xoffset055_125g_volumetric_skin_soft_interior_solve,1.0250,4.7367,32.539
stage6_tumor_medium_upper_outer_surface_proximal_xoffset055_125g_volumetric_skin_soft_interior_solve,1.0500,4.6433,31.979
stage6_tumor_medium_upper_outer_surface_proximal_xoffset055_125g_volumetric_skin_soft_interior_solve,1.0750,4.4190,31.055
stage6_tumor_medium_upper_outer_surface_proximal_xoffset055_125g_volumetric_skin_soft_interior_solve,1.1000,4.3888,31.026
stage6_tumor_medium_upper_outer_surface_proximal_xoffset055_125g_volumetric_skin_soft_interior_solve,1.1250,4.6366,31.991
stage6_tumor_medium_upper_outer_surface_proximal_xoffset055_125g_volumetric_skin_soft_interior_solve,1.1500,4.7665,32.535
stage6_tumor_medium_upper_outer_surface_proximal_xoffset055_125g_volumetric_skin_soft_interior_solve,1.1750,4.5632,31.745
stage6_tumor_medium_upper_outer_surface_proximal_xoffset055_125g_volumetric_skin_soft_interior_solve,1.2000,4.3585,30.832
stage6_tumor_medium_upper_outer_surface_proximal_xoffset055_125g_volumetric_skin_soft_interior_solve,1.2000,4.3585,30.832
stage6_tumor_medium_upper_outer_surface_proximal_xoffset055_125g_volumetric_skin_soft_interior_solve,1.2050,4.3590,30.814
stage6_tumor_medium_upper_outer_surface_proximal_xoffset055_125g_volumetric_skin_soft_interior_solve,1.2100,4.3684,30.836
stage6_tumor_medium_upper_outer_surface_proximal_xoffset055_125g_volumetric_skin_soft_interior_solve,1.2150,4.3927,30.925
stage6_tumor_medium_upper_outer_surface_proximal_xoffset055_125g_volumetric_skin_soft_interior_solve,1.2200,4.4299,31.081
stage6_tumor_medium_upper_outer_surface_proximal_xoffset055_125g_volumetric_skin_soft_interior_solve,1.2250,4.4725,31.265
stage6_tumor_medium_upper_outer_surface_proximal_xoffset055_125g_volumetric_skin_soft_interior_solve,1.2300,4.5228,31.495
stage6_tumor_medium_upper_outer_surface_proximal_xoffset055_125g_volumetric_skin_soft_interior_solve,1.2350,4.5728,31.727
stage6_tumor_medium_upper_outer_surface_proximal_xoffset055_125g_volumetric_skin_soft_interior_solve,1.2400,4.6226,31.961
stage6_tumor_medium_upper_outer_surface_proximal_xoffset055_125g_volumetric_skin_soft_interior_solve,1.2450,4.6653,32.159
stage6_tumor_medium_upper_outer_surface_proximal_xoffset055_125g_volumetric_skin_soft_interior_solve,1.2500,4.7052,32.372
stage6_tumor_medium_upper_outer_surface_proximal_xoffset055_125g_volumetric_skin_soft_interior_solve,1.2550,4.7394,32.694
stage6_tumor_medium_upper_outer_surface_proximal_xoffset055_125g_volumetric_skin_soft_interior_solve,1.2600,4.7812,33.264
stage6_tumor_medium_upper_outer_surface_proximal_xoffset055_125g_volumetric_skin_soft_interior_solve,1.2650,4.8334,34.102
stage6_tumor_medium_upper_outer_surface_proximal_xoffset055_125g_volumetric_skin_soft_interior_solve,1.2700,4.9215,35.412
stage6_tumor_medium_upper_outer_surface_proximal_xoffset055_125g_volumetric_skin_soft_interior_solve,1.2750,5.0623,37.089
stage6_tumor_medium_upper_outer_surface_proximal_xoffset055_125g_volumetric_skin_soft_interior_solve,1.2800,5.2630,39.081
stage6_tumor_medium_upper_outer_surface_proximal_xoffset055_125g_volumetric_skin_soft_interior_solve,1.2850,5.5320,41.364
stage6_tumor_medium_upper_outer_surface_proximal_xoffset055_125g_volumetric_skin_soft_interior_solve,1.2900,5.8743,43.904
stage6_tumor_medium_upper_outer_surface_proximal_xoffset055_125g_volumetric_skin_soft_interior_solve,1.2950,6.2913,46.66
stage6_tumor_medium_upper_outer_surface_proximal_xoffset055_125g_volumetric_skin_soft_interior_solve,1.3000,6.7880,49.604
stage6_tumor_medium_upper_outer_surface_proximal_xoffset055_125g_volumetric_skin_soft_interior_solve,1.3050,7.3362,52.632
stage6_tumor_medium_upper_outer_surface_proximal_xoffset055_125g_volumetric_skin_soft_interior_solve,1.3100,7.9102,55.665
stage6_tumor_medium_upper_outer_surface_proximal_xoffset055_125g_volumetric_skin_soft_interior_solve,1.3150,8.4890,58.633
stage6_tumor_medium_upper_outer_surface_proximal_xoffset055_125g_volumetric_skin_soft_interior_solve,1.3200,9.0525,61.467
stage6_tumor_medium_upper_outer_surface_proximal_xoffset055_125g_volumetric_skin_soft_interior_solve,1.3250,9.5751,64.064
stage6_tumor_medium_upper_outer_surface_proximal_xoffset055_125g_volumetric_skin_soft_interior_solve,1.3300,10.036,66.352
stage6_tumor_medium_upper_outer_surface_proximal_xoffset055_125g_volumetric_skin_soft_interior_solve,1.3350,10.409,68.239
stage6_tumor_medium_upper_outer_surface_proximal_xoffset055_125g_volumetric_skin_soft_interior_solve,1.3400,10.679,69.702
stage6_tumor_medium_upper_outer_surface_proximal_xoffset055_125g_volumetric_skin_soft_interior_solve,1.3450,10.835,70.728
stage6_tumor_medium_upper_outer_surface_proximal_xoffset055_125g_volumetric_skin_soft_interior_solve,1.3500,10.872,71.333
stage6_tumor_medium_upper_outer_surface_proximal_xoffset055_125g_volumetric_skin_soft_interior_solve,1.3550,10.795,71.55
stage6_tumor_medium_upper_outer_surface_proximal_xoffset055_125g_volumetric_skin_soft_interior_solve,1.3600,10.619,71.419
stage6_tumor_medium_upper_outer_surface_proximal_xoffset055_125g_volumetric_skin_soft_interior_solve,1.3650,10.371,70.985
stage6_tumor_medium_upper_outer_surface_proximal_xoffset055_125g_volumetric_skin_soft_interior_solve,1.3700,10.086,70.328
stage6_tumor_medium_upper_outer_surface_proximal_xoffset055_125g_volumetric_skin_soft_interior_solve,1.3750,9.8018,69.549
stage6_tumor_medium_upper_outer_surface_proximal_xoffset055_125g_volumetric_skin_soft_interior_solve,1.3800,9.5546,68.754
stage6_tumor_medium_upper_outer_surface_proximal_xoffset055_125g_volumetric_skin_soft_interior_solve,1.3850,9.3715,68.056
stage6_tumor_medium_upper_outer_surface_proximal_xoffset055_125g_volumetric_skin_soft_interior_solve,1.3900,9.2637,67.531
stage6_tumor_medium_upper_outer_surface_proximal_xoffset055_125g_volumetric_skin_soft_interior_solve,1.3950,9.2302,67.229
stage6_tumor_medium_upper_outer_surface_proximal_xoffset055_125g_volumetric_skin_soft_interior_solve,1.4000,9.2729,67.214
stage6_tumor_medium_upper_outer_surface_proximal_xoffset055_125g_volumetric_skin_soft_interior_solve,1.4050,9.3763,67.456
stage6_tumor_medium_upper_outer_surface_proximal_xoffset055_125g_volumetric_skin_soft_interior_solve,1.4100,9.5372,67.947
stage6_tumor_medium_upper_outer_surface_proximal_xoffset055_125g_volumetric_skin_soft_interior_solve,1.4150,9.7510,68.653
stage6_tumor_medium_upper_outer_surface_proximal_xoffset055_125g_volumetric_skin_soft_interior_solve,1.4200,10.003,69.514
stage6_tumor_medium_upper_outer_surface_proximal_xoffset055_125g_volumetric_skin_soft_interior_solve,1.4250,10.262,70.429
stage6_tumor_medium_upper_outer_surface_proximal_xoffset055_125g_volumetric_skin_soft_interior_solve,1.4300,10.504,71.308
stage6_tumor_medium_upper_outer_surface_proximal_xoffset055_125g_volumetric_skin_soft_interior_solve,1.4350,10.707,72.036
stage6_tumor_medium_upper_outer_surface_proximal_xoffset055_125g_volumetric_skin_soft_interior_solve,1.4400,10.842,72.495
stage6_tumor_medium_upper_outer_surface_proximal_xoffset055_125g_volumetric_skin_soft_interior_solve,1.4450,10.896,72.623
stage6_tumor_medium_upper_outer_surface_proximal_xoffset055_125g_volumetric_skin_soft_interior_solve,1.4500,10.858,72.353
stage6_tumor_medium_upper_outer_surface_proximal_xoffset055_125g_volumetric_skin_soft_interior_solve,1.4550,10.717,71.552
stage6_tumor_medium_upper_outer_surface_proximal_xoffset055_125g_volumetric_skin_soft_interior_solve,1.4600,10.481,70.159
stage6_tumor_medium_upper_outer_surface_proximal_xoffset055_125g_volumetric_skin_soft_interior_solve,1.4650,10.164,68.203
stage6_tumor_medium_upper_outer_surface_proximal_xoffset055_125g_volumetric_skin_soft_interior_solve,1.4700,9.7697,65.738
stage6_tumor_medium_upper_outer_surface_proximal_xoffset055_125g_volumetric_skin_soft_interior_solve,1.4750,9.3057,62.857
stage6_tumor_medium_upper_outer_surface_proximal_xoffset055_125g_volumetric_skin_soft_interior_solve,1.4800,8.7962,59.799
stage6_tumor_medium_upper_outer_surface_proximal_xoffset055_125g_volumetric_skin_soft_interior_solve,1.4850,8.2610,56.728
stage6_tumor_medium_upper_outer_surface_proximal_xoffset055_125g_volumetric_skin_soft_interior_solve,1.4900,7.7179,53.742
stage6_tumor_medium_upper_outer_surface_proximal_xoffset055_125g_volumetric_skin_soft_interior_solve,1.4950,7.1902,50.91
stage6_tumor_medium_upper_outer_surface_proximal_xoffset055_125g_volumetric_skin_soft_interior_solve,1.5000,6.6955,48.228
stage6_tumor_medium_upper_outer_surface_proximal_xoffset055_125g_volumetric_skin_soft_interior_solve,1.5050,6.2489,45.723
stage6_tumor_medium_upper_outer_surface_proximal_xoffset055_125g_volumetric_skin_soft_interior_solve,1.5100,5.8634,43.448
stage6_tumor_medium_upper_outer_surface_proximal_xoffset055_125g_volumetric_skin_soft_interior_solve,1.5150,5.5520,41.468
stage6_tumor_medium_upper_outer_surface_proximal_xoffset055_125g_volumetric_skin_soft_interior_solve,1.5200,5.3066,39.747
stage6_tumor_medium_upper_outer_surface_proximal_xoffset055_125g_volumetric_skin_soft_interior_solve,1.5250,5.1253,38.257
stage6_tumor_medium_upper_outer_surface_proximal_xoffset055_125g_volumetric_skin_soft_interior_solve,1.5300,5.0076,36.984
stage6_tumor_medium_upper_outer_surface_proximal_xoffset055_125g_volumetric_skin_soft_interior_solve,1.5350,4.9467,35.916
stage6_tumor_medium_upper_outer_surface_proximal_xoffset055_125g_volumetric_skin_soft_interior_solve,1.5400,4.9251,35.018
stage6_tumor_medium_upper_outer_surface_proximal_xoffset055_125g_volumetric_skin_soft_interior_solve,1.5450,4.9279,34.233
stage6_tumor_medium_upper_outer_surface_proximal_xoffset055_125g_volumetric_skin_soft_interior_solve,1.5500,4.9344,33.451
stage6_tumor_medium_upper_outer_surface_proximal_xoffset055_125g_volumetric_skin_soft_interior_solve,1.5550,4.9214,32.547
stage6_tumor_medium_upper_outer_surface_proximal_xoffset055_125g_volumetric_skin_soft_interior_solve,1.5600,4.8699,31.44
stage6_tumor_medium_upper_outer_surface_proximal_xoffset055_125g_volumetric_skin_soft_interior_solve,1.5650,4.7633,30.077
stage6_tumor_medium_upper_outer_surface_proximal_xoffset055_125g_volumetric_skin_soft_interior_solve,1.5700,4.5735,28.372
stage6_tumor_medium_upper_outer_surface_proximal_xoffset055_125g_volumetric_skin_soft_interior_solve,1.5750,4.2959,26.327
stage6_tumor_medium_upper_outer_surface_proximal_xoffset055_125g_volumetric_skin_soft_interior_solve,1.5800,3.9278,23.944
stage6_tumor_medium_upper_outer_surface_proximal_xoffset055_125g_volumetric_skin_soft_interior_solve,1.5850,3.4701,21.232
stage6_tumor_medium_upper_outer_surface_proximal_xoffset055_125g_volumetric_skin_soft_interior_solve,1.5900,2.9190,18.199
stage6_tumor_medium_upper_outer_surface_proximal_xoffset055_125g_volumetric_skin_soft_interior_solve,1.5950,2.3055,14.974
stage6_tumor_medium_upper_outer_surface_proximal_xoffset055_125g_volumetric_skin_soft_interior_solve,1.6000,1.6556,11.652
stage6_tumor_medium_upper_outer_surface_proximal_xoffset055_125g_volumetric_skin_soft_interior_solve,1.6050,1.0087,8.3339
stage6_tumor_medium_upper_outer_surface_proximal_xoffset055_125g_volumetric_skin_soft_interior_solve,1.6100,0.57311,5.1318
stage6_tumor_medium_upper_outer_surface_proximal_xoffset055_125g_volumetric_skin_soft_interior_solve,1.6150,0.29861,2.1917
stage6_tumor_medium_upper_outer_surface_proximal_xoffset055_125g_volumetric_skin_soft_interior_solve,1.6200,0.59789,0.88317
stage6_tumor_medium_upper_outer_surface_proximal_xoffset055_125g_volumetric_skin_soft_interior_solve,1.6250,0.92313,2.5119
stage6_tumor_medium_upper_outer_surface_proximal_xoffset055_125g_volumetric_skin_soft_interior_solve,1.6300,1.1339,4.1242
stage6_tumor_medium_upper_outer_surface_proximal_xoffset055_125g_volumetric_skin_soft_interior_solve,1.6350,1.2393,5.2282
stage6_tumor_medium_upper_outer_surface_proximal_xoffset055_125g_volumetric_skin_soft_interior_solve,1.6400,1.2542,5.8593
stage6_tumor_medium_upper_outer_surface_proximal_xoffset055_125g_volumetric_skin_soft_interior_solve,1.6450,1.1946,6.0879
stage6_tumor_medium_upper_outer_surface_proximal_xoffset055_125g_volumetric_skin_soft_interior_solve,1.6500,1.0767,5.9776
stage6_tumor_medium_upper_outer_surface_proximal_xoffset055_125g_volumetric_skin_soft_interior_solve,1.6550,0.92013,5.5886
stage6_tumor_medium_upper_outer_surface_proximal_xoffset055_125g_volumetric_skin_soft_interior_solve,1.6600,0.74096,5.0075
stage6_tumor_medium_upper_outer_surface_proximal_xoffset055_125g_volumetric_skin_soft_interior_solve,1.6650,0.58802,4.3315
stage6_tumor_medium_upper_outer_surface_proximal_xoffset055_125g_volumetric_skin_soft_interior_solve,1.6700,0.51914,3.6727
stage6_tumor_medium_upper_outer_surface_proximal_xoffset055_125g_volumetric_skin_soft_interior_solve,1.6750,0.46556,3.1875
stage6_tumor_medium_upper_outer_surface_proximal_xoffset055_125g_volumetric_skin_soft_interior_solve,1.6800,0.40782,3.0224
stage6_tumor_medium_upper_outer_surface_proximal_xoffset055_125g_volumetric_skin_soft_interior_solve,1.6850,0.35617,3.2563
stage6_tumor_medium_upper_outer_surface_proximal_xoffset055_125g_volumetric_skin_soft_interior_solve,1.6900,0.33884,3.8597
stage6_tumor_medium_upper_outer_surface_proximal_xoffset055_125g_volumetric_skin_soft_interior_solve,1.6950,0.37990,4.7146
stage6_tumor_medium_upper_outer_surface_proximal_xoffset055_125g_volumetric_skin_soft_interior_solve,1.7000,0.50716,5.6773
stage6_tumor_medium_upper_outer_surface_proximal_xoffset055_125g_volumetric_skin_soft_interior_solve,1.7050,0.73279,6.6497
stage6_tumor_medium_upper_outer_surface_proximal_xoffset055_125g_volumetric_skin_soft_interior_solve,1.7100,1.0123,7.5628
stage6_tumor_medium_upper_outer_surface_proximal_xoffset055_125g_volumetric_skin_soft_interior_solve,1.7150,1.3035,8.3687
stage6_tumor_medium_upper_outer_surface_proximal_xoffset055_125g_volumetric_skin_soft_interior_solve,1.7200,1.5727,9.0482
stage6_tumor_medium_upper_outer_surface_proximal_xoffset055_125g_volumetric_skin_soft_interior_solve,1.7250,1.7882,9.6276
stage6_tumor_medium_upper_outer_surface_proximal_xoffset055_125g_volumetric_skin_soft_interior_solve,1.7300,1.9330,10.055
stage6_tumor_medium_upper_outer_surface_proximal_xoffset055_125g_volumetric_skin_soft_interior_solve,1.7350,1.9988,10.313
stage6_tumor_medium_upper_outer_surface_proximal_xoffset055_125g_volumetric_skin_soft_interior_solve,1.7400,1.9789,10.276
stage6_tumor_medium_upper_outer_surface_proximal_xoffset055_125g_volumetric_skin_soft_interior_solve,1.7450,1.8697,9.8298
stage6_tumor_medium_upper_outer_surface_proximal_xoffset055_125g_volumetric_skin_soft_interior_solve,1.7500,1.6719,8.8787
stage6_tumor_medium_upper_outer_surface_proximal_xoffset055_125g_volumetric_skin_soft_interior_solve,1.7550,1.3889,7.3757
stage6_tumor_medium_upper_outer_surface_proximal_xoffset055_125g_volumetric_skin_soft_interior_solve,1.7600,1.0280,5.3553
stage6_tumor_medium_upper_outer_surface_proximal_xoffset055_125g_volumetric_skin_soft_interior_solve,1.7650,0.60307,2.9312
stage6_tumor_medium_upper_outer_surface_proximal_xoffset055_125g_volumetric_skin_soft_interior_solve,1.7700,0.14819,0.38067
stage6_tumor_medium_upper_outer_surface_proximal_xoffset055_125g_volumetric_skin_soft_interior_solve,1.7750,0.43707,2.8822
stage6_tumor_medium_upper_outer_surface_proximal_xoffset055_125g_volumetric_skin_soft_interior_solve,1.7800,0.89667,5.9944
stage6_tumor_medium_upper_outer_surface_proximal_xoffset055_125g_volumetric_skin_soft_interior_solve,1.7850,1.3921,9.0526
stage6_tumor_medium_upper_outer_surface_proximal_xoffset055_125g_volumetric_skin_soft_interior_solve,1.7900,1.8719,11.931
stage6_tumor_medium_upper_outer_surface_proximal_xoffset055_125g_volumetric_skin_soft_interior_solve,1.7950,2.3212,14.533
stage6_tumor_medium_upper_outer_surface_proximal_xoffset055_125g_volumetric_skin_soft_interior_solve,1.8000,2.7250,16.779
stage6_tumor_medium_upper_outer_surface_proximal_xoffset055_125g_volumetric_skin_soft_interior_solve,1.8050,3.0674,18.641
stage6_tumor_medium_upper_outer_surface_proximal_xoffset055_125g_volumetric_skin_soft_interior_solve,1.8100,3.3357,20.147
stage6_tumor_medium_upper_outer_surface_proximal_xoffset055_125g_volumetric_skin_soft_interior_solve,1.8150,3.5205,21.334
stage6_tumor_medium_upper_outer_surface_proximal_xoffset055_125g_volumetric_skin_soft_interior_solve,1.8200,3.6176,22.231
stage6_tumor_medium_upper_outer_surface_proximal_xoffset055_125g_volumetric_skin_soft_interior_solve,1.8250,3.6315,22.907
stage6_tumor_medium_upper_outer_surface_proximal_xoffset055_125g_volumetric_skin_soft_interior_solve,1.8300,3.5796,23.493
stage6_tumor_medium_upper_outer_surface_proximal_xoffset055_125g_volumetric_skin_soft_interior_solve,1.8350,3.4921,24.142
stage6_tumor_medium_upper_outer_surface_proximal_xoffset055_125g_volumetric_skin_soft_interior_solve,1.8400,3.4097,24.964
stage6_tumor_medium_upper_outer_surface_proximal_xoffset055_125g_volumetric_skin_soft_interior_solve,1.8450,3.3746,26.011
stage6_tumor_medium_upper_outer_surface_proximal_xoffset055_125g_volumetric_skin_soft_interior_solve,1.8500,3.4435,27.303
stage6_tumor_medium_upper_outer_surface_proximal_xoffset055_125g_volumetric_skin_soft_interior_solve,1.8550,3.6046,28.757
stage6_tumor_medium_upper_outer_surface_proximal_xoffset055_125g_volumetric_skin_soft_interior_solve,1.8600,3.8391,30.145
stage6_tumor_medium_upper_outer_surface_proximal_xoffset055_125g_volumetric_skin_soft_interior_solve,1.8650,4.1597,31.438
stage6_tumor_medium_upper_outer_surface_proximal_xoffset055_125g_volumetric_skin_soft_interior_solve,1.8700,4.5209,32.643
stage6_tumor_medium_upper_outer_surface_proximal_xoffset055_125g_volumetric_skin_soft_interior_solve,1.8750,4.8879,33.781
stage6_tumor_medium_upper_outer_surface_proximal_xoffset055_125g_volumetric_skin_soft_interior_solve,1.8800,5.2325,34.85
stage6_tumor_medium_upper_outer_surface_proximal_xoffset055_125g_volumetric_skin_soft_interior_solve,1.8850,5.5279,35.776
stage6_tumor_medium_upper_outer_surface_proximal_xoffset055_125g_volumetric_skin_soft_interior_solve,1.8900,5.7508,36.443
stage6_tumor_medium_upper_outer_surface_proximal_xoffset055_125g_volumetric_skin_soft_interior_solve,1.8950,5.8851,36.749
stage6_tumor_medium_upper_outer_surface_proximal_xoffset055_125g_volumetric_skin_soft_interior_solve,1.9000,5.9228,36.648
stage6_tumor_medium_upper_outer_surface_proximal_xoffset055_125g_volumetric_skin_soft_interior_solve,1.9000,5.9228,36.648
stage6_tumor_medium_upper_outer_surface_proximal_xoffset055_125g_volumetric_skin_soft_interior_solve,1.9250,4.6578,31.837
stage6_tumor_medium_upper_outer_surface_proximal_xoffset055_125g_volumetric_skin_soft_interior_solve,1.9500,3.3431,27.051
stage6_tumor_medium_upper_outer_surface_proximal_xoffset055_125g_volumetric_skin_soft_interior_solve,1.9750,4.1835,28.796
stage6_tumor_medium_upper_outer_surface_proximal_xoffset055_125g_volumetric_skin_soft_interior_solve,2.0000,5.5507,35.868
stage6_tumor_medium_upper_outer_surface_proximal_xoffset055_125g_volumetric_skin_soft_interior_solve,2.0250,5.2950,36.283
stage6_tumor_medium_upper_outer_surface_proximal_xoffset055_125g_volumetric_skin_soft_interior_solve,2.0500,4.1839,28.461
stage6_tumor_medium_upper_outer_surface_proximal_xoffset055_125g_volumetric_skin_soft_interior_solve,2.0750,3.4489,27.247
stage6_tumor_medium_upper_outer_surface_proximal_xoffset055_125g_volumetric_skin_soft_interior_solve,2.1000,4.4095,31.705
stage6_tumor_medium_upper_outer_surface_proximal_xoffset055_125g_volumetric_skin_soft_interior_solve,2.1250,5.8219,36.481
stage6_tumor_medium_upper_outer_surface_proximal_xoffset055_125g_volumetric_skin_soft_interior_solve,2.1500,5.1891,34.124
stage6_tumor_medium_upper_outer_surface_proximal_xoffset055_125g_volumetric_skin_soft_interior_solve,2.1750,3.4100,27.346
stage6_tumor_medium_upper_outer_surface_proximal_xoffset055_125g_volumetric_skin_soft_interior_solve,2.2000,3.7088,27.436
stage6_tumor_large_central_xoffset055_125g_volumetric_skin_soft_interior_solve,0,6.149718810243009E-13,3.04929623272e-10
stage6_tumor_large_central_xoffset055_125g_volumetric_skin_soft_interior_solve,0.025,0.025850293797180162,0.363112281866
stage6_tumor_large_central_xoffset055_125g_volumetric_skin_soft_interior_solve,0.05,0.178345954288794,1.41975757922
stage6_tumor_large_central_xoffset055_125g_volumetric_skin_soft_interior_solve,0.07500000000000001,0.4145688268134124,2.6833046155
stage6_tumor_large_central_xoffset055_125g_volumetric_skin_soft_interior_solve,0.1,0.5452853007792992,3.48696652432
stage6_tumor_large_central_xoffset055_125g_volumetric_skin_soft_interior_solve,0.125,0.5222008208732102,3.7844827621
stage6_tumor_large_central_xoffset055_125g_volumetric_skin_soft_interior_solve,0.15000000000000002,0.5849394483903428,4.32144830849
stage6_tumor_large_central_xoffset055_125g_volumetric_skin_soft_interior_solve,0.17500000000000002,0.8019800065546759,5.51190674179
stage6_tumor_large_central_xoffset055_125g_volumetric_skin_soft_interior_solve,0.2,1.007083728101221,6.73865680837
stage6_tumor_large_central_xoffset055_125g_volumetric_skin_soft_interior_solve,0.225,1.0642591019968106,7.29764702978
stage6_tumor_large_central_xoffset055_125g_volumetric_skin_soft_interior_solve,0.25,1.0688139504846228,7.55992175546
stage6_tumor_large_central_xoffset055_125g_volumetric_skin_soft_interior_solve,0.275,1.179565987946543,8.37859715495
stage6_tumor_large_central_xoffset055_125g_volumetric_skin_soft_interior_solve,0.30000000000000004,1.399345751766814,9.62680609005
stage6_tumor_large_central_xoffset055_125g_volumetric_skin_soft_interior_solve,0.325,1.580133989686099,10.6799885797
stage6_tumor_large_central_xoffset055_125g_volumetric_skin_soft_interior_solve,0.35000000000000003,1.6070229338286877,11.0838267964
stage6_tumor_large_central_xoffset055_125g_volumetric_skin_soft_interior_solve,0.375,1.6056848270465776,11.4294850639
stage6_tumor_large_central_xoffset055_125g_volumetric_skin_soft_interior_solve,0.4,1.7801773977128734,12.4323784979
stage6_tumor_large_central_xoffset055_125g_volumetric_skin_soft_interior_solve,0.42500000000000004,2.0147581175781117,13.7585832112
stage6_tumor_large_central_xoffset055_125g_volumetric_skin_soft_interior_solve,0.45,2.129531434104863,14.5460638635
stage6_tumor_large_central_xoffset055_125g_volumetric_skin_soft_interior_solve,0.47500000000000003,2.1225980445018857,14.8207296969
stage6_tumor_large_central_xoffset055_125g_volumetric_skin_soft_interior_solve,0.5,2.1884837694075134,15.4240881782
stage6_tumor_large_central_xoffset055_125g_volumetric_skin_soft_interior_solve,0.525,2.389755497970776,16.5135979708
stage6_tumor_large_central_xoffset055_125g_volumetric_skin_soft_interior_solve,0.55,2.5923529377554524,17.7998231861
stage6_tumor_large_central_xoffset055_125g_volumetric_skin_soft_interior_solve,0.5750000000000001,2.6764318268962772,18.3742288927
stage6_tumor_large_central_xoffset055_125g_volumetric_skin_soft_interior_solve,0.6000000000000001,2.6670744763648693,18.6214255028
stage6_tumor_large_central_xoffset055_125g_volumetric_skin_soft_interior_solve,0.625,2.7565986740875728,19.409342156
stage6_tumor_large_central_xoffset055_125g_volumetric_skin_soft_interior_solve,0.65,3.007785837438661,20.6872359402
stage6_tumor_large_central_xoffset055_125g_volumetric_skin_soft_interior_solve,0.675,3.1754829271720566,21.7294780682
stage6_tumor_large_central_xoffset055_125g_volumetric_skin_soft_interior_solve,0.7000000000000001,3.1952087540832856,22.145704651
stage6_tumor_large_central_xoffset055_125g_volumetric_skin_soft_interior_solve,0.7250000000000001,3.2089345881057922,22.5155851437
stage6_tumor_large_central_xoffset055_125g_volumetric_skin_soft_interior_solve,0.75,3.3772839441381874,23.4517242439
stage6_tumor_large_central_xoffset055_125g_volumetric_skin_soft_interior_solve,0.775,3.599491753817035,24.8015314127
stage6_tumor_large_central_xoffset055_125g_volumetric_skin_soft_interior_solve,0.8,3.7208537362577667,25.6105861764
stage6_tumor_large_central_xoffset055_125g_volumetric_skin_soft_interior_solve,0.8250000000000001,3.743466928624112,25.9239567885
stage6_tumor_large_central_xoffset055_125g_volumetric_skin_soft_interior_solve,0.8500000000000001,3.7792365709356974,26.4550127529
stage6_tumor_large_central_xoffset055_125g_volumetric_skin_soft_interior_solve,0.875,3.9591976469828736,27.5604494679
stage6_tumor_large_central_xoffset055_125g_volumetric_skin_soft_interior_solve,0.9,4.200887396258809,28.7828464952
stage6_tumor_large_central_xoffset055_125g_volumetric_skin_soft_interior_solve,0.925,4.2811351036958625,29.4995119268
stage6_tumor_large_central_xoffset055_125g_volumetric_skin_soft_interior_solve,0.9500000000000001,4.266783958862542,29.7763046416
stage6_tumor_large_central_xoffset055_125g_volumetric_skin_soft_interior_solve,0.9750000000000001,4.359829366032051,30.399402558
stage6_tumor_large_central_xoffset055_125g_volumetric_skin_soft_interior_solve,1,4.5741184401224935,31.6425266357
stage6_tumor_large_central_xoffset055_125g_volumetric_skin_soft_interior_solve,1.0250000000000001,4.736531901860585,32.4362436786
stage6_tumor_large_central_xoffset055_125g_volumetric_skin_soft_interior_solve,1.05,4.643478212237598,31.8849971764
stage6_tumor_large_central_xoffset055_125g_volumetric_skin_soft_interior_solve,1.075,4.419329932753263,30.9620723119
stage6_tumor_large_central_xoffset055_125g_volumetric_skin_soft_interior_solve,1.1,4.389556434158207,30.9374750926
stage6_tumor_large_central_xoffset055_125g_volumetric_skin_soft_interior_solve,1.125,4.636808756881717,31.8918248901
stage6_tumor_large_central_xoffset055_125g_volumetric_skin_soft_interior_solve,1.1500000000000001,4.766999185356965,32.4402191667
stage6_tumor_large_central_xoffset055_125g_volumetric_skin_soft_interior_solve,1.175,4.563533553933706,31.6490843314
stage6_tumor_large_central_xoffset055_125g_volumetric_skin_soft_interior_solve,1.2000000000000002,4.359342893577288,30.7411258307
stage6_tumor_large_central_xoffset055_125g_volumetric_skin_soft_interior_solve,1.2,4.3593428935772875,30.7411258307
stage6_tumor_large_central_xoffset055_125g_volumetric_skin_soft_interior_solve,1.2049999999999998,4.3591761822322725,30.7229101653
stage6_tumor_large_central_xoffset055_125g_volumetric_skin_soft_interior_solve,1.21,4.368980031652763,30.7492402717
stage6_tumor_large_central_xoffset055_125g_volumetric_skin_soft_interior_solve,1.2149999999999999,4.392765752676599,30.8380375826
stage6_tumor_large_central_xoffset055_125g_volumetric_skin_soft_interior_solve,1.22,4.430250637841014,30.9944026129
stage6_tumor_large_central_xoffset055_125g_volumetric_skin_soft_interior_solve,1.2249999999999999,4.472858800506845,31.1770111895
stage6_tumor_large_central_xoffset055_125g_volumetric_skin_soft_interior_solve,1.23,4.522985402813828,31.4025289064
stage6_tumor_large_central_xoffset055_125g_volumetric_skin_soft_interior_solve,1.2349999999999999,4.572982514947308,31.6306398333
stage6_tumor_large_central_xoffset055_125g_volumetric_skin_soft_interior_solve,1.24,4.6228479050676174,31.8613887935
stage6_tumor_large_central_xoffset055_125g_volumetric_skin_soft_interior_solve,1.2449999999999999,4.665450165081946,32.0584692249
stage6_tumor_large_central_xoffset055_125g_volumetric_skin_soft_interior_solve,1.25,4.7052677124354405,32.2767584937
stage6_tumor_large_central_xoffset055_125g_volumetric_skin_soft_interior_solve,1.255,4.739407713481577,32.5930262481
stage6_tumor_large_central_xoffset055_125g_volumetric_skin_soft_interior_solve,1.26,4.781553540434949,33.1777482034
stage6_tumor_large_central_xoffset055_125g_volumetric_skin_soft_interior_solve,1.265,4.833758855032319,34.0147371237
stage6_tumor_large_central_xoffset055_125g_volumetric_skin_soft_interior_solve,1.27,4.921193196207635,35.3160884189
stage6_tumor_large_central_xoffset055_125g_volumetric_skin_soft_interior_solve,1.275,5.061933145079655,36.9872652089
stage6_tumor_large_central_xoffset055_125g_volumetric_skin_soft_interior_solve,1.28,5.262719079427664,38.9719621755
stage6_tumor_large_central_xoffset055_125g_volumetric_skin_soft_interior_solve,1.285,5.532014593936174,41.2455267052
stage6_tumor_large_central_xoffset055_125g_volumetric_skin_soft_interior_solve,1.29,5.87484397654879,43.7754374486
stage6_tumor_large_central_xoffset055_125g_volumetric_skin_soft_interior_solve,1.295,6.292272669057462,46.5222064301
stage6_tumor_large_central_xoffset055_125g_volumetric_skin_soft_interior_solve,1.3,6.786815160347025,49.450830145
stage6_tumor_large_central_xoffset055_125g_volumetric_skin_soft_interior_solve,1.305,7.335878875273151,52.4693624905
stage6_tumor_large_central_xoffset055_125g_volumetric_skin_soft_interior_solve,1.31,7.91042129966052,55.4918755918
stage6_tumor_large_central_xoffset055_125g_volumetric_skin_soft_interior_solve,1.315,8.489163651394755,58.4483923718
stage6_tumor_large_central_xoffset055_125g_volumetric_skin_soft_interior_solve,1.3199999999999998,9.052286305389327,61.2713775582
stage6_tumor_large_central_xoffset055_125g_volumetric_skin_soft_interior_solve,1.325,9.574462638827681,63.8583822328
stage6_tumor_large_central_xoffset055_125g_volumetric_skin_soft_interior_solve,1.33,10.034376774289239,66.1332146699
stage6_tumor_large_central_xoffset055_125g_volumetric_skin_soft_interior_solve,1.335,10.411546045275234,68.0338788685
stage6_tumor_large_central_xoffset055_125g_volumetric_skin_soft_interior_solve,1.3399999999999999,10.681637106921947,69.4926773146
stage6_tumor_large_central_xoffset055_125g_volumetric_skin_soft_interior_solve,1.345,10.837330425473462,70.517623831
stage6_tumor_large_central_xoffset055_125g_volumetric_skin_soft_interior_solve,1.3499999999999999,10.874747564649939,71.1245065032
stage6_tumor_large_central_xoffset055_125g_volumetric_skin_soft_interior_solve,1.355,10.797610746230347,71.3421737163
stage6_tumor_large_central_xoffset055_125g_volumetric_skin_soft_interior_solve,1.3599999999999999,10.621499932435656,71.2100818017
stage6_tumor_large_central_xoffset055_125g_volumetric_skin_soft_interior_solve,1.365,10.372181650066809,70.7742114334
stage6_tumor_large_central_xoffset055_125g_volumetric_skin_soft_interior_solve,1.3699999999999999,10.087704955546453,70.116696174
stage6_tumor_large_central_xoffset055_125g_volumetric_skin_soft_interior_solve,1.375,9.802519375427025,69.3355176195
stage6_tumor_large_central_xoffset055_125g_volumetric_skin_soft_interior_solve,1.38,9.55446370361989,68.5412759049
stage6_tumor_large_central_xoffset055_125g_volumetric_skin_soft_interior_solve,1.385,9.371274212073093,67.8495195011
stage6_tumor_large_central_xoffset055_125g_volumetric_skin_soft_interior_solve,1.39,9.263354172265135,67.3326054422
stage6_tumor_large_central_xoffset055_125g_volumetric_skin_soft_interior_solve,1.395,9.23031420091081,67.0296274436
stage6_tumor_large_central_xoffset055_125g_volumetric_skin_soft_interior_solve,1.4,9.272744750591324,67.0003563504
stage6_tumor_large_central_xoffset055_125g_volumetric_skin_soft_interior_solve,1.405,9.376019857006497,67.2361930098
stage6_tumor_large_central_xoffset055_125g_volumetric_skin_soft_interior_solve,1.41,9.536936458288285,67.7346890714
stage6_tumor_large_central_xoffset055_125g_volumetric_skin_soft_interior_solve,1.415,9.751059612983704,68.4530588965
stage6_tumor_large_central_xoffset055_125g_volumetric_skin_soft_interior_solve,1.42,10.003013041576985,69.325297933
stage6_tumor_large_central_xoffset055_125g_volumetric_skin_soft_interior_solve,1.425,10.261877791806619,70.2459701315
stage6_tumor_large_central_xoffset055_125g_volumetric_skin_soft_interior_solve,1.43,10.504467220221532,71.1168637752
stage6_tumor_large_central_xoffset055_125g_volumetric_skin_soft_interior_solve,1.435,10.706347726047802,71.8231216614
stage6_tumor_large_central_xoffset055_125g_volumetric_skin_soft_interior_solve,1.44,10.842465957097609,72.2639483194
stage6_tumor_large_central_xoffset055_125g_volumetric_skin_soft_interior_solve,1.4449999999999998,10.897358953731171,72.3819453976
stage6_tumor_large_central_xoffset055_125g_volumetric_skin_soft_interior_solve,1.45,10.859632207987174,72.1072152119
stage6_tumor_large_central_xoffset055_125g_volumetric_skin_soft_interior_solve,1.455,10.716550158097013,71.2955498362
stage6_tumor_large_central_xoffset055_125g_volumetric_skin_soft_interior_solve,1.46,10.482281115230702,69.9184657808
stage6_tumor_large_central_xoffset055_125g_volumetric_skin_soft_interior_solve,1.4649999999999999,10.16499989559513,67.9889261739
stage6_tumor_large_central_xoffset055_125g_volumetric_skin_soft_interior_solve,1.47,9.771749385277849,65.5503971696
stage6_tumor_large_central_xoffset055_125g_volumetric_skin_soft_interior_solve,1.475,9.305845215831036,62.6767643311
stage6_tumor_large_central_xoffset055_125g_volumetric_skin_soft_interior_solve,1.48,8.796876688768585,59.6291709871
stage6_tumor_large_central_xoffset055_125g_volumetric_skin_soft_interior_solve,1.4849999999999999,8.261685014813613,56.5647947145
stage6_tumor_large_central_xoffset055_125g_volumetric_skin_soft_interior_solve,1.49,7.718894534434586,53.5928957892
stage6_tumor_large_central_xoffset055_125g_volumetric_skin_soft_interior_solve,1.4949999999999999,7.190801412632173,50.7676883051
stage6_tumor_large_central_xoffset055_125g_volumetric_skin_soft_interior_solve,1.5,6.6953150192151725,48.085413845
stage6_tumor_large_central_xoffset055_125g_volumetric_skin_soft_interior_solve,1.505,6.247817693145704,45.5783017783
stage6_tumor_large_central_xoffset055_125g_volumetric_skin_soft_interior_solve,1.51,5.864932319048533,43.3236565751
stage6_tumor_large_central_xoffset055_125g_volumetric_skin_soft_interior_solve,1.515,5.552381862307391,41.3561670205
stage6_tumor_large_central_xoffset055_125g_volumetric_skin_soft_interior_solve,1.52,5.305898125636247,39.6419177366
stage6_tumor_large_central_xoffset055_125g_volumetric_skin_soft_interior_solve,1.525,5.123505029170276,38.1447660522
stage6_tumor_large_central_xoffset055_125g_volumetric_skin_soft_interior_solve,1.53,5.008518527993889,36.8672009585
stage6_tumor_large_central_xoffset055_125g_volumetric_skin_soft_interior_solve,1.535,4.946555304911914,35.7911296617
stage6_tumor_large_central_xoffset055_125g_volumetric_skin_soft_interior_solve,1.54,4.924545360202311,34.8980770005
stage6_tumor_large_central_xoffset055_125g_volumetric_skin_soft_interior_solve,1.545,4.927462455435881,34.1291770013
stage6_tumor_large_central_xoffset055_125g_volumetric_skin_soft_interior_solve,1.55,4.934054682725206,33.3633323129
stage6_tumor_large_central_xoffset055_125g_volumetric_skin_soft_interior_solve,1.555,4.92151679428896,32.4667216711
stage6_tumor_large_central_xoffset055_125g_volumetric_skin_soft_interior_solve,1.56,4.871352177325337,31.3506489853
stage6_tumor_large_central_xoffset055_125g_volumetric_skin_soft_interior_solve,1.565,4.762470246210123,29.9570406849
stage6_tumor_large_central_xoffset055_125g_volumetric_skin_soft_interior_solve,1.5699999999999998,4.572444937362994,28.2525684372
stage6_tumor_large_central_xoffset055_125g_volumetric_skin_soft_interior_solve,1.575,4.297055920479244,26.2406280297
stage6_tumor_large_central_xoffset055_125g_volumetric_skin_soft_interior_solve,1.58,3.9314121105833433,23.8902896171
stage6_tumor_large_central_xoffset055_125g_volumetric_skin_soft_interior_solve,1.585,3.4675912080240154,21.168587565
stage6_tumor_large_central_xoffset055_125g_volumetric_skin_soft_interior_solve,1.5899999999999999,2.918562273573249,18.1467024312
stage6_tumor_large_central_xoffset055_125g_volumetric_skin_soft_interior_solve,1.595,2.306360855142456,14.929239975
stage6_tumor_large_central_xoffset055_125g_volumetric_skin_soft_interior_solve,1.6,1.6564042616576438,11.6104238076
stage6_tumor_large_central_xoffset055_125g_volumetric_skin_soft_interior_solve,1.605,1.0092186659348756,8.30592809528
stage6_tumor_large_central_xoffset055_125g_volumetric_skin_soft_interior_solve,1.6099999999999999,0.5728317455388163,5.1211973177
stage6_tumor_large_central_xoffset055_125g_volumetric_skin_soft_interior_solve,1.615,0.29837105645717577,2.18398818566
stage6_tumor_large_central_xoffset055_125g_volumetric_skin_soft_interior_solve,1.6199999999999999,0.6003379984716918,0.887067279182
stage6_tumor_large_central_xoffset055_125g_volumetric_skin_soft_interior_solve,1.625,0.9249856585403683,2.50676133091
stage6_tumor_large_central_xoffset055_125g_volumetric_skin_soft_interior_solve,1.63,1.134999603342749,4.10943586767
stage6_tumor_large_central_xoffset055_125g_volumetric_skin_soft_interior_solve,1.635,1.2397526115784654,5.20518910164
stage6_tumor_large_central_xoffset055_125g_volumetric_skin_soft_interior_solve,1.64,1.2543271193419296,5.8328545241
stage6_tumor_large_central_xoffset055_125g_volumetric_skin_soft_interior_solve,1.645,1.1942936666687272,6.05643337128
stage6_tumor_large_central_xoffset055_125g_volumetric_skin_soft_interior_solve,1.65,1.0760658984339595,5.94605350652
stage6_tumor_large_central_xoffset055_125g_volumetric_skin_soft_interior_solve,1.655,0.9196872921312289,5.56288301801
stage6_tumor_large_central_xoffset055_125g_volumetric_skin_soft_interior_solve,1.66,0.7407349060211738,4.98054242701
stage6_tumor_large_central_xoffset055_125g_volumetric_skin_soft_interior_solve,1.665,0.5881115213853916,4.30682726407
stage6_tumor_large_central_xoffset055_125g_volumetric_skin_soft_interior_solve,1.67,0.5192971398538266,3.66458034542
stage6_tumor_large_central_xoffset055_125g_volumetric_skin_soft_interior_solve,1.675,0.4657599710479886,3.18790249497
stage6_tumor_large_central_xoffset055_125g_volumetric_skin_soft_interior_solve,1.68,0.4077499726378428,3.01731762865
stage6_tumor_large_central_xoffset055_125g_volumetric_skin_soft_interior_solve,1.685,0.3554687590463172,3.24506536423
stage6_tumor_large_central_xoffset055_125g_volumetric_skin_soft_interior_solve,1.69,0.3380268228316759,3.85212887761
stage6_tumor_large_central_xoffset055_125g_volumetric_skin_soft_interior_solve,1.6949999999999998,0.379346386552124,4.70811696229
stage6_tumor_large_central_xoffset055_125g_volumetric_skin_soft_interior_solve,1.7,0.5060995837149865,5.65790471002
stage6_tumor_large_central_xoffset055_125g_volumetric_skin_soft_interior_solve,1.705,0.7321947650656554,6.60517453295
stage6_tumor_large_central_xoffset055_125g_volumetric_skin_soft_interior_solve,1.71,1.0123327544094651,7.50832902445
stage6_tumor_large_central_xoffset055_125g_volumetric_skin_soft_interior_solve,1.7149999999999999,1.3037600078199674,8.32728670384
stage6_tumor_large_central_xoffset055_125g_volumetric_skin_soft_interior_solve,1.72,1.5717245298068683,9.03871026612
stage6_tumor_large_central_xoffset055_125g_volumetric_skin_soft_interior_solve,1.725,1.7860573629331487,9.61967009305
stage6_tumor_large_central_xoffset055_125g_volumetric_skin_soft_interior_solve,1.73,1.9313221081698912,10.044289332
stage6_tumor_large_central_xoffset055_125g_volumetric_skin_soft_interior_solve,1.7349999999999999,1.9981866798563184,10.26784059
stage6_tumor_large_central_xoffset055_125g_volumetric_skin_soft_interior_solve,1.74,1.979099003352961,10.2125785257
stage6_tumor_large_central_xoffset055_125g_volumetric_skin_soft_interior_solve,1.745,1.8707921213543897,9.77172251337
stage6_tumor_large_central_xoffset055_125g_volumetric_skin_soft_interior_solve,1.75,1.674034993544225,8.83040793809
stage6_tumor_large_central_xoffset055_125g_volumetric_skin_soft_interior_solve,1.755,1.391523841817968,7.33831784001
stage6_tumor_large_central_xoffset055_125g_volumetric_skin_soft_interior_solve,1.76,1.0299517577791,5.3429882205
stage6_tumor_large_central_xoffset055_125g_volumetric_skin_soft_interior_solve,1.7650000000000001,0.6041598658766404,2.93968217489
stage6_tumor_large_central_xoffset055_125g_volumetric_skin_soft_interior_solve,1.77,0.14876911113246016,0.381616872713
stage6_tumor_large_central_xoffset055_125g_volumetric_skin_soft_interior_solve,1.775,0.43697104518049557,2.85933283936
stage6_tumor_large_central_xoffset055_125g_volumetric_skin_soft_interior_solve,1.7799999999999998,0.8968508657639905,5.96874945389
stage6_tumor_large_central_xoffset055_125g_volumetric_skin_soft_interior_solve,1.785,1.391949563175984,9.03773443729
stage6_tumor_large_central_xoffset055_125g_volumetric_skin_soft_interior_solve,1.79,1.8710337132658361,11.910554504
stage6_tumor_large_central_xoffset055_125g_volumetric_skin_soft_interior_solve,1.795,2.319741576485221,14.4956498655
stage6_tumor_large_central_xoffset055_125g_volumetric_skin_soft_interior_solve,1.7999999999999998,2.723816567327327,16.7306550797
stage6_tumor_large_central_xoffset055_125g_volumetric_skin_soft_interior_solve,1.805,3.066787349848636,18.5845229269
stage6_tumor_large_central_xoffset055_125g_volumetric_skin_soft_interior_solve,1.81,3.335804083113193,20.0738950635
stage6_tumor_large_central_xoffset055_125g_volumetric_skin_soft_interior_solve,1.815,3.521626227650514,21.2464620892
stage6_tumor_large_central_xoffset055_125g_volumetric_skin_soft_interior_solve,1.8199999999999998,3.6196999520685824,22.1515625493
stage6_tumor_large_central_xoffset055_125g_volumetric_skin_soft_interior_solve,1.825,3.634082602698368,22.8491941646
stage6_tumor_large_central_xoffset055_125g_volumetric_skin_soft_interior_solve,1.83,3.581557770348936,23.4418124561
stage6_tumor_large_central_xoffset055_125g_volumetric_skin_soft_interior_solve,1.835,3.4923736212648255,24.0740504268
stage6_tumor_large_central_xoffset055_125g_volumetric_skin_soft_interior_solve,1.8399999999999999,3.4089577856590516,24.8767054531
stage6_tumor_large_central_xoffset055_125g_volumetric_skin_soft_interior_solve,1.845,3.3737690301008465,25.9169625758
stage6_tumor_large_central_xoffset055_125g_volumetric_skin_soft_interior_solve,1.85,3.4438778311366764,27.2182548212
stage6_tumor_large_central_xoffset055_125g_volumetric_skin_soft_interior_solve,1.855,3.6059516462661914,28.6727175523
stage6_tumor_large_central_xoffset055_125g_volumetric_skin_soft_interior_solve,1.8599999999999999,3.840836663274837,30.0565948025
stage6_tumor_large_central_xoffset055_125g_volumetric_skin_soft_interior_solve,1.865,4.160853380141566,31.3445423877
stage6_tumor_large_central_xoffset055_125g_volumetric_skin_soft_interior_solve,1.87,4.5214353312366695,32.5484805112
stage6_tumor_large_central_xoffset055_125g_volumetric_skin_soft_interior_solve,1.875,4.888227957633685,33.6841461079
stage6_tumor_large_central_xoffset055_125g_volumetric_skin_soft_interior_solve,1.88,5.23337641934123,34.7485607125
stage6_tumor_large_central_xoffset055_125g_volumetric_skin_soft_interior_solve,1.885,5.529533821148936,35.6628154585
stage6_tumor_large_central_xoffset055_125g_volumetric_skin_soft_interior_solve,1.8900000000000001,5.75300675879389,36.3138579703
stage6_tumor_large_central_xoffset055_125g_volumetric_skin_soft_interior_solve,1.895,5.887898153935781,36.6154034371
stage6_tumor_large_central_xoffset055_125g_volumetric_skin_soft_interior_solve,1.9,5.926216040523223,36.5421106025
stage6_tumor_large_central_xoffset055_125g_volumetric_skin_soft_interior_solve,1.9000000000000001,5.926216040523221,36.5421106025
stage6_tumor_large_central_xoffset055_125g_volumetric_skin_soft_interior_solve,1.925,4.657133379077161,31.7362528605
stage6_tumor_large_central_xoffset055_125g_volumetric_skin_soft_interior_solve,1.9500000000000002,3.3427206103045988,26.9551497112
stage6_tumor_large_central_xoffset055_125g_volumetric_skin_soft_interior_solve,1.975,4.183534400672875,28.7109018814
stage6_tumor_large_central_xoffset055_125g_volumetric_skin_soft_interior_solve,2,5.550154826683906,35.7679185641
stage6_tumor_large_central_xoffset055_125g_volumetric_skin_soft_interior_solve,2.0250000000000004,5.295275094630344,36.1176467551
stage6_tumor_large_central_xoffset055_125g_volumetric_skin_soft_interior_solve,2.0500000000000003,4.183478297676458,28.4178693304
stage6_tumor_large_central_xoffset055_125g_volumetric_skin_soft_interior_solve,2.075,3.448971757637598,27.1537221397
stage6_tumor_large_central_xoffset055_125g_volumetric_skin_soft_interior_solve,2.1,4.410153873774811,31.5735977011
stage6_tumor_large_central_xoffset055_125g_volumetric_skin_soft_interior_solve,2.125,5.824004872077416,36.425570024
stage6_tumor_large_central_xoffset055_125g_volumetric_skin_soft_interior_solve,2.1500000000000004,5.189657910665688,34.0149421908
stage6_tumor_large_central_xoffset055_125g_volumetric_skin_soft_interior_solve,2.1750000000000003,3.4100487848781422,27.2870992353
stage6_tumor_large_central_xoffset055_125g_volumetric_skin_soft_interior_solve,2.2,3.7097667596953903,27.3463778312
stage6_tumor_large_central_hard100kPa,0,6.149718810243006E-13,3.04929623272e-10
stage6_tumor_large_central_hard100kPa,0.025,0.0258502937971806,0.363112281866
stage6_tumor_large_central_hard100kPa,0.05,0.17834595428879407,1.41975757922
stage6_tumor_large_central_hard100kPa,0.07500000000000001,0.41456882681341156,2.6833046155
stage6_tumor_large_central_hard100kPa,0.1,0.5452853007793013,3.48696652432
stage6_tumor_large_central_hard100kPa,0.125,0.5222008208732121,3.7844827621
stage6_tumor_large_central_hard100kPa,0.15000000000000002,0.5849394483903392,4.32144830849
stage6_tumor_large_central_hard100kPa,0.17500000000000002,0.8019800065546735,5.51190674179
stage6_tumor_large_central_hard100kPa,0.2,1.007083728101223,6.73865680837
stage6_tumor_large_central_hard100kPa,0.225,1.064259101996816,7.29764702978
stage6_tumor_large_central_hard100kPa,0.25,1.0688139504846248,7.55992175546
stage6_tumor_large_central_hard100kPa,0.275,1.179565987946539,8.37859715495
stage6_tumor_large_central_hard100kPa,0.30000000000000004,1.3993457517668133,9.62680609005
stage6_tumor_large_central_hard100kPa,0.325,1.5801339896860995,10.6799885797
stage6_tumor_large_central_hard100kPa,0.35000000000000003,1.6070229338286888,11.0838267964
stage6_tumor_large_central_hard100kPa,0.375,1.6056848270465807,11.4294850639
stage6_tumor_large_central_hard100kPa,0.4,1.7801773977128728,12.4323784979
stage6_tumor_large_central_hard100kPa,0.42500000000000004,2.014758117578107,13.7585832112
stage6_tumor_large_central_hard100kPa,0.45,2.1295314341048637,14.5460638635
stage6_tumor_large_central_hard100kPa,0.47500000000000003,2.1225980445018737,14.8207296969
stage6_tumor_large_central_hard100kPa,0.5,2.188483769407514,15.4240881782
stage6_tumor_large_central_hard100kPa,0.525,2.3897554979707785,16.5135979708
stage6_tumor_large_central_hard100kPa,0.55,2.5923529377554453,17.7998231861
stage6_tumor_large_central_hard100kPa,0.5750000000000001,2.676431826896278,18.3742288927
stage6_tumor_large_central_hard100kPa,0.6000000000000001,2.6670744763648613,18.6214255028
stage6_tumor_large_central_hard100kPa,0.625,2.7565986740875745,19.409342156
stage6_tumor_large_central_hard100kPa,0.65,3.0077858374386626,20.6872359402
stage6_tumor_large_central_hard100kPa,0.675,3.175482927172048,21.7294780682
stage6_tumor_large_central_hard100kPa,0.7000000000000001,3.195208754083295,22.145704651
stage6_tumor_large_central_hard100kPa,0.7250000000000001,3.208934588105765,22.5155851437
stage6_tumor_large_central_hard100kPa,0.75,3.3772839441381795,23.4517242439
stage6_tumor_large_central_hard100kPa,0.775,3.5994917538170395,24.8015314127
stage6_tumor_large_central_hard100kPa,0.8,3.7208537362577783,25.6105861764
stage6_tumor_large_central_hard100kPa,0.8250000000000001,3.743466928624117,25.9239567885
stage6_tumor_large_central_hard100kPa,0.8500000000000001,3.77923657093569,26.4550127529
stage6_tumor_large_central_hard100kPa,0.875,3.9591976469828545,27.5604494679
stage6_tumor_large_central_hard100kPa,0.9,4.20088739625876,28.7828464952
stage6_tumor_large_central_hard100kPa,0.925,4.281135103695895,29.4995119268
stage6_tumor_large_central_hard100kPa,0.9500000000000001,4.266783958862578,29.7763046416
stage6_tumor_large_central_hard100kPa,0.9750000000000001,4.359829366032026,30.399402558
stage6_tumor_large_central_hard100kPa,1,4.574118440122475,31.6425266357
stage6_tumor_large_central_hard100kPa,1.0250000000000001,4.736531901860656,32.4362436786
stage6_tumor_large_central_hard100kPa,1.05,4.643478212237609,31.8849971764
stage6_tumor_large_central_hard100kPa,1.075,4.419329932753227,30.9620723119
stage6_tumor_large_central_hard100kPa,1.1,4.3895564341580835,30.9374750926
stage6_tumor_large_central_hard100kPa,1.125,4.636808756881688,31.8918248901
stage6_tumor_large_central_hard100kPa,1.1500000000000001,4.766999185356905,32.4402191667
stage6_tumor_large_central_hard100kPa,1.175,4.563533553933715,31.6490843314
stage6_tumor_large_central_hard100kPa,1.2000000000000002,4.359342893577149,30.7411258307
stage6_tumor_large_central_hard100kPa,1.2,4.359342893577149,30.7411258307
stage6_tumor_large_central_hard100kPa,1.2049999999999998,4.359176182232264,30.7229101653
stage6_tumor_large_central_hard100kPa,1.21,4.368980031652664,30.7492402717
stage6_tumor_large_central_hard100kPa,1.2149999999999999,4.392765752676615,30.8380375826
stage6_tumor_large_central_hard100kPa,1.22,4.43025063784096,30.9944026129
stage6_tumor_large_central_hard100kPa,1.2249999999999999,4.47285880050679,31.1770111895
stage6_tumor_large_central_hard100kPa,1.23,4.522985402813806,31.4025289064
stage6_tumor_large_central_hard100kPa,1.2349999999999999,4.572982514947294,31.6306398333
stage6_tumor_large_central_hard100kPa,1.24,4.622847905067586,31.8613887935
stage6_tumor_large_central_hard100kPa,1.2449999999999999,4.665450165081941,32.0584692249
stage6_tumor_large_central_hard100kPa,1.25,4.705267712435457,32.2767584937
stage6_tumor_large_central_hard100kPa,1.255,4.739407713481609,32.5930262481
stage6_tumor_large_central_hard100kPa,1.26,4.781553540434913,33.1777482034
stage6_tumor_large_central_hard100kPa,1.265,4.833758855032285,34.0147371237
stage6_tumor_large_central_hard100kPa,1.27,4.921193196207752,35.3160884189
stage6_tumor_large_central_hard100kPa,1.275,5.0619331450798,36.9872652089
stage6_tumor_large_central_hard100kPa,1.28,5.262719079427799,38.9719621755
stage6_tumor_large_central_hard100kPa,1.285,5.5320145939362435,41.2455267052
stage6_tumor_large_central_hard100kPa,1.29,5.874843976548757,43.7754374486
stage6_tumor_large_central_hard100kPa,1.295,6.292272669057339,46.5222064301
stage6_tumor_large_central_hard100kPa,1.3,6.786815160347354,49.450830145
stage6_tumor_large_central_hard100kPa,1.305,7.335878875273307,52.4693624905
stage6_tumor_large_central_hard100kPa,1.31,7.910421299660557,55.4918755918
stage6_tumor_large_central_hard100kPa,1.315,8.489163651394772,58.4483923718
stage6_tumor_large_central_hard100kPa,1.3199999999999998,9.052286305389412,61.2713775582
stage6_tumor_large_central_hard100kPa,1.325,9.574462638827875,63.8583822328
stage6_tumor_large_central_hard100kPa,1.33,10.034376774289605,66.1332146699
stage6_tumor_large_central_hard100kPa,1.335,10.411546045275736,68.0338788685
stage6_tumor_large_central_hard100kPa,1.3399999999999999,10.681637106922471,69.4926773146
stage6_tumor_large_central_hard100kPa,1.345,10.837330425473981,70.517623831
stage6_tumor_large_central_hard100kPa,1.3499999999999999,10.874747564650413,71.1245065032
stage6_tumor_large_central_hard100kPa,1.355,10.797610746230717,71.3421737163
stage6_tumor_large_central_hard100kPa,1.3599999999999999,10.621499932435867,71.2100818017
stage6_tumor_large_central_hard100kPa,1.365,10.372181650066851,70.7742114334
stage6_tumor_large_central_hard100kPa,1.3699999999999999,10.087704955546501,70.116696174
stage6_tumor_large_central_hard100kPa,1.375,9.802519375427272,69.3355176195
stage6_tumor_large_central_hard100kPa,1.38,9.554463703619692,68.5412759049
stage6_tumor_large_central_hard100kPa,1.385,9.371274212073164,67.8495195011
stage6_tumor_large_central_hard100kPa,1.39,9.263354172265517,67.3326054422
stage6_tumor_large_central_hard100kPa,1.395,9.23031420091147,67.0296274437
stage6_tumor_large_central_hard100kPa,1.4,9.272744750591155,67.0003563504
stage6_tumor_large_central_hard100kPa,1.405,9.376019857006597,67.2361930098
stage6_tumor_large_central_hard100kPa,1.41,9.536936458288615,67.7346890714
stage6_tumor_large_central_hard100kPa,1.415,9.751059612983434,68.4530588965
stage6_tumor_large_central_hard100kPa,1.42,10.003013041576866,69.325297933
stage6_tumor_large_central_hard100kPa,1.425,10.261877791806457,70.2459701315
stage6_tumor_large_central_hard100kPa,1.43,10.504467220221116,71.1168637752
stage6_tumor_large_central_hard100kPa,1.435,10.706347726048167,71.8231216614
stage6_tumor_large_central_hard100kPa,1.44,10.842465957097607,72.2639483194
stage6_tumor_large_central_hard100kPa,1.4449999999999998,10.897358953730652,72.3819453976
stage6_tumor_large_central_hard100kPa,1.45,10.8596322079861,72.1072152119
stage6_tumor_large_central_hard100kPa,1.455,10.716550158097602,71.2955498362
stage6_tumor_large_central_hard100kPa,1.46,10.482281115230753,69.9184657808
stage6_tumor_large_central_hard100kPa,1.4649999999999999,10.164999895594702,67.9889261739
stage6_tumor_large_central_hard100kPa,1.47,9.77174938527707,65.5503971696
stage6_tumor_large_central_hard100kPa,1.475,9.305845215831496,62.6767643311
stage6_tumor_large_central_hard100kPa,1.48,8.79687668876881,59.6291709871
stage6_tumor_large_central_hard100kPa,1.4849999999999999,8.261685014813816,56.5647947145
stage6_tumor_large_central_hard100kPa,1.49,7.7188945344346855,53.5928957892
stage6_tumor_large_central_hard100kPa,1.4949999999999999,7.190801412632357,50.7676883051
stage6_tumor_large_central_hard100kPa,1.5,6.695315019215638,48.085413845
stage6_tumor_large_central_hard100kPa,1.505,6.247817693146597,45.5783017783
stage6_tumor_large_central_hard100kPa,1.51,5.864932319047957,43.3236565751
stage6_tumor_large_central_hard100kPa,1.515,5.552381862307283,41.3561670205
stage6_tumor_large_central_hard100kPa,1.52,5.305898125636617,39.6419177366
stage6_tumor_large_central_hard100kPa,1.525,5.123505029171083,38.1447660522
stage6_tumor_large_central_hard100kPa,1.53,5.00851852799323,36.8672009585
stage6_tumor_large_central_hard100kPa,1.535,4.9465553049116044,35.7911296617
stage6_tumor_large_central_hard100kPa,1.54,4.924545360202167,34.8980770005
stage6_tumor_large_central_hard100kPa,1.545,4.927462455435522,34.1291770013
stage6_tumor_large_central_hard100kPa,1.55,4.934054682724909,33.3633323129
stage6_tumor_large_central_hard100kPa,1.555,4.9215167942884275,32.4667216711
stage6_tumor_large_central_hard100kPa,1.56,4.871352177324293,31.3506489853
stage6_tumor_large_central_hard100kPa,1.565,4.762470246210986,29.9570406849
stage6_tumor_large_central_hard100kPa,1.5699999999999998,4.5724449373632226,28.2525684372
stage6_tumor_large_central_hard100kPa,1.575,4.2970559204787,26.2406280297
stage6_tumor_large_central_hard100kPa,1.58,3.9314121105819866,23.8902896171
stage6_tumor_large_central_hard100kPa,1.585,3.4675912080253513,21.168587565
stage6_tumor_large_central_hard100kPa,1.5899999999999999,2.9185622735738828,18.1467024312
stage6_tumor_large_central_hard100kPa,1.595,2.306360855142726,14.929239975
stage6_tumor_large_central_hard100kPa,1.6,1.6564042616580945,11.6104238076
stage6_tumor_large_central_hard100kPa,1.605,1.0092186659354239,8.30592809528
stage6_tumor_large_central_hard100kPa,1.6099999999999999,0.5728317455387582,5.1211973177
stage6_tumor_large_central_hard100kPa,1.615,0.2983710564574665,2.18398818567
stage6_tumor_large_central_hard100kPa,1.6199999999999999,0.6003379984702245,0.88706727918
stage6_tumor_large_central_hard100kPa,1.625,0.9249856585393145,2.5067613309
stage6_tumor_large_central_hard100kPa,1.63,1.1349996033421872,4.10943586767
stage6_tumor_large_central_hard100kPa,1.635,1.239752611578329,5.20518910164
stage6_tumor_large_central_hard100kPa,1.64,1.254327119342117,5.8328545241
stage6_tumor_large_central_hard100kPa,1.645,1.194293666669158,6.05643337128
stage6_tumor_large_central_hard100kPa,1.65,1.0760658984345313,5.94605350652
stage6_tumor_large_central_hard100kPa,1.655,0.9196872921317976,5.56288301801
stage6_tumor_large_central_hard100kPa,1.66,0.7407349060217094,4.98054242701
stage6_tumor_large_central_hard100kPa,1.665,0.5881115213857125,4.30682726407
stage6_tumor_large_central_hard100kPa,1.67,0.5192971398541291,3.66458034542
stage6_tumor_large_central_hard100kPa,1.675,0.46575997104825995,3.18790249497
stage6_tumor_large_central_hard100kPa,1.68,0.40774997263794044,3.01731762864
stage6_tumor_large_central_hard100kPa,1.685,0.3554687590467956,3.24506536423
stage6_tumor_large_central_hard100kPa,1.69,0.3380268228321704,3.85212887761
stage6_tumor_large_central_hard100kPa,1.6949999999999998,0.379346386552251,4.70811696228
stage6_tumor_large_central_hard100kPa,1.7,0.5060995837149722,5.65790471002
stage6_tumor_large_central_hard100kPa,1.705,0.7321947650653766,6.60517453295
stage6_tumor_large_central_hard100kPa,1.71,1.0123327544089165,7.50832902445
stage6_tumor_large_central_hard100kPa,1.7149999999999999,1.3037600078192613,8.32728670384
stage6_tumor_large_central_hard100kPa,1.72,1.571724529806342,9.03871026611
stage6_tumor_large_central_hard100kPa,1.725,1.7860573629329326,9.61967009305
stage6_tumor_large_central_hard100kPa,1.73,1.931322108169963,10.044289332
stage6_tumor_large_central_hard100kPa,1.7349999999999999,1.9981866798567354,10.26784059
stage6_tumor_large_central_hard100kPa,1.74,1.9790990033537477,10.2125785257
stage6_tumor_large_central_hard100kPa,1.745,1.8707921213554866,9.77172251338
stage6_tumor_large_central_hard100kPa,1.75,1.6740349935456105,8.8304079381
stage6_tumor_large_central_hard100kPa,1.755,1.3915238418195435,7.33831784002
stage6_tumor_large_central_hard100kPa,1.76,1.0299517577782524,5.34298822049
stage6_tumor_large_central_hard100kPa,1.7650000000000001,0.6041598658762596,2.93968217489
stage6_tumor_large_central_hard100kPa,1.77,0.14876911113223312,0.381616872712
stage6_tumor_large_central_hard100kPa,1.775,0.43697104518000385,2.85933283936
stage6_tumor_large_central_hard100kPa,1.7799999999999998,0.8968508657634289,5.96874945389
stage6_tumor_large_central_hard100kPa,1.785,1.391949563175541,9.03773443729
stage6_tumor_large_central_hard100kPa,1.79,1.8710337132654966,11.910554504
stage6_tumor_large_central_hard100kPa,1.795,2.3197415764850002,14.4956498655
stage6_tumor_large_central_hard100kPa,1.7999999999999998,2.723816567327338,16.7306550797
stage6_tumor_large_central_hard100kPa,1.805,3.0667873498489686,18.5845229269
stage6_tumor_large_central_hard100kPa,1.81,3.3358040831138966,20.0738950635
stage6_tumor_large_central_hard100kPa,1.815,3.521626227651622,21.2464620892
stage6_tumor_large_central_hard100kPa,1.8199999999999998,3.619699952070028,22.1515625493
stage6_tumor_large_central_hard100kPa,1.825,3.6340826026999102,22.8491941646
stage6_tumor_large_central_hard100kPa,1.83,3.5815577703501282,23.4418124561
stage6_tumor_large_central_hard100kPa,1.835,3.4923736212653376,24.0740504268
stage6_tumor_large_central_hard100kPa,1.8399999999999999,3.4089577856603497,24.8767054531
stage6_tumor_large_central_hard100kPa,1.845,3.3737690301024825,25.9169625758
stage6_tumor_large_central_hard100kPa,1.85,3.443877831137739,27.2182548212
stage6_tumor_large_central_hard100kPa,1.855,3.6059516462670063,28.6727175523
stage6_tumor_large_central_hard100kPa,1.8599999999999999,3.8408366632755047,30.0565948025
stage6_tumor_large_central_hard100kPa,1.865,4.1608533801421075,31.3445423877
stage6_tumor_large_central_hard100kPa,1.87,4.521435331237312,32.5484805112
stage6_tumor_large_central_hard100kPa,1.875,4.888227957634544,33.6841461079
stage6_tumor_large_central_hard100kPa,1.88,5.233376419342457,34.7485607125
stage6_tumor_large_central_hard100kPa,1.885,5.529533821150659,35.6628154585
stage6_tumor_large_central_hard100kPa,1.8900000000000001,5.7530067587960145,36.3138579704
stage6_tumor_large_central_hard100kPa,1.895,5.887898153938074,36.6154034372
stage6_tumor_large_central_hard100kPa,1.9,5.926216040525694,36.5421106025
stage6_tumor_large_central_hard100kPa,1.9000000000000001,5.9262160405256905,36.5421106025
stage6_tumor_large_central_hard100kPa,1.925,4.6571333790762,31.7362528605
stage6_tumor_large_central_hard100kPa,1.9500000000000002,3.342720610304308,26.9551497112
stage6_tumor_large_central_hard100kPa,1.975,4.183534400673742,28.7109018814
stage6_tumor_large_central_hard100kPa,2,5.550154826684062,35.7679185641
stage6_tumor_large_central_hard100kPa,2.0250000000000004,5.295275094629963,36.1176467551
stage6_tumor_large_central_hard100kPa,2.0500000000000003,4.183478297674962,28.4178693304
stage6_tumor_large_central_hard100kPa,2.075,3.448971757638762,27.1537221397
stage6_tumor_large_central_hard100kPa,2.1,4.410153873775472,31.5735977011
stage6_tumor_large_central_hard100kPa,2.125,5.824004872080839,36.425570024
stage6_tumor_large_central_hard100kPa,2.1500000000000004,5.1896579106641285,34.0149421908
stage6_tumor_large_central_hard100kPa,2.1750000000000003,3.410048784876885,27.2870992353
stage6_tumor_large_central_hard100kPa,2.2,3.7097667596942023,27.3463778312
