case_id,time_s,avg_displacement_mm,avg_vm_kpa
stage5_no_skin_100g,0,0,0
stage5_no_skin_100g,0.025,0.020405,0.001817
stage5_no_skin_100g,0.05,0.117593,0.012465
stage5_no_skin_100g,0.075,0.261135,0.028537
stage5_no_skin_100g,0.1,0.364787,0.040183
stage5_no_skin_100g,0.125,0.395423,0.042943
stage5_no_skin_100g,0.15,0.412453,0.044292
stage5_no_skin_100g,0.175,0.49391,0.053293
stage5_no_skin_100g,0.2,0.636579,0.069274
stage5_no_skin_100g,0.225,0.752727,0.082063
stage5_no_skin_100g,0.25,0.78968,0.085885
stage5_no_skin_100g,0.275,0.802366,0.086735
stage5_no_skin_100g,0.3,0.875421,0.094519
stage5_no_skin_100g,0.325,1.011605,0.109869
stage5_no_skin_100g,0.35,1.135135,0.123698
stage5_no_skin_100g,0.375,1.185711,0.128826
stage5_no_skin_100g,0.4,1.195924,0.129428
stage5_no_skin_100g,0.425,1.25452,0.135777
stage5_no_skin_100g,0.45,1.387009,0.150455
stage5_no_skin_100g,0.475,1.518874,0.165188
stage5_no_skin_100g,0.5,1.577904,0.171566
stage5_no_skin_100g,0.525,1.589824,0.172304
stage5_no_skin_100g,0.55,1.638786,0.177266
stage5_no_skin_100g,0.575,1.760263,0.190972
stage5_no_skin_100g,0.6,1.897236,0.206237
stage5_no_skin_100g,0.625,1.973712,0.214515
stage5_no_skin_100g,0.65,1.986679,0.215381
stage5_no_skin_100g,0.675,2.022137,0.219078
stage5_no_skin_100g,0.7,2.134632,0.231291
stage5_no_skin_100g,0.725,2.27629,0.247361
stage5_no_skin_100g,0.75,2.363451,0.256866
stage5_no_skin_100g,0.775,2.384464,0.258768
stage5_no_skin_100g,0.8,2.411592,0.261075
stage5_no_skin_100g,0.825,2.506596,0.271814
stage5_no_skin_100g,0.85,2.650942,0.287832
stage5_no_skin_100g,0.875,2.754143,0.299309
stage5_no_skin_100g,0.9,2.782246,0.301904
stage5_no_skin_100g,0.925,2.798586,0.303361
stage5_no_skin_100g,0.95,2.884877,0.312531
stage5_no_skin_100g,0.975,3.025365,0.328454
stage5_no_skin_100g,1,3.138723,0.341082
stage5_no_skin_100g,1.025,3.159818,0.343402
stage5_no_skin_100g,1.05,3.076722,0.333781
stage5_no_skin_100g,1.075,3.002405,0.325186
stage5_no_skin_100g,1.1,3.033161,0.328694
stage5_no_skin_100g,1.125,3.127633,0.339599
stage5_no_skin_100g,1.15,3.161202,0.343859
stage5_no_skin_100g,1.175,3.094706,0.335756
stage5_no_skin_100g,1.2,3.012115,0.326272
stage5_no_skin_100g,1.2,3.012115,0.326272
stage5_no_skin_100g,1.205,3.003601,0.325223
stage5_no_skin_100g,1.21,3.001378,0.324908
stage5_no_skin_100g,1.215,3.001235,0.324836
stage5_no_skin_100g,1.22,3.008937,0.325766
stage5_no_skin_100g,1.225,3.018,0.32687
stage5_no_skin_100g,1.23,3.033224,0.328764
stage5_no_skin_100g,1.235,3.049706,0.330796
stage5_no_skin_100g,1.24,3.069179,0.333154
stage5_no_skin_100g,1.245,3.088947,0.335484
stage5_no_skin_100g,1.25,3.109037,0.337784
stage5_no_skin_100g,1.255,3.132744,0.340214
stage5_no_skin_100g,1.26,3.163246,0.343074
stage5_no_skin_100g,1.265,3.207653,0.346962
stage5_no_skin_100g,1.27,3.280487,0.353494
stage5_no_skin_100g,1.275,3.380766,0.363061
stage5_no_skin_100g,1.28,3.509567,0.376046
stage5_no_skin_100g,1.285,3.667572,0.392713
stage5_no_skin_100g,1.29,3.854559,0.413168
stage5_no_skin_100g,1.295,4.075931,0.438127
stage5_no_skin_100g,1.3,4.318399,0.465699
stage5_no_skin_100g,1.305,4.576455,0.495047
stage5_no_skin_100g,1.31,4.844566,0.525393
stage5_no_skin_100g,1.315,5.116691,0.555954
stage5_no_skin_100g,1.32,5.381103,0.585412
stage5_no_skin_100g,1.325,5.629534,0.613123
stage5_no_skin_100g,1.33,5.857209,0.638676
stage5_no_skin_100g,1.335,6.056121,0.661263
stage5_no_skin_100g,1.34,6.21891,0.680035
stage5_no_skin_100g,1.345,6.342941,0.694506
stage5_no_skin_100g,1.35,6.426714,0.704247
stage5_no_skin_100g,1.355,6.470696,0.709058
stage5_no_skin_100g,1.36,6.47759,0.709108
stage5_no_skin_100g,1.365,6.449556,0.70464
stage5_no_skin_100g,1.37,6.39283,0.696581
stage5_no_skin_100g,1.375,6.313302,0.685904
stage5_no_skin_100g,1.38,6.217629,0.673687
stage5_no_skin_100g,1.385,6.112996,0.660992
stage5_no_skin_100g,1.39,6.006856,0.648759
stage5_no_skin_100g,1.395,5.90689,0.637763
stage5_no_skin_100g,1.4,5.821296,0.628656
stage5_no_skin_100g,1.405,5.755499,0.621715
stage5_no_skin_100g,1.41,5.713753,0.617235
stage5_no_skin_100g,1.415,5.698248,0.615467
stage5_no_skin_100g,1.42,5.708858,0.616559
stage5_no_skin_100g,1.425,5.743168,0.62047
stage5_no_skin_100g,1.43,5.796754,0.626898
stage5_no_skin_100g,1.435,5.863611,0.635243
stage5_no_skin_100g,1.44,5.936571,0.644615
stage5_no_skin_100g,1.445,6.007701,0.6539
stage5_no_skin_100g,1.45,6.067425,0.661716
stage5_no_skin_100g,1.455,6.107544,0.66693
stage5_no_skin_100g,1.46,6.120674,0.668673
stage5_no_skin_100g,1.465,6.100372,0.666344
stage5_no_skin_100g,1.47,6.041697,0.659615
stage5_no_skin_100g,1.475,5.94161,0.648397
stage5_no_skin_100g,1.48,5.799271,0.632791
stage5_no_skin_100g,1.485,5.61623,0.613019
stage5_no_skin_100g,1.49,5.39644,0.589388
stage5_no_skin_100g,1.495,5.146006,0.562296
stage5_no_skin_100g,1.5,4.872057,0.532203
stage5_no_skin_100g,1.505,4.58419,0.499969
stage5_no_skin_100g,1.51,4.292074,0.466716
stage5_no_skin_100g,1.515,4.004173,0.433605
stage5_no_skin_100g,1.52,3.728303,0.401836
stage5_no_skin_100g,1.525,3.471298,0.372496
stage5_no_skin_100g,1.53,3.238705,0.346421
stage5_no_skin_100g,1.535,3.034573,0.324121
stage5_no_skin_100g,1.54,2.861304,0.305742
stage5_no_skin_100g,1.545,2.719541,0.291099
stage5_no_skin_100g,1.55,2.608438,0.279814
stage5_no_skin_100g,1.555,2.526327,0.271519
stage5_no_skin_100g,1.56,2.466567,0.265521
stage5_no_skin_100g,1.565,2.423488,0.261366
stage5_no_skin_100g,1.57,2.390553,0.258546
stage5_no_skin_100g,1.575,2.360692,0.256422
stage5_no_skin_100g,1.58,2.326755,0.25419
stage5_no_skin_100g,1.585,2.281992,0.250928
stage5_no_skin_100g,1.59,2.220449,0.245684
stage5_no_skin_100g,1.595,2.137218,0.237596
stage5_no_skin_100g,1.6,2.028612,0.226018
stage5_no_skin_100g,1.605,1.890519,0.210374
stage5_no_skin_100g,1.61,1.723669,0.190945
stage5_no_skin_100g,1.615,1.529951,0.168292
stage5_no_skin_100g,1.62,1.312668,0.143175
stage5_no_skin_100g,1.625,1.077063,0.116484
stage5_no_skin_100g,1.63,0.830167,0.089127
stage5_no_skin_100g,1.635,0.5802,0.061965
stage5_no_skin_100g,1.64,0.336217,0.03592
stage5_no_skin_100g,1.645,0.113268,0.014164
stage5_no_skin_100g,1.65,0.123201,0.017608
stage5_no_skin_100g,1.655,0.281992,0.034851
stage5_no_skin_100g,1.66,0.413875,0.049827
stage5_no_skin_100g,1.665,0.50739,0.060595
stage5_no_skin_100g,1.67,0.557231,0.066227
stage5_no_skin_100g,1.675,0.562425,0.066469
stage5_no_skin_100g,1.68,0.528422,0.062012
stage5_no_skin_100g,1.685,0.457716,0.053302
stage5_no_skin_100g,1.69,0.355775,0.041228
stage5_no_skin_100g,1.695,0.232451,0.027158
stage5_no_skin_100g,1.7,0.098608,0.012731
stage5_no_skin_100g,1.705,0.060339,0.008668
stage5_no_skin_100g,1.71,0.196986,0.022099
stage5_no_skin_100g,1.715,0.325942,0.03639
stage5_no_skin_100g,1.72,0.437548,0.049358
stage5_no_skin_100g,1.725,0.526703,0.0602
stage5_no_skin_100g,1.73,0.589817,0.06827
stage5_no_skin_100g,1.735,0.626474,0.073181
stage5_no_skin_100g,1.74,0.637888,0.074686
stage5_no_skin_100g,1.745,0.629803,0.073307
stage5_no_skin_100g,1.75,0.606691,0.069561
stage5_no_skin_100g,1.755,0.573682,0.064153
stage5_no_skin_100g,1.76,0.537349,0.058116
stage5_no_skin_100g,1.765,0.505595,0.052815
stage5_no_skin_100g,1.77,0.485142,0.049622
stage5_no_skin_100g,1.775,0.484681,0.05018
stage5_no_skin_100g,1.78,0.508981,0.053989
stage5_no_skin_100g,1.785,0.562059,0.060275
stage5_no_skin_100g,1.79,0.65105,0.069349
stage5_no_skin_100g,1.795,0.773238,0.081407
stage5_no_skin_100g,1.8,0.935991,0.097809
stage5_no_skin_100g,1.805,1.133422,0.118605
stage5_no_skin_100g,1.81,1.364466,0.143879
stage5_no_skin_100g,1.815,1.625002,0.173111
stage5_no_skin_100g,1.82,1.905993,0.2051
stage5_no_skin_100g,1.825,2.203069,0.239174
stage5_no_skin_100g,1.83,2.505678,0.273809
stage5_no_skin_100g,1.835,2.805888,0.30777
stage5_no_skin_100g,1.84,3.095373,0.339936
stage5_no_skin_100g,1.845,3.366811,0.369517
stage5_no_skin_100g,1.85,3.609817,0.395513
stage5_no_skin_100g,1.855,3.821176,0.418014
stage5_no_skin_100g,1.86,3.981375,0.435521
stage5_no_skin_100g,1.865,4.085605,0.447733
stage5_no_skin_100g,1.87,4.125847,0.453604
stage5_no_skin_100g,1.875,4.097666,0.452124
stage5_no_skin_100g,1.88,4.012006,0.443904
stage5_no_skin_100g,1.885,3.863979,0.42773
stage5_no_skin_100g,1.89,3.673845,0.405835
stage5_no_skin_100g,1.895,3.448707,0.379081
stage5_no_skin_100g,1.9,3.203009,0.349587
stage5_no_skin_100g,1.9,3.203009,0.349587
stage5_no_skin_100g,1.925,2.171354,0.230011
stage5_no_skin_100g,1.95,2.369337,0.249158
stage5_no_skin_100g,1.975,3.48042,0.383999
stage5_no_skin_100g,2,4.093144,0.451998
stage5_no_skin_100g,2.025,3.366686,0.36825
stage5_no_skin_100g,2.05,2.235192,0.233885
stage5_no_skin_100g,2.075,2.238274,0.23952
stage5_no_skin_100g,2.1,3.402486,0.368405
stage5_no_skin_100g,2.125,4.100144,0.455418
stage5_no_skin_100g,2.15,3.443189,0.376693
stage5_no_skin_100g,2.175,2.33611,0.248677
stage5_no_skin_100g,2.2,2.208871,0.231499
stage5_no_skin_125g,0,0,0
stage5_no_skin_125g,0.025,0.020405,0.001817
stage5_no_skin_125g,0.05,0.117597,0.012465
stage5_no_skin_125g,0.075,0.261153,0.028537
stage5_no_skin_125g,0.1,0.364827,0.040185
stage5_no_skin_125g,0.125,0.395477,0.042946
stage5_no_skin_125g,0.15,0.4125,0.044294
stage5_no_skin_125g,0.175,0.49394,0.053293
stage5_no_skin_125g,0.2,0.636616,0.069273
stage5_no_skin_125g,0.225,0.752802,0.082065
stage5_no_skin_125g,0.25,0.789786,0.085891
stage5_no_skin_125g,0.275,0.802463,0.086739
stage5_no_skin_125g,0.3,0.875483,0.094519
stage5_no_skin_125g,0.325,1.011659,0.109866
stage5_no_skin_125g,0.35,1.135237,0.1237
stage5_no_skin_125g,0.375,1.185867,0.128834
stage5_no_skin_125g,0.4,1.196076,0.129435
stage5_no_skin_125g,0.425,1.254618,0.135777
stage5_no_skin_125g,0.45,1.387081,0.150452
stage5_no_skin_125g,0.475,1.518999,0.165189
stage5_no_skin_125g,0.5,1.578105,0.171575
stage5_no_skin_125g,0.525,1.590034,0.172314
stage5_no_skin_125g,0.55,1.638927,0.177268
stage5_no_skin_125g,0.575,1.760356,0.190968
stage5_no_skin_125g,0.6,1.897378,0.206237
stage5_no_skin_125g,0.625,1.973969,0.214528
stage5_no_skin_125g,0.65,1.986957,0.215396
stage5_no_skin_125g,0.675,2.022339,0.219084
stage5_no_skin_125g,0.7,2.134736,0.231284
stage5_no_skin_125g,0.725,2.276471,0.247362
stage5_no_skin_125g,0.75,2.363687,0.256873
stage5_no_skin_125g,0.775,2.384806,0.258787
stage5_no_skin_125g,0.8,2.411827,0.26108
stage5_no_skin_125g,0.825,2.506691,0.271804
stage5_no_skin_125g,0.85,2.651056,0.287822
stage5_no_skin_125g,0.875,2.754422,0.299317
stage5_no_skin_125g,0.9,2.782655,0.301927
stage5_no_skin_125g,0.925,2.798813,0.303364
stage5_no_skin_125g,0.95,2.885113,0.312534
stage5_no_skin_125g,0.975,3.025503,0.328443
stage5_no_skin_125g,1,3.139072,0.341096
stage5_no_skin_125g,1.025,3.160375,0.34344
stage5_no_skin_125g,1.05,3.077089,0.333796
stage5_no_skin_125g,1.075,3.002687,0.325192
stage5_no_skin_125g,1.1,3.033272,0.328681
stage5_no_skin_125g,1.125,3.128047,0.339619
stage5_no_skin_125g,1.15,3.161435,0.343856
stage5_no_skin_125g,1.175,3.095118,0.335778
stage5_no_skin_125g,1.2,3.012298,0.326268
stage5_no_skin_125g,1.2,3.012298,0.326268
stage5_no_skin_125g,1.205,3.004047,0.325248
stage5_no_skin_125g,1.21,3.001543,0.324902
stage5_no_skin_125g,1.215,3.001701,0.324867
stage5_no_skin_125g,1.22,3.00911,0.32576
stage5_no_skin_125g,1.225,3.017968,0.326838
stage5_no_skin_125g,1.23,3.03341,0.328758
stage5_no_skin_125g,1.235,3.049782,0.330779
stage5_no_skin_125g,1.24,3.069362,0.333145
stage5_no_skin_125g,1.245,3.089132,0.33548
stage5_no_skin_125g,1.25,3.109183,0.33777
stage5_no_skin_125g,1.255,3.133194,0.34023
stage5_no_skin_125g,1.26,3.166984,0.343318
stage5_no_skin_125g,1.265,3.221538,0.348034
stage5_no_skin_125g,1.27,3.305107,0.355413
stage5_no_skin_125g,1.275,3.427094,0.366901
stage5_no_skin_125g,1.28,3.591017,0.383419
stage5_no_skin_125g,1.285,3.79496,0.405048
stage5_no_skin_125g,1.29,4.037314,0.43171
stage5_no_skin_125g,1.295,4.314452,0.462905
stage5_no_skin_125g,1.3,4.620874,0.497765
stage5_no_skin_125g,1.305,4.949423,0.535168
stage5_no_skin_125g,1.31,5.291528,0.573875
stage5_no_skin_125g,1.315,5.637424,0.612662
stage5_no_skin_125g,1.32,5.973538,0.6501
stage5_no_skin_125g,1.325,6.289011,0.685289
stage5_no_skin_125g,1.33,6.576132,0.71756
stage5_no_skin_125g,1.335,6.825906,0.745999
stage5_no_skin_125g,1.34,7.030017,0.769618
stage5_no_skin_125g,1.345,7.184548,0.787725
stage5_no_skin_125g,1.35,7.286255,0.799578
stage5_no_skin_125g,1.355,7.334998,0.804798
stage5_no_skin_125g,1.36,7.336728,0.803942
stage5_no_skin_125g,1.365,7.29531,0.797509
stage5_no_skin_125g,1.37,7.218635,0.78669
stage5_no_skin_125g,1.375,7.113921,0.772686
stage5_no_skin_125g,1.38,6.988678,0.756786
stage5_no_skin_125g,1.385,6.852708,0.740465
stage5_no_skin_125g,1.39,6.71684,0.724955
stage5_no_skin_125g,1.395,6.590071,0.711077
stage5_no_skin_125g,1.4,6.480847,0.699422
stage5_no_skin_125g,1.405,6.399161,0.690725
stage5_no_skin_125g,1.41,6.350281,0.685377
stage5_no_skin_125g,1.415,6.33492,0.683536
stage5_no_skin_125g,1.42,6.352633,0.685379
stage5_no_skin_125g,1.425,6.40038,0.690853
stage5_no_skin_125g,1.43,6.475018,0.699903
stage5_no_skin_125g,1.435,6.565627,0.711298
stage5_no_skin_125g,1.44,6.662715,0.723777
stage5_no_skin_125g,1.445,6.756578,0.735937
stage5_no_skin_125g,1.45,6.8369,0.746285
stage5_no_skin_125g,1.455,6.889405,0.752922
stage5_no_skin_125g,1.46,6.907234,0.755138
stage5_no_skin_125g,1.465,6.882662,0.752235
stage5_no_skin_125g,1.47,6.80971,0.743839
stage5_no_skin_125g,1.475,6.682046,0.729598
stage5_no_skin_125g,1.48,6.495857,0.709358
stage5_no_skin_125g,1.485,6.259119,0.683934
stage5_no_skin_125g,1.49,5.977279,0.653675
stage5_no_skin_125g,1.495,5.658099,0.619067
stage5_no_skin_125g,1.5,5.309511,0.580582
stage5_no_skin_125g,1.505,4.944203,0.53946
stage5_no_skin_125g,1.51,4.574493,0.497217
stage5_no_skin_125g,1.515,4.21066,0.4553
stage5_no_skin_125g,1.52,3.862181,0.415175
stage5_no_skin_125g,1.525,3.540987,0.378645
stage5_no_skin_125g,1.53,3.252522,0.346535
stage5_no_skin_125g,1.535,3.000687,0.319254
stage5_no_skin_125g,1.54,2.788068,0.29687
stage5_no_skin_125g,1.545,2.6153,0.279086
stage5_no_skin_125g,1.55,2.485377,0.26583
stage5_no_skin_125g,1.555,2.388625,0.255916
stage5_no_skin_125g,1.56,2.31945,0.24886
stage5_no_skin_125g,1.565,2.270953,0.244207
stage5_no_skin_125g,1.57,2.235326,0.24142
stage5_no_skin_125g,1.575,2.202781,0.239577
stage5_no_skin_125g,1.58,2.163659,0.237434
stage5_no_skin_125g,1.585,2.109908,0.233787
stage5_no_skin_125g,1.59,2.034355,0.227433
stage5_no_skin_125g,1.595,1.928516,0.216951
stage5_no_skin_125g,1.6,1.787499,0.201525
stage5_no_skin_125g,1.605,1.611007,0.181229
stage5_no_skin_125g,1.61,1.39854,0.156319
stage5_no_skin_125g,1.615,1.151748,0.127459
stage5_no_skin_125g,1.62,0.871925,0.095356
stage5_no_skin_125g,1.625,0.569434,0.061628
stage5_no_skin_125g,1.63,0.255051,0.028607
stage5_no_skin_125g,1.635,0.096347,0.014935
stage5_no_skin_125g,1.64,0.382781,0.044665
stage5_no_skin_125g,1.645,0.670853,0.076139
stage5_no_skin_125g,1.65,0.927931,0.104856
stage5_no_skin_125g,1.655,1.14369,0.129415
stage5_no_skin_125g,1.66,1.310483,0.148629
stage5_no_skin_125g,1.665,1.417423,0.160872
stage5_no_skin_125g,1.67,1.474306,0.167098
stage5_no_skin_125g,1.675,1.476695,0.166749
stage5_no_skin_125g,1.68,1.429025,0.160452
stage5_no_skin_125g,1.685,1.334464,0.148804
stage5_no_skin_125g,1.69,1.2021,0.133119
stage5_no_skin_125g,1.695,1.041536,0.114656
stage5_no_skin_125g,1.7,0.863884,0.094653
stage5_no_skin_125g,1.705,0.68027,0.07419
stage5_no_skin_125g,1.71,0.503776,0.054484
stage5_no_skin_125g,1.715,0.344359,0.036686
stage5_no_skin_125g,1.72,0.214913,0.023556
stage5_no_skin_125g,1.725,0.137986,0.019785
stage5_no_skin_125g,1.73,0.137342,0.022864
stage5_no_skin_125g,1.735,0.153416,0.026236
stage5_no_skin_125g,1.74,0.152615,0.026633
stage5_no_skin_125g,1.745,0.132949,0.023903
stage5_no_skin_125g,1.75,0.101807,0.018967
stage5_no_skin_125g,1.755,0.084532,0.014449
stage5_no_skin_125g,1.76,0.116217,0.01518
stage5_no_skin_125g,1.765,0.161974,0.020925
stage5_no_skin_125g,1.77,0.204978,0.027647
stage5_no_skin_125g,1.775,0.233119,0.032899
stage5_no_skin_125g,1.78,0.236854,0.035344
stage5_no_skin_125g,1.785,0.213937,0.03455
stage5_no_skin_125g,1.79,0.180899,0.032077
stage5_no_skin_125g,1.795,0.218397,0.033334
stage5_no_skin_125g,1.8,0.396009,0.04354
stage5_no_skin_125g,1.805,0.642707,0.064922
stage5_no_skin_125g,1.81,0.936293,0.096313
stage5_no_skin_125g,1.815,1.267283,0.133685
stage5_no_skin_125g,1.82,1.626173,0.174864
stage5_no_skin_125g,1.825,2.002813,0.218201
stage5_no_skin_125g,1.83,2.386481,0.261997
stage5_no_skin_125g,1.835,2.76441,0.304373
stage5_no_skin_125g,1.84,3.12723,0.344347
stage5_no_skin_125g,1.845,3.46451,0.380855
stage5_no_skin_125g,1.85,3.767039,0.413209
stage5_no_skin_125g,1.855,4.023723,0.440716
stage5_no_skin_125g,1.86,4.220027,0.462374
stage5_no_skin_125g,1.865,4.343197,0.477035
stage5_no_skin_125g,1.87,4.389052,0.483957
stage5_no_skin_125g,1.875,4.352936,0.482009
stage5_no_skin_125g,1.88,4.235922,0.470454
stage5_no_skin_125g,1.885,4.047919,0.449744
stage5_no_skin_125g,1.89,3.804871,0.421558
stage5_no_skin_125g,1.895,3.521392,0.387845
stage5_no_skin_125g,1.9,3.21377,0.351018
stage5_no_skin_125g,1.9,3.21377,0.351018
stage5_no_skin_125g,1.925,1.932088,0.20291
stage5_no_skin_125g,1.95,2.204465,0.230115
stage5_no_skin_125g,1.975,3.599789,0.39886
stage5_no_skin_125g,2,4.347473,0.481629
stage5_no_skin_125g,2.025,3.417572,0.374359
stage5_no_skin_125g,2.05,2.009309,0.207235
stage5_no_skin_125g,2.075,2.03612,0.216833
stage5_no_skin_125g,2.1,3.506973,0.379865
stage5_no_skin_125g,2.125,4.359276,0.486129
stage5_no_skin_125g,2.15,3.513456,0.385174
stage5_no_skin_125g,2.175,2.131145,0.225351
stage5_no_skin_125g,2.2,1.999696,0.207877
stage5_volumetric_skin_125g,0,0,0
stage5_volumetric_skin_125g,0.025,0.017844,0.006884
stage5_volumetric_skin_125g,0.05,0.07856,0.031948
stage5_volumetric_skin_125g,0.075,0.118127,0.047895
stage5_volumetric_skin_125g,0.1,0.124553,0.050079
stage5_volumetric_skin_125g,0.125,0.169533,0.068383
stage5_volumetric_skin_125g,0.15,0.22763,0.092274
stage5_volumetric_skin_125g,0.175,0.241772,0.097557
stage5_volumetric_skin_125g,0.2,0.263781,0.10636
stage5_volumetric_skin_125g,0.225,0.326562,0.132016
stage5_volumetric_skin_125g,0.25,0.360243,0.145786
stage5_volumetric_skin_125g,0.275,0.368242,0.148385
stage5_volumetric_skin_125g,0.3,0.417593,0.168709
stage5_volumetric_skin_125g,0.325,0.472782,0.191224
stage5_volumetric_skin_125g,0.35,0.484176,0.195535
stage5_volumetric_skin_125g,0.375,0.510283,0.205834
stage5_volumetric_skin_125g,0.4,0.571656,0.231169
stage5_volumetric_skin_125g,0.425,0.604758,0.244394
stage5_volumetric_skin_125g,0.45,0.613481,0.247612
stage5_volumetric_skin_125g,0.475,0.662753,0.2676
stage5_volumetric_skin_125g,0.5,0.717297,0.290128
stage5_volumetric_skin_125g,0.525,0.729539,0.294517
stage5_volumetric_skin_125g,0.55,0.754308,0.304523
stage5_volumetric_skin_125g,0.575,0.817456,0.330349
stage5_volumetric_skin_125g,0.6,0.849375,0.343323
stage5_volumetric_skin_125g,0.625,0.858666,0.346533
stage5_volumetric_skin_125g,0.65,0.907596,0.366625
stage5_volumetric_skin_125g,0.675,0.962231,0.388941
stage5_volumetric_skin_125g,0.7,0.974108,0.393442
stage5_volumetric_skin_125g,0.725,1.000439,0.403814
stage5_volumetric_skin_125g,0.75,1.062009,0.429283
stage5_volumetric_skin_125g,0.775,1.094187,0.442058
stage5_volumetric_skin_125g,0.8,1.103106,0.445406
stage5_volumetric_skin_125g,0.825,1.15327,0.465756
stage5_volumetric_skin_125g,0.85,1.207469,0.488109
stage5_volumetric_skin_125g,0.875,1.218962,0.492259
stage5_volumetric_skin_125g,0.9,1.24502,0.502701
stage5_volumetric_skin_125g,0.925,1.307449,0.528321
stage5_volumetric_skin_125g,0.95,1.338618,0.540922
stage5_volumetric_skin_125g,0.975,1.348667,0.544459
stage5_volumetric_skin_125g,1,1.398155,0.56483
stage5_volumetric_skin_125g,1.025,1.434366,0.579946
stage5_volumetric_skin_125g,1.05,1.385642,0.559513
stage5_volumetric_skin_125g,1.075,1.371644,0.553582
stage5_volumetric_skin_125g,1.1,1.426868,0.576865
stage5_volumetric_skin_125g,1.125,1.41652,0.572433
stage5_volumetric_skin_125g,1.15,1.364414,0.550626
stage5_volumetric_skin_125g,1.175,1.399029,0.56504
stage5_volumetric_skin_125g,1.2,1.434573,0.580158
stage5_volumetric_skin_125g,1.2,1.434573,0.580158
stage5_volumetric_skin_125g,1.205,1.429696,0.578056
stage5_volumetric_skin_125g,1.21,1.421145,0.574401
stage5_volumetric_skin_125g,1.215,1.410481,0.569852
stage5_volumetric_skin_125g,1.22,1.397566,0.56441
stage5_volumetric_skin_125g,1.225,1.385443,0.559327
stage5_volumetric_skin_125g,1.23,1.374526,0.554788
stage5_volumetric_skin_125g,1.235,1.368004,0.552103
stage5_volumetric_skin_125g,1.24,1.363903,0.55043
stage5_volumetric_skin_125g,1.245,1.366118,0.551368
stage5_volumetric_skin_125g,1.25,1.373885,0.5545
stage5_volumetric_skin_125g,1.255,1.386547,0.559568
stage5_volumetric_skin_125g,1.26,1.415142,0.570649
stage5_volumetric_skin_125g,1.265,1.466248,0.59026
stage5_volumetric_skin_125g,1.27,1.546088,0.621224
stage5_volumetric_skin_125g,1.275,1.655935,0.66477
stage5_volumetric_skin_125g,1.28,1.79088,0.719418
stage5_volumetric_skin_125g,1.285,1.94441,0.782663
stage5_volumetric_skin_125g,1.29,2.107789,0.8507
stage5_volumetric_skin_125g,1.295,2.270997,0.918923
stage5_volumetric_skin_125g,1.3,2.423847,0.982571
stage5_volumetric_skin_125g,1.305,2.557146,1.037455
stage5_volumetric_skin_125g,1.31,2.663772,1.080628
stage5_volumetric_skin_125g,1.315,2.739527,1.110677
stage5_volumetric_skin_125g,1.32,2.783697,1.127617
stage5_volumetric_skin_125g,1.325,2.799219,1.13277
stage5_volumetric_skin_125g,1.33,2.792751,1.128934
stage5_volumetric_skin_125g,1.335,2.771904,1.119368
stage5_volumetric_skin_125g,1.34,2.749554,1.109323
stage5_volumetric_skin_125g,1.345,2.73552,1.102774
stage5_volumetric_skin_125g,1.35,2.738233,1.103311
stage5_volumetric_skin_125g,1.355,2.763723,1.113535
stage5_volumetric_skin_125g,1.36,2.818109,1.135863
stage5_volumetric_skin_125g,1.365,2.896493,1.168109
stage5_volumetric_skin_125g,1.37,2.992914,1.207779
stage5_volumetric_skin_125g,1.375,3.098604,1.251269
stage5_volumetric_skin_125g,1.38,3.203011,1.294357
stage5_volumetric_skin_125g,1.385,3.292993,1.331853
stage5_volumetric_skin_125g,1.39,3.359313,1.359964
stage5_volumetric_skin_125g,1.395,3.396342,1.376182
stage5_volumetric_skin_125g,1.4,3.401142,1.378928
stage5_volumetric_skin_125g,1.405,3.373839,1.367851
stage5_volumetric_skin_125g,1.41,3.315226,1.343021
stage5_volumetric_skin_125g,1.415,3.233111,1.307869
stage5_volumetric_skin_125g,1.42,3.137082,1.26682
stage5_volumetric_skin_125g,1.425,3.03666,1.224326
stage5_volumetric_skin_125g,1.43,2.941705,1.184832
stage5_volumetric_skin_125g,1.435,2.862671,1.152769
stage5_volumetric_skin_125g,1.44,2.807226,1.131015
stage5_volumetric_skin_125g,1.445,2.776963,1.119739
stage5_volumetric_skin_125g,1.45,2.770872,1.11812
stage5_volumetric_skin_125g,1.455,2.784284,1.124105
stage5_volumetric_skin_125g,1.46,2.809576,1.134754
stage5_volumetric_skin_125g,1.465,2.835361,1.14571
stage5_volumetric_skin_125g,1.47,2.850224,1.152498
stage5_volumetric_skin_125g,1.475,2.844613,1.151324
stage5_volumetric_skin_125g,1.48,2.811231,1.139121
stage5_volumetric_skin_125g,1.485,2.74516,1.113444
stage5_volumetric_skin_125g,1.49,2.643779,1.072601
stage5_volumetric_skin_125g,1.495,2.514984,1.019707
stage5_volumetric_skin_125g,1.5,2.365776,0.9578
stage5_volumetric_skin_125g,1.505,2.20501,0.890826
stage5_volumetric_skin_125g,1.51,2.042403,0.823163
stage5_volumetric_skin_125g,1.515,1.889597,0.760035
stage5_volumetric_skin_125g,1.52,1.754431,0.704773
stage5_volumetric_skin_125g,1.525,1.642761,0.659713
stage5_volumetric_skin_125g,1.53,1.557814,0.625999
stage5_volumetric_skin_125g,1.535,1.499729,0.603491
stage5_volumetric_skin_125g,1.54,1.467515,0.591618
stage5_volumetric_skin_125g,1.545,1.450854,0.586031
stage5_volumetric_skin_125g,1.55,1.439961,0.582647
stage5_volumetric_skin_125g,1.555,1.424299,0.577151
stage5_volumetric_skin_125g,1.56,1.393734,0.56545
stage5_volumetric_skin_125g,1.565,1.33716,0.543034
stage5_volumetric_skin_125g,1.57,1.251368,0.508575
stage5_volumetric_skin_125g,1.575,1.137268,0.462377
stage5_volumetric_skin_125g,1.58,0.998399,0.405825
stage5_volumetric_skin_125g,1.585,0.841227,0.341563
stage5_volumetric_skin_125g,1.59,0.674574,0.273162
stage5_volumetric_skin_125g,1.595,0.510361,0.205439
stage5_volumetric_skin_125g,1.6,0.35837,0.142549
stage5_volumetric_skin_125g,1.605,0.23125,0.090295
stage5_volumetric_skin_125g,1.61,0.132119,0.051331
stage5_volumetric_skin_125g,1.615,0.064544,0.028673
stage5_volumetric_skin_125g,1.62,0.029632,0.017475
stage5_volumetric_skin_125g,1.625,0.018317,0.010075
stage5_volumetric_skin_125g,1.63,0.027973,0.011462
stage5_volumetric_skin_125g,1.635,0.049046,0.02178
stage5_volumetric_skin_125g,1.64,0.069757,0.031329
stage5_volumetric_skin_125g,1.645,0.079706,0.035629
stage5_volumetric_skin_125g,1.65,0.070363,0.031569
stage5_volumetric_skin_125g,1.655,0.036513,0.017709
stage5_volumetric_skin_125g,1.66,0.026942,0.011393
stage5_volumetric_skin_125g,1.665,0.112287,0.04408
stage5_volumetric_skin_125g,1.67,0.214883,0.08571
stage5_volumetric_skin_125g,1.675,0.32373,0.130261
stage5_volumetric_skin_125g,1.68,0.427029,0.173083
stage5_volumetric_skin_125g,1.685,0.513705,0.209626
stage5_volumetric_skin_125g,1.69,0.574716,0.235908
stage5_volumetric_skin_125g,1.695,0.603893,0.248945
stage5_volumetric_skin_125g,1.7,0.59504,0.245633
stage5_volumetric_skin_125g,1.705,0.557474,0.229808
stage5_volumetric_skin_125g,1.71,0.492603,0.202083
stage5_volumetric_skin_125g,1.715,0.40722,0.165548
stage5_volumetric_skin_125g,1.72,0.310084,0.124314
stage5_volumetric_skin_125g,1.725,0.212127,0.08354
stage5_volumetric_skin_125g,1.73,0.124598,0.048419
stage5_volumetric_skin_125g,1.735,0.054834,0.022783
stage5_volumetric_skin_125g,1.74,0.016726,0.012655
stage5_volumetric_skin_125g,1.745,0.018323,0.010878
stage5_volumetric_skin_125g,1.75,0.012463,0.00743
stage5_volumetric_skin_125g,1.755,0.010673,0.005084
stage5_volumetric_skin_125g,1.76,0.039185,0.016374
stage5_volumetric_skin_125g,1.765,0.065269,0.027723
stage5_volumetric_skin_125g,1.77,0.076263,0.033219
stage5_volumetric_skin_125g,1.775,0.062817,0.028988
stage5_volumetric_skin_125g,1.78,0.02683,0.016917
stage5_volumetric_skin_125g,1.785,0.063127,0.026369
stage5_volumetric_skin_125g,1.79,0.173089,0.067346
stage5_volumetric_skin_125g,1.795,0.309815,0.122655
stage5_volumetric_skin_125g,1.8,0.464639,0.186061
stage5_volumetric_skin_125g,1.805,0.6275,0.253322
stage5_volumetric_skin_125g,1.81,0.787258,0.319692
stage5_volumetric_skin_125g,1.815,0.933924,0.380673
stage5_volumetric_skin_125g,1.82,1.05951,0.432556
stage5_volumetric_skin_125g,1.825,1.158827,0.472862
stage5_volumetric_skin_125g,1.83,1.230132,0.500774
stage5_volumetric_skin_125g,1.835,1.275355,0.517339
stage5_volumetric_skin_125g,1.84,1.299947,0.525319
stage5_volumetric_skin_125g,1.845,1.312345,0.528761
stage5_volumetric_skin_125g,1.85,1.32376,0.532574
stage5_volumetric_skin_125g,1.855,1.342176,0.540057
stage5_volumetric_skin_125g,1.86,1.36677,0.55091
stage5_volumetric_skin_125g,1.865,1.394767,0.563567
stage5_volumetric_skin_125g,1.87,1.423118,0.576163
stage5_volumetric_skin_125g,1.875,1.449392,0.587378
stage5_volumetric_skin_125g,1.88,1.470084,0.595635
stage5_volumetric_skin_125g,1.885,1.481935,0.599867
stage5_volumetric_skin_125g,1.89,1.482657,0.599556
stage5_volumetric_skin_125g,1.895,1.471713,0.594797
stage5_volumetric_skin_125g,1.9,1.450571,0.586271
stage5_volumetric_skin_125g,1.9,1.450571,0.586271
stage5_volumetric_skin_125g,1.925,1.321106,0.532263
stage5_volumetric_skin_125g,1.95,1.392101,0.562333
stage5_volumetric_skin_125g,1.975,1.48104,0.600144
stage5_volumetric_skin_125g,2,1.364736,0.54996
stage5_volumetric_skin_125g,2.025,1.337332,0.539557
stage5_volumetric_skin_125g,2.05,1.469625,0.595003
stage5_volumetric_skin_125g,2.075,1.424626,0.575476
stage5_volumetric_skin_125g,2.1,1.316223,0.530652
stage5_volumetric_skin_125g,2.125,1.420977,0.574224
stage5_volumetric_skin_125g,2.15,1.47116,0.595727
stage5_volumetric_skin_125g,2.175,1.341117,0.540418
stage5_volumetric_skin_125g,2.2,1.35875,0.548744
stage5_volumetric_skin_soft_interior_125g,0,0,0
stage5_volumetric_skin_soft_interior_125g,0.025,0.020017,0.005829
stage5_volumetric_skin_soft_interior_125g,0.05,0.109122,0.032808
stage5_volumetric_skin_soft_interior_125g,0.075,0.223285,0.068432
stage5_volumetric_skin_soft_interior_125g,0.1,0.286564,0.087529
stage5_volumetric_skin_soft_interior_125g,0.125,0.298868,0.09068
stage5_volumetric_skin_soft_interior_125g,0.15,0.338448,0.102612
stage5_volumetric_skin_soft_interior_125g,0.175,0.441801,0.134373
stage5_volumetric_skin_soft_interior_125g,0.2,0.547891,0.167151
stage5_volumetric_skin_soft_interior_125g,0.225,0.590525,0.179837
stage5_volumetric_skin_soft_interior_125g,0.25,0.59963,0.182135
stage5_volumetric_skin_soft_interior_125g,0.275,0.662006,0.201044
stage5_volumetric_skin_soft_interior_125g,0.3,0.778003,0.236847
stage5_volumetric_skin_soft_interior_125g,0.325,0.864597,0.263584
stage5_volumetric_skin_soft_interior_125g,0.35,0.887677,0.270004
stage5_volumetric_skin_soft_interior_125g,0.375,0.90908,0.276162
stage5_volumetric_skin_soft_interior_125g,0.4,0.992847,0.301953
stage5_volumetric_skin_soft_interior_125g,0.425,1.107982,0.337286
stage5_volumetric_skin_soft_interior_125g,0.45,1.174624,0.357863
stage5_volumetric_skin_soft_interior_125g,0.475,1.186791,0.360887
stage5_volumetric_skin_soft_interior_125g,0.5,1.223603,0.371735
stage5_volumetric_skin_soft_interior_125g,0.525,1.326946,0.403853
stage5_volumetric_skin_soft_interior_125g,0.55,1.434905,0.436881
stage5_volumetric_skin_soft_interior_125g,0.575,1.476674,0.449501
stage5_volumetric_skin_soft_interior_125g,0.6,1.487157,0.452227
stage5_volumetric_skin_soft_interior_125g,0.625,1.548766,0.470721
stage5_volumetric_skin_soft_interior_125g,0.65,1.66139,0.505709
stage5_volumetric_skin_soft_interior_125g,0.675,1.75123,0.533243
stage5_volumetric_skin_soft_interior_125g,0.7,1.777216,0.540745
stage5_volumetric_skin_soft_interior_125g,0.725,1.794897,0.54564
stage5_volumetric_skin_soft_interior_125g,0.75,1.876699,0.570779
stage5_volumetric_skin_soft_interior_125g,0.775,1.994536,0.607184
stage5_volumetric_skin_soft_interior_125g,0.8,2.060667,0.627223
stage5_volumetric_skin_soft_interior_125g,0.825,2.076498,0.631732
stage5_volumetric_skin_soft_interior_125g,0.85,2.111421,0.641973
stage5_volumetric_skin_soft_interior_125g,0.875,2.208026,0.671579
stage5_volumetric_skin_soft_interior_125g,0.9,2.316631,0.705358
stage5_volumetric_skin_soft_interior_125g,0.925,2.369791,0.721278
stage5_volumetric_skin_soft_interior_125g,0.95,2.382694,0.724556
stage5_volumetric_skin_soft_interior_125g,0.975,2.429636,0.738948
stage5_volumetric_skin_soft_interior_125g,1,2.536986,0.771861
stage5_volumetric_skin_soft_interior_125g,1.025,2.617919,0.797117
stage5_volumetric_skin_soft_interior_125g,1.05,2.566669,0.781621
stage5_volumetric_skin_soft_interior_125g,1.075,2.465714,0.7493
stage5_volumetric_skin_soft_interior_125g,1.1,2.465457,0.74934
stage5_volumetric_skin_soft_interior_125g,1.125,2.567532,0.781744
stage5_volumetric_skin_soft_interior_125g,1.15,2.616565,0.796767
stage5_volumetric_skin_soft_interior_125g,1.175,2.537319,0.772148
stage5_volumetric_skin_soft_interior_125g,1.2,2.450735,0.744709
stage5_volumetric_skin_soft_interior_125g,1.2,2.450735,0.744709
stage5_volumetric_skin_soft_interior_125g,1.205,2.448432,0.74396
stage5_volumetric_skin_soft_interior_125g,1.21,2.450177,0.744505
stage5_volumetric_skin_soft_interior_125g,1.215,2.457597,0.746864
stage5_volumetric_skin_soft_interior_125g,1.22,2.471612,0.751321
stage5_volumetric_skin_soft_interior_125g,1.225,2.488302,0.756626
stage5_volumetric_skin_soft_interior_125g,1.23,2.509887,0.763464
stage5_volumetric_skin_soft_interior_125g,1.235,2.532289,0.770538
stage5_volumetric_skin_soft_interior_125g,1.24,2.555519,0.77785
stage5_volumetric_skin_soft_interior_125g,1.245,2.576318,0.784355
stage5_volumetric_skin_soft_interior_125g,1.25,2.596798,0.790705
stage5_volumetric_skin_soft_interior_125g,1.255,2.617616,0.796988
stage5_volumetric_skin_soft_interior_125g,1.26,2.648584,0.806077
stage5_volumetric_skin_soft_interior_125g,1.265,2.690516,0.818236
stage5_volumetric_skin_soft_interior_125g,1.27,2.762251,0.838947
stage5_volumetric_skin_soft_interior_125g,1.275,2.870237,0.870348
stage5_volumetric_skin_soft_interior_125g,1.28,3.012788,0.912245
stage5_volumetric_skin_soft_interior_125g,1.285,3.189711,0.964873
stage5_volumetric_skin_soft_interior_125g,1.29,3.39904,1.027895
stage5_volumetric_skin_soft_interior_125g,1.295,3.637124,1.100394
stage5_volumetric_skin_soft_interior_125g,1.3,3.900422,1.181481
stage5_volumetric_skin_soft_interior_125g,1.305,4.177615,1.267606
stage5_volumetric_skin_soft_interior_125g,1.31,4.457548,1.355082
stage5_volumetric_skin_soft_interior_125g,1.315,4.731548,1.441025
stage5_volumetric_skin_soft_interior_125g,1.32,4.991638,1.522744
stage5_volumetric_skin_soft_interior_125g,1.325,5.226777,1.596525
stage5_volumetric_skin_soft_interior_125g,1.33,5.429477,1.659758
stage5_volumetric_skin_soft_interior_125g,1.335,5.593565,1.710322
stage5_volumetric_skin_soft_interior_125g,1.34,5.712297,1.746061
stage5_volumetric_skin_soft_interior_125g,1.345,5.786547,1.767483
stage5_volumetric_skin_soft_interior_125g,1.35,5.817788,1.775353
stage5_volumetric_skin_soft_interior_125g,1.355,5.809956,1.771178
stage5_volumetric_skin_soft_interior_125g,1.36,5.769304,1.757082
stage5_volumetric_skin_soft_interior_125g,1.365,5.702954,1.735391
stage5_volumetric_skin_soft_interior_125g,1.37,5.620567,1.709149
stage5_volumetric_skin_soft_interior_125g,1.375,5.531655,1.681265
stage5_volumetric_skin_soft_interior_125g,1.38,5.446131,1.654663
stage5_volumetric_skin_soft_interior_125g,1.385,5.373308,1.63198
stage5_volumetric_skin_soft_interior_125g,1.39,5.31955,1.61509
stage5_volumetric_skin_soft_interior_125g,1.395,5.289809,1.605584
stage5_volumetric_skin_soft_interior_125g,1.4,5.291619,1.605928
stage5_volumetric_skin_soft_interior_125g,1.405,5.321282,1.615066
stage5_volumetric_skin_soft_interior_125g,1.41,5.376313,1.632292
stage5_volumetric_skin_soft_interior_125g,1.415,5.453033,1.656522
stage5_volumetric_skin_soft_interior_125g,1.42,5.545702,1.68597
stage5_volumetric_skin_soft_interior_125g,1.425,5.643778,1.717263
stage5_volumetric_skin_soft_interior_125g,1.43,5.738657,1.74768
stage5_volumetric_skin_soft_interior_125g,1.435,5.819589,1.773825
stage5_volumetric_skin_soft_interior_125g,1.44,5.875665,1.792215
stage5_volumetric_skin_soft_interior_125g,1.445,5.900392,1.800749
stage5_volumetric_skin_soft_interior_125g,1.45,5.887264,1.797344
stage5_volumetric_skin_soft_interior_125g,1.455,5.825687,1.778672
stage5_volumetric_skin_soft_interior_125g,1.46,5.716552,1.745086
stage5_volumetric_skin_soft_interior_125g,1.465,5.562474,1.697469
stage5_volumetric_skin_soft_interior_125g,1.47,5.366565,1.636848
stage5_volumetric_skin_soft_interior_125g,1.475,5.129419,1.563493
stage5_volumetric_skin_soft_interior_125g,1.48,4.866563,1.482297
stage5_volumetric_skin_soft_interior_125g,1.485,4.587804,1.396333
stage5_volumetric_skin_soft_interior_125g,1.49,4.303903,1.30891
stage5_volumetric_skin_soft_interior_125g,1.495,4.027633,1.223867
stage5_volumetric_skin_soft_interior_125g,1.5,3.768643,1.144068
stage5_volumetric_skin_soft_interior_125g,1.505,3.534716,1.071886
stage5_volumetric_skin_soft_interior_125g,1.51,3.334861,1.010164
stage5_volumetric_skin_soft_interior_125g,1.515,3.172308,0.960043
stage5_volumetric_skin_soft_interior_125g,1.52,3.044488,0.920833
stage5_volumetric_skin_soft_interior_125g,1.525,2.949082,0.891896
stage5_volumetric_skin_soft_interior_125g,1.53,2.884762,0.872986
stage5_volumetric_skin_soft_interior_125g,1.535,2.841175,0.860989
stage5_volumetric_skin_soft_interior_125g,1.54,2.809645,0.853204
stage5_volumetric_skin_soft_interior_125g,1.545,2.781656,0.846838
stage5_volumetric_skin_soft_interior_125g,1.55,2.746302,0.838224
stage5_volumetric_skin_soft_interior_125g,1.555,2.695317,0.824538
stage5_volumetric_skin_soft_interior_125g,1.56,2.621572,0.803442
stage5_volumetric_skin_soft_interior_125g,1.565,2.517375,0.772478
stage5_volumetric_skin_soft_interior_125g,1.57,2.376461,0.729684
stage5_volumetric_skin_soft_interior_125g,1.575,2.201069,0.675819
stage5_volumetric_skin_soft_interior_125g,1.58,1.992116,0.611213
stage5_volumetric_skin_soft_interior_125g,1.585,1.749971,0.53604
stage5_volumetric_skin_soft_interior_125g,1.59,1.48225,0.452785
stage5_volumetric_skin_soft_interior_125g,1.595,1.198397,0.364526
stage5_volumetric_skin_soft_interior_125g,1.6,0.907072,0.274138
stage5_volumetric_skin_soft_interior_125g,1.605,0.619322,0.185339
stage5_volumetric_skin_soft_interior_125g,1.61,0.345574,0.102092
stage5_volumetric_skin_soft_interior_125g,1.615,0.113901,0.034388
stage5_volumetric_skin_soft_interior_125g,1.62,0.161155,0.047996
stage5_volumetric_skin_soft_interior_125g,1.625,0.315841,0.09961
stage5_volumetric_skin_soft_interior_125g,1.63,0.443137,0.139068
stage5_volumetric_skin_soft_interior_125g,1.635,0.528914,0.165176
stage5_volumetric_skin_soft_interior_125g,1.64,0.572122,0.178243
stage5_volumetric_skin_soft_interior_125g,1.645,0.576467,0.179437
stage5_volumetric_skin_soft_interior_125g,1.65,0.548348,0.170631
stage5_volumetric_skin_soft_interior_125g,1.655,0.495909,0.154226
stage5_volumetric_skin_soft_interior_125g,1.66,0.428358,0.132935
stage5_volumetric_skin_soft_interior_125g,1.665,0.35531,0.109642
stage5_volumetric_skin_soft_interior_125g,1.67,0.286142,0.087434
stage5_volumetric_skin_soft_interior_125g,1.675,0.229493,0.069186
stage5_volumetric_skin_soft_interior_125g,1.68,0.193173,0.057663
stage5_volumetric_skin_soft_interior_125g,1.685,0.183956,0.055848
stage5_volumetric_skin_soft_interior_125g,1.69,0.20485,0.061825
stage5_volumetric_skin_soft_interior_125g,1.695,0.255333,0.074863
stage5_volumetric_skin_soft_interior_125g,1.7,0.332895,0.097125
stage5_volumetric_skin_soft_interior_125g,1.705,0.432379,0.12801
stage5_volumetric_skin_soft_interior_125g,1.71,0.546389,0.164533
stage5_volumetric_skin_soft_interior_125g,1.715,0.665844,0.203293
stage5_volumetric_skin_soft_interior_125g,1.72,0.780527,0.240746
stage5_volumetric_skin_soft_interior_125g,1.725,0.879753,0.273216
stage5_volumetric_skin_soft_interior_125g,1.73,0.953149,0.297178
stage5_volumetric_skin_soft_interior_125g,1.735,0.99148,0.309599
stage5_volumetric_skin_soft_interior_125g,1.74,0.987447,0.308243
stage5_volumetric_skin_soft_interior_125g,1.745,0.936375,0.291855
stage5_volumetric_skin_soft_interior_125g,1.75,0.836676,0.260201
stage5_volumetric_skin_soft_interior_125g,1.755,0.690012,0.214035
stage5_volumetric_skin_soft_interior_125g,1.76,0.500762,0.154914
stage5_volumetric_skin_soft_interior_125g,1.765,0.277237,0.085549
stage5_volumetric_skin_soft_interior_125g,1.77,0.052691,0.013898
stage5_volumetric_skin_soft_interior_125g,1.775,0.245529,0.075614
stage5_volumetric_skin_soft_interior_125g,1.78,0.514035,0.15758
stage5_volumetric_skin_soft_interior_125g,1.785,0.776201,0.237727
stage5_volumetric_skin_soft_interior_125g,1.79,1.020845,0.312655
stage5_volumetric_skin_soft_interior_125g,1.795,1.23924,0.379772
stage5_volumetric_skin_soft_interior_125g,1.8,1.425317,0.437197
stage5_volumetric_skin_soft_interior_125g,1.805,1.576024,0.483855
stage5_volumetric_skin_soft_interior_125g,1.81,1.691408,0.519528
stage5_volumetric_skin_soft_interior_125g,1.815,1.774436,0.544885
stage5_volumetric_skin_soft_interior_125g,1.82,1.830658,0.561479
stage5_volumetric_skin_soft_interior_125g,1.825,1.86772,0.571637
stage5_volumetric_skin_soft_interior_125g,1.83,1.894699,0.578232
stage5_volumetric_skin_soft_interior_125g,1.835,1.921469,0.584459
stage5_volumetric_skin_soft_interior_125g,1.84,1.95788,0.593569
stage5_volumetric_skin_soft_interior_125g,1.845,2.012793,0.608525
stage5_volumetric_skin_soft_interior_125g,1.85,2.093714,0.631837
stage5_volumetric_skin_soft_interior_125g,1.855,2.203252,0.66449
stage5_volumetric_skin_soft_interior_125g,1.86,2.333675,0.704358
stage5_volumetric_skin_soft_interior_125g,1.865,2.474462,0.748352
stage5_volumetric_skin_soft_interior_125g,1.87,2.615646,0.793387
stage5_volumetric_skin_soft_interior_125g,1.875,2.748014,0.83631
stage5_volumetric_skin_soft_interior_125g,1.88,2.863221,0.874154
stage5_volumetric_skin_soft_interior_125g,1.885,2.954067,0.904325
stage5_volumetric_skin_soft_interior_125g,1.89,3.014897,0.924756
stage5_volumetric_skin_soft_interior_125g,1.895,3.04198,0.93405
stage5_volumetric_skin_soft_interior_125g,1.9,3.033774,0.931634
stage5_volumetric_skin_soft_interior_125g,1.9,3.033774,0.931634
stage5_volumetric_skin_soft_interior_125g,1.925,2.564939,0.778898
stage5_volumetric_skin_soft_interior_125g,1.95,2.04159,0.616969
stage5_volumetric_skin_soft_interior_125g,1.975,2.267108,0.687812
stage5_volumetric_skin_soft_interior_125g,2,2.937603,0.898572
stage5_volumetric_skin_soft_interior_125g,2.025,2.976054,0.908401
stage5_volumetric_skin_soft_interior_125g,2.05,2.282438,0.693313
stage5_volumetric_skin_soft_interior_125g,2.075,2.005754,0.605599
stage5_volumetric_skin_soft_interior_125g,2.1,2.57448,0.780878
stage5_volumetric_skin_soft_interior_125g,2.125,3.042521,0.934918
stage5_volumetric_skin_soft_interior_125g,2.15,2.730096,0.830823
stage5_volumetric_skin_soft_interior_125g,2.175,2.117929,0.6395
stage5_volumetric_skin_soft_interior_125g,2.2,2.13425,0.648429
stage6_tumor_medium_upper_outer_surface_proximal_xoffset055_125g_volumetric_skin_soft_interior_solve,0,4.1125156776430584E-13,3.93448115237e-13
stage6_tumor_medium_upper_outer_surface_proximal_xoffset055_125g_volumetric_skin_soft_interior_solve,0.025,0.020017224886858167,0.00582892047798
stage6_tumor_medium_upper_outer_surface_proximal_xoffset055_125g_volumetric_skin_soft_interior_solve,0.05,0.10911841104233282,0.0328080200036
stage6_tumor_medium_upper_outer_surface_proximal_xoffset055_125g_volumetric_skin_soft_interior_solve,0.07500000000000001,0.22327508120601697,0.0684297412987
stage6_tumor_medium_upper_outer_surface_proximal_xoffset055_125g_volumetric_skin_soft_interior_solve,0.1,0.28655073861587715,0.0875267879612
stage6_tumor_medium_upper_outer_surface_proximal_xoffset055_125g_volumetric_skin_soft_interior_solve,0.125,0.29885313316846546,0.0906771921831
stage6_tumor_medium_upper_outer_surface_proximal_xoffset055_125g_volumetric_skin_soft_interior_solve,0.15000000000000002,0.33842959785817806,0.102608245966
stage6_tumor_medium_upper_outer_surface_proximal_xoffset055_125g_volumetric_skin_soft_interior_solve,0.17500000000000002,0.44178330045933545,0.134370029879
stage6_tumor_medium_upper_outer_surface_proximal_xoffset055_125g_volumetric_skin_soft_interior_solve,0.2,0.5478670898189709,0.167146916734
stage6_tumor_medium_upper_outer_surface_proximal_xoffset055_125g_volumetric_skin_soft_interior_solve,0.225,0.5904967831799575,0.17983118237
stage6_tumor_medium_upper_outer_surface_proximal_xoffset055_125g_volumetric_skin_soft_interior_solve,0.25,0.5996031528310206,0.182130096813
stage6_tumor_medium_upper_outer_surface_proximal_xoffset055_125g_volumetric_skin_soft_interior_solve,0.275,0.6619703124493858,0.201036723588
stage6_tumor_medium_upper_outer_surface_proximal_xoffset055_125g_volumetric_skin_soft_interior_solve,0.30000000000000004,0.7779657664858615,0.236840276285
stage6_tumor_medium_upper_outer_surface_proximal_xoffset055_125g_volumetric_skin_soft_interior_solve,0.325,0.8645585362981828,0.263577239944
stage6_tumor_medium_upper_outer_surface_proximal_xoffset055_125g_volumetric_skin_soft_interior_solve,0.35000000000000003,0.8876274439318875,0.269993697348
stage6_tumor_medium_upper_outer_surface_proximal_xoffset055_125g_volumetric_skin_soft_interior_solve,0.375,0.9090430260956189,0.276156034564
stage6_tumor_medium_upper_outer_surface_proximal_xoffset055_125g_volumetric_skin_soft_interior_solve,0.4,0.9927980555716591,0.301944527779
stage6_tumor_medium_upper_outer_surface_proximal_xoffset055_125g_volumetric_skin_soft_interior_solve,0.42500000000000004,1.107920990354686,0.337273944522
stage6_tumor_medium_upper_outer_surface_proximal_xoffset055_125g_volumetric_skin_soft_interior_solve,0.45,1.1745714257088982,0.357853853902
stage6_tumor_medium_upper_outer_surface_proximal_xoffset055_125g_volumetric_skin_soft_interior_solve,0.47500000000000003,1.186724939911278,0.360873782525
stage6_tumor_medium_upper_outer_surface_proximal_xoffset055_125g_volumetric_skin_soft_interior_solve,0.5,1.2235557637529493,0.371728008979
stage6_tumor_medium_upper_outer_surface_proximal_xoffset055_125g_volumetric_skin_soft_interior_solve,0.525,1.326891252491705,0.403844798008
stage6_tumor_medium_upper_outer_surface_proximal_xoffset055_125g_volumetric_skin_soft_interior_solve,0.55,1.4348151069180621,0.436862563829
stage6_tumor_medium_upper_outer_surface_proximal_xoffset055_125g_volumetric_skin_soft_interior_solve,0.5750000000000001,1.4766036338528272,0.449487813759
stage6_tumor_medium_upper_outer_surface_proximal_xoffset055_125g_volumetric_skin_soft_interior_solve,0.6000000000000001,1.4870844130701784,0.452213554159
stage6_tumor_medium_upper_outer_surface_proximal_xoffset055_125g_volumetric_skin_soft_interior_solve,0.625,1.548704898910128,0.470712123837
stage6_tumor_medium_upper_outer_surface_proximal_xoffset055_125g_volumetric_skin_soft_interior_solve,0.65,1.6613302808970327,0.50570096071
stage6_tumor_medium_upper_outer_surface_proximal_xoffset055_125g_volumetric_skin_soft_interior_solve,0.675,1.7511191977510192,0.533219121522
stage6_tumor_medium_upper_outer_surface_proximal_xoffset055_125g_volumetric_skin_soft_interior_solve,0.7000000000000001,1.777126999476455,0.540728605413
stage6_tumor_medium_upper_outer_surface_proximal_xoffset055_125g_volumetric_skin_soft_interior_solve,0.7250000000000001,1.7948200544242274,0.545626706865
stage6_tumor_medium_upper_outer_surface_proximal_xoffset055_125g_volumetric_skin_soft_interior_solve,0.75,1.8766254268714042,0.570767288365
stage6_tumor_medium_upper_outer_surface_proximal_xoffset055_125g_volumetric_skin_soft_interior_solve,0.775,1.9944763966070878,0.607178465399
stage6_tumor_medium_upper_outer_surface_proximal_xoffset055_125g_volumetric_skin_soft_interior_solve,0.8,2.060583777836763,0.627209761045
stage6_tumor_medium_upper_outer_surface_proximal_xoffset055_125g_volumetric_skin_soft_interior_solve,0.8250000000000001,2.0763656030292847,0.631703905342
stage6_tumor_medium_upper_outer_surface_proximal_xoffset055_125g_volumetric_skin_soft_interior_solve,0.8500000000000001,2.111296601120941,0.641947912319
stage6_tumor_medium_upper_outer_surface_proximal_xoffset055_125g_volumetric_skin_soft_interior_solve,0.875,2.2079328077287204,0.67156384459
stage6_tumor_medium_upper_outer_surface_proximal_xoffset055_125g_volumetric_skin_soft_interior_solve,0.9,2.316468153212674,0.705320931367
stage6_tumor_medium_upper_outer_surface_proximal_xoffset055_125g_volumetric_skin_soft_interior_solve,0.925,2.369691027315985,0.721262258139
stage6_tumor_medium_upper_outer_surface_proximal_xoffset055_125g_volumetric_skin_soft_interior_solve,0.9500000000000001,2.3826044757552136,0.72454290487
stage6_tumor_medium_upper_outer_surface_proximal_xoffset055_125g_volumetric_skin_soft_interior_solve,0.9750000000000001,2.4294875700615317,0.738917272164
stage6_tumor_medium_upper_outer_surface_proximal_xoffset055_125g_volumetric_skin_soft_interior_solve,1,2.5368749603883103,0.771842287796
stage6_tumor_medium_upper_outer_surface_proximal_xoffset055_125g_volumetric_skin_soft_interior_solve,1.0250000000000001,2.617983195995991,0.797151377817
stage6_tumor_medium_upper_outer_surface_proximal_xoffset055_125g_volumetric_skin_soft_interior_solve,1.05,2.5665367725789414,0.781595165644
stage6_tumor_medium_upper_outer_surface_proximal_xoffset055_125g_volumetric_skin_soft_interior_solve,1.075,2.4654883305849555,0.749243705851
stage6_tumor_medium_upper_outer_surface_proximal_xoffset055_125g_volumetric_skin_soft_interior_solve,1.1,2.4651700761039974,0.749265063634
stage6_tumor_medium_upper_outer_surface_proximal_xoffset055_125g_volumetric_skin_soft_interior_solve,1.125,2.567388210297039,0.781714331209
stage6_tumor_medium_upper_outer_surface_proximal_xoffset055_125g_volumetric_skin_soft_interior_solve,1.1500000000000001,2.6163341640136255,0.796711884865
stage6_tumor_medium_upper_outer_surface_proximal_xoffset055_125g_volumetric_skin_soft_interior_solve,1.175,2.5371711771988403,0.772116154753
stage6_tumor_medium_upper_outer_surface_proximal_xoffset055_125g_volumetric_skin_soft_interior_solve,1.2000000000000002,2.450370027065848,0.744609056013
stage6_tumor_medium_upper_outer_surface_proximal_xoffset055_125g_volumetric_skin_soft_interior_solve,1.2,2.450370027065848,0.744609056013
stage6_tumor_medium_upper_outer_surface_proximal_xoffset055_125g_volumetric_skin_soft_interior_solve,1.2049999999999998,2.4483118287721197,0.743937920022
stage6_tumor_medium_upper_outer_surface_proximal_xoffset055_125g_volumetric_skin_soft_interior_solve,1.21,2.4498966742321184,0.744431568904
stage6_tumor_medium_upper_outer_surface_proximal_xoffset055_125g_volumetric_skin_soft_interior_solve,1.2149999999999999,2.4575599828564987,0.746868416245
stage6_tumor_medium_upper_outer_surface_proximal_xoffset055_125g_volumetric_skin_soft_interior_solve,1.22,2.4714299203844496,0.751279556113
stage6_tumor_medium_upper_outer_surface_proximal_xoffset055_125g_volumetric_skin_soft_interior_solve,1.2249999999999999,2.488071115670029,0.756569609143
stage6_tumor_medium_upper_outer_surface_proximal_xoffset055_125g_volumetric_skin_soft_interior_solve,1.23,2.5097683590831577,0.763442522724
stage6_tumor_medium_upper_outer_surface_proximal_xoffset055_125g_volumetric_skin_soft_interior_solve,1.2349999999999999,2.5321613398994636,0.770514285061
stage6_tumor_medium_upper_outer_surface_proximal_xoffset055_125g_volumetric_skin_soft_interior_solve,1.24,2.555391970829559,0.777825389748
stage6_tumor_medium_upper_outer_surface_proximal_xoffset055_125g_volumetric_skin_soft_interior_solve,1.2449999999999999,2.5762161969772968,0.784339592761
stage6_tumor_medium_upper_outer_surface_proximal_xoffset055_125g_volumetric_skin_soft_interior_solve,1.25,2.5966195589282246,0.79067224713
stage6_tumor_medium_upper_outer_surface_proximal_xoffset055_125g_volumetric_skin_soft_interior_solve,1.255,2.617660273487793,0.797012757542
stage6_tumor_medium_upper_outer_surface_proximal_xoffset055_125g_volumetric_skin_soft_interior_solve,1.26,2.6482470202172674,0.805995782062
stage6_tumor_medium_upper_outer_surface_proximal_xoffset055_125g_volumetric_skin_soft_interior_solve,1.265,2.6902482039124123,0.818171180998
stage6_tumor_medium_upper_outer_surface_proximal_xoffset055_125g_volumetric_skin_soft_interior_solve,1.27,2.762541176939644,0.8390437058
stage6_tumor_medium_upper_outer_surface_proximal_xoffset055_125g_volumetric_skin_soft_interior_solve,1.275,2.8705415205018703,0.870451513221
stage6_tumor_medium_upper_outer_surface_proximal_xoffset055_125g_volumetric_skin_soft_interior_solve,1.28,3.0129835318161593,0.912319612915
stage6_tumor_medium_upper_outer_surface_proximal_xoffset055_125g_volumetric_skin_soft_interior_solve,1.285,3.1897121670514,0.964889680496
stage6_tumor_medium_upper_outer_surface_proximal_xoffset055_125g_volumetric_skin_soft_interior_solve,1.29,3.3988361610383393,1.02784710318
stage6_tumor_medium_upper_outer_surface_proximal_xoffset055_125g_volumetric_skin_soft_interior_solve,1.295,3.636799590073648,1.10030597101
stage6_tumor_medium_upper_outer_surface_proximal_xoffset055_125g_volumetric_skin_soft_interior_solve,1.3,3.9006944109052526,1.18160699879
stage6_tumor_medium_upper_outer_surface_proximal_xoffset055_125g_volumetric_skin_soft_interior_solve,1.305,4.177567134076744,1.26762897696
stage6_tumor_medium_upper_outer_surface_proximal_xoffset055_125g_volumetric_skin_soft_interior_solve,1.31,4.457318481767646,1.35504348953
stage6_tumor_medium_upper_outer_surface_proximal_xoffset055_125g_volumetric_skin_soft_interior_solve,1.315,4.731358139931939,1.44099700506
stage6_tumor_medium_upper_outer_surface_proximal_xoffset055_125g_volumetric_skin_soft_interior_solve,1.3199999999999998,4.991664808103597,1.52278615825
stage6_tumor_medium_upper_outer_surface_proximal_xoffset055_125g_volumetric_skin_soft_interior_solve,1.325,5.227066443669446,1.59665516058
stage6_tumor_medium_upper_outer_surface_proximal_xoffset055_125g_volumetric_skin_soft_interior_solve,1.33,5.430256040734237,1.66004873123
stage6_tumor_medium_upper_outer_surface_proximal_xoffset055_125g_volumetric_skin_soft_interior_solve,1.335,5.592277516927571,1.7099338563
stage6_tumor_medium_upper_outer_surface_proximal_xoffset055_125g_volumetric_skin_soft_interior_solve,1.3399999999999999,5.711027546552472,1.74568383118
stage6_tumor_medium_upper_outer_surface_proximal_xoffset055_125g_volumetric_skin_soft_interior_solve,1.345,5.785346277729982,1.76713481573
stage6_tumor_medium_upper_outer_surface_proximal_xoffset055_125g_volumetric_skin_soft_interior_solve,1.3499999999999999,5.816697144701261,1.77504700905
stage6_tumor_medium_upper_outer_surface_proximal_xoffset055_125g_volumetric_skin_soft_interior_solve,1.355,5.809001659412208,1.77092029289
stage6_tumor_medium_upper_outer_surface_proximal_xoffset055_125g_volumetric_skin_soft_interior_solve,1.3599999999999999,5.768528316940065,1.75688161946
stage6_tumor_medium_upper_outer_surface_proximal_xoffset055_125g_volumetric_skin_soft_interior_solve,1.365,5.7023592112008625,1.73524566413
stage6_tumor_medium_upper_outer_surface_proximal_xoffset055_125g_volumetric_skin_soft_interior_solve,1.3699999999999999,5.620090386271118,1.70903904872
stage6_tumor_medium_upper_outer_surface_proximal_xoffset055_125g_volumetric_skin_soft_interior_solve,1.375,5.5312306197566405,1.68116993238
stage6_tumor_medium_upper_outer_surface_proximal_xoffset055_125g_volumetric_skin_soft_interior_solve,1.38,5.445859484651349,1.6546139646
stage6_tumor_medium_upper_outer_surface_proximal_xoffset055_125g_volumetric_skin_soft_interior_solve,1.385,5.373077672575094,1.63194029128
stage6_tumor_medium_upper_outer_surface_proximal_xoffset055_125g_volumetric_skin_soft_interior_solve,1.39,5.319347246649957,1.6150560316
stage6_tumor_medium_upper_outer_surface_proximal_xoffset055_125g_volumetric_skin_soft_interior_solve,1.395,5.289641484986488,1.60555986499
stage6_tumor_medium_upper_outer_surface_proximal_xoffset055_125g_volumetric_skin_soft_interior_solve,1.4,5.291629346327561,1.60596047148
stage6_tumor_medium_upper_outer_surface_proximal_xoffset055_125g_volumetric_skin_soft_interior_solve,1.405,5.321312604549932,1.6151059792
stage6_tumor_medium_upper_outer_surface_proximal_xoffset055_125g_volumetric_skin_soft_interior_solve,1.41,5.376369973640361,1.63234331405
stage6_tumor_medium_upper_outer_surface_proximal_xoffset055_125g_volumetric_skin_soft_interior_solve,1.415,5.45304137802432,1.65655902019
stage6_tumor_medium_upper_outer_surface_proximal_xoffset055_125g_volumetric_skin_soft_interior_solve,1.42,5.545702803695942,1.68600583052
stage6_tumor_medium_upper_outer_surface_proximal_xoffset055_125g_volumetric_skin_soft_interior_solve,1.425,5.643734988883495,1.71728739696
stage6_tumor_medium_upper_outer_surface_proximal_xoffset055_125g_volumetric_skin_soft_interior_solve,1.43,5.738507338595467,1.74767307888
stage6_tumor_medium_upper_outer_surface_proximal_xoffset055_125g_volumetric_skin_soft_interior_solve,1.435,5.819570648671797,1.77385927374
stage6_tumor_medium_upper_outer_surface_proximal_xoffset055_125g_volumetric_skin_soft_interior_solve,1.44,5.875476829862865,1.79219563422
stage6_tumor_medium_upper_outer_surface_proximal_xoffset055_125g_volumetric_skin_soft_interior_solve,1.4449999999999998,5.899939297380096,1.80064452659
stage6_tumor_medium_upper_outer_surface_proximal_xoffset055_125g_volumetric_skin_soft_interior_solve,1.45,5.886453688988337,1.79712375113
stage6_tumor_medium_upper_outer_surface_proximal_xoffset055_125g_volumetric_skin_soft_interior_solve,1.455,5.825627643249219,1.77868722444
stage6_tumor_medium_upper_outer_surface_proximal_xoffset055_125g_volumetric_skin_soft_interior_solve,1.46,5.716115236773181,1.74498129726
stage6_tumor_medium_upper_outer_surface_proximal_xoffset055_125g_volumetric_skin_soft_interior_solve,1.4649999999999999,5.561651027953996,1.69724340215
stage6_tumor_medium_upper_outer_surface_proximal_xoffset055_125g_volumetric_skin_soft_interior_solve,1.47,5.365404135914767,1.636517352
stage6_tumor_medium_upper_outer_surface_proximal_xoffset055_125g_volumetric_skin_soft_interior_solve,1.475,5.129153409704306,1.56343930121
stage6_tumor_medium_upper_outer_surface_proximal_xoffset055_125g_volumetric_skin_soft_interior_solve,1.48,4.866099939354832,1.48218269255
stage6_tumor_medium_upper_outer_surface_proximal_xoffset055_125g_volumetric_skin_soft_interior_solve,1.4849999999999999,4.5873345951204785,1.39621879277
stage6_tumor_medium_upper_outer_surface_proximal_xoffset055_125g_volumetric_skin_soft_interior_solve,1.49,4.303370579435298,1.30877489704
stage6_tumor_medium_upper_outer_surface_proximal_xoffset055_125g_volumetric_skin_soft_interior_solve,1.4949999999999999,4.027248601089473,1.22377569269
stage6_tumor_medium_upper_outer_surface_proximal_xoffset055_125g_volumetric_skin_soft_interior_solve,1.5,3.768621482550467,1.14408564652
stage6_tumor_medium_upper_outer_surface_proximal_xoffset055_125g_volumetric_skin_soft_interior_solve,1.505,3.5352354886249273,1.07206670628
stage6_tumor_medium_upper_outer_surface_proximal_xoffset055_125g_volumetric_skin_soft_interior_solve,1.51,3.334084352521107,1.00994188549
stage6_tumor_medium_upper_outer_surface_proximal_xoffset055_125g_volumetric_skin_soft_interior_solve,1.515,3.172118416806361,0.960000601033
stage6_tumor_medium_upper_outer_surface_proximal_xoffset055_125g_volumetric_skin_soft_interior_solve,1.52,3.0448818420157377,0.920973163319
stage6_tumor_medium_upper_outer_surface_proximal_xoffset055_125g_volumetric_skin_soft_interior_solve,1.525,2.9499650513413376,0.892194776676
stage6_tumor_medium_upper_outer_surface_proximal_xoffset055_125g_volumetric_skin_soft_interior_solve,1.53,2.8844390294769484,0.872895108813
stage6_tumor_medium_upper_outer_surface_proximal_xoffset055_125g_volumetric_skin_soft_interior_solve,1.535,2.84117803127079,0.861007198494
stage6_tumor_medium_upper_outer_surface_proximal_xoffset055_125g_volumetric_skin_soft_interior_solve,1.54,2.8097111905949426,0.853247443452
stage6_tumor_medium_upper_outer_surface_proximal_xoffset055_125g_volumetric_skin_soft_interior_solve,1.545,2.7815666255633262,0.84683188112
stage6_tumor_medium_upper_outer_surface_proximal_xoffset055_125g_volumetric_skin_soft_interior_solve,1.55,2.746551738177256,0.838324205575
stage6_tumor_medium_upper_outer_surface_proximal_xoffset055_125g_volumetric_skin_soft_interior_solve,1.555,2.6951452749610505,0.824500179342
stage6_tumor_medium_upper_outer_surface_proximal_xoffset055_125g_volumetric_skin_soft_interior_solve,1.56,2.620716591155849,0.803180630902
stage6_tumor_medium_upper_outer_surface_proximal_xoffset055_125g_volumetric_skin_soft_interior_solve,1.565,2.5175821604961626,0.772561468514
stage6_tumor_medium_upper_outer_surface_proximal_xoffset055_125g_volumetric_skin_soft_interior_solve,1.5699999999999998,2.376814893828324,0.729814667115
stage6_tumor_medium_upper_outer_surface_proximal_xoffset055_125g_volumetric_skin_soft_interior_solve,1.575,2.200564241937535,0.675674409146
stage6_tumor_medium_upper_outer_surface_proximal_xoffset055_125g_volumetric_skin_soft_interior_solve,1.58,1.9908250150562308,0.610816827513
stage6_tumor_medium_upper_outer_surface_proximal_xoffset055_125g_volumetric_skin_soft_interior_solve,1.585,1.7505846761927806,0.536246177534
stage6_tumor_medium_upper_outer_surface_proximal_xoffset055_125g_volumetric_skin_soft_interior_solve,1.5899999999999999,1.482235781091085,0.452790424677
stage6_tumor_medium_upper_outer_surface_proximal_xoffset055_125g_volumetric_skin_soft_interior_solve,1.595,1.1981151986887648,0.364449417349
stage6_tumor_medium_upper_outer_surface_proximal_xoffset055_125g_volumetric_skin_soft_interior_solve,1.6,0.9069640236613643,0.274120695044
stage6_tumor_medium_upper_outer_surface_proximal_xoffset055_125g_volumetric_skin_soft_interior_solve,1.605,0.6190515225208713,0.185252612952
stage6_tumor_medium_upper_outer_surface_proximal_xoffset055_125g_volumetric_skin_soft_interior_solve,1.6099999999999999,0.3457414270737907,0.102145307749
stage6_tumor_medium_upper_outer_surface_proximal_xoffset055_125g_volumetric_skin_soft_interior_solve,1.615,0.1142922970333887,0.0345190573473
stage6_tumor_medium_upper_outer_surface_proximal_xoffset055_125g_volumetric_skin_soft_interior_solve,1.6199999999999999,0.16049014121310268,0.0477622419131
stage6_tumor_medium_upper_outer_surface_proximal_xoffset055_125g_volumetric_skin_soft_interior_solve,1.625,0.3151740539211096,0.0994083927976
stage6_tumor_medium_upper_outer_surface_proximal_xoffset055_125g_volumetric_skin_soft_interior_solve,1.63,0.44265485118553466,0.138926522204
stage6_tumor_medium_upper_outer_surface_proximal_xoffset055_125g_volumetric_skin_soft_interior_solve,1.635,0.5286844299314702,0.165106896032
stage6_tumor_medium_upper_outer_surface_proximal_xoffset055_125g_volumetric_skin_soft_interior_solve,1.64,0.5721405566584918,0.178247212164
stage6_tumor_medium_upper_outer_surface_proximal_xoffset055_125g_volumetric_skin_soft_interior_solve,1.645,0.5766765607070902,0.179503005726
stage6_tumor_medium_upper_outer_surface_proximal_xoffset055_125g_volumetric_skin_soft_interior_solve,1.65,0.5486474348481932,0.170728210342
stage6_tumor_medium_upper_outer_surface_proximal_xoffset055_125g_volumetric_skin_soft_interior_solve,1.655,0.4961733913130249,0.154315932734
stage6_tumor_medium_upper_outer_surface_proximal_xoffset055_125g_volumetric_skin_soft_interior_solve,1.66,0.42842344041998276,0.13296680994
stage6_tumor_medium_upper_outer_surface_proximal_xoffset055_125g_volumetric_skin_soft_interior_solve,1.665,0.3551988328279259,0.109612917802
stage6_tumor_medium_upper_outer_surface_proximal_xoffset055_125g_volumetric_skin_soft_interior_solve,1.67,0.28611776895520885,0.087425546829
stage6_tumor_medium_upper_outer_surface_proximal_xoffset055_125g_volumetric_skin_soft_interior_solve,1.675,0.22976948207207407,0.0692641588014
stage6_tumor_medium_upper_outer_surface_proximal_xoffset055_125g_volumetric_skin_soft_interior_solve,1.68,0.19388409811451557,0.0578522691112
stage6_tumor_medium_upper_outer_surface_proximal_xoffset055_125g_volumetric_skin_soft_interior_solve,1.685,0.18489687984421868,0.0560399212225
stage6_tumor_medium_upper_outer_surface_proximal_xoffset055_125g_volumetric_skin_soft_interior_solve,1.69,0.20563687536577677,0.0619772986767
stage6_tumor_medium_upper_outer_surface_proximal_xoffset055_125g_volumetric_skin_soft_interior_solve,1.6949999999999998,0.25590549195464324,0.0750047610186
stage6_tumor_medium_upper_outer_surface_proximal_xoffset055_125g_volumetric_skin_soft_interior_solve,1.7,0.33323669066442907,0.0972343354583
stage6_tumor_medium_upper_outer_surface_proximal_xoffset055_125g_volumetric_skin_soft_interior_solve,1.705,0.4325290050533386,0.12805999037
stage6_tumor_medium_upper_outer_surface_proximal_xoffset055_125g_volumetric_skin_soft_interior_solve,1.71,0.5464449644328739,0.164547530352
stage6_tumor_medium_upper_outer_surface_proximal_xoffset055_125g_volumetric_skin_soft_interior_solve,1.7149999999999999,0.665955132945771,0.203325513482
stage6_tumor_medium_upper_outer_surface_proximal_xoffset055_125g_volumetric_skin_soft_interior_solve,1.72,0.7808707820802164,0.240857526986
stage6_tumor_medium_upper_outer_surface_proximal_xoffset055_125g_volumetric_skin_soft_interior_solve,1.725,0.8804973449733537,0.273464145669
stage6_tumor_medium_upper_outer_surface_proximal_xoffset055_125g_volumetric_skin_soft_interior_solve,1.73,0.9539186093221131,0.297436810655
stage6_tumor_medium_upper_outer_surface_proximal_xoffset055_125g_volumetric_skin_soft_interior_solve,1.7349999999999999,0.9918844536505446,0.309737041686
stage6_tumor_medium_upper_outer_surface_proximal_xoffset055_125g_volumetric_skin_soft_interior_solve,1.74,0.9873301453784652,0.308212107378
stage6_tumor_medium_upper_outer_surface_proximal_xoffset055_125g_volumetric_skin_soft_interior_solve,1.745,0.9356892391448626,0.29164772821
stage6_tumor_medium_upper_outer_surface_proximal_xoffset055_125g_volumetric_skin_soft_interior_solve,1.75,0.8354906399145567,0.259844865456
stage6_tumor_medium_upper_outer_surface_proximal_xoffset055_125g_volumetric_skin_soft_interior_solve,1.755,0.6884917410426235,0.213580609676
stage6_tumor_medium_upper_outer_surface_proximal_xoffset055_125g_volumetric_skin_soft_interior_solve,1.76,0.49952604988921223,0.15454852272
stage6_tumor_medium_upper_outer_surface_proximal_xoffset055_125g_volumetric_skin_soft_interior_solve,1.7650000000000001,0.2765449908121372,0.085344291436
stage6_tumor_medium_upper_outer_surface_proximal_xoffset055_125g_volumetric_skin_soft_interior_solve,1.77,0.052493171381039684,0.0138379954441
stage6_tumor_medium_upper_outer_surface_proximal_xoffset055_125g_volumetric_skin_soft_interior_solve,1.775,0.24553509005355117,0.07561534304
stage6_tumor_medium_upper_outer_surface_proximal_xoffset055_125g_volumetric_skin_soft_interior_solve,1.7799999999999998,0.5140110569178283,0.157578220702
stage6_tumor_medium_upper_outer_surface_proximal_xoffset055_125g_volumetric_skin_soft_interior_solve,1.785,0.7763559790258604,0.237783845039
stage6_tumor_medium_upper_outer_surface_proximal_xoffset055_125g_volumetric_skin_soft_interior_solve,1.79,1.021351591043246,0.312818900331
stage6_tumor_medium_upper_outer_surface_proximal_xoffset055_125g_volumetric_skin_soft_interior_solve,1.795,1.240068281608343,0.38003307635
stage6_tumor_medium_upper_outer_surface_proximal_xoffset055_125g_volumetric_skin_soft_interior_solve,1.7999999999999998,1.42584958518828,0.437368480212
stage6_tumor_medium_upper_outer_surface_proximal_xoffset055_125g_volumetric_skin_soft_interior_solve,1.805,1.5761758610756955,0.483910630663
stage6_tumor_medium_upper_outer_surface_proximal_xoffset055_125g_volumetric_skin_soft_interior_solve,1.81,1.691199680404367,0.519472672581
stage6_tumor_medium_upper_outer_surface_proximal_xoffset055_125g_volumetric_skin_soft_interior_solve,1.815,1.7739732010519025,0.544746603282
stage6_tumor_medium_upper_outer_surface_proximal_xoffset055_125g_volumetric_skin_soft_interior_solve,1.8199999999999998,1.8301003468423074,0.561305174376
stage6_tumor_medium_upper_outer_surface_proximal_xoffset055_125g_volumetric_skin_soft_interior_solve,1.825,1.8672556305821628,0.57148698045
stage6_tumor_medium_upper_outer_surface_proximal_xoffset055_125g_volumetric_skin_soft_interior_solve,1.83,1.8945221360931321,0.578170759409
stage6_tumor_medium_upper_outer_surface_proximal_xoffset055_125g_volumetric_skin_soft_interior_solve,1.835,1.9216126197832444,0.584507625152
stage6_tumor_medium_upper_outer_surface_proximal_xoffset055_125g_volumetric_skin_soft_interior_solve,1.8399999999999999,1.9581290091644366,0.593661328233
stage6_tumor_medium_upper_outer_surface_proximal_xoffset055_125g_volumetric_skin_soft_interior_solve,1.845,2.0129286206103862,0.608586040907
stage6_tumor_medium_upper_outer_surface_proximal_xoffset055_125g_volumetric_skin_soft_interior_solve,1.85,2.093489427878775,0.631784349497
stage6_tumor_medium_upper_outer_surface_proximal_xoffset055_125g_volumetric_skin_soft_interior_solve,1.855,2.202660351483878,0.664315970586
stage6_tumor_medium_upper_outer_surface_proximal_xoffset055_125g_volumetric_skin_soft_interior_solve,1.8599999999999999,2.3330470442506717,0.704164143215
stage6_tumor_medium_upper_outer_surface_proximal_xoffset055_125g_volumetric_skin_soft_interior_solve,1.865,2.4740505515049724,0.748229261483
stage6_tumor_medium_upper_outer_surface_proximal_xoffset055_125g_volumetric_skin_soft_interior_solve,1.87,2.6153583096779793,0.793312180463
stage6_tumor_medium_upper_outer_surface_proximal_xoffset055_125g_volumetric_skin_soft_interior_solve,1.875,2.747710464413521,0.836232444458
stage6_tumor_medium_upper_outer_surface_proximal_xoffset055_125g_volumetric_skin_soft_interior_solve,1.88,2.862794057494601,0.87403606319
stage6_tumor_medium_upper_outer_surface_proximal_xoffset055_125g_volumetric_skin_soft_interior_solve,1.885,2.9534463658128196,0.904141300524
stage6_tumor_medium_upper_outer_surface_proximal_xoffset055_125g_volumetric_skin_soft_interior_solve,1.8900000000000001,3.014054550413135,0.924495191018
stage6_tumor_medium_upper_outer_surface_proximal_xoffset055_125g_volumetric_skin_soft_interior_solve,1.895,3.0409352987307763,0.933719600911
stage6_tumor_medium_upper_outer_surface_proximal_xoffset055_125g_volumetric_skin_soft_interior_solve,1.9,3.0325936804340987,0.931253575729
stage6_tumor_medium_upper_outer_surface_proximal_xoffset055_125g_volumetric_skin_soft_interior_solve,1.9000000000000001,3.0325936804340974,0.931253575729
stage6_tumor_medium_upper_outer_surface_proximal_xoffset055_125g_volumetric_skin_soft_interior_solve,1.925,2.5651497427099423,0.77898700054
stage6_tumor_medium_upper_outer_surface_proximal_xoffset055_125g_volumetric_skin_soft_interior_solve,1.9500000000000002,2.0416931229830366,0.617011502041
stage6_tumor_medium_upper_outer_surface_proximal_xoffset055_125g_volumetric_skin_soft_interior_solve,1.975,2.267379689821121,0.687913192641
stage6_tumor_medium_upper_outer_surface_proximal_xoffset055_125g_volumetric_skin_soft_interior_solve,2,2.9376783208708708,0.898622135635
stage6_tumor_medium_upper_outer_surface_proximal_xoffset055_125g_volumetric_skin_soft_interior_solve,2.0250000000000004,2.975802220450607,0.908338344164
stage6_tumor_medium_upper_outer_surface_proximal_xoffset055_125g_volumetric_skin_soft_interior_solve,2.0500000000000003,2.283095661646562,0.693534074276
stage6_tumor_medium_upper_outer_surface_proximal_xoffset055_125g_volumetric_skin_soft_interior_solve,2.075,2.005479045957046,0.60553541809
stage6_tumor_medium_upper_outer_surface_proximal_xoffset055_125g_volumetric_skin_soft_interior_solve,2.1,2.574043517729954,0.780764183549
stage6_tumor_medium_upper_outer_surface_proximal_xoffset055_125g_volumetric_skin_soft_interior_solve,2.125,3.0417563315352867,0.934682388688
stage6_tumor_medium_upper_outer_surface_proximal_xoffset055_125g_volumetric_skin_soft_interior_solve,2.1500000000000004,2.7301436756662354,0.830866409942
stage6_tumor_medium_upper_outer_surface_proximal_xoffset055_125g_volumetric_skin_soft_interior_solve,2.1750000000000003,2.11823903217721,0.639598891665
stage6_tumor_medium_upper_outer_surface_proximal_xoffset055_125g_volumetric_skin_soft_interior_solve,2.2,2.134104033189403,0.648393962711
stage6_tumor_large_central_xoffset055_125g_volumetric_skin_soft_interior_solve,0,4.113023333752026E-13,3.91740544272e-13
stage6_tumor_large_central_xoffset055_125g_volumetric_skin_soft_interior_solve,0.025,0.02001740885199454,0.00582888079682
stage6_tumor_large_central_xoffset055_125g_volumetric_skin_soft_interior_solve,0.05,0.10912193886117932,0.0328084032863
stage6_tumor_large_central_xoffset055_125g_volumetric_skin_soft_interior_solve,0.07500000000000001,0.22328516775883867,0.0684315900206
stage6_tumor_large_central_xoffset055_125g_volumetric_skin_soft_interior_solve,0.1,0.2865635846057675,0.0875289842203
stage6_tumor_large_central_xoffset055_125g_volumetric_skin_soft_interior_solve,0.125,0.2988678045657497,0.0906799326422
stage6_tumor_large_central_xoffset055_125g_volumetric_skin_soft_interior_solve,0.15000000000000002,0.3384481667618395,0.102611939139
stage6_tumor_large_central_xoffset055_125g_volumetric_skin_soft_interior_solve,0.17500000000000002,0.4418008657737669,0.134372688665
stage6_tumor_large_central_xoffset055_125g_volumetric_skin_soft_interior_solve,0.2,0.5478907625832403,0.167150816051
stage6_tumor_large_central_xoffset055_125g_volumetric_skin_soft_interior_solve,0.225,0.5905252514326637,0.179836509686
stage6_tumor_large_central_xoffset055_125g_volumetric_skin_soft_interior_solve,0.25,0.5996299389346519,0.182134731187
stage6_tumor_large_central_xoffset055_125g_volumetric_skin_soft_interior_solve,0.275,0.6620056420398561,0.201043636295
stage6_tumor_large_central_xoffset055_125g_volumetric_skin_soft_interior_solve,0.30000000000000004,0.7780032515280493,0.236847120813
stage6_tumor_large_central_xoffset055_125g_volumetric_skin_soft_interior_solve,0.325,0.8645965585191789,0.263583771063
stage6_tumor_large_central_xoffset055_125g_volumetric_skin_soft_interior_solve,0.35000000000000003,0.8876774239359014,0.270003712907
stage6_tumor_large_central_xoffset055_125g_volumetric_skin_soft_interior_solve,0.375,0.9090797130075547,0.276162058981
stage6_tumor_large_central_xoffset055_125g_volumetric_skin_soft_interior_solve,0.4,0.9928466475724048,0.301953254884
stage6_tumor_large_central_xoffset055_125g_volumetric_skin_soft_interior_solve,0.42500000000000004,1.1079817157334146,0.337285799531
stage6_tumor_large_central_xoffset055_125g_volumetric_skin_soft_interior_solve,0.45,1.1746239625955996,0.357863075229
stage6_tumor_large_central_xoffset055_125g_volumetric_skin_soft_interior_solve,0.47500000000000003,1.1867905032950827,0.360886762829
stage6_tumor_large_central_xoffset055_125g_volumetric_skin_soft_interior_solve,0.5,1.2236032069979115,0.371735259074
stage6_tumor_large_central_xoffset055_125g_volumetric_skin_soft_interior_solve,0.525,1.3269460021818364,0.403853450521
stage6_tumor_large_central_xoffset055_125g_volumetric_skin_soft_interior_solve,0.55,1.4349045453060245,0.436881140212
stage6_tumor_large_central_xoffset055_125g_volumetric_skin_soft_interior_solve,0.5750000000000001,1.4766740169602315,0.449500764999
stage6_tumor_large_central_xoffset055_125g_volumetric_skin_soft_interior_solve,0.6000000000000001,1.4871566949112254,0.452227202653
stage6_tumor_large_central_xoffset055_125g_volumetric_skin_soft_interior_solve,0.625,1.5487657664585985,0.470721360142
stage6_tumor_large_central_xoffset055_125g_volumetric_skin_soft_interior_solve,0.65,1.661389588483763,0.505709007733
stage6_tumor_large_central_xoffset055_125g_volumetric_skin_soft_interior_solve,0.675,1.7512303753877405,0.533242869037
stage6_tumor_large_central_xoffset055_125g_volumetric_skin_soft_interior_solve,0.7000000000000001,1.7772163118449298,0.540745383164
stage6_tumor_large_central_xoffset055_125g_volumetric_skin_soft_interior_solve,0.7250000000000001,1.794897299429156,0.545639754271
stage6_tumor_large_central_xoffset055_125g_volumetric_skin_soft_interior_solve,0.75,1.8766992114209615,0.570778911568
stage6_tumor_large_central_xoffset055_125g_volumetric_skin_soft_interior_solve,0.775,1.9945359841741392,0.607184204353
stage6_tumor_large_central_xoffset055_125g_volumetric_skin_soft_interior_solve,0.8,2.060666900385181,0.627223199181
stage6_tumor_large_central_xoffset055_125g_volumetric_skin_soft_interior_solve,0.8250000000000001,2.076497989175672,0.631732061197
stage6_tumor_large_central_xoffset055_125g_volumetric_skin_soft_interior_solve,0.8500000000000001,2.1114207062468138,0.64197339757
stage6_tumor_large_central_xoffset055_125g_volumetric_skin_soft_interior_solve,0.875,2.2080255060349994,0.671579059815
stage6_tumor_large_central_xoffset055_125g_volumetric_skin_soft_interior_solve,0.9,2.3166306843882314,0.705358084553
stage6_tumor_large_central_xoffset055_125g_volumetric_skin_soft_interior_solve,0.925,2.369790667186029,0.721278318739
stage6_tumor_large_central_xoffset055_125g_volumetric_skin_soft_interior_solve,0.9500000000000001,2.382693683058722,0.724555519782
stage6_tumor_large_central_xoffset055_125g_volumetric_skin_soft_interior_solve,0.9750000000000001,2.4296356451599292,0.738948085915
stage6_tumor_large_central_xoffset055_125g_volumetric_skin_soft_interior_solve,1,2.5369864818258283,0.771860982981
stage6_tumor_large_central_xoffset055_125g_volumetric_skin_soft_interior_solve,1.0250000000000001,2.617918624780202,0.79711652555
stage6_tumor_large_central_xoffset055_125g_volumetric_skin_soft_interior_solve,1.05,2.566669067287784,0.781620897718
stage6_tumor_large_central_xoffset055_125g_volumetric_skin_soft_interior_solve,1.075,2.465714111019202,0.749299776851
stage6_tumor_large_central_xoffset055_125g_volumetric_skin_soft_interior_solve,1.1,2.4654570489620657,0.749340143689
stage6_tumor_large_central_xoffset055_125g_volumetric_skin_soft_interior_solve,1.125,2.567531635085016,0.781743640708
stage6_tumor_large_central_xoffset055_125g_volumetric_skin_soft_interior_solve,1.1500000000000001,2.61656506921299,0.796766967825
stage6_tumor_large_central_xoffset055_125g_volumetric_skin_soft_interior_solve,1.175,2.537318755563637,0.772147607988
stage6_tumor_large_central_xoffset055_125g_volumetric_skin_soft_interior_solve,1.2000000000000002,2.4507346378972055,0.744709451468
stage6_tumor_large_central_xoffset055_125g_volumetric_skin_soft_interior_solve,1.2,2.450734637897206,0.744709451468
stage6_tumor_large_central_xoffset055_125g_volumetric_skin_soft_interior_solve,1.2049999999999998,2.4484323101271013,0.743960092151
stage6_tumor_large_central_xoffset055_125g_volumetric_skin_soft_interior_solve,1.21,2.4501767259763523,0.744504628215
stage6_tumor_large_central_xoffset055_125g_volumetric_skin_soft_interior_solve,1.2149999999999999,2.457596955042155,0.746863736832
stage6_tumor_large_central_xoffset055_125g_volumetric_skin_soft_interior_solve,1.22,2.471612238394437,0.751321259082
stage6_tumor_large_central_xoffset055_125g_volumetric_skin_soft_interior_solve,1.2249999999999999,2.4883022292490558,0.75662605435
stage6_tumor_large_central_xoffset055_125g_volumetric_skin_soft_interior_solve,1.23,2.5098873803511603,0.763464326127
stage6_tumor_large_central_xoffset055_125g_volumetric_skin_soft_interior_solve,1.2349999999999999,2.5322887151971476,0.770537727772
stage6_tumor_large_central_xoffset055_125g_volumetric_skin_soft_interior_solve,1.24,2.5555193277312376,0.777850029262
stage6_tumor_large_central_xoffset055_125g_volumetric_skin_soft_interior_solve,1.2449999999999999,2.576317671995001,0.784354971044
stage6_tumor_large_central_xoffset055_125g_volumetric_skin_soft_interior_solve,1.25,2.5967982709613047,0.790705288724
stage6_tumor_large_central_xoffset055_125g_volumetric_skin_soft_interior_solve,1.255,2.617616416436578,0.796988023375
stage6_tumor_large_central_xoffset055_125g_volumetric_skin_soft_interior_solve,1.26,2.6485842998906874,0.806077353954
stage6_tumor_large_central_xoffset055_125g_volumetric_skin_soft_interior_solve,1.265,2.690515990093493,0.818236175886
stage6_tumor_large_central_xoffset055_125g_volumetric_skin_soft_interior_solve,1.27,2.7622506462570127,0.838947325748
stage6_tumor_large_central_xoffset055_125g_volumetric_skin_soft_interior_solve,1.275,2.870236633968177,0.870348176947
stage6_tumor_large_central_xoffset055_125g_volumetric_skin_soft_interior_solve,1.28,3.0127877955055515,0.912244935085
stage6_tumor_large_central_xoffset055_125g_volumetric_skin_soft_interior_solve,1.285,3.189711035286315,0.964872539751
stage6_tumor_large_central_xoffset055_125g_volumetric_skin_soft_interior_solve,1.29,3.399040235326648,1.02789460477
stage6_tumor_large_central_xoffset055_125g_volumetric_skin_soft_interior_solve,1.295,3.6371239146533,1.10039396832
stage6_tumor_large_central_xoffset055_125g_volumetric_skin_soft_interior_solve,1.3,3.9004217706579696,1.18148114301
stage6_tumor_large_central_xoffset055_125g_volumetric_skin_soft_interior_solve,1.305,4.177614726834898,1.26760632464
stage6_tumor_large_central_xoffset055_125g_volumetric_skin_soft_interior_solve,1.31,4.457548076074427,1.35508217505
stage6_tumor_large_central_xoffset055_125g_volumetric_skin_soft_interior_solve,1.315,4.73154753888504,1.44102474174
stage6_tumor_large_central_xoffset055_125g_volumetric_skin_soft_interior_solve,1.3199999999999998,4.991638132788054,1.52274365031
stage6_tumor_large_central_xoffset055_125g_volumetric_skin_soft_interior_solve,1.325,5.226777393933683,1.59652548544
stage6_tumor_large_central_xoffset055_125g_volumetric_skin_soft_interior_solve,1.33,5.429476762346178,1.65975762249
stage6_tumor_large_central_xoffset055_125g_volumetric_skin_soft_interior_solve,1.335,5.59356505838107,1.7103219529
stage6_tumor_large_central_xoffset055_125g_volumetric_skin_soft_interior_solve,1.3399999999999999,5.712296665121835,1.74606097491
stage6_tumor_large_central_xoffset055_125g_volumetric_skin_soft_interior_solve,1.345,5.786547157853633,1.76748276382
stage6_tumor_large_central_xoffset055_125g_volumetric_skin_soft_interior_solve,1.3499999999999999,5.817787535578872,1.77535256006
stage6_tumor_large_central_xoffset055_125g_volumetric_skin_soft_interior_solve,1.355,5.809956309272768,1.77117824742
stage6_tumor_large_central_xoffset055_125g_volumetric_skin_soft_interior_solve,1.3599999999999999,5.769304159493989,1.75708212579
stage6_tumor_large_central_xoffset055_125g_volumetric_skin_soft_interior_solve,1.365,5.702954301198947,1.73539071244
stage6_tumor_large_central_xoffset055_125g_volumetric_skin_soft_interior_solve,1.3699999999999999,5.620566683283517,1.70914885896
stage6_tumor_large_central_xoffset055_125g_volumetric_skin_soft_interior_solve,1.375,5.531654700618919,1.68126495814
stage6_tumor_large_central_xoffset055_125g_volumetric_skin_soft_interior_solve,1.38,5.4461312588539865,1.6546626589
stage6_tumor_large_central_xoffset055_125g_volumetric_skin_soft_interior_solve,1.385,5.373308456060621,1.63197958823
stage6_tumor_large_central_xoffset055_125g_volumetric_skin_soft_interior_solve,1.39,5.319550031768647,1.61508959755
stage6_tumor_large_central_xoffset055_125g_volumetric_skin_soft_interior_solve,1.395,5.289808890412016,1.60558382825
stage6_tumor_large_central_xoffset055_125g_volumetric_skin_soft_interior_solve,1.4,5.291619048536853,1.60592832438
stage6_tumor_large_central_xoffset055_125g_volumetric_skin_soft_interior_solve,1.405,5.321282179760217,1.61506569918
stage6_tumor_large_central_xoffset055_125g_volumetric_skin_soft_interior_solve,1.41,5.376313123388531,1.63229216676
stage6_tumor_large_central_xoffset055_125g_volumetric_skin_soft_interior_solve,1.415,5.453033357098917,1.65652199921
stage6_tumor_large_central_xoffset055_125g_volumetric_skin_soft_interior_solve,1.42,5.545702382501393,1.68596986804
stage6_tumor_large_central_xoffset055_125g_volumetric_skin_soft_interior_solve,1.425,5.643778293057607,1.71726311304
stage6_tumor_large_central_xoffset055_125g_volumetric_skin_soft_interior_solve,1.43,5.738656745754528,1.74768013307
stage6_tumor_large_central_xoffset055_125g_volumetric_skin_soft_interior_solve,1.435,5.819589114696031,1.77382523407
stage6_tumor_large_central_xoffset055_125g_volumetric_skin_soft_interior_solve,1.44,5.875664939959908,1.79221501506
stage6_tumor_large_central_xoffset055_125g_volumetric_skin_soft_interior_solve,1.4449999999999998,5.900391726340275,1.8007489554
stage6_tumor_large_central_xoffset055_125g_volumetric_skin_soft_interior_solve,1.45,5.88726376178761,1.79734351809
stage6_tumor_large_central_xoffset055_125g_volumetric_skin_soft_interior_solve,1.455,5.82568655210143,1.77867224271
stage6_tumor_large_central_xoffset055_125g_volumetric_skin_soft_interior_solve,1.46,5.716551693736585,1.74508557306
stage6_tumor_large_central_xoffset055_125g_volumetric_skin_soft_interior_solve,1.4649999999999999,5.562474474764266,1.69746906399
stage6_tumor_large_central_xoffset055_125g_volumetric_skin_soft_interior_solve,1.47,5.36656473535377,1.6368476198
stage6_tumor_large_central_xoffset055_125g_volumetric_skin_soft_interior_solve,1.475,5.129418994982623,1.56349334496
stage6_tumor_large_central_xoffset055_125g_volumetric_skin_soft_interior_solve,1.48,4.866563334716369,1.48229650292
stage6_tumor_large_central_xoffset055_125g_volumetric_skin_soft_interior_solve,1.4849999999999999,4.587803603875257,1.39633285649
stage6_tumor_large_central_xoffset055_125g_volumetric_skin_soft_interior_solve,1.49,4.303903419146938,1.30891038869
stage6_tumor_large_central_xoffset055_125g_volumetric_skin_soft_interior_solve,1.4949999999999999,4.027632976788563,1.22386667041
stage6_tumor_large_central_xoffset055_125g_volumetric_skin_soft_interior_solve,1.5,3.7686427139359995,1.14406829089
stage6_tumor_large_central_xoffset055_125g_volumetric_skin_soft_interior_solve,1.505,3.53471574575609,1.0718858604
stage6_tumor_large_central_xoffset055_125g_volumetric_skin_soft_interior_solve,1.51,3.334860898068871,1.01016392844
stage6_tumor_large_central_xoffset055_125g_volumetric_skin_soft_interior_solve,1.515,3.172308122698664,0.960042750209
stage6_tumor_large_central_xoffset055_125g_volumetric_skin_soft_interior_solve,1.52,3.04448842860933,0.920832501209
stage6_tumor_large_central_xoffset055_125g_volumetric_skin_soft_interior_solve,1.525,2.9490824877448527,0.891895660131
stage6_tumor_large_central_xoffset055_125g_volumetric_skin_soft_interior_solve,1.53,2.8847615057533584,0.872986473356
stage6_tumor_large_central_xoffset055_125g_volumetric_skin_soft_interior_solve,1.535,2.8411751794165316,0.860989397838
stage6_tumor_large_central_xoffset055_125g_volumetric_skin_soft_interior_solve,1.54,2.809644748197513,0.853203767718
stage6_tumor_large_central_xoffset055_125g_volumetric_skin_soft_interior_solve,1.545,2.781656214154272,0.846838184122
stage6_tumor_large_central_xoffset055_125g_volumetric_skin_soft_interior_solve,1.55,2.7463019319788766,0.838223673459
stage6_tumor_large_central_xoffset055_125g_volumetric_skin_soft_interior_solve,1.555,2.695317250496877,0.824538294771
stage6_tumor_large_central_xoffset055_125g_volumetric_skin_soft_interior_solve,1.56,2.621572340347461,0.803441617413
stage6_tumor_large_central_xoffset055_125g_volumetric_skin_soft_interior_solve,1.565,2.5173747567487292,0.772478412055
stage6_tumor_large_central_xoffset055_125g_volumetric_skin_soft_interior_solve,1.5699999999999998,2.376460831605643,0.729683555024
stage6_tumor_large_central_xoffset055_125g_volumetric_skin_soft_interior_solve,1.575,2.2010694040042247,0.675818781239
stage6_tumor_large_central_xoffset055_125g_volumetric_skin_soft_interior_solve,1.58,1.9921161682703603,0.611213373439
stage6_tumor_large_central_xoffset055_125g_volumetric_skin_soft_interior_solve,1.585,1.7499712122290554,0.536039920511
stage6_tumor_large_central_xoffset055_125g_volumetric_skin_soft_interior_solve,1.5899999999999999,1.4822499079180287,0.452784692563
stage6_tumor_large_central_xoffset055_125g_volumetric_skin_soft_interior_solve,1.595,1.1983973258978928,0.364526349177
stage6_tumor_large_central_xoffset055_125g_volumetric_skin_soft_interior_solve,1.6,0.907072237128725,0.274138035228
stage6_tumor_large_central_xoffset055_125g_volumetric_skin_soft_interior_solve,1.605,0.6193223537487662,0.185339197947
stage6_tumor_large_central_xoffset055_125g_volumetric_skin_soft_interior_solve,1.6099999999999999,0.3455742466283846,0.102092086205
stage6_tumor_large_central_xoffset055_125g_volumetric_skin_soft_interior_solve,1.615,0.11390147431594977,0.0343882802436
stage6_tumor_large_central_xoffset055_125g_volumetric_skin_soft_interior_solve,1.6199999999999999,0.16115498805744682,0.0479960335831
stage6_tumor_large_central_xoffset055_125g_volumetric_skin_soft_interior_solve,1.625,0.31584117974656295,0.0996097380831
stage6_tumor_large_central_xoffset055_125g_volumetric_skin_soft_interior_solve,1.63,0.4431368512785002,0.139068368977
stage6_tumor_large_central_xoffset055_125g_volumetric_skin_soft_interior_solve,1.635,0.5289136345139553,0.165176499706
stage6_tumor_large_central_xoffset055_125g_volumetric_skin_soft_interior_solve,1.64,0.5721220113678515,0.178242575184
stage6_tumor_large_central_xoffset055_125g_volumetric_skin_soft_interior_solve,1.645,0.5764671790305883,0.179437391173
stage6_tumor_large_central_xoffset055_125g_volumetric_skin_soft_interior_solve,1.65,0.5483477127950557,0.170631247892
stage6_tumor_large_central_xoffset055_125g_volumetric_skin_soft_interior_solve,1.655,0.4959093512566884,0.15422606812
stage6_tumor_large_central_xoffset055_125g_volumetric_skin_soft_interior_solve,1.66,0.4283584477278204,0.132935001605
stage6_tumor_large_central_xoffset055_125g_volumetric_skin_soft_interior_solve,1.665,0.35530975044579377,0.109641845807
stage6_tumor_large_central_xoffset055_125g_volumetric_skin_soft_interior_solve,1.67,0.28614239812898656,0.0874342511421
stage6_tumor_large_central_xoffset055_125g_volumetric_skin_soft_interior_solve,1.675,0.22949296651136625,0.0691856145268
stage6_tumor_large_central_xoffset055_125g_volumetric_skin_soft_interior_solve,1.68,0.19317304067514224,0.0576625760951
stage6_tumor_large_central_xoffset055_125g_volumetric_skin_soft_interior_solve,1.685,0.1839557126249019,0.0558483980578
stage6_tumor_large_central_xoffset055_125g_volumetric_skin_soft_interior_solve,1.69,0.20484977938381668,0.0618254949385
stage6_tumor_large_central_xoffset055_125g_volumetric_skin_soft_interior_solve,1.6949999999999998,0.25533322936520697,0.0748631909199
stage6_tumor_large_central_xoffset055_125g_volumetric_skin_soft_interior_solve,1.7,0.3328949897857386,0.0971249165047
stage6_tumor_large_central_xoffset055_125g_volumetric_skin_soft_interior_solve,1.705,0.43237915885185446,0.128009903233
stage6_tumor_large_central_xoffset055_125g_volumetric_skin_soft_interior_solve,1.71,0.5463893099611147,0.164532798202
stage6_tumor_large_central_xoffset055_125g_volumetric_skin_soft_interior_solve,1.7149999999999999,0.6658435289157427,0.203292870981
stage6_tumor_large_central_xoffset055_125g_volumetric_skin_soft_interior_solve,1.72,0.7805267202113855,0.240745744166
stage6_tumor_large_central_xoffset055_125g_volumetric_skin_soft_interior_solve,1.725,0.8797531864466318,0.273215935337
stage6_tumor_large_central_xoffset055_125g_volumetric_skin_soft_interior_solve,1.73,0.9531489761508063,0.297178067219
stage6_tumor_large_central_xoffset055_125g_volumetric_skin_soft_interior_solve,1.7349999999999999,0.9914796666115133,0.309599050767
stage6_tumor_large_central_xoffset055_125g_volumetric_skin_soft_interior_solve,1.74,0.987447123221524,0.308243082279
stage6_tumor_large_central_xoffset055_125g_volumetric_skin_soft_interior_solve,1.745,0.9363746497284626,0.291854930258
stage6_tumor_large_central_xoffset055_125g_volumetric_skin_soft_interior_solve,1.75,0.8366757773460503,0.260201482122
stage6_tumor_large_central_xoffset055_125g_volumetric_skin_soft_interior_solve,1.755,0.6900118341626976,0.214035043676
stage6_tumor_large_central_xoffset055_125g_volumetric_skin_soft_interior_solve,1.76,0.5007616423242606,0.154914171228
stage6_tumor_large_central_xoffset055_125g_volumetric_skin_soft_interior_solve,1.7650000000000001,0.2772373838011348,0.0855493442461
stage6_tumor_large_central_xoffset055_125g_volumetric_skin_soft_interior_solve,1.77,0.05269094552944371,0.0138983112379
stage6_tumor_large_central_xoffset055_125g_volumetric_skin_soft_interior_solve,1.775,0.24552945241395888,0.0756142285175
stage6_tumor_large_central_xoffset055_125g_volumetric_skin_soft_interior_solve,1.7799999999999998,0.5140352883229047,0.157580373307
stage6_tumor_large_central_xoffset055_125g_volumetric_skin_soft_interior_solve,1.785,0.7762005471219343,0.237727293144
stage6_tumor_large_central_xoffset055_125g_volumetric_skin_soft_interior_solve,1.79,1.020844533731593,0.312654683532
stage6_tumor_large_central_xoffset055_125g_volumetric_skin_soft_interior_solve,1.795,1.2392397033588538,0.379772396946
stage6_tumor_large_central_xoffset055_125g_volumetric_skin_soft_interior_solve,1.7999999999999998,1.4253169567407986,0.43719723034
stage6_tumor_large_central_xoffset055_125g_volumetric_skin_soft_interior_solve,1.805,1.576024288211421,0.48385451285
stage6_tumor_large_central_xoffset055_125g_volumetric_skin_soft_interior_solve,1.81,1.691407903830273,0.519527817117
stage6_tumor_large_central_xoffset055_125g_volumetric_skin_soft_interior_solve,1.815,1.774436132067581,0.54488509954
stage6_tumor_large_central_xoffset055_125g_volumetric_skin_soft_interior_solve,1.8199999999999998,1.8306582452969526,0.56147939809
stage6_tumor_large_central_xoffset055_125g_volumetric_skin_soft_interior_solve,1.825,1.8677196625699186,0.571636742419
stage6_tumor_large_central_xoffset055_125g_volumetric_skin_soft_interior_solve,1.83,1.8946994444144276,0.578231600924
stage6_tumor_large_central_xoffset055_125g_volumetric_skin_soft_interior_solve,1.835,1.9214689608777584,0.584458995537
stage6_tumor_large_central_xoffset055_125g_volumetric_skin_soft_interior_solve,1.8399999999999999,1.9578803622600431,0.593569106719
stage6_tumor_large_central_xoffset055_125g_volumetric_skin_soft_interior_solve,1.845,2.01279309183059,0.608524944807
stage6_tumor_large_central_xoffset055_125g_volumetric_skin_soft_interior_solve,1.85,2.093714181788778,0.631837344563
stage6_tumor_large_central_xoffset055_125g_volumetric_skin_soft_interior_solve,1.855,2.203251872096142,0.664489776885
stage6_tumor_large_central_xoffset055_125g_volumetric_skin_soft_interior_solve,1.8599999999999999,2.333675254272849,0.704358310705
stage6_tumor_large_central_xoffset055_125g_volumetric_skin_soft_interior_solve,1.865,2.4744617354980694,0.748352348407
stage6_tumor_large_central_xoffset055_125g_volumetric_skin_soft_interior_solve,1.87,2.6156461418918147,0.793386912442
stage6_tumor_large_central_xoffset055_125g_volumetric_skin_soft_interior_solve,1.875,2.7480144184927098,0.836310017993
stage6_tumor_large_central_xoffset055_125g_volumetric_skin_soft_interior_solve,1.88,2.8632210572872214,0.874154102883
stage6_tumor_large_central_xoffset055_125g_volumetric_skin_soft_interior_solve,1.885,2.954066894125314,0.904324643078
stage6_tumor_large_central_xoffset055_125g_volumetric_skin_soft_interior_solve,1.8900000000000001,3.014897421456063,0.924755928095
stage6_tumor_large_central_xoffset055_125g_volumetric_skin_soft_interior_solve,1.895,3.0419804202775684,0.934050354033
stage6_tumor_large_central_xoffset055_125g_volumetric_skin_soft_interior_solve,1.9,3.0337739606713487,0.931634244173
stage6_tumor_large_central_xoffset055_125g_volumetric_skin_soft_interior_solve,1.9000000000000001,3.0337739606713474,0.931634244173
stage6_tumor_large_central_xoffset055_125g_volumetric_skin_soft_interior_solve,1.925,2.564938588111776,0.778897887077
stage6_tumor_large_central_xoffset055_125g_volumetric_skin_soft_interior_solve,1.9500000000000002,2.041590378760117,0.616969394327
stage6_tumor_large_central_xoffset055_125g_volumetric_skin_soft_interior_solve,1.975,2.2671084488769107,0.687811925255
stage6_tumor_large_central_xoffset055_125g_volumetric_skin_soft_interior_solve,2,2.9376033672344453,0.898572189147
stage6_tumor_large_central_xoffset055_125g_volumetric_skin_soft_interior_solve,2.0250000000000004,2.9760541903419537,0.908400755076
stage6_tumor_large_central_xoffset055_125g_volumetric_skin_soft_interior_solve,2.0500000000000003,2.2824384826843223,0.693312539587
stage6_tumor_large_central_xoffset055_125g_volumetric_skin_soft_interior_solve,2.075,2.0057535300034153,0.605599497447
stage6_tumor_large_central_xoffset055_125g_volumetric_skin_soft_interior_solve,2.1,2.5744802033807535,0.780877745965
stage6_tumor_large_central_xoffset055_125g_volumetric_skin_soft_interior_solve,2.125,3.042521153533079,0.93491839955
stage6_tumor_large_central_xoffset055_125g_volumetric_skin_soft_interior_solve,2.1500000000000004,2.7300957571828905,0.830822546103
stage6_tumor_large_central_xoffset055_125g_volumetric_skin_soft_interior_solve,2.1750000000000003,2.117928893565642,0.639500237449
stage6_tumor_large_central_xoffset055_125g_volumetric_skin_soft_interior_solve,2.2,2.134249510543097,0.648429410184
stage6_tumor_large_central_hard100kPa,0,4.113023333752026E-13,3.91740544272e-13
stage6_tumor_large_central_hard100kPa,0.025,0.02001740885199446,0.00582888079682
stage6_tumor_large_central_hard100kPa,0.05,0.10912193886117914,0.0328084032863
stage6_tumor_large_central_hard100kPa,0.07500000000000001,0.2232851677588388,0.0684315900206
stage6_tumor_large_central_hard100kPa,0.1,0.2865635846057683,0.0875289842203
stage6_tumor_large_central_hard100kPa,0.125,0.29886780456575013,0.0906799326422
stage6_tumor_large_central_hard100kPa,0.15000000000000002,0.33844816676183825,0.102611939139
stage6_tumor_large_central_hard100kPa,0.17500000000000002,0.44180086577376637,0.134372688665
stage6_tumor_large_central_hard100kPa,0.2,0.547890762583241,0.167150816051
stage6_tumor_large_central_hard100kPa,0.225,0.5905252514326662,0.179836509686
stage6_tumor_large_central_hard100kPa,0.25,0.5996299389346531,0.182134731187
stage6_tumor_large_central_hard100kPa,0.275,0.6620056420398537,0.201043636295
stage6_tumor_large_central_hard100kPa,0.30000000000000004,0.7780032515280482,0.236847120813
stage6_tumor_large_central_hard100kPa,0.325,0.86459655851918,0.263583771063
stage6_tumor_large_central_hard100kPa,0.35000000000000003,0.8876774239359009,0.270003712907
stage6_tumor_large_central_hard100kPa,0.375,0.9090797130075556,0.276162058981
stage6_tumor_large_central_hard100kPa,0.4,0.9928466475724037,0.301953254884
stage6_tumor_large_central_hard100kPa,0.42500000000000004,1.1079817157334133,0.337285799531
stage6_tumor_large_central_hard100kPa,0.45,1.1746239625955996,0.357863075229
stage6_tumor_large_central_hard100kPa,0.47500000000000003,1.1867905032950776,0.360886762829
stage6_tumor_large_central_hard100kPa,0.5,1.2236032069979133,0.371735259074
stage6_tumor_large_central_hard100kPa,0.525,1.3269460021818367,0.403853450521
stage6_tumor_large_central_hard100kPa,0.55,1.4349045453060192,0.436881140212
stage6_tumor_large_central_hard100kPa,0.5750000000000001,1.4766740169602333,0.449500764999
stage6_tumor_large_central_hard100kPa,0.6000000000000001,1.487156694911218,0.452227202653
stage6_tumor_large_central_hard100kPa,0.625,1.5487657664585988,0.470721360142
stage6_tumor_large_central_hard100kPa,0.65,1.6613895884837633,0.505709007733
stage6_tumor_large_central_hard100kPa,0.675,1.7512303753877339,0.533242869037
stage6_tumor_large_central_hard100kPa,0.7000000000000001,1.7772163118449336,0.540745383164
stage6_tumor_large_central_hard100kPa,0.7250000000000001,1.794897299429147,0.545639754271
stage6_tumor_large_central_hard100kPa,0.75,1.8766992114209582,0.570778911568
stage6_tumor_large_central_hard100kPa,0.775,1.9945359841741412,0.607184204353
stage6_tumor_large_central_hard100kPa,0.8,2.0606669003851894,0.627223199181
stage6_tumor_large_central_hard100kPa,0.8250000000000001,2.076497989175672,0.631732061197
stage6_tumor_large_central_hard100kPa,0.8500000000000001,2.111420706246807,0.64197339757
stage6_tumor_large_central_hard100kPa,0.875,2.208025506034992,0.671579059815
stage6_tumor_large_central_hard100kPa,0.9,2.3166306843882154,0.705358084553
stage6_tumor_large_central_hard100kPa,0.925,2.3697906671860376,0.721278318739
stage6_tumor_large_central_hard100kPa,0.9500000000000001,2.382693683058735,0.724555519782
stage6_tumor_large_central_hard100kPa,0.9750000000000001,2.4296356451599177,0.738948085915
stage6_tumor_large_central_hard100kPa,1,2.5369864818258194,0.771860982981
stage6_tumor_large_central_hard100kPa,1.0250000000000001,2.617918624780241,0.79711652555
stage6_tumor_large_central_hard100kPa,1.05,2.5666690672877888,0.781620897718
stage6_tumor_large_central_hard100kPa,1.075,2.465714111019182,0.74929977685
stage6_tumor_large_central_hard100kPa,1.1,2.465457048962021,0.749340143689
stage6_tumor_large_central_hard100kPa,1.125,2.5675316350850035,0.781743640708
stage6_tumor_large_central_hard100kPa,1.1500000000000001,2.61656506921297,0.796766967825
stage6_tumor_large_central_hard100kPa,1.175,2.5373187555636387,0.772147607988
stage6_tumor_large_central_hard100kPa,1.2000000000000002,2.4507346378971544,0.744709451468
stage6_tumor_large_central_hard100kPa,1.2,2.450734637897155,0.744709451468
stage6_tumor_large_central_hard100kPa,1.2049999999999998,2.4484323101271004,0.743960092151
stage6_tumor_large_central_hard100kPa,1.21,2.4501767259763128,0.744504628215
stage6_tumor_large_central_hard100kPa,1.2149999999999999,2.457596955042167,0.746863736832
stage6_tumor_large_central_hard100kPa,1.22,2.4716122383944157,0.751321259082
stage6_tumor_large_central_hard100kPa,1.2249999999999999,2.4883022292490216,0.75662605435
stage6_tumor_large_central_hard100kPa,1.23,2.5098873803511514,0.763464326127
stage6_tumor_large_central_hard100kPa,1.2349999999999999,2.5322887151971347,0.770537727772
stage6_tumor_large_central_hard100kPa,1.24,2.5555193277312265,0.777850029262
stage6_tumor_large_central_hard100kPa,1.2449999999999999,2.576317671994995,0.784354971044
stage6_tumor_large_central_hard100kPa,1.25,2.596798270961287,0.790705288724
stage6_tumor_large_central_hard100kPa,1.255,2.617616416436612,0.796988023375
stage6_tumor_large_central_hard100kPa,1.26,2.648584299890643,0.806077353954
stage6_tumor_large_central_hard100kPa,1.265,2.690515990093474,0.818236175886
stage6_tumor_large_central_hard100kPa,1.27,2.762250646257106,0.838947325748
stage6_tumor_large_central_hard100kPa,1.275,2.8702366339682803,0.870348176947
stage6_tumor_large_central_hard100kPa,1.28,3.012787795505634,0.912244935085
stage6_tumor_large_central_hard100kPa,1.285,3.189711035286363,0.964872539751
stage6_tumor_large_central_hard100kPa,1.29,3.399040235326659,1.02789460477
stage6_tumor_large_central_hard100kPa,1.295,3.637123914653288,1.10039396832
stage6_tumor_large_central_hard100kPa,1.3,3.900421770658078,1.18148114301
stage6_tumor_large_central_hard100kPa,1.305,4.177614726834936,1.26760632464
stage6_tumor_large_central_hard100kPa,1.31,4.457548076074424,1.35508217505
stage6_tumor_large_central_hard100kPa,1.315,4.731547538885043,1.44102474174
stage6_tumor_large_central_hard100kPa,1.3199999999999998,4.991638132788096,1.52274365031
stage6_tumor_large_central_hard100kPa,1.325,5.226777393933769,1.59652548545
stage6_tumor_large_central_hard100kPa,1.33,5.429476762346331,1.65975762249
stage6_tumor_large_central_hard100kPa,1.335,5.593565058381262,1.7103219529
stage6_tumor_large_central_hard100kPa,1.3399999999999999,5.712296665122026,1.74606097491
stage6_tumor_large_central_hard100kPa,1.345,5.78654715785382,1.76748276382
stage6_tumor_large_central_hard100kPa,1.3499999999999999,5.817787535579041,1.77535256006
stage6_tumor_large_central_hard100kPa,1.355,5.809956309272904,1.77117824742
stage6_tumor_large_central_hard100kPa,1.3599999999999999,5.769304159494071,1.75708212579
stage6_tumor_large_central_hard100kPa,1.365,5.702954301198971,1.73539071244
stage6_tumor_large_central_hard100kPa,1.3699999999999999,5.620566683283515,1.70914885896
stage6_tumor_large_central_hard100kPa,1.375,5.53165470061895,1.68126495814
stage6_tumor_large_central_hard100kPa,1.38,5.446131258853961,1.6546626589
stage6_tumor_large_central_hard100kPa,1.385,5.373308456060659,1.63197958823
stage6_tumor_large_central_hard100kPa,1.39,5.319550031768788,1.61508959755
stage6_tumor_large_central_hard100kPa,1.395,5.28980889041229,1.60558382825
stage6_tumor_large_central_hard100kPa,1.4,5.291619048536773,1.60592832438
stage6_tumor_large_central_hard100kPa,1.405,5.321282179760255,1.61506569918
stage6_tumor_large_central_hard100kPa,1.41,5.376313123388661,1.63229216676
stage6_tumor_large_central_hard100kPa,1.415,5.453033357098808,1.65652199921
stage6_tumor_large_central_hard100kPa,1.42,5.545702382501346,1.68596986804
stage6_tumor_large_central_hard100kPa,1.425,5.643778293057546,1.71726311304
stage6_tumor_large_central_hard100kPa,1.43,5.738656745754379,1.74768013307
stage6_tumor_large_central_hard100kPa,1.435,5.819589114696161,1.77382523407
stage6_tumor_large_central_hard100kPa,1.44,5.8756649399599,1.79221501506
stage6_tumor_large_central_hard100kPa,1.4449999999999998,5.900391726340055,1.8007489554
stage6_tumor_large_central_hard100kPa,1.45,5.887263761787119,1.79734351809
stage6_tumor_large_central_hard100kPa,1.455,5.825686552101723,1.77867224271
stage6_tumor_large_central_hard100kPa,1.46,5.716551693736609,1.74508557306
stage6_tumor_large_central_hard100kPa,1.4649999999999999,5.562474474764035,1.69746906399
stage6_tumor_large_central_hard100kPa,1.47,5.3665647353533315,1.6368476198
stage6_tumor_large_central_hard100kPa,1.475,5.129418994982874,1.56349334496
stage6_tumor_large_central_hard100kPa,1.48,4.86656333471648,1.48229650292
stage6_tumor_large_central_hard100kPa,1.4849999999999999,4.587803603875349,1.39633285649
stage6_tumor_large_central_hard100kPa,1.49,4.303903419146973,1.30891038869
stage6_tumor_large_central_hard100kPa,1.4949999999999999,4.027632976788638,1.22386667041
stage6_tumor_large_central_hard100kPa,1.5,3.768642713936229,1.14406829089
stage6_tumor_large_central_hard100kPa,1.505,3.5347157457565554,1.0718858604
stage6_tumor_large_central_hard100kPa,1.51,3.334860898068553,1.01016392844
stage6_tumor_large_central_hard100kPa,1.515,3.1723081226985994,0.960042750209
stage6_tumor_large_central_hard100kPa,1.52,3.0444884286095064,0.920832501209
stage6_tumor_large_central_hard100kPa,1.525,2.949082487745211,0.891895660131
stage6_tumor_large_central_hard100kPa,1.53,2.8847615057530644,0.872986473356
stage6_tumor_large_central_hard100kPa,1.535,2.841175179416367,0.860989397838
stage6_tumor_large_central_hard100kPa,1.54,2.8096447481973708,0.853203767718
stage6_tumor_large_central_hard100kPa,1.545,2.781656214154239,0.846838184122
stage6_tumor_large_central_hard100kPa,1.55,2.7463019319788042,0.838223673459
stage6_tumor_large_central_hard100kPa,1.555,2.695317250496639,0.824538294771
stage6_tumor_large_central_hard100kPa,1.56,2.6215723403469773,0.803441617413
stage6_tumor_large_central_hard100kPa,1.565,2.5173747567491467,0.772478412056
stage6_tumor_large_central_hard100kPa,1.5699999999999998,2.3764608316057747,0.729683555024
stage6_tumor_large_central_hard100kPa,1.575,2.201069404004059,0.675818781239
stage6_tumor_large_central_hard100kPa,1.58,1.9921161682699307,0.611213373439
stage6_tumor_large_central_hard100kPa,1.585,1.7499712122295008,0.536039920511
stage6_tumor_large_central_hard100kPa,1.5899999999999999,1.4822499079182698,0.452784692564
stage6_tumor_large_central_hard100kPa,1.595,1.1983973258980563,0.364526349177
stage6_tumor_large_central_hard100kPa,1.6,0.907072237128979,0.274138035228
stage6_tumor_large_central_hard100kPa,1.605,0.619322353748988,0.185339197947
stage6_tumor_large_central_hard100kPa,1.6099999999999999,0.34557424662829356,0.102092086205
stage6_tumor_large_central_hard100kPa,1.615,0.11390147431623023,0.0343882802437
stage6_tumor_large_central_hard100kPa,1.6199999999999999,0.16115498805698608,0.0479960335829
stage6_tumor_large_central_hard100kPa,1.625,0.31584117974613585,0.099609738083
stage6_tumor_large_central_hard100kPa,1.63,0.44313685127820857,0.139068368976
stage6_tumor_large_central_hard100kPa,1.635,0.5289136345138251,0.165176499706
stage6_tumor_large_central_hard100kPa,1.64,0.5721220113678794,0.178242575184
stage6_tumor_large_central_hard100kPa,1.645,0.5764671790307518,0.179437391173
stage6_tumor_large_central_hard100kPa,1.65,0.548347712795312,0.170631247892
stage6_tumor_large_central_hard100kPa,1.655,0.49590935125698266,0.15422606812
stage6_tumor_large_central_hard100kPa,1.66,0.4283584477280962,0.132935001605
stage6_tumor_large_central_hard100kPa,1.665,0.3553097504459921,0.109641845807
stage6_tumor_large_central_hard100kPa,1.67,0.2861423981290548,0.0874342511421
stage6_tumor_large_central_hard100kPa,1.675,0.22949296651126616,0.0691856145268
stage6_tumor_large_central_hard100kPa,1.68,0.19317304067485927,0.057662576095
stage6_tumor_large_central_hard100kPa,1.685,0.18395571262537022,0.0558483980579
stage6_tumor_large_central_hard100kPa,1.69,0.20484977938417534,0.0618254949385
stage6_tumor_large_central_hard100kPa,1.6949999999999998,0.2553332293654232,0.07486319092
stage6_tumor_large_central_hard100kPa,1.7,0.33289498978579923,0.0971249165047
stage6_tumor_large_central_hard100kPa,1.705,0.432379158851769,0.128009903232
stage6_tumor_large_central_hard100kPa,1.71,0.5463893099609203,0.164532798202
stage6_tumor_large_central_hard100kPa,1.7149999999999999,0.6658435289154935,0.203292870981
stage6_tumor_large_central_hard100kPa,1.72,0.7805267202111433,0.240745744166
stage6_tumor_large_central_hard100kPa,1.725,0.8797531864464708,0.273215935337
stage6_tumor_large_central_hard100kPa,1.73,0.953148976150786,0.297178067219
stage6_tumor_large_central_hard100kPa,1.7349999999999999,0.9914796666116823,0.309599050767
stage6_tumor_large_central_hard100kPa,1.74,0.9874471232219054,0.308243082279
stage6_tumor_large_central_hard100kPa,1.745,0.9363746497290533,0.291854930258
stage6_tumor_large_central_hard100kPa,1.75,0.8366757773467978,0.260201482122
stage6_tumor_large_central_hard100kPa,1.755,0.6900118341635295,0.214035043677
stage6_tumor_large_central_hard100kPa,1.76,0.5007616423237613,0.154914171228
stage6_tumor_large_central_hard100kPa,1.7650000000000001,0.2772373838008969,0.085549344246
stage6_tumor_large_central_hard100kPa,1.77,0.05269094552938344,0.0138983112378
stage6_tumor_large_central_hard100kPa,1.775,0.2455294524137808,0.0756142285175
stage6_tumor_large_central_hard100kPa,1.7799999999999998,0.5140352883226358,0.157580373307
stage6_tumor_large_central_hard100kPa,1.785,0.7762005471216552,0.237727293144
stage6_tumor_large_central_hard100kPa,1.79,1.0208445337313825,0.312654683532
stage6_tumor_large_central_hard100kPa,1.795,1.2392397033587714,0.379772396946
stage6_tumor_large_central_hard100kPa,1.7999999999999998,1.425316956740875,0.43719723034
stage6_tumor_large_central_hard100kPa,1.805,1.5760242882116546,0.48385451285
stage6_tumor_large_central_hard100kPa,1.81,1.6914079038306369,0.519527817117
stage6_tumor_large_central_hard100kPa,1.815,1.7744361320680035,0.54488509954
stage6_tumor_large_central_hard100kPa,1.8199999999999998,1.8306582452973772,0.56147939809
stage6_tumor_large_central_hard100kPa,1.825,1.8677196625702506,0.571636742419
stage6_tumor_large_central_hard100kPa,1.83,1.894699444414579,0.578231600925
stage6_tumor_large_central_hard100kPa,1.835,1.9214689608780935,0.584458995537
stage6_tumor_large_central_hard100kPa,1.8399999999999999,1.9578803622604943,0.593569106719
stage6_tumor_large_central_hard100kPa,1.845,2.012793091831075,0.608524944807
stage6_tumor_large_central_hard100kPa,1.85,2.093714181789227,0.631837344563
stage6_tumor_large_central_hard100kPa,1.855,2.2032518720965473,0.664489776885
stage6_tumor_large_central_hard100kPa,1.8599999999999999,2.3336752542732717,0.704358310705
stage6_tumor_large_central_hard100kPa,1.865,2.474461735498526,0.748352348407
stage6_tumor_large_central_hard100kPa,1.87,2.615646141892319,0.793386912442
stage6_tumor_large_central_hard100kPa,1.875,2.748014418493284,0.836310017993
stage6_tumor_large_central_hard100kPa,1.88,2.863221057287864,0.874154102883
stage6_tumor_large_central_hard100kPa,1.885,2.954066894126033,0.904324643078
stage6_tumor_large_central_hard100kPa,1.8900000000000001,3.0148974214568445,0.924755928095
stage6_tumor_large_central_hard100kPa,1.895,3.0419804202783745,0.934050354033
stage6_tumor_large_central_hard100kPa,1.9,3.0337739606721192,0.931634244174
stage6_tumor_large_central_hard100kPa,1.9000000000000001,3.033773960672118,0.931634244174
stage6_tumor_large_central_hard100kPa,1.925,2.564938588111288,0.778897887077
stage6_tumor_large_central_hard100kPa,1.9500000000000002,2.04159037875968,0.616969394327
stage6_tumor_large_central_hard100kPa,1.975,2.267108448876779,0.687811925255
stage6_tumor_large_central_hard100kPa,2,2.9376033672345065,0.898572189147
stage6_tumor_large_central_hard100kPa,2.0250000000000004,2.976054190342054,0.908400755076
stage6_tumor_large_central_hard100kPa,2.0500000000000003,2.282438482683218,0.693312539587
stage6_tumor_large_central_hard100kPa,2.075,2.0057535300038425,0.605599497447
stage6_tumor_large_central_hard100kPa,2.1,2.5744802033813463,0.780877745965
stage6_tumor_large_central_hard100kPa,2.125,3.0425211535344,0.93491839955
stage6_tumor_large_central_hard100kPa,2.1500000000000004,2.7300957571822644,0.830822546103
stage6_tumor_large_central_hard100kPa,2.1750000000000003,2.1179288935649474,0.639500237449
stage6_tumor_large_central_hard100kPa,2.2,2.134249510542387,0.648429410184
