#  wavefront obj file written by the visualization toolkit

mtllib asym_manual_lobules.mtl

v 0 0.06413370370864868 0.02805119939148426
v 0 0.06694620102643967 0.02044999971985817
v -0.007910620421171188 0.06478320062160492 0.02530910074710846
v 0 0.0656500980257988 0.024291299283504486
v -0.003964509814977646 0.06601790338754654 0.02293279953300953
v -0.003962439950555563 0.0645747035741806 0.026728300377726555
v 0.004515820182859898 0.06556270271539688 0.02410689927637577
v 0.002260100096464157 0.06491109728813171 0.02610439993441105
v 0.0022599699441343546 0.06631480157375336 0.022298799827694893
v 0.007387400139123201 0.06694620102643967 0.01906909979879856
v 0.003757680067792535 0.06694620102643967 0.020101800560951233
v 0.005957010202109814 0.06631460040807724 0.021607600152492523
v -0.007387400139123201 0.06694620102643967 0.01906909979879856
v -0.003757680067792535 0.06694620102643967 0.020101800560951233
v -0.007657589856535196 0.06593859940767288 0.022213999181985855
v 0 0 0.07000000029802322
v 0 0.00809124018996954 0.06953079998493195
v -0.0049573201686143875 0.0052971201948821545 0.06962300091981888
v 0 0.004052420146763325 0.0698826014995575
v -0.0024807099252939224 0.006699719931930304 0.06963449716567993
v -0.0024820000398904085 0.002652130089700222 0.06990569829940796
v 0.005038680043071508 0.00511243985965848 0.06963100284337997
v 0.002522669965401292 0.002559599932283163 0.06990770250558853
v 0.0025215500500053167 0.006607620045542717 0.06964179873466492
v 0.00708178011700511 0 0.06964089721441269
v 0.003545440034940839 0 0.0699101984500885
v 0.006064920220524073 0.0025581999216228724 0.0696898028254509
v -0.00708178011700511 0 0.06964089721441269
v -0.003545440034940839 0 0.0699101984500885
v -0.006024559959769249 0.0026507601141929626 0.06968989968299866
v 0 0.06046139821410179 0.035276301205158234
v -0.007181710097938776 0.06176900118589401 0.03214050084352493
v 0 0.06240219995379448 0.03171699866652489
v -0.0035976399667561054 0.0630704015493393 0.03015270084142685
v -0.003596649970859289 0.0612138994038105 0.03376280143857002
v 0.006016179919242859 0.06126059964299202 0.033330898731946945
v 0.0030112098902463913 0.06092410162091255 0.03433920070528984
v 0.003013649955391884 0.06281310319900513 0.030747799202799797
v 0.008672099560499191 0.06360790133476257 0.02790760062634945
v 0.004344420041888952 0.06399419903755188 0.02803339995443821
v 0.007352009881287813 0.0625011995434761 0.03065210022032261
v 0.006599950138479471 0.06464389711618423 0.026030899956822395
v -0.007557020056992769 0.06336720287799835 0.028766199946403503
v 0 0.055978599935770035 0.04202859848737717
v -0.007015060167759657 0.05802420154213905 0.03852250054478645
v 0 0.058317799121141434 0.038717400282621384
v -0.0035134200006723404 0.05934229865670204 0.036961399018764496
v -0.0035134200006723404 0.05709709972143173 0.04034319892525673
v 0.007015060167759657 0.05802420154213905 0.03852250054478645
v 0.0035134200006723404 0.05709709972143173 0.04034319892525673
v 0.0035134200006723404 0.05934229865670204 0.036961399018764496
v -0.0071083297953009605 0.05998050048947334 0.035381000488996506
v 0.006522010080516338 0.059700898826122284 0.035962000489234924
v 0 0.05074530094861984 0.048217400908470154
v 0.006829920224845409 0.05310460180044174 0.045091599225997925
v 0 0.053451601415872574 0.045198798179626465
v 0.0034203699324280024 0.05200729891657829 0.04672839865088463
v 0.003420569933950901 0.054631300270557404 0.043631698936223984
v -0.00696401996538043 0.053181301802396774 0.044980600476264954
v -0.0034878000151365995 0.05467069894075394 0.04357689991593361
v -0.0034877900034189224 0.05204949900507927 0.04667630046606064
v -0.007001189980655909 0.05569539964199066 0.04182109981775284
v 0.006934420205652714 0.055660199373960495 0.04187909886240959
v 0 0.04483180120587349 0.053759798407554626
v -0.007015060167759657 0.04762779921293259 0.0508170984685421
v 0 0.04786879941821098 0.05107419937849045
v -0.0035134200006723404 0.04926919937133789 0.049600400030612946
v -0.0035134200006723404 0.04630750045180321 0.05237630009651184
v 0.0067554800771176815 0.047626201063394547 0.050853800028562546
v 0.0033830900210887194 0.04630209878087044 0.05238959938287735
v 0.0033831200562417507 0.049264099448919296 0.049614500254392624
v -0.007001140154898167 0.050488200038671494 0.04797840118408203
v 0.006803680211305618 0.050446800887584686 0.048050299286842346
v 0 0.03831719979643822 0.05858150124549866
v 0.006841049995273352 0.04152999818325043 0.05593260005116463
v 0 0.041644301265478134 0.05626500025391579
v 0.0034261399414390326 0.03998909890651703 0.0573510006070137
v 0.0034259799867868423 0.04324980080127716 0.05493370071053505
v -0.00656295008957386 0.042035698890686035 0.055587101727724075
v -0.0032860198989510536 0.04349390044808388 0.054749198257923126
v -0.0032870001159608364 0.040244098752737045 0.0571805015206337
v -0.006798409856855869 0.04489390179514885 0.053275901824235916
v 0.006809209939092398 0.04464989900588989 0.05347919836640358
v 0 0.0312890000641346 0.06261789798736572
v -0.007095799781382084 0.03490519896149635 0.0602600984275341
v 0 0.034861598163843155 0.06070150062441826
v -0.0035537800285965204 0.036671899259090424 0.05951929837465286
v -0.0035541600082069635 0.03315550088882446 0.06154739856719971
v 0.008151260204613209 0.0345476008951664 0.06033260002732277
v 0.0040842099115252495 0.032987598329782486 0.06160470098257065
v 0.004084359854459763 0.03651050105690956 0.05958440154790878
v -0.006842120084911585 0.03854219987988472 0.05803170055150986
v 0.00750953983515501 0.03810679912567139 0.05823640152812004
v 0 0.02384129911661148 0.0658148005604744
v -0.007803179789334536 0.027492599561810493 0.0639004036784172
v 0 0.027611399069428444 0.06432420015335083
v -0.003909269813448191 0.029448699206113815 0.06338369846343994
v -0.003909360151737928 0.025718100368976593 0.06498689949512482
v 0.0069387201219797134 0.027427000924944878 0.06402820348739624
v 0.00347504997625947 0.025676200166344643 0.0650281012058258
v 0.003475130070000887 0.029406800866127014 0.06342840194702148
v -0.007462580222636461 0.03125369921326637 0.06218940019607544
v 0.007557690143585205 0.03103950060904026 0.06228509917855263
v 0 0.01607399992644787 0.06812950223684311
v 0.007015060167759657 0.019890500232577324 0.06674689799547195
v 0 0.019991200417280197 0.06708469986915588
v 0.0035134200006723404 0.018012499436736107 0.06755150109529495
v 0.0035134200006723404 0.021902700886130333 0.0663921982049942
v -0.008122369647026062 0.01965790055692196 0.06669030338525772
v -0.004069940187036991 0.02179650031030178 0.06639540195465088
v -0.004069590009748936 0.017902899533510208 0.06754940003156662
v 0.0069883400574326515 0.02369759976863861 0.06549490243196487
v -0.007976880297064781 0.02361699938774109 0.06541109830141068
v 0.007240280043333769 0.011685100384056568 0.06863699853420258
v 0 0.012102900072932243 0.06894580274820328
v 0.0036262599751353264 0.009904890321195126 0.06920070201158524
v 0.0036267999093979597 0.013905099593102932 0.06850910186767578
v -0.006647179834544659 0.012608200311660767 0.06853359937667847
v -0.0033283799421042204 0.014361799694597721 0.06842999905347824
v -0.003329159924760461 0.01036710012704134 0.0691479966044426
v 0.007140600122511387 0.015816500410437584 0.06781479716300964
v -0.007395210210233927 0.016155799850821495 0.06770750135183334
v 0.006147169973701239 0.00840928964316845 0.06922060251235962
v -0.005810779985040426 0.00896579958498478 0.06917980313301086
v 0.013777099549770355 0.06694620102643967 0.015112699940800667
v 0.013831599615514278 0.06488189846277237 0.022338800132274628
v 0.010765500366687775 0.06694620102643967 0.01738700084388256
v 0.010624799877405167 0.06600920110940933 0.020733799785375595
v 0.013824299909174442 0.06600920110940933 0.018752800300717354
v 0.009194940328598022 0.06537319719791412 0.023276599124073982
v 0.018306100741028786 0.06694620102643967 0.009115359745919704
v 0.02056559920310974 0.06455910205841064 0.017583299428224564
v 0.016319500282406807 0.06694620102643967 0.012323900125920773
v 0.01719680055975914 0.06584999710321426 0.016372200101614
v 0.01947689987719059 0.06589149683713913 0.013377499766647816
v 0.01722859963774681 0.06483320146799088 0.01999579928815365
v 0.020362799987196922 0.06694620102643967 0.0018868900369852781
v 0.027484100311994553 0.0636172965168953 0.009872060269117355
v 0.019669299945235252 0.06694620102643967 0.005596410017460585
v 0.02295129932463169 0.06544210016727448 0.009517019614577293
v 0.02400049939751625 0.06549189984798431 0.005898400209844112
v 0.027079900726675987 0.062358200550079346 0.016677500680088997
v 0.023852000012993813 0.06353670358657837 0.017151499167084694
v 0.022783400490880013 0.06490969657897949 0.012947799637913704
v 0.027315499261021614 0.06306509673595428 0.013291100040078163
v 0.019669299945235252 0.06694620102643967 -0.005596410017460585
v 0.02460929937660694 0.06545250117778778 -0.0032175700180232525
v 0.020362799987196922 0.06694620102643967 -0.0018868900369852781
v 0.02251259982585907 0.06627769768238068 -0.0006661289953626692
v 0.02215760014951229 0.06625399738550186 -0.004410630092024803
v 0.028608499094843864 0.06385300308465958 0.002086560009047389
v 0.028090700507164 0.06383609771728516 0.005988779943436384
v 0.0245341993868351 0.06552939862012863 0.0019906701054424047
v 0.026640599593520164 0.06472989916801453 -0.0005661839968524873
v 0.016319500282406807 0.06694620102643967 -0.012323900125920773
v 0.02351979911327362 0.06488189846277237 -0.011711400002241135
v 0.018306100741028786 0.06694620102643967 -0.009115359745919704
v 0.0216256994754076 0.06600920110940933 -0.008666429668664932
v 0.019948400557041168 0.06600920110940933 -0.012035000137984753
v 0.02410989999771118 0.06528999656438828 -0.007478579878807068
v 0.010765500366687775 0.06694620102643967 -0.01738700084388256
v 0.01739729940891266 0.0654527023434639 -0.017699800431728363
v 0.013777099549770355 0.06694620102643967 -0.015112699940800667
v 0.01687229983508587 0.06625399738550186 -0.015024200081825256
v 0.014098100364208221 0.06627780199050903 -0.01756419986486435
v 0.020497100427746773 0.06529010087251663 -0.014733400195837021
v 0.003757680067792535 0.06694620102643967 -0.020101800560951233
v 0.007493529934436083 0.06450439989566803 -0.02613469958305359
v 0.007387400139123201 0.06694620102643967 -0.01906909979879856
v 0.009151319973170757 0.06588210165500641 -0.0218128003180027
v 0.005633709952235222 0.06582000106573105 -0.02315160073339939
v 0.01516059972345829 0.06414330005645752 -0.02357509918510914
v 0.012984800152480602 0.06565450131893158 -0.02051530033349991
v 0.011346000246703625 0.06443160027265549 -0.024896500632166862
v 0.01629609987139702 0.06486629694700241 -0.020659200847148895
v -0.003757680067792535 0.06694620102643967 -0.020101800560951233
v -1.2513200524431038e-16 0.06488189846277237 -0.026274299249053
v -9.739360189819807e-17 0.06694620102643967 -0.02044999971985817
v 0.0018815499497577548 0.06600920110940933 -0.02322150021791458
v -0.0018815499497577548 0.06600920110940933 -0.02322150021791458
v 0.0037521598860621452 0.06478630006313324 -0.026242200285196304
v -0.010765500366687775 0.06694620102643967 -0.01738700084388256
v -0.008157390169799328 0.06524679809808731 -0.024006500840187073
v -0.007387400139123201 0.06694620102643967 -0.01906909979879856
v -0.005963239818811417 0.06615979969501495 -0.02207529917359352
v -0.009474409744143486 0.06618689745664597 -0.020725099369883537
v -0.004086189903318882 0.06518390029668808 -0.025186600163578987
v -0.016319500282406807 0.06694620102643967 -0.012323900125920773
v -0.02103639952838421 0.06413149833679199 -0.018564000725746155
v -0.013777099549770355 0.06694620102643967 -0.015112699940800667
v -0.015947699546813965 0.06573159992694855 -0.018028300255537033
v -0.018711000680923462 0.0656547024846077 -0.015471200458705425
v -0.014626099728047848 0.06390850245952606 -0.024531099945306778
v -0.01272020023316145 0.0655532032251358 -0.020999299362301826
v -0.01786630041897297 0.06414569914340973 -0.021589800715446472
v -0.011404500342905521 0.06465010344982147 -0.024296000599861145
v -0.019669299945235252 0.06694620102643967 -0.005596410017460585
v -0.02431350015103817 0.06474210321903229 -0.010831399820744991
v -0.018306100741028786 0.06694620102643967 -0.009115359745919704
v -0.020353399217128754 0.06596370041370392 -0.011598699726164341
v -0.02202169969677925 0.06593479961156845 -0.008225229568779469
v -0.022716099396348 0.06455360352993011 -0.014724399894475937
v -0.020362799987196922 0.06694620102643967 0.0018868900369852781
v -0.02504190057516098 0.0652782991528511 -0.00341362995095551
v -0.020362799987196922 0.06694620102643967 -0.0018868900369852781
v -0.022376399487257004 0.06617370247840881 -0.004509210120886564
v -0.022732900455594063 0.06620139628648758 -0.0007643980206921697
v -0.024712899699807167 0.06510300189256668 -0.0071327099576592445
v -0.018306100741028786 0.06694620102643967 0.009115359745919704
v -0.025835899636149406 0.06451579928398132 0.00837961956858635
v -0.019669299945235252 0.06694620102643967 0.005596410017460585
v -0.0231453999876976 0.06586220115423203 0.005143499933183193
v -0.022106600925326347 0.06583719700574875 0.00876160990446806
v -0.028405899181962013 0.0639486014842987 0.0019182900432497263
v -0.024430299177765846 0.06557080149650574 0.0019061800558120012
v -0.027154600247740746 0.06431210041046143 0.005155359860509634
v -0.026752199977636337 0.0646819993853569 -0.0007484590169042349
v -0.013777099549770355 0.06694620102643967 0.015112699940800667
v -0.021381499245762825 0.06426630169153214 0.017682600766420364
v -0.016319500282406807 0.06694620102643967 0.012323900125920773
v -0.019889499992132187 0.06575749814510345 0.013429899699985981
v -0.01761149987578392 0.0657263994216919 0.016427699476480484
v -0.027542000636458397 0.06258369982242584 0.014990599825978279
v -0.02300569973886013 0.06499560177326202 0.012095900252461433
v -0.024491799995303154 0.06350290030241013 0.01635660044848919
v -0.02672329917550087 0.06363149732351303 0.011700100265443325
v -0.013412400148808956 0.06490640342235565 0.02252260036766529
v -0.010765500366687775 0.06694620102643967 0.01738700084388256
v -0.013615299947559834 0.06602609902620316 0.01884620077908039
v -0.010413800366222858 0.0660146027803421 0.020823700353503227
v -0.016791699454188347 0.0650561973452568 0.01964009925723076
v -0.019099000841379166 0.06470339745283127 0.018673500046133995
v -0.015297300182282925 0.06605710089206696 0.017391100525856018
v -0.01510970015078783 0.06501410156488419 0.021091999486088753
v -0.010671899653971195 0.06490790098905563 0.023939099162817
v 0.01409090030938387 0 0.06856709718704224
v 0.010749800130724907 0.0057576498948037624 0.06892959773540497
v 0.010599900037050247 0 0.0691927969455719
v 0.012434500269591808 0.0028820899315178394 0.06882639974355698
v 0.008926539681851864 0.002882289933040738 0.06936860084533691
v 0.007901010103523731 0.0054397000931203365 0.06933960318565369
v 0.02095540054142475 0 0.06678970158100128
v 0.017499100416898727 0.005770630203187466 0.06753130257129669
v 0.017545700073242188 0 0.06776539981365204
v 0.019249700009822845 0.0028886899817734957 0.06723909825086594
v 0.015813499689102173 0.00288871000520885 0.06812919676303864
v 0.014141599647700787 0.005771140102297068 0.06831330060958862
v 0.027604900300502777 0 0.06432700157165527
v 0.024100899696350098 0.005995249841362238 0.06544619798660278
v 0.024311399087309837 0 0.06564260274171829
v 0.025885600596666336 0.003001410048455 0.06496869772672653
v 0.022555600851774216 0.0030012698844075203 0.06619849801063538
v 0.020825499668717384 0.005890150088816881 0.06657029688358307
v 0.03397110104560852 0 0.061204299330711365
v 0.03051909990608692 0.005827189888805151 0.06272660195827484
v 0.0308276005089283 0 0.06284630298614502
v 0.032284799963235855 0.002917190082371235 0.06204180046916008
v 0.029095400124788284 0.0029169500339776278 0.06359989941120148
v 0.027343999594449997 0.00591856986284256 0.06416600197553635
v 0.03998880088329315 0 0.057453401386737823
v 0.036621998995542526 0.006088229827582836 0.05934450030326843
v 0.037027500569820404 0 0.05940509960055351
v 0.03835630044341087 0.0030481601133942604 0.05847650021314621
v 0.03533950075507164 0.003047809936106205 0.060347601771354675
v 0.03361240029335022 0.005965129937976599 0.06111159920692444
v 0.04559610038995743 0 0.053113099187612534
v 0.04251839965581894 0.006598060019314289 0.05521459877490997
v 0.0428473986685276 0 0.05535430088639259
v 0.04412189871072769 0.003303870093077421 0.05424340069293976
v 0.04131149873137474 0.0033036600798368454 0.0564131997525692
v 0.039622899144887924 0.006351590156555176 0.05735579878091812
v 0.05073549970984459 0 0.0482277013361454
v 0.0486426018178463 0.006898439954966307 0.049862898886203766
v 0.0482277013361454 0 0.05073549970984459
v 0.04975850135087967 0.0034540400374680758 0.04911379888653755
v 0.04720060154795647 0.003455169964581728 0.051576800644397736
v 0.045657701790332794 0.00675967987626791 0.0526277981698513
v 0.05535430088639259 0 0.0428473986685276
v 0.053172700107097626 0.004194159992039204 0.0453329011797905
v 0.053113099187612534 0 0.04559610038995743
v 0.05430300161242485 0.0020986099261790514 0.044122301042079926
v 0.05199639871716499 0.002098789904266596 0.04681840166449547
v 0.050970498472452164 0.005553150083869696 0.04765680059790611
v 0.05940509960055351 0 0.037027500569820404
v 0.05727500095963478 0.005956640001386404 0.039800599217414856
v 0.057453401386737823 0 0.03998880088329315
v 0.05841119959950447 0.0029819500632584095 0.03846089914441109
v 0.05638439953327179 0.0029820099007338285 0.04137520119547844
v 0.055295199155807495 0.005081960000097752 0.04262179881334305
v 0.06284630298614502 0 0.0308276005089283
v 0.06109720095992088 0.004139550030231476 0.033911701291799545
v 0.061204299330711365 0 0.03397110104560852
v 0.062018800526857376 0.0020713401027023792 0.032394200563430786
v 0.06029679998755455 0.0020713401027023792 0.03549649938941002
v 0.05926569923758507 0.005054879933595657 0.03690569847822189
v 0.06564260274171829 0 0.024311399087309837
v 0.06377919763326645 0.0052238102070987225 0.02837119996547699
v 0.06432700157165527 0 0.027604900300502777
v 0.06478910148143768 0.002615059958770871 0.02637309953570366
v 0.06336809694766998 0.0026141901034861803 0.029625199735164642
v 0.0625004991889 0.004686350002884865 0.031172500923275948
v 0.06776539981365204 0 0.017545700073242188
v 0.06617280095815659 0.007179520092904568 0.02167069911956787
v 0.06678970158100128 0 0.02095540054142475
v 0.06709089875221252 0.0035962900146842003 0.01964390091598034
v 0.06600680202245712 0.003595160087570548 0.023025600239634514
v 0.065066397190094 0.006210300140082836 0.02505579963326454
v 0.0691927969455719 0 0.010599900037050247
v 0.06829989701509476 0.005969230085611343 0.014124000445008278
v 0.06856709718704224 0 0.01409090030938387
v 0.06883219629526138 0.00298834010027349 0.012377399951219559
v 0.06811550259590149 0.002988249994814396 0.01585409976541996
v 0.06734459847211838 0.006584960035979748 0.017926199361681938
v 0.0699101984500885 0 0.003545440034940839
v 0.06932319700717926 0.006312820129096508 0.0073781199753284454
v 0.06964089721441269 0 0.00708178011700511
v 0.06971439719200134 0.0031608399003744125 0.005469440016895533
v 0.06934700161218643 0.0031604599207639694 0.009000579826533794
v 0.06889370083808899 0.0061483499594032764 0.010763900354504585
v 0.0699101984500885 0 -0.003545440034940839
v 0.06970559805631638 0.0063898297958076 0.0005506349843926728
v 0.07000000029802322 0 -1.5114499585942078e-16
v 0.06991080194711685 0.0031996199395507574 -0.0014996100217103958
v 0.06989680230617523 0.003198979888111353 0.0020506500732153654
v 0.06959749758243561 0.006358909886330366 0.0039691198617219925
v 0.0691927969455719 0 -0.010599900037050247
v 0.06928960233926773 0.007265670225024223 -0.006794559769332409
v 0.06964089721441269 0 -0.00708178011700511
v 0.06936030089855194 0.003639090107753873 -0.008712220005691051
v 0.0697133019566536 0.0036387599539011717 -0.005178430117666721
v 0.0695950984954834 0.00683732982724905 -0.0031263399869203568
v 0.06776539981365204 0 -0.017545700073242188
v 0.06823430210351944 0.006295300088822842 -0.014298800379037857
v 0.06856709718704224 0 -0.01409090030938387
v 0.06808739900588989 0.0031517099123448133 -0.015942800790071487
v 0.06880880147218704 0.0031520200427621603 -0.01246660016477108
v 0.06886450201272964 0.006790610030293465 -0.010562400333583355
v 0.06564260274171829 0 -0.024311399087309837
v 0.06653250008821487 0.006138250231742859 -0.02087469957768917
v 0.06678970158100128 0 -0.02095540054142475
v 0.06617250293493271 0.003073069965466857 -0.02262209914624691
v 0.06723520159721375 0.003073069965466857 -0.019234899431467056
v 0.06746289879083633 0.0062241097912192345 -0.01760750077664852
v 0.06284630298614502 0 -0.0308276005089283
v 0.06409289687871933 0.005966669879853725 -0.02750439941883087
v 0.06432700157165527 0 -0.027604900300502777
v 0.06354779750108719 0.0029870099388062954 -0.029201900586485863
v 0.0649477019906044 0.0029870099388062954 -0.02593979984521866
v 0.06539610028266907 0.006060190033167601 -0.02422039955854416
v 0.05940509960055351 0 -0.037027500569820404
v 0.06041070073843002 0.006696899887174368 -0.034723300486803055
v 0.061204299330711365 0 -0.03397110104560852
v 0.05998620018362999 0.0033528299536556005 -0.035922300070524216
v 0.061732400208711624 0.0033541000448167324 -0.032830700278282166
v 0.06235719844698906 0.006342510227113962 -0.031166499480605125
v 0.05535430088639259 0 -0.0428473986685276
v 0.05734049901366234 0.004387089982628822 -0.039910200983285904
v 0.057453401386737823 0 -0.03998880088329315
v 0.05639319866895676 0.0021953301038593054 -0.04141239821910858
v 0.058420199900865555 0.0021953301038593054 -0.0385001003742218
v 0.058938298374414444 0.0055478899739682674 -0.03735639899969101
v 0.05073549970984459 0 -0.0482277013361454
v 0.0534139983355999 0.005551230162382126 -0.044901300221681595
v 0.053113099187612534 0 -0.04559610038995743
v 0.05214010179042816 0.002779100090265274 -0.04662289842963219
v 0.05443809926509857 0.0027783699333667755 -0.04391780123114586
v 0.05543620139360428 0.00497444998472929 -0.04245090112090111
v 0.04559610038995743 0 -0.053113099187612534
v 0.047930799424648285 0.0069510601460933685 -0.05054029822349548
v 0.0482277013361454 0 -0.05073549970984459
v 0.04683569818735123 0.003480900079011917 -0.05190670117735863
v 0.049410801380872726 0.0034809999633580446 -0.04946170002222061
v 0.0507550984621048 0.006261350121349096 -0.047798700630664825
v 0.03998880088329315 0 -0.057453401386737823
v 0.042231399565935135 0.005861849989742041 -0.05551709979772568
v 0.0428473986685276 0 -0.05535430088639259
v 0.04115540161728859 0.00293414993211627 -0.05654750019311905
v 0.04397150129079819 0.0029347799718379974 -0.054386500269174576
v 0.04514849931001663 0.00641603022813797 -0.05310789868235588
v 0.03397110104560852 0 -0.061204299330711365
v 0.036701299250125885 0.005815479904413223 -0.05932280048727989
v 0.037027500569820404 0 -0.05940509960055351
v 0.03537670150399208 0.0029110698960721493 -0.06033249944448471
v 0.03839220106601715 0.0029113199561834335 -0.05845990031957626
v 0.039511799812316895 0.005845389794558287 -0.057486098259687424
v 0.027604900300502777 0 -0.06432700157165527
v 0.03067919984459877 0.0059148999862372875 -0.06264030188322067
v 0.0308276005089283 0 -0.06284630298614502
v 0.02917730063199997 0.0029610199853777885 -0.06356039643287659
v 0.032364699989557266 0.002961070043966174 -0.061997998505830765
v 0.03373099863529205 0.005872279871255159 -0.061055198311805725
v 0.02095540054142475 0 -0.06678970158100128
v 0.024217700585722923 0.006138250231742859 -0.06538979709148407
v 0.024311399087309837 0 -0.06564260274171829
v 0.022615600377321243 0.003073069965466857 -0.0661747008562088
v 0.025944599881768227 0.003073069965466857 -0.06494180113077164
v 0.027483100071549416 0.0060341800563037395 -0.06409580260515213
v 0.01409090030938387 0 -0.06856709718704224
v 0.01731939986348152 0.007308539934456348 -0.06742870062589645
v 0.017545700073242188 0 -0.06776539981365204
v 0.01573129929602146 0.003660359885543585 -0.06811109930276871
v 0.01917020045220852 0.003660540096461773 -0.06722430139780045
v 0.020796699449419975 0.00673252996057272 -0.06649939715862274
v 0.00708178011700511 0 -0.06964089721441269
v 0.009873390197753906 0.006143790204077959 -0.06902729719877243
v 0.010599900037050247 0 -0.0691927969455719
v 0.008487530052661896 0.0030755000188946724 -0.06941539794206619
v 0.011999200098216534 0.0030762699898332357 -0.06889519840478897
v 0.013616999611258507 0.00673638004809618 -0.06833150237798691
v -3.33375995003956e-16 0 -0.07000000029802322
v 0.0031812400557100773 0.005621539894491434 -0.06970129907131195
v 0.003545440034940839 0 -0.0699101984500885
v 0.0015923200407996774 0.002813769970089197 -0.06992530077695847
v 0.005137649830430746 0.002814129926264286 -0.06975450366735458
v 0.006534909829497337 0.005889509804546833 -0.06944499909877777
v -0.00708178011700511 0 -0.06964089721441269
v -0.003581380005925894 0.005652550142258406 -0.06967940181493759
v -0.003545440034940839 0 -0.0699101984500885
v -0.005337600130587816 0.0028294699732214212 -0.06973879784345627
v -0.0017927399603649974 0.002829520031809807 -0.06991980224847794
v -0.0002003029949264601 0.005643629934638739 -0.06977179646492004
v -0.01409090030938387 0 -0.06856709718704224
v -0.010559099726378918 0.006138250231742859 -0.06892620027065277
v -0.010599900037050247 0 -0.0691927969455719
v -0.012340799905359745 0.003073069965466857 -0.06883499771356583
v -0.008831780403852463 0.003073069965466857 -0.06937260180711746
v -0.007079190108925104 0.005902859847992659 -0.06939049810171127
v -0.02095540054142475 0 -0.06678970158100128
v -0.01747809909284115 0.006138250231742859 -0.0675043985247612
v -0.017545700073242188 0 -0.06776539981365204
v -0.01924150064587593 0.003073069965466857 -0.06723330169916153
v -0.015804799273610115 0.003073069965466857 -0.06812319904565811
v -0.01403649989515543 0.006146079860627651 -0.06830230355262756
v -0.027604900300502777 0 -0.06432700157165527
v -0.023850299417972565 0.006290759891271591 -0.06551019847393036
v -0.024311399087309837 0 -0.06564260274171829
v -0.025763800367712975 0.0031498100142925978 -0.06500999629497528
v -0.022431299090385437 0.003149369964376092 -0.0662337988615036
v -0.020687799900770187 0.006221590097993612 -0.06658309698104858
v -0.03397110104560852 0 -0.061204299330711365
v -0.030946500599384308 0.0072517697699368 -0.062367700040340424
v -0.0308276005089283 0 -0.06284630298614502
v -0.03251120075583458 0.0036317401099950075 -0.06188569962978363
v -0.0293262992054224 0.0036321498919278383 -0.06345690041780472
v -0.027441199868917465 0.006781859789043665 -0.06403890252113342
v -0.03998880088329315 0 -0.057453401386737823
v -0.03757470101118088 0.00629250006750226 -0.05872439965605736
v -0.037027500569820404 0 -0.05940509960055351
v -0.038828298449516296 0.0031500300392508507 -0.05815869942307472
v -0.03582660108804703 0.0031509699765592813 -0.06005439907312393
v -0.03431149944663048 0.006782200187444687 -0.0606359988451004
v -0.04559610038995743 0 -0.053113099187612534
v -0.043148498982191086 0.006122009828686714 -0.05477889999747276
v -0.0428473986685276 0 -0.05535430088639259
v -0.04442470148205757 0.0030646200757473707 -0.05400979891419411
v -0.0416266992688179 0.003065279917791486 -0.056194499135017395
v -0.04040969908237457 0.006214649882167578 -0.05681930109858513
v -0.05073549970984459 0 -0.0482277013361454
v -0.048041898757219315 0.006138250231742859 -0.050540100783109665
v -0.0482277013361454 0 -0.05073549970984459
v -0.049452200531959534 0.003073069965466857 -0.049447301775217056
v -0.04687919840216637 0.003073069965466857 -0.051893200725317
v -0.04564400017261505 0.006136689800769091 -0.05271590128540993
v -0.05535430088639259 0 -0.0428473986685276
v -0.05178210139274597 0.0051160999573767185 -0.04682350158691406
v -0.053113099187612534 0 -0.04559610038995743
v -0.05364320054650307 0.002561629982665181 -0.044898200780153275
v -0.05129709839820862 0.002559959888458252 -0.047561101615428925
v -0.049948800355196 0.0056313201785087585 -0.04871769994497299
v -0.05940509960055351 0 -0.037027500569820404
v -0.05786199867725372 0.004770809784531593 -0.03910529986023903
v -0.057453401386737823 0 -0.03998880088329315
v -0.05867769941687584 0.002387200016528368 -0.03809500113129616
v -0.056670401245355606 0.002388030057772994 -0.041021499782800674
v -0.05474729835987091 0.007800130173563957 -0.04291730001568794
v -0.05513700097799301 0.003906169906258583 -0.04294950142502785
v -0.05635270103812218 0.006290839985013008 -0.041046299040317535
v -0.05330720171332359 0.006463270168751478 -0.04490619897842407
v -0.06284630298614502 0 -0.0308276005089283
v -0.06083780154585838 0.005667020101100206 -0.0341561995446682
v -0.061204299330711365 0 -0.03397110104560852
v -0.06191670149564743 0.002836930099874735 -0.03253110125660896
v -0.06018659844994545 0.0028365799225866795 -0.035630401223897934
v -0.05940169841051102 0.0052234698086977005 -0.03666270151734352
v -0.06564260274171829 0 -0.024311399087309837
v -0.06394249945878983 0.00628243014216423 -0.027782900258898735
v -0.06432700157165527 0 -0.027604900300502777
v -0.06488270312547684 0.0031455799471586943 -0.02608340047299862
v -0.06347530335187912 0.0031452199909836054 -0.02934259921312332
v -0.062470901757478714 0.00598245020955801 -0.031009599566459656
v -0.06776539981365204 0 -0.017545700073242188
v -0.06646139919757843 0.0062176198698580265 -0.02107669971883297
v -0.06678970158100128 0 -0.02095540054142475
v -0.06720399856567383 0.0031130099669098854 -0.01933719962835312
v -0.06613609939813614 0.0031127699185162783 -0.022722899913787842
v -0.0652875006198883 0.006258219946175814 -0.02446180023252964
v -0.0691927969455719 0 -0.010599900037050247
v -0.06832169741392136 0.0058431802317500114 -0.014071599580347538
v -0.06856709718704224 0 -0.01409090030938387
v -0.06883969902992249 0.0029250900261104107 -0.012350600212812424
v -0.06812439858913422 0.0029250599909573793 -0.015827400609850883
v -0.06748230010271072 0.006038520019501448 -0.017597800120711327
v -0.0699101984500885 0 -0.003545440034940839
v -0.06939350068569183 0.005899710115045309 -0.007052840199321508
v -0.06964089721441269 0 -0.00708178011700511
v -0.06973610073328018 0.002953419927507639 -0.00530555984005332
v -0.069377101957798 0.002953429939225316 -0.008837089873850346
v -0.06894630193710327 0.005879010073840618 -0.010575800202786922
v -0.0699101984500885 0 0.003545440034940839
v -0.06973040103912354 0.006138250231742859 2.349229997342041e-16
v -0.07000000029802322 0 2.3583199843550597e-16
v -0.06990999728441238 0.003073069965466857 0.0017750000115484
v -0.06990999728441238 0.003073069965466857 -0.0017750000115484
v -0.06965059787034988 0.006026660092175007 -0.0035309200175106525
v -0.0691927969455719 0 0.010599900037050247
v -0.06938000023365021 0.00634184991940856 0.006797099951654673
v -0.06964089721441269 0 0.00708178011700511
v -0.06938330084085464 0.003175359917804599 0.008710689842700958
v -0.06973599642515182 0.0031750600319355726 0.005178019870072603
v -0.06963759660720825 0.00624745013192296 0.003402580041438341
v -0.06776539981365204 0 0.017545700073242188
v -0.0680956020951271 0.007335179951041937 0.014463299885392189
v -0.06856709718704224 0 0.01409090030938387
v -0.06804060190916061 0.003673539962619543 0.01603039912879467
v -0.0687670037150383 0.003674149978905916 0.01255400013178587
v -0.06884569674730301 0.006849249824881554 0.010646900162100792
v -0.06564260274171829 0 0.024311399087309837
v -0.06658320128917694 0.005571859888732433 0.02087170071899891
v -0.06678970158100128 0 0.02095540054142475
v -0.06618689745664597 0.002789050107821822 0.022616799920797348
v -0.06724900007247925 0.002789030084386468 0.019230099394917488
v -0.06741940230131149 0.006461179815232754 0.01768849976360798
v -0.06284630298614502 0 0.0308276005089283
v -0.06420920044183731 0.007190810050815344 0.02693450078368187
v -0.06432700157165527 0 0.027604900300502777
v -0.06363940238952637 0.003601720090955496 0.02893180027604103
v -0.06502660363912582 0.00360097992233932 0.025662699714303017
v -0.06547140330076218 0.0063886698335409164 0.02393059991300106
v -0.05940509960055351 0 0.037027500569820404
v -0.060978200286626816 0.006014760117977858 0.033844999969005585
v -0.061204299330711365 0 0.03397110104560852
v -0.06026669964194298 0.003011130029335618 0.035480398684740067
v -0.061989400535821915 0.003011130029335618 0.032376598566770554
v -0.06268899887800217 0.006612840108573437 0.03043610043823719
v -0.05535430088639259 0 0.0428473986685276
v -0.057256098836660385 0.0057161301374435425 0.03986309841275215
v -0.057453401386737823 0 0.03998880088329315
v -0.05637019872665405 0.002861370099708438 0.04140299931168556
v -0.05839819833636284 0.002861380111426115 0.038489799946546555
v -0.059192899614572525 0.0058729699812829494 0.03690129891037941
v -0.05073549970984459 0 0.0482277013361454
v -0.052922699600458145 0.00576735008507967 0.04545250162482262
v -0.053113099187612534 0 0.04559610038995743
v -0.05188969895243645 0.002887049922719598 0.046894799917936325
v -0.05420209839940071 0.002887059934437275 0.0442017987370491
v -0.0551597997546196 0.005749079864472151 0.04271230101585388
v -0.04559610038995743 0 0.053113099187612534
v -0.04802599921822548 0.00609176978468895 0.05056079849600792
v -0.0482277013361454 0 0.05073549970984459
v -0.04687029868364334 0.0030497401021420956 0.05190249904990196
v -0.049443699419498444 0.0030497699044644833 0.04945719987154007
v -0.05053909868001938 0.005937169771641493 0.048068199306726456
v -0.03998880088329315 0 0.057453401386737823
v -0.042651399970054626 0.0057248398661613464 0.05520949885249138
v -0.0428473986685276 0 0.05535430088639259
v -0.04136750102043152 0.002865710062906146 0.05639610067009926
v -0.0441754013299942 0.002865779912099242 0.05422469973564148
v -0.045397400856018066 0.0059159598313272 0.05295360088348389
v -0.03397110104560852 0 0.061204299330711365
v -0.03686340153217316 0.006121819838881493 0.059191301465034485
v -0.037027500569820404 0 0.05940509960055351
v -0.03546249866485596 0.0030648100655525923 0.06027450039982796
v -0.03847549855709076 0.0030648401007056236 0.05839730054140091
v -0.039807699620723724 0.005930829793214798 0.05727279931306839
v -0.027604900300502777 0 0.06432700157165527
v -0.030914099887013435 0.00603133998811245 0.06251350045204163
v -0.0308276005089283 0 0.06284630298614502
v -0.029297400265932083 0.003019569907337427 0.06350229680538177
v -0.032481998205184937 0.0030193300917744637 0.06193390116095543
v -0.0339290015399456 0.006083790212869644 0.060924600809812546
v -0.02095540054142475 0 0.06678970158100128
v -0.02445870079100132 0.00614805007353425 0.06529910117387772
v -0.024311399087309837 0 0.06564260274171829
v -0.022737400606274605 0.0030781300738453865 0.06613270193338394
v -0.026064099743962288 0.003077849978581071 0.0648937001824379
v -0.027721399441361427 0.006097389850765467 0.06398709863424301
v -0.01409090030938387 0 0.06856709718704224
v -0.01773799955844879 0.006086320150643587 0.06744120270013809
v -0.017545700073242188 0 0.06776539981365204
v -0.015935499221086502 0.0030471798963844776 0.06809390336275101
v -0.01937039941549301 0.0030468800105154514 0.06719750165939331
v -0.021125199273228645 0.006124959792941809 0.06645459681749344
v -0.010742000304162502 0.005911009851843119 0.06891780346632004
v -0.010599900037050247 0 0.0691927969455719
v -0.008923020213842392 0.002959189936518669 0.06936589628458023
v -0.012431100010871887 0.0029589999467134476 0.06882379949092865
v -0.01425859984010458 0.006006509996950626 0.06826870143413544
v -0.007856540381908417 0.00560898007825017 0.06933119893074036
v -0.013588299974799156 0.04958390071988106 0.04750579968094826
v -0.010292699560523033 0.05146560072898865 0.04631790146231651
v -0.010316899977624416 0.048677898943424225 0.0492343008518219
v -0.013215700164437294 0.04417229816317558 0.0526701994240284
v -0.013421200215816498 0.046945299953222275 0.05015980079770088
v -0.010129299946129322 0.04596320167183876 0.05181489884853363
v -0.00990383978933096 0.043167199939489365 0.054207999259233475
v -0.06325720250606537 0.014477799646556377 0.0262473002076149
v -0.0658280998468399 0.011892899870872498 0.02062080055475235
v -0.06382200121879578 0.01084940042346716 0.026628000661730766
v -0.06461679935455322 0.013200500048696995 0.023460999131202698
v -0.06512609869241714 0.009557629935443401 0.023816900327801704
v -0.06166030094027519 0.011284500360488892 0.031155500560998917
v -0.06300079822540283 0.009247349575161934 0.0290754996240139
v -0.06251750141382217 0.01289329957216978 0.02872839942574501
v -0.06137479841709137 0.008657470345497131 0.03252970054745674
v -0.06627430021762848 0.008741449564695358 0.020767800509929657
v 0.012800999917089939 0.044381700456142426 0.052596598863601685
v 0.00983474962413311 0.04301600158214569 0.05434060096740723
v 0.009790739975869656 0.0460629016160965 0.05179139971733093
v 0.012922899797558784 0.05013050138950348 0.047116201370954514
v 0.00985386036336422 0.048951201140880585 0.04905800148844719
v 0.009889059700071812 0.05168360099196434 0.04616289958357811
v 0.012882700189948082 0.04733230173587799 0.04993680119514465
v 0.060679201036691666 0.010019400157034397 0.033431198447942734
v 0.062321800738573074 0.00763292983174324 0.03094719909131527
v 0.060942601412534714 0.007085780147463083 0.03370150178670883
v 0.06364469975233078 0.010964999906718731 0.027002299204468727
v 0.06376869976520538 0.00810163002461195 0.027711400762200356
v 0.06224299967288971 0.010505899786949158 0.030256200581789017
v 0.06499020010232925 0.009083679877221584 0.02436709962785244
v -0.06809650361537933 0.012299399822950363 -0.010563500225543976
v -0.0688415989279747 0.009112359955906868 -0.008820540271699429
v -0.06830330193042755 0.009083840064704418 -0.012334500439465046
v -0.06905510276556015 0.010820100083947182 -0.0037837401032447815
v -0.06945779919624329 0.008487099781632423 -0.0018936400301754475
v -0.06928619742393494 0.008367359638214111 -0.005423130001872778
v -0.06866180151700974 0.011574200354516506 -0.007182610221207142
v 0.06811410188674927 0.014756499789655209 -0.006535899825394154
v 0.06795600056648254 0.01187520008534193 -0.011873000301420689
v 0.06880290061235428 0.011027299799025059 -0.006675039883702993
v 0.0687083974480629 0.009582369588315487 -0.009345419704914093
v 0.0680989995598793 0.01332829985767603 -0.00921311043202877
v 0.06894499808549881 0.012059399858117104 -0.0010782999452203512
v 0.06859560310840607 0.013420799747109413 -0.0038107798900455236
v 0.0692157968878746 0.00967628974467516 -0.003942039795219898
v 0.06938789784908295 0.009232929907739162 -0.00026407200493849814
v 0.06815960258245468 0.009093860164284706 -0.01309830043464899
v -0.019811799749732018 0.01290419977158308 -0.06588610261678696
v -0.021864699199795723 0.00961226038634777 -0.06579919904470444
v -0.018670599907636642 0.009534340351819992 -0.0667869970202446
v -0.026152199134230614 0.011759099550545216 -0.06385750323534012
v -0.025025499984622 0.009033669717609882 -0.06474660336971283
v -0.02300879918038845 0.012346000410616398 -0.06494739651679993
v -0.028582600876688957 0.009516480378806591 -0.06318599730730057
v 0.022160200402140617 0.01132350042462349 -0.06542710214853287
v 0.01976180076599121 0.009326370432972908 -0.06650180369615555
v 0.023207399994134903 0.008737790398299694 -0.06546039879322052
v 0.02725120075047016 0.012101800180971622 -0.06333179771900177
v 0.025766700506210327 0.009131469763815403 -0.06444139778614044
v 0.0290025994181633 0.009019999764859676 -0.06306730210781097
v 0.02472520060837269 0.01172189973294735 -0.06443029642105103
v 0.04649319872260094 0.014171300455927849 -0.0503741018474102
v 0.051452599465847015 0.01200489979237318 -0.04591849818825722
v 0.04727749899029732 0.010575800202786922 -0.05052709951996803
v 0.04903440177440643 0.013104500249028206 -0.04820679873228073
v 0.04976709932088852 0.009492370299994946 -0.04830250144004822
v 0.043572600930929184 0.010976999998092651 -0.053674399852752686
v 0.04580429941415787 0.008974360302090645 -0.05216730013489723
v 0.04506700113415718 0.012583700008690357 -0.05206359922885895
v 0.052495699375867844 0.008788519538939 -0.04546390101313591
v 0.0429362989962101 0.008426190353929996 -0.05463949963450432
v -0.05030040070414543 0.011553100310266018 -0.04729060083627701
v -0.04572730138897896 0.010822799988090992 -0.05188339948654175
v -0.049227599054574966 0.0088558504357934 -0.048971500247716904
v -0.04806600138545036 0.011200100183486938 -0.049640901386737823
v -0.04691940173506737 0.008486810140311718 -0.05124979838728905
v -0.05109839886426926 0.008343949913978577 -0.047109801322221756
v -0.04447999969124794 0.008480420336127281 -0.053381700068712234
v 0.0050050499849021435 0.06124290078878403 -0.03353000059723854
v 0.006260720081627369 0.06298869848251343 -0.0298870000988245
v 0.0025083499494940042 0.06320919841527939 -0.02997180074453354
v -0.00931605976074934 0.06226639822125435 -0.030595900490880013
v -0.0016542599769309163 0.06174449995160103 -0.03293750062584877
v -0.004671430215239525 0.06375709921121597 -0.028516899794340134
v -0.0008283350034616888 0.06340540200471878 -0.029649000614881516
v -0.00549420015886426 0.06210770085453987 -0.03181910142302513
v -0.00874869991093874 0.06384400278329849 -0.027338700369000435
v 0.0016773199895396829 0.06156430020928383 -0.033271901309490204
v -0.02849460020661354 0.06223370134830475 -0.014663799665868282
v -0.02481270022690296 0.0633028969168663 -0.01664550043642521
v -0.026429999619722366 0.06355030089616776 -0.012760099954903126
v -0.03083150088787079 0.06256180256605148 -0.005953059997409582
v -0.02762259915471077 0.06376759707927704 -0.00840750988572836
v -0.02797050029039383 0.06399740278720856 -0.004689009860157967
v -0.02972489967942238 0.06252779811620712 -0.010329900309443474
v 0.02249939925968647 0.06269869953393936 -0.02150930091738701
v 0.02960750088095665 0.060698501765728 -0.018414199352264404
v 0.023069599643349648 0.0639566034078598 -0.016653699800372124
v 0.026631299406290054 0.06295020133256912 -0.015101199969649315
v 0.026096099987626076 0.0617997981607914 -0.019994499161839485
v 0.019972899928689003 0.0641544982790947 -0.019628699868917465
v 0.030425699427723885 0.06285089999437332 -0.004903010092675686
v 0.031759899109601974 0.061268001794815063 -0.011727499775588512
v 0.027040500193834305 0.06402699649333954 -0.008328109979629517
v 0.031133199110627174 0.06214020028710365 -0.008326060138642788
v 0.02769709937274456 0.06320569664239883 -0.011743700131773949
v 0.02754800021648407 0.06422290205955505 -0.004064800217747688
v 0.03072270005941391 0.06106070056557655 -0.01508999988436699
v -0.024985499680042267 0.0611116997897625 0.02326120063662529
v -0.02631549909710884 0.06196970120072365 0.019163599237799644
v -0.02321550063788891 0.06277559697628021 0.020500199869275093
v -0.018760500475764275 0.06288839876651764 0.024353599175810814
v -0.021897099912166595 0.06206829845905304 0.02383360080420971
v -0.020098300650715828 0.06366389989852905 0.021046699956059456
v -0.01779009960591793 0.06402260065078735 0.02201410010457039
v 0.022239599376916885 0.06185520067811012 0.024069199338555336
v 0.021431200206279755 0.06329149752855301 0.020854000002145767
v 0.024709200486540794 0.06223120167851448 0.02041419968008995
v 0.018073899671435356 0.06350290030241013 0.023253200575709343
v -0.03957140073180199 0.010322299785912037 0.05681160092353821
v -0.03824729844927788 0.008228519931435585 0.05804679915308952
v -0.04114620015025139 0.008030399680137634 0.05605800077319145
v -0.04422980174422264 0.01147450041025877 0.0530289001762867
v -0.04348529875278473 0.008608509786427021 0.05417490005493164
v -0.04618620127439499 0.008794230408966541 0.051860298961400986
v -0.0419405996799469 0.010908800177276134 0.05497260019183159
v 0.044202301651239395 0.013963799923658371 0.05245159938931465
v 0.04343210160732269 0.01029799971729517 0.053922198712825775
v 0.04651309922337532 0.010451500304043293 0.05125720053911209
v 0.038488298654556274 0.012666299939155579 0.05708080157637596
v 0.04140419885516167 0.013334100134670734 0.05484430119395256
v 0.04056189954280853 0.009646129794418812 0.05622889846563339
v 0.03760489821434021 0.009389719925820827 0.058289799839258194
v 0.058534301817417145 0.014269599691033363 -0.03563870117068291
v 0.05612320080399513 0.009928200393915176 -0.040640100836753845
v 0.059566300362348557 0.010499799624085426 -0.03523650020360947
v 0.058361999690532684 0.008326119743287563 -0.03774319961667061
v 0.05740150064229965 0.012114199809730053 -0.03818780183792114
v 0.06212940067052841 0.012144699692726135 -0.02987390011548996
v 0.06041000038385391 0.01322420034557581 -0.03279870003461838
v 0.061358001083135605 0.009434330277144909 -0.03234490007162094
v 0.056779298931360245 0.007163629867136478 -0.04030879959464073
v 0.06318800151348114 0.009066719561815262 -0.028724100440740585
v -0.061264101415872574 0.011983700096607208 -0.03167179971933365
v -0.06269100308418274 0.00914585031569004 -0.02976899966597557
v -0.06112309917807579 0.008835780434310436 -0.03295290097594261
v -0.05794009938836098 0.01036479976028204 -0.03788819909095764
v -0.05968179926276207 0.011189199984073639 -0.03482649847865105
v -0.05945629999041557 0.008025010116398335 -0.03606310114264488
v -0.057949498295784 0.007574149873107672 -0.03852900117635727
v -0.00047719900612719357 0.0101410998031497 -0.0692598968744278
v -0.0020308399107307196 0.007902880199253559 -0.06952279806137085
v 0.0013531900476664305 0.007888180203735828 -0.06954099982976913
v 0.00534598995000124 0.011723699979484081 -0.06880389899015427
v 0.00426826998591423 0.008682089857757092 -0.0693281963467598
v 0.007619739975780249 0.008945549838244915 -0.06900659948587418
v 0.002436670009046793 0.01094259973615408 -0.06909649819135666
v -0.01430710032582283 0.03130770102143288 0.060951899737119675
v -0.010719300247728825 0.03316180035471916 0.06070740148425102
v -0.011073700152337551 0.029449399560689926 0.06253080070018768
v -0.013332000002264977 0.038245901465415955 0.057092100381851196
v -0.01022959966212511 0.03663169965147972 0.05876630172133446
v -0.013842100277543068 0.034833699464797974 0.0591185986995697
v -0.00996335968375206 0.04020490124821663 0.05642959848046303
v 0.017079399898648262 0.03409690037369728 0.05869999900460243
v 0.01315779983997345 0.02976970002055168 0.06197290122509003
v 0.012641999870538712 0.034394800662994385 0.05964209884405136
v 0.010668300092220306 0.032200198620557785 0.06123179942369461
v 0.015135999768972397 0.03196990117430687 0.06040550023317337
v 0.012683199718594551 0.03897919878363609 0.05674289911985397
v 0.014899199828505516 0.03658189997076988 0.05779080092906952
v 0.010431399568915367 0.03681330010294914 0.05861710011959076
v 0.01006069965660572 0.02863370068371296 0.06307850033044815
v 0.009772440418601036 0.04029709845781326 0.056397199630737305
v -0.013870500028133392 0.05916899815201759 0.03473680093884468
v -0.010541800409555435 0.060559000819921494 0.033488400280475616
v -0.01045950036495924 0.058690398931503296 0.03668830171227455
v -0.013785299845039845 0.054899901151657104 0.041182201355695724
v -0.013849100098013878 0.057121600955724716 0.038017500191926956
v -0.010416899807751179 0.056552499532699585 0.03991619870066643
v -0.01039160043001175 0.05412890017032623 0.04315179958939552
v 0.012912100180983543 0.05526930093765259 0.04097039997577667
v 0.009885810315608978 0.05426819995045662 0.04309559985995293
v 0.009975889697670937 0.05671679973602295 0.03979559987783432
v 0.011866199783980846 0.059492699801921844 0.034925900399684906
v 0.009449940174818039 0.05881639942526817 0.03676040098071098
v 0.012406700290739536 0.05746240168809891 0.038001999258995056
v 0.008950299583375454 0.06043810024857521 0.03416319936513901
v 0.020624099299311638 0.012399300001561642 0.06573359668254852
v 0.02239290066063404 0.009209760464727879 0.06567910313606262
v 0.01908930018544197 0.009098179638385773 0.06672950088977814
v 0.026766499504446983 0.010980299673974514 0.06374160200357437
v 0.025456400588154793 0.008495340123772621 0.06465139985084534
v 0.02372170053422451 0.01170289982110262 0.0648099035024643
v 0.02867330051958561 0.008412700146436691 0.06330139935016632
v -0.021692100912332535 0.013040400110185146 0.06526409834623337
v -0.023107899352908134 0.009607769548892975 0.06537369638681412
v -0.019749699160456657 0.009580190293490887 0.06646929681301117
v -0.027713099494576454 0.01110180001705885 0.06331460177898407
v -0.024730199947953224 0.01208459958434105 0.06436129659414291
v -0.026111900806427002 0.00863352045416832 0.06437099725008011
v -0.029340999200940132 0.008574560284614563 0.06297290325164795
v 0.03874190151691437 0.011256500147283077 -0.05720449984073639
v 0.03775849938392639 0.008544320240616798 -0.05832060053944588
v 0.040532298386096954 0.008568819612264633 -0.056424401700496674
v 0.03316330164670944 0.011692499741911888 -0.06052669882774353
v 0.031957101076841354 0.008813579566776752 -0.06165270134806633
v 0.034975599497556686 0.00876483041793108 -0.059999000281095505
v 0.035991501063108444 0.0114869000390172 -0.05892930179834366
v -0.04089859873056412 0.013100000098347664 -0.05527840182185173
v -0.03930610045790672 0.00971341971307993 -0.057102300226688385
v -0.042081501334905624 0.009624259546399117 -0.05510459840297699
v -0.035504300147295 0.011857599951326847 -0.059151001274585724
v -0.038245998322963715 0.012493399903178215 -0.05728140100836754
v -0.03657250106334686 0.009083270095288754 -0.058991000056266785
v -0.03326980024576187 0.009567479602992535 -0.06084059923887253
v -0.006898319814354181 0.012143299914896488 -0.06859269738197327
v -0.008739770390093327 0.009152369573712349 -0.06884659826755524
v -0.005247119814157486 0.008910289965569973 -0.06923200190067291
v -0.013630099594593048 0.010828100144863129 -0.06780099868774414
v -0.012104700319468975 0.008490270003676414 -0.06842070072889328
v -0.010276700370013714 0.011499700136482716 -0.06827989965677261
v -0.015568699687719345 0.008491179905831814 -0.06771639734506607
v -0.06439390033483505 0.013143300078809261 -0.024097200483083725
v -0.06553030014038086 0.009695660322904587 -0.022622400894761086
v -0.064268097281456 0.009727990254759789 -0.025980399921536446
v -0.06696099787950516 0.010716300457715988 -0.017360400408506393
v -0.06676959991455078 0.008474360220134258 -0.0192354004830122
v -0.0657745972275734 0.01194739993661642 -0.020759500563144684
v -0.06770429760217667 0.008287429809570312 -0.0157306008040905
v 0.06635750085115433 0.012857000343501568 -0.018203899264335632
v 0.06653379648923874 0.009510310366749763 -0.019565399736166
v 0.06740230321884155 0.009591279551386833 -0.016277000308036804
v 0.06482390314340591 0.010749099776148796 -0.024131299927830696
v 0.06573650240898132 0.008451170288026333 -0.022523000836372375
v 0.0656609982252121 0.011815699748694897 -0.021190300583839417
v 0.06451570242643356 0.008365309797227383 -0.025840800255537033
v 0.06857369840145111 0.013194399885833263 0.0048529100604355335
v 0.06904420256614685 0.009767130017280579 0.0061240000650286674
v 0.0692564994096756 0.009808650240302086 0.0027063400484621525
v 0.06824459880590439 0.011077200062572956 0.010952799580991268
v 0.06848230212926865 0.012148699723184109 0.007911290042102337
v 0.06884829699993134 0.008703149855136871 0.009174030274152756
v 0.06833530217409134 0.008531089872121811 0.012550000101327896
v 0.03502589836716652 0.05875609815120697 0.014863000251352787
v 0.031115999445319176 0.06068019941449165 0.015802299603819847
v 0.03133939951658249 0.061351899057626724 0.012400900013744831
v 0.03285299986600876 0.06129100173711777 0.008005499839782715
v 0.03019759990274906 0.06251440197229385 0.008947390131652355
v 0.030777599662542343 0.06266739964485168 0.005053719971328974
v 0.03398989886045456 0.06011280044913292 0.011451300233602524
v 0.03170349821448326 0.059263501316308975 0.019563499838113785
v 0.02942119911313057 0.060871899127960205 0.018138699233531952
v 0.033393099904060364 0.059060100466012955 0.0172278992831707
v 0.028888599947094917 0.059128500521183014 0.023859400302171707
v 0.02559790015220642 0.06057180091738701 0.02399599924683571
v 0.028031000867486 0.060844700783491135 0.02030229941010475
v 0.03031649999320507 0.05923590064048767 0.021726099774241447
v -0.06873109936714172 0.012970799580216408 0.002791560022160411
v -0.06916219741106033 0.009671240113675594 0.004801739938557148
v -0.06932889670133591 0.00956807006150484 0.001397760002873838
v -0.06832510232925415 0.01187289971858263 0.009524810127913952
v -0.06892140209674835 0.009116459637880325 0.00816912017762661
v -0.06860990077257156 0.01243670005351305 0.006165539845824242
v -0.06828880310058594 0.009615070186555386 0.012007899582386017
v -0.032210201025009155 0.061640799045562744 0.007931750267744064
v -0.029059499502182007 0.06315749883651733 0.008165920153260231
v -0.029931500554084778 0.06222749873995781 0.011482399888336658
v -0.03035140037536621 0.06288459897041321 0.004932070150971413
v -0.03502580150961876 0.05875619873404503 0.014862899668514729
v -0.033673301339149475 0.06029750034213066 0.011416099965572357
v -0.031340498477220535 0.06077960133552551 0.01495369989424944
v -0.03199340030550957 0.05833100154995918 0.021769599989056587
v -0.033558499068021774 0.05862899869680405 0.01834299974143505
v -0.029831599444150925 0.06058710068464279 0.018419500440359116
v -0.028532400727272034 0.05981159955263138 0.022549400106072426
v -0.058118999004364014 0.011863700114190578 0.03716760128736496
v -0.05775510147213936 0.008800179697573185 0.038560498505830765
v -0.0596298985183239 0.008951419964432716 0.03555480018258095
v -0.05464300140738487 0.01028130017220974 0.042525701224803925
v -0.053826700896024704 0.008030840195715427 0.04402489960193634
v -0.05599920079112053 0.008005799725651741 0.04123099893331528
v -0.05644340068101883 0.011084700003266335 0.039890799671411514
v 0.05908070132136345 0.008002029731869698 0.0366801992058754
v 0.05691400170326233 0.01152110006660223 0.03909049928188324
v 0.05886939913034439 0.010783599689602852 0.03630580008029938
v 0.05714059993624687 0.008745909668505192 0.0394774004817009
v 0.05347210168838501 0.009772139601409435 0.04410479962825775
v 0.05544089898467064 0.007873940281569958 0.04200369864702225
v 0.05524950101971626 0.01065749954432249 0.04164019972085953
v 0.053367000073194504 0.006988979876041412 0.04475630074739456
v 0.014423999935388565 0.0230662003159523 0.06449729949235916
v 0.010738800279796124 0.021516799926757812 0.0657396987080574
v 0.010701900348067284 0.02529519982635975 0.06438650190830231
v 0.013696400448679924 0.016119299456477165 0.06672760099172592
v 0.010371300391852856 0.018031999468803406 0.06683769822120667
v 0.014079499989748001 0.01961969956755638 0.06570260226726532
v 0.010485700331628323 0.013925299979746342 0.0677947998046875
v -0.015362700447440147 0.024434499442577362 0.06377259641885757
v -0.015507900156080723 0.0176061000674963 0.06595099717378616
v -0.01176770031452179 0.022093400359153748 0.06537129729986191
v -0.015455599874258041 0.02104789949953556 0.06494700163602829
v -0.011833099648356438 0.018660200759768486 0.06642120331525803
v -0.01160260010510683 0.026007700711488724 0.06394509971141815
v -0.010995199903845787 0.015462899580597878 0.06737960129976273
v -0.013260699808597565 0.016545899212360382 0.06671120226383209
v -0.009565209969878197 0.017572199925780296 0.06707999855279922
v -0.008827580139040947 0.014045700430870056 0.06800580024719238
v -0.013243899680674076 0.06261260062456131 0.02835940010845661
v -0.013341500423848629 0.06382360309362411 0.02546660043299198
v -0.010588699951767921 0.06376709789037704 0.026863399893045425
v -0.016101300716400146 0.06395620107650757 0.023459700867533684
v -0.01602119952440262 0.06282520294189453 0.026387900114059448
v 0.01637749932706356 0.06136700138449669 0.02942569926381111
v 0.015131199732422829 0.06323590129613876 0.02592799998819828
v 0.019339799880981445 0.06171080097556114 0.02679079957306385
v 0.011268899776041508 0.064342200756073 0.025161299854516983
v 0.012546200305223465 0.06259399652481079 0.028715500608086586
v 0.034582000225782394 0.0608551986515522 0.0008515410008840263
v 0.03376439958810806 0.06115800142288208 0.004434680100530386
v 0.031632501631975174 0.06242769956588745 0.001470780000090599
v 0.03254900127649307 0.06193910166621208 -0.0020285500213503838
v 0.029557200148701668 0.06343799829483032 -0.0014101399574428797
v -0.03479519858956337 0.06073329970240593 0.0008692219853401184
v -0.03164279833436012 0.062424298375844955 0.0013956200564280152
v -0.0335519015789032 0.06127680093050003 0.004406940191984177
v -0.029671499505639076 0.06336809694766998 -0.0020209799986332655
v -0.0328684002161026 0.061751000583171844 -0.0025461800396442413
v -0.021457700058817863 0.06164129823446274 -0.025296399369835854
v -0.018066100776195526 0.06285899877548218 -0.02494709938764572
v -0.021275199949741364 0.06296949833631516 -0.021959200501441956
v -0.026774199679493904 0.061423998326063156 -0.02025420032441616
v -0.024149099364876747 0.06161719933152199 -0.022806599736213684
v -0.023931700736284256 0.06284689903259277 -0.019430499523878098
v -0.0276590995490551 0.06188390031456947 -0.017474500462412834
v -0.016178099438548088 0.06085589900612831 -0.030574999749660492
v -0.015421099960803986 0.06245910003781319 -0.027587000280618668
v -0.018844999372959137 0.06133690103888512 -0.02797600068151951
v -0.011991799809038639 0.06319669634103775 -0.027611199766397476
v -0.012763099744915962 0.061638299375772476 -0.030623799189925194
v -0.023005599156022072 0.05804460123181343 -0.03164749965071678
v -0.01961980015039444 0.05953479930758476 -0.031155500560998917
v -0.0222632996737957 0.05992810055613518 -0.02851250022649765
v -0.02852959930896759 0.05819210037589073 -0.026452500373125076
v -0.025805499404668808 0.0582038015127182 -0.0290926992893219
v -0.025034099817276 0.06001359969377518 -0.02591630071401596
v -0.02768860012292862 0.05988749861717224 -0.023384399712085724
v -0.017779499292373657 0.05688240006566048 -0.036719001829624176
v -0.017003199085593224 0.05895359814167023 -0.03369529917836189
v -0.020420899614691734 0.057543400675058365 -0.0342307984828949
v -0.013201899826526642 0.059352099895477295 -0.03468490019440651
v -0.014700500294566154 0.0601469986140728 -0.03265329822897911
v -0.015502999536693096 0.05816350132226944 -0.03573039919137955
v -0.011270499788224697 0.060871899127960205 -0.032673999667167664
v -0.024344999343156815 0.05380290001630783 -0.037584200501441956
v -0.021090999245643616 0.05541810020804405 -0.037202201783657074
v -0.02370860055088997 0.05600240081548691 -0.03466450050473213
v -0.029523899778723717 0.054604001343250275 -0.03235340118408203
v -0.026972200721502304 0.054279398173093796 -0.03501779958605766
v -0.02630160003900528 0.05640320107340813 -0.03204530104994774
v -0.029062900692224503 0.05646819993853569 -0.029439499601721764
v -0.019002199172973633 0.052264999598264694 -0.0425122007727623
v -0.018417300656437874 0.05465229973196983 -0.03967269882559776
v -0.02170420065522194 0.05310880020260811 -0.0401046983897686
v -0.012034700252115726 0.05563490092754364 -0.04074219986796379
v -0.014926400035619736 0.05633160099387169 -0.03878080099821091
v -0.015543400309979916 0.05403690040111542 -0.04169429838657379
v -0.012635000050067902 0.057569701224565506 -0.03776349872350693
v -0.03070780076086521 0.05007509887218475 -0.03807250037789345
v -0.027564799413084984 0.05201150104403496 -0.03788119927048683
v -0.030157899484038353 0.052412599325180054 -0.0352621003985405
v -0.02550620026886463 0.04914560168981552 -0.04282689839601517
v -0.022283900529146194 0.05077290162444115 -0.04272640123963356
v -0.024957800284028053 0.05154069885611534 -0.04025740176439285
v -0.028143299743533134 0.04967439919710159 -0.040501900017261505
v -0.035700198262929916 0.05058160051703453 -0.03266489878296852
v -0.03325020149350166 0.05039839819073677 -0.03541789948940277
v -0.032657500356435776 0.05266600102186203 -0.032554399222135544
v -0.0350675992667675 0.05446380004286766 -0.02653219923377037
v -0.03543189913034439 0.05259399861097336 -0.02963870018720627
v -0.032349199056625366 0.05462399870157242 -0.029491500928997993
v -0.03184470161795616 0.056409500539302826 -0.02653069980442524
v -0.01332470029592514 0.050339099019765854 -0.046780601143836975
v -0.01270109973847866 0.05307669937610626 -0.04383549839258194
v -0.01618579961359501 0.05137310177087784 -0.04470819979906082
v -0.019897500053048134 0.04744260013103485 -0.047468800097703934
v -0.016633199527859688 0.048955898731946945 -0.04718739911913872
v -0.019473999738693237 0.049915801733732224 -0.045046400278806686
v -0.022734299302101135 0.0483631007373333 -0.04521239921450615
v -0.0366952009499073 0.045790400356054306 -0.038166798651218414
v -0.03374819830060005 0.047999199479818344 -0.03817249834537506
v -0.03624790161848068 0.04825279861688614 -0.035464901477098465
v -0.03191529959440231 0.045243699103593826 -0.042830199003219604
v -0.03134949877858162 0.047717198729515076 -0.040500398725271225
v -0.03434459865093231 0.045569200068712234 -0.04054490104317665
v -0.028752099722623825 0.04726260155439377 -0.04289019852876663
v -0.04162440076470375 0.04587800055742264 -0.032597899436950684
v -0.039215199649333954 0.04589900001883507 -0.035432398319244385
v -0.038718901574611664 0.04830029979348183 -0.03267909958958626
v -0.0407182015478611 0.05038059875369072 -0.026529699563980103
v -0.04123229905962944 0.04820049926638603 -0.02960759960114956
v -0.03827060014009476 0.05056219920516014 -0.02964489907026291
v -0.037939999252557755 0.05248729884624481 -0.026563899591565132
v -0.04224430024623871 0.041003499180078506 -0.0378699004650116
v -0.03952400013804436 0.04345659911632538 -0.03807060047984123
v -0.0419900007545948 0.04349840059876442 -0.03528070077300072
v -0.037588201463222504 0.040462300181388855 -0.04301080107688904
v -0.03719170019030571 0.04318439960479736 -0.04064340144395828
v -0.03996559977531433 0.04078330099582672 -0.04049040004611015
v -0.0348007008433342 0.042913299053907394 -0.042980898171663284
v -0.0467693991959095 0.041002098470926285 -0.032116200774908066
v -0.04456790164113045 0.04105890169739723 -0.035041000694036484
v -0.04425390064716339 0.04349609836935997 -0.03239880129694939
v -0.045758798718452454 0.0457736998796463 -0.02666280046105385
v -0.04632740095257759 0.04344730079174042 -0.02942970022559166
v -0.04374999925494194 0.04588710144162178 -0.029670000076293945
v -0.04329000040888786 0.04813449829816818 -0.026627900078892708
v -0.04728030040860176 0.03591280058026314 -0.03707889840006828
v -0.04482169821858406 0.038509201258420944 -0.03752410039305687
v -0.047085899859666824 0.03850739821791649 -0.03464239835739136
v -0.042753301560878754 0.03569519892334938 -0.042403001338243484
v -0.04022189974784851 0.038127198815345764 -0.04276119917631149
v -0.042552001774311066 0.038397300988435745 -0.040186699479818344
v -0.045072998851537704 0.035848699510097504 -0.039790600538253784
v -0.05083709955215454 0.04045280069112778 -0.026060599833726883
v -0.04887010157108307 0.04078320041298866 -0.029128199443221092
v -0.04836520180106163 0.04317329823970795 -0.026398399844765663
v -0.05142109841108322 0.035654500126838684 -0.03137879818677902
v -0.04915900155901909 0.038378000259399414 -0.031788699328899384
v -0.05119660124182701 0.03810390084981918 -0.028757600113749504
v -0.04941340163350105 0.035829100757837296 -0.03427229821681976
v -0.04957599937915802 0.04498710110783577 -0.02045449987053871
v -0.050275299698114395 0.04277849942445755 -0.023289399221539497
v -0.047732800245285034 0.04544270038604736 -0.023591000586748123
v -0.04506999999284744 0.04955559968948364 -0.02032100036740303
v -0.04737279936671257 0.047321099787950516 -0.020409200340509415
v -0.04547819867730141 0.04773160070180893 -0.023524900898337364
v -0.04295789822936058 0.050042398273944855 -0.023460200056433678
v -0.05429530143737793 0.03955540060997009 -0.019682100042700768
v -0.05263809859752655 0.04005879908800125 -0.022902600467205048
v -0.05200520157814026 0.042327798902988434 -0.02009519934654236
v -0.055099498480558395 0.03509169816970825 -0.025151899084448814
v -0.053032901138067245 0.0378183014690876 -0.02563749998807907
v -0.054767999798059464 0.03737169876694679 -0.022445999085903168
v -0.053331900388002396 0.035420700907707214 -0.028303399682044983
v -0.052996501326560974 0.043487299233675 -0.01414989959448576
v -0.05371139943599701 0.041572000831365585 -0.01693670079112053
v -0.05135659873485565 0.044297900050878525 -0.017325999215245247
v -0.048705898225307465 0.04820609837770462 -0.014279699884355068
v -0.05090409889817238 0.04589439928531647 -0.014229600317776203
v -0.049202799797058105 0.04665520042181015 -0.017388999462127686
v -0.04694969952106476 0.04894519969820976 -0.017323199659585953
v -0.05729350075125694 0.038003500550985336 -0.01316010020673275
v -0.055871300399303436 0.0388328991830349 -0.016443800181150436
v -0.05521479994058609 0.040796998888254166 -0.013672299683094025
v -0.05895749852061272 0.03284649923443794 -0.01857749931514263
v -0.056724898517131805 0.036263901740312576 -0.01916310004889965
v -0.058212801814079285 0.035478200763463974 -0.015892600640654564
v -0.05712059885263443 0.03402389958500862 -0.021900000050663948
v -0.05535310134291649 0.04221180081367493 -0.007362470030784607
v -0.056402601301670074 0.040164098143577576 -0.010275700129568577
v -0.05424850061535835 0.04290790110826492 -0.010770799592137337
v -0.05146700143814087 0.046580299735069275 -0.009023400023579597
v -0.05346040055155754 0.04443800076842308 -0.008200669661164284
v -0.05228269845247269 0.04507780075073242 -0.011598000302910805
v -0.05013490095734596 0.0474390983581543 -0.011662900447845459
v -0.03273589909076691 0.040748000144958496 -0.04656140133738518
v -0.03235429897904396 0.04303399845957756 -0.04473549872636795
v -0.03519459813833237 0.04064270108938217 -0.044827599078416824
v -0.03769160062074661 0.03478790074586868 -0.04763549938797951
v -0.037691500037908554 0.037676598876714706 -0.04538530111312866
v -0.04027780145406723 0.03528999909758568 -0.04508119821548462
v -0.03526889905333519 0.03782710060477257 -0.04717219993472099
v -0.05956380069255829 0.036198198795318604 -0.006468070205301046
v -0.05850810185074806 0.03715129941701889 -0.009827430360019207
v -0.057538799941539764 0.03925979882478714 -0.0069249398075044155
v -0.061153098940849304 0.03202249854803085 -0.01161279994994402
v -0.05930360034108162 0.03506049886345863 -0.012403200380504131
v -0.060430098325014114 0.034150801599025726 -0.00905114971101284
v -0.06013819947838783 0.03247930109500885 -0.01511599961668253
v -0.05726800113916397 0.04024270176887512 -0.000953715993091464
v -0.05849359929561615 0.03827130049467087 -0.00371582992374897
v -0.0563804991543293 0.041278399527072906 -0.004163260105997324
v -0.05146709829568863 0.0473535992205143 -0.0029618300031870604
v -0.05449039861559868 0.04389699921011925 -0.001962200039997697
v -0.05349329859018326 0.044852398335933685 -0.005170189775526524
v -0.051516201347112656 0.04701180011034012 -0.005998330190777779
v -0.061234500259160995 0.03391579911112785 0.00022081899805925786
v -0.060480598360300064 0.03510430082678795 -0.0031278301030397415
v -0.0593377985060215 0.03713339939713478 -0.00036698399344459176
v -0.06308399885892868 0.029869800433516502 -0.005311309825628996
v -0.06140819936990738 0.03307940065860748 -0.0058977799490094185
v -0.06223930045962334 0.031933899968862534 -0.0025485199876129627
v -0.06219479814171791 0.030984200537204742 -0.008472439832985401
v -0.05869780108332634 0.03765510022640228 0.006054670084267855
v -0.06004960089921951 0.035835299640893936 0.0031421100720763206
v -0.05806870013475418 0.03900650143623352 0.0025542499497532845
v -0.05454320088028908 0.04357460141181946 0.005127380136400461
v -0.05669749900698662 0.04067010059952736 0.005598620045930147
v -0.055984899401664734 0.041968099772930145 0.002089790068566799
v -0.053126201033592224 0.04556789994239807 0.001085250056348741
v -0.05187879875302315 0.029578400775790215 -0.03652000054717064
v -0.04965759813785553 0.0327971987426281 -0.036857400089502335
v -0.05173389986157417 0.03266939893364906 -0.03400459885597229
v -0.047273699194192886 0.03135870024561882 -0.04101020097732544
v -0.04732070118188858 0.03366690129041672 -0.039080601185560226
v -0.04963260143995285 0.030503200367093086 -0.03880919888615608
v -0.04506079852581024 0.03356219828128815 -0.04175040125846863
v -0.006512859836220741 0.0528406985104084 -0.04544709995388985
v -0.009288090281188488 0.05432159826159477 -0.0431612990796566
v -0.009932580403983593 0.05166170001029968 -0.046177998185157776
v -0.005533219780772924 0.056538600474596024 -0.040899500250816345
v -0.008793610148131847 0.05614849925041199 -0.04086580127477646
v -0.006028470117598772 0.05473899841308594 -0.043212201446294785
v -0.007993699982762337 0.059560101479291916 -0.035898398607969284
v -0.010028299875557423 0.05767880007624626 -0.0383744016289711
v -0.006770410109311342 0.05810900032520294 -0.03843839839100838
v -0.01060550007969141 0.059499599039554596 -0.035317499190568924
v -0.007614280097186565 0.047726500779390335 -0.050638001412153244
v -0.0070733800530433655 0.05035340040922165 -0.048109300434589386
v -0.010483999736607075 0.04910089820623398 -0.04877689853310585
v -0.01407730020582676 0.045046400278806686 -0.05169770121574402
v -0.010859699919819832 0.046445801854133606 -0.05123329907655716
v -0.013719500042498112 0.0477571003139019 -0.049305498600006104
v -0.017012400552630424 0.04631249979138374 -0.04965610057115555
v -0.0007789970259182155 0.049943599849939346 -0.04904109984636307
v -0.003650980070233345 0.051463399082422256 -0.047309499233961105
v -0.004202450159937143 0.04890270158648491 -0.0499086007475853
v 0.00034872200922109187 0.05476830154657364 -0.04359250143170357
v -0.0030863399151712656 0.05387910082936287 -0.04458149895071983
v -0.00021543599723372608 0.05242859944701195 -0.04638100042939186
v -0.0025952300056815147 0.055717501789331436 -0.04229459911584854
v -0.0018551100511103868 0.044572100043296814 -0.05394329875707626
v -0.0013188800076022744 0.04732320085167885 -0.05156330019235611
v -0.004741239827126265 0.04621310159564018 -0.05236290022730827
v -0.008498149923980236 0.04210929945111275 -0.0552682988345623
v -0.0051835100166499615 0.04339829832315445 -0.0546782985329628
v -0.008067290298640728 0.044979698956012726 -0.053025901317596436
v -0.011302899569272995 0.04363640025258064 -0.053554799407720566
v 0.0049453298561275005 0.04642819985747337 -0.05215330049395561
v 0.0020860799122601748 0.04825339838862419 -0.050668101757764816
v 0.0015472000231966376 0.04556170105934143 -0.053119998425245285
v 0.005810589995235205 0.051122698932886124 -0.04746270179748535
v 0.0025188399013131857 0.05059419944882393 -0.04831020161509514
v 0.005384109914302826 0.04883129894733429 -0.0498649999499321
v 0.0030842300038784742 0.05302419885993004 -0.0455951988697052
v 0.0038869499694556 0.04091610014438629 -0.056663598865270615
v 0.0044219898991286755 0.04373009875416756 -0.054480500519275665
v 0.00101730995811522 0.042802900075912476 -0.05537939816713333
v -0.0028906299266964197 0.03871060162782669 -0.05825059860944748
v -0.002376140095293522 0.041698798537254333 -0.05617440119385719
v -0.005701940041035414 0.04046360030770302 -0.05683470144867897
v 0.0004988409928046167 0.039867598563432693 -0.05753539875149727
v 0.010666600428521633 0.042621299624443054 -0.05449439957737923
v 0.007816479541361332 0.04458479955792427 -0.053395699709653854
v 0.007286740001291037 0.041825998574495316 -0.0556550994515419
v 0.011751299723982811 0.04755739867687225 -0.050002001225948334
v 0.00835947971791029 0.047055598348379135 -0.051145799458026886
v 0.011222099885344505 0.045142099261283875 -0.052309300750494
v 0.008793190121650696 0.049408700317144394 -0.04880020022392273
v 0.01314650010317564 0.06151759997010231 -0.030704200267791748
v 0.014175900258123875 0.06292969733476639 -0.027182599529623985
v 0.010336300358176231 0.06311050057411194 -0.02846439927816391
v 0.00909303966909647 0.061496999114751816 -0.03217820078134537
v -0.014902899973094463 0.03957900032401085 -0.05578000098466873
v -0.011714800260961056 0.04089390113949776 -0.055591799318790436
v -0.014507600106298923 0.04236380010843277 -0.053803700953722
v -0.009313800372183323 0.036414701491594315 -0.05905269831418991
v -0.006109570153057575 0.03760800138115883 -0.058722399175167084
v -0.008916770108044147 0.03930959850549698 -0.057229798287153244
v -0.012124399654567242 0.03804729878902435 -0.05749259889125824
v 0.009547559544444084 0.03680390119552612 -0.05877339839935303
v 0.010120900347828865 0.03976690024137497 -0.05671120062470436
v 0.006726420018821955 0.03891310095787048 -0.057797301560640335
v 0.0027558798901736736 0.0348954014480114 -0.06061939895153046
v 0.006160079967230558 0.035898398607969284 -0.059777598828077316
v 0.0033259300980716944 0.03795729950070381 -0.05872119963169098
v -6.746339931851253e-05 0.036851998418569565 -0.05951410159468651
v 0.01626400090754032 0.03823849931359291 -0.056331999599933624
v 0.013483899645507336 0.040485698729753494 -0.05548959970474243
v 0.01292330026626587 0.03757220134139061 -0.05763090029358864
v 0.017301000654697418 0.04387339949607849 -0.05172809958457947
v 0.014002799987792969 0.043306201696395874 -0.053183600306510925
v 0.016805699095129967 0.04111269861459732 -0.054104700684547424
v 0.014543700031936169 0.04577070102095604 -0.05092659965157509
v 0.020158400759100914 0.06085589900612831 -0.028110500425100327
v 0.017684999853372574 0.06258969753980637 -0.0258799996227026
v 0.01667650043964386 0.061274901032447815 -0.029449699446558952
v 0.018859000876545906 0.0635187029838562 -0.02257690019905567
v 0.021357500925660133 0.0618600994348526 -0.02484319917857647
v 0.015013099648058414 0.03230980038642883 -0.06025509908795357
v 0.015659399330615997 0.0353211984038353 -0.058371201157569885
v 0.012296699918806553 0.03460310027003288 -0.0595938004553318
v 0.00835863035172224 0.030607599765062332 -0.062396399676799774
v 0.008965210057795048 0.03375139832496643 -0.060666900128126144
v 0.0055647799745202065 0.032795801758766174 -0.061591099947690964
v 0.01170129980891943 0.03150029852986336 -0.061406899243593216
v 0.022796599194407463 0.039314400404691696 -0.053241800516843796
v 0.020076099783182144 0.04165060073137283 -0.05255649983882904
v 0.01955699920654297 0.03882940113544464 -0.05486169829964638
v 0.021733900532126427 0.03367369994521141 -0.05739089846611023
v 0.022293800488114357 0.03654079884290695 -0.05538729950785637
v 0.01902420073747635 0.03600379824638367 -0.056936901062726974
v 0.018399499356746674 0.03303840011358261 -0.05890610069036484
v 0.02373870089650154 0.04467799887061119 -0.048377200961112976
v 0.02054779976606369 0.044335998594760895 -0.05012090131640434
v 0.02329929918050766 0.042053401470184326 -0.050878800451755524
v 0.018122199922800064 0.04900680109858513 -0.04658240079879761
v 0.01773579977452755 0.04650359973311424 -0.04922249913215637
v 0.020958999171853065 0.046906501054763794 -0.0475446991622448
v 0.01495749969035387 0.048349298536777496 -0.04835930094122887
v 0.02911129966378212 0.039886198937892914 -0.0496147982776165
v 0.026460999622941017 0.04233980178833008 -0.04906279966235161
v 0.02598929964005947 0.03965429961681366 -0.051498398184776306
v 0.02837030030786991 0.03422750160098076 -0.05407039821147919
v 0.028779299929738045 0.03710649907588959 -0.0519120991230011
v 0.025621099397540092 0.03682510182261467 -0.05373520031571388
v 0.025087600573897362 0.033998701721429825 -0.05580959841609001
v 0.029909199103713036 0.04502220079302788 -0.044479601085186005
v 0.026860499754548073 0.04491129890084267 -0.046491801738739014
v 0.029550500214099884 0.04251210018992424 -0.047111399471759796
v 0.024124499410390854 0.04947759956121445 -0.043243300169706345
v 0.023961899802088737 0.04713739827275276 -0.045868199318647385
v 0.027054699137806892 0.04731620103120804 -0.04392290115356445
v 0.02114889957010746 0.04930189996957779 -0.044967200607061386
v 0.03512270003557205 0.039996299892663956 -0.04546089842915535
v 0.03256030008196831 0.04256730154156685 -0.045031700283288956
v 0.03216079995036125 0.03999580070376396 -0.04760269820690155
v 0.03408940136432648 0.03481660038232803 -0.05025649815797806
v 0.034651100635528564 0.03745510056614876 -0.04792099818587303
v 0.0316414013504982 0.03739999979734421 -0.05000060051679611
v 0.03126779943704605 0.034563999623060226 -0.052226901054382324
v 0.03574280068278313 0.04490140080451965 -0.04007890075445175
v 0.03287079930305481 0.045023199170827866 -0.042337000370025635
v 0.03548109903931618 0.04250679910182953 -0.04282829910516739
v 0.029914699494838715 0.049480799585580826 -0.039455901831388474
v 0.029946399852633476 0.04730600118637085 -0.04201610013842583
v 0.03287519887089729 0.04725779965519905 -0.03982359915971756
v 0.02705259993672371 0.04953970015048981 -0.04140010103583336
v 0.04076270014047623 0.03964310139417648 -0.04082680121064186
v 0.038304999470710754 0.042330000549554825 -0.040508098900318146
v 0.03799450024962425 0.03987399861216545 -0.04320279881358147
v 0.03987580165266991 0.03468859940767288 -0.04589800164103508
v 0.04037189856171608 0.03721430152654648 -0.043418999761343
v 0.03754809871315956 0.03739110007882118 -0.04573899880051613
v 0.037032198160886765 0.03479919955134392 -0.04814179986715317
v 0.04117339849472046 0.04431679844856262 -0.03522450104355812
v 0.03851059824228287 0.04467000067234039 -0.037703100591897964
v 0.04102399945259094 0.042037200182676315 -0.03807760030031204
v 0.0353287011384964 0.04992150142788887 -0.034054700285196304
v 0.03559179976582527 0.04748620092868805 -0.037125200033187866
v 0.038316600024700165 0.0471998006105423 -0.03469889983534813
v 0.03267059847712517 0.04977570101618767 -0.03681040182709694
v 0.046001799404621124 0.038751598447561264 -0.03580699861049652
v 0.04364849999547005 0.041592199355363846 -0.03556539863348007
v 0.04344160109758377 0.039250899106264114 -0.038369301706552505
v 0.045192498713731766 0.03420279920101166 -0.041082900017499924
v 0.045654501765966415 0.0365229994058609 -0.03849330171942711
v 0.04303180053830147 0.03696940094232559 -0.04100640118122101
v 0.04259030148386955 0.034491200000047684 -0.04354789853096008
v 0.04614029824733734 0.04327540099620819 -0.029971899464726448
v 0.04371640086174011 0.043855901807546616 -0.03264259919524193
v 0.046135298907756805 0.04107069969177246 -0.03293529897928238
v 0.04132169857621193 0.048315200954675674 -0.029294399544596672
v 0.04130150005221367 0.04637660086154938 -0.03230170160531998
v 0.04378579929471016 0.04585279896855354 -0.02967029996216297
v 0.03838510066270828 0.04919520020484924 -0.031724099069833755
v 0.05068010091781616 0.03756909817457199 -0.03033299930393696
v 0.04847609996795654 0.04047729820013046 -0.030193500220775604
v 0.048406798392534256 0.03821229934692383 -0.033114999532699585
v 0.05020679906010628 0.033028699457645416 -0.03589409962296486
v 0.05051020160317421 0.03534559905529022 -0.03315740078687668
v 0.04816630110144615 0.035936400294303894 -0.035896800458431244
v 0.04776480048894882 0.033661700785160065 -0.038541100919246674
v 0.050588399171829224 0.04178990051150322 -0.024380799382925034
v 0.048430200666189194 0.04259059950709343 -0.02721329964697361
v 0.050703100860118866 0.03973349928855896 -0.027394099161028862
v 0.04575420171022415 0.04725709930062294 -0.023944100365042686
v 0.046008698642253876 0.045326799154281616 -0.026993999257683754
v 0.04823710024356842 0.04458430036902428 -0.02419539913535118
v 0.0435929000377655 0.04784649983048439 -0.026652799919247627
v 0.054847799241542816 0.035873398184776306 -0.02459309995174408
v 0.052789799869060516 0.03888449817895889 -0.02452019974589348
v 0.052835699170827866 0.036771200597286224 -0.027500400319695473
v 0.05456690117716789 0.03166930004954338 -0.03032349981367588
v 0.054778099060058594 0.03381500020623207 -0.027493799105286598
v 0.052690599113702774 0.034663401544094086 -0.03036689944565296
v 0.05245630070567131 0.03239189833402634 -0.03315269947052002
v 0.05446949973702431 0.039878200739622116 -0.018514899536967278
v 0.052600301802158356 0.04088950157165527 -0.021477000787854195
v 0.054732900112867355 0.0379272997379303 -0.021583199501037598
v 0.04992390051484108 0.04557560011744499 -0.018178999423980713
v 0.05032449960708618 0.04374219849705696 -0.02130880020558834
v 0.05226770043373108 0.042785000056028366 -0.01837190054357052
v 0.047904398292303085 0.04647969827055931 -0.021090300753712654
v 0.058444999158382416 0.03369029983878136 -0.01868549920618534
v 0.056535400450229645 0.03683510050177574 -0.018625900149345398
v 0.056722600013017654 0.03482859954237938 -0.02166840061545372
v 0.05836670100688934 0.02979939989745617 -0.024603400379419327
v 0.058480698615312576 0.03178559988737106 -0.02167220041155815
v 0.05667850002646446 0.03287779912352562 -0.024629199877381325
v 0.05653990060091019 0.030774200335144997 -0.02749899961054325
v 0.05352859944105148 0.0434270016849041 -0.012197400443255901
v 0.0517968013882637 0.044562000781297684 -0.015208899974822998
v 0.054072801023721695 0.041709501296281815 -0.015377099625766277
v 0.057783499360084534 0.0374951995909214 -0.012457099743187428
v 0.05573200061917305 0.04051629826426506 -0.012344099581241608
v 0.056203000247478485 0.03873949870467186 -0.015507100149989128
v 0.05819400027394295 0.03564159944653511 -0.015592699870467186
v 0.048686400055885315 0.04889709874987602 -0.011777300387620926
v 0.049372598528862 0.047301001846790314 -0.01499869953840971
v 0.0511775016784668 0.04622529819607735 -0.01200379990041256
v 0.04504390060901642 0.05055829882621765 -0.017745500430464745
v 0.047543201595544815 0.04812689870595932 -0.017984699457883835
v 0.04692700132727623 0.04979339987039566 -0.014780900441110134
v 0.0454569011926651 0.048969998955726624 -0.020871400833129883
v 0.056539200246334076 0.040821101516485214 -0.006079419981688261
v 0.05510890111327171 0.04218139871954918 -0.009150880388915539
v 0.05723920091986656 0.03921150043606758 -0.009280899539589882
v 0.05197620019316673 0.04652220010757446 -0.005844879895448685
v 0.05282299965620041 0.045034799724817276 -0.009033230133354664
v 0.0543317012488842 0.0437312014400959 -0.005970280151814222
v 0.05039770156145096 0.04777270182967186 -0.00882272981107235
v 0.06049349904060364 0.03465519845485687 -0.006289049983024597
v 0.05859670042991638 0.03778989985585213 -0.006192720029503107
v 0.059219300746917725 0.03612450137734413 -0.009385899640619755
v 0.06139430031180382 0.031176399439573288 -0.01260020025074482
v 0.06102610006928444 0.0329601988196373 -0.00945734977722168
v 0.05966959893703461 0.03438229858875275 -0.012545599602162838
v 0.05999939888715744 0.03247649967670441 -0.015663599595427513
v 0.058916300535202026 0.03780030086636543 0.00011072699999203905
v 0.0578061006963253 0.03936399891972542 -0.002988399937748909
v 0.05978630110621452 0.03627710044384003 -0.0030933700036257505
v 0.054665300995111465 0.043721601366996765 0.00034417500137351453
v 0.05567789822816849 0.04232880100607872 -0.002871519885957241
v 0.05686800181865692 0.040816400200128555 0.00022775999968871474
v 0.05339350178837776 0.04518349841237068 -0.00275409989990294
v 0.06255409866571426 0.03141609951853752 -9.464359754929319e-05
v 0.060819100588560104 0.03465599939227104 8.0525596786174e-06
v 0.06160740181803703 0.03308049961924553 -0.003196180099621415
v 0.06374660134315491 0.028201699256896973 -0.006406319793313742
v 0.062203001230955124 0.0314703993499279 -0.006356160156428814
v 0.06265480071306229 0.029729099944233894 -0.00951606035232544
v 0.06323359906673431 0.02984819933772087 -0.003254770068451762
v 0.05673690140247345 0.040473099797964096 0.006546569988131523
v 0.05577699840068817 0.0421546995639801 0.0034500700421631336
v 0.057905398309230804 0.03919000178575516 0.0033331899903714657
v 0.060707900673151016 0.034275900572538376 0.0063018701039254665
v 0.058803800493478775 0.03742630034685135 0.0064331297762691975
v 0.05989459902048111 0.036087799817323685 0.003210719907656312
v 0.061713699251413345 0.03289010003209114 0.0031077798921614885
v 0.03915980085730553 0.05691619962453842 0.011272000148892403
v 0.037124499678611755 0.05788540095090866 0.013078699819743633
v 0.03607049956917763 0.05920879915356636 0.00965591985732317
v 0.038044799119234085 0.058453500270843506 0.00598222017288208
v 0.035484299063682556 0.059932101517915726 0.007000850047916174
v 0.03635429963469505 0.05972160026431084 0.0034207298886030912
v 0.038633398711681366 0.057731401175260544 0.008634090423583984
v 0.040391501039266586 0.054249901324510574 0.018040800467133522
v 0.035303499549627304 0.05585839971899986 0.023097699508070946
v 0.03776580095291138 0.05658850073814392 0.01647680066525936
v 0.03523330017924309 0.057419098913669586 0.019017400220036507
v 0.03789979964494705 0.05513019859790802 0.020597700029611588
v 0.039831001311540604 0.05566040053963661 0.01467679999768734
v 0.033535201102495193 0.05761539936065674 0.0213507991284132
v -0.062228601425886154 0.03129279986023903 0.006953919772058725
v -0.061815500259399414 0.03264860063791275 0.0035922499373555183
v -0.06054630130529404 0.034521300345659256 0.006513230036944151
v -0.06434909999370575 0.02752939984202385 0.0011538199614733458
v -0.0628741979598999 0.030762899667024612 0.0006882200250402093
v -0.06337349861860275 0.029450399801135063 0.004059290047734976
v -0.06379610300064087 0.02873549982905388 -0.0020813399460166693
v -0.05560959875583649 0.040838100016117096 0.01182470005005598
v -0.05723109841346741 0.039299700409173965 0.008951770141720772
v -0.05515170097351074 0.042264100164175034 0.008487610146403313
v -0.05938519909977913 0.03483090177178383 0.012657499872148037
v -0.059119999408721924 0.036291200667619705 0.009368509985506535
v -0.05757239833474159 0.03788390010595322 0.012257000431418419
v -0.06088950112462044 0.03310680016875267 0.009819010272622108
v -0.05129009857773781 0.046358298510313034 0.010964999906718731
v -0.05351800099015236 0.04365380108356476 0.01140930037945509
v -0.05298750102519989 0.04502670094370842 0.008056949824094772
v -0.049582600593566895 0.04920180141925812 0.004555149935185909
v -0.05050349980592728 0.04784369841217995 0.00777038000524044
v -0.05213819816708565 0.046455398201942444 0.004848270211368799
v -0.050606898963451385 0.04835610091686249 0.0007979510119184852
v -0.0518702007830143 0.04361540079116821 0.017526499927043915
v -0.05381439998745918 0.04228530079126358 0.014695899561047554
v -0.05164730176329613 0.0450453981757164 0.014264199882745743
v -0.0560121014714241 0.03773979842662811 0.018394500017166138
v -0.055886298418045044 0.03934210166335106 0.015130000188946724
v -0.05401340126991272 0.04073210060596466 0.017984500154852867
v -0.057776398956775665 0.03633429855108261 0.01554690022021532
v -0.06502489745616913 0.024716699495911598 0.007800629828125238
v -0.06477390229701996 0.026158099994063377 0.004483240190893412
v -0.0637110024690628 0.02804180048406124 0.0073870401829481125
v -0.0625469982624054 0.028361300006508827 0.013546399772167206
v -0.06387150287628174 0.026574600487947464 0.010687800124287605
v -0.062470998615026474 0.02986679971218109 0.01026379968971014
v -0.061048101633787155 0.031638599932193756 0.013119599781930447
v 0.04881880059838295 0.02880699932575226 -0.04107170179486275
v 0.049571700394153595 0.030954599380493164 -0.038528699427843094
v 0.047056399285793304 0.03153889998793602 -0.041121698915958405
v 0.05355110019445419 0.02727939933538437 -0.03589029982686043
v 0.05412989854812622 0.029512999579310417 -0.03315030038356781
v 0.05193759873509407 0.030188100412487984 -0.03593280166387558
v 0.051252398639917374 0.028080200776457787 -0.038531698286533356
v 0.01807519979774952 0.05804460123181343 -0.03470030054450035
v 0.019144000485539436 0.05953479930758476 -0.03145010024309158
v 0.015631699934601784 0.05986110121011734 -0.03274599835276604
v 0.010974399745464325 0.058476198464632034 -0.03687940165400505
v 0.014545399695634842 0.05834290012717247 -0.03584050014615059
v 0.012076499871909618 0.06007679924368858 -0.03383680060505867
v 0.008000879548490047 0.05994290113449097 -0.035253800451755524
v -0.05581120029091835 0.030078399926424026 -0.029671600088477135
v -0.053689200431108475 0.03291120007634163 -0.030566800385713577
v -0.05552060157060623 0.032623399049043655 -0.02744399942457676
v -0.058363500982522964 0.030084799975156784 -0.024261100217700005
v -0.05678439885377884 0.032618600875139236 -0.024729600176215172
v -0.0587209016084671 0.03149800002574921 -0.021441400051116943
v -0.057139500975608826 0.03010910004377365 -0.026991000398993492
v 0.04353789985179901 0.030026299878954887 -0.04585719853639603
v 0.04441389814019203 0.032149799168109894 -0.04351779818534851
v 0.04174429923295975 0.032386500388383865 -0.04591879993677139
v 0.038194701075553894 0.0312964990735054 -0.04961549863219261
v 0.03906330093741417 0.03301620110869408 -0.04779110103845596
v 0.036169398576021194 0.033081598579883575 -0.04997380077838898
v 0.04091250151395798 0.030696099624037743 -0.047790300101041794
v 0.03428979963064194 0.02873219922184944 -0.0538392998278141
v 0.031382299959659576 0.031532399356365204 -0.054044898599386215
v 0.034233201295137405 0.031814999878406525 -0.052114300429821014
v 0.02715419977903366 0.028373299166560173 -0.057944800704717636
v 0.0307753998786211 0.028602400794625282 -0.0559891015291214
v 0.027798200026154518 0.03134100139141083 -0.056080300360918045
v 0.024480199441313744 0.031069399788975716 -0.057753100991249084
v 0.0015681099612265825 0.028531299903988838 -0.06390230357646942
v 0.00497006019577384 0.029609300196170807 -0.06323439627885818
v 0.0021649100817739964 0.03175609931349754 -0.06234470009803772
v -0.004025360103696585 0.03262979909777641 -0.06179879978299141
v -0.0012302800314500928 0.030621599406003952 -0.06293489784002304
v -0.0006355950026772916 0.0338078998029232 -0.061291299760341644
v -0.003462489927187562 0.035716600716114044 -0.06010270118713379
v -0.04379969835281372 0.05297809839248657 -0.013225199654698372
v -0.04630950093269348 0.0506540983915329 -0.01376929972320795
v -0.04450720176100731 0.05135029926896095 -0.016800399869680405
v -0.047568898648023605 0.05073529854416847 -0.007945629768073559
v -0.04819620028138161 0.04953109845519066 -0.011126300320029259
v -0.045739300549030304 0.05191909894347191 -0.010598200373351574
v -0.04956049844622612 0.048699598759412766 -0.008491800166666508
v -0.03846940025687218 0.058112699538469315 0.006558910012245178
v -0.035388100892305374 0.059958700090646744 0.007255239877849817
v -0.036823999136686325 0.05855590105056763 0.01073320023715496
v -0.03668170049786568 0.05950310081243515 0.0037190699949860573
v -0.03833480179309845 0.05490510165691376 0.020393000915646553
v -0.036733098328113556 0.05691250041127205 0.01765340007841587
v -0.035212498158216476 0.056696001440286636 0.021110400557518005
v -0.04221680015325546 0.05412460118532181 0.013721199706196785
v -0.038694899529218674 0.056547898799180984 0.014319299720227718
v -0.04033780097961426 0.05459880083799362 0.01708340086042881
v -0.04042699933052063 0.05623529851436615 0.010161099955439568
v -0.035100601613521576 0.054138701409101486 0.027146799489855766
v -0.03677089884877205 0.054600898176431656 0.023804299533367157
v -0.03359510004520416 0.056315600872039795 0.024493299424648285
v -0.028302999213337898 0.0574164018034935 0.028324799612164497
v -0.03174909949302673 0.05586079880595207 0.02777720056474209
v -0.030192499980330467 0.0579586997628212 0.0250840000808239
v -0.026678500697016716 0.05934029817581177 0.02582620084285736
v 0.0407928004860878 0.05191649869084358 -0.02325120009481907
v 0.04110949859023094 0.05017960071563721 -0.02630620077252388
v 0.04332530125975609 0.04964609816670418 -0.023625899106264114
v 0.03687459975481033 0.052527498453855515 -0.027948599308729172
v 0.039137400686740875 0.05047199875116348 -0.028650199994444847
v 0.038871198892593384 0.0522724986076355 -0.025624599307775497
v 0.036144498735666275 0.05128540098667145 -0.031038500368595123
v 0.0439177006483078 0.05323129892349243 -0.011733300052583218
v 0.04453140124678612 0.05195390060544014 -0.014756199903786182
v 0.046351201832294464 0.0511183999478817 -0.011767799966037273
v 0.04729419946670532 0.05129589885473251 -0.0056558698415756226
v 0.04566669836640358 0.052333198487758636 -0.00870618037879467
v 0.048045698553323746 0.050154298543930054 -0.008726660162210464
v 0.04969190061092377 0.04896499961614609 -0.005756950005888939
v 0.007118340115994215 0.02410469949245453 -0.06533219665288925
v 0.0077488599345088005 0.027392800897359848 -0.06394989788532257
v 0.004349050112068653 0.026353299617767334 -0.06470389664173126
v 0.013840500265359879 0.026024099439382553 -0.06349159777164459
v 0.011114399880170822 0.028353700414299965 -0.06302809715270996
v 0.010493399575352669 0.02509789913892746 -0.06449790298938751
v 0.014445800334215164 0.02920529991388321 -0.061954598873853683
v 0.05217130109667778 0.04617829993367195 0.0067616598680615425
v 0.05349130183458328 0.04501140117645264 0.003557770047336817
v 0.05452850088477135 0.04338489845395088 0.006663210224360228
v 0.04988950118422508 0.049098901450634 0.0005761520005762577
v 0.052346598356962204 0.04647170007228851 0.0004607719893101603
v 0.05109820142388344 0.04770189896225929 0.00367378001101315
v 0.05100079998373985 0.04787439852952957 -0.0026378799229860306
v 0.058179598301649094 0.03680190071463585 0.012678899802267551
v 0.057536300271749496 0.038690000772476196 0.009625780396163464
v 0.05952500179409981 0.03558740019798279 0.00950333010405302
v 0.0539374016225338 0.04273959994316101 0.012809299863874912
v 0.055410999804735184 0.04166189953684807 0.009690839797258377
v 0.0561348982155323 0.03982489928603172 0.012761400081217289
v 0.05312420055270195 0.04451749846339226 0.00979836005717516
v 0.061789099127054214 0.030480800196528435 0.012370199896395206
v 0.060065798461437225 0.03368699923157692 0.01254149992018938
v 0.06133060157299042 0.03242170065641403 0.009348539635539055
v 0.06394550204277039 0.02785000018775463 0.005945209879428148
v 0.06295230239629745 0.029204800724983215 0.009170079603791237
v 0.062409400939941406 0.03110410086810589 0.00613166019320488
v 0.06333249807357788 0.029671799391508102 0.0029291100800037384
v 0.05897140130400658 0.03276219964027405 0.018681999295949936
v 0.058654800057411194 0.03482919931411743 0.015701599419116974
v 0.06046200171113014 0.0316644012928009 0.015547100454568863
v 0.055041901767253876 0.03889330103993416 0.01891300082206726
v 0.056687600910663605 0.03789890184998512 0.015817400068044662
v 0.05708400160074234 0.035876400768756866 0.01882299967110157
v 0.05456389859318733 0.0408720001578331 0.0158827006816864
v 0.062216099351644516 0.026271700859069824 0.01841060072183609
v 0.060675401240587234 0.029556799679994583 0.01857130043208599
v 0.062088798731565475 0.028415700420737267 0.015411799773573875
v 0.06465230137109756 0.024081800132989883 0.011838399805128574
v 0.06330060213804245 0.02731579914689064 0.012119599618017673
v 0.06438019871711731 0.02599870041012764 0.008903030306100845
v 0.06352169811725616 0.025211500003933907 0.015145399607717991
v 0.05552490055561066 0.03465089946985245 0.02482539974153042
v 0.05535859987139702 0.03682209923863411 0.021898899227380753
v 0.057326000183820724 0.03375240042805672 0.021783199161291122
v 0.059142500162124634 0.0283719003200531 0.02443760074675083
v 0.05741089954972267 0.031553901731967926 0.024664700031280518
v 0.059136100113391876 0.030608100816607475 0.021588699892163277
v 0.0607571005821228 0.02735690027475357 0.021451599895954132
v 0.05128540098667145 0.040594201534986496 0.024938300251960754
v 0.05323610082268715 0.03979789838194847 0.021955499425530434
v 0.053477898240089417 0.03767380118370056 0.024915700778365135
v 0.05057530105113983 0.04451650008559227 0.018984699621796608
v 0.05287820100784302 0.04175980016589165 0.01897379942238331
v 0.05099720135331154 0.042611200362443924 0.021990299224853516
v 0.05232660099864006 0.043686699122190475 0.015918400138616562
v 0.05147640034556389 0.03613569959998131 0.030731000006198883
v 0.051451098173856735 0.03841739892959595 0.02787270024418831
v 0.05357379838824272 0.035441700369119644 0.027816200628876686
v 0.0553773008286953 0.030208300799131393 0.030344899743795395
v 0.053495798259973526 0.03321480005979538 0.03057740069925785
v 0.05552230030298233 0.032471299171447754 0.027620600536465645
v 0.05733669921755791 0.02932940050959587 0.027427999302744865
v 0.04693960025906563 0.041888199746608734 0.030692899599671364
v 0.04917990043759346 0.041297800838947296 0.027853699401021004
v 0.04927549883723259 0.03906549885869026 0.030754100531339645
v 0.046553000807762146 0.046007201075553894 0.024822400882840157
v 0.04898390173912048 0.04335800185799599 0.024913199245929718
v 0.04680800065398216 0.04400569945573807 0.02779420092701912
v 0.04862929880619049 0.04532260075211525 0.021932899951934814
v 0.04688259959220886 0.03715360164642334 0.036354199051856995
v 0.046976398676633835 0.03957600146532059 0.03357020020484924
v 0.049247100949287415 0.036694999784231186 0.033588699996471405
v 0.051133301109075546 0.03154129907488823 0.035923998802900314
v 0.04907029867172241 0.03439110144972801 0.03618500009179115
v 0.051368098706007004 0.03388009965419769 0.03336850181221962
v 0.05332459881901741 0.030914999544620514 0.03317759931087494
v 0.04202520102262497 0.042765598744153976 0.03612459823489189
v 0.04454429820179939 0.042385801672935486 0.033455200493335724
v 0.04451660066843033 0.040015898644924164 0.036290500313043594
v 0.04186350107192993 0.04725220054388046 0.03024359978735447
v 0.04446370154619217 0.044632598757743835 0.030510900542140007
v 0.042002998292446136 0.04507189989089966 0.03323059901595116
v 0.04426810145378113 0.046692799776792526 0.027570299804210663
v 0.04169259965419769 0.03780269995331764 0.0416254997253418
v 0.04191780090332031 0.04034079983830452 0.03892970085144043
v 0.04435009881854057 0.03753099963068962 0.03904480114579201
v 0.046546000987291336 0.032027099281549454 0.04132470116019249
v 0.044183600693941116 0.03496570140123367 0.041535601019859314
v 0.046775300055742264 0.034635499119758606 0.03889020159840584
v 0.04890270158648491 0.031825099140405655 0.03867420181632042
v 0.036566998809576035 0.043202098459005356 0.04118780046701431
v 0.03935199975967407 0.04304499924182892 0.03871120139956474
v 0.039185501635074615 0.04055999964475632 0.04146549850702286
v 0.03668399900197983 0.047961700707674026 0.035411201417446136
v 0.03941100090742111 0.04542870074510574 0.035819198936223984
v 0.036678001284599304 0.04564720019698143 0.03835440054535866
v 0.03932800143957138 0.04767270013689995 0.032872799783945084
v 0.036002300679683685 0.037947800010442734 0.04651670157909393
v 0.03633689880371094 0.040633298456668854 0.04391539841890335
v 0.03890340030193329 0.03792969882488251 0.04413450136780739
v 0.04138319939374924 0.032138798385858536 0.04641690105199814
v 0.03875479847192764 0.03509949892759323 0.04654129967093468
v 0.04159649834036827 0.035020001232624054 0.04408320039510727
v 0.044023700058460236 0.03212609887123108 0.043929800391197205
v 0.030741700902581215 0.042892999947071075 0.045990701764822006
v 0.03370349854230881 0.043110400438308716 0.04365279898047447
v 0.03341669961810112 0.04047450050711632 0.046315599232912064
v 0.03099760040640831 0.04807800054550171 0.040344201028347015
v 0.03388980031013489 0.04808950051665306 0.03793260082602501
v 0.033830199390649796 0.04570480063557625 0.0408237986266613
v 0.03091610036790371 0.04555390030145645 0.043232399970293045
v 0.03574550151824951 0.03176559880375862 0.051119498908519745
v 0.03036459907889366 0.037008900195360184 0.0510719008743763
v 0.035928498953580856 0.034909699112176895 0.0488923005759716
v 0.033228799700737 0.03752949833869934 0.04886090010404587
v 0.033102698624134064 0.0344369001686573 0.05116939917206764
v 0.03861759975552559 0.03199629858136177 0.04883560165762901
v 0.030600499361753464 0.040012799203395844 0.048606399446725845
v 0.05077660083770752 0.026482099667191505 0.04025460034608841
v 0.04872329905629158 0.029291799291968346 0.04084160178899765
v 0.05101289972662926 0.029044700786471367 0.038132499903440475
v 0.04607449844479561 0.026458900421857834 0.04557479918003082
v 0.0437902994453907 0.029340000823140144 0.04606049880385399
v 0.04636859893798828 0.029279800131917 0.043504498898983
v 0.04848799854516983 0.026504699140787125 0.04297000169754028
v -0.06416670233011246 0.025974899530410767 -0.010389200411736965
v -0.06273540109395981 0.02903359942138195 -0.011014300398528576
v -0.06369379907846451 0.027952399104833603 -0.00785871036350727
v -0.06220269948244095 0.028125299140810966 -0.015485100448131561
v -0.0606456995010376 0.030518900603055954 -0.017049700021743774
v -0.06172719970345497 0.030097899958491325 -0.013559799641370773
v -0.06324029713869095 0.027073899284005165 -0.012948499992489815
v 0.06432420015335083 0.02454959973692894 -0.012637600302696228
v 0.0641212984919548 0.02641100063920021 -0.009534760378301144
v 0.06294360011816025 0.027900399640202522 -0.012635800056159496
v 0.0616455003619194 0.027360999956727028 -0.01874070055782795
v 0.06306909769773483 0.025989999994635582 -0.015710199251770973
v 0.06160220131278038 0.02930779941380024 -0.015691399574279785
v 0.060122400522232056 0.03056490048766136 -0.018737100064754486
v 0.024761300534009933 0.057269901037216187 -0.03173379972577095
v 0.02248699963092804 0.0591340996325016 -0.029958199709653854
v 0.02144790068268776 0.05773700028657913 -0.03326300159096718
v 0.027158500626683235 0.05918329954147339 -0.02568569965660572
v 0.024861600250005722 0.06102120131254196 -0.0236285999417305
v 0.023693300783634186 0.06010809913277626 -0.026937799528241158
v 0.025990400463342667 0.05829500034451485 -0.028743499889969826
v 0.0003461840096861124 0.021820800378918648 -0.06651110202074051
v 0.003737269900739193 0.022993599995970726 -0.06601010262966156
v 0.0009584529907442629 0.02521039918065071 -0.06529559940099716
v -0.005202900152653456 0.026170799508690834 -0.06471490114927292
v -0.002431649947538972 0.024028299376368523 -0.06570179760456085
v -0.0018198100151494145 0.027387499809265137 -0.06439419835805893
v -0.004620220046490431 0.02943909913301468 -0.06334029883146286
v -0.04142190143465996 0.050183698534965515 0.025803500786423683
v -0.03994059935212135 0.05262650176882744 0.023134399205446243
v -0.038317400962114334 0.052237700670957565 0.026513999328017235
v -0.043418798595666885 0.0510810986161232 0.02013779990375042
v -0.04091909900307655 0.05304799973964691 0.020286399871110916
v -0.042460400611162186 0.05068010091781616 0.022992299869656563
v -0.04287460073828697 0.052672598510980606 0.016952000558376312
v -0.03784070163965225 0.049283698201179504 0.032236699014902115
v -0.03968710079789162 0.04980359971523285 0.02906090021133423
v -0.03652380034327507 0.051786500960588455 0.029735000804066658
v -0.03130979835987091 0.05288749933242798 0.0335053987801075
v -0.03462579846382141 0.05116039887070656 0.03291910141706467
v -0.03325299918651581 0.05359020084142685 0.030369799584150314
v -0.029849400743842125 0.055231500416994095 0.03095969930291176
v -0.043975599110126495 0.04509430006146431 0.03053930029273033
v -0.042758699506521225 0.04770579934120178 0.028210900723934174
v -0.04096889868378639 0.047258999198675156 0.03143459931015968
v -0.04757089912891388 0.04586790129542351 0.023089800029993057
v -0.044569000601768494 0.04810420051217079 0.024486500769853592
v -0.045854099094867706 0.045561399310827255 0.026861799880862236
v -0.045556701719760895 0.048540301620960236 0.021643100306391716
v -0.0400846004486084 0.043917201459407806 0.03693920001387596
v -0.04209189862012863 0.044571198523044586 0.03378880023956299
v -0.03901840001344681 0.04666709899902344 0.03463739901781082
v -0.033807698637247086 0.047887399792671204 0.03826009854674339
v -0.0369998998939991 0.045969098806381226 0.03765439987182617
v -0.03587409853935242 0.04865320026874542 0.03529750183224678
v -0.03260359913110733 0.05045679956674576 0.03593210130929947
v -0.045878298580646515 0.03957730159163475 0.03505450114607811
v -0.04498950019478798 0.04239470139145851 0.032842498272657394
v -0.043042898178100586 0.04180699959397316 0.03604840114712715
v -0.04982779920101166 0.040140800178050995 0.028388500213623047
v -0.046977799385786057 0.04268670082092285 0.029511699452996254
v -0.047926899045705795 0.03992059826850891 0.0317705012857914
v -0.04878149926662445 0.04307689890265465 0.025782600045204163
v -0.041836198419332504 0.03807559981942177 0.04123080149292946
v -0.04392090067267418 0.038882799446582794 0.03819800168275833
v -0.04101860150694847 0.04105469956994057 0.039140500128269196
v -0.03613150119781494 0.042033400386571884 0.042751699686050415
v -0.039034198969602585 0.04010630026459694 0.04204550012946129
v -0.038159601390361786 0.043033499270677567 0.03989940136671066
v -0.035023100674152374 0.04502920061349869 0.040567900985479355
v -0.04741299897432327 0.03339479863643646 0.039201900362968445
v -0.046714600175619125 0.03654000163078308 0.03718309849500656
v -0.04468980059027672 0.03578739985823631 0.040275100618600845
v -0.05102289840579033 0.03495829924941063 0.03278080001473427
v -0.05048669874668121 0.037595201283693314 0.03062180057168007
v -0.04851619899272919 0.03731830045580864 0.03396359831094742
v -0.04928930103778839 0.03422610089182854 0.036043498665094376
v -0.037329498678445816 0.036070700734853745 0.04696179926395416
v -0.039640698581933975 0.03712740167975426 0.04416070133447647
v -0.03678189963102341 0.03910670056939125 0.04491949826478958
v -0.0431830994784832 0.03171100094914436 0.04505150020122528
v -0.042571499943733215 0.03494409844279289 0.04320390149950981
v -0.04031490162014961 0.03394019976258278 0.04607360064983368
v -0.045361701399087906 0.032598599791526794 0.04218589887022972
v -0.030833100900053978 0.04060159996151924 0.04796700179576874
v -0.03413679823279381 0.03839870169758797 0.047541700303554535
v -0.033531300723552704 0.04137809947133064 0.04542579874396324
v -0.031234299764037132 0.045678701251745224 0.04287039861083031
v -0.03371499851346016 0.04389780014753342 0.04285179823637009
v -0.0325482003390789 0.0468222014605999 0.04059920087456703
v -0.031074900180101395 0.043197400867938995 0.045478999614715576
v -0.03847390040755272 0.029451899230480194 0.050520800054073334
v -0.04088820144534111 0.030626099556684494 0.04785599932074547
v -0.037957701832056046 0.032809700816869736 0.04881329834461212
v -0.03240500018000603 0.03367080166935921 0.05211710184812546
v -0.03549119830131531 0.031607501208782196 0.05139400064945221
v -0.03491770103573799 0.03492119908332825 0.04961109906435013
v -0.03167380020022392 0.037200599908828735 0.05012869834899902
v -0.044043298810720444 0.02502340078353882 0.04831169918179512
v -0.04367569833993912 0.02840779908001423 0.04674850031733513
v -0.04131710156798363 0.02727629989385605 0.049486398696899414
v -0.048466701060533524 0.027032800018787384 0.042663898319005966
v -0.045889899134635925 0.029413599520921707 0.04391989856958389
v -0.0463205985724926 0.026064999401569366 0.04555229842662811
v -0.04800549894571304 0.03025520034134388 0.040988899767398834
v -0.03332490101456642 0.026925500482320786 0.05535769835114479
v -0.035950999706983566 0.028229299932718277 0.05301539972424507
v -0.03291270136833191 0.03034220077097416 0.05381549894809723
v -0.03910969942808151 0.022606199607253075 0.053473200649023056
v -0.03884730115532875 0.02606629952788353 0.05207139998674393
v -0.036268800497055054 0.02480109967291355 0.05449289828538895
v -0.04163689911365509 0.023849399760365486 0.050966400653123856
v 0.05820700153708458 0.02587060071527958 0.029028600081801414
v 0.05683349817991257 0.02805989980697632 0.02970840036869049
v 0.05871700122952461 0.027140799909830093 0.026752399280667305
v 0.055009499192237854 0.02610209956765175 0.034534599632024765
v 0.0531345009803772 0.028855999931693077 0.03527120128273964
v 0.05524209886789322 0.02818010002374649 0.03246840089559555
v 0.05666689947247505 0.026013299822807312 0.03181460127234459
v 0.06649749726057053 0.021149400621652603 0.005548359826207161
v 0.06566130369901657 0.02264540083706379 0.008704829961061478
v 0.06530749797821045 0.024531999602913857 0.005754359997808933
v 0.06547260284423828 0.02476309984922409 -0.0003518449957482517
v 0.06606759876012802 0.022985000163316727 0.00260149990208447
v 0.06479430198669434 0.02634119987487793 0.0028003600891679525
v 0.06409990042448044 0.028127500787377357 -0.00022354599786922336
v -0.027050700038671494 0.030825499445199966 0.05672780051827431
v -0.030231300741434097 0.02891720086336136 0.05612359941005707
v -0.029771899804472923 0.03229599818587303 0.054503198713064194
v -0.026055200025439262 0.037065599113702774 0.05335979908704758
v -0.026587700471282005 0.033990100026130676 0.05511600151658058
v -0.029270000755786896 0.03541649878025055 0.05281040072441101
v -0.028490999713540077 0.03889760002493858 0.050746798515319824
v -0.03334910050034523 0.05852409824728966 -0.019046399742364883
v -0.03964170068502426 0.05422370135784149 -0.01970590092241764
v -0.034274399280548096 0.056602999567985535 -0.02283330075442791
v -0.03741919994354248 0.054437700659036636 -0.023158999159932137
v -0.03655000030994415 0.05645830184221268 -0.019405199214816093
v -0.031001200899481773 0.05847489833831787 -0.022794999182224274
v -0.040244199335575104 0.05238569900393486 -0.02315480075776577
v 0.031037500128149986 0.052464500069618225 0.03441150113940239
v 0.03390679880976677 0.05028130114078522 0.03495879843831062
v 0.031060699373483658 0.050341200083494186 0.03742989897727966
v 0.03643760085105896 0.052173200994729996 0.029159199446439743
v 0.03661400079727173 0.050140298902988434 0.032332200556993484
v 0.0337865985929966 0.05239490047097206 0.03183149918913841
v 0.0392053984105587 0.0497823990881443 0.029743099585175514
v 0.025279099121689796 0.05192619934678078 0.03955540060997009
v 0.028201399371027946 0.05227530002593994 0.0370400995016098
v 0.028172999620437622 0.0500635989010334 0.03999900072813034
v 0.024992799386382103 0.047287799417972565 0.04515780135989189
v 0.02517000027000904 0.049674201756715775 0.042413998395204544
v 0.02803800068795681 0.047755900770425797 0.0428164005279541
v 0.027905000373721123 0.04515159875154495 0.045635998249053955
v -0.027171699330210686 0.050979699939489365 0.039531901478767395
v -0.029283400624990463 0.052009399980306625 0.03657190129160881
v -0.030532699078321457 0.049503300338983536 0.038950901478528976
v -0.025578800588846207 0.055737998336553574 0.03374920040369034
v -0.026414699852466583 0.05343880131840706 0.03669539839029312
v -0.028474099934101105 0.05436969920992851 0.033662501722574234
v -0.026968199759721756 0.05663450062274933 0.031068500131368637
v -0.027798999100923538 0.02398350089788437 0.05959879979491234
v -0.030606599524617195 0.02549169957637787 0.057562198489904404
v -0.027463799342513084 0.027443500235676765 0.05824600160121918
v -0.033878300338983536 0.019887499511241913 0.05793749913573265
v -0.033650100231170654 0.023440299555659294 0.05672939866781235
v -0.030883200466632843 0.021967099979519844 0.05885300040245056
v -0.03654500097036362 0.021276500076055527 0.05578320100903511
v -0.06681369990110397 0.020782899111509323 0.0020012198947370052
v -0.0656690001487732 0.02418849989771843 0.0015796299558132887
v -0.06600739806890488 0.022780200466513634 0.004907479975372553
v -0.06582459807395935 0.02338399924337864 -0.004506410099565983
v -0.06517239660024643 0.02549009956419468 -0.0016784999752417207
v -0.06640409678220749 0.02211170084774494 -0.001254200004041195
v -0.06453700363636017 0.0266610998660326 -0.004915160126984119
v 0.026344500482082367 0.055124398320913315 0.0341654010117054
v 0.028712300583720207 0.05383450165390968 0.034313999116420746
v 0.025838399305939674 0.05358060076832771 0.036898501217365265
v 0.03068540059030056 0.05569450184702873 0.0292665995657444
v 0.03360050171613693 0.0539964996278286 0.029246900230646133
v 0.030890600755810738 0.05413059890270233 0.03186919912695885
v 0.028546400368213654 0.05547050014138222 0.03175099939107895
v -0.03678739815950394 0.059230100363492966 -0.006203710101544857
v -0.033849701285362244 0.06096849963068962 -0.006085630040615797
v -0.03584279865026474 0.060068000108003616 -0.002671079942956567
v -0.04076220095157623 0.056905899196863174 -0.0004048389964736998
v -0.038829099386930466 0.05814940109848976 -0.0033088999334722757
v -0.037828799337148666 0.05889759957790375 0.00023249900550581515
v -0.039671700447797775 0.05759039893746376 0.0030813799239695072
v 0.04736249893903732 0.051048800349235535 0.007128249853849411
v 0.0486919991672039 0.05014190077781677 0.0038574300706386566
v 0.04982670024037361 0.0486719012260437 0.006953299976885319
v 0.049241501837968826 0.047975800931453705 0.01317569985985756
v 0.048363201320171356 0.04957500100135803 0.010164800100028515
v 0.05077499896287918 0.04714079946279526 0.009982169605791569
v 0.05165480077266693 0.04541520029306412 0.01300899963825941
v -0.020712299272418022 0.04228610172867775 -0.051796600222587585
v -0.017417799681425095 0.043723899871110916 -0.05181540176272392
v -0.02032870054244995 0.04491709917783737 -0.04969099909067154
v -0.026657700538635254 0.044778499752283096 -0.04673599824309349
v -0.02330929972231388 0.046173401176929474 -0.047166600823402405
v -0.026105700060725212 0.04700480028986931 -0.04482230171561241
v -0.02372569963335991 0.04360710084438324 -0.04935089871287346
v 0.061631299555301666 0.021916400641202927 0.024925099685788155
v 0.06202150136232376 0.024132100865244865 0.021702099591493607
v 0.060461100190877914 0.025175100192427635 0.024711700156331062
v 0.06480179727077484 0.019869200885295868 0.01749110035598278
v 0.06332889944314957 0.02092990092933178 0.021245799958705902
v 0.06358770281076431 0.023099100217223167 0.017973100766539574
v 0.06480930000543594 0.022003399208188057 0.01468340028077364
v 0.03656119853258133 0.05940850079059601 -0.005823459941893816
v 0.03561760112643242 0.060209598392248154 -0.0024891700595617294
v 0.03353650122880936 0.06120840087532997 -0.005370140075683594
v 0.03983129933476448 0.057560600340366364 0.0004950389848090708
v 0.037243299186229706 0.05926619842648506 0.000673952978104353
v 0.038249000906944275 0.058565299957990646 -0.002667889930307865
v 0.038971900939941406 0.058057598769664764 0.003241450060158968
v -0.049055300652980804 0.020275399088859558 0.0456341989338398
v -0.048829399049282074 0.023687299340963364 0.044210899621248245
v -0.046614598482847214 0.02268110029399395 0.04703880101442337
v -0.0444209985435009 0.018152400851249695 0.050963301211595535
v -0.046803198754787445 0.019240599125623703 0.04836589843034744
v -0.04429370164871216 0.02161790058016777 0.04970650002360344
v -0.04182339832186699 0.020407600328326225 0.05229080095887184
v -0.053019799292087555 0.022102100774645805 0.040004901587963104
v -0.0508107990026474 0.024600200355052948 0.041389498859643936
v -0.051103800535202026 0.021216200664639473 0.042875099927186966
v -0.05228380113840103 0.028627799823880196 0.03669949993491173
v -0.050443101674318314 0.027867799624800682 0.0397351011633873
v -0.05272449925541878 0.02539999969303608 0.038405198603868484
v -0.04991560056805611 0.031053099781274796 0.03800180181860924
v -0.06502159684896469 0.021600499749183655 0.01433899998664856
v -0.06511049717664719 0.023189600557088852 0.01108460035175085
v -0.0638699010014534 0.025014400482177734 0.013961399905383587
v -0.06710579991340637 0.017969200387597084 0.008597539737820625
v -0.06615059822797775 0.021370500326156616 0.008209669962525368
v -0.06614899635314941 0.019810300320386887 0.01148310024291277
v -0.06704790145158768 0.01940160058438778 0.005306359846144915
v -0.06222530081868172 0.025057600811123848 0.020003199577331543
v -0.06370779871940613 0.02335990034043789 0.01719379983842373
v -0.0624702014029026 0.026745399460196495 0.016797399148344994
v -0.05938119813799858 0.03174469992518425 0.019134899601340294
v -0.06088649854063988 0.028440000489354134 0.019595900550484657
v -0.06104620173573494 0.030093500390648842 0.01636270061135292
v -0.05946129932999611 0.033331599086523056 0.0159171000123024
v 0.016767000779509544 0.05379829928278923 -0.04152840003371239
v 0.01746699959039688 0.05146870017051697 -0.04411210119724274
v 0.020485399290919304 0.05173800140619278 -0.04246800020337105
v 0.013052400201559067 0.051430799067020416 -0.04565640166401863
v 0.015600199811160564 0.05026039853692055 -0.0461575984954834
v 0.014923599548637867 0.05266359820961952 -0.04363299906253815
v 0.012413199990987778 0.049539100378751755 -0.047872599214315414
v -0.06440470367670059 0.01827700063586235 0.020444700494408607
v -0.06479369848966599 0.019963599741458893 0.01741350069642067
v -0.06339740008115768 0.02169550023972988 0.02025029994547367
v -0.06684689968824387 0.01470240019261837 0.01467410009354353
v -0.06705799698829651 0.01635570079088211 0.011649999767541885
v -0.06602030247449875 0.018175100907683372 0.014525399543344975
v -0.06571310013532639 0.016511699184775352 0.01758269965648651
v -0.058747101575136185 0.028005700558423996 0.025776999071240425
v -0.06056990101933479 0.026568299159407616 0.02292180061340332
v -0.059152498841285706 0.029919900000095367 0.022489599883556366
v -0.0612667016685009 0.02106669917702675 0.026506299152970314
v -0.061839401721954346 0.023096999153494835 0.02328990027308464
v -0.060091301798820496 0.024570699781179428 0.026178399100899696
v -0.06292299926280975 0.019699199125170708 0.0235080998390913
v 0.012548999860882759 0.019409900531172752 -0.06607399880886078
v 0.013212299905717373 0.02274719998240471 -0.06486909836530685
v 0.009846770204603672 0.021786300465464592 -0.06579060107469559
v 0.00607725977897644 0.017594799399375916 -0.06747949868440628
v 0.006605910137295723 0.02087539993226528 -0.0664874017238617
v 0.003215959994122386 0.01973390020430088 -0.06708379834890366
v 0.009324359707534313 0.01852470077574253 -0.06685730069875717
v 0.01912209950387478 0.02132439985871315 -0.06387189775705338
v 0.0165024995803833 0.02370459958910942 -0.06376329809427261
v 0.01585650071501732 0.0203940998762846 -0.06505879759788513
v 0.020387399941682816 0.02767840027809143 -0.060977499932050705
v 0.017136700451374054 0.026886900886893272 -0.062317200005054474
v 0.019780199974775314 0.024532899260520935 -0.06250499933958054
v 0.01772320084273815 0.03003310039639473 -0.0606951005756855
v -0.020387200638651848 0.03439659997820854 0.057456400245428085
v -0.023753900080919266 0.032659098505973816 0.05717629939317703
v -0.023254400119185448 0.03578229993581772 0.0554874986410141
v -0.02135070040822029 0.027827400714159012 0.06057870015501976
v -0.02461080066859722 0.025943400338292122 0.060176800936460495
v -0.024235500022768974 0.029368700459599495 0.05873769894242287
v -0.020897699519991875 0.031154800206422806 0.05909879878163338
v -0.02474059909582138 0.04223629832267761 0.050039999186992645
v -0.025423500686883926 0.03969090059399605 0.05175210162997246
v -0.0278181005269289 0.041465599089860916 0.0490587018430233
v -0.019672900438308716 0.04050920158624649 0.05359090119600296
v -0.02005710080265999 0.037503499537706375 0.05559860169887543
v -0.02289479970932007 0.03883960098028183 0.05354730039834976
v -0.022230200469493866 0.04141639918088913 0.05187010020017624
v -0.006420270074158907 0.019423099234700203 -0.0669441968202591
v -0.0030410599429160357 0.020649200305342674 -0.06681589782238007
v -0.005819309968501329 0.02282720059156418 -0.0659170001745224
v -0.00042499101255089045 0.015522199682891369 -0.06825599819421768
v -3.9447200833819807e-05 0.018692199140787125 -0.06745810061693192
v -0.0034272600896656513 0.017496200278401375 -0.06769149750471115
v 0.002829540055245161 0.016578499227762222 -0.06794960051774979
v -0.011927399784326553 0.02353229932487011 -0.0648379996418953
v -0.009185940027236938 0.02150600031018257 -0.06597810238599777
v -0.008576570078730583 0.024884700775146484 -0.06486289948225021
v -0.010671899653971195 0.03014950081706047 -0.06226649880409241
v -0.01131459977477789 0.026876499876379967 -0.06363669782876968
v -0.00794789008796215 0.028197400271892548 -0.06357470154762268
v -0.007358110044151545 0.0314301997423172 -0.062112800776958466
v -0.04748300090432167 0.04884690046310425 0.0161042008548975
v -0.047269999980926514 0.05059029906988144 0.010303700342774391
v -0.04492010176181793 0.05156639963388443 0.014936099760234356
v -0.04480019956827164 0.05242399871349335 0.012027700431644917
v -0.04742100089788437 0.04976530000567436 0.01321639958769083
v -0.04549479857087135 0.05001220107078552 0.018138499930500984
v -0.044383298605680466 0.05387920141220093 0.005210509989410639
v -0.04338559880852699 0.054108601063489914 0.00948456022888422
v -0.041484300047159195 0.05607429891824722 0.005892939865589142
v -0.04587950184941292 0.05229499936103821 0.007766040042042732
v 0.04131010174751282 0.05101130157709122 0.0243172999471426
v 0.04399079829454422 0.04857470095157623 0.024602999910712242
v 0.04163939878344536 0.04919400066137314 0.02731500007212162
v 0.0454523004591465 0.04966679960489273 0.019164999946951866
v 0.04807860031723976 0.04715520143508911 0.019100600853562355
v 0.04605749994516373 0.04789400100708008 0.022019900381565094
v 0.04343169927597046 0.0503976009786129 0.02176639996469021
v 0.008991239592432976 0.05457320064306259 -0.04290600121021271
v 0.0046332902275025845 0.057835500687360764 -0.03916100040078163
v 0.004678970202803612 0.05477600172162056 -0.04333249852061272
v 0.0024940199218690395 0.05637019872665405 -0.041426900774240494
v 0.0068198698572814465 0.05626710131764412 -0.04107930138707161
v 0.007409010082483292 0.05290570110082626 -0.04523380100727081
v -0.0009610059787519276 0.05876389890909195 -0.03802480176091194
v -0.0003065229975618422 0.056836698204278946 -0.0408594012260437
v 0.001837710035033524 0.058349501341581345 -0.038625799119472504
v -0.0032499399967491627 0.05770149827003479 -0.03949650004506111
v -0.02806740067899227 0.016923600807785988 0.06185320019721985
v -0.031018700450658798 0.018432799726724625 0.0599839985370636
v -0.027972400188446045 0.020482299849390984 0.060811299830675125
v -0.021952899172902107 0.020725499838590622 0.06315480172634125
v -0.024912400171160698 0.022387299686670303 0.061466898769140244
v -0.021683599799871445 0.024312099441885948 0.061957601457834244
v -0.025044400244951248 0.01885030046105385 0.06258949637413025
v 0.01762150041759014 0.014973999932408333 -0.06607010215520859
v 0.018394099548459053 0.018171200528740883 -0.06504970043897629
v 0.015102799981832504 0.017211899161338806 -0.06614869832992554
v 0.011354000307619572 0.012864500284194946 -0.06786449998617172
v 0.014505100436508656 0.013935999944806099 -0.06704770028591156
v 0.011966000311076641 0.016156800091266632 -0.067050501704216
v 0.008726850152015686 0.015249299816787243 -0.06775909662246704
v 0.025356000289320946 0.022811399772763252 -0.06112869828939438
v 0.02290000021457672 0.025276100262999535 -0.06112860143184662
v 0.022266700863838196 0.022095300257205963 -0.06257790327072144
v 0.02369539998471737 0.016941199079155922 -0.06365159898996353
v 0.024553000926971436 0.019898399710655212 -0.06245959922671318
v 0.02143079973757267 0.01915239915251732 -0.06382720172405243
v 0.020683100447058678 0.015976600348949432 -0.06493809819221497
v -0.05508219823241234 0.03479389846324921 0.02559960074722767
v -0.05254080146551132 0.03752870112657547 0.027038199827075005
v -0.053144898265600204 0.034936800599098206 0.02924099937081337
v -0.052361100912094116 0.04049580171704292 0.022768499329686165
v -0.051144201308488846 0.04035760089755058 0.0256034005433321
v -0.05378739908337593 0.03769100084900856 0.024213699623942375
v -0.050032299011945724 0.04323919862508774 0.022959500551223755
v 0.02317110076546669 0.053929198533296585 -0.038141101598739624
v 0.026588400825858116 0.051793601363897324 -0.03886500000953674
v 0.02367600053548813 0.05176519975066185 -0.04074079915881157
v 0.028960300609469414 0.053334999829530716 -0.034880898892879486
v 0.026095300912857056 0.053693100810050964 -0.03655260056257248
v 0.029465099796652794 0.05145610123872757 -0.03720320016145706
v 0.03218799829483032 0.051697999238967896 -0.034514401108026505
v 0.018591800704598427 0.05183880031108856 0.04320970177650452
v 0.021967999637126923 0.051959600299596786 0.041443999856710434
v 0.021828800439834595 0.049646299332380295 0.04425770044326782
v 0.019485700875520706 0.05641369894146919 0.03657599911093712
v 0.022418199107050896 0.05425669997930527 0.03812659904360771
v 0.01907080039381981 0.054217301309108734 0.039959900081157684
v 0.022947000339627266 0.05584679916501045 0.035420000553131104
v 0.01835470087826252 0.046601198613643646 0.048902299255132675
v 0.01850160025060177 0.04929539933800697 0.04612649977207184
v 0.021706199273467064 0.04701479896903038 0.04710039868950844
v 0.02454949915409088 0.04211699962615967 0.050234198570251465
v 0.02148520015180111 0.04442739859223366 0.049644600600004196
v 0.024804500862956047 0.04476260021328926 0.04776030033826828
v 0.027685800567269325 0.042566899210214615 0.048182498663663864
v -0.0678509995341301 0.016737200319767 -0.004013239871710539
v -0.0669206976890564 0.020085500553250313 -0.00426511000841856
v -0.06742460280656815 0.01878580078482628 -0.0010073899757117033
v -0.06839799880981445 0.014877299778163433 -0.0006117969751358032
v -0.06788560003042221 0.016905099153518677 0.0024003901053220034
v -0.06802500039339066 0.015494200401008129 0.0057034799829125404
v -0.053734101355075836 0.015645600855350494 0.042045898735523224
v -0.05344019830226898 0.018896199762821198 0.0410740002989769
v -0.05146859958767891 0.017986299470067024 0.04390310123562813
v -0.04989359900355339 0.012590499594807625 0.047456398606300354
v -0.04955429956316948 0.016459399834275246 0.04662039875984192
v -0.04724559932947159 0.01540020015090704 0.04930200055241585
v -0.051884498447179794 0.014137299731373787 0.04481219872832298
v -0.056960199028253555 0.023532500490546227 0.033192701637744904
v -0.05470599979162216 0.026120299473404884 0.034999798983335495
v -0.055080000311136246 0.022854600101709366 0.03665870055556297
v -0.05658769980072975 0.017995499074459076 0.03706739842891693
v -0.05684040114283562 0.020788300782442093 0.03517119958996773
v -0.054857298731803894 0.020068399608135223 0.03857380151748657
v -0.055215101689100266 0.016837000846862793 0.03959549963474274
v 0.02401519939303398 0.05862579867243767 0.0297704990953207
v 0.020230399444699287 0.060097601264715195 0.02964800037443638
v 0.02315470017492771 0.06031149998307228 0.02695159986615181
v 0.0264918003231287 0.05896589905023575 0.02685539983212948
v -0.034070998430252075 0.012709399685263634 0.05981329828500748
v -0.0340224988758564 0.016321400180459023 0.058958299458026886
v -0.031115200370550156 0.014838499948382378 0.06092340126633644
v -0.03949030116200447 0.015931300818920135 0.05555820092558861
v -0.03673379868268967 0.017933599650859833 0.05682440102100372
v -0.03683510050177574 0.014341600239276886 0.05777110159397125
v -0.03934929892420769 0.01929290033876896 0.05458400025963783
v -0.057001300156116486 0.031447600573301315 0.025727400556206703
v -0.05733349919319153 0.033328499644994736 0.02240709960460663
v -0.055634401738643646 0.036323800683021545 0.022031599655747414
v -0.05776720121502876 0.034784700721502304 0.018787700682878494
v -0.05921829864382744 0.022339200600981712 0.029902400448918343
v -0.05796939879655838 0.025820599868893623 0.02954390086233616
v -0.05513500049710274 0.029996000230312347 0.03098990023136139
v -0.057005301117897034 0.02903359942138195 0.02841549925506115
v -0.055181898176670074 0.03243809938430786 0.02833239920437336
v -0.056119199842214584 0.026798399165272713 0.03213230147957802
v -0.05989370122551918 0.016740500926971436 0.03213249891996384
v -0.06066109985113144 0.018928799778223038 0.029358599334955215
v -0.05851040035486221 0.020165199413895607 0.03270919993519783
v -0.062337398529052734 0.017793800681829453 0.02640880085527897
v -0.06165580078959465 0.015629500150680542 0.029227999970316887
v -0.06391160190105438 0.016398100182414055 0.0233754999935627
v -0.018685299903154373 0.022613199427723885 0.06355710327625275
v -0.018383700400590897 0.02616940066218376 0.06226719915866852
v -0.014856199733912945 0.027911199256777763 0.06245199963450432
v -0.017857100814580917 0.029614299535751343 0.06086140125989914
v -0.01737320050597191 0.032901499420404434 0.059293098747730255
v -0.018758699297904968 0.019194699823856354 0.06465040147304535
v -0.02185799926519394 0.016910400241613388 0.06431379914283752
v -0.018628299236297607 0.015346599742770195 0.06570740044116974
v -0.024922600015997887 0.015007800422608852 0.06366810202598572
v -0.0664042979478836 0.019454900175333023 -0.010582099668681622
v -0.06620349735021591 0.021448299288749695 -0.007554399780929089
v -0.06721790134906769 0.018120400607585907 -0.007307469844818115
v -0.06506890058517456 0.02470720000565052 -0.007456200197339058
v -0.06536480039358139 0.0227425005286932 -0.01049839984625578
v 0.0663423016667366 0.02136480063199997 -0.006499399896711111
v 0.06513340026140213 0.024817099794745445 -0.006461679935455322
v 0.06541989743709564 0.022987699136137962 -0.00958121009171009
v 0.0646945983171463 0.026517199352383614 -0.003383530071005225
v 0.06599190086126328 0.02309349924325943 -0.003430010052397847
v 0.06653270125389099 0.017799900844693184 -0.012512699700891972
v 0.06652049720287323 0.019606899470090866 -0.009517939761281013
v 0.06551279872655869 0.021202100440859795 -0.012591400183737278
v 0.0642298012971878 0.020616300404071808 -0.018695000559091568
v 0.06436269730329514 0.022613100707530975 -0.01568719930946827
v 0.06302160024642944 0.024020599201321602 -0.018742799758911133
v 0.06546720117330551 0.019233400002121925 -0.015624400228261948
v 0.06730859726667404 0.01808219961822033 -0.006525449920445681
v 0.0674050971865654 0.016297999769449234 -0.00953586958348751
v 0.0676598995923996 0.017938200384378433 -0.0005975660169497132
v 0.06708379834890366 0.01967580057680607 -0.003552860114723444
v 0.06796610355377197 0.016366399824619293 -0.0035708900541067123
v 0.06665380299091339 0.02137869969010353 -0.0004753299872390926
v 0.06123270094394684 0.023265400901436806 -0.024683600291609764
v 0.06281439960002899 0.021969899535179138 -0.021717999130487442
v 0.061521198600530624 0.025346999987959862 -0.021741099655628204
v 0.05987749993801117 0.026566900312900543 -0.02467549964785576
v 0.060084398835897446 0.02861749939620495 -0.02170030027627945
v 0.06343340128660202 0.01659180037677288 -0.024513699114322662
v 0.06391429901123047 0.018628200516104698 -0.021632300689816475
v 0.062411800026893616 0.01995369978249073 -0.024629700928926468
v 0.06540209800004959 0.016764499247074127 -0.018480099737644196
v 0.0649987980723381 0.014747800305485725 -0.02139279991388321
v 0.06654159724712372 0.015350700356066227 -0.015380599536001682
v 0.060141000896692276 0.01901260018348694 -0.030357500538229942
v 0.061867501586675644 0.017825299873948097 -0.02747119963169098
v 0.06076670065522194 0.02116679958999157 -0.027556700631976128
v 0.05768800154328346 0.02549700066447258 -0.030364500358700752
v 0.05898689851164818 0.022282099351286888 -0.030398299917578697
v 0.05953599885106087 0.02441219985485077 -0.027559099718928337
v 0.05810470134019852 0.027685100212693214 -0.027520500123500824
v 0.02399970032274723 0.055677399039268494 -0.03498629853129387
v 0.02065199986100197 0.05606520175933838 -0.03647169843316078
v 0.019995899870991707 0.05393600091338158 -0.03988819941878319
v 0.01745069958269596 0.05601640045642853 -0.03817899897694588
v 0.013898099772632122 0.05624790117144585 -0.039281200617551804
v -0.004830610007047653 0.06073559820652008 -0.03446520119905472
v -0.008663100190460682 0.06097109988331795 -0.033278800547122955
v 0.028427399694919586 0.060034699738025665 -0.022084400057792664
v 0.03495170176029205 0.05615279823541641 -0.022918200120329857
v 0.0323369987308979 0.05852949991822243 -0.020702999085187912
v 0.031116699799895287 0.057782500982284546 -0.024350199848413467
v 0.03151090070605278 0.05503879860043526 -0.02962769940495491
v 0.03328070044517517 0.05567830055952072 -0.026311999186873436
v 0.029373399913311005 0.05718639865517616 -0.02769320085644722
v 0.028175700455904007 0.056233301758766174 -0.030723800882697105
v 0.03421410173177719 0.06043289974331856 -0.008789249695837498
v 0.04197290167212486 0.055666301399469376 -0.0062877400778234005
v 0.04095879942178726 0.05669189989566803 -0.002900359919294715
v 0.039310701191425323 0.05760139971971512 -0.006062330212444067
v 0.038568899035453796 0.05728190019726753 -0.011455300264060497
v 0.037603698670864105 0.05840519815683365 -0.008648250252008438
v 0.03522050008177757 0.05936940014362335 -0.011609800159931183
v 0.0403130017220974 0.056533098220825195 -0.008880769833922386
v 0.04252159968018532 0.055192600935697556 0.006759469863027334
v 0.04527980089187622 0.05337490141391754 0.0009265179978683591
v 0.04123130068182945 0.0564517006278038 0.003632080042734742
v 0.04395110160112381 0.054346099495887756 0.0038473999593406916
v 0.04260709881782532 0.05553489923477173 0.0007116390042938292
v 0.040315400809049606 0.05686840042471886 0.006375929806381464
v 0.04370250180363655 0.054615799337625504 -0.0026852900628000498
v -0.033398598432540894 0.060336899012327194 -0.011999400332570076
v -0.03215450048446655 0.061524901539087296 -0.008987249806523323
v -0.03513450175523758 0.05985419824719429 -0.009112309664487839
v -0.030974099412560463 0.06133969873189926 -0.013343400321900845
v -0.042186301201581955 0.05543629825115204 -0.006865319795906544
v -0.039531201124191284 0.05739760026335716 -0.006541859824210405
v -0.04152290150523186 0.05623700097203255 -0.0036393499467521906
v -0.03837680071592331 0.05707469955086708 -0.013026800006628036
v -0.03592120110988617 0.05876050144433975 -0.01252480037510395
v -0.03763369843363762 0.058232299983501434 -0.009628480300307274
v -0.04033840075135231 0.05633480101823807 -0.009960100054740906
v -0.046250298619270325 0.05251520127058029 -0.0017507600132375956
v -0.044276099652051926 0.054046399891376495 -0.004313679877668619
v -0.043563198298215866 0.0547822006046772 -0.0010792099637910724
v -0.04537909850478172 0.05327039957046509 0.00173225998878479
v -0.042631298303604126 0.05546870082616806 0.0024061400908976793
v -0.013119599781930447 0.016759999096393585 -0.06668569892644882
v -0.00978291966021061 0.01811560057103634 -0.06690379977226257
v -0.012539699673652649 0.020172299817204475 -0.06584709882736206
v -0.0036666500382125378 0.013851599767804146 -0.06851779669523239
v -0.006668820045888424 0.015805799514055252 -0.0678652971982956
v -0.010025200434029102 0.014475200325250626 -0.06774929910898209
v -0.01733360067009926 0.027432799339294434 -0.06202410161495209
v -0.014650099910795689 0.025516699999570847 -0.06351590156555176
v -0.01402129977941513 0.028829300776124 -0.06222759932279587
v -0.018505800515413284 0.020674599334597588 -0.06426580250263214
v -0.01523669995367527 0.02213270030915737 -0.06463730335235596
v -0.017943600192666054 0.024085700511932373 -0.06322900205850601
v -0.015832999721169472 0.018741300329566002 -0.06555970013141632
v 0.03892210125923157 0.05165620148181915 0.02677140012383461
v 0.03836660087108612 0.053518299013376236 0.023744499310851097
v 0.03591790050268173 0.05408709868788719 0.026162900030612946
v 0.03304459899663925 0.05586110055446625 0.026221899315714836
v 0.04763289913535118 0.051288798451423645 0.0007520960061810911
v 0.04637819901108742 0.05227620154619217 0.004032350145280361
v 0.048654500395059586 0.050262100994586945 -0.0025431299582123756
v 0.046348199248313904 0.052404601126909256 -0.0023678001016378403
v -0.016008500009775162 0.03380360081791878 -0.059169601649045944
v -0.016692599281668663 0.030657699331641197 -0.060674998909235
v -0.01335769984871149 0.032018598169088364 -0.06079789996147156
v -0.012677899561822414 0.03515550121665001 -0.05918920040130615
v -0.01000600028783083 0.03332579880952835 -0.06073930114507675
v -0.006678080186247826 0.03456620126962662 -0.06050270050764084
v -0.02382590062916279 0.024382399395108223 -0.06113779917359352
v -0.02119389921426773 0.02255829982459545 -0.06278490275144577
v -0.020607199519872665 0.025942200794816017 -0.061663199216127396
v -0.02254199981689453 0.031028300523757935 -0.05855859816074371
v -0.023214999586343765 0.027742499485611916 -0.059928398579359055
v -0.019964300096035004 0.029269399121403694 -0.06037160009145737
v -0.019300300627946854 0.032457999885082245 -0.058940500020980835
v -0.024915900081396103 0.017712200060486794 -0.06297200173139572
v -0.021739499643445015 0.019218700006604195 -0.06370270252227783
v -0.024401400238275528 0.021073700860142708 -0.06213270127773285
v -0.019190499559044838 0.016817200928926468 -0.0651836022734642
v -0.02239679917693138 0.015330799855291843 -0.06452400237321854
v -0.016491100192070007 0.01485500019043684 -0.0663881003856659
v -0.028925500810146332 0.027820700779557228 -0.05735259875655174
v -0.026410900056362152 0.026136299595236778 -0.059324201196432114
v -0.025768300518393517 0.029464000836014748 -0.058033399283885956
v -0.030052699148654938 0.021116599440574646 -0.05958959832787514
v -0.026975000277161598 0.02277960069477558 -0.0604436993598938
v -0.029527699574828148 0.02450069971382618 -0.05854770168662071
v -0.027519000694155693 0.01943890005350113 -0.06135819852352142
v -0.02749899961054325 0.03432939946651459 -0.05445459857583046
v -0.028250299394130707 0.031116999685764313 -0.05597899854183197
v -0.025053899735212326 0.03272249922156334 -0.05658210068941116
v -0.021031999960541725 0.03726299852132797 -0.05539970099925995
v -0.024297300726175308 0.035843200981616974 -0.05499919876456261
v -0.021815499290823936 0.03419030085206032 -0.05705359950661659
v -0.018544599413871765 0.03558000177145004 -0.05735990032553673
v -0.033736199140548706 0.030977999791502953 -0.05293609946966171
v -0.031373001635074615 0.02943889982998371 -0.05521849915385246
v -0.030658600851893425 0.03269749879837036 -0.05376730114221573
v -0.03497859835624695 0.024338899180293083 -0.05553479865193367
v -0.03199459984898567 0.02611449919641018 -0.0565188005566597
v -0.034403398633003235 0.02769549936056137 -0.054308101534843445
v -0.032558098435401917 0.022757399827241898 -0.057637400925159454
v -0.0320299006998539 0.03644489869475365 -0.05045650154352188
v -0.03291580080986023 0.03374499827623367 -0.051747698336839676
v -0.029795600101351738 0.03542419895529747 -0.05251049995422363
v -0.02688639983534813 0.03951619938015938 -0.05114290118217468
v -0.027219299226999283 0.03695889934897423 -0.05285029858350754
v -0.02399439923465252 0.03844600170850754 -0.05334949865937233
v -0.02948549948632717 0.03801580145955086 -0.050846900790929794
v -0.03960679844021797 0.027313899248838425 -0.050845399498939514
v -0.03734249994158745 0.025860900059342384 -0.05326110124588013
v -0.03672049939632416 0.029184900224208832 -0.05196009948849678
v -0.03871820122003555 0.03110639937222004 -0.04932840168476105
v -0.035767100751399994 0.03293199837207794 -0.050360698252916336
v -0.034898798912763596 0.03565530106425285 -0.049099601805210114
v -0.040656398981809616 0.020513800904154778 -0.05316239967942238
v -0.03786829859018326 0.022456400096416473 -0.054421499371528625
v -0.040185701102018356 0.023946000263094902 -0.05207400023937225
v -0.03572160005569458 0.017684699967503548 -0.05754319950938225
v -0.035394199192523956 0.021037999540567398 -0.05660960078239441
v -0.03823930025100708 0.01912439987063408 -0.05542580038309097
v -0.03292759880423546 0.019424499943852425 -0.058638401329517365
v -0.04505850002169609 0.02336600050330162 -0.04820540174841881
v -0.0429144985973835 0.021969100460410118 -0.050751399248838425
v -0.04238919913768768 0.025373799726366997 -0.04959160089492798
v -0.04382830113172531 0.029675699770450592 -0.04580869898200035
v -0.04449690133333206 0.026552699506282806 -0.04706360027194023
v -0.04176950082182884 0.0285302996635437 -0.048387300223112106
v -0.04082990065217018 0.032287098467350006 -0.046802300959825516
v -0.04571849852800369 0.016520900651812553 -0.05036750063300133
v -0.04324189946055412 0.018540700897574425 -0.05183029919862747
v -0.045448798686265945 0.019969899207353592 -0.049351900815963745
v -0.03836189955472946 0.015413199551403522 -0.05648709833621979
v -0.04083950072526932 0.016832400113344193 -0.05430290102958679
v -0.04337390139698982 0.014832800254225731 -0.0529026985168457
v -0.04900360107421875 0.02594509907066822 -0.04272580146789551
v -0.04709390178322792 0.02468850091099739 -0.04552629962563515
v -0.046475499868392944 0.02784609980881214 -0.04432410001754761
v -0.05000729858875275 0.01919570006430149 -0.045064400881528854
v -0.0475957989692688 0.02130899950861931 -0.04669659957289696
v -0.04957130178809166 0.02260039933025837 -0.04395350068807602
v -0.047928500920534134 0.017882799729704857 -0.04778140038251877
v 0.04015589877963066 0.05465810000896454 -0.017320599406957626
v 0.042644400149583817 0.05266309902071953 -0.017551399767398834
v 0.042087700217962265 0.054010000079870224 -0.014544599689543247
v 0.04297349974513054 0.0513032004237175 -0.020524699240922928
v 0.04051889851689339 0.053346000611782074 -0.020308200269937515
v -0.013903399929404259 0.011382300406694412 0.06765460222959518
v -0.012335799634456635 0.008655820041894913 0.06835869699716568
v -0.015838000923395157 0.008743859827518463 0.06762179732322693
v -0.008708319626748562 0.009274209849536419 0.06883429735898972
v -0.010289699770510197 0.012012099847197533 0.06818970292806625
v 0.014020999893546104 0.010356700047850609 0.06779489666223526
v 0.01577340066432953 0.008070490323007107 0.06772050261497498
v 0.01239589974284172 0.008063980378210545 0.06842009723186493
v 0.009005979634821415 0.008731960318982601 0.06886690109968185
v 0.010643799789249897 0.011034499853849411 0.06830040365457535
v 0.04382159933447838 0.05295779928565025 0.01323390007019043
v 0.04565440118312836 0.05207439884543419 0.010195000097155571
v 0.04659600183367729 0.05053669959306717 0.013223100453615189
v 0.04498879984021187 0.05317600071430206 0.006951089948415756
v 0.04322519898414612 0.05414240062236786 0.01000909972935915
v -0.05376780033111572 0.029343899339437485 0.03388160094618797
v -0.05172859877347946 0.03183940052986145 0.034790799021720886
v -0.05313960090279579 0.0325143001973629 0.03192180022597313
v -0.030102500692009926 0.06005550175905228 -0.019677000120282173
v -0.03096660040318966 0.06046620011329651 -0.016879500821232796
v 0.002025220077484846 0.060098398476839066 -0.03583410009741783
v -0.0013088099658489227 0.06030840054154396 -0.035513099282979965
v 0.00781301036477089 0.05822400003671646 -0.03806469962000847
v 0.004824520088732243 0.059605300426483154 -0.036385901272296906
v -0.023827500641345978 0.0409495010972023 -0.05153049901127815
v -0.02089259959757328 0.03981349989771843 -0.05365059897303581
v -0.017987199127674103 0.038463298231363297 -0.05565100163221359
v -0.015473900362849236 0.03673449903726578 -0.05754249915480614
v -0.017833499237895012 0.04099209979176521 -0.05386659875512123
v 0.01622530072927475 0.055932700634002686 0.03883650153875351
v 0.01577170006930828 0.05362119898200035 0.042142800986766815
v 0.015777600929141045 0.051050201058387756 0.0452210009098053
v 0.01565679907798767 0.048421598970890045 0.04806460067629814
v 0.012938699685037136 0.05278639867901802 0.04411559924483299
v 0.010289199650287628 0.06167060136795044 0.03147809952497482
v 0.014141400344669819 0.06051339954137802 0.032220300287008286
v 0.017970800399780273 0.059018898755311966 0.03307290002703667
v 0.02179040014743805 0.05762530118227005 0.03323410078883171
v 0.015704099088907242 0.05805730074644089 0.035815201699733734
v -0.04713920131325722 0.01205230038613081 0.05032530054450035
v -0.0443807989358902 0.014832000248134136 0.05206109955906868
v -0.04200970008969307 0.017063800245523453 0.05332930013537407
v -0.041912201792001724 0.01372000016272068 0.05436110123991966
v -0.054229799658060074 0.01297330018132925 0.04231800138950348
v -0.05233810096979141 0.011451099999248981 0.045051101595163345
v -0.051486700773239136 0.009192939847707748 0.04652540013194084
v -0.04902910068631172 0.00935435015708208 0.049077898263931274
v -0.04932349920272827 0.048517100512981415 0.010643700137734413
v -0.0484762005507946 0.049947500228881836 0.007437069900333881
v -0.04973839968442917 0.04628859832882881 0.016836199909448624
v -0.04944600164890289 0.04765990003943443 0.013550899922847748
v -0.047992199659347534 0.05093900114297867 0.001404409995302558
v -0.04704219847917557 0.051605500280857086 0.0048889899626374245
v -0.04892779886722565 0.050005000084638596 -0.002359630074352026
v 0.025203699246048927 0.05692889913916588 0.031998101621866226
v -0.025558700785040855 0.014749799855053425 -0.06347589939832687
v -0.030687499791383743 0.014571400359272957 -0.061204198747873306
v -0.02783459983766079 0.01616089977324009 -0.06216159835457802
v -0.030405700206756592 0.017864899709820747 -0.06046770140528679
v -0.02844570018351078 0.013177200220525265 -0.06258759647607803
v 0.06286189705133438 0.01438669953495264 -0.02722869999706745
v 0.06121550127863884 0.015599099919199944 -0.030155200511217117
v 0.06418800354003906 0.01368310023099184 -0.024344999343156815
v 0.0635451003909111 0.011459199711680412 -0.02703169919550419
v 0.05628259852528572 0.02112860046327114 -0.035858698189258575
v 0.05828569829463959 0.020096100866794586 -0.03315009921789169
v 0.05705989897251129 0.023343399167060852 -0.03315500169992447
v 0.059418000280857086 0.016663599759340286 -0.033042699098587036
v 0.05748499929904938 0.01772269979119301 -0.0357964001595974
v -0.020367499440908432 0.05972110107541084 0.030307700857520103
v -0.022718800231814384 0.06052910163998604 0.02683440037071705
v -0.02438019961118698 0.05867689847946167 0.029370399191975594
v -0.01958799920976162 0.06137999892234802 0.027364199981093407
v 0.023804500699043274 0.028065599501132965 -0.059545498341321945
v 0.026284800842404366 0.02562130056321621 -0.05960420146584511
v 0.021087899804115295 0.03071580082178116 -0.05926080048084259
v 0.03182090073823929 0.023012299090623856 -0.05794709920883179
v 0.028626399114727974 0.022942300885915756 -0.059616900980472565
v 0.029525600373744965 0.02572599984705448 -0.05802080035209656
v 0.029583800584077835 0.017454400658607483 -0.060992900282144547
v 0.030737800523638725 0.02025669999420643 -0.059538599103689194
v 0.027502600103616714 0.020156899467110634 -0.061133500188589096
v 0.02666820026934147 0.01721630059182644 -0.06238910183310509
v -0.03564620018005371 0.014784899540245533 -0.05840170010924339
v -0.03324570134282112 0.016147999092936516 -0.05944719910621643
v -0.03312529996037483 0.013226199895143509 -0.060231100767850876
v -0.010226299986243248 0.06227310001850128 0.03029000014066696
v -0.013575499877333641 0.06097320094704628 0.03159080073237419
v -0.020428000018000603 0.05576439946889877 0.0370544008910656
v -0.017175499349832535 0.05755480006337166 0.03595060110092163
v -0.017133699730038643 0.05541969835758209 0.039180200546979904
v -0.017146199941635132 0.05953950062394142 0.03257390111684799
v -0.020429600030183792 0.057833101600408554 0.03373369947075844
v -0.01683269999921322 0.06126530095934868 0.02938069961965084
v -0.02028140053153038 0.0510919988155365 0.04333909973502159
v -0.020386600866913795 0.05351199954748154 0.04025980085134506
v -0.01706009916961193 0.05307900160551071 0.042326901108026505
v -0.016962699592113495 0.05042089894413948 0.04549729824066162
v -0.01371069997549057 0.052333101630210876 0.044421400874853134
v 0.018223600462079048 0.04057740047574043 0.05404980108141899
v 0.018318500369787216 0.04365929961204529 0.05155869945883751
v 0.02141769975423813 0.041407398879528046 0.05221790075302124
v 0.015597499907016754 0.045548900961875916 0.050813499838113785
v 0.015530499629676342 0.042529501020908356 0.05338580161333084
v 0.024029400199651718 0.03586350008845329 0.055103499442338943
v 0.02115730009973049 0.038276199251413345 0.05465620011091232
v 0.024328699335455894 0.03905310109257698 0.05275379866361618
v 0.027237100526690483 0.03648990020155907 0.05316599830985069
v 0.027499599382281303 0.039624299854040146 0.05073149874806404
v 0.017680799588561058 0.03739909827709198 0.056468501687049866
v 0.02058829925954342 0.035037800669670105 0.05699539929628372
v 0.015469400212168694 0.03981940075755119 0.055453699082136154
v 0.012757199816405773 0.04172990098595619 0.054734598845243454
v 0.023479599505662918 0.029198599979281425 0.05912819877266884
v 0.02031330019235611 0.031700499355793 0.05901230126619339
v 0.023791499435901642 0.03258169814944267 0.057204898446798325
v 0.029736800119280815 0.030755499377846718 0.05540600046515465
v 0.026645900681614876 0.030019599944353104 0.05734829977154732
v 0.02692350000143051 0.033359501510858536 0.055337801575660706
v 0.030095500871539116 0.033932700753211975 0.05331819877028465
v 0.0446925014257431 0.0513761006295681 0.016219599172472954
v 0.04741109907627106 0.048887599259614944 0.016192300245165825
v 0.04996899887919426 0.046302299946546555 0.016099700704216957
v 0.05498040094971657 0.02423200011253357 -0.03591600060462952
v 0.05569180101156235 0.026422500610351562 -0.03317039832472801
v 0.056196000427007675 0.028618099167943 -0.0303811002522707
v 0.05420120060443878 0.016654299572110176 -0.041047099977731705
v 0.056445199996232986 0.015483199618756771 -0.03839550167322159
v 0.05531429871916771 0.01891620084643364 -0.03850330039858818
v 0.05179909989237785 0.02309180051088333 -0.04103200137615204
v 0.053064100444316864 0.01989700086414814 -0.041089098900556564
v 0.054110899567604065 0.022138899192214012 -0.038495201617479324
v 0.05273839831352234 0.02521589957177639 -0.03850739821791649
v 0.027387600392103195 0.05723809823393822 0.029558800160884857
v 0.029820699244737625 0.05747640132904053 0.026593100279569626
v 0.03213910013437271 0.05757049843668938 0.023509999737143517
v -0.049789901822805405 0.04480399936437607 0.020336400717496872
v -0.047596998512744904 0.04742730036377907 0.01962590031325817
v -0.052165500819683075 0.04209589958190918 0.020166700705885887
v -0.05424199998378754 0.03915780037641525 0.020602600648999214
v -0.06734330207109451 0.01589909940958023 -0.010587399825453758
v -0.06808269768953323 0.01454159989953041 -0.00730004021897912
v -0.06851690262556076 0.01379149965941906 -0.0039021300617605448
v -0.06897760182619095 0.011909999884665012 -0.000496694992762059
v -0.06586410105228424 0.016552699729800224 -0.01696860045194626
v -0.066217802464962 0.018026599660515785 -0.013792700134217739
v -0.06709010154008865 0.01444969978183508 -0.013788600452244282
v -0.06423559784889221 0.022753000259399414 -0.016002699732780457
v -0.06539499759674072 0.021128199994564056 -0.01330769993364811
v -0.06511969864368439 0.019673999398946762 -0.01650330051779747
v -0.06426990032196045 0.024390000849962234 -0.013210100121796131
v -0.04335720092058182 0.011973599903285503 -0.05363570153713226
v -0.04576350003480911 0.013683900237083435 -0.051170799881219864
v 0.03515639901161194 0.05833619832992554 -0.016152899712324142
v 0.03241629898548126 0.05958050116896629 -0.01730179972946644
v 0.03509939834475517 0.05731850117444992 -0.01956080086529255
v 0.03349209949374199 0.05986279994249344 -0.013954300433397293
v 0.035951800644397736 0.05439870059490204 -0.025460800155997276
v 0.03422589972615242 0.053835198283195496 -0.028815999627113342
v 0.037694498896598816 0.056554701179265976 -0.016753800213336945
v 0.03761199861764908 0.05549129843711853 -0.020150600001215935
v 0.037922799587249756 0.0541067011654377 -0.023115500807762146
v -0.03341900184750557 0.05951099842786789 -0.015543900430202484
v -0.03592130169272423 0.05789339914917946 -0.016062699258327484
v -0.03906340152025223 0.05572649836540222 -0.01638909988105297
v -0.041785601526498795 0.053684301674366 -0.016491200774908066
v -0.04113680124282837 0.05509139969944954 -0.01314149983227253
v -0.043046899139881134 0.05427519977092743 -0.010057900100946426
v -0.02384519949555397 0.05347380042076111 0.03836610168218613
v -0.023764099925756454 0.0511167012155056 0.04150120168924332
v -0.023005299270153046 0.057810500264167786 0.03207330033183098
v -0.023025399073958397 0.05580449849367142 0.03543569892644882
v -0.019736099988222122 0.0458839014172554 0.04904239997267723
v -0.020039400085806847 0.048562198877334595 0.04626160115003586
v -0.01668510027229786 0.047799598425626755 0.04834049940109253
v -0.026166200637817383 0.04635079950094223 0.045463498681783676
v -0.02326039969921112 0.048798199743032455 0.04447130113840103
v -0.022982999682426453 0.04618149995803833 0.04731860011816025
v -0.026708200573921204 0.04873700067400932 0.04256030172109604
v 0.017497500404715538 0.011158600449562073 -0.06685300171375275
v 0.014361100271344185 0.010103699751198292 -0.06776189804077148
v 0.019908299669623375 0.013160300441086292 -0.0658062994480133
v 0.022949500009417534 0.014145700260996819 -0.0646004006266594
v -0.04818199947476387 0.028677700087428093 -0.04190570116043091
v -0.04559490084648132 0.030546599999070168 -0.043451301753520966
v -0.043345000594854355 0.03272629901766777 -0.04416099935770035
v -0.053640998899936676 0.021897699683904648 -0.039282798767089844
v -0.05189559981226921 0.02057499997317791 -0.04223170131444931
v -0.05138750001788139 0.023951800540089607 -0.041056398302316666
v -0.05285400152206421 0.025783900171518326 -0.03796900063753128
v -0.05051859840750694 0.02780430018901825 -0.03968369960784912
v -0.05436209961771965 0.014796599745750427 -0.04154299944639206
v -0.052252400666475296 0.01701810024678707 -0.043359801173210144
v -0.054078999906778336 0.01837339997291565 -0.040470801293849945
v -0.05023520067334175 0.015399299561977386 -0.04625239968299866
v -0.052411600947380066 0.013195100240409374 -0.044484999030828476
v -0.04807709902524948 0.014056799933314323 -0.04889789968729019
v -0.05775680020451546 0.017141999676823616 -0.035641301423311234
v -0.05613379925489426 0.015990400686860085 -0.03864330053329468
v -0.05577410012483597 0.019546199589967728 -0.03751260042190552
v -0.056739501655101776 0.024131599813699722 -0.03314049914479256
v -0.05733039975166321 0.020666399970650673 -0.03444020077586174
v -0.055264100432395935 0.02304540015757084 -0.03626000136137009
v -0.054398998618125916 0.026899399235844612 -0.034887898713350296
v -0.05621679872274399 0.012595400214195251 -0.03976209834218025
v -0.057923901826143265 0.013771300204098225 -0.03681270033121109
v -0.052595000714063644 0.009689729660749435 -0.04516499862074852
v -0.054625801742076874 0.011313100345432758 -0.04228520020842552
v -0.056404199451208115 0.009092239663004875 -0.0404461994767189
v -0.0605975016951561 0.01921279914677143 -0.02930550090968609
v -0.059256598353385925 0.01820180006325245 -0.032517001032829285
v -0.05874919891357422 0.021702000871300697 -0.031265899538993835
v -0.059593599289655685 0.014583200216293335 -0.033703599125146866
v -0.0610215999186039 0.015621500089764595 -0.03053409978747368
v -0.05948150157928467 0.025443900376558304 -0.026731299236416817
v -0.06011110171675682 0.02235499955713749 -0.02805189974606037
v -0.05818520113825798 0.02481970004737377 -0.029974399134516716
v -0.057710498571395874 0.027792099863290787 -0.02823290042579174
v -0.05634479969739914 0.027138499543070793 -0.031444698572158813
v -0.05393119901418686 0.0298760998994112 -0.03314879909157753
v -0.06281620264053345 0.02094070054590702 -0.022707199677824974
v -0.06178800016641617 0.020103100687265396 -0.02604060061275959
v -0.06122320145368576 0.023220499977469444 -0.02474929951131344
v -0.06262099742889404 0.01621050015091896 -0.026754900813102722
v -0.06371109932661057 0.017070399597287178 -0.02344129979610443
v -0.0629390999674797 0.012585500255227089 -0.027933400124311447
v 0.030264200642704964 0.05423809960484505 -0.032284799963235855
v 0.026890400797128677 0.05536320060491562 -0.033344000577926636
v 0.033471401780843735 0.05256110057234764 -0.031890299171209335
v -0.06124430149793625 0.02693679928779602 -0.020580200478434563
v -0.06209829822182655 0.023964999243617058 -0.021667499095201492
v -0.06042949855327606 0.0262192003428936 -0.023681899532675743
v -0.05985239893198013 0.028533900156617165 -0.02243890054523945
v -0.05896599963307381 0.02778490073978901 -0.0255149994045496
v -0.06523659825325012 0.014872600324451923 -0.020566800609230995
v -0.06444130092859268 0.018776200711727142 -0.01986910030245781
v -0.06360749900341034 0.02187490090727806 -0.01937980018556118
v -0.06281600147485733 0.02487500011920929 -0.01831359975039959
v 0.04087679833173752 0.05610400065779686 0.009023720398545265
v 0.04153440147638321 0.05499489977955818 0.012265900149941444
v 0.042145900428295135 0.05365389958024025 0.015651900321245193
v 0.042974501848220825 0.052021898329257965 0.01862570084631443
v 0.010626900009810925 0.009515980258584023 -0.0685311034321785
v 0.00835816003382206 0.012306099757552147 -0.06840100139379501
v 0.0057169902138412 0.014673000201582909 -0.06820569932460785
v -0.03241119906306267 0.03863010182976723 -0.048551298677921295
v -0.02985440008342266 0.04019030183553696 -0.04892300069332123
v -0.026804300025105476 0.042198099195957184 -0.0489984005689621
v -0.0297372005879879 0.04282139986753464 -0.046712201088666916
v -0.0004514399915933609 0.012841500341892242 -0.0688105970621109
v -0.003692060010507703 0.011155200190842152 -0.06900669634342194
v 0.0024635200388729572 0.013639699667692184 -0.06861410290002823
v 0.018194999545812607 0.027654200792312622 0.06167810037732124
v 0.01766050048172474 0.030916299670934677 0.060268498957157135
v 0.02085690014064312 0.028453199192881584 0.06046000123023987
v 0.015688400715589523 0.02873389981687069 0.061872698366642
v 0.028762999922037125 0.02417049929499626 0.05906340107321739
v 0.026156799867749214 0.026720799505710602 0.05917619913816452
v 0.0292930006980896 0.027503499761223793 0.05731910094618797
v 0.022106800228357315 0.02269889973104 0.06241830065846443
v 0.022825200110673904 0.025985199958086014 0.060858700424432755
v 0.025472400709986687 0.02346929907798767 0.0608304999768734
v 0.020171700045466423 0.025202499702572823 0.06211230158805847
v 0.03500720113515854 0.025399100035429 0.05503980070352554
v 0.03193129971623421 0.02482070028781891 0.05713430047035217
v 0.03241889923810959 0.02811790071427822 0.05530279874801636
v 0.03542739897966385 0.02862359955906868 0.053156301379203796
v 0.03278759866952896 0.03130489960312843 0.05333830043673515
v 0.03382129967212677 0.018585199490189552 0.05840130150318146
v 0.03133789822459221 0.02140909992158413 0.05881819874048233
v 0.034466300159692764 0.022025400772690773 0.0568062998354435
v 0.026337699964642525 0.017124200239777565 0.06255470216274261
v 0.027598099783062935 0.020683100447058678 0.0609143003821373
v 0.030137499794363976 0.017889099195599556 0.060594599694013596
v 0.024252599105238914 0.01993650011718273 0.06256479769945145
v 0.03984120115637779 0.019904399290680885 0.054004501551389694
v 0.03688519820570946 0.019272999837994576 0.056285299360752106
v 0.03747649863362312 0.02268340066075325 0.05459830164909363
v 0.04081689938902855 0.026123899966478348 0.05051260069012642
v 0.0403825007379055 0.023044699802994728 0.052327800542116165
v 0.03796510025858879 0.02579759992659092 0.05285010114312172
v 0.03833790123462677 0.028987599536776543 0.05089129880070686
v 0.036208901554346085 0.01564919948577881 0.05782749876379967
v 0.03922849893569946 0.016311900690197945 0.05563310161232948
v 0.03222779929637909 0.012022900395095348 0.06096569821238518
v 0.03306860104203224 0.015324500389397144 0.0597630999982357
v 0.035407498478889465 0.012361899949610233 0.05910579860210419
v 0.029330100864171982 0.014597100205719471 0.0618600994348526
v 0.04538330063223839 0.020526599138975143 0.049183499068021774
v 0.04267140105366707 0.020243600010871887 0.05166570097208023
v 0.043159499764442444 0.02335740067064762 0.04991680011153221
v 0.04208270087838173 0.016958700492978096 0.05330530181527138
v 0.04485590010881424 0.017269499599933624 0.05088920146226883
v 0.019216300919651985 0.01822029985487461 0.0647977963089943
v 0.018295099958777428 0.022919699549674988 0.06356079876422882
v 0.016840200871229172 0.020667800679802895 0.064724400639534
v 0.020679600536823273 0.020477399230003357 0.06366340070962906
v 0.016327500343322754 0.0253881998360157 0.06315729767084122
v 0.022810200229287148 0.017697999253869057 0.0637689009308815
v 0.045785799622535706 0.02352200075984001 0.04743809998035431
v 0.04350360110402107 0.0263264998793602 0.04810769855976105
v 0.04115600138902664 0.02917099930346012 0.0485307015478611
v 0.04941890016198158 0.014777000062167645 0.04732239991426468
v 0.046875398606061935 0.014390300028026104 0.049956098198890686
v 0.04746510088443756 0.017675599083304405 0.04831809923052788
v 0.05031279847025871 0.020922299474477768 0.04394179955124855
v 0.049929600208997726 0.01787249930202961 0.045690398663282394
v 0.04791159927845001 0.02075199969112873 0.04662439972162247
v 0.04825679957866669 0.02372170053422451 0.0448170006275177
v -0.0664725974202156 0.013646800071001053 -0.017179999500513077
v -0.013387399725615978 0.013806999661028385 -0.06730639934539795
v -0.016740700230002403 0.011880200356245041 -0.0669223964214325
v 0.042988501489162445 0.05450360104441643 -0.009019600227475166
v 0.04468810185790062 0.05354649946093559 -0.005979099776595831
v 0.041290801018476486 0.05532030016183853 -0.011607700027525425
v 0.03940640017390251 0.05603260174393654 -0.014403999783098698
v 0.036895401775836945 0.05786050111055374 -0.013816299848258495
v -0.017829200252890587 0.012233000248670578 0.06657680124044418
v -0.014722299762070179 0.01451059989631176 0.06687819957733154
v -0.01245729997754097 0.013431199826300144 0.06756050139665604
v 0.055231399834156036 0.013307900168001652 -0.040894899517297745
v 0.04935859888792038 0.018697600811719894 -0.04597960039973259
v 0.051848698407411575 0.01769939996302128 -0.04357120022177696
v 0.05064310133457184 0.02092129923403263 -0.04356110095977783
v 0.05289829894900322 0.014348999597132206 -0.043541599065065384
v 0.05046899989247322 0.015370599925518036 -0.04600679874420166
v 0.05386209860444069 0.010981700383126736 -0.04333899915218353
v 0.04672979936003685 0.024814000353217125 -0.04583229869604111
v 0.0480986014008522 0.02178039960563183 -0.04595800116658211
v 0.049329500645399094 0.023984499275684357 -0.043489500880241394
v 0.047826699912548065 0.026839900761842728 -0.04349970072507858
v 0.050362300127744675 0.02597690001130104 -0.04109539836645126
v 0.04401769861578941 0.020388999953866005 -0.05046520009636879
v 0.046749599277973175 0.019569000229239464 -0.04828590154647827
v 0.04542990028858185 0.022629400715231895 -0.04820830002427101
v 0.04798470064997673 0.016454599797725677 -0.048236001282930374
v 0.04530730098485947 0.017299899831414223 -0.05047740042209625
v 0.04115759953856468 0.026238100603222847 -0.050175800919532776
v 0.04263389855623245 0.02333890087902546 -0.05037510022521019
v 0.044002000242471695 0.02555990032851696 -0.04806780070066452
v 0.04238960146903992 0.02816000021994114 -0.04806390032172203
v 0.045176900923252106 0.02744629979133606 -0.045888498425483704
v 0.04623999819159508 0.029455900192260742 -0.04352249950170517
v 0.038213100284338 0.021803399547934532 -0.05444600060582161
v 0.04116959869861603 0.02112399972975254 -0.05252470076084137
v 0.03973260149359703 0.02404939942061901 -0.05237320065498352
v 0.04113470017910004 0.015911700204014778 -0.05435770004987717
v 0.042623501271009445 0.018170500174164772 -0.05246970057487488
v 0.03971770033240318 0.018878400325775146 -0.0544620007276535
v 0.04386730119585991 0.015059799887239933 -0.052429601550102234
v 0.05483109876513481 0.0077485498040914536 -0.04281949996948242
v 0.036310598254203796 0.0253090001642704 -0.05423099920153618
v 0.03778820112347603 0.027532199397683144 -0.052096400409936905
v 0.03627900034189224 0.03004479967057705 -0.05177979916334152
v 0.039711300283670425 0.02879280038177967 -0.049939800053834915
v 0.03560269996523857 0.016950199380517006 -0.05783719941973686
v 0.03841159865260124 0.016449300572276115 -0.056160200387239456
v 0.036947399377822876 0.019397500902414322 -0.05620170012116432
v 0.03375580161809921 0.020007299259305 -0.05796770006418228
v 0.0350659005343914 0.022439099848270416 -0.05627499893307686
v 0.03310240060091019 0.025909099727869034 -0.05597269907593727
v 0.03997449949383736 0.013596399687230587 -0.055831700563430786
v 0.0372128002345562 0.014118700288236141 -0.05758360028266907
v 0.04238690063357353 0.013454900123178959 -0.0540584996342659
v 0.04119490087032318 0.011126900091767311 -0.055490199476480484
v 0.032632000744342804 0.017222700640559196 -0.059485599398612976
v 0.034418899565935135 0.01433630008250475 -0.05924370139837265
v 0.03141060099005699 0.014590700156986713 -0.060831598937511444
v -0.06327290087938309 0.025460800155997276 -0.015757299959659576
v -0.061768099665641785 0.027550900354981422 -0.018045699223876
v -0.06016869843006134 0.029925400391221046 -0.01960100047290325
v -0.06778380274772644 0.014936099760234356 0.009070320054888725
v -0.0676150992512703 0.011522600427269936 -0.013979800045490265
v -0.0582956001162529 0.017384300008416176 0.034632500261068344
v -0.06082959845662117 0.014024600386619568 0.03167140111327171
v -0.05908520147204399 0.014321199618279934 0.03469640016555786
v -0.05741190165281296 0.014944800175726414 0.0371554009616375
v -0.059964701533317566 0.01158860046416521 0.034204401075839996
v -0.06518760323524475 0.015101499855518341 0.020555200055241585
v 0.049117401242256165 0.010856900364160538 0.048678599298000336
v 0.05401080101728439 0.015574299730360508 0.04171660169959068
v 0.051785100251436234 0.015196300111711025 0.04458000138401985
v 0.05222479999065399 0.018270300701260567 0.04288090020418167
v 0.05151370167732239 0.012290799990296364 0.045774199068546295
v 0.05379590019583702 0.012686099857091904 0.04295419901609421
v 0.051141899079084396 0.00834908988326788 0.047061700373888016
v 0.054594799876213074 0.021213000640273094 0.038332998752593994
v 0.054363299161195755 0.018414100632071495 0.040069401264190674
v 0.05252059921622276 0.02109449915587902 0.04118980094790459
v 0.0527477003633976 0.02387559972703457 0.039340000599622726
v 0.0506024993956089 0.023729300126433372 0.04214629903435707
v 0.058060500770807266 0.015859700739383698 0.035741500556468964
v 0.05611040070652962 0.015737900510430336 0.03878070041537285
v 0.05639579892158508 0.018558800220489502 0.03708209842443466
v 0.05550739914178848 0.013558699749410152 0.04043630138039589
v 0.057533301413059235 0.013701300136744976 0.03744589909911156
v 0.058400701731443405 0.02114569954574108 0.032283298671245575
v 0.05829010158777237 0.01852159947156906 0.0340472012758255
v 0.05657149851322174 0.021206999197602272 0.03535430133342743
v 0.05676469951868057 0.02364869974553585 0.03344409912824631
v 0.05485599860548973 0.023680800572037697 0.03646960109472275
v 0.05296169966459274 0.02632630057632923 0.03744310140609741
v 0.061517298221588135 0.015853600576519966 0.02939870022237301
v 0.0598687008023262 0.015877800062298775 0.03261350095272064
v 0.06002959981560707 0.018521400168538094 0.03087729960680008
v 0.05944009870290756 0.012954800389707088 0.03462729975581169
v 0.061177898198366165 0.012953300029039383 0.03145590052008629
v 0.06166369840502739 0.01891239918768406 0.027201300486922264
v 0.0601160004734993 0.021566899493336678 0.028651900589466095
v 0.05998679995536804 0.02392050065100193 0.027007300406694412
v 0.05835289880633354 0.023527899757027626 0.030681800097227097
v 0.0643991008400917 0.015425000339746475 0.02268959954380989
v 0.06304430216550827 0.01566069945693016 0.026079799979925156
v 0.06310349702835083 0.018696799874305725 0.02384069934487343
v 0.06263560056686401 0.013420999981462955 0.02822509966790676
v 0.06408579647541046 0.013208200223743916 0.024870799854397774
v -0.004483609925955534 0.05924459919333458 -0.03701319918036461
v 0.06467799842357635 0.01766829937696457 0.02011450007557869
v 0.06680379807949066 0.01264410000294447 0.01665480062365532
v 0.06540650129318237 0.011323099955916405 0.022221099585294724
v 0.06658250093460083 0.009925849735736847 0.019189899787306786
v 0.0656851977109909 0.014052500016987324 0.019697299227118492
v 0.06589850038290024 0.01628030091524124 0.017097799107432365
v 0.06730879843235016 0.014851800166070461 -0.012204599566757679
v 0.06723149865865707 0.012379899621009827 -0.015055200085043907
v 0.03447519987821579 0.00906881969422102 0.06024299934506416
v 0.02657880075275898 0.01406640000641346 0.0632115975022316
v 0.029526200145483017 0.0115130003541708 0.06241520121693611
v 0.03140899911522865 0.008935200050473213 0.0619162991642952
v -0.04241169989109039 0.051958099007606506 -0.02003989927470684
v -0.016887500882148743 0.036381300538778305 0.05736910179257393
v -0.01652670092880726 0.0394354984164238 0.05542299896478653
v -0.013292400166392326 0.04126669839024544 0.05495790019631386
v -0.016467800363898277 0.04240129888057709 0.05320649966597557
v -0.02791599929332733 0.01402559969574213 0.0626417025923729
v 0.013809599913656712 0.02645369991660118 0.0633205994963646
v 0.016472600400447845 0.01718680001795292 0.06582760065793991
v 0.017187800258398056 0.014282199554145336 0.06633699685335159
v 0.01993889920413494 0.01532409992069006 0.0653270035982132
v 0.013870899565517902 0.013249699957668781 0.06732050329446793
v 0.017345499247312546 0.011393100023269653 0.06685300171375275
v -0.030935699120163918 0.011922400444746017 0.061650898307561874
v -0.03956419974565506 0.01313790027052164 0.05623229965567589
v -0.03686349838972092 0.011529100127518177 0.0583794005215168
v -0.03551400080323219 0.009428029879927635 0.05958079919219017
v -0.03254399821162224 0.009385200217366219 0.061260201036930084
v -0.05600849911570549 0.01377480011433363 0.039664801210165024
v -0.016500599682331085 0.04509560018777847 0.05093250051140785
v -0.025479299947619438 0.04433869943022728 0.047800399363040924
v -0.022260699421167374 0.044104401022195816 0.049591001123189926
v -0.01972940005362034 0.04325129836797714 0.05138169974088669
v -0.029244599863886833 0.04839809983968735 0.041259899735450745
v -0.02872440032660961 0.04605339840054512 0.044204000383615494
v -0.028544100001454353 0.04354419931769371 0.04678820073604584
v 0.06686580181121826 0.017210500314831734 0.011522299610078335
v 0.06584680080413818 0.02067369967699051 0.01169590000063181
v 0.06676910072565079 0.01920519955456257 0.008546539582312107
v 0.06591279804706573 0.01856210082769394 0.014524100348353386
v 0.06782980263233185 0.015227200463414192 0.008200909942388535
v 0.06765320152044296 0.017201799899339676 0.00520968995988369
v 0.0682092010974884 0.01558739971369505 0.0021305500995367765
v 0.06716349720954895 0.01956849917769432 0.002478519920259714
v 0.06762400269508362 0.014158300124108791 0.011249000206589699
v 0.06691540032625198 0.014945300295948982 0.0141056003049016
v 0.06758809834718704 0.011871900409460068 0.013816899619996548
v 0.06882370263338089 0.012638700194656849 0.0018890700303018093
v 0.06836599856615067 0.015012799762189388 -0.0008387150010094047
v -0.02931869961321354 0.04506070166826248 -0.0448325015604496
v -0.04493749886751175 0.05315669998526573 -0.00741535983979702
v -0.046961501240730286 0.05168230086565018 -0.004853549879044294
v -0.04958320036530495 0.049108900129795074 -0.005460899788886309
v -0.06764940172433853 0.013300100341439247 0.012110799551010132
v -0.0675676017999649 0.01103460043668747 0.014589499682188034
v -0.0670711025595665 0.009629749692976475 0.017570700496435165
v -0.06641259789466858 0.01331270020455122 0.01766739971935749
v 0.03024050034582615 0.011910200119018555 -0.061997298151254654
v 0.028446299955248833 0.014793099835515022 -0.06222520023584366
v 0.02549690008163452 0.014534899964928627 -0.06355030089616776
v -0.03086029924452305 0.010926900431513786 -0.06187279894948006
v 0.01289989985525608 0.05427300184965134 -0.04228520020842552
v 0.009997010231018066 0.05660489946603775 -0.03994930163025856
v 0.01103140041232109 0.05304799973964691 -0.04431949928402901
v 0.00944496039301157 0.05134990066289902 -0.046626001596450806
v 0.06764370203018188 0.009319320321083069 0.015410300344228745
v 0.023520000278949738 0.014786300249397755 0.0642509013414383
v 0.04090379923582077 0.05269879847764969 0.021206500008702278
v 0 -0.0020000000949949026 0.07000000029802322
v 0.003545440034940839 -0.0010000000474974513 0.0699101984500885
v 0 -0.0010000000474974513 0.07000000029802322
v -0.003545440034940839 -0.0010000000474974513 0.0699101984500885
v 0.00708178011700511 -0.0020000000949949026 0.06964089721441269
v 0.003545440034940839 -0.0020000000949949026 0.0699101984500885
v 0.00708178011700511 -0.0010000000474974513 0.06964089721441269
v -0.00708178011700511 -0.0020000000949949026 0.06964089721441269
v -0.00708178011700511 -0.0010000000474974513 0.06964089721441269
v -0.003545440034940839 -0.0020000000949949026 0.0699101984500885
v 0.01409090030938387 -0.0020000000949949026 0.06856709718704224
v 0.010599900037050247 -0.0020000000949949026 0.0691927969455719
v 0.01409090030938387 -0.0010000000474974513 0.06856709718704224
v 0.010599900037050247 -0.0010000000474974513 0.0691927969455719
v 0.02095540054142475 -0.0020000000949949026 0.06678970158100128
v 0.017545700073242188 -0.0020000000949949026 0.06776539981365204
v 0.017545700073242188 -0.0010000000474974513 0.06776539981365204
v 0.027604900300502777 -0.0020000000949949026 0.06432700157165527
v 0.024311399087309837 -0.0020000000949949026 0.06564260274171829
v 0.024311399087309837 -0.0010000000474974513 0.06564260274171829
v 0.02095540054142475 -0.0010000000474974513 0.06678970158100128
v 0.03397110104560852 -0.0020000000949949026 0.061204299330711365
v 0.0308276005089283 -0.0020000000949949026 0.06284630298614502
v 0.03397110104560852 -0.0010000000474974513 0.061204299330711365
v 0.0308276005089283 -0.0010000000474974513 0.06284630298614502
v 0.027604900300502777 -0.0010000000474974513 0.06432700157165527
v 0.03998880088329315 -0.0020000000949949026 0.057453401386737823
v 0.037027500569820404 -0.0020000000949949026 0.05940509960055351
v 0.03998880088329315 -0.0010000000474974513 0.057453401386737823
v 0.037027500569820404 -0.0010000000474974513 0.05940509960055351
v 0.04559610038995743 -0.0020000000949949026 0.053113099187612534
v 0.0428473986685276 -0.0020000000949949026 0.05535430088639259
v 0.04559610038995743 -0.0010000000474974513 0.053113099187612534
v 0.0428473986685276 -0.0010000000474974513 0.05535430088639259
v 0.05073549970984459 -0.0020000000949949026 0.0482277013361454
v 0.0482277013361454 -0.0020000000949949026 0.05073549970984459
v 0.0482277013361454 -0.0010000000474974513 0.05073549970984459
v 0.05535430088639259 -0.0020000000949949026 0.0428473986685276
v 0.053113099187612534 -0.0020000000949949026 0.04559610038995743
v 0.053113099187612534 -0.0010000000474974513 0.04559610038995743
v 0.05073549970984459 -0.0010000000474974513 0.0482277013361454
v 0.05940509960055351 -0.0020000000949949026 0.037027500569820404
v 0.057453401386737823 -0.0020000000949949026 0.03998880088329315
v 0.057453401386737823 -0.0010000000474974513 0.03998880088329315
v 0.05535430088639259 -0.0010000000474974513 0.0428473986685276
v 0.06284630298614502 -0.0020000000949949026 0.0308276005089283
v 0.061204299330711365 -0.0020000000949949026 0.03397110104560852
v 0.06284630298614502 -0.0010000000474974513 0.0308276005089283
v 0.061204299330711365 -0.0010000000474974513 0.03397110104560852
v 0.05940509960055351 -0.0010000000474974513 0.037027500569820404
v 0.06564260274171829 -0.0020000000949949026 0.024311399087309837
v 0.06432700157165527 -0.0020000000949949026 0.027604900300502777
v 0.06564260274171829 -0.0010000000474974513 0.024311399087309837
v 0.06432700157165527 -0.0010000000474974513 0.027604900300502777
v 0.06776539981365204 -0.0020000000949949026 0.017545700073242188
v 0.06678970158100128 -0.0020000000949949026 0.02095540054142475
v 0.06776539981365204 -0.0010000000474974513 0.017545700073242188
v 0.06678970158100128 -0.0010000000474974513 0.02095540054142475
v 0.0691927969455719 -0.0020000000949949026 0.010599900037050247
v 0.06856709718704224 -0.0020000000949949026 0.01409090030938387
v 0.06856709718704224 -0.0010000000474974513 0.01409090030938387
v 0.0699101984500885 -0.0020000000949949026 0.003545440034940839
v 0.0691927969455719 -0.0010000000474974513 0.010599900037050247
v 0.06964089721441269 -0.0020000000949949026 0.00708178011700511
v 0.06964089721441269 -0.0010000000474974513 0.00708178011700511
v 0.0699101984500885 -0.0020000000949949026 -0.003545440034940839
v 0.07000000029802322 -0.0020000000949949026 -1.5114499585942078e-16
v 0.07000000029802322 -0.0010000000474974513 -1.5114499585942078e-16
v 0.0699101984500885 -0.0010000000474974513 0.003545440034940839
v 0.0691927969455719 -0.0020000000949949026 -0.010599900037050247
v 0.06964089721441269 -0.0020000000949949026 -0.00708178011700511
v 0.06964089721441269 -0.0010000000474974513 -0.00708178011700511
v 0.0699101984500885 -0.0010000000474974513 -0.003545440034940839
v 0.06776539981365204 -0.0020000000949949026 -0.017545700073242188
v 0.06856709718704224 -0.0020000000949949026 -0.01409090030938387
v 0.06856709718704224 -0.0010000000474974513 -0.01409090030938387
v 0.0691927969455719 -0.0010000000474974513 -0.010599900037050247
v 0.06564260274171829 -0.0020000000949949026 -0.024311399087309837
v 0.06678970158100128 -0.0020000000949949026 -0.02095540054142475
v 0.06564260274171829 -0.0010000000474974513 -0.024311399087309837
v 0.06678970158100128 -0.0010000000474974513 -0.02095540054142475
v 0.06776539981365204 -0.0010000000474974513 -0.017545700073242188
v 0.06284630298614502 -0.0020000000949949026 -0.0308276005089283
v 0.06432700157165527 -0.0020000000949949026 -0.027604900300502777
v 0.06432700157165527 -0.0010000000474974513 -0.027604900300502777
v 0.05940509960055351 -0.0020000000949949026 -0.037027500569820404
v 0.06284630298614502 -0.0010000000474974513 -0.0308276005089283
v 0.061204299330711365 -0.0020000000949949026 -0.03397110104560852
v 0.061204299330711365 -0.0010000000474974513 -0.03397110104560852
v 0.05535430088639259 -0.0020000000949949026 -0.0428473986685276
v 0.057453401386737823 -0.0020000000949949026 -0.03998880088329315
v 0.057453401386737823 -0.0010000000474974513 -0.03998880088329315
v 0.05940509960055351 -0.0010000000474974513 -0.037027500569820404
v 0.05073549970984459 -0.0020000000949949026 -0.0482277013361454
v 0.053113099187612534 -0.0020000000949949026 -0.04559610038995743
v 0.053113099187612534 -0.0010000000474974513 -0.04559610038995743
v 0.05535430088639259 -0.0010000000474974513 -0.0428473986685276
v 0.04559610038995743 -0.0020000000949949026 -0.053113099187612534
v 0.0482277013361454 -0.0020000000949949026 -0.05073549970984459
v 0.0482277013361454 -0.0010000000474974513 -0.05073549970984459
v 0.05073549970984459 -0.0010000000474974513 -0.0482277013361454
v 0.03998880088329315 -0.0020000000949949026 -0.057453401386737823
v 0.0428473986685276 -0.0020000000949949026 -0.05535430088639259
v 0.0428473986685276 -0.0010000000474974513 -0.05535430088639259
v 0.04559610038995743 -0.0010000000474974513 -0.053113099187612534
v 0.03397110104560852 -0.0020000000949949026 -0.061204299330711365
v 0.037027500569820404 -0.0020000000949949026 -0.05940509960055351
v 0.03397110104560852 -0.0010000000474974513 -0.061204299330711365
v 0.037027500569820404 -0.0010000000474974513 -0.05940509960055351
v 0.03998880088329315 -0.0010000000474974513 -0.057453401386737823
v 0.027604900300502777 -0.0020000000949949026 -0.06432700157165527
v 0.0308276005089283 -0.0020000000949949026 -0.06284630298614502
v 0.027604900300502777 -0.0010000000474974513 -0.06432700157165527
v 0.0308276005089283 -0.0010000000474974513 -0.06284630298614502
v 0.02095540054142475 -0.0020000000949949026 -0.06678970158100128
v 0.024311399087309837 -0.0020000000949949026 -0.06564260274171829
v 0.024311399087309837 -0.0010000000474974513 -0.06564260274171829
v 0.01409090030938387 -0.0020000000949949026 -0.06856709718704224
v 0.017545700073242188 -0.0020000000949949026 -0.06776539981365204
v 0.01409090030938387 -0.0010000000474974513 -0.06856709718704224
v 0.017545700073242188 -0.0010000000474974513 -0.06776539981365204
v 0.02095540054142475 -0.0010000000474974513 -0.06678970158100128
v 0.00708178011700511 -0.0020000000949949026 -0.06964089721441269
v 0.010599900037050247 -0.0020000000949949026 -0.0691927969455719
v 0.00708178011700511 -0.0010000000474974513 -0.06964089721441269
v 0.010599900037050247 -0.0010000000474974513 -0.0691927969455719
v -3.33375995003956e-16 -0.0020000000949949026 -0.07000000029802322
v 0.003545440034940839 -0.0020000000949949026 -0.0699101984500885
v -3.33375995003956e-16 -0.0010000000474974513 -0.07000000029802322
v 0.003545440034940839 -0.0010000000474974513 -0.0699101984500885
v -0.00708178011700511 -0.0020000000949949026 -0.06964089721441269
v -0.003545440034940839 -0.0020000000949949026 -0.0699101984500885
v -0.00708178011700511 -0.0010000000474974513 -0.06964089721441269
v -0.003545440034940839 -0.0010000000474974513 -0.0699101984500885
v -0.01409090030938387 -0.0020000000949949026 -0.06856709718704224
v -0.010599900037050247 -0.0020000000949949026 -0.0691927969455719
v -0.01409090030938387 -0.0010000000474974513 -0.06856709718704224
v -0.010599900037050247 -0.0010000000474974513 -0.0691927969455719
v -0.02095540054142475 -0.0020000000949949026 -0.06678970158100128
v -0.017545700073242188 -0.0020000000949949026 -0.06776539981365204
v -0.017545700073242188 -0.0010000000474974513 -0.06776539981365204
v -0.027604900300502777 -0.0020000000949949026 -0.06432700157165527
v -0.024311399087309837 -0.0020000000949949026 -0.06564260274171829
v -0.024311399087309837 -0.0010000000474974513 -0.06564260274171829
v -0.02095540054142475 -0.0010000000474974513 -0.06678970158100128
v -0.03397110104560852 -0.0020000000949949026 -0.061204299330711365
v -0.0308276005089283 -0.0020000000949949026 -0.06284630298614502
v -0.03397110104560852 -0.0010000000474974513 -0.061204299330711365
v -0.0308276005089283 -0.0010000000474974513 -0.06284630298614502
v -0.027604900300502777 -0.0010000000474974513 -0.06432700157165527
v -0.03998880088329315 -0.0020000000949949026 -0.057453401386737823
v -0.037027500569820404 -0.0020000000949949026 -0.05940509960055351
v -0.03998880088329315 -0.0010000000474974513 -0.057453401386737823
v -0.037027500569820404 -0.0010000000474974513 -0.05940509960055351
v -0.04559610038995743 -0.0020000000949949026 -0.053113099187612534
v -0.0428473986685276 -0.0020000000949949026 -0.05535430088639259
v -0.0428473986685276 -0.0010000000474974513 -0.05535430088639259
v -0.05073549970984459 -0.0020000000949949026 -0.0482277013361454
v -0.0482277013361454 -0.0020000000949949026 -0.05073549970984459
v -0.0482277013361454 -0.0010000000474974513 -0.05073549970984459
v -0.04559610038995743 -0.0010000000474974513 -0.053113099187612534
v -0.05535430088639259 -0.0020000000949949026 -0.0428473986685276
v -0.053113099187612534 -0.0020000000949949026 -0.04559610038995743
v -0.05535430088639259 -0.0010000000474974513 -0.0428473986685276
v -0.053113099187612534 -0.0010000000474974513 -0.04559610038995743
v -0.05073549970984459 -0.0010000000474974513 -0.0482277013361454
v -0.05940509960055351 -0.0020000000949949026 -0.037027500569820404
v -0.057453401386737823 -0.0020000000949949026 -0.03998880088329315
v -0.057453401386737823 -0.0010000000474974513 -0.03998880088329315
v -0.06284630298614502 -0.0020000000949949026 -0.0308276005089283
v -0.061204299330711365 -0.0020000000949949026 -0.03397110104560852
v -0.06284630298614502 -0.0010000000474974513 -0.0308276005089283
v -0.061204299330711365 -0.0010000000474974513 -0.03397110104560852
v -0.05940509960055351 -0.0010000000474974513 -0.037027500569820404
v -0.06564260274171829 -0.0020000000949949026 -0.024311399087309837
v -0.06432700157165527 -0.0020000000949949026 -0.027604900300502777
v -0.06564260274171829 -0.0010000000474974513 -0.024311399087309837
v -0.06432700157165527 -0.0010000000474974513 -0.027604900300502777
v -0.06776539981365204 -0.0020000000949949026 -0.017545700073242188
v -0.06678970158100128 -0.0020000000949949026 -0.02095540054142475
v -0.06776539981365204 -0.0010000000474974513 -0.017545700073242188
v -0.06678970158100128 -0.0010000000474974513 -0.02095540054142475
v -0.0691927969455719 -0.0020000000949949026 -0.010599900037050247
v -0.06856709718704224 -0.0020000000949949026 -0.01409090030938387
v -0.0691927969455719 -0.0010000000474974513 -0.010599900037050247
v -0.06856709718704224 -0.0010000000474974513 -0.01409090030938387
v -0.0699101984500885 -0.0020000000949949026 -0.003545440034940839
v -0.06964089721441269 -0.0020000000949949026 -0.00708178011700511
v -0.0699101984500885 -0.0010000000474974513 -0.003545440034940839
v -0.06964089721441269 -0.0010000000474974513 -0.00708178011700511
v -0.0699101984500885 -0.0020000000949949026 0.003545440034940839
v -0.07000000029802322 -0.0020000000949949026 2.3583199843550597e-16
v -0.07000000029802322 -0.0010000000474974513 2.3583199843550597e-16
v -0.0691927969455719 -0.0020000000949949026 0.010599900037050247
v -0.06964089721441269 -0.0020000000949949026 0.00708178011700511
v -0.06964089721441269 -0.0010000000474974513 0.00708178011700511
v -0.0699101984500885 -0.0010000000474974513 0.003545440034940839
v -0.06776539981365204 -0.0020000000949949026 0.017545700073242188
v -0.0691927969455719 -0.0010000000474974513 0.010599900037050247
v -0.06856709718704224 -0.0020000000949949026 0.01409090030938387
v -0.06856709718704224 -0.0010000000474974513 0.01409090030938387
v -0.06564260274171829 -0.0020000000949949026 0.024311399087309837
v -0.06678970158100128 -0.0020000000949949026 0.02095540054142475
v -0.06678970158100128 -0.0010000000474974513 0.02095540054142475
v -0.06776539981365204 -0.0010000000474974513 0.017545700073242188
v -0.06284630298614502 -0.0020000000949949026 0.0308276005089283
v -0.06432700157165527 -0.0020000000949949026 0.027604900300502777
v -0.06284630298614502 -0.0010000000474974513 0.0308276005089283
v -0.06432700157165527 -0.0010000000474974513 0.027604900300502777
v -0.06564260274171829 -0.0010000000474974513 0.024311399087309837
v -0.05940509960055351 -0.0020000000949949026 0.037027500569820404
v -0.061204299330711365 -0.0020000000949949026 0.03397110104560852
v -0.05940509960055351 -0.0010000000474974513 0.037027500569820404
v -0.061204299330711365 -0.0010000000474974513 0.03397110104560852
v -0.05535430088639259 -0.0020000000949949026 0.0428473986685276
v -0.057453401386737823 -0.0020000000949949026 0.03998880088329315
v -0.05535430088639259 -0.0010000000474974513 0.0428473986685276
v -0.057453401386737823 -0.0010000000474974513 0.03998880088329315
v -0.05073549970984459 -0.0020000000949949026 0.0482277013361454
v -0.053113099187612534 -0.0020000000949949026 0.04559610038995743
v -0.053113099187612534 -0.0010000000474974513 0.04559610038995743
v -0.04559610038995743 -0.0020000000949949026 0.053113099187612534
v -0.0482277013361454 -0.0020000000949949026 0.05073549970984459
v -0.0482277013361454 -0.0010000000474974513 0.05073549970984459
v -0.05073549970984459 -0.0010000000474974513 0.0482277013361454
v -0.03998880088329315 -0.0020000000949949026 0.057453401386737823
v -0.0428473986685276 -0.0020000000949949026 0.05535430088639259
v -0.03998880088329315 -0.0010000000474974513 0.057453401386737823
v -0.0428473986685276 -0.0010000000474974513 0.05535430088639259
v -0.04559610038995743 -0.0010000000474974513 0.053113099187612534
v -0.03397110104560852 -0.0020000000949949026 0.061204299330711365
v -0.037027500569820404 -0.0020000000949949026 0.05940509960055351
v -0.03397110104560852 -0.0010000000474974513 0.061204299330711365
v -0.037027500569820404 -0.0010000000474974513 0.05940509960055351
v -0.027604900300502777 -0.0020000000949949026 0.06432700157165527
v -0.0308276005089283 -0.0020000000949949026 0.06284630298614502
v -0.0308276005089283 -0.0010000000474974513 0.06284630298614502
v -0.02095540054142475 -0.0020000000949949026 0.06678970158100128
v -0.024311399087309837 -0.0020000000949949026 0.06564260274171829
v -0.02095540054142475 -0.0010000000474974513 0.06678970158100128
v -0.024311399087309837 -0.0010000000474974513 0.06564260274171829
v -0.027604900300502777 -0.0010000000474974513 0.06432700157165527
v -0.01409090030938387 -0.0020000000949949026 0.06856709718704224
v -0.017545700073242188 -0.0020000000949949026 0.06776539981365204
v -0.01409090030938387 -0.0010000000474974513 0.06856709718704224
v -0.017545700073242188 -0.0010000000474974513 0.06776539981365204
v -0.010599900037050247 -0.0020000000949949026 0.0691927969455719
v -0.010599900037050247 -0.0010000000474974513 0.0691927969455719
v -0.008028309792280197 0.07128489762544632 0.012966199778020382
v -0.00409168004989624 0.06952060014009476 0.017030799761414528
v -0.007748490199446678 0.06922809779644012 0.016102099791169167
v 0 0.07422719895839691 0.010871999897062778
v -0.0040720500983297825 0.07303009927272797 0.012090999633073807
v 0 0.07083529978990555 0.015849899500608444
v 0.008028309792280197 0.07128489762544632 0.012966199778020382
v 0.00409168004989624 0.06952060014009476 0.017030799761414528
v 0.007748490199446678 0.06922809779644012 0.016102099791169167
v 0.0040720500983297825 0.07303009927272797 0.012090999633073807
v -0.0010487199760973454 0.0764160007238388 -0.006856460124254227
v 0 0.07937999814748764 0
v 0.006168299820274115 0.07600659877061844 0.004658080171793699
v -0.0005316389724612236 0.07801070064306259 -0.0034758199471980333
v 0.0031330499332398176 0.07783369719982147 0.002365970052778721
v 0.0032618800178170204 0.07799629867076874 -0.0014006700366735458
v -0.006168299820274115 0.07600659877061844 0.004658080171793699
v -0.0031330499332398176 0.07783369719982147 0.002365970052778721
v -0.004212290048599243 0.07762280106544495 -0.0012831100029870868
v 0 0.0770857036113739 0.0055697001516819
v -0.003170680021867156 0.07554510235786438 0.007982909679412842
v 0.003170680021867156 0.07554510235786438 0.007982909679412842
v 0.003229859983548522 -0.0020000000949949026 0.06368739902973175
v 0.001614929991774261 -0.0020000000949949026 0.06684370338916779
v 0.005155819933861494 -0.0020000000949949026 0.06666409969329834
v -0.003664270043373108 -0.0020000000949949026 0.06406659632921219
v -0.005373029969632626 -0.0020000000949949026 0.06685370206832886
v -0.0018321400275453925 -0.0020000000949949026 0.0670332983136177
v -0.0002172069944208488 -0.0020000000949949026 0.06387700140476227
v -0.007185489870607853 0.07386840134859085 0.00892036035656929
v 0.007185489870607853 0.07386840134859085 0.00892036035656929
v 0.010960199870169163 0.06922809779644012 0.014113499782979488
v 0.01187520008534193 0.07144209742546082 0.00922464020550251
v 0.012894200161099434 0.06930740177631378 0.012233300134539604
v 0.010007600300014019 0.07147789746522903 0.01115769986063242
v 0.015178400091826916 0.06931810081005096 0.009223350323736668
v 0.01466820016503334 0.07128489762544632 0.0041734701953828335
v 0.017607899382710457 0.06922809779644012 0.0030461600981652737
v 0.01657409965991974 0.06922809779644012 0.006679439917206764
v 0.013358100317418575 0.07149600237607956 0.006742670200765133
v 0.016912000253796577 0.06988489627838135 -0.0022893399000167847
v 0.018338199704885483 0.06847160309553146 -0.003953120205551386
v 0.018717000260949135 0.06850749999284744 -0.0002020819956669584
v 0.01592239923775196 0.07075849920511246 0.0009499620064161718
v 0.014759999699890614 0.07021649926900864 -0.007703519891947508
v 0.017285199835896492 0.06866949796676636 -0.006677229888737202
v 0.015929000452160835 0.0701742023229599 -0.005025770049542189
v 0.015591800212860107 0.06865359842777252 -0.010047299787402153
v 0.010274100117385387 0.07128489762544632 -0.011270199902355671
v 0.013366900384426117 0.06922809779644012 -0.011859199963510036
v 0.012591400183737278 0.0708737000823021 -0.00954321026802063
v 0.010575300082564354 0.06922809779644012 -0.014404100365936756
v 0.007151409983634949 0.06952060014009476 -0.015988899394869804
v 0.002278320025652647 0.07227519899606705 -0.013682199642062187
v 0.006367090158164501 0.07206679880619049 -0.0126568004488945
v 0.0030351500026881695 0.06973110139369965 -0.0169879999011755
v -0.004320249892771244 0.07059130072593689 -0.015580600127577782
v -0.0002850290038622916 0.06905119866132736 -0.018078599125146866
v -0.00405023992061615 0.06882879883050919 -0.01789099909365177
v -0.001030170009471476 0.07161550223827362 -0.01476330030709505
v -0.007592829875648022 0.0689103975892067 -0.016592899337410927
v -0.010521399788558483 0.0710109993815422 -0.011541499756276608
v -0.007496790029108524 0.0710114985704422 -0.01369979977607727
v -0.010694700293242931 0.06908159703016281 -0.014533800072968006
v -0.013484999537467957 0.06908159703016281 -0.011990100145339966
v -0.014140600338578224 0.07091789692640305 -0.006915240082889795
v -0.01698159985244274 0.06902910023927689 -0.006284180097281933
v -0.015303200110793114 0.06903489679098129 -0.009665790013968945
v -0.012411000207066536 0.07109790295362473 -0.009288189932703972
v -0.016244400292634964 0.07038000226020813 -0.0025345899630337954
v -0.018008999526500702 0.06872549653053284 -0.00407729996368289
v -0.018401099368929863 0.06877739727497101 -0.0003255789924878627
v -0.015257200226187706 0.07073760032653809 -0.004745040088891983
v -0.01466820016503334 0.07128489762544632 0.0041734701953828335
v -0.017607899382710457 0.06922809779644012 0.0030461600981652737
v -0.015592300333082676 0.07101350277662277 0.0008266500080935657
v -0.01657409965991974 0.06922809779644012 0.006679439917206764
v -0.014497299678623676 0.06952060014009476 0.00982934981584549
v -0.010960199870169163 0.06922809779644012 0.014113499782979488
v -0.011630600318312645 0.07177770137786865 0.008783039636909962
v 0.010203000158071518 -0.0020000000949949026 0.06290929764509201
v 0.008642420172691345 -0.0020000000949949026 0.06627509742975235
v 0.0067164599895477295 -0.0020000000949949026 0.06329839676618576
v 0.012147000059485435 -0.0020000000949949026 0.06573820114135742
v 0.017004400491714478 -0.0020000000949949026 0.06221679970622063
v 0.013603700324892998 -0.0020000000949949026 0.06256300210952759
v 0.015547700226306915 -0.0020000000949949026 0.0653918981552124
v 0.01897989958524704 -0.0020000000949949026 0.06450329720973969
v 0.02282409928739071 -0.0020000000949949026 0.06157739832997322
v 0.02188980020582676 -0.0020000000949949026 0.06418360024690628
v 0.025214500725269318 -0.0020000000949949026 0.0629521980881691
v 0.019914299249649048 -0.0020000000949949026 0.061897099018096924
v 0.028021899983286858 -0.0020000000949949026 0.05720270052552223
v 0.027813399210572243 -0.0020000000949949026 0.06076490134000778
v 0.030996499583125114 -0.0020000000949949026 0.05920350179076195
v 0.025422999635338783 -0.0020000000949949026 0.059390101581811905
v 0.03440229967236519 -0.0020000000949949026 0.055233798921108246
v 0.031212100759148598 -0.0020000000949949026 0.05621830001473427
v 0.034186698496341705 -0.0020000000949949026 0.058219000697135925
v 0.03719549998641014 -0.0020000000949949026 0.056343600153923035
v 0.038867201656103134 -0.0020000000949949026 0.05013259872794151
v 0.039427999407052994 -0.0020000000949949026 0.05379299819469452
v 0.04223160073161125 -0.0020000000949949026 0.05162280052900314
v 0.03663469851016998 -0.0020000000949949026 0.05268320068717003
v 0.044759899377822876 -0.0020000000949949026 0.047210898250341415
v 0.04517799988389015 -0.0020000000949949026 0.050161998718976974
v 0.04774770140647888 -0.0020000000949949026 0.04771929979324341
v 0.041813600808382034 -0.0020000000949949026 0.048671700060367584
v 0.04773139953613281 -0.0020000000949949026 0.042033299803733826
v 0.05154290050268173 -0.0020000000949949026 0.042440298944711685
v 0.04923349991440773 -0.0020000000949949026 0.045130498707294464
v 0.04624570161104202 -0.0020000000949949026 0.04462210088968277
v 0.05128449946641922 -0.0020000000949949026 0.03613489866256714
v 0.05331939831376076 -0.0020000000949949026 0.0394911989569664
v 0.055344801396131516 -0.0020000000949949026 0.03658119961619377
v 0.049508001655340195 -0.0020000000949949026 0.03908409923315048
v 0.055424999445676804 -0.0020000000949949026 0.030730899423360825
v 0.05741510167717934 -0.0020000000949949026 0.033879201859235764
v 0.05335479974746704 -0.0020000000949949026 0.03343290090560913
v 0.05913570150732994 -0.0020000000949949026 0.030779199674725533
v 0.05740499868988991 -0.0020000000949949026 0.024364300072193146
v 0.06012570112943649 -0.0020000000949949026 0.027595899999141693
v 0.06152379885315895 -0.0020000000949949026 0.024337800219655037
v 0.056414999067783356 -0.0020000000949949026 0.027547599747776985
v 0.06084480136632919 -0.0020000000949949026 0.01909019984304905
v 0.0591248981654644 -0.0020000000949949026 0.021727200597524643
v 0.06324370205402374 -0.0020000000949949026 0.021700799465179443
v 0.06430509686470032 -0.0020000000949949026 0.018317900598049164
v 0.06364519894123077 -0.0020000000949949026 0.012946199625730515
v 0.0657052993774414 -0.0020000000949949026 0.015245899558067322
v 0.06641899794340134 -0.0020000000949949026 0.01177310012280941
v 0.062245000153779984 -0.0020000000949949026 0.016018200665712357
v 0.06349869817495346 -0.0020000000949949026 0.006772330030798912
v 0.0663456991314888 -0.0020000000949949026 0.008686140179634094
v 0.0667043998837471 -0.0020000000949949026 0.005158879794180393
v 0.063571996986866 -0.0020000000949949026 0.009859270416200161
v 0.063571996986866 -0.0020000000949949026 0.0003018059942405671
v 0.06674110144376755 -0.0020000000949949026 0.0019236200023442507
v 0.06674110144376755 -0.0020000000949949026 -0.0016218200325965881
v 0.06353539973497391 -0.0020000000949949026 0.003537070006132126
v 0.06344210356473923 -0.0020000000949949026 -0.006451429799199104
v 0.06631740182638168 -0.0020000000949949026 -0.00852569006383419
v 0.06667610257863998 -0.0020000000949949026 -0.00499843992292881
v 0.06350710242986679 -0.0020000000949949026 -0.0030748099088668823
v 0.06235859915614128 -0.0020000000949949026 -0.012807900086045265
v 0.06577569991350174 -0.0020000000949949026 -0.011703900061547756
v 0.06506200134754181 -0.0020000000949949026 -0.015176800079643726
v 0.06290029734373093 -0.0020000000949949026 -0.009629679843783379
v 0.06100450083613396 -0.0020000000949949026 -0.019190499559044838
v 0.06438490003347397 -0.0020000000949949026 -0.018368100747466087
v 0.06332360208034515 -0.0020000000949949026 -0.021750900894403458
v 0.06168150156736374 -0.0020000000949949026 -0.01599919982254505
v 0.059137798845767975 -0.0020000000949949026 -0.0253881998360157
v 0.062390200793743134 -0.0020000000949949026 -0.024849800392985344
v 0.06099199876189232 -0.0020000000949949026 -0.028107900172472
v 0.06007109954953194 -0.0020000000949949026 -0.022289400920271873
v 0.056058499962091446 -0.0020000000949949026 -0.03122200071811676
v 0.059452399611473083 -0.0020000000949949026 -0.03102480061352253
v 0.05773179978132248 -0.0020000000949949026 -0.03412479907274246
v 0.05759819969534874 -0.0020000000949949026 -0.02830510027706623
v 0.05216969922184944 -0.0020000000949949026 -0.03701910004019737
v 0.054114099591970444 -0.0020000000949949026 -0.034120600670576096
v 0.05578739941120148 -0.0020000000949949026 -0.03702329844236374
v 0.05376200005412102 -0.0020000000949949026 -0.039933301508426666
v 0.048444900661706924 -0.0020000000949949026 -0.0427544005215168
v 0.05030729994177818 -0.0020000000949949026 -0.039886798709630966
v 0.05189960077404976 -0.0020000000949949026 -0.0428008995950222
v 0.04959020018577576 -0.0020000000949949026 -0.04549109935760498
v 0.045306600630283356 -0.0020000000949949026 -0.04767749831080437
v 0.04802099987864494 -0.0020000000949949026 -0.047952599823474884
v 0.04545129835605621 -0.0020000000949949026 -0.05039529874920845
v 0.04687570035457611 -0.0020000000949949026 -0.04521600157022476
v 0.03903359919786453 -0.0020000000949949026 -0.05042719841003418
v 0.0423148013651371 -0.0020000000949949026 -0.05177009850740433
v 0.03951120004057884 -0.0020000000949949026 -0.053940299898386
v 0.042170099914073944 -0.0020000000949949026 -0.04905230179429054
v 0.034341100603342056 -0.0020000000949949026 -0.055054500699043274
v 0.03716500103473663 -0.0020000000949949026 -0.05625399947166443
v 0.03415609896183014 -0.0020000000949949026 -0.05812940001487732
v 0.036687299609184265 -0.0020000000949949026 -0.052740901708602905
v 0.028869399800896645 -0.0020000000949949026 -0.057204898446798325
v 0.031420301645994186 -0.0020000000949949026 -0.059204600751399994
v 0.028237100690603256 -0.0020000000949949026 -0.06076600030064583
v 0.031605299562215805 -0.0020000000949949026 -0.05612970143556595
v 0.022860100492835045 -0.0020000000949949026 -0.05965130031108856
v 0.025232499465346336 -0.0020000000949949026 -0.0619891993701458
v 0.02190770022571087 -0.0020000000949949026 -0.06322050094604492
v 0.025864699855446815 -0.0020000000949949026 -0.05842810124158859
v 0.01598390005528927 -0.0020000000949949026 -0.06173359975218773
v 0.019422000274062157 -0.0020000000949949026 -0.060692500323057175
v 0.01846970058977604 -0.0020000000949949026 -0.06426169723272324
v 0.015037399716675282 -0.0020000000949949026 -0.06515029817819595
v 0.00996456015855074 -0.0020000000949949026 -0.06509079784154892
v 0.012027700431644917 -0.0020000000949949026 -0.06682900339365005
v 0.008523169904947281 -0.0020000000949949026 -0.06736589968204498
v 0.012974199838936329 -0.0020000000949949026 -0.06341219693422318
v 0.004088419955223799 -0.0020000000949949026 -0.06454169750213623
v 0.005585100036114454 -0.0020000000949949026 -0.06709130108356476
v 0.0020442099776118994 -0.0020000000949949026 -0.06727080047130585
v 0.007026489824056625 -0.0020000000949949026 -0.06481630355119705
v -0.0027572799008339643 -0.0020000000949949026 -0.0639353021979332
v -0.0013786399504169822 -0.0020000000949949026 -0.06696770340204239
v -0.004919529892504215 -0.0020000000949949026 -0.06678809970617294
v 0.0006655689794570208 -0.0020000000949949026 -0.06423850357532501
v -0.009731619618833065 -0.0020000000949949026 -0.06328749656677246
v -0.0062444498762488365 -0.0020000000949949026 -0.06361140310764313
v -0.008406699635088444 -0.0020000000949949026 -0.06646420061588287
v -0.011911300010979176 -0.0020000000949949026 -0.06592729687690735
v -0.01627420075237751 -0.0020000000949949026 -0.062065400183200836
v -0.015182499773800373 -0.0020000000949949026 -0.06531629711389542
v -0.013002900406718254 -0.0020000000949949026 -0.06267649680376053
v -0.01861480064690113 -0.0020000000949949026 -0.06442759931087494
v -0.022312000393867493 -0.0020000000949949026 -0.05988309904932976
v -0.021633699536323547 -0.0020000000949949026 -0.06333640217781067
v -0.024958500638604164 -0.0020000000949949026 -0.062105100601911545
v -0.019293099641799927 -0.0020000000949949026 -0.060974299907684326
v -0.028188399970531464 -0.0020000000949949026 -0.057035401463508606
v -0.02789659984409809 -0.0020000000949949026 -0.06068120151758194
v -0.031079700216650963 -0.0020000000949949026 -0.059119898825883865
v -0.025250200182199478 -0.0020000000949949026 -0.05845930054783821
v -0.033731598407030106 -0.0020000000949949026 -0.05411740019917488
v -0.03385140001773834 -0.0020000000949949026 -0.057660799473524094
v -0.03686020150780678 -0.0020000000949949026 -0.0557853989303112
v -0.030959999188780785 -0.0020000000949949026 -0.055576398968696594
v -0.03952749818563461 -0.0020000000949949026 -0.05050859972834587
v -0.03975820168852806 -0.0020000000949949026 -0.0539809986948967
v -0.03662959858775139 -0.0020000000949949026 -0.052312999963760376
v -0.04256179928779602 -0.0020000000949949026 -0.05181080102920532
v -0.04430190101265907 -0.0020000000949949026 -0.04594530165195465
v -0.04751870036125183 -0.0020000000949949026 -0.04708649963140488
v -0.0449489988386631 -0.0020000000949949026 -0.04952919855713844
v -0.04191470146179199 -0.0020000000949949026 -0.04822690039873123
v -0.04926459863781929 -0.0020000000949949026 -0.04230159893631935
v -0.05000010132789612 -0.0020000000949949026 -0.045264698565006256
v -0.05230949819087982 -0.0020000000949949026 -0.04257449880242348
v -0.04678329825401306 -0.0020000000949949026 -0.04412340000271797
v -0.052339501678943634 -0.0020000000949949026 -0.036429401487112045
v -0.053846899420022964 -0.0020000000949949026 -0.039638400077819824
v -0.055872298777103424 -0.0020000000949949026 -0.036728400737047195
v -0.05080210044980049 -0.0020000000949949026 -0.0393655002117157
v -0.054149799048900604 -0.0020000000949949026 -0.030195999890565872
v -0.05677739903330803 -0.0020000000949949026 -0.03361180052161217
v -0.05849799886345863 -0.0020000000949949026 -0.030511800199747086
v -0.05324459820985794 -0.0020000000949949026 -0.03331270068883896
v -0.05823599919676781 -0.0020000000949949026 -0.024961600080132484
v -0.060541100800037384 -0.0020000000949949026 -0.027894599363207817
v -0.056192900985479355 -0.0020000000949949026 -0.027578800916671753
v -0.0619392991065979 -0.0020000000949949026 -0.02463649958372116
v -0.06001099944114685 -0.0020000000949949026 -0.01834929920732975
v -0.06282679736614227 -0.0020000000949949026 -0.021330300718545914
v -0.06388819962739944 -0.0020000000949949026 -0.017947500571608543
v -0.05912350118160248 -0.0020000000949949026 -0.021655399352312088
v -0.06246659904718399 -0.0020000000949949026 -0.012304999865591526
v -0.06511600315570831 -0.0020000000949949026 -0.014925399795174599
v -0.06582970172166824 -0.0020000000949949026 -0.011452499777078629
v -0.06123879924416542 -0.0020000000949949026 -0.015327099710702896
v -0.06498049944639206 -0.0020000000949949026 -0.006354189943522215
v -0.0670865997672081 -0.0020000000949949026 -0.00847707036882639
v -0.0674453005194664 -0.0020000000949949026 -0.004949820227921009
v -0.06372349709272385 -0.0020000000949949026 -0.00932960957288742
v -0.06443770229816437 -0.0020000000949949026 -0.00047419400652870536
v -0.06717389822006226 -0.0020000000949949026 -0.002009819960221648
v -0.06717389822006226 -0.0020000000949949026 0.0015356199583038688
v -0.06470909714698792 -0.0020000000949949026 -0.0034141899086534977
v -0.06366650015115738 -0.0020000000949949026 0.006258630193769932
v -0.06642960011959076 -0.0020000000949949026 0.008429289795458317
v -0.06678830087184906 -0.0020000000949949026 0.004902040120214224
v -0.06405209749937057 -0.0020000000949949026 0.002892219927161932
v -0.06289350241422653 -0.0020000000949949026 0.012532499618828297
v -0.06604310125112534 -0.0020000000949949026 0.01156620029360056
v -0.06532949954271317 -0.0020000000949949026 0.01503910031169653
v -0.06328000128269196 -0.0020000000949949026 0.009395579807460308
v -0.061351701617240906 -0.0020000000949949026 0.019096000120043755
v -0.0645584985613823 -0.0020000000949949026 0.018320800736546516
v -0.06212259829044342 -0.0020000000949949026 0.015814300626516342
v -0.06349720060825348 -0.0020000000949949026 0.021703699603676796
v -0.0589137002825737 -0.0020000000949949026 0.024945400655269623
v -0.062278199940919876 -0.0020000000949949026 0.024628400802612305
v -0.06088000163435936 -0.0020000000949949026 0.02788650058209896
v -0.0601327009499073 -0.0020000000949949026 0.022020699456334114
v -0.05597449839115143 -0.0020000000949949026 0.030891399830579758
v -0.059410400688648224 -0.0020000000949949026 0.03085950016975403
v -0.05768980085849762 -0.0020000000949949026 0.03395950049161911
v -0.057444099336862564 -0.0020000000949949026 0.02791840024292469
v -0.052052199840545654 -0.0020000000949949026 0.03658650070428848
v -0.055728599429130554 -0.0020000000949949026 0.03680700063705444
v -0.053703200072050095 -0.0020000000949949026 0.039716899394989014
v -0.05401330068707466 -0.0020000000949949026 0.03373889997601509
v -0.04823879897594452 -0.0020000000949949026 0.04205390065908432
v -0.051796600222587585 -0.0020000000949949026 0.04245069995522499
v -0.04948719963431358 -0.0020000000949949026 0.04514079913496971
v -0.05014549940824509 -0.0020000000949949026 0.0393202006816864
v -0.04503510147333145 -0.0020000000949949026 0.04731199890375137
v -0.04788529872894287 -0.0020000000949949026 0.04776979982852936
v -0.04531560093164444 -0.0020000000949949026 0.050212498754262924
v -0.046636998653411865 -0.0020000000949949026 0.04468290135264397
v -0.04006509855389595 -0.0020000000949949026 0.05028250068426132
v -0.04283060133457184 -0.0020000000949949026 0.05169780179858208
v -0.04002700001001358 -0.0020000000949949026 0.05386799946427345
v -0.04255009815096855 -0.0020000000949949026 0.04879720136523247
v -0.0345149002969265 -0.0020000000949949026 0.053558599203825
v -0.037251900881528854 -0.0020000000949949026 0.05550599843263626
v -0.03424299880862236 -0.0020000000949949026 0.05738139897584915
v -0.037289999425411224 -0.0020000000949949026 0.05192049965262413
v -0.02855139970779419 -0.0020000000949949026 0.05695980042219162
v -0.031261298805475235 -0.0020000000949949026 0.05908200144767761
v -0.028078200295567513 -0.0020000000949949026 0.06064340099692345
v -0.03153320029377937 -0.0020000000949949026 0.05525920167565346
v -0.02268889918923378 -0.0020000000949949026 0.05945250019431114
v -0.02514689974486828 -0.0020000000949949026 0.06188980117440224
v -0.02182210050523281 -0.0020000000949949026 0.06312110275030136
v -0.025620099157094955 -0.0020000000949949026 0.05820620059967041
v -0.01646609976887703 -0.0020000000949949026 0.06181290000677109
v -0.018710799515247345 -0.0020000000949949026 0.06430129706859589
v -0.015278499573469162 -0.0020000000949949026 0.06519000232219696
v -0.019577499479055405 -0.0020000000949949026 0.060632698237895966
v -0.010191800072789192 -0.0020000000949949026 0.06331139802932739
v -0.012141300365328789 -0.0020000000949949026 0.06593929976224899
v -0.008636790327727795 -0.0020000000949949026 0.06647609919309616
v -0.01332900021225214 -0.0020000000949949026 0.06256210058927536
v -0.0069280401803553104 -0.0020000000949949026 0.06368900090456009
v -0.01027540024369955 0.07421340048313141 -0.0036207500379532576
v -0.013331499882042408 0.0724031999707222 -0.00309427990578115
v -0.012686899863183498 0.07307519763708115 0.0002811299927998334
v -0.010546199977397919 0.07386840134859085 0.004470020066946745
v -0.008484750054776669 0.07559309899806976 0.0005352519801817834
v -0.0027175000868737698 0.07372870296239853 -0.01135649997740984
v 0.000620901002548635 0.07451719790697098 -0.010371199809014797
v -0.005907959770411253 0.07408930361270905 -0.009394370019435883
v 0.01023939996957779 0.07417669892311096 -0.003894220106303692
v 0.01036870013922453 0.07293979823589325 -0.007664950098842382
v 0.012560100294649601 0.07229240238666534 -0.005826869979500771
v 0.006532649975270033 0.07398860156536102 -0.009172610007226467
v 0.013670899905264378 0.0721701979637146 -0.0031134600285440683
v 0.012683499604463577 0.07307899743318558 0.00014220300363376737
v 0.010546199977397919 0.07386840134859085 0.004470020066946745
v 0.009088920429348946 0.07385999709367752 0.006993050221353769
v 0.00848041009157896 0.07559960335493088 0.00039480600389651954
v -0.012252399697899818 0.07263690233230591 -0.005287169944494963
v -0.01052740029990673 0.07285039871931076 -0.007675100117921829
v -0.0058756498619914055 0.0758609026670456 -0.005436209961771965
v 0.0048755197785794735 0.07612510025501251 -0.005703050177544355
v -0.04054019972681999 -0.0020000000949949026 0.042882900685071945
v -0.035344600677490234 -0.0020000000949949026 0.047178998589515686
v -0.04030260071158409 -0.0020000000949949026 0.046582698822021484
v -0.037942398339509964 -0.0020000000949949026 0.045030999928712845
v -0.03770489990711212 -0.0020000000949949026 0.048730701208114624
v -0.034929800778627396 -0.0020000000949949026 0.05036880075931549
v -0.04278770089149475 -0.0020000000949949026 0.04509739950299263
v 0.04178079962730408 -0.0020000000949949026 -0.043087899684906006
v 0.043543700128793716 -0.0020000000949949026 -0.045382700860500336
v 0.040407199412584305 -0.0020000000949949026 -0.04675750061869621
v 0.03458800166845322 -0.0020000000949949026 -0.04319480061531067
v 0.03818440064787865 -0.0020000000949949026 -0.04314130172133446
v 0.036810800433158875 -0.0020000000949949026 -0.046810999512672424
v 0.03036239929497242 -0.0020000000949949026 -0.04973509907722473
v 0.032475199550390244 -0.0020000000949949026 -0.04646490141749382
v 0.0346979983150959 -0.0020000000949949026 -0.050081100314855576
v 0.032351698726415634 -0.0020000000949949026 -0.052394799888134
v -0.043591901659965515 -0.0020000000949949026 -0.03805850073695183
v -0.04642830044031143 -0.0020000000949949026 -0.04018000140786171
v -0.047965701669454575 -0.0020000000949949026 -0.03724389895796776
v -0.04670190066099167 -0.0020000000949949026 -0.030895700678229332
v -0.04514690116047859 -0.0020000000949949026 -0.034477099776268005
v -0.04952070116996765 -0.0020000000949949026 -0.033662501722574234
v -0.050425801426172256 -0.0020000000949949026 -0.030545899644494057
v 0.04086950048804283 -0.0020000000949949026 0.0425477996468544
v 0.042814701795578 -0.0020000000949949026 0.04487939924001694
v 0.04430050030350685 -0.0020000000949949026 0.04229059815406799
v 0.04389189928770065 -0.0020000000949949026 0.03613299876451492
v 0.04238070175051689 -0.0020000000949949026 0.03934039920568466
v 0.04581170156598091 -0.0020000000949949026 0.039083100855350494
v 0.047588199377059937 -0.0020000000949949026 0.03613390028476715
v 0.05649369955062866 -0.0020000000949949026 -0.00216876994818449
v 0.06003290042281151 -0.0020000000949949026 -0.0009334799833595753
v 0.059967901557683945 -0.0020000000949949026 -0.004310099873691797
v 0.05756080150604248 -0.0020000000949949026 -0.008454450406134129
v 0.060501400381326675 -0.0020000000949949026 -0.0074529401026666164
v 0.05702719837427139 -0.0020000000949949026 -0.005311610177159309
v 0.05995969846844673 -0.0020000000949949026 -0.010631199926137924
v -0.005483489949256182 -0.0020000000949949026 -0.05800570175051689
v -0.012355400249361992 -0.0020000000949949026 -0.05726410076022148
v -0.007607560139149427 -0.0020000000949949026 -0.060646601021289825
v -0.00891944020986557 -0.0020000000949949026 -0.057634901255369186
v -0.011043500155210495 -0.0020000000949949026 -0.06027580052614212
v -0.004120389930903912 -0.0020000000949949026 -0.060970500111579895
v -0.014314799569547176 -0.0020000000949949026 -0.05966480076313019
v -0.05960649996995926 -0.0020000000949949026 0.0023155598901212215
v -0.06202210113406181 -0.0020000000949949026 0.000920681981369853
v -0.06163650006055832 -0.0020000000949949026 0.00428709015250206
v -0.057452600449323654 -0.0020000000949949026 0.007943689823150635
v -0.05852949991822243 -0.0020000000949949026 0.005129630211740732
v -0.06055950000882149 -0.0020000000949949026 0.007101160008460283
v -0.060173001140356064 -0.0020000000949949026 0.010238099843263626
v 0.006399310193955898 -0.0020000000949949026 0.05738230049610138
v 0.004814589861780405 -0.0020000000949949026 0.060534801334142685
v 0.008301179856061935 -0.0020000000949949026 0.060145799070596695
v -0.0006490779924206436 -0.0020000000949949026 0.05792130157351494
v 0.002875119913369417 -0.0020000000949949026 0.05765179917216301
v 0.0012903900351375341 -0.0020000000949949026 0.060804400593042374
v -0.0021566799841821194 -0.0020000000949949026 0.06099399924278259
v -0.05241589993238449 -0.0020000000949949026 0.02487649954855442
v -0.05419519916176796 -0.0020000000949949026 0.027884000912308693
v -0.055664800107479095 -0.0020000000949949026 0.024910900741815567
v -0.04889779910445213 -0.0020000000949949026 0.030487200245261192
v -0.05243609845638275 -0.0020000000949949026 0.0306892991065979
v -0.05047500133514404 -0.0020000000949949026 0.033536799252033234
v -0.05065679922699928 -0.0020000000949949026 0.027681900188326836
v -0.029365399852395058 -0.0020000000949949026 -0.0502655990421772
v -0.028776900842785835 -0.0020000000949949026 -0.053650498390197754
v -0.031548500061035156 -0.0020000000949949026 -0.05219149962067604
v -0.034642498940229416 -0.0020000000949949026 -0.048630598932504654
v -0.03200389817357063 -0.0020000000949949026 -0.04944809898734093
v -0.03418710082769394 -0.0020000000949949026 -0.05137399956583977
v -0.037085000425577164 -0.0020000000949949026 -0.04956959933042526
v 0.019168199971318245 -0.0020000000949949026 -0.05431320145726204
v 0.012591100297868252 -0.0020000000949949026 -0.05416179820895195
v 0.01587969996035099 -0.0020000000949949026 -0.054237499833106995
v 0.014287499710917473 -0.0020000000949949026 -0.05794769898056984
v 0.017576100304722786 -0.0020000000949949026 -0.058023400604724884
v 0.021014099940657616 -0.0020000000949949026 -0.05698230117559433
v 0.008288810029625893 -0.0020000000949949026 -0.059482600539922714
v 0.010440000332891941 -0.0020000000949949026 -0.05682219937443733
v 0.012136399745941162 -0.0020000000949949026 -0.06060810014605522
v 0.009126690216362476 -0.0020000000949949026 -0.062286701053380966
v 0.056924499571323395 -0.0020000000949949026 0.010722899809479713
v 0.06028490141034126 -0.0020000000949949026 0.011834600009024143
v 0.058884598314762115 -0.0020000000949949026 0.014906499534845352
v 0.05333619937300682 -0.0020000000949949026 0.01770629920065403
v 0.05709049850702286 -0.0020000000949949026 0.01839819923043251
v 0.05513039976358414 -0.0020000000949949026 0.014214600436389446
v 0.055370599031448364 -0.0020000000949949026 0.021035300567746162
v 0.052767399698495865 -0.0020000000949949026 -0.02568870037794113
v 0.05595260113477707 -0.0020000000949949026 -0.025538500398397446
v 0.054412998259067535 -0.0020000000949949026 -0.028455400839447975
v 0.049183301627635956 -0.0020000000949949026 -0.03124229982495308
v 0.05097540095448494 -0.0020000000949949026 -0.028465500101447105
v 0.05262089893221855 -0.0020000000949949026 -0.03123209998011589
v 0.05067649856209755 -0.0020000000949949026 -0.034130699932575226
v 0.02391289919614792 -0.0020000000949949026 0.05040770024061203
v 0.030988600105047226 -0.0020000000949949026 0.0499780997633934
v 0.027450699359178543 -0.0020000000949949026 0.050192900002002716
v 0.029505200684070587 -0.0020000000949949026 0.05359039828181267
v 0.025967400521039963 -0.0020000000949949026 0.05380519852042198
v 0.020311899483203888 -0.0020000000949949026 0.056318700313568115
v 0.022112399339675903 -0.0020000000949949026 0.05336320027709007
v 0.024166900664567947 -0.0020000000949949026 0.056760698556900024
v 0.021568000316619873 -0.0020000000949949026 0.05894799903035164
v 0.03269540145993233 -0.0020000000949949026 0.052606001496315
v -0.012721399776637554 -0.0020000000949949026 0.05767130106687546
v -0.014593799598515034 -0.0020000000949949026 0.05974210053682327
v -0.01145660039037466 -0.0020000000949949026 0.060491301119327545
v -0.018008600920438766 -0.0020000000949949026 0.054127100855112076
v -0.01723730005323887 -0.0020000000949949026 0.05796999856829643
v -0.015364999882876873 -0.0020000000949949026 0.05589919909834862
v -0.020348699763417244 -0.0020000000949949026 0.05678980052471161
v -0.05549069866538048 -0.0020000000949949026 -0.011931899935007095
v -0.057750798761844635 -0.0020000000949949026 -0.015140599571168423
v -0.058978598564863205 -0.0020000000949949026 -0.012118499726057053
v -0.05889509990811348 -0.0020000000949949026 -0.004846340045332909
v -0.060680799186229706 -0.0020000000949949026 -0.008575689978897572
v -0.06193780153989792 -0.0020000000949949026 -0.0056002698838710785
v -0.05719289928674698 -0.0020000000949949026 -0.008389130234718323
v 0.04538879916071892 -0.0020000000949949026 -0.03708229959011078
v 0.04877930134534836 -0.0020000000949949026 -0.037050701677799225
v 0.04691680148243904 -0.0020000000949949026 -0.03991840034723282
v 0.04511279985308647 -0.0020000000949949026 -0.042921099811792374
v 0.04358480125665665 -0.0020000000949949026 -0.04008509963750839
v -0.0383772999048233 -0.0020000000949949026 -0.04426399990916252
v -0.03895239904522896 -0.0020000000949949026 -0.047386299818754196
v -0.04133959859609604 -0.0020000000949949026 -0.04510460048913956
v -0.043946899473667145 -0.0020000000949949026 -0.04200189933180809
v -0.04098460078239441 -0.0020000000949949026 -0.041161198168992996
v 0.05018959939479828 -0.0020000000949949026 0.0236176997423172
v 0.04721210151910782 -0.0020000000949949026 0.03000679984688759
v 0.05280730128288269 -0.0020000000949949026 0.027174299582839012
v 0.05131860077381134 -0.0020000000949949026 0.030368799343705177
v 0.04870089888572693 -0.0020000000949949026 0.026812300086021423
v 0.05379730090498924 -0.0020000000949949026 0.023990999907255173
v 0.04924830049276352 -0.0020000000949949026 0.03307089954614639
v -0.04937779903411865 -0.0020000000949949026 -0.024728799238801003
v -0.05267779901623726 -0.0020000000949949026 -0.018584100529551506
v -0.051027800887823105 -0.0020000000949949026 -0.021656399592757225
v -0.05545689910650253 -0.0020000000949949026 -0.021772900596261024
v -0.05380690097808838 -0.0020000000949949026 -0.024845199659466743
v -0.05176379904150963 -0.0020000000949949026 -0.027462400496006012
v -0.056344401091337204 -0.0020000000949949026 -0.018466699868440628
v -0.04444260150194168 -0.0020000000949949026 0.036211300641298294
v -0.04249139875173569 -0.0020000000949949026 0.03954710066318512
v -0.044389501214027405 -0.0020000000949949026 0.04246839880943298
v -0.0463407002389431 -0.0020000000949949026 0.03913259878754616
v -0.04824740067124367 -0.0020000000949949026 0.03639889881014824
v 0.024578500539064407 -0.0020000000949949026 -0.05353960022330284
v 0.02672390080988407 -0.0020000000949949026 -0.0553722009062767
v 0.02371929958462715 -0.0020000000949949026 -0.05659550055861473
v 0.029615899547934532 -0.0020000000949949026 -0.05347000062465668
v 0.02747040055692196 -0.0020000000949949026 -0.05163729935884476
v 0.06021159887313843 -0.0020000000949949026 0.008747629821300507
v 0.05826690047979355 -0.0020000000949949026 0.003762909909710288
v 0.060882799327373505 -0.0020000000949949026 0.005267620086669922
v 0.05759570002555847 -0.0020000000949949026 0.007242919877171516
v 0.06091950088739395 -0.0020000000949949026 0.0020323600620031357
v -0.024546800181269646 -0.0020000000949949026 0.05269850045442581
v -0.026549100875854492 -0.0020000000949949026 0.054829198867082596
v -0.023617800325155258 -0.0020000000949949026 0.05607549846172333
v -0.02945530042052269 -0.0020000000949949026 0.04847110062837601
v -0.02900329977273941 -0.0020000000949949026 0.052715498954057693
v -0.031985100358724594 -0.0020000000949949026 0.05101490020751953
v -0.027000999078154564 -0.0020000000949949026 0.05058480054140091
v 0.006188610102981329 -0.0020000000949949026 -0.06201209872961044
v 0.0013582099927589297 -0.0020000000949949026 -0.05861769989132881
v 0.0027233099099248648 -0.0020000000949949026 -0.06157970055937767
v -0.0006995390285737813 -0.0020000000949949026 -0.061276499181985855
v 0.004823510069400072 -0.0020000000949949026 -0.05905010178685188
v -0.022573299705982208 -0.0020000000949949026 -0.052393000572919846
v -0.02244270034134388 -0.0020000000949949026 -0.05613800138235092
v -0.025380799546837807 -0.0020000000949949026 -0.05471419915556908
v -0.0177886001765728 -0.0020000000949949026 -0.05665329843759537
v -0.020050300285220146 -0.0020000000949949026 -0.05826820060610771
v -0.020181000232696533 -0.0020000000949949026 -0.05452309921383858
v -0.01703139953315258 -0.0020000000949949026 -0.05935940146446228
v 0.01334530021995306 -0.0020000000949949026 0.056684598326683044
v 0.011774200014770031 -0.0020000000949949026 0.05979689955711365
v 0.01517490018159151 -0.0020000000949949026 0.059450700879096985
v 0.018658200278878212 -0.0020000000949949026 0.05926769971847534
v 0.01682860031723976 -0.0020000000949949026 0.0565016008913517
v 0.039868298918008804 -0.0020000000949949026 0.046340201050043106
v 0.033797599375247955 -0.0020000000949949026 0.04306590184569359
v 0.036332398653030396 -0.0020000000949949026 0.04659929871559143
v 0.03492790088057518 -0.0020000000949949026 0.05005529895424843
v 0.03239310160279274 -0.0020000000949949026 0.046521998941898346
v 0.037333499640226364 -0.0020000000949949026 0.042806901037693024
v 0.055629801005125046 -0.0020000000949949026 -0.020924199372529984
v 0.05831709876656532 -0.0020000000949949026 -0.020057400688529015
v 0.05738380178809166 -0.0020000000949949026 -0.023156199604272842
v 0.05518599972128868 -0.0020000000949949026 -0.014605600386857986
v 0.05877229943871498 -0.0020000000949949026 -0.01370679959654808
v 0.05809520184993744 -0.0020000000949949026 -0.016898000612854958
v 0.05540790036320686 -0.0020000000949949026 -0.017764899879693985
v -0.05536859855055809 -0.0020000000949949026 0.019494500011205673
v -0.05836020037531853 -0.0020000000949949026 0.01929529942572117
v -0.057141199707984924 -0.0020000000949949026 0.022220000624656677
v -0.058001600205898285 -0.0020000000949949026 0.014413099735975266
v -0.06044749915599823 -0.0020000000949949026 0.013472800143063068
v -0.05967659875750542 -0.0020000000949949026 0.016754599288105965
v -0.05668510124087334 -0.0020000000949949026 0.01695379987359047
v -0.007126309908926487 -0.0020000000949949026 0.05810970067977905
v -0.008659060113132 -0.0020000000949949026 0.0607106015086174
v -0.0053952899761497974 -0.0020000000949949026 0.0610882006585598
v -0.0038876899052411318 -0.0020000000949949026 0.058015499264001846
v 0.0024242799263447523 -0.0020000000949949026 0.051527198404073715
v 0.0008876019855961204 -0.0020000000949949026 0.05472429841756821
v 0.00441179983317852 -0.0020000000949949026 0.05445469915866852
v -0.004578069783747196 -0.0020000000949949026 0.05203710123896599
v -0.00261357007548213 -0.0020000000949949026 0.05497920140624046
v -0.0010768900392577052 -0.0020000000949949026 0.05178210139274597
v -0.005852189846336842 -0.0020000000949949026 0.05507339909672737
v 0.00948225986212492 -0.0020000000949949026 0.05085249990224838
v 0.009872299619019032 -0.0020000000949949026 0.05703340098261833
v 0.007940789684653282 -0.0020000000949949026 0.05411740019917488
v 0.011413799598813057 -0.0020000000949949026 0.053768500685691833
v 0.005953270010650158 -0.0020000000949949026 0.05118979886174202
v 0.005508109927177429 -0.0020000000949949026 0.045113999396562576
v 0.003966189920902252 -0.0020000000949949026 0.048320598900318146
v 0.007495190016925335 -0.0020000000949949026 0.04798319935798645
v -0.0015613699797540903 -0.0020000000949949026 0.04565669968724251
v 0.0019733700901269913 -0.0020000000949949026 0.04538540169596672
v 0.000431455991929397 -0.0020000000949949026 0.04859200119972229
v -0.003069719998165965 -0.0020000000949949026 0.04884690046310425
v 0.012600000016391277 -0.0020000000949949026 0.044584501534700394
v 0.009054060094058514 -0.0020000000949949026 0.044849198311567307
v 0.011041100136935711 -0.0020000000949949026 0.04771849885582924
v 0.016670700162649155 -0.0020000000949949026 0.05042779818177223
v 0.013076500035822392 -0.0020000000949949026 0.05064019933342934
v 0.014635399915277958 -0.0020000000949949026 0.04750619828701019
v 0.01500799972563982 -0.0020000000949949026 0.05355620011687279
v 0.001525030005723238 -0.0020000000949949026 0.03926889970898628
v -1.8169199393014424e-05 -0.0020000000949949026 0.042462799698114395
v 0.0035165699664503336 -0.0020000000949949026 0.04219140112400055
v 0.008596809580922127 -0.0020000000949949026 0.03875010088086128
v 0.010598399676382542 -0.0020000000949949026 0.04166730120778084
v 0.007052460219711065 -0.0020000000949949026 0.04193200170993805
v 0.005060920026153326 -0.0020000000949949026 0.03900950029492378
v -0.005545599851757288 -0.0020000000949949026 0.03978950157761574
v -0.0035534799098968506 -0.0020000000949949026 0.04272310063242912
v -0.0020102800335735083 -0.0020000000949949026 0.03952920064330101
v -0.008531020022928715 -0.0020000000949949026 0.04617350175976753
v -0.005046200007200241 -0.0020000000949949026 0.04591510072350502
v -0.007038310170173645 -0.0020000000949949026 0.042981501668691635
v -0.006554539781063795 -0.0020000000949949026 0.04910530149936676
v -0.002459469949826598 -0.0020000000949949026 0.03340670093894005
v -0.004002530127763748 -0.0020000000949949026 0.03659810125827789
v -0.000467219011625275 -0.0020000000949949026 0.036337800323963165
v 0.004612470045685768 -0.0020000000949949026 0.032889001071453094
v 0.001076500047929585 -0.0020000000949949026 0.03314780071377754
v 0.003068750025704503 -0.0020000000949949026 0.03607890009880066
v 0.0066046398133039474 -0.0020000000949949026 0.03581950068473816
v 0.015675300732254982 -0.0020000000949949026 0.03823380172252655
v 0.014137700200080872 -0.0020000000949949026 0.04140910133719444
v 0.012136000208556652 -0.0020000000949949026 0.03849190101027489
v 0.011684400029480457 -0.0020000000949949026 0.03237039968371391
v 0.010140599682927132 -0.0020000000949949026 0.03556020185351372
v 0.013679799623787403 -0.0020000000949949026 0.03530209884047508
v 0.008148419670760632 -0.0020000000949949026 0.032629698514938354
v 0.0006278399960137904 -0.0020000000949949026 0.02702369913458824
v 0.007699769921600819 -0.0020000000949949026 0.02650569938123226
v 0.002620150102302432 -0.0020000000949949026 0.02995629981160164
v 0.004163810051977634 -0.0020000000949949026 0.026764700189232826
v 0.006156119983643293 -0.0020000000949949026 0.029697300866246223
v 0.009692070074379444 -0.0020000000949949026 0.02943810075521469
v -0.0009158150060102344 -0.0020000000949949026 0.030215200036764145
v -0.00644409004598856 -0.0020000000949949026 0.02754179947078228
v -0.009530000388622284 -0.0020000000949949026 0.033924300223588943
v -0.004451780114322901 -0.0020000000949949026 0.03047429956495762
v -0.0059947301633656025 -0.0020000000949949026 0.033665500581264496
v -0.007987040095031261 -0.0020000000949949026 0.030733099207282066
v -0.002908129943534732 -0.0020000000949949026 0.027282800525426865
v -0.007537799887359142 -0.0020000000949949026 0.03685690090060234
v -0.0033567999489605427 -0.0020000000949949026 0.021158400923013687
v -0.0049004401080310345 -0.0020000000949949026 0.02435009926557541
v -0.0013644800055772066 -0.0020000000949949026 0.024091100320219994
v 0.0037151400465518236 -0.0020000000949949026 0.02064030058681965
v 0.0021714901085942984 -0.0020000000949949026 0.02383200079202652
v 0.00570745998993516 -0.0020000000949949026 0.023572999984025955
v 0.00017917000513989478 -0.0020000000949949026 0.020899400115013123
v 0.010787099599838257 -0.0020000000949949026 0.02012230083346367
v 0.0072511001490056515 -0.0020000000949949026 0.020381299778819084
v 0.009243420325219631 -0.0020000000949949026 0.02331399917602539
v 0.014771699905395508 -0.0020000000949949026 0.025987600907683372
v 0.011235699988901615 -0.0020000000949949026 0.026246700435876846
v 0.01322800014168024 -0.0020000000949949026 0.029178999364376068
v 0.012779399752616882 -0.0020000000949949026 0.023054899647831917
v -0.00026950499159283936 -0.0020000000949949026 0.01477499958127737
v -0.0018131500110030174 -0.0020000000949949026 0.017966700717806816
v 0.0017228199867531657 -0.0020000000949949026 0.01770769990980625
v 0.006802429910749197 -0.0020000000949949026 0.014256900176405907
v 0.005258779972791672 -0.0020000000949949026 0.017448600381612778
v 0.008794750086963177 -0.0020000000949949026 0.017189599573612213
v 0.0032664600294083357 -0.0020000000949949026 0.014515900053083897
v -0.010428699664771557 -0.0020000000949949026 0.021676499396562576
v -0.007341439835727215 -0.0020000000949949026 0.015293000265955925
v -0.008885079994797707 -0.0020000000949949026 0.018484799191355705
v -0.005349120125174522 -0.0020000000949949026 0.01822569966316223
v -0.006892759818583727 -0.0020000000949949026 0.02141750045120716
v -0.008436409756541252 -0.0020000000949949026 0.024609200656414032
v -0.0038054699543863535 -0.0020000000949949026 0.015034000389277935
v -0.004254150204360485 -0.0020000000949949026 0.008909530006349087
v -0.0022618300281465054 -0.0020000000949949026 0.011842199601233006
v -0.0057977898977696896 -0.0020000000949949026 0.012101300060749054
v 0.0028177800122648478 -0.0020000000949949026 0.00839145015925169
v 0.0012741399696096778 -0.0020000000949949026 0.011583199724555016
v 0.004810110200196505 -0.0020000000949949026 0.011324199847877026
v -0.0007181810215115547 -0.0020000000949949026 0.008650490082800388
v 0.009889720007777214 -0.0020000000949949026 0.007873360067605972
v 0.006353749893605709 -0.0020000000949949026 0.00813239999115467
v 0.008346069604158401 -0.0020000000949949026 0.011065100319683552
v 0.013874400407075882 -0.0020000000949949026 0.013738799840211868
v 0.010338399559259415 -0.0020000000949949026 0.013997799716889858
v 0.011881999671459198 -0.0020000000949949026 0.010806100443005562
v 0.01233069971203804 -0.0020000000949949026 0.01693050004541874
v -0.0011668599909171462 -0.0020000000949949026 0.0025260199327021837
v 0.005905069876462221 -0.0020000000949949026 0.0020079300738871098
v 0.0008254640270024538 -0.0020000000949949026 0.005458729807287455
v 0.002369110006839037 -0.0020000000949949026 0.002266969997435808
v 0.004361430183053017 -0.0020000000949949026 0.005199689883738756
v -0.002710500033572316 -0.0020000000949949026 0.005717779975384474
v 0.007897400297224522 -0.0020000000949949026 0.004940640181303024
v -0.00823878962546587 -0.0020000000949949026 0.0030441100243479013
v -0.004702819976955652 -0.0020000000949949026 0.002785060089081526
v -0.0062464699149131775 -0.0020000000949949026 0.005976819898933172
v -0.011326099745929241 -0.0020000000949949026 0.009427620097994804
v -0.009333759546279907 -0.0020000000949949026 0.012360299937427044
v -0.007790110073983669 -0.0020000000949949026 0.009168580174446106
v -0.009782429784536362 -0.0020000000949949026 0.006235859822481871
v -0.00515149999409914 -0.0020000000949949026 -0.003339410061016679
v -0.006695140153169632 -0.0020000000949949026 -0.0001476519973948598
v -0.003159180050715804 -0.0020000000949949026 -0.00040669599547982216
v 0.001920429989695549 -0.0020000000949949026 -0.0038574999198317528
v -0.001615529996342957 -0.0020000000949949026 -0.0035984499845653772
v 0.0003767870075535029 -0.0020000000949949026 -0.000665739004034549
v 0.003912750165909529 -0.0020000000949949026 -0.0009247830021195114
v 0.008992359973490238 -0.0020000000949949026 -0.004375580232590437
v 0.005456400103867054 -0.0020000000949949026 -0.004116539843380451
v 0.007448719814419746 -0.0020000000949949026 -0.0011838299687951803
v 0.012977000325918198 -0.0020000000949949026 0.0014898499939590693
v 0.009441040456295013 -0.0020000000949949026 0.0017488900339230895
v 0.011433400213718414 -0.0020000000949949026 0.0046815997920930386
v 0.010984700173139572 -0.0020000000949949026 -0.0014428700087592006
v -0.002064209897071123 -0.0020000000949949026 -0.009722930379211903
v -0.003607850056141615 -0.0020000000949949026 -0.006531170103698969
v -7.18891024007462e-05 -0.0020000000949949026 -0.006790210027247667
v 0.005007720086723566 -0.0020000000949949026 -0.010240999981760979
v 0.0034640799276530743 -0.0020000000949949026 -0.0070492601953446865
v 0.0070000397972762585 -0.0020000000949949026 -0.007308300118893385
v 0.0014717599842697382 -0.0020000000949949026 -0.009981970302760601
v -0.012223400175571442 -0.0020000000949949026 -0.002821319969370961
v -0.0091361403465271 -0.0020000000949949026 -0.009204840287566185
v -0.010679800063371658 -0.0020000000949949026 -0.006013080012053251
v -0.00714382017031312 -0.0020000000949949026 -0.00627211993560195
v -0.008687470108270645 -0.0020000000949949026 -0.0030803699046373367
v -0.005600180011242628 -0.0020000000949949026 -0.009463880211114883
v -0.010231100022792816 -0.0020000000949949026 0.00011139099660795182
v -0.006048849783837795 -0.0020000000949949026 -0.015588399954140186
v -0.004056530073285103 -0.0020000000949949026 -0.012655599974095821
v -0.007592500187456608 -0.0020000000949949026 -0.012396600097417831
v 0.0010230799671262503 -0.0020000000949949026 -0.01610640063881874
v -0.002512889914214611 -0.0020000000949949026 -0.015847399830818176
v -0.0005205650231800973 -0.0020000000949949026 -0.01291470043361187
v 0.0030153999105095863 -0.0020000000949949026 -0.01317370031028986
v 0.012079699896275997 -0.0020000000949949026 -0.010759100317955017
v 0.016064299270510674 -0.0020000000949949026 -0.004893669858574867
v 0.014072000049054623 -0.0020000000949949026 -0.007826389744877815
v 0.012528300285339355 -0.0020000000949949026 -0.004634629935026169
v 0.01053600013256073 -0.0020000000949949026 -0.007567340042442083
v 0.008543689735233784 -0.0020000000949949026 -0.010500100441277027
v 0.014520700089633465 -0.0020000000949949026 -0.0017019100487232208
v -0.016208099201321602 -0.0020000000949949026 -0.008686750195920467
v -0.013120800256729126 -0.0020000000949949026 -0.015070299617946148
v -0.012672100216150284 -0.0020000000949949026 -0.008945800364017487
v -0.01466440036892891 -0.0020000000949949026 -0.011878499761223793
v -0.0111285001039505 -0.0020000000949949026 -0.012137600220739841
v -0.014215799979865551 -0.0020000000949949026 -0.005754040088504553
v -0.0095848198980093 -0.0020000000949949026 -0.015329300425946712
v -0.010033500380814075 -0.0020000000949949026 -0.021453799679875374
v -0.002961559919640422 -0.0020000000949949026 -0.021971900016069412
v -0.008041170425713062 -0.0020000000949949026 -0.018521100282669067
v -0.006497529800981283 -0.0020000000949949026 -0.02171280048787594
v -0.004505210090428591 -0.0020000000949949026 -0.018780099228024483
v -0.0009692420135252178 -0.0020000000949949026 -0.019039200618863106
v -0.011577099561691284 -0.0020000000949949026 -0.018262000754475594
v -0.020192699506878853 -0.0020000000949949026 -0.014552200213074684
v -0.018200399354100227 -0.0020000000949949026 -0.011619499884545803
v -0.016656700521707535 -0.0020000000949949026 -0.014811200089752674
v -0.017105400562286377 -0.0020000000949949026 -0.020935699343681335
v -0.01864909939467907 -0.0020000000949949026 -0.017743900418281555
v -0.015113100409507751 -0.0020000000949949026 -0.01800299994647503
v -0.013569500297307968 -0.0020000000949949026 -0.0211947001516819
v -0.019295400008559227 -0.0020000000949949026 -0.0023032398894429207
v -0.023280000314116478 -0.0020000000949949026 -0.00816867034882307
v -0.021287700161337852 -0.0020000000949949026 -0.005235949996858835
v -0.01974399946630001 -0.0020000000949949026 -0.008427710272371769
v -0.017751699313521385 -0.0020000000949949026 -0.005494989920407534
v -0.01575939916074276 -0.0020000000949949026 -0.0025622800458222628
v -0.021736400201916695 -0.0020000000949949026 -0.01136040035635233
v -0.014018099755048752 -0.0020000000949949026 -0.027319200336933136
v -0.006946209818124771 -0.0020000000949949026 -0.027837300673127174
v -0.012025799602270126 -0.0020000000949949026 -0.02438649907708168
v -0.010482200421392918 -0.0020000000949949026 -0.02757829986512661
v -0.008489849977195263 -0.0020000000949949026 -0.024645499885082245
v -0.004953879863023758 -0.0020000000949949026 -0.02490459941327572
v -0.015561800450086594 -0.0020000000949949026 -0.024127500131726265
v 0.004110369831323624 -0.0020000000949949026 -0.02249000035226345
v 0.0005744029767811298 -0.0020000000949949026 -0.022230900824069977
v 0.0025667198933660984 -0.0020000000949949026 -0.01929819956421852
v 0.0001257270050700754 -0.0020000000949949026 -0.028355399146676064
v -0.0014179199934005737 -0.0020000000949949026 -0.025163600221276283
v 0.0021180498879402876 -0.0020000000949949026 -0.025422699749469757
v -0.00341023993678391 -0.0020000000949949026 -0.02809629961848259
v -0.02726460061967373 -0.0020000000949949026 -0.014034099876880646
v -0.02372870035469532 -0.0020000000949949026 -0.014293099753558636
v -0.025272300466895103 -0.0020000000949949026 -0.011101399548351765
v -0.024177400395274162 -0.0020000000949949026 -0.020417600870132446
v -0.02218499965965748 -0.0020000000949949026 -0.01748489961028099
v -0.020641399547457695 -0.0020000000949949026 -0.02067670039832592
v -0.025721000507473946 -0.0020000000949949026 -0.017225900664925575
v -0.030351899564266205 -0.0020000000949949026 -0.007650579791516066
v -0.026367299258708954 -0.0020000000949949026 -0.0017851500306278467
v -0.026815999299287796 -0.0020000000949949026 -0.007909620180726051
v -0.02482360042631626 -0.0020000000949949026 -0.004976910073310137
v -0.02835959941148758 -0.0020000000949949026 -0.004717859905213118
v -0.02880829945206642 -0.0020000000949949026 -0.01084230002015829
v -0.022831300273537636 -0.0020000000949949026 -0.002044189954176545
v -0.010930799879133701 -0.0020000000949949026 -0.033702701330184937
v -0.012474499642848969 -0.0020000000949949026 -0.030510999262332916
v -0.008938530460000038 -0.0020000000949949026 -0.03077000007033348
v -0.0038589199539273977 -0.0020000000949949026 -0.034220799803733826
v -0.005402559880167246 -0.0020000000949949026 -0.031029099598526955
v -0.0018665899988263845 -0.0020000000949949026 -0.03128809854388237
v -0.007394880056381226 -0.0020000000949949026 -0.03396179899573326
v 0.007197659928351641 -0.0020000000949949026 -0.028873499482870102
v 0.0036616900470107794 -0.0020000000949949026 -0.028614399954676628
v 0.0056540099903941154 -0.0020000000949949026 -0.02568170055747032
v 0.0032130200415849686 -0.0020000000949949026 -0.034738898277282715
v 0.005205340217798948 -0.0020000000949949026 -0.03180620074272156
v 0.0016693699872121215 -0.0020000000949949026 -0.031547099351882935
v -0.0003229500143788755 -0.0020000000949949026 -0.03447990119457245
v -0.03124929964542389 -0.0020000000949949026 -0.019899500533938408
v -0.02771330066025257 -0.0020000000949949026 -0.02015860006213188
v -0.029256999492645264 -0.0020000000949949026 -0.016966799274086952
v -0.034336600452661514 -0.0020000000949949026 -0.013515999540686607
v -0.03234430029988289 -0.0020000000949949026 -0.010583300143480301
v -0.030800599604845047 -0.0020000000949949026 -0.013775100000202656
v -0.03279289975762367 -0.0020000000949949026 -0.016707800328731537
v -0.03343920037150383 -0.0020000000949949026 -0.001267060055397451
v -0.03742390125989914 -0.0020000000949949026 -0.007132490165531635
v -0.035431500524282455 -0.0020000000949949026 -0.004199780058115721
v -0.03388790041208267 -0.0020000000949949026 -0.007391539867967367
v -0.03189560025930405 -0.0020000000949949026 -0.004458819981664419
v -0.0358802005648613 -0.0020000000949949026 -0.010324199683964252
v -0.02990330010652542 -0.0020000000949949026 -0.0015261099906638265
v -0.022382700815796852 -0.0020000000949949026 0.0040802801959216595
v -0.02083900012075901 -0.0020000000949949026 0.0008885210263542831
v -0.02437499910593033 -0.0020000000949949026 0.001147559960372746
v -0.02945460006594658 -0.0020000000949949026 0.00459836982190609
v -0.027910899370908737 -0.0020000000949949026 0.0014066100120544434
v -0.02591859921813011 -0.0020000000949949026 0.004339320119470358
v -0.031446900218725204 -0.0020000000949949026 0.0016656500520184636
v -0.036526501178741455 -0.0020000000949949026 0.005116450134664774
v -0.03498290106654167 -0.0020000000949949026 0.0019246999872848392
v -0.03299050033092499 -0.0020000000949949026 0.0048574102111160755
v -0.04050790145993233 -0.0020000000949949026 -0.0007474030135199428
v -0.038965899497270584 -0.0020000000949949026 -0.003939949907362461
v -0.03697359934449196 -0.0020000000949949026 -0.001007230021059513
v -0.03851719945669174 -0.0020000000949949026 0.002184530021622777
v -0.032541900873184204 -0.0020000000949949026 0.010981899686157703
v -0.030998200178146362 -0.0020000000949949026 0.007790119852870703
v -0.03453420102596283 -0.0020000000949949026 0.008049169555306435
v -0.02546989917755127 -0.0020000000949949026 0.01046380028128624
v -0.027462299913167953 -0.0020000000949949026 0.007531079929322004
v -0.029005900025367737 -0.0020000000949949026 0.01072280015796423
v -0.023926300927996635 -0.0020000000949949026 0.007272040005773306
v 0.020048899576067924 -0.0020000000949949026 0.0009717579814605415
v 0.0180565994232893 -0.0020000000949949026 -0.0019609599839895964
v 0.016512999311089516 -0.0020000000949949026 0.0012307999422773719
v 0.01696160063147545 -0.0020000000949949026 0.007355269975960255
v 0.01342570036649704 -0.0020000000949949026 0.007614320144057274
v 0.014969299547374249 -0.0020000000949949026 0.00442255986854434
v 0.01850529946386814 -0.0020000000949949026 0.004163519944995642
v 0.02313620038330555 -0.0020000000949949026 -0.005411759950220585
v 0.0191516000777483 -0.0020000000949949026 -0.01127719972282648
v 0.01960030011832714 -0.0020000000949949026 -0.005152709782123566
v 0.017607899382710457 -0.0020000000949949026 -0.008085429668426514
v 0.021143900230526924 -0.0020000000949949026 -0.008344469591975212
v 0.021592600271105766 -0.0020000000949949026 -0.002219999907538295
v 0.015615600161254406 -0.0020000000949949026 -0.011018100194633007
v 0.02712089940905571 -0.0020000000949949026 0.00045367100392468274
v 0.023584900423884392 -0.0020000000949949026 0.0007127149729058146
v 0.025128500536084175 -0.0020000000949949026 -0.002479040063917637
v 0.024033600464463234 -0.0020000000949949026 0.006837190128862858
v 0.020497599616646767 -0.0020000000949949026 0.007096230052411556
v 0.02204130031168461 -0.0020000000949949026 0.003904470009729266
v 0.025577200576663017 -0.0020000000949949026 0.0036454300861805677
v 0.026223499327898026 -0.0020000000949949026 -0.01179530005902052
v 0.030208200216293335 -0.0020000000949949026 -0.005929839797317982
v 0.024679899215698242 -0.0020000000949949026 -0.008603519760072231
v 0.02821579948067665 -0.0020000000949949026 -0.00886255968362093
v 0.026672199368476868 -0.0020000000949949026 -0.005670799873769283
v 0.028664499521255493 -0.0020000000949949026 -0.0027380899991840124
v 0.022687600925564766 -0.0020000000949949026 -0.01153619959950447
v 0.03419189900159836 -0.0020000000949949026 -6.486920028692111e-05
v 0.030656399205327034 -0.0020000000949949026 0.0001944010000443086
v 0.03220000118017197 -0.0020000000949949026 -0.002997359959408641
v 0.03110549971461296 -0.0020000000949949026 0.00631910003721714
v 0.029113199561834335 -0.0020000000949949026 0.0033863899298012257
v 0.027569500729441643 -0.0020000000949949026 0.006578139960765839
v 0.03264870122075081 -0.0020000000949949026 0.003127119969576597
v 0.03728010132908821 -0.0020000000949949026 -0.006447929888963699
v 0.033744100481271744 -0.0020000000949949026 -0.006188889965415001
v 0.035735998302698135 -0.0020000000949949026 -0.003256400115787983
v 0.0332954004406929 -0.0020000000949949026 -0.012313400395214558
v 0.03175180032849312 -0.0020000000949949026 -0.009121599607169628
v 0.035287801176309586 -0.0020000000949949026 -0.009380649775266647
v 0.029759500175714493 -0.0020000000949949026 -0.01205429993569851
v 0.022238900884985924 -0.0020000000949949026 -0.017660699784755707
v 0.020695200189948082 -0.0020000000949949026 -0.014468899928033352
v 0.0242311991751194 -0.0020000000949949026 -0.0147280003875494
v 0.02931080013513565 -0.0020000000949949026 -0.018178800120949745
v 0.027767200022935867 -0.0020000000949949026 -0.01498700026422739
v 0.031303100287914276 -0.0020000000949949026 -0.015246099792420864
v 0.025774799287319183 -0.0020000000949949026 -0.01791970059275627
v 0.02094629965722561 -0.0020000000949949026 0.013220700435340405
v 0.028018200770020485 -0.0020000000949949026 0.012702600099146366
v 0.022489899769425392 -0.0020000000949949026 0.010028899647295475
v 0.02602590061724186 -0.0020000000949949026 0.009769899770617485
v 0.024482300505042076 -0.0020000000949949026 0.01296169962733984
v 0.018953999504446983 -0.0020000000949949026 0.010288000106811523
v 0.029561899602413177 -0.0020000000949949026 0.009510859847068787
v 0.03509020060300827 -0.0020000000949949026 0.012184499762952328
v 0.0315541997551918 -0.0020000000949949026 0.012443600222468376
v 0.033097799867391586 -0.0020000000949949026 0.009251809678971767
v 0.03817740082740784 -0.0020000000949949026 0.005801009945571423
v 0.03464150056242943 -0.0020000000949949026 0.006060060113668442
v 0.03618469834327698 -0.0020000000949949026 0.0028680700343102217
v 0.036633800715208054 -0.0020000000949949026 0.008992769755423069
v 0.032002899795770645 -0.0020000000949949026 0.018567999824881554
v 0.02493089996278286 -0.0020000000949949026 0.019086100161075592
v 0.028466900810599327 -0.0020000000949949026 0.018827099353075027
v 0.0264746006578207 -0.0020000000949949026 0.01589439995586872
v 0.03001050092279911 -0.0020000000949949026 0.015635300427675247
v 0.022938599810004234 -0.0020000000949949026 0.016153400763869286
v 0.03354649990797043 -0.0020000000949949026 0.015376299619674683
v -0.028162000700831413 -0.0020000000949949026 -0.02628299966454506
v -0.021090099588036537 -0.0020000000949949026 -0.026801100000739098
v -0.026169700548052788 -0.0020000000949949026 -0.023350300267338753
v -0.024625999853014946 -0.0020000000949949026 -0.026542099192738533
v -0.02263369970023632 -0.0020000000949949026 -0.023609399795532227
v -0.019097700715065002 -0.0020000000949949026 -0.02386840060353279
v -0.029705600813031197 -0.0020000000949949026 -0.023091299459338188
v -0.007829389534890652 -0.0020000000949949026 -0.04008039832115173
v -0.0007716260151937604 -0.0020000000949949026 -0.040604300796985626
v -0.0058441502042114735 -0.0020000000949949026 -0.03715059906244278
v -0.004300510045140982 -0.0020000000949949026 -0.0403423011302948
v -0.0023152700159698725 -0.0020000000949949026 -0.037412598729133606
v 0.0012206899700686336 -0.0020000000949949026 -0.03767159953713417
v -0.009380119852721691 -0.0020000000949949026 -0.036891501396894455
v 0.006306559778749943 -0.0020000000949949026 -0.041126798838377
v 0.0027674599550664425 -0.0020000000949949026 -0.04086560010910034
v 0.004759789910167456 -0.0020000000949949026 -0.037932898849248886
v 0.010284899733960629 -0.0020000000949949026 -0.0352570004761219
v 0.008295750245451927 -0.0020000000949949026 -0.03819189965724945
v 0.006748979911208153 -0.0020000000949949026 -0.03499789908528328
v 0.008741299621760845 -0.0020000000949949026 -0.03206520155072212
v -0.014899300411343575 -0.0020000000949949026 -0.0395612008869648
v -0.01291509997099638 -0.0020000000949949026 -0.03663190081715584
v -0.011364299803972244 -0.0020000000949949026 -0.039820801466703415
v -0.01800280064344406 -0.0020000000949949026 -0.03318459913134575
v -0.014466799795627594 -0.0020000000949949026 -0.03344370052218437
v -0.016450999304652214 -0.0020000000949949026 -0.03637290000915527
v -0.016010500490665436 -0.0020000000949949026 -0.030251899734139442
v 0.03638270124793053 -0.0020000000949949026 -0.018696900457143784
v 0.04035419970750809 -0.0020000000949949026 -0.012831900268793106
v 0.03483910113573074 -0.0020000000949949026 -0.015505099669098854
v 0.038368500769138336 -0.0020000000949949026 -0.015764400362968445
v 0.036824800074100494 -0.0020000000949949026 -0.012572599574923515
v 0.03881720080971718 -0.0020000000949949026 -0.009639900177717209
v 0.03284680098295212 -0.0020000000949949026 -0.01843780092895031
v 0.032398100942373276 -0.0020000000949949026 -0.024562299251556396
v 0.030854500830173492 -0.0020000000949949026 -0.021370500326156616
v 0.0343904010951519 -0.0020000000949949026 -0.02162959985435009
v 0.0253261998295784 -0.0020000000949949026 -0.024044200778007507
v 0.023782499134540558 -0.0020000000949949026 -0.020852500572800636
v 0.027318499982357025 -0.0020000000949949026 -0.02111149951815605
v 0.02886210009455681 -0.0020000000949949026 -0.02430330030620098
v -0.04359839856624603 -0.0020000000949949026 0.0056345402263104916
v -0.04205320030450821 -0.0020000000949949026 0.0024435699451714754
v -0.040062498301267624 -0.0020000000949949026 0.005375499837100506
v -0.03961379826068878 -0.0020000000949949026 0.011500000022351742
v -0.04160609841346741 -0.0020000000949949026 0.008567250333726406
v -0.038070198148489 -0.0020000000949949026 0.008308210410177708
v -0.03607780113816261 -0.0020000000949949026 0.011240899562835693
v -0.03562920168042183 -0.0020000000949949026 0.01736539974808693
v -0.037621501833200455 -0.0020000000949949026 0.014432700350880623
v -0.03408550098538399 -0.0020000000949949026 0.014173599891364574
v -0.028557199984788895 -0.0020000000949949026 0.01684729941189289
v -0.03054960072040558 -0.0020000000949949026 0.013914600014686584
v -0.02701359987258911 -0.0020000000949949026 0.013655600138008595
v -0.03209320083260536 -0.0020000000949949026 0.017106400802731514
v 0.044349901378154755 -0.0020000000949949026 -0.007018549833446741
v 0.0423520989716053 -0.0020000000949949026 -0.009925209917128086
v 0.040814999490976334 -0.0020000000949949026 -0.006733240094035864
v 0.041259098798036575 -0.0020000000949949026 -0.0005852250033058226
v 0.03926960006356239 -0.0020000000949949026 -0.0035165799781680107
v 0.042804498225450516 -0.0020000000949949026 -0.0038018899504095316
v 0.037725500762462616 -0.0020000000949949026 -0.00032504700357094407
v -0.038321200758218765 -0.0020000000949949026 -0.01938140019774437
v -0.03523389995098114 -0.0020000000949949026 -0.02576499991118908
v -0.034785300493240356 -0.0020000000949949026 -0.019640499725937843
v -0.03677760064601898 -0.0020000000949949026 -0.02257319912314415
v -0.033241599798202515 -0.0020000000949949026 -0.022832199931144714
v -0.03169799968600273 -0.0020000000949949026 -0.026024000719189644
v -0.03632890060544014 -0.0020000000949949026 -0.016448700800538063
v -0.032146599143743515 -0.0020000000949949026 -0.03214849904179573
v -0.03015430085361004 -0.0020000000949949026 -0.029215799644589424
v -0.03369029983878136 -0.0020000000949949026 -0.02895670011639595
v -0.025074699893593788 -0.0020000000949949026 -0.03266660124063492
v -0.02661840058863163 -0.0020000000949949026 -0.02947480045258999
v -0.023082399740815163 -0.0020000000949949026 -0.029733799397945404
v -0.028610700741410255 -0.0020000000949949026 -0.032407499849796295
v 0.042162101715803146 -0.0020000000949949026 0.011666400358080864
v 0.03907480090856552 -0.0020000000949949026 0.018050000071525574
v 0.040618401020765305 -0.0020000000949949026 0.014858200214803219
v 0.037082500755786896 -0.0020000000949949026 0.015117200091481209
v 0.03862610086798668 -0.0020000000949949026 0.011925499886274338
v 0.04016980156302452 -0.0020000000949949026 0.00873372983187437
v 0.035538800060749054 -0.0020000000949949026 0.01830900087952614
v 0.035987500101327896 -0.0020000000949949026 0.024433499202132225
v 0.03753120079636574 -0.0020000000949949026 0.021241700276732445
v 0.03399519994854927 -0.0020000000949949026 0.02150079980492592
v 0.02891560085117817 -0.0020000000949949026 0.024951599538326263
v 0.030459199100732803 -0.0020000000949949026 0.021759800612926483
v 0.03245149925351143 -0.0020000000949949026 0.02469250001013279
v 0.026923300698399544 -0.0020000000949949026 0.0220187995582819
v -0.04447760060429573 -0.0020000000949949026 -0.006606750190258026
v -0.04140850156545639 -0.0020000000949949026 -0.012997900135815144
v -0.040950700640678406 -0.0020000000949949026 -0.006869620177894831
v -0.04294300079345703 -0.0020000000949949026 -0.009802339598536491
v -0.039416201412677765 -0.0020000000949949026 -0.010065199807286263
v -0.04249269887804985 -0.0020000000949949026 -0.0036770799197256565
v -0.03787250071763992 -0.0020000000949949026 -0.013256999664008617
v 0.014269599691033363 -0.0020000000949949026 -0.02939159981906414
v 0.01073359977453947 -0.0020000000949949026 -0.029132500290870667
v 0.012277299538254738 -0.0020000000949949026 -0.03232429921627045
v 0.011182299815118313 -0.0020000000949949026 -0.02300800010561943
v 0.00918998010456562 -0.0020000000949949026 -0.025940800085663795
v 0.012725899927318096 -0.0020000000949949026 -0.02619980089366436
v 0.007646330166608095 -0.0020000000949949026 -0.022748999297618866
v 0.013372199609875679 -0.0020000000949949026 -0.0416405014693737
v 0.017356999218463898 -0.0020000000949949026 -0.03577509894967079
v 0.01182860042899847 -0.0020000000949949026 -0.038448698818683624
v 0.015364600345492363 -0.0020000000949949026 -0.03870780020952225
v 0.01382100023329258 -0.0020000000949949026 -0.03551609814167023
v 0.009839399717748165 -0.0020000000949949026 -0.04138369858264923
v 0.015813300386071205 -0.0020000000949949026 -0.03258330002427101
v 0.0023432099260389805 -0.0020000000949949026 -0.04697540029883385
v 0.004324879962950945 -0.0020000000949949026 -0.04405109956860542
v 0.0007857930031605065 -0.0020000000949949026 -0.043789900839328766
v -0.0047562699764966965 -0.0020000000949949026 -0.0464698001742363
v -0.001206530025228858 -0.0020000000949949026 -0.04672259837388992
v -0.0027639500331133604 -0.0020000000949949026 -0.04353699833154678
v -0.006292830221354961 -0.0020000000949949026 -0.043275099247694016
v -0.04265059903264046 -0.0020000000949949026 0.017905699089169502
v -0.04668569937348366 -0.0020000000949949026 0.01201810035854578
v -0.04113220050930977 -0.0020000000949949026 0.01470279973000288
v -0.044668201357126236 -0.0020000000949949026 0.014961900189518929
v -0.04314979910850525 -0.0020000000949949026 0.011758999899029732
v -0.045142099261283875 -0.0020000000949949026 0.00882629957050085
v -0.03913990035653114 -0.0020000000949949026 0.01763560064136982
v -0.038716498762369156 -0.0020000000949949026 0.02374890074133873
v -0.03717280179262161 -0.0020000000949949026 0.02055720053613186
v -0.040683500468730927 -0.0020000000949949026 0.02082730084657669
v -0.03164450079202652 -0.0020000000949949026 0.02323080040514469
v -0.033636800944805145 -0.0020000000949949026 0.020298099145293236
v -0.03518050163984299 -0.0020000000949949026 0.023489899933338165
v -0.030100900679826736 -0.0020000000949949026 0.02003910019993782
v -0.021485300734639168 -0.0020000000949949026 0.016329199075698853
v -0.023477600887417793 -0.0020000000949949026 0.013396499678492546
v -0.025021299719810486 -0.0020000000949949026 0.016588300466537476
v -0.024572599679231644 -0.0020000000949949026 0.022712700068950653
v -0.02656489983201027 -0.0020000000949949026 0.019780000671744347
v -0.02810860052704811 -0.0020000000949949026 0.022971799597144127
v -0.02302890084683895 -0.0020000000949949026 0.019520999863743782
v -0.02765990048646927 -0.0020000000949949026 0.029096299782395363
v -0.03471070155501366 -0.0020000000949949026 0.029600000008940697
v -0.029652200639247894 -0.0020000000949949026 0.026163499802350998
v -0.031185299158096313 -0.0020000000949949026 0.029348099604249
v -0.03317759931087494 -0.0020000000949949026 0.026415400207042694
v -0.036713600158691406 -0.0020000000949949026 0.026674499735236168
v -0.026116199791431427 -0.0020000000949949026 0.025904500856995583
v -0.017500700429081917 -0.0020000000949949026 0.022194700315594673
v -0.020587900653481483 -0.0020000000949949026 0.028578199446201324
v -0.0190443005412817 -0.0020000000949949026 0.025386400520801544
v -0.022580299526453018 -0.0020000000949949026 0.025645500048995018
v -0.021036600694060326 -0.0020000000949949026 0.02245369926095009
v -0.019493000581860542 -0.0020000000949949026 0.019261900335550308
v -0.0241238996386528 -0.0020000000949949026 0.02883720025420189
v -0.02367519959807396 -0.0020000000949949026 0.034961700439453125
v -0.030747199431061745 -0.0020000000949949026 0.035479798913002014
v -0.025667600333690643 -0.0020000000949949026 0.03202899917960167
v -0.027211200445890427 -0.0020000000949949026 0.03522070124745369
v -0.029203500598669052 -0.0020000000949949026 0.032287999987602234
v -0.022131599485874176 -0.0020000000949949026 0.031769901514053345
v -0.0327288992702961 -0.0020000000949949026 0.03253990039229393
v 0.03946999832987785 -0.0020000000949949026 -0.025080399587750435
v 0.03792639821767807 -0.0020000000949949026 -0.021888600662350655
v 0.03593410179018974 -0.0020000000949949026 -0.02482130005955696
v 0.04345469921827316 -0.0020000000949949026 -0.019215000793337822
v 0.04146229848265648 -0.0020000000949949026 -0.02214770019054413
v 0.039918698370456696 -0.0020000000949949026 -0.0189558994024992
v 0.0419045016169548 -0.0020000000949949026 -0.01602339930832386
v 0.03542559966444969 -0.0020000000949949026 -0.030880499631166458
v 0.03744779899716377 -0.0020000000949949026 -0.02798050083220005
v 0.033911798149347305 -0.0020000000949949026 -0.027721399441361427
v 0.028413500636816025 -0.0020000000949949026 -0.03042769990861416
v 0.03040580078959465 -0.0020000000949949026 -0.027495000511407852
v 0.03191950172185898 -0.0020000000949949026 -0.030654100701212883
v 0.026869799941778183 -0.0020000000949949026 -0.027235999703407288
v 0.04306729882955551 -0.0020000000949949026 0.023951299488544464
v 0.041071098297834396 -0.0020000000949949026 0.02100059948861599
v 0.03952740132808685 -0.0020000000949949026 0.02419240027666092
v 0.0461466982960701 -0.0020000000949949026 0.017531899735331535
v 0.04415439814329147 -0.0020000000949949026 0.014599200338125229
v 0.04261080175638199 -0.0020000000949949026 0.0177909005433321
v 0.044606998562812805 -0.0020000000949949026 0.020741600543260574
v 0.039961300790309906 -0.0020000000949949026 0.030293699353933334
v 0.04151429980993271 -0.0020000000949949026 0.0271224994212389
v 0.03797439858317375 -0.0020000000949949026 0.027363600209355354
v 0.03290019929409027 -0.0020000000949949026 0.030817000195384026
v 0.03643079847097397 -0.0020000000949949026 0.030555300414562225
v 0.03444389998912811 -0.0020000000949949026 0.027625199407339096
v 0.030907899141311646 -0.0020000000949949026 0.02788430079817772
v 0.025828300043940544 -0.0020000000949949026 0.031335100531578064
v 0.02936430089175701 -0.0020000000949949026 0.03107599914073944
v 0.027371900156140327 -0.0020000000949949026 0.028143299743533134
v 0.021843599155545235 -0.0020000000949949026 0.025469599291682243
v 0.025379600003361702 -0.0020000000949949026 0.025210600346326828
v 0.023387299850583076 -0.0020000000949949026 0.022277899086475372
v 0.02383599989116192 -0.0020000000949949026 0.02840239927172661
v 0.04524939879775047 -0.0020000000949949026 0.005282930098474026
v 0.041713401675224304 -0.0020000000949949026 0.005541970022022724
v 0.04370570182800293 -0.0020000000949949026 0.008474679663777351
v 0.049233999103307724 -0.0020000000949949026 0.01114839967340231
v 0.045698098838329315 -0.0020000000949949026 0.0114073995500803
v 0.0472416989505291 -0.0020000000949949026 0.008215639740228653
v 0.04769039899110794 -0.0020000000949949026 0.01434009987860918
v -0.04756360128521919 -0.0020000000949949026 -0.0002214499982073903
v -0.050553299486637115 -0.0020000000949949026 0.006209259852766991
v -0.04558100178837776 -0.0020000000949949026 0.0027065500617027283
v -0.04707590118050575 -0.0020000000949949026 0.0059218998067080975
v -0.049058400094509125 -0.0020000000949949026 0.0029939101077616215
v -0.048619501292705536 -0.0020000000949949026 0.009113660082221031
v -0.04403569921851158 -0.0020000000949949026 -0.00048442601109854877
v 0.029812900349497795 -0.0020000000949949026 0.03720049932599068
v 0.03135659918189049 -0.0020000000949949026 0.0340087004005909
v 0.02782060019671917 -0.0020000000949949026 0.03426780179142952
v 0.036872200667858124 -0.0020000000949949026 0.03667629882693291
v 0.0348861999809742 -0.0020000000949949026 0.03374670073390007
v 0.033342599868774414 -0.0020000000949949026 0.03693839907646179
v 0.038416799157857895 -0.0020000000949949026 0.03348499909043312
v -0.042305901646614075 -0.0020000000949949026 -0.02524689957499504
v -0.03876990079879761 -0.0020000000949949026 -0.025505900382995605
v -0.04031350091099739 -0.0020000000949949026 -0.022314200177788734
v -0.03925149887800217 -0.0020000000949949026 -0.03157699853181839
v -0.03724269941449165 -0.0020000000949949026 -0.02867100015282631
v -0.03569909930229187 -0.0020000000949949026 -0.03186279907822609
v -0.04077870026230812 -0.0020000000949949026 -0.028411999344825745
v -0.03591740131378174 -0.0020000000949949026 -0.037910401821136475
v -0.03758440166711807 -0.0020000000949949026 -0.03474370017647743
v -0.03403199836611748 -0.0020000000949949026 -0.03502950072288513
v -0.029059400781989098 -0.0020000000949949026 -0.03853200003504753
v -0.032488398253917694 -0.0020000000949949026 -0.038221199065446854
v -0.03060300089418888 -0.0020000000949949026 -0.03534020110964775
v -0.027067000046372414 -0.0020000000949949026 -0.035599298775196075
v 0.02274099923670292 -0.0020000000949949026 0.037718601524829865
v 0.026277000084519386 -0.0020000000949949026 0.0374596007168293
v 0.024284599348902702 -0.0020000000949949026 0.034526798874139786
v 0.018757399171590805 -0.0020000000949949026 0.03185249865055084
v 0.020749200135469437 -0.0020000000949949026 0.03478559851646423
v 0.02229280024766922 -0.0020000000949949026 0.03159379959106445
v 0.020300500094890594 -0.0020000000949949026 0.028661100193858147
v -0.016602300107479095 -0.0020000000949949026 0.034442901611328125
v -0.018595099449157715 -0.0020000000949949026 0.031510498374700546
v -0.020138800144195557 -0.0020000000949949026 0.034702301025390625
v -0.013515999540686607 -0.0020000000949949026 0.028060099110007286
v -0.015059100463986397 -0.0020000000949949026 0.03125150129199028
v -0.017052000388503075 -0.0020000000949949026 0.02831909991800785
v -0.015508299693465233 -0.0020000000949949026 0.02512739971280098
v -0.01969059929251671 -0.0020000000949949026 0.04082709923386574
v -0.018146399408578873 -0.0020000000949949026 0.03763499855995178
v -0.021682899445295334 -0.0020000000949949026 0.03789440169930458
v -0.026762500405311584 -0.0020000000949949026 0.041345201432704926
v -0.02875480055809021 -0.0020000000949949026 0.03841250017285347
v -0.0252189002931118 -0.0020000000949949026 0.03815339878201485
v -0.023226600140333176 -0.0020000000949949026 0.04108620062470436
v -0.018397999927401543 -0.0020000000949949026 0.009945710189640522
v -0.02193400077521801 -0.0020000000949949026 0.01020480040460825
v -0.020390300080180168 -0.0020000000949949026 0.007012989837676287
v -0.015310700051486492 -0.0020000000949949026 0.003562190104275942
v -0.017302999272942543 -0.0020000000949949026 0.0006294780177995563
v -0.018846699967980385 -0.0020000000949949026 0.0038212400395423174
v -0.01685439981520176 -0.0020000000949949026 0.006753949914127588
v 0.018254199996590614 -0.0020000000949949026 -0.02352610044181347
v 0.02134150080382824 -0.0020000000949949026 -0.02990959957242012
v 0.019797900691628456 -0.0020000000949949026 -0.02671789936721325
v 0.023333799093961716 -0.0020000000949949026 -0.026976900175213814
v 0.02179020084440708 -0.0020000000949949026 -0.023785199970006943
v 0.024877499788999557 -0.0020000000949949026 -0.030168699100613594
v 0.0202466007322073 -0.0020000000949949026 -0.020593399181962013
v 0.024428799748420715 -0.0020000000949949026 -0.03629320114850998
v 0.031517498195171356 -0.0020000000949949026 -0.0368225984275341
v 0.027973199263215065 -0.0020000000949949026 -0.03655790165066719
v 0.02996549941599369 -0.0020000000949949026 -0.033625200390815735
v 0.02642109990119934 -0.0020000000949949026 -0.033360399305820465
v 0.022885199636220932 -0.0020000000949949026 -0.0331013984978199
v 0.033471498638391495 -0.0020000000949949026 -0.03385160118341446
v 0.008095010183751583 -0.0020000000949949026 -0.01662449911236763
v 0.015166900120675564 -0.0020000000949949026 -0.01714259944856167
v 0.011630999855697155 -0.0020000000949949026 -0.016883600503206253
v 0.01362330000847578 -0.0020000000949949026 -0.013950900174677372
v 0.010087300091981888 -0.0020000000949949026 -0.013691799715161324
v 0.017159299924969673 -0.0020000000949949026 -0.014209900051355362
v 0.006551370024681091 -0.0020000000949949026 -0.013432799838483334
v -0.04167170077562332 -0.0020000000949949026 0.030053699389100075
v -0.03819119930267334 -0.0020000000949949026 0.029826899990439415
v -0.04019410163164139 -0.0020000000949949026 0.026901299133896828
v -0.04569059982895851 -0.0020000000949949026 0.024266500025987625
v -0.042203500866889954 -0.0020000000949949026 0.024007700383663177
v -0.043681200593709946 -0.0020000000949949026 0.027160100638866425
v -0.044170599430799484 -0.0020000000949949026 0.02108610048890114
v -0.0376925989985466 -0.0020000000949949026 0.03591189906001091
v -0.03620170056819916 -0.0020000000949949026 0.03275600075721741
v -0.0342198982834816 -0.0020000000949949026 0.03569579869508743
v -0.0335238017141819 -0.0020000000949949026 0.04165229946374893
v -0.0321355015039444 -0.0020000000949949026 0.03856600075960159
v -0.0356081984937191 -0.0020000000949949026 0.03878210112452507
v -0.030143199488520622 -0.0020000000949949026 0.04149869829416275
v 0.042368799448013306 -0.0020000000949949026 -0.031324200332164764
v 0.0463843010365963 -0.0020000000949949026 -0.025491399690508842
v 0.04091940075159073 -0.0020000000949949026 -0.028202300891280174
v 0.04437660053372383 -0.0020000000949949026 -0.02840779908001423
v 0.042927201837301254 -0.0020000000949949026 -0.02528589963912964
v 0.03889720141887665 -0.0020000000949949026 -0.03110240027308464
v 0.04491949826478958 -0.0020000000949949026 -0.022353200241923332
v 0.05005339905619621 -0.0020000000949949026 -0.019748199731111526
v 0.04736049845814705 -0.0020000000949949026 -0.013352099806070328
v 0.04675409942865372 -0.0020000000949949026 -0.0194815993309021
v 0.04870700091123581 -0.0020000000949949026 -0.016550099477171898
v 0.045407600700855255 -0.0020000000949949026 -0.01628349907696247
v 0.04385729879140854 -0.0020000000949949026 -0.013092000037431717
v 0.048218898475170135 -0.0020000000949949026 -0.02261980064213276
v 0.026842499151825905 -0.0020000000949949026 0.04372679814696312
v 0.024791700765490532 -0.0020000000949949026 0.04072270169854164
v 0.02832769975066185 -0.0020000000949949026 0.04046360030770302
v 0.03180519863963127 -0.0020000000949949026 0.04013320058584213
v 0.03533490002155304 -0.0020000000949949026 0.03987110033631325
v 0.030319999903440475 -0.0020000000949949026 0.043396398425102234
v -0.022558199241757393 -0.0020000000949949026 0.04706139862537384
v -0.028108900412917137 -0.0020000000949949026 0.04490809887647629
v -0.024660300463438034 -0.0020000000949949026 0.04420330002903938
v -0.026006700471043587 -0.0020000000949949026 0.047766201198101044
v -0.021124400198459625 -0.0020000000949949026 0.04394419863820076
v -0.031489498913288116 -0.0020000000949949026 0.04506170004606247
v -0.012612500227987766 -0.0020000000949949026 0.04030489921569824
v -0.014607399702072144 -0.0020000000949949026 0.037373900413513184
v -0.01615159958600998 -0.0020000000949949026 0.04056600108742714
v -0.01566929928958416 -0.0020000000949949026 0.04666769877076149
v -0.017680000513792038 -0.0020000000949949026 0.043747399002313614
v -0.019113700836896896 -0.0020000000949949026 0.046864498406648636
v -0.01414090022444725 -0.0020000000949949026 0.043486300855875015
v -0.04947010055184364 -0.0020000000949949026 0.01853499934077263
v -0.04606030136346817 -0.0020000000949949026 0.01822040043771267
v -0.04807789996266365 -0.0020000000949949026 0.015276500023901463
v -0.052941400557756424 -0.0020000000949949026 0.01299890037626028
v -0.04981359839439392 -0.0020000000949949026 0.01250850036740303
v -0.05174729973077774 -0.0020000000949949026 0.009604079648852348
v -0.051205698400735855 -0.0020000000949949026 0.015766900032758713
v 0.04816820099949837 -0.0020000000949949026 0.020574800670146942
v 0.04974149912595749 -0.0020000000949949026 0.017619099467992783
v 0.0517629012465477 -0.0020000000949949026 0.02066200040280819
v 0.05128509923815727 -0.0020000000949949026 0.014427299611270428
v 0.046628501266241074 -0.0020000000949949026 0.023784499615430832
v 0.0521186999976635 -0.0020000000949949026 0.004666829947382212
v 0.048684000968933105 -0.0020000000949949026 0.004974879790097475
v 0.05067630112171173 -0.0020000000949949026 0.00790758989751339
v 0.054521601647138596 -0.0020000000949949026 0.0076948800124228
v 0.05307929962873459 -0.0020000000949949026 0.01093559991568327
v 0.019673200324177742 -0.0020000000949949026 0.04412589967250824
v 0.023257799446582794 -0.0020000000949949026 0.04392629861831665
v 0.02120709978044033 -0.0020000000949949026 0.040922198444604874
v 0.01920809969305992 -0.0020000000949949026 0.03797620162367821
v 0.017674200236797333 -0.0020000000949949026 0.04117979854345322
v 0.01721630059182644 -0.0020000000949949026 0.035043101757764816
v 0.016764499247074127 -0.0020000000949949026 0.028920000419020653
v 0.018307700753211975 -0.0020000000949949026 0.025728600099682808
v 0.017859000712633133 -0.0020000000949949026 0.01960420049726963
v 0.02139499969780445 -0.0020000000949949026 0.019345199689269066
v 0.01985130086541176 -0.0020000000949949026 0.022536899894475937
v 0.01631530001759529 -0.0020000000949949026 0.0227959007024765
v -0.01396469958126545 -0.0020000000949949026 0.0219356007874012
v -0.011972400359809399 -0.0020000000949949026 0.024868300184607506
v -0.014413399621844292 -0.0020000000949949026 0.015811100602149963
v -0.0179492998868227 -0.0020000000949949026 0.016070200130343437
v -0.015956999734044075 -0.0020000000949949026 0.019002899527549744
v -0.012420999817550182 -0.0020000000949949026 0.01874379999935627
v 0.04830290004611015 -0.0020000000949949026 -0.0011169200297445059
v 0.04677610099315643 -0.0020000000949949026 0.0020830000285059214
v 0.050210800021886826 -0.0020000000949949026 0.0017749499529600143
v 0.044780999422073364 -0.0020000000949949026 -0.0008510740008205175
v 0.043254200369119644 -0.0020000000949949026 0.002348850015550852
v 0.039718300104141235 -0.0020000000949949026 0.0026078899390995502
v -0.0453931987285614 -0.0020000000949949026 -0.01886329986155033
v -0.04185720160603523 -0.0020000000949949026 -0.019122399389743805
v -0.04384950175881386 -0.0020000000949949026 -0.02205510064959526
v -0.03986490145325661 -0.0020000000949949026 -0.0161896999925375
v -0.043400801718235016 -0.0020000000949949026 -0.015930600464344025
v -0.04803989827632904 -0.0020000000949949026 -0.027812199667096138
v -0.04450390115380287 -0.0020000000949949026 -0.028071299195289612
v -0.045841798186302185 -0.0020000000949949026 -0.024987800046801567
v -0.04738549888134003 -0.0020000000949949026 -0.021796099841594696
v -0.04297669976949692 -0.0020000000949949026 -0.031236400827765465
v -0.04903550073504448 -0.0020000000949949026 -0.01872370019555092
v -0.04848970100283623 -0.0020000000949949026 -0.012504699639976025
v -0.04494909942150116 -0.0020000000949949026 -0.012751299887895584
v -0.046941399574279785 -0.0020000000949949026 -0.01568399928510189
v -0.05058370158076286 -0.0020000000949949026 -0.015544399619102478
v 0.01741030067205429 -0.0020000000949949026 0.013479700312018394
v 0.01541799958795309 -0.0020000000949949026 0.010546999983489513
v 0.019402600824832916 -0.0020000000949949026 0.0164123997092247
v 0.015866700559854507 -0.0020000000949949026 0.016671499237418175
v -0.021987399086356163 -0.0020000000949949026 -0.03905009850859642
v -0.02552339993417263 -0.0020000000949949026 -0.038791000843048096
v -0.023531099781394005 -0.0020000000949949026 -0.03585829958319664
v -0.019546400755643845 -0.0020000000949949026 -0.029992900788784027
v -0.02153870090842247 -0.0020000000949949026 -0.032925598323345184
v -0.019995100796222687 -0.0020000000949949026 -0.03611740097403526
v -0.02580210007727146 -0.0020000000949949026 -0.04483329877257347
v -0.02743070013821125 -0.0020000000949949026 -0.04168260097503662
v -0.02389479987323284 -0.0020000000949949026 -0.041941698640584946
v -0.03221049904823303 -0.0020000000949949026 -0.04399760067462921
v -0.034063901752233505 -0.0020000000949949026 -0.04095400124788284
v -0.03063490055501461 -0.0020000000949949026 -0.04126479849219322
v -0.02900630049407482 -0.0020000000949949026 -0.04441550001502037
v -0.018443400040268898 -0.0020000000949949026 -0.03930560126900673
v -0.018871799111366272 -0.0020000000949949026 -0.045419901609420776
v -0.020429600030183792 -0.0020000000949949026 -0.04223499819636345
v -0.02233700081706047 -0.0020000000949949026 -0.045126598328351974
v -0.016885599121451378 -0.0020000000949949026 -0.04249050095677376
v 0.045139700174331665 -0.0020000000949949026 0.026978999376296997
v 0.04358670115470886 -0.0020000000949949026 0.030150199308991432
v 0.045552000403404236 -0.0020000000949949026 0.033069901168346405
v 0.04192660003900528 -0.0020000000949949026 0.0332132987678051
v 0.04038209840655327 -0.0020000000949949026 0.036404598504304886
v 0.025377700105309486 -0.0020000000949949026 0.047067198902368546
v 0.021793000400066376 -0.0020000000949949026 0.047266799956560135
v 0.02891550026834011 -0.0020000000949949026 0.04685239866375923
v -0.05519700050354004 -0.0020000000949949026 0.010471300221979618
v -0.054002899676561356 -0.0020000000949949026 0.007076479960232973
v -0.05416170135140419 -0.0020000000949949026 0.0006065610214136541
v -0.052357498556375504 -0.0020000000949949026 0.0034079100005328655
v -0.05086269974708557 -0.0020000000949949026 0.00019255600636824965
v -0.055807098746299744 -0.0020000000949949026 0.004275130107998848
v -0.04602060094475746 -0.0020000000949949026 -0.0034141000360250473
v -0.051472000777721405 -0.0020000000949949026 -0.006036549806594849
v -0.04951779916882515 -0.0020000000949949026 -0.003129000077024102
v -0.04797479882836342 -0.0020000000949949026 -0.006321649998426437
v -0.05281690135598183 -0.0020000000949949026 -0.0027149899397045374
v -0.02072259970009327 -0.0020000000949949026 -0.04890640079975128
v -0.02418770082294941 -0.0020000000949949026 -0.04861310124397278
v -0.02758380025625229 -0.0020000000949949026 -0.047549501061439514
v -0.025969399139285088 -0.0020000000949949026 -0.05132929980754852
v -0.03078790009021759 -0.0020000000949949026 -0.047131601721048355
v -0.015428200364112854 -0.0020000000949949026 -0.051660798490047455
v -0.01900080032646656 -0.0020000000949949026 -0.0520269013941288
v -0.017149999737739563 -0.0020000000949949026 -0.048540301620960236
v -0.011759400367736816 -0.0020000000949949026 -0.045923300087451935
v -0.013329300098121166 -0.0020000000949949026 -0.04274220019578934
v -0.015315599739551544 -0.0020000000949949026 -0.045671600848436356
v -0.013593800365924835 -0.0020000000949949026 -0.04879210144281387
v -0.05925080180168152 -0.0020000000949949026 -0.0012653899611905217
v -0.056528400629758835 -0.0020000000949949026 -0.002119889948517084
v -0.056884098798036575 -0.0020000000949949026 0.001461060019209981
v -0.05518350005149841 -0.0020000000949949026 -0.005441439803689718
v -0.04998080059885979 -0.0020000000949949026 -0.009270629845559597
v -0.0464835986495018 -0.0020000000949949026 -0.009555730037391186
v -0.05348129943013191 -0.0020000000949949026 -0.008984239771962166
v -0.05199019983410835 -0.0020000000949949026 -0.012218300253152847
v 0.020291799679398537 -0.0020000000949949026 0.05041779950261116
v 0.018171900883316994 -0.0020000000949949026 0.047276899218559265
v 0.016136599704623222 -0.0020000000949949026 0.04435519874095917
v -0.009980049915611744 -0.0020000000949949026 0.027800999581813812
v -0.011522999964654446 -0.0020000000949949026 0.03099220059812069
v -0.01306609995663166 -0.0020000000949949026 0.034183599054813385
v 0.020892899483442307 -0.0020000000949949026 -0.036034099757671356
v 0.019349200651049614 -0.0020000000949949026 -0.032842401415109634
v 0.01780560053884983 -0.0020000000949949026 -0.029650600627064705
v 0.01626189984381199 -0.0020000000949949026 -0.026458799839019775
v 0.027518900111317635 -0.0020000000949949026 -0.0426785983145237
v 0.02597389928996563 -0.0020000000949949026 -0.03948590159416199
v 0.02951820008456707 -0.0020000000949949026 -0.0397505983710289
v 0.02044459991157055 -0.0020000000949949026 -0.04215890169143677
v 0.02398180030286312 -0.0020000000949949026 -0.0424186997115612
v 0.022436700761318207 -0.0020000000949949026 -0.039225999265909195
v 0.018900800496339798 -0.0020000000949949026 -0.03896699845790863
v 0.03838549926877022 -0.0020000000949949026 -0.03706600144505501
v 0.034951500594615936 -0.0020000000949949026 -0.036944299936294556
v 0.036905501037836075 -0.0020000000949949026 -0.03397329896688461
v 0.033052798360586166 -0.0020000000949949026 -0.040008701384067535
v 0.03648670017719269 -0.0020000000949949026 -0.04013039916753769
v 0.03105350024998188 -0.0020000000949949026 -0.04293670132756233
v 0.013174599967896938 -0.0020000000949949026 -0.020075300708413124
v 0.014718299731612206 -0.0020000000949949026 -0.023267099633812904
v 0.01671059988439083 -0.0020000000949949026 -0.020334400236606598
v 0.018702900037169456 -0.0020000000949949026 -0.01740170083940029
v 0.02319199964404106 -0.0020000000949949026 -0.0483115017414093
v 0.025355400517582893 -0.0020000000949949026 -0.04549499973654747
v 0.02181830070912838 -0.0020000000949949026 -0.045235201716423035
v 0.028940599411725998 -0.0020000000949949026 -0.046206798404455185
v 0.026777200400829315 -0.0020000000949949026 -0.04902330040931702
v 0.01640300080180168 -0.0020000000949949026 -0.04798559844493866
v 0.016908399760723114 -0.0020000000949949026 -0.041899699717760086
v 0.01488760020583868 -0.0020000000949949026 -0.04481310024857521
v 0.01842379942536354 -0.0020000000949949026 -0.045072298496961594
v 0.01979750022292137 -0.0020000000949949026 -0.04814859852194786
v 0.055192798376083374 -0.0020000000949949026 0.004214869812130928
v 0.05430620163679123 -0.0020000000949949026 0.0012490299995988607
v 0.057380300015211105 -0.0020000000949949026 0.000797073997091502
v 0.05239830166101456 -0.0020000000949949026 -0.0016428499948233366
v 0.05154259875416756 -0.0020000000949949026 -0.007777300197631121
v 0.047946300357580185 -0.0020000000949949026 -0.0073979198932647705
v 0.04992280155420303 -0.0020000000949949026 -0.0044471099972724915
v 0.046326398849487305 -0.0020000000949949026 -0.004067739937454462
v 0.05401819944381714 -0.0020000000949949026 -0.004973030183464289
v -0.016838999465107918 -0.0020000000949949026 0.05039739981293678
v -0.020283399149775505 -0.0020000000949949026 0.05059419944882393
v -0.02127769961953163 -0.0020000000949949026 0.053412798792123795
v -0.02355249971151352 -0.0020000000949949026 0.049879901111125946
v -0.012100200168788433 -0.0020000000949949026 0.04642060026526451
v -0.010571800172328949 -0.0020000000949949026 0.04323919862508774
v -0.011219300329685211 -0.0020000000949949026 0.05258519947528839
v -0.013444299809634686 -0.0020000000949949026 0.04962639883160591
v -0.009875140152871609 -0.0020000000949949026 0.04937930032610893
v -0.01461390033364296 -0.0020000000949949026 0.053356099873781204
v -0.009079059585928917 -0.0020000000949949026 0.04004719853401184
v -0.011071300134062767 -0.0020000000949949026 0.03711460158228874
v -0.03529389947652817 -0.0020000000949949026 -0.04413079842925072
v -0.03714729845523834 -0.0020000000949949026 -0.04108719900250435
v -0.03975459933280945 -0.0020000000949949026 -0.03798440098762512
v -0.04142170026898384 -0.0020000000949949026 -0.03481769934296608
v 0.04577609896659851 -0.0020000000949949026 -0.03128319978713989
v 0.04778379946947098 -0.0020000000949949026 -0.028366800397634506
v 0.04957589879631996 -0.0020000000949949026 -0.025590000674128532
v 0.05141039937734604 -0.0020000000949949026 -0.0227183997631073
v 0.04387880116701126 -0.0020000000949949026 -0.03420320153236389
v 0.047286100685596466 -0.0020000000949949026 -0.03416230157017708
v 0.04037709906697273 -0.0020000000949949026 -0.03419509902596474
v 0.04188710078597069 -0.0020000000949949026 -0.03707420080900192
v 0.054198600351810455 -0.0020000000949949026 -0.023306500166654587
v 0.05284160003066063 -0.0020000000949949026 -0.020336199551820755
v 0.05261969938874245 -0.0020000000949949026 -0.017176900058984756
v 0.051273200660943985 -0.0020000000949949026 -0.013978799805045128
v 0.04585520178079605 -0.0020000000949949026 -0.01018530037254095
v 0.04945150017738342 -0.0020000000949949026 -0.01056469976902008
v 0.05336429923772812 -0.0020000000949949026 -0.01119139976799488
v -0.037032000720500946 -0.0020000000949949026 0.04226759821176529
v -0.039116401225328445 -0.0020000000949949026 0.03939739987254143
v -0.03239990025758743 -0.0020000000949949026 0.047825101763010025
v -0.03443419933319092 -0.0020000000949949026 0.04441560059785843
v -0.04106760025024414 -0.0020000000949949026 0.0360615998506546
v -0.03968219831585884 -0.0020000000949949026 0.03298280015587807
v -0.04305709898471832 -0.0020000000949949026 0.03313250094652176
v 0.023885199800133705 -0.0020000000949949026 -0.05092550069093704
v 0.021180100739002228 -0.0020000000949949026 -0.0513123981654644
v 0.02187330089509487 -0.0020000000949949026 -0.05392640084028244
v 0.01778559945523739 -0.0020000000949949026 -0.0511494018137455
v 0.00939754955470562 -0.0020000000949949026 -0.047544900327920914
v 0.010994300246238708 -0.0020000000949949026 -0.05085340142250061
v 0.014497100375592709 -0.0020000000949949026 -0.051073700189590454
v 0.012900300323963165 -0.0020000000949949026 -0.047765299677848816
v 0.011384899728000164 -0.0020000000949949026 -0.04459270089864731
v -0.055471498519182205 -0.0020000000949949026 0.013705999590456486
v -0.05772709846496582 -0.0020000000949949026 0.011178400367498398
v -0.05415499955415726 -0.0020000000949949026 0.016246700659394264
v -0.05241930112242699 -0.0020000000949949026 0.01901479996740818
v -0.05389219895005226 -0.0020000000949949026 0.02218550071120262
v -0.05094299837946892 -0.0020000000949949026 0.02170570008456707
v -0.0475803017616272 -0.0020000000949949026 0.021400799974799156
v -0.04905319958925247 -0.0020000000949949026 0.024571500718593597
v 0.05455169826745987 -0.0020000000949949026 -0.00811586994677782
v -0.05408430099487305 -0.0020000000949949026 -0.0152580002322793
v 0.03887090086936951 -0.0020000000949949026 0.03961209952831268
v -0.011970399878919125 -0.0020000000949949026 0.055128201842308044
v -0.007898669689893723 -0.0020000000949949026 0.05231110006570816
v -0.009172789752483368 -0.0020000000949949026 0.05534740164875984
v -0.009923879988491535 -0.0020000000949949026 0.057890500873327255
v 0.05637339875102043 -0.0020000000949949026 -0.011529999785125256
v 0.01849129982292652 -0.0020000000949949026 0.0533732995390892
v -0.016608400270342827 -0.0020000000949949026 -0.05415700003504753
v -0.00859955046325922 -0.0020000000949949026 -0.05205199867486954
v -0.013891800306737423 -0.0020000000949949026 -0.0544624999165535
v -0.010477500036358833 -0.0020000000949949026 -0.05465799942612648
v -0.012013900093734264 -0.0020000000949949026 -0.051856398582458496
v -0.010179500095546246 -0.0020000000949949026 -0.048987600952386856
v -0.015072000212967396 -0.0020000000949949026 -0.056958701461553574
v -0.009794379584491253 -0.0020000000949949026 -0.043001800775527954
v -0.008257820270955563 -0.0020000000949949026 -0.046196501702070236
v -0.006677910219877958 -0.0020000000949949026 -0.04926089942455292
v -0.007041519973427057 -0.0020000000949949026 -0.055028799921274185
v -0.001545510021969676 -0.0020000000949949026 -0.05248279869556427
v -0.005072529893368483 -0.0020000000949949026 -0.052267398685216904
v -0.003150890115648508 -0.0020000000949949026 -0.049476299434900284
v -0.0035145001020282507 -0.0020000000949949026 -0.05524430051445961
v -0.061666399240493774 -0.0020000000949949026 -0.002660270081833005
v 0.0055582900531589985 -0.0020000000949949026 -0.05325800180435181
v 0.009074700064957142 -0.0020000000949949026 -0.05370989814400673
v 0.007477920036762953 -0.0020000000949949026 -0.05040140077471733
v 0.006923549808561802 -0.0020000000949949026 -0.05637029930949211
v 0.007852049544453621 -0.0020000000949949026 -0.044335901737213135
v 0.005870379973202944 -0.0020000000949949026 -0.04726019874215126
v 0.0039507499895989895 -0.0020000000949949026 -0.05011669918894768
v 0.0003988530079368502 -0.0020000000949949026 -0.04972910135984421
v 0.0020063898991793394 -0.0020000000949949026 -0.05287040024995804
v 0.003458250081166625 -0.0020000000949949026 -0.05593780055642128
v -9.365010191686451e-05 -0.0020000000949949026 -0.05555029958486557
v 0.015220900066196918 -0.0020000000949949026 0.03211149945855141
v 0.014322999864816666 -0.0020000000949949026 0.019863199442625046
v -0.010877399705350399 -0.0020000000949949026 0.015552099794149399
v -0.012869699858129025 -0.0020000000949949026 0.012619400396943092
v -0.01486200001090765 -0.0020000000949949026 0.009686660021543503
v -0.016405699774622917 -0.0020000000949949026 0.012878400273621082
v -0.013318399898707867 -0.0020000000949949026 0.00649490999057889
v -0.011774799786508083 -0.0020000000949949026 0.0033031499478965998
v -0.013767099939286709 -0.0020000000949949026 0.00037043399061076343
v 0.009638659656047821 -0.0020000000949949026 -0.01981629990041256
v 0.006102690007537603 -0.0020000000949949026 -0.019557200372219086
v -0.002062639920040965 -0.0020000000949949026 -0.05831170082092285
v 0.004559049848467112 -0.0020000000949949026 -0.016365500167012215
v -0.04528480023145676 -0.0020000000949949026 0.030270500108599663
v -0.04729419946670532 -0.0020000000949949026 0.027376899495720863
v -0.03342650085687637 -0.0020000000949949026 -0.04631410166621208
v -0.03650990128517151 -0.0020000000949949026 -0.04644729942083359
v -0.019941700622439384 -0.0020000000949949026 0.013137499801814556
v -0.01755410060286522 -0.0020000000949949026 -0.02706019952893257
v 0.04008309915661812 -0.0020000000949949026 -0.04007690027356148
v -0.04667019844055176 -0.0020000000949949026 0.03334920108318329

g grp1
usemtl mtl1
f 1 4 6 
f 4 2 5 
f 6 5 3 
f 5 6 4 
f 2 4 9 
f 4 1 8 
f 9 8 7 
f 8 9 4 
f 10 11 12 
f 11 2 9 
f 12 9 7 
f 9 12 11 
f 2 14 5 
f 14 13 15 
f 5 15 3 
f 15 5 14 
f 16 19 21 
f 19 17 20 
f 21 20 18 
f 20 21 19 
f 17 19 24 
f 19 16 23 
f 24 23 22 
f 23 24 19 
f 16 26 23 
f 26 25 27 
f 23 27 22 
f 27 23 26 
f 28 29 30 
f 29 16 21 
f 30 21 18 
f 21 30 29 
f 31 33 35 
f 33 1 34 
f 35 34 32 
f 34 35 33 
f 1 33 38 
f 33 31 37 
f 38 37 36 
f 37 38 33 
f 39 40 41 
f 40 1 38 
f 41 38 36 
f 38 41 40 
f 1 40 8 
f 40 39 42 
f 8 42 7 
f 42 8 40 
f 32 34 43 
f 34 1 6 
f 43 6 3 
f 6 43 34 
f 44 46 48 
f 46 31 47 
f 48 47 45 
f 47 48 46 
f 31 46 51 
f 46 44 50 
f 51 50 49 
f 50 51 46 
f 45 47 52 
f 47 31 35 
f 52 35 32 
f 35 52 47 
f 31 51 37 
f 51 49 53 
f 37 53 36 
f 53 37 51 
f 44 56 58 
f 56 54 57 
f 58 57 55 
f 57 58 56 
f 54 56 61 
f 56 44 60 
f 61 60 59 
f 60 61 56 
f 44 48 60 
f 48 45 62 
f 60 62 59 
f 62 60 48 
f 49 50 63 
f 50 44 58 
f 63 58 55 
f 58 63 50 
f 64 66 68 
f 66 54 67 
f 68 67 65 
f 67 68 66 
f 54 66 71 
f 66 64 70 
f 71 70 69 
f 70 71 66 
f 65 67 72 
f 67 54 61 
f 72 61 59 
f 61 72 67 
f 54 71 57 
f 71 69 73 
f 57 73 55 
f 73 57 71 
f 64 76 78 
f 76 74 77 
f 78 77 75 
f 77 78 76 
f 74 76 81 
f 76 64 80 
f 81 80 79 
f 80 81 76 
f 64 68 80 
f 68 65 82 
f 80 82 79 
f 82 80 68 
f 69 70 83 
f 70 64 78 
f 83 78 75 
f 78 83 70 
f 84 86 88 
f 86 74 87 
f 88 87 85 
f 87 88 86 
f 74 86 91 
f 86 84 90 
f 91 90 89 
f 90 91 86 
f 85 87 92 
f 87 74 81 
f 92 81 79 
f 81 92 87 
f 74 91 77 
f 91 89 93 
f 77 93 75 
f 93 77 91 
f 94 96 98 
f 96 84 97 
f 98 97 95 
f 97 98 96 
f 84 96 101 
f 96 94 100 
f 101 100 99 
f 100 101 96 
f 84 88 97 
f 88 85 102 
f 97 102 95 
f 102 97 88 
f 89 90 103 
f 90 84 101 
f 103 101 99 
f 101 103 90 
f 94 106 108 
f 106 104 107 
f 108 107 105 
f 107 108 106 
f 104 106 111 
f 106 94 110 
f 111 110 109 
f 110 111 106 
f 94 108 100 
f 108 105 112 
f 100 112 99 
f 112 100 108 
f 109 110 113 
f 110 94 98 
f 113 98 95 
f 98 113 110 
f 104 115 117 
f 115 17 116 
f 117 116 114 
f 116 117 115 
f 17 115 120 
f 115 104 119 
f 120 119 118 
f 119 120 115 
f 105 107 121 
f 107 104 117 
f 121 117 114 
f 117 121 107 
f 104 111 119 
f 111 109 122 
f 119 122 118 
f 122 119 111 
f 114 116 123 
f 116 17 24 
f 123 24 22 
f 24 123 116 
f 17 120 20 
f 120 118 124 
f 20 124 18 
f 124 20 120 
f 125 127 129 
f 127 10 128 
f 129 128 126 
f 128 129 127 
f 126 128 130 
f 128 10 12 
f 130 12 7 
f 12 130 128 
f 131 133 135 
f 133 125 134 
f 135 134 132 
f 134 135 133 
f 132 134 136 
f 134 125 129 
f 136 129 126 
f 129 136 134 
f 137 139 141 
f 139 131 140 
f 141 140 138 
f 140 141 139 
f 131 135 144 
f 135 132 143 
f 144 143 142 
f 143 144 135 
f 138 140 145 
f 140 131 144 
f 145 144 142 
f 144 145 140 
f 146 148 150 
f 148 137 149 
f 150 149 147 
f 149 150 148 
f 137 141 153 
f 141 138 152 
f 153 152 151 
f 152 153 141 
f 137 153 149 
f 153 151 154 
f 149 154 147 
f 154 149 153 
f 155 157 159 
f 157 146 158 
f 159 158 156 
f 158 159 157 
f 156 158 160 
f 158 146 150 
f 160 150 147 
f 150 160 158 
f 161 163 165 
f 163 155 164 
f 165 164 162 
f 164 165 163 
f 155 159 164 
f 159 156 166 
f 164 166 162 
f 166 164 159 
f 167 169 171 
f 169 161 170 
f 171 170 168 
f 170 171 169 
f 168 170 174 
f 170 161 173 
f 174 173 172 
f 173 174 170 
f 172 173 175 
f 173 161 165 
f 175 165 162 
f 165 175 173 
f 176 178 180 
f 178 167 179 
f 180 179 177 
f 179 180 178 
f 177 179 181 
f 179 167 171 
f 181 171 168 
f 171 181 179 
f 182 184 186 
f 184 176 185 
f 186 185 183 
f 185 186 184 
f 176 180 185 
f 180 177 187 
f 185 187 183 
f 187 185 180 
f 188 190 192 
f 190 182 191 
f 192 191 189 
f 191 192 190 
f 189 191 195 
f 191 182 194 
f 195 194 193 
f 194 195 191 
f 193 194 196 
f 194 182 186 
f 196 186 183 
f 186 196 194 
f 197 199 201 
f 199 188 200 
f 201 200 198 
f 200 201 199 
f 198 200 202 
f 200 188 192 
f 202 192 189 
f 192 202 200 
f 203 205 207 
f 205 197 206 
f 207 206 204 
f 206 207 205 
f 197 201 206 
f 201 198 208 
f 206 208 204 
f 208 206 201 
f 209 211 213 
f 211 203 212 
f 213 212 210 
f 212 213 211 
f 210 212 216 
f 212 203 215 
f 216 215 214 
f 215 216 212 
f 214 215 217 
f 215 203 207 
f 217 207 204 
f 207 217 215 
f 218 220 222 
f 220 209 221 
f 222 221 219 
f 221 222 220 
f 219 221 225 
f 221 209 224 
f 225 224 223 
f 224 225 221 
f 209 213 224 
f 213 210 226 
f 224 226 223 
f 226 224 213 
f 13 228 230 
f 228 218 229 
f 230 229 227 
f 229 230 228 
f 218 222 233 
f 222 219 232 
f 233 232 231 
f 232 233 222 
f 227 229 234 
f 229 218 233 
f 234 233 231 
f 233 234 229 
f 13 230 15 
f 230 227 235 
f 15 235 3 
f 235 15 230 
f 25 238 240 
f 238 236 239 
f 240 239 237 
f 239 240 238 
f 25 240 27 
f 240 237 241 
f 27 241 22 
f 241 27 240 
f 236 244 246 
f 244 242 245 
f 246 245 243 
f 245 246 244 
f 237 239 247 
f 239 236 246 
f 247 246 243 
f 246 247 239 
f 242 250 252 
f 250 248 251 
f 252 251 249 
f 251 252 250 
f 242 252 245 
f 252 249 253 
f 245 253 243 
f 253 245 252 
f 248 256 258 
f 256 254 257 
f 258 257 255 
f 257 258 256 
f 249 251 259 
f 251 248 258 
f 259 258 255 
f 258 259 251 
f 254 262 264 
f 262 260 263 
f 264 263 261 
f 263 264 262 
f 254 264 257 
f 264 261 265 
f 257 265 255 
f 265 257 264 
f 260 268 270 
f 268 266 269 
f 270 269 267 
f 269 270 268 
f 260 270 263 
f 270 267 271 
f 263 271 261 
f 271 263 270 
f 266 274 276 
f 274 272 275 
f 276 275 273 
f 275 276 274 
f 267 269 277 
f 269 266 276 
f 277 276 273 
f 276 277 269 
f 272 280 282 
f 280 278 281 
f 282 281 279 
f 281 282 280 
f 273 275 283 
f 275 272 282 
f 283 282 279 
f 282 283 275 
f 278 286 288 
f 286 284 287 
f 288 287 285 
f 287 288 286 
f 278 288 281 
f 288 285 289 
f 281 289 279 
f 289 281 288 
f 284 292 294 
f 292 290 293 
f 294 293 291 
f 293 294 292 
f 285 287 295 
f 287 284 294 
f 295 294 291 
f 294 295 287 
f 290 298 300 
f 298 296 299 
f 300 299 297 
f 299 300 298 
f 290 300 293 
f 300 297 301 
f 293 301 291 
f 301 293 300 
f 296 304 306 
f 304 302 305 
f 306 305 303 
f 305 306 304 
f 297 299 307 
f 299 296 306 
f 307 306 303 
f 306 307 299 
f 302 310 312 
f 310 308 311 
f 312 311 309 
f 311 312 310 
f 302 312 305 
f 312 309 313 
f 305 313 303 
f 313 305 312 
f 308 316 318 
f 316 314 317 
f 318 317 315 
f 317 318 316 
f 308 318 311 
f 318 315 319 
f 311 319 309 
f 319 311 318 
f 314 322 324 
f 322 320 323 
f 324 323 321 
f 323 324 322 
f 315 317 325 
f 317 314 324 
f 325 324 321 
f 324 325 317 
f 320 328 330 
f 328 326 329 
f 330 329 327 
f 329 330 328 
f 320 330 323 
f 330 327 331 
f 323 331 321 
f 331 323 330 
f 326 334 336 
f 334 332 335 
f 336 335 333 
f 335 336 334 
f 327 329 337 
f 329 326 336 
f 337 336 333 
f 336 337 329 
f 332 340 342 
f 340 338 341 
f 342 341 339 
f 341 342 340 
f 332 342 335 
f 342 339 343 
f 335 343 333 
f 343 335 342 
f 338 346 348 
f 346 344 347 
f 348 347 345 
f 347 348 346 
f 339 341 349 
f 341 338 348 
f 349 348 345 
f 348 349 341 
f 344 352 354 
f 352 350 353 
f 354 353 351 
f 353 354 352 
f 344 354 347 
f 354 351 355 
f 347 355 345 
f 355 347 354 
f 350 358 360 
f 358 356 359 
f 360 359 357 
f 359 360 358 
f 351 353 361 
f 353 350 360 
f 361 360 357 
f 360 361 353 
f 356 364 366 
f 364 362 365 
f 366 365 363 
f 365 366 364 
f 356 366 359 
f 366 363 367 
f 359 367 357 
f 367 359 366 
f 362 370 372 
f 370 368 371 
f 372 371 369 
f 371 372 370 
f 362 372 365 
f 372 369 373 
f 365 373 363 
f 373 365 372 
f 368 376 378 
f 376 374 377 
f 378 377 375 
f 377 378 376 
f 369 371 379 
f 371 368 378 
f 379 378 375 
f 378 379 371 
f 374 382 384 
f 382 380 383 
f 384 383 381 
f 383 384 382 
f 374 384 377 
f 384 381 385 
f 377 385 375 
f 385 377 384 
f 380 388 390 
f 388 386 389 
f 390 389 387 
f 389 390 388 
f 381 383 391 
f 383 380 390 
f 391 390 387 
f 390 391 383 
f 386 394 396 
f 394 392 395 
f 396 395 393 
f 395 396 394 
f 386 396 389 
f 396 393 397 
f 389 397 387 
f 397 389 396 
f 392 400 402 
f 400 398 401 
f 402 401 399 
f 401 402 400 
f 393 395 403 
f 395 392 402 
f 403 402 399 
f 402 403 395 
f 398 406 408 
f 406 404 407 
f 408 407 405 
f 407 408 406 
f 399 401 409 
f 401 398 408 
f 409 408 405 
f 408 409 401 
f 404 412 414 
f 412 410 413 
f 414 413 411 
f 413 414 412 
f 404 414 407 
f 414 411 415 
f 407 415 405 
f 415 407 414 
f 410 418 420 
f 418 416 419 
f 420 419 417 
f 419 420 418 
f 411 413 421 
f 413 410 420 
f 421 420 417 
f 420 421 413 
f 416 424 426 
f 424 422 425 
f 426 425 423 
f 425 426 424 
f 416 426 419 
f 426 423 427 
f 419 427 417 
f 427 419 426 
f 422 430 432 
f 430 428 431 
f 432 431 429 
f 431 432 430 
f 423 425 433 
f 425 422 432 
f 433 432 429 
f 432 433 425 
f 428 436 438 
f 436 434 437 
f 438 437 435 
f 437 438 436 
f 428 438 431 
f 438 435 439 
f 431 439 429 
f 439 431 438 
f 434 442 444 
f 442 440 443 
f 444 443 441 
f 443 444 442 
f 435 437 445 
f 437 434 444 
f 445 444 441 
f 444 445 437 
f 440 448 450 
f 448 446 449 
f 450 449 447 
f 449 450 448 
f 440 450 443 
f 450 447 451 
f 443 451 441 
f 451 443 450 
f 446 454 456 
f 454 452 455 
f 456 455 453 
f 455 456 454 
f 447 449 457 
f 449 446 456 
f 457 456 453 
f 456 457 449 
f 452 460 462 
f 460 458 461 
f 462 461 459 
f 461 462 460 
f 452 462 455 
f 462 459 463 
f 455 463 453 
f 463 455 462 
f 458 466 468 
f 466 464 467 
f 468 467 465 
f 467 468 466 
f 459 461 469 
f 461 458 468 
f 469 468 465 
f 468 469 461 
f 464 472 474 
f 472 470 473 
f 474 473 471 
f 473 474 472 
f 475 476 477 
f 476 464 474 
f 477 474 471 
f 474 477 476 
f 464 476 467 
f 476 475 478 
f 467 478 465 
f 478 467 476 
f 470 481 483 
f 481 479 482 
f 483 482 480 
f 482 483 481 
f 470 483 473 
f 483 480 484 
f 473 484 471 
f 484 473 483 
f 479 487 489 
f 487 485 488 
f 489 488 486 
f 488 489 487 
f 480 482 490 
f 482 479 489 
f 490 489 486 
f 489 490 482 
f 485 493 495 
f 493 491 494 
f 495 494 492 
f 494 495 493 
f 485 495 488 
f 495 492 496 
f 488 496 486 
f 496 488 495 
f 491 499 501 
f 499 497 500 
f 501 500 498 
f 500 501 499 
f 492 494 502 
f 494 491 501 
f 502 501 498 
f 501 502 494 
f 497 505 507 
f 505 503 506 
f 507 506 504 
f 506 507 505 
f 497 507 500 
f 507 504 508 
f 500 508 498 
f 508 500 507 
f 503 511 513 
f 511 509 512 
f 513 512 510 
f 512 513 511 
f 504 506 514 
f 506 503 513 
f 514 513 510 
f 513 514 506 
f 509 517 519 
f 517 515 518 
f 519 518 516 
f 518 519 517 
f 509 519 512 
f 519 516 520 
f 512 520 510 
f 520 512 519 
f 515 523 525 
f 523 521 524 
f 525 524 522 
f 524 525 523 
f 516 518 526 
f 518 515 525 
f 526 525 522 
f 525 526 518 
f 521 529 531 
f 529 527 530 
f 531 530 528 
f 530 531 529 
f 522 524 532 
f 524 521 531 
f 532 531 528 
f 531 532 524 
f 527 535 537 
f 535 533 536 
f 537 536 534 
f 536 537 535 
f 527 537 530 
f 537 534 538 
f 530 538 528 
f 538 530 537 
f 533 541 543 
f 541 539 542 
f 543 542 540 
f 542 543 541 
f 534 536 544 
f 536 533 543 
f 544 543 540 
f 543 544 536 
f 539 547 549 
f 547 545 548 
f 549 548 546 
f 548 549 547 
f 539 549 542 
f 549 546 550 
f 542 550 540 
f 550 542 549 
f 545 553 555 
f 553 551 554 
f 555 554 552 
f 554 555 553 
f 546 548 556 
f 548 545 555 
f 556 555 552 
f 555 556 548 
f 551 559 561 
f 559 557 560 
f 561 560 558 
f 560 561 559 
f 552 554 562 
f 554 551 561 
f 562 561 558 
f 561 562 554 
f 557 565 567 
f 565 563 566 
f 567 566 564 
f 566 567 565 
f 557 567 560 
f 567 564 568 
f 560 568 558 
f 568 560 567 
f 563 571 573 
f 571 569 572 
f 573 572 570 
f 572 573 571 
f 564 566 574 
f 566 563 573 
f 574 573 570 
f 573 574 566 
f 569 577 579 
f 577 575 578 
f 579 578 576 
f 578 579 577 
f 570 572 580 
f 572 569 579 
f 580 579 576 
f 579 580 572 
f 575 583 585 
f 583 581 584 
f 585 584 582 
f 584 585 583 
f 575 585 578 
f 585 582 586 
f 578 586 576 
f 586 578 585 
f 581 589 591 
f 589 587 590 
f 591 590 588 
f 590 591 589 
f 582 584 592 
f 584 581 591 
f 592 591 588 
f 591 592 584 
f 587 594 596 
f 594 28 595 
f 596 595 593 
f 595 596 594 
f 587 596 590 
f 596 593 597 
f 590 597 588 
f 597 590 596 
f 593 595 598 
f 595 28 30 
f 598 30 18 
f 30 598 595 
f 65 72 601 
f 72 59 600 
f 601 600 599 
f 600 601 72 
f 65 601 604 
f 601 599 603 
f 604 603 602 
f 603 604 601 
f 79 82 605 
f 82 65 604 
f 605 604 602 
f 604 605 82 
f 534 608 610 
f 608 606 609 
f 610 609 607 
f 609 610 608 
f 606 608 613 
f 608 534 612 
f 613 612 611 
f 612 613 608 
f 534 544 612 
f 544 540 614 
f 612 614 611 
f 614 612 544 
f 528 538 615 
f 538 534 610 
f 615 610 607 
f 610 615 538 
f 69 83 618 
f 83 75 617 
f 618 617 616 
f 617 618 83 
f 55 73 621 
f 73 69 620 
f 621 620 619 
f 620 621 73 
f 619 620 622 
f 620 69 618 
f 622 618 616 
f 618 622 620 
f 297 624 301 
f 624 623 625 
f 301 625 291 
f 625 301 624 
f 623 624 628 
f 624 297 627 
f 628 627 626 
f 627 628 624 
f 297 307 627 
f 307 303 629 
f 627 629 626 
f 629 627 307 
f 498 508 632 
f 508 504 631 
f 632 631 630 
f 631 632 508 
f 504 514 635 
f 514 510 634 
f 635 634 633 
f 634 635 514 
f 630 631 636 
f 631 504 635 
f 636 635 633 
f 635 636 631 
f 637 639 641 
f 639 327 640 
f 641 640 638 
f 640 641 639 
f 327 639 644 
f 639 637 643 
f 644 643 642 
f 643 644 639 
f 321 331 645 
f 331 327 644 
f 645 644 642 
f 644 645 331 
f 327 337 640 
f 337 333 646 
f 640 646 638 
f 646 640 337 
f 435 648 439 
f 648 647 649 
f 439 649 429 
f 649 439 648 
f 647 648 652 
f 648 435 651 
f 652 651 650 
f 651 652 648 
f 435 445 651 
f 445 441 653 
f 651 653 650 
f 653 651 445 
f 393 403 656 
f 403 399 655 
f 656 655 654 
f 655 656 403 
f 387 397 659 
f 397 393 658 
f 659 658 657 
f 658 659 397 
f 657 658 660 
f 658 393 656 
f 660 656 654 
f 656 660 658 
f 369 663 665 
f 663 661 664 
f 665 664 662 
f 664 665 663 
f 661 663 668 
f 663 369 667 
f 668 667 666 
f 667 668 663 
f 369 665 373 
f 665 662 669 
f 373 669 363 
f 669 373 665 
f 369 379 667 
f 379 375 670 
f 667 670 666 
f 670 667 379 
f 459 673 675 
f 673 671 674 
f 675 674 672 
f 674 675 673 
f 671 673 676 
f 673 459 469 
f 676 469 465 
f 469 676 673 
f 453 463 677 
f 463 459 675 
f 677 675 672 
f 675 677 463 
f 177 181 680 
f 181 168 679 
f 680 679 678 
f 679 680 181 
f 681 683 685 
f 683 177 684 
f 685 684 682 
f 684 685 683 
f 177 683 187 
f 683 681 686 
f 187 686 183 
f 686 187 683 
f 177 680 684 
f 680 678 687 
f 684 687 682 
f 687 684 680 
f 198 202 690 
f 202 189 689 
f 690 689 688 
f 689 690 202 
f 198 692 208 
f 692 691 693 
f 208 693 204 
f 693 208 692 
f 691 692 694 
f 692 198 690 
f 694 690 688 
f 690 694 692 
f 695 697 699 
f 697 156 698 
f 699 698 696 
f 698 699 697 
f 156 697 166 
f 697 695 700 
f 166 700 162 
f 700 166 697 
f 156 703 705 
f 703 701 704 
f 705 704 702 
f 704 705 703 
f 701 703 706 
f 703 156 160 
f 706 160 147 
f 160 706 703 
f 696 698 707 
f 698 156 705 
f 707 705 702 
f 705 707 698 
f 219 225 710 
f 225 223 709 
f 710 709 708 
f 709 710 225 
f 219 710 713 
f 710 708 712 
f 713 712 711 
f 712 713 710 
f 219 713 232 
f 713 711 714 
f 232 714 231 
f 714 232 713 
f 142 143 717 
f 143 132 716 
f 717 716 715 
f 716 717 143 
f 132 136 716 
f 136 126 718 
f 716 718 715 
f 718 716 136 
f 564 574 721 
f 574 570 720 
f 721 720 719 
f 720 721 574 
f 558 568 724 
f 568 564 723 
f 724 723 722 
f 723 724 568 
f 722 723 725 
f 723 564 721 
f 725 721 719 
f 721 725 723 
f 726 727 728 
f 727 267 277 
f 728 277 273 
f 277 728 727 
f 267 727 731 
f 727 726 730 
f 731 730 729 
f 730 731 727 
f 267 731 271 
f 731 729 732 
f 271 732 261 
f 732 271 731 
f 733 735 737 
f 735 351 736 
f 737 736 734 
f 736 737 735 
f 351 735 740 
f 735 733 739 
f 740 739 738 
f 739 740 735 
f 734 736 741 
f 736 351 361 
f 741 361 357 
f 361 741 736 
f 351 740 355 
f 740 738 742 
f 355 742 345 
f 742 355 740 
f 480 490 745 
f 490 486 744 
f 745 744 743 
f 744 745 490 
f 480 745 748 
f 745 743 747 
f 748 747 746 
f 747 748 745 
f 480 748 484 
f 748 746 749 
f 484 749 471 
f 749 484 748 
f 411 421 752 
f 421 417 751 
f 752 751 750 
f 751 752 421 
f 405 415 755 
f 415 411 754 
f 755 754 753 
f 754 755 415 
f 753 754 756 
f 754 411 752 
f 756 752 750 
f 752 756 754 
f 95 102 759 
f 102 85 758 
f 759 758 757 
f 758 759 102 
f 757 758 762 
f 758 85 761 
f 762 761 760 
f 761 762 758 
f 760 761 763 
f 761 85 92 
f 763 92 79 
f 92 763 761 
f 764 766 768 
f 766 89 767 
f 768 767 765 
f 767 768 766 
f 89 766 771 
f 766 764 770 
f 771 770 769 
f 770 771 766 
f 89 103 767 
f 103 99 772 
f 767 772 765 
f 772 767 103 
f 75 93 773 
f 93 89 771 
f 773 771 769 
f 771 773 93 
f 45 52 776 
f 52 32 775 
f 776 775 774 
f 775 776 52 
f 45 776 779 
f 776 774 778 
f 779 778 777 
f 778 779 776 
f 45 779 62 
f 779 777 780 
f 62 780 59 
f 780 62 779 
f 49 63 783 
f 63 55 782 
f 783 782 781 
f 782 783 63 
f 784 785 786 
f 785 49 783 
f 786 783 781 
f 783 786 785 
f 49 785 53 
f 785 784 787 
f 53 787 36 
f 787 53 785 
f 243 253 790 
f 253 249 789 
f 790 789 788 
f 789 790 253 
f 788 789 793 
f 789 249 792 
f 793 792 791 
f 792 793 789 
f 249 259 792 
f 259 255 794 
f 792 794 791 
f 794 792 259 
f 795 796 797 
f 796 582 592 
f 797 592 588 
f 592 797 796 
f 582 796 800 
f 796 795 799 
f 800 799 798 
f 799 800 796 
f 576 586 801 
f 586 582 800 
f 801 800 798 
f 800 801 586 
f 375 385 804 
f 385 381 803 
f 804 803 802 
f 803 804 385 
f 381 391 807 
f 391 387 806 
f 807 806 805 
f 806 807 391 
f 381 807 803 
f 807 805 808 
f 803 808 802 
f 808 803 807 
f 809 810 811 
f 810 447 457 
f 811 457 453 
f 457 811 810 
f 447 810 814 
f 810 809 813 
f 814 813 812 
f 813 814 810 
f 441 451 815 
f 451 447 814 
f 815 814 812 
f 814 815 451 
f 423 817 427 
f 817 816 818 
f 427 818 417 
f 818 427 817 
f 816 817 821 
f 817 423 820 
f 821 820 819 
f 820 821 817 
f 423 433 820 
f 433 429 822 
f 820 822 819 
f 822 820 433 
f 492 824 496 
f 824 823 825 
f 496 825 486 
f 825 496 824 
f 823 824 828 
f 824 492 827 
f 828 827 826 
f 827 828 824 
f 492 502 827 
f 502 498 829 
f 827 829 826 
f 829 827 502 
f 339 831 343 
f 831 830 832 
f 343 832 333 
f 832 343 831 
f 830 831 835 
f 831 339 834 
f 835 834 833 
f 834 835 831 
f 339 349 834 
f 349 345 836 
f 834 836 833 
f 836 834 349 
f 837 838 839 
f 838 315 325 
f 839 325 321 
f 325 839 838 
f 315 838 842 
f 838 837 841 
f 842 841 840 
f 841 842 838 
f 309 319 843 
f 319 315 842 
f 843 842 840 
f 842 843 319 
f 138 145 846 
f 145 142 845 
f 846 845 844 
f 845 846 145 
f 151 152 849 
f 152 138 848 
f 849 848 847 
f 848 849 152 
f 847 848 850 
f 848 138 846 
f 850 846 844 
f 846 850 848 
f 844 845 853 
f 845 142 852 
f 853 852 851 
f 852 853 845 
f 142 717 856 
f 717 715 855 
f 856 855 854 
f 855 856 717 
f 142 856 852 
f 856 854 857 
f 852 857 851 
f 857 852 856 
f 516 859 520 
f 859 858 860 
f 520 860 510 
f 860 520 859 
f 858 859 863 
f 859 516 862 
f 863 862 861 
f 862 863 859 
f 516 526 862 
f 526 522 864 
f 862 864 861 
f 864 862 526 
f 223 226 867 
f 226 210 866 
f 867 866 865 
f 866 867 226 
f 210 216 866 
f 216 214 868 
f 866 868 865 
f 868 866 216 
f 223 867 871 
f 867 865 870 
f 871 870 869 
f 870 871 867 
f 223 871 874 
f 871 869 873 
f 874 873 872 
f 873 874 871 
f 223 874 709 
f 874 872 875 
f 709 875 708 
f 875 709 874 
f 540 550 878 
f 550 546 877 
f 878 877 876 
f 877 878 550 
f 546 556 881 
f 556 552 880 
f 881 880 879 
f 880 881 556 
f 876 877 882 
f 877 546 881 
f 882 881 879 
f 881 882 877 
f 623 883 625 
f 883 285 295 
f 625 295 291 
f 295 625 883 
f 285 883 886 
f 883 623 885 
f 886 885 884 
f 885 886 883 
f 887 888 889 
f 888 285 886 
f 889 886 884 
f 886 889 888 
f 285 888 289 
f 888 887 890 
f 289 890 279 
f 890 289 888 
f 99 112 893 
f 112 105 892 
f 893 892 891 
f 892 893 112 
f 891 892 896 
f 892 105 895 
f 896 895 894 
f 895 896 892 
f 894 895 897 
f 895 105 121 
f 897 121 114 
f 121 897 895 
f 109 900 902 
f 900 898 901 
f 902 901 899 
f 901 902 900 
f 898 900 903 
f 900 109 113 
f 903 113 95 
f 113 903 900 
f 109 902 906 
f 902 899 905 
f 906 905 904 
f 905 906 902 
f 118 122 907 
f 122 109 906 
f 907 906 904 
f 906 907 122 
f 3 235 910 
f 235 227 909 
f 910 909 908 
f 909 910 235 
f 908 909 912 
f 909 227 911 
f 912 911 711 
f 911 912 909 
f 711 911 714 
f 911 227 234 
f 714 234 231 
f 234 714 911 
f 715 718 915 
f 718 126 914 
f 915 914 913 
f 914 915 718 
f 913 914 917 
f 914 126 916 
f 917 916 39 
f 916 917 914 
f 39 916 42 
f 916 126 130 
f 42 130 7 
f 130 42 916 
f 151 849 920 
f 849 847 919 
f 920 919 918 
f 919 920 849 
f 151 920 922 
f 920 918 921 
f 922 921 701 
f 921 922 920 
f 151 922 154 
f 922 701 706 
f 154 706 147 
f 706 154 922 
f 865 868 925 
f 868 214 924 
f 925 924 923 
f 924 925 868 
f 923 924 927 
f 924 214 926 
f 927 926 691 
f 926 927 924 
f 691 926 693 
f 926 214 217 
f 693 217 204 
f 217 693 926 
f 189 195 930 
f 195 193 929 
f 930 929 928 
f 929 930 195 
f 189 930 933 
f 930 928 932 
f 933 932 931 
f 932 933 930 
f 189 933 689 
f 933 931 934 
f 689 934 688 
f 934 689 933 
f 928 929 937 
f 929 193 936 
f 937 936 935 
f 936 937 929 
f 935 936 939 
f 936 193 938 
f 939 938 681 
f 938 939 936 
f 681 938 686 
f 938 193 196 
f 686 196 183 
f 196 686 938 
f 928 937 942 
f 937 935 941 
f 942 941 940 
f 941 942 937 
f 928 942 945 
f 942 940 944 
f 945 944 943 
f 944 945 942 
f 931 932 946 
f 932 928 945 
f 946 945 943 
f 945 946 932 
f 940 941 949 
f 941 935 948 
f 949 948 947 
f 948 949 941 
f 947 948 952 
f 948 935 951 
f 952 951 950 
f 951 952 948 
f 935 939 951 
f 939 681 953 
f 951 953 950 
f 953 951 939 
f 940 949 956 
f 949 947 955 
f 956 955 954 
f 955 956 949 
f 940 956 959 
f 956 954 958 
f 959 958 957 
f 958 959 956 
f 940 959 944 
f 959 957 960 
f 944 960 943 
f 960 944 959 
f 954 955 963 
f 955 947 962 
f 963 962 961 
f 962 963 955 
f 961 962 966 
f 962 947 965 
f 966 965 964 
f 965 966 962 
f 964 965 967 
f 965 947 952 
f 967 952 950 
f 952 967 965 
f 957 958 970 
f 958 954 969 
f 970 969 968 
f 969 970 958 
f 954 963 973 
f 963 961 972 
f 973 972 971 
f 972 973 963 
f 968 969 974 
f 969 954 973 
f 974 973 971 
f 973 974 969 
f 957 970 977 
f 970 968 976 
f 977 976 975 
f 976 977 970 
f 957 977 980 
f 977 975 979 
f 980 979 978 
f 979 980 977 
f 957 980 960 
f 980 978 981 
f 960 981 943 
f 981 960 980 
f 961 966 984 
f 966 964 983 
f 984 983 982 
f 983 984 966 
f 961 984 987 
f 984 982 986 
f 987 986 985 
f 986 987 984 
f 961 987 972 
f 987 985 988 
f 972 988 971 
f 988 972 987 
f 975 976 991 
f 976 968 990 
f 991 990 989 
f 990 991 976 
f 989 990 994 
f 990 968 993 
f 994 993 992 
f 993 994 990 
f 968 974 993 
f 974 971 995 
f 993 995 992 
f 995 993 974 
f 975 991 998 
f 991 989 997 
f 998 997 996 
f 997 998 991 
f 975 998 1001 
f 998 996 1000 
f 1001 1000 999 
f 1000 1001 998 
f 978 979 1002 
f 979 975 1001 
f 1002 1001 999 
f 1001 1002 979 
f 996 997 1005 
f 997 989 1004 
f 1005 1004 1003 
f 1004 1005 997 
f 1003 1004 1008 
f 1004 989 1007 
f 1008 1007 1006 
f 1007 1008 1004 
f 1006 1007 1009 
f 1007 989 994 
f 1009 994 992 
f 994 1009 1007 
f 996 1005 1012 
f 1005 1003 1011 
f 1012 1011 1010 
f 1011 1012 1005 
f 996 1012 1015 
f 1012 1010 1014 
f 1015 1014 1013 
f 1014 1015 1012 
f 996 1015 1000 
f 1015 1013 1016 
f 1000 1016 999 
f 1016 1000 1015 
f 1010 1011 1019 
f 1011 1003 1018 
f 1019 1018 1017 
f 1018 1019 1011 
f 1003 1008 1022 
f 1008 1006 1021 
f 1022 1021 1020 
f 1021 1022 1008 
f 1017 1018 1023 
f 1018 1003 1022 
f 1023 1022 1020 
f 1022 1023 1018 
f 1013 1014 1026 
f 1014 1010 1025 
f 1026 1025 1024 
f 1025 1026 1014 
f 1024 1025 1029 
f 1025 1010 1028 
f 1029 1028 1027 
f 1028 1029 1025 
f 1010 1019 1028 
f 1019 1017 1030 
f 1028 1030 1027 
f 1030 1028 1019 
f 1013 1026 1033 
f 1026 1024 1032 
f 1033 1032 1031 
f 1032 1033 1026 
f 1013 1033 1036 
f 1033 1031 1035 
f 1036 1035 1034 
f 1035 1036 1033 
f 999 1016 1037 
f 1016 1013 1036 
f 1037 1036 1034 
f 1036 1037 1016 
f 1031 1032 1040 
f 1032 1024 1039 
f 1040 1039 1038 
f 1039 1040 1032 
f 1038 1039 1043 
f 1039 1024 1042 
f 1043 1042 1041 
f 1042 1043 1039 
f 1041 1042 1044 
f 1042 1024 1029 
f 1044 1029 1027 
f 1029 1044 1042 
f 1031 1040 1047 
f 1040 1038 1046 
f 1047 1046 1045 
f 1046 1047 1040 
f 1031 1047 1050 
f 1047 1045 1049 
f 1050 1049 1048 
f 1049 1050 1047 
f 1031 1050 1035 
f 1050 1048 1051 
f 1035 1051 1034 
f 1051 1035 1050 
f 1045 1046 1054 
f 1046 1038 1053 
f 1054 1053 1052 
f 1053 1054 1046 
f 1052 1053 1057 
f 1053 1038 1056 
f 1057 1056 1055 
f 1056 1057 1053 
f 1038 1043 1056 
f 1043 1041 1058 
f 1056 1058 1055 
f 1058 1056 1043 
f 1045 1054 1061 
f 1054 1052 1060 
f 1061 1060 1059 
f 1060 1061 1054 
f 1045 1061 1064 
f 1061 1059 1063 
f 1064 1063 1062 
f 1063 1064 1061 
f 1048 1049 1065 
f 1049 1045 1064 
f 1065 1064 1062 
f 1064 1065 1049 
f 1006 1009 1068 
f 1009 992 1067 
f 1068 1067 1066 
f 1067 1068 1009 
f 1006 1070 1021 
f 1070 1069 1071 
f 1021 1071 1020 
f 1071 1021 1070 
f 1069 1070 1072 
f 1070 1006 1068 
f 1072 1068 1066 
f 1068 1072 1070 
f 1059 1060 1075 
f 1060 1052 1074 
f 1075 1074 1073 
f 1074 1075 1060 
f 1073 1074 1078 
f 1074 1052 1077 
f 1078 1077 1076 
f 1077 1078 1074 
f 1076 1077 1079 
f 1077 1052 1057 
f 1079 1057 1055 
f 1057 1079 1077 
f 1059 1075 1082 
f 1075 1073 1081 
f 1082 1081 1080 
f 1081 1082 1075 
f 1059 1082 1085 
f 1082 1080 1084 
f 1085 1084 1083 
f 1084 1085 1082 
f 1059 1085 1063 
f 1085 1083 1086 
f 1063 1086 1062 
f 1086 1063 1085 
f 1080 1081 1089 
f 1081 1073 1088 
f 1089 1088 1087 
f 1088 1089 1081 
f 1087 1088 1092 
f 1088 1073 1091 
f 1092 1091 1090 
f 1091 1092 1088 
f 1073 1078 1091 
f 1078 1076 1093 
f 1091 1093 1090 
f 1093 1091 1078 
f 1080 1089 1096 
f 1089 1087 1095 
f 1096 1095 1094 
f 1095 1096 1089 
f 1080 1096 1099 
f 1096 1094 1098 
f 1099 1098 1097 
f 1098 1099 1096 
f 1080 1099 1084 
f 1099 1097 1100 
f 1084 1100 1083 
f 1100 1084 1099 
f 1027 1030 1103 
f 1030 1017 1102 
f 1103 1102 1101 
f 1102 1103 1030 
f 1101 1102 1106 
f 1102 1017 1105 
f 1106 1105 1104 
f 1105 1106 1102 
f 1017 1023 1105 
f 1023 1020 1107 
f 1105 1107 1104 
f 1107 1105 1023 
f 982 983 1110 
f 983 964 1109 
f 1110 1109 1108 
f 1109 1110 983 
f 1108 1109 1113 
f 1109 964 1112 
f 1113 1112 1111 
f 1112 1113 1109 
f 964 1115 1112 
f 1115 1114 1116 
f 1112 1116 1111 
f 1116 1112 1115 
f 1114 1115 1117 
f 1115 964 967 
f 1117 967 950 
f 967 1117 1115 
f 982 1110 1120 
f 1110 1108 1119 
f 1120 1119 1118 
f 1119 1120 1110 
f 982 1120 1123 
f 1120 1118 1122 
f 1123 1122 1121 
f 1122 1123 1120 
f 985 986 1124 
f 986 982 1123 
f 1124 1123 1121 
f 1123 1124 986 
f 1118 1119 1127 
f 1119 1108 1126 
f 1127 1126 1125 
f 1126 1127 1119 
f 1125 1126 1130 
f 1126 1108 1129 
f 1130 1129 1128 
f 1129 1130 1126 
f 1128 1129 1131 
f 1129 1108 1113 
f 1131 1113 1111 
f 1113 1131 1129 
f 1118 1127 1134 
f 1127 1125 1133 
f 1134 1133 1132 
f 1133 1134 1127 
f 1118 1134 1137 
f 1134 1132 1136 
f 1137 1136 1135 
f 1136 1137 1134 
f 1118 1137 1122 
f 1137 1135 1138 
f 1122 1138 1121 
f 1138 1122 1137 
f 1132 1133 1141 
f 1133 1125 1140 
f 1141 1140 1139 
f 1140 1141 1133 
f 1139 1140 1144 
f 1140 1125 1143 
f 1144 1143 1142 
f 1143 1144 1140 
f 1125 1130 1143 
f 1130 1128 1145 
f 1143 1145 1142 
f 1145 1143 1130 
f 1132 1141 1148 
f 1141 1139 1147 
f 1148 1147 1146 
f 1147 1148 1141 
f 1135 1136 1151 
f 1136 1132 1150 
f 1151 1150 1149 
f 1150 1151 1136 
f 1132 1148 1150 
f 1148 1146 1152 
f 1150 1152 1149 
f 1152 1150 1148 
f 1146 1147 1155 
f 1147 1139 1154 
f 1155 1154 1153 
f 1154 1155 1147 
f 1153 1154 1158 
f 1154 1139 1157 
f 1158 1157 1156 
f 1157 1158 1154 
f 1156 1157 1159 
f 1157 1139 1144 
f 1159 1144 1142 
f 1144 1159 1157 
f 168 174 1162 
f 174 172 1161 
f 1162 1161 1160 
f 1161 1162 174 
f 168 1162 679 
f 1162 1160 1163 
f 679 1163 678 
f 1163 679 1162 
f 1121 1138 1166 
f 1138 1135 1165 
f 1166 1165 1164 
f 1165 1166 1138 
f 1135 1151 1169 
f 1151 1149 1168 
f 1169 1168 1167 
f 1168 1169 1151 
f 1135 1169 1165 
f 1169 1167 1170 
f 1165 1170 1164 
f 1170 1165 1169 
f 1146 1155 1173 
f 1155 1153 1172 
f 1173 1172 1171 
f 1172 1173 1155 
f 1146 1173 1176 
f 1173 1171 1175 
f 1176 1175 1174 
f 1175 1176 1173 
f 1146 1176 1152 
f 1176 1174 1177 
f 1152 1177 1149 
f 1177 1152 1176 
f 1171 1172 1180 
f 1172 1153 1179 
f 1180 1179 1178 
f 1179 1180 1172 
f 1178 1179 1183 
f 1179 1153 1182 
f 1183 1182 1181 
f 1182 1183 1179 
f 1181 1182 1184 
f 1182 1153 1158 
f 1184 1158 1156 
f 1158 1184 1182 
f 1160 1161 1187 
f 1161 172 1186 
f 1187 1186 1185 
f 1186 1187 1161 
f 1185 1186 1189 
f 1186 172 1188 
f 1189 1188 695 
f 1188 1189 1186 
f 695 1188 700 
f 1188 172 175 
f 700 175 162 
f 175 700 1188 
f 1171 1180 1192 
f 1180 1178 1191 
f 1192 1191 1190 
f 1191 1192 1180 
f 1174 1175 1195 
f 1175 1171 1194 
f 1195 1194 1193 
f 1194 1195 1175 
f 1193 1194 1196 
f 1194 1171 1192 
f 1196 1192 1190 
f 1192 1196 1194 
f 1178 1183 1199 
f 1183 1181 1198 
f 1199 1198 1197 
f 1198 1199 1183 
f 1178 1199 1202 
f 1199 1197 1201 
f 1202 1201 1200 
f 1201 1202 1199 
f 1190 1191 1203 
f 1191 1178 1202 
f 1203 1202 1200 
f 1202 1203 1191 
f 1197 1198 1206 
f 1198 1181 1205 
f 1206 1205 1204 
f 1205 1206 1198 
f 1204 1205 1209 
f 1205 1181 1208 
f 1209 1208 1207 
f 1208 1209 1205 
f 1207 1208 1210 
f 1208 1181 1184 
f 1210 1184 1156 
f 1184 1210 1208 
f 1197 1206 1213 
f 1206 1204 1212 
f 1213 1212 1211 
f 1212 1213 1206 
f 1197 1213 1216 
f 1213 1211 1215 
f 1216 1215 1214 
f 1215 1216 1213 
f 1197 1216 1201 
f 1216 1214 1217 
f 1201 1217 1200 
f 1217 1201 1216 
f 1211 1212 1220 
f 1212 1204 1219 
f 1220 1219 1218 
f 1219 1220 1212 
f 1218 1219 1223 
f 1219 1204 1222 
f 1223 1222 1221 
f 1222 1223 1219 
f 1204 1209 1222 
f 1209 1207 1224 
f 1222 1224 1221 
f 1224 1222 1209 
f 1211 1220 1227 
f 1220 1218 1226 
f 1227 1226 1225 
f 1226 1227 1220 
f 1211 1227 1230 
f 1227 1225 1229 
f 1230 1229 1228 
f 1229 1230 1227 
f 1214 1215 1231 
f 1215 1211 1230 
f 1231 1230 1228 
f 1230 1231 1215 
f 1225 1226 1234 
f 1226 1218 1233 
f 1234 1233 1232 
f 1233 1234 1226 
f 1232 1233 1237 
f 1233 1218 1236 
f 1237 1236 1235 
f 1236 1237 1233 
f 1235 1236 1238 
f 1236 1218 1223 
f 1238 1223 1221 
f 1223 1238 1236 
f 1225 1234 1241 
f 1234 1232 1240 
f 1241 1240 1239 
f 1240 1241 1234 
f 1225 1241 1244 
f 1241 1239 1243 
f 1244 1243 1242 
f 1243 1244 1241 
f 1225 1244 1229 
f 1244 1242 1245 
f 1229 1245 1228 
f 1245 1229 1244 
f 1239 1240 1248 
f 1240 1232 1247 
f 1248 1247 1246 
f 1247 1248 1240 
f 1246 1247 1251 
f 1247 1232 1250 
f 1251 1250 1249 
f 1250 1251 1247 
f 1232 1237 1250 
f 1237 1235 1252 
f 1250 1252 1249 
f 1252 1250 1237 
f 1239 1248 1255 
f 1248 1246 1254 
f 1255 1254 1253 
f 1254 1255 1248 
f 1239 1255 1258 
f 1255 1253 1257 
f 1258 1257 1256 
f 1257 1258 1255 
f 1242 1243 1259 
f 1243 1239 1258 
f 1259 1258 1256 
f 1258 1259 1243 
f 1253 1254 1262 
f 1254 1246 1261 
f 1262 1261 1260 
f 1261 1262 1254 
f 1260 1261 1265 
f 1261 1246 1264 
f 1265 1264 1263 
f 1264 1265 1261 
f 1263 1264 1266 
f 1264 1246 1251 
f 1266 1251 1249 
f 1251 1266 1264 
f 1253 1262 1269 
f 1262 1260 1268 
f 1269 1268 1267 
f 1268 1269 1262 
f 1253 1269 1272 
f 1269 1267 1271 
f 1272 1271 1270 
f 1271 1272 1269 
f 1253 1272 1257 
f 1272 1270 1273 
f 1257 1273 1256 
f 1273 1257 1272 
f 1267 1268 1276 
f 1268 1260 1275 
f 1276 1275 1274 
f 1275 1276 1268 
f 1274 1275 1279 
f 1275 1260 1278 
f 1279 1278 1277 
f 1278 1279 1275 
f 1260 1265 1278 
f 1265 1263 1280 
f 1278 1280 1277 
f 1280 1278 1265 
f 1267 1276 1283 
f 1276 1274 1282 
f 1283 1282 1281 
f 1282 1283 1276 
f 1267 1283 1286 
f 1283 1281 1285 
f 1286 1285 1284 
f 1285 1286 1283 
f 1270 1271 1287 
f 1271 1267 1286 
f 1287 1286 1284 
f 1286 1287 1271 
f 1281 1282 1290 
f 1282 1274 1289 
f 1290 1289 1288 
f 1289 1290 1282 
f 1288 1289 1293 
f 1289 1274 1292 
f 1293 1292 1291 
f 1292 1293 1289 
f 1291 1292 1294 
f 1292 1274 1279 
f 1294 1279 1277 
f 1279 1294 1292 
f 1281 1290 1297 
f 1290 1288 1296 
f 1297 1296 1295 
f 1296 1297 1290 
f 1281 1297 1300 
f 1297 1295 1299 
f 1300 1299 1298 
f 1299 1300 1297 
f 1281 1300 1285 
f 1300 1298 1301 
f 1285 1301 1284 
f 1301 1285 1300 
f 1288 1293 1304 
f 1293 1291 1303 
f 1304 1303 1302 
f 1303 1304 1293 
f 1288 1304 1307 
f 1304 1302 1306 
f 1307 1306 1305 
f 1306 1307 1304 
f 1288 1307 1296 
f 1307 1305 1308 
f 1296 1308 1295 
f 1308 1296 1307 
f 1302 1303 1311 
f 1303 1291 1310 
f 1311 1310 1309 
f 1310 1311 1303 
f 1309 1310 1314 
f 1310 1291 1313 
f 1314 1313 1312 
f 1313 1314 1310 
f 1312 1313 1315 
f 1313 1291 1294 
f 1315 1294 1277 
f 1294 1315 1313 
f 1305 1306 1318 
f 1306 1302 1317 
f 1318 1317 1316 
f 1317 1318 1306 
f 1316 1317 1321 
f 1317 1302 1320 
f 1321 1320 1319 
f 1320 1321 1317 
f 1302 1311 1320 
f 1311 1309 1322 
f 1320 1322 1319 
f 1322 1320 1311 
f 1305 1318 1325 
f 1318 1316 1324 
f 1325 1324 1323 
f 1324 1325 1318 
f 1305 1325 1328 
f 1325 1323 1327 
f 1328 1327 1326 
f 1327 1328 1325 
f 1305 1328 1308 
f 1328 1326 1329 
f 1308 1329 1295 
f 1329 1308 1328 
f 1323 1324 1332 
f 1324 1316 1331 
f 1332 1331 1330 
f 1331 1332 1324 
f 1330 1331 1335 
f 1331 1316 1334 
f 1335 1334 1333 
f 1334 1335 1331 
f 1333 1334 1336 
f 1334 1316 1321 
f 1336 1321 1319 
f 1321 1336 1334 
f 1323 1332 1339 
f 1332 1330 1338 
f 1339 1338 1337 
f 1338 1339 1332 
f 1326 1327 1342 
f 1327 1323 1341 
f 1342 1341 1340 
f 1341 1342 1327 
f 1340 1341 1343 
f 1341 1323 1339 
f 1343 1339 1337 
f 1339 1343 1341 
f 1330 1335 1346 
f 1335 1333 1345 
f 1346 1345 1344 
f 1345 1346 1335 
f 1330 1346 1349 
f 1346 1344 1348 
f 1349 1348 1347 
f 1348 1349 1346 
f 1330 1349 1338 
f 1349 1347 1350 
f 1338 1350 1337 
f 1350 1338 1349 
f 847 850 1353 
f 850 844 1352 
f 1353 1352 1351 
f 1352 1353 850 
f 918 919 1356 
f 919 847 1355 
f 1356 1355 1354 
f 1355 1356 919 
f 1354 1355 1357 
f 1355 847 1353 
f 1357 1353 1351 
f 1353 1357 1355 
f 1358 1360 1362 
f 1360 844 1361 
f 1362 1361 1359 
f 1361 1362 1360 
f 844 1360 1352 
f 1360 1358 1363 
f 1352 1363 1351 
f 1363 1352 1360 
f 1359 1361 1364 
f 1361 844 853 
f 1364 853 851 
f 853 1364 1361 
f 1094 1095 1367 
f 1095 1087 1366 
f 1367 1366 1365 
f 1366 1367 1095 
f 1365 1366 1370 
f 1366 1087 1369 
f 1370 1369 1368 
f 1369 1370 1366 
f 1368 1369 1371 
f 1369 1087 1092 
f 1371 1092 1090 
f 1092 1371 1369 
f 1097 1098 1374 
f 1098 1094 1373 
f 1374 1373 1372 
f 1373 1374 1098 
f 1372 1373 1377 
f 1373 1094 1376 
f 1377 1376 1375 
f 1376 1377 1373 
f 1094 1367 1376 
f 1367 1365 1378 
f 1376 1378 1375 
f 1378 1376 1367 
f 1097 1374 1381 
f 1374 1372 1380 
f 1381 1380 1379 
f 1380 1381 1374 
f 1097 1381 1384 
f 1381 1379 1383 
f 1384 1383 1382 
f 1383 1384 1381 
f 1097 1384 1100 
f 1384 1382 1385 
f 1100 1385 1083 
f 1385 1100 1384 
f 1379 1380 1388 
f 1380 1372 1387 
f 1388 1387 1386 
f 1387 1388 1380 
f 1386 1387 1391 
f 1387 1372 1390 
f 1391 1390 1389 
f 1390 1391 1387 
f 1372 1377 1390 
f 1377 1375 1392 
f 1390 1392 1389 
f 1392 1390 1377 
f 1365 1370 1395 
f 1370 1368 1394 
f 1395 1394 1393 
f 1394 1395 1370 
f 1365 1395 1398 
f 1395 1393 1397 
f 1398 1397 1396 
f 1397 1398 1395 
f 1365 1398 1378 
f 1398 1396 1399 
f 1378 1399 1375 
f 1399 1378 1398 
f 1256 1273 1402 
f 1273 1270 1401 
f 1402 1401 1400 
f 1401 1402 1273 
f 1270 1287 1405 
f 1287 1284 1404 
f 1405 1404 1403 
f 1404 1405 1287 
f 1270 1405 1401 
f 1405 1403 1406 
f 1401 1406 1400 
f 1406 1401 1405 
f 1160 1187 1409 
f 1187 1185 1408 
f 1409 1408 1407 
f 1408 1409 1187 
f 1160 1409 1412 
f 1409 1407 1411 
f 1412 1411 1410 
f 1411 1412 1409 
f 678 1163 1413 
f 1163 1160 1412 
f 1413 1412 1410 
f 1412 1413 1163 
f 1041 1044 1416 
f 1044 1027 1415 
f 1416 1415 1414 
f 1415 1416 1044 
f 1055 1058 1419 
f 1058 1041 1418 
f 1419 1418 1417 
f 1418 1419 1058 
f 1041 1416 1418 
f 1416 1414 1420 
f 1418 1420 1417 
f 1420 1418 1416 
f 1242 1259 1423 
f 1259 1256 1422 
f 1423 1422 1421 
f 1422 1423 1259 
f 1228 1245 1426 
f 1245 1242 1425 
f 1426 1425 1424 
f 1425 1426 1245 
f 1242 1423 1425 
f 1423 1421 1427 
f 1425 1427 1424 
f 1427 1425 1423 
f 1428 1429 1430 
f 1429 1214 1231 
f 1430 1231 1228 
f 1231 1430 1429 
f 1214 1429 1433 
f 1429 1428 1432 
f 1433 1432 1431 
f 1432 1433 1429 
f 1200 1217 1434 
f 1217 1214 1433 
f 1434 1433 1431 
f 1433 1434 1217 
f 1174 1195 1437 
f 1195 1193 1436 
f 1437 1436 1435 
f 1436 1437 1195 
f 1174 1437 1440 
f 1437 1435 1439 
f 1440 1439 1438 
f 1439 1440 1437 
f 1149 1177 1441 
f 1177 1174 1440 
f 1441 1440 1438 
f 1440 1441 1177 
f 1034 1051 1444 
f 1051 1048 1443 
f 1444 1443 1442 
f 1443 1444 1051 
f 1048 1446 1443 
f 1446 1445 1447 
f 1443 1447 1442 
f 1447 1443 1446 
f 1445 1446 1448 
f 1446 1048 1065 
f 1448 1065 1062 
f 1065 1448 1446 
f 869 870 1451 
f 870 865 1450 
f 1451 1450 1449 
f 1450 1451 870 
f 865 925 1450 
f 925 923 1452 
f 1450 1452 1449 
f 1452 1450 925 
f 872 873 1455 
f 873 869 1454 
f 1455 1454 1453 
f 1454 1455 873 
f 1453 1454 1458 
f 1454 869 1457 
f 1458 1457 1456 
f 1457 1458 1454 
f 1456 1457 1459 
f 1457 869 1451 
f 1459 1451 1449 
f 1451 1459 1457 
f 872 1455 1462 
f 1455 1453 1461 
f 1462 1461 1460 
f 1461 1462 1455 
f 872 1462 1465 
f 1462 1460 1464 
f 1465 1464 1463 
f 1464 1465 1462 
f 708 875 1466 
f 875 872 1465 
f 1466 1465 1463 
f 1465 1466 875 
f 1277 1280 1469 
f 1280 1263 1468 
f 1469 1468 1467 
f 1468 1469 1280 
f 1467 1468 1472 
f 1468 1263 1471 
f 1472 1471 1470 
f 1471 1472 1468 
f 1263 1266 1471 
f 1266 1249 1473 
f 1471 1473 1470 
f 1473 1471 1266 
f 1309 1314 1476 
f 1314 1312 1475 
f 1476 1475 1474 
f 1475 1476 1314 
f 1309 1476 1479 
f 1476 1474 1478 
f 1479 1478 1477 
f 1478 1479 1476 
f 1319 1322 1480 
f 1322 1309 1479 
f 1480 1479 1477 
f 1479 1480 1322 
f 1435 1436 1483 
f 1436 1193 1482 
f 1483 1482 1481 
f 1482 1483 1436 
f 1481 1482 1486 
f 1482 1193 1485 
f 1486 1485 1484 
f 1485 1486 1482 
f 1484 1485 1487 
f 1485 1193 1196 
f 1487 1196 1190 
f 1196 1487 1485 
f 1344 1345 1490 
f 1345 1333 1489 
f 1490 1489 1488 
f 1489 1490 1345 
f 1488 1489 1493 
f 1489 1333 1492 
f 1493 1492 1491 
f 1492 1493 1489 
f 1491 1492 1494 
f 1492 1333 1336 
f 1494 1336 1319 
f 1336 1494 1492 
f 1347 1348 1497 
f 1348 1344 1496 
f 1497 1496 1495 
f 1496 1497 1348 
f 1495 1496 1500 
f 1496 1344 1499 
f 1500 1499 1498 
f 1499 1500 1496 
f 1344 1490 1499 
f 1490 1488 1501 
f 1499 1501 1498 
f 1501 1499 1490 
f 1347 1497 1504 
f 1497 1495 1503 
f 1504 1503 1502 
f 1503 1504 1497 
f 1347 1504 1507 
f 1504 1502 1506 
f 1507 1506 1505 
f 1506 1507 1504 
f 1347 1507 1350 
f 1507 1505 1508 
f 1350 1508 1337 
f 1508 1350 1507 
f 1502 1503 1511 
f 1503 1495 1510 
f 1511 1510 1509 
f 1510 1511 1503 
f 1509 1510 1514 
f 1510 1495 1513 
f 1514 1513 1512 
f 1513 1514 1510 
f 1512 1513 1515 
f 1513 1495 1500 
f 1515 1500 1498 
f 1500 1515 1513 
f 1502 1511 1518 
f 1511 1509 1517 
f 1518 1517 1516 
f 1517 1518 1511 
f 1505 1506 1521 
f 1506 1502 1520 
f 1521 1520 1519 
f 1520 1521 1506 
f 1502 1518 1520 
f 1518 1516 1522 
f 1520 1522 1519 
f 1522 1520 1518 
f 1509 1514 1525 
f 1514 1512 1524 
f 1525 1524 1523 
f 1524 1525 1514 
f 1509 1525 1528 
f 1525 1523 1527 
f 1528 1527 1526 
f 1527 1528 1525 
f 1516 1517 1529 
f 1517 1509 1528 
f 1529 1528 1526 
f 1528 1529 1517 
f 1523 1524 1532 
f 1524 1512 1531 
f 1532 1531 1530 
f 1531 1532 1524 
f 1530 1531 1535 
f 1531 1512 1534 
f 1535 1534 1533 
f 1534 1535 1531 
f 1512 1515 1534 
f 1515 1498 1536 
f 1534 1536 1533 
f 1536 1534 1515 
f 1523 1532 1539 
f 1532 1530 1538 
f 1539 1538 1537 
f 1538 1539 1532 
f 1523 1539 1542 
f 1539 1537 1541 
f 1542 1541 1540 
f 1541 1542 1539 
f 1523 1542 1527 
f 1542 1540 1543 
f 1527 1543 1526 
f 1543 1527 1542 
f 1537 1538 1546 
f 1538 1530 1545 
f 1546 1545 1544 
f 1545 1546 1538 
f 1544 1545 1549 
f 1545 1530 1548 
f 1549 1548 1547 
f 1548 1549 1545 
f 1547 1548 1550 
f 1548 1530 1535 
f 1550 1535 1533 
f 1535 1550 1548 
f 1537 1546 1553 
f 1546 1544 1552 
f 1553 1552 1551 
f 1552 1553 1546 
f 1537 1553 1556 
f 1553 1551 1555 
f 1556 1555 1554 
f 1555 1556 1553 
f 1540 1541 1557 
f 1541 1537 1556 
f 1557 1556 1554 
f 1556 1557 1541 
f 1551 1552 1560 
f 1552 1544 1559 
f 1560 1559 1558 
f 1559 1560 1552 
f 1558 1559 1563 
f 1559 1544 1562 
f 1563 1562 1561 
f 1562 1563 1559 
f 1544 1549 1562 
f 1549 1547 1564 
f 1562 1564 1561 
f 1564 1562 1549 
f 1551 1560 1567 
f 1560 1558 1566 
f 1567 1566 1565 
f 1566 1567 1560 
f 1551 1567 1570 
f 1567 1565 1569 
f 1570 1569 1568 
f 1569 1570 1567 
f 1551 1570 1555 
f 1570 1568 1571 
f 1555 1571 1554 
f 1571 1555 1570 
f 1565 1566 1574 
f 1566 1558 1573 
f 1574 1573 1572 
f 1573 1574 1566 
f 1572 1573 1577 
f 1573 1558 1576 
f 1577 1576 1575 
f 1576 1577 1573 
f 1575 1576 1578 
f 1576 1558 1563 
f 1578 1563 1561 
f 1563 1578 1576 
f 1565 1574 1581 
f 1574 1572 1580 
f 1581 1580 1579 
f 1580 1581 1574 
f 1565 1581 1584 
f 1581 1579 1583 
f 1584 1583 1582 
f 1583 1584 1581 
f 1568 1569 1585 
f 1569 1565 1584 
f 1585 1584 1582 
f 1584 1585 1569 
f 1579 1580 1588 
f 1580 1572 1587 
f 1588 1587 1586 
f 1587 1588 1580 
f 1572 1577 1591 
f 1577 1575 1590 
f 1591 1590 1589 
f 1590 1591 1577 
f 1572 1591 1587 
f 1591 1589 1592 
f 1587 1592 1586 
f 1592 1587 1591 
f 1593 1595 1597 
f 1595 1579 1596 
f 1597 1596 1594 
f 1596 1597 1595 
f 1579 1595 1583 
f 1595 1593 1598 
f 1583 1598 1582 
f 1598 1583 1595 
f 1579 1588 1596 
f 1588 1586 1599 
f 1596 1599 1594 
f 1599 1596 1588 
f 1554 1571 1602 
f 1571 1568 1601 
f 1602 1601 1600 
f 1601 1602 1571 
f 1568 1585 1605 
f 1585 1582 1604 
f 1605 1604 1603 
f 1604 1605 1585 
f 1568 1605 1601 
f 1605 1603 1606 
f 1601 1606 1600 
f 1606 1601 1605 
f 1090 1093 1609 
f 1093 1076 1608 
f 1609 1608 1607 
f 1608 1609 1093 
f 1076 1079 1612 
f 1079 1055 1611 
f 1612 1611 1610 
f 1611 1612 1079 
f 1607 1608 1613 
f 1608 1076 1612 
f 1613 1612 1610 
f 1612 1613 1608 
f 1326 1342 1616 
f 1342 1340 1615 
f 1616 1615 1614 
f 1615 1616 1342 
f 1326 1616 1619 
f 1616 1614 1618 
f 1619 1618 1617 
f 1618 1619 1616 
f 1326 1619 1329 
f 1619 1617 1620 
f 1329 1620 1295 
f 1620 1329 1619 
f 1407 1408 1623 
f 1408 1185 1622 
f 1623 1622 1621 
f 1622 1623 1408 
f 1185 1189 1626 
f 1189 695 1625 
f 1626 1625 1624 
f 1625 1626 1189 
f 1185 1626 1622 
f 1626 1624 1627 
f 1622 1627 1621 
f 1627 1622 1626 
f 1435 1483 1630 
f 1483 1481 1629 
f 1630 1629 1628 
f 1629 1630 1483 
f 1435 1630 1633 
f 1630 1628 1632 
f 1633 1632 1631 
f 1632 1633 1630 
f 1435 1633 1439 
f 1633 1631 1634 
f 1439 1634 1438 
f 1634 1439 1633 
f 1460 1461 1637 
f 1461 1453 1636 
f 1637 1636 1635 
f 1636 1637 1461 
f 1635 1636 1640 
f 1636 1453 1639 
f 1640 1639 1638 
f 1639 1640 1636 
f 1453 1458 1639 
f 1458 1456 1641 
f 1639 1641 1638 
f 1641 1639 1458 
f 1460 1637 1644 
f 1637 1635 1643 
f 1644 1643 1642 
f 1643 1644 1637 
f 1460 1644 1647 
f 1644 1642 1646 
f 1647 1646 1645 
f 1646 1647 1644 
f 1460 1647 1464 
f 1647 1645 1648 
f 1464 1648 1463 
f 1648 1464 1647 
f 1642 1643 1651 
f 1643 1635 1650 
f 1651 1650 1649 
f 1650 1651 1643 
f 1649 1650 1654 
f 1650 1635 1653 
f 1654 1653 1652 
f 1653 1654 1650 
f 1652 1653 1655 
f 1653 1635 1640 
f 1655 1640 1638 
f 1640 1655 1653 
f 1642 1651 1658 
f 1651 1649 1657 
f 1658 1657 1656 
f 1657 1658 1651 
f 1642 1658 1661 
f 1658 1656 1660 
f 1661 1660 1659 
f 1660 1661 1658 
f 1645 1646 1662 
f 1646 1642 1661 
f 1662 1661 1659 
f 1661 1662 1646 
f 1656 1657 1665 
f 1657 1649 1664 
f 1665 1664 1663 
f 1664 1665 1657 
f 1663 1664 1668 
f 1664 1649 1667 
f 1668 1667 1666 
f 1667 1668 1664 
f 1666 1667 1669 
f 1667 1649 1654 
f 1669 1654 1652 
f 1654 1669 1667 
f 1656 1665 1672 
f 1665 1663 1671 
f 1672 1671 1670 
f 1671 1672 1665 
f 1656 1672 1675 
f 1672 1670 1674 
f 1675 1674 1673 
f 1674 1675 1672 
f 1656 1675 1660 
f 1675 1673 1676 
f 1660 1676 1659 
f 1676 1660 1675 
f 1670 1671 1679 
f 1671 1663 1678 
f 1679 1678 1677 
f 1678 1679 1671 
f 1663 1668 1682 
f 1668 1666 1681 
f 1682 1681 1680 
f 1681 1682 1668 
f 1677 1678 1683 
f 1678 1663 1682 
f 1683 1682 1680 
f 1682 1683 1678 
f 1673 1674 1686 
f 1674 1670 1685 
f 1686 1685 1684 
f 1685 1686 1674 
f 1684 1685 1689 
f 1685 1670 1688 
f 1689 1688 1687 
f 1688 1689 1685 
f 1687 1688 1690 
f 1688 1670 1679 
f 1690 1679 1677 
f 1679 1690 1688 
f 1673 1686 1693 
f 1686 1684 1692 
f 1693 1692 1691 
f 1692 1693 1686 
f 1659 1676 1696 
f 1676 1673 1695 
f 1696 1695 1694 
f 1695 1696 1676 
f 1673 1693 1695 
f 1693 1691 1697 
f 1695 1697 1694 
f 1697 1695 1693 
f 1684 1689 1700 
f 1689 1687 1699 
f 1700 1699 1698 
f 1699 1700 1689 
f 1684 1700 1703 
f 1700 1698 1702 
f 1703 1702 1701 
f 1702 1703 1700 
f 1684 1703 1692 
f 1703 1701 1704 
f 1692 1704 1691 
f 1704 1692 1703 
f 1698 1699 1707 
f 1699 1687 1706 
f 1707 1706 1705 
f 1706 1707 1699 
f 1705 1706 1710 
f 1706 1687 1709 
f 1710 1709 1708 
f 1709 1710 1706 
f 1708 1709 1711 
f 1709 1687 1690 
f 1711 1690 1677 
f 1690 1711 1709 
f 1701 1702 1714 
f 1702 1698 1713 
f 1714 1713 1712 
f 1713 1714 1702 
f 1712 1713 1717 
f 1713 1698 1716 
f 1717 1716 1715 
f 1716 1717 1713 
f 1698 1707 1716 
f 1707 1705 1718 
f 1716 1718 1715 
f 1718 1716 1707 
f 1526 1543 1721 
f 1543 1540 1720 
f 1721 1720 1719 
f 1720 1721 1543 
f 1540 1557 1724 
f 1557 1554 1723 
f 1724 1723 1722 
f 1723 1724 1557 
f 1540 1724 1720 
f 1724 1722 1725 
f 1720 1725 1719 
f 1725 1720 1724 
f 1505 1521 1728 
f 1521 1519 1727 
f 1728 1727 1726 
f 1727 1728 1521 
f 1505 1728 1731 
f 1728 1726 1730 
f 1731 1730 1729 
f 1730 1731 1728 
f 1337 1508 1732 
f 1508 1505 1731 
f 1732 1731 1729 
f 1731 1732 1508 
f 1701 1714 1735 
f 1714 1712 1734 
f 1735 1734 1733 
f 1734 1735 1714 
f 1701 1735 1738 
f 1735 1733 1737 
f 1738 1737 1736 
f 1737 1738 1735 
f 1701 1738 1704 
f 1738 1736 1739 
f 1704 1739 1691 
f 1739 1704 1738 
f 1740 1742 1744 
f 1742 978 1743 
f 1744 1743 1741 
f 1743 1744 1742 
f 978 1742 981 
f 1742 1740 1745 
f 981 1745 943 
f 1745 981 1742 
f 1741 1743 1746 
f 1743 978 1002 
f 1746 1002 999 
f 1002 1746 1743 
f 1589 1590 1749 
f 1590 1575 1748 
f 1749 1748 1747 
f 1748 1749 1590 
f 1747 1748 1752 
f 1748 1575 1751 
f 1752 1751 1750 
f 1751 1752 1748 
f 1750 1751 1753 
f 1751 1575 1578 
f 1753 1578 1561 
f 1578 1753 1751 
f 1589 1749 1756 
f 1749 1747 1755 
f 1756 1755 1754 
f 1755 1756 1749 
f 1589 1756 1759 
f 1756 1754 1758 
f 1759 1758 1757 
f 1758 1759 1756 
f 1589 1759 1592 
f 1759 1757 1760 
f 1592 1760 1586 
f 1760 1592 1759 
f 1761 1762 1763 
f 1762 1645 1662 
f 1763 1662 1659 
f 1662 1763 1762 
f 1645 1762 1766 
f 1762 1761 1765 
f 1766 1765 1764 
f 1765 1766 1762 
f 1463 1648 1767 
f 1648 1645 1766 
f 1767 1766 1764 
f 1766 1767 1648 
f 1733 1734 1770 
f 1734 1712 1769 
f 1770 1769 1768 
f 1769 1770 1734 
f 1768 1769 1773 
f 1769 1712 1772 
f 1773 1772 1771 
f 1772 1773 1769 
f 1771 1772 1774 
f 1772 1712 1717 
f 1774 1717 1715 
f 1717 1774 1772 
f 1393 1394 1777 
f 1394 1368 1776 
f 1777 1776 1775 
f 1776 1777 1394 
f 1775 1776 1780 
f 1776 1368 1779 
f 1780 1779 1778 
f 1779 1780 1776 
f 1778 1779 1781 
f 1779 1368 1371 
f 1781 1371 1090 
f 1371 1781 1779 
f 1754 1755 1784 
f 1755 1747 1783 
f 1784 1783 1782 
f 1783 1784 1755 
f 1747 1752 1787 
f 1752 1750 1786 
f 1787 1786 1785 
f 1786 1787 1752 
f 1747 1787 1783 
f 1787 1785 1788 
f 1783 1788 1782 
f 1788 1783 1787 
f 923 927 1791 
f 927 691 1790 
f 1791 1790 1789 
f 1790 1791 927 
f 923 1791 1794 
f 1791 1789 1793 
f 1794 1793 1792 
f 1793 1794 1791 
f 923 1794 1452 
f 1794 1792 1795 
f 1452 1795 1449 
f 1795 1452 1794 
f 1488 1493 1798 
f 1493 1491 1797 
f 1798 1797 1796 
f 1797 1798 1493 
f 1488 1798 1801 
f 1798 1796 1800 
f 1801 1800 1799 
f 1800 1801 1798 
f 1488 1801 1501 
f 1801 1799 1802 
f 1501 1802 1498 
f 1802 1501 1801 
f 985 1124 1805 
f 1124 1121 1804 
f 1805 1804 1803 
f 1804 1805 1124 
f 971 988 1808 
f 988 985 1807 
f 1808 1807 1806 
f 1807 1808 988 
f 985 1805 1807 
f 1805 1803 1809 
f 1807 1809 1806 
f 1809 1807 1805 
f 1810 1811 1812 
f 1811 1516 1529 
f 1812 1529 1526 
f 1529 1812 1811 
f 1516 1811 1815 
f 1811 1810 1814 
f 1815 1814 1813 
f 1814 1815 1811 
f 1519 1522 1816 
f 1522 1516 1815 
f 1816 1815 1813 
f 1815 1816 1522 
f 701 921 1819 
f 921 918 1818 
f 1819 1818 1817 
f 1818 1819 921 
f 1817 1818 1822 
f 1818 918 1821 
f 1822 1821 1820 
f 1821 1822 1818 
f 1820 1821 1823 
f 1821 918 1356 
f 1823 1356 1354 
f 1356 1823 1821 
f 1705 1710 1826 
f 1710 1708 1825 
f 1826 1825 1824 
f 1825 1826 1710 
f 1705 1826 1829 
f 1826 1824 1828 
f 1829 1828 1827 
f 1828 1829 1826 
f 1705 1829 1718 
f 1829 1827 1830 
f 1718 1830 1715 
f 1830 1718 1829 
f 1824 1825 1833 
f 1825 1708 1832 
f 1833 1832 1831 
f 1832 1833 1825 
f 1831 1832 1836 
f 1832 1708 1835 
f 1836 1835 1834 
f 1835 1836 1832 
f 1834 1835 1837 
f 1835 1708 1711 
f 1837 1711 1677 
f 1711 1837 1835 
f 1396 1397 1840 
f 1397 1393 1839 
f 1840 1839 1838 
f 1839 1840 1397 
f 1838 1839 1843 
f 1839 1393 1842 
f 1843 1842 1841 
f 1842 1843 1839 
f 1393 1777 1842 
f 1777 1775 1844 
f 1842 1844 1841 
f 1844 1842 1777 
f 1396 1840 1847 
f 1840 1838 1846 
f 1847 1846 1845 
f 1846 1847 1840 
f 1396 1847 1850 
f 1847 1845 1849 
f 1850 1849 1848 
f 1849 1850 1847 
f 1396 1850 1399 
f 1850 1848 1851 
f 1399 1851 1375 
f 1851 1399 1850 
f 1207 1853 1224 
f 1853 1852 1854 
f 1224 1854 1221 
f 1854 1224 1853 
f 1852 1853 1857 
f 1853 1207 1856 
f 1857 1856 1855 
f 1856 1857 1853 
f 1207 1210 1856 
f 1210 1156 1858 
f 1856 1858 1855 
f 1858 1856 1210 
f 1845 1846 1861 
f 1846 1838 1860 
f 1861 1860 1859 
f 1860 1861 1846 
f 1838 1843 1864 
f 1843 1841 1863 
f 1864 1863 1862 
f 1863 1864 1843 
f 1838 1864 1860 
f 1864 1862 1865 
f 1860 1865 1859 
f 1865 1860 1864 
f 1848 1849 1868 
f 1849 1845 1867 
f 1868 1867 1866 
f 1867 1868 1849 
f 1866 1867 1871 
f 1867 1845 1870 
f 1871 1870 1869 
f 1870 1871 1867 
f 1869 1870 1872 
f 1870 1845 1861 
f 1872 1861 1859 
f 1861 1872 1870 
f 1481 1486 1875 
f 1486 1484 1874 
f 1875 1874 1873 
f 1874 1875 1486 
f 1628 1629 1878 
f 1629 1481 1877 
f 1878 1877 1876 
f 1877 1878 1629 
f 1481 1875 1877 
f 1875 1873 1879 
f 1877 1879 1876 
f 1879 1877 1875 
f 1873 1874 1882 
f 1874 1484 1881 
f 1882 1881 1880 
f 1881 1882 1874 
f 1880 1881 1885 
f 1881 1484 1884 
f 1885 1884 1883 
f 1884 1885 1881 
f 1883 1884 1886 
f 1884 1484 1487 
f 1886 1487 1190 
f 1487 1886 1884 
f 1736 1737 1889 
f 1737 1733 1888 
f 1889 1888 1887 
f 1888 1889 1737 
f 1733 1770 1892 
f 1770 1768 1891 
f 1892 1891 1890 
f 1891 1892 1770 
f 1733 1892 1888 
f 1892 1890 1893 
f 1888 1893 1887 
f 1893 1888 1892 
f 1691 1739 1896 
f 1739 1736 1895 
f 1896 1895 1894 
f 1895 1896 1739 
f 1736 1889 1899 
f 1889 1887 1898 
f 1899 1898 1897 
f 1898 1899 1889 
f 1736 1899 1895 
f 1899 1897 1900 
f 1895 1900 1894 
f 1900 1895 1899 
f 1631 1632 1903 
f 1632 1628 1902 
f 1903 1902 1901 
f 1902 1903 1632 
f 1901 1902 1906 
f 1902 1628 1905 
f 1906 1905 1904 
f 1905 1906 1902 
f 1904 1905 1907 
f 1905 1628 1878 
f 1907 1878 1876 
f 1878 1907 1905 
f 1631 1903 1910 
f 1903 1901 1909 
f 1910 1909 1908 
f 1909 1910 1903 
f 1631 1910 1913 
f 1910 1908 1912 
f 1913 1912 1911 
f 1912 1913 1910 
f 1631 1913 1634 
f 1913 1911 1914 
f 1634 1914 1438 
f 1914 1634 1913 
f 1915 1917 1919 
f 1917 1456 1918 
f 1919 1918 1916 
f 1918 1919 1917 
f 1456 1917 1641 
f 1917 1915 1920 
f 1641 1920 1638 
f 1920 1641 1917 
f 1921 1922 1923 
f 1922 1456 1459 
f 1923 1459 1449 
f 1459 1923 1922 
f 1456 1922 1918 
f 1922 1921 1924 
f 1918 1924 1916 
f 1924 1918 1922 
f 1561 1564 1927 
f 1564 1547 1926 
f 1927 1926 1925 
f 1926 1927 1564 
f 1547 1550 1930 
f 1550 1533 1929 
f 1930 1929 1928 
f 1929 1930 1550 
f 1547 1930 1926 
f 1930 1928 1931 
f 1926 1931 1925 
f 1931 1926 1930 
f 1932 1934 1936 
f 1934 1128 1935 
f 1936 1935 1933 
f 1935 1936 1934 
f 1128 1934 1145 
f 1934 1932 1937 
f 1145 1937 1142 
f 1937 1145 1934 
f 1933 1935 1940 
f 1935 1128 1939 
f 1940 1939 1938 
f 1939 1940 1935 
f 1128 1131 1939 
f 1131 1111 1941 
f 1939 1941 1938 
f 1941 1939 1131 
f 1768 1773 1944 
f 1773 1771 1943 
f 1944 1943 1942 
f 1943 1944 1773 
f 1890 1891 1947 
f 1891 1768 1946 
f 1947 1946 1945 
f 1946 1947 1891 
f 1945 1946 1948 
f 1946 1768 1944 
f 1948 1944 1942 
f 1944 1948 1946 
f 1873 1882 1951 
f 1882 1880 1950 
f 1951 1950 1949 
f 1950 1951 1882 
f 1873 1951 1954 
f 1951 1949 1953 
f 1954 1953 1952 
f 1953 1954 1951 
f 1873 1954 1879 
f 1954 1952 1955 
f 1879 1955 1876 
f 1955 1879 1954 
f 1880 1885 1958 
f 1885 1883 1957 
f 1958 1957 1956 
f 1957 1958 1885 
f 1880 1958 1961 
f 1958 1956 1960 
f 1961 1960 1959 
f 1960 1961 1958 
f 1949 1950 1962 
f 1950 1880 1961 
f 1962 1961 1959 
f 1961 1962 1950 
f 1666 1964 1681 
f 1964 1963 1965 
f 1681 1965 1680 
f 1965 1681 1964 
f 1963 1964 1968 
f 1964 1666 1967 
f 1968 1967 1966 
f 1967 1968 1964 
f 1666 1669 1967 
f 1669 1652 1969 
f 1967 1969 1966 
f 1969 1967 1669 
f 1970 1971 1972 
f 1971 1235 1238 
f 1972 1238 1221 
f 1238 1972 1971 
f 1235 1971 1975 
f 1971 1970 1974 
f 1975 1974 1973 
f 1974 1975 1971 
f 1249 1252 1976 
f 1252 1235 1975 
f 1976 1975 1973 
f 1975 1976 1252 
f 1757 1758 1979 
f 1758 1754 1978 
f 1979 1978 1977 
f 1978 1979 1758 
f 1977 1978 1982 
f 1978 1754 1981 
f 1982 1981 1980 
f 1981 1982 1978 
f 1980 1981 1983 
f 1981 1754 1784 
f 1983 1784 1782 
f 1784 1983 1981 
f 1757 1979 1986 
f 1979 1977 1985 
f 1986 1985 1984 
f 1985 1986 1979 
f 1757 1986 1989 
f 1986 1984 1988 
f 1989 1988 1987 
f 1988 1989 1986 
f 1757 1989 1760 
f 1989 1987 1990 
f 1760 1990 1586 
f 1990 1760 1989 
f 1775 1780 1993 
f 1780 1778 1992 
f 1993 1992 1991 
f 1992 1993 1780 
f 1775 1993 1995 
f 1993 1991 1994 
f 1995 1994 858 
f 1994 1995 1993 
f 1775 1995 1844 
f 1995 858 1996 
f 1844 1996 1841 
f 1996 1844 1995 
f 1824 1833 1999 
f 1833 1831 1998 
f 1999 1998 1997 
f 1998 1999 1833 
f 1827 1828 2002 
f 1828 1824 2001 
f 2002 2001 2000 
f 2001 2002 1828 
f 2000 2001 2003 
f 2001 1824 1999 
f 2003 1999 1997 
f 1999 2003 2001 
f 1831 1836 2006 
f 1836 1834 2005 
f 2006 2005 2004 
f 2005 2006 1836 
f 1831 2006 2009 
f 2006 2004 2008 
f 2009 2008 2007 
f 2008 2009 2006 
f 1997 1998 2010 
f 1998 1831 2009 
f 2010 2009 2007 
f 2009 2010 1998 
f 715 915 2013 
f 915 913 2012 
f 2013 2012 2011 
f 2012 2013 915 
f 854 855 2014 
f 855 715 2013 
f 2014 2013 2011 
f 2013 2014 855 
f 1942 1943 2017 
f 1943 1771 2016 
f 2017 2016 2015 
f 2016 2017 1943 
f 2015 2016 2020 
f 2016 1771 2019 
f 2020 2019 2018 
f 2019 2020 2016 
f 1771 1774 2019 
f 1774 1715 2021 
f 2019 2021 2018 
f 2021 2019 1774 
f 1848 1868 2023 
f 1868 1866 2022 
f 2023 2022 1963 
f 2022 2023 1868 
f 1848 2023 2025 
f 2023 1963 2024 
f 2025 2024 1389 
f 2024 2025 2023 
f 1375 1851 1392 
f 1851 1848 2025 
f 1392 2025 1389 
f 2025 1392 1851 
f 1866 1871 2027 
f 1871 1869 2026 
f 2027 2026 2004 
f 2026 2027 1871 
f 1963 2022 2030 
f 2022 1866 2029 
f 2030 2029 2028 
f 2029 2030 2022 
f 1866 2027 2029 
f 2027 2004 2031 
f 2029 2031 2028 
f 2031 2029 2027 
f 2004 2026 2034 
f 2026 1869 2033 
f 2034 2033 2032 
f 2033 2034 2026 
f 2032 2033 2036 
f 2033 1869 2035 
f 2036 2035 606 
f 2035 2036 2033 
f 606 2035 2037 
f 2035 1869 1872 
f 2037 1872 1859 
f 1872 2037 2035 
f 1890 1947 2039 
f 1947 1945 2038 
f 2039 2038 898 
f 2038 2039 1947 
f 1890 2039 2041 
f 2039 898 2040 
f 2041 2040 757 
f 2040 2041 2039 
f 1890 2041 1893 
f 2041 757 2042 
f 1893 2042 1887 
f 2042 1893 2041 
f 898 2038 901 
f 2038 1945 2043 
f 901 2043 899 
f 2043 901 2038 
f 899 2043 2045 
f 2043 1945 2044 
f 2045 2044 795 
f 2044 2045 2043 
f 795 2044 2046 
f 2044 1945 1948 
f 2046 1948 1942 
f 1948 2046 2044 
f 1991 1992 2049 
f 1992 1778 2048 
f 2049 2048 2047 
f 2048 2049 1992 
f 2047 2048 2051 
f 2048 1778 2050 
f 2051 2050 1607 
f 2050 2051 2048 
f 1778 1781 2050 
f 1781 1090 1609 
f 2050 1609 1607 
f 1609 2050 1781 
f 1614 1615 2054 
f 1615 1340 2053 
f 2054 2053 2052 
f 2053 2054 1615 
f 2052 2053 2056 
f 2053 1340 2055 
f 2056 2055 1729 
f 2055 2056 2053 
f 1340 1343 2055 
f 1343 1337 1732 
f 2055 1732 1729 
f 1732 2055 1343 
f 1614 2054 2059 
f 2054 2052 2058 
f 2059 2058 2057 
f 2058 2059 2054 
f 1617 1618 2062 
f 1618 1614 2061 
f 2062 2061 2060 
f 2061 2062 1618 
f 2060 2061 2063 
f 2061 1614 2059 
f 2063 2059 2057 
f 2059 2063 2061 
f 2057 2058 2065 
f 2058 2052 2064 
f 2065 2064 637 
f 2064 2065 2058 
f 637 2064 2068 
f 2064 2052 2067 
f 2068 2067 2066 
f 2067 2068 2064 
f 2052 2056 2067 
f 2056 1729 2069 
f 2067 2069 2066 
f 2069 2067 2056 
f 1617 2062 2072 
f 2062 2060 2071 
f 2072 2071 2070 
f 2071 2072 2062 
f 1617 2072 2074 
f 2072 2070 2073 
f 2074 2073 1298 
f 2073 2074 2072 
f 1295 1620 1299 
f 1620 1617 2074 
f 1299 2074 1298 
f 2074 1299 1620 
f 2070 2071 2077 
f 2071 2060 2076 
f 2077 2076 2075 
f 2076 2077 2071 
f 2075 2076 2079 
f 2076 2060 2078 
f 2079 2078 830 
f 2078 2079 2076 
f 830 2078 2080 
f 2078 2060 2063 
f 2080 2063 2057 
f 2063 2080 2078 
f 2070 2077 2083 
f 2077 2075 2082 
f 2083 2082 2081 
f 2082 2083 2077 
f 2070 2083 2086 
f 2083 2081 2085 
f 2086 2085 2084 
f 2085 2086 2083 
f 2070 2086 2073 
f 2086 2084 2087 
f 2073 2087 1298 
f 2087 2073 2086 
f 1407 1623 2089 
f 1623 1621 2088 
f 2089 2088 1970 
f 2088 2089 1623 
f 1407 2089 2091 
f 2089 1970 2090 
f 2091 2090 1852 
f 2090 2091 2089 
f 1407 2091 1411 
f 2091 1852 2092 
f 1411 2092 1410 
f 2092 1411 2091 
f 681 685 2094 
f 685 682 2093 
f 2094 2093 1114 
f 2093 2094 685 
f 681 2094 953 
f 2094 1114 1117 
f 953 1117 950 
f 1117 953 2094 
f 1624 1625 2095 
f 1625 695 699 
f 2095 699 696 
f 699 2095 1625 
f 1624 2095 2098 
f 2095 696 2097 
f 2098 2097 2096 
f 2097 2098 2095 
f 1624 2098 2101 
f 2098 2096 2100 
f 2101 2100 2099 
f 2100 2101 2098 
f 1624 2101 1627 
f 2101 2099 2102 
f 1627 2102 1621 
f 2102 1627 2101 
f 701 1819 704 
f 1819 1817 2103 
f 704 2103 702 
f 2103 704 1819 
f 1817 1822 2106 
f 1822 1820 2105 
f 2106 2105 2104 
f 2105 2106 1822 
f 702 2103 2109 
f 2103 1817 2108 
f 2109 2108 2107 
f 2108 2109 2103 
f 1817 2106 2108 
f 2106 2104 2110 
f 2108 2110 2107 
f 2110 2108 2106 
f 1820 2113 2115 
f 2113 2111 2114 
f 2115 2114 2112 
f 2114 2115 2113 
f 2111 2113 2116 
f 2113 1820 1823 
f 2116 1823 1354 
f 1823 2116 2113 
f 2104 2105 2117 
f 2105 1820 2115 
f 2117 2115 2112 
f 2115 2117 2105 
f 1789 1790 2120 
f 1790 691 2119 
f 2120 2119 2118 
f 2119 2120 1790 
f 2118 2119 2121 
f 2119 691 694 
f 2121 694 688 
f 694 2121 2119 
f 1792 1793 2124 
f 1793 1789 2123 
f 2124 2123 2122 
f 2123 2124 1793 
f 1789 2120 2127 
f 2120 2118 2126 
f 2127 2126 2125 
f 2126 2127 2120 
f 1789 2127 2123 
f 2127 2125 2128 
f 2123 2128 2122 
f 2128 2123 2127 
f 1792 2124 2131 
f 2124 2122 2130 
f 2131 2130 2129 
f 2130 2131 2124 
f 1792 2131 2133 
f 2131 2129 2132 
f 2133 2132 1921 
f 2132 2133 2131 
f 1792 2133 1795 
f 2133 1921 1923 
f 1795 1923 1449 
f 1923 1795 2133 
f 1908 1909 2136 
f 1909 1901 2135 
f 2136 2135 2134 
f 2135 2136 1909 
f 1901 1906 2138 
f 1906 1904 2137 
f 2138 2137 816 
f 2137 2138 1906 
f 2134 2135 2139 
f 2135 1901 2138 
f 2139 2138 816 
f 2138 2139 2135 
f 1911 1912 2142 
f 1912 1908 2141 
f 2142 2141 2140 
f 2141 2142 1912 
f 2140 2141 2145 
f 2141 1908 2144 
f 2145 2144 2143 
f 2144 2145 2141 
f 2143 2144 2146 
f 2144 1908 2136 
f 2146 2136 2134 
f 2136 2146 2144 
f 1750 1753 2147 
f 1753 1561 1927 
f 2147 1927 1925 
f 1927 2147 1753 
f 1750 2147 2149 
f 2147 1925 2148 
f 2149 2148 1359 
f 2148 2149 2147 
f 1785 1786 2150 
f 1786 1750 2149 
f 2150 2149 1359 
f 2149 2150 1786 
f 1796 1797 2152 
f 1797 1491 2151 
f 2152 2151 2112 
f 2151 2152 1797 
f 1491 1494 2153 
f 1494 1319 1480 
f 2153 1480 1477 
f 1480 2153 1494 
f 1491 2153 2151 
f 2153 1477 2154 
f 2151 2154 2112 
f 2154 2151 2153 
f 1911 2142 2157 
f 2142 2140 2156 
f 2157 2156 2155 
f 2156 2157 2142 
f 1911 2157 2159 
f 2157 2155 2158 
f 2159 2158 1167 
f 2158 2159 2157 
f 1438 1914 2160 
f 1914 1911 2159 
f 2160 2159 1167 
f 2159 2160 1914 
f 2140 2145 2163 
f 2145 2143 2162 
f 2163 2162 2161 
f 2162 2163 2145 
f 2140 2163 2166 
f 2163 2161 2165 
f 2166 2165 2164 
f 2165 2166 2163 
f 2140 2166 2156 
f 2166 2164 2167 
f 2156 2167 2155 
f 2167 2156 2166 
f 2161 2162 2170 
f 2162 2143 2169 
f 2170 2169 2168 
f 2169 2170 2162 
f 2168 2169 2172 
f 2169 2143 2171 
f 2172 2171 647 
f 2171 2172 2169 
f 647 2171 2173 
f 2171 2143 2146 
f 2173 2146 2134 
f 2146 2173 2171 
f 2164 2165 2176 
f 2165 2161 2175 
f 2176 2175 2174 
f 2175 2176 2165 
f 2174 2175 2179 
f 2175 2161 2178 
f 2179 2178 2177 
f 2178 2179 2175 
f 2161 2170 2178 
f 2170 2168 2180 
f 2178 2180 2177 
f 2180 2178 2170 
f 2164 2176 2183 
f 2176 2174 2182 
f 2183 2182 2181 
f 2182 2183 2176 
f 2164 2183 2186 
f 2183 2181 2185 
f 2186 2185 2184 
f 2185 2186 2183 
f 2164 2186 2167 
f 2186 2184 2187 
f 2167 2187 2155 
f 2187 2167 2186 
f 2181 2182 2190 
f 2182 2174 2189 
f 2190 2189 2188 
f 2189 2190 2182 
f 2188 2189 2193 
f 2189 2174 2192 
f 2193 2192 2191 
f 2192 2193 2189 
f 2191 2192 2194 
f 2192 2174 2179 
f 2194 2179 2177 
f 2179 2194 2192 
f 2181 2190 2197 
f 2190 2188 2196 
f 2197 2196 2195 
f 2196 2197 2190 
f 2184 2185 2200 
f 2185 2181 2199 
f 2200 2199 2198 
f 2199 2200 2185 
f 2198 2199 2201 
f 2199 2181 2197 
f 2201 2197 2195 
f 2197 2201 2199 
f 2188 2193 2204 
f 2193 2191 2203 
f 2204 2203 2202 
f 2203 2204 2193 
f 2188 2204 2206 
f 2204 2202 2205 
f 2206 2205 1069 
f 2205 2206 2204 
f 2188 2206 2196 
f 2206 1069 2207 
f 2196 2207 2195 
f 2207 2196 2206 
f 2202 2203 2210 
f 2203 2191 2209 
f 2210 2209 2208 
f 2209 2210 2203 
f 2208 2209 2213 
f 2209 2191 2212 
f 2213 2212 2211 
f 2212 2213 2209 
f 2211 2212 2214 
f 2212 2191 2194 
f 2214 2194 2177 
f 2194 2214 2212 
f 2202 2210 2217 
f 2210 2208 2216 
f 2217 2216 2215 
f 2216 2217 2210 
f 2202 2217 2220 
f 2217 2215 2219 
f 2220 2219 2218 
f 2219 2220 2217 
f 2202 2220 2205 
f 2220 2218 2221 
f 2205 2221 1069 
f 2221 2205 2220 
f 2215 2216 2224 
f 2216 2208 2223 
f 2224 2223 2222 
f 2223 2224 2216 
f 2208 2213 2226 
f 2213 2211 2225 
f 2226 2225 809 
f 2225 2226 2213 
f 2208 2226 2223 
f 2226 809 2227 
f 2223 2227 2222 
f 2227 2223 2226 
f 2218 2219 2230 
f 2219 2215 2229 
f 2230 2229 2228 
f 2229 2230 2219 
f 2228 2229 2233 
f 2229 2215 2232 
f 2233 2232 2231 
f 2232 2233 2229 
f 2231 2232 2234 
f 2232 2215 2224 
f 2234 2224 2222 
f 2224 2234 2232 
f 1474 1475 2237 
f 1475 1312 2236 
f 2237 2236 2235 
f 2236 2237 1475 
f 1312 1315 2238 
f 1315 1277 1469 
f 2238 1469 1467 
f 1469 2238 1315 
f 1312 2238 2236 
f 2238 1467 2239 
f 2236 2239 2235 
f 2239 2236 2238 
f 588 597 2242 
f 597 593 2241 
f 2242 2241 2240 
f 2241 2242 597 
f 593 2243 2241 
f 2243 118 2244 
f 2241 2244 2240 
f 2244 2241 2243 
f 118 2243 124 
f 2243 593 598 
f 124 598 18 
f 598 124 2243 
f 237 247 2247 
f 247 243 2246 
f 2247 2246 2245 
f 2246 2247 247 
f 237 2248 241 
f 2248 114 123 
f 241 123 22 
f 123 241 2248 
f 114 2248 2249 
f 2248 237 2247 
f 2249 2247 2245 
f 2247 2249 2248 
f 1799 1800 2252 
f 1800 1796 2251 
f 2252 2251 2250 
f 2251 2252 1800 
f 2250 2251 2254 
f 2251 1796 2253 
f 2254 2253 2111 
f 2253 2254 2251 
f 2111 2253 2114 
f 2253 1796 2152 
f 2114 2152 2112 
f 2152 2114 2253 
f 2004 2005 2031 
f 2005 1834 2255 
f 2031 2255 2028 
f 2255 2031 2005 
f 1834 1837 2256 
f 1837 1677 1683 
f 2256 1683 1680 
f 1683 2256 1837 
f 1834 2256 2255 
f 2256 1680 2257 
f 2255 2257 2028 
f 2257 2255 2256 
f 1740 2258 1745 
f 2258 931 946 
f 1745 946 943 
f 946 1745 2258 
f 931 2258 934 
f 2258 1740 2259 
f 934 2259 688 
f 2259 934 2258 
f 682 687 2261 
f 687 678 2260 
f 2261 2260 1938 
f 2260 2261 687 
f 678 1413 2263 
f 1413 1410 2262 
f 2263 2262 1933 
f 2262 2263 1413 
f 678 2263 2260 
f 2263 1933 1940 
f 2260 1940 1938 
f 1940 2260 2263 
f 2184 2200 2265 
f 2200 2198 2264 
f 2265 2264 1803 
f 2264 2265 2200 
f 2155 2187 2267 
f 2187 2184 2266 
f 2267 2266 1164 
f 2266 2267 2187 
f 1164 2266 2268 
f 2266 2184 2265 
f 2268 2265 1803 
f 2265 2268 2266 
f 1977 1982 2270 
f 1982 1980 2269 
f 2270 2269 781 
f 2269 2270 1982 
f 1984 1985 2272 
f 1985 1977 2271 
f 2272 2271 619 
f 2271 2272 1985 
f 1977 2270 2271 
f 2270 781 2273 
f 2271 2273 619 
f 2273 2271 2270 
f 913 917 2275 
f 917 39 2274 
f 2275 2274 784 
f 2274 2275 917 
f 913 2276 2012 
f 2276 1980 2277 
f 2012 2277 2011 
f 2277 2012 2276 
f 1980 2276 2278 
f 2276 913 2275 
f 2278 2275 784 
f 2275 2278 2276 
f 1827 2002 2280 
f 2002 2000 2279 
f 2280 2279 722 
f 2279 2280 2002 
f 1715 1830 2021 
f 1830 1827 2281 
f 2021 2281 2018 
f 2281 2021 1830 
f 2018 2281 2282 
f 2281 1827 2280 
f 2282 2280 722 
f 2280 2282 2281 
f 2000 2003 2284 
f 2003 1997 2283 
f 2284 2283 879 
f 2283 2284 2003 
f 2000 2285 2286 
f 2285 552 562 
f 2286 562 558 
f 562 2286 2285 
f 552 2285 880 
f 2285 2000 2284 
f 880 2284 879 
f 2284 880 2285 
f 2000 2286 2279 
f 2286 558 724 
f 2279 724 722 
f 724 2279 2286 
f 1382 1383 2288 
f 1383 1379 2287 
f 2288 2287 1916 
f 2287 2288 1383 
f 1379 1388 2290 
f 1388 1386 2289 
f 2290 2289 1915 
f 2289 2290 1388 
f 1379 2290 2287 
f 2290 1915 1919 
f 2287 1919 1916 
f 1919 2287 2290 
f 784 2274 787 
f 2274 39 41 
f 787 41 36 
f 41 787 2274 
f 2129 2291 2132 
f 2291 1382 2292 
f 2132 2292 1921 
f 2292 2132 2291 
f 1382 2291 1385 
f 2291 2129 2293 
f 1385 2293 1083 
f 2293 1385 2291 
f 1921 2292 1924 
f 2292 1382 2288 
f 1924 2288 1916 
f 2288 1924 2292 
f 2011 2277 2294 
f 2277 1980 1983 
f 2294 1983 1782 
f 1983 2294 2277 
f 1980 2278 2269 
f 2278 784 786 
f 2269 786 781 
f 786 2269 2278 
f 2168 2172 2295 
f 2172 647 652 
f 2295 652 650 
f 652 2295 2172 
f 2177 2180 2298 
f 2180 2168 2297 
f 2298 2297 2296 
f 2297 2298 2180 
f 2296 2297 2299 
f 2297 2168 2295 
f 2299 2295 650 
f 2295 2299 2297 
f 2081 2082 2301 
f 2082 2075 2300 
f 2301 2300 738 
f 2300 2301 2082 
f 2075 2079 2302 
f 2079 830 835 
f 2302 835 833 
f 835 2302 2079 
f 738 2300 2303 
f 2300 2075 2302 
f 2303 2302 833 
f 2302 2303 2300 
f 2084 2085 2306 
f 2085 2081 2305 
f 2306 2305 2304 
f 2305 2306 2085 
f 2304 2305 2308 
f 2305 2081 2307 
f 2308 2307 733 
f 2307 2308 2305 
f 733 2307 739 
f 2307 2081 2301 
f 739 2301 738 
f 2301 739 2307 
f 2309 2310 2311 
f 2310 708 1466 
f 2311 1466 1463 
f 1466 2311 2310 
f 708 2310 712 
f 2310 2309 2312 
f 712 2312 711 
f 2312 712 2310 
f 1956 1957 2314 
f 1957 1883 2313 
f 2314 2313 1431 
f 2313 2314 1957 
f 1883 1886 2315 
f 1886 1190 1203 
f 2315 1203 1200 
f 1203 2315 1886 
f 1883 2315 2313 
f 2315 1200 1434 
f 2313 1434 1431 
f 1434 2313 2315 
f 2316 2317 2318 
f 2317 1956 2314 
f 2318 2314 1431 
f 2314 2318 2317 
f 1956 2317 2321 
f 2317 2316 2320 
f 2321 2320 2319 
f 2320 2321 2317 
f 1959 1960 2322 
f 1960 1956 2321 
f 2322 2321 2319 
f 2321 2322 1960 
f 809 2225 813 
f 2225 2211 2323 
f 813 2323 812 
f 2323 813 2225 
f 2211 2214 2324 
f 2214 2177 2298 
f 2324 2298 2296 
f 2298 2324 2214 
f 2211 2324 2323 
f 2324 2296 2325 
f 2323 2325 812 
f 2325 2323 2324 
f 774 775 2327 
f 775 32 2326 
f 2327 2326 908 
f 2326 2327 775 
f 32 43 2326 
f 43 3 910 
f 2326 910 908 
f 910 2326 43 
f 777 778 2330 
f 778 774 2329 
f 2330 2329 2328 
f 2329 2330 778 
f 2328 2329 2332 
f 2329 774 2331 
f 2332 2331 2309 
f 2331 2332 2329 
f 2309 2331 2333 
f 2331 774 2327 
f 2333 2327 908 
f 2327 2333 2331 
f 777 2330 2336 
f 2330 2328 2335 
f 2336 2335 2334 
f 2335 2336 2330 
f 777 2336 2338 
f 2336 2334 2337 
f 2338 2337 599 
f 2337 2338 2336 
f 59 780 600 
f 780 777 2338 
f 600 2338 599 
f 2338 600 780 
f 1987 1988 2341 
f 1988 1984 2340 
f 2341 2340 2339 
f 2340 2341 1988 
f 2339 2340 2343 
f 2340 1984 2342 
f 2343 2342 616 
f 2342 2343 2340 
f 1984 2272 2342 
f 2272 619 622 
f 2342 622 616 
f 622 2342 2272 
f 1987 2341 2346 
f 2341 2339 2345 
f 2346 2345 2344 
f 2345 2346 2341 
f 1987 2346 2348 
f 2346 2344 2347 
f 2348 2347 1594 
f 2347 2348 2346 
f 1586 1990 1599 
f 1990 1987 2348 
f 1599 2348 1594 
f 2348 1599 1990 
f 2344 2345 2350 
f 2345 2339 2349 
f 2350 2349 764 
f 2349 2350 2345 
f 764 2349 770 
f 2349 2339 2351 
f 770 2351 769 
f 2351 770 2349 
f 2339 2343 2351 
f 2343 616 2352 
f 2351 2352 769 
f 2352 2351 2343 
f 2344 2350 2355 
f 2350 764 2354 
f 2355 2354 2353 
f 2354 2355 2350 
f 2344 2355 2358 
f 2355 2353 2357 
f 2358 2357 2356 
f 2357 2358 2355 
f 2344 2358 2347 
f 2358 2356 2359 
f 2347 2359 1594 
f 2359 2347 2358 
f 1799 2252 2361 
f 2252 2250 2360 
f 2361 2360 1928 
f 2360 2361 2252 
f 1498 1802 1536 
f 1802 1799 2362 
f 1536 2362 1533 
f 2362 1536 1802 
f 1533 2362 1929 
f 2362 1799 2361 
f 1929 2361 1928 
f 2361 1929 2362 
f 2084 2306 2364 
f 2306 2304 2363 
f 2364 2363 1403 
f 2363 2364 2306 
f 1298 2087 1301 
f 2087 2084 2365 
f 1301 2365 1284 
f 2365 1301 2087 
f 1284 2365 1404 
f 2365 2084 2364 
f 1404 2364 1403 
f 2364 1404 2365 
f 2304 2308 2368 
f 2308 733 2367 
f 2368 2367 2366 
f 2367 2368 2308 
f 2304 2368 2371 
f 2368 2366 2370 
f 2371 2370 2369 
f 2370 2371 2368 
f 2304 2371 2363 
f 2371 2369 2372 
f 2363 2372 1403 
f 2372 2363 2371 
f 854 2014 2374 
f 2014 2011 2373 
f 2374 2373 1785 
f 2373 2374 2014 
f 854 2374 2375 
f 2374 1785 2150 
f 2375 2150 1359 
f 2150 2375 2374 
f 854 2375 857 
f 2375 1359 1364 
f 857 1364 851 
f 1364 857 2375 
f 1915 2289 2377 
f 2289 1386 2376 
f 2377 2376 1652 
f 2376 2377 2289 
f 1652 2376 1969 
f 2376 1386 2378 
f 1969 2378 1966 
f 2378 1969 2376 
f 1386 1391 2378 
f 1391 1389 2379 
f 2378 2379 1966 
f 2379 2378 1391 
f 1991 2049 2381 
f 2049 2047 2380 
f 2381 2380 630 
f 2380 2381 2049 
f 858 1994 2383 
f 1994 1991 2382 
f 2383 2382 633 
f 2382 2383 1994 
f 1991 2381 2382 
f 2381 630 636 
f 2382 636 633 
f 636 2382 2381 
f 2047 2385 2380 
f 2385 2384 2386 
f 2380 2386 630 
f 2386 2380 2385 
f 2384 2385 2389 
f 2385 2047 2388 
f 2389 2388 2387 
f 2388 2389 2385 
f 2387 2388 2390 
f 2388 2047 2051 
f 2390 2051 1607 
f 2051 2390 2388 
f 2222 2227 2392 
f 2227 809 2391 
f 2392 2391 672 
f 2391 2392 2227 
f 809 811 2391 
f 811 453 677 
f 2391 677 672 
f 677 2391 811 
f 2096 2097 2395 
f 2097 696 2394 
f 2395 2394 2393 
f 2394 2395 2097 
f 2393 2394 2396 
f 2394 696 707 
f 2396 707 702 
f 707 2396 2394 
f 2099 2100 2398 
f 2100 2096 2397 
f 2398 2397 1470 
f 2397 2398 2100 
f 2096 2395 2400 
f 2395 2393 2399 
f 2400 2399 2235 
f 2399 2400 2395 
f 1467 2401 2239 
f 2401 2096 2400 
f 2239 2400 2235 
f 2400 2239 2401 
f 2096 2401 2397 
f 2401 1467 1472 
f 2397 1472 1470 
f 1472 2397 2401 
f 2125 2126 2403 
f 2126 2118 2402 
f 2403 2402 1740 
f 2402 2403 2126 
f 1740 2402 2259 
f 2402 2118 2121 
f 2259 2121 688 
f 2121 2259 2402 
f 2125 2403 2404 
f 2403 1740 1744 
f 2404 1744 1741 
f 1744 2404 2403 
f 2125 2404 2406 
f 2404 1741 2405 
f 2406 2405 1442 
f 2405 2406 2404 
f 2122 2128 2407 
f 2128 2125 2406 
f 2407 2406 1442 
f 2406 2407 2128 
f 2334 2335 2409 
f 2335 2328 2408 
f 2409 2408 1761 
f 2408 2409 2335 
f 2328 2332 2411 
f 2332 2309 2410 
f 2411 2410 1764 
f 2410 2411 2332 
f 1761 2408 1765 
f 2408 2328 2411 
f 1765 2411 1764 
f 2411 1765 2408 
f 599 2337 2414 
f 2337 2334 2413 
f 2414 2413 2412 
f 2413 2414 2337 
f 2412 2413 2417 
f 2413 2334 2416 
f 2417 2416 2415 
f 2416 2417 2413 
f 2415 2416 2418 
f 2416 2334 2409 
f 2418 2409 1761 
f 2409 2418 2416 
f 1952 1953 2420 
f 1953 1949 2419 
f 2420 2419 399 
f 2419 2420 1953 
f 399 2419 655 
f 2419 1949 2421 
f 655 2421 654 
f 2421 655 2419 
f 1949 1962 2421 
f 1962 1959 2422 
f 2421 2422 654 
f 2422 2421 1962 
f 2218 2230 2424 
f 2230 2228 2423 
f 2424 2423 1104 
f 2423 2424 2230 
f 1069 2221 1071 
f 2221 2218 2425 
f 1071 2425 1020 
f 2425 1071 2221 
f 1020 2425 1107 
f 2425 2218 2424 
f 1107 2424 1104 
f 2424 1107 2425 
f 2228 2233 2428 
f 2233 2231 2427 
f 2428 2427 2426 
f 2427 2428 2233 
f 2228 2428 2430 
f 2428 2426 2429 
f 2430 2429 1101 
f 2429 2430 2428 
f 2228 2430 2423 
f 2430 1101 1106 
f 2423 1106 1104 
f 1106 2423 2430 
f 2426 2427 2433 
f 2427 2231 2432 
f 2433 2432 2431 
f 2432 2433 2427 
f 2431 2432 2435 
f 2432 2231 2434 
f 2435 2434 671 
f 2434 2435 2432 
f 671 2434 2436 
f 2434 2231 2234 
f 2436 2234 2222 
f 2234 2436 2434 
f 2426 2433 2439 
f 2433 2431 2438 
f 2439 2438 2437 
f 2438 2439 2433 
f 2426 2439 2442 
f 2439 2437 2441 
f 2442 2441 2440 
f 2441 2442 2439 
f 2426 2442 2429 
f 2442 2440 2443 
f 2429 2443 1101 
f 2443 2429 2442 
f 2437 2438 2445 
f 2438 2431 2444 
f 2445 2444 746 
f 2444 2445 2438 
f 2431 2435 2447 
f 2435 671 2446 
f 2447 2446 475 
f 2446 2447 2435 
f 2431 2447 2444 
f 2447 475 2448 
f 2444 2448 746 
f 2448 2444 2447 
f 2440 2441 2451 
f 2441 2437 2450 
f 2451 2450 2449 
f 2450 2451 2441 
f 2449 2450 2453 
f 2450 2437 2452 
f 2453 2452 743 
f 2452 2453 2450 
f 743 2452 747 
f 2452 2437 2445 
f 747 2445 746 
f 2445 747 2452 
f 2440 2451 2456 
f 2451 2449 2455 
f 2456 2455 2454 
f 2455 2456 2451 
f 2440 2456 2458 
f 2456 2454 2457 
f 2458 2457 1414 
f 2457 2458 2456 
f 1101 2443 2459 
f 2443 2440 2458 
f 2459 2458 1414 
f 2458 2459 2443 
f 2454 2455 2462 
f 2455 2449 2461 
f 2462 2461 2460 
f 2461 2462 2455 
f 2460 2461 2464 
f 2461 2449 2463 
f 2464 2463 823 
f 2463 2464 2461 
f 823 2463 2465 
f 2463 2449 2453 
f 2465 2453 743 
f 2453 2465 2463 
f 1621 2102 2467 
f 2102 2099 2466 
f 2467 2466 1973 
f 2466 2467 2102 
f 1249 2468 1473 
f 2468 2099 2398 
f 1473 2398 1470 
f 2398 1473 2468 
f 2099 2468 2466 
f 2468 1249 1976 
f 2466 1976 1973 
f 1976 2466 2468 
f 2454 2462 2471 
f 2462 2460 2470 
f 2471 2470 2469 
f 2470 2471 2462 
f 2454 2471 2473 
f 2471 2469 2472 
f 2473 2472 1417 
f 2472 2473 2471 
f 1414 2457 1420 
f 2457 2454 2473 
f 1420 2473 1417 
f 2473 1420 2457 
f 2460 2464 2475 
f 2464 823 2474 
f 2475 2474 2384 
f 2474 2475 2464 
f 2469 2470 2477 
f 2470 2460 2476 
f 2477 2476 2387 
f 2476 2477 2470 
f 2460 2475 2476 
f 2475 2384 2389 
f 2476 2389 2387 
f 2389 2476 2475 
f 2250 2254 2479 
f 2254 2111 2478 
f 2479 2478 1351 
f 2478 2479 2254 
f 1928 2360 2481 
f 2360 2250 2480 
f 2481 2480 1358 
f 2480 2481 2360 
f 1358 2480 1363 
f 2480 2250 2479 
f 1363 2479 1351 
f 2479 1363 2480 
f 1952 2420 2482 
f 2420 399 409 
f 2482 409 405 
f 409 2482 2420 
f 1876 1955 2484 
f 1955 1952 2483 
f 2484 2483 753 
f 2483 2484 1955 
f 1952 2482 2483 
f 2482 405 755 
f 2483 755 753 
f 755 2483 2482 
f 2198 2201 2486 
f 2201 2195 2485 
f 2486 2485 1066 
f 2485 2486 2201 
f 1803 2264 1809 
f 2264 2198 2487 
f 1809 2487 1806 
f 2487 1809 2264 
f 1806 2487 2488 
f 2487 2198 2486 
f 2488 2486 1066 
f 2486 2488 2487 
f 816 2137 2490 
f 2137 1904 2489 
f 2490 2489 750 
f 2489 2490 2137 
f 1904 1907 2491 
f 1907 1876 2484 
f 2491 2484 753 
f 2484 2491 1907 
f 1904 2491 2489 
f 2491 753 756 
f 2489 756 750 
f 756 2489 2491 
f 2353 2354 2494 
f 2354 764 2493 
f 2494 2493 2492 
f 2493 2494 2354 
f 764 768 2493 
f 768 765 2495 
f 2493 2495 2492 
f 2495 2493 768 
f 2356 2357 2498 
f 2357 2353 2497 
f 2498 2497 2496 
f 2497 2498 2357 
f 2496 2497 2501 
f 2497 2353 2500 
f 2501 2500 2499 
f 2500 2501 2497 
f 2499 2500 2502 
f 2500 2353 2494 
f 2502 2494 2492 
f 2494 2502 2500 
f 2356 2498 2505 
f 2498 2496 2504 
f 2505 2504 2503 
f 2504 2505 2498 
f 2356 2505 2507 
f 2505 2503 2506 
f 2507 2506 1593 
f 2506 2507 2505 
f 2356 2507 2359 
f 2507 1593 1597 
f 2359 1597 1594 
f 1597 2359 2507 
f 2503 2504 2510 
f 2504 2496 2509 
f 2510 2509 2508 
f 2509 2510 2504 
f 2508 2509 2513 
f 2509 2496 2512 
f 2513 2512 2511 
f 2512 2513 2509 
f 2496 2501 2512 
f 2501 2499 2514 
f 2512 2514 2511 
f 2514 2512 2501 
f 2503 2510 2517 
f 2510 2508 2516 
f 2517 2516 2515 
f 2516 2517 2510 
f 2503 2517 2520 
f 2517 2515 2519 
f 2520 2519 2518 
f 2519 2520 2517 
f 2503 2520 2506 
f 2520 2518 2521 
f 2506 2521 1593 
f 2521 2506 2520 
f 2515 2516 2523 
f 2516 2508 2522 
f 2523 2522 729 
f 2522 2523 2516 
f 729 2522 2526 
f 2522 2508 2525 
f 2526 2525 2524 
f 2525 2526 2522 
f 2524 2525 2527 
f 2525 2508 2513 
f 2527 2513 2511 
f 2513 2527 2525 
f 2518 2519 2530 
f 2519 2515 2529 
f 2530 2529 2528 
f 2529 2530 2519 
f 2528 2529 2532 
f 2529 2515 2531 
f 2532 2531 726 
f 2531 2532 2529 
f 726 2531 730 
f 2531 2515 2523 
f 730 2523 729 
f 2523 730 2531 
f 2499 2534 2536 
f 2534 891 2535 
f 2536 2535 2533 
f 2535 2536 2534 
f 891 2534 2537 
f 2534 2499 2502 
f 2537 2502 2492 
f 2502 2537 2534 
f 2511 2514 2538 
f 2514 2499 2536 
f 2538 2536 2533 
f 2536 2538 2514 
f 2518 2530 2540 
f 2530 2528 2539 
f 2540 2539 1603 
f 2539 2540 2530 
f 1593 2521 1598 
f 2521 2518 2541 
f 1598 2541 1582 
f 2541 1598 2521 
f 1582 2541 1604 
f 2541 2518 2540 
f 1604 2540 1603 
f 2540 1604 2541 
f 2528 2532 2544 
f 2532 726 2543 
f 2544 2543 2542 
f 2543 2544 2532 
f 2528 2544 2547 
f 2544 2542 2546 
f 2547 2546 2545 
f 2546 2547 2544 
f 2528 2547 2539 
f 2547 2545 2548 
f 2539 2548 1603 
f 2548 2539 2547 
f 2384 2474 2549 
f 2474 823 828 
f 2549 828 826 
f 828 2549 2474 
f 486 825 744 
f 825 823 2465 
f 744 2465 743 
f 2465 744 825 
f 647 2173 2551 
f 2173 2134 2550 
f 2551 2550 819 
f 2550 2551 2173 
f 429 649 822 
f 649 647 2551 
f 822 2551 819 
f 2551 822 649 
f 1477 1478 2553 
f 1478 1474 2552 
f 2553 2552 2104 
f 2552 2553 1478 
f 2104 2552 2110 
f 2552 1474 2554 
f 2110 2554 2107 
f 2554 2110 2552 
f 1474 2237 2554 
f 2237 2235 2555 
f 2554 2555 2107 
f 2555 2554 2237 
f 2393 2396 2556 
f 2396 702 2109 
f 2556 2109 2107 
f 2109 2556 2396 
f 2235 2399 2555 
f 2399 2393 2556 
f 2555 2556 2107 
f 2556 2555 2399 
f 898 903 2040 
f 903 95 759 
f 2040 759 757 
f 759 2040 903 
f 899 2045 2558 
f 2045 795 2557 
f 2558 2557 2240 
f 2557 2558 2045 
f 899 2558 905 
f 2558 2240 2559 
f 905 2559 904 
f 2559 905 2558 
f 2366 2367 2560 
f 2367 733 737 
f 2560 737 734 
f 737 2560 2367 
f 2369 2370 2563 
f 2370 2366 2562 
f 2563 2562 2561 
f 2562 2563 2370 
f 2561 2562 2565 
f 2562 2366 2564 
f 2565 2564 662 
f 2564 2565 2562 
f 2366 2560 2564 
f 2560 734 2566 
f 2564 2566 662 
f 2566 2564 2560 
f 2369 2563 2569 
f 2563 2561 2568 
f 2569 2568 2567 
f 2568 2569 2563 
f 2369 2569 2571 
f 2569 2567 2570 
f 2571 2570 1400 
f 2570 2571 2569 
f 1403 2372 1406 
f 2372 2369 2571 
f 1406 2571 1400 
f 2571 1406 2372 
f 2567 2568 2574 
f 2568 2561 2573 
f 2574 2573 2572 
f 2573 2574 2568 
f 2572 2573 2576 
f 2573 2561 2575 
f 2576 2575 661 
f 2575 2576 2573 
f 661 2575 664 
f 2575 2561 2565 
f 664 2565 662 
f 2565 664 2575 
f 2567 2574 2579 
f 2574 2572 2578 
f 2579 2578 2577 
f 2578 2579 2574 
f 2567 2579 2581 
f 2579 2577 2580 
f 2581 2580 1421 
f 2580 2581 2579 
f 1400 2570 2582 
f 2570 2567 2581 
f 2582 2581 1421 
f 2581 2582 2570 
f 2577 2578 2585 
f 2578 2572 2584 
f 2585 2584 2583 
f 2584 2585 2578 
f 2583 2584 2588 
f 2584 2572 2587 
f 2588 2587 2586 
f 2587 2588 2584 
f 2586 2587 2589 
f 2587 2572 2576 
f 2589 2576 661 
f 2576 2589 2587 
f 662 2566 669 
f 2566 734 2590 
f 669 2590 363 
f 2590 669 2566 
f 363 2590 367 
f 2590 734 741 
f 367 741 357 
f 741 367 2590 
f 1680 1965 2257 
f 1965 1963 2030 
f 2257 2030 2028 
f 2030 2257 1965 
f 1389 2024 2379 
f 2024 1963 1968 
f 2379 1968 1966 
f 1968 2379 2024 
f 2577 2585 2592 
f 2585 2583 2591 
f 2592 2591 1428 
f 2591 2592 2585 
f 2577 2592 2594 
f 2592 1428 2593 
f 2594 2593 1424 
f 2593 2594 2592 
f 1421 2580 1427 
f 2580 2577 2594 
f 1427 2594 1424 
f 2594 1427 2580 
f 2583 2588 2597 
f 2588 2586 2596 
f 2597 2596 2595 
f 2596 2597 2588 
f 2583 2597 2599 
f 2597 2595 2598 
f 2599 2598 2316 
f 2598 2599 2597 
f 1428 2591 2600 
f 2591 2583 2599 
f 2600 2599 2316 
f 2599 2600 2591 
f 2595 2596 2602 
f 2596 2586 2601 
f 2602 2601 802 
f 2601 2602 2596 
f 2586 2589 2603 
f 2589 661 668 
f 2603 668 666 
f 668 2603 2589 
f 802 2601 2604 
f 2601 2586 2603 
f 2604 2603 666 
f 2603 2604 2601 
f 2316 2598 2320 
f 2598 2595 2605 
f 2320 2605 2319 
f 2605 2320 2598 
f 2595 2606 2605 
f 2606 805 2607 
f 2605 2607 2319 
f 2607 2605 2606 
f 805 2606 808 
f 2606 2595 2602 
f 808 2602 802 
f 2602 808 2606 
f 2469 2477 2609 
f 2477 2387 2608 
f 2609 2608 1610 
f 2608 2609 2477 
f 2469 2610 2472 
f 2610 1055 1419 
f 2472 1419 1417 
f 1419 2472 2610 
f 1055 2610 1611 
f 2610 2469 2609 
f 1611 2609 1610 
f 2609 1611 2610 
f 1428 2600 1432 
f 2600 2316 2318 
f 1432 2318 1431 
f 2318 1432 2600 
f 1428 1430 2593 
f 1430 1228 1426 
f 2593 1426 1424 
f 1426 2593 1430 
f 1785 2373 1788 
f 2373 2011 2294 
f 1788 2294 1782 
f 2294 1788 2373 
f 1841 1996 2611 
f 1996 858 863 
f 2611 863 861 
f 863 2611 1996 
f 510 860 634 
f 860 858 2383 
f 634 2383 633 
f 2383 634 860 
f 630 2386 2612 
f 2386 2384 2549 
f 2612 2549 826 
f 2549 2612 2386 
f 2004 2034 2008 
f 2034 2032 2613 
f 2008 2613 2007 
f 2613 2008 2034 
f 2032 2036 2614 
f 2036 606 613 
f 2614 613 611 
f 613 2614 2036 
f 2032 2615 2613 
f 2615 876 2616 
f 2613 2616 2007 
f 2616 2613 2615 
f 876 2615 2617 
f 2615 2032 2614 
f 2617 2614 611 
f 2614 2617 2615 
f 606 2037 609 
f 2037 1859 2618 
f 609 2618 607 
f 2618 609 2037 
f 1915 2377 1920 
f 2377 1652 1655 
f 1920 1655 1638 
f 1655 1920 2377 
f 2542 2543 2619 
f 2543 726 728 
f 2619 728 273 
f 728 2619 2543 
f 2545 2546 2622 
f 2546 2542 2621 
f 2622 2621 2620 
f 2621 2622 2546 
f 2620 2621 2624 
f 2621 2542 2623 
f 2624 2623 887 
f 2623 2624 2621 
f 2542 2619 2623 
f 2619 273 2625 
f 2623 2625 887 
f 2625 2623 2619 
f 2545 2622 2628 
f 2622 2620 2627 
f 2628 2627 2626 
f 2627 2628 2622 
f 2545 2628 2630 
f 2628 2626 2629 
f 2630 2629 1600 
f 2629 2630 2628 
f 1603 2548 1606 
f 2548 2545 2630 
f 1606 2630 1600 
f 2630 1606 2548 
f 2626 2627 2633 
f 2627 2620 2632 
f 2633 2632 2631 
f 2632 2633 2627 
f 2631 2632 2635 
f 2632 2620 2634 
f 2635 2634 884 
f 2634 2635 2632 
f 2620 2624 2634 
f 2624 887 889 
f 2634 889 884 
f 889 2634 2624 
f 2626 2633 2638 
f 2633 2631 2637 
f 2638 2637 2636 
f 2637 2638 2633 
f 2626 2638 2640 
f 2638 2636 2639 
f 2640 2639 1722 
f 2639 2640 2638 
f 1600 2629 2641 
f 2629 2626 2640 
f 2641 2640 1722 
f 2640 2641 2629 
f 2636 2637 2644 
f 2637 2631 2643 
f 2644 2643 2642 
f 2643 2644 2637 
f 2642 2643 2646 
f 2643 2631 2645 
f 2646 2645 623 
f 2645 2646 2643 
f 623 2645 885 
f 2645 2631 2635 
f 885 2635 884 
f 2635 885 2645 
f 2636 2644 2648 
f 2644 2642 2647 
f 2648 2647 1810 
f 2647 2648 2644 
f 2636 2648 2650 
f 2648 1810 2649 
f 2650 2649 1719 
f 2649 2650 2648 
f 1722 2639 1725 
f 2639 2636 2650 
f 1725 2650 1719 
f 2650 1725 2639 
f 1810 2647 2653 
f 2647 2642 2652 
f 2653 2652 2651 
f 2652 2653 2647 
f 2651 2652 2655 
f 2652 2642 2654 
f 2655 2654 626 
f 2654 2655 2652 
f 2642 2646 2654 
f 2646 623 628 
f 2654 628 626 
f 628 2654 2646 
f 1114 2093 2656 
f 2093 682 2261 
f 2656 2261 1938 
f 2261 2656 2093 
f 1810 2653 1814 
f 2653 2651 2657 
f 1814 2657 1813 
f 2657 1814 2653 
f 1810 1812 2649 
f 1812 1526 1721 
f 2649 1721 1719 
f 1721 2649 1812 
f 2651 2659 2661 
f 2659 303 2660 
f 2661 2660 2658 
f 2660 2661 2659 
f 303 2659 629 
f 2659 2651 2655 
f 629 2655 626 
f 2655 629 2659 
f 2651 2661 2657 
f 2661 2658 2662 
f 2657 2662 1813 
f 2662 2657 2661 
f 830 2080 2664 
f 2080 2057 2663 
f 2664 2663 638 
f 2663 2664 2080 
f 333 832 646 
f 832 830 2664 
f 646 2664 638 
f 2664 646 832 
f 2309 2311 2410 
f 2311 1463 1767 
f 2410 1767 1764 
f 1767 2410 2311 
f 2309 2333 2312 
f 2333 908 912 
f 2312 912 711 
f 912 2312 2333 
f 1111 1116 1941 
f 1116 1114 2656 
f 1941 2656 1938 
f 2656 1941 1116 
f 887 2625 890 
f 2625 273 283 
f 890 283 279 
f 283 890 2625 
f 729 2526 732 
f 2526 2524 2665 
f 732 2665 261 
f 2665 732 2526 
f 2524 2527 2667 
f 2527 2511 2666 
f 2667 2666 791 
f 2666 2667 2527 
f 261 2665 265 
f 2665 2524 2668 
f 265 2668 255 
f 2668 265 2665 
f 255 2668 794 
f 2668 2524 2667 
f 794 2667 791 
f 2667 794 2668 
f 1741 1746 2669 
f 1746 999 1037 
f 2669 1037 1034 
f 1037 2669 1746 
f 1741 2669 2405 
f 2669 1034 1444 
f 2405 1444 1442 
f 1444 2405 2669 
f 475 2446 478 
f 2446 671 676 
f 478 676 465 
f 676 478 2446 
f 671 2436 674 
f 2436 2222 2392 
f 674 2392 672 
f 2392 674 2436 
f 746 2448 749 
f 2448 475 477 
f 749 477 471 
f 477 749 2448 
f 757 762 2042 
f 762 760 2670 
f 2042 2670 1887 
f 2670 2042 762 
f 1887 2670 1898 
f 2670 760 2671 
f 1898 2671 1897 
f 2671 1898 2670 
f 760 763 2672 
f 763 79 605 
f 2672 605 602 
f 605 2672 763 
f 1897 2671 2673 
f 2671 760 2672 
f 2673 2672 602 
f 2672 2673 2671 
f 795 2046 799 
f 2046 1942 2674 
f 799 2674 798 
f 2674 799 2046 
f 795 797 2557 
f 797 588 2242 
f 2557 2242 2240 
f 2242 2557 797 
f 99 893 772 
f 893 891 2675 
f 772 2675 765 
f 2675 772 893 
f 891 896 2535 
f 896 894 2676 
f 2535 2676 2533 
f 2676 2535 896 
f 765 2675 2495 
f 2675 891 2537 
f 2495 2537 2492 
f 2537 2495 2675 
f 894 2677 2676 
f 2677 788 2678 
f 2676 2678 2533 
f 2678 2676 2677 
f 788 2677 2680 
f 2677 894 2679 
f 2680 2679 2245 
f 2679 2680 2677 
f 894 897 2679 
f 897 114 2249 
f 2679 2249 2245 
f 2249 2679 897 
f 1942 2017 2674 
f 2017 2015 2681 
f 2674 2681 798 
f 2681 2674 2017 
f 2015 2020 2683 
f 2020 2018 2682 
f 2683 2682 719 
f 2682 2683 2020 
f 2015 2684 2685 
f 2684 570 580 
f 2685 580 576 
f 580 2685 2684 
f 570 2684 720 
f 2684 2015 2683 
f 720 2683 719 
f 2683 720 2684 
f 2015 2685 2681 
f 2685 576 801 
f 2681 801 798 
f 801 2681 2685 
f 616 617 2352 
f 617 75 773 
f 2352 773 769 
f 773 2352 617 
f 781 782 2273 
f 782 55 621 
f 2273 621 619 
f 621 2273 782 
f 2111 2116 2478 
f 2116 1354 1357 
f 2478 1357 1351 
f 1357 2478 2116 
f 345 742 836 
f 742 738 2303 
f 836 2303 833 
f 2303 836 742 
f 876 2686 2616 
f 2686 1997 2010 
f 2616 2010 2007 
f 2010 2616 2686 
f 1997 2686 2283 
f 2686 876 882 
f 2283 882 879 
f 882 2283 2686 
f 599 2414 603 
f 2414 2412 2687 
f 603 2687 602 
f 2687 603 2414 
f 2412 2417 2689 
f 2417 2415 2688 
f 2689 2688 1894 
f 2688 2689 2417 
f 2412 2690 2687 
f 2690 1897 2673 
f 2687 2673 602 
f 2673 2687 2690 
f 1897 2690 1900 
f 2690 2412 2689 
f 1900 2689 1894 
f 2689 1900 2690 
f 2415 2418 2692 
f 2418 1761 2691 
f 2692 2691 1694 
f 2691 2692 2418 
f 2415 2693 2688 
f 2693 1691 1896 
f 2688 1896 1894 
f 1896 2688 2693 
f 1691 2693 1697 
f 2693 2415 2692 
f 1697 2692 1694 
f 2692 1697 2693 
f 1761 1763 2691 
f 1763 1659 1696 
f 2691 1696 1694 
f 1696 2691 1763 
f 2018 2282 2682 
f 2282 722 725 
f 2682 725 719 
f 725 2682 2282 
f 1121 1166 1804 
f 1166 1164 2268 
f 1804 2268 1803 
f 2268 1804 1166 
f 1256 1402 1422 
f 1402 1400 2582 
f 1422 2582 1421 
f 2582 1422 1402 
f 1726 1727 2696 
f 1727 1519 2695 
f 2696 2695 2694 
f 2695 2696 1727 
f 2694 2695 2697 
f 2695 1519 1816 
f 2697 1816 1813 
f 1816 2697 2695 
f 1726 2696 2699 
f 2696 2694 2698 
f 2699 2698 837 
f 2698 2699 2696 
f 1726 2699 2701 
f 2699 837 2700 
f 2701 2700 2066 
f 2700 2701 2699 
f 1729 1730 2069 
f 1730 1726 2701 
f 2069 2701 2066 
f 2701 2069 1730 
f 837 2698 841 
f 2698 2694 2702 
f 841 2702 840 
f 2702 841 2698 
f 2658 2703 2662 
f 2703 2694 2697 
f 2662 2697 1813 
f 2697 2662 2703 
f 2694 2703 2702 
f 2703 2658 2704 
f 2702 2704 840 
f 2704 2702 2703 
f 837 839 2705 
f 839 321 645 
f 2705 645 642 
f 645 2705 839 
f 2066 2700 2706 
f 2700 837 2705 
f 2706 2705 642 
f 2705 2706 2700 
f 2057 2065 2663 
f 2065 637 641 
f 2663 641 638 
f 641 2663 2065 
f 637 2068 643 
f 2068 2066 2706 
f 643 2706 642 
f 2706 643 2068 
f 1149 1441 1168 
f 1441 1438 2160 
f 1168 2160 1167 
f 2160 1168 1441 
f 2134 2139 2550 
f 2139 816 821 
f 2550 821 819 
f 821 2550 2139 
f 417 818 751 
f 818 816 2490 
f 751 2490 750 
f 2490 751 818 
f 1027 1103 1415 
f 1103 1101 2459 
f 1415 2459 1414 
f 2459 1415 1103 
f 992 995 2707 
f 995 971 1808 
f 2707 1808 1806 
f 1808 2707 995 
f 992 2707 1067 
f 2707 1806 2488 
f 1067 2488 1066 
f 2488 1067 2707 
f 2129 2130 2709 
f 2130 2122 2708 
f 2709 2708 1445 
f 2708 2709 2130 
f 1445 2708 1447 
f 2708 2122 2407 
f 1447 2407 1442 
f 2407 1447 2708 
f 1083 2293 2710 
f 2293 2129 2709 
f 2710 2709 1445 
f 2709 2710 2293 
f 1862 1863 2711 
f 1863 1841 2611 
f 2711 2611 861 
f 2611 2711 1863 
f 522 2712 864 
f 2712 1862 2711 
f 864 2711 861 
f 2711 864 2712 
f 1862 2712 2714 
f 2712 522 2713 
f 2714 2713 607 
f 2713 2714 2712 
f 1859 1865 2618 
f 1865 1862 2714 
f 2618 2714 607 
f 2714 2618 1865 
f 498 632 829 
f 632 630 2612 
f 829 2612 826 
f 2612 829 632 
f 375 804 670 
f 804 802 2604 
f 670 2604 666 
f 2604 670 804 
f 387 659 806 
f 659 657 2715 
f 806 2715 805 
f 2715 806 659 
f 805 2715 2607 
f 2715 657 2716 
f 2607 2716 2319 
f 2716 2607 2715 
f 657 2717 2716 
f 2717 1959 2322 
f 2716 2322 2319 
f 2322 2716 2717 
f 1959 2717 2422 
f 2717 657 660 
f 2422 660 654 
f 660 2422 2717 
f 441 2718 653 
f 2718 2296 2299 
f 653 2299 650 
f 2299 653 2718 
f 2296 2718 2325 
f 2718 441 815 
f 2325 815 812 
f 815 2325 2718 
f 1970 2088 1974 
f 2088 1621 2467 
f 1974 2467 1973 
f 2467 1974 2088 
f 1852 2090 1854 
f 2090 1970 1972 
f 1854 1972 1221 
f 1972 1854 2090 
f 1410 2092 2720 
f 2092 1852 2719 
f 2720 2719 1932 
f 2719 2720 2092 
f 1932 2719 2721 
f 2719 1852 1857 
f 2721 1857 1855 
f 1857 2721 2719 
f 1410 2720 2262 
f 2720 1932 1936 
f 2262 1936 1933 
f 1936 2262 2720 
f 1142 1937 2722 
f 1937 1932 2721 
f 2722 2721 1855 
f 2721 2722 1937 
f 303 313 2660 
f 313 309 2723 
f 2660 2723 2658 
f 2723 2660 313 
f 2658 2723 2704 
f 2723 309 843 
f 2704 843 840 
f 843 2704 2723 
f 522 532 2713 
f 532 528 615 
f 2713 615 607 
f 615 2713 532 
f 1083 2710 1086 
f 2710 1445 1448 
f 1086 1448 1062 
f 1448 1086 2710 
f 540 878 614 
f 878 876 2617 
f 614 2617 611 
f 2617 614 878 
f 1167 2158 1170 
f 2158 2155 2267 
f 1170 2267 1164 
f 2267 1170 2158 
f 1156 1159 1858 
f 1159 1142 2722 
f 1858 2722 1855 
f 2722 1858 1159 
f 2195 2207 2485 
f 2207 1069 1072 
f 2485 1072 1066 
f 1072 2485 2207 
f 1554 1602 1723 
f 1602 1600 2641 
f 1723 2641 1722 
f 2641 1723 1602 
f 243 790 2246 
f 790 788 2680 
f 2246 2680 2245 
f 2680 2246 790 
f 2511 2724 2666 
f 2724 788 793 
f 2666 793 791 
f 793 2666 2724 
f 788 2724 2678 
f 2724 2511 2538 
f 2678 2538 2533 
f 2538 2678 2724 
f 1477 2553 2154 
f 2553 2104 2117 
f 2154 2117 2112 
f 2117 2154 2553 
f 2387 2390 2608 
f 2390 1607 1613 
f 2608 1613 1610 
f 1613 2608 2390 
f 2240 2244 2559 
f 2244 118 907 
f 2559 907 904 
f 907 2559 2244 
f 1928 2481 1931 
f 2481 1358 2725 
f 1931 2725 1925 
f 2725 1931 2481 
f 1925 2725 2148 
f 2725 1358 1362 
f 2148 1362 1359 
f 1362 2148 2725 
f 2726 2727 2728 
f 2727 25 26 
f 2728 26 16 
f 26 2728 2727 
f 28 2729 29 
f 2729 2726 2728 
f 29 2728 16 
f 2728 29 2729 
f 2726 2731 2727 
f 2731 2730 2732 
f 2727 2732 25 
f 2732 2727 2731 
f 28 2734 2729 
f 2734 2733 2735 
f 2729 2735 2726 
f 2735 2729 2734 
f 2730 2737 2739 
f 2737 2736 2738 
f 2739 2738 236 
f 2738 2739 2737 
f 25 2732 238 
f 2732 2730 2739 
f 238 2739 236 
f 2739 238 2732 
f 236 2738 2742 
f 2738 2736 2741 
f 2742 2741 2740 
f 2741 2742 2738 
f 2740 2744 2746 
f 2744 2743 2745 
f 2746 2745 242 
f 2745 2746 2744 
f 236 2742 244 
f 2742 2740 2746 
f 244 2746 242 
f 2746 244 2742 
f 2743 2748 2750 
f 2748 2747 2749 
f 2750 2749 254 
f 2749 2750 2748 
f 242 2745 250 
f 2745 2743 2751 
f 250 2751 248 
f 2751 250 2745 
f 2743 2750 2751 
f 2750 254 256 
f 2751 256 248 
f 256 2751 2750 
f 2747 2753 2755 
f 2753 2752 2754 
f 2755 2754 260 
f 2754 2755 2753 
f 254 2749 262 
f 2749 2747 2755 
f 262 2755 260 
f 2755 262 2749 
f 2752 2757 2759 
f 2757 2756 2758 
f 2759 2758 266 
f 2758 2759 2757 
f 2752 2759 2754 
f 2759 266 268 
f 2754 268 260 
f 268 2754 2759 
f 266 2758 2762 
f 2758 2756 2761 
f 2762 2761 2760 
f 2761 2762 2758 
f 2760 2764 2766 
f 2764 2763 2765 
f 2766 2765 272 
f 2765 2766 2764 
f 266 2762 274 
f 2762 2760 2766 
f 274 2766 272 
f 2766 274 2762 
f 2763 2768 2770 
f 2768 2767 2769 
f 2770 2769 278 
f 2769 2770 2768 
f 272 2765 280 
f 2765 2763 2770 
f 280 2770 278 
f 2770 280 2765 
f 2767 2772 2774 
f 2772 2771 2773 
f 2774 2773 290 
f 2773 2774 2772 
f 278 2769 286 
f 2769 2767 2775 
f 286 2775 284 
f 2775 286 2769 
f 284 2775 292 
f 2775 2767 2774 
f 292 2774 290 
f 2774 292 2775 
f 2771 2777 2779 
f 2777 2776 2778 
f 2779 2778 296 
f 2778 2779 2777 
f 290 2773 298 
f 2773 2771 2779 
f 298 2779 296 
f 2779 298 2773 
f 2776 2781 2783 
f 2781 2780 2782 
f 2783 2782 302 
f 2782 2783 2781 
f 296 2778 304 
f 2778 2776 2783 
f 304 2783 302 
f 2783 304 2778 
f 2780 2785 2782 
f 2785 2784 2786 
f 2782 2786 302 
f 2786 2782 2785 
f 308 2788 2790 
f 2788 2784 2789 
f 2790 2789 2787 
f 2789 2790 2788 
f 302 2786 310 
f 2786 2784 2788 
f 310 2788 308 
f 2788 310 2786 
f 2787 2792 2794 
f 2792 2791 2793 
f 2794 2793 314 
f 2793 2794 2792 
f 308 2790 316 
f 2790 2787 2794 
f 316 2794 314 
f 2794 316 2790 
f 2791 2796 2798 
f 2796 2795 2797 
f 2798 2797 320 
f 2797 2798 2796 
f 314 2793 322 
f 2793 2791 2798 
f 322 2798 320 
f 2798 322 2793 
f 2795 2800 2802 
f 2800 2799 2801 
f 2802 2801 326 
f 2801 2802 2800 
f 320 2797 328 
f 2797 2795 2802 
f 328 2802 326 
f 2802 328 2797 
f 2799 2804 2806 
f 2804 2803 2805 
f 2806 2805 338 
f 2805 2806 2804 
f 326 2801 334 
f 2801 2799 2807 
f 334 2807 332 
f 2807 334 2801 
f 332 2807 340 
f 2807 2799 2806 
f 340 2806 338 
f 2806 340 2807 
f 2803 2809 2805 
f 2809 2808 2810 
f 2805 2810 338 
f 2810 2805 2809 
f 344 2812 2814 
f 2812 2808 2813 
f 2814 2813 2811 
f 2813 2814 2812 
f 338 2810 346 
f 2810 2808 2812 
f 346 2812 344 
f 2812 346 2810 
f 2811 2816 2818 
f 2816 2815 2817 
f 2818 2817 350 
f 2817 2818 2816 
f 344 2814 352 
f 2814 2811 2818 
f 352 2818 350 
f 2818 352 2814 
f 2815 2820 2822 
f 2820 2819 2821 
f 2822 2821 356 
f 2821 2822 2820 
f 350 2817 358 
f 2817 2815 2822 
f 358 2822 356 
f 2822 358 2817 
f 2819 2824 2826 
f 2824 2823 2825 
f 2826 2825 362 
f 2825 2826 2824 
f 356 2821 364 
f 2821 2819 2826 
f 364 2826 362 
f 2826 364 2821 
f 2823 2828 2830 
f 2828 2827 2829 
f 2830 2829 368 
f 2829 2830 2828 
f 362 2825 370 
f 2825 2823 2830 
f 370 2830 368 
f 2830 370 2825 
f 2827 2832 2834 
f 2832 2831 2833 
f 2834 2833 380 
f 2833 2834 2832 
f 368 2829 376 
f 2829 2827 2835 
f 376 2835 374 
f 2835 376 2829 
f 374 2835 382 
f 2835 2827 2834 
f 382 2834 380 
f 2834 382 2835 
f 2831 2837 2839 
f 2837 2836 2838 
f 2839 2838 386 
f 2838 2839 2837 
f 380 2833 388 
f 2833 2831 2839 
f 388 2839 386 
f 2839 388 2833 
f 2836 2841 2838 
f 2841 2840 2842 
f 2838 2842 386 
f 2842 2838 2841 
f 2840 2844 2846 
f 2844 2843 2845 
f 2846 2845 398 
f 2845 2846 2844 
f 386 2842 394 
f 2842 2840 2847 
f 394 2847 392 
f 2847 394 2842 
f 2840 2846 2847 
f 2846 398 400 
f 2847 400 392 
f 400 2847 2846 
f 2843 2849 2851 
f 2849 2848 2850 
f 2851 2850 404 
f 2850 2851 2849 
f 398 2845 406 
f 2845 2843 2851 
f 406 2851 404 
f 2851 406 2845 
f 2848 2853 2855 
f 2853 2852 2854 
f 2855 2854 410 
f 2854 2855 2853 
f 2848 2855 2850 
f 2855 410 412 
f 2850 412 404 
f 412 2850 2855 
f 2852 2857 2859 
f 2857 2856 2858 
f 2859 2858 416 
f 2858 2859 2857 
f 410 2854 418 
f 2854 2852 2859 
f 418 2859 416 
f 2859 418 2854 
f 2856 2861 2863 
f 2861 2860 2862 
f 2863 2862 422 
f 2862 2863 2861 
f 416 2858 424 
f 2858 2856 2863 
f 424 2863 422 
f 2863 424 2858 
f 2860 2865 2862 
f 2865 2864 2866 
f 2862 2866 422 
f 2866 2862 2865 
f 2864 2868 2870 
f 2868 2867 2869 
f 2870 2869 428 
f 2869 2870 2868 
f 422 2866 430 
f 2866 2864 2870 
f 430 2870 428 
f 2870 430 2866 
f 2867 2872 2874 
f 2872 2871 2873 
f 2874 2873 440 
f 2873 2874 2872 
f 428 2869 436 
f 2869 2867 2875 
f 436 2875 434 
f 2875 436 2869 
f 434 2875 442 
f 2875 2867 2874 
f 442 2874 440 
f 2874 442 2875 
f 2871 2877 2879 
f 2877 2876 2878 
f 2879 2878 446 
f 2878 2879 2877 
f 440 2873 448 
f 2873 2871 2879 
f 448 2879 446 
f 2879 448 2873 
f 446 2878 2882 
f 2878 2876 2881 
f 2882 2881 2880 
f 2881 2882 2878 
f 2880 2884 2886 
f 2884 2883 2885 
f 2886 2885 452 
f 2885 2886 2884 
f 446 2882 454 
f 2882 2880 2886 
f 454 2886 452 
f 2886 454 2882 
f 2883 2888 2890 
f 2888 2887 2889 
f 2890 2889 464 
f 2889 2890 2888 
f 452 2885 460 
f 2885 2883 2891 
f 460 2891 458 
f 2891 460 2885 
f 458 2891 466 
f 2891 2883 2890 
f 466 2890 464 
f 2890 466 2891 
f 2887 2893 2889 
f 2893 2892 2894 
f 2889 2894 464 
f 2894 2889 2893 
f 2892 2896 2898 
f 2896 2895 2897 
f 2898 2897 479 
f 2897 2898 2896 
f 464 2894 472 
f 2894 2892 2899 
f 472 2899 470 
f 2899 472 2894 
f 2892 2898 2899 
f 2898 479 481 
f 2899 481 470 
f 481 2899 2898 
f 2895 2901 2903 
f 2901 2900 2902 
f 2903 2902 485 
f 2902 2903 2901 
f 479 2897 487 
f 2897 2895 2903 
f 487 2903 485 
f 2903 487 2897 
f 2900 2905 2907 
f 2905 2904 2906 
f 2907 2906 491 
f 2906 2907 2905 
f 2900 2907 2902 
f 2907 491 493 
f 2902 493 485 
f 493 2902 2907 
f 2904 2909 2911 
f 2909 2908 2910 
f 2911 2910 497 
f 2910 2911 2909 
f 491 2906 499 
f 2906 2904 2911 
f 499 2911 497 
f 2911 499 2906 
f 2908 2913 2915 
f 2913 2912 2914 
f 2915 2914 503 
f 2914 2915 2913 
f 2908 2915 2910 
f 2915 503 505 
f 2910 505 497 
f 505 2910 2915 
f 503 2914 2918 
f 2914 2912 2917 
f 2918 2917 2916 
f 2917 2918 2914 
f 2916 2920 2922 
f 2920 2919 2921 
f 2922 2921 509 
f 2921 2922 2920 
f 503 2918 511 
f 2918 2916 2922 
f 511 2922 509 
f 2922 511 2918 
f 515 2924 2926 
f 2924 2919 2925 
f 2926 2925 2923 
f 2925 2926 2924 
f 509 2921 517 
f 2921 2919 2924 
f 517 2924 515 
f 2924 517 2921 
f 2923 2928 2930 
f 2928 2927 2929 
f 2930 2929 521 
f 2929 2930 2928 
f 515 2926 523 
f 2926 2923 2930 
f 523 2930 521 
f 2930 523 2926 
f 2927 2932 2934 
f 2932 2931 2933 
f 2934 2933 533 
f 2933 2934 2932 
f 521 2929 529 
f 2929 2927 2935 
f 529 2935 527 
f 2935 529 2929 
f 2927 2934 2935 
f 2934 533 535 
f 2935 535 527 
f 535 2935 2934 
f 2931 2937 2939 
f 2937 2936 2938 
f 2939 2938 539 
f 2938 2939 2937 
f 533 2933 541 
f 2933 2931 2939 
f 541 2939 539 
f 2939 541 2933 
f 2936 2941 2943 
f 2941 2940 2942 
f 2943 2942 545 
f 2942 2943 2941 
f 539 2938 547 
f 2938 2936 2943 
f 547 2943 545 
f 2943 547 2938 
f 545 2942 2946 
f 2942 2940 2945 
f 2946 2945 2944 
f 2945 2946 2942 
f 2944 2948 2950 
f 2948 2947 2949 
f 2950 2949 551 
f 2949 2950 2948 
f 545 2946 553 
f 2946 2944 2950 
f 553 2950 551 
f 2950 553 2946 
f 2947 2952 2954 
f 2952 2951 2953 
f 2954 2953 563 
f 2953 2954 2952 
f 551 2949 559 
f 2949 2947 2955 
f 559 2955 557 
f 2955 559 2949 
f 557 2955 565 
f 2955 2947 2954 
f 565 2954 563 
f 2954 565 2955 
f 2951 2957 2959 
f 2957 2956 2958 
f 2959 2958 569 
f 2958 2959 2957 
f 563 2953 571 
f 2953 2951 2959 
f 571 2959 569 
f 2959 571 2953 
f 569 2958 2962 
f 2958 2956 2961 
f 2962 2961 2960 
f 2961 2962 2958 
f 2960 2964 2966 
f 2964 2963 2965 
f 2966 2965 581 
f 2965 2966 2964 
f 569 2962 577 
f 2962 2960 2967 
f 577 2967 575 
f 2967 577 2962 
f 2960 2966 2967 
f 2966 581 583 
f 2967 583 575 
f 583 2967 2966 
f 2963 2969 2971 
f 2969 2968 2970 
f 2971 2970 587 
f 2970 2971 2969 
f 581 2965 589 
f 2965 2963 2971 
f 589 2971 587 
f 2971 589 2965 
f 2968 2972 2973 
f 2972 2733 2734 
f 2973 2734 28 
f 2734 2973 2972 
f 587 2970 594 
f 2970 2968 2973 
f 594 2973 28 
f 2973 594 2970 
f 13 14 2976 
f 14 2 2975 
f 2976 2975 2974 
f 2975 2976 14 
f 2977 2978 2979 
f 2978 2974 2975 
f 2979 2975 2 
f 2975 2979 2978 
f 2980 2981 2982 
f 2981 2 11 
f 2982 11 10 
f 11 2982 2981 
f 2977 2979 2983 
f 2979 2 2981 
f 2983 2981 2980 
f 2981 2983 2979 
f 7 12 9 
f 12 10 11 
f 9 11 2 
f 11 9 12 
f 2 5 4 
f 5 3 6 
f 4 6 1 
f 6 4 5 
f 3 5 15 
f 5 2 14 
f 15 14 13 
f 14 15 5 
f 2 4 9 
f 4 1 8 
f 9 8 7 
f 8 9 4 
f 17 19 24 
f 19 16 23 
f 24 23 22 
f 23 24 19 
f 18 21 20 
f 21 16 19 
f 20 19 17 
f 19 20 21 
f 16 26 23 
f 26 25 27 
f 23 27 22 
f 27 23 26 
f 18 30 21 
f 30 28 29 
f 21 29 16 
f 29 21 30 
f 25 26 2727 
f 26 16 2728 
f 2727 2728 2726 
f 2728 2727 26 
f 28 2729 29 
f 2729 2726 2728 
f 29 2728 16 
f 2728 29 2729 
f 2984 2987 2989 
f 2987 2985 2988 
f 2989 2988 2986 
f 2988 2989 2987 
f 2990 2991 2992 
f 2991 2985 2987 
f 2992 2987 2984 
f 2987 2992 2991 
f 2977 2993 2994 
f 2993 2985 2991 
f 2994 2991 2990 
f 2991 2994 2993 
f 2985 2993 2988 
f 2993 2977 2995 
f 2988 2995 2986 
f 2995 2988 2993 
f 25 2727 2732 
f 2727 2726 2731 
f 2732 2731 2730 
f 2731 2732 2727 
f 2726 2997 2731 
f 2997 2996 2998 
f 2731 2998 2730 
f 2998 2731 2997 
f 2726 2735 3001 
f 2735 2733 3000 
f 3001 3000 2999 
f 3000 3001 2735 
f 28 2734 2729 
f 2734 2733 2735 
f 2729 2735 2726 
f 2735 2729 2734 
f 2726 3001 2997 
f 3001 2999 3002 
f 2997 3002 2996 
f 3002 2997 3001 
f 31 33 35 
f 33 1 34 
f 35 34 32 
f 34 35 33 
f 1 33 38 
f 33 31 37 
f 38 37 36 
f 37 38 33 
f 39 40 41 
f 40 1 38 
f 41 38 36 
f 38 41 40 
f 3 43 6 
f 43 32 34 
f 6 34 1 
f 34 6 43 
f 7 8 42 
f 8 1 40 
f 42 40 39 
f 40 42 8 
f 44 46 48 
f 46 31 47 
f 48 47 45 
f 47 48 46 
f 31 46 51 
f 46 44 50 
f 51 50 49 
f 50 51 46 
f 31 51 37 
f 51 49 53 
f 37 53 36 
f 53 37 51 
f 32 52 35 
f 52 45 47 
f 35 47 31 
f 47 35 52 
f 44 48 60 
f 48 45 62 
f 60 62 59 
f 62 60 48 
f 49 50 63 
f 50 44 58 
f 63 58 55 
f 58 63 50 
f 54 56 61 
f 56 44 60 
f 61 60 59 
f 60 61 56 
f 44 56 58 
f 56 54 57 
f 58 57 55 
f 57 58 56 
f 54 66 71 
f 66 64 70 
f 71 70 69 
f 70 71 66 
f 64 66 68 
f 66 54 67 
f 68 67 65 
f 67 68 66 
f 55 57 73 
f 57 54 71 
f 73 71 69 
f 71 73 57 
f 54 61 67 
f 61 59 72 
f 67 72 65 
f 72 67 61 
f 64 78 70 
f 78 75 83 
f 70 83 69 
f 83 70 78 
f 74 77 76 
f 77 75 78 
f 76 78 64 
f 78 76 77 
f 64 80 76 
f 80 79 81 
f 76 81 74 
f 81 76 80 
f 64 68 80 
f 68 65 82 
f 80 82 79 
f 82 80 68 
f 79 92 81 
f 92 85 87 
f 81 87 74 
f 87 81 92 
f 74 91 77 
f 91 89 93 
f 77 93 75 
f 93 77 91 
f 74 86 91 
f 86 84 90 
f 91 90 89 
f 90 91 86 
f 84 86 88 
f 86 74 87 
f 88 87 85 
f 87 88 86 
f 94 96 98 
f 96 84 97 
f 98 97 95 
f 97 98 96 
f 84 96 101 
f 96 94 100 
f 101 100 99 
f 100 101 96 
f 89 90 103 
f 90 84 101 
f 103 101 99 
f 101 103 90 
f 84 88 97 
f 88 85 102 
f 97 102 95 
f 102 97 88 
f 94 108 100 
f 108 105 112 
f 100 112 99 
f 112 100 108 
f 94 106 108 
f 106 104 107 
f 108 107 105 
f 107 108 106 
f 104 106 111 
f 106 94 110 
f 111 110 109 
f 110 111 106 
f 109 110 113 
f 110 94 98 
f 113 98 95 
f 98 113 110 
f 104 115 117 
f 115 17 116 
f 117 116 114 
f 116 117 115 
f 17 115 120 
f 115 104 119 
f 120 119 118 
f 119 120 115 
f 114 121 117 
f 121 105 107 
f 117 107 104 
f 107 117 121 
f 104 111 119 
f 111 109 122 
f 119 122 118 
f 122 119 111 
f 22 123 24 
f 123 114 116 
f 24 116 17 
f 116 24 123 
f 18 20 124 
f 20 17 120 
f 124 120 118 
f 120 124 20 
f 2974 2978 3003 
f 2978 2977 2994 
f 3003 2994 2990 
f 2994 3003 2978 
f 2986 2995 3004 
f 2995 2977 2983 
f 3004 2983 2980 
f 2983 3004 2995 
f 2980 2982 3005 
f 2982 10 127 
f 3005 127 125 
f 127 3005 2982 
f 126 128 130 
f 128 10 12 
f 130 12 7 
f 12 130 128 
f 126 129 128 
f 129 125 127 
f 128 127 10 
f 127 128 129 
f 2980 3005 3008 
f 3005 125 3007 
f 3008 3007 3006 
f 3007 3008 3005 
f 3006 3007 3009 
f 3007 125 133 
f 3009 133 131 
f 133 3009 3007 
f 125 129 134 
f 129 126 136 
f 134 136 132 
f 136 134 129 
f 131 133 135 
f 133 125 134 
f 135 134 132 
f 134 135 133 
f 137 3011 139 
f 3011 3010 3012 
f 139 3012 131 
f 3012 139 3011 
f 3006 3009 3013 
f 3009 131 3012 
f 3013 3012 3010 
f 3012 3013 3009 
f 138 141 140 
f 141 137 139 
f 140 139 131 
f 139 140 141 
f 131 144 140 
f 144 142 145 
f 140 145 138 
f 145 140 144 
f 131 135 144 
f 135 132 143 
f 144 143 142 
f 143 144 135 
f 137 148 3016 
f 148 146 3015 
f 3016 3015 3014 
f 3015 3016 148 
f 3014 3017 3016 
f 3017 3010 3011 
f 3016 3011 137 
f 3011 3016 3017 
f 137 141 153 
f 141 138 152 
f 153 152 151 
f 152 153 141 
f 146 148 150 
f 148 137 149 
f 150 149 147 
f 149 150 148 
f 137 153 149 
f 153 151 154 
f 149 154 147 
f 154 149 153 
f 3014 3015 3020 
f 3015 146 3019 
f 3020 3019 3018 
f 3019 3020 3015 
f 146 157 3019 
f 157 155 3021 
f 3019 3021 3018 
f 3021 3019 157 
f 156 159 158 
f 159 155 157 
f 158 157 146 
f 157 158 159 
f 156 158 160 
f 158 146 150 
f 160 150 147 
f 150 160 158 
f 3018 3021 3024 
f 3021 155 3023 
f 3024 3023 3022 
f 3023 3024 3021 
f 155 163 3023 
f 163 161 3025 
f 3023 3025 3022 
f 3025 3023 163 
f 161 163 165 
f 163 155 164 
f 165 164 162 
f 164 165 163 
f 155 159 164 
f 159 156 166 
f 164 166 162 
f 166 164 159 
f 161 169 3025 
f 169 167 3026 
f 3025 3026 3022 
f 3026 3025 169 
f 161 173 170 
f 173 172 174 
f 170 174 168 
f 174 170 173 
f 167 169 171 
f 169 161 170 
f 171 170 168 
f 170 171 169 
f 172 173 175 
f 173 161 165 
f 175 165 162 
f 165 175 173 
f 3027 3028 3029 
f 3028 3022 3026 
f 3029 3026 167 
f 3026 3029 3028 
f 3030 3031 3032 
f 3031 167 178 
f 3032 178 176 
f 178 3032 3031 
f 3027 3029 3033 
f 3029 167 3031 
f 3033 3031 3030 
f 3031 3033 3029 
f 176 178 180 
f 178 167 179 
f 180 179 177 
f 179 180 178 
f 167 171 179 
f 171 168 181 
f 179 181 177 
f 181 179 171 
f 182 3034 184 
f 3034 3030 3032 
f 184 3032 176 
f 3032 184 3034 
f 183 186 185 
f 186 182 184 
f 185 184 176 
f 184 185 186 
f 183 185 187 
f 185 176 180 
f 187 180 177 
f 180 187 185 
f 3035 3036 3037 
f 3036 3030 3034 
f 3037 3034 182 
f 3034 3037 3036 
f 3035 3037 3038 
f 3037 182 190 
f 3038 190 188 
f 190 3038 3037 
f 182 194 191 
f 194 193 195 
f 191 195 189 
f 195 191 194 
f 188 190 192 
f 190 182 191 
f 192 191 189 
f 191 192 190 
f 193 194 196 
f 194 182 186 
f 196 186 183 
f 186 196 194 
f 197 3040 199 
f 3040 3039 3041 
f 199 3041 188 
f 3041 199 3040 
f 188 3041 3038 
f 3041 3039 3042 
f 3038 3042 3035 
f 3042 3038 3041 
f 197 199 201 
f 199 188 200 
f 201 200 198 
f 200 201 199 
f 188 192 200 
f 192 189 202 
f 200 202 198 
f 202 200 192 
f 3043 3044 3045 
f 3044 197 205 
f 3045 205 203 
f 205 3045 3044 
f 197 3044 3040 
f 3044 3043 3046 
f 3040 3046 3039 
f 3046 3040 3044 
f 197 206 205 
f 206 204 207 
f 205 207 203 
f 207 205 206 
f 197 201 206 
f 201 198 208 
f 206 208 204 
f 208 206 201 
f 203 3048 3045 
f 3048 3047 3049 
f 3045 3049 3043 
f 3049 3045 3048 
f 203 211 3048 
f 211 209 3050 
f 3048 3050 3047 
f 3050 3048 211 
f 203 215 212 
f 215 214 216 
f 212 216 210 
f 216 212 215 
f 203 207 215 
f 207 204 217 
f 215 217 214 
f 217 215 207 
f 209 211 213 
f 211 203 212 
f 213 212 210 
f 212 213 211 
f 218 3051 220 
f 3051 3047 3050 
f 220 3050 209 
f 3050 220 3051 
f 223 225 224 
f 225 219 221 
f 224 221 209 
f 221 224 225 
f 223 224 226 
f 224 209 213 
f 226 213 210 
f 213 226 224 
f 218 220 222 
f 220 209 221 
f 222 221 219 
f 221 222 220 
f 218 228 3052 
f 228 13 2976 
f 3052 2976 2974 
f 2976 3052 228 
f 3047 3051 3053 
f 3051 218 3052 
f 3053 3052 2974 
f 3052 3053 3051 
f 218 222 233 
f 222 219 232 
f 233 232 231 
f 232 233 222 
f 13 228 230 
f 228 218 229 
f 230 229 227 
f 229 230 228 
f 218 233 229 
f 233 231 234 
f 229 234 227 
f 234 229 233 
f 3 15 235 
f 15 13 230 
f 235 230 227 
f 230 235 15 
f 3054 3055 3056 
f 3055 2730 2998 
f 3056 2998 2996 
f 2998 3056 3055 
f 2736 2737 3057 
f 2737 2730 3055 
f 3057 3055 3054 
f 3055 3057 2737 
f 236 2739 2738 
f 2739 2730 2737 
f 2738 2737 2736 
f 2737 2738 2739 
f 25 2732 238 
f 2732 2730 2739 
f 238 2739 236 
f 2739 238 2732 
f 2736 3057 3060 
f 3057 3054 3059 
f 3060 3059 3058 
f 3059 3060 3057 
f 2740 2742 2741 
f 2742 236 2738 
f 2741 2738 2736 
f 2738 2741 2742 
f 3058 3061 3060 
f 3061 2740 2741 
f 3060 2741 2736 
f 2741 3060 3061 
f 236 2742 244 
f 2742 2740 2746 
f 244 2746 242 
f 2746 244 2742 
f 2743 2744 3064 
f 2744 2740 3063 
f 3064 3063 3062 
f 3063 3064 2744 
f 2743 2745 2744 
f 2745 242 2746 
f 2744 2746 2740 
f 2746 2744 2745 
f 3062 3063 3065 
f 3063 2740 3061 
f 3065 3061 3058 
f 3061 3065 3063 
f 2743 2750 2751 
f 2750 254 256 
f 2751 256 248 
f 256 2751 2750 
f 254 2750 2749 
f 2750 2743 2748 
f 2749 2748 2747 
f 2748 2749 2750 
f 2743 3067 2748 
f 3067 3066 3068 
f 2748 3068 2747 
f 3068 2748 3067 
f 3066 3067 3069 
f 3067 2743 3064 
f 3069 3064 3062 
f 3064 3069 3067 
f 248 250 2751 
f 250 242 2745 
f 2751 2745 2743 
f 2745 2751 250 
f 2747 3068 3072 
f 3068 3066 3071 
f 3072 3071 3070 
f 3071 3072 3068 
f 2747 2755 2749 
f 2755 260 262 
f 2749 262 254 
f 262 2749 2755 
f 2752 2753 3073 
f 2753 2747 3072 
f 3073 3072 3070 
f 3072 3073 2753 
f 2747 2753 2755 
f 2753 2752 2754 
f 2755 2754 260 
f 2754 2755 2753 
f 2756 2757 3076 
f 2757 2752 3075 
f 3076 3075 3074 
f 3075 3076 2757 
f 2752 2757 2759 
f 2757 2756 2758 
f 2759 2758 266 
f 2758 2759 2757 
f 2752 2759 2754 
f 2759 266 268 
f 2754 268 260 
f 268 2754 2759 
f 2752 3073 3075 
f 3073 3070 3077 
f 3075 3077 3074 
f 3077 3075 3073 
f 2760 2761 3080 
f 2761 2756 3079 
f 3080 3079 3078 
f 3079 3080 2761 
f 2760 2762 2761 
f 2762 266 2758 
f 2761 2758 2756 
f 2758 2761 2762 
f 2756 3076 3079 
f 3076 3074 3081 
f 3079 3081 3078 
f 3081 3079 3076 
f 2763 2765 2764 
f 2765 272 2766 
f 2764 2766 2760 
f 2766 2764 2765 
f 3082 3083 3084 
f 3083 2763 2764 
f 3084 2764 2760 
f 2764 3084 3083 
f 2760 3080 3084 
f 3080 3078 3085 
f 3084 3085 3082 
f 3085 3084 3080 
f 266 2762 274 
f 2762 2760 2766 
f 274 2766 272 
f 2766 274 2762 
f 2767 2768 3088 
f 2768 2763 3087 
f 3088 3087 3086 
f 3087 3088 2768 
f 2767 2769 2768 
f 2769 278 2770 
f 2768 2770 2763 
f 2770 2768 2769 
f 2763 3083 3087 
f 3083 3082 3089 
f 3087 3089 3086 
f 3089 3087 3083 
f 272 2765 280 
f 2765 2763 2770 
f 280 2770 278 
f 2770 280 2765 
f 278 2769 286 
f 2769 2767 2775 
f 286 2775 284 
f 2775 286 2769 
f 3090 3091 3092 
f 3091 2767 3088 
f 3092 3088 3086 
f 3088 3092 3091 
f 2767 2774 2775 
f 2774 290 292 
f 2775 292 284 
f 292 2775 2774 
f 2771 2772 3093 
f 2772 2767 3091 
f 3093 3091 3090 
f 3091 3093 2772 
f 2767 2772 2774 
f 2772 2771 2773 
f 2774 2773 290 
f 2773 2774 2772 
f 2771 2779 2773 
f 2779 296 298 
f 2773 298 290 
f 298 2773 2779 
f 296 2779 2778 
f 2779 2771 2777 
f 2778 2777 2776 
f 2777 2778 2779 
f 2771 3095 2777 
f 3095 3094 3096 
f 2777 3096 2776 
f 3096 2777 3095 
f 3094 3095 3097 
f 3095 2771 3093 
f 3097 3093 3090 
f 3093 3097 3095 
f 2776 3096 3100 
f 3096 3094 3099 
f 3100 3099 3098 
f 3099 3100 3096 
f 2780 2781 3101 
f 2781 2776 3100 
f 3101 3100 3098 
f 3100 3101 2781 
f 2776 2781 2783 
f 2781 2780 2782 
f 2783 2782 302 
f 2782 2783 2781 
f 2776 2783 2778 
f 2783 302 304 
f 2778 304 296 
f 304 2778 2783 
f 2784 2785 3104 
f 2785 2780 3103 
f 3104 3103 3102 
f 3103 3104 2785 
f 2780 2785 2782 
f 2785 2784 2786 
f 2782 2786 302 
f 2786 2782 2785 
f 3102 3103 3105 
f 3103 2780 3101 
f 3105 3101 3098 
f 3101 3105 3103 
f 2787 2789 3108 
f 2789 2784 3107 
f 3108 3107 3106 
f 3107 3108 2789 
f 2784 2789 2788 
f 2789 2787 2790 
f 2788 2790 308 
f 2790 2788 2789 
f 3106 3107 3109 
f 3107 2784 3104 
f 3109 3104 3102 
f 3104 3109 3107 
f 2784 2788 2786 
f 2788 308 310 
f 2786 310 302 
f 310 2786 2788 
f 2791 2792 3112 
f 2792 2787 3111 
f 3112 3111 3110 
f 3111 3112 2792 
f 2791 2793 2792 
f 2793 314 2794 
f 2792 2794 2787 
f 2794 2792 2793 
f 314 316 2794 
f 316 308 2790 
f 2794 2790 2787 
f 2790 2794 316 
f 3110 3111 3113 
f 3111 2787 3108 
f 3113 3108 3106 
f 3108 3113 3111 
f 2791 2798 2793 
f 2798 320 322 
f 2793 322 314 
f 322 2793 2798 
f 2795 2797 2796 
f 2797 320 2798 
f 2796 2798 2791 
f 2798 2796 2797 
f 3114 3115 3116 
f 3115 2795 2796 
f 3116 2796 2791 
f 2796 3116 3115 
f 2791 3112 3116 
f 3112 3110 3117 
f 3116 3117 3114 
f 3117 3116 3112 
f 2799 2800 3120 
f 2800 2795 3119 
f 3120 3119 3118 
f 3119 3120 2800 
f 326 2802 2801 
f 2802 2795 2800 
f 2801 2800 2799 
f 2800 2801 2802 
f 320 2797 328 
f 2797 2795 2802 
f 328 2802 326 
f 2802 328 2797 
f 3118 3119 3121 
f 3119 2795 3115 
f 3121 3115 3114 
f 3115 3121 3119 
f 2803 2804 3124 
f 2804 2799 3123 
f 3124 3123 3122 
f 3123 3124 2804 
f 2799 2804 2806 
f 2804 2803 2805 
f 2806 2805 338 
f 2805 2806 2804 
f 2799 2806 2807 
f 2806 338 340 
f 2807 340 332 
f 340 2807 2806 
f 326 2801 334 
f 2801 2799 2807 
f 334 2807 332 
f 2807 334 2801 
f 2799 3120 3123 
f 3120 3118 3125 
f 3123 3125 3122 
f 3125 3123 3120 
f 2808 2809 3128 
f 2809 2803 3127 
f 3128 3127 3126 
f 3127 3128 2809 
f 2808 2810 2809 
f 2810 338 2805 
f 2809 2805 2803 
f 2805 2809 2810 
f 2803 3124 3127 
f 3124 3122 3129 
f 3127 3129 3126 
f 3129 3127 3124 
f 2811 2813 3132 
f 2813 2808 3131 
f 3132 3131 3130 
f 3131 3132 2813 
f 2808 2813 2812 
f 2813 2811 2814 
f 2812 2814 344 
f 2814 2812 2813 
f 344 346 2812 
f 346 338 2810 
f 2812 2810 2808 
f 2810 2812 346 
f 3130 3131 3133 
f 3131 2808 3128 
f 3133 3128 3126 
f 3128 3133 3131 
f 2811 3132 3136 
f 3132 3130 3135 
f 3136 3135 3134 
f 3135 3136 3132 
f 2815 2817 2816 
f 2817 350 2818 
f 2816 2818 2811 
f 2818 2816 2817 
f 3134 3137 3136 
f 3137 2815 2816 
f 3136 2816 2811 
f 2816 3136 3137 
f 344 2814 352 
f 2814 2811 2818 
f 352 2818 350 
f 2818 352 2814 
f 350 2817 358 
f 2817 2815 2822 
f 358 2822 356 
f 2822 358 2817 
f 2815 3137 3140 
f 3137 3134 3139 
f 3140 3139 3138 
f 3139 3140 3137 
f 2819 2820 3141 
f 2820 2815 3140 
f 3141 3140 3138 
f 3140 3141 2820 
f 2819 2821 2820 
f 2821 356 2822 
f 2820 2822 2815 
f 2822 2820 2821 
f 356 2821 364 
f 2821 2819 2826 
f 364 2826 362 
f 2826 364 2821 
f 2823 2824 3144 
f 2824 2819 3143 
f 3144 3143 3142 
f 3143 3144 2824 
f 2823 2825 2824 
f 2825 362 2826 
f 2824 2826 2819 
f 2826 2824 2825 
f 2819 3141 3143 
f 3141 3138 3145 
f 3143 3145 3142 
f 3145 3143 3141 
f 2827 2828 3148 
f 2828 2823 3147 
f 3148 3147 3146 
f 3147 3148 2828 
f 2823 2828 2830 
f 2828 2827 2829 
f 2830 2829 368 
f 2829 2830 2828 
f 2823 3144 3147 
f 3144 3142 3149 
f 3147 3149 3146 
f 3149 3147 3144 
f 2823 2830 2825 
f 2830 368 370 
f 2825 370 362 
f 370 2825 2830 
f 2827 2834 2835 
f 2834 380 382 
f 2835 382 374 
f 382 2835 2834 
f 374 376 2835 
f 376 368 2829 
f 2835 2829 2827 
f 2829 2835 376 
f 2831 2832 3152 
f 2832 2827 3151 
f 3152 3151 3150 
f 3151 3152 2832 
f 380 2834 2833 
f 2834 2827 2832 
f 2833 2832 2831 
f 2832 2833 2834 
f 3150 3151 3153 
f 3151 2827 3148 
f 3153 3148 3146 
f 3148 3153 3151 
f 2836 2837 3156 
f 2837 2831 3155 
f 3156 3155 3154 
f 3155 3156 2837 
f 2836 2838 2837 
f 2838 386 2839 
f 2837 2839 2831 
f 2839 2837 2838 
f 2831 2839 2833 
f 2839 386 388 
f 2833 388 380 
f 388 2833 2839 
f 2831 3152 3155 
f 3152 3150 3157 
f 3155 3157 3154 
f 3157 3155 3152 
f 2840 2841 3160 
f 2841 2836 3159 
f 3160 3159 3158 
f 3159 3160 2841 
f 386 2838 2842 
f 2838 2836 2841 
f 2842 2841 2840 
f 2841 2842 2838 
f 2836 3156 3159 
f 3156 3154 3161 
f 3159 3161 3158 
f 3161 3159 3156 
f 386 2842 394 
f 2842 2840 2847 
f 394 2847 392 
f 2847 394 2842 
f 2840 3160 3164 
f 3160 3158 3163 
f 3164 3163 3162 
f 3163 3164 3160 
f 2843 2844 3165 
f 2844 2840 3164 
f 3165 3164 3162 
f 3164 3165 2844 
f 2840 2844 2846 
f 2844 2843 2845 
f 2846 2845 398 
f 2845 2846 2844 
f 2840 2846 2847 
f 2846 398 400 
f 2847 400 392 
f 400 2847 2846 
f 2848 2849 3168 
f 2849 2843 3167 
f 3168 3167 3166 
f 3167 3168 2849 
f 404 2851 2850 
f 2851 2843 2849 
f 2850 2849 2848 
f 2849 2850 2851 
f 2843 3165 3167 
f 3165 3162 3169 
f 3167 3169 3166 
f 3169 3167 3165 
f 404 406 2851 
f 406 398 2845 
f 2851 2845 2843 
f 2845 2851 406 
f 2852 2853 3172 
f 2853 2848 3171 
f 3172 3171 3170 
f 3171 3172 2853 
f 2852 2854 2853 
f 2854 410 2855 
f 2853 2855 2848 
f 2855 2853 2854 
f 404 2850 412 
f 2850 2848 2855 
f 412 2855 410 
f 2855 412 2850 
f 2848 3168 3171 
f 3168 3166 3173 
f 3171 3173 3170 
f 3173 3171 3168 
f 2852 2859 2854 
f 2859 416 418 
f 2854 418 410 
f 418 2854 2859 
f 416 2859 2858 
f 2859 2852 2857 
f 2858 2857 2856 
f 2857 2858 2859 
f 2852 3175 2857 
f 3175 3174 3176 
f 2857 3176 2856 
f 3176 2857 3175 
f 3174 3175 3177 
f 3175 2852 3172 
f 3177 3172 3170 
f 3172 3177 3175 
f 2856 3176 3180 
f 3176 3174 3179 
f 3180 3179 3178 
f 3179 3180 3176 
f 422 2863 2862 
f 2863 2856 2861 
f 2862 2861 2860 
f 2861 2862 2863 
f 2856 3180 2861 
f 3180 3178 3181 
f 2861 3181 2860 
f 3181 2861 3180 
f 2856 2863 2858 
f 2863 422 424 
f 2858 424 416 
f 424 2858 2863 
f 3182 3183 3184 
f 3183 2860 3181 
f 3184 3181 3178 
f 3181 3184 3183 
f 2864 2866 2865 
f 2866 422 2862 
f 2865 2862 2860 
f 2862 2865 2866 
f 3182 3185 3183 
f 3185 2864 2865 
f 3183 2865 2860 
f 2865 3183 3185 
f 422 2866 430 
f 2866 2864 2870 
f 430 2870 428 
f 2870 430 2866 
f 2867 2868 3188 
f 2868 2864 3187 
f 3188 3187 3186 
f 3187 3188 2868 
f 428 2870 2869 
f 2870 2864 2868 
f 2869 2868 2867 
f 2868 2869 2870 
f 2864 3185 3187 
f 3185 3182 3189 
f 3187 3189 3186 
f 3189 3187 3185 
f 440 2874 2873 
f 2874 2867 2872 
f 2873 2872 2871 
f 2872 2873 2874 
f 2867 3191 2872 
f 3191 3190 3192 
f 2872 3192 2871 
f 3192 2872 3191 
f 2867 2874 2875 
f 2874 440 442 
f 2875 442 434 
f 442 2875 2874 
f 428 2869 436 
f 2869 2867 2875 
f 436 2875 434 
f 2875 436 2869 
f 2867 3188 3191 
f 3188 3186 3193 
f 3191 3193 3190 
f 3193 3191 3188 
f 2876 2877 3196 
f 2877 2871 3195 
f 3196 3195 3194 
f 3195 3196 2877 
f 2871 2877 2879 
f 2877 2876 2878 
f 2879 2878 446 
f 2878 2879 2877 
f 2871 2879 2873 
f 2879 446 448 
f 2873 448 440 
f 448 2873 2879 
f 2871 3192 3195 
f 3192 3190 3197 
f 3195 3197 3194 
f 3197 3195 3192 
f 3198 3199 3200 
f 3199 2876 3196 
f 3200 3196 3194 
f 3196 3200 3199 
f 2880 2881 3201 
f 2881 2876 3199 
f 3201 3199 3198 
f 3199 3201 2881 
f 2876 2881 2878 
f 2881 2880 2882 
f 2878 2882 446 
f 2882 2878 2881 
f 452 454 2886 
f 454 446 2882 
f 2886 2882 2880 
f 2882 2886 454 
f 2883 2885 2884 
f 2885 452 2886 
f 2884 2886 2880 
f 2886 2884 2885 
f 3202 3203 3204 
f 3203 2883 2884 
f 3204 2884 2880 
f 2884 3204 3203 
f 2880 3201 3204 
f 3201 3198 3205 
f 3204 3205 3202 
f 3205 3204 3201 
f 452 2885 460 
f 2885 2883 2891 
f 460 2891 458 
f 2891 460 2885 
f 2887 2888 3208 
f 2888 2883 3207 
f 3208 3207 3206 
f 3207 3208 2888 
f 464 2890 2889 
f 2890 2883 2888 
f 2889 2888 2887 
f 2888 2889 2890 
f 2883 2890 2891 
f 2890 464 466 
f 2891 466 458 
f 466 2891 2890 
f 2883 3203 3207 
f 3203 3202 3209 
f 3207 3209 3206 
f 3209 3207 3203 
f 2892 2893 3212 
f 2893 2887 3211 
f 3212 3211 3210 
f 3211 3212 2893 
f 464 2889 2894 
f 2889 2887 2893 
f 2894 2893 2892 
f 2893 2894 2889 
f 3210 3211 3213 
f 3211 2887 3208 
f 3213 3208 3206 
f 3208 3213 3211 
f 2892 2898 2899 
f 2898 479 481 
f 2899 481 470 
f 481 2899 2898 
f 479 2898 2897 
f 2898 2892 2896 
f 2897 2896 2895 
f 2896 2897 2898 
f 2892 3215 2896 
f 3215 3214 3216 
f 2896 3216 2895 
f 3216 2896 3215 
f 2892 3212 3215 
f 3212 3210 3217 
f 3215 3217 3214 
f 3217 3215 3212 
f 464 2894 472 
f 2894 2892 2899 
f 472 2899 470 
f 2899 472 2894 
f 3218 3219 3220 
f 3219 2895 3216 
f 3220 3216 3214 
f 3216 3220 3219 
f 2895 2903 2897 
f 2903 485 487 
f 2897 487 479 
f 487 2897 2903 
f 2900 2901 3221 
f 2901 2895 3219 
f 3221 3219 3218 
f 3219 3221 2901 
f 485 2903 2902 
f 2903 2895 2901 
f 2902 2901 2900 
f 2901 2902 2903 
f 2900 2907 2902 
f 2907 491 493 
f 2902 493 485 
f 493 2902 2907 
f 491 2907 2906 
f 2907 2900 2905 
f 2906 2905 2904 
f 2905 2906 2907 
f 2900 3223 2905 
f 3223 3222 3224 
f 2905 3224 2904 
f 3224 2905 3223 
f 2900 3221 3223 
f 3221 3218 3225 
f 3223 3225 3222 
f 3225 3223 3221 
f 497 499 2911 
f 499 491 2906 
f 2911 2906 2904 
f 2906 2911 499 
f 2908 2909 3228 
f 2909 2904 3227 
f 3228 3227 3226 
f 3227 3228 2909 
f 497 2911 2910 
f 2911 2904 2909 
f 2910 2909 2908 
f 2909 2910 2911 
f 2904 3224 3227 
f 3224 3222 3229 
f 3227 3229 3226 
f 3229 3227 3224 
f 2912 2913 3232 
f 2913 2908 3231 
f 3232 3231 3230 
f 3231 3232 2913 
f 2908 2913 2915 
f 2913 2912 2914 
f 2915 2914 503 
f 2914 2915 2913 
f 2908 2915 2910 
f 2915 503 505 
f 2910 505 497 
f 505 2910 2915 
f 3230 3231 3233 
f 3231 2908 3228 
f 3233 3228 3226 
f 3228 3233 3231 
f 2916 2917 3236 
f 2917 2912 3235 
f 3236 3235 3234 
f 3235 3236 2917 
f 503 2914 2918 
f 2914 2912 2917 
f 2918 2917 2916 
f 2917 2918 2914 
f 2912 3232 3235 
f 3232 3230 3237 
f 3235 3237 3234 
f 3237 3235 3232 
f 2919 2921 2920 
f 2921 509 2922 
f 2920 2922 2916 
f 2922 2920 2921 
f 3238 3239 3240 
f 3239 2919 2920 
f 3240 2920 2916 
f 2920 3240 3239 
f 2916 3236 3240 
f 3236 3234 3241 
f 3240 3241 3238 
f 3241 3240 3236 
f 503 2918 511 
f 2918 2916 2922 
f 511 2922 509 
f 2922 511 2918 
f 509 2921 517 
f 2921 2919 2924 
f 517 2924 515 
f 2924 517 2921 
f 2923 2925 3244 
f 2925 2919 3243 
f 3244 3243 3242 
f 3243 3244 2925 
f 2919 2925 2924 
f 2925 2923 2926 
f 2924 2926 515 
f 2926 2924 2925 
f 3242 3243 3245 
f 3243 2919 3239 
f 3245 3239 3238 
f 3239 3245 3243 
f 3246 3247 3248 
f 3247 2923 3244 
f 3248 3244 3242 
f 3244 3248 3247 
f 2927 2928 3249 
f 2928 2923 3247 
f 3249 3247 3246 
f 3247 3249 2928 
f 2927 2929 2928 
f 2929 521 2930 
f 2928 2930 2923 
f 2930 2928 2929 
f 521 523 2930 
f 523 515 2926 
f 2930 2926 2923 
f 2926 2930 523 
f 2931 2932 3252 
f 2932 2927 3251 
f 3252 3251 3250 
f 3251 3252 2932 
f 533 2934 2933 
f 2934 2927 2932 
f 2933 2932 2931 
f 2932 2933 2934 
f 2927 3249 3251 
f 3249 3246 3253 
f 3251 3253 3250 
f 3253 3251 3249 
f 521 2929 529 
f 2929 2927 2935 
f 529 2935 527 
f 2935 529 2929 
f 533 535 2934 
f 535 527 2935 
f 2934 2935 2927 
f 2935 2934 535 
f 2936 2937 3256 
f 2937 2931 3255 
f 3256 3255 3254 
f 3255 3256 2937 
f 2931 2937 2939 
f 2937 2936 2938 
f 2939 2938 539 
f 2938 2939 2937 
f 2931 2939 2933 
f 2939 539 541 
f 2933 541 533 
f 541 2933 2939 
f 3254 3255 3257 
f 3255 2931 3252 
f 3257 3252 3250 
f 3252 3257 3255 
f 545 2943 2942 
f 2943 2936 2941 
f 2942 2941 2940 
f 2941 2942 2943 
f 2936 3259 2941 
f 3259 3258 3260 
f 2941 3260 2940 
f 3260 2941 3259 
f 3258 3259 3261 
f 3259 2936 3256 
f 3261 3256 3254 
f 3256 3261 3259 
f 2936 2943 2938 
f 2943 545 547 
f 2938 547 539 
f 547 2938 2943 
f 2944 2945 3264 
f 2945 2940 3263 
f 3264 3263 3262 
f 3263 3264 2945 
f 2944 2946 2945 
f 2946 545 2942 
f 2945 2942 2940 
f 2942 2945 2946 
f 2940 3260 3263 
f 3260 3258 3265 
f 3263 3265 3262 
f 3265 3263 3260 
f 551 553 2950 
f 553 545 2946 
f 2950 2946 2944 
f 2946 2950 553 
f 2947 2948 3268 
f 2948 2944 3267 
f 3268 3267 3266 
f 3267 3268 2948 
f 551 2950 2949 
f 2950 2944 2948 
f 2949 2948 2947 
f 2948 2949 2950 
f 2944 3264 3267 
f 3264 3262 3269 
f 3267 3269 3266 
f 3269 3267 3264 
f 563 565 2954 
f 565 557 2955 
f 2954 2955 2947 
f 2955 2954 565 
f 2951 2952 3272 
f 2952 2947 3271 
f 3272 3271 3270 
f 3271 3272 2952 
f 2947 2952 2954 
f 2952 2951 2953 
f 2954 2953 563 
f 2953 2954 2952 
f 551 2949 559 
f 2949 2947 2955 
f 559 2955 557 
f 2955 559 2949 
f 2947 3268 3271 
f 3268 3266 3273 
f 3271 3273 3270 
f 3273 3271 3268 
f 2951 2959 2953 
f 2959 569 571 
f 2953 571 563 
f 571 2953 2959 
f 569 2959 2958 
f 2959 2951 2957 
f 2958 2957 2956 
f 2957 2958 2959 
f 2951 3275 2957 
f 3275 3274 3276 
f 2957 3276 2956 
f 3276 2957 3275 
f 2951 3272 3275 
f 3272 3270 3277 
f 3275 3277 3274 
f 3277 3275 3272 
f 2960 2961 3280 
f 2961 2956 3279 
f 3280 3279 3278 
f 3279 3280 2961 
f 2956 2961 2958 
f 2961 2960 2962 
f 2958 2962 569 
f 2962 2958 2961 
f 2956 3276 3279 
f 3276 3274 3281 
f 3279 3281 3278 
f 3281 3279 3276 
f 581 583 2966 
f 583 575 2967 
f 2966 2967 2960 
f 2967 2966 583 
f 2963 2964 3284 
f 2964 2960 3283 
f 3284 3283 3282 
f 3283 3284 2964 
f 2960 2964 2966 
f 2964 2963 2965 
f 2966 2965 581 
f 2965 2966 2964 
f 575 577 2967 
f 577 569 2962 
f 2967 2962 2960 
f 2962 2967 577 
f 3282 3283 3285 
f 3283 2960 3280 
f 3285 3280 3278 
f 3280 3285 3283 
f 2968 2969 3288 
f 2969 2963 3287 
f 3288 3287 3286 
f 3287 3288 2969 
f 2963 2969 2971 
f 2969 2968 2970 
f 2971 2970 587 
f 2970 2971 2969 
f 587 589 2971 
f 589 581 2965 
f 2971 2965 2963 
f 2965 2971 589 
f 3286 3287 3289 
f 3287 2963 3284 
f 3289 3284 3282 
f 3284 3289 3287 
f 2733 2972 3292 
f 2972 2968 3291 
f 3292 3291 3290 
f 3291 3292 2972 
f 2968 2972 2973 
f 2972 2733 2734 
f 2973 2734 28 
f 2734 2973 2972 
f 28 594 2973 
f 594 587 2970 
f 2973 2970 2968 
f 2970 2973 594 
f 2968 3288 3291 
f 3288 3286 3293 
f 3291 3293 3290 
f 3293 3291 3288 
f 2999 3000 3294 
f 3000 2733 3292 
f 3294 3292 3290 
f 3292 3294 3000 
f 22 27 241 
f 27 25 240 
f 241 240 237 
f 240 241 27 
f 25 238 240 
f 238 236 239 
f 240 239 237 
f 239 240 238 
f 243 247 246 
f 247 237 239 
f 246 239 236 
f 239 246 247 
f 236 244 246 
f 244 242 245 
f 246 245 243 
f 245 246 244 
f 242 252 245 
f 252 249 253 
f 245 253 243 
f 253 245 252 
f 249 252 251 
f 252 242 250 
f 251 250 248 
f 250 251 252 
f 248 258 251 
f 258 255 259 
f 251 259 249 
f 259 251 258 
f 254 257 256 
f 257 255 258 
f 256 258 248 
f 258 256 257 
f 255 257 265 
f 257 254 264 
f 265 264 261 
f 264 265 257 
f 254 262 264 
f 262 260 263 
f 264 263 261 
f 263 264 262 
f 267 271 270 
f 271 261 263 
f 270 263 260 
f 263 270 271 
f 260 268 270 
f 268 266 269 
f 270 269 267 
f 269 270 268 
f 266 276 269 
f 276 273 277 
f 269 277 267 
f 277 269 276 
f 272 275 274 
f 275 273 276 
f 274 276 266 
f 276 274 275 
f 273 275 283 
f 275 272 282 
f 283 282 279 
f 282 283 275 
f 272 280 282 
f 280 278 281 
f 282 281 279 
f 281 282 280 
f 279 281 289 
f 281 278 288 
f 289 288 285 
f 288 289 281 
f 278 286 288 
f 286 284 287 
f 288 287 285 
f 287 288 286 
f 284 294 287 
f 294 291 295 
f 287 295 285 
f 295 287 294 
f 290 293 292 
f 293 291 294 
f 292 294 284 
f 294 292 293 
f 290 300 293 
f 300 297 301 
f 293 301 291 
f 301 293 300 
f 290 298 300 
f 298 296 299 
f 300 299 297 
f 299 300 298 
f 303 307 306 
f 307 297 299 
f 306 299 296 
f 299 306 307 
f 296 304 306 
f 304 302 305 
f 306 305 303 
f 305 306 304 
f 302 312 305 
f 312 309 313 
f 305 313 303 
f 313 305 312 
f 309 312 311 
f 312 302 310 
f 311 310 308 
f 310 311 312 
f 309 311 319 
f 311 308 318 
f 319 318 315 
f 318 319 311 
f 308 316 318 
f 316 314 317 
f 318 317 315 
f 317 318 316 
f 314 322 324 
f 322 320 323 
f 324 323 321 
f 323 324 322 
f 321 325 324 
f 325 315 317 
f 324 317 314 
f 317 324 325 
f 321 323 331 
f 323 320 330 
f 331 330 327 
f 330 331 323 
f 320 328 330 
f 328 326 329 
f 330 329 327 
f 329 330 328 
f 326 336 329 
f 336 333 337 
f 329 337 327 
f 337 329 336 
f 332 335 334 
f 335 333 336 
f 334 336 326 
f 336 334 335 
f 339 343 342 
f 343 333 335 
f 342 335 332 
f 335 342 343 
f 339 342 341 
f 342 332 340 
f 341 340 338 
f 340 341 342 
f 339 341 349 
f 341 338 348 
f 349 348 345 
f 348 349 341 
f 345 348 347 
f 348 338 346 
f 347 346 344 
f 346 347 348 
f 351 355 354 
f 355 345 347 
f 354 347 344 
f 347 354 355 
f 351 354 353 
f 354 344 352 
f 353 352 350 
f 352 353 354 
f 351 353 361 
f 353 350 360 
f 361 360 357 
f 360 361 353 
f 357 360 359 
f 360 350 358 
f 359 358 356 
f 358 359 360 
f 363 366 365 
f 366 356 364 
f 365 364 362 
f 364 365 366 
f 356 366 359 
f 366 363 367 
f 359 367 357 
f 367 359 366 
f 363 365 373 
f 365 362 372 
f 373 372 369 
f 372 373 365 
f 362 370 372 
f 370 368 371 
f 372 371 369 
f 371 372 370 
f 369 371 379 
f 371 368 378 
f 379 378 375 
f 378 379 371 
f 368 376 378 
f 376 374 377 
f 378 377 375 
f 377 378 376 
f 374 382 384 
f 382 380 383 
f 384 383 381 
f 383 384 382 
f 374 384 377 
f 384 381 385 
f 377 385 375 
f 385 377 384 
f 387 391 390 
f 391 381 383 
f 390 383 380 
f 383 390 391 
f 380 388 390 
f 388 386 389 
f 390 389 387 
f 389 390 388 
f 393 397 396 
f 397 387 389 
f 396 389 386 
f 389 396 397 
f 392 395 394 
f 395 393 396 
f 394 396 386 
f 396 394 395 
f 393 395 403 
f 395 392 402 
f 403 402 399 
f 402 403 395 
f 392 400 402 
f 400 398 401 
f 402 401 399 
f 401 402 400 
f 398 408 401 
f 408 405 409 
f 401 409 399 
f 409 401 408 
f 404 407 406 
f 407 405 408 
f 406 408 398 
f 408 406 407 
f 405 407 415 
f 407 404 414 
f 415 414 411 
f 414 415 407 
f 404 412 414 
f 412 410 413 
f 414 413 411 
f 413 414 412 
f 410 420 413 
f 420 417 421 
f 413 421 411 
f 421 413 420 
f 410 418 420 
f 418 416 419 
f 420 419 417 
f 419 420 418 
f 416 424 426 
f 424 422 425 
f 426 425 423 
f 425 426 424 
f 417 419 427 
f 419 416 426 
f 427 426 423 
f 426 427 419 
f 422 430 432 
f 430 428 431 
f 432 431 429 
f 431 432 430 
f 423 425 433 
f 425 422 432 
f 433 432 429 
f 432 433 425 
f 428 438 431 
f 438 435 439 
f 431 439 429 
f 439 431 438 
f 428 436 438 
f 436 434 437 
f 438 437 435 
f 437 438 436 
f 441 445 444 
f 445 435 437 
f 444 437 434 
f 437 444 445 
f 441 444 443 
f 444 434 442 
f 443 442 440 
f 442 443 444 
f 441 443 451 
f 443 440 450 
f 451 450 447 
f 450 451 443 
f 447 450 449 
f 450 440 448 
f 449 448 446 
f 448 449 450 
f 446 456 449 
f 456 453 457 
f 449 457 447 
f 457 449 456 
f 453 456 455 
f 456 446 454 
f 455 454 452 
f 454 455 456 
f 452 462 455 
f 462 459 463 
f 455 463 453 
f 463 455 462 
f 458 461 460 
f 461 459 462 
f 460 462 452 
f 462 460 461 
f 459 461 469 
f 461 458 468 
f 469 468 465 
f 468 469 461 
f 464 467 466 
f 467 465 468 
f 466 468 458 
f 468 466 467 
f 464 474 476 
f 474 471 477 
f 476 477 475 
f 477 476 474 
f 465 467 478 
f 467 464 476 
f 478 476 475 
f 476 478 467 
f 464 472 474 
f 472 470 473 
f 474 473 471 
f 473 474 472 
f 471 473 484 
f 473 470 483 
f 484 483 480 
f 483 484 473 
f 470 481 483 
f 481 479 482 
f 483 482 480 
f 482 483 481 
f 479 487 489 
f 487 485 488 
f 489 488 486 
f 488 489 487 
f 479 489 482 
f 489 486 490 
f 482 490 480 
f 490 482 489 
f 485 495 488 
f 495 492 496 
f 488 496 486 
f 496 488 495 
f 485 493 495 
f 493 491 494 
f 495 494 492 
f 494 495 493 
f 492 494 502 
f 494 491 501 
f 502 501 498 
f 501 502 494 
f 491 499 501 
f 499 497 500 
f 501 500 498 
f 500 501 499 
f 497 507 500 
f 507 504 508 
f 500 508 498 
f 508 500 507 
f 497 505 507 
f 505 503 506 
f 507 506 504 
f 506 507 505 
f 509 512 511 
f 512 510 513 
f 511 513 503 
f 513 511 512 
f 504 506 514 
f 506 503 513 
f 514 513 510 
f 513 514 506 
f 516 520 519 
f 520 510 512 
f 519 512 509 
f 512 519 520 
f 516 519 518 
f 519 509 517 
f 518 517 515 
f 517 518 519 
f 522 526 525 
f 526 516 518 
f 525 518 515 
f 518 525 526 
f 515 523 525 
f 523 521 524 
f 525 524 522 
f 524 525 523 
f 521 531 524 
f 531 528 532 
f 524 532 522 
f 532 524 531 
f 527 530 529 
f 530 528 531 
f 529 531 521 
f 531 529 530 
f 528 530 538 
f 530 527 537 
f 538 537 534 
f 537 538 530 
f 534 537 536 
f 537 527 535 
f 536 535 533 
f 535 536 537 
f 540 544 543 
f 544 534 536 
f 543 536 533 
f 536 543 544 
f 533 541 543 
f 541 539 542 
f 543 542 540 
f 542 543 541 
f 539 549 542 
f 549 546 550 
f 542 550 540 
f 550 542 549 
f 545 548 547 
f 548 546 549 
f 547 549 539 
f 549 547 548 
f 546 548 556 
f 548 545 555 
f 556 555 552 
f 555 556 548 
f 545 553 555 
f 553 551 554 
f 555 554 552 
f 554 555 553 
f 551 559 561 
f 559 557 560 
f 561 560 558 
f 560 561 559 
f 558 562 561 
f 562 552 554 
f 561 554 551 
f 554 561 562 
f 557 567 560 
f 567 564 568 
f 560 568 558 
f 568 560 567 
f 564 567 566 
f 567 557 565 
f 566 565 563 
f 565 566 567 
f 563 573 566 
f 573 570 574 
f 566 574 564 
f 574 566 573 
f 570 573 572 
f 573 563 571 
f 572 571 569 
f 571 572 573 
f 570 572 580 
f 572 569 579 
f 580 579 576 
f 579 580 572 
f 569 577 579 
f 577 575 578 
f 579 578 576 
f 578 579 577 
f 576 578 586 
f 578 575 585 
f 586 585 582 
f 585 586 578 
f 575 583 585 
f 583 581 584 
f 585 584 582 
f 584 585 583 
f 581 589 591 
f 589 587 590 
f 591 590 588 
f 590 591 589 
f 588 592 591 
f 592 582 584 
f 591 584 581 
f 584 591 592 
f 587 596 590 
f 596 593 597 
f 590 597 588 
f 597 590 596 
f 593 596 595 
f 596 587 594 
f 595 594 28 
f 594 595 596 
f 28 30 595 
f 30 18 598 
f 595 598 593 
f 598 595 30 
f 3295 3296 3297 
f 3296 3043 3049 
f 3297 3049 3047 
f 3049 3297 3296 
f 3047 3053 3298 
f 3053 2974 3003 
f 3298 3003 2990 
f 3003 3298 3053 
f 3047 3298 3297 
f 3298 2990 3299 
f 3297 3299 3295 
f 3299 3297 3298 
f 3030 3300 3033 
f 3300 2984 3301 
f 3033 3301 3027 
f 3301 3033 3300 
f 2984 3300 3302 
f 3300 3030 3036 
f 3302 3036 3035 
f 3036 3302 3300 
f 3018 3024 3305 
f 3024 3022 3304 
f 3305 3304 3303 
f 3304 3305 3024 
f 3027 3306 3028 
f 3306 3303 3304 
f 3028 3304 3022 
f 3304 3028 3306 
f 3014 3307 3017 
f 3307 3303 3308 
f 3017 3308 3010 
f 3308 3017 3307 
f 3010 3309 3013 
f 3309 2986 3310 
f 3013 3310 3006 
f 3310 3013 3309 
f 3010 3308 3309 
f 3308 3303 3311 
f 3309 3311 2986 
f 3311 3309 3308 
f 3295 3312 3296 
f 3312 3039 3046 
f 3296 3046 3043 
f 3046 3296 3312 
f 3295 3313 3312 
f 3313 3035 3042 
f 3312 3042 3039 
f 3042 3312 3313 
f 3006 3310 3008 
f 3310 2986 3004 
f 3008 3004 2980 
f 3004 3008 3310 
f 2990 2992 3299 
f 2992 2984 3314 
f 3299 3314 3295 
f 3314 3299 2992 
f 2984 2989 3315 
f 2989 2986 3311 
f 3315 3311 3303 
f 3311 3315 2989 
f 3014 3020 3307 
f 3020 3018 3305 
f 3307 3305 3303 
f 3305 3307 3020 
f 2984 3315 3301 
f 3315 3303 3306 
f 3301 3306 3027 
f 3306 3301 3315 
f 3295 3314 3313 
f 3314 2984 3302 
f 3313 3302 3035 
f 3302 3313 3314 
f 79 82 605 
f 82 65 604 
f 605 604 602 
f 604 605 82 
f 65 601 604 
f 601 599 603 
f 604 603 602 
f 603 604 601 
f 59 600 72 
f 600 599 601 
f 72 601 65 
f 601 72 600 
f 611 613 612 
f 613 606 608 
f 612 608 534 
f 608 612 613 
f 607 610 609 
f 610 534 608 
f 609 608 606 
f 608 609 610 
f 611 612 614 
f 612 534 544 
f 614 544 540 
f 544 614 612 
f 528 538 615 
f 538 534 610 
f 615 610 607 
f 610 615 538 
f 616 618 617 
f 618 69 83 
f 617 83 75 
f 83 617 618 
f 619 620 622 
f 620 69 618 
f 622 618 616 
f 618 622 620 
f 69 620 73 
f 620 619 621 
f 73 621 55 
f 621 73 620 
f 291 301 625 
f 301 297 624 
f 625 624 623 
f 624 625 301 
f 623 624 628 
f 624 297 627 
f 628 627 626 
f 627 628 624 
f 297 307 627 
f 307 303 629 
f 627 629 626 
f 629 627 307 
f 630 631 636 
f 631 504 635 
f 636 635 633 
f 635 636 631 
f 504 631 508 
f 631 630 632 
f 508 632 498 
f 632 508 631 
f 633 635 634 
f 635 504 514 
f 634 514 510 
f 514 634 635 
f 642 644 643 
f 644 327 639 
f 643 639 637 
f 639 643 644 
f 637 639 641 
f 639 327 640 
f 641 640 638 
f 640 641 639 
f 327 337 640 
f 337 333 646 
f 640 646 638 
f 646 640 337 
f 327 644 331 
f 644 642 645 
f 331 645 321 
f 645 331 644 
f 435 445 651 
f 445 441 653 
f 651 653 650 
f 653 651 445 
f 435 651 648 
f 651 650 652 
f 648 652 647 
f 652 648 651 
f 435 648 439 
f 648 647 649 
f 439 649 429 
f 649 439 648 
f 393 658 397 
f 658 657 659 
f 397 659 387 
f 659 397 658 
f 657 658 660 
f 658 393 656 
f 660 656 654 
f 656 660 658 
f 654 656 655 
f 656 393 403 
f 655 403 399 
f 403 655 656 
f 666 667 670 
f 667 369 379 
f 670 379 375 
f 379 670 667 
f 369 665 373 
f 665 662 669 
f 373 669 363 
f 669 373 665 
f 661 663 668 
f 663 369 667 
f 668 667 666 
f 667 668 663 
f 369 663 665 
f 663 661 664 
f 665 664 662 
f 664 665 663 
f 453 463 677 
f 463 459 675 
f 677 675 672 
f 675 677 463 
f 459 469 673 
f 469 465 676 
f 673 676 671 
f 676 673 469 
f 459 673 675 
f 673 671 674 
f 675 674 672 
f 674 675 673 
f 682 685 684 
f 685 681 683 
f 684 683 177 
f 683 684 685 
f 681 686 683 
f 686 183 187 
f 683 187 177 
f 187 683 686 
f 168 679 181 
f 679 678 680 
f 181 680 177 
f 680 181 679 
f 177 680 684 
f 680 678 687 
f 684 687 682 
f 687 684 680 
f 198 690 692 
f 690 688 694 
f 692 694 691 
f 694 692 690 
f 204 208 693 
f 208 198 692 
f 693 692 691 
f 692 693 208 
f 189 689 202 
f 689 688 690 
f 202 690 198 
f 690 202 689 
f 156 705 698 
f 705 702 707 
f 698 707 696 
f 707 698 705 
f 156 698 697 
f 698 696 699 
f 697 699 695 
f 699 697 698 
f 156 160 703 
f 160 147 706 
f 703 706 701 
f 706 703 160 
f 156 703 705 
f 703 701 704 
f 705 704 702 
f 704 705 703 
f 156 697 166 
f 697 695 700 
f 166 700 162 
f 700 166 697 
f 219 713 232 
f 713 711 714 
f 232 714 231 
f 714 232 713 
f 711 713 712 
f 713 219 710 
f 712 710 708 
f 710 712 713 
f 219 225 710 
f 225 223 709 
f 710 709 708 
f 709 710 225 
f 126 718 136 
f 718 715 716 
f 136 716 132 
f 716 136 718 
f 142 143 717 
f 143 132 716 
f 717 716 715 
f 716 717 143 
f 570 720 574 
f 720 719 721 
f 574 721 564 
f 721 574 720 
f 564 723 568 
f 723 722 724 
f 568 724 558 
f 724 568 723 
f 564 721 723 
f 721 719 725 
f 723 725 722 
f 725 723 721 
f 267 727 731 
f 727 726 730 
f 731 730 729 
f 730 731 727 
f 273 728 277 
f 728 726 727 
f 277 727 267 
f 727 277 728 
f 261 271 732 
f 271 267 731 
f 732 731 729 
f 731 732 271 
f 351 735 740 
f 735 733 739 
f 740 739 738 
f 739 740 735 
f 351 736 735 
f 736 734 737 
f 735 737 733 
f 737 735 736 
f 738 742 740 
f 742 345 355 
f 740 355 351 
f 355 740 742 
f 351 361 736 
f 361 357 741 
f 736 741 734 
f 741 736 361 
f 480 490 745 
f 490 486 744 
f 745 744 743 
f 744 745 490 
f 746 749 748 
f 749 471 484 
f 748 484 480 
f 484 748 749 
f 480 745 748 
f 745 743 747 
f 748 747 746 
f 747 748 745 
f 405 415 755 
f 415 411 754 
f 755 754 753 
f 754 755 415 
f 411 752 754 
f 752 750 756 
f 754 756 753 
f 756 754 752 
f 750 752 751 
f 752 411 421 
f 751 421 417 
f 421 751 752 
f 79 763 92 
f 763 760 761 
f 92 761 85 
f 761 92 763 
f 85 761 758 
f 761 760 762 
f 758 762 757 
f 762 758 761 
f 85 758 102 
f 758 757 759 
f 102 759 95 
f 759 102 758 
f 89 767 766 
f 767 765 768 
f 766 768 764 
f 768 766 767 
f 765 767 772 
f 767 89 103 
f 772 103 99 
f 103 772 767 
f 89 766 771 
f 766 764 770 
f 771 770 769 
f 770 771 766 
f 75 93 773 
f 93 89 771 
f 773 771 769 
f 771 773 93 
f 45 779 62 
f 779 777 780 
f 62 780 59 
f 780 62 779 
f 774 778 776 
f 778 777 779 
f 776 779 45 
f 779 776 778 
f 32 775 52 
f 775 774 776 
f 52 776 45 
f 776 52 775 
f 784 785 786 
f 785 49 783 
f 786 783 781 
f 783 786 785 
f 781 783 782 
f 783 49 63 
f 782 63 55 
f 63 782 783 
f 784 787 785 
f 787 36 53 
f 785 53 49 
f 53 785 787 
f 255 794 259 
f 794 791 792 
f 259 792 249 
f 792 259 794 
f 249 792 789 
f 792 791 793 
f 789 793 788 
f 793 789 792 
f 249 789 253 
f 789 788 790 
f 253 790 243 
f 790 253 789 
f 798 800 799 
f 800 582 796 
f 799 796 795 
f 796 799 800 
f 582 592 796 
f 592 588 797 
f 796 797 795 
f 797 796 592 
f 798 801 800 
f 801 576 586 
f 800 586 582 
f 586 800 801 
f 802 803 808 
f 803 381 807 
f 808 807 805 
f 807 808 803 
f 387 806 391 
f 806 805 807 
f 391 807 381 
f 807 391 806 
f 802 804 803 
f 804 375 385 
f 803 385 381 
f 385 803 804 
f 812 815 814 
f 815 441 451 
f 814 451 447 
f 451 814 815 
f 447 810 814 
f 810 809 813 
f 814 813 812 
f 813 814 810 
f 809 810 811 
f 810 447 457 
f 811 457 453 
f 457 811 810 
f 819 821 820 
f 821 816 817 
f 820 817 423 
f 817 820 821 
f 417 427 818 
f 427 423 817 
f 818 817 816 
f 817 818 427 
f 423 433 820 
f 433 429 822 
f 820 822 819 
f 822 820 433 
f 826 827 829 
f 827 492 502 
f 829 502 498 
f 502 829 827 
f 492 824 496 
f 824 823 825 
f 496 825 486 
f 825 496 824 
f 492 827 824 
f 827 826 828 
f 824 828 823 
f 828 824 827 
f 833 834 836 
f 834 339 349 
f 836 349 345 
f 349 836 834 
f 830 832 831 
f 832 333 343 
f 831 343 339 
f 343 831 832 
f 833 835 834 
f 835 830 831 
f 834 831 339 
f 831 834 835 
f 837 841 838 
f 841 840 842 
f 838 842 315 
f 842 838 841 
f 309 319 843 
f 319 315 842 
f 843 842 840 
f 842 843 319 
f 837 838 839 
f 838 315 325 
f 839 325 321 
f 325 839 838 
f 847 848 850 
f 848 138 846 
f 850 846 844 
f 846 850 848 
f 151 152 849 
f 152 138 848 
f 849 848 847 
f 848 849 152 
f 138 145 846 
f 145 142 845 
f 846 845 844 
f 845 846 145 
f 142 852 845 
f 852 851 853 
f 845 853 844 
f 853 845 852 
f 142 717 856 
f 717 715 855 
f 856 855 854 
f 855 856 717 
f 851 852 857 
f 852 142 856 
f 857 856 854 
f 856 857 852 
f 510 520 860 
f 520 516 859 
f 860 859 858 
f 859 860 520 
f 861 863 862 
f 863 858 859 
f 862 859 516 
f 859 862 863 
f 516 526 862 
f 526 522 864 
f 862 864 861 
f 864 862 526 
f 210 866 226 
f 866 865 867 
f 226 867 223 
f 867 226 866 
f 214 868 216 
f 868 865 866 
f 216 866 210 
f 866 216 868 
f 865 870 867 
f 870 869 871 
f 867 871 223 
f 871 867 870 
f 869 873 871 
f 873 872 874 
f 871 874 223 
f 874 871 873 
f 223 874 709 
f 874 872 875 
f 709 875 708 
f 875 709 874 
f 546 877 550 
f 877 876 878 
f 550 878 540 
f 878 550 877 
f 876 877 882 
f 877 546 881 
f 882 881 879 
f 881 882 877 
f 546 556 881 
f 556 552 880 
f 881 880 879 
f 880 881 556 
f 623 883 625 
f 883 285 295 
f 625 295 291 
f 295 625 883 
f 623 885 883 
f 885 884 886 
f 883 886 285 
f 886 883 885 
f 279 289 890 
f 289 285 888 
f 890 888 887 
f 888 890 289 
f 884 889 886 
f 889 887 888 
f 886 888 285 
f 888 886 889 
f 891 893 892 
f 893 99 112 
f 892 112 105 
f 112 892 893 
f 891 892 896 
f 892 105 895 
f 896 895 894 
f 895 896 892 
f 894 895 897 
f 895 105 121 
f 897 121 114 
f 121 897 895 
f 898 901 900 
f 901 899 902 
f 900 902 109 
f 902 900 901 
f 109 113 900 
f 113 95 903 
f 900 903 898 
f 903 900 113 
f 904 906 905 
f 906 109 902 
f 905 902 899 
f 902 905 906 
f 904 907 906 
f 907 118 122 
f 906 122 109 
f 122 906 907 
f 227 911 909 
f 911 711 912 
f 909 912 908 
f 912 909 911 
f 3 235 910 
f 235 227 909 
f 910 909 908 
f 909 910 235 
f 231 714 234 
f 714 711 911 
f 234 911 227 
f 911 234 714 
f 126 130 916 
f 130 7 42 
f 916 42 39 
f 42 916 130 
f 126 914 718 
f 914 913 915 
f 718 915 715 
f 915 718 914 
f 126 916 914 
f 916 39 917 
f 914 917 913 
f 917 914 916 
f 918 920 919 
f 920 151 849 
f 919 849 847 
f 849 919 920 
f 151 920 922 
f 920 918 921 
f 922 921 701 
f 921 922 920 
f 151 922 154 
f 922 701 706 
f 154 706 147 
f 706 154 922 
f 691 927 926 
f 927 923 924 
f 926 924 214 
f 924 926 927 
f 204 693 217 
f 693 691 926 
f 217 926 214 
f 926 217 693 
f 214 924 868 
f 924 923 925 
f 868 925 865 
f 925 868 924 
f 928 932 930 
f 932 931 933 
f 930 933 189 
f 933 930 932 
f 193 929 195 
f 929 928 930 
f 195 930 189 
f 930 195 929 
f 688 689 934 
f 689 189 933 
f 934 933 931 
f 933 934 689 
f 928 929 937 
f 929 193 936 
f 937 936 935 
f 936 937 929 
f 193 938 936 
f 938 681 939 
f 936 939 935 
f 939 936 938 
f 193 196 938 
f 196 183 686 
f 938 686 681 
f 686 938 196 
f 940 942 941 
f 942 928 937 
f 941 937 935 
f 937 941 942 
f 928 942 945 
f 942 940 944 
f 945 944 943 
f 944 945 942 
f 943 946 945 
f 946 931 932 
f 945 932 928 
f 932 945 946 
f 947 949 948 
f 949 940 941 
f 948 941 935 
f 941 948 949 
f 947 948 952 
f 948 935 951 
f 952 951 950 
f 951 952 948 
f 950 951 953 
f 951 935 939 
f 953 939 681 
f 939 953 951 
f 940 956 959 
f 956 954 958 
f 959 958 957 
f 958 959 956 
f 954 956 955 
f 956 940 949 
f 955 949 947 
f 949 955 956 
f 957 960 959 
f 960 943 944 
f 959 944 940 
f 944 959 960 
f 947 965 962 
f 965 964 966 
f 962 966 961 
f 966 962 965 
f 947 962 955 
f 962 961 963 
f 955 963 954 
f 963 955 962 
f 950 967 952 
f 967 964 965 
f 952 965 947 
f 965 952 967 
f 971 974 973 
f 974 968 969 
f 973 969 954 
f 969 973 974 
f 954 963 973 
f 963 961 972 
f 973 972 971 
f 972 973 963 
f 957 958 970 
f 958 954 969 
f 970 969 968 
f 969 970 958 
f 957 970 977 
f 970 968 976 
f 977 976 975 
f 976 977 970 
f 978 980 979 
f 980 957 977 
f 979 977 975 
f 977 979 980 
f 978 981 980 
f 981 943 960 
f 980 960 957 
f 960 980 981 
f 961 966 984 
f 966 964 983 
f 984 983 982 
f 983 984 966 
f 961 984 987 
f 984 982 986 
f 987 986 985 
f 986 987 984 
f 985 988 987 
f 988 971 972 
f 987 972 961 
f 972 987 988 
f 968 990 976 
f 990 989 991 
f 976 991 975 
f 991 976 990 
f 992 993 995 
f 993 968 974 
f 995 974 971 
f 974 995 993 
f 989 990 994 
f 990 968 993 
f 994 993 992 
f 993 994 990 
f 989 997 991 
f 997 996 998 
f 991 998 975 
f 998 991 997 
f 999 1001 1000 
f 1001 975 998 
f 1000 998 996 
f 998 1000 1001 
f 978 979 1002 
f 979 975 1001 
f 1002 1001 999 
f 1001 1002 979 
f 989 1004 997 
f 1004 1003 1005 
f 997 1005 996 
f 1005 997 1004 
f 1006 1007 1009 
f 1007 989 994 
f 1009 994 992 
f 994 1009 1007 
f 1006 1008 1007 
f 1008 1003 1004 
f 1007 1004 989 
f 1004 1007 1008 
f 996 1012 1015 
f 1012 1010 1014 
f 1015 1014 1013 
f 1014 1015 1012 
f 996 1005 1012 
f 1005 1003 1011 
f 1012 1011 1010 
f 1011 1012 1005 
f 996 1015 1000 
f 1015 1013 1016 
f 1000 1016 999 
f 1016 1000 1015 
f 1003 1018 1011 
f 1018 1017 1019 
f 1011 1019 1010 
f 1019 1011 1018 
f 1020 1023 1022 
f 1023 1017 1018 
f 1022 1018 1003 
f 1018 1022 1023 
f 1006 1021 1008 
f 1021 1020 1022 
f 1008 1022 1003 
f 1022 1008 1021 
f 1024 1025 1029 
f 1025 1010 1028 
f 1029 1028 1027 
f 1028 1029 1025 
f 1010 1025 1014 
f 1025 1024 1026 
f 1014 1026 1013 
f 1026 1014 1025 
f 1017 1030 1019 
f 1030 1027 1028 
f 1019 1028 1010 
f 1028 1019 1030 
f 1024 1032 1026 
f 1032 1031 1033 
f 1026 1033 1013 
f 1033 1026 1032 
f 1031 1035 1033 
f 1035 1034 1036 
f 1033 1036 1013 
f 1036 1033 1035 
f 1034 1037 1036 
f 1037 999 1016 
f 1036 1016 1013 
f 1016 1036 1037 
f 1024 1042 1039 
f 1042 1041 1043 
f 1039 1043 1038 
f 1043 1039 1042 
f 1027 1044 1029 
f 1044 1041 1042 
f 1029 1042 1024 
f 1042 1029 1044 
f 1031 1032 1040 
f 1032 1024 1039 
f 1040 1039 1038 
f 1039 1040 1032 
f 1038 1046 1040 
f 1046 1045 1047 
f 1040 1047 1031 
f 1047 1040 1046 
f 1048 1050 1049 
f 1050 1031 1047 
f 1049 1047 1045 
f 1047 1049 1050 
f 1048 1051 1050 
f 1051 1034 1035 
f 1050 1035 1031 
f 1035 1050 1051 
f 1038 1053 1046 
f 1053 1052 1054 
f 1046 1054 1045 
f 1054 1046 1053 
f 1041 1058 1043 
f 1058 1055 1056 
f 1043 1056 1038 
f 1056 1043 1058 
f 1055 1057 1056 
f 1057 1052 1053 
f 1056 1053 1038 
f 1053 1056 1057 
f 1062 1065 1064 
f 1065 1048 1049 
f 1064 1049 1045 
f 1049 1064 1065 
f 1052 1060 1054 
f 1060 1059 1061 
f 1054 1061 1045 
f 1061 1054 1060 
f 1059 1063 1061 
f 1063 1062 1064 
f 1061 1064 1045 
f 1064 1061 1063 
f 1069 1070 1072 
f 1070 1006 1068 
f 1072 1068 1066 
f 1068 1072 1070 
f 1069 1071 1070 
f 1071 1020 1021 
f 1070 1021 1006 
f 1021 1070 1071 
f 1066 1068 1067 
f 1068 1006 1009 
f 1067 1009 992 
f 1009 1067 1068 
f 1073 1074 1078 
f 1074 1052 1077 
f 1078 1077 1076 
f 1077 1078 1074 
f 1076 1077 1079 
f 1077 1052 1057 
f 1079 1057 1055 
f 1057 1079 1077 
f 1059 1060 1075 
f 1060 1052 1074 
f 1075 1074 1073 
f 1074 1075 1060 
f 1059 1075 1082 
f 1075 1073 1081 
f 1082 1081 1080 
f 1081 1082 1075 
f 1059 1082 1085 
f 1082 1080 1084 
f 1085 1084 1083 
f 1084 1085 1082 
f 1062 1063 1086 
f 1063 1059 1085 
f 1086 1085 1083 
f 1085 1086 1063 
f 1073 1088 1081 
f 1088 1087 1089 
f 1081 1089 1080 
f 1089 1081 1088 
f 1073 1078 1091 
f 1078 1076 1093 
f 1091 1093 1090 
f 1093 1091 1078 
f 1073 1091 1088 
f 1091 1090 1092 
f 1088 1092 1087 
f 1092 1088 1091 
f 1094 1096 1095 
f 1096 1080 1089 
f 1095 1089 1087 
f 1089 1095 1096 
f 1080 1099 1084 
f 1099 1097 1100 
f 1084 1100 1083 
f 1100 1084 1099 
f 1097 1099 1098 
f 1099 1080 1096 
f 1098 1096 1094 
f 1096 1098 1099 
f 1017 1023 1105 
f 1023 1020 1107 
f 1105 1107 1104 
f 1107 1105 1023 
f 1017 1105 1102 
f 1105 1104 1106 
f 1102 1106 1101 
f 1106 1102 1105 
f 1017 1102 1030 
f 1102 1101 1103 
f 1030 1103 1027 
f 1103 1030 1102 
f 1108 1110 1109 
f 1110 982 983 
f 1109 983 964 
f 983 1109 1110 
f 1114 1116 1115 
f 1116 1111 1112 
f 1115 1112 964 
f 1112 1115 1116 
f 950 1117 967 
f 1117 1114 1115 
f 967 1115 964 
f 1115 967 1117 
f 964 1112 1109 
f 1112 1111 1113 
f 1109 1113 1108 
f 1113 1109 1112 
f 1121 1123 1122 
f 1123 982 1120 
f 1122 1120 1118 
f 1120 1122 1123 
f 1108 1119 1110 
f 1119 1118 1120 
f 1110 1120 982 
f 1120 1110 1119 
f 982 1123 986 
f 1123 1121 1124 
f 986 1124 985 
f 1124 986 1123 
f 1108 1113 1129 
f 1113 1111 1131 
f 1129 1131 1128 
f 1131 1129 1113 
f 1125 1126 1130 
f 1126 1108 1129 
f 1130 1129 1128 
f 1129 1130 1126 
f 1118 1119 1127 
f 1119 1108 1126 
f 1127 1126 1125 
f 1126 1127 1119 
f 1118 1137 1122 
f 1137 1135 1138 
f 1122 1138 1121 
f 1138 1122 1137 
f 1135 1137 1136 
f 1137 1118 1134 
f 1136 1134 1132 
f 1134 1136 1137 
f 1118 1127 1134 
f 1127 1125 1133 
f 1134 1133 1132 
f 1133 1134 1127 
f 1125 1140 1133 
f 1140 1139 1141 
f 1133 1141 1132 
f 1141 1133 1140 
f 1128 1145 1130 
f 1145 1142 1143 
f 1130 1143 1125 
f 1143 1130 1145 
f 1139 1140 1144 
f 1140 1125 1143 
f 1144 1143 1142 
f 1143 1144 1140 
f 1139 1147 1141 
f 1147 1146 1148 
f 1141 1148 1132 
f 1148 1141 1147 
f 1146 1152 1148 
f 1152 1149 1150 
f 1148 1150 1132 
f 1150 1148 1152 
f 1149 1151 1150 
f 1151 1135 1136 
f 1150 1136 1132 
f 1136 1150 1151 
f 1139 1154 1147 
f 1154 1153 1155 
f 1147 1155 1146 
f 1155 1147 1154 
f 1156 1158 1157 
f 1158 1153 1154 
f 1157 1154 1139 
f 1154 1157 1158 
f 1139 1144 1157 
f 1144 1142 1159 
f 1157 1159 1156 
f 1159 1157 1144 
f 1160 1163 1162 
f 1163 678 679 
f 1162 679 168 
f 679 1162 1163 
f 172 1161 174 
f 1161 1160 1162 
f 174 1162 168 
f 1162 174 1161 
f 1121 1138 1166 
f 1138 1135 1165 
f 1166 1165 1164 
f 1165 1166 1138 
f 1135 1169 1165 
f 1169 1167 1170 
f 1165 1170 1164 
f 1170 1165 1169 
f 1135 1151 1169 
f 1151 1149 1168 
f 1169 1168 1167 
f 1168 1169 1151 
f 1146 1155 1173 
f 1155 1153 1172 
f 1173 1172 1171 
f 1172 1173 1155 
f 1149 1152 1177 
f 1152 1146 1176 
f 1177 1176 1174 
f 1176 1177 1152 
f 1146 1173 1176 
f 1173 1171 1175 
f 1176 1175 1174 
f 1175 1176 1173 
f 1153 1179 1172 
f 1179 1178 1180 
f 1172 1180 1171 
f 1180 1172 1179 
f 1153 1158 1182 
f 1158 1156 1184 
f 1182 1184 1181 
f 1184 1182 1158 
f 1153 1182 1179 
f 1182 1181 1183 
f 1179 1183 1178 
f 1183 1179 1182 
f 172 1186 1161 
f 1186 1185 1187 
f 1161 1187 1160 
f 1187 1161 1186 
f 1185 1186 1189 
f 1186 172 1188 
f 1189 1188 695 
f 1188 1189 1186 
f 695 1188 700 
f 1188 172 175 
f 700 175 162 
f 175 700 1188 
f 1193 1194 1196 
f 1194 1171 1192 
f 1196 1192 1190 
f 1192 1196 1194 
f 1178 1191 1180 
f 1191 1190 1192 
f 1180 1192 1171 
f 1192 1180 1191 
f 1174 1175 1195 
f 1175 1171 1194 
f 1195 1194 1193 
f 1194 1195 1175 
f 1197 1201 1199 
f 1201 1200 1202 
f 1199 1202 1178 
f 1202 1199 1201 
f 1190 1191 1203 
f 1191 1178 1202 
f 1203 1202 1200 
f 1202 1203 1191 
f 1181 1198 1183 
f 1198 1197 1199 
f 1183 1199 1178 
f 1199 1183 1198 
f 1181 1184 1208 
f 1184 1156 1210 
f 1208 1210 1207 
f 1210 1208 1184 
f 1207 1209 1208 
f 1209 1204 1205 
f 1208 1205 1181 
f 1205 1208 1209 
f 1197 1198 1206 
f 1198 1181 1205 
f 1206 1205 1204 
f 1205 1206 1198 
f 1200 1201 1217 
f 1201 1197 1216 
f 1217 1216 1214 
f 1216 1217 1201 
f 1197 1206 1213 
f 1206 1204 1212 
f 1213 1212 1211 
f 1212 1213 1206 
f 1211 1215 1213 
f 1215 1214 1216 
f 1213 1216 1197 
f 1216 1213 1215 
f 1204 1222 1219 
f 1222 1221 1223 
f 1219 1223 1218 
f 1223 1219 1222 
f 1211 1212 1220 
f 1212 1204 1219 
f 1220 1219 1218 
f 1219 1220 1212 
f 1207 1224 1209 
f 1224 1221 1222 
f 1209 1222 1204 
f 1222 1209 1224 
f 1218 1226 1220 
f 1226 1225 1227 
f 1220 1227 1211 
f 1227 1220 1226 
f 1211 1227 1230 
f 1227 1225 1229 
f 1230 1229 1228 
f 1229 1230 1227 
f 1211 1230 1215 
f 1230 1228 1231 
f 1215 1231 1214 
f 1231 1215 1230 
f 1218 1233 1226 
f 1233 1232 1234 
f 1226 1234 1225 
f 1234 1226 1233 
f 1235 1237 1236 
f 1237 1232 1233 
f 1236 1233 1218 
f 1233 1236 1237 
f 1221 1238 1223 
f 1238 1235 1236 
f 1223 1236 1218 
f 1236 1223 1238 
f 1242 1244 1243 
f 1244 1225 1241 
f 1243 1241 1239 
f 1241 1243 1244 
f 1239 1241 1240 
f 1241 1225 1234 
f 1240 1234 1232 
f 1234 1240 1241 
f 1225 1244 1229 
f 1244 1242 1245 
f 1229 1245 1228 
f 1245 1229 1244 
f 1232 1250 1247 
f 1250 1249 1251 
f 1247 1251 1246 
f 1251 1247 1250 
f 1249 1250 1252 
f 1250 1232 1237 
f 1252 1237 1235 
f 1237 1252 1250 
f 1246 1248 1247 
f 1248 1239 1240 
f 1247 1240 1232 
f 1240 1247 1248 
f 1239 1258 1243 
f 1258 1256 1259 
f 1243 1259 1242 
f 1259 1243 1258 
f 1246 1254 1248 
f 1254 1253 1255 
f 1248 1255 1239 
f 1255 1248 1254 
f 1256 1258 1257 
f 1258 1239 1255 
f 1257 1255 1253 
f 1255 1257 1258 
f 1249 1266 1251 
f 1266 1263 1264 
f 1251 1264 1246 
f 1264 1251 1266 
f 1253 1254 1262 
f 1254 1246 1261 
f 1262 1261 1260 
f 1261 1262 1254 
f 1260 1261 1265 
f 1261 1246 1264 
f 1265 1264 1263 
f 1264 1265 1261 
f 1267 1271 1269 
f 1271 1270 1272 
f 1269 1272 1253 
f 1272 1269 1271 
f 1256 1257 1273 
f 1257 1253 1272 
f 1273 1272 1270 
f 1272 1273 1257 
f 1260 1268 1262 
f 1268 1267 1269 
f 1262 1269 1253 
f 1269 1262 1268 
f 1274 1276 1275 
f 1276 1267 1268 
f 1275 1268 1260 
f 1268 1275 1276 
f 1260 1278 1275 
f 1278 1277 1279 
f 1275 1279 1274 
f 1279 1275 1278 
f 1260 1265 1278 
f 1265 1263 1280 
f 1278 1280 1277 
f 1280 1278 1265 
f 1267 1276 1283 
f 1276 1274 1282 
f 1283 1282 1281 
f 1282 1283 1276 
f 1284 1286 1285 
f 1286 1267 1283 
f 1285 1283 1281 
f 1283 1285 1286 
f 1270 1271 1287 
f 1271 1267 1286 
f 1287 1286 1284 
f 1286 1287 1271 
f 1281 1282 1290 
f 1282 1274 1289 
f 1290 1289 1288 
f 1289 1290 1282 
f 1291 1293 1292 
f 1293 1288 1289 
f 1292 1289 1274 
f 1289 1292 1293 
f 1291 1292 1294 
f 1292 1274 1279 
f 1294 1279 1277 
f 1279 1294 1292 
f 1298 1300 1299 
f 1300 1281 1297 
f 1299 1297 1295 
f 1297 1299 1300 
f 1295 1297 1296 
f 1297 1281 1290 
f 1296 1290 1288 
f 1290 1296 1297 
f 1281 1300 1285 
f 1300 1298 1301 
f 1285 1301 1284 
f 1301 1285 1300 
f 1305 1307 1306 
f 1307 1288 1304 
f 1306 1304 1302 
f 1304 1306 1307 
f 1291 1303 1293 
f 1303 1302 1304 
f 1293 1304 1288 
f 1304 1293 1303 
f 1288 1307 1296 
f 1307 1305 1308 
f 1296 1308 1295 
f 1308 1296 1307 
f 1277 1315 1294 
f 1315 1312 1313 
f 1294 1313 1291 
f 1313 1294 1315 
f 1309 1311 1310 
f 1311 1302 1303 
f 1310 1303 1291 
f 1303 1310 1311 
f 1309 1310 1314 
f 1310 1291 1313 
f 1314 1313 1312 
f 1313 1314 1310 
f 1316 1318 1317 
f 1318 1305 1306 
f 1317 1306 1302 
f 1306 1317 1318 
f 1319 1320 1322 
f 1320 1302 1311 
f 1322 1311 1309 
f 1311 1322 1320 
f 1302 1320 1317 
f 1320 1319 1321 
f 1317 1321 1316 
f 1321 1317 1320 
f 1323 1327 1325 
f 1327 1326 1328 
f 1325 1328 1305 
f 1328 1325 1327 
f 1316 1324 1318 
f 1324 1323 1325 
f 1318 1325 1305 
f 1325 1318 1324 
f 1295 1308 1329 
f 1308 1305 1328 
f 1329 1328 1326 
f 1328 1329 1308 
f 1330 1332 1331 
f 1332 1323 1324 
f 1331 1324 1316 
f 1324 1331 1332 
f 1333 1335 1334 
f 1335 1330 1331 
f 1334 1331 1316 
f 1331 1334 1335 
f 1319 1336 1321 
f 1336 1333 1334 
f 1321 1334 1316 
f 1334 1321 1336 
f 1323 1341 1327 
f 1341 1340 1342 
f 1327 1342 1326 
f 1342 1327 1341 
f 1337 1339 1338 
f 1339 1323 1332 
f 1338 1332 1330 
f 1332 1338 1339 
f 1340 1341 1343 
f 1341 1323 1339 
f 1343 1339 1337 
f 1339 1343 1341 
f 1330 1349 1338 
f 1349 1347 1350 
f 1338 1350 1337 
f 1350 1338 1349 
f 1344 1346 1345 
f 1346 1330 1335 
f 1345 1335 1333 
f 1335 1345 1346 
f 1347 1349 1348 
f 1349 1330 1346 
f 1348 1346 1344 
f 1346 1348 1349 
f 1354 1355 1357 
f 1355 847 1353 
f 1357 1353 1351 
f 1353 1357 1355 
f 918 919 1356 
f 919 847 1355 
f 1356 1355 1354 
f 1355 1356 919 
f 847 850 1353 
f 850 844 1352 
f 1353 1352 1351 
f 1352 1353 850 
f 844 853 1361 
f 853 851 1364 
f 1361 1364 1359 
f 1364 1361 853 
f 844 1361 1360 
f 1361 1359 1362 
f 1360 1362 1358 
f 1362 1360 1361 
f 1351 1352 1363 
f 1352 844 1360 
f 1363 1360 1358 
f 1360 1363 1352 
f 1368 1369 1371 
f 1369 1087 1092 
f 1371 1092 1090 
f 1092 1371 1369 
f 1368 1370 1369 
f 1370 1365 1366 
f 1369 1366 1087 
f 1366 1369 1370 
f 1365 1367 1366 
f 1367 1094 1095 
f 1366 1095 1087 
f 1095 1366 1367 
f 1097 1098 1374 
f 1098 1094 1373 
f 1374 1373 1372 
f 1373 1374 1098 
f 1375 1377 1376 
f 1377 1372 1373 
f 1376 1373 1094 
f 1373 1376 1377 
f 1365 1378 1367 
f 1378 1375 1376 
f 1367 1376 1094 
f 1376 1367 1378 
f 1379 1383 1381 
f 1383 1382 1384 
f 1381 1384 1097 
f 1384 1381 1383 
f 1379 1381 1380 
f 1381 1097 1374 
f 1380 1374 1372 
f 1374 1380 1381 
f 1097 1384 1100 
f 1384 1382 1385 
f 1100 1385 1083 
f 1385 1100 1384 
f 1372 1390 1387 
f 1390 1389 1391 
f 1387 1391 1386 
f 1391 1387 1390 
f 1389 1390 1392 
f 1390 1372 1377 
f 1392 1377 1375 
f 1377 1392 1390 
f 1386 1388 1387 
f 1388 1379 1380 
f 1387 1380 1372 
f 1380 1387 1388 
f 1396 1399 1398 
f 1399 1375 1378 
f 1398 1378 1365 
f 1378 1398 1399 
f 1393 1395 1394 
f 1395 1365 1370 
f 1394 1370 1368 
f 1370 1394 1395 
f 1396 1398 1397 
f 1398 1365 1395 
f 1397 1395 1393 
f 1395 1397 1398 
f 1400 1402 1401 
f 1402 1256 1273 
f 1401 1273 1270 
f 1273 1401 1402 
f 1270 1405 1401 
f 1405 1403 1406 
f 1401 1406 1400 
f 1406 1401 1405 
f 1284 1404 1287 
f 1404 1403 1405 
f 1287 1405 1270 
f 1405 1287 1404 
f 1160 1409 1412 
f 1409 1407 1411 
f 1412 1411 1410 
f 1411 1412 1409 
f 1185 1408 1187 
f 1408 1407 1409 
f 1187 1409 1160 
f 1409 1187 1408 
f 678 1163 1413 
f 1163 1160 1412 
f 1413 1412 1410 
f 1412 1413 1163 
f 1027 1415 1044 
f 1415 1414 1416 
f 1044 1416 1041 
f 1416 1044 1415 
f 1414 1420 1416 
f 1420 1417 1418 
f 1416 1418 1041 
f 1418 1416 1420 
f 1417 1419 1418 
f 1419 1055 1058 
f 1418 1058 1041 
f 1058 1418 1419 
f 1256 1422 1259 
f 1422 1421 1423 
f 1259 1423 1242 
f 1423 1259 1422 
f 1242 1425 1245 
f 1425 1424 1426 
f 1245 1426 1228 
f 1426 1245 1425 
f 1424 1425 1427 
f 1425 1242 1423 
f 1427 1423 1421 
f 1423 1427 1425 
f 1200 1217 1434 
f 1217 1214 1433 
f 1434 1433 1431 
f 1433 1434 1217 
f 1214 1429 1433 
f 1429 1428 1432 
f 1433 1432 1431 
f 1432 1433 1429 
f 1428 1429 1430 
f 1429 1214 1231 
f 1430 1231 1228 
f 1231 1430 1429 
f 1438 1441 1440 
f 1441 1149 1177 
f 1440 1177 1174 
f 1177 1440 1441 
f 1174 1437 1440 
f 1437 1435 1439 
f 1440 1439 1438 
f 1439 1440 1437 
f 1435 1437 1436 
f 1437 1174 1195 
f 1436 1195 1193 
f 1195 1436 1437 
f 1048 1065 1446 
f 1065 1062 1448 
f 1446 1448 1445 
f 1448 1446 1065 
f 1445 1447 1446 
f 1447 1442 1443 
f 1446 1443 1048 
f 1443 1446 1447 
f 1048 1443 1051 
f 1443 1442 1444 
f 1051 1444 1034 
f 1444 1051 1443 
f 1449 1451 1450 
f 1451 869 870 
f 1450 870 865 
f 870 1450 1451 
f 865 925 1450 
f 925 923 1452 
f 1450 1452 1449 
f 1452 1450 925 
f 1453 1454 1458 
f 1454 869 1457 
f 1458 1457 1456 
f 1457 1458 1454 
f 869 1451 1457 
f 1451 1449 1459 
f 1457 1459 1456 
f 1459 1457 1451 
f 869 1454 873 
f 1454 1453 1455 
f 873 1455 872 
f 1455 873 1454 
f 1453 1461 1455 
f 1461 1460 1462 
f 1455 1462 872 
f 1462 1455 1461 
f 1460 1464 1462 
f 1464 1463 1465 
f 1462 1465 872 
f 1465 1462 1464 
f 872 1465 875 
f 1465 1463 1466 
f 875 1466 708 
f 1466 875 1465 
f 1470 1471 1473 
f 1471 1263 1266 
f 1473 1266 1249 
f 1266 1473 1471 
f 1467 1469 1468 
f 1469 1277 1280 
f 1468 1280 1263 
f 1280 1468 1469 
f 1467 1468 1472 
f 1468 1263 1471 
f 1472 1471 1470 
f 1471 1472 1468 
f 1477 1480 1479 
f 1480 1319 1322 
f 1479 1322 1309 
f 1322 1479 1480 
f 1309 1476 1479 
f 1476 1474 1478 
f 1479 1478 1477 
f 1478 1479 1476 
f 1309 1314 1476 
f 1314 1312 1475 
f 1476 1475 1474 
f 1475 1476 1314 
f 1484 1485 1487 
f 1485 1193 1196 
f 1487 1196 1190 
f 1196 1487 1485 
f 1193 1482 1436 
f 1482 1481 1483 
f 1436 1483 1435 
f 1483 1436 1482 
f 1481 1482 1486 
f 1482 1193 1485 
f 1486 1485 1484 
f 1485 1486 1482 
f 1344 1345 1490 
f 1345 1333 1489 
f 1490 1489 1488 
f 1489 1490 1345 
f 1491 1492 1494 
f 1492 1333 1336 
f 1494 1336 1319 
f 1336 1494 1492 
f 1491 1493 1492 
f 1493 1488 1489 
f 1492 1489 1333 
f 1489 1492 1493 
f 1495 1497 1496 
f 1497 1347 1348 
f 1496 1348 1344 
f 1348 1496 1497 
f 1344 1490 1499 
f 1490 1488 1501 
f 1499 1501 1498 
f 1501 1499 1490 
f 1495 1496 1500 
f 1496 1344 1499 
f 1500 1499 1498 
f 1499 1500 1496 
f 1505 1508 1507 
f 1508 1337 1350 
f 1507 1350 1347 
f 1350 1507 1508 
f 1347 1504 1507 
f 1504 1502 1506 
f 1507 1506 1505 
f 1506 1507 1504 
f 1495 1503 1497 
f 1503 1502 1504 
f 1497 1504 1347 
f 1504 1497 1503 
f 1495 1513 1510 
f 1513 1512 1514 
f 1510 1514 1509 
f 1514 1510 1513 
f 1509 1511 1510 
f 1511 1502 1503 
f 1510 1503 1495 
f 1503 1510 1511 
f 1495 1500 1513 
f 1500 1498 1515 
f 1513 1515 1512 
f 1515 1513 1500 
f 1509 1517 1511 
f 1517 1516 1518 
f 1511 1518 1502 
f 1518 1511 1517 
f 1505 1506 1521 
f 1506 1502 1520 
f 1521 1520 1519 
f 1520 1521 1506 
f 1502 1518 1520 
f 1518 1516 1522 
f 1520 1522 1519 
f 1522 1520 1518 
f 1526 1529 1528 
f 1529 1516 1517 
f 1528 1517 1509 
f 1517 1528 1529 
f 1523 1527 1525 
f 1527 1526 1528 
f 1525 1528 1509 
f 1528 1525 1527 
f 1523 1525 1524 
f 1525 1509 1514 
f 1524 1514 1512 
f 1514 1524 1525 
f 1533 1534 1536 
f 1534 1512 1515 
f 1536 1515 1498 
f 1515 1536 1534 
f 1530 1531 1535 
f 1531 1512 1534 
f 1535 1534 1533 
f 1534 1535 1531 
f 1523 1524 1532 
f 1524 1512 1531 
f 1532 1531 1530 
f 1531 1532 1524 
f 1537 1539 1538 
f 1539 1523 1532 
f 1538 1532 1530 
f 1532 1538 1539 
f 1537 1541 1539 
f 1541 1540 1542 
f 1539 1542 1523 
f 1542 1539 1541 
f 1540 1543 1542 
f 1543 1526 1527 
f 1542 1527 1523 
f 1527 1542 1543 
f 1533 1550 1535 
f 1550 1547 1548 
f 1535 1548 1530 
f 1548 1535 1550 
f 1530 1548 1545 
f 1548 1547 1549 
f 1545 1549 1544 
f 1549 1545 1548 
f 1537 1538 1546 
f 1538 1530 1545 
f 1546 1545 1544 
f 1545 1546 1538 
f 1551 1553 1552 
f 1553 1537 1546 
f 1552 1546 1544 
f 1546 1552 1553 
f 1537 1556 1541 
f 1556 1554 1557 
f 1541 1557 1540 
f 1557 1541 1556 
f 1537 1553 1556 
f 1553 1551 1555 
f 1556 1555 1554 
f 1555 1556 1553 
f 1561 1563 1562 
f 1563 1558 1559 
f 1562 1559 1544 
f 1559 1562 1563 
f 1558 1560 1559 
f 1560 1551 1552 
f 1559 1552 1544 
f 1552 1559 1560 
f 1547 1564 1549 
f 1564 1561 1562 
f 1549 1562 1544 
f 1562 1549 1564 
f 1551 1567 1570 
f 1567 1565 1569 
f 1570 1569 1568 
f 1569 1570 1567 
f 1551 1560 1567 
f 1560 1558 1566 
f 1567 1566 1565 
f 1566 1567 1560 
f 1551 1570 1555 
f 1570 1568 1571 
f 1555 1571 1554 
f 1571 1555 1570 
f 1575 1576 1578 
f 1576 1558 1563 
f 1578 1563 1561 
f 1563 1578 1576 
f 1565 1566 1574 
f 1566 1558 1573 
f 1574 1573 1572 
f 1573 1574 1566 
f 1572 1573 1577 
f 1573 1558 1576 
f 1577 1576 1575 
f 1576 1577 1573 
f 1579 1581 1580 
f 1581 1565 1574 
f 1580 1574 1572 
f 1574 1580 1581 
f 1565 1584 1569 
f 1584 1582 1585 
f 1569 1585 1568 
f 1585 1569 1584 
f 1582 1584 1583 
f 1584 1565 1581 
f 1583 1581 1579 
f 1581 1583 1584 
f 1572 1591 1587 
f 1591 1589 1592 
f 1587 1592 1586 
f 1592 1587 1591 
f 1579 1580 1588 
f 1580 1572 1587 
f 1588 1587 1586 
f 1587 1588 1580 
f 1572 1577 1591 
f 1577 1575 1590 
f 1591 1590 1589 
f 1590 1591 1577 
f 1579 1588 1596 
f 1588 1586 1599 
f 1596 1599 1594 
f 1599 1596 1588 
f 1579 1596 1595 
f 1596 1594 1597 
f 1595 1597 1593 
f 1597 1595 1596 
f 1579 1595 1583 
f 1595 1593 1598 
f 1583 1598 1582 
f 1598 1583 1595 
f 1603 1606 1605 
f 1606 1600 1601 
f 1605 1601 1568 
f 1601 1605 1606 
f 1582 1604 1585 
f 1604 1603 1605 
f 1585 1605 1568 
f 1605 1585 1604 
f 1568 1601 1571 
f 1601 1600 1602 
f 1571 1602 1554 
f 1602 1571 1601 
f 1610 1612 1611 
f 1612 1076 1079 
f 1611 1079 1055 
f 1079 1611 1612 
f 1610 1613 1612 
f 1613 1607 1608 
f 1612 1608 1076 
f 1608 1612 1613 
f 1090 1093 1609 
f 1093 1076 1608 
f 1609 1608 1607 
f 1608 1609 1093 
f 1614 1616 1615 
f 1616 1326 1342 
f 1615 1342 1340 
f 1342 1615 1616 
f 1617 1619 1618 
f 1619 1326 1616 
f 1618 1616 1614 
f 1616 1618 1619 
f 1326 1619 1329 
f 1619 1617 1620 
f 1329 1620 1295 
f 1620 1329 1619 
f 1621 1623 1622 
f 1623 1407 1408 
f 1622 1408 1185 
f 1408 1622 1623 
f 1624 1626 1625 
f 1626 1185 1189 
f 1625 1189 695 
f 1189 1625 1626 
f 1185 1626 1622 
f 1626 1624 1627 
f 1622 1627 1621 
f 1627 1622 1626 
f 1631 1634 1633 
f 1634 1438 1439 
f 1633 1439 1435 
f 1439 1633 1634 
f 1628 1632 1630 
f 1632 1631 1633 
f 1630 1633 1435 
f 1633 1630 1632 
f 1435 1483 1630 
f 1483 1481 1629 
f 1630 1629 1628 
f 1629 1630 1483 
f 1453 1458 1639 
f 1458 1456 1641 
f 1639 1641 1638 
f 1641 1639 1458 
f 1635 1636 1640 
f 1636 1453 1639 
f 1640 1639 1638 
f 1639 1640 1636 
f 1453 1636 1461 
f 1636 1635 1637 
f 1461 1637 1460 
f 1637 1461 1636 
f 1463 1464 1648 
f 1464 1460 1647 
f 1648 1647 1645 
f 1647 1648 1464 
f 1642 1646 1644 
f 1646 1645 1647 
f 1644 1647 1460 
f 1647 1644 1646 
f 1635 1643 1637 
f 1643 1642 1644 
f 1637 1644 1460 
f 1644 1637 1643 
f 1635 1653 1650 
f 1653 1652 1654 
f 1650 1654 1649 
f 1654 1650 1653 
f 1635 1650 1643 
f 1650 1649 1651 
f 1643 1651 1642 
f 1651 1643 1650 
f 1635 1640 1653 
f 1640 1638 1655 
f 1653 1655 1652 
f 1655 1653 1640 
f 1656 1658 1657 
f 1658 1642 1651 
f 1657 1651 1649 
f 1651 1657 1658 
f 1642 1661 1646 
f 1661 1659 1662 
f 1646 1662 1645 
f 1662 1646 1661 
f 1642 1658 1661 
f 1658 1656 1660 
f 1661 1660 1659 
f 1660 1661 1658 
f 1663 1665 1664 
f 1665 1656 1657 
f 1664 1657 1649 
f 1657 1664 1665 
f 1666 1667 1669 
f 1667 1649 1654 
f 1669 1654 1652 
f 1654 1669 1667 
f 1649 1667 1664 
f 1667 1666 1668 
f 1664 1668 1663 
f 1668 1664 1667 
f 1663 1671 1665 
f 1671 1670 1672 
f 1665 1672 1656 
f 1672 1665 1671 
f 1670 1674 1672 
f 1674 1673 1675 
f 1672 1675 1656 
f 1675 1672 1674 
f 1656 1675 1660 
f 1675 1673 1676 
f 1660 1676 1659 
f 1676 1660 1675 
f 1680 1683 1682 
f 1683 1677 1678 
f 1682 1678 1663 
f 1678 1682 1683 
f 1670 1671 1679 
f 1671 1663 1678 
f 1679 1678 1677 
f 1678 1679 1671 
f 1680 1682 1681 
f 1682 1663 1668 
f 1681 1668 1666 
f 1668 1681 1682 
f 1684 1686 1685 
f 1686 1673 1674 
f 1685 1674 1670 
f 1674 1685 1686 
f 1684 1685 1689 
f 1685 1670 1688 
f 1689 1688 1687 
f 1688 1689 1685 
f 1677 1690 1679 
f 1690 1687 1688 
f 1679 1688 1670 
f 1688 1679 1690 
f 1659 1676 1696 
f 1676 1673 1695 
f 1696 1695 1694 
f 1695 1696 1676 
f 1694 1695 1697 
f 1695 1673 1693 
f 1697 1693 1691 
f 1693 1697 1695 
f 1673 1686 1693 
f 1686 1684 1692 
f 1693 1692 1691 
f 1692 1693 1686 
f 1684 1700 1703 
f 1700 1698 1702 
f 1703 1702 1701 
f 1702 1703 1700 
f 1684 1689 1700 
f 1689 1687 1699 
f 1700 1699 1698 
f 1699 1700 1689 
f 1684 1703 1692 
f 1703 1701 1704 
f 1692 1704 1691 
f 1704 1692 1703 
f 1687 1709 1706 
f 1709 1708 1710 
f 1706 1710 1705 
f 1710 1706 1709 
f 1677 1711 1690 
f 1711 1708 1709 
f 1690 1709 1687 
f 1709 1690 1711 
f 1687 1706 1699 
f 1706 1705 1707 
f 1699 1707 1698 
f 1707 1699 1706 
f 1698 1716 1713 
f 1716 1715 1717 
f 1713 1717 1712 
f 1717 1713 1716 
f 1712 1714 1713 
f 1714 1701 1702 
f 1713 1702 1698 
f 1702 1713 1714 
f 1698 1707 1716 
f 1707 1705 1718 
f 1716 1718 1715 
f 1718 1716 1707 
f 1719 1720 1725 
f 1720 1540 1724 
f 1725 1724 1722 
f 1724 1725 1720 
f 1540 1557 1724 
f 1557 1554 1723 
f 1724 1723 1722 
f 1723 1724 1557 
f 1526 1543 1721 
f 1543 1540 1720 
f 1721 1720 1719 
f 1720 1721 1543 
f 1505 1521 1728 
f 1521 1519 1727 
f 1728 1727 1726 
f 1727 1728 1521 
f 1729 1732 1731 
f 1732 1337 1508 
f 1731 1508 1505 
f 1508 1731 1732 
f 1726 1730 1728 
f 1730 1729 1731 
f 1728 1731 1505 
f 1731 1728 1730 
f 1691 1704 1739 
f 1704 1701 1738 
f 1739 1738 1736 
f 1738 1739 1704 
f 1712 1734 1714 
f 1734 1733 1735 
f 1714 1735 1701 
f 1735 1714 1734 
f 1736 1738 1737 
f 1738 1701 1735 
f 1737 1735 1733 
f 1735 1737 1738 
f 1740 1742 1744 
f 1742 978 1743 
f 1744 1743 1741 
f 1743 1744 1742 
f 943 981 1745 
f 981 978 1742 
f 1745 1742 1740 
f 1742 1745 981 
f 978 1002 1743 
f 1002 999 1746 
f 1743 1746 1741 
f 1746 1743 1002 
f 1747 1748 1752 
f 1748 1575 1751 
f 1752 1751 1750 
f 1751 1752 1748 
f 1575 1748 1590 
f 1748 1747 1749 
f 1590 1749 1589 
f 1749 1590 1748 
f 1750 1751 1753 
f 1751 1575 1578 
f 1753 1578 1561 
f 1578 1753 1751 
f 1589 1759 1592 
f 1759 1757 1760 
f 1592 1760 1586 
f 1760 1592 1759 
f 1757 1759 1758 
f 1759 1589 1756 
f 1758 1756 1754 
f 1756 1758 1759 
f 1589 1749 1756 
f 1749 1747 1755 
f 1756 1755 1754 
f 1755 1756 1749 
f 1764 1767 1766 
f 1767 1463 1648 
f 1766 1648 1645 
f 1648 1766 1767 
f 1764 1766 1765 
f 1766 1645 1762 
f 1765 1762 1761 
f 1762 1765 1766 
f 1761 1762 1763 
f 1762 1645 1662 
f 1763 1662 1659 
f 1662 1763 1762 
f 1771 1772 1774 
f 1772 1712 1717 
f 1774 1717 1715 
f 1717 1774 1772 
f 1712 1769 1734 
f 1769 1768 1770 
f 1734 1770 1733 
f 1770 1734 1769 
f 1771 1773 1772 
f 1773 1768 1769 
f 1772 1769 1712 
f 1769 1772 1773 
f 1778 1779 1781 
f 1779 1368 1371 
f 1781 1371 1090 
f 1371 1781 1779 
f 1368 1779 1776 
f 1779 1778 1780 
f 1776 1780 1775 
f 1780 1776 1779 
f 1368 1776 1394 
f 1776 1775 1777 
f 1394 1777 1393 
f 1777 1394 1776 
f 1782 1784 1783 
f 1784 1754 1755 
f 1783 1755 1747 
f 1755 1783 1784 
f 1782 1783 1788 
f 1783 1747 1787 
f 1788 1787 1785 
f 1787 1788 1783 
f 1785 1787 1786 
f 1787 1747 1752 
f 1786 1752 1750 
f 1752 1786 1787 
f 1789 1793 1791 
f 1793 1792 1794 
f 1791 1794 923 
f 1794 1791 1793 
f 1792 1795 1794 
f 1795 1449 1452 
f 1794 1452 923 
f 1452 1794 1795 
f 691 1790 927 
f 1790 1789 1791 
f 927 1791 923 
f 1791 927 1790 
f 1488 1801 1501 
f 1801 1799 1802 
f 1501 1802 1498 
f 1802 1501 1801 
f 1799 1801 1800 
f 1801 1488 1798 
f 1800 1798 1796 
f 1798 1800 1801 
f 1796 1798 1797 
f 1798 1488 1493 
f 1797 1493 1491 
f 1493 1797 1798 
f 985 1805 1807 
f 1805 1803 1809 
f 1807 1809 1806 
f 1809 1807 1805 
f 985 1124 1805 
f 1124 1121 1804 
f 1805 1804 1803 
f 1804 1805 1124 
f 971 988 1808 
f 988 985 1807 
f 1808 1807 1806 
f 1807 1808 988 
f 1526 1812 1529 
f 1812 1810 1811 
f 1529 1811 1516 
f 1811 1529 1812 
f 1810 1814 1811 
f 1814 1813 1815 
f 1811 1815 1516 
f 1815 1811 1814 
f 1519 1522 1816 
f 1522 1516 1815 
f 1816 1815 1813 
f 1815 1816 1522 
f 1820 1821 1823 
f 1821 918 1356 
f 1823 1356 1354 
f 1356 1823 1821 
f 918 1821 1818 
f 1821 1820 1822 
f 1818 1822 1817 
f 1822 1818 1821 
f 701 921 1819 
f 921 918 1818 
f 1819 1818 1817 
f 1818 1819 921 
f 1824 1826 1825 
f 1826 1705 1710 
f 1825 1710 1708 
f 1710 1825 1826 
f 1824 1828 1826 
f 1828 1827 1829 
f 1826 1829 1705 
f 1829 1826 1828 
f 1827 1830 1829 
f 1830 1715 1718 
f 1829 1718 1705 
f 1718 1829 1830 
f 1708 1711 1835 
f 1711 1677 1837 
f 1835 1837 1834 
f 1837 1835 1711 
f 1708 1832 1825 
f 1832 1831 1833 
f 1825 1833 1824 
f 1833 1825 1832 
f 1834 1836 1835 
f 1836 1831 1832 
f 1835 1832 1708 
f 1832 1835 1836 
f 1393 1839 1397 
f 1839 1838 1840 
f 1397 1840 1396 
f 1840 1397 1839 
f 1393 1842 1839 
f 1842 1841 1843 
f 1839 1843 1838 
f 1843 1839 1842 
f 1841 1842 1844 
f 1842 1393 1777 
f 1844 1777 1775 
f 1777 1844 1842 
f 1396 1847 1850 
f 1847 1845 1849 
f 1850 1849 1848 
f 1849 1850 1847 
f 1838 1846 1840 
f 1846 1845 1847 
f 1840 1847 1396 
f 1847 1840 1846 
f 1396 1850 1399 
f 1850 1848 1851 
f 1399 1851 1375 
f 1851 1399 1850 
f 1207 1853 1224 
f 1853 1852 1854 
f 1224 1854 1221 
f 1854 1224 1853 
f 1207 1856 1853 
f 1856 1855 1857 
f 1853 1857 1852 
f 1857 1853 1856 
f 1207 1210 1856 
f 1210 1156 1858 
f 1856 1858 1855 
f 1858 1856 1210 
f 1862 1864 1863 
f 1864 1838 1843 
f 1863 1843 1841 
f 1843 1863 1864 
f 1862 1865 1864 
f 1865 1859 1860 
f 1864 1860 1838 
f 1860 1864 1865 
f 1845 1846 1861 
f 1846 1838 1860 
f 1861 1860 1859 
f 1860 1861 1846 
f 1866 1867 1871 
f 1867 1845 1870 
f 1871 1870 1869 
f 1870 1871 1867 
f 1866 1868 1867 
f 1868 1848 1849 
f 1867 1849 1845 
f 1849 1867 1868 
f 1845 1861 1870 
f 1861 1859 1872 
f 1870 1872 1869 
f 1872 1870 1861 
f 1628 1629 1878 
f 1629 1481 1877 
f 1878 1877 1876 
f 1877 1878 1629 
f 1481 1875 1877 
f 1875 1873 1879 
f 1877 1879 1876 
f 1879 1877 1875 
f 1481 1486 1875 
f 1486 1484 1874 
f 1875 1874 1873 
f 1874 1875 1486 
f 1880 1881 1885 
f 1881 1484 1884 
f 1885 1884 1883 
f 1884 1885 1881 
f 1880 1882 1881 
f 1882 1873 1874 
f 1881 1874 1484 
f 1874 1881 1882 
f 1190 1886 1487 
f 1886 1883 1884 
f 1487 1884 1484 
f 1884 1487 1886 
f 1768 1891 1770 
f 1891 1890 1892 
f 1770 1892 1733 
f 1892 1770 1891 
f 1733 1892 1888 
f 1892 1890 1893 
f 1888 1893 1887 
f 1893 1888 1892 
f 1736 1737 1889 
f 1737 1733 1888 
f 1889 1888 1887 
f 1888 1889 1737 
f 1894 1896 1895 
f 1896 1691 1739 
f 1895 1739 1736 
f 1739 1895 1896 
f 1736 1899 1895 
f 1899 1897 1900 
f 1895 1900 1894 
f 1900 1895 1899 
f 1897 1899 1898 
f 1899 1736 1889 
f 1898 1889 1887 
f 1889 1898 1899 
f 1901 1903 1902 
f 1903 1631 1632 
f 1902 1632 1628 
f 1632 1902 1903 
f 1904 1905 1907 
f 1905 1628 1878 
f 1907 1878 1876 
f 1878 1907 1905 
f 1904 1906 1905 
f 1906 1901 1902 
f 1905 1902 1628 
f 1902 1905 1906 
f 1911 1914 1913 
f 1914 1438 1634 
f 1913 1634 1631 
f 1634 1913 1914 
f 1631 1910 1913 
f 1910 1908 1912 
f 1913 1912 1911 
f 1912 1913 1910 
f 1631 1903 1910 
f 1903 1901 1909 
f 1910 1909 1908 
f 1909 1910 1903 
f 1915 1920 1917 
f 1920 1638 1641 
f 1917 1641 1456 
f 1641 1917 1920 
f 1921 1922 1923 
f 1922 1456 1459 
f 1923 1459 1449 
f 1459 1923 1922 
f 1916 1919 1918 
f 1919 1915 1917 
f 1918 1917 1456 
f 1917 1918 1919 
f 1921 1924 1922 
f 1924 1916 1918 
f 1922 1918 1456 
f 1918 1922 1924 
f 1547 1550 1930 
f 1550 1533 1929 
f 1930 1929 1928 
f 1929 1930 1550 
f 1928 1931 1930 
f 1931 1925 1926 
f 1930 1926 1547 
f 1926 1930 1931 
f 1561 1564 1927 
f 1564 1547 1926 
f 1927 1926 1925 
f 1926 1927 1564 
f 1111 1941 1131 
f 1941 1938 1939 
f 1131 1939 1128 
f 1939 1131 1941 
f 1932 1934 1936 
f 1934 1128 1935 
f 1936 1935 1933 
f 1935 1936 1934 
f 1128 1934 1145 
f 1934 1932 1937 
f 1145 1937 1142 
f 1937 1145 1934 
f 1128 1939 1935 
f 1939 1938 1940 
f 1935 1940 1933 
f 1940 1935 1939 
f 1945 1947 1946 
f 1947 1890 1891 
f 1946 1891 1768 
f 1891 1946 1947 
f 1942 1944 1943 
f 1944 1768 1773 
f 1943 1773 1771 
f 1773 1943 1944 
f 1942 1948 1944 
f 1948 1945 1946 
f 1944 1946 1768 
f 1946 1944 1948 
f 1873 1882 1951 
f 1882 1880 1950 
f 1951 1950 1949 
f 1950 1951 1882 
f 1952 1954 1953 
f 1954 1873 1951 
f 1953 1951 1949 
f 1951 1953 1954 
f 1873 1954 1879 
f 1954 1952 1955 
f 1879 1955 1876 
f 1955 1879 1954 
f 1949 1950 1962 
f 1950 1880 1961 
f 1962 1961 1959 
f 1961 1962 1950 
f 1880 1958 1961 
f 1958 1956 1960 
f 1961 1960 1959 
f 1960 1961 1958 
f 1956 1958 1957 
f 1958 1880 1885 
f 1957 1885 1883 
f 1885 1957 1958 
f 1680 1681 1965 
f 1681 1666 1964 
f 1965 1964 1963 
f 1964 1965 1681 
f 1666 1669 1967 
f 1669 1652 1969 
f 1967 1969 1966 
f 1969 1967 1669 
f 1666 1967 1964 
f 1967 1966 1968 
f 1964 1968 1963 
f 1968 1964 1967 
f 1973 1976 1975 
f 1976 1249 1252 
f 1975 1252 1235 
f 1252 1975 1976 
f 1235 1971 1975 
f 1971 1970 1974 
f 1975 1974 1973 
f 1974 1975 1971 
f 1970 1971 1972 
f 1971 1235 1238 
f 1972 1238 1221 
f 1238 1972 1971 
f 1980 1982 1981 
f 1982 1977 1978 
f 1981 1978 1754 
f 1978 1981 1982 
f 1754 1784 1981 
f 1784 1782 1983 
f 1981 1983 1980 
f 1983 1981 1784 
f 1757 1758 1979 
f 1758 1754 1978 
f 1979 1978 1977 
f 1978 1979 1758 
f 1984 1988 1986 
f 1988 1987 1989 
f 1986 1989 1757 
f 1989 1986 1988 
f 1977 1985 1979 
f 1985 1984 1986 
f 1979 1986 1757 
f 1986 1979 1985 
f 1586 1760 1990 
f 1760 1757 1989 
f 1990 1989 1987 
f 1989 1990 1760 
f 858 1995 1994 
f 1995 1775 1993 
f 1994 1993 1991 
f 1993 1994 1995 
f 858 1996 1995 
f 1996 1841 1844 
f 1995 1844 1775 
f 1844 1995 1996 
f 1775 1780 1993 
f 1780 1778 1992 
f 1993 1992 1991 
f 1992 1993 1780 
f 1997 1999 1998 
f 1999 1824 1833 
f 1998 1833 1831 
f 1833 1998 1999 
f 1824 1999 2001 
f 1999 1997 2003 
f 2001 2003 2000 
f 2003 2001 1999 
f 1827 1828 2002 
f 1828 1824 2001 
f 2002 2001 2000 
f 2001 2002 1828 
f 2004 2008 2006 
f 2008 2007 2009 
f 2006 2009 1831 
f 2009 2006 2008 
f 1834 2005 1836 
f 2005 2004 2006 
f 1836 2006 1831 
f 2006 1836 2005 
f 1831 2009 1998 
f 2009 2007 2010 
f 1998 2010 1997 
f 2010 1998 2009 
f 2011 2014 2013 
f 2014 854 855 
f 2013 855 715 
f 855 2013 2014 
f 2011 2013 2012 
f 2013 715 915 
f 2012 915 913 
f 915 2012 2013 
f 1715 2021 1774 
f 2021 2018 2019 
f 1774 2019 1771 
f 2019 1774 2021 
f 2015 2017 2016 
f 2017 1942 1943 
f 2016 1943 1771 
f 1943 2016 2017 
f 2015 2016 2020 
f 2016 1771 2019 
f 2020 2019 2018 
f 2019 2020 2016 
f 1389 2025 2024 
f 2025 1848 2023 
f 2024 2023 1963 
f 2023 2024 2025 
f 1389 1392 2025 
f 1392 1375 1851 
f 2025 1851 1848 
f 1851 2025 1392 
f 1866 2022 1868 
f 2022 1963 2023 
f 1868 2023 1848 
f 2023 1868 2022 
f 2004 2031 2027 
f 2031 2028 2029 
f 2027 2029 1866 
f 2029 2027 2031 
f 1869 2026 1871 
f 2026 2004 2027 
f 1871 2027 1866 
f 2027 1871 2026 
f 1963 2022 2030 
f 2022 1866 2029 
f 2030 2029 2028 
f 2029 2030 2022 
f 1859 2037 1872 
f 2037 606 2035 
f 1872 2035 1869 
f 2035 1872 2037 
f 606 2036 2035 
f 2036 2032 2033 
f 2035 2033 1869 
f 2033 2035 2036 
f 1869 2033 2026 
f 2033 2032 2034 
f 2026 2034 2004 
f 2034 2026 2033 
f 1945 2038 1947 
f 2038 898 2039 
f 1947 2039 1890 
f 2039 1947 2038 
f 1890 2039 2041 
f 2039 898 2040 
f 2041 2040 757 
f 2040 2041 2039 
f 1887 1893 2042 
f 1893 1890 2041 
f 2042 2041 757 
f 2041 2042 1893 
f 899 2043 2045 
f 2043 1945 2044 
f 2045 2044 795 
f 2044 2045 2043 
f 898 2038 901 
f 2038 1945 2043 
f 901 2043 899 
f 2043 901 2038 
f 1942 2046 1948 
f 2046 795 2044 
f 1948 2044 1945 
f 2044 1948 2046 
f 1991 1992 2049 
f 1992 1778 2048 
f 2049 2048 2047 
f 2048 2049 1992 
f 1778 2050 2048 
f 2050 1607 2051 
f 2048 2051 2047 
f 2051 2048 2050 
f 1778 1781 2050 
f 1781 1090 1609 
f 2050 1609 1607 
f 1609 2050 1781 
f 1614 1615 2054 
f 1615 1340 2053 
f 2054 2053 2052 
f 2053 2054 1615 
f 2052 2053 2056 
f 2053 1340 2055 
f 2056 2055 1729 
f 2055 2056 2053 
f 1729 2055 1732 
f 2055 1340 1343 
f 1732 1343 1337 
f 1343 1732 2055 
f 2060 2061 2063 
f 2061 1614 2059 
f 2063 2059 2057 
f 2059 2063 2061 
f 1614 2061 1618 
f 2061 2060 2062 
f 1618 2062 1617 
f 2062 1618 2061 
f 1614 2054 2059 
f 2054 2052 2058 
f 2059 2058 2057 
f 2058 2059 2054 
f 2052 2056 2067 
f 2056 1729 2069 
f 2067 2069 2066 
f 2069 2067 2056 
f 2052 2067 2064 
f 2067 2066 2068 
f 2064 2068 637 
f 2068 2064 2067 
f 637 2065 2064 
f 2065 2057 2058 
f 2064 2058 2052 
f 2058 2064 2065 
f 1617 2062 2072 
f 2062 2060 2071 
f 2072 2071 2070 
f 2071 2072 2062 
f 1295 1620 1299 
f 1620 1617 2074 
f 1299 2074 1298 
f 2074 1299 1620 
f 1298 2074 2073 
f 2074 1617 2072 
f 2073 2072 2070 
f 2072 2073 2074 
f 2057 2080 2063 
f 2080 830 2078 
f 2063 2078 2060 
f 2078 2063 2080 
f 2060 2078 2076 
f 2078 830 2079 
f 2076 2079 2075 
f 2079 2076 2078 
f 2070 2071 2077 
f 2071 2060 2076 
f 2077 2076 2075 
f 2076 2077 2071 
f 2084 2086 2085 
f 2086 2070 2083 
f 2085 2083 2081 
f 2083 2085 2086 
f 2081 2083 2082 
f 2083 2070 2077 
f 2082 2077 2075 
f 2077 2082 2083 
f 1298 2073 2087 
f 2073 2070 2086 
f 2087 2086 2084 
f 2086 2087 2073 
f 1407 2089 2091 
f 2089 1970 2090 
f 2091 2090 1852 
f 2090 2091 2089 
f 1407 2091 1411 
f 2091 1852 2092 
f 1411 2092 1410 
f 2092 1411 2091 
f 1407 1623 2089 
f 1623 1621 2088 
f 2089 2088 1970 
f 2088 2089 1623 
f 681 2094 953 
f 2094 1114 1117 
f 953 1117 950 
f 1117 953 2094 
f 1114 2094 2093 
f 2094 681 685 
f 2093 685 682 
f 685 2093 2094 
f 696 2095 699 
f 2095 1624 1625 
f 699 1625 695 
f 1625 699 2095 
f 2099 2102 2101 
f 2102 1621 1627 
f 2101 1627 1624 
f 1627 2101 2102 
f 2096 2100 2098 
f 2100 2099 2101 
f 2098 2101 1624 
f 2101 2098 2100 
f 2096 2098 2097 
f 2098 1624 2095 
f 2097 2095 696 
f 2095 2097 2098 
f 702 704 2103 
f 704 701 1819 
f 2103 1819 1817 
f 1819 2103 704 
f 2104 2110 2106 
f 2110 2107 2108 
f 2106 2108 1817 
f 2108 2106 2110 
f 1820 2105 1822 
f 2105 2104 2106 
f 1822 2106 1817 
f 2106 1822 2105 
f 2107 2109 2108 
f 2109 702 2103 
f 2108 2103 1817 
f 2103 2108 2109 
f 1820 2115 2105 
f 2115 2112 2117 
f 2105 2117 2104 
f 2117 2105 2115 
f 2111 2113 2116 
f 2113 1820 1823 
f 2116 1823 1354 
f 1823 2116 2113 
f 2112 2115 2114 
f 2115 1820 2113 
f 2114 2113 2111 
f 2113 2114 2115 
f 691 694 2119 
f 694 688 2121 
f 2119 2121 2118 
f 2121 2119 694 
f 691 2119 1790 
f 2119 2118 2120 
f 1790 2120 1789 
f 2120 1790 2119 
f 2122 2124 2123 
f 2124 1792 1793 
f 2123 1793 1789 
f 1793 2123 2124 
f 2122 2123 2128 
f 2123 1789 2127 
f 2128 2127 2125 
f 2127 2128 2123 
f 1789 2120 2127 
f 2120 2118 2126 
f 2127 2126 2125 
f 2126 2127 2120 
f 1449 1795 1923 
f 1795 1792 2133 
f 1923 2133 1921 
f 2133 1923 1795 
f 2129 2132 2131 
f 2132 1921 2133 
f 2131 2133 1792 
f 2133 2131 2132 
f 2122 2130 2124 
f 2130 2129 2131 
f 2124 2131 1792 
f 2131 2124 2130 
f 816 2139 2138 
f 2139 2134 2135 
f 2138 2135 1901 
f 2135 2138 2139 
f 1901 2135 1909 
f 2135 2134 2136 
f 1909 2136 1908 
f 2136 1909 2135 
f 1904 2137 1906 
f 2137 816 2138 
f 1906 2138 1901 
f 2138 1906 2137 
f 2140 2141 2145 
f 2141 1908 2144 
f 2145 2144 2143 
f 2144 2145 2141 
f 1908 2141 1912 
f 2141 2140 2142 
f 1912 2142 1911 
f 2142 1912 2141 
f 2134 2146 2136 
f 2146 2143 2144 
f 2136 2144 1908 
f 2144 2136 2146 
f 1359 2150 2149 
f 2150 1785 1786 
f 2149 1786 1750 
f 1786 2149 2150 
f 1925 2148 2147 
f 2148 1359 2149 
f 2147 2149 1750 
f 2149 2147 2148 
f 1925 2147 1927 
f 2147 1750 1753 
f 1927 1753 1561 
f 1753 1927 2147 
f 1319 1480 1494 
f 1480 1477 2153 
f 1494 2153 1491 
f 2153 1494 1480 
f 2112 2151 2154 
f 2151 1491 2153 
f 2154 2153 1477 
f 2153 2154 2151 
f 1796 1797 2152 
f 1797 1491 2151 
f 2152 2151 2112 
f 2151 2152 1797 
f 1911 2159 1914 
f 2159 1167 2160 
f 1914 2160 1438 
f 2160 1914 2159 
f 2155 2158 2157 
f 2158 1167 2159 
f 2157 2159 1911 
f 2159 2157 2158 
f 2155 2157 2156 
f 2157 1911 2142 
f 2156 2142 2140 
f 2142 2156 2157 
f 2164 2167 2166 
f 2167 2155 2156 
f 2166 2156 2140 
f 2156 2166 2167 
f 2161 2163 2162 
f 2163 2140 2145 
f 2162 2145 2143 
f 2145 2162 2163 
f 2161 2165 2163 
f 2165 2164 2166 
f 2163 2166 2140 
f 2166 2163 2165 
f 2161 2162 2170 
f 2162 2143 2169 
f 2170 2169 2168 
f 2169 2170 2162 
f 2134 2173 2146 
f 2173 647 2171 
f 2146 2171 2143 
f 2171 2146 2173 
f 647 2172 2171 
f 2172 2168 2169 
f 2171 2169 2143 
f 2169 2171 2172 
f 2174 2176 2175 
f 2176 2164 2165 
f 2175 2165 2161 
f 2165 2175 2176 
f 2161 2178 2175 
f 2178 2177 2179 
f 2175 2179 2174 
f 2179 2175 2178 
f 2161 2170 2178 
f 2170 2168 2180 
f 2178 2180 2177 
f 2180 2178 2170 
f 2184 2187 2186 
f 2187 2155 2167 
f 2186 2167 2164 
f 2167 2186 2187 
f 2181 2183 2182 
f 2183 2164 2176 
f 2182 2176 2174 
f 2176 2182 2183 
f 2164 2183 2186 
f 2183 2181 2185 
f 2186 2185 2184 
f 2185 2186 2183 
f 2174 2179 2192 
f 2179 2177 2194 
f 2192 2194 2191 
f 2194 2192 2179 
f 2188 2189 2193 
f 2189 2174 2192 
f 2193 2192 2191 
f 2192 2193 2189 
f 2181 2182 2190 
f 2182 2174 2189 
f 2190 2189 2188 
f 2189 2190 2182 
f 2181 2197 2199 
f 2197 2195 2201 
f 2199 2201 2198 
f 2201 2199 2197 
f 2184 2185 2200 
f 2185 2181 2199 
f 2200 2199 2198 
f 2199 2200 2185 
f 2181 2190 2197 
f 2190 2188 2196 
f 2197 2196 2195 
f 2196 2197 2190 
f 2188 2193 2204 
f 2193 2191 2203 
f 2204 2203 2202 
f 2203 2204 2193 
f 1069 2206 2205 
f 2206 2188 2204 
f 2205 2204 2202 
f 2204 2205 2206 
f 2195 2196 2207 
f 2196 2188 2206 
f 2207 2206 1069 
f 2206 2207 2196 
f 2177 2214 2194 
f 2214 2211 2212 
f 2194 2212 2191 
f 2212 2194 2214 
f 2191 2209 2203 
f 2209 2208 2210 
f 2203 2210 2202 
f 2210 2203 2209 
f 2191 2212 2209 
f 2212 2211 2213 
f 2209 2213 2208 
f 2213 2209 2212 
f 2215 2217 2216 
f 2217 2202 2210 
f 2216 2210 2208 
f 2210 2216 2217 
f 2215 2219 2217 
f 2219 2218 2220 
f 2217 2220 2202 
f 2220 2217 2219 
f 2218 2221 2220 
f 2221 1069 2205 
f 2220 2205 2202 
f 2205 2220 2221 
f 2215 2216 2224 
f 2216 2208 2223 
f 2224 2223 2222 
f 2223 2224 2216 
f 809 2227 2226 
f 2227 2222 2223 
f 2226 2223 2208 
f 2223 2226 2227 
f 2211 2225 2213 
f 2225 809 2226 
f 2213 2226 2208 
f 2226 2213 2225 
f 2228 2230 2229 
f 2230 2218 2219 
f 2229 2219 2215 
f 2219 2229 2230 
f 2228 2229 2233 
f 2229 2215 2232 
f 2233 2232 2231 
f 2232 2233 2229 
f 2222 2234 2224 
f 2234 2231 2232 
f 2224 2232 2215 
f 2232 2224 2234 
f 2235 2236 2239 
f 2236 1312 2238 
f 2239 2238 1467 
f 2238 2239 2236 
f 1277 1469 1315 
f 1469 1467 2238 
f 1315 2238 1312 
f 2238 1315 1469 
f 2235 2237 2236 
f 2237 1474 1475 
f 2236 1475 1312 
f 1475 2236 2237 
f 593 2243 2241 
f 2243 118 2244 
f 2241 2244 2240 
f 2244 2241 2243 
f 588 597 2242 
f 597 593 2241 
f 2242 2241 2240 
f 2241 2242 597 
f 118 2243 124 
f 2243 593 598 
f 124 598 18 
f 598 124 2243 
f 237 2248 241 
f 2248 114 123 
f 241 123 22 
f 123 241 2248 
f 237 2247 2248 
f 2247 2245 2249 
f 2248 2249 114 
f 2249 2248 2247 
f 2245 2247 2246 
f 2247 237 247 
f 2246 247 243 
f 247 2246 2247 
f 2111 2254 2253 
f 2254 2250 2251 
f 2253 2251 1796 
f 2251 2253 2254 
f 1796 2152 2253 
f 2152 2112 2114 
f 2253 2114 2111 
f 2114 2253 2152 
f 2250 2252 2251 
f 2252 1799 1800 
f 2251 1800 1796 
f 1800 2251 2252 
f 1680 2257 2256 
f 2257 2028 2255 
f 2256 2255 1834 
f 2255 2256 2257 
f 2004 2005 2031 
f 2005 1834 2255 
f 2031 2255 2028 
f 2255 2031 2005 
f 1680 2256 1683 
f 2256 1834 1837 
f 1683 1837 1677 
f 1837 1683 2256 
f 931 946 2258 
f 946 943 1745 
f 2258 1745 1740 
f 1745 2258 946 
f 688 934 2259 
f 934 931 2258 
f 2259 2258 1740 
f 2258 2259 934 
f 1938 2260 1940 
f 2260 678 2263 
f 1940 2263 1933 
f 2263 1940 2260 
f 678 1413 2263 
f 1413 1410 2262 
f 2263 2262 1933 
f 2262 2263 1413 
f 1938 2261 2260 
f 2261 682 687 
f 2260 687 678 
f 687 2260 2261 
f 1803 2268 2265 
f 2268 1164 2266 
f 2265 2266 2184 
f 2266 2265 2268 
f 2155 2187 2267 
f 2187 2184 2266 
f 2267 2266 1164 
f 2266 2267 2187 
f 2198 2264 2200 
f 2264 1803 2265 
f 2200 2265 2184 
f 2265 2200 2264 
f 1984 1985 2272 
f 1985 1977 2271 
f 2272 2271 619 
f 2271 2272 1985 
f 1980 2269 1982 
f 2269 781 2270 
f 1982 2270 1977 
f 2270 1982 2269 
f 1977 2270 2271 
f 2270 781 2273 
f 2271 2273 619 
f 2273 2271 2270 
f 784 2278 2275 
f 2278 1980 2276 
f 2275 2276 913 
f 2276 2275 2278 
f 1980 2277 2276 
f 2277 2011 2012 
f 2276 2012 913 
f 2012 2276 2277 
f 784 2275 2274 
f 2275 913 917 
f 2274 917 39 
f 917 2274 2275 
f 2018 2021 2281 
f 2021 1715 1830 
f 2281 1830 1827 
f 1830 2281 2021 
f 1827 2280 2281 
f 2280 722 2282 
f 2281 2282 2018 
f 2282 2281 2280 
f 722 2280 2279 
f 2280 1827 2002 
f 2279 2002 2000 
f 2002 2279 2280 
f 1997 2283 2003 
f 2283 879 2284 
f 2003 2284 2000 
f 2284 2003 2283 
f 552 2285 880 
f 2285 2000 2284 
f 880 2284 879 
f 2284 880 2285 
f 552 562 2285 
f 562 558 2286 
f 2285 2286 2000 
f 2286 2285 562 
f 558 724 2286 
f 724 722 2279 
f 2286 2279 2000 
f 2279 2286 724 
f 1379 1388 2290 
f 1388 1386 2289 
f 2290 2289 1915 
f 2289 2290 1388 
f 1379 2287 1383 
f 2287 1916 2288 
f 1383 2288 1382 
f 2288 1383 2287 
f 1379 2290 2287 
f 2290 1915 1919 
f 2287 1919 1916 
f 1919 2287 2290 
f 784 2274 787 
f 2274 39 41 
f 787 41 36 
f 41 787 2274 
f 2129 2291 2132 
f 2291 1382 2292 
f 2132 2292 1921 
f 2292 2132 2291 
f 2129 2293 2291 
f 2293 1083 1385 
f 2291 1385 1382 
f 1385 2291 2293 
f 1382 2288 2292 
f 2288 1916 1924 
f 2292 1924 1921 
f 1924 2292 2288 
f 784 786 2278 
f 786 781 2269 
f 2278 2269 1980 
f 2269 2278 786 
f 2011 2277 2294 
f 2277 1980 1983 
f 2294 1983 1782 
f 1983 2294 2277 
f 2296 2297 2299 
f 2297 2168 2295 
f 2299 2295 650 
f 2295 2299 2297 
f 2168 2297 2180 
f 2297 2296 2298 
f 2180 2298 2177 
f 2298 2180 2297 
f 650 2295 652 
f 2295 2168 2172 
f 652 2172 647 
f 2172 652 2295 
f 830 835 2079 
f 835 833 2302 
f 2079 2302 2075 
f 2302 2079 835 
f 2075 2302 2300 
f 2302 833 2303 
f 2300 2303 738 
f 2303 2300 2302 
f 2075 2300 2082 
f 2300 738 2301 
f 2082 2301 2081 
f 2301 2082 2300 
f 2081 2305 2085 
f 2305 2304 2306 
f 2085 2306 2084 
f 2306 2085 2305 
f 738 739 2301 
f 739 733 2307 
f 2301 2307 2081 
f 2307 2301 739 
f 2304 2305 2308 
f 2305 2081 2307 
f 2308 2307 733 
f 2307 2308 2305 
f 1463 2311 1466 
f 2311 2309 2310 
f 1466 2310 708 
f 2310 1466 2311 
f 2309 2312 2310 
f 2312 711 712 
f 2310 712 708 
f 712 2310 2312 
f 1883 2315 2313 
f 2315 1200 1434 
f 2313 1434 1431 
f 1434 2313 2315 
f 1883 1886 2315 
f 1886 1190 1203 
f 2315 1203 1200 
f 1203 2315 1886 
f 1956 1957 2314 
f 1957 1883 2313 
f 2314 2313 1431 
f 2313 2314 1957 
f 1431 2318 2314 
f 2318 2316 2317 
f 2314 2317 1956 
f 2317 2314 2318 
f 1956 2317 2321 
f 2317 2316 2320 
f 2321 2320 2319 
f 2320 2321 2317 
f 1956 2321 1960 
f 2321 2319 2322 
f 1960 2322 1959 
f 2322 1960 2321 
f 812 2323 2325 
f 2323 2211 2324 
f 2325 2324 2296 
f 2324 2325 2323 
f 2211 2214 2324 
f 2214 2177 2298 
f 2324 2298 2296 
f 2298 2324 2214 
f 812 813 2323 
f 813 809 2225 
f 2323 2225 2211 
f 2225 2323 813 
f 908 2327 2326 
f 2327 774 775 
f 2326 775 32 
f 775 2326 2327 
f 3 910 43 
f 910 908 2326 
f 43 2326 32 
f 2326 43 910 
f 774 2329 778 
f 2329 2328 2330 
f 778 2330 777 
f 2330 778 2329 
f 774 2331 2329 
f 2331 2309 2332 
f 2329 2332 2328 
f 2332 2329 2331 
f 2309 2331 2333 
f 2331 774 2327 
f 2333 2327 908 
f 2327 2333 2331 
f 777 2338 780 
f 2338 599 600 
f 780 600 59 
f 600 780 2338 
f 2334 2336 2335 
f 2336 777 2330 
f 2335 2330 2328 
f 2330 2335 2336 
f 599 2338 2337 
f 2338 777 2336 
f 2337 2336 2334 
f 2336 2337 2338 
f 616 2343 2342 
f 2343 2339 2340 
f 2342 2340 1984 
f 2340 2342 2343 
f 1984 2340 1988 
f 2340 2339 2341 
f 1988 2341 1987 
f 2341 1988 2340 
f 1984 2272 2342 
f 2272 619 622 
f 2342 622 616 
f 622 2342 2272 
f 1586 1990 1599 
f 1990 1987 2348 
f 1599 2348 1594 
f 2348 1599 1990 
f 2344 2347 2346 
f 2347 1594 2348 
f 2346 2348 1987 
f 2348 2346 2347 
f 2339 2345 2341 
f 2345 2344 2346 
f 2341 2346 1987 
f 2346 2341 2345 
f 2339 2343 2351 
f 2343 616 2352 
f 2351 2352 769 
f 2352 2351 2343 
f 2344 2345 2350 
f 2345 2339 2349 
f 2350 2349 764 
f 2349 2350 2345 
f 2339 2351 2349 
f 2351 769 770 
f 2349 770 764 
f 770 2349 2351 
f 2356 2359 2358 
f 2359 1594 2347 
f 2358 2347 2344 
f 2347 2358 2359 
f 2353 2355 2354 
f 2355 2344 2350 
f 2354 2350 764 
f 2350 2354 2355 
f 2356 2358 2357 
f 2358 2344 2355 
f 2357 2355 2353 
f 2355 2357 2358 
f 1799 2362 1802 
f 2362 1533 1536 
f 1802 1536 1498 
f 1536 1802 2362 
f 1799 2361 2362 
f 2361 1928 1929 
f 2362 1929 1533 
f 1929 2362 2361 
f 1799 2252 2361 
f 2252 2250 2360 
f 2361 2360 1928 
f 2360 2361 2252 
f 2084 2365 2087 
f 2365 1284 1301 
f 2087 1301 1298 
f 1301 2087 2365 
f 2084 2364 2365 
f 2364 1403 1404 
f 2365 1404 1284 
f 1404 2365 2364 
f 2084 2306 2364 
f 2306 2304 2363 
f 2364 2363 1403 
f 2363 2364 2306 
f 2304 2371 2363 
f 2371 2369 2372 
f 2363 2372 1403 
f 2372 2363 2371 
f 2369 2371 2370 
f 2371 2304 2368 
f 2370 2368 2366 
f 2368 2370 2371 
f 2366 2368 2367 
f 2368 2304 2308 
f 2367 2308 733 
f 2308 2367 2368 
f 1359 1364 2375 
f 1364 851 857 
f 2375 857 854 
f 857 2375 1364 
f 854 2374 2375 
f 2374 1785 2150 
f 2375 2150 1359 
f 2150 2375 2374 
f 854 2014 2374 
f 2014 2011 2373 
f 2374 2373 1785 
f 2373 2374 2014 
f 1386 2378 2376 
f 2378 1966 1969 
f 2376 1969 1652 
f 1969 2376 2378 
f 1386 1391 2378 
f 1391 1389 2379 
f 2378 2379 1966 
f 2379 2378 1391 
f 1386 2376 2289 
f 2376 1652 2377 
f 2289 2377 1915 
f 2377 2289 2376 
f 630 636 2381 
f 636 633 2382 
f 2381 2382 1991 
f 2382 2381 636 
f 630 2381 2380 
f 2381 1991 2049 
f 2380 2049 2047 
f 2049 2380 2381 
f 633 2383 2382 
f 2383 858 1994 
f 2382 1994 1991 
f 1994 2382 2383 
f 2047 2051 2388 
f 2051 1607 2390 
f 2388 2390 2387 
f 2390 2388 2051 
f 2387 2389 2388 
f 2389 2384 2385 
f 2388 2385 2047 
f 2385 2388 2389 
f 2384 2386 2385 
f 2386 630 2380 
f 2385 2380 2047 
f 2380 2385 2386 
f 809 2391 2227 
f 2391 672 2392 
f 2227 2392 2222 
f 2392 2227 2391 
f 453 677 811 
f 677 672 2391 
f 811 2391 809 
f 2391 811 677 
f 2393 2395 2394 
f 2395 2096 2097 
f 2394 2097 696 
f 2097 2394 2395 
f 702 2396 707 
f 2396 2393 2394 
f 707 2394 696 
f 2394 707 2396 
f 2393 2399 2395 
f 2399 2235 2400 
f 2395 2400 2096 
f 2400 2395 2399 
f 2099 2100 2398 
f 2100 2096 2397 
f 2398 2397 1470 
f 2397 2398 2100 
f 2235 2239 2400 
f 2239 1467 2401 
f 2400 2401 2096 
f 2401 2400 2239 
f 1467 1472 2401 
f 1472 1470 2397 
f 2401 2397 2096 
f 2397 2401 1472 
f 2118 2402 2126 
f 2402 1740 2403 
f 2126 2403 2125 
f 2403 2126 2402 
f 2118 2121 2402 
f 2121 688 2259 
f 2402 2259 1740 
f 2259 2402 2121 
f 1442 2406 2405 
f 2406 2125 2404 
f 2405 2404 1741 
f 2404 2405 2406 
f 2122 2128 2407 
f 2128 2125 2406 
f 2407 2406 1442 
f 2406 2407 2128 
f 2125 2403 2404 
f 2403 1740 1744 
f 2404 1744 1741 
f 1744 2404 2403 
f 1764 1765 2411 
f 1765 1761 2408 
f 2411 2408 2328 
f 2408 2411 1765 
f 2309 2410 2332 
f 2410 1764 2411 
f 2332 2411 2328 
f 2411 2332 2410 
f 2328 2408 2335 
f 2408 1761 2409 
f 2335 2409 2334 
f 2409 2335 2408 
f 2412 2413 2417 
f 2413 2334 2416 
f 2417 2416 2415 
f 2416 2417 2413 
f 2334 2409 2416 
f 2409 1761 2418 
f 2416 2418 2415 
f 2418 2416 2409 
f 2412 2414 2413 
f 2414 599 2337 
f 2413 2337 2334 
f 2337 2413 2414 
f 1949 2421 2419 
f 2421 654 655 
f 2419 655 399 
f 655 2419 2421 
f 1949 1962 2421 
f 1962 1959 2422 
f 2421 2422 654 
f 2422 2421 1962 
f 1952 1953 2420 
f 1953 1949 2419 
f 2420 2419 399 
f 2419 2420 1953 
f 1104 2424 2423 
f 2424 2218 2230 
f 2423 2230 2228 
f 2230 2423 2424 
f 1020 2425 1107 
f 2425 2218 2424 
f 1107 2424 1104 
f 2424 1107 2425 
f 1020 1071 2425 
f 1071 1069 2221 
f 2425 2221 2218 
f 2221 2425 1071 
f 1101 2430 2429 
f 2430 2228 2428 
f 2429 2428 2426 
f 2428 2429 2430 
f 2228 2233 2428 
f 2233 2231 2427 
f 2428 2427 2426 
f 2427 2428 2233 
f 2228 2430 2423 
f 2430 1101 1106 
f 2423 1106 1104 
f 1106 2423 2430 
f 2222 2436 2234 
f 2436 671 2434 
f 2234 2434 2231 
f 2434 2234 2436 
f 2431 2433 2432 
f 2433 2426 2427 
f 2432 2427 2231 
f 2427 2432 2433 
f 671 2435 2434 
f 2435 2431 2432 
f 2434 2432 2231 
f 2432 2434 2435 
f 2431 2438 2433 
f 2438 2437 2439 
f 2433 2439 2426 
f 2439 2433 2438 
f 2440 2442 2441 
f 2442 2426 2439 
f 2441 2439 2437 
f 2439 2441 2442 
f 2440 2443 2442 
f 2443 1101 2429 
f 2442 2429 2426 
f 2429 2442 2443 
f 746 2445 2444 
f 2445 2437 2438 
f 2444 2438 2431 
f 2438 2444 2445 
f 475 2448 2447 
f 2448 746 2444 
f 2447 2444 2431 
f 2444 2447 2448 
f 2431 2435 2447 
f 2435 671 2446 
f 2447 2446 475 
f 2446 2447 2435 
f 743 2452 747 
f 2452 2437 2445 
f 747 2445 746 
f 2445 747 2452 
f 2437 2452 2450 
f 2452 743 2453 
f 2450 2453 2449 
f 2453 2450 2452 
f 2437 2450 2441 
f 2450 2449 2451 
f 2441 2451 2440 
f 2451 2441 2450 
f 2440 2456 2458 
f 2456 2454 2457 
f 2458 2457 1414 
f 2457 2458 2456 
f 2440 2458 2443 
f 2458 1414 2459 
f 2443 2459 1101 
f 2459 2443 2458 
f 2440 2451 2456 
f 2451 2449 2455 
f 2456 2455 2454 
f 2455 2456 2451 
f 743 2465 2453 
f 2465 823 2463 
f 2453 2463 2449 
f 2463 2453 2465 
f 2460 2461 2464 
f 2461 2449 2463 
f 2464 2463 823 
f 2463 2464 2461 
f 2449 2461 2455 
f 2461 2460 2462 
f 2455 2462 2454 
f 2462 2455 2461 
f 1621 2102 2467 
f 2102 2099 2466 
f 2467 2466 1973 
f 2466 2467 2102 
f 1470 1473 2398 
f 1473 1249 2468 
f 2398 2468 2099 
f 2468 2398 1473 
f 2099 2468 2466 
f 2468 1249 1976 
f 2466 1976 1973 
f 1976 2466 2468 
f 2454 2471 2473 
f 2471 2469 2472 
f 2473 2472 1417 
f 2472 2473 2471 
f 2460 2470 2462 
f 2470 2469 2471 
f 2462 2471 2454 
f 2471 2462 2470 
f 1417 1420 2473 
f 1420 1414 2457 
f 2473 2457 2454 
f 2457 2473 1420 
f 823 2474 2464 
f 2474 2384 2475 
f 2464 2475 2460 
f 2475 2464 2474 
f 2387 2477 2476 
f 2477 2469 2470 
f 2476 2470 2460 
f 2470 2476 2477 
f 2384 2389 2475 
f 2389 2387 2476 
f 2475 2476 2460 
f 2476 2475 2389 
f 2111 2478 2254 
f 2478 1351 2479 
f 2254 2479 2250 
f 2479 2254 2478 
f 1928 2360 2481 
f 2360 2250 2480 
f 2481 2480 1358 
f 2480 2481 2360 
f 1351 1363 2479 
f 1363 1358 2480 
f 2479 2480 2250 
f 2480 2479 1363 
f 1952 2482 2483 
f 2482 405 755 
f 2483 755 753 
f 755 2483 2482 
f 405 2482 409 
f 2482 1952 2420 
f 409 2420 399 
f 2420 409 2482 
f 1952 2483 1955 
f 2483 753 2484 
f 1955 2484 1876 
f 2484 1955 2483 
f 1066 2486 2485 
f 2486 2198 2201 
f 2485 2201 2195 
f 2201 2485 2486 
f 2198 2486 2487 
f 2486 1066 2488 
f 2487 2488 1806 
f 2488 2487 2486 
f 2198 2487 2264 
f 2487 1806 1809 
f 2264 1809 1803 
f 1809 2264 2487 
f 1904 2491 2489 
f 2491 753 756 
f 2489 756 750 
f 756 2489 2491 
f 750 2490 2489 
f 2490 816 2137 
f 2489 2137 1904 
f 2137 2489 2490 
f 1876 2484 1907 
f 2484 753 2491 
f 1907 2491 1904 
f 2491 1907 2484 
f 2492 2493 2495 
f 2493 764 768 
f 2495 768 765 
f 768 2495 2493 
f 2492 2494 2493 
f 2494 2353 2354 
f 2493 2354 764 
f 2354 2493 2494 
f 2499 2500 2502 
f 2500 2353 2494 
f 2502 2494 2492 
f 2494 2502 2500 
f 2353 2500 2497 
f 2500 2499 2501 
f 2497 2501 2496 
f 2501 2497 2500 
f 2353 2497 2357 
f 2497 2496 2498 
f 2357 2498 2356 
f 2498 2357 2497 
f 2356 2505 2507 
f 2505 2503 2506 
f 2507 2506 1593 
f 2506 2507 2505 
f 1594 2359 1597 
f 2359 2356 2507 
f 1597 2507 1593 
f 2507 1597 2359 
f 2503 2505 2504 
f 2505 2356 2498 
f 2504 2498 2496 
f 2498 2504 2505 
f 2511 2513 2512 
f 2513 2508 2509 
f 2512 2509 2496 
f 2509 2512 2513 
f 2496 2501 2512 
f 2501 2499 2514 
f 2512 2514 2511 
f 2514 2512 2501 
f 2496 2509 2504 
f 2509 2508 2510 
f 2504 2510 2503 
f 2510 2504 2509 
f 2518 2521 2520 
f 2521 1593 2506 
f 2520 2506 2503 
f 2506 2520 2521 
f 2518 2520 2519 
f 2520 2503 2517 
f 2519 2517 2515 
f 2517 2519 2520 
f 2503 2510 2517 
f 2510 2508 2516 
f 2517 2516 2515 
f 2516 2517 2510 
f 2524 2525 2527 
f 2525 2508 2513 
f 2527 2513 2511 
f 2513 2527 2525 
f 2508 2522 2516 
f 2522 729 2523 
f 2516 2523 2515 
f 2523 2516 2522 
f 2524 2526 2525 
f 2526 729 2522 
f 2525 2522 2508 
f 2522 2525 2526 
f 729 730 2523 
f 730 726 2531 
f 2523 2531 2515 
f 2531 2523 730 
f 2528 2529 2532 
f 2529 2515 2531 
f 2532 2531 726 
f 2531 2532 2529 
f 2518 2519 2530 
f 2519 2515 2529 
f 2530 2529 2528 
f 2529 2530 2519 
f 2499 2502 2534 
f 2502 2492 2537 
f 2534 2537 891 
f 2537 2534 2502 
f 2533 2536 2535 
f 2536 2499 2534 
f 2535 2534 891 
f 2534 2535 2536 
f 2499 2536 2514 
f 2536 2533 2538 
f 2514 2538 2511 
f 2538 2514 2536 
f 2518 2540 2541 
f 2540 1603 1604 
f 2541 1604 1582 
f 1604 2541 2540 
f 2528 2539 2530 
f 2539 1603 2540 
f 2530 2540 2518 
f 2540 2530 2539 
f 1593 2521 1598 
f 2521 2518 2541 
f 1598 2541 1582 
f 2541 1598 2521 
f 1603 2539 2548 
f 2539 2528 2547 
f 2548 2547 2545 
f 2547 2548 2539 
f 726 2543 2532 
f 2543 2542 2544 
f 2532 2544 2528 
f 2544 2532 2543 
f 2528 2544 2547 
f 2544 2542 2546 
f 2547 2546 2545 
f 2546 2547 2544 
f 486 825 744 
f 825 823 2465 
f 744 2465 743 
f 2465 744 825 
f 2384 2474 2549 
f 2474 823 828 
f 2549 828 826 
f 828 2549 2474 
f 647 2551 649 
f 2551 819 822 
f 649 822 429 
f 822 649 2551 
f 819 2551 2550 
f 2551 647 2173 
f 2550 2173 2134 
f 2173 2550 2551 
f 2107 2554 2555 
f 2554 1474 2237 
f 2555 2237 2235 
f 2237 2555 2554 
f 1477 1478 2553 
f 1478 1474 2552 
f 2553 2552 2104 
f 2552 2553 1478 
f 2107 2110 2554 
f 2110 2104 2552 
f 2554 2552 1474 
f 2552 2554 2110 
f 2393 2556 2399 
f 2556 2107 2555 
f 2399 2555 2235 
f 2555 2399 2556 
f 2107 2556 2109 
f 2556 2393 2396 
f 2109 2396 702 
f 2396 2109 2556 
f 898 903 2040 
f 903 95 759 
f 2040 759 757 
f 759 2040 903 
f 899 2045 2558 
f 2045 795 2557 
f 2558 2557 2240 
f 2557 2558 2045 
f 899 2558 905 
f 2558 2240 2559 
f 905 2559 904 
f 2559 905 2558 
f 2366 2367 2560 
f 2367 733 737 
f 2560 737 734 
f 737 2560 2367 
f 662 2564 2566 
f 2564 2366 2560 
f 2566 2560 734 
f 2560 2566 2564 
f 2561 2563 2562 
f 2563 2369 2370 
f 2562 2370 2366 
f 2370 2562 2563 
f 2561 2562 2565 
f 2562 2366 2564 
f 2565 2564 662 
f 2564 2565 2562 
f 1400 2571 2570 
f 2571 2369 2569 
f 2570 2569 2567 
f 2569 2570 2571 
f 1400 1406 2571 
f 1406 1403 2372 
f 2571 2372 2369 
f 2372 2571 1406 
f 2567 2569 2568 
f 2569 2369 2563 
f 2568 2563 2561 
f 2563 2568 2569 
f 2572 2573 2576 
f 2573 2561 2575 
f 2576 2575 661 
f 2575 2576 2573 
f 2561 2565 2575 
f 2565 662 664 
f 2575 664 661 
f 664 2575 2565 
f 2572 2574 2573 
f 2574 2567 2568 
f 2573 2568 2561 
f 2568 2573 2574 
f 2567 2581 2570 
f 2581 1421 2582 
f 2570 2582 1400 
f 2582 2570 2581 
f 2567 2574 2579 
f 2574 2572 2578 
f 2579 2578 2577 
f 2578 2579 2574 
f 2577 2580 2579 
f 2580 1421 2581 
f 2579 2581 2567 
f 2581 2579 2580 
f 2583 2584 2588 
f 2584 2572 2587 
f 2588 2587 2586 
f 2587 2588 2584 
f 661 2589 2576 
f 2589 2586 2587 
f 2576 2587 2572 
f 2587 2576 2589 
f 2583 2585 2584 
f 2585 2577 2578 
f 2584 2578 2572 
f 2578 2584 2585 
f 357 367 741 
f 367 363 2590 
f 741 2590 734 
f 2590 741 367 
f 662 2566 669 
f 2566 734 2590 
f 669 2590 363 
f 2590 669 2566 
f 1966 2379 1968 
f 2379 1389 2024 
f 1968 2024 1963 
f 2024 1968 2379 
f 1680 1965 2257 
f 1965 1963 2030 
f 2257 2030 2028 
f 2030 2257 1965 
f 1421 2580 1427 
f 2580 2577 2594 
f 1427 2594 1424 
f 2594 1427 2580 
f 1424 2594 2593 
f 2594 2577 2592 
f 2593 2592 1428 
f 2592 2593 2594 
f 2577 2585 2592 
f 2585 2583 2591 
f 2592 2591 1428 
f 2591 2592 2585 
f 2595 2597 2596 
f 2597 2583 2588 
f 2596 2588 2586 
f 2588 2596 2597 
f 2316 2599 2598 
f 2599 2583 2597 
f 2598 2597 2595 
f 2597 2598 2599 
f 1428 2591 2600 
f 2591 2583 2599 
f 2600 2599 2316 
f 2599 2600 2591 
f 802 2601 2604 
f 2601 2586 2603 
f 2604 2603 666 
f 2603 2604 2601 
f 2595 2596 2602 
f 2596 2586 2601 
f 2602 2601 802 
f 2601 2602 2596 
f 2586 2589 2603 
f 2589 661 668 
f 2603 668 666 
f 668 2603 2589 
f 805 2607 2606 
f 2607 2319 2605 
f 2606 2605 2595 
f 2605 2606 2607 
f 2595 2602 2606 
f 2602 802 808 
f 2606 808 805 
f 808 2606 2602 
f 2319 2320 2605 
f 2320 2316 2598 
f 2605 2598 2595 
f 2598 2605 2320 
f 2469 2609 2610 
f 2609 1610 1611 
f 2610 1611 1055 
f 1611 2610 2609 
f 2387 2608 2477 
f 2608 1610 2609 
f 2477 2609 2469 
f 2609 2477 2608 
f 1055 1419 2610 
f 1419 1417 2472 
f 2610 2472 2469 
f 2472 2610 1419 
f 1428 1430 2593 
f 1430 1228 1426 
f 2593 1426 1424 
f 1426 2593 1430 
f 2316 2318 2600 
f 2318 1431 1432 
f 2600 1432 1428 
f 1432 2600 2318 
f 1785 2373 1788 
f 2373 2011 2294 
f 1788 2294 1782 
f 2294 1788 2373 
f 633 634 2383 
f 634 510 860 
f 2383 860 858 
f 860 2383 634 
f 858 863 1996 
f 863 861 2611 
f 1996 2611 1841 
f 2611 1996 863 
f 630 2386 2612 
f 2386 2384 2549 
f 2612 2549 826 
f 2549 2612 2386 
f 2004 2034 2008 
f 2034 2032 2613 
f 2008 2613 2007 
f 2613 2008 2034 
f 876 2615 2617 
f 2615 2032 2614 
f 2617 2614 611 
f 2614 2617 2615 
f 2032 2036 2614 
f 2036 606 613 
f 2614 613 611 
f 613 2614 2036 
f 2007 2613 2616 
f 2613 2032 2615 
f 2616 2615 876 
f 2615 2616 2613 
f 607 609 2618 
f 609 606 2037 
f 2618 2037 1859 
f 2037 2618 609 
f 1915 2377 1920 
f 2377 1652 1655 
f 1920 1655 1638 
f 1655 1920 2377 
f 726 728 2543 
f 728 273 2619 
f 2543 2619 2542 
f 2619 2543 728 
f 273 2625 2619 
f 2625 887 2623 
f 2619 2623 2542 
f 2623 2619 2625 
f 2542 2623 2621 
f 2623 887 2624 
f 2621 2624 2620 
f 2624 2621 2623 
f 2542 2621 2546 
f 2621 2620 2622 
f 2546 2622 2545 
f 2622 2546 2621 
f 1600 1606 2630 
f 1606 1603 2548 
f 2630 2548 2545 
f 2548 2630 1606 
f 2620 2627 2622 
f 2627 2626 2628 
f 2622 2628 2545 
f 2628 2622 2627 
f 2626 2629 2628 
f 2629 1600 2630 
f 2628 2630 2545 
f 2630 2628 2629 
f 2620 2634 2632 
f 2634 884 2635 
f 2632 2635 2631 
f 2635 2632 2634 
f 2620 2632 2627 
f 2632 2631 2633 
f 2627 2633 2626 
f 2633 2627 2632 
f 884 2634 889 
f 2634 2620 2624 
f 889 2624 887 
f 2624 889 2634 
f 2626 2640 2629 
f 2640 1722 2641 
f 2629 2641 1600 
f 2641 2629 2640 
f 2636 2639 2638 
f 2639 1722 2640 
f 2638 2640 2626 
f 2640 2638 2639 
f 2631 2637 2633 
f 2637 2636 2638 
f 2633 2638 2626 
f 2638 2633 2637 
f 884 885 2635 
f 885 623 2645 
f 2635 2645 2631 
f 2645 2635 885 
f 623 2646 2645 
f 2646 2642 2643 
f 2645 2643 2631 
f 2643 2645 2646 
f 2636 2637 2644 
f 2637 2631 2643 
f 2644 2643 2642 
f 2643 2644 2637 
f 2636 2648 2650 
f 2648 1810 2649 
f 2650 2649 1719 
f 2649 2650 2648 
f 1810 2648 2647 
f 2648 2636 2644 
f 2647 2644 2642 
f 2644 2647 2648 
f 1719 1725 2650 
f 1725 1722 2639 
f 2650 2639 2636 
f 2639 2650 1725 
f 2651 2652 2655 
f 2652 2642 2654 
f 2655 2654 626 
f 2654 2655 2652 
f 2642 2646 2654 
f 2646 623 628 
f 2654 628 626 
f 628 2654 2646 
f 2642 2652 2647 
f 2652 2651 2653 
f 2647 2653 1810 
f 2653 2647 2652 
f 1938 2656 2261 
f 2656 1114 2093 
f 2261 2093 682 
f 2093 2261 2656 
f 1719 2649 1721 
f 2649 1810 1812 
f 1721 1812 1526 
f 1812 1721 2649 
f 1813 1814 2657 
f 1814 1810 2653 
f 2657 2653 2651 
f 2653 2657 1814 
f 2651 2655 2659 
f 2655 626 629 
f 2659 629 303 
f 629 2659 2655 
f 2658 2661 2660 
f 2661 2651 2659 
f 2660 2659 303 
f 2659 2660 2661 
f 2658 2662 2661 
f 2662 1813 2657 
f 2661 2657 2651 
f 2657 2661 2662 
f 2057 2663 2080 
f 2663 638 2664 
f 2080 2664 830 
f 2664 2080 2663 
f 333 832 646 
f 832 830 2664 
f 646 2664 638 
f 2664 646 832 
f 1463 1767 2311 
f 1767 1764 2410 
f 2311 2410 2309 
f 2410 2311 1767 
f 711 2312 912 
f 2312 2309 2333 
f 912 2333 908 
f 2333 912 2312 
f 1111 1116 1941 
f 1116 1114 2656 
f 1941 2656 1938 
f 2656 1941 1116 
f 887 2625 890 
f 2625 273 283 
f 890 283 279 
f 283 890 2625 
f 261 732 2665 
f 732 729 2526 
f 2665 2526 2524 
f 2526 2665 732 
f 2524 2527 2667 
f 2527 2511 2666 
f 2667 2666 791 
f 2666 2667 2527 
f 791 794 2667 
f 794 255 2668 
f 2667 2668 2524 
f 2668 2667 794 
f 2524 2668 2665 
f 2668 255 265 
f 2665 265 261 
f 265 2665 2668 
f 1034 1444 2669 
f 1444 1442 2405 
f 2669 2405 1741 
f 2405 2669 1444 
f 1034 2669 1037 
f 2669 1741 1746 
f 1037 1746 999 
f 1746 1037 2669 
f 2222 2392 2436 
f 2392 672 674 
f 2436 674 671 
f 674 2436 2392 
f 671 676 2446 
f 676 465 478 
f 2446 478 475 
f 478 2446 676 
f 746 2448 749 
f 2448 475 477 
f 749 477 471 
f 477 749 2448 
f 760 2670 762 
f 2670 1887 2042 
f 762 2042 757 
f 2042 762 2670 
f 79 605 763 
f 605 602 2672 
f 763 2672 760 
f 2672 763 605 
f 602 2673 2672 
f 2673 1897 2671 
f 2672 2671 760 
f 2671 2672 2673 
f 1897 1898 2671 
f 1898 1887 2670 
f 2671 2670 760 
f 2670 2671 1898 
f 795 797 2557 
f 797 588 2242 
f 2557 2242 2240 
f 2242 2557 797 
f 1942 2674 2046 
f 2674 798 799 
f 2046 799 795 
f 799 2046 2674 
f 99 893 772 
f 893 891 2675 
f 772 2675 765 
f 2675 772 893 
f 2533 2535 2676 
f 2535 891 896 
f 2676 896 894 
f 896 2676 2535 
f 2492 2495 2537 
f 2495 765 2675 
f 2537 2675 891 
f 2675 2537 2495 
f 2245 2680 2679 
f 2680 788 2677 
f 2679 2677 894 
f 2677 2679 2680 
f 894 897 2679 
f 897 114 2249 
f 2679 2249 2245 
f 2249 2679 897 
f 788 2678 2677 
f 2678 2533 2676 
f 2677 2676 894 
f 2676 2677 2678 
f 2015 2681 2017 
f 2681 798 2674 
f 2017 2674 1942 
f 2674 2017 2681 
f 719 720 2683 
f 720 570 2684 
f 2683 2684 2015 
f 2684 2683 720 
f 2015 2685 2681 
f 2685 576 801 
f 2681 801 798 
f 801 2681 2685 
f 576 2685 580 
f 2685 2015 2684 
f 580 2684 570 
f 2684 580 2685 
f 2018 2682 2020 
f 2682 719 2683 
f 2020 2683 2015 
f 2683 2020 2682 
f 769 2352 773 
f 2352 616 617 
f 773 617 75 
f 617 773 2352 
f 55 621 782 
f 621 619 2273 
f 782 2273 781 
f 2273 782 621 
f 2111 2116 2478 
f 2116 1354 1357 
f 2478 1357 1351 
f 1357 2478 2116 
f 738 2303 742 
f 2303 833 836 
f 742 836 345 
f 836 742 2303 
f 1997 2686 2283 
f 2686 876 882 
f 2283 882 879 
f 882 2283 2686 
f 876 2686 2616 
f 2686 1997 2010 
f 2616 2010 2007 
f 2010 2616 2686 
f 599 2414 603 
f 2414 2412 2687 
f 603 2687 602 
f 2687 603 2414 
f 1894 2689 2688 
f 2689 2412 2417 
f 2688 2417 2415 
f 2417 2688 2689 
f 1894 1900 2689 
f 1900 1897 2690 
f 2689 2690 2412 
f 2690 2689 1900 
f 1897 2673 2690 
f 2673 602 2687 
f 2690 2687 2412 
f 2687 2690 2673 
f 1691 1896 2693 
f 1896 1894 2688 
f 2693 2688 2415 
f 2688 2693 1896 
f 2415 2418 2692 
f 2418 1761 2691 
f 2692 2691 1694 
f 2691 2692 2418 
f 1691 2693 1697 
f 2693 2415 2692 
f 1697 2692 1694 
f 2692 1697 2693 
f 1659 1696 1763 
f 1696 1694 2691 
f 1763 2691 1761 
f 2691 1763 1696 
f 2018 2282 2682 
f 2282 722 725 
f 2682 725 719 
f 725 2682 2282 
f 1803 1804 2268 
f 1804 1121 1166 
f 2268 1166 1164 
f 1166 2268 1804 
f 1400 2582 1402 
f 2582 1421 1422 
f 1402 1422 1256 
f 1422 1402 2582 
f 1519 1816 2695 
f 1816 1813 2697 
f 2695 2697 2694 
f 2697 2695 1816 
f 1519 2695 1727 
f 2695 2694 2696 
f 1727 2696 1726 
f 2696 1727 2695 
f 1726 2699 2701 
f 2699 837 2700 
f 2701 2700 2066 
f 2700 2701 2699 
f 1726 2696 2699 
f 2696 2694 2698 
f 2699 2698 837 
f 2698 2699 2696 
f 1729 1730 2069 
f 1730 1726 2701 
f 2069 2701 2066 
f 2701 2069 1730 
f 837 2698 841 
f 2698 2694 2702 
f 841 2702 840 
f 2702 841 2698 
f 840 2702 2704 
f 2702 2694 2703 
f 2704 2703 2658 
f 2703 2704 2702 
f 2694 2697 2703 
f 2697 1813 2662 
f 2703 2662 2658 
f 2662 2703 2697 
f 642 2706 2705 
f 2706 2066 2700 
f 2705 2700 837 
f 2700 2705 2706 
f 321 645 839 
f 645 642 2705 
f 839 2705 837 
f 2705 839 645 
f 2057 2065 2663 
f 2065 637 641 
f 2663 641 638 
f 641 2663 2065 
f 2066 2706 2068 
f 2706 642 643 
f 2068 643 637 
f 643 2068 2706 
f 1438 2160 1441 
f 2160 1167 1168 
f 1441 1168 1149 
f 1168 1441 2160 
f 819 2550 821 
f 2550 2134 2139 
f 821 2139 816 
f 2139 821 2550 
f 417 818 751 
f 818 816 2490 
f 751 2490 750 
f 2490 751 818 
f 1414 1415 2459 
f 1415 1027 1103 
f 2459 1103 1101 
f 1103 2459 1415 
f 971 1808 995 
f 1808 1806 2707 
f 995 2707 992 
f 2707 995 1808 
f 1066 1067 2488 
f 1067 992 2707 
f 2488 2707 1806 
f 2707 2488 1067 
f 1445 2708 1447 
f 2708 2122 2407 
f 1447 2407 1442 
f 2407 1447 2708 
f 1445 2709 2708 
f 2709 2129 2130 
f 2708 2130 2122 
f 2130 2708 2709 
f 1445 2710 2709 
f 2710 1083 2293 
f 2709 2293 2129 
f 2293 2709 2710 
f 861 2711 2611 
f 2711 1862 1863 
f 2611 1863 1841 
f 1863 2611 2711 
f 607 2714 2713 
f 2714 1862 2712 
f 2713 2712 522 
f 2712 2713 2714 
f 1862 2711 2712 
f 2711 861 864 
f 2712 864 522 
f 864 2712 2711 
f 1862 2714 1865 
f 2714 607 2618 
f 1865 2618 1859 
f 2618 1865 2714 
f 498 632 829 
f 632 630 2612 
f 829 2612 826 
f 2612 829 632 
f 802 2604 804 
f 2604 666 670 
f 804 670 375 
f 670 804 2604 
f 805 806 2715 
f 806 387 659 
f 2715 659 657 
f 659 2715 806 
f 657 2716 2715 
f 2716 2319 2607 
f 2715 2607 805 
f 2607 2715 2716 
f 657 660 2717 
f 660 654 2422 
f 2717 2422 1959 
f 2422 2717 660 
f 1959 2322 2717 
f 2322 2319 2716 
f 2717 2716 657 
f 2716 2717 2322 
f 2296 2299 2718 
f 2299 650 653 
f 2718 653 441 
f 653 2718 2299 
f 441 815 2718 
f 815 812 2325 
f 2718 2325 2296 
f 2325 2718 815 
f 1621 2467 2088 
f 2467 1973 1974 
f 2088 1974 1970 
f 1974 2088 2467 
f 1221 1854 1972 
f 1854 1852 2090 
f 1972 2090 1970 
f 2090 1972 1854 
f 1852 2719 2092 
f 2719 1932 2720 
f 2092 2720 1410 
f 2720 2092 2719 
f 1852 1857 2719 
f 1857 1855 2721 
f 2719 2721 1932 
f 2721 2719 1857 
f 1410 2720 2262 
f 2720 1932 1936 
f 2262 1936 1933 
f 1936 2262 2720 
f 1932 2721 1937 
f 2721 1855 2722 
f 1937 2722 1142 
f 2722 1937 2721 
f 309 2723 313 
f 2723 2658 2660 
f 313 2660 303 
f 2660 313 2723 
f 2658 2723 2704 
f 2723 309 843 
f 2704 843 840 
f 843 2704 2723 
f 528 615 532 
f 615 607 2713 
f 532 2713 522 
f 2713 532 615 
f 1062 1086 1448 
f 1086 1083 2710 
f 1448 2710 1445 
f 2710 1448 1086 
f 876 2617 878 
f 2617 611 614 
f 878 614 540 
f 614 878 2617 
f 2155 2267 2158 
f 2267 1164 1170 
f 2158 1170 1167 
f 1170 2158 2267 
f 1142 2722 1159 
f 2722 1855 1858 
f 1159 1858 1156 
f 1858 1159 2722 
f 1069 1072 2207 
f 1072 1066 2485 
f 2207 2485 2195 
f 2485 2207 1072 
f 1600 2641 1602 
f 2641 1722 1723 
f 1602 1723 1554 
f 1723 1602 2641 
f 2245 2246 2680 
f 2246 243 790 
f 2680 790 788 
f 790 2680 2246 
f 2511 2724 2666 
f 2724 788 793 
f 2666 793 791 
f 793 2666 2724 
f 2533 2678 2538 
f 2678 788 2724 
f 2538 2724 2511 
f 2724 2538 2678 
f 2112 2154 2117 
f 2154 1477 2553 
f 2117 2553 2104 
f 2553 2117 2154 
f 1610 2608 1613 
f 2608 2387 2390 
f 1613 2390 1607 
f 2390 1613 2608 
f 2240 2244 2559 
f 2244 118 907 
f 2559 907 904 
f 907 2559 2244 
f 1925 1931 2725 
f 1931 1928 2481 
f 2725 2481 1358 
f 2481 2725 1931 
f 1925 2725 2148 
f 2725 1358 1362 
f 2148 1362 1359 
f 1362 2148 2725 
f 3270 3318 3320 
f 3318 3316 3319 
f 3320 3319 3317 
f 3319 3320 3318 
f 3270 3320 3277 
f 3320 3317 3321 
f 3277 3321 3274 
f 3321 3277 3320 
f 3266 3322 3273 
f 3322 3316 3318 
f 3273 3318 3270 
f 3318 3273 3322 
f 3142 3324 3149 
f 3324 3323 3325 
f 3149 3325 3146 
f 3325 3149 3324 
f 3323 3327 3325 
f 3327 3326 3328 
f 3325 3328 3146 
f 3328 3325 3327 
f 3146 3328 3331 
f 3328 3326 3330 
f 3331 3330 3329 
f 3330 3331 3328 
f 3146 3331 3153 
f 3331 3329 3332 
f 3153 3332 3150 
f 3332 3153 3331 
f 3206 3334 3213 
f 3334 3333 3335 
f 3213 3335 3210 
f 3335 3213 3334 
f 3210 3335 3338 
f 3335 3333 3337 
f 3338 3337 3336 
f 3337 3338 3335 
f 3214 3217 3339 
f 3217 3210 3338 
f 3339 3338 3336 
f 3338 3339 3217 
f 3078 3341 3085 
f 3341 3340 3342 
f 3085 3342 3082 
f 3342 3085 3341 
f 3340 3344 3342 
f 3344 3343 3345 
f 3342 3345 3082 
f 3345 3342 3344 
f 3082 3345 3089 
f 3345 3343 3346 
f 3089 3346 3086 
f 3346 3089 3345 
f 3114 3117 3349 
f 3117 3110 3348 
f 3349 3348 3347 
f 3348 3349 3117 
f 3350 3351 3352 
f 3351 3114 3349 
f 3352 3349 3347 
f 3349 3352 3351 
f 3114 3351 3121 
f 3351 3350 3353 
f 3121 3353 3118 
f 3353 3121 3351 
f 3178 3356 3358 
f 3356 3354 3357 
f 3358 3357 3355 
f 3357 3358 3356 
f 3354 3356 3359 
f 3356 3178 3179 
f 3359 3179 3174 
f 3179 3359 3356 
f 3182 3184 3360 
f 3184 3178 3358 
f 3360 3358 3355 
f 3358 3360 3184 
f 3234 3362 3241 
f 3362 3361 3363 
f 3241 3363 3238 
f 3363 3241 3362 
f 3238 3363 3366 
f 3363 3361 3365 
f 3366 3365 3364 
f 3365 3366 3363 
f 3238 3366 3245 
f 3366 3364 3367 
f 3245 3367 3242 
f 3367 3245 3366 
f 3054 3056 3370 
f 3056 2996 3369 
f 3370 3369 3368 
f 3369 3370 3056 
f 3371 3372 3373 
f 3372 3368 3369 
f 3373 3369 2996 
f 3369 3373 3372 
f 2999 3374 3002 
f 3374 3371 3373 
f 3002 3373 2996 
f 3373 3002 3374 
f 3375 3376 3377 
f 3376 3254 3257 
f 3377 3257 3250 
f 3257 3377 3376 
f 3258 3261 3380 
f 3261 3254 3379 
f 3380 3379 3378 
f 3379 3380 3261 
f 3254 3376 3379 
f 3376 3375 3381 
f 3379 3381 3378 
f 3381 3379 3376 
f 3194 3197 3384 
f 3197 3190 3383 
f 3384 3383 3382 
f 3383 3384 3197 
f 3194 3384 3387 
f 3384 3382 3386 
f 3387 3386 3385 
f 3386 3387 3384 
f 3194 3387 3200 
f 3387 3385 3388 
f 3200 3388 3198 
f 3388 3200 3387 
f 3389 3391 3393 
f 3391 3390 3392 
f 3393 3392 3162 
f 3392 3393 3391 
f 3158 3394 3163 
f 3394 3389 3393 
f 3163 3393 3162 
f 3393 3163 3394 
f 3162 3392 3397 
f 3392 3390 3396 
f 3397 3396 3395 
f 3396 3397 3392 
f 3166 3169 3398 
f 3169 3162 3397 
f 3398 3397 3395 
f 3397 3398 3169 
f 3399 3400 3401 
f 3400 3102 3105 
f 3401 3105 3098 
f 3105 3401 3400 
f 3399 3401 3404 
f 3401 3098 3403 
f 3404 3403 3402 
f 3403 3404 3401 
f 3402 3403 3405 
f 3403 3098 3099 
f 3405 3099 3094 
f 3099 3405 3403 
f 3130 3133 3408 
f 3133 3126 3407 
f 3408 3407 3406 
f 3407 3408 3133 
f 3406 3410 3408 
f 3410 3409 3411 
f 3408 3411 3130 
f 3411 3408 3410 
f 3409 3412 3411 
f 3412 3134 3135 
f 3411 3135 3130 
f 3135 3411 3412 
f 3413 3415 3417 
f 3415 3414 3416 
f 3417 3416 3066 
f 3416 3417 3415 
f 3418 3419 3420 
f 3419 3413 3417 
f 3420 3417 3066 
f 3417 3420 3419 
f 3066 3069 3420 
f 3069 3062 3421 
f 3420 3421 3418 
f 3421 3420 3069 
f 3066 3416 3071 
f 3416 3414 3422 
f 3071 3422 3070 
f 3422 3071 3416 
f 3290 3293 3425 
f 3293 3286 3424 
f 3425 3424 3423 
f 3424 3425 3293 
f 3286 3427 3424 
f 3427 3426 3428 
f 3424 3428 3423 
f 3428 3424 3427 
f 3282 3429 3289 
f 3429 3426 3427 
f 3289 3427 3286 
f 3427 3289 3429 
f 3226 3229 3432 
f 3229 3222 3431 
f 3432 3431 3430 
f 3431 3432 3229 
f 3230 3233 3435 
f 3233 3226 3434 
f 3435 3434 3433 
f 3434 3435 3233 
f 3226 3432 3434 
f 3432 3430 3436 
f 3434 3436 3433 
f 3436 3434 3432 
f 3134 3438 3139 
f 3438 3437 3439 
f 3139 3439 3138 
f 3439 3139 3438 
f 3138 3440 3145 
f 3440 3323 3324 
f 3145 3324 3142 
f 3324 3145 3440 
f 3138 3439 3440 
f 3439 3437 3441 
f 3440 3441 3323 
f 3441 3440 3439 
f 3198 3443 3205 
f 3443 3442 3444 
f 3205 3444 3202 
f 3444 3205 3443 
f 3202 3445 3209 
f 3445 3333 3334 
f 3209 3334 3206 
f 3334 3209 3445 
f 3442 3446 3444 
f 3446 3333 3445 
f 3444 3445 3202 
f 3445 3444 3446 
f 3447 3449 3451 
f 3449 3090 3450 
f 3451 3450 3448 
f 3450 3451 3449 
f 3447 3452 3449 
f 3452 3094 3097 
f 3449 3097 3090 
f 3097 3449 3452 
f 3448 3450 3453 
f 3450 3090 3092 
f 3453 3092 3086 
f 3092 3453 3450 
f 3454 3456 3458 
f 3456 3455 3457 
f 3458 3457 3218 
f 3457 3458 3456 
f 3218 3220 3458 
f 3220 3214 3459 
f 3458 3459 3454 
f 3459 3458 3220 
f 3222 3225 3460 
f 3225 3218 3457 
f 3460 3457 3455 
f 3457 3460 3225 
f 3461 3462 3464 
f 3462 3316 3463 
f 3464 3463 3262 
f 3463 3464 3462 
f 3262 3265 3464 
f 3265 3258 3465 
f 3464 3465 3461 
f 3465 3464 3265 
f 3262 3463 3269 
f 3463 3316 3322 
f 3269 3322 3266 
f 3322 3269 3463 
f 3154 3467 3161 
f 3467 3466 3468 
f 3161 3468 3158 
f 3468 3161 3467 
f 3329 3469 3332 
f 3469 3154 3157 
f 3332 3157 3150 
f 3157 3332 3469 
f 3154 3469 3467 
f 3469 3329 3470 
f 3467 3470 3466 
f 3470 3467 3469 
f 3102 3400 3109 
f 3400 3399 3471 
f 3109 3471 3106 
f 3471 3109 3400 
f 3472 3473 3474 
f 3473 3106 3471 
f 3474 3471 3399 
f 3471 3474 3473 
f 3106 3473 3113 
f 3473 3472 3475 
f 3113 3475 3110 
f 3475 3113 3473 
f 3278 3477 3285 
f 3477 3476 3478 
f 3285 3478 3282 
f 3478 3285 3477 
f 3479 3480 3481 
f 3480 3278 3281 
f 3481 3281 3274 
f 3281 3481 3480 
f 3278 3480 3477 
f 3480 3479 3482 
f 3477 3482 3476 
f 3482 3477 3480 
f 3170 3173 3483 
f 3173 3166 3398 
f 3483 3398 3395 
f 3398 3483 3173 
f 3174 3177 3486 
f 3177 3170 3485 
f 3486 3485 3484 
f 3485 3486 3177 
f 3395 3487 3483 
f 3487 3484 3485 
f 3483 3485 3170 
f 3485 3483 3487 
f 3186 3489 3193 
f 3489 3488 3490 
f 3193 3490 3190 
f 3490 3193 3489 
f 3186 3492 3489 
f 3492 3491 3493 
f 3489 3493 3488 
f 3493 3489 3492 
f 3186 3189 3492 
f 3189 3182 3494 
f 3492 3494 3491 
f 3494 3492 3189 
f 3058 3059 3497 
f 3059 3054 3496 
f 3497 3496 3495 
f 3496 3497 3059 
f 3418 3498 3499 
f 3498 3058 3497 
f 3499 3497 3495 
f 3497 3499 3498 
f 3418 3421 3498 
f 3421 3062 3065 
f 3498 3065 3058 
f 3065 3498 3421 
f 3074 3500 3081 
f 3500 3340 3341 
f 3081 3341 3078 
f 3341 3081 3500 
f 3501 3502 3504 
f 3502 3074 3503 
f 3504 3503 3414 
f 3503 3504 3502 
f 3074 3502 3500 
f 3502 3501 3505 
f 3500 3505 3340 
f 3505 3500 3502 
f 3074 3077 3503 
f 3077 3070 3422 
f 3503 3422 3414 
f 3422 3503 3077 
f 3122 3507 3129 
f 3507 3506 3508 
f 3129 3508 3126 
f 3508 3129 3507 
f 3118 3510 3125 
f 3510 3509 3511 
f 3125 3511 3122 
f 3511 3125 3510 
f 3506 3507 3512 
f 3507 3122 3511 
f 3512 3511 3509 
f 3511 3512 3507 
f 3250 3253 3515 
f 3253 3246 3514 
f 3515 3514 3513 
f 3514 3515 3253 
f 3246 3248 3518 
f 3248 3242 3517 
f 3518 3517 3516 
f 3517 3518 3248 
f 3513 3514 3519 
f 3514 3246 3518 
f 3519 3518 3516 
f 3518 3519 3514 
f 2999 3294 3522 
f 3294 3290 3521 
f 3522 3521 3520 
f 3521 3522 3294 
f 3520 3523 3522 
f 3523 3371 3374 
f 3522 3374 2999 
f 3374 3522 3523 
f 3368 3372 3526 
f 3372 3371 3525 
f 3526 3525 3524 
f 3525 3526 3372 
f 3371 3528 3525 
f 3528 3527 3529 
f 3525 3529 3524 
f 3529 3525 3528 
f 3520 3530 3523 
f 3530 3527 3528 
f 3523 3528 3371 
f 3528 3523 3530 
f 3495 3532 3534 
f 3532 3368 3533 
f 3534 3533 3531 
f 3533 3534 3532 
f 3368 3532 3370 
f 3532 3495 3496 
f 3370 3496 3054 
f 3496 3370 3532 
f 3368 3526 3533 
f 3526 3524 3535 
f 3533 3535 3531 
f 3535 3533 3526 
f 3531 3535 3538 
f 3535 3524 3537 
f 3538 3537 3536 
f 3537 3538 3535 
f 3539 3540 3541 
f 3540 3536 3537 
f 3541 3537 3524 
f 3537 3541 3540 
f 3527 3542 3529 
f 3542 3539 3541 
f 3529 3541 3524 
f 3541 3529 3542 
f 3536 3544 3538 
f 3544 3543 3545 
f 3538 3545 3531 
f 3545 3538 3544 
f 3546 3547 3548 
f 3547 3531 3545 
f 3548 3545 3543 
f 3545 3548 3547 
f 3546 3549 3547 
f 3549 3495 3534 
f 3547 3534 3531 
f 3534 3547 3549 
f 3536 3540 3552 
f 3540 3539 3551 
f 3552 3551 3550 
f 3551 3552 3540 
f 3553 3554 3555 
f 3554 3543 3544 
f 3555 3544 3536 
f 3544 3555 3554 
f 3550 3556 3552 
f 3556 3553 3555 
f 3552 3555 3536 
f 3555 3552 3556 
f 3539 3558 3551 
f 3558 3557 3559 
f 3551 3559 3550 
f 3559 3551 3558 
f 3539 3561 3558 
f 3561 3560 3562 
f 3558 3562 3557 
f 3562 3558 3561 
f 3560 3561 3563 
f 3561 3539 3542 
f 3563 3542 3527 
f 3542 3563 3561 
f 3557 3565 3559 
f 3565 3564 3566 
f 3559 3566 3550 
f 3566 3559 3565 
f 3550 3566 3569 
f 3566 3564 3568 
f 3569 3568 3567 
f 3568 3569 3566 
f 3553 3556 3570 
f 3556 3550 3569 
f 3570 3569 3567 
f 3569 3570 3556 
f 3571 3572 3573 
f 3572 3543 3554 
f 3573 3554 3553 
f 3554 3573 3572 
f 3553 3575 3573 
f 3575 3574 3576 
f 3573 3576 3571 
f 3576 3573 3575 
f 3574 3575 3577 
f 3575 3553 3570 
f 3577 3570 3567 
f 3570 3577 3575 
f 3567 3580 3582 
f 3580 3578 3581 
f 3582 3581 3579 
f 3581 3582 3580 
f 3574 3577 3583 
f 3577 3567 3582 
f 3583 3582 3579 
f 3582 3583 3577 
f 3567 3568 3580 
f 3568 3564 3584 
f 3580 3584 3578 
f 3584 3580 3568 
f 3585 3587 3589 
f 3587 3564 3588 
f 3589 3588 3586 
f 3588 3589 3587 
f 3564 3587 3584 
f 3587 3585 3590 
f 3584 3590 3578 
f 3590 3584 3587 
f 3586 3588 3591 
f 3588 3564 3565 
f 3591 3565 3557 
f 3565 3591 3588 
f 3585 3593 3590 
f 3593 3592 3594 
f 3590 3594 3578 
f 3594 3590 3593 
f 3578 3596 3581 
f 3596 3595 3597 
f 3581 3597 3579 
f 3597 3581 3596 
f 3578 3594 3596 
f 3594 3592 3598 
f 3596 3598 3595 
f 3598 3596 3594 
f 3579 3597 3601 
f 3597 3595 3600 
f 3601 3600 3599 
f 3600 3601 3597 
f 3574 3583 3604 
f 3583 3579 3603 
f 3604 3603 3602 
f 3603 3604 3583 
f 3579 3601 3603 
f 3601 3599 3605 
f 3603 3605 3602 
f 3605 3603 3601 
f 3592 3607 3598 
f 3607 3606 3608 
f 3598 3608 3595 
f 3608 3598 3607 
f 3599 3600 3611 
f 3600 3595 3610 
f 3611 3610 3609 
f 3610 3611 3600 
f 3595 3608 3610 
f 3608 3606 3612 
f 3610 3612 3609 
f 3612 3610 3608 
f 3613 3615 3617 
f 3615 3614 3616 
f 3617 3616 3592 
f 3616 3617 3615 
f 3613 3617 3618 
f 3617 3592 3593 
f 3618 3593 3585 
f 3593 3618 3617 
f 3614 3619 3616 
f 3619 3606 3607 
f 3616 3607 3592 
f 3607 3616 3619 
f 3620 3621 3622 
f 3621 3606 3619 
f 3622 3619 3614 
f 3619 3622 3621 
f 3609 3612 3625 
f 3612 3606 3624 
f 3625 3624 3623 
f 3624 3625 3612 
f 3606 3621 3624 
f 3621 3620 3626 
f 3624 3626 3623 
f 3626 3624 3621 
f 3609 3625 3629 
f 3625 3623 3628 
f 3629 3628 3627 
f 3628 3629 3625 
f 3630 3631 3632 
f 3631 3609 3629 
f 3632 3629 3627 
f 3629 3632 3631 
f 3630 3633 3631 
f 3633 3599 3611 
f 3631 3611 3609 
f 3611 3631 3633 
f 3623 3636 3638 
f 3636 3634 3637 
f 3638 3637 3635 
f 3637 3638 3636 
f 3620 3639 3626 
f 3639 3634 3636 
f 3626 3636 3623 
f 3636 3626 3639 
f 3623 3638 3628 
f 3638 3635 3640 
f 3628 3640 3627 
f 3640 3628 3638 
f 3641 3642 3643 
f 3642 3634 3639 
f 3643 3639 3620 
f 3639 3643 3642 
f 3620 3622 3646 
f 3622 3614 3645 
f 3646 3645 3644 
f 3645 3646 3622 
f 3641 3643 3647 
f 3643 3620 3646 
f 3647 3646 3644 
f 3646 3647 3643 
f 3641 3649 3642 
f 3649 3648 3650 
f 3642 3650 3634 
f 3650 3642 3649 
f 3634 3650 3653 
f 3650 3648 3652 
f 3653 3652 3651 
f 3652 3653 3650 
f 3651 3654 3653 
f 3654 3635 3637 
f 3653 3637 3634 
f 3637 3653 3654 
f 3635 3654 3657 
f 3654 3651 3656 
f 3657 3656 3655 
f 3656 3657 3654 
f 3635 3659 3640 
f 3659 3658 3660 
f 3640 3660 3627 
f 3660 3640 3659 
f 3658 3659 3661 
f 3659 3635 3657 
f 3661 3657 3655 
f 3657 3661 3659 
f 3648 3663 3652 
f 3663 3662 3664 
f 3652 3664 3651 
f 3664 3652 3663 
f 3651 3666 3656 
f 3666 3665 3667 
f 3656 3667 3655 
f 3667 3656 3666 
f 3651 3664 3666 
f 3664 3662 3668 
f 3666 3668 3665 
f 3668 3666 3664 
f 3669 3671 3673 
f 3671 3670 3672 
f 3673 3672 3648 
f 3672 3673 3671 
f 3670 3674 3672 
f 3674 3662 3663 
f 3672 3663 3648 
f 3663 3672 3674 
f 3669 3673 3675 
f 3673 3648 3649 
f 3675 3649 3641 
f 3649 3675 3673 
f 3676 3677 3678 
f 3677 3662 3674 
f 3678 3674 3670 
f 3674 3678 3677 
f 3662 3677 3681 
f 3677 3676 3680 
f 3681 3680 3679 
f 3680 3681 3677 
f 3665 3668 3682 
f 3668 3662 3681 
f 3682 3681 3679 
f 3681 3682 3668 
f 3683 3685 3687 
f 3685 3684 3686 
f 3687 3686 3655 
f 3686 3687 3685 
f 3665 3688 3667 
f 3688 3683 3687 
f 3667 3687 3655 
f 3687 3667 3688 
f 3684 3689 3686 
f 3689 3658 3661 
f 3686 3661 3655 
f 3661 3686 3689 
f 3670 3692 3694 
f 3692 3690 3693 
f 3694 3693 3691 
f 3693 3694 3692 
f 3670 3671 3692 
f 3671 3669 3695 
f 3692 3695 3690 
f 3695 3692 3671 
f 3691 3696 3694 
f 3696 3676 3678 
f 3694 3678 3670 
f 3678 3694 3696 
f 3676 3699 3701 
f 3699 3697 3700 
f 3701 3700 3698 
f 3700 3701 3699 
f 3676 3701 3680 
f 3701 3698 3702 
f 3680 3702 3679 
f 3702 3680 3701 
f 3676 3696 3699 
f 3696 3691 3703 
f 3699 3703 3697 
f 3703 3699 3696 
f 3690 3705 3693 
f 3705 3704 3706 
f 3693 3706 3691 
f 3706 3693 3705 
f 3691 3706 3709 
f 3706 3704 3708 
f 3709 3708 3707 
f 3708 3709 3706 
f 3697 3703 3710 
f 3703 3691 3709 
f 3710 3709 3707 
f 3709 3710 3703 
f 3711 3713 3715 
f 3713 3712 3714 
f 3715 3714 3690 
f 3714 3715 3713 
f 3669 3716 3695 
f 3716 3711 3715 
f 3695 3715 3690 
f 3715 3695 3716 
f 3712 3717 3714 
f 3717 3704 3705 
f 3714 3705 3690 
f 3705 3714 3717 
f 3697 3720 3722 
f 3720 3718 3721 
f 3722 3721 3719 
f 3721 3722 3720 
f 3698 3700 3723 
f 3700 3697 3722 
f 3723 3722 3719 
f 3722 3723 3700 
f 3697 3710 3720 
f 3710 3707 3724 
f 3720 3724 3718 
f 3724 3720 3710 
f 3698 3726 3702 
f 3726 3725 3727 
f 3702 3727 3679 
f 3727 3702 3726 
f 3725 3726 3730 
f 3726 3698 3729 
f 3730 3729 3728 
f 3729 3730 3726 
f 3698 3723 3729 
f 3723 3719 3731 
f 3729 3731 3728 
f 3731 3729 3723 
f 3732 3733 3734 
f 3733 3704 3717 
f 3734 3717 3712 
f 3717 3734 3733 
f 3704 3736 3708 
f 3736 3735 3737 
f 3708 3737 3707 
f 3737 3708 3736 
f 3732 3738 3733 
f 3738 3735 3736 
f 3733 3736 3704 
f 3736 3733 3738 
f 3739 3741 3743 
f 3741 3712 3742 
f 3743 3742 3740 
f 3742 3743 3741 
f 3739 3744 3741 
f 3744 3732 3734 
f 3741 3734 3712 
f 3734 3741 3744 
f 3712 3713 3742 
f 3713 3711 3745 
f 3742 3745 3740 
f 3745 3742 3713 
f 3718 3747 3721 
f 3747 3746 3748 
f 3721 3748 3719 
f 3748 3721 3747 
f 3719 3750 3731 
f 3750 3749 3751 
f 3731 3751 3728 
f 3751 3731 3750 
f 3719 3748 3750 
f 3748 3746 3752 
f 3750 3752 3749 
f 3752 3750 3748 
f 3728 3754 3730 
f 3754 3753 3755 
f 3730 3755 3725 
f 3755 3730 3754 
f 3756 3757 3758 
f 3757 3753 3754 
f 3758 3754 3728 
f 3754 3758 3757 
f 3749 3759 3751 
f 3759 3756 3758 
f 3751 3758 3728 
f 3758 3751 3759 
f 3760 3761 3762 
f 3761 3735 3738 
f 3762 3738 3732 
f 3738 3762 3761 
f 3739 3764 3744 
f 3764 3763 3765 
f 3744 3765 3732 
f 3765 3744 3764 
f 3763 3766 3765 
f 3766 3760 3762 
f 3765 3762 3732 
f 3762 3765 3766 
f 3767 3769 3771 
f 3769 3768 3770 
f 3771 3770 3739 
f 3770 3771 3769 
f 3739 3770 3764 
f 3770 3768 3772 
f 3764 3772 3763 
f 3772 3764 3770 
f 3767 3771 3773 
f 3771 3739 3743 
f 3773 3743 3740 
f 3743 3773 3771 
f 3711 3775 3745 
f 3775 3774 3776 
f 3745 3776 3740 
f 3776 3745 3775 
f 3777 3778 3779 
f 3778 3740 3776 
f 3779 3776 3774 
f 3776 3779 3778 
f 3767 3773 3780 
f 3773 3740 3778 
f 3780 3778 3777 
f 3778 3780 3773 
f 3781 3782 3783 
f 3782 3767 3780 
f 3783 3780 3777 
f 3780 3783 3782 
f 3784 3785 3786 
f 3785 3768 3769 
f 3786 3769 3767 
f 3769 3786 3785 
f 3784 3786 3787 
f 3786 3767 3782 
f 3787 3782 3781 
f 3782 3787 3786 
f 3781 3783 3790 
f 3783 3777 3789 
f 3790 3789 3788 
f 3789 3790 3783 
f 3788 3789 3793 
f 3789 3777 3792 
f 3793 3792 3791 
f 3792 3793 3789 
f 3791 3792 3794 
f 3792 3777 3779 
f 3794 3779 3774 
f 3779 3794 3792 
f 3684 3796 3689 
f 3796 3795 3797 
f 3689 3797 3658 
f 3797 3689 3796 
f 3798 3799 3800 
f 3799 3627 3660 
f 3800 3660 3658 
f 3660 3800 3799 
f 3798 3800 3801 
f 3800 3658 3797 
f 3801 3797 3795 
f 3797 3801 3800 
f 3802 3804 3806 
f 3804 3684 3805 
f 3806 3805 3803 
f 3805 3806 3804 
f 3795 3796 3807 
f 3796 3684 3804 
f 3807 3804 3802 
f 3804 3807 3796 
f 3684 3685 3805 
f 3685 3683 3808 
f 3805 3808 3803 
f 3808 3805 3685 
f 3809 3810 3811 
f 3810 3795 3807 
f 3811 3807 3802 
f 3807 3811 3810 
f 3812 3813 3814 
f 3813 3798 3801 
f 3814 3801 3795 
f 3801 3814 3813 
f 3809 3815 3810 
f 3815 3812 3814 
f 3810 3814 3795 
f 3814 3810 3815 
f 3802 3818 3820 
f 3818 3816 3819 
f 3820 3819 3817 
f 3819 3820 3818 
f 3802 3820 3811 
f 3820 3817 3821 
f 3811 3821 3809 
f 3821 3811 3820 
f 3816 3818 3822 
f 3818 3802 3806 
f 3822 3806 3803 
f 3806 3822 3818 
f 3823 3824 3825 
f 3824 3809 3821 
f 3825 3821 3817 
f 3821 3825 3824 
f 3812 3815 3828 
f 3815 3809 3827 
f 3828 3827 3826 
f 3827 3828 3815 
f 3826 3827 3829 
f 3827 3809 3824 
f 3829 3824 3823 
f 3824 3829 3827 
f 3823 3825 3832 
f 3825 3817 3831 
f 3832 3831 3830 
f 3831 3832 3825 
f 3817 3834 3831 
f 3834 3833 3835 
f 3831 3835 3830 
f 3835 3831 3834 
f 3816 3836 3819 
f 3836 3833 3834 
f 3819 3834 3817 
f 3834 3819 3836 
f 3816 3822 3839 
f 3822 3803 3838 
f 3839 3838 3837 
f 3838 3839 3822 
f 3833 3836 3842 
f 3836 3816 3841 
f 3842 3841 3840 
f 3841 3842 3836 
f 3816 3839 3841 
f 3839 3837 3843 
f 3841 3843 3840 
f 3843 3841 3839 
f 3844 3846 3848 
f 3846 3812 3847 
f 3848 3847 3845 
f 3847 3848 3846 
f 3798 3813 3849 
f 3813 3812 3846 
f 3849 3846 3844 
f 3846 3849 3813 
f 3845 3847 3850 
f 3847 3812 3828 
f 3850 3828 3826 
f 3828 3850 3847 
f 3851 3852 3853 
f 3852 3845 3850 
f 3853 3850 3826 
f 3850 3853 3852 
f 3854 3855 3856 
f 3855 3826 3829 
f 3856 3829 3823 
f 3829 3856 3855 
f 3851 3853 3857 
f 3853 3826 3855 
f 3857 3855 3854 
f 3855 3857 3853 
f 3858 3860 3862 
f 3860 3859 3861 
f 3862 3861 3845 
f 3861 3862 3860 
f 3859 3863 3861 
f 3863 3844 3848 
f 3861 3848 3845 
f 3848 3861 3863 
f 3858 3862 3864 
f 3862 3845 3852 
f 3864 3852 3851 
f 3852 3864 3862 
f 3735 3867 3869 
f 3867 3865 3868 
f 3869 3868 3866 
f 3868 3869 3867 
f 3735 3869 3737 
f 3869 3866 3870 
f 3737 3870 3707 
f 3870 3737 3869 
f 3760 3871 3761 
f 3871 3865 3867 
f 3761 3867 3735 
f 3867 3761 3871 
f 3749 3874 3876 
f 3874 3872 3875 
f 3876 3875 3873 
f 3875 3876 3874 
f 3749 3876 3759 
f 3876 3873 3877 
f 3759 3877 3756 
f 3877 3759 3876 
f 3746 3878 3752 
f 3878 3872 3874 
f 3752 3874 3749 
f 3874 3752 3878 
f 3873 3880 3877 
f 3880 3879 3881 
f 3877 3881 3756 
f 3881 3877 3880 
f 3756 3881 3884 
f 3881 3879 3883 
f 3884 3883 3882 
f 3883 3884 3881 
f 3753 3757 3885 
f 3757 3756 3884 
f 3885 3884 3882 
f 3884 3885 3757 
f 3872 3878 3888 
f 3878 3746 3887 
f 3888 3887 3886 
f 3887 3888 3878 
f 3746 3890 3887 
f 3890 3889 3891 
f 3887 3891 3886 
f 3891 3887 3890 
f 3718 3892 3747 
f 3892 3889 3890 
f 3747 3890 3746 
f 3890 3747 3892 
f 3833 3895 3897 
f 3895 3893 3896 
f 3897 3896 3894 
f 3896 3897 3895 
f 3830 3835 3898 
f 3835 3833 3897 
f 3898 3897 3894 
f 3897 3898 3835 
f 3833 3842 3895 
f 3842 3840 3899 
f 3895 3899 3893 
f 3899 3895 3842 
f 3840 3901 3899 
f 3901 3900 3902 
f 3899 3902 3893 
f 3902 3899 3901 
f 3837 3904 3843 
f 3904 3903 3905 
f 3843 3905 3840 
f 3905 3843 3904 
f 3903 3906 3905 
f 3906 3900 3901 
f 3905 3901 3840 
f 3901 3905 3906 
f 3907 3908 3909 
f 3908 3784 3787 
f 3909 3787 3781 
f 3787 3909 3908 
f 3910 3911 3912 
f 3911 3907 3909 
f 3912 3909 3781 
f 3909 3912 3911 
f 3910 3912 3913 
f 3912 3781 3790 
f 3913 3790 3788 
f 3790 3913 3912 
f 3914 3915 3916 
f 3915 3910 3913 
f 3916 3913 3788 
f 3913 3916 3915 
f 3917 3918 3919 
f 3918 3788 3793 
f 3919 3793 3791 
f 3793 3919 3918 
f 3914 3916 3920 
f 3916 3788 3918 
f 3920 3918 3917 
f 3918 3920 3916 
f 3830 3898 3923 
f 3898 3894 3922 
f 3923 3922 3921 
f 3922 3923 3898 
f 3924 3925 3926 
f 3925 3830 3923 
f 3926 3923 3921 
f 3923 3926 3925 
f 3823 3832 3927 
f 3832 3830 3925 
f 3927 3925 3924 
f 3925 3927 3832 
f 3760 3930 3932 
f 3930 3928 3931 
f 3932 3931 3929 
f 3931 3932 3930 
f 3929 3933 3932 
f 3933 3865 3871 
f 3932 3871 3760 
f 3871 3932 3933 
f 3760 3766 3930 
f 3766 3763 3934 
f 3930 3934 3928 
f 3934 3930 3766 
f 3935 3936 3937 
f 3936 3865 3933 
f 3937 3933 3929 
f 3933 3937 3936 
f 3866 3868 3940 
f 3868 3865 3939 
f 3940 3939 3938 
f 3939 3940 3868 
f 3935 3941 3936 
f 3941 3938 3939 
f 3936 3939 3865 
f 3939 3936 3941 
f 3942 3944 3946 
f 3944 3943 3945 
f 3946 3945 3851 
f 3945 3946 3944 
f 3851 3857 3946 
f 3857 3854 3947 
f 3946 3947 3942 
f 3947 3946 3857 
f 3858 3864 3948 
f 3864 3851 3945 
f 3948 3945 3943 
f 3945 3948 3864 
f 3858 3948 3951 
f 3948 3943 3950 
f 3951 3950 3949 
f 3950 3951 3948 
f 3952 3953 3954 
f 3953 3858 3951 
f 3954 3951 3949 
f 3951 3954 3953 
f 3858 3953 3860 
f 3953 3952 3955 
f 3860 3955 3859 
f 3955 3860 3953 
f 3768 3958 3960 
f 3958 3956 3959 
f 3960 3959 3957 
f 3959 3960 3958 
f 3768 3785 3958 
f 3785 3784 3961 
f 3958 3961 3956 
f 3961 3958 3785 
f 3763 3772 3962 
f 3772 3768 3960 
f 3962 3960 3957 
f 3960 3962 3772 
f 3963 3964 3965 
f 3964 3753 3885 
f 3965 3885 3882 
f 3885 3965 3964 
f 3966 3967 3968 
f 3967 3753 3964 
f 3968 3964 3963 
f 3964 3968 3967 
f 3725 3755 3969 
f 3755 3753 3967 
f 3969 3967 3966 
f 3967 3969 3755 
f 3882 3972 3974 
f 3972 3970 3973 
f 3974 3973 3971 
f 3973 3974 3972 
f 3970 3972 3975 
f 3972 3882 3883 
f 3975 3883 3879 
f 3883 3975 3972 
f 3971 3976 3974 
f 3976 3963 3965 
f 3974 3965 3882 
f 3965 3974 3976 
f 3977 3978 3979 
f 3978 3879 3880 
f 3979 3880 3873 
f 3880 3979 3978 
f 3980 3981 3982 
f 3981 3977 3979 
f 3982 3979 3873 
f 3979 3982 3981 
f 3872 3983 3875 
f 3983 3980 3982 
f 3875 3982 3873 
f 3982 3875 3983 
f 3910 3986 3988 
f 3986 3984 3987 
f 3988 3987 3985 
f 3987 3988 3986 
f 3985 3989 3988 
f 3989 3907 3911 
f 3988 3911 3910 
f 3911 3988 3989 
f 3910 3915 3986 
f 3915 3914 3990 
f 3986 3990 3984 
f 3990 3986 3915 
f 3984 3990 3993 
f 3990 3914 3992 
f 3993 3992 3991 
f 3992 3993 3990 
f 3914 3995 3992 
f 3995 3994 3996 
f 3992 3996 3991 
f 3996 3992 3995 
f 3914 3920 3995 
f 3920 3917 3997 
f 3995 3997 3994 
f 3997 3995 3920 
f 3917 3919 4000 
f 3919 3791 3999 
f 4000 3999 3998 
f 3999 4000 3919 
f 3917 4002 3997 
f 4002 4001 4003 
f 3997 4003 3994 
f 4003 3997 4002 
f 3917 4000 4002 
f 4000 3998 4004 
f 4002 4004 4001 
f 4004 4002 4000 
f 3994 4007 4009 
f 4007 4005 4008 
f 4009 4008 4006 
f 4008 4009 4007 
f 4006 4010 4009 
f 4010 3991 3996 
f 4009 3996 3994 
f 3996 4009 4010 
f 3994 4003 4007 
f 4003 4001 4011 
f 4007 4011 4005 
f 4011 4007 4003 
f 4012 4014 4016 
f 4014 4013 4015 
f 4016 4015 4001 
f 4015 4016 4014 
f 4001 4004 4016 
f 4004 3998 4017 
f 4016 4017 4012 
f 4017 4016 4004 
f 4013 4018 4015 
f 4018 4005 4011 
f 4015 4011 4001 
f 4011 4015 4018 
f 4005 4021 4023 
f 4021 4019 4022 
f 4023 4022 4020 
f 4022 4023 4021 
f 4019 4021 4024 
f 4021 4005 4018 
f 4024 4018 4013 
f 4018 4024 4021 
f 4006 4008 4025 
f 4008 4005 4023 
f 4025 4023 4020 
f 4023 4025 4008 
f 4026 4027 4028 
f 4027 3893 3902 
f 4028 3902 3900 
f 3902 4028 4027 
f 3893 4027 4031 
f 4027 4026 4030 
f 4031 4030 4029 
f 4030 4031 4027 
f 4029 4032 4031 
f 4032 3894 3896 
f 4031 3896 3893 
f 3896 4031 4032 
f 4033 4034 4035 
f 4034 4026 4028 
f 4035 4028 3900 
f 4028 4035 4034 
f 3900 4037 4035 
f 4037 4036 4038 
f 4035 4038 4033 
f 4038 4035 4037 
f 3900 3906 4037 
f 3906 3903 4039 
f 4037 4039 4036 
f 4039 4037 3906 
f 3943 4041 3950 
f 4041 4040 4042 
f 3950 4042 3949 
f 4042 3950 4041 
f 3942 4044 3944 
f 4044 4043 4045 
f 3944 4045 3943 
f 4045 3944 4044 
f 4043 4046 4045 
f 4046 4040 4041 
f 4045 4041 3943 
f 4041 4045 4046 
f 3949 4042 4049 
f 4042 4040 4048 
f 4049 4048 4047 
f 4048 4049 4042 
f 3949 4049 4052 
f 4049 4047 4051 
f 4052 4051 4050 
f 4051 4052 4049 
f 3952 3954 4053 
f 3954 3949 4052 
f 4053 4052 4050 
f 4052 4053 3954 
f 3952 4053 4056 
f 4053 4050 4055 
f 4056 4055 4054 
f 4055 4056 4053 
f 3859 3955 4059 
f 3955 3952 4058 
f 4059 4058 4057 
f 4058 4059 3955 
f 4057 4058 4060 
f 4058 3952 4056 
f 4060 4056 4054 
f 4056 4060 4058 
f 3942 3947 4063 
f 3947 3854 4062 
f 4063 4062 4061 
f 4062 4063 3947 
f 4064 4065 4066 
f 4065 3942 4063 
f 4066 4063 4061 
f 4063 4066 4065 
f 3942 4065 4044 
f 4065 4064 4067 
f 4044 4067 4043 
f 4067 4044 4065 
f 4068 4070 4072 
f 4070 3907 4071 
f 4072 4071 4069 
f 4071 4072 4070 
f 4069 4071 4073 
f 4071 3907 3989 
f 4073 3989 3985 
f 3989 4073 4071 
f 4068 4074 4070 
f 4074 3784 3908 
f 4070 3908 3907 
f 3908 4070 4074 
f 4050 4076 4055 
f 4076 4075 4077 
f 4055 4077 4054 
f 4077 4055 4076 
f 4050 4079 4076 
f 4079 4078 4080 
f 4076 4080 4075 
f 4080 4076 4079 
f 4047 4081 4051 
f 4081 4078 4079 
f 4051 4079 4050 
f 4079 4051 4081 
f 4082 4083 4084 
f 4083 3929 3931 
f 4084 3931 3928 
f 3931 4084 4083 
f 3929 4086 3937 
f 4086 4085 4087 
f 3937 4087 3935 
f 4087 3937 4086 
f 3929 4083 4086 
f 4083 4082 4088 
f 4086 4088 4085 
f 4088 4086 4083 
f 3935 4087 4091 
f 4087 4085 4090 
f 4091 4090 4089 
f 4090 4091 4087 
f 3935 4091 4094 
f 4091 4089 4093 
f 4094 4093 4092 
f 4093 4094 4091 
f 3938 3941 4095 
f 3941 3935 4094 
f 4095 4094 4092 
f 4094 4095 3941 
f 4075 4097 4077 
f 4097 4096 4098 
f 4077 4098 4054 
f 4098 4077 4097 
f 4096 4100 4098 
f 4100 4099 4101 
f 4098 4101 4054 
f 4101 4098 4100 
f 4099 4102 4101 
f 4102 4057 4060 
f 4101 4060 4054 
f 4060 4101 4102 
f 4013 4104 4024 
f 4104 4103 4105 
f 4024 4105 4019 
f 4105 4024 4104 
f 4106 4107 4108 
f 4107 4103 4104 
f 4108 4104 4013 
f 4104 4108 4107 
f 4012 4109 4014 
f 4109 4106 4108 
f 4014 4108 4013 
f 4108 4014 4109 
f 4019 4105 4112 
f 4105 4103 4111 
f 4112 4111 4110 
f 4111 4112 4105 
f 4113 4114 4115 
f 4114 4020 4022 
f 4115 4022 4019 
f 4022 4115 4114 
f 4019 4112 4115 
f 4112 4110 4116 
f 4115 4116 4113 
f 4116 4115 4112 
f 4117 4118 4119 
f 4118 3791 3794 
f 4119 3794 3774 
f 3794 4119 4118 
f 3774 3775 4122 
f 3775 3711 4121 
f 4122 4121 4120 
f 4121 4122 3775 
f 4120 4123 4122 
f 4123 4117 4119 
f 4122 4119 3774 
f 4119 4122 4123 
f 4124 4126 4128 
f 4126 4125 4127 
f 4128 4127 3903 
f 4127 4128 4126 
f 3903 4127 4039 
f 4127 4125 4129 
f 4039 4129 4036 
f 4129 4039 4127 
f 4124 4128 4130 
f 4128 3903 3904 
f 4130 3904 3837 
f 3904 4130 4128 
f 4131 4133 4135 
f 4133 4132 4134 
f 4135 4134 4036 
f 4134 4135 4133 
f 4125 4136 4129 
f 4136 4131 4135 
f 4129 4135 4036 
f 4135 4129 4136 
f 4036 4134 4038 
f 4134 4132 4137 
f 4038 4137 4033 
f 4137 4038 4134 
f 4138 4140 4142 
f 4140 4139 4141 
f 4142 4141 3683 
f 4141 4142 4140 
f 3683 4141 3808 
f 4141 4139 4143 
f 3808 4143 3803 
f 4143 3808 4141 
f 3665 4144 3688 
f 4144 4138 4142 
f 3688 4142 3683 
f 4142 3688 4144 
f 3991 4010 4147 
f 4010 4006 4146 
f 4147 4146 4145 
f 4146 4147 4010 
f 4148 4149 4150 
f 4149 3991 4147 
f 4150 4147 4145 
f 4147 4150 4149 
f 4148 4151 4149 
f 4151 3984 3993 
f 4149 3993 3991 
f 3993 4149 4151 
f 4152 4153 4154 
f 4153 4006 4025 
f 4154 4025 4020 
f 4025 4154 4153 
f 4020 4156 4154 
f 4156 4155 4157 
f 4154 4157 4152 
f 4157 4154 4156 
f 4020 4114 4156 
f 4114 4113 4158 
f 4156 4158 4155 
f 4158 4156 4114 
f 4026 4161 4163 
f 4161 4159 4162 
f 4163 4162 4160 
f 4162 4163 4161 
f 4033 4164 4034 
f 4164 4159 4161 
f 4034 4161 4026 
f 4161 4034 4164 
f 4029 4030 4165 
f 4030 4026 4163 
f 4165 4163 4160 
f 4163 4165 4030 
f 4029 4168 4170 
f 4168 4166 4169 
f 4170 4169 4167 
f 4169 4170 4168 
f 4029 4170 4032 
f 4170 4167 4171 
f 4032 4171 3894 
f 4171 4032 4170 
f 4029 4165 4168 
f 4165 4160 4172 
f 4168 4172 4166 
f 4172 4168 4165 
f 4173 4174 4175 
f 4174 4096 4097 
f 4175 4097 4075 
f 4097 4175 4174 
f 3501 4176 4177 
f 4176 4075 4080 
f 4177 4080 4078 
f 4080 4177 4176 
f 3501 4178 4176 
f 4178 4173 4175 
f 4176 4175 4075 
f 4175 4176 4178 
f 3479 4180 4182 
f 4180 4113 4181 
f 4182 4181 4179 
f 4181 4182 4180 
f 4179 4181 4183 
f 4181 4113 4116 
f 4183 4116 4110 
f 4116 4183 4181 
f 4155 4158 4184 
f 4158 4113 4180 
f 4184 4180 3479 
f 4180 4184 4158 
f 4110 4111 4187 
f 4111 4103 4186 
f 4187 4186 4185 
f 4186 4187 4111 
f 4110 4189 4183 
f 4189 4188 4190 
f 4183 4190 4179 
f 4190 4183 4189 
f 4110 4187 4189 
f 4187 4185 4191 
f 4189 4191 4188 
f 4191 4189 4187 
f 3985 3987 4194 
f 3987 3984 4193 
f 4194 4193 4192 
f 4193 4194 3987 
f 4069 4073 4197 
f 4073 3985 4196 
f 4197 4196 4195 
f 4196 4197 4073 
f 3985 4194 4196 
f 4194 4192 4198 
f 4196 4198 4195 
f 4198 4196 4194 
f 3447 4199 4201 
f 4199 4043 4200 
f 4201 4200 3402 
f 4200 4201 4199 
f 4043 4067 4200 
f 4067 4064 4202 
f 4200 4202 3402 
f 4202 4200 4067 
f 3447 4203 4199 
f 4203 4040 4046 
f 4199 4046 4043 
f 4046 4199 4203 
f 4064 4066 4206 
f 4066 4061 4205 
f 4206 4205 4204 
f 4205 4206 4066 
f 4064 4206 4208 
f 4206 4204 4207 
f 4208 4207 3399 
f 4207 4208 4206 
f 3399 3404 4208 
f 3404 3402 4202 
f 4208 4202 4064 
f 4202 4208 3404 
f 4173 4210 4174 
f 4210 4209 4211 
f 4174 4211 4096 
f 4211 4174 4210 
f 3571 4212 4213 
f 4212 4096 4211 
f 4213 4211 4209 
f 4211 4213 4212 
f 4096 4212 4100 
f 4212 3571 4214 
f 4100 4214 4099 
f 4214 4100 4212 
f 4057 4102 4216 
f 4102 4099 4215 
f 4216 4215 3602 
f 4215 4216 4102 
f 4217 4218 4219 
f 4218 3859 4059 
f 4219 4059 4057 
f 4059 4219 4218 
f 4217 4219 4220 
f 4219 4057 4216 
f 4220 4216 3602 
f 4216 4220 4219 
f 4012 4221 4109 
f 4221 3613 4222 
f 4109 4222 4106 
f 4222 4109 4221 
f 4012 4017 4225 
f 4017 3998 4224 
f 4225 4224 4223 
f 4224 4225 4017 
f 4012 4225 4221 
f 4225 4223 4226 
f 4221 4226 3613 
f 4226 4221 4225 
f 4204 4205 4229 
f 4205 4061 4228 
f 4229 4228 4227 
f 4228 4229 4205 
f 3924 4230 4231 
f 4230 4227 4228 
f 4231 4228 4061 
f 4228 4231 4230 
f 3854 4232 4062 
f 4232 3924 4231 
f 4062 4231 4061 
f 4231 4062 4232 
f 3928 4234 4084 
f 4234 4233 4235 
f 4084 4235 4082 
f 4235 4084 4234 
f 3928 4236 4234 
f 4236 3957 4237 
f 4234 4237 4233 
f 4237 4234 4236 
f 3928 3934 4236 
f 3934 3763 3962 
f 4236 3962 3957 
f 3962 4236 3934 
f 3454 4238 4240 
f 4238 3336 4239 
f 4240 4239 4082 
f 4239 4240 4238 
f 3454 4240 4241 
f 4240 4082 4235 
f 4241 4235 4233 
f 4235 4241 4240 
f 3336 4242 4239 
f 4242 4085 4088 
f 4239 4088 4082 
f 4088 4239 4242 
f 3454 4241 3456 
f 4241 4233 4243 
f 3456 4243 3455 
f 4243 3456 4241 
f 4233 4237 4246 
f 4237 3957 4245 
f 4246 4245 4244 
f 4245 4246 4237 
f 4244 4247 4246 
f 4247 3455 4243 
f 4246 4243 4233 
f 4243 4246 4247 
f 3844 4248 3849 
f 4248 3630 4249 
f 3849 4249 3798 
f 4249 3849 4248 
f 3844 3863 4250 
f 3863 3859 4218 
f 4250 4218 4217 
f 4218 4250 3863 
f 4217 4251 4250 
f 4251 3630 4248 
f 4250 4248 3844 
f 4248 4250 4251 
f 4092 4253 4095 
f 4253 4252 4254 
f 4095 4254 3938 
f 4254 4095 4253 
f 3889 4255 4256 
f 4255 3866 3940 
f 4256 3940 3938 
f 3940 4256 4255 
f 3889 4256 4257 
f 4256 3938 4254 
f 4257 4254 4252 
f 4254 4257 4256 
f 4252 4253 4260 
f 4253 4092 4259 
f 4260 4259 4258 
f 4259 4260 4253 
f 4092 4093 4263 
f 4093 4089 4262 
f 4263 4262 4261 
f 4262 4263 4093 
f 4261 4264 4263 
f 4264 4258 4259 
f 4263 4259 4092 
f 4259 4263 4264 
f 3889 4257 3891 
f 4257 4252 4265 
f 3891 4265 3886 
f 4265 3891 4257 
f 4266 4267 4268 
f 4267 4252 4260 
f 4268 4260 4258 
f 4260 4268 4267 
f 4252 4267 4265 
f 4267 4266 4269 
f 4265 4269 3886 
f 4269 4265 4267 
f 4040 4270 4048 
f 4270 3448 4271 
f 4048 4271 4047 
f 4271 4048 4270 
f 4047 4271 4273 
f 4271 3448 4272 
f 4273 4272 3343 
f 4272 4273 4271 
f 3343 4274 4273 
f 4274 4078 4081 
f 4273 4081 4047 
f 4081 4273 4274 
f 4209 4210 4276 
f 4210 4173 4275 
f 4276 4275 3413 
f 4275 4276 4210 
f 3414 3415 4277 
f 3415 3413 4275 
f 4277 4275 4173 
f 4275 4277 3415 
f 3414 4277 3504 
f 4277 4173 4178 
f 3504 4178 3501 
f 4178 3504 4277 
f 4195 4278 4197 
f 4278 3364 4279 
f 4197 4279 4069 
f 4279 4197 4278 
f 4068 4072 4282 
f 4072 4069 4281 
f 4282 4281 4280 
f 4281 4282 4072 
f 4069 4279 4281 
f 4279 3364 4283 
f 4281 4283 4280 
f 4283 4281 4279 
f 3784 4074 3961 
f 4074 4068 4284 
f 3961 4284 3956 
f 4284 3961 4074 
f 3956 4284 4287 
f 4284 4068 4286 
f 4287 4286 4285 
f 4286 4287 4284 
f 4285 4286 4288 
f 4286 4068 4282 
f 4288 4282 4280 
f 4282 4288 4286 
f 3488 4289 4290 
f 4289 4266 4268 
f 4290 4268 4258 
f 4268 4290 4289 
f 4258 4291 4290 
f 4291 3382 4292 
f 4290 4292 3488 
f 4292 4290 4291 
f 4261 4293 4264 
f 4293 3382 4291 
f 4264 4291 4258 
f 4291 4264 4293 
f 3488 4295 4289 
f 4295 4294 4296 
f 4289 4296 4266 
f 4296 4289 4295 
f 4297 4298 4299 
f 4298 3886 4269 
f 4299 4269 4266 
f 4269 4299 4298 
f 4294 4300 4296 
f 4300 4297 4299 
f 4296 4299 4266 
f 4299 4296 4300 
f 3361 4301 4303 
f 4301 3433 4302 
f 4303 4302 4280 
f 4302 4303 4301 
f 4285 4288 4304 
f 4288 4280 4302 
f 4304 4302 3433 
f 4302 4304 4288 
f 3361 4303 3365 
f 4303 4280 4283 
f 3365 4283 3364 
f 4283 3365 4303 
f 4285 4305 4287 
f 4305 4244 4306 
f 4287 4306 3956 
f 4306 4287 4305 
f 3433 3436 4304 
f 3436 3430 4307 
f 4304 4307 4285 
f 4307 4304 3436 
f 3430 4308 4307 
f 4308 4244 4305 
f 4307 4305 4285 
f 4305 4307 4308 
f 3413 4309 4276 
f 4309 3546 4310 
f 4276 4310 4209 
f 4310 4276 4309 
f 4209 4310 4311 
f 4310 3546 3548 
f 4311 3548 3543 
f 3548 4311 4310 
f 4209 4311 4213 
f 4311 3543 3572 
f 4213 3572 3571 
f 3572 4213 4311 
f 3613 3618 4222 
f 3618 3585 4312 
f 4222 4312 4106 
f 4312 4222 3618 
f 4106 4313 4107 
f 4313 3586 4314 
f 4107 4314 4103 
f 4314 4107 4313 
f 3585 3589 4312 
f 3589 3586 4313 
f 4312 4313 4106 
f 4313 4312 3589 
f 3971 4315 4316 
f 4315 4131 4136 
f 4316 4136 4125 
f 4136 4316 4315 
f 3963 4317 4318 
f 4317 4125 4126 
f 4318 4126 4124 
f 4126 4318 4317 
f 3963 3976 4317 
f 3976 3971 4316 
f 4317 4316 4125 
f 4316 4317 3976 
f 4132 4133 4321 
f 4133 4131 4320 
f 4321 4320 4319 
f 4320 4321 4133 
f 4322 4323 4324 
f 4323 4319 4320 
f 4324 4320 4131 
f 4320 4324 4323 
f 3971 4325 4315 
f 4325 4322 4324 
f 4315 4324 4131 
f 4324 4315 4325 
f 4132 4327 4137 
f 4327 4326 4328 
f 4137 4328 4033 
f 4328 4137 4327 
f 4132 4329 4327 
f 4329 3326 4330 
f 4327 4330 4326 
f 4330 4327 4329 
f 4319 4331 4321 
f 4331 3326 4329 
f 4321 4329 4132 
f 4329 4321 4331 
f 4139 4332 4334 
f 4332 3966 4333 
f 4334 4333 4124 
f 4333 4334 4332 
f 3966 3968 4333 
f 3968 3963 4318 
f 4333 4318 4124 
f 4318 4333 3968 
f 3837 4335 4130 
f 4335 4139 4334 
f 4130 4334 4124 
f 4334 4130 4335 
f 4336 4337 4338 
f 4337 4319 4323 
f 4338 4323 4322 
f 4323 4338 4337 
f 4319 4339 4331 
f 4339 3329 3330 
f 4331 3330 3326 
f 3330 4331 4339 
f 4336 4340 4337 
f 4340 3329 4339 
f 4337 4339 4319 
f 4339 4337 4340 
f 4322 4342 4344 
f 4342 3970 4343 
f 4344 4343 4341 
f 4343 4344 4342 
f 4322 4325 4342 
f 4325 3971 3973 
f 4342 3973 3970 
f 3973 4342 4325 
f 4341 4345 4344 
f 4345 4336 4338 
f 4344 4338 4322 
f 4338 4344 4345 
f 3472 4346 4348 
f 4346 4204 4347 
f 4348 4347 3347 
f 4347 4348 4346 
f 4227 4349 4229 
f 4349 3347 4347 
f 4229 4347 4204 
f 4347 4229 4349 
f 3399 4207 3474 
f 4207 4204 4346 
f 3474 4346 3472 
f 4346 3474 4207 
f 3921 4351 4353 
f 4351 4350 4352 
f 4353 4352 4227 
f 4352 4353 4351 
f 3924 3926 4230 
f 3926 3921 4353 
f 4230 4353 4227 
f 4353 4230 3926 
f 4227 4352 4349 
f 4352 4350 4354 
f 4349 4354 3347 
f 4354 4349 4352 
f 4188 4355 4190 
f 4355 3426 4356 
f 4190 4356 4179 
f 4356 4190 4355 
f 3426 4357 4356 
f 4357 3476 4358 
f 4356 4358 4179 
f 4358 4356 4357 
f 3479 4182 3482 
f 4182 4179 4358 
f 3482 4358 3476 
f 4358 3482 4182 
f 3560 4359 4360 
f 4359 4188 4191 
f 4360 4191 4185 
f 4191 4360 4359 
f 4361 4362 4363 
f 4362 4188 4359 
f 4363 4359 3560 
f 4359 4363 4362 
f 4188 4362 4355 
f 4362 4361 4364 
f 4355 4364 3426 
f 4364 4355 4362 
f 3557 3562 4365 
f 3562 3560 4360 
f 4365 4360 4185 
f 4360 4365 3562 
f 4185 4366 4365 
f 4366 3586 3591 
f 4365 3591 3557 
f 3591 4365 4366 
f 4103 4314 4186 
f 4314 3586 4366 
f 4186 4366 4185 
f 4366 4186 4314 
f 3442 4367 4368 
f 4367 4261 4262 
f 4368 4262 4089 
f 4262 4368 4367 
f 4089 4369 4368 
f 4369 3333 3446 
f 4368 3446 3442 
f 3446 4368 4369 
f 4089 4090 4369 
f 4090 4085 4370 
f 4369 4370 3333 
f 4370 4369 4090 
f 4159 4371 4162 
f 4371 3409 4372 
f 4162 4372 4160 
f 4372 4162 4371 
f 4160 4373 4172 
f 4373 3406 4374 
f 4172 4374 4166 
f 4374 4172 4373 
f 3409 3410 4372 
f 3410 3406 4373 
f 4372 4373 4160 
f 4373 4372 3410 
f 4159 4375 4371 
f 4375 3437 4376 
f 4371 4376 3409 
f 4376 4371 4375 
f 4159 4377 4375 
f 4377 4326 4378 
f 4375 4378 3437 
f 4378 4375 4377 
f 4033 4328 4164 
f 4328 4326 4377 
f 4164 4377 4159 
f 4377 4164 4328 
f 4166 4374 4380 
f 4374 3406 4379 
f 4380 4379 3506 
f 4379 4380 4374 
f 3509 4381 3512 
f 4381 4166 4380 
f 3512 4380 3506 
f 4380 3512 4381 
f 4166 4381 4169 
f 4381 3509 4382 
f 4169 4382 4167 
f 4382 4169 4381 
f 4167 4383 4171 
f 4383 3921 3922 
f 4171 3922 3894 
f 3922 4171 4383 
f 3921 4383 4351 
f 4383 4167 4384 
f 4351 4384 4350 
f 4384 4351 4383 
f 4350 4384 4385 
f 4384 4167 4382 
f 4385 4382 3509 
f 4382 4385 4384 
f 4152 4157 4387 
f 4157 4155 4386 
f 4387 4386 3316 
f 4386 4387 4157 
f 4155 4184 4389 
f 4184 3479 4388 
f 4389 4388 3317 
f 4388 4389 4184 
f 3317 3319 4389 
f 3319 3316 4386 
f 4389 4386 4155 
f 4386 4389 3319 
f 3461 4390 3462 
f 4390 4152 4387 
f 3462 4387 3316 
f 4387 3462 4390 
f 4006 4153 4146 
f 4153 4152 4391 
f 4146 4391 4145 
f 4391 4146 4153 
f 4152 4390 4391 
f 4390 3461 4392 
f 4391 4392 4145 
f 4392 4391 4390 
f 3329 4340 3470 
f 4340 4336 4393 
f 3470 4393 3466 
f 4393 3470 4340 
f 3466 4393 4395 
f 4393 4336 4394 
f 4395 4394 3389 
f 4394 4395 4393 
f 3389 4394 4396 
f 4394 4336 4345 
f 4396 4345 4341 
f 4345 4396 4394 
f 4397 4398 4400 
f 4398 3390 4399 
f 4400 4399 4341 
f 4399 4400 4398 
f 3970 4401 4343 
f 4401 4397 4400 
f 4343 4400 4341 
f 4400 4343 4401 
f 3390 3391 4399 
f 3391 3389 4396 
f 4399 4396 4341 
f 4396 4399 3391 
f 4195 4402 4278 
f 4402 3516 4403 
f 4278 4403 3364 
f 4403 4278 4402 
f 3516 4402 3519 
f 4402 4195 4404 
f 3519 4404 3513 
f 4404 3519 4402 
f 4192 4405 4198 
f 4405 3513 4404 
f 4198 4404 4195 
f 4404 4198 4405 
f 3375 4406 4407 
f 4406 3513 4405 
f 4407 4405 4192 
f 4405 4407 4406 
f 4192 4193 4408 
f 4193 3984 4151 
f 4408 4151 4148 
f 4151 4408 4193 
f 4192 4408 4407 
f 4408 4148 4409 
f 4407 4409 3375 
f 4409 4407 4408 
f 3110 3475 3348 
f 3475 3472 4348 
f 3348 4348 3347 
f 4348 3348 3475 
f 3347 4354 3352 
f 4354 4350 4410 
f 3352 4410 3350 
f 4410 3352 4354 
f 3336 4238 3339 
f 4238 3454 3459 
f 3339 3459 3214 
f 3459 3339 4238 
f 3430 3431 4411 
f 3431 3222 3460 
f 4411 3460 3455 
f 3460 4411 3431 
f 4244 4308 4247 
f 4308 3430 4411 
f 4247 4411 3455 
f 4411 4247 4308 
f 3340 3505 4412 
f 3505 3501 4177 
f 4412 4177 4078 
f 4177 4412 3505 
f 3282 3478 3429 
f 3478 3476 4357 
f 3429 4357 3426 
f 4357 3429 3478 
f 3423 3428 4413 
f 3428 3426 4364 
f 4413 4364 4361 
f 4364 4413 3428 
f 3527 4414 3563 
f 4414 4361 4363 
f 3563 4363 3560 
f 4363 3563 4414 
f 4361 4415 4413 
f 4415 3520 4416 
f 4413 4416 3423 
f 4416 4413 4415 
f 3527 3530 4414 
f 3530 3520 4415 
f 4414 4415 4361 
f 4415 4414 3530 
f 3350 4417 3353 
f 4417 3509 3510 
f 3353 3510 3118 
f 3510 3353 4417 
f 4350 4385 4410 
f 4385 3509 4417 
f 4410 4417 3350 
f 4417 4410 4385 
f 3546 4309 4418 
f 4309 3413 3419 
f 4418 3419 3418 
f 3419 4418 4309 
f 3488 3493 4295 
f 3493 3491 4419 
f 4295 4419 4294 
f 4419 4295 3493 
f 3382 3383 4292 
f 3383 3190 3490 
f 4292 3490 3488 
f 3490 4292 3383 
f 4294 4421 4423 
f 4421 3355 4422 
f 4423 4422 4420 
f 4422 4423 4421 
f 4420 4424 4423 
f 4424 4297 4300 
f 4423 4300 4294 
f 4300 4423 4424 
f 3491 4425 4419 
f 4425 3355 4421 
f 4419 4421 4294 
f 4421 4419 4425 
f 3980 3983 4427 
f 3983 3872 4426 
f 4427 4426 4297 
f 4426 4427 3983 
f 3980 4427 4428 
f 4427 4297 4424 
f 4428 4424 4420 
f 4424 4428 4427 
f 3886 4298 3888 
f 4298 4297 4426 
f 3888 4426 3872 
f 4426 3888 4298 
f 3355 3357 4422 
f 3357 3354 4429 
f 4422 4429 4420 
f 4429 4422 3357 
f 4420 4431 4428 
f 4431 4430 4432 
f 4428 4432 3980 
f 4432 4428 4431 
f 4420 4429 4431 
f 4429 3354 4433 
f 4431 4433 4430 
f 4433 4431 4429 
f 3234 4434 3362 
f 4434 3433 4301 
f 3362 4301 3361 
f 4301 3362 4434 
f 3234 3237 4434 
f 3237 3230 3435 
f 4434 3435 3433 
f 3435 4434 3237 
f 3336 3337 4242 
f 3337 3333 4370 
f 4242 4370 4085 
f 4370 4242 3337 
f 3158 3468 3394 
f 3468 3466 4395 
f 3394 4395 3389 
f 4395 3394 3468 
f 4435 4436 4437 
f 4436 3390 4398 
f 4437 4398 4397 
f 4398 4437 4436 
f 4435 4438 4436 
f 4438 3395 3396 
f 4436 3396 3390 
f 3396 4436 4438 
f 3879 4439 3975 
f 4439 4397 4401 
f 3975 4401 3970 
f 4401 3975 4439 
f 3977 4440 3978 
f 4440 4397 4439 
f 3978 4439 3879 
f 4439 3978 4440 
f 3977 4441 4440 
f 4441 4435 4437 
f 4440 4437 4397 
f 4437 4440 4441 
f 4435 4441 4443 
f 4441 3977 4442 
f 4443 4442 4430 
f 4442 4443 4441 
f 3395 4438 3487 
f 4438 4435 4444 
f 3487 4444 3484 
f 4444 3487 4438 
f 4430 4445 4443 
f 4445 3484 4444 
f 4443 4444 4435 
f 4444 4443 4445 
f 3423 4416 3425 
f 4416 3520 3521 
f 3425 3521 3290 
f 3521 3425 4416 
f 3418 3499 4418 
f 3499 3495 3549 
f 4418 3549 3546 
f 3549 4418 3499 
f 4099 4446 4215 
f 4446 3574 3604 
f 4215 3604 3602 
f 3604 4215 4446 
f 4099 4214 4446 
f 4214 3571 3576 
f 4446 3576 3574 
f 3576 4446 4214 
f 3599 4447 3605 
f 4447 4217 4220 
f 3605 4220 3602 
f 4220 3605 4447 
f 3599 3633 4447 
f 3633 3630 4251 
f 4447 4251 4217 
f 4251 4447 3633 
f 4223 4448 4226 
f 4448 3614 3615 
f 4226 3615 3613 
f 3615 4226 4448 
f 3614 4448 3645 
f 4448 4223 4449 
f 3645 4449 3644 
f 4449 3645 4448 
f 4117 4450 4451 
f 4450 3644 4449 
f 4451 4449 4223 
f 4449 4451 4450 
f 4117 4123 4450 
f 4123 4120 4452 
f 4450 4452 3644 
f 4452 4450 4123 
f 4120 4453 4452 
f 4453 3641 3647 
f 4452 3647 3644 
f 3647 4452 4453 
f 3798 4249 3799 
f 4249 3630 3632 
f 3799 3632 3627 
f 3632 3799 4249 
f 4120 4454 4453 
f 4454 3669 3675 
f 4453 3675 3641 
f 3675 4453 4454 
f 3711 3716 4121 
f 3716 3669 4454 
f 4121 4454 4120 
f 4454 4121 3716 
f 4138 4455 4140 
f 4455 3966 4332 
f 4140 4332 4139 
f 4332 4140 4455 
f 3725 3969 4456 
f 3969 3966 4455 
f 4456 4455 4138 
f 4455 4456 3969 
f 3980 4432 3981 
f 4432 4430 4442 
f 3981 4442 3977 
f 4442 3981 4432 
f 4430 4433 4445 
f 4433 3354 4457 
f 4445 4457 3484 
f 4457 4445 4433 
f 3725 4456 3727 
f 4456 4138 4458 
f 3727 4458 3679 
f 4458 3727 4456 
f 4138 4144 4458 
f 4144 3665 3682 
f 4458 3682 3679 
f 3682 4458 4144 
f 3854 3856 4232 
f 3856 3823 3927 
f 4232 3927 3924 
f 3927 4232 3856 
f 3957 3959 4245 
f 3959 3956 4306 
f 4245 4306 4244 
f 4306 4245 3959 
f 4148 4150 4460 
f 4150 4145 4459 
f 4460 4459 3378 
f 4459 4460 4150 
f 3375 4409 3381 
f 4409 4148 4460 
f 3381 4460 3378 
f 4460 3381 4409 
f 3803 4143 3838 
f 4143 4139 4335 
f 3838 4335 3837 
f 4335 3838 4143 
f 3343 3344 4274 
f 3344 3340 4412 
f 4274 4412 4078 
f 4412 4274 3344 
f 3385 3386 4461 
f 3386 3382 4293 
f 4461 4293 4261 
f 4293 4461 3386 
f 3385 4461 4462 
f 4461 4261 4367 
f 4462 4367 3442 
f 4367 4462 4461 
f 3998 4463 4224 
f 4463 4117 4451 
f 4224 4451 4223 
f 4451 4224 4463 
f 3998 3999 4463 
f 3999 3791 4118 
f 4463 4118 4117 
f 4118 4463 3999 
f 3866 4464 3870 
f 4464 3718 3724 
f 3870 3724 3707 
f 3724 3870 4464 
f 3094 3452 3405 
f 3452 3447 4201 
f 3405 4201 3402 
f 4201 3405 3452 
f 3448 4270 3451 
f 4270 4040 4203 
f 3451 4203 3447 
f 4203 3451 4270 
f 3326 3327 4330 
f 3327 3323 4465 
f 4330 4465 4326 
f 4465 4330 3327 
f 3323 3441 4465 
f 3441 3437 4378 
f 4465 4378 4326 
f 4378 4465 3441 
f 3866 4255 4464 
f 4255 3889 3892 
f 4464 3892 3718 
f 3892 4464 4255 
f 3461 4466 4392 
f 4466 3378 4459 
f 4392 4459 4145 
f 4459 4392 4466 
f 3479 3481 4388 
f 3481 3274 3321 
f 4388 3321 3317 
f 3321 4388 3481 
f 3448 3453 4272 
f 3453 3086 3346 
f 4272 3346 3343 
f 3346 4272 3453 
f 3461 3465 4466 
f 3465 3258 3380 
f 4466 3380 3378 
f 3380 4466 3465 
f 3375 3377 4406 
f 3377 3250 3515 
f 4406 3515 3513 
f 3515 4406 3377 
f 3437 3438 4376 
f 3438 3134 3412 
f 4376 3412 3409 
f 3412 4376 3438 
f 3442 3443 4462 
f 3443 3198 3388 
f 4462 3388 3385 
f 3388 4462 3443 
f 3355 4425 3360 
f 4425 3491 3494 
f 3360 3494 3182 
f 3494 3360 4425 
f 3406 3407 4379 
f 3407 3126 3508 
f 4379 3508 3506 
f 3508 4379 3407 
f 3174 3486 3359 
f 3486 3484 4457 
f 3359 4457 3354 
f 4457 3359 3486 
f 3516 3517 4403 
f 3517 3242 3367 
f 4403 3367 3364 
f 3367 4403 3517 
