#  wavefront obj file written by the visualization toolkit

mtllib baseline_fast.mtl

v 0 0.06957460194826126 0.0077057802118361
v 0 0.06771259754896164 0.01774819940328598
v 0.008830759674310684 0.06827829778194427 0.012652699835598469
v 0 0.06882680207490921 0.012762299738824368
v 0.004432950168848038 0.06817600131034851 0.015244199894368649
v 0.00443438021466136 0.06910739839076996 0.010222500190138817
v -0.008815160021185875 0.06830839812755585 0.012500000186264515
v -0.0044291699305176735 0.06911759823560715 0.010155499912798405
v -0.004426420200616121 0.0681919977068901 0.015174400061368942
v 0.007705190218985081 0.06957460194826126 -9.579709876561537e-05
v 0.005403469782322645 0.06957460194826126 0.005493780132383108
v 0.008334489539265633 0.06920990347862244 0.006365629844367504
v -0.0077057802118361 0.06957460194826126 -3.5754101190832444e-07
v -0.005410780198872089 0.06957460194826126 0.005486580077558756
v -0.008326330222189426 0.0692175030708313 0.0062936898320913315
v 0 0.010187099687755108 0.0692548006772995
v 0 0 0.07000000029802322
v 0.006581020075827837 0.006570859812200069 0.06937950104475021
v 0 0.005107169970870018 0.06981340050697327
v 0.0032978300005197525 0.0032927400898188353 0.06984470039606094
v 0.003295260015875101 0.008391080424189568 0.06941709667444229
v -0.00662021990865469 0.0069112698547542095 0.069342702627182
v -0.0033147300127893686 0.008561120368540287 0.06939540058374405
v -0.003317910013720393 0.003463780041784048 0.06983549892902374
v 0.009330090135335922 0 0.0693754032254219
v 0.00467548007145524 0 0.06984370201826096
v 0.007965870201587677 0.0032896900083869696 0.06946740299463272
v -0.009330090135335922 0 0.0693754032254219
v -0.00467548007145524 0 0.06984370201826096
v -0.00798639003187418 0.0034604999236762524 0.0694568008184433
v 0 0.06440850347280502 0.027414200827479362
v 0.008836490102112293 0.06570880115032196 0.02245599962770939
v 0 0.06623639911413193 0.0226438008248806
v 0.004429049789905548 0.06523170322179794 0.025004100054502487
v 0.004432530142366886 0.06688760221004486 0.02015949971973896
v -0.009686410427093506 0.06511290371417999 0.02380100078880787
v -0.004863140173256397 0.06664550304412842 0.020850099623203278
v -0.004858159925788641 0.06493920087814331 0.025676799938082695
v 0.008862050250172615 0.06716679781675339 0.01760919950902462
v -0.009288240224123001 0.06694459915161133 0.01822499930858612
v 0 0.05973320081830025 0.03649580106139183
v -0.008806459605693817 0.06179239973425865 0.03168819844722748
v 0 0.06223680078983307 0.03204039856791496
v -0.004414809867739677 0.06326639652252197 0.029628900811076164
v -0.004415059927850962 0.06092609837651253 0.034183599054813385
v 0.008341929875314236 0.062066998332738876 0.03127460181713104
v 0.004181889817118645 0.06105960160493851 0.033973999321460724
v 0.004180570133030415 0.06338340044021606 0.029411999508738518
v 0.008610259741544724 0.06403560191392899 0.02693150006234646
v -0.009264970198273659 0.06357169896364212 0.027799200266599655
v 0 0.05378609895706177 0.04480019956827164
v -0.008837990462779999 0.05645589902997017 0.040430501103401184
v 0 0.056911300867795944 0.040756601840257645
v -0.004430800210684538 0.05824980139732361 0.038565900176763535
v -0.004430800210684538 0.0552682988345623 0.042729198932647705
v 0.008837990462779999 0.05645589902997017 0.040430501103401184
v 0.004430800210684538 0.0552682988345623 0.042729198932647705
v 0.004430800210684538 0.05824980139732361 0.038565900176763535
v -0.008846240118145943 0.05928270146250725 0.03615669906139374
v 0.008615399710834026 0.059436898678541183 0.03595869988203049
v 0 0.046693701297044754 0.052150800824165344
v -0.008766870014369488 0.050004299730062485 0.04819450154900551
v 0 0.0503741018474102 0.048604998737573624
v -0.00439496012404561 0.05203159898519516 0.04661969840526581
v -0.004395049996674061 0.04847709834575653 0.050305601209402084
v 0.008766870014369488 0.050004299730062485 0.04819450154900551
v 0.004395049996674061 0.04847709834575653 0.050305601209402084
v 0.00439496012404561 0.05203159898519516 0.04661969840526581
v -0.008825399912893772 0.05336900055408478 0.04442809894680977
v 0.008825399912893772 0.05336900055408478 0.04442809894680977
v 0 0.038607001304626465 0.05839090049266815
v -0.010026900097727776 0.04201129823923111 0.055086400359869
v 0 0.04276429861783981 0.05541849881410599
v -0.005030270200222731 0.044501498341560364 0.053798798471689224
v -0.005029240157455206 0.04043630138039589 0.05691760033369064
v 0.008837990462779999 0.0424221009016037 0.0549749992787838
v 0.004430800210684538 0.04062280058860779 0.056834399700164795
v 0.004430800210684538 0.044676899909973145 0.05370600149035454
v -0.00942405965179205 0.04614099860191345 0.05178989842534065
v 0.008825760334730148 0.046335700899362564 0.05172149837017059
v 0 0.02969839982688427 0.06338779628276825
v 0.008747659623622894 0.03397909924387932 0.060571398586034775
v 0 0.034244000911712646 0.061051998287439346
v 0.00438534002751112 0.03192250058054924 0.06214269995689392
v 0.004385329782962799 0.03638850152492523 0.05963759869337082
v -0.008747659623622894 0.03397909924387932 0.060571398586034775
v -0.004385329782962799 0.03638850152492523 0.05963759869337082
v -0.00438534002751112 0.03192250058054924 0.06214269995689392
v -0.009410389699041843 0.03808879852294922 0.057971399277448654
v 0.008815930224955082 0.038300998508930206 0.05792510136961937
v 0 0.02015729993581772 0.06703490018844604
v 0.008685080334544182 0.024788999930024147 0.06488510221242905
v 0 0.02499449998140335 0.065385602414608
v 0.004353830125182867 0.022531600669026375 0.06613150238990784
v 0.004353859927505255 0.027314700186252594 0.06430359929800034
v -0.008837990462779999 0.024794399738311768 0.06486240029335022
v -0.004430800210684538 0.027319200336933136 0.06429640203714371
v -0.004430800210684538 0.02253600023686886 0.06612490117549896
v 0.008739380165934563 0.02946159988641739 0.06289380043745041
v -0.00881597027182579 0.029464099556207657 0.06288199871778488
v 0.009184420108795166 0.014601299539208412 0.06784140318632126
v 0 0.015212800353765488 0.06832689791917801
v 0.004604659974575043 0.012427800334990025 0.06873390078544617
v 0.0046058399602770805 0.017430899664759636 0.06763839721679688
v -0.009007999673485756 0.01469349954277277 0.06784509867429733
v -0.00451688002794981 0.017475200816988945 0.06763289868831635
v -0.004515930078923702 0.01247320044785738 0.06873150169849396
v 0.008960570208728313 0.019752100110054016 0.06655500084161758
v -0.00894835963845253 0.019800100475549698 0.06654229760169983
v 0.007897569797933102 0.010606000199913979 0.06873969733715057
v -0.007827799767255783 0.010821299627423286 0.06871409714221954
v -3.726379873114638e-05 0.06957460194826126 -0.007705689873546362
v 0.010858500376343727 0.06874839961528778 -0.007466619834303856
v 0.005585270002484322 0.06957460194826126 -0.005308850202709436
v 0.009337269701063633 0.06927040219306946 -0.0037991099525243044
v 0.005464309826493263 0.06932179629802704 -0.00803912989795208
v 0.017584700137376785 0.06741499900817871 -0.0067818500101566315
v 0.020059499889612198 0.06706330180168152 -0.00036206399090588093
v 0.01269499957561493 0.0687548965215683 -0.0034068298991769552
v 0.013940200209617615 0.0685976967215538 -0.00018198600446339697
v 0.018846599385142326 0.06732010096311569 -0.0035782400518655777
v 0.014253700152039528 0.06815619766712189 -0.0071808998472988605
v 0.01828170008957386 0.0669052004814148 0.00945890974253416
v 0.013073500245809555 0.06860359758138657 0.004756589885801077
v 0.013600500300526619 0.06776479631662369 0.011088600382208824
v 0.019221600145101547 0.0671544000506401 0.0045622000470757484
v -0.010471000336110592 0.0684157982468605 -0.010471000336110592
v -0.005418510176241398 0.06957460194826126 -0.005478950217366219
v -0.005262299906462431 0.06920219957828522 -0.00913046021014452
v -0.00913046021014452 0.06920219957828522 -0.005262299906462431
v -0.0027194200083613396 0.06758580356836319 -0.018021300435066223
v -0.0013632900081574917 0.0687853991985321 -0.012911699712276459
v -0.006615640129894018 0.06820429861545563 -0.014297200366854668
v 0.008064170368015766 0.06750629842281342 -0.016669299453496933
v 0.004049339797347784 0.06880210340023041 -0.012242499738931656
v 0.0026813300792127848 0.06774900108575821 -0.01740350015461445
v 0.00949788000434637 0.06828039884567261 -0.012148000299930573
v -0.018021799623966217 0.06758560240268707 -0.002720119897276163
v -0.014297200366854668 0.06820429861545563 -0.006615640129894018
v -0.012910599820315838 0.06878560036420822 -0.0013644599821418524
v -0.01745929941534996 0.06726399809122086 0.008409719914197922
v -0.01780099980533123 0.06763839721679688 0.0028571400325745344
v -0.01264449954032898 0.0687187984585762 0.004224860109388828
v -0.013174899853765965 0.06794379651546478 0.010490800254046917
v 0.01849370077252388 0 0.06751280277967453
v 0.01405439991503954 0.007329829968512058 0.06818170100450516
v 0.013942999765276909 0 0.06859730184078217
v 0.016304800286889076 0.003671840066090226 0.0679754987359047
v 0.011715400032699108 0.003672179998829961 0.06891489773988724
v 0.010332999750971794 0.00696062995120883 0.06888239830732346
v 0.027327200397849083 0 0.06444550305604935
v 0.02280779927968979 0.008092129603028297 0.06568349897861481
v 0.022961700335144997 0 0.06612680107355118
v 0.02512359991669655 0.004055120050907135 0.06521009653806686
v 0.02069699950516224 0.004055120050907135 0.06674720346927643
v 0.018470399081707 0.007727439980953932 0.06707549840211868
v 0.03567320108413696 0 0.060228098183870316
v 0.03102000057697296 0.008258960209786892 0.06220569834113121
v 0.03157069906592369 0 0.062476299703121185
v 0.03342660143971443 0.004139389842748642 0.06136389821767807
v 0.029238499701023102 0.004138660151511431 0.0634663999080658
v 0.0269687008112669 0.00819218996912241 0.0640747994184494
v 0.04338249936699867 0 0.0549359992146492
v 0.03991929814219475 0.008366599678993225 0.05688979849219322
v 0.03961630165576935 0 0.05771090090274811
v 0.04174239933490753 0.004192490130662918 0.05603570118546486
v 0.03789220005273819 0.00419392017647624 0.05870769917964935
v 0.03556729853153229 0.008335660211741924 0.059711698442697525
v 0.05031770095229149 0 0.04866350069642067
v 0.04678019881248474 0.005394080188125372 0.05179300159215927
v 0.04695490002632141 0 0.05191560089588165
v 0.048612698912620544 0.0027005900628864765 0.05029420182108879
v 0.04513959959149361 0.0027005199808627367 0.05343339964747429
v 0.043440598994493484 0.006894759833812714 0.05445529893040657
v 0.05635489895939827 0 0.04152259975671768
v 0.052433498203754425 0.008034080266952515 0.045674800872802734
v 0.05345569923520088 0 0.04519389942288399
v 0.054529499262571335 0.004027040209621191 0.04370709881186485
v 0.05147799849510193 0.004025049973279238 0.04726320132613182
v 0.049703799188137054 0.006727200001478195 0.0488291010260582
v 0.06138649955391884 0 0.033640701323747635
v 0.05854490026831627 0.008007939904928207 0.037528298795223236
v 0.05900250002741814 0 0.037665799260139465
v 0.06009969860315323 0.0040129199624061584 0.03566399961709976
v 0.05757470056414604 0.004012669902294874 0.039611298590898514
v 0.05563659965991974 0.008042319677770138 0.04171200096607208
v 0.06532260030508041 0 0.02515850029885769
v 0.06307519972324371 0.008029360324144363 0.029275400564074516
v 0.06349640339612961 0 0.02946539968252182
v 0.0643410012125969 0.004023570101708174 0.027277199551463127
v 0.062368400394916534 0.004023559857159853 0.031527601182460785
v 0.060947999358177185 0.0080368397757411 0.033477600663900375
v 0.06809309870004654 0 0.016227399930357933
v 0.0664089024066925 0.008092129603028297 0.020600199699401855
v 0.06685719639062881 0 0.020739300176501274
v 0.06740149855613708 0.004055120050907135 0.01845500059425831
v 0.06601320207118988 0.004055120050907135 0.022930599749088287
v 0.0648851990699768 0.00807856023311615 0.02499300055205822
v 0.06964839994907379 0 0.007006700150668621
v 0.06856170296669006 0.008065500296652317 0.011586000211536884
v 0.06902489811182022 0 0.01164309959858656
v 0.06925930082798004 0.004041749984025955 0.009317089803516865
v 0.06847929954528809 0.004041709937155247 0.013937599956989288
v 0.06763370335102081 0.008096570149064064 0.016128500923514366
v 0.06996089965105057 0 -0.002339049940928817
v 0.06949940323829651 0.007989250123500824 0.0024505099281668663
v 0.06996089965105057 0 0.002339049940928817
v 0.06988540291786194 0.004003520123660564 5.585249891737476e-05
v 0.06972459703683853 0.00400327006354928 0.0047388398088514805
v 0.06917960196733475 0.008044700138270855 0.0070333899930119514
v 0.06902489811182022 0 -0.01164309959858656
v 0.06893789768218994 0.009220720268785954 -0.007908799685537815
v 0.06964839994907379 0 -0.007006700150668621
v 0.06915619969367981 0.00462205009534955 -0.009800699539482594
v 0.06965780258178711 0.00462420005351305 -0.005139300134032965
v 0.06941220164299011 0.008629050105810165 -0.0027367800939828157
v 0.06685719639062881 0 -0.020739300176501274
v 0.06737829744815826 0.0072271497920155525 -0.017548099160194397
v 0.06809309870004654 0 -0.016227399930357933
v 0.06722529977560043 0.003619370050728321 -0.019174400717020035
v 0.0683583989739418 0.00362187996506691 -0.014629100449383259
v 0.06833139806985855 0.008244849741458893 -0.012760800309479237
v 0.06349640339612961 0 -0.02946539968252182
v 0.06513720005750656 0.0057181199081242085 -0.024988999590277672
v 0.06532260030508041 0 -0.02515850029885769
v 0.06440789997577667 0.0028631100431084633 -0.027265800163149834
v 0.06608779728412628 0.002862989902496338 -0.02289550006389618
v 0.06636390089988708 0.006483010016381741 -0.02130259945988655
v 0.05900250002741814 0 -0.037665799260139465
v 0.06171479821205139 0.007441840134561062 -0.032185401767492294
v 0.06138649955391884 0 -0.033640701323747635
v 0.06050200015306473 0.0037297599483281374 -0.0350085012614727
v 0.062711201608181 0.003727199975401163 -0.030877400189638138
v 0.06353379786014557 0.006591170094907284 -0.028635799884796143
v 0.05345569923520088 0 -0.04519389942288399
v 0.05681329965591431 0.008149860426783562 -0.04007279872894287
v 0.05635489895939827 0 -0.04152259975671768
v 0.055281199514865875 0.00408576987683773 -0.042746901512145996
v 0.05802199989557266 0.0040829600766301155 -0.03894589841365814
v 0.059395600110292435 0.007813150063157082 -0.03620930016040802
v 0.04695490002632141 0 -0.05191560089588165
v 0.050246600061655045 0.008160090073943138 -0.048048801720142365
v 0.05031770095229149 0 -0.04866350069642067
v 0.04871569946408272 0.004089689813554287 -0.05010040104389191
v 0.05196399986743927 0.004088929854333401 -0.0467229001224041
v 0.0536762997508049 0.00817727018147707 -0.04418129846453667
v 0.03961630165576935 0 -0.05771090090274811
v 0.043468598276376724 0.008265430107712746 -0.05424169823527336
v 0.04338249936699867 0 -0.0549359992146492
v 0.04164370149374008 0.004142790101468563 -0.05611279979348183
v 0.0453111007809639 0.004141800105571747 -0.053195398300886154
v 0.04695869982242584 0.00823048036545515 -0.05125559866428375
v 0.03157069906592369 0 -0.062476299703121185
v 0.03558040037751198 0.008151589892804623 -0.05972930043935776
v 0.03567320108413696 0 -0.060228098183870316
v 0.0336529016494751 0.004085190128535032 -0.061243701726198196
v 0.03768189996480942 0.004084850195795298 -0.05885060131549835
v 0.03961789980530739 0.008227920159697533 -0.057120200246572495
v 0.022961700335144997 0 -0.06612680107355118
v 0.027656400576233864 0.008192120119929314 -0.0637810006737709
v 0.027327200397849083 0 -0.06444550305604935
v 0.02537040039896965 0.004105989821255207 -0.06511130183935165
v 0.02967729978263378 0.004104880150407553 -0.06326460093259811
v 0.03168249875307083 0.008188419975340366 -0.06188030168414116
v 0.013942999765276909 0 -0.06859730184078217
v 0.018657300621271133 0.007922859862446785 -0.06700100004673004
v 0.01849370077252388 0 -0.06751280277967453
v 0.016336699947714806 0.00397029984742403 -0.06795109808444977
v 0.020853200927376747 0.00396974990144372 -0.06670369952917099
v 0.023211099207401276 0.008076350204646587 -0.0655440017580986
v 0.00467548007145524 0 -0.06984370201826096
v 0.009247950278222561 0.007762109860777855 -0.06895089894533157
v 0.009330090135335922 0 -0.0693754032254219
v 0.006976319942623377 0.0038891900330781937 -0.06954280287027359
v 0.011619900353252888 0.0038892400916665792 -0.06891919672489166
v 0.01398560032248497 0.007861030288040638 -0.06813669949769974
v -0.00467548007145524 0 -0.06984370201826096
v -0.0010671899653971195 0.008796880021691322 -0.06943680346012115
v -3.0228999171884156e-16 0 -0.07000000029802322
v -0.0028779900167137384 0.00440863985568285 -0.0698017030954361
v 0.0018092599930241704 0.004410889931023121 -0.06983750313520432
v 0.004101669881492853 0.008302340283989906 -0.06938479840755463
v -0.013942999765276909 0 -0.06859730184078217
v -0.009580819867551327 0.0062477001920342445 -0.06905920058488846
v -0.009330090135335922 0 -0.0693754032254219
v -0.01177939958870411 0.003128509968519211 -0.06893079727888107
v -0.007139769848436117 0.0031289400067180395 -0.06956460326910019
v -0.005334780085831881 0.00753752002492547 -0.06938820332288742
v -0.022961700335144997 0 -0.06612680107355118
v -0.017417900264263153 0.007674669846892357 -0.06736259907484055
v -0.01849370077252388 0 -0.06751280277967453
v -0.020237000659108162 0.0038462900556623936 -0.06690049916505814
v -0.01570959948003292 0.003844449995085597 -0.06810600310564041
v -0.013522299937903881 0.006972999777644873 -0.06832659989595413
v -0.03157069906592369 0 -0.062476299703121185
v -0.02726460061967373 0.00929981004446745 -0.06379780173301697
v -0.027327200397849083 0 -0.06444550305604935
v -0.02949810028076172 0.004662619903683662 -0.0633096992969513
v -0.02518419921398163 0.004663059953600168 -0.06514610350131989
v -0.02240549959242344 0.008511659689247608 -0.06576889753341675
v -0.03961630165576935 0 -0.05771090090274811
v -0.036379799246788025 0.007258149795234203 -0.05936190113425255
v -0.03567320108413696 0 -0.060228098183870316
v -0.038061998784542084 0.003635189961642027 -0.05863500013947487
v -0.03404960036277771 0.0036370200105011463 -0.06105240061879158
v -0.03190929815173149 0.008301660418510437 -0.06174850091338158
v -0.04695490002632141 0 -0.05191560089588165
v -0.04293740168213844 0.005996259860694408 -0.05495839938521385
v -0.04338249936699867 0 -0.0549359992146492
v -0.04501669853925705 0.003002830082550645 -0.053520798683166504
v -0.041334401816129684 0.003002309938892722 -0.0564131997525692
v -0.03972350060939789 0.006638050079345703 -0.057253699749708176
v -0.05345569923520088 0 -0.04519389942288399
v -0.04901770129799843 0.00866060983389616 -0.04921650141477585
v -0.05031770095229149 0 -0.04866350069642067
v -0.05138219892978668 0.004342599771916866 -0.0473393015563488
v -0.04809259995818138 0.004339899867773056 -0.05067810043692589
v -0.04606819897890091 0.007342880126088858 -0.05219009891152382
v -0.05900250002741814 0 -0.037665799260139465
v -0.055977098643779755 0.008092129603028297 -0.041244201362133026
v -0.05635489895939827 0 -0.04152259975671768
v -0.057618398219347 0.004055120050907135 -0.03954330086708069
v -0.05483879894018173 0.004055120050907135 -0.04331580176949501
v -0.0526483990252018 0.00840047001838684 -0.0453605018556118
v -0.06349640339612961 0 -0.02946539968252182
v -0.06094229966402054 0.008089249953627586 -0.033475399017333984
v -0.06138649955391884 0 -0.033640701323747635
v -0.06235950067639351 0.004053739830851555 -0.03154129907488823
v -0.06010559946298599 0.004053609911352396 -0.03564960137009621
v -0.05858689919114113 0.008108289912343025 -0.03744110092520714
v -0.06685719639062881 0 -0.020739300176501274
v -0.06487859785556793 0.007862200029194355 -0.025078900158405304
v -0.06532260030508041 0 -0.02515850029885769
v -0.06601040065288544 0.0039396099746227264 -0.022958699613809586
v -0.0643237978219986 0.003939449787139893 -0.027330100536346436
v -0.06304900348186493 0.007993290200829506 -0.029341600835323334
v -0.06902489811182022 0 -0.01164309959858656
v -0.06774090230464935 0.007189920172095299 -0.016108199954032898
v -0.06809309870004654 0 -0.016227399930357933
v -0.06851109862327576 0.0036017000675201416 -0.013901599682867527
v -0.06742630153894424 0.0036017599049955606 -0.018458599224686623
v -0.0664609968662262 0.007543229963630438 -0.020640499889850616
v -0.06996089965105057 0 -0.002339049940928817
v -0.06930139660835266 0.0069791898131370544 -0.006971789989620447
v -0.06964839994907379 0 -0.007006700150668621
v -0.0697569027543068 0.003495899960398674 -0.004663830157369375
v -0.06928809732198715 0.003495899960398674 -0.009324230253696442
v -0.06867189705371857 0.007100140210241079 -0.011565400287508965
v -0.06964839994907379 0 0.007006700150668621
v -0.06934049725532532 0.009088000282645226 0.003050429979339242
v -0.06996089965105057 0 0.002339049940928817
v -0.06966949999332428 0.004555440042167902 0.005041230004280806
v -0.06985060125589371 0.004557040054351091 0.0003567120002117008
v -0.06950719654560089 0.008055180311203003 -0.001965939998626709
v -0.06809309870004654 0 0.016227399930357933
v -0.06868930160999298 0.006629160139709711 0.011740099638700485
v -0.06902489811182022 0 0.01164309959858656
v -0.06850390136241913 0.0033200399484485388 0.014006800018250942
v -0.06928790360689163 0.003320290008559823 0.009389540180563927
v -0.06915970146656036 0.007875069975852966 0.007410789839923382
v -0.06532260030508041 0 0.02515850029885769
v -0.0663881003856659 0.009234920144081116 0.020182499662041664
v -0.06685719639062881 0 0.020739300176501274
v -0.06604299694299698 0.004630609881132841 0.022735100239515305
v -0.06741940230131149 0.00462974002584815 0.018253400921821594
v -0.06768280267715454 0.007948960177600384 0.015995299443602562
v -0.06138649955391884 0 0.033640701323747635
v -0.06299050152301788 0.007974890060722828 0.029472099617123604
v -0.06349640339612961 0 0.02946539968252182
v -0.06232139840722084 0.003995969891548157 0.031623899936676025
v -0.06430049985647202 0.003996389918029308 0.027376599609851837
v -0.06485400348901749 0.008626810275018215 0.02489049918949604
v -0.05635489895939827 0 0.04152259975671768
v -0.05861290171742439 0.007692580111324787 0.037487998604774475
v -0.05900250002741814 0 0.037665799260139465
v -0.057602401822805405 0.0038542200345546007 0.03958670049905777
v -0.06012510135769844 0.0038543299306184053 0.03563870117068291
v -0.060931600630283356 0.007850470021367073 0.03355159983038902
v -0.05031770095229149 0 0.04866350069642067
v -0.052976399660110474 0.008464730344712734 0.044964998960494995
v -0.05345569923520088 0 0.04519389942288399
v -0.0517692007124424 0.004242380149662495 0.046925000846385956
v -0.05479849874973297 0.004242649767547846 0.043348900973796844
v -0.05592070147395134 0.008096910081803799 0.041319701820611954
v -0.04338249936699867 0 0.0549359992146492
v -0.04848559945821762 0.0067174299620091915 0.05004020035266876
v -0.04695490002632141 0 0.05191560089588165
v -0.046045899391174316 0.0033668898977339268 0.052615899592638016
v -0.049465201795101166 0.00336304004304111 0.04941539838910103
v -0.05079450085759163 0.007600579876452684 0.04756209999322891
v -0.03567320108413696 0 0.060228098183870316
v -0.03838830068707466 0.0064770798198878765 0.058175500482320786
v -0.03961630165576935 0 0.05771090090274811
v -0.03708140179514885 0.0032429699786007404 0.05928279832005501
v -0.040966298431158066 0.003244949970394373 0.05666770040988922
v -0.04377109929919243 0.010799599811434746 0.053548600524663925
v -0.0437094010412693 0.005416220054030418 0.05440729856491089
v -0.04115229845046997 0.00865359976887703 0.055960800498723984
v -0.04618870094418526 0.008769970387220383 0.0518621988594532
v -0.027327200397849083 0 0.06444550305604935
v -0.0316196009516716 0.007310760207474232 0.06202220171689987
v -0.03157069906592369 0 0.062476299703121185
v -0.02953209914267063 0.0036626500077545643 0.06335960328578949
v -0.03370929881930351 0.0036622199695557356 0.06123949959874153
v -0.035058800131082535 0.00690473010763526 0.060193099081516266
v -0.01849370077252388 0 0.06751280277967453
v -0.023070400580763817 0.0070482902228832245 0.0657121017575264
v -0.022961700335144997 0 0.06612680107355118
v -0.02082129940390587 0.003530800109729171 0.0667383000254631
v -0.025243500247597694 0.0035304001066833735 0.06519430130720139
v -0.027405699715018272 0.007195469923317432 0.06400900334119797
v -0.014045399613678455 0.007391440216451883 0.06817690283060074
v -0.013942999765276909 0 0.06859730184078217
v -0.011711199767887592 0.003703129943460226 0.0689140036702156
v -0.01630070060491562 0.0037028000224381685 0.06797479838132858
v -0.018599500879645348 0.007236060220748186 0.06709469854831696
v -0.010347800329327583 0.007161729969084263 0.06885950267314911
v -0.016898799687623978 0.059406500309705734 0.03294390067458153
v -0.012877799570560455 0.06071290001273155 0.03237450122833252
v -0.01291119959205389 0.05812390148639679 0.036809198558330536
v -0.016035299748182297 0.05269530043005943 0.043198101222515106
v -0.012460100464522839 0.05467839911580086 0.04189300164580345
v -0.01242810022085905 0.0514615997672081 0.04579579830169678
v -0.016530800610780716 0.05626799911260605 0.03821840137243271
v 0.017955299466848373 0.05166900157928467 0.043679699301719666
v 0.013397900387644768 0.05097680166363716 0.04606369882822037
v 0.013436700217425823 0.05422399938106537 0.04218069836497307
v 0.01743140071630478 0.05800909921526909 0.03508689999580383
v 0.01774520054459572 0.0549997016787529 0.0394987016916275
v 0.013170000165700912 0.05738610029220581 0.037859998643398285
v 0.012924199923872948 0.06021279841661453 0.033277399837970734
v -0.06546779721975327 0.014572800137102604 -0.02003989927470684
v -0.06673239916563034 0.010902299545705318 -0.018108800053596497
v -0.06529120355844498 0.011237800121307373 -0.0226002000272274
v -0.0678962990641594 0.012551899999380112 -0.011512800119817257
v -0.06790509819984436 0.009883490391075611 -0.013828099705278873
v -0.06682319939136505 0.013590999878942966 -0.01580969989299774
v -0.0686929002404213 0.009778929874300957 -0.009254979901015759
v 0.06419569998979568 0.013852600008249283 -0.024228500202298164
v 0.06595320254564285 0.010566500015556812 -0.020941099151968956
v 0.06477829813957214 0.009802309796214104 -0.02465130016207695
v 0.06673890352249146 0.014554600231349468 -0.015299900434911251
v 0.06561250239610672 0.014235099777579308 -0.019807999953627586
v 0.06716000288724899 0.010907299816608429 -0.016448799520730972
v 0.06799100339412689 0.01191440038383007 -0.011630400083959103
v -0.04130379855632782 0.014000900089740753 -0.05475369840860367
v -0.045298099517822266 0.011365200392901897 -0.05214320123195648
v -0.042192600667476654 0.010015600360929966 -0.05494970083236694
v -0.04687169939279556 0.01679389923810959 -0.04920379817485809
v -0.04803140088915825 0.012750299647450447 -0.049299199134111404
v -0.044166199862957 0.015424800105392933 -0.05207129940390587
v -0.05237260088324547 0.01593340002000332 -0.043626099824905396
v -0.05428589880466461 0.012037400156259537 -0.04252219945192337
v -0.050818901509046555 0.012327100150287151 -0.0465346984565258
v -0.04970090091228485 0.016389599069952965 -0.046488698571920395
v 0.05359070003032684 0.01648869924247265 -0.04190659895539284
v 0.04722139984369278 0.016821200028061867 -0.048858799040317535
v 0.05207600072026253 0.01236180029809475 -0.045113999396562576
v 0.04883980005979538 0.012517799623310566 -0.048558998852968216
v 0.05052090063691139 0.01669289916753769 -0.045486100018024445
v 0.05531959980726242 0.012345599941909313 -0.04107709974050522
v 0.04548009857535362 0.01258070021867752 -0.05170390009880066
v -0.06740529835224152 0.014750099740922451 0.011788000352680683
v -0.06437619775533676 0.01940549910068512 0.019471300765872
v -0.06707130372524261 0.012023800052702427 0.016026999801397324
v -0.06556300073862076 0.014359800145030022 0.019881699234247208
v -0.06604240089654922 0.017117099836468697 0.015665600076317787
v -0.06816499680280685 0.010708100162446499 0.01178439985960722
v -0.06320790201425552 0.0150092002004385 0.026066899299621582
v -0.0631977990269661 0.011509999632835388 0.02781290002167225
v -0.06492750346660614 0.012146299704909325 0.023170899599790573
v -0.0638967975974083 0.01723559945821762 0.022806499153375626
v 0.06628890335559845 0.01600709930062294 0.01579740084707737
v 0.06757369637489319 0.012062800116837025 0.013721800409257412
v 0.06649450212717056 0.012076100334525108 0.018238799646496773
v 0.0636202022433281 0.015845799818634987 0.02452309988439083
v 0.0651530995965004 0.01199449971318245 0.022609800100326538
v 0.06348379701375961 0.011963199824094772 0.02695710025727749
v 0.06509300321340561 0.01596040092408657 0.020203199237585068
v 0.01377910003066063 0.014929600059986115 -0.06698690354824066
v 0.01153580006211996 0.01136779971420765 -0.06810060143470764
v 0.01624849997460842 0.011447500437498093 -0.06711889803409576
v 0.023295000195503235 0.016050899401307106 -0.06402900069952011
v 0.021028000861406326 0.01201650034636259 -0.06567669659852982
v 0.025528399273753166 0.01214659959077835 -0.06403719633817673
v 0.018584800884127617 0.015530199743807316 -0.06567659974098206
v -0.010449799709022045 0.014692699536681175 -0.06763820350170135
v -0.019015399739146233 0.016429100185632706 -0.06533370167016983
v -0.013968800194561481 0.011211699806153774 -0.06766960024833679
v -0.018255500122904778 0.01207759976387024 -0.06648959964513779
v -0.014763399958610535 0.015593400225043297 -0.06662499904632568
v -0.01003430038690567 0.010490000247955322 -0.0684783011674881
v -0.023211900144815445 0.012904400005936623 -0.06476639956235886
v -0.0477290004491806 0.01667029969394207 0.048415299504995346
v -0.0542730987071991 0.01686060056090355 0.0408673994243145
v -0.050490401685237885 0.012601899914443493 0.04681779816746712
v -0.05113150179386139 0.016808299347758293 0.04475549980998039
v -0.05374690145254135 0.012691499665379524 0.04301400110125542
v -0.04823330044746399 0.011724499985575676 0.049356698989868164
v -0.056608300656080246 0.012312499806284904 0.03929249942302704
v 0.046156398952007294 0.012625600211322308 0.051089901477098465
v 0.050439100712537766 0.01614380069077015 0.04577409848570824
v 0.04940830171108246 0.010353599674999714 0.04849360138177872
v 0.05152809992432594 0.012110499665141106 0.045805998146533966
v 0.0483705997467041 0.014406399801373482 0.04850500077009201
v 0.046531498432159424 0.009022099897265434 0.05151139944791794
v 0.05508650094270706 0.01596510037779808 0.040132198482751846
v 0.05693500116467476 0.012011700309813023 0.03891180083155632
v 0.05389859899878502 0.01203049998730421 0.043014101684093475
v 0.052834898233413696 0.016076400876045227 0.043011900037527084
v -0.013012699782848358 0.06562940031290054 -0.02057809941470623
v -0.007890080101788044 0.06680549681186676 -0.01935889944434166
v -0.011780399829149246 0.06722009927034378 -0.01557840034365654
v -0.020577600225806236 0.0656299963593483 -0.013010100461542606
v -0.015578299760818481 0.06722009927034378 -0.011780399829149246
v -0.019360700622200966 0.06680469959974289 -0.007892760448157787
v -0.01684430055320263 0.06582169979810715 -0.016845500096678734
v -0.005265340209007263 0.06402640044689178 -0.027800999581813812
v -0.004004000220447779 0.0659978985786438 -0.022983599454164505
v -0.009166250005364418 0.06501729786396027 -0.02426370047032833
v 0.004942839965224266 0.064935103058815 -0.02567110024392605
v 0.0011159999994561076 0.06647030264139175 -0.021919099614024162
v -0.00016378700092900544 0.06466130167245865 -0.026812100782990456
v 0.006519250106066465 0.06638479977846146 -0.021226299926638603
v -0.026097100228071213 0.06475140154361725 0.005117769818753004
v -0.02214070037007332 0.06639529764652252 0.0012057300191372633
v -0.021831799298524857 0.06616199761629105 0.0067796302028000355
v -0.02661689929664135 0.06449519842863083 -0.005649240221828222
v -0.023656299337744713 0.06521449983119965 -0.009351599961519241
v -0.022377999499440193 0.06619390100240707 -0.004194360226392746
v -0.026436399668455124 0.06481549888849258 -0.00026499098748899996
v -0.015309699811041355 0.061345599591732025 -0.030038699507713318
v -0.010318499989807606 0.06286720186471939 -0.02900419943034649
v -0.014202199876308441 0.06367050111293793 -0.02538440003991127
v -0.022606899961829185 0.062256500124931335 -0.02265080064535141
v -0.019011100754141808 0.061973098665475845 -0.02641809917986393
v -0.0178592000156641 0.0641188994050026 -0.021675199270248413
v -0.021654300391674042 0.06411950290203094 -0.01788260042667389
v -0.007558640092611313 0.05904959887266159 -0.036824099719524384
v -0.006430869922041893 0.06171309947967529 -0.0324058011174202
v -0.01146680023521185 0.060369398444890976 -0.03352680057287216
v 0.0024470100179314613 0.0609918013215065 -0.03426399827003479
v -0.001413229969330132 0.06268540024757385 -0.031121499836444855
v -0.002563050016760826 0.06019049882888794 -0.03564459830522537
v 0.003703670110553503 0.06311710178852081 -0.030041899532079697
v -0.01732500083744526 0.05573200061917305 -0.03864959999918938
v -0.012476800009608269 0.05755209922790527 -0.037842899560928345
v -0.016363199800252914 0.05870340019464493 -0.034440699964761734
v -0.024807000532746315 0.05733820050954819 -0.031574398279190063
v -0.021124599501490593 0.056692399084568024 -0.03520970046520233
v -0.020114099606871605 0.05950700119137764 -0.030892299488186836
v -0.02377290092408657 0.05996380001306534 -0.027188099920749664
v 0.00025020798784680665 0.05527310073375702 -0.04295140132308006
v 0.0013525099493563175 0.058300700038671494 -0.038719501346349716
v -0.00366477994248271 0.05732649937272072 -0.04000300168991089
v -0.009422579780220985 0.052851300686597824 -0.04492169991135597
v -0.004598319996148348 0.05420520156621933 -0.04405279830098152
v -0.008513989858329296 0.056104499846696854 -0.04098540171980858
v -0.013411499559879303 0.054444801062345505 -0.04190349951386452
v 0.010099099949002266 0.056663598865270615 -0.039840199053287506
v 0.006290480028837919 0.058991000056266785 -0.03715499863028526
v 0.005189059767872095 0.0561240017414093 -0.04151099920272827
v 0.012075199745595455 0.061600398272275925 -0.030977100133895874
v 0.007280319929122925 0.06145869940519333 -0.03270820155739784
v 0.011117699556052685 0.0592929981648922 -0.035506900399923325
v 0.008529880084097385 0.06341270357370377 -0.02839129976928234
v 0.007814439944922924 0.05050089955329895 -0.04783929884433746
v 0.008981370367109776 0.05372940003871918 -0.043960098177194595
v 0.004043050110340118 0.05302770063281059 -0.04551609978079796
v -0.002008599927648902 0.04866980016231537 -0.050271399319171906
v 0.0029107800219208 0.04971969872713089 -0.04918820038437843
v -0.0008815010078251362 0.05210759863257408 -0.04673349857330322
v -0.005730390083044767 0.050891898572444916 -0.0477197989821434
v 0.01754939928650856 0.05104900151491165 -0.04456470161676407
v 0.013863000087440014 0.05400719866156578 -0.042320698499679565
v 0.01271629985421896 0.05091260001063347 -0.046327199786901474
v 0.019652800634503365 0.05670899897813797 -0.036025699228048325
v 0.01491629984229803 0.05683999881148338 -0.038035798817873
v 0.018653199076652527 0.054030001163482666 -0.04040810093283653
v 0.015908200293779373 0.05931580066680908 -0.033594101667404175
v -0.02033280022442341 0.04179859906435013 0.05233979970216751
v -0.017530500888824463 0.03504969924688339 0.05800170078873634
v -0.015224100090563297 0.042027100920677185 0.05386969819664955
v -0.01897300034761429 0.03850819915533066 0.055291399359703064
v -0.013818600215017796 0.03864229843020439 0.0567082017660141
v -0.01563660055398941 0.04702189937233925 0.049441199749708176
v -0.012860800139605999 0.04461739957332611 0.052382100373506546
v -0.018011299893260002 0.044475801289081573 0.050965599715709686
v -0.013167600147426128 0.03458939865231514 0.05941540002822876
v -0.012219700030982494 0.048584599047899246 0.048889800906181335
v 0.014581199735403061 0.037596698850393295 0.0572177991271019
v 0.011681799776852131 0.03584130108356476 0.058982498943805695
v 0.011727900244295597 0.04007209837436676 0.056184399873018265
v 0.01843949966132641 0.04352710023522377 0.051627300679683685
v 0.013675300404429436 0.04308979958295822 0.05344400182366371
v 0.013654599897563457 0.04694240167737007 0.05009949952363968
v 0.016544699668884277 0.040646299719810486 0.054535798728466034
v -0.026567300781607628 0.05116000026464462 -0.03970940038561821
v -0.022006599232554436 0.05359309911727905 -0.039287298917770386
v -0.025757599622011185 0.054399099200963974 -0.035739000886678696
v -0.019273800775408745 0.0489531010389328 -0.0461747981607914
v -0.01834929920732975 0.05248520150780678 -0.04252779856324196
v -0.02297919988632202 0.050184499472379684 -0.04305189847946167
v -0.014390000142157078 0.05105059966444969 -0.045681100338697433
v -0.033690501004457474 0.05215660110116005 -0.03232090175151825
v -0.03021089918911457 0.051798999309539795 -0.0361131988465786
v -0.029328400269150734 0.05489649996161461 -0.032034698873758316
v -0.03164590150117874 0.057694099843502045 -0.0238731000572443
v -0.032757099717855453 0.05507479980587959 -0.028173400089144707
v -0.028303200379014015 0.05767260119318962 -0.027799200266599655
v -0.027199599891901016 0.06013460084795952 -0.02332410030066967
v 0.016000699251890182 0.06583630293607712 0.017594199627637863
v 0.012442500330507755 0.06589820235967636 0.020065300166606903
v 0.012448400259017944 0.06719529628753662 0.01516020018607378
v 0.01731489971280098 0.06278370320796967 0.02565939910709858
v 0.012865399941802025 0.06260540336370468 0.02854909934103489
v 0.013107400387525558 0.06439419835805893 0.024115899577736855
v 0.01669199950993061 0.0644339993596077 0.021671000868082047
v -0.021379100158810616 0.06192350015044212 0.02466600015759468
v -0.015593700110912323 0.06375820189714432 0.024325499311089516
v -0.019185500219464302 0.06081249937415123 0.028875000774860382
v -0.01335120014846325 0.06252709776163101 0.02849760092794895
v -0.015845999121665955 0.06598719954490662 0.017163900658488274
v -0.012794899754226208 0.06568779796361923 0.020527999848127365
v -0.01866219937801361 0.06412389874458313 0.02097270078957081
v -0.012361199595034122 0.06727579981088638 0.01487169973552227
v -0.035103101283311844 0.045491401106119156 -0.03997879847884178
v -0.030918199568986893 0.048455700278282166 -0.039951298385858536
v -0.03448940068483353 0.04895539954304695 -0.03624710068106651
v -0.0277389008551836 0.04399619996547699 -0.04684960097074509
v -0.027225200086832047 0.04770439863204956 -0.04339440166950226
v -0.031504400074481964 0.044862598180770874 -0.04352949932217598
v -0.023564500734210014 0.046589698642492294 -0.04662739858031273
v -0.04177679866552353 0.04595569893717766 -0.03229200094938278
v -0.03854219987988472 0.04584509879350662 -0.036231499165296555
v -0.03783399984240532 0.049186598509550095 -0.03239240124821663
v -0.03999510034918785 0.05204230174422264 -0.024330899119377136
v -0.040994398295879364 0.049129001796245575 -0.02838660031557083
v -0.036940500140190125 0.052237700670957565 -0.028401099145412445
v -0.035913899540901184 0.05501129850745201 -0.024164900183677673
v 0.014862500131130219 0.0445983000099659 -0.05186619982123375
v 0.016248399391770363 0.04794880002737045 -0.048341598361730576
v 0.011367700062692165 0.04767230153083801 -0.04998129978775978
v 0.005470559932291508 0.0433226004242897 -0.054710399359464645
v 0.006660229992121458 0.04703700169920921 -0.0514116995036602
v 0.0017355999443680048 0.046119000762701035 -0.05263109877705574
v 0.010192000307142735 0.04407069832086563 -0.05342189967632294
v 0.026853099465370178 0.05064680054783821 -0.04017220064997673
v 0.023315999656915665 0.05382340028882027 -0.0382022000849247
v 0.022261500358581543 0.050985999405384064 -0.04248350113630295
v 0.024411700665950775 0.044607698917388916 -0.048106398433446884
v 0.025701599195599556 0.04775580018758774 -0.04425840079784393
v 0.021034900099039078 0.04795220121741295 -0.0464554987847805
v 0.019690100103616714 0.04472329840064049 -0.05012109875679016
v 0.02874469943344593 0.05559080094099045 -0.03135930001735687
v 0.024264199659228325 0.05630189925432205 -0.033783700317144394
v 0.02787409909069538 0.05326259881258011 -0.035862598568201065
v 0.021094199270009995 0.06103850156068802 -0.027006300166249275
v 0.020426800474524498 0.05902779847383499 -0.03159850090742111
v 0.024987800046801567 0.05847470089793205 -0.029262900352478027
v 0.01662670075893402 0.06147230044007301 -0.02906399965286255
v 0.03573239967226982 0.04877319931983948 -0.03527570143342018
v 0.032329898327589035 0.0523299016058445 -0.0334119014441967
v 0.03137800097465515 0.04984540119767189 -0.037826698273420334
v 0.03303910046815872 0.04381589964032173 -0.04345779865980148
v 0.03447270020842552 0.046411700546741486 -0.03946629911661148
v 0.030019499361515045 0.04734709858894348 -0.04191749915480614
v 0.028796499595046043 0.044321201741695404 -0.045895401388406754
v 0.037167198956012726 0.05333130061626434 -0.025968700647354126
v 0.03304459899663925 0.05460770055651665 -0.028741199523210526
v 0.03655200079083443 0.051195401698350906 -0.03070800006389618
v 0.029927600175142288 0.05938030034303665 -0.021870499476790428
v 0.02941560000181198 0.057641301304101944 -0.026686999946832657
v 0.03363829851150513 0.05650850012898445 -0.023984400555491447
v 0.02558100037276745 0.06037459895014763 -0.024505499750375748
v 0.04363369941711426 0.04617999866604805 -0.029385600239038467
v 0.0405086986720562 0.04988899827003479 -0.027751300483942032
v 0.03978860005736351 0.04760289937257767 -0.03241660073399544
v 0.04189220070838928 0.041060999035835266 -0.03819739818572998
v 0.04287999868392944 0.04373989999294281 -0.03388400003314018
v 0.038917601108551025 0.04503900185227394 -0.03683619946241379
v 0.03757470101118088 0.04256200045347214 -0.04094649851322174
v 0.0447302982211113 0.04999690130352974 -0.019987700507044792
v 0.041057899594306946 0.05180180072784424 -0.023039499297738075
v 0.04429979994893074 0.048216599971055984 -0.024752499535679817
v 0.03774939849972725 0.05658769980072975 -0.01651719957590103
v 0.03755449876189232 0.05510060116648674 -0.021297499537467957
v 0.041349899023771286 0.053434498608112335 -0.01830120012164116
v 0.03392310068011284 0.058129001408815384 -0.019241800531744957
v 0.05063299834728241 0.042733799666166306 -0.022585900500416756
v 0.04779680073261261 0.0464772991836071 -0.021338200196623802
v 0.04726260155439377 0.04457889869809151 -0.02605699934065342
v 0.04927070066332817 0.03895759955048561 -0.0308982003480196
v 0.05006080120801926 0.04093480110168457 -0.026800399646162987
v 0.046554699540138245 0.04266269877552986 -0.030208399519324303
v 0.04571240022778511 0.04012420028448105 -0.034647099673748016
v 0.05127419903874397 0.04568279907107353 -0.013565899804234505
v 0.04812850058078766 0.047965701669454575 -0.01682090014219284
v 0.05107159912586212 0.04431070014834404 -0.018117699772119522
v 0.044831499457359314 0.05277790129184723 -0.01022849977016449
v 0.044899001717567444 0.05152289941906929 -0.015147999860346317
v 0.04817960038781166 0.04936020076274872 -0.011928600259125233
v 0.04140070080757141 0.05482880026102066 -0.013408600352704525
v 0.025281699374318123 0.01699420064687729 0.06302410364151001
v 0.028230100870132446 0.012662099674344063 0.06279119849205017
v 0.02410160005092621 0.012572799809277058 0.06450609862804413
v 0.03396200016140938 0.015015400014817715 0.0593390017747879
v 0.03254289925098419 0.01165580004453659 0.060869500041007996
v 0.02969219908118248 0.01604280062019825 0.061326999217271805
v 0.0370217002928257 0.011716599576175213 0.05824190005660057
v -0.027412399649620056 0.013678999617695808 0.06294000148773193
v -0.025286899879574776 0.010382300242781639 0.06444209814071655
v -0.029560599476099014 0.010510699823498726 0.06257549673318863
v -0.035942401736974716 0.013545500114560127 0.0585206001996994
v -0.03384130075573921 0.010446700267493725 0.06037899851799011
v -0.0372186005115509 0.010025599971413612 0.05843169987201691
v -0.03175229951739311 0.013644400052726269 0.06087379902601242
v 0.030560100451111794 0.03816340118646622 -0.05009619891643524
v 0.03186649829149246 0.041075900197029114 -0.046875398606061935
v 0.027544500306248665 0.04147379845380783 -0.049205999821424484
v 0.021671399474143982 0.038064200431108475 -0.05460280179977417
v 0.023096099495887756 0.041433900594711304 -0.05147619917988777
v 0.01831210032105446 0.04143340140581131 -0.053366098552942276
v 0.026182200759649277 0.038210801780223846 -0.05248270183801651
v -0.04274290055036545 0.038933999836444855 -0.039461299777030945
v -0.03902430087327957 0.04232250154018402 -0.03982340171933174
v -0.04236980155110359 0.042555298656225204 -0.03596999868750572
v -0.03582949936389923 0.03793749958276749 -0.04665819928050041
v -0.03186739981174469 0.04107410088181496 -0.04687630012631416
v -0.03555909916758537 0.041823599487543106 -0.043431900441646576
v -0.039387401193380356 0.038534700870513916 -0.04317070171236992
v -0.047635599970817566 0.04533189907670021 -0.023997200652956963
v -0.04482470080256462 0.045764800161123276 -0.028219200670719147
v -0.0439314991235733 0.04881620034575462 -0.02422809973359108
v -0.04890409857034683 0.0388433001935482 -0.031616199761629105
v -0.04545870050787926 0.042510099709033966 -0.03203750029206276
v -0.04839570075273514 0.042197298258543015 -0.027879200875759125
v -0.045940298587083817 0.03898769989609718 -0.03562929853796959
v -0.028240999206900597 0.036039598286151886 -0.052949000149965286
v -0.02806209959089756 0.04012120142579079 -0.05002810060977936
v -0.032117899507284164 0.03708399832248688 -0.049932099878787994
v -0.020377300679683685 0.04120590165257454 -0.05279050022363663
v -0.024118000641465187 0.04270720109343529 -0.0499441996216774
v -0.024364199489355087 0.038710299879312515 -0.052989598363637924
v -0.019878899678587914 0.04520070180296898 -0.04961580038070679
v -0.04555860161781311 0.050675999373197556 -0.016011200845241547
v -0.046712398529052734 0.048122700303792953 -0.020053699612617493
v -0.04288860037922859 0.05149339884519577 -0.020223800092935562
v -0.03726999834179878 0.057085100561380386 -0.01588200032711029
v -0.0415307991206646 0.0540320985019207 -0.01599140092730522
v -0.03873569890856743 0.05470940098166466 -0.020160099491477013
v -0.03454260155558586 0.05753049999475479 -0.019926300272345543
v -0.052619799971580505 0.043551500886678696 -0.015310799703001976
v -0.050260599702596664 0.044559501111507416 -0.01970610022544861
v -0.04921630024909973 0.047235701233148575 -0.015701500698924065
v -0.05426210165023804 0.0376070998609066 -0.023266399279236794
v -0.05108470097184181 0.04158009961247444 -0.023694800212979317
v -0.05357959866523743 0.04068459942936897 -0.0193387009203434
v -0.051715098321437836 0.03832310065627098 -0.0275116004049778
v -0.04956109821796417 0.049018800258636475 -0.006391540169715881
v -0.051245998591184616 0.04642609879374504 -0.010884200222790241
v -0.047695498913526535 0.049989599734544754 -0.011233299970626831
v -0.042857199907302856 0.05453389883041382 -0.009450630284845829
v -0.046309299767017365 0.0518885999917984 -0.007938260212540627
v -0.044281598180532455 0.05269270017743111 -0.012752099893987179
v -0.040144700556993484 0.05592240020632744 -0.012691900134086609
v -0.056383900344371796 0.04101359844207764 -0.00622422993183136
v -0.054645899683237076 0.04239429906010628 -0.010796000249683857
v -0.05312269926071167 0.04514380171895027 -0.006325770169496536
v -0.05849270150065422 0.03564370051026344 -0.014426600188016891
v -0.05569539964199066 0.03969680145382881 -0.0149058997631073
v -0.057586200535297394 0.03842730075120926 -0.010351999662816525
v -0.05652159824967384 0.036719098687171936 -0.018894700333476067
v -0.053708501160144806 0.04483380168676376 0.0023072499316185713
v -0.055179499089717865 0.0430275984108448 -0.0019632300827652216
v -0.05178080126643181 0.04705899953842163 -0.00204791990108788
v -0.0483211986720562 0.05058969929814339 0.002395099960267544
v -0.05109599977731705 0.04778759926557541 0.002354909898713231
v -0.049042899161577225 0.04990779981017113 -0.0020023800898343325
v -0.042615000158548355 0.055521998554468155 -0.001129099982790649
v -0.046227701008319855 0.052428800612688065 -0.0037717099767178297
v -0.0455486997961998 0.05314990133047104 0.000634122989140451
v -0.04281289875507355 0.05512690171599388 -0.005299369804561138
v -0.05918699875473976 0.037266798317432404 0.0028429999947547913
v -0.05793960019946098 0.039244599640369415 -0.001695120008662343
v -0.056574299931526184 0.0411422997713089 0.002580889966338873
v -0.06175589933991432 0.03251799941062927 -0.0053656501695513725
v -0.05922380089759827 0.0368615984916687 -0.005810040049254894
v -0.06062090024352074 0.03497859835624695 -0.001264450023882091
v -0.06028220057487488 0.034170299768447876 -0.009922130033373833
v -0.05550780147314072 0.04114580154418945 0.011220799759030342
v -0.05749249830842018 0.03930540010333061 0.007049680221825838
v -0.05474279820919037 0.043095801025629044 0.006780699826776981
v -0.04949589818716049 0.048336200416088104 0.010665999725461006
v -0.0526202991604805 0.04484190046787262 0.010968100279569626
v -0.05173420161008835 0.04670419916510582 0.006503209937363863
v -0.04900220036506653 0.049557700753211975 0.006543050054460764
v -0.0671645998954773 0.01937969960272312 0.0036533901002258062
v -0.06844670325517654 0.014274300076067448 0.0033614400308579206
v -0.06856939941644669 0.01195329986512661 0.007440549787133932
v -0.06743589788675308 0.017103200778365135 0.007738039828836918
v -0.06823310256004333 0.014957900159060955 -0.004527819808572531
v -0.06785070151090622 0.017207300290465355 -0.0004381969920359552
v -0.06895080208778381 0.012051600031554699 -0.0007404559873975813
v -0.06889180094003677 0.01098840031772852 -0.00576021010056138
v 0.06751950085163116 0.017358100041747093 0.0063098398968577385
v 0.06869649887084961 0.012708299793303013 0.004392129834741354
v 0.06824160367250443 0.012749399989843369 0.008974339812994003
v 0.06826040148735046 0.015418300405144691 -0.00167218002025038
v 0.06900980323553085 0.01172580011188984 0.00038989700260572135
v 0.06800810247659683 0.016416700556874275 0.002322870073840022
v 0.06873559951782227 0.012343999929726124 -0.004800019785761833
v -0.0014425700064748526 0.018048500642180443 -0.06761779636144638
v -0.0012577399611473083 0.01345330011099577 -0.06868349760770798
v -0.005777100101113319 0.011782700195908546 -0.06875889748334885
v -0.005960249807685614 0.01640930026769638 -0.06778799742460251
v 0.004577130079269409 0.013908999972045422 -0.0684513971209526
v 0.0015694400062784553 0.01600079983472824 -0.06812860071659088
v 0.0017576200189068913 0.011370000429451466 -0.06904800236225128
v 0.006923120003193617 0.01085210032761097 -0.06880629807710648
v 0.040345199406147 0.01682559959590435 -0.054673198610544205
v 0.038082998245954514 0.012528199702501297 -0.05738240107893944
v 0.041996099054813385 0.01257229968905449 -0.05457349866628647
v 0.03216850012540817 0.016819100826978683 -0.059852298349142075
v 0.03394969925284386 0.012513100169599056 -0.059923600405454636
v 0.03634380176663399 0.016862699761986732 -0.05740009993314743
v 0.029996899887919426 0.012540900148451328 -0.06199119985103607
v 0.059387098997831345 0.01625470072031021 -0.03330099955201149
v 0.0631335973739624 0.010677400045096874 -0.028286799788475037
v 0.060681600123643875 0.011873800307512283 -0.0328138992190361
v 0.0619673989713192 0.015096600167453289 -0.028846699744462967
v 0.05827609822154045 0.012239200063049793 -0.03679800033569336
v 0.05615819990634918 0.03847670182585716 -0.016303300857543945
v 0.05383070185780525 0.04216939955949783 -0.01496640034019947
v 0.05351610109210014 0.040696799755096436 -0.019488399848341942
v 0.05497780069708824 0.0364207997918129 -0.023472700268030167
v 0.05564900115132332 0.03750329837203026 -0.019917000085115433
v 0.05288580060005188 0.039637498557567596 -0.023064300417900085
v 0.05224990099668503 0.037780001759529114 -0.027250999584794044
v 0.05108030140399933 0.04772540181875229 -0.0036179199814796448
v 0.04808890074491501 0.050391100347042084 -0.006942439824342728
v 0.05131249874830246 0.04682759940624237 -0.008614609949290752
v 0.056500598788261414 0.040736399590969086 -0.00694464985281229
v 0.05391339957714081 0.044332001358270645 -0.0052933599799871445
v 0.054019298404455185 0.043315399438142776 -0.010280399583280087
v 0.056463200598955154 0.0397007018327713 -0.011651599779725075
v 0.043902598321437836 0.054520800709724426 -0.00022083699877839535
v 0.04448530077934265 0.05379230156540871 -0.005238620098680258
v 0.04762430116534233 0.051266200840473175 -0.0019247500458732247
v 0.037665799260139465 0.05857260152697563 -0.007108999881893396
v 0.04134859889745712 0.055810198187828064 -0.008689779788255692
v 0.04089149832725525 0.056695498526096344 -0.003674570005387068
v 0.03779689967632294 0.05771639943122864 -0.0118410000577569
v 0.04948149994015694 0.04909740015864372 0.006405550055205822
v 0.04681690037250519 0.0519477017223835 0.003100629895925522
v 0.050416000187397 0.04854150116443634 0.0013975600013509393
v 0.05569769814610481 0.0422791987657547 0.0031992699950933456
v 0.05271809920668602 0.045799899846315384 0.004814140032976866
v 0.053522199392318726 0.04511459916830063 -0.00020984500588383526
v 0.056251298636198044 0.0416203998029232 -0.0018777699442580342
v 0.041968900710344315 0.055157799273729324 0.00980961974710226
v 0.04305090010166168 0.05498639866709709 0.004807259887456894
v 0.045847900211811066 0.052267398685216904 0.008129339665174484
v 0.03589089959859848 0.06001820042729378 0.0031074199359863997
v 0.04000449925661087 0.05742419883608818 0.0014471899485215545
v 0.03903510048985481 0.05774360150098801 0.006475970149040222
v 0.03688159957528114 0.05946189910173416 -0.0020068299490958452
v 0.04706929996609688 0.04916530102491379 0.016347799450159073
v 0.0446384996175766 0.052301399409770966 0.013113800436258316
v 0.04840480163693428 0.04926310107111931 0.011407099664211273
v 0.05403830111026764 0.04260899871587753 0.012819400057196617
v 0.050688501447439194 0.04600939899682999 0.0146223995834589
v 0.0518978014588356 0.045975301414728165 0.009638089686632156
v 0.05500210076570511 0.04254769906401634 0.00802890956401825
v -0.0389322005212307 0.010654300451278687 -0.05719060078263283
v -0.03350770100951195 0.014680599793791771 -0.05968010053038597
v -0.03748759999871254 0.014372100122272968 -0.05734210088849068
v -0.03500039875507355 0.01098719984292984 -0.059617601335048676
v -0.030452100560069084 0.012016300112009048 -0.06187310069799423
v -0.06180109828710556 0.015693699941039085 -0.028884900733828545
v -0.06347809731960297 0.011803699657320976 -0.02704080007970333
v -0.06149670109152794 0.011915699578821659 -0.0312437005341053
v -0.05738449841737747 0.01589290052652359 -0.03680260106921196
v -0.05971819907426834 0.015826599672436714 -0.03291289880871773
v -0.05929160118103027 0.012017100118100643 -0.0352150984108448
v -0.05680060014128685 0.012017900124192238 -0.03910579904913902
v 0.015052800066769123 0.06467799842357635 -0.022139599546790123
v 0.011584199965000153 0.06623829901218414 -0.01944969967007637
v 0.010026199743151665 0.06499680131673813 -0.023976899683475494
v 0.015716299414634705 0.06672439724206924 -0.01417240034788847
v 0.01191100012511015 0.06722719967365265 -0.01544789969921112
v 0.015412000007927418 0.06581539660692215 -0.018187999725341797
v 0.013325899839401245 0.06785169988870621 -0.010888700373470783
v 0.02416590042412281 0.06502880156040192 -0.009341830387711525
v 0.022171199321746826 0.06621740013360977 -0.00486750015988946
v 0.02090880088508129 0.066314697265625 -0.008073669858276844
v 0.016676800325512886 0.06716980040073395 -0.010493200272321701
v 0.01999259926378727 0.06604050099849701 -0.011787599883973598
v 0.0390826016664505 0.05466200038790703 0.019611500203609467
v 0.0406344011425972 0.0550571009516716 0.014750000089406967
v 0.04319139942526817 0.05205279961228371 0.01802779920399189
v 0.03350599855184555 0.060036301612854004 0.01315279956907034
v 0.03479360044002533 0.06019100174307823 0.008151579648256302
v 0.037840500473976135 0.05775430053472519 0.01151250023394823
v 0.03638879954814911 0.057498499751091 0.01642479933798313
v 0.05123930051922798 0.04202660173177719 0.022545499727129936
v 0.04928870126605034 0.045720700174570084 0.019499799236655235
v 0.05277739837765694 0.04242920130491257 0.017728999257087708
v 0.043672699481248856 0.04822029918432236 0.025835899636149406
v 0.04549010097980499 0.04882059991359711 0.02114720083773136
v 0.04758540168404579 0.04524650052189827 0.024256600067019463
v 0.041485000401735306 0.051574598997831345 0.0227827001363039
v 0.05741250142455101 0.03548530116677284 0.018563300371170044
v 0.05446049943566322 0.03885199874639511 0.02060529962182045
v 0.05586110055446625 0.039142198860645294 0.015729600563645363
v 0.05967940017580986 0.03536679968237877 0.009357280097901821
v 0.056999001652002335 0.039083998650312424 0.011115700006484985
v 0.057838600128889084 0.038923900574445724 0.006294609978795052
v 0.0586806982755661 0.035507600754499435 0.013992399908602238
v 0.04725459963083267 0.040725499391555786 0.031755898147821426
v 0.04558480158448219 0.044591400772333145 0.028872700408101082
v 0.049376100301742554 0.04148460179567337 0.02722189947962761
v 0.05413319915533066 0.03436090052127838 0.02808780036866665
v 0.05082539841532707 0.03764060139656067 0.029999500140547752
v 0.05281829833984375 0.038289498537778854 0.025380000472068787
v 0.055919598788022995 0.03501499816775322 0.023386899381875992
v 0.03993900120258331 0.045664701610803604 0.034922800958156586
v 0.041916199028491974 0.047066401690244675 0.030459599569439888
v 0.04369499906897545 0.043292298913002014 0.03341440111398697
v 0.03534280136227608 0.05325790122151375 0.028539100661873817
v 0.03961100056767464 0.050871700048446655 0.027258599177002907
v 0.03775620087981224 0.049612801522016525 0.031828198581933975
v 0.037303898483514786 0.054092101752758026 0.024134300649166107
v 0.04256189987063408 0.03818640112876892 0.040376801043748856
v 0.04134820029139519 0.042024899274110794 0.03773900121450424
v 0.0450264997780323 0.039559800177812576 0.03616129979491234
v 0.04968409985303879 0.032647401094436646 0.0369546003639698
v 0.04623299837112427 0.035501301288604736 0.03875790163874626
v 0.04859120026230812 0.03677869960665703 0.03444160148501396
v 0.05204340070486069 0.033591099083423615 0.032605599611997604
v 0.043683599680662155 0.032698698341846466 -0.04384680092334747
v 0.04991719871759415 0.03226780146360397 -0.036973800510168076
v 0.04290299862623215 0.03697910159826279 -0.041132498532533646
v 0.04607339948415756 0.036799099296331406 -0.03772370144724846
v 0.04690369963645935 0.032554998993873596 -0.040499500930309296
v 0.03759700059890747 0.0377781018614769 -0.04537929967045784
v 0.04070800170302391 0.035297200083732605 -0.04468740150332451
v 0.03982679918408394 0.03950110077857971 -0.04187469929456711
v 0.049698200076818466 0.03568749874830246 -0.034007299691438675
v 0.03537299856543541 0.040860600769519806 -0.04448780044913292
v 0.06030609831213951 0.03553960099816322 -0.0003257020143792033
v 0.05811930075287819 0.03898809850215912 0.001439690007828176
v 0.05853080004453659 0.03822129964828491 -0.003643109928816557
v 0.06011369824409485 0.03432609885931015 -0.010394999757409096
v 0.05840560048818588 0.03759469836950302 -0.008684470318257809
v 0.058236800134181976 0.03646450117230415 -0.013372300192713737
v 0.060368601232767105 0.03502489998936653 -0.005374469794332981
v -0.06058710068464279 0.033063601702451706 0.011662299744784832
v -0.060036398470401764 0.035252898931503296 0.0072707198560237885
v -0.05818310007452965 0.037191398441791534 0.01146829966455698
v -0.06372500211000443 0.028769299387931824 0.00338387000374496
v -0.06160249933600426 0.03309670090675354 0.003120850073173642
v -0.062310099601745605 0.030993100255727768 0.007541710045188665
v -0.06289219856262207 0.030717799440026283 -0.000993291032500565
v -0.05066579952836037 0.044184401631355286 0.019511999562382698
v -0.053224701434373856 0.042775899171829224 0.015406300313770771
v -0.05020499974489212 0.04637499898672104 0.01512639969587326
v -0.056301299482584 0.03653610125184059 0.01988139934837818
v -0.05604330077767372 0.03893730044364929 0.01558970008045435
v -0.05360729992389679 0.040453698486089706 0.019742300733923912
v -0.05859079957008362 0.034887198358774185 0.01581140048801899
v -0.023273799568414688 0.06416340172290802 0.015536800026893616
v -0.024760300293564796 0.06464990228414536 0.010359300300478935
v -0.020417600870132446 0.06587149947881699 0.012002999894320965
v -0.01959029957652092 0.06517670303583145 0.01637740060687065
v -0.016687899827957153 0.06676240265369415 0.012817700393497944
v -0.04350069910287857 0.05160310119390488 0.018568899482488632
v -0.04721260070800781 0.04802539944648743 0.019092800095677376
v -0.0466281995177269 0.05010930076241493 0.014658300206065178
v -0.04107829928398132 0.05591399967670441 0.009284179657697678
v -0.04240940138697624 0.0539110004901886 0.013965999707579613
v -0.04543820023536682 0.052299100905656815 0.010008400306105614
v -0.04484669864177704 0.05342699959874153 0.005858839955180883
v -0.04447900131344795 0.04666759818792343 0.027271799743175507
v -0.04769989848136902 0.04554779827594757 0.02345459908246994
v -0.044103700667619705 0.049262598156929016 0.022979699075222015
v -0.05085359886288643 0.039337098598480225 0.027685800567269325
v -0.050877101719379425 0.04185729846358299 0.02365349978208542
v -0.047781698405742645 0.043106500059366226 0.027545299381017685
v -0.053712498396635056 0.03803220018744469 0.02384350076317787
v -0.036935098469257355 0.05362579971551895 0.025691699236631393
v -0.040819499641656876 0.05028520151972771 0.026554899290204048
v -0.040318798273801804 0.052746400237083435 0.022185800597071648
v -0.0367899015545845 0.056852199137210846 0.017729399725794792
v -0.03693209961056709 0.055343300104141235 0.02175159938633442
v -0.04022059962153435 0.05432929843664169 0.01818319968879223
v -0.03902440145611763 0.05651390179991722 0.013538099825382233
v -0.04448720067739487 0.04093660041689873 0.03528570011258125
v -0.04779350012540817 0.04024050012230873 0.03156710043549538
v -0.04459359869360924 0.04391099885106087 0.03135649859905243
v -0.03753169998526573 0.04817570000886917 0.034212201833724976
v -0.04111649841070175 0.04467250034213066 0.034839700907468796
v -0.04110899940133095 0.04754149913787842 0.03081969916820526
v -0.03733130171895027 0.0510345995426178 0.03003069944679737
v -0.050473298877477646 0.033075399696826935 0.03547490015625954
v -0.050793200731277466 0.036299001425504684 0.031661201268434525
v -0.04759899899363518 0.03709860146045685 0.035468801856040955
v -0.05630270019173622 0.031031500548124313 0.027695700526237488
v -0.05371350049972534 0.03527320176362991 0.02776069939136505
v -0.053522899746894836 0.03213449940085411 0.031665101647377014
v -0.056433700025081635 0.033862799406051636 0.023844199255108833
v -0.043634798377752304 0.034390099346637726 0.042583201080560684
v -0.04717329889535904 0.03381830081343651 0.039128001779317856
v -0.04417020082473755 0.037756700068712234 0.039030998945236206
v -0.03716500103473663 0.041925098747015 0.041964899748563766
v -0.0405023992061615 0.03825429826974869 0.042381200939416885
v -0.040929801762104034 0.04153610020875931 0.038723401725292206
v -0.03744339942932129 0.04516490176320076 0.038185399025678635
v 0.0348982997238636 0.042595699429512024 0.04321710020303726
v 0.03751799836754799 0.04424729943275452 0.03917369991540909
v 0.03881559893488884 0.040480200201272964 0.04188920184969902
v 0.03273079916834831 0.04932380095124245 0.037361301481723785
v 0.03412409871816635 0.051422398537397385 0.03303470090031624
v 0.03640120103955269 0.04758090153336525 0.03620800003409386
v 0.03388740122318268 0.04605880007147789 0.040376100689172745
v 0.03703960031270981 0.034845899790525436 0.048102300614118576
v 0.036050498485565186 0.03880849853157997 0.04576310142874718
v 0.039903998374938965 0.03661090135574341 0.04435430094599724
v 0.04458479955792427 0.029955800622701645 0.04488709941506386
v 0.04090740159153938 0.03247649967670441 0.04660319909453392
v 0.04367620125412941 0.03415149822831154 0.0427326001226902
v 0.047250501811504364 0.031378600746393204 0.04102160036563873
v -0.05461139976978302 0.03111490048468113 -0.030813200399279594
v -0.05188089981675148 0.03506239876151085 -0.0312890000641346
v -0.05457510054111481 0.034448299556970596 -0.02710849978029728
v -0.04920370131731033 0.031486399471759796 -0.03856949880719185
v -0.04608859866857529 0.03529850021004677 -0.039113301783800125
v -0.0491827018558979 0.03525720164179802 -0.03518500179052353
v -0.052026499062776566 0.031372398138046265 -0.0347708985209465
v -0.03589029982686043 0.029691200703382492 -0.052252400666475296
v -0.03214719891548157 0.03294900059700012 -0.05273450165987015
v -0.035951100289821625 0.03390029817819595 -0.049581099301576614
v -0.04302160069346428 0.031216800212860107 -0.04554840177297592
v -0.03955509886145592 0.030530499294400215 -0.04902330040931702
v -0.03952459990978241 0.03466400131583214 -0.046219199895858765
v -0.04298840090632439 0.035162199288606644 -0.04261010140180588
v -0.02814820036292076 0.027307899668812752 -0.05798240005970001
v -0.02826789952814579 0.03175609931349754 -0.05561000108718872
v -0.032099999487400055 0.02857140079140663 -0.055256400257349014
v -0.02072029933333397 0.03315730020403862 -0.0580626018345356
v -0.024537600576877594 0.034679099917411804 -0.05563509836792946
v -0.024490099400281906 0.03030179999768734 -0.05815529823303223
v -0.02059759944677353 0.037269800901412964 -0.05555810034275055
v 0.05956539884209633 0.028132900595664978 0.02367500029504299
v 0.05697700008749962 0.031317099928855896 0.025939499959349632
v 0.058615900576114655 0.03187819942831993 0.021165000274777412
v 0.0563368983566761 0.025383800268173218 0.03289100155234337
v 0.05316469818353653 0.029100000858306885 0.03502430021762848
v 0.05538859963417053 0.02995540015399456 0.030574100092053413
v 0.05810390040278435 0.02682889997959137 0.028357500210404396
v -0.028914300724864006 0.0598267987370491 0.02201629988849163
v -0.03302310034632683 0.05689520016312599 0.02392509952187538
v -0.032927099615335464 0.05847280099987984 0.019918300211429596
v -0.028678499162197113 0.05599350109696388 0.03069639950990677
v -0.032889798283576965 0.05494840070605278 0.028265399858355522
v -0.02886280044913292 0.0580436997115612 0.026417100802063942
v -0.03323410078883171 0.052287500351667404 0.03258080035448074
v 0.015819000080227852 0.029630500823259354 0.06141490116715431
v 0.01227909978479147 0.02726989984512329 0.0632895976305008
v 0.012305200099945068 0.03186139836907387 0.061101801693439484
v 0.016924699768424034 0.020830100402235985 0.06465029716491699
v 0.01309099979698658 0.017765099182724953 0.06643059849739075
v 0.012832299806177616 0.022858399897813797 0.0649062991142273
v 0.016409199684858322 0.025287900120019913 0.06317640095949173
v -0.016156800091266632 0.02720320038497448 0.06244150176644325
v -0.012485500425100327 0.03067290037870407 0.06167079880833626
v -0.01251820009201765 0.02604220062494278 0.06375809758901596
v -0.014888400211930275 0.019840899854898453 0.06545740365982056
v -0.01188180036842823 0.022352799773216248 0.06526239961385727
v -0.011968599632382393 0.017296699807047844 0.06676509976387024
v -0.015548399649560452 0.02356109954416752 0.06405559927225113
v -0.05893919989466667 0.029979299753904343 -0.022965600714087486
v -0.05671669915318489 0.03386250138282776 -0.02316340059041977
v -0.05887420102953911 0.032899901270866394 -0.018746500834822655
v -0.06286879628896713 0.027327900752425194 -0.014166999608278275
v -0.061059799045324326 0.02872689999639988 -0.018613800406455994
v -0.06081800162792206 0.031557001173496246 -0.014329100027680397
v -0.062480900436639786 0.030003899708390236 -0.009792730212211609
v -0.004093470051884651 0.04085899889469147 -0.05669020116329193
v 0.0006903309840708971 0.042200200259685516 -0.055845100432634354
v -0.0030593699775636196 0.044886600226163864 -0.05362680181860924
v -0.011612099595367908 0.04583989828824997 -0.05161270126700401
v -0.0078743202611804 0.043468400835990906 -0.05429999902844429
v -0.006828140001744032 0.0473783016204834 -0.051075201481580734
v -0.010543899610638618 0.04947030171751976 -0.04838920012116432
v 0.0031428199727088213 0.03522289916872978 -0.06041080132126808
v 0.004318110179156065 0.03937689960002899 -0.05771319940686226
v -0.00047651698696427047 0.038136400282382965 -0.058697398751974106
v 0.0124981002882123 0.037242498248815536 -0.057937901467084885
v 0.00900661014020443 0.040382299572229385 -0.05646369978785515
v 0.007840050384402275 0.03632330149412155 -0.05932239815592766
v 0.013714199885725975 0.04102160036563873 -0.05503780022263527
v 0.027086300775408745 0.05756630003452301 0.029196899384260178
v 0.031716201454401016 0.05879030004143715 0.020923299714922905
v 0.03128419816493988 0.0555357001721859 0.028932400047779083
v 0.03361690044403076 0.05617009848356247 0.02479569986462593
v 0.02947000041604042 0.058314401656389236 0.025118699297308922
v 0.03049740009009838 0.05366960167884827 0.03300730139017105
v 0.028822200372815132 0.05567669868469238 0.031134899705648422
v 0.0329568013548851 0.05352329835295677 0.030807500705122948
v 0.035465601831674576 0.056832101196050644 0.020305199548602104
v 0.031648699194192886 0.05155310034751892 0.035222798585891724
v -0.06452950090169907 0.02431439980864525 0.012031200341880322
v -0.06428369879722595 0.026606600731611252 0.007726349867880344
v -0.06270600110292435 0.028756700456142426 0.011874699965119362
v -0.0609935000538826 0.027998199686408043 0.01989709958434105
v -0.06290280073881149 0.026215100660920143 0.01600009948015213
v -0.06093600019812584 0.030604099854826927 0.01581750065088272
v -0.058789901435375214 0.03234560042619705 0.019937599077820778
v -0.006013279780745506 0.03265269845724106 -0.06162500008940697
v -0.0014386100228875875 0.03401760011911392 -0.061161499470472336
v -0.005065720062702894 0.03684559836983681 -0.05930209904909134
v -0.012959100306034088 0.037345800548791885 -0.05776980146765709
v -0.009506849572062492 0.03507550060749054 -0.059827499091625214
v -0.008546380326151848 0.03919459879398346 -0.05736500024795532
v -0.012320799753069878 0.04171200096607208 -0.05484800040721893
v 0.0008563160081394017 0.02671240083873272 -0.06469710171222687
v 0.002004490001127124 0.031043799594044685 -0.0627077966928482
v -0.0025845500640571117 0.029752399772405624 -0.0633096992969513
v 0.010267600417137146 0.02900709956884384 -0.0628741979598999
v 0.006721599958837032 0.03219350054860115 -0.06179320067167282
v 0.005575790069997311 0.027929099276661873 -0.06394430249929428
v 0.011411200277507305 0.03320720046758652 -0.06055629998445511
v -0.010160200297832489 0.02336749993264675 -0.06519760191440582
v -0.00466779014095664 0.025125300511717796 -0.06516849994659424
v -0.008110820315778255 0.028093500062823296 -0.0636001005768776
v -0.01393869984894991 0.030018100515007973 -0.0616815984249115
v -0.01207130029797554 0.02674119919538498 -0.06355459988117218
v -0.009993799962103367 0.03139130026102066 -0.061763301491737366
v -0.01347300037741661 0.03374220058321953 -0.05983259901404381
v 0.0283828005194664 0.0397363007068634 0.050154201686382294
v 0.03172050043940544 0.04127009958028793 0.04680370166897774
v 0.03279750049114227 0.037389498203992844 0.049257900565862656
v 0.02624710090458393 0.04698630049824715 0.04475909844040871
v 0.030648300424218178 0.04490159824490547 0.044096801429986954
v 0.027375200763344765 0.04345700144767761 0.0475613996386528
v 0.029566200450062752 0.048281099647283554 0.04116769880056381
v 0.03866010159254074 0.02645229920744896 0.0520160011947155
v 0.03793549910187721 0.030718499794602394 0.05017239972949028
v 0.04172709956765175 0.02827499993145466 0.04857340082526207
v 0.030531900003552437 0.031522899866104126 0.0545354001224041
v 0.03386769816279411 0.033264901489019394 0.05144340172410011
v 0.034682899713516235 0.029060399159789085 0.053409598767757416
v 0.02952609956264496 0.03571280092000961 0.05246710032224655
v -0.031231999397277832 0.06144709885120392 0.012198800221085548
v -0.034273698925971985 0.060993801802396774 0.002252459991723299
v -0.03628129884600639 0.058885298669338226 0.010778999887406826
v -0.032843299210071564 0.061390798538923264 0.007245169952511787
v -0.03779340162873268 0.058636099100112915 0.0057854801416397095
v -0.0340828001499176 0.05927469953894615 0.014995800331234932
v -0.03855359926819801 0.05842350050806999 0.0005632769898511469
v -0.04196560010313988 0.05587640032172203 0.004089130088686943
v -0.04938289895653725 0.025627300143241882 0.04248030111193657
v -0.050063300877809525 0.029430899769067764 0.039083100855350494
v -0.04663969948887825 0.030093099921941757 0.042651399970054626
v -0.05539409816265106 0.024536600336432457 0.035063501447439194
v -0.05598749965429306 0.02785330079495907 0.031457800418138504
v -0.053065501153469086 0.028877800330519676 0.035357099026441574
v -0.05251229926943779 0.025141200050711632 0.03886359930038452
v -0.03595279902219772 0.034882400184869766 0.048893898725509644
v -0.03989480063319206 0.034724101424217224 0.0458545982837677
v -0.03665170073509216 0.03850119933485985 0.04554459825158119
v -0.04201599955558777 0.027016999199986458 0.049038100987672806
v -0.04293359816074371 0.030781099572777748 0.045926399528980255
v -0.03908289968967438 0.03102790005505085 0.0490896999835968
v -0.04581550136208534 0.026388999074697495 0.04587540030479431
v -0.029084699228405952 0.042040999978780746 0.04781870171427727
v -0.032601699233055115 0.038559798151254654 0.0484796017408371
v -0.03320930153131485 0.042090099304914474 0.04500630125403404
v -0.02993299998342991 0.04865549877285957 0.04045559838414192
v -0.02958350069820881 0.045462798327207565 0.04424870014190674
v -0.03363480046391487 0.045406099408864975 0.041315700858831406
v -0.03381609916687012 0.048535801470279694 0.037426598370075226
v -0.033987000584602356 0.027204599231481552 0.054816000163555145
v -0.038096800446510315 0.027178799733519554 0.05205719918012619
v -0.03505760058760643 0.031121300533413887 0.05198489874601364
v -0.027149999514222145 0.034999798983335495 0.05420229956507683
v -0.030652999877929688 0.031188100576400757 0.05465979874134064
v -0.0316368006169796 0.03503569960594177 0.05168769881129265
v -0.028185099363327026 0.038613200187683105 0.051133401691913605
v -0.03955300152301788 0.019567599520087242 0.054338499903678894
v -0.04087809845805168 0.02334580011665821 0.05180690065026283
v -0.036854300647974014 0.023439699783921242 0.05470230057835579
v -0.04503380134701729 0.021922100335359573 0.04890169948339462
v -0.043764401227235794 0.018170200288295746 0.05152209848165512
v -0.04870299994945526 0.021212799474596977 0.045585401356220245
v -0.035382699221372604 0.021156299859285355 -0.056572798639535904
v -0.03184039890766144 0.024289200082421303 -0.05741269886493683
v -0.03572019934654236 0.025483500212430954 -0.054540399461984634
v -0.042410701513290405 0.022819900885224342 -0.050799500197172165
v -0.03924259915947914 0.026317300274968147 -0.05164710059762001
v -0.04282379895448685 0.027086500078439713 -0.04829540103673935
v -0.03898179903626442 0.022036200389266014 -0.05380360037088394
v -0.020223600789904594 0.02485560066998005 -0.06223509833216667
v -0.020517300814390182 0.029070699587464333 -0.06028209999203682
v -0.02423970028758049 0.026139799505472183 -0.06024239957332611
v -0.027403000742197037 0.018498999997973442 -0.061699800193309784
v -0.023869499564170837 0.021728500723838806 -0.062113698571920395
v -0.027840999886393547 0.022957399487495422 -0.05998200178146362
v -0.031470801681280136 0.01987689919769764 -0.05928320065140724
v -0.02950030006468296 0.06154419854283333 -0.015557600185275078
v -0.0334537997841835 0.059436600655317307 -0.015752099454402924
v -0.030642399564385414 0.059754300862550735 -0.019759999588131905
v -0.03588470071554184 0.05965070053935051 -0.007354159839451313
v -0.03665339946746826 0.058489199727773666 -0.01164219994097948
v -0.03278600051999092 0.06077079847455025 -0.011488599702715874
v -0.03945070132613182 0.05720800161361694 -0.008419419638812542
v 0.045621998608112335 0.02094320021569729 0.04878539964556694
v 0.04223740100860596 0.02375189960002899 0.050515901297330856
v 0.04521600157022476 0.025513000786304474 0.04695320129394531
v 0.05135200172662735 0.024065500125288963 0.04103440046310425
v 0.0486144982278347 0.022563500329852104 0.045027900487184525
v 0.04808549955487251 0.02707660011947155 0.04306560009717941
v 0.05063840001821518 0.02842400036752224 0.03908739984035492
v -0.03133070096373558 0.019113700836896896 0.05960749834775925
v -0.035528600215911865 0.019387999549508095 0.057112399488687515
v -0.03273870050907135 0.023215800523757935 0.057351600378751755
v -0.02498999983072281 0.027508800849318504 0.05931920185685158
v -0.028240200132131577 0.023377399891614914 0.05963210016489029
v -0.029565000906586647 0.02742769941687584 0.057215701788663864
v -0.026127999648451805 0.03132389858365059 0.056887101382017136
v -0.06561250239610672 0.024136200547218323 0.003527639899402857
v -0.06601820141077042 0.02190379984676838 0.007862689904868603
v -0.06568360328674316 0.023725900799036026 -0.004769289866089821
v -0.06486289948225021 0.026311900466680527 -0.0006944109918549657
v -0.06658060103654861 0.021603500470519066 -0.0005592660163529217
v -0.0638715997338295 0.028188999742269516 -0.005079550202935934
v 0.03221369907259941 0.02266010083258152 0.057868801057338715
v 0.03144710138440132 0.027155699208378792 0.0563351996243
v 0.03551879897713661 0.024612899869680405 0.055069200694561005
v 0.03979239985346794 0.017577899619936943 0.05484139919281006
v 0.03931469842791557 0.022064700722694397 0.05354909971356392
v 0.04279680177569389 0.019300900399684906 0.05192210152745247
v 0.03608829900622368 0.02016660012304783 0.05648839846253395
v 0.023809300735592842 0.026173699647188187 0.06039910018444061
v 0.02724589966237545 0.028928300365805626 0.057626500725746155
v 0.028075600042939186 0.02447279915213585 0.05926920101046562
v 0.02222459949553013 0.034887198358774185 0.05647080019116402
v 0.02643500082194805 0.033276498317718506 0.05562260001897812
v 0.023072199895977974 0.0306037999689579 0.05857539921998978
v 0.025369299575686455 0.0374085009098053 0.05345090106129646
v 0.026986200362443924 0.0642819032073021 0.006291970144957304
v 0.03152620047330856 0.06232089921832085 0.0047120400704443455
v 0.030330900102853775 0.062329698354005814 0.009749029763042927
v 0.030638299882411957 0.06285659968852997 -0.0032162501011043787
v 0.03332969918847084 0.0615558996796608 -5.47300987818744e-05
v 0.028891799971461296 0.0637407973408699 0.0015408799517899752
v 0.034226298332214355 0.060842301696538925 -0.00517517002299428
v -0.021931499242782593 0.048092201352119446 0.04589280113577843
v -0.025567900389432907 0.04517219960689545 0.046965498477220535
v -0.025994600728154182 0.04849009960889816 0.04327800124883652
v -0.02477020025253296 0.042024001479148865 0.050203800201416016
v -0.021177399903535843 0.04504169896245003 0.04922160133719444
v -0.023799899965524673 0.038493700325489044 0.05340220034122467
v 0.007825570181012154 0.02056640014052391 -0.06645140051841736
v 0.009067430160939693 0.02484389953315258 -0.06481180340051651
v 0.0043508801609277725 0.023693500086665154 -0.06572429835796356
v -0.0002937960089184344 0.022431399673223495 -0.06630799919366837
v -0.005817759782075882 0.020766399800777435 -0.06659509986639023
v 0.003199150087311864 0.019353700801730156 -0.06719519942998886
v 0.01705300062894821 0.022610099986195564 -0.06401550024747849
v 0.013691199943423271 0.025866899639368057 -0.0635882019996643
v 0.012469599954783916 0.021640900522470474 -0.06539250165224075
v 0.019369900226593018 0.0307289008051157 -0.059837598353624344
v 0.014854799956083298 0.02994070015847683 -0.06150519847869873
v 0.018252799287438393 0.026730099692940712 -0.06206719949841499
v 0.01597210019826889 0.03406680002808571 -0.059028301388025284
v 0.03110310062766075 0.061431799083948135 -0.01259899977594614
v 0.03058690018951893 0.0605476014316082 -0.017275100573897362
v 0.0344993993639946 0.05913510173559189 -0.014588999561965466
v 0.02265070006251335 0.06368529796600342 -0.018196899443864822
v 0.026346400380134583 0.06166660040616989 -0.02007720060646534
v 0.026951799169182777 0.0627313032746315 -0.015439700335264206
v 0.021921200677752495 0.06250079721212387 -0.022651899605989456
v -0.048390500247478485 0.0235236007720232 -0.04477719962596893
v -0.04548479989171028 0.023214800283312798 -0.0478769987821579
v -0.04580970108509064 0.02743230015039444 -0.04526520147919655
v -0.04892529919743538 0.027577299624681473 -0.04178280010819435
v -0.046215299516916275 0.03142140060663223 -0.04215259850025177
v -0.06046050041913986 0.022395899519324303 0.027257200330495834
v -0.05851919949054718 0.026776699349284172 0.027541199699044228
v -0.05806250125169754 0.023521000519394875 0.031233100220561028
v -0.0587862990796566 0.029584400355815887 0.023852400481700897
v -0.06086039915680885 0.02525239996612072 0.023628899827599525
v -0.05962599813938141 0.01592640019953251 0.03303169831633568
v -0.060159798711538315 0.019198400899767876 0.030202999711036682
v -0.05765160173177719 0.020281299948692322 0.034131500869989395
v -0.057082101702690125 0.016431599855422974 0.03703559935092926
v -0.05496539920568466 0.020748300477862358 0.03805670142173767
v -0.051965199410915375 0.02130020037293434 0.04178420081734657
v -0.01523560006171465 0.024180900305509567 -0.06389959901571274
v -0.014635199680924416 0.019962899386882782 -0.0654774010181427
v -0.019660700112581253 0.020685700699687004 -0.06391839683055878
v -0.017110200598835945 0.0274835005402565 -0.06206370145082474
v -0.010326400399208069 0.019069699570536613 -0.06655610352754593
v 0.024235600605607033 0.06360790133476257 0.016330000013113022
v 0.025682400912046432 0.06412319839000702 0.011341700330376625
v 0.02895130030810833 0.06199439987540245 0.014782500453293324
v 0.028047800064086914 0.06135620176792145 0.018674500286579132
v 0.032665498554706573 0.05951220169663429 0.01706640049815178
v 0.022690899670124054 0.06574799865484238 0.00789467990398407
v 0.021312600001692772 0.06541170179843903 0.01292600017040968
v 0.025440700352191925 0.06518840044736862 -0.0018002300057560205
v 0.02358339913189411 0.0658406987786293 0.0029715700075030327
v -0.022104399278759956 0.05456659942865372 0.03786659985780716
v -0.022078000009059906 0.05146919935941696 0.041993800550699234
v -0.02608730085194111 0.051747098565101624 0.03926439955830574
v -0.02545429952442646 0.05541690066456795 0.03436639904975891
v -0.029419099912047386 0.0525268018245697 0.03571360185742378
v -0.06613600254058838 0.019582100212574005 0.011940100230276585
v -0.06458389759063721 0.02190439961850643 0.01578330062329769
v -0.06282199919223785 0.023753700777888298 0.019727200269699097
v -0.025108100846409798 0.06375280022621155 -0.014323499985039234
v -0.028142200782895088 0.06320550292730331 -0.010634300298988819
v -0.026118500158190727 0.06205650046467781 -0.01915239915251732
v 0.017883699387311935 0.013448899611830711 0.06632719933986664
v 0.020373500883579254 0.010785199701786041 0.06609539687633514
v 0.015991700813174248 0.010404099710285664 0.06735000014305115
v 0.01164219994097948 0.010987100191414356 0.06814499944448471
v 0.013561500236392021 0.01405350025743246 0.06722039729356766
v -0.01814029924571514 0.013490100391209126 0.06624910235404968
v -0.01611660048365593 0.010456100106239319 0.0673120990395546
v -0.02064020000398159 0.010286499746143818 0.0660921037197113
v -0.011549999937415123 0.011064699850976467 0.06814809888601303
v -0.013604500330984592 0.014123300090432167 0.06719709932804108
v -0.028730100020766258 0.06323959678411484 0.008679389953613281
v -0.027310000732541084 0.06293679773807526 0.013896900229156017
v -0.030257200822234154 0.06301470100879669 0.0036942700389772654
v -0.030551400035619736 0.0629580020904541 -0.0017035099444910884
v -0.030153600499033928 0.06079909950494766 0.017153300344944
v -0.026155900210142136 0.06214210018515587 0.018821099773049355
v -0.025190500542521477 0.060981400310993195 0.023381900042295456
v -0.02237910032272339 0.06319189816713333 0.02014850080013275
v -0.04583960026502609 0.013761799782514572 0.05108169838786125
v -0.04176370054483414 0.015220699831843376 0.054075200110673904
v -0.03781219944357872 0.01658480055630207 0.05652590095996857
v -0.03368249908089638 0.01635189913213253 0.059144798666238785
v -0.039952199906110764 0.012201700359582901 0.056168798357248306
v -0.06193460151553154 0.01873289979994297 0.02670539915561676
v -0.06151460111141205 0.015492400154471397 0.029596300795674324
v -0.0625540018081665 0.02094610035419464 0.02341499924659729
v -0.04470819979906082 0.019836699590086937 -0.05007670074701309
v -0.04771289974451065 0.020193399861454964 -0.047071199864149094
v -0.03843120113015175 0.017618900164961815 -0.05579090118408203
v -0.041958700865507126 0.01845500059425831 -0.05290450155735016
v -0.05396009981632233 0.023591699078679085 -0.037838298827409744
v -0.05127900093793869 0.023605400696396828 -0.04139139875769615
v -0.05169479921460152 0.02759929932653904 -0.03828750178217888
v -0.050477899610996246 0.019766300916671753 -0.044286198914051056
v -0.05329519882798195 0.019810499623417854 -0.04083089902997017
v 0.015447000041604042 0.01880759932100773 -0.06563279777765274
v 0.01082099974155426 0.017778700217604637 -0.06683430075645447
v 0.006210689898580313 0.01726360060274601 -0.06755290180444717
v 0.00919875968247652 0.014451700262725353 -0.06787139922380447
v 0.0260515995323658 0.02386379987001419 -0.06043040007352829
v 0.0227643009275198 0.027360700070858 -0.06027580052614212
v 0.02160489931702614 0.02329370006918907 -0.06237490102648735
v 0.024724800139665604 0.019999099895358086 -0.06235960125923157
v 0.02021629922091961 0.019371099770069122 -0.06415650248527527
v 0.028126200661063194 0.03182379901409149 -0.05564320087432861
v 0.023806100711226463 0.031352799385786057 -0.05788150057196617
v 0.027151700109243393 0.02790839970111847 -0.05817139893770218
v 0.020566100254654884 0.03447270020842552 -0.057346899062395096
v 0.024950899183750153 0.03501709923148155 -0.05523819848895073
v 0.017126699909567833 0.03774590045213699 -0.0564085990190506
v 0.034582000225782394 0.024628199636936188 -0.055655501782894135
v 0.03142910078167915 0.02829349972307682 -0.055782500654459
v 0.030391400679945946 0.02430569939315319 -0.05818590149283409
v 0.033447399735450745 0.020768500864505768 -0.05787869915366173
v 0.029175199568271637 0.02038699947297573 -0.06027590110898018
v 0.02780050039291382 0.016475800424814224 -0.06209409981966019
v 0.036316800862550735 0.032394301146268845 -0.05031599849462509
v 0.032300498336553574 0.032187800854444504 -0.05310950055718422
v 0.03553270176053047 0.028578300029039383 -0.05311030149459839
v 0.02940090000629425 0.03506239876151085 -0.05297369882464409
v 0.03349529951810837 0.03533880040049553 -0.050291500985622406
v 0.04240360110998154 0.02499759942293167 -0.04977000132203102
v 0.03945299983024597 0.028763599693775177 -0.05016089975833893
v 0.03858739882707596 0.024873899295926094 -0.05284230038523674
v 0.041475098580121994 0.02096249908208847 -0.052348699420690536
v 0.037554800510406494 0.020777400583028793 -0.05529860034584999
v -0.01548170018941164 0.047515399754047394 -0.049016401171684265
v -0.016035500913858414 0.04363400116562843 -0.052334900945425034
v -0.016708599403500557 0.039371099323034286 -0.05541419982910156
v -0.061445098370313644 0.01197730004787445 0.031321700662374496
v -0.05925359949469566 0.011836299672722816 0.035339899361133575
v 0.0171751007437706 0.06649310141801834 0.013552900403738022
v 0.02015719935297966 0.06484489887952805 0.016994699835777283
v 0.025799699127674103 0.060914598405361176 0.022886499762535095
v 0.02084749937057495 0.06341560184955597 0.021067699417471886
v 0.022277599200606346 0.06038359925150871 0.02752319909632206
v -0.01901409961283207 0.05047519877552986 0.04461750015616417
v -0.01910340040922165 0.05372529849410057 0.040603701025247574
v -0.01880970038473606 0.04762189835309982 0.047731999307870865
v -0.015864800661802292 0.04994960129261017 0.04640420153737068
v 0.04009870067238808 0.03262669965624809 -0.04719740152359009
v 0.043149400502443314 0.028919100761413574 -0.046923499554395676
v 0.037008799612522125 0.035135600715875626 -0.04791489988565445
v 0.03414120152592659 0.03804060071706772 -0.04782560095191002
v 0.044916801154613495 0.020958099514245987 -0.04942920058965683
v 0.0438740998506546 0.01685830019414425 -0.051873501390218735
v 0.04941749945282936 0.024803299456834793 -0.04292669892311096
v 0.0466650016605854 0.02882169932126999 -0.04349350184202194
v 0.046023499220609665 0.024961700662970543 -0.04646240174770355
v 0.04844779893755913 0.020867599174380302 -0.0460147000849247
v 0.048098500818014145 0.0185697004199028 0.04734659940004349
v 0.051007699221372604 0.020148999989032745 0.04349980130791664
v 0.043061401695013046 0.01513229962438345 0.05307289958000183
v 0.04597700014710426 0.016816500574350357 0.05003320053219795
v 0.053972501307725906 0.024783499538898468 0.037050601094961166
v 0.05332870036363602 0.020056499168276787 0.04066679999232292
v 0.055915601551532745 0.020750099793076515 0.03664520010352135
v 0.024604100733995438 0.021635500714182854 0.06185910105705261
v 0.02882630005478859 0.01988139934837818 0.060611698776483536
v 0.03314169868826866 0.018868399783968925 0.05869929865002632
v 0.0369344986975193 0.016321899369359016 0.05717900022864342
v 0.019067099317908287 0.03233569860458374 0.059083398431539536
v 0.019853100180625916 0.027956999838352203 0.06102680042386055
v 0.020416000857949257 0.023558499291539192 0.06267520040273666
v 0.02115030027925968 0.018954399973154068 0.06397970020771027
v -0.01953889988362789 0.05709550157189369 0.03547300025820732
v -0.022879600524902344 0.057930201292037964 0.031947098672389984
v 0.02348029986023903 0.04175480082631111 0.05104130133986473
v 0.020390599966049194 0.03932010009884834 0.054204799234867096
v 0.018434099853038788 0.03630340099334717 0.056940700858831406
v 0.015232199802994728 0.03368460014462471 0.05944180116057396
v -0.01735999993979931 0.031643401831388474 -0.0599776990711689
v -0.016873199492692947 0.03532179817557335 -0.0580315999686718
v 0.034456100314855576 0.060127101838588715 -0.009874540381133556
v 0.030942700803279877 0.06228730082511902 -0.00792711041867733
v 0.02768710069358349 0.06334509700536728 -0.010991999879479408
v 0.02746259979903698 0.06407979875802994 -0.006291970144957304
v 0.021625900641083717 0.015251999720931053 0.06480509787797928
v 0.017430100589990616 0.01716499961912632 0.06558620184659958
v -0.06710139662027359 0.019383199512958527 -0.004658480174839497
v -0.06445600092411041 0.025598300620913506 -0.009494620375335217
v -0.0659606009721756 0.01947060041129589 -0.013041899539530277
v -0.0659681037068367 0.021646099165081978 -0.00892535038292408
v -0.06726530194282532 0.01725739985704422 -0.008806919679045677
v -0.06453429907560349 0.023442700505256653 -0.013629700057208538
v -0.023261399939656258 0.017503399401903152 -0.06365960091352463
v -0.030498899519443512 0.01661350019276142 -0.06077669933438301
v -0.03449369966983795 0.017943700775504112 -0.05820830166339874
v -0.027396099641919136 0.013931100256741047 -0.06289180368185043
v -0.02242949977517128 0.020556800067424774 0.0630422979593277
v -0.026944199576973915 0.019882500171661377 0.06147110089659691
v -0.023751400411128998 0.0240751001983881 0.06128830090165138
v -0.029413599520921707 0.016419799998402596 0.06136149913072586
v -0.024966899305582047 0.01714950054883957 0.06310740113258362
v -0.019334599375724792 0.02393130026757717 0.06287659704685211
v -0.020619599148631096 0.02741749957203865 0.06101730093359947
v -0.021322399377822876 0.031370799988508224 0.05883219838142395
v -0.02240139991044998 0.03512069955468178 0.056255798786878586
v -0.016879500821232796 0.031192699447274208 0.06034979969263077
v -0.018689099699258804 0.020231500267982483 0.06435369700193405
v -0.02032569982111454 0.01705770008265972 0.06477580219507217
v -0.016536099836230278 0.01668740063905716 0.0659400001168251
v -0.022832900285720825 0.013618200086057186 0.0647549033164978
v -0.025108899921178818 0.059147100895643234 0.027769800275564194
v -0.03516609966754913 0.06047160178422928 -0.0025571701116859913
v -0.03935139998793602 0.05773539841175079 -0.004252609796822071
v -0.0313429981470108 0.062250301241874695 -0.006520209833979607
v 0.04978359863162041 0.028602300211787224 -0.040043801069259644
v 0.055436599999666214 0.02407350018620491 -0.03531640022993088
v 0.052812300622463226 0.02824299968779087 -0.03623799979686737
v 0.05255420133471489 0.02449760027229786 -0.03921639919281006
v 0.0546594001352787 0.020335299894213676 -0.038714699447155
v 0.051619600504636765 0.02069230005145073 -0.042511798441410065
v 0.055605199187994 0.030783800408244133 -0.029332900419831276
v 0.05288669839501381 0.03160079941153526 -0.033232301473617554
v 0.05563579872250557 0.027485400438308716 -0.03239160031080246
v 0.052584901452064514 0.03496839851140976 -0.03020000085234642
v 0.06046599894762039 0.02275189943611622 -0.02694839984178543
v 0.05817500129342079 0.02683210000395775 -0.028208300471305847
v 0.0580952987074852 0.02347080036997795 -0.031209800392389297
v 0.060054998844861984 0.01954510062932968 -0.03018929995596409
v 0.05753060057759285 0.020205799490213394 -0.03437960147857666
v 0.05664470046758652 0.016416899859905243 -0.03770750015974045
v 0.06001700088381767 0.03020939975976944 -0.019630400463938713
v 0.057979799807071686 0.030585600063204765 -0.024553099647164345
v 0.06041029840707779 0.02655480057001114 -0.023354699835181236
v 0.05538560077548027 0.033659398555755615 -0.026447700336575508
v 0.057613201439380646 0.033382199704647064 -0.021594900637865067
v 0.06418129801750183 0.021415600553154945 -0.017948200926184654
v 0.062254201620817184 0.025877000764012337 -0.01883620023727417
v 0.062477800995111465 0.022138400003314018 -0.022503800690174103
v 0.0643472969532013 0.017677800729870796 -0.021140500903129578
v 0.06249130144715309 0.01834939979016781 -0.025654299184679985
v 0.0637642964720726 0.026800600811839104 -0.010762699879705906
v 0.06205600127577782 0.028581200167536736 -0.015237100422382355
v 0.06410510092973709 0.024157999083399773 -0.014385100454092026
v 0.060222599655389786 0.032352298498153687 -0.015052000060677528
v 0.06205010041594505 0.030618200078606606 -0.01059779990464449
v 0.05822790041565895 0.034425999969244 -0.018010199069976807
v 0.06685899943113327 0.018657300621271133 -0.009043379686772823
v 0.06544339656829834 0.022774800658226013 -0.009923020377755165
v 0.06567790359258652 0.020084699615836143 -0.013528300449252129
v 0.06689450144767761 0.016629699617624283 -0.01218899991363287
v 0.06556160002946854 0.01801300048828125 -0.016649799421429634
v 0.06596799939870834 0.02331859990954399 -0.0021141699980944395
v 0.06501860171556473 0.025118499994277954 -0.006453560199588537
v 0.06653329730033875 0.021025799214839935 -0.00558884022757411
v 0.06337449699640274 0.02948869951069355 -0.003753559896722436
v 0.06366129964590073 0.028185300529003143 -0.007268609944730997
v 0.06474970281124115 0.026435699313879013 -0.0029374200385063887
v 0.061867598444223404 0.03197120130062103 -0.007088419981300831
v 0.0672307014465332 0.019402099773287773 -0.0018964599585160613
v 0.06767509877681732 0.017066899687051773 -0.005366929806768894
v 0.06806299835443497 0.013972800225019455 -0.008496630005538464
v 0.06414879858493805 0.027565399184823036 0.005008370149880648
v 0.0669298991560936 0.020395100116729736 0.002103690057992935
v 0.0651782974600792 0.025488900020718575 0.0014497600495815277
v 0.06603190302848816 0.022529199719429016 0.0056761098094284534
v 0.06389389932155609 0.02858619950711727 0.0006287060095928609
v -0.05689390003681183 0.03061090037226677 -0.02694549970328808
v -0.05866130068898201 0.02320059947669506 -0.030341200530529022
v -0.058951400220394135 0.026658300310373306 -0.026721900328993797
v -0.05675119906663895 0.027212899178266525 -0.030639199540019035
v -0.06262379884719849 0.02190610021352768 -0.02232459932565689
v -0.06076920032501221 0.022600499913096428 -0.026387900114059448
v -0.060904599726200104 0.025995200499892235 -0.022690899670124054
v -0.06290049850940704 0.024677500128746033 -0.018290599808096886
v 0.06013739854097366 0.035538699477910995 0.004526679869741201
v 0.06221970170736313 0.028384799137711525 0.014933500438928604
v 0.05994889885187149 0.03200589865446091 0.016785599291324615
v 0.06108419969677925 0.031946200877428055 0.012172199785709381
v 0.06335079669952393 0.02804880030453205 0.009997219778597355
v 0.06207229942083359 0.031546398997306824 0.0072011700831353664
v 0.06239769980311394 0.03163880109786987 0.002347740111872554
v 0.06102269887924194 0.02831929922103882 0.019345499575138092
v 0.06340719759464264 0.02208610065281391 0.01979219913482666
v 0.06159070134162903 0.02515220083296299 0.021770499646663666
v 0.06291739642620087 0.02527719922363758 0.017391599714756012
v 0.06527040153741837 0.02222760021686554 0.012071199715137482
v 0.06383530050516129 0.025342000648379326 0.013521499931812286
v 0.06484139710664749 0.02494719997048378 0.008557179942727089
v 0.06444259732961655 0.02219259925186634 0.01595740020275116
v 0.039946701377630234 0.013001799583435059 0.05599299818277359
v 0.0431377999484539 0.010520500130951405 0.05411519855260849
v 0.01359730027616024 0.06329420208930969 -0.02662630006670952
v 0.01810709945857525 0.06297539919614792 -0.02462170086801052
v 0.018888000398874283 0.06430359929800034 -0.02020609937608242
v 0.019220799207687378 0.06532689929008484 -0.01621609926223755
v 0.018257899209856987 0.04775629937648773 0.047811899334192276
v 0.025578800588846207 0.05316789820790291 0.03766829892992973
v 0.021820800378918648 0.05254799872636795 0.040774501860141754
v 0.02155819907784462 0.05572580173611641 0.036467500030994415
v 0.022153200581669807 0.049443598836660385 0.0443233996629715
v 0.025971999391913414 0.05019110068678856 0.04130750149488449
v 0.022412100806832314 0.045396000146865845 0.048341501504182816
v 0.026394899934530258 0.05550060048699379 0.033511098474264145
v 0.022331900894641876 0.057977501302957535 0.032247498631477356
v 0.01742289960384369 0.06056920066475868 0.030460000038146973
v 0.028070500120520592 0.05348150059580803 0.03538040071725845
v 0.029203999787569046 0.051332298666238785 0.037578098475933075
v -0.06702080368995667 0.016033299267292023 -0.012294299900531769
v -0.06815990060567856 0.013774099759757519 -0.008031530305743217
v -0.06446219980716705 0.020742999389767647 -0.017729999497532845
v -0.0658373013138771 0.017053600400686264 -0.016571899875998497
v -0.0641556978225708 0.018270699307322502 -0.021218599751591682
v 0.05985099822282791 0.01609029993414879 0.03254169970750809
v 0.06159840151667595 0.012086399830877781 0.03097659908235073
v 0.05933719873428345 0.012077500112354755 0.03511739894747734
v 0.057586900889873505 0.01606070064008236 0.036411598324775696
v 0.06706409901380539 0.016722500324249268 0.011080100201070309
v 0.06650009751319885 0.019824199378490448 0.009205079637467861
v 0.06586980074644089 0.01914360001683235 0.01395339984446764
v -0.06378590315580368 0.015169300138950348 -0.024520600214600563
v -0.0603363998234272 0.019481200724840164 -0.029664799571037292
v -0.05816670134663582 0.019595200195908546 -0.03365509957075119
v -0.062343500554561615 0.018839500844478607 -0.025658700615167618
v -0.05642370134592056 0.023443099111318588 -0.03415820002555847
v -0.055775001645088196 0.019778700545430183 -0.03738920018076897
v -0.05497920140624046 0.015942400321364403 -0.04028809815645218
v -0.05443369969725609 0.027427799999713898 -0.03441929817199707
v 0.061859700828790665 0.01600020006299019 0.028589699417352676
v 0.05824099853634834 0.020789500325918198 0.03279909864068031
v 0.0605412982404232 0.021844500675797462 0.02752400003373623
v 0.06028660014271736 0.018995899707078934 0.030077999457716942
v 0.058527298271656036 0.023649800568819046 0.030253099277615547
v 0.062167201191186905 0.018871400505304337 0.026059800758957863
v 0.02345840074121952 0.0644925981760025 -0.013798999600112438
v 0.06494949758052826 0.019076399505138397 0.01782269962131977
v 0.0636133998632431 0.018995700404047966 0.022192399948835373
v 0.06013819947838783 0.02502409927546978 0.025635700672864914
v 0.06208210065960884 0.022003600373864174 0.02369930036365986
v 0.06193169951438904 0.03256219998002052 -0.0020426400005817413
v -0.009330090135335922 -0.0020000000949949026 0.0693754032254219
v 0 -0.0020000000949949026 0.07000000029802322
v -0.00467548007145524 -0.0020000000949949026 0.06984370201826096
v 0 -0.0010000000474974513 0.07000000029802322
v -0.00467548007145524 -0.0010000000474974513 0.06984370201826096
v 0.00467548007145524 -0.0010000000474974513 0.06984370201826096
v -0.009330090135335922 -0.0010000000474974513 0.0693754032254219
v 0.009330090135335922 -0.0020000000949949026 0.0693754032254219
v 0.00467548007145524 -0.0020000000949949026 0.06984370201826096
v 0.009330090135335922 -0.0010000000474974513 0.0693754032254219
v 0.01849370077252388 -0.0020000000949949026 0.06751280277967453
v 0.013942999765276909 -0.0020000000949949026 0.06859730184078217
v 0.013942999765276909 -0.0010000000474974513 0.06859730184078217
v 0.027327200397849083 -0.0020000000949949026 0.06444550305604935
v 0.022961700335144997 -0.0020000000949949026 0.06612680107355118
v 0.022961700335144997 -0.0010000000474974513 0.06612680107355118
v 0.01849370077252388 -0.0010000000474974513 0.06751280277967453
v 0.03567320108413696 -0.0020000000949949026 0.060228098183870316
v 0.03157069906592369 -0.0020000000949949026 0.062476299703121185
v 0.03157069906592369 -0.0010000000474974513 0.062476299703121185
v 0.027327200397849083 -0.0010000000474974513 0.06444550305604935
v 0.04338249936699867 -0.0020000000949949026 0.0549359992146492
v 0.03961630165576935 -0.0020000000949949026 0.05771090090274811
v 0.04338249936699867 -0.0010000000474974513 0.0549359992146492
v 0.03961630165576935 -0.0010000000474974513 0.05771090090274811
v 0.03567320108413696 -0.0010000000474974513 0.060228098183870316
v 0.05031770095229149 -0.0020000000949949026 0.04866350069642067
v 0.04695490002632141 -0.0020000000949949026 0.05191560089588165
v 0.05031770095229149 -0.0010000000474974513 0.04866350069642067
v 0.04695490002632141 -0.0010000000474974513 0.05191560089588165
v 0.05635489895939827 -0.0020000000949949026 0.04152259975671768
v 0.05345569923520088 -0.0020000000949949026 0.04519389942288399
v 0.05635489895939827 -0.0010000000474974513 0.04152259975671768
v 0.05345569923520088 -0.0010000000474974513 0.04519389942288399
v 0.06138649955391884 -0.0020000000949949026 0.033640701323747635
v 0.05900250002741814 -0.0020000000949949026 0.037665799260139465
v 0.05900250002741814 -0.0010000000474974513 0.037665799260139465
v 0.06532260030508041 -0.0020000000949949026 0.02515850029885769
v 0.06349640339612961 -0.0020000000949949026 0.02946539968252182
v 0.06349640339612961 -0.0010000000474974513 0.02946539968252182
v 0.06138649955391884 -0.0010000000474974513 0.033640701323747635
v 0.06809309870004654 -0.0020000000949949026 0.016227399930357933
v 0.06685719639062881 -0.0020000000949949026 0.020739300176501274
v 0.06685719639062881 -0.0010000000474974513 0.020739300176501274
v 0.06532260030508041 -0.0010000000474974513 0.02515850029885769
v 0.06964839994907379 -0.0020000000949949026 0.007006700150668621
v 0.06809309870004654 -0.0010000000474974513 0.016227399930357933
v 0.06902489811182022 -0.0020000000949949026 0.01164309959858656
v 0.06902489811182022 -0.0010000000474974513 0.01164309959858656
v 0.06996089965105057 -0.0020000000949949026 -0.002339049940928817
v 0.06996089965105057 -0.0020000000949949026 0.002339049940928817
v 0.06996089965105057 -0.0010000000474974513 0.002339049940928817
v 0.06964839994907379 -0.0010000000474974513 0.007006700150668621
v 0.06902489811182022 -0.0020000000949949026 -0.01164309959858656
v 0.06964839994907379 -0.0020000000949949026 -0.007006700150668621
v 0.06964839994907379 -0.0010000000474974513 -0.007006700150668621
v 0.06996089965105057 -0.0010000000474974513 -0.002339049940928817
v 0.06685719639062881 -0.0020000000949949026 -0.020739300176501274
v 0.06809309870004654 -0.0020000000949949026 -0.016227399930357933
v 0.06809309870004654 -0.0010000000474974513 -0.016227399930357933
v 0.06902489811182022 -0.0010000000474974513 -0.01164309959858656
v 0.06349640339612961 -0.0020000000949949026 -0.02946539968252182
v 0.06532260030508041 -0.0020000000949949026 -0.02515850029885769
v 0.06349640339612961 -0.0010000000474974513 -0.02946539968252182
v 0.06532260030508041 -0.0010000000474974513 -0.02515850029885769
v 0.06685719639062881 -0.0010000000474974513 -0.020739300176501274
v 0.05900250002741814 -0.0020000000949949026 -0.037665799260139465
v 0.06138649955391884 -0.0020000000949949026 -0.033640701323747635
v 0.06138649955391884 -0.0010000000474974513 -0.033640701323747635
v 0.05345569923520088 -0.0020000000949949026 -0.04519389942288399
v 0.05635489895939827 -0.0020000000949949026 -0.04152259975671768
v 0.05635489895939827 -0.0010000000474974513 -0.04152259975671768
v 0.05900250002741814 -0.0010000000474974513 -0.037665799260139465
v 0.04695490002632141 -0.0020000000949949026 -0.05191560089588165
v 0.05031770095229149 -0.0020000000949949026 -0.04866350069642067
v 0.04695490002632141 -0.0010000000474974513 -0.05191560089588165
v 0.05031770095229149 -0.0010000000474974513 -0.04866350069642067
v 0.05345569923520088 -0.0010000000474974513 -0.04519389942288399
v 0.03961630165576935 -0.0020000000949949026 -0.05771090090274811
v 0.04338249936699867 -0.0020000000949949026 -0.0549359992146492
v 0.03961630165576935 -0.0010000000474974513 -0.05771090090274811
v 0.04338249936699867 -0.0010000000474974513 -0.0549359992146492
v 0.03157069906592369 -0.0020000000949949026 -0.062476299703121185
v 0.03567320108413696 -0.0020000000949949026 -0.060228098183870316
v 0.03157069906592369 -0.0010000000474974513 -0.062476299703121185
v 0.03567320108413696 -0.0010000000474974513 -0.060228098183870316
v 0.022961700335144997 -0.0020000000949949026 -0.06612680107355118
v 0.027327200397849083 -0.0020000000949949026 -0.06444550305604935
v 0.027327200397849083 -0.0010000000474974513 -0.06444550305604935
v 0.013942999765276909 -0.0020000000949949026 -0.06859730184078217
v 0.01849370077252388 -0.0020000000949949026 -0.06751280277967453
v 0.01849370077252388 -0.0010000000474974513 -0.06751280277967453
v 0.022961700335144997 -0.0010000000474974513 -0.06612680107355118
v 0.00467548007145524 -0.0020000000949949026 -0.06984370201826096
v 0.009330090135335922 -0.0020000000949949026 -0.0693754032254219
v 0.00467548007145524 -0.0010000000474974513 -0.06984370201826096
v 0.009330090135335922 -0.0010000000474974513 -0.0693754032254219
v 0.013942999765276909 -0.0010000000474974513 -0.06859730184078217
v -0.00467548007145524 -0.0020000000949949026 -0.06984370201826096
v -3.0228999171884156e-16 -0.0020000000949949026 -0.07000000029802322
v -3.0228999171884156e-16 -0.0010000000474974513 -0.07000000029802322
v -0.013942999765276909 -0.0020000000949949026 -0.06859730184078217
v -0.009330090135335922 -0.0020000000949949026 -0.0693754032254219
v -0.009330090135335922 -0.0010000000474974513 -0.0693754032254219
v -0.00467548007145524 -0.0010000000474974513 -0.06984370201826096
v -0.022961700335144997 -0.0020000000949949026 -0.06612680107355118
v -0.01849370077252388 -0.0020000000949949026 -0.06751280277967453
v -0.022961700335144997 -0.0010000000474974513 -0.06612680107355118
v -0.01849370077252388 -0.0010000000474974513 -0.06751280277967453
v -0.013942999765276909 -0.0010000000474974513 -0.06859730184078217
v -0.03157069906592369 -0.0020000000949949026 -0.062476299703121185
v -0.027327200397849083 -0.0020000000949949026 -0.06444550305604935
v -0.03157069906592369 -0.0010000000474974513 -0.062476299703121185
v -0.027327200397849083 -0.0010000000474974513 -0.06444550305604935
v -0.03961630165576935 -0.0020000000949949026 -0.05771090090274811
v -0.03567320108413696 -0.0020000000949949026 -0.060228098183870316
v -0.03961630165576935 -0.0010000000474974513 -0.05771090090274811
v -0.03567320108413696 -0.0010000000474974513 -0.060228098183870316
v -0.04695490002632141 -0.0020000000949949026 -0.05191560089588165
v -0.04338249936699867 -0.0020000000949949026 -0.0549359992146492
v -0.04338249936699867 -0.0010000000474974513 -0.0549359992146492
v -0.05345569923520088 -0.0020000000949949026 -0.04519389942288399
v -0.05031770095229149 -0.0020000000949949026 -0.04866350069642067
v -0.05031770095229149 -0.0010000000474974513 -0.04866350069642067
v -0.04695490002632141 -0.0010000000474974513 -0.05191560089588165
v -0.05900250002741814 -0.0020000000949949026 -0.037665799260139465
v -0.05635489895939827 -0.0020000000949949026 -0.04152259975671768
v -0.05635489895939827 -0.0010000000474974513 -0.04152259975671768
v -0.05345569923520088 -0.0010000000474974513 -0.04519389942288399
v -0.06349640339612961 -0.0020000000949949026 -0.02946539968252182
v -0.06138649955391884 -0.0020000000949949026 -0.033640701323747635
v -0.06138649955391884 -0.0010000000474974513 -0.033640701323747635
v -0.05900250002741814 -0.0010000000474974513 -0.037665799260139465
v -0.06685719639062881 -0.0020000000949949026 -0.020739300176501274
v -0.06532260030508041 -0.0020000000949949026 -0.02515850029885769
v -0.06685719639062881 -0.0010000000474974513 -0.020739300176501274
v -0.06532260030508041 -0.0010000000474974513 -0.02515850029885769
v -0.06349640339612961 -0.0010000000474974513 -0.02946539968252182
v -0.06902489811182022 -0.0020000000949949026 -0.01164309959858656
v -0.06809309870004654 -0.0020000000949949026 -0.016227399930357933
v -0.06809309870004654 -0.0010000000474974513 -0.016227399930357933
v -0.06996089965105057 -0.0020000000949949026 -0.002339049940928817
v -0.06964839994907379 -0.0020000000949949026 -0.007006700150668621
v -0.06996089965105057 -0.0010000000474974513 -0.002339049940928817
v -0.06964839994907379 -0.0010000000474974513 -0.007006700150668621
v -0.06902489811182022 -0.0010000000474974513 -0.01164309959858656
v -0.06964839994907379 -0.0020000000949949026 0.007006700150668621
v -0.06996089965105057 -0.0020000000949949026 0.002339049940928817
v -0.06964839994907379 -0.0010000000474974513 0.007006700150668621
v -0.06996089965105057 -0.0010000000474974513 0.002339049940928817
v -0.06809309870004654 -0.0020000000949949026 0.016227399930357933
v -0.06902489811182022 -0.0020000000949949026 0.01164309959858656
v -0.06902489811182022 -0.0010000000474974513 0.01164309959858656
v -0.06532260030508041 -0.0020000000949949026 0.02515850029885769
v -0.06685719639062881 -0.0020000000949949026 0.020739300176501274
v -0.06685719639062881 -0.0010000000474974513 0.020739300176501274
v -0.06809309870004654 -0.0010000000474974513 0.016227399930357933
v -0.06138649955391884 -0.0020000000949949026 0.033640701323747635
v -0.06349640339612961 -0.0020000000949949026 0.02946539968252182
v -0.06138649955391884 -0.0010000000474974513 0.033640701323747635
v -0.06349640339612961 -0.0010000000474974513 0.02946539968252182
v -0.06532260030508041 -0.0010000000474974513 0.02515850029885769
v -0.05635489895939827 -0.0020000000949949026 0.04152259975671768
v -0.05900250002741814 -0.0020000000949949026 0.037665799260139465
v -0.05900250002741814 -0.0010000000474974513 0.037665799260139465
v -0.05031770095229149 -0.0020000000949949026 0.04866350069642067
v -0.05345569923520088 -0.0020000000949949026 0.04519389942288399
v -0.05345569923520088 -0.0010000000474974513 0.04519389942288399
v -0.05635489895939827 -0.0010000000474974513 0.04152259975671768
v -0.04338249936699867 -0.0020000000949949026 0.0549359992146492
v -0.04695490002632141 -0.0020000000949949026 0.05191560089588165
v -0.04695490002632141 -0.0010000000474974513 0.05191560089588165
v -0.05031770095229149 -0.0010000000474974513 0.04866350069642067
v -0.03567320108413696 -0.0020000000949949026 0.060228098183870316
v -0.03961630165576935 -0.0020000000949949026 0.05771090090274811
v -0.03567320108413696 -0.0010000000474974513 0.060228098183870316
v -0.03961630165576935 -0.0010000000474974513 0.05771090090274811
v -0.04338249936699867 -0.0010000000474974513 0.0549359992146492
v -0.027327200397849083 -0.0020000000949949026 0.06444550305604935
v -0.03157069906592369 -0.0020000000949949026 0.062476299703121185
v -0.03157069906592369 -0.0010000000474974513 0.062476299703121185
v -0.01849370077252388 -0.0020000000949949026 0.06751280277967453
v -0.022961700335144997 -0.0020000000949949026 0.06612680107355118
v -0.022961700335144997 -0.0010000000474974513 0.06612680107355118
v -0.027327200397849083 -0.0010000000474974513 0.06444550305604935
v -0.013942999765276909 -0.0020000000949949026 0.06859730184078217
v -0.013942999765276909 -0.0010000000474974513 0.06859730184078217
v -0.01849370077252388 -0.0010000000474974513 0.06751280277967453
v 0 0.07349999994039536 0
v 0 0.07163950055837631 0.00402763020247221
v -0.0039429799653589725 0.07168269902467728 -8.755180490209061e-19
v 0.0039429799653589725 0.07168269902467728 4.377590245104531e-19
v -2.9913398666204144e-17 0.07163950055837631 -0.00402763020247221
v -0.005341969896107912 -0.0020000000949949026 0.06310959905385971
v 0.0006592969875782728 -0.0020000000949949026 0.05910319834947586
v -0.0026709900703281164 -0.0020000000949949026 0.06655479967594147
v -0.0023413400631397963 -0.0020000000949949026 0.061106398701667786
v 0.00032964799902401865 -0.0020000000949949026 0.06455159932374954
v 0.006289029959589243 -0.0020000000949949026 0.06342670321464539
v 0.003144520102068782 -0.0020000000949949026 0.06671340018510818
v 0.003474160097539425 -0.0020000000949949026 0.061264898627996445
v 0.007809559814631939 -0.0020000000949949026 0.06640110164880753
v -0.0073360297828912735 -0.0020000000949949026 0.06624250113964081
v 0.01229880005121231 -0.0020000000949949026 0.06050819903612137
v 0.010814500041306019 -0.0020000000949949026 0.06494180113077164
v 0.01539629977196455 -0.0020000000949949026 0.06401050090789795
v 0.009293939918279648 -0.0020000000949949026 0.06196749955415726
v 0.020089000463485718 -0.0020000000949949026 0.05973370000720024
v 0.023708099499344826 -0.0020000000949949026 0.062089599668979645
v 0.01929130032658577 -0.0020000000949949026 0.06362330168485641
v 0.016193900257349014 -0.0020000000949949026 0.060120999813079834
v 0.02571279928088188 -0.0020000000949949026 0.05457630008459091
v 0.026520000770688057 -0.0020000000949949026 0.05951090157032013
v 0.030693000182509422 -0.0020000000949949026 0.05740220099687576
v 0.0229008998721838 -0.0020000000949949026 0.05715499818325043
v 0.03469489887356758 -0.0020000000949949026 0.050387900322675705
v 0.03020389936864376 -0.0020000000949949026 0.05248209834098816
v 0.03518399968743324 -0.0020000000949949026 0.05530799925327301
v 0.03903869912028313 -0.0020000000949949026 0.05266189947724342
v 0.04235770180821419 -0.0020000000949949026 0.044830501079559326
v 0.038526300340890884 -0.0020000000949949026 0.047609198838472366
v 0.04287010058760643 -0.0020000000949949026 0.04988329857587814
v 0.04633770138025284 -0.0020000000949949026 0.04674699902534485
v 0.04894699901342392 -0.0020000000949949026 0.040324799716472626
v 0.049632299691438675 -0.0020000000949949026 0.04449409991502762
v 0.052650999277830124 -0.0020000000949949026 0.040923699736595154
v 0.045652300119400024 -0.0020000000949949026 0.042577698826789856
v 0.052064500749111176 -0.0020000000949949026 0.033541299402713776
v 0.05672549828886986 -0.0020000000949949026 0.033590998500585556
v 0.05420970171689987 -0.0020000000949949026 0.03753200173377991
v 0.05050579831004143 -0.0020000000949949026 0.03693310171365738
v 0.055410198867321014 -0.0020000000949949026 0.026549700647592545
v 0.058398399502038956 -0.0020000000949949026 0.03009519912302494
v 0.060366399586200714 -0.0020000000949949026 0.025854099541902542
v 0.053737398236989975 -0.0020000000949949026 0.03004550002515316
v 0.05741719901561737 -0.0020000000949949026 0.01810549944639206
v 0.06136989966034889 -0.0020000000949949026 0.02163200080394745
v 0.06275519728660583 -0.0020000000949949026 0.01716640032827854
v 0.05641369894146919 -0.0020000000949949026 0.022327600046992302
v 0.06088539958000183 -0.0020000000949949026 0.010270100086927414
v 0.06448929756879807 -0.0020000000949949026 0.013248800300061703
v 0.0591512992978096 -0.0020000000949949026 0.014187799766659737
v 0.06526689976453781 -0.0020000000949949026 0.008638390339910984
v 0.06274309754371643 -0.0020000000949949026 0.002070140093564987
v 0.0663520023226738 -0.0020000000949949026 -0.0001344519987469539
v 0.06619580090045929 -0.0020000000949949026 0.004538420122116804
v 0.06181430071592331 -0.0020000000949949026 0.0061701200902462006
v 0.0625545009970665 -0.0020000000949949026 -0.006335639860481024
v 0.06625770032405853 -0.0020000000949949026 -0.004337340127676725
v 0.06578969955444336 -0.0020000000949949026 -0.008989349938929081
v 0.06264880299568176 -0.0020000000949949026 -0.002132750116288662
v 0.060228798538446426 -0.0020000000949949026 -0.01447369996458292
v 0.0646267980337143 -0.0020000000949949026 -0.01305839978158474
v 0.06354299932718277 -0.0020000000949949026 -0.017606500536203384
v 0.06139159947633743 -0.0020000000949949026 -0.01040470041334629
v 0.057340700179338455 -0.0020000000949949026 -0.022723300382494926
v 0.062098901718854904 -0.0020000000949949026 -0.0217313002794981
v 0.060418501496315 -0.0020000000949949026 -0.026094399392604828
v 0.05878470093011856 -0.0020000000949949026 -0.01859850063920021
v 0.05549829825758934 -0.0020000000949949026 -0.030389999970793724
v 0.059497300535440445 -0.0020000000949949026 -0.029927700757980347
v 0.05725039914250374 -0.0020000000949949026 -0.03402790054678917
v 0.0564194992184639 -0.0020000000949949026 -0.026556700468063354
v 0.0495016984641552 -0.0020000000949949026 -0.03650619834661484
v 0.05425209924578667 -0.0020000000949949026 -0.03708599880337715
v 0.05147869884967804 -0.0020000000949949026 -0.04085009917616844
v 0.05249999836087227 -0.0020000000949949026 -0.033448100090026855
v 0.04600739851593971 -0.0020000000949949026 -0.044520698487758636
v 0.04973150044679642 -0.0020000000949949026 -0.04485730081796646
v 0.04648119956254959 -0.0020000000949949026 -0.04821820184588432
v 0.04775460064411163 -0.0020000000949949026 -0.04051339998841286
v 0.03937720134854317 -0.0020000000949949026 -0.0485226996243
v 0.04316600039601326 -0.0020000000949949026 -0.05021920055150986
v 0.03949670121073723 -0.0020000000949949026 -0.053116798400878906
v 0.04269229993224144 -0.0020000000949949026 -0.04652170091867447
v 0.03146649897098541 -0.0020000000949949026 -0.05312589928507805
v 0.03554140031337738 -0.0020000000949949026 -0.05541839823126793
v 0.0315186008810997 -0.0020000000949949026 -0.057801101356744766
v 0.03542190045118332 -0.0020000000949949026 -0.050824299454689026
v 0.02340720035135746 -0.0020000000949949026 -0.05743449926376343
v 0.02743680030107498 -0.0020000000949949026 -0.05528020113706589
v 0.02748890034854412 -0.0020000000949949026 -0.059955399483442307
v 0.0231844000518322 -0.0020000000949949026 -0.06178069859743118
v 0.01668900065124035 -0.0020000000949949026 -0.06130079925060272
v 0.019825400784611702 -0.0020000000949949026 -0.06371379643678665
v 0.015316000208258629 -0.0020000000949949026 -0.06494899839162827
v 0.020048100501298904 -0.0020000000949949026 -0.059367600828409195
v 0.009076479822397232 -0.0020000000949949026 -0.06147409975528717
v 0.011509699746966362 -0.0020000000949949026 -0.06503570079803467
v 0.00687598017975688 -0.0020000000949949026 -0.06565889716148376
v 0.012882799841463566 -0.0020000000949949026 -0.061387401074171066
v -0.0005250350222922862 -0.0020000000949949026 -0.06111979857087135
v 0.004275720100849867 -0.0020000000949949026 -0.06129689887166023
v 0.0020752199925482273 -0.0020000000949949026 -0.06548179686069489
v -0.002600260078907013 -0.0020000000949949026 -0.06548179686069489
v -0.008609510026872158 -0.0020000000949949026 -0.06351059675216675
v -0.006642499938607216 -0.0020000000949949026 -0.06667710095643997
v -0.004567270167171955 -0.0020000000949949026 -0.0623151995241642
v -0.011276300065219402 -0.0020000000949949026 -0.06605400145053864
v -0.01610659994184971 -0.0020000000949949026 -0.060347698628902435
v -0.019534200429916382 -0.0020000000949949026 -0.06323730200529099
v -0.015024799853563309 -0.0020000000949949026 -0.064472496509552
v -0.012358100153505802 -0.0020000000949949026 -0.06192909926176071
v -0.02410390041768551 -0.0020000000949949026 -0.05726910009980202
v -0.023532800376415253 -0.0020000000949949026 -0.06169800087809563
v -0.027837300673127174 -0.0020000000949949026 -0.05987270176410675
v -0.020105300471186638 -0.0020000000949949026 -0.058808401226997375
v -0.031767599284648895 -0.0020000000949949026 -0.05304479971528053
v -0.03166919946670532 -0.0020000000949949026 -0.05776049941778183
v -0.03569189831614494 -0.0020000000949949026 -0.05537780001759529
v -0.027935799211263657 -0.0020000000949949026 -0.055156901478767395
v -0.038715001195669174 -0.0020000000949949026 -0.048213500529527664
v -0.03916570171713829 -0.0020000000949949026 -0.05296219885349274
v -0.04283500090241432 -0.0020000000949949026 -0.05006460100412369
v -0.035241298377513885 -0.0020000000949949026 -0.05062919855117798
v -0.04605159908533096 -0.0020000000949949026 -0.04403740167617798
v -0.04975359886884689 -0.0020000000949949026 -0.04461570084095001
v -0.046503301709890366 -0.0020000000949949026 -0.047976501286029816
v -0.04238329827785492 -0.0020000000949949026 -0.04612540081143379
v -0.05024610087275505 -0.0020000000949949026 -0.037458598613739014
v -0.051850900053977966 -0.0020000000949949026 -0.04132629930973053
v -0.054624300450086594 -0.0020000000949949026 -0.03756219893693924
v -0.04814879968762398 -0.0020000000949949026 -0.040748000144958496
v -0.05465419963002205 -0.0020000000949949026 -0.030195800587534904
v -0.05907529965043068 -0.0020000000949949026 -0.029830599203705788
v -0.05682830139994621 -0.0020000000949949026 -0.03393080085515976
v -0.05245019868016243 -0.0020000000949949026 -0.033827200531959534
v -0.057431600987911224 -0.0020000000949949026 -0.022161299362778664
v -0.06046399846673012 -0.0020000000949949026 -0.025813400745391846
v -0.06214439868927002 -0.0020000000949949026 -0.02145029976963997
v -0.05604289844632149 -0.0020000000949949026 -0.026178499683737755
v -0.060139499604701996 -0.0020000000949949026 -0.014161599799990654
v -0.06349830329418182 -0.0020000000949949026 -0.017450399696826935
v -0.06458219885826111 -0.0020000000949949026 -0.012902299873530865
v -0.05878549814224243 -0.0020000000949949026 -0.01816139928996563
v -0.062416501343250275 -0.0020000000949949026 -0.00561913987621665
v -0.06572069972753525 -0.0020000000949949026 -0.008631099946796894
v -0.061278000473976135 -0.0020000000949949026 -0.009890340268611908
v -0.06618870049715042 -0.0020000000949949026 -0.0039790901355445385
v -0.06388019770383835 -0.0020000000949949026 0.0018979699816554785
v -0.06692060083150864 -0.0020000000949949026 -0.00022053699649404734
v -0.06676430255174637 -0.0020000000949949026 0.004452339839190245
v -0.06314829736948013 -0.0020000000949949026 -0.001860580057837069
v -0.061248600482940674 -0.0020000000949949026 0.009219990111887455
v -0.06467089802026749 -0.0020000000949949026 0.012723700143396854
v -0.06544850021600723 -0.0020000000949949026 0.00811333954334259
v -0.06256440281867981 -0.0020000000949949026 0.0055589801631867886
v -0.057067401707172394 -0.0020000000949949026 0.017977500334382057
v -0.06258030235767365 -0.0020000000949949026 0.017102500423789024
v -0.061195001006126404 -0.0020000000949949026 0.021568000316619873
v -0.059158001095056534 -0.0020000000949949026 0.013598700053989887
v -0.05701629817485809 -0.0020000000949949026 0.026689300313591957
v -0.06116950139403343 -0.0020000000949949026 0.025923900306224823
v -0.057041898369789124 -0.0020000000949949026 0.022333400323987007
v -0.059201400727033615 -0.0020000000949949026 0.03016499988734722
v -0.052658699452877045 -0.0020000000949949026 0.03296549990773201
v -0.054506801068782806 -0.0020000000949949026 0.03724399954080582
v -0.05702260136604309 -0.0020000000949949026 0.03330310061573982
v -0.05483749881386757 -0.0020000000949949026 0.02982739917933941
v -0.047614701092243195 -0.0020000000949949026 0.03966649994254112
v -0.04896619915962219 -0.0020000000949949026 0.044165000319480896
v -0.05198479816317558 -0.0020000000949949026 0.04059449955821037
v -0.05013670027256012 -0.0020000000949949026 0.036315999925136566
v -0.04153820127248764 -0.0020000000949949026 0.045628100633621216
v -0.045927900820970535 -0.0020000000949949026 0.04714579880237579
v -0.042460400611162186 -0.0020000000949949026 0.05028200149536133
v -0.0445764996111393 -0.0020000000949949026 0.04264729842543602
v -0.034944698214530945 -0.0020000000949949026 0.05090560019016266
v -0.03916360065340996 -0.0020000000949949026 0.05292079970240593
v -0.035308901220560074 -0.0020000000949949026 0.05556679889559746
v -0.03824149817228317 -0.0020000000949949026 0.04826679825782776
v -0.02989340014755726 -0.0020000000949949026 0.05589799955487251
v -0.02861030027270317 -0.0020000000949949026 0.06017180159687996
v -0.032783299684524536 -0.0020000000949949026 0.05806310102343559
v -0.032419100403785706 -0.0020000000949949026 0.053401801735162735
v -0.019104400649666786 -0.0020000000949949026 0.06073110178112984
v -0.023188799619674683 -0.0020000000949949026 0.055282898247241974
v -0.023215800523757935 -0.0020000000949949026 0.06258829683065414
v -0.025257999077439308 -0.0020000000949949026 0.05986420065164566
v -0.02114659920334816 -0.0020000000949949026 0.058006998151540756
v -0.026541100814938545 -0.0020000000949949026 0.05559049919247627
v -0.01879899948835373 -0.0020000000949949026 0.06412199884653091
v -0.01229880005121231 -0.0020000000949949026 0.06050819903612137
v -0.01539629977196455 -0.0020000000949949026 0.06401050090789795
v -0.010814500041306019 -0.0020000000949949026 0.06494180113077164
v -0.015701599419116974 -0.0020000000949949026 0.06061970070004463
v -0.008820409886538982 -0.0020000000949949026 0.06180889904499054
v -0.040886200964450836 -0.0020000000949949026 -0.0374050997197628
v -0.0434689000248909 -0.0020000000949949026 -0.04072120040655136
v -0.045566100627183914 -0.0020000000949949026 -0.03743179887533188
v -0.04721729829907417 -0.0020000000949949026 -0.03104729950428009
v -0.04873169958591461 -0.0020000000949949026 -0.03425290063023567
v -0.05093580111861229 -0.0020000000949949026 -0.030621599406003952
v -0.044051799923181534 -0.0020000000949949026 -0.034226201474666595
v 0.04766250029206276 -0.0020000000949949026 0.027906300500035286
v 0.04986349865794182 -0.0020000000949949026 0.030723800882697105
v 0.051536399871110916 -0.0020000000949949026 0.02722799964249134
v 0.042778801172971725 -0.0020000000949949026 0.03458480164408684
v 0.04742170125246048 -0.0020000000949949026 0.034063100814819336
v 0.04586289823055267 -0.0020000000949949026 0.03745479881763458
v 0.04522069916129112 -0.0020000000949949026 0.031245600432157516
v -0.03283330053091049 -0.0020000000949949026 0.04177840054035187
v -0.03718569874763489 -0.0020000000949949026 0.04370329901576042
v -0.03388899937272072 -0.0020000000949949026 0.04634200036525726
v -0.02486010082066059 -0.0020000000949949026 0.04759269952774048
v -0.029902400448918343 -0.0020000000949949026 0.04924910143017769
v -0.027376800775527954 -0.0020000000949949026 0.051745399832725525
v -0.028846699744462967 -0.0020000000949949026 0.04468550160527229
v 0.03169789910316467 -0.0020000000949949026 -0.043952301144599915
v 0.03553749993443489 -0.0020000000949949026 -0.04623749852180481
v 0.03158219903707504 -0.0020000000949949026 -0.04853909835219383
v 0.023513400927186012 -0.0020000000949949026 -0.04836909845471382
v 0.027489999309182167 -0.0020000000949949026 -0.050747498869895935
v 0.027605600655078888 -0.0020000000949949026 -0.04616070166230202
v 0.023460300639271736 -0.0020000000949949026 -0.052901800721883774
v -0.05617130175232887 -0.0020000000949949026 0.0007473140140064061
v -0.0587100014090538 -0.0020000000949949026 0.004983650054782629
v -0.06002580001950264 -0.0020000000949949026 0.0013226399896666408
v -0.053872399032115936 -0.0020000000949949026 0.009131429716944695
v -0.055021900683641434 -0.0020000000949949026 0.004939369857311249
v -0.057560499757528305 -0.0020000000949949026 0.009175710380077362
v -0.055469900369644165 -0.0020000000949949026 0.013554500415921211
v 0.05515430122613907 -0.0020000000949949026 -0.00925248023122549
v 0.05885440111160278 -0.0020000000949949026 -0.0077940598130226135
v 0.05769160017371178 -0.0020000000949949026 -0.011863100342452526
v 0.050168298184871674 -0.0020000000949949026 -0.015852900221943855
v 0.05519850179553032 -0.0020000000949949026 -0.0151632996276021
v 0.05266129970550537 -0.0020000000949949026 -0.012552700005471706
v 0.053754501044750214 -0.0020000000949949026 -0.01928810030221939
v 0.016752399504184723 -0.0020000000949949026 0.05124890059232712
v 0.014525599777698517 -0.0020000000949949026 0.05587859824299812
v 0.01842069998383522 -0.0020000000949949026 0.05549129843711853
v 0.007862850092351437 -0.0020000000949949026 0.05443039909005165
v 0.010080800391733646 -0.0020000000949949026 0.05746930092573166
v 0.007075939793139696 -0.0020000000949949026 0.05892860144376755
v 0.012307600118219852 -0.0020000000949949026 0.052839599549770355
v -0.008580080233514309 -0.0020000000949949026 -0.0562639981508255
v -0.008594789542257786 -0.0020000000949949026 -0.05988730117678642
v -0.012343400157988071 -0.0020000000949949026 -0.05830579996109009
v -0.016672100871801376 -0.0020000000949949026 -0.052104800939559937
v -0.016389399766921997 -0.0020000000949949026 -0.056226201355457306
v -0.012626100331544876 -0.0020000000949949026 -0.05418439954519272
v -0.020387999713420868 -0.0020000000949949026 -0.05468690022826195
v -0.05043239891529083 -0.0020000000949949026 -0.014687900431454182
v -0.05393199995160103 -0.0020000000949949026 -0.01842460036277771
v -0.055285900831222534 -0.0020000000949949026 -0.014424700289964676
v -0.05538799986243248 -0.0020000000949949026 -0.008260459639132023
v -0.05776369944214821 -0.0020000000949949026 -0.011211000382900238
v -0.052910201251506805 -0.0020000000949949026 -0.01147419959306717
v -0.05890220031142235 -0.0020000000949949026 -0.00693979999050498
v 0.0056169601157307625 -0.0020000000949949026 -0.05496770143508911
v 0.007346719969063997 -0.0020000000949949026 -0.05822090059518814
v 0.0025459600146859884 -0.0020000000949949026 -0.05804380029439926
v 0.01442639995366335 -0.0020000000949949026 -0.05354560166597366
v 0.01175140030682087 -0.0020000000949949026 -0.05750979855656624
v 0.010021699592471123 -0.0020000000949949026 -0.05425659939646721
v 0.015557699836790562 -0.0020000000949949026 -0.05742320045828819
v 0.0398050993680954 -0.0020000000949949026 -0.039778098464012146
v 0.04465340077877045 -0.0020000000949949026 -0.03814220055937767
v 0.042906299233436584 -0.0020000000949949026 -0.04214939847588539
v 0.04815030097961426 -0.0020000000949949026 -0.02558940090239048
v 0.04882600158452988 -0.0020000000949949026 -0.031047800555825233
v 0.05182430148124695 -0.0020000000949949026 -0.027989700436592102
v 0.04034839943051338 -0.0020000000949949026 -0.030428599566221237
v 0.04007669910788536 -0.0020000000949949026 -0.03510339930653572
v 0.04492500051856041 -0.0020000000949949026 -0.03346740081906319
v 0.04424929991364479 -0.0020000000949949026 -0.028008999302983284
v -0.015281899832189083 -0.0020000000949949026 0.0518869012594223
v -0.017193200066685677 -0.0020000000949949026 0.05630899965763092
v -0.013790399767458439 -0.0020000000949949026 0.056197501718997955
v -0.0063447002321481705 -0.0020000000949949026 0.054997898638248444
v -0.01081329956650734 -0.0020000000949949026 0.05344239994883537
v -0.009321769699454308 -0.0020000000949949026 0.057753100991249084
v -0.005843339953571558 -0.0020000000949949026 0.059053801000118256
v 0.025293799117207527 -0.0020000000949949026 0.04513460025191307
v 0.033845800906419754 -0.0020000000949949026 0.04040279984474182
v 0.029569799080491066 -0.0020000000949949026 0.0427686981856823
v 0.03427030146121979 -0.0020000000949949026 0.045395299792289734
v 0.029994400218129158 -0.0020000000949949026 0.04776120185852051
v 0.03810169920325279 -0.0020000000949949026 0.042616698890924454
v 0.02550330013036728 -0.0020000000949949026 0.04985539987683296
v -0.04838860034942627 -0.0020000000949949026 0.024272499606013298
v -0.045229800045490265 -0.0020000000949949026 0.032308898866176605
v -0.04680920019745827 -0.0020000000949949026 0.028290700167417526
v -0.048944201320409775 -0.0020000000949949026 0.03263720124959946
v -0.05052369832992554 -0.0020000000949949026 0.02861900068819523
v -0.05270250141620636 -0.0020000000949949026 0.025480899959802628
v -0.04642229899764061 -0.0020000000949949026 0.03598770126700401
v 0.055764999240636826 -0.0020000000949949026 0.004731370136141777
v 0.05832520127296448 -0.0020000000949949026 0.007500729989260435
v 0.05925409868359566 -0.0020000000949949026 0.003400760004296899
v 0.050374601036310196 -0.0020000000949949026 0.011479400098323822
v 0.055629998445510864 -0.0020000000949949026 0.010874699801206589
v 0.053895898163318634 -0.0020000000949949026 0.014792400412261486
v 0.05306980013847351 -0.0020000000949949026 0.008105370216071606
v -0.03248180076479912 -0.0020000000949949026 -0.0424996018409729
v -0.03212469816207886 -0.0020000000949949026 -0.04777219891548157
v -0.035598400980234146 -0.0020000000949949026 -0.04535660147666931
v -0.039800599217414856 -0.0020000000949949026 -0.04280930012464523
v -0.03668399900197983 -0.0020000000949949026 -0.03995240107178688
v 0.03959110006690025 -0.0020000000949949026 -0.044150400906801224
v 0.035751499235630035 -0.0020000000949949026 -0.04186519980430603
v 0.02359900064766407 -0.0020000000949949026 -0.03914019837975502
v 0.03186370059847832 -0.0020000000949949026 -0.034729499369859695
v 0.027648400515317917 -0.0020000000949949026 -0.04154619947075844
v 0.031780801713466644 -0.0020000000949949026 -0.039340898394584656
v 0.02773129940032959 -0.0020000000949949026 -0.03693480044603348
v 0.02355620078742504 -0.0020000000949949026 -0.04375459998846054
v 0.03583440184593201 -0.0020000000949949026 -0.03725380077958107
v 0.015426100231707096 -0.0020000000949949026 -0.04364370182156563
v 0.018969900906085968 -0.0020000000949949026 -0.05095729976892471
v 0.019469700753688812 -0.0020000000949949026 -0.046006400138139725
v 0.014926300384104252 -0.0020000000949949026 -0.048594698309898376
v 0.01951250061392784 -0.0020000000949949026 -0.041391901671886444
v 0.018916800618171692 -0.0020000000949949026 -0.055490098893642426
v 0.023774800822138786 -0.0020000000949949026 -0.02980010025203228
v 0.023686900734901428 -0.0020000000949949026 -0.034470200538635254
v 0.027819199487566948 -0.0020000000949949026 -0.03226479887962341
v 0.015588900074362755 -0.0020000000949949026 -0.03431079909205437
v 0.019593900069594383 -0.0020000000949949026 -0.036725498735904694
v 0.0196819007396698 -0.0020000000949949026 -0.03205550089478493
v 0.015507499687373638 -0.0020000000949949026 -0.03897729888558388
v 0.006806650198996067 -0.0020000000949949026 -0.047686100006103516
v 0.010616499930620193 -0.0020000000949949026 -0.05061579868197441
v 0.011116400361061096 -0.0020000000949949026 -0.04566489905118942
v 0.007332750130444765 -0.0020000000949949026 -0.03873559832572937
v 0.011460799723863602 -0.0020000000949949026 -0.03652320057153702
v 0.01137940026819706 -0.0020000000949949026 -0.04118970036506653
v 0.007069699931889772 -0.0020000000949949026 -0.04321080073714256
v 0.007578069809824228 -0.0020000000949949026 -0.029483800753951073
v 0.011583499610424042 -0.0020000000949949026 -0.031897298991680145
v 0.007455409970134497 -0.0020000000949949026 -0.034109700471162796
v 0.01576399989426136 -0.0020000000949949026 -0.024965500459074974
v 0.015676500275731087 -0.0020000000949949026 -0.029638199135661125
v 0.019769400358200073 -0.0020000000949949026 -0.027382800355553627
v 0.011671099811792374 -0.0020000000949949026 -0.027224700897932053
v 0.023951200768351555 -0.0020000000949949026 -0.02044760063290596
v 0.03203649818897247 -0.0020000000949949026 -0.02534879930317402
v 0.02386300079524517 -0.0020000000949949026 -0.025123899802565575
v 0.027905600145459175 -0.0020000000949949026 -0.02757450006902218
v 0.02799380011856556 -0.0020000000949949026 -0.022898200899362564
v 0.031950101256370544 -0.0020000000949949026 -0.03003920055925846
v 0.019857600331306458 -0.0020000000949949026 -0.02270659990608692
v 0.007757079787552357 -0.0020000000949949026 -0.020134899765253067
v 0.015943799167871475 -0.0020000000949949026 -0.015616299584507942
v 0.011760599911212921 -0.0020000000949949026 -0.022550199180841446
v 0.015853900462388992 -0.0020000000949949026 -0.020290900021791458
v 0.011850399896502495 -0.0020000000949949026 -0.01787560060620308
v 0.01994750089943409 -0.0020000000949949026 -0.018031900748610497
v 0.0076675801537930965 -0.0020000000949949026 -0.024809300899505615
v -0.0004295220132917166 -0.0020000000949949026 -0.024653499945998192
v -0.0006147000240162015 -0.0020000000949949026 -0.03399080038070679
v -0.000522111018653959 -0.0020000000949949026 -0.029322199523448944
v 0.0034816900733858347 -0.0020000000949949026 -0.031737301498651505
v 0.0035742800682783127 -0.0020000000949949026 -0.027068600058555603
v 0.0036637799348682165 -0.0020000000949949026 -0.022394200786948204
v 0.0033590300008654594 -0.0020000000949949026 -0.03636319935321808
v -0.00024961799499578774 -0.0020000000949949026 -0.015304300002753735
v -0.00033956998959183693 -0.0020000000949949026 -0.019978899508714676
v 0.003753730095922947 -0.0020000000949949026 -0.017719600349664688
v 0.007937089540064335 -0.0020000000949949026 -0.01078569982200861
v 0.007847090251743793 -0.0020000000949949026 -0.015460300259292126
v 0.011940499767661095 -0.0020000000949949026 -0.013201000168919563
v 0.0038437400944530964 -0.0020000000949949026 -0.013044999912381172
v 0.016123799607157707 -0.0020000000949949026 -0.0062670400366187096
v 0.024130599573254585 -0.0020000000949949026 -0.011097799986600876
v 0.016033800318837166 -0.0020000000949949026 -0.010941700078547001
v 0.020037200301885605 -0.0020000000949949026 -0.013357000425457954
v 0.020127199590206146 -0.0020000000949949026 -0.008682399988174438
v 0.02404090017080307 -0.0020000000949949026 -0.015772700309753418
v 0.01203049998730421 -0.0020000000949949026 -0.008526359684765339
v -6.952320109121501e-05 -0.0020000000949949026 -0.005955080036073923
v 0.003933790139853954 -0.0020000000949949026 -0.008370369672775269
v -0.00015957100549712777 -0.0020000000949949026 -0.010629699565470219
v 0.008117199875414371 -0.0020000000949949026 -0.0014364400412887335
v 0.004023840185254812 -0.0020000000949949026 -0.0036957599222660065
v 0.008027150295674801 -0.0020000000949949026 -0.006111050024628639
v 0.012120500206947327 -0.0020000000949949026 -0.0038517399225383997
v -0.008436329662799835 -0.0020000000949949026 -0.019822899252176285
v -0.004342969972640276 -0.0020000000949949026 -0.017563600093126297
v -0.004432919900864363 -0.0020000000949949026 -0.022238200530409813
v -0.008256250061094761 -0.0020000000949949026 -0.010473700240254402
v -0.004252930171787739 -0.0020000000949949026 -0.012888999655842781
v -0.004162880126386881 -0.0020000000949949026 -0.008214389905333519
v -0.008346290327608585 -0.0020000000949949026 -0.015148299746215343
v -0.008076139725744724 -0.0020000000949949026 -0.001124480040743947
v -0.004072830080986023 -0.0020000000949949026 -0.0035397799219936132
v -0.008166199550032616 -0.0020000000949949026 -0.005799090024083853
v 0.0001105859992094338 -0.0020000000949949026 0.0033941599540412426
v 0.004113900009542704 -0.0020000000949949026 0.000978861004114151
v 2.0531300833681598e-05 -0.0020000000949949026 -0.0012804600410163403
v -0.003982780035585165 -0.0020000000949949026 0.0011348399566486478
v 0.016303900629281998 -0.0020000000949949026 0.003082199953496456
v 0.012210600078105927 -0.0020000000949949026 0.0008228800143115222
v 0.016213899478316307 -0.0020000000949949026 -0.0015924200415611267
v 0.008297310210764408 -0.0020000000949949026 0.007912799715995789
v 0.012300600297749043 -0.0020000000949949026 0.005497499834746122
v 0.008207259699702263 -0.0020000000949949026 0.0032381799537688494
v 0.0042039500549435616 -0.0020000000949949026 0.005653480067849159
v 0.0002906960144173354 -0.0020000000949949026 0.012743400409817696
v -0.007896030321717262 -0.0020000000949949026 0.008224760182201862
v -0.003802669933065772 -0.0020000000949949026 0.010484100319445133
v -0.00389271997846663 -0.0020000000949949026 0.005809459835290909
v 0.0002006410068133846 -0.0020000000949949026 0.008068780414760113
v 0.004294009879231453 -0.0020000000949949026 0.010328100062906742
v -0.007986090146005154 -0.0020000000949949026 0.003550139954313636
v -0.016262900084257126 -0.0020000000949949026 -0.005643120035529137
v -0.01225959975272417 -0.0020000000949949026 -0.00805841013789177
v -0.01216949988156557 -0.0020000000949949026 -0.00338379992172122
v -0.016082800924777985 -0.0020000000949949026 0.003706119954586029
v -0.012079499661922455 -0.0020000000949949026 0.001290819956921041
v -0.016172800213098526 -0.0020000000949949026 -0.0009684980032034218
v -0.011989399790763855 -0.0020000000949949026 0.005965440068393946
v -0.007715919986367226 -0.0020000000949949026 0.017573999240994453
v -0.007805979810655117 -0.0020000000949949026 0.012899399735033512
v -0.0037126101087778807 -0.0020000000949949026 0.015158699825406075
v -0.015902699902653694 -0.0020000000949949026 0.013055399991571903
v -0.011899299919605255 -0.0020000000949949026 0.01064009964466095
v -0.015992699190974236 -0.0020000000949949026 0.008380739949643612
v -0.011809299699962139 -0.0020000000949949026 0.015314700081944466
v 0.00047080699005164206 -0.0020000000949949026 0.022092599421739578
v -0.0036225600633770227 -0.0020000000949949026 0.01983330026268959
v 0.00038075100746937096 -0.0020000000949949026 0.01741800084710121
v 0.008477429859340191 -0.0020000000949949026 0.01726200059056282
v 0.004384059924632311 -0.0020000000949949026 0.015002699568867683
v 0.0083873700350523 -0.0020000000949949026 0.012587400153279305
v 0.0044741202145814896 -0.0020000000949949026 0.0196773000061512
v -0.024089399725198746 -0.0020000000949949026 0.008536719717085361
v -0.024269500747323036 -0.0020000000949949026 -0.0008125170134007931
v -0.024179400876164436 -0.0020000000949949026 0.0038620999548584223
v -0.020176099613308907 -0.0020000000949949026 0.0014467999571934342
v -0.020086100324988365 -0.0020000000949949026 0.006121419835835695
v -0.019996000453829765 -0.0020000000949949026 0.010796000249683857
v -0.020266199484467506 -0.0020000000949949026 -0.003227819921448827
v -0.015722500160336494 -0.0020000000949949026 0.02240459993481636
v -0.01171919982880354 -0.0020000000949949026 0.01998930051922798
v -0.015812600031495094 -0.0020000000949949026 0.017729999497532845
v -0.007535810116678476 -0.0020000000949949026 0.026923200115561485
v -0.007625869940966368 -0.0020000000949949026 0.02224859967827797
v -0.0035325000062584877 -0.0020000000949949026 0.024507900699973106
v -0.011629199609160423 -0.0020000000949949026 0.02466389909386635
v 0.008657540194690228 -0.0020000000949949026 0.02661130018532276
v 0.00456416979432106 -0.0020000000949949026 0.024351900443434715
v 0.008567480370402336 -0.0020000000949949026 0.021936599165201187
v 0.0006494380068033934 -0.0020000000949949026 0.031432200223207474
v -0.0034431898966431618 -0.0020000000949949026 0.029177699238061905
v 0.0005601220182143152 -0.0020000000949949026 0.026762399822473526
v 0.004653490148484707 -0.0020000000949949026 0.029021799564361572
v -0.024449599906802177 -0.0020000000949949026 -0.010161800310015678
v -0.016442999243736267 -0.0020000000949949026 -0.014992300420999527
v -0.020356200635433197 -0.0020000000949949026 -0.00790243037045002
v -0.020446300506591797 -0.0020000000949949026 -0.012577000074088573
v -0.016352899372577667 -0.0020000000949949026 -0.010317699983716011
v -0.024359500035643578 -0.0020000000949949026 -0.005487130023539066
v -0.012349599972367287 -0.0020000000949949026 -0.012733000330626965
v 0.01648399978876114 -0.0020000000949949026 0.012431399896740913
v 0.01666419953107834 -0.0020000000949949026 0.021780699491500854
v 0.01657409965991974 -0.0020000000949949026 0.01710600033402443
v 0.012570800259709358 -0.0020000000949949026 0.019521299749612808
v 0.012480700388550758 -0.0020000000949949026 0.014846700243651867
v 0.0126607995480299 -0.0020000000949949026 0.024196000769734383
v 0.012390700168907642 -0.0020000000949949026 0.010172099806368351
v -0.03245620056986809 -0.0020000000949949026 -0.0053311497904360294
v -0.03226260095834732 -0.0020000000949949026 0.004018680192530155
v -0.028362900018692017 -0.0020000000949949026 -0.0030718299094587564
v -0.028266100212931633 -0.0020000000949949026 0.0016030799597501755
v -0.032359398901462555 -0.0020000000949949026 -0.0006562360213138163
v -0.028176000341773033 -0.0020000000949949026 0.006277699954807758
v -0.028452899307012558 -0.0020000000949949026 -0.007746450137346983
v -0.0320701003074646 -0.0020000000949949026 0.013367800042033195
v -0.03216639906167984 -0.0020000000949949026 0.008693239651620388
v -0.028079699724912643 -0.0020000000949949026 0.010952300392091274
v -0.023906400427222252 -0.0020000000949949026 0.017885899171233177
v -0.023997899144887924 -0.0020000000949949026 0.013211299665272236
v -0.027988199144601822 -0.0020000000949949026 0.015626899898052216
v -0.019904499873518944 -0.0020000000949949026 0.015470700338482857
v -0.03263629972934723 -0.0020000000949949026 -0.014680399559438229
v -0.024629700928926468 -0.0020000000949949026 -0.01951099932193756
v -0.02863300032913685 -0.0020000000949949026 -0.017095699906349182
v -0.024539699777960777 -0.0020000000949949026 -0.01483639981597662
v -0.028542999178171158 -0.0020000000949949026 -0.01242110040038824
v -0.020536299794912338 -0.0020000000949949026 -0.017251700162887573
v -0.03254630044102669 -0.0020000000949949026 -0.010005800053477287
v 0.01684430055320263 -0.0020000000949949026 0.031129900366067886
v 0.00883764959871769 -0.0020000000949949026 0.035960499197244644
v 0.012841000221669674 -0.0020000000949949026 0.033545199781656265
v 0.008747589774429798 -0.0020000000949949026 0.03128590062260628
v 0.012750900350511074 -0.0020000000949949026 0.02887059934437275
v 0.01675420068204403 -0.0020000000949949026 0.02645529992878437
v 0.004743540193885565 -0.0020000000949949026 0.03369639813899994
v 0.02467080019414425 -0.0020000000949949026 0.016950100660324097
v 0.02057740092277527 -0.0020000000949949026 0.01469079963862896
v 0.02066750079393387 -0.0020000000949949026 0.019365400075912476
v 0.02485089935362339 -0.0020000000949949026 0.02629929967224598
v 0.02084759995341301 -0.0020000000949949026 0.028714599087834358
v 0.02075750008225441 -0.0020000000949949026 0.02404000051319599
v 0.02476079948246479 -0.0020000000949949026 0.021624699234962463
v -0.015542400069534779 -0.0020000000949949026 0.03175380080938339
v -0.011539099738001823 -0.0020000000949949026 0.029338499531149864
v -0.015632500872015953 -0.0020000000949949026 0.027079200372099876
v -0.00735569978132844 -0.0020000000949949026 0.036272499710321426
v -0.007445760071277618 -0.0020000000949949026 0.031597800552845
v -0.011449100449681282 -0.0020000000949949026 0.03401309996843338
v -0.0033531300723552704 -0.0020000000949949026 0.03385230153799057
v -0.04046279937028885 -0.0020000000949949026 -0.0005005560233257711
v -0.04064299911260605 -0.0020000000949949026 -0.009849789552390575
v -0.04055289924144745 -0.0020000000949949026 -0.00517517002299428
v -0.03654960170388222 -0.0020000000949949026 -0.007590469904243946
v -0.03645950183272362 -0.0020000000949949026 -0.0029158499091863632
v -0.03663960099220276 -0.0020000000949949026 -0.01226510014384985
v -0.036362700164318085 -0.0020000000949949026 0.0017590599600225687
v -0.04109020158648491 -0.0020000000949949026 -0.019252300262451172
v -0.03281639888882637 -0.0020000000949949026 -0.024029599502682686
v -0.03695330023765564 -0.0020000000949949026 -0.021640900522470474
v -0.03272639960050583 -0.0020000000949949026 -0.01935500092804432
v -0.0368633009493351 -0.0020000000949949026 -0.01696630008518696
v -0.02872310020029545 -0.0020000000949949026 -0.021770300343632698
v -0.04086659848690033 -0.0020000000949949026 -0.014550999738276005
v -0.02480980008840561 -0.0020000000949949026 -0.028860200196504593
v -0.02881309948861599 -0.0020000000949949026 -0.026444900780916214
v -0.024719800800085068 -0.0020000000949949026 -0.024185599759221077
v -0.016623100265860558 -0.0020000000949949026 -0.024341600015759468
v -0.020626399666070938 -0.0020000000949949026 -0.02192630060017109
v -0.016533000394701958 -0.0020000000949949026 -0.019666999578475952
v -0.020716499537229538 -0.0020000000949949026 -0.026600899174809456
v 0.01702439971268177 -0.0020000000949949026 0.04047910124063492
v 0.01293100044131279 -0.0020000000949949026 0.03821979835629463
v 0.01693429984152317 -0.0020000000949949026 0.03580449894070625
v 0.02503100037574768 -0.0020000000949949026 0.03564849868416786
v 0.02102769911289215 -0.0020000000949949026 0.03806380182504654
v 0.02093759924173355 -0.0020000000949949026 0.033389199525117874
v 0.02494090050458908 -0.0020000000949949026 0.030973900109529495
v 0.0328575000166893 -0.0020000000949949026 0.02146870084106922
v 0.033183399587869644 -0.0020000000949949026 0.03090980090200901
v 0.03302039951086044 -0.0020000000949949026 0.026189200580120087
v 0.029017100110650063 -0.0020000000949949026 0.028604499995708466
v 0.02885420061647892 -0.0020000000949949026 0.0238840002566576
v 0.029107199981808662 -0.0020000000949949026 0.03327919915318489
v 0.02876410074532032 -0.0020000000949949026 0.019209399819374084
v 0.03267740085721016 -0.0020000000949949026 0.01211949996650219
v 0.02867409959435463 -0.0020000000949949026 0.014534800313413143
v 0.0327674001455307 -0.0020000000949949026 0.016794100403785706
v 0.02449069917201996 -0.0020000000949949026 0.007600840181112289
v 0.020487399771809578 -0.0020000000949949026 0.01001609954982996
v 0.02458070032298565 -0.0020000000949949026 0.01227550022304058
v 0.02858399972319603 -0.0020000000949949026 0.009860149584710598
v 0.008890120312571526 -0.0020000000949949026 0.0450982004404068
v 0.0008221539901569486 -0.0020000000949949026 0.040733400732278824
v 0.008863880299031734 -0.0020000000949949026 0.04052929952740669
v 0.0048561398871243 -0.0020000000949949026 0.04291579872369766
v 0.004829899873584509 -0.0020000000949949026 0.038346901535987854
v 0.000735795998480171 -0.0020000000949949026 0.03608280047774315
v 0.012957200407981873 -0.0020000000949949026 0.04278869926929474
v 0.04086409881711006 -0.0020000000949949026 0.016638100147247314
v 0.03677079826593399 -0.0020000000949949026 0.014378800056874752
v 0.03686080127954483 -0.0020000000949949026 0.019053399562835693
v 0.04077589884400368 -0.0020000000949949026 0.025517599657177925
v 0.03681670129299164 -0.0020000000949949026 0.023493099957704544
v 0.03697960078716278 -0.0020000000949949026 0.028213700279593468
v 0.04081999883055687 -0.0020000000949949026 0.021077800542116165
v 0.03249730169773102 -0.0020000000949949026 0.0027702399529516697
v 0.02849400043487549 -0.0020000000949949026 0.005185539834201336
v 0.03258730098605156 -0.0020000000949949026 0.007444850169122219
v 0.04068399965763092 -0.0020000000949949026 0.007288869936019182
v 0.03659059852361679 -0.0020000000949949026 0.005029560066759586
v 0.03668069839477539 -0.0020000000949949026 0.009704169817268848
v 0.04077409952878952 -0.0020000000949949026 0.011963499709963799
v 0.02115909941494465 -0.0020000000949949026 0.042806901037693024
v 0.02516240067780018 -0.0020000000949949026 0.040391601622104645
v 0.01688840053975582 -0.0020000000949949026 0.04586400091648102
v 0.012821200303733349 -0.0020000000949949026 0.04817349836230278
v 0.0210231002420187 -0.0020000000949949026 0.048191700130701065
v -0.03286129981279373 -0.0020000000949949026 -0.033146899193525314
v -0.0288356002420187 -0.0020000000949949026 -0.031003599986433983
v -0.03283889964222908 -0.0020000000949949026 -0.028588300570845604
v -0.04071719944477081 -0.0020000000949949026 -0.02800929918885231
v -0.04090369865298271 -0.0020000000949949026 -0.02363079972565174
v -0.03676680102944374 -0.0020000000949949026 -0.026019500568509102
v -0.03678920120000839 -0.0020000000949949026 -0.030578099191188812
v -0.024910900741815567 -0.0020000000949949026 -0.03807850182056427
v -0.02888610027730465 -0.0020000000949949026 -0.03561269864439964
v -0.024860400706529617 -0.0020000000949949026 -0.0334693007171154
v -0.0168031994253397 -0.0020000000949949026 -0.03369079902768135
v -0.020857099443674088 -0.0020000000949949026 -0.03588460013270378
v -0.02080650068819523 -0.0020000000949949026 -0.03127549961209297
v -0.0167130995541811 -0.0020000000949949026 -0.029016200453042984
v 0.04905090108513832 -0.0020000000949949026 0.02115670032799244
v 0.04561939835548401 -0.0020000000949949026 0.014058699831366539
v 0.04971269890666008 -0.0020000000949949026 0.016318099573254585
v 0.04495749995112419 -0.0020000000949949026 0.018897399306297302
v 0.044913399964571 -0.0020000000949949026 0.02333720028400421
v 0.04552929848432541 -0.0020000000949949026 0.009384130127727985
v 0.04050390049815178 -0.0020000000949949026 -0.0020603600423783064
v 0.03650059923529625 -0.0020000000949949026 0.0003549389948602766
v 0.04059400036931038 -0.0020000000949949026 0.0026142599526792765
v 0.048489999026060104 -0.0020000000949949026 0.0021257400512695312
v 0.04458700120449066 -0.0020000000949949026 0.0047073098830878735
v 0.04449699819087982 -0.0020000000949949026 3.269259832450189e-05
v 0.04943230003118515 -0.0020000000949949026 0.006802559830248356
v 0.024310600012540817 -0.0020000000949949026 -0.00174840004183352
v 0.03231719881296158 -0.0020000000949949026 -0.006579000037163496
v 0.02840390056371689 -0.0020000000949949026 0.0005109200137667358
v 0.028313899412751198 -0.0020000000949949026 -0.00416370015591383
v 0.03240720182657242 -0.0020000000949949026 -0.0019043800421059132
v 0.03641049936413765 -0.0020000000949949026 -0.004319679923355579
v 0.02440059930086136 -0.0020000000949949026 0.002926219953224063
v 0.04851049929857254 -0.0020000000949949026 -0.0068909600377082825
v 0.04450720176100731 -0.0020000000949949026 -0.004475660156458616
v 0.04850029945373535 -0.0020000000949949026 -0.0023826099932193756
v 0.04032380133867264 -0.0020000000949949026 -0.011409600265324116
v 0.03632050007581711 -0.0020000000949949026 -0.008994289673864841
v 0.04041380062699318 -0.0020000000949949026 -0.006734979804605246
v 0.04441719874739647 -0.0020000000949949026 -0.009150279685854912
v 0.04177730157971382 -0.0020000000949949026 0.030051199719309807
v 0.037981100380420685 -0.0020000000949949026 0.0327472984790802
v 0.03831230103969574 -0.0020000000949949026 0.03749379888176918
v 0.0335146002471447 -0.0020000000949949026 0.03565629944205284
v 0.029438400641083717 -0.0020000000949949026 0.03802569955587387
v -0.04840090125799179 -0.0020000000949949026 -0.0048384699039161205
v -0.04452190175652504 -0.0020000000949949026 -0.007344129960983992
v -0.04941669851541519 -0.0020000000949949026 -0.009763159789144993
v -0.04553769901394844 -0.0020000000949949026 -0.012268800288438797
v -0.0444318987429142 -0.0020000000949949026 -0.0026695099659264088
v -0.04576129838824272 -0.0020000000949949026 -0.01697009988129139
v -0.04020180180668831 -0.0020000000949949026 0.008852270431816578
v -0.04798400029540062 -0.0020000000949949026 0.004351609852164984
v -0.044092901051044464 -0.0020000000949949026 0.006601939909160137
v -0.04422340169548988 -0.0020000000949949026 0.0019255300285294652
v -0.04033229872584343 -0.0020000000949949026 0.004175859969109297
v -0.036232199519872665 -0.0020000000949949026 0.00643547996878624
v -0.048192400485277176 -0.0020000000949949026 -0.0002434310008538887
v 0.03213709965348244 -0.0020000000949949026 -0.015928300097584724
v 0.03222709894180298 -0.0020000000949949026 -0.011253600008785725
v 0.03623040020465851 -0.0020000000949949026 -0.013668900355696678
v 0.028133800253272057 -0.0020000000949949026 -0.013512999750673771
v 0.028223900124430656 -0.0020000000949949026 -0.008838379755616188
v 0.024220600724220276 -0.0020000000949949026 -0.006423079874366522
v 0.0401436984539032 -0.0020000000949949026 -0.02075890079140663
v 0.045155998319387436 -0.0020000000949949026 -0.01830589957535267
v 0.045246001332998276 -0.0020000000949949026 -0.013631200417876244
v 0.04023370146751404 -0.0020000000949949026 -0.016084199771285057
v 0.03614040091633797 -0.0020000000949949026 -0.018343599513173103
v 0.04933939874172211 -0.0020000000949949026 -0.011371900327503681
v -0.008619549684226513 -0.0020000000949949026 -0.029164699837565422
v -0.012529700063169003 -0.0020000000949949026 -0.02208230085670948
v -0.012621300294995308 -0.0020000000949949026 -0.026753099635243416
v -0.008527940139174461 -0.0020000000949949026 -0.024493800476193428
v -0.012711400166153908 -0.0020000000949949026 -0.03142780065536499
v -0.012439699843525887 -0.0020000000949949026 -0.017407599836587906
v -0.008810469880700111 -0.0020000000949949026 -0.03848860040307045
v -0.017066599801182747 -0.0020000000949949026 -0.042843401432037354
v -0.012806800194084644 -0.0020000000949949026 -0.0360896997153759
v -0.016934899613261223 -0.0020000000949949026 -0.0382670983672142
v -0.012938600033521652 -0.0020000000949949026 -0.04066599905490875
v -0.0087150102481246 -0.0020000000949949026 -0.03382670134305954
v -0.02098879963159561 -0.0020000000949949026 -0.04046089947223663
v -0.023729199543595314 -0.0020000000949949026 0.027235200628638268
v -0.019725900143384933 -0.0020000000949949026 0.02481989935040474
v -0.023817799985408783 -0.0020000000949949026 0.02256060019135475
v -0.019814500585198402 -0.0020000000949949026 0.020145300775766373
v -0.019635800272226334 -0.0020000000949949026 0.029494499787688255
v -0.024010000750422478 -0.0020000000949949026 0.03692150115966797
v -0.019776200875639915 -0.0020000000949949026 0.03433769941329956
v -0.023869600147008896 -0.0020000000949949026 0.032078299671411514
v -0.015362299978733063 -0.0020000000949949026 0.041103098541498184
v -0.015452399849891663 -0.0020000000949949026 0.03642839938402176
v -0.011358999647200108 -0.0020000000949949026 0.038687799125909805
v -0.019686199724674225 -0.0020000000949949026 0.039012301713228226
v -0.03173289820551872 -0.0020000000949949026 0.032065801322460175
v -0.027730999514460564 -0.0020000000949949026 0.029650500044226646
v -0.027871500700712204 -0.0020000000949949026 0.03449359908699989
v -0.03189869970083237 -0.0020000000949949026 0.022716499865055084
v -0.031815800815820694 -0.0020000000949949026 0.02739120088517666
v -0.027813900262117386 -0.0020000000949949026 0.02497589960694313
v -0.027902500703930855 -0.0020000000949949026 0.020301200449466705
v -0.003266769926995039 -0.0020000000949949026 0.038502901792526245
v -0.007101189810782671 -0.0020000000949949026 0.045486900955438614
v -0.007228449918329716 -0.0020000000949949026 0.04087970033288002
v -0.003139520063996315 -0.0020000000949949026 0.04311009868979454
v -0.011231799609959126 -0.0020000000949949026 0.0432949997484684
v -0.020111199468374252 -0.0020000000949949026 0.04434790089726448
v -0.01532210037112236 -0.0020000000949949026 0.04649500176310539
v -0.02007099986076355 -0.0020000000949949026 0.04973980039358139
v -0.024435000494122505 -0.0020000000949949026 0.042257100343704224
v -0.011191600002348423 -0.0020000000949949026 0.04868689924478531
v -0.0067229499109089375 -0.0020000000949949026 0.05024240165948868
v 0.000921395025216043 -0.0020000000949949026 0.049695201218128204
v -0.0030898998957127333 -0.0020000000949949026 0.04759100079536438
v -0.0027116499841213226 -0.0020000000949949026 0.052346501499414444
v 0.0008717749733477831 -0.0020000000949949026 0.045214299112558365
v -0.032671600580215454 -0.0020000000949949026 -0.03782330080866814
v -0.028696399182081223 -0.0020000000949949026 -0.04028899967670441
v -0.024922600015997887 -0.0020000000949949026 -0.04761499911546707
v -0.028702199459075928 -0.0020000000949949026 -0.045057300478219986
v -0.024916699156165123 -0.0020000000949949026 -0.04284669831395149
v -0.020994599908590317 -0.0020000000949949026 -0.04522920027375221
v -0.020797299221158028 -0.0020000000949949026 -0.049859900027513504
v -0.016869399696588516 -0.0020000000949949026 -0.047474101185798645
v -0.008993280120193958 -0.0020000000949949026 -0.047498300671577454
v -0.013030000030994415 -0.0020000000949949026 -0.045170798897743225
v -0.008901869878172874 -0.0020000000949949026 -0.04299340024590492
v -0.0128327002748847 -0.0020000000949949026 -0.04980149865150452
v -0.0007934310124255717 -0.0020000000949949026 -0.04328630119562149
v -0.004712579771876335 -0.0020000000949949026 -0.03623969852924347
v -0.004801949951797724 -0.0020000000949949026 -0.040887501090765
v -0.0007040660129860044 -0.0020000000949949026 -0.03863859921693802
v -0.004893349949270487 -0.0020000000949949026 -0.04539230093359947
v -0.004617129918187857 -0.0020000000949949026 -0.03157779946923256
v 0.00837648008018732 -0.0020000000949949026 0.049764301627874374
v 0.0043921200558543205 -0.0020000000949949026 0.05206279829144478
v 0.004905759822577238 -0.0020000000949949026 0.0473967008292675
v 0.036090098321437836 -0.0020000000949949026 -0.02305389940738678
v 0.032086800783872604 -0.0020000000949949026 -0.0206385999917984
v 0.02804410085082054 -0.0020000000949949026 -0.018187999725341797
v 0.04414699971675873 -0.0020000000949949026 -0.02317420020699501
v 0.049159299582242966 -0.0020000000949949026 -0.02072110027074814
v 0.04024599865078926 -0.0020000000949949026 -0.025593699887394905
v 0.0361923985183239 -0.0020000000949949026 -0.027888700366020203
v 0.020397299900650978 -0.0020000000949949026 0.005341520067304373
v 0.020307200029492378 -0.0020000000949949026 0.000666900014039129
v 0.020217200741171837 -0.0020000000949949026 -0.004007719922810793
v -0.0011738899629563093 -0.0020000000949949026 -0.05194469913840294
v -0.008786680176854134 -0.0020000000949949026 -0.0518811009824276
v -0.0048769800923764706 -0.0020000000949949026 -0.05410429835319519
v -0.005083580035716295 -0.0020000000949949026 -0.049721501767635345
v -0.0009836599929258227 -0.0020000000949949026 -0.047615498304367065
v 0.0032696600537747145 -0.0020000000949949026 -0.04101090133190155
v 0.0030066100880503654 -0.0020000000949949026 -0.0454862006008625
v 0.002816380001604557 -0.0020000000949949026 -0.049815401434898376
v -0.05207759886980057 -0.0020000000949949026 0.0025494599249213934
v -0.05228609964251518 -0.0020000000949949026 -0.0020455799531191587
v -0.055779699236154556 -0.0020000000949949026 -0.003756569931283593
v -0.051894500851631165 -0.0020000000949949026 -0.006549459882080555
v 0.056331899017095566 -0.0020000000949949026 -0.002288490068167448
v 0.052411001175642014 -0.0020000000949949026 -8.137120312312618e-05
v 0.0524212010204792 -0.0020000000949949026 -0.0045897201634943485
v 0.056048501282930374 -0.0020000000949949026 0.0012214400339871645
v 0.052127499133348465 -0.0020000000949949026 0.003428559983149171
v -0.024513300508260727 -0.0020000000949949026 -0.052441999316215515
v -0.028345100581645966 -0.0020000000949949026 -0.05032990127801895
v -0.04775090143084526 -0.0020000000949949026 0.013674899935722351
v -0.043976400047540665 -0.0020000000949949026 0.011263599619269371
v -0.04786739870905876 -0.0020000000949949026 0.009013259783387184
v -0.05081170052289963 -0.0020000000949949026 0.011403200216591358
v -0.05092820152640343 -0.0020000000949949026 0.006741520017385483
v -0.039999399334192276 -0.0020000000949949026 0.0181977991014719
v -0.04010060057044029 -0.0020000000949949026 0.013524999842047691
v -0.03613600134849548 -0.0020000000949949026 0.011110000312328339
v -0.03603469952940941 -0.0020000000949949026 0.015782799571752548
v -0.04387519881129265 -0.0020000000949949026 0.01593630015850067
v -0.04419400170445442 -0.0020000000949949026 0.02123510092496872
v -0.048069801181554794 -0.0020000000949949026 0.0189737007021904
v -0.052409201860427856 -0.0020000000949949026 0.01582619920372963
v -0.05272800102829933 -0.0020000000949949026 0.021124999970197678
v -0.03992249816656113 -0.0020000000949949026 0.02754710055887699
v -0.04415560141205788 -0.0020000000949949026 0.025909800082445145
v -0.03996099904179573 -0.0020000000949949026 0.022872500121593475
v -0.03198440000414848 -0.0020000000949949026 0.018042199313640594
v -0.03594899922609329 -0.0020000000949949026 0.020457200706005096
v -0.03591059893369675 -0.0020000000949949026 0.025131799280643463
v 0.006211800035089254 -0.0020000000949949026 -0.051326900720596313
v 0.002221530070528388 -0.0020000000949949026 -0.053456198424100876
v -0.004552559927105904 -0.0020000000949949026 -0.058691900223493576
v -0.00084946199785918 -0.0020000000949949026 -0.056532301008701324
v 0.021232599392533302 -0.0020000000949949026 0.052912600338459015
v -0.059293899685144424 -0.0020000000949949026 -0.0024359100498259068
v -0.04900979995727539 -0.0020000000949949026 -0.023717699572443962
v -0.04972109943628311 -0.0020000000949949026 -0.01920280046761036
v -0.045049998909235 -0.0020000000949949026 -0.02148500084877014
v -0.05322070047259331 -0.0020000000949949026 -0.022939499467611313
v 0.051832400262355804 -0.0020000000949949026 -0.0080717196688056
v 0.05274549871683121 -0.0020000000949949026 -0.024156399071216583
v 0.03610600158572197 -0.0020000000949949026 -0.032579101622104645
v -0.042576100677251816 -0.0020000000949949026 0.029928000643849373
v -0.039742399007081985 -0.0020000000949949026 0.03689640015363693
v -0.039832498878240585 -0.0020000000949949026 0.032221801578998566
v -0.042486101388931274 -0.0020000000949949026 0.03460270166397095
v -0.035827700048685074 -0.0020000000949949026 0.029806500300765038
v -0.03573770076036453 -0.0020000000949949026 0.03448110073804855
v -0.0192354004830122 -0.0020000000949949026 0.05358489975333214
v -0.024024400860071182 -0.0020000000949949026 0.051437798887491226
v -0.02842159941792488 -0.0020000000949949026 0.0393499992787838
v 0.04256819933652878 -0.0020000000949949026 0.03970770165324211
v -0.004524540156126022 -0.0020000000949949026 -0.026909099891781807
v 0.016394000500440598 -0.0020000000949949026 0.007756819948554039
v -0.032283101230859756 -0.0020000000949949026 0.03692210093140602
v -0.03628779947757721 -0.0020000000949949026 0.0393374003469944
v -0.040640298277139664 -0.0020000000949949026 0.041262298822402954
v -0.04367860034108162 -0.0020000000949949026 0.03828139975667
v -0.002842700108885765 -0.0020000000949949026 0.05705050006508827
v 0.0007903460063971579 -0.0020000000949949026 0.05439919978380203
v 0.004261069931089878 -0.0020000000949949026 0.056766800582408905
v -0.0448634997010231 -0.0020000000949949026 -0.02586350031197071
v -0.04811359941959381 -0.0020000000949949026 -0.0273825004696846
v -0.04396729916334152 -0.0020000000949949026 -0.0295282993465662
v -0.05183200165629387 -0.0020000000949949026 -0.026956699788570404
v -0.036873698234558105 -0.0020000000949949026 -0.03527599945664406
v -0.040801700204610825 -0.0020000000949949026 -0.032707199454307556
v 0.05574309825897217 -0.0020000000949949026 -0.005770479794591665
v 0.05953750014305115 -0.0020000000949949026 -0.000109171996882651
v 0.05944319814443588 -0.0020000000949949026 -0.0043120598420500755
v 0.04421919956803322 -0.0020000000949949026 0.026711899787187576
v 0.04835670068860054 -0.0020000000949949026 0.024531500414013863
v 0.05223049968481064 -0.0020000000949949026 0.023853199556469917
v 0.053233999758958817 -0.0020000000949949026 0.019631100818514824

g grp1
usemtl mtl1
f 1 4 6 
f 4 2 5 
f 6 5 3 
f 5 6 4 
f 2 4 9 
f 4 1 8 
f 9 8 7 
f 8 9 4 
f 10 11 12 
f 11 1 6 
f 12 6 3 
f 6 12 11 
f 1 14 8 
f 14 13 15 
f 8 15 7 
f 15 8 14 
f 16 19 21 
f 19 17 20 
f 21 20 18 
f 20 21 19 
f 17 19 24 
f 19 16 23 
f 24 23 22 
f 23 24 19 
f 17 26 20 
f 26 25 27 
f 20 27 18 
f 27 20 26 
f 28 29 30 
f 29 17 24 
f 30 24 22 
f 24 30 29 
f 2 33 35 
f 33 31 34 
f 35 34 32 
f 34 35 33 
f 31 33 38 
f 33 2 37 
f 38 37 36 
f 37 38 33 
f 2 35 5 
f 35 32 39 
f 5 39 3 
f 39 5 35 
f 36 37 40 
f 37 2 9 
f 40 9 7 
f 9 40 37 
f 41 43 45 
f 43 31 44 
f 45 44 42 
f 44 45 43 
f 31 43 48 
f 43 41 47 
f 48 47 46 
f 47 48 43 
f 32 34 49 
f 34 31 48 
f 49 48 46 
f 48 49 34 
f 31 38 44 
f 38 36 50 
f 44 50 42 
f 50 44 38 
f 51 53 55 
f 53 41 54 
f 55 54 52 
f 54 55 53 
f 41 53 58 
f 53 51 57 
f 58 57 56 
f 57 58 53 
f 52 54 59 
f 54 41 45 
f 59 45 42 
f 45 59 54 
f 41 58 47 
f 58 56 60 
f 47 60 46 
f 60 47 58 
f 61 63 65 
f 63 51 64 
f 65 64 62 
f 64 65 63 
f 51 63 68 
f 63 61 67 
f 68 67 66 
f 67 68 63 
f 51 55 64 
f 55 52 69 
f 64 69 62 
f 69 64 55 
f 56 57 70 
f 57 51 68 
f 70 68 66 
f 68 70 57 
f 71 73 75 
f 73 61 74 
f 75 74 72 
f 74 75 73 
f 61 73 78 
f 73 71 77 
f 78 77 76 
f 77 78 73 
f 72 74 79 
f 74 61 65 
f 79 65 62 
f 65 79 74 
f 61 78 67 
f 78 76 80 
f 67 80 66 
f 80 67 78 
f 71 83 85 
f 83 81 84 
f 85 84 82 
f 84 85 83 
f 81 83 88 
f 83 71 87 
f 88 87 86 
f 87 88 83 
f 71 75 87 
f 75 72 89 
f 87 89 86 
f 89 87 75 
f 76 77 90 
f 77 71 85 
f 90 85 82 
f 85 90 77 
f 81 93 95 
f 93 91 94 
f 95 94 92 
f 94 95 93 
f 91 93 98 
f 93 81 97 
f 98 97 96 
f 97 98 93 
f 81 95 84 
f 95 92 99 
f 84 99 82 
f 99 84 95 
f 96 97 100 
f 97 81 88 
f 100 88 86 
f 88 100 97 
f 91 102 104 
f 102 16 103 
f 104 103 101 
f 103 104 102 
f 16 102 107 
f 102 91 106 
f 107 106 105 
f 106 107 102 
f 92 94 108 
f 94 91 104 
f 108 104 101 
f 104 108 94 
f 91 98 106 
f 98 96 109 
f 106 109 105 
f 109 106 98 
f 101 103 110 
f 103 16 21 
f 110 21 18 
f 21 110 103 
f 16 107 23 
f 107 105 111 
f 23 111 22 
f 111 23 107 
f 112 114 116 
f 114 10 115 
f 116 115 113 
f 115 116 114 
f 117 119 121 
f 119 10 120 
f 121 120 118 
f 120 121 119 
f 10 119 115 
f 119 117 122 
f 115 122 113 
f 122 115 119 
f 123 124 125 
f 124 10 12 
f 125 12 3 
f 12 125 124 
f 10 124 120 
f 124 123 126 
f 120 126 118 
f 126 120 124 
f 13 128 130 
f 128 112 129 
f 130 129 127 
f 129 130 128 
f 127 129 133 
f 129 112 132 
f 133 132 131 
f 132 133 129 
f 131 132 136 
f 132 112 135 
f 136 135 134 
f 135 136 132 
f 134 135 137 
f 135 112 116 
f 137 116 113 
f 116 137 135 
f 13 130 140 
f 130 127 139 
f 140 139 138 
f 139 140 130 
f 13 140 143 
f 140 138 142 
f 143 142 141 
f 142 143 140 
f 13 143 15 
f 143 141 144 
f 15 144 7 
f 144 15 143 
f 25 147 149 
f 147 145 148 
f 149 148 146 
f 148 149 147 
f 25 149 27 
f 149 146 150 
f 27 150 18 
f 150 27 149 
f 145 153 155 
f 153 151 154 
f 155 154 152 
f 154 155 153 
f 146 148 156 
f 148 145 155 
f 156 155 152 
f 155 156 148 
f 151 159 161 
f 159 157 160 
f 161 160 158 
f 160 161 159 
f 151 161 154 
f 161 158 162 
f 154 162 152 
f 162 154 161 
f 157 165 167 
f 165 163 166 
f 167 166 164 
f 166 167 165 
f 158 160 168 
f 160 157 167 
f 168 167 164 
f 167 168 160 
f 163 171 173 
f 171 169 172 
f 173 172 170 
f 172 173 171 
f 164 166 174 
f 166 163 173 
f 174 173 170 
f 173 174 166 
f 169 177 179 
f 177 175 178 
f 179 178 176 
f 178 179 177 
f 169 179 172 
f 179 176 180 
f 172 180 170 
f 180 172 179 
f 175 183 185 
f 183 181 184 
f 185 184 182 
f 184 185 183 
f 176 178 186 
f 178 175 185 
f 186 185 182 
f 185 186 178 
f 181 189 191 
f 189 187 190 
f 191 190 188 
f 190 191 189 
f 182 184 192 
f 184 181 191 
f 192 191 188 
f 191 192 184 
f 187 195 197 
f 195 193 196 
f 197 196 194 
f 196 197 195 
f 187 197 190 
f 197 194 198 
f 190 198 188 
f 198 190 197 
f 193 201 203 
f 201 199 202 
f 203 202 200 
f 202 203 201 
f 194 196 204 
f 196 193 203 
f 204 203 200 
f 203 204 196 
f 199 207 209 
f 207 205 208 
f 209 208 206 
f 208 209 207 
f 199 209 202 
f 209 206 210 
f 202 210 200 
f 210 202 209 
f 205 213 215 
f 213 211 214 
f 215 214 212 
f 214 215 213 
f 206 208 216 
f 208 205 215 
f 216 215 212 
f 215 216 208 
f 211 219 221 
f 219 217 220 
f 221 220 218 
f 220 221 219 
f 211 221 214 
f 221 218 222 
f 214 222 212 
f 222 214 221 
f 217 225 227 
f 225 223 226 
f 227 226 224 
f 226 227 225 
f 218 220 228 
f 220 217 227 
f 228 227 224 
f 227 228 220 
f 223 231 233 
f 231 229 232 
f 233 232 230 
f 232 233 231 
f 223 233 226 
f 233 230 234 
f 226 234 224 
f 234 226 233 
f 229 237 239 
f 237 235 238 
f 239 238 236 
f 238 239 237 
f 230 232 240 
f 232 229 239 
f 240 239 236 
f 239 240 232 
f 235 243 245 
f 243 241 244 
f 245 244 242 
f 244 245 243 
f 235 245 238 
f 245 242 246 
f 238 246 236 
f 246 238 245 
f 241 249 251 
f 249 247 250 
f 251 250 248 
f 250 251 249 
f 242 244 252 
f 244 241 251 
f 252 251 248 
f 251 252 244 
f 247 255 257 
f 255 253 256 
f 257 256 254 
f 256 257 255 
f 247 257 250 
f 257 254 258 
f 250 258 248 
f 258 250 257 
f 253 261 263 
f 261 259 262 
f 263 262 260 
f 262 263 261 
f 254 256 264 
f 256 253 263 
f 264 263 260 
f 263 264 256 
f 259 267 269 
f 267 265 268 
f 269 268 266 
f 268 269 267 
f 259 269 262 
f 269 266 270 
f 262 270 260 
f 270 262 269 
f 265 273 275 
f 273 271 274 
f 275 274 272 
f 274 275 273 
f 266 268 276 
f 268 265 275 
f 276 275 272 
f 275 276 268 
f 271 279 281 
f 279 277 280 
f 281 280 278 
f 280 281 279 
f 271 281 274 
f 281 278 282 
f 274 282 272 
f 282 274 281 
f 277 285 287 
f 285 283 286 
f 287 286 284 
f 286 287 285 
f 278 280 288 
f 280 277 287 
f 288 287 284 
f 287 288 280 
f 283 291 293 
f 291 289 292 
f 293 292 290 
f 292 293 291 
f 283 293 286 
f 293 290 294 
f 286 294 284 
f 294 286 293 
f 289 297 299 
f 297 295 298 
f 299 298 296 
f 298 299 297 
f 290 292 300 
f 292 289 299 
f 300 299 296 
f 299 300 292 
f 295 303 305 
f 303 301 304 
f 305 304 302 
f 304 305 303 
f 295 305 298 
f 305 302 306 
f 298 306 296 
f 306 298 305 
f 301 309 311 
f 309 307 310 
f 311 310 308 
f 310 311 309 
f 302 304 312 
f 304 301 311 
f 312 311 308 
f 311 312 304 
f 307 315 317 
f 315 313 316 
f 317 316 314 
f 316 317 315 
f 307 317 310 
f 317 314 318 
f 310 318 308 
f 318 310 317 
f 313 321 323 
f 321 319 322 
f 323 322 320 
f 322 323 321 
f 314 316 324 
f 316 313 323 
f 324 323 320 
f 323 324 316 
f 319 327 329 
f 327 325 328 
f 329 328 326 
f 328 329 327 
f 319 329 322 
f 329 326 330 
f 322 330 320 
f 330 322 329 
f 325 333 335 
f 333 331 334 
f 335 334 332 
f 334 335 333 
f 326 328 336 
f 328 325 335 
f 336 335 332 
f 335 336 328 
f 331 339 341 
f 339 337 340 
f 341 340 338 
f 340 341 339 
f 331 341 334 
f 341 338 342 
f 334 342 332 
f 342 334 341 
f 337 345 347 
f 345 343 346 
f 347 346 344 
f 346 347 345 
f 338 340 348 
f 340 337 347 
f 348 347 344 
f 347 348 340 
f 343 351 353 
f 351 349 352 
f 353 352 350 
f 352 353 351 
f 343 353 346 
f 353 350 354 
f 346 354 344 
f 354 346 353 
f 349 357 359 
f 357 355 358 
f 359 358 356 
f 358 359 357 
f 350 352 360 
f 352 349 359 
f 360 359 356 
f 359 360 352 
f 355 363 365 
f 363 361 364 
f 365 364 362 
f 364 365 363 
f 355 365 358 
f 365 362 366 
f 358 366 356 
f 366 358 365 
f 361 369 371 
f 369 367 370 
f 371 370 368 
f 370 371 369 
f 362 364 372 
f 364 361 371 
f 372 371 368 
f 371 372 364 
f 367 375 377 
f 375 373 376 
f 377 376 374 
f 376 377 375 
f 368 370 378 
f 370 367 377 
f 378 377 374 
f 377 378 370 
f 373 381 383 
f 381 379 382 
f 383 382 380 
f 382 383 381 
f 373 383 376 
f 383 380 384 
f 376 384 374 
f 384 376 383 
f 379 387 389 
f 387 385 388 
f 389 388 386 
f 388 389 387 
f 380 382 390 
f 382 379 389 
f 390 389 386 
f 389 390 382 
f 385 393 395 
f 393 391 394 
f 395 394 392 
f 394 395 393 
f 396 397 398 
f 397 385 395 
f 398 395 392 
f 395 398 397 
f 385 397 388 
f 397 396 399 
f 388 399 386 
f 399 388 397 
f 391 402 404 
f 402 400 403 
f 404 403 401 
f 403 404 402 
f 391 404 394 
f 404 401 405 
f 394 405 392 
f 405 394 404 
f 400 408 410 
f 408 406 409 
f 410 409 407 
f 409 410 408 
f 401 403 411 
f 403 400 410 
f 411 410 407 
f 410 411 403 
f 406 413 415 
f 413 28 414 
f 415 414 412 
f 414 415 413 
f 406 415 409 
f 415 412 416 
f 409 416 407 
f 416 409 415 
f 412 414 417 
f 414 28 30 
f 417 30 22 
f 30 417 414 
f 52 59 420 
f 59 42 419 
f 420 419 418 
f 419 420 59 
f 62 69 423 
f 69 52 422 
f 423 422 421 
f 422 423 69 
f 52 420 422 
f 420 418 424 
f 422 424 421 
f 424 422 420 
f 56 70 427 
f 70 66 426 
f 427 426 425 
f 426 427 70 
f 56 427 430 
f 427 425 429 
f 430 429 428 
f 429 430 427 
f 56 430 60 
f 430 428 431 
f 60 431 46 
f 431 60 430 
f 332 342 434 
f 342 338 433 
f 434 433 432 
f 433 434 342 
f 432 433 437 
f 433 338 436 
f 437 436 435 
f 436 437 433 
f 338 348 436 
f 348 344 438 
f 436 438 435 
f 438 436 348 
f 439 440 441 
f 440 218 228 
f 441 228 224 
f 228 441 440 
f 218 440 444 
f 440 439 443 
f 444 443 442 
f 443 444 440 
f 212 222 445 
f 222 218 444 
f 445 444 442 
f 444 445 222 
f 314 447 318 
f 447 446 448 
f 318 448 308 
f 448 318 447 
f 446 447 451 
f 447 314 450 
f 451 450 449 
f 450 451 447 
f 314 324 454 
f 324 320 453 
f 454 453 452 
f 453 454 324 
f 314 454 450 
f 454 452 455 
f 450 455 449 
f 455 450 454 
f 456 458 460 
f 458 242 459 
f 460 459 457 
f 459 460 458 
f 242 458 246 
f 458 456 461 
f 246 461 236 
f 461 246 458 
f 242 252 459 
f 252 248 462 
f 459 462 457 
f 462 459 252 
f 463 465 467 
f 465 362 466 
f 467 466 464 
f 466 467 465 
f 362 465 366 
f 465 463 468 
f 366 468 356 
f 468 366 465 
f 362 372 471 
f 372 368 470 
f 471 470 469 
f 470 471 372 
f 464 466 472 
f 466 362 471 
f 472 471 469 
f 471 472 466 
f 194 204 475 
f 204 200 474 
f 475 474 473 
f 474 475 204 
f 188 198 478 
f 198 194 477 
f 478 477 476 
f 477 478 198 
f 194 475 477 
f 475 473 479 
f 477 479 476 
f 479 477 475 
f 266 276 482 
f 276 272 481 
f 482 481 480 
f 481 482 276 
f 260 270 485 
f 270 266 484 
f 485 484 483 
f 484 485 270 
f 483 484 486 
f 484 266 482 
f 486 482 480 
f 482 486 484 
f 487 489 491 
f 489 290 490 
f 491 490 488 
f 490 491 489 
f 290 489 294 
f 489 487 492 
f 294 492 284 
f 492 294 489 
f 290 300 490 
f 300 296 493 
f 490 493 488 
f 493 490 300 
f 380 496 498 
f 496 494 497 
f 498 497 495 
f 497 498 496 
f 494 496 499 
f 496 380 390 
f 499 390 386 
f 390 499 496 
f 380 498 384 
f 498 495 500 
f 384 500 374 
f 500 384 498 
f 501 503 505 
f 503 176 504 
f 505 504 502 
f 504 505 503 
f 176 503 180 
f 503 501 506 
f 180 506 170 
f 506 180 503 
f 176 186 509 
f 186 182 508 
f 509 508 507 
f 508 509 186 
f 176 509 504 
f 509 507 510 
f 504 510 502 
f 510 504 509 
f 127 133 513 
f 133 131 512 
f 513 512 511 
f 512 513 133 
f 138 139 516 
f 139 127 515 
f 516 515 514 
f 515 516 139 
f 127 513 515 
f 513 511 517 
f 515 517 514 
f 517 515 513 
f 511 512 520 
f 512 131 519 
f 520 519 518 
f 519 520 512 
f 518 519 523 
f 519 131 522 
f 523 522 521 
f 522 523 519 
f 131 136 522 
f 136 134 524 
f 522 524 521 
f 524 522 136 
f 141 142 527 
f 142 138 526 
f 527 526 525 
f 526 527 142 
f 138 516 530 
f 516 514 529 
f 530 529 528 
f 529 530 516 
f 525 526 531 
f 526 138 530 
f 531 530 528 
f 530 531 526 
f 511 520 534 
f 520 518 533 
f 534 533 532 
f 533 534 520 
f 511 534 537 
f 534 532 536 
f 537 536 535 
f 536 537 534 
f 514 517 538 
f 517 511 537 
f 538 537 535 
f 537 538 517 
f 532 533 541 
f 533 518 540 
f 541 540 539 
f 540 541 533 
f 539 540 544 
f 540 518 543 
f 544 543 542 
f 543 544 540 
f 542 543 545 
f 543 518 523 
f 545 523 521 
f 523 545 543 
f 532 541 548 
f 541 539 547 
f 548 547 546 
f 547 548 541 
f 532 548 551 
f 548 546 550 
f 551 550 549 
f 550 551 548 
f 532 551 536 
f 551 549 552 
f 536 552 535 
f 552 536 551 
f 539 544 555 
f 544 542 554 
f 555 554 553 
f 554 555 544 
f 539 555 558 
f 555 553 557 
f 558 557 556 
f 557 558 555 
f 546 547 559 
f 547 539 558 
f 559 558 556 
f 558 559 547 
f 553 554 562 
f 554 542 561 
f 562 561 560 
f 561 562 554 
f 560 561 565 
f 561 542 564 
f 565 564 563 
f 564 565 561 
f 542 545 564 
f 545 521 566 
f 564 566 563 
f 566 564 545 
f 553 562 569 
f 562 560 568 
f 569 568 567 
f 568 569 562 
f 553 569 572 
f 569 567 571 
f 572 571 570 
f 571 572 569 
f 553 572 557 
f 572 570 573 
f 557 573 556 
f 573 557 572 
f 567 568 576 
f 568 560 575 
f 576 575 574 
f 575 576 568 
f 574 575 579 
f 575 560 578 
f 579 578 577 
f 578 579 575 
f 577 578 580 
f 578 560 565 
f 580 565 563 
f 565 580 578 
f 72 583 585 
f 583 581 584 
f 585 584 582 
f 584 585 583 
f 581 583 588 
f 583 72 587 
f 588 587 586 
f 587 588 583 
f 86 89 589 
f 89 72 585 
f 589 585 582 
f 585 589 89 
f 72 79 587 
f 79 62 590 
f 587 590 586 
f 590 587 79 
f 76 90 593 
f 90 82 592 
f 593 592 591 
f 592 593 90 
f 66 80 596 
f 80 76 595 
f 596 595 594 
f 595 596 80 
f 594 595 597 
f 595 76 593 
f 597 593 591 
f 593 597 595 
f 549 550 600 
f 550 546 599 
f 600 599 598 
f 599 600 550 
f 598 599 603 
f 599 546 602 
f 603 602 601 
f 602 603 599 
f 546 559 602 
f 559 556 604 
f 602 604 601 
f 604 602 559 
f 549 600 607 
f 600 598 606 
f 607 606 605 
f 606 607 600 
f 549 607 610 
f 607 605 609 
f 610 609 608 
f 609 610 607 
f 535 552 611 
f 552 549 610 
f 611 610 608 
f 610 611 552 
f 3 39 614 
f 39 32 613 
f 614 613 612 
f 613 614 39 
f 32 49 617 
f 49 46 616 
f 617 616 615 
f 616 617 49 
f 32 617 613 
f 617 615 618 
f 613 618 612 
f 618 613 617 
f 36 620 622 
f 620 619 621 
f 622 621 418 
f 621 622 620 
f 619 620 625 
f 620 36 624 
f 625 624 623 
f 624 625 620 
f 42 50 419 
f 50 36 622 
f 419 622 418 
f 622 419 50 
f 36 40 624 
f 40 7 626 
f 624 626 623 
f 626 624 40 
f 605 606 629 
f 606 598 628 
f 629 628 627 
f 628 629 606 
f 627 628 632 
f 628 598 631 
f 632 631 630 
f 631 632 628 
f 630 631 633 
f 631 598 603 
f 633 603 601 
f 603 633 631 
f 605 629 636 
f 629 627 635 
f 636 635 634 
f 635 636 629 
f 605 636 639 
f 636 634 638 
f 639 638 637 
f 638 639 636 
f 605 639 609 
f 639 637 640 
f 609 640 608 
f 640 609 639 
f 567 576 643 
f 576 574 642 
f 643 642 641 
f 642 643 576 
f 570 571 646 
f 571 567 645 
f 646 645 644 
f 645 646 571 
f 644 645 647 
f 645 567 643 
f 647 643 641 
f 643 647 645 
f 574 579 650 
f 579 577 649 
f 650 649 648 
f 649 650 579 
f 574 650 653 
f 650 648 652 
f 653 652 651 
f 652 653 650 
f 574 653 642 
f 653 651 654 
f 642 654 641 
f 654 642 653 
f 648 649 657 
f 649 577 656 
f 657 656 655 
f 656 657 649 
f 655 656 660 
f 656 577 659 
f 660 659 658 
f 659 660 656 
f 577 580 659 
f 580 563 661 
f 659 661 658 
f 661 659 580 
f 648 657 664 
f 657 655 663 
f 664 663 662 
f 663 664 657 
f 648 664 667 
f 664 662 666 
f 667 666 665 
f 666 667 664 
f 651 652 668 
f 652 648 667 
f 668 667 665 
f 667 668 652 
f 662 663 671 
f 663 655 670 
f 671 670 669 
f 670 671 663 
f 669 670 674 
f 670 655 673 
f 674 673 672 
f 673 674 670 
f 672 673 675 
f 673 655 660 
f 675 660 658 
f 660 675 673 
f 662 671 678 
f 671 669 677 
f 678 677 676 
f 677 678 671 
f 662 678 681 
f 678 676 680 
f 681 680 679 
f 680 681 678 
f 662 681 666 
f 681 679 682 
f 666 682 665 
f 682 666 681 
f 676 677 685 
f 677 669 684 
f 685 684 683 
f 684 685 677 
f 683 684 688 
f 684 669 687 
f 688 687 686 
f 687 688 684 
f 669 674 687 
f 674 672 689 
f 687 689 686 
f 689 687 674 
f 676 685 692 
f 685 683 691 
f 692 691 690 
f 691 692 685 
f 676 692 695 
f 692 690 694 
f 695 694 693 
f 694 695 692 
f 679 680 696 
f 680 676 695 
f 696 695 693 
f 695 696 680 
f 690 691 699 
f 691 683 698 
f 699 698 697 
f 698 699 691 
f 697 698 702 
f 698 683 701 
f 702 701 700 
f 701 702 698 
f 700 701 703 
f 701 683 688 
f 703 688 686 
f 688 703 701 
f 158 705 162 
f 705 704 706 
f 162 706 152 
f 706 162 705 
f 704 705 709 
f 705 158 708 
f 709 708 707 
f 708 709 705 
f 158 168 708 
f 168 164 710 
f 708 710 707 
f 710 708 168 
f 401 411 713 
f 411 407 712 
f 713 712 711 
f 712 713 411 
f 392 405 716 
f 405 401 715 
f 716 715 714 
f 715 716 405 
f 714 715 717 
f 715 401 713 
f 717 713 711 
f 713 717 715 
f 651 668 720 
f 668 665 719 
f 720 719 718 
f 719 720 668 
f 641 654 723 
f 654 651 722 
f 723 722 721 
f 722 723 654 
f 721 722 724 
f 722 651 720 
f 724 720 718 
f 720 724 722 
f 634 635 727 
f 635 627 726 
f 727 726 725 
f 726 727 635 
f 627 632 730 
f 632 630 729 
f 730 729 728 
f 729 730 632 
f 627 730 726 
f 730 728 731 
f 726 731 725 
f 731 726 730 
f 637 638 734 
f 638 634 733 
f 734 733 732 
f 733 734 638 
f 732 733 737 
f 733 634 736 
f 737 736 735 
f 736 737 733 
f 735 736 738 
f 736 634 727 
f 738 727 725 
f 727 738 736 
f 728 729 741 
f 729 630 740 
f 741 740 739 
f 740 741 729 
f 739 740 744 
f 740 630 743 
f 744 743 742 
f 743 744 740 
f 630 633 743 
f 633 601 745 
f 743 745 742 
f 745 743 633 
f 637 734 748 
f 734 732 747 
f 748 747 746 
f 747 748 734 
f 637 748 751 
f 748 746 750 
f 751 750 749 
f 750 751 748 
f 637 751 640 
f 751 749 752 
f 640 752 608 
f 752 640 751 
f 746 747 755 
f 747 732 754 
f 755 754 753 
f 754 755 747 
f 753 754 758 
f 754 732 757 
f 758 757 756 
f 757 758 754 
f 732 737 757 
f 737 735 759 
f 757 759 756 
f 759 757 737 
f 746 755 762 
f 755 753 761 
f 762 761 760 
f 761 762 755 
f 746 762 765 
f 762 760 764 
f 765 764 763 
f 764 765 762 
f 749 750 766 
f 750 746 765 
f 766 765 763 
f 765 766 750 
f 760 761 769 
f 761 753 768 
f 769 768 767 
f 768 769 761 
f 767 768 772 
f 768 753 771 
f 772 771 770 
f 771 772 768 
f 770 771 773 
f 771 753 758 
f 773 758 756 
f 758 773 771 
f 760 769 776 
f 769 767 775 
f 776 775 774 
f 775 776 769 
f 760 776 779 
f 776 774 778 
f 779 778 777 
f 778 779 776 
f 780 781 782 
f 781 760 779 
f 782 779 777 
f 779 782 781 
f 760 781 764 
f 781 780 783 
f 764 783 763 
f 783 764 781 
f 774 775 786 
f 775 767 785 
f 786 785 784 
f 785 786 775 
f 784 785 789 
f 785 767 788 
f 789 788 787 
f 788 789 785 
f 767 772 788 
f 772 770 790 
f 788 790 787 
f 790 788 772 
f 774 786 793 
f 786 784 792 
f 793 792 791 
f 792 793 786 
f 774 793 796 
f 793 791 795 
f 796 795 794 
f 795 796 793 
f 774 796 778 
f 796 794 797 
f 778 797 777 
f 797 778 796 
f 798 799 801 
f 799 350 800 
f 801 800 463 
f 800 801 799 
f 350 799 804 
f 799 798 803 
f 804 803 802 
f 803 804 799 
f 463 800 468 
f 800 350 360 
f 468 360 356 
f 360 468 800 
f 350 804 354 
f 804 802 805 
f 354 805 344 
f 805 354 804 
f 200 210 808 
f 210 206 807 
f 808 807 806 
f 807 808 210 
f 806 807 811 
f 807 206 810 
f 811 810 809 
f 810 811 807 
f 206 216 810 
f 216 212 812 
f 810 812 809 
f 812 810 216 
f 813 814 816 
f 814 278 815 
f 816 815 487 
f 815 816 814 
f 278 814 819 
f 814 813 818 
f 819 818 817 
f 818 819 814 
f 487 815 492 
f 815 278 288 
f 492 288 284 
f 288 492 815 
f 272 282 820 
f 282 278 819 
f 820 819 817 
f 819 820 282 
f 254 822 258 
f 822 821 823 
f 258 823 248 
f 823 258 822 
f 821 822 826 
f 822 254 825 
f 826 825 824 
f 825 826 822 
f 254 264 825 
f 264 260 827 
f 825 827 824 
f 827 825 264 
f 439 829 831 
f 829 230 830 
f 831 830 828 
f 830 831 829 
f 230 829 234 
f 829 439 441 
f 234 441 224 
f 441 234 829 
f 230 240 830 
f 240 236 832 
f 830 832 828 
f 832 830 240 
f 690 699 835 
f 699 697 834 
f 835 834 833 
f 834 835 699 
f 690 835 838 
f 835 833 837 
f 838 837 836 
f 837 838 835 
f 693 694 839 
f 694 690 838 
f 839 838 836 
f 838 839 694 
f 697 702 842 
f 702 700 841 
f 842 841 840 
f 841 842 702 
f 697 842 845 
f 842 840 844 
f 845 844 843 
f 844 845 842 
f 697 845 834 
f 845 843 846 
f 834 846 833 
f 846 834 845 
f 840 841 849 
f 841 700 848 
f 849 848 847 
f 848 849 841 
f 847 848 852 
f 848 700 851 
f 852 851 850 
f 851 852 848 
f 850 851 853 
f 851 700 703 
f 853 703 686 
f 703 853 851 
f 840 849 856 
f 849 847 855 
f 856 855 854 
f 855 856 849 
f 840 856 859 
f 856 854 858 
f 859 858 857 
f 858 859 856 
f 843 844 860 
f 844 840 859 
f 860 859 857 
f 859 860 844 
f 854 855 863 
f 855 847 862 
f 863 862 861 
f 862 863 855 
f 861 862 866 
f 862 847 865 
f 866 865 864 
f 865 866 862 
f 864 865 867 
f 865 847 852 
f 867 852 850 
f 852 867 865 
f 854 863 870 
f 863 861 869 
f 870 869 868 
f 869 870 863 
f 854 870 873 
f 870 868 872 
f 873 872 871 
f 872 873 870 
f 854 873 858 
f 873 871 874 
f 858 874 857 
f 874 858 873 
f 446 875 448 
f 875 302 312 
f 448 312 308 
f 312 448 875 
f 302 875 878 
f 875 446 877 
f 878 877 876 
f 877 878 875 
f 296 306 879 
f 306 302 878 
f 879 878 876 
f 878 879 306 
f 326 336 882 
f 336 332 881 
f 882 881 880 
f 881 882 336 
f 326 882 885 
f 882 880 884 
f 885 884 883 
f 884 885 882 
f 326 885 330 
f 885 883 886 
f 330 886 320 
f 886 330 885 
f 521 524 889 
f 524 134 888 
f 889 888 887 
f 888 889 524 
f 887 888 892 
f 888 134 891 
f 892 891 890 
f 891 892 888 
f 134 137 891 
f 137 113 893 
f 891 893 890 
f 893 891 137 
f 117 121 896 
f 121 118 895 
f 896 895 894 
f 895 896 121 
f 113 122 893 
f 122 117 897 
f 893 897 890 
f 897 893 122 
f 117 896 897 
f 896 894 898 
f 897 898 890 
f 898 897 896 
f 868 869 901 
f 869 861 900 
f 901 900 899 
f 900 901 869 
f 861 866 904 
f 866 864 903 
f 904 903 902 
f 903 904 866 
f 861 904 900 
f 904 902 905 
f 900 905 899 
f 905 900 904 
f 871 872 908 
f 872 868 907 
f 908 907 906 
f 907 908 872 
f 906 907 911 
f 907 868 910 
f 911 910 909 
f 910 911 907 
f 909 910 912 
f 910 868 901 
f 912 901 899 
f 901 912 910 
f 871 908 915 
f 908 906 914 
f 915 914 913 
f 914 915 908 
f 857 874 918 
f 874 871 917 
f 918 917 916 
f 917 918 874 
f 916 917 919 
f 917 871 915 
f 919 915 913 
f 915 919 917 
f 906 911 922 
f 911 909 921 
f 922 921 920 
f 921 922 911 
f 906 922 925 
f 922 920 924 
f 925 924 923 
f 924 925 922 
f 906 925 914 
f 925 923 926 
f 914 926 913 
f 926 914 925 
f 920 921 929 
f 921 909 928 
f 929 928 927 
f 928 929 921 
f 927 928 932 
f 928 909 931 
f 932 931 930 
f 931 932 928 
f 930 931 933 
f 931 909 912 
f 933 912 899 
f 912 933 931 
f 920 929 936 
f 929 927 935 
f 936 935 934 
f 935 936 929 
f 920 936 939 
f 936 934 938 
f 939 938 937 
f 938 939 936 
f 923 924 940 
f 924 920 939 
f 940 939 937 
f 939 940 924 
f 941 943 945 
f 943 679 944 
f 945 944 942 
f 944 945 943 
f 679 943 948 
f 943 941 947 
f 948 947 946 
f 947 948 943 
f 942 944 949 
f 944 679 696 
f 949 696 693 
f 696 949 944 
f 665 682 950 
f 682 679 948 
f 950 948 946 
f 948 950 682 
f 843 860 953 
f 860 857 952 
f 953 952 951 
f 952 953 860 
f 833 846 956 
f 846 843 955 
f 956 955 954 
f 955 956 846 
f 843 953 955 
f 953 951 957 
f 955 957 954 
f 957 955 953 
f 791 792 960 
f 792 784 959 
f 960 959 958 
f 959 960 792 
f 958 959 963 
f 959 784 962 
f 963 962 961 
f 962 963 959 
f 961 962 964 
f 962 784 789 
f 964 789 787 
f 789 964 962 
f 794 795 967 
f 795 791 966 
f 967 966 965 
f 966 967 795 
f 965 966 970 
f 966 791 969 
f 970 969 968 
f 969 970 966 
f 791 960 969 
f 960 958 971 
f 969 971 968 
f 971 969 960 
f 141 527 974 
f 527 525 973 
f 974 973 972 
f 973 974 527 
f 141 974 976 
f 974 972 975 
f 976 975 623 
f 975 976 974 
f 7 144 626 
f 144 141 976 
f 626 976 623 
f 976 626 144 
f 794 967 979 
f 967 965 978 
f 979 978 977 
f 978 979 967 
f 794 979 982 
f 979 977 981 
f 982 981 980 
f 981 982 979 
f 794 982 797 
f 982 980 983 
f 797 983 777 
f 983 797 982 
f 977 978 986 
f 978 965 985 
f 986 985 984 
f 985 986 978 
f 984 985 989 
f 985 965 988 
f 989 988 987 
f 988 989 985 
f 987 988 990 
f 988 965 970 
f 990 970 968 
f 970 990 988 
f 977 986 993 
f 986 984 992 
f 993 992 991 
f 992 993 986 
f 977 993 996 
f 993 991 995 
f 996 995 994 
f 995 996 993 
f 980 981 997 
f 981 977 996 
f 997 996 994 
f 996 997 981 
f 984 989 1000 
f 989 987 999 
f 1000 999 998 
f 999 1000 989 
f 984 1000 1003 
f 1000 998 1002 
f 1003 1002 1001 
f 1002 1003 1000 
f 991 992 1004 
f 992 984 1003 
f 1004 1003 1001 
f 1003 1004 992 
f 998 999 1007 
f 999 987 1006 
f 1007 1006 1005 
f 1006 1007 999 
f 1005 1006 1010 
f 1006 987 1009 
f 1010 1009 1008 
f 1009 1010 1006 
f 1008 1009 1011 
f 1009 987 990 
f 1011 990 968 
f 990 1011 1009 
f 998 1007 1014 
f 1007 1005 1013 
f 1014 1013 1012 
f 1013 1014 1007 
f 998 1014 1017 
f 1014 1012 1016 
f 1017 1016 1015 
f 1016 1017 1014 
f 998 1017 1002 
f 1017 1015 1018 
f 1002 1018 1001 
f 1018 1002 1017 
f 934 935 1021 
f 935 927 1020 
f 1021 1020 1019 
f 1020 1021 935 
f 927 932 1024 
f 932 930 1023 
f 1024 1023 1022 
f 1023 1024 932 
f 1019 1020 1025 
f 1020 927 1024 
f 1025 1024 1022 
f 1024 1025 1020 
f 934 1021 1028 
f 1021 1019 1027 
f 1028 1027 1026 
f 1027 1028 1021 
f 934 1028 1031 
f 1028 1026 1030 
f 1031 1030 1029 
f 1030 1031 1028 
f 934 1031 938 
f 1031 1029 1032 
f 938 1032 937 
f 1032 938 1031 
f 756 759 1035 
f 759 735 1034 
f 1035 1034 1033 
f 1034 1035 759 
f 735 738 1038 
f 738 725 1037 
f 1038 1037 1036 
f 1037 1038 738 
f 735 1038 1034 
f 1038 1036 1039 
f 1034 1039 1033 
f 1039 1034 1038 
f 728 741 1042 
f 741 739 1041 
f 1042 1041 1040 
f 1041 1042 741 
f 728 1042 1045 
f 1042 1040 1044 
f 1045 1044 1043 
f 1044 1045 1042 
f 728 1045 731 
f 1045 1043 1046 
f 731 1046 725 
f 1046 731 1045 
f 1040 1041 1049 
f 1041 739 1048 
f 1049 1048 1047 
f 1048 1049 1041 
f 1047 1048 1052 
f 1048 739 1051 
f 1052 1051 1050 
f 1051 1052 1048 
f 1050 1051 1053 
f 1051 739 744 
f 1053 744 742 
f 744 1053 1051 
f 913 926 1056 
f 926 923 1055 
f 1056 1055 1054 
f 1055 1056 926 
f 923 940 1059 
f 940 937 1058 
f 1059 1058 1057 
f 1058 1059 940 
f 1054 1055 1060 
f 1055 923 1059 
f 1060 1059 1057 
f 1059 1060 1055 
f 991 1062 995 
f 1062 1061 1063 
f 995 1063 994 
f 1063 995 1062 
f 1061 1062 1066 
f 1062 991 1065 
f 1066 1065 1064 
f 1065 1066 1062 
f 991 1004 1065 
f 1004 1001 1067 
f 1065 1067 1064 
f 1067 1065 1004 
f 82 99 1070 
f 99 92 1069 
f 1070 1069 1068 
f 1069 1070 99 
f 92 108 1073 
f 108 101 1072 
f 1073 1072 1071 
f 1072 1073 108 
f 92 1073 1069 
f 1073 1071 1074 
f 1069 1074 1068 
f 1074 1069 1073 
f 96 100 1077 
f 100 86 1076 
f 1077 1076 1075 
f 1076 1077 100 
f 105 109 1080 
f 109 96 1079 
f 1080 1079 1078 
f 1079 1080 109 
f 96 1077 1079 
f 1077 1075 1081 
f 1079 1081 1078 
f 1081 1079 1077 
f 770 773 1084 
f 773 756 1083 
f 1084 1083 1082 
f 1083 1084 773 
f 770 1084 1087 
f 1084 1082 1086 
f 1087 1086 1085 
f 1086 1087 1084 
f 787 790 1088 
f 790 770 1087 
f 1088 1087 1085 
f 1087 1088 790 
f 570 646 1091 
f 646 644 1090 
f 1091 1090 1089 
f 1090 1091 646 
f 570 1091 1094 
f 1091 1089 1093 
f 1094 1093 1092 
f 1093 1094 1091 
f 570 1094 573 
f 1094 1092 1095 
f 573 1095 556 
f 1095 573 1094 
f 1089 1090 1098 
f 1090 644 1097 
f 1098 1097 1096 
f 1097 1098 1090 
f 1096 1097 1101 
f 1097 644 1100 
f 1101 1100 1099 
f 1100 1101 1097 
f 644 647 1100 
f 647 641 1102 
f 1100 1102 1099 
f 1102 1100 647 
f 1103 1105 1107 
f 1105 930 1106 
f 1107 1106 1104 
f 1106 1107 1105 
f 930 1105 1110 
f 1105 1103 1109 
f 1110 1109 1108 
f 1109 1110 1105 
f 930 933 1106 
f 933 899 1111 
f 1106 1111 1104 
f 1111 1106 933 
f 1022 1023 1112 
f 1023 930 1110 
f 1112 1110 1108 
f 1110 1112 1023 
f 958 963 1115 
f 963 961 1114 
f 1115 1114 1113 
f 1114 1115 963 
f 958 1115 1118 
f 1115 1113 1117 
f 1118 1117 1116 
f 1117 1118 1115 
f 968 971 1119 
f 971 958 1118 
f 1119 1118 1116 
f 1118 1119 971 
f 1089 1098 1122 
f 1098 1096 1121 
f 1122 1121 1120 
f 1121 1122 1098 
f 1089 1122 1125 
f 1122 1120 1124 
f 1125 1124 1123 
f 1124 1125 1122 
f 1092 1093 1126 
f 1093 1089 1125 
f 1126 1125 1123 
f 1125 1126 1093 
f 1120 1121 1129 
f 1121 1096 1128 
f 1129 1128 1127 
f 1128 1129 1121 
f 1127 1128 1132 
f 1128 1096 1131 
f 1132 1131 1130 
f 1131 1132 1128 
f 1130 1131 1133 
f 1131 1096 1101 
f 1133 1101 1099 
f 1101 1133 1131 
f 1120 1129 1136 
f 1129 1127 1135 
f 1136 1135 1134 
f 1135 1136 1129 
f 1120 1136 1139 
f 1136 1134 1138 
f 1139 1138 1137 
f 1138 1139 1136 
f 1123 1124 1140 
f 1124 1120 1139 
f 1140 1139 1137 
f 1139 1140 1124 
f 1026 1027 1143 
f 1027 1019 1142 
f 1143 1142 1141 
f 1142 1143 1027 
f 1141 1142 1146 
f 1142 1019 1145 
f 1146 1145 1144 
f 1145 1146 1142 
f 1144 1145 1147 
f 1145 1019 1025 
f 1147 1025 1022 
f 1025 1147 1145 
f 1029 1030 1150 
f 1030 1026 1149 
f 1150 1149 1148 
f 1149 1150 1030 
f 1148 1149 1153 
f 1149 1026 1152 
f 1153 1152 1151 
f 1152 1153 1149 
f 1151 1152 1154 
f 1152 1026 1143 
f 1154 1143 1141 
f 1143 1154 1152 
f 980 1157 1159 
f 1157 1155 1158 
f 1159 1158 1156 
f 1158 1159 1157 
f 1155 1157 1160 
f 1157 980 997 
f 1160 997 994 
f 997 1160 1157 
f 980 1159 1162 
f 1159 1156 1161 
f 1162 1161 780 
f 1161 1162 1159 
f 980 1162 983 
f 1162 780 782 
f 983 782 777 
f 782 983 1162 
f 1012 1013 1165 
f 1013 1005 1164 
f 1165 1164 1163 
f 1164 1165 1013 
f 1005 1010 1168 
f 1010 1008 1167 
f 1168 1167 1166 
f 1167 1168 1010 
f 1005 1168 1164 
f 1168 1166 1169 
f 1164 1169 1163 
f 1169 1164 1168 
f 1015 1016 1172 
f 1016 1012 1171 
f 1172 1171 1170 
f 1171 1172 1016 
f 1170 1171 1175 
f 1171 1012 1174 
f 1175 1174 1173 
f 1174 1175 1171 
f 1173 1174 1176 
f 1174 1012 1165 
f 1176 1165 1163 
f 1165 1176 1174 
f 1015 1172 1179 
f 1172 1170 1178 
f 1179 1178 1177 
f 1178 1179 1172 
f 1015 1179 1182 
f 1179 1177 1181 
f 1182 1181 1180 
f 1181 1182 1179 
f 1015 1182 1018 
f 1182 1180 1183 
f 1018 1183 1001 
f 1183 1018 1182 
f 1170 1175 1186 
f 1175 1173 1185 
f 1186 1185 1184 
f 1185 1186 1175 
f 1170 1186 1189 
f 1186 1184 1188 
f 1189 1188 1187 
f 1188 1189 1186 
f 1177 1178 1190 
f 1178 1170 1189 
f 1190 1189 1187 
f 1189 1190 1178 
f 1184 1185 1193 
f 1185 1173 1192 
f 1193 1192 1191 
f 1192 1193 1185 
f 1191 1192 1195 
f 1192 1173 1194 
f 1195 1194 494 
f 1194 1195 1192 
f 494 1194 1196 
f 1194 1173 1176 
f 1196 1176 1163 
f 1176 1196 1194 
f 1040 1049 1199 
f 1049 1047 1198 
f 1199 1198 1197 
f 1198 1199 1049 
f 1043 1044 1202 
f 1044 1040 1201 
f 1202 1201 1200 
f 1201 1202 1044 
f 1200 1201 1203 
f 1201 1040 1199 
f 1203 1199 1197 
f 1199 1203 1201 
f 1047 1052 1206 
f 1052 1050 1205 
f 1206 1205 1204 
f 1205 1206 1052 
f 1047 1206 1209 
f 1206 1204 1208 
f 1209 1208 1207 
f 1208 1209 1206 
f 1047 1209 1198 
f 1209 1207 1210 
f 1198 1210 1197 
f 1210 1198 1209 
f 608 752 1213 
f 752 749 1212 
f 1213 1212 1211 
f 1212 1213 752 
f 1211 1212 1216 
f 1212 749 1215 
f 1216 1215 1214 
f 1215 1216 1212 
f 1214 1215 1217 
f 1215 749 766 
f 1217 766 763 
f 766 1217 1215 
f 1029 1150 1220 
f 1150 1148 1219 
f 1220 1219 1218 
f 1219 1220 1150 
f 1029 1220 1223 
f 1220 1218 1222 
f 1223 1222 1221 
f 1222 1223 1220 
f 1029 1223 1032 
f 1223 1221 1224 
f 1032 1224 937 
f 1224 1032 1223 
f 1184 1193 1227 
f 1193 1191 1226 
f 1227 1226 1225 
f 1226 1227 1193 
f 1184 1227 1230 
f 1227 1225 1229 
f 1230 1229 1228 
f 1229 1230 1227 
f 1184 1230 1188 
f 1230 1228 1231 
f 1188 1231 1187 
f 1231 1188 1230 
f 1113 1114 1233 
f 1114 961 1232 
f 1233 1232 798 
f 1232 1233 1114 
f 798 1232 1236 
f 1232 961 1235 
f 1236 1235 1234 
f 1235 1236 1232 
f 1234 1235 1237 
f 1235 961 964 
f 1237 964 787 
f 964 1237 1235 
f 1148 1153 1240 
f 1153 1151 1239 
f 1240 1239 1238 
f 1239 1240 1153 
f 1218 1219 1243 
f 1219 1148 1242 
f 1243 1242 1241 
f 1242 1243 1219 
f 1148 1240 1242 
f 1240 1238 1244 
f 1242 1244 1241 
f 1244 1242 1240 
f 1238 1239 1247 
f 1239 1151 1246 
f 1247 1246 1245 
f 1246 1247 1239 
f 1245 1246 1250 
f 1246 1151 1249 
f 1250 1249 1248 
f 1249 1250 1246 
f 1248 1249 1251 
f 1249 1151 1154 
f 1251 1154 1141 
f 1154 1251 1249 
f 902 903 1254 
f 903 864 1253 
f 1254 1253 1252 
f 1253 1254 903 
f 1252 1253 1257 
f 1253 864 1256 
f 1257 1256 1255 
f 1256 1257 1253 
f 1255 1256 1258 
f 1256 864 867 
f 1258 867 850 
f 867 1258 1256 
f 1180 1181 1261 
f 1181 1177 1260 
f 1261 1260 1259 
f 1260 1261 1181 
f 1259 1260 1263 
f 1260 1177 1262 
f 1263 1262 581 
f 1262 1263 1260 
f 581 1262 1264 
f 1262 1177 1190 
f 1264 1190 1187 
f 1190 1264 1262 
f 1127 1132 1267 
f 1132 1130 1266 
f 1267 1266 1265 
f 1266 1267 1132 
f 1134 1135 1269 
f 1135 1127 1268 
f 1269 1268 813 
f 1268 1269 1135 
f 1127 1267 1268 
f 1267 1265 1270 
f 1268 1270 813 
f 1270 1268 1267 
f 1265 1266 1273 
f 1266 1130 1272 
f 1273 1272 1271 
f 1272 1273 1266 
f 1271 1272 1276 
f 1272 1130 1275 
f 1276 1275 1274 
f 1275 1276 1272 
f 1274 1275 1277 
f 1275 1130 1133 
f 1277 1133 1099 
f 1133 1277 1275 
f 686 689 1280 
f 689 672 1279 
f 1280 1279 1278 
f 1279 1280 689 
f 1278 1279 1283 
f 1279 672 1282 
f 1283 1282 1281 
f 1282 1283 1279 
f 672 675 1282 
f 675 658 1284 
f 1282 1284 1281 
f 1284 1282 675 
f 1043 1202 1287 
f 1202 1200 1286 
f 1287 1286 1285 
f 1286 1287 1202 
f 1043 1287 1289 
f 1287 1285 1288 
f 1289 1288 1036 
f 1288 1289 1287 
f 725 1046 1037 
f 1046 1043 1289 
f 1037 1289 1036 
f 1289 1037 1046 
f 1166 1167 1292 
f 1167 1008 1291 
f 1292 1291 1290 
f 1291 1292 1167 
f 1290 1291 1294 
f 1291 1008 1293 
f 1294 1293 1116 
f 1293 1294 1291 
f 1008 1011 1293 
f 1011 968 1119 
f 1293 1119 1116 
f 1119 1293 1011 
f 1166 1292 1297 
f 1292 1290 1296 
f 1297 1296 1295 
f 1296 1297 1292 
f 1166 1297 1299 
f 1297 1295 1298 
f 1299 1298 495 
f 1298 1299 1297 
f 1163 1169 1300 
f 1169 1166 1299 
f 1300 1299 495 
f 1299 1300 1169 
f 1204 1301 1303 
f 1301 1134 1302 
f 1303 1302 488 
f 1302 1303 1301 
f 1134 1301 1138 
f 1301 1204 1304 
f 1138 1304 1137 
f 1304 1138 1301 
f 1134 1269 1305 
f 1269 813 816 
f 1305 816 487 
f 816 1305 1269 
f 1134 1305 1302 
f 1305 487 491 
f 1302 491 488 
f 491 1302 1305 
f 902 1254 1308 
f 1254 1252 1307 
f 1308 1307 1306 
f 1307 1308 1254 
f 902 1308 1310 
f 1308 1306 1309 
f 1310 1309 1104 
f 1309 1310 1308 
f 899 905 1111 
f 905 902 1310 
f 1111 1310 1104 
f 1310 1111 905 
f 1306 1307 1312 
f 1307 1252 1311 
f 1312 1311 123 
f 1311 1312 1307 
f 1252 1257 1314 
f 1257 1255 1313 
f 1314 1313 118 
f 1313 1314 1257 
f 123 1311 126 
f 1311 1252 1314 
f 126 1314 118 
f 1314 126 1311 
f 1180 1261 1317 
f 1261 1259 1316 
f 1317 1316 1315 
f 1316 1317 1261 
f 1180 1317 1319 
f 1317 1315 1318 
f 1319 1318 1064 
f 1318 1319 1317 
f 1001 1183 1067 
f 1183 1180 1319 
f 1067 1319 1064 
f 1319 1067 1183 
f 1113 1233 1320 
f 1233 798 801 
f 1320 801 463 
f 801 1320 1233 
f 1113 1320 1321 
f 1320 463 467 
f 1321 467 464 
f 467 1321 1320 
f 1116 1117 1322 
f 1117 1113 1321 
f 1322 1321 464 
f 1321 1322 1117 
f 528 529 1324 
f 529 514 1323 
f 1324 1323 1211 
f 1323 1324 529 
f 514 538 1323 
f 538 535 1325 
f 1323 1325 1211 
f 1325 1323 538 
f 146 156 1328 
f 156 152 1327 
f 1328 1327 1326 
f 1327 1328 156 
f 146 1329 150 
f 1329 101 110 
f 150 110 18 
f 110 150 1329 
f 101 1329 1330 
f 1329 146 1328 
f 1330 1328 1326 
f 1328 1330 1329 
f 407 416 1333 
f 416 412 1332 
f 1333 1332 1331 
f 1332 1333 416 
f 105 1334 111 
f 1334 412 417 
f 111 417 22 
f 417 111 1334 
f 412 1334 1332 
f 1334 105 1335 
f 1332 1335 1331 
f 1335 1332 1334 
f 972 973 1337 
f 973 525 1336 
f 1337 1336 1155 
f 1336 1337 973 
f 1155 1336 1158 
f 1336 525 1338 
f 1158 1338 1156 
f 1338 1158 1336 
f 1156 1338 1339 
f 1338 525 531 
f 1339 531 528 
f 531 1339 1338 
f 972 1337 1341 
f 1337 1155 1340 
f 1341 1340 1061 
f 1340 1341 1337 
f 972 1341 1343 
f 1341 1061 1342 
f 1343 1342 619 
f 1342 1343 1341 
f 972 1343 975 
f 1343 619 625 
f 975 625 623 
f 625 975 1343 
f 1191 1195 1345 
f 1195 494 1344 
f 1345 1344 396 
f 1344 1345 1195 
f 1225 1226 1347 
f 1226 1191 1346 
f 1347 1346 714 
f 1346 1347 1226 
f 1191 1345 1346 
f 1345 396 1348 
f 1346 1348 714 
f 1348 1346 1345 
f 1295 1296 1350 
f 1296 1290 1349 
f 1350 1349 469 
f 1349 1350 1296 
f 1290 1294 1351 
f 1294 1116 1322 
f 1351 1322 464 
f 1322 1351 1294 
f 1290 1351 1349 
f 1351 464 472 
f 1349 472 469 
f 472 1349 1351 
f 1285 1286 1353 
f 1286 1200 1352 
f 1353 1352 449 
f 1352 1353 1286 
f 1200 1203 1355 
f 1203 1197 1354 
f 1355 1354 446 
f 1354 1355 1203 
f 1200 1355 1352 
f 1355 446 451 
f 1352 451 449 
f 451 1352 1355 
f 1036 1288 1358 
f 1288 1285 1357 
f 1358 1357 1356 
f 1357 1358 1288 
f 452 1359 455 
f 1359 1285 1353 
f 455 1353 449 
f 1353 455 1359 
f 1285 1359 1357 
f 1359 452 1360 
f 1357 1360 1356 
f 1360 1357 1359 
f 1265 1273 1362 
f 1273 1271 1361 
f 1362 1361 480 
f 1361 1362 1273 
f 813 1270 818 
f 1270 1265 1363 
f 818 1363 817 
f 1363 818 1270 
f 1265 1362 1363 
f 1362 480 1364 
f 1363 1364 817 
f 1364 1363 1362 
f 1271 1276 1367 
f 1276 1274 1366 
f 1367 1366 1365 
f 1366 1367 1276 
f 1271 1367 1369 
f 1367 1365 1368 
f 1369 1368 483 
f 1368 1369 1367 
f 1271 1369 1361 
f 1369 483 486 
f 1361 486 480 
f 486 1361 1369 
f 1365 1366 1372 
f 1366 1274 1371 
f 1372 1371 1370 
f 1371 1372 1366 
f 1370 1371 1374 
f 1371 1274 1373 
f 1374 1373 721 
f 1373 1374 1371 
f 1274 1277 1373 
f 1277 1099 1375 
f 1373 1375 721 
f 1375 1373 1277 
f 1365 1372 1378 
f 1372 1370 1377 
f 1378 1377 1376 
f 1377 1378 1372 
f 1365 1378 1380 
f 1378 1376 1379 
f 1380 1379 824 
f 1379 1380 1378 
f 1365 1380 1368 
f 1380 824 1381 
f 1368 1381 483 
f 1381 1368 1380 
f 1376 1377 1384 
f 1377 1370 1383 
f 1384 1383 1382 
f 1383 1384 1377 
f 1382 1383 1386 
f 1383 1370 1385 
f 1386 1385 718 
f 1385 1386 1383 
f 1370 1374 1385 
f 1374 721 724 
f 1385 724 718 
f 724 1385 1374 
f 1376 1384 1389 
f 1384 1382 1388 
f 1389 1388 1387 
f 1388 1389 1384 
f 1376 1389 1391 
f 1389 1387 1390 
f 1391 1390 821 
f 1390 1391 1389 
f 1376 1391 1379 
f 1391 821 826 
f 1379 826 824 
f 826 1379 1391 
f 556 1095 604 
f 1095 1092 1392 
f 604 1392 601 
f 1392 604 1095 
f 601 1392 745 
f 1392 1092 1393 
f 745 1393 742 
f 1393 745 1392 
f 742 1393 1394 
f 1393 1092 1126 
f 1394 1126 1123 
f 1126 1394 1393 
f 1295 1395 1396 
f 1395 368 378 
f 1396 378 374 
f 378 1396 1395 
f 368 1395 470 
f 1395 1295 1350 
f 470 1350 469 
f 1350 470 1395 
f 495 1298 500 
f 1298 1295 1396 
f 500 1396 374 
f 1396 500 1298 
f 1306 1312 1398 
f 1312 123 1397 
f 1398 1397 612 
f 1397 1398 1312 
f 1306 1399 1309 
f 1399 1103 1107 
f 1309 1107 1104 
f 1107 1309 1399 
f 1103 1399 1401 
f 1399 1306 1400 
f 1401 1400 615 
f 1400 1401 1399 
f 615 1400 618 
f 1400 1306 1398 
f 618 1398 612 
f 1398 618 1400 
f 1315 1316 1403 
f 1316 1259 1402 
f 1403 1402 421 
f 1402 1403 1316 
f 1259 1263 1404 
f 1263 581 588 
f 1404 588 586 
f 588 1404 1263 
f 421 1402 1405 
f 1402 1259 1404 
f 1405 1404 586 
f 1404 1405 1402 
f 1387 1388 1407 
f 1388 1382 1406 
f 1407 1406 941 
f 1406 1407 1388 
f 941 1406 947 
f 1406 1382 1408 
f 947 1408 946 
f 1408 947 1406 
f 1382 1386 1408 
f 1386 718 1409 
f 1408 1409 946 
f 1409 1408 1386 
f 821 1390 1411 
f 1390 1387 1410 
f 1411 1410 457 
f 1410 1411 1390 
f 1387 1407 1414 
f 1407 941 1413 
f 1414 1413 1412 
f 1413 1414 1407 
f 1387 1414 1410 
f 1414 1412 1415 
f 1410 1415 457 
f 1415 1410 1414 
f 1221 1222 1417 
f 1222 1218 1416 
f 1417 1416 502 
f 1416 1417 1222 
f 1218 1243 1419 
f 1243 1241 1418 
f 1419 1418 501 
f 1418 1419 1243 
f 1218 1419 1416 
f 1419 501 505 
f 1416 505 502 
f 505 1416 1419 
f 937 1224 1058 
f 1224 1221 1420 
f 1058 1420 1057 
f 1420 1058 1224 
f 1057 1420 1422 
f 1420 1221 1421 
f 1422 1421 507 
f 1421 1422 1420 
f 507 1421 510 
f 1421 1221 1417 
f 510 1417 502 
f 1417 510 1421 
f 1238 1247 1424 
f 1247 1245 1423 
f 1424 1423 704 
f 1423 1424 1247 
f 1238 1424 1425 
f 1424 704 709 
f 1425 709 707 
f 709 1425 1424 
f 1241 1244 1426 
f 1244 1238 1425 
f 1426 1425 707 
f 1425 1426 1244 
f 1245 1250 1428 
f 1250 1248 1427 
f 1428 1427 1068 
f 1427 1428 1250 
f 704 1423 1430 
f 1423 1245 1429 
f 1430 1429 1071 
f 1429 1430 1423 
f 1071 1429 1074 
f 1429 1245 1428 
f 1074 1428 1068 
f 1428 1074 1429 
f 1064 1318 1432 
f 1318 1315 1431 
f 1432 1431 418 
f 1431 1432 1318 
f 418 1431 424 
f 1431 1315 1403 
f 424 1403 421 
f 1403 424 1431 
f 1248 1251 1434 
f 1251 1141 1433 
f 1434 1433 594 
f 1433 1434 1251 
f 1248 1434 1435 
f 1434 594 597 
f 1435 597 591 
f 597 1435 1434 
f 1068 1427 1436 
f 1427 1248 1435 
f 1436 1435 591 
f 1435 1436 1427 
f 1204 1205 1304 
f 1205 1050 1437 
f 1304 1437 1137 
f 1437 1304 1205 
f 1050 1053 1438 
f 1053 742 1394 
f 1438 1394 1123 
f 1394 1438 1053 
f 1050 1438 1437 
f 1438 1123 1140 
f 1437 1140 1137 
f 1140 1437 1438 
f 396 1344 399 
f 1344 494 499 
f 399 499 386 
f 499 399 1344 
f 494 1196 497 
f 1196 1163 1300 
f 497 1300 495 
f 1300 497 1196 
f 1255 1258 1440 
f 1258 850 1439 
f 1440 1439 1278 
f 1439 1440 1258 
f 1255 1440 1442 
f 1440 1278 1441 
f 1442 1441 894 
f 1441 1442 1440 
f 118 1313 895 
f 1313 1255 1442 
f 895 1442 894 
f 1442 895 1313 
f 850 853 1439 
f 853 686 1280 
f 1439 1280 1278 
f 1280 1439 853 
f 152 706 1327 
f 706 704 1443 
f 1327 1443 1326 
f 1443 1327 706 
f 704 1430 1443 
f 1430 1071 1444 
f 1443 1444 1326 
f 1444 1443 1430 
f 123 125 1397 
f 125 3 614 
f 1397 614 612 
f 614 1397 125 
f 798 1236 803 
f 1236 1234 1445 
f 803 1445 802 
f 1445 803 1236 
f 1234 1237 1446 
f 1237 787 1088 
f 1446 1088 1085 
f 1088 1446 1237 
f 802 1445 1449 
f 1445 1234 1448 
f 1449 1448 1447 
f 1448 1449 1445 
f 1447 1448 1450 
f 1448 1234 1446 
f 1450 1446 1085 
f 1446 1450 1448 
f 1207 1208 1451 
f 1208 1204 1303 
f 1451 1303 488 
f 1303 1451 1208 
f 1197 1210 1453 
f 1210 1207 1452 
f 1453 1452 876 
f 1452 1453 1210 
f 296 1454 493 
f 1454 1207 1451 
f 493 1451 488 
f 1451 493 1454 
f 1207 1454 1452 
f 1454 296 879 
f 1452 879 876 
f 879 1452 1454 
f 1228 1229 1457 
f 1229 1225 1456 
f 1457 1456 1455 
f 1456 1457 1229 
f 1455 1456 1459 
f 1456 1225 1458 
f 1459 1458 711 
f 1458 1459 1456 
f 1225 1347 1458 
f 1347 714 717 
f 1458 717 711 
f 717 1458 1347 
f 1228 1457 1461 
f 1457 1455 1460 
f 1461 1460 1075 
f 1460 1461 1457 
f 1187 1231 1463 
f 1231 1228 1462 
f 1463 1462 582 
f 1462 1463 1231 
f 1228 1461 1462 
f 1461 1075 1464 
f 1462 1464 582 
f 1464 1462 1461 
f 1075 1460 1081 
f 1460 1455 1465 
f 1081 1465 1078 
f 1465 1081 1460 
f 1078 1465 1467 
f 1465 1455 1466 
f 1467 1466 1331 
f 1466 1467 1465 
f 1331 1466 1468 
f 1466 1455 1459 
f 1468 1459 711 
f 1459 1468 1466 
f 581 1264 584 
f 1264 1187 1463 
f 584 1463 582 
f 1463 584 1264 
f 248 823 462 
f 823 821 1411 
f 462 1411 457 
f 1411 462 823 
f 396 398 1348 
f 398 392 716 
f 1348 716 714 
f 716 1348 398 
f 1061 1340 1063 
f 1340 1155 1160 
f 1063 1160 994 
f 1160 1063 1340 
f 619 1342 1469 
f 1342 1061 1066 
f 1469 1066 1064 
f 1066 1469 1342 
f 780 1161 1471 
f 1161 1156 1470 
f 1471 1470 1214 
f 1470 1471 1161 
f 1156 1339 1470 
f 1339 528 1472 
f 1470 1472 1214 
f 1472 1470 1339 
f 780 1471 783 
f 1471 1214 1217 
f 783 1217 763 
f 1217 783 1471 
f 1412 1413 1473 
f 1413 941 945 
f 1473 945 942 
f 945 1473 1413 
f 1412 1473 1476 
f 1473 942 1475 
f 1476 1475 1474 
f 1475 1476 1473 
f 1412 1476 1478 
f 1476 1474 1477 
f 1478 1477 456 
f 1477 1478 1476 
f 1412 1478 1415 
f 1478 456 460 
f 1415 460 457 
f 460 1415 1478 
f 1474 1475 1481 
f 1475 942 1480 
f 1481 1480 1479 
f 1480 1481 1475 
f 1479 1480 1482 
f 1480 942 949 
f 1482 949 693 
f 949 1482 1480 
f 1474 1481 1485 
f 1481 1479 1484 
f 1485 1484 1483 
f 1484 1485 1481 
f 1474 1485 1487 
f 1485 1483 1486 
f 1487 1486 828 
f 1486 1487 1485 
f 456 1477 1488 
f 1477 1474 1487 
f 1488 1487 828 
f 1487 1488 1477 
f 1483 1484 1491 
f 1484 1479 1490 
f 1491 1490 1489 
f 1490 1491 1484 
f 1489 1490 1493 
f 1490 1479 1492 
f 1493 1492 836 
f 1492 1493 1490 
f 1479 1482 1492 
f 1482 693 839 
f 1492 839 836 
f 839 1492 1482 
f 1483 1491 1496 
f 1491 1489 1495 
f 1496 1495 1494 
f 1495 1496 1491 
f 1483 1496 1498 
f 1496 1494 1497 
f 1498 1497 439 
f 1497 1498 1496 
f 1483 1498 1486 
f 1498 439 831 
f 1486 831 828 
f 831 1486 1498 
f 1494 1495 1501 
f 1495 1489 1500 
f 1501 1500 1499 
f 1500 1501 1495 
f 1499 1500 1503 
f 1500 1489 1502 
f 1503 1502 954 
f 1502 1503 1500 
f 1489 1504 1502 
f 1504 833 956 
f 1502 956 954 
f 956 1502 1504 
f 833 1504 837 
f 1504 1489 1493 
f 837 1493 836 
f 1493 837 1504 
f 1494 1501 1507 
f 1501 1499 1506 
f 1507 1506 1505 
f 1506 1507 1501 
f 1494 1507 1509 
f 1507 1505 1508 
f 1509 1508 442 
f 1508 1509 1507 
f 439 1497 443 
f 1497 1494 1509 
f 443 1509 442 
f 1509 443 1497 
f 1505 1506 1512 
f 1506 1499 1511 
f 1512 1511 1510 
f 1511 1512 1506 
f 1510 1511 1515 
f 1511 1499 1514 
f 1515 1514 1513 
f 1514 1515 1511 
f 1499 1503 1514 
f 1503 954 1516 
f 1514 1516 1513 
f 1516 1514 1503 
f 1505 1512 1518 
f 1512 1510 1517 
f 1518 1517 809 
f 1517 1518 1512 
f 212 1519 812 
f 1519 1505 1518 
f 812 1518 809 
f 1518 812 1519 
f 1505 1519 1508 
f 1519 212 445 
f 1508 445 442 
f 445 1508 1519 
f 806 1521 1523 
f 1521 1510 1522 
f 1523 1522 1520 
f 1522 1523 1521 
f 1510 1521 1517 
f 1521 806 811 
f 1517 811 809 
f 811 1517 1521 
f 1520 1522 1524 
f 1522 1510 1515 
f 1524 1515 1513 
f 1515 1524 1522 
f 236 461 832 
f 461 456 1488 
f 832 1488 828 
f 1488 832 461 
f 82 1070 592 
f 1070 1068 1436 
f 592 1436 591 
f 1436 592 1070 
f 1075 1076 1464 
f 1076 86 589 
f 1464 589 582 
f 589 1464 1076 
f 619 1469 621 
f 1469 1064 1432 
f 621 1432 418 
f 1432 621 1469 
f 1082 1083 1525 
f 1083 756 1035 
f 1525 1035 1033 
f 1035 1525 1083 
f 1526 1527 1528 
f 1527 1082 1525 
f 1528 1525 1033 
f 1525 1528 1527 
f 1082 1527 1531 
f 1527 1526 1530 
f 1531 1530 1529 
f 1530 1531 1527 
f 1085 1086 1532 
f 1086 1082 1531 
f 1532 1531 1529 
f 1531 1532 1086 
f 718 719 1409 
f 719 665 950 
f 1409 950 946 
f 950 1409 719 
f 446 1354 877 
f 1354 1197 1453 
f 877 1453 876 
f 1453 877 1354 
f 1099 1102 1375 
f 1102 641 723 
f 1375 723 721 
f 723 1375 1102 
f 857 918 952 
f 918 916 1533 
f 952 1533 951 
f 1533 952 918 
f 916 919 1536 
f 919 913 1535 
f 1536 1535 1534 
f 1535 1536 919 
f 916 1536 1538 
f 1536 1534 1537 
f 1538 1537 1520 
f 1537 1538 1536 
f 951 1533 1539 
f 1533 916 1538 
f 1539 1538 1520 
f 1538 1539 1533 
f 1534 1535 1540 
f 1535 913 1056 
f 1540 1056 1054 
f 1056 1540 1535 
f 1534 1540 1543 
f 1540 1054 1542 
f 1543 1542 1541 
f 1542 1543 1540 
f 1520 1537 1546 
f 1537 1534 1545 
f 1546 1545 1544 
f 1545 1546 1537 
f 1534 1543 1545 
f 1543 1541 1547 
f 1545 1547 1544 
f 1547 1545 1543 
f 501 1418 1549 
f 1418 1241 1548 
f 1549 1548 164 
f 1548 1549 1418 
f 164 1548 710 
f 1548 1241 1426 
f 710 1426 707 
f 1426 710 1548 
f 501 1549 506 
f 1549 164 174 
f 506 174 170 
f 174 506 1549 
f 521 889 566 
f 889 887 1550 
f 566 1550 563 
f 1550 566 889 
f 563 1550 661 
f 1550 887 1551 
f 661 1551 658 
f 1551 661 1550 
f 658 1551 1284 
f 1551 887 1552 
f 1284 1552 1281 
f 1552 1284 1551 
f 1281 1552 1553 
f 1552 887 892 
f 1553 892 890 
f 892 1553 1552 
f 528 1324 1472 
f 1324 1211 1216 
f 1472 1216 1214 
f 1216 1472 1324 
f 62 423 590 
f 423 421 1405 
f 590 1405 586 
f 1405 590 423 
f 425 426 1554 
f 426 66 596 
f 1554 596 594 
f 596 1554 426 
f 428 429 1557 
f 429 425 1556 
f 1557 1556 1555 
f 1556 1557 429 
f 1555 1556 1559 
f 1556 425 1558 
f 1559 1558 1144 
f 1558 1559 1556 
f 425 1554 1558 
f 1554 594 1560 
f 1558 1560 1144 
f 1560 1558 1554 
f 428 1557 1562 
f 1557 1555 1561 
f 1562 1561 1103 
f 1561 1562 1557 
f 428 1562 1563 
f 1562 1103 1401 
f 1563 1401 615 
f 1401 1563 1562 
f 46 431 616 
f 431 428 1563 
f 616 1563 615 
f 1563 616 431 
f 1103 1561 1109 
f 1561 1555 1564 
f 1109 1564 1108 
f 1564 1109 1561 
f 1555 1559 1565 
f 1559 1144 1147 
f 1565 1147 1022 
f 1147 1565 1559 
f 1555 1565 1564 
f 1565 1022 1112 
f 1564 1112 1108 
f 1112 1564 1565 
f 802 1449 1567 
f 1449 1447 1566 
f 1567 1566 435 
f 1566 1567 1449 
f 344 805 438 
f 805 802 1567 
f 438 1567 435 
f 1567 438 805 
f 1447 1450 1568 
f 1450 1085 1532 
f 1568 1532 1529 
f 1532 1568 1450 
f 432 1569 1570 
f 1569 1447 1568 
f 1570 1568 1529 
f 1568 1570 1569 
f 1447 1569 1566 
f 1569 432 437 
f 1566 437 435 
f 437 1566 1569 
f 535 611 1325 
f 611 608 1213 
f 1325 1213 1211 
f 1213 1325 611 
f 182 192 1573 
f 192 188 1572 
f 1573 1572 1571 
f 1572 1573 192 
f 182 1573 508 
f 1573 1571 1574 
f 508 1574 507 
f 1574 508 1573 
f 200 808 474 
f 808 806 1575 
f 474 1575 473 
f 1575 474 808 
f 473 1575 1577 
f 1575 806 1576 
f 1577 1576 1544 
f 1576 1577 1575 
f 806 1523 1576 
f 1523 1520 1546 
f 1576 1546 1544 
f 1546 1576 1523 
f 880 881 1578 
f 881 332 434 
f 1578 434 432 
f 434 1578 881 
f 883 884 1580 
f 884 880 1579 
f 1580 1579 1526 
f 1579 1580 884 
f 1526 1579 1530 
f 1579 880 1581 
f 1530 1581 1529 
f 1581 1530 1579 
f 880 1578 1581 
f 1578 432 1570 
f 1581 1570 1529 
f 1570 1581 1578 
f 883 1580 1583 
f 1580 1526 1582 
f 1583 1582 1356 
f 1582 1583 1580 
f 320 886 453 
f 886 883 1584 
f 453 1584 452 
f 1584 453 886 
f 452 1584 1360 
f 1584 883 1583 
f 1360 1583 1356 
f 1583 1360 1584 
f 1526 1528 1582 
f 1528 1033 1585 
f 1582 1585 1356 
f 1585 1582 1528 
f 480 481 1364 
f 481 272 820 
f 1364 820 817 
f 820 1364 481 
f 824 827 1381 
f 827 260 485 
f 1381 485 483 
f 485 1381 827 
f 407 1333 712 
f 1333 1331 1468 
f 712 1468 711 
f 1468 712 1333 
f 1571 1572 1586 
f 1572 188 478 
f 1586 478 476 
f 478 1586 1572 
f 1571 1587 1574 
f 1587 1057 1422 
f 1574 1422 507 
f 1422 1574 1587 
f 1057 1587 1590 
f 1587 1571 1589 
f 1590 1589 1588 
f 1589 1590 1587 
f 1571 1586 1589 
f 1586 476 1591 
f 1589 1591 1588 
f 1591 1589 1586 
f 1278 1283 1441 
f 1283 1281 1592 
f 1441 1592 894 
f 1592 1441 1283 
f 594 1433 1560 
f 1433 1141 1146 
f 1560 1146 1144 
f 1146 1560 1433 
f 1033 1039 1585 
f 1039 1036 1358 
f 1585 1358 1356 
f 1358 1585 1039 
f 476 479 1594 
f 479 473 1593 
f 1594 1593 1541 
f 1593 1594 479 
f 1541 1593 1547 
f 1593 473 1577 
f 1547 1577 1544 
f 1577 1547 1593 
f 1054 1060 1595 
f 1060 1057 1590 
f 1595 1590 1588 
f 1590 1595 1060 
f 1541 1542 1596 
f 1542 1054 1595 
f 1596 1595 1588 
f 1595 1596 1542 
f 1071 1072 1444 
f 1072 101 1330 
f 1444 1330 1326 
f 1330 1444 1072 
f 105 1080 1335 
f 1080 1078 1467 
f 1335 1467 1331 
f 1467 1335 1080 
f 476 1594 1591 
f 1594 1541 1596 
f 1591 1596 1588 
f 1596 1591 1594 
f 951 1539 1597 
f 1539 1520 1524 
f 1597 1524 1513 
f 1524 1597 1539 
f 954 957 1516 
f 957 951 1597 
f 1516 1597 1513 
f 1597 1516 957 
f 894 1592 898 
f 1592 1281 1553 
f 898 1553 890 
f 1553 898 1592 
f 1598 1600 1602 
f 1600 1599 1601 
f 1602 1601 17 
f 1601 1602 1600 
f 17 1601 26 
f 1601 1599 1603 
f 26 1603 25 
f 1603 26 1601 
f 28 1604 29 
f 1604 1598 1602 
f 29 1602 17 
f 1602 29 1604 
f 1599 1606 1603 
f 1606 1605 1607 
f 1603 1607 25 
f 1607 1603 1606 
f 1605 1609 1607 
f 1609 1608 1610 
f 1607 1610 25 
f 1610 1607 1609 
f 1608 1612 1614 
f 1612 1611 1613 
f 1614 1613 145 
f 1613 1614 1612 
f 25 1610 147 
f 1610 1608 1614 
f 147 1614 145 
f 1614 147 1610 
f 1611 1616 1618 
f 1616 1615 1617 
f 1618 1617 151 
f 1617 1618 1616 
f 145 1613 153 
f 1613 1611 1618 
f 153 1618 151 
f 1618 153 1613 
f 1615 1620 1622 
f 1620 1619 1621 
f 1622 1621 163 
f 1621 1622 1620 
f 151 1617 159 
f 1617 1615 1623 
f 159 1623 157 
f 1623 159 1617 
f 157 1623 165 
f 1623 1615 1622 
f 165 1622 163 
f 1622 165 1623 
f 1619 1625 1627 
f 1625 1624 1626 
f 1627 1626 169 
f 1626 1627 1625 
f 1619 1627 1621 
f 1627 169 171 
f 1621 171 163 
f 171 1621 1627 
f 1624 1629 1631 
f 1629 1628 1630 
f 1631 1630 175 
f 1630 1631 1629 
f 169 1626 177 
f 1626 1624 1631 
f 177 1631 175 
f 1631 177 1626 
f 1628 1633 1630 
f 1633 1632 1634 
f 1630 1634 175 
f 1634 1630 1633 
f 1632 1636 1638 
f 1636 1635 1637 
f 1638 1637 181 
f 1637 1638 1636 
f 175 1634 183 
f 1634 1632 1638 
f 183 1638 181 
f 1638 183 1634 
f 1635 1640 1642 
f 1640 1639 1641 
f 1642 1641 187 
f 1641 1642 1640 
f 181 1637 189 
f 1637 1635 1642 
f 189 1642 187 
f 1642 189 1637 
f 193 1644 1646 
f 1644 1639 1645 
f 1646 1645 1643 
f 1645 1646 1644 
f 187 1641 195 
f 1641 1639 1644 
f 195 1644 193 
f 1644 195 1641 
f 1643 1648 1650 
f 1648 1647 1649 
f 1650 1649 199 
f 1649 1650 1648 
f 193 1646 201 
f 1646 1643 1650 
f 201 1650 199 
f 1650 201 1646 
f 1647 1652 1654 
f 1652 1651 1653 
f 1654 1653 205 
f 1653 1654 1652 
f 199 1649 207 
f 1649 1647 1654 
f 207 1654 205 
f 1654 207 1649 
f 1651 1656 1658 
f 1656 1655 1657 
f 1658 1657 211 
f 1657 1658 1656 
f 205 1653 213 
f 1653 1651 1658 
f 213 1658 211 
f 1658 213 1653 
f 1655 1660 1662 
f 1660 1659 1661 
f 1662 1661 223 
f 1661 1662 1660 
f 211 1657 219 
f 1657 1655 1663 
f 219 1663 217 
f 1663 219 1657 
f 217 1663 225 
f 1663 1655 1662 
f 225 1662 223 
f 1662 225 1663 
f 1659 1665 1661 
f 1665 1664 1666 
f 1661 1666 223 
f 1666 1661 1665 
f 1664 1668 1670 
f 1668 1667 1669 
f 1670 1669 229 
f 1669 1670 1668 
f 223 1666 231 
f 1666 1664 1670 
f 231 1670 229 
f 1670 231 1666 
f 1667 1672 1674 
f 1672 1671 1673 
f 1674 1673 241 
f 1673 1674 1672 
f 229 1669 237 
f 1669 1667 1675 
f 237 1675 235 
f 1675 237 1669 
f 235 1675 243 
f 1675 1667 1674 
f 243 1674 241 
f 1674 243 1675 
f 1671 1677 1679 
f 1677 1676 1678 
f 1679 1678 247 
f 1678 1679 1677 
f 1671 1679 1673 
f 1679 247 249 
f 1673 249 241 
f 249 1673 1679 
f 1676 1681 1683 
f 1681 1680 1682 
f 1683 1682 253 
f 1682 1683 1681 
f 247 1678 255 
f 1678 1676 1683 
f 255 1683 253 
f 1683 255 1678 
f 253 1682 1686 
f 1682 1680 1685 
f 1686 1685 1684 
f 1685 1686 1682 
f 1684 1688 1690 
f 1688 1687 1689 
f 1690 1689 259 
f 1689 1690 1688 
f 253 1686 261 
f 1686 1684 1690 
f 261 1690 259 
f 1690 261 1686 
f 1687 1692 1694 
f 1692 1691 1693 
f 1694 1693 271 
f 1693 1694 1692 
f 259 1689 267 
f 1689 1687 1695 
f 267 1695 265 
f 1695 267 1689 
f 1687 1694 1695 
f 1694 271 273 
f 1695 273 265 
f 273 1695 1694 
f 271 1693 1698 
f 1693 1691 1697 
f 1698 1697 1696 
f 1697 1698 1693 
f 1696 1700 1702 
f 1700 1699 1701 
f 1702 1701 277 
f 1701 1702 1700 
f 271 1698 279 
f 1698 1696 1702 
f 279 1702 277 
f 1702 279 1698 
f 1699 1704 1706 
f 1704 1703 1705 
f 1706 1705 289 
f 1705 1706 1704 
f 277 1701 285 
f 1701 1699 1707 
f 285 1707 283 
f 1707 285 1701 
f 283 1707 291 
f 1707 1699 1706 
f 291 1706 289 
f 1706 291 1707 
f 1703 1709 1711 
f 1709 1708 1710 
f 1711 1710 295 
f 1710 1711 1709 
f 289 1705 297 
f 1705 1703 1711 
f 297 1711 295 
f 1711 297 1705 
f 1708 1713 1715 
f 1713 1712 1714 
f 1715 1714 301 
f 1714 1715 1713 
f 295 1710 303 
f 1710 1708 1715 
f 303 1715 301 
f 1715 303 1710 
f 301 1714 1718 
f 1714 1712 1717 
f 1718 1717 1716 
f 1717 1718 1714 
f 1716 1720 1722 
f 1720 1719 1721 
f 1722 1721 307 
f 1721 1722 1720 
f 301 1718 309 
f 1718 1716 1722 
f 309 1722 307 
f 1722 309 1718 
f 1719 1724 1726 
f 1724 1723 1725 
f 1726 1725 313 
f 1725 1726 1724 
f 307 1721 315 
f 1721 1719 1726 
f 315 1726 313 
f 1726 315 1721 
f 1723 1728 1730 
f 1728 1727 1729 
f 1730 1729 319 
f 1729 1730 1728 
f 313 1725 321 
f 1725 1723 1730 
f 321 1730 319 
f 1730 321 1725 
f 1727 1732 1734 
f 1732 1731 1733 
f 1734 1733 331 
f 1733 1734 1732 
f 319 1729 327 
f 1729 1727 1735 
f 327 1735 325 
f 1735 327 1729 
f 325 1735 333 
f 1735 1727 1734 
f 333 1734 331 
f 1734 333 1735 
f 1731 1737 1733 
f 1737 1736 1738 
f 1733 1738 331 
f 1738 1733 1737 
f 1736 1740 1742 
f 1740 1739 1741 
f 1742 1741 343 
f 1741 1742 1740 
f 331 1738 339 
f 1738 1736 1743 
f 339 1743 337 
f 1743 339 1738 
f 1736 1742 1743 
f 1742 343 345 
f 1743 345 337 
f 345 1743 1742 
f 1739 1745 1747 
f 1745 1744 1746 
f 1747 1746 349 
f 1746 1747 1745 
f 343 1741 351 
f 1741 1739 1747 
f 351 1747 349 
f 1747 351 1741 
f 349 1746 1750 
f 1746 1744 1749 
f 1750 1749 1748 
f 1749 1750 1746 
f 1748 1752 1754 
f 1752 1751 1753 
f 1754 1753 355 
f 1753 1754 1752 
f 349 1750 357 
f 1750 1748 1754 
f 357 1754 355 
f 1754 357 1750 
f 1751 1756 1758 
f 1756 1755 1757 
f 1758 1757 367 
f 1757 1758 1756 
f 355 1753 363 
f 1753 1751 1759 
f 363 1759 361 
f 1759 363 1753 
f 1751 1758 1759 
f 1758 367 369 
f 1759 369 361 
f 369 1759 1758 
f 367 1757 1762 
f 1757 1755 1761 
f 1762 1761 1760 
f 1761 1762 1757 
f 1760 1764 1766 
f 1764 1763 1765 
f 1766 1765 373 
f 1765 1766 1764 
f 367 1762 375 
f 1762 1760 1766 
f 375 1766 373 
f 1766 375 1762 
f 1763 1768 1770 
f 1768 1767 1769 
f 1770 1769 379 
f 1769 1770 1768 
f 373 1765 381 
f 1765 1763 1770 
f 381 1770 379 
f 1770 381 1765 
f 1767 1772 1774 
f 1772 1771 1773 
f 1774 1773 391 
f 1773 1774 1772 
f 379 1769 387 
f 1769 1767 1775 
f 387 1775 385 
f 1775 387 1769 
f 385 1775 393 
f 1775 1767 1774 
f 393 1774 391 
f 1774 393 1775 
f 391 1773 1778 
f 1773 1771 1777 
f 1778 1777 1776 
f 1777 1778 1773 
f 1776 1780 1782 
f 1780 1779 1781 
f 1782 1781 400 
f 1781 1782 1780 
f 391 1778 402 
f 1778 1776 1782 
f 402 1782 400 
f 1782 402 1778 
f 1779 1783 1784 
f 1783 1598 1604 
f 1784 1604 28 
f 1604 1784 1783 
f 400 1781 408 
f 1781 1779 1785 
f 408 1785 406 
f 1785 408 1781 
f 406 1785 413 
f 1785 1779 1784 
f 413 1784 28 
f 1784 413 1785 
f 13 14 1788 
f 14 1 1787 
f 1788 1787 1786 
f 1787 1788 14 
f 1786 1787 1789 
f 1787 1 11 
f 1789 11 10 
f 11 1789 1787 
f 7 8 15 
f 8 1 14 
f 15 14 13 
f 14 15 8 
f 2 4 9 
f 4 1 8 
f 9 8 7 
f 8 9 4 
f 1 4 6 
f 4 2 5 
f 6 5 3 
f 5 6 4 
f 3 12 6 
f 12 10 11 
f 6 11 1 
f 11 6 12 
f 22 24 23 
f 24 17 19 
f 23 19 16 
f 19 23 24 
f 18 21 20 
f 21 16 19 
f 20 19 17 
f 19 20 21 
f 17 24 29 
f 24 22 30 
f 29 30 28 
f 30 29 24 
f 17 26 20 
f 26 25 27 
f 20 27 18 
f 27 20 26 
f 1598 1602 1604 
f 1602 17 29 
f 1604 29 28 
f 29 1604 1602 
f 17 1602 1601 
f 1602 1598 1600 
f 1601 1600 1599 
f 1600 1601 1602 
f 1599 1603 1601 
f 1603 25 26 
f 1601 26 17 
f 26 1601 1603 
f 13 1788 128 
f 1788 1786 1790 
f 128 1790 112 
f 1790 128 1788 
f 112 1790 114 
f 1790 1786 1789 
f 114 1789 10 
f 1789 114 1790 
f 1599 1793 1795 
f 1793 1791 1794 
f 1795 1794 1792 
f 1794 1795 1793 
f 1796 1797 1798 
f 1797 1599 1795 
f 1798 1795 1792 
f 1795 1798 1797 
f 25 1603 1607 
f 1603 1599 1606 
f 1607 1606 1605 
f 1606 1607 1603 
f 1599 1797 1606 
f 1797 1796 1799 
f 1606 1799 1605 
f 1799 1606 1797 
f 1598 1800 1600 
f 1800 1791 1793 
f 1600 1793 1599 
f 1793 1600 1800 
f 2 33 35 
f 33 31 34 
f 35 34 32 
f 34 35 33 
f 2 9 37 
f 9 7 40 
f 37 40 36 
f 40 37 9 
f 31 33 38 
f 33 2 37 
f 38 37 36 
f 37 38 33 
f 2 35 5 
f 35 32 39 
f 5 39 3 
f 39 5 35 
f 46 49 48 
f 49 32 34 
f 48 34 31 
f 34 48 49 
f 41 43 45 
f 43 31 44 
f 45 44 42 
f 44 45 43 
f 31 43 48 
f 43 41 47 
f 48 47 46 
f 47 48 43 
f 42 44 50 
f 44 31 38 
f 50 38 36 
f 38 50 44 
f 46 47 60 
f 47 41 58 
f 60 58 56 
f 58 60 47 
f 41 53 58 
f 53 51 57 
f 58 57 56 
f 57 58 53 
f 41 45 54 
f 45 42 59 
f 54 59 52 
f 59 54 45 
f 51 53 55 
f 53 41 54 
f 55 54 52 
f 54 55 53 
f 66 70 68 
f 70 56 57 
f 68 57 51 
f 57 68 70 
f 51 55 64 
f 55 52 69 
f 64 69 62 
f 69 64 55 
f 51 63 68 
f 63 61 67 
f 68 67 66 
f 67 68 63 
f 61 63 65 
f 63 51 64 
f 65 64 62 
f 64 65 63 
f 71 77 73 
f 77 76 78 
f 73 78 61 
f 78 73 77 
f 61 74 73 
f 74 72 75 
f 73 75 71 
f 75 73 74 
f 61 78 67 
f 78 76 80 
f 67 80 66 
f 80 67 78 
f 61 65 74 
f 65 62 79 
f 74 79 72 
f 79 74 65 
f 71 87 83 
f 87 86 88 
f 83 88 81 
f 88 83 87 
f 71 83 85 
f 83 81 84 
f 85 84 82 
f 84 85 83 
f 71 85 77 
f 85 82 90 
f 77 90 76 
f 90 77 85 
f 71 75 87 
f 75 72 89 
f 87 89 86 
f 89 87 75 
f 96 97 100 
f 97 81 88 
f 100 88 86 
f 88 100 97 
f 91 93 98 
f 93 81 97 
f 98 97 96 
f 97 98 93 
f 81 95 84 
f 95 92 99 
f 84 99 82 
f 99 84 95 
f 81 93 95 
f 93 91 94 
f 95 94 92 
f 94 95 93 
f 91 98 106 
f 98 96 109 
f 106 109 105 
f 109 106 98 
f 16 102 107 
f 102 91 106 
f 107 106 105 
f 106 107 102 
f 101 104 103 
f 104 91 102 
f 103 102 16 
f 102 103 104 
f 91 104 94 
f 104 101 108 
f 94 108 92 
f 108 94 104 
f 18 110 21 
f 110 101 103 
f 21 103 16 
f 103 21 110 
f 22 23 111 
f 23 16 107 
f 111 107 105 
f 107 111 23 
f 10 12 124 
f 12 3 125 
f 124 125 123 
f 125 124 12 
f 10 124 120 
f 124 123 126 
f 120 126 118 
f 126 120 124 
f 113 115 122 
f 115 10 119 
f 122 119 117 
f 119 122 115 
f 117 119 121 
f 119 10 120 
f 121 120 118 
f 120 121 119 
f 113 116 115 
f 116 112 114 
f 115 114 10 
f 114 115 116 
f 113 137 116 
f 137 134 135 
f 116 135 112 
f 135 116 137 
f 131 132 136 
f 132 112 135 
f 136 135 134 
f 135 136 132 
f 112 132 129 
f 132 131 133 
f 129 133 127 
f 133 129 132 
f 13 128 130 
f 128 112 129 
f 130 129 127 
f 129 130 128 
f 13 143 15 
f 143 141 144 
f 15 144 7 
f 144 15 143 
f 13 140 143 
f 140 138 142 
f 143 142 141 
f 142 143 140 
f 138 140 139 
f 140 13 130 
f 139 130 127 
f 130 139 140 
f 1608 1609 1803 
f 1609 1605 1802 
f 1803 1802 1801 
f 1802 1803 1609 
f 1608 1610 1609 
f 1610 25 1607 
f 1609 1607 1605 
f 1607 1609 1610 
f 1605 1799 1802 
f 1799 1796 1804 
f 1802 1804 1801 
f 1804 1802 1799 
f 145 147 1614 
f 147 25 1610 
f 1614 1610 1608 
f 1610 1614 147 
f 1611 1613 1612 
f 1613 145 1614 
f 1612 1614 1608 
f 1614 1612 1613 
f 1805 1806 1807 
f 1806 1611 1612 
f 1807 1612 1608 
f 1612 1807 1806 
f 1805 1807 1808 
f 1807 1608 1803 
f 1808 1803 1801 
f 1803 1808 1807 
f 1615 1616 1811 
f 1616 1611 1810 
f 1811 1810 1809 
f 1810 1811 1616 
f 1611 1616 1618 
f 1616 1615 1617 
f 1618 1617 151 
f 1617 1618 1616 
f 145 1613 153 
f 1613 1611 1618 
f 153 1618 151 
f 1618 153 1613 
f 1809 1810 1812 
f 1810 1611 1806 
f 1812 1806 1805 
f 1806 1812 1810 
f 157 159 1623 
f 159 151 1617 
f 1623 1617 1615 
f 1617 1623 159 
f 1615 1811 1815 
f 1811 1809 1814 
f 1815 1814 1813 
f 1814 1815 1811 
f 1615 1622 1623 
f 1622 163 165 
f 1623 165 157 
f 165 1623 1622 
f 1619 1620 1816 
f 1620 1615 1815 
f 1816 1815 1813 
f 1815 1816 1620 
f 1615 1620 1622 
f 1620 1619 1621 
f 1622 1621 163 
f 1621 1622 1620 
f 1619 1816 1819 
f 1816 1813 1818 
f 1819 1818 1817 
f 1818 1819 1816 
f 1619 1627 1621 
f 1627 169 171 
f 1621 171 163 
f 171 1621 1627 
f 1624 1625 1820 
f 1625 1619 1819 
f 1820 1819 1817 
f 1819 1820 1625 
f 1619 1625 1627 
f 1625 1624 1626 
f 1627 1626 169 
f 1626 1627 1625 
f 175 1631 1630 
f 1631 1624 1629 
f 1630 1629 1628 
f 1629 1630 1631 
f 1624 1822 1629 
f 1822 1821 1823 
f 1629 1823 1628 
f 1823 1629 1822 
f 1624 1631 1626 
f 1631 175 177 
f 1626 177 169 
f 177 1626 1631 
f 1624 1820 1822 
f 1820 1817 1824 
f 1822 1824 1821 
f 1824 1822 1820 
f 1632 1634 1633 
f 1634 175 1630 
f 1633 1630 1628 
f 1630 1633 1634 
f 1825 1826 1827 
f 1826 1632 1633 
f 1827 1633 1628 
f 1633 1827 1826 
f 1825 1827 1828 
f 1827 1628 1823 
f 1828 1823 1821 
f 1823 1828 1827 
f 175 1634 183 
f 1634 1632 1638 
f 183 1638 181 
f 1638 183 1634 
f 1635 1636 1831 
f 1636 1632 1830 
f 1831 1830 1829 
f 1830 1831 1636 
f 181 1638 1637 
f 1638 1632 1636 
f 1637 1636 1635 
f 1636 1637 1638 
f 1829 1830 1832 
f 1830 1632 1826 
f 1832 1826 1825 
f 1826 1832 1830 
f 1639 1640 1835 
f 1640 1635 1834 
f 1835 1834 1833 
f 1834 1835 1640 
f 187 1642 1641 
f 1642 1635 1640 
f 1641 1640 1639 
f 1640 1641 1642 
f 181 1637 189 
f 1637 1635 1642 
f 189 1642 187 
f 1642 189 1637 
f 1635 1831 1834 
f 1831 1829 1836 
f 1834 1836 1833 
f 1836 1834 1831 
f 187 1641 195 
f 1641 1639 1644 
f 195 1644 193 
f 1644 195 1641 
f 1837 1838 1839 
f 1838 1639 1835 
f 1839 1835 1833 
f 1835 1839 1838 
f 1643 1645 1840 
f 1645 1639 1838 
f 1840 1838 1837 
f 1838 1840 1645 
f 193 1644 1646 
f 1644 1639 1645 
f 1646 1645 1643 
f 1645 1646 1644 
f 193 1646 201 
f 1646 1643 1650 
f 201 1650 199 
f 1650 201 1646 
f 1647 1649 1648 
f 1649 199 1650 
f 1648 1650 1643 
f 1650 1648 1649 
f 1841 1842 1843 
f 1842 1647 1648 
f 1843 1648 1643 
f 1648 1843 1842 
f 1841 1843 1844 
f 1843 1643 1840 
f 1844 1840 1837 
f 1840 1844 1843 
f 199 1649 207 
f 1649 1647 1654 
f 207 1654 205 
f 1654 207 1649 
f 1651 1652 1847 
f 1652 1647 1846 
f 1847 1846 1845 
f 1846 1847 1652 
f 205 1654 1653 
f 1654 1647 1652 
f 1653 1652 1651 
f 1652 1653 1654 
f 1647 1842 1846 
f 1842 1841 1848 
f 1846 1848 1845 
f 1848 1846 1842 
f 1655 1656 1851 
f 1656 1651 1850 
f 1851 1850 1849 
f 1850 1851 1656 
f 1655 1657 1656 
f 1657 211 1658 
f 1656 1658 1651 
f 1658 1656 1657 
f 1849 1850 1852 
f 1850 1651 1847 
f 1852 1847 1845 
f 1847 1852 1850 
f 205 1653 213 
f 1653 1651 1658 
f 213 1658 211 
f 1658 213 1653 
f 1655 1662 1663 
f 1662 223 225 
f 1663 225 217 
f 225 1663 1662 
f 1659 1660 1855 
f 1660 1655 1854 
f 1855 1854 1853 
f 1854 1855 1660 
f 1655 1660 1662 
f 1660 1659 1661 
f 1662 1661 223 
f 1661 1662 1660 
f 1655 1663 1657 
f 1663 217 219 
f 1657 219 211 
f 219 1657 1663 
f 1655 1851 1854 
f 1851 1849 1856 
f 1854 1856 1853 
f 1856 1854 1851 
f 1664 1665 1859 
f 1665 1659 1858 
f 1859 1858 1857 
f 1858 1859 1665 
f 223 1661 1666 
f 1661 1659 1665 
f 1666 1665 1664 
f 1665 1666 1661 
f 1857 1858 1860 
f 1858 1659 1855 
f 1860 1855 1853 
f 1855 1860 1858 
f 1667 1668 1863 
f 1668 1664 1862 
f 1863 1862 1861 
f 1862 1863 1668 
f 1667 1669 1668 
f 1669 229 1670 
f 1668 1670 1664 
f 1670 1668 1669 
f 223 1666 231 
f 1666 1664 1670 
f 231 1670 229 
f 1670 231 1666 
f 1664 1859 1862 
f 1859 1857 1864 
f 1862 1864 1861 
f 1864 1862 1859 
f 235 237 1675 
f 237 229 1669 
f 1675 1669 1667 
f 1669 1675 237 
f 1671 1672 1867 
f 1672 1667 1866 
f 1867 1866 1865 
f 1866 1867 1672 
f 1667 1672 1674 
f 1672 1671 1673 
f 1674 1673 241 
f 1673 1674 1672 
f 1667 1863 1866 
f 1863 1861 1868 
f 1866 1868 1865 
f 1868 1866 1863 
f 241 243 1674 
f 243 235 1675 
f 1674 1675 1667 
f 1675 1674 243 
f 1671 1677 1679 
f 1677 1676 1678 
f 1679 1678 247 
f 1678 1679 1677 
f 1671 1870 1677 
f 1870 1869 1871 
f 1677 1871 1676 
f 1871 1677 1870 
f 241 1673 249 
f 1673 1671 1679 
f 249 1679 247 
f 1679 249 1673 
f 1671 1867 1870 
f 1867 1865 1872 
f 1870 1872 1869 
f 1872 1870 1867 
f 253 1683 1682 
f 1683 1676 1681 
f 1682 1681 1680 
f 1681 1682 1683 
f 1676 1874 1681 
f 1874 1873 1875 
f 1681 1875 1680 
f 1875 1681 1874 
f 1676 1683 1678 
f 1683 253 255 
f 1678 255 247 
f 255 1678 1683 
f 1869 1876 1871 
f 1876 1873 1874 
f 1871 1874 1676 
f 1874 1871 1876 
f 1680 1875 1879 
f 1875 1873 1878 
f 1879 1878 1877 
f 1878 1879 1875 
f 1684 1685 1880 
f 1685 1680 1879 
f 1880 1879 1877 
f 1879 1880 1685 
f 253 1682 1686 
f 1682 1680 1685 
f 1686 1685 1684 
f 1685 1686 1682 
f 253 1686 261 
f 1686 1684 1690 
f 261 1690 259 
f 1690 261 1686 
f 1687 1688 1883 
f 1688 1684 1882 
f 1883 1882 1881 
f 1882 1883 1688 
f 259 1690 1689 
f 1690 1684 1688 
f 1689 1688 1687 
f 1688 1689 1690 
f 1684 1880 1882 
f 1880 1877 1884 
f 1882 1884 1881 
f 1884 1882 1880 
f 1687 1694 1695 
f 1694 271 273 
f 1695 273 265 
f 273 1695 1694 
f 259 1689 267 
f 1689 1687 1695 
f 267 1695 265 
f 1695 267 1689 
f 1691 1692 1887 
f 1692 1687 1886 
f 1887 1886 1885 
f 1886 1887 1692 
f 1687 1692 1694 
f 1692 1691 1693 
f 1694 1693 271 
f 1693 1694 1692 
f 1885 1886 1888 
f 1886 1687 1883 
f 1888 1883 1881 
f 1883 1888 1886 
f 1885 1890 1887 
f 1890 1889 1891 
f 1887 1891 1691 
f 1891 1887 1890 
f 1691 1697 1693 
f 1697 1696 1698 
f 1693 1698 271 
f 1698 1693 1697 
f 1889 1892 1891 
f 1892 1696 1697 
f 1891 1697 1691 
f 1697 1891 1892 
f 1696 1702 1698 
f 1702 277 279 
f 1698 279 271 
f 279 1698 1702 
f 1893 1894 1895 
f 1894 1696 1892 
f 1895 1892 1889 
f 1892 1895 1894 
f 1696 1700 1702 
f 1700 1699 1701 
f 1702 1701 277 
f 1701 1702 1700 
f 1893 1896 1894 
f 1896 1699 1700 
f 1894 1700 1696 
f 1700 1894 1896 
f 283 1707 291 
f 1707 1699 1706 
f 291 1706 289 
f 1706 291 1707 
f 1699 1704 1706 
f 1704 1703 1705 
f 1706 1705 289 
f 1705 1706 1704 
f 1897 1898 1899 
f 1898 1703 1704 
f 1899 1704 1699 
f 1704 1899 1898 
f 277 1701 285 
f 1701 1699 1707 
f 285 1707 283 
f 1707 285 1701 
f 1699 1896 1899 
f 1896 1893 1900 
f 1899 1900 1897 
f 1900 1899 1896 
f 1708 1709 1903 
f 1709 1703 1902 
f 1903 1902 1901 
f 1902 1903 1709 
f 1703 1709 1711 
f 1709 1708 1710 
f 1711 1710 295 
f 1710 1711 1709 
f 1901 1902 1904 
f 1902 1703 1898 
f 1904 1898 1897 
f 1898 1904 1902 
f 1703 1711 1705 
f 1711 295 297 
f 1705 297 289 
f 297 1705 1711 
f 1712 1713 1907 
f 1713 1708 1906 
f 1907 1906 1905 
f 1906 1907 1713 
f 1708 1713 1715 
f 1713 1712 1714 
f 1715 1714 301 
f 1714 1715 1713 
f 1708 1715 1710 
f 1715 301 303 
f 1710 303 295 
f 303 1710 1715 
f 1708 1903 1906 
f 1903 1901 1908 
f 1906 1908 1905 
f 1908 1906 1903 
f 1716 1717 1911 
f 1717 1712 1910 
f 1911 1910 1909 
f 1910 1911 1717 
f 1716 1718 1717 
f 1718 301 1714 
f 1717 1714 1712 
f 1714 1717 1718 
f 1909 1910 1912 
f 1910 1712 1907 
f 1912 1907 1905 
f 1907 1912 1910 
f 301 1718 309 
f 1718 1716 1722 
f 309 1722 307 
f 1722 309 1718 
f 1719 1721 1720 
f 1721 307 1722 
f 1720 1722 1716 
f 1722 1720 1721 
f 1913 1914 1915 
f 1914 1719 1720 
f 1915 1720 1716 
f 1720 1915 1914 
f 1716 1911 1915 
f 1911 1909 1916 
f 1915 1916 1913 
f 1916 1915 1911 
f 1719 1724 1726 
f 1724 1723 1725 
f 1726 1725 313 
f 1725 1726 1724 
f 1719 1918 1724 
f 1918 1917 1919 
f 1724 1919 1723 
f 1919 1724 1918 
f 307 1721 315 
f 1721 1719 1726 
f 315 1726 313 
f 1726 315 1721 
f 1917 1918 1920 
f 1918 1719 1914 
f 1920 1914 1913 
f 1914 1920 1918 
f 1727 1729 1728 
f 1729 319 1730 
f 1728 1730 1723 
f 1730 1728 1729 
f 1921 1922 1923 
f 1922 1727 1728 
f 1923 1728 1723 
f 1728 1923 1922 
f 1723 1919 1923 
f 1919 1917 1924 
f 1923 1924 1921 
f 1924 1923 1919 
f 1723 1730 1725 
f 1730 319 321 
f 1725 321 313 
f 321 1725 1730 
f 331 333 1734 
f 333 325 1735 
f 1734 1735 1727 
f 1735 1734 333 
f 1731 1732 1927 
f 1732 1727 1926 
f 1927 1926 1925 
f 1926 1927 1732 
f 1731 1733 1732 
f 1733 331 1734 
f 1732 1734 1727 
f 1734 1732 1733 
f 319 1729 327 
f 1729 1727 1735 
f 327 1735 325 
f 1735 327 1729 
f 1925 1926 1928 
f 1926 1727 1922 
f 1928 1922 1921 
f 1922 1928 1926 
f 1736 1737 1931 
f 1737 1731 1930 
f 1931 1930 1929 
f 1930 1931 1737 
f 1736 1738 1737 
f 1738 331 1733 
f 1737 1733 1731 
f 1733 1737 1738 
f 1731 1927 1930 
f 1927 1925 1932 
f 1930 1932 1929 
f 1932 1930 1927 
f 337 339 1743 
f 339 331 1738 
f 1743 1738 1736 
f 1738 1743 339 
f 1933 1934 1935 
f 1934 1736 1931 
f 1935 1931 1929 
f 1931 1935 1934 
f 1736 1742 1743 
f 1742 343 345 
f 1743 345 337 
f 345 1743 1742 
f 1736 1740 1742 
f 1740 1739 1741 
f 1742 1741 343 
f 1741 1742 1740 
f 1736 1934 1740 
f 1934 1933 1936 
f 1740 1936 1739 
f 1936 1740 1934 
f 349 1747 1746 
f 1747 1739 1745 
f 1746 1745 1744 
f 1745 1746 1747 
f 1739 1938 1745 
f 1938 1937 1939 
f 1745 1939 1744 
f 1939 1745 1938 
f 1739 1747 1741 
f 1747 349 351 
f 1741 351 343 
f 351 1741 1747 
f 1739 1936 1938 
f 1936 1933 1940 
f 1938 1940 1937 
f 1940 1938 1936 
f 1748 1750 1749 
f 1750 349 1746 
f 1749 1746 1744 
f 1746 1749 1750 
f 1941 1942 1943 
f 1942 1748 1749 
f 1943 1749 1744 
f 1749 1943 1942 
f 1941 1943 1944 
f 1943 1744 1939 
f 1944 1939 1937 
f 1939 1944 1943 
f 1751 1752 1947 
f 1752 1748 1946 
f 1947 1946 1945 
f 1946 1947 1752 
f 355 1754 1753 
f 1754 1748 1752 
f 1753 1752 1751 
f 1752 1753 1754 
f 1748 1942 1946 
f 1942 1941 1948 
f 1946 1948 1945 
f 1948 1946 1942 
f 349 1750 357 
f 1750 1748 1754 
f 357 1754 355 
f 1754 357 1750 
f 355 1753 363 
f 1753 1751 1759 
f 363 1759 361 
f 1759 363 1753 
f 1949 1950 1951 
f 1950 1751 1947 
f 1951 1947 1945 
f 1947 1951 1950 
f 1751 1756 1758 
f 1756 1755 1757 
f 1758 1757 367 
f 1757 1758 1756 
f 1949 1952 1950 
f 1952 1755 1756 
f 1950 1756 1751 
f 1756 1950 1952 
f 1751 1758 1759 
f 1758 367 369 
f 1759 369 361 
f 369 1759 1758 
f 1755 1761 1757 
f 1761 1760 1762 
f 1757 1762 367 
f 1762 1757 1761 
f 1953 1954 1955 
f 1954 1760 1761 
f 1955 1761 1755 
f 1761 1955 1954 
f 1755 1952 1955 
f 1952 1949 1956 
f 1955 1956 1953 
f 1956 1955 1952 
f 1763 1765 1764 
f 1765 373 1766 
f 1764 1766 1760 
f 1766 1764 1765 
f 1957 1958 1959 
f 1958 1763 1764 
f 1959 1764 1760 
f 1764 1959 1958 
f 1760 1766 1762 
f 1766 373 375 
f 1762 375 367 
f 375 1762 1766 
f 1957 1959 1960 
f 1959 1760 1954 
f 1960 1954 1953 
f 1954 1960 1959 
f 1767 1768 1963 
f 1768 1763 1962 
f 1963 1962 1961 
f 1962 1963 1768 
f 379 1770 1769 
f 1770 1763 1768 
f 1769 1768 1767 
f 1768 1769 1770 
f 373 1765 381 
f 1765 1763 1770 
f 381 1770 379 
f 1770 381 1765 
f 1763 1958 1962 
f 1958 1957 1964 
f 1962 1964 1961 
f 1964 1962 1958 
f 1771 1772 1967 
f 1772 1767 1966 
f 1967 1966 1965 
f 1966 1967 1772 
f 1767 1772 1774 
f 1772 1771 1773 
f 1774 1773 391 
f 1773 1774 1772 
f 385 387 1775 
f 387 379 1769 
f 1775 1769 1767 
f 1769 1775 387 
f 1767 1774 1775 
f 1774 391 393 
f 1775 393 385 
f 393 1775 1774 
f 1767 1963 1966 
f 1963 1961 1968 
f 1966 1968 1965 
f 1968 1966 1963 
f 1776 1778 1777 
f 1778 391 1773 
f 1777 1773 1771 
f 1773 1777 1778 
f 1969 1970 1971 
f 1970 1776 1777 
f 1971 1777 1771 
f 1777 1971 1970 
f 1771 1967 1971 
f 1967 1965 1972 
f 1971 1972 1969 
f 1972 1971 1967 
f 1973 1975 1977 
f 1975 1776 1976 
f 1977 1976 1974 
f 1976 1977 1975 
f 1776 1970 1976 
f 1970 1969 1978 
f 1976 1978 1974 
f 1978 1976 1970 
f 391 1778 402 
f 1778 1776 1782 
f 402 1782 400 
f 1782 402 1778 
f 1776 1780 1782 
f 1780 1779 1781 
f 1782 1781 400 
f 1781 1782 1780 
f 1973 1979 1975 
f 1979 1779 1780 
f 1975 1780 1776 
f 1780 1975 1979 
f 1779 1784 1785 
f 1784 28 413 
f 1785 413 406 
f 413 1785 1784 
f 1779 1783 1784 
f 1783 1598 1604 
f 1784 1604 28 
f 1604 1784 1783 
f 1779 1981 1783 
f 1981 1980 1982 
f 1783 1982 1598 
f 1982 1783 1981 
f 1779 1785 1781 
f 1785 406 408 
f 1781 408 400 
f 408 1781 1785 
f 1980 1981 1983 
f 1981 1779 1979 
f 1983 1979 1973 
f 1979 1983 1981 
f 1791 1800 1984 
f 1800 1598 1982 
f 1984 1982 1980 
f 1982 1984 1800 
f 25 149 27 
f 149 146 150 
f 27 150 18 
f 150 27 149 
f 146 149 148 
f 149 25 147 
f 148 147 145 
f 147 148 149 
f 152 156 155 
f 156 146 148 
f 155 148 145 
f 148 155 156 
f 152 155 154 
f 155 145 153 
f 154 153 151 
f 153 154 155 
f 152 154 162 
f 154 151 161 
f 162 161 158 
f 161 162 154 
f 158 161 160 
f 161 151 159 
f 160 159 157 
f 159 160 161 
f 158 160 168 
f 160 157 167 
f 168 167 164 
f 167 168 160 
f 157 165 167 
f 165 163 166 
f 167 166 164 
f 166 167 165 
f 163 173 166 
f 173 170 174 
f 166 174 164 
f 174 166 173 
f 169 172 171 
f 172 170 173 
f 171 173 163 
f 173 171 172 
f 170 172 180 
f 172 169 179 
f 180 179 176 
f 179 180 172 
f 176 179 178 
f 179 169 177 
f 178 177 175 
f 177 178 179 
f 176 178 186 
f 178 175 185 
f 186 185 182 
f 185 186 178 
f 175 183 185 
f 183 181 184 
f 185 184 182 
f 184 185 183 
f 181 191 184 
f 191 188 192 
f 184 192 182 
f 192 184 191 
f 181 189 191 
f 189 187 190 
f 191 190 188 
f 190 191 189 
f 194 198 197 
f 198 188 190 
f 197 190 187 
f 190 197 198 
f 187 195 197 
f 195 193 196 
f 197 196 194 
f 196 197 195 
f 193 203 196 
f 203 200 204 
f 196 204 194 
f 204 196 203 
f 199 202 201 
f 202 200 203 
f 201 203 193 
f 203 201 202 
f 205 208 207 
f 208 206 209 
f 207 209 199 
f 209 207 208 
f 199 209 202 
f 209 206 210 
f 202 210 200 
f 210 202 209 
f 206 208 216 
f 208 205 215 
f 216 215 212 
f 215 216 208 
f 205 213 215 
f 213 211 214 
f 215 214 212 
f 214 215 213 
f 212 214 222 
f 214 211 221 
f 222 221 218 
f 221 222 214 
f 211 219 221 
f 219 217 220 
f 221 220 218 
f 220 221 219 
f 224 227 226 
f 227 217 225 
f 226 225 223 
f 225 226 227 
f 218 220 228 
f 220 217 227 
f 228 227 224 
f 227 228 220 
f 224 226 234 
f 226 223 233 
f 234 233 230 
f 233 234 226 
f 230 233 232 
f 233 223 231 
f 232 231 229 
f 231 232 233 
f 230 232 240 
f 232 229 239 
f 240 239 236 
f 239 240 232 
f 229 237 239 
f 237 235 238 
f 239 238 236 
f 238 239 237 
f 235 245 238 
f 245 242 246 
f 238 246 236 
f 246 238 245 
f 235 243 245 
f 243 241 244 
f 245 244 242 
f 244 245 243 
f 242 244 252 
f 244 241 251 
f 252 251 248 
f 251 252 244 
f 248 251 250 
f 251 241 249 
f 250 249 247 
f 249 250 251 
f 254 258 257 
f 258 248 250 
f 257 250 247 
f 250 257 258 
f 253 256 255 
f 256 254 257 
f 255 257 247 
f 257 255 256 
f 260 264 263 
f 264 254 256 
f 263 256 253 
f 256 263 264 
f 259 262 261 
f 262 260 263 
f 261 263 253 
f 263 261 262 
f 260 262 270 
f 262 259 269 
f 270 269 266 
f 269 270 262 
f 266 269 268 
f 269 259 267 
f 268 267 265 
f 267 268 269 
f 272 275 274 
f 275 265 273 
f 274 273 271 
f 273 274 275 
f 272 276 275 
f 276 266 268 
f 275 268 265 
f 268 275 276 
f 278 282 281 
f 282 272 274 
f 281 274 271 
f 274 281 282 
f 277 280 279 
f 280 278 281 
f 279 281 271 
f 281 279 280 
f 277 287 280 
f 287 284 288 
f 280 288 278 
f 288 280 287 
f 277 285 287 
f 285 283 286 
f 287 286 284 
f 286 287 285 
f 284 286 294 
f 286 283 293 
f 294 293 290 
f 293 294 286 
f 283 291 293 
f 291 289 292 
f 293 292 290 
f 292 293 291 
f 289 297 299 
f 297 295 298 
f 299 298 296 
f 298 299 297 
f 289 299 292 
f 299 296 300 
f 292 300 290 
f 300 292 299 
f 295 305 298 
f 305 302 306 
f 298 306 296 
f 306 298 305 
f 302 305 304 
f 305 295 303 
f 304 303 301 
f 303 304 305 
f 308 312 311 
f 312 302 304 
f 311 304 301 
f 304 311 312 
f 308 311 310 
f 311 301 309 
f 310 309 307 
f 309 310 311 
f 314 318 317 
f 318 308 310 
f 317 310 307 
f 310 317 318 
f 314 317 316 
f 317 307 315 
f 316 315 313 
f 315 316 317 
f 319 322 321 
f 322 320 323 
f 321 323 313 
f 323 321 322 
f 314 316 324 
f 316 313 323 
f 324 323 320 
f 323 324 316 
f 320 322 330 
f 322 319 329 
f 330 329 326 
f 329 330 322 
f 319 327 329 
f 327 325 328 
f 329 328 326 
f 328 329 327 
f 326 328 336 
f 328 325 335 
f 336 335 332 
f 335 336 328 
f 325 333 335 
f 333 331 334 
f 335 334 332 
f 334 335 333 
f 332 334 342 
f 334 331 341 
f 342 341 338 
f 341 342 334 
f 337 340 339 
f 340 338 341 
f 339 341 331 
f 341 339 340 
f 337 347 340 
f 347 344 348 
f 340 348 338 
f 348 340 347 
f 343 346 345 
f 346 344 347 
f 345 347 337 
f 347 345 346 
f 344 346 354 
f 346 343 353 
f 354 353 350 
f 353 354 346 
f 343 351 353 
f 351 349 352 
f 353 352 350 
f 352 353 351 
f 349 359 352 
f 359 356 360 
f 352 360 350 
f 360 352 359 
f 355 358 357 
f 358 356 359 
f 357 359 349 
f 359 357 358 
f 355 365 358 
f 365 362 366 
f 358 366 356 
f 366 358 365 
f 361 364 363 
f 364 362 365 
f 363 365 355 
f 365 363 364 
f 362 364 372 
f 364 361 371 
f 372 371 368 
f 371 372 364 
f 367 370 369 
f 370 368 371 
f 369 371 361 
f 371 369 370 
f 374 378 377 
f 378 368 370 
f 377 370 367 
f 370 377 378 
f 373 376 375 
f 376 374 377 
f 375 377 367 
f 377 375 376 
f 373 383 376 
f 383 380 384 
f 376 384 374 
f 384 376 383 
f 373 381 383 
f 381 379 382 
f 383 382 380 
f 382 383 381 
f 379 389 382 
f 389 386 390 
f 382 390 380 
f 390 382 389 
f 379 387 389 
f 387 385 388 
f 389 388 386 
f 388 389 387 
f 396 397 398 
f 397 385 395 
f 398 395 392 
f 395 398 397 
f 392 395 394 
f 395 385 393 
f 394 393 391 
f 393 394 395 
f 386 388 399 
f 388 385 397 
f 399 397 396 
f 397 399 388 
f 392 394 405 
f 394 391 404 
f 405 404 401 
f 404 405 394 
f 391 402 404 
f 402 400 403 
f 404 403 401 
f 403 404 402 
f 400 410 403 
f 410 407 411 
f 403 411 401 
f 411 403 410 
f 400 408 410 
f 408 406 409 
f 410 409 407 
f 409 410 408 
f 407 409 416 
f 409 406 415 
f 416 415 412 
f 415 416 409 
f 406 413 415 
f 413 28 414 
f 415 414 412 
f 414 415 413 
f 28 30 414 
f 30 22 417 
f 414 417 412 
f 417 414 30 
f 52 422 69 
f 422 421 423 
f 69 423 62 
f 423 69 422 
f 52 420 422 
f 420 418 424 
f 422 424 421 
f 424 422 420 
f 42 419 59 
f 419 418 420 
f 59 420 52 
f 420 59 419 
f 428 430 429 
f 430 56 427 
f 429 427 425 
f 427 429 430 
f 56 430 60 
f 430 428 431 
f 60 431 46 
f 431 60 430 
f 56 70 427 
f 70 66 426 
f 427 426 425 
f 426 427 70 
f 432 434 433 
f 434 332 342 
f 433 342 338 
f 342 433 434 
f 435 437 436 
f 437 432 433 
f 436 433 338 
f 433 436 437 
f 338 348 436 
f 348 344 438 
f 436 438 435 
f 438 436 348 
f 442 444 443 
f 444 218 440 
f 443 440 439 
f 440 443 444 
f 442 445 444 
f 445 212 222 
f 444 222 218 
f 222 444 445 
f 218 228 440 
f 228 224 441 
f 440 441 439 
f 441 440 228 
f 314 454 450 
f 454 452 455 
f 450 455 449 
f 455 450 454 
f 452 454 453 
f 454 314 324 
f 453 324 320 
f 324 453 454 
f 446 447 451 
f 447 314 450 
f 451 450 449 
f 450 451 447 
f 308 318 448 
f 318 314 447 
f 448 447 446 
f 447 448 318 
f 457 460 459 
f 460 456 458 
f 459 458 242 
f 458 459 460 
f 236 246 461 
f 246 242 458 
f 461 458 456 
f 458 461 246 
f 242 252 459 
f 252 248 462 
f 459 462 457 
f 462 459 252 
f 463 465 467 
f 465 362 466 
f 467 466 464 
f 466 467 465 
f 368 470 372 
f 470 469 471 
f 372 471 362 
f 471 372 470 
f 362 471 466 
f 471 469 472 
f 466 472 464 
f 472 466 471 
f 362 465 366 
f 465 463 468 
f 366 468 356 
f 468 366 465 
f 200 474 204 
f 474 473 475 
f 204 475 194 
f 475 204 474 
f 476 477 479 
f 477 194 475 
f 479 475 473 
f 475 479 477 
f 194 477 198 
f 477 476 478 
f 198 478 188 
f 478 198 477 
f 480 486 482 
f 486 483 484 
f 482 484 266 
f 484 482 486 
f 480 482 481 
f 482 266 276 
f 481 276 272 
f 276 481 482 
f 483 485 484 
f 485 260 270 
f 484 270 266 
f 270 484 485 
f 290 489 294 
f 489 487 492 
f 294 492 284 
f 492 294 489 
f 290 490 489 
f 490 488 491 
f 489 491 487 
f 491 489 490 
f 296 493 300 
f 493 488 490 
f 300 490 290 
f 490 300 493 
f 380 390 496 
f 390 386 499 
f 496 499 494 
f 499 496 390 
f 495 500 498 
f 500 374 384 
f 498 384 380 
f 384 498 500 
f 380 496 498 
f 496 494 497 
f 498 497 495 
f 497 498 496 
f 501 506 503 
f 506 170 180 
f 503 180 176 
f 180 503 506 
f 502 505 504 
f 505 501 503 
f 504 503 176 
f 503 504 505 
f 182 508 186 
f 508 507 509 
f 186 509 176 
f 509 186 508 
f 502 504 510 
f 504 176 509 
f 510 509 507 
f 509 510 504 
f 511 517 513 
f 517 514 515 
f 513 515 127 
f 515 513 517 
f 131 512 133 
f 512 511 513 
f 133 513 127 
f 513 133 512 
f 514 516 515 
f 516 138 139 
f 515 139 127 
f 139 515 516 
f 518 519 523 
f 519 131 522 
f 523 522 521 
f 522 523 519 
f 131 136 522 
f 136 134 524 
f 522 524 521 
f 524 522 136 
f 511 512 520 
f 512 131 519 
f 520 519 518 
f 519 520 512 
f 138 516 530 
f 516 514 529 
f 530 529 528 
f 529 530 516 
f 138 530 526 
f 530 528 531 
f 526 531 525 
f 531 526 530 
f 141 142 527 
f 142 138 526 
f 527 526 525 
f 526 527 142 
f 535 537 536 
f 537 511 534 
f 536 534 532 
f 534 536 537 
f 514 517 538 
f 517 511 537 
f 538 537 535 
f 537 538 517 
f 511 520 534 
f 520 518 533 
f 534 533 532 
f 533 534 520 
f 539 541 540 
f 541 532 533 
f 540 533 518 
f 533 540 541 
f 542 543 545 
f 543 518 523 
f 545 523 521 
f 523 545 543 
f 518 543 540 
f 543 542 544 
f 540 544 539 
f 544 540 543 
f 546 550 548 
f 550 549 551 
f 548 551 532 
f 551 548 550 
f 532 551 536 
f 551 549 552 
f 536 552 535 
f 552 536 551 
f 532 541 548 
f 541 539 547 
f 548 547 546 
f 547 548 541 
f 539 544 555 
f 544 542 554 
f 555 554 553 
f 554 555 544 
f 556 558 557 
f 558 539 555 
f 557 555 553 
f 555 557 558 
f 539 558 547 
f 558 556 559 
f 547 559 546 
f 559 547 558 
f 553 554 562 
f 554 542 561 
f 562 561 560 
f 561 562 554 
f 542 564 561 
f 564 563 565 
f 561 565 560 
f 565 561 564 
f 563 564 566 
f 564 542 545 
f 566 545 521 
f 545 566 564 
f 553 562 569 
f 562 560 568 
f 569 568 567 
f 568 569 562 
f 553 569 572 
f 569 567 571 
f 572 571 570 
f 571 572 569 
f 570 573 572 
f 573 556 557 
f 572 557 553 
f 557 572 573 
f 567 568 576 
f 568 560 575 
f 576 575 574 
f 575 576 568 
f 577 579 578 
f 579 574 575 
f 578 575 560 
f 575 578 579 
f 560 565 578 
f 565 563 580 
f 578 580 577 
f 580 578 565 
f 72 583 585 
f 583 581 584 
f 585 584 582 
f 584 585 583 
f 62 590 79 
f 590 586 587 
f 79 587 72 
f 587 79 590 
f 86 89 589 
f 89 72 585 
f 589 585 582 
f 585 589 89 
f 72 587 583 
f 587 586 588 
f 583 588 581 
f 588 583 587 
f 594 595 597 
f 595 76 593 
f 597 593 591 
f 593 597 595 
f 76 90 593 
f 90 82 592 
f 593 592 591 
f 592 593 90 
f 594 596 595 
f 596 66 80 
f 595 80 76 
f 80 595 596 
f 598 600 599 
f 600 549 550 
f 599 550 546 
f 550 599 600 
f 546 602 599 
f 602 601 603 
f 599 603 598 
f 603 599 602 
f 546 559 602 
f 559 556 604 
f 602 604 601 
f 604 602 559 
f 549 607 610 
f 607 605 609 
f 610 609 608 
f 609 610 607 
f 608 611 610 
f 611 535 552 
f 610 552 549 
f 552 610 611 
f 598 606 600 
f 606 605 607 
f 600 607 549 
f 607 600 606 
f 615 617 616 
f 617 32 49 
f 616 49 46 
f 49 616 617 
f 32 617 613 
f 617 615 618 
f 613 618 612 
f 618 613 617 
f 3 39 614 
f 39 32 613 
f 614 613 612 
f 613 614 39 
f 418 419 622 
f 419 42 50 
f 622 50 36 
f 50 622 419 
f 619 621 620 
f 621 418 622 
f 620 622 36 
f 622 620 621 
f 623 625 624 
f 625 619 620 
f 624 620 36 
f 620 624 625 
f 7 626 40 
f 626 623 624 
f 40 624 36 
f 624 40 626 
f 627 629 628 
f 629 605 606 
f 628 606 598 
f 606 628 629 
f 598 631 628 
f 631 630 632 
f 628 632 627 
f 632 628 631 
f 630 631 633 
f 631 598 603 
f 633 603 601 
f 603 633 631 
f 605 636 639 
f 636 634 638 
f 639 638 637 
f 638 639 636 
f 605 629 636 
f 629 627 635 
f 636 635 634 
f 635 636 629 
f 608 609 640 
f 609 605 639 
f 640 639 637 
f 639 640 609 
f 567 645 571 
f 645 644 646 
f 571 646 570 
f 646 571 645 
f 567 576 643 
f 576 574 642 
f 643 642 641 
f 642 643 576 
f 644 645 647 
f 645 567 643 
f 647 643 641 
f 643 647 645 
f 641 642 654 
f 642 574 653 
f 654 653 651 
f 653 654 642 
f 648 650 649 
f 650 574 579 
f 649 579 577 
f 579 649 650 
f 648 652 650 
f 652 651 653 
f 650 653 574 
f 653 650 652 
f 658 660 659 
f 660 655 656 
f 659 656 577 
f 656 659 660 
f 577 656 649 
f 656 655 657 
f 649 657 648 
f 657 649 656 
f 563 661 580 
f 661 658 659 
f 580 659 577 
f 659 580 661 
f 648 657 664 
f 657 655 663 
f 664 663 662 
f 663 664 657 
f 665 667 666 
f 667 648 664 
f 666 664 662 
f 664 666 667 
f 648 667 652 
f 667 665 668 
f 652 668 651 
f 668 652 667 
f 672 674 673 
f 674 669 670 
f 673 670 655 
f 670 673 674 
f 672 673 675 
f 673 655 660 
f 675 660 658 
f 660 675 673 
f 655 670 663 
f 670 669 671 
f 663 671 662 
f 671 663 670 
f 669 677 671 
f 677 676 678 
f 671 678 662 
f 678 671 677 
f 665 666 682 
f 666 662 681 
f 682 681 679 
f 681 682 666 
f 676 680 678 
f 680 679 681 
f 678 681 662 
f 681 678 680 
f 672 689 674 
f 689 686 687 
f 674 687 669 
f 687 674 689 
f 683 684 688 
f 684 669 687 
f 688 687 686 
f 687 688 684 
f 683 685 684 
f 685 676 677 
f 684 677 669 
f 677 684 685 
f 676 692 695 
f 692 690 694 
f 695 694 693 
f 694 695 692 
f 683 691 685 
f 691 690 692 
f 685 692 676 
f 692 685 691 
f 679 680 696 
f 680 676 695 
f 696 695 693 
f 695 696 680 
f 700 701 703 
f 701 683 688 
f 703 688 686 
f 688 703 701 
f 683 701 698 
f 701 700 702 
f 698 702 697 
f 702 698 701 
f 697 699 698 
f 699 690 691 
f 698 691 683 
f 691 698 699 
f 707 708 710 
f 708 158 168 
f 710 168 164 
f 168 710 708 
f 704 705 709 
f 705 158 708 
f 709 708 707 
f 708 709 705 
f 152 162 706 
f 162 158 705 
f 706 705 704 
f 705 706 162 
f 401 411 713 
f 411 407 712 
f 713 712 711 
f 712 713 411 
f 714 715 717 
f 715 401 713 
f 717 713 711 
f 713 717 715 
f 714 716 715 
f 716 392 405 
f 715 405 401 
f 405 715 716 
f 718 720 719 
f 720 651 668 
f 719 668 665 
f 668 719 720 
f 721 723 722 
f 723 641 654 
f 722 654 651 
f 654 722 723 
f 721 722 724 
f 722 651 720 
f 724 720 718 
f 720 724 722 
f 728 730 729 
f 730 627 632 
f 729 632 630 
f 632 729 730 
f 728 731 730 
f 731 725 726 
f 730 726 627 
f 726 730 731 
f 627 726 635 
f 726 725 727 
f 635 727 634 
f 727 635 726 
f 732 733 737 
f 733 634 736 
f 737 736 735 
f 736 737 733 
f 732 734 733 
f 734 637 638 
f 733 638 634 
f 638 733 734 
f 634 727 736 
f 727 725 738 
f 736 738 735 
f 738 736 727 
f 739 741 740 
f 741 728 729 
f 740 729 630 
f 729 740 741 
f 739 740 744 
f 740 630 743 
f 744 743 742 
f 743 744 740 
f 742 743 745 
f 743 630 633 
f 745 633 601 
f 633 745 743 
f 732 747 734 
f 747 746 748 
f 734 748 637 
f 748 734 747 
f 746 750 748 
f 750 749 751 
f 748 751 637 
f 751 748 750 
f 749 752 751 
f 752 608 640 
f 751 640 637 
f 640 751 752 
f 732 737 757 
f 737 735 759 
f 757 759 756 
f 759 757 737 
f 753 754 758 
f 754 732 757 
f 758 757 756 
f 757 758 754 
f 746 747 755 
f 747 732 754 
f 755 754 753 
f 754 755 747 
f 753 761 755 
f 761 760 762 
f 755 762 746 
f 762 755 761 
f 763 766 765 
f 766 749 750 
f 765 750 746 
f 750 765 766 
f 763 765 764 
f 765 746 762 
f 764 762 760 
f 762 764 765 
f 753 771 768 
f 771 770 772 
f 768 772 767 
f 772 768 771 
f 770 771 773 
f 771 753 758 
f 773 758 756 
f 758 773 771 
f 760 761 769 
f 761 753 768 
f 769 768 767 
f 768 769 761 
f 760 779 781 
f 779 777 782 
f 781 782 780 
f 782 781 779 
f 774 776 775 
f 776 760 769 
f 775 769 767 
f 769 775 776 
f 760 776 779 
f 776 774 778 
f 779 778 777 
f 778 779 776 
f 780 783 781 
f 783 763 764 
f 781 764 760 
f 764 781 783 
f 774 775 786 
f 775 767 785 
f 786 785 784 
f 785 786 775 
f 770 790 772 
f 790 787 788 
f 772 788 767 
f 788 772 790 
f 784 785 789 
f 785 767 788 
f 789 788 787 
f 788 789 785 
f 784 792 786 
f 792 791 793 
f 786 793 774 
f 793 786 792 
f 794 796 795 
f 796 774 793 
f 795 793 791 
f 793 795 796 
f 774 796 778 
f 796 794 797 
f 778 797 777 
f 797 778 796 
f 350 800 799 
f 800 463 801 
f 799 801 798 
f 801 799 800 
f 350 799 804 
f 799 798 803 
f 804 803 802 
f 803 804 799 
f 802 805 804 
f 805 344 354 
f 804 354 350 
f 354 804 805 
f 350 360 800 
f 360 356 468 
f 800 468 463 
f 468 800 360 
f 806 807 811 
f 807 206 810 
f 811 810 809 
f 810 811 807 
f 806 808 807 
f 808 200 210 
f 807 210 206 
f 210 807 808 
f 212 812 216 
f 812 809 810 
f 216 810 206 
f 810 216 812 
f 284 492 288 
f 492 487 815 
f 288 815 278 
f 815 288 492 
f 278 815 814 
f 815 487 816 
f 814 816 813 
f 816 814 815 
f 813 818 814 
f 818 817 819 
f 814 819 278 
f 819 814 818 
f 278 819 282 
f 819 817 820 
f 282 820 272 
f 820 282 819 
f 824 826 825 
f 826 821 822 
f 825 822 254 
f 822 825 826 
f 821 823 822 
f 823 248 258 
f 822 258 254 
f 258 822 823 
f 260 827 264 
f 827 824 825 
f 264 825 254 
f 825 264 827 
f 828 830 832 
f 830 230 240 
f 832 240 236 
f 240 832 830 
f 828 831 830 
f 831 439 829 
f 830 829 230 
f 829 830 831 
f 439 441 829 
f 441 224 234 
f 829 234 230 
f 234 829 441 
f 690 835 838 
f 835 833 837 
f 838 837 836 
f 837 838 835 
f 836 839 838 
f 839 693 694 
f 838 694 690 
f 694 838 839 
f 697 834 699 
f 834 833 835 
f 699 835 690 
f 835 699 834 
f 833 834 846 
f 834 697 845 
f 846 845 843 
f 845 846 834 
f 840 842 841 
f 842 697 702 
f 841 702 700 
f 702 841 842 
f 840 844 842 
f 844 843 845 
f 842 845 697 
f 845 842 844 
f 700 703 851 
f 703 686 853 
f 851 853 850 
f 853 851 703 
f 847 848 852 
f 848 700 851 
f 852 851 850 
f 851 852 848 
f 840 841 849 
f 841 700 848 
f 849 848 847 
f 848 849 841 
f 854 858 856 
f 858 857 859 
f 856 859 840 
f 859 856 858 
f 843 844 860 
f 844 840 859 
f 860 859 857 
f 859 860 844 
f 840 849 856 
f 849 847 855 
f 856 855 854 
f 855 856 849 
f 864 865 867 
f 865 847 852 
f 867 852 850 
f 852 867 865 
f 864 866 865 
f 866 861 862 
f 865 862 847 
f 862 865 866 
f 854 855 863 
f 855 847 862 
f 863 862 861 
f 862 863 855 
f 857 858 874 
f 858 854 873 
f 874 873 871 
f 873 874 858 
f 861 869 863 
f 869 868 870 
f 863 870 854 
f 870 863 869 
f 868 872 870 
f 872 871 873 
f 870 873 854 
f 873 870 872 
f 876 879 878 
f 879 296 306 
f 878 306 302 
f 306 878 879 
f 302 875 878 
f 875 446 877 
f 878 877 876 
f 877 878 875 
f 302 312 875 
f 312 308 448 
f 875 448 446 
f 448 875 312 
f 880 884 882 
f 884 883 885 
f 882 885 326 
f 885 882 884 
f 326 336 882 
f 336 332 881 
f 882 881 880 
f 881 882 336 
f 326 885 330 
f 885 883 886 
f 330 886 320 
f 886 330 885 
f 521 524 889 
f 524 134 888 
f 889 888 887 
f 888 889 524 
f 134 891 888 
f 891 890 892 
f 888 892 887 
f 892 888 891 
f 134 137 891 
f 137 113 893 
f 891 893 890 
f 893 891 137 
f 890 897 898 
f 897 117 896 
f 898 896 894 
f 896 898 897 
f 117 121 896 
f 121 118 895 
f 896 895 894 
f 895 896 121 
f 113 122 893 
f 122 117 897 
f 893 897 890 
f 897 893 122 
f 902 904 903 
f 904 861 866 
f 903 866 864 
f 866 903 904 
f 861 904 900 
f 904 902 905 
f 900 905 899 
f 905 900 904 
f 868 869 901 
f 869 861 900 
f 901 900 899 
f 900 901 869 
f 909 911 910 
f 911 906 907 
f 910 907 868 
f 907 910 911 
f 868 907 872 
f 907 906 908 
f 872 908 871 
f 908 872 907 
f 909 910 912 
f 910 868 901 
f 912 901 899 
f 901 912 910 
f 857 874 918 
f 874 871 917 
f 918 917 916 
f 917 918 874 
f 906 914 908 
f 914 913 915 
f 908 915 871 
f 915 908 914 
f 871 915 917 
f 915 913 919 
f 917 919 916 
f 919 917 915 
f 913 914 926 
f 914 906 925 
f 926 925 923 
f 925 926 914 
f 923 925 924 
f 925 906 922 
f 924 922 920 
f 922 924 925 
f 906 911 922 
f 911 909 921 
f 922 921 920 
f 921 922 911 
f 909 912 931 
f 912 899 933 
f 931 933 930 
f 933 931 912 
f 909 931 928 
f 931 930 932 
f 928 932 927 
f 932 928 931 
f 909 928 921 
f 928 927 929 
f 921 929 920 
f 929 921 928 
f 934 938 936 
f 938 937 939 
f 936 939 920 
f 939 936 938 
f 937 940 939 
f 940 923 924 
f 939 924 920 
f 924 939 940 
f 927 935 929 
f 935 934 936 
f 929 936 920 
f 936 929 935 
f 679 948 682 
f 948 946 950 
f 682 950 665 
f 950 682 948 
f 941 947 943 
f 947 946 948 
f 943 948 679 
f 948 943 947 
f 693 949 696 
f 949 942 944 
f 696 944 679 
f 944 696 949 
f 679 944 943 
f 944 942 945 
f 943 945 941 
f 945 943 944 
f 954 956 955 
f 956 833 846 
f 955 846 843 
f 846 955 956 
f 843 953 955 
f 953 951 957 
f 955 957 954 
f 957 955 953 
f 843 860 953 
f 860 857 952 
f 953 952 951 
f 952 953 860 
f 784 789 962 
f 789 787 964 
f 962 964 961 
f 964 962 789 
f 784 959 792 
f 959 958 960 
f 792 960 791 
f 960 792 959 
f 784 962 959 
f 962 961 963 
f 959 963 958 
f 963 959 962 
f 965 966 970 
f 966 791 969 
f 970 969 968 
f 969 970 966 
f 958 971 960 
f 971 968 969 
f 960 969 791 
f 969 960 971 
f 794 795 967 
f 795 791 966 
f 967 966 965 
f 966 967 795 
f 141 974 976 
f 974 972 975 
f 976 975 623 
f 975 976 974 
f 972 974 973 
f 974 141 527 
f 973 527 525 
f 527 973 974 
f 7 144 626 
f 144 141 976 
f 626 976 623 
f 976 626 144 
f 794 967 979 
f 967 965 978 
f 979 978 977 
f 978 979 967 
f 794 979 982 
f 979 977 981 
f 982 981 980 
f 981 982 979 
f 777 797 983 
f 797 794 982 
f 983 982 980 
f 982 983 797 
f 965 970 988 
f 970 968 990 
f 988 990 987 
f 990 988 970 
f 977 978 986 
f 978 965 985 
f 986 985 984 
f 985 986 978 
f 987 989 988 
f 989 984 985 
f 988 985 965 
f 985 988 989 
f 977 993 996 
f 993 991 995 
f 996 995 994 
f 995 996 993 
f 977 996 981 
f 996 994 997 
f 981 997 980 
f 997 981 996 
f 977 986 993 
f 986 984 992 
f 993 992 991 
f 992 993 986 
f 998 1000 999 
f 1000 984 989 
f 999 989 987 
f 989 999 1000 
f 1001 1004 1003 
f 1004 991 992 
f 1003 992 984 
f 992 1003 1004 
f 984 1000 1003 
f 1000 998 1002 
f 1003 1002 1001 
f 1002 1003 1000 
f 987 1006 999 
f 1006 1005 1007 
f 999 1007 998 
f 1007 999 1006 
f 1008 1009 1011 
f 1009 987 990 
f 1011 990 968 
f 990 1011 1009 
f 1008 1010 1009 
f 1010 1005 1006 
f 1009 1006 987 
f 1006 1009 1010 
f 1012 1016 1014 
f 1016 1015 1017 
f 1014 1017 998 
f 1017 1014 1016 
f 1012 1014 1013 
f 1014 998 1007 
f 1013 1007 1005 
f 1007 1013 1014 
f 1015 1018 1017 
f 1018 1001 1002 
f 1017 1002 998 
f 1002 1017 1018 
f 1019 1021 1020 
f 1021 934 935 
f 1020 935 927 
f 935 1020 1021 
f 1022 1025 1024 
f 1025 1019 1020 
f 1024 1020 927 
f 1020 1024 1025 
f 1022 1024 1023 
f 1024 927 932 
f 1023 932 930 
f 932 1023 1024 
f 1029 1032 1031 
f 1032 937 938 
f 1031 938 934 
f 938 1031 1032 
f 1026 1030 1028 
f 1030 1029 1031 
f 1028 1031 934 
f 1031 1028 1030 
f 934 1021 1028 
f 1021 1019 1027 
f 1028 1027 1026 
f 1027 1028 1021 
f 735 1034 759 
f 1034 1033 1035 
f 759 1035 756 
f 1035 759 1034 
f 1036 1039 1038 
f 1039 1033 1034 
f 1038 1034 735 
f 1034 1038 1039 
f 725 1037 738 
f 1037 1036 1038 
f 738 1038 735 
f 1038 738 1037 
f 728 1045 731 
f 1045 1043 1046 
f 731 1046 725 
f 1046 731 1045 
f 1040 1042 1041 
f 1042 728 741 
f 1041 741 739 
f 741 1041 1042 
f 1040 1044 1042 
f 1044 1043 1045 
f 1042 1045 728 
f 1045 1042 1044 
f 1040 1041 1049 
f 1041 739 1048 
f 1049 1048 1047 
f 1048 1049 1041 
f 739 744 1051 
f 744 742 1053 
f 1051 1053 1050 
f 1053 1051 744 
f 1050 1052 1051 
f 1052 1047 1048 
f 1051 1048 739 
f 1048 1051 1052 
f 913 926 1056 
f 926 923 1055 
f 1056 1055 1054 
f 1055 1056 926 
f 923 940 1059 
f 940 937 1058 
f 1059 1058 1057 
f 1058 1059 940 
f 923 1059 1055 
f 1059 1057 1060 
f 1055 1060 1054 
f 1060 1055 1059 
f 1061 1062 1066 
f 1062 991 1065 
f 1066 1065 1064 
f 1065 1066 1062 
f 991 1062 995 
f 1062 1061 1063 
f 995 1063 994 
f 1063 995 1062 
f 991 1004 1065 
f 1004 1001 1067 
f 1065 1067 1064 
f 1067 1065 1004 
f 101 1072 108 
f 1072 1071 1073 
f 108 1073 92 
f 1073 108 1072 
f 1068 1070 1069 
f 1070 82 99 
f 1069 99 92 
f 99 1069 1070 
f 1068 1069 1074 
f 1069 92 1073 
f 1074 1073 1071 
f 1073 1074 1069 
f 96 1079 109 
f 1079 1078 1080 
f 109 1080 105 
f 1080 109 1079 
f 96 100 1077 
f 100 86 1076 
f 1077 1076 1075 
f 1076 1077 100 
f 1078 1079 1081 
f 1079 96 1077 
f 1081 1077 1075 
f 1077 1081 1079 
f 1082 1084 1083 
f 1084 770 773 
f 1083 773 756 
f 773 1083 1084 
f 1085 1087 1086 
f 1087 770 1084 
f 1086 1084 1082 
f 1084 1086 1087 
f 770 1087 790 
f 1087 1085 1088 
f 790 1088 787 
f 1088 790 1087 
f 570 646 1091 
f 646 644 1090 
f 1091 1090 1089 
f 1090 1091 646 
f 570 1091 1094 
f 1091 1089 1093 
f 1094 1093 1092 
f 1093 1094 1091 
f 556 573 1095 
f 573 570 1094 
f 1095 1094 1092 
f 1094 1095 573 
f 644 1097 1090 
f 1097 1096 1098 
f 1090 1098 1089 
f 1098 1090 1097 
f 644 1100 1097 
f 1100 1099 1101 
f 1097 1101 1096 
f 1101 1097 1100 
f 644 647 1100 
f 647 641 1102 
f 1100 1102 1099 
f 1102 1100 647 
f 899 1111 933 
f 1111 1104 1106 
f 933 1106 930 
f 1106 933 1111 
f 1104 1107 1106 
f 1107 1103 1105 
f 1106 1105 930 
f 1105 1106 1107 
f 1103 1109 1105 
f 1109 1108 1110 
f 1105 1110 930 
f 1110 1105 1109 
f 1108 1112 1110 
f 1112 1022 1023 
f 1110 1023 930 
f 1023 1110 1112 
f 1116 1119 1118 
f 1119 968 971 
f 1118 971 958 
f 971 1118 1119 
f 961 1114 963 
f 1114 1113 1115 
f 963 1115 958 
f 1115 963 1114 
f 1113 1117 1115 
f 1117 1116 1118 
f 1115 1118 958 
f 1118 1115 1117 
f 1089 1125 1093 
f 1125 1123 1126 
f 1093 1126 1092 
f 1126 1093 1125 
f 1089 1098 1122 
f 1098 1096 1121 
f 1122 1121 1120 
f 1121 1122 1098 
f 1123 1125 1124 
f 1125 1089 1122 
f 1124 1122 1120 
f 1122 1124 1125 
f 1096 1101 1131 
f 1101 1099 1133 
f 1131 1133 1130 
f 1133 1131 1101 
f 1096 1128 1121 
f 1128 1127 1129 
f 1121 1129 1120 
f 1129 1121 1128 
f 1127 1128 1132 
f 1128 1096 1131 
f 1132 1131 1130 
f 1131 1132 1128 
f 1120 1139 1124 
f 1139 1137 1140 
f 1124 1140 1123 
f 1140 1124 1139 
f 1137 1139 1138 
f 1139 1120 1136 
f 1138 1136 1134 
f 1136 1138 1139 
f 1134 1136 1135 
f 1136 1120 1129 
f 1135 1129 1127 
f 1129 1135 1136 
f 1141 1142 1146 
f 1142 1019 1145 
f 1146 1145 1144 
f 1145 1146 1142 
f 1019 1025 1145 
f 1025 1022 1147 
f 1145 1147 1144 
f 1147 1145 1025 
f 1026 1027 1143 
f 1027 1019 1142 
f 1143 1142 1141 
f 1142 1143 1027 
f 1026 1143 1152 
f 1143 1141 1154 
f 1152 1154 1151 
f 1154 1152 1143 
f 1026 1152 1149 
f 1152 1151 1153 
f 1149 1153 1148 
f 1153 1149 1152 
f 1148 1150 1149 
f 1150 1029 1030 
f 1149 1030 1026 
f 1030 1149 1150 
f 994 1160 997 
f 1160 1155 1157 
f 997 1157 980 
f 1157 997 1160 
f 1155 1158 1157 
f 1158 1156 1159 
f 1157 1159 980 
f 1159 1157 1158 
f 780 1162 1161 
f 1162 980 1159 
f 1161 1159 1156 
f 1159 1161 1162 
f 777 983 782 
f 983 980 1162 
f 782 1162 780 
f 1162 782 983 
f 1005 1164 1013 
f 1164 1163 1165 
f 1013 1165 1012 
f 1165 1013 1164 
f 1005 1168 1164 
f 1168 1166 1169 
f 1164 1169 1163 
f 1169 1164 1168 
f 1166 1168 1167 
f 1168 1005 1010 
f 1167 1010 1008 
f 1010 1167 1168 
f 1170 1171 1175 
f 1171 1012 1174 
f 1175 1174 1173 
f 1174 1175 1171 
f 1012 1165 1174 
f 1165 1163 1176 
f 1174 1176 1173 
f 1176 1174 1165 
f 1170 1172 1171 
f 1172 1015 1016 
f 1171 1016 1012 
f 1016 1171 1172 
f 1180 1182 1181 
f 1182 1015 1179 
f 1181 1179 1177 
f 1179 1181 1182 
f 1170 1178 1172 
f 1178 1177 1179 
f 1172 1179 1015 
f 1179 1172 1178 
f 1015 1182 1018 
f 1182 1180 1183 
f 1018 1183 1001 
f 1183 1018 1182 
f 1170 1175 1186 
f 1175 1173 1185 
f 1186 1185 1184 
f 1185 1186 1175 
f 1177 1178 1190 
f 1178 1170 1189 
f 1190 1189 1187 
f 1189 1190 1178 
f 1187 1189 1188 
f 1189 1170 1186 
f 1188 1186 1184 
f 1186 1188 1189 
f 1173 1194 1192 
f 1194 494 1195 
f 1192 1195 1191 
f 1195 1192 1194 
f 494 1194 1196 
f 1194 1173 1176 
f 1196 1176 1163 
f 1176 1196 1194 
f 1173 1192 1185 
f 1192 1191 1193 
f 1185 1193 1184 
f 1193 1185 1192 
f 1200 1201 1203 
f 1201 1040 1199 
f 1203 1199 1197 
f 1199 1203 1201 
f 1040 1049 1199 
f 1049 1047 1198 
f 1199 1198 1197 
f 1198 1199 1049 
f 1043 1044 1202 
f 1044 1040 1201 
f 1202 1201 1200 
f 1201 1202 1044 
f 1207 1209 1208 
f 1209 1047 1206 
f 1208 1206 1204 
f 1206 1208 1209 
f 1050 1205 1052 
f 1205 1204 1206 
f 1052 1206 1047 
f 1206 1052 1205 
f 1047 1209 1198 
f 1209 1207 1210 
f 1198 1210 1197 
f 1210 1198 1209 
f 1211 1212 1216 
f 1212 749 1215 
f 1216 1215 1214 
f 1215 1216 1212 
f 1214 1215 1217 
f 1215 749 766 
f 1217 766 763 
f 766 1217 1215 
f 749 1212 752 
f 1212 1211 1213 
f 752 1213 608 
f 1213 752 1212 
f 937 1032 1224 
f 1032 1029 1223 
f 1224 1223 1221 
f 1223 1224 1032 
f 1218 1222 1220 
f 1222 1221 1223 
f 1220 1223 1029 
f 1223 1220 1222 
f 1218 1220 1219 
f 1220 1029 1150 
f 1219 1150 1148 
f 1150 1219 1220 
f 1184 1230 1188 
f 1230 1228 1231 
f 1188 1231 1187 
f 1231 1188 1230 
f 1184 1227 1230 
f 1227 1225 1229 
f 1230 1229 1228 
f 1229 1230 1227 
f 1225 1227 1226 
f 1227 1184 1193 
f 1226 1193 1191 
f 1193 1226 1227 
f 1113 1114 1233 
f 1114 961 1232 
f 1233 1232 798 
f 1232 1233 1114 
f 787 1237 964 
f 1237 1234 1235 
f 964 1235 961 
f 1235 964 1237 
f 798 1232 1236 
f 1232 961 1235 
f 1236 1235 1234 
f 1235 1236 1232 
f 1151 1239 1153 
f 1239 1238 1240 
f 1153 1240 1148 
f 1240 1153 1239 
f 1241 1242 1244 
f 1242 1148 1240 
f 1244 1240 1238 
f 1240 1244 1242 
f 1241 1243 1242 
f 1243 1218 1219 
f 1242 1219 1148 
f 1219 1242 1243 
f 1151 1246 1239 
f 1246 1245 1247 
f 1239 1247 1238 
f 1247 1239 1246 
f 1248 1249 1251 
f 1249 1151 1154 
f 1251 1154 1141 
f 1154 1251 1249 
f 1245 1246 1250 
f 1246 1151 1249 
f 1250 1249 1248 
f 1249 1250 1246 
f 1252 1254 1253 
f 1254 902 903 
f 1253 903 864 
f 903 1253 1254 
f 1255 1256 1258 
f 1256 864 867 
f 1258 867 850 
f 867 1258 1256 
f 1252 1253 1257 
f 1253 864 1256 
f 1257 1256 1255 
f 1256 1257 1253 
f 581 1262 1264 
f 1262 1177 1190 
f 1264 1190 1187 
f 1190 1264 1262 
f 1180 1181 1261 
f 1181 1177 1260 
f 1261 1260 1259 
f 1260 1261 1181 
f 1177 1262 1260 
f 1262 581 1263 
f 1260 1263 1259 
f 1263 1260 1262 
f 1127 1267 1268 
f 1267 1265 1270 
f 1268 1270 813 
f 1270 1268 1267 
f 1127 1132 1267 
f 1132 1130 1266 
f 1267 1266 1265 
f 1266 1267 1132 
f 813 1269 1268 
f 1269 1134 1135 
f 1268 1135 1127 
f 1135 1268 1269 
f 1099 1277 1133 
f 1277 1274 1275 
f 1133 1275 1130 
f 1275 1133 1277 
f 1130 1275 1272 
f 1275 1274 1276 
f 1272 1276 1271 
f 1276 1272 1275 
f 1130 1272 1266 
f 1272 1271 1273 
f 1266 1273 1265 
f 1273 1266 1272 
f 672 1279 689 
f 1279 1278 1280 
f 689 1280 686 
f 1280 689 1279 
f 1278 1279 1283 
f 1279 672 1282 
f 1283 1282 1281 
f 1282 1283 1279 
f 672 675 1282 
f 675 658 1284 
f 1282 1284 1281 
f 1284 1282 675 
f 1043 1289 1046 
f 1289 1036 1037 
f 1046 1037 725 
f 1037 1046 1289 
f 1043 1202 1287 
f 1202 1200 1286 
f 1287 1286 1285 
f 1286 1287 1202 
f 1285 1288 1287 
f 1288 1036 1289 
f 1287 1289 1043 
f 1289 1287 1288 
f 1290 1291 1294 
f 1291 1008 1293 
f 1294 1293 1116 
f 1293 1294 1291 
f 1008 1291 1167 
f 1291 1290 1292 
f 1167 1292 1166 
f 1292 1167 1291 
f 968 1119 1011 
f 1119 1116 1293 
f 1011 1293 1008 
f 1293 1011 1119 
f 1290 1296 1292 
f 1296 1295 1297 
f 1292 1297 1166 
f 1297 1292 1296 
f 1295 1298 1297 
f 1298 495 1299 
f 1297 1299 1166 
f 1299 1297 1298 
f 1166 1299 1169 
f 1299 495 1300 
f 1169 1300 1163 
f 1300 1169 1299 
f 1134 1302 1301 
f 1302 488 1303 
f 1301 1303 1204 
f 1303 1301 1302 
f 1137 1138 1304 
f 1138 1134 1301 
f 1304 1301 1204 
f 1301 1304 1138 
f 487 491 1305 
f 491 488 1302 
f 1305 1302 1134 
f 1302 1305 491 
f 1134 1269 1305 
f 1269 813 816 
f 1305 816 487 
f 816 1305 1269 
f 902 1310 905 
f 1310 1104 1111 
f 905 1111 899 
f 1111 905 1310 
f 902 1308 1310 
f 1308 1306 1309 
f 1310 1309 1104 
f 1309 1310 1308 
f 1252 1307 1254 
f 1307 1306 1308 
f 1254 1308 902 
f 1308 1254 1307 
f 1252 1257 1314 
f 1257 1255 1313 
f 1314 1313 118 
f 1313 1314 1257 
f 123 1312 1311 
f 1312 1306 1307 
f 1311 1307 1252 
f 1307 1311 1312 
f 118 126 1314 
f 126 123 1311 
f 1314 1311 1252 
f 1311 1314 126 
f 1180 1317 1319 
f 1317 1315 1318 
f 1319 1318 1064 
f 1318 1319 1317 
f 1315 1317 1316 
f 1317 1180 1261 
f 1316 1261 1259 
f 1261 1316 1317 
f 1064 1067 1319 
f 1067 1001 1183 
f 1319 1183 1180 
f 1183 1319 1067 
f 463 1320 801 
f 1320 1113 1233 
f 801 1233 798 
f 1233 801 1320 
f 1113 1320 1321 
f 1320 463 467 
f 1321 467 464 
f 467 1321 1320 
f 1113 1321 1117 
f 1321 464 1322 
f 1117 1322 1116 
f 1322 1117 1321 
f 528 529 1324 
f 529 514 1323 
f 1324 1323 1211 
f 1323 1324 529 
f 514 538 1323 
f 538 535 1325 
f 1323 1325 1211 
f 1325 1323 538 
f 146 156 1328 
f 156 152 1327 
f 1328 1327 1326 
f 1327 1328 156 
f 18 150 110 
f 150 146 1329 
f 110 1329 101 
f 1329 110 150 
f 1326 1330 1328 
f 1330 101 1329 
f 1328 1329 146 
f 1329 1328 1330 
f 1331 1333 1332 
f 1333 407 416 
f 1332 416 412 
f 416 1332 1333 
f 412 1334 1332 
f 1334 105 1335 
f 1332 1335 1331 
f 1335 1332 1334 
f 22 111 417 
f 111 105 1334 
f 417 1334 412 
f 1334 417 111 
f 1156 1158 1338 
f 1158 1155 1336 
f 1338 1336 525 
f 1336 1338 1158 
f 528 1339 531 
f 1339 1156 1338 
f 531 1338 525 
f 1338 531 1339 
f 1155 1337 1336 
f 1337 972 973 
f 1336 973 525 
f 973 1336 1337 
f 972 1337 1341 
f 1337 1155 1340 
f 1341 1340 1061 
f 1340 1341 1337 
f 972 1343 975 
f 1343 619 625 
f 975 625 623 
f 625 975 1343 
f 972 1341 1343 
f 1341 1061 1342 
f 1343 1342 619 
f 1342 1343 1341 
f 494 1344 1195 
f 1344 396 1345 
f 1195 1345 1191 
f 1345 1195 1344 
f 714 1346 1348 
f 1346 1191 1345 
f 1348 1345 396 
f 1345 1348 1346 
f 1191 1346 1226 
f 1346 714 1347 
f 1226 1347 1225 
f 1347 1226 1346 
f 464 472 1351 
f 472 469 1349 
f 1351 1349 1290 
f 1349 1351 472 
f 1290 1294 1351 
f 1294 1116 1322 
f 1351 1322 464 
f 1322 1351 1294 
f 1290 1349 1296 
f 1349 469 1350 
f 1296 1350 1295 
f 1350 1296 1349 
f 446 451 1355 
f 451 449 1352 
f 1355 1352 1200 
f 1352 1355 451 
f 1285 1286 1353 
f 1286 1200 1352 
f 1353 1352 449 
f 1352 1353 1286 
f 1197 1354 1203 
f 1354 446 1355 
f 1203 1355 1200 
f 1355 1203 1354 
f 1285 1353 1359 
f 1353 449 455 
f 1359 455 452 
f 455 1359 1353 
f 1036 1288 1358 
f 1288 1285 1357 
f 1358 1357 1356 
f 1357 1358 1288 
f 1285 1359 1357 
f 1359 452 1360 
f 1357 1360 1356 
f 1360 1357 1359 
f 1265 1362 1363 
f 1362 480 1364 
f 1363 1364 817 
f 1364 1363 1362 
f 1271 1361 1273 
f 1361 480 1362 
f 1273 1362 1265 
f 1362 1273 1361 
f 817 818 1363 
f 818 813 1270 
f 1363 1270 1265 
f 1270 1363 818 
f 1365 1368 1367 
f 1368 483 1369 
f 1367 1369 1271 
f 1369 1367 1368 
f 1271 1369 1361 
f 1369 483 486 
f 1361 486 480 
f 486 1361 1369 
f 1274 1366 1276 
f 1366 1365 1367 
f 1276 1367 1271 
f 1367 1276 1366 
f 1099 1375 1277 
f 1375 721 1373 
f 1277 1373 1274 
f 1373 1277 1375 
f 1274 1373 1371 
f 1373 721 1374 
f 1371 1374 1370 
f 1374 1371 1373 
f 1274 1371 1366 
f 1371 1370 1372 
f 1366 1372 1365 
f 1372 1366 1371 
f 824 1380 1379 
f 1380 1365 1378 
f 1379 1378 1376 
f 1378 1379 1380 
f 1376 1378 1377 
f 1378 1365 1372 
f 1377 1372 1370 
f 1372 1377 1378 
f 1365 1380 1368 
f 1380 824 1381 
f 1368 1381 483 
f 1381 1368 1380 
f 718 1386 1385 
f 1386 1382 1383 
f 1385 1383 1370 
f 1383 1385 1386 
f 1382 1384 1383 
f 1384 1376 1377 
f 1383 1377 1370 
f 1377 1383 1384 
f 721 724 1374 
f 724 718 1385 
f 1374 1385 1370 
f 1385 1374 724 
f 1376 1391 1379 
f 1391 821 826 
f 1379 826 824 
f 826 1379 1391 
f 821 1391 1390 
f 1391 1376 1389 
f 1390 1389 1387 
f 1389 1390 1391 
f 1382 1388 1384 
f 1388 1387 1389 
f 1384 1389 1376 
f 1389 1384 1388 
f 1123 1394 1126 
f 1394 742 1393 
f 1126 1393 1092 
f 1393 1126 1394 
f 1092 1393 1392 
f 1393 742 745 
f 1392 745 601 
f 745 1392 1393 
f 1092 1392 1095 
f 1392 601 604 
f 1095 604 556 
f 604 1095 1392 
f 368 1395 470 
f 1395 1295 1350 
f 470 1350 469 
f 1350 470 1395 
f 1295 1396 1298 
f 1396 374 500 
f 1298 500 495 
f 500 1298 1396 
f 374 1396 378 
f 1396 1295 1395 
f 378 1395 368 
f 1395 378 1396 
f 1306 1399 1309 
f 1399 1103 1107 
f 1309 1107 1104 
f 1107 1309 1399 
f 1103 1399 1401 
f 1399 1306 1400 
f 1401 1400 615 
f 1400 1401 1399 
f 612 618 1398 
f 618 615 1400 
f 1398 1400 1306 
f 1400 1398 618 
f 123 1397 1312 
f 1397 612 1398 
f 1312 1398 1306 
f 1398 1312 1397 
f 1259 1402 1316 
f 1402 421 1403 
f 1316 1403 1315 
f 1403 1316 1402 
f 586 1405 1404 
f 1405 421 1402 
f 1404 1402 1259 
f 1402 1404 1405 
f 586 1404 588 
f 1404 1259 1263 
f 588 1263 581 
f 1263 588 1404 
f 1382 1408 1406 
f 1408 946 947 
f 1406 947 941 
f 947 1406 1408 
f 1382 1386 1408 
f 1386 718 1409 
f 1408 1409 946 
f 1409 1408 1386 
f 1387 1388 1407 
f 1388 1382 1406 
f 1407 1406 941 
f 1406 1407 1388 
f 1412 1415 1414 
f 1415 457 1410 
f 1414 1410 1387 
f 1410 1414 1415 
f 1387 1407 1414 
f 1407 941 1413 
f 1414 1413 1412 
f 1413 1414 1407 
f 821 1390 1411 
f 1390 1387 1410 
f 1411 1410 457 
f 1410 1411 1390 
f 501 505 1419 
f 505 502 1416 
f 1419 1416 1218 
f 1416 1419 505 
f 502 1417 1416 
f 1417 1221 1222 
f 1416 1222 1218 
f 1222 1416 1417 
f 501 1419 1418 
f 1419 1218 1243 
f 1418 1243 1241 
f 1243 1418 1419 
f 502 510 1417 
f 510 507 1421 
f 1417 1421 1221 
f 1421 1417 510 
f 1221 1420 1224 
f 1420 1057 1058 
f 1224 1058 937 
f 1058 1224 1420 
f 507 1422 1421 
f 1422 1057 1420 
f 1421 1420 1221 
f 1420 1421 1422 
f 1238 1425 1244 
f 1425 707 1426 
f 1244 1426 1241 
f 1426 1244 1425 
f 704 1424 1423 
f 1424 1238 1247 
f 1423 1247 1245 
f 1247 1423 1424 
f 707 1425 709 
f 1425 1238 1424 
f 709 1424 704 
f 1424 709 1425 
f 1245 1429 1423 
f 1429 1071 1430 
f 1423 1430 704 
f 1430 1423 1429 
f 1068 1074 1428 
f 1074 1071 1429 
f 1428 1429 1245 
f 1429 1428 1074 
f 1245 1250 1428 
f 1250 1248 1427 
f 1428 1427 1068 
f 1427 1428 1250 
f 418 1432 1431 
f 1432 1064 1318 
f 1431 1318 1315 
f 1318 1431 1432 
f 418 1431 424 
f 1431 1315 1403 
f 424 1403 421 
f 1403 424 1431 
f 594 597 1434 
f 597 591 1435 
f 1434 1435 1248 
f 1435 1434 597 
f 1068 1427 1436 
f 1427 1248 1435 
f 1436 1435 591 
f 1435 1436 1427 
f 1141 1433 1251 
f 1433 594 1434 
f 1251 1434 1248 
f 1434 1251 1433 
f 742 1394 1053 
f 1394 1123 1438 
f 1053 1438 1050 
f 1438 1053 1394 
f 1137 1437 1140 
f 1437 1050 1438 
f 1140 1438 1123 
f 1438 1140 1437 
f 1137 1304 1437 
f 1304 1204 1205 
f 1437 1205 1050 
f 1205 1437 1304 
f 386 399 499 
f 399 396 1344 
f 499 1344 494 
f 1344 499 399 
f 1163 1300 1196 
f 1300 495 497 
f 1196 497 494 
f 497 1196 1300 
f 1278 1440 1439 
f 1440 1255 1258 
f 1439 1258 850 
f 1258 1439 1440 
f 1255 1440 1442 
f 1440 1278 1441 
f 1442 1441 894 
f 1441 1442 1440 
f 118 1313 895 
f 1313 1255 1442 
f 895 1442 894 
f 1442 895 1313 
f 686 1280 853 
f 1280 1278 1439 
f 853 1439 850 
f 1439 853 1280 
f 1326 1443 1444 
f 1443 704 1430 
f 1444 1430 1071 
f 1430 1444 1443 
f 152 706 1327 
f 706 704 1443 
f 1327 1443 1326 
f 1443 1327 706 
f 123 125 1397 
f 125 3 614 
f 1397 614 612 
f 614 1397 125 
f 1234 1445 1236 
f 1445 802 803 
f 1236 803 798 
f 803 1236 1445 
f 1447 1449 1448 
f 1449 802 1445 
f 1448 1445 1234 
f 1445 1448 1449 
f 1085 1450 1446 
f 1450 1447 1448 
f 1446 1448 1234 
f 1448 1446 1450 
f 787 1088 1237 
f 1088 1085 1446 
f 1237 1446 1234 
f 1446 1237 1088 
f 1207 1208 1451 
f 1208 1204 1303 
f 1451 1303 488 
f 1303 1451 1208 
f 296 879 1454 
f 879 876 1452 
f 1454 1452 1207 
f 1452 1454 879 
f 1207 1452 1210 
f 1452 876 1453 
f 1210 1453 1197 
f 1453 1210 1452 
f 488 493 1451 
f 493 296 1454 
f 1451 1454 1207 
f 1454 1451 493 
f 1225 1456 1229 
f 1456 1455 1457 
f 1229 1457 1228 
f 1457 1229 1456 
f 711 1459 1458 
f 1459 1455 1456 
f 1458 1456 1225 
f 1456 1458 1459 
f 714 717 1347 
f 717 711 1458 
f 1347 1458 1225 
f 1458 1347 717 
f 1187 1231 1463 
f 1231 1228 1462 
f 1463 1462 582 
f 1462 1463 1231 
f 582 1462 1464 
f 1462 1228 1461 
f 1464 1461 1075 
f 1461 1464 1462 
f 1228 1457 1461 
f 1457 1455 1460 
f 1461 1460 1075 
f 1460 1461 1457 
f 711 1468 1459 
f 1468 1331 1466 
f 1459 1466 1455 
f 1466 1459 1468 
f 1078 1465 1467 
f 1465 1455 1466 
f 1467 1466 1331 
f 1466 1467 1465 
f 1455 1465 1460 
f 1465 1078 1081 
f 1460 1081 1075 
f 1081 1460 1465 
f 1187 1463 1264 
f 1463 582 584 
f 1264 584 581 
f 584 1264 1463 
f 821 1411 823 
f 1411 457 462 
f 823 462 248 
f 462 823 1411 
f 396 398 1348 
f 398 392 716 
f 1348 716 714 
f 716 1348 398 
f 1061 1340 1063 
f 1340 1155 1160 
f 1063 1160 994 
f 1160 1063 1340 
f 1061 1066 1342 
f 1066 1064 1469 
f 1342 1469 619 
f 1469 1342 1066 
f 1214 1471 1470 
f 1471 780 1161 
f 1470 1161 1156 
f 1161 1470 1471 
f 528 1472 1339 
f 1472 1214 1470 
f 1339 1470 1156 
f 1470 1339 1472 
f 780 1471 783 
f 1471 1214 1217 
f 783 1217 763 
f 1217 783 1471 
f 942 1473 945 
f 1473 1412 1413 
f 945 1413 941 
f 1413 945 1473 
f 457 1415 460 
f 1415 1412 1478 
f 460 1478 456 
f 1478 460 1415 
f 1412 1476 1478 
f 1476 1474 1477 
f 1478 1477 456 
f 1477 1478 1476 
f 942 1475 1473 
f 1475 1474 1476 
f 1473 1476 1412 
f 1476 1473 1475 
f 1479 1480 1482 
f 1480 942 949 
f 1482 949 693 
f 949 1482 1480 
f 1479 1481 1480 
f 1481 1474 1475 
f 1480 1475 942 
f 1475 1480 1481 
f 1474 1485 1487 
f 1485 1483 1486 
f 1487 1486 828 
f 1486 1487 1485 
f 1483 1485 1484 
f 1485 1474 1481 
f 1484 1481 1479 
f 1481 1484 1485 
f 828 1488 1487 
f 1488 456 1477 
f 1487 1477 1474 
f 1477 1487 1488 
f 1489 1490 1493 
f 1490 1479 1492 
f 1493 1492 836 
f 1492 1493 1490 
f 1483 1484 1491 
f 1484 1479 1490 
f 1491 1490 1489 
f 1490 1491 1484 
f 1479 1482 1492 
f 1482 693 839 
f 1492 839 836 
f 839 1492 1482 
f 1483 1496 1498 
f 1496 1494 1497 
f 1498 1497 439 
f 1497 1498 1496 
f 1489 1495 1491 
f 1495 1494 1496 
f 1491 1496 1483 
f 1496 1491 1495 
f 439 831 1498 
f 831 828 1486 
f 1498 1486 1483 
f 1486 1498 831 
f 1489 1493 1504 
f 1493 836 837 
f 1504 837 833 
f 837 1504 1493 
f 954 1502 956 
f 1502 1489 1504 
f 956 1504 833 
f 1504 956 1502 
f 1489 1502 1500 
f 1502 954 1503 
f 1500 1503 1499 
f 1503 1500 1502 
f 1489 1500 1495 
f 1500 1499 1501 
f 1495 1501 1494 
f 1501 1495 1500 
f 442 443 1509 
f 443 439 1497 
f 1509 1497 1494 
f 1497 1509 443 
f 1494 1507 1509 
f 1507 1505 1508 
f 1509 1508 442 
f 1508 1509 1507 
f 1494 1501 1507 
f 1501 1499 1506 
f 1507 1506 1505 
f 1506 1507 1501 
f 1499 1511 1506 
f 1511 1510 1512 
f 1506 1512 1505 
f 1512 1506 1511 
f 1510 1511 1515 
f 1511 1499 1514 
f 1515 1514 1513 
f 1514 1515 1511 
f 954 1516 1503 
f 1516 1513 1514 
f 1503 1514 1499 
f 1514 1503 1516 
f 1505 1512 1518 
f 1512 1510 1517 
f 1518 1517 809 
f 1517 1518 1512 
f 1505 1519 1508 
f 1519 212 445 
f 1508 445 442 
f 445 1508 1519 
f 1505 1518 1519 
f 1518 809 812 
f 1519 812 212 
f 812 1519 1518 
f 1513 1524 1515 
f 1524 1520 1522 
f 1515 1522 1510 
f 1522 1515 1524 
f 1510 1521 1517 
f 1521 806 811 
f 1517 811 809 
f 811 1517 1521 
f 1510 1522 1521 
f 1522 1520 1523 
f 1521 1523 806 
f 1523 1521 1522 
f 828 832 1488 
f 832 236 461 
f 1488 461 456 
f 461 1488 832 
f 82 1070 592 
f 1070 1068 1436 
f 592 1436 591 
f 1436 592 1070 
f 86 589 1076 
f 589 582 1464 
f 1076 1464 1075 
f 1464 1076 589 
f 619 1469 621 
f 1469 1064 1432 
f 621 1432 418 
f 1432 621 1469 
f 1033 1525 1035 
f 1525 1082 1083 
f 1035 1083 756 
f 1083 1035 1525 
f 1082 1525 1527 
f 1525 1033 1528 
f 1527 1528 1526 
f 1528 1527 1525 
f 1529 1532 1531 
f 1532 1085 1086 
f 1531 1086 1082 
f 1086 1531 1532 
f 1526 1530 1527 
f 1530 1529 1531 
f 1527 1531 1082 
f 1531 1527 1530 
f 665 950 719 
f 950 946 1409 
f 719 1409 718 
f 1409 719 950 
f 876 877 1453 
f 877 446 1354 
f 1453 1354 1197 
f 1354 1453 877 
f 721 1375 723 
f 1375 1099 1102 
f 723 1102 641 
f 1102 723 1375 
f 916 1533 918 
f 1533 951 952 
f 918 952 857 
f 952 918 1533 
f 1534 1536 1535 
f 1536 916 919 
f 1535 919 913 
f 919 1535 1536 
f 951 1533 1539 
f 1533 916 1538 
f 1539 1538 1520 
f 1538 1539 1533 
f 916 1536 1538 
f 1536 1534 1537 
f 1538 1537 1520 
f 1537 1538 1536 
f 1054 1540 1056 
f 1540 1534 1535 
f 1056 1535 913 
f 1535 1056 1540 
f 1520 1537 1546 
f 1537 1534 1545 
f 1546 1545 1544 
f 1545 1546 1537 
f 1541 1543 1542 
f 1543 1534 1540 
f 1542 1540 1054 
f 1540 1542 1543 
f 1534 1543 1545 
f 1543 1541 1547 
f 1545 1547 1544 
f 1547 1545 1543 
f 707 710 1426 
f 710 164 1548 
f 1426 1548 1241 
f 1548 1426 710 
f 164 1549 1548 
f 1549 501 1418 
f 1548 1418 1241 
f 1418 1548 1549 
f 170 506 174 
f 506 501 1549 
f 174 1549 164 
f 1549 174 506 
f 563 566 1550 
f 566 521 889 
f 1550 889 887 
f 889 1550 566 
f 658 661 1551 
f 661 563 1550 
f 1551 1550 887 
f 1550 1551 661 
f 1281 1284 1552 
f 1284 658 1551 
f 1552 1551 887 
f 1551 1552 1284 
f 890 1553 892 
f 1553 1281 1552 
f 892 1552 887 
f 1552 892 1553 
f 1214 1472 1216 
f 1472 528 1324 
f 1216 1324 1211 
f 1324 1216 1472 
f 421 1405 423 
f 1405 586 590 
f 423 590 62 
f 590 423 1405 
f 594 1554 596 
f 1554 425 426 
f 596 426 66 
f 426 596 1554 
f 425 1554 1558 
f 1554 594 1560 
f 1558 1560 1144 
f 1560 1558 1554 
f 428 429 1557 
f 429 425 1556 
f 1557 1556 1555 
f 1556 1557 429 
f 1144 1559 1558 
f 1559 1555 1556 
f 1558 1556 425 
f 1556 1558 1559 
f 1555 1561 1557 
f 1561 1103 1562 
f 1557 1562 428 
f 1562 1557 1561 
f 615 616 1563 
f 616 46 431 
f 1563 431 428 
f 431 1563 616 
f 1103 1401 1562 
f 1401 615 1563 
f 1562 1563 428 
f 1563 1562 1401 
f 1108 1109 1564 
f 1109 1103 1561 
f 1564 1561 1555 
f 1561 1564 1109 
f 1108 1564 1112 
f 1564 1555 1565 
f 1112 1565 1022 
f 1565 1112 1564 
f 1144 1147 1559 
f 1147 1022 1565 
f 1559 1565 1555 
f 1565 1559 1147 
f 435 1567 1566 
f 1567 802 1449 
f 1566 1449 1447 
f 1449 1566 1567 
f 435 438 1567 
f 438 344 805 
f 1567 805 802 
f 805 1567 438 
f 432 1569 1570 
f 1569 1447 1568 
f 1570 1568 1529 
f 1568 1570 1569 
f 1447 1450 1568 
f 1450 1085 1532 
f 1568 1532 1529 
f 1532 1568 1450 
f 432 437 1569 
f 437 435 1566 
f 1569 1566 1447 
f 1566 1569 437 
f 1211 1325 1213 
f 1325 535 611 
f 1213 611 608 
f 611 1213 1325 
f 188 1572 192 
f 1572 1571 1573 
f 192 1573 182 
f 1573 192 1572 
f 1571 1574 1573 
f 1574 507 508 
f 1573 508 182 
f 508 1573 1574 
f 473 474 1575 
f 474 200 808 
f 1575 808 806 
f 808 1575 474 
f 473 1575 1577 
f 1575 806 1576 
f 1577 1576 1544 
f 1576 1577 1575 
f 806 1523 1576 
f 1523 1520 1546 
f 1576 1546 1544 
f 1546 1576 1523 
f 880 881 1578 
f 881 332 434 
f 1578 434 432 
f 434 1578 881 
f 883 884 1580 
f 884 880 1579 
f 1580 1579 1526 
f 1579 1580 884 
f 1526 1579 1530 
f 1579 880 1581 
f 1530 1581 1529 
f 1581 1530 1579 
f 880 1578 1581 
f 1578 432 1570 
f 1581 1570 1529 
f 1570 1581 1578 
f 1526 1582 1580 
f 1582 1356 1583 
f 1580 1583 883 
f 1583 1580 1582 
f 452 1584 1360 
f 1584 883 1583 
f 1360 1583 1356 
f 1583 1360 1584 
f 452 453 1584 
f 453 320 886 
f 1584 886 883 
f 886 1584 453 
f 1526 1528 1582 
f 1528 1033 1585 
f 1582 1585 1356 
f 1585 1582 1528 
f 272 820 481 
f 820 817 1364 
f 481 1364 480 
f 1364 481 820 
f 824 827 1381 
f 827 260 485 
f 1381 485 483 
f 485 1381 827 
f 711 712 1468 
f 712 407 1333 
f 1468 1333 1331 
f 1333 1468 712 
f 476 1586 478 
f 1586 1571 1572 
f 478 1572 188 
f 1572 478 1586 
f 1588 1590 1589 
f 1590 1057 1587 
f 1589 1587 1571 
f 1587 1589 1590 
f 1571 1587 1574 
f 1587 1057 1422 
f 1574 1422 507 
f 1422 1574 1587 
f 1571 1586 1589 
f 1586 476 1591 
f 1589 1591 1588 
f 1591 1589 1586 
f 1278 1283 1441 
f 1283 1281 1592 
f 1441 1592 894 
f 1592 1441 1283 
f 1141 1146 1433 
f 1146 1144 1560 
f 1433 1560 594 
f 1560 1433 1146 
f 1036 1358 1039 
f 1358 1356 1585 
f 1039 1585 1033 
f 1585 1039 1358 
f 473 1593 479 
f 1593 1541 1594 
f 479 1594 476 
f 1594 479 1593 
f 1544 1547 1577 
f 1547 1541 1593 
f 1577 1593 473 
f 1593 1577 1547 
f 1541 1542 1596 
f 1542 1054 1595 
f 1596 1595 1588 
f 1595 1596 1542 
f 1588 1595 1590 
f 1595 1054 1060 
f 1590 1060 1057 
f 1060 1590 1595 
f 1326 1444 1330 
f 1444 1071 1072 
f 1330 1072 101 
f 1072 1330 1444 
f 1331 1335 1467 
f 1335 105 1080 
f 1467 1080 1078 
f 1080 1467 1335 
f 1541 1596 1594 
f 1596 1588 1591 
f 1594 1591 476 
f 1591 1594 1596 
f 951 1597 957 
f 1597 1513 1516 
f 957 1516 954 
f 1516 957 1597 
f 951 1539 1597 
f 1539 1520 1524 
f 1597 1524 1513 
f 1524 1597 1539 
f 1281 1553 1592 
f 1553 890 898 
f 1592 898 894 
f 898 1592 1553 
f 1913 1986 1920 
f 1986 1985 1987 
f 1920 1987 1917 
f 1987 1920 1986 
f 1921 1924 1990 
f 1924 1917 1989 
f 1990 1989 1988 
f 1989 1990 1924 
f 1917 1987 1989 
f 1987 1985 1991 
f 1989 1991 1988 
f 1991 1989 1987 
f 1829 1832 1994 
f 1832 1825 1993 
f 1994 1993 1992 
f 1993 1994 1832 
f 1995 1996 1997 
f 1996 1825 1828 
f 1997 1828 1821 
f 1828 1997 1996 
f 1825 1996 1993 
f 1996 1995 1998 
f 1993 1998 1992 
f 1998 1993 1996 
f 1961 2000 1968 
f 2000 1999 2001 
f 1968 2001 1965 
f 2001 1968 2000 
f 1965 2003 1972 
f 2003 2002 2004 
f 1972 2004 1969 
f 2004 1972 2003 
f 1965 2001 2003 
f 2001 1999 2005 
f 2003 2005 2002 
f 2005 2003 2001 
f 1869 2007 1876 
f 2007 2006 2008 
f 1876 2008 1873 
f 2008 1876 2007 
f 2009 2010 2011 
f 2010 1873 2008 
f 2011 2008 2006 
f 2008 2011 2010 
f 1873 2010 1878 
f 2010 2009 2012 
f 1878 2012 1877 
f 2012 1878 2010 
f 2013 2014 2015 
f 2014 1941 1944 
f 2015 1944 1937 
f 1944 2015 2014 
f 1941 2014 2018 
f 2014 2013 2017 
f 2018 2017 2016 
f 2017 2018 2014 
f 1945 1948 2019 
f 1948 1941 2018 
f 2019 2018 2016 
f 2018 2019 1948 
f 1845 2021 1852 
f 2021 2020 2022 
f 1852 2022 1849 
f 2022 1852 2021 
f 2023 2024 2025 
f 2024 1849 2022 
f 2025 2022 2020 
f 2022 2025 2024 
f 1849 2024 1856 
f 2024 2023 2026 
f 1856 2026 1853 
f 2026 1856 2024 
f 1801 2028 1808 
f 2028 2027 2029 
f 1808 2029 1805 
f 2029 1808 2028 
f 2030 2031 2032 
f 2031 1801 1804 
f 2032 1804 1796 
f 1804 2032 2031 
f 1801 2031 2028 
f 2031 2030 2033 
f 2028 2033 2027 
f 2033 2028 2031 
f 1893 2035 1900 
f 2035 2034 2036 
f 1900 2036 1897 
f 2036 1900 2035 
f 2037 2038 2039 
f 2038 1897 2036 
f 2039 2036 2034 
f 2036 2039 2038 
f 1901 1904 2040 
f 1904 1897 2038 
f 2040 2038 2037 
f 2038 2040 1904 
f 1925 2042 1932 
f 2042 2041 2043 
f 1932 2043 1929 
f 2043 1932 2042 
f 2044 2045 2046 
f 2045 1929 2043 
f 2046 2043 2041 
f 2043 2046 2045 
f 1933 1935 2047 
f 1935 1929 2045 
f 2047 2045 2044 
f 2045 2047 1935 
f 1885 2049 1890 
f 2049 2048 2050 
f 1890 2050 1889 
f 2050 1890 2049 
f 1885 2052 2049 
f 2052 2051 2053 
f 2049 2053 2048 
f 2053 2049 2052 
f 1881 2054 1888 
f 2054 2051 2052 
f 1888 2052 1885 
f 2052 1888 2054 
f 1861 2056 1868 
f 2056 2055 2057 
f 1868 2057 1865 
f 2057 1868 2056 
f 2058 2059 2060 
f 2059 1861 1864 
f 2060 1864 1857 
f 1864 2060 2059 
f 2061 2062 2063 
f 2062 2055 2056 
f 2063 2056 1861 
f 2056 2063 2062 
f 1861 2059 2063 
f 2059 2058 2064 
f 2063 2064 2061 
f 2064 2063 2059 
f 1980 1983 2067 
f 1983 1973 2066 
f 2067 2066 2065 
f 2066 2067 1983 
f 2065 2069 2067 
f 2069 2068 2070 
f 2067 2070 1980 
f 2070 2067 2069 
f 1980 2070 1984 
f 2070 2068 2071 
f 1984 2071 1791 
f 2071 1984 2070 
f 2072 2074 2076 
f 2074 2073 2075 
f 2076 2075 1813 
f 2075 2076 2074 
f 1813 2075 1818 
f 2075 2073 2077 
f 1818 2077 1817 
f 2077 1818 2075 
f 2072 2076 2078 
f 2076 1813 1814 
f 2078 1814 1809 
f 1814 2078 2076 
f 2079 2081 2083 
f 2081 2080 2082 
f 2083 2082 1953 
f 2082 2083 2081 
f 2079 2083 2084 
f 2083 1953 1956 
f 2084 1956 1949 
f 1956 2084 2083 
f 2080 2085 2082 
f 2085 1957 1960 
f 2082 1960 1953 
f 1960 2082 2085 
f 1841 1844 2088 
f 1844 1837 2087 
f 2088 2087 2086 
f 2087 2088 1844 
f 2089 2090 2091 
f 2090 1837 1839 
f 2091 1839 1833 
f 1839 2091 2090 
f 2089 2092 2090 
f 2092 2086 2087 
f 2090 2087 1837 
f 2087 2090 2092 
f 1905 2094 1912 
f 2094 2093 2095 
f 1912 2095 1909 
f 2095 1912 2094 
f 1909 2096 1916 
f 2096 1985 1986 
f 1916 1986 1913 
f 1986 1916 2096 
f 1985 2096 2097 
f 2096 1909 2095 
f 2097 2095 2093 
f 2095 2097 2096 
f 1865 2057 1872 
f 2057 2055 2098 
f 1872 2098 1869 
f 2098 1872 2057 
f 2055 2099 2098 
f 2099 2006 2007 
f 2098 2007 1869 
f 2007 2098 2099 
f 2100 2102 2104 
f 2102 2006 2103 
f 2104 2103 2101 
f 2103 2104 2102 
f 2100 2105 2102 
f 2105 2009 2011 
f 2102 2011 2006 
f 2011 2102 2105 
f 2101 2103 2106 
f 2103 2006 2099 
f 2106 2099 2055 
f 2099 2106 2103 
f 2051 2108 2110 
f 2108 2009 2109 
f 2110 2109 2107 
f 2109 2110 2108 
f 2107 2109 2111 
f 2109 2009 2105 
f 2111 2105 2100 
f 2105 2111 2109 
f 1877 2012 2112 
f 2012 2009 2108 
f 2112 2108 2051 
f 2108 2112 2012 
f 2113 2114 2115 
f 2114 2100 2104 
f 2115 2104 2101 
f 2104 2115 2114 
f 2116 2117 2118 
f 2117 2100 2114 
f 2118 2114 2113 
f 2114 2118 2117 
f 2100 2117 2111 
f 2117 2116 2119 
f 2111 2119 2107 
f 2119 2111 2117 
f 2120 2121 2122 
f 2121 2051 2110 
f 2122 2110 2107 
f 2110 2122 2121 
f 2107 2119 2125 
f 2119 2116 2124 
f 2125 2124 2123 
f 2124 2125 2119 
f 2123 2126 2125 
f 2126 2120 2122 
f 2125 2122 2107 
f 2122 2125 2126 
f 2123 2124 2129 
f 2124 2116 2128 
f 2129 2128 2127 
f 2128 2129 2124 
f 2130 2131 2132 
f 2131 2116 2118 
f 2132 2118 2113 
f 2118 2132 2131 
f 2130 2133 2131 
f 2133 2127 2128 
f 2131 2128 2116 
f 2128 2131 2133 
f 2134 2136 2138 
f 2136 2113 2137 
f 2138 2137 2135 
f 2137 2138 2136 
f 2135 2137 2139 
f 2137 2113 2115 
f 2139 2115 2101 
f 2115 2139 2137 
f 2134 2140 2136 
f 2140 2130 2132 
f 2136 2132 2113 
f 2132 2136 2140 
f 2141 2143 2145 
f 2143 2130 2144 
f 2145 2144 2142 
f 2144 2145 2143 
f 2142 2144 2146 
f 2144 2130 2140 
f 2146 2140 2134 
f 2140 2146 2144 
f 2141 2147 2143 
f 2147 2127 2133 
f 2143 2133 2130 
f 2133 2143 2147 
f 2148 2150 2152 
f 2150 2149 2151 
f 2152 2151 2127 
f 2151 2152 2150 
f 2148 2152 2153 
f 2152 2127 2147 
f 2153 2147 2141 
f 2147 2153 2152 
f 2149 2154 2151 
f 2154 2123 2129 
f 2151 2129 2127 
f 2129 2151 2154 
f 2155 2156 2157 
f 2156 2148 2153 
f 2157 2153 2141 
f 2153 2157 2156 
f 2158 2159 2160 
f 2159 2141 2145 
f 2160 2145 2142 
f 2145 2160 2159 
f 2155 2157 2161 
f 2157 2141 2159 
f 2161 2159 2158 
f 2159 2161 2157 
f 2162 2164 2166 
f 2164 2142 2165 
f 2166 2165 2163 
f 2165 2166 2164 
f 2163 2165 2167 
f 2165 2142 2146 
f 2167 2146 2134 
f 2146 2167 2165 
f 2142 2164 2160 
f 2164 2162 2168 
f 2160 2168 2158 
f 2168 2160 2164 
f 2158 2170 2161 
f 2170 2169 2171 
f 2161 2171 2155 
f 2171 2161 2170 
f 2172 2173 2174 
f 2173 2169 2170 
f 2174 2170 2158 
f 2170 2174 2173 
f 2172 2174 2175 
f 2174 2158 2168 
f 2175 2168 2162 
f 2168 2175 2174 
f 2155 2177 2156 
f 2177 2176 2178 
f 2156 2178 2148 
f 2178 2156 2177 
f 2179 2180 2181 
f 2180 2155 2171 
f 2181 2171 2169 
f 2171 2181 2180 
f 2179 2182 2180 
f 2182 2176 2177 
f 2180 2177 2155 
f 2177 2180 2182 
f 2179 2181 2185 
f 2181 2169 2184 
f 2185 2184 2183 
f 2184 2185 2181 
f 2172 2187 2173 
f 2187 2186 2188 
f 2173 2188 2169 
f 2188 2173 2187 
f 2183 2184 2189 
f 2184 2169 2188 
f 2189 2188 2186 
f 2188 2189 2184 
f 2190 2191 2192 
f 2191 2172 2175 
f 2192 2175 2162 
f 2175 2192 2191 
f 2190 2194 2191 
f 2194 2193 2195 
f 2191 2195 2172 
f 2195 2191 2194 
f 2193 2196 2195 
f 2196 2186 2187 
f 2195 2187 2172 
f 2187 2195 2196 
f 2197 2199 2201 
f 2199 2198 2200 
f 2201 2200 2186 
f 2200 2201 2199 
f 2197 2201 2202 
f 2201 2186 2196 
f 2202 2196 2193 
f 2196 2202 2201 
f 2198 2203 2200 
f 2203 2183 2189 
f 2200 2189 2186 
f 2189 2200 2203 
f 2204 2205 2206 
f 2205 2179 2185 
f 2206 2185 2183 
f 2185 2206 2205 
f 2204 2206 2209 
f 2206 2183 2208 
f 2209 2208 2207 
f 2208 2209 2206 
f 2207 2208 2210 
f 2208 2183 2203 
f 2210 2203 2198 
f 2203 2210 2208 
f 2211 2212 2213 
f 2212 2198 2199 
f 2213 2199 2197 
f 2199 2213 2212 
f 2207 2210 2216 
f 2210 2198 2215 
f 2216 2215 2214 
f 2215 2216 2210 
f 2198 2212 2215 
f 2212 2211 2217 
f 2215 2217 2214 
f 2217 2215 2212 
f 2218 2219 2220 
f 2219 2211 2213 
f 2220 2213 2197 
f 2213 2220 2219 
f 2221 2222 2223 
f 2222 2197 2202 
f 2223 2202 2193 
f 2202 2223 2222 
f 2218 2220 2224 
f 2220 2197 2222 
f 2224 2222 2221 
f 2222 2224 2220 
f 2225 2227 2229 
f 2227 2226 2228 
f 2229 2228 2207 
f 2228 2229 2227 
f 2225 2229 2230 
f 2229 2207 2216 
f 2230 2216 2214 
f 2216 2230 2229 
f 2226 2231 2228 
f 2231 2204 2209 
f 2228 2209 2207 
f 2209 2228 2231 
f 2214 2217 2234 
f 2217 2211 2233 
f 2234 2233 2232 
f 2233 2234 2217 
f 2235 2236 2237 
f 2236 2211 2219 
f 2237 2219 2218 
f 2219 2237 2236 
f 2232 2233 2238 
f 2233 2211 2236 
f 2238 2236 2235 
f 2236 2238 2233 
f 2239 2240 2241 
f 2240 2218 2224 
f 2241 2224 2221 
f 2224 2241 2240 
f 2242 2243 2244 
f 2243 2235 2237 
f 2244 2237 2218 
f 2237 2244 2243 
f 2239 2245 2240 
f 2245 2242 2244 
f 2240 2244 2218 
f 2244 2240 2245 
f 2204 2248 2250 
f 2248 2246 2249 
f 2250 2249 2247 
f 2249 2250 2248 
f 2226 2251 2231 
f 2251 2246 2248 
f 2231 2248 2204 
f 2248 2231 2251 
f 2204 2250 2205 
f 2250 2247 2252 
f 2205 2252 2179 
f 2252 2205 2250 
f 2253 2255 2257 
f 2255 2254 2256 
f 2257 2256 2221 
f 2256 2257 2255 
f 2254 2258 2256 
f 2258 2239 2241 
f 2256 2241 2221 
f 2241 2256 2258 
f 2193 2259 2223 
f 2259 2253 2257 
f 2223 2257 2221 
f 2257 2223 2259 
f 2260 2262 2264 
f 2262 2226 2263 
f 2264 2263 2261 
f 2263 2264 2262 
f 2261 2263 2265 
f 2263 2226 2227 
f 2265 2227 2225 
f 2227 2265 2263 
f 2260 2266 2262 
f 2266 2246 2251 
f 2262 2251 2226 
f 2251 2262 2266 
f 2267 2268 2269 
f 2268 2261 2265 
f 2269 2265 2225 
f 2265 2269 2268 
f 2267 2269 2272 
f 2269 2225 2271 
f 2272 2271 2270 
f 2271 2272 2269 
f 2270 2271 2273 
f 2271 2225 2230 
f 2273 2230 2214 
f 2230 2273 2271 
f 2274 2276 2278 
f 2276 2275 2277 
f 2278 2277 2246 
f 2277 2278 2276 
f 2246 2277 2249 
f 2277 2275 2279 
f 2249 2279 2247 
f 2279 2249 2277 
f 2260 2280 2266 
f 2280 2274 2278 
f 2266 2278 2246 
f 2278 2266 2280 
f 2281 2283 2285 
f 2283 2282 2284 
f 2285 2284 2239 
f 2284 2285 2283 
f 2281 2285 2286 
f 2285 2239 2258 
f 2286 2258 2254 
f 2258 2286 2285 
f 2239 2284 2245 
f 2284 2282 2287 
f 2245 2287 2242 
f 2287 2245 2284 
f 2254 2255 2290 
f 2255 2253 2289 
f 2290 2289 2288 
f 2289 2290 2255 
f 2291 2292 2293 
f 2292 2281 2286 
f 2293 2286 2254 
f 2286 2293 2292 
f 2291 2293 2294 
f 2293 2254 2290 
f 2294 2290 2288 
f 2290 2294 2293 
f 2232 2238 2297 
f 2238 2235 2296 
f 2297 2296 2295 
f 2296 2297 2238 
f 2295 2296 2300 
f 2296 2235 2299 
f 2300 2299 2298 
f 2299 2300 2296 
f 2235 2243 2299 
f 2243 2242 2301 
f 2299 2301 2298 
f 2301 2299 2243 
f 2302 2304 2306 
f 2304 2303 2305 
f 2306 2305 2260 
f 2305 2306 2304 
f 2260 2305 2280 
f 2305 2303 2307 
f 2280 2307 2274 
f 2307 2280 2305 
f 2260 2264 2306 
f 2264 2261 2308 
f 2306 2308 2302 
f 2308 2306 2264 
f 2309 2311 2313 
f 2311 2310 2312 
f 2313 2312 2274 
f 2312 2313 2311 
f 2310 2314 2312 
f 2314 2275 2276 
f 2312 2276 2274 
f 2276 2312 2314 
f 2303 2315 2307 
f 2315 2309 2313 
f 2307 2313 2274 
f 2313 2307 2315 
f 2310 2317 2314 
f 2317 2316 2318 
f 2314 2318 2275 
f 2318 2314 2317 
f 2247 2279 2321 
f 2279 2275 2320 
f 2321 2320 2319 
f 2320 2321 2279 
f 2275 2318 2320 
f 2318 2316 2322 
f 2320 2322 2319 
f 2322 2320 2318 
f 2323 2324 2325 
f 2324 2282 2283 
f 2325 2283 2281 
f 2283 2325 2324 
f 2326 2327 2328 
f 2327 2323 2325 
f 2328 2325 2281 
f 2325 2328 2327 
f 2281 2292 2328 
f 2292 2291 2329 
f 2328 2329 2326 
f 2329 2328 2292 
f 2330 2332 2334 
f 2332 2331 2333 
f 2334 2333 2291 
f 2333 2334 2332 
f 2326 2329 2335 
f 2329 2291 2333 
f 2335 2333 2331 
f 2333 2335 2329 
f 2330 2334 2336 
f 2334 2291 2294 
f 2336 2294 2288 
f 2294 2336 2334 
f 2330 2336 2339 
f 2336 2288 2338 
f 2339 2338 2337 
f 2338 2339 2336 
f 2253 2341 2289 
f 2341 2340 2342 
f 2289 2342 2288 
f 2342 2289 2341 
f 2288 2342 2338 
f 2342 2340 2343 
f 2338 2343 2337 
f 2343 2338 2342 
f 2282 2346 2348 
f 2346 2344 2347 
f 2348 2347 2345 
f 2347 2348 2346 
f 2282 2348 2287 
f 2348 2345 2349 
f 2287 2349 2242 
f 2349 2287 2348 
f 2344 2346 2350 
f 2346 2282 2324 
f 2350 2324 2323 
f 2324 2350 2346 
f 2330 2339 2353 
f 2339 2337 2352 
f 2353 2352 2351 
f 2352 2353 2339 
f 2331 2332 2356 
f 2332 2330 2355 
f 2356 2355 2354 
f 2355 2356 2332 
f 2351 2357 2353 
f 2357 2354 2355 
f 2353 2355 2330 
f 2355 2353 2357 
f 2337 2343 2360 
f 2343 2340 2359 
f 2360 2359 2358 
f 2359 2360 2343 
f 2337 2360 2363 
f 2360 2358 2362 
f 2363 2362 2361 
f 2362 2363 2360 
f 2337 2363 2352 
f 2363 2361 2364 
f 2352 2364 2351 
f 2364 2352 2363 
f 2072 2365 2366 
f 2365 2323 2327 
f 2366 2327 2326 
f 2327 2366 2365 
f 2323 2367 2350 
f 2367 2027 2368 
f 2350 2368 2344 
f 2368 2350 2367 
f 2072 2369 2365 
f 2369 2027 2367 
f 2365 2367 2323 
f 2367 2365 2369 
f 2370 2371 2372 
f 2371 2316 2317 
f 2372 2317 2310 
f 2317 2372 2371 
f 2310 2311 2375 
f 2311 2309 2374 
f 2375 2374 2373 
f 2374 2375 2311 
f 2310 2375 2372 
f 2375 2373 2376 
f 2372 2376 2370 
f 2376 2372 2375 
f 2316 2371 2379 
f 2371 2370 2378 
f 2379 2378 2377 
f 2378 2379 2371 
f 2316 2379 2382 
f 2379 2377 2381 
f 2382 2381 2380 
f 2381 2382 2379 
f 2316 2382 2322 
f 2382 2380 2383 
f 2322 2383 2319 
f 2383 2322 2382 
f 2351 2385 2387 
f 2385 2089 2386 
f 2387 2386 2384 
f 2386 2387 2385 
f 2384 2388 2387 
f 2388 2354 2357 
f 2387 2357 2351 
f 2357 2387 2388 
f 2351 2364 2385 
f 2364 2361 2389 
f 2385 2389 2089 
f 2389 2385 2364 
f 2361 2362 2392 
f 2362 2358 2391 
f 2392 2391 2390 
f 2391 2392 2362 
f 2393 2394 2395 
f 2394 2361 2392 
f 2395 2392 2390 
f 2392 2395 2394 
f 2089 2389 2396 
f 2389 2361 2394 
f 2396 2394 2393 
f 2394 2396 2389 
f 2358 2399 2401 
f 2399 2397 2400 
f 2401 2400 2398 
f 2400 2401 2399 
f 2358 2401 2391 
f 2401 2398 2402 
f 2391 2402 2390 
f 2402 2391 2401 
f 2358 2359 2399 
f 2359 2340 2403 
f 2399 2403 2397 
f 2403 2399 2359 
f 2390 2405 2395 
f 2405 2404 2406 
f 2395 2406 2393 
f 2406 2395 2405 
f 2390 2402 2409 
f 2402 2398 2408 
f 2409 2408 2407 
f 2408 2409 2402 
f 2390 2409 2405 
f 2409 2407 2410 
f 2405 2410 2404 
f 2410 2405 2409 
f 2354 2411 2356 
f 2411 1995 2412 
f 2356 2412 2331 
f 2412 2356 2411 
f 1995 2413 2412 
f 2413 2073 2414 
f 2412 2414 2331 
f 2414 2412 2413 
f 2073 2415 2414 
f 2415 2326 2335 
f 2414 2335 2331 
f 2335 2414 2415 
f 2303 2417 2419 
f 2417 2416 2418 
f 2419 2418 2041 
f 2418 2419 2417 
f 2302 2420 2304 
f 2420 2416 2417 
f 2304 2417 2303 
f 2417 2304 2420 
f 2041 2421 2419 
f 2421 2309 2315 
f 2419 2315 2303 
f 2315 2419 2421 
f 2422 2424 2426 
f 2424 2423 2425 
f 2426 2425 2302 
f 2425 2426 2424 
f 2422 2426 2427 
f 2426 2302 2308 
f 2427 2308 2261 
f 2308 2427 2426 
f 2416 2420 2428 
f 2420 2302 2425 
f 2428 2425 2423 
f 2425 2428 2420 
f 2398 2430 2408 
f 2430 2429 2431 
f 2408 2431 2407 
f 2431 2408 2430 
f 2163 2432 2433 
f 2432 2429 2430 
f 2433 2430 2398 
f 2430 2433 2432 
f 2397 2434 2400 
f 2434 2163 2433 
f 2400 2433 2398 
f 2433 2400 2434 
f 2435 2436 2438 
f 2436 2023 2437 
f 2438 2437 2407 
f 2437 2438 2436 
f 2435 2438 2439 
f 2438 2407 2431 
f 2439 2431 2429 
f 2431 2439 2438 
f 2407 2437 2410 
f 2437 2023 2440 
f 2410 2440 2404 
f 2440 2410 2437 
f 2176 2442 2444 
f 2442 2319 2443 
f 2444 2443 2441 
f 2443 2444 2442 
f 2319 2383 2443 
f 2383 2380 2445 
f 2443 2445 2441 
f 2445 2443 2383 
f 2247 2321 2446 
f 2321 2319 2442 
f 2446 2442 2176 
f 2442 2446 2321 
f 2447 2449 2451 
f 2449 2380 2450 
f 2451 2450 2448 
f 2450 2451 2449 
f 2441 2445 2452 
f 2445 2380 2449 
f 2452 2449 2447 
f 2449 2452 2445 
f 2380 2381 2450 
f 2381 2377 2453 
f 2450 2453 2448 
f 2453 2450 2381 
f 2232 2455 2457 
f 2455 2454 2456 
f 2457 2456 2270 
f 2456 2457 2455 
f 2232 2297 2455 
f 2297 2295 2458 
f 2455 2458 2454 
f 2458 2455 2297 
f 2214 2234 2273 
f 2234 2232 2457 
f 2273 2457 2270 
f 2457 2273 2234 
f 2454 2458 2461 
f 2458 2295 2460 
f 2461 2460 2459 
f 2460 2461 2458 
f 2462 2463 2464 
f 2463 2295 2300 
f 2464 2300 2298 
f 2300 2464 2463 
f 2295 2463 2460 
f 2463 2462 2465 
f 2460 2465 2459 
f 2465 2460 2463 
f 2466 2467 2468 
f 2467 2454 2461 
f 2468 2461 2459 
f 2461 2468 2467 
f 2454 2467 2471 
f 2467 2466 2470 
f 2471 2470 2469 
f 2470 2471 2467 
f 2454 2471 2456 
f 2471 2469 2472 
f 2456 2472 2270 
f 2472 2456 2471 
f 2345 2473 2349 
f 2473 2298 2301 
f 2349 2301 2242 
f 2301 2349 2473 
f 2474 2475 2476 
f 2475 2298 2473 
f 2476 2473 2345 
f 2473 2476 2475 
f 2462 2464 2477 
f 2464 2298 2475 
f 2477 2475 2474 
f 2475 2477 2464 
f 2002 2478 2480 
f 2478 2462 2479 
f 2480 2479 2065 
f 2479 2480 2478 
f 2002 2481 2478 
f 2481 2459 2465 
f 2478 2465 2462 
f 2465 2478 2481 
f 2474 2482 2477 
f 2482 2065 2479 
f 2477 2479 2462 
f 2479 2477 2482 
f 2474 2483 2482 
f 2483 2068 2069 
f 2482 2069 2065 
f 2069 2482 2483 
f 2068 2483 2486 
f 2483 2474 2485 
f 2486 2485 2484 
f 2485 2486 2483 
f 2484 2485 2487 
f 2485 2474 2476 
f 2487 2476 2345 
f 2476 2487 2485 
f 2377 2378 2489 
f 2378 2370 2488 
f 2489 2488 2093 
f 2488 2489 2378 
f 2093 2491 2489 
f 2491 2490 2492 
f 2489 2492 2377 
f 2492 2489 2491 
f 2490 2493 2492 
f 2493 2448 2453 
f 2492 2453 2377 
f 2453 2492 2493 
f 2448 2493 2495 
f 2493 2490 2494 
f 2495 2494 2037 
f 2494 2495 2493 
f 2448 2497 2451 
f 2497 2496 2498 
f 2451 2498 2447 
f 2498 2451 2497 
f 2496 2497 2499 
f 2497 2448 2495 
f 2499 2495 2037 
f 2495 2499 2497 
f 2149 2501 2503 
f 2501 2447 2502 
f 2503 2502 2500 
f 2502 2503 2501 
f 2500 2502 2504 
f 2502 2447 2498 
f 2504 2498 2496 
f 2498 2504 2502 
f 2149 2505 2501 
f 2505 2441 2452 
f 2501 2452 2447 
f 2452 2501 2505 
f 2027 2033 2368 
f 2033 2030 2506 
f 2368 2506 2344 
f 2506 2368 2033 
f 2344 2506 2508 
f 2506 2030 2507 
f 2508 2507 2484 
f 2507 2508 2506 
f 2344 2508 2347 
f 2508 2484 2487 
f 2347 2487 2345 
f 2487 2347 2508 
f 2135 2509 2510 
f 2509 2435 2439 
f 2510 2439 2429 
f 2439 2510 2509 
f 2429 2511 2510 
f 2511 2134 2138 
f 2510 2138 2135 
f 2138 2510 2511 
f 2429 2432 2511 
f 2432 2163 2167 
f 2511 2167 2134 
f 2167 2511 2432 
f 2435 2512 2436 
f 2512 2058 2513 
f 2436 2513 2023 
f 2513 2436 2512 
f 2435 2514 2512 
f 2514 2061 2064 
f 2512 2064 2058 
f 2064 2512 2514 
f 2135 2515 2509 
f 2515 2061 2514 
f 2509 2514 2435 
f 2514 2509 2515 
f 2340 2516 2403 
f 2516 2190 2517 
f 2403 2517 2397 
f 2517 2403 2516 
f 2397 2517 2518 
f 2517 2190 2192 
f 2518 2192 2162 
f 2192 2518 2517 
f 2397 2518 2434 
f 2518 2162 2166 
f 2434 2166 2163 
f 2166 2434 2518 
f 2496 2520 2522 
f 2520 2034 2521 
f 2522 2521 2519 
f 2521 2522 2520 
f 2500 2504 2523 
f 2504 2496 2522 
f 2523 2522 2519 
f 2522 2523 2504 
f 2034 2520 2039 
f 2520 2496 2499 
f 2039 2499 2037 
f 2499 2039 2520 
f 2149 2503 2154 
f 2503 2500 2524 
f 2154 2524 2123 
f 2524 2154 2503 
f 2123 2524 2126 
f 2524 2500 2525 
f 2126 2525 2120 
f 2525 2126 2524 
f 2519 2526 2523 
f 2526 2120 2525 
f 2523 2525 2500 
f 2525 2523 2526 
f 2416 2428 2528 
f 2428 2423 2527 
f 2528 2527 2013 
f 2527 2528 2428 
f 2416 2528 2530 
f 2528 2013 2529 
f 2530 2529 2044 
f 2529 2530 2528 
f 2041 2418 2046 
f 2418 2416 2530 
f 2046 2530 2044 
f 2530 2046 2418 
f 2531 2532 2533 
f 2532 2393 2406 
f 2533 2406 2404 
f 2406 2533 2532 
f 2393 2532 2535 
f 2532 2531 2534 
f 2535 2534 2086 
f 2534 2535 2532 
f 2393 2535 2396 
f 2535 2086 2092 
f 2396 2092 2089 
f 2092 2396 2535 
f 1901 2536 1908 
f 2536 2490 2537 
f 1908 2537 1905 
f 2537 1908 2536 
f 2037 2494 2040 
f 2494 2490 2536 
f 2040 2536 1901 
f 2536 2040 2494 
f 1905 2537 2094 
f 2537 2490 2491 
f 2094 2491 2093 
f 2491 2094 2537 
f 2423 2424 2540 
f 2424 2422 2539 
f 2540 2539 2538 
f 2539 2540 2424 
f 2423 2540 2542 
f 2540 2538 2541 
f 2542 2541 2016 
f 2541 2542 2540 
f 2013 2527 2017 
f 2527 2423 2542 
f 2017 2542 2016 
f 2542 2017 2527 
f 2543 2544 2546 
f 2544 2422 2545 
f 2546 2545 2267 
f 2545 2546 2544 
f 2422 2544 2539 
f 2544 2543 2547 
f 2539 2547 2538 
f 2547 2539 2544 
f 2261 2268 2427 
f 2268 2267 2545 
f 2427 2545 2422 
f 2545 2427 2268 
f 2538 2547 2549 
f 2547 2543 2548 
f 2549 2548 2079 
f 2548 2549 2547 
f 1945 2550 2551 
f 2550 2538 2549 
f 2551 2549 2079 
f 2549 2551 2550 
f 2538 2550 2541 
f 2550 1945 2019 
f 2541 2019 2016 
f 2019 2541 2550 
f 2552 2553 2554 
f 2553 2079 2548 
f 2554 2548 2543 
f 2548 2554 2553 
f 2543 2546 2556 
f 2546 2267 2555 
f 2556 2555 2469 
f 2555 2556 2546 
f 2552 2554 2557 
f 2554 2543 2556 
f 2557 2556 2469 
f 2556 2557 2554 
f 2048 2558 2559 
f 2558 2120 2526 
f 2559 2526 2519 
f 2526 2559 2558 
f 2519 2521 2561 
f 2521 2034 2560 
f 2561 2560 1889 
f 2560 2561 2521 
f 2519 2561 2559 
f 2561 1889 2050 
f 2559 2050 2048 
f 2050 2559 2561 
f 2027 2369 2562 
f 2369 2072 2078 
f 2562 2078 1809 
f 2078 2562 2369 
f 1809 1812 2562 
f 1812 1805 2029 
f 2562 2029 2027 
f 2029 2562 1812 
f 1933 2563 1940 
f 2563 2013 2015 
f 1940 2015 1937 
f 2015 1940 2563 
f 1933 2047 2563 
f 2047 2044 2529 
f 2563 2529 2013 
f 2529 2563 2047 
f 2309 2421 2566 
f 2421 2041 2565 
f 2566 2565 2564 
f 2565 2566 2421 
f 2041 2042 2565 
f 2042 1925 2567 
f 2565 2567 2564 
f 2567 2565 2042 
f 2023 2025 2440 
f 2025 2020 2568 
f 2440 2568 2404 
f 2568 2440 2025 
f 2023 2513 2026 
f 2513 2058 2569 
f 2026 2569 1853 
f 2569 2026 2513 
f 2326 2415 2366 
f 2415 2073 2074 
f 2366 2074 2072 
f 2074 2366 2415 
f 2058 2060 2569 
f 2060 1857 1860 
f 2569 1860 1853 
f 1860 2569 2060 
f 2061 2570 2062 
f 2570 2101 2106 
f 2062 2106 2055 
f 2106 2062 2570 
f 2135 2139 2515 
f 2139 2101 2570 
f 2515 2570 2061 
f 2570 2515 2139 
f 2079 2553 2081 
f 2553 2552 2571 
f 2081 2571 2080 
f 2571 2081 2553 
f 2079 2084 2551 
f 2084 1949 1951 
f 2551 1951 1945 
f 1951 2551 2084 
f 2552 2573 2571 
f 2573 2572 2574 
f 2571 2574 2080 
f 2574 2571 2573 
f 2552 2575 2573 
f 2575 2466 2576 
f 2573 2576 2572 
f 2576 2573 2575 
f 2466 2575 2470 
f 2575 2552 2557 
f 2470 2557 2469 
f 2557 2470 2575 
f 2048 2053 2558 
f 2053 2051 2121 
f 2558 2121 2120 
f 2121 2558 2053 
f 2051 2054 2112 
f 2054 1881 1884 
f 2112 1884 1877 
f 1884 2112 2054 
f 2065 2066 2577 
f 2066 1973 1977 
f 2577 1977 1974 
f 1977 2577 2066 
f 1974 2578 2577 
f 2578 2002 2480 
f 2577 2480 2065 
f 2480 2577 2578 
f 2002 2005 2481 
f 2005 1999 2579 
f 2481 2579 2459 
f 2579 2481 2005 
f 1969 2004 1978 
f 2004 2002 2578 
f 1978 2578 1974 
f 2578 1978 2004 
f 2073 2413 2077 
f 2413 1995 2580 
f 2077 2580 1817 
f 2580 2077 2413 
f 2148 2581 2150 
f 2581 2441 2505 
f 2150 2505 2149 
f 2505 2150 2581 
f 2441 2581 2444 
f 2581 2148 2178 
f 2444 2178 2176 
f 2178 2444 2581 
f 2179 2252 2182 
f 2252 2247 2446 
f 2182 2446 2176 
f 2446 2182 2252 
f 2253 2259 2582 
f 2259 2193 2194 
f 2582 2194 2190 
f 2194 2582 2259 
f 2267 2272 2555 
f 2272 2270 2472 
f 2555 2472 2469 
f 2472 2555 2272 
f 2572 2576 2584 
f 2576 2466 2583 
f 2584 2583 1999 
f 2583 2584 2576 
f 1999 2583 2579 
f 2583 2466 2468 
f 2579 2468 2459 
f 2468 2579 2583 
f 2572 2584 2585 
f 2584 1999 2000 
f 2585 2000 1961 
f 2000 2585 2584 
f 1957 2586 1964 
f 2586 2572 2585 
f 1964 2585 1961 
f 2585 1964 2586 
f 2572 2586 2574 
f 2586 1957 2085 
f 2574 2085 2080 
f 2085 2574 2586 
f 2340 2341 2516 
f 2341 2253 2582 
f 2516 2582 2190 
f 2582 2516 2341 
f 1792 2587 2588 
f 2587 2068 2486 
f 2588 2486 2484 
f 2486 2588 2587 
f 2030 2589 2507 
f 2589 1792 2588 
f 2507 2588 2484 
f 2588 2507 2589 
f 2564 2590 2566 
f 2590 2373 2374 
f 2566 2374 2309 
f 2374 2566 2590 
f 2564 2591 2590 
f 2591 1988 2592 
f 2590 2592 2373 
f 2592 2590 2591 
f 1925 1928 2567 
f 1928 1921 2593 
f 2567 2593 2564 
f 2593 2567 1928 
f 1921 1990 2593 
f 1990 1988 2591 
f 2593 2591 2564 
f 2591 2593 1990 
f 1985 2594 2595 
f 2594 2370 2376 
f 2595 2376 2373 
f 2376 2595 2594 
f 1988 1991 2592 
f 1991 1985 2595 
f 2592 2595 2373 
f 2595 2592 1991 
f 2531 2533 2596 
f 2533 2404 2568 
f 2596 2568 2020 
f 2568 2596 2533 
f 1841 2088 2597 
f 2088 2086 2534 
f 2597 2534 2531 
f 2534 2597 2088 
f 1841 2597 1848 
f 2597 2531 2598 
f 1848 2598 1845 
f 2598 1848 2597 
f 1845 2598 2021 
f 2598 2531 2596 
f 2021 2596 2020 
f 2596 2021 2598 
f 1985 2097 2594 
f 2097 2093 2488 
f 2594 2488 2370 
f 2488 2594 2097 
f 1992 2599 2600 
f 2599 2354 2388 
f 2600 2388 2384 
f 2388 2600 2599 
f 1992 1998 2599 
f 1998 1995 2411 
f 2599 2411 2354 
f 2411 2599 1998 
f 2384 2601 2600 
f 2601 1829 1994 
f 2600 1994 1992 
f 1994 2600 2601 
f 2384 2386 2602 
f 2386 2089 2091 
f 2602 2091 1833 
f 2091 2602 2386 
f 1829 2601 1836 
f 2601 2384 2602 
f 1836 2602 1833 
f 2602 1836 2601 
f 1995 1997 2580 
f 1997 1821 1824 
f 2580 1824 1817 
f 1824 2580 1997 
f 2068 2587 2071 
f 2587 1792 1794 
f 2071 1794 1791 
f 1794 2071 2587 
f 1792 2589 1798 
f 2589 2030 2032 
f 1798 2032 1796 
f 2032 1798 2589 
f 2034 2035 2560 
f 2035 1893 1895 
f 2560 1895 1889 
f 1895 2560 2035 
