#  wavefront obj file written by the visualization toolkit

mtllib manual_lobules_balanced.mtl

v 0 0.06957460194826126 0.0077057802118361
v 0 0.06827720254659653 0.01543440017849207
v 0.006320190150290728 0.0691566988825798 0.00879834033548832
v 0 0.0690281018614769 0.011624099686741829
v 0.0032229300122708082 0.06885509938001633 0.012189400382339954
v 0.003259839955717325 0.0694207027554512 0.008375270292162895
v -0.0063566300086677074 0.06915230304002762 0.00880626030266285
v -0.0032684500329196453 0.06941939890384674 0.008382669650018215
v -0.0032166100572794676 0.06885530054569244 0.012190200388431549
v 0.007328030187636614 0.06957460194826126 0.00238309009000659
v 0.004533240105956793 0.06957460194826126 0.006231280043721199
v 0.007031789980828762 0.06941089779138565 0.005716479849070311
v -0.0073338099755346775 0.06957460194826126 0.002365229884162545
v -0.004534489940851927 0.06957460194826126 0.0062303701415658
v -0.0070428098551929 0.06940930336713791 0.005722479894757271
v 0 0.007847649976611137 0.06955870240926743
v 0 0 0.07000000029802322
v 0.005187329836189747 0.005166150163859129 0.06961610168218613
v 0 0.003930020146071911 0.069889597594738
v 0.0025972300209105015 0.0025866199284791946 0.06990399956703186
v 0.002595920115709305 0.006512559950351715 0.06964799761772156
v -0.005207980051636696 0.005381939932703972 0.06959819793701172
v -0.0026062000542879105 0.006620400119572878 0.06963749974966049
v -0.00260772998444736 0.0026948400773108006 0.06989949941635132
v 0.007316989824175835 0 0.06961649656295776
v 0.003663520095869899 0 0.06990409642457962
v 0.0062571498565375805 0.0025851300451904535 0.06967180222272873
v -0.007316989824175835 0 0.06961649656295776
v -0.003663520095869899 0 0.06990409642457962
v -0.0062678297981619835 0.0026932701002806425 0.0696668028831482
v 0 0.06610880047082901 0.02301359921693802
v 0.00680341012775898 0.06697800010442734 0.019174600020051003
v 0 0.06729499995708466 0.019271399825811386
v 0.003402810078114271 0.06664890050888062 0.021126899868249893
v 0.003413330065086484 0.06773149967193604 0.017343299463391304
v -0.00680341012775898 0.06697800010442734 0.019174600020051003
v -0.0034137300681322813 0.06773129850625992 0.017344199120998383
v -0.0034070799592882395 0.06664849817752838 0.021127400919795036
v 0.006639540195465088 0.06825149804353714 0.014058999717235565
v -0.0066423797979950905 0.06824950128793716 0.01406710036098957
v 0 0.06311199814081192 0.03027999959886074
v 0.006199469789862633 0.06482990086078644 0.025664199143648148
v 0 0.06471250206232071 0.026688899844884872
v 0.003104700008407235 0.06407350301742554 0.02801690064370632
v 0.0031034599523991346 0.06554809957742691 0.024368200451135635
v -0.005976799875497818 0.06447610259056091 0.026591399684548378
v -0.002992310095578432 0.06537789851427078 0.024834999814629555
v -0.002992310095578432 0.06387750059366226 0.028472900390625
v 0.006509259808808565 0.06598319858312607 0.022446399554610252
v -0.006400229874998331 0.06583119928836823 0.022919299080967903
v 0 0.059319499880075455 0.03716450184583664
v 0.006917669903486967 0.06101899966597557 0.033597998321056366
v 0 0.06131239980459213 0.03377550095319748
v 0.0034644498955458403 0.060266900807619095 0.03543870151042938
v 0.0034644301049411297 0.06216590106487274 0.03199069947004318
v -0.00680341012775898 0.06102219969034195 0.0336156003177166
v -0.0034070799592882395 0.06216510012745857 0.031998299062252045
v -0.0034070799592882395 0.06026589870452881 0.03544599935412407
v 0.006571650039404631 0.06305000185966492 0.029690299183130264
v -0.006400229874998331 0.06284859776496887 0.03015119954943657
v 0 0.05477900058031082 0.04358049854636192
v 0.006345679983496666 0.05682440102100372 0.04038219898939133
v 0 0.05713940039277077 0.04043630138039589
v 0.003177270060405135 0.05587970092892647 0.04204000160098076
v 0.0031774500384926796 0.05815630033612251 0.03882969915866852
v -0.006268479861319065 0.056909799575805664 0.04027380049228668
v -0.0031386299524456263 0.05819600075483322 0.03877339884638786
v -0.0031386299524456263 0.055922601372003555 0.041985899209976196
v 0.00664251996204257 0.059018101543188095 0.037050601094961166
v -0.0065462300553917885 0.05905880033969879 0.0370027981698513
v 0 0.04954789951443672 0.04944700002670288
v -0.007555800024420023 0.05165589973330498 0.046632301062345505
v 0 0.05224590003490448 0.046587198972702026
v -0.003785260021686554 0.05332120135426521 0.04519430175423622
v -0.0037846099585294724 0.05069179832935333 0.048124998807907104
v 0.006445060018450022 0.05190970003604889 0.04651720076799393
v 0.0032271200325340033 0.050801001489162445 0.048050399869680405
v 0.003227340057492256 0.05342400074005127 0.04511610046029091
v -0.0069244601763784885 0.054379601031541824 0.043530501425266266
v 0.006405469961464405 0.05445300042629242 0.0435183010995388
v 0 0.043692100793123245 0.05468999966979027
v -0.0067713200114667416 0.04648840054869652 0.05189390107989311
v 0 0.046693701297044754 0.052150800824165344
v -0.003390959929674864 0.04809330031275749 0.050749700516462326
v -0.003390979953110218 0.04516109824180603 0.05337579920887947
v 0.006243879906833172 0.046024199575185776 0.05237159878015518
v 0.003125909948721528 0.044915299862623215 0.053598999977111816
v 0.003126729978248477 0.047859299927949905 0.05098729953169823
v -0.007173629943281412 0.04914119839668274 0.0493323989212513
v 0.006355660036206245 0.04905330017209053 0.04953160136938095
v 0 0.037285398691892624 0.05924360081553459
v 0.006265739910304546 0.04012930020689964 0.05701209977269173
v 0 0.04055270180106163 0.05705679953098297
v 0.003137059975415468 0.038759101182222366 0.05820560082793236
v 0.0031374599784612656 0.04197210073471069 0.05593299865722656
v -0.00680341012775898 0.0403607003390789 0.05678670108318329
v -0.0034070799592882395 0.04209280014038086 0.055826399475336075
v -0.0034070799592882395 0.03888440132141113 0.05810679867863655
v 0.006263810209929943 0.04313870146870613 0.05477060005068779
v -0.006798040121793747 0.04349280148744583 0.05442570149898529
v 0 0.030408600345253944 0.06305009871721268
v 0.006125989835709333 0.03353700041770935 0.06113709881901741
v 0 0.03390049934387207 0.06124339997768402
v 0.0030669900588691235 0.032014399766922 0.06217449903488159
v 0.003067309968173504 0.035461101680994034 0.06027520075440407
v -0.006764499936252832 0.03374740108847618 0.06095369905233383
v -0.0033875401131808758 0.03557199984788895 0.06019270047545433
v -0.0033875498920679092 0.03212830051779747 0.06209909915924072
v 0.006205449812114239 0.03689010068774223 0.05916599929332733
v -0.0067945499904453754 0.03711190074682236 0.058962199836969376
v 0 0.023148400709033012 0.06606169790029526
v 0.007473830133676529 0.026131199672818184 0.0645081028342247
v 0 0.026820799335837364 0.06465789675712585
v 0.003743330016732216 0.024682199582457542 0.06539709866046906
v 0.003744209883734584 0.028325099498033524 0.06390359997749329
v -0.007482199929654598 0.026166599243879318 0.06449290364980698
v -0.0037483801133930683 0.028342600911855698 0.06389559805393219
v -0.0037475700955837965 0.024700099602341652 0.06539010256528854
v 0.006811739876866341 0.029885999858379364 0.06293190270662308
v -0.007136200089007616 0.030011000111699104 0.06283640116453171
v 0 0.01559630036354065 0.06824039667844772
v -0.006747450213879347 0.01928970031440258 0.06695059686899185
v 0 0.01940299943089485 0.06725720316171646
v -0.003379009896889329 0.021252300590276718 0.06661020219326019
v -0.003378970082849264 0.01747019961476326 0.06770060211420059
v 0.006747450213879347 0.01928970031440258 0.06695059686899185
v 0.003378970082849264 0.01747019961476326 0.06770060211420059
v 0.003379009896889329 0.021252300590276718 0.06661020219326019
v 0.007120329886674881 0.022741399705410004 0.0658188983798027
v -0.007124629803001881 0.02275940030813217 0.06581220030784607
v -0.007248910143971443 0.011380800046026707 0.06868720054626465
v 0 0.01174050010740757 0.06900840252637863
v -0.0036309899296611547 0.013512900099158287 0.0685873031616211
v -0.003630559891462326 0.00963039044290781 0.0692393034696579
v 0.007250890135765076 0.01138210017234087 0.06868679821491241
v 0.0036315498873591423 0.009631030261516571 0.06923910230398178
v 0.003631989937275648 0.01351349987089634 0.06858710199594498
v -0.007009959779679775 0.015361100435256958 0.06793300062417984
v 0.0070109497755765915 0.01536170020699501 0.06793279945850372
v -0.0062349699437618256 0.008390139788389206 0.06921509653329849
v 0.006226059980690479 0.008283349685370922 0.06922879815101624
v 0.004541620146483183 0.06957460194826126 -0.006225179880857468
v 0.013309500180184841 0.06858640164136887 -0.004332359880208969
v 0.007321690209209919 0.06957460194826126 -0.0024024900048971176
v 0.010395499877631664 0.06921699643135071 -0.0009700519731268287
v 0.008970440365374088 0.06921990215778351 -0.00530386995524168
v 0.017276199534535408 0.06766519695520401 0.004790650214999914
v 0.012338499538600445 0.06881009787321091 0.0035960900131613016
v 0.01534110028296709 0.06829790025949478 0.00022605799313168973
v 0.012265900149941444 0.06789010018110275 0.011852599680423737
v 0.009829719550907612 0.06893710047006607 0.007145110052078962
v 0.014800800010561943 0.06790679693222046 0.008342429995536804
v 0.009368269704282284 0.06859129667282104 0.010366399772465229
v -0.0046178800985217094 0.06957460194826126 -0.006168810185045004
v -0.001946810050867498 0.06766410171985626 -0.017826300114393234
v -5.402429906098405e-06 0.06957460194826126 -0.0077057802118361
v 0.0012954799458384514 0.0689328983426094 -0.012106800451874733
v -0.00324995000846684 0.0688709020614624 -0.012093099765479565
v 0.01164770033210516 0.06766679883003235 -0.01362099964171648
v 0.012518299743533134 0.06828039884567261 -0.009004339575767517
v 0.008117360062897205 0.06881009787321091 -0.00996358972042799
v 0.006699449848383665 0.06623809784650803 -0.021624799817800522
v 0.009194869548082352 0.06710769981145859 -0.017663799226284027
v 0.005653909873217344 0.0683458000421524 -0.014031600207090378
v 0.0023860998917371035 0.06710589677095413 -0.01977650076150894
v -0.013301200233399868 0.06858959794044495 -0.004306910093873739
v -0.007263979874551296 0.06957460194826126 -0.002571699908003211
v -0.008983000181615353 0.06921660155057907 -0.005326659884303808
v -0.01037370041012764 0.06922010332345963 -0.0009789429605007172
v -0.010440000332891941 0.06801360100507736 -0.012851100414991379
v -0.007511780131608248 0.06893409788608551 -0.009574090130627155
v -0.01191409956663847 0.06843940168619156 -0.008607950061559677
v -0.006213259883224964 0.06800399720668793 -0.015390000306069851
v -0.017300499603152275 0.06766249984502792 0.004741849843412638
v -0.015362899750471115 0.068292997777462 0.0002122389996657148
v -0.012362799607217312 0.06880679726600647 0.003576250048354268
v -0.012547800317406654 0.06794910132884979 0.011201100423932076
v -0.01495710015296936 0.06791459769010544 0.007993039675056934
v -0.009968999773263931 0.06894999742507935 0.006819849833846092
v -0.009511159732937813 0.06861899793148041 0.010048200376331806
v 0.014553800225257874 0 0.068470299243927
v 0.011145600117743015 0.005538939964026213 0.06888460367918015
v 0.010950399562716484 0 0.06913819909095764
v 0.012863700278103352 0.0027724700048565865 0.0687519982457161
v 0.009242139756679535 0.0027727200649678707 0.06933180242776871
v 0.008174030110239983 0.005357489921152592 0.0693143978714943
v 0.02163119986653328 0 0.06657399982213974
v 0.018042799085378647 0.006342490203678608 0.06733670085668564
v 0.018117299303412437 0 0.06761480122804642
v 0.019864199683070183 0.003175599966198206 0.06704720109701157
v 0.01632069982588291 0.003175599966198206 0.06799670308828354
v 0.014613100327551365 0.005948400124907494 0.0681988000869751
v 0.028471600264310837 0 0.06394819915294647
v 0.025675499811768532 0.007464179769158363 0.06469199806451797
v 0.025085799396038055 0 0.06535059958696365
v 0.027117900550365448 0.0037382100708782673 0.0644254982471466
v 0.023699099197983742 0.003739309962838888 0.06575989723205566
v 0.021896300837397575 0.0069150798954069614 0.06612659990787506
v 0.03500000014901161 0 0.060621801763772964
v 0.03275509923696518 0.005649430211633444 0.061605099588632584
v 0.031779300421476364 0 0.06237050145864487
v 0.03391040116548538 0.0028274499345570803 0.06117260083556175
v 0.030657000839710236 0.0028287400491535664 0.06286609917879105
v 0.029262300580739975 0.0065673599019646645 0.06325019896030426
v 0.041145000606775284 0 0.05663120001554489
v 0.038180701434612274 0.0044356100261211395 0.058502599596977234
v 0.038124699145555496 0 0.058706898242235184
v 0.03969519957900047 0.0022196199279278517 0.05761390179395676
v 0.03662240132689476 0.002219750080257654 0.0596144013106823
v 0.035504698753356934 0.0050477501936256886 0.0601160004734993
v 0.04683909937739372 0 0.05202009901404381
v 0.04330730065703392 0.005639370065182447 0.05470540001988411
v 0.044052399694919586 0 0.05440019816160202
v 0.04513249918818474 0.002823400078341365 0.053433001041412354
v 0.0422695018351078 0.002822580048814416 0.055725399404764175
v 0.04078790172934532 0.005042919889092445 0.05666489899158478
v 0.05202009901404381 0 0.04683909937739372
v 0.049695201218128204 0.006201549898833036 0.04890729859471321
v 0.04949750006198883 0 0.04949750006198883
v 0.05092030018568039 0.0031045901123434305 0.04793209955096245
v 0.0483366996049881 0.0031052399426698685 0.05053640156984329
v 0.04659020155668259 0.005931780207902193 0.051905401051044464
v 0.05663120001554489 0 0.041145000606775284
v 0.054307300597429276 0.004090049769729376 0.043977200984954834
v 0.05440019816160202 0 0.044052399694919586
v 0.055511899292469025 0.0020465999841690063 0.04259379953145981
v 0.053204599767923355 0.0020465999841690063 0.0454430989921093
v 0.05206780135631561 0.005152380093932152 0.04650159925222397
v 0.060621801763772964 0 0.03500000014901161
v 0.05866619944572449 0.006116029806435108 0.037694498896598816
v 0.058706898242235184 0 0.038124699145555496
v 0.059717901051044464 0.003061810042709112 0.03639230132102966
v 0.057727500796318054 0.0030622000340372324 0.039473600685596466
v 0.05657710134983063 0.0051112100481987 0.040901198983192444
v 0.06394819915294647 0 0.028471600264310837
v 0.06251160055398941 0.006271739955991507 0.03087019920349121
v 0.06237050145864487 0 0.031779300421476364
v 0.06330610066652298 0.003139649983495474 0.029706599190831184
v 0.06166109815239906 0.0031406800262629986 0.03298560157418251
v 0.060683999210596085 0.006203609984368086 0.03433610126376152
v 0.06657399982213974 0 0.02163119986653328
v 0.06525120139122009 0.006416149903088808 0.024517599493265152
v 0.06535059958696365 0 0.025085799396038055
v 0.06599889695644379 0.0032122801057994366 0.023104600608348846
v 0.0646962970495224 0.0032128700986504555 0.026534199714660645
v 0.06395959854125977 0.006351709831506014 0.027727799490094185
v 0.068470299243927 0 0.014553800225257874
v 0.06750799715518951 0.007078330032527447 0.017104700207710266
v 0.06761480122804642 0 0.018117299303412437
v 0.06808920204639435 0.0035443699453026056 0.01585249975323677
v 0.06716349720954895 0.0035456400364637375 0.019403399899601936
v 0.06648220121860504 0.006757679861038923 0.020843299105763435
v 0.06961649656295776 0 0.007316989824175835
v 0.06899750232696533 0.004361869767308235 0.01096890028566122
v 0.06913819909095764 0 0.010950399562716484
v 0.0693650022149086 0.0021827600430697203 0.009150570258498192
v 0.06879039853811264 0.002182730007916689 0.01277180016040802
v 0.06833519786596298 0.0057270098477602005 0.014053699560463428
v 0.07000000029802322 0 -1.3560199421686357e-16
v 0.06949959695339203 0.006833889987319708 0.004806079901754856
v 0.06990409642457962 0 0.003663520095869899
v 0.06987480074167252 0.0034230700694024563 0.0024073401000350714
v 0.06965240091085434 0.0034215799532830715 0.0060697500593960285
v 0.06932699680328369 0.00560422008857131 0.007896410301327705
v 0.06961649656295776 0 -0.007316989824175835
v 0.06962359696626663 0.006447469815611839 -0.003313259920105338
v 0.06990409642457962 0 -0.003663520095869899
v 0.06972260028123856 0.0032284799963235855 -0.0053229499608278275
v 0.06990580260753632 0.003228069981560111 -0.0016588600119575858
v 0.06967920064926147 0.00665189977735281 0.0007476719911210239
v 0.068470299243927 0 -0.014553800225257874
v 0.06869550049304962 0.006941569969058037 -0.011521399952471256
v 0.06913819909095764 0 -0.010950399562716484
v 0.06868360191583633 0.003475880017504096 -0.01305679976940155
v 0.06927400082349777 0.003476710058748722 -0.009435269981622696
v 0.0692806988954544 0.0067062401212751865 -0.007430320139974356
v 0.06657399982213974 0 -0.02163119986653328
v 0.06746280193328857 0.00437489990144968 -0.0181559007614851
v 0.06761480122804642 0 -0.018117299303412437
v 0.06707309931516647 0.002189239952713251 -0.019909799098968506
v 0.06802409887313843 0.002189300023019314 -0.016368700191378593
v 0.06816980242729187 0.005665780045092106 -0.014858400449156761
v 0.06394819915294647 0 -0.028471600264310837
v 0.06508179754018784 0.006342490203678608 -0.024982599541544914
v 0.06535059958696365 0 -0.025085799396038055
v 0.06460350006818771 0.003175599966198206 -0.02676369994878769
v 0.0659181997179985 0.003175599966198206 -0.02333890087902546
v 0.06636740267276764 0.0053663901053369045 -0.02160019986331463
v 0.060621801763772964 0 -0.03500000014901161
v 0.062178101390600204 0.004727410152554512 -0.03180469945073128
v 0.06237050145864487 0 -0.031779300421476364
v 0.06145479902625084 0.0023658201098442078 -0.03343220055103302
v 0.06312210112810135 0.002365909982472658 -0.030166300013661385
v 0.0637236014008522 0.00554310018196702 -0.028435399755835533
v 0.05663120001554489 0 -0.041145000606775284
v 0.05829169973731041 0.00622431980445981 -0.03825350105762482
v 0.058706898242235184 0 -0.038124699145555496
v 0.05753469839692116 0.00311611988581717 -0.03974980115890503
v 0.059539999812841415 0.003116510109975934 -0.036678001284599304
v 0.06032570078969002 0.005484110210090876 -0.0350819006562233
v 0.05202009901404381 0 -0.04683909937739372
v 0.05424889922142029 0.004537280183285475 -0.04400530084967613
v 0.05440019816160202 0 -0.044052399694919586
v 0.05318009853363037 0.0022705900482833385 -0.045461200177669525
v 0.05548879876732826 0.002270640106871724 -0.042612601071596146
v 0.05634550005197525 0.005387989804148674 -0.04118439927697182
v 0.04683909937739372 0 -0.05202009901404381
v 0.04986879974603653 0.005633939988911152 -0.04879920184612274
v 0.04949750006198883 0 -0.04949750006198883
v 0.04841740056872368 0.0028206699062138796 -0.050475701689720154
v 0.050996799021959305 0.002819869900122285 -0.04786830022931099
v 0.052116598933935165 0.005091249942779541 -0.046453699469566345
v 0.041145000606775284 0 -0.05663120001554489
v 0.044443801045417786 0.0061342897824943066 -0.053731899708509445
v 0.044052399694919586 0 -0.05440019816160202
v 0.042856600135564804 0.0030716098845005035 -0.055261898785829544
v 0.04569549858570099 0.003070780076086521 -0.05293859913945198
v 0.04722139984369278 0.005892239976674318 -0.05133629962801933
v 0.03500000014901161 0 -0.060621801763772964
v 0.03782780095934868 0.007593249902129173 -0.05840719863772392
v 0.038124699145555496 0 -0.058706898242235184
v 0.03647959977388382 0.003803479950875044 -0.0596219003200531
v 0.03955889865756035 0.0038036000914871693 -0.057624898850917816
v 0.041207101196050644 0.006875670049339533 -0.05616670101881027
v 0.028471600264310837 0 -0.06394819915294647
v 0.03151220083236694 0.006347060203552246 -0.062182798981666565
v 0.031779300421476364 0 -0.06237050145864487
v 0.03003220073878765 0.0031777999829500914 -0.06315039843320847
v 0.03330269828438759 0.003177979961037636 -0.061488401144742966
v 0.03471929952502251 0.006980080157518387 -0.06038080155849457
v 0.02163119986653328 0 -0.06657399982213974
v 0.02472190000116825 0.006684510037302971 -0.06514710187911987
v 0.025085799396038055 0 -0.06535059958696365
v 0.02320989966392517 0.0033470599446445704 -0.06595530360937119
v 0.026637699455022812 0.0033474001102149487 -0.06464699655771255
v 0.028156600892543793 0.006524949800223112 -0.06375449895858765
v 0.014553800225257874 0 -0.068470299243927
v 0.01767590083181858 0.006160660181194544 -0.06745079904794693
v 0.018117299303412437 0 -0.06761480122804642
v 0.016134899109601974 0.0030841699335724115 -0.06804519891738892
v 0.019680900499224663 0.0030846099834889174 -0.0671055018901825
v 0.02122879959642887 0.0064316499046981335 -0.06639250367879868
v 0.007316989824175835 0 -0.06961649656295776
v 0.010896299965679646 0.006057910155504942 -0.06888090074062347
v 0.010950399562716484 0 -0.06913819909095764
v 0.009118299931287766 0.0030328300781548023 -0.06933730095624924
v 0.012741399928927422 0.0030328501015901566 -0.06876379996538162
v 0.014303600415587425 0.006116779986768961 -0.06824950128793716
v -3.33375995003956e-16 0 -0.07000000029802322
v 0.0036501300055533648 0.006014429964125156 -0.06964559853076935
v 0.003663520095869899 0 -0.06990409642457962
v 0.0018273800378665328 0.003011029912158847 -0.06991130113601685
v 0.005490509793162346 0.003011029912158847 -0.06971939653158188
v 0.0072830901481211185 0.006044359877705574 -0.06935720145702362
v -0.007316989824175835 0 -0.06961649656295776
v -0.0036110300570726395 0.006547749973833561 -0.06959950178861618
v -0.003663520095869899 0 -0.06990409642457962
v -0.005471920128911734 0.0032786100637167692 -0.0697086974978447
v -0.0018081000307574868 0.0032785700168460608 -0.0698997974395752
v 1.9573899407987483e-05 0.006289599929004908 -0.06971690058708191
v -0.014553800225257874 0 -0.068470299243927
v -0.010978899896144867 0.006093069911003113 -0.0688645988702774
v -0.010950399562716484 0 -0.06913819909095764
v -0.01278270035982132 0.003050429979339242 -0.06875529885292053
v -0.009159879758954048 0.003050520084798336 -0.06933099776506424
v -0.007305209990590811 0.006329299882054329 -0.06932950019836426
v -0.02163119986653328 0 -0.06657399982213974
v -0.018018599599599838 0.006176469847559929 -0.06735859811306
v -0.018117299303412437 0 -0.06761480122804642
v -0.0198512002825737 0.0030923299491405487 -0.06705500185489655
v -0.01630759984254837 0.0030922899022698402 -0.06800369918346405
v -0.014517899602651596 0.006142899859696627 -0.06820189952850342
v -0.028471600264310837 0 -0.06394819915294647
v -0.02484389953315258 0.005766550078988075 -0.06518840044736862
v -0.025085799396038055 0 -0.06535059958696365
v -0.026690399274230003 0.0028868101071566343 -0.06464739888906479
v -0.023264499381184578 0.0028866298962384462 -0.06595779955387115
v -0.02145940065383911 0.005979369860142469 -0.06636069715023041
v -0.03500000014901161 0 -0.060621801763772964
v -0.031404100358486176 0.006119170226156712 -0.06226029992103577
v -0.031779300421476364 0 -0.06237050145864487
v -0.033247098326683044 0.003063729964196682 -0.061524398624897
v -0.029975200071930885 0.0030634100548923016 -0.06318309903144836
v -0.028161199763417244 0.005950720049440861 -0.06380859762430191
v -0.041145000606775284 0 -0.05663120001554489
v -0.037947800010442734 0.006382170133292675 -0.05847420170903206
v -0.038124699145555496 0 -0.058706898242235184
v -0.03960129991173744 0.0031955200247466564 -0.057632699608802795
v -0.036524299532175064 0.003195489989593625 -0.059630200266838074
v -0.03472670167684555 0.00625981017947197 -0.060455501079559326
v -0.04683909937739372 0 -0.05202009901404381
v -0.04410649836063385 0.007544260006397963 -0.05383029952645302
v -0.044052399694919586 0 -0.05440019816160202
v -0.04555150121450424 0.0037786599714308977 -0.05301680043339729
v -0.042705900967121124 0.0037792199291288853 -0.05533460155129433
v -0.04109099879860878 0.006974049843847752 -0.05623960122466087
v -0.05202009901404381 0 -0.04683909937739372
v -0.04998189955949783 0.0062661501578986645 -0.04860600084066391
v -0.04949750006198883 0 -0.04949750006198883
v -0.05106170102953911 0.003136799903586507 -0.047779299318790436
v -0.04848580062389374 0.003137950086966157 -0.0503913015127182
v -0.04712050035595894 0.006916409824043512 -0.051301199942827225
v -0.05663120001554489 0 -0.041145000606775284
v -0.05477889999747276 0.005723659880459309 -0.04320310056209564
v -0.05440019816160202 0 -0.044052399694919586
v -0.055762600153684616 0.002864789916202426 -0.04221760109066963
v -0.05347270146012306 0.0028657501097768545 -0.04508280009031296
v -0.05245070159435272 0.006002950016409159 -0.045966099947690964
v -0.060621801763772964 0 -0.03500000014901161
v -0.059078898280858994 0.005465129856020212 -0.03714580088853836
v -0.058706898242235184 0 -0.038124699145555496
v -0.059906698763370514 0.002735140034928918 -0.0361068993806839
v -0.057931698858737946 0.002736190101131797 -0.039197299629449844
v -0.05700929835438728 0.00560230016708374 -0.04023120179772377
v -0.06394819915294647 0 -0.028471600264310837
v -0.062293898314237595 0.004530400037765503 -0.031606100499629974
v -0.06237050145864487 0 -0.031779300421476364
v -0.06317439675331116 0.002267109928652644 -0.03006419911980629
v -0.061512500047683716 0.0022672200575470924 -0.0333327017724514
v -0.060751400887966156 0.0050031100399792194 -0.03441280126571655
v -0.06657399982213974 0 -0.02163119986653328
v -0.06508179754018784 0.006342490203678608 -0.024982599541544914
v -0.06535059958696365 0 -0.025085799396038055
v -0.0659181997179985 0.003175599966198206 -0.02333890087902546
v -0.06460350006818771 0.003175599966198206 -0.02676369994878769
v -0.06377729773521423 0.005444080103188753 -0.028334099799394608
v -0.068470299243927 0 -0.014553800225257874
v -0.06746059656143188 0.004358899779617786 -0.018167899921536446
v -0.06761480122804642 0 -0.018117299303412437
v -0.06802289932966232 0.0021812899503856897 -0.016374699771404266
v -0.06707169860601425 0.0021812201011925936 -0.01991569995880127
v -0.06636609882116318 0.0053583597764372826 -0.021606100723147392
v -0.06961649656295776 0 -0.007316989824175835
v -0.0686936005949974 0.0069411201402544975 -0.011532899923622608
v -0.06913819909095764 0 -0.010950399562716484
v -0.0692732036113739 0.003476490033790469 -0.009441030211746693
v -0.06868249922990799 0.003475649980828166 -0.013062500394880772
v -0.06816790252923965 0.005657549947500229 -0.01487020030617714
v -0.07000000029802322 0 2.3583199843550597e-16
v -0.0696336030960083 0.006292469799518585 -0.003400030080229044
v -0.06990409642457962 0 -0.003663520095869899
v -0.06990840286016464 0.003150359960272908 -0.0017022399697452784
v -0.06972289830446243 0.003150650067254901 -0.005366039928048849
v -0.0692828968167305 0.006628210190683603 -0.0074793198145926
v -0.06961649656295776 0 0.007316989824175835
v -0.06949970126152039 0.006837150081992149 0.004800629802048206
v -0.06990409642457962 0 0.003663520095869899
v -0.0696524977684021 0.0034232100006192923 0.006067030131816864
v -0.06987480074167252 0.0034246998839080334 0.002404619939625263
v -0.0696868970990181 0.006576150190085173 0.0007015119772404432
v -0.068470299243927 0 0.014553800225257874
v -0.06899929791688919 0.004363370127975941 0.010956799611449242
v -0.06913819909095764 0 0.010950399562716484
v -0.06879150122404099 0.002183479955419898 0.012765799649059772
v -0.06936579942703247 0.0021835099905729294 0.00914452038705349
v -0.06932789832353592 0.005606589838862419 0.00788762979209423
v -0.06657399982213974 0 0.02163119986653328
v -0.06750799715518951 0.0070757498033344746 0.017105499282479286
v -0.06761480122804642 0 0.018117299303412437
v -0.06716349720954895 0.0035443399101495743 0.019403699785470963
v -0.06808909773826599 0.003543080063536763 0.015852900221943855
v -0.06833639740943909 0.005726490169763565 0.014048200100660324
v -0.06394819915294647 0 0.028471600264310837
v -0.06524539738893509 0.006399829871952534 0.024537300691008568
v -0.06535059958696365 0 0.025085799396038055
v -0.06469280272722244 0.00320467003621161 0.02654379978775978
v -0.06599590182304382 0.003204100066795945 0.02311439998447895
v -0.06647989898920059 0.0067482697777450085 0.0208538006991148
v -0.060621801763772964 0 0.03500000014901161
v -0.06250160187482834 0.00627089012414217 0.03089050017297268
v -0.06237050145864487 0 0.031779300421476364
v -0.06165570020675659 0.0031402399763464928 0.03299560025334358
v -0.06330130249261856 0.0031392299570143223 0.02971689961850643
v -0.06395170092582703 0.006343119777739048 0.027747800573706627
v -0.05663120001554489 0 0.041145000606775284
v -0.05862860009074211 0.006152620073407888 0.03774699941277504
v -0.058706898242235184 0 0.038124699145555496
v -0.0577085018157959 0.0030805100686848164 0.03949980065226555
v -0.05970039963722229 0.0030801899265497923 0.036419399082660675
v -0.0606612004339695 0.0062216101214289665 0.0343732014298439
v -0.05202009901404381 0 0.04683909937739372
v -0.054309599101543427 0.004110080190002918 0.04397239908576012
v -0.05440019816160202 0 0.044052399694919586
v -0.053206101059913635 0.0020566300954669714 0.045441001653671265
v -0.055513300001621246 0.0020566300954669714 0.042591601610183716
v -0.05655800178647041 0.0051394300535321236 0.04092400148510933
v -0.04683909937739372 0 0.05202009901404381
v -0.04967549815773964 0.006221780087798834 0.04892469942569733
v -0.04949750006198883 0 0.04949750006198883
v -0.048326801508665085 0.003115369938313961 0.0505451001226902
v -0.05091090127825737 0.0031147499103099108 0.04794140160083771
v -0.0520595982670784 0.005172589793801308 0.04650849848985672
v -0.041145000606775284 0 0.05663120001554489
v -0.04329190030694008 0.00582086993381381 0.054698601365089417
v -0.044052399694919586 0 0.05440019816160202
v -0.042263999581336975 0.0029135800432413816 0.05572490021586418
v -0.045127298682928085 0.002914430107921362 0.05343250185251236
v -0.0465719997882843 0.006032759789377451 0.051910098642110825
v -0.03500000014901161 0 0.060621801763772964
v -0.0381741002202034 0.004473439883440733 0.058504100888967514
v -0.038124699145555496 0 0.058706898242235184
v -0.0366193987429142 0.002238689921796322 0.05961550027132034
v -0.03969230130314827 0.00223857001401484 0.05761519819498062
v -0.04077719897031784 0.005152740050107241 0.056662801653146744
v -0.028471600264310837 0 0.06394819915294647
v -0.032734598964452744 0.005657409783452749 0.06161529943346977
v -0.031779300421476364 0 0.06237050145864487
v -0.03064659982919693 0.0028327300678938627 0.06287100166082382
v -0.03390029817819595 0.002831459976732731 0.06117809936404228
v -0.03549119830131531 0.00507069006562233 0.06012209877371788
v -0.02163119986653328 0 0.06657399982213974
v -0.025638600811362267 0.007491679862141609 0.06470350176095963
v -0.025085799396038055 0 0.06535059958696365
v -0.02368059940636158 0.0037530900444835424 0.06576579809188843
v -0.02709979936480522 0.0037520399782806635 0.0644323006272316
v -0.029233800247311592 0.006585179828107357 0.0632615014910698
v -0.014553800225257874 0 0.068470299243927
v -0.018042799085378647 0.006342490203678608 0.06733670085668564
v -0.018117299303412437 0 0.06761480122804642
v -0.01632069982588291 0.003175599966198206 0.06799670308828354
v -0.019864199683070183 0.003175599966198206 0.06704720109701157
v -0.021877499297261238 0.0069287498481571674 0.06613139808177948
v -0.011142999865114689 0.005537239834666252 0.0688851997256279
v -0.010950399562716484 0 0.06913819909095764
v -0.009240799583494663 0.0027718599885702133 0.06933200359344482
v -0.01286229956895113 0.002771619940176606 0.06875230371952057
v -0.014611800201237202 0.00594756007194519 0.06819909811019897
v -0.00818295031785965 0.005464579910039902 0.06930500268936157
v -0.016395999118685722 0.05041920021176338 0.04570639878511429
v -0.011911099776625633 0.04772989824414253 0.04979940131306648
v -0.01200059987604618 0.051142700016498566 0.04626449942588806
v -0.014169500209391117 0.049129899591207504 0.04780669882893562
v -0.009744499810039997 0.04974929988384247 0.04827060177922249
v -0.01148299966007471 0.05457710102200508 0.042302198708057404
v -0.009529810398817062 0.05317449942231178 0.04451579973101616
v -0.01395840011537075 0.052569299936294556 0.04406389966607094
v -0.009348929859697819 0.04714810103178024 0.05088869854807854
v -0.00888408999890089 0.05579579994082451 0.041326798498630524
v 0.011779299937188625 0.04834970086812973 0.04922959953546524
v 0.009022150188684464 0.04724229872226715 0.0508602000772953
v 0.009123450145125389 0.05019180104136467 0.0479326993227005
v 0.011536800302565098 0.05380979925394058 0.043259698897600174
v 0.009000170044600964 0.05291400104761124 0.04493450000882149
v 0.008951379917562008 0.055379800498485565 0.04186829924583435
v 0.01167760044336319 0.051165301352739334 0.04632220044732094
v -0.06844490021467209 0.009747689589858055 0.010967100039124489
v -0.06782309710979462 0.015869099646806717 0.00694203982129693
v -0.0690561980009079 0.008302509784698486 0.007893430069088936
v -0.06822820007801056 0.012826099991798401 0.008966919966042042
v -0.06881780177354813 0.011378999799489975 0.005884709767997265
v -0.06877359747886658 0.00706080999225378 0.010970099829137325
v -0.06892439723014832 0.012218000367283821 0.000380824989406392
v -0.06847450137138367 0.014064200222492218 0.003666830016300082
v -0.0692984014749527 0.009539440274238586 0.002593959914520383
v -0.06936740130186081 0.009267020039260387 -0.0015115300193428993
v 0.06844650208950043 0.009734160266816616 0.010969099588692188
v 0.06782729923725128 0.01584780029952526 0.006950260140001774
v 0.06905680149793625 0.008294080384075642 0.00789716001600027
v 0.06881929934024811 0.011366600170731544 0.005891500040888786
v 0.06823080033063889 0.012808600440621376 0.008972019888460636
v 0.06877320259809494 0.00705326022580266 0.010977099649608135
v 0.06890469789505005 0.01232870016247034 0.0003752589982468635
v 0.0692908987402916 0.009593590162694454 0.0025939899496734142
v 0.0684652030467987 0.01410869974642992 0.0036680700723081827
v 0.06935039907693863 0.009399780072271824 -0.0014708299422636628
v -0.06659720093011856 0.010323099792003632 -0.018927499651908875
v -0.06426999717950821 0.012359299696981907 -0.024831799790263176
v -0.06593170017004013 0.008344479836523533 -0.021985799074172974
v -0.06550779938697815 0.011354099959135056 -0.02190450020134449
v -0.06473679840564728 0.009359699673950672 -0.024930700659751892
v -0.06709200143814087 0.00734793022274971 -0.01856520026922226
v -0.06143299862742424 0.010812800377607346 -0.03176579996943474
v -0.06338579952716827 0.008595069870352745 -0.02843179926276207
v -0.06192699819803238 0.0076795001514256 -0.031718600541353226
v -0.06294550001621246 0.011603400111198425 -0.028341200202703476
v -0.0076684001833200455 0.013273799791932106 -0.06830079853534698
v -0.005648859776556492 0.009926849976181984 -0.06906189769506454
v -0.009338609874248505 0.009699010290205479 -0.0686929002404213
v 0.0007608570158481598 0.012142900377511978 -0.06893450021743774
v -0.003460200037807226 0.012732000090181828 -0.06874530017375946
v -0.0014269399689510465 0.00935748964548111 -0.06935709714889526
v 0.0022081099450588226 0.009089450351893902 -0.06937219947576523
v 0.06149350106716156 0.01103730034083128 -0.03157090023159981
v 0.06341449916362762 0.008707299828529358 -0.028333399444818497
v 0.06189950183033943 0.007890470325946808 -0.03172050043940544
v 0.06428509950637817 0.012386900372803211 -0.02477880008518696
v 0.06297899782657623 0.011728799901902676 -0.02821500040590763
v 0.06474500149488449 0.009373580105602741 -0.024904299527406693
v 0.0666050985455513 0.010345200076699257 -0.01888749934732914
v 0.06593690067529678 0.008355660364031792 -0.021966200321912766
v 0.06551910191774368 0.011378900147974491 -0.02185779996216297
v 0.06709709763526917 0.007366970181465149 -0.018539199605584145
v 0.028062500059604645 0.010003900155425072 -0.0633435994386673
v 0.02640940062701702 0.008349600248038769 -0.06428710371255875
v 0.029807599261403084 0.008181019686162472 -0.0628058984875679
v 0.019421299919486046 0.011440100148320198 -0.06627169996500015
v 0.018563900142908096 0.008807620033621788 -0.06691639870405197
v 0.02210089936852455 0.00907433032989502 -0.06579670310020447
v 0.024093400686979294 0.013380499556660652 -0.06434649974107742
v 0.02443630062043667 0.010044299997389317 -0.06482270359992981
v 0.021773599088191986 0.012419600039720535 -0.0653579980134964
v 0.026096699759364128 0.011700600385665894 -0.06389100104570389
v -0.02643509954214096 0.012010900303721428 -0.06369400024414062
v -0.03372500091791153 0.012605099938809872 -0.06003110110759735
v -0.028965000063180923 0.009079289622604847 -0.06307610124349594
v -0.03260819986462593 0.009374660439789295 -0.061227601021528244
v -0.030131500214338303 0.01232909969985485 -0.061968401074409485
v -0.025668200105428696 0.008898680098354816 -0.06451330333948135
v -0.035890400409698486 0.009507929906249046 -0.059342000633478165
v 0.05330429971218109 0.010797400027513504 -0.044068798422813416
v 0.05166679993271828 0.00822846032679081 -0.04650619998574257
v 0.05383170023560524 0.007675199769437313 -0.04408219829201698
v 0.04749149829149246 0.011600799858570099 -0.050099700689315796
v 0.04873359948396683 0.008626850321888924 -0.04950369894504547
v 0.05048919841647148 0.011219399981200695 -0.04716949909925461
v 0.04602919891476631 0.008879439905285835 -0.051985301077365875
v -0.06358329951763153 0.011448699980974197 0.02694600075483322
v -0.06311260163784027 0.008869639597833157 0.02895040065050125
v -0.06447040289640427 0.008932010270655155 0.025763999670743942
v -0.06086390092968941 0.012733099982142448 0.032147400081157684
v -0.05986800044775009 0.009462130255997181 0.035018399357795715
v -0.06175529956817627 0.009513190016150475 0.03155599907040596
v -0.06228100135922432 0.012102100066840649 0.029573900625109673
v 0.06359550356864929 0.011465899646282196 0.026909999549388885
v 0.06447920203208923 0.008948760107159615 0.025736099109053612
v 0.06312420219182968 0.008878739550709724 0.02892250008881092
v 0.060881901532411575 0.012721099890768528 0.03211800009012222
v 0.06176900118589401 0.009507549926638603 0.03153099864721298
v 0.059895798563957214 0.009437769651412964 0.034977398812770844
v 0.06229599937796593 0.012104599736630917 0.029541200026869774
v 0.04474189877510071 0.011907700449228287 0.05250110104680061
v 0.04730309918522835 0.00907083973288536 0.05079500004649162
v 0.044076599180698395 0.008783900178968906 0.05366649851202965
v 0.049842700362205505 0.012395200319588184 0.047561198472976685
v 0.04982009902596474 0.009307949803769588 0.04828380048274994
v 0.04735349863767624 0.012167200446128845 0.050095900893211365
v 0.05422480031847954 0.009784339927136898 0.04317329823970795
v 0.05204800143837929 0.008006489835679531 0.046118300408124924
v 0.052094001322984695 0.011102600023150444 0.04541970044374466
v 0.054311901330947876 0.006943060085177422 0.04361199960112572
v -0.04460280016064644 0.012960500083863735 0.05237000063061714
v -0.04723929986357689 0.009611519984900951 0.05075500160455704
v -0.04401259869337082 0.009404639713466167 0.053613800555467606
v -0.04988890141248703 0.01281370036303997 0.04740149900317192
v -0.04730939865112305 0.012904400005936623 0.04995289817452431
v -0.049840498715639114 0.009528860449790955 0.04821949824690819
v -0.05417969822883606 0.009836919605731964 0.04321800172328949
v -0.05201520025730133 0.008042889647185802 0.04614910110831261
v -0.05209380015730858 0.01133820042014122 0.04536160081624985
v -0.05429089814424515 0.0069794501177966595 0.043632399290800095
v -0.02180670015513897 0.06647399812936783 -0.002381579950451851
v -0.0176084004342556 0.06766580045223236 -0.0033582099713385105
v -0.019589999690651894 0.06719250231981277 0.0011827499838545918
v -0.018908899277448654 0.06662649661302567 -0.010166999883949757
v -0.01470670010894537 0.06745859980583191 -0.011534599587321281
v -0.01614690013229847 0.0677243024110794 -0.007259029895067215
v -0.020395200699567795 0.0666676014661789 -0.0062817297875881195
v -0.024873800575733185 0.06513150036334991 0.00625981017947197
v -0.023391500115394592 0.06594739854335785 0.0019437799928709865
v -0.02112700045108795 0.06650760024785995 0.00551259983330965
v -0.019529199227690697 0.06593039631843567 0.01310690026730299
v -0.022248700261116028 0.06565690040588379 0.009703789837658405
v -0.018456900492310524 0.06692709773778915 0.00894980039447546
v -0.016069399192929268 0.06703320145606995 0.012178700417280197
v -0.00774477981030941 0.06606339663267136 -0.021809300407767296
v -0.004855109844356775 0.06695020198822021 -0.01985199935734272
v -0.009111099876463413 0.06719320267438889 -0.017379799857735634
v -0.01608850061893463 0.06537040323019028 -0.019179999828338623
v -0.011938299983739853 0.06584569811820984 -0.020538099110126495
v -0.01329370029270649 0.06682570278644562 -0.016050100326538086
v -0.017540300264954567 0.06615220010280609 -0.01470439974218607
v 0.019029399380087852 0.06648679822683334 -0.01083459984511137
v 0.016217699274420738 0.06766960024833679 -0.007603739853948355
v 0.015363600105047226 0.06718599796295166 -0.012247700244188309
v 0.02180670015513897 0.06647399812936783 -0.002381579950451851
v 0.019578099250793457 0.06719549745321274 0.0012067999923601747
v 0.017612399533391 0.06766460090875626 -0.003362280083820224
v 0.020459400489926338 0.06661509722471237 -0.006621490232646465
v 0.016498200595378876 0.06502220034599304 -0.019998200237751007
v 0.014098599553108215 0.06646530330181122 -0.016840200871229172
v 0.011628599837422371 0.06579840183258057 -0.02086479961872101
v 0.017805900424718857 0.06591019779443741 -0.015452899970114231
v 0.024874500930309296 0.06513019651174545 0.006269940175116062
v 0.021111100912094116 0.0665104016661644 0.005539679899811745
v 0.023391999304294586 0.06594710052013397 0.001948460005223751
v 0.019042599946260452 0.06611400097608566 0.012896699830889702
v 0.01819019950926304 0.06701160222291946 0.008863749913871288
v 0.022002900019288063 0.06575459986925125 0.009602660313248634
v 0.015679800882935524 0.06708669662475586 0.012390400283038616
v -0.029809800907969475 0.06333360075950623 -0.0004801600007340312
v -0.025859400629997253 0.06503260135650635 -0.00143370998557657
v -0.027392899617552757 0.06435249745845795 0.0028952299617230892
v -0.02716590091586113 0.06393089890480042 -0.008652130141854286
v -0.024532999843358994 0.06532669812440872 -0.005527370143681765
v -0.02854190021753311 0.06375289708375931 -0.004574799910187721
v -0.02308660000562668 0.06540759652853012 -0.009426659904420376
v 0.029809800907969475 0.06333360075950623 -0.0004801600007340312
v 0.027393300086259842 0.06435210257768631 0.002900310093536973
v 0.025859400629997253 0.06503260135650635 -0.00143370998557657
v 0.027568599209189415 0.06370890140533447 -0.009008330292999744
v 0.02874640002846718 0.0636477991938591 -0.004753699991852045
v 0.024741200730204582 0.06523259729146957 -0.005707310047000647
v 0.023349100723862648 0.06523770093917847 -0.009942799806594849
v 0.03229780122637749 0.061602700501680374 0.00787116028368473
v 0.028637399896979332 0.06348010152578354 0.007083230186253786
v 0.03111650049686432 0.06259430199861526 0.003702969988808036
v 0.026590200141072273 0.06321369856595993 0.014035199768841267
v 0.025776399299502373 0.06428179889917374 0.01016990002244711
v 0.029499100521206856 0.06252510100603104 0.010973700322210789
v 0.022855300456285477 0.06477410346269608 0.013488899916410446
v -0.03229770064353943 0.06160299852490425 0.00787001010030508
v -0.03111639991402626 0.06259439885616302 0.003702379995957017
v -0.028636999428272247 0.06348089873790741 0.007077590096741915
v -0.026590200141072273 0.06321369856595993 0.014035199768841267
v -0.029498999938368797 0.0625251978635788 0.010973099619150162
v -0.025776099413633347 0.06428270041942596 0.010164899751543999
v -0.023099200800061226 0.06466560065746307 0.013593699783086777
v -0.037230201065540314 0.05926309898495674 0.001339480048045516
v -0.03358430042862892 0.0614158995449543 0.00043048401130363345
v -0.03482839837670326 0.060545001178979874 0.004613279830664396
v -0.034787099808454514 0.060357701033353806 -0.006841809954494238
v -0.03235970064997673 0.06196289882063866 -0.003667919896543026
v -0.036076899617910385 0.05992380157113075 -0.002756380010396242
v -0.031035199761390686 0.062262099236249924 -0.007761660031974316
v 0.037230201065540314 0.05926309898495674 0.001339480048045516
v 0.03482839837670326 0.060545001178979874 0.004613860044628382
v 0.03358430042862892 0.0614158995449543 0.00043048401130363345
v 0.034787099808454514 0.060357701033353806 -0.006841809954494238
v 0.036076899617910385 0.05992380157113075 -0.002756380010396242
v 0.03235970064997673 0.06196289882063866 -0.003667919896543026
v 0.03123209998011589 0.06214119866490364 -0.007938859984278679
v -0.05703410133719444 0.011404699645936489 -0.03894919902086258
v -0.05598580092191696 0.008576350286602974 -0.04113439843058586
v -0.05811990052461624 0.00844413973391056 -0.038088999688625336
v -0.052540600299835205 0.01180609967559576 -0.04472250118851662
v -0.054862599819898605 0.011621300131082535 -0.04189329966902733
v -0.05372050032019615 0.008774789981544018 -0.04401259869337082
v -0.05132979899644852 0.009048189967870712 -0.04672659933567047
v -0.039163898676633835 0.05724329873919487 0.009454949758946896
v -0.03826909884810448 0.05836300179362297 0.005407390184700489
v -0.035793598741292953 0.059527501463890076 0.008677690289914608
v -0.03378960117697716 0.05923759937286377 0.01578499935567379
v -0.0365447998046875 0.05834909901022911 0.012643500231206417
v -0.033103201538324356 0.0605291984975338 0.011848799884319305
v -0.030244499444961548 0.06133640184998512 0.014937000349164009
v 0.039163898676633835 0.05724329873919487 0.009454949758946896
v 0.035793598741292953 0.05952730029821396 0.008678269572556019
v 0.03826909884810448 0.05836300179362297 0.005407390184700489
v 0.03378960117697716 0.05923759937286377 0.01578499935567379
v 0.033103298395872116 0.06052910163998604 0.011849399656057358
v 0.0365447998046875 0.05834909901022911 0.012643500231206417
v 0.030244499444961548 0.06133640184998512 0.014937000349164009
v 0.04185029864311218 0.055886898189783096 -0.005020500160753727
v 0.039614301174879074 0.05768280103802681 -0.0018439600244164467
v 0.038390498608350754 0.05823110044002533 -0.005942259915173054
v 0.043963100761175156 0.05438610166311264 0.003065250115469098
v 0.04164009913802147 0.05591750144958496 0.006271639838814735
v 0.04067150130867958 0.05692939832806587 0.00220643007196486
v 0.04298590123653412 0.05523819848895073 -0.0009794279467314482
v 0.03915350139141083 0.056536998599767685 -0.013060100376605988
v 0.04057690128684044 0.05631599947810173 -0.00905704963952303
v 0.03703869879245758 0.05855549871921539 -0.009969379752874374
v 0.03186510130763054 0.06053889915347099 -0.014820899814367294
v 0.03557499870657921 0.058646101504564285 -0.013966299593448639
v 0.033387698233127594 0.06055999919772148 -0.010851300321519375
v 0.029764199629426003 0.06222280114889145 -0.011933599598705769
v -0.04185029864311218 0.055886898189783096 -0.00502050993964076
v -0.038390498608350754 0.05823110044002533 -0.005942259915173054
v -0.039614301174879074 0.05768280103802681 -0.0018439600244164467
v -0.043963100761175156 0.05438610166311264 0.0030652598943561316
v -0.04067150130867958 0.05692939832806587 0.00220643007196486
v -0.04164009913802147 0.05591750144958496 0.006271639838814735
v -0.04298590123653412 0.05523819848895073 -0.0009794270154088736
v -0.03915350139141083 0.056536998599767685 -0.013060200028121471
v -0.03703869879245758 0.05855549871921539 -0.009969389997422695
v -0.04057690128684044 0.05631599947810173 -0.00905705988407135
v -0.03186510130763054 0.06053889915347099 -0.014820899814367294
v -0.033387698233127594 0.06055999919772148 -0.010851399973034859
v -0.03557499870657921 0.058646101504564285 -0.013966299593448639
v -0.0295695997774601 0.062348898500204086 -0.011757999658584595
v 0.01151179987937212 0.036351099610328674 0.05870329961180687
v 0.008828570134937763 0.03498230129480362 0.059985801577568054
v 0.008898929692804813 0.03828379884362221 0.05792370066046715
v 0.011808600276708603 0.0424593985080719 0.05438520014286041
v 0.009047119878232479 0.041339799761772156 0.05575999990105629
v 0.009037259966135025 0.04429579898715019 0.05344349890947342
v 0.011676900088787079 0.03946169838309288 0.05662529915571213
v -0.011392200365662575 0.03677130118012428 0.058464400470256805
v -0.009106350131332874 0.03860219940543175 0.05767970159649849
v -0.009086879901587963 0.03529239818453789 0.059765201061964035
v -0.011612200178205967 0.04301590099930763 0.05398879945278168
v -0.009201119653880596 0.04479769989848137 0.05299530178308487
v -0.009216739796102047 0.04172879830002785 0.05544149875640869
v -0.011519599705934525 0.0399538017809391 0.05631159991025925
v -0.04055679962038994 0.054366301745176315 0.017304599285125732
v -0.03993359953165054 0.05590730160474777 0.01340440008789301
v -0.03724149987101555 0.05690630152821541 0.016575200483202934
v -0.0454430989921093 0.05205409973859787 0.011193299666047096
v -0.04237860068678856 0.05474570021033287 0.010342500172555447
v -0.043073199689388275 0.053300801664590836 0.014273200184106827
v -0.04478739947080612 0.053320400416851044 0.007142739836126566
v 0.04055679962038994 0.054366301745176315 0.017304599285125732
v 0.03724149987101555 0.05690630152821541 0.016575200483202934
v 0.03993359953165054 0.05590730160474777 0.01340440008789301
v 0.0454430989921093 0.05205409973859787 0.011193299666047096
v 0.043073199689388275 0.053300801664590836 0.014273200184106827
v 0.04237860068678856 0.05474570021033287 0.010342500172555447
v 0.04478739947080612 0.053320400416851044 0.007142739836126566
v 0.04583200067281723 0.05171230062842369 -0.011192100122570992
v 0.043921198695898056 0.05389780178666115 -0.00812107976526022
v 0.04257040098309517 0.054223500192165375 -0.01214819960296154
v 0.04813219979405403 0.0507081001996994 -0.0034613199532032013
v 0.04507030174136162 0.05339119955897331 -0.004248369950801134
v 0.0470614992082119 0.05129669979214668 -0.007339070085436106
v 0.04613430052995682 0.05264589935541153 -0.0001984069967875257
v 0.04286469891667366 0.05196300148963928 -0.019038500264286995
v 0.04442819952964783 0.05193110182881355 -0.015142500400543213
v 0.04108300060033798 0.054347701370716095 -0.016078200191259384
v 0.0362417995929718 0.05611170083284378 -0.020928699523210526
v 0.0396186001598835 0.05412669852375984 -0.02001670002937317
v 0.03776570037007332 0.056425999850034714 -0.01702510006725788
v 0.03411969915032387 0.058438800275325775 -0.017909599468111992
v -0.04583200067281723 0.05171230062842369 -0.011192100122570992
v -0.04257040098309517 0.054223500192165375 -0.01214819960296154
v -0.043921198695898056 0.05389780178666115 -0.00812109000980854
v -0.04836750030517578 0.05049839988350868 -0.0032396300230175257
v -0.0471854992210865 0.05119829997420311 -0.007228979840874672
v -0.04519509896636009 0.05329430103302002 -0.00413795979693532
v -0.04625299945473671 0.05254190042614937 -8.735310257179663e-05
v -0.04286469891667366 0.05196300148963928 -0.019038600847125053
v -0.04108300060033798 0.054347701370716095 -0.016078300774097443
v -0.044428300112485886 0.051931001245975494 -0.015142500400543213
v -0.03601539880037308 0.056346599012613297 -0.020687000826001167
v -0.03764989972114563 0.056540101766586304 -0.016902899369597435
v -0.039509501308202744 0.05425019934773445 -0.0198976993560791
v -0.034000299870967865 0.05854620039463043 -0.017785299569368362
v 0.049136798828840256 0.04683630168437958 -0.017085999250411987
v 0.04756870120763779 0.04936179891228676 -0.014164100401103497
v 0.046082399785518646 0.0494874007999897 -0.018094299361109734
v 0.05172840133309364 0.04624459892511368 -0.009252830408513546
v 0.04886560142040253 0.04906420037150383 -0.010240299627184868
v 0.05052090063691139 0.0466219000518322 -0.013192400336265564
v 0.050015099346637726 0.04855860024690628 -0.006367870140820742
v 0.046005699783563614 0.04660020023584366 -0.024736499413847923
v 0.04765449836850166 0.046799998730421066 -0.02094779908657074
v 0.044516000896692276 0.049371201545000076 -0.021927300840616226
v 0.039361100643873215 0.051462799310684204 -0.026500700041651726
v 0.04276080057024956 0.049120400100946426 -0.025665000081062317
v 0.041184600442647934 0.0518031008541584 -0.02280930057168007
v 0.03786180168390274 0.05387299880385399 -0.023752499371767044
v -0.049136798828840256 0.04683630168437958 -0.017085999250411987
v -0.046082500368356705 0.0494874007999897 -0.018094399943947792
v -0.047568801790475845 0.04936179891228676 -0.014164100401103497
v -0.05172840133309364 0.04624449834227562 -0.009252839721739292
v -0.05052090063691139 0.0466219000518322 -0.013192499987781048
v -0.04886560142040253 0.04906409978866577 -0.010240299627184868
v -0.0501318983733654 0.04845250025391579 -0.006256709806621075
v -0.046005699783563614 0.04660020023584366 -0.024736499413847923
v -0.044516000896692276 0.049371201545000076 -0.021927300840616226
v -0.04765449836850166 0.046799998730421066 -0.02094779908657074
v -0.039361100643873215 0.051462698727846146 -0.026500700041651726
v -0.041184600442647934 0.0518031008541584 -0.022809399291872978
v -0.04276080057024956 0.049120400100946426 -0.025665100663900375
v -0.0377545990049839 0.05399959906935692 -0.02363540045917034
v 0.03794969990849495 0.0108559001237154 0.057809799909591675
v 0.03541430085897446 0.008267120458185673 0.059811998158693314
v 0.0381058007478714 0.0076539102010428905 0.058218199759721756
v 0.031138500198721886 0.011588100343942642 0.06161259859800339
v 0.034598298370838165 0.011239600367844105 0.059804901480674744
v 0.03197769820690155 0.008627129718661308 0.06166850030422211
v 0.028447899967432022 0.009539879858493805 0.06324320286512375
v -0.03794969990849495 0.0108559001237154 0.057809799909591675
v -0.03540420159697533 0.00827115960419178 0.05981750041246414
v -0.03810200095176697 0.007672749925404787 0.058218300342559814
v -0.031048500910401344 0.011623799800872803 0.06165120005607605
v -0.031922899186611176 0.008649109862744808 0.06169379875063896
v -0.034554701298475266 0.011257999576628208 0.059826698154211044
v -0.028383899480104446 0.009571360424160957 0.06326720118522644
v 0.05174420028924942 0.041482001543045044 -0.022400500252842903
v 0.05052269995212555 0.044231098145246506 -0.019775399938225746
v 0.04895570129156113 0.044113900512456894 -0.023607399314641953
v 0.05463450029492378 0.041121698915958405 -0.014968999661505222
v 0.05327310040593147 0.04375839978456497 -0.012131799943745136
v 0.051975101232528687 0.044054798781871796 -0.016055099666118622
v 0.053275998681783676 0.04136919975280762 -0.01871519908308983
v 0.04207669943571091 0.045910198241472244 -0.031965699046850204
v 0.0441179983317852 0.04633589833974838 -0.028400499373674393
v 0.04078980162739754 0.048771198838949203 -0.029284099116921425
v 0.04825789853930473 0.040911298245191574 -0.029957300052046776
v 0.04720979928970337 0.04382820054888725 -0.027392100542783737
v 0.04524499922990799 0.04348539933562279 -0.03101469948887825
v 0.05009010061621666 0.041269998997449875 -0.0262254998087883
v 0.035805098712444305 0.04978340119123459 -0.033758100122213364
v 0.03899820148944855 0.0479171983897686 -0.03291020169854164
v 0.03764859959483147 0.05071130022406578 -0.030181899666786194
v 0.03222300112247467 0.05519210174679756 -0.028557199984788895
v 0.034074198454618454 0.05258049815893173 -0.03121279925107956
v 0.03585530072450638 0.05342160165309906 -0.0275775995105505
v 0.03429830074310303 0.05575890094041824 -0.024790599942207336
v 0.037895798683166504 0.04418490082025528 -0.03887930139899254
v 0.040056098252534866 0.04512619972229004 -0.035484399646520615
v 0.03690889850258827 0.04705850034952164 -0.03637620061635971
v 0.0442797988653183 0.03991309925913811 -0.036691199988126755
v 0.043248001486063004 0.042980898171663284 -0.034383900463581085
v 0.0411548987030983 0.04211759939789772 -0.03784690052270889
v 0.0463423989713192 0.04047640040516853 -0.03337720036506653
v 0.03130929917097092 0.047745201736688614 -0.04049839824438095
v 0.03465450182557106 0.04603400081396103 -0.03974840044975281
v 0.03361710160970688 0.04885140061378479 -0.03719450160861015
v 0.029817400500178337 0.05245739966630936 -0.035484399646520615
v 0.030602099373936653 0.05016480013728142 -0.03803959861397743
v 0.03284979984164238 0.05118050053715706 -0.034661900252103806
v 0.031068800017237663 0.053909000009298325 -0.03207100182771683
v 0.05682529881596565 0.04024190083146095 -0.007174250204116106
v 0.05436889827251434 0.04331659898161888 -0.008227470330893993
v 0.05582449957728386 0.04075080156326294 -0.011090399697422981
v 0.053594499826431274 0.04500589892268181 -0.0014498899690806866
v 0.052750200033187866 0.04570209980010986 -0.0053603798151016235
v 0.055302999913692474 0.042695701122283936 -0.004319339990615845
v 0.05094970017671585 0.04793829843401909 -0.002459780080243945
v 0.03313060104846954 0.04188910126686096 -0.04525120183825493
v 0.0355755016207695 0.04311250150203705 -0.042139001190662384
v 0.03226950019598007 0.04488610103726387 -0.04294079914689064
v 0.03973649814724922 0.038253698498010635 -0.04310059919953346
v 0.03887210041284561 0.04127870127558708 -0.04104910045862198
v 0.036490801721811295 0.04013440012931824 -0.04424529895186424
v 0.04207739979028702 0.03914780169725418 -0.03996169939637184
v 0.025791900232434273 0.04578410089015961 -0.04624500125646591
v 0.029513999819755554 0.043915100395679474 -0.045830000191926956
v 0.028599699959158897 0.0468452014029026 -0.04344639927148819
v 0.023225300014019012 0.052204400300979614 -0.0404387004673481
v 0.02455970086157322 0.049096498638391495 -0.04343219846487045
v 0.027326799929142 0.05008380115032196 -0.04055679962038994
v 0.026567500084638596 0.05242199823260307 -0.038027599453926086
v -0.05174420028924942 0.041482001543045044 -0.02240060083568096
v -0.04895570129156113 0.044113799929618835 -0.02360749989748001
v -0.05052269995212555 0.044231098145246506 -0.019775399938225746
v -0.05463460087776184 0.041121698915958405 -0.014968999661505222
v -0.051975101232528687 0.044054798781871796 -0.016055099666118622
v -0.05327310040593147 0.04375839978456497 -0.012131799943745136
v -0.053275998681783676 0.04136909916996956 -0.01871519908308983
v -0.04207669943571091 0.045910101383924484 -0.03196579962968826
v -0.04078980162739754 0.048771198838949203 -0.029284199699759483
v -0.0441179983317852 0.04633580148220062 -0.02840059995651245
v -0.04825799912214279 0.040911201387643814 -0.029957300052046776
v -0.04524499922990799 0.04348529875278473 -0.03101480007171631
v -0.04720979928970337 0.043828099966049194 -0.027392199262976646
v -0.05009010061621666 0.041269898414611816 -0.0262254998087883
v -0.03527899831533432 0.05028799921274185 -0.03356349840760231
v -0.03738490119576454 0.05096380040049553 -0.03008430078625679
v -0.03874500095844269 0.04818259924650192 -0.03282159939408302
v -0.03258280083537102 0.055259499698877335 -0.02801330015063286
v -0.036029599606990814 0.05344659835100174 -0.027300700545310974
v -0.03398539870977402 0.05285850167274475 -0.030837800353765488
v -0.034357599914073944 0.05589820072054863 -0.024391600862145424
v -0.0377935990691185 0.044392701238393784 -0.03874190151691437
v -0.03659979999065399 0.04742249846458435 -0.03621549904346466
v -0.04000309854745865 0.045228298753499985 -0.03541399911046028
v -0.044484399259090424 0.04073309898376465 -0.035523999482393265
v -0.041211098432540894 0.042637500911951065 -0.03719799965620041
v -0.0433305986225605 0.04337169975042343 -0.03378390148282051
v -0.04642479866743088 0.04086939990520477 -0.03277850151062012
v -0.030694900080561638 0.048452600836753845 -0.040126901119947433
v -0.03304389864206314 0.04945550113916397 -0.03690880164504051
v -0.03430449962615967 0.04650430008769035 -0.0395038016140461
v -0.02838760055601597 0.05366300046443939 -0.03484870120882988
v -0.031882598996162415 0.05205589905381203 -0.034258998930454254
v -0.029586799442768097 0.051136601716279984 -0.03754559904336929
v -0.030537299811840057 0.054554399102926254 -0.0314847007393837
v -0.05682539939880371 0.04024190083146095 -0.00717427022755146
v -0.05582449957728386 0.04075080156326294 -0.011090399697422981
v -0.0543689988553524 0.04331659898161888 -0.00822748988866806
v -0.053594499826431274 0.04500589892268181 -0.0014499099925160408
v -0.055302999913692474 0.042695701122283936 -0.004319349769502878
v -0.052750200033187866 0.04570209980010986 -0.005360390059649944
v -0.05106009915471077 0.04782620072364807 -0.002348409965634346
v -0.032893601804971695 0.0422867015004158 -0.04505379870533943
v -0.03184879943728447 0.04544759914278984 -0.04266339913010597
v -0.03540530055761337 0.04341540113091469 -0.04197100177407265
v -0.039785899221897125 0.03754600137472153 -0.043673500418663025
v -0.03640659898519516 0.03998979926109314 -0.04444520175457001
v -0.03886440023779869 0.04104809835553169 -0.041287001222372055
v -0.042241599410772324 0.039238400757312775 -0.03969879820942879
v -0.0256865993142128 0.04599300026893616 -0.04609600082039833
v -0.028238900005817413 0.04730340093374252 -0.043185099959373474
v -0.029340099543333054 0.04421519860625267 -0.04565269872546196
v -0.023814700543880463 0.05133020132780075 -0.041207700967788696
v -0.027294300496578217 0.04996379837393761 -0.040726300328969955
v -0.024785999208688736 0.04873109981417656 -0.04371419921517372
v -0.026145700365304947 0.05258620157837868 -0.038093201816082
v 0.02778729982674122 0.03927220031619072 -0.050848398357629776
v 0.030510900542140007 0.0406498983502388 -0.048131801187992096
v 0.02683589980006218 0.04260160028934479 -0.048630598932504654
v 0.03513430058956146 0.03478280082345009 -0.049555398523807526
v 0.03419620171189308 0.03840760141611099 -0.047491900622844696
v 0.03152180090546608 0.03709930181503296 -0.050299301743507385
v 0.03750709816813469 0.03658819943666458 -0.04641680046916008
v 0.020336899906396866 0.042957499623298645 -0.051391299813985825
v 0.024104800075292587 0.04118780046701431 -0.05121060088276863
v 0.023102300241589546 0.04444370046257973 -0.04889829829335213
v 0.0180479995906353 0.04902379959821701 -0.04659330099821091
v 0.021959500387310982 0.04748950153589249 -0.04650289937853813
v 0.020676199346780777 0.050710998475551605 -0.0435991995036602
v 0.01922439970076084 0.04606720060110092 -0.049073800444602966
v -0.027675600722432137 0.03956390172243118 -0.05068289861083031
v -0.02672640047967434 0.042851001024246216 -0.04847149923443794
v -0.03033600002527237 0.0409948006272316 -0.047949500381946564
v -0.034534700214862823 0.03535889834165573 -0.04956910014152527
v -0.03115770034492016 0.03752459958195686 -0.05021059885621071
v -0.03377550095319748 0.03889340162277222 -0.04739750176668167
v -0.03722409904003143 0.0365150012075901 -0.046701401472091675
v -0.020425399765372276 0.042872801423072815 -0.05142689868807793
v -0.023094799369573593 0.0445077009499073 -0.04884359985589981
v -0.02408990077674389 0.04128589853644371 -0.0511385016143322
v -0.018168600276112556 0.04907799884676933 -0.04648929834365845
v -0.021964700892567635 0.04761600121855736 -0.04637100175023079
v -0.019330499693751335 0.046055298298597336 -0.0490432009100914
v -0.021026400849223137 0.05028729885816574 -0.043921198695898056
v 0.03499139845371246 0.05591779947280884 0.02342670038342476
v 0.03445279970765114 0.0576821006834507 0.019641399383544922
v 0.03784260153770447 0.05524199828505516 0.02040259912610054
v 0.028032399713993073 0.06032409891486168 0.02179880067706108
v 0.030966799706220627 0.059888601303100586 0.018825799226760864
v 0.03156869858503342 0.05822569876909256 0.022653499618172646
v 0.027360700070858 0.061880599707365036 0.01794940046966076
v 0.04139230027794838 0.05072379857301712 0.024774499237537384
v 0.03826000168919563 0.053415898233652115 0.024143600836396217
v 0.04104769974946976 0.05263879895210266 0.021077100187540054
v 0.046592000871896744 0.04882020130753517 0.018595000728964806
v 0.044069599360227585 0.04985959827899933 0.02172289974987507
v 0.04365120083093643 0.051684100180864334 0.017981400713324547
v 0.04609590023756027 0.050523001700639725 0.01491949986666441
v -0.03499139845371246 0.05591779947280884 0.02342670038342476
v -0.03784260153770447 0.05524199828505516 0.02040259912610054
v -0.03445279970765114 0.05768309906125069 0.01963849924504757
v -0.028032399713993073 0.06032409891486168 0.02179880067706108
v -0.03156869858503342 0.05822569876909256 0.022653499618172646
v -0.030966799706220627 0.059888601303100586 0.018825799226760864
v -0.027360700070858 0.061880599707365036 0.01794940046966076
v -0.04139230027794838 0.05072379857301712 0.024774499237537384
v -0.04104769974946976 0.05263879895210266 0.021077100187540054
v -0.03826000168919563 0.053415898233652115 0.024143600836396217
v -0.046592000871896744 0.04882020130753517 0.018595000728964806
v -0.04365120083093643 0.051684100180864334 0.017981400713324547
v -0.044069599360227585 0.04985959827899933 0.02172289974987507
v -0.04609590023756027 0.050523001700639725 0.01491949986666441
v 0.049846101552248 0.03512049838900566 -0.03437909856438637
v 0.04912170022726059 0.03806990012526512 -0.03221390023827553
v 0.04713429883122444 0.03757369890809059 -0.03558899834752083
v 0.05361339822411537 0.03582749888300896 -0.027239499613642693
v 0.052758101373910904 0.03871290013194084 -0.024857399985194206
v 0.05101630091667175 0.038430098444223404 -0.02864369936287403
v 0.05181660130620003 0.0355335995554924 -0.03086099959909916
v -0.05371269956231117 0.03548220172524452 -0.027494700625538826
v -0.051070500165224075 0.03826050087809563 -0.028774000704288483
v -0.052817199379205704 0.03854690119624138 -0.024989599362015724
v -0.04983200132846832 0.03534410148859024 -0.034169599413871765
v -0.04910919815301895 0.038177598267793655 -0.032105401158332825
v -0.0518512986600399 0.035467199981212616 -0.030879199504852295
v -0.04722990095615387 0.03809649869799614 -0.03489980101585388
v -0.022468000650405884 0.0368942990899086 -0.0550817996263504
v -0.021475899964571 0.03993780165910721 -0.05332690104842186
v -0.025106199085712433 0.03828150033950806 -0.05295480042695999
v -0.029343700036406517 0.032907500863075256 -0.054369598627090454
v -0.025947999209165573 0.03495769947767258 -0.05481480062007904
v -0.028553899377584457 0.036291901022195816 -0.0526077002286911
v -0.03198489919304848 0.034182000905275345 -0.05204379931092262
v -0.012648699805140495 0.04571310058236122 -0.05148119851946831
v -0.015434999950230122 0.047476399689912796 -0.04906880110502243
v -0.016566099599003792 0.04437059909105301 -0.051544301211833954
v -0.01509610004723072 0.039955999702215195 -0.055458299815654755
v -0.013891899958252907 0.042894698679447174 -0.05354490131139755
v -0.017784899100661278 0.04147069901227951 -0.053515199571847916
v -0.018812699243426323 0.03848790004849434 -0.05536029860377312
v -0.01035850029438734 0.051554400473833084 -0.046204399317502975
v -0.0142881004139781 0.050402700901031494 -0.046426501125097275
v -0.01152340043336153 0.048717398196458817 -0.04892680048942566
v -0.016008799895644188 0.055020399391651154 -0.04020540043711662
v -0.017123399302363396 0.05215499922633171 -0.04343549907207489
v -0.0132106002420187 0.053396400064229965 -0.04329320043325424
v -0.019950199872255325 0.05327809974551201 -0.04078520089387894
v -0.004392679780721664 0.04726700112223625 -0.05144450068473816
v -0.007390960119664669 0.04951370134949684 -0.04892620071768761
v -0.008536100387573242 0.046574000269174576 -0.051555801182985306
v -0.0064500002190470695 0.04044020175933838 -0.056771401315927505
v -0.005432330071926117 0.04394249990582466 -0.05421759933233261
v -0.009572399780154228 0.04318059980869293 -0.054256901144981384
v -0.010794200003147125 0.04027700051665306 -0.0562250018119812
v -0.0023622300941497087 0.053362101316452026 -0.0452428013086319
v -0.0063714501447975636 0.05254970118403435 -0.04580320045351982
v -0.003384350100532174 0.05041719973087311 -0.0484423004090786
v -0.007832629606127739 0.05666809901595116 -0.04034069925546646
v -0.009111129678785801 0.05420390143990517 -0.043346598744392395
v -0.005105889867991209 0.055106401443481445 -0.042862799018621445
v -0.011941899545490742 0.055943701416254044 -0.04034470021724701
v -0.02326969988644123 0.030776500701904297 -0.05840659886598587
v -0.022897599264979362 0.0338779017329216 -0.05681540071964264
v -0.026345500722527504 0.03188899904489517 -0.05647129938006401
v -0.017559299245476723 0.03469739854335785 -0.05820449814200401
v -0.01634489931166172 0.037365999072790146 -0.0568912997841835
v -0.020033400505781174 0.03583120182156563 -0.05669910088181496
v -0.020439600571990013 0.032777100801467896 -0.05837709829211235
v 0.03572409972548485 0.051881201565265656 0.0305308997631073
v 0.03541859984397888 0.05399220064282417 0.02702520042657852
v 0.03862389922142029 0.0513898991048336 0.027699800208210945
v 0.02900869958102703 0.056609198451042175 0.02922149933874607
v 0.02857149951159954 0.05857110023498535 0.025555700063705444
v 0.032057199627161026 0.05636399984359741 0.026371100917458534
v 0.032423701137304306 0.05434110015630722 0.02992900088429451
v 0.047102898359298706 0.04489339888095856 0.025805100798606873
v 0.044324200600385666 0.04789130017161369 0.025333600118756294
v 0.04692849889397621 0.04693790152668953 0.02223850041627884
v 0.04168260097503662 0.0464336983859539 0.03172500059008598
v 0.04160840064287186 0.04866170138120651 0.028297999873757362
v 0.04446860030293465 0.045741599053144455 0.028814200311899185
v 0.0387692004442215 0.04924120008945465 0.03118100017309189
v 0.05189960077404976 0.04269849881529808 0.019577400758862495
v 0.049585599452257156 0.04387050122022629 0.02272989973425865
v 0.04932970181107521 0.04583730176091194 0.019118700176477432
v 0.05101640149950981 0.046289898455142975 0.012432700023055077
v 0.05154319852590561 0.04456780105829239 0.016031600534915924
v 0.04888400062918663 0.04763279855251312 0.0155392000451684
v 0.04831099882721901 0.049254801124334335 0.01183290034532547
v 0.04701799899339676 0.0403750017285347 0.032544899731874466
v 0.04442489892244339 0.04347750172019005 0.03218900039792061
v 0.04713970050215721 0.04270600154995918 0.029224099591374397
v 0.051866501569747925 0.03874170035123825 0.026626000180840492
v 0.04956210032105446 0.04188299924135208 0.02625660039484501
v 0.05196969956159592 0.04078809916973114 0.023140300065279007
v 0.04951959848403931 0.0396202988922596 0.02963170036673546
v 0.041377898305654526 0.0416036993265152 0.038170699030160904
v 0.041599199175834656 0.04409179836511612 0.035005901008844376
v 0.04427139833569527 0.04105750098824501 0.03541649878025055
v 0.03580300137400627 0.047311801463365555 0.037144798785448074
v 0.03880690038204193 0.04695029929280281 0.034491900354623795
v 0.038654301315546036 0.04453130066394806 0.037720099091529846
v 0.03582260012626648 0.0496785007417202 0.033893801271915436
v 0.05566810071468353 0.04018440097570419 0.013648300431668758
v 0.05386039987206459 0.04150040075182915 0.016636500135064125
v 0.05342460051178932 0.043303899466991425 0.01306070014834404
v 0.055944301187992096 0.03646659851074219 0.020986000075936317
v 0.0539792999625206 0.037655699998140335 0.023838700726628304
v 0.05400079861283302 0.0396404005587101 0.020311400294303894
v 0.05590289831161499 0.038391899317502975 0.017347199842333794
v 0.04635139927268028 0.035359401255846024 0.03874620050191879
v 0.04393649846315384 0.03854459896683693 0.03852140158414841
v 0.04676109924912453 0.03792919963598251 0.03570390120148659
v 0.051613301038742065 0.03390049934387207 0.03296700119972229
v 0.049061499536037445 0.0346858985722065 0.035914599895477295
v 0.049395300447940826 0.03719779849052429 0.032808899879455566
v 0.05182420089840889 0.03638029843568802 0.02984509989619255
v 0.04085500165820122 0.036148801445961 0.0438648983836174
v 0.041182100772857666 0.03893829882144928 0.04108329862356186
v 0.04366679862141609 0.03580629825592041 0.04136570170521736
v 0.03558729961514473 0.0419141985476017 0.04332130029797554
v 0.038541801273822784 0.04182320088148117 0.040808700025081635
v 0.03828110173344612 0.03909270092844963 0.04366140067577362
v 0.03575659915804863 0.04468990117311478 0.040302399545907974
v -0.03564310073852539 0.05187549814581871 0.03063499927520752
v -0.038585398346185684 0.051389798521995544 0.027753500267863274
v -0.03537930175662041 0.053991399705410004 0.027078300714492798
v -0.02914769947528839 0.05643939971923828 0.02941099926829338
v -0.032127201557159424 0.0562794990837574 0.02646630071103573
v -0.028644399717450142 0.05849270150065422 0.025653600692749023
v -0.0324488990008831 0.054246798157691956 0.030072500929236412
v -0.047102898359298706 0.04489339888095856 0.025805100798606873
v -0.04692849889397621 0.04693790152668953 0.02223850041627884
v -0.044324200600385666 0.04789130017161369 0.025333600118756294
v -0.04168260097503662 0.0464336983859539 0.03172500059008598
v -0.04446860030293465 0.045741599053144455 0.028814200311899185
v -0.04160840064287186 0.04866170138120651 0.028297999873757362
v -0.03872939944267273 0.04923919960856438 0.03123359940946102
v -0.05185610055923462 0.04268360137939453 0.01972460001707077
v -0.04930799826979637 0.0458298996090889 0.019192399457097054
v -0.04956100136041641 0.043860599398612976 0.02280239947140217
v -0.051074400544166565 0.04625780135393143 0.012313400395214558
v -0.0489157997071743 0.047619398683309555 0.015480300411581993
v -0.05155520141124725 0.044548399746418 0.016047000885009766
v -0.04834090173244476 0.04923969879746437 0.011773400008678436
v -0.04701799899339676 0.0403750017285347 0.032544899731874466
v -0.04713970050215721 0.04270600154995918 0.029224099591374397
v -0.04442489892244339 0.04347750172019005 0.03218900039792061
v -0.051944900304079056 0.038607001304626465 0.02666890062391758
v -0.05198650062084198 0.04071269929409027 0.023235199972987175
v -0.04960459843277931 0.041818201541900635 0.02627979964017868
v -0.04955980181694031 0.03955350071191788 0.029653800651431084
v -0.041377898305654526 0.0416036993265152 0.038170699030160904
v -0.04427139833569527 0.04105750098824501 0.03541649878025055
v -0.041599199175834656 0.04409179836511612 0.035005901008844376
v -0.035852499306201935 0.0470735989511013 0.0373988002538681
v -0.038675498217344284 0.04440779983997345 0.037843700498342514
v -0.03883359953761101 0.04683329910039902 0.034620799124240875
v -0.03581079840660095 0.04956170171499252 0.03407679870724678
v -0.055742498487234116 0.04007570073008537 0.01366410031914711
v -0.05349289998412132 0.04323500022292137 0.013009300455451012
v -0.0538799986243248 0.04144170135259628 0.016719400882720947
v -0.05601020157337189 0.03645990043878555 0.020821500569581985
v -0.0540120005607605 0.03962960094213486 0.020302699878811836
v -0.0540538989007473 0.03758649900555611 0.023778799921274185
v -0.05596829950809479 0.0383308008313179 0.017271200194954872
v -0.04635139927268028 0.035359401255846024 0.03874620050191879
v -0.04676109924912453 0.03792919963598251 0.03570390120148659
v -0.04393649846315384 0.03854459896683693 0.03852140158414841
v -0.051613301038742065 0.03390049934387207 0.03296700119972229
v -0.049395300447940826 0.03719779849052429 0.032808899879455566
v -0.049061499536037445 0.0346858985722065 0.035914599895477295
v -0.051861099898815155 0.03631120175123215 0.029865199699997902
v -0.04085249826312065 0.03614110127091408 0.04387360066175461
v -0.04366559907793999 0.03580249845981598 0.0413702018558979
v -0.04118109866976738 0.038934700191020966 0.04108789935708046
v -0.035666998475790024 0.041743598878383636 0.04342050105333328
v -0.03831690177321434 0.03900060057640076 0.043712299317121506
v -0.03858169913291931 0.04173779860138893 0.040858399122953415
v -0.03581890091300011 0.04448210075497627 0.04047650098800659
v 0.022183099761605263 0.03620240092277527 -0.055653300136327744
v 0.025025999173521996 0.03779900074005127 -0.05333790183067322
v 0.02129649929702282 0.03964800015091896 -0.0536142997443676
v 0.02924959920346737 0.032705698162317276 -0.0545416995882988
v 0.02856140024960041 0.03604310005903244 -0.052774399518966675
v 0.02575800009071827 0.03450990095734596 -0.05518690124154091
v 0.032244499772787094 0.03379930183291435 -0.05213350057601929
v -0.034990500658750534 0.02769709937274456 -0.053930800408124924
v -0.034832000732421875 0.03159090131521225 -0.05185319855809212
v -0.032215800136327744 0.030348200350999832 -0.05423219874501228
v -0.0399044007062912 0.030104700475931168 -0.04900350049138069
v -0.03749940171837807 0.028940999880433083 -0.05153850093483925
v -0.037273600697517395 0.03277929872274399 -0.04935780167579651
v -0.03993060067296028 0.033897899091243744 -0.04643790051341057
v 0.014054900035262108 0.054343100637197495 -0.041824501007795334
v 0.01723100058734417 0.05801190063357353 -0.0351811982691288
v 0.0186832994222641 0.05339730158448219 -0.04122690111398697
v 0.01567010022699833 0.05627470090985298 -0.03856949880719185
v 0.020278599113225937 0.055245399475097656 -0.03790409862995148
v 0.016078999266028404 0.05177199840545654 -0.044284600764513016
v 0.02511190064251423 0.05671960115432739 -0.03243879973888397
v 0.02121010050177574 0.057470399886369705 -0.03387169912457466
v 0.024222999811172485 0.054584600031375885 -0.03652080148458481
v 0.027499500662088394 0.0546577014029026 -0.03400469943881035
v 0.041010499000549316 0.03301620110869408 -0.04613099992275238
v 0.04041299968957901 0.03566979989409447 -0.04465939849615097
v 0.03812050074338913 0.03394230082631111 -0.047903601080179214
v 0.04544449970126152 0.034164901822805405 -0.040835700929164886
v 0.04492130130529404 0.03708780184388161 -0.03881449997425079
v 0.042649801820516586 0.03625969961285591 -0.04202650114893913
v 0.04328170046210289 0.03363269940018654 -0.04353779926896095
v 0.014894800260663033 0.03909030184149742 -0.0561257004737854
v 0.01856819912791252 0.03770580142736435 -0.05597769841551781
v 0.017645999789237976 0.04109419882297516 -0.05385059863328934
v 0.013315499760210514 0.04496010020375252 -0.05197390168905258
v 0.014124699868261814 0.04208340123295784 -0.054124701768159866
v 0.016849299892783165 0.044019099324941635 -0.05175349861383438
v 0.01570899970829487 0.047073498368263245 -0.049369100481271744
v 0.023131199181079865 0.0295500997453928 -0.05909090116620064
v 0.026235999539494514 0.031182099133729935 -0.05691530182957649
v 0.022690100595355034 0.03292420133948326 -0.057455699890851974
v 0.01645530015230179 0.03241389989852905 -0.059821099042892456
v 0.01935110054910183 0.03436480090022087 -0.0578325018286705
v 0.015699300915002823 0.03580759838223457 -0.05806329846382141
v 0.01982020027935505 0.031024299561977386 -0.059537000954151154
v -0.06674990057945251 0.014967899769544601 0.014846299774944782
v -0.06520690023899078 0.013346600346267223 0.021677900105714798
v -0.06724569946527481 0.011040999554097652 0.016003699973225594
v -0.06646870076656342 0.010228299535810947 0.0194242000579834
v -0.06606560200452805 0.014175999909639359 0.018286200240254402
v -0.0676753968000412 0.012372000142931938 0.012921599671244621
v -0.0680558979511261 0.008421549573540688 0.014052700251340866
v -0.06532029807567596 0.009887490421533585 0.02314089983701706
v 0.06676819920539856 0.0149015998467803 0.014830700121819973
v 0.06521140038967133 0.01341640017926693 0.02162110060453415
v 0.0672530010342598 0.011008800007402897 0.015995100140571594
v 0.066075399518013 0.014177399687469006 0.018249500542879105
v 0.0664713978767395 0.010264599695801735 0.019395500421524048
v 0.06805639714002609 0.008416039869189262 0.014053200371563435
v 0.0676840990781784 0.012331799603998661 0.012914599850773811
v 0.0653270035982132 0.009930839762091637 0.023103199899196625
v 0.012432600371539593 0.021213499829173088 0.0655393972992897
v 0.00959934014827013 0.0202712994068861 0.06630930304527283
v 0.00996589008718729 0.023702500388026237 0.065106600522995
v 0.011109800077974796 0.030351899564266205 0.06209129840135574
v 0.009300580248236656 0.028268199414014816 0.06335940212011337
v 0.008625820279121399 0.0319737009704113 0.0616706982254982
v 0.014924599789083004 0.026044800877571106 0.06323699653148651
v 0.011215600185096264 0.02612609975039959 0.06396590173244476
v 0.013690800406038761 0.02365019917488098 0.0644455999135971
v 0.013028699904680252 0.028223099187016487 0.06271930038928986
v -0.01243939995765686 0.021237200126051903 0.06553050130605698
v -0.009973510168492794 0.023732099682092667 0.06509470194578171
v -0.00960278045386076 0.020283199846744537 0.06630519777536392
v -0.011039000004529953 0.0301837008446455 0.062185898423194885
v -0.008909160271286964 0.031992100179195404 0.06162089854478836
v -0.009268689900636673 0.028199700638651848 0.06339450180530548
v -0.01495280023664236 0.02607879973948002 0.06321640312671661
v -0.011234000325202942 0.02616100013256073 0.06394840031862259
v -0.01370839960873127 0.023679200559854507 0.06443119794130325
v -0.013006900437176228 0.028155099600553513 0.0627543032169342
v -0.06704849749803543 0.015107199549674988 -0.013276699930429459
v -0.0679967999458313 0.011044600047171116 -0.012427800334990025
v -0.0669168010354042 0.012733000330626965 -0.016124799847602844
v -0.06776739656925201 0.00864768959581852 -0.015257700346410275
v -0.06855379790067673 0.012903200462460518 -0.005821180064231157
v -0.06874340027570724 0.009939449839293957 -0.008692150004208088
v -0.06790989637374878 0.014027600176632404 -0.00956427026540041
v -0.06918329745531082 0.009610259905457497 -0.004616579972207546
v 0.03435099869966507 0.027354899793863297 -0.05451339855790138
v 0.034814100712537766 0.03113269992172718 -0.052141398191452026
v 0.03184470161795616 0.030072299763560295 -0.05460380017757416
v 0.028860200196504593 0.025766199454665184 -0.05833689868450165
v 0.029101500287652016 0.02928280085325241 -0.056529801338911057
v 0.02602740004658699 0.027691900730133057 -0.05878549814224243
v 0.03164380043745041 0.026592599228024483 -0.056493401527404785
v -0.01442249957472086 0.010666499845683575 -0.06766249984502792
v -0.016234299167990685 0.008428649976849556 -0.06756780296564102
v -0.012711799703538418 0.008387129753828049 -0.0683232992887497
v -0.020527899265289307 0.01165079977363348 -0.06590040028095245
v -0.022717099636793137 0.00872062984853983 -0.06563449651002884
v -0.019292199984192848 0.00892237015068531 -0.06669490039348602
v -0.01749360002577305 0.011170499958097935 -0.06685200333595276
v 0.05741700157523155 0.01260599959641695 -0.03800490126013756
v 0.060012299567461014 0.008648039773106575 -0.034981999546289444
v 0.05791579931974411 0.009425180032849312 -0.038169700652360916
v 0.05954720079898834 0.01183990016579628 -0.03484170138835907
v 0.055911701172590256 0.008528199978172779 -0.0412449985742569
v 0.05544130131602287 0.01171880029141903 -0.04109660163521767
v 0.0379737988114357 0.01500099990516901 -0.0568590983748436
v 0.031590498983860016 0.013617199845612049 -0.06096399948000908
v 0.037956301122903824 0.01131370011717081 -0.05771759897470474
v 0.034781698137521744 0.010627400130033493 -0.05981040000915527
v 0.034835100173950195 0.014330900274217129 -0.05900119990110397
v 0.04188530147075653 0.011551500298082829 -0.05488340184092522
v 0.039961300790309906 0.013286800123751163 -0.055915601551532745
v 0.03990190103650093 0.00958328042179346 -0.05670979991555214
v 0.031595200300216675 0.00999602023512125 -0.06165890023112297
v 0.04320560023188591 0.00885131023824215 -0.05435929819941521
v -0.04389730095863342 0.015883300453424454 -0.052160799503326416
v -0.039715901017189026 0.013094999827444553 -0.05613530054688454
v -0.044083401560783386 0.01173549983650446 -0.053093601018190384
v -0.0418504998087883 0.014504400081932545 -0.054204799234867096
v -0.041970498859882355 0.010334200225770473 -0.055060699582099915
v -0.04790529981255531 0.011804199777543545 -0.04965620115399361
v -0.046064700931310654 0.009686590172350407 -0.0518094003200531
v -0.04594700038433075 0.013857600279152393 -0.05095919966697693
v -0.038885101675987244 0.009751950390636921 -0.05738329887390137
v -0.0489886999130249 0.009043499827384949 -0.049176398664712906
v 0.06702510267496109 0.015275999903678894 -0.013201399706304073
v 0.06799069792032242 0.01113010011613369 -0.01238510012626648
v 0.0677717998623848 0.008658889681100845 -0.015231800265610218
v 0.0669121965765953 0.012829200364649296 -0.01606779918074608
v 0.06845910102128983 0.013337199576199055 -0.005956000182777643
v 0.06784310191869736 0.014327899552881718 -0.009592990390956402
v 0.06870350241661072 0.010158100165426731 -0.00875477958470583
v 0.06913989782333374 0.009906450286507607 -0.004641239996999502
v 0.007049839943647385 0.010772700421512127 -0.06880590319633484
v 0.005354749970138073 0.008401039987802505 -0.06928739696741104
v 0.008981569670140743 0.008423260413110256 -0.06890849769115448
v 0.013603700324892998 0.012868599966168404 -0.06744880229234695
v 0.012267500162124634 0.009476750157773495 -0.0682620033621788
v 0.015664400532841682 0.00952961016446352 -0.0675560012459755
v 0.010339699685573578 0.011835499666631222 -0.06821300089359283
v -0.059311799705028534 0.03493029996752739 -0.012727499939501286
v -0.057068198919296265 0.03808939829468727 -0.013871399685740471
v -0.058165401220321655 0.037648800760507584 -0.0099675003439188
v -0.05681790038943291 0.035556599497795105 -0.020185500383377075
v -0.05581590160727501 0.03840089961886406 -0.017605500295758247
v -0.05815720185637474 0.035299498587846756 -0.016482699662446976
v -0.05437229946255684 0.03858409821987152 -0.021328799426555634
v -0.06108599901199341 0.03381650149822235 -0.00499428017064929
v -0.06029770150780678 0.034429799765348434 -0.008875450119376183
v -0.05905250087380409 0.0370899997651577 -0.006094260141253471
v -0.058281801640987396 0.03877060115337372 0.00027425799635238945
v -0.0597756989300251 0.036349400877952576 -0.002363639883697033
v -0.05764149874448776 0.03956659883260727 -0.0034552800934761763
v -0.05602940171957016 0.04195659980177879 -0.0005887839943170547
v 0.059311799705028534 0.03493029996752739 -0.012727499939501286
v 0.058165401220321655 0.037648800760507584 -0.009967479854822159
v 0.057068198919296265 0.03808949887752533 -0.013871300034224987
v 0.05678689852356911 0.03556489944458008 -0.020257899537682533
v 0.058143600821495056 0.03530479967594147 -0.01651949994266033
v 0.05580120161175728 0.03840560093522072 -0.017642000690102577
v 0.05435580015182495 0.03858749940991402 -0.02136470004916191
v 0.06108599901199341 0.03381650149822235 -0.004994260147213936
v 0.05905250087380409 0.0370899997651577 -0.006094240117818117
v 0.06029770150780678 0.034429799765348434 -0.008875429630279541
v 0.058281801640987396 0.03877060115337372 0.0002742930082604289
v 0.05764149874448776 0.03956659883260727 -0.003455250058323145
v 0.0597756989300251 0.036349400877952576 -0.0023636100813746452
v 0.05602940171957016 0.04195659980177879 -0.0005887590232305229
v 0.02101919986307621 0.06366129964590073 0.020135199651122093
v 0.020062800496816635 0.06499110162258148 0.016542300581932068
v 0.023846400901675224 0.06354860216379166 0.017115099355578423
v 0.015039299614727497 0.06603500247001648 0.017697200179100037
v 0.017057999968528748 0.06614069640636444 0.015311299823224545
v 0.01805110089480877 0.06492660194635391 0.018939100205898285
v 0.013671900145709515 0.06703899800777435 0.014793800190091133
v -0.021098999306559563 0.06358399987220764 0.02029550075531006
v -0.023886999115347862 0.06351149827241898 0.01719590090215206
v -0.020350299775600433 0.06485310196876526 0.016731400042772293
v -0.014365499839186668 0.06601619720458984 0.018316399306058884
v -0.01775760017335415 0.06489089876413345 0.01933480054140091
v -0.0169731006026268 0.06606239825487137 0.015737799927592278
v -0.013479700312018394 0.06707900017499924 0.014788400381803513
v 0.049533601850271225 0.04916609823703766 0.0053964401595294476
v 0.050352100282907486 0.04780120030045509 0.008928259834647179
v 0.047559600323438644 0.050686001777648926 0.008307330310344696
v 0.05478079989552498 0.043118901550769806 0.00631048996001482
v 0.05298209935426712 0.04477490112185478 0.009386410005390644
v 0.05224379897117615 0.046219099313020706 0.005863190162926912
v 0.055313799530267715 0.04171900078654289 0.009995539672672749
v -0.04991219937801361 0.048843201249837875 0.004806910175830126
v -0.04776439815759659 0.05054039880633354 0.008014660328626633
v -0.050576500594615936 0.04762880131602287 0.008574269711971283
v -0.05506350100040436 0.04277839884161949 0.006165749859064817
v -0.05257530137896538 0.04588719829916954 0.005495470017194748
v -0.05315830186009407 0.044593099504709244 0.009255140088498592
v -0.05549370124936104 0.04149489849805832 0.009931170381605625
v 0.045651599764823914 0.029645700007677078 0.044012099504470825
v 0.043325599282979965 0.0329522006213665 0.04401189833879471
v 0.046073101460933685 0.03255309909582138 0.04144350066781044
v 0.050641000270843506 0.0287369005382061 0.03885449841618538
v 0.04857340082526207 0.032099198549985886 0.03886210173368454
v 0.05120860040187836 0.031368598341941833 0.03596790134906769
v 0.04821069911122322 0.029230400919914246 0.04148869961500168
v 0.03998060151934624 0.031279999762773514 0.048198699951171875
v 0.04046250134706497 0.033751700073480606 0.04608270153403282
v 0.04287340119481087 0.03050360083580017 0.046167101711034775
v 0.03523379936814308 0.03607340157032013 0.04855189844965935
v 0.03546629846096039 0.039055198431015015 0.04600900039076805
v 0.03809649869799614 0.03616059944033623 0.04627170041203499
v 0.037651099264621735 0.033716000616550446 0.048431698232889175
v 0.05567590147256851 0.027058400213718414 0.032680898904800415
v 0.05324859917163849 0.027945000678300858 0.035828299820423126
v 0.05373150110244751 0.030528899282217026 0.03287719935178757
v 0.0561445988714695 0.03200940042734146 0.026892000809311867
v 0.05599350109696388 0.02957789972424507 0.029830800369381905
v 0.05396300181746483 0.03300639986991882 0.029976200312376022
v 0.05409349873661995 0.035433199256658554 0.02680259943008423
v -0.0455607995390892 0.030031200498342514 0.043844498693943024
v -0.04602070152759552 0.032741300761699677 0.04135340079665184
v -0.04327239841222763 0.03313649818301201 0.043925799429416656
v -0.050641000270843506 0.0287369005382061 0.03885449841618538
v -0.05120860040187836 0.031368598341941833 0.03596790134906769
v -0.04857340082526207 0.032099198549985886 0.03886210173368454
v -0.048165298998355865 0.02942340075969696 0.04140489920973778
v -0.04036090150475502 0.03035460039973259 0.04847259819507599
v -0.043014198541641235 0.03023039922118187 0.04621579870581627
v -0.0406637005507946 0.033294498920440674 0.04623790085315704
v -0.03524539992213249 0.0360432006418705 0.048565901815891266
v -0.03810099884867668 0.03614149987697601 0.046282898634672165
v -0.03550979867577553 0.0389522984623909 0.04606270045042038
v -0.03785970062017441 0.033248599618673325 0.04859190061688423
v -0.05567590147256851 0.027058400213718414 0.032680898904800415
v -0.05373160168528557 0.030528899282217026 0.03287719935178757
v -0.05324859917163849 0.027945000678300858 0.035828299820423126
v -0.0561445988714695 0.03200940042734146 0.026892000809311867
v -0.05396300181746483 0.03300639986991882 0.029976200312376022
v -0.05599350109696388 0.02957789972424507 0.029830800369381905
v -0.05412929877638817 0.03536349907517433 0.026822399348020554
v -0.06314360350370407 0.02836720086634159 -0.010401600040495396
v -0.06132660061120987 0.03169979900121689 -0.011583199724555016
v -0.06221510097384453 0.03114200010895729 -0.007710350211709738
v -0.061006899923086166 0.029256900772452354 -0.017949700355529785
v -0.060255199670791626 0.0321446992456913 -0.015363000333309174
v -0.062174201011657715 0.02885800041258335 -0.014198199845850468
v -0.05900609865784645 0.03245830163359642 -0.01909790001809597
v -0.06452739983797073 0.02699260041117668 -0.0027589499950408936
v -0.0639370009303093 0.027723899111151695 -0.006590730044990778
v -0.0629085972905159 0.030453799292445183 -0.0038829001132398844
v -0.06206950172781944 0.03225500136613846 0.0026436899788677692
v -0.06340029835700989 0.029671499505639076 -5.772720032837242e-05
v -0.06167500093579292 0.03308790177106857 -0.0011771500576287508
v -0.060271698981523514 0.03556950017809868 0.0014612999511882663
v 0.06314360350370407 0.02836720086634159 -0.010401500388979912
v 0.06221510097384453 0.03114210069179535 -0.007710339967161417
v 0.06132660061120987 0.03169989958405495 -0.011583199724555016
v 0.061006899923086166 0.029256900772452354 -0.017949700355529785
v 0.062174201011657715 0.02885800041258335 -0.014198199845850468
v 0.060255199670791626 0.03214479982852936 -0.015363000333309174
v 0.058991700410842896 0.03246309980750084 -0.01913449913263321
v 0.06452780216932297 0.026991700753569603 -0.0027579499874264
v 0.06290879845619202 0.030453400686383247 -0.0038823899812996387
v 0.06393729895353317 0.02772350050508976 -0.006590220145881176
v 0.06206950172781944 0.03225500136613846 0.0026437200140208006
v 0.06167500093579292 0.03308790177106857 -0.0011771200224757195
v 0.063400499522686 0.02967110089957714 -5.720890112570487e-05
v 0.060271698981523514 0.03556950017809868 0.0014613299863412976
v 0.029485400766134262 0.05227090045809746 0.036032699048519135
v 0.03266260027885437 0.05216839909553528 0.033340901136398315
v 0.0326991006731987 0.04987509921193123 0.03665030002593994
v 0.029704099521040916 0.047210998833179474 0.04229399934411049
v 0.029643800109624863 0.04982350021600723 0.039228301495313644
v 0.03280689939856529 0.04733840003609657 0.03978420048952103
v 0.03269889950752258 0.04463519901037216 0.04287739843130112
v -0.02915080077946186 0.05226530134677887 0.03631209954619408
v -0.03256240114569664 0.0497623011469841 0.036924298852682114
v -0.032458700239658356 0.05216969922184944 0.03353729844093323
v -0.029673999175429344 0.04709700122475624 0.04244200140237808
v -0.03281649947166443 0.047161899507045746 0.039985399693250656
v -0.029460899531841278 0.04976319894194603 0.03944209963083267
v -0.032725200057029724 0.04449480026960373 0.043003201484680176
v 0.01554420031607151 0.059971701353788376 0.03258489817380905
v 0.011582599952816963 0.0582709014415741 0.037018101662397385
v 0.011252899654209614 0.06061379984021187 0.03315630182623863
v 0.009259800426661968 0.05970750004053116 0.03534509986639023
v 0.013576599769294262 0.05917910113930702 0.03483549878001213
v 0.010185100138187408 0.0627605989575386 0.029280899092555046
v 0.01288019958883524 0.06144050136208534 0.03097040019929409
v 0.008558440022170544 0.06194090098142624 0.031465500593185425
v 0.008973469957709312 0.05760769918560982 0.038740500807762146
v 0.008199240081012249 0.06384939700365067 0.02749590016901493
v -0.01554420031607151 0.059971701353788376 0.03258489817380905
v -0.01135489996522665 0.058110300451517105 0.03733979910612106
v -0.011196300387382507 0.06061850115656853 0.0331667996942997
v -0.013464500196278095 0.05910680070519447 0.035001300275325775
v -0.009089140221476555 0.059631798416376114 0.03551679849624634
v -0.01077170018106699 0.06255439668893814 0.02951130084693432
v -0.008795389905571938 0.061843398958444595 0.03159160166978836
v -0.01317100040614605 0.061323899775743484 0.031078899279236794
v -0.008819780312478542 0.057562798261642456 0.038842398673295975
v -0.008381780236959457 0.06357239931821823 0.028076600283384323
v -0.022416699677705765 0.05549890175461769 -0.03629549965262413
v -0.025428900495171547 0.054638199508190155 -0.035609498620033264
v -0.023141400888562202 0.05347380042076111 -0.03879470005631447
v -0.025687599554657936 0.05766410008072853 -0.03024890087544918
v -0.029178699478507042 0.05654599890112877 -0.029174499213695526
v -0.027068300172686577 0.0557268001139164 -0.03258579969406128
v -0.024084100499749184 0.056656599044799805 -0.03331639990210533
v 0.009141219779849052 0.03502169996500015 -0.059915900230407715
v 0.01281800027936697 0.03376980125904083 -0.059960801154375076
v 0.012037700042128563 0.037116698920726776 -0.058115798979997635
v 0.008008959703147411 0.04109970107674599 -0.05609520152211189
v 0.008586670272052288 0.0381121002137661 -0.058083899319171906
v 0.011466899886727333 0.040147799998521805 -0.05618419870734215
v 0.010678599588572979 0.04309599846601486 -0.05411750078201294
v 0.01054960023611784 0.028321899473667145 -0.0631394013762474
v 0.013523999601602554 0.030416499823331833 -0.061578698456287384
v 0.009859800338745117 0.03171819821000099 -0.06161769852042198
v 0.017556900158524513 0.02565160021185875 -0.06271959841251373
v 0.017030199989676476 0.029073800891637802 -0.06135699898004532
v 0.014073500409722328 0.027025600895285606 -0.06302019953727722
v 0.020375000312924385 0.02764279954135418 -0.060997799038887024
v 0.0031028499361127615 0.030943799763917923 -0.06271249800920486
v 0.006837119814008474 0.029680199921131134 -0.06302650272846222
v 0.006131569854915142 0.033034101128578186 -0.06140970066189766
v 0.0018420199630782008 0.03748499974608421 -0.059088800102472305
v 0.002476070076227188 0.0342646986246109 -0.06099019944667816
v 0.0055000497959554195 0.036309000104665756 -0.059593699872493744
v 0.004933060146868229 0.03935270011425018 -0.0576803982257843
v 0.028717299923300743 0.056053098291158676 -0.03055110014975071
v 0.02663319930434227 0.05891849845647812 -0.02681959979236126
v 0.025898100808262825 0.05787619948387146 -0.029658500105142593
v 0.029464300721883774 0.057125501334667206 -0.027722500264644623
v 0.030193200334906578 0.059007201343774796 -0.022505799308419228
v 0.03125220164656639 0.05718040093779564 -0.02556760050356388
v 0.033257801085710526 0.0576292984187603 -0.021743599325418472
v 0.028435299172997475 0.05900939926505089 -0.024684499949216843
v 0.01969970017671585 0.01236649975180626 0.06602270156145096
v 0.022723300382494926 0.009930940344929695 0.06546010076999664
v 0.018890900537371635 0.009364239871501923 0.06674910336732864
v 0.01422130037099123 0.010108600370585918 0.06779059767723083
v 0.0169770997017622 0.01124850008636713 0.06697200238704681
v 0.016143999993801117 0.008231660351157188 0.06761369854211807
v 0.01269370038062334 0.007830089889466763 0.06839270144701004
v -0.01967879943549633 0.012380399741232395 0.06602630019187927
v -0.01888049952685833 0.009371220134198666 0.06675110012292862
v -0.022694099694490433 0.009951580315828323 0.06546709686517715
v -0.014207599684596062 0.010099699720740318 0.0677947998046875
v -0.012685500085353851 0.007824749685823917 0.06839480251073837
v -0.016137199476361275 0.008227209560573101 0.06761589646339417
v -0.016959700733423233 0.011251100338995457 0.06697600334882736
v 0.05428110063076019 0.02175609953701496 0.03847390040755272
v 0.052544400095939636 0.02528659999370575 0.0387255996465683
v 0.05506790056824684 0.02444699965417385 0.03563519939780235
v 0.04935560002923012 0.023011300712823868 0.04398300126194954
v 0.05007600039243698 0.025914300233125687 0.04148310050368309
v 0.05189279839396477 0.022415800020098686 0.04128760099411011
v 0.04757370054721832 0.026367399841547012 0.044062498956918716
v -0.05426830053329468 0.021774299442768097 0.03848149999976158
v -0.055061399936676025 0.024456100538372993 0.035638999193906784
v -0.052537500858306885 0.025295499712228775 0.03872910141944885
v -0.04928620159626007 0.023362400010228157 0.04387560114264488
v -0.05185199901461601 0.022600900381803513 0.04123799875378609
v -0.05003510043025017 0.026086900383234024 0.04142419993877411
v -0.04749419912695885 0.026736600324511528 0.04392550140619278
v 0.01045989990234375 0.04959369823336601 -0.048280999064445496
v 0.011900899931788445 0.04732919856905937 -0.050182901322841644
v 0.01427610032260418 0.049385301768779755 -0.04751079902052879
v 0.007203380111604929 0.045849401503801346 -0.052401699125766754
v 0.007613330148160458 0.04351549968123436 -0.054299499839544296
v 0.010269500315189362 0.04544920101761818 -0.05223890021443367
v 0.00884104985743761 0.047772299498319626 -0.050394900143146515
v 0.058751899749040604 0.020126700401306152 0.03229760006070137
v 0.0566042996942997 0.020973900333046913 0.03544069826602936
v 0.0572981983423233 0.023627400398254395 0.03253709897398949
v 0.06026289984583855 0.025554899126291275 0.02480589970946312
v 0.05964120104908943 0.022892199456691742 0.02861589938402176
v 0.05809599906206131 0.026364099234342575 0.02880609966814518
v 0.058297500014305115 0.02882849983870983 0.025890599936246872
v -0.058750901371240616 0.020128199830651283 0.03229830041527748
v -0.05729769915342331 0.023628100752830505 0.03253750130534172
v -0.05659779906272888 0.020983999595046043 0.03544510155916214
v -0.06026289984583855 0.025554899126291275 0.02480589970946312
v -0.05809599906206131 0.026364099234342575 0.02880609966814518
v -0.0596407987177372 0.022892899811267853 0.028616299852728844
v -0.058297500014305115 0.02882849983870983 0.025890499353408813
v -0.02434919960796833 0.06344109773635864 -0.0168031994253397
v -0.025805799290537834 0.06380829960107803 -0.01275010034441948
v -0.028156699612736702 0.06209909915924072 -0.015839900821447372
v -0.028587499633431435 0.05979980155825615 -0.022510800510644913
v -0.026511600241065025 0.06172100082039833 -0.019689099863171577
v -0.03028080053627491 0.060277700424194336 -0.01869950070977211
v -0.03235970064997673 0.058177798986434937 -0.021637799218297005
v 0.00462295999750495 0.0238777007907629 -0.06563899666070938
v 0.007598119787871838 0.026140600442886353 -0.06448979675769806
v 0.0038689100183546543 0.027453400194644928 -0.06427550315856934
v 0.012070399709045887 0.0209026001393795 -0.06570679694414139
v 0.014836999587714672 0.023313699290156364 -0.06431429833173752
v 0.011328499764204025 0.024652499705553055 -0.06452850252389908
v 0.008360420353710651 0.022427000105381012 -0.06578099727630615
v -0.002768999896943569 0.026288699358701706 -0.0648168995976448
v 0.0009284290135838091 0.025122400373220444 -0.0653299018740654
v 0.00016718500410206616 0.028660599142313004 -0.06386350095272064
v -0.004317239858210087 0.03319370001554489 -0.06147800013422966
v -0.003548670094460249 0.02978779934346676 -0.06324630230665207
v -0.0006081520114094019 0.032119300216436386 -0.06219309940934181
v -0.0012395699741318822 0.03539539873600006 -0.06037899851799011
v 0.06439690291881561 0.02260030061006546 -0.015564999543130398
v 0.06387049704790115 0.025523800402879715 -0.013003700412809849
v 0.06280049681663513 0.025969399139285088 -0.0167836993932724
v 0.06607619673013687 0.021632399410009384 -0.008122099563479424
v 0.06540200114250183 0.02434930019080639 -0.0054483599960803986
v 0.06470759958028793 0.025037599727511406 -0.00927583035081625
v 0.06533519923686981 0.02214979939162731 -0.011861500330269337
v 0.0619192011654377 0.023259999230504036 -0.02291259914636612
v 0.06325580179691315 0.022965600714087486 -0.019268600270152092
v 0.06155959889292717 0.026299700140953064 -0.02046320028603077
v 0.05814969912171364 0.029749000445008278 -0.025171399116516113
v 0.06012880057096481 0.02654610015451908 -0.02407979965209961
v 0.05967060104012489 0.029548700898885727 -0.02159390039741993
v 0.05755620077252388 0.03270690143108368 -0.02274939976632595
v 0.06526459753513336 0.02483760006725788 0.004861290100961924
v 0.06378129869699478 0.028597500175237656 0.0037592400331050158
v 0.06500110030174255 0.02595660090446472 0.0010533699532970786
v 0.06733980029821396 0.019103899598121643 -0.0006301000248640776
v 0.06641639769077301 0.02200859971344471 0.0021192398853600025
v 0.06605970114469528 0.02309180051088333 -0.0016972599551081657
v 0.06681740283966064 0.020401500165462494 -0.00438327994197607
v -0.06439690291881561 0.02260030061006546 -0.015564999543130398
v -0.06280049681663513 0.025969399139285088 -0.0167836993932724
v -0.06387049704790115 0.025523800402879715 -0.013003700412809849
v -0.06624840199947357 0.021094199270009995 -0.00813515018671751
v -0.06480800360441208 0.024773500859737396 -0.009284400381147861
v -0.06549940258264542 0.02408440038561821 -0.005456340033560991
v -0.06542439758777618 0.02188120037317276 -0.011868500150740147
v -0.06189950183033943 0.02331640012562275 -0.02290860004723072
v -0.06154850125312805 0.026327399536967278 -0.02046079933643341
v -0.06324610114097595 0.022993899881839752 -0.019266700372099876
v -0.0581497997045517 0.029749000445008278 -0.025171399116516113
v -0.05967060104012489 0.02954860031604767 -0.02159390039741993
v -0.06011759862303734 0.026573799550533295 -0.02407729998230934
v -0.05757259950041771 0.03270319849252701 -0.022713499143719673
v -0.0652645006775856 0.02483770065009594 0.004861100111156702
v -0.06500089913606644 0.025957100093364716 0.0010527699487283826
v -0.06378120183944702 0.028597600758075714 0.0037591198924928904
v -0.06733790040016174 0.0191102996468544 -0.0006381850107572973
v -0.06605839729309082 0.023095399141311646 -0.0017018100479617715
v -0.06641539931297302 0.02201179973781109 0.002115089911967516
v -0.06689789891242981 0.020133700221776962 -0.004393539857119322
v -0.06235409900546074 0.030115699395537376 0.010247300378978252
v -0.06391590088605881 0.027522599324584007 0.007566799875348806
v -0.06231119856238365 0.03123519942164421 0.0064557702280581
v -0.05907350033521652 0.0367077998816967 0.007928569801151752
v -0.06080630049109459 0.03346269950270653 0.009101769886910915
v -0.06065930053591728 0.034531399607658386 0.00529380002990365
v -0.05877289921045303 0.03780049830675125 0.004108069930225611
v -0.06498909741640091 0.022863099351525307 0.012397300451993942
v -0.06522800028324127 0.023887399584054947 0.008642610162496567
v -0.06377609819173813 0.02653289958834648 0.01134090032428503
v -0.06669940054416656 0.02040099911391735 0.005915369838476181
v -0.0665535032749176 0.019409099593758583 0.009691139683127403
v -0.0676983967423439 0.017520200461149216 0.0031574300955981016
v 0.06235390156507492 0.030124299228191376 0.01022380031645298
v 0.06231040135025978 0.03123920038342476 0.00644394988194108
v 0.06391560286283493 0.027526700869202614 0.007555100135505199
v 0.05885839834809303 0.037044499069452286 0.007962070405483246
v 0.06055910140275955 0.0347043015062809 0.0053112399764359
v 0.060707200318574905 0.03364039957523346 0.009108079597353935
v 0.0586634986102581 0.03796809911727905 0.004124749917536974
v 0.0650532990694046 0.022683599963784218 0.012390200048685074
v 0.06381329894065857 0.026449399068951607 0.011326500214636326
v 0.06526120007038116 0.0237978994846344 0.008639289997518063
v 0.06658320128917694 0.019307099282741547 0.009691029787063599
v 0.06670220196247101 0.020390499383211136 0.005919650197029114
v 0.06770160049200058 0.017506299540400505 0.0031655998900532722
v 0.02332800067961216 0.024226099252700806 -0.061391398310661316
v 0.02324960008263588 0.02691119909286499 -0.06029300019145012
v 0.020461900159716606 0.024962499737739563 -0.06211429834365845
v 0.01916790008544922 0.018116699531674385 -0.06484120339155197
v 0.018392400816082954 0.02191990055143833 -0.06388460099697113
v 0.015642700716853142 0.01953900046646595 -0.06537230312824249
v 0.02128409966826439 0.021207399666309357 -0.063223697245121
v 0.05239180102944374 0.016446499153971672 0.04341220110654831
v 0.05094220116734505 0.019755400717258453 0.0437563993036747
v 0.05341299995779991 0.019128700718283653 0.04100180044770241
v 0.05703530088067055 0.014554999768733978 0.03788309916853905
v 0.055743299424648285 0.018183300271630287 0.03823680058121681
v 0.05799010023474693 0.017369799315929413 0.035148799419403076
v 0.0547913983464241 0.015522800385951996 0.040705498307943344
v 0.04705220088362694 0.01759449951350689 0.04874970018863678
v 0.04827459901571274 0.02033260092139244 0.046434298157691956
v 0.049796100705862045 0.017045900225639343 0.0461496002972126
v 0.044374700635671616 0.02375989966094494 0.048645198345184326
v 0.04692159965634346 0.023413699120283127 0.046369899064302444
v 0.0457662008702755 0.020701000466942787 0.04875370115041733
v 0.04507960006594658 0.026742199435830116 0.046397000551223755
v -0.052343301475048065 0.016550900414586067 0.04343099892139435
v -0.05338139832019806 0.019189799204468727 0.041014399379491806
v -0.050887398421764374 0.019985200837254524 0.04371580109000206
v -0.05700270086526871 0.014593999832868576 0.03791709989309311
v -0.05797339975833893 0.01739010028541088 0.03516630083322525
v -0.055719900876283646 0.01821180060505867 0.03825730085372925
v -0.0547511987388134 0.01559470035135746 0.04073220118880272
v -0.047517601400613785 0.01842300035059452 0.04798610135912895
v -0.049991101026535034 0.01750819943845272 0.045764099806547165
v -0.04845689982175827 0.020916400477290154 0.045983001589775085
v -0.04441859945654869 0.02448269911110401 0.04824500158429146
v -0.046022601425647736 0.021478300914168358 0.04817260056734085
v -0.04690510034561157 0.02394939959049225 0.04611219838261604
v -0.045048899948596954 0.027292799204587936 0.04610529914498329
v -0.061881501227617264 0.02765120007097721 0.017495499923825264
v -0.06353030353784561 0.02529500052332878 0.014968800358474255
v -0.06221120059490204 0.028926899656653404 0.013892300426959991
v -0.059328798204660416 0.03381739929318428 0.015377799980342388
v -0.06068110093474388 0.030772799625992775 0.016457200050354004
v -0.06091789901256561 0.032006699591875076 0.012828599661588669
v -0.05929790064692497 0.03532020002603531 0.011672199703752995
v 0.06189290061593056 0.02763259969651699 0.017484499141573906
v 0.06221729889512062 0.028922099620103836 0.013875099830329418
v 0.06357119977474213 0.025196999311447144 0.014960399828851223
v 0.059290800243616104 0.03388949856162071 0.015365899540483952
v 0.0608999989926815 0.03204780071973801 0.012811199761927128
v 0.060669898986816406 0.030800700187683105 0.016446299850940704
v 0.059172701090574265 0.03552589938044548 0.01168339978903532
v -0.0011999099515378475 0.01926420070230961 -0.06728629767894745
v 0.0017140599666163325 0.021602900698781013 -0.06656110286712646
v -0.001987389987334609 0.022810200229287148 -0.06614939868450165
v 0.0062037198804318905 0.016725799068808556 -0.0676887035369873
v 0.009150099940598011 0.018841000273823738 -0.06679289788007736
v 0.005421339999884367 0.02033179998397827 -0.06676249951124191
v 0.0025058300234377384 0.01802320033311844 -0.06759350001811981
v -0.010181199759244919 0.028285900130867958 -0.06321589648723602
v -0.00648530013859272 0.027330199256539345 -0.06411709636449814
v -0.007260640151798725 0.030788099393248558 -0.06244499981403351
v -0.008568570017814636 0.021228700876235962 -0.06615070253610611
v -0.005677630193531513 0.023795800283551216 -0.06558600068092346
v -0.009389529936015606 0.0247958991676569 -0.06478419899940491
v -0.004891660064458847 0.020277200266718864 -0.06682000309228897
v 0.06393159925937653 0.020680800080299377 0.01962280087172985
v 0.06300400197505951 0.024191999807953835 0.01858069933950901
v 0.06458739936351776 0.0217141006141901 0.016030099242925644
v 0.06545750051736832 0.01782049983739853 0.01725509949028492
v 0.06602790206670761 0.01882600039243698 0.013634700328111649
v 0.06740809977054596 0.015399900265038013 0.01090839970856905
v -0.06384190171957016 0.02089029923081398 0.01969279907643795
v -0.06451170146465302 0.021909400820732117 0.016069000586867332
v -0.06294909864664078 0.024304499849677086 0.018619999289512634
v -0.0659898966550827 0.018950000405311584 0.013646700419485569
v -0.06540779769420624 0.017959799617528915 0.017299199476838112
v -0.06739740073680878 0.015443899668753147 0.010912099853157997
v -0.06480459868907928 0.016869500279426575 -0.020390700548887253
v -0.06344330310821533 0.020121900364756584 -0.02168080024421215
v -0.06469369679689407 0.019763300195336342 -0.01800370030105114
v -0.06602559983730316 0.01601240038871765 -0.01685900054872036
v -0.06583770364522934 0.01888670027256012 -0.01444610022008419
v -0.06675569713115692 0.018129799515008926 -0.01072319969534874
v -0.058666300028562546 0.023650800809264183 -0.0299817007035017
v -0.058498501777648926 0.026741299778223038 -0.02761930041015148
v -0.060376301407814026 0.023520000278949738 -0.026486199349164963
v -0.06196390092372894 0.017409300431609154 -0.02752069942653179
v -0.060401301831007004 0.0205594003200531 -0.028792299330234528
v -0.06202059984207153 0.020392099395394325 -0.02525090053677559
v -0.0634801983833313 0.017165400087833405 -0.02399189956486225
v 0.06482359766960144 0.01680859923362732 -0.020380599424242973
v 0.0647042989730835 0.01973309926688671 -0.01799900084733963
v 0.06346289813518524 0.02006319910287857 -0.021677900105714798
v 0.06666489690542221 0.0184859000146389 -0.010680099949240685
v 0.06582210212945938 0.018970200791954994 -0.014407499693334103
v 0.06602340191602707 0.016066400334239006 -0.01681620068848133
v 0.05868170037865639 0.023594699800014496 -0.02999589964747429
v 0.06039410084486008 0.023463699966669083 -0.026495300233364105
v 0.05850749835371971 0.026713799685239792 -0.027627000585198402
v 0.06197889894247055 0.017364999279379845 -0.027514899149537086
v 0.06203769892454147 0.020341500639915466 -0.025249799713492393
v 0.06041640043258667 0.02050909958779812 -0.028796400874853134
v 0.0634974017739296 0.017112700268626213 -0.023984000086784363
v -0.011707300320267677 0.03485799953341484 -0.05956390127539635
v -0.010960699990391731 0.03161950036883354 -0.061482299119234085
v -0.008024769835174084 0.03407900035381317 -0.06061540171504021
v -0.009094100445508957 0.037713199853897095 -0.05826669931411743
v -0.005394530016928911 0.036891501396894455 -0.05924449861049652
v -0.002308869967237115 0.03904519975185394 -0.058052901178598404
v -0.015852900221943855 0.023060599341988564 -0.06416299939155579
v -0.012229599989950657 0.022178800776600838 -0.0652574971318245
v -0.013037200085818768 0.02571289986371994 -0.0637878030538559
v -0.0171182993799448 0.02937839925289154 -0.061187200248241425
v -0.016506800428032875 0.026253199204802513 -0.06275580078363419
v -0.01366840023547411 0.028871500864624977 -0.06228649988770485
v -0.0144355995580554 0.032169099897146225 -0.060471199452877045
v -0.01469540037214756 0.01638990081846714 -0.06644859910011292
v -0.011650200001895428 0.018838699907064438 -0.0664030984044075
v -0.015294100157916546 0.01975099928677082 -0.06539099663496017
v -0.008132750168442726 0.01728159934282303 -0.06734389811754227
v -0.011199800297617912 0.014855599962174892 -0.06748239696025848
v -0.004443089943379164 0.016301799565553665 -0.0679301992058754
v -0.021571600809693336 0.01782120019197464 -0.06416440010070801
v -0.018158800899982452 0.017129400745034218 -0.06539759784936905
v -0.018741000443696976 0.02047239989042282 -0.06426239758729935
v -0.022980500012636185 0.024375900626182556 -0.06146309897303581
v -0.022305799648165703 0.021126700565218925 -0.06289760023355484
v -0.019446400925517082 0.023754499852657318 -0.0629090964794159
v -0.020079899579286575 0.026917999610304832 -0.06141839921474457
v 0.003171950113028288 0.049519799649715424 -0.04937329888343811
v 0.00040550698759034276 0.05152310058474541 -0.04738359898328781
v -0.0006114059942774475 0.04847579821944237 -0.05049480125308037
v 0.0015228199772536755 0.04380070045590401 -0.05458179861307144
v -0.0014370200224220753 0.04560000076889992 -0.05309019982814789
v -0.0024686099495738745 0.0422062985599041 -0.05579010024666786
v 0.0023511399049311876 0.046734899282455444 -0.052060700953006744
v 0.0006037449929863214 0.057870201766490936 -0.03937859833240509
v -0.0036212399136275053 0.05737689882516861 -0.03993469849228859
v -0.000880671024788171 0.05570650100708008 -0.04237940162420273
v 0.005851310212165117 0.05435140058398247 -0.04372280091047287
v 0.003232379909604788 0.056195199489593506 -0.041613198816776276
v 0.0017477000365033746 0.05395419895648956 -0.04456330090761185
v 0.004518830217421055 0.052018601447343826 -0.04662239924073219
v 0.0003108649980276823 0.06556739658117294 -0.02451149933040142
v 0.0035095999483019114 0.06598629802465439 -0.02309739962220192
v -0.0008191670058295131 0.0667055994272232 -0.021206000819802284
v -0.003722249995917082 0.06593649834394455 -0.023206200450658798
v 0.012081899680197239 0.06289570033550262 -0.02825170010328293
v 0.014323700219392776 0.06410980224609375 -0.024181799963116646
v 0.009410849772393703 0.06470579653978348 -0.024991899728775024
v 0.0032343699131160975 0.06292489916086197 -0.03049590066075325
v 0.007674439810216427 0.06304439902305603 -0.029436400160193443
v 0.004979840014129877 0.06474970281124115 -0.026128200814127922
v 0.001774940057657659 0.06433050334453583 -0.027539800852537155
v -0.004386629909276962 0.060721199959516525 -0.03454979881644249
v -0.00611928990110755 0.058787498623132706 -0.03750450164079666
v -0.0018941699527204037 0.05938119813799858 -0.037017401307821274
v -0.01070259977132082 0.060250699520111084 -0.0339897982776165
v -0.013387899845838547 0.05777449905872345 -0.03718699887394905
v -0.00928215030580759 0.05855119973421097 -0.03722359985113144
v -0.007552380207926035 0.06054849922657013 -0.03430519998073578
v 0.008350069634616375 0.05881720036268234 -0.03702450171113014
v 0.0044845100492239 0.05844290181994438 -0.03826640173792839
v 0.007113589905202389 0.05668719857931137 -0.04044700041413307
v 0.0019245300209149718 0.06056990101933479 -0.03503689914941788
v 0.005804920103400946 0.06100450083613396 -0.033834200352430344
v -0.0005772989825345576 0.06194860115647316 -0.0325888991355896
v -0.013066699728369713 0.06318189948797226 -0.02715349942445755
v -0.01042420044541359 0.06472930312156677 -0.024524500593543053
v -0.014606500044465065 0.06440360099077225 -0.023212600499391556
v -0.0044999499805271626 0.06360399723052979 -0.028883900493383408
v -0.006130429916083813 0.06494250148534775 -0.02539459988474846
v -0.008800510317087173 0.06351710110902786 -0.028073500841856003
v -0.002097009913995862 0.0646618977189064 -0.026729099452495575
v 0.011224200017750263 0.05668960139155388 -0.03950069844722748
v 0.00997116044163704 0.05444579944014549 -0.042851198464632034
v 0.012281600385904312 0.05207100138068199 -0.04514170065522194
v 0.008169109933078289 0.05205849930644035 -0.04607800021767616
v 0.006825409829616547 0.04962550103664398 -0.04889500141143799
v 0.010244100354611874 0.061024099588394165 -0.03272800147533417
v 0.014693399891257286 0.06060609966516495 -0.031796298921108246
v 0.012817700393497944 0.05853850021958351 -0.036179400980472565
v -0.06214870139956474 0.023258600383996964 0.022283900529146194
v -0.06116659939289093 0.026644200086593628 0.021183399483561516
v -0.058900199830532074 0.03119410015642643 0.02139360085129738
v -0.05965059995651245 0.028407299891114235 0.023126499727368355
v -0.06044739857316017 0.029450200498104095 0.01946279965341091
v -0.05917989835143089 0.03254169970750809 0.01840599998831749
v -0.06462790071964264 0.017145900055766106 0.020718500018119812
v -0.06248530000448227 0.017523400485515594 0.026239600032567978
v -0.06392060220241547 0.015452999621629715 0.023986700922250748
v -0.06325410306453705 0.019234400242567062 0.022999100387096405
v -0.06148640066385269 0.021578500047326088 0.025569399818778038
v 0.061172500252723694 0.026635000482201576 0.021177899092435837
v 0.062199000269174576 0.02315570041537285 0.022250700742006302
v 0.05891460180282593 0.031184399500489235 0.021368300542235374
v 0.06046019867062569 0.02943599969148636 0.019444499164819717
v 0.05965780094265938 0.028402499854564667 0.023113800212740898
v 0.05916839838027954 0.03257310017943382 0.018387500196695328
v 0.06466790288686752 0.0170741006731987 0.02065270021557808
v 0.06250210106372833 0.017504200339317322 0.026212500408291817
v 0.06330659985542297 0.01911959983408451 0.022950200363993645
v 0.06393039971590042 0.015478200279176235 0.023944400250911713
v 0.06149519979953766 0.02156909927725792 0.02555610053241253
v -0.021423399448394775 0.06174689903855324 -0.025066999718546867
v -0.017278600484132767 0.06258630007505417 -0.026161199435591698
v -0.018792500719428062 0.06368269771337509 -0.022166600450873375
v -0.022933000698685646 0.06272169947624207 -0.020977800711989403
v -0.02025900036096573 0.06453359872102737 -0.018027300015091896
v -0.021678099408745766 0.06517200171947479 -0.013515500351786613
v -0.05461759865283966 0.029749499633908272 -0.03212299942970276
v -0.05647129938006401 0.02979549951851368 -0.028691699728369713
v -0.05672619864344597 0.026739899069070816 -0.03109849989414215
v -0.05601409822702408 0.03266390040516853 -0.026372099295258522
v -0.05424150079488754 0.0326617993414402 -0.029850799590349197
v -0.05535440146923065 0.035576701164245605 -0.02387849986553192
v -0.0547327995300293 0.02360530011355877 -0.03670309856534004
v -0.05475730076432228 0.026717500761151314 -0.034464698284864426
v -0.05678749829530716 0.023664699867367744 -0.03339409828186035
v -0.05847109854221344 0.01728080026805401 -0.0343874990940094
v -0.05668779835104942 0.02047399990260601 -0.03559919819235802
v -0.058658599853515625 0.020497199147939682 -0.03223399817943573
v -0.060308899730443954 0.017371399328112602 -0.031001100316643715
v 0.054595500230789185 0.02979779988527298 -0.03211579844355583
v 0.056724999099969864 0.026737000793218613 -0.03110319934785366
v 0.05646029859781265 0.029819799587130547 -0.028688199818134308
v 0.05418900027871132 0.03286390006542206 -0.0297240000218153
v 0.055969901382923126 0.032840099185705185 -0.026246899738907814
v 0.05528330057859421 0.035749901086091995 -0.023784499615430832
v 0.05472499877214432 0.023618699982762337 -0.0367061011493206
v 0.05679130181670189 0.02364329993724823 -0.0334026999771595
v 0.054742999374866486 0.026748700067400932 -0.034463100135326385
v 0.0583977997303009 0.017560899257659912 -0.0343702994287014
v 0.05862300097942352 0.020607100799679756 -0.032228801399469376
v 0.056641798466444016 0.020619099959731102 -0.03558870032429695
v 0.06028050184249878 0.01748969964683056 -0.03098990023136139
v 0.021910199895501137 0.060561198741197586 0.027427900582551956
v 0.02501549944281578 0.060549598187208176 0.02465689927339554
v 0.025504499673843384 0.058688901364803314 0.028374800458550453
v 0.024565400555729866 0.062092699110507965 0.021000800654292107
v 0.021499600261449814 0.062212299555540085 0.023820199072360992
v 0.022709999233484268 0.05647759884595871 0.03456209972500801
v 0.022349100559949875 0.05862149968743324 0.031049100682139397
v 0.025904500856995583 0.05664199963212013 0.03194740042090416
v 0.02614160068333149 0.054465699940919876 0.0353568010032177
v 0.02929599955677986 0.05453120172023773 0.032681699842214584
v -0.021910199895501137 0.060561198741197586 0.027427900582551956
v -0.025576800107955933 0.05860999971628189 0.028472699224948883
v -0.02501549944281578 0.060549598187208176 0.02465689927339554
v -0.02153800055384636 0.062168899923563004 0.02389870025217533
v -0.02460400015115738 0.06205059960484505 0.021080000326037407
v -0.022709999233484268 0.05647759884595871 0.03456209972500801
v -0.025973999872803688 0.05655660107731819 0.03204220160841942
v -0.022349100559949875 0.05862149968743324 0.031049100682139397
v -0.029197800904512405 0.05444280058145523 0.032916199415922165
v -0.025971699506044388 0.054458100348711014 0.03549350053071976
v 0.018759500235319138 0.06037040054798126 0.030058100819587708
v 0.01916009932756424 0.05832510069012642 0.033631399273872375
v 0.014446199871599674 0.06355710327625275 0.025530299171805382
v 0.018209999427199364 0.06216749921441078 0.026525400578975677
v 0.015019699931144714 0.061865199357271194 0.02910500019788742
v 0.017765499651432037 0.06372690200805664 0.022874999791383743
v 0.016213199123740196 0.05554350093007088 0.039396099746227264
v 0.015905700623989105 0.05785579979419708 0.03605160117149353
v 0.01949469931423664 0.05610569939017296 0.03704189881682396
v 0.023163799196481705 0.05169609934091568 0.04112119972705841
v 0.019721699878573418 0.05371050164103508 0.04032669961452484
v 0.022975699976086617 0.054178301244974136 0.03790559992194176
v 0.02636910043656826 0.052071500569581985 0.03864220157265663
v -0.01916009932756424 0.05832510069012642 0.033631399273872375
v -0.018759500235319138 0.06037040054798126 0.030058100819587708
v -0.014620199799537659 0.06360229849815369 0.025317899882793427
v -0.015107999555766582 0.06189259886741638 0.0290009006857872
v -0.01829650066792965 0.06218789890408516 0.02641800045967102
v -0.01789030060172081 0.06370239704847336 0.022845899686217308
v -0.01669980026781559 0.05539669841527939 0.03939960151910782
v -0.01973550021648407 0.05602389946579933 0.03703819960355759
v -0.016150299459695816 0.057785600423812866 0.03605550155043602
v -0.02320599928498268 0.051621999591588974 0.0411905013024807
v -0.022997800260782242 0.05414339900016785 0.03794189915060997
v -0.019983399659395218 0.05359109863638878 0.0403565987944603
v -0.026218200102448463 0.052022699266672134 0.03881030157208443
v -0.0682201012969017 0.015684600919485092 -0.00012884799798484892
v -0.06806199997663498 0.016034100204706192 -0.0032351999543607235
v -0.06753519922494888 0.017032500356435776 -0.006992040202021599
v -0.0688076987862587 0.012573099695146084 -0.002722890116274357
v 0.06820820271968842 0.01573609933257103 -0.0001275810063816607
v 0.06800860166549683 0.016246600076556206 -0.0032983499113470316
v 0.0674038976430893 0.017520200461149216 -0.007053310051560402
v 0.0687543973326683 0.012846499681472778 -0.0027933199889957905
v 0.059036001563072205 0.013655999675393105 0.035046499222517014
v 0.05990780144929886 0.01644890010356903 0.03225670009851456
v 0.06071680039167404 0.018843399360775948 0.02929840050637722
v 0.061787199229002 0.015135999768972397 0.029210299253463745
v -0.05989789962768555 0.016455600038170815 0.032271601259708405
v -0.059011101722717285 0.013681599870324135 0.0350784994661808
v -0.06070709973573685 0.018853500485420227 0.029311999678611755
v -0.061769999563694 0.015151700004935265 0.02923860028386116
v 0.025493500754237175 0.06227720156311989 -0.019277900457382202
v 0.028725899755954742 0.061507698148489 -0.017077099531888962
v 0.026607099920511246 0.06317350268363953 -0.01418370008468628
v 0.031080100685358047 0.05987120047211647 -0.01869400031864643
v 0.02787409909069538 0.06070910021662712 -0.020914899185299873
v 0.022336099296808243 0.06459789723157883 -0.015106800012290478
v 0.021043699234724045 0.06379459798336029 -0.01968280039727688
v 0.020687900483608246 0.06139589846134186 -0.02650579996407032
v 0.018627800047397614 0.06332709640264511 -0.02329549938440323
v 0.016418199986219406 0.062272001057863235 -0.027434300631284714
v 0.023135699331760406 0.06195690110325813 -0.02293650060892105
v -0.05035930126905441 0.029496800154447556 -0.03865079954266548
v -0.052570100873708725 0.029669199138879776 -0.03544190153479576
v -0.05262349918484688 0.026590200141072273 -0.03773240000009537
v -0.05230280011892319 0.032595399767160416 -0.033195801079273224
v -0.05016550049185753 0.032465700060129166 -0.0364609993994236
v -0.05014900118112564 0.023174099624156952 -0.04298879951238632
v -0.05032980069518089 0.026375100016593933 -0.0408812016248703
v -0.05252230167388916 0.023426000028848648 -0.039907798171043396
v -0.05416779965162277 0.017357900738716125 -0.04079889878630638
v -0.052231501787900925 0.020294399932026863 -0.04195249825716019
v -0.05452840030193329 0.020510999485850334 -0.038806598633527756
v -0.05640529841184616 0.017345700412988663 -0.03765049949288368
v -0.04522069916129112 0.030039599165320396 -0.04418950155377388
v -0.047860100865364075 0.029811900109052658 -0.0414808988571167
v -0.047773800790309906 0.02665640041232109 -0.043670400977134705
v -0.045444898307323456 0.03534010052680969 -0.03982260078191757
v -0.04797520115971565 0.03246790170669556 -0.03929650038480759
v -0.045387499034404755 0.03272930160164833 -0.042056698352098465
v -0.047700800001621246 0.03538839891552925 -0.037044499069452286
v -0.04502030089497566 0.023027800023555756 -0.04840350151062012
v -0.04519779980182648 0.026579100638628006 -0.04637579992413521
v -0.04765230044722557 0.02313379943370819 -0.0457611009478569
v -0.04930879920721054 0.01681019924581051 -0.04675529897212982
v -0.047236599028110504 0.019949499517679214 -0.047652099281549454
v -0.049799300730228424 0.0200204998254776 -0.044935598969459534
v -0.051816899329423904 0.017109999433159828 -0.043843600898981094
v -0.055667899549007416 0.014398599974811077 -0.03992199897766113
v -0.05783740058541298 0.014363800175487995 -0.036722201853990555
v -0.05934159830212593 0.011129000224173069 -0.03542200103402138
v -0.060040198266506195 0.014067400246858597 -0.03312529996037483
v -0.061795998364686966 0.014133400283753872 -0.029690099880099297
v 0.05032709985971451 0.02959669940173626 -0.03861619904637337
v 0.05260489881038666 0.026647599413990974 -0.03771770000457764
v 0.05254250019788742 0.029743200168013573 -0.035420700907707214
v 0.05014890059828758 0.03239889815449715 -0.0365431010723114
v 0.0522954985499382 0.03250560164451599 -0.033295001834630966
v 0.05013919994235039 0.023229600861668587 -0.04297029972076416
v 0.05251310020685196 0.023460300639271736 -0.0398997999727726
v 0.050309598445892334 0.026453400030732155 -0.04085540026426315
v 0.05416040122509003 0.017363399267196655 -0.040806498378515244
v 0.054520998150110245 0.02052050083875656 -0.038812000304460526
v 0.05222349986433983 0.020325200632214546 -0.04194759950041771
v 0.056364599615335464 0.017488699406385422 -0.037645500153303146
v -0.01831739954650402 0.059115201234817505 -0.032708700746297836
v -0.01572209969162941 0.06126590073108673 -0.029988499358296394
v -0.019908500835299492 0.06054700165987015 -0.028943300247192383
v -0.011903099715709686 0.061812400817871094 -0.030619200319051743
v -0.014532599598169327 0.059776000678539276 -0.03340119868516922
v -0.007615990005433559 0.06204750016331673 -0.03149779886007309
v -0.022037599235773087 0.058483000844717026 -0.03152909874916077
v -0.023592600598931313 0.05979970097541809 -0.027701599523425102
v -0.025044899433851242 0.06086919829249382 -0.023826399818062782
v -0.027188099920749664 0.05884139984846115 -0.02642899937927723
v 0.04551570117473602 0.02891240082681179 -0.04463630169630051
v 0.047896500676870346 0.026108600199222565 -0.04386650025844574
v 0.04799479991197586 0.0292993001639843 -0.041689999401569366
v 0.045528899878263474 0.03157249838113785 -0.042781900614500046
v 0.04794659838080406 0.031921301037073135 -0.03977639973163605
v 0.04772080108523369 0.034697599709033966 -0.03766699880361557
v 0.04926050081849098 0.017008699476718903 -0.04673450067639351
v 0.051788799464702606 0.017212100327014923 -0.0438367985188961
v 0.04976800084114075 0.020146699622273445 -0.04491389915347099
v 0.044953301548957825 0.022695200517773628 -0.04862229898571968
v 0.04717250168323517 0.019879600033164024 -0.04774469882249832
v 0.04761809855699539 0.02299709990620613 -0.045865498483181
v 0.04529789835214615 0.025839999318122864 -0.04669469967484474
v -0.01719750091433525 0.057182200253009796 -0.03653009980916977
v -0.019240599125623703 0.05533960089087486 -0.038305800408124924
v -0.02038929983973503 0.05736960098147392 -0.03453980013728142
v -0.05567460134625435 0.012233800254762173 0.040628399699926376
v -0.05332750082015991 0.013210300356149673 0.04337820038199425
v -0.05792500078678131 0.010393000207841396 0.03790359944105148
v -0.05649539828300476 0.008007709868252277 0.04054800048470497
v 0.05337340012192726 0.013131399638950825 0.04334560036659241
v 0.05571350082755089 0.012187900021672249 0.04058900102972984
v 0.05653670057654381 0.00796303991228342 0.04049919918179512
v 0.05796010047197342 0.01035510003566742 0.0378601998090744
v -0.05184260010719299 0.04700550064444542 0.0016813899856060743
v -0.049227699637413025 0.049759600311517715 0.0007850370020605624
v -0.05676120147109032 0.040838200598955154 0.0032250399235635996
v -0.05441949889063835 0.04396520182490349 0.0023618501145392656
v -0.047020699828863144 0.05170600116252899 0.003943040035665035
v 0.048936400562524796 0.05004290118813515 0.0009696100023575127
v 0.05167049914598465 0.04718320071697235 0.0019773500971496105
v 0.05427800118923187 0.04413589835166931 0.002434350084513426
v 0.0566289983689785 0.04101549834012985 0.003298090072348714
v 0.04682449996471405 0.051860399544239044 0.004237739834934473
v -0.04261849820613861 0.030111700296401978 -0.04665780067443848
v -0.04254560172557831 0.02661830000579357 -0.048799000680446625
v -0.042671799659729004 0.03649120032787323 -0.04180330038070679
v -0.04259699955582619 0.03386729955673218 -0.044028401374816895
v -0.04453429952263832 0.01948859915137291 -0.05036750063300133
v -0.04667380079627037 0.016371600329875946 -0.04953309893608093
v -0.04009979963302612 0.02149070054292679 -0.053199201822280884
v -0.04261400178074837 0.02228749915957451 -0.05086569860577583
v -0.042048998177051544 0.018709499388933182 -0.052743200212717056
v -0.04009620100259781 0.025858400389552116 -0.05122150108218193
v -0.013405299745500088 0.015343300066888332 0.06696920096874237
v -0.01009180024266243 0.017342999577522278 0.06706249713897705
v -0.010342099703848362 0.013381400145590305 0.0679263025522232
v -0.013816599734127522 0.012730900198221207 0.06743159890174866
v -0.01074219960719347 0.01075419969856739 0.06832969933748245
v -0.009207550436258316 0.008469680324196815 0.06887300312519073
v 0.013405299745500088 0.015343300066888332 0.06696920096874237
v 0.010343000292778015 0.013381999917328358 0.06792599707841873
v 0.01009180024266243 0.017342999577522278 0.06706249713897705
v 0.010750100016593933 0.010759400203824043 0.06832770258188248
v 0.013823499903082848 0.01273529976606369 0.06742940098047256
v 0.009209870360791683 0.0084711704403162 0.06887249648571014
v 0.010654900223016739 0.06545230001211166 0.022415699437260628
v 0.010341200046241283 0.06430789828300476 0.02564289979636669
v 0.014768400229513645 0.06490849703550339 0.02165129967033863
v 0.010941199958324432 0.06662710011005402 0.018469300121068954
v 0.009550319984555244 0.06758090108633041 0.015543700195848942
v -0.010742099955677986 0.0654745027422905 0.02230910025537014
v -0.010318799875676632 0.06416550278663635 0.026005899533629417
v -0.0105985002592206 0.06659729778766632 0.01877409964799881
v -0.014512600377202034 0.06489980220794678 0.021849600598216057
v -0.0096893897280097 0.06763330101966858 0.015226899646222591
v 0.053807199001312256 0.014100000262260437 -0.04249680042266846
v 0.05136379972100258 0.0139250997453928 -0.045473698526620865
v 0.05796470120549202 0.01509840041399002 -0.0362234003841877
v 0.055847201496362686 0.015000499784946442 -0.03944709897041321
v -0.05715020000934601 0.03980010002851486 0.007057259790599346
v -0.057616498321294785 0.03699849918484688 0.014541399665176868
v -0.05748920142650604 0.0384460985660553 0.010811599902808666
v 0.056901298463344574 0.04013939946889877 0.007146540097892284
v 0.057339899241924286 0.03866619989275932 0.010819699615240097
v 0.057561300694942474 0.03708970174193382 0.014527799561619759
v -0.04865109920501709 0.014320200309157372 -0.04824940115213394
v -0.05097619816660881 0.014322600327432156 -0.04578519985079765
v -0.05342090129852295 0.014600199647247791 -0.04281409829854965
v -0.05028180032968521 0.011819000355899334 -0.0472446009516716
v 0.06182580068707466 0.01422169990837574 -0.02958579920232296
v 0.06003760173916817 0.014321000315248966 -0.03302120044827461
v 0.0631927028298378 0.014890200458467007 -0.02617190033197403
v 0.06461899727582932 0.01461230032145977 -0.022602299228310585
v -0.05757899954915047 0.03163290023803711 0.024166500195860863
v -0.05615859851241112 0.03428430110216141 0.023891299962997437
v -0.057508599013090134 0.03385850042104721 0.02112719975411892
v 0.05758669972419739 0.03162829950451851 0.024154100567102432
v 0.056122999638319016 0.034285999834537506 0.02397250011563301
v 0.057483598589897156 0.033857401460409164 0.02119709923863411
v 0.043863698840141296 0.01615150086581707 -0.052106600254774094
v 0.04663199931383133 0.01660499908030033 -0.049494799226522446
v 0.04447229951620102 0.0194511990994215 -0.050436798483133316
v 0.04842999950051308 0.01432070042937994 -0.04847110062837601
v 0.04572179913520813 0.013889599591493607 -0.05115260183811188
v 0.03926210105419159 0.021841999143362045 -0.05367879942059517
v 0.041622500866651535 0.019023999571800232 -0.052968498319387436
v 0.04217090085148811 0.02230199985206127 -0.051227301359176636
v 0.040031399577856064 0.028482599183917046 -0.049862101674079895
v 0.03970680013298988 0.02520040050148964 -0.05184889957308769
v 0.042556699365377426 0.025627700611948967 -0.04931680113077164
v 0.042836498469114304 0.028739700093865395 -0.047318801283836365
v 0.04098010063171387 0.015599600039422512 -0.054564498364925385
v 0.03867579996585846 0.018449099734425545 -0.05535170063376427
v 0.04291040077805519 0.013863099738955498 -0.05353980138897896
v 0.0447503998875618 0.011592299677431583 -0.05256440117955208
v 0.03685849905014038 0.024633200839161873 -0.05417250096797943
v 0.03724370151758194 0.0279581006616354 -0.05226140096783638
v 0.03330950066447258 0.02058359980583191 -0.058024000376462936
v 0.03569110110402107 0.017816999927163124 -0.05752129852771759
v 0.03633769974112511 0.021243099123239517 -0.055931199342012405
v 0.03388160094618797 0.024005599319934845 -0.05635400116443634
v -0.06578180193901062 0.013613100163638592 -0.019683299586176872
v -0.06460379809141159 0.014629499986767769 -0.0226345993578434
v -0.06317830085754395 0.014898800291121006 -0.026201700791716576
v 0.037644099444150925 0.03168430179357529 -0.049789801239967346
v 0.04055760055780411 0.03077719919383526 -0.0480399988591671
v 0.04330660030245781 0.030995400622487068 -0.045429300516843796
v -0.013420299626886845 0.03745900094509125 -0.05759099870920181
v -0.01735539920628071 0.03206849843263626 -0.059752900153398514
v -0.014646800234913826 0.03480980172753334 -0.05893849954009056
v -0.0006338059902191162 0.06336619704961777 -0.029737599194049835
v -0.0044478802010416985 0.0622267983853817 -0.03174959868192673
v -0.04502040147781372 0.038083698600530624 -0.03771999850869179
v 0.019007399678230286 0.05985470116138458 -0.03092139959335327
v 0.022944800555706024 0.059173498302698135 -0.029530100524425507
v 0.023685699328780174 0.060221098363399506 -0.026691000908613205
v 0.0261096004396677 0.06070550158619881 -0.023089699447155
v -0.01763720065355301 0.014040700159966946 -0.06627059727907181
v -0.021072400733828545 0.014751899987459183 -0.06510250270366669
v -0.011060300283133984 0.011986300349235535 -0.06807350367307663
v -0.014571700245141983 0.013540100306272507 -0.06711430102586746
v -0.028482800349593163 0.018850399181246758 -0.06110149994492531
v -0.0250645000487566 0.018363099545240402 -0.06272610276937485
v -0.02577180042862892 0.02164679951965809 -0.06137780100107193
v -0.02403870038688183 0.01493810024112463 -0.06402339786291122
v -0.027499500662088394 0.0154534000903368 -0.06248980015516281
v -0.023505400866270065 0.011842899955809116 -0.06486319750547409
v -0.02959970012307167 0.02585490047931671 -0.05792560055851936
v -0.029086099937558174 0.022387199103832245 -0.05960550159215927
v -0.02632940001785755 0.02515299990773201 -0.0597837008535862
v -0.026478299871087074 0.028362400829792023 -0.05826209858059883
v -0.02315489947795868 0.02761170081794262 -0.06001200154423714
v -0.02021859958767891 0.030114000663161278 -0.05986950173974037
v -0.034999698400497437 0.019666599109768867 -0.05734319984912872
v -0.031787700951099396 0.01928669959306717 -0.05930909886956215
v -0.03235569968819618 0.022800199687480927 -0.057734400033950806
v -0.03115770034492016 0.015754900872707367 -0.06067109853029251
v -0.0344139002263546 0.01616010069847107 -0.05877529829740524
v -0.03506330028176308 0.02372800000011921 -0.05574540048837662
v -0.03233509883284569 0.026809200644493103 -0.05599740147590637
v -0.029518699273467064 0.02942810021340847 -0.056237298995256424
v -0.037594400346279144 0.020603099837899208 -0.05533690005540848
v -0.03760780021548271 0.02463489957153797 -0.053654201328754425
v -0.0367686003446579 0.01286690030246973 -0.05815939977765083
v -0.03742169961333275 0.016408799216151237 -0.05683629959821701
v -0.03998880088329315 0.017327899113297462 -0.054778099060058594
v 0.0016850200481712818 0.040705498307943344 -0.056922901421785355
v 0.0047721900045871735 0.042506299912929535 -0.055411599576473236
v 0.005192819982767105 0.047731999307870865 -0.05093809962272644
v 0.004367699846625328 0.04487229883670807 -0.05354810133576393
v 0.032499898225069046 0.017126699909567833 -0.05958550050854683
v 0.026861699298024178 0.019304199144244194 -0.061691101640462875
v 0.02926729992032051 0.01648399978876114 -0.0614142008125782
v 0.030129199847579002 0.019972799345850945 -0.05994430184364319
v 0.027901500463485718 0.022568000480532646 -0.060101501643657684
v 0.031122000887989998 0.023202599957585335 -0.05824999883770943
v 0.027890199795365334 0.013522299937903881 -0.06276369839906693
v 0.025510000064969063 0.016363199800252914 -0.06309899687767029
v 0.029850300401449203 0.011819999665021896 -0.062203299254179
v 0.02305630035698414 0.018744200468063354 -0.06338030099868774
v 0.021656600758433342 0.015767499804496765 -0.06467130035161972
v 0.025118399411439896 0.02178560011088848 -0.06159909814596176
v 0.02612229995429516 0.025023100897669792 -0.05992880091071129
v 0.06446000188589096 0.012452100403606892 0.024286899715662003
v 0.06311020255088806 0.014499199576675892 0.026587199419736862
v -0.06445100158452988 0.01240839995443821 0.024333100765943527
v -0.06309650093317032 0.014500300399959087 0.026619000360369682
v -0.0002198470028815791 0.015726499259471893 -0.06821019947528839
v 0.013910099864006042 0.05695740133523941 0.03824080154299736
v 0.01232600025832653 0.06321190297603607 0.027428599074482918
v 0.017099900171160698 0.05026739835739136 0.04561559855937958
v 0.016685200855135918 0.052996501326560974 0.04257899895310402
v 0.020162200555205345 0.05105869844555855 0.04343380033969879
v 0.013889100402593613 0.0547323003411293 0.04136990010738373
v 0.01433630008250475 0.05210379883646965 0.04449339956045151
v 0.011577099561691284 0.056124698370695114 0.04019929841160774
v 0.023421799764037132 0.04614219814538956 0.04714139923453331
v 0.02029160037636757 0.048277899622917175 0.046448901295661926
v 0.023332800716161728 0.049003198742866516 0.044207099825143814
v 0.026606500148773193 0.04675310105085373 0.044791001826524734
v 0.026477400213479996 0.04953489825129509 0.04177609831094742
v 0.017244800925254822 0.04446110129356384 0.05124279856681824
v 0.017201099544763565 0.04744350165128708 0.04851020127534866
v 0.020363299176096916 0.04536860063672066 0.04926479980349541
v 0.014456200413405895 0.04936530068516731 0.047477200627326965
v 0.014530199579894543 0.04646360129117966 0.05029920116066933
v 0.023359499871730804 0.04011499881744385 0.052393898367881775
v 0.02033199928700924 0.042350299656391144 0.05189469829201698
v 0.023428900167346 0.043199099600315094 0.049848999828100204
v 0.029699599370360374 0.04131900146603584 0.04806949943304062
v 0.026570500805974007 0.04077979922294617 0.0503091998398304
v 0.02660379931330681 0.043801698833703995 0.04768279939889908
v 0.02975350059568882 0.044342100620269775 0.04526039958000183
v 0.017301499843597412 0.03833580017089844 0.05595559999346733
v 0.017299499362707138 0.041461698710918427 0.05368100106716156
v 0.020357800647616386 0.03927810117602348 0.054247498512268066
v 0.01454280037432909 0.04350849986076355 0.05287259817123413
v 0.01457349956035614 0.04044890031218529 0.05524040013551712
v 0.011812400072813034 0.04547569900751114 0.0518885999917984
v 0.029393000528216362 0.03537579998373985 0.05276929959654808
v 0.026416100561618805 0.03780230134725571 0.052660901099443436
v 0.02958969958126545 0.03840380162000656 0.050493501126766205
v 0.022824600338935852 0.03388499841094017 0.056840501725673676
v 0.02312679961323738 0.03705570101737976 0.05469939857721329
v 0.02615020051598549 0.034685198217630386 0.05489170178771019
v 0.020089199766516685 0.03615749999880791 0.056471701711416245
v 0.03235670179128647 0.035772401839494705 0.05072849988937378
v 0.03251510113477707 0.03875400125980377 0.048382800072431564
v 0.03269150108098984 0.04167789965867996 0.04576269909739494
v 0.028768200427293777 0.028784500434994698 0.056954801082611084
v 0.025836899876594543 0.031383901834487915 0.05698689818382263
v 0.029126200824975967 0.03213049843907356 0.054948098957538605
v 0.03469289839267731 0.030076999217271805 0.052837200462818146
v 0.03177409991621971 0.029471199959516525 0.054971400648355484
v 0.0320889987051487 0.03277340158820152 0.05287909880280495
v 0.035012200474739075 0.03312139958143234 0.050765298306941986
v 0.022106800228357315 0.027118900790810585 0.060628801584243774
v 0.022500600665807724 0.030549200251698494 0.05882579833269119
v 0.025476999580860138 0.027994999662041664 0.058883000165224075
v 0.01634879969060421 0.031995199620723724 0.06007520109415054
v 0.019614700227975845 0.03298719972372055 0.05854149907827377
v 0.019255999475717545 0.029600299894809723 0.0604402981698513
v 0.016850100830197334 0.03521769866347313 0.05810150131583214
v 0.02782520093023777 0.021907199174165726 0.06038070097565651
v 0.025004299357533455 0.024550599977374077 0.0605975016951561
v 0.02834009937942028 0.025384699925780296 0.05875759944319725
v 0.03423419967293739 0.023399900645017624 0.056395601481199265
v 0.031076699495315552 0.022687800228595734 0.05847650021314621
v 0.03154889866709709 0.02613160014152527 0.0567610003054142
v 0.03451419994235039 0.02677769958972931 0.0546967014670372
v 0.019852299243211746 0.019824400544166565 0.06413169950246811
v 0.021017400547862053 0.023514000698924065 0.06249289959669113
v 0.02388880029320717 0.02090959995985031 0.06238679960370064
v 0.018543900921940804 0.02662229910492897 0.06202720105648041
v 0.017416799440979958 0.022972000762820244 0.06378830224275589
v 0.015655700117349625 0.029055200517177582 0.061730798333883286
v 0.03301979973912239 0.016819799318909645 0.05938670039176941
v 0.030464399605989456 0.019390199333429337 0.05996619910001755
v 0.03367320075631142 0.020137399435043335 0.05797069892287254
v 0.026334000751376152 0.015022399835288525 0.06309399753808975
v 0.023132199421525 0.017452899366617203 0.06372050195932388
v 0.027119100093841553 0.018491700291633606 0.06182729825377464
v 0.029723700135946274 0.015946200117468834 0.06133690103888512
v 0.0404496006667614 0.018388399854302406 0.05408969894051552
v 0.036815300583839417 0.01764269918203354 0.05686270073056221
v 0.037407901138067245 0.020930999889969826 0.055340200662612915
v 0.0391509011387825 0.025337299332022667 0.0522036999464035
v 0.03985470160841942 0.02189280092716217 0.053219400346279144
v 0.03673519939184189 0.024396900087594986 0.05436279997229576
v 0.036962199956178665 0.02773739956319332 0.052577801048755646
v 0.016658499836921692 0.017615199089050293 0.0656673014163971
v 0.016573399305343628 0.013872399926185608 0.0665799006819725
v 0.019805999472737312 0.01611980050802231 0.06517569720745087
v 0.016166800633072853 0.020549900829792023 0.06493330001831055
v 0.012931300327181816 0.018295900896191597 0.06631769984960556
v 0.023051999509334564 0.013715400360524654 0.0646568015217781
v 0.01442319992929697 0.03738639876246452 0.05739539861679077
v 0.013946100138127804 0.03421179950237274 0.05945640057325363
v 0.01374130044132471 0.031200800091028214 0.061136599630117416
v 0.01132460031658411 0.033392101526260376 0.06047080084681511
v 0.03554140031337738 0.013859899714589119 0.05869169905781746
v 0.03927670046687126 0.014650899916887283 0.05605969950556755
v 0.032108601182699203 0.01421700045466423 0.060555100440979004
v 0.02876340039074421 0.013317899778485298 0.06241229921579361
v 0.042492300271987915 0.02111399918794632 0.05146459862589836
v 0.041808098554611206 0.02457519993185997 0.05047909915447235
v 0.04142560064792633 0.01140379998832941 0.055261898785829544
v 0.0426643006503582 0.015172399580478668 0.05338120087981224
v 0.04595769941806793 0.014770600013434887 0.05069240182638168
v 0.04383229836821556 0.018024900928139687 0.051515400409698486
v 0.03961839899420738 0.02834630012512207 0.05026800185441971
v 0.037385400384664536 0.030718499794602394 0.05058370158076286
v 0.04225970059633255 0.02757349982857704 0.04851619899272919
v 0.04069659858942032 0.00826145987957716 0.05635190010070801
v 0.048492301255464554 0.015008700080215931 0.04820000007748604
v -0.014041700400412083 0.056811701506376266 0.038409098982810974
v -0.012706800363957882 0.06313230097293854 0.027437999844551086
v -0.01983560062944889 0.05110960081219673 0.04352429881691933
v -0.016575299203395844 0.05299539864063263 0.04262330010533333
v -0.014104500412940979 0.05503790080547333 0.04088880121707916
v -0.01142979972064495 0.056397099047899246 0.039858799427747726
v -0.023356199264526367 0.046181801706552505 0.04713530093431473
v -0.023319799453020096 0.048983100801706314 0.0442362017929554
v -0.0199108999222517 0.048385001718997955 0.04650209844112396
v -0.0264832004904747 0.04944010078907013 0.04188460111618042
v -0.026557600125670433 0.04671429842710495 0.04486050084233284
v -0.01697169989347458 0.044660501182079315 0.05116049945354462
v -0.02019450068473816 0.045490000396966934 0.049222398549318314
v -0.016710899770259857 0.04761670157313347 0.048511799424886703
v -0.014454999938607216 0.04623870179057121 0.05052750185132027
v -0.023255299776792526 0.04025369882583618 0.05233379825949669
v -0.0233427993953228 0.04328649863600731 0.04981359839439392
v -0.020144499838352203 0.042522501200437546 0.051826901733875275
v -0.02967200055718422 0.04134359955787659 0.04806540161371231
v -0.026557600125670433 0.04383450001478195 0.047678399831056595
v -0.026504600420594215 0.04086180031299591 0.05027740076184273
v -0.029722100123763084 0.04429350048303604 0.04532859846949577
v -0.017003199085593224 0.038576699793338776 0.055881399661302567
v -0.02015729993581772 0.03947009891271591 0.0541829988360405
v -0.017013199627399445 0.04168169945478439 0.05360209941864014
v -0.014326799660921097 0.04085090011358261 0.055008601397275925
v -0.014306300319731236 0.04388229921460152 0.052627600729465485
v -0.011773600243031979 0.04541910067200661 0.05194700136780739
v -0.029361799359321594 0.035104900598526 0.05296729877591133
v -0.029564499855041504 0.03828589990735054 0.05059780180454254
v -0.026351800188422203 0.037741199135780334 0.052737001329660416
v -0.022843200713396072 0.03381659835577011 0.05687379837036133
v -0.026142200455069542 0.03451310098171234 0.055003900080919266
v -0.023085899651050568 0.037094101309776306 0.05469070002436638
v -0.019952600821852684 0.036250099539756775 0.056460801512002945
v -0.0325080007314682 0.038752198219299316 0.048388998955488205
v -0.03234890103340149 0.03562390059232712 0.05083779990673065
v -0.03271760046482086 0.0416048988699913 0.04581040143966675
v -0.028767500072717667 0.028655199334025383 0.05702029913663864
v -0.02910800091922283 0.031927600502967834 0.05507589876651764
v -0.025846099480986595 0.03128520026803017 0.057036999613046646
v -0.034875500947237015 0.029968999326229095 0.05277840048074722
v -0.032165300101041794 0.03258420154452324 0.05294959992170334
v -0.031867899000644684 0.029354799538850784 0.05497939884662628
v -0.03510959818959236 0.03305239975452423 0.05074309930205345
v -0.0221158005297184 0.027083300054073334 0.06064140051603317
v -0.0254806000739336 0.027911899611353874 0.05892090126872063
v -0.02251400053501129 0.03049669973552227 0.05884779989719391
v -0.01646769978106022 0.032006800174713135 0.06003649905323982
v -0.019319700077176094 0.029587699100375175 0.060426101088523865
v -0.01968259923160076 0.03295699879527092 0.05853569880127907
v -0.016761399805545807 0.03534650057554245 0.058048900216817856
v -0.02782520093023777 0.021907199174165726 0.06038070097565651
v -0.028338100761175156 0.02531849965453148 0.05878710001707077
v -0.02500849962234497 0.024532500654459 0.060603100806474686
v -0.034240901470184326 0.023356599733233452 0.056409500539302826
v -0.03155120089650154 0.026044700294733047 0.05679960176348686
v -0.03107989951968193 0.022666100412607193 0.058483198285102844
v -0.03460879996418953 0.026701899245381355 0.054673898965120316
v -0.019824299961328506 0.01985820010304451 0.06412989646196365
v -0.023874899372458458 0.0209267009049654 0.0623864009976387
v -0.021007400006055832 0.023512599989771843 0.06249679997563362
v -0.01741670072078705 0.02300569973886013 0.06377620249986649
v -0.01856219954788685 0.026621099561452866 0.06202220171689987
v -0.015729399397969246 0.029078099876642227 0.061701301485300064
v -0.03297850117087364 0.016829699277877808 0.05940689891576767
v -0.033655401319265366 0.020120499655604362 0.057986900210380554
v -0.030443299561738968 0.019394900649785995 0.05997540056705475
v -0.02628920041024685 0.015054100193083286 0.06310509890317917
v -0.027096500620245934 0.018507499247789383 0.061832498759031296
v -0.023095600306987762 0.0174855999648571 0.06372480094432831
v -0.02968049980700016 0.015967000275850296 0.06135239824652672
v -0.03890329971909523 0.01797039993107319 0.05534980073571205
v -0.036620598286390305 0.020690899342298508 0.055953700095415115
v -0.03598950058221817 0.0174235999584198 0.05745590105652809
v -0.039498500525951385 0.02466849982738495 0.05226219817996025
v -0.03691359981894493 0.024041200056672096 0.054400499910116196
v -0.03925570100545883 0.02134929969906807 0.05388129875063896
v -0.03723429888486862 0.027353499084711075 0.05258699879050255
v -0.016644399613142014 0.017632100731134415 0.06566639989614487
v -0.019781600683927536 0.01614380069077015 0.06517720222473145
v -0.016562800854444504 0.01387920044362545 0.06658110022544861
v -0.012934800237417221 0.018307900056242943 0.06631369888782501
v -0.016155900433659554 0.020578399300575256 0.06492699682712555
v -0.02301890030503273 0.013738100416958332 0.06466370075941086
v -0.013948099687695503 0.03443380072712898 0.05932759866118431
v -0.014212699607014656 0.037713900208473206 0.05723340064287186
v -0.013766500167548656 0.03112499974668026 0.06116959825158119
v -0.011232100427150726 0.033526599407196045 0.06041359901428223
v -0.03848300129175186 0.014434400014579296 0.05666309967637062
v -0.03552120178937912 0.013865100219845772 0.05870269984006882
v -0.03204280138015747 0.014239800162613392 0.060584500432014465
v -0.028695600107312202 0.013351400382816792 0.06243640184402466
v -0.043161798268556595 0.019722700119018555 0.05145949870347977
v -0.041370801627635956 0.02221749909222126 0.05191190168261528
v -0.0410705991089344 0.0188641007989645 0.0534542016685009
v -0.04182400181889534 0.015491699799895287 0.05395150184631348
v -0.04135889932513237 0.011932100169360638 0.05520020052790642
v -0.043936800211668015 0.01636189967393875 0.05197929963469505
v -0.037665098905563354 0.03019939921796322 0.050688598304986954
v -0.03997810184955597 0.02754490077495575 0.05042849853634834
v -0.042445000261068344 0.027454400435090065 0.04842190071940422
v -0.04200179874897003 0.024600999429821968 0.050305500626564026
v -0.043828900903463364 0.022122200578451157 0.049896299839019775
v -0.040686801075935364 0.008351939730346203 0.05634560063481331
v -0.04612800106406212 0.015714799985289574 0.050251901149749756
v -0.0487499013543129 0.015633299946784973 0.04773940145969391
v -0.04537760093808174 0.019088799133896828 0.049764301627874374
v -0.060353200882673264 0.008152109570801258 -0.034511398524045944
v 0.012860000133514404 0.01691580004990101 -0.066696897149086
v 0.009921359829604626 0.014823599718511105 -0.0676892027258873
v 0.01641320064663887 0.015518499538302422 -0.06625539809465408
v 0.003486929927021265 0.014453600160777569 -0.06840270012617111
v 0.006633109878748655 0.013762399554252625 -0.06831250339746475
v 0.0039094798266887665 0.01146989967674017 -0.0689430981874466
v 0.01931760087609291 0.014795999974012375 -0.06563469767570496
v 0.01652820035815239 0.012165900319814682 -0.06692390143871307
v 0.06579360365867615 0.013593199662864208 -0.019657699391245842
v -0.051162801682949066 0.014695700258016586 0.04545769840478897
v 0.05116960033774376 0.01443570014089346 0.04553329944610596
v -0.026003800332546234 0.011290200054645538 0.06400260329246521
v 0.026044700294733047 0.011260599829256535 0.06399119645357132
v -0.030637500807642937 0.057627998292446136 -0.02530520036816597
v 0.057690300047397614 0.03522250056266785 0.018198899924755096
v -0.05773970112204552 0.035181399434804916 0.01812170073390007
v -0.007316989824175835 -0.0020000000949949026 0.06961649656295776
v 0 -0.0020000000949949026 0.07000000029802322
v -0.003663520095869899 -0.0020000000949949026 0.06990409642457962
v 0 -0.0010000000474974513 0.07000000029802322
v -0.003663520095869899 -0.0010000000474974513 0.06990409642457962
v 0.003663520095869899 -0.0010000000474974513 0.06990409642457962
v -0.007316989824175835 -0.0010000000474974513 0.06961649656295776
v 0.007316989824175835 -0.0020000000949949026 0.06961649656295776
v 0.003663520095869899 -0.0020000000949949026 0.06990409642457962
v 0.007316989824175835 -0.0010000000474974513 0.06961649656295776
v 0.014553800225257874 -0.0020000000949949026 0.068470299243927
v 0.010950399562716484 -0.0020000000949949026 0.06913819909095764
v 0.010950399562716484 -0.0010000000474974513 0.06913819909095764
v 0.02163119986653328 -0.0020000000949949026 0.06657399982213974
v 0.018117299303412437 -0.0020000000949949026 0.06761480122804642
v 0.02163119986653328 -0.0010000000474974513 0.06657399982213974
v 0.018117299303412437 -0.0010000000474974513 0.06761480122804642
v 0.014553800225257874 -0.0010000000474974513 0.068470299243927
v 0.028471600264310837 -0.0020000000949949026 0.06394819915294647
v 0.025085799396038055 -0.0020000000949949026 0.06535059958696365
v 0.025085799396038055 -0.0010000000474974513 0.06535059958696365
v 0.03500000014901161 -0.0020000000949949026 0.060621801763772964
v 0.031779300421476364 -0.0020000000949949026 0.06237050145864487
v 0.03500000014901161 -0.0010000000474974513 0.060621801763772964
v 0.031779300421476364 -0.0010000000474974513 0.06237050145864487
v 0.028471600264310837 -0.0010000000474974513 0.06394819915294647
v 0.041145000606775284 -0.0020000000949949026 0.05663120001554489
v 0.038124699145555496 -0.0020000000949949026 0.058706898242235184
v 0.041145000606775284 -0.0010000000474974513 0.05663120001554489
v 0.038124699145555496 -0.0010000000474974513 0.058706898242235184
v 0.04683909937739372 -0.0020000000949949026 0.05202009901404381
v 0.044052399694919586 -0.0020000000949949026 0.05440019816160202
v 0.044052399694919586 -0.0010000000474974513 0.05440019816160202
v 0.05202009901404381 -0.0020000000949949026 0.04683909937739372
v 0.04949750006198883 -0.0020000000949949026 0.04949750006198883
v 0.04949750006198883 -0.0010000000474974513 0.04949750006198883
v 0.04683909937739372 -0.0010000000474974513 0.05202009901404381
v 0.05663120001554489 -0.0020000000949949026 0.041145000606775284
v 0.05440019816160202 -0.0020000000949949026 0.044052399694919586
v 0.05663120001554489 -0.0010000000474974513 0.041145000606775284
v 0.05440019816160202 -0.0010000000474974513 0.044052399694919586
v 0.05202009901404381 -0.0010000000474974513 0.04683909937739372
v 0.060621801763772964 -0.0020000000949949026 0.03500000014901161
v 0.058706898242235184 -0.0020000000949949026 0.038124699145555496
v 0.060621801763772964 -0.0010000000474974513 0.03500000014901161
v 0.058706898242235184 -0.0010000000474974513 0.038124699145555496
v 0.06394819915294647 -0.0020000000949949026 0.028471600264310837
v 0.06237050145864487 -0.0020000000949949026 0.031779300421476364
v 0.06237050145864487 -0.0010000000474974513 0.031779300421476364
v 0.06657399982213974 -0.0020000000949949026 0.02163119986653328
v 0.06535059958696365 -0.0020000000949949026 0.025085799396038055
v 0.06535059958696365 -0.0010000000474974513 0.025085799396038055
v 0.06394819915294647 -0.0010000000474974513 0.028471600264310837
v 0.068470299243927 -0.0020000000949949026 0.014553800225257874
v 0.06761480122804642 -0.0020000000949949026 0.018117299303412437
v 0.068470299243927 -0.0010000000474974513 0.014553800225257874
v 0.06761480122804642 -0.0010000000474974513 0.018117299303412437
v 0.06657399982213974 -0.0010000000474974513 0.02163119986653328
v 0.06961649656295776 -0.0020000000949949026 0.007316989824175835
v 0.06913819909095764 -0.0020000000949949026 0.010950399562716484
v 0.06961649656295776 -0.0010000000474974513 0.007316989824175835
v 0.06913819909095764 -0.0010000000474974513 0.010950399562716484
v 0.07000000029802322 -0.0020000000949949026 -1.3560199421686357e-16
v 0.06990409642457962 -0.0020000000949949026 0.003663520095869899
v 0.07000000029802322 -0.0010000000474974513 -1.3560199421686357e-16
v 0.06990409642457962 -0.0010000000474974513 0.003663520095869899
v 0.06961649656295776 -0.0020000000949949026 -0.007316989824175835
v 0.06990409642457962 -0.0020000000949949026 -0.003663520095869899
v 0.06961649656295776 -0.0010000000474974513 -0.007316989824175835
v 0.06990409642457962 -0.0010000000474974513 -0.003663520095869899
v 0.068470299243927 -0.0020000000949949026 -0.014553800225257874
v 0.06913819909095764 -0.0020000000949949026 -0.010950399562716484
v 0.06913819909095764 -0.0010000000474974513 -0.010950399562716484
v 0.06657399982213974 -0.0020000000949949026 -0.02163119986653328
v 0.06761480122804642 -0.0020000000949949026 -0.018117299303412437
v 0.06761480122804642 -0.0010000000474974513 -0.018117299303412437
v 0.068470299243927 -0.0010000000474974513 -0.014553800225257874
v 0.06394819915294647 -0.0020000000949949026 -0.028471600264310837
v 0.06535059958696365 -0.0020000000949949026 -0.025085799396038055
v 0.06535059958696365 -0.0010000000474974513 -0.025085799396038055
v 0.06657399982213974 -0.0010000000474974513 -0.02163119986653328
v 0.060621801763772964 -0.0020000000949949026 -0.03500000014901161
v 0.06237050145864487 -0.0020000000949949026 -0.031779300421476364
v 0.06237050145864487 -0.0010000000474974513 -0.031779300421476364
v 0.06394819915294647 -0.0010000000474974513 -0.028471600264310837
v 0.05663120001554489 -0.0020000000949949026 -0.041145000606775284
v 0.058706898242235184 -0.0020000000949949026 -0.038124699145555496
v 0.058706898242235184 -0.0010000000474974513 -0.038124699145555496
v 0.060621801763772964 -0.0010000000474974513 -0.03500000014901161
v 0.05202009901404381 -0.0020000000949949026 -0.04683909937739372
v 0.05440019816160202 -0.0020000000949949026 -0.044052399694919586
v 0.05440019816160202 -0.0010000000474974513 -0.044052399694919586
v 0.05663120001554489 -0.0010000000474974513 -0.041145000606775284
v 0.04683909937739372 -0.0020000000949949026 -0.05202009901404381
v 0.04949750006198883 -0.0020000000949949026 -0.04949750006198883
v 0.04949750006198883 -0.0010000000474974513 -0.04949750006198883
v 0.05202009901404381 -0.0010000000474974513 -0.04683909937739372
v 0.041145000606775284 -0.0020000000949949026 -0.05663120001554489
v 0.044052399694919586 -0.0020000000949949026 -0.05440019816160202
v 0.041145000606775284 -0.0010000000474974513 -0.05663120001554489
v 0.044052399694919586 -0.0010000000474974513 -0.05440019816160202
v 0.04683909937739372 -0.0010000000474974513 -0.05202009901404381
v 0.03500000014901161 -0.0020000000949949026 -0.060621801763772964
v 0.038124699145555496 -0.0020000000949949026 -0.058706898242235184
v 0.03500000014901161 -0.0010000000474974513 -0.060621801763772964
v 0.038124699145555496 -0.0010000000474974513 -0.058706898242235184
v 0.028471600264310837 -0.0020000000949949026 -0.06394819915294647
v 0.031779300421476364 -0.0020000000949949026 -0.06237050145864487
v 0.028471600264310837 -0.0010000000474974513 -0.06394819915294647
v 0.031779300421476364 -0.0010000000474974513 -0.06237050145864487
v 0.02163119986653328 -0.0020000000949949026 -0.06657399982213974
v 0.025085799396038055 -0.0020000000949949026 -0.06535059958696365
v 0.025085799396038055 -0.0010000000474974513 -0.06535059958696365
v 0.014553800225257874 -0.0020000000949949026 -0.068470299243927
v 0.018117299303412437 -0.0020000000949949026 -0.06761480122804642
v 0.014553800225257874 -0.0010000000474974513 -0.068470299243927
v 0.018117299303412437 -0.0010000000474974513 -0.06761480122804642
v 0.02163119986653328 -0.0010000000474974513 -0.06657399982213974
v 0.007316989824175835 -0.0020000000949949026 -0.06961649656295776
v 0.010950399562716484 -0.0020000000949949026 -0.06913819909095764
v 0.007316989824175835 -0.0010000000474974513 -0.06961649656295776
v 0.010950399562716484 -0.0010000000474974513 -0.06913819909095764
v -3.33375995003956e-16 -0.0020000000949949026 -0.07000000029802322
v 0.003663520095869899 -0.0020000000949949026 -0.06990409642457962
v 0.003663520095869899 -0.0010000000474974513 -0.06990409642457962
v -0.007316989824175835 -0.0020000000949949026 -0.06961649656295776
v -0.003663520095869899 -0.0020000000949949026 -0.06990409642457962
v -0.003663520095869899 -0.0010000000474974513 -0.06990409642457962
v -3.33375995003956e-16 -0.0010000000474974513 -0.07000000029802322
v -0.014553800225257874 -0.0020000000949949026 -0.068470299243927
v -0.010950399562716484 -0.0020000000949949026 -0.06913819909095764
v -0.014553800225257874 -0.0010000000474974513 -0.068470299243927
v -0.010950399562716484 -0.0010000000474974513 -0.06913819909095764
v -0.007316989824175835 -0.0010000000474974513 -0.06961649656295776
v -0.02163119986653328 -0.0020000000949949026 -0.06657399982213974
v -0.018117299303412437 -0.0020000000949949026 -0.06761480122804642
v -0.02163119986653328 -0.0010000000474974513 -0.06657399982213974
v -0.018117299303412437 -0.0010000000474974513 -0.06761480122804642
v -0.028471600264310837 -0.0020000000949949026 -0.06394819915294647
v -0.025085799396038055 -0.0020000000949949026 -0.06535059958696365
v -0.028471600264310837 -0.0010000000474974513 -0.06394819915294647
v -0.025085799396038055 -0.0010000000474974513 -0.06535059958696365
v -0.03500000014901161 -0.0020000000949949026 -0.060621801763772964
v -0.031779300421476364 -0.0020000000949949026 -0.06237050145864487
v -0.03500000014901161 -0.0010000000474974513 -0.060621801763772964
v -0.031779300421476364 -0.0010000000474974513 -0.06237050145864487
v -0.041145000606775284 -0.0020000000949949026 -0.05663120001554489
v -0.038124699145555496 -0.0020000000949949026 -0.058706898242235184
v -0.038124699145555496 -0.0010000000474974513 -0.058706898242235184
v -0.04683909937739372 -0.0020000000949949026 -0.05202009901404381
v -0.044052399694919586 -0.0020000000949949026 -0.05440019816160202
v -0.044052399694919586 -0.0010000000474974513 -0.05440019816160202
v -0.041145000606775284 -0.0010000000474974513 -0.05663120001554489
v -0.05202009901404381 -0.0020000000949949026 -0.04683909937739372
v -0.04949750006198883 -0.0020000000949949026 -0.04949750006198883
v -0.04949750006198883 -0.0010000000474974513 -0.04949750006198883
v -0.04683909937739372 -0.0010000000474974513 -0.05202009901404381
v -0.05663120001554489 -0.0020000000949949026 -0.041145000606775284
v -0.05440019816160202 -0.0020000000949949026 -0.044052399694919586
v -0.05663120001554489 -0.0010000000474974513 -0.041145000606775284
v -0.05440019816160202 -0.0010000000474974513 -0.044052399694919586
v -0.05202009901404381 -0.0010000000474974513 -0.04683909937739372
v -0.060621801763772964 -0.0020000000949949026 -0.03500000014901161
v -0.058706898242235184 -0.0020000000949949026 -0.038124699145555496
v -0.060621801763772964 -0.0010000000474974513 -0.03500000014901161
v -0.058706898242235184 -0.0010000000474974513 -0.038124699145555496
v -0.06394819915294647 -0.0020000000949949026 -0.028471600264310837
v -0.06237050145864487 -0.0020000000949949026 -0.031779300421476364
v -0.06394819915294647 -0.0010000000474974513 -0.028471600264310837
v -0.06237050145864487 -0.0010000000474974513 -0.031779300421476364
v -0.06657399982213974 -0.0020000000949949026 -0.02163119986653328
v -0.06535059958696365 -0.0020000000949949026 -0.025085799396038055
v -0.06657399982213974 -0.0010000000474974513 -0.02163119986653328
v -0.06535059958696365 -0.0010000000474974513 -0.025085799396038055
v -0.068470299243927 -0.0020000000949949026 -0.014553800225257874
v -0.06761480122804642 -0.0020000000949949026 -0.018117299303412437
v -0.068470299243927 -0.0010000000474974513 -0.014553800225257874
v -0.06761480122804642 -0.0010000000474974513 -0.018117299303412437
v -0.06961649656295776 -0.0020000000949949026 -0.007316989824175835
v -0.06913819909095764 -0.0020000000949949026 -0.010950399562716484
v -0.06961649656295776 -0.0010000000474974513 -0.007316989824175835
v -0.06913819909095764 -0.0010000000474974513 -0.010950399562716484
v -0.07000000029802322 -0.0020000000949949026 2.3583199843550597e-16
v -0.06990409642457962 -0.0020000000949949026 -0.003663520095869899
v -0.06990409642457962 -0.0010000000474974513 -0.003663520095869899
v -0.06961649656295776 -0.0020000000949949026 0.007316989824175835
v -0.06990409642457962 -0.0020000000949949026 0.003663520095869899
v -0.06990409642457962 -0.0010000000474974513 0.003663520095869899
v -0.07000000029802322 -0.0010000000474974513 2.3583199843550597e-16
v -0.068470299243927 -0.0020000000949949026 0.014553800225257874
v -0.06913819909095764 -0.0020000000949949026 0.010950399562716484
v -0.06913819909095764 -0.0010000000474974513 0.010950399562716484
v -0.06961649656295776 -0.0010000000474974513 0.007316989824175835
v -0.06657399982213974 -0.0020000000949949026 0.02163119986653328
v -0.06761480122804642 -0.0020000000949949026 0.018117299303412437
v -0.06761480122804642 -0.0010000000474974513 0.018117299303412437
v -0.068470299243927 -0.0010000000474974513 0.014553800225257874
v -0.06394819915294647 -0.0020000000949949026 0.028471600264310837
v -0.06535059958696365 -0.0020000000949949026 0.025085799396038055
v -0.06394819915294647 -0.0010000000474974513 0.028471600264310837
v -0.06535059958696365 -0.0010000000474974513 0.025085799396038055
v -0.06657399982213974 -0.0010000000474974513 0.02163119986653328
v -0.060621801763772964 -0.0020000000949949026 0.03500000014901161
v -0.06237050145864487 -0.0020000000949949026 0.031779300421476364
v -0.060621801763772964 -0.0010000000474974513 0.03500000014901161
v -0.06237050145864487 -0.0010000000474974513 0.031779300421476364
v -0.05663120001554489 -0.0020000000949949026 0.041145000606775284
v -0.058706898242235184 -0.0020000000949949026 0.038124699145555496
v -0.058706898242235184 -0.0010000000474974513 0.038124699145555496
v -0.05202009901404381 -0.0020000000949949026 0.04683909937739372
v -0.05440019816160202 -0.0020000000949949026 0.044052399694919586
v -0.05202009901404381 -0.0010000000474974513 0.04683909937739372
v -0.05440019816160202 -0.0010000000474974513 0.044052399694919586
v -0.05663120001554489 -0.0010000000474974513 0.041145000606775284
v -0.04683909937739372 -0.0020000000949949026 0.05202009901404381
v -0.04949750006198883 -0.0020000000949949026 0.04949750006198883
v -0.04683909937739372 -0.0010000000474974513 0.05202009901404381
v -0.04949750006198883 -0.0010000000474974513 0.04949750006198883
v -0.041145000606775284 -0.0020000000949949026 0.05663120001554489
v -0.044052399694919586 -0.0020000000949949026 0.05440019816160202
v -0.041145000606775284 -0.0010000000474974513 0.05663120001554489
v -0.044052399694919586 -0.0010000000474974513 0.05440019816160202
v -0.03500000014901161 -0.0020000000949949026 0.060621801763772964
v -0.038124699145555496 -0.0020000000949949026 0.058706898242235184
v -0.03500000014901161 -0.0010000000474974513 0.060621801763772964
v -0.038124699145555496 -0.0010000000474974513 0.058706898242235184
v -0.028471600264310837 -0.0020000000949949026 0.06394819915294647
v -0.031779300421476364 -0.0020000000949949026 0.06237050145864487
v -0.031779300421476364 -0.0010000000474974513 0.06237050145864487
v -0.02163119986653328 -0.0020000000949949026 0.06657399982213974
v -0.025085799396038055 -0.0020000000949949026 0.06535059958696365
v -0.025085799396038055 -0.0010000000474974513 0.06535059958696365
v -0.028471600264310837 -0.0010000000474974513 0.06394819915294647
v -0.014553800225257874 -0.0020000000949949026 0.068470299243927
v -0.018117299303412437 -0.0020000000949949026 0.06761480122804642
v -0.014553800225257874 -0.0010000000474974513 0.068470299243927
v -0.018117299303412437 -0.0010000000474974513 0.06761480122804642
v -0.02163119986653328 -0.0010000000474974513 0.06657399982213974
v -0.010950399562716484 -0.0020000000949949026 0.06913819909095764
v -0.010950399562716484 -0.0010000000474974513 0.06913819909095764
v 0 0.07349999994039536 0
v 0.003754969919100404 0.07167830318212509 0.001230960013344884
v 0 0.07168179750442505 0.00394483981654048
v -0.0037539100740104914 0.07167889922857285 0.0012306499993428588
v -0.002326369984075427 0.07167849689722061 -0.003193770069628954
v 0.002325010020285845 0.07167860120534897 -0.003194639924913645
v 0.0028769199270755053 -0.0020000000949949026 0.06351540237665176
v 0.0014384599635377526 -0.0020000000949949026 0.0667577013373375
v 0.005096950102597475 -0.0020000000949949026 0.06656599789857864
v -0.0034765200689435005 -0.0020000000949949026 0.06472110003232956
v -0.005396760068833828 -0.0020000000949949026 0.06716880202293396
v -0.0017382600344717503 -0.0020000000949949026 0.06736049801111221
v -0.00029980100225657225 -0.0020000000949949026 0.06411819905042648
v 0.009453760460019112 -0.0020000000949949026 0.0631123036146164
v 0.01200379990041256 -0.0020000000949949026 0.0657913014292717
v 0.008385369554162025 -0.0020000000949949026 0.06636440008878708
v 0.006165340077131987 -0.0020000000949949026 0.0633137971162796
v 0.016245700418949127 -0.0020000000949949026 0.06171739846467972
v 0.012849699705839157 -0.0020000000949949026 0.06241479888558388
v 0.015399799682199955 -0.0020000000949949026 0.06509389728307724
v 0.018938500434160233 -0.0020000000949949026 0.06414569914340973
v 0.02266409993171692 -0.0020000000949949026 0.05978890135884285
v 0.02214759960770607 -0.0020000000949949026 0.06318140029907227
v 0.02556779980659485 -0.0020000000949949026 0.06186849996447563
v 0.019454900175333023 -0.0020000000949949026 0.06075320020318031
v 0.028933599591255188 -0.0020000000949949026 0.05720579996705055
v 0.028702599927783012 -0.0020000000949949026 0.06057700142264366
v 0.03196680173277855 -0.0020000000949949026 0.05891380086541176
v 0.025798900052905083 -0.0020000000949949026 0.05849729850888252
v 0.03444699943065643 -0.0020000000949949026 0.053424399346113205
v 0.03472350165247917 -0.0020000000949949026 0.057023100554943085
v 0.03779599815607071 -0.0020000000949949026 0.0550278015434742
v 0.03169029951095581 -0.0020000000949949026 0.05531509965658188
v 0.039998799562454224 -0.0020000000949949026 0.0493943989276886
v 0.043418999761343 -0.0020000000949949026 0.05070729926228523
v 0.040571898221969604 -0.0020000000949949026 0.053012799471616745
v 0.03722289949655533 -0.0020000000949949026 0.05140940099954605
v 0.04503040015697479 -0.0020000000949949026 0.0449352003633976
v 0.04593480005860329 -0.0020000000949949026 0.04847770184278488
v 0.04852529987692833 -0.0020000000949949026 0.04588719829916954
v 0.04251459985971451 -0.0020000000949949026 0.04716480150818825
v 0.0489984005689621 -0.0020000000949949026 0.03925739973783493
v 0.05050930008292198 -0.0020000000949949026 0.043048299849033356
v 0.052814800292253494 -0.0020000000949949026 0.04020119830965996
v 0.047014400362968445 -0.0020000000949949026 0.042096298187971115
v 0.054096199572086334 -0.0020000000949949026 0.03507690131664276
v 0.05536369979381561 -0.0020000000949949026 0.03811090067028999
v 0.051547300070524216 -0.0020000000949949026 0.03716709837317467
v 0.0573589988052845 -0.0020000000949949026 0.035038501024246216
v 0.05596359819173813 -0.0020000000949949026 0.029276100918650627
v 0.0599558986723423 -0.0020000000949949026 0.028873799368739128
v 0.058292701840400696 -0.0020000000949949026 0.032138001173734665
v 0.05502989888191223 -0.0020000000949949026 0.03217649832367897
v 0.05790629982948303 -0.0020000000949949026 0.021721400320529938
v 0.06092720106244087 -0.0020000000949949026 0.025096500292420387
v 0.0569349005818367 -0.0020000000949949026 0.025498799979686737
v 0.062240101397037506 -0.0020000000949949026 0.02167630009353161
v 0.06204750016331673 -0.0020000000949949026 0.016175100579857826
v 0.0643106997013092 -0.0020000000949949026 0.018903199583292007
v 0.05997690185904503 -0.0020000000949949026 0.018948299810290337
v 0.06525889784097672 -0.0020000000949949026 0.015364499762654305
v 0.0633867010474205 -0.0020000000949949026 0.010134399868547916
v 0.06592849642038345 -0.0020000000949949026 0.012344099581241608
v 0.06650160253047943 -0.0020000000949949026 0.008725699968636036
v 0.06271710246801376 -0.0020000000949949026 0.013154800049960613
v 0.06420359760522842 -0.0020000000949949026 0.0033532900270074606
v 0.06691010296344757 -0.0020000000949949026 0.0053351400420069695
v 0.06379520148038864 -0.0020000000949949026 0.006743850186467171
v 0.06710179895162582 -0.0020000000949949026 0.0016766400076448917
v 0.06383760273456573 -0.0020000000949949026 -0.0034729200415313244
v 0.06691879779100418 -0.0020000000949949026 -0.0017364600207656622
v 0.06672710180282593 -0.0020000000949949026 -0.005394959822297096
v 0.06402059644460678 -0.0020000000949949026 -5.9817299188580364e-05
v 0.06267499923706055 -0.0020000000949949026 -0.010242399759590626
v 0.06557270139455795 -0.0020000000949949026 -0.012398100458085537
v 0.06614580005407333 -0.0020000000949949026 -0.008779710158705711
v 0.06325630098581314 -0.0020000000949949026 -0.006857669912278652
v 0.061393000185489655 -0.0020000000949949026 -0.016450200229883194
v 0.0639835000038147 -0.0020000000949949026 -0.019040700048208237
v 0.06493160128593445 -0.0020000000949949026 -0.015502000227570534
v 0.0620339997112751 -0.0020000000949949026 -0.013346300460398197
v 0.06043870002031326 -0.0020000000949949026 -0.023249400779604912
v 0.06350629776716232 -0.0020000000949949026 -0.02244029939174652
v 0.06219340115785599 -0.0020000000949949026 -0.0258604995906353
v 0.06091580167412758 -0.0020000000949949026 -0.01984979957342148
v 0.05672280117869377 -0.0020000000949949026 -0.02871840074658394
v 0.05867230147123337 -0.0020000000949949026 -0.031859200447797775
v 0.06033549830317497 -0.0020000000949949026 -0.028595000505447388
v 0.05858070030808449 -0.0020000000949949026 -0.02598389983177185
v 0.053633999079465866 -0.0020000000949949026 -0.03442160040140152
v 0.057127900421619415 -0.0020000000949949026 -0.03471079841256142
v 0.05513260141015053 -0.0020000000949949026 -0.03778329864144325
v 0.05517840012907982 -0.0020000000949949026 -0.03156999871134758
v 0.049650199711322784 -0.0020000000949949026 -0.03987450152635574
v 0.05314069986343384 -0.0020000000949949026 -0.04050980135798454
v 0.050835199654102325 -0.0020000000949949026 -0.043356798589229584
v 0.051642101258039474 -0.0020000000949949026 -0.03714809939265251
v 0.04535609856247902 -0.0020000000949949026 -0.045258600264787674
v 0.04750309884548187 -0.0020000000949949026 -0.04256660118699074
v 0.048688098788261414 -0.0020000000949949026 -0.04604889824986458
v 0.04609759896993637 -0.0020000000949949026 -0.04863940179347992
v 0.04011230170726776 -0.0020000000949949026 -0.04938939958810806
v 0.04347569867968559 -0.0020000000949949026 -0.050704799592494965
v 0.04062860086560249 -0.0020000000949949026 -0.05301029980182648
v 0.04273419827222824 -0.0020000000949949026 -0.04732400178909302
v 0.03500000014901161 -0.0020000000949949026 -0.05389529839158058
v 0.03807250037789345 -0.0020000000949949026 -0.05526319891214371
v 0.03500000014901161 -0.0020000000949949026 -0.05725850164890289
v 0.03755610063672066 -0.0020000000949949026 -0.05164229869842529
v 0.02911129966378212 -0.0020000000949949026 -0.05715090036392212
v 0.032055698335170746 -0.0020000000949949026 -0.05888630077242851
v 0.02879139967262745 -0.0020000000949949026 -0.060549501329660416
v 0.032055698335170746 -0.0020000000949949026 -0.0555231012403965
v 0.022507399320602417 -0.0020000000949949026 -0.059973299503326416
v 0.025809399783611298 -0.0020000000949949026 -0.05856209993362427
v 0.025489499792456627 -0.0020000000949949026 -0.06196080148220062
v 0.022069299593567848 -0.0020000000949949026 -0.0632736012339592
v 0.016919899731874466 -0.0020000000949949026 -0.06282109767198563
v 0.019275499507784843 -0.0020000000949949026 -0.0646974965929985
v 0.0157369002699852 -0.0020000000949949026 -0.06564570218324661
v 0.01971369981765747 -0.0020000000949949026 -0.06139719858765602
v 0.009942770004272461 -0.0020000000949949026 -0.06277620047330856
v 0.012248300015926361 -0.0020000000949949026 -0.0656232014298439
v 0.008629879914224148 -0.0020000000949949026 -0.06619630008935928
v 0.013431300409138203 -0.0020000000949949026 -0.06279859691858292
v 0.003315029898658395 -0.0020000000949949026 -0.06513240188360214
v 0.006628899835050106 -0.0020000000949949026 -0.06395430117845535
v 0.00531601021066308 -0.0020000000949949026 -0.06737449765205383
v 0.0016575099434703588 -0.0020000000949949026 -0.06756620109081268
v -0.002877230057492852 -0.0020000000949949026 -0.06429590284824371
v -0.005097109824419022 -0.0020000000949949026 -0.06695619970560074
v -0.0014386200346052647 -0.0020000000949949026 -0.06714790314435959
v 0.00021889600611757487 -0.0020000000949949026 -0.06471420079469681
v -0.009411079809069633 -0.0020000000949949026 -0.06309399753808975
v -0.008364030160009861 -0.0020000000949949026 -0.06635530292987823
v -0.011982399970293045 -0.0020000000949949026 -0.06578219681978226
v -0.006144150160253048 -0.0020000000949949026 -0.06369490176439285
v -0.016115499660372734 -0.0020000000949949026 -0.061670299619436264
v -0.015334700234234333 -0.0020000000949949026 -0.06507030129432678
v -0.018873300403356552 -0.0020000000949949026 -0.06412210315465927
v -0.012763299979269505 -0.0020000000949949026 -0.06238209828734398
v -0.022494100034236908 -0.0020000000949949026 -0.059351999312639236
v -0.022062599658966064 -0.0020000000949949026 -0.06296300143003464
v -0.025482799857854843 -0.0020000000949949026 -0.061650101095438004
v -0.019304800778627396 -0.0020000000949949026 -0.06051120162010193
v -0.029142199084162712 -0.0020000000949949026 -0.05597740039229393
v -0.025818200781941414 -0.0020000000949949026 -0.05766469985246658
v -0.02880690060555935 -0.0020000000949949026 -0.05996280163526535
v -0.03207109868526459 -0.0020000000949949026 -0.05829960107803345
v -0.03582330048084259 -0.0020000000949949026 -0.05516749992966652
v -0.03541170060634613 -0.0020000000949949026 -0.05789459869265556
v -0.032482799142599106 -0.0020000000949949026 -0.055572498589754105
v -0.03848410025238991 -0.0020000000949949026 -0.055899299681186676
v -0.0395612008869648 -0.0020000000949949026 -0.04987720027565956
v -0.04035310074687004 -0.0020000000949949026 -0.05325419828295708
v -0.04320019856095314 -0.0020000000949949026 -0.05094870179891586
v -0.03769230097532272 -0.0020000000949949026 -0.05252239853143692
v -0.04544059932231903 -0.0020000000949949026 -0.04544059932231903
v -0.042500898241996765 -0.0020000000949949026 -0.047658901661634445
v -0.046139899641275406 -0.0020000000949949026 -0.04873039945960045
v -0.04873039945960045 -0.0020000000949949026 -0.046139899641275406
v -0.05030079931020737 -0.0020000000949949026 -0.039826400578022
v -0.0478706993162632 -0.0020000000949949026 -0.04263349995017052
v -0.05116049945354462 -0.0020000000949949026 -0.04333280026912689
v -0.05346599966287613 -0.0020000000949949026 -0.040485698729753494
v -0.05480770021677017 -0.0020000000949949026 -0.03562049940228462
v -0.05571940168738365 -0.0020000000949949026 -0.03838270157575607
v -0.05771470069885254 -0.0020000000949949026 -0.035310298204422
v -0.05255420133471489 -0.0020000000949949026 -0.03772350028157234
v -0.05687670037150383 -0.0020000000949949026 -0.0300586000084877
v -0.05874919891357422 -0.0020000000949949026 -0.03252929821610451
v -0.06041239947080612 -0.0020000000949949026 -0.02926510013639927
v -0.05584219843149185 -0.0020000000949949026 -0.03283949941396713
v -0.05904160067439079 -0.0020000000949949026 -0.0237674992531538
v -0.06149490177631378 -0.0020000000949949026 -0.026119500398635864
v -0.06280779838562012 -0.0020000000949949026 -0.022699300199747086
v -0.05795919895172119 -0.0020000000949949026 -0.026913000270724297
v -0.06125130131840706 -0.0020000000949949026 -0.017028899863362312
v -0.06014639884233475 -0.0020000000949949026 -0.020398199558258057
v -0.06391260027885437 -0.0020000000949949026 -0.01933000050485134
v -0.06486079841852188 -0.0020000000949949026 -0.01579130068421364
v -0.06182689964771271 -0.0020000000949949026 -0.009490510448813438
v -0.06514859944581985 -0.0020000000949949026 -0.012022200040519238
v -0.06572169810533524 -0.0020000000949949026 -0.008403750136494637
v -0.061539098620414734 -0.0020000000949949026 -0.013259699568152428
v -0.06416109949350357 -0.0020000000949949026 -0.0021740500815212727
v -0.06688880175352097 -0.0020000000949949026 -0.004745520185679197
v -0.06299400329589844 -0.0020000000949949026 -0.005832280032336712
v -0.06708049774169922 -0.0020000000949949026 -0.0010870300466194749
v -0.06515839695930481 -0.0020000000949949026 0.0036123800091445446
v -0.06738749891519547 -0.0020000000949949026 0.005464680027216673
v -0.06757920235395432 -0.0020000000949949026 0.0018061900045722723
v -0.06465979665517807 -0.0020000000949949026 0.0007191619952209294
v -0.06326829642057419 -0.0020000000949949026 0.009572319686412811
v -0.06644240021705627 -0.0020000000949949026 0.00844466034322977
v -0.0658693015575409 -0.0020000000949949026 0.012063100002706051
v -0.06421340256929398 -0.0020000000949949026 0.006592350080609322
v -0.061393000185489655 -0.0020000000949949026 0.016450200229883194
v -0.0639835000038147 -0.0020000000949949026 0.019040700048208237
v -0.06493160128593445 -0.0020000000949949026 0.015502000227570534
v -0.0623307004570961 -0.0020000000949949026 0.013011300005018711
v -0.059080999344587326 -0.0020000000949949026 0.0233146995306015
v -0.06282749772071838 -0.0020000000949949026 0.02247289940714836
v -0.06151460111141205 -0.0020000000949949026 0.02589309960603714
v -0.06023700162768364 -0.0020000000949949026 0.01988239958882332
v -0.05688359960913658 -0.0020000000949949026 0.029998699203133583
v -0.060415901243686676 -0.0020000000949949026 0.029235100373625755
v -0.057982299476861954 -0.0020000000949949026 0.026656700298190117
v -0.05875270068645477 -0.0020000000949949026 0.032499298453330994
v -0.0549377016723156 -0.0020000000949949026 0.03570739924907684
v -0.0577796995639801 -0.0020000000949949026 0.03535370156168938
v -0.055784400552511215 -0.0020000000949949026 0.03842620179057121
v -0.05591059848666191 -0.0020000000949949026 0.03285310044884682
v -0.0493943989276886 -0.0020000000949949026 0.039998799562454224
v -0.053012799471616745 -0.0020000000949949026 0.040571898221969604
v -0.05070729926228523 -0.0020000000949949026 0.043418999761343
v -0.05216600000858307 -0.0020000000949949026 0.03785309940576553
v -0.04570620134472847 -0.0020000000949949026 0.04560700058937073
v -0.047550298273563385 -0.0020000000949949026 0.042802900075912476
v -0.04886319860816002 -0.0020000000949949026 0.046223100274801254
v -0.046272698789834976 -0.0020000000949949026 0.0488136000931263
v -0.03909770026803017 -0.0020000000949949026 0.048176299780607224
v -0.042968399822711945 -0.0020000000949949026 0.050098199397325516
v -0.04012129828333855 -0.0020000000949949026 0.05240369960665703
v -0.04240189865231514 -0.0020000000949949026 0.046891599893569946
v -0.03498620167374611 -0.0020000000949949026 0.05387920141220093
v -0.03704189881682396 -0.0020000000949949026 0.051027800887823105
v -0.038065601140260696 -0.0020000000949949026 0.05525520071387291
v -0.03499310091137886 -0.0020000000949949026 0.0572504997253418
v -0.02928129956126213 -0.0020000000949949026 0.05697000026702881
v -0.028876500204205513 -0.0020000000949949026 0.06045909970998764
v -0.03214069828391075 -0.0020000000949949026 0.05879589915275574
v -0.032133799046278 -0.0020000000949949026 0.05542460083961487
v -0.022948000580072403 -0.0020000000949949026 0.0587741993367672
v -0.02570980042219162 -0.0020000000949949026 0.061361201107501984
v -0.02228960022330284 -0.0020000000949949026 0.06267409771680832
v -0.026114700362086296 -0.0020000000949949026 0.05787210166454315
v -0.01621449925005436 -0.0020000000949949026 0.06056689843535423
v -0.018922900781035423 -0.0020000000949949026 0.06357040256261826
v -0.015384200029075146 -0.0020000000949949026 0.06451860070228577
v -0.019581299275159836 -0.0020000000949949026 0.059670500457286835
v -0.009942770004272461 -0.0020000000949949026 0.06277620047330856
v -0.012248300015926361 -0.0020000000949949026 0.0656232014298439
v -0.008629879914224148 -0.0020000000949949026 0.06619630008935928
v -0.01307860016822815 -0.0020000000949949026 0.06167149916291237
v -0.00670963991433382 -0.0020000000949949026 0.06374859809875488
v -0.050173401832580566 -0.0020000000949949026 0.032021500170230865
v -0.05255550146102905 -0.0020000000949949026 0.033864498138427734
v -0.04978390038013458 -0.0020000000949949026 0.036010101437568665
v -0.043324701488018036 -0.0020000000949949026 0.03424470126628876
v -0.04635950177907944 -0.0020000000949949026 0.03712169826030731
v -0.04674910008907318 -0.0020000000949949026 0.03313310071825981
v -0.04117970168590546 -0.0020000000949949026 0.04100070148706436
v -0.04528699815273285 -0.0020000000949949026 0.040499698370695114
v -0.042252201586961746 -0.0020000000949949026 0.03762270137667656
v -0.04344300180673599 -0.0020000000949949026 0.043303899466991425
v 0.04261050000786781 -0.0020000000949949026 -0.0373913012444973
v 0.04797440022230148 -0.0020000000949949026 -0.03392940014600754
v 0.04613029956817627 -0.0020000000949949026 -0.03863289952278137
v 0.048812299966812134 -0.0020000000949949026 -0.03690199926495552
v 0.04529250040650368 -0.0020000000949949026 -0.03566030040383339
v 0.043983299285173416 -0.0020000000949949026 -0.04132499918341637
v 0.050804201513528824 -0.0020000000949949026 -0.03417550027370453
v -0.03305789828300476 -0.0020000000949949026 -0.05090469866991043
v -0.034440599381923676 -0.0020000000949949026 -0.053036101162433624
v -0.03630949929356575 -0.0020000000949949026 -0.05039089918136597
v -0.03517330065369606 -0.0020000000949949026 -0.046042099595069885
v -0.03411560133099556 -0.0020000000949949026 -0.04847339913249016
v -0.03736719861626625 -0.0020000000949949026 -0.047959599643945694
v -0.03931029886007309 -0.0020000000949949026 -0.04272479936480522
v -0.039435699582099915 -0.0020000000949949026 -0.04630099982023239
v -0.037241801619529724 -0.0020000000949949026 -0.04438349977135658
v -0.04237540066242218 -0.0020000000949949026 -0.044082701206207275
v 0.0389305017888546 -0.0020000000949949026 0.04142110049724579
v 0.03323790058493614 -0.0020000000949949026 0.04640569910407066
v 0.03946460038423538 -0.0020000000949949026 0.045407701283693314
v 0.036618299782276154 -0.0020000000949949026 0.0478999987244606
v 0.03608420118689537 -0.0020000000949949026 0.043913401663303375
v 0.03384250029921532 -0.0020000000949949026 0.04991510137915611
v 0.041980400681495667 -0.0020000000949949026 0.04317820072174072
v -0.058746300637722015 -0.0020000000949949026 0.0033466198947280645
v -0.06145370006561279 -0.0020000000949949026 0.0005862839752808213
v -0.06195230036973953 -0.0020000000949949026 0.0034795000683516264
v -0.058343298733234406 -0.0020000000949949026 -0.003493059892207384
v -0.06125219911336899 -0.0020000000949949026 -0.0028335601091384888
v -0.05854479968547821 -0.0020000000949949026 -7.321909652091563e-05
v -0.060085099190473557 -0.0020000000949949026 -0.006491779815405607
v -0.010853799991309643 -0.0020000000949949026 0.055099401623010635
v -0.010398300364613533 -0.0020000000949949026 0.05893779918551445
v -0.013534200377762318 -0.0020000000949949026 0.057833101600408554
v -0.002999749965965748 -0.0020000000949949026 0.05769729986786842
v -0.006471259985119104 -0.0020000000949949026 0.060236699879169464
v -0.006926789879798889 -0.0020000000949949026 0.05639839917421341
v -0.003238129895180464 -0.0020000000949949026 0.06120920181274414
v 0.01596429944038391 -0.0020000000949949026 -0.05631190165877342
v 0.012953500263392925 -0.0020000000949949026 -0.059544000774621964
v 0.01644209958612919 -0.0020000000949949026 -0.05956650152802467
v 0.008736459538340569 -0.0020000000949949026 -0.05608370155096054
v 0.012350399978458881 -0.0020000000949949026 -0.05619779974222183
v 0.009339610114693642 -0.0020000000949949026 -0.059429898858070374
v 0.00219259993173182 -0.0020000000949949026 -0.05897359922528267
v 0.006067689973860979 -0.0020000000949949026 -0.060874901711940765
v 0.00546453008428216 -0.0020000000949949026 -0.057528600096702576
v 0.002753820037469268 -0.0020000000949949026 -0.062052998691797256
v 0.05935300141572952 -0.0020000000949949026 0.006549169775098562
v 0.06177829951047897 -0.0020000000949949026 0.00495122978463769
v 0.06136989966034889 -0.0020000000949949026 0.008341790176928043
v 0.058415401726961136 -0.0020000000949949026 0.0006342069827951491
v 0.05888419970870018 -0.0020000000949949026 0.003591689979657531
v 0.06130950152873993 -0.0020000000949949026 0.001993749989196658
v 0.061126500368118286 -0.0020000000949949026 -0.001419360050931573
v -0.04960799962282181 -0.0020000000949949026 -0.032072700560092926
v -0.05220789834856987 -0.0020000000949949026 -0.03384660184383392
v -0.05324240028858185 -0.0020000000949949026 -0.031065599992871284
v -0.05296960100531578 -0.0020000000949949026 -0.02604920044541359
v -0.051288798451423645 -0.0020000000949949026 -0.02906090021133423
v -0.054923199117183685 -0.0020000000949949026 -0.028053900226950645
v -0.05600560083985329 -0.0020000000949949026 -0.02490830048918724
v -0.01013210043311119 -0.0020000000949949026 -0.055871400982141495
v -0.017494099214673042 -0.0020000000949949026 -0.05570949986577034
v -0.013813099823892117 -0.0020000000949949026 -0.05579039826989174
v -0.016804799437522888 -0.0020000000949949026 -0.0586898997426033
v -0.013123800046741962 -0.0020000000949949026 -0.0587707981467247
v -0.01999410055577755 -0.0020000000949949026 -0.05753080174326897
v -0.009771560318768024 -0.0020000000949949026 -0.05948270112276077
v 0.05190170183777809 -0.0020000000949949026 0.024875199422240257
v 0.04866759851574898 -0.0020000000949949026 0.030859999358654022
v 0.05393259972333908 -0.0020000000949949026 0.027075599879026413
v 0.0523156002163887 -0.0020000000949949026 0.03006800077855587
v 0.050284601747989655 -0.0020000000949949026 0.027867600321769714
v 0.05490399897098541 -0.0020000000949949026 0.023298300802707672
v 0.051381900906562805 -0.0020000000949949026 0.03296839818358421
v 0.011589599773287773 -0.0020000000949949026 0.058044999837875366
v 0.01696860045194626 -0.0020000000949949026 0.054800599813461304
v 0.01391770038753748 -0.0020000000949949026 0.05988119915127754
v 0.014279100112617016 -0.0020000000949949026 0.056422799825668335
v 0.016607200726866722 -0.0020000000949949026 0.05825899913907051
v 0.019816400483250618 -0.0020000000949949026 0.057294800877571106
v 0.01052169967442751 -0.0020000000949949026 0.0605785995721817
v -0.03145449981093407 -0.0020000000949949026 0.04859369993209839
v -0.03322039917111397 -0.0020000000949949026 0.05123649910092354
v -0.03527610003948212 -0.0020000000949949026 0.048385001718997955
v -0.0303678996860981 -0.0020000000949949026 0.05278189852833748
v 0.05355549976229668 -0.0020000000949949026 -0.02097569964826107
v 0.057474199682474136 -0.0020000000949949026 -0.018712999299168587
v 0.05699710175395012 -0.0020000000949949026 -0.02211260050535202
v 0.0551862008869648 -0.0020000000949949026 -0.013452299870550632
v 0.05828959867358208 -0.0020000000949949026 -0.014951200224459171
v 0.05437079817056656 -0.0020000000949949026 -0.01721400022506714
v 0.05893059819936752 -0.0020000000949949026 -0.011847400106489658
v 0.02315340004861355 -0.0020000000949949026 -0.05348220095038414
v 0.022830400615930557 -0.0020000000949949026 -0.05672780051827431
v 0.02613239921629429 -0.0020000000949949026 -0.05531660094857216
v 0.029424499720335007 -0.0020000000949949026 -0.051322199404239655
v 0.03221220150589943 -0.0020000000949949026 -0.05260869860649109
v 0.029267899692058563 -0.0020000000949949026 -0.05423650145530701
v 0.026288999244570732 -0.0020000000949949026 -0.05240219831466675
v -0.05433649942278862 -0.0020000000949949026 0.018284300342202187
v -0.056413501501083374 -0.0020000000949949026 0.011282199993729591
v -0.05786469951272011 -0.0020000000949949026 0.017367299646139145
v -0.058903198689222336 -0.0020000000949949026 0.013866200111806393
v -0.05537499859929085 -0.0020000000949949026 0.014783300459384918
v -0.05984089896082878 -0.0020000000949949026 0.01042729988694191
v -0.05670870095491409 -0.0020000000949949026 0.02079950086772442
v -0.004875800106674433 -0.0020000000949949026 -0.05901779979467392
v -0.00034231398603878915 -0.0020000000949949026 -0.06163470074534416
v -0.0013415999710559845 -0.0020000000949949026 -0.058995701372623444
v -0.003876520087942481 -0.0020000000949949026 -0.06165679916739464
v -0.007143440190702677 -0.0020000000949949026 -0.061055898666381836
v -0.04995439946651459 -0.0020000000949949026 -0.035949498414993286
v -0.0437454991042614 -0.0020000000949949026 -0.03748380020260811
v -0.044592998921871185 -0.0020000000949949026 -0.04146220162510872
v -0.04702309891581535 -0.0020000000949949026 -0.03865509852766991
v -0.04667679965496063 -0.0020000000949949026 -0.03477820008993149
v 0.0565360002219677 -0.0020000000949949026 0.012717599980533123
v 0.05929170176386833 -0.0020000000949949026 0.014446400105953217
v 0.05996140092611313 -0.0020000000949949026 0.01142599992454052
v 0.057221099734306335 -0.0020000000949949026 0.017219500616192818
v -6.141520134406164e-05 -0.0020000000949949026 0.06060640141367912
v 0.004936779849231243 -0.0020000000949949026 0.05758440122008324
v 0.000968514010310173 -0.0020000000949949026 0.05764089897274971
v 0.003906849771738052 -0.0020000000949949026 0.06054989993572235
v 0.007195270154625177 -0.0020000000949949026 0.06034829840064049
v 0.043949201703071594 -0.0020000000949949026 0.04031139984726906
v 0.04448980093002319 -0.0020000000949949026 0.04262330010533333
v 0.046473801136016846 -0.0020000000949949026 0.039784401655197144
v 0.04283739998936653 -0.0020000000949949026 0.035631898790597916
v 0.043393298983573914 -0.0020000000949949026 0.037971701472997665
v 0.045917898416519165 -0.0020000000949949026 0.037444598972797394
v 0.04883300140500069 -0.0020000000949949026 0.035058699548244476
v 0.045752499252557755 -0.0020000000949949026 0.03324589878320694
v -0.05624449998140335 -0.0020000000949949026 -0.013502099551260471
v -0.053012799471616745 -0.0020000000949949026 -0.019801199436187744
v -0.058747898787260056 -0.0020000000949949026 -0.01526550017297268
v -0.05713199824094772 -0.0020000000949949026 -0.018415000289678574
v -0.05462870001792908 -0.0020000000949949026 -0.01665160059928894
v -0.05602720007300377 -0.0020000000949949026 -0.021784299984574318
v -0.05903569981455803 -0.0020000000949949026 -0.011496299877762794
v -0.053528498858213425 -0.0020000000949949026 0.0310101006180048
v -0.05209609866142273 -0.0020000000949949026 0.025113699957728386
v -0.054489798843860626 -0.0020000000949949026 0.027556199580430984
v -0.05113470181822777 -0.0020000000949949026 0.02856759913265705
v -0.055588498711586 -0.0020000000949949026 0.02421420067548752
v 0.055139098316431046 -0.0020000000949949026 -0.02484709955751896
v 0.05023989826440811 -0.0020000000949949026 -0.027904700487852097
v 0.05189770087599754 -0.0020000000949949026 -0.02444019913673401
v 0.05348129943013191 -0.0020000000949949026 -0.02831150032579899
v 0.05193699896335602 -0.0020000000949949026 -0.03116310015320778
v 0.03322559967637062 -0.0020000000949949026 -0.04605099931359291
v 0.03666890040040016 -0.0020000000949949026 -0.047720201313495636
v 0.034112799912691116 -0.0020000000949949026 -0.049973201006650925
v 0.03922880068421364 -0.0020000000949949026 -0.04328859969973564
v 0.04229250177741051 -0.0020000000949949026 -0.04427359998226166
v 0.03967060148715973 -0.0020000000949949026 -0.046339001506567
v 0.03622720018029213 -0.0020000000949949026 -0.044669799506664276
v -0.01774659939110279 -0.0020000000949949026 0.05328759923577309
v -0.016980500891804695 -0.0020000000949949026 0.05692730098962784
v -0.02034730091691017 -0.0020000000949949026 0.05603089928627014
v -0.02463570050895214 -0.0020000000949949026 0.051412999629974365
v -0.02695849910378456 -0.0020000000949949026 0.05419149994850159
v -0.023791799321770668 -0.0020000000949949026 0.05509360134601593
v -0.021191099658608437 -0.0020000000949949026 0.052350301295518875
v 0.023599600419402122 -0.0020000000949949026 0.054239001125097275
v 0.028255099430680275 -0.0020000000949949026 0.05041839927434921
v 0.025927400216460228 -0.0020000000949949026 0.052328698337078094
v 0.028594400733709335 -0.0020000000949949026 0.05381210148334503
v 0.02626659907400608 -0.0020000000949949026 0.055722400546073914
v 0.023131899535655975 -0.0020000000949949026 0.057013899087905884
v 0.0313510000705719 -0.0020000000949949026 0.05192140117287636
v -0.02786559984087944 -0.0020000000949949026 -0.04722049832344055
v -0.02850390039384365 -0.0020000000949949026 -0.05159899964928627
v -0.03046170063316822 -0.0020000000949949026 -0.04906259849667549
v -0.03110009990632534 -0.0020000000949949026 -0.05344099923968315
v -0.022109799087047577 -0.0020000000949949026 -0.05223289877176285
v -0.02562600001692772 -0.0020000000949949026 -0.05410519987344742
v -0.02498769946396351 -0.0020000000949949026 -0.0497266985476017
v -0.022301899269223213 -0.0020000000949949026 -0.05579249933362007
v -0.0610072985291481 -0.0020000000949949026 0.00645946990698576
v -0.057579901069402695 -0.0020000000949949026 0.00731441006064415
v -0.05132190138101578 -0.0020000000949949026 0.005808690097182989
v -0.053867701441049576 -0.0020000000949949026 0.008545439690351486
v -0.055034101009368896 -0.0020000000949949026 0.004577660001814365
v -0.049286000430583954 -0.0020000000949949026 0.012996500357985497
v -0.051811300218105316 -0.0020000000949949026 0.01564040035009384
v -0.052849799394607544 -0.0020000000949949026 0.012139299884438515
v -0.050303999334573746 -0.0020000000949949026 0.009402579627931118
v -0.047065798193216324 -0.0020000000949949026 0.019978299736976624
v -0.053216300904750824 -0.0020000000949949026 0.021699000149965286
v -0.05070120096206665 -0.0020000000949949026 0.01913129910826683
v -0.049580998718738556 -0.0020000000949949026 0.02254600077867508
v -0.04817590117454529 -0.0020000000949949026 0.016487399116158485
v -0.04422200098633766 -0.0020000000949949026 0.0076941498555243015
v -0.04213640093803406 -0.0020000000949949026 0.014717400074005127
v -0.04317919909954071 -0.0020000000949949026 0.011205799877643585
v -0.045711200684309006 -0.0020000000949949026 0.013856899924576283
v -0.04675399884581566 -0.0020000000949949026 0.01034529972821474
v -0.04777200147509575 -0.0020000000949949026 0.006751419976353645
v -0.04460110142827034 -0.0020000000949949026 0.017347799614071846
v -0.045036401599645615 -0.0020000000949949026 0.02708449959754944
v -0.04605109989643097 -0.0020000000949949026 0.02353139966726303
v -0.04856619983911514 -0.0020000000949949026 0.026099100708961487
v -0.04004950076341629 -0.0020000000949949026 0.02175150066614151
v -0.04254290089011192 -0.0020000000949949026 0.024418000131845474
v -0.04355759918689728 -0.0020000000949949026 0.020864900201559067
v -0.041092898696660995 -0.0020000000949949026 0.018234500661492348
v -0.037098098546266556 -0.0020000000949949026 0.00942343007773161
v -0.04066009819507599 -0.0020000000949949026 0.008558790199458599
v -0.039617300033569336 -0.0020000000949949026 0.012070399709045887
v -0.03503689914941788 -0.0020000000949949026 0.01645440049469471
v -0.03858660161495209 -0.0020000000949949026 0.015585900284349918
v -0.037543199956417084 -0.0020000000949949026 0.019102999940514565
v -0.036067500710487366 -0.0020000000949949026 0.012938899919390678
v -0.04620150104165077 -0.0020000000949949026 0.000633532996289432
v -0.03916100040078163 -0.0020000000949949026 0.0023941099643707275
v -0.04268129914999008 -0.0020000000949949026 0.001513820025138557
v -0.04169150069355965 -0.0020000000949949026 0.005044130142778158
v -0.0452117994427681 -0.0020000000949949026 0.004163839854300022
v -0.03812960162758827 -0.0020000000949949026 0.0059087700210511684
v -0.048761699348688126 -0.0020000000949949026 0.003221109975129366
v -0.032042499631643295 -0.0020000000949949026 0.004124159924685955
v -0.03560170158743858 -0.0020000000949949026 0.0032591400668025017
v -0.034570299088954926 -0.0020000000949949026 0.006773800123482943
v -0.029982300475239754 -0.0020000000949949026 0.011155599728226662
v -0.03354020044207573 -0.0020000000949949026 0.010289499536156654
v -0.03250959888100624 -0.0020000000949949026 0.013805000111460686
v -0.03101239912211895 -0.0020000000949949026 0.007639859803020954
v -0.03297159820795059 -0.0020000000949949026 0.023486100137233734
v -0.027921199798583984 -0.0020000000949949026 0.018186699599027634
v -0.034004200249910355 -0.0020000000949949026 0.019970299676060677
v -0.03147900104522705 -0.0020000000949949026 0.017320599406957626
v -0.030446400865912437 -0.0020000000949949026 0.020836399868130684
v -0.03651050105690956 -0.0020000000949949026 0.022618800401687622
v -0.028951700776815414 -0.0020000000949949026 0.014671199955046177
v -0.024923399090766907 -0.0020000000949949026 0.005855480208992958
v -0.028482899069786072 -0.0020000000949949026 0.0049898200668394566
v -0.027452800422906876 -0.0020000000949949026 0.008505520410835743
v -0.022863000631332397 -0.0020000000949949026 0.01288679987192154
v -0.026422599330544472 -0.0020000000949949026 0.0120211998000741
v -0.02539210021495819 -0.0020000000949949026 0.015536800026893616
v -0.023893199861049652 -0.0020000000949949026 0.00937115028500557
v -0.034102100878953934 -0.0020000000949949026 -0.0029057099018245935
v -0.036631498485803604 -0.0020000000949949026 -0.00025579900830052793
v -0.033072300255298615 -0.0020000000949949026 0.0006092240219004452
v -0.026984000578522682 -0.0020000000949949026 -0.0011758400360122323
v -0.030542999505996704 -0.0020000000949949026 -0.0020407799165695906
v -0.029513200744986534 -0.0020000000949949026 0.0014741600025445223
v -0.02595370076596737 -0.0020000000949949026 0.00233981991186738
v -0.01780400052666664 -0.0020000000949949026 0.007586690131574869
v -0.02033350057899952 -0.0020000000949949026 0.010236799716949463
v -0.021363699808716774 -0.0020000000949949026 0.00672109005972743
v -0.01986449956893921 -0.0020000000949949026 0.0005553669761866331
v -0.018834300339221954 -0.0020000000949949026 0.004071029834449291
v -0.022393999621272087 -0.0020000000949949026 0.003205419983714819
v -0.0234242994338274 -0.0020000000949949026 -0.0003102380142081529
v -0.015743400901556015 -0.0020000000949949026 0.014618000015616417
v -0.020802300423383713 -0.0020000000949949026 0.019918100908398628
v -0.019303200766444206 -0.0020000000949949026 0.013752399943768978
v -0.018272899091243744 -0.0020000000949949026 0.017268100753426552
v -0.021832700818777084 -0.0020000000949949026 0.01640249975025654
v -0.016773700714111328 -0.0020000000949949026 0.011102399788796902
v -0.024361800402402878 -0.0020000000949949026 0.019052399322390556
v -0.010684399865567684 -0.0020000000949949026 0.009317879565060139
v -0.014244199730455875 -0.0020000000949949026 0.00845228973776102
v -0.013213899917900562 -0.0020000000949949026 0.01196799986064434
v -0.012745000422000885 -0.0020000000949949026 0.0022865498904138803
v -0.011714699678122997 -0.0020000000949949026 0.005802220199257135
v -0.015274499543011189 -0.0020000000949949026 0.004936620127409697
v -0.016304800286889076 -0.0020000000949949026 0.0014209599466994405
v -0.021925099194049835 -0.0020000000949949026 -0.006475959904491901
v -0.024454500526189804 -0.0020000000949949026 -0.003825899912044406
v -0.020894799381494522 -0.0020000000949949026 -0.0029603000730276108
v -0.014805500395596027 -0.0020000000949949026 -0.0047447700053453445
v -0.01733499951660633 -0.0020000000949949026 -0.002094700001180172
v -0.013775300234556198 -0.0020000000949949026 -0.001229110057465732
v -0.018365299329161644 -0.0020000000949949026 -0.005610370077192783
v -0.0076859500259160995 -0.0020000000949949026 -0.003013589885085821
v -0.011245699599385262 -0.0020000000949949026 -0.003879179945215583
v -0.010215500369668007 -0.0020000000949949026 -0.0003635199973359704
v -0.005625400226563215 -0.0020000000949949026 0.00401772977784276
v -0.006655669771134853 -0.0020000000949949026 0.0005020700045861304
v -0.009185190312564373 -0.0020000000949949026 0.003152139950543642
v -0.008154920302331448 -0.0020000000949949026 0.006667810026556253
v -0.0035648499615490437 -0.0020000000949949026 0.011049100197851658
v -0.008623889647424221 -0.0020000000949949026 0.016349200159311295
v -0.006094370037317276 -0.0020000000949949026 0.013699100352823734
v -0.009654159657657146 -0.0020000000949949026 0.012833500280976295
v -0.007124640047550201 -0.0020000000949949026 0.010183500126004219
v -0.00459513021633029 -0.0020000000949949026 0.0075333998538553715
v -0.012183699756860733 -0.0020000000949949026 0.015483600087463856
v -0.0005663670017383993 -0.0020000000949949026 -0.0012824200093746185
v 0.0014941799454391003 -0.0020000000949949026 0.0057489098981022835
v -0.0030958799179643393 -0.0020000000949949026 0.0013676600065082312
v 0.0004639060061890632 -0.0020000000949949026 0.002233250066637993
v -0.002065609907731414 -0.0020000000949949026 0.0048833200708031654
v -0.004126159939914942 -0.0020000000949949026 -0.002148000057786703
v -0.0010353400139138103 -0.0020000000949949026 0.008398990146815777
v -0.0026269101072102785 -0.0020000000949949026 -0.0083137396723032
v -0.0015966399805620313 -0.0020000000949949026 -0.004798079840838909
v -0.005156429950147867 -0.0020000000949949026 -0.0056636701337993145
v -0.00974649004638195 -0.0020000000949949026 -0.010044899769127369
v -0.006186699960380793 -0.0020000000949949026 -0.009179330430924892
v -0.008716220036149025 -0.0020000000949949026 -0.0065292599610984325
v -0.01227600034326315 -0.0020000000949949026 -0.007394849788397551
v 0.006553209852427244 -0.0020000000949949026 0.00044876401079818606
v 0.00299341999925673 -0.0020000000949949026 -0.0004168259911239147
v 0.004023700021207333 -0.0020000000949949026 0.003098839893937111
v 0.004492669831961393 -0.0020000000949949026 -0.006582560017704964
v 0.0009328770102001727 -0.0020000000949949026 -0.007448149845004082
v 0.0019631499890238047 -0.0020000000949949026 -0.003932490013539791
v 0.005522939842194319 -0.0020000000949949026 -0.0030668999534100294
v 0.003554729977622628 -0.0020000000949949026 0.012780199758708477
v -5.064759989181766e-06 -0.0020000000949949026 0.011914700269699097
v 0.0025244499556720257 -0.0020000000949949026 0.009264579974114895
v 0.008613759651780128 -0.0020000000949949026 0.007480090018361807
v 0.005053970031440258 -0.0020000000949949026 0.006614500191062689
v 0.0060842400416731834 -0.0020000000949949026 0.0101301996037364
v 0.00758349010720849 -0.0020000000949949026 0.003964430186897516
v 0.013672799803316593 -0.0020000000949949026 0.0021799399983137846
v 0.010112999938428402 -0.0020000000949949026 0.0013143500545993447
v 0.011143299750983715 -0.0020000000949949026 0.004830020014196634
v 0.01161229982972145 -0.0020000000949949026 -0.004851390141993761
v 0.008052459917962551 -0.0020000000949949026 -0.005716979969292879
v 0.009082729928195477 -0.0020000000949949026 -0.0022013098932802677
v 0.01264249999076128 -0.0020000000949949026 -0.0013357199495658278
v 0.002432120032608509 -0.0020000000949949026 -0.013613900169730186
v -9.739580127643421e-05 -0.0020000000949949026 -0.010963800363242626
v 0.0034624000545591116 -0.0020000000949949026 -0.010098200291395187
v 0.009551700204610825 -0.0020000000949949026 -0.011882700026035309
v 0.005991910118609667 -0.0020000000949949026 -0.012748300097882748
v 0.007022189907729626 -0.0020000000949949026 -0.009232640266418457
v 0.010582000017166138 -0.0020000000949949026 -0.008367050439119339
v 0.015733299776911736 -0.0020000000949949026 0.00921127013862133
v 0.012173599563539028 -0.0020000000949949026 0.008345680311322212
v 0.014703099615871906 -0.0020000000949949026 0.005695609841495752
v 0.01067429967224598 -0.0020000000949949026 0.014511399902403355
v 0.009644029662013054 -0.0020000000949949026 0.01099579967558384
v 0.013203799724578857 -0.0020000000949949026 0.011861300095915794
v 0.007114519830793142 -0.0020000000949949026 0.013645799830555916
v 0.02079240046441555 -0.0020000000949949026 0.003911119885742664
v 0.018731800839304924 -0.0020000000949949026 -0.0031202100217342377
v 0.01723260059952736 -0.0020000000949949026 0.0030455300584435463
v 0.016202300786972046 -0.0020000000949949026 -0.000470133003545925
v 0.019762100651860237 -0.0020000000949949026 0.00039545699837617576
v 0.018262900412082672 -0.0020000000949949026 0.006561200134456158
v 0.015172000043094158 -0.0020000000949949026 -0.003985799849033356
v 0.022852899506688118 -0.0020000000949949026 0.010942400433123112
v 0.021822700276970863 -0.0020000000949949026 0.007426780182868242
v 0.019293099641799927 -0.0020000000949949026 0.010076900012791157
v 0.017793899402022362 -0.0020000000949949026 0.016242599114775658
v 0.01676359958946705 -0.0020000000949949026 0.012726900167763233
v 0.02032339945435524 -0.0020000000949949026 0.013592500239610672
v 0.01423409953713417 -0.0020000000949949026 0.015376999974250793
v 0.01273490022867918 -0.0020000000949949026 0.02154270000755787
v 0.011704600416123867 -0.0020000000949949026 0.01802710071206093
v 0.015264400281012058 -0.0020000000949949026 0.018892699852585793
v 0.005615270230919123 -0.0020000000949949026 0.01981160044670105
v 0.00917506031692028 -0.0020000000949949026 0.020677199587225914
v 0.008144790306687355 -0.0020000000949949026 0.017161499708890915
v 0.004585000220686197 -0.0020000000949949026 0.01629590056836605
v 0.027912000194191933 -0.0020000000949949026 0.005642300006002188
v 0.025851400569081306 -0.0020000000949949026 -0.001389030017890036
v 0.02435220032930374 -0.0020000000949949026 0.00477671017870307
v 0.02332190051674843 -0.0020000000949949026 0.0012610499979928136
v 0.02688170038163662 -0.0020000000949949026 0.0021266399417072535
v 0.022291600704193115 -0.0020000000949949026 -0.002254619961604476
v 0.025382399559020996 -0.0020000000949949026 0.008292369544506073
v 0.024913499131798744 -0.0020000000949949026 0.017973799258470535
v 0.01985440030694008 -0.0020000000949949026 0.023273900151252747
v 0.022383999079465866 -0.0020000000949949026 0.02062389999628067
v 0.018824199214577675 -0.0020000000949949026 0.019758300855755806
v 0.021353699266910553 -0.0020000000949949026 0.01710820011794567
v 0.016294600442051888 -0.0020000000949949026 0.022408299148082733
v 0.02388319931924343 -0.0020000000949949026 0.01445810031145811
v 0.014795400202274323 -0.0020000000949949026 0.028574099764227867
v 0.0173249002546072 -0.0020000000949949026 0.02592400088906288
v 0.01376510038971901 -0.0020000000949949026 0.025058399885892868
v 0.007675820030272007 -0.0020000000949949026 0.02684289962053299
v 0.006645539775490761 -0.0020000000949949026 0.02332719974219799
v 0.010205299593508244 -0.0020000000949949026 0.024192800745368004
v 0.011235600337386131 -0.0020000000949949026 0.027708500623703003
v 0.02697400003671646 -0.0020000000949949026 0.025005100294947624
v 0.021914999932050705 -0.0020000000949949026 0.030305299907922745
v 0.02341420017182827 -0.0020000000949949026 0.02413949929177761
v 0.024444499984383583 -0.0020000000949949026 0.02765519917011261
v 0.020884700119495392 -0.0020000000949949026 0.026789600029587746
v 0.018355200067162514 -0.0020000000949949026 0.02943970076739788
v 0.025943700224161148 -0.0020000000949949026 0.021489400416612625
v 0.01685589924454689 -0.0020000000949949026 0.035605400800704956
v 0.019385499879717827 -0.0020000000949949026 0.03295530006289482
v 0.015825700014829636 -0.0020000000949949026 0.03208969905972481
v 0.009736360050737858 -0.0020000000949949026 0.03387419879436493
v 0.012265900149941444 -0.0020000000949949026 0.031224200502038002
v 0.013296199962496758 -0.0020000000949949026 0.03473979979753494
v 0.008706090040504932 -0.0020000000949949026 0.03035859949886799
v 0.0005562360165640712 -0.0020000000949949026 0.025111699476838112
v 0.004116029944270849 -0.0020000000949949026 0.025977300480008125
v 0.0030857499223202467 -0.0020000000949949026 0.022461600601673126
v 0.002616780111566186 -0.0020000000949949026 0.0321430005133152
v 0.0061765699647367 -0.0020000000949949026 0.033008601516485214
v 0.005146299954503775 -0.0020000000949949026 0.029493000358343124
v 0.0015865099849179387 -0.0020000000949949026 0.02862739935517311
v 0.016671299934387207 -0.0020000000949949026 -0.010151499882340431
v 0.02379089966416359 -0.0020000000949949026 -0.008420360274612904
v 0.01770159974694252 -0.0020000000949949026 -0.006635869853198528
v 0.020231099799275398 -0.0020000000949949026 -0.009285950101912022
v 0.021261300891637802 -0.0020000000949949026 -0.00577028002589941
v 0.024821100756525993 -0.0020000000949949026 -0.004904690198600292
v 0.014141799882054329 -0.0020000000949949026 -0.007501460146158934
v 0.03297099843621254 -0.0020000000949949026 0.00034214998595416546
v 0.03044150024652481 -0.0020000000949949026 0.002992219990119338
v 0.029411200433969498 -0.0020000000949949026 -0.0005234390264376998
v 0.030910400673747063 -0.0020000000949949026 -0.00668918015435338
v 0.028380900621414185 -0.0020000000949949026 -0.004039099905639887
v 0.03194069862365723 -0.0020000000949949026 -0.003173510078340769
v 0.02735069952905178 -0.0020000000949949026 -0.007554769981652498
v 0.021730300039052963 -0.0020000000949949026 -0.015451700426638126
v 0.028849899768829346 -0.0020000000949949026 -0.013720500282943249
v 0.022760599851608276 -0.0020000000949949026 -0.011935999616980553
v 0.025290099903941154 -0.0020000000949949026 -0.014586100354790688
v 0.026320399716496468 -0.0020000000949949026 -0.011070399545133114
v 0.02988019958138466 -0.0020000000949949026 -0.01020480040460825
v 0.019200799986720085 -0.0020000000949949026 -0.012801599688827991
v 0.0299724992364645 -0.0020000000949949026 0.012673599645495415
v 0.02641269937157631 -0.0020000000949949026 0.011807999573647976
v 0.027442999184131622 -0.0020000000949949026 0.01532370038330555
v 0.032033100724220276 -0.0020000000949949026 0.019704999402165413
v 0.028473300859332085 -0.0020000000949949026 0.01883940026164055
v 0.031002800911664963 -0.0020000000949949026 0.016189299523830414
v 0.02950350008904934 -0.0020000000949949026 0.02235499955713749
v 0.038029998540878296 -0.0020000000949949026 -0.004958000034093857
v 0.03596759960055351 -0.0020000000949949026 -0.011988800019025803
v 0.034470200538635254 -0.0020000000949949026 -0.005823589861392975
v 0.03343899920582771 -0.0020000000949949026 -0.009338979609310627
v 0.03699880093336105 -0.0020000000949949026 -0.008473389782011509
v 0.03550050035119057 -0.0020000000949949026 -0.002307920018211007
v 0.03240879997611046 -0.0020000000949949026 -0.012854600325226784
v 0.0339088998734951 -0.0020000000949949026 -0.019020700827240944
v 0.03137940168380737 -0.0020000000949949026 -0.01637060008943081
v 0.03493829816579819 -0.0020000000949949026 -0.015504700131714344
v 0.026789400726556778 -0.0020000000949949026 -0.020751800388097763
v 0.03034910000860691 -0.0020000000949949026 -0.01988619938492775
v 0.027819599956274033 -0.0020000000949949026 -0.017236199229955673
v 0.02425980009138584 -0.0020000000949949026 -0.018101800233125687
v 0.01461070030927658 -0.0020000000949949026 -0.01718289963901043
v 0.018170500174164772 -0.0020000000949949026 -0.016317300498485565
v 0.015641000121831894 -0.0020000000949949026 -0.01366719976067543
v 0.019669799134135246 -0.0020000000949949026 -0.02248300053179264
v 0.02070000022649765 -0.0020000000949949026 -0.01896730065345764
v 0.023229600861668587 -0.0020000000949949026 -0.021617399528622627
v 0.017140299081802368 -0.0020000000949949026 -0.019832899793982506
v 0.035031501203775406 -0.0020000000949949026 0.007373480126261711
v 0.04009059816598892 -0.0020000000949949026 0.002073330106213689
v 0.03400129824876785 -0.0020000000949949026 0.0038578100502490997
v 0.03653080016374588 -0.0020000000949949026 0.0012077400460839272
v 0.03756109997630119 -0.0020000000949949026 0.004723399877548218
v 0.03906029835343361 -0.0020000000949949026 -0.0014423399697989225
v 0.031471800059080124 -0.0020000000949949026 0.006507889833301306
v 0.024728799238801003 -0.0020000000949949026 -0.02778320014476776
v 0.031848400831222534 -0.0020000000949949026 -0.026052000001072884
v 0.025759100914001465 -0.0020000000949949026 -0.024267500266432762
v 0.028288599103689194 -0.0020000000949949026 -0.026917599141597748
v 0.029318900778889656 -0.0020000000949949026 -0.02340189926326275
v 0.03287870064377785 -0.0020000000949949026 -0.022536300122737885
v 0.022199299186468124 -0.0020000000949949026 -0.025133099406957626
v 0.01760919950902462 -0.0020000000949949026 -0.02951429970562458
v 0.02116899937391281 -0.0020000000949949026 -0.028648799285292625
v 0.018639499321579933 -0.0020000000949949026 -0.02599870041012764
v 0.012550200335681438 -0.0020000000949949026 -0.02421420067548752
v 0.015079700388014317 -0.0020000000949949026 -0.026864299550652504
v 0.016109999269247055 -0.0020000000949949026 -0.023348599672317505
v 0.013580500148236752 -0.0020000000949949026 -0.02069850079715252
v 0.011803500354290009 -0.0020000000949949026 0.040882501751184464
v 0.004677330143749714 -0.0020000000949949026 0.0391744002699852
v 0.010769899934530258 -0.0020000000949949026 0.037378400564193726
v 0.00824039988219738 -0.0020000000949949026 0.0400284007191658
v 0.007206850219517946 -0.0020000000949949026 0.036524299532175064
v 0.01432969979941845 -0.0020000000949949026 0.03824400156736374
v 0.003647059900686145 -0.0020000000949949026 0.03565869852900505
v -0.004502799827605486 -0.0020000000949949026 0.030411899089813232
v -0.0009430089849047363 -0.0020000000949949026 0.031277500092983246
v -0.0019732799846678972 -0.0020000000949949026 0.027761800214648247
v -0.0024422500282526016 -0.0020000000949949026 0.03744319826364517
v 0.0011175400577485561 -0.0020000000949949026 0.038308799266815186
v 8.726419764570892e-05 -0.0020000000949949026 0.034793101251125336
v -0.003472530050203204 -0.0020000000949949026 0.03392750024795532
v 0.029783999547362328 -0.0020000000949949026 -0.03307449817657471
v 0.027256399393081665 -0.0020000000949949026 -0.030428800731897354
v 0.030816199257969856 -0.0020000000949949026 -0.0295633003115654
v 0.022658400237560272 -0.0020000000949949026 -0.034794799983501434
v 0.023693600669503212 -0.0020000000949949026 -0.0312890000641346
v 0.026221200823783875 -0.0020000000949949026 -0.03393470123410225
v 0.02013380080461502 -0.0020000000949949026 -0.03215460106730461
v 0.015548699535429478 -0.0020000000949949026 -0.03654570132493973
v 0.010489599779248238 -0.0020000000949949026 -0.031245499849319458
v 0.016579000279307365 -0.0020000000949949026 -0.03302999958395958
v 0.014049399644136429 -0.0020000000949949026 -0.030379900708794594
v 0.013019200414419174 -0.0020000000949949026 -0.03389560058712959
v 0.019103599712252617 -0.0020000000949949026 -0.0356701985001564
v 0.01151989959180355 -0.0020000000949949026 -0.027729900553822517
v 0.029034599661827087 -0.0020000000949949026 0.03203640133142471
v 0.028004299849271774 -0.0020000000949949026 0.028520800173282623
v 0.025474799796938896 -0.0020000000949949026 0.0311708003282547
v 0.034093599766492844 -0.0020000000949949026 0.026736300438642502
v 0.030533799901604652 -0.0020000000949949026 0.02587069943547249
v 0.03306329995393753 -0.0020000000949949026 0.023220600560307503
v 0.031564101576805115 -0.0020000000949949026 0.029386399313807487
v 0.0391525998711586 -0.0020000000949949026 0.02143610082566738
v 0.03559279814362526 -0.0020000000949949026 0.020570499822497368
v 0.03662310168147087 -0.0020000000949949026 0.024086199700832367
v 0.037090301513671875 -0.0020000000949949026 0.014403100125491619
v 0.03812149912118912 -0.0020000000949949026 0.017919600009918213
v 0.034561701118946075 -0.0020000000949949026 0.01705400086939335
v 0.03353140130639076 -0.0020000000949949026 0.013538399711251259
v 0.04308909922838211 -0.0020000000949949026 -0.010258099995553493
v 0.04514959827065468 -0.0020000000949949026 -0.0032268199138343334
v 0.04055950045585632 -0.0020000000949949026 -0.007608070038259029
v 0.044119298458099365 -0.0020000000949949026 -0.006742480210959911
v 0.041589800268411636 -0.0020000000949949026 -0.004092410206794739
v 0.03952829912304878 -0.0020000000949949026 -0.01112349983304739
v 0.04262010008096695 -0.0020000000949949026 -0.0005767460097558796
v 0.04215110093355179 -0.0020000000949949026 0.009104659780859947
v 0.0472102016210556 -0.0020000000949949026 0.0038045099936425686
v 0.041120901703834534 -0.0020000000949949026 0.005588990170508623
v 0.04365039989352226 -0.0020000000949949026 0.002938919933512807
v 0.04468059912323952 -0.0020000000949949026 0.006454579997807741
v 0.04617990180850029 -0.0020000000949949026 0.0002888430026359856
v 0.03859129920601845 -0.0020000000949949026 0.00823906995356083
v 0.03896800056099892 -0.0020000000949949026 -0.024320799857378006
v 0.04101739823818207 -0.0020000000949949026 -0.01728620007634163
v 0.03643849864602089 -0.0020000000949949026 -0.02167069911956787
v 0.03999270126223564 -0.0020000000949949026 -0.020803499966859818
v 0.037463199347257614 -0.0020000000949949026 -0.018153399229049683
v 0.03849250078201294 -0.0020000000949949026 -0.014637500047683716
v 0.035408198833465576 -0.0020000000949949026 -0.02518640086054802
v 0.01893560029566288 -0.0020000000949949026 0.04258380085229874
v 0.015369500033557415 -0.0020000000949949026 0.04173310101032257
v 0.01789579913020134 -0.0020000000949949026 0.039094600826501846
v 0.023985300213098526 -0.0020000000949949026 0.03731419891119003
v 0.020420599728822708 -0.0020000000949949026 0.036459799855947495
v 0.022950200363993645 -0.0020000000949949026 0.03380969911813736
v 0.02146040089428425 -0.0020000000949949026 0.039948999881744385
v 0.006737870164215565 -0.0020000000949949026 0.04620569944381714
v 0.009270680136978626 -0.0020000000949949026 0.04354409873485565
v 0.005707600153982639 -0.0020000000949949026 0.04269000142812729
v -0.00038170701009221375 -0.0020000000949949026 0.04447450116276741
v 0.0021478100679814816 -0.0020000000949949026 0.041824400424957275
v 0.003178080078214407 -0.0020000000949949026 0.045340098440647125
v -0.0014119800180196762 -0.0020000000949949026 0.04095890000462532
v -0.007501290179789066 -0.0020000000949949026 0.04274329915642738
v -0.004971770104020834 -0.0020000000949949026 0.04009329900145531
v -0.0039415000937879086 -0.0020000000949949026 0.0436089001595974
v -0.009561840444803238 -0.0020000000949949026 0.035711999982595444
v -0.008531560190021992 -0.0020000000949949026 0.03922770172357559
v -0.006002040114253759 -0.0020000000949949026 0.03657760098576546
v -0.007032319903373718 -0.0020000000949949026 0.03306189924478531
v -0.0065633500926196575 -0.0020000000949949026 0.023380499333143234
v -0.011622400023043156 -0.0020000000949949026 0.028680700808763504
v -0.005533069837838411 -0.0020000000949949026 0.026896199211478233
v -0.008062589913606644 -0.0020000000949949026 0.029546299949288368
v -0.009092859923839569 -0.0020000000949949026 0.02603060007095337
v -0.0030035600066184998 -0.0020000000949949026 0.024246100336313248
v -0.010592100210487843 -0.0020000000949949026 0.032196398824453354
v -0.016681399196386337 -0.0020000000949949026 0.033980801701545715
v -0.014151900075376034 -0.0020000000949949026 0.03133080154657364
v -0.01312160026282072 -0.0020000000949949026 0.03484639897942543
v -0.01462090015411377 -0.0020000000949949026 0.041012201458215714
v -0.012091400101780891 -0.0020000000949949026 0.03836210072040558
v -0.015651099383831024 -0.0020000000949949026 0.037496499717235565
v -0.011061100289225578 -0.0020000000949949026 0.04187779873609543
v 0.005430609919130802 -0.0020000000949949026 -0.025945400819182396
v 0.008990399539470673 -0.0020000000949949026 -0.025079799816012383
v 0.007960130460560322 -0.0020000000949949026 -0.028595399111509323
v 0.007491160184144974 -0.0020000000949949026 -0.01891399919986725
v 0.006460879929363728 -0.0020000000949949026 -0.022429699078202248
v 0.01002070028334856 -0.0020000000949949026 -0.021564099937677383
v 0.01105090044438839 -0.0020000000949949026 -0.018048500642180443
v 0.008427649736404419 -0.0020000000949949026 -0.038271401077508926
v 0.009458649903535843 -0.0020000000949949026 -0.03475850075483322
v 0.01198820024728775 -0.0020000000949949026 -0.037408601492643356
v 0.003370059886947274 -0.0020000000949949026 -0.032976701855659485
v 0.006929859984666109 -0.0020000000949949026 -0.03211110085248947
v 0.005898859817534685 -0.0020000000949949026 -0.035624101758003235
v 0.004400339908897877 -0.0020000000949949026 -0.029461000114679337
v -0.0016889700200408697 -0.0020000000949949026 -0.027676500380039215
v 0.0008405470289289951 -0.0020000000949949026 -0.0303265992552042
v 0.0018708199495449662 -0.0020000000949949026 -0.02681099995970726
v 0.0003715759958140552 -0.0020000000949949026 -0.020645199343562126
v 0.003931370098143816 -0.0020000000949949026 -0.019779600203037262
v 0.0029010900761932135 -0.0020000000949949026 -0.02329530008137226
v -0.0006586979725398123 -0.0020000000949949026 -0.024160899221897125
v 0.0013095199828967452 -0.0020000000949949026 -0.040008001029491425
v 0.0023397901095449924 -0.0020000000949949026 -0.036492399871349335
v 0.004868580028414726 -0.0020000000949949026 -0.039139699190855026
v -0.0037495200522243977 -0.0020000000949949026 -0.03470790013670921
v -0.00018972599355038255 -0.0020000000949949026 -0.0338422991335392
v -0.0012199999764561653 -0.0020000000949949026 -0.03735800087451935
v -0.002719240030273795 -0.0020000000949949026 -0.031192200258374214
v -0.006748009938746691 -0.0020000000949949026 -0.022376399487257004
v -0.004218489862978458 -0.0020000000949949026 -0.02502650022506714
v -0.0031882200855761766 -0.0020000000949949026 -0.02151080034673214
v -0.008808550424873829 -0.0020000000949949026 -0.029407700523734093
v -0.007778279948979616 -0.0020000000949949026 -0.025892099365592003
v -0.005248759873211384 -0.0020000000949949026 -0.02854209952056408
v -0.006279029883444309 -0.0020000000949949026 -0.03205779939889908
v -0.005820150021463633 -0.0020000000949949026 -0.041717298328876495
v -0.010869099758565426 -0.0020000000949949026 -0.03643909841775894
v -0.004784829914569855 -0.0020000000949949026 -0.038212601095438004
v -0.007309310138225555 -0.0020000000949949026 -0.03557350113987923
v -0.008344619534909725 -0.0020000000949949026 -0.03907819837331772
v -0.002255320083349943 -0.0020000000949949026 -0.04086270183324814
v -0.0098388297483325 -0.0020000000949949026 -0.03292340040206909
v -0.015928100794553757 -0.0020000000949949026 -0.03113890066742897
v -0.012368299998342991 -0.0020000000949949026 -0.030273299664258957
v -0.013398599810898304 -0.0020000000949949026 -0.033789001405239105
v -0.01386759988963604 -0.0020000000949949026 -0.02410759963095188
v -0.014897899702191353 -0.0020000000949949026 -0.02762320078909397
v -0.011338099837303162 -0.0020000000949949026 -0.026757700368762016
v -0.010307800024747849 -0.0020000000949949026 -0.023242000490427017
v -0.01801390014588833 -0.0020000000949949026 -0.038171298801898956
v -0.016970999538898468 -0.0020000000949949026 -0.03465510159730911
v -0.014441500417888165 -0.0020000000949949026 -0.03730519860982895
v -0.012964500114321709 -0.0020000000949949026 -0.04342909902334213
v -0.011916800402104855 -0.0020000000949949026 -0.03993409872055054
v -0.015489200130105019 -0.0020000000949949026 -0.040800198912620544
v -0.009392349980771542 -0.0020000000949949026 -0.042573198676109314
v -0.02304770052433014 -0.0020000000949949026 -0.0328700989484787
v -0.02053079940378666 -0.0020000000949949026 -0.03552069887518883
v -0.019487900659441948 -0.0020000000949949026 -0.032004501670598984
v -0.020987199619412422 -0.0020000000949949026 -0.02583879977464676
v -0.018457699567079544 -0.0020000000949949026 -0.028488799929618835
v -0.01742739975452423 -0.0020000000949949026 -0.024973200634121895
v -0.022017400711774826 -0.0020000000949949026 -0.0293543990701437
v 0.013474199920892715 -0.0020000000949949026 -0.04352239891886711
v 0.010950899682939053 -0.0020000000949949026 -0.04089689999818802
v 0.014511399902403355 -0.0020000000949949026 -0.04003399983048439
v 0.02059059962630272 -0.0020000000949949026 -0.04180869832634926
v 0.01806969940662384 -0.0020000000949949026 -0.03917720168828964
v 0.017032399773597717 -0.0020000000949949026 -0.04266560077667236
v 0.021624499931931496 -0.0020000000949949026 -0.038301799446344376
v 0.006349040195345879 -0.0020000000949949026 -0.045238200575113297
v -0.0007795050041750073 -0.0020000000949949026 -0.04695329815149307
v 0.003829279914498329 -0.0020000000949949026 -0.04262309893965721
v 0.00026500699459575117 -0.0020000000949949026 -0.04348060116171837
v 0.002784769982099533 -0.0020000000949949026 -0.046095799654722214
v -0.0032998300157487392 -0.0020000000949949026 -0.044335298240184784
v 0.007388339843600988 -0.0020000000949949026 -0.04175480082631111
v -0.011807000264525414 -0.0020000000949949026 -0.017076199874281883
v -0.018926599994301796 -0.0020000000949949026 -0.01880740001797676
v -0.015366800129413605 -0.0020000000949949026 -0.017941800877451897
v -0.016397099941968918 -0.0020000000949949026 -0.021457500755786896
v -0.012837300077080727 -0.0020000000949949026 -0.020591899752616882
v -0.009277519769966602 -0.0020000000949949026 -0.019726300612092018
v -0.01995689980685711 -0.0020000000949949026 -0.02232309989631176
v -0.028106799349188805 -0.0020000000949949026 -0.027569899335503578
v -0.025577200576663017 -0.0020000000949949026 -0.030220000073313713
v -0.024546999484300613 -0.0020000000949949026 -0.026704300194978714
v -0.02604619972407818 -0.0020000000949949026 -0.02053860016167164
v -0.0235166996717453 -0.0020000000949949026 -0.023188700899481773
v -0.02707649953663349 -0.0020000000949949026 -0.024054300040006638
v -0.022486399859189987 -0.0020000000949949026 -0.019672999158501625
v -0.03016730025410652 -0.0020000000949949026 -0.034601300954818726
v -0.02660750038921833 -0.0020000000949949026 -0.03373569995164871
v -0.02913700044155121 -0.0020000000949949026 -0.031085599213838577
v -0.025108300149440765 -0.0020000000949949026 -0.03990140184760094
v -0.027637800201773643 -0.0020000000949949026 -0.0372513011097908
v -0.024078000336885452 -0.0020000000949949026 -0.03638570010662079
v -0.021561099216341972 -0.0020000000949949026 -0.039036400616168976
v -0.03316580131649971 -0.0020000000949949026 -0.022269800305366516
v -0.02960599958896637 -0.0020000000949949026 -0.021404199302196503
v -0.030636299401521683 -0.0020000000949949026 -0.024919899180531502
v -0.03520689904689789 -0.0020000000949949026 -0.029247000813484192
v -0.03418640047311783 -0.0020000000949949026 -0.025758400559425354
v -0.03165680170059204 -0.0020000000949949026 -0.02840849943459034
v -0.032687101513147354 -0.0020000000949949026 -0.03192409873008728
v -0.031105199828743935 -0.0020000000949949026 -0.015238500200212002
v -0.028575699776411057 -0.0020000000949949026 -0.017888499423861504
v -0.0321355015039444 -0.0020000000949949026 -0.018754100427031517
v -0.02398570068180561 -0.0020000000949949026 -0.013507300056517124
v -0.025015899911522865 -0.0020000000949949026 -0.01702290028333664
v -0.027545500546693802 -0.0020000000949949026 -0.014372900128364563
v -0.021456100046634674 -0.0020000000949949026 -0.016157399863004684
v -0.038224801421165466 -0.0020000000949949026 -0.016969600692391396
v -0.034664999693632126 -0.0020000000949949026 -0.016103999689221382
v -0.03569529950618744 -0.0020000000949949026 -0.01961969956755638
v -0.04028540104627609 -0.0020000000949949026 -0.024001000449061394
v -0.03925510123372078 -0.0020000000949949026 -0.020485300570726395
v -0.03672559931874275 -0.0020000000949949026 -0.02313539944589138
v -0.03774610161781311 -0.0020000000949949026 -0.026623999699950218
v 0.05015140026807785 -0.0020000000949949026 -0.008510179817676544
v 0.0466202013194561 -0.0020000000949949026 -0.009384159930050373
v 0.047650501132011414 -0.0020000000949949026 -0.0058685000985860825
v 0.052021101117134094 -0.0020000000949949026 -0.0016787999775260687
v 0.04961559921503067 -0.0020000000949949026 0.0010628500021994114
v 0.04858529940247536 -0.0020000000949949026 -0.002452810062095523
v 0.051086198538541794 -0.0020000000949949026 -0.005094490014016628
v -0.005491239950060844 -0.0020000000949949026 0.04974370077252388
v 0.001729939947836101 -0.0020000000949949026 0.051295701414346695
v -0.002936470089480281 -0.0020000000949949026 0.047109100967645645
v 0.0006741170072928071 -0.0020000000949949026 0.04788510128855705
v -0.0018806499429047108 -0.0020000000949949026 0.05051970109343529
v 0.004233909770846367 -0.0020000000949949026 0.04875069856643677
v -0.006496259942650795 -0.0020000000949949026 0.04624349996447563
v 0.0410849004983902 -0.0020000000949949026 0.028504300862550735
v 0.03615409880876541 -0.0020000000949949026 0.03376759961247444
v 0.038619499653577805 -0.0020000000949949026 0.031136000528931618
v 0.03512389957904816 -0.0020000000949949026 0.030251899734139442
v 0.03758919984102249 -0.0020000000949949026 0.02762030065059662
v 0.04011870175600052 -0.0020000000949949026 0.024970199912786484
v 0.03259440138936043 -0.0020000000949949026 0.03290199860930443
v 0.04593859985470772 -0.0020000000949949026 0.023255199193954468
v 0.04254560172557831 -0.0020000000949949026 0.02234569936990738
v 0.04351169988512993 -0.0020000000949949026 0.025879699736833572
v 0.04420090094208717 -0.0020000000949949026 0.016125699505209923
v 0.04506969824433327 -0.0020000000949949026 0.01969039998948574
v 0.041676800698041916 -0.0020000000949949026 0.018780900165438652
v 0.040645599365234375 -0.0020000000949949026 0.015264400281012058
v -0.03616330027580261 -0.0020000000949949026 -0.009937319904565811
v -0.03363420069217682 -0.0020000000949949026 -0.012587900273501873
v -0.03719399869441986 -0.0020000000949949026 -0.013453500345349312
v -0.029044700786471367 -0.0020000000949949026 -0.008207130245864391
v -0.03007500059902668 -0.0020000000949949026 -0.011722800321877003
v -0.02651520073413849 -0.0020000000949949026 -0.010857200250029564
v -0.032604001462459564 -0.0020000000949949026 -0.009072230197489262
v -0.04534440115094185 -0.0020000000949949026 -0.018700800836086273
v -0.04178459942340851 -0.0020000000949949026 -0.01783519983291626
v -0.04281489923596382 -0.0020000000949949026 -0.02135089971125126
v -0.04328389838337898 -0.0020000000949949026 -0.011669499799609184
v -0.040754299610853195 -0.0020000000949949026 -0.014319599606096745
v -0.044314101338386536 -0.0020000000949949026 -0.015185199677944183
v -0.03972360119223595 -0.0020000000949949026 -0.010803399607539177
v -0.013682899996638298 -0.0020000000949949026 0.021649399772286415
v -0.018742000684142113 -0.0020000000949949026 0.026949500665068626
v -0.012652699835598469 -0.0020000000949949026 0.025165000930428505
v -0.015182199887931347 -0.0020000000949949026 0.02781509980559349
v -0.016212400048971176 -0.0020000000949949026 0.02429939992725849
v -0.0177117008715868 -0.0020000000949949026 0.030465200543403625
v -0.010123100131750107 -0.0020000000949949026 0.02251500077545643
v -0.021740499883890152 -0.0020000000949949026 0.03928099945187569
v -0.019210899248719215 -0.0020000000949949026 0.03663089871406555
v -0.01818070001900196 -0.0020000000949949026 0.0401466004550457
v -0.02380100078880787 -0.0020000000949949026 0.03224970027804375
v -0.020241200923919678 -0.0020000000949949026 0.0331152006983757
v -0.022770699113607407 -0.0020000000949949026 0.03576530143618584
v -0.02127150073647499 -0.0020000000949949026 0.029599599540233612
v -0.019679900258779526 -0.0020000000949949026 0.046312298625707626
v -0.02071020007133484 -0.0020000000949949026 0.042796701192855835
v -0.017150400206446648 -0.0020000000949949026 0.04366220161318779
v -0.012560299597680569 -0.0020000000949949026 0.04804350063204765
v -0.01003079954534769 -0.0020000000949949026 0.04539339989423752
v -0.013590600341558456 -0.0020000000949949026 0.044527798891067505
v -0.016120100393891335 -0.0020000000949949026 0.04717789962887764
v -0.026703299954533577 -0.0020000000949949026 0.04422289878129959
v -0.023191599175333977 -0.0020000000949949026 0.04526760056614876
v -0.02422190085053444 -0.0020000000949949026 0.04175189882516861
v -0.028860000893473625 -0.0020000000949949026 0.03754980117082596
v -0.026330500841140747 -0.0020000000949949026 0.03489970043301582
v -0.025300199165940285 -0.0020000000949949026 0.03841539844870567
v -0.027781600132584572 -0.0020000000949949026 0.040886398404836655
v -0.03092060051858425 -0.0020000000949949026 0.03051850013434887
v -0.025861499831080437 -0.0020000000949949026 0.02521830052137375
v -0.02736080065369606 -0.0020000000949949026 0.031384099274873734
v -0.028391100466251373 -0.0020000000949949026 0.027868399396538734
v -0.024831300601363182 -0.0020000000949949026 0.028734000399708748
v -0.02989030070602894 -0.0020000000949949026 0.03403409942984581
v -0.022301800549030304 -0.0020000000949949026 0.026083899661898613
v -0.03597959876060486 -0.0020000000949949026 0.03581859916448593
v -0.03345010057091713 -0.0020000000949949026 0.033168599009513855
v -0.032419800758361816 -0.0020000000949949026 0.036684200167655945
v -0.03383810073137283 -0.0020000000949949026 0.04251699894666672
v -0.034908898174762726 -0.0020000000949949026 0.039167799055576324
v -0.031349100172519684 -0.0020000000949949026 0.04003340005874634
v -0.03027069941163063 -0.0020000000949949026 0.04337000101804733
v 0.049205999821424484 -0.0020000000949949026 0.010773999616503716
v 0.04567850008606911 -0.0020000000949949026 0.009939350187778473
v 0.048208098858594894 -0.0020000000949949026 0.0072892801836133
v 0.0537744015455246 -0.0020000000949949026 0.005232039839029312
v 0.0504923015832901 -0.0020000000949949026 0.004518279805779457
v 0.05149019882082939 -0.0020000000949949026 0.008003040216863155
v 0.05289769917726517 -0.0020000000949949026 0.0017766200471669436
v 0.013896900229156017 -0.0020000000949949026 0.04779860004782677
v 0.012850199826061726 -0.0020000000949949026 0.04434049874544144
v 0.010317400097846985 -0.0020000000949949026 0.047002099454402924
v 0.009014549665153027 -0.0020000000949949026 0.05254789814352989
v 0.011455699801445007 -0.0020000000949949026 0.05017330124974251
v 0.007876209914684296 -0.0020000000949949026 0.049376800656318665
v 0.005372249986976385 -0.0020000000949949026 0.05192179977893829
v -0.037170398980379105 -0.0020000000949949026 -0.0360076017677784
v -0.036188699305057526 -0.0020000000949949026 -0.032627299427986145
v -0.03366890177130699 -0.0020000000949949026 -0.03530450165271759
v -0.03236909955739975 -0.0020000000949949026 -0.041089098900556564
v -0.034769799560308456 -0.0020000000949949026 -0.03854839876294136
v -0.031268201768398285 -0.0020000000949949026 -0.037845201790332794
v -0.028738699853420258 -0.0020000000949949026 -0.04049529880285263
v -0.020165400579571724 -0.0020000000949949026 -0.04524949938058853
v -0.02263679914176464 -0.0020000000949949026 -0.04257550090551376
v -0.019089600071310997 -0.0020000000949949026 -0.041710399091243744
v -0.024015499278903008 -0.0020000000949949026 -0.04623499885201454
v -0.026486899703741074 -0.0020000000949949026 -0.043561000376939774
v -0.030117299407720566 -0.0020000000949949026 -0.04415480047464371
v -0.042127300053834915 -0.0020000000949949026 -0.030782099813222885
v -0.04120640084147453 -0.0020000000949949026 -0.027391500771045685
v -0.03866710141301155 -0.0020000000949949026 -0.03001450002193451
v -0.047074899077415466 -0.0020000000949949026 -0.02541710063815117
v -0.04460110142827034 -0.0020000000949949026 -0.028099600225687027
v -0.0436801016330719 -0.0020000000949949026 -0.024708999320864677
v -0.04620959982275963 -0.0020000000949949026 -0.022058900445699692
v -0.0501817986369133 -0.0020000000949949026 -0.013189099729061127
v -0.04776310175657272 -0.0020000000949949026 -0.01594500057399273
v -0.05159730091691017 -0.0020000000949949026 -0.016495099291205406
v -0.0491786003112793 -0.0020000000949949026 -0.01925100013613701
v -0.04673279821872711 -0.0020000000949949026 -0.012429299764335155
v -0.050043899565935135 -0.0020000000949949026 -0.022609099745750427
v -0.041217200458049774 -0.0020000000949949026 -0.0046322401612997055
v -0.048305999487638474 -0.0020000000949949026 -0.006334050092846155
v -0.04476160183548927 -0.0020000000949949026 -0.005483150016516447
v -0.04579490050673485 -0.0020000000949949026 -0.009001770056784153
v -0.04225049912929535 -0.0020000000949949026 -0.008150859735906124
v -0.049243900924921036 -0.0020000000949949026 -0.009761580266058445
v -0.038690198212862015 -0.0020000000949949026 -0.007284780032932758
v -0.031946100294589996 -0.0020000000949949026 0.027002299204468727
v -0.029416600242257118 -0.0020000000949949026 0.02435220032930374
v -0.038040198385715485 -0.0020000000949949026 0.02878729999065399
v -0.03448040038347244 -0.0020000000949949026 0.029652899131178856
v -0.03700989857316017 -0.0020000000949949026 0.03230300173163414
v -0.03550589829683304 -0.0020000000949949026 0.026136700063943863
v -0.01686609908938408 -0.0020000000949949026 -0.011776099912822247
v -0.022955400869250298 -0.0020000000949949026 -0.009991619735956192
v -0.02042590081691742 -0.0020000000949949026 -0.012641699984669685
v -0.019395599141716957 -0.0020000000949949026 -0.009126029908657074
v -0.017896300181746483 -0.0020000000949949026 -0.015291799791157246
v -0.025484900921583176 -0.0020000000949949026 -0.007341539952903986
v -0.0015043100574985147 -0.0020000000949949026 0.018080400303006172
v -0.004033830016851425 -0.0020000000949949026 0.020730499178171158
v -0.0004740369913633913 -0.0020000000949949026 0.02159610018134117
v -0.01115339994430542 -0.0020000000949949026 0.01899930089712143
v -0.007593620102852583 -0.0020000000949949026 0.019864900037646294
v -0.005064100027084351 -0.0020000000949949026 0.01721479929983616
v 0.048081301152706146 -0.0020000000949949026 -0.015538699924945831
v 0.04558520019054413 -0.0020000000949949026 -0.01289840042591095
v 0.04911629855632782 -0.0020000000949949026 -0.01202439982444048
v 0.04205320030450821 -0.0020000000949949026 -0.013772199861705303
v 0.04454930126667023 -0.0020000000949949026 -0.01641250029206276
v 0.026509899646043777 -0.0020000000949949026 0.03467530012130737
v 0.031095100566744804 -0.0020000000949949026 0.03906780108809471
v 0.02754019945859909 -0.0020000000949949026 0.03819100186228752
v 0.03006480075418949 -0.0020000000949949026 0.03555209934711456
v 0.03362460061907768 -0.0020000000949949026 0.036417700350284576
v 0.004961640108376741 -0.0020000000949949026 -0.01626400090754032
v 0.0014018500223755836 -0.0020000000949949026 -0.017129600048065186
v -0.0046874601393938065 -0.0020000000949949026 -0.015345100313425064
v -0.002157940063625574 -0.0020000000949949026 -0.01799510046839714
v -0.0011276700533926487 -0.0020000000949949026 -0.014479500241577625
v -0.005717730149626732 -0.0020000000949949026 -0.018860699608922005
v 0.041961099952459335 -0.0020000000949949026 0.032068099826574326
v 0.039495799690485 -0.0020000000949949026 0.03469980135560036
v 0.037542298436164856 -0.0020000000949949026 0.037594299763441086
v 0.04088389873504639 -0.0020000000949949026 0.038526501506567
v 0.03501280024647713 -0.0020000000949949026 0.04024440050125122
v 0.0321664996445179 -0.0020000000949949026 0.04273670166730881
v 0.026094799861311913 -0.0020000000949949026 0.04423379898071289
v 0.028595000505447388 -0.0020000000949949026 0.04165079817175865
v 0.025040099397301674 -0.0020000000949949026 0.04077399894595146
v 0.029666399583220482 -0.0020000000949949026 0.04531969875097275
v -0.03965219855308533 -0.0020000000949949026 0.035031698644161224
v -0.04068249836564064 -0.0020000000949949026 0.031516000628471375
v -0.03857969865202904 -0.0020000000949949026 0.038409698754549026
v -0.037508901208639145 -0.0020000000949949026 0.04175889864563942
v 0.05720920115709305 -0.0020000000949949026 -0.0063180201686918736
v 0.052668798714876175 -0.0020000000949949026 -0.010981200262904167
v 0.056197699159383774 -0.0020000000949949026 -0.009885160252451897
v 0.05368030071258545 -0.0020000000949949026 -0.0074141002260148525
v 0.05163370072841644 -0.0020000000949949026 -0.01449550036340952
v 0.05461509898304939 -0.0020000000949949026 -0.003998409956693649
v 0.045882698148489 -0.0020000000949949026 -0.022533100098371506
v 0.0434500016272068 -0.0020000000949949026 -0.019909700378775597
v 0.04698200151324272 -0.0020000000949949026 -0.01903590001165867
v 0.04971909895539284 -0.0020000000949949026 -0.021754400804638863
v 0.05081839859485626 -0.0020000000949949026 -0.018257200717926025
v -0.02215779945254326 -0.0020000000949949026 0.048862699419260025
v -0.02566950023174286 -0.0020000000949949026 0.04781800135970116
v -0.018713200464844704 -0.0020000000949949026 0.049800001084804535
v -0.015153399668633938 -0.0020000000949949026 0.05066559836268425
v -0.011707100085914135 -0.0020000000949949026 0.051571398973464966
v -0.014300200156867504 -0.0020000000949949026 0.05419350042939186
v -0.00902577955275774 -0.0020000000949949026 0.04889360070228577
v -0.008172539994120598 -0.0020000000949949026 0.05242159962654114
v -0.03904480114579201 -0.0020000000949949026 0.02526940032839775
v -0.044180501252412796 -0.0020000000949949026 0.030664600431919098
v -0.0415383018553257 -0.0020000000949949026 0.027935899794101715
v -0.028014300391077995 -0.0020000000949949026 -0.004691489972174168
v -0.031573399901390076 -0.0020000000949949026 -0.005556419957429171
v -0.035132698714733124 -0.0020000000949949026 -0.006421519909054041
v -0.014713199809193611 -0.0020000000949949026 0.018133699893951416
v -0.019772199913859367 -0.0020000000949949026 0.023433800786733627
v -0.01724259927868843 -0.0020000000949949026 0.020783700048923492
v -0.026891399174928665 -0.0020000000949949026 0.02170250006020069
v -0.0233318991959095 -0.0020000000949949026 0.022568199783563614
v 0.04317599907517433 -0.0020000000949949026 0.012615200132131577
v 0.04670339822769165 -0.0020000000949949026 0.013449899852275848
v 0.03962070122361183 -0.0020000000949949026 0.011753899976611137
v 0.03606089949607849 -0.0020000000949949026 0.010888299904763699
v 0.055155199021101 -0.0020000000949949026 0.008974820375442505
v 0.05287100002169609 -0.0020000000949949026 0.011745800264179707
v 0.05077740177512169 -0.0020000000949949026 0.018208200111985207
v 0.04999170079827309 -0.0020000000949949026 0.014491099864244461
v 0.04748909920454025 -0.0020000000949949026 0.017167000100016594
v 0.05365670099854469 -0.0020000000949949026 0.015462899580597878
v 0.03250199928879738 -0.0020000000949949026 0.010023600421845913
v 0.028942199423909187 -0.0020000000949949026 0.009157960303127766
v -0.004245489835739136 -0.0020000000949949026 0.05372050032019615
v -0.0006349029717966914 -0.0020000000949949026 0.05449650064110756
v 0.003333359956741333 -0.0020000000949949026 0.054440099745988846
v 0.006975660100579262 -0.0020000000949949026 0.05506620183587074
v -0.05494999885559082 -0.0020000000949949026 -0.008000729605555534
v -0.051628001034259796 -0.0020000000949949026 -0.007167390082031488
v -0.05256589874625206 -0.0020000000949949026 -0.010594899766147137
v -0.053213201463222504 -0.0020000000949949026 -0.013345600105822086
v -0.055597301572561264 -0.0020000000949949026 -0.010751400142908096
v -0.05298120155930519 -0.0020000000949949026 -0.0011294600553810596
v -0.053965598344802856 -0.0020000000949949026 -0.00456508994102478
v -0.05064360052347183 -0.0020000000949949026 -0.003731749951839447
v -0.04725370183587074 -0.0020000000949949026 -0.0028502598870545626
v -0.0495912991464138 -0.0020000000949949026 -0.0002479619870427996
v -0.0437094010412693 -0.0020000000949949026 -0.001999350031837821
v -0.040189098566770554 -0.0020000000949949026 -0.0011190599761903286
v -0.037659600377082825 -0.0020000000949949026 -0.003768980037420988
v 0.01299159973859787 -0.0020000000949949026 0.05367429926991463
v 0.01543280016630888 -0.0020000000949949026 0.051299601793289185
v 0.010302100330591202 -0.0020000000949949026 0.05529649928212166
v 0.008263180032372475 -0.0020000000949949026 0.05781469866633415
v 0.016416199505329132 -0.0020000000949949026 0.0451911985874176
v 0.02117680013179779 -0.0020000000949949026 0.04898110032081604
v 0.017536800354719162 -0.0020000000949949026 0.048389799892902374
v 0.019072700291872025 -0.0020000000949949026 0.05189089849591255
v 0.02005619928240776 -0.0020000000949949026 0.04578239843249321
v -0.033771198242902756 -0.0020000000949949026 -0.043565601110458374
v -0.03583969920873642 -0.0020000000949949026 -0.04190700128674507
v -0.03151940181851387 -0.0020000000949949026 -0.04663129895925522
v -0.03824029862880707 -0.0020000000949949026 -0.03936620056629181
v -0.04045790061354637 -0.0020000000949949026 -0.03674570098519325
v -0.04152790084481239 -0.0020000000949949026 -0.040104299783706665
v -0.03964890167117119 -0.0020000000949949026 -0.03339489921927452
v -0.04293639957904816 -0.0020000000949949026 -0.03413290157914162
v -0.04013869911432266 -0.0020000000949949026 0.04458849877119064
v -0.03646789863705635 -0.0020000000949949026 0.04534659907221794
v -0.0326462984085083 -0.0020000000949949026 0.04555540159344673
v -0.029078900814056396 -0.0020000000949949026 0.04640829935669899
v -0.021137600764632225 -0.0020000000949949026 -0.04874119907617569
v -0.01508339960128069 -0.0020000000949949026 -0.05020580068230629
v -0.018596600741147995 -0.0020000000949949026 -0.05121929943561554
v -0.017624400556087494 -0.0020000000949949026 -0.04772770032286644
v -0.016564900055527687 -0.0020000000949949026 -0.04433929920196533
v -0.014023999683558941 -0.0020000000949949026 -0.04681739956140518
v -0.05002230033278465 -0.0020000000949949026 -0.02573310025036335
v -0.05299120023846626 -0.0020000000949949026 -0.022925199940800667
v -0.048341501504182816 -0.0020000000949949026 -0.028744900599122047
v -0.04586770012974739 -0.0020000000949949026 -0.031427398324012756
v 0.05794449895620346 -0.0020000000949949026 0.009633390232920647
v 0.05656370148062706 -0.0020000000949949026 0.005890610162168741
v 0.05609489977359772 -0.0020000000949949026 0.0029331299010664225
v 0.055218201130628586 -0.0020000000949949026 -0.0005222979816608131
v -0.05664660036563873 -0.0020000000949949026 -0.0057468898594379425
v -0.05566219985485077 -0.0020000000949949026 -0.002311259973794222
v -0.058388400822877884 -0.0020000000949949026 -0.008745620027184486
v -0.055863700807094574 -0.0020000000949949026 0.0011085800360888243
v -0.052151501178741455 -0.0020000000949949026 0.0023396199103444815
v 0.04143980145454407 -0.0020000000949949026 0.040866199880838394
v -0.04760489985346794 -0.0020000000949949026 0.029552999883890152
v -0.019802000373601913 -0.0020000000949949026 -0.05397120118141174
v -0.016288800165057182 -0.0020000000949949026 -0.052957698702812195
v -0.007891969755291939 -0.0020000000949949026 -0.048714298754930496
v -0.012607700191438198 -0.0020000000949949026 -0.05303860083222389
v -0.00901200994849205 -0.0020000000949949026 -0.052292801439762115
v -0.011487700045108795 -0.0020000000949949026 -0.04946009814739227
v -0.010428300127387047 -0.0020000000949949026 -0.046071700751781464
v -0.02804509922862053 -0.0020000000949949026 0.05000339820981026
v 0.030746499076485634 -0.0020000000949949026 0.04841209948062897
v 0.027174899354577065 -0.0020000000949949026 0.04732609912753105
v 0.022515200078487396 -0.0020000000949949026 0.043408799916505814
v 0.023635800927877426 -0.0020000000949949026 0.046607401221990585
v 0.024715900421142578 -0.0020000000949949026 0.049699798226356506
v 0.04487619921565056 -0.0020000000949949026 0.02968209981918335
v -0.015835799276828766 -0.0020000000949949026 -0.008260440081357956
v -0.013306300155818462 -0.0020000000949949026 -0.010910499840974808
v -0.010776800103485584 -0.0020000000949949026 -0.013560599647462368
v -0.008247249759733677 -0.0020000000949949026 -0.01621069945394993
v -0.007216980215162039 -0.0020000000949949026 -0.01269499957561493
v -0.0036571898963302374 -0.0020000000949949026 -0.011829400435090065
v -0.014336599968373775 -0.0020000000949949026 -0.014426199719309807
v -0.0025345799513161182 -0.0020000000949949026 0.014564700424671173
v 0.0010252100182697177 -0.0020000000949949026 0.015430299565196037
v 0.0020554799120873213 -0.0020000000949949026 0.018945999443531036
v 0.013111500069499016 -0.0020000000949949026 -0.01101709995418787
v 0.012081200256943703 -0.0020000000949949026 -0.014532799832522869
v 0.0085214301943779 -0.0020000000949949026 -0.015398399904370308
v -0.006856060121208429 -0.0020000000949949026 -0.045215800404548645
v -0.0029610800556838512 -0.0020000000949949026 -0.05361039936542511
v -0.00187029002700001 -0.0020000000949949026 -0.05028180032968521
v -0.004335740115493536 -0.0020000000949949026 -0.047833800315856934
v -0.005426529794931412 -0.0020000000949949026 -0.051162298768758774
v -0.006546569988131523 -0.0020000000949949026 -0.05474089831113815
v -0.007503919769078493 -0.0020000000949949026 -0.05744459852576256
v -0.003918440081179142 -0.0020000000949949026 -0.056314099580049515
v -0.0003842390142381191 -0.0020000000949949026 -0.05629200115799904
v 0.004219380207359791 -0.0020000000949949026 -0.05200599879026413
v 0.0006291500176303089 -0.0020000000949949026 -0.05280819907784462
v 0.0017199399881064892 -0.0020000000949949026 -0.04947960004210472
v 0.0032059899531304836 -0.0020000000949949026 -0.05548980087041855
v 0.005284210201352835 -0.0020000000949949026 -0.04862210154533386
v 0.011363299563527107 -0.0020000000949949026 -0.050350699573755264
v 0.0077913301065564156 -0.0020000000949949026 -0.05117829889059067
v 0.008856159634888172 -0.0020000000949949026 -0.04779449850320816
v 0.00647791987285018 -0.0020000000949949026 -0.054044801741838455
v 0.01004990004003048 -0.0020000000949949026 -0.05321719869971275
v 0.009911599569022655 -0.0020000000949949026 -0.044380299746990204
v 0.012418700382113457 -0.0020000000949949026 -0.046936601400375366
v 0.013663800433278084 -0.0020000000949949026 -0.05333130061626434
v 0.01845869980752468 -0.0020000000949949026 -0.04870929941534996
v 0.015966400504112244 -0.0020000000949949026 -0.046115800738334656
v 0.014910999685525894 -0.0020000000949949026 -0.04952999949455261
v 0.01721150055527687 -0.0020000000949949026 -0.05251060053706169
v 0.019524600356817245 -0.0020000000949949026 -0.04525899887084961
v 0.020805999636650085 -0.0020000000949949026 -0.05109570175409317
v 0.019558899104595184 -0.0020000000949949026 -0.05489709973335266
v 0.025454899296164513 -0.0020000000949949026 -0.046748898923397064
v 0.021956799551844597 -0.0020000000949949026 -0.04772910103201866
v 0.02430419996380806 -0.0020000000949949026 -0.05011549964547157
v 0.02302280068397522 -0.0020000000949949026 -0.04427880048751831
v 0.019235799089074135 -0.0020000000949949026 -0.05814259871840477
v 0.027689099311828613 -0.0020000000949949026 -0.04004229977726936
v 0.026572000235319138 -0.0020000000949949026 -0.04339560121297836
v 0.024139899760484695 -0.0020000000949949026 -0.04092549905180931
v 0.025173800066113472 -0.0020000000949949026 -0.03741849958896637
v 0.027439700439572334 -0.0020000000949949026 -0.04903550073504448
v 0.031325001269578934 -0.0020000000949949026 -0.04868660122156143
v 0.029340200126171112 -0.0020000000949949026 -0.04639989882707596
v 0.030457399785518646 -0.0020000000949949026 -0.043046701699495316
v 0.034839801490306854 -0.0020000000949949026 -0.0383526012301445
v 0.03403269872069359 -0.0020000000949949026 -0.042201798409223557
v 0.031264498829841614 -0.0020000000949949026 -0.0391974002122879
v 0.028736600652337074 -0.0020000000949949026 -0.036558400839567184
v 0.032311901450157166 -0.0020000000949949026 -0.03571360185742378
v 0.0370342992246151 -0.0020000000949949026 -0.04082059860229492
v 0.03690560162067413 -0.0020000000949949026 -0.03134550154209137
v 0.035872701555490494 -0.0020000000949949026 -0.034849099814891815
v 0.033344801515340805 -0.0020000000949949026 -0.03220999985933304
v 0.03872520104050636 -0.0020000000949949026 -0.03787190094590187
v 0.039758000522851944 -0.0020000000949949026 -0.034368399530649185
v 0.040919698774814606 -0.0020000000949949026 -0.04033989831805229
v 0.0483580008149147 -0.0020000000949949026 0.020731700584292412
v 0.05434180051088333 -0.0020000000949949026 0.019964799284934998
v 0.05133949965238571 -0.0020000000949949026 0.021541699767112732
v 0.048920098692178726 -0.0020000000949949026 0.024065200239419937
v 0.034377001225948334 -0.0020000000949949026 -0.02869880013167858
v 0.037936799228191376 -0.0020000000949949026 -0.027833199128508568
v 0.04379170015454292 -0.0020000000949949026 -0.029573099687695503
v 0.0403486005961895 -0.0020000000949949026 -0.030459299683570862
v 0.04137979820370674 -0.0020000000949949026 -0.02694699913263321
v 0.04320110008120537 -0.0020000000949949026 -0.033482201397418976
v 0.045882999897003174 -0.0020000000949949026 -0.031751301139593124
v 0.04483719915151596 -0.0020000000949949026 -0.02605310082435608
v 0.04242530092597008 -0.0020000000949949026 -0.023427000269293785
v 0.047015801072120667 -0.0020000000949949026 -0.028738899156451225
v 0.048061300069093704 -0.0020000000949949026 -0.0252189002931118
v 0.049107201397418976 -0.0020000000949949026 -0.030917000025510788
v 0.04730309918522835 -0.0020000000949949026 0.027057599276304245
v 0.05781229957938194 -0.0020000000949949026 -0.0028419101145118475
v 0.06052339822053909 -0.0020000000949949026 -0.004895470105111599
v 0.0599421001970768 -0.0020000000949949026 -0.008280220441520214
v 0.022388199344277382 -0.0020000000949949026 0.05161000043153763
v 0.020284099504351616 -0.0020000000949949026 0.05451979860663414

g grp1
usemtl mtl1
f 1 4 6 
f 4 2 5 
f 6 5 3 
f 5 6 4 
f 2 4 9 
f 4 1 8 
f 9 8 7 
f 8 9 4 
f 10 11 12 
f 11 1 6 
f 12 6 3 
f 6 12 11 
f 1 14 8 
f 14 13 15 
f 8 15 7 
f 15 8 14 
f 16 19 21 
f 19 17 20 
f 21 20 18 
f 20 21 19 
f 17 19 24 
f 19 16 23 
f 24 23 22 
f 23 24 19 
f 17 26 20 
f 26 25 27 
f 20 27 18 
f 27 20 26 
f 28 29 30 
f 29 17 24 
f 30 24 22 
f 24 30 29 
f 2 33 35 
f 33 31 34 
f 35 34 32 
f 34 35 33 
f 31 33 38 
f 33 2 37 
f 38 37 36 
f 37 38 33 
f 2 35 5 
f 35 32 39 
f 5 39 3 
f 39 5 35 
f 36 37 40 
f 37 2 9 
f 40 9 7 
f 9 40 37 
f 31 43 45 
f 43 41 44 
f 45 44 42 
f 44 45 43 
f 41 43 48 
f 43 31 47 
f 48 47 46 
f 47 48 43 
f 32 34 49 
f 34 31 45 
f 49 45 42 
f 45 49 34 
f 31 38 47 
f 38 36 50 
f 47 50 46 
f 50 47 38 
f 41 53 55 
f 53 51 54 
f 55 54 52 
f 54 55 53 
f 51 53 58 
f 53 41 57 
f 58 57 56 
f 57 58 53 
f 41 55 44 
f 55 52 59 
f 44 59 42 
f 59 44 55 
f 56 57 60 
f 57 41 48 
f 60 48 46 
f 48 60 57 
f 51 63 65 
f 63 61 64 
f 65 64 62 
f 64 65 63 
f 61 63 68 
f 63 51 67 
f 68 67 66 
f 67 68 63 
f 52 54 69 
f 54 51 65 
f 69 65 62 
f 65 69 54 
f 51 58 67 
f 58 56 70 
f 67 70 66 
f 70 67 58 
f 71 73 75 
f 73 61 74 
f 75 74 72 
f 74 75 73 
f 61 73 78 
f 73 71 77 
f 78 77 76 
f 77 78 73 
f 72 74 79 
f 74 61 68 
f 79 68 66 
f 68 79 74 
f 61 78 64 
f 78 76 80 
f 64 80 62 
f 80 64 78 
f 81 83 85 
f 83 71 84 
f 85 84 82 
f 84 85 83 
f 71 83 88 
f 83 81 87 
f 88 87 86 
f 87 88 83 
f 71 75 84 
f 75 72 89 
f 84 89 82 
f 89 84 75 
f 76 77 90 
f 77 71 88 
f 90 88 86 
f 88 90 77 
f 81 93 95 
f 93 91 94 
f 95 94 92 
f 94 95 93 
f 91 93 98 
f 93 81 97 
f 98 97 96 
f 97 98 93 
f 81 95 87 
f 95 92 99 
f 87 99 86 
f 99 87 95 
f 96 97 100 
f 97 81 85 
f 100 85 82 
f 85 100 97 
f 91 103 105 
f 103 101 104 
f 105 104 102 
f 104 105 103 
f 101 103 108 
f 103 91 107 
f 108 107 106 
f 107 108 103 
f 92 94 109 
f 94 91 105 
f 109 105 102 
f 105 109 94 
f 91 98 107 
f 98 96 110 
f 107 110 106 
f 110 107 98 
f 101 113 115 
f 113 111 114 
f 115 114 112 
f 114 115 113 
f 111 113 118 
f 113 101 117 
f 118 117 116 
f 117 118 113 
f 101 115 104 
f 115 112 119 
f 104 119 102 
f 119 104 115 
f 116 117 120 
f 117 101 108 
f 120 108 106 
f 108 120 117 
f 121 123 125 
f 123 111 124 
f 125 124 122 
f 124 125 123 
f 111 123 128 
f 123 121 127 
f 128 127 126 
f 127 128 123 
f 112 114 129 
f 114 111 128 
f 129 128 126 
f 128 129 114 
f 111 118 124 
f 118 116 130 
f 124 130 122 
f 130 124 118 
f 16 132 134 
f 132 121 133 
f 134 133 131 
f 133 134 132 
f 121 132 137 
f 132 16 136 
f 137 136 135 
f 136 137 132 
f 131 133 138 
f 133 121 125 
f 138 125 122 
f 125 138 133 
f 121 137 127 
f 137 135 139 
f 127 139 126 
f 139 127 137 
f 16 134 23 
f 134 131 140 
f 23 140 22 
f 140 23 134 
f 135 136 141 
f 136 16 21 
f 141 21 18 
f 21 141 136 
f 142 144 146 
f 144 10 145 
f 146 145 143 
f 145 146 144 
f 143 145 149 
f 145 10 148 
f 149 148 147 
f 148 149 145 
f 147 148 152 
f 148 10 151 
f 152 151 150 
f 151 152 148 
f 10 12 151 
f 12 3 153 
f 151 153 150 
f 153 151 12 
f 154 156 158 
f 156 142 157 
f 158 157 155 
f 157 158 156 
f 142 146 161 
f 146 143 160 
f 161 160 159 
f 160 161 146 
f 142 161 164 
f 161 159 163 
f 164 163 162 
f 163 164 161 
f 155 157 165 
f 157 142 164 
f 165 164 162 
f 164 165 157 
f 13 167 169 
f 167 154 168 
f 169 168 166 
f 168 169 167 
f 166 168 172 
f 168 154 171 
f 172 171 170 
f 171 172 168 
f 170 171 173 
f 171 154 158 
f 173 158 155 
f 158 173 171 
f 13 169 176 
f 169 166 175 
f 176 175 174 
f 175 176 169 
f 13 176 179 
f 176 174 178 
f 179 178 177 
f 178 179 176 
f 7 15 180 
f 15 13 179 
f 180 179 177 
f 179 180 15 
f 25 183 185 
f 183 181 184 
f 185 184 182 
f 184 185 183 
f 25 185 27 
f 185 182 186 
f 27 186 18 
f 186 27 185 
f 181 189 191 
f 189 187 190 
f 191 190 188 
f 190 191 189 
f 181 191 184 
f 191 188 192 
f 184 192 182 
f 192 184 191 
f 187 195 197 
f 195 193 196 
f 197 196 194 
f 196 197 195 
f 188 190 198 
f 190 187 197 
f 198 197 194 
f 197 198 190 
f 193 201 203 
f 201 199 202 
f 203 202 200 
f 202 203 201 
f 193 203 196 
f 203 200 204 
f 196 204 194 
f 204 196 203 
f 199 207 209 
f 207 205 208 
f 209 208 206 
f 208 209 207 
f 200 202 210 
f 202 199 209 
f 210 209 206 
f 209 210 202 
f 205 213 215 
f 213 211 214 
f 215 214 212 
f 214 215 213 
f 205 215 208 
f 215 212 216 
f 208 216 206 
f 216 208 215 
f 211 219 221 
f 219 217 220 
f 221 220 218 
f 220 221 219 
f 211 221 214 
f 221 218 222 
f 214 222 212 
f 222 214 221 
f 217 225 227 
f 225 223 226 
f 227 226 224 
f 226 227 225 
f 218 220 228 
f 220 217 227 
f 228 227 224 
f 227 228 220 
f 223 231 233 
f 231 229 232 
f 233 232 230 
f 232 233 231 
f 223 233 226 
f 233 230 234 
f 226 234 224 
f 234 226 233 
f 229 237 239 
f 237 235 238 
f 239 238 236 
f 238 239 237 
f 229 239 232 
f 239 236 240 
f 232 240 230 
f 240 232 239 
f 235 243 245 
f 243 241 244 
f 245 244 242 
f 244 245 243 
f 236 238 246 
f 238 235 245 
f 246 245 242 
f 245 246 238 
f 241 249 251 
f 249 247 250 
f 251 250 248 
f 250 251 249 
f 241 251 244 
f 251 248 252 
f 244 252 242 
f 252 244 251 
f 247 255 257 
f 255 253 256 
f 257 256 254 
f 256 257 255 
f 248 250 258 
f 250 247 257 
f 258 257 254 
f 257 258 250 
f 253 261 263 
f 261 259 262 
f 263 262 260 
f 262 263 261 
f 253 263 256 
f 263 260 264 
f 256 264 254 
f 264 256 263 
f 259 267 269 
f 267 265 268 
f 269 268 266 
f 268 269 267 
f 260 262 270 
f 262 259 269 
f 270 269 266 
f 269 270 262 
f 265 273 275 
f 273 271 274 
f 275 274 272 
f 274 275 273 
f 265 275 268 
f 275 272 276 
f 268 276 266 
f 276 268 275 
f 271 279 281 
f 279 277 280 
f 281 280 278 
f 280 281 279 
f 272 274 282 
f 274 271 281 
f 282 281 278 
f 281 282 274 
f 277 285 287 
f 285 283 286 
f 287 286 284 
f 286 287 285 
f 277 287 280 
f 287 284 288 
f 280 288 278 
f 288 280 287 
f 283 291 293 
f 291 289 292 
f 293 292 290 
f 292 293 291 
f 284 286 294 
f 286 283 293 
f 294 293 290 
f 293 294 286 
f 289 297 299 
f 297 295 298 
f 299 298 296 
f 298 299 297 
f 289 299 292 
f 299 296 300 
f 292 300 290 
f 300 292 299 
f 295 303 305 
f 303 301 304 
f 305 304 302 
f 304 305 303 
f 296 298 306 
f 298 295 305 
f 306 305 302 
f 305 306 298 
f 301 309 311 
f 309 307 310 
f 311 310 308 
f 310 311 309 
f 301 311 304 
f 311 308 312 
f 304 312 302 
f 312 304 311 
f 307 315 317 
f 315 313 316 
f 317 316 314 
f 316 317 315 
f 308 310 318 
f 310 307 317 
f 318 317 314 
f 317 318 310 
f 313 321 323 
f 321 319 322 
f 323 322 320 
f 322 323 321 
f 313 323 316 
f 323 320 324 
f 316 324 314 
f 324 316 323 
f 319 327 329 
f 327 325 328 
f 329 328 326 
f 328 329 327 
f 320 322 330 
f 322 319 329 
f 330 329 326 
f 329 330 322 
f 325 333 335 
f 333 331 334 
f 335 334 332 
f 334 335 333 
f 325 335 328 
f 335 332 336 
f 328 336 326 
f 336 328 335 
f 331 339 341 
f 339 337 340 
f 341 340 338 
f 340 341 339 
f 332 334 342 
f 334 331 341 
f 342 341 338 
f 341 342 334 
f 337 345 347 
f 345 343 346 
f 347 346 344 
f 346 347 345 
f 337 347 340 
f 347 344 348 
f 340 348 338 
f 348 340 347 
f 343 351 353 
f 351 349 352 
f 353 352 350 
f 352 353 351 
f 344 346 354 
f 346 343 353 
f 354 353 350 
f 353 354 346 
f 349 357 359 
f 357 355 358 
f 359 358 356 
f 358 359 357 
f 349 359 352 
f 359 356 360 
f 352 360 350 
f 360 352 359 
f 355 363 365 
f 363 361 364 
f 365 364 362 
f 364 365 363 
f 356 358 366 
f 358 355 365 
f 366 365 362 
f 365 366 358 
f 361 369 371 
f 369 367 370 
f 371 370 368 
f 370 371 369 
f 361 371 364 
f 371 368 372 
f 364 372 362 
f 372 364 371 
f 367 375 377 
f 375 373 376 
f 377 376 374 
f 376 377 375 
f 368 370 378 
f 370 367 377 
f 378 377 374 
f 377 378 370 
f 373 381 383 
f 381 379 382 
f 383 382 380 
f 382 383 381 
f 373 383 376 
f 383 380 384 
f 376 384 374 
f 384 376 383 
f 379 387 389 
f 387 385 388 
f 389 388 386 
f 388 389 387 
f 380 382 390 
f 382 379 389 
f 390 389 386 
f 389 390 382 
f 385 393 395 
f 393 391 394 
f 395 394 392 
f 394 395 393 
f 385 395 388 
f 395 392 396 
f 388 396 386 
f 396 388 395 
f 391 399 401 
f 399 397 400 
f 401 400 398 
f 400 401 399 
f 392 394 402 
f 394 391 401 
f 402 401 398 
f 401 402 394 
f 397 405 407 
f 405 403 406 
f 407 406 404 
f 406 407 405 
f 397 407 400 
f 407 404 408 
f 400 408 398 
f 408 400 407 
f 403 411 413 
f 411 409 412 
f 413 412 410 
f 412 413 411 
f 404 406 414 
f 406 403 413 
f 414 413 410 
f 413 414 406 
f 409 417 419 
f 417 415 418 
f 419 418 416 
f 418 419 417 
f 410 412 420 
f 412 409 419 
f 420 419 416 
f 419 420 412 
f 415 423 425 
f 423 421 424 
f 425 424 422 
f 424 425 423 
f 415 425 418 
f 425 422 426 
f 418 426 416 
f 426 418 425 
f 421 429 431 
f 429 427 430 
f 431 430 428 
f 430 431 429 
f 422 424 432 
f 424 421 431 
f 432 431 428 
f 431 432 424 
f 427 435 437 
f 435 433 436 
f 437 436 434 
f 436 437 435 
f 427 437 430 
f 437 434 438 
f 430 438 428 
f 438 430 437 
f 433 441 443 
f 441 439 442 
f 443 442 440 
f 442 443 441 
f 434 436 444 
f 436 433 443 
f 444 443 440 
f 443 444 436 
f 439 447 449 
f 447 445 448 
f 449 448 446 
f 448 449 447 
f 439 449 442 
f 449 446 450 
f 442 450 440 
f 450 442 449 
f 445 453 455 
f 453 451 454 
f 455 454 452 
f 454 455 453 
f 446 448 456 
f 448 445 455 
f 456 455 452 
f 455 456 448 
f 451 459 461 
f 459 457 460 
f 461 460 458 
f 460 461 459 
f 451 461 454 
f 461 458 462 
f 454 462 452 
f 462 454 461 
f 457 465 467 
f 465 463 466 
f 467 466 464 
f 466 467 465 
f 458 460 468 
f 460 457 467 
f 468 467 464 
f 467 468 460 
f 463 471 473 
f 471 469 472 
f 473 472 470 
f 472 473 471 
f 463 473 466 
f 473 470 474 
f 466 474 464 
f 474 466 473 
f 469 477 479 
f 477 475 478 
f 479 478 476 
f 478 479 477 
f 470 472 480 
f 472 469 479 
f 480 479 476 
f 479 480 472 
f 475 483 485 
f 483 481 484 
f 485 484 482 
f 484 485 483 
f 476 478 486 
f 478 475 485 
f 486 485 482 
f 485 486 478 
f 481 489 491 
f 489 487 490 
f 491 490 488 
f 490 491 489 
f 481 491 484 
f 491 488 492 
f 484 492 482 
f 492 484 491 
f 487 495 497 
f 495 493 496 
f 497 496 494 
f 496 497 495 
f 488 490 498 
f 490 487 497 
f 498 497 494 
f 497 498 490 
f 493 501 503 
f 501 499 502 
f 503 502 500 
f 502 503 501 
f 494 496 504 
f 496 493 503 
f 504 503 500 
f 503 504 496 
f 499 507 509 
f 507 505 508 
f 509 508 506 
f 508 509 507 
f 499 509 502 
f 509 506 510 
f 502 510 500 
f 510 502 509 
f 505 513 515 
f 513 511 514 
f 515 514 512 
f 514 515 513 
f 506 508 516 
f 508 505 515 
f 516 515 512 
f 515 516 508 
f 511 519 521 
f 519 517 520 
f 521 520 518 
f 520 521 519 
f 511 521 514 
f 521 518 522 
f 514 522 512 
f 522 514 521 
f 517 524 526 
f 524 28 525 
f 526 525 523 
f 525 526 524 
f 518 520 527 
f 520 517 526 
f 527 526 523 
f 526 527 520 
f 523 525 528 
f 525 28 30 
f 528 30 22 
f 30 528 525 
f 72 531 533 
f 531 529 532 
f 533 532 530 
f 532 533 531 
f 529 531 536 
f 531 72 535 
f 536 535 534 
f 535 536 531 
f 82 89 537 
f 89 72 533 
f 537 533 530 
f 533 537 89 
f 72 79 535 
f 79 66 538 
f 535 538 534 
f 538 535 79 
f 76 90 541 
f 90 86 540 
f 541 540 539 
f 540 541 90 
f 62 80 544 
f 80 76 543 
f 544 543 542 
f 543 544 80 
f 76 541 543 
f 541 539 545 
f 543 545 542 
f 545 543 541 
f 446 548 550 
f 548 546 549 
f 550 549 547 
f 549 550 548 
f 546 548 551 
f 548 446 456 
f 551 456 452 
f 456 551 548 
f 446 550 554 
f 550 547 553 
f 554 553 552 
f 553 554 550 
f 440 450 555 
f 450 446 554 
f 555 554 552 
f 554 555 450 
f 556 558 560 
f 558 260 559 
f 560 559 557 
f 559 560 558 
f 260 558 264 
f 558 556 561 
f 264 561 254 
f 561 264 558 
f 557 559 564 
f 559 260 563 
f 564 563 562 
f 563 564 559 
f 260 270 563 
f 270 266 565 
f 563 565 562 
f 565 563 270 
f 422 568 570 
f 568 566 569 
f 570 569 567 
f 569 570 568 
f 566 568 571 
f 568 422 432 
f 571 432 428 
f 432 571 568 
f 422 573 426 
f 573 572 574 
f 426 574 416 
f 574 426 573 
f 572 573 575 
f 573 422 570 
f 575 570 567 
f 570 575 573 
f 576 577 578 
f 577 356 366 
f 578 366 362 
f 366 578 577 
f 356 577 581 
f 577 576 580 
f 581 580 579 
f 580 581 577 
f 350 360 582 
f 360 356 581 
f 582 581 579 
f 581 582 360 
f 583 584 585 
f 584 284 294 
f 585 294 290 
f 294 585 584 
f 284 584 588 
f 584 583 587 
f 588 587 586 
f 587 588 584 
f 589 590 591 
f 590 284 588 
f 591 588 586 
f 588 591 590 
f 284 590 288 
f 590 589 592 
f 288 592 278 
f 592 288 590 
f 326 336 595 
f 336 332 594 
f 595 594 593 
f 594 595 336 
f 332 342 598 
f 342 338 597 
f 598 597 596 
f 597 598 342 
f 599 600 601 
f 600 332 598 
f 601 598 596 
f 598 601 600 
f 332 600 594 
f 600 599 602 
f 594 602 593 
f 602 594 600 
f 603 605 607 
f 605 380 606 
f 607 606 604 
f 606 607 605 
f 380 605 384 
f 605 603 608 
f 384 608 374 
f 608 384 605 
f 380 390 606 
f 390 386 609 
f 606 609 604 
f 609 606 390 
f 308 611 312 
f 611 610 612 
f 312 612 302 
f 612 312 611 
f 610 611 615 
f 611 308 614 
f 615 614 613 
f 614 615 611 
f 308 318 614 
f 318 314 616 
f 614 616 613 
f 616 614 318 
f 464 474 619 
f 474 470 618 
f 619 618 617 
f 618 619 474 
f 470 480 622 
f 480 476 621 
f 622 621 620 
f 621 622 480 
f 470 622 618 
f 622 620 623 
f 618 623 617 
f 623 618 622 
f 236 246 626 
f 246 242 625 
f 626 625 624 
f 625 626 246 
f 236 628 240 
f 628 627 629 
f 240 629 230 
f 629 240 628 
f 627 628 630 
f 628 236 626 
f 630 626 624 
f 626 630 628 
f 218 632 222 
f 632 631 633 
f 222 633 212 
f 633 222 632 
f 631 632 636 
f 632 218 635 
f 636 635 634 
f 635 636 632 
f 218 638 635 
f 638 637 639 
f 635 639 634 
f 639 635 638 
f 637 638 640 
f 638 218 228 
f 640 228 224 
f 228 640 638 
f 641 642 643 
f 642 488 498 
f 643 498 494 
f 498 643 642 
f 488 642 646 
f 642 641 645 
f 646 645 644 
f 645 646 642 
f 647 648 649 
f 648 488 646 
f 649 646 644 
f 646 649 648 
f 488 648 492 
f 648 647 650 
f 492 650 482 
f 650 492 648 
f 174 175 653 
f 175 166 652 
f 653 652 651 
f 652 653 175 
f 166 172 656 
f 172 170 655 
f 656 655 654 
f 655 656 172 
f 651 652 657 
f 652 166 656 
f 657 656 654 
f 656 657 652 
f 174 653 660 
f 653 651 659 
f 660 659 658 
f 659 660 653 
f 174 660 663 
f 660 658 662 
f 663 662 661 
f 662 663 660 
f 174 663 178 
f 663 661 664 
f 178 664 177 
f 664 178 663 
f 170 173 667 
f 173 155 666 
f 667 666 665 
f 666 667 173 
f 170 667 670 
f 667 665 669 
f 670 669 668 
f 669 670 667 
f 170 670 655 
f 670 668 671 
f 655 671 654 
f 671 655 670 
f 159 160 674 
f 160 143 673 
f 674 673 672 
f 673 674 160 
f 143 149 677 
f 149 147 676 
f 677 676 675 
f 676 677 149 
f 143 677 673 
f 677 675 678 
f 673 678 672 
f 678 673 677 
f 162 163 681 
f 163 159 680 
f 681 680 679 
f 680 681 163 
f 159 674 680 
f 674 672 682 
f 680 682 679 
f 682 680 674 
f 675 676 685 
f 676 147 684 
f 685 684 683 
f 684 685 676 
f 683 684 688 
f 684 147 687 
f 688 687 686 
f 687 688 684 
f 686 687 689 
f 687 147 152 
f 689 152 150 
f 152 689 687 
f 658 659 692 
f 659 651 691 
f 692 691 690 
f 691 692 659 
f 690 691 695 
f 691 651 694 
f 695 694 693 
f 694 695 691 
f 651 657 694 
f 657 654 696 
f 694 696 693 
f 696 694 657 
f 675 685 699 
f 685 683 698 
f 699 698 697 
f 698 699 685 
f 675 699 702 
f 699 697 701 
f 702 701 700 
f 701 702 699 
f 672 678 703 
f 678 675 702 
f 703 702 700 
f 702 703 678 
f 697 698 706 
f 698 683 705 
f 706 705 704 
f 705 706 698 
f 704 705 709 
f 705 683 708 
f 709 708 707 
f 708 709 705 
f 683 688 708 
f 688 686 710 
f 708 710 707 
f 710 708 688 
f 658 692 713 
f 692 690 712 
f 713 712 711 
f 712 713 692 
f 658 713 716 
f 713 711 715 
f 716 715 714 
f 715 716 713 
f 661 662 717 
f 662 658 716 
f 717 716 714 
f 716 717 662 
f 711 712 720 
f 712 690 719 
f 720 719 718 
f 719 720 712 
f 718 719 723 
f 719 690 722 
f 723 722 721 
f 722 723 719 
f 721 722 724 
f 722 690 695 
f 724 695 693 
f 695 724 722 
f 697 706 727 
f 706 704 726 
f 727 726 725 
f 726 727 706 
f 697 727 730 
f 727 725 729 
f 730 729 728 
f 729 730 727 
f 697 730 701 
f 730 728 731 
f 701 731 700 
f 731 701 730 
f 732 733 734 
f 733 404 414 
f 734 414 410 
f 414 734 733 
f 404 733 737 
f 733 732 736 
f 737 736 735 
f 736 737 733 
f 398 408 738 
f 408 404 737 
f 738 737 735 
f 737 738 408 
f 711 720 741 
f 720 718 740 
f 741 740 739 
f 740 741 720 
f 711 741 744 
f 741 739 743 
f 744 743 742 
f 743 744 741 
f 711 744 715 
f 744 742 745 
f 715 745 714 
f 745 715 744 
f 725 726 748 
f 726 704 747 
f 748 747 746 
f 747 748 726 
f 746 747 751 
f 747 704 750 
f 751 750 749 
f 750 751 747 
f 749 750 752 
f 750 704 709 
f 752 709 707 
f 709 752 750 
f 728 729 755 
f 729 725 754 
f 755 754 753 
f 754 755 729 
f 725 748 758 
f 748 746 757 
f 758 757 756 
f 757 758 748 
f 753 754 759 
f 754 725 758 
f 759 758 756 
f 758 759 754 
f 728 755 762 
f 755 753 761 
f 762 761 760 
f 761 762 755 
f 728 762 765 
f 762 760 764 
f 765 764 763 
f 764 765 762 
f 728 765 731 
f 765 763 766 
f 731 766 700 
f 766 731 765 
f 718 723 769 
f 723 721 768 
f 769 768 767 
f 768 769 723 
f 739 740 772 
f 740 718 771 
f 772 771 770 
f 771 772 740 
f 718 769 771 
f 769 767 773 
f 771 773 770 
f 773 771 769 
f 767 768 776 
f 768 721 775 
f 776 775 774 
f 775 776 768 
f 774 775 779 
f 775 721 778 
f 779 778 777 
f 778 779 775 
f 777 778 780 
f 778 721 724 
f 780 724 693 
f 724 780 778 
f 92 109 783 
f 109 102 782 
f 783 782 781 
f 782 783 109 
f 86 99 786 
f 99 92 785 
f 786 785 784 
f 785 786 99 
f 784 785 787 
f 785 92 783 
f 787 783 781 
f 783 787 785 
f 106 110 790 
f 110 96 789 
f 790 789 788 
f 789 790 110 
f 96 100 793 
f 100 82 792 
f 793 792 791 
f 792 793 100 
f 788 789 794 
f 789 96 793 
f 794 793 791 
f 793 794 789 
f 742 743 797 
f 743 739 796 
f 797 796 795 
f 796 797 743 
f 795 796 800 
f 796 739 799 
f 800 799 798 
f 799 800 796 
f 739 772 799 
f 772 770 801 
f 799 801 798 
f 801 799 772 
f 746 751 804 
f 751 749 803 
f 804 803 802 
f 803 804 751 
f 746 804 807 
f 804 802 806 
f 807 806 805 
f 806 807 804 
f 756 757 808 
f 757 746 807 
f 808 807 805 
f 807 808 757 
f 760 761 811 
f 761 753 810 
f 811 810 809 
f 810 811 761 
f 809 810 814 
f 810 753 813 
f 814 813 812 
f 813 814 810 
f 753 759 813 
f 759 756 815 
f 813 815 812 
f 815 813 759 
f 760 811 818 
f 811 809 817 
f 818 817 816 
f 817 818 811 
f 760 818 821 
f 818 816 820 
f 821 820 819 
f 820 821 818 
f 763 764 822 
f 764 760 821 
f 822 821 819 
f 821 822 764 
f 767 776 825 
f 776 774 824 
f 825 824 823 
f 824 825 776 
f 767 825 828 
f 825 823 827 
f 828 827 826 
f 827 828 825 
f 770 773 829 
f 773 767 828 
f 829 828 826 
f 828 829 773 
f 823 824 832 
f 824 774 831 
f 832 831 830 
f 831 832 824 
f 830 831 835 
f 831 774 834 
f 835 834 833 
f 834 835 831 
f 774 779 834 
f 779 777 836 
f 834 836 833 
f 836 834 779 
f 816 817 839 
f 817 809 838 
f 839 838 837 
f 838 839 817 
f 837 838 842 
f 838 809 841 
f 842 841 840 
f 841 842 838 
f 840 841 843 
f 841 809 814 
f 843 814 812 
f 814 843 841 
f 816 839 846 
f 839 837 845 
f 846 845 844 
f 845 846 839 
f 816 846 849 
f 846 844 848 
f 849 848 847 
f 848 849 846 
f 816 849 820 
f 849 847 850 
f 820 850 819 
f 850 820 849 
f 823 832 853 
f 832 830 852 
f 853 852 851 
f 852 853 832 
f 823 853 856 
f 853 851 855 
f 856 855 854 
f 855 856 853 
f 823 856 827 
f 856 854 857 
f 827 857 826 
f 857 827 856 
f 851 852 860 
f 852 830 859 
f 860 859 858 
f 859 860 852 
f 858 859 863 
f 859 830 862 
f 863 862 861 
f 862 863 859 
f 861 862 864 
f 862 830 835 
f 864 835 833 
f 835 864 862 
f 865 866 867 
f 866 200 210 
f 867 210 206 
f 210 867 866 
f 200 866 870 
f 866 865 869 
f 870 869 868 
f 869 870 866 
f 194 204 871 
f 204 200 870 
f 871 870 868 
f 870 871 204 
f 506 873 510 
f 873 872 874 
f 510 874 500 
f 874 510 873 
f 872 873 877 
f 873 506 876 
f 877 876 875 
f 876 877 873 
f 506 516 876 
f 516 512 878 
f 876 878 875 
f 878 876 516 
f 844 845 881 
f 845 837 880 
f 881 880 879 
f 880 881 845 
f 837 842 884 
f 842 840 883 
f 884 883 882 
f 883 884 842 
f 837 884 880 
f 884 882 885 
f 880 885 879 
f 885 880 884 
f 847 848 888 
f 848 844 887 
f 888 887 886 
f 887 888 848 
f 886 887 891 
f 887 844 890 
f 891 890 889 
f 890 891 887 
f 889 890 892 
f 890 844 881 
f 892 881 879 
f 881 892 890 
f 847 888 895 
f 888 886 894 
f 895 894 893 
f 894 895 888 
f 847 895 898 
f 895 893 897 
f 898 897 896 
f 897 898 895 
f 847 898 850 
f 898 896 899 
f 850 899 819 
f 899 850 898 
f 893 894 902 
f 894 886 901 
f 902 901 900 
f 901 902 894 
f 900 901 905 
f 901 886 904 
f 905 904 903 
f 904 905 901 
f 886 891 904 
f 891 889 906 
f 904 906 903 
f 906 904 891 
f 893 902 909 
f 902 900 908 
f 909 908 907 
f 908 909 902 
f 893 909 912 
f 909 907 911 
f 912 911 910 
f 911 912 909 
f 896 897 913 
f 897 893 912 
f 913 912 910 
f 912 913 897 
f 882 883 916 
f 883 840 915 
f 916 915 914 
f 915 916 883 
f 914 915 919 
f 915 840 918 
f 919 918 917 
f 918 919 915 
f 917 918 920 
f 918 840 843 
f 920 843 812 
f 843 920 918 
f 907 908 923 
f 908 900 922 
f 923 922 921 
f 922 923 908 
f 921 922 926 
f 922 900 925 
f 926 925 924 
f 925 926 922 
f 924 925 927 
f 925 900 905 
f 927 905 903 
f 905 927 925 
f 907 923 930 
f 923 921 929 
f 930 929 928 
f 929 930 923 
f 907 930 933 
f 930 928 932 
f 933 932 931 
f 932 933 930 
f 907 933 911 
f 933 931 934 
f 911 934 910 
f 934 911 933 
f 851 860 937 
f 860 858 936 
f 937 936 935 
f 936 937 860 
f 854 855 940 
f 855 851 939 
f 940 939 938 
f 939 940 855 
f 938 939 941 
f 939 851 937 
f 941 937 935 
f 937 941 939 
f 858 863 944 
f 863 861 943 
f 944 943 942 
f 943 944 863 
f 858 944 947 
f 944 942 946 
f 947 946 945 
f 946 947 944 
f 858 947 936 
f 947 945 948 
f 936 948 935 
f 948 936 947 
f 942 943 951 
f 943 861 950 
f 951 950 949 
f 950 951 943 
f 949 950 954 
f 950 861 953 
f 954 953 952 
f 953 954 950 
f 861 864 953 
f 864 833 955 
f 953 955 952 
f 955 953 864 
f 942 951 958 
f 951 949 957 
f 958 957 956 
f 957 958 951 
f 942 958 961 
f 958 956 960 
f 961 960 959 
f 960 961 958 
f 945 946 962 
f 946 942 961 
f 962 961 959 
f 961 962 946 
f 956 957 965 
f 957 949 964 
f 965 964 963 
f 964 965 957 
f 963 964 968 
f 964 949 967 
f 968 967 966 
f 967 968 964 
f 966 967 969 
f 967 949 954 
f 969 954 952 
f 954 969 967 
f 854 940 972 
f 940 938 971 
f 972 971 970 
f 971 972 940 
f 854 972 975 
f 972 970 974 
f 975 974 973 
f 974 975 972 
f 854 975 857 
f 975 973 976 
f 857 976 826 
f 976 857 975 
f 956 965 979 
f 965 963 978 
f 979 978 977 
f 978 979 965 
f 956 979 982 
f 979 977 981 
f 982 981 980 
f 981 982 979 
f 956 982 960 
f 982 980 983 
f 960 983 959 
f 983 960 982 
f 977 978 986 
f 978 963 985 
f 986 985 984 
f 985 986 978 
f 984 985 989 
f 985 963 988 
f 989 988 987 
f 988 989 985 
f 963 968 988 
f 968 966 990 
f 988 990 987 
f 990 988 968 
f 928 929 993 
f 929 921 992 
f 993 992 991 
f 992 993 929 
f 991 992 996 
f 992 921 995 
f 996 995 994 
f 995 996 992 
f 921 926 995 
f 926 924 997 
f 995 997 994 
f 997 995 926 
f 928 993 1000 
f 993 991 999 
f 1000 999 998 
f 999 1000 993 
f 931 932 1003 
f 932 928 1002 
f 1003 1002 1001 
f 1002 1003 932 
f 928 1000 1002 
f 1000 998 1004 
f 1002 1004 1001 
f 1004 1002 1000 
f 977 986 1007 
f 986 984 1006 
f 1007 1006 1005 
f 1006 1007 986 
f 977 1007 1010 
f 1007 1005 1009 
f 1010 1009 1008 
f 1009 1010 1007 
f 977 1010 981 
f 1010 1008 1011 
f 981 1011 980 
f 1011 981 1010 
f 1005 1006 1014 
f 1006 984 1013 
f 1014 1013 1012 
f 1013 1014 1006 
f 1012 1013 1017 
f 1013 984 1016 
f 1017 1016 1015 
f 1016 1017 1013 
f 1015 1016 1018 
f 1016 984 989 
f 1018 989 987 
f 989 1018 1016 
f 802 803 1021 
f 803 749 1020 
f 1021 1020 1019 
f 1020 1021 803 
f 1019 1020 1024 
f 1020 749 1023 
f 1024 1023 1022 
f 1023 1024 1020 
f 1022 1023 1025 
f 1023 749 752 
f 1025 752 707 
f 752 1025 1023 
f 802 1021 1028 
f 1021 1019 1027 
f 1028 1027 1026 
f 1027 1028 1021 
f 802 1028 1031 
f 1028 1026 1030 
f 1031 1030 1029 
f 1030 1031 1028 
f 802 1031 806 
f 1031 1029 1032 
f 806 1032 805 
f 1032 806 1031 
f 742 797 1035 
f 797 795 1034 
f 1035 1034 1033 
f 1034 1035 797 
f 742 1035 1038 
f 1035 1033 1037 
f 1038 1037 1036 
f 1037 1038 1035 
f 742 1038 745 
f 1038 1036 1039 
f 745 1039 714 
f 1039 745 1038 
f 1033 1034 1042 
f 1034 795 1041 
f 1042 1041 1040 
f 1041 1042 1034 
f 1040 1041 1045 
f 1041 795 1044 
f 1045 1044 1043 
f 1044 1045 1041 
f 1043 1044 1046 
f 1044 795 800 
f 1046 800 798 
f 800 1046 1044 
f 903 906 1049 
f 906 889 1048 
f 1049 1048 1047 
f 1048 1049 906 
f 889 892 1052 
f 892 879 1051 
f 1052 1051 1050 
f 1051 1052 892 
f 889 1052 1048 
f 1052 1050 1053 
f 1048 1053 1047 
f 1053 1048 1052 
f 935 948 1056 
f 948 945 1055 
f 1056 1055 1054 
f 1055 1056 948 
f 1054 1055 1059 
f 1055 945 1058 
f 1059 1058 1057 
f 1058 1059 1055 
f 1057 1058 1060 
f 1058 945 962 
f 1060 962 959 
f 962 1060 1058 
f 1005 1014 1063 
f 1014 1012 1062 
f 1063 1062 1061 
f 1062 1063 1014 
f 1005 1063 1066 
f 1063 1061 1065 
f 1066 1065 1064 
f 1065 1066 1063 
f 1008 1009 1067 
f 1009 1005 1066 
f 1067 1066 1064 
f 1066 1067 1009 
f 1012 1017 1070 
f 1017 1015 1069 
f 1070 1069 1068 
f 1069 1070 1017 
f 1012 1070 1073 
f 1070 1068 1072 
f 1073 1072 1071 
f 1072 1073 1070 
f 1061 1062 1074 
f 1062 1012 1073 
f 1074 1073 1071 
f 1073 1074 1062 
f 1068 1069 1077 
f 1069 1015 1076 
f 1077 1076 1075 
f 1076 1077 1069 
f 1075 1076 1080 
f 1076 1015 1079 
f 1080 1079 1078 
f 1079 1080 1076 
f 1078 1079 1081 
f 1079 1015 1018 
f 1081 1018 987 
f 1018 1081 1079 
f 1068 1077 1084 
f 1077 1075 1083 
f 1084 1083 1082 
f 1083 1084 1077 
f 1068 1084 1087 
f 1084 1082 1086 
f 1087 1086 1085 
f 1086 1087 1084 
f 1068 1087 1072 
f 1087 1085 1088 
f 1072 1088 1071 
f 1088 1072 1087 
f 1082 1083 1091 
f 1083 1075 1090 
f 1091 1090 1089 
f 1090 1091 1083 
f 1089 1090 1094 
f 1090 1075 1093 
f 1094 1093 1092 
f 1093 1094 1090 
f 1092 1093 1095 
f 1093 1075 1080 
f 1095 1080 1078 
f 1080 1095 1093 
f 1064 1065 1098 
f 1065 1061 1097 
f 1098 1097 1096 
f 1097 1098 1065 
f 1061 1074 1101 
f 1074 1071 1100 
f 1101 1100 1099 
f 1100 1101 1074 
f 1096 1097 1102 
f 1097 1061 1101 
f 1102 1101 1099 
f 1101 1102 1097 
f 1026 1027 1105 
f 1027 1019 1104 
f 1105 1104 1103 
f 1104 1105 1027 
f 1019 1024 1108 
f 1024 1022 1107 
f 1108 1107 1106 
f 1107 1108 1024 
f 1019 1108 1104 
f 1108 1106 1109 
f 1104 1109 1103 
f 1109 1104 1108 
f 1029 1030 1112 
f 1030 1026 1111 
f 1112 1111 1110 
f 1111 1112 1030 
f 1110 1111 1115 
f 1111 1026 1114 
f 1115 1114 1113 
f 1114 1115 1111 
f 1113 1114 1116 
f 1114 1026 1105 
f 1116 1105 1103 
f 1105 1116 1114 
f 1029 1112 1119 
f 1112 1110 1118 
f 1119 1118 1117 
f 1118 1119 1112 
f 1029 1119 1122 
f 1119 1117 1121 
f 1122 1121 1120 
f 1121 1122 1119 
f 1029 1122 1032 
f 1122 1120 1123 
f 1032 1123 805 
f 1123 1032 1122 
f 1110 1115 1126 
f 1115 1113 1125 
f 1126 1125 1124 
f 1125 1126 1115 
f 1117 1118 1129 
f 1118 1110 1128 
f 1129 1128 1127 
f 1128 1129 1118 
f 1110 1126 1128 
f 1126 1124 1130 
f 1128 1130 1127 
f 1130 1128 1126 
f 1124 1125 1133 
f 1125 1113 1132 
f 1133 1132 1131 
f 1132 1133 1125 
f 1131 1132 1136 
f 1132 1113 1135 
f 1136 1135 1134 
f 1135 1136 1132 
f 1134 1135 1137 
f 1135 1113 1116 
f 1137 1116 1103 
f 1116 1137 1135 
f 1120 1121 1140 
f 1121 1117 1139 
f 1140 1139 1138 
f 1139 1140 1121 
f 1117 1129 1143 
f 1129 1127 1142 
f 1143 1142 1141 
f 1142 1143 1129 
f 1138 1139 1144 
f 1139 1117 1143 
f 1144 1143 1141 
f 1143 1144 1139 
f 1124 1133 1147 
f 1133 1131 1146 
f 1147 1146 1145 
f 1146 1147 1133 
f 1124 1147 1150 
f 1147 1145 1149 
f 1150 1149 1148 
f 1149 1150 1147 
f 1124 1150 1130 
f 1150 1148 1151 
f 1130 1151 1127 
f 1151 1130 1150 
f 1145 1146 1154 
f 1146 1131 1153 
f 1154 1153 1152 
f 1153 1154 1146 
f 1152 1153 1157 
f 1153 1131 1156 
f 1157 1156 1155 
f 1156 1157 1153 
f 1131 1136 1156 
f 1136 1134 1158 
f 1156 1158 1155 
f 1158 1156 1136 
f 1033 1042 1161 
f 1042 1040 1160 
f 1161 1160 1159 
f 1160 1161 1042 
f 1036 1037 1164 
f 1037 1033 1163 
f 1164 1163 1162 
f 1163 1164 1037 
f 1162 1163 1165 
f 1163 1033 1161 
f 1165 1161 1159 
f 1161 1165 1163 
f 1040 1045 1168 
f 1045 1043 1167 
f 1168 1167 1166 
f 1167 1168 1045 
f 1040 1168 1171 
f 1168 1166 1170 
f 1171 1170 1169 
f 1170 1171 1168 
f 1040 1171 1160 
f 1171 1169 1172 
f 1160 1172 1159 
f 1172 1160 1171 
f 1166 1167 1175 
f 1167 1043 1174 
f 1175 1174 1173 
f 1174 1175 1167 
f 1173 1174 1178 
f 1174 1043 1177 
f 1178 1177 1176 
f 1177 1178 1174 
f 1176 1177 1179 
f 1177 1043 1046 
f 1179 1046 798 
f 1046 1179 1177 
f 1169 1170 1182 
f 1170 1166 1181 
f 1182 1181 1180 
f 1181 1182 1170 
f 1166 1175 1185 
f 1175 1173 1184 
f 1185 1184 1183 
f 1184 1185 1175 
f 1180 1181 1186 
f 1181 1166 1185 
f 1186 1185 1183 
f 1185 1186 1181 
f 1169 1182 1189 
f 1182 1180 1188 
f 1189 1188 1187 
f 1188 1189 1182 
f 1169 1189 1192 
f 1189 1187 1191 
f 1192 1191 1190 
f 1191 1192 1189 
f 1169 1192 1172 
f 1192 1190 1193 
f 1172 1193 1159 
f 1193 1172 1192 
f 1173 1178 1196 
f 1178 1176 1195 
f 1196 1195 1194 
f 1195 1196 1178 
f 1183 1184 1199 
f 1184 1173 1198 
f 1199 1198 1197 
f 1198 1199 1184 
f 1173 1196 1198 
f 1196 1194 1200 
f 1198 1200 1197 
f 1200 1198 1196 
f 1187 1188 1203 
f 1188 1180 1202 
f 1203 1202 1201 
f 1202 1203 1188 
f 1201 1202 1206 
f 1202 1180 1205 
f 1206 1205 1204 
f 1205 1206 1202 
f 1204 1205 1207 
f 1205 1180 1186 
f 1207 1186 1183 
f 1186 1207 1205 
f 1187 1203 1210 
f 1203 1201 1209 
f 1210 1209 1208 
f 1209 1210 1203 
f 1187 1210 1213 
f 1210 1208 1212 
f 1213 1212 1211 
f 1212 1213 1210 
f 1190 1191 1214 
f 1191 1187 1213 
f 1214 1213 1211 
f 1213 1214 1191 
f 998 999 1217 
f 999 991 1216 
f 1217 1216 1215 
f 1216 1217 999 
f 1215 1216 1220 
f 1216 991 1219 
f 1220 1219 1218 
f 1219 1220 1216 
f 1218 1219 1221 
f 1219 991 996 
f 1221 996 994 
f 996 1221 1219 
f 1222 1223 1224 
f 1223 1008 1067 
f 1224 1067 1064 
f 1067 1224 1223 
f 1008 1223 1227 
f 1223 1222 1226 
f 1227 1226 1225 
f 1226 1227 1223 
f 980 1011 1228 
f 1011 1008 1227 
f 1228 1227 1225 
f 1227 1228 1011 
f 931 1231 1233 
f 1231 1229 1232 
f 1233 1232 1230 
f 1232 1233 1231 
f 1229 1231 1234 
f 1231 931 1003 
f 1234 1003 1001 
f 1003 1234 1231 
f 931 1233 1237 
f 1233 1230 1236 
f 1237 1236 1235 
f 1236 1237 1233 
f 931 1237 934 
f 1237 1235 1238 
f 934 1238 910 
f 1238 934 1237 
f 994 997 1241 
f 997 924 1240 
f 1241 1240 1239 
f 1240 1241 997 
f 924 927 1244 
f 927 903 1243 
f 1244 1243 1242 
f 1243 1244 927 
f 924 1244 1240 
f 1244 1242 1245 
f 1240 1245 1239 
f 1245 1240 1244 
f 998 1217 1248 
f 1217 1215 1247 
f 1248 1247 1246 
f 1247 1248 1217 
f 998 1248 1251 
f 1248 1246 1250 
f 1251 1250 1249 
f 1250 1251 1248 
f 998 1251 1004 
f 1251 1249 1252 
f 1004 1252 1001 
f 1252 1004 1251 
f 1215 1220 1255 
f 1220 1218 1254 
f 1255 1254 1253 
f 1254 1255 1220 
f 1246 1247 1258 
f 1247 1215 1257 
f 1258 1257 1256 
f 1257 1258 1247 
f 1256 1257 1259 
f 1257 1215 1255 
f 1259 1255 1253 
f 1255 1259 1257 
f 1260 1262 1264 
f 1262 458 1263 
f 1264 1263 1261 
f 1263 1264 1262 
f 458 1262 1266 
f 1262 1260 1265 
f 1266 1265 546 
f 1265 1266 1262 
f 1261 1263 1267 
f 1263 458 468 
f 1267 468 464 
f 468 1267 1263 
f 458 1266 462 
f 1266 546 551 
f 462 551 452 
f 551 462 1266 
f 248 1270 1272 
f 1270 1268 1271 
f 1272 1271 1269 
f 1271 1272 1270 
f 1268 1270 1274 
f 1270 248 1273 
f 1274 1273 556 
f 1273 1274 1270 
f 248 1272 252 
f 1272 1269 1275 
f 252 1275 242 
f 1275 252 1272 
f 556 1273 561 
f 1273 248 258 
f 561 258 254 
f 258 561 1273 
f 112 129 1278 
f 129 126 1277 
f 1278 1277 1276 
f 1277 1278 129 
f 102 119 1281 
f 119 112 1280 
f 1281 1280 1279 
f 1280 1281 119 
f 1282 1283 1284 
f 1283 112 1278 
f 1284 1278 1276 
f 1278 1284 1283 
f 112 1283 1280 
f 1283 1282 1285 
f 1280 1285 1279 
f 1285 1280 1283 
f 122 130 1288 
f 130 116 1287 
f 1288 1287 1286 
f 1287 1288 130 
f 116 120 1291 
f 120 106 1290 
f 1291 1290 1289 
f 1290 1291 120 
f 116 1293 1287 
f 1293 1292 1294 
f 1287 1294 1286 
f 1294 1287 1293 
f 1292 1293 1295 
f 1293 116 1291 
f 1295 1291 1289 
f 1291 1295 1293 
f 434 1297 1299 
f 1297 1296 1298 
f 1299 1298 566 
f 1298 1299 1297 
f 1296 1297 1302 
f 1297 434 1301 
f 1302 1301 1300 
f 1301 1302 1297 
f 434 1299 438 
f 1299 566 571 
f 438 571 428 
f 571 438 1299 
f 1300 1301 1303 
f 1301 434 444 
f 1303 444 440 
f 444 1303 1301 
f 1218 1221 1306 
f 1221 994 1305 
f 1306 1305 1304 
f 1305 1306 1221 
f 1253 1254 1309 
f 1254 1218 1308 
f 1309 1308 1307 
f 1308 1309 1254 
f 1218 1306 1308 
f 1306 1304 1310 
f 1308 1310 1307 
f 1310 1308 1306 
f 362 372 1313 
f 372 368 1312 
f 1313 1312 1311 
f 1312 1313 372 
f 368 378 1316 
f 378 374 1315 
f 1316 1315 1314 
f 1315 1316 378 
f 368 1316 1312 
f 1316 1314 1317 
f 1312 1317 1311 
f 1317 1312 1316 
f 583 1319 1321 
f 1319 296 1320 
f 1321 1320 1318 
f 1320 1321 1319 
f 296 1319 300 
f 1319 583 585 
f 300 585 290 
f 585 300 1319 
f 296 1322 1320 
f 1322 610 1323 
f 1320 1323 1318 
f 1323 1320 1322 
f 610 1322 612 
f 1322 296 306 
f 612 306 302 
f 306 612 1322 
f 1324 1326 1328 
f 1326 320 1327 
f 1328 1327 1325 
f 1327 1328 1326 
f 320 1326 1331 
f 1326 1324 1330 
f 1331 1330 1329 
f 1330 1331 1326 
f 1325 1327 1332 
f 1327 320 330 
f 1332 330 326 
f 330 1332 1327 
f 314 324 1333 
f 324 320 1331 
f 1333 1331 1329 
f 1331 1333 324 
f 392 1336 1338 
f 1336 1334 1337 
f 1338 1337 1335 
f 1337 1338 1336 
f 1334 1336 1341 
f 1336 392 1340 
f 1341 1340 1339 
f 1340 1341 1336 
f 386 396 1342 
f 396 392 1338 
f 1342 1338 1335 
f 1338 1342 396 
f 392 402 1340 
f 402 398 1343 
f 1340 1343 1339 
f 1343 1340 402 
f 1344 1345 1347 
f 1345 272 1346 
f 1347 1346 589 
f 1346 1347 1345 
f 272 1345 1350 
f 1345 1344 1349 
f 1350 1349 1348 
f 1349 1350 1345 
f 589 1346 592 
f 1346 272 282 
f 592 282 278 
f 282 592 1346 
f 272 1350 276 
f 1350 1348 1351 
f 276 1351 266 
f 1351 276 1350 
f 344 354 1354 
f 354 350 1353 
f 1354 1353 1352 
f 1353 1354 354 
f 338 348 1357 
f 348 344 1356 
f 1357 1356 1355 
f 1356 1357 348 
f 1355 1356 1358 
f 1356 344 1354 
f 1358 1354 1352 
f 1354 1358 1356 
f 970 971 1361 
f 971 938 1360 
f 1361 1360 1359 
f 1360 1361 971 
f 1359 1360 1364 
f 1360 938 1363 
f 1364 1363 1362 
f 1363 1364 1360 
f 938 941 1363 
f 941 935 1365 
f 1363 1365 1362 
f 1365 1363 941 
f 970 1361 1368 
f 1361 1359 1367 
f 1368 1367 1366 
f 1367 1368 1361 
f 970 1368 1371 
f 1368 1366 1370 
f 1371 1370 1369 
f 1370 1371 1368 
f 973 974 1372 
f 974 970 1371 
f 1372 1371 1369 
f 1371 1372 974 
f 882 916 1375 
f 916 914 1374 
f 1375 1374 1373 
f 1374 1375 916 
f 882 1375 1378 
f 1375 1373 1377 
f 1378 1377 1376 
f 1377 1378 1375 
f 879 885 1379 
f 885 882 1378 
f 1379 1378 1376 
f 1378 1379 885 
f 1373 1374 1382 
f 1374 914 1381 
f 1382 1381 1380 
f 1381 1382 1374 
f 1380 1381 1385 
f 1381 914 1384 
f 1385 1384 1383 
f 1384 1385 1381 
f 914 919 1384 
f 919 917 1386 
f 1384 1386 1383 
f 1386 1384 919 
f 707 710 1389 
f 710 686 1388 
f 1389 1388 1387 
f 1388 1389 710 
f 1387 1388 1392 
f 1388 686 1391 
f 1392 1391 1390 
f 1391 1392 1388 
f 1390 1391 1393 
f 1391 686 689 
f 1393 689 150 
f 689 1393 1391 
f 661 717 1396 
f 717 714 1395 
f 1396 1395 1394 
f 1395 1396 717 
f 661 1396 1399 
f 1396 1394 1398 
f 1399 1398 1397 
f 1398 1399 1396 
f 661 1399 664 
f 1399 1397 1400 
f 664 1400 177 
f 1400 664 1399 
f 805 1123 1403 
f 1123 1120 1402 
f 1403 1402 1401 
f 1402 1403 1123 
f 1401 1402 1406 
f 1402 1120 1405 
f 1406 1405 1404 
f 1405 1406 1402 
f 1404 1405 1407 
f 1405 1120 1140 
f 1407 1140 1138 
f 1140 1407 1405 
f 1176 1179 1410 
f 1179 798 1409 
f 1410 1409 1408 
f 1409 1410 1179 
f 1176 1410 1413 
f 1410 1408 1412 
f 1413 1412 1411 
f 1412 1413 1410 
f 1176 1413 1195 
f 1413 1411 1414 
f 1195 1414 1194 
f 1414 1195 1413 
f 1145 1154 1417 
f 1154 1152 1416 
f 1417 1416 1415 
f 1416 1417 1154 
f 1148 1149 1420 
f 1149 1145 1419 
f 1420 1419 1418 
f 1419 1420 1149 
f 1418 1419 1421 
f 1419 1145 1417 
f 1421 1417 1415 
f 1417 1421 1419 
f 1415 1416 1424 
f 1416 1152 1423 
f 1424 1423 1422 
f 1423 1424 1416 
f 1152 1157 1427 
f 1157 1155 1426 
f 1427 1426 1425 
f 1426 1427 1157 
f 1152 1427 1423 
f 1427 1425 1428 
f 1423 1428 1422 
f 1428 1423 1427 
f 1148 1420 1431 
f 1420 1418 1430 
f 1431 1430 1429 
f 1430 1431 1420 
f 1148 1431 1434 
f 1431 1429 1433 
f 1434 1433 1432 
f 1433 1434 1431 
f 1148 1434 1151 
f 1434 1432 1435 
f 1151 1435 1127 
f 1435 1151 1434 
f 1208 1209 1438 
f 1209 1201 1437 
f 1438 1437 1436 
f 1437 1438 1209 
f 1201 1206 1441 
f 1206 1204 1440 
f 1441 1440 1439 
f 1440 1441 1206 
f 1201 1441 1437 
f 1441 1439 1442 
f 1437 1442 1436 
f 1442 1437 1441 
f 1208 1438 1445 
f 1438 1436 1444 
f 1445 1444 1443 
f 1444 1445 1438 
f 1211 1212 1448 
f 1212 1208 1447 
f 1448 1447 1446 
f 1447 1448 1212 
f 1446 1447 1449 
f 1447 1208 1445 
f 1449 1445 1443 
f 1445 1449 1447 
f 1439 1440 1452 
f 1440 1204 1451 
f 1452 1451 1450 
f 1451 1452 1440 
f 1450 1451 1455 
f 1451 1204 1454 
f 1455 1454 1453 
f 1454 1455 1451 
f 1453 1454 1456 
f 1454 1204 1207 
f 1456 1207 1183 
f 1207 1456 1454 
f 1366 1367 1459 
f 1367 1359 1458 
f 1459 1458 1457 
f 1458 1459 1367 
f 1457 1458 1462 
f 1458 1359 1461 
f 1462 1461 1460 
f 1461 1462 1458 
f 1460 1461 1463 
f 1461 1359 1364 
f 1463 1364 1362 
f 1364 1463 1461 
f 1366 1459 1466 
f 1459 1457 1465 
f 1466 1465 1464 
f 1465 1466 1459 
f 1366 1466 1469 
f 1466 1464 1468 
f 1469 1468 1467 
f 1468 1469 1466 
f 1366 1469 1370 
f 1469 1467 1470 
f 1370 1470 1369 
f 1470 1370 1469 
f 1373 1382 1473 
f 1382 1380 1472 
f 1473 1472 1471 
f 1472 1473 1382 
f 1373 1473 1476 
f 1473 1471 1475 
f 1476 1475 1474 
f 1475 1476 1473 
f 1373 1476 1377 
f 1476 1474 1477 
f 1377 1477 1376 
f 1477 1377 1476 
f 1471 1472 1480 
f 1472 1380 1479 
f 1480 1479 1478 
f 1479 1480 1472 
f 1478 1479 1483 
f 1479 1380 1482 
f 1483 1482 1481 
f 1482 1483 1479 
f 1481 1482 1484 
f 1482 1380 1385 
f 1484 1385 1383 
f 1385 1484 1482 
f 1134 1137 1487 
f 1137 1103 1486 
f 1487 1486 1485 
f 1486 1487 1137 
f 1134 1487 1490 
f 1487 1485 1489 
f 1490 1489 1488 
f 1489 1490 1487 
f 1134 1490 1158 
f 1490 1488 1491 
f 1158 1491 1155 
f 1491 1158 1490 
f 1159 1193 1494 
f 1193 1190 1493 
f 1494 1493 1492 
f 1493 1494 1193 
f 1492 1493 1497 
f 1493 1190 1496 
f 1497 1496 1495 
f 1496 1497 1493 
f 1495 1496 1498 
f 1496 1190 1214 
f 1498 1214 1211 
f 1214 1498 1496 
f 1499 1501 1503 
f 1501 52 1502 
f 1503 1502 1500 
f 1502 1503 1501 
f 52 1501 1506 
f 1501 1499 1505 
f 1506 1505 1504 
f 1505 1506 1501 
f 52 69 1502 
f 69 62 1507 
f 1502 1507 1500 
f 1507 1502 69 
f 42 59 1508 
f 59 52 1506 
f 1508 1506 1504 
f 1506 1508 59 
f 56 1511 1513 
f 1511 1509 1512 
f 1513 1512 1510 
f 1512 1513 1511 
f 1509 1511 1516 
f 1511 56 1515 
f 1516 1515 1514 
f 1515 1516 1511 
f 66 70 1517 
f 70 56 1513 
f 1517 1513 1510 
f 1513 1517 70 
f 56 60 1515 
f 60 46 1518 
f 1515 1518 1514 
f 1518 1515 60 
f 987 990 1521 
f 990 966 1520 
f 1521 1520 1519 
f 1520 1521 990 
f 966 969 1524 
f 969 952 1523 
f 1524 1523 1522 
f 1523 1524 969 
f 966 1524 1520 
f 1524 1522 1525 
f 1520 1525 1519 
f 1525 1520 1524 
f 1246 1258 1528 
f 1258 1256 1527 
f 1528 1527 1526 
f 1527 1528 1258 
f 1246 1528 1531 
f 1528 1526 1530 
f 1531 1530 1529 
f 1530 1531 1528 
f 1249 1250 1532 
f 1250 1246 1531 
f 1532 1531 1529 
f 1531 1532 1250 
f 1526 1527 1535 
f 1527 1256 1534 
f 1535 1534 1533 
f 1534 1535 1527 
f 1533 1534 1538 
f 1534 1256 1537 
f 1538 1537 1536 
f 1537 1538 1534 
f 1536 1537 1539 
f 1537 1256 1259 
f 1539 1259 1253 
f 1259 1539 1537 
f 1526 1535 1542 
f 1535 1533 1541 
f 1542 1541 1540 
f 1541 1542 1535 
f 1526 1542 1545 
f 1542 1540 1544 
f 1545 1544 1543 
f 1544 1545 1542 
f 1526 1545 1530 
f 1545 1543 1546 
f 1530 1546 1529 
f 1546 1530 1545 
f 1235 1547 1238 
f 1547 896 913 
f 1238 913 910 
f 913 1238 1547 
f 896 1547 1550 
f 1547 1235 1549 
f 1550 1549 1548 
f 1549 1550 1547 
f 819 899 1553 
f 899 896 1552 
f 1553 1552 1551 
f 1552 1553 899 
f 1551 1552 1554 
f 1552 896 1550 
f 1554 1550 1548 
f 1550 1554 1552 
f 188 198 1557 
f 198 194 1556 
f 1557 1556 1555 
f 1556 1557 198 
f 188 1557 1560 
f 1557 1555 1559 
f 1560 1559 1558 
f 1559 1560 1557 
f 182 192 1561 
f 192 188 1560 
f 1561 1560 1558 
f 1560 1561 192 
f 512 522 1564 
f 522 518 1563 
f 1564 1563 1562 
f 1563 1564 522 
f 518 527 1567 
f 527 523 1566 
f 1567 1566 1565 
f 1566 1567 527 
f 1562 1563 1568 
f 1563 518 1567 
f 1568 1567 1565 
f 1567 1568 1563 
f 1429 1430 1571 
f 1430 1418 1570 
f 1571 1570 1569 
f 1570 1571 1430 
f 1569 1570 1574 
f 1570 1418 1573 
f 1574 1573 1572 
f 1573 1574 1570 
f 1572 1573 1575 
f 1573 1418 1421 
f 1575 1421 1415 
f 1421 1575 1573 
f 1439 1452 1578 
f 1452 1450 1577 
f 1578 1577 1576 
f 1577 1578 1452 
f 1439 1578 1581 
f 1578 1576 1580 
f 1581 1580 1579 
f 1580 1581 1578 
f 1439 1581 1442 
f 1581 1579 1582 
f 1442 1582 1436 
f 1582 1442 1581 
f 1001 1252 1585 
f 1252 1249 1584 
f 1585 1584 1583 
f 1584 1585 1252 
f 1249 1532 1588 
f 1532 1529 1587 
f 1588 1587 1586 
f 1587 1588 1532 
f 1583 1584 1589 
f 1584 1249 1588 
f 1589 1588 1586 
f 1588 1589 1584 
f 1429 1571 1592 
f 1571 1569 1591 
f 1592 1591 1590 
f 1591 1592 1571 
f 1429 1592 1595 
f 1592 1590 1594 
f 1595 1594 1593 
f 1594 1595 1592 
f 1432 1433 1596 
f 1433 1429 1595 
f 1596 1595 1593 
f 1595 1596 1433 
f 1576 1577 1599 
f 1577 1450 1598 
f 1599 1598 1597 
f 1598 1599 1577 
f 1597 1598 1602 
f 1598 1450 1601 
f 1602 1601 1600 
f 1601 1602 1598 
f 1450 1455 1601 
f 1455 1453 1603 
f 1601 1603 1600 
f 1603 1601 1455 
f 777 780 1606 
f 780 693 1605 
f 1606 1605 1604 
f 1605 1606 780 
f 777 1606 1609 
f 1606 1604 1608 
f 1609 1608 1607 
f 1608 1609 1606 
f 833 836 1610 
f 836 777 1609 
f 1610 1609 1607 
f 1609 1610 836 
f 1540 1541 1613 
f 1541 1533 1612 
f 1613 1612 1611 
f 1612 1613 1541 
f 1533 1538 1616 
f 1538 1536 1615 
f 1616 1615 1614 
f 1615 1616 1538 
f 1611 1612 1617 
f 1612 1533 1616 
f 1617 1616 1614 
f 1616 1617 1612 
f 1540 1613 1620 
f 1613 1611 1619 
f 1620 1619 1618 
f 1619 1620 1613 
f 1540 1620 1623 
f 1620 1618 1622 
f 1623 1622 1621 
f 1622 1623 1620 
f 1540 1623 1544 
f 1623 1621 1624 
f 1544 1624 1543 
f 1624 1544 1623 
f 1474 1475 1627 
f 1475 1471 1626 
f 1627 1626 1625 
f 1626 1627 1475 
f 1471 1480 1630 
f 1480 1478 1629 
f 1630 1629 1628 
f 1629 1630 1480 
f 1625 1626 1631 
f 1626 1471 1630 
f 1631 1630 1628 
f 1630 1631 1626 
f 1474 1627 1634 
f 1627 1625 1633 
f 1634 1633 1632 
f 1633 1634 1627 
f 1474 1634 1637 
f 1634 1632 1636 
f 1637 1636 1635 
f 1636 1637 1634 
f 1474 1637 1477 
f 1637 1635 1638 
f 1477 1638 1376 
f 1638 1477 1637 
f 1478 1483 1641 
f 1483 1481 1640 
f 1641 1640 1639 
f 1640 1641 1483 
f 1478 1641 1644 
f 1641 1639 1643 
f 1644 1643 1642 
f 1643 1644 1641 
f 1478 1644 1629 
f 1644 1642 1645 
f 1629 1645 1628 
f 1645 1629 1644 
f 1457 1462 1648 
f 1462 1460 1647 
f 1648 1647 1646 
f 1647 1648 1462 
f 1464 1465 1651 
f 1465 1457 1650 
f 1651 1650 1649 
f 1650 1651 1465 
f 1457 1648 1650 
f 1648 1646 1652 
f 1650 1652 1649 
f 1652 1650 1648 
f 1646 1647 1655 
f 1647 1460 1654 
f 1655 1654 1653 
f 1654 1655 1647 
f 1653 1654 1658 
f 1654 1460 1657 
f 1658 1657 1656 
f 1657 1658 1654 
f 1656 1657 1659 
f 1657 1460 1463 
f 1659 1463 1362 
f 1463 1659 1657 
f 1467 1468 1662 
f 1468 1464 1661 
f 1662 1661 1660 
f 1661 1662 1468 
f 1660 1661 1665 
f 1661 1464 1664 
f 1665 1664 1663 
f 1664 1665 1661 
f 1663 1664 1666 
f 1664 1464 1651 
f 1666 1651 1649 
f 1651 1666 1664 
f 1467 1662 1669 
f 1662 1660 1668 
f 1669 1668 1667 
f 1668 1669 1662 
f 1467 1669 1672 
f 1669 1667 1671 
f 1672 1671 1670 
f 1671 1672 1669 
f 1467 1672 1470 
f 1672 1670 1673 
f 1470 1673 1369 
f 1673 1470 1672 
f 1667 1668 1676 
f 1668 1660 1675 
f 1676 1675 1674 
f 1675 1676 1668 
f 1674 1675 1678 
f 1675 1660 1677 
f 1678 1677 547 
f 1677 1678 1675 
f 1660 1665 1677 
f 1665 1663 1679 
f 1677 1679 547 
f 1679 1677 1665 
f 1639 1640 1682 
f 1640 1481 1681 
f 1682 1681 1680 
f 1681 1682 1640 
f 1680 1681 1685 
f 1681 1481 1684 
f 1685 1684 1683 
f 1684 1685 1681 
f 1683 1684 1686 
f 1684 1481 1484 
f 1686 1484 1383 
f 1484 1686 1684 
f 1639 1682 1689 
f 1682 1680 1688 
f 1689 1688 1687 
f 1688 1689 1682 
f 1639 1689 1691 
f 1689 1687 1690 
f 1691 1690 557 
f 1690 1691 1689 
f 1642 1643 1692 
f 1643 1639 1691 
f 1692 1691 557 
f 1691 1692 1643 
f 1536 1539 1695 
f 1539 1253 1694 
f 1695 1694 1693 
f 1694 1695 1539 
f 1614 1615 1698 
f 1615 1536 1697 
f 1698 1697 1696 
f 1697 1698 1615 
f 1696 1697 1699 
f 1697 1536 1695 
f 1699 1695 1693 
f 1695 1699 1697 
f 1569 1574 1702 
f 1574 1572 1701 
f 1702 1701 1700 
f 1701 1702 1574 
f 1590 1591 1705 
f 1591 1569 1704 
f 1705 1704 1703 
f 1704 1705 1591 
f 1703 1704 1706 
f 1704 1569 1702 
f 1706 1702 1700 
f 1702 1706 1704 
f 1700 1701 1709 
f 1701 1572 1708 
f 1709 1708 1707 
f 1708 1709 1701 
f 1707 1708 1712 
f 1708 1572 1711 
f 1712 1711 1710 
f 1711 1712 1708 
f 1572 1575 1711 
f 1575 1415 1713 
f 1711 1713 1710 
f 1713 1711 1575 
f 1579 1580 1716 
f 1580 1576 1715 
f 1716 1715 1714 
f 1715 1716 1580 
f 1576 1599 1719 
f 1599 1597 1718 
f 1719 1718 1717 
f 1718 1719 1599 
f 1576 1719 1715 
f 1719 1717 1720 
f 1715 1720 1714 
f 1720 1715 1719 
f 1579 1716 1723 
f 1716 1714 1722 
f 1723 1722 1721 
f 1722 1723 1716 
f 1579 1723 1726 
f 1723 1721 1725 
f 1726 1725 1724 
f 1725 1726 1723 
f 1436 1582 1727 
f 1582 1579 1726 
f 1727 1726 1724 
f 1726 1727 1582 
f 1667 1676 1730 
f 1676 1674 1729 
f 1730 1729 1728 
f 1729 1730 1676 
f 1667 1730 1733 
f 1730 1728 1732 
f 1733 1732 1731 
f 1732 1733 1730 
f 1670 1671 1734 
f 1671 1667 1733 
f 1734 1733 1731 
f 1733 1734 1671 
f 1687 1688 1737 
f 1688 1680 1736 
f 1737 1736 1735 
f 1736 1737 1688 
f 1735 1736 1740 
f 1736 1680 1739 
f 1740 1739 1738 
f 1739 1740 1736 
f 1680 1685 1739 
f 1685 1683 1741 
f 1739 1741 1738 
f 1741 1739 1685 
f 1618 1619 1744 
f 1619 1611 1743 
f 1744 1743 1742 
f 1743 1744 1619 
f 1611 1617 1747 
f 1617 1614 1746 
f 1747 1746 1745 
f 1746 1747 1617 
f 1611 1747 1743 
f 1747 1745 1748 
f 1743 1748 1742 
f 1748 1743 1747 
f 1621 1622 1751 
f 1622 1618 1750 
f 1751 1750 1749 
f 1750 1751 1622 
f 1749 1750 1754 
f 1750 1618 1753 
f 1754 1753 1752 
f 1753 1754 1750 
f 1752 1753 1755 
f 1753 1618 1744 
f 1755 1744 1742 
f 1744 1755 1753 
f 1687 1737 1758 
f 1737 1735 1757 
f 1758 1757 1756 
f 1757 1758 1737 
f 1687 1758 1760 
f 1758 1756 1759 
f 1760 1759 1268 
f 1759 1760 1758 
f 1687 1760 1690 
f 1760 1268 1761 
f 1690 1761 557 
f 1761 1690 1760 
f 1728 1729 1764 
f 1729 1674 1763 
f 1764 1763 1762 
f 1763 1764 1729 
f 1762 1763 1766 
f 1763 1674 1765 
f 1766 1765 1260 
f 1765 1766 1763 
f 1260 1765 1767 
f 1765 1674 1678 
f 1767 1678 547 
f 1678 1767 1765 
f 1646 1655 1770 
f 1655 1653 1769 
f 1770 1769 1768 
f 1769 1770 1655 
f 1646 1770 1772 
f 1770 1768 1771 
f 1772 1771 1296 
f 1771 1772 1770 
f 1646 1772 1652 
f 1772 1296 1773 
f 1652 1773 1649 
f 1773 1652 1772 
f 1653 1658 1776 
f 1658 1656 1775 
f 1776 1775 1774 
f 1775 1776 1658 
f 1653 1776 1779 
f 1776 1774 1778 
f 1779 1778 1777 
f 1778 1779 1776 
f 1768 1769 1780 
f 1769 1653 1779 
f 1780 1779 1777 
f 1779 1780 1769 
f 1632 1633 1783 
f 1633 1625 1782 
f 1783 1782 1781 
f 1782 1783 1633 
f 1625 1631 1785 
f 1631 1628 1784 
f 1785 1784 1344 
f 1784 1785 1631 
f 1625 1785 1782 
f 1785 1344 1786 
f 1782 1786 1781 
f 1786 1782 1785 
f 1635 1636 1789 
f 1636 1632 1788 
f 1789 1788 1787 
f 1788 1789 1636 
f 1787 1788 1792 
f 1788 1632 1791 
f 1792 1791 1790 
f 1791 1792 1788 
f 1790 1791 1793 
f 1791 1632 1783 
f 1793 1783 1781 
f 1783 1793 1791 
f 1621 1751 1796 
f 1751 1749 1795 
f 1796 1795 1794 
f 1795 1796 1751 
f 1621 1796 1798 
f 1796 1794 1797 
f 1798 1797 1085 
f 1797 1798 1796 
f 1621 1798 1624 
f 1798 1085 1799 
f 1624 1799 1543 
f 1799 1624 1798 
f 1749 1754 1802 
f 1754 1752 1801 
f 1802 1801 1800 
f 1801 1802 1754 
f 1749 1802 1805 
f 1802 1800 1804 
f 1805 1804 1803 
f 1804 1805 1802 
f 1794 1795 1806 
f 1795 1749 1805 
f 1806 1805 1803 
f 1805 1806 1795 
f 1800 1801 1809 
f 1801 1752 1808 
f 1809 1808 1807 
f 1808 1809 1801 
f 1807 1808 1811 
f 1808 1752 1810 
f 1811 1810 576 
f 1810 1811 1808 
f 576 1810 1812 
f 1810 1752 1755 
f 1812 1755 1742 
f 1755 1812 1810 
f 1800 1809 1815 
f 1809 1807 1814 
f 1815 1814 1813 
f 1814 1815 1809 
f 1800 1815 1818 
f 1815 1813 1817 
f 1818 1817 1816 
f 1817 1818 1815 
f 1800 1818 1804 
f 1818 1816 1819 
f 1804 1819 1803 
f 1819 1804 1818 
f 1082 1091 1822 
f 1091 1089 1821 
f 1822 1821 1820 
f 1821 1822 1091 
f 1085 1086 1825 
f 1086 1082 1824 
f 1825 1824 1823 
f 1824 1825 1086 
f 1823 1824 1826 
f 1824 1082 1822 
f 1826 1822 1820 
f 1822 1826 1824 
f 1089 1094 1829 
f 1094 1092 1828 
f 1829 1828 1827 
f 1828 1829 1094 
f 1089 1829 1832 
f 1829 1827 1831 
f 1832 1831 1830 
f 1831 1832 1829 
f 1089 1832 1821 
f 1832 1830 1833 
f 1821 1833 1820 
f 1833 1821 1832 
f 155 165 1836 
f 165 162 1835 
f 1836 1835 1834 
f 1835 1836 165 
f 665 666 1837 
f 666 155 1836 
f 1837 1836 1834 
f 1836 1837 666 
f 162 681 1840 
f 681 679 1839 
f 1840 1839 1838 
f 1839 1840 681 
f 162 1840 1843 
f 1840 1838 1842 
f 1843 1842 1841 
f 1842 1843 1840 
f 162 1843 1835 
f 1843 1841 1844 
f 1835 1844 1834 
f 1844 1835 1843 
f 1827 1828 1847 
f 1828 1092 1846 
f 1847 1846 1845 
f 1846 1847 1828 
f 1092 1095 1850 
f 1095 1078 1849 
f 1850 1849 1848 
f 1849 1850 1095 
f 1092 1850 1846 
f 1850 1848 1851 
f 1846 1851 1845 
f 1851 1846 1850 
f 1830 1831 1854 
f 1831 1827 1853 
f 1854 1853 1852 
f 1853 1854 1831 
f 1852 1853 1856 
f 1853 1827 1855 
f 1856 1855 1841 
f 1855 1856 1853 
f 1841 1855 1857 
f 1855 1827 1847 
f 1857 1847 1845 
f 1847 1857 1855 
f 668 669 1860 
f 669 665 1859 
f 1860 1859 1858 
f 1859 1860 669 
f 1858 1859 1863 
f 1859 665 1862 
f 1863 1862 1861 
f 1862 1863 1859 
f 1861 1862 1864 
f 1862 665 1837 
f 1864 1837 1834 
f 1837 1864 1862 
f 1830 1854 1866 
f 1854 1852 1865 
f 1866 1865 1229 
f 1865 1866 1854 
f 1830 1866 1868 
f 1866 1229 1867 
f 1868 1867 1583 
f 1867 1868 1866 
f 1820 1833 1869 
f 1833 1830 1868 
f 1869 1868 1583 
f 1868 1869 1833 
f 1852 1870 1872 
f 1870 1838 1871 
f 1872 1871 1230 
f 1871 1872 1870 
f 1838 1870 1842 
f 1870 1852 1856 
f 1842 1856 1841 
f 1856 1842 1870 
f 1229 1865 1232 
f 1865 1852 1872 
f 1232 1872 1230 
f 1872 1232 1865 
f 1728 1764 1874 
f 1764 1762 1873 
f 1874 1873 1600 
f 1873 1874 1764 
f 1728 1874 1877 
f 1874 1600 1876 
f 1877 1876 1875 
f 1876 1877 1874 
f 1731 1732 1878 
f 1732 1728 1877 
f 1878 1877 1875 
f 1877 1878 1732 
f 1762 1766 1879 
f 1766 1260 1264 
f 1879 1264 1261 
f 1264 1879 1766 
f 1762 1879 1882 
f 1879 1261 1881 
f 1882 1881 1880 
f 1881 1882 1879 
f 1600 1873 1883 
f 1873 1762 1882 
f 1883 1882 1880 
f 1882 1883 1873 
f 1756 1757 1885 
f 1757 1735 1884 
f 1885 1884 1593 
f 1884 1885 1757 
f 1593 1884 1888 
f 1884 1735 1887 
f 1888 1887 1886 
f 1887 1888 1884 
f 1735 1740 1887 
f 1740 1738 1889 
f 1887 1889 1886 
f 1889 1887 1740 
f 1268 1759 1271 
f 1759 1756 1890 
f 1271 1890 1269 
f 1890 1271 1759 
f 1269 1890 1893 
f 1890 1756 1892 
f 1893 1892 1891 
f 1892 1893 1890 
f 1756 1885 1892 
f 1885 1593 1894 
f 1892 1894 1891 
f 1894 1892 1885 
f 668 1860 1897 
f 1860 1858 1896 
f 1897 1896 1895 
f 1896 1897 1860 
f 668 1897 1899 
f 1897 1895 1898 
f 1899 1898 1604 
f 1898 1899 1897 
f 654 671 1900 
f 671 668 1899 
f 1900 1899 1604 
f 1899 1900 671 
f 1774 1775 1903 
f 1775 1656 1902 
f 1903 1902 1901 
f 1902 1903 1775 
f 1901 1902 1905 
f 1902 1656 1904 
f 1905 1904 1054 
f 1904 1905 1902 
f 1656 1659 1904 
f 1659 1362 1906 
f 1904 1906 1054 
f 1906 1904 1659 
f 1774 1903 1909 
f 1903 1901 1908 
f 1909 1908 1907 
f 1908 1909 1903 
f 1774 1909 1912 
f 1909 1907 1911 
f 1912 1911 1910 
f 1911 1912 1909 
f 1774 1912 1778 
f 1912 1910 1913 
f 1778 1913 1777 
f 1913 1778 1912 
f 1635 1789 1916 
f 1789 1787 1915 
f 1916 1915 1914 
f 1915 1916 1789 
f 1635 1916 1918 
f 1916 1914 1917 
f 1918 1917 1050 
f 1917 1918 1916 
f 1376 1638 1919 
f 1638 1635 1918 
f 1919 1918 1050 
f 1918 1919 1638 
f 1914 1915 1922 
f 1915 1787 1921 
f 1922 1921 1920 
f 1921 1922 1915 
f 1920 1921 1925 
f 1921 1787 1924 
f 1925 1924 1923 
f 1924 1925 1921 
f 1787 1792 1924 
f 1792 1790 1926 
f 1924 1926 1923 
f 1926 1924 1792 
f 1106 1107 1929 
f 1107 1022 1928 
f 1929 1928 1927 
f 1928 1929 1107 
f 1927 1928 1931 
f 1928 1022 1930 
f 1931 1930 1387 
f 1930 1931 1928 
f 1022 1025 1930 
f 1025 707 1389 
f 1930 1389 1387 
f 1389 1930 1025 
f 1106 1929 1934 
f 1929 1927 1933 
f 1934 1933 1932 
f 1933 1934 1929 
f 1106 1934 1936 
f 1934 1932 1935 
f 1936 1935 1485 
f 1935 1936 1934 
f 1103 1109 1486 
f 1109 1106 1936 
f 1486 1936 1485 
f 1936 1486 1109 
f 1036 1164 1939 
f 1164 1162 1938 
f 1939 1938 1937 
f 1938 1939 1164 
f 1036 1939 1941 
f 1939 1937 1940 
f 1941 1940 1394 
f 1940 1941 1939 
f 714 1039 1395 
f 1039 1036 1941 
f 1395 1941 1394 
f 1941 1395 1039 
f 1937 1938 1944 
f 1938 1162 1943 
f 1944 1943 1942 
f 1943 1944 1938 
f 1942 1943 1946 
f 1943 1162 1945 
f 1946 1945 1492 
f 1945 1946 1943 
f 1162 1165 1945 
f 1165 1159 1494 
f 1945 1494 1492 
f 1494 1945 1165 
f 1932 1933 1948 
f 1933 1927 1947 
f 1948 1947 1499 
f 1947 1948 1933 
f 1499 1947 1951 
f 1947 1927 1950 
f 1951 1950 1949 
f 1950 1951 1947 
f 1949 1950 1952 
f 1950 1927 1931 
f 1952 1931 1387 
f 1931 1952 1950 
f 1932 1948 1955 
f 1948 1499 1954 
f 1955 1954 1953 
f 1954 1955 1948 
f 1932 1955 1958 
f 1955 1953 1957 
f 1958 1957 1956 
f 1957 1958 1955 
f 1932 1958 1935 
f 1958 1956 1959 
f 1935 1959 1485 
f 1959 1935 1958 
f 1937 1944 1961 
f 1944 1942 1960 
f 1961 1960 1509 
f 1960 1961 1944 
f 1937 1961 1964 
f 1961 1509 1963 
f 1964 1963 1962 
f 1963 1964 1961 
f 1937 1964 1940 
f 1964 1962 1965 
f 1940 1965 1394 
f 1965 1940 1964 
f 1509 1960 1968 
f 1960 1942 1967 
f 1968 1967 1966 
f 1967 1968 1960 
f 1966 1967 1971 
f 1967 1942 1970 
f 1971 1970 1969 
f 1970 1971 1967 
f 1969 1970 1972 
f 1970 1942 1946 
f 1972 1946 1492 
f 1946 1972 1970 
f 547 1679 553 
f 1679 1663 1973 
f 553 1973 552 
f 1973 553 1679 
f 1300 1974 1975 
f 1974 1663 1666 
f 1975 1666 1649 
f 1666 1975 1974 
f 1663 1974 1973 
f 1974 1300 1976 
f 1973 1976 552 
f 1976 1973 1974 
f 1642 1692 1977 
f 1692 557 564 
f 1977 564 562 
f 564 1977 1692 
f 1628 1645 1979 
f 1645 1642 1978 
f 1979 1978 1348 
f 1978 1979 1645 
f 1348 1978 1980 
f 1978 1642 1977 
f 1980 1977 562 
f 1977 1980 1978 
f 1590 1705 1982 
f 1705 1703 1981 
f 1982 1981 627 
f 1981 1982 1705 
f 1593 1594 1894 
f 1594 1590 1983 
f 1894 1983 1891 
f 1983 1894 1594 
f 1891 1983 1984 
f 1983 1590 1982 
f 1984 1982 627 
f 1982 1984 1983 
f 1717 1718 1986 
f 1718 1597 1985 
f 1986 1985 620 
f 1985 1986 1718 
f 1597 1602 1987 
f 1602 1600 1883 
f 1987 1883 1880 
f 1883 1987 1602 
f 1597 1987 1985 
f 1987 1880 1988 
f 1985 1988 620 
f 1988 1985 1987 
f 763 1990 766 
f 1990 1989 1991 
f 766 1991 700 
f 1991 766 1990 
f 1989 1990 1993 
f 1990 763 1992 
f 1993 1992 1551 
f 1992 1993 1990 
f 763 822 1992 
f 822 819 1553 
f 1992 1553 1551 
f 1553 1992 822 
f 679 682 1995 
f 682 672 1994 
f 1995 1994 1989 
f 1994 1995 682 
f 1989 1994 1991 
f 1994 672 703 
f 1991 703 700 
f 703 1991 1994 
f 1838 1839 1998 
f 1839 679 1997 
f 1998 1997 1996 
f 1997 1998 1839 
f 1996 1997 1999 
f 1997 679 1995 
f 1999 1995 1989 
f 1995 1999 1997 
f 1907 1908 2002 
f 1908 1901 2001 
f 2002 2001 2000 
f 2001 2002 1908 
f 2000 2001 2004 
f 2001 1901 2003 
f 2004 2003 1057 
f 2003 2004 2001 
f 1901 1905 2003 
f 1905 1054 1059 
f 2003 1059 1057 
f 1059 2003 1905 
f 1907 2002 2007 
f 2002 2000 2006 
f 2007 2006 2005 
f 2006 2007 2002 
f 1907 2007 2010 
f 2007 2005 2009 
f 2010 2009 2008 
f 2009 2010 2007 
f 1910 1911 2011 
f 1911 1907 2010 
f 2011 2010 2008 
f 2010 2011 1911 
f 2005 2006 2014 
f 2006 2000 2013 
f 2014 2013 2012 
f 2013 2014 2006 
f 2012 2013 2017 
f 2013 2000 2016 
f 2017 2016 2015 
f 2016 2017 2013 
f 2015 2016 2018 
f 2016 2000 2004 
f 2018 2004 1057 
f 2004 2018 2016 
f 2005 2014 2021 
f 2014 2012 2020 
f 2021 2020 2019 
f 2020 2021 2014 
f 2005 2021 2024 
f 2021 2019 2023 
f 2024 2023 2022 
f 2023 2024 2021 
f 2005 2024 2009 
f 2024 2022 2025 
f 2009 2025 2008 
f 2025 2009 2024 
f 1910 2011 2027 
f 2011 2008 2026 
f 2027 2026 732 
f 2026 2027 2011 
f 1910 2027 2029 
f 2027 732 2028 
f 2029 2028 572 
f 2028 2029 2027 
f 1910 2029 1913 
f 2029 572 2030 
f 1913 2030 1777 
f 2030 1913 2029 
f 1914 1922 2033 
f 1922 1920 2032 
f 2033 2032 2031 
f 2032 2033 1922 
f 1914 2033 2035 
f 2033 2031 2034 
f 2035 2034 1047 
f 2034 2035 2033 
f 1050 1917 1053 
f 1917 1914 2035 
f 1053 2035 1047 
f 2035 1053 1917 
f 2031 2032 2038 
f 2032 1920 2037 
f 2038 2037 2036 
f 2037 2038 2032 
f 2036 2037 2041 
f 2037 1920 2040 
f 2041 2040 2039 
f 2040 2041 2037 
f 2039 2040 2042 
f 2040 1920 1925 
f 2042 1925 1923 
f 1925 2042 2040 
f 1895 1896 2045 
f 1896 1858 2044 
f 2045 2044 2043 
f 2044 2045 1896 
f 2043 2044 2047 
f 2044 1858 2046 
f 2047 2046 1848 
f 2046 2047 2044 
f 1858 1863 2046 
f 1863 1861 2048 
f 2046 2048 1848 
f 2048 2046 1863 
f 1895 2045 2050 
f 2045 2043 2049 
f 2050 2049 1522 
f 2049 2050 2045 
f 1604 1898 1608 
f 1898 1895 2051 
f 1608 2051 1607 
f 2051 1608 1898 
f 1607 2051 2052 
f 2051 1895 2050 
f 2052 2050 1522 
f 2050 2052 2051 
f 2031 2038 2055 
f 2038 2036 2054 
f 2055 2054 2053 
f 2054 2055 2038 
f 2031 2055 2057 
f 2055 2053 2056 
f 2057 2056 1242 
f 2056 2057 2055 
f 1047 2034 2058 
f 2034 2031 2057 
f 2058 2057 1242 
f 2057 2058 2034 
f 2036 2041 2061 
f 2041 2039 2060 
f 2061 2060 2059 
f 2060 2061 2041 
f 2036 2061 2064 
f 2061 2059 2063 
f 2064 2063 2062 
f 2063 2064 2061 
f 2036 2064 2054 
f 2064 2062 2065 
f 2054 2065 2053 
f 2065 2054 2064 
f 1078 2066 1849 
f 2066 2043 2047 
f 1849 2047 1848 
f 2047 1849 2066 
f 2043 2066 2068 
f 2066 1078 2067 
f 2068 2067 1519 
f 2067 2068 2066 
f 1522 2049 1525 
f 2049 2043 2068 
f 1525 2068 1519 
f 2068 1525 2049 
f 1714 1720 2070 
f 1720 1717 2069 
f 2070 2069 647 
f 2069 2070 1720 
f 647 2069 2072 
f 2069 1717 2071 
f 2072 2071 476 
f 2071 2072 2069 
f 476 2071 621 
f 2071 1717 1986 
f 621 1986 620 
f 1986 621 2071 
f 1703 1706 2074 
f 1706 1700 2073 
f 2074 2073 637 
f 2073 2074 1706 
f 1703 2074 2076 
f 2074 637 2075 
f 2076 2075 230 
f 2075 2076 2074 
f 627 1981 629 
f 1981 1703 2076 
f 629 2076 230 
f 2076 629 1981 
f 826 976 2078 
f 976 973 2077 
f 2078 2077 1408 
f 2077 2078 976 
f 973 1372 2080 
f 1372 1369 2079 
f 2080 2079 1411 
f 2079 2080 1372 
f 1408 2077 1412 
f 2077 973 2080 
f 1412 2080 1411 
f 2080 1412 2077 
f 798 801 1409 
f 801 770 2081 
f 1409 2081 1408 
f 2081 1409 801 
f 770 829 2081 
f 829 826 2078 
f 2081 2078 1408 
f 2078 2081 829 
f 917 920 2083 
f 920 812 2082 
f 2083 2082 1401 
f 2082 2083 920 
f 1383 1386 2085 
f 1386 917 2084 
f 2085 2084 1404 
f 2084 2085 1386 
f 917 2083 2084 
f 2083 1401 1406 
f 2084 1406 1404 
f 1406 2084 2083 
f 756 808 2086 
f 808 805 1403 
f 2086 1403 1401 
f 1403 2086 808 
f 812 815 2082 
f 815 756 2086 
f 2082 2086 1401 
f 2086 2082 815 
f 2019 2020 2088 
f 2020 2012 2087 
f 2088 2087 1225 
f 2087 2088 2020 
f 2012 2017 2090 
f 2017 2015 2089 
f 2090 2089 980 
f 2089 2090 2017 
f 2012 2090 2087 
f 2090 980 1228 
f 2087 1228 1225 
f 1228 2087 2090 
f 2022 2023 2092 
f 2023 2019 2091 
f 2092 2091 1334 
f 2091 2092 2023 
f 1334 2091 2095 
f 2091 2019 2094 
f 2095 2094 2093 
f 2094 2095 2091 
f 2019 2088 2094 
f 2088 1225 2096 
f 2094 2096 2093 
f 2096 2094 2088 
f 131 138 2099 
f 138 122 2098 
f 2099 2098 2097 
f 2098 2099 138 
f 131 2099 2101 
f 2099 2097 2100 
f 2101 2100 1565 
f 2100 2101 2099 
f 131 2102 140 
f 2102 523 528 
f 140 528 22 
f 528 140 2102 
f 523 2102 1566 
f 2102 131 2101 
f 1566 2101 1565 
f 2101 1566 2102 
f 126 139 2105 
f 139 135 2104 
f 2105 2104 2103 
f 2104 2105 139 
f 2103 2104 2107 
f 2104 135 2106 
f 2107 2106 1558 
f 2106 2107 2104 
f 182 2108 186 
f 2108 135 141 
f 186 141 18 
f 141 186 2108 
f 135 2108 2106 
f 2108 182 1561 
f 2106 1561 1558 
f 1561 2106 2108 
f 1949 2109 2110 
f 2109 32 49 
f 2110 49 42 
f 49 2110 2109 
f 32 2109 2112 
f 2109 1949 2111 
f 2112 2111 1390 
f 2111 2112 2109 
f 3 39 153 
f 39 32 2113 
f 153 2113 150 
f 2113 153 39 
f 32 2112 2113 
f 2112 1390 1393 
f 2113 1393 150 
f 1393 2113 2112 
f 36 2114 50 
f 2114 1962 2115 
f 50 2115 46 
f 2115 50 2114 
f 1962 2114 2117 
f 2114 36 2116 
f 2117 2116 1397 
f 2116 2117 2114 
f 36 40 2118 
f 40 7 180 
f 2118 180 177 
f 180 2118 40 
f 1397 2116 1400 
f 2116 36 2118 
f 1400 2118 177 
f 2118 1400 2116 
f 2059 2060 2120 
f 2060 2039 2119 
f 2120 2119 610 
f 2119 2120 2060 
f 2039 2042 2122 
f 2042 1923 2121 
f 2122 2121 1318 
f 2121 2122 2042 
f 610 2119 1323 
f 2119 2039 2122 
f 1323 2122 1318 
f 2122 1323 2119 
f 1369 1673 2079 
f 1673 1670 2123 
f 2079 2123 1411 
f 2123 2079 1673 
f 1670 1734 2125 
f 1734 1731 2124 
f 2125 2124 1194 
f 2124 2125 1734 
f 1411 2123 1414 
f 2123 1670 2125 
f 1414 2125 1194 
f 2125 1414 2123 
f 1683 1686 2126 
f 1686 1383 2085 
f 2126 2085 1404 
f 2085 2126 1686 
f 1738 1741 2128 
f 1741 1683 2127 
f 2128 2127 1138 
f 2127 2128 1741 
f 1683 2126 2127 
f 2126 1404 1407 
f 2127 1407 1138 
f 1407 2127 2126 
f 2022 2092 2129 
f 2092 1334 1341 
f 2129 1341 1339 
f 1341 2129 2092 
f 2008 2025 2131 
f 2025 2022 2130 
f 2131 2130 735 
f 2130 2131 2025 
f 735 2130 2132 
f 2130 2022 2129 
f 2132 2129 1339 
f 2129 2132 2130 
f 1923 1926 2134 
f 1926 1790 2133 
f 2134 2133 583 
f 2133 2134 1926 
f 583 2133 587 
f 2133 1790 2135 
f 587 2135 586 
f 2135 587 2133 
f 1790 1793 2135 
f 1793 1781 2136 
f 2135 2136 586 
f 2136 2135 1793 
f 1600 1603 1876 
f 1603 1453 2137 
f 1876 2137 1875 
f 2137 1876 1603 
f 1453 1456 2138 
f 1456 1183 1199 
f 2138 1199 1197 
f 1199 2138 1456 
f 1453 2138 2137 
f 2138 1197 2139 
f 2137 2139 1875 
f 2139 2137 2138 
f 1432 1596 2140 
f 1596 1593 1888 
f 2140 1888 1886 
f 1888 2140 1596 
f 1127 1435 1142 
f 1435 1432 2141 
f 1142 2141 1141 
f 2141 1142 1435 
f 1141 2141 2142 
f 2141 1432 2140 
f 2142 2140 1886 
f 2140 2142 2141 
f 2062 2063 2145 
f 2063 2059 2144 
f 2145 2144 2143 
f 2144 2145 2063 
f 2143 2144 2147 
f 2144 2059 2146 
f 2147 2146 613 
f 2146 2147 2144 
f 2059 2120 2146 
f 2120 610 615 
f 2146 615 613 
f 615 2146 2120 
f 2062 2145 2150 
f 2145 2143 2149 
f 2150 2149 2148 
f 2149 2150 2145 
f 2062 2150 2153 
f 2150 2148 2152 
f 2153 2152 2151 
f 2152 2153 2150 
f 2062 2153 2065 
f 2153 2151 2154 
f 2065 2154 2053 
f 2154 2065 2153 
f 2148 2149 2156 
f 2149 2143 2155 
f 2156 2155 1324 
f 2155 2156 2149 
f 1324 2155 1330 
f 2155 2143 2157 
f 1330 2157 1329 
f 2157 1330 2155 
f 2143 2147 2157 
f 2147 613 2158 
f 2157 2158 1329 
f 2158 2157 2147 
f 2151 2152 2160 
f 2152 2148 2159 
f 2160 2159 1304 
f 2159 2160 2152 
f 2148 2156 2163 
f 2156 1324 2162 
f 2163 2162 2161 
f 2162 2163 2156 
f 2148 2163 2159 
f 2163 2161 2164 
f 2159 2164 1304 
f 2164 2159 2163 
f 1296 1771 1298 
f 1771 1768 2165 
f 1298 2165 566 
f 2165 1298 1771 
f 566 2165 569 
f 2165 1768 2166 
f 569 2166 567 
f 2166 569 2165 
f 1768 1780 2166 
f 1780 1777 2167 
f 2166 2167 567 
f 2167 2166 1780 
f 994 2168 1305 
f 2168 2151 2160 
f 1305 2160 1304 
f 2160 1305 2168 
f 2151 2168 2169 
f 2168 994 1241 
f 2169 1241 1239 
f 1241 2169 2168 
f 2053 2154 2170 
f 2154 2151 2169 
f 2170 2169 1239 
f 2169 2170 2154 
f 1085 1797 1088 
f 1797 1794 2171 
f 1088 2171 1071 
f 2171 1088 1797 
f 1794 1806 2173 
f 1806 1803 2172 
f 2173 2172 1099 
f 2172 2173 1806 
f 1071 2171 1100 
f 2171 1794 2173 
f 1100 2173 1099 
f 2173 1100 2171 
f 1841 2174 1844 
f 2174 1861 1864 
f 1844 1864 1834 
f 1864 1844 2174 
f 1861 2174 2175 
f 2174 1841 1857 
f 2175 1857 1845 
f 1857 2175 2174 
f 1848 2048 1851 
f 2048 1861 2175 
f 1851 2175 1845 
f 2175 1851 2048 
f 980 2089 983 
f 2089 2015 2176 
f 983 2176 959 
f 2176 983 2089 
f 2015 2018 2176 
f 2018 1057 1060 
f 2176 1060 959 
f 1060 2176 2018 
f 546 1265 549 
f 1265 1260 1767 
f 549 1767 547 
f 1767 549 1265 
f 1268 1274 1761 
f 1274 556 560 
f 1761 560 557 
f 560 1761 1274 
f 1838 1998 1871 
f 1998 1996 2177 
f 1871 2177 1230 
f 2177 1871 1998 
f 1230 2177 1236 
f 2177 1996 2178 
f 1236 2178 1235 
f 2178 1236 2177 
f 1235 2178 1549 
f 2178 1996 2179 
f 1549 2179 1548 
f 2179 1549 2178 
f 1996 1999 2179 
f 1999 1989 2180 
f 2179 2180 1548 
f 2180 2179 1999 
f 1813 1814 2182 
f 1814 1807 2181 
f 2182 2181 1314 
f 2181 2182 1814 
f 1807 1811 2184 
f 1811 576 2183 
f 2184 2183 1311 
f 2183 2184 1811 
f 1314 2181 1317 
f 2181 1807 2184 
f 1317 2184 1311 
f 2184 1317 2181 
f 1816 1817 2187 
f 1817 1813 2186 
f 2187 2186 2185 
f 2186 2187 1817 
f 2185 2186 2189 
f 2186 1813 2188 
f 2189 2188 603 
f 2188 2189 2186 
f 603 2188 2190 
f 2188 1813 2182 
f 2190 2182 1314 
f 2182 2190 2188 
f 1816 2187 2193 
f 2187 2185 2192 
f 2193 2192 2191 
f 2192 2193 2187 
f 1816 2193 2195 
f 2193 2191 2194 
f 2195 2194 1096 
f 2194 2195 2193 
f 1803 1819 2196 
f 1819 1816 2195 
f 2196 2195 1096 
f 2195 2196 1819 
f 2191 2192 2199 
f 2192 2185 2198 
f 2199 2198 2197 
f 2198 2199 2192 
f 2197 2198 2201 
f 2198 2185 2200 
f 2201 2200 604 
f 2200 2201 2198 
f 2185 2189 2200 
f 2189 603 607 
f 2200 607 604 
f 607 2200 2189 
f 2191 2199 2203 
f 2199 2197 2202 
f 2203 2202 1222 
f 2202 2203 2199 
f 2191 2203 2204 
f 2203 1222 1224 
f 2204 1224 1064 
f 1224 2204 2203 
f 2191 2204 2194 
f 2204 1064 1098 
f 2194 1098 1096 
f 1098 2194 2204 
f 1222 2202 2206 
f 2202 2197 2205 
f 2206 2205 2093 
f 2205 2206 2202 
f 2197 2201 2208 
f 2201 604 2207 
f 2208 2207 1335 
f 2207 2208 2201 
f 2093 2205 2209 
f 2205 2197 2208 
f 2209 2208 1335 
f 2208 2209 2205 
f 1296 1302 1773 
f 1302 1300 1975 
f 1773 1975 1649 
f 1975 1773 1302 
f 1334 2095 1337 
f 2095 2093 2209 
f 1337 2209 1335 
f 2209 1337 2095 
f 1225 1226 2096 
f 1226 1222 2206 
f 2096 2206 2093 
f 2206 2096 1226 
f 1085 1825 1799 
f 1825 1823 2210 
f 1799 2210 1543 
f 2210 1799 1825 
f 1543 2210 1546 
f 2210 1823 2211 
f 1546 2211 1529 
f 2211 1546 2210 
f 1823 1826 2213 
f 1826 1820 2212 
f 2213 2212 1586 
f 2212 2213 1826 
f 1529 2211 1587 
f 2211 1823 2213 
f 1587 2213 1586 
f 2213 1587 2211 
f 2161 2162 2214 
f 2162 1324 1328 
f 2214 1328 1325 
f 1328 2214 2162 
f 2161 2214 2217 
f 2214 1325 2216 
f 2217 2216 2215 
f 2216 2217 2214 
f 2161 2217 2219 
f 2217 2215 2218 
f 2219 2218 1307 
f 2218 2219 2217 
f 1304 2164 1310 
f 2164 2161 2219 
f 1310 2219 1307 
f 2219 1310 2164 
f 2215 2216 2221 
f 2216 1325 2220 
f 2221 2220 599 
f 2220 2221 2216 
f 1325 1332 2222 
f 1332 326 595 
f 2222 595 593 
f 595 2222 1332 
f 599 2220 602 
f 2220 1325 2222 
f 602 2222 593 
f 2222 602 2220 
f 1696 2223 2224 
f 2223 2215 2221 
f 2224 2221 599 
f 2221 2224 2223 
f 2215 2223 2225 
f 2223 1696 1699 
f 2225 1699 1693 
f 1699 2225 2223 
f 1307 2218 2226 
f 2218 2215 2225 
f 2226 2225 1693 
f 2225 2226 2218 
f 1078 1081 2067 
f 1081 987 1521 
f 2067 1521 1519 
f 1521 2067 1081 
f 242 1275 625 
f 1275 1269 2227 
f 625 2227 624 
f 2227 625 1275 
f 1269 1893 2227 
f 1893 1891 2228 
f 2227 2228 624 
f 2228 2227 1893 
f 1261 1267 2229 
f 1267 464 619 
f 2229 619 617 
f 619 2229 1267 
f 1880 1881 2230 
f 1881 1261 2229 
f 2230 2229 617 
f 2229 2230 1881 
f 1229 1234 1867 
f 1234 1001 1585 
f 1867 1585 1583 
f 1585 1867 1234 
f 576 1812 580 
f 1812 1742 2231 
f 580 2231 579 
f 2231 580 1812 
f 576 578 2183 
f 578 362 1313 
f 2183 1313 1311 
f 1313 2183 578 
f 1953 1954 2232 
f 1954 1499 1503 
f 2232 1503 1500 
f 1503 2232 1954 
f 1499 1951 1505 
f 1951 1949 2233 
f 1505 2233 1504 
f 2233 1505 1951 
f 1956 1957 2236 
f 1957 1953 2235 
f 2236 2235 2234 
f 2235 2236 1957 
f 2234 2235 2238 
f 2235 1953 2237 
f 2238 2237 542 
f 2237 2238 2235 
f 542 2237 2239 
f 2237 1953 2232 
f 2239 2232 1500 
f 2232 2239 2237 
f 1956 2236 2242 
f 2236 2234 2241 
f 2242 2241 2240 
f 2241 2242 2236 
f 1956 2242 2244 
f 2242 2240 2243 
f 2244 2243 1488 
f 2243 2244 2242 
f 1485 1959 1489 
f 1959 1956 2244 
f 1489 2244 1488 
f 2244 1489 1959 
f 2240 2241 2247 
f 2241 2234 2246 
f 2247 2246 2245 
f 2246 2247 2241 
f 2245 2246 2249 
f 2246 2234 2248 
f 2249 2248 539 
f 2248 2249 2246 
f 539 2248 545 
f 2248 2234 2238 
f 545 2238 542 
f 2238 545 2248 
f 2240 2247 2252 
f 2247 2245 2251 
f 2252 2251 2250 
f 2251 2252 2247 
f 2240 2252 2255 
f 2252 2250 2254 
f 2255 2254 2253 
f 2254 2255 2252 
f 2240 2255 2243 
f 2255 2253 2256 
f 2243 2256 1488 
f 2256 2243 2255 
f 2250 2251 2259 
f 2251 2245 2258 
f 2259 2258 2257 
f 2258 2259 2251 
f 2257 2258 2261 
f 2258 2245 2260 
f 2261 2260 784 
f 2260 2261 2258 
f 2245 2249 2260 
f 2249 539 2262 
f 2260 2262 784 
f 2262 2260 2249 
f 2253 2254 2265 
f 2254 2250 2264 
f 2265 2264 2263 
f 2264 2265 2254 
f 2263 2264 2268 
f 2264 2250 2267 
f 2268 2267 2266 
f 2267 2268 2264 
f 2266 2267 2269 
f 2267 2250 2259 
f 2269 2259 2257 
f 2259 2269 2267 
f 2253 2265 2271 
f 2265 2263 2270 
f 2271 2270 1425 
f 2270 2271 2265 
f 1488 2256 1491 
f 2256 2253 2272 
f 1491 2272 1155 
f 2272 1491 2256 
f 1155 2272 1426 
f 2272 2253 2271 
f 1426 2271 1425 
f 2271 1426 2272 
f 2263 2268 2275 
f 2268 2266 2274 
f 2275 2274 2273 
f 2274 2275 2268 
f 2263 2275 2278 
f 2275 2273 2277 
f 2278 2277 2276 
f 2277 2278 2275 
f 2263 2278 2270 
f 2278 2276 2279 
f 2270 2279 1425 
f 2279 2270 2278 
f 2273 2274 2282 
f 2274 2266 2281 
f 2282 2281 2280 
f 2281 2282 2274 
f 2280 2281 2285 
f 2281 2266 2284 
f 2285 2284 2283 
f 2284 2285 2281 
f 2283 2284 2286 
f 2284 2266 2269 
f 2286 2269 2257 
f 2269 2286 2284 
f 2273 2282 2289 
f 2282 2280 2288 
f 2289 2288 2287 
f 2288 2289 2282 
f 2273 2289 2292 
f 2289 2287 2291 
f 2292 2291 2290 
f 2291 2292 2289 
f 2273 2292 2277 
f 2292 2290 2293 
f 2277 2293 2276 
f 2293 2277 2292 
f 2287 2288 2296 
f 2288 2280 2295 
f 2296 2295 2294 
f 2295 2296 2288 
f 2294 2295 2298 
f 2295 2280 2297 
f 2298 2297 1282 
f 2297 2298 2295 
f 2280 2285 2297 
f 2285 2283 2299 
f 2297 2299 1282 
f 2299 2297 2285 
f 2290 2291 2302 
f 2291 2287 2301 
f 2302 2301 2300 
f 2301 2302 2291 
f 2287 2296 2305 
f 2296 2294 2304 
f 2305 2304 2303 
f 2304 2305 2296 
f 2300 2301 2306 
f 2301 2287 2305 
f 2306 2305 2303 
f 2305 2306 2301 
f 2290 2302 2309 
f 2302 2300 2308 
f 2309 2308 2307 
f 2308 2309 2302 
f 2290 2309 2312 
f 2309 2307 2311 
f 2312 2311 2310 
f 2311 2312 2309 
f 2290 2312 2293 
f 2312 2310 2313 
f 2293 2313 2276 
f 2313 2293 2312 
f 2294 2314 2316 
f 2314 2103 2315 
f 2316 2315 1555 
f 2315 2316 2314 
f 2103 2314 2318 
f 2314 2294 2317 
f 2318 2317 1276 
f 2317 2318 2314 
f 2303 2304 2319 
f 2304 2294 2316 
f 2319 2316 1555 
f 2316 2319 2304 
f 2294 2298 2317 
f 2298 1282 1284 
f 2317 1284 1276 
f 1284 2317 2298 
f 2283 2286 2321 
f 2286 2257 2320 
f 2321 2320 781 
f 2320 2321 2286 
f 1282 2299 1285 
f 2299 2283 2322 
f 1285 2322 1279 
f 2322 1285 2299 
f 2283 2321 2322 
f 2321 781 2323 
f 2322 2323 1279 
f 2323 2322 2321 
f 2307 2308 2325 
f 2308 2300 2324 
f 2325 2324 865 
f 2324 2325 2308 
f 865 2324 869 
f 2324 2300 2326 
f 869 2326 868 
f 2326 869 2324 
f 2300 2306 2326 
f 2306 2303 2327 
f 2326 2327 868 
f 2327 2326 2306 
f 2310 2311 2329 
f 2311 2307 2328 
f 2329 2328 1710 
f 2328 2329 2311 
f 2307 2325 2331 
f 2325 865 2330 
f 2331 2330 631 
f 2330 2331 2325 
f 2307 2331 2333 
f 2331 631 2332 
f 2333 2332 1707 
f 2332 2333 2331 
f 2307 2333 2328 
f 2333 1707 1712 
f 2328 1712 1710 
f 1712 2328 2333 
f 2276 2313 2335 
f 2313 2310 2334 
f 2335 2334 1422 
f 2334 2335 2313 
f 1422 2334 2336 
f 2334 2310 2329 
f 2336 2329 1710 
f 2329 2336 2334 
f 631 2330 633 
f 2330 865 2337 
f 633 2337 212 
f 2337 633 2330 
f 212 2337 216 
f 2337 865 867 
f 216 867 206 
f 867 216 2337 
f 1949 2110 2233 
f 2110 42 1508 
f 2233 1508 1504 
f 1508 2233 2110 
f 1949 1952 2111 
f 1952 1387 1392 
f 2111 1392 1390 
f 1392 2111 1952 
f 1707 2332 2338 
f 2332 631 636 
f 2338 636 634 
f 636 2338 2332 
f 1509 1968 1512 
f 1968 1966 2339 
f 1512 2339 1510 
f 2339 1512 1968 
f 1962 1963 2340 
f 1963 1509 1516 
f 2340 1516 1514 
f 1516 2340 1963 
f 1966 1971 2342 
f 1971 1969 2341 
f 2342 2341 529 
f 2341 2342 1971 
f 1966 2342 2343 
f 2342 529 536 
f 2343 536 534 
f 536 2343 2342 
f 1510 2339 2344 
f 2339 1966 2343 
f 2344 2343 534 
f 2343 2344 2339 
f 529 2341 2347 
f 2341 1969 2346 
f 2347 2346 2345 
f 2346 2347 2341 
f 2345 2346 2349 
f 2346 1969 2348 
f 2349 2348 1495 
f 2348 2349 2346 
f 1969 1972 2348 
f 1972 1492 1497 
f 2348 1497 1495 
f 1497 2348 1972 
f 529 2347 2352 
f 2347 2345 2351 
f 2352 2351 2350 
f 2351 2352 2347 
f 529 2352 532 
f 2352 2350 2353 
f 532 2353 530 
f 2353 532 2352 
f 2350 2351 2356 
f 2351 2345 2355 
f 2356 2355 2354 
f 2355 2356 2351 
f 2354 2355 2359 
f 2355 2345 2358 
f 2359 2358 2357 
f 2358 2359 2355 
f 2357 2358 2360 
f 2358 2345 2349 
f 2360 2349 1495 
f 2349 2360 2358 
f 2350 2356 2363 
f 2356 2354 2362 
f 2363 2362 2361 
f 2362 2363 2356 
f 2350 2363 2365 
f 2363 2361 2364 
f 2365 2364 791 
f 2364 2365 2363 
f 530 2353 2366 
f 2353 2350 2365 
f 2366 2365 791 
f 2365 2366 2353 
f 2354 2359 2369 
f 2359 2357 2368 
f 2369 2368 2367 
f 2368 2369 2359 
f 2354 2369 2372 
f 2369 2367 2371 
f 2372 2371 2370 
f 2371 2372 2369 
f 2354 2372 2362 
f 2372 2370 2373 
f 2362 2373 2361 
f 2373 2362 2372 
f 2367 2368 2375 
f 2368 2357 2374 
f 2375 2374 1446 
f 2374 2375 2368 
f 2357 2360 2376 
f 2360 1495 1498 
f 2376 1498 1211 
f 1498 2376 2360 
f 2357 2376 2374 
f 2376 1211 1448 
f 2374 1448 1446 
f 1448 2374 2376 
f 2370 2371 2379 
f 2371 2367 2378 
f 2379 2378 2377 
f 2378 2379 2371 
f 2377 2378 2382 
f 2378 2367 2381 
f 2382 2381 2380 
f 2381 2382 2378 
f 2380 2381 2383 
f 2381 2367 2375 
f 2383 2375 1446 
f 2375 2383 2381 
f 2370 2379 2386 
f 2379 2377 2385 
f 2386 2385 2384 
f 2385 2386 2379 
f 2370 2386 2389 
f 2386 2384 2388 
f 2389 2388 2387 
f 2388 2389 2386 
f 2370 2389 2373 
f 2389 2387 2390 
f 2373 2390 2361 
f 2390 2373 2389 
f 2384 2385 2393 
f 2385 2377 2392 
f 2393 2392 2391 
f 2392 2393 2385 
f 2391 2392 2396 
f 2392 2377 2395 
f 2396 2395 2394 
f 2395 2396 2392 
f 2394 2395 2397 
f 2395 2377 2382 
f 2397 2382 2380 
f 2382 2397 2395 
f 2384 2393 2400 
f 2393 2391 2399 
f 2400 2399 2398 
f 2399 2400 2393 
f 2384 2400 2402 
f 2400 2398 2401 
f 2402 2401 1292 
f 2401 2402 2400 
f 2387 2388 2403 
f 2388 2384 2402 
f 2403 2402 1292 
f 2402 2403 2388 
f 2391 2396 2406 
f 2396 2394 2405 
f 2406 2405 2404 
f 2405 2406 2396 
f 2398 2399 2409 
f 2399 2391 2408 
f 2409 2408 2407 
f 2408 2409 2399 
f 2391 2406 2408 
f 2406 2404 2410 
f 2408 2410 2407 
f 2410 2408 2406 
f 2404 2405 2413 
f 2405 2394 2412 
f 2413 2412 2411 
f 2412 2413 2405 
f 2411 2412 2416 
f 2412 2394 2415 
f 2416 2415 2414 
f 2415 2416 2412 
f 2414 2415 2417 
f 2415 2394 2397 
f 2417 2397 2380 
f 2397 2417 2415 
f 2097 2418 2420 
f 2418 2398 2419 
f 2420 2419 1562 
f 2419 2420 2418 
f 2398 2418 2422 
f 2418 2097 2421 
f 2422 2421 1286 
f 2421 2422 2418 
f 2398 2409 2419 
f 2409 2407 2423 
f 2419 2423 1562 
f 2423 2419 2409 
f 1292 2401 1294 
f 2401 2398 2422 
f 1294 2422 1286 
f 2422 1294 2401 
f 2361 2390 2425 
f 2390 2387 2424 
f 2425 2424 788 
f 2424 2425 2390 
f 2387 2403 2426 
f 2403 1292 1295 
f 2426 1295 1289 
f 1295 2426 2403 
f 788 2424 2427 
f 2424 2387 2426 
f 2427 2426 1289 
f 2426 2427 2424 
f 2404 2413 2429 
f 2413 2411 2428 
f 2429 2428 872 
f 2428 2429 2413 
f 2404 2429 2430 
f 2429 872 877 
f 2430 877 875 
f 877 2430 2429 
f 2407 2410 2431 
f 2410 2404 2430 
f 2431 2430 875 
f 2430 2431 2410 
f 2411 2416 2434 
f 2416 2414 2433 
f 2434 2433 2432 
f 2433 2434 2416 
f 872 2428 2436 
f 2428 2411 2435 
f 2436 2435 641 
f 2435 2436 2428 
f 641 2435 2437 
f 2435 2411 2434 
f 2437 2434 2432 
f 2434 2437 2435 
f 2414 2417 2439 
f 2417 2380 2438 
f 2439 2438 1443 
f 2438 2439 2417 
f 2414 2439 2441 
f 2439 1443 2440 
f 2441 2440 1724 
f 2440 2441 2439 
f 2414 2441 2433 
f 2441 1724 2442 
f 2433 2442 2432 
f 2442 2433 2441 
f 872 2436 2443 
f 2436 641 643 
f 2443 643 494 
f 643 2443 2436 
f 872 2443 874 
f 2443 494 504 
f 874 504 500 
f 504 874 2443 
f 46 2115 1518 
f 2115 1962 2340 
f 1518 2340 1514 
f 2340 1518 2115 
f 1394 1965 1398 
f 1965 1962 2117 
f 1398 2117 1397 
f 2117 1398 1965 
f 641 2444 645 
f 2444 1721 2445 
f 645 2445 644 
f 2445 645 2444 
f 1721 2444 2446 
f 2444 641 2437 
f 2446 2437 2432 
f 2437 2446 2444 
f 1300 1303 1976 
f 1303 440 555 
f 1976 555 552 
f 555 1976 1303 
f 374 608 1315 
f 608 603 2190 
f 1315 2190 1314 
f 2190 1315 608 
f 732 2026 736 
f 2026 2008 2131 
f 736 2131 735 
f 2131 736 2026 
f 572 2028 2447 
f 2028 732 734 
f 2447 734 410 
f 734 2447 2028 
f 1777 2030 2167 
f 2030 572 575 
f 2167 575 567 
f 575 2167 2030 
f 572 2447 574 
f 2447 410 420 
f 574 420 416 
f 420 574 2447 
f 1923 2134 2121 
f 2134 583 1321 
f 2121 1321 1318 
f 1321 2121 2134 
f 903 1049 1243 
f 1049 1047 2058 
f 1243 2058 1242 
f 2058 1243 1049 
f 693 696 1605 
f 696 654 1900 
f 1605 1900 1604 
f 1900 1605 696 
f 1253 1309 1694 
f 1309 1307 2226 
f 1694 2226 1693 
f 2226 1694 1309 
f 1745 1746 2449 
f 1746 1614 2448 
f 2449 2448 1355 
f 2448 2449 1746 
f 1614 1698 2448 
f 1698 1696 2450 
f 2448 2450 1355 
f 2450 2448 1698 
f 1742 1748 2231 
f 1748 1745 2451 
f 2231 2451 579 
f 2451 2231 1748 
f 1745 2449 2452 
f 2449 1355 1358 
f 2452 1358 1352 
f 1358 2452 2449 
f 579 2451 2453 
f 2451 1745 2452 
f 2453 2452 1352 
f 2452 2453 2451 
f 1355 2450 2455 
f 2450 1696 2454 
f 2455 2454 596 
f 2454 2455 2450 
f 1696 2224 2454 
f 2224 599 601 
f 2454 601 596 
f 601 2454 2224 
f 1344 1784 1349 
f 1784 1628 1979 
f 1349 1979 1348 
f 1979 1349 1784 
f 1781 1786 2456 
f 1786 1344 1347 
f 2456 1347 589 
f 1347 2456 1786 
f 1781 2456 2136 
f 2456 589 591 
f 2136 591 586 
f 591 2136 2456 
f 266 1351 565 
f 1351 1348 1980 
f 565 1980 562 
f 1980 565 1351 
f 1362 1365 1906 
f 1365 935 1056 
f 1906 1056 1054 
f 1056 1906 1365 
f 879 1379 1051 
f 1379 1376 1919 
f 1051 1919 1050 
f 1919 1051 1379 
f 2097 2098 2421 
f 2098 122 1288 
f 2421 1288 1286 
f 1288 2421 2098 
f 2097 2420 2100 
f 2420 1562 1568 
f 2100 1568 1565 
f 1568 2100 2420 
f 126 2105 1277 
f 2105 2103 2318 
f 1277 2318 1276 
f 2318 1277 2105 
f 1555 2315 1559 
f 2315 2103 2107 
f 1559 2107 1558 
f 2107 1559 2315 
f 1714 2070 2457 
f 2070 647 649 
f 2457 649 644 
f 649 2457 2070 
f 1721 1722 2445 
f 1722 1714 2457 
f 2445 2457 644 
f 2457 2445 1722 
f 647 2072 650 
f 2072 476 486 
f 650 486 482 
f 486 650 2072 
f 1724 1725 2442 
f 1725 1721 2446 
f 2442 2446 2432 
f 2446 2442 1725 
f 637 2073 639 
f 2073 1700 2458 
f 639 2458 634 
f 2458 639 2073 
f 1700 1709 2458 
f 1709 1707 2338 
f 2458 2338 634 
f 2338 2458 1709 
f 230 2075 234 
f 2075 637 640 
f 234 640 224 
f 640 234 2075 
f 2407 2459 2423 
f 2459 512 1564 
f 2423 1564 1562 
f 1564 2423 2459 
f 512 2459 878 
f 2459 2407 2431 
f 878 2431 875 
f 2431 878 2459 
f 194 2460 1556 
f 2460 2303 2319 
f 1556 2319 1555 
f 2319 1556 2460 
f 2303 2460 2327 
f 2460 194 871 
f 2327 871 868 
f 871 2327 2460 
f 781 782 2323 
f 782 102 1281 
f 2323 1281 1279 
f 1281 2323 782 
f 106 790 1290 
f 790 788 2427 
f 1290 2427 1289 
f 2427 1290 790 
f 1443 1444 2440 
f 1444 1436 1727 
f 2440 1727 1724 
f 1727 2440 1444 
f 1415 1424 1713 
f 1424 1422 2336 
f 1713 2336 1710 
f 2336 1713 1424 
f 1425 2279 1428 
f 2279 2276 2335 
f 1428 2335 1422 
f 2335 1428 2279 
f 2380 2383 2438 
f 2383 1446 1449 
f 2438 1449 1443 
f 1449 2438 2383 
f 1989 1993 2180 
f 1993 1551 1554 
f 2180 1554 1548 
f 1554 2180 1993 
f 2361 2425 2364 
f 2425 788 794 
f 2364 794 791 
f 794 2364 2425 
f 2257 2261 2320 
f 2261 784 787 
f 2320 787 781 
f 787 2320 2261 
f 1803 2196 2172 
f 2196 1096 1102 
f 2172 1102 1099 
f 1102 2172 2196 
f 82 537 792 
f 537 530 2366 
f 792 2366 791 
f 2366 792 537 
f 539 540 2262 
f 540 86 786 
f 2262 786 784 
f 786 2262 540 
f 62 544 1507 
f 544 542 2239 
f 1507 2239 1500 
f 2239 1507 544 
f 66 1517 538 
f 1517 1510 2344 
f 538 2344 534 
f 2344 538 1517 
f 604 609 2207 
f 609 386 1342 
f 2207 1342 1335 
f 1342 2207 609 
f 613 616 2158 
f 616 314 1333 
f 2158 1333 1329 
f 1333 2158 616 
f 398 738 1343 
f 738 735 2132 
f 1343 2132 1339 
f 2132 1343 738 
f 350 582 1353 
f 582 579 2453 
f 1353 2453 1352 
f 2453 1353 582 
f 338 1357 597 
f 1357 1355 2455 
f 597 2455 596 
f 2455 597 1357 
f 833 1610 955 
f 1610 1607 2461 
f 955 2461 952 
f 2461 955 1610 
f 952 2461 1523 
f 2461 1607 2052 
f 1523 2052 1522 
f 2052 1523 2461 
f 1738 2128 2462 
f 2128 1138 1144 
f 2462 1144 1141 
f 1144 2462 2128 
f 1738 2462 1889 
f 2462 1141 2142 
f 1889 2142 1886 
f 2142 1889 2462 
f 1194 2124 1200 
f 2124 1731 2463 
f 1200 2463 1197 
f 2463 1200 2124 
f 1197 2463 2139 
f 2463 1731 1878 
f 2139 1878 1875 
f 1878 2139 2463 
f 1242 2056 1245 
f 2056 2053 2170 
f 1245 2170 1239 
f 2170 1245 2056 
f 1820 1869 2212 
f 1869 1583 1589 
f 2212 1589 1586 
f 1589 2212 1869 
f 620 1988 623 
f 1988 1880 2230 
f 623 2230 617 
f 2230 623 1988 
f 1891 1984 2228 
f 1984 627 630 
f 2228 630 624 
f 630 2228 1984 
f 2464 2466 2468 
f 2466 2465 2467 
f 2468 2467 17 
f 2467 2468 2466 
f 17 2467 26 
f 2467 2465 2469 
f 26 2469 25 
f 2469 26 2467 
f 28 2470 29 
f 2470 2464 2468 
f 29 2468 17 
f 2468 29 2470 
f 2465 2472 2469 
f 2472 2471 2473 
f 2469 2473 25 
f 2473 2469 2472 
f 2471 2475 2473 
f 2475 2474 2476 
f 2473 2476 25 
f 2476 2473 2475 
f 2474 2478 2480 
f 2478 2477 2479 
f 2480 2479 187 
f 2479 2480 2478 
f 25 2476 183 
f 2476 2474 2481 
f 183 2481 181 
f 2481 183 2476 
f 2474 2480 2481 
f 2480 187 189 
f 2481 189 181 
f 189 2481 2480 
f 187 2479 2484 
f 2479 2477 2483 
f 2484 2483 2482 
f 2483 2484 2479 
f 2482 2486 2488 
f 2486 2485 2487 
f 2488 2487 199 
f 2487 2488 2486 
f 187 2484 195 
f 2484 2482 2489 
f 195 2489 193 
f 2489 195 2484 
f 2482 2488 2489 
f 2488 199 201 
f 2489 201 193 
f 201 2489 2488 
f 2485 2491 2493 
f 2491 2490 2492 
f 2493 2492 205 
f 2492 2493 2491 
f 199 2487 207 
f 2487 2485 2493 
f 207 2493 205 
f 2493 207 2487 
f 205 2492 2496 
f 2492 2490 2495 
f 2496 2495 2494 
f 2495 2496 2492 
f 2494 2498 2500 
f 2498 2497 2499 
f 2500 2499 211 
f 2499 2500 2498 
f 205 2496 213 
f 2496 2494 2500 
f 213 2500 211 
f 2500 213 2496 
f 2497 2502 2504 
f 2502 2501 2503 
f 2504 2503 223 
f 2503 2504 2502 
f 211 2499 219 
f 2499 2497 2505 
f 219 2505 217 
f 2505 219 2499 
f 2497 2504 2505 
f 2504 223 225 
f 2505 225 217 
f 225 2505 2504 
f 2501 2507 2509 
f 2507 2506 2508 
f 2509 2508 229 
f 2508 2509 2507 
f 223 2503 231 
f 2503 2501 2509 
f 231 2509 229 
f 2509 231 2503 
f 229 2508 2512 
f 2508 2506 2511 
f 2512 2511 2510 
f 2511 2512 2508 
f 2510 2514 2516 
f 2514 2513 2515 
f 2516 2515 235 
f 2515 2516 2514 
f 229 2512 237 
f 2512 2510 2516 
f 237 2516 235 
f 2516 237 2512 
f 2513 2518 2520 
f 2518 2517 2519 
f 2520 2519 247 
f 2519 2520 2518 
f 235 2515 243 
f 2515 2513 2521 
f 243 2521 241 
f 2521 243 2515 
f 241 2521 249 
f 2521 2513 2520 
f 249 2520 247 
f 2520 249 2521 
f 2517 2523 2525 
f 2523 2522 2524 
f 2525 2524 253 
f 2524 2525 2523 
f 247 2519 255 
f 2519 2517 2525 
f 255 2525 253 
f 2525 255 2519 
f 2522 2527 2529 
f 2527 2526 2528 
f 2529 2528 259 
f 2528 2529 2527 
f 253 2524 261 
f 2524 2522 2529 
f 261 2529 259 
f 2529 261 2524 
f 2526 2531 2533 
f 2531 2530 2532 
f 2533 2532 265 
f 2532 2533 2531 
f 259 2528 267 
f 2528 2526 2533 
f 267 2533 265 
f 2533 267 2528 
f 265 2532 2536 
f 2532 2530 2535 
f 2536 2535 2534 
f 2535 2536 2532 
f 2534 2538 2540 
f 2538 2537 2539 
f 2540 2539 271 
f 2539 2540 2538 
f 265 2536 273 
f 2536 2534 2540 
f 273 2540 271 
f 2540 273 2536 
f 2537 2542 2544 
f 2542 2541 2543 
f 2544 2543 277 
f 2543 2544 2542 
f 271 2539 279 
f 2539 2537 2544 
f 279 2544 277 
f 2544 279 2539 
f 2541 2546 2548 
f 2546 2545 2547 
f 2548 2547 283 
f 2547 2548 2546 
f 277 2543 285 
f 2543 2541 2548 
f 285 2548 283 
f 2548 285 2543 
f 2545 2550 2552 
f 2550 2549 2551 
f 2552 2551 289 
f 2551 2552 2550 
f 283 2547 291 
f 2547 2545 2552 
f 291 2552 289 
f 2552 291 2547 
f 2549 2554 2556 
f 2554 2553 2555 
f 2556 2555 295 
f 2555 2556 2554 
f 289 2551 297 
f 2551 2549 2556 
f 297 2556 295 
f 2556 297 2551 
f 2553 2558 2560 
f 2558 2557 2559 
f 2560 2559 301 
f 2559 2560 2558 
f 295 2555 303 
f 2555 2553 2560 
f 303 2560 301 
f 2560 303 2555 
f 2557 2562 2564 
f 2562 2561 2563 
f 2564 2563 313 
f 2563 2564 2562 
f 301 2559 309 
f 2559 2557 2565 
f 309 2565 307 
f 2565 309 2559 
f 2557 2564 2565 
f 2564 313 315 
f 2565 315 307 
f 315 2565 2564 
f 2561 2567 2569 
f 2567 2566 2568 
f 2569 2568 319 
f 2568 2569 2567 
f 313 2563 321 
f 2563 2561 2569 
f 321 2569 319 
f 2569 321 2563 
f 2566 2571 2573 
f 2571 2570 2572 
f 2573 2572 325 
f 2572 2573 2571 
f 319 2568 327 
f 2568 2566 2573 
f 327 2573 325 
f 2573 327 2568 
f 2570 2575 2572 
f 2575 2574 2576 
f 2572 2576 325 
f 2576 2572 2575 
f 2574 2578 2580 
f 2578 2577 2579 
f 2580 2579 337 
f 2579 2580 2578 
f 325 2576 333 
f 2576 2574 2581 
f 333 2581 331 
f 2581 333 2576 
f 331 2581 339 
f 2581 2574 2580 
f 339 2580 337 
f 2580 339 2581 
f 2577 2583 2585 
f 2583 2582 2584 
f 2585 2584 343 
f 2584 2585 2583 
f 337 2579 345 
f 2579 2577 2585 
f 345 2585 343 
f 2585 345 2579 
f 343 2584 2588 
f 2584 2582 2587 
f 2588 2587 2586 
f 2587 2588 2584 
f 2586 2590 2592 
f 2590 2589 2591 
f 2592 2591 349 
f 2591 2592 2590 
f 343 2588 351 
f 2588 2586 2592 
f 351 2592 349 
f 2592 351 2588 
f 2589 2594 2596 
f 2594 2593 2595 
f 2596 2595 361 
f 2595 2596 2594 
f 349 2591 357 
f 2591 2589 2597 
f 357 2597 355 
f 2597 357 2591 
f 355 2597 363 
f 2597 2589 2596 
f 363 2596 361 
f 2596 363 2597 
f 2593 2599 2601 
f 2599 2598 2600 
f 2601 2600 367 
f 2600 2601 2599 
f 361 2595 369 
f 2595 2593 2601 
f 369 2601 367 
f 2601 369 2595 
f 2598 2603 2605 
f 2603 2602 2604 
f 2605 2604 373 
f 2604 2605 2603 
f 367 2600 375 
f 2600 2598 2605 
f 375 2605 373 
f 2605 375 2600 
f 2602 2607 2609 
f 2607 2606 2608 
f 2609 2608 379 
f 2608 2609 2607 
f 2602 2609 2604 
f 2609 379 381 
f 2604 381 373 
f 381 2604 2609 
f 379 2608 2612 
f 2608 2606 2611 
f 2612 2611 2610 
f 2611 2612 2608 
f 2610 2614 2616 
f 2614 2613 2615 
f 2616 2615 385 
f 2615 2616 2614 
f 379 2612 387 
f 2612 2610 2616 
f 387 2616 385 
f 2616 387 2612 
f 2613 2618 2620 
f 2618 2617 2619 
f 2620 2619 391 
f 2619 2620 2618 
f 385 2615 393 
f 2615 2613 2620 
f 393 2620 391 
f 2620 393 2615 
f 2617 2622 2624 
f 2622 2621 2623 
f 2624 2623 403 
f 2623 2624 2622 
f 391 2619 399 
f 2619 2617 2625 
f 399 2625 397 
f 2625 399 2619 
f 2617 2624 2625 
f 2624 403 405 
f 2625 405 397 
f 405 2625 2624 
f 2621 2627 2629 
f 2627 2626 2628 
f 2629 2628 409 
f 2628 2629 2627 
f 403 2623 411 
f 2623 2621 2629 
f 411 2629 409 
f 2629 411 2623 
f 2626 2631 2633 
f 2631 2630 2632 
f 2633 2632 415 
f 2632 2633 2631 
f 409 2628 417 
f 2628 2626 2633 
f 417 2633 415 
f 2633 417 2628 
f 2630 2635 2637 
f 2635 2634 2636 
f 2637 2636 421 
f 2636 2637 2635 
f 415 2632 423 
f 2632 2630 2637 
f 423 2637 421 
f 2637 423 2632 
f 2634 2639 2641 
f 2639 2638 2640 
f 2641 2640 427 
f 2640 2641 2639 
f 421 2636 429 
f 2636 2634 2641 
f 429 2641 427 
f 2641 429 2636 
f 2638 2643 2645 
f 2643 2642 2644 
f 2645 2644 433 
f 2644 2645 2643 
f 427 2640 435 
f 2640 2638 2645 
f 435 2645 433 
f 2645 435 2640 
f 433 2644 2648 
f 2644 2642 2647 
f 2648 2647 2646 
f 2647 2648 2644 
f 2646 2650 2652 
f 2650 2649 2651 
f 2652 2651 439 
f 2651 2652 2650 
f 433 2648 441 
f 2648 2646 2652 
f 441 2652 439 
f 2652 441 2648 
f 2649 2654 2656 
f 2654 2653 2655 
f 2656 2655 445 
f 2655 2656 2654 
f 439 2651 447 
f 2651 2649 2656 
f 447 2656 445 
f 2656 447 2651 
f 2653 2658 2660 
f 2658 2657 2659 
f 2660 2659 451 
f 2659 2660 2658 
f 445 2655 453 
f 2655 2653 2660 
f 453 2660 451 
f 2660 453 2655 
f 2657 2662 2664 
f 2662 2661 2663 
f 2664 2663 463 
f 2663 2664 2662 
f 451 2659 459 
f 2659 2657 2665 
f 459 2665 457 
f 2665 459 2659 
f 2657 2664 2665 
f 2664 463 465 
f 2665 465 457 
f 465 2665 2664 
f 2661 2667 2669 
f 2667 2666 2668 
f 2669 2668 469 
f 2668 2669 2667 
f 463 2663 471 
f 2663 2661 2669 
f 471 2669 469 
f 2669 471 2663 
f 2666 2671 2668 
f 2671 2670 2672 
f 2668 2672 469 
f 2672 2668 2671 
f 2670 2674 2676 
f 2674 2673 2675 
f 2676 2675 481 
f 2675 2676 2674 
f 469 2672 477 
f 2672 2670 2677 
f 477 2677 475 
f 2677 477 2672 
f 475 2677 483 
f 2677 2670 2676 
f 483 2676 481 
f 2676 483 2677 
f 2673 2679 2681 
f 2679 2678 2680 
f 2681 2680 487 
f 2680 2681 2679 
f 481 2675 489 
f 2675 2673 2681 
f 489 2681 487 
f 2681 489 2675 
f 2678 2683 2685 
f 2683 2682 2684 
f 2685 2684 493 
f 2684 2685 2683 
f 487 2680 495 
f 2680 2678 2685 
f 495 2685 493 
f 2685 495 2680 
f 2682 2687 2689 
f 2687 2686 2688 
f 2689 2688 499 
f 2688 2689 2687 
f 2682 2689 2684 
f 2689 499 501 
f 2684 501 493 
f 501 2684 2689 
f 499 2688 2692 
f 2688 2686 2691 
f 2692 2691 2690 
f 2691 2692 2688 
f 2690 2694 2696 
f 2694 2693 2695 
f 2696 2695 505 
f 2695 2696 2694 
f 499 2692 507 
f 2692 2690 2696 
f 507 2696 505 
f 2696 507 2692 
f 2693 2698 2700 
f 2698 2697 2699 
f 2700 2699 517 
f 2699 2700 2698 
f 505 2695 513 
f 2695 2693 2701 
f 513 2701 511 
f 2701 513 2695 
f 511 2701 519 
f 2701 2693 2700 
f 519 2700 517 
f 2700 519 2701 
f 2697 2702 2703 
f 2702 2464 2470 
f 2703 2470 28 
f 2470 2703 2702 
f 2697 2703 2699 
f 2703 28 524 
f 2699 524 517 
f 524 2699 2703 
f 1 11 2706 
f 11 10 2705 
f 2706 2705 2704 
f 2705 2706 11 
f 13 14 2707 
f 14 1 2706 
f 2707 2706 2704 
f 2706 2707 14 
f 3 12 6 
f 12 10 11 
f 6 11 1 
f 11 6 12 
f 2 4 9 
f 4 1 8 
f 9 8 7 
f 8 9 4 
f 1 14 8 
f 14 13 15 
f 8 15 7 
f 15 8 14 
f 3 6 5 
f 6 1 4 
f 5 4 2 
f 4 5 6 
f 16 23 19 
f 23 22 24 
f 19 24 17 
f 24 19 23 
f 16 19 21 
f 19 17 20 
f 21 20 18 
f 20 21 19 
f 17 26 20 
f 26 25 27 
f 20 27 18 
f 27 20 26 
f 28 29 30 
f 29 17 24 
f 30 24 22 
f 24 30 29 
f 2465 2469 2467 
f 2469 25 26 
f 2467 26 17 
f 26 2467 2469 
f 2464 2468 2470 
f 2468 17 29 
f 2470 29 28 
f 29 2470 2468 
f 2464 2466 2468 
f 2466 2465 2467 
f 2468 2467 17 
f 2467 2468 2466 
f 13 2707 167 
f 2707 2704 2708 
f 167 2708 154 
f 2708 167 2707 
f 2704 2705 2709 
f 2705 10 144 
f 2709 144 142 
f 144 2709 2705 
f 154 2708 156 
f 2708 2704 2709 
f 156 2709 142 
f 2709 156 2708 
f 25 2469 2473 
f 2469 2465 2472 
f 2473 2472 2471 
f 2472 2473 2469 
f 2465 2711 2472 
f 2711 2710 2712 
f 2472 2712 2471 
f 2712 2472 2711 
f 2465 2466 2715 
f 2466 2464 2714 
f 2715 2714 2713 
f 2714 2715 2466 
f 2465 2715 2711 
f 2715 2713 2716 
f 2711 2716 2710 
f 2716 2711 2715 
f 3 5 39 
f 5 2 35 
f 39 35 32 
f 35 39 5 
f 2 9 37 
f 9 7 40 
f 37 40 36 
f 40 37 9 
f 2 33 35 
f 33 31 34 
f 35 34 32 
f 34 35 33 
f 31 33 38 
f 33 2 37 
f 38 37 36 
f 37 38 33 
f 31 43 45 
f 43 41 44 
f 45 44 42 
f 44 45 43 
f 41 43 48 
f 43 31 47 
f 48 47 46 
f 47 48 43 
f 42 49 45 
f 49 32 34 
f 45 34 31 
f 34 45 49 
f 31 38 47 
f 38 36 50 
f 47 50 46 
f 50 47 38 
f 41 53 55 
f 53 51 54 
f 55 54 52 
f 54 55 53 
f 51 53 58 
f 53 41 57 
f 58 57 56 
f 57 58 53 
f 56 57 60 
f 57 41 48 
f 60 48 46 
f 48 60 57 
f 42 44 59 
f 44 41 55 
f 59 55 52 
f 55 59 44 
f 56 70 58 
f 70 66 67 
f 58 67 51 
f 67 58 70 
f 61 63 68 
f 63 51 67 
f 68 67 66 
f 67 68 63 
f 52 54 69 
f 54 51 65 
f 69 65 62 
f 65 69 54 
f 61 64 63 
f 64 62 65 
f 63 65 51 
f 65 63 64 
f 61 73 78 
f 73 71 77 
f 78 77 76 
f 77 78 73 
f 71 73 75 
f 73 61 74 
f 75 74 72 
f 74 75 73 
f 61 78 64 
f 78 76 80 
f 64 80 62 
f 80 64 78 
f 66 79 68 
f 79 72 74 
f 68 74 61 
f 74 68 79 
f 76 77 90 
f 77 71 88 
f 90 88 86 
f 88 90 77 
f 81 83 85 
f 83 71 84 
f 85 84 82 
f 84 85 83 
f 82 84 89 
f 84 71 75 
f 89 75 72 
f 75 89 84 
f 86 88 87 
f 88 71 83 
f 87 83 81 
f 83 87 88 
f 92 99 95 
f 99 86 87 
f 95 87 81 
f 87 95 99 
f 91 94 93 
f 94 92 95 
f 93 95 81 
f 95 93 94 
f 91 93 98 
f 93 81 97 
f 98 97 96 
f 97 98 93 
f 82 100 85 
f 100 96 97 
f 85 97 81 
f 97 85 100 
f 91 107 103 
f 107 106 108 
f 103 108 101 
f 108 103 107 
f 91 98 107 
f 98 96 110 
f 107 110 106 
f 110 107 98 
f 101 104 103 
f 104 102 105 
f 103 105 91 
f 105 103 104 
f 91 105 94 
f 105 102 109 
f 94 109 92 
f 109 94 105 
f 116 117 120 
f 117 101 108 
f 120 108 106 
f 108 120 117 
f 101 113 115 
f 113 111 114 
f 115 114 112 
f 114 115 113 
f 101 115 104 
f 115 112 119 
f 104 119 102 
f 119 104 115 
f 111 113 118 
f 113 101 117 
f 118 117 116 
f 117 118 113 
f 126 128 127 
f 128 111 123 
f 127 123 121 
f 123 127 128 
f 111 124 123 
f 124 122 125 
f 123 125 121 
f 125 123 124 
f 111 128 114 
f 128 126 129 
f 114 129 112 
f 129 114 128 
f 122 124 130 
f 124 111 118 
f 130 118 116 
f 118 130 124 
f 121 137 127 
f 137 135 139 
f 127 139 126 
f 139 127 137 
f 121 125 133 
f 125 122 138 
f 133 138 131 
f 138 133 125 
f 16 132 134 
f 132 121 133 
f 134 133 131 
f 133 134 132 
f 16 136 132 
f 136 135 137 
f 132 137 121 
f 137 132 136 
f 22 23 140 
f 23 16 134 
f 140 134 131 
f 134 140 23 
f 18 141 21 
f 141 135 136 
f 21 136 16 
f 136 21 141 
f 147 148 152 
f 148 10 151 
f 152 151 150 
f 151 152 148 
f 10 148 145 
f 148 147 149 
f 145 149 143 
f 149 145 148 
f 150 151 153 
f 151 10 12 
f 153 12 3 
f 12 153 151 
f 142 144 146 
f 144 10 145 
f 146 145 143 
f 145 146 144 
f 155 158 157 
f 158 154 156 
f 157 156 142 
f 156 157 158 
f 142 164 157 
f 164 162 165 
f 157 165 155 
f 165 157 164 
f 159 161 160 
f 161 142 146 
f 160 146 143 
f 146 160 161 
f 162 164 163 
f 164 142 161 
f 163 161 159 
f 161 163 164 
f 170 171 173 
f 171 154 158 
f 173 158 155 
f 158 173 171 
f 166 168 172 
f 168 154 171 
f 172 171 170 
f 171 172 168 
f 154 168 167 
f 168 166 169 
f 167 169 13 
f 169 167 168 
f 13 176 179 
f 176 174 178 
f 179 178 177 
f 178 179 176 
f 13 169 176 
f 169 166 175 
f 176 175 174 
f 175 176 169 
f 13 179 15 
f 179 177 180 
f 15 180 7 
f 180 15 179 
f 2474 2476 2475 
f 2476 25 2473 
f 2475 2473 2471 
f 2473 2475 2476 
f 2717 2718 2719 
f 2718 2474 2475 
f 2719 2475 2471 
f 2475 2719 2718 
f 2717 2719 2720 
f 2719 2471 2712 
f 2720 2712 2710 
f 2712 2720 2719 
f 25 2476 183 
f 2476 2474 2481 
f 183 2481 181 
f 2481 183 2476 
f 2474 2718 2723 
f 2718 2717 2722 
f 2723 2722 2721 
f 2722 2723 2718 
f 2477 2478 2724 
f 2478 2474 2723 
f 2724 2723 2721 
f 2723 2724 2478 
f 187 2480 2479 
f 2480 2474 2478 
f 2479 2478 2477 
f 2478 2479 2480 
f 2474 2480 2481 
f 2480 187 189 
f 2481 189 181 
f 189 2481 2480 
f 2482 2483 2727 
f 2483 2477 2726 
f 2727 2726 2725 
f 2726 2727 2483 
f 2482 2484 2483 
f 2484 187 2479 
f 2483 2479 2477 
f 2479 2483 2484 
f 2725 2726 2728 
f 2726 2477 2724 
f 2728 2724 2721 
f 2724 2728 2726 
f 199 2488 2487 
f 2488 2482 2486 
f 2487 2486 2485 
f 2486 2487 2488 
f 2482 2730 2486 
f 2730 2729 2731 
f 2486 2731 2485 
f 2731 2486 2730 
f 2482 2488 2489 
f 2488 199 201 
f 2489 201 193 
f 201 2489 2488 
f 2729 2730 2732 
f 2730 2482 2727 
f 2732 2727 2725 
f 2727 2732 2730 
f 187 2484 195 
f 2484 2482 2489 
f 195 2489 193 
f 2489 195 2484 
f 205 2493 2492 
f 2493 2485 2491 
f 2492 2491 2490 
f 2491 2492 2493 
f 2485 2734 2491 
f 2734 2733 2735 
f 2491 2735 2490 
f 2735 2491 2734 
f 2485 2493 2487 
f 2493 205 207 
f 2487 207 199 
f 207 2487 2493 
f 2485 2731 2734 
f 2731 2729 2736 
f 2734 2736 2733 
f 2736 2734 2731 
f 2494 2496 2495 
f 2496 205 2492 
f 2495 2492 2490 
f 2492 2495 2496 
f 2737 2738 2739 
f 2738 2494 2495 
f 2739 2495 2490 
f 2495 2739 2738 
f 2490 2735 2739 
f 2735 2733 2740 
f 2739 2740 2737 
f 2740 2739 2735 
f 2497 2498 2743 
f 2498 2494 2742 
f 2743 2742 2741 
f 2742 2743 2498 
f 2494 2498 2500 
f 2498 2497 2499 
f 2500 2499 211 
f 2499 2500 2498 
f 205 2496 213 
f 2496 2494 2500 
f 213 2500 211 
f 2500 213 2496 
f 2494 2738 2742 
f 2738 2737 2744 
f 2742 2744 2741 
f 2744 2742 2738 
f 2497 2504 2505 
f 2504 223 225 
f 2505 225 217 
f 225 2505 2504 
f 2501 2502 2747 
f 2502 2497 2746 
f 2747 2746 2745 
f 2746 2747 2502 
f 2497 2502 2504 
f 2502 2501 2503 
f 2504 2503 223 
f 2503 2504 2502 
f 2497 2743 2746 
f 2743 2741 2748 
f 2746 2748 2745 
f 2748 2746 2743 
f 211 2499 219 
f 2499 2497 2505 
f 219 2505 217 
f 2505 219 2499 
f 2749 2750 2751 
f 2750 2501 2747 
f 2751 2747 2745 
f 2747 2751 2750 
f 2506 2507 2752 
f 2507 2501 2750 
f 2752 2750 2749 
f 2750 2752 2507 
f 229 2509 2508 
f 2509 2501 2507 
f 2508 2507 2506 
f 2507 2508 2509 
f 2501 2509 2503 
f 2509 229 231 
f 2503 231 223 
f 231 2503 2509 
f 2510 2512 2511 
f 2512 229 2508 
f 2511 2508 2506 
f 2508 2511 2512 
f 2753 2754 2755 
f 2754 2510 2511 
f 2755 2511 2506 
f 2511 2755 2754 
f 2753 2755 2756 
f 2755 2506 2752 
f 2756 2752 2749 
f 2752 2756 2755 
f 2757 2758 2759 
f 2758 2510 2754 
f 2759 2754 2753 
f 2754 2759 2758 
f 2513 2514 2760 
f 2514 2510 2758 
f 2760 2758 2757 
f 2758 2760 2514 
f 2513 2515 2514 
f 2515 235 2516 
f 2514 2516 2510 
f 2516 2514 2515 
f 229 2512 237 
f 2512 2510 2516 
f 237 2516 235 
f 2516 237 2512 
f 235 2515 243 
f 2515 2513 2521 
f 243 2521 241 
f 2521 243 2515 
f 2761 2762 2763 
f 2762 2513 2760 
f 2763 2760 2757 
f 2760 2763 2762 
f 2517 2518 2764 
f 2518 2513 2762 
f 2764 2762 2761 
f 2762 2764 2518 
f 247 2520 2519 
f 2520 2513 2518 
f 2519 2518 2517 
f 2518 2519 2520 
f 247 249 2520 
f 249 241 2521 
f 2520 2521 2513 
f 2521 2520 249 
f 253 2525 2524 
f 2525 2517 2523 
f 2524 2523 2522 
f 2523 2524 2525 
f 2517 2766 2523 
f 2766 2765 2767 
f 2523 2767 2522 
f 2767 2523 2766 
f 2517 2525 2519 
f 2525 253 255 
f 2519 255 247 
f 255 2519 2525 
f 2765 2766 2768 
f 2766 2517 2764 
f 2768 2764 2761 
f 2764 2768 2766 
f 2769 2770 2771 
f 2770 2522 2767 
f 2771 2767 2765 
f 2767 2771 2770 
f 2526 2527 2772 
f 2527 2522 2770 
f 2772 2770 2769 
f 2770 2772 2527 
f 2522 2527 2529 
f 2527 2526 2528 
f 2529 2528 259 
f 2528 2529 2527 
f 2522 2529 2524 
f 2529 259 261 
f 2524 261 253 
f 261 2524 2529 
f 2530 2531 2775 
f 2531 2526 2774 
f 2775 2774 2773 
f 2774 2775 2531 
f 2526 2531 2533 
f 2531 2530 2532 
f 2533 2532 265 
f 2532 2533 2531 
f 2526 2772 2774 
f 2772 2769 2776 
f 2774 2776 2773 
f 2776 2774 2772 
f 265 267 2533 
f 267 259 2528 
f 2533 2528 2526 
f 2528 2533 267 
f 2534 2536 2535 
f 2536 265 2532 
f 2535 2532 2530 
f 2532 2535 2536 
f 2777 2778 2779 
f 2778 2534 2535 
f 2779 2535 2530 
f 2535 2779 2778 
f 2777 2779 2780 
f 2779 2530 2775 
f 2780 2775 2773 
f 2775 2780 2779 
f 265 2536 273 
f 2536 2534 2540 
f 273 2540 271 
f 2540 273 2536 
f 2537 2539 2538 
f 2539 271 2540 
f 2538 2540 2534 
f 2540 2538 2539 
f 2781 2782 2783 
f 2782 2537 2538 
f 2783 2538 2534 
f 2538 2783 2782 
f 2781 2783 2784 
f 2783 2534 2778 
f 2784 2778 2777 
f 2778 2784 2783 
f 271 2539 279 
f 2539 2537 2544 
f 279 2544 277 
f 2544 279 2539 
f 2541 2542 2787 
f 2542 2537 2786 
f 2787 2786 2785 
f 2786 2787 2542 
f 2537 2542 2544 
f 2542 2541 2543 
f 2544 2543 277 
f 2543 2544 2542 
f 2537 2782 2786 
f 2782 2781 2788 
f 2786 2788 2785 
f 2788 2786 2782 
f 2545 2547 2546 
f 2547 283 2548 
f 2546 2548 2541 
f 2548 2546 2547 
f 2789 2790 2791 
f 2790 2545 2546 
f 2791 2546 2541 
f 2546 2791 2790 
f 283 285 2548 
f 285 277 2543 
f 2548 2543 2541 
f 2543 2548 285 
f 2789 2791 2792 
f 2791 2541 2787 
f 2792 2787 2785 
f 2787 2792 2791 
f 2549 2550 2795 
f 2550 2545 2794 
f 2795 2794 2793 
f 2794 2795 2550 
f 2549 2551 2550 
f 2551 289 2552 
f 2550 2552 2545 
f 2552 2550 2551 
f 283 2547 291 
f 2547 2545 2552 
f 291 2552 289 
f 2552 291 2547 
f 2793 2794 2796 
f 2794 2545 2790 
f 2796 2790 2789 
f 2790 2796 2794 
f 295 297 2556 
f 297 289 2551 
f 2556 2551 2549 
f 2551 2556 297 
f 2553 2554 2799 
f 2554 2549 2798 
f 2799 2798 2797 
f 2798 2799 2554 
f 2549 2554 2556 
f 2554 2553 2555 
f 2556 2555 295 
f 2555 2556 2554 
f 2549 2795 2798 
f 2795 2793 2800 
f 2798 2800 2797 
f 2800 2798 2795 
f 301 303 2560 
f 303 295 2555 
f 2560 2555 2553 
f 2555 2560 303 
f 2553 2799 2803 
f 2799 2797 2802 
f 2803 2802 2801 
f 2802 2803 2799 
f 2557 2558 2804 
f 2558 2553 2803 
f 2804 2803 2801 
f 2803 2804 2558 
f 2553 2558 2560 
f 2558 2557 2559 
f 2560 2559 301 
f 2559 2560 2558 
f 2557 2564 2565 
f 2564 313 315 
f 2565 315 307 
f 315 2565 2564 
f 313 2564 2563 
f 2564 2557 2562 
f 2563 2562 2561 
f 2562 2563 2564 
f 2557 2806 2562 
f 2806 2805 2807 
f 2562 2807 2561 
f 2807 2562 2806 
f 307 309 2565 
f 309 301 2559 
f 2565 2559 2557 
f 2559 2565 309 
f 2557 2804 2806 
f 2804 2801 2808 
f 2806 2808 2805 
f 2808 2806 2804 
f 2566 2567 2811 
f 2567 2561 2810 
f 2811 2810 2809 
f 2810 2811 2567 
f 2561 2567 2569 
f 2567 2566 2568 
f 2569 2568 319 
f 2568 2569 2567 
f 2809 2810 2812 
f 2810 2561 2807 
f 2812 2807 2805 
f 2807 2812 2810 
f 319 321 2569 
f 321 313 2563 
f 2569 2563 2561 
f 2563 2569 321 
f 2570 2571 2815 
f 2571 2566 2814 
f 2815 2814 2813 
f 2814 2815 2571 
f 2566 2571 2573 
f 2571 2570 2572 
f 2573 2572 325 
f 2572 2573 2571 
f 325 327 2573 
f 327 319 2568 
f 2573 2568 2566 
f 2568 2573 327 
f 2813 2814 2816 
f 2814 2566 2811 
f 2816 2811 2809 
f 2811 2816 2814 
f 2570 2815 2819 
f 2815 2813 2818 
f 2819 2818 2817 
f 2818 2819 2815 
f 2574 2575 2820 
f 2575 2570 2819 
f 2820 2819 2817 
f 2819 2820 2575 
f 325 2572 2576 
f 2572 2570 2575 
f 2576 2575 2574 
f 2575 2576 2572 
f 325 2576 333 
f 2576 2574 2581 
f 333 2581 331 
f 2581 333 2576 
f 2574 2580 2581 
f 2580 337 339 
f 2581 339 331 
f 339 2581 2580 
f 2577 2578 2823 
f 2578 2574 2822 
f 2823 2822 2821 
f 2822 2823 2578 
f 2574 2578 2580 
f 2578 2577 2579 
f 2580 2579 337 
f 2579 2580 2578 
f 2574 2820 2822 
f 2820 2817 2824 
f 2822 2824 2821 
f 2824 2822 2820 
f 2582 2583 2827 
f 2583 2577 2826 
f 2827 2826 2825 
f 2826 2827 2583 
f 2577 2583 2585 
f 2583 2582 2584 
f 2585 2584 343 
f 2584 2585 2583 
f 343 345 2585 
f 345 337 2579 
f 2585 2579 2577 
f 2579 2585 345 
f 2577 2823 2826 
f 2823 2821 2828 
f 2826 2828 2825 
f 2828 2826 2823 
f 2582 2827 2831 
f 2827 2825 2830 
f 2831 2830 2829 
f 2830 2831 2827 
f 2586 2587 2832 
f 2587 2582 2831 
f 2832 2831 2829 
f 2831 2832 2587 
f 343 2584 2588 
f 2584 2582 2587 
f 2588 2587 2586 
f 2587 2588 2584 
f 2589 2591 2590 
f 2591 349 2592 
f 2590 2592 2586 
f 2592 2590 2591 
f 2833 2834 2835 
f 2834 2589 2590 
f 2835 2590 2586 
f 2590 2835 2834 
f 343 2588 351 
f 2588 2586 2592 
f 351 2592 349 
f 2592 351 2588 
f 2833 2835 2836 
f 2835 2586 2832 
f 2836 2832 2829 
f 2832 2836 2835 
f 361 363 2596 
f 363 355 2597 
f 2596 2597 2589 
f 2597 2596 363 
f 2593 2594 2839 
f 2594 2589 2838 
f 2839 2838 2837 
f 2838 2839 2594 
f 2589 2594 2596 
f 2594 2593 2595 
f 2596 2595 361 
f 2595 2596 2594 
f 349 2591 357 
f 2591 2589 2597 
f 357 2597 355 
f 2597 357 2591 
f 2589 2834 2838 
f 2834 2833 2840 
f 2838 2840 2837 
f 2840 2838 2834 
f 2598 2599 2843 
f 2599 2593 2842 
f 2843 2842 2841 
f 2842 2843 2599 
f 2593 2599 2601 
f 2599 2598 2600 
f 2601 2600 367 
f 2600 2601 2599 
f 367 369 2601 
f 369 361 2595 
f 2601 2595 2593 
f 2595 2601 369 
f 2593 2839 2842 
f 2839 2837 2844 
f 2842 2844 2841 
f 2844 2842 2839 
f 373 375 2605 
f 375 367 2600 
f 2605 2600 2598 
f 2600 2605 375 
f 2602 2603 2847 
f 2603 2598 2846 
f 2847 2846 2845 
f 2846 2847 2603 
f 373 2605 2604 
f 2605 2598 2603 
f 2604 2603 2602 
f 2603 2604 2605 
f 2598 2843 2846 
f 2843 2841 2848 
f 2846 2848 2845 
f 2848 2846 2843 
f 2602 2847 2851 
f 2847 2845 2850 
f 2851 2850 2849 
f 2850 2851 2847 
f 379 2609 2608 
f 2609 2602 2607 
f 2608 2607 2606 
f 2607 2608 2609 
f 2602 2851 2607 
f 2851 2849 2852 
f 2607 2852 2606 
f 2852 2607 2851 
f 2602 2609 2604 
f 2609 379 381 
f 2604 381 373 
f 381 2604 2609 
f 2853 2854 2855 
f 2854 2606 2852 
f 2855 2852 2849 
f 2852 2855 2854 
f 2610 2612 2611 
f 2612 379 2608 
f 2611 2608 2606 
f 2608 2611 2612 
f 2853 2856 2854 
f 2856 2610 2611 
f 2854 2611 2606 
f 2611 2854 2856 
f 2613 2614 2859 
f 2614 2610 2858 
f 2859 2858 2857 
f 2858 2859 2614 
f 2610 2614 2616 
f 2614 2613 2615 
f 2616 2615 385 
f 2615 2616 2614 
f 379 2612 387 
f 2612 2610 2616 
f 387 2616 385 
f 2616 387 2612 
f 2610 2856 2858 
f 2856 2853 2860 
f 2858 2860 2857 
f 2860 2858 2856 
f 2613 2859 2863 
f 2859 2857 2862 
f 2863 2862 2861 
f 2862 2863 2859 
f 2613 2620 2615 
f 2620 391 393 
f 2615 393 385 
f 393 2615 2620 
f 2617 2618 2864 
f 2618 2613 2863 
f 2864 2863 2861 
f 2863 2864 2618 
f 2617 2619 2618 
f 2619 391 2620 
f 2618 2620 2613 
f 2620 2618 2619 
f 2617 2624 2625 
f 2624 403 405 
f 2625 405 397 
f 405 2625 2624 
f 2617 2864 2867 
f 2864 2861 2866 
f 2867 2866 2865 
f 2866 2867 2864 
f 2621 2622 2868 
f 2622 2617 2867 
f 2868 2867 2865 
f 2867 2868 2622 
f 2617 2622 2624 
f 2622 2621 2623 
f 2624 2623 403 
f 2623 2624 2622 
f 397 399 2625 
f 399 391 2619 
f 2625 2619 2617 
f 2619 2625 399 
f 409 2629 2628 
f 2629 2621 2627 
f 2628 2627 2626 
f 2627 2628 2629 
f 2621 2870 2627 
f 2870 2869 2871 
f 2627 2871 2626 
f 2871 2627 2870 
f 2621 2629 2623 
f 2629 409 411 
f 2623 411 403 
f 411 2623 2629 
f 2621 2868 2870 
f 2868 2865 2872 
f 2870 2872 2869 
f 2872 2870 2868 
f 2630 2631 2875 
f 2631 2626 2874 
f 2875 2874 2873 
f 2874 2875 2631 
f 415 2633 2632 
f 2633 2626 2631 
f 2632 2631 2630 
f 2631 2632 2633 
f 415 417 2633 
f 417 409 2628 
f 2633 2628 2626 
f 2628 2633 417 
f 2626 2871 2874 
f 2871 2869 2876 
f 2874 2876 2873 
f 2876 2874 2871 
f 421 423 2637 
f 423 415 2632 
f 2637 2632 2630 
f 2632 2637 423 
f 2634 2635 2879 
f 2635 2630 2878 
f 2879 2878 2877 
f 2878 2879 2635 
f 421 2637 2636 
f 2637 2630 2635 
f 2636 2635 2634 
f 2635 2636 2637 
f 2877 2878 2880 
f 2878 2630 2875 
f 2880 2875 2873 
f 2875 2880 2878 
f 2634 2641 2636 
f 2641 427 429 
f 2636 429 421 
f 429 2636 2641 
f 2634 2879 2883 
f 2879 2877 2882 
f 2883 2882 2881 
f 2882 2883 2879 
f 2638 2639 2884 
f 2639 2634 2883 
f 2884 2883 2881 
f 2883 2884 2639 
f 427 2641 2640 
f 2641 2634 2639 
f 2640 2639 2638 
f 2639 2640 2641 
f 2638 2645 2640 
f 2645 433 435 
f 2640 435 427 
f 435 2640 2645 
f 433 2645 2644 
f 2645 2638 2643 
f 2644 2643 2642 
f 2643 2644 2645 
f 2638 2886 2643 
f 2886 2885 2887 
f 2643 2887 2642 
f 2887 2643 2886 
f 2638 2884 2886 
f 2884 2881 2888 
f 2886 2888 2885 
f 2888 2886 2884 
f 2889 2890 2891 
f 2890 2642 2887 
f 2891 2887 2885 
f 2887 2891 2890 
f 2646 2647 2892 
f 2647 2642 2890 
f 2892 2890 2889 
f 2890 2892 2647 
f 2646 2648 2647 
f 2648 433 2644 
f 2647 2644 2642 
f 2644 2647 2648 
f 439 441 2652 
f 441 433 2648 
f 2652 2648 2646 
f 2648 2652 441 
f 2649 2651 2650 
f 2651 439 2652 
f 2650 2652 2646 
f 2652 2650 2651 
f 2893 2894 2895 
f 2894 2649 2650 
f 2895 2650 2646 
f 2650 2895 2894 
f 2646 2892 2895 
f 2892 2889 2896 
f 2895 2896 2893 
f 2896 2895 2892 
f 2653 2654 2899 
f 2654 2649 2898 
f 2899 2898 2897 
f 2898 2899 2654 
f 2649 2654 2656 
f 2654 2653 2655 
f 2656 2655 445 
f 2655 2656 2654 
f 439 2651 447 
f 2651 2649 2656 
f 447 2656 445 
f 2656 447 2651 
f 2897 2898 2900 
f 2898 2649 2894 
f 2900 2894 2893 
f 2894 2900 2898 
f 2657 2659 2658 
f 2659 451 2660 
f 2658 2660 2653 
f 2660 2658 2659 
f 2901 2902 2903 
f 2902 2657 2658 
f 2903 2658 2653 
f 2658 2903 2902 
f 2901 2903 2904 
f 2903 2653 2899 
f 2904 2899 2897 
f 2899 2904 2903 
f 451 453 2660 
f 453 445 2655 
f 2660 2655 2653 
f 2655 2660 453 
f 2661 2662 2907 
f 2662 2657 2906 
f 2907 2906 2905 
f 2906 2907 2662 
f 463 2664 2663 
f 2664 2657 2662 
f 2663 2662 2661 
f 2662 2663 2664 
f 2905 2906 2908 
f 2906 2657 2902 
f 2908 2902 2901 
f 2902 2908 2906 
f 451 2659 459 
f 2659 2657 2665 
f 459 2665 457 
f 2665 459 2659 
f 463 465 2664 
f 465 457 2665 
f 2664 2665 2657 
f 2665 2664 465 
f 2909 2910 2911 
f 2910 2661 2907 
f 2911 2907 2905 
f 2907 2911 2910 
f 2666 2667 2912 
f 2667 2661 2910 
f 2912 2910 2909 
f 2910 2912 2667 
f 2661 2667 2669 
f 2667 2666 2668 
f 2669 2668 469 
f 2668 2669 2667 
f 2661 2669 2663 
f 2669 469 471 
f 2663 471 463 
f 471 2663 2669 
f 2670 2671 2915 
f 2671 2666 2914 
f 2915 2914 2913 
f 2914 2915 2671 
f 2670 2672 2671 
f 2672 469 2668 
f 2671 2668 2666 
f 2668 2671 2672 
f 2913 2914 2916 
f 2914 2666 2912 
f 2916 2912 2909 
f 2912 2916 2914 
f 2670 2676 2677 
f 2676 481 483 
f 2677 483 475 
f 483 2677 2676 
f 2673 2674 2919 
f 2674 2670 2918 
f 2919 2918 2917 
f 2918 2919 2674 
f 2670 2674 2676 
f 2674 2673 2675 
f 2676 2675 481 
f 2675 2676 2674 
f 2670 2915 2918 
f 2915 2913 2920 
f 2918 2920 2917 
f 2920 2918 2915 
f 475 477 2677 
f 477 469 2672 
f 2677 2672 2670 
f 2672 2677 477 
f 2673 2681 2675 
f 2681 487 489 
f 2675 489 481 
f 489 2675 2681 
f 2673 2919 2923 
f 2919 2917 2922 
f 2923 2922 2921 
f 2922 2923 2919 
f 487 2681 2680 
f 2681 2673 2679 
f 2680 2679 2678 
f 2679 2680 2681 
f 2673 2923 2679 
f 2923 2921 2924 
f 2679 2924 2678 
f 2924 2679 2923 
f 493 495 2685 
f 495 487 2680 
f 2685 2680 2678 
f 2680 2685 495 
f 2682 2683 2927 
f 2683 2678 2926 
f 2927 2926 2925 
f 2926 2927 2683 
f 493 2685 2684 
f 2685 2678 2683 
f 2684 2683 2682 
f 2683 2684 2685 
f 2678 2924 2926 
f 2924 2921 2928 
f 2926 2928 2925 
f 2928 2926 2924 
f 2682 2927 2931 
f 2927 2925 2930 
f 2931 2930 2929 
f 2930 2931 2927 
f 499 2689 2688 
f 2689 2682 2687 
f 2688 2687 2686 
f 2687 2688 2689 
f 2682 2931 2687 
f 2931 2929 2932 
f 2687 2932 2686 
f 2932 2687 2931 
f 2682 2689 2684 
f 2689 499 501 
f 2684 501 493 
f 501 2684 2689 
f 2686 2691 2688 
f 2691 2690 2692 
f 2688 2692 499 
f 2692 2688 2691 
f 2933 2934 2935 
f 2934 2690 2691 
f 2935 2691 2686 
f 2691 2935 2934 
f 2686 2932 2935 
f 2932 2929 2936 
f 2935 2936 2933 
f 2936 2935 2932 
f 2690 2694 2696 
f 2694 2693 2695 
f 2696 2695 505 
f 2695 2696 2694 
f 2690 2938 2694 
f 2938 2937 2939 
f 2694 2939 2693 
f 2939 2694 2938 
f 499 2692 507 
f 2692 2690 2696 
f 507 2696 505 
f 2696 507 2692 
f 2690 2934 2938 
f 2934 2933 2940 
f 2938 2940 2937 
f 2940 2938 2934 
f 2693 2698 2700 
f 2698 2697 2699 
f 2700 2699 517 
f 2699 2700 2698 
f 2693 2942 2698 
f 2942 2941 2943 
f 2698 2943 2697 
f 2943 2698 2942 
f 2693 2700 2701 
f 2700 517 519 
f 2701 519 511 
f 519 2701 2700 
f 2941 2942 2944 
f 2942 2693 2939 
f 2944 2939 2937 
f 2939 2944 2942 
f 2693 2701 2695 
f 2701 511 513 
f 2695 513 505 
f 513 2695 2701 
f 2697 2703 2699 
f 2703 28 524 
f 2699 524 517 
f 524 2699 2703 
f 2464 2702 2947 
f 2702 2697 2946 
f 2947 2946 2945 
f 2946 2947 2702 
f 2697 2702 2703 
f 2702 2464 2470 
f 2703 2470 28 
f 2470 2703 2702 
f 2697 2943 2946 
f 2943 2941 2948 
f 2946 2948 2945 
f 2948 2946 2943 
f 2713 2714 2949 
f 2714 2464 2947 
f 2949 2947 2945 
f 2947 2949 2714 
f 18 27 186 
f 27 25 185 
f 186 185 182 
f 185 186 27 
f 25 183 185 
f 183 181 184 
f 185 184 182 
f 184 185 183 
f 188 191 190 
f 191 181 189 
f 190 189 187 
f 189 190 191 
f 182 184 192 
f 184 181 191 
f 192 191 188 
f 191 192 184 
f 188 190 198 
f 190 187 197 
f 198 197 194 
f 197 198 190 
f 194 197 196 
f 197 187 195 
f 196 195 193 
f 195 196 197 
f 200 204 203 
f 204 194 196 
f 203 196 193 
f 196 203 204 
f 199 202 201 
f 202 200 203 
f 201 203 193 
f 203 201 202 
f 200 202 210 
f 202 199 209 
f 210 209 206 
f 209 210 202 
f 199 207 209 
f 207 205 208 
f 209 208 206 
f 208 209 207 
f 206 208 216 
f 208 205 215 
f 216 215 212 
f 215 216 208 
f 205 213 215 
f 213 211 214 
f 215 214 212 
f 214 215 213 
f 218 221 220 
f 221 211 219 
f 220 219 217 
f 219 220 221 
f 211 221 214 
f 221 218 222 
f 214 222 212 
f 222 214 221 
f 218 220 228 
f 220 217 227 
f 228 227 224 
f 227 228 220 
f 217 225 227 
f 225 223 226 
f 227 226 224 
f 226 227 225 
f 224 226 234 
f 226 223 233 
f 234 233 230 
f 233 234 226 
f 223 231 233 
f 231 229 232 
f 233 232 230 
f 232 233 231 
f 235 238 237 
f 238 236 239 
f 237 239 229 
f 239 237 238 
f 229 239 232 
f 239 236 240 
f 232 240 230 
f 240 232 239 
f 235 245 238 
f 245 242 246 
f 238 246 236 
f 246 238 245 
f 235 243 245 
f 243 241 244 
f 245 244 242 
f 244 245 243 
f 241 251 244 
f 251 248 252 
f 244 252 242 
f 252 244 251 
f 247 250 249 
f 250 248 251 
f 249 251 241 
f 251 249 250 
f 254 258 257 
f 258 248 250 
f 257 250 247 
f 250 257 258 
f 253 256 255 
f 256 254 257 
f 255 257 247 
f 257 255 256 
f 253 261 263 
f 261 259 262 
f 263 262 260 
f 262 263 261 
f 253 263 256 
f 263 260 264 
f 256 264 254 
f 264 256 263 
f 260 262 270 
f 262 259 269 
f 270 269 266 
f 269 270 262 
f 259 267 269 
f 267 265 268 
f 269 268 266 
f 268 269 267 
f 265 275 268 
f 275 272 276 
f 268 276 266 
f 276 268 275 
f 272 275 274 
f 275 265 273 
f 274 273 271 
f 273 274 275 
f 272 274 282 
f 274 271 281 
f 282 281 278 
f 281 282 274 
f 271 279 281 
f 279 277 280 
f 281 280 278 
f 280 281 279 
f 284 288 287 
f 288 278 280 
f 287 280 277 
f 280 287 288 
f 284 287 286 
f 287 277 285 
f 286 285 283 
f 285 286 287 
f 284 286 294 
f 286 283 293 
f 294 293 290 
f 293 294 286 
f 289 292 291 
f 292 290 293 
f 291 293 283 
f 293 291 292 
f 290 292 300 
f 292 289 299 
f 300 299 296 
f 299 300 292 
f 289 297 299 
f 297 295 298 
f 299 298 296 
f 298 299 297 
f 296 298 306 
f 298 295 305 
f 306 305 302 
f 305 306 298 
f 302 305 304 
f 305 295 303 
f 304 303 301 
f 303 304 305 
f 302 304 312 
f 304 301 311 
f 312 311 308 
f 311 312 304 
f 301 309 311 
f 309 307 310 
f 311 310 308 
f 310 311 309 
f 308 310 318 
f 310 307 317 
f 318 317 314 
f 317 318 310 
f 307 315 317 
f 315 313 316 
f 317 316 314 
f 316 317 315 
f 313 323 316 
f 323 320 324 
f 316 324 314 
f 324 316 323 
f 313 321 323 
f 321 319 322 
f 323 322 320 
f 322 323 321 
f 326 330 329 
f 330 320 322 
f 329 322 319 
f 322 329 330 
f 319 327 329 
f 327 325 328 
f 329 328 326 
f 328 329 327 
f 332 336 335 
f 336 326 328 
f 335 328 325 
f 328 335 336 
f 331 334 333 
f 334 332 335 
f 333 335 325 
f 335 333 334 
f 338 342 341 
f 342 332 334 
f 341 334 331 
f 334 341 342 
f 337 340 339 
f 340 338 341 
f 339 341 331 
f 341 339 340 
f 344 348 347 
f 348 338 340 
f 347 340 337 
f 340 347 348 
f 343 346 345 
f 346 344 347 
f 345 347 337 
f 347 345 346 
f 344 346 354 
f 346 343 353 
f 354 353 350 
f 353 354 346 
f 343 351 353 
f 351 349 352 
f 353 352 350 
f 352 353 351 
f 349 359 352 
f 359 356 360 
f 352 360 350 
f 360 352 359 
f 356 359 358 
f 359 349 357 
f 358 357 355 
f 357 358 359 
f 355 363 365 
f 363 361 364 
f 365 364 362 
f 364 365 363 
f 356 358 366 
f 358 355 365 
f 366 365 362 
f 365 366 358 
f 362 364 372 
f 364 361 371 
f 372 371 368 
f 371 372 364 
f 361 369 371 
f 369 367 370 
f 371 370 368 
f 370 371 369 
f 367 377 370 
f 377 374 378 
f 370 378 368 
f 378 370 377 
f 367 375 377 
f 375 373 376 
f 377 376 374 
f 376 377 375 
f 379 382 381 
f 382 380 383 
f 381 383 373 
f 383 381 382 
f 373 383 376 
f 383 380 384 
f 376 384 374 
f 384 376 383 
f 379 387 389 
f 387 385 388 
f 389 388 386 
f 388 389 387 
f 380 382 390 
f 382 379 389 
f 390 389 386 
f 389 390 382 
f 392 396 395 
f 396 386 388 
f 395 388 385 
f 388 395 396 
f 392 395 394 
f 395 385 393 
f 394 393 391 
f 393 394 395 
f 398 402 401 
f 402 392 394 
f 401 394 391 
f 394 401 402 
f 398 401 400 
f 401 391 399 
f 400 399 397 
f 399 400 401 
f 398 400 408 
f 400 397 407 
f 408 407 404 
f 407 408 400 
f 397 405 407 
f 405 403 406 
f 407 406 404 
f 406 407 405 
f 410 414 413 
f 414 404 406 
f 413 406 403 
f 406 413 414 
f 403 411 413 
f 411 409 412 
f 413 412 410 
f 412 413 411 
f 410 412 420 
f 412 409 419 
f 420 419 416 
f 419 420 412 
f 409 417 419 
f 417 415 418 
f 419 418 416 
f 418 419 417 
f 415 423 425 
f 423 421 424 
f 425 424 422 
f 424 425 423 
f 422 426 425 
f 426 416 418 
f 425 418 415 
f 418 425 426 
f 421 431 424 
f 431 428 432 
f 424 432 422 
f 432 424 431 
f 427 430 429 
f 430 428 431 
f 429 431 421 
f 431 429 430 
f 427 437 430 
f 437 434 438 
f 430 438 428 
f 438 430 437 
f 433 436 435 
f 436 434 437 
f 435 437 427 
f 437 435 436 
f 434 436 444 
f 436 433 443 
f 444 443 440 
f 443 444 436 
f 433 441 443 
f 441 439 442 
f 443 442 440 
f 442 443 441 
f 446 450 449 
f 450 440 442 
f 449 442 439 
f 442 449 450 
f 446 449 448 
f 449 439 447 
f 448 447 445 
f 447 448 449 
f 445 455 448 
f 455 452 456 
f 448 456 446 
f 456 448 455 
f 445 453 455 
f 453 451 454 
f 455 454 452 
f 454 455 453 
f 451 461 454 
f 461 458 462 
f 454 462 452 
f 462 454 461 
f 451 459 461 
f 459 457 460 
f 461 460 458 
f 460 461 459 
f 457 467 460 
f 467 464 468 
f 460 468 458 
f 468 460 467 
f 464 467 466 
f 467 457 465 
f 466 465 463 
f 465 466 467 
f 464 466 474 
f 466 463 473 
f 474 473 470 
f 473 474 466 
f 463 471 473 
f 471 469 472 
f 473 472 470 
f 472 473 471 
f 469 479 472 
f 479 476 480 
f 472 480 470 
f 480 472 479 
f 476 479 478 
f 479 469 477 
f 478 477 475 
f 477 478 479 
f 481 484 483 
f 484 482 485 
f 483 485 475 
f 485 483 484 
f 476 478 486 
f 478 475 485 
f 486 485 482 
f 485 486 478 
f 482 484 492 
f 484 481 491 
f 492 491 488 
f 491 492 484 
f 481 489 491 
f 489 487 490 
f 491 490 488 
f 490 491 489 
f 487 497 490 
f 497 494 498 
f 490 498 488 
f 498 490 497 
f 487 495 497 
f 495 493 496 
f 497 496 494 
f 496 497 495 
f 494 496 504 
f 496 493 503 
f 504 503 500 
f 503 504 496 
f 500 503 502 
f 503 493 501 
f 502 501 499 
f 501 502 503 
f 499 509 502 
f 509 506 510 
f 502 510 500 
f 510 502 509 
f 499 507 509 
f 507 505 508 
f 509 508 506 
f 508 509 507 
f 506 508 516 
f 508 505 515 
f 516 515 512 
f 515 516 508 
f 505 513 515 
f 513 511 514 
f 515 514 512 
f 514 515 513 
f 511 521 514 
f 521 518 522 
f 514 522 512 
f 522 514 521 
f 511 519 521 
f 519 517 520 
f 521 520 518 
f 520 521 519 
f 517 526 520 
f 526 523 527 
f 520 527 518 
f 527 520 526 
f 517 524 526 
f 524 28 525 
f 526 525 523 
f 525 526 524 
f 523 525 528 
f 525 28 30 
f 528 30 22 
f 30 528 525 
f 72 533 89 
f 533 530 537 
f 89 537 82 
f 537 89 533 
f 530 533 532 
f 533 72 531 
f 532 531 529 
f 531 532 533 
f 534 536 535 
f 536 529 531 
f 535 531 72 
f 531 535 536 
f 66 538 79 
f 538 534 535 
f 79 535 72 
f 535 79 538 
f 76 90 541 
f 90 86 540 
f 541 540 539 
f 540 541 90 
f 62 80 544 
f 80 76 543 
f 544 543 542 
f 543 544 80 
f 76 541 543 
f 541 539 545 
f 543 545 542 
f 545 543 541 
f 547 553 550 
f 553 552 554 
f 550 554 446 
f 554 550 553 
f 440 450 555 
f 450 446 554 
f 555 554 552 
f 554 555 450 
f 446 456 548 
f 456 452 551 
f 548 551 546 
f 551 548 456 
f 546 549 548 
f 549 547 550 
f 548 550 446 
f 550 548 549 
f 556 561 558 
f 561 254 264 
f 558 264 260 
f 264 558 561 
f 562 564 563 
f 564 557 559 
f 563 559 260 
f 559 563 564 
f 260 270 563 
f 270 266 565 
f 563 565 562 
f 565 563 270 
f 556 558 560 
f 558 260 559 
f 560 559 557 
f 559 560 558 
f 566 568 571 
f 568 422 432 
f 571 432 428 
f 432 571 568 
f 566 569 568 
f 569 567 570 
f 568 570 422 
f 570 568 569 
f 422 570 573 
f 570 567 575 
f 573 575 572 
f 575 573 570 
f 422 573 426 
f 573 572 574 
f 426 574 416 
f 574 426 573 
f 576 580 577 
f 580 579 581 
f 577 581 356 
f 581 577 580 
f 350 360 582 
f 360 356 581 
f 582 581 579 
f 581 582 360 
f 362 578 366 
f 578 576 577 
f 366 577 356 
f 577 366 578 
f 583 584 585 
f 584 284 294 
f 585 294 290 
f 294 585 584 
f 586 588 587 
f 588 284 584 
f 587 584 583 
f 584 587 588 
f 589 590 591 
f 590 284 588 
f 591 588 586 
f 588 591 590 
f 278 288 592 
f 288 284 590 
f 592 590 589 
f 590 592 288 
f 332 594 336 
f 594 593 595 
f 336 595 326 
f 595 336 594 
f 593 594 602 
f 594 332 600 
f 602 600 599 
f 600 602 594 
f 332 598 600 
f 598 596 601 
f 600 601 599 
f 601 600 598 
f 338 597 342 
f 597 596 598 
f 342 598 332 
f 598 342 597 
f 380 390 606 
f 390 386 609 
f 606 609 604 
f 609 606 390 
f 604 607 606 
f 607 603 605 
f 606 605 380 
f 605 606 607 
f 374 384 608 
f 384 380 605 
f 608 605 603 
f 605 608 384 
f 308 614 611 
f 614 613 615 
f 611 615 610 
f 615 611 614 
f 613 614 616 
f 614 308 318 
f 616 318 314 
f 318 616 614 
f 308 611 312 
f 611 610 612 
f 312 612 302 
f 612 312 611 
f 476 621 480 
f 621 620 622 
f 480 622 470 
f 622 480 621 
f 620 623 622 
f 623 617 618 
f 622 618 470 
f 618 622 623 
f 464 474 619 
f 474 470 618 
f 619 618 617 
f 618 619 474 
f 236 246 626 
f 246 242 625 
f 626 625 624 
f 625 626 246 
f 236 628 240 
f 628 627 629 
f 240 629 230 
f 629 240 628 
f 236 626 628 
f 626 624 630 
f 628 630 627 
f 630 628 626 
f 637 638 640 
f 638 218 228 
f 640 228 224 
f 228 640 638 
f 218 638 635 
f 638 637 639 
f 635 639 634 
f 639 635 638 
f 218 635 632 
f 635 634 636 
f 632 636 631 
f 636 632 635 
f 218 632 222 
f 632 631 633 
f 222 633 212 
f 633 222 632 
f 488 642 646 
f 642 641 645 
f 646 645 644 
f 645 646 642 
f 488 646 648 
f 646 644 649 
f 648 649 647 
f 649 648 646 
f 488 648 492 
f 648 647 650 
f 492 650 482 
f 650 492 648 
f 494 643 498 
f 643 641 642 
f 498 642 488 
f 642 498 643 
f 166 652 175 
f 652 651 653 
f 175 653 174 
f 653 175 652 
f 166 172 656 
f 172 170 655 
f 656 655 654 
f 655 656 172 
f 651 652 657 
f 652 166 656 
f 657 656 654 
f 656 657 652 
f 661 663 662 
f 663 174 660 
f 662 660 658 
f 660 662 663 
f 174 653 660 
f 653 651 659 
f 660 659 658 
f 659 660 653 
f 177 178 664 
f 178 174 663 
f 664 663 661 
f 663 664 178 
f 654 655 671 
f 655 170 670 
f 671 670 668 
f 670 671 655 
f 170 173 667 
f 173 155 666 
f 667 666 665 
f 666 667 173 
f 170 667 670 
f 667 665 669 
f 670 669 668 
f 669 670 667 
f 672 673 678 
f 673 143 677 
f 678 677 675 
f 677 678 673 
f 159 160 674 
f 160 143 673 
f 674 673 672 
f 673 674 160 
f 675 677 676 
f 677 143 149 
f 676 149 147 
f 149 676 677 
f 679 680 682 
f 680 159 674 
f 682 674 672 
f 674 682 680 
f 162 163 681 
f 163 159 680 
f 681 680 679 
f 680 681 163 
f 147 687 684 
f 687 686 688 
f 684 688 683 
f 688 684 687 
f 147 684 676 
f 684 683 685 
f 676 685 675 
f 685 676 684 
f 147 152 687 
f 152 150 689 
f 687 689 686 
f 689 687 152 
f 690 691 695 
f 691 651 694 
f 695 694 693 
f 694 695 691 
f 651 657 694 
f 657 654 696 
f 694 696 693 
f 696 694 657 
f 651 691 659 
f 691 690 692 
f 659 692 658 
f 692 659 691 
f 697 701 699 
f 701 700 702 
f 699 702 675 
f 702 699 701 
f 683 698 685 
f 698 697 699 
f 685 699 675 
f 699 685 698 
f 700 703 702 
f 703 672 678 
f 702 678 675 
f 678 702 703 
f 683 705 698 
f 705 704 706 
f 698 706 697 
f 706 698 705 
f 704 705 709 
f 705 683 708 
f 709 708 707 
f 708 709 705 
f 707 708 710 
f 708 683 688 
f 710 688 686 
f 688 710 708 
f 711 715 713 
f 715 714 716 
f 713 716 658 
f 716 713 715 
f 690 712 692 
f 712 711 713 
f 692 713 658 
f 713 692 712 
f 714 717 716 
f 717 661 662 
f 716 662 658 
f 662 716 717 
f 690 722 719 
f 722 721 723 
f 719 723 718 
f 723 719 722 
f 711 712 720 
f 712 690 719 
f 720 719 718 
f 719 720 712 
f 690 695 722 
f 695 693 724 
f 722 724 721 
f 724 722 695 
f 697 727 730 
f 727 725 729 
f 730 729 728 
f 729 730 727 
f 704 726 706 
f 726 725 727 
f 706 727 697 
f 727 706 726 
f 697 730 701 
f 730 728 731 
f 701 731 700 
f 731 701 730 
f 404 414 733 
f 414 410 734 
f 733 734 732 
f 734 733 414 
f 735 738 737 
f 738 398 408 
f 737 408 404 
f 408 737 738 
f 732 736 733 
f 736 735 737 
f 733 737 404 
f 737 733 736 
f 742 744 743 
f 744 711 741 
f 743 741 739 
f 741 743 744 
f 714 715 745 
f 715 711 744 
f 745 744 742 
f 744 745 715 
f 711 720 741 
f 720 718 740 
f 741 740 739 
f 740 741 720 
f 749 750 752 
f 750 704 709 
f 752 709 707 
f 709 752 750 
f 704 747 726 
f 747 746 748 
f 726 748 725 
f 748 726 747 
f 746 747 751 
f 747 704 750 
f 751 750 749 
f 750 751 747 
f 728 729 755 
f 729 725 754 
f 755 754 753 
f 754 755 729 
f 725 758 754 
f 758 756 759 
f 754 759 753 
f 759 754 758 
f 725 748 758 
f 748 746 757 
f 758 757 756 
f 757 758 748 
f 728 765 731 
f 765 763 766 
f 731 766 700 
f 766 731 765 
f 763 765 764 
f 765 728 762 
f 764 762 760 
f 762 764 765 
f 760 762 761 
f 762 728 755 
f 761 755 753 
f 755 761 762 
f 770 771 773 
f 771 718 769 
f 773 769 767 
f 769 773 771 
f 721 768 723 
f 768 767 769 
f 723 769 718 
f 769 723 768 
f 718 771 740 
f 771 770 772 
f 740 772 739 
f 772 740 771 
f 777 778 780 
f 778 721 724 
f 780 724 693 
f 724 780 778 
f 774 775 779 
f 775 721 778 
f 779 778 777 
f 778 779 775 
f 767 768 776 
f 768 721 775 
f 776 775 774 
f 775 776 768 
f 781 787 783 
f 787 784 785 
f 783 785 92 
f 785 783 787 
f 92 109 783 
f 109 102 782 
f 783 782 781 
f 782 783 109 
f 86 99 786 
f 99 92 785 
f 786 785 784 
f 785 786 99 
f 96 100 793 
f 100 82 792 
f 793 792 791 
f 792 793 100 
f 96 789 110 
f 789 788 790 
f 110 790 106 
f 790 110 789 
f 96 793 789 
f 793 791 794 
f 789 794 788 
f 794 789 793 
f 742 743 797 
f 743 739 796 
f 797 796 795 
f 796 797 743 
f 798 800 799 
f 800 795 796 
f 799 796 739 
f 796 799 800 
f 770 801 772 
f 801 798 799 
f 772 799 739 
f 799 772 801 
f 756 757 808 
f 757 746 807 
f 808 807 805 
f 807 808 757 
f 746 804 807 
f 804 802 806 
f 807 806 805 
f 806 807 804 
f 746 751 804 
f 751 749 803 
f 804 803 802 
f 803 804 751 
f 760 761 811 
f 761 753 810 
f 811 810 809 
f 810 811 761 
f 812 814 813 
f 814 809 810 
f 813 810 753 
f 810 813 814 
f 756 815 759 
f 815 812 813 
f 759 813 753 
f 813 759 815 
f 760 821 764 
f 821 819 822 
f 764 822 763 
f 822 764 821 
f 809 817 811 
f 817 816 818 
f 811 818 760 
f 818 811 817 
f 816 820 818 
f 820 819 821 
f 818 821 760 
f 821 818 820 
f 826 828 827 
f 828 767 825 
f 827 825 823 
f 825 827 828 
f 770 773 829 
f 773 767 828 
f 829 828 826 
f 828 829 773 
f 767 776 825 
f 776 774 824 
f 825 824 823 
f 824 825 776 
f 774 831 824 
f 831 830 832 
f 824 832 823 
f 832 824 831 
f 774 834 831 
f 834 833 835 
f 831 835 830 
f 835 831 834 
f 777 836 779 
f 836 833 834 
f 779 834 774 
f 834 779 836 
f 816 817 839 
f 817 809 838 
f 839 838 837 
f 838 839 817 
f 812 843 814 
f 843 840 841 
f 814 841 809 
f 841 814 843 
f 809 841 838 
f 841 840 842 
f 838 842 837 
f 842 838 841 
f 816 839 846 
f 839 837 845 
f 846 845 844 
f 845 846 839 
f 816 849 820 
f 849 847 850 
f 820 850 819 
f 850 820 849 
f 844 848 846 
f 848 847 849 
f 846 849 816 
f 849 846 848 
f 854 856 855 
f 856 823 853 
f 855 853 851 
f 853 855 856 
f 826 827 857 
f 827 823 856 
f 857 856 854 
f 856 857 827 
f 851 853 852 
f 853 823 832 
f 852 832 830 
f 832 852 853 
f 858 859 863 
f 859 830 862 
f 863 862 861 
f 862 863 859 
f 858 860 859 
f 860 851 852 
f 859 852 830 
f 852 859 860 
f 830 835 862 
f 835 833 864 
f 862 864 861 
f 864 862 835 
f 200 870 204 
f 870 868 871 
f 204 871 194 
f 871 204 870 
f 868 870 869 
f 870 200 866 
f 869 866 865 
f 866 869 870 
f 206 867 210 
f 867 865 866 
f 210 866 200 
f 866 210 867 
f 506 516 876 
f 516 512 878 
f 876 878 875 
f 878 876 516 
f 506 876 873 
f 876 875 877 
f 873 877 872 
f 877 873 876 
f 872 874 873 
f 874 500 510 
f 873 510 506 
f 510 873 874 
f 837 884 880 
f 884 882 885 
f 880 885 879 
f 885 880 884 
f 882 884 883 
f 884 837 842 
f 883 842 840 
f 842 883 884 
f 837 880 845 
f 880 879 881 
f 845 881 844 
f 881 845 880 
f 844 887 848 
f 887 886 888 
f 848 888 847 
f 888 848 887 
f 844 890 887 
f 890 889 891 
f 887 891 886 
f 891 887 890 
f 889 890 892 
f 890 844 881 
f 892 881 879 
f 881 892 890 
f 847 888 895 
f 888 886 894 
f 895 894 893 
f 894 895 888 
f 847 895 898 
f 895 893 897 
f 898 897 896 
f 897 898 895 
f 847 898 850 
f 898 896 899 
f 850 899 819 
f 899 850 898 
f 903 905 904 
f 905 900 901 
f 904 901 886 
f 901 904 905 
f 900 902 901 
f 902 893 894 
f 901 894 886 
f 894 901 902 
f 903 904 906 
f 904 886 891 
f 906 891 889 
f 891 906 904 
f 907 911 909 
f 911 910 912 
f 909 912 893 
f 912 909 911 
f 893 902 909 
f 902 900 908 
f 909 908 907 
f 908 909 902 
f 896 897 913 
f 897 893 912 
f 913 912 910 
f 912 913 897 
f 840 843 918 
f 843 812 920 
f 918 920 917 
f 920 918 843 
f 914 915 919 
f 915 840 918 
f 919 918 917 
f 918 919 915 
f 840 915 883 
f 915 914 916 
f 883 916 882 
f 916 883 915 
f 900 905 925 
f 905 903 927 
f 925 927 924 
f 927 925 905 
f 924 926 925 
f 926 921 922 
f 925 922 900 
f 922 925 926 
f 921 923 922 
f 923 907 908 
f 922 908 900 
f 908 922 923 
f 910 911 934 
f 911 907 933 
f 934 933 931 
f 933 934 911 
f 931 933 932 
f 933 907 930 
f 932 930 928 
f 930 932 933 
f 907 923 930 
f 923 921 929 
f 930 929 928 
f 929 930 923 
f 854 855 940 
f 855 851 939 
f 940 939 938 
f 939 940 855 
f 935 941 937 
f 941 938 939 
f 937 939 851 
f 939 937 941 
f 935 937 936 
f 937 851 860 
f 936 860 858 
f 860 936 937 
f 935 936 948 
f 936 858 947 
f 948 947 945 
f 947 948 936 
f 858 944 947 
f 944 942 946 
f 947 946 945 
f 946 947 944 
f 942 944 943 
f 944 858 863 
f 943 863 861 
f 863 943 944 
f 952 954 953 
f 954 949 950 
f 953 950 861 
f 950 953 954 
f 833 955 864 
f 955 952 953 
f 864 953 861 
f 953 864 955 
f 949 951 950 
f 951 942 943 
f 950 943 861 
f 943 950 951 
f 942 961 946 
f 961 959 962 
f 946 962 945 
f 962 946 961 
f 949 957 951 
f 957 956 958 
f 951 958 942 
f 958 951 957 
f 956 960 958 
f 960 959 961 
f 958 961 942 
f 961 958 960 
f 952 969 954 
f 969 966 967 
f 954 967 949 
f 967 954 969 
f 966 968 967 
f 968 963 964 
f 967 964 949 
f 964 967 968 
f 963 965 964 
f 965 956 957 
f 964 957 949 
f 957 964 965 
f 973 975 974 
f 975 854 972 
f 974 972 970 
f 972 974 975 
f 826 857 976 
f 857 854 975 
f 976 975 973 
f 975 976 857 
f 854 940 972 
f 940 938 971 
f 972 971 970 
f 971 972 940 
f 977 979 978 
f 979 956 965 
f 978 965 963 
f 965 978 979 
f 980 982 981 
f 982 956 979 
f 981 979 977 
f 979 981 982 
f 980 983 982 
f 983 959 960 
f 982 960 956 
f 960 982 983 
f 966 990 968 
f 990 987 988 
f 968 988 963 
f 988 968 990 
f 984 985 989 
f 985 963 988 
f 989 988 987 
f 988 989 985 
f 984 986 985 
f 986 977 978 
f 985 978 963 
f 978 985 986 
f 921 926 995 
f 926 924 997 
f 995 997 994 
f 997 995 926 
f 991 992 996 
f 992 921 995 
f 996 995 994 
f 995 996 992 
f 991 993 992 
f 993 928 929 
f 992 929 921 
f 929 992 993 
f 928 1000 1002 
f 1000 998 1004 
f 1002 1004 1001 
f 1004 1002 1000 
f 931 932 1003 
f 932 928 1002 
f 1003 1002 1001 
f 1002 1003 932 
f 928 993 1000 
f 993 991 999 
f 1000 999 998 
f 999 1000 993 
f 1005 1009 1007 
f 1009 1008 1010 
f 1007 1010 977 
f 1010 1007 1009 
f 977 986 1007 
f 986 984 1006 
f 1007 1006 1005 
f 1006 1007 986 
f 980 981 1011 
f 981 977 1010 
f 1011 1010 1008 
f 1010 1011 981 
f 984 1016 1013 
f 1016 1015 1017 
f 1013 1017 1012 
f 1017 1013 1016 
f 1015 1016 1018 
f 1016 984 989 
f 1018 989 987 
f 989 1018 1016 
f 1012 1014 1013 
f 1014 1005 1006 
f 1013 1006 984 
f 1006 1013 1014 
f 707 1025 752 
f 1025 1022 1023 
f 752 1023 749 
f 1023 752 1025 
f 749 1020 803 
f 1020 1019 1021 
f 803 1021 802 
f 1021 803 1020 
f 749 1023 1020 
f 1023 1022 1024 
f 1020 1024 1019 
f 1024 1020 1023 
f 802 1021 1028 
f 1021 1019 1027 
f 1028 1027 1026 
f 1027 1028 1021 
f 1029 1031 1030 
f 1031 802 1028 
f 1030 1028 1026 
f 1028 1030 1031 
f 805 806 1032 
f 806 802 1031 
f 1032 1031 1029 
f 1031 1032 806 
f 742 1035 1038 
f 1035 1033 1037 
f 1038 1037 1036 
f 1037 1038 1035 
f 714 745 1039 
f 745 742 1038 
f 1039 1038 1036 
f 1038 1039 745 
f 795 1034 797 
f 1034 1033 1035 
f 797 1035 742 
f 1035 797 1034 
f 1040 1041 1045 
f 1041 795 1044 
f 1045 1044 1043 
f 1044 1045 1041 
f 795 1041 1034 
f 1041 1040 1042 
f 1034 1042 1033 
f 1042 1034 1041 
f 1043 1044 1046 
f 1044 795 800 
f 1046 800 798 
f 800 1046 1044 
f 1047 1049 1048 
f 1049 903 906 
f 1048 906 889 
f 906 1048 1049 
f 1047 1048 1053 
f 1048 889 1052 
f 1053 1052 1050 
f 1052 1053 1048 
f 879 1051 892 
f 1051 1050 1052 
f 892 1052 889 
f 1052 892 1051 
f 935 948 1056 
f 948 945 1055 
f 1056 1055 1054 
f 1055 1056 948 
f 1057 1058 1060 
f 1058 945 962 
f 1060 962 959 
f 962 1060 1058 
f 1054 1055 1059 
f 1055 945 1058 
f 1059 1058 1057 
f 1058 1059 1055 
f 1064 1067 1066 
f 1067 1008 1009 
f 1066 1009 1005 
f 1009 1066 1067 
f 1061 1065 1063 
f 1065 1064 1066 
f 1063 1066 1005 
f 1066 1063 1065 
f 1005 1014 1063 
f 1014 1012 1062 
f 1063 1062 1061 
f 1062 1063 1014 
f 1068 1070 1069 
f 1070 1012 1017 
f 1069 1017 1015 
f 1017 1069 1070 
f 1012 1070 1073 
f 1070 1068 1072 
f 1073 1072 1071 
f 1072 1073 1070 
f 1061 1062 1074 
f 1062 1012 1073 
f 1074 1073 1071 
f 1073 1074 1062 
f 1075 1077 1076 
f 1077 1068 1069 
f 1076 1069 1015 
f 1069 1076 1077 
f 1078 1079 1081 
f 1079 1015 1018 
f 1081 1018 987 
f 1018 1081 1079 
f 1078 1080 1079 
f 1080 1075 1076 
f 1079 1076 1015 
f 1076 1079 1080 
f 1071 1072 1088 
f 1072 1068 1087 
f 1088 1087 1085 
f 1087 1088 1072 
f 1082 1086 1084 
f 1086 1085 1087 
f 1084 1087 1068 
f 1087 1084 1086 
f 1082 1084 1083 
f 1084 1068 1077 
f 1083 1077 1075 
f 1077 1083 1084 
f 1075 1090 1083 
f 1090 1089 1091 
f 1083 1091 1082 
f 1091 1083 1090 
f 1075 1080 1093 
f 1080 1078 1095 
f 1093 1095 1092 
f 1095 1093 1080 
f 1092 1094 1093 
f 1094 1089 1090 
f 1093 1090 1075 
f 1090 1093 1094 
f 1099 1102 1101 
f 1102 1096 1097 
f 1101 1097 1061 
f 1097 1101 1102 
f 1061 1074 1101 
f 1074 1071 1100 
f 1101 1100 1099 
f 1100 1101 1074 
f 1096 1098 1097 
f 1098 1064 1065 
f 1097 1065 1061 
f 1065 1097 1098 
f 1019 1104 1027 
f 1104 1103 1105 
f 1027 1105 1026 
f 1105 1027 1104 
f 1106 1108 1107 
f 1108 1019 1024 
f 1107 1024 1022 
f 1024 1107 1108 
f 1019 1108 1104 
f 1108 1106 1109 
f 1104 1109 1103 
f 1109 1104 1108 
f 1029 1030 1112 
f 1030 1026 1111 
f 1112 1111 1110 
f 1111 1112 1030 
f 1026 1105 1114 
f 1105 1103 1116 
f 1114 1116 1113 
f 1116 1114 1105 
f 1113 1115 1114 
f 1115 1110 1111 
f 1114 1111 1026 
f 1111 1114 1115 
f 1120 1123 1122 
f 1123 805 1032 
f 1122 1032 1029 
f 1032 1122 1123 
f 1110 1118 1112 
f 1118 1117 1119 
f 1112 1119 1029 
f 1119 1112 1118 
f 1120 1122 1121 
f 1122 1029 1119 
f 1121 1119 1117 
f 1119 1121 1122 
f 1110 1115 1126 
f 1115 1113 1125 
f 1126 1125 1124 
f 1125 1126 1115 
f 1117 1118 1129 
f 1118 1110 1128 
f 1129 1128 1127 
f 1128 1129 1118 
f 1127 1128 1130 
f 1128 1110 1126 
f 1130 1126 1124 
f 1126 1130 1128 
f 1134 1136 1135 
f 1136 1131 1132 
f 1135 1132 1113 
f 1132 1135 1136 
f 1134 1135 1137 
f 1135 1113 1116 
f 1137 1116 1103 
f 1116 1137 1135 
f 1113 1132 1125 
f 1132 1131 1133 
f 1125 1133 1124 
f 1133 1125 1132 
f 1120 1121 1140 
f 1121 1117 1139 
f 1140 1139 1138 
f 1139 1140 1121 
f 1117 1129 1143 
f 1129 1127 1142 
f 1143 1142 1141 
f 1142 1143 1129 
f 1141 1144 1143 
f 1144 1138 1139 
f 1143 1139 1117 
f 1139 1143 1144 
f 1145 1149 1147 
f 1149 1148 1150 
f 1147 1150 1124 
f 1150 1147 1149 
f 1148 1151 1150 
f 1151 1127 1130 
f 1150 1130 1124 
f 1130 1150 1151 
f 1131 1146 1133 
f 1146 1145 1147 
f 1133 1147 1124 
f 1147 1133 1146 
f 1155 1156 1158 
f 1156 1131 1136 
f 1158 1136 1134 
f 1136 1158 1156 
f 1155 1157 1156 
f 1157 1152 1153 
f 1156 1153 1131 
f 1153 1156 1157 
f 1152 1154 1153 
f 1154 1145 1146 
f 1153 1146 1131 
f 1146 1153 1154 
f 1033 1161 1163 
f 1161 1159 1165 
f 1163 1165 1162 
f 1165 1163 1161 
f 1040 1160 1042 
f 1160 1159 1161 
f 1042 1161 1033 
f 1161 1042 1160 
f 1036 1037 1164 
f 1037 1033 1163 
f 1164 1163 1162 
f 1163 1164 1037 
f 1043 1167 1045 
f 1167 1166 1168 
f 1045 1168 1040 
f 1168 1045 1167 
f 1040 1171 1160 
f 1171 1169 1172 
f 1160 1172 1159 
f 1172 1160 1171 
f 1040 1168 1171 
f 1168 1166 1170 
f 1171 1170 1169 
f 1170 1171 1168 
f 1176 1178 1177 
f 1178 1173 1174 
f 1177 1174 1043 
f 1174 1177 1178 
f 1043 1174 1167 
f 1174 1173 1175 
f 1167 1175 1166 
f 1175 1167 1174 
f 1043 1046 1177 
f 1046 798 1179 
f 1177 1179 1176 
f 1179 1177 1046 
f 1183 1185 1184 
f 1185 1166 1175 
f 1184 1175 1173 
f 1175 1184 1185 
f 1166 1185 1181 
f 1185 1183 1186 
f 1181 1186 1180 
f 1186 1181 1185 
f 1180 1182 1181 
f 1182 1169 1170 
f 1181 1170 1166 
f 1170 1181 1182 
f 1169 1189 1192 
f 1189 1187 1191 
f 1192 1191 1190 
f 1191 1192 1189 
f 1159 1172 1193 
f 1172 1169 1192 
f 1193 1192 1190 
f 1192 1193 1172 
f 1187 1189 1188 
f 1189 1169 1182 
f 1188 1182 1180 
f 1182 1188 1189 
f 1173 1198 1184 
f 1198 1197 1199 
f 1184 1199 1183 
f 1199 1184 1198 
f 1176 1195 1178 
f 1195 1194 1196 
f 1178 1196 1173 
f 1196 1178 1195 
f 1173 1196 1198 
f 1196 1194 1200 
f 1198 1200 1197 
f 1200 1198 1196 
f 1204 1206 1205 
f 1206 1201 1202 
f 1205 1202 1180 
f 1202 1205 1206 
f 1180 1202 1188 
f 1202 1201 1203 
f 1188 1203 1187 
f 1203 1188 1202 
f 1183 1207 1186 
f 1207 1204 1205 
f 1186 1205 1180 
f 1205 1186 1207 
f 1187 1210 1213 
f 1210 1208 1212 
f 1213 1212 1211 
f 1212 1213 1210 
f 1211 1214 1213 
f 1214 1190 1191 
f 1213 1191 1187 
f 1191 1213 1214 
f 1187 1203 1210 
f 1203 1201 1209 
f 1210 1209 1208 
f 1209 1210 1203 
f 1215 1216 1220 
f 1216 991 1219 
f 1220 1219 1218 
f 1219 1220 1216 
f 1215 1217 1216 
f 1217 998 999 
f 1216 999 991 
f 999 1216 1217 
f 1218 1219 1221 
f 1219 991 996 
f 1221 996 994 
f 996 1221 1219 
f 1222 1223 1224 
f 1223 1008 1067 
f 1224 1067 1064 
f 1067 1224 1223 
f 1008 1223 1227 
f 1223 1222 1226 
f 1227 1226 1225 
f 1226 1227 1223 
f 1225 1228 1227 
f 1228 980 1011 
f 1227 1011 1008 
f 1011 1227 1228 
f 1001 1234 1003 
f 1234 1229 1231 
f 1003 1231 931 
f 1231 1003 1234 
f 1230 1233 1232 
f 1233 931 1231 
f 1232 1231 1229 
f 1231 1232 1233 
f 1235 1238 1237 
f 1238 910 934 
f 1237 934 931 
f 934 1237 1238 
f 1230 1236 1233 
f 1236 1235 1237 
f 1233 1237 931 
f 1237 1233 1236 
f 924 1240 997 
f 1240 1239 1241 
f 997 1241 994 
f 1241 997 1240 
f 1242 1245 1244 
f 1245 1239 1240 
f 1244 1240 924 
f 1240 1244 1245 
f 1242 1244 1243 
f 1244 924 927 
f 1243 927 903 
f 927 1243 1244 
f 998 1248 1251 
f 1248 1246 1250 
f 1251 1250 1249 
f 1250 1251 1248 
f 1001 1004 1252 
f 1004 998 1251 
f 1252 1251 1249 
f 1251 1252 1004 
f 1215 1247 1217 
f 1247 1246 1248 
f 1217 1248 998 
f 1248 1217 1247 
f 1246 1247 1258 
f 1247 1215 1257 
f 1258 1257 1256 
f 1257 1258 1247 
f 1253 1255 1254 
f 1255 1215 1220 
f 1254 1220 1218 
f 1220 1254 1255 
f 1256 1257 1259 
f 1257 1215 1255 
f 1259 1255 1253 
f 1255 1259 1257 
f 1261 1264 1263 
f 1264 1260 1262 
f 1263 1262 458 
f 1262 1263 1264 
f 464 1267 468 
f 1267 1261 1263 
f 468 1263 458 
f 1263 468 1267 
f 452 462 551 
f 462 458 1266 
f 551 1266 546 
f 1266 551 462 
f 1260 1265 1262 
f 1265 546 1266 
f 1262 1266 458 
f 1266 1262 1265 
f 254 561 258 
f 561 556 1273 
f 258 1273 248 
f 1273 258 561 
f 1268 1270 1274 
f 1270 248 1273 
f 1274 1273 556 
f 1273 1274 1270 
f 242 252 1275 
f 252 248 1272 
f 1275 1272 1269 
f 1272 1275 252 
f 1268 1271 1270 
f 1271 1269 1272 
f 1270 1272 248 
f 1272 1270 1271 
f 1282 1285 1283 
f 1285 1279 1280 
f 1283 1280 112 
f 1280 1283 1285 
f 102 119 1281 
f 119 112 1280 
f 1281 1280 1279 
f 1280 1281 119 
f 112 1278 1283 
f 1278 1276 1284 
f 1283 1284 1282 
f 1284 1283 1278 
f 112 129 1278 
f 129 126 1277 
f 1278 1277 1276 
f 1277 1278 129 
f 106 1290 120 
f 1290 1289 1291 
f 120 1291 116 
f 1291 120 1290 
f 1292 1294 1293 
f 1294 1286 1287 
f 1293 1287 116 
f 1287 1293 1294 
f 116 1291 1293 
f 1291 1289 1295 
f 1293 1295 1292 
f 1295 1293 1291 
f 1286 1288 1287 
f 1288 122 130 
f 1287 130 116 
f 130 1287 1288 
f 434 1301 1297 
f 1301 1300 1302 
f 1297 1302 1296 
f 1302 1297 1301 
f 428 438 571 
f 438 434 1299 
f 571 1299 566 
f 1299 571 438 
f 566 1299 1298 
f 1299 434 1297 
f 1298 1297 1296 
f 1297 1298 1299 
f 434 444 1301 
f 444 440 1303 
f 1301 1303 1300 
f 1303 1301 444 
f 1253 1254 1309 
f 1254 1218 1308 
f 1309 1308 1307 
f 1308 1309 1254 
f 1218 1306 1308 
f 1306 1304 1310 
f 1308 1310 1307 
f 1310 1308 1306 
f 1304 1306 1305 
f 1306 1218 1221 
f 1305 1221 994 
f 1221 1305 1306 
f 368 378 1316 
f 378 374 1315 
f 1316 1315 1314 
f 1315 1316 378 
f 368 1312 372 
f 1312 1311 1313 
f 372 1313 362 
f 1313 372 1312 
f 368 1316 1312 
f 1316 1314 1317 
f 1312 1317 1311 
f 1317 1312 1316 
f 290 300 585 
f 300 296 1319 
f 585 1319 583 
f 1319 585 300 
f 296 1320 1319 
f 1320 1318 1321 
f 1319 1321 583 
f 1321 1319 1320 
f 1318 1320 1323 
f 1320 296 1322 
f 1323 1322 610 
f 1322 1323 1320 
f 296 306 1322 
f 306 302 612 
f 1322 612 610 
f 612 1322 306 
f 1325 1328 1327 
f 1328 1324 1326 
f 1327 1326 320 
f 1326 1327 1328 
f 320 1331 324 
f 1331 1329 1333 
f 324 1333 314 
f 1333 324 1331 
f 320 1326 1331 
f 1326 1324 1330 
f 1331 1330 1329 
f 1330 1331 1326 
f 1325 1327 1332 
f 1327 320 330 
f 1332 330 326 
f 330 1332 1327 
f 1339 1341 1340 
f 1341 1334 1336 
f 1340 1336 392 
f 1336 1340 1341 
f 1334 1337 1336 
f 1337 1335 1338 
f 1336 1338 392 
f 1338 1336 1337 
f 386 396 1342 
f 396 392 1338 
f 1342 1338 1335 
f 1338 1342 396 
f 392 402 1340 
f 402 398 1343 
f 1340 1343 1339 
f 1343 1340 402 
f 1348 1350 1349 
f 1350 272 1345 
f 1349 1345 1344 
f 1345 1349 1350 
f 1344 1345 1347 
f 1345 272 1346 
f 1347 1346 589 
f 1346 1347 1345 
f 589 1346 592 
f 1346 272 282 
f 592 282 278 
f 282 592 1346 
f 1348 1351 1350 
f 1351 266 276 
f 1350 276 272 
f 276 1350 1351 
f 344 1356 348 
f 1356 1355 1357 
f 348 1357 338 
f 1357 348 1356 
f 1352 1354 1353 
f 1354 344 354 
f 1353 354 350 
f 354 1353 1354 
f 1355 1356 1358 
f 1356 344 1354 
f 1358 1354 1352 
f 1354 1358 1356 
f 1362 1364 1363 
f 1364 1359 1360 
f 1363 1360 938 
f 1360 1363 1364 
f 1359 1361 1360 
f 1361 970 971 
f 1360 971 938 
f 971 1360 1361 
f 935 1365 941 
f 1365 1362 1363 
f 941 1363 938 
f 1363 941 1365 
f 970 1368 1371 
f 1368 1366 1370 
f 1371 1370 1369 
f 1370 1371 1368 
f 1369 1372 1371 
f 1372 973 974 
f 1371 974 970 
f 974 1371 1372 
f 1359 1367 1361 
f 1367 1366 1368 
f 1361 1368 970 
f 1368 1361 1367 
f 1376 1379 1378 
f 1379 879 885 
f 1378 885 882 
f 885 1378 1379 
f 1373 1377 1375 
f 1377 1376 1378 
f 1375 1378 882 
f 1378 1375 1377 
f 1373 1375 1374 
f 1375 882 916 
f 1374 916 914 
f 916 1374 1375 
f 914 1381 1374 
f 1381 1380 1382 
f 1374 1382 1373 
f 1382 1374 1381 
f 917 1386 919 
f 1386 1383 1384 
f 919 1384 914 
f 1384 919 1386 
f 1383 1385 1384 
f 1385 1380 1381 
f 1384 1381 914 
f 1381 1384 1385 
f 707 710 1389 
f 710 686 1388 
f 1389 1388 1387 
f 1388 1389 710 
f 686 689 1391 
f 689 150 1393 
f 1391 1393 1390 
f 1393 1391 689 
f 686 1391 1388 
f 1391 1390 1392 
f 1388 1392 1387 
f 1392 1388 1391 
f 1394 1398 1396 
f 1398 1397 1399 
f 1396 1399 661 
f 1399 1396 1398 
f 714 1395 717 
f 1395 1394 1396 
f 717 1396 661 
f 1396 717 1395 
f 1397 1400 1399 
f 1400 177 664 
f 1399 664 661 
f 664 1399 1400 
f 1401 1403 1402 
f 1403 805 1123 
f 1402 1123 1120 
f 1123 1402 1403 
f 1401 1402 1406 
f 1402 1120 1405 
f 1406 1405 1404 
f 1405 1406 1402 
f 1404 1405 1407 
f 1405 1120 1140 
f 1407 1140 1138 
f 1140 1407 1405 
f 1194 1195 1414 
f 1195 1176 1413 
f 1414 1413 1411 
f 1413 1414 1195 
f 1408 1412 1410 
f 1412 1411 1413 
f 1410 1413 1176 
f 1413 1410 1412 
f 1408 1410 1409 
f 1410 1176 1179 
f 1409 1179 798 
f 1179 1409 1410 
f 1148 1149 1420 
f 1149 1145 1419 
f 1420 1419 1418 
f 1419 1420 1149 
f 1415 1417 1416 
f 1417 1145 1154 
f 1416 1154 1152 
f 1154 1416 1417 
f 1415 1421 1417 
f 1421 1418 1419 
f 1417 1419 1145 
f 1419 1417 1421 
f 1415 1416 1424 
f 1416 1152 1423 
f 1424 1423 1422 
f 1423 1424 1416 
f 1422 1423 1428 
f 1423 1152 1427 
f 1428 1427 1425 
f 1427 1428 1423 
f 1152 1157 1427 
f 1157 1155 1426 
f 1427 1426 1425 
f 1426 1427 1157 
f 1432 1435 1434 
f 1435 1127 1151 
f 1434 1151 1148 
f 1151 1434 1435 
f 1429 1431 1430 
f 1431 1148 1420 
f 1430 1420 1418 
f 1420 1430 1431 
f 1429 1433 1431 
f 1433 1432 1434 
f 1431 1434 1148 
f 1434 1431 1433 
f 1204 1440 1206 
f 1440 1439 1441 
f 1206 1441 1201 
f 1441 1206 1440 
f 1436 1437 1442 
f 1437 1201 1441 
f 1442 1441 1439 
f 1441 1442 1437 
f 1208 1209 1438 
f 1209 1201 1437 
f 1438 1437 1436 
f 1437 1438 1209 
f 1443 1445 1444 
f 1445 1208 1438 
f 1444 1438 1436 
f 1438 1444 1445 
f 1443 1449 1445 
f 1449 1446 1447 
f 1445 1447 1208 
f 1447 1445 1449 
f 1208 1447 1212 
f 1447 1446 1448 
f 1212 1448 1211 
f 1448 1212 1447 
f 1439 1440 1452 
f 1440 1204 1451 
f 1452 1451 1450 
f 1451 1452 1440 
f 1204 1454 1451 
f 1454 1453 1455 
f 1451 1455 1450 
f 1455 1451 1454 
f 1204 1207 1454 
f 1207 1183 1456 
f 1454 1456 1453 
f 1456 1454 1207 
f 1366 1367 1459 
f 1367 1359 1458 
f 1459 1458 1457 
f 1458 1459 1367 
f 1457 1458 1462 
f 1458 1359 1461 
f 1462 1461 1460 
f 1461 1462 1458 
f 1460 1461 1463 
f 1461 1359 1364 
f 1463 1364 1362 
f 1364 1463 1461 
f 1366 1469 1370 
f 1469 1467 1470 
f 1370 1470 1369 
f 1470 1370 1469 
f 1467 1469 1468 
f 1469 1366 1466 
f 1468 1466 1464 
f 1466 1468 1469 
f 1366 1459 1466 
f 1459 1457 1465 
f 1466 1465 1464 
f 1465 1466 1459 
f 1376 1377 1477 
f 1377 1373 1476 
f 1477 1476 1474 
f 1476 1477 1377 
f 1380 1472 1382 
f 1472 1471 1473 
f 1382 1473 1373 
f 1473 1382 1472 
f 1474 1476 1475 
f 1476 1373 1473 
f 1475 1473 1471 
f 1473 1475 1476 
f 1380 1479 1472 
f 1479 1478 1480 
f 1472 1480 1471 
f 1480 1472 1479 
f 1478 1479 1483 
f 1479 1380 1482 
f 1483 1482 1481 
f 1482 1483 1479 
f 1383 1484 1385 
f 1484 1481 1482 
f 1385 1482 1380 
f 1482 1385 1484 
f 1488 1490 1489 
f 1490 1134 1487 
f 1489 1487 1485 
f 1487 1489 1490 
f 1155 1158 1491 
f 1158 1134 1490 
f 1491 1490 1488 
f 1490 1491 1158 
f 1485 1487 1486 
f 1487 1134 1137 
f 1486 1137 1103 
f 1137 1486 1487 
f 1492 1494 1493 
f 1494 1159 1193 
f 1493 1193 1190 
f 1193 1493 1494 
f 1190 1496 1493 
f 1496 1495 1497 
f 1493 1497 1492 
f 1497 1493 1496 
f 1211 1498 1214 
f 1498 1495 1496 
f 1214 1496 1190 
f 1496 1214 1498 
f 52 1501 1506 
f 1501 1499 1505 
f 1506 1505 1504 
f 1505 1506 1501 
f 42 59 1508 
f 59 52 1506 
f 1508 1506 1504 
f 1506 1508 59 
f 1500 1503 1502 
f 1503 1499 1501 
f 1502 1501 52 
f 1501 1502 1503 
f 1500 1502 1507 
f 1502 52 69 
f 1507 69 62 
f 69 1507 1502 
f 1514 1516 1515 
f 1516 1509 1511 
f 1515 1511 56 
f 1511 1515 1516 
f 56 1511 1513 
f 1511 1509 1512 
f 1513 1512 1510 
f 1512 1513 1511 
f 66 70 1517 
f 70 56 1513 
f 1517 1513 1510 
f 1513 1517 70 
f 1514 1515 1518 
f 1515 56 60 
f 1518 60 46 
f 60 1518 1515 
f 987 990 1521 
f 990 966 1520 
f 1521 1520 1519 
f 1520 1521 990 
f 966 969 1524 
f 969 952 1523 
f 1524 1523 1522 
f 1523 1524 969 
f 1519 1520 1525 
f 1520 966 1524 
f 1525 1524 1522 
f 1524 1525 1520 
f 1529 1531 1530 
f 1531 1246 1528 
f 1530 1528 1526 
f 1528 1530 1531 
f 1529 1532 1531 
f 1532 1249 1250 
f 1531 1250 1246 
f 1250 1531 1532 
f 1256 1527 1258 
f 1527 1526 1528 
f 1258 1528 1246 
f 1528 1258 1527 
f 1533 1534 1538 
f 1534 1256 1537 
f 1538 1537 1536 
f 1537 1538 1534 
f 1256 1534 1527 
f 1534 1533 1535 
f 1527 1535 1526 
f 1535 1527 1534 
f 1256 1259 1537 
f 1259 1253 1539 
f 1537 1539 1536 
f 1539 1537 1259 
f 1543 1546 1545 
f 1546 1529 1530 
f 1545 1530 1526 
f 1530 1545 1546 
f 1533 1541 1535 
f 1541 1540 1542 
f 1535 1542 1526 
f 1542 1535 1541 
f 1543 1545 1544 
f 1545 1526 1542 
f 1544 1542 1540 
f 1542 1544 1545 
f 1548 1550 1549 
f 1550 896 1547 
f 1549 1547 1235 
f 1547 1549 1550 
f 1235 1547 1238 
f 1547 896 913 
f 1238 913 910 
f 913 1238 1547 
f 1548 1554 1550 
f 1554 1551 1552 
f 1550 1552 896 
f 1552 1550 1554 
f 896 1552 899 
f 1552 1551 1553 
f 899 1553 819 
f 1553 899 1552 
f 1558 1560 1559 
f 1560 188 1557 
f 1559 1557 1555 
f 1557 1559 1560 
f 1555 1557 1556 
f 1557 188 198 
f 1556 198 194 
f 198 1556 1557 
f 182 192 1561 
f 192 188 1560 
f 1561 1560 1558 
f 1560 1561 192 
f 518 527 1567 
f 527 523 1566 
f 1567 1566 1565 
f 1566 1567 527 
f 1562 1563 1568 
f 1563 518 1567 
f 1568 1567 1565 
f 1567 1568 1563 
f 518 1563 522 
f 1563 1562 1564 
f 522 1564 512 
f 1564 522 1563 
f 1572 1574 1573 
f 1574 1569 1570 
f 1573 1570 1418 
f 1570 1573 1574 
f 1415 1575 1421 
f 1575 1572 1573 
f 1421 1573 1418 
f 1573 1421 1575 
f 1569 1571 1570 
f 1571 1429 1430 
f 1570 1430 1418 
f 1430 1570 1571 
f 1439 1578 1581 
f 1578 1576 1580 
f 1581 1580 1579 
f 1580 1581 1578 
f 1579 1582 1581 
f 1582 1436 1442 
f 1581 1442 1439 
f 1442 1581 1582 
f 1450 1577 1452 
f 1577 1576 1578 
f 1452 1578 1439 
f 1578 1452 1577 
f 1586 1589 1588 
f 1589 1583 1584 
f 1588 1584 1249 
f 1584 1588 1589 
f 1586 1588 1587 
f 1588 1249 1532 
f 1587 1532 1529 
f 1532 1587 1588 
f 1583 1585 1584 
f 1585 1001 1252 
f 1584 1252 1249 
f 1252 1584 1585 
f 1590 1592 1591 
f 1592 1429 1571 
f 1591 1571 1569 
f 1571 1591 1592 
f 1593 1595 1594 
f 1595 1429 1592 
f 1594 1592 1590 
f 1592 1594 1595 
f 1432 1433 1596 
f 1433 1429 1595 
f 1596 1595 1593 
f 1595 1596 1433 
f 1453 1603 1455 
f 1603 1600 1601 
f 1455 1601 1450 
f 1601 1455 1603 
f 1597 1598 1602 
f 1598 1450 1601 
f 1602 1601 1600 
f 1601 1602 1598 
f 1597 1599 1598 
f 1599 1576 1577 
f 1598 1577 1450 
f 1577 1598 1599 
f 1607 1609 1608 
f 1609 777 1606 
f 1608 1606 1604 
f 1606 1608 1609 
f 693 1605 780 
f 1605 1604 1606 
f 780 1606 777 
f 1606 780 1605 
f 777 1609 836 
f 1609 1607 1610 
f 836 1610 833 
f 1610 836 1609 
f 1536 1615 1538 
f 1615 1614 1616 
f 1538 1616 1533 
f 1616 1538 1615 
f 1533 1616 1612 
f 1616 1614 1617 
f 1612 1617 1611 
f 1617 1612 1616 
f 1540 1541 1613 
f 1541 1533 1612 
f 1613 1612 1611 
f 1612 1613 1541 
f 1540 1613 1620 
f 1613 1611 1619 
f 1620 1619 1618 
f 1619 1620 1613 
f 1618 1622 1620 
f 1622 1621 1623 
f 1620 1623 1540 
f 1623 1620 1622 
f 1621 1624 1623 
f 1624 1543 1544 
f 1623 1544 1540 
f 1544 1623 1624 
f 1628 1630 1629 
f 1630 1471 1480 
f 1629 1480 1478 
f 1480 1629 1630 
f 1625 1626 1631 
f 1626 1471 1630 
f 1631 1630 1628 
f 1630 1631 1626 
f 1474 1475 1627 
f 1475 1471 1626 
f 1627 1626 1625 
f 1626 1627 1475 
f 1474 1627 1634 
f 1627 1625 1633 
f 1634 1633 1632 
f 1633 1634 1627 
f 1376 1477 1638 
f 1477 1474 1637 
f 1638 1637 1635 
f 1637 1638 1477 
f 1635 1637 1636 
f 1637 1474 1634 
f 1636 1634 1632 
f 1634 1636 1637 
f 1478 1641 1644 
f 1641 1639 1643 
f 1644 1643 1642 
f 1643 1644 1641 
f 1639 1641 1640 
f 1641 1478 1483 
f 1640 1483 1481 
f 1483 1640 1641 
f 1478 1644 1629 
f 1644 1642 1645 
f 1629 1645 1628 
f 1645 1629 1644 
f 1646 1648 1647 
f 1648 1457 1462 
f 1647 1462 1460 
f 1462 1647 1648 
f 1649 1650 1652 
f 1650 1457 1648 
f 1652 1648 1646 
f 1648 1652 1650 
f 1464 1465 1651 
f 1465 1457 1650 
f 1651 1650 1649 
f 1650 1651 1465 
f 1653 1655 1654 
f 1655 1646 1647 
f 1654 1647 1460 
f 1647 1654 1655 
f 1656 1658 1657 
f 1658 1653 1654 
f 1657 1654 1460 
f 1654 1657 1658 
f 1656 1657 1659 
f 1657 1460 1463 
f 1659 1463 1362 
f 1463 1659 1657 
f 1467 1468 1662 
f 1468 1464 1661 
f 1662 1661 1660 
f 1661 1662 1468 
f 1464 1651 1664 
f 1651 1649 1666 
f 1664 1666 1663 
f 1666 1664 1651 
f 1660 1661 1665 
f 1661 1464 1664 
f 1665 1664 1663 
f 1664 1665 1661 
f 1467 1672 1470 
f 1672 1670 1673 
f 1470 1673 1369 
f 1673 1470 1672 
f 1660 1668 1662 
f 1668 1667 1669 
f 1662 1669 1467 
f 1669 1662 1668 
f 1667 1671 1669 
f 1671 1670 1672 
f 1669 1672 1467 
f 1672 1669 1671 
f 1674 1676 1675 
f 1676 1667 1668 
f 1675 1668 1660 
f 1668 1675 1676 
f 547 1677 1679 
f 1677 1660 1665 
f 1679 1665 1663 
f 1665 1679 1677 
f 1660 1677 1675 
f 1677 547 1678 
f 1675 1678 1674 
f 1678 1675 1677 
f 1680 1681 1685 
f 1681 1481 1684 
f 1685 1684 1683 
f 1684 1685 1681 
f 1481 1484 1684 
f 1484 1383 1686 
f 1684 1686 1683 
f 1686 1684 1484 
f 1481 1681 1640 
f 1681 1680 1682 
f 1640 1682 1639 
f 1682 1640 1681 
f 1687 1689 1688 
f 1689 1639 1682 
f 1688 1682 1680 
f 1682 1688 1689 
f 1639 1691 1643 
f 1691 557 1692 
f 1643 1692 1642 
f 1692 1643 1691 
f 1639 1689 1691 
f 1689 1687 1690 
f 1691 1690 557 
f 1690 1691 1689 
f 1536 1697 1615 
f 1697 1696 1698 
f 1615 1698 1614 
f 1698 1615 1697 
f 1253 1694 1539 
f 1694 1693 1695 
f 1539 1695 1536 
f 1695 1539 1694 
f 1693 1699 1695 
f 1699 1696 1697 
f 1695 1697 1536 
f 1697 1695 1699 
f 1700 1706 1702 
f 1706 1703 1704 
f 1702 1704 1569 
f 1704 1702 1706 
f 1700 1702 1701 
f 1702 1569 1574 
f 1701 1574 1572 
f 1574 1701 1702 
f 1703 1705 1704 
f 1705 1590 1591 
f 1704 1591 1569 
f 1591 1704 1705 
f 1710 1711 1713 
f 1711 1572 1575 
f 1713 1575 1415 
f 1575 1713 1711 
f 1707 1709 1708 
f 1709 1700 1701 
f 1708 1701 1572 
f 1701 1708 1709 
f 1710 1712 1711 
f 1712 1707 1708 
f 1711 1708 1572 
f 1708 1711 1712 
f 1714 1716 1715 
f 1716 1579 1580 
f 1715 1580 1576 
f 1580 1715 1716 
f 1717 1719 1718 
f 1719 1576 1599 
f 1718 1599 1597 
f 1599 1718 1719 
f 1717 1720 1719 
f 1720 1714 1715 
f 1719 1715 1576 
f 1715 1719 1720 
f 1721 1723 1722 
f 1723 1579 1716 
f 1722 1716 1714 
f 1716 1722 1723 
f 1724 1727 1726 
f 1727 1436 1582 
f 1726 1582 1579 
f 1582 1726 1727 
f 1724 1726 1725 
f 1726 1579 1723 
f 1725 1723 1721 
f 1723 1725 1726 
f 1667 1676 1730 
f 1676 1674 1729 
f 1730 1729 1728 
f 1729 1730 1676 
f 1670 1671 1734 
f 1671 1667 1733 
f 1734 1733 1731 
f 1733 1734 1671 
f 1731 1733 1732 
f 1733 1667 1730 
f 1732 1730 1728 
f 1730 1732 1733 
f 1680 1739 1736 
f 1739 1738 1740 
f 1736 1740 1735 
f 1740 1736 1739 
f 1738 1739 1741 
f 1739 1680 1685 
f 1741 1685 1683 
f 1685 1741 1739 
f 1680 1736 1688 
f 1736 1735 1737 
f 1688 1737 1687 
f 1737 1688 1736 
f 1742 1743 1748 
f 1743 1611 1747 
f 1748 1747 1745 
f 1747 1748 1743 
f 1742 1744 1743 
f 1744 1618 1619 
f 1743 1619 1611 
f 1619 1743 1744 
f 1745 1747 1746 
f 1747 1611 1617 
f 1746 1617 1614 
f 1617 1746 1747 
f 1749 1751 1750 
f 1751 1621 1622 
f 1750 1622 1618 
f 1622 1750 1751 
f 1618 1753 1750 
f 1753 1752 1754 
f 1750 1754 1749 
f 1754 1750 1753 
f 1618 1744 1753 
f 1744 1742 1755 
f 1753 1755 1752 
f 1755 1753 1744 
f 1756 1759 1758 
f 1759 1268 1760 
f 1758 1760 1687 
f 1760 1758 1759 
f 1735 1757 1737 
f 1757 1756 1758 
f 1737 1758 1687 
f 1758 1737 1757 
f 1687 1760 1690 
f 1760 1268 1761 
f 1690 1761 557 
f 1761 1690 1760 
f 1674 1765 1763 
f 1765 1260 1766 
f 1763 1766 1762 
f 1766 1763 1765 
f 1674 1763 1729 
f 1763 1762 1764 
f 1729 1764 1728 
f 1764 1729 1763 
f 547 1767 1678 
f 1767 1260 1765 
f 1678 1765 1674 
f 1765 1678 1767 
f 1296 1773 1772 
f 1773 1649 1652 
f 1772 1652 1646 
f 1652 1772 1773 
f 1646 1655 1770 
f 1655 1653 1769 
f 1770 1769 1768 
f 1769 1770 1655 
f 1646 1770 1772 
f 1770 1768 1771 
f 1772 1771 1296 
f 1771 1772 1770 
f 1768 1769 1780 
f 1769 1653 1779 
f 1780 1779 1777 
f 1779 1780 1769 
f 1777 1779 1778 
f 1779 1653 1776 
f 1778 1776 1774 
f 1776 1778 1779 
f 1774 1776 1775 
f 1776 1653 1658 
f 1775 1658 1656 
f 1658 1775 1776 
f 1781 1782 1786 
f 1782 1625 1785 
f 1786 1785 1344 
f 1785 1786 1782 
f 1625 1631 1785 
f 1631 1628 1784 
f 1785 1784 1344 
f 1784 1785 1631 
f 1625 1782 1633 
f 1782 1781 1783 
f 1633 1783 1632 
f 1783 1633 1782 
f 1632 1788 1636 
f 1788 1787 1789 
f 1636 1789 1635 
f 1789 1636 1788 
f 1790 1791 1793 
f 1791 1632 1783 
f 1793 1783 1781 
f 1783 1793 1791 
f 1787 1788 1792 
f 1788 1632 1791 
f 1792 1791 1790 
f 1791 1792 1788 
f 1794 1796 1795 
f 1796 1621 1751 
f 1795 1751 1749 
f 1751 1795 1796 
f 1621 1796 1798 
f 1796 1794 1797 
f 1798 1797 1085 
f 1797 1798 1796 
f 1085 1799 1798 
f 1799 1543 1624 
f 1798 1624 1621 
f 1624 1798 1799 
f 1749 1754 1802 
f 1754 1752 1801 
f 1802 1801 1800 
f 1801 1802 1754 
f 1794 1795 1806 
f 1795 1749 1805 
f 1806 1805 1803 
f 1805 1806 1795 
f 1749 1802 1805 
f 1802 1800 1804 
f 1805 1804 1803 
f 1804 1805 1802 
f 1742 1812 1755 
f 1812 576 1810 
f 1755 1810 1752 
f 1810 1755 1812 
f 1752 1808 1801 
f 1808 1807 1809 
f 1801 1809 1800 
f 1809 1801 1808 
f 576 1811 1810 
f 1811 1807 1808 
f 1810 1808 1752 
f 1808 1810 1811 
f 1803 1804 1819 
f 1804 1800 1818 
f 1819 1818 1816 
f 1818 1819 1804 
f 1800 1815 1818 
f 1815 1813 1817 
f 1818 1817 1816 
f 1817 1818 1815 
f 1800 1809 1815 
f 1809 1807 1814 
f 1815 1814 1813 
f 1814 1815 1809 
f 1823 1824 1826 
f 1824 1082 1822 
f 1826 1822 1820 
f 1822 1826 1824 
f 1082 1091 1822 
f 1091 1089 1821 
f 1822 1821 1820 
f 1821 1822 1091 
f 1823 1825 1824 
f 1825 1085 1086 
f 1824 1086 1082 
f 1086 1824 1825 
f 1089 1094 1829 
f 1094 1092 1828 
f 1829 1828 1827 
f 1828 1829 1094 
f 1827 1831 1829 
f 1831 1830 1832 
f 1829 1832 1089 
f 1832 1829 1831 
f 1830 1833 1832 
f 1833 1820 1821 
f 1832 1821 1089 
f 1821 1832 1833 
f 665 666 1837 
f 666 155 1836 
f 1837 1836 1834 
f 1836 1837 666 
f 1834 1836 1835 
f 1836 155 165 
f 1835 165 162 
f 165 1835 1836 
f 1838 1842 1840 
f 1842 1841 1843 
f 1840 1843 162 
f 1843 1840 1842 
f 1838 1840 1839 
f 1840 162 681 
f 1839 681 679 
f 681 1839 1840 
f 1841 1844 1843 
f 1844 1834 1835 
f 1843 1835 162 
f 1835 1843 1844 
f 1848 1851 1850 
f 1851 1845 1846 
f 1850 1846 1092 
f 1846 1850 1851 
f 1092 1846 1828 
f 1846 1845 1847 
f 1828 1847 1827 
f 1847 1828 1846 
f 1848 1850 1849 
f 1850 1092 1095 
f 1849 1095 1078 
f 1095 1849 1850 
f 1845 1857 1847 
f 1857 1841 1855 
f 1847 1855 1827 
f 1855 1847 1857 
f 1827 1853 1831 
f 1853 1852 1854 
f 1831 1854 1830 
f 1854 1831 1853 
f 1827 1855 1853 
f 1855 1841 1856 
f 1853 1856 1852 
f 1856 1853 1855 
f 1858 1859 1863 
f 1859 665 1862 
f 1863 1862 1861 
f 1862 1863 1859 
f 668 669 1860 
f 669 665 1859 
f 1860 1859 1858 
f 1859 1860 669 
f 1861 1862 1864 
f 1862 665 1837 
f 1864 1837 1834 
f 1837 1864 1862 
f 1229 1867 1866 
f 1867 1583 1868 
f 1866 1868 1830 
f 1868 1866 1867 
f 1830 1868 1833 
f 1868 1583 1869 
f 1833 1869 1820 
f 1869 1833 1868 
f 1229 1866 1865 
f 1866 1830 1854 
f 1865 1854 1852 
f 1854 1865 1866 
f 1838 1871 1870 
f 1871 1230 1872 
f 1870 1872 1852 
f 1872 1870 1871 
f 1841 1842 1856 
f 1842 1838 1870 
f 1856 1870 1852 
f 1870 1856 1842 
f 1852 1872 1865 
f 1872 1230 1232 
f 1865 1232 1229 
f 1232 1865 1872 
f 1600 1874 1873 
f 1874 1728 1764 
f 1873 1764 1762 
f 1764 1873 1874 
f 1728 1874 1877 
f 1874 1600 1876 
f 1877 1876 1875 
f 1876 1877 1874 
f 1875 1878 1877 
f 1878 1731 1732 
f 1877 1732 1728 
f 1732 1877 1878 
f 1260 1264 1766 
f 1264 1261 1879 
f 1766 1879 1762 
f 1879 1766 1264 
f 1261 1881 1879 
f 1881 1880 1882 
f 1879 1882 1762 
f 1882 1879 1881 
f 1880 1883 1882 
f 1883 1600 1873 
f 1882 1873 1762 
f 1873 1882 1883 
f 1886 1887 1889 
f 1887 1735 1740 
f 1889 1740 1738 
f 1740 1889 1887 
f 1756 1757 1885 
f 1757 1735 1884 
f 1885 1884 1593 
f 1884 1885 1757 
f 1735 1887 1884 
f 1887 1886 1888 
f 1884 1888 1593 
f 1888 1884 1887 
f 1268 1759 1271 
f 1759 1756 1890 
f 1271 1890 1269 
f 1890 1271 1759 
f 1756 1892 1890 
f 1892 1891 1893 
f 1890 1893 1269 
f 1893 1890 1892 
f 1756 1885 1892 
f 1885 1593 1894 
f 1892 1894 1891 
f 1894 1892 1885 
f 1895 1897 1896 
f 1897 668 1860 
f 1896 1860 1858 
f 1860 1896 1897 
f 1604 1899 1898 
f 1899 668 1897 
f 1898 1897 1895 
f 1897 1898 1899 
f 1604 1900 1899 
f 1900 654 671 
f 1899 671 668 
f 671 1899 1900 
f 1901 1902 1905 
f 1902 1656 1904 
f 1905 1904 1054 
f 1904 1905 1902 
f 1774 1775 1903 
f 1775 1656 1902 
f 1903 1902 1901 
f 1902 1903 1775 
f 1054 1904 1906 
f 1904 1656 1659 
f 1906 1659 1362 
f 1659 1906 1904 
f 1774 1909 1912 
f 1909 1907 1911 
f 1912 1911 1910 
f 1911 1912 1909 
f 1910 1913 1912 
f 1913 1777 1778 
f 1912 1778 1774 
f 1778 1912 1913 
f 1774 1903 1909 
f 1903 1901 1908 
f 1909 1908 1907 
f 1908 1909 1903 
f 1787 1915 1789 
f 1915 1914 1916 
f 1789 1916 1635 
f 1916 1789 1915 
f 1635 1918 1638 
f 1918 1050 1919 
f 1638 1919 1376 
f 1919 1638 1918 
f 1050 1918 1917 
f 1918 1635 1916 
f 1917 1916 1914 
f 1916 1917 1918 
f 1787 1921 1915 
f 1921 1920 1922 
f 1915 1922 1914 
f 1922 1915 1921 
f 1787 1792 1924 
f 1792 1790 1926 
f 1924 1926 1923 
f 1926 1924 1792 
f 1923 1925 1924 
f 1925 1920 1921 
f 1924 1921 1787 
f 1921 1924 1925 
f 1022 1930 1928 
f 1930 1387 1931 
f 1928 1931 1927 
f 1931 1928 1930 
f 707 1389 1025 
f 1389 1387 1930 
f 1025 1930 1022 
f 1930 1025 1389 
f 1022 1928 1107 
f 1928 1927 1929 
f 1107 1929 1106 
f 1929 1107 1928 
f 1485 1936 1935 
f 1936 1106 1934 
f 1935 1934 1932 
f 1934 1935 1936 
f 1106 1936 1109 
f 1936 1485 1486 
f 1109 1486 1103 
f 1486 1109 1936 
f 1106 1929 1934 
f 1929 1927 1933 
f 1934 1933 1932 
f 1933 1934 1929 
f 714 1039 1395 
f 1039 1036 1941 
f 1395 1941 1394 
f 1941 1395 1039 
f 1036 1939 1941 
f 1939 1937 1940 
f 1941 1940 1394 
f 1940 1941 1939 
f 1036 1164 1939 
f 1164 1162 1938 
f 1939 1938 1937 
f 1938 1939 1164 
f 1159 1494 1165 
f 1494 1492 1945 
f 1165 1945 1162 
f 1945 1165 1494 
f 1942 1944 1943 
f 1944 1937 1938 
f 1943 1938 1162 
f 1938 1943 1944 
f 1162 1945 1943 
f 1945 1492 1946 
f 1943 1946 1942 
f 1946 1943 1945 
f 1387 1952 1931 
f 1952 1949 1950 
f 1931 1950 1927 
f 1950 1931 1952 
f 1499 1948 1947 
f 1948 1932 1933 
f 1947 1933 1927 
f 1933 1947 1948 
f 1949 1951 1950 
f 1951 1499 1947 
f 1950 1947 1927 
f 1947 1950 1951 
f 1956 1958 1957 
f 1958 1932 1955 
f 1957 1955 1953 
f 1955 1957 1958 
f 1932 1958 1935 
f 1958 1956 1959 
f 1935 1959 1485 
f 1959 1935 1958 
f 1932 1948 1955 
f 1948 1499 1954 
f 1955 1954 1953 
f 1954 1955 1948 
f 1962 1964 1963 
f 1964 1937 1961 
f 1963 1961 1509 
f 1961 1963 1964 
f 1937 1964 1940 
f 1964 1962 1965 
f 1940 1965 1394 
f 1965 1940 1964 
f 1937 1944 1961 
f 1944 1942 1960 
f 1961 1960 1509 
f 1960 1961 1944 
f 1492 1972 1946 
f 1972 1969 1970 
f 1946 1970 1942 
f 1970 1946 1972 
f 1966 1967 1971 
f 1967 1942 1970 
f 1971 1970 1969 
f 1970 1971 1967 
f 1509 1960 1968 
f 1960 1942 1967 
f 1968 1967 1966 
f 1967 1968 1960 
f 547 1679 553 
f 1679 1663 1973 
f 553 1973 552 
f 1973 553 1679 
f 1300 1976 1974 
f 1976 552 1973 
f 1974 1973 1663 
f 1973 1974 1976 
f 1649 1975 1666 
f 1975 1300 1974 
f 1666 1974 1663 
f 1974 1666 1975 
f 557 564 1692 
f 564 562 1977 
f 1692 1977 1642 
f 1977 1692 564 
f 1642 1977 1978 
f 1977 562 1980 
f 1978 1980 1348 
f 1980 1978 1977 
f 1628 1645 1979 
f 1645 1642 1978 
f 1979 1978 1348 
f 1978 1979 1645 
f 1590 1705 1982 
f 1705 1703 1981 
f 1982 1981 627 
f 1981 1982 1705 
f 1891 1983 1984 
f 1983 1590 1982 
f 1984 1982 627 
f 1982 1984 1983 
f 1593 1594 1894 
f 1594 1590 1983 
f 1894 1983 1891 
f 1983 1894 1594 
f 620 1986 1985 
f 1986 1717 1718 
f 1985 1718 1597 
f 1718 1985 1986 
f 1880 1988 1987 
f 1988 620 1985 
f 1987 1985 1597 
f 1985 1987 1988 
f 1880 1987 1883 
f 1987 1597 1602 
f 1883 1602 1600 
f 1602 1883 1987 
f 1551 1993 1992 
f 1993 1989 1990 
f 1992 1990 763 
f 1990 1992 1993 
f 1551 1992 1553 
f 1992 763 822 
f 1553 822 819 
f 822 1553 1992 
f 700 766 1991 
f 766 763 1990 
f 1991 1990 1989 
f 1990 1991 766 
f 700 1991 703 
f 1991 1989 1994 
f 703 1994 672 
f 1994 703 1991 
f 1989 1995 1994 
f 1995 679 682 
f 1994 682 672 
f 682 1994 1995 
f 1996 1998 1997 
f 1998 1838 1839 
f 1997 1839 679 
f 1839 1997 1998 
f 1996 1997 1999 
f 1997 679 1995 
f 1999 1995 1989 
f 1995 1999 1997 
f 1901 2001 1908 
f 2001 2000 2002 
f 1908 2002 1907 
f 2002 1908 2001 
f 1901 1905 2003 
f 1905 1054 1059 
f 2003 1059 1057 
f 1059 2003 1905 
f 2000 2001 2004 
f 2001 1901 2003 
f 2004 2003 1057 
f 2003 2004 2001 
f 2005 2007 2006 
f 2007 1907 2002 
f 2006 2002 2000 
f 2002 2006 2007 
f 1910 1911 2011 
f 1911 1907 2010 
f 2011 2010 2008 
f 2010 2011 1911 
f 1907 2007 2010 
f 2007 2005 2009 
f 2010 2009 2008 
f 2009 2010 2007 
f 1057 2018 2004 
f 2018 2015 2016 
f 2004 2016 2000 
f 2016 2004 2018 
f 2015 2017 2016 
f 2017 2012 2013 
f 2016 2013 2000 
f 2013 2016 2017 
f 2012 2014 2013 
f 2014 2005 2006 
f 2013 2006 2000 
f 2006 2013 2014 
f 2005 2021 2024 
f 2021 2019 2023 
f 2024 2023 2022 
f 2023 2024 2021 
f 2005 2014 2021 
f 2014 2012 2020 
f 2021 2020 2019 
f 2020 2021 2014 
f 2022 2025 2024 
f 2025 2008 2009 
f 2024 2009 2005 
f 2009 2024 2025 
f 1777 1913 2030 
f 1913 1910 2029 
f 2030 2029 572 
f 2029 2030 1913 
f 1910 2011 2027 
f 2011 2008 2026 
f 2027 2026 732 
f 2026 2027 2011 
f 732 2028 2027 
f 2028 572 2029 
f 2027 2029 1910 
f 2029 2027 2028 
f 2031 2034 2033 
f 2034 1047 2035 
f 2033 2035 1914 
f 2035 2033 2034 
f 1047 1053 2035 
f 1053 1050 1917 
f 2035 1917 1914 
f 1917 2035 1053 
f 1914 1922 2033 
f 1922 1920 2032 
f 2033 2032 2031 
f 2032 2033 1922 
f 2039 2041 2040 
f 2041 2036 2037 
f 2040 2037 1920 
f 2037 2040 2041 
f 1923 2042 1925 
f 2042 2039 2040 
f 1925 2040 1920 
f 2040 1925 2042 
f 2031 2032 2038 
f 2032 1920 2037 
f 2038 2037 2036 
f 2037 2038 2032 
f 1858 2044 1896 
f 2044 2043 2045 
f 1896 2045 1895 
f 2045 1896 2044 
f 1858 1863 2046 
f 1863 1861 2048 
f 2046 2048 1848 
f 2048 2046 1863 
f 1848 2047 2046 
f 2047 2043 2044 
f 2046 2044 1858 
f 2044 2046 2047 
f 1607 2051 2052 
f 2051 1895 2050 
f 2052 2050 1522 
f 2050 2052 2051 
f 1895 2045 2050 
f 2045 2043 2049 
f 2050 2049 1522 
f 2049 2050 2045 
f 1604 1898 1608 
f 1898 1895 2051 
f 1608 2051 1607 
f 2051 1608 1898 
f 1242 2057 2056 
f 2057 2031 2055 
f 2056 2055 2053 
f 2055 2056 2057 
f 2036 2054 2038 
f 2054 2053 2055 
f 2038 2055 2031 
f 2055 2038 2054 
f 1047 2034 2058 
f 2034 2031 2057 
f 2058 2057 1242 
f 2057 2058 2034 
f 2062 2065 2064 
f 2065 2053 2054 
f 2064 2054 2036 
f 2054 2064 2065 
f 2036 2061 2064 
f 2061 2059 2063 
f 2064 2063 2062 
f 2063 2064 2061 
f 2036 2041 2061 
f 2041 2039 2060 
f 2061 2060 2059 
f 2060 2061 2041 
f 2043 2068 2049 
f 2068 1519 1525 
f 2049 1525 1522 
f 1525 2049 2068 
f 1519 2068 2067 
f 2068 2043 2066 
f 2067 2066 1078 
f 2066 2067 2068 
f 1078 2066 1849 
f 2066 2043 2047 
f 1849 2047 1848 
f 2047 1849 2066 
f 1717 2071 2069 
f 2071 476 2072 
f 2069 2072 647 
f 2072 2069 2071 
f 620 621 1986 
f 621 476 2071 
f 1986 2071 1717 
f 2071 1986 621 
f 1714 1720 2070 
f 1720 1717 2069 
f 2070 2069 647 
f 2069 2070 1720 
f 1703 1706 2074 
f 1706 1700 2073 
f 2074 2073 637 
f 2073 2074 1706 
f 627 1981 629 
f 1981 1703 2076 
f 629 2076 230 
f 2076 629 1981 
f 1703 2074 2076 
f 2074 637 2075 
f 2076 2075 230 
f 2075 2076 2074 
f 1408 2078 2077 
f 2078 826 976 
f 2077 976 973 
f 976 2077 2078 
f 1408 2077 1412 
f 2077 973 2080 
f 1412 2080 1411 
f 2080 1412 2077 
f 1411 2080 2079 
f 2080 973 1372 
f 2079 1372 1369 
f 1372 2079 2080 
f 1408 2081 2078 
f 2081 770 829 
f 2078 829 826 
f 829 2078 2081 
f 1408 1409 2081 
f 1409 798 801 
f 2081 801 770 
f 801 2081 1409 
f 917 920 2083 
f 920 812 2082 
f 2083 2082 1401 
f 2082 2083 920 
f 917 2084 1386 
f 2084 1404 2085 
f 1386 2085 1383 
f 2085 1386 2084 
f 1401 1406 2083 
f 1406 1404 2084 
f 2083 2084 917 
f 2084 2083 1406 
f 756 2086 815 
f 2086 1401 2082 
f 815 2082 812 
f 2082 815 2086 
f 756 808 2086 
f 808 805 1403 
f 2086 1403 1401 
f 1403 2086 808 
f 2015 2089 2017 
f 2089 980 2090 
f 2017 2090 2012 
f 2090 2017 2089 
f 2012 2087 2020 
f 2087 1225 2088 
f 2020 2088 2019 
f 2088 2020 2087 
f 2012 2090 2087 
f 2090 980 1228 
f 2087 1228 1225 
f 1228 2087 2090 
f 2019 2088 2094 
f 2088 1225 2096 
f 2094 2096 2093 
f 2096 2094 2088 
f 1334 2092 2091 
f 2092 2022 2023 
f 2091 2023 2019 
f 2023 2091 2092 
f 1334 2091 2095 
f 2091 2019 2094 
f 2095 2094 2093 
f 2094 2095 2091 
f 2097 2100 2099 
f 2100 1565 2101 
f 2099 2101 131 
f 2101 2099 2100 
f 131 138 2099 
f 138 122 2098 
f 2099 2098 2097 
f 2098 2099 138 
f 1565 1566 2101 
f 1566 523 2102 
f 2101 2102 131 
f 2102 2101 1566 
f 523 528 2102 
f 528 22 140 
f 2102 140 131 
f 140 2102 528 
f 2103 2104 2107 
f 2104 135 2106 
f 2107 2106 1558 
f 2106 2107 2104 
f 2103 2105 2104 
f 2105 126 139 
f 2104 139 135 
f 139 2104 2105 
f 182 2108 186 
f 2108 135 141 
f 186 141 18 
f 141 186 2108 
f 182 1561 2108 
f 1561 1558 2106 
f 2108 2106 135 
f 2106 2108 1561 
f 1390 2112 2111 
f 2112 32 2109 
f 2111 2109 1949 
f 2109 2111 2112 
f 32 49 2109 
f 49 42 2110 
f 2109 2110 1949 
f 2110 2109 49 
f 32 2113 39 
f 2113 150 153 
f 39 153 3 
f 153 39 2113 
f 1390 1393 2112 
f 1393 150 2113 
f 2112 2113 32 
f 2113 2112 1393 
f 1962 2114 2117 
f 2114 36 2116 
f 2117 2116 1397 
f 2116 2117 2114 
f 36 2114 50 
f 2114 1962 2115 
f 50 2115 46 
f 2115 50 2114 
f 7 180 40 
f 180 177 2118 
f 40 2118 36 
f 2118 40 180 
f 36 2118 2116 
f 2118 177 1400 
f 2116 1400 1397 
f 1400 2116 2118 
f 2039 2042 2122 
f 2042 1923 2121 
f 2122 2121 1318 
f 2121 2122 2042 
f 1318 1323 2122 
f 1323 610 2119 
f 2122 2119 2039 
f 2119 2122 1323 
f 2059 2060 2120 
f 2060 2039 2119 
f 2120 2119 610 
f 2119 2120 2060 
f 1194 1414 2125 
f 1414 1411 2123 
f 2125 2123 1670 
f 2123 2125 1414 
f 1670 2123 1673 
f 2123 1411 2079 
f 1673 2079 1369 
f 2079 1673 2123 
f 1670 1734 2125 
f 1734 1731 2124 
f 2125 2124 1194 
f 2124 2125 1734 
f 1683 2126 2127 
f 2126 1404 1407 
f 2127 1407 1138 
f 1407 2127 2126 
f 1683 2127 1741 
f 2127 1138 2128 
f 1741 2128 1738 
f 2128 1741 2127 
f 1404 2126 2085 
f 2126 1683 1686 
f 2085 1686 1383 
f 1686 2085 2126 
f 1339 2132 2129 
f 2132 735 2130 
f 2129 2130 2022 
f 2130 2129 2132 
f 735 2131 2130 
f 2131 2008 2025 
f 2130 2025 2022 
f 2025 2130 2131 
f 1334 1341 2092 
f 1341 1339 2129 
f 2092 2129 2022 
f 2129 2092 1341 
f 1923 1926 2134 
f 1926 1790 2133 
f 2134 2133 583 
f 2133 2134 1926 
f 583 2133 587 
f 2133 1790 2135 
f 587 2135 586 
f 2135 587 2133 
f 1781 2136 1793 
f 2136 586 2135 
f 1793 2135 1790 
f 2135 1793 2136 
f 1875 1876 2137 
f 1876 1600 1603 
f 2137 1603 1453 
f 1603 2137 1876 
f 1453 1456 2138 
f 1456 1183 1199 
f 2138 1199 1197 
f 1199 2138 1456 
f 1453 2138 2137 
f 2138 1197 2139 
f 2137 2139 1875 
f 2139 2137 2138 
f 1127 1435 1142 
f 1435 1432 2141 
f 1142 2141 1141 
f 2141 1142 1435 
f 1432 2140 2141 
f 2140 1886 2142 
f 2141 2142 1141 
f 2142 2141 2140 
f 1886 2140 1888 
f 2140 1432 1596 
f 1888 1596 1593 
f 1596 1888 2140 
f 2143 2144 2147 
f 2144 2059 2146 
f 2147 2146 613 
f 2146 2147 2144 
f 2062 2063 2145 
f 2063 2059 2144 
f 2145 2144 2143 
f 2144 2145 2063 
f 2059 2120 2146 
f 2120 610 615 
f 2146 615 613 
f 615 2146 2120 
f 2148 2152 2150 
f 2152 2151 2153 
f 2150 2153 2062 
f 2153 2150 2152 
f 2062 2153 2065 
f 2153 2151 2154 
f 2065 2154 2053 
f 2154 2065 2153 
f 2148 2150 2149 
f 2150 2062 2145 
f 2149 2145 2143 
f 2145 2149 2150 
f 1324 2155 1330 
f 2155 2143 2157 
f 1330 2157 1329 
f 2157 1330 2155 
f 2143 2155 2149 
f 2155 1324 2156 
f 2149 2156 2148 
f 2156 2149 2155 
f 613 2158 2147 
f 2158 1329 2157 
f 2147 2157 2143 
f 2157 2147 2158 
f 2151 2152 2160 
f 2152 2148 2159 
f 2160 2159 1304 
f 2159 2160 2152 
f 2161 2163 2162 
f 2163 2148 2156 
f 2162 2156 1324 
f 2156 2162 2163 
f 1304 2159 2164 
f 2159 2148 2163 
f 2164 2163 2161 
f 2163 2164 2159 
f 567 569 2166 
f 569 566 2165 
f 2166 2165 1768 
f 2165 2166 569 
f 566 1298 2165 
f 1298 1296 1771 
f 2165 1771 1768 
f 1771 2165 1298 
f 1777 2167 1780 
f 2167 567 2166 
f 1780 2166 1768 
f 2166 1780 2167 
f 1239 2169 1241 
f 2169 2151 2168 
f 1241 2168 994 
f 2168 1241 2169 
f 1239 2170 2169 
f 2170 2053 2154 
f 2169 2154 2151 
f 2154 2169 2170 
f 1304 1305 2160 
f 1305 994 2168 
f 2160 2168 2151 
f 2168 2160 1305 
f 1794 1806 2173 
f 1806 1803 2172 
f 2173 2172 1099 
f 2172 2173 1806 
f 1085 1797 1088 
f 1797 1794 2171 
f 1088 2171 1071 
f 2171 1088 1797 
f 1794 2173 2171 
f 2173 1099 1100 
f 2171 1100 1071 
f 1100 2171 2173 
f 1845 1851 2175 
f 1851 1848 2048 
f 2175 2048 1861 
f 2048 2175 1851 
f 1845 2175 1857 
f 2175 1861 2174 
f 1857 2174 1841 
f 2174 1857 2175 
f 1841 2174 1844 
f 2174 1861 1864 
f 1844 1864 1834 
f 1864 1844 2174 
f 2015 2018 2176 
f 2018 1057 1060 
f 2176 1060 959 
f 1060 2176 2018 
f 2015 2176 2089 
f 2176 959 983 
f 2089 983 980 
f 983 2089 2176 
f 546 1265 549 
f 1265 1260 1767 
f 549 1767 547 
f 1767 549 1265 
f 557 1761 560 
f 1761 1268 1274 
f 560 1274 556 
f 1274 560 1761 
f 1838 1998 1871 
f 1998 1996 2177 
f 1871 2177 1230 
f 2177 1871 1998 
f 1996 2178 2177 
f 2178 1235 1236 
f 2177 1236 1230 
f 1236 2177 2178 
f 1996 2179 2178 
f 2179 1548 1549 
f 2178 1549 1235 
f 1549 2178 2179 
f 1548 2179 2180 
f 2179 1996 1999 
f 2180 1999 1989 
f 1999 2180 2179 
f 1311 1317 2184 
f 1317 1314 2181 
f 2184 2181 1807 
f 2181 2184 1317 
f 1311 2184 2183 
f 2184 1807 1811 
f 2183 1811 576 
f 1811 2183 2184 
f 1807 2181 1814 
f 2181 1314 2182 
f 1814 2182 1813 
f 2182 1814 2181 
f 2185 2187 2186 
f 2187 1816 1817 
f 2186 1817 1813 
f 1817 2186 2187 
f 1813 2188 2186 
f 2188 603 2189 
f 2186 2189 2185 
f 2189 2186 2188 
f 1314 2190 2182 
f 2190 603 2188 
f 2182 2188 1813 
f 2188 2182 2190 
f 1803 1819 2196 
f 1819 1816 2195 
f 2196 2195 1096 
f 2195 2196 1819 
f 1096 2195 2194 
f 2195 1816 2193 
f 2194 2193 2191 
f 2193 2194 2195 
f 1816 2187 2193 
f 2187 2185 2192 
f 2193 2192 2191 
f 2192 2193 2187 
f 603 607 2189 
f 607 604 2200 
f 2189 2200 2185 
f 2200 2189 607 
f 2185 2200 2198 
f 2200 604 2201 
f 2198 2201 2197 
f 2201 2198 2200 
f 2197 2199 2198 
f 2199 2191 2192 
f 2198 2192 2185 
f 2192 2198 2199 
f 1096 2194 1098 
f 2194 2191 2204 
f 1098 2204 1064 
f 2204 1098 2194 
f 1222 1224 2203 
f 1224 1064 2204 
f 2203 2204 2191 
f 2204 2203 1224 
f 1222 2203 2202 
f 2203 2191 2199 
f 2202 2199 2197 
f 2199 2202 2203 
f 604 2207 2201 
f 2207 1335 2208 
f 2201 2208 2197 
f 2208 2201 2207 
f 1222 2202 2206 
f 2202 2197 2205 
f 2206 2205 2093 
f 2205 2206 2202 
f 2197 2208 2205 
f 2208 1335 2209 
f 2205 2209 2093 
f 2209 2205 2208 
f 1296 1302 1773 
f 1302 1300 1975 
f 1773 1975 1649 
f 1975 1773 1302 
f 1335 1337 2209 
f 1337 1334 2095 
f 2209 2095 2093 
f 2095 2209 1337 
f 1222 2206 1226 
f 2206 2093 2096 
f 1226 2096 1225 
f 2096 1226 2206 
f 1085 1825 1799 
f 1825 1823 2210 
f 1799 2210 1543 
f 2210 1799 1825 
f 1586 2213 2212 
f 2213 1823 1826 
f 2212 1826 1820 
f 1826 2212 2213 
f 1586 1587 2213 
f 1587 1529 2211 
f 2213 2211 1823 
f 2211 2213 1587 
f 1543 2210 1546 
f 2210 1823 2211 
f 1546 2211 1529 
f 2211 1546 2210 
f 1325 2214 1328 
f 2214 2161 2162 
f 1328 2162 1324 
f 2162 1328 2214 
f 2161 2214 2217 
f 2214 1325 2216 
f 2217 2216 2215 
f 2216 2217 2214 
f 2215 2218 2217 
f 2218 1307 2219 
f 2217 2219 2161 
f 2219 2217 2218 
f 2161 2219 2164 
f 2219 1307 1310 
f 2164 1310 1304 
f 1310 2164 2219 
f 599 2220 602 
f 2220 1325 2222 
f 602 2222 593 
f 2222 602 2220 
f 2215 2216 2221 
f 2216 1325 2220 
f 2221 2220 599 
f 2220 2221 2216 
f 593 2222 595 
f 2222 1325 1332 
f 595 1332 326 
f 1332 595 2222 
f 1307 2218 2226 
f 2218 2215 2225 
f 2226 2225 1693 
f 2225 2226 2218 
f 2215 2221 2223 
f 2221 599 2224 
f 2223 2224 1696 
f 2224 2223 2221 
f 1693 2225 1699 
f 2225 2215 2223 
f 1699 2223 1696 
f 2223 1699 2225 
f 1078 1081 2067 
f 1081 987 1521 
f 2067 1521 1519 
f 1521 2067 1081 
f 1269 1893 2227 
f 1893 1891 2228 
f 2227 2228 624 
f 2228 2227 1893 
f 1269 2227 1275 
f 2227 624 625 
f 1275 625 242 
f 625 1275 2227 
f 1261 1267 2229 
f 1267 464 619 
f 2229 619 617 
f 619 2229 1267 
f 1261 2229 1881 
f 2229 617 2230 
f 1881 2230 1880 
f 2230 1881 2229 
f 1001 1585 1234 
f 1585 1583 1867 
f 1234 1867 1229 
f 1867 1234 1585 
f 1742 2231 1812 
f 2231 579 580 
f 1812 580 576 
f 580 1812 2231 
f 1311 2183 1313 
f 2183 576 578 
f 1313 578 362 
f 578 1313 2183 
f 1949 2233 1951 
f 2233 1504 1505 
f 1951 1505 1499 
f 1505 1951 2233 
f 1499 1503 1954 
f 1503 1500 2232 
f 1954 2232 1953 
f 2232 1954 1503 
f 1953 2235 1957 
f 2235 2234 2236 
f 1957 2236 1956 
f 2236 1957 2235 
f 1953 2237 2235 
f 2237 542 2238 
f 2235 2238 2234 
f 2238 2235 2237 
f 542 2237 2239 
f 2237 1953 2232 
f 2239 2232 1500 
f 2232 2239 2237 
f 1956 2236 2242 
f 2236 2234 2241 
f 2242 2241 2240 
f 2241 2242 2236 
f 2240 2243 2242 
f 2243 1488 2244 
f 2242 2244 1956 
f 2244 2242 2243 
f 1956 2244 1959 
f 2244 1488 1489 
f 1959 1489 1485 
f 1489 1959 2244 
f 2245 2246 2249 
f 2246 2234 2248 
f 2249 2248 539 
f 2248 2249 2246 
f 2245 2247 2246 
f 2247 2240 2241 
f 2246 2241 2234 
f 2241 2246 2247 
f 2234 2238 2248 
f 2238 542 545 
f 2248 545 539 
f 545 2248 2238 
f 2245 2251 2247 
f 2251 2250 2252 
f 2247 2252 2240 
f 2252 2247 2251 
f 2250 2254 2252 
f 2254 2253 2255 
f 2252 2255 2240 
f 2255 2252 2254 
f 2253 2256 2255 
f 2256 1488 2243 
f 2255 2243 2240 
f 2243 2255 2256 
f 784 2260 2262 
f 2260 2245 2249 
f 2262 2249 539 
f 2249 2262 2260 
f 2245 2258 2251 
f 2258 2257 2259 
f 2251 2259 2250 
f 2259 2251 2258 
f 2257 2258 2261 
f 2258 2245 2260 
f 2261 2260 784 
f 2260 2261 2258 
f 2266 2267 2269 
f 2267 2250 2259 
f 2269 2259 2257 
f 2259 2269 2267 
f 2266 2268 2267 
f 2268 2263 2264 
f 2267 2264 2250 
f 2264 2267 2268 
f 2253 2254 2265 
f 2254 2250 2264 
f 2265 2264 2263 
f 2264 2265 2254 
f 2263 2270 2265 
f 2270 1425 2271 
f 2265 2271 2253 
f 2271 2265 2270 
f 1425 1426 2271 
f 1426 1155 2272 
f 2271 2272 2253 
f 2272 2271 1426 
f 1155 1491 2272 
f 1491 1488 2256 
f 2272 2256 2253 
f 2256 2272 1491 
f 2263 2278 2270 
f 2278 2276 2279 
f 2270 2279 1425 
f 2279 2270 2278 
f 2273 2275 2274 
f 2275 2263 2268 
f 2274 2268 2266 
f 2268 2274 2275 
f 2273 2277 2275 
f 2277 2276 2278 
f 2275 2278 2263 
f 2278 2275 2277 
f 2283 2284 2286 
f 2284 2266 2269 
f 2286 2269 2257 
f 2269 2286 2284 
f 2273 2274 2282 
f 2274 2266 2281 
f 2282 2281 2280 
f 2281 2282 2274 
f 2283 2285 2284 
f 2285 2280 2281 
f 2284 2281 2266 
f 2281 2284 2285 
f 2290 2293 2292 
f 2293 2276 2277 
f 2292 2277 2273 
f 2277 2292 2293 
f 2280 2288 2282 
f 2288 2287 2289 
f 2282 2289 2273 
f 2289 2282 2288 
f 2290 2292 2291 
f 2292 2273 2289 
f 2291 2289 2287 
f 2289 2291 2292 
f 2280 2295 2288 
f 2295 2294 2296 
f 2288 2296 2287 
f 2296 2288 2295 
f 2280 2297 2295 
f 2297 1282 2298 
f 2295 2298 2294 
f 2298 2295 2297 
f 2283 2299 2285 
f 2299 1282 2297 
f 2285 2297 2280 
f 2297 2285 2299 
f 2287 2305 2301 
f 2305 2303 2306 
f 2301 2306 2300 
f 2306 2301 2305 
f 2303 2305 2304 
f 2305 2287 2296 
f 2304 2296 2294 
f 2296 2304 2305 
f 2287 2301 2291 
f 2301 2300 2302 
f 2291 2302 2290 
f 2302 2291 2301 
f 2276 2293 2313 
f 2293 2290 2312 
f 2313 2312 2310 
f 2312 2313 2293 
f 2310 2312 2311 
f 2312 2290 2309 
f 2311 2309 2307 
f 2309 2311 2312 
f 2290 2302 2309 
f 2302 2300 2308 
f 2309 2308 2307 
f 2308 2309 2302 
f 2103 2314 2318 
f 2314 2294 2317 
f 2318 2317 1276 
f 2317 2318 2314 
f 1555 2316 2315 
f 2316 2294 2314 
f 2315 2314 2103 
f 2314 2315 2316 
f 1276 2317 1284 
f 2317 2294 2298 
f 1284 2298 1282 
f 2298 1284 2317 
f 2303 2304 2319 
f 2304 2294 2316 
f 2319 2316 1555 
f 2316 2319 2304 
f 781 2321 2320 
f 2321 2283 2286 
f 2320 2286 2257 
f 2286 2320 2321 
f 1279 1285 2322 
f 1285 1282 2299 
f 2322 2299 2283 
f 2299 2322 1285 
f 781 2323 2321 
f 2323 1279 2322 
f 2321 2322 2283 
f 2322 2321 2323 
f 868 2326 2327 
f 2326 2300 2306 
f 2327 2306 2303 
f 2306 2327 2326 
f 2300 2326 2324 
f 2326 868 869 
f 2324 869 865 
f 869 2324 2326 
f 865 2325 2324 
f 2325 2307 2308 
f 2324 2308 2300 
f 2308 2324 2325 
f 865 2330 2325 
f 2330 631 2331 
f 2325 2331 2307 
f 2331 2325 2330 
f 1710 2328 1712 
f 2328 2307 2333 
f 1712 2333 1707 
f 2333 1712 2328 
f 1710 2329 2328 
f 2329 2310 2311 
f 2328 2311 2307 
f 2311 2328 2329 
f 2307 2331 2333 
f 2331 631 2332 
f 2333 2332 1707 
f 2332 2333 2331 
f 2310 2334 2313 
f 2334 1422 2335 
f 2313 2335 2276 
f 2335 2313 2334 
f 2310 2329 2334 
f 2329 1710 2336 
f 2334 2336 1422 
f 2336 2334 2329 
f 212 633 2337 
f 633 631 2330 
f 2337 2330 865 
f 2330 2337 633 
f 212 2337 216 
f 2337 865 867 
f 216 867 206 
f 867 216 2337 
f 42 1508 2110 
f 1508 1504 2233 
f 2110 2233 1949 
f 2233 2110 1508 
f 1390 2111 1392 
f 2111 1949 1952 
f 1392 1952 1387 
f 1952 1392 2111 
f 631 636 2332 
f 636 634 2338 
f 2332 2338 1707 
f 2338 2332 636 
f 1510 1512 2339 
f 1512 1509 1968 
f 2339 1968 1966 
f 1968 2339 1512 
f 1962 1963 2340 
f 1963 1509 1516 
f 2340 1516 1514 
f 1516 2340 1963 
f 1510 2339 2344 
f 2339 1966 2343 
f 2344 2343 534 
f 2343 2344 2339 
f 1969 2341 1971 
f 2341 529 2342 
f 1971 2342 1966 
f 2342 1971 2341 
f 529 536 2342 
f 536 534 2343 
f 2342 2343 1966 
f 2343 2342 536 
f 1969 2346 2341 
f 2346 2345 2347 
f 2341 2347 529 
f 2347 2341 2346 
f 1969 2348 2346 
f 2348 1495 2349 
f 2346 2349 2345 
f 2349 2346 2348 
f 1492 1497 1972 
f 1497 1495 2348 
f 1972 2348 1969 
f 2348 1972 1497 
f 2345 2351 2347 
f 2351 2350 2352 
f 2347 2352 529 
f 2352 2347 2351 
f 2350 2353 2352 
f 2353 530 532 
f 2352 532 529 
f 532 2352 2353 
f 2345 2355 2351 
f 2355 2354 2356 
f 2351 2356 2350 
f 2356 2351 2355 
f 1495 2360 2349 
f 2360 2357 2358 
f 2349 2358 2345 
f 2358 2349 2360 
f 2345 2358 2355 
f 2358 2357 2359 
f 2355 2359 2354 
f 2359 2355 2358 
f 530 2353 2366 
f 2353 2350 2365 
f 2366 2365 791 
f 2365 2366 2353 
f 2354 2362 2356 
f 2362 2361 2363 
f 2356 2363 2350 
f 2363 2356 2362 
f 2350 2363 2365 
f 2363 2361 2364 
f 2365 2364 791 
f 2364 2365 2363 
f 2354 2369 2372 
f 2369 2367 2371 
f 2372 2371 2370 
f 2371 2372 2369 
f 2361 2362 2373 
f 2362 2354 2372 
f 2373 2372 2370 
f 2372 2373 2362 
f 2354 2359 2369 
f 2359 2357 2368 
f 2369 2368 2367 
f 2368 2369 2359 
f 2357 2376 2374 
f 2376 1211 1448 
f 2374 1448 1446 
f 1448 2374 2376 
f 1495 1498 2360 
f 1498 1211 2376 
f 2360 2376 2357 
f 2376 2360 1498 
f 2357 2374 2368 
f 2374 1446 2375 
f 2368 2375 2367 
f 2375 2368 2374 
f 2380 2382 2381 
f 2382 2377 2378 
f 2381 2378 2367 
f 2378 2381 2382 
f 1446 2383 2375 
f 2383 2380 2381 
f 2375 2381 2367 
f 2381 2375 2383 
f 2370 2371 2379 
f 2371 2367 2378 
f 2379 2378 2377 
f 2378 2379 2371 
f 2370 2389 2373 
f 2389 2387 2390 
f 2373 2390 2361 
f 2390 2373 2389 
f 2370 2386 2389 
f 2386 2384 2388 
f 2389 2388 2387 
f 2388 2389 2386 
f 2384 2386 2385 
f 2386 2370 2379 
f 2385 2379 2377 
f 2379 2385 2386 
f 2394 2396 2395 
f 2396 2391 2392 
f 2395 2392 2377 
f 2392 2395 2396 
f 2394 2395 2397 
f 2395 2377 2382 
f 2397 2382 2380 
f 2382 2397 2395 
f 2377 2392 2385 
f 2392 2391 2393 
f 2385 2393 2384 
f 2393 2385 2392 
f 2384 2402 2388 
f 2402 1292 2403 
f 2388 2403 2387 
f 2403 2388 2402 
f 2398 2401 2400 
f 2401 1292 2402 
f 2400 2402 2384 
f 2402 2400 2401 
f 2391 2399 2393 
f 2399 2398 2400 
f 2393 2400 2384 
f 2400 2393 2399 
f 2404 2410 2406 
f 2410 2407 2408 
f 2406 2408 2391 
f 2408 2406 2410 
f 2398 2399 2409 
f 2399 2391 2408 
f 2409 2408 2407 
f 2408 2409 2399 
f 2394 2405 2396 
f 2405 2404 2406 
f 2396 2406 2391 
f 2406 2396 2405 
f 2394 2397 2415 
f 2397 2380 2417 
f 2415 2417 2414 
f 2417 2415 2397 
f 2414 2416 2415 
f 2416 2411 2412 
f 2415 2412 2394 
f 2412 2415 2416 
f 2404 2405 2413 
f 2405 2394 2412 
f 2413 2412 2411 
f 2412 2413 2405 
f 2407 2423 2409 
f 2423 1562 2419 
f 2409 2419 2398 
f 2419 2409 2423 
f 1292 2401 1294 
f 2401 2398 2422 
f 1294 2422 1286 
f 2422 1294 2401 
f 1562 2420 2419 
f 2420 2097 2418 
f 2419 2418 2398 
f 2418 2419 2420 
f 1286 2422 2421 
f 2422 2398 2418 
f 2421 2418 2097 
f 2418 2421 2422 
f 2387 2426 2424 
f 2426 1289 2427 
f 2424 2427 788 
f 2427 2424 2426 
f 2387 2403 2426 
f 2403 1292 1295 
f 2426 1295 1289 
f 1295 2426 2403 
f 788 2425 2424 
f 2425 2361 2390 
f 2424 2390 2387 
f 2390 2424 2425 
f 2407 2410 2431 
f 2410 2404 2430 
f 2431 2430 875 
f 2430 2431 2410 
f 872 877 2429 
f 877 875 2430 
f 2429 2430 2404 
f 2430 2429 877 
f 2411 2428 2413 
f 2428 872 2429 
f 2413 2429 2404 
f 2429 2413 2428 
f 2411 2416 2434 
f 2416 2414 2433 
f 2434 2433 2432 
f 2433 2434 2416 
f 641 2436 2435 
f 2436 872 2428 
f 2435 2428 2411 
f 2428 2435 2436 
f 2432 2437 2434 
f 2437 641 2435 
f 2434 2435 2411 
f 2435 2434 2437 
f 1443 2440 2439 
f 2440 1724 2441 
f 2439 2441 2414 
f 2441 2439 2440 
f 1724 2442 2441 
f 2442 2432 2433 
f 2441 2433 2414 
f 2433 2441 2442 
f 1443 2439 2438 
f 2439 2414 2417 
f 2438 2417 2380 
f 2417 2438 2439 
f 500 874 504 
f 874 872 2443 
f 504 2443 494 
f 2443 504 874 
f 494 2443 643 
f 2443 872 2436 
f 643 2436 641 
f 2436 643 2443 
f 1962 2340 2115 
f 2340 1514 1518 
f 2115 1518 46 
f 1518 2115 2340 
f 1394 1965 1398 
f 1965 1962 2117 
f 1398 2117 1397 
f 2117 1398 1965 
f 641 2444 645 
f 2444 1721 2445 
f 645 2445 644 
f 2445 645 2444 
f 641 2437 2444 
f 2437 2432 2446 
f 2444 2446 1721 
f 2446 2444 2437 
f 1300 1303 1976 
f 1303 440 555 
f 1976 555 552 
f 555 1976 1303 
f 603 2190 608 
f 2190 1314 1315 
f 608 1315 374 
f 1315 608 2190 
f 735 736 2131 
f 736 732 2026 
f 2131 2026 2008 
f 2026 2131 736 
f 572 2028 2447 
f 2028 732 734 
f 2447 734 410 
f 734 2447 2028 
f 572 575 2030 
f 575 567 2167 
f 2030 2167 1777 
f 2167 2030 575 
f 572 2447 574 
f 2447 410 420 
f 574 420 416 
f 420 574 2447 
f 1923 2134 2121 
f 2134 583 1321 
f 2121 1321 1318 
f 1321 2121 2134 
f 903 1049 1243 
f 1049 1047 2058 
f 1243 2058 1242 
f 2058 1243 1049 
f 654 1900 696 
f 1900 1604 1605 
f 696 1605 693 
f 1605 696 1900 
f 1253 1309 1694 
f 1309 1307 2226 
f 1694 2226 1693 
f 2226 1694 1309 
f 1696 2450 1698 
f 2450 1355 2448 
f 1698 2448 1614 
f 2448 1698 2450 
f 1614 2448 1746 
f 2448 1355 2449 
f 1746 2449 1745 
f 2449 1746 2448 
f 579 2231 2451 
f 2231 1742 1748 
f 2451 1748 1745 
f 1748 2451 2231 
f 579 2451 2453 
f 2451 1745 2452 
f 2453 2452 1352 
f 2452 2453 2451 
f 1745 2449 2452 
f 2449 1355 1358 
f 2452 1358 1352 
f 1358 2452 2449 
f 1696 2454 2450 
f 2454 596 2455 
f 2450 2455 1355 
f 2455 2450 2454 
f 1696 2224 2454 
f 2224 599 601 
f 2454 601 596 
f 601 2454 2224 
f 1348 1349 1979 
f 1349 1344 1784 
f 1979 1784 1628 
f 1784 1979 1349 
f 1344 1347 1786 
f 1347 589 2456 
f 1786 2456 1781 
f 2456 1786 1347 
f 586 2136 591 
f 2136 1781 2456 
f 591 2456 589 
f 2456 591 2136 
f 562 565 1980 
f 565 266 1351 
f 1980 1351 1348 
f 1351 1980 565 
f 1362 1365 1906 
f 1365 935 1056 
f 1906 1056 1054 
f 1056 1906 1365 
f 879 1379 1051 
f 1379 1376 1919 
f 1051 1919 1050 
f 1919 1051 1379 
f 2097 2098 2421 
f 2098 122 1288 
f 2421 1288 1286 
f 1288 2421 2098 
f 2097 2420 2100 
f 2420 1562 1568 
f 2100 1568 1565 
f 1568 2100 2420 
f 2103 2318 2105 
f 2318 1276 1277 
f 2105 1277 126 
f 1277 2105 2318 
f 1558 1559 2107 
f 1559 1555 2315 
f 2107 2315 2103 
f 2315 2107 1559 
f 647 649 2070 
f 649 644 2457 
f 2070 2457 1714 
f 2457 2070 649 
f 644 2445 2457 
f 2445 1721 1722 
f 2457 1722 1714 
f 1722 2457 2445 
f 476 486 2072 
f 486 482 650 
f 2072 650 647 
f 650 2072 486 
f 1721 2446 1725 
f 2446 2432 2442 
f 1725 2442 1724 
f 2442 1725 2446 
f 634 639 2458 
f 639 637 2073 
f 2458 2073 1700 
f 2073 2458 639 
f 634 2458 2338 
f 2458 1700 1709 
f 2338 1709 1707 
f 1709 2338 2458 
f 224 234 640 
f 234 230 2075 
f 640 2075 637 
f 2075 640 234 
f 1562 2423 1564 
f 2423 2407 2459 
f 1564 2459 512 
f 2459 1564 2423 
f 875 878 2431 
f 878 512 2459 
f 2431 2459 2407 
f 2459 2431 878 
f 2303 2460 2327 
f 2460 194 871 
f 2327 871 868 
f 871 2327 2460 
f 1555 1556 2319 
f 1556 194 2460 
f 2319 2460 2303 
f 2460 2319 1556 
f 102 1281 782 
f 1281 1279 2323 
f 782 2323 781 
f 2323 782 1281 
f 106 790 1290 
f 790 788 2427 
f 1290 2427 1289 
f 2427 1290 790 
f 1436 1727 1444 
f 1727 1724 2440 
f 1444 2440 1443 
f 2440 1444 1727 
f 1422 2336 1424 
f 2336 1710 1713 
f 1424 1713 1415 
f 1713 1424 2336 
f 1422 1428 2335 
f 1428 1425 2279 
f 2335 2279 2276 
f 2279 2335 1428 
f 1446 1449 2383 
f 1449 1443 2438 
f 2383 2438 2380 
f 2438 2383 1449 
f 1548 2180 1554 
f 2180 1989 1993 
f 1554 1993 1551 
f 1993 1554 2180 
f 788 794 2425 
f 794 791 2364 
f 2425 2364 2361 
f 2364 2425 794 
f 2257 2261 2320 
f 2261 784 787 
f 2320 787 781 
f 787 2320 2261 
f 1803 2196 2172 
f 2196 1096 1102 
f 2172 1102 1099 
f 1102 2172 2196 
f 530 2366 537 
f 2366 791 792 
f 537 792 82 
f 792 537 2366 
f 86 786 540 
f 786 784 2262 
f 540 2262 539 
f 2262 540 786 
f 62 544 1507 
f 544 542 2239 
f 1507 2239 1500 
f 2239 1507 544 
f 66 1517 538 
f 1517 1510 2344 
f 538 2344 534 
f 2344 538 1517 
f 386 1342 609 
f 1342 1335 2207 
f 609 2207 604 
f 2207 609 1342 
f 1329 2158 1333 
f 2158 613 616 
f 1333 616 314 
f 616 1333 2158 
f 1339 1343 2132 
f 1343 398 738 
f 2132 738 735 
f 738 2132 1343 
f 1352 1353 2453 
f 1353 350 582 
f 2453 582 579 
f 582 2453 1353 
f 596 597 2455 
f 597 338 1357 
f 2455 1357 1355 
f 1357 2455 597 
f 833 1610 955 
f 1610 1607 2461 
f 955 2461 952 
f 2461 955 1610 
f 1607 2052 2461 
f 2052 1522 1523 
f 2461 1523 952 
f 1523 2461 2052 
f 1886 1889 2142 
f 1889 1738 2462 
f 2142 2462 1141 
f 2462 2142 1889 
f 1141 2462 1144 
f 2462 1738 2128 
f 1144 2128 1138 
f 2128 1144 2462 
f 1731 2463 2124 
f 2463 1197 1200 
f 2124 1200 1194 
f 1200 2124 2463 
f 1875 2139 1878 
f 2139 1197 2463 
f 1878 2463 1731 
f 2463 1878 2139 
f 1242 2056 1245 
f 2056 2053 2170 
f 1245 2170 1239 
f 2170 1245 2056 
f 1583 1589 1869 
f 1589 1586 2212 
f 1869 2212 1820 
f 2212 1869 1589 
f 617 623 2230 
f 623 620 1988 
f 2230 1988 1880 
f 1988 2230 623 
f 627 630 1984 
f 630 624 2228 
f 1984 2228 1891 
f 2228 1984 630 
f 2917 2920 2952 
f 2920 2913 2951 
f 2952 2951 2950 
f 2951 2952 2920 
f 2953 2954 2955 
f 2954 2917 2952 
f 2955 2952 2950 
f 2952 2955 2954 
f 2956 2957 2958 
f 2957 2917 2954 
f 2958 2954 2953 
f 2954 2958 2957 
f 2917 2957 2922 
f 2957 2956 2959 
f 2922 2959 2921 
f 2959 2922 2957 
f 2960 2962 2964 
f 2962 2797 2963 
f 2964 2963 2961 
f 2963 2964 2962 
f 2797 2962 2802 
f 2962 2960 2965 
f 2802 2965 2801 
f 2965 2802 2962 
f 2793 2966 2800 
f 2966 2961 2963 
f 2800 2963 2797 
f 2963 2800 2966 
f 2857 2860 2969 
f 2860 2853 2968 
f 2969 2968 2967 
f 2968 2969 2860 
f 2967 2971 2969 
f 2971 2970 2972 
f 2969 2972 2857 
f 2972 2969 2971 
f 2973 2974 2975 
f 2974 2857 2972 
f 2975 2972 2970 
f 2972 2975 2974 
f 2857 2974 2862 
f 2974 2973 2976 
f 2862 2976 2861 
f 2976 2862 2974 
f 2977 2979 2981 
f 2979 2737 2980 
f 2981 2980 2978 
f 2980 2981 2979 
f 2978 2980 2982 
f 2980 2737 2740 
f 2982 2740 2733 
f 2740 2982 2980 
f 2737 2979 2744 
f 2979 2977 2983 
f 2744 2983 2741 
f 2983 2744 2979 
f 2889 2985 2896 
f 2985 2984 2986 
f 2896 2986 2893 
f 2986 2896 2985 
f 2889 2988 2985 
f 2988 2987 2989 
f 2985 2989 2984 
f 2989 2985 2988 
f 2889 2891 2988 
f 2891 2885 2990 
f 2988 2990 2987 
f 2990 2988 2891 
f 2991 2992 2993 
f 2992 2945 2948 
f 2993 2948 2941 
f 2948 2993 2992 
f 2994 2995 2996 
f 2995 2945 2992 
f 2996 2992 2991 
f 2992 2996 2995 
f 2713 2949 2997 
f 2949 2945 2995 
f 2997 2995 2994 
f 2995 2997 2949 
f 2998 2999 3000 
f 2999 2825 2828 
f 3000 2828 2821 
f 2828 3000 2999 
f 2998 3002 2999 
f 3002 3001 3003 
f 2999 3003 2825 
f 3003 2999 3002 
f 3004 3005 3006 
f 3005 2825 3003 
f 3006 3003 3001 
f 3003 3006 3005 
f 2829 2830 3007 
f 2830 2825 3005 
f 3007 3005 3004 
f 3005 3007 2830 
f 3008 3009 3010 
f 3009 2769 2771 
f 3010 2771 2765 
f 2771 3010 3009 
f 2769 3009 3013 
f 3009 3008 3012 
f 3013 3012 3011 
f 3012 3013 3009 
f 2773 2776 3014 
f 2776 2769 3013 
f 3014 3013 3011 
f 3013 3014 2776 
f 2869 3016 2876 
f 3016 3015 3017 
f 2876 3017 2873 
f 3017 2876 3016 
f 3015 3019 3017 
f 3019 3018 3020 
f 3017 3020 2873 
f 3020 3017 3019 
f 2877 2880 3021 
f 2880 2873 3020 
f 3021 3020 3018 
f 3020 3021 2880 
f 3022 3024 3026 
f 3024 3023 3025 
f 3026 3025 2841 
f 3025 3026 3024 
f 2841 3025 2848 
f 3025 3023 3027 
f 2848 3027 2845 
f 3027 2848 3025 
f 3022 3026 3028 
f 3026 2841 2844 
f 3028 2844 2837 
f 2844 3028 3026 
f 3029 3031 3033 
f 3031 2753 3032 
f 3033 3032 3030 
f 3032 3033 3031 
f 2753 3031 2759 
f 3031 3029 3034 
f 2759 3034 2757 
f 3034 2759 3031 
f 3030 3032 3035 
f 3032 2753 2756 
f 3035 2756 2749 
f 2756 3035 3032 
f 2721 3038 3040 
f 3038 3036 3039 
f 3040 3039 3037 
f 3039 3040 3038 
f 2725 2728 3041 
f 2728 2721 3040 
f 3041 3040 3037 
f 3040 3041 2728 
f 3036 3038 3042 
f 3038 2721 2722 
f 3042 2722 2717 
f 2722 3042 3038 
f 3043 3044 3045 
f 3044 2929 2930 
f 3045 2930 2925 
f 2930 3045 3044 
f 2929 3044 2936 
f 3044 3043 3046 
f 2936 3046 2933 
f 3046 2936 3044 
f 2781 3048 2788 
f 3048 3047 3049 
f 2788 3049 2785 
f 3049 2788 3048 
f 2781 3051 3048 
f 3051 3050 3052 
f 3048 3052 3047 
f 3052 3048 3051 
f 3050 3051 3053 
f 3051 2781 2784 
f 3053 2784 2777 
f 2784 3053 3051 
f 3054 3055 3056 
f 3055 2817 2818 
f 3056 2818 2813 
f 2818 3056 3055 
f 2809 3058 2816 
f 3058 3057 3059 
f 2816 3059 2813 
f 3059 2816 3058 
f 2813 3059 3056 
f 3059 3057 3060 
f 3056 3060 3054 
f 3060 3056 3059 
f 3061 3063 3065 
f 3063 2901 3064 
f 3065 3064 3062 
f 3064 3065 3063 
f 2897 3066 2904 
f 3066 3062 3064 
f 2904 3064 2901 
f 3064 2904 3066 
f 2901 3063 2908 
f 3063 3061 3067 
f 2908 3067 2905 
f 3067 2908 3063 
f 2833 3069 3071 
f 3069 3004 3070 
f 3071 3070 3068 
f 3070 3071 3069 
f 2833 2836 3069 
f 2836 2829 3007 
f 3069 3007 3004 
f 3007 3069 2836 
f 3068 3072 3071 
f 3072 2837 2840 
f 3071 2840 2833 
f 2840 3071 3072 
f 2869 2872 3016 
f 2872 2865 3073 
f 3016 3073 3015 
f 3073 3016 2872 
f 2861 3075 2866 
f 3075 3074 3076 
f 2866 3076 2865 
f 3076 2866 3075 
f 2865 3076 3073 
f 3076 3074 3077 
f 3073 3077 3015 
f 3077 3073 3076 
f 2765 2768 3080 
f 2768 2761 3079 
f 3080 3079 3078 
f 3079 3080 2768 
f 3078 3079 3081 
f 3079 2761 2763 
f 3081 2763 2757 
f 2763 3081 3079 
f 2713 2997 2716 
f 2997 2994 3082 
f 2716 3082 2710 
f 3082 2716 2997 
f 2994 3084 3082 
f 3084 3083 3085 
f 3082 3085 2710 
f 3085 3082 3084 
f 2717 2720 3086 
f 2720 2710 3085 
f 3086 3085 3083 
f 3085 3086 2720 
f 2741 3088 2748 
f 3088 3087 3089 
f 2748 3089 2745 
f 3089 2748 3088 
f 3087 3091 3089 
f 3091 3090 3092 
f 3089 3092 2745 
f 3092 3089 3091 
f 3030 3093 3094 
f 3093 2745 3092 
f 3094 3092 3090 
f 3092 3094 3093 
f 2745 3093 2751 
f 3093 3030 3035 
f 2751 3035 2749 
f 3035 2751 3093 
f 3095 3097 3099 
f 3097 2881 3098 
f 3099 3098 3096 
f 3098 3099 3097 
f 2877 3100 2882 
f 3100 3096 3098 
f 2882 3098 2881 
f 3098 2882 3100 
f 2881 3097 2888 
f 3097 3095 3101 
f 2888 3101 2885 
f 3101 2888 3097 
f 2950 2951 3102 
f 2951 2913 2916 
f 3102 2916 2909 
f 2916 3102 2951 
f 2909 3104 3102 
f 3104 3103 3105 
f 3102 3105 2950 
f 3105 3102 3104 
f 3103 3104 3106 
f 3104 2909 2911 
f 3106 2911 2905 
f 2911 3106 3104 
f 2789 2792 3107 
f 2792 2785 3049 
f 3107 3049 3047 
f 3049 3107 2792 
f 2789 3107 3110 
f 3107 3047 3109 
f 3110 3109 3108 
f 3109 3110 3107 
f 2793 2796 3111 
f 2796 2789 3110 
f 3111 3110 3108 
f 3110 3111 2796 
f 2805 3113 2812 
f 3113 3112 3114 
f 2812 3114 2809 
f 3114 2812 3113 
f 2801 3116 2808 
f 3116 3115 3117 
f 2808 3117 2805 
f 3117 2808 3116 
f 3112 3113 3118 
f 3113 2805 3117 
f 3118 3117 3115 
f 3117 3118 3113 
f 3119 3120 3121 
f 3120 2941 2944 
f 3121 2944 2937 
f 2944 3121 3120 
f 2933 3123 2940 
f 3123 3122 3124 
f 2940 3124 2937 
f 3124 2940 3123 
f 3122 3125 3124 
f 3125 3119 3121 
f 3124 3121 2937 
f 3121 3124 3125 
f 3126 3128 3130 
f 3128 3127 3129 
f 3130 3129 2729 
f 3129 3130 3128 
f 2729 2732 3130 
f 2732 2725 3131 
f 3130 3131 3126 
f 3131 3130 2732 
f 2733 2736 3132 
f 2736 2729 3129 
f 3132 3129 3127 
f 3129 3132 2736 
f 2849 3134 3136 
f 3134 3133 3135 
f 3136 3135 2967 
f 3135 3136 3134 
f 2849 3138 3134 
f 3138 3137 3139 
f 3134 3139 3133 
f 3139 3134 3138 
f 2845 3140 2850 
f 3140 3137 3138 
f 2850 3138 2849 
f 3138 2850 3140 
f 2967 2968 3136 
f 2968 2853 2855 
f 3136 2855 2849 
f 2855 3136 2968 
f 2893 2986 2900 
f 2986 2984 3141 
f 2900 3141 2897 
f 3141 2900 2986 
f 2897 3141 3066 
f 3141 2984 3142 
f 3066 3142 3062 
f 3142 3066 3141 
f 3143 3144 3145 
f 3144 3062 3142 
f 3145 3142 2984 
f 3142 3145 3144 
f 3146 3147 3148 
f 3147 3061 3065 
f 3148 3065 3062 
f 3065 3148 3147 
f 3146 3148 3149 
f 3148 3062 3144 
f 3149 3144 3143 
f 3144 3149 3148 
f 3103 3151 3153 
f 3151 3061 3152 
f 3153 3152 3150 
f 3152 3153 3151 
f 3061 3151 3067 
f 3151 3103 3106 
f 3067 3106 2905 
f 3106 3067 3151 
f 3061 3147 3152 
f 3147 3146 3154 
f 3152 3154 3150 
f 3154 3152 3147 
f 3155 3157 3159 
f 3157 3156 3158 
f 3159 3158 3146 
f 3158 3159 3157 
f 3155 3159 3160 
f 3159 3146 3149 
f 3160 3149 3143 
f 3149 3160 3159 
f 3156 3161 3158 
f 3161 3150 3154 
f 3158 3154 3146 
f 3154 3158 3161 
f 3103 3153 3164 
f 3153 3150 3163 
f 3164 3163 3162 
f 3163 3164 3153 
f 3165 3166 3167 
f 3166 3162 3163 
f 3167 3163 3150 
f 3163 3167 3166 
f 3156 3168 3161 
f 3168 3165 3167 
f 3161 3167 3150 
f 3167 3161 3168 
f 3156 3157 3171 
f 3157 3155 3170 
f 3171 3170 3169 
f 3170 3171 3157 
f 3165 3168 3174 
f 3168 3156 3173 
f 3174 3173 3172 
f 3173 3174 3168 
f 3156 3171 3173 
f 3171 3169 3175 
f 3173 3175 3172 
f 3175 3173 3171 
f 3176 3178 3180 
f 3178 3177 3179 
f 3180 3179 3155 
f 3179 3180 3178 
f 3155 3179 3170 
f 3179 3177 3181 
f 3170 3181 3169 
f 3181 3170 3179 
f 3143 3182 3160 
f 3182 3176 3180 
f 3160 3180 3155 
f 3180 3160 3182 
f 3169 3181 3185 
f 3181 3177 3184 
f 3185 3184 3183 
f 3184 3185 3181 
f 3169 3187 3175 
f 3187 3186 3188 
f 3175 3188 3172 
f 3188 3175 3187 
f 3169 3185 3187 
f 3185 3183 3189 
f 3187 3189 3186 
f 3189 3187 3185 
f 3190 3192 3194 
f 3192 3172 3193 
f 3194 3193 3191 
f 3193 3194 3192 
f 3172 3192 3174 
f 3192 3190 3195 
f 3174 3195 3165 
f 3195 3174 3192 
f 3172 3188 3193 
f 3188 3186 3196 
f 3193 3196 3191 
f 3196 3193 3188 
f 3186 3189 3199 
f 3189 3183 3198 
f 3199 3198 3197 
f 3198 3199 3189 
f 3186 3201 3196 
f 3201 3200 3202 
f 3196 3202 3191 
f 3202 3196 3201 
f 3200 3201 3203 
f 3201 3186 3199 
f 3203 3199 3197 
f 3199 3203 3201 
f 3177 3205 3184 
f 3205 3204 3206 
f 3184 3206 3183 
f 3206 3184 3205 
f 3204 3208 3206 
f 3208 3207 3209 
f 3206 3209 3183 
f 3209 3206 3208 
f 3183 3209 3198 
f 3209 3207 3210 
f 3198 3210 3197 
f 3210 3198 3209 
f 3211 3212 3213 
f 3212 3200 3203 
f 3213 3203 3197 
f 3203 3213 3212 
f 3214 3215 3216 
f 3215 3211 3213 
f 3216 3213 3197 
f 3213 3216 3215 
f 3207 3217 3210 
f 3217 3214 3216 
f 3210 3216 3197 
f 3216 3210 3217 
f 3200 3220 3222 
f 3220 3218 3221 
f 3222 3221 3219 
f 3221 3222 3220 
f 3200 3212 3220 
f 3212 3211 3223 
f 3220 3223 3218 
f 3223 3220 3212 
f 3200 3222 3202 
f 3222 3219 3224 
f 3202 3224 3191 
f 3224 3202 3222 
f 3211 3226 3223 
f 3226 3225 3227 
f 3223 3227 3218 
f 3227 3223 3226 
f 3228 3229 3230 
f 3229 3225 3226 
f 3230 3226 3211 
f 3226 3230 3229 
f 3211 3215 3230 
f 3215 3214 3231 
f 3230 3231 3228 
f 3231 3230 3215 
f 3207 3233 3217 
f 3233 3232 3234 
f 3217 3234 3214 
f 3234 3217 3233 
f 3214 3236 3231 
f 3236 3235 3237 
f 3231 3237 3228 
f 3237 3231 3236 
f 3232 3238 3234 
f 3238 3235 3236 
f 3234 3236 3214 
f 3236 3234 3238 
f 3235 3240 3237 
f 3240 3239 3241 
f 3237 3241 3228 
f 3241 3237 3240 
f 3228 3241 3244 
f 3241 3239 3243 
f 3244 3243 3242 
f 3243 3244 3241 
f 3228 3244 3229 
f 3244 3242 3245 
f 3229 3245 3225 
f 3245 3229 3244 
f 3246 3248 3250 
f 3248 3247 3249 
f 3250 3249 3225 
f 3249 3250 3248 
f 3242 3251 3245 
f 3251 3246 3250 
f 3245 3250 3225 
f 3250 3245 3251 
f 3225 3249 3227 
f 3249 3247 3252 
f 3227 3252 3218 
f 3252 3227 3249 
f 3242 3255 3257 
f 3255 3253 3256 
f 3257 3256 3254 
f 3256 3257 3255 
f 3239 3258 3243 
f 3258 3253 3255 
f 3243 3255 3242 
f 3255 3243 3258 
f 3254 3259 3257 
f 3259 3246 3251 
f 3257 3251 3242 
f 3251 3257 3259 
f 3260 3261 3262 
f 3261 3253 3258 
f 3262 3258 3239 
f 3258 3262 3261 
f 3263 3264 3265 
f 3264 3260 3262 
f 3265 3262 3239 
f 3262 3265 3264 
f 3235 3266 3240 
f 3266 3263 3265 
f 3240 3265 3239 
f 3265 3240 3266 
f 3254 3256 3269 
f 3256 3253 3268 
f 3269 3268 3267 
f 3268 3269 3256 
f 3253 3261 3272 
f 3261 3260 3271 
f 3272 3271 3270 
f 3271 3272 3261 
f 3267 3268 3273 
f 3268 3253 3272 
f 3273 3272 3270 
f 3272 3273 3268 
f 3274 3275 3276 
f 3275 3246 3259 
f 3276 3259 3254 
f 3259 3276 3275 
f 3274 3276 3279 
f 3276 3254 3278 
f 3279 3278 3277 
f 3278 3279 3276 
f 3277 3278 3280 
f 3278 3254 3269 
f 3280 3269 3267 
f 3269 3280 3278 
f 3277 3280 3283 
f 3280 3267 3282 
f 3283 3282 3281 
f 3282 3283 3280 
f 3267 3273 3286 
f 3273 3270 3285 
f 3286 3285 3284 
f 3285 3286 3273 
f 3281 3282 3287 
f 3282 3267 3286 
f 3287 3286 3284 
f 3286 3287 3282 
f 3270 3271 3290 
f 3271 3260 3289 
f 3290 3289 3288 
f 3289 3290 3271 
f 3270 3290 3293 
f 3290 3288 3292 
f 3293 3292 3291 
f 3292 3293 3290 
f 3270 3293 3285 
f 3293 3291 3294 
f 3285 3294 3284 
f 3294 3285 3293 
f 3295 3296 3297 
f 3296 3277 3283 
f 3297 3283 3281 
f 3283 3297 3296 
f 3298 3299 3300 
f 3299 3277 3296 
f 3300 3296 3295 
f 3296 3300 3299 
f 3298 3301 3299 
f 3301 3274 3279 
f 3299 3279 3277 
f 3279 3299 3301 
f 3302 3304 3306 
f 3304 3281 3305 
f 3306 3305 3303 
f 3305 3306 3304 
f 3295 3297 3307 
f 3297 3281 3304 
f 3307 3304 3302 
f 3304 3307 3297 
f 3281 3287 3305 
f 3287 3284 3308 
f 3305 3308 3303 
f 3308 3305 3287 
f 3295 3307 3311 
f 3307 3302 3310 
f 3311 3310 3309 
f 3310 3311 3307 
f 3312 3313 3314 
f 3313 3295 3311 
f 3314 3311 3309 
f 3311 3314 3313 
f 3298 3300 3315 
f 3300 3295 3313 
f 3315 3313 3312 
f 3313 3315 3300 
f 3316 3317 3318 
f 3317 3298 3315 
f 3318 3315 3312 
f 3315 3318 3317 
f 3316 3320 3317 
f 3320 3319 3321 
f 3317 3321 3298 
f 3321 3317 3320 
f 3274 3301 3322 
f 3301 3298 3321 
f 3322 3321 3319 
f 3321 3322 3301 
f 3323 3325 3327 
f 3325 3302 3326 
f 3327 3326 3324 
f 3326 3327 3325 
f 3324 3326 3328 
f 3326 3302 3306 
f 3328 3306 3303 
f 3306 3328 3326 
f 3309 3310 3329 
f 3310 3302 3325 
f 3329 3325 3323 
f 3325 3329 3310 
f 3330 3332 3334 
f 3332 3331 3333 
f 3334 3333 3312 
f 3333 3334 3332 
f 3331 3335 3333 
f 3335 3316 3318 
f 3333 3318 3312 
f 3318 3333 3335 
f 3330 3334 3336 
f 3334 3312 3314 
f 3336 3314 3309 
f 3314 3336 3334 
f 3331 3338 3335 
f 3338 3337 3339 
f 3335 3339 3316 
f 3339 3335 3338 
f 3340 3341 3342 
f 3341 3319 3320 
f 3342 3320 3316 
f 3320 3342 3341 
f 3337 3343 3339 
f 3343 3340 3342 
f 3339 3342 3316 
f 3342 3339 3343 
f 3331 3346 3348 
f 3346 3344 3347 
f 3348 3347 3345 
f 3347 3348 3346 
f 3331 3348 3338 
f 3348 3345 3349 
f 3338 3349 3337 
f 3349 3338 3348 
f 3344 3346 3350 
f 3346 3331 3332 
f 3350 3332 3330 
f 3332 3350 3346 
f 3337 3349 3353 
f 3349 3345 3352 
f 3353 3352 3351 
f 3352 3353 3349 
f 3354 3355 3356 
f 3355 3337 3353 
f 3356 3353 3351 
f 3353 3356 3355 
f 3337 3355 3343 
f 3355 3354 3357 
f 3343 3357 3340 
f 3357 3343 3355 
f 3340 3359 3341 
f 3359 3358 3360 
f 3341 3360 3319 
f 3360 3341 3359 
f 3354 3362 3357 
f 3362 3361 3363 
f 3357 3363 3340 
f 3363 3357 3362 
f 3361 3364 3363 
f 3364 3358 3359 
f 3363 3359 3340 
f 3359 3363 3364 
f 3303 3367 3369 
f 3367 3365 3368 
f 3369 3368 3366 
f 3368 3369 3367 
f 3324 3328 3370 
f 3328 3303 3369 
f 3370 3369 3366 
f 3369 3370 3328 
f 3284 3371 3308 
f 3371 3365 3367 
f 3308 3367 3303 
f 3367 3308 3371 
f 3372 3373 3374 
f 3373 3323 3327 
f 3374 3327 3324 
f 3327 3374 3373 
f 3372 3374 3377 
f 3374 3324 3376 
f 3377 3376 3375 
f 3376 3377 3374 
f 3324 3370 3376 
f 3370 3366 3378 
f 3376 3378 3375 
f 3378 3376 3370 
f 3366 3381 3383 
f 3381 3379 3382 
f 3383 3382 3380 
f 3382 3383 3381 
f 3366 3383 3378 
f 3383 3380 3384 
f 3378 3384 3375 
f 3384 3378 3383 
f 3366 3368 3381 
f 3368 3365 3385 
f 3381 3385 3379 
f 3385 3381 3368 
f 3330 3336 3388 
f 3336 3309 3387 
f 3388 3387 3386 
f 3387 3388 3336 
f 3389 3390 3391 
f 3390 3330 3388 
f 3391 3388 3386 
f 3388 3391 3390 
f 3344 3350 3392 
f 3350 3330 3390 
f 3392 3390 3389 
f 3390 3392 3350 
f 3393 3395 3397 
f 3395 3375 3396 
f 3397 3396 3394 
f 3396 3397 3395 
f 3372 3377 3398 
f 3377 3375 3395 
f 3398 3395 3393 
f 3395 3398 3377 
f 3375 3384 3396 
f 3384 3380 3399 
f 3396 3399 3394 
f 3399 3396 3384 
f 3380 3401 3399 
f 3401 3400 3402 
f 3399 3402 3394 
f 3402 3399 3401 
f 3403 3404 3405 
f 3404 3400 3401 
f 3405 3401 3380 
f 3401 3405 3404 
f 3380 3382 3405 
f 3382 3379 3406 
f 3405 3406 3403 
f 3406 3405 3382 
f 3407 3408 3409 
f 3408 3379 3385 
f 3409 3385 3365 
f 3385 3409 3408 
f 3379 3411 3406 
f 3411 3410 3412 
f 3406 3412 3403 
f 3412 3406 3411 
f 3410 3411 3413 
f 3411 3379 3408 
f 3413 3408 3407 
f 3408 3413 3411 
f 3414 3416 3418 
f 3416 3372 3417 
f 3418 3417 3415 
f 3417 3418 3416 
f 3415 3417 3419 
f 3417 3372 3398 
f 3419 3398 3393 
f 3398 3419 3417 
f 3372 3416 3373 
f 3416 3414 3420 
f 3373 3420 3323 
f 3420 3373 3416 
f 3403 3423 3425 
f 3423 3421 3424 
f 3425 3424 3422 
f 3424 3425 3423 
f 3400 3404 3426 
f 3404 3403 3425 
f 3426 3425 3422 
f 3425 3426 3404 
f 3410 3427 3412 
f 3427 3421 3423 
f 3412 3423 3403 
f 3423 3412 3427 
f 3428 3429 3430 
f 3429 3421 3427 
f 3430 3427 3410 
f 3427 3430 3429 
f 3431 3432 3433 
f 3432 3428 3430 
f 3433 3430 3410 
f 3430 3433 3432 
f 3407 3434 3413 
f 3434 3431 3433 
f 3413 3433 3410 
f 3433 3413 3434 
f 3354 3437 3439 
f 3437 3435 3438 
f 3439 3438 3436 
f 3438 3439 3437 
f 3354 3356 3437 
f 3356 3351 3440 
f 3437 3440 3435 
f 3440 3437 3356 
f 3361 3362 3441 
f 3362 3354 3439 
f 3441 3439 3436 
f 3439 3441 3362 
f 3361 3443 3364 
f 3443 3442 3444 
f 3364 3444 3358 
f 3444 3364 3443 
f 3436 3446 3441 
f 3446 3445 3447 
f 3441 3447 3361 
f 3447 3441 3446 
f 3445 3448 3447 
f 3448 3442 3443 
f 3447 3443 3361 
f 3443 3447 3448 
f 3422 3424 3451 
f 3424 3421 3450 
f 3451 3450 3449 
f 3450 3451 3424 
f 3421 3453 3450 
f 3453 3452 3454 
f 3450 3454 3449 
f 3454 3450 3453 
f 3428 3455 3429 
f 3455 3452 3453 
f 3429 3453 3421 
f 3453 3429 3455 
f 3456 3458 3460 
f 3458 3428 3459 
f 3460 3459 3457 
f 3459 3460 3458 
f 3428 3458 3455 
f 3458 3456 3461 
f 3455 3461 3452 
f 3461 3455 3458 
f 3431 3462 3432 
f 3462 3457 3459 
f 3432 3459 3428 
f 3459 3432 3462 
f 3344 3464 3347 
f 3464 3463 3465 
f 3347 3465 3345 
f 3465 3347 3464 
f 3466 3467 3468 
f 3467 3344 3392 
f 3468 3392 3389 
f 3392 3468 3467 
f 3466 3469 3467 
f 3469 3463 3464 
f 3467 3464 3344 
f 3464 3467 3469 
f 3466 3468 3472 
f 3468 3389 3471 
f 3472 3471 3470 
f 3471 3472 3468 
f 3473 3474 3475 
f 3474 3470 3471 
f 3475 3471 3389 
f 3471 3475 3474 
f 3389 3391 3475 
f 3391 3386 3476 
f 3475 3476 3473 
f 3476 3475 3391 
f 3393 3479 3481 
f 3479 3477 3480 
f 3481 3480 3478 
f 3480 3481 3479 
f 3477 3479 3482 
f 3479 3393 3397 
f 3482 3397 3394 
f 3397 3482 3479 
f 3393 3481 3419 
f 3481 3478 3483 
f 3419 3483 3415 
f 3483 3419 3481 
f 3484 3486 3488 
f 3486 3415 3487 
f 3488 3487 3485 
f 3487 3488 3486 
f 3485 3487 3489 
f 3487 3415 3483 
f 3489 3483 3478 
f 3483 3489 3487 
f 3414 3418 3490 
f 3418 3415 3486 
f 3490 3486 3484 
f 3486 3490 3418 
f 3400 3493 3495 
f 3493 3491 3494 
f 3495 3494 3492 
f 3494 3495 3493 
f 3400 3495 3402 
f 3495 3492 3496 
f 3402 3496 3394 
f 3496 3402 3495 
f 3400 3426 3493 
f 3426 3422 3497 
f 3493 3497 3491 
f 3497 3493 3426 
f 3498 3499 3500 
f 3499 3435 3440 
f 3500 3440 3351 
f 3440 3500 3499 
f 3501 3502 3503 
f 3502 3351 3352 
f 3503 3352 3345 
f 3352 3503 3502 
f 3351 3502 3500 
f 3502 3501 3504 
f 3500 3504 3498 
f 3504 3500 3502 
f 3435 3506 3438 
f 3506 3505 3507 
f 3438 3507 3436 
f 3507 3438 3506 
f 3508 3509 3510 
f 3509 3436 3507 
f 3510 3507 3505 
f 3507 3510 3509 
f 3508 3511 3509 
f 3511 3445 3446 
f 3509 3446 3436 
f 3446 3509 3511 
f 3512 3513 3514 
f 3513 3445 3511 
f 3514 3511 3508 
f 3511 3514 3513 
f 3445 3513 3517 
f 3513 3512 3516 
f 3517 3516 3515 
f 3516 3517 3513 
f 3515 3518 3517 
f 3518 3442 3448 
f 3517 3448 3445 
f 3448 3517 3518 
f 3519 3521 3523 
f 3521 3442 3522 
f 3523 3522 3520 
f 3522 3523 3521 
f 3442 3521 3444 
f 3521 3519 3524 
f 3444 3524 3358 
f 3524 3444 3521 
f 3520 3522 3525 
f 3522 3442 3518 
f 3525 3518 3515 
f 3518 3525 3522 
f 3526 3527 3528 
f 3527 3520 3525 
f 3528 3525 3515 
f 3525 3528 3527 
f 3515 3530 3528 
f 3530 3529 3531 
f 3528 3531 3526 
f 3531 3528 3530 
f 3529 3530 3532 
f 3530 3515 3516 
f 3532 3516 3512 
f 3516 3532 3530 
f 3431 3534 3462 
f 3534 3533 3535 
f 3462 3535 3457 
f 3535 3462 3534 
f 3536 3537 3538 
f 3537 3533 3534 
f 3538 3534 3431 
f 3534 3538 3537 
f 3536 3538 3539 
f 3538 3431 3434 
f 3539 3434 3407 
f 3434 3539 3538 
f 3456 3460 3542 
f 3460 3457 3541 
f 3542 3541 3540 
f 3541 3542 3460 
f 3540 3541 3545 
f 3541 3457 3544 
f 3545 3544 3543 
f 3544 3545 3541 
f 3533 3546 3535 
f 3546 3543 3544 
f 3535 3544 3457 
f 3544 3535 3546 
f 3547 3548 3549 
f 3548 3543 3546 
f 3549 3546 3533 
f 3546 3549 3548 
f 3536 3551 3537 
f 3551 3550 3552 
f 3537 3552 3533 
f 3552 3537 3551 
f 3550 3553 3552 
f 3553 3547 3549 
f 3552 3549 3533 
f 3549 3552 3553 
f 3540 3545 3556 
f 3545 3543 3555 
f 3556 3555 3554 
f 3555 3556 3545 
f 3543 3558 3555 
f 3558 3557 3559 
f 3555 3559 3554 
f 3559 3555 3558 
f 3547 3560 3548 
f 3560 3557 3558 
f 3548 3558 3543 
f 3558 3548 3560 
f 3561 3562 3563 
f 3562 3547 3553 
f 3563 3553 3550 
f 3553 3563 3562 
f 3547 3562 3566 
f 3562 3561 3565 
f 3566 3565 3564 
f 3565 3566 3562 
f 3547 3566 3560 
f 3566 3564 3567 
f 3560 3567 3557 
f 3567 3560 3566 
f 3568 3570 3572 
f 3570 3557 3571 
f 3572 3571 3569 
f 3571 3572 3570 
f 3557 3570 3559 
f 3570 3568 3573 
f 3559 3573 3554 
f 3573 3559 3570 
f 3569 3571 3574 
f 3571 3557 3567 
f 3574 3567 3564 
f 3567 3574 3571 
f 3564 3576 3574 
f 3576 3575 3577 
f 3574 3577 3569 
f 3577 3574 3576 
f 3578 3579 3580 
f 3579 3575 3576 
f 3580 3576 3564 
f 3576 3580 3579 
f 3561 3581 3565 
f 3581 3578 3580 
f 3565 3580 3564 
f 3580 3565 3581 
f 3569 3577 3584 
f 3577 3575 3583 
f 3584 3583 3582 
f 3583 3584 3577 
f 3585 3586 3587 
f 3586 3569 3584 
f 3587 3584 3582 
f 3584 3587 3586 
f 3568 3572 3588 
f 3572 3569 3586 
f 3588 3586 3585 
f 3586 3588 3572 
f 3589 3590 3591 
f 3590 3582 3583 
f 3591 3583 3575 
f 3583 3591 3590 
f 3592 3593 3594 
f 3593 3575 3579 
f 3594 3579 3578 
f 3579 3594 3593 
f 3575 3593 3591 
f 3593 3592 3595 
f 3591 3595 3589 
f 3595 3591 3593 
f 3540 3597 3542 
f 3597 3596 3598 
f 3542 3598 3456 
f 3598 3542 3597 
f 3599 3600 3601 
f 3600 3456 3598 
f 3601 3598 3596 
f 3598 3601 3600 
f 3456 3600 3461 
f 3600 3599 3602 
f 3461 3602 3452 
f 3602 3461 3600 
f 3603 3605 3607 
f 3605 3554 3606 
f 3607 3606 3604 
f 3606 3607 3605 
f 3604 3606 3608 
f 3606 3554 3573 
f 3608 3573 3568 
f 3573 3608 3606 
f 3554 3605 3556 
f 3605 3603 3609 
f 3556 3609 3540 
f 3609 3556 3605 
f 3610 3612 3614 
f 3612 3611 3613 
f 3614 3613 3578 
f 3613 3614 3612 
f 3561 3615 3581 
f 3615 3610 3614 
f 3581 3614 3578 
f 3614 3581 3615 
f 3611 3616 3613 
f 3616 3592 3594 
f 3613 3594 3578 
f 3594 3613 3616 
f 3617 3618 3619 
f 3618 3589 3595 
f 3619 3595 3592 
f 3595 3619 3618 
f 3617 3619 3622 
f 3619 3592 3621 
f 3622 3621 3620 
f 3621 3622 3619 
f 3611 3623 3616 
f 3623 3620 3621 
f 3616 3621 3592 
f 3621 3616 3623 
f 3624 3625 3626 
f 3625 3589 3618 
f 3626 3618 3617 
f 3618 3626 3625 
f 3589 3625 3629 
f 3625 3624 3628 
f 3629 3628 3627 
f 3628 3629 3625 
f 3589 3629 3590 
f 3629 3627 3630 
f 3590 3630 3582 
f 3630 3590 3629 
f 3617 3622 3633 
f 3622 3620 3632 
f 3633 3632 3631 
f 3632 3633 3622 
f 3617 3633 3636 
f 3633 3631 3635 
f 3636 3635 3634 
f 3635 3636 3633 
f 3634 3637 3636 
f 3637 3624 3626 
f 3636 3626 3617 
f 3626 3636 3637 
f 3631 3632 3640 
f 3632 3620 3639 
f 3640 3639 3638 
f 3639 3640 3632 
f 3638 3639 3643 
f 3639 3620 3642 
f 3643 3642 3641 
f 3642 3643 3639 
f 3620 3623 3642 
f 3623 3611 3644 
f 3642 3644 3641 
f 3644 3642 3623 
f 3638 3646 3640 
f 3646 3645 3647 
f 3640 3647 3631 
f 3647 3640 3646 
f 3631 3647 3650 
f 3647 3645 3649 
f 3650 3649 3648 
f 3649 3650 3647 
f 3631 3650 3635 
f 3650 3648 3651 
f 3635 3651 3634 
f 3651 3635 3650 
f 3477 3653 3480 
f 3653 3652 3654 
f 3480 3654 3478 
f 3654 3480 3653 
f 3655 3656 3657 
f 3656 3485 3489 
f 3657 3489 3478 
f 3489 3657 3656 
f 3655 3657 3658 
f 3657 3478 3654 
f 3658 3654 3652 
f 3654 3658 3657 
f 3659 3661 3663 
f 3661 3508 3662 
f 3663 3662 3660 
f 3662 3663 3661 
f 3508 3510 3662 
f 3510 3505 3664 
f 3662 3664 3660 
f 3664 3662 3510 
f 3512 3514 3665 
f 3514 3508 3661 
f 3665 3661 3659 
f 3661 3665 3514 
f 3666 3668 3670 
f 3668 3667 3669 
f 3670 3669 3466 
f 3669 3670 3668 
f 3466 3472 3670 
f 3472 3470 3671 
f 3670 3671 3666 
f 3671 3670 3472 
f 3463 3469 3672 
f 3469 3466 3669 
f 3672 3669 3667 
f 3669 3672 3469 
f 3470 3674 3671 
f 3674 3673 3675 
f 3671 3675 3666 
f 3675 3671 3674 
f 3676 3677 3678 
f 3677 3673 3674 
f 3678 3674 3470 
f 3674 3678 3677 
f 3473 3679 3474 
f 3679 3676 3678 
f 3474 3678 3470 
f 3678 3474 3679 
f 3638 3681 3646 
f 3681 3680 3682 
f 3646 3682 3645 
f 3682 3646 3681 
f 3683 3684 3685 
f 3684 3638 3643 
f 3685 3643 3641 
f 3643 3685 3684 
f 3680 3681 3686 
f 3681 3638 3684 
f 3686 3684 3683 
f 3684 3686 3681 
f 3648 3649 3689 
f 3649 3645 3688 
f 3689 3688 3687 
f 3688 3689 3649 
f 3687 3688 3692 
f 3688 3645 3691 
f 3692 3691 3690 
f 3691 3692 3688 
f 3690 3691 3693 
f 3691 3645 3682 
f 3693 3682 3680 
f 3682 3693 3691 
f 3694 3696 3698 
f 3696 3520 3697 
f 3698 3697 3695 
f 3697 3698 3696 
f 3520 3527 3697 
f 3527 3526 3699 
f 3697 3699 3695 
f 3699 3697 3527 
f 3694 3700 3696 
f 3700 3519 3523 
f 3696 3523 3520 
f 3523 3696 3700 
f 3701 3702 3703 
f 3702 3526 3531 
f 3703 3531 3529 
f 3531 3703 3702 
f 3704 3705 3706 
f 3705 3526 3702 
f 3706 3702 3701 
f 3702 3706 3705 
f 3695 3699 3707 
f 3699 3526 3705 
f 3707 3705 3704 
f 3705 3707 3699 
f 3708 3709 3710 
f 3709 3701 3703 
f 3710 3703 3529 
f 3703 3710 3709 
f 3529 3532 3713 
f 3532 3512 3712 
f 3713 3712 3711 
f 3712 3713 3532 
f 3708 3710 3714 
f 3710 3529 3713 
f 3714 3713 3711 
f 3713 3714 3710 
f 3708 3716 3709 
f 3716 3715 3717 
f 3709 3717 3701 
f 3717 3709 3716 
f 3718 3719 3720 
f 3719 3704 3706 
f 3720 3706 3701 
f 3706 3720 3719 
f 3715 3721 3717 
f 3721 3718 3720 
f 3717 3720 3701 
f 3720 3717 3721 
f 3704 3724 3726 
f 3724 3722 3725 
f 3726 3725 3723 
f 3725 3726 3724 
f 3722 3724 3727 
f 3724 3704 3719 
f 3727 3719 3718 
f 3719 3727 3724 
f 3704 3726 3707 
f 3726 3723 3728 
f 3707 3728 3695 
f 3728 3707 3726 
f 3729 3730 3731 
f 3730 3722 3727 
f 3731 3727 3718 
f 3727 3731 3730 
f 3732 3733 3734 
f 3733 3729 3731 
f 3734 3731 3718 
f 3731 3734 3733 
f 3718 3721 3734 
f 3721 3715 3735 
f 3734 3735 3732 
f 3735 3734 3721 
f 3736 3737 3738 
f 3737 3484 3488 
f 3738 3488 3485 
f 3488 3738 3737 
f 3485 3740 3738 
f 3740 3739 3741 
f 3738 3741 3736 
f 3741 3738 3740 
f 3739 3740 3742 
f 3740 3485 3656 
f 3742 3656 3655 
f 3656 3742 3740 
f 3435 3744 3506 
f 3744 3743 3745 
f 3506 3745 3505 
f 3745 3506 3744 
f 3505 3745 3748 
f 3745 3743 3747 
f 3748 3747 3746 
f 3747 3748 3745 
f 3505 3748 3664 
f 3748 3746 3749 
f 3664 3749 3660 
f 3749 3664 3748 
f 3634 3751 3637 
f 3751 3750 3752 
f 3637 3752 3624 
f 3752 3637 3751 
f 3624 3752 3755 
f 3752 3750 3754 
f 3755 3754 3753 
f 3754 3755 3752 
f 3627 3628 3756 
f 3628 3624 3755 
f 3756 3755 3753 
f 3755 3756 3628 
f 3582 3630 3759 
f 3630 3627 3758 
f 3759 3758 3757 
f 3758 3759 3630 
f 3133 3760 3761 
f 3760 3757 3758 
f 3761 3758 3627 
f 3758 3761 3760 
f 3133 3761 3762 
f 3761 3627 3756 
f 3762 3756 3753 
f 3756 3762 3761 
f 3634 3651 3765 
f 3651 3648 3764 
f 3765 3764 3763 
f 3764 3765 3651 
f 3766 3767 3768 
f 3767 3763 3764 
f 3768 3764 3648 
f 3764 3768 3767 
f 3648 3689 3768 
f 3689 3687 3769 
f 3768 3769 3766 
f 3769 3768 3689 
f 3687 3771 3773 
f 3771 3770 3772 
f 3773 3772 3096 
f 3772 3773 3771 
f 3770 3771 3774 
f 3771 3687 3692 
f 3774 3692 3690 
f 3692 3774 3771 
f 3096 3775 3773 
f 3775 3766 3769 
f 3773 3769 3687 
f 3769 3773 3775 
f 3776 3778 3780 
f 3778 3777 3779 
f 3780 3779 3690 
f 3779 3780 3778 
f 3690 3779 3774 
f 3779 3777 3781 
f 3774 3781 3770 
f 3781 3774 3779 
f 3680 3782 3693 
f 3782 3776 3780 
f 3693 3780 3690 
f 3780 3693 3782 
f 3723 3725 3784 
f 3725 3722 3783 
f 3784 3783 3190 
f 3783 3784 3725 
f 3785 3786 3787 
f 3786 3722 3730 
f 3787 3730 3729 
f 3730 3787 3786 
f 3722 3786 3783 
f 3786 3785 3788 
f 3783 3788 3190 
f 3788 3783 3786 
f 3232 3790 3792 
f 3790 3641 3791 
f 3792 3791 3789 
f 3791 3792 3790 
f 3789 3791 3793 
f 3791 3641 3644 
f 3793 3644 3611 
f 3644 3793 3791 
f 3683 3685 3794 
f 3685 3641 3790 
f 3794 3790 3232 
f 3790 3794 3685 
f 3519 3796 3524 
f 3796 3795 3797 
f 3524 3797 3358 
f 3797 3524 3796 
f 3694 3798 3700 
f 3798 3247 3799 
f 3700 3799 3519 
f 3799 3700 3798 
f 3519 3799 3796 
f 3799 3247 3800 
f 3796 3800 3795 
f 3800 3796 3799 
f 3477 3802 3653 
f 3802 3801 3803 
f 3653 3803 3652 
f 3803 3653 3802 
f 3477 3482 3804 
f 3482 3394 3496 
f 3804 3496 3492 
f 3496 3804 3482 
f 3477 3804 3802 
f 3804 3492 3805 
f 3802 3805 3801 
f 3805 3802 3804 
f 3501 3503 3806 
f 3503 3345 3465 
f 3806 3465 3463 
f 3465 3806 3503 
f 3807 3808 3809 
f 3808 3501 3806 
f 3809 3806 3463 
f 3806 3809 3808 
f 3463 3672 3809 
f 3672 3667 3810 
f 3809 3810 3807 
f 3810 3809 3672 
f 3550 3551 3812 
f 3551 3536 3811 
f 3812 3811 3288 
f 3811 3812 3551 
f 3813 3814 3815 
f 3814 3550 3812 
f 3815 3812 3288 
f 3812 3815 3814 
f 3813 3816 3814 
f 3816 3561 3563 
f 3814 3563 3550 
f 3563 3814 3816 
f 3667 3668 3818 
f 3668 3666 3817 
f 3818 3817 3090 
f 3817 3818 3668 
f 2977 3819 3820 
f 3819 3667 3818 
f 3820 3818 3090 
f 3818 3820 3819 
f 3667 3819 3810 
f 3819 2977 3821 
f 3810 3821 3807 
f 3821 3810 3819 
f 2978 3822 2981 
f 3822 3807 3821 
f 2981 3821 2977 
f 3821 2981 3822 
f 3501 3808 3825 
f 3808 3807 3824 
f 3825 3824 3823 
f 3824 3825 3808 
f 3823 3824 3826 
f 3824 3807 3822 
f 3826 3822 2978 
f 3822 3826 3824 
f 3785 3787 3828 
f 3787 3729 3827 
f 3828 3827 2953 
f 3827 3828 3787 
f 3729 3829 3827 
f 3829 2956 2958 
f 3827 2958 2953 
f 2958 3827 3829 
f 2956 3829 3830 
f 3829 3729 3733 
f 3830 3733 3732 
f 3733 3830 3829 
f 3652 3832 3834 
f 3832 3050 3833 
f 3834 3833 3831 
f 3833 3834 3832 
f 3801 3835 3803 
f 3835 3050 3832 
f 3803 3832 3652 
f 3832 3803 3835 
f 3652 3834 3658 
f 3834 3831 3836 
f 3658 3836 3655 
f 3836 3658 3834 
f 3492 3838 3805 
f 3838 3837 3839 
f 3805 3839 3801 
f 3839 3805 3838 
f 3801 3839 3841 
f 3839 3837 3840 
f 3841 3840 3047 
f 3840 3841 3839 
f 3050 3835 3052 
f 3835 3801 3841 
f 3052 3841 3047 
f 3841 3052 3835 
f 3715 3716 3843 
f 3716 3708 3842 
f 3843 3842 3122 
f 3842 3843 3716 
f 3119 3125 3844 
f 3125 3122 3842 
f 3844 3842 3708 
f 3842 3844 3125 
f 3119 3844 3845 
f 3844 3708 3714 
f 3845 3714 3711 
f 3714 3845 3844 
f 3119 3845 3847 
f 3845 3711 3846 
f 3847 3846 2991 
f 3846 3847 3845 
f 3512 3665 3712 
f 3665 3659 3848 
f 3712 3848 3711 
f 3848 3712 3665 
f 3659 3849 3848 
f 3849 2991 3846 
f 3848 3846 3711 
f 3846 3848 3849 
f 3785 3850 3788 
f 3850 3165 3195 
f 3788 3195 3190 
f 3195 3788 3850 
f 2953 3851 3828 
f 3851 3162 3852 
f 3828 3852 3785 
f 3852 3828 3851 
f 3785 3852 3850 
f 3852 3162 3166 
f 3850 3166 3165 
f 3166 3850 3852 
f 3207 3853 3233 
f 3853 3683 3794 
f 3233 3794 3232 
f 3794 3233 3853 
f 3207 3208 3853 
f 3208 3204 3854 
f 3853 3854 3683 
f 3854 3853 3208 
f 3204 3855 3854 
f 3855 3680 3686 
f 3854 3686 3683 
f 3686 3854 3855 
f 3218 3252 3856 
f 3252 3247 3798 
f 3856 3798 3694 
f 3798 3856 3252 
f 3694 3698 3858 
f 3698 3695 3857 
f 3858 3857 3219 
f 3857 3858 3698 
f 3218 3856 3221 
f 3856 3694 3858 
f 3221 3858 3219 
f 3858 3221 3856 
f 3723 3784 3859 
f 3784 3190 3194 
f 3859 3194 3191 
f 3194 3859 3784 
f 3219 3860 3224 
f 3860 3723 3859 
f 3224 3859 3191 
f 3859 3224 3860 
f 3695 3728 3857 
f 3728 3723 3860 
f 3857 3860 3219 
f 3860 3857 3728 
f 3676 3861 3862 
f 3861 3484 3737 
f 3862 3737 3736 
f 3737 3862 3861 
f 3473 3863 3679 
f 3863 3484 3861 
f 3679 3861 3676 
f 3861 3679 3863 
f 3473 3864 3863 
f 3864 3414 3490 
f 3863 3490 3484 
f 3490 3863 3864 
f 3736 3741 3866 
f 3741 3739 3865 
f 3866 3865 3078 
f 3865 3866 3741 
f 3676 3862 3869 
f 3862 3736 3868 
f 3869 3868 3867 
f 3868 3869 3862 
f 3736 3866 3868 
f 3866 3078 3870 
f 3868 3870 3867 
f 3870 3868 3866 
f 3386 3871 3476 
f 3871 3414 3864 
f 3476 3864 3473 
f 3864 3476 3871 
f 3386 3387 3872 
f 3387 3309 3329 
f 3872 3329 3323 
f 3329 3872 3387 
f 3414 3871 3420 
f 3871 3386 3872 
f 3420 3872 3323 
f 3872 3420 3871 
f 2994 3873 3874 
f 3873 3659 3663 
f 3874 3663 3660 
f 3663 3874 3873 
f 3083 3084 3875 
f 3084 2994 3874 
f 3875 3874 3660 
f 3874 3875 3084 
f 3746 3876 3749 
f 3876 3083 3875 
f 3749 3875 3660 
f 3875 3749 3876 
f 3777 3878 3781 
f 3878 3877 3879 
f 3781 3879 3770 
f 3879 3781 3878 
f 3096 3772 3099 
f 3772 3770 3880 
f 3099 3880 3095 
f 3880 3099 3772 
f 3770 3879 3880 
f 3879 3877 3881 
f 3880 3881 3095 
f 3881 3880 3879 
f 3882 3883 3884 
f 3883 3877 3878 
f 3884 3878 3777 
f 3878 3884 3883 
f 3777 3885 3884 
f 3885 3176 3886 
f 3884 3886 3882 
f 3886 3884 3885 
f 3176 3885 3887 
f 3885 3777 3778 
f 3887 3778 3776 
f 3778 3887 3885 
f 3204 3205 3889 
f 3205 3177 3888 
f 3889 3888 3776 
f 3888 3889 3205 
f 3776 3888 3887 
f 3888 3177 3178 
f 3887 3178 3176 
f 3178 3887 3888 
f 3776 3782 3889 
f 3782 3680 3855 
f 3889 3855 3204 
f 3855 3889 3782 
f 3037 3890 3891 
f 3890 3746 3747 
f 3891 3747 3743 
f 3747 3891 3890 
f 3746 3890 3892 
f 3890 3037 3039 
f 3892 3039 3036 
f 3039 3892 3890 
f 3083 3876 3893 
f 3876 3746 3892 
f 3893 3892 3036 
f 3892 3893 3876 
f 3498 3894 3499 
f 3894 3743 3744 
f 3499 3744 3435 
f 3744 3499 3894 
f 3743 3896 3891 
f 3896 3895 3897 
f 3891 3897 3037 
f 3897 3891 3896 
f 3895 3896 3898 
f 3896 3743 3894 
f 3898 3894 3498 
f 3894 3898 3896 
f 2970 3899 2975 
f 3899 3753 3900 
f 2975 3900 2973 
f 3900 2975 3899 
f 2970 3901 3899 
f 3901 3133 3762 
f 3899 3762 3753 
f 3762 3899 3901 
f 3753 3754 3900 
f 3754 3750 3902 
f 3900 3902 2973 
f 3902 3900 3754 
f 3750 3903 3902 
f 3903 3074 3904 
f 3902 3904 2973 
f 3904 3902 3903 
f 3750 3751 3905 
f 3751 3634 3765 
f 3905 3765 3763 
f 3765 3905 3751 
f 3763 3906 3905 
f 3906 3074 3903 
f 3905 3903 3750 
f 3903 3905 3906 
f 2925 3907 3908 
f 3907 2956 3830 
f 3908 3830 3732 
f 3830 3908 3907 
f 3732 3909 3908 
f 3909 3043 3045 
f 3908 3045 2925 
f 3045 3908 3909 
f 3043 3909 3910 
f 3909 3732 3735 
f 3910 3735 3715 
f 3735 3910 3909 
f 3757 3760 3911 
f 3760 3133 3139 
f 3911 3139 3137 
f 3139 3911 3760 
f 2967 3135 2971 
f 3135 3133 3901 
f 2971 3901 2970 
f 3901 2971 3135 
f 3757 3911 3914 
f 3911 3137 3913 
f 3914 3913 3912 
f 3913 3914 3911 
f 3585 3587 3915 
f 3587 3582 3759 
f 3915 3759 3757 
f 3759 3915 3587 
f 3912 3916 3914 
f 3916 3585 3915 
f 3914 3915 3757 
f 3915 3914 3916 
f 3018 3917 3918 
f 3917 3766 3775 
f 3918 3775 3096 
f 3775 3918 3917 
f 3018 3019 3917 
f 3019 3015 3919 
f 3917 3919 3766 
f 3919 3917 3019 
f 3015 3920 3919 
f 3920 3763 3767 
f 3919 3767 3766 
f 3767 3919 3920 
f 3008 3921 3922 
f 3921 3078 3865 
f 3922 3865 3739 
f 3865 3922 3921 
f 3011 3923 3924 
f 3923 3739 3742 
f 3924 3742 3655 
f 3742 3924 3923 
f 3011 3012 3923 
f 3012 3008 3922 
f 3923 3922 3739 
f 3922 3923 3012 
f 2987 3925 3926 
f 3925 3877 3883 
f 3926 3883 3882 
f 3883 3926 3925 
f 2885 3101 3927 
f 3101 3095 3881 
f 3927 3881 3877 
f 3881 3927 3101 
f 2885 3927 2990 
f 3927 3877 3925 
f 2990 3925 2987 
f 3925 2990 3927 
f 2984 2989 3928 
f 2989 2987 3926 
f 3928 3926 3882 
f 3926 3928 2989 
f 3882 3929 3928 
f 3929 3143 3145 
f 3928 3145 2984 
f 3145 3928 3929 
f 3143 3929 3182 
f 3929 3882 3886 
f 3182 3886 3176 
f 3886 3182 3929 
f 3090 3091 3820 
f 3091 3087 3930 
f 3820 3930 2977 
f 3930 3820 3091 
f 2977 3930 2983 
f 3930 3087 3088 
f 2983 3088 2741 
f 3088 2983 3930 
f 3162 3851 3931 
f 3851 2953 2955 
f 3931 2955 2950 
f 2955 3931 3851 
f 3137 3932 3913 
f 3932 3023 3933 
f 3913 3933 3912 
f 3933 3913 3932 
f 2845 3027 3140 
f 3027 3023 3932 
f 3140 3932 3137 
f 3932 3140 3027 
f 3912 3935 3937 
f 3935 3022 3936 
f 3937 3936 3934 
f 3936 3937 3935 
f 3585 3916 3938 
f 3916 3912 3937 
f 3938 3937 3934 
f 3937 3938 3916 
f 3023 3024 3933 
f 3024 3022 3935 
f 3933 3935 3912 
f 3935 3933 3024 
f 3119 3847 3120 
f 3847 2991 2993 
f 3120 2993 2941 
f 2993 3120 3847 
f 3122 3939 3843 
f 3939 3043 3910 
f 3843 3910 3715 
f 3910 3843 3939 
f 2933 3046 3123 
f 3046 3043 3939 
f 3123 3939 3122 
f 3939 3123 3046 
f 3823 3826 3941 
f 3826 2978 3940 
f 3941 3940 3127 
f 3940 3941 3826 
f 2978 2982 3940 
f 2982 2733 3132 
f 3940 3132 3127 
f 3132 3940 2982 
f 3498 3942 3898 
f 3942 3823 3943 
f 3898 3943 3895 
f 3943 3898 3942 
f 3895 3943 3944 
f 3943 3823 3941 
f 3944 3941 3127 
f 3941 3944 3943 
f 3823 3942 3825 
f 3942 3498 3504 
f 3825 3504 3501 
f 3504 3825 3942 
f 3659 3873 3849 
f 3873 2994 2996 
f 3849 2996 2991 
f 2996 3849 3873 
f 3666 3945 3817 
f 3945 3030 3094 
f 3817 3094 3090 
f 3094 3817 3945 
f 3103 3164 3105 
f 3164 3162 3931 
f 3105 3931 2950 
f 3931 3105 3164 
f 3263 3266 3947 
f 3266 3235 3946 
f 3947 3946 3789 
f 3946 3947 3266 
f 3235 3238 3946 
f 3238 3232 3792 
f 3946 3792 3789 
f 3792 3946 3238 
f 3263 3948 3950 
f 3948 3610 3949 
f 3950 3949 3813 
f 3949 3950 3948 
f 3263 3950 3264 
f 3950 3813 3951 
f 3264 3951 3260 
f 3951 3264 3950 
f 3263 3947 3948 
f 3947 3789 3952 
f 3948 3952 3610 
f 3952 3948 3947 
f 3247 3248 3800 
f 3248 3246 3953 
f 3800 3953 3795 
f 3953 3800 3248 
f 3795 3953 3954 
f 3953 3246 3275 
f 3954 3275 3274 
f 3275 3954 3953 
f 3274 3322 3954 
f 3322 3319 3955 
f 3954 3955 3795 
f 3955 3954 3322 
f 3260 3951 3289 
f 3951 3813 3815 
f 3289 3815 3288 
f 3815 3289 3951 
f 3610 3615 3949 
f 3615 3561 3816 
f 3949 3816 3813 
f 3816 3949 3615 
f 3789 3793 3952 
f 3793 3611 3612 
f 3952 3612 3610 
f 3612 3952 3793 
f 3291 3956 3294 
f 3956 3365 3371 
f 3294 3371 3284 
f 3371 3294 3956 
f 3407 3409 3957 
f 3409 3365 3956 
f 3957 3956 3291 
f 3956 3957 3409 
f 3288 3811 3292 
f 3811 3536 3958 
f 3292 3958 3291 
f 3958 3292 3811 
f 3536 3539 3958 
f 3539 3407 3957 
f 3958 3957 3291 
f 3957 3958 3539 
f 3585 3938 3588 
f 3938 3934 3959 
f 3588 3959 3568 
f 3959 3588 3938 
f 3960 3961 3963 
f 3961 3604 3962 
f 3963 3962 3934 
f 3962 3963 3961 
f 3604 3608 3962 
f 3608 3568 3959 
f 3962 3959 3934 
f 3959 3962 3608 
f 3022 3964 3936 
f 3964 3960 3963 
f 3936 3963 3934 
f 3963 3936 3964 
f 3960 3964 3966 
f 3964 3022 3965 
f 3966 3965 3068 
f 3965 3966 3964 
f 2837 3072 3028 
f 3072 3068 3965 
f 3028 3965 3022 
f 3965 3028 3072 
f 3960 3966 3967 
f 3966 3068 3070 
f 3967 3070 3004 
f 3070 3967 3966 
f 3604 3961 3970 
f 3961 3960 3969 
f 3970 3969 3968 
f 3969 3970 3961 
f 3004 3971 3967 
f 3971 3968 3969 
f 3967 3969 3960 
f 3969 3967 3971 
f 3603 3607 3972 
f 3607 3604 3970 
f 3972 3970 3968 
f 3970 3972 3607 
f 3603 3972 3975 
f 3972 3968 3974 
f 3975 3974 3973 
f 3974 3975 3972 
f 3968 3976 3974 
f 3976 3001 3977 
f 3974 3977 3973 
f 3977 3974 3976 
f 3001 3976 3006 
f 3976 3968 3971 
f 3006 3971 3004 
f 3971 3006 3976 
f 3596 3978 3979 
f 3978 3603 3975 
f 3979 3975 3973 
f 3975 3979 3978 
f 3540 3609 3597 
f 3609 3603 3978 
f 3597 3978 3596 
f 3978 3597 3609 
f 3001 3002 3977 
f 3002 2998 3980 
f 3977 3980 3973 
f 3980 3977 3002 
f 3981 3982 3983 
f 3982 3596 3979 
f 3983 3979 3973 
f 3979 3983 3982 
f 2998 3984 3980 
f 3984 3981 3983 
f 3980 3983 3973 
f 3983 3980 3984 
f 3981 3985 3982 
f 3985 3599 3601 
f 3982 3601 3596 
f 3601 3982 3985 
f 3054 3986 3987 
f 3986 3981 3984 
f 3987 3984 2998 
f 3984 3987 3986 
f 3988 3989 3990 
f 3989 3981 3986 
f 3990 3986 3054 
f 3986 3990 3989 
f 3981 3989 3985 
f 3989 3988 3991 
f 3985 3991 3599 
f 3991 3985 3989 
f 2817 3055 3992 
f 3055 3054 3987 
f 3992 3987 2998 
f 3987 3992 3055 
f 2817 3992 2824 
f 3992 2998 3000 
f 2824 3000 2821 
f 3000 2824 3992 
f 3988 3994 3991 
f 3994 3993 3995 
f 3991 3995 3599 
f 3995 3991 3994 
f 3599 3995 3602 
f 3995 3993 3996 
f 3602 3996 3452 
f 3996 3602 3995 
f 3988 3997 3999 
f 3997 3057 3998 
f 3999 3998 3112 
f 3998 3999 3997 
f 3988 3999 3994 
f 3999 3112 4000 
f 3994 4000 3993 
f 4000 3994 3999 
f 3057 3997 3060 
f 3997 3988 3990 
f 3060 3990 3054 
f 3990 3060 3997 
f 3993 4000 4003 
f 4000 3112 4002 
f 4003 4002 4001 
f 4002 4003 4000 
f 3452 3996 3454 
f 3996 3993 4004 
f 3454 4004 3449 
f 4004 3454 3996 
f 4001 4005 4003 
f 4005 3449 4004 
f 4003 4004 3993 
f 4004 4003 4005 
f 3115 4006 3118 
f 4006 4001 4002 
f 3118 4002 3112 
f 4002 3118 4006 
f 2809 3114 3058 
f 3114 3112 3998 
f 3058 3998 3057 
f 3998 3058 3114 
f 3449 4005 4009 
f 4005 4001 4008 
f 4009 4008 4007 
f 4008 4009 4005 
f 4001 4010 4008 
f 4010 2960 4011 
f 4008 4011 4007 
f 4011 4008 4010 
f 2960 4010 4012 
f 4010 4001 4006 
f 4012 4006 3115 
f 4006 4012 4010 
f 3676 3869 3677 
f 3869 3867 4013 
f 3677 4013 3673 
f 4013 3677 3869 
f 3867 4014 4015 
f 4014 2757 3034 
f 4015 3034 3029 
f 3034 4015 4014 
f 3867 4015 4013 
f 4015 3029 4016 
f 4013 4016 3673 
f 4016 4013 4015 
f 3867 3870 4014 
f 3870 3078 3081 
f 4014 3081 2757 
f 3081 4014 3870 
f 3449 4009 3451 
f 4009 4007 4017 
f 3451 4017 3422 
f 4017 3451 4009 
f 3422 4017 3497 
f 4017 4007 4018 
f 3497 4018 3491 
f 4018 3497 4017 
f 4007 4020 4018 
f 4020 4019 4021 
f 4018 4021 3491 
f 4021 4018 4020 
f 4019 4020 4022 
f 4020 4007 4011 
f 4022 4011 2960 
f 4011 4022 4020 
f 2961 4023 2964 
f 4023 4019 4022 
f 2964 4022 2960 
f 4022 2964 4023 
f 2801 2965 3116 
f 2965 2960 4012 
f 3116 4012 3115 
f 4012 3116 2965 
f 3491 4021 4025 
f 4021 4019 4024 
f 4025 4024 3837 
f 4024 4025 4021 
f 3837 4024 4027 
f 4024 4019 4026 
f 4027 4026 3108 
f 4026 4027 4024 
f 2961 4028 4023 
f 4028 3108 4026 
f 4023 4026 4019 
f 4026 4023 4028 
f 3030 4029 3033 
f 4029 3673 4016 
f 3033 4016 3029 
f 4016 3033 4029 
f 3030 3945 4029 
f 3945 3666 3675 
f 4029 3675 3673 
f 3675 4029 3945 
f 3837 3838 4025 
f 3838 3492 3494 
f 4025 3494 3491 
f 3494 4025 3838 
f 3837 4027 3840 
f 4027 3108 3109 
f 3840 3109 3047 
f 3109 3840 4027 
f 3018 3918 3021 
f 3918 3096 3100 
f 3021 3100 2877 
f 3100 3021 3918 
f 2921 2959 2928 
f 2959 2956 3907 
f 2928 3907 2925 
f 3907 2928 2959 
f 3358 3797 3360 
f 3797 3795 3955 
f 3360 3955 3319 
f 3955 3360 3797 
f 3831 4030 3836 
f 4030 3011 3924 
f 3836 3924 3655 
f 3924 3836 4030 
f 2773 3014 4031 
f 3014 3011 4030 
f 4031 4030 3831 
f 4030 4031 3014 
f 3831 3833 4032 
f 3833 3050 3053 
f 4032 3053 2777 
f 3053 4032 3833 
f 2773 4031 2780 
f 4031 3831 4032 
f 2780 4032 2777 
f 4032 2780 4031 
f 3895 3944 4033 
f 3944 3127 3128 
f 4033 3128 3126 
f 3128 4033 3944 
f 3126 4034 4033 
f 4034 3037 3897 
f 4033 3897 3895 
f 3897 4033 4034 
f 3074 3906 3077 
f 3906 3763 3920 
f 3077 3920 3015 
f 3920 3077 3906 
f 3126 3131 4034 
f 3131 2725 3041 
f 4034 3041 3037 
f 3041 4034 3131 
f 2765 3080 3010 
f 3080 3078 3921 
f 3010 3921 3008 
f 3921 3010 3080 
f 3083 3893 3086 
f 3893 3036 3042 
f 3086 3042 2717 
f 3042 3086 3893 
f 2973 3904 2976 
f 3904 3074 3075 
f 2976 3075 2861 
f 3075 2976 3904 
f 2961 2966 4028 
f 2966 2793 3111 
f 4028 3111 3108 
f 3111 4028 2966 
