===========================================================================
         ________    _________   _______       __     _________            
        |        |\ |        |\ |       \\    |  |\  /         \\          
        |    ____|| |    ____|| |    __  ||   |__|| |    ___    ||         
        |   |\___\| |   |\___\| |   |\_| ||    \_\| |   //  \   ||         
        |   ||__    |   ||__    |   ||_| ||   |  |\ |  ||    |  ||         
        |       |\  |       |\  |         \\  |  || |  ||    |  ||         
        |    ___||  |    ___||  |    ___   || |  || |  ||    |  ||         
        |   |\__\|  |   |\__\|  |   |\__|  || |  || |  ||    |  ||         
        |   ||      |   ||___   |   ||__|  || |  || |   \\__/   ||         
        |   ||      |        |\ |          || |  || |           ||         
        |___||      |________|| |_________//  |__||  \_________//          
                                                                           
      F I N I T E   E L E M E N T S   F O R   B I O M E C H A N I C S      
                                                                           
  version 4.10.0
  FEBio is a registered trademark.                                         
  copyright (c) 2006-2025 - All rights reserved                            
                                                                           
===========================================================================


 *************************************************************************
 *                               WARNING                                 *
 * dtmax is ignored when specifying must points.                         *
 *************************************************************************




 FILES USED
===========================================================================
	Input file : /Users/ryanengels/Documents/limebv-ews_fem_pipeline-e5fe835fd1bf/full_density_and_coefs/homogeneous_density_and_coef.feb
	Plot file  : /Users/ryanengels/Documents/limebv-ews_fem_pipeline-e5fe835fd1bf/full_density_and_coefs/output/homogeneous_density_and_coef.vtk
	Log file   : /Users/ryanengels/Documents/limebv-ews_fem_pipeline-e5fe835fd1bf/full_density_and_coefs/homogeneous_density_and_coef.log


 MESH INFO
===========================================================================
	Number of materials ............................ : 3
	Number of domains .............................. : 3
	Number of nodes ................................ : 35173
	Number of solid elements ....................... : 23380
	Number of shell elements ....................... : 2740


 MODULE
===========================================================================
	Module type ....................................... : solid


 STEP DATA
===========================================================================
step   1 - (noname) (type: solid)
	analysis .......................................... : STATIC (0)
	time_steps ........................................ : 10
	step_size ......................................... : 0.1
	plot_zero_state ................................... : no (0)
	plot_range ........................................ : 0,-1
	plot_level ........................................ : PLOT_NEVER (0)
	output_level ...................................... : OUTPUT_NEVER (0)
	plot_stride ....................................... : 1
	output_stride ..................................... : 1
	adaptor_re_solve .................................. : yes (1)
	time_stepper: (type: default)
	  max_retries ..................................... : 40
	  opt_iter ........................................ : 11
	  dtmin ........................................... : 0
	  dtmax ........................................... : 0.1
	  aggressiveness .................................. : 0
	  cutback ......................................... : 0.5
	  dtforce ......................................... : no (0)
	solver: (type: solid)
	  symmetric_stiffness ............................. : symmetric (1)
	  equation_scheme ................................. : staggered (0)
	  equation_order .................................. : default (0)
	  optimize_bw ..................................... : no (0)
	  lstol ........................................... : 0.9
	  lsmin ........................................... : 0.01
	  lsiter .......................................... : 5
	  ls_check_jacobians .............................. : no (0)
	  max_refs ........................................ : 15
	  check_zero_diagonal ............................. : no (0)
	  zero_diagonal_tol ............................... : 0
	  force_partition ................................. : 0
	  reform_each_time_step ........................... : yes (1)
	  reform_augment .................................. : no (0)
	  diverge_reform .................................. : yes (1)
	  min_residual .................................... : 1e-20
	  max_residual .................................... : 0
	  dtol ............................................ : 0.001
	  etol ............................................ : 0.01
	  rtol ............................................ : 0
	  rhoi ............................................ : -2
	  alpha ........................................... : 1
	  beta ............................................ : 0.25
	  gamma ........................................... : 0.25
	  logSolve ........................................ : no (0)
	  arc_length ...................................... : 0
	  arc_length_scale ................................ : 0
	qn_method: (type: BFGS)
	    max_ups ....................................... : 10
	    max_buffer_size ............................... : 0
	    cycle_buffer .................................. : yes (1)
	    cmax .......................................... : 100000
---------------------------------------------------------------------------
step   2 - (noname) (type: solid)
	analysis .......................................... : DYNAMIC (1)
	time_steps ........................................ : 120
	step_size ......................................... : 0.01
	plot_zero_state ................................... : no (0)
	plot_range ........................................ : 0,-1
	plot_level ........................................ : PLOT_MUST_POINTS (3)
	output_level ...................................... : OUTPUT_MUST_POINTS (3)
	plot_stride ....................................... : 1
	output_stride ..................................... : 1
	adaptor_re_solve .................................. : yes (1)
	time_stepper: (type: default)
	  max_retries ..................................... : 20
	  opt_iter ........................................ : 11
	  dtmin ........................................... : 0
	  dtmax ........................................... : 0.01
	  aggressiveness .................................. : 0
	  cutback ......................................... : 0.5
	  dtforce ......................................... : no (0)
	solver: (type: solid)
	  symmetric_stiffness ............................. : symmetric (1)
	  equation_scheme ................................. : staggered (0)
	  equation_order .................................. : default (0)
	  optimize_bw ..................................... : no (0)
	  lstol ........................................... : 0.9
	  lsmin ........................................... : 0.01
	  lsiter .......................................... : 5
	  ls_check_jacobians .............................. : no (0)
	  max_refs ........................................ : 15
	  check_zero_diagonal ............................. : no (0)
	  zero_diagonal_tol ............................... : 0
	  force_partition ................................. : 0
	  reform_each_time_step ........................... : yes (1)
	  reform_augment .................................. : no (0)
	  diverge_reform .................................. : yes (1)
	  min_residual .................................... : 1e-20
	  max_residual .................................... : 0
	  dtol ............................................ : 0.001
	  etol ............................................ : 0.01
	  rtol ............................................ : 0
	  rhoi ............................................ : -2
	  alpha ........................................... : 1
	  beta ............................................ : 1
	  gamma ........................................... : 1.5
	  logSolve ........................................ : no (0)
	  arc_length ...................................... : 0
	  arc_length_scale ................................ : 0
	qn_method: (type: BFGS)
	    max_ups ....................................... : 10
	    max_buffer_size ............................... : 0
	    cycle_buffer .................................. : yes (1)
	    cmax .......................................... : 100000




 MATERIAL DATA
===========================================================================
  1 - skin (type: Mooney-Rivlin)
	density ........................................... : (not constant)
	k ................................................. : 480000
	pressure_model .................................... : default (0)
	c1 ................................................ : (not constant)
	c2 ................................................ : (not constant)
---------------------------------------------------------------------------
  2 - adipose (type: Mooney-Rivlin)
	density ........................................... : (not constant)
	k ................................................. : 425000
	pressure_model .................................... : default (0)
	c1 ................................................ : (not constant)
	c2 ................................................ : (not constant)
---------------------------------------------------------------------------
  3 - glandular (type: Mooney-Rivlin)
	density ........................................... : (not constant)
	k ................................................. : 425000
	pressure_model .................................... : default (0)
	c1 ................................................ : (not constant)
	c2 ................................................ : (not constant)


 BOUNDARY CONDITION DATA
===========================================================================
  1 -  Type: zero displacement
	x_dof ............................................. : yes (1)
	y_dof ............................................. : yes (1)
	z_dof ............................................. : yes (1)
---------------------------------------------------------------------------
  2 -  Type: prescribed displacement
	dof ............................................... : 2
	value ............................................. : 1
	relative .......................................... : no (0)
---------------------------------------------------------------------------
  3 -  Type: zero displacement
	x_dof ............................................. : yes (1)
	y_dof ............................................. : yes (1)
	z_dof ............................................. : no (0)


 MODEL LOAD DATA
===========================================================================
  1 -  Type: body force
	force ............................................. : 0, 0, 9.81
---------------------------------------------------------------------------
  2 -  Type: mass damping
	C ................................................. : 20


 LOAD CONTROLLER DATA
===========================================================================
load controller   1 - LC1 (type: loadcurve)
	interpolate ....................................... : LINEAR (0)
	extend ............................................ : CONSTANT (0)
	points ............................................ : (can't display value)
---------------------------------------------------------------------------
load controller   2 - LC2 (type: loadcurve)
	interpolate ....................................... : LINEAR (0)
	extend ............................................ : CONSTANT (0)
	points ............................................ : (can't display value)
---------------------------------------------------------------------------
load controller   3 - LC3 (type: loadcurve)
	interpolate ....................................... : LINEAR (0)
	extend ............................................ : CONSTANT (0)
	points ............................................ : (can't display value)


 OUTPUT DATA
===========================================================================
 LINEAR SOLVER DATA
===========================================================================
	Default linear solver ............................. : pardiso


 *************************************************************************
 * Selecting linear solver pardiso                                       *
 *************************************************************************

===== beginning time step 1 : 0.1 =====


Reforming stiffness matrix: reformation #1

===== reforming stiffness matrix:
	Nr of equations ........................... : 113580
	Nr of nonzeroes in stiffness matrix ....... : 4723659
 1
 Nonlinear solution status: time= 0.1
	stiffness updates             = 0
	right hand side evaluations   = 2
	stiffness matrix reformations = 1
	step from line search         = 1.000000
	convergence norms :     INITIAL         CURRENT         REQUIRED
	   residual            3.149073e-05    1.013540e+00    0.000000e+00 
	   energy              1.381932e-03    4.049891e-04    1.381932e-05 
	   displacement        2.140304e-01    2.140304e-01    2.140304e-07 
 2
 Nonlinear solution status: time= 0.1
	stiffness updates             = 1
	right hand side evaluations   = 4
	stiffness matrix reformations = 1
	step from line search         = 0.472607
	convergence norms :     INITIAL         CURRENT         REQUIRED
	   residual            3.149073e-05    5.375305e-01    0.000000e+00 
	   energy              1.381932e-03    1.701635e-04    1.381932e-05 
	   displacement        2.140304e-01    5.144614e-04    2.266276e-07 
 3
 Nonlinear solution status: time= 0.1
	stiffness updates             = 2
	right hand side evaluations   = 6
	stiffness matrix reformations = 1
	step from line search         = 0.587138
	convergence norms :     INITIAL         CURRENT         REQUIRED
	   residual            3.149073e-05    4.061042e-01    0.000000e+00 
	   energy              1.381932e-03    5.605007e-05    1.381932e-05 
	   displacement        2.140304e-01    2.214436e-03    1.853702e-07 
 4
 Nonlinear solution status: time= 0.1
	stiffness updates             = 3
	right hand side evaluations   = 8
	stiffness matrix reformations = 1
	step from line search         = 0.586645
	convergence norms :     INITIAL         CURRENT         REQUIRED
	   residual            3.149073e-05    1.394189e-01    0.000000e+00 
	   energy              1.381932e-03    1.844911e-05    1.381932e-05 
	   displacement        2.140304e-01    4.860801e-04    1.690584e-07 
 5
 Nonlinear solution status: time= 0.1
	stiffness updates             = 4
	right hand side evaluations   = 10
	stiffness matrix reformations = 1
	step from line search         = 0.475515
	convergence norms :     INITIAL         CURRENT         REQUIRED
	   residual            3.149073e-05    1.111701e-01    0.000000e+00 
	   energy              1.381932e-03    1.138166e-05    1.381932e-05 
	   displacement        2.140304e-01    2.444234e-04    1.783147e-07 
 6
 Nonlinear solution status: time= 0.1
	stiffness updates             = 5
	right hand side evaluations   = 12
	stiffness matrix reformations = 1
	step from line search         = 0.531229
	convergence norms :     INITIAL         CURRENT         REQUIRED
	   residual            3.149073e-05    6.673812e-02    0.000000e+00 
	   energy              1.381932e-03    4.636586e-06    1.381932e-05 
	   displacement        2.140304e-01    4.428250e-04    1.954066e-07 
 7
 Nonlinear solution status: time= 0.1
	stiffness updates             = 6
	right hand side evaluations   = 14
	stiffness matrix reformations = 1
	step from line search         = 0.543765
	convergence norms :     INITIAL         CURRENT         REQUIRED
	   residual            3.149073e-05    2.785590e-02    0.000000e+00 
	   energy              1.381932e-03    3.233171e-06    1.381932e-05 
	   displacement        2.140304e-01    2.233321e-04    2.085625e-07 
 8
 Nonlinear solution status: time= 0.1
	stiffness updates             = 7
	right hand side evaluations   = 16
	stiffness matrix reformations = 1
	step from line search         = 0.520540
	convergence norms :     INITIAL         CURRENT         REQUIRED
	   residual            3.149073e-05    2.240080e-02    0.000000e+00 
	   energy              1.381932e-03    2.669752e-06    1.381932e-05 
	   displacement        2.140304e-01    5.499586e-05    2.138171e-07 
 9
 Nonlinear solution status: time= 0.1
	stiffness updates             = 8
	right hand side evaluations   = 18
	stiffness matrix reformations = 1
	step from line search         = 0.514311
	convergence norms :     INITIAL         CURRENT         REQUIRED
	   residual            3.149073e-05    1.506543e-02    0.000000e+00 
	   energy              1.381932e-03    1.526603e-06    1.381932e-05 
	   displacement        2.140304e-01    7.659479e-06    2.125870e-07 
 10
 Nonlinear solution status: time= 0.1
	stiffness updates             = 9
	right hand side evaluations   = 20
	stiffness matrix reformations = 1
	step from line search         = 0.566673
	convergence norms :     INITIAL         CURRENT         REQUIRED
	   residual            3.149073e-05    1.358684e-02    0.000000e+00 
	   energy              1.381932e-03    8.516245e-07    1.381932e-05 
	   displacement        2.140304e-01    1.580666e-05    2.100511e-07 

 *************************************************************************
 *                               WARNING                                 *
 * Max nr of iterations reached.                                         *
 * Stiffness matrix will now be reformed.                                *
 *************************************************************************
Reforming stiffness matrix: reformation #2

 11
 Nonlinear solution status: time= 0.1
	stiffness updates             = 0
	right hand side evaluations   = 21
	stiffness matrix reformations = 2
	step from line search         = 1.000000
	convergence norms :     INITIAL         CURRENT         REQUIRED
	   residual            3.149073e-05    5.535512e-04    0.000000e+00 
	   energy              1.381932e-03    3.828240e-07    1.381932e-05 
	   displacement        2.140304e-01    3.036559e-05    2.143790e-07 
 12
 Nonlinear solution status: time= 0.1
	stiffness updates             = 1
	right hand side evaluations   = 23
	stiffness matrix reformations = 2
	step from line search         = 0.572129
	convergence norms :     INITIAL         CURRENT         REQUIRED
	   residual            3.149073e-05    1.329356e-04    0.000000e+00 
	   energy              1.381932e-03    1.050821e-07    1.381932e-05 
	   displacement        2.140304e-01    9.729411e-08    2.144285e-07 

convergence summary
    number of iterations   : 12
    number of reformations : 2

------- converged at time : 0.1


AUTO STEPPER: decreasing time step, dt = 0.0957427


===== beginning time step 2 : 0.195743 =====


Reforming stiffness matrix: reformation #1

 1
 Nonlinear solution status: time= 0.195743
	stiffness updates             = 0
	right hand side evaluations   = 2
	stiffness matrix reformations = 1
	step from line search         = 1.000000
	convergence norms :     INITIAL         CURRENT         REQUIRED
	   residual            1.622123e-04    8.752956e-01    0.000000e+00 
	   energy              1.268203e-03    3.475169e-04    1.268203e-05 
	   displacement        1.966800e-01    1.966800e-01    1.966800e-07 
 2
 Nonlinear solution status: time= 0.195743
	stiffness updates             = 1
	right hand side evaluations   = 4
	stiffness matrix reformations = 1
	step from line search         = 0.397217
	convergence norms :     INITIAL         CURRENT         REQUIRED
	   residual            1.622123e-04    3.934263e-01    0.000000e+00 
	   energy              1.268203e-03    8.825699e-05    1.268203e-05 
	   displacement        1.966800e-01    3.556134e-04    2.074502e-07 
 3
 Nonlinear solution status: time= 0.195743
	stiffness updates             = 2
	right hand side evaluations   = 6
	stiffness matrix reformations = 1
	step from line search         = 0.292258
	convergence norms :     INITIAL         CURRENT         REQUIRED
	   residual            1.622123e-04    1.094149e-01    0.000000e+00 
	   energy              1.268203e-03    7.852259e-07    1.268203e-05 
	   displacement        1.966800e-01    3.540779e-04    1.915317e-07 
 4
 Nonlinear solution status: time= 0.195743
	stiffness updates             = 3
	right hand side evaluations   = 8
	stiffness matrix reformations = 1
	step from line search         = 0.609664
	convergence norms :     INITIAL         CURRENT         REQUIRED
	   residual            1.622123e-04    1.077454e-01    0.000000e+00 
	   energy              1.268203e-03    1.950370e-05    1.268203e-05 
	   displacement        1.966800e-01    9.217047e-04    1.664355e-07 
 5
 Nonlinear solution status: time= 0.195743
	stiffness updates             = 4
	right hand side evaluations   = 10
	stiffness matrix reformations = 1
	step from line search         = 0.279418
	convergence norms :     INITIAL         CURRENT         REQUIRED
	   residual            1.622123e-04    1.136925e-01    0.000000e+00 
	   energy              1.268203e-03    8.140000e-06    1.268203e-05 
	   displacement        1.966800e-01    5.248781e-05    1.616423e-07 
 6
 Nonlinear solution status: time= 0.195743
	stiffness updates             = 5
	right hand side evaluations   = 12
	stiffness matrix reformations = 1
	step from line search         = 0.404442
	convergence norms :     INITIAL         CURRENT         REQUIRED
	   residual            1.622123e-04    9.423870e-02    0.000000e+00 
	   energy              1.268203e-03    7.516105e-06    1.268203e-05 
	   displacement        1.966800e-01    1.200870e-04    1.681944e-07 
 7

 *************************************************************************
 *                                ERROR                                  *
 * Negative jacobian detected.                                           *
 *************************************************************************


------- failed to converge at time : 0.195743

Retrying time step. Retry attempt 1 of max 40


AUTO STEPPER: retry step, dt = 0.0934075


===== beginning time step 2 : 0.193408 =====


Reforming stiffness matrix: reformation #1

 1
 Nonlinear solution status: time= 0.193408
	stiffness updates             = 0
	right hand side evaluations   = 2
	stiffness matrix reformations = 1
	step from line search         = 1.000000
	convergence norms :     INITIAL         CURRENT         REQUIRED
	   residual            1.608114e-04    7.949824e-01    0.000000e+00 
	   energy              1.207088e-03    3.149500e-04    1.207088e-05 
	   displacement        1.871997e-01    1.871997e-01    1.871997e-07 
 2
 Nonlinear solution status: time= 0.193408
	stiffness updates             = 1
	right hand side evaluations   = 4
	stiffness matrix reformations = 1
	step from line search         = 0.401115
	convergence norms :     INITIAL         CURRENT         REQUIRED
	   residual            1.608114e-04    3.447375e-01    0.000000e+00 
	   energy              1.207088e-03    7.644868e-05    1.207088e-05 
	   displacement        1.871997e-01    2.975797e-04    1.962417e-07 
 3
 Nonlinear solution status: time= 0.193408
	stiffness updates             = 2
	right hand side evaluations   = 6
	stiffness matrix reformations = 1
	step from line search         = 0.304345
	convergence norms :     INITIAL         CURRENT         REQUIRED
	   residual            1.608114e-04    9.217518e-02    0.000000e+00 
	   energy              1.207088e-03    5.554213e-07    1.207088e-05 
	   displacement        1.871997e-01    3.221972e-04    1.814436e-07 
 4
 Nonlinear solution status: time= 0.193408
	stiffness updates             = 3
	right hand side evaluations   = 8
	stiffness matrix reformations = 1
	step from line search         = 0.611392
	convergence norms :     INITIAL         CURRENT         REQUIRED
	   residual            1.608114e-04    9.355472e-02    0.000000e+00 
	   energy              1.207088e-03    1.615043e-05    1.207088e-05 
	   displacement        1.871997e-01    7.048466e-04    1.600811e-07 
 5
 Nonlinear solution status: time= 0.193408
	stiffness updates             = 4
	right hand side evaluations   = 10
	stiffness matrix reformations = 1
	step from line search         = 0.280304
	convergence norms :     INITIAL         CURRENT         REQUIRED
	   residual            1.608114e-04    1.043596e-01    0.000000e+00 
	   energy              1.207088e-03    8.679542e-06    1.207088e-05 
	   displacement        1.871997e-01    5.173526e-05    1.554062e-07 
 6
 Nonlinear solution status: time= 0.193408
	stiffness updates             = 5
	right hand side evaluations   = 12
	stiffness matrix reformations = 1
	step from line search         = 0.484043
	convergence norms :     INITIAL         CURRENT         REQUIRED
	   residual            1.608114e-04    7.198391e-02    0.000000e+00 
	   energy              1.207088e-03    3.802438e-06    1.207088e-05 
	   displacement        1.871997e-01    1.441179e-04    1.628289e-07 
 7
 Nonlinear solution status: time= 0.193408
	stiffness updates             = 6
	right hand side evaluations   = 14
	stiffness matrix reformations = 1
	step from line search         = 0.279913
	convergence norms :     INITIAL         CURRENT         REQUIRED
	   residual            1.608114e-04    5.952141e-02    0.000000e+00 
	   energy              1.207088e-03    1.203891e-06    1.207088e-05 
	   displacement        1.871997e-01    1.715680e-04    1.728815e-07 
 8
 Nonlinear solution status: time= 0.193408
	stiffness updates             = 7
	right hand side evaluations   = 16
	stiffness matrix reformations = 1
	step from line search         = 0.564121
	convergence norms :     INITIAL         CURRENT         REQUIRED
	   residual            1.608114e-04    2.029728e-02    0.000000e+00 
	   energy              1.207088e-03    2.310284e-06    1.207088e-05 
	   displacement        1.871997e-01    1.794381e-04    1.839839e-07 
 9
 Nonlinear solution status: time= 0.193408
	stiffness updates             = 8
	right hand side evaluations   = 18
	stiffness matrix reformations = 1
	step from line search         = 0.543657
	convergence norms :     INITIAL         CURRENT         REQUIRED
	   residual            1.608114e-04    1.626356e-02    0.000000e+00 
	   energy              1.207088e-03    1.396495e-06    1.207088e-05 
	   displacement        1.871997e-01    2.768963e-05    1.877308e-07 
 10
 Nonlinear solution status: time= 0.193408
	stiffness updates             = 9
	right hand side evaluations   = 20
	stiffness matrix reformations = 1
	step from line search         = 0.528574
	convergence norms :     INITIAL         CURRENT         REQUIRED
	   residual            1.608114e-04    7.780003e-03    0.000000e+00 
	   energy              1.207088e-03    1.071819e-06    1.207088e-05 
	   displacement        1.871997e-01    7.391594e-06    1.872610e-07 

 *************************************************************************
 *                               WARNING                                 *
 * Max nr of iterations reached.                                         *
 * Stiffness matrix will now be reformed.                                *
 *************************************************************************
Reforming stiffness matrix: reformation #2

 11
 Nonlinear solution status: time= 0.193408
	stiffness updates             = 0
	right hand side evaluations   = 24
	stiffness matrix reformations = 2
	step from line search         = 0.052628
	convergence norms :     INITIAL         CURRENT         REQUIRED
	   residual            1.608114e-04    6.208263e-03    0.000000e+00 
	   energy              1.207088e-03    1.553698e-07    1.207088e-05 
	   displacement        1.871997e-01    1.042414e-07    1.873607e-07 

convergence summary
    number of iterations   : 11
    number of reformations : 2

------- converged at time : 0.193408


===== beginning time step 3 : 0.286815 =====


Reforming stiffness matrix: reformation #1

 1
 Nonlinear solution status: time= 0.286815
	stiffness updates             = 0
	right hand side evaluations   = 2
	stiffness matrix reformations = 1
	step from line search         = 1.000000
	convergence norms :     INITIAL         CURRENT         REQUIRED
	   residual            6.238702e-03    1.332972e+00    0.000000e+00 
	   energy              1.219450e-03    5.589776e-04    1.219450e-05 
	   displacement        1.914846e-01    1.914846e-01    1.914846e-07 
 2

 *************************************************************************
 *                                ERROR                                  *
 * 3 negative jacobians detected.                                        *
 *************************************************************************


------- failed to converge at time : 0.286815

Retrying time step. Retry attempt 1 of max 40


AUTO STEPPER: retry step, dt = 0.0911293


===== beginning time step 3 : 0.284537 =====


Reforming stiffness matrix: reformation #1

 1
 Nonlinear solution status: time= 0.284537
	stiffness updates             = 0
	right hand side evaluations   = 2
	stiffness matrix reformations = 1
	step from line search         = 1.000000
	convergence norms :     INITIAL         CURRENT         REQUIRED
	   residual            6.237306e-03    1.233581e+00    0.000000e+00 
	   energy              1.160858e-03    5.140127e-04    1.160858e-05 
	   displacement        1.822798e-01    1.822798e-01    1.822798e-07 
 2

 *************************************************************************
 *                                ERROR                                  *
 * 3 negative jacobians detected.                                        *
 *************************************************************************


------- failed to converge at time : 0.284537

Retrying time step. Retry attempt 2 of max 40


AUTO STEPPER: retry step, dt = 0.0888511


===== beginning time step 3 : 0.282259 =====


Reforming stiffness matrix: reformation #1

 1
 Nonlinear solution status: time= 0.282259
	stiffness updates             = 0
	right hand side evaluations   = 2
	stiffness matrix reformations = 1
	step from line search         = 1.000000
	convergence norms :     INITIAL         CURRENT         REQUIRED
	   residual            6.235942e-03    1.140079e+00    0.000000e+00 
	   energy              1.103712e-03    4.718987e-04    1.103712e-05 
	   displacement        1.733017e-01    1.733017e-01    1.733017e-07 
 2

 *************************************************************************
 *                                ERROR                                  *
 * 3 negative jacobians detected.                                        *
 *************************************************************************


------- failed to converge at time : 0.282259

Retrying time step. Retry attempt 3 of max 40


AUTO STEPPER: retry step, dt = 0.0865728


===== beginning time step 3 : 0.27998 =====


Reforming stiffness matrix: reformation #1

 1
 Nonlinear solution status: time= 0.27998
	stiffness updates             = 0
	right hand side evaluations   = 2
	stiffness matrix reformations = 1
	step from line search         = 1.000000
	convergence norms :     INITIAL         CURRENT         REQUIRED
	   residual            6.234611e-03    1.052224e+00    0.000000e+00 
	   energy              1.048013e-03    4.325099e-04    1.048013e-05 
	   displacement        1.645503e-01    1.645503e-01    1.645503e-07 
 2

 *************************************************************************
 *                                ERROR                                  *
 * 3 negative jacobians detected.                                        *
 *************************************************************************


------- failed to converge at time : 0.27998

Retrying time step. Retry attempt 4 of max 40


AUTO STEPPER: retry step, dt = 0.0842946


===== beginning time step 3 : 0.277702 =====


Reforming stiffness matrix: reformation #1

 1
 Nonlinear solution status: time= 0.277702
	stiffness updates             = 0
	right hand side evaluations   = 2
	stiffness matrix reformations = 1
	step from line search         = 1.000000
	convergence norms :     INITIAL         CURRENT         REQUIRED
	   residual            6.233313e-03    9.697789e-01    0.000000e+00 
	   energy              9.937594e-04    3.957234e-04    9.937594e-06 
	   displacement        1.560257e-01    1.560257e-01    1.560257e-07 
 2

 *************************************************************************
 *                                ERROR                                  *
 * 3 negative jacobians detected.                                        *
 *************************************************************************


------- failed to converge at time : 0.277702

Retrying time step. Retry attempt 5 of max 40


AUTO STEPPER: retry step, dt = 0.0820164


===== beginning time step 3 : 0.275424 =====


Reforming stiffness matrix: reformation #1

 1
 Nonlinear solution status: time= 0.275424
	stiffness updates             = 0
	right hand side evaluations   = 2
	stiffness matrix reformations = 1
	step from line search         = 1.000000
	convergence norms :     INITIAL         CURRENT         REQUIRED
	   residual            6.232048e-03    8.925119e-01    0.000000e+00 
	   energy              9.409524e-04    3.614194e-04    9.409524e-06 
	   displacement        1.477279e-01    1.477279e-01    1.477279e-07 
 2

 *************************************************************************
 *                                ERROR                                  *
 * 3 negative jacobians detected.                                        *
 *************************************************************************


------- failed to converge at time : 0.275424

Retrying time step. Retry attempt 6 of max 40


AUTO STEPPER: retry step, dt = 0.0797381


===== beginning time step 3 : 0.273146 =====


Reforming stiffness matrix: reformation #1

 1
 Nonlinear solution status: time= 0.273146
	stiffness updates             = 0
	right hand side evaluations   = 2
	stiffness matrix reformations = 1
	step from line search         = 1.000000
	convergence norms :     INITIAL         CURRENT         REQUIRED
	   residual            6.230815e-03    8.201951e-01    0.000000e+00 
	   energy              8.895917e-04    3.294808e-04    8.895917e-06 
	   displacement        1.396567e-01    1.396567e-01    1.396567e-07 
 2

 *************************************************************************
 *                                ERROR                                  *
 * 3 negative jacobians detected.                                        *
 *************************************************************************


------- failed to converge at time : 0.273146

Retrying time step. Retry attempt 7 of max 40


AUTO STEPPER: retry step, dt = 0.0774599


===== beginning time step 3 : 0.270867 =====


Reforming stiffness matrix: reformation #1

 1
 Nonlinear solution status: time= 0.270867
	stiffness updates             = 0
	right hand side evaluations   = 2
	stiffness matrix reformations = 1
	step from line search         = 1.000000
	convergence norms :     INITIAL         CURRENT         REQUIRED
	   residual            6.229615e-03    7.526060e-01    0.000000e+00 
	   energy              8.396773e-04    2.997933e-04    8.396773e-06 
	   displacement        1.318123e-01    1.318123e-01    1.318123e-07 
 2

 *************************************************************************
 *                                ERROR                                  *
 * 3 negative jacobians detected.                                        *
 *************************************************************************


------- failed to converge at time : 0.270867

Retrying time step. Retry attempt 8 of max 40


AUTO STEPPER: retry step, dt = 0.0751817


===== beginning time step 3 : 0.268589 =====


Reforming stiffness matrix: reformation #1

 1
 Nonlinear solution status: time= 0.268589
	stiffness updates             = 0
	right hand side evaluations   = 2
	stiffness matrix reformations = 1
	step from line search         = 1.000000
	convergence norms :     INITIAL         CURRENT         REQUIRED
	   residual            6.228447e-03    6.895267e-01    0.000000e+00 
	   energy              7.912091e-04    2.722456e-04    7.912091e-06 
	   displacement        1.241947e-01    1.241947e-01    1.241947e-07 
 2

 *************************************************************************
 *                                ERROR                                  *
 * 3 negative jacobians detected.                                        *
 *************************************************************************


------- failed to converge at time : 0.268589

Retrying time step. Retry attempt 9 of max 40


AUTO STEPPER: retry step, dt = 0.0729034


===== beginning time step 3 : 0.266311 =====


Reforming stiffness matrix: reformation #1

 1
 Nonlinear solution status: time= 0.266311
	stiffness updates             = 0
	right hand side evaluations   = 2
	stiffness matrix reformations = 1
	step from line search         = 1.000000
	convergence norms :     INITIAL         CURRENT         REQUIRED
	   residual            6.227313e-03    6.307444e-01    0.000000e+00 
	   energy              7.441873e-04    2.467293e-04    7.441873e-06 
	   displacement        1.168038e-01    1.168038e-01    1.168038e-07 
 2

 *************************************************************************
 *                                ERROR                                  *
 * 3 negative jacobians detected.                                        *
 *************************************************************************


------- failed to converge at time : 0.266311

Retrying time step. Retry attempt 10 of max 40


AUTO STEPPER: retry step, dt = 0.0706252


===== beginning time step 3 : 0.264033 =====


Reforming stiffness matrix: reformation #1

 1
 Nonlinear solution status: time= 0.264033
	stiffness updates             = 0
	right hand side evaluations   = 2
	stiffness matrix reformations = 1
	step from line search         = 1.000000
	convergence norms :     INITIAL         CURRENT         REQUIRED
	   residual            6.226211e-03    5.760512e-01    0.000000e+00 
	   energy              6.986116e-04    2.231386e-04    6.986116e-06 
	   displacement        1.096396e-01    1.096396e-01    1.096396e-07 
 2

 *************************************************************************
 *                                ERROR                                  *
 * 3 negative jacobians detected.                                        *
 *************************************************************************


------- failed to converge at time : 0.264033

Retrying time step. Retry attempt 11 of max 40


AUTO STEPPER: retry step, dt = 0.068347


===== beginning time step 3 : 0.261754 =====


Reforming stiffness matrix: reformation #1

 1
 Nonlinear solution status: time= 0.261754
	stiffness updates             = 0
	right hand side evaluations   = 2
	stiffness matrix reformations = 1
	step from line search         = 1.000000
	convergence norms :     INITIAL         CURRENT         REQUIRED
	   residual            6.225141e-03    5.252441e-01    0.000000e+00 
	   energy              6.544823e-04    2.013709e-04    6.544823e-06 
	   displacement        1.027022e-01    1.027022e-01    1.027022e-07 
 2

 *************************************************************************
 *                                ERROR                                  *
 * 3 negative jacobians detected.                                        *
 *************************************************************************


------- failed to converge at time : 0.261754

Retrying time step. Retry attempt 12 of max 40


AUTO STEPPER: retry step, dt = 0.0660687


===== beginning time step 3 : 0.259476 =====


Reforming stiffness matrix: reformation #1

 1
 Nonlinear solution status: time= 0.259476
	stiffness updates             = 0
	right hand side evaluations   = 2
	stiffness matrix reformations = 1
	step from line search         = 1.000000
	convergence norms :     INITIAL         CURRENT         REQUIRED
	   residual            6.224105e-03    4.781251e-01    0.000000e+00 
	   energy              6.117992e-04    1.813262e-04    6.117992e-06 
	   displacement        9.599150e-02    9.599150e-02    9.599150e-08 
 2

 *************************************************************************
 *                                ERROR                                  *
 * 3 negative jacobians detected.                                        *
 *************************************************************************


------- failed to converge at time : 0.259476

Retrying time step. Retry attempt 13 of max 40


AUTO STEPPER: retry step, dt = 0.0637905


===== beginning time step 3 : 0.257198 =====


Reforming stiffness matrix: reformation #1

 1
 Nonlinear solution status: time= 0.257198
	stiffness updates             = 0
	right hand side evaluations   = 2
	stiffness matrix reformations = 1
	step from line search         = 1.000000
	convergence norms :     INITIAL         CURRENT         REQUIRED
	   residual            6.223101e-03    4.345014e-01    0.000000e+00 
	   energy              5.705624e-04    1.629076e-04    5.705624e-06 
	   displacement        8.950756e-02    8.950756e-02    8.950756e-08 
 2

 *************************************************************************
 *                                ERROR                                  *
 * 3 negative jacobians detected.                                        *
 *************************************************************************


------- failed to converge at time : 0.257198

Retrying time step. Retry attempt 14 of max 40


AUTO STEPPER: retry step, dt = 0.0615123


===== beginning time step 3 : 0.25492 =====


Reforming stiffness matrix: reformation #1

 1
 Nonlinear solution status: time= 0.25492
	stiffness updates             = 0
	right hand side evaluations   = 2
	stiffness matrix reformations = 1
	step from line search         = 1.000000
	convergence norms :     INITIAL         CURRENT         REQUIRED
	   residual            6.222130e-03    3.941851e-01    0.000000e+00 
	   energy              5.307719e-04    1.460209e-04    5.307719e-06 
	   displacement        8.325035e-02    8.325035e-02    8.325035e-08 
 2

 *************************************************************************
 *                                ERROR                                  *
 * 3 negative jacobians detected.                                        *
 *************************************************************************


------- failed to converge at time : 0.25492

Retrying time step. Retry attempt 15 of max 40


AUTO STEPPER: retry step, dt = 0.059234


===== beginning time step 3 : 0.252642 =====


Reforming stiffness matrix: reformation #1

 1
 Nonlinear solution status: time= 0.252642
	stiffness updates             = 0
	right hand side evaluations   = 2
	stiffness matrix reformations = 1
	step from line search         = 1.000000
	convergence norms :     INITIAL         CURRENT         REQUIRED
	   residual            6.221191e-03    3.569935e-01    0.000000e+00 
	   energy              4.924277e-04    1.305749e-04    4.924277e-06 
	   displacement        7.721988e-02    7.721988e-02    7.721988e-08 
 2

 *************************************************************************
 *                                ERROR                                  *
 * 3 negative jacobians detected.                                        *
 *************************************************************************


------- failed to converge at time : 0.252642

Retrying time step. Retry attempt 16 of max 40


AUTO STEPPER: retry step, dt = 0.0569558


===== beginning time step 3 : 0.250363 =====


Reforming stiffness matrix: reformation #1

 1
 Nonlinear solution status: time= 0.250363
	stiffness updates             = 0
	right hand side evaluations   = 2
	stiffness matrix reformations = 1
	step from line search         = 1.000000
	convergence norms :     INITIAL         CURRENT         REQUIRED
	   residual            6.220285e-03    3.227490e-01    0.000000e+00 
	   energy              4.555297e-04    1.164810e-04    4.555297e-06 
	   displacement        7.141616e-02    7.141616e-02    7.141616e-08 
 2

 *************************************************************************
 *                                ERROR                                  *
 * 3 negative jacobians detected.                                        *
 *************************************************************************


------- failed to converge at time : 0.250363

Retrying time step. Retry attempt 17 of max 40


AUTO STEPPER: retry step, dt = 0.0546776


===== beginning time step 3 : 0.248085 =====


Reforming stiffness matrix: reformation #1

 1
 Nonlinear solution status: time= 0.248085
	stiffness updates             = 0
	right hand side evaluations   = 2
	stiffness matrix reformations = 1
	step from line search         = 1.000000
	convergence norms :     INITIAL         CURRENT         REQUIRED
	   residual            6.219412e-03    2.912793e-01    0.000000e+00 
	   energy              4.200780e-04    1.036540e-04    4.200780e-06 
	   displacement        6.583918e-02    6.583918e-02    6.583918e-08 
 2

 *************************************************************************
 *                                ERROR                                  *
 * 3 negative jacobians detected.                                        *
 *************************************************************************


------- failed to converge at time : 0.248085

Retrying time step. Retry attempt 18 of max 40


AUTO STEPPER: retry step, dt = 0.0523993


===== beginning time step 3 : 0.245807 =====


Reforming stiffness matrix: reformation #1

 1
 Nonlinear solution status: time= 0.245807
	stiffness updates             = 0
	right hand side evaluations   = 2
	stiffness matrix reformations = 1
	step from line search         = 1.000000
	convergence norms :     INITIAL         CURRENT         REQUIRED
	   residual            6.218572e-03    2.624171e-01    0.000000e+00 
	   energy              3.860726e-04    9.201099e-05    3.860726e-06 
	   displacement        6.048893e-02    6.048893e-02    6.048893e-08 
 2

 *************************************************************************
 *                                ERROR                                  *
 * 3 negative jacobians detected.                                        *
 *************************************************************************


------- failed to converge at time : 0.245807

Retrying time step. Retry attempt 19 of max 40


AUTO STEPPER: retry step, dt = 0.0501211


===== beginning time step 3 : 0.243529 =====


Reforming stiffness matrix: reformation #1

 1
 Nonlinear solution status: time= 0.243529
	stiffness updates             = 0
	right hand side evaluations   = 2
	stiffness matrix reformations = 1
	step from line search         = 1.000000
	convergence norms :     INITIAL         CURRENT         REQUIRED
	   residual            6.217764e-03    2.360007e-01    0.000000e+00 
	   energy              3.535134e-04    8.147236e-05    3.535134e-06 
	   displacement        5.536543e-02    5.536543e-02    5.536543e-08 
 2

 *************************************************************************
 *                                ERROR                                  *
 * 3 negative jacobians detected.                                        *
 *************************************************************************


------- failed to converge at time : 0.243529

Retrying time step. Retry attempt 20 of max 40


AUTO STEPPER: retry step, dt = 0.0478429


===== beginning time step 3 : 0.24125 =====


Reforming stiffness matrix: reformation #1

 1
 Nonlinear solution status: time= 0.24125
	stiffness updates             = 0
	right hand side evaluations   = 2
	stiffness matrix reformations = 1
	step from line search         = 1.000000
	convergence norms :     INITIAL         CURRENT         REQUIRED
	   residual            6.216989e-03    2.118734e-01    0.000000e+00 
	   energy              3.224006e-04    7.196121e-05    3.224006e-06 
	   displacement        5.046866e-02    5.046866e-02    5.046866e-08 
 2

 *************************************************************************
 *                                ERROR                                  *
 * 2 negative jacobians detected.                                        *
 *************************************************************************


------- failed to converge at time : 0.24125

Retrying time step. Retry attempt 21 of max 40


AUTO STEPPER: retry step, dt = 0.0455646


===== beginning time step 3 : 0.238972 =====


Reforming stiffness matrix: reformation #1

 1
 Nonlinear solution status: time= 0.238972
	stiffness updates             = 0
	right hand side evaluations   = 2
	stiffness matrix reformations = 1
	step from line search         = 1.000000
	convergence norms :     INITIAL         CURRENT         REQUIRED
	   residual            6.216246e-03    1.898840e-01    0.000000e+00 
	   energy              2.927340e-04    6.340356e-05    2.927340e-06 
	   displacement        4.579864e-02    4.579864e-02    4.579864e-08 
 2

 *************************************************************************
 *                                ERROR                                  *
 * 2 negative jacobians detected.                                        *
 *************************************************************************


------- failed to converge at time : 0.238972

Retrying time step. Retry attempt 22 of max 40


AUTO STEPPER: retry step, dt = 0.0432864


===== beginning time step 3 : 0.236694 =====


Reforming stiffness matrix: reformation #1

 1
 Nonlinear solution status: time= 0.236694
	stiffness updates             = 0
	right hand side evaluations   = 2
	stiffness matrix reformations = 1
	step from line search         = 1.000000
	convergence norms :     INITIAL         CURRENT         REQUIRED
	   residual            6.215537e-03    1.698866e-01    0.000000e+00 
	   energy              2.645137e-04    5.572829e-05    2.645137e-06 
	   displacement        4.135536e-02    4.135536e-02    4.135536e-08 
 2

 *************************************************************************
 *                                ERROR                                  *
 * 2 negative jacobians detected.                                        *
 *************************************************************************


------- failed to converge at time : 0.236694

Retrying time step. Retry attempt 23 of max 40


AUTO STEPPER: retry step, dt = 0.0410082


===== beginning time step 3 : 0.234416 =====


Reforming stiffness matrix: reformation #1

 1
 Nonlinear solution status: time= 0.234416
	stiffness updates             = 0
	right hand side evaluations   = 2
	stiffness matrix reformations = 1
	step from line search         = 1.000000
	convergence norms :     INITIAL         CURRENT         REQUIRED
	   residual            6.214860e-03    1.517409e-01    0.000000e+00 
	   energy              2.377396e-04    4.886721e-05    2.377396e-06 
	   displacement        3.713882e-02    3.713882e-02    3.713882e-08 
 2

 *************************************************************************
 *                                ERROR                                  *
 * 2 negative jacobians detected.                                        *
 *************************************************************************


------- failed to converge at time : 0.234416

Retrying time step. Retry attempt 24 of max 40


AUTO STEPPER: retry step, dt = 0.0387299


===== beginning time step 3 : 0.232137 =====


Reforming stiffness matrix: reformation #1

 1
 Nonlinear solution status: time= 0.232137
	stiffness updates             = 0
	right hand side evaluations   = 2
	stiffness matrix reformations = 1
	step from line search         = 1.000000
	convergence norms :     INITIAL         CURRENT         REQUIRED
	   residual            6.214215e-03    1.353117e-01    0.000000e+00 
	   energy              2.124118e-04    4.275498e-05    2.124118e-06 
	   displacement        3.314902e-02    3.314902e-02    3.314902e-08 
 2

 *************************************************************************
 *                                ERROR                                  *
 * 2 negative jacobians detected.                                        *
 *************************************************************************


------- failed to converge at time : 0.232137

Retrying time step. Retry attempt 25 of max 40


AUTO STEPPER: retry step, dt = 0.0364517


===== beginning time step 3 : 0.229859 =====


Reforming stiffness matrix: reformation #1

 1
 Nonlinear solution status: time= 0.229859
	stiffness updates             = 0
	right hand side evaluations   = 2
	stiffness matrix reformations = 1
	step from line search         = 1.000000
	convergence norms :     INITIAL         CURRENT         REQUIRED
	   residual            6.213604e-03    1.204696e-01    0.000000e+00 
	   energy              1.885303e-04    3.732919e-05    1.885303e-06 
	   displacement        2.938595e-02    2.938595e-02    2.938595e-08 
 2

 *************************************************************************
 *                                ERROR                                  *
 * 2 negative jacobians detected.                                        *
 *************************************************************************


------- failed to converge at time : 0.229859

Retrying time step. Retry attempt 26 of max 40


AUTO STEPPER: retry step, dt = 0.0341735


===== beginning time step 3 : 0.227581 =====


Reforming stiffness matrix: reformation #1

 1
 Nonlinear solution status: time= 0.227581
	stiffness updates             = 0
	right hand side evaluations   = 2
	stiffness matrix reformations = 1
	step from line search         = 1.000000
	convergence norms :     INITIAL         CURRENT         REQUIRED
	   residual            6.213025e-03    1.070907e-01    0.000000e+00 
	   energy              1.660951e-04    3.253030e-05    1.660951e-06 
	   displacement        2.584963e-02    2.584963e-02    2.584963e-08 
 2

 *************************************************************************
 *                                ERROR                                  *
 * Negative jacobian detected.                                           *
 *************************************************************************


------- failed to converge at time : 0.227581

Retrying time step. Retry attempt 27 of max 40


AUTO STEPPER: retry step, dt = 0.0318953


===== beginning time step 3 : 0.225303 =====


Reforming stiffness matrix: reformation #1

 1
 Nonlinear solution status: time= 0.225303
	stiffness updates             = 0
	right hand side evaluations   = 2
	stiffness matrix reformations = 1
	step from line search         = 1.000000
	convergence norms :     INITIAL         CURRENT         REQUIRED
	   residual            6.212478e-03    9.505649e-02    0.000000e+00 
	   energy              1.451061e-04    2.830166e-05    1.451061e-06 
	   displacement        2.254005e-02    2.254005e-02    2.254005e-08 
 2

 *************************************************************************
 *                                ERROR                                  *
 * Negative jacobian detected.                                           *
 *************************************************************************


------- failed to converge at time : 0.225303

Retrying time step. Retry attempt 28 of max 40


AUTO STEPPER: retry step, dt = 0.029617


===== beginning time step 3 : 0.223025 =====


Reforming stiffness matrix: reformation #1

 1
 Nonlinear solution status: time= 0.223025
	stiffness updates             = 0
	right hand side evaluations   = 2
	stiffness matrix reformations = 1
	step from line search         = 1.000000
	convergence norms :     INITIAL         CURRENT         REQUIRED
	   residual            6.211965e-03    8.425421e-02    0.000000e+00 
	   energy              1.255635e-04    2.458954e-05    1.255635e-06 
	   displacement        1.945721e-02    1.945721e-02    1.945721e-08 
 2

 *************************************************************************
 *                                ERROR                                  *
 * Negative jacobian detected.                                           *
 *************************************************************************


------- failed to converge at time : 0.223025

Retrying time step. Retry attempt 29 of max 40


AUTO STEPPER: retry step, dt = 0.0273388


===== beginning time step 3 : 0.220746 =====


Reforming stiffness matrix: reformation #1

 1
 Nonlinear solution status: time= 0.220746
	stiffness updates             = 0
	right hand side evaluations   = 2
	stiffness matrix reformations = 1
	step from line search         = 1.000000
	convergence norms :     INITIAL         CURRENT         REQUIRED
	   residual            6.211484e-03    7.457673e-02    0.000000e+00 
	   energy              1.074671e-04    2.134311e-05    1.074671e-06 
	   displacement        1.660111e-02    1.660111e-02    1.660111e-08 
 2

 *************************************************************************
 *                                ERROR                                  *
 * Negative jacobian detected.                                           *
 *************************************************************************


------- failed to converge at time : 0.220746

Retrying time step. Retry attempt 30 of max 40


AUTO STEPPER: retry step, dt = 0.0250606


===== beginning time step 3 : 0.218468 =====


Reforming stiffness matrix: reformation #1

 1
 Nonlinear solution status: time= 0.218468
	stiffness updates             = 0
	right hand side evaluations   = 2
	stiffness matrix reformations = 1
	step from line search         = 1.000000
	convergence norms :     INITIAL         CURRENT         REQUIRED
	   residual            6.211036e-03    6.592258e-02    0.000000e+00 
	   energy              9.081692e-05    1.851441e-05    9.081692e-07 
	   displacement        1.397175e-02    1.397175e-02    1.397175e-08 
 2

 *************************************************************************
 *                                ERROR                                  *
 * 3 negative jacobians detected.                                        *
 *************************************************************************


------- failed to converge at time : 0.218468

Retrying time step. Retry attempt 31 of max 40


AUTO STEPPER: retry step, dt = 0.0227823


===== beginning time step 3 : 0.21619 =====


Reforming stiffness matrix: reformation #1

 1
 Nonlinear solution status: time= 0.21619
	stiffness updates             = 0
	right hand side evaluations   = 2
	stiffness matrix reformations = 1
	step from line search         = 1.000000
	convergence norms :     INITIAL         CURRENT         REQUIRED
	   residual            6.210620e-03    5.819606e-02    0.000000e+00 
	   energy              7.561307e-05    1.605844e-05    7.561307e-07 
	   displacement        1.156913e-02    1.156913e-02    1.156913e-08 
 2

 *************************************************************************
 *                                ERROR                                  *
 * 3 negative jacobians detected.                                        *
 *************************************************************************


------- failed to converge at time : 0.21619

Retrying time step. Retry attempt 32 of max 40


AUTO STEPPER: retry step, dt = 0.0205041


===== beginning time step 3 : 0.213912 =====


Reforming stiffness matrix: reformation #1

 1
 Nonlinear solution status: time= 0.213912
	stiffness updates             = 0
	right hand side evaluations   = 2
	stiffness matrix reformations = 1
	step from line search         = 1.000000
	convergence norms :     INITIAL         CURRENT         REQUIRED
	   residual            6.210237e-03    5.130724e-02    0.000000e+00 
	   energy              6.185548e-05    1.393305e-05    6.185548e-07 
	   displacement        9.393256e-03    9.393256e-03    9.393256e-09 
 2

 *************************************************************************
 *                                ERROR                                  *
 * 2 negative jacobians detected.                                        *
 *************************************************************************


------- failed to converge at time : 0.213912

Retrying time step. Retry attempt 33 of max 40


AUTO STEPPER: retry step, dt = 0.0182259


===== beginning time step 3 : 0.211633 =====


Reforming stiffness matrix: reformation #1

 1
 Nonlinear solution status: time= 0.211633
	stiffness updates             = 0
	right hand side evaluations   = 2
	stiffness matrix reformations = 1
	step from line search         = 1.000000
	convergence norms :     INITIAL         CURRENT         REQUIRED
	   residual            6.209887e-03    4.517203e-02    0.000000e+00 
	   energy              4.954417e-05    1.209905e-05    4.954417e-07 
	   displacement        7.444118e-03    7.444118e-03    7.444118e-09 
 2

 *************************************************************************
 *                                ERROR                                  *
 * Negative jacobian detected.                                           *
 *************************************************************************


------- failed to converge at time : 0.211633

Retrying time step. Retry attempt 34 of max 40


AUTO STEPPER: retry step, dt = 0.0159476


===== beginning time step 3 : 0.209355 =====


Reforming stiffness matrix: reformation #1

 1
 Nonlinear solution status: time= 0.209355
	stiffness updates             = 0
	right hand side evaluations   = 2
	stiffness matrix reformations = 1
	step from line search         = 1.000000
	convergence norms :     INITIAL         CURRENT         REQUIRED
	   residual            6.209570e-03    3.971220e-02    0.000000e+00 
	   energy              3.867914e-05    1.052012e-05    3.867914e-07 
	   displacement        5.721720e-03    5.721720e-03    5.721720e-09 
 2
 Nonlinear solution status: time= 0.209355
	stiffness updates             = 1
	right hand side evaluations   = 4
	stiffness matrix reformations = 1
	step from line search         = 0.073433
	convergence norms :     INITIAL         CURRENT         REQUIRED
	   residual            6.209570e-03    6.151186e-03    0.000000e+00 
	   energy              3.867914e-05    6.107541e-07    3.867914e-07 
	   displacement        5.721720e-03    8.405727e-05    7.189982e-09 
 3
 Nonlinear solution status: time= 0.209355
	stiffness updates             = 2
	right hand side evaluations   = 5
	stiffness matrix reformations = 1
	step from line search         = 1.000000
	convergence norms :     INITIAL         CURRENT         REQUIRED
	   residual            6.209570e-03    2.303854e-03    0.000000e+00 
	   energy              3.867914e-05    1.784908e-06    3.867914e-07 
	   displacement        5.721720e-03    1.018717e-04    5.602532e-09 
 4
 Nonlinear solution status: time= 0.209355
	stiffness updates             = 3
	right hand side evaluations   = 6
	stiffness matrix reformations = 1
	step from line search         = 1.000000
	convergence norms :     INITIAL         CURRENT         REQUIRED
	   residual            6.209570e-03    3.831497e-04    0.000000e+00 
	   energy              3.867914e-05    4.606026e-09    3.867914e-07 
	   displacement        5.721720e-03    6.162224e-06    5.271595e-09 
 5
 Nonlinear solution status: time= 0.209355
	stiffness updates             = 4
	right hand side evaluations   = 8
	stiffness matrix reformations = 1
	step from line search         = 0.555636
	convergence norms :     INITIAL         CURRENT         REQUIRED
	   residual            6.209570e-03    2.583168e-04    0.000000e+00 
	   energy              3.867914e-05    4.395247e-08    3.867914e-07 
	   displacement        5.721720e-03    2.436647e-06    5.494020e-09 
 6
 Nonlinear solution status: time= 0.209355
	stiffness updates             = 5
	right hand side evaluations   = 9
	stiffness matrix reformations = 1
	step from line search         = 1.000000
	convergence norms :     INITIAL         CURRENT         REQUIRED
	   residual            6.209570e-03    3.277777e-05    0.000000e+00 
	   energy              3.867914e-05    2.078015e-08    3.867914e-07 
	   displacement        5.721720e-03    3.004133e-06    5.753147e-09 
 7
 Nonlinear solution status: time= 0.209355
	stiffness updates             = 6
	right hand side evaluations   = 10
	stiffness matrix reformations = 1
	step from line search         = 1.000000
	convergence norms :     INITIAL         CURRENT         REQUIRED
	   residual            6.209570e-03    2.971441e-06    0.000000e+00 
	   energy              3.867914e-05    8.928204e-10    3.867914e-07 
	   displacement        5.721720e-03    3.160339e-07    5.669259e-09 
 8
 Nonlinear solution status: time= 0.209355
	stiffness updates             = 7
	right hand side evaluations   = 11
	stiffness matrix reformations = 1
	step from line search         = 1.000000
	convergence norms :     INITIAL         CURRENT         REQUIRED
	   residual            6.209570e-03    4.808191e-06    0.000000e+00 
	   energy              3.867914e-05    1.568126e-10    3.867914e-07 
	   displacement        5.721720e-03    3.830043e-08    5.641173e-09 
 9
 Nonlinear solution status: time= 0.209355
	stiffness updates             = 8
	right hand side evaluations   = 12
	stiffness matrix reformations = 1
	step from line search         = 1.000000
	convergence norms :     INITIAL         CURRENT         REQUIRED
	   residual            6.209570e-03    8.618756e-07    0.000000e+00 
	   energy              3.867914e-05    1.081486e-10    3.867914e-07 
	   displacement        5.721720e-03    4.195612e-09    5.648440e-09 

convergence summary
    number of iterations   : 9
    number of reformations : 1

------- converged at time : 0.209355


AUTO STEPPER: increasing time step, dt = 0.0248186


===== beginning time step 4 : 0.234174 =====


Reforming stiffness matrix: reformation #1

 1
 Nonlinear solution status: time= 0.234174
	stiffness updates             = 0
	right hand side evaluations   = 2
	stiffness matrix reformations = 1
	step from line search         = 1.000000
	convergence norms :     INITIAL         CURRENT         REQUIRED
	   residual            2.800432e-06    3.689511e-03    0.000000e+00 
	   energy              8.579341e-05    1.661325e-06    8.579341e-07 
	   displacement        1.340693e-02    1.340693e-02    1.340693e-08 
 2
 Nonlinear solution status: time= 0.234174
	stiffness updates             = 1
	right hand side evaluations   = 3
	stiffness matrix reformations = 1
	step from line search         = 1.000000
	convergence norms :     INITIAL         CURRENT         REQUIRED
	   residual            2.800432e-06    8.228739e-05    0.000000e+00 
	   energy              8.579341e-05    3.166944e-07    8.579341e-07 
	   displacement        1.340693e-02    2.100412e-06    1.315446e-08 
 3
 Nonlinear solution status: time= 0.234174
	stiffness updates             = 2
	right hand side evaluations   = 4
	stiffness matrix reformations = 1
	step from line search         = 1.000000
	convergence norms :     INITIAL         CURRENT         REQUIRED
	   residual            2.800432e-06    3.811853e-05    0.000000e+00 
	   energy              8.579341e-05    4.493054e-10    8.579341e-07 
	   displacement        1.340693e-02    1.132110e-06    1.332006e-08 
 4
 Nonlinear solution status: time= 0.234174
	stiffness updates             = 3
	right hand side evaluations   = 5
	stiffness matrix reformations = 1
	step from line search         = 1.000000
	convergence norms :     INITIAL         CURRENT         REQUIRED
	   residual            2.800432e-06    1.202994e-05    0.000000e+00 
	   energy              8.579341e-05    5.687212e-09    8.579341e-07 
	   displacement        1.340693e-02    3.760355e-07    1.344213e-08 
 5
 Nonlinear solution status: time= 0.234174
	stiffness updates             = 4
	right hand side evaluations   = 6
	stiffness matrix reformations = 1
	step from line search         = 1.000000
	convergence norms :     INITIAL         CURRENT         REQUIRED
	   residual            2.800432e-06    4.005675e-07    0.000000e+00 
	   energy              8.579341e-05    1.749601e-11    8.579341e-07 
	   displacement        1.340693e-02    5.211035e-09    1.343885e-08 

convergence summary
    number of iterations   : 5
    number of reformations : 1

------- converged at time : 0.234174


AUTO STEPPER: increasing time step, dt = 0.0398549


===== beginning time step 5 : 0.274029 =====


Reforming stiffness matrix: reformation #1

 1
 Nonlinear solution status: time= 0.274029
	stiffness updates             = 0
	right hand side evaluations   = 2
	stiffness matrix reformations = 1
	step from line search         = 1.000000
	convergence norms :     INITIAL         CURRENT         REQUIRED
	   residual            5.427851e-06    2.366812e-02    0.000000e+00 
	   energy              2.213301e-04    1.150806e-05    2.213301e-06 
	   displacement        3.465354e-02    3.465354e-02    3.465354e-08 
 2
 Nonlinear solution status: time= 0.274029
	stiffness updates             = 1
	right hand side evaluations   = 3
	stiffness matrix reformations = 1
	step from line search         = 1.000000
	convergence norms :     INITIAL         CURRENT         REQUIRED
	   residual            5.427851e-06    2.690177e-03    0.000000e+00 
	   energy              2.213301e-04    6.018968e-06    2.213301e-06 
	   displacement        3.465354e-02    2.879647e-05    3.337995e-08 
 3
 Nonlinear solution status: time= 0.274029
	stiffness updates             = 2
	right hand side evaluations   = 4
	stiffness matrix reformations = 1
	step from line search         = 1.000000
	convergence norms :     INITIAL         CURRENT         REQUIRED
	   residual            5.427851e-06    6.934151e-04    0.000000e+00 
	   energy              2.213301e-04    4.856807e-08    2.213301e-06 
	   displacement        3.465354e-02    7.688679e-06    3.347178e-08 
 4
 Nonlinear solution status: time= 0.274029
	stiffness updates             = 3
	right hand side evaluations   = 5
	stiffness matrix reformations = 1
	step from line search         = 1.000000
	convergence norms :     INITIAL         CURRENT         REQUIRED
	   residual            5.427851e-06    1.081978e-03    0.000000e+00 
	   energy              2.213301e-04    3.182123e-07    2.213301e-06 
	   displacement        3.465354e-02    1.452062e-05    3.468415e-08 
 5
 Nonlinear solution status: time= 0.274029
	stiffness updates             = 4
	right hand side evaluations   = 6
	stiffness matrix reformations = 1
	step from line search         = 1.000000
	convergence norms :     INITIAL         CURRENT         REQUIRED
	   residual            5.427851e-06    9.637861e-05    0.000000e+00 
	   energy              2.213301e-04    1.252004e-08    2.213301e-06 
	   displacement        3.465354e-02    3.093324e-07    3.480329e-08 
 6
 Nonlinear solution status: time= 0.274029
	stiffness updates             = 5
	right hand side evaluations   = 7
	stiffness matrix reformations = 1
	step from line search         = 1.000000
	convergence norms :     INITIAL         CURRENT         REQUIRED
	   residual            5.427851e-06    1.340301e-04    0.000000e+00 
	   energy              2.213301e-04    3.768265e-08    2.213301e-06 
	   displacement        3.465354e-02    3.393590e-07    3.468822e-08 
 7
 Nonlinear solution status: time= 0.274029
	stiffness updates             = 6
	right hand side evaluations   = 8
	stiffness matrix reformations = 1
	step from line search         = 1.000000
	convergence norms :     INITIAL         CURRENT         REQUIRED
	   residual            5.427851e-06    1.296296e-05    0.000000e+00 
	   energy              2.213301e-04    8.285892e-10    2.213301e-06 
	   displacement        3.465354e-02    7.649010e-08    3.475579e-08 
 8
 Nonlinear solution status: time= 0.274029
	stiffness updates             = 7
	right hand side evaluations   = 9
	stiffness matrix reformations = 1
	step from line search         = 1.000000
	convergence norms :     INITIAL         CURRENT         REQUIRED
	   residual            5.427851e-06    7.927047e-06    0.000000e+00 
	   energy              2.213301e-04    3.799683e-09    2.213301e-06 
	   displacement        3.465354e-02    5.014314e-08    3.481976e-08 
 9
 Nonlinear solution status: time= 0.274029
	stiffness updates             = 8
	right hand side evaluations   = 10
	stiffness matrix reformations = 1
	step from line search         = 1.000000
	convergence norms :     INITIAL         CURRENT         REQUIRED
	   residual            5.427851e-06    1.396300e-06    0.000000e+00 
	   energy              2.213301e-04    2.085717e-11    2.213301e-06 
	   displacement        3.465354e-02    7.625897e-09    3.480096e-08 

convergence summary
    number of iterations   : 9
    number of reformations : 1

------- converged at time : 0.274029


AUTO STEPPER: increasing time step, dt = 0.0462027


===== beginning time step 6 : 0.320231 =====


Reforming stiffness matrix: reformation #1

 1
 Nonlinear solution status: time= 0.320231
	stiffness updates             = 0
	right hand side evaluations   = 2
	stiffness matrix reformations = 1
	step from line search         = 1.000000
	convergence norms :     INITIAL         CURRENT         REQUIRED
	   residual            8.156639e-06    4.147318e-02    0.000000e+00 
	   energy              2.984201e-04    2.201325e-05    2.984201e-06 
	   displacement        4.692064e-02    4.692064e-02    4.692064e-08 
 2
 Nonlinear solution status: time= 0.320231
	stiffness updates             = 1
	right hand side evaluations   = 3
	stiffness matrix reformations = 1
	step from line search         = 1.000000
	convergence norms :     INITIAL         CURRENT         REQUIRED
	   residual            8.156639e-06    7.849608e-03    0.000000e+00 
	   energy              2.984201e-04    1.593927e-05    2.984201e-06 
	   displacement        4.692064e-02    6.673925e-05    4.504416e-08 
 3
 Nonlinear solution status: time= 0.320231
	stiffness updates             = 2
	right hand side evaluations   = 4
	stiffness matrix reformations = 1
	step from line search         = 1.000000
	convergence norms :     INITIAL         CURRENT         REQUIRED
	   residual            8.156639e-06    1.413312e-03    0.000000e+00 
	   energy              2.984201e-04    1.262649e-07    2.984201e-06 
	   displacement        4.692064e-02    2.131192e-05    4.424553e-08 
 4
 Nonlinear solution status: time= 0.320231
	stiffness updates             = 3
	right hand side evaluations   = 5
	stiffness matrix reformations = 1
	step from line search         = 1.000000
	convergence norms :     INITIAL         CURRENT         REQUIRED
	   residual            8.156639e-06    3.019580e-03    0.000000e+00 
	   energy              2.984201e-04    9.495334e-07    2.984201e-06 
	   displacement        4.692064e-02    4.757910e-05    4.679556e-08 
 5
 Nonlinear solution status: time= 0.320231
	stiffness updates             = 4
	right hand side evaluations   = 6
	stiffness matrix reformations = 1
	step from line search         = 1.000000
	convergence norms :     INITIAL         CURRENT         REQUIRED
	   residual            8.156639e-06    5.248952e-04    0.000000e+00 
	   energy              2.984201e-04    7.236286e-08    2.984201e-06 
	   displacement        4.692064e-02    1.088398e-06    4.708688e-08 
 6
 Nonlinear solution status: time= 0.320231
	stiffness updates             = 5
	right hand side evaluations   = 8
	stiffness matrix reformations = 1
	step from line search         = 0.620709
	convergence norms :     INITIAL         CURRENT         REQUIRED
	   residual            8.156639e-06    1.272875e-04    0.000000e+00 
	   energy              2.984201e-04    3.467755e-08    2.984201e-06 
	   displacement        4.692064e-02    5.358707e-07    4.690325e-08 
 7
 Nonlinear solution status: time= 0.320231
	stiffness updates             = 6
	right hand side evaluations   = 9
	stiffness matrix reformations = 1
	step from line search         = 1.000000
	convergence norms :     INITIAL         CURRENT         REQUIRED
	   residual            8.156639e-06    7.980888e-05    0.000000e+00 
	   energy              2.984201e-04    1.331773e-08    2.984201e-06 
	   displacement        4.692064e-02    2.042825e-07    4.699545e-08 
 8
 Nonlinear solution status: time= 0.320231
	stiffness updates             = 7
	right hand side evaluations   = 10
	stiffness matrix reformations = 1
	step from line search         = 1.000000
	convergence norms :     INITIAL         CURRENT         REQUIRED
	   residual            8.156639e-06    2.354221e-05    0.000000e+00 
	   energy              2.984201e-04    1.434391e-08    2.984201e-06 
	   displacement        4.692064e-02    4.666834e-07    4.724369e-08 
 9
 Nonlinear solution status: time= 0.320231
	stiffness updates             = 8
	right hand side evaluations   = 11
	stiffness matrix reformations = 1
	step from line search         = 1.000000
	convergence norms :     INITIAL         CURRENT         REQUIRED
	   residual            8.156639e-06    1.123880e-05    0.000000e+00 
	   energy              2.984201e-04    3.769874e-09    2.984201e-06 
	   displacement        4.692064e-02    2.988382e-08    4.723956e-08 

convergence summary
    number of iterations   : 9
    number of reformations : 1

------- converged at time : 0.320231


AUTO STEPPER: increasing time step, dt = 0.0518806


===== beginning time step 7 : 0.372112 =====


Reforming stiffness matrix: reformation #1

 1
 Nonlinear solution status: time= 0.372112
	stiffness updates             = 0
	right hand side evaluations   = 2
	stiffness matrix reformations = 1
	step from line search         = 1.000000
	convergence norms :     INITIAL         CURRENT         REQUIRED
	   residual            1.983952e-05    6.276974e-02    0.000000e+00 
	   energy              3.775178e-04    3.716279e-05    3.775178e-06 
	   displacement        5.966135e-02    5.966135e-02    5.966135e-08 
 2
 Nonlinear solution status: time= 0.372112
	stiffness updates             = 1
	right hand side evaluations   = 4
	stiffness matrix reformations = 1
	step from line search         = 0.614006
	convergence norms :     INITIAL         CURRENT         REQUIRED
	   residual            1.983952e-05    7.158932e-03    0.000000e+00 
	   energy              3.775178e-04    7.445289e-06    3.775178e-06 
	   displacement        5.966135e-02    4.914008e-05    5.832204e-08 
 3
 Nonlinear solution status: time= 0.372112
	stiffness updates             = 2
	right hand side evaluations   = 5
	stiffness matrix reformations = 1
	step from line search         = 1.000000
	convergence norms :     INITIAL         CURRENT         REQUIRED
	   residual            1.983952e-05    5.912888e-03    0.000000e+00 
	   energy              3.775178e-04    2.308223e-06    3.775178e-06 
	   displacement        5.966135e-02    4.085046e-05    5.565721e-08 
 4
 Nonlinear solution status: time= 0.372112
	stiffness updates             = 3
	right hand side evaluations   = 6
	stiffness matrix reformations = 1
	step from line search         = 1.000000
	convergence norms :     INITIAL         CURRENT         REQUIRED
	   residual            1.983952e-05    3.082947e-03    0.000000e+00 
	   energy              3.775178e-04    1.173567e-06    3.775178e-06 
	   displacement        5.966135e-02    4.102049e-05    5.778997e-08 
 5
 Nonlinear solution status: time= 0.372112
	stiffness updates             = 4
	right hand side evaluations   = 7
	stiffness matrix reformations = 1
	step from line search         = 1.000000
	convergence norms :     INITIAL         CURRENT         REQUIRED
	   residual            1.983952e-05    2.373297e-03    0.000000e+00 
	   energy              3.775178e-04    6.990134e-07    3.775178e-06 
	   displacement        5.966135e-02    2.355427e-05    5.995263e-08 
 6
 Nonlinear solution status: time= 0.372112
	stiffness updates             = 5
	right hand side evaluations   = 8
	stiffness matrix reformations = 1
	step from line search         = 1.000000
	convergence norms :     INITIAL         CURRENT         REQUIRED
	   residual            1.983952e-05    9.089786e-04    0.000000e+00 
	   energy              3.775178e-04    3.554079e-07    3.775178e-06 
	   displacement        5.966135e-02    2.487171e-06    6.019397e-08 
 7
 Nonlinear solution status: time= 0.372112
	stiffness updates             = 6
	right hand side evaluations   = 9
	stiffness matrix reformations = 1
	step from line search         = 1.000000
	convergence norms :     INITIAL         CURRENT         REQUIRED
	   residual            1.983952e-05    6.629272e-04    0.000000e+00 
	   energy              3.775178e-04    2.219668e-07    3.775178e-06 
	   displacement        5.966135e-02    2.406034e-06    5.974910e-08 
 8
 Nonlinear solution status: time= 0.372112
	stiffness updates             = 7
	right hand side evaluations   = 10
	stiffness matrix reformations = 1
	step from line search         = 1.000000
	convergence norms :     INITIAL         CURRENT         REQUIRED
	   residual            1.983952e-05    2.776018e-04    0.000000e+00 
	   energy              3.775178e-04    1.038637e-07    3.775178e-06 
	   displacement        5.966135e-02    6.730130e-07    5.987275e-08 
 9
 Nonlinear solution status: time= 0.372112
	stiffness updates             = 8
	right hand side evaluations   = 11
	stiffness matrix reformations = 1
	step from line search         = 1.000000
	convergence norms :     INITIAL         CURRENT         REQUIRED
	   residual            1.983952e-05    1.760584e-04    0.000000e+00 
	   energy              3.775178e-04    6.091947e-08    3.775178e-06 
	   displacement        5.966135e-02    7.346916e-07    6.017546e-08 
 10
 Nonlinear solution status: time= 0.372112
	stiffness updates             = 9
	right hand side evaluations   = 12
	stiffness matrix reformations = 1
	step from line search         = 1.000000
	convergence norms :     INITIAL         CURRENT         REQUIRED
	   residual            1.983952e-05    1.092042e-04    0.000000e+00 
	   energy              3.775178e-04    2.608771e-08    3.775178e-06 
	   displacement        5.966135e-02    1.718154e-07    6.013425e-08 

 *************************************************************************
 *                               WARNING                                 *
 * Max nr of iterations reached.                                         *
 * Stiffness matrix will now be reformed.                                *
 *************************************************************************
Reforming stiffness matrix: reformation #2

 11
 Nonlinear solution status: time= 0.372112
	stiffness updates             = 0
	right hand side evaluations   = 13
	stiffness matrix reformations = 2
	step from line search         = 1.000000
	convergence norms :     INITIAL         CURRENT         REQUIRED
	   residual            1.983952e-05    3.929314e-09    0.000000e+00 
	   energy              3.775178e-04    4.375863e-11    3.775178e-06 
	   displacement        5.966135e-02    5.331548e-08    6.008347e-08 

convergence summary
    number of iterations   : 11
    number of reformations : 2

------- converged at time : 0.372112


===== beginning time step 8 : 0.423993 =====


Reforming stiffness matrix: reformation #1

 1
 Nonlinear solution status: time= 0.423993
	stiffness updates             = 0
	right hand side evaluations   = 2
	stiffness matrix reformations = 1
	step from line search         = 1.000000
	convergence norms :     INITIAL         CURRENT         REQUIRED
	   residual            8.485154e-06    6.204096e-02    0.000000e+00 
	   energy              3.802640e-04    4.126921e-05    3.802640e-06 
	   displacement        6.057827e-02    6.057827e-02    6.057827e-08 
 2
 Nonlinear solution status: time= 0.423993
	stiffness updates             = 1
	right hand side evaluations   = 4
	stiffness matrix reformations = 1
	step from line search         = 0.611695
	convergence norms :     INITIAL         CURRENT         REQUIRED
	   residual            8.485154e-06    7.427572e-03    0.000000e+00 
	   energy              3.802640e-04    9.140824e-06    3.802640e-06 
	   displacement        6.057827e-02    5.928673e-05    5.932917e-08 
 3
 Nonlinear solution status: time= 0.423993
	stiffness updates             = 2
	right hand side evaluations   = 5
	stiffness matrix reformations = 1
	step from line search         = 1.000000
	convergence norms :     INITIAL         CURRENT         REQUIRED
	   residual            8.485154e-06    5.473623e-03    0.000000e+00 
	   energy              3.802640e-04    2.322530e-06    3.802640e-06 
	   displacement        6.057827e-02    5.781039e-05    5.606352e-08 
 4
 Nonlinear solution status: time= 0.423993
	stiffness updates             = 3
	right hand side evaluations   = 6
	stiffness matrix reformations = 1
	step from line search         = 1.000000
	convergence norms :     INITIAL         CURRENT         REQUIRED
	   residual            8.485154e-06    2.730947e-03    0.000000e+00 
	   energy              3.802640e-04    1.323354e-06    3.802640e-06 
	   displacement        6.057827e-02    4.997085e-05    5.840695e-08 
 5
 Nonlinear solution status: time= 0.423993
	stiffness updates             = 4
	right hand side evaluations   = 7
	stiffness matrix reformations = 1
	step from line search         = 1.000000
	convergence norms :     INITIAL         CURRENT         REQUIRED
	   residual            8.485154e-06    2.591360e-03    0.000000e+00 
	   energy              3.802640e-04    7.651370e-07    3.802640e-06 
	   displacement        6.057827e-02    2.805561e-05    6.079904e-08 
 6
 Nonlinear solution status: time= 0.423993
	stiffness updates             = 5
	right hand side evaluations   = 8
	stiffness matrix reformations = 1
	step from line search         = 1.000000
	convergence norms :     INITIAL         CURRENT         REQUIRED
	   residual            8.485154e-06    9.444030e-04    0.000000e+00 
	   energy              3.802640e-04    4.499152e-07    3.802640e-06 
	   displacement        6.057827e-02    3.304502e-06    6.116088e-08 
 7
 Nonlinear solution status: time= 0.423993
	stiffness updates             = 6
	right hand side evaluations   = 9
	stiffness matrix reformations = 1
	step from line search         = 1.000000
	convergence norms :     INITIAL         CURRENT         REQUIRED
	   residual            8.485154e-06    6.833142e-04    0.000000e+00 
	   energy              3.802640e-04    2.482195e-07    3.802640e-06 
	   displacement        6.057827e-02    2.934847e-06    6.065651e-08 
 8
 Nonlinear solution status: time= 0.423993
	stiffness updates             = 7
	right hand side evaluations   = 10
	stiffness matrix reformations = 1
	step from line search         = 1.000000
	convergence norms :     INITIAL         CURRENT         REQUIRED
	   residual            8.485154e-06    3.117019e-04    0.000000e+00 
	   energy              3.802640e-04    1.435193e-07    3.802640e-06 
	   displacement        6.057827e-02    9.251740e-07    6.077377e-08 
 9
 Nonlinear solution status: time= 0.423993
	stiffness updates             = 8
	right hand side evaluations   = 11
	stiffness matrix reformations = 1
	step from line search         = 1.000000
	convergence norms :     INITIAL         CURRENT         REQUIRED
	   residual            8.485154e-06    1.791431e-04    0.000000e+00 
	   energy              3.802640e-04    7.256943e-08    3.802640e-06 
	   displacement        6.057827e-02    8.847435e-07    6.111222e-08 
 10
 Nonlinear solution status: time= 0.423993
	stiffness updates             = 9
	right hand side evaluations   = 12
	stiffness matrix reformations = 1
	step from line search         = 1.000000
	convergence norms :     INITIAL         CURRENT         REQUIRED
	   residual            8.485154e-06    1.652228e-04    0.000000e+00 
	   energy              3.802640e-04    4.260320e-08    3.802640e-06 
	   displacement        6.057827e-02    2.408157e-07    6.109388e-08 

 *************************************************************************
 *                               WARNING                                 *
 * Max nr of iterations reached.                                         *
 * Stiffness matrix will now be reformed.                                *
 *************************************************************************
Reforming stiffness matrix: reformation #2

 11
 Nonlinear solution status: time= 0.423993
	stiffness updates             = 0
	right hand side evaluations   = 13
	stiffness matrix reformations = 2
	step from line search         = 1.000000
	convergence norms :     INITIAL         CURRENT         REQUIRED
	   residual            8.485154e-06    1.095773e-08    0.000000e+00 
	   energy              3.802640e-04    1.642114e-10    3.802640e-06 
	   displacement        6.057827e-02    8.260280e-08    6.103421e-08 
 12
 Nonlinear solution status: time= 0.423993
	stiffness updates             = 1
	right hand side evaluations   = 14
	stiffness matrix reformations = 2
	step from line search         = 1.000000
	convergence norms :     INITIAL         CURRENT         REQUIRED
	   residual            8.485154e-06    1.230377e-10    0.000000e+00 
	   energy              3.802640e-04    4.737510e-13    3.802640e-06 
	   displacement        6.057827e-02    7.655459e-11    6.103061e-08 

convergence summary
    number of iterations   : 12
    number of reformations : 2

------- converged at time : 0.423993


AUTO STEPPER: decreasing time step, dt = 0.0496719


===== beginning time step 9 : 0.473664 =====


Reforming stiffness matrix: reformation #1

 1
 Nonlinear solution status: time= 0.473664
	stiffness updates             = 0
	right hand side evaluations   = 2
	stiffness matrix reformations = 1
	step from line search         = 1.000000
	convergence norms :     INITIAL         CURRENT         REQUIRED
	   residual            7.770058e-06    5.240973e-02    0.000000e+00 
	   energy              3.509437e-04    3.829464e-05    3.509437e-06 
	   displacement        5.638316e-02    5.638316e-02    5.638316e-08 
 2
 Nonlinear solution status: time= 0.473664
	stiffness updates             = 1
	right hand side evaluations   = 4
	stiffness matrix reformations = 1
	step from line search         = 0.614701
	convergence norms :     INITIAL         CURRENT         REQUIRED
	   residual            7.770058e-06    6.348741e-03    0.000000e+00 
	   energy              3.509437e-04    8.538509e-06    3.509437e-06 
	   displacement        5.638316e-02    5.865800e-05    5.522201e-08 
 3
 Nonlinear solution status: time= 0.473664
	stiffness updates             = 2
	right hand side evaluations   = 5
	stiffness matrix reformations = 1
	step from line search         = 1.000000
	convergence norms :     INITIAL         CURRENT         REQUIRED
	   residual            7.770058e-06    3.913693e-03    0.000000e+00 
	   energy              3.509437e-04    1.744284e-06    3.509437e-06 
	   displacement        5.638316e-02    5.281080e-05    5.224197e-08 
 4
 Nonlinear solution status: time= 0.473664
	stiffness updates             = 3
	right hand side evaluations   = 6
	stiffness matrix reformations = 1
	step from line search         = 1.000000
	convergence norms :     INITIAL         CURRENT         REQUIRED
	   residual            7.770058e-06    1.907069e-03    0.000000e+00 
	   energy              3.509437e-04    1.102589e-06    3.509437e-06 
	   displacement        5.638316e-02    4.854271e-05    5.448989e-08 
 5
 Nonlinear solution status: time= 0.473664
	stiffness updates             = 4
	right hand side evaluations   = 7
	stiffness matrix reformations = 1
	step from line search         = 1.000000
	convergence norms :     INITIAL         CURRENT         REQUIRED
	   residual            7.770058e-06    2.037351e-03    0.000000e+00 
	   energy              3.509437e-04    5.686951e-07    3.509437e-06 
	   displacement        5.638316e-02    2.359710e-05    5.662158e-08 
 6
 Nonlinear solution status: time= 0.473664
	stiffness updates             = 5
	right hand side evaluations   = 8
	stiffness matrix reformations = 1
	step from line search         = 1.000000
	convergence norms :     INITIAL         CURRENT         REQUIRED
	   residual            7.770058e-06    8.207341e-04    0.000000e+00 
	   energy              3.509437e-04    3.874478e-07    3.509437e-06 
	   displacement        5.638316e-02    2.990537e-06    5.699495e-08 
 7
 Nonlinear solution status: time= 0.473664
	stiffness updates             = 6
	right hand side evaluations   = 9
	stiffness matrix reformations = 1
	step from line search         = 1.000000
	convergence norms :     INITIAL         CURRENT         REQUIRED
	   residual            7.770058e-06    5.621311e-04    0.000000e+00 
	   energy              3.509437e-04    1.841636e-07    3.509437e-06 
	   displacement        5.638316e-02    2.333401e-06    5.655975e-08 
 8
 Nonlinear solution status: time= 0.473664
	stiffness updates             = 7
	right hand side evaluations   = 10
	stiffness matrix reformations = 1
	step from line search         = 1.000000
	convergence norms :     INITIAL         CURRENT         REQUIRED
	   residual            7.770058e-06    2.362414e-04    0.000000e+00 
	   energy              3.509437e-04    1.257335e-07    3.509437e-06 
	   displacement        5.638316e-02    8.096334e-07    5.663376e-08 
 9
 Nonlinear solution status: time= 0.473664
	stiffness updates             = 8
	right hand side evaluations   = 11
	stiffness matrix reformations = 1
	step from line search         = 1.000000
	convergence norms :     INITIAL         CURRENT         REQUIRED
	   residual            7.770058e-06    1.497014e-04    0.000000e+00 
	   energy              3.509437e-04    5.330247e-08    3.509437e-06 
	   displacement        5.638316e-02    6.247805e-07    5.690233e-08 
 10
 Nonlinear solution status: time= 0.473664
	stiffness updates             = 9
	right hand side evaluations   = 12
	stiffness matrix reformations = 1
	step from line search         = 1.000000
	convergence norms :     INITIAL         CURRENT         REQUIRED
	   residual            7.770058e-06    1.385468e-04    0.000000e+00 
	   energy              3.509437e-04    3.993598e-08    3.509437e-06 
	   displacement        5.638316e-02    2.168917e-07    5.690000e-08 

 *************************************************************************
 *                               WARNING                                 *
 * Max nr of iterations reached.                                         *
 * Stiffness matrix will now be reformed.                                *
 *************************************************************************
Reforming stiffness matrix: reformation #2

 11
 Nonlinear solution status: time= 0.473664
	stiffness updates             = 0
	right hand side evaluations   = 13
	stiffness matrix reformations = 2
	step from line search         = 1.000000
	convergence norms :     INITIAL         CURRENT         REQUIRED
	   residual            7.770058e-06    1.632662e-07    0.000000e+00 
	   energy              3.509437e-04    3.719060e-10    3.509437e-06 
	   displacement        5.638316e-02    7.510953e-08    5.684513e-08 
 12
 Nonlinear solution status: time= 0.473664
	stiffness updates             = 1
	right hand side evaluations   = 14
	stiffness matrix reformations = 2
	step from line search         = 1.000000
	convergence norms :     INITIAL         CURRENT         REQUIRED
	   residual            7.770058e-06    7.144835e-09    0.000000e+00 
	   energy              3.509437e-04    6.157425e-12    3.509437e-06 
	   displacement        5.638316e-02    1.253789e-10    5.684099e-08 

convergence summary
    number of iterations   : 12
    number of reformations : 2

------- converged at time : 0.473664


AUTO STEPPER: decreasing time step, dt = 0.0475572


===== beginning time step 10 : 0.521222 =====


Reforming stiffness matrix: reformation #1

 1
 Nonlinear solution status: time= 0.521222
	stiffness updates             = 0
	right hand side evaluations   = 2
	stiffness matrix reformations = 1
	step from line search         = 1.000000
	convergence norms :     INITIAL         CURRENT         REQUIRED
	   residual            7.130356e-06    4.555394e-02    0.000000e+00 
	   energy              3.240625e-04    3.571379e-05    3.240625e-06 
	   displacement        5.254437e-02    5.254437e-02    5.254437e-08 
 2
 Nonlinear solution status: time= 0.521222
	stiffness updates             = 1
	right hand side evaluations   = 4
	stiffness matrix reformations = 1
	step from line search         = 0.617229
	convergence norms :     INITIAL         CURRENT         REQUIRED
	   residual            7.130356e-06    5.997110e-03    0.000000e+00 
	   energy              3.240625e-04    8.000746e-06    3.240625e-06 
	   displacement        5.254437e-02    5.791753e-05    5.145927e-08 
 3
 Nonlinear solution status: time= 0.521222
	stiffness updates             = 2
	right hand side evaluations   = 5
	stiffness matrix reformations = 1
	step from line search         = 1.000000
	convergence norms :     INITIAL         CURRENT         REQUIRED
	   residual            7.130356e-06    2.907151e-03    0.000000e+00 
	   energy              3.240625e-04    1.314641e-06    3.240625e-06 
	   displacement        5.254437e-02    4.897840e-05    4.871400e-08 
 4
 Nonlinear solution status: time= 0.521222
	stiffness updates             = 3
	right hand side evaluations   = 6
	stiffness matrix reformations = 1
	step from line search         = 1.000000
	convergence norms :     INITIAL         CURRENT         REQUIRED
	   residual            7.130356e-06    1.586890e-03    0.000000e+00 
	   energy              3.240625e-04    9.288637e-07    3.240625e-06 
	   displacement        5.254437e-02    4.714091e-05    5.087035e-08 
 5
 Nonlinear solution status: time= 0.521222
	stiffness updates             = 4
	right hand side evaluations   = 7
	stiffness matrix reformations = 1
	step from line search         = 1.000000
	convergence norms :     INITIAL         CURRENT         REQUIRED
	   residual            7.130356e-06    1.655775e-03    0.000000e+00 
	   energy              3.240625e-04    4.238509e-07    3.240625e-06 
	   displacement        5.254437e-02    2.017581e-05    5.278685e-08 
 6
 Nonlinear solution status: time= 0.521222
	stiffness updates             = 5
	right hand side evaluations   = 8
	stiffness matrix reformations = 1
	step from line search         = 1.000000
	convergence norms :     INITIAL         CURRENT         REQUIRED
	   residual            7.130356e-06    1.021643e-03    0.000000e+00 
	   energy              3.240625e-04    3.570109e-07    3.240625e-06 
	   displacement        5.254437e-02    2.797797e-06    5.318340e-08 
 7
 Nonlinear solution status: time= 0.521222
	stiffness updates             = 6
	right hand side evaluations   = 9
	stiffness matrix reformations = 1
	step from line search         = 1.000000
	convergence norms :     INITIAL         CURRENT         REQUIRED
	   residual            7.130356e-06    8.692935e-04    0.000000e+00 
	   energy              3.240625e-04    1.769134e-07    3.240625e-06 
	   displacement        5.254437e-02    1.942672e-06    5.278712e-08 
 8
 Nonlinear solution status: time= 0.521222
	stiffness updates             = 7
	right hand side evaluations   = 10
	stiffness matrix reformations = 1
	step from line search         = 1.000000
	convergence norms :     INITIAL         CURRENT         REQUIRED
	   residual            7.130356e-06    6.089461e-04    0.000000e+00 
	   energy              3.240625e-04    1.711601e-07    3.240625e-06 
	   displacement        5.254437e-02    7.871232e-07    5.279052e-08 
 9
 Nonlinear solution status: time= 0.521222
	stiffness updates             = 8
	right hand side evaluations   = 11
	stiffness matrix reformations = 1
	step from line search         = 1.000000
	convergence norms :     INITIAL         CURRENT         REQUIRED
	   residual            7.130356e-06    2.904072e-04    0.000000e+00 
	   energy              3.240625e-04    7.418708e-08    3.240625e-06 
	   displacement        5.254437e-02    6.246546e-07    5.304214e-08 
 10
 Nonlinear solution status: time= 0.521222
	stiffness updates             = 9
	right hand side evaluations   = 12
	stiffness matrix reformations = 1
	step from line search         = 1.000000
	convergence norms :     INITIAL         CURRENT         REQUIRED
	   residual            7.130356e-06    1.609776e-04    0.000000e+00 
	   energy              3.240625e-04    6.995811e-08    3.240625e-06 
	   displacement        5.254437e-02    3.316235e-07    5.306994e-08 

 *************************************************************************
 *                               WARNING                                 *
 * Max nr of iterations reached.                                         *
 * Stiffness matrix will now be reformed.                                *
 *************************************************************************
Reforming stiffness matrix: reformation #2

 11
 Nonlinear solution status: time= 0.521222
	stiffness updates             = 0
	right hand side evaluations   = 13
	stiffness matrix reformations = 2
	step from line search         = 1.000000
	convergence norms :     INITIAL         CURRENT         REQUIRED
	   residual            7.130356e-06    2.106652e-06    0.000000e+00 
	   energy              3.240625e-04    1.627995e-09    3.240625e-06 
	   displacement        5.254437e-02    1.227244e-07    5.300883e-08 
 12
 Nonlinear solution status: time= 0.521222
	stiffness updates             = 1
	right hand side evaluations   = 14
	stiffness matrix reformations = 2
	step from line search         = 1.000000
	convergence norms :     INITIAL         CURRENT         REQUIRED
	   residual            7.130356e-06    2.122514e-07    0.000000e+00 
	   energy              3.240625e-04    1.044726e-10    3.240625e-06 
	   displacement        5.254437e-02    7.703547e-10    5.299918e-08 

convergence summary
    number of iterations   : 12
    number of reformations : 2

------- converged at time : 0.521222


AUTO STEPPER: decreasing time step, dt = 0.0455325


===== beginning time step 11 : 0.566754 =====


Reforming stiffness matrix: reformation #1

 1
 Nonlinear solution status: time= 0.566754
	stiffness updates             = 0
	right hand side evaluations   = 2
	stiffness matrix reformations = 1
	step from line search         = 1.000000
	convergence norms :     INITIAL         CURRENT         REQUIRED
	   residual            6.746122e-06    4.037205e-02    0.000000e+00 
	   energy              2.993866e-04    3.342088e-05    2.993866e-06 
	   displacement        4.901962e-02    4.901962e-02    4.901962e-08 
 2
 Nonlinear solution status: time= 0.566754
	stiffness updates             = 1
	right hand side evaluations   = 4
	stiffness matrix reformations = 1
	step from line search         = 0.618872
	convergence norms :     INITIAL         CURRENT         REQUIRED
	   residual            6.746122e-06    6.038309e-03    0.000000e+00 
	   energy              2.993866e-04    7.479488e-06    2.993866e-06 
	   displacement        4.901962e-02    5.692767e-05    4.800998e-08 
 3
 Nonlinear solution status: time= 0.566754
	stiffness updates             = 2
	right hand side evaluations   = 5
	stiffness matrix reformations = 1
	step from line search         = 1.000000
	convergence norms :     INITIAL         CURRENT         REQUIRED
	   residual            6.746122e-06    2.134779e-03    0.000000e+00 
	   energy              2.993866e-04    9.559883e-07    2.993866e-06 
	   displacement        4.901962e-02    4.614273e-05    4.545374e-08 
 4
 Nonlinear solution status: time= 0.566754
	stiffness updates             = 3
	right hand side evaluations   = 6
	stiffness matrix reformations = 1
	step from line search         = 1.000000
	convergence norms :     INITIAL         CURRENT         REQUIRED
	   residual            6.746122e-06    2.587511e-03    0.000000e+00 
	   energy              2.993866e-04    7.949796e-07    2.993866e-06 
	   displacement        4.901962e-02    4.554081e-05    4.751062e-08 
 5
 Nonlinear solution status: time= 0.566754
	stiffness updates             = 4
	right hand side evaluations   = 7
	stiffness matrix reformations = 1
	step from line search         = 1.000000
	convergence norms :     INITIAL         CURRENT         REQUIRED
	   residual            6.746122e-06    1.542846e-03    0.000000e+00 
	   energy              2.993866e-04    3.489938e-07    2.993866e-06 
	   displacement        4.901962e-02    1.783963e-05    4.927000e-08 
 6
 Nonlinear solution status: time= 0.566754
	stiffness updates             = 5
	right hand side evaluations   = 8
	stiffness matrix reformations = 1
	step from line search         = 1.000000
	convergence norms :     INITIAL         CURRENT         REQUIRED
	   residual            6.746122e-06    1.740573e-03    0.000000e+00 
	   energy              2.993866e-04    3.826594e-07    2.993866e-06 
	   displacement        4.901962e-02    2.444423e-06    4.968182e-08 
 7
 Nonlinear solution status: time= 0.566754
	stiffness updates             = 6
	right hand side evaluations   = 9
	stiffness matrix reformations = 1
	step from line search         = 1.000000
	convergence norms :     INITIAL         CURRENT         REQUIRED
	   residual            6.746122e-06    1.369325e-03    0.000000e+00 
	   energy              2.993866e-04    2.179691e-07    2.993866e-06 
	   displacement        4.901962e-02    1.843956e-06    4.930417e-08 
 8
 Nonlinear solution status: time= 0.566754
	stiffness updates             = 7
	right hand side evaluations   = 10
	stiffness matrix reformations = 1
	step from line search         = 1.000000
	convergence norms :     INITIAL         CURRENT         REQUIRED
	   residual            6.746122e-06    5.863288e-04    0.000000e+00 
	   energy              2.993866e-04    2.040830e-07    2.993866e-06 
	   displacement        4.901962e-02    1.072978e-06    4.920535e-08 
 9
 Nonlinear solution status: time= 0.566754
	stiffness updates             = 8
	right hand side evaluations   = 11
	stiffness matrix reformations = 1
	step from line search         = 1.000000
	convergence norms :     INITIAL         CURRENT         REQUIRED
	   residual            6.746122e-06    1.011775e-04    0.000000e+00 
	   energy              2.993866e-04    7.529476e-08    2.993866e-06 
	   displacement        4.901962e-02    8.301956e-07    4.949592e-08 
 10
 Nonlinear solution status: time= 0.566754
	stiffness updates             = 9
	right hand side evaluations   = 12
	stiffness matrix reformations = 1
	step from line search         = 1.000000
	convergence norms :     INITIAL         CURRENT         REQUIRED
	   residual            6.746122e-06    1.046123e-04    0.000000e+00 
	   energy              2.993866e-04    6.041328e-08    2.993866e-06 
	   displacement        4.901962e-02    3.267497e-07    4.953559e-08 

 *************************************************************************
 *                               WARNING                                 *
 * Max nr of iterations reached.                                         *
 * Stiffness matrix will now be reformed.                                *
 *************************************************************************
Reforming stiffness matrix: reformation #2

 11
 Nonlinear solution status: time= 0.566754
	stiffness updates             = 0
	right hand side evaluations   = 13
	stiffness matrix reformations = 2
	step from line search         = 1.000000
	convergence norms :     INITIAL         CURRENT         REQUIRED
	   residual            6.746122e-06    7.015220e-07    0.000000e+00 
	   energy              2.993866e-04    1.474718e-11    2.993866e-06 
	   displacement        4.901962e-02    1.176689e-07    4.947344e-08 
 12
 Nonlinear solution status: time= 0.566754
	stiffness updates             = 1
	right hand side evaluations   = 14
	stiffness matrix reformations = 2
	step from line search         = 1.000000
	convergence norms :     INITIAL         CURRENT         REQUIRED
	   residual            6.746122e-06    1.440026e-08    0.000000e+00 
	   energy              2.993866e-04    1.000112e-11    2.993866e-06 
	   displacement        4.901962e-02    2.850052e-10    4.946738e-08 

convergence summary
    number of iterations   : 12
    number of reformations : 2

------- converged at time : 0.566754


AUTO STEPPER: decreasing time step, dt = 0.0435941


===== beginning time step 12 : 0.610348 =====


Reforming stiffness matrix: reformation #1

 1
 Nonlinear solution status: time= 0.610348
	stiffness updates             = 0
	right hand side evaluations   = 2
	stiffness matrix reformations = 1
	step from line search         = 1.000000
	convergence norms :     INITIAL         CURRENT         REQUIRED
	   residual            5.998170e-06    3.566759e-02    0.000000e+00 
	   energy              2.766954e-04    3.133826e-05    2.766954e-06 
	   displacement        4.577208e-02    4.577208e-02    4.577208e-08 
 2
 Nonlinear solution status: time= 0.610348
	stiffness updates             = 1
	right hand side evaluations   = 4
	stiffness matrix reformations = 1
	step from line search         = 0.617218
	convergence norms :     INITIAL         CURRENT         REQUIRED
	   residual            5.998170e-06    5.531219e-03    0.000000e+00 
	   energy              2.766954e-04    6.867509e-06    2.766954e-06 
	   displacement        4.577208e-02    5.536610e-05    4.483326e-08 
 3
 Nonlinear solution status: time= 0.610348
	stiffness updates             = 2
	right hand side evaluations   = 5
	stiffness matrix reformations = 1
	step from line search         = 1.000000
	convergence norms :     INITIAL         CURRENT         REQUIRED
	   residual            5.998170e-06    1.895332e-03    0.000000e+00 
	   energy              2.766954e-04    7.179245e-07    2.766954e-06 
	   displacement        4.577208e-02    4.361693e-05    4.244191e-08 
 4
 Nonlinear solution status: time= 0.610348
	stiffness updates             = 3
	right hand side evaluations   = 6
	stiffness matrix reformations = 1
	step from line search         = 1.000000
	convergence norms :     INITIAL         CURRENT         REQUIRED
	   residual            5.998170e-06    4.276530e-03    0.000000e+00 
	   energy              2.766954e-04    7.694158e-07    2.766954e-06 
	   displacement        4.577208e-02    4.305720e-05    4.436649e-08 
 5
 Nonlinear solution status: time= 0.610348
	stiffness updates             = 4
	right hand side evaluations   = 7
	stiffness matrix reformations = 1
	step from line search         = 1.000000
	convergence norms :     INITIAL         CURRENT         REQUIRED
	   residual            5.998170e-06    4.104694e-03    0.000000e+00 
	   energy              2.766954e-04    5.096766e-07    2.766954e-06 
	   displacement        4.577208e-02    1.898673e-05    4.613639e-08 
 6
 Nonlinear solution status: time= 0.610348
	stiffness updates             = 5
	right hand side evaluations   = 8
	stiffness matrix reformations = 1
	step from line search         = 1.000000
	convergence norms :     INITIAL         CURRENT         REQUIRED
	   residual            5.998170e-06    8.039392e-04    0.000000e+00 
	   energy              2.766954e-04    2.861812e-07    2.766954e-06 
	   displacement        4.577208e-02    2.299705e-06    4.639464e-08 
 7
 Nonlinear solution status: time= 0.610348
	stiffness updates             = 6
	right hand side evaluations   = 9
	stiffness matrix reformations = 1
	step from line search         = 1.000000
	convergence norms :     INITIAL         CURRENT         REQUIRED
	   residual            5.998170e-06    3.324617e-04    0.000000e+00 
	   energy              2.766954e-04    6.956151e-08    2.766954e-06 
	   displacement        4.577208e-02    2.149607e-06    4.594352e-08 
 8
 Nonlinear solution status: time= 0.610348
	stiffness updates             = 7
	right hand side evaluations   = 10
	stiffness matrix reformations = 1
	step from line search         = 1.000000
	convergence norms :     INITIAL         CURRENT         REQUIRED
	   residual            5.998170e-06    2.448348e-04    0.000000e+00 
	   energy              2.766954e-04    5.018385e-08    2.766954e-06 
	   displacement        4.577208e-02    6.417104e-07    4.607610e-08 
 9
 Nonlinear solution status: time= 0.610348
	stiffness updates             = 8
	right hand side evaluations   = 11
	stiffness matrix reformations = 1
	step from line search         = 1.000000
	convergence norms :     INITIAL         CURRENT         REQUIRED
	   residual            5.998170e-06    4.249836e-05    0.000000e+00 
	   energy              2.766954e-04    1.779223e-08    2.766954e-06 
	   displacement        4.577208e-02    2.478465e-07    4.625065e-08 
 10
 Nonlinear solution status: time= 0.610348
	stiffness updates             = 9
	right hand side evaluations   = 12
	stiffness matrix reformations = 1
	step from line search         = 1.000000
	convergence norms :     INITIAL         CURRENT         REQUIRED
	   residual            5.998170e-06    7.144568e-05    0.000000e+00 
	   energy              2.766954e-04    1.429735e-08    2.766954e-06 
	   displacement        4.577208e-02    1.230620e-07    4.624989e-08 

 *************************************************************************
 *                               WARNING                                 *
 * Max nr of iterations reached.                                         *
 * Stiffness matrix will now be reformed.                                *
 *************************************************************************
Reforming stiffness matrix: reformation #2

 11
 Nonlinear solution status: time= 0.610348
	stiffness updates             = 0
	right hand side evaluations   = 13
	stiffness matrix reformations = 2
	step from line search         = 1.000000
	convergence norms :     INITIAL         CURRENT         REQUIRED
	   residual            5.998170e-06    1.962129e-07    0.000000e+00 
	   energy              2.766954e-04    2.457609e-10    2.766954e-06 
	   displacement        4.577208e-02    3.657488e-08    4.620837e-08 

convergence summary
    number of iterations   : 11
    number of reformations : 2

------- converged at time : 0.610348


===== beginning time step 13 : 0.653942 =====


Reforming stiffness matrix: reformation #1

 1
 Nonlinear solution status: time= 0.653942
	stiffness updates             = 0
	right hand side evaluations   = 2
	stiffness matrix reformations = 1
	step from line search         = 1.000000
	convergence norms :     INITIAL         CURRENT         REQUIRED
	   residual            6.178960e-06    3.614391e-02    0.000000e+00 
	   energy              2.790577e-04    3.495380e-05    2.790577e-06 
	   displacement        4.665754e-02    4.665754e-02    4.665754e-08 
 2
 Nonlinear solution status: time= 0.653942
	stiffness updates             = 1
	right hand side evaluations   = 4
	stiffness matrix reformations = 1
	step from line search         = 0.619034
	convergence norms :     INITIAL         CURRENT         REQUIRED
	   residual            6.178960e-06    5.640082e-03    0.000000e+00 
	   energy              2.790577e-04    8.410934e-06    2.790577e-06 
	   displacement        4.665754e-02    6.728688e-05    4.575638e-08 
 3
 Nonlinear solution status: time= 0.653942
	stiffness updates             = 2
	right hand side evaluations   = 5
	stiffness matrix reformations = 1
	step from line search         = 1.000000
	convergence norms :     INITIAL         CURRENT         REQUIRED
	   residual            6.178960e-06    1.571692e-03    0.000000e+00 
	   energy              2.790577e-04    7.218287e-07    2.790577e-06 
	   displacement        4.665754e-02    5.960639e-05    4.288547e-08 
 4
 Nonlinear solution status: time= 0.653942
	stiffness updates             = 3
	right hand side evaluations   = 6
	stiffness matrix reformations = 1
	step from line search         = 1.000000
	convergence norms :     INITIAL         CURRENT         REQUIRED
	   residual            6.178960e-06    3.376074e-03    0.000000e+00 
	   energy              2.790577e-04    8.495942e-07    2.790577e-06 
	   displacement        4.665754e-02    5.196735e-05    4.501789e-08 
 5
 Nonlinear solution status: time= 0.653942
	stiffness updates             = 4
	right hand side evaluations   = 7
	stiffness matrix reformations = 1
	step from line search         = 1.000000
	convergence norms :     INITIAL         CURRENT         REQUIRED
	   residual            6.178960e-06    1.914409e-03    0.000000e+00 
	   energy              2.790577e-04    3.057069e-07    2.790577e-06 
	   displacement        4.665754e-02    1.970750e-05    4.684318e-08 
 6
 Nonlinear solution status: time= 0.653942
	stiffness updates             = 5
	right hand side evaluations   = 8
	stiffness matrix reformations = 1
	step from line search         = 1.000000
	convergence norms :     INITIAL         CURRENT         REQUIRED
	   residual            6.178960e-06    8.846078e-04    0.000000e+00 
	   energy              2.790577e-04    3.381078e-07    2.790577e-06 
	   displacement        4.665754e-02    2.886702e-06    4.731081e-08 
 7
 Nonlinear solution status: time= 0.653942
	stiffness updates             = 6
	right hand side evaluations   = 9
	stiffness matrix reformations = 1
	step from line search         = 1.000000
	convergence norms :     INITIAL         CURRENT         REQUIRED
	   residual            6.178960e-06    2.070695e-04    0.000000e+00 
	   energy              2.790577e-04    8.844847e-08    2.790577e-06 
	   displacement        4.665754e-02    1.596530e-06    4.697222e-08 
 8
 Nonlinear solution status: time= 0.653942
	stiffness updates             = 7
	right hand side evaluations   = 11
	stiffness matrix reformations = 1
	step from line search         = 0.622853
	convergence norms :     INITIAL         CURRENT         REQUIRED
	   residual            6.178960e-06    1.444990e-04    0.000000e+00 
	   energy              2.790577e-04    1.504170e-08    2.790577e-06 
	   displacement        4.665754e-02    3.081700e-07    4.698365e-08 
 9
 Nonlinear solution status: time= 0.653942
	stiffness updates             = 8
	right hand side evaluations   = 12
	stiffness matrix reformations = 1
	step from line search         = 1.000000
	convergence norms :     INITIAL         CURRENT         REQUIRED
	   residual            6.178960e-06    6.263127e-05    0.000000e+00 
	   energy              2.790577e-04    3.442076e-08    2.790577e-06 
	   displacement        4.665754e-02    3.457891e-07    4.717110e-08 
 10
 Nonlinear solution status: time= 0.653942
	stiffness updates             = 9
	right hand side evaluations   = 13
	stiffness matrix reformations = 1
	step from line search         = 1.000000
	convergence norms :     INITIAL         CURRENT         REQUIRED
	   residual            6.178960e-06    4.543466e-05    0.000000e+00 
	   energy              2.790577e-04    1.104090e-08    2.790577e-06 
	   displacement        4.665754e-02    9.349929e-08    4.721299e-08 

 *************************************************************************
 *                               WARNING                                 *
 * Max nr of iterations reached.                                         *
 * Stiffness matrix will now be reformed.                                *
 *************************************************************************
Reforming stiffness matrix: reformation #2

 11
 Nonlinear solution status: time= 0.653942
	stiffness updates             = 0
	right hand side evaluations   = 14
	stiffness matrix reformations = 2
	step from line search         = 1.000000
	convergence norms :     INITIAL         CURRENT         REQUIRED
	   residual            6.178960e-06    3.549169e-09    0.000000e+00 
	   energy              2.790577e-04    4.150022e-11    2.790577e-06 
	   displacement        4.665754e-02    5.557268e-08    4.713850e-08 
 12
 Nonlinear solution status: time= 0.653942
	stiffness updates             = 1
	right hand side evaluations   = 15
	stiffness matrix reformations = 2
	step from line search         = 1.000000
	convergence norms :     INITIAL         CURRENT         REQUIRED
	   residual            6.178960e-06    1.110080e-10    0.000000e+00 
	   energy              2.790577e-04    3.152190e-13    2.790577e-06 
	   displacement        4.665754e-02    7.321502e-12    4.713818e-08 

convergence summary
    number of iterations   : 12
    number of reformations : 2

------- converged at time : 0.653942


AUTO STEPPER: decreasing time step, dt = 0.0417382


===== beginning time step 14 : 0.695681 =====


Reforming stiffness matrix: reformation #1

 1
 Nonlinear solution status: time= 0.695681
	stiffness updates             = 0
	right hand side evaluations   = 2
	stiffness matrix reformations = 1
	step from line search         = 1.000000
	convergence norms :     INITIAL         CURRENT         REQUIRED
	   residual            5.486085e-06    3.063290e-02    0.000000e+00 
	   energy              2.581674e-04    3.287995e-05    2.581674e-06 
	   displacement        4.366533e-02    4.366533e-02    4.366533e-08 
 2
 Nonlinear solution status: time= 0.695681
	stiffness updates             = 1
	right hand side evaluations   = 4
	stiffness matrix reformations = 1
	step from line search         = 0.621976
	convergence norms :     INITIAL         CURRENT         REQUIRED
	   residual            5.486085e-06    4.262742e-03    0.000000e+00 
	   energy              2.581674e-04    7.845884e-06    2.581674e-06 
	   displacement        4.366533e-02    6.697543e-05    4.274542e-08 
 3
 Nonlinear solution status: time= 0.695681
	stiffness updates             = 2
	right hand side evaluations   = 5
	stiffness matrix reformations = 1
	step from line search         = 1.000000
	convergence norms :     INITIAL         CURRENT         REQUIRED
	   residual            5.486085e-06    1.104388e-03    0.000000e+00 
	   energy              2.581674e-04    5.704876e-07    2.581674e-06 
	   displacement        4.366533e-02    5.451884e-05    4.013055e-08 
 4
 Nonlinear solution status: time= 0.695681
	stiffness updates             = 3
	right hand side evaluations   = 6
	stiffness matrix reformations = 1
	step from line search         = 1.000000
	convergence norms :     INITIAL         CURRENT         REQUIRED
	   residual            5.486085e-06    1.228376e-03    0.000000e+00 
	   energy              2.581674e-04    6.630555e-07    2.581674e-06 
	   displacement        4.366533e-02    5.088660e-05    4.221434e-08 
 5
 Nonlinear solution status: time= 0.695681
	stiffness updates             = 4
	right hand side evaluations   = 7
	stiffness matrix reformations = 1
	step from line search         = 1.000000
	convergence norms :     INITIAL         CURRENT         REQUIRED
	   residual            5.486085e-06    6.912297e-04    0.000000e+00 
	   energy              2.581674e-04    1.661605e-07    2.581674e-06 
	   displacement        4.366533e-02    1.657768e-05    4.383040e-08 
 6
 Nonlinear solution status: time= 0.695681
	stiffness updates             = 5
	right hand side evaluations   = 8
	stiffness matrix reformations = 1
	step from line search         = 1.000000
	convergence norms :     INITIAL         CURRENT         REQUIRED
	   residual            5.486085e-06    5.271634e-04    0.000000e+00 
	   energy              2.581674e-04    2.846575e-07    2.581674e-06 
	   displacement        4.366533e-02    3.062108e-06    4.434419e-08 
 7
 Nonlinear solution status: time= 0.695681
	stiffness updates             = 6
	right hand side evaluations   = 9
	stiffness matrix reformations = 1
	step from line search         = 1.000000
	convergence norms :     INITIAL         CURRENT         REQUIRED
	   residual            5.486085e-06    2.188916e-04    0.000000e+00 
	   energy              2.581674e-04    7.402394e-08    2.581674e-06 
	   displacement        4.366533e-02    1.206321e-06    4.405598e-08 
 8
 Nonlinear solution status: time= 0.695681
	stiffness updates             = 7
	right hand side evaluations   = 10
	stiffness matrix reformations = 1
	step from line search         = 1.000000
	convergence norms :     INITIAL         CURRENT         REQUIRED
	   residual            5.486085e-06    1.509121e-04    0.000000e+00 
	   energy              2.581674e-04    9.005367e-08    2.581674e-06 
	   displacement        4.366533e-02    6.457008e-07    4.402201e-08 
 9
 Nonlinear solution status: time= 0.695681
	stiffness updates             = 8
	right hand side evaluations   = 11
	stiffness matrix reformations = 1
	step from line search         = 1.000000
	convergence norms :     INITIAL         CURRENT         REQUIRED
	   residual            5.486085e-06    5.939932e-05    0.000000e+00 
	   energy              2.581674e-04    1.908424e-08    2.581674e-06 
	   displacement        4.366533e-02    2.260288e-07    4.414820e-08 
 10
 Nonlinear solution status: time= 0.695681
	stiffness updates             = 9
	right hand side evaluations   = 13
	stiffness matrix reformations = 1
	step from line search         = 0.590903
	convergence norms :     INITIAL         CURRENT         REQUIRED
	   residual            5.486085e-06    1.156928e-05    0.000000e+00 
	   energy              2.581674e-04    4.844584e-09    2.581674e-06 
	   displacement        4.366533e-02    6.149205e-08    4.416255e-08 

 *************************************************************************
 *                               WARNING                                 *
 * Max nr of iterations reached.                                         *
 * Stiffness matrix will now be reformed.                                *
 *************************************************************************
Reforming stiffness matrix: reformation #2

 11
 Nonlinear solution status: time= 0.695681
	stiffness updates             = 0
	right hand side evaluations   = 14
	stiffness matrix reformations = 2
	step from line search         = 1.000000
	convergence norms :     INITIAL         CURRENT         REQUIRED
	   residual            5.486085e-06    4.790100e-09    0.000000e+00 
	   energy              2.581674e-04    4.258499e-12    2.581674e-06 
	   displacement        4.366533e-02    2.496952e-08    4.412833e-08 

convergence summary
    number of iterations   : 11
    number of reformations : 2

------- converged at time : 0.695681


===== beginning time step 15 : 0.737419 =====


Reforming stiffness matrix: reformation #1

 1
 Nonlinear solution status: time= 0.737419
	stiffness updates             = 0
	right hand side evaluations   = 2
	stiffness matrix reformations = 1
	step from line search         = 1.000000
	convergence norms :     INITIAL         CURRENT         REQUIRED
	   residual            5.493023e-06    3.140031e-02    0.000000e+00 
	   energy              2.606170e-04    3.687903e-05    2.606170e-06 
	   displacement        4.460518e-02    4.460518e-02    4.460518e-08 
 2
 Nonlinear solution status: time= 0.737419
	stiffness updates             = 1
	right hand side evaluations   = 4
	stiffness matrix reformations = 1
	step from line search         = 0.620896
	convergence norms :     INITIAL         CURRENT         REQUIRED
	   residual            5.493023e-06    4.765329e-03    0.000000e+00 
	   energy              2.606170e-04    9.498856e-06    2.606170e-06 
	   displacement        4.460518e-02    8.087655e-05    4.376427e-08 
 3
 Nonlinear solution status: time= 0.737419
	stiffness updates             = 2
	right hand side evaluations   = 5
	stiffness matrix reformations = 1
	step from line search         = 1.000000
	convergence norms :     INITIAL         CURRENT         REQUIRED
	   residual            5.493023e-06    1.127249e-03    0.000000e+00 
	   energy              2.606170e-04    5.921724e-07    2.606170e-06 
	   displacement        4.460518e-02    7.673499e-05    4.055615e-08 
 4
 Nonlinear solution status: time= 0.737419
	stiffness updates             = 3
	right hand side evaluations   = 6
	stiffness matrix reformations = 1
	step from line search         = 1.000000
	convergence norms :     INITIAL         CURRENT         REQUIRED
	   residual            5.493023e-06    1.338437e-03    0.000000e+00 
	   energy              2.606170e-04    7.800877e-07    2.606170e-06 
	   displacement        4.460518e-02    6.097833e-05    4.285027e-08 
 5
 Nonlinear solution status: time= 0.737419
	stiffness updates             = 4
	right hand side evaluations   = 7
	stiffness matrix reformations = 1
	step from line search         = 1.000000
	convergence norms :     INITIAL         CURRENT         REQUIRED
	   residual            5.493023e-06    8.245407e-04    0.000000e+00 
	   energy              2.606170e-04    1.628565e-07    2.606170e-06 
	   displacement        4.460518e-02    2.034458e-05    4.466636e-08 
 6
 Nonlinear solution status: time= 0.737419
	stiffness updates             = 5
	right hand side evaluations   = 8
	stiffness matrix reformations = 1
	step from line search         = 1.000000
	convergence norms :     INITIAL         CURRENT         REQUIRED
	   residual            5.493023e-06    6.269894e-04    0.000000e+00 
	   energy              2.606170e-04    3.642654e-07    2.606170e-06 
	   displacement        4.460518e-02    4.405229e-06    4.535004e-08 
 7
 Nonlinear solution status: time= 0.737419
	stiffness updates             = 6
	right hand side evaluations   = 9
	stiffness matrix reformations = 1
	step from line search         = 1.000000
	convergence norms :     INITIAL         CURRENT         REQUIRED
	   residual            5.493023e-06    1.869108e-04    0.000000e+00 
	   energy              2.606170e-04    8.261120e-08    2.606170e-06 
	   displacement        4.460518e-02    1.479801e-06    4.503344e-08 
 8
 Nonlinear solution status: time= 0.737419
	stiffness updates             = 7
	right hand side evaluations   = 10
	stiffness matrix reformations = 1
	step from line search         = 1.000000
	convergence norms :     INITIAL         CURRENT         REQUIRED
	   residual            5.493023e-06    1.929772e-04    0.000000e+00 
	   energy              2.606170e-04    1.141738e-07    2.606170e-06 
	   displacement        4.460518e-02    9.097958e-07    4.498537e-08 
 9
 Nonlinear solution status: time= 0.737419
	stiffness updates             = 8
	right hand side evaluations   = 11
	stiffness matrix reformations = 1
	step from line search         = 1.000000
	convergence norms :     INITIAL         CURRENT         REQUIRED
	   residual            5.493023e-06    5.037490e-05    0.000000e+00 
	   energy              2.606170e-04    1.794102e-08    2.606170e-06 
	   displacement        4.460518e-02    2.847833e-07    4.512626e-08 
 10
 Nonlinear solution status: time= 0.737419
	stiffness updates             = 9
	right hand side evaluations   = 13
	stiffness matrix reformations = 1
	step from line search         = 0.579234
	convergence norms :     INITIAL         CURRENT         REQUIRED
	   residual            5.493023e-06    1.288863e-05    0.000000e+00 
	   energy              2.606170e-04    5.528985e-09    2.606170e-06 
	   displacement        4.460518e-02    6.856690e-08    4.514401e-08 

 *************************************************************************
 *                               WARNING                                 *
 * Max nr of iterations reached.                                         *
 * Stiffness matrix will now be reformed.                                *
 *************************************************************************
Reforming stiffness matrix: reformation #2

 11
 Nonlinear solution status: time= 0.737419
	stiffness updates             = 0
	right hand side evaluations   = 14
	stiffness matrix reformations = 2
	step from line search         = 1.000000
	convergence norms :     INITIAL         CURRENT         REQUIRED
	   residual            5.493023e-06    7.402640e-09    0.000000e+00 
	   energy              2.606170e-04    9.136349e-14    2.606170e-06 
	   displacement        4.460518e-02    2.983043e-08    4.511177e-08 

convergence summary
    number of iterations   : 11
    number of reformations : 2

------- converged at time : 0.737419


===== beginning time step 16 : 0.779157 =====


Reforming stiffness matrix: reformation #1

 1
 Nonlinear solution status: time= 0.779157
	stiffness updates             = 0
	right hand side evaluations   = 2
	stiffness matrix reformations = 1
	step from line search         = 1.000000
	convergence norms :     INITIAL         CURRENT         REQUIRED
	   residual            5.496608e-06    3.243237e-02    0.000000e+00 
	   energy              2.632600e-04    4.154803e-05    2.632600e-06 
	   displacement        4.563240e-02    4.563240e-02    4.563240e-08 
 2
 Nonlinear solution status: time= 0.779157
	stiffness updates             = 1
	right hand side evaluations   = 4
	stiffness matrix reformations = 1
	step from line search         = 0.620803
	convergence norms :     INITIAL         CURRENT         REQUIRED
	   residual            5.496608e-06    5.602553e-03    0.000000e+00 
	   energy              2.632600e-04    1.155372e-05    2.632600e-06 
	   displacement        4.563240e-02    9.869194e-05    4.492011e-08 
 3
 Nonlinear solution status: time= 0.779157
	stiffness updates             = 2
	right hand side evaluations   = 5
	stiffness matrix reformations = 1
	step from line search         = 1.000000
	convergence norms :     INITIAL         CURRENT         REQUIRED
	   residual            5.496608e-06    1.172157e-03    0.000000e+00 
	   energy              2.632600e-04    6.019957e-07    2.632600e-06 
	   displacement        4.563240e-02    1.097275e-04    4.096517e-08 
 4
 Nonlinear solution status: time= 0.779157
	stiffness updates             = 3
	right hand side evaluations   = 6
	stiffness matrix reformations = 1
	step from line search         = 1.000000
	convergence norms :     INITIAL         CURRENT         REQUIRED
	   residual            5.496608e-06    1.579046e-03    0.000000e+00 
	   energy              2.632600e-04    9.161696e-07    2.632600e-06 
	   displacement        4.563240e-02    7.353228e-05    4.350321e-08 
 5
 Nonlinear solution status: time= 0.779157
	stiffness updates             = 4
	right hand side evaluations   = 7
	stiffness matrix reformations = 1
	step from line search         = 1.000000
	convergence norms :     INITIAL         CURRENT         REQUIRED
	   residual            5.496608e-06    9.051343e-04    0.000000e+00 
	   energy              2.632600e-04    1.334062e-07    2.632600e-06 
	   displacement        4.563240e-02    2.488389e-05    4.554249e-08 
 6
 Nonlinear solution status: time= 0.779157
	stiffness updates             = 5
	right hand side evaluations   = 8
	stiffness matrix reformations = 1
	step from line search         = 1.000000
	convergence norms :     INITIAL         CURRENT         REQUIRED
	   residual            5.496608e-06    7.086591e-04    0.000000e+00 
	   energy              2.632600e-04    4.277103e-07    2.632600e-06 
	   displacement        4.563240e-02    6.161023e-06    4.641877e-08 
 7
 Nonlinear solution status: time= 0.779157
	stiffness updates             = 6
	right hand side evaluations   = 9
	stiffness matrix reformations = 1
	step from line search         = 1.000000
	convergence norms :     INITIAL         CURRENT         REQUIRED
	   residual            5.496608e-06    2.125453e-04    0.000000e+00 
	   energy              2.632600e-04    9.521645e-08    2.632600e-06 
	   displacement        4.563240e-02    1.617430e-06    4.611449e-08 
 8
 Nonlinear solution status: time= 0.779157
	stiffness updates             = 7
	right hand side evaluations   = 11
	stiffness matrix reformations = 1
	step from line search         = 0.631476
	convergence norms :     INITIAL         CURRENT         REQUIRED
	   residual            5.496608e-06    8.868254e-05    0.000000e+00 
	   energy              2.632600e-04    2.117153e-08    2.632600e-06 
	   displacement        4.563240e-02    5.013044e-07    4.606614e-08 
 9
 Nonlinear solution status: time= 0.779157
	stiffness updates             = 8
	right hand side evaluations   = 12
	stiffness matrix reformations = 1
	step from line search         = 1.000000
	convergence norms :     INITIAL         CURRENT         REQUIRED
	   residual            5.496608e-06    4.771468e-05    0.000000e+00 
	   energy              2.632600e-04    1.873184e-08    2.632600e-06 
	   displacement        4.563240e-02    2.235394e-07    4.620360e-08 
 10
 Nonlinear solution status: time= 0.779157
	stiffness updates             = 9
	right hand side evaluations   = 13
	stiffness matrix reformations = 1
	step from line search         = 1.000000
	convergence norms :     INITIAL         CURRENT         REQUIRED
	   residual            5.496608e-06    2.709268e-05    0.000000e+00 
	   energy              2.632600e-04    1.077220e-08    2.632600e-06 
	   displacement        4.563240e-02    9.943514e-08    4.625239e-08 

 *************************************************************************
 *                               WARNING                                 *
 * Max nr of iterations reached.                                         *
 * Stiffness matrix will now be reformed.                                *
 *************************************************************************
Reforming stiffness matrix: reformation #2

 11
 Nonlinear solution status: time= 0.779157
	stiffness updates             = 0
	right hand side evaluations   = 14
	stiffness matrix reformations = 2
	step from line search         = 1.000000
	convergence norms :     INITIAL         CURRENT         REQUIRED
	   residual            5.496608e-06    1.130862e-08    0.000000e+00 
	   energy              2.632600e-04    1.184393e-10    2.632600e-06 
	   displacement        4.563240e-02    4.871287e-08    4.618473e-08 
 12
 Nonlinear solution status: time= 0.779157
	stiffness updates             = 1
	right hand side evaluations   = 15
	stiffness matrix reformations = 2
	step from line search         = 1.000000
	convergence norms :     INITIAL         CURRENT         REQUIRED
	   residual            5.496608e-06    6.966760e-11    0.000000e+00 
	   energy              2.632600e-04    4.020260e-13    2.632600e-06 
	   displacement        4.563240e-02    2.101533e-11    4.618342e-08 

convergence summary
    number of iterations   : 12
    number of reformations : 2

------- converged at time : 0.779157


AUTO STEPPER: decreasing time step, dt = 0.0399613


===== beginning time step 17 : 0.819118 =====


Reforming stiffness matrix: reformation #1

 1
 Nonlinear solution status: time= 0.819118
	stiffness updates             = 0
	right hand side evaluations   = 2
	stiffness matrix reformations = 1
	step from line search         = 1.000000
	convergence norms :     INITIAL         CURRENT         REQUIRED
	   residual            5.029062e-06    2.825627e-02    0.000000e+00 
	   energy              2.439190e-04    3.938583e-05    2.439190e-06 
	   displacement        4.285409e-02    4.285409e-02    4.285409e-08 
 2
 Nonlinear solution status: time= 0.819118
	stiffness updates             = 1
	right hand side evaluations   = 4
	stiffness matrix reformations = 1
	step from line search         = 0.623107
	convergence norms :     INITIAL         CURRENT         REQUIRED
	   residual            5.029062e-06    4.909782e-03    0.000000e+00 
	   energy              2.439190e-04    1.084792e-05    2.439190e-06 
	   displacement        4.285409e-02    9.858040e-05    4.211945e-08 
 3
 Nonlinear solution status: time= 0.819118
	stiffness updates             = 2
	right hand side evaluations   = 5
	stiffness matrix reformations = 1
	step from line search         = 1.000000
	convergence norms :     INITIAL         CURRENT         REQUIRED
	   residual            5.029062e-06    9.419946e-04    0.000000e+00 
	   energy              2.439190e-04    4.350125e-07    2.439190e-06 
	   displacement        4.285409e-02    1.042451e-04    3.841266e-08 
 4
 Nonlinear solution status: time= 0.819118
	stiffness updates             = 3
	right hand side evaluations   = 6
	stiffness matrix reformations = 1
	step from line search         = 1.000000
	convergence norms :     INITIAL         CURRENT         REQUIRED
	   residual            5.029062e-06    1.327566e-03    0.000000e+00 
	   energy              2.439190e-04    7.652329e-07    2.439190e-06 
	   displacement        4.285409e-02    7.191678e-05    4.088047e-08 
 5
 Nonlinear solution status: time= 0.819118
	stiffness updates             = 4
	right hand side evaluations   = 7
	stiffness matrix reformations = 1
	step from line search         = 1.000000
	convergence norms :     INITIAL         CURRENT         REQUIRED
	   residual            5.029062e-06    6.991166e-04    0.000000e+00 
	   energy              2.439190e-04    6.913190e-08    2.439190e-06 
	   displacement        4.285409e-02    2.251228e-05    4.276646e-08 
 6
 Nonlinear solution status: time= 0.819118
	stiffness updates             = 5
	right hand side evaluations   = 8
	stiffness matrix reformations = 1
	step from line search         = 1.000000
	convergence norms :     INITIAL         CURRENT         REQUIRED
	   residual            5.029062e-06    5.140457e-04    0.000000e+00 
	   energy              2.439190e-04    3.363184e-07    2.439190e-06 
	   displacement        4.285409e-02    5.693436e-06    4.360471e-08 
 7
 Nonlinear solution status: time= 0.819118
	stiffness updates             = 6
	right hand side evaluations   = 9
	stiffness matrix reformations = 1
	step from line search         = 1.000000
	convergence norms :     INITIAL         CURRENT         REQUIRED
	   residual            5.029062e-06    1.575688e-04    0.000000e+00 
	   energy              2.439190e-04    7.571006e-08    2.439190e-06 
	   displacement        4.285409e-02    1.270729e-06    4.336507e-08 
 8
 Nonlinear solution status: time= 0.819118
	stiffness updates             = 7
	right hand side evaluations   = 11
	stiffness matrix reformations = 1
	step from line search         = 0.635104
	convergence norms :     INITIAL         CURRENT         REQUIRED
	   residual            5.029062e-06    6.665757e-05    0.000000e+00 
	   energy              2.439190e-04    1.651267e-08    2.439190e-06 
	   displacement        4.285409e-02    4.051541e-07    4.330761e-08 
 9
 Nonlinear solution status: time= 0.819118
	stiffness updates             = 8
	right hand side evaluations   = 12
	stiffness matrix reformations = 1
	step from line search         = 1.000000
	convergence norms :     INITIAL         CURRENT         REQUIRED
	   residual            5.029062e-06    2.910974e-05    0.000000e+00 
	   energy              2.439190e-04    1.379866e-08    2.439190e-06 
	   displacement        4.285409e-02    1.403025e-07    4.339822e-08 
 10
 Nonlinear solution status: time= 0.819118
	stiffness updates             = 9
	right hand side evaluations   = 13
	stiffness matrix reformations = 1
	step from line search         = 1.000000
	convergence norms :     INITIAL         CURRENT         REQUIRED
	   residual            5.029062e-06    1.555584e-05    0.000000e+00 
	   energy              2.439190e-04    7.648180e-09    2.439190e-06 
	   displacement        4.285409e-02    7.512618e-08    4.342717e-08 

 *************************************************************************
 *                               WARNING                                 *
 * Max nr of iterations reached.                                         *
 * Stiffness matrix will now be reformed.                                *
 *************************************************************************
Reforming stiffness matrix: reformation #2

 11
 Nonlinear solution status: time= 0.819118
	stiffness updates             = 0
	right hand side evaluations   = 14
	stiffness matrix reformations = 2
	step from line search         = 1.000000
	convergence norms :     INITIAL         CURRENT         REQUIRED
	   residual            5.029062e-06    2.661908e-09    0.000000e+00 
	   energy              2.439190e-04    5.043705e-11    2.439190e-06 
	   displacement        4.285409e-02    3.297381e-08    4.337613e-08 

convergence summary
    number of iterations   : 11
    number of reformations : 2

------- converged at time : 0.819118


===== beginning time step 18 : 0.859079 =====


Reforming stiffness matrix: reformation #1

 1
 Nonlinear solution status: time= 0.859079
	stiffness updates             = 0
	right hand side evaluations   = 2
	stiffness matrix reformations = 1
	step from line search         = 1.000000
	convergence norms :     INITIAL         CURRENT         REQUIRED
	   residual            5.033489e-06    2.913855e-02    0.000000e+00 
	   energy              2.465487e-04    4.420698e-05    2.465487e-06 
	   displacement        4.390868e-02    4.390868e-02    4.390868e-08 
 2
 Nonlinear solution status: time= 0.859079
	stiffness updates             = 1
	right hand side evaluations   = 4
	stiffness matrix reformations = 1
	step from line search         = 0.624095
	convergence norms :     INITIAL         CURRENT         REQUIRED
	   residual            5.033489e-06    5.684533e-03    0.000000e+00 
	   energy              2.465487e-04    1.294269e-05    2.465487e-06 
	   displacement        4.390868e-02    1.202221e-04    4.329617e-08 
 3
 Nonlinear solution status: time= 0.859079
	stiffness updates             = 2
	right hand side evaluations   = 5
	stiffness matrix reformations = 1
	step from line search         = 1.000000
	convergence norms :     INITIAL         CURRENT         REQUIRED
	   residual            5.033489e-06    9.698705e-04    0.000000e+00 
	   energy              2.465487e-04    4.160080e-07    2.465487e-06 
	   displacement        4.390868e-02    1.446490e-04    3.881939e-08 
 4
 Nonlinear solution status: time= 0.859079
	stiffness updates             = 3
	right hand side evaluations   = 6
	stiffness matrix reformations = 1
	step from line search         = 1.000000
	convergence norms :     INITIAL         CURRENT         REQUIRED
	   residual            5.033489e-06    1.560103e-03    0.000000e+00 
	   energy              2.465487e-04    8.772349e-07    2.465487e-06 
	   displacement        4.390868e-02    8.591199e-05    4.154778e-08 
 5
 Nonlinear solution status: time= 0.859079
	stiffness updates             = 4
	right hand side evaluations   = 7
	stiffness matrix reformations = 1
	step from line search         = 1.000000
	convergence norms :     INITIAL         CURRENT         REQUIRED
	   residual            5.033489e-06    7.505803e-04    0.000000e+00 
	   energy              2.465487e-04    3.244004e-08    2.465487e-06 
	   displacement        4.390868e-02    2.728635e-05    4.365502e-08 
 6
 Nonlinear solution status: time= 0.859079
	stiffness updates             = 5
	right hand side evaluations   = 8
	stiffness matrix reformations = 1
	step from line search         = 1.000000
	convergence norms :     INITIAL         CURRENT         REQUIRED
	   residual            5.033489e-06    5.672121e-04    0.000000e+00 
	   energy              2.465487e-04    3.578864e-07    2.465487e-06 
	   displacement        4.390868e-02    7.553370e-06    4.467618e-08 
 7
 Nonlinear solution status: time= 0.859079
	stiffness updates             = 6
	right hand side evaluations   = 9
	stiffness matrix reformations = 1
	step from line search         = 1.000000
	convergence norms :     INITIAL         CURRENT         REQUIRED
	   residual            5.033489e-06    1.723322e-04    0.000000e+00 
	   energy              2.465487e-04    8.191962e-08    2.465487e-06 
	   displacement        4.390868e-02    1.376475e-06    4.448616e-08 
 8
 Nonlinear solution status: time= 0.859079
	stiffness updates             = 7
	right hand side evaluations   = 11
	stiffness matrix reformations = 1
	step from line search         = 0.621459
	convergence norms :     INITIAL         CURRENT         REQUIRED
	   residual            5.033489e-06    8.699734e-05    0.000000e+00 
	   energy              2.465487e-04    2.106839e-08    2.465487e-06 
	   displacement        4.390868e-02    5.055038e-07    4.441794e-08 
 9
 Nonlinear solution status: time= 0.859079
	stiffness updates             = 8
	right hand side evaluations   = 12
	stiffness matrix reformations = 1
	step from line search         = 1.000000
	convergence norms :     INITIAL         CURRENT         REQUIRED
	   residual            5.033489e-06    4.283726e-05    0.000000e+00 
	   energy              2.465487e-04    2.003068e-08    2.465487e-06 
	   displacement        4.390868e-02    1.429027e-07    4.449145e-08 
 10
 Nonlinear solution status: time= 0.859079
	stiffness updates             = 9
	right hand side evaluations   = 13
	stiffness matrix reformations = 1
	step from line search         = 1.000000
	convergence norms :     INITIAL         CURRENT         REQUIRED
	   residual            5.033489e-06    1.731496e-05    0.000000e+00 
	   energy              2.465487e-04    9.552970e-09    2.465487e-06 
	   displacement        4.390868e-02    9.539968e-08    4.451609e-08 

 *************************************************************************
 *                               WARNING                                 *
 * Max nr of iterations reached.                                         *
 * Stiffness matrix will now be reformed.                                *
 *************************************************************************
Reforming stiffness matrix: reformation #2

 11
 Nonlinear solution status: time= 0.859079
	stiffness updates             = 0
	right hand side evaluations   = 14
	stiffness matrix reformations = 2
	step from line search         = 1.000000
	convergence norms :     INITIAL         CURRENT         REQUIRED
	   residual            5.033489e-06    2.529156e-09    0.000000e+00 
	   energy              2.465487e-04    5.959554e-11    2.465487e-06 
	   displacement        4.390868e-02    3.788839e-08    4.446953e-08 

convergence summary
    number of iterations   : 11
    number of reformations : 2

------- converged at time : 0.859079


===== beginning time step 19 : 0.899041 =====


Reforming stiffness matrix: reformation #1

 1
 Nonlinear solution status: time= 0.899041
	stiffness updates             = 0
	right hand side evaluations   = 2
	stiffness matrix reformations = 1
	step from line search         = 1.000000
	convergence norms :     INITIAL         CURRENT         REQUIRED
	   residual            5.034604e-06    3.002852e-02    0.000000e+00 
	   energy              2.493256e-04    4.956895e-05    2.493256e-06 
	   displacement        4.503986e-02    4.503986e-02    4.503986e-08 
 2
 Nonlinear solution status: time= 0.899041
	stiffness updates             = 1
	right hand side evaluations   = 4
	stiffness matrix reformations = 1
	step from line search         = 0.625726
	convergence norms :     INITIAL         CURRENT         REQUIRED
	   residual            5.034604e-06    6.493411e-03    0.000000e+00 
	   energy              2.493256e-04    1.528025e-05    2.493256e-06 
	   displacement        4.503986e-02    1.469421e-04    4.457097e-08 
 3
 Nonlinear solution status: time= 0.899041
	stiffness updates             = 2
	right hand side evaluations   = 5
	stiffness matrix reformations = 1
	step from line search         = 1.000000
	convergence norms :     INITIAL         CURRENT         REQUIRED
	   residual            5.034604e-06    1.006969e-03    0.000000e+00 
	   energy              2.493256e-04    3.954337e-07    2.493256e-06 
	   displacement        4.503986e-02    1.977001e-04    3.922367e-08 
 4
 Nonlinear solution status: time= 0.899041
	stiffness updates             = 3
	right hand side evaluations   = 6
	stiffness matrix reformations = 1
	step from line search         = 1.000000
	convergence norms :     INITIAL         CURRENT         REQUIRED
	   residual            5.034604e-06    1.827591e-03    0.000000e+00 
	   energy              2.493256e-04    1.004155e-06    2.493256e-06 
	   displacement        4.503986e-02    1.018618e-04    4.223043e-08 
 5
 Nonlinear solution status: time= 0.899041
	stiffness updates             = 4
	right hand side evaluations   = 7
	stiffness matrix reformations = 1
	step from line search         = 1.000000
	convergence norms :     INITIAL         CURRENT         REQUIRED
	   residual            5.034604e-06    8.056217e-04    0.000000e+00 
	   energy              2.493256e-04    8.505824e-09    2.493256e-06 
	   displacement        4.503986e-02    3.347311e-05    4.459822e-08 
 6
 Nonlinear solution status: time= 0.899041
	stiffness updates             = 5
	right hand side evaluations   = 8
	stiffness matrix reformations = 1
	step from line search         = 1.000000
	convergence norms :     INITIAL         CURRENT         REQUIRED
	   residual            5.034604e-06    6.307999e-04    0.000000e+00 
	   energy              2.493256e-04    3.913693e-07    2.493256e-06 
	   displacement        4.503986e-02    9.920103e-06    4.582164e-08 
 7
 Nonlinear solution status: time= 0.899041
	stiffness updates             = 6
	right hand side evaluations   = 9
	stiffness matrix reformations = 1
	step from line search         = 1.000000
	convergence norms :     INITIAL         CURRENT         REQUIRED
	   residual            5.034604e-06    1.719581e-04    0.000000e+00 
	   energy              2.493256e-04    8.422690e-08    2.493256e-06 
	   displacement        4.503986e-02    1.674174e-06    4.567249e-08 
 8
 Nonlinear solution status: time= 0.899041
	stiffness updates             = 7
	right hand side evaluations   = 11
	stiffness matrix reformations = 1
	step from line search         = 0.609843
	convergence norms :     INITIAL         CURRENT         REQUIRED
	   residual            5.034604e-06    1.046465e-04    0.000000e+00 
	   energy              2.493256e-04    2.596371e-08    2.493256e-06 
	   displacement        4.503986e-02    6.365511e-07    4.560289e-08 
 9
 Nonlinear solution status: time= 0.899041
	stiffness updates             = 8
	right hand side evaluations   = 12
	stiffness matrix reformations = 1
	step from line search         = 1.000000
	convergence norms :     INITIAL         CURRENT         REQUIRED
	   residual            5.034604e-06    6.152910e-05    0.000000e+00 
	   energy              2.493256e-04    2.907287e-08    2.493256e-06 
	   displacement        4.503986e-02    1.577988e-07    4.566016e-08 
 10
 Nonlinear solution status: time= 0.899041
	stiffness updates             = 9
	right hand side evaluations   = 13
	stiffness matrix reformations = 1
	step from line search         = 1.000000
	convergence norms :     INITIAL         CURRENT         REQUIRED
	   residual            5.034604e-06    2.178562e-05    0.000000e+00 
	   energy              2.493256e-04    1.222636e-08    2.493256e-06 
	   displacement        4.503986e-02    1.235235e-07    4.568036e-08 

 *************************************************************************
 *                               WARNING                                 *
 * Max nr of iterations reached.                                         *
 * Stiffness matrix will now be reformed.                                *
 *************************************************************************
Reforming stiffness matrix: reformation #2

 11
 Nonlinear solution status: time= 0.899041
	stiffness updates             = 0
	right hand side evaluations   = 14
	stiffness matrix reformations = 2
	step from line search         = 1.000000
	convergence norms :     INITIAL         CURRENT         REQUIRED
	   residual            5.034604e-06    3.133600e-09    0.000000e+00 
	   energy              2.493256e-04    7.694909e-11    2.493256e-06 
	   displacement        4.503986e-02    4.453233e-08    4.563914e-08 

convergence summary
    number of iterations   : 11
    number of reformations : 2

------- converged at time : 0.899041


===== beginning time step 20 : 0.939002 =====


Reforming stiffness matrix: reformation #1

 1
 Nonlinear solution status: time= 0.939002
	stiffness updates             = 0
	right hand side evaluations   = 2
	stiffness matrix reformations = 1
	step from line search         = 1.000000
	convergence norms :     INITIAL         CURRENT         REQUIRED
	   residual            5.036567e-06    3.089673e-02    0.000000e+00 
	   energy              2.522348e-04    5.543633e-05    2.522348e-06 
	   displacement        4.624583e-02    4.624583e-02    4.624583e-08 
 2
 Nonlinear solution status: time= 0.939002
	stiffness updates             = 1
	right hand side evaluations   = 4
	stiffness matrix reformations = 1
	step from line search         = 0.627743
	convergence norms :     INITIAL         CURRENT         REQUIRED
	   residual            5.036567e-06    7.270654e-03    0.000000e+00 
	   energy              2.522348e-04    1.779451e-05    2.522348e-06 
	   displacement        4.624583e-02    1.793062e-04    4.592931e-08 
 3
 Nonlinear solution status: time= 0.939002
	stiffness updates             = 2
	right hand side evaluations   = 5
	stiffness matrix reformations = 1
	step from line search         = 1.000000
	convergence norms :     INITIAL         CURRENT         REQUIRED
	   residual            5.036567e-06    1.056704e-03    0.000000e+00 
	   energy              2.522348e-04    3.865573e-07    2.522348e-06 
	   displacement        4.624583e-02    2.643101e-04    3.963054e-08 
 4
 Nonlinear solution status: time= 0.939002
	stiffness updates             = 3
	right hand side evaluations   = 6
	stiffness matrix reformations = 1
	step from line search         = 1.000000
	convergence norms :     INITIAL         CURRENT         REQUIRED
	   residual            5.036567e-06    2.108708e-03    0.000000e+00 
	   energy              2.522348e-04    1.143890e-06    2.522348e-06 
	   displacement        4.624583e-02    1.193900e-04    4.292572e-08 
 5
 Nonlinear solution status: time= 0.939002
	stiffness updates             = 4
	right hand side evaluations   = 7
	stiffness matrix reformations = 1
	step from line search         = 1.000000
	convergence norms :     INITIAL         CURRENT         REQUIRED
	   residual            5.036567e-06    8.737162e-04    0.000000e+00 
	   energy              2.522348e-04    1.893395e-08    2.522348e-06 
	   displacement        4.624583e-02    4.180256e-05    4.560837e-08 
 6
 Nonlinear solution status: time= 0.939002
	stiffness updates             = 5
	right hand side evaluations   = 8
	stiffness matrix reformations = 1
	step from line search         = 1.000000
	convergence norms :     INITIAL         CURRENT         REQUIRED
	   residual            5.036567e-06    6.823568e-04    0.000000e+00 
	   energy              2.522348e-04    4.890615e-07    2.522348e-06 
	   displacement        4.624583e-02    1.333599e-05    4.707242e-08 
 7
 Nonlinear solution status: time= 0.939002
	stiffness updates             = 6
	right hand side evaluations   = 9
	stiffness matrix reformations = 1
	step from line search         = 1.000000
	convergence norms :     INITIAL         CURRENT         REQUIRED
	   residual            5.036567e-06    1.625512e-04    0.000000e+00 
	   energy              2.522348e-04    9.993239e-08    2.522348e-06 
	   displacement        4.624583e-02    2.344136e-06    4.689793e-08 
 8
 Nonlinear solution status: time= 0.939002
	stiffness updates             = 7
	right hand side evaluations   = 11
	stiffness matrix reformations = 1
	step from line search         = 0.605286
	convergence norms :     INITIAL         CURRENT         REQUIRED
	   residual            5.036567e-06    1.311151e-04    0.000000e+00 
	   energy              2.522348e-04    3.242897e-08    2.522348e-06 
	   displacement        4.624583e-02    8.674792e-07    4.681812e-08 
 9
 Nonlinear solution status: time= 0.939002
	stiffness updates             = 8
	right hand side evaluations   = 12
	stiffness matrix reformations = 1
	step from line search         = 1.000000
	convergence norms :     INITIAL         CURRENT         REQUIRED
	   residual            5.036567e-06    8.069076e-05    0.000000e+00 
	   energy              2.522348e-04    4.015256e-08    2.522348e-06 
	   displacement        4.624583e-02    2.202338e-07    4.689602e-08 
 10
 Nonlinear solution status: time= 0.939002
	stiffness updates             = 9
	right hand side evaluations   = 13
	stiffness matrix reformations = 1
	step from line search         = 1.000000
	convergence norms :     INITIAL         CURRENT         REQUIRED
	   residual            5.036567e-06    2.999696e-05    0.000000e+00 
	   energy              2.522348e-04    1.654165e-08    2.522348e-06 
	   displacement        4.624583e-02    1.623741e-07    4.692958e-08 

 *************************************************************************
 *                               WARNING                                 *
 * Max nr of iterations reached.                                         *
 * Stiffness matrix will now be reformed.                                *
 *************************************************************************
Reforming stiffness matrix: reformation #2

 11
 Nonlinear solution status: time= 0.939002
	stiffness updates             = 0
	right hand side evaluations   = 14
	stiffness matrix reformations = 2
	step from line search         = 1.000000
	convergence norms :     INITIAL         CURRENT         REQUIRED
	   residual            5.036567e-06    4.468840e-09    0.000000e+00 
	   energy              2.522348e-04    1.078068e-10    2.522348e-06 
	   displacement        4.624583e-02    5.841287e-08    4.688228e-08 
 12
 Nonlinear solution status: time= 0.939002
	stiffness updates             = 1
	right hand side evaluations   = 15
	stiffness matrix reformations = 2
	step from line search         = 1.000000
	convergence norms :     INITIAL         CURRENT         REQUIRED
	   residual            5.036567e-06    7.516876e-12    0.000000e+00 
	   energy              2.522348e-04    1.528050e-13    2.522348e-06 
	   displacement        4.624583e-02    4.981235e-11    4.687992e-08 

convergence summary
    number of iterations   : 12
    number of reformations : 2

------- converged at time : 0.939002


AUTO STEPPER: decreasing time step, dt = 0.03826


===== beginning time step 21 : 0.977262 =====


Reforming stiffness matrix: reformation #1

 1
 Nonlinear solution status: time= 0.977262
	stiffness updates             = 0
	right hand side evaluations   = 2
	stiffness matrix reformations = 1
	step from line search         = 1.000000
	convergence norms :     INITIAL         CURRENT         REQUIRED
	   residual            4.609808e-06    2.667564e-02    0.000000e+00 
	   energy              2.340040e-04    5.188881e-05    2.340040e-06 
	   displacement        4.356743e-02    4.356743e-02    4.356743e-08 
 2
 Nonlinear solution status: time= 0.977262
	stiffness updates             = 1
	right hand side evaluations   = 4
	stiffness matrix reformations = 1
	step from line search         = 0.629807
	convergence norms :     INITIAL         CURRENT         REQUIRED
	   residual            4.609808e-06    5.953855e-03    0.000000e+00 
	   energy              2.340040e-04    1.599886e-05    2.340040e-06 
	   displacement        4.356743e-02    1.755418e-04    4.302036e-08 
 3
 Nonlinear solution status: time= 0.977262
	stiffness updates             = 2
	right hand side evaluations   = 5
	stiffness matrix reformations = 1
	step from line search         = 1.000000
	convergence norms :     INITIAL         CURRENT         REQUIRED
	   residual            4.609808e-06    8.160798e-04    0.000000e+00 
	   energy              2.340040e-04    2.307676e-07    2.340040e-06 
	   displacement        4.356743e-02    2.313530e-04    3.737478e-08 
 4
 Nonlinear solution status: time= 0.977262
	stiffness updates             = 3
	right hand side evaluations   = 6
	stiffness matrix reformations = 1
	step from line search         = 1.000000
	convergence norms :     INITIAL         CURRENT         REQUIRED
	   residual            4.609808e-06    1.639874e-03    0.000000e+00 
	   energy              2.340040e-04    8.768391e-07    2.340040e-06 
	   displacement        4.356743e-02    1.144288e-04    4.057053e-08 
 5
 Nonlinear solution status: time= 0.977262
	stiffness updates             = 4
	right hand side evaluations   = 7
	stiffness matrix reformations = 1
	step from line search         = 1.000000
	convergence norms :     INITIAL         CURRENT         REQUIRED
	   residual            4.609808e-06    6.437438e-04    0.000000e+00 
	   energy              2.340040e-04    3.666025e-08    2.340040e-06 
	   displacement        4.356743e-02    3.678770e-05    4.301759e-08 
 6
 Nonlinear solution status: time= 0.977262
	stiffness updates             = 5
	right hand side evaluations   = 8
	stiffness matrix reformations = 1
	step from line search         = 1.000000
	convergence norms :     INITIAL         CURRENT         REQUIRED
	   residual            4.609808e-06    5.182774e-04    0.000000e+00 
	   energy              2.340040e-04    3.765793e-07    2.340040e-06 
	   displacement        4.356743e-02    1.223526e-05    4.439768e-08 
 7
 Nonlinear solution status: time= 0.977262
	stiffness updates             = 6
	right hand side evaluations   = 9
	stiffness matrix reformations = 1
	step from line search         = 1.000000
	convergence norms :     INITIAL         CURRENT         REQUIRED
	   residual            4.609808e-06    1.238423e-04    0.000000e+00 
	   energy              2.340040e-04    9.066035e-08    2.340040e-06 
	   displacement        4.356743e-02    1.949653e-06    4.425422e-08 
 8
 Nonlinear solution status: time= 0.977262
	stiffness updates             = 7
	right hand side evaluations   = 11
	stiffness matrix reformations = 1
	step from line search         = 0.614976
	convergence norms :     INITIAL         CURRENT         REQUIRED
	   residual            4.609808e-06    9.115365e-05    0.000000e+00 
	   energy              2.340040e-04    2.402848e-08    2.340040e-06 
	   displacement        4.356743e-02    6.700756e-07    4.415017e-08 
 9
 Nonlinear solution status: time= 0.977262
	stiffness updates             = 8
	right hand side evaluations   = 12
	stiffness matrix reformations = 1
	step from line search         = 1.000000
	convergence norms :     INITIAL         CURRENT         REQUIRED
	   residual            4.609808e-06    5.670821e-05    0.000000e+00 
	   energy              2.340040e-04    2.919802e-08    2.340040e-06 
	   displacement        4.356743e-02    1.360514e-07    4.417223e-08 
 10
 Nonlinear solution status: time= 0.977262
	stiffness updates             = 9
	right hand side evaluations   = 13
	stiffness matrix reformations = 1
	step from line search         = 1.000000
	convergence norms :     INITIAL         CURRENT         REQUIRED
	   residual            4.609808e-06    1.858595e-05    0.000000e+00 
	   energy              2.340040e-04    1.070151e-08    2.340040e-06 
	   displacement        4.356743e-02    1.159632e-07    4.418294e-08 

 *************************************************************************
 *                               WARNING                                 *
 * Max nr of iterations reached.                                         *
 * Stiffness matrix will now be reformed.                                *
 *************************************************************************
Reforming stiffness matrix: reformation #2

 11
 Nonlinear solution status: time= 0.977262
	stiffness updates             = 0
	right hand side evaluations   = 14
	stiffness matrix reformations = 2
	step from line search         = 1.000000
	convergence norms :     INITIAL         CURRENT         REQUIRED
	   residual            4.609808e-06    1.895685e-09    0.000000e+00 
	   energy              2.340040e-04    4.821462e-11    2.340040e-06 
	   displacement        4.356743e-02    3.771759e-08    4.415376e-08 

convergence summary
    number of iterations   : 11
    number of reformations : 2

------- converged at time : 0.977262

MUST POINT CONTROLLER: adjusting time step. dt = 0.0227381


===== beginning time step 22 : 1 =====


Reforming stiffness matrix: reformation #1

 1
 Nonlinear solution status: time= 1
	stiffness updates             = 0
	right hand side evaluations   = 2
	stiffness matrix reformations = 1
	step from line search         = 1.000000
	convergence norms :     INITIAL         CURRENT         REQUIRED
	   residual            1.632537e-06    3.398060e-03    0.000000e+00 
	   energy              8.361424e-05    7.024817e-06    8.361424e-07 
	   displacement        1.580367e-02    1.580367e-02    1.580367e-08 
 2
 Nonlinear solution status: time= 1
	stiffness updates             = 1
	right hand side evaluations   = 3
	stiffness matrix reformations = 1
	step from line search         = 1.000000
	convergence norms :     INITIAL         CURRENT         REQUIRED
	   residual            1.632537e-06    1.105616e-03    0.000000e+00 
	   energy              8.361424e-05    3.903585e-06    8.361424e-07 
	   displacement        1.580367e-02    4.382420e-05    1.488697e-08 
 3
 Nonlinear solution status: time= 1
	stiffness updates             = 2
	right hand side evaluations   = 4
	stiffness matrix reformations = 1
	step from line search         = 1.000000
	convergence norms :     INITIAL         CURRENT         REQUIRED
	   residual            1.632537e-06    3.323364e-05    0.000000e+00 
	   energy              8.361424e-05    2.321146e-07    8.361424e-07 
	   displacement        1.580367e-02    1.398334e-05    1.499766e-08 
 4
 Nonlinear solution status: time= 1
	stiffness updates             = 3
	right hand side evaluations   = 5
	stiffness matrix reformations = 1
	step from line search         = 1.000000
	convergence norms :     INITIAL         CURRENT         REQUIRED
	   residual            1.632537e-06    4.328722e-05    0.000000e+00 
	   energy              8.361424e-05    2.143507e-09    8.361424e-07 
	   displacement        1.580367e-02    1.264914e-05    1.577746e-08 
 5
 Nonlinear solution status: time= 1
	stiffness updates             = 4
	right hand side evaluations   = 6
	stiffness matrix reformations = 1
	step from line search         = 1.000000
	convergence norms :     INITIAL         CURRENT         REQUIRED
	   residual            1.632537e-06    1.448736e-05    0.000000e+00 
	   energy              8.361424e-05    5.727990e-09    8.361424e-07 
	   displacement        1.580367e-02    4.925876e-07    1.593113e-08 
 6
 Nonlinear solution status: time= 1
	stiffness updates             = 5
	right hand side evaluations   = 7
	stiffness matrix reformations = 1
	step from line search         = 1.000000
	convergence norms :     INITIAL         CURRENT         REQUIRED
	   residual            1.632537e-06    1.977476e-06    0.000000e+00 
	   energy              8.361424e-05    4.122996e-09    8.361424e-07 
	   displacement        1.580367e-02    1.949984e-08    1.593880e-08 
 7
 Nonlinear solution status: time= 1
	stiffness updates             = 6
	right hand side evaluations   = 8
	stiffness matrix reformations = 1
	step from line search         = 1.000000
	convergence norms :     INITIAL         CURRENT         REQUIRED
	   residual            1.632537e-06    3.979730e-07    0.000000e+00 
	   energy              8.361424e-05    2.501165e-10    8.361424e-07 
	   displacement        1.580367e-02    4.468613e-09    1.593916e-08 

convergence summary
    number of iterations   : 7
    number of reformations : 1

------- converged at time : 1



 N O N L I N E A R   I T E R A T I O N   I N F O R M A T I O N

	Number of time steps completed .................... : 22

	Total number of equilibrium iterations ............ : 234

	Average number of equilibrium iterations .......... : 10.6364

	Total number of right hand evaluations ............ : 305

	Total number of stiffness reformations ............ : 39


 L I N E A R   S O L V E R   S T A T S

	Total calls to linear solver ........ : 309

	Avg iterations per solve ............ : 1

FATAL ERROR: Output variable "density_map" is not defined

 *************************************************************************
 * Selecting linear solver pardiso                                       *
 *************************************************************************

===== beginning time step 1 : 1.01 =====


Reforming stiffness matrix: reformation #1

===== reforming stiffness matrix:
	Nr of equations ........................... : 116467
	Nr of nonzeroes in stiffness matrix ....... : 4839296
 1
 Nonlinear solution status: time= 1.01
	stiffness updates             = 0
	right hand side evaluations   = 2
	stiffness matrix reformations = 1
	step from line search         = 1.000000
	convergence norms :     INITIAL         CURRENT         REQUIRED
	   residual            1.295933e+05    3.365758e+00    0.000000e+00 
	   energy              6.451437e+00    6.771489e-03    6.451437e-02 
	   displacement        4.715957e-02    4.715957e-02    4.715957e-08 
 2

 *************************************************************************
 *                                ERROR                                  *
 * 26 negative jacobians detected.                                       *
 *************************************************************************


------- failed to converge at time : 1.01

Retrying time step. Retry attempt 1 of max 20


AUTO STEPPER: retry step, dt = 0.00952381


===== beginning time step 1 : 1.00952 =====


Reforming stiffness matrix: reformation #1

 1
 Nonlinear solution status: time= 1.00952
	stiffness updates             = 0
	right hand side evaluations   = 2
	stiffness matrix reformations = 1
	step from line search         = 1.000000
	convergence norms :     INITIAL         CURRENT         REQUIRED
	   residual            1.189832e+05    3.167778e+00    0.000000e+00 
	   energy              5.922670e+00    6.295992e-03    5.922670e-02 
	   displacement        4.149833e-02    4.149833e-02    4.149833e-08 
 2

 *************************************************************************
 *                                ERROR                                  *
 * 22 negative jacobians detected.                                       *
 *************************************************************************


------- failed to converge at time : 1.00952

Retrying time step. Retry attempt 2 of max 20


AUTO STEPPER: retry step, dt = 0.00904762


===== beginning time step 1 : 1.00905 =====


Reforming stiffness matrix: reformation #1

 1
 Nonlinear solution status: time= 1.00905
	stiffness updates             = 0
	right hand side evaluations   = 2
	stiffness matrix reformations = 1
	step from line search         = 1.000000
	convergence norms :     INITIAL         CURRENT         REQUIRED
	   residual            1.088261e+05    2.985499e+00    0.000000e+00 
	   energy              5.416507e+00    5.847942e-03    5.416507e-02 
	   displacement        3.628851e-02    3.628851e-02    3.628851e-08 
 2

 *************************************************************************
 *                                ERROR                                  *
 * 20 negative jacobians detected.                                       *
 *************************************************************************


------- failed to converge at time : 1.00905

Retrying time step. Retry attempt 3 of max 20


AUTO STEPPER: retry step, dt = 0.00857143


===== beginning time step 1 : 1.00857 =====


Reforming stiffness matrix: reformation #1

 1
 Nonlinear solution status: time= 1.00857
	stiffness updates             = 0
	right hand side evaluations   = 2
	stiffness matrix reformations = 1
	step from line search         = 1.000000
	convergence norms :     INITIAL         CURRENT         REQUIRED
	   residual            9.865420e+04    2.789853e+00    0.000000e+00 
	   energy              4.909659e+00    5.387468e-03    4.909659e-02 
	   displacement        3.136563e-02    3.136563e-02    3.136563e-08 
 2

 *************************************************************************
 *                                ERROR                                  *
 * 17 negative jacobians detected.                                       *
 *************************************************************************


------- failed to converge at time : 1.00857

Retrying time step. Retry attempt 4 of max 20


AUTO STEPPER: retry step, dt = 0.00809524


===== beginning time step 1 : 1.0081 =====


Reforming stiffness matrix: reformation #1

 1
 Nonlinear solution status: time= 1.0081
	stiffness updates             = 0
	right hand side evaluations   = 2
	stiffness matrix reformations = 1
	step from line search         = 1.000000
	convergence norms :     INITIAL         CURRENT         REQUIRED
	   residual            8.896466e+04    2.605876e+00    0.000000e+00 
	   energy              4.426880e+00    4.950653e-03    4.426880e-02 
	   displacement        2.688609e-02    2.688609e-02    2.688609e-08 
 2

 *************************************************************************
 *                                ERROR                                  *
 * 16 negative jacobians detected.                                       *
 *************************************************************************


------- failed to converge at time : 1.0081

Retrying time step. Retry attempt 5 of max 20


AUTO STEPPER: retry step, dt = 0.00761905


===== beginning time step 1 : 1.00762 =====


Reforming stiffness matrix: reformation #1

 1
 Nonlinear solution status: time= 1.00762
	stiffness updates             = 0
	right hand side evaluations   = 2
	stiffness matrix reformations = 1
	step from line search         = 1.000000
	convergence norms :     INITIAL         CURRENT         REQUIRED
	   residual            7.977588e+04    2.432555e+00    0.000000e+00 
	   energy              3.969083e+00    4.536311e-03    3.969083e-02 
	   displacement        2.283780e-02    2.283780e-02    2.283780e-08 
 2

 *************************************************************************
 *                                ERROR                                  *
 * 10 negative jacobians detected.                                       *
 *************************************************************************


------- failed to converge at time : 1.00762

Retrying time step. Retry attempt 6 of max 20


AUTO STEPPER: retry step, dt = 0.00714286


===== beginning time step 1 : 1.00714 =====


Reforming stiffness matrix: reformation #1

 1
 Nonlinear solution status: time= 1.00714
	stiffness updates             = 0
	right hand side evaluations   = 2
	stiffness matrix reformations = 1
	step from line search         = 1.000000
	convergence norms :     INITIAL         CURRENT         REQUIRED
	   residual            7.101740e+04    2.263302e+00    0.000000e+00 
	   energy              3.532764e+00    4.136161e-03    3.532764e-02 
	   displacement        1.918314e-02    1.918314e-02    1.918314e-08 
 2

 *************************************************************************
 *                                ERROR                                  *
 * 5 negative jacobians detected.                                        *
 *************************************************************************


------- failed to converge at time : 1.00714

Retrying time step. Retry attempt 7 of max 20


AUTO STEPPER: retry step, dt = 0.00666667


===== beginning time step 1 : 1.00667 =====


Reforming stiffness matrix: reformation #1

 1
 Nonlinear solution status: time= 1.00667
	stiffness updates             = 0
	right hand side evaluations   = 2
	stiffness matrix reformations = 1
	step from line search         = 1.000000
	convergence norms :     INITIAL         CURRENT         REQUIRED
	   residual            6.244792e+04    2.079063e+00    0.000000e+00 
	   energy              3.105922e+00    3.727169e-03    3.105922e-02 
	   displacement        1.584540e-02    1.584540e-02    1.584540e-08 
 2

 *************************************************************************
 *                                ERROR                                  *
 * Negative jacobian detected.                                           *
 *************************************************************************


------- failed to converge at time : 1.00667

Retrying time step. Retry attempt 8 of max 20


AUTO STEPPER: retry step, dt = 0.00619048


===== beginning time step 1 : 1.00619 =====


Reforming stiffness matrix: reformation #1

 1
 Nonlinear solution status: time= 1.00619
	stiffness updates             = 0
	right hand side evaluations   = 2
	stiffness matrix reformations = 1
	step from line search         = 1.000000
	convergence norms :     INITIAL         CURRENT         REQUIRED
	   residual            5.442924e+04    1.900733e+00    0.000000e+00 
	   energy              2.706558e+00    3.337004e-03    2.706558e-02 
	   displacement        1.290657e-02    1.290657e-02    1.290657e-08 
 2

 *************************************************************************
 *                                ERROR                                  *
 * Negative jacobian detected.                                           *
 *************************************************************************


------- failed to converge at time : 1.00619

Retrying time step. Retry attempt 9 of max 20


AUTO STEPPER: retry step, dt = 0.00571429


===== beginning time step 1 : 1.00571 =====


Reforming stiffness matrix: reformation #1

 1
 Nonlinear solution status: time= 1.00571
	stiffness updates             = 0
	right hand side evaluations   = 2
	stiffness matrix reformations = 1
	step from line search         = 1.000000
	convergence norms :     INITIAL         CURRENT         REQUIRED
	   residual            4.696135e+04    1.726801e+00    0.000000e+00 
	   energy              2.334671e+00    2.964204e-03    2.334671e-02 
	   displacement        1.034460e-02    1.034460e-02    1.034460e-08 
 2

 *************************************************************************
 *                                ERROR                                  *
 * Negative jacobian detected.                                           *
 *************************************************************************


------- failed to converge at time : 1.00571

Retrying time step. Retry attempt 10 of max 20


AUTO STEPPER: retry step, dt = 0.0052381


===== beginning time step 1 : 1.00524 =====


Reforming stiffness matrix: reformation #1

 1
 Nonlinear solution status: time= 1.00524
	stiffness updates             = 0
	right hand side evaluations   = 2
	stiffness matrix reformations = 1
	step from line search         = 1.000000
	convergence norms :     INITIAL         CURRENT         REQUIRED
	   residual            3.992744e+04    1.546864e+00    0.000000e+00 
	   energy              1.984455e+00    2.597160e-03    1.984455e-02 
	   displacement        8.113131e-03    8.113131e-03    8.113131e-09 
 2

 *************************************************************************
 *                                ERROR                                  *
 * Negative jacobian detected.                                           *
 *************************************************************************


------- failed to converge at time : 1.00524

Retrying time step. Retry attempt 11 of max 20


AUTO STEPPER: retry step, dt = 0.0047619


===== beginning time step 1 : 1.00476 =====


Reforming stiffness matrix: reformation #1

 1
 Nonlinear solution status: time= 1.00476
	stiffness updates             = 0
	right hand side evaluations   = 2
	stiffness matrix reformations = 1
	step from line search         = 1.000000
	convergence norms :     INITIAL         CURRENT         REQUIRED
	   residual            3.328858e+04    1.355487e+00    0.000000e+00 
	   energy              1.653981e+00    2.230959e-03    1.653981e-02 
	   displacement        6.187760e-03    6.187760e-03    6.187760e-09 
 2

 *************************************************************************
 *                                ERROR                                  *
 * Negative jacobian detected.                                           *
 *************************************************************************


------- failed to converge at time : 1.00476

Retrying time step. Retry attempt 12 of max 20


AUTO STEPPER: retry step, dt = 0.00428571


===== beginning time step 1 : 1.00429 =====


Reforming stiffness matrix: reformation #1

 1
 Nonlinear solution status: time= 1.00429
	stiffness updates             = 0
	right hand side evaluations   = 2
	stiffness matrix reformations = 1
	step from line search         = 1.000000
	convergence norms :     INITIAL         CURRENT         REQUIRED
	   residual            2.725293e+04    1.168542e+00    0.000000e+00 
	   energy              1.353596e+00    1.884796e-03    1.353596e-02 
	   displacement        4.587913e-03    4.587913e-03    4.587913e-09 
 2

 *************************************************************************
 *                                ERROR                                  *
 * Negative jacobian detected.                                           *
 *************************************************************************


------- failed to converge at time : 1.00429

Retrying time step. Retry attempt 13 of max 20


AUTO STEPPER: retry step, dt = 0.00380952


===== beginning time step 1 : 1.00381 =====


Reforming stiffness matrix: reformation #1

 1
 Nonlinear solution status: time= 1.00381
	stiffness updates             = 0
	right hand side evaluations   = 2
	stiffness matrix reformations = 1
	step from line search         = 1.000000
	convergence norms :     INITIAL         CURRENT         REQUIRED
	   residual            2.182051e+04    9.870034e-01    0.000000e+00 
	   energy              1.083300e+00    1.560180e-03    1.083300e-02 
	   displacement        3.286325e-03    3.286325e-03    3.286325e-09 
 2

 *************************************************************************
 *                                ERROR                                  *
 * Negative jacobian detected.                                           *
 *************************************************************************


------- failed to converge at time : 1.00381

Retrying time step. Retry attempt 14 of max 20


AUTO STEPPER: retry step, dt = 0.00333333


===== beginning time step 1 : 1.00333 =====


Reforming stiffness matrix: reformation #1

 1
 Nonlinear solution status: time= 1.00333
	stiffness updates             = 0
	right hand side evaluations   = 2
	stiffness matrix reformations = 1
	step from line search         = 1.000000
	convergence norms :     INITIAL         CURRENT         REQUIRED
	   residual            1.687367e+04    8.013165e-01    0.000000e+00 
	   energy              8.372536e-01    1.247273e-03    8.372536e-03 
	   displacement        2.239216e-03    2.239216e-03    2.239216e-09 
 2
 Nonlinear solution status: time= 1.00333
	stiffness updates             = 1
	right hand side evaluations   = 4
	stiffness matrix reformations = 1
	step from line search         = 0.210097
	convergence norms :     INITIAL         CURRENT         REQUIRED
	   residual            1.687367e+04    3.651622e-01    0.000000e+00 
	   energy              8.372536e-01    4.947432e-06    8.372536e-03 
	   displacement        2.239216e-03    1.619736e-06    2.233756e-09 
 3
 Nonlinear solution status: time= 1.00333
	stiffness updates             = 2
	right hand side evaluations   = 6
	stiffness matrix reformations = 1
	step from line search         = 0.511336
	convergence norms :     INITIAL         CURRENT         REQUIRED
	   residual            1.687367e+04    1.168144e-01    0.000000e+00 
	   energy              8.372536e-01    9.859888e-06    8.372536e-03 
	   displacement        2.239216e-03    1.999640e-06    2.194031e-09 
 4
 Nonlinear solution status: time= 1.00333
	stiffness updates             = 3
	right hand side evaluations   = 8
	stiffness matrix reformations = 1
	step from line search         = 0.583435
	convergence norms :     INITIAL         CURRENT         REQUIRED
	   residual            1.687367e+04    1.256164e-01    0.000000e+00 
	   energy              8.372536e-01    2.878523e-06    8.372536e-03 
	   displacement        2.239216e-03    7.130632e-07    2.162042e-09 
 5
 Nonlinear solution status: time= 1.00333
	stiffness updates             = 4
	right hand side evaluations   = 10
	stiffness matrix reformations = 1
	step from line search         = 0.492661
	convergence norms :     INITIAL         CURRENT         REQUIRED
	   residual            1.687367e+04    6.835294e-02    0.000000e+00 
	   energy              8.372536e-01    2.962970e-06    8.372536e-03 
	   displacement        2.239216e-03    5.741655e-07    2.141403e-09 
 6
 Nonlinear solution status: time= 1.00333
	stiffness updates             = 5
	right hand side evaluations   = 12
	stiffness matrix reformations = 1
	step from line search         = 0.496936
	convergence norms :     INITIAL         CURRENT         REQUIRED
	   residual            1.687367e+04    3.582558e-02    0.000000e+00 
	   energy              8.372536e-01    1.351896e-06    8.372536e-03 
	   displacement        2.239216e-03    2.440377e-07    2.136556e-09 
 7
 Nonlinear solution status: time= 1.00333
	stiffness updates             = 6
	right hand side evaluations   = 14
	stiffness matrix reformations = 1
	step from line search         = 0.517781
	convergence norms :     INITIAL         CURRENT         REQUIRED
	   residual            1.687367e+04    2.074545e-02    0.000000e+00 
	   energy              8.372536e-01    8.473309e-07    8.372536e-03 
	   displacement        2.239216e-03    1.293402e-07    2.146014e-09 
 8
 Nonlinear solution status: time= 1.00333
	stiffness updates             = 7
	right hand side evaluations   = 16
	stiffness matrix reformations = 1
	step from line search         = 0.473178
	convergence norms :     INITIAL         CURRENT         REQUIRED
	   residual            1.687367e+04    1.773572e-02    0.000000e+00 
	   energy              8.372536e-01    6.910758e-07    8.372536e-03 
	   displacement        2.239216e-03    8.031787e-08    2.152249e-09 
 9
 Nonlinear solution status: time= 1.00333
	stiffness updates             = 8
	right hand side evaluations   = 18
	stiffness matrix reformations = 1
	step from line search         = 0.523080
	convergence norms :     INITIAL         CURRENT         REQUIRED
	   residual            1.687367e+04    1.113969e-02    0.000000e+00 
	   energy              8.372536e-01    3.728997e-07    8.372536e-03 
	   displacement        2.239216e-03    3.851755e-08    2.154446e-09 
 10
 Nonlinear solution status: time= 1.00333
	stiffness updates             = 9
	right hand side evaluations   = 20
	stiffness matrix reformations = 1
	step from line search         = 0.505467
	convergence norms :     INITIAL         CURRENT         REQUIRED
	   residual            1.687367e+04    6.653899e-03    0.000000e+00 
	   energy              8.372536e-01    2.786241e-07    8.372536e-03 
	   displacement        2.239216e-03    3.381303e-08    2.151934e-09 

 *************************************************************************
 *                               WARNING                                 *
 * Max nr of iterations reached.                                         *
 * Stiffness matrix will now be reformed.                                *
 *************************************************************************
Reforming stiffness matrix: reformation #2

 11
 Nonlinear solution status: time= 1.00333
	stiffness updates             = 0
	right hand side evaluations   = 21
	stiffness matrix reformations = 2
	step from line search         = 1.000000
	convergence norms :     INITIAL         CURRENT         REQUIRED
	   residual            1.687367e+04    4.858808e-04    0.000000e+00 
	   energy              8.372536e-01    6.601888e-08    8.372536e-03 
	   displacement        2.239216e-03    9.977564e-08    2.146481e-09 
 12
 Nonlinear solution status: time= 1.00333
	stiffness updates             = 1
	right hand side evaluations   = 22
	stiffness matrix reformations = 2
	step from line search         = 1.000000
	convergence norms :     INITIAL         CURRENT         REQUIRED
	   residual            1.687367e+04    9.142188e-05    0.000000e+00 
	   energy              8.372536e-01    1.754864e-08    8.372536e-03 
	   displacement        2.239216e-03    4.253358e-09    2.146953e-09 
 13
 Nonlinear solution status: time= 1.00333
	stiffness updates             = 2
	right hand side evaluations   = 23
	stiffness matrix reformations = 2
	step from line search         = 1.000000
	convergence norms :     INITIAL         CURRENT         REQUIRED
	   residual            1.687367e+04    8.664565e-07    0.000000e+00 
	   energy              8.372536e-01    5.859961e-10    8.372536e-03 
	   displacement        2.239216e-03    9.639769e-10    2.146892e-09 

convergence summary
    number of iterations   : 13
    number of reformations : 2

------- converged at time : 1.00333


AUTO STEPPER: decreasing time step, dt = 0.00306622


===== beginning time step 2 : 1.0064 =====


Reforming stiffness matrix: reformation #1

 1
 Nonlinear solution status: time= 1.0064
	stiffness updates             = 0
	right hand side evaluations   = 2
	stiffness matrix reformations = 1
	step from line search         = 1.000000
	convergence norms :     INITIAL         CURRENT         REQUIRED
	   residual            1.633708e+04    2.765751e-01    0.000000e+00 
	   energy              6.088974e-01    2.600311e-04    6.088974e-03 
	   displacement        4.193646e-03    4.193646e-03    4.193646e-09 
 2
 Nonlinear solution status: time= 1.0064
	stiffness updates             = 1
	right hand side evaluations   = 4
	stiffness matrix reformations = 1
	step from line search         = 0.496966
	convergence norms :     INITIAL         CURRENT         REQUIRED
	   residual            1.633708e+04    6.688876e-02    0.000000e+00 
	   energy              6.088974e-01    2.106622e-05    6.088974e-03 
	   displacement        4.193646e-03    1.387529e-05    3.979090e-09 
 3
 Nonlinear solution status: time= 1.0064
	stiffness updates             = 2
	right hand side evaluations   = 5
	stiffness matrix reformations = 1
	step from line search         = 1.000000
	convergence norms :     INITIAL         CURRENT         REQUIRED
	   residual            1.633708e+04    5.588148e-02    0.000000e+00 
	   energy              6.088974e-01    1.097453e-05    6.088974e-03 
	   displacement        4.193646e-03    6.196799e-06    3.851763e-09 
 4
 Nonlinear solution status: time= 1.0064
	stiffness updates             = 3
	right hand side evaluations   = 6
	stiffness matrix reformations = 1
	step from line search         = 1.000000
	convergence norms :     INITIAL         CURRENT         REQUIRED
	   residual            1.633708e+04    4.940655e-02    0.000000e+00 
	   energy              6.088974e-01    9.370388e-06    6.088974e-03 
	   displacement        4.193646e-03    2.252517e-06    3.878982e-09 
 5
 Nonlinear solution status: time= 1.0064
	stiffness updates             = 4
	right hand side evaluations   = 7
	stiffness matrix reformations = 1
	step from line search         = 1.000000
	convergence norms :     INITIAL         CURRENT         REQUIRED
	   residual            1.633708e+04    4.629608e-02    0.000000e+00 
	   energy              6.088974e-01    8.254661e-06    6.088974e-03 
	   displacement        4.193646e-03    1.834146e-06    3.946173e-09 
 6
 Nonlinear solution status: time= 1.0064
	stiffness updates             = 5
	right hand side evaluations   = 8
	stiffness matrix reformations = 1
	step from line search         = 1.000000
	convergence norms :     INITIAL         CURRENT         REQUIRED
	   residual            1.633708e+04    2.809474e-02    0.000000e+00 
	   energy              6.088974e-01    6.193439e-06    6.088974e-03 
	   displacement        4.193646e-03    1.109216e-06    3.944500e-09 
 7
 Nonlinear solution status: time= 1.0064
	stiffness updates             = 6
	right hand side evaluations   = 9
	stiffness matrix reformations = 1
	step from line search         = 1.000000
	convergence norms :     INITIAL         CURRENT         REQUIRED
	   residual            1.633708e+04    2.856635e-02    0.000000e+00 
	   energy              6.088974e-01    4.339393e-06    6.088974e-03 
	   displacement        4.193646e-03    9.769330e-07    3.915615e-09 
 8
 Nonlinear solution status: time= 1.0064
	stiffness updates             = 7
	right hand side evaluations   = 10
	stiffness matrix reformations = 1
	step from line search         = 1.000000
	convergence norms :     INITIAL         CURRENT         REQUIRED
	   residual            1.633708e+04    1.705895e-02    0.000000e+00 
	   energy              6.088974e-01    3.301882e-06    6.088974e-03 
	   displacement        4.193646e-03    5.502069e-07    3.915485e-09 
 9
 Nonlinear solution status: time= 1.0064
	stiffness updates             = 8
	right hand side evaluations   = 11
	stiffness matrix reformations = 1
	step from line search         = 1.000000
	convergence norms :     INITIAL         CURRENT         REQUIRED
	   residual            1.633708e+04    1.910795e-02    0.000000e+00 
	   energy              6.088974e-01    2.911987e-06    6.088974e-03 
	   displacement        4.193646e-03    4.965832e-07    3.933847e-09 
 10
 Nonlinear solution status: time= 1.0064
	stiffness updates             = 9
	right hand side evaluations   = 12
	stiffness matrix reformations = 1
	step from line search         = 1.000000
	convergence norms :     INITIAL         CURRENT         REQUIRED
	   residual            1.633708e+04    1.264091e-02    0.000000e+00 
	   energy              6.088974e-01    2.293118e-06    6.088974e-03 
	   displacement        4.193646e-03    4.001697e-07    3.940900e-09 

 *************************************************************************
 *                               WARNING                                 *
 * Max nr of iterations reached.                                         *
 * Stiffness matrix will now be reformed.                                *
 *************************************************************************
Reforming stiffness matrix: reformation #2

 11
 Nonlinear solution status: time= 1.0064
	stiffness updates             = 0
	right hand side evaluations   = 14
	stiffness matrix reformations = 2
	step from line search         = 0.177407
	convergence norms :     INITIAL         CURRENT         REQUIRED
	   residual            1.633708e+04    7.156462e-03    0.000000e+00 
	   energy              6.088974e-01    2.722377e-07    6.088974e-03 
	   displacement        4.193646e-03    9.939605e-08    3.940123e-09 
 12
 Nonlinear solution status: time= 1.0064
	stiffness updates             = 1
	right hand side evaluations   = 15
	stiffness matrix reformations = 2
	step from line search         = 1.000000
	convergence norms :     INITIAL         CURRENT         REQUIRED
	   residual            1.633708e+04    1.927958e-03    0.000000e+00 
	   energy              6.088974e-01    7.621491e-07    6.088974e-03 
	   displacement        4.193646e-03    2.093613e-07    3.929420e-09 
 13
 Nonlinear solution status: time= 1.0064
	stiffness updates             = 2
	right hand side evaluations   = 16
	stiffness matrix reformations = 2
	step from line search         = 1.000000
	convergence norms :     INITIAL         CURRENT         REQUIRED
	   residual            1.633708e+04    6.480189e-04    0.000000e+00 
	   energy              6.088974e-01    1.616133e-07    6.088974e-03 
	   displacement        4.193646e-03    7.169059e-08    3.932625e-09 
 14
 Nonlinear solution status: time= 1.0064
	stiffness updates             = 3
	right hand side evaluations   = 17
	stiffness matrix reformations = 2
	step from line search         = 1.000000
	convergence norms :     INITIAL         CURRENT         REQUIRED
	   residual            1.633708e+04    5.671110e-04    0.000000e+00 
	   energy              6.088974e-01    1.606449e-07    6.088974e-03 
	   displacement        4.193646e-03    8.266798e-08    3.933044e-09 
 15
 Nonlinear solution status: time= 1.0064
	stiffness updates             = 4
	right hand side evaluations   = 18
	stiffness matrix reformations = 2
	step from line search         = 1.000000
	convergence norms :     INITIAL         CURRENT         REQUIRED
	   residual            1.633708e+04    3.571189e-05    0.000000e+00 
	   energy              6.088974e-01    1.142399e-08    6.088974e-03 
	   displacement        4.193646e-03    2.389143e-08    3.932504e-09 
 16
 Nonlinear solution status: time= 1.0064
	stiffness updates             = 5
	right hand side evaluations   = 19
	stiffness matrix reformations = 2
	step from line search         = 1.000000
	convergence norms :     INITIAL         CURRENT         REQUIRED
	   residual            1.633708e+04    9.542583e-06    0.000000e+00 
	   energy              6.088974e-01    2.829384e-09    6.088974e-03 
	   displacement        4.193646e-03    2.775299e-09    3.932561e-09 

convergence summary
    number of iterations   : 16
    number of reformations : 2

------- converged at time : 1.0064


AUTO STEPPER: decreasing time step, dt = 0.00254238


===== beginning time step 3 : 1.00894 =====


Reforming stiffness matrix: reformation #1

 1
 Nonlinear solution status: time= 1.00894
	stiffness updates             = 0
	right hand side evaluations   = 2
	stiffness matrix reformations = 1
	step from line search         = 1.000000
	convergence norms :     INITIAL         CURRENT         REQUIRED
	   residual            1.067504e+04    1.500617e-01    0.000000e+00 
	   energy              3.703136e-01    3.939154e-04    3.703136e-03 
	   displacement        4.158979e-03    4.158979e-03    4.158979e-09 
 2
 Nonlinear solution status: time= 1.00894
	stiffness updates             = 1
	right hand side evaluations   = 3
	stiffness matrix reformations = 1
	step from line search         = 1.000000
	convergence norms :     INITIAL         CURRENT         REQUIRED
	   residual            1.067504e+04    1.806370e-01    0.000000e+00 
	   energy              3.703136e-01    7.960347e-05    3.703136e-03 
	   displacement        4.158979e-03    4.854009e-05    3.695415e-09 
 3
 Nonlinear solution status: time= 1.00894
	stiffness updates             = 2
	right hand side evaluations   = 4
	stiffness matrix reformations = 1
	step from line search         = 1.000000
	convergence norms :     INITIAL         CURRENT         REQUIRED
	   residual            1.067504e+04    2.036042e-02    0.000000e+00 
	   energy              3.703136e-01    1.996627e-06    3.703136e-03 
	   displacement        4.158979e-03    8.535523e-06    3.751016e-09 
 4
 Nonlinear solution status: time= 1.00894
	stiffness updates             = 3
	right hand side evaluations   = 6
	stiffness matrix reformations = 1
	step from line search         = 0.536844
	convergence norms :     INITIAL         CURRENT         REQUIRED
	   residual            1.067504e+04    7.257867e-03    0.000000e+00 
	   energy              3.703136e-01    1.811867e-06    3.703136e-03 
	   displacement        4.158979e-03    1.182935e-06    3.806185e-09 
 5
 Nonlinear solution status: time= 1.00894
	stiffness updates             = 4
	right hand side evaluations   = 7
	stiffness matrix reformations = 1
	step from line search         = 1.000000
	convergence norms :     INITIAL         CURRENT         REQUIRED
	   residual            1.067504e+04    3.749663e-03    0.000000e+00 
	   energy              3.703136e-01    9.747628e-07    3.703136e-03 
	   displacement        4.158979e-03    3.080910e-07    3.830778e-09 
 6
 Nonlinear solution status: time= 1.00894
	stiffness updates             = 5
	right hand side evaluations   = 8
	stiffness matrix reformations = 1
	step from line search         = 1.000000
	convergence norms :     INITIAL         CURRENT         REQUIRED
	   residual            1.067504e+04    1.360522e-03    0.000000e+00 
	   energy              3.703136e-01    3.655775e-07    3.703136e-03 
	   displacement        4.158979e-03    1.154872e-07    3.820032e-09 
 7
 Nonlinear solution status: time= 1.00894
	stiffness updates             = 6
	right hand side evaluations   = 9
	stiffness matrix reformations = 1
	step from line search         = 1.000000
	convergence norms :     INITIAL         CURRENT         REQUIRED
	   residual            1.067504e+04    8.448237e-04    0.000000e+00 
	   energy              3.703136e-01    1.936076e-07    3.703136e-03 
	   displacement        4.158979e-03    7.775604e-08    3.813898e-09 
 8
 Nonlinear solution status: time= 1.00894
	stiffness updates             = 7
	right hand side evaluations   = 10
	stiffness matrix reformations = 1
	step from line search         = 1.000000
	convergence norms :     INITIAL         CURRENT         REQUIRED
	   residual            1.067504e+04    2.186278e-04    0.000000e+00 
	   energy              3.703136e-01    5.752644e-08    3.703136e-03 
	   displacement        4.158979e-03    1.944581e-08    3.819537e-09 
 9
 Nonlinear solution status: time= 1.00894
	stiffness updates             = 8
	right hand side evaluations   = 11
	stiffness matrix reformations = 1
	step from line search         = 1.000000
	convergence norms :     INITIAL         CURRENT         REQUIRED
	   residual            1.067504e+04    1.606477e-04    0.000000e+00 
	   energy              3.703136e-01    3.966953e-08    3.703136e-03 
	   displacement        4.158979e-03    9.665572e-09    3.822819e-09 
 10
 Nonlinear solution status: time= 1.00894
	stiffness updates             = 9
	right hand side evaluations   = 12
	stiffness matrix reformations = 1
	step from line search         = 1.000000
	convergence norms :     INITIAL         CURRENT         REQUIRED
	   residual            1.067504e+04    5.136984e-05    0.000000e+00 
	   energy              3.703136e-01    1.073680e-08    3.703136e-03 
	   displacement        4.158979e-03    3.759404e-09    3.821117e-09 

convergence summary
    number of iterations   : 10
    number of reformations : 1

------- converged at time : 1.00894


AUTO STEPPER: increasing time step, dt = 0.00290637


===== beginning time step 4 : 1.01185 =====


Reforming stiffness matrix: reformation #1

 1
 Nonlinear solution status: time= 1.01185
	stiffness updates             = 0
	right hand side evaluations   = 2
	stiffness matrix reformations = 1
	step from line search         = 1.000000
	convergence norms :     INITIAL         CURRENT         REQUIRED
	   residual            1.214781e+04    1.598537e-01    0.000000e+00 
	   energy              4.123182e-01    5.704219e-04    4.123182e-03 
	   displacement        6.466012e-03    6.466012e-03    6.466012e-09 
 2
 Nonlinear solution status: time= 1.01185
	stiffness updates             = 1
	right hand side evaluations   = 4
	stiffness matrix reformations = 1
	step from line search         = 0.635048
	convergence norms :     INITIAL         CURRENT         REQUIRED
	   residual            1.214781e+04    5.071937e-02    0.000000e+00 
	   energy              4.123182e-01    3.365542e-05    4.123182e-03 
	   displacement        6.466012e-03    4.041725e-05    5.934858e-09 
 3
 Nonlinear solution status: time= 1.01185
	stiffness updates             = 2
	right hand side evaluations   = 5
	stiffness matrix reformations = 1
	step from line search         = 1.000000
	convergence norms :     INITIAL         CURRENT         REQUIRED
	   residual            1.214781e+04    2.375132e-02    0.000000e+00 
	   energy              4.123182e-01    7.480023e-06    4.123182e-03 
	   displacement        6.466012e-03    8.590777e-06    5.779959e-09 
 4
 Nonlinear solution status: time= 1.01185
	stiffness updates             = 3
	right hand side evaluations   = 6
	stiffness matrix reformations = 1
	step from line search         = 1.000000
	convergence norms :     INITIAL         CURRENT         REQUIRED
	   residual            1.214781e+04    2.243707e-02    0.000000e+00 
	   energy              4.123182e-01    5.852285e-06    4.123182e-03 
	   displacement        6.466012e-03    2.122815e-06    5.861401e-09 
 5
 Nonlinear solution status: time= 1.01185
	stiffness updates             = 4
	right hand side evaluations   = 7
	stiffness matrix reformations = 1
	step from line search         = 1.000000
	convergence norms :     INITIAL         CURRENT         REQUIRED
	   residual            1.214781e+04    8.766853e-03    0.000000e+00 
	   energy              4.123182e-01    2.633030e-06    4.123182e-03 
	   displacement        6.466012e-03    9.003409e-07    5.915564e-09 
 6
 Nonlinear solution status: time= 1.01185
	stiffness updates             = 5
	right hand side evaluations   = 8
	stiffness matrix reformations = 1
	step from line search         = 1.000000
	convergence norms :     INITIAL         CURRENT         REQUIRED
	   residual            1.214781e+04    5.351044e-03    0.000000e+00 
	   energy              4.123182e-01    1.574630e-06    4.123182e-03 
	   displacement        6.466012e-03    3.836011e-07    5.893514e-09 
 7
 Nonlinear solution status: time= 1.01185
	stiffness updates             = 6
	right hand side evaluations   = 9
	stiffness matrix reformations = 1
	step from line search         = 1.000000
	convergence norms :     INITIAL         CURRENT         REQUIRED
	   residual            1.214781e+04    1.767371e-03    0.000000e+00 
	   energy              4.123182e-01    4.888635e-07    4.123182e-03 
	   displacement        6.466012e-03    2.099725e-07    5.880585e-09 
 8
 Nonlinear solution status: time= 1.01185
	stiffness updates             = 7
	right hand side evaluations   = 10
	stiffness matrix reformations = 1
	step from line search         = 1.000000
	convergence norms :     INITIAL         CURRENT         REQUIRED
	   residual            1.214781e+04    1.353450e-03    0.000000e+00 
	   energy              4.123182e-01    3.898623e-07    4.123182e-03 
	   displacement        6.466012e-03    8.389844e-08    5.892081e-09 
 9
 Nonlinear solution status: time= 1.01185
	stiffness updates             = 8
	right hand side evaluations   = 11
	stiffness matrix reformations = 1
	step from line search         = 1.000000
	convergence norms :     INITIAL         CURRENT         REQUIRED
	   residual            1.214781e+04    3.900751e-04    0.000000e+00 
	   energy              4.123182e-01    1.017517e-07    4.123182e-03 
	   displacement        6.466012e-03    3.240296e-08    5.897522e-09 
 10
 Nonlinear solution status: time= 1.01185
	stiffness updates             = 9
	right hand side evaluations   = 13
	stiffness matrix reformations = 1
	step from line search         = 0.601533
	convergence norms :     INITIAL         CURRENT         REQUIRED
	   residual            1.214781e+04    1.093352e-04    0.000000e+00 
	   energy              4.123182e-01    1.807791e-08    4.123182e-03 
	   displacement        6.466012e-03    7.429753e-09    5.895028e-09 

 *************************************************************************
 *                               WARNING                                 *
 * Max nr of iterations reached.                                         *
 * Stiffness matrix will now be reformed.                                *
 *************************************************************************
Reforming stiffness matrix: reformation #2

 11
 Nonlinear solution status: time= 1.01185
	stiffness updates             = 0
	right hand side evaluations   = 14
	stiffness matrix reformations = 2
	step from line search         = 1.000000
	convergence norms :     INITIAL         CURRENT         REQUIRED
	   residual            1.214781e+04    9.698020e-09    0.000000e+00 
	   energy              4.123182e-01    4.934434e-10    4.123182e-03 
	   displacement        6.466012e-03    5.314677e-09    5.894829e-09 

convergence summary
    number of iterations   : 11
    number of reformations : 2

------- converged at time : 1.01185


===== beginning time step 5 : 1.01475 =====


Reforming stiffness matrix: reformation #1

 1
 Nonlinear solution status: time= 1.01475
	stiffness updates             = 0
	right hand side evaluations   = 2
	stiffness matrix reformations = 1
	step from line search         = 1.000000
	convergence norms :     INITIAL         CURRENT         REQUIRED
	   residual            1.037662e+04    1.244558e-01    0.000000e+00 
	   energy              3.536686e-01    7.054234e-04    3.536686e-03 
	   displacement        7.385819e-03    7.385819e-03    7.385819e-09 
 2
 Nonlinear solution status: time= 1.01475
	stiffness updates             = 1
	right hand side evaluations   = 3
	stiffness matrix reformations = 1
	step from line search         = 1.000000
	convergence norms :     INITIAL         CURRENT         REQUIRED
	   residual            1.037662e+04    1.674924e-01    0.000000e+00 
	   energy              3.536686e-01    1.355459e-04    3.536686e-03 
	   displacement        7.385819e-03    1.218332e-04    6.402802e-09 
 3
 Nonlinear solution status: time= 1.01475
	stiffness updates             = 2
	right hand side evaluations   = 4
	stiffness matrix reformations = 1
	step from line search         = 1.000000
	convergence norms :     INITIAL         CURRENT         REQUIRED
	   residual            1.037662e+04    1.605653e-02    0.000000e+00 
	   energy              3.536686e-01    3.895420e-06    3.536686e-03 
	   displacement        7.385819e-03    2.122581e-05    6.526744e-09 
 4
 Nonlinear solution status: time= 1.01475
	stiffness updates             = 3
	right hand side evaluations   = 6
	stiffness matrix reformations = 1
	step from line search         = 0.568052
	convergence norms :     INITIAL         CURRENT         REQUIRED
	   residual            1.037662e+04    7.675161e-03    0.000000e+00 
	   energy              3.536686e-01    1.844665e-06    3.536686e-03 
	   displacement        7.385819e-03    2.453742e-06    6.637846e-09 
 5
 Nonlinear solution status: time= 1.01475
	stiffness updates             = 4
	right hand side evaluations   = 7
	stiffness matrix reformations = 1
	step from line search         = 1.000000
	convergence norms :     INITIAL         CURRENT         REQUIRED
	   residual            1.037662e+04    5.159839e-03    0.000000e+00 
	   energy              3.536686e-01    1.406412e-06    3.536686e-03 
	   displacement        7.385819e-03    5.021584e-07    6.681993e-09 
 6
 Nonlinear solution status: time= 1.01475
	stiffness updates             = 5
	right hand side evaluations   = 8
	stiffness matrix reformations = 1
	step from line search         = 1.000000
	convergence norms :     INITIAL         CURRENT         REQUIRED
	   residual            1.037662e+04    1.343063e-03    0.000000e+00 
	   energy              3.536686e-01    3.525451e-07    3.536686e-03 
	   displacement        7.385819e-03    1.428178e-07    6.663796e-09 
 7
 Nonlinear solution status: time= 1.01475
	stiffness updates             = 6
	right hand side evaluations   = 9
	stiffness matrix reformations = 1
	step from line search         = 1.000000
	convergence norms :     INITIAL         CURRENT         REQUIRED
	   residual            1.037662e+04    1.273299e-03    0.000000e+00 
	   energy              3.536686e-01    3.464361e-07    3.536686e-03 
	   displacement        7.385819e-03    1.292520e-07    6.650691e-09 
 8
 Nonlinear solution status: time= 1.01475
	stiffness updates             = 7
	right hand side evaluations   = 10
	stiffness matrix reformations = 1
	step from line search         = 1.000000
	convergence norms :     INITIAL         CURRENT         REQUIRED
	   residual            1.037662e+04    2.444831e-04    0.000000e+00 
	   energy              3.536686e-01    5.719714e-08    3.536686e-03 
	   displacement        7.385819e-03    3.246318e-08    6.660064e-09 
 9
 Nonlinear solution status: time= 1.01475
	stiffness updates             = 8
	right hand side evaluations   = 12
	stiffness matrix reformations = 1
	step from line search         = 0.629265
	convergence norms :     INITIAL         CURRENT         REQUIRED
	   residual            1.037662e+04    5.237868e-05    0.000000e+00 
	   energy              3.536686e-01    1.014076e-08    3.536686e-03 
	   displacement        7.385819e-03    7.123668e-09    6.664677e-09 
 10
 Nonlinear solution status: time= 1.01475
	stiffness updates             = 9
	right hand side evaluations   = 13
	stiffness matrix reformations = 1
	step from line search         = 1.000000
	convergence norms :     INITIAL         CURRENT         REQUIRED
	   residual            1.037662e+04    3.140064e-05    0.000000e+00 
	   energy              3.536686e-01    7.608841e-09    3.536686e-03 
	   displacement        7.385819e-03    2.434712e-09    6.664682e-09 

convergence summary
    number of iterations   : 10
    number of reformations : 1

------- converged at time : 1.01475


AUTO STEPPER: increasing time step, dt = 0.00325261


===== beginning time step 6 : 1.01801 =====


Reforming stiffness matrix: reformation #1

 1
 Nonlinear solution status: time= 1.01801
	stiffness updates             = 0
	right hand side evaluations   = 2
	stiffness matrix reformations = 1
	step from line search         = 1.000000
	convergence norms :     INITIAL         CURRENT         REQUIRED
	   residual            1.053882e+04    1.307538e-01    0.000000e+00 
	   energy              3.632738e-01    8.859104e-04    3.632738e-03 
	   displacement        9.985092e-03    9.985092e-03    9.985092e-09 
 2
 Nonlinear solution status: time= 1.01801
	stiffness updates             = 1
	right hand side evaluations   = 3
	stiffness matrix reformations = 1
	step from line search         = 1.000000
	convergence norms :     INITIAL         CURRENT         REQUIRED
	   residual            1.053882e+04    1.817971e-01    0.000000e+00 
	   energy              3.632738e-01    1.863170e-04    3.632738e-03 
	   displacement        9.985092e-03    1.954426e-04    8.538587e-09 
 3
 Nonlinear solution status: time= 1.01801
	stiffness updates             = 2
	right hand side evaluations   = 4
	stiffness matrix reformations = 1
	step from line search         = 1.000000
	convergence norms :     INITIAL         CURRENT         REQUIRED
	   residual            1.053882e+04    1.833230e-02    0.000000e+00 
	   energy              3.632738e-01    9.294403e-06    3.632738e-03 
	   displacement        9.985092e-03    3.679449e-05    8.731919e-09 
 4
 Nonlinear solution status: time= 1.01801
	stiffness updates             = 3
	right hand side evaluations   = 6
	stiffness matrix reformations = 1
	step from line search         = 0.559664
	convergence norms :     INITIAL         CURRENT         REQUIRED
	   residual            1.053882e+04    9.690990e-03    0.000000e+00 
	   energy              3.632738e-01    2.767501e-06    3.632738e-03 
	   displacement        9.985092e-03    4.509150e-06    8.900120e-09 
 5
 Nonlinear solution status: time= 1.01801
	stiffness updates             = 4
	right hand side evaluations   = 7
	stiffness matrix reformations = 1
	step from line search         = 1.000000
	convergence norms :     INITIAL         CURRENT         REQUIRED
	   residual            1.053882e+04    7.285522e-03    0.000000e+00 
	   energy              3.632738e-01    1.850711e-06    3.632738e-03 
	   displacement        9.985092e-03    7.707859e-07    8.961205e-09 
 6
 Nonlinear solution status: time= 1.01801
	stiffness updates             = 5
	right hand side evaluations   = 8
	stiffness matrix reformations = 1
	step from line search         = 1.000000
	convergence norms :     INITIAL         CURRENT         REQUIRED
	   residual            1.053882e+04    1.512589e-03    0.000000e+00 
	   energy              3.632738e-01    4.850425e-07    3.632738e-03 
	   displacement        9.985092e-03    2.013585e-07    8.938853e-09 
 7
 Nonlinear solution status: time= 1.01801
	stiffness updates             = 6
	right hand side evaluations   = 9
	stiffness matrix reformations = 1
	step from line search         = 1.000000
	convergence norms :     INITIAL         CURRENT         REQUIRED
	   residual            1.053882e+04    1.719403e-03    0.000000e+00 
	   energy              3.632738e-01    4.550577e-07    3.632738e-03 
	   displacement        9.985092e-03    2.076569e-07    8.921433e-09 
 8
 Nonlinear solution status: time= 1.01801
	stiffness updates             = 7
	right hand side evaluations   = 10
	stiffness matrix reformations = 1
	step from line search         = 1.000000
	convergence norms :     INITIAL         CURRENT         REQUIRED
	   residual            1.053882e+04    4.118389e-04    0.000000e+00 
	   energy              3.632738e-01    1.061239e-07    3.632738e-03 
	   displacement        9.985092e-03    5.361729e-08    8.934089e-09 
 9
 Nonlinear solution status: time= 1.01801
	stiffness updates             = 8
	right hand side evaluations   = 11
	stiffness matrix reformations = 1
	step from line search         = 1.000000
	convergence norms :     INITIAL         CURRENT         REQUIRED
	   residual            1.053882e+04    3.453871e-04    0.000000e+00 
	   energy              3.632738e-01    1.067620e-07    3.632738e-03 
	   displacement        9.985092e-03    3.342689e-08    8.945961e-09 
 10
 Nonlinear solution status: time= 1.01801
	stiffness updates             = 9
	right hand side evaluations   = 12
	stiffness matrix reformations = 1
	step from line search         = 1.000000
	convergence norms :     INITIAL         CURRENT         REQUIRED
	   residual            1.053882e+04    4.461194e-05    0.000000e+00 
	   energy              3.632738e-01    1.289987e-08    3.632738e-03 
	   displacement        9.985092e-03    1.052031e-08    8.941425e-09 

 *************************************************************************
 *                               WARNING                                 *
 * Max nr of iterations reached.                                         *
 * Stiffness matrix will now be reformed.                                *
 *************************************************************************
Reforming stiffness matrix: reformation #2

 11
 Nonlinear solution status: time= 1.01801
	stiffness updates             = 0
	right hand side evaluations   = 13
	stiffness matrix reformations = 2
	step from line search         = 1.000000
	convergence norms :     INITIAL         CURRENT         REQUIRED
	   residual            1.053882e+04    2.227724e-09    0.000000e+00 
	   energy              3.632738e-01    2.053887e-10    3.632738e-03 
	   displacement        9.985092e-03    2.653169e-09    8.940867e-09 

convergence summary
    number of iterations   : 11
    number of reformations : 2

------- converged at time : 1.01801


===== beginning time step 7 : 1.02126 =====


Reforming stiffness matrix: reformation #1

 1
 Nonlinear solution status: time= 1.02126
	stiffness updates             = 0
	right hand side evaluations   = 2
	stiffness matrix reformations = 1
	step from line search         = 1.000000
	convergence norms :     INITIAL         CURRENT         REQUIRED
	   residual            8.075413e+03    1.018202e-01    0.000000e+00 
	   energy              2.877968e-01    9.628639e-04    2.877968e-03 
	   displacement        1.045447e-02    1.045447e-02    1.045447e-08 
 2
 Nonlinear solution status: time= 1.02126
	stiffness updates             = 1
	right hand side evaluations   = 3
	stiffness matrix reformations = 1
	step from line search         = 1.000000
	convergence norms :     INITIAL         CURRENT         REQUIRED
	   residual            8.075413e+03    1.279125e-01    0.000000e+00 
	   energy              2.877968e-01    1.647845e-04    2.877968e-03 
	   displacement        1.045447e-02    2.073192e-04    8.863077e-09 
 3
 Nonlinear solution status: time= 1.02126
	stiffness updates             = 2
	right hand side evaluations   = 4
	stiffness matrix reformations = 1
	step from line search         = 1.000000
	convergence norms :     INITIAL         CURRENT         REQUIRED
	   residual            8.075413e+03    1.152258e-02    0.000000e+00 
	   energy              2.877968e-01    6.385583e-06    2.877968e-03 
	   displacement        1.045447e-02    3.680109e-05    9.082448e-09 
 4
 Nonlinear solution status: time= 1.02126
	stiffness updates             = 3
	right hand side evaluations   = 6
	stiffness matrix reformations = 1
	step from line search         = 0.613974
	convergence norms :     INITIAL         CURRENT         REQUIRED
	   residual            8.075413e+03    5.373421e-03    0.000000e+00 
	   energy              2.877968e-01    1.586879e-06    2.877968e-03 
	   displacement        1.045447e-02    3.356945e-06    9.245396e-09 
 5
 Nonlinear solution status: time= 1.02126
	stiffness updates             = 4
	right hand side evaluations   = 7
	stiffness matrix reformations = 1
	step from line search         = 1.000000
	convergence norms :     INITIAL         CURRENT         REQUIRED
	   residual            8.075413e+03    3.147485e-03    0.000000e+00 
	   energy              2.877968e-01    8.568183e-07    2.877968e-03 
	   displacement        1.045447e-02    4.828038e-07    9.294918e-09 
 6
 Nonlinear solution status: time= 1.02126
	stiffness updates             = 5
	right hand side evaluations   = 8
	stiffness matrix reformations = 1
	step from line search         = 1.000000
	convergence norms :     INITIAL         CURRENT         REQUIRED
	   residual            8.075413e+03    8.071527e-04    0.000000e+00 
	   energy              2.877968e-01    2.686600e-07    2.877968e-03 
	   displacement        1.045447e-02    1.198037e-07    9.277359e-09 
 7
 Nonlinear solution status: time= 1.02126
	stiffness updates             = 6
	right hand side evaluations   = 9
	stiffness matrix reformations = 1
	step from line search         = 1.000000
	convergence norms :     INITIAL         CURRENT         REQUIRED
	   residual            8.075413e+03    7.041527e-04    0.000000e+00 
	   energy              2.877968e-01    2.098900e-07    2.877968e-03 
	   displacement        1.045447e-02    1.187927e-07    9.261717e-09 
 8
 Nonlinear solution status: time= 1.02126
	stiffness updates             = 7
	right hand side evaluations   = 10
	stiffness matrix reformations = 1
	step from line search         = 1.000000
	convergence norms :     INITIAL         CURRENT         REQUIRED
	   residual            8.075413e+03    1.336462e-04    0.000000e+00 
	   energy              2.877968e-01    4.401842e-08    2.877968e-03 
	   displacement        1.045447e-02    2.843712e-08    9.272878e-09 
 9
 Nonlinear solution status: time= 1.02126
	stiffness updates             = 8
	right hand side evaluations   = 11
	stiffness matrix reformations = 1
	step from line search         = 1.000000
	convergence norms :     INITIAL         CURRENT         REQUIRED
	   residual            8.075413e+03    9.493763e-05    0.000000e+00 
	   energy              2.877968e-01    3.663913e-08    2.877968e-03 
	   displacement        1.045447e-02    1.456658e-08    9.281430e-09 
 10
 Nonlinear solution status: time= 1.02126
	stiffness updates             = 9
	right hand side evaluations   = 12
	stiffness matrix reformations = 1
	step from line search         = 1.000000
	convergence norms :     INITIAL         CURRENT         REQUIRED
	   residual            8.075413e+03    1.586422e-05    0.000000e+00 
	   energy              2.877968e-01    4.599382e-09    2.877968e-03 
	   displacement        1.045447e-02    4.310037e-09    9.277789e-09 

convergence summary
    number of iterations   : 10
    number of reformations : 1

------- converged at time : 1.02126


AUTO STEPPER: increasing time step, dt = 0.00358194


===== beginning time step 8 : 1.02484 =====


Reforming stiffness matrix: reformation #1

 1
 Nonlinear solution status: time= 1.02484
	stiffness updates             = 0
	right hand side evaluations   = 2
	stiffness matrix reformations = 1
	step from line search         = 1.000000
	convergence norms :     INITIAL         CURRENT         REQUIRED
	   residual            7.218653e+03    1.052429e-01    0.000000e+00 
	   energy              2.657586e-01    1.087356e-03    2.657586e-03 
	   displacement        1.278503e-02    1.278503e-02    1.278503e-08 
 2
 Nonlinear solution status: time= 1.02484
	stiffness updates             = 1
	right hand side evaluations   = 3
	stiffness matrix reformations = 1
	step from line search         = 1.000000
	convergence norms :     INITIAL         CURRENT         REQUIRED
	   residual            7.218653e+03    1.321376e-01    0.000000e+00 
	   energy              2.657586e-01    2.007892e-04    2.657586e-03 
	   displacement        1.278503e-02    2.854749e-04    1.071212e-08 
 3
 Nonlinear solution status: time= 1.02484
	stiffness updates             = 2
	right hand side evaluations   = 4
	stiffness matrix reformations = 1
	step from line search         = 1.000000
	convergence norms :     INITIAL         CURRENT         REQUIRED
	   residual            7.218653e+03    1.391095e-02    0.000000e+00 
	   energy              2.657586e-01    1.070683e-05    2.657586e-03 
	   displacement        1.278503e-02    5.383669e-05    1.099487e-08 
 4
 Nonlinear solution status: time= 1.02484
	stiffness updates             = 3
	right hand side evaluations   = 6
	stiffness matrix reformations = 1
	step from line search         = 0.588679
	convergence norms :     INITIAL         CURRENT         REQUIRED
	   residual            7.218653e+03    6.314086e-03    0.000000e+00 
	   energy              2.657586e-01    2.358395e-06    2.657586e-03 
	   displacement        1.278503e-02    5.438345e-06    1.121227e-08 
 5
 Nonlinear solution status: time= 1.02484
	stiffness updates             = 4
	right hand side evaluations   = 7
	stiffness matrix reformations = 1
	step from line search         = 1.000000
	convergence norms :     INITIAL         CURRENT         REQUIRED
	   residual            7.218653e+03    3.270562e-03    0.000000e+00 
	   energy              2.657586e-01    9.603730e-07    2.657586e-03 
	   displacement        1.278503e-02    7.495932e-07    1.128101e-08 
 6
 Nonlinear solution status: time= 1.02484
	stiffness updates             = 5
	right hand side evaluations   = 8
	stiffness matrix reformations = 1
	step from line search         = 1.000000
	convergence norms :     INITIAL         CURRENT         REQUIRED
	   residual            7.218653e+03    1.227601e-03    0.000000e+00 
	   energy              2.657586e-01    4.379029e-07    2.657586e-03 
	   displacement        1.278503e-02    1.654581e-07    1.126199e-08 
 7
 Nonlinear solution status: time= 1.02484
	stiffness updates             = 6
	right hand side evaluations   = 9
	stiffness matrix reformations = 1
	step from line search         = 1.000000
	convergence norms :     INITIAL         CURRENT         REQUIRED
	   residual            7.218653e+03    8.520471e-04    0.000000e+00 
	   energy              2.657586e-01    2.832924e-07    2.657586e-03 
	   displacement        1.278503e-02    1.991259e-07    1.123958e-08 
 8
 Nonlinear solution status: time= 1.02484
	stiffness updates             = 7
	right hand side evaluations   = 10
	stiffness matrix reformations = 1
	step from line search         = 1.000000
	convergence norms :     INITIAL         CURRENT         REQUIRED
	   residual            7.218653e+03    2.046519e-04    0.000000e+00 
	   energy              2.657586e-01    7.678466e-08    2.657586e-03 
	   displacement        1.278503e-02    4.780383e-08    1.125588e-08 
 9
 Nonlinear solution status: time= 1.02484
	stiffness updates             = 8
	right hand side evaluations   = 11
	stiffness matrix reformations = 1
	step from line search         = 1.000000
	convergence norms :     INITIAL         CURRENT         REQUIRED
	   residual            7.218653e+03    1.438673e-04    0.000000e+00 
	   energy              2.657586e-01    5.615363e-08    2.657586e-03 
	   displacement        1.278503e-02    2.399102e-08    1.126829e-08 
 10
 Nonlinear solution status: time= 1.02484
	stiffness updates             = 9
	right hand side evaluations   = 12
	stiffness matrix reformations = 1
	step from line search         = 1.000000
	convergence norms :     INITIAL         CURRENT         REQUIRED
	   residual            7.218653e+03    4.222215e-05    0.000000e+00 
	   energy              2.657586e-01    1.294071e-08    2.657586e-03 
	   displacement        1.278503e-02    7.260374e-09    1.126347e-08 

convergence summary
    number of iterations   : 10
    number of reformations : 1

------- converged at time : 1.02484


AUTO STEPPER: increasing time step, dt = 0.0038952

MUST POINT CONTROLLER: adjusting time step. dt = 0.000158173


===== beginning time step 9 : 1.025 =====


Reforming stiffness matrix: reformation #1

 1
 Nonlinear solution status: time= 1.025
	stiffness updates             = 0
	right hand side evaluations   = 2
	stiffness matrix reformations = 1
	step from line search         = 1.000000
	convergence norms :     INITIAL         CURRENT         REQUIRED
	   residual            3.825175e+01    1.233120e+00    0.000000e+00 
	   energy              1.670979e-02    1.895339e-03    1.670979e-04 
	   displacement        3.149164e-05    3.149164e-05    3.149164e-11 
 2
 Nonlinear solution status: time= 1.025
	stiffness updates             = 1
	right hand side evaluations   = 3
	stiffness matrix reformations = 1
	step from line search         = 1.000000
	convergence norms :     INITIAL         CURRENT         REQUIRED
	   residual            3.825175e+01    2.956535e-01    0.000000e+00 
	   energy              1.670979e-02    1.405461e-04    1.670979e-04 
	   displacement        3.149164e-05    8.153904e-06    2.472554e-11 
 3
 Nonlinear solution status: time= 1.025
	stiffness updates             = 2
	right hand side evaluations   = 4
	stiffness matrix reformations = 1
	step from line search         = 1.000000
	convergence norms :     INITIAL         CURRENT         REQUIRED
	   residual            3.825175e+01    1.284894e-02    0.000000e+00 
	   energy              1.670979e-02    2.879905e-06    1.670979e-04 
	   displacement        3.149164e-05    2.784309e-07    2.206922e-11 
 4
 Nonlinear solution status: time= 1.025
	stiffness updates             = 3
	right hand side evaluations   = 5
	stiffness matrix reformations = 1
	step from line search         = 1.000000
	convergence norms :     INITIAL         CURRENT         REQUIRED
	   residual            3.825175e+01    3.959332e-03    0.000000e+00 
	   energy              1.670979e-02    1.391797e-06    1.670979e-04 
	   displacement        3.149164e-05    7.457676e-08    2.201226e-11 
 5
 Nonlinear solution status: time= 1.025
	stiffness updates             = 4
	right hand side evaluations   = 6
	stiffness matrix reformations = 1
	step from line search         = 1.000000
	convergence norms :     INITIAL         CURRENT         REQUIRED
	   residual            3.825175e+01    1.559872e-04    0.000000e+00 
	   energy              1.670979e-02    2.083445e-07    1.670979e-04 
	   displacement        3.149164e-05    5.750200e-09    2.237762e-11 
 6
 Nonlinear solution status: time= 1.025
	stiffness updates             = 5
	right hand side evaluations   = 7
	stiffness matrix reformations = 1
	step from line search         = 1.000000
	convergence norms :     INITIAL         CURRENT         REQUIRED
	   residual            3.825175e+01    3.054060e-05    0.000000e+00 
	   energy              1.670979e-02    3.301624e-08    1.670979e-04 
	   displacement        3.149164e-05    9.785286e-10    2.244328e-11 
 7
 Nonlinear solution status: time= 1.025
	stiffness updates             = 6
	right hand side evaluations   = 8
	stiffness matrix reformations = 1
	step from line search         = 1.000000
	convergence norms :     INITIAL         CURRENT         REQUIRED
	   residual            3.825175e+01    1.592975e-05    0.000000e+00 
	   energy              1.670979e-02    1.405204e-08    1.670979e-04 
	   displacement        3.149164e-05    3.030917e-10    2.244961e-11 
 8
 Nonlinear solution status: time= 1.025
	stiffness updates             = 7
	right hand side evaluations   = 9
	stiffness matrix reformations = 1
	step from line search         = 1.000000
	convergence norms :     INITIAL         CURRENT         REQUIRED
	   residual            3.825175e+01    2.836791e-06    0.000000e+00 
	   energy              1.670979e-02    4.792064e-10    1.670979e-04 
	   displacement        3.149164e-05    1.312474e-10    2.244865e-11 
 9
 Nonlinear solution status: time= 1.025
	stiffness updates             = 8
	right hand side evaluations   = 10
	stiffness matrix reformations = 1
	step from line search         = 1.000000
	convergence norms :     INITIAL         CURRENT         REQUIRED
	   residual            3.825175e+01    5.439198e-07    0.000000e+00 
	   energy              1.670979e-02    8.737377e-10    1.670979e-04 
	   displacement        3.149164e-05    1.638620e-11    2.244627e-11 

convergence summary
    number of iterations   : 9
    number of reformations : 1

------- converged at time : 1.025


AUTO STEPPER: increasing time step, dt = 0.00453951


===== beginning time step 10 : 1.02954 =====


Reforming stiffness matrix: reformation #1

 1
 Nonlinear solution status: time= 1.02954
	stiffness updates             = 0
	right hand side evaluations   = 2
	stiffness matrix reformations = 1
	step from line search         = 1.000000
	convergence norms :     INITIAL         CURRENT         REQUIRED
	   residual            7.348777e+03    1.543373e-01    0.000000e+00 
	   energy              2.786772e-01    1.369832e-03    2.786772e-03 
	   displacement        1.976985e-02    1.976985e-02    1.976985e-08 
 2
 Nonlinear solution status: time= 1.02954
	stiffness updates             = 1
	right hand side evaluations   = 3
	stiffness matrix reformations = 1
	step from line search         = 1.000000
	convergence norms :     INITIAL         CURRENT         REQUIRED
	   residual            7.348777e+03    2.133620e-01    0.000000e+00 
	   energy              2.786772e-01    3.700677e-04    2.786772e-03 
	   displacement        1.976985e-02    6.156276e-04    1.618896e-08 
 3
 Nonlinear solution status: time= 1.02954
	stiffness updates             = 2
	right hand side evaluations   = 4
	stiffness matrix reformations = 1
	step from line search         = 1.000000
	convergence norms :     INITIAL         CURRENT         REQUIRED
	   residual            7.348777e+03    3.816334e-02    0.000000e+00 
	   energy              2.786772e-01    3.543508e-05    2.786772e-03 
	   displacement        1.976985e-02    1.343469e-04    1.665677e-08 
 4
 Nonlinear solution status: time= 1.02954
	stiffness updates             = 3
	right hand side evaluations   = 6
	stiffness matrix reformations = 1
	step from line search         = 0.464256
	convergence norms :     INITIAL         CURRENT         REQUIRED
	   residual            7.348777e+03    1.352078e-02    0.000000e+00 
	   energy              2.786772e-01    6.968595e-06    2.786772e-03 
	   displacement        1.976985e-02    2.206127e-05    1.709145e-08 
 5
 Nonlinear solution status: time= 1.02954
	stiffness updates             = 4
	right hand side evaluations   = 7
	stiffness matrix reformations = 1
	step from line search         = 1.000000
	convergence norms :     INITIAL         CURRENT         REQUIRED
	   residual            7.348777e+03    1.339299e-02    0.000000e+00 
	   energy              2.786772e-01    3.014925e-06    2.786772e-03 
	   displacement        1.976985e-02    3.106462e-06    1.726639e-08 
 6
 Nonlinear solution status: time= 1.02954
	stiffness updates             = 5
	right hand side evaluations   = 8
	stiffness matrix reformations = 1
	step from line search         = 1.000000
	convergence norms :     INITIAL         CURRENT         REQUIRED
	   residual            7.348777e+03    7.360065e-03    0.000000e+00 
	   energy              2.786772e-01    2.544810e-06    2.786772e-03 
	   displacement        1.976985e-02    6.456128e-07    1.726143e-08 
 7
 Nonlinear solution status: time= 1.02954
	stiffness updates             = 6
	right hand side evaluations   = 9
	stiffness matrix reformations = 1
	step from line search         = 1.000000
	convergence norms :     INITIAL         CURRENT         REQUIRED
	   residual            7.348777e+03    5.150647e-03    0.000000e+00 
	   energy              2.786772e-01    1.859147e-06    2.786772e-03 
	   displacement        1.976985e-02    1.225962e-06    1.719804e-08 
 8
 Nonlinear solution status: time= 1.02954
	stiffness updates             = 7
	right hand side evaluations   = 10
	stiffness matrix reformations = 1
	step from line search         = 1.000000
	convergence norms :     INITIAL         CURRENT         REQUIRED
	   residual            7.348777e+03    1.939210e-03    0.000000e+00 
	   energy              2.786772e-01    8.426029e-07    2.786772e-03 
	   displacement        1.976985e-02    3.643308e-07    1.722476e-08 
 9
 Nonlinear solution status: time= 1.02954
	stiffness updates             = 8
	right hand side evaluations   = 11
	stiffness matrix reformations = 1
	step from line search         = 1.000000
	convergence norms :     INITIAL         CURRENT         REQUIRED
	   residual            7.348777e+03    1.193648e-03    0.000000e+00 
	   energy              2.786772e-01    5.277630e-07    2.786772e-03 
	   displacement        1.976985e-02    2.391348e-07    1.726702e-08 
 10
 Nonlinear solution status: time= 1.02954
	stiffness updates             = 9
	right hand side evaluations   = 12
	stiffness matrix reformations = 1
	step from line search         = 1.000000
	convergence norms :     INITIAL         CURRENT         REQUIRED
	   residual            7.348777e+03    5.734341e-04    0.000000e+00 
	   energy              2.786772e-01    2.480561e-07    2.786772e-03 
	   displacement        1.976985e-02    8.456908e-08    1.726022e-08 

 *************************************************************************
 *                               WARNING                                 *
 * Max nr of iterations reached.                                         *
 * Stiffness matrix will now be reformed.                                *
 *************************************************************************
Reforming stiffness matrix: reformation #2

 11
 Nonlinear solution status: time= 1.02954
	stiffness updates             = 0
	right hand side evaluations   = 13
	stiffness matrix reformations = 2
	step from line search         = 1.000000
	convergence norms :     INITIAL         CURRENT         REQUIRED
	   residual            7.348777e+03    7.745043e-08    0.000000e+00 
	   energy              2.786772e-01    3.705931e-09    2.786772e-03 
	   displacement        1.976985e-02    5.069505e-08    1.725735e-08 
 12
 Nonlinear solution status: time= 1.02954
	stiffness updates             = 1
	right hand side evaluations   = 14
	stiffness matrix reformations = 2
	step from line search         = 1.000000
	convergence norms :     INITIAL         CURRENT         REQUIRED
	   residual            7.348777e+03    2.642056e-09    0.000000e+00 
	   energy              2.786772e-01    4.220847e-11    2.786772e-03 
	   displacement        1.976985e-02    6.367878e-10    1.725724e-08 

convergence summary
    number of iterations   : 12
    number of reformations : 2

------- converged at time : 1.02954


AUTO STEPPER: decreasing time step, dt = 0.00434625


===== beginning time step 11 : 1.03389 =====


Reforming stiffness matrix: reformation #1

 1
 Nonlinear solution status: time= 1.03389
	stiffness updates             = 0
	right hand side evaluations   = 2
	stiffness matrix reformations = 1
	step from line search         = 1.000000
	convergence norms :     INITIAL         CURRENT         REQUIRED
	   residual            3.681122e+03    1.073466e-01    0.000000e+00 
	   energy              1.532959e-01    1.226926e-03    1.532959e-03 
	   displacement        1.709597e-02    1.709597e-02    1.709597e-08 
 2
 Nonlinear solution status: time= 1.03389
	stiffness updates             = 1
	right hand side evaluations   = 3
	stiffness matrix reformations = 1
	step from line search         = 1.000000
	convergence norms :     INITIAL         CURRENT         REQUIRED
	   residual            3.681122e+03    1.358795e-01    0.000000e+00 
	   energy              1.532959e-01    2.180756e-04    1.532959e-03 
	   displacement        1.709597e-02    4.122814e-04    1.403341e-08 
 3
 Nonlinear solution status: time= 1.03389
	stiffness updates             = 2
	right hand side evaluations   = 4
	stiffness matrix reformations = 1
	step from line search         = 1.000000
	convergence norms :     INITIAL         CURRENT         REQUIRED
	   residual            3.681122e+03    1.821901e-02    0.000000e+00 
	   energy              1.532959e-01    1.039015e-05    1.532959e-03 
	   displacement        1.709597e-02    7.795076e-05    1.439483e-08 
 4
 Nonlinear solution status: time= 1.03389
	stiffness updates             = 3
	right hand side evaluations   = 6
	stiffness matrix reformations = 1
	step from line search         = 0.577468
	convergence norms :     INITIAL         CURRENT         REQUIRED
	   residual            3.681122e+03    6.046254e-03    0.000000e+00 
	   energy              1.532959e-01    2.718331e-06    1.532959e-03 
	   displacement        1.709597e-02    7.633368e-06    1.471226e-08 
 5
 Nonlinear solution status: time= 1.03389
	stiffness updates             = 4
	right hand side evaluations   = 7
	stiffness matrix reformations = 1
	step from line search         = 1.000000
	convergence norms :     INITIAL         CURRENT         REQUIRED
	   residual            3.681122e+03    5.891307e-03    0.000000e+00 
	   energy              1.532959e-01    1.354851e-06    1.532959e-03 
	   displacement        1.709597e-02    1.236389e-06    1.483323e-08 
 6
 Nonlinear solution status: time= 1.03389
	stiffness updates             = 5
	right hand side evaluations   = 8
	stiffness matrix reformations = 1
	step from line search         = 1.000000
	convergence norms :     INITIAL         CURRENT         REQUIRED
	   residual            3.681122e+03    2.244117e-03    0.000000e+00 
	   energy              1.532959e-01    6.256725e-07    1.532959e-03 
	   displacement        1.709597e-02    2.382864e-07    1.480386e-08 
 7
 Nonlinear solution status: time= 1.03389
	stiffness updates             = 6
	right hand side evaluations   = 9
	stiffness matrix reformations = 1
	step from line search         = 1.000000
	convergence norms :     INITIAL         CURRENT         REQUIRED
	   residual            3.681122e+03    8.611252e-04    0.000000e+00 
	   energy              1.532959e-01    3.585022e-07    1.532959e-03 
	   displacement        1.709597e-02    3.569120e-07    1.476100e-08 
 8
 Nonlinear solution status: time= 1.03389
	stiffness updates             = 7
	right hand side evaluations   = 10
	stiffness matrix reformations = 1
	step from line search         = 1.000000
	convergence norms :     INITIAL         CURRENT         REQUIRED
	   residual            3.681122e+03    9.486378e-04    0.000000e+00 
	   energy              1.532959e-01    1.410479e-07    1.532959e-03 
	   displacement        1.709597e-02    7.879168e-08    1.478618e-08 
 9
 Nonlinear solution status: time= 1.03389
	stiffness updates             = 8
	right hand side evaluations   = 11
	stiffness matrix reformations = 1
	step from line search         = 1.000000
	convergence norms :     INITIAL         CURRENT         REQUIRED
	   residual            3.681122e+03    3.695537e-04    0.000000e+00 
	   energy              1.532959e-01    1.026866e-07    1.532959e-03 
	   displacement        1.709597e-02    5.199592e-08    1.480967e-08 
 10
 Nonlinear solution status: time= 1.03389
	stiffness updates             = 9
	right hand side evaluations   = 12
	stiffness matrix reformations = 1
	step from line search         = 1.000000
	convergence norms :     INITIAL         CURRENT         REQUIRED
	   residual            3.681122e+03    6.616639e-05    0.000000e+00 
	   energy              1.532959e-01    1.719157e-08    1.532959e-03 
	   displacement        1.709597e-02    1.820976e-08    1.479977e-08 

 *************************************************************************
 *                               WARNING                                 *
 * Max nr of iterations reached.                                         *
 * Stiffness matrix will now be reformed.                                *
 *************************************************************************
Reforming stiffness matrix: reformation #2

 11
 Nonlinear solution status: time= 1.03389
	stiffness updates             = 0
	right hand side evaluations   = 13
	stiffness matrix reformations = 2
	step from line search         = 1.000000
	convergence norms :     INITIAL         CURRENT         REQUIRED
	   residual            3.681122e+03    2.227777e-07    0.000000e+00 
	   energy              1.532959e-01    1.163785e-10    1.532959e-03 
	   displacement        1.709597e-02    4.678828e-09    1.479883e-08 

convergence summary
    number of iterations   : 11
    number of reformations : 2

------- converged at time : 1.03389


===== beginning time step 12 : 1.03823 =====


Reforming stiffness matrix: reformation #1

 1
 Nonlinear solution status: time= 1.03823
	stiffness updates             = 0
	right hand side evaluations   = 2
	stiffness matrix reformations = 1
	step from line search         = 1.000000
	convergence norms :     INITIAL         CURRENT         REQUIRED
	   residual            1.619180e+03    9.671591e-02    0.000000e+00 
	   energy              7.863854e-02    1.139970e-03    7.863854e-04 
	   displacement        1.578796e-02    1.578796e-02    1.578796e-08 
 2
 Nonlinear solution status: time= 1.03823
	stiffness updates             = 1
	right hand side evaluations   = 4
	stiffness matrix reformations = 1
	step from line search         = 0.622490
	convergence norms :     INITIAL         CURRENT         REQUIRED
	   residual            1.619180e+03    6.194931e-02    0.000000e+00 
	   energy              7.863854e-02    2.572535e-05    7.863854e-04 
	   displacement        1.578796e-02    1.311861e-04    1.395357e-08 
 3
 Nonlinear solution status: time= 1.03823
	stiffness updates             = 2
	right hand side evaluations   = 6
	stiffness matrix reformations = 1
	step from line search         = 0.311294
	convergence norms :     INITIAL         CURRENT         REQUIRED
	   residual            1.619180e+03    2.068913e-02    0.000000e+00 
	   energy              7.863854e-02    5.655048e-06    7.863854e-04 
	   displacement        1.578796e-02    5.088566e-06    1.363612e-08 
 4
 Nonlinear solution status: time= 1.03823
	stiffness updates             = 3
	right hand side evaluations   = 8
	stiffness matrix reformations = 1
	step from line search         = 0.631596
	convergence norms :     INITIAL         CURRENT         REQUIRED
	   residual            1.619180e+03    2.820439e-03    0.000000e+00 
	   energy              7.863854e-02    1.746866e-06    7.863854e-04 
	   displacement        1.578796e-02    9.204394e-06    1.342226e-08 
 5
 Nonlinear solution status: time= 1.03823
	stiffness updates             = 4
	right hand side evaluations   = 9
	stiffness matrix reformations = 1
	step from line search         = 1.000000
	convergence norms :     INITIAL         CURRENT         REQUIRED
	   residual            1.619180e+03    8.120230e-03    0.000000e+00 
	   energy              7.863854e-02    1.170502e-06    7.863854e-04 
	   displacement        1.578796e-02    9.839772e-07    1.352706e-08 
 6
 Nonlinear solution status: time= 1.03823
	stiffness updates             = 5
	right hand side evaluations   = 10
	stiffness matrix reformations = 1
	step from line search         = 1.000000
	convergence norms :     INITIAL         CURRENT         REQUIRED
	   residual            1.619180e+03    4.481643e-03    0.000000e+00 
	   energy              7.863854e-02    6.723169e-07    7.863854e-04 
	   displacement        1.578796e-02    3.206815e-07    1.360249e-08 
 7
 Nonlinear solution status: time= 1.03823
	stiffness updates             = 6
	right hand side evaluations   = 11
	stiffness matrix reformations = 1
	step from line search         = 1.000000
	convergence norms :     INITIAL         CURRENT         REQUIRED
	   residual            1.619180e+03    3.225536e-04    0.000000e+00 
	   energy              7.863854e-02    1.198791e-07    7.863854e-04 
	   displacement        1.578796e-02    1.679337e-07    1.357117e-08 
 8
 Nonlinear solution status: time= 1.03823
	stiffness updates             = 7
	right hand side evaluations   = 12
	stiffness matrix reformations = 1
	step from line search         = 1.000000
	convergence norms :     INITIAL         CURRENT         REQUIRED
	   residual            1.619180e+03    1.962221e-04    0.000000e+00 
	   energy              7.863854e-02    2.715043e-08    7.863854e-04 
	   displacement        1.578796e-02    3.380052e-08    1.355784e-08 
 9
 Nonlinear solution status: time= 1.03823
	stiffness updates             = 8
	right hand side evaluations   = 13
	stiffness matrix reformations = 1
	step from line search         = 1.000000
	convergence norms :     INITIAL         CURRENT         REQUIRED
	   residual            1.619180e+03    1.893981e-04    0.000000e+00 
	   energy              7.863854e-02    1.485215e-08    7.863854e-04 
	   displacement        1.578796e-02    1.372972e-08    1.356871e-08 
 10
 Nonlinear solution status: time= 1.03823
	stiffness updates             = 9
	right hand side evaluations   = 14
	stiffness matrix reformations = 1
	step from line search         = 1.000000
	convergence norms :     INITIAL         CURRENT         REQUIRED
	   residual            1.619180e+03    7.809888e-05    0.000000e+00 
	   energy              7.863854e-02    1.951891e-09    7.863854e-04 
	   displacement        1.578796e-02    3.801201e-09    1.357486e-08 

convergence summary
    number of iterations   : 10
    number of reformations : 1

------- converged at time : 1.03823


AUTO STEPPER: increasing time step, dt = 0.0046222


===== beginning time step 13 : 1.04285 =====


Reforming stiffness matrix: reformation #1

 1
 Nonlinear solution status: time= 1.04285
	stiffness updates             = 0
	right hand side evaluations   = 2
	stiffness matrix reformations = 1
	step from line search         = 1.000000
	convergence norms :     INITIAL         CURRENT         REQUIRED
	   residual            4.446469e+02    1.144653e-01    0.000000e+00 
	   energy              3.286403e-02    1.088029e-03    3.286403e-04 
	   displacement        1.606715e-02    1.606715e-02    1.606715e-08 
 2
 Nonlinear solution status: time= 1.04285
	stiffness updates             = 1
	right hand side evaluations   = 4
	stiffness matrix reformations = 1
	step from line search         = 0.245041
	convergence norms :     INITIAL         CURRENT         REQUIRED
	   residual            4.446469e+02    3.868513e-02    0.000000e+00 
	   energy              3.286403e-02    2.196040e-05    3.286403e-04 
	   displacement        1.606715e-02    2.101988e-05    1.532059e-08 
 3
 Nonlinear solution status: time= 1.04285
	stiffness updates             = 2
	right hand side evaluations   = 6
	stiffness matrix reformations = 1
	step from line search         = 0.259521
	convergence norms :     INITIAL         CURRENT         REQUIRED
	   residual            4.446469e+02    1.309665e-02    0.000000e+00 
	   energy              3.286403e-02    1.159800e-05    3.286403e-04 
	   displacement        1.606715e-02    2.412931e-05    1.443367e-08 
 4
 Nonlinear solution status: time= 1.04285
	stiffness updates             = 3
	right hand side evaluations   = 7
	stiffness matrix reformations = 1
	step from line search         = 1.000000
	convergence norms :     INITIAL         CURRENT         REQUIRED
	   residual            4.446469e+02    2.156928e-02    0.000000e+00 
	   energy              3.286403e-02    1.256420e-05    3.286403e-04 
	   displacement        1.606715e-02    3.153817e-05    1.345523e-08 
 5
 Nonlinear solution status: time= 1.04285
	stiffness updates             = 4
	right hand side evaluations   = 8
	stiffness matrix reformations = 1
	step from line search         = 1.000000
	convergence norms :     INITIAL         CURRENT         REQUIRED
	   residual            4.446469e+02    1.235411e-02    0.000000e+00 
	   energy              3.286403e-02    4.133894e-06    3.286403e-04 
	   displacement        1.606715e-02    3.079228e-06    1.355549e-08 
 6
 Nonlinear solution status: time= 1.04285
	stiffness updates             = 5
	right hand side evaluations   = 9
	stiffness matrix reformations = 1
	step from line search         = 1.000000
	convergence norms :     INITIAL         CURRENT         REQUIRED
	   residual            4.446469e+02    7.085033e-03    0.000000e+00 
	   energy              3.286403e-02    2.394873e-06    3.286403e-04 
	   displacement        1.606715e-02    2.185813e-06    1.381449e-08 
 7
 Nonlinear solution status: time= 1.04285
	stiffness updates             = 6
	right hand side evaluations   = 10
	stiffness matrix reformations = 1
	step from line search         = 1.000000
	convergence norms :     INITIAL         CURRENT         REQUIRED
	   residual            4.446469e+02    4.598381e-04    0.000000e+00 
	   energy              3.286403e-02    5.229230e-08    3.286403e-04 
	   displacement        1.606715e-02    5.802583e-07    1.371493e-08 
 8
 Nonlinear solution status: time= 1.04285
	stiffness updates             = 7
	right hand side evaluations   = 11
	stiffness matrix reformations = 1
	step from line search         = 1.000000
	convergence norms :     INITIAL         CURRENT         REQUIRED
	   residual            4.446469e+02    9.091114e-04    0.000000e+00 
	   energy              3.286403e-02    1.559060e-07    3.286403e-04 
	   displacement        1.606715e-02    1.004048e-07    1.367429e-08 
 9
 Nonlinear solution status: time= 1.04285
	stiffness updates             = 8
	right hand side evaluations   = 12
	stiffness matrix reformations = 1
	step from line search         = 1.000000
	convergence norms :     INITIAL         CURRENT         REQUIRED
	   residual            4.446469e+02    3.645336e-04    0.000000e+00 
	   energy              3.286403e-02    1.878335e-08    3.286403e-04 
	   displacement        1.606715e-02    3.113732e-08    1.369539e-08 
 10
 Nonlinear solution status: time= 1.04285
	stiffness updates             = 9
	right hand side evaluations   = 13
	stiffness matrix reformations = 1
	step from line search         = 1.000000
	convergence norms :     INITIAL         CURRENT         REQUIRED
	   residual            4.446469e+02    1.651856e-04    0.000000e+00 
	   energy              3.286403e-02    5.958082e-09    3.286403e-04 
	   displacement        1.606715e-02    2.262256e-08    1.371819e-08 

 *************************************************************************
 *                               WARNING                                 *
 * Max nr of iterations reached.                                         *
 * Stiffness matrix will now be reformed.                                *
 *************************************************************************
Reforming stiffness matrix: reformation #2

 11
 Nonlinear solution status: time= 1.04285
	stiffness updates             = 0
	right hand side evaluations   = 15
	stiffness matrix reformations = 2
	step from line search         = 0.399930
	convergence norms :     INITIAL         CURRENT         REQUIRED
	   residual            4.446469e+02    3.918500e-04    0.000000e+00 
	   energy              3.286403e-02    4.684532e-08    3.286403e-04 
	   displacement        1.606715e-02    7.077360e-08    1.371507e-08 
 12
 Nonlinear solution status: time= 1.04285
	stiffness updates             = 1
	right hand side evaluations   = 16
	stiffness matrix reformations = 2
	step from line search         = 1.000000
	convergence norms :     INITIAL         CURRENT         REQUIRED
	   residual            4.446469e+02    8.695136e-04    0.000000e+00 
	   energy              3.286403e-02    1.625916e-08    3.286403e-04 
	   displacement        1.606715e-02    7.806716e-08    1.370795e-08 
 13
 Nonlinear solution status: time= 1.04285
	stiffness updates             = 2
	right hand side evaluations   = 17
	stiffness matrix reformations = 2
	step from line search         = 1.000000
	convergence norms :     INITIAL         CURRENT         REQUIRED
	   residual            4.446469e+02    6.318266e-05    0.000000e+00 
	   energy              3.286403e-02    1.262370e-08    3.286403e-04 
	   displacement        1.606715e-02    8.793024e-09    1.369932e-08 

convergence summary
    number of iterations   : 13
    number of reformations : 2

------- converged at time : 1.04285


AUTO STEPPER: decreasing time step, dt = 0.00425181


===== beginning time step 14 : 1.04711 =====


Reforming stiffness matrix: reformation #1

 1

 *************************************************************************
 *                                ERROR                                  *
 * Negative jacobian detected.                                           *
 *************************************************************************


------- failed to converge at time : 1.04711

Retrying time step. Retry attempt 1 of max 20


AUTO STEPPER: retry step, dt = 0.00404934


===== beginning time step 14 : 1.0469 =====


Reforming stiffness matrix: reformation #1

 1
 Nonlinear solution status: time= 1.0469
	stiffness updates             = 0
	right hand side evaluations   = 3
	stiffness matrix reformations = 1
	step from line search         = 0.348920
	convergence norms :     INITIAL         CURRENT         REQUIRED
	   residual            1.836378e+00    1.043984e+00    0.000000e+00 
	   energy              1.317673e-02    2.727526e-03    1.317673e-04 
	   displacement        1.118721e-02    1.361991e-03    1.361991e-09 
 2

 *************************************************************************
 *                                ERROR                                  *
 * 108 negative jacobians detected.                                      *
 *************************************************************************


------- failed to converge at time : 1.0469

Retrying time step. Retry attempt 2 of max 20


AUTO STEPPER: retry step, dt = 0.00384687


===== beginning time step 14 : 1.0467 =====


Reforming stiffness matrix: reformation #1

 1
 Nonlinear solution status: time= 1.0467
	stiffness updates             = 0
	right hand side evaluations   = 2
	stiffness matrix reformations = 1
	step from line search         = 1.000000
	convergence norms :     INITIAL         CURRENT         REQUIRED
	   residual            2.345968e+00    3.112129e+01    0.000000e+00 
	   energy              1.314968e-02    6.540876e-03    1.314968e-04 
	   displacement        1.013870e-02    1.013870e-02    1.013870e-08 
 2

 *************************************************************************
 *                                ERROR                                  *
 * 1476 negative jacobians detected.                                     *
 *************************************************************************


------- failed to converge at time : 1.0467

Retrying time step. Retry attempt 3 of max 20


AUTO STEPPER: retry step, dt = 0.00364441


===== beginning time step 14 : 1.0465 =====


Reforming stiffness matrix: reformation #1

 1
 Nonlinear solution status: time= 1.0465
	stiffness updates             = 0
	right hand side evaluations   = 2
	stiffness matrix reformations = 1
	step from line search         = 1.000000
	convergence norms :     INITIAL         CURRENT         REQUIRED
	   residual            2.918899e+00    1.003023e+01    0.000000e+00 
	   energy              1.312370e-02    3.545031e-03    1.312370e-04 
	   displacement        9.137932e-03    9.137932e-03    9.137932e-09 
 2

 *************************************************************************
 *                                ERROR                                  *
 * 737 negative jacobians detected.                                      *
 *************************************************************************


------- failed to converge at time : 1.0465

Retrying time step. Retry attempt 4 of max 20


AUTO STEPPER: retry step, dt = 0.00344194


===== beginning time step 14 : 1.0463 =====


Reforming stiffness matrix: reformation #1

 1
 Nonlinear solution status: time= 1.0463
	stiffness updates             = 0
	right hand side evaluations   = 2
	stiffness matrix reformations = 1
	step from line search         = 1.000000
	convergence norms :     INITIAL         CURRENT         REQUIRED
	   residual            3.555332e+00    4.534080e+00    0.000000e+00 
	   energy              1.309875e-02    2.377252e-03    1.309875e-04 
	   displacement        8.185050e-03    8.185050e-03    8.185050e-09 
 2

 *************************************************************************
 *                                ERROR                                  *
 * 175 negative jacobians detected.                                      *
 *************************************************************************


------- failed to converge at time : 1.0463

Retrying time step. Retry attempt 5 of max 20


AUTO STEPPER: retry step, dt = 0.00323947


===== beginning time step 14 : 1.04609 =====


Reforming stiffness matrix: reformation #1

 1
 Nonlinear solution status: time= 1.04609
	stiffness updates             = 0
	right hand side evaluations   = 2
	stiffness matrix reformations = 1
	step from line search         = 1.000000
	convergence norms :     INITIAL         CURRENT         REQUIRED
	   residual            4.255479e+00    2.355262e+00    0.000000e+00 
	   energy              1.307481e-02    1.750932e-03    1.307481e-04 
	   displacement        7.280460e-03    7.280460e-03    7.280460e-09 
 2

 *************************************************************************
 *                                ERROR                                  *
 * 118 negative jacobians detected.                                      *
 *************************************************************************


------- failed to converge at time : 1.04609

Retrying time step. Retry attempt 6 of max 20


AUTO STEPPER: retry step, dt = 0.003037


===== beginning time step 14 : 1.04589 =====


Reforming stiffness matrix: reformation #1

 1
 Nonlinear solution status: time= 1.04589
	stiffness updates             = 0
	right hand side evaluations   = 2
	stiffness matrix reformations = 1
	step from line search         = 1.000000
	convergence norms :     INITIAL         CURRENT         REQUIRED
	   residual            5.019624e+00    1.324104e+00    0.000000e+00 
	   energy              1.305188e-02    1.370490e-03    1.305188e-04 
	   displacement        6.424723e-03    6.424723e-03    6.424723e-09 
 2

 *************************************************************************
 *                                ERROR                                  *
 * 77 negative jacobians detected.                                       *
 *************************************************************************


------- failed to converge at time : 1.04589

Retrying time step. Retry attempt 7 of max 20


AUTO STEPPER: retry step, dt = 0.00283454


===== beginning time step 14 : 1.04569 =====


Reforming stiffness matrix: reformation #1

 1
 Nonlinear solution status: time= 1.04569
	stiffness updates             = 0
	right hand side evaluations   = 2
	stiffness matrix reformations = 1
	step from line search         = 1.000000
	convergence norms :     INITIAL         CURRENT         REQUIRED
	   residual            5.848157e+00    7.885533e-01    0.000000e+00 
	   energy              1.302996e-02    1.123153e-03    1.302996e-04 
	   displacement        5.618514e-03    5.618514e-03    5.618514e-09 
 2

 *************************************************************************
 *                                ERROR                                  *
 * 46 negative jacobians detected.                                       *
 *************************************************************************


------- failed to converge at time : 1.04569

Retrying time step. Retry attempt 8 of max 20


AUTO STEPPER: retry step, dt = 0.00263207


===== beginning time step 14 : 1.04549 =====


Reforming stiffness matrix: reformation #1

 1
 Nonlinear solution status: time= 1.04549
	stiffness updates             = 0
	right hand side evaluations   = 2
	stiffness matrix reformations = 1
	step from line search         = 1.000000
	convergence norms :     INITIAL         CURRENT         REQUIRED
	   residual            6.741616e+00    4.933109e-01    0.000000e+00 
	   energy              1.300908e-02    9.549414e-04    1.300908e-04 
	   displacement        4.862581e-03    4.862581e-03    4.862581e-09 
 2

 *************************************************************************
 *                                ERROR                                  *
 * 39 negative jacobians detected.                                       *
 *************************************************************************


------- failed to converge at time : 1.04549

Retrying time step. Retry attempt 9 of max 20


AUTO STEPPER: retry step, dt = 0.0024296


===== beginning time step 14 : 1.04528 =====


Reforming stiffness matrix: reformation #1

 1
 Nonlinear solution status: time= 1.04528
	stiffness updates             = 0
	right hand side evaluations   = 2
	stiffness matrix reformations = 1
	step from line search         = 1.000000
	convergence norms :     INITIAL         CURRENT         REQUIRED
	   residual            7.700774e+00    3.219697e-01    0.000000e+00 
	   energy              1.298930e-02    8.368070e-04    1.298930e-04 
	   displacement        4.157724e-03    4.157724e-03    4.157724e-09 
 2

 *************************************************************************
 *                                ERROR                                  *
 * 34 negative jacobians detected.                                       *
 *************************************************************************


------- failed to converge at time : 1.04528

Retrying time step. Retry attempt 10 of max 20


AUTO STEPPER: retry step, dt = 0.00222714


===== beginning time step 14 : 1.04508 =====


Reforming stiffness matrix: reformation #1

 1
 Nonlinear solution status: time= 1.04508
	stiffness updates             = 0
	right hand side evaluations   = 2
	stiffness matrix reformations = 1
	step from line search         = 1.000000
	convergence norms :     INITIAL         CURRENT         REQUIRED
	   residual            8.013801e+00    2.178861e-01    0.000000e+00 
	   energy              1.293963e-02    7.521337e-04    1.293963e-04 
	   displacement        3.504394e-03    3.504394e-03    3.504394e-09 
 2

 *************************************************************************
 *                                ERROR                                  *
 * 25 negative jacobians detected.                                       *
 *************************************************************************


------- failed to converge at time : 1.04508

Retrying time step. Retry attempt 11 of max 20


AUTO STEPPER: retry step, dt = 0.00202467


===== beginning time step 14 : 1.04488 =====


Reforming stiffness matrix: reformation #1

 1
 Nonlinear solution status: time= 1.04488
	stiffness updates             = 0
	right hand side evaluations   = 2
	stiffness matrix reformations = 1
	step from line search         = 1.000000
	convergence norms :     INITIAL         CURRENT         REQUIRED
	   residual            7.075915e+00    1.515448e-01    0.000000e+00 
	   energy              1.283403e-02    6.906408e-04    1.283403e-04 
	   displacement        2.903376e-03    2.903376e-03    2.903376e-09 
 2

 *************************************************************************
 *                                ERROR                                  *
 * 19 negative jacobians detected.                                       *
 *************************************************************************


------- failed to converge at time : 1.04488

Retrying time step. Retry attempt 12 of max 20


AUTO STEPPER: retry step, dt = 0.0018222


===== beginning time step 14 : 1.04468 =====


Reforming stiffness matrix: reformation #1

 1
 Nonlinear solution status: time= 1.04468
	stiffness updates             = 0
	right hand side evaluations   = 2
	stiffness matrix reformations = 1
	step from line search         = 1.000000
	convergence norms :     INITIAL         CURRENT         REQUIRED
	   residual            6.209207e+00    1.062783e-01    0.000000e+00 
	   energy              1.273039e-02    6.462097e-04    1.273039e-04 
	   displacement        2.356364e-03    2.356364e-03    2.356364e-09 
 2

 *************************************************************************
 *                                ERROR                                  *
 * 13 negative jacobians detected.                                       *
 *************************************************************************


------- failed to converge at time : 1.04468

Retrying time step. Retry attempt 13 of max 20


AUTO STEPPER: retry step, dt = 0.00161974


===== beginning time step 14 : 1.04447 =====


Reforming stiffness matrix: reformation #1

 1
 Nonlinear solution status: time= 1.04447
	stiffness updates             = 0
	right hand side evaluations   = 2
	stiffness matrix reformations = 1
	step from line search         = 1.000000
	convergence norms :     INITIAL         CURRENT         REQUIRED
	   residual            5.418142e+00    7.495186e-02    0.000000e+00 
	   energy              1.262915e-02    6.154388e-04    1.262915e-04 
	   displacement        1.864249e-03    1.864249e-03    1.864249e-09 
 2

 *************************************************************************
 *                                ERROR                                  *
 * 8 negative jacobians detected.                                        *
 *************************************************************************


------- failed to converge at time : 1.04447

Retrying time step. Retry attempt 14 of max 20


AUTO STEPPER: retry step, dt = 0.00141727


===== beginning time step 14 : 1.04427 =====


Reforming stiffness matrix: reformation #1

 1
 Nonlinear solution status: time= 1.04427
	stiffness updates             = 0
	right hand side evaluations   = 2
	stiffness matrix reformations = 1
	step from line search         = 1.000000
	convergence norms :     INITIAL         CURRENT         REQUIRED
	   residual            4.710565e+00    5.410581e-02    0.000000e+00 
	   energy              1.253097e-02    5.965638e-04    1.253097e-04 
	   displacement        1.427968e-03    1.427968e-03    1.427968e-09 
 2

 *************************************************************************
 *                                ERROR                                  *
 * 3 negative jacobians detected.                                        *
 *************************************************************************


------- failed to converge at time : 1.04427

Retrying time step. Retry attempt 15 of max 20


AUTO STEPPER: retry step, dt = 0.0012148


===== beginning time step 14 : 1.04407 =====


Reforming stiffness matrix: reformation #1

 1
 Nonlinear solution status: time= 1.04407
	stiffness updates             = 0
	right hand side evaluations   = 2
	stiffness matrix reformations = 1
	step from line search         = 1.000000
	convergence norms :     INITIAL         CURRENT         REQUIRED
	   residual            4.101323e+00    4.220552e-02    0.000000e+00 
	   energy              1.243695e-02    5.893090e-04    1.243695e-04 
	   displacement        1.048506e-03    1.048506e-03    1.048506e-09 
 2
 Nonlinear solution status: time= 1.04407
	stiffness updates             = 1
	right hand side evaluations   = 4
	stiffness matrix reformations = 1
	step from line search         = 0.244029
	convergence norms :     INITIAL         CURRENT         REQUIRED
	   residual            4.101323e+00    1.926495e-02    0.000000e+00 
	   energy              1.243695e-02    2.045115e-05    1.243695e-04 
	   displacement        1.048506e-03    3.176346e-06    1.006410e-09 
 3
 Nonlinear solution status: time= 1.04407
	stiffness updates             = 2
	right hand side evaluations   = 6
	stiffness matrix reformations = 1
	step from line search         = 0.319964
	convergence norms :     INITIAL         CURRENT         REQUIRED
	   residual            4.101323e+00    1.188443e-02    0.000000e+00 
	   energy              1.243695e-02    1.339648e-06    1.243695e-04 
	   displacement        1.048506e-03    9.171896e-06    9.231736e-10 
 4
 Nonlinear solution status: time= 1.04407
	stiffness updates             = 3
	right hand side evaluations   = 7
	stiffness matrix reformations = 1
	step from line search         = 1.000000
	convergence norms :     INITIAL         CURRENT         REQUIRED
	   residual            4.101323e+00    5.579607e-02    0.000000e+00 
	   energy              1.243695e-02    4.935949e-06    1.243695e-04 
	   displacement        1.048506e-03    1.183161e-06    9.068687e-10 
 5
 Nonlinear solution status: time= 1.04407
	stiffness updates             = 4
	right hand side evaluations   = 8
	stiffness matrix reformations = 1
	step from line search         = 1.000000
	convergence norms :     INITIAL         CURRENT         REQUIRED
	   residual            4.101323e+00    1.412012e-02    0.000000e+00 
	   energy              1.243695e-02    6.664478e-07    1.243695e-04 
	   displacement        1.048506e-03    6.088672e-07    9.060792e-10 
 6
 Nonlinear solution status: time= 1.04407
	stiffness updates             = 5
	right hand side evaluations   = 9
	stiffness matrix reformations = 1
	step from line search         = 1.000000
	convergence norms :     INITIAL         CURRENT         REQUIRED
	   residual            4.101323e+00    1.424684e-04    0.000000e+00 
	   energy              1.243695e-02    5.841006e-08    1.243695e-04 
	   displacement        1.048506e-03    6.476007e-08    9.117374e-10 
 7
 Nonlinear solution status: time= 1.04407
	stiffness updates             = 6
	right hand side evaluations   = 10
	stiffness matrix reformations = 1
	step from line search         = 1.000000
	convergence norms :     INITIAL         CURRENT         REQUIRED
	   residual            4.101323e+00    3.284515e-04    0.000000e+00 
	   energy              1.243695e-02    1.401298e-07    1.243695e-04 
	   displacement        1.048506e-03    4.391740e-08    9.120426e-10 
 8
 Nonlinear solution status: time= 1.04407
	stiffness updates             = 7
	right hand side evaluations   = 12
	stiffness matrix reformations = 1
	step from line search         = 0.537434
	convergence norms :     INITIAL         CURRENT         REQUIRED
	   residual            4.101323e+00    6.116870e-04    0.000000e+00 
	   energy              1.243695e-02    5.271960e-08    1.243695e-04 
	   displacement        1.048506e-03    3.792017e-08    9.112141e-10 
 9
 Nonlinear solution status: time= 1.04407
	stiffness updates             = 8
	right hand side evaluations   = 13
	stiffness matrix reformations = 1
	step from line search         = 1.000000
	convergence norms :     INITIAL         CURRENT         REQUIRED
	   residual            4.101323e+00    9.522837e-04    0.000000e+00 
	   energy              1.243695e-02    5.501734e-08    1.243695e-04 
	   displacement        1.048506e-03    2.423095e-08    9.105503e-10 
 10
 Nonlinear solution status: time= 1.04407
	stiffness updates             = 9
	right hand side evaluations   = 14
	stiffness matrix reformations = 1
	step from line search         = 1.000000
	convergence norms :     INITIAL         CURRENT         REQUIRED
	   residual            4.101323e+00    5.298134e-05    0.000000e+00 
	   energy              1.243695e-02    2.064826e-08    1.243695e-04 
	   displacement        1.048506e-03    4.458206e-09    9.103082e-10 

 *************************************************************************
 *                               WARNING                                 *
 * Max nr of iterations reached.                                         *
 * Stiffness matrix will now be reformed.                                *
 *************************************************************************
Reforming stiffness matrix: reformation #2

 11
 Nonlinear solution status: time= 1.04407
	stiffness updates             = 0
	right hand side evaluations   = 15
	stiffness matrix reformations = 2
	step from line search         = 1.000000
	convergence norms :     INITIAL         CURRENT         REQUIRED
	   residual            4.101323e+00    3.241080e-04    0.000000e+00 
	   energy              1.243695e-02    2.421839e-08    1.243695e-04 
	   displacement        1.048506e-03    3.946549e-08    9.113329e-10 
 12
 Nonlinear solution status: time= 1.04407
	stiffness updates             = 1
	right hand side evaluations   = 16
	stiffness matrix reformations = 2
	step from line search         = 1.000000
	convergence norms :     INITIAL         CURRENT         REQUIRED
	   residual            4.101323e+00    8.240354e-06    0.000000e+00 
	   energy              1.243695e-02    2.719929e-09    1.243695e-04 
	   displacement        1.048506e-03    3.793037e-10    9.113850e-10 

convergence summary
    number of iterations   : 12
    number of reformations : 2

------- converged at time : 1.04407


AUTO STEPPER: decreasing time step, dt = 0.00116308


===== beginning time step 15 : 1.04523 =====


Reforming stiffness matrix: reformation #1

 1
 Nonlinear solution status: time= 1.04523
	stiffness updates             = 0
	right hand side evaluations   = 2
	stiffness matrix reformations = 1
	step from line search         = 1.000000
	convergence norms :     INITIAL         CURRENT         REQUIRED
	   residual            1.187460e+00    1.895527e-01    0.000000e+00 
	   energy              1.213076e-02    6.977712e-04    1.213076e-04 
	   displacement        9.490381e-04    9.490381e-04    9.490381e-10 
 2

 *************************************************************************
 *                                ERROR                                  *
 * 19 negative jacobians detected.                                       *
 *************************************************************************


------- failed to converge at time : 1.04523

Retrying time step. Retry attempt 1 of max 20


AUTO STEPPER: retry step, dt = 0.0011077


===== beginning time step 15 : 1.04518 =====


Reforming stiffness matrix: reformation #1

 1
 Nonlinear solution status: time= 1.04518
	stiffness updates             = 0
	right hand side evaluations   = 2
	stiffness matrix reformations = 1
	step from line search         = 1.000000
	convergence norms :     INITIAL         CURRENT         REQUIRED
	   residual            1.316037e+00    1.548489e-01    0.000000e+00 
	   energy              1.211875e-02    6.648702e-04    1.211875e-04 
	   displacement        8.601555e-04    8.601555e-04    8.601555e-10 
 2

 *************************************************************************
 *                                ERROR                                  *
 * 16 negative jacobians detected.                                       *
 *************************************************************************


------- failed to converge at time : 1.04518

Retrying time step. Retry attempt 2 of max 20


AUTO STEPPER: retry step, dt = 0.00105231


===== beginning time step 15 : 1.04512 =====


Reforming stiffness matrix: reformation #1

 1
 Nonlinear solution status: time= 1.04512
	stiffness updates             = 0
	right hand side evaluations   = 2
	stiffness matrix reformations = 1
	step from line search         = 1.000000
	convergence norms :     INITIAL         CURRENT         REQUIRED
	   residual            1.354858e+00    1.293817e-01    0.000000e+00 
	   energy              1.210279e-02    6.428553e-04    1.210279e-04 
	   displacement        7.756606e-04    7.756606e-04    7.756606e-10 
 2

 *************************************************************************
 *                                ERROR                                  *
 * 14 negative jacobians detected.                                       *
 *************************************************************************


------- failed to converge at time : 1.04512

Retrying time step. Retry attempt 3 of max 20


AUTO STEPPER: retry step, dt = 0.000996929


===== beginning time step 15 : 1.04507 =====


Reforming stiffness matrix: reformation #1

 1
 Nonlinear solution status: time= 1.04507
	stiffness updates             = 0
	right hand side evaluations   = 2
	stiffness matrix reformations = 1
	step from line search         = 1.000000
	convergence norms :     INITIAL         CURRENT         REQUIRED
	   residual            1.327329e+00    1.096479e-01    0.000000e+00 
	   energy              1.208397e-02    6.290693e-04    1.208397e-04 
	   displacement        6.955569e-04    6.955569e-04    6.955569e-10 
 2

 *************************************************************************
 *                                ERROR                                  *
 * 12 negative jacobians detected.                                       *
 *************************************************************************


------- failed to converge at time : 1.04507

Retrying time step. Retry attempt 4 of max 20


AUTO STEPPER: retry step, dt = 0.000941544


===== beginning time step 15 : 1.04501 =====


Reforming stiffness matrix: reformation #1

 1
 Nonlinear solution status: time= 1.04501
	stiffness updates             = 0
	right hand side evaluations   = 2
	stiffness matrix reformations = 1
	step from line search         = 1.000000
	convergence norms :     INITIAL         CURRENT         REQUIRED
	   residual            1.314803e+00    9.411473e-02    0.000000e+00 
	   energy              1.206591e-02    6.217302e-04    1.206591e-04 
	   displacement        6.198694e-04    6.198694e-04    6.198694e-10 
 2

 *************************************************************************
 *                                ERROR                                  *
 * 8 negative jacobians detected.                                        *
 *************************************************************************


------- failed to converge at time : 1.04501

Retrying time step. Retry attempt 5 of max 20


AUTO STEPPER: retry step, dt = 0.000886159


===== beginning time step 15 : 1.04496 =====


Reforming stiffness matrix: reformation #1

 1
 Nonlinear solution status: time= 1.04496
	stiffness updates             = 0
	right hand side evaluations   = 2
	stiffness matrix reformations = 1
	step from line search         = 1.000000
	convergence norms :     INITIAL         CURRENT         REQUIRED
	   residual            1.319944e+00    8.233958e-02    0.000000e+00 
	   energy              1.204875e-02    6.196075e-04    1.204875e-04 
	   displacement        5.485991e-04    5.485991e-04    5.485991e-10 
 2

 *************************************************************************
 *                                ERROR                                  *
 * 5 negative jacobians detected.                                        *
 *************************************************************************


------- failed to converge at time : 1.04496

Retrying time step. Retry attempt 6 of max 20


AUTO STEPPER: retry step, dt = 0.000830774


===== beginning time step 15 : 1.0449 =====


Reforming stiffness matrix: reformation #1

 1
 Nonlinear solution status: time= 1.0449
	stiffness updates             = 0
	right hand side evaluations   = 2
	stiffness matrix reformations = 1
	step from line search         = 1.000000
	convergence norms :     INITIAL         CURRENT         REQUIRED
	   residual            1.346329e+00    7.421115e-02    0.000000e+00 
	   energy              1.203263e-02    6.218685e-04    1.203263e-04 
	   displacement        4.817499e-04    4.817499e-04    4.817499e-10 
 2

 *************************************************************************
 *                                ERROR                                  *
 * 2 negative jacobians detected.                                        *
 *************************************************************************


------- failed to converge at time : 1.0449

Retrying time step. Retry attempt 7 of max 20


AUTO STEPPER: retry step, dt = 0.000775389


===== beginning time step 15 : 1.04484 =====


Reforming stiffness matrix: reformation #1

 1
 Nonlinear solution status: time= 1.04484
	stiffness updates             = 0
	right hand side evaluations   = 2
	stiffness matrix reformations = 1
	step from line search         = 1.000000
	convergence norms :     INITIAL         CURRENT         REQUIRED
	   residual            1.398853e+00    6.971402e-02    0.000000e+00 
	   energy              1.201776e-02    6.280067e-04    1.201776e-04 
	   displacement        4.193259e-04    4.193259e-04    4.193259e-10 
 2

 *************************************************************************
 *                                ERROR                                  *
 * 2 negative jacobians detected.                                        *
 *************************************************************************


------- failed to converge at time : 1.04484

Retrying time step. Retry attempt 8 of max 20


AUTO STEPPER: retry step, dt = 0.000720004


===== beginning time step 15 : 1.04479 =====


Reforming stiffness matrix: reformation #1

 1
 Nonlinear solution status: time= 1.04479
	stiffness updates             = 0
	right hand side evaluations   = 2
	stiffness matrix reformations = 1
	step from line search         = 1.000000
	convergence norms :     INITIAL         CURRENT         REQUIRED
	   residual            1.484360e+00    6.887526e-02    0.000000e+00 
	   energy              1.200441e-02    6.378054e-04    1.200441e-04 
	   displacement        3.613313e-04    3.613313e-04    3.613313e-10 
 2
 Nonlinear solution status: time= 1.04479
	stiffness updates             = 1
	right hand side evaluations   = 4
	stiffness matrix reformations = 1
	step from line search         = 0.345265
	convergence norms :     INITIAL         CURRENT         REQUIRED
	   residual            1.484360e+00    5.577081e-02    0.000000e+00 
	   energy              1.200441e-02    3.468268e-05    1.200441e-04 
	   displacement        3.613313e-04    3.062320e-06    3.407166e-10 
 3

 *************************************************************************
 *                                ERROR                                  *
 * 2 negative jacobians detected.                                        *
 *************************************************************************


------- failed to converge at time : 1.04479

Retrying time step. Retry attempt 9 of max 20


AUTO STEPPER: retry step, dt = 0.000664619


===== beginning time step 15 : 1.04473 =====


Reforming stiffness matrix: reformation #1

 1
 Nonlinear solution status: time= 1.04473
	stiffness updates             = 0
	right hand side evaluations   = 2
	stiffness matrix reformations = 1
	step from line search         = 1.000000
	convergence norms :     INITIAL         CURRENT         REQUIRED
	   residual            1.612649e+00    7.181699e-02    0.000000e+00 
	   energy              1.199294e-02    6.513303e-04    1.199294e-04 
	   displacement        3.077680e-04    3.077680e-04    3.077680e-10 
 2
 Nonlinear solution status: time= 1.04473
	stiffness updates             = 1
	right hand side evaluations   = 3
	stiffness matrix reformations = 1
	step from line search         = 1.000000
	convergence norms :     INITIAL         CURRENT         REQUIRED
	   residual            1.612649e+00    7.585720e-01    0.000000e+00 
	   energy              1.199294e-02    2.341208e-04    1.199294e-04 
	   displacement        3.077680e-04    1.783898e-05    2.669132e-10 
 3

 *************************************************************************
 *                                ERROR                                  *
 * 4 negative jacobians detected.                                        *
 *************************************************************************


------- failed to converge at time : 1.04473

Retrying time step. Retry attempt 10 of max 20


AUTO STEPPER: retry step, dt = 0.000609235


===== beginning time step 15 : 1.04468 =====


Reforming stiffness matrix: reformation #1

 1
 Nonlinear solution status: time= 1.04468
	stiffness updates             = 0
	right hand side evaluations   = 2
	stiffness matrix reformations = 1
	step from line search         = 1.000000
	convergence norms :     INITIAL         CURRENT         REQUIRED
	   residual            1.798160e+00    7.887584e-02    0.000000e+00 
	   energy              1.198386e-02    6.689572e-04    1.198386e-04 
	   displacement        2.586352e-04    2.586352e-04    2.586352e-10 
 2
 Nonlinear solution status: time= 1.04468
	stiffness updates             = 1
	right hand side evaluations   = 3
	stiffness matrix reformations = 1
	step from line search         = 1.000000
	convergence norms :     INITIAL         CURRENT         REQUIRED
	   residual            1.798160e+00    9.108683e-02    0.000000e+00 
	   energy              1.198386e-02    7.397923e-05    1.198386e-04 
	   displacement        2.586352e-04    1.416993e-05    2.229719e-10 
 3

 *************************************************************************
 *                                ERROR                                  *
 * Negative jacobian detected.                                           *
 *************************************************************************


------- failed to converge at time : 1.04468

Retrying time step. Retry attempt 11 of max 20


AUTO STEPPER: retry step, dt = 0.00055385


===== beginning time step 15 : 1.04462 =====


Reforming stiffness matrix: reformation #1

 1
 Nonlinear solution status: time= 1.04462
	stiffness updates             = 0
	right hand side evaluations   = 2
	stiffness matrix reformations = 1
	step from line search         = 1.000000
	convergence norms :     INITIAL         CURRENT         REQUIRED
	   residual            2.062881e+00    9.078745e-02    0.000000e+00 
	   energy              1.197791e-02    6.914519e-04    1.197791e-04 
	   displacement        2.139281e-04    2.139281e-04    2.139281e-10 
 2
 Nonlinear solution status: time= 1.04462
	stiffness updates             = 1
	right hand side evaluations   = 3
	stiffness matrix reformations = 1
	step from line search         = 1.000000
	convergence norms :     INITIAL         CURRENT         REQUIRED
	   residual            2.062881e+00    1.274027e-02    0.000000e+00 
	   energy              1.197791e-02    5.510940e-05    1.197791e-04 
	   displacement        2.139281e-04    1.212171e-05    1.840583e-10 
 3
 Nonlinear solution status: time= 1.04462
	stiffness updates             = 2
	right hand side evaluations   = 4
	stiffness matrix reformations = 1
	step from line search         = 1.000000
	convergence norms :     INITIAL         CURRENT         REQUIRED
	   residual            2.062881e+00    8.686531e-04    0.000000e+00 
	   energy              1.197791e-02    1.914406e-06    1.197791e-04 
	   displacement        2.139281e-04    7.771009e-07    1.864238e-10 
 4
 Nonlinear solution status: time= 1.04462
	stiffness updates             = 3
	right hand side evaluations   = 6
	stiffness matrix reformations = 1
	step from line search         = 0.427617
	convergence norms :     INITIAL         CURRENT         REQUIRED
	   residual            2.062881e+00    1.768171e-03    0.000000e+00 
	   energy              1.197791e-02    1.031032e-07    1.197791e-04 
	   displacement        2.139281e-04    2.240802e-08    1.871121e-10 
 5
 Nonlinear solution status: time= 1.04462
	stiffness updates             = 4
	right hand side evaluations   = 8
	stiffness matrix reformations = 1
	step from line search         = 0.634423
	convergence norms :     INITIAL         CURRENT         REQUIRED
	   residual            2.062881e+00    1.093664e-04    0.000000e+00 
	   energy              1.197791e-02    1.451090e-07    1.197791e-04 
	   displacement        2.139281e-04    1.617829e-08    1.881884e-10 
 6
 Nonlinear solution status: time= 1.04462
	stiffness updates             = 5
	right hand side evaluations   = 9
	stiffness matrix reformations = 1
	step from line search         = 1.000000
	convergence norms :     INITIAL         CURRENT         REQUIRED
	   residual            2.062881e+00    4.077312e-05    0.000000e+00 
	   energy              1.197791e-02    5.797211e-09    1.197791e-04 
	   displacement        2.139281e-04    2.044004e-09    1.880334e-10 
 7
 Nonlinear solution status: time= 1.04462
	stiffness updates             = 6
	right hand side evaluations   = 10
	stiffness matrix reformations = 1
	step from line search         = 1.000000
	convergence norms :     INITIAL         CURRENT         REQUIRED
	   residual            2.062881e+00    4.335097e-05    0.000000e+00 
	   energy              1.197791e-02    2.683346e-09    1.197791e-04 
	   displacement        2.139281e-04    6.384531e-10    1.879729e-10 
 8
 Nonlinear solution status: time= 1.04462
	stiffness updates             = 7
	right hand side evaluations   = 11
	stiffness matrix reformations = 1
	step from line search         = 1.000000
	convergence norms :     INITIAL         CURRENT         REQUIRED
	   residual            2.062881e+00    6.197731e-05    0.000000e+00 
	   energy              1.197791e-02    3.365107e-09    1.197791e-04 
	   displacement        2.139281e-04    9.344824e-10    1.879442e-10 
 9
 Nonlinear solution status: time= 1.04462
	stiffness updates             = 8
	right hand side evaluations   = 12
	stiffness matrix reformations = 1
	step from line search         = 1.000000
	convergence norms :     INITIAL         CURRENT         REQUIRED
	   residual            2.062881e+00    2.593426e-05    0.000000e+00 
	   energy              1.197791e-02    4.371855e-09    1.197791e-04 
	   displacement        2.139281e-04    1.449569e-09    1.879491e-10 
 10
 Nonlinear solution status: time= 1.04462
	stiffness updates             = 9
	right hand side evaluations   = 13
	stiffness matrix reformations = 1
	step from line search         = 1.000000
	convergence norms :     INITIAL         CURRENT         REQUIRED
	   residual            2.062881e+00    5.842854e-06    0.000000e+00 
	   energy              1.197791e-02    2.695243e-09    1.197791e-04 
	   displacement        2.139281e-04    1.285787e-09    1.880087e-10 

 *************************************************************************
 *                               WARNING                                 *
 * Max nr of iterations reached.                                         *
 * Stiffness matrix will now be reformed.                                *
 *************************************************************************
Reforming stiffness matrix: reformation #2

 11
 Nonlinear solution status: time= 1.04462
	stiffness updates             = 0
	right hand side evaluations   = 14
	stiffness matrix reformations = 2
	step from line search         = 1.000000
	convergence norms :     INITIAL         CURRENT         REQUIRED
	   residual            2.062881e+00    1.943268e-07    0.000000e+00 
	   energy              1.197791e-02    5.179226e-10    1.197791e-04 
	   displacement        2.139281e-04    5.271342e-10    1.880691e-10 
 12
 Nonlinear solution status: time= 1.04462
	stiffness updates             = 1
	right hand side evaluations   = 15
	stiffness matrix reformations = 2
	step from line search         = 1.000000
	convergence norms :     INITIAL         CURRENT         REQUIRED
	   residual            2.062881e+00    9.024550e-09    0.000000e+00 
	   energy              1.197791e-02    2.016575e-11    1.197791e-04 
	   displacement        2.139281e-04    3.673127e-11    1.880860e-10 

convergence summary
    number of iterations   : 12
    number of reformations : 2

------- converged at time : 1.04462


AUTO STEPPER: decreasing time step, dt = 0.000530271


===== beginning time step 16 : 1.04515 =====


Reforming stiffness matrix: reformation #1

 1
 Nonlinear solution status: time= 1.04515
	stiffness updates             = 0
	right hand side evaluations   = 2
	stiffness matrix reformations = 1
	step from line search         = 1.000000
	convergence norms :     INITIAL         CURRENT         REQUIRED
	   residual            2.197001e+00    1.770431e-01    0.000000e+00 
	   energy              1.192158e-02    7.772962e-04    1.192158e-04 
	   displacement        1.966181e-04    1.966181e-04    1.966181e-10 
 2

 *************************************************************************
 *                                ERROR                                  *
 * 7 negative jacobians detected.                                        *
 *************************************************************************


------- failed to converge at time : 1.04515

Retrying time step. Retry attempt 1 of max 20


AUTO STEPPER: retry step, dt = 0.00050502


===== beginning time step 16 : 1.04513 =====


Reforming stiffness matrix: reformation #1

 1
 Nonlinear solution status: time= 1.04513
	stiffness updates             = 0
	right hand side evaluations   = 2
	stiffness matrix reformations = 1
	step from line search         = 1.000000
	convergence norms :     INITIAL         CURRENT         REQUIRED
	   residual            2.379314e+00    1.695159e-01    0.000000e+00 
	   energy              1.192097e-02    7.699015e-04    1.192097e-04 
	   displacement        1.783685e-04    1.783685e-04    1.783685e-10 
 2

 *************************************************************************
 *                                ERROR                                  *
 * 6 negative jacobians detected.                                        *
 *************************************************************************


------- failed to converge at time : 1.04513

Retrying time step. Retry attempt 2 of max 20


AUTO STEPPER: retry step, dt = 0.000479769


===== beginning time step 16 : 1.0451 =====


Reforming stiffness matrix: reformation #1

 1
 Nonlinear solution status: time= 1.0451
	stiffness updates             = 0
	right hand side evaluations   = 2
	stiffness matrix reformations = 1
	step from line search         = 1.000000
	convergence norms :     INITIAL         CURRENT         REQUIRED
	   residual            2.593713e+00    1.675426e-01    0.000000e+00 
	   energy              1.192153e-02    7.698344e-04    1.192153e-04 
	   displacement        1.610911e-04    1.610911e-04    1.610911e-10 
 2

 *************************************************************************
 *                                ERROR                                  *
 * 4 negative jacobians detected.                                        *
 *************************************************************************


------- failed to converge at time : 1.0451

Retrying time step. Retry attempt 3 of max 20


AUTO STEPPER: retry step, dt = 0.000454518


===== beginning time step 16 : 1.04508 =====


Reforming stiffness matrix: reformation #1

 1
 Nonlinear solution status: time= 1.04508
	stiffness updates             = 0
	right hand side evaluations   = 2
	stiffness matrix reformations = 1
	step from line search         = 1.000000
	convergence norms :     INITIAL         CURRENT         REQUIRED
	   residual            2.848763e+00    1.700968e-01    0.000000e+00 
	   energy              1.192353e-02    7.758366e-04    1.192353e-04 
	   displacement        1.447694e-04    1.447694e-04    1.447694e-10 
 2

 *************************************************************************
 *                                ERROR                                  *
 * 3 negative jacobians detected.                                        *
 *************************************************************************


------- failed to converge at time : 1.04508

Retrying time step. Retry attempt 4 of max 20


AUTO STEPPER: retry step, dt = 0.000429267


===== beginning time step 16 : 1.04505 =====


Reforming stiffness matrix: reformation #1

 1
 Nonlinear solution status: time= 1.04505
	stiffness updates             = 0
	right hand side evaluations   = 2
	stiffness matrix reformations = 1
	step from line search         = 1.000000
	convergence norms :     INITIAL         CURRENT         REQUIRED
	   residual            3.154051e+00    1.769608e-01    0.000000e+00 
	   energy              1.192727e-02    7.871814e-04    1.192727e-04 
	   displacement        1.293903e-04    1.293903e-04    1.293903e-10 
 2

 *************************************************************************
 *                                ERROR                                  *
 * 2 negative jacobians detected.                                        *
 *************************************************************************


------- failed to converge at time : 1.04505

Retrying time step. Retry attempt 5 of max 20


AUTO STEPPER: retry step, dt = 0.000404016


===== beginning time step 16 : 1.04503 =====


Reforming stiffness matrix: reformation #1

 1
 Nonlinear solution status: time= 1.04503
	stiffness updates             = 0
	right hand side evaluations   = 2
	stiffness matrix reformations = 1
	step from line search         = 1.000000
	convergence norms :     INITIAL         CURRENT         REQUIRED
	   residual            3.522249e+00    1.884062e-01    0.000000e+00 
	   energy              1.193311e-02    8.035542e-04    1.193311e-04 
	   displacement        1.149440e-04    1.149440e-04    1.149440e-10 
 2

 *************************************************************************
 *                                ERROR                                  *
 * Negative jacobian detected.                                           *
 *************************************************************************


------- failed to converge at time : 1.04503

Retrying time step. Retry attempt 6 of max 20


AUTO STEPPER: retry step, dt = 0.000378765


===== beginning time step 16 : 1.045 =====


Reforming stiffness matrix: reformation #1

 1
 Nonlinear solution status: time= 1.045
	stiffness updates             = 0
	right hand side evaluations   = 2
	stiffness matrix reformations = 1
	step from line search         = 1.000000
	convergence norms :     INITIAL         CURRENT         REQUIRED
	   residual            3.970381e+00    2.050738e-01    0.000000e+00 
	   energy              1.194155e-02    8.250073e-04    1.194155e-04 
	   displacement        1.014221e-04    1.014221e-04    1.014221e-10 
 2
 Nonlinear solution status: time= 1.045
	stiffness updates             = 1
	right hand side evaluations   = 4
	stiffness matrix reformations = 1
	step from line search         = 0.492395
	convergence norms :     INITIAL         CURRENT         REQUIRED
	   residual            3.970381e+00    2.042502e-01    0.000000e+00 
	   energy              1.194155e-02    3.417574e-05    1.194155e-04 
	   displacement        1.014221e-04    3.626291e-06    9.255951e-11 
 3

 *************************************************************************
 *                                ERROR                                  *
 * 2 negative jacobians detected.                                        *
 *************************************************************************


------- failed to converge at time : 1.045

Retrying time step. Retry attempt 7 of max 20


AUTO STEPPER: retry step, dt = 0.000353514


===== beginning time step 16 : 1.04498 =====


Reforming stiffness matrix: reformation #1

 1
 Nonlinear solution status: time= 1.04498
	stiffness updates             = 0
	right hand side evaluations   = 2
	stiffness matrix reformations = 1
	step from line search         = 1.000000
	convergence norms :     INITIAL         CURRENT         REQUIRED
	   residual            4.521754e+00    2.279786e-01    0.000000e+00 
	   energy              1.195326e-02    8.519685e-04    1.195326e-04 
	   displacement        8.881815e-05    8.881815e-05    8.881815e-11 
 2
 Nonlinear solution status: time= 1.04498
	stiffness updates             = 1
	right hand side evaluations   = 3
	stiffness matrix reformations = 1
	step from line search         = 1.000000
	convergence norms :     INITIAL         CURRENT         REQUIRED
	   residual            4.521754e+00    8.651369e-01    0.000000e+00 
	   energy              1.195326e-02    3.112080e-04    1.195326e-04 
	   displacement        8.881815e-05    1.081465e-05    7.720114e-11 
 3

 *************************************************************************
 *                                ERROR                                  *
 * 3 negative jacobians detected.                                        *
 *************************************************************************


------- failed to converge at time : 1.04498

Retrying time step. Retry attempt 8 of max 20


AUTO STEPPER: retry step, dt = 0.000328263


===== beginning time step 16 : 1.04495 =====


Reforming stiffness matrix: reformation #1

 1
 Nonlinear solution status: time= 1.04495
	stiffness updates             = 0
	right hand side evaluations   = 2
	stiffness matrix reformations = 1
	step from line search         = 1.000000
	convergence norms :     INITIAL         CURRENT         REQUIRED
	   residual            5.208963e+00    2.586178e-01    0.000000e+00 
	   energy              1.196917e-02    8.853029e-04    1.196917e-04 
	   displacement        7.712682e-05    7.712682e-05    7.712682e-11 
 2
 Nonlinear solution status: time= 1.04495
	stiffness updates             = 1
	right hand side evaluations   = 3
	stiffness matrix reformations = 1
	step from line search         = 1.000000
	convergence norms :     INITIAL         CURRENT         REQUIRED
	   residual            5.208963e+00    1.904198e-01    0.000000e+00 
	   energy              1.196917e-02    1.335873e-04    1.196917e-04 
	   displacement        7.712682e-05    8.716018e-06    6.589964e-11 
 3
 Nonlinear solution status: time= 1.04495
	stiffness updates             = 2
	right hand side evaluations   = 5
	stiffness matrix reformations = 1
	step from line search         = 0.155496
	convergence norms :     INITIAL         CURRENT         REQUIRED
	   residual            5.208963e+00    5.500599e-02    0.000000e+00 
	   energy              1.196917e-02    2.974888e-07    1.196917e-04 
	   displacement        7.712682e-05    4.009124e-07    6.506156e-11 
 4
 Nonlinear solution status: time= 1.04495
	stiffness updates             = 3
	right hand side evaluations   = 6
	stiffness matrix reformations = 1
	step from line search         = 1.000000
	convergence norms :     INITIAL         CURRENT         REQUIRED
	   residual            5.208963e+00    1.759712e-03    0.000000e+00 
	   energy              1.196917e-02    4.758023e-06    1.196917e-04 
	   displacement        7.712682e-05    4.682747e-07    6.479813e-11 
 5
 Nonlinear solution status: time= 1.04495
	stiffness updates             = 4
	right hand side evaluations   = 7
	stiffness matrix reformations = 1
	step from line search         = 1.000000
	convergence norms :     INITIAL         CURRENT         REQUIRED
	   residual            5.208963e+00    1.216634e-03    0.000000e+00 
	   energy              1.196917e-02    3.377274e-07    1.196917e-04 
	   displacement        7.712682e-05    2.229422e-08    6.555528e-11 
 6
 Nonlinear solution status: time= 1.04495
	stiffness updates             = 5
	right hand side evaluations   = 8
	stiffness matrix reformations = 1
	step from line search         = 1.000000
	convergence norms :     INITIAL         CURRENT         REQUIRED
	   residual            5.208963e+00    6.009679e-04    0.000000e+00 
	   energy              1.196917e-02    7.263152e-08    1.196917e-04 
	   displacement        7.712682e-05    3.737439e-09    6.585974e-11 
 7
 Nonlinear solution status: time= 1.04495
	stiffness updates             = 6
	right hand side evaluations   = 9
	stiffness matrix reformations = 1
	step from line search         = 1.000000
	convergence norms :     INITIAL         CURRENT         REQUIRED
	   residual            5.208963e+00    5.349266e-04    0.000000e+00 
	   energy              1.196917e-02    5.075142e-08    1.196917e-04 
	   displacement        7.712682e-05    2.877658e-09    6.594953e-11 
 8
 Nonlinear solution status: time= 1.04495
	stiffness updates             = 7
	right hand side evaluations   = 10
	stiffness matrix reformations = 1
	step from line search         = 1.000000
	convergence norms :     INITIAL         CURRENT         REQUIRED
	   residual            5.208963e+00    2.153126e-04    0.000000e+00 
	   energy              1.196917e-02    4.553906e-08    1.196917e-04 
	   displacement        7.712682e-05    2.844417e-09    6.594884e-11 
 9
 Nonlinear solution status: time= 1.04495
	stiffness updates             = 8
	right hand side evaluations   = 11
	stiffness matrix reformations = 1
	step from line search         = 1.000000
	convergence norms :     INITIAL         CURRENT         REQUIRED
	   residual            5.208963e+00    1.553582e-04    0.000000e+00 
	   energy              1.196917e-02    3.447649e-08    1.196917e-04 
	   displacement        7.712682e-05    3.503588e-09    6.592038e-11 
 10
 Nonlinear solution status: time= 1.04495
	stiffness updates             = 9
	right hand side evaluations   = 12
	stiffness matrix reformations = 1
	step from line search         = 1.000000
	convergence norms :     INITIAL         CURRENT         REQUIRED
	   residual            5.208963e+00    1.646201e-05    0.000000e+00 
	   energy              1.196917e-02    5.492118e-09    1.196917e-04 
	   displacement        7.712682e-05    2.243875e-09    6.587944e-11 

 *************************************************************************
 *                               WARNING                                 *
 * Max nr of iterations reached.                                         *
 * Stiffness matrix will now be reformed.                                *
 *************************************************************************
Reforming stiffness matrix: reformation #2

 11
 Nonlinear solution status: time= 1.04495
	stiffness updates             = 0
	right hand side evaluations   = 13
	stiffness matrix reformations = 2
	step from line search         = 1.000000
	convergence norms :     INITIAL         CURRENT         REQUIRED
	   residual            5.208963e+00    4.276677e-07    0.000000e+00 
	   energy              1.196917e-02    2.671700e-09    1.196917e-04 
	   displacement        7.712682e-05    3.208028e-10    6.592375e-11 
 12
 Nonlinear solution status: time= 1.04495
	stiffness updates             = 1
	right hand side evaluations   = 14
	stiffness matrix reformations = 2
	step from line search         = 1.000000
	convergence norms :     INITIAL         CURRENT         REQUIRED
	   residual            5.208963e+00    2.430624e-07    0.000000e+00 
	   energy              1.196917e-02    4.363334e-10    1.196917e-04 
	   displacement        7.712682e-05    4.269056e-11    6.594354e-11 

convergence summary
    number of iterations   : 12
    number of reformations : 2

------- converged at time : 1.04495


AUTO STEPPER: decreasing time step, dt = 0.000314288


===== beginning time step 17 : 1.04527 =====


Reforming stiffness matrix: reformation #1

 1
 Nonlinear solution status: time= 1.04527
	stiffness updates             = 0
	right hand side evaluations   = 2
	stiffness matrix reformations = 1
	step from line search         = 1.000000
	convergence norms :     INITIAL         CURRENT         REQUIRED
	   residual            5.585006e+00    2.742178e-01    0.000000e+00 
	   energy              1.194827e-02    9.057075e-04    1.194827e-04 
	   displacement        7.084863e-05    7.084863e-05    7.084863e-11 
 2
 Nonlinear solution status: time= 1.04527
	stiffness updates             = 1
	right hand side evaluations   = 3
	stiffness matrix reformations = 1
	step from line search         = 1.000000
	convergence norms :     INITIAL         CURRENT         REQUIRED
	   residual            5.585006e+00    2.843018e-02    0.000000e+00 
	   energy              1.194827e-02    8.522275e-05    1.194827e-04 
	   displacement        7.084863e-05    7.456067e-06    5.990489e-11 
 3
 Nonlinear solution status: time= 1.04527
	stiffness updates             = 2
	right hand side evaluations   = 4
	stiffness matrix reformations = 1
	step from line search         = 1.000000
	convergence norms :     INITIAL         CURRENT         REQUIRED
	   residual            5.585006e+00    1.830166e-03    0.000000e+00 
	   energy              1.194827e-02    3.926412e-06    1.194827e-04 
	   displacement        7.084863e-05    3.563802e-07    5.910092e-11 
 4
 Nonlinear solution status: time= 1.04527
	stiffness updates             = 3
	right hand side evaluations   = 5
	stiffness matrix reformations = 1
	step from line search         = 1.000000
	convergence norms :     INITIAL         CURRENT         REQUIRED
	   residual            5.585006e+00    4.372634e-03    0.000000e+00 
	   energy              1.194827e-02    2.210294e-06    1.194827e-04 
	   displacement        7.084863e-05    8.916494e-08    5.999216e-11 
 5
 Nonlinear solution status: time= 1.04527
	stiffness updates             = 4
	right hand side evaluations   = 6
	stiffness matrix reformations = 1
	step from line search         = 1.000000
	convergence norms :     INITIAL         CURRENT         REQUIRED
	   residual            5.585006e+00    1.875730e-03    0.000000e+00 
	   energy              1.194827e-02    1.987225e-06    1.194827e-04 
	   displacement        7.084863e-05    7.315066e-08    6.047549e-11 
 6
 Nonlinear solution status: time= 1.04527
	stiffness updates             = 5
	right hand side evaluations   = 7
	stiffness matrix reformations = 1
	step from line search         = 1.000000
	convergence norms :     INITIAL         CURRENT         REQUIRED
	   residual            5.585006e+00    6.112916e-05    0.000000e+00 
	   energy              1.194827e-02    2.950032e-08    1.194827e-04 
	   displacement        7.084863e-05    1.269093e-08    6.016286e-11 
 7
 Nonlinear solution status: time= 1.04527
	stiffness updates             = 6
	right hand side evaluations   = 8
	stiffness matrix reformations = 1
	step from line search         = 1.000000
	convergence norms :     INITIAL         CURRENT         REQUIRED
	   residual            5.585006e+00    7.602405e-05    0.000000e+00 
	   energy              1.194827e-02    7.222526e-09    1.194827e-04 
	   displacement        7.084863e-05    4.465825e-09    6.018290e-11 
 8
 Nonlinear solution status: time= 1.04527
	stiffness updates             = 7
	right hand side evaluations   = 9
	stiffness matrix reformations = 1
	step from line search         = 1.000000
	convergence norms :     INITIAL         CURRENT         REQUIRED
	   residual            5.585006e+00    3.143125e-05    0.000000e+00 
	   energy              1.194827e-02    6.093750e-09    1.194827e-04 
	   displacement        7.084863e-05    2.731720e-10    6.022214e-11 
 9
 Nonlinear solution status: time= 1.04527
	stiffness updates             = 8
	right hand side evaluations   = 10
	stiffness matrix reformations = 1
	step from line search         = 1.000000
	convergence norms :     INITIAL         CURRENT         REQUIRED
	   residual            5.585006e+00    8.785728e-07    0.000000e+00 
	   energy              1.194827e-02    2.054678e-10    1.194827e-04 
	   displacement        7.084863e-05    6.736513e-11    6.023273e-11 
 10
 Nonlinear solution status: time= 1.04527
	stiffness updates             = 9
	right hand side evaluations   = 11
	stiffness matrix reformations = 1
	step from line search         = 1.000000
	convergence norms :     INITIAL         CURRENT         REQUIRED
	   residual            5.585006e+00    2.447056e-07    0.000000e+00 
	   energy              1.194827e-02    5.027967e-11    1.194827e-04 
	   displacement        7.084863e-05    2.183114e-11    6.022745e-11 

convergence summary
    number of iterations   : 10
    number of reformations : 1

------- converged at time : 1.04527


AUTO STEPPER: increasing time step, dt = 0.000787036


===== beginning time step 18 : 1.04605 =====


Reforming stiffness matrix: reformation #1

 1
 Nonlinear solution status: time= 1.04605
	stiffness updates             = 0
	right hand side evaluations   = 2
	stiffness matrix reformations = 1
	step from line search         = 1.000000
	convergence norms :     INITIAL         CURRENT         REQUIRED
	   residual            1.367739e+00    4.979890e-02    0.000000e+00 
	   energy              1.189837e-02    6.183306e-04    1.189837e-04 
	   displacement        4.274114e-04    4.274114e-04    4.274114e-10 
 2
 Nonlinear solution status: time= 1.04605
	stiffness updates             = 1
	right hand side evaluations   = 3
	stiffness matrix reformations = 1
	step from line search         = 1.000000
	convergence norms :     INITIAL         CURRENT         REQUIRED
	   residual            1.367739e+00    1.307015e-02    0.000000e+00 
	   energy              1.189837e-02    4.279677e-05    1.189837e-04 
	   displacement        4.274114e-04    1.744890e-05    3.662434e-10 
 3
 Nonlinear solution status: time= 1.04605
	stiffness updates             = 2
	right hand side evaluations   = 4
	stiffness matrix reformations = 1
	step from line search         = 1.000000
	convergence norms :     INITIAL         CURRENT         REQUIRED
	   residual            1.367739e+00    8.967922e-04    0.000000e+00 
	   energy              1.189837e-02    1.339911e-06    1.189837e-04 
	   displacement        4.274114e-04    8.481064e-07    3.724163e-10 
 4
 Nonlinear solution status: time= 1.04605
	stiffness updates             = 3
	right hand side evaluations   = 6
	stiffness matrix reformations = 1
	step from line search         = 0.509931
	convergence norms :     INITIAL         CURRENT         REQUIRED
	   residual            1.367739e+00    4.306227e-04    0.000000e+00 
	   energy              1.189837e-02    2.003141e-08    1.189837e-04 
	   displacement        4.274114e-04    2.780942e-08    3.735153e-10 
 5
 Nonlinear solution status: time= 1.04605
	stiffness updates             = 4
	right hand side evaluations   = 7
	stiffness matrix reformations = 1
	step from line search         = 1.000000
	convergence norms :     INITIAL         CURRENT         REQUIRED
	   residual            1.367739e+00    2.527741e-05    0.000000e+00 
	   energy              1.189837e-02    2.881642e-08    1.189837e-04 
	   displacement        4.274114e-04    4.532959e-09    3.745726e-10 
 6
 Nonlinear solution status: time= 1.04605
	stiffness updates             = 5
	right hand side evaluations   = 8
	stiffness matrix reformations = 1
	step from line search         = 1.000000
	convergence norms :     INITIAL         CURRENT         REQUIRED
	   residual            1.367739e+00    1.933764e-05    0.000000e+00 
	   energy              1.189837e-02    1.373482e-10    1.189837e-04 
	   displacement        4.274114e-04    1.710280e-09    3.744724e-10 
 7
 Nonlinear solution status: time= 1.04605
	stiffness updates             = 6
	right hand side evaluations   = 9
	stiffness matrix reformations = 1
	step from line search         = 1.000000
	convergence norms :     INITIAL         CURRENT         REQUIRED
	   residual            1.367739e+00    3.171302e-06    0.000000e+00 
	   energy              1.189837e-02    2.273074e-10    1.189837e-04 
	   displacement        4.274114e-04    1.595463e-10    3.743148e-10 

convergence summary
    number of iterations   : 7
    number of reformations : 1

------- converged at time : 1.04605


AUTO STEPPER: increasing time step, dt = 0.00262963


===== beginning time step 19 : 1.04868 =====


Reforming stiffness matrix: reformation #1

 1
 Nonlinear solution status: time= 1.04868
	stiffness updates             = 0
	right hand side evaluations   = 2
	stiffness matrix reformations = 1
	step from line search         = 1.000000
	convergence norms :     INITIAL         CURRENT         REQUIRED
	   residual            2.702178e+01    4.004853e-02    0.000000e+00 
	   energy              1.346258e-02    6.481379e-04    1.346258e-04 
	   displacement        4.673938e-03    4.673938e-03    4.673938e-09 
 2
 Nonlinear solution status: time= 1.04868
	stiffness updates             = 1
	right hand side evaluations   = 3
	stiffness matrix reformations = 1
	step from line search         = 1.000000
	convergence norms :     INITIAL         CURRENT         REQUIRED
	   residual            2.702178e+01    5.918299e-02    0.000000e+00 
	   energy              1.346258e-02    5.486588e-05    1.346258e-04 
	   displacement        4.673938e-03    9.055796e-05    3.942178e-09 
 3
 Nonlinear solution status: time= 1.04868
	stiffness updates             = 2
	right hand side evaluations   = 5
	stiffness matrix reformations = 1
	step from line search         = 0.358787
	convergence norms :     INITIAL         CURRENT         REQUIRED
	   residual            2.702178e+01    4.170779e-02    0.000000e+00 
	   energy              1.346258e-02    2.429141e-07    1.346258e-04 
	   displacement        4.673938e-03    3.304001e-06    3.876475e-09 
 4
 Nonlinear solution status: time= 1.04868
	stiffness updates             = 3
	right hand side evaluations   = 6
	stiffness matrix reformations = 1
	step from line search         = 1.000000
	convergence norms :     INITIAL         CURRENT         REQUIRED
	   residual            2.702178e+01    7.215611e-03    0.000000e+00 
	   energy              1.346258e-02    5.858476e-06    1.346258e-04 
	   displacement        4.673938e-03    8.743863e-06    4.012510e-09 
 5
 Nonlinear solution status: time= 1.04868
	stiffness updates             = 4
	right hand side evaluations   = 7
	stiffness matrix reformations = 1
	step from line search         = 1.000000
	convergence norms :     INITIAL         CURRENT         REQUIRED
	   residual            2.702178e+01    2.408141e-03    0.000000e+00 
	   energy              1.346258e-02    7.865471e-07    1.346258e-04 
	   displacement        4.673938e-03    5.014757e-07    4.010424e-09 
 6
 Nonlinear solution status: time= 1.04868
	stiffness updates             = 5
	right hand side evaluations   = 8
	stiffness matrix reformations = 1
	step from line search         = 1.000000
	convergence norms :     INITIAL         CURRENT         REQUIRED
	   residual            2.702178e+01    3.338231e-04    0.000000e+00 
	   energy              1.346258e-02    2.146615e-07    1.346258e-04 
	   displacement        4.673938e-03    1.589071e-07    3.994141e-09 
 7
 Nonlinear solution status: time= 1.04868
	stiffness updates             = 6
	right hand side evaluations   = 9
	stiffness matrix reformations = 1
	step from line search         = 1.000000
	convergence norms :     INITIAL         CURRENT         REQUIRED
	   residual            2.702178e+01    6.288153e-04    0.000000e+00 
	   energy              1.346258e-02    7.106745e-08    1.346258e-04 
	   displacement        4.673938e-03    4.483216e-08    3.997941e-09 
 8
 Nonlinear solution status: time= 1.04868
	stiffness updates             = 7
	right hand side evaluations   = 10
	stiffness matrix reformations = 1
	step from line search         = 1.000000
	convergence norms :     INITIAL         CURRENT         REQUIRED
	   residual            2.702178e+01    7.674160e-05    0.000000e+00 
	   energy              1.346258e-02    5.871104e-08    1.346258e-04 
	   displacement        4.673938e-03    1.920655e-08    4.003332e-09 
 9
 Nonlinear solution status: time= 1.04868
	stiffness updates             = 8
	right hand side evaluations   = 11
	stiffness matrix reformations = 1
	step from line search         = 1.000000
	convergence norms :     INITIAL         CURRENT         REQUIRED
	   residual            2.702178e+01    3.389628e-05    0.000000e+00 
	   energy              1.346258e-02    4.630392e-09    1.346258e-04 
	   displacement        4.673938e-03    1.059269e-08    4.001448e-09 
 10
 Nonlinear solution status: time= 1.04868
	stiffness updates             = 9
	right hand side evaluations   = 12
	stiffness matrix reformations = 1
	step from line search         = 1.000000
	convergence norms :     INITIAL         CURRENT         REQUIRED
	   residual            2.702178e+01    5.609965e-05    0.000000e+00 
	   energy              1.346258e-02    4.594665e-09    1.346258e-04 
	   displacement        4.673938e-03    2.340448e-09    4.000048e-09 

convergence summary
    number of iterations   : 10
    number of reformations : 1

------- converged at time : 1.04868


AUTO STEPPER: increasing time step, dt = 0.00298937

MUST POINT CONTROLLER: adjusting time step. dt = 0.00131793


===== beginning time step 20 : 1.05 =====


Reforming stiffness matrix: reformation #1

 1
 Nonlinear solution status: time= 1.05
	stiffness updates             = 0
	right hand side evaluations   = 2
	stiffness matrix reformations = 1
	step from line search         = 1.000000
	convergence norms :     INITIAL         CURRENT         REQUIRED
	   residual            2.953720e+01    2.148884e-02    0.000000e+00 
	   energy              1.259202e-02    5.458476e-04    1.259202e-04 
	   displacement        1.129796e-03    1.129796e-03    1.129796e-09 
 2
 Nonlinear solution status: time= 1.05
	stiffness updates             = 1
	right hand side evaluations   = 3
	stiffness matrix reformations = 1
	step from line search         = 1.000000
	convergence norms :     INITIAL         CURRENT         REQUIRED
	   residual            2.953720e+01    1.235430e-02    0.000000e+00 
	   energy              1.259202e-02    2.811727e-05    1.259202e-04 
	   displacement        1.129796e-03    3.088182e-05    9.556250e-10 
 3
 Nonlinear solution status: time= 1.05
	stiffness updates             = 2
	right hand side evaluations   = 4
	stiffness matrix reformations = 1
	step from line search         = 1.000000
	convergence norms :     INITIAL         CURRENT         REQUIRED
	   residual            2.953720e+01    1.822690e-04    0.000000e+00 
	   energy              1.259202e-02    1.710071e-07    1.259202e-04 
	   displacement        1.129796e-03    1.296744e-06    9.746174e-10 
 4
 Nonlinear solution status: time= 1.05
	stiffness updates             = 3
	right hand side evaluations   = 5
	stiffness matrix reformations = 1
	step from line search         = 1.000000
	convergence norms :     INITIAL         CURRENT         REQUIRED
	   residual            2.953720e+01    5.876343e-06    0.000000e+00 
	   energy              1.259202e-02    4.943342e-09    1.259202e-04 
	   displacement        1.129796e-03    7.571002e-09    9.768451e-10 
 5
 Nonlinear solution status: time= 1.05
	stiffness updates             = 4
	right hand side evaluations   = 6
	stiffness matrix reformations = 1
	step from line search         = 1.000000
	convergence norms :     INITIAL         CURRENT         REQUIRED
	   residual            2.953720e+01    7.530028e-07    0.000000e+00 
	   energy              1.259202e-02    2.684333e-10    1.259202e-04 
	   displacement        1.129796e-03    4.389798e-10    9.768577e-10 

convergence summary
    number of iterations   : 5
    number of reformations : 1

------- converged at time : 1.05


AUTO STEPPER: increasing time step, dt = 0.00439149


===== beginning time step 21 : 1.05439 =====


Reforming stiffness matrix: reformation #1

 1
 Nonlinear solution status: time= 1.05439
	stiffness updates             = 0
	right hand side evaluations   = 2
	stiffness matrix reformations = 1
	step from line search         = 1.000000
	convergence norms :     INITIAL         CURRENT         REQUIRED
	   residual            8.068639e+02    4.954347e-02    0.000000e+00 
	   energy              4.952282e-02    7.717401e-04    4.952282e-04 
	   displacement        1.162896e-02    1.162896e-02    1.162896e-08 
 2
 Nonlinear solution status: time= 1.05439
	stiffness updates             = 1
	right hand side evaluations   = 3
	stiffness matrix reformations = 1
	step from line search         = 1.000000
	convergence norms :     INITIAL         CURRENT         REQUIRED
	   residual            8.068639e+02    5.010999e-02    0.000000e+00 
	   energy              4.952282e-02    6.343131e-05    4.952282e-04 
	   displacement        1.162896e-02    2.027132e-04    9.512286e-09 
 3
 Nonlinear solution status: time= 1.05439
	stiffness updates             = 2
	right hand side evaluations   = 4
	stiffness matrix reformations = 1
	step from line search         = 1.000000
	convergence norms :     INITIAL         CURRENT         REQUIRED
	   residual            8.068639e+02    5.970150e-03    0.000000e+00 
	   energy              4.952282e-02    4.747898e-06    4.952282e-04 
	   displacement        1.162896e-02    2.020582e-05    9.668056e-09 
 4
 Nonlinear solution status: time= 1.05439
	stiffness updates             = 3
	right hand side evaluations   = 5
	stiffness matrix reformations = 1
	step from line search         = 1.000000
	convergence norms :     INITIAL         CURRENT         REQUIRED
	   residual            8.068639e+02    2.933978e-03    0.000000e+00 
	   energy              4.952282e-02    2.364036e-06    4.952282e-04 
	   displacement        1.162896e-02    3.974205e-06    9.923233e-09 
 5
 Nonlinear solution status: time= 1.05439
	stiffness updates             = 4
	right hand side evaluations   = 6
	stiffness matrix reformations = 1
	step from line search         = 1.000000
	convergence norms :     INITIAL         CURRENT         REQUIRED
	   residual            8.068639e+02    6.097997e-04    0.000000e+00 
	   energy              4.952282e-02    2.982723e-07    4.952282e-04 
	   displacement        1.162896e-02    4.835106e-07    9.880295e-09 
 6
 Nonlinear solution status: time= 1.05439
	stiffness updates             = 5
	right hand side evaluations   = 7
	stiffness matrix reformations = 1
	step from line search         = 1.000000
	convergence norms :     INITIAL         CURRENT         REQUIRED
	   residual            8.068639e+02    4.655603e-04    0.000000e+00 
	   energy              4.952282e-02    2.185513e-07    4.952282e-04 
	   displacement        1.162896e-02    2.101414e-07    9.835593e-09 
 7
 Nonlinear solution status: time= 1.05439
	stiffness updates             = 6
	right hand side evaluations   = 8
	stiffness matrix reformations = 1
	step from line search         = 1.000000
	convergence norms :     INITIAL         CURRENT         REQUIRED
	   residual            8.068639e+02    5.063588e-05    0.000000e+00 
	   energy              4.952282e-02    2.406718e-08    4.952282e-04 
	   displacement        1.162896e-02    4.020118e-08    9.852512e-09 
 8
 Nonlinear solution status: time= 1.05439
	stiffness updates             = 7
	right hand side evaluations   = 10
	stiffness matrix reformations = 1
	step from line search         = 0.625219
	convergence norms :     INITIAL         CURRENT         REQUIRED
	   residual            8.068639e+02    3.575198e-05    0.000000e+00 
	   energy              4.952282e-02    4.286058e-09    4.952282e-04 
	   displacement        1.162896e-02    8.126068e-09    9.861303e-09 

convergence summary
    number of iterations   : 8
    number of reformations : 1

------- converged at time : 1.05439


AUTO STEPPER: increasing time step, dt = 0.00535954


===== beginning time step 22 : 1.05975 =====


Reforming stiffness matrix: reformation #1

 1
 Nonlinear solution status: time= 1.05975
	stiffness updates             = 0
	right hand side evaluations   = 2
	stiffness matrix reformations = 1
	step from line search         = 1.000000
	convergence norms :     INITIAL         CURRENT         REQUIRED
	   residual            3.294531e+03    7.370807e-02    0.000000e+00 
	   energy              1.742466e-01    8.042415e-04    1.742466e-03 
	   displacement        1.556036e-02    1.556036e-02    1.556036e-08 
 2
 Nonlinear solution status: time= 1.05975
	stiffness updates             = 1
	right hand side evaluations   = 3
	stiffness matrix reformations = 1
	step from line search         = 1.000000
	convergence norms :     INITIAL         CURRENT         REQUIRED
	   residual            3.294531e+03    8.343955e-02    0.000000e+00 
	   energy              1.742466e-01    1.340691e-04    1.742466e-03 
	   displacement        1.556036e-02    3.192782e-04    1.252046e-08 
 3
 Nonlinear solution status: time= 1.05975
	stiffness updates             = 2
	right hand side evaluations   = 4
	stiffness matrix reformations = 1
	step from line search         = 1.000000
	convergence norms :     INITIAL         CURRENT         REQUIRED
	   residual            3.294531e+03    1.647926e-02    0.000000e+00 
	   energy              1.742466e-01    8.572265e-06    1.742466e-03 
	   displacement        1.556036e-02    5.056150e-05    1.268738e-08 
 4
 Nonlinear solution status: time= 1.05975
	stiffness updates             = 3
	right hand side evaluations   = 6
	stiffness matrix reformations = 1
	step from line search         = 0.625039
	convergence norms :     INITIAL         CURRENT         REQUIRED
	   residual            3.294531e+03    5.853655e-03    0.000000e+00 
	   energy              1.742466e-01    1.858427e-06    1.742466e-03 
	   displacement        1.556036e-02    7.456278e-06    1.309774e-08 
 5
 Nonlinear solution status: time= 1.05975
	stiffness updates             = 4
	right hand side evaluations   = 8
	stiffness matrix reformations = 1
	step from line search         = 0.626716
	convergence norms :     INITIAL         CURRENT         REQUIRED
	   residual            3.294531e+03    1.677443e-03    0.000000e+00 
	   energy              1.742466e-01    4.227145e-07    1.742466e-03 
	   displacement        1.556036e-02    7.873817e-07    1.321570e-08 
 6
 Nonlinear solution status: time= 1.05975
	stiffness updates             = 5
	right hand side evaluations   = 9
	stiffness matrix reformations = 1
	step from line search         = 1.000000
	convergence norms :     INITIAL         CURRENT         REQUIRED
	   residual            3.294531e+03    2.051591e-03    0.000000e+00 
	   energy              1.742466e-01    7.481827e-07    1.742466e-03 
	   displacement        1.556036e-02    5.287540e-07    1.318792e-08 
 7
 Nonlinear solution status: time= 1.05975
	stiffness updates             = 6
	right hand side evaluations   = 10
	stiffness matrix reformations = 1
	step from line search         = 1.000000
	convergence norms :     INITIAL         CURRENT         REQUIRED
	   residual            3.294531e+03    7.973526e-04    0.000000e+00 
	   energy              1.742466e-01    2.883215e-07    1.742466e-03 
	   displacement        1.556036e-02    3.064244e-07    1.313458e-08 
 8
 Nonlinear solution status: time= 1.05975
	stiffness updates             = 7
	right hand side evaluations   = 11
	stiffness matrix reformations = 1
	step from line search         = 1.000000
	convergence norms :     INITIAL         CURRENT         REQUIRED
	   residual            3.294531e+03    6.739626e-04    0.000000e+00 
	   energy              1.742466e-01    2.793662e-07    1.742466e-03 
	   displacement        1.556036e-02    1.693094e-07    1.315029e-08 
 9
 Nonlinear solution status: time= 1.05975
	stiffness updates             = 8
	right hand side evaluations   = 12
	stiffness matrix reformations = 1
	step from line search         = 1.000000
	convergence norms :     INITIAL         CURRENT         REQUIRED
	   residual            3.294531e+03    2.107269e-04    0.000000e+00 
	   energy              1.742466e-01    8.195714e-08    1.742466e-03 
	   displacement        1.556036e-02    7.012647e-08    1.317675e-08 
 10
 Nonlinear solution status: time= 1.05975
	stiffness updates             = 9
	right hand side evaluations   = 14
	stiffness matrix reformations = 1
	step from line search         = 0.614463
	convergence norms :     INITIAL         CURRENT         REQUIRED
	   residual            3.294531e+03    5.697555e-05    0.000000e+00 
	   energy              1.742466e-01    1.380250e-08    1.742466e-03 
	   displacement        1.556036e-02    1.747970e-08    1.317402e-08 

 *************************************************************************
 *                               WARNING                                 *
 * Max nr of iterations reached.                                         *
 * Stiffness matrix will now be reformed.                                *
 *************************************************************************
Reforming stiffness matrix: reformation #2

 11
 Nonlinear solution status: time= 1.05975
	stiffness updates             = 0
	right hand side evaluations   = 15
	stiffness matrix reformations = 2
	step from line search         = 1.000000
	convergence norms :     INITIAL         CURRENT         REQUIRED
	   residual            3.294531e+03    1.842816e-08    0.000000e+00 
	   energy              1.742466e-01    3.758775e-10    1.742466e-03 
	   displacement        1.556036e-02    8.703438e-09    1.316740e-08 

convergence summary
    number of iterations   : 11
    number of reformations : 2

------- converged at time : 1.05975


===== beginning time step 23 : 1.06511 =====


Reforming stiffness matrix: reformation #1

 1
 Nonlinear solution status: time= 1.06511
	stiffness updates             = 0
	right hand side evaluations   = 2
	stiffness matrix reformations = 1
	step from line search         = 1.000000
	convergence norms :     INITIAL         CURRENT         REQUIRED
	   residual            6.453868e+03    7.960606e-02    0.000000e+00 
	   energy              3.551274e-01    8.061386e-04    3.551274e-03 
	   displacement        1.535530e-02    1.535530e-02    1.535530e-08 
 2
 Nonlinear solution status: time= 1.06511
	stiffness updates             = 1
	right hand side evaluations   = 3
	stiffness matrix reformations = 1
	step from line search         = 1.000000
	convergence norms :     INITIAL         CURRENT         REQUIRED
	   residual            6.453868e+03    1.293128e-01    0.000000e+00 
	   energy              3.551274e-01    1.871637e-04    3.551274e-03 
	   displacement        1.535530e-02    3.554580e-04    1.239680e-08 
 3
 Nonlinear solution status: time= 1.06511
	stiffness updates             = 2
	right hand side evaluations   = 4
	stiffness matrix reformations = 1
	step from line search         = 1.000000
	convergence norms :     INITIAL         CURRENT         REQUIRED
	   residual            6.453868e+03    1.521056e-01    0.000000e+00 
	   energy              3.551274e-01    5.015844e-05    3.551274e-03 
	   displacement        1.535530e-02    7.172024e-05    1.252962e-08 
 4

 *************************************************************************
 *                                ERROR                                  *
 * 2 negative jacobians detected.                                        *
 *************************************************************************


------- failed to converge at time : 1.06511

Retrying time step. Retry attempt 1 of max 20


AUTO STEPPER: retry step, dt = 0.00510433


===== beginning time step 23 : 1.06486 =====


Reforming stiffness matrix: reformation #1

 1
 Nonlinear solution status: time= 1.06486
	stiffness updates             = 0
	right hand side evaluations   = 2
	stiffness matrix reformations = 1
	step from line search         = 1.000000
	convergence norms :     INITIAL         CURRENT         REQUIRED
	   residual            5.774840e+03    6.774429e-02    0.000000e+00 
	   energy              3.187334e-01    7.700497e-04    3.187334e-03 
	   displacement        1.396535e-02    1.396535e-02    1.396535e-08 
 2
 Nonlinear solution status: time= 1.06486
	stiffness updates             = 1
	right hand side evaluations   = 3
	stiffness matrix reformations = 1
	step from line search         = 1.000000
	convergence norms :     INITIAL         CURRENT         REQUIRED
	   residual            5.774840e+03    9.702007e-02    0.000000e+00 
	   energy              3.187334e-01    1.455357e-04    3.187334e-03 
	   displacement        1.396535e-02    2.972608e-04    1.132300e-08 
 3
 Nonlinear solution status: time= 1.06486
	stiffness updates             = 2
	right hand side evaluations   = 4
	stiffness matrix reformations = 1
	step from line search         = 1.000000
	convergence norms :     INITIAL         CURRENT         REQUIRED
	   residual            5.774840e+03    4.355321e-02    0.000000e+00 
	   energy              3.187334e-01    1.823659e-05    3.187334e-03 
	   displacement        1.396535e-02    5.503831e-05    1.147249e-08 
 4
 Nonlinear solution status: time= 1.06486
	stiffness updates             = 3
	right hand side evaluations   = 6
	stiffness matrix reformations = 1
	step from line search         = 0.210598
	convergence norms :     INITIAL         CURRENT         REQUIRED
	   residual            5.774840e+03    2.125706e-02    0.000000e+00 
	   energy              3.187334e-01    8.584351e-08    3.187334e-03 
	   displacement        1.396535e-02    3.082629e-06    1.163048e-08 
 5
 Nonlinear solution status: time= 1.06486
	stiffness updates             = 4
	right hand side evaluations   = 7
	stiffness matrix reformations = 1
	step from line search         = 1.000000
	convergence norms :     INITIAL         CURRENT         REQUIRED
	   residual            5.774840e+03    1.752721e-02    0.000000e+00 
	   energy              3.187334e-01    9.984756e-06    3.187334e-03 
	   displacement        1.396535e-02    1.226835e-05    1.212437e-08 
 6
 Nonlinear solution status: time= 1.06486
	stiffness updates             = 5
	right hand side evaluations   = 8
	stiffness matrix reformations = 1
	step from line search         = 1.000000
	convergence norms :     INITIAL         CURRENT         REQUIRED
	   residual            5.774840e+03    5.831074e-03    0.000000e+00 
	   energy              3.187334e-01    2.147629e-06    3.187334e-03 
	   displacement        1.396535e-02    2.236299e-06    1.198839e-08 
 7
 Nonlinear solution status: time= 1.06486
	stiffness updates             = 6
	right hand side evaluations   = 10
	stiffness matrix reformations = 1
	step from line search         = 0.593611
	convergence norms :     INITIAL         CURRENT         REQUIRED
	   residual            5.774840e+03    1.454272e-03    0.000000e+00 
	   energy              3.187334e-01    4.922984e-07    3.187334e-03 
	   displacement        1.396535e-02    8.609548e-07    1.188457e-08 
 8
 Nonlinear solution status: time= 1.06486
	stiffness updates             = 7
	right hand side evaluations   = 11
	stiffness matrix reformations = 1
	step from line search         = 1.000000
	convergence norms :     INITIAL         CURRENT         REQUIRED
	   residual            5.774840e+03    1.289730e-03    0.000000e+00 
	   energy              3.187334e-01    4.019401e-07    3.187334e-03 
	   displacement        1.396535e-02    3.069123e-07    1.190006e-08 
 9
 Nonlinear solution status: time= 1.06486
	stiffness updates             = 8
	right hand side evaluations   = 12
	stiffness matrix reformations = 1
	step from line search         = 1.000000
	convergence norms :     INITIAL         CURRENT         REQUIRED
	   residual            5.774840e+03    5.390870e-04    0.000000e+00 
	   energy              3.187334e-01    2.229634e-07    3.187334e-03 
	   displacement        1.396535e-02    1.647151e-07    1.194810e-08 
 10
 Nonlinear solution status: time= 1.06486
	stiffness updates             = 9
	right hand side evaluations   = 13
	stiffness matrix reformations = 1
	step from line search         = 1.000000
	convergence norms :     INITIAL         CURRENT         REQUIRED
	   residual            5.774840e+03    3.236764e-04    0.000000e+00 
	   energy              3.187334e-01    1.284120e-07    3.187334e-03 
	   displacement        1.396535e-02    5.952375e-08    1.194581e-08 

 *************************************************************************
 *                               WARNING                                 *
 * Max nr of iterations reached.                                         *
 * Stiffness matrix will now be reformed.                                *
 *************************************************************************
Reforming stiffness matrix: reformation #2

 11
 Nonlinear solution status: time= 1.06486
	stiffness updates             = 0
	right hand side evaluations   = 14
	stiffness matrix reformations = 2
	step from line search         = 1.000000
	convergence norms :     INITIAL         CURRENT         REQUIRED
	   residual            5.774840e+03    1.849200e-06    0.000000e+00 
	   energy              3.187334e-01    2.887478e-09    3.187334e-03 
	   displacement        1.396535e-02    5.255068e-08    1.193304e-08 
 12
 Nonlinear solution status: time= 1.06486
	stiffness updates             = 1
	right hand side evaluations   = 15
	stiffness matrix reformations = 2
	step from line search         = 1.000000
	convergence norms :     INITIAL         CURRENT         REQUIRED
	   residual            5.774840e+03    1.099962e-08    0.000000e+00 
	   energy              3.187334e-01    4.715566e-11    3.187334e-03 
	   displacement        1.396535e-02    7.000626e-10    1.193492e-08 

convergence summary
    number of iterations   : 12
    number of reformations : 2

------- converged at time : 1.06486


AUTO STEPPER: decreasing time step, dt = 0.00488702


===== beginning time step 24 : 1.06974 =====


Reforming stiffness matrix: reformation #1

 1
 Nonlinear solution status: time= 1.06974
	stiffness updates             = 0
	right hand side evaluations   = 2
	stiffness matrix reformations = 1
	step from line search         = 1.000000
	convergence norms :     INITIAL         CURRENT         REQUIRED
	   residual            8.262629e+03    7.895891e-02    0.000000e+00 
	   energy              4.860503e-01    8.468192e-04    4.860503e-03 
	   displacement        1.435529e-02    1.435529e-02    1.435529e-08 
 2
 Nonlinear solution status: time= 1.06974
	stiffness updates             = 1
	right hand side evaluations   = 3
	stiffness matrix reformations = 1
	step from line search         = 1.000000
	convergence norms :     INITIAL         CURRENT         REQUIRED
	   residual            8.262629e+03    1.407922e-01    0.000000e+00 
	   energy              4.860503e-01    2.122039e-04    4.860503e-03 
	   displacement        1.435529e-02    3.637675e-04    1.164858e-08 
 3
 Nonlinear solution status: time= 1.06974
	stiffness updates             = 2
	right hand side evaluations   = 4
	stiffness matrix reformations = 1
	step from line search         = 1.000000
	convergence norms :     INITIAL         CURRENT         REQUIRED
	   residual            8.262629e+03    2.807486e-01    0.000000e+00 
	   energy              4.860503e-01    8.799105e-05    4.860503e-03 
	   displacement        1.435529e-02    7.865741e-05    1.188761e-08 
 4

 *************************************************************************
 *                                ERROR                                  *
 * Negative jacobian detected.                                           *
 *************************************************************************


------- failed to converge at time : 1.06974

Retrying time step. Retry attempt 1 of max 20


AUTO STEPPER: retry step, dt = 0.00465431


===== beginning time step 24 : 1.06951 =====


Reforming stiffness matrix: reformation #1

 1
 Nonlinear solution status: time= 1.06951
	stiffness updates             = 0
	right hand side evaluations   = 2
	stiffness matrix reformations = 1
	step from line search         = 1.000000
	convergence norms :     INITIAL         CURRENT         REQUIRED
	   residual            7.420914e+03    6.704113e-02    0.000000e+00 
	   energy              4.374811e-01    8.039528e-04    4.374811e-03 
	   displacement        1.300984e-02    1.300984e-02    1.300984e-08 
 2
 Nonlinear solution status: time= 1.06951
	stiffness updates             = 1
	right hand side evaluations   = 3
	stiffness matrix reformations = 1
	step from line search         = 1.000000
	convergence norms :     INITIAL         CURRENT         REQUIRED
	   residual            7.420914e+03    1.046168e-01    0.000000e+00 
	   energy              4.374811e-01    1.646922e-04    4.374811e-03 
	   displacement        1.300984e-02    2.993850e-04    1.060176e-08 
 3
 Nonlinear solution status: time= 1.06951
	stiffness updates             = 2
	right hand side evaluations   = 4
	stiffness matrix reformations = 1
	step from line search         = 1.000000
	convergence norms :     INITIAL         CURRENT         REQUIRED
	   residual            7.420914e+03    6.718905e-02    0.000000e+00 
	   energy              4.374811e-01    2.352462e-05    4.374811e-03 
	   displacement        1.300984e-02    6.015095e-05    1.084100e-08 
 4
 Nonlinear solution status: time= 1.06951
	stiffness updates             = 3
	right hand side evaluations   = 6
	stiffness matrix reformations = 1
	step from line search         = 0.158098
	convergence norms :     INITIAL         CURRENT         REQUIRED
	   residual            7.420914e+03    3.104991e-02    0.000000e+00 
	   energy              4.374811e-01    2.533748e-06    4.374811e-03 
	   displacement        1.300984e-02    3.619182e-06    1.097712e-08 
 5
 Nonlinear solution status: time= 1.06951
	stiffness updates             = 4
	right hand side evaluations   = 7
	stiffness matrix reformations = 1
	step from line search         = 1.000000
	convergence norms :     INITIAL         CURRENT         REQUIRED
	   residual            7.420914e+03    1.986738e-02    0.000000e+00 
	   energy              4.374811e-01    9.630830e-06    4.374811e-03 
	   displacement        1.300984e-02    9.788765e-06    1.135708e-08 
 6
 Nonlinear solution status: time= 1.06951
	stiffness updates             = 5
	right hand side evaluations   = 8
	stiffness matrix reformations = 1
	step from line search         = 1.000000
	convergence norms :     INITIAL         CURRENT         REQUIRED
	   residual            7.420914e+03    8.391321e-03    0.000000e+00 
	   energy              4.374811e-01    3.299985e-06    4.374811e-03 
	   displacement        1.300984e-02    2.015159e-06    1.128058e-08 
 7
 Nonlinear solution status: time= 1.06951
	stiffness updates             = 6
	right hand side evaluations   = 9
	stiffness matrix reformations = 1
	step from line search         = 1.000000
	convergence norms :     INITIAL         CURRENT         REQUIRED
	   residual            7.420914e+03    5.295303e-03    0.000000e+00 
	   energy              4.374811e-01    2.825430e-06    4.374811e-03 
	   displacement        1.300984e-02    2.373461e-06    1.113773e-08 
 8
 Nonlinear solution status: time= 1.06951
	stiffness updates             = 7
	right hand side evaluations   = 10
	stiffness matrix reformations = 1
	step from line search         = 1.000000
	convergence norms :     INITIAL         CURRENT         REQUIRED
	   residual            7.420914e+03    1.801827e-03    0.000000e+00 
	   energy              4.374811e-01    6.416144e-07    4.374811e-03 
	   displacement        1.300984e-02    6.338750e-07    1.119883e-08 
 9
 Nonlinear solution status: time= 1.06951
	stiffness updates             = 8
	right hand side evaluations   = 12
	stiffness matrix reformations = 1
	step from line search         = 0.603140
	convergence norms :     INITIAL         CURRENT         REQUIRED
	   residual            7.420914e+03    2.947323e-04    0.000000e+00 
	   energy              4.374811e-01    1.159796e-07    4.374811e-03 
	   displacement        1.300984e-02    1.551388e-07    1.123849e-08 
 10
 Nonlinear solution status: time= 1.06951
	stiffness updates             = 9
	right hand side evaluations   = 13
	stiffness matrix reformations = 1
	step from line search         = 1.000000
	convergence norms :     INITIAL         CURRENT         REQUIRED
	   residual            7.420914e+03    2.873984e-04    0.000000e+00 
	   energy              4.374811e-01    1.135111e-07    4.374811e-03 
	   displacement        1.300984e-02    5.748683e-08    1.123763e-08 

 *************************************************************************
 *                               WARNING                                 *
 * Max nr of iterations reached.                                         *
 * Stiffness matrix will now be reformed.                                *
 *************************************************************************
Reforming stiffness matrix: reformation #2

 11
 Nonlinear solution status: time= 1.06951
	stiffness updates             = 0
	right hand side evaluations   = 14
	stiffness matrix reformations = 2
	step from line search         = 1.000000
	convergence norms :     INITIAL         CURRENT         REQUIRED
	   residual            7.420914e+03    9.182965e-08    0.000000e+00 
	   energy              4.374811e-01    2.867001e-09    4.374811e-03 
	   displacement        1.300984e-02    4.885552e-08    1.123145e-08 
 12
 Nonlinear solution status: time= 1.06951
	stiffness updates             = 1
	right hand side evaluations   = 15
	stiffness matrix reformations = 2
	step from line search         = 1.000000
	convergence norms :     INITIAL         CURRENT         REQUIRED
	   residual            7.420914e+03    2.542024e-09    0.000000e+00 
	   energy              4.374811e-01    3.541603e-11    4.374811e-03 
	   displacement        1.300984e-02    6.809182e-10    1.123259e-08 

convergence summary
    number of iterations   : 12
    number of reformations : 2

------- converged at time : 1.06951


AUTO STEPPER: decreasing time step, dt = 0.00445616


===== beginning time step 25 : 1.07397 =====


Reforming stiffness matrix: reformation #1

 1
 Nonlinear solution status: time= 1.07397
	stiffness updates             = 0
	right hand side evaluations   = 2
	stiffness matrix reformations = 1
	step from line search         = 1.000000
	convergence norms :     INITIAL         CURRENT         REQUIRED
	   residual            9.162372e+03    8.746690e-02    0.000000e+00 
	   energy              5.775751e-01    9.338193e-04    5.775751e-03 
	   displacement        1.439529e-02    1.439529e-02    1.439529e-08 
 2
 Nonlinear solution status: time= 1.07397
	stiffness updates             = 1
	right hand side evaluations   = 3
	stiffness matrix reformations = 1
	step from line search         = 1.000000
	convergence norms :     INITIAL         CURRENT         REQUIRED
	   residual            9.162372e+03    1.716464e-01    0.000000e+00 
	   energy              5.775751e-01    2.618185e-04    5.775751e-03 
	   displacement        1.439529e-02    4.123887e-04    1.167967e-08 
 3
 Nonlinear solution status: time= 1.07397
	stiffness updates             = 2
	right hand side evaluations   = 5
	stiffness matrix reformations = 1
	step from line search         = 0.564319
	convergence norms :     INITIAL         CURRENT         REQUIRED
	   residual            9.162372e+03    6.239039e-02    0.000000e+00 
	   energy              5.775751e-01    2.369686e-05    5.775751e-03 
	   displacement        1.439529e-02    2.855894e-05    1.183731e-08 
 4
 Nonlinear solution status: time= 1.07397
	stiffness updates             = 3
	right hand side evaluations   = 7
	stiffness matrix reformations = 1
	step from line search         = 0.245810
	convergence norms :     INITIAL         CURRENT         REQUIRED
	   residual            9.162372e+03    1.424319e-02    0.000000e+00 
	   energy              5.775751e-01    4.461933e-06    5.775751e-03 
	   displacement        1.439529e-02    3.077147e-05    1.220962e-08 
 5
 Nonlinear solution status: time= 1.07397
	stiffness updates             = 4
	right hand side evaluations   = 9
	stiffness matrix reformations = 1
	step from line search         = 0.550203
	convergence norms :     INITIAL         CURRENT         REQUIRED
	   residual            9.162372e+03    7.399795e-03    0.000000e+00 
	   energy              5.775751e-01    1.758266e-06    5.775751e-03 
	   displacement        1.439529e-02    4.240103e-06    1.243176e-08 
 6
 Nonlinear solution status: time= 1.07397
	stiffness updates             = 5
	right hand side evaluations   = 10
	stiffness matrix reformations = 1
	step from line search         = 1.000000
	convergence norms :     INITIAL         CURRENT         REQUIRED
	   residual            9.162372e+03    3.545644e-03    0.000000e+00 
	   energy              5.775751e-01    1.079737e-06    5.775751e-03 
	   displacement        1.439529e-02    1.144115e-06    1.254945e-08 
 7
 Nonlinear solution status: time= 1.07397
	stiffness updates             = 6
	right hand side evaluations   = 11
	stiffness matrix reformations = 1
	step from line search         = 1.000000
	convergence norms :     INITIAL         CURRENT         REQUIRED
	   residual            9.162372e+03    2.048275e-03    0.000000e+00 
	   energy              5.775751e-01    4.584815e-07    5.775751e-03 
	   displacement        1.439529e-02    3.193657e-07    1.251599e-08 
 8
 Nonlinear solution status: time= 1.07397
	stiffness updates             = 7
	right hand side evaluations   = 12
	stiffness matrix reformations = 1
	step from line search         = 1.000000
	convergence norms :     INITIAL         CURRENT         REQUIRED
	   residual            9.162372e+03    1.978506e-03    0.000000e+00 
	   energy              5.775751e-01    5.422758e-07    5.775751e-03 
	   displacement        1.439529e-02    5.090779e-07    1.247089e-08 
 9
 Nonlinear solution status: time= 1.07397
	stiffness updates             = 8
	right hand side evaluations   = 13
	stiffness matrix reformations = 1
	step from line search         = 1.000000
	convergence norms :     INITIAL         CURRENT         REQUIRED
	   residual            9.162372e+03    5.604979e-04    0.000000e+00 
	   energy              5.775751e-01    1.303222e-07    5.775751e-03 
	   displacement        1.439529e-02    1.229189e-07    1.249637e-08 
 10
 Nonlinear solution status: time= 1.07397
	stiffness updates             = 9
	right hand side evaluations   = 14
	stiffness matrix reformations = 1
	step from line search         = 1.000000
	convergence norms :     INITIAL         CURRENT         REQUIRED
	   residual            9.162372e+03    5.153174e-04    0.000000e+00 
	   energy              5.775751e-01    1.672520e-07    5.775751e-03 
	   displacement        1.439529e-02    1.050662e-07    1.252852e-08 

 *************************************************************************
 *                               WARNING                                 *
 * Max nr of iterations reached.                                         *
 * Stiffness matrix will now be reformed.                                *
 *************************************************************************
Reforming stiffness matrix: reformation #2

 11
 Nonlinear solution status: time= 1.07397
	stiffness updates             = 0
	right hand side evaluations   = 15
	stiffness matrix reformations = 2
	step from line search         = 1.000000
	convergence norms :     INITIAL         CURRENT         REQUIRED
	   residual            9.162372e+03    2.041377e-04    0.000000e+00 
	   energy              5.775751e-01    4.225500e-08    5.775751e-03 
	   displacement        1.439529e-02    9.346556e-08    1.251156e-08 
 12
 Nonlinear solution status: time= 1.07397
	stiffness updates             = 1
	right hand side evaluations   = 16
	stiffness matrix reformations = 2
	step from line search         = 1.000000
	convergence norms :     INITIAL         CURRENT         REQUIRED
	   residual            9.162372e+03    3.217954e-05    0.000000e+00 
	   energy              5.775751e-01    1.683588e-08    5.775751e-03 
	   displacement        1.439529e-02    3.898580e-09    1.251107e-08 

convergence summary
    number of iterations   : 12
    number of reformations : 2

------- converged at time : 1.07397


AUTO STEPPER: decreasing time step, dt = 0.00426645

MUST POINT CONTROLLER: adjusting time step. dt = 0.00103417


===== beginning time step 26 : 1.075 =====


Reforming stiffness matrix: reformation #1

 1
 Nonlinear solution status: time= 1.075
	stiffness updates             = 0
	right hand side evaluations   = 2
	stiffness matrix reformations = 1
	step from line search         = 1.000000
	convergence norms :     INITIAL         CURRENT         REQUIRED
	   residual            5.794278e+02    3.359691e-02    0.000000e+00 
	   energy              4.994905e-02    6.308173e-04    4.994905e-04 
	   displacement        9.150997e-04    9.150997e-04    9.150997e-10 
 2
 Nonlinear solution status: time= 1.075
	stiffness updates             = 1
	right hand side evaluations   = 3
	stiffness matrix reformations = 1
	step from line search         = 1.000000
	convergence norms :     INITIAL         CURRENT         REQUIRED
	   residual            5.794278e+02    1.983829e-02    0.000000e+00 
	   energy              4.994905e-02    4.924371e-05    4.994905e-04 
	   displacement        9.150997e-04    2.903152e-05    7.571106e-10 
 3
 Nonlinear solution status: time= 1.075
	stiffness updates             = 2
	right hand side evaluations   = 4
	stiffness matrix reformations = 1
	step from line search         = 1.000000
	convergence norms :     INITIAL         CURRENT         REQUIRED
	   residual            5.794278e+02    2.586610e-04    0.000000e+00 
	   energy              4.994905e-02    4.221524e-07    4.994905e-04 
	   displacement        9.150997e-04    1.553710e-06    7.860984e-10 
 4
 Nonlinear solution status: time= 1.075
	stiffness updates             = 3
	right hand side evaluations   = 5
	stiffness matrix reformations = 1
	step from line search         = 1.000000
	convergence norms :     INITIAL         CURRENT         REQUIRED
	   residual            5.794278e+02    5.343296e-06    0.000000e+00 
	   energy              4.994905e-02    4.382730e-09    4.994905e-04 
	   displacement        9.150997e-04    9.655376e-09    7.882284e-10 
 5
 Nonlinear solution status: time= 1.075
	stiffness updates             = 4
	right hand side evaluations   = 6
	stiffness matrix reformations = 1
	step from line search         = 1.000000
	convergence norms :     INITIAL         CURRENT         REQUIRED
	   residual            5.794278e+02    2.963305e-07    0.000000e+00 
	   energy              4.994905e-02    6.522129e-11    4.994905e-04 
	   displacement        9.150997e-04    5.071903e-10    7.881318e-10 

convergence summary
    number of iterations   : 5
    number of reformations : 1

------- converged at time : 1.075


AUTO STEPPER: increasing time step, dt = 0.00541316


===== beginning time step 27 : 1.08041 =====


Reforming stiffness matrix: reformation #1

 1
 Nonlinear solution status: time= 1.08041
	stiffness updates             = 0
	right hand side evaluations   = 2
	stiffness matrix reformations = 1
	step from line search         = 1.000000
	convergence norms :     INITIAL         CURRENT         REQUIRED
	   residual            1.877357e+04    3.288629e-01    0.000000e+00 
	   energy              1.280389e+00    1.622547e-03    1.280389e-02 
	   displacement        2.890971e-02    2.890971e-02    2.890971e-08 
 2

 *************************************************************************
 *                                ERROR                                  *
 * 2 negative jacobians detected.                                        *
 *************************************************************************


------- failed to converge at time : 1.08041

Retrying time step. Retry attempt 1 of max 20


AUTO STEPPER: retry step, dt = 0.00515539


===== beginning time step 27 : 1.08016 =====


Reforming stiffness matrix: reformation #1

 1
 Nonlinear solution status: time= 1.08016
	stiffness updates             = 0
	right hand side evaluations   = 2
	stiffness matrix reformations = 1
	step from line search         = 1.000000
	convergence norms :     INITIAL         CURRENT         REQUIRED
	   residual            1.688915e+04    2.751204e-01    0.000000e+00 
	   energy              1.153238e+00    1.489476e-03    1.153238e-02 
	   displacement        2.609567e-02    2.609567e-02    2.609567e-08 
 2
 Nonlinear solution status: time= 1.08016
	stiffness updates             = 1
	right hand side evaluations   = 4
	stiffness matrix reformations = 1
	step from line search         = 0.193338
	convergence norms :     INITIAL         CURRENT         REQUIRED
	   residual            1.688915e+04    6.654365e-02    0.000000e+00 
	   energy              1.153238e+00    4.648822e-05    1.153238e-02 
	   displacement        2.609567e-02    7.699848e-05    2.471219e-08 
 3
 Nonlinear solution status: time= 1.08016
	stiffness updates             = 2
	right hand side evaluations   = 6
	stiffness matrix reformations = 1
	step from line search         = 0.577837
	convergence norms :     INITIAL         CURRENT         REQUIRED
	   residual            1.688915e+04    5.955511e-02    0.000000e+00 
	   energy              1.153238e+00    2.878550e-05    1.153238e-02 
	   displacement        2.609567e-02    8.685656e-05    2.277158e-08 
 4
 Nonlinear solution status: time= 1.08016
	stiffness updates             = 3
	right hand side evaluations   = 7
	stiffness matrix reformations = 1
	step from line search         = 1.000000
	convergence norms :     INITIAL         CURRENT         REQUIRED
	   residual            1.688915e+04    9.582061e-02    0.000000e+00 
	   energy              1.153238e+00    4.357478e-05    1.153238e-02 
	   displacement        2.609567e-02    4.801604e-05    2.197222e-08 
 5
 Nonlinear solution status: time= 1.08016
	stiffness updates             = 4
	right hand side evaluations   = 8
	stiffness matrix reformations = 1
	step from line search         = 1.000000
	convergence norms :     INITIAL         CURRENT         REQUIRED
	   residual            1.688915e+04    6.517632e-02    0.000000e+00 
	   energy              1.153238e+00    1.704623e-05    1.153238e-02 
	   displacement        2.609567e-02    1.468453e-05    2.242581e-08 
 6
 Nonlinear solution status: time= 1.08016
	stiffness updates             = 5
	right hand side evaluations   = 10
	stiffness matrix reformations = 1
	step from line search         = 0.568203
	convergence norms :     INITIAL         CURRENT         REQUIRED
	   residual            1.688915e+04    2.174656e-02    0.000000e+00 
	   energy              1.153238e+00    3.806459e-06    1.153238e-02 
	   displacement        2.609567e-02    6.428028e-06    2.278956e-08 
 7
 Nonlinear solution status: time= 1.08016
	stiffness updates             = 6
	right hand side evaluations   = 12
	stiffness matrix reformations = 1
	step from line search         = 0.587363
	convergence norms :     INITIAL         CURRENT         REQUIRED
	   residual            1.688915e+04    6.180337e-03    0.000000e+00 
	   energy              1.153238e+00    1.272711e-06    1.153238e-02 
	   displacement        2.609567e-02    1.588253e-06    2.283581e-08 
 8
 Nonlinear solution status: time= 1.08016
	stiffness updates             = 7
	right hand side evaluations   = 14
	stiffness matrix reformations = 1
	step from line search         = 0.609441
	convergence norms :     INITIAL         CURRENT         REQUIRED
	   residual            1.688915e+04    3.198778e-03    0.000000e+00 
	   energy              1.153238e+00    5.954757e-07    1.153238e-02 
	   displacement        2.609567e-02    1.099967e-06    2.275313e-08 
 9
 Nonlinear solution status: time= 1.08016
	stiffness updates             = 8
	right hand side evaluations   = 16
	stiffness matrix reformations = 1
	step from line search         = 0.615089
	convergence norms :     INITIAL         CURRENT         REQUIRED
	   residual            1.688915e+04    3.017429e-03    0.000000e+00 
	   energy              1.153238e+00    2.565426e-07    1.153238e-02 
	   displacement        2.609567e-02    5.615206e-07    2.271171e-08 
 10
 Nonlinear solution status: time= 1.08016
	stiffness updates             = 9
	right hand side evaluations   = 18
	stiffness matrix reformations = 1
	step from line search         = 0.566585
	convergence norms :     INITIAL         CURRENT         REQUIRED
	   residual            1.688915e+04    1.924506e-03    0.000000e+00 
	   energy              1.153238e+00    2.169174e-07    1.153238e-02 
	   displacement        2.609567e-02    3.086733e-07    2.272925e-08 

 *************************************************************************
 *                               WARNING                                 *
 * Max nr of iterations reached.                                         *
 * Stiffness matrix will now be reformed.                                *
 *************************************************************************
Reforming stiffness matrix: reformation #2

 11
 Nonlinear solution status: time= 1.08016
	stiffness updates             = 0
	right hand side evaluations   = 19
	stiffness matrix reformations = 2
	step from line search         = 1.000000
	convergence norms :     INITIAL         CURRENT         REQUIRED
	   residual            1.688915e+04    6.479057e-05    0.000000e+00 
	   energy              1.153238e+00    7.446183e-08    1.153238e-02 
	   displacement        2.609567e-02    1.030646e-06    2.286044e-08 
 12
 Nonlinear solution status: time= 1.08016
	stiffness updates             = 1
	right hand side evaluations   = 20
	stiffness matrix reformations = 2
	step from line search         = 1.000000
	convergence norms :     INITIAL         CURRENT         REQUIRED
	   residual            1.688915e+04    7.074887e-06    0.000000e+00 
	   energy              1.153238e+00    5.955064e-09    1.153238e-02 
	   displacement        2.609567e-02    1.800365e-08    2.284715e-08 

convergence summary
    number of iterations   : 12
    number of reformations : 2

------- converged at time : 1.08016


AUTO STEPPER: decreasing time step, dt = 0.00493591


===== beginning time step 28 : 1.08509 =====


Reforming stiffness matrix: reformation #1

 1
 Nonlinear solution status: time= 1.08509
	stiffness updates             = 0
	right hand side evaluations   = 2
	stiffness matrix reformations = 1
	step from line search         = 1.000000
	convergence norms :     INITIAL         CURRENT         REQUIRED
	   residual            1.907862e+04    4.077310e-01    0.000000e+00 
	   energy              1.415433e+00    1.923068e-03    1.415433e-02 
	   displacement        3.158735e-02    3.158735e-02    3.158735e-08 
 2

 *************************************************************************
 *                                ERROR                                  *
 * 2 negative jacobians detected.                                        *
 *************************************************************************


------- failed to converge at time : 1.08509

Retrying time step. Retry attempt 1 of max 20


AUTO STEPPER: retry step, dt = 0.00470087


===== beginning time step 28 : 1.08486 =====


Reforming stiffness matrix: reformation #1

 1
 Nonlinear solution status: time= 1.08486
	stiffness updates             = 0
	right hand side evaluations   = 2
	stiffness matrix reformations = 1
	step from line search         = 1.000000
	convergence norms :     INITIAL         CURRENT         REQUIRED
	   residual            1.716750e+04    3.419446e-01    0.000000e+00 
	   energy              1.275410e+00    1.766033e-03    1.275410e-02 
	   displacement        2.849652e-02    2.849652e-02    2.849652e-08 
 2

 *************************************************************************
 *                                ERROR                                  *
 * 2 negative jacobians detected.                                        *
 *************************************************************************


------- failed to converge at time : 1.08486

Retrying time step. Retry attempt 2 of max 20


AUTO STEPPER: retry step, dt = 0.00446582


===== beginning time step 28 : 1.08462 =====


Reforming stiffness matrix: reformation #1

 1
 Nonlinear solution status: time= 1.08462
	stiffness updates             = 0
	right hand side evaluations   = 2
	stiffness matrix reformations = 1
	step from line search         = 1.000000
	convergence norms :     INITIAL         CURRENT         REQUIRED
	   residual            1.542586e+04    2.854243e-01    0.000000e+00 
	   energy              1.147782e+00    1.629980e-03    1.147782e-02 
	   displacement        2.560630e-02    2.560630e-02    2.560630e-08 
 2
 Nonlinear solution status: time= 1.08462
	stiffness updates             = 1
	right hand side evaluations   = 4
	stiffness matrix reformations = 1
	step from line search         = 0.220257
	convergence norms :     INITIAL         CURRENT         REQUIRED
	   residual            1.542586e+04    6.607809e-02    0.000000e+00 
	   energy              1.147782e+00    3.420219e-05    1.147782e-02 
	   displacement        2.560630e-02    8.874720e-05    2.414505e-08 
 3
 Nonlinear solution status: time= 1.08462
	stiffness updates             = 2
	right hand side evaluations   = 6
	stiffness matrix reformations = 1
	step from line search         = 0.600978
	convergence norms :     INITIAL         CURRENT         REQUIRED
	   residual            1.542586e+04    4.122419e-02    0.000000e+00 
	   energy              1.147782e+00    2.670018e-05    1.147782e-02 
	   displacement        2.560630e-02    8.297808e-05    2.229806e-08 
 4
 Nonlinear solution status: time= 1.08462
	stiffness updates             = 3
	right hand side evaluations   = 7
	stiffness matrix reformations = 1
	step from line search         = 1.000000
	convergence norms :     INITIAL         CURRENT         REQUIRED
	   residual            1.542586e+04    5.540925e-02    0.000000e+00 
	   energy              1.147782e+00    2.815743e-05    1.147782e-02 
	   displacement        2.560630e-02    3.078494e-05    2.181738e-08 
 5
 Nonlinear solution status: time= 1.08462
	stiffness updates             = 4
	right hand side evaluations   = 8
	stiffness matrix reformations = 1
	step from line search         = 1.000000
	convergence norms :     INITIAL         CURRENT         REQUIRED
	   residual            1.542586e+04    3.741575e-02    0.000000e+00 
	   energy              1.147782e+00    1.003074e-05    1.147782e-02 
	   displacement        2.560630e-02    8.454237e-06    2.217558e-08 
 6
 Nonlinear solution status: time= 1.08462
	stiffness updates             = 5
	right hand side evaluations   = 10
	stiffness matrix reformations = 1
	step from line search         = 0.580603
	convergence norms :     INITIAL         CURRENT         REQUIRED
	   residual            1.542586e+04    1.121645e-02    0.000000e+00 
	   energy              1.147782e+00    2.095764e-06    1.147782e-02 
	   displacement        2.560630e-02    2.725335e-06    2.239330e-08 
 7
 Nonlinear solution status: time= 1.08462
	stiffness updates             = 6
	right hand side evaluations   = 12
	stiffness matrix reformations = 1
	step from line search         = 0.577471
	convergence norms :     INITIAL         CURRENT         REQUIRED
	   residual            1.542586e+04    4.155636e-03    0.000000e+00 
	   energy              1.147782e+00    6.927998e-07    1.147782e-02 
	   displacement        2.560630e-02    7.554266e-07    2.242152e-08 
 8
 Nonlinear solution status: time= 1.08462
	stiffness updates             = 7
	right hand side evaluations   = 14
	stiffness matrix reformations = 1
	step from line search         = 0.588004
	convergence norms :     INITIAL         CURRENT         REQUIRED
	   residual            1.542586e+04    2.759281e-03    0.000000e+00 
	   energy              1.147782e+00    4.153736e-07    1.147782e-02 
	   displacement        2.560630e-02    5.757585e-07    2.238765e-08 
 9
 Nonlinear solution status: time= 1.08462
	stiffness updates             = 8
	right hand side evaluations   = 16
	stiffness matrix reformations = 1
	step from line search         = 0.587718
	convergence norms :     INITIAL         CURRENT         REQUIRED
	   residual            1.542586e+04    2.511771e-03    0.000000e+00 
	   energy              1.147782e+00    2.138465e-07    1.147782e-02 
	   displacement        2.560630e-02    3.636424e-07    2.237151e-08 
 10
 Nonlinear solution status: time= 1.08462
	stiffness updates             = 9
	right hand side evaluations   = 18
	stiffness matrix reformations = 1
	step from line search         = 0.542355
	convergence norms :     INITIAL         CURRENT         REQUIRED
	   residual            1.542586e+04    1.657023e-03    0.000000e+00 
	   energy              1.147782e+00    1.998449e-07    1.147782e-02 
	   displacement        2.560630e-02    2.098364e-07    2.238960e-08 

 *************************************************************************
 *                               WARNING                                 *
 * Max nr of iterations reached.                                         *
 * Stiffness matrix will now be reformed.                                *
 *************************************************************************
Reforming stiffness matrix: reformation #2

 11
 Nonlinear solution status: time= 1.08462
	stiffness updates             = 0
	right hand side evaluations   = 19
	stiffness matrix reformations = 2
	step from line search         = 1.000000
	convergence norms :     INITIAL         CURRENT         REQUIRED
	   residual            1.542586e+04    1.243921e-04    0.000000e+00 
	   energy              1.147782e+00    5.524308e-08    1.147782e-02 
	   displacement        2.560630e-02    5.522163e-07    2.246878e-08 
 12
 Nonlinear solution status: time= 1.08462
	stiffness updates             = 1
	right hand side evaluations   = 20
	stiffness matrix reformations = 2
	step from line search         = 1.000000
	convergence norms :     INITIAL         CURRENT         REQUIRED
	   residual            1.542586e+04    1.065114e-05    0.000000e+00 
	   energy              1.147782e+00    1.395929e-08    1.147782e-02 
	   displacement        2.560630e-02    9.531469e-09    2.246195e-08 

convergence summary
    number of iterations   : 12
    number of reformations : 2

------- converged at time : 1.08462


AUTO STEPPER: decreasing time step, dt = 0.0042757


===== beginning time step 29 : 1.0889 =====


Reforming stiffness matrix: reformation #1

 1
 Nonlinear solution status: time= 1.0889
	stiffness updates             = 0
	right hand side evaluations   = 2
	stiffness matrix reformations = 1
	step from line search         = 1.000000
	convergence norms :     INITIAL         CURRENT         REQUIRED
	   residual            1.652544e+04    3.170704e+01    0.000000e+00 
	   energy              1.322741e+00    3.623289e-03    1.322741e-02 
	   displacement        2.986598e-02    2.986598e-02    2.986598e-08 
 2

 *************************************************************************
 *                                ERROR                                  *
 * 238 negative jacobians detected.                                      *
 *************************************************************************


------- failed to converge at time : 1.0889

Retrying time step. Retry attempt 1 of max 20


AUTO STEPPER: retry step, dt = 0.00407209


===== beginning time step 29 : 1.08869 =====


Reforming stiffness matrix: reformation #1

 1
 Nonlinear solution status: time= 1.08869
	stiffness updates             = 0
	right hand side evaluations   = 2
	stiffness matrix reformations = 1
	step from line search         = 1.000000
	convergence norms :     INITIAL         CURRENT         REQUIRED
	   residual            1.489479e+04    1.749542e+01    0.000000e+00 
	   energy              1.194388e+00    2.777496e-03    1.194388e-02 
	   displacement        2.696035e-02    2.696035e-02    2.696035e-08 
 2

 *************************************************************************
 *                                ERROR                                  *
 * 202 negative jacobians detected.                                      *
 *************************************************************************


------- failed to converge at time : 1.08869

Retrying time step. Retry attempt 2 of max 20


AUTO STEPPER: retry step, dt = 0.00386849


===== beginning time step 29 : 1.08849 =====


Reforming stiffness matrix: reformation #1

 1
 Nonlinear solution status: time= 1.08849
	stiffness updates             = 0
	right hand side evaluations   = 2
	stiffness matrix reformations = 1
	step from line search         = 1.000000
	convergence norms :     INITIAL         CURRENT         REQUIRED
	   residual            1.335153e+04    1.076688e+01    0.000000e+00 
	   energy              1.072898e+00    2.267743e-03    1.072898e-02 
	   displacement        2.421430e-02    2.421430e-02    2.421430e-08 
 2

 *************************************************************************
 *                                ERROR                                  *
 * 149 negative jacobians detected.                                      *
 *************************************************************************


------- failed to converge at time : 1.08849

Retrying time step. Retry attempt 3 of max 20


AUTO STEPPER: retry step, dt = 0.00366489


===== beginning time step 29 : 1.08829 =====


Reforming stiffness matrix: reformation #1

 1
 Nonlinear solution status: time= 1.08829
	stiffness updates             = 0
	right hand side evaluations   = 2
	stiffness matrix reformations = 1
	step from line search         = 1.000000
	convergence norms :     INITIAL         CURRENT         REQUIRED
	   residual            1.194811e+04    7.006675e+00    0.000000e+00 
	   energy              9.623920e-01    1.914092e-03    9.623920e-03 
	   displacement        2.164860e-02    2.164860e-02    2.164860e-08 
 2

 *************************************************************************
 *                                ERROR                                  *
 * 120 negative jacobians detected.                                      *
 *************************************************************************


------- failed to converge at time : 1.08829

Retrying time step. Retry attempt 4 of max 20


AUTO STEPPER: retry step, dt = 0.00346128


===== beginning time step 29 : 1.08808 =====


Reforming stiffness matrix: reformation #1

 1
 Nonlinear solution status: time= 1.08808
	stiffness updates             = 0
	right hand side evaluations   = 2
	stiffness matrix reformations = 1
	step from line search         = 1.000000
	convergence norms :     INITIAL         CURRENT         REQUIRED
	   residual            1.062261e+04    4.766695e+00    0.000000e+00 
	   energy              8.580066e-01    1.657290e-03    8.580066e-03 
	   displacement        1.923379e-02    1.923379e-02    1.923379e-08 
 2

 *************************************************************************
 *                                ERROR                                  *
 * 100 negative jacobians detected.                                      *
 *************************************************************************


------- failed to converge at time : 1.08808

Retrying time step. Retry attempt 5 of max 20


AUTO STEPPER: retry step, dt = 0.00325768


===== beginning time step 29 : 1.08788 =====


Reforming stiffness matrix: reformation #1

 1
 Nonlinear solution status: time= 1.08788
	stiffness updates             = 0
	right hand side evaluations   = 2
	stiffness matrix reformations = 1
	step from line search         = 1.000000
	convergence norms :     INITIAL         CURRENT         REQUIRED
	   residual            9.375026e+03    3.354366e+00    0.000000e+00 
	   energy              7.597419e-01    1.464672e-03    7.597419e-03 
	   displacement        1.696879e-02    1.696879e-02    1.696879e-08 
 2

 *************************************************************************
 *                                ERROR                                  *
 * 81 negative jacobians detected.                                       *
 *************************************************************************


------- failed to converge at time : 1.08788

Retrying time step. Retry attempt 6 of max 20


AUTO STEPPER: retry step, dt = 0.00305407


===== beginning time step 29 : 1.08768 =====


Reforming stiffness matrix: reformation #1

 1
 Nonlinear solution status: time= 1.08768
	stiffness updates             = 0
	right hand side evaluations   = 2
	stiffness matrix reformations = 1
	step from line search         = 1.000000
	convergence norms :     INITIAL         CURRENT         REQUIRED
	   residual            8.205362e+03    2.424429e+00    0.000000e+00 
	   energy              6.675982e-01    1.317629e-03    6.675982e-03 
	   displacement        1.485244e-02    1.485244e-02    1.485244e-08 
 2

 *************************************************************************
 *                                ERROR                                  *
 * 67 negative jacobians detected.                                       *
 *************************************************************************


------- failed to converge at time : 1.08768

Retrying time step. Retry attempt 7 of max 20


AUTO STEPPER: retry step, dt = 0.00285047


===== beginning time step 29 : 1.08747 =====


Reforming stiffness matrix: reformation #1

 1
 Nonlinear solution status: time= 1.08747
	stiffness updates             = 0
	right hand side evaluations   = 2
	stiffness matrix reformations = 1
	step from line search         = 1.000000
	convergence norms :     INITIAL         CURRENT         REQUIRED
	   residual            7.113617e+03    1.789895e+00    0.000000e+00 
	   energy              5.815755e-01    1.204512e-03    5.815755e-03 
	   displacement        1.288350e-02    1.288350e-02    1.288350e-08 
 2

 *************************************************************************
 *                                ERROR                                  *
 * 50 negative jacobians detected.                                       *
 *************************************************************************


------- failed to converge at time : 1.08747

Retrying time step. Retry attempt 8 of max 20


AUTO STEPPER: retry step, dt = 0.00264686


===== beginning time step 29 : 1.08727 =====


Reforming stiffness matrix: reformation #1

 1
 Nonlinear solution status: time= 1.08727
	stiffness updates             = 0
	right hand side evaluations   = 2
	stiffness matrix reformations = 1
	step from line search         = 1.000000
	convergence norms :     INITIAL         CURRENT         REQUIRED
	   residual            6.099792e+03    1.343142e+00    0.000000e+00 
	   energy              5.016739e-01    1.117555e-03    5.016739e-03 
	   displacement        1.106068e-02    1.106068e-02    1.106068e-08 
 2

 *************************************************************************
 *                                ERROR                                  *
 * 42 negative jacobians detected.                                       *
 *************************************************************************


------- failed to converge at time : 1.08727

Retrying time step. Retry attempt 9 of max 20


AUTO STEPPER: retry step, dt = 0.00244326


===== beginning time step 29 : 1.08706 =====


Reforming stiffness matrix: reformation #1

 1
 Nonlinear solution status: time= 1.08706
	stiffness updates             = 0
	right hand side evaluations   = 2
	stiffness matrix reformations = 1
	step from line search         = 1.000000
	convergence norms :     INITIAL         CURRENT         REQUIRED
	   residual            5.163889e+03    1.019334e+00    0.000000e+00 
	   energy              4.278937e-01    1.051363e-03    4.278937e-03 
	   displacement        9.382607e-03    9.382607e-03    9.382607e-09 
 2

 *************************************************************************
 *                                ERROR                                  *
 * 38 negative jacobians detected.                                       *
 *************************************************************************


------- failed to converge at time : 1.08706

Retrying time step. Retry attempt 10 of max 20


AUTO STEPPER: retry step, dt = 0.00223965


===== beginning time step 29 : 1.08686 =====


Reforming stiffness matrix: reformation #1

 1
 Nonlinear solution status: time= 1.08686
	stiffness updates             = 0
	right hand side evaluations   = 2
	stiffness matrix reformations = 1
	step from line search         = 1.000000
	convergence norms :     INITIAL         CURRENT         REQUIRED
	   residual            4.305908e+03    7.780873e-01    0.000000e+00 
	   energy              3.602351e-01    1.002108e-03    3.602351e-03 
	   displacement        7.847849e-03    7.847849e-03    7.847849e-09 
 2

 *************************************************************************
 *                                ERROR                                  *
 * 32 negative jacobians detected.                                       *
 *************************************************************************


------- failed to converge at time : 1.08686

Retrying time step. Retry attempt 11 of max 20


AUTO STEPPER: retry step, dt = 0.00203605


===== beginning time step 29 : 1.08666 =====


Reforming stiffness matrix: reformation #1

 1
 Nonlinear solution status: time= 1.08666
	stiffness updates             = 0
	right hand side evaluations   = 2
	stiffness matrix reformations = 1
	step from line search         = 1.000000
	convergence norms :     INITIAL         CURRENT         REQUIRED
	   residual            3.531320e+03    5.928557e-01    0.000000e+00 
	   energy              2.991274e-01    9.670600e-04    2.991274e-03 
	   displacement        6.456371e-03    6.456371e-03    6.456371e-09 
 2

 *************************************************************************
 *                                ERROR                                  *
 * 22 negative jacobians detected.                                       *
 *************************************************************************


------- failed to converge at time : 1.08666

Retrying time step. Retry attempt 12 of max 20


AUTO STEPPER: retry step, dt = 0.00183244


===== beginning time step 29 : 1.08645 =====


Reforming stiffness matrix: reformation #1

 1
 Nonlinear solution status: time= 1.08645
	stiffness updates             = 0
	right hand side evaluations   = 2
	stiffness matrix reformations = 1
	step from line search         = 1.000000
	convergence norms :     INITIAL         CURRENT         REQUIRED
	   residual            2.856939e+03    4.449502e-01    0.000000e+00 
	   energy              2.458894e-01    9.445667e-04    2.458894e-03 
	   displacement        5.210340e-03    5.210340e-03    5.210340e-09 
 2

 *************************************************************************
 *                                ERROR                                  *
 * 20 negative jacobians detected.                                       *
 *************************************************************************


------- failed to converge at time : 1.08645

Retrying time step. Retry attempt 13 of max 20


AUTO STEPPER: retry step, dt = 0.00162884


===== beginning time step 29 : 1.08625 =====


Reforming stiffness matrix: reformation #1

 1
 Nonlinear solution status: time= 1.08625
	stiffness updates             = 0
	right hand side evaluations   = 2
	stiffness matrix reformations = 1
	step from line search         = 1.000000
	convergence norms :     INITIAL         CURRENT         REQUIRED
	   residual            2.254003e+03    3.287442e-01    0.000000e+00 
	   energy              1.982641e-01    9.339670e-04    1.982641e-03 
	   displacement        4.100548e-03    4.100548e-03    4.100548e-09 
 2

 *************************************************************************
 *                                ERROR                                  *
 * 16 negative jacobians detected.                                       *
 *************************************************************************


------- failed to converge at time : 1.08625

Retrying time step. Retry attempt 14 of max 20


AUTO STEPPER: retry step, dt = 0.00142523


===== beginning time step 29 : 1.08605 =====


Reforming stiffness matrix: reformation #1

 1
 Nonlinear solution status: time= 1.08605
	stiffness updates             = 0
	right hand side evaluations   = 2
	stiffness matrix reformations = 1
	step from line search         = 1.000000
	convergence norms :     INITIAL         CURRENT         REQUIRED
	   residual            1.722523e+03    2.382832e-01    0.000000e+00 
	   energy              1.562528e-01    9.350990e-04    1.562528e-03 
	   displacement        3.125977e-03    3.125977e-03    3.125977e-09 
 2

 *************************************************************************
 *                                ERROR                                  *
 * 11 negative jacobians detected.                                       *
 *************************************************************************


------- failed to converge at time : 1.08605

Retrying time step. Retry attempt 15 of max 20


AUTO STEPPER: retry step, dt = 0.00122163


===== beginning time step 29 : 1.08584 =====


Reforming stiffness matrix: reformation #1

 1
 Nonlinear solution status: time= 1.08584
	stiffness updates             = 0
	right hand side evaluations   = 2
	stiffness matrix reformations = 1
	step from line search         = 1.000000
	convergence norms :     INITIAL         CURRENT         REQUIRED
	   residual            1.262519e+03    1.712682e-01    0.000000e+00 
	   energy              1.198570e-01    9.488719e-04    1.198570e-03 
	   displacement        2.285706e-03    2.285706e-03    2.285706e-09 
 2

 *************************************************************************
 *                                ERROR                                  *
 * 5 negative jacobians detected.                                        *
 *************************************************************************


------- failed to converge at time : 1.08584

Retrying time step. Retry attempt 16 of max 20


AUTO STEPPER: retry step, dt = 0.00101802


===== beginning time step 29 : 1.08564 =====


Reforming stiffness matrix: reformation #1

 1
 Nonlinear solution status: time= 1.08564
	stiffness updates             = 0
	right hand side evaluations   = 2
	stiffness matrix reformations = 1
	step from line search         = 1.000000
	convergence norms :     INITIAL         CURRENT         REQUIRED
	   residual            8.740326e+02    1.286569e-01    0.000000e+00 
	   energy              8.907981e-02    9.779057e-04    8.907981e-04 
	   displacement        1.578916e-03    1.578916e-03    1.578916e-09 
 2

 *************************************************************************
 *                                ERROR                                  *
 * 4 negative jacobians detected.                                        *
 *************************************************************************


------- failed to converge at time : 1.08564

Retrying time step. Retry attempt 17 of max 20


AUTO STEPPER: retry step, dt = 0.000814419


===== beginning time step 29 : 1.08544 =====


Reforming stiffness matrix: reformation #1

 1
 Nonlinear solution status: time= 1.08544
	stiffness updates             = 0
	right hand side evaluations   = 2
	stiffness matrix reformations = 1
	step from line search         = 1.000000
	convergence norms :     INITIAL         CURRENT         REQUIRED
	   residual            5.571657e+02    1.156850e-01    0.000000e+00 
	   energy              6.392717e-02    1.028428e-03    6.392717e-04 
	   displacement        1.004861e-03    1.004861e-03    1.004861e-09 
 2

 *************************************************************************
 *                                ERROR                                  *
 * 2 negative jacobians detected.                                        *
 *************************************************************************


------- failed to converge at time : 1.08544

Retrying time step. Retry attempt 18 of max 20


AUTO STEPPER: retry step, dt = 0.000610814


===== beginning time step 29 : 1.08523 =====


Reforming stiffness matrix: reformation #1

 1
 Nonlinear solution status: time= 1.08523
	stiffness updates             = 0
	right hand side evaluations   = 2
	stiffness matrix reformations = 1
	step from line search         = 1.000000
	convergence norms :     INITIAL         CURRENT         REQUIRED
	   residual            3.122108e+02    1.489090e-01    0.000000e+00 
	   energy              4.441337e-02    1.116845e-03    4.441337e-04 
	   displacement        5.627069e-04    5.627069e-04    5.627069e-10 
 2
 Nonlinear solution status: time= 1.08523
	stiffness updates             = 1
	right hand side evaluations   = 4
	stiffness matrix reformations = 1
	step from line search         = 0.592481
	convergence norms :     INITIAL         CURRENT         REQUIRED
	   residual            3.122108e+02    5.953375e-02    0.000000e+00 
	   energy              4.441337e-02    5.425109e-06    4.441337e-04 
	   displacement        5.627069e-04    1.035157e-05    5.024486e-10 
 3

 *************************************************************************
 *                                ERROR                                  *
 * 4 negative jacobians detected.                                        *
 *************************************************************************


------- failed to converge at time : 1.08523

Retrying time step. Retry attempt 19 of max 20


AUTO STEPPER: retry step, dt = 0.000407209


===== beginning time step 29 : 1.08503 =====


Reforming stiffness matrix: reformation #1

 1
 Nonlinear solution status: time= 1.08503
	stiffness updates             = 0
	right hand side evaluations   = 2
	stiffness matrix reformations = 1
	step from line search         = 1.000000
	convergence norms :     INITIAL         CURRENT         REQUIRED
	   residual            1.403506e+02    2.997082e-01    0.000000e+00 
	   energy              3.058593e-02    1.300631e-03    3.058593e-04 
	   displacement        2.511777e-04    2.511777e-04    2.511777e-10 
 2
 Nonlinear solution status: time= 1.08503
	stiffness updates             = 1
	right hand side evaluations   = 3
	stiffness matrix reformations = 1
	step from line search         = 1.000000
	convergence norms :     INITIAL         CURRENT         REQUIRED
	   residual            1.403506e+02    9.082348e-02    0.000000e+00 
	   energy              3.058593e-02    1.316204e-04    3.058593e-04 
	   displacement        2.511777e-04    1.541074e-05    2.103357e-10 
 3
 Nonlinear solution status: time= 1.08503
	stiffness updates             = 2
	right hand side evaluations   = 4
	stiffness matrix reformations = 1
	step from line search         = 1.000000
	convergence norms :     INITIAL         CURRENT         REQUIRED
	   residual            1.403506e+02    2.867652e-03    0.000000e+00 
	   energy              3.058593e-02    3.846607e-06    3.058593e-04 
	   displacement        2.511777e-04    8.387375e-07    2.134169e-10 
 4
 Nonlinear solution status: time= 1.08503
	stiffness updates             = 3
	right hand side evaluations   = 6
	stiffness matrix reformations = 1
	step from line search         = 0.578392
	convergence norms :     INITIAL         CURRENT         REQUIRED
	   residual            1.403506e+02    1.215859e-03    0.000000e+00 
	   energy              3.058593e-02    1.812505e-07    3.058593e-04 
	   displacement        2.511777e-04    2.244506e-08    2.144844e-10 
 5
 Nonlinear solution status: time= 1.08503
	stiffness updates             = 4
	right hand side evaluations   = 7
	stiffness matrix reformations = 1
	step from line search         = 1.000000
	convergence norms :     INITIAL         CURRENT         REQUIRED
	   residual            1.403506e+02    1.524208e-03    0.000000e+00 
	   energy              3.058593e-02    1.329341e-06    3.058593e-04 
	   displacement        2.511777e-04    9.943236e-08    2.162430e-10 
 6
 Nonlinear solution status: time= 1.08503
	stiffness updates             = 5
	right hand side evaluations   = 8
	stiffness matrix reformations = 1
	step from line search         = 1.000000
	convergence norms :     INITIAL         CURRENT         REQUIRED
	   residual            1.403506e+02    1.858452e-04    0.000000e+00 
	   energy              3.058593e-02    9.815039e-08    3.058593e-04 
	   displacement        2.511777e-04    1.129852e-08    2.152760e-10 
 7
 Nonlinear solution status: time= 1.08503
	stiffness updates             = 6
	right hand side evaluations   = 9
	stiffness matrix reformations = 1
	step from line search         = 1.000000
	convergence norms :     INITIAL         CURRENT         REQUIRED
	   residual            1.403506e+02    1.240149e-05    0.000000e+00 
	   energy              3.058593e-02    6.010380e-09    3.058593e-04 
	   displacement        2.511777e-04    3.498681e-10    2.150957e-10 
 8
 Nonlinear solution status: time= 1.08503
	stiffness updates             = 7
	right hand side evaluations   = 10
	stiffness matrix reformations = 1
	step from line search         = 1.000000
	convergence norms :     INITIAL         CURRENT         REQUIRED
	   residual            1.403506e+02    1.973487e-07    0.000000e+00 
	   energy              3.058593e-02    2.479443e-10    3.058593e-04 
	   displacement        2.511777e-04    1.993679e-11    2.150973e-10 

convergence summary
    number of iterations   : 8
    number of reformations : 1

------- converged at time : 1.08503


AUTO STEPPER: increasing time step, dt = 0.00203605


===== beginning time step 30 : 1.08706 =====


Reforming stiffness matrix: reformation #1

 1
 Nonlinear solution status: time= 1.08706
	stiffness updates             = 0
	right hand side evaluations   = 2
	stiffness matrix reformations = 1
	step from line search         = 1.000000
	convergence norms :     INITIAL         CURRENT         REQUIRED
	   residual            3.610011e+03    5.963345e+00    0.000000e+00 
	   energy              3.074587e-01    1.733361e-03    3.074587e-03 
	   displacement        6.621370e-03    6.621370e-03    6.621370e-09 
 2

 *************************************************************************
 *                                ERROR                                  *
 * 157 negative jacobians detected.                                      *
 *************************************************************************


------- failed to converge at time : 1.08706

Retrying time step. Retry attempt 1 of max 20


AUTO STEPPER: retry step, dt = 0.00193909


===== beginning time step 30 : 1.08697 =====


Reforming stiffness matrix: reformation #1

 1
 Nonlinear solution status: time= 1.08697
	stiffness updates             = 0
	right hand side evaluations   = 2
	stiffness matrix reformations = 1
	step from line search         = 1.000000
	convergence norms :     INITIAL         CURRENT         REQUIRED
	   residual            3.262735e+03    3.836898e+00    0.000000e+00 
	   energy              2.798946e-01    1.496830e-03    2.798946e-03 
	   displacement        5.992018e-03    5.992018e-03    5.992018e-09 
 2

 *************************************************************************
 *                                ERROR                                  *
 * 109 negative jacobians detected.                                      *
 *************************************************************************


------- failed to converge at time : 1.08697

Retrying time step. Retry attempt 2 of max 20


AUTO STEPPER: retry step, dt = 0.00184214


===== beginning time step 30 : 1.08687 =====


Reforming stiffness matrix: reformation #1

 1
 Nonlinear solution status: time= 1.08687
	stiffness updates             = 0
	right hand side evaluations   = 2
	stiffness matrix reformations = 1
	step from line search         = 1.000000
	convergence norms :     INITIAL         CURRENT         REQUIRED
	   residual            2.933028e+03    2.621130e+00    0.000000e+00 
	   energy              2.537188e-01    1.338626e-03    2.537188e-03 
	   displacement        5.395120e-03    5.395120e-03    5.395120e-09 
 2

 *************************************************************************
 *                                ERROR                                  *
 * 90 negative jacobians detected.                                       *
 *************************************************************************


------- failed to converge at time : 1.08687

Retrying time step. Retry attempt 3 of max 20


AUTO STEPPER: retry step, dt = 0.00174518


===== beginning time step 30 : 1.08677 =====


Reforming stiffness matrix: reformation #1

 1
 Nonlinear solution status: time= 1.08677
	stiffness updates             = 0
	right hand side evaluations   = 2
	stiffness matrix reformations = 1
	step from line search         = 1.000000
	convergence norms :     INITIAL         CURRENT         REQUIRED
	   residual            2.620893e+03    1.874105e+00    0.000000e+00 
	   energy              2.289315e-01    1.228358e-03    2.289315e-03 
	   displacement        4.830511e-03    4.830511e-03    4.830511e-09 
 2

 *************************************************************************
 *                                ERROR                                  *
 * 63 negative jacobians detected.                                       *
 *************************************************************************


------- failed to converge at time : 1.08677

Retrying time step. Retry attempt 4 of max 20


AUTO STEPPER: retry step, dt = 0.00164823


===== beginning time step 30 : 1.08668 =====


Reforming stiffness matrix: reformation #1

 1
 Nonlinear solution status: time= 1.08668
	stiffness updates             = 0
	right hand side evaluations   = 2
	stiffness matrix reformations = 1
	step from line search         = 1.000000
	convergence norms :     INITIAL         CURRENT         REQUIRED
	   residual            2.328323e+03    1.386437e+00    0.000000e+00 
	   energy              2.056901e-01    1.149542e-03    2.056901e-03 
	   displacement        4.298462e-03    4.298462e-03    4.298462e-09 
 2

 *************************************************************************
 *                                ERROR                                  *
 * 51 negative jacobians detected.                                       *
 *************************************************************************


------- failed to converge at time : 1.08668

Retrying time step. Retry attempt 5 of max 20


AUTO STEPPER: retry step, dt = 0.00155127


===== beginning time step 30 : 1.08658 =====


Reforming stiffness matrix: reformation #1

 1
 Nonlinear solution status: time= 1.08658
	stiffness updates             = 0
	right hand side evaluations   = 2
	stiffness matrix reformations = 1
	step from line search         = 1.000000
	convergence norms :     INITIAL         CURRENT         REQUIRED
	   residual            2.062647e+03    1.048057e+00    0.000000e+00 
	   energy              1.845721e-01    1.092175e-03    1.845721e-03 
	   displacement        3.800271e-03    3.800271e-03    3.800271e-09 
 2

 *************************************************************************
 *                                ERROR                                  *
 * 33 negative jacobians detected.                                       *
 *************************************************************************


------- failed to converge at time : 1.08658

Retrying time step. Retry attempt 6 of max 20


AUTO STEPPER: retry step, dt = 0.00145432


===== beginning time step 30 : 1.08648 =====


Reforming stiffness matrix: reformation #1

 1
 Nonlinear solution status: time= 1.08648
	stiffness updates             = 0
	right hand side evaluations   = 2
	stiffness matrix reformations = 1
	step from line search         = 1.000000
	convergence norms :     INITIAL         CURRENT         REQUIRED
	   residual            1.813084e+03    8.069432e-01    0.000000e+00 
	   energy              1.647271e-01    1.051790e-03    1.647271e-03 
	   displacement        3.333349e-03    3.333349e-03    3.333349e-09 
 2

 *************************************************************************
 *                                ERROR                                  *
 * 25 negative jacobians detected.                                       *
 *************************************************************************


------- failed to converge at time : 1.08648

Retrying time step. Retry attempt 7 of max 20


AUTO STEPPER: retry step, dt = 0.00135736


===== beginning time step 30 : 1.08639 =====


Reforming stiffness matrix: reformation #1

 1
 Nonlinear solution status: time= 1.08639
	stiffness updates             = 0
	right hand side evaluations   = 2
	stiffness matrix reformations = 1
	step from line search         = 1.000000
	convergence norms :     INITIAL         CURRENT         REQUIRED
	   residual            1.579634e+03    6.282654e-01    0.000000e+00 
	   energy              1.461555e-01    1.024607e-03    1.461555e-03 
	   displacement        2.897591e-03    2.897591e-03    2.897591e-09 
 2

 *************************************************************************
 *                                ERROR                                  *
 * 20 negative jacobians detected.                                       *
 *************************************************************************


------- failed to converge at time : 1.08639

Retrying time step. Retry attempt 8 of max 20


AUTO STEPPER: retry step, dt = 0.00126041


===== beginning time step 30 : 1.08629 =====


Reforming stiffness matrix: reformation #1

 1
 Nonlinear solution status: time= 1.08629
	stiffness updates             = 0
	right hand side evaluations   = 2
	stiffness matrix reformations = 1
	step from line search         = 1.000000
	convergence norms :     INITIAL         CURRENT         REQUIRED
	   residual            1.362302e+03    4.917506e-01    0.000000e+00 
	   energy              1.288573e-01    1.008266e-03    1.288573e-03 
	   displacement        2.492901e-03    2.492901e-03    2.492901e-09 
 2

 *************************************************************************
 *                                ERROR                                  *
 * 19 negative jacobians detected.                                       *
 *************************************************************************


------- failed to converge at time : 1.08629

Retrying time step. Retry attempt 9 of max 20


AUTO STEPPER: retry step, dt = 0.00116346


===== beginning time step 30 : 1.08619 =====


Reforming stiffness matrix: reformation #1

 1
 Nonlinear solution status: time= 1.08619
	stiffness updates             = 0
	right hand side evaluations   = 2
	stiffness matrix reformations = 1
	step from line search         = 1.000000
	convergence norms :     INITIAL         CURRENT         REQUIRED
	   residual            1.161091e+03    3.855411e-01    0.000000e+00 
	   energy              1.128330e-01    1.001343e-03    1.128330e-03 
	   displacement        2.119188e-03    2.119188e-03    2.119188e-09 
 2

 *************************************************************************
 *                                ERROR                                  *
 * 16 negative jacobians detected.                                       *
 *************************************************************************


------- failed to converge at time : 1.08619

Retrying time step. Retry attempt 10 of max 20


AUTO STEPPER: retry step, dt = 0.0010665


===== beginning time step 30 : 1.08609 =====


Reforming stiffness matrix: reformation #1

 1
 Nonlinear solution status: time= 1.08609
	stiffness updates             = 0
	right hand side evaluations   = 2
	stiffness matrix reformations = 1
	step from line search         = 1.000000
	convergence norms :     INITIAL         CURRENT         REQUIRED
	   residual            9.760094e+02    3.028493e-01    0.000000e+00 
	   energy              9.808284e-02    1.003075e-03    9.808284e-04 
	   displacement        1.776367e-03    1.776367e-03    1.776367e-09 
 2

 *************************************************************************
 *                                ERROR                                  *
 * 12 negative jacobians detected.                                       *
 *************************************************************************


------- failed to converge at time : 1.08609

Retrying time step. Retry attempt 11 of max 20


AUTO STEPPER: retry step, dt = 0.000969546


===== beginning time step 30 : 1.086 =====


Reforming stiffness matrix: reformation #1

 1
 Nonlinear solution status: time= 1.086
	stiffness updates             = 0
	right hand side evaluations   = 2
	stiffness matrix reformations = 1
	step from line search         = 1.000000
	convergence norms :     INITIAL         CURRENT         REQUIRED
	   residual            8.070665e+02    2.400439e-01    0.000000e+00 
	   energy              8.460756e-02    1.013219e-03    8.460756e-04 
	   displacement        1.464358e-03    1.464358e-03    1.464358e-09 
 2

 *************************************************************************
 *                                ERROR                                  *
 * 6 negative jacobians detected.                                        *
 *************************************************************************


------- failed to converge at time : 1.086

Retrying time step. Retry attempt 12 of max 20


AUTO STEPPER: retry step, dt = 0.000872592


===== beginning time step 30 : 1.0859 =====


Reforming stiffness matrix: reformation #1

 1
 Nonlinear solution status: time= 1.0859
	stiffness updates             = 0
	right hand side evaluations   = 2
	stiffness matrix reformations = 1
	step from line search         = 1.000000
	convergence norms :     INITIAL         CURRENT         REQUIRED
	   residual            6.542789e+02    1.955342e-01    0.000000e+00 
	   energy              7.240799e-02    1.032028e-03    7.240799e-04 
	   displacement        1.183079e-03    1.183079e-03    1.183079e-09 
 2

 *************************************************************************
 *                                ERROR                                  *
 * 4 negative jacobians detected.                                        *
 *************************************************************************


------- failed to converge at time : 1.0859

Retrying time step. Retry attempt 13 of max 20


AUTO STEPPER: retry step, dt = 0.000775637


===== beginning time step 30 : 1.0858 =====


Reforming stiffness matrix: reformation #1

 1
 Nonlinear solution status: time= 1.0858
	stiffness updates             = 0
	right hand side evaluations   = 2
	stiffness matrix reformations = 1
	step from line search         = 1.000000
	convergence norms :     INITIAL         CURRENT         REQUIRED
	   residual            5.176738e+02    1.692083e-01    0.000000e+00 
	   energy              6.148544e-02    1.060381e-03    6.148544e-04 
	   displacement        9.324460e-04    9.324460e-04    9.324460e-10 
 2

 *************************************************************************
 *                                ERROR                                  *
 * 4 negative jacobians detected.                                        *
 *************************************************************************


------- failed to converge at time : 1.0858

Retrying time step. Retry attempt 14 of max 20


AUTO STEPPER: retry step, dt = 0.000678682


===== beginning time step 30 : 1.08571 =====


Reforming stiffness matrix: reformation #1

 1
 Nonlinear solution status: time= 1.08571
	stiffness updates             = 0
	right hand side evaluations   = 2
	stiffness matrix reformations = 1
	step from line search         = 1.000000
	convergence norms :     INITIAL         CURRENT         REQUIRED
	   residual            3.972988e+02    1.624661e-01    0.000000e+00 
	   energy              5.184201e-02    1.100194e-03    5.184201e-04 
	   displacement        7.123585e-04    7.123585e-04    7.123585e-10 
 2

 *************************************************************************
 *                                ERROR                                  *
 * 4 negative jacobians detected.                                        *
 *************************************************************************


------- failed to converge at time : 1.08571

Retrying time step. Retry attempt 15 of max 20


AUTO STEPPER: retry step, dt = 0.000581728


===== beginning time step 30 : 1.08561 =====


Reforming stiffness matrix: reformation #1

 1
 Nonlinear solution status: time= 1.08561
	stiffness updates             = 0
	right hand side evaluations   = 2
	stiffness matrix reformations = 1
	step from line search         = 1.000000
	convergence norms :     INITIAL         CURRENT         REQUIRED
	   residual            2.932444e+02    1.792783e-01    0.000000e+00 
	   energy              4.348137e-02    1.155396e-03    4.348137e-04 
	   displacement        5.226917e-04    5.226917e-04    5.226917e-10 
 2

 *************************************************************************
 *                                ERROR                                  *
 * Negative jacobian detected.                                           *
 *************************************************************************


------- failed to converge at time : 1.08561

Retrying time step. Retry attempt 16 of max 20


AUTO STEPPER: retry step, dt = 0.000484773


===== beginning time step 30 : 1.08551 =====


Reforming stiffness matrix: reformation #1

 1
 Nonlinear solution status: time= 1.08551
	stiffness updates             = 0
	right hand side evaluations   = 2
	stiffness matrix reformations = 1
	step from line search         = 1.000000
	convergence norms :     INITIAL         CURRENT         REQUIRED
	   residual            2.056992e+02    2.296363e-01    0.000000e+00 
	   energy              3.641058e-02    1.234328e-03    3.641058e-04 
	   displacement        3.632793e-04    3.632793e-04    3.632793e-10 
 2
 Nonlinear solution status: time= 1.08551
	stiffness updates             = 1
	right hand side evaluations   = 3
	stiffness matrix reformations = 1
	step from line search         = 1.000000
	convergence norms :     INITIAL         CURRENT         REQUIRED
	   residual            2.056992e+02    4.128018e-01    0.000000e+00 
	   energy              3.641058e-02    4.583743e-04    3.641058e-04 
	   displacement        3.632793e-04    2.285626e-05    3.061457e-10 
 3

 *************************************************************************
 *                                ERROR                                  *
 * 4 negative jacobians detected.                                        *
 *************************************************************************


------- failed to converge at time : 1.08551

Retrying time step. Retry attempt 17 of max 20


AUTO STEPPER: retry step, dt = 0.000387819


===== beginning time step 30 : 1.08542 =====


Reforming stiffness matrix: reformation #1

 1
 Nonlinear solution status: time= 1.08542
	stiffness updates             = 0
	right hand side evaluations   = 2
	stiffness matrix reformations = 1
	step from line search         = 1.000000
	convergence norms :     INITIAL         CURRENT         REQUIRED
	   residual            1.351144e+02    3.400948e-01    0.000000e+00 
	   energy              3.064535e-02    1.356378e-03    3.064535e-04 
	   displacement        2.338989e-04    2.338989e-04    2.338989e-10 
 2
 Nonlinear solution status: time= 1.08542
	stiffness updates             = 1
	right hand side evaluations   = 3
	stiffness matrix reformations = 1
	step from line search         = 1.000000
	convergence norms :     INITIAL         CURRENT         REQUIRED
	   residual            1.351144e+02    1.047706e-01    0.000000e+00 
	   energy              3.064535e-02    1.561936e-04    3.064535e-04 
	   displacement        2.338989e-04    1.546754e-05    1.959057e-10 
 3
 Nonlinear solution status: time= 1.08542
	stiffness updates             = 2
	right hand side evaluations   = 5
	stiffness matrix reformations = 1
	step from line search         = 0.227965
	convergence norms :     INITIAL         CURRENT         REQUIRED
	   residual            1.351144e+02    8.007312e-02    0.000000e+00 
	   energy              3.064535e-02    6.754561e-06    3.064535e-04 
	   displacement        2.338989e-04    3.767250e-07    1.958786e-10 
 4
 Nonlinear solution status: time= 1.08542
	stiffness updates             = 3
	right hand side evaluations   = 6
	stiffness matrix reformations = 1
	step from line search         = 1.000000
	convergence norms :     INITIAL         CURRENT         REQUIRED
	   residual            1.351144e+02    3.830955e-02    0.000000e+00 
	   energy              3.064535e-02    3.455380e-05    3.064535e-04 
	   displacement        2.338989e-04    1.266769e-06    2.008053e-10 
 5
 Nonlinear solution status: time= 1.08542
	stiffness updates             = 4
	right hand side evaluations   = 7
	stiffness matrix reformations = 1
	step from line search         = 1.000000
	convergence norms :     INITIAL         CURRENT         REQUIRED
	   residual            1.351144e+02    1.459336e-03    0.000000e+00 
	   energy              3.064535e-02    9.819923e-08    3.064535e-04 
	   displacement        2.338989e-04    2.159438e-07    1.997527e-10 
 6
 Nonlinear solution status: time= 1.08542
	stiffness updates             = 5
	right hand side evaluations   = 8
	stiffness matrix reformations = 1
	step from line search         = 1.000000
	convergence norms :     INITIAL         CURRENT         REQUIRED
	   residual            1.351144e+02    9.078382e-05    0.000000e+00 
	   energy              3.064535e-02    7.005852e-08    3.064535e-04 
	   displacement        2.338989e-04    1.278335e-08    1.997098e-10 
 7
 Nonlinear solution status: time= 1.08542
	stiffness updates             = 6
	right hand side evaluations   = 9
	stiffness matrix reformations = 1
	step from line search         = 1.000000
	convergence norms :     INITIAL         CURRENT         REQUIRED
	   residual            1.351144e+02    1.443990e-05    0.000000e+00 
	   energy              3.064535e-02    1.312896e-08    3.064535e-04 
	   displacement        2.338989e-04    6.925092e-10    1.998496e-10 
 8
 Nonlinear solution status: time= 1.08542
	stiffness updates             = 7
	right hand side evaluations   = 10
	stiffness matrix reformations = 1
	step from line search         = 1.000000
	convergence norms :     INITIAL         CURRENT         REQUIRED
	   residual            1.351144e+02    1.072948e-05    0.000000e+00 
	   energy              3.064535e-02    3.141051e-09    3.064535e-04 
	   displacement        2.338989e-04    1.525057e-10    1.998736e-10 

convergence summary
    number of iterations   : 8
    number of reformations : 1

------- converged at time : 1.08542


AUTO STEPPER: increasing time step, dt = 0.00193909


===== beginning time step 31 : 1.08736 =====


Reforming stiffness matrix: reformation #1

 1
 Nonlinear solution status: time= 1.08736
	stiffness updates             = 0
	right hand side evaluations   = 2
	stiffness matrix reformations = 1
	step from line search         = 1.000000
	convergence norms :     INITIAL         CURRENT         REQUIRED
	   residual            3.295363e+03    1.880128e+00    0.000000e+00 
	   energy              2.850285e-01    1.235457e-03    2.850285e-03 
	   displacement        6.117822e-03    6.117822e-03    6.117822e-09 
 2

 *************************************************************************
 *                                ERROR                                  *
 * 56 negative jacobians detected.                                       *
 *************************************************************************


------- failed to converge at time : 1.08736

Retrying time step. Retry attempt 1 of max 20


AUTO STEPPER: retry step, dt = 0.00184676


===== beginning time step 31 : 1.08726 =====


Reforming stiffness matrix: reformation #1

 1
 Nonlinear solution status: time= 1.08726
	stiffness updates             = 0
	right hand side evaluations   = 2
	stiffness matrix reformations = 1
	step from line search         = 1.000000
	convergence norms :     INITIAL         CURRENT         REQUIRED
	   residual            2.980532e+03    1.540938e+00    0.000000e+00 
	   energy              2.598374e-01    1.183379e-03    2.598374e-03 
	   displacement        5.538038e-03    5.538038e-03    5.538038e-09 
 2

 *************************************************************************
 *                                ERROR                                  *
 * 43 negative jacobians detected.                                       *
 *************************************************************************


------- failed to converge at time : 1.08726

Retrying time step. Retry attempt 2 of max 20


AUTO STEPPER: retry step, dt = 0.00175442


===== beginning time step 31 : 1.08717 =====


Reforming stiffness matrix: reformation #1

 1
 Nonlinear solution status: time= 1.08717
	stiffness updates             = 0
	right hand side evaluations   = 2
	stiffness matrix reformations = 1
	step from line search         = 1.000000
	convergence norms :     INITIAL         CURRENT         REQUIRED
	   residual            2.681516e+03    1.273511e+00    0.000000e+00 
	   energy              2.359058e-01    1.140550e-03    2.359058e-03 
	   displacement        4.987890e-03    4.987890e-03    4.987890e-09 
 2

 *************************************************************************
 *                                ERROR                                  *
 * 34 negative jacobians detected.                                       *
 *************************************************************************


------- failed to converge at time : 1.08717

Retrying time step. Retry attempt 3 of max 20


AUTO STEPPER: retry step, dt = 0.00166208


===== beginning time step 31 : 1.08708 =====


Reforming stiffness matrix: reformation #1

 1
 Nonlinear solution status: time= 1.08708
	stiffness updates             = 0
	right hand side evaluations   = 2
	stiffness matrix reformations = 1
	step from line search         = 1.000000
	convergence norms :     INITIAL         CURRENT         REQUIRED
	   residual            2.398317e+03    1.059233e+00    0.000000e+00 
	   energy              2.132337e-01    1.105616e-03    2.132337e-03 
	   displacement        4.467254e-03    4.467254e-03    4.467254e-09 
 2

 *************************************************************************
 *                                ERROR                                  *
 * 30 negative jacobians detected.                                       *
 *************************************************************************


------- failed to converge at time : 1.08708

Retrying time step. Retry attempt 4 of max 20


AUTO STEPPER: retry step, dt = 0.00156974


===== beginning time step 31 : 1.08699 =====


Reforming stiffness matrix: reformation #1

 1
 Nonlinear solution status: time= 1.08699
	stiffness updates             = 0
	right hand side evaluations   = 2
	stiffness matrix reformations = 1
	step from line search         = 1.000000
	convergence norms :     INITIAL         CURRENT         REQUIRED
	   residual            2.130935e+03    8.848320e-01    0.000000e+00 
	   energy              1.918212e-01    1.077592e-03    1.918212e-03 
	   displacement        3.976011e-03    3.976011e-03    3.976011e-09 
 2

 *************************************************************************
 *                                ERROR                                  *
 * 23 negative jacobians detected.                                       *
 *************************************************************************


------- failed to converge at time : 1.08699

Retrying time step. Retry attempt 5 of max 20


AUTO STEPPER: retry step, dt = 0.0014774


===== beginning time step 31 : 1.08689 =====


Reforming stiffness matrix: reformation #1

 1
 Nonlinear solution status: time= 1.08689
	stiffness updates             = 0
	right hand side evaluations   = 2
	stiffness matrix reformations = 1
	step from line search         = 1.000000
	convergence norms :     INITIAL         CURRENT         REQUIRED
	   residual            1.879372e+03    7.407771e-01    0.000000e+00 
	   energy              1.716685e-01    1.055781e-03    1.716685e-03 
	   displacement        3.514046e-03    3.514046e-03    3.514046e-09 
 2

 *************************************************************************
 *                                ERROR                                  *
 * 20 negative jacobians detected.                                       *
 *************************************************************************


------- failed to converge at time : 1.08689

Retrying time step. Retry attempt 6 of max 20


AUTO STEPPER: retry step, dt = 0.00138507


===== beginning time step 31 : 1.0868 =====


Reforming stiffness matrix: reformation #1

 1
 Nonlinear solution status: time= 1.0868
	stiffness updates             = 0
	right hand side evaluations   = 2
	stiffness matrix reformations = 1
	step from line search         = 1.000000
	convergence norms :     INITIAL         CURRENT         REQUIRED
	   residual            1.643630e+03    6.202260e-01    0.000000e+00 
	   energy              1.527757e-01    1.039731e-03    1.527757e-03 
	   displacement        3.081247e-03    3.081247e-03    3.081247e-09 
 2

 *************************************************************************
 *                                ERROR                                  *
 * 19 negative jacobians detected.                                       *
 *************************************************************************


------- failed to converge at time : 1.0868

Retrying time step. Retry attempt 7 of max 20


AUTO STEPPER: retry step, dt = 0.00129273


===== beginning time step 31 : 1.08671 =====


Reforming stiffness matrix: reformation #1

 1
 Nonlinear solution status: time= 1.08671
	stiffness updates             = 0
	right hand side evaluations   = 2
	stiffness matrix reformations = 1
	step from line search         = 1.000000
	convergence norms :     INITIAL         CURRENT         REQUIRED
	   residual            1.423711e+03    5.183336e-01    0.000000e+00 
	   energy              1.351432e-01    1.029204e-03    1.351432e-03 
	   displacement        2.677508e-03    2.677508e-03    2.677508e-09 
 2

 *************************************************************************
 *                                ERROR                                  *
 * 17 negative jacobians detected.                                       *
 *************************************************************************


------- failed to converge at time : 1.08671

Retrying time step. Retry attempt 8 of max 20


AUTO STEPPER: retry step, dt = 0.00120039


===== beginning time step 31 : 1.08662 =====


Reforming stiffness matrix: reformation #1

 1
 Nonlinear solution status: time= 1.08662
	stiffness updates             = 0
	right hand side evaluations   = 2
	stiffness matrix reformations = 1
	step from line search         = 1.000000
	convergence norms :     INITIAL         CURRENT         REQUIRED
	   residual            1.226497e+03    4.301873e-01    0.000000e+00 
	   energy              1.193167e-01    1.024101e-03    1.193167e-03 
	   displacement        2.303890e-03    2.303890e-03    2.303890e-09 
 2

 *************************************************************************
 *                                ERROR                                  *
 * 15 negative jacobians detected.                                       *
 *************************************************************************


------- failed to converge at time : 1.08662

Retrying time step. Retry attempt 9 of max 20


AUTO STEPPER: retry step, dt = 0.00110805


===== beginning time step 31 : 1.08652 =====


Reforming stiffness matrix: reformation #1

 1
 Nonlinear solution status: time= 1.08652
	stiffness updates             = 0
	right hand side evaluations   = 2
	stiffness matrix reformations = 1
	step from line search         = 1.000000
	convergence norms :     INITIAL         CURRENT         REQUIRED
	   residual            1.045404e+03    3.553571e-01    0.000000e+00 
	   energy              1.047733e-01    1.024737e-03    1.047733e-03 
	   displacement        1.959025e-03    1.959025e-03    1.959025e-09 
 2

 *************************************************************************
 *                                ERROR                                  *
 * 12 negative jacobians detected.                                       *
 *************************************************************************


------- failed to converge at time : 1.08652

Retrying time step. Retry attempt 10 of max 20


AUTO STEPPER: retry step, dt = 0.00101572


===== beginning time step 31 : 1.08643 =====


Reforming stiffness matrix: reformation #1

 1
 Nonlinear solution status: time= 1.08643
	stiffness updates             = 0
	right hand side evaluations   = 2
	stiffness matrix reformations = 1
	step from line search         = 1.000000
	convergence norms :     INITIAL         CURRENT         REQUIRED
	   residual            8.788336e+02    2.931366e-01    0.000000e+00 
	   energy              9.138608e-02    1.031499e-03    9.138608e-04 
	   displacement        1.642569e-03    1.642569e-03    1.642569e-09 
 2

 *************************************************************************
 *                                ERROR                                  *
 * 8 negative jacobians detected.                                        *
 *************************************************************************


------- failed to converge at time : 1.08643

Retrying time step. Retry attempt 11 of max 20


AUTO STEPPER: retry step, dt = 0.000923378


===== beginning time step 31 : 1.08634 =====


Reforming stiffness matrix: reformation #1

 1
 Nonlinear solution status: time= 1.08634
	stiffness updates             = 0
	right hand side evaluations   = 2
	stiffness matrix reformations = 1
	step from line search         = 1.000000
	convergence norms :     INITIAL         CURRENT         REQUIRED
	   residual            7.267982e+02    2.433758e-01    0.000000e+00 
	   energy              7.915563e-02    1.045011e-03    7.915563e-04 
	   displacement        1.354473e-03    1.354473e-03    1.354473e-09 
 2

 *************************************************************************
 *                                ERROR                                  *
 * 5 negative jacobians detected.                                        *
 *************************************************************************


------- failed to converge at time : 1.08634

Retrying time step. Retry attempt 12 of max 20


AUTO STEPPER: retry step, dt = 0.00083104


===== beginning time step 31 : 1.08625 =====


Reforming stiffness matrix: reformation #1

 1
 Nonlinear solution status: time= 1.08625
	stiffness updates             = 0
	right hand side evaluations   = 2
	stiffness matrix reformations = 1
	step from line search         = 1.000000
	convergence norms :     INITIAL         CURRENT         REQUIRED
	   residual            5.893159e+02    2.068205e-01    0.000000e+00 
	   energy              6.808289e-02    1.066253e-03    6.808289e-04 
	   displacement        1.094683e-03    1.094683e-03    1.094683e-09 
 2

 *************************************************************************
 *                                ERROR                                  *
 * 4 negative jacobians detected.                                        *
 *************************************************************************


------- failed to converge at time : 1.08625

Retrying time step. Retry attempt 13 of max 20


AUTO STEPPER: retry step, dt = 0.000738702


===== beginning time step 31 : 1.08615 =====


Reforming stiffness matrix: reformation #1

 1
 Nonlinear solution status: time= 1.08615
	stiffness updates             = 0
	right hand side evaluations   = 2
	stiffness matrix reformations = 1
	step from line search         = 1.000000
	convergence norms :     INITIAL         CURRENT         REQUIRED
	   residual            4.664174e+02    1.852044e-01    0.000000e+00 
	   energy              5.816928e-02    1.096777e-03    5.816928e-04 
	   displacement        8.631372e-04    8.631372e-04    8.631372e-10 
 2

 *************************************************************************
 *                                ERROR                                  *
 * 4 negative jacobians detected.                                        *
 *************************************************************************


------- failed to converge at time : 1.08615

Retrying time step. Retry attempt 14 of max 20


AUTO STEPPER: retry step, dt = 0.000646364


===== beginning time step 31 : 1.08606 =====


Reforming stiffness matrix: reformation #1

 1
 Nonlinear solution status: time= 1.08606
	stiffness updates             = 0
	right hand side evaluations   = 2
	stiffness matrix reformations = 1
	step from line search         = 1.000000
	convergence norms :     INITIAL         CURRENT         REQUIRED
	   residual            3.581564e+02    1.816829e-01    0.000000e+00 
	   energy              4.941708e-02    1.139172e-03    4.941708e-04 
	   displacement        6.597595e-04    6.597595e-04    6.597595e-10 
 2

 *************************************************************************
 *                                ERROR                                  *
 * 2 negative jacobians detected.                                        *
 *************************************************************************


------- failed to converge at time : 1.08606

Retrying time step. Retry attempt 15 of max 20


AUTO STEPPER: retry step, dt = 0.000554027


===== beginning time step 31 : 1.08597 =====


Reforming stiffness matrix: reformation #1

 1
 Nonlinear solution status: time= 1.08597
	stiffness updates             = 0
	right hand side evaluations   = 2
	stiffness matrix reformations = 1
	step from line search         = 1.000000
	convergence norms :     INITIAL         CURRENT         REQUIRED
	   residual            2.646349e+02    2.021620e-01    0.000000e+00 
	   energy              4.183029e-02    1.198124e-03    4.183029e-04 
	   displacement        4.844462e-04    4.844462e-04    4.844462e-10 
 2
 Nonlinear solution status: time= 1.08597
	stiffness updates             = 1
	right hand side evaluations   = 4
	stiffness matrix reformations = 1
	step from line search         = 0.237572
	convergence norms :     INITIAL         CURRENT         REQUIRED
	   residual            2.646349e+02    8.500925e-02    0.000000e+00 
	   energy              4.183029e-02    7.506922e-05    4.183029e-04 
	   displacement        4.844462e-04    2.158256e-06    4.613712e-10 
 3

 *************************************************************************
 *                                ERROR                                  *
 * 2 negative jacobians detected.                                        *
 *************************************************************************


------- failed to converge at time : 1.08597

Retrying time step. Retry attempt 16 of max 20


AUTO STEPPER: retry step, dt = 0.000461689


===== beginning time step 31 : 1.08588 =====


Reforming stiffness matrix: reformation #1

 1
 Nonlinear solution status: time= 1.08588
	stiffness updates             = 0
	right hand side evaluations   = 2
	stiffness matrix reformations = 1
	step from line search         = 1.000000
	convergence norms :     INITIAL         CURRENT         REQUIRED
	   residual            1.860660e+02    2.591276e-01    0.000000e+00 
	   energy              3.541670e-02    1.283027e-03    3.541670e-04 
	   displacement        3.370539e-04    3.370539e-04    3.370539e-10 
 2
 Nonlinear solution status: time= 1.08588
	stiffness updates             = 1
	right hand side evaluations   = 3
	stiffness matrix reformations = 1
	step from line search         = 1.000000
	convergence norms :     INITIAL         CURRENT         REQUIRED
	   residual            1.860660e+02    4.088938e-01    0.000000e+00 
	   energy              3.541670e-02    4.395365e-04    3.541670e-04 
	   displacement        3.370539e-04    2.195932e-05    2.842655e-10 
 3

 *************************************************************************
 *                                ERROR                                  *
 * 4 negative jacobians detected.                                        *
 *************************************************************************


------- failed to converge at time : 1.08588

Retrying time step. Retry attempt 17 of max 20


AUTO STEPPER: retry step, dt = 0.000369351


===== beginning time step 31 : 1.08579 =====


Reforming stiffness matrix: reformation #1

 1
 Nonlinear solution status: time= 1.08579
	stiffness updates             = 0
	right hand side evaluations   = 2
	stiffness matrix reformations = 1
	step from line search         = 1.000000
	convergence norms :     INITIAL         CURRENT         REQUIRED
	   residual            1.229584e+02    3.833634e-01    0.000000e+00 
	   energy              3.019364e-02    1.415319e-03    3.019364e-04 
	   displacement        2.173888e-04    2.173888e-04    2.173888e-10 
 2
 Nonlinear solution status: time= 1.08579
	stiffness updates             = 1
	right hand side evaluations   = 3
	stiffness matrix reformations = 1
	step from line search         = 1.000000
	convergence norms :     INITIAL         CURRENT         REQUIRED
	   residual            1.229584e+02    1.117192e-01    0.000000e+00 
	   energy              3.019364e-02    1.608434e-04    3.019364e-04 
	   displacement        2.173888e-04    1.503034e-05    1.820793e-10 
 3
 Nonlinear solution status: time= 1.08579
	stiffness updates             = 2
	right hand side evaluations   = 5
	stiffness matrix reformations = 1
	step from line search         = 0.302902
	convergence norms :     INITIAL         CURRENT         REQUIRED
	   residual            1.229584e+02    7.605587e-02    0.000000e+00 
	   energy              3.019364e-02    1.145772e-05    3.019364e-04 
	   displacement        2.173888e-04    5.096507e-07    1.820540e-10 
 4
 Nonlinear solution status: time= 1.08579
	stiffness updates             = 3
	right hand side evaluations   = 7
	stiffness matrix reformations = 1
	step from line search         = 0.632205
	convergence norms :     INITIAL         CURRENT         REQUIRED
	   residual            1.229584e+02    2.240482e-02    0.000000e+00 
	   energy              3.019364e-02    6.683051e-06    3.019364e-04 
	   displacement        2.173888e-04    4.623354e-07    1.844315e-10 
 5
 Nonlinear solution status: time= 1.08579
	stiffness updates             = 4
	right hand side evaluations   = 8
	stiffness matrix reformations = 1
	step from line search         = 1.000000
	convergence norms :     INITIAL         CURRENT         REQUIRED
	   residual            1.229584e+02    1.274829e-02    0.000000e+00 
	   energy              3.019364e-02    8.591174e-06    3.019364e-04 
	   displacement        2.173888e-04    5.830807e-07    1.860613e-10 
 6
 Nonlinear solution status: time= 1.08579
	stiffness updates             = 5
	right hand side evaluations   = 9
	stiffness matrix reformations = 1
	step from line search         = 1.000000
	convergence norms :     INITIAL         CURRENT         REQUIRED
	   residual            1.229584e+02    5.438543e-03    0.000000e+00 
	   energy              3.019364e-02    1.343846e-07    3.019364e-04 
	   displacement        2.173888e-04    1.034230e-07    1.852589e-10 
 7
 Nonlinear solution status: time= 1.08579
	stiffness updates             = 6
	right hand side evaluations   = 10
	stiffness matrix reformations = 1
	step from line search         = 1.000000
	convergence norms :     INITIAL         CURRENT         REQUIRED
	   residual            1.229584e+02    9.015641e-04    0.000000e+00 
	   energy              3.019364e-02    1.838977e-07    3.019364e-04 
	   displacement        2.173888e-04    3.343904e-09    1.850276e-10 
 8
 Nonlinear solution status: time= 1.08579
	stiffness updates             = 7
	right hand side evaluations   = 11
	stiffness matrix reformations = 1
	step from line search         = 1.000000
	convergence norms :     INITIAL         CURRENT         REQUIRED
	   residual            1.229584e+02    7.531885e-05    0.000000e+00 
	   energy              3.019364e-02    1.223522e-07    3.019364e-04 
	   displacement        2.173888e-04    7.238389e-09    1.850384e-10 
 9
 Nonlinear solution status: time= 1.08579
	stiffness updates             = 8
	right hand side evaluations   = 12
	stiffness matrix reformations = 1
	step from line search         = 1.000000
	convergence norms :     INITIAL         CURRENT         REQUIRED
	   residual            1.229584e+02    8.930899e-04    0.000000e+00 
	   energy              3.019364e-02    1.219136e-07    3.019364e-04 
	   displacement        2.173888e-04    1.245147e-08    1.851629e-10 
 10
 Nonlinear solution status: time= 1.08579
	stiffness updates             = 9
	right hand side evaluations   = 13
	stiffness matrix reformations = 1
	step from line search         = 1.000000
	convergence norms :     INITIAL         CURRENT         REQUIRED
	   residual            1.229584e+02    1.052134e-04    0.000000e+00 
	   energy              3.019364e-02    2.028972e-08    3.019364e-04 
	   displacement        2.173888e-04    6.585075e-10    1.852072e-10 

 *************************************************************************
 *                               WARNING                                 *
 * Max nr of iterations reached.                                         *
 * Stiffness matrix will now be reformed.                                *
 *************************************************************************
Reforming stiffness matrix: reformation #2

 11
 Nonlinear solution status: time= 1.08579
	stiffness updates             = 0
	right hand side evaluations   = 14
	stiffness matrix reformations = 2
	step from line search         = 1.000000
	convergence norms :     INITIAL         CURRENT         REQUIRED
	   residual            1.229584e+02    4.066044e-05    0.000000e+00 
	   energy              3.019364e-02    2.954453e-08    3.019364e-04 
	   displacement        2.173888e-04    9.764193e-09    1.852569e-10 
 12
 Nonlinear solution status: time= 1.08579
	stiffness updates             = 1
	right hand side evaluations   = 15
	stiffness matrix reformations = 2
	step from line search         = 1.000000
	convergence norms :     INITIAL         CURRENT         REQUIRED
	   residual            1.229584e+02    9.262408e-07    0.000000e+00 
	   energy              3.019364e-02    6.059559e-09    3.019364e-04 
	   displacement        2.173888e-04    9.851250e-10    1.852862e-10 
 13
 Nonlinear solution status: time= 1.08579
	stiffness updates             = 2
	right hand side evaluations   = 16
	stiffness matrix reformations = 2
	step from line search         = 1.000000
	convergence norms :     INITIAL         CURRENT         REQUIRED
	   residual            1.229584e+02    4.417617e-06    0.000000e+00 
	   energy              3.019364e-02    6.198239e-11    3.019364e-04 
	   displacement        2.173888e-04    6.483296e-10    1.853017e-10 
 14
 Nonlinear solution status: time= 1.08579
	stiffness updates             = 3
	right hand side evaluations   = 17
	stiffness matrix reformations = 2
	step from line search         = 1.000000
	convergence norms :     INITIAL         CURRENT         REQUIRED
	   residual            1.229584e+02    4.204269e-07    0.000000e+00 
	   energy              3.019364e-02    3.235229e-10    3.019364e-04 
	   displacement        2.173888e-04    1.514978e-11    1.853009e-10 

convergence summary
    number of iterations   : 14
    number of reformations : 2

------- converged at time : 1.08579


AUTO STEPPER: decreasing time step, dt = 0.000327395


===== beginning time step 32 : 1.08611 =====


Reforming stiffness matrix: reformation #1

 1
 Nonlinear solution status: time= 1.08611
	stiffness updates             = 0
	right hand side evaluations   = 2
	stiffness matrix reformations = 1
	step from line search         = 1.000000
	convergence norms :     INITIAL         CURRENT         REQUIRED
	   residual            9.943270e+01    5.377785e-01    0.000000e+00 
	   energy              2.868259e-02    1.533552e-03    2.868259e-04 
	   displacement        1.759339e-04    1.759339e-04    1.759339e-10 
 2

 *************************************************************************
 *                                ERROR                                  *
 * Negative jacobian detected.                                           *
 *************************************************************************


------- failed to converge at time : 1.08611

Retrying time step. Retry attempt 1 of max 20


AUTO STEPPER: retry step, dt = 0.000311804


===== beginning time step 32 : 1.0861 =====


Reforming stiffness matrix: reformation #1

 1
 Nonlinear solution status: time= 1.0861
	stiffness updates             = 0
	right hand side evaluations   = 2
	stiffness matrix reformations = 1
	step from line search         = 1.000000
	convergence norms :     INITIAL         CURRENT         REQUIRED
	   residual            9.178661e+01    5.775611e-01    0.000000e+00 
	   energy              2.801738e-02    1.573799e-03    2.801738e-04 
	   displacement        1.601997e-04    1.601997e-04    1.601997e-10 
 2
 Nonlinear solution status: time= 1.0861
	stiffness updates             = 1
	right hand side evaluations   = 4
	stiffness matrix reformations = 1
	step from line search         = 0.323731
	convergence norms :     INITIAL         CURRENT         REQUIRED
	   residual            9.178661e+01    2.083044e-01    0.000000e+00 
	   energy              2.801738e-02    1.608825e-04    2.801738e-04 
	   displacement        1.601997e-04    2.101622e-06    1.487700e-10 
 3

 *************************************************************************
 *                                ERROR                                  *
 * Negative jacobian detected.                                           *
 *************************************************************************


------- failed to converge at time : 1.0861

Retrying time step. Retry attempt 2 of max 20


AUTO STEPPER: retry step, dt = 0.000296214


===== beginning time step 32 : 1.08608 =====


Reforming stiffness matrix: reformation #1

 1
 Nonlinear solution status: time= 1.08608
	stiffness updates             = 0
	right hand side evaluations   = 2
	stiffness matrix reformations = 1
	step from line search         = 1.000000
	convergence norms :     INITIAL         CURRENT         REQUIRED
	   residual            8.467818e+01    6.269684e-01    0.000000e+00 
	   energy              2.738920e-02    1.619488e-03    2.738920e-04 
	   displacement        1.452656e-04    1.452656e-04    1.452656e-10 
 2
 Nonlinear solution status: time= 1.08608
	stiffness updates             = 1
	right hand side evaluations   = 3
	stiffness matrix reformations = 1
	step from line search         = 1.000000
	convergence norms :     INITIAL         CURRENT         REQUIRED
	   residual            8.467818e+01    8.287983e+00    0.000000e+00 
	   energy              2.738920e-02    8.599809e-04    2.738920e-04 
	   displacement        1.452656e-04    1.670297e-05    1.236802e-10 
 3

 *************************************************************************
 *                                ERROR                                  *
 * 5 negative jacobians detected.                                        *
 *************************************************************************


------- failed to converge at time : 1.08608

Retrying time step. Retry attempt 3 of max 20


AUTO STEPPER: retry step, dt = 0.000280624


===== beginning time step 32 : 1.08607 =====


Reforming stiffness matrix: reformation #1

 1
 Nonlinear solution status: time= 1.08607
	stiffness updates             = 0
	right hand side evaluations   = 2
	stiffness matrix reformations = 1
	step from line search         = 1.000000
	convergence norms :     INITIAL         CURRENT         REQUIRED
	   residual            7.813620e+01    6.875489e-01    0.000000e+00 
	   energy              2.679890e-02    1.671633e-03    2.679890e-04 
	   displacement        1.311303e-04    1.311303e-04    1.311303e-10 
 2
 Nonlinear solution status: time= 1.08607
	stiffness updates             = 1
	right hand side evaluations   = 3
	stiffness matrix reformations = 1
	step from line search         = 1.000000
	convergence norms :     INITIAL         CURRENT         REQUIRED
	   residual            7.813620e+01    1.154315e+00    0.000000e+00 
	   energy              2.679890e-02    4.780477e-04    2.679890e-04 
	   displacement        1.311303e-04    1.442659e-05    1.104493e-10 
 3

 *************************************************************************
 *                                ERROR                                  *
 * 4 negative jacobians detected.                                        *
 *************************************************************************


------- failed to converge at time : 1.08607

Retrying time step. Retry attempt 4 of max 20


AUTO STEPPER: retry step, dt = 0.000265034


===== beginning time step 32 : 1.08605 =====


Reforming stiffness matrix: reformation #1

 1
 Nonlinear solution status: time= 1.08605
	stiffness updates             = 0
	right hand side evaluations   = 2
	stiffness matrix reformations = 1
	step from line search         = 1.000000
	convergence norms :     INITIAL         CURRENT         REQUIRED
	   residual            7.219817e+01    7.614250e-01    0.000000e+00 
	   energy              2.624758e-02    1.731559e-03    2.624758e-04 
	   displacement        1.177930e-04    1.177930e-04    1.177930e-10 
 2
 Nonlinear solution status: time= 1.08605
	stiffness updates             = 1
	right hand side evaluations   = 3
	stiffness matrix reformations = 1
	step from line search         = 1.000000
	convergence norms :     INITIAL         CURRENT         REQUIRED
	   residual            7.219817e+01    3.662022e-01    0.000000e+00 
	   energy              2.624758e-02    3.179759e-04    2.624758e-04 
	   displacement        1.177930e-04    1.284628e-05    9.841024e-11 
 3

 *************************************************************************
 *                                ERROR                                  *
 * 2 negative jacobians detected.                                        *
 *************************************************************************


------- failed to converge at time : 1.08605

Retrying time step. Retry attempt 5 of max 20


AUTO STEPPER: retry step, dt = 0.000249444


===== beginning time step 32 : 1.08604 =====


Reforming stiffness matrix: reformation #1

 1
 Nonlinear solution status: time= 1.08604
	stiffness updates             = 0
	right hand side evaluations   = 2
	stiffness matrix reformations = 1
	step from line search         = 1.000000
	convergence norms :     INITIAL         CURRENT         REQUIRED
	   residual            6.691365e+01    8.514957e-01    0.000000e+00 
	   energy              2.573670e-02    1.801017e-03    2.573670e-04 
	   displacement        1.052533e-04    1.052533e-04    1.052533e-10 
 2
 Nonlinear solution status: time= 1.08604
	stiffness updates             = 1
	right hand side evaluations   = 3
	stiffness matrix reformations = 1
	step from line search         = 1.000000
	convergence norms :     INITIAL         CURRENT         REQUIRED
	   residual            6.691365e+01    2.217592e-01    0.000000e+00 
	   energy              2.573670e-02    2.386827e-04    2.573670e-04 
	   displacement        1.052533e-04    1.171955e-05    8.734182e-11 
 3

 *************************************************************************
 *                                ERROR                                  *
 * Negative jacobian detected.                                           *
 *************************************************************************


------- failed to converge at time : 1.08604

Retrying time step. Retry attempt 6 of max 20


AUTO STEPPER: retry step, dt = 0.000233853


===== beginning time step 32 : 1.08602 =====


Reforming stiffness matrix: reformation #1

 1
 Nonlinear solution status: time= 1.08602
	stiffness updates             = 0
	right hand side evaluations   = 2
	stiffness matrix reformations = 1
	step from line search         = 1.000000
	convergence norms :     INITIAL         CURRENT         REQUIRED
	   residual            6.234920e+01    9.617391e-01    0.000000e+00 
	   energy              2.526813e-02    1.882339e-03    2.526813e-04 
	   displacement        9.351185e-05    9.351185e-05    9.351185e-11 
 2
 Nonlinear solution status: time= 1.08602
	stiffness updates             = 1
	right hand side evaluations   = 3
	stiffness matrix reformations = 1
	step from line search         = 1.000000
	convergence norms :     INITIAL         CURRENT         REQUIRED
	   residual            6.234920e+01    1.941321e-01    0.000000e+00 
	   energy              2.526813e-02    2.002811e-04    2.526813e-04 
	   displacement        9.351185e-05    1.089273e-05    7.710646e-11 
 3
 Nonlinear solution status: time= 1.08602
	stiffness updates             = 2
	right hand side evaluations   = 5
	stiffness matrix reformations = 1
	step from line search         = 0.320059
	convergence norms :     INITIAL         CURRENT         REQUIRED
	   residual            6.234920e+01    1.320080e-01    0.000000e+00 
	   energy              2.526813e-02    1.888480e-05    2.526813e-04 
	   displacement        9.351185e-05    4.400215e-07    7.601252e-11 
 4
 Nonlinear solution status: time= 1.08602
	stiffness updates             = 3
	right hand side evaluations   = 6
	stiffness matrix reformations = 1
	step from line search         = 1.000000
	convergence norms :     INITIAL         CURRENT         REQUIRED
	   residual            6.234920e+01    1.745458e-01    0.000000e+00 
	   energy              2.526813e-02    7.438862e-05    2.526813e-04 
	   displacement        9.351185e-05    7.313307e-07    7.419833e-11 
 5
 Nonlinear solution status: time= 1.08602
	stiffness updates             = 4
	right hand side evaluations   = 7
	stiffness matrix reformations = 1
	step from line search         = 1.000000
	convergence norms :     INITIAL         CURRENT         REQUIRED
	   residual            6.234920e+01    4.500196e-02    0.000000e+00 
	   energy              2.526813e-02    2.141764e-05    2.526813e-04 
	   displacement        9.351185e-05    9.083100e-07    7.458495e-11 
 6
 Nonlinear solution status: time= 1.08602
	stiffness updates             = 5
	right hand side evaluations   = 8
	stiffness matrix reformations = 1
	step from line search         = 1.000000
	convergence norms :     INITIAL         CURRENT         REQUIRED
	   residual            6.234920e+01    9.843619e-02    0.000000e+00 
	   energy              2.526813e-02    3.636940e-05    2.526813e-04 
	   displacement        9.351185e-05    4.128961e-07    7.655528e-11 
 7
 Nonlinear solution status: time= 1.08602
	stiffness updates             = 6
	right hand side evaluations   = 9
	stiffness matrix reformations = 1
	step from line search         = 1.000000
	convergence norms :     INITIAL         CURRENT         REQUIRED
	   residual            6.234920e+01    3.629569e-03    0.000000e+00 
	   energy              2.526813e-02    1.376107e-06    2.526813e-04 
	   displacement        9.351185e-05    7.093749e-08    7.544570e-11 
 8
 Nonlinear solution status: time= 1.08602
	stiffness updates             = 7
	right hand side evaluations   = 10
	stiffness matrix reformations = 1
	step from line search         = 1.000000
	convergence norms :     INITIAL         CURRENT         REQUIRED
	   residual            6.234920e+01    5.931759e-04    0.000000e+00 
	   energy              2.526813e-02    2.415017e-07    2.526813e-04 
	   displacement        9.351185e-05    4.982393e-09    7.541606e-11 
 9
 Nonlinear solution status: time= 1.08602
	stiffness updates             = 8
	right hand side evaluations   = 11
	stiffness matrix reformations = 1
	step from line search         = 1.000000
	convergence norms :     INITIAL         CURRENT         REQUIRED
	   residual            6.234920e+01    7.446148e-04    0.000000e+00 
	   energy              2.526813e-02    3.869230e-08    2.526813e-04 
	   displacement        9.351185e-05    1.125018e-08    7.549559e-11 
 10
 Nonlinear solution status: time= 1.08602
	stiffness updates             = 9
	right hand side evaluations   = 12
	stiffness matrix reformations = 1
	step from line search         = 1.000000
	convergence norms :     INITIAL         CURRENT         REQUIRED
	   residual            6.234920e+01    3.851005e-04    0.000000e+00 
	   energy              2.526813e-02    6.942123e-08    2.526813e-04 
	   displacement        9.351185e-05    9.084799e-10    7.553126e-11 

 *************************************************************************
 *                               WARNING                                 *
 * Max nr of iterations reached.                                         *
 * Stiffness matrix will now be reformed.                                *
 *************************************************************************
Reforming stiffness matrix: reformation #2

 11
 Nonlinear solution status: time= 1.08602
	stiffness updates             = 0
	right hand side evaluations   = 13
	stiffness matrix reformations = 2
	step from line search         = 1.000000
	convergence norms :     INITIAL         CURRENT         REQUIRED
	   residual            6.234920e+01    4.395284e-05    0.000000e+00 
	   energy              2.526813e-02    5.384177e-08    2.526813e-04 
	   displacement        9.351185e-05    8.058495e-09    7.556122e-11 
 12
 Nonlinear solution status: time= 1.08602
	stiffness updates             = 1
	right hand side evaluations   = 14
	stiffness matrix reformations = 2
	step from line search         = 1.000000
	convergence norms :     INITIAL         CURRENT         REQUIRED
	   residual            6.234920e+01    1.700270e-06    0.000000e+00 
	   energy              2.526813e-02    7.187549e-09    2.526813e-04 
	   displacement        9.351185e-05    1.024908e-09    7.557824e-11 
 13
 Nonlinear solution status: time= 1.08602
	stiffness updates             = 2
	right hand side evaluations   = 15
	stiffness matrix reformations = 2
	step from line search         = 1.000000
	convergence norms :     INITIAL         CURRENT         REQUIRED
	   residual            6.234920e+01    7.233050e-07    0.000000e+00 
	   energy              2.526813e-02    2.243161e-10    2.526813e-04 
	   displacement        9.351185e-05    1.625703e-10    7.557971e-11 
 14
 Nonlinear solution status: time= 1.08602
	stiffness updates             = 3
	right hand side evaluations   = 16
	stiffness matrix reformations = 2
	step from line search         = 1.000000
	convergence norms :     INITIAL         CURRENT         REQUIRED
	   residual            6.234920e+01    1.847618e-07    0.000000e+00 
	   energy              2.526813e-02    7.417136e-11    2.526813e-04 
	   displacement        9.351185e-05    1.621291e-12    7.558081e-11 

convergence summary
    number of iterations   : 14
    number of reformations : 2

------- converged at time : 1.08602


AUTO STEPPER: decreasing time step, dt = 0.000207289


===== beginning time step 33 : 1.08623 =====


Reforming stiffness matrix: reformation #1

 1
 Nonlinear solution status: time= 1.08623
	stiffness updates             = 0
	right hand side evaluations   = 2
	stiffness matrix reformations = 1
	step from line search         = 1.000000
	convergence norms :     INITIAL         CURRENT         REQUIRED
	   residual            5.669904e+01    1.243258e+00    0.000000e+00 
	   energy              2.487125e-02    2.083710e-03    2.487125e-04 
	   displacement        7.637377e-05    7.637377e-05    7.637377e-11 
 2
 Nonlinear solution status: time= 1.08623
	stiffness updates             = 1
	right hand side evaluations   = 3
	stiffness matrix reformations = 1
	step from line search         = 1.000000
	convergence norms :     INITIAL         CURRENT         REQUIRED
	   residual            5.669904e+01    2.869484e-01    0.000000e+00 
	   energy              2.487125e-02    2.367774e-04    2.487125e-04 
	   displacement        7.637377e-05    1.065016e-05    6.241854e-11 
 3

 *************************************************************************
 *                                ERROR                                  *
 * Negative jacobian detected.                                           *
 *************************************************************************


------- failed to converge at time : 1.08623

Retrying time step. Retry attempt 1 of max 20


AUTO STEPPER: retry step, dt = 0.000197418


===== beginning time step 33 : 1.08622 =====


Reforming stiffness matrix: reformation #1

 1
 Nonlinear solution status: time= 1.08622
	stiffness updates             = 0
	right hand side evaluations   = 2
	stiffness matrix reformations = 1
	step from line search         = 1.000000
	convergence norms :     INITIAL         CURRENT         REQUIRED
	   residual            5.530043e+01    1.363581e+00    0.000000e+00 
	   energy              2.465133e-02    2.165339e-03    2.465133e-04 
	   displacement        7.013534e-05    7.013534e-05    7.013534e-11 
 2
 Nonlinear solution status: time= 1.08622
	stiffness updates             = 1
	right hand side evaluations   = 3
	stiffness matrix reformations = 1
	step from line search         = 1.000000
	convergence norms :     INITIAL         CURRENT         REQUIRED
	   residual            5.530043e+01    2.584687e-01    0.000000e+00 
	   energy              2.465133e-02    2.064953e-04    2.465133e-04 
	   displacement        7.013534e-05    1.020869e-05    5.690291e-11 
 3

 *************************************************************************
 *                                ERROR                                  *
 * Negative jacobian detected.                                           *
 *************************************************************************


------- failed to converge at time : 1.08622

Retrying time step. Retry attempt 2 of max 20


AUTO STEPPER: retry step, dt = 0.000187547


===== beginning time step 33 : 1.08621 =====


Reforming stiffness matrix: reformation #1

 1
 Nonlinear solution status: time= 1.08621
	stiffness updates             = 0
	right hand side evaluations   = 2
	stiffness matrix reformations = 1
	step from line search         = 1.000000
	convergence norms :     INITIAL         CURRENT         REQUIRED
	   residual            5.438507e+01    1.504108e+00    0.000000e+00 
	   energy              2.445368e-02    2.258298e-03    2.445368e-04 
	   displacement        6.422717e-05    6.422717e-05    6.422717e-11 
 2
 Nonlinear solution status: time= 1.08621
	stiffness updates             = 1
	right hand side evaluations   = 3
	stiffness matrix reformations = 1
	step from line search         = 1.000000
	convergence norms :     INITIAL         CURRENT         REQUIRED
	   residual            5.438507e+01    2.641805e-01    0.000000e+00 
	   energy              2.445368e-02    1.869381e-04    2.445368e-04 
	   displacement        6.422717e-05    9.859867e-06    5.169048e-11 
 3
 Nonlinear solution status: time= 1.08621
	stiffness updates             = 2
	right hand side evaluations   = 4
	stiffness matrix reformations = 1
	step from line search         = 1.000000
	convergence norms :     INITIAL         CURRENT         REQUIRED
	   residual            5.438507e+01    1.369303e-01    0.000000e+00 
	   energy              2.445368e-02    9.227352e-05    2.445368e-04 
	   displacement        6.422717e-05    1.386100e-06    4.877734e-11 
 4
 Nonlinear solution status: time= 1.08621
	stiffness updates             = 3
	right hand side evaluations   = 6
	stiffness matrix reformations = 1
	step from line search         = 0.558399
	convergence norms :     INITIAL         CURRENT         REQUIRED
	   residual            5.438507e+01    1.699232e-01    0.000000e+00 
	   energy              2.445368e-02    1.814925e-05    2.445368e-04 
	   displacement        6.422717e-05    7.954794e-07    4.695959e-11 
 5
 Nonlinear solution status: time= 1.08621
	stiffness updates             = 4
	right hand side evaluations   = 7
	stiffness matrix reformations = 1
	step from line search         = 1.000000
	convergence norms :     INITIAL         CURRENT         REQUIRED
	   residual            5.438507e+01    4.914496e-02    0.000000e+00 
	   energy              2.445368e-02    3.479881e-05    2.445368e-04 
	   displacement        6.422717e-05    3.238117e-07    4.919070e-11 
 6
 Nonlinear solution status: time= 1.08621
	stiffness updates             = 5
	right hand side evaluations   = 8
	stiffness matrix reformations = 1
	step from line search         = 1.000000
	convergence norms :     INITIAL         CURRENT         REQUIRED
	   residual            5.438507e+01    4.718673e-02    0.000000e+00 
	   energy              2.445368e-02    1.155663e-05    2.445368e-04 
	   displacement        6.422717e-05    3.285762e-07    5.017269e-11 
 7
 Nonlinear solution status: time= 1.08621
	stiffness updates             = 6
	right hand side evaluations   = 9
	stiffness matrix reformations = 1
	step from line search         = 1.000000
	convergence norms :     INITIAL         CURRENT         REQUIRED
	   residual            5.438507e+01    7.409981e-03    0.000000e+00 
	   energy              2.445368e-02    2.288911e-07    2.445368e-04 
	   displacement        6.422717e-05    4.823802e-08    4.900221e-11 
 8
 Nonlinear solution status: time= 1.08621
	stiffness updates             = 7
	right hand side evaluations   = 10
	stiffness matrix reformations = 1
	step from line search         = 1.000000
	convergence norms :     INITIAL         CURRENT         REQUIRED
	   residual            5.438507e+01    7.525845e-04    0.000000e+00 
	   energy              2.445368e-02    3.644064e-07    2.445368e-04 
	   displacement        6.422717e-05    4.584489e-09    4.905864e-11 
 9
 Nonlinear solution status: time= 1.08621
	stiffness updates             = 8
	right hand side evaluations   = 11
	stiffness matrix reformations = 1
	step from line search         = 1.000000
	convergence norms :     INITIAL         CURRENT         REQUIRED
	   residual            5.438507e+01    2.065807e-04    0.000000e+00 
	   energy              2.445368e-02    6.239052e-09    2.445368e-04 
	   displacement        6.422717e-05    3.271230e-09    4.917793e-11 
 10
 Nonlinear solution status: time= 1.08621
	stiffness updates             = 9
	right hand side evaluations   = 12
	stiffness matrix reformations = 1
	step from line search         = 1.000000
	convergence norms :     INITIAL         CURRENT         REQUIRED
	   residual            5.438507e+01    1.101051e-04    0.000000e+00 
	   energy              2.445368e-02    2.320127e-08    2.445368e-04 
	   displacement        6.422717e-05    1.838935e-10    4.917485e-11 

 *************************************************************************
 *                               WARNING                                 *
 * Max nr of iterations reached.                                         *
 * Stiffness matrix will now be reformed.                                *
 *************************************************************************
Reforming stiffness matrix: reformation #2

 11
 Nonlinear solution status: time= 1.08621
	stiffness updates             = 0
	right hand side evaluations   = 13
	stiffness matrix reformations = 2
	step from line search         = 1.000000
	convergence norms :     INITIAL         CURRENT         REQUIRED
	   residual            5.438507e+01    1.707339e-05    0.000000e+00 
	   energy              2.445368e-02    3.991254e-09    2.445368e-04 
	   displacement        6.422717e-05    3.265195e-09    4.919834e-11 
 12
 Nonlinear solution status: time= 1.08621
	stiffness updates             = 1
	right hand side evaluations   = 14
	stiffness matrix reformations = 2
	step from line search         = 1.000000
	convergence norms :     INITIAL         CURRENT         REQUIRED
	   residual            5.438507e+01    5.572646e-07    0.000000e+00 
	   energy              2.445368e-02    6.109604e-10    2.445368e-04 
	   displacement        6.422717e-05    7.505762e-11    4.920021e-11 
 13
 Nonlinear solution status: time= 1.08621
	stiffness updates             = 2
	right hand side evaluations   = 15
	stiffness matrix reformations = 2
	step from line search         = 1.000000
	convergence norms :     INITIAL         CURRENT         REQUIRED
	   residual            5.438507e+01    3.544695e-08    0.000000e+00 
	   energy              2.445368e-02    3.607409e-11    2.445368e-04 
	   displacement        6.422717e-05    3.465722e-12    4.920062e-11 

convergence summary
    number of iterations   : 13
    number of reformations : 2

------- converged at time : 1.08621


AUTO STEPPER: decreasing time step, dt = 0.000172518


===== beginning time step 34 : 1.08638 =====


Reforming stiffness matrix: reformation #1

 1
 Nonlinear solution status: time= 1.08638
	stiffness updates             = 0
	right hand side evaluations   = 2
	stiffness matrix reformations = 1
	step from line search         = 1.000000
	convergence norms :     INITIAL         CURRENT         REQUIRED
	   residual            5.436837e+01    1.785788e+00    0.000000e+00 
	   energy              2.444065e-02    2.449953e-03    2.444065e-04 
	   displacement        5.642904e-05    5.642904e-05    5.642904e-11 
 2
 Nonlinear solution status: time= 1.08638
	stiffness updates             = 1
	right hand side evaluations   = 3
	stiffness matrix reformations = 1
	step from line search         = 1.000000
	convergence norms :     INITIAL         CURRENT         REQUIRED
	   residual            5.436837e+01    3.120389e-01    0.000000e+00 
	   energy              2.444065e-02    1.650466e-04    2.444065e-04 
	   displacement        5.642904e-05    9.469836e-06    4.473004e-11 
 3
 Nonlinear solution status: time= 1.08638
	stiffness updates             = 2
	right hand side evaluations   = 4
	stiffness matrix reformations = 1
	step from line search         = 1.000000
	convergence norms :     INITIAL         CURRENT         REQUIRED
	   residual            5.436837e+01    1.741228e-02    0.000000e+00 
	   energy              2.444065e-02    5.132673e-06    2.444065e-04 
	   displacement        5.642904e-05    3.620658e-07    4.121460e-11 
 4
 Nonlinear solution status: time= 1.08638
	stiffness updates             = 3
	right hand side evaluations   = 5
	stiffness matrix reformations = 1
	step from line search         = 1.000000
	convergence norms :     INITIAL         CURRENT         REQUIRED
	   residual            5.436837e+01    6.858393e-03    0.000000e+00 
	   energy              2.444065e-02    1.226740e-07    2.444065e-04 
	   displacement        5.642904e-05    9.023437e-08    4.149967e-11 
 5
 Nonlinear solution status: time= 1.08638
	stiffness updates             = 4
	right hand side evaluations   = 6
	stiffness matrix reformations = 1
	step from line search         = 1.000000
	convergence norms :     INITIAL         CURRENT         REQUIRED
	   residual            5.436837e+01    1.954807e-03    0.000000e+00 
	   energy              2.444065e-02    6.969974e-07    2.444065e-04 
	   displacement        5.642904e-05    2.584038e-08    4.195045e-11 
 6
 Nonlinear solution status: time= 1.08638
	stiffness updates             = 5
	right hand side evaluations   = 7
	stiffness matrix reformations = 1
	step from line search         = 1.000000
	convergence norms :     INITIAL         CURRENT         REQUIRED
	   residual            5.436837e+01    9.202730e-05    0.000000e+00 
	   energy              2.444065e-02    7.640482e-08    2.444065e-04 
	   displacement        5.642904e-05    6.859585e-09    4.208172e-11 
 7
 Nonlinear solution status: time= 1.08638
	stiffness updates             = 6
	right hand side evaluations   = 8
	stiffness matrix reformations = 1
	step from line search         = 1.000000
	convergence norms :     INITIAL         CURRENT         REQUIRED
	   residual            5.436837e+01    7.840746e-05    0.000000e+00 
	   energy              2.444065e-02    6.757058e-09    2.444065e-04 
	   displacement        5.642904e-05    1.233661e-09    4.203977e-11 
 8
 Nonlinear solution status: time= 1.08638
	stiffness updates             = 7
	right hand side evaluations   = 9
	stiffness matrix reformations = 1
	step from line search         = 1.000000
	convergence norms :     INITIAL         CURRENT         REQUIRED
	   residual            5.436837e+01    8.295754e-06    0.000000e+00 
	   energy              2.444065e-02    7.598342e-09    2.444065e-04 
	   displacement        5.642904e-05    7.062651e-11    4.203050e-11 
 9
 Nonlinear solution status: time= 1.08638
	stiffness updates             = 8
	right hand side evaluations   = 10
	stiffness matrix reformations = 1
	step from line search         = 1.000000
	convergence norms :     INITIAL         CURRENT         REQUIRED
	   residual            5.436837e+01    9.824388e-07    0.000000e+00 
	   energy              2.444065e-02    6.449475e-10    2.444065e-04 
	   displacement        5.642904e-05    4.537715e-11    4.204687e-11 
 10
 Nonlinear solution status: time= 1.08638
	stiffness updates             = 9
	right hand side evaluations   = 11
	stiffness matrix reformations = 1
	step from line search         = 1.000000
	convergence norms :     INITIAL         CURRENT         REQUIRED
	   residual            5.436837e+01    4.221244e-07    0.000000e+00 
	   energy              2.444065e-02    1.832077e-10    2.444065e-04 
	   displacement        5.642904e-05    4.794589e-12    4.204676e-11 

convergence summary
    number of iterations   : 10
    number of reformations : 1

------- converged at time : 1.08638


AUTO STEPPER: increasing time step, dt = 0.000652186


===== beginning time step 35 : 1.08703 =====


Reforming stiffness matrix: reformation #1

 1
 Nonlinear solution status: time= 1.08703
	stiffness updates             = 0
	right hand side evaluations   = 2
	stiffness matrix reformations = 1
	step from line search         = 1.000000
	convergence norms :     INITIAL         CURRENT         REQUIRED
	   residual            3.779396e+02    1.659253e-01    0.000000e+00 
	   energy              5.244321e-02    1.205528e-03    5.244321e-04 
	   displacement        7.081444e-04    7.081444e-04    7.081444e-10 
 2
 Nonlinear solution status: time= 1.08703
	stiffness updates             = 1
	right hand side evaluations   = 3
	stiffness matrix reformations = 1
	step from line search         = 1.000000
	convergence norms :     INITIAL         CURRENT         REQUIRED
	   residual            3.779396e+02    4.170571e-01    0.000000e+00 
	   energy              5.244321e-02    4.243707e-04    5.244321e-04 
	   displacement        7.081444e-04    3.316286e-05    5.955843e-10 
 3

 *************************************************************************
 *                                ERROR                                  *
 * 6 negative jacobians detected.                                        *
 *************************************************************************


------- failed to converge at time : 1.08703

Retrying time step. Retry attempt 1 of max 20


AUTO STEPPER: retry step, dt = 0.00062113


===== beginning time step 35 : 1.087 =====


Reforming stiffness matrix: reformation #1

 1
 Nonlinear solution status: time= 1.087
	stiffness updates             = 0
	right hand side evaluations   = 2
	stiffness matrix reformations = 1
	step from line search         = 1.000000
	convergence norms :     INITIAL         CURRENT         REQUIRED
	   residual            3.425892e+02    1.775787e-01    0.000000e+00 
	   energy              4.955696e-02    1.222183e-03    4.955696e-04 
	   displacement        6.420535e-04    6.420535e-04    6.420535e-10 
 2
 Nonlinear solution status: time= 1.087
	stiffness updates             = 1
	right hand side evaluations   = 3
	stiffness matrix reformations = 1
	step from line search         = 1.000000
	convergence norms :     INITIAL         CURRENT         REQUIRED
	   residual            3.425892e+02    3.492471e-01    0.000000e+00 
	   energy              4.955696e-02    3.821205e-04    4.955696e-04 
	   displacement        6.420535e-04    3.099895e-05    5.400314e-10 
 3

 *************************************************************************
 *                                ERROR                                  *
 * 6 negative jacobians detected.                                        *
 *************************************************************************


------- failed to converge at time : 1.087

Retrying time step. Retry attempt 2 of max 20


AUTO STEPPER: retry step, dt = 0.000590073


===== beginning time step 35 : 1.08697 =====


Reforming stiffness matrix: reformation #1

 1
 Nonlinear solution status: time= 1.08697
	stiffness updates             = 0
	right hand side evaluations   = 2
	stiffness matrix reformations = 1
	step from line search         = 1.000000
	convergence norms :     INITIAL         CURRENT         REQUIRED
	   residual            3.090435e+02    1.911929e-01    0.000000e+00 
	   energy              4.681457e-02    1.241018e-03    4.681457e-04 
	   displacement        5.793083e-04    5.793083e-04    5.793083e-10 
 2
 Nonlinear solution status: time= 1.08697
	stiffness updates             = 1
	right hand side evaluations   = 3
	stiffness matrix reformations = 1
	step from line search         = 1.000000
	convergence norms :     INITIAL         CURRENT         REQUIRED
	   residual            3.090435e+02    2.927722e-01    0.000000e+00 
	   energy              4.681457e-02    3.415179e-04    4.681457e-04 
	   displacement        5.793083e-04    2.887536e-05    4.872631e-10 
 3

 *************************************************************************
 *                                ERROR                                  *
 * 6 negative jacobians detected.                                        *
 *************************************************************************


------- failed to converge at time : 1.08697

Retrying time step. Retry attempt 3 of max 20


AUTO STEPPER: retry step, dt = 0.000559017


===== beginning time step 35 : 1.08694 =====


Reforming stiffness matrix: reformation #1

 1
 Nonlinear solution status: time= 1.08694
	stiffness updates             = 0
	right hand side evaluations   = 2
	stiffness matrix reformations = 1
	step from line search         = 1.000000
	convergence norms :     INITIAL         CURRENT         REQUIRED
	   residual            2.773100e+02    2.072392e-01    0.000000e+00 
	   energy              4.421633e-02    1.262386e-03    4.421633e-04 
	   displacement        5.199026e-04    5.199026e-04    5.199026e-10 
 2
 Nonlinear solution status: time= 1.08694
	stiffness updates             = 1
	right hand side evaluations   = 3
	stiffness matrix reformations = 1
	step from line search         = 1.000000
	convergence norms :     INITIAL         CURRENT         REQUIRED
	   residual            2.773100e+02    2.467138e-01    0.000000e+00 
	   energy              4.421633e-02    3.032419e-04    4.421633e-04 
	   displacement        5.199026e-04    2.680104e-05    4.372760e-10 
 3

 *************************************************************************
 *                                ERROR                                  *
 * 6 negative jacobians detected.                                        *
 *************************************************************************


------- failed to converge at time : 1.08694

Retrying time step. Retry attempt 4 of max 20


AUTO STEPPER: retry step, dt = 0.00052796


===== beginning time step 35 : 1.08691 =====


Reforming stiffness matrix: reformation #1

 1
 Nonlinear solution status: time= 1.08691
	stiffness updates             = 0
	right hand side evaluations   = 2
	stiffness matrix reformations = 1
	step from line search         = 1.000000
	convergence norms :     INITIAL         CURRENT         REQUIRED
	   residual            2.473987e+02    2.263356e-01    0.000000e+00 
	   energy              4.176260e-02    1.286737e-03    4.176260e-04 
	   displacement        4.638298e-04    4.638298e-04    4.638298e-10 
 2
 Nonlinear solution status: time= 1.08691
	stiffness updates             = 1
	right hand side evaluations   = 3
	stiffness matrix reformations = 1
	step from line search         = 1.000000
	convergence norms :     INITIAL         CURRENT         REQUIRED
	   residual            2.473987e+02    2.097435e-01    0.000000e+00 
	   energy              4.176260e-02    2.680361e-04    4.176260e-04 
	   displacement        4.638298e-04    2.478581e-05    3.900665e-10 
 3

 *************************************************************************
 *                                ERROR                                  *
 * 4 negative jacobians detected.                                        *
 *************************************************************************


------- failed to converge at time : 1.08691

Retrying time step. Retry attempt 5 of max 20


AUTO STEPPER: retry step, dt = 0.000496904


===== beginning time step 35 : 1.08688 =====


Reforming stiffness matrix: reformation #1

 1
 Nonlinear solution status: time= 1.08688
	stiffness updates             = 0
	right hand side evaluations   = 2
	stiffness matrix reformations = 1
	step from line search         = 1.000000
	convergence norms :     INITIAL         CURRENT         REQUIRED
	   residual            2.193224e+02    2.493036e-01    0.000000e+00 
	   energy              3.945387e-02    1.314648e-03    3.945387e-04 
	   displacement        4.110823e-04    4.110823e-04    4.110823e-10 
 2
 Nonlinear solution status: time= 1.08688
	stiffness updates             = 1
	right hand side evaluations   = 3
	stiffness matrix reformations = 1
	step from line search         = 1.000000
	convergence norms :     INITIAL         CURRENT         REQUIRED
	   residual            2.193224e+02    1.803265e-01    0.000000e+00 
	   energy              3.945387e-02    2.367143e-04    3.945387e-04 
	   displacement        4.110823e-04    2.284011e-05    3.456306e-10 
 3

 *************************************************************************
 *                                ERROR                                  *
 * 3 negative jacobians detected.                                        *
 *************************************************************************


------- failed to converge at time : 1.08688

Retrying time step. Retry attempt 6 of max 20


AUTO STEPPER: retry step, dt = 0.000465847


===== beginning time step 35 : 1.08685 =====


Reforming stiffness matrix: reformation #1

 1
 Nonlinear solution status: time= 1.08685
	stiffness updates             = 0
	right hand side evaluations   = 2
	stiffness matrix reformations = 1
	step from line search         = 1.000000
	convergence norms :     INITIAL         CURRENT         REQUIRED
	   residual            1.930986e+02    2.772510e-01    0.000000e+00 
	   energy              3.729074e-02    1.346874e-03    3.729074e-04 
	   displacement        3.616520e-04    3.616520e-04    3.616520e-10 
 2
 Nonlinear solution status: time= 1.08685
	stiffness updates             = 1
	right hand side evaluations   = 3
	stiffness matrix reformations = 1
	step from line search         = 1.000000
	convergence norms :     INITIAL         CURRENT         REQUIRED
	   residual            1.930986e+02    1.570276e-01    0.000000e+00 
	   energy              3.729074e-02    2.101379e-04    3.729074e-04 
	   displacement        3.616520e-04    2.097470e-05    3.039638e-10 
 3

 *************************************************************************
 *                                ERROR                                  *
 * Negative jacobian detected.                                           *
 *************************************************************************


------- failed to converge at time : 1.08685

Retrying time step. Retry attempt 7 of max 20


AUTO STEPPER: retry step, dt = 0.000434791


===== beginning time step 35 : 1.08681 =====


Reforming stiffness matrix: reformation #1

 1
 Nonlinear solution status: time= 1.08681
	stiffness updates             = 0
	right hand side evaluations   = 2
	stiffness matrix reformations = 1
	step from line search         = 1.000000
	convergence norms :     INITIAL         CURRENT         REQUIRED
	   residual            1.687513e+02    3.116974e-01    0.000000e+00 
	   energy              3.527407e-02    1.384423e-03    3.527407e-04 
	   displacement        3.155301e-04    3.155301e-04    3.155301e-10 
 2
 Nonlinear solution status: time= 1.08681
	stiffness updates             = 1
	right hand side evaluations   = 3
	stiffness matrix reformations = 1
	step from line search         = 1.000000
	convergence norms :     INITIAL         CURRENT         REQUIRED
	   residual            1.687513e+02    1.389393e-01    0.000000e+00 
	   energy              3.527407e-02    1.891365e-04    3.527407e-04 
	   displacement        3.155301e-04    1.920031e-05    2.650598e-10 
 3

 *************************************************************************
 *                                ERROR                                  *
 * Negative jacobian detected.                                           *
 *************************************************************************


------- failed to converge at time : 1.08681

Retrying time step. Retry attempt 8 of max 20


AUTO STEPPER: retry step, dt = 0.000403734


===== beginning time step 35 : 1.08678 =====


Reforming stiffness matrix: reformation #1

 1
 Nonlinear solution status: time= 1.08678
	stiffness updates             = 0
	right hand side evaluations   = 2
	stiffness matrix reformations = 1
	step from line search         = 1.000000
	convergence norms :     INITIAL         CURRENT         REQUIRED
	   residual            1.463138e+02    3.547681e-01    0.000000e+00 
	   energy              3.340499e-02    1.428669e-03    3.340499e-04 
	   displacement        2.727073e-04    2.727073e-04    2.727073e-10 
 2
 Nonlinear solution status: time= 1.08678
	stiffness updates             = 1
	right hand side evaluations   = 3
	stiffness matrix reformations = 1
	step from line search         = 1.000000
	convergence norms :     INITIAL         CURRENT         REQUIRED
	   residual            1.463138e+02    1.261401e-01    0.000000e+00 
	   energy              3.340499e-02    1.743494e-04    3.340499e-04 
	   displacement        2.727073e-04    1.752735e-05    2.289114e-10 
 3
 Nonlinear solution status: time= 1.08678
	stiffness updates             = 2
	right hand side evaluations   = 5
	stiffness matrix reformations = 1
	step from line search         = 0.339128
	convergence norms :     INITIAL         CURRENT         REQUIRED
	   residual            1.463138e+02    1.209874e-01    0.000000e+00 
	   energy              3.340499e-02    1.109027e-05    3.340499e-04 
	   displacement        2.727073e-04    7.025607e-07    2.288973e-10 
 4
 Nonlinear solution status: time= 1.08678
	stiffness updates             = 3
	right hand side evaluations   = 7
	stiffness matrix reformations = 1
	step from line search         = 0.603431
	convergence norms :     INITIAL         CURRENT         REQUIRED
	   residual            1.463138e+02    3.663723e-02    0.000000e+00 
	   energy              3.340499e-02    6.683259e-06    3.340499e-04 
	   displacement        2.727073e-04    5.061143e-07    2.324527e-10 
 5
 Nonlinear solution status: time= 1.08678
	stiffness updates             = 4
	right hand side evaluations   = 8
	stiffness matrix reformations = 1
	step from line search         = 1.000000
	convergence norms :     INITIAL         CURRENT         REQUIRED
	   residual            1.463138e+02    2.292081e-02    0.000000e+00 
	   energy              3.340499e-02    8.134076e-06    3.340499e-04 
	   displacement        2.727073e-04    5.022996e-07    2.350772e-10 
 6
 Nonlinear solution status: time= 1.08678
	stiffness updates             = 5
	right hand side evaluations   = 9
	stiffness matrix reformations = 1
	step from line search         = 1.000000
	convergence norms :     INITIAL         CURRENT         REQUIRED
	   residual            1.463138e+02    9.171469e-03    0.000000e+00 
	   energy              3.340499e-02    9.291509e-07    3.340499e-04 
	   displacement        2.727073e-04    8.577850e-08    2.337021e-10 
 7
 Nonlinear solution status: time= 1.08678
	stiffness updates             = 6
	right hand side evaluations   = 10
	stiffness matrix reformations = 1
	step from line search         = 1.000000
	convergence norms :     INITIAL         CURRENT         REQUIRED
	   residual            1.463138e+02    1.431211e-03    0.000000e+00 
	   energy              3.340499e-02    3.841155e-07    3.340499e-04 
	   displacement        2.727073e-04    1.675674e-08    2.333541e-10 
 8
 Nonlinear solution status: time= 1.08678
	stiffness updates             = 7
	right hand side evaluations   = 12
	stiffness matrix reformations = 1
	step from line search         = 0.505215
	convergence norms :     INITIAL         CURRENT         REQUIRED
	   residual            1.463138e+02    7.050892e-04    0.000000e+00 
	   energy              3.340499e-02    1.095004e-08    3.340499e-04 
	   displacement        2.727073e-04    1.326298e-08    2.333586e-10 
 9
 Nonlinear solution status: time= 1.08678
	stiffness updates             = 8
	right hand side evaluations   = 13
	stiffness matrix reformations = 1
	step from line search         = 1.000000
	convergence norms :     INITIAL         CURRENT         REQUIRED
	   residual            1.463138e+02    4.655075e-04    0.000000e+00 
	   energy              3.340499e-02    5.081396e-08    3.340499e-04 
	   displacement        2.727073e-04    1.188395e-09    2.335516e-10 
 10
 Nonlinear solution status: time= 1.08678
	stiffness updates             = 9
	right hand side evaluations   = 14
	stiffness matrix reformations = 1
	step from line search         = 1.000000
	convergence norms :     INITIAL         CURRENT         REQUIRED
	   residual            1.463138e+02    1.806999e-04    0.000000e+00 
	   energy              3.340499e-02    2.135200e-08    3.340499e-04 
	   displacement        2.727073e-04    1.420450e-09    2.337291e-10 

 *************************************************************************
 *                               WARNING                                 *
 * Max nr of iterations reached.                                         *
 * Stiffness matrix will now be reformed.                                *
 *************************************************************************
Reforming stiffness matrix: reformation #2

 11
 Nonlinear solution status: time= 1.08678
	stiffness updates             = 0
	right hand side evaluations   = 15
	stiffness matrix reformations = 2
	step from line search         = 1.000000
	convergence norms :     INITIAL         CURRENT         REQUIRED
	   residual            1.463138e+02    2.104038e-06    0.000000e+00 
	   energy              3.340499e-02    2.449587e-09    3.340499e-04 
	   displacement        2.727073e-04    2.512862e-09    2.337170e-10 
 12
 Nonlinear solution status: time= 1.08678
	stiffness updates             = 1
	right hand side evaluations   = 16
	stiffness matrix reformations = 2
	step from line search         = 1.000000
	convergence norms :     INITIAL         CURRENT         REQUIRED
	   residual            1.463138e+02    5.194722e-08    0.000000e+00 
	   energy              3.340499e-02    6.524871e-11    3.340499e-04 
	   displacement        2.727073e-04    3.256305e-11    2.337531e-10 

convergence summary
    number of iterations   : 12
    number of reformations : 2

------- converged at time : 1.08678


AUTO STEPPER: decreasing time step, dt = 0.000386546


===== beginning time step 36 : 1.08717 =====


Reforming stiffness matrix: reformation #1

 1
 Nonlinear solution status: time= 1.08717
	stiffness updates             = 0
	right hand side evaluations   = 2
	stiffness matrix reformations = 1
	step from line search         = 1.000000
	convergence norms :     INITIAL         CURRENT         REQUIRED
	   residual            1.435929e+02    3.738148e-01    0.000000e+00 
	   energy              3.366778e-02    1.492739e-03    3.366778e-04 
	   displacement        2.559968e-04    2.559968e-04    2.559968e-10 
 2
 Nonlinear solution status: time= 1.08717
	stiffness updates             = 1
	right hand side evaluations   = 3
	stiffness matrix reformations = 1
	step from line search         = 1.000000
	convergence norms :     INITIAL         CURRENT         REQUIRED
	   residual            1.435929e+02    1.094113e-01    0.000000e+00 
	   energy              3.366778e-02    1.496602e-04    3.366778e-04 
	   displacement        2.559968e-04    1.603617e-05    2.148396e-10 
 3
 Nonlinear solution status: time= 1.08717
	stiffness updates             = 2
	right hand side evaluations   = 4
	stiffness matrix reformations = 1
	step from line search         = 1.000000
	convergence norms :     INITIAL         CURRENT         REQUIRED
	   residual            1.435929e+02    1.629509e-03    0.000000e+00 
	   energy              3.366778e-02    3.551441e-06    3.366778e-04 
	   displacement        2.559968e-04    6.641421e-07    2.173519e-10 
 4
 Nonlinear solution status: time= 1.08717
	stiffness updates             = 3
	right hand side evaluations   = 5
	stiffness matrix reformations = 1
	step from line search         = 1.000000
	convergence norms :     INITIAL         CURRENT         REQUIRED
	   residual            1.435929e+02    8.943399e-05    0.000000e+00 
	   energy              3.366778e-02    1.512972e-07    3.366778e-04 
	   displacement        2.559968e-04    2.607079e-08    2.189789e-10 
 5
 Nonlinear solution status: time= 1.08717
	stiffness updates             = 4
	right hand side evaluations   = 6
	stiffness matrix reformations = 1
	step from line search         = 1.000000
	convergence norms :     INITIAL         CURRENT         REQUIRED
	   residual            1.435929e+02    7.657544e-06    0.000000e+00 
	   energy              3.366778e-02    1.719029e-08    3.366778e-04 
	   displacement        2.559968e-04    3.061570e-09    2.192492e-10 
 6
 Nonlinear solution status: time= 1.08717
	stiffness updates             = 5
	right hand side evaluations   = 7
	stiffness matrix reformations = 1
	step from line search         = 1.000000
	convergence norms :     INITIAL         CURRENT         REQUIRED
	   residual            1.435929e+02    4.540735e-07    0.000000e+00 
	   energy              3.366778e-02    7.958265e-10    3.366778e-04 
	   displacement        2.559968e-04    3.450364e-10    2.192163e-10 
 7
 Nonlinear solution status: time= 1.08717
	stiffness updates             = 6
	right hand side evaluations   = 8
	stiffness matrix reformations = 1
	step from line search         = 1.000000
	convergence norms :     INITIAL         CURRENT         REQUIRED
	   residual            1.435929e+02    5.551275e-08    0.000000e+00 
	   energy              3.366778e-02    9.622423e-11    3.366778e-04 
	   displacement        2.559968e-04    1.731065e-11    2.191809e-10 

convergence summary
    number of iterations   : 7
    number of reformations : 1

------- converged at time : 1.08717


AUTO STEPPER: increasing time step, dt = 0.00193273


===== beginning time step 37 : 1.0891 =====


Reforming stiffness matrix: reformation #1

 1
 Nonlinear solution status: time= 1.0891
	stiffness updates             = 0
	right hand side evaluations   = 2
	stiffness matrix reformations = 1
	step from line search         = 1.000000
	convergence norms :     INITIAL         CURRENT         REQUIRED
	   residual            3.479894e+03    6.820182e-02    0.000000e+00 
	   energy              3.079308e-01    1.279416e-03    3.079308e-03 
	   displacement        6.672503e-03    6.672503e-03    6.672503e-09 
 2
 Nonlinear solution status: time= 1.0891
	stiffness updates             = 1
	right hand side evaluations   = 3
	stiffness matrix reformations = 1
	step from line search         = 1.000000
	convergence norms :     INITIAL         CURRENT         REQUIRED
	   residual            3.479894e+03    1.046019e-01    0.000000e+00 
	   energy              3.079308e-01    1.342973e-04    3.079308e-03 
	   displacement        6.672503e-03    1.456484e-04    5.578488e-09 
 3
 Nonlinear solution status: time= 1.0891
	stiffness updates             = 2
	right hand side evaluations   = 5
	stiffness matrix reformations = 1
	step from line search         = 0.159307
	convergence norms :     INITIAL         CURRENT         REQUIRED
	   residual            3.479894e+03    6.965051e-02    0.000000e+00 
	   energy              3.079308e-01    2.941029e-06    3.079308e-03 
	   displacement        6.672503e-03    7.689456e-07    5.582923e-09 
 4
 Nonlinear solution status: time= 1.0891
	stiffness updates             = 3
	right hand side evaluations   = 7
	stiffness matrix reformations = 1
	step from line search         = 0.631643
	convergence norms :     INITIAL         CURRENT         REQUIRED
	   residual            3.479894e+03    6.071463e-03    0.000000e+00 
	   energy              3.079308e-01    4.977092e-06    3.079308e-03 
	   displacement        6.672503e-03    1.341797e-05    5.803053e-09 
 5
 Nonlinear solution status: time= 1.0891
	stiffness updates             = 4
	right hand side evaluations   = 8
	stiffness matrix reformations = 1
	step from line search         = 1.000000
	convergence norms :     INITIAL         CURRENT         REQUIRED
	   residual            3.479894e+03    1.430051e-03    0.000000e+00 
	   energy              3.079308e-01    1.106592e-06    3.079308e-03 
	   displacement        6.672503e-03    5.847184e-07    5.828093e-09 
 6
 Nonlinear solution status: time= 1.0891
	stiffness updates             = 5
	right hand side evaluations   = 9
	stiffness matrix reformations = 1
	step from line search         = 1.000000
	convergence norms :     INITIAL         CURRENT         REQUIRED
	   residual            3.479894e+03    3.386929e-04    0.000000e+00 
	   energy              3.079308e-01    5.634138e-08    3.079308e-03 
	   displacement        6.672503e-03    1.225862e-07    5.816213e-09 
 7
 Nonlinear solution status: time= 1.0891
	stiffness updates             = 6
	right hand side evaluations   = 10
	stiffness matrix reformations = 1
	step from line search         = 1.000000
	convergence norms :     INITIAL         CURRENT         REQUIRED
	   residual            3.479894e+03    1.907554e-04    0.000000e+00 
	   energy              3.079308e-01    5.319459e-08    3.079308e-03 
	   displacement        6.672503e-03    2.421804e-08    5.815116e-09 
 8
 Nonlinear solution status: time= 1.0891
	stiffness updates             = 7
	right hand side evaluations   = 11
	stiffness matrix reformations = 1
	step from line search         = 1.000000
	convergence norms :     INITIAL         CURRENT         REQUIRED
	   residual            3.479894e+03    1.430128e-05    0.000000e+00 
	   energy              3.079308e-01    1.091033e-09    3.079308e-03 
	   displacement        6.672503e-03    4.251217e-09    5.817733e-09 

convergence summary
    number of iterations   : 8
    number of reformations : 1

------- converged at time : 1.0891


AUTO STEPPER: increasing time step, dt = 0.00332517


===== beginning time step 38 : 1.09243 =====


Reforming stiffness matrix: reformation #1

 1
 Nonlinear solution status: time= 1.09243
	stiffness updates             = 0
	right hand side evaluations   = 2
	stiffness matrix reformations = 1
	step from line search         = 1.000000
	convergence norms :     INITIAL         CURRENT         REQUIRED
	   residual            1.378643e+03    1.210357e+00    0.000000e+00 
	   energy              1.445045e-01    1.370221e-03    1.445045e-03 
	   displacement        1.730973e-02    1.730973e-02    1.730973e-08 
 2

 *************************************************************************
 *                                ERROR                                  *
 * 7 negative jacobians detected.                                        *
 *************************************************************************


------- failed to converge at time : 1.09243

Retrying time step. Retry attempt 1 of max 20


AUTO STEPPER: retry step, dt = 0.00316683


===== beginning time step 38 : 1.09227 =====


Reforming stiffness matrix: reformation #1

 1
 Nonlinear solution status: time= 1.09227
	stiffness updates             = 0
	right hand side evaluations   = 2
	stiffness matrix reformations = 1
	step from line search         = 1.000000
	convergence norms :     INITIAL         CURRENT         REQUIRED
	   residual            1.378675e+03    1.051141e+00    0.000000e+00 
	   energy              1.444525e-01    1.327885e-03    1.444525e-03 
	   displacement        1.592454e-02    1.592454e-02    1.592454e-08 
 2

 *************************************************************************
 *                                ERROR                                  *
 * 5 negative jacobians detected.                                        *
 *************************************************************************


------- failed to converge at time : 1.09227

Retrying time step. Retry attempt 2 of max 20


AUTO STEPPER: retry step, dt = 0.00300849


===== beginning time step 38 : 1.09211 =====


Reforming stiffness matrix: reformation #1

 1
 Nonlinear solution status: time= 1.09211
	stiffness updates             = 0
	right hand side evaluations   = 2
	stiffness matrix reformations = 1
	step from line search         = 1.000000
	convergence norms :     INITIAL         CURRENT         REQUIRED
	   residual            1.378711e+03    9.009560e-01    0.000000e+00 
	   energy              1.443923e-01    1.290767e-03    1.443923e-03 
	   displacement        1.457978e-02    1.457978e-02    1.457978e-08 
 2

 *************************************************************************
 *                                ERROR                                  *
 * 4 negative jacobians detected.                                        *
 *************************************************************************


------- failed to converge at time : 1.09211

Retrying time step. Retry attempt 3 of max 20


AUTO STEPPER: retry step, dt = 0.00285015


===== beginning time step 38 : 1.09195 =====


Reforming stiffness matrix: reformation #1

 1
 Nonlinear solution status: time= 1.09195
	stiffness updates             = 0
	right hand side evaluations   = 2
	stiffness matrix reformations = 1
	step from line search         = 1.000000
	convergence norms :     INITIAL         CURRENT         REQUIRED
	   residual            1.378752e+03    7.606120e-01    0.000000e+00 
	   energy              1.443230e-01    1.259006e-03    1.443230e-03 
	   displacement        1.327743e-02    1.327743e-02    1.327743e-08 
 2

 *************************************************************************
 *                                ERROR                                  *
 * 3 negative jacobians detected.                                        *
 *************************************************************************


------- failed to converge at time : 1.09195

Retrying time step. Retry attempt 4 of max 20


AUTO STEPPER: retry step, dt = 0.00269181


===== beginning time step 38 : 1.09179 =====


Reforming stiffness matrix: reformation #1

 1
 Nonlinear solution status: time= 1.09179
	stiffness updates             = 0
	right hand side evaluations   = 2
	stiffness matrix reformations = 1
	step from line search         = 1.000000
	convergence norms :     INITIAL         CURRENT         REQUIRED
	   residual            1.378798e+03    6.309693e-01    0.000000e+00 
	   energy              1.442435e-01    1.232776e-03    1.442435e-03 
	   displacement        1.201955e-02    1.201955e-02    1.201955e-08 
 2

 *************************************************************************
 *                                ERROR                                  *
 * 3 negative jacobians detected.                                        *
 *************************************************************************


------- failed to converge at time : 1.09179

Retrying time step. Retry attempt 5 of max 20


AUTO STEPPER: retry step, dt = 0.00253347


===== beginning time step 38 : 1.09164 =====


Reforming stiffness matrix: reformation #1

 1
 Nonlinear solution status: time= 1.09164
	stiffness updates             = 0
	right hand side evaluations   = 2
	stiffness matrix reformations = 1
	step from line search         = 1.000000
	convergence norms :     INITIAL         CURRENT         REQUIRED
	   residual            1.378850e+03    5.129332e-01    0.000000e+00 
	   energy              1.441525e-01    1.212280e-03    1.441525e-03 
	   displacement        1.080826e-02    1.080826e-02    1.080826e-08 
 2

 *************************************************************************
 *                                ERROR                                  *
 * 2 negative jacobians detected.                                        *
 *************************************************************************


------- failed to converge at time : 1.09164

Retrying time step. Retry attempt 6 of max 20


AUTO STEPPER: retry step, dt = 0.00237512


===== beginning time step 38 : 1.09148 =====


Reforming stiffness matrix: reformation #1

 1
 Nonlinear solution status: time= 1.09148
	stiffness updates             = 0
	right hand side evaluations   = 2
	stiffness matrix reformations = 1
	step from line search         = 1.000000
	convergence norms :     INITIAL         CURRENT         REQUIRED
	   residual            1.378910e+03    4.074346e-01    0.000000e+00 
	   energy              1.440485e-01    1.197755e-03    1.440485e-03 
	   displacement        9.645787e-03    9.645787e-03    9.645787e-09 
 2

 *************************************************************************
 *                                ERROR                                  *
 * Negative jacobian detected.                                           *
 *************************************************************************


------- failed to converge at time : 1.09148

Retrying time step. Retry attempt 7 of max 20


AUTO STEPPER: retry step, dt = 0.00221678


===== beginning time step 38 : 1.09132 =====


Reforming stiffness matrix: reformation #1

 1
 Nonlinear solution status: time= 1.09132
	stiffness updates             = 0
	right hand side evaluations   = 2
	stiffness matrix reformations = 1
	step from line search         = 1.000000
	convergence norms :     INITIAL         CURRENT         REQUIRED
	   residual            1.378981e+03    3.153916e-01    0.000000e+00 
	   energy              1.439295e-01    1.189458e-03    1.439295e-03 
	   displacement        8.534449e-03    8.534449e-03    8.534449e-09 
 2

 *************************************************************************
 *                                ERROR                                  *
 * Negative jacobian detected.                                           *
 *************************************************************************


------- failed to converge at time : 1.09132

Retrying time step. Retry attempt 8 of max 20


AUTO STEPPER: retry step, dt = 0.00205844


===== beginning time step 38 : 1.09116 =====


Reforming stiffness matrix: reformation #1

 1
 Nonlinear solution status: time= 1.09116
	stiffness updates             = 0
	right hand side evaluations   = 2
	stiffness matrix reformations = 1
	step from line search         = 1.000000
	convergence norms :     INITIAL         CURRENT         REQUIRED
	   residual            1.379064e+03    2.376456e-01    0.000000e+00 
	   energy              1.437933e-01    1.187657e-03    1.437933e-03 
	   displacement        7.476680e-03    7.476680e-03    7.476680e-09 
 2

 *************************************************************************
 *                                ERROR                                  *
 * Negative jacobian detected.                                           *
 *************************************************************************


------- failed to converge at time : 1.09116

Retrying time step. Retry attempt 9 of max 20


AUTO STEPPER: retry step, dt = 0.0019001


===== beginning time step 38 : 1.091 =====


Reforming stiffness matrix: reformation #1

 1
 Nonlinear solution status: time= 1.091
	stiffness updates             = 0
	right hand side evaluations   = 2
	stiffness matrix reformations = 1
	step from line search         = 1.000000
	convergence norms :     INITIAL         CURRENT         REQUIRED
	   residual            1.379164e+03    1.748636e-01    0.000000e+00 
	   energy              1.436369e-01    1.192591e-03    1.436369e-03 
	   displacement        6.475054e-03    6.475054e-03    6.475054e-09 
 2
 Nonlinear solution status: time= 1.091
	stiffness updates             = 1
	right hand side evaluations   = 4
	stiffness matrix reformations = 1
	step from line search         = 0.226456
	convergence norms :     INITIAL         CURRENT         REQUIRED
	   residual            1.379164e+03    2.893849e-02    0.000000e+00 
	   energy              1.436369e-01    4.201187e-05    1.436369e-03 
	   displacement        6.475054e-03    9.159366e-06    6.198592e-09 
 3
 Nonlinear solution status: time= 1.091
	stiffness updates             = 2
	right hand side evaluations   = 6
	stiffness matrix reformations = 1
	step from line search         = 0.351621
	convergence norms :     INITIAL         CURRENT         REQUIRED
	   residual            1.379164e+03    6.865651e-02    0.000000e+00 
	   energy              1.436369e-01    6.418257e-07    1.436369e-03 
	   displacement        6.475054e-03    2.336666e-05    5.761261e-09 
 4
 Nonlinear solution status: time= 1.091
	stiffness updates             = 3
	right hand side evaluations   = 8
	stiffness matrix reformations = 1
	step from line search         = 0.586902
	convergence norms :     INITIAL         CURRENT         REQUIRED
	   residual            1.379164e+03    1.090070e-01    0.000000e+00 
	   energy              1.436369e-01    7.347105e-06    1.436369e-03 
	   displacement        6.475054e-03    3.709678e-06    5.623209e-09 
 5
 Nonlinear solution status: time= 1.091
	stiffness updates             = 4
	right hand side evaluations   = 10
	stiffness matrix reformations = 1
	step from line search         = 0.591753
	convergence norms :     INITIAL         CURRENT         REQUIRED
	   residual            1.379164e+03    2.539877e-02    0.000000e+00 
	   energy              1.436369e-01    6.733928e-06    1.436369e-03 
	   displacement        6.475054e-03    1.687986e-06    5.541906e-09 
 6
 Nonlinear solution status: time= 1.091
	stiffness updates             = 5
	right hand side evaluations   = 11
	stiffness matrix reformations = 1
	step from line search         = 1.000000
	convergence norms :     INITIAL         CURRENT         REQUIRED
	   residual            1.379164e+03    8.734000e-03    0.000000e+00 
	   energy              1.436369e-01    1.284927e-06    1.436369e-03 
	   displacement        6.475054e-03    1.371367e-06    5.602591e-09 
 7
 Nonlinear solution status: time= 1.091
	stiffness updates             = 6
	right hand side evaluations   = 12
	stiffness matrix reformations = 1
	step from line search         = 1.000000
	convergence norms :     INITIAL         CURRENT         REQUIRED
	   residual            1.379164e+03    2.517068e-03    0.000000e+00 
	   energy              1.436369e-01    2.063501e-07    1.436369e-03 
	   displacement        6.475054e-03    2.472415e-07    5.630261e-09 
 8
 Nonlinear solution status: time= 1.091
	stiffness updates             = 7
	right hand side evaluations   = 13
	stiffness matrix reformations = 1
	step from line search         = 1.000000
	convergence norms :     INITIAL         CURRENT         REQUIRED
	   residual            1.379164e+03    6.433480e-03    0.000000e+00 
	   energy              1.436369e-01    6.153850e-07    1.436369e-03 
	   displacement        6.475054e-03    1.955828e-07    5.627272e-09 
 9
 Nonlinear solution status: time= 1.091
	stiffness updates             = 8
	right hand side evaluations   = 14
	stiffness matrix reformations = 1
	step from line search         = 1.000000
	convergence norms :     INITIAL         CURRENT         REQUIRED
	   residual            1.379164e+03    5.669734e-03    0.000000e+00 
	   energy              1.436369e-01    4.143430e-07    1.436369e-03 
	   displacement        6.475054e-03    8.030815e-08    5.612133e-09 
 10
 Nonlinear solution status: time= 1.091
	stiffness updates             = 9
	right hand side evaluations   = 15
	stiffness matrix reformations = 1
	step from line search         = 1.000000
	convergence norms :     INITIAL         CURRENT         REQUIRED
	   residual            1.379164e+03    2.867030e-03    0.000000e+00 
	   energy              1.436369e-01    3.745368e-07    1.436369e-03 
	   displacement        6.475054e-03    7.721736e-08    5.602853e-09 

 *************************************************************************
 *                               WARNING                                 *
 * Max nr of iterations reached.                                         *
 * Stiffness matrix will now be reformed.                                *
 *************************************************************************
Reforming stiffness matrix: reformation #2

 11
 Nonlinear solution status: time= 1.091
	stiffness updates             = 0
	right hand side evaluations   = 17
	stiffness matrix reformations = 2
	step from line search         = 0.126085
	convergence norms :     INITIAL         CURRENT         REQUIRED
	   residual            1.379164e+03    2.009983e-03    0.000000e+00 
	   energy              1.436369e-01    1.292424e-07    1.436369e-03 
	   displacement        6.475054e-03    3.850791e-08    5.606042e-09 
 12
 Nonlinear solution status: time= 1.091
	stiffness updates             = 1
	right hand side evaluations   = 19
	stiffness matrix reformations = 2
	step from line search         = 0.537050
	convergence norms :     INITIAL         CURRENT         REQUIRED
	   residual            1.379164e+03    6.009696e-04    0.000000e+00 
	   energy              1.436369e-01    1.410540e-08    1.436369e-03 
	   displacement        6.475054e-03    4.556587e-08    5.616229e-09 
 13
 Nonlinear solution status: time= 1.091
	stiffness updates             = 2
	right hand side evaluations   = 21
	stiffness matrix reformations = 2
	step from line search         = 0.513461
	convergence norms :     INITIAL         CURRENT         REQUIRED
	   residual            1.379164e+03    7.695482e-05    0.000000e+00 
	   energy              1.436369e-01    5.049879e-08    1.436369e-03 
	   displacement        6.475054e-03    9.667013e-09    5.620728e-09 
 14
 Nonlinear solution status: time= 1.091
	stiffness updates             = 3
	right hand side evaluations   = 22
	stiffness matrix reformations = 2
	step from line search         = 1.000000
	convergence norms :     INITIAL         CURRENT         REQUIRED
	   residual            1.379164e+03    4.099671e-05    0.000000e+00 
	   energy              1.436369e-01    6.261558e-09    1.436369e-03 
	   displacement        6.475054e-03    1.129881e-08    5.620070e-09 
 15
 Nonlinear solution status: time= 1.091
	stiffness updates             = 4
	right hand side evaluations   = 23
	stiffness matrix reformations = 2
	step from line search         = 1.000000
	convergence norms :     INITIAL         CURRENT         REQUIRED
	   residual            1.379164e+03    7.196967e-05    0.000000e+00 
	   energy              1.436369e-01    1.110018e-09    1.436369e-03 
	   displacement        6.475054e-03    3.130746e-09    5.618422e-09 

convergence summary
    number of iterations   : 15
    number of reformations : 2

------- converged at time : 1.091


AUTO STEPPER: decreasing time step, dt = 0.00162715


===== beginning time step 39 : 1.09263 =====


Reforming stiffness matrix: reformation #1

 1
 Nonlinear solution status: time= 1.09263
	stiffness updates             = 0
	right hand side evaluations   = 2
	stiffness matrix reformations = 1
	step from line search         = 1.000000
	convergence norms :     INITIAL         CURRENT         REQUIRED
	   residual            4.514253e-01    5.566624e-01    0.000000e+00 
	   energy              2.698644e-02    1.386743e-03    2.698644e-04 
	   displacement        4.362676e-03    4.362676e-03    4.362676e-09 
 2

 *************************************************************************
 *                                ERROR                                  *
 * 2 negative jacobians detected.                                        *
 *************************************************************************


------- failed to converge at time : 1.09263

Retrying time step. Retry attempt 1 of max 20


AUTO STEPPER: retry step, dt = 0.00154966


===== beginning time step 39 : 1.09255 =====


Reforming stiffness matrix: reformation #1

 1
 Nonlinear solution status: time= 1.09255
	stiffness updates             = 0
	right hand side evaluations   = 2
	stiffness matrix reformations = 1
	step from line search         = 1.000000
	convergence norms :     INITIAL         CURRENT         REQUIRED
	   residual            4.948641e-01    5.088208e-01    0.000000e+00 
	   energy              2.696913e-02    1.374693e-03    2.696913e-04 
	   displacement        3.978787e-03    3.978787e-03    3.978787e-09 
 2

 *************************************************************************
 *                                ERROR                                  *
 * 2 negative jacobians detected.                                        *
 *************************************************************************


------- failed to converge at time : 1.09255

Retrying time step. Retry attempt 2 of max 20


AUTO STEPPER: retry step, dt = 0.00147218


===== beginning time step 39 : 1.09247 =====


Reforming stiffness matrix: reformation #1

 1
 Nonlinear solution status: time= 1.09247
	stiffness updates             = 0
	right hand side evaluations   = 2
	stiffness matrix reformations = 1
	step from line search         = 1.000000
	convergence norms :     INITIAL         CURRENT         REQUIRED
	   residual            5.451973e-01    4.632895e-01    0.000000e+00 
	   energy              2.695064e-02    1.364287e-03    2.695064e-04 
	   displacement        3.610260e-03    3.610260e-03    3.610260e-09 
 2

 *************************************************************************
 *                                ERROR                                  *
 * Negative jacobian detected.                                           *
 *************************************************************************


------- failed to converge at time : 1.09247

Retrying time step. Retry attempt 3 of max 20


AUTO STEPPER: retry step, dt = 0.0013947


===== beginning time step 39 : 1.0924 =====


Reforming stiffness matrix: reformation #1

 1
 Nonlinear solution status: time= 1.0924
	stiffness updates             = 0
	right hand side evaluations   = 2
	stiffness matrix reformations = 1
	step from line search         = 1.000000
	convergence norms :     INITIAL         CURRENT         REQUIRED
	   residual            6.039827e-01    4.202838e-01    0.000000e+00 
	   energy              2.693098e-02    1.355723e-03    2.693098e-04 
	   displacement        3.257440e-03    3.257440e-03    3.257440e-09 
 2

 *************************************************************************
 *                                ERROR                                  *
 * Negative jacobian detected.                                           *
 *************************************************************************


------- failed to converge at time : 1.0924

Retrying time step. Retry attempt 4 of max 20


AUTO STEPPER: retry step, dt = 0.00131721


===== beginning time step 39 : 1.09232 =====


Reforming stiffness matrix: reformation #1

 1
 Nonlinear solution status: time= 1.09232
	stiffness updates             = 0
	right hand side evaluations   = 2
	stiffness matrix reformations = 1
	step from line search         = 1.000000
	convergence norms :     INITIAL         CURRENT         REQUIRED
	   residual            6.732462e-01    3.800550e-01    0.000000e+00 
	   energy              2.691022e-02    1.349238e-03    2.691022e-04 
	   displacement        2.920679e-03    2.920679e-03    2.920679e-09 
 2

 *************************************************************************
 *                                ERROR                                  *
 * Negative jacobian detected.                                           *
 *************************************************************************


------- failed to converge at time : 1.09232

Retrying time step. Retry attempt 5 of max 20


AUTO STEPPER: retry step, dt = 0.00123973


===== beginning time step 39 : 1.09224 =====


Reforming stiffness matrix: reformation #1

 1
 Nonlinear solution status: time= 1.09224
	stiffness updates             = 0
	right hand side evaluations   = 2
	stiffness matrix reformations = 1
	step from line search         = 1.000000
	convergence norms :     INITIAL         CURRENT         REQUIRED
	   residual            7.556620e-01    3.428987e-01    0.000000e+00 
	   energy              2.688841e-02    1.345128e-03    2.688841e-04 
	   displacement        2.600342e-03    2.600342e-03    2.600342e-09 
 2

 *************************************************************************
 *                                ERROR                                  *
 * Negative jacobian detected.                                           *
 *************************************************************************


------- failed to converge at time : 1.09224

Retrying time step. Retry attempt 6 of max 20


AUTO STEPPER: retry step, dt = 0.00116225


===== beginning time step 39 : 1.09216 =====


Reforming stiffness matrix: reformation #1

 1
 Nonlinear solution status: time= 1.09216
	stiffness updates             = 0
	right hand side evaluations   = 2
	stiffness matrix reformations = 1
	step from line search         = 1.000000
	convergence norms :     INITIAL         CURRENT         REQUIRED
	   residual            8.548194e-01    3.091692e-01    0.000000e+00 
	   energy              2.686567e-02    1.343753e-03    2.686567e-04 
	   displacement        2.296802e-03    2.296802e-03    2.296802e-09 
 2
 Nonlinear solution status: time= 1.09216
	stiffness updates             = 1
	right hand side evaluations   = 4
	stiffness matrix reformations = 1
	step from line search         = 0.151666
	convergence norms :     INITIAL         CURRENT         REQUIRED
	   residual            8.548194e-01    7.890472e-02    0.000000e+00 
	   energy              2.686567e-02    4.175493e-05    2.686567e-04 
	   displacement        2.296802e-03    2.031550e-06    2.237507e-09 
 3
 Nonlinear solution status: time= 1.09216
	stiffness updates             = 2
	right hand side evaluations   = 6
	stiffness matrix reformations = 1
	step from line search         = 0.421222
	convergence norms :     INITIAL         CURRENT         REQUIRED
	   residual            8.548194e-01    4.690564e-01    0.000000e+00 
	   energy              2.686567e-02    8.114006e-05    2.686567e-04 
	   displacement        2.296802e-03    3.144339e-05    1.984691e-09 
 4
 Nonlinear solution status: time= 1.09216
	stiffness updates             = 3
	right hand side evaluations   = 8
	stiffness matrix reformations = 1
	step from line search         = 0.417676
	convergence norms :     INITIAL         CURRENT         REQUIRED
	   residual            8.548194e-01    4.565894e-01    0.000000e+00 
	   energy              2.686567e-02    3.407055e-05    2.686567e-04 
	   displacement        2.296802e-03    2.129647e-06    1.948230e-09 
 5
 Nonlinear solution status: time= 1.09216
	stiffness updates             = 4
	right hand side evaluations   = 10
	stiffness matrix reformations = 1
	step from line search         = 0.505650
	convergence norms :     INITIAL         CURRENT         REQUIRED
	   residual            8.548194e-01    1.017944e-01    0.000000e+00 
	   energy              2.686567e-02    1.589053e-05    2.686567e-04 
	   displacement        2.296802e-03    1.840782e-06    1.948950e-09 
 6
 Nonlinear solution status: time= 1.09216
	stiffness updates             = 5
	right hand side evaluations   = 11
	stiffness matrix reformations = 1
	step from line search         = 1.000000
	convergence norms :     INITIAL         CURRENT         REQUIRED
	   residual            8.548194e-01    1.643531e-01    0.000000e+00 
	   energy              2.686567e-02    1.532105e-05    2.686567e-04 
	   displacement        2.296802e-03    2.164276e-06    1.992932e-09 
 7
 Nonlinear solution status: time= 1.09216
	stiffness updates             = 6
	right hand side evaluations   = 12
	stiffness matrix reformations = 1
	step from line search         = 1.000000
	convergence norms :     INITIAL         CURRENT         REQUIRED
	   residual            8.548194e-01    2.099196e-02    0.000000e+00 
	   energy              2.686567e-02    3.364371e-07    2.686567e-04 
	   displacement        2.296802e-03    2.866263e-07    1.987252e-09 
 8
 Nonlinear solution status: time= 1.09216
	stiffness updates             = 7
	right hand side evaluations   = 14
	stiffness matrix reformations = 1
	step from line search         = 0.610519
	convergence norms :     INITIAL         CURRENT         REQUIRED
	   residual            8.548194e-01    1.623287e-02    0.000000e+00 
	   energy              2.686567e-02    1.467887e-07    2.686567e-04 
	   displacement        2.296802e-03    1.543393e-07    1.980719e-09 
 9
 Nonlinear solution status: time= 1.09216
	stiffness updates             = 8
	right hand side evaluations   = 15
	stiffness matrix reformations = 1
	step from line search         = 1.000000
	convergence norms :     INITIAL         CURRENT         REQUIRED
	   residual            8.548194e-01    1.127229e-02    0.000000e+00 
	   energy              2.686567e-02    1.001457e-06    2.686567e-04 
	   displacement        2.296802e-03    1.055989e-07    1.976731e-09 
 10
 Nonlinear solution status: time= 1.09216
	stiffness updates             = 9
	right hand side evaluations   = 16
	stiffness matrix reformations = 1
	step from line search         = 1.000000
	convergence norms :     INITIAL         CURRENT         REQUIRED
	   residual            8.548194e-01    3.827100e-03    0.000000e+00 
	   energy              2.686567e-02    1.477000e-07    2.686567e-04 
	   displacement        2.296802e-03    5.099473e-08    1.980989e-09 

 *************************************************************************
 *                               WARNING                                 *
 * Max nr of iterations reached.                                         *
 * Stiffness matrix will now be reformed.                                *
 *************************************************************************
Reforming stiffness matrix: reformation #2

 11
 Nonlinear solution status: time= 1.09216
	stiffness updates             = 0
	right hand side evaluations   = 17
	stiffness matrix reformations = 2
	step from line search         = 1.000000
	convergence norms :     INITIAL         CURRENT         REQUIRED
	   residual            8.548194e-01    3.832746e-03    0.000000e+00 
	   energy              2.686567e-02    6.384282e-07    2.686567e-04 
	   displacement        2.296802e-03    1.209617e-07    1.983276e-09 
 12
 Nonlinear solution status: time= 1.09216
	stiffness updates             = 1
	right hand side evaluations   = 18
	stiffness matrix reformations = 2
	step from line search         = 1.000000
	convergence norms :     INITIAL         CURRENT         REQUIRED
	   residual            8.548194e-01    9.250965e-04    0.000000e+00 
	   energy              2.686567e-02    3.519395e-07    2.686567e-04 
	   displacement        2.296802e-03    6.773530e-08    1.983721e-09 
 13
 Nonlinear solution status: time= 1.09216
	stiffness updates             = 2
	right hand side evaluations   = 19
	stiffness matrix reformations = 2
	step from line search         = 1.000000
	convergence norms :     INITIAL         CURRENT         REQUIRED
	   residual            8.548194e-01    6.881640e-05    0.000000e+00 
	   energy              2.686567e-02    5.515654e-08    2.686567e-04 
	   displacement        2.296802e-03    7.834569e-09    1.982998e-09 
 14
 Nonlinear solution status: time= 1.09216
	stiffness updates             = 3
	right hand side evaluations   = 20
	stiffness matrix reformations = 2
	step from line search         = 1.000000
	convergence norms :     INITIAL         CURRENT         REQUIRED
	   residual            8.548194e-01    6.119817e-04    0.000000e+00 
	   energy              2.686567e-02    4.754992e-08    2.686567e-04 
	   displacement        2.296802e-03    1.297313e-08    1.983172e-09 
 15
 Nonlinear solution status: time= 1.09216
	stiffness updates             = 4
	right hand side evaluations   = 21
	stiffness matrix reformations = 2
	step from line search         = 1.000000
	convergence norms :     INITIAL         CURRENT         REQUIRED
	   residual            8.548194e-01    9.841555e-05    0.000000e+00 
	   energy              2.686567e-02    3.777514e-09    2.686567e-04 
	   displacement        2.296802e-03    1.863835e-10    1.983202e-09 

convergence summary
    number of iterations   : 15
    number of reformations : 2

------- converged at time : 1.09216


AUTO STEPPER: decreasing time step, dt = 0.00099529


===== beginning time step 40 : 1.09316 =====


Reforming stiffness matrix: reformation #1

 1
 Nonlinear solution status: time= 1.09316
	stiffness updates             = 0
	right hand side evaluations   = 2
	stiffness matrix reformations = 1
	step from line search         = 1.000000
	convergence norms :     INITIAL         CURRENT         REQUIRED
	   residual            1.137229e+00    1.868931e-01    0.000000e+00 
	   energy              2.601432e-02    1.317829e-03    2.601432e-04 
	   displacement        1.618119e-03    1.618119e-03    1.618119e-09 
 2

 *************************************************************************
 *                                ERROR                                  *
 * Negative jacobian detected.                                           *
 *************************************************************************


------- failed to converge at time : 1.09316

Retrying time step. Retry attempt 1 of max 20


AUTO STEPPER: retry step, dt = 0.000947895


===== beginning time step 40 : 1.09311 =====


Reforming stiffness matrix: reformation #1

 1
 Nonlinear solution status: time= 1.09311
	stiffness updates             = 0
	right hand side evaluations   = 2
	stiffness matrix reformations = 1
	step from line search         = 1.000000
	convergence norms :     INITIAL         CURRENT         REQUIRED
	   residual            1.249818e+00    1.782038e-01    0.000000e+00 
	   energy              2.599855e-02    1.324457e-03    2.599855e-04 
	   displacement        1.470264e-03    1.470264e-03    1.470264e-09 
 2
 Nonlinear solution status: time= 1.09311
	stiffness updates             = 1
	right hand side evaluations   = 4
	stiffness matrix reformations = 1
	step from line search         = 0.383437
	convergence norms :     INITIAL         CURRENT         REQUIRED
	   residual            1.249818e+00    6.311260e-02    0.000000e+00 
	   energy              2.599855e-02    4.974553e-05    2.599855e-04 
	   displacement        1.470264e-03    8.861974e-06    1.375793e-09 
 3

 *************************************************************************
 *                                ERROR                                  *
 * Negative jacobian detected.                                           *
 *************************************************************************


------- failed to converge at time : 1.09311

Retrying time step. Retry attempt 2 of max 20


AUTO STEPPER: retry step, dt = 0.0009005


===== beginning time step 40 : 1.09307 =====


Reforming stiffness matrix: reformation #1

 1
 Nonlinear solution status: time= 1.09307
	stiffness updates             = 0
	right hand side evaluations   = 2
	stiffness matrix reformations = 1
	step from line search         = 1.000000
	convergence norms :     INITIAL         CURRENT         REQUIRED
	   residual            1.380445e+00    1.716762e-01    0.000000e+00 
	   energy              2.598301e-02    1.333059e-03    2.598301e-04 
	   displacement        1.329179e-03    1.329179e-03    1.329179e-09 
 2
 Nonlinear solution status: time= 1.09307
	stiffness updates             = 1
	right hand side evaluations   = 4
	stiffness matrix reformations = 1
	step from line search         = 0.488550
	convergence norms :     INITIAL         CURRENT         REQUIRED
	   residual            1.380445e+00    9.463396e-02    0.000000e+00 
	   energy              2.598301e-02    2.719930e-05    2.598301e-04 
	   displacement        1.329179e-03    1.284257e-05    1.222435e-09 
 3

 *************************************************************************
 *                                ERROR                                  *
 * Negative jacobian detected.                                           *
 *************************************************************************


------- failed to converge at time : 1.09307

Retrying time step. Retry attempt 3 of max 20


AUTO STEPPER: retry step, dt = 0.000853106


===== beginning time step 40 : 1.09302 =====


Reforming stiffness matrix: reformation #1

 1
 Nonlinear solution status: time= 1.09302
	stiffness updates             = 0
	right hand side evaluations   = 2
	stiffness matrix reformations = 1
	step from line search         = 1.000000
	convergence norms :     INITIAL         CURRENT         REQUIRED
	   residual            1.533205e+00    1.675746e-01    0.000000e+00 
	   energy              2.596787e-02    1.343899e-03    2.596787e-04 
	   displacement        1.194939e-03    1.194939e-03    1.194939e-09 
 2
 Nonlinear solution status: time= 1.09302
	stiffness updates             = 1
	right hand side evaluations   = 4
	stiffness matrix reformations = 1
	step from line search         = 0.579599
	convergence norms :     INITIAL         CURRENT         REQUIRED
	   residual            1.533205e+00    1.066158e-01    0.000000e+00 
	   energy              2.596787e-02    1.166049e-05    2.596787e-04 
	   displacement        1.194939e-03    1.617901e-05    1.082954e-09 
 3

 *************************************************************************
 *                                ERROR                                  *
 * Negative jacobian detected.                                           *
 *************************************************************************


------- failed to converge at time : 1.09302

Retrying time step. Retry attempt 4 of max 20


AUTO STEPPER: retry step, dt = 0.000805711


===== beginning time step 40 : 1.09297 =====


Reforming stiffness matrix: reformation #1

 1
 Nonlinear solution status: time= 1.09297
	stiffness updates             = 0
	right hand side evaluations   = 2
	stiffness matrix reformations = 1
	step from line search         = 1.000000
	convergence norms :     INITIAL         CURRENT         REQUIRED
	   residual            1.713429e+00    1.662299e-01    0.000000e+00 
	   energy              2.595332e-02    1.357300e-03    2.595332e-04 
	   displacement        1.067616e-03    1.067616e-03    1.067616e-09 
 2
 Nonlinear solution status: time= 1.09297
	stiffness updates             = 1
	right hand side evaluations   = 3
	stiffness matrix reformations = 1
	step from line search         = 1.000000
	convergence norms :     INITIAL         CURRENT         REQUIRED
	   residual            1.713429e+00    8.465215e-01    0.000000e+00 
	   energy              2.595332e-02    3.740892e-04    2.595332e-04 
	   displacement        1.067616e-03    4.322852e-05    9.122385e-10 
 3

 *************************************************************************
 *                                ERROR                                  *
 * 2 negative jacobians detected.                                        *
 *************************************************************************


------- failed to converge at time : 1.09297

Retrying time step. Retry attempt 5 of max 20


AUTO STEPPER: retry step, dt = 0.000758316


===== beginning time step 40 : 1.09292 =====


Reforming stiffness matrix: reformation #1

 1
 Nonlinear solution status: time= 1.09292
	stiffness updates             = 0
	right hand side evaluations   = 2
	stiffness matrix reformations = 1
	step from line search         = 1.000000
	convergence norms :     INITIAL         CURRENT         REQUIRED
	   residual            1.928156e+00    1.680666e-01    0.000000e+00 
	   energy              2.593963e-02    1.373663e-03    2.593963e-04 
	   displacement        9.472823e-04    9.472823e-04    9.472823e-10 
 2
 Nonlinear solution status: time= 1.09292
	stiffness updates             = 1
	right hand side evaluations   = 3
	stiffness matrix reformations = 1
	step from line search         = 1.000000
	convergence norms :     INITIAL         CURRENT         REQUIRED
	   residual            1.928156e+00    3.419598e-01    0.000000e+00 
	   energy              2.593963e-02    2.448731e-04    2.593963e-04 
	   displacement        9.472823e-04    3.890189e-05    8.088951e-10 
 3

 *************************************************************************
 *                                ERROR                                  *
 * Negative jacobian detected.                                           *
 *************************************************************************


------- failed to converge at time : 1.09292

Retrying time step. Retry attempt 6 of max 20


AUTO STEPPER: retry step, dt = 0.000710921


===== beginning time step 40 : 1.09288 =====


Reforming stiffness matrix: reformation #1

 1
 Nonlinear solution status: time= 1.09288
	stiffness updates             = 0
	right hand side evaluations   = 2
	stiffness matrix reformations = 1
	step from line search         = 1.000000
	convergence norms :     INITIAL         CURRENT         REQUIRED
	   residual            2.186841e+00    1.736454e-01    0.000000e+00 
	   energy              2.592715e-02    1.393491e-03    2.592715e-04 
	   displacement        8.340043e-04    8.340043e-04    8.340043e-10 
 2
 Nonlinear solution status: time= 1.09288
	stiffness updates             = 1
	right hand side evaluations   = 3
	stiffness matrix reformations = 1
	step from line search         = 1.000000
	convergence norms :     INITIAL         CURRENT         REQUIRED
	   residual            2.186841e+00    1.609761e-01    0.000000e+00 
	   energy              2.592715e-02    1.694284e-04    2.592715e-04 
	   displacement        8.340043e-04    3.508214e-05    7.118626e-10 
 3

 *************************************************************************
 *                                ERROR                                  *
 * Negative jacobian detected.                                           *
 *************************************************************************


------- failed to converge at time : 1.09288

Retrying time step. Retry attempt 7 of max 20


AUTO STEPPER: retry step, dt = 0.000663527


===== beginning time step 40 : 1.09283 =====


Reforming stiffness matrix: reformation #1

 1
 Nonlinear solution status: time= 1.09283
	stiffness updates             = 0
	right hand side evaluations   = 2
	stiffness matrix reformations = 1
	step from line search         = 1.000000
	convergence norms :     INITIAL         CURRENT         REQUIRED
	   residual            2.502425e+00    1.837266e-01    0.000000e+00 
	   energy              2.591634e-02    1.417433e-03    2.591634e-04 
	   displacement        7.278469e-04    7.278469e-04    7.278469e-10 
 2
 Nonlinear solution status: time= 1.09283
	stiffness updates             = 1
	right hand side evaluations   = 3
	stiffness matrix reformations = 1
	step from line search         = 1.000000
	convergence norms :     INITIAL         CURRENT         REQUIRED
	   residual            2.502425e+00    8.648518e-02    0.000000e+00 
	   energy              2.591634e-02    1.290086e-04    2.591634e-04 
	   displacement        7.278469e-04    3.167959e-05    6.210776e-10 
 3

 *************************************************************************
 *                                ERROR                                  *
 * Negative jacobian detected.                                           *
 *************************************************************************


------- failed to converge at time : 1.09283

Retrying time step. Retry attempt 8 of max 20


AUTO STEPPER: retry step, dt = 0.000616132


===== beginning time step 40 : 1.09278 =====


Reforming stiffness matrix: reformation #1

 1
 Nonlinear solution status: time= 1.09278
	stiffness updates             = 0
	right hand side evaluations   = 2
	stiffness matrix reformations = 1
	step from line search         = 1.000000
	convergence norms :     INITIAL         CURRENT         REQUIRED
	   residual            2.892992e+00    1.993724e-01    0.000000e+00 
	   energy              2.590782e-02    1.446342e-03    2.590782e-04 
	   displacement        6.288699e-04    6.288699e-04    6.288699e-10 
 2
 Nonlinear solution status: time= 1.09278
	stiffness updates             = 1
	right hand side evaluations   = 3
	stiffness matrix reformations = 1
	step from line search         = 1.000000
	convergence norms :     INITIAL         CURRENT         REQUIRED
	   residual            2.892992e+00    5.672004e-02    0.000000e+00 
	   energy              2.590782e-02    1.117370e-04    2.590782e-04 
	   displacement        6.288699e-04    2.861568e-05    5.364965e-10 
 3
 Nonlinear solution status: time= 1.09278
	stiffness updates             = 2
	right hand side evaluations   = 5
	stiffness matrix reformations = 1
	step from line search         = 0.399981
	convergence norms :     INITIAL         CURRENT         REQUIRED
	   residual            2.892992e+00    3.404751e-02    0.000000e+00 
	   energy              2.590782e-02    9.425930e-06    2.590782e-04 
	   displacement        6.288699e-04    8.162278e-07    5.371285e-10 
 4
 Nonlinear solution status: time= 1.09278
	stiffness updates             = 3
	right hand side evaluations   = 7
	stiffness matrix reformations = 1
	step from line search         = 0.635637
	convergence norms :     INITIAL         CURRENT         REQUIRED
	   residual            2.892992e+00    3.199421e-02    0.000000e+00 
	   energy              2.590782e-02    3.121546e-06    2.590782e-04 
	   displacement        6.288699e-04    5.603569e-07    5.433810e-10 
 5
 Nonlinear solution status: time= 1.09278
	stiffness updates             = 4
	right hand side evaluations   = 9
	stiffness matrix reformations = 1
	step from line search         = 0.614752
	convergence norms :     INITIAL         CURRENT         REQUIRED
	   residual            2.892992e+00    1.312547e-02    0.000000e+00 
	   energy              2.590782e-02    3.882061e-06    2.590782e-04 
	   displacement        6.288699e-04    3.534895e-07    5.468265e-10 
 6
 Nonlinear solution status: time= 1.09278
	stiffness updates             = 5
	right hand side evaluations   = 10
	stiffness matrix reformations = 1
	step from line search         = 1.000000
	convergence norms :     INITIAL         CURRENT         REQUIRED
	   residual            2.892992e+00    3.358136e-03    0.000000e+00 
	   energy              2.590782e-02    4.018610e-07    2.590782e-04 
	   displacement        6.288699e-04    9.673491e-08    5.448481e-10 
 7
 Nonlinear solution status: time= 1.09278
	stiffness updates             = 6
	right hand side evaluations   = 11
	stiffness matrix reformations = 1
	step from line search         = 1.000000
	convergence norms :     INITIAL         CURRENT         REQUIRED
	   residual            2.892992e+00    5.166609e-05    0.000000e+00 
	   energy              2.590782e-02    4.891513e-08    2.590782e-04 
	   displacement        6.288699e-04    1.293491e-08    5.444664e-10 
 8
 Nonlinear solution status: time= 1.09278
	stiffness updates             = 7
	right hand side evaluations   = 12
	stiffness matrix reformations = 1
	step from line search         = 1.000000
	convergence norms :     INITIAL         CURRENT         REQUIRED
	   residual            2.892992e+00    2.821625e-04    0.000000e+00 
	   energy              2.590782e-02    4.221858e-10    2.590782e-04 
	   displacement        6.288699e-04    3.345614e-09    5.446212e-10 
 9
 Nonlinear solution status: time= 1.09278
	stiffness updates             = 8
	right hand side evaluations   = 13
	stiffness matrix reformations = 1
	step from line search         = 1.000000
	convergence norms :     INITIAL         CURRENT         REQUIRED
	   residual            2.892992e+00    1.168781e-04    0.000000e+00 
	   energy              2.590782e-02    7.879650e-09    2.590782e-04 
	   displacement        6.288699e-04    4.257363e-10    5.447624e-10 

convergence summary
    number of iterations   : 9
    number of reformations : 1

------- converged at time : 1.09278


AUTO STEPPER: increasing time step, dt = 0.00160652


===== beginning time step 41 : 1.09439 =====


Reforming stiffness matrix: reformation #1

 1
 Nonlinear solution status: time= 1.09439
	stiffness updates             = 0
	right hand side evaluations   = 2
	stiffness matrix reformations = 1
	step from line search         = 1.000000
	convergence norms :     INITIAL         CURRENT         REQUIRED
	   residual            4.566160e-01    1.523082e-01    0.000000e+00 
	   energy              2.593249e-02    1.307198e-03    2.593249e-04 
	   displacement        4.034714e-03    4.034714e-03    4.034714e-09 
 2
 Nonlinear solution status: time= 1.09439
	stiffness updates             = 1
	right hand side evaluations   = 3
	stiffness matrix reformations = 1
	step from line search         = 1.000000
	convergence norms :     INITIAL         CURRENT         REQUIRED
	   residual            4.566160e-01    1.821764e-01    0.000000e+00 
	   energy              2.593249e-02    1.327640e-04    2.593249e-04 
	   displacement        4.034714e-03    9.621228e-05    3.399782e-09 
 3
 Nonlinear solution status: time= 1.09439
	stiffness updates             = 2
	right hand side evaluations   = 5
	stiffness matrix reformations = 1
	step from line search         = 0.197161
	convergence norms :     INITIAL         CURRENT         REQUIRED
	   residual            4.566160e-01    2.016890e-01    0.000000e+00 
	   energy              2.593249e-02    1.716861e-06    2.593249e-04 
	   displacement        4.034714e-03    1.419165e-06    3.358059e-09 
 4
 Nonlinear solution status: time= 1.09439
	stiffness updates             = 3
	right hand side evaluations   = 6
	stiffness matrix reformations = 1
	step from line search         = 1.000000
	convergence norms :     INITIAL         CURRENT         REQUIRED
	   residual            4.566160e-01    1.161866e-01    0.000000e+00 
	   energy              2.593249e-02    2.665452e-05    2.593249e-04 
	   displacement        4.034714e-03    9.242213e-06    3.450329e-09 
 5
 Nonlinear solution status: time= 1.09439
	stiffness updates             = 4
	right hand side evaluations   = 7
	stiffness matrix reformations = 1
	step from line search         = 1.000000
	convergence norms :     INITIAL         CURRENT         REQUIRED
	   residual            4.566160e-01    2.462776e-02    0.000000e+00 
	   energy              2.593249e-02    4.809522e-06    2.593249e-04 
	   displacement        4.034714e-03    1.052578e-06    3.476229e-09 
 6
 Nonlinear solution status: time= 1.09439
	stiffness updates             = 5
	right hand side evaluations   = 8
	stiffness matrix reformations = 1
	step from line search         = 1.000000
	convergence norms :     INITIAL         CURRENT         REQUIRED
	   residual            4.566160e-01    7.046083e-03    0.000000e+00 
	   energy              2.593249e-02    1.232200e-06    2.593249e-04 
	   displacement        4.034714e-03    5.755051e-07    3.454721e-09 
 7
 Nonlinear solution status: time= 1.09439
	stiffness updates             = 6
	right hand side evaluations   = 9
	stiffness matrix reformations = 1
	step from line search         = 1.000000
	convergence norms :     INITIAL         CURRENT         REQUIRED
	   residual            4.566160e-01    3.526001e-03    0.000000e+00 
	   energy              2.593249e-02    3.801722e-07    2.593249e-04 
	   displacement        4.034714e-03    8.105739e-08    3.453010e-09 
 8
 Nonlinear solution status: time= 1.09439
	stiffness updates             = 7
	right hand side evaluations   = 10
	stiffness matrix reformations = 1
	step from line search         = 1.000000
	convergence norms :     INITIAL         CURRENT         REQUIRED
	   residual            4.566160e-01    9.549421e-04    0.000000e+00 
	   energy              2.593249e-02    1.805770e-07    2.593249e-04 
	   displacement        4.034714e-03    3.646377e-08    3.459077e-09 
 9
 Nonlinear solution status: time= 1.09439
	stiffness updates             = 8
	right hand side evaluations   = 11
	stiffness matrix reformations = 1
	step from line search         = 1.000000
	convergence norms :     INITIAL         CURRENT         REQUIRED
	   residual            4.566160e-01    3.288703e-04    0.000000e+00 
	   energy              2.593249e-02    3.580781e-08    2.593249e-04 
	   displacement        4.034714e-03    9.274548e-09    3.459679e-09 
 10
 Nonlinear solution status: time= 1.09439
	stiffness updates             = 9
	right hand side evaluations   = 12
	stiffness matrix reformations = 1
	step from line search         = 1.000000
	convergence norms :     INITIAL         CURRENT         REQUIRED
	   residual            4.566160e-01    4.992113e-04    0.000000e+00 
	   energy              2.593249e-02    1.204111e-08    2.593249e-04 
	   displacement        4.034714e-03    6.433923e-09    3.457280e-09 

 *************************************************************************
 *                               WARNING                                 *
 * Max nr of iterations reached.                                         *
 * Stiffness matrix will now be reformed.                                *
 *************************************************************************
Reforming stiffness matrix: reformation #2

 11
 Nonlinear solution status: time= 1.09439
	stiffness updates             = 0
	right hand side evaluations   = 13
	stiffness matrix reformations = 2
	step from line search         = 1.000000
	convergence norms :     INITIAL         CURRENT         REQUIRED
	   residual            4.566160e-01    1.209481e-04    0.000000e+00 
	   energy              2.593249e-02    2.502981e-08    2.593249e-04 
	   displacement        4.034714e-03    2.595808e-08    3.458545e-09 
 12
 Nonlinear solution status: time= 1.09439
	stiffness updates             = 1
	right hand side evaluations   = 14
	stiffness matrix reformations = 2
	step from line search         = 1.000000
	convergence norms :     INITIAL         CURRENT         REQUIRED
	   residual            4.566160e-01    4.801748e-07    0.000000e+00 
	   energy              2.593249e-02    2.467182e-09    2.593249e-04 
	   displacement        4.034714e-03    6.648944e-10    3.458091e-09 

convergence summary
    number of iterations   : 12
    number of reformations : 2

------- converged at time : 1.09439


AUTO STEPPER: decreasing time step, dt = 0.00153813


===== beginning time step 42 : 1.09593 =====


Reforming stiffness matrix: reformation #1

 1
 Nonlinear solution status: time= 1.09593
	stiffness updates             = 0
	right hand side evaluations   = 2
	stiffness matrix reformations = 1
	step from line search         = 1.000000
	convergence norms :     INITIAL         CURRENT         REQUIRED
	   residual            4.808374e-01    1.046127e-01    0.000000e+00 
	   energy              2.454449e-02    1.251258e-03    2.454449e-04 
	   displacement        3.482596e-03    3.482596e-03    3.482596e-09 
 2
 Nonlinear solution status: time= 1.09593
	stiffness updates             = 1
	right hand side evaluations   = 3
	stiffness matrix reformations = 1
	step from line search         = 1.000000
	convergence norms :     INITIAL         CURRENT         REQUIRED
	   residual            4.808374e-01    7.938361e-02    0.000000e+00 
	   energy              2.454449e-02    7.335886e-05    2.454449e-04 
	   displacement        3.482596e-03    8.548772e-05    2.922824e-09 
 3
 Nonlinear solution status: time= 1.09593
	stiffness updates             = 2
	right hand side evaluations   = 4
	stiffness matrix reformations = 1
	step from line search         = 1.000000
	convergence norms :     INITIAL         CURRENT         REQUIRED
	   residual            4.808374e-01    1.056219e-02    0.000000e+00 
	   energy              2.454449e-02    3.567840e-06    2.454449e-04 
	   displacement        3.482596e-03    3.359041e-06    2.952858e-09 
 4
 Nonlinear solution status: time= 1.09593
	stiffness updates             = 3
	right hand side evaluations   = 5
	stiffness matrix reformations = 1
	step from line search         = 1.000000
	convergence norms :     INITIAL         CURRENT         REQUIRED
	   residual            4.808374e-01    5.625636e-03    0.000000e+00 
	   energy              2.454449e-02    2.669545e-06    2.454449e-04 
	   displacement        3.482596e-03    6.467549e-07    2.983562e-09 
 5
 Nonlinear solution status: time= 1.09593
	stiffness updates             = 4
	right hand side evaluations   = 6
	stiffness matrix reformations = 1
	step from line search         = 1.000000
	convergence norms :     INITIAL         CURRENT         REQUIRED
	   residual            4.808374e-01    5.168458e-04    0.000000e+00 
	   energy              2.454449e-02    1.747495e-07    2.454449e-04 
	   displacement        3.482596e-03    1.326247e-07    2.976373e-09 
 6
 Nonlinear solution status: time= 1.09593
	stiffness updates             = 5
	right hand side evaluations   = 7
	stiffness matrix reformations = 1
	step from line search         = 1.000000
	convergence norms :     INITIAL         CURRENT         REQUIRED
	   residual            4.808374e-01    4.455940e-04    0.000000e+00 
	   energy              2.454449e-02    1.396159e-07    2.454449e-04 
	   displacement        3.482596e-03    2.473520e-08    2.972451e-09 
 7
 Nonlinear solution status: time= 1.09593
	stiffness updates             = 6
	right hand side evaluations   = 8
	stiffness matrix reformations = 1
	step from line search         = 1.000000
	convergence norms :     INITIAL         CURRENT         REQUIRED
	   residual            4.808374e-01    2.874523e-05    0.000000e+00 
	   energy              2.454449e-02    8.577093e-09    2.454449e-04 
	   displacement        3.482596e-03    6.413905e-09    2.974088e-09 
 8
 Nonlinear solution status: time= 1.09593
	stiffness updates             = 7
	right hand side evaluations   = 9
	stiffness matrix reformations = 1
	step from line search         = 1.000000
	convergence norms :     INITIAL         CURRENT         REQUIRED
	   residual            4.808374e-01    3.275095e-05    0.000000e+00 
	   energy              2.454449e-02    9.253976e-09    2.454449e-04 
	   displacement        3.482596e-03    1.601096e-09    2.974978e-09 

convergence summary
    number of iterations   : 8
    number of reformations : 1

------- converged at time : 1.09593


AUTO STEPPER: increasing time step, dt = 0.00299868


===== beginning time step 43 : 1.09892 =====


Reforming stiffness matrix: reformation #1

 1
 Nonlinear solution status: time= 1.09892
	stiffness updates             = 0
	right hand side evaluations   = 2
	stiffness matrix reformations = 1
	step from line search         = 1.000000
	convergence norms :     INITIAL         CURRENT         REQUIRED
	   residual            1.335959e-01    2.890088e-01    0.000000e+00 
	   energy              2.379825e-02    1.505288e-03    2.379825e-04 
	   displacement        1.183207e-02    1.183207e-02    1.183207e-08 
 2
 Nonlinear solution status: time= 1.09892
	stiffness updates             = 1
	right hand side evaluations   = 3
	stiffness matrix reformations = 1
	step from line search         = 1.000000
	convergence norms :     INITIAL         CURRENT         REQUIRED
	   residual            1.335959e-01    3.734488e-01    0.000000e+00 
	   energy              2.379825e-02    1.949153e-04    2.379825e-04 
	   displacement        1.183207e-02    2.369385e-04    9.822873e-09 
 3
 Nonlinear solution status: time= 1.09892
	stiffness updates             = 2
	right hand side evaluations   = 4
	stiffness matrix reformations = 1
	step from line search         = 1.000000
	convergence norms :     INITIAL         CURRENT         REQUIRED
	   residual            1.335959e-01    2.329154e-01    0.000000e+00 
	   energy              2.379825e-02    7.241053e-05    2.379825e-04 
	   displacement        1.183207e-02    2.785071e-05    9.589806e-09 
 4
 Nonlinear solution status: time= 1.09892
	stiffness updates             = 3
	right hand side evaluations   = 6
	stiffness matrix reformations = 1
	step from line search         = 0.630202
	convergence norms :     INITIAL         CURRENT         REQUIRED
	   residual            1.335959e-01    7.654743e-02    0.000000e+00 
	   energy              2.379825e-02    1.071045e-05    2.379825e-04 
	   displacement        1.183207e-02    1.143674e-05    9.897328e-09 
 5
 Nonlinear solution status: time= 1.09892
	stiffness updates             = 4
	right hand side evaluations   = 8
	stiffness matrix reformations = 1
	step from line search         = 0.552905
	convergence norms :     INITIAL         CURRENT         REQUIRED
	   residual            1.335959e-01    2.017682e-02    0.000000e+00 
	   energy              2.379825e-02    5.383821e-06    2.379825e-04 
	   displacement        1.183207e-02    3.375796e-06    1.007901e-08 
 6
 Nonlinear solution status: time= 1.09892
	stiffness updates             = 5
	right hand side evaluations   = 10
	stiffness matrix reformations = 1
	step from line search         = 0.584138
	convergence norms :     INITIAL         CURRENT         REQUIRED
	   residual            1.335959e-01    7.460873e-03    0.000000e+00 
	   energy              2.379825e-02    1.343103e-06    2.379825e-04 
	   displacement        1.183207e-02    7.855476e-07    1.007252e-08 
 7
 Nonlinear solution status: time= 1.09892
	stiffness updates             = 6
	right hand side evaluations   = 12
	stiffness matrix reformations = 1
	step from line search         = 0.568161
	convergence norms :     INITIAL         CURRENT         REQUIRED
	   residual            1.335959e-01    2.757166e-03    0.000000e+00 
	   energy              2.379825e-02    5.485132e-07    2.379825e-04 
	   displacement        1.183207e-02    3.675061e-07    1.002797e-08 
 8
 Nonlinear solution status: time= 1.09892
	stiffness updates             = 7
	right hand side evaluations   = 14
	stiffness matrix reformations = 1
	step from line search         = 0.594043
	convergence norms :     INITIAL         CURRENT         REQUIRED
	   residual            1.335959e-01    1.018712e-03    0.000000e+00 
	   energy              2.379825e-02    1.699163e-07    2.379825e-04 
	   displacement        1.183207e-02    1.096620e-07    1.000935e-08 
 9
 Nonlinear solution status: time= 1.09892
	stiffness updates             = 8
	right hand side evaluations   = 16
	stiffness matrix reformations = 1
	step from line search         = 0.592070
	convergence norms :     INITIAL         CURRENT         REQUIRED
	   residual            1.335959e-01    5.826153e-04    0.000000e+00 
	   energy              2.379825e-02    6.533939e-08    2.379825e-04 
	   displacement        1.183207e-02    4.424381e-08    1.001519e-08 
 10
 Nonlinear solution status: time= 1.09892
	stiffness updates             = 9
	right hand side evaluations   = 18
	stiffness matrix reformations = 1
	step from line search         = 0.611643
	convergence norms :     INITIAL         CURRENT         REQUIRED
	   residual            1.335959e-01    2.347587e-04    0.000000e+00 
	   energy              2.379825e-02    2.401242e-08    2.379825e-04 
	   displacement        1.183207e-02    1.719322e-08    1.002579e-08 

 *************************************************************************
 *                               WARNING                                 *
 * Max nr of iterations reached.                                         *
 * Stiffness matrix will now be reformed.                                *
 *************************************************************************
Reforming stiffness matrix: reformation #2

 11
 Nonlinear solution status: time= 1.09892
	stiffness updates             = 0
	right hand side evaluations   = 19
	stiffness matrix reformations = 2
	step from line search         = 1.000000
	convergence norms :     INITIAL         CURRENT         REQUIRED
	   residual            1.335959e-01    5.178133e-07    0.000000e+00 
	   energy              2.379825e-02    4.154764e-10    2.379825e-04 
	   displacement        1.183207e-02    2.030285e-08    1.002559e-08 
 12
 Nonlinear solution status: time= 1.09892
	stiffness updates             = 1
	right hand side evaluations   = 20
	stiffness matrix reformations = 2
	step from line search         = 1.000000
	convergence norms :     INITIAL         CURRENT         REQUIRED
	   residual            1.335959e-01    1.144866e-08    0.000000e+00 
	   energy              2.379825e-02    1.680789e-11    2.379825e-04 
	   displacement        1.183207e-02    2.129516e-10    1.002607e-08 

convergence summary
    number of iterations   : 12
    number of reformations : 2

------- converged at time : 1.09892


AUTO STEPPER: decreasing time step, dt = 0.00287102

MUST POINT CONTROLLER: adjusting time step. dt = 0.00107567


===== beginning time step 44 : 1.1 =====


Reforming stiffness matrix: reformation #1

 1
 Nonlinear solution status: time= 1.1
	stiffness updates             = 0
	right hand side evaluations   = 2
	stiffness matrix reformations = 1
	step from line search         = 1.000000
	convergence norms :     INITIAL         CURRENT         REQUIRED
	   residual            8.382695e-01    7.423474e-02    0.000000e+00 
	   energy              2.065729e-02    1.121121e-03    2.065729e-04 
	   displacement        1.450505e-03    1.450505e-03    1.450505e-09 
 2
 Nonlinear solution status: time= 1.1
	stiffness updates             = 1
	right hand side evaluations   = 3
	stiffness matrix reformations = 1
	step from line search         = 1.000000
	convergence norms :     INITIAL         CURRENT         REQUIRED
	   residual            8.382695e-01    3.405500e-02    0.000000e+00 
	   energy              2.065729e-02    6.417237e-05    2.065729e-04 
	   displacement        1.450505e-03    4.814955e-05    1.210148e-09 
 3
 Nonlinear solution status: time= 1.1
	stiffness updates             = 2
	right hand side evaluations   = 4
	stiffness matrix reformations = 1
	step from line search         = 1.000000
	convergence norms :     INITIAL         CURRENT         REQUIRED
	   residual            8.382695e-01    7.878573e-04    0.000000e+00 
	   energy              2.065729e-02    3.780010e-07    2.065729e-04 
	   displacement        1.450505e-03    1.768818e-06    1.229855e-09 
 4
 Nonlinear solution status: time= 1.1
	stiffness updates             = 3
	right hand side evaluations   = 5
	stiffness matrix reformations = 1
	step from line search         = 1.000000
	convergence norms :     INITIAL         CURRENT         REQUIRED
	   residual            8.382695e-01    1.955895e-04    0.000000e+00 
	   energy              2.065729e-02    9.872531e-08    2.065729e-04 
	   displacement        1.450505e-03    3.339964e-08    1.234718e-09 
 5
 Nonlinear solution status: time= 1.1
	stiffness updates             = 4
	right hand side evaluations   = 6
	stiffness matrix reformations = 1
	step from line search         = 1.000000
	convergence norms :     INITIAL         CURRENT         REQUIRED
	   residual            8.382695e-01    9.252547e-06    0.000000e+00 
	   energy              2.065729e-02    6.613443e-09    2.065729e-04 
	   displacement        1.450505e-03    3.521905e-09    1.234514e-09 
 6
 Nonlinear solution status: time= 1.1
	stiffness updates             = 5
	right hand side evaluations   = 7
	stiffness matrix reformations = 1
	step from line search         = 1.000000
	convergence norms :     INITIAL         CURRENT         REQUIRED
	   residual            8.382695e-01    1.137614e-06    0.000000e+00 
	   energy              2.065729e-02    7.309822e-10    2.065729e-04 
	   displacement        1.450505e-03    2.461973e-10    1.234268e-09 

convergence summary
    number of iterations   : 6
    number of reformations : 1

------- converged at time : 1.1


AUTO STEPPER: increasing time step, dt = 0.00429681


===== beginning time step 45 : 1.1043 =====


Reforming stiffness matrix: reformation #1

 1
 Nonlinear solution status: time= 1.1043
	stiffness updates             = 0
	right hand side evaluations   = 2
	stiffness matrix reformations = 1
	step from line search         = 1.000000
	convergence norms :     INITIAL         CURRENT         REQUIRED
	   residual            6.193490e-02    4.363236e-01    0.000000e+00 
	   energy              2.101445e-02    1.744042e-03    2.101445e-04 
	   displacement        2.021424e-02    2.021424e-02    2.021424e-08 
 2
 Nonlinear solution status: time= 1.1043
	stiffness updates             = 1
	right hand side evaluations   = 4
	stiffness matrix reformations = 1
	step from line search         = 0.633066
	convergence norms :     INITIAL         CURRENT         REQUIRED
	   residual            6.193490e-02    3.155432e-01    0.000000e+00 
	   energy              2.101445e-02    9.988343e-05    2.101445e-04 
	   displacement        2.021424e-02    1.907497e-04    1.777978e-08 
 3
 Nonlinear solution status: time= 1.1043
	stiffness updates             = 2
	right hand side evaluations   = 6
	stiffness matrix reformations = 1
	step from line search         = 0.545749
	convergence norms :     INITIAL         CURRENT         REQUIRED
	   residual            6.193490e-02    1.655983e-01    0.000000e+00 
	   energy              2.101445e-02    5.296714e-05    2.101445e-04 
	   displacement        2.021424e-02    5.198848e-05    1.648497e-08 
 4
 Nonlinear solution status: time= 1.1043
	stiffness updates             = 3
	right hand side evaluations   = 8
	stiffness matrix reformations = 1
	step from line search         = 0.557684
	convergence norms :     INITIAL         CURRENT         REQUIRED
	   residual            6.193490e-02    9.744876e-02    0.000000e+00 
	   energy              2.101445e-02    1.707977e-05    2.101445e-04 
	   displacement        2.021424e-02    1.523445e-05    1.629858e-08 
 5
 Nonlinear solution status: time= 1.1043
	stiffness updates             = 4
	right hand side evaluations   = 10
	stiffness matrix reformations = 1
	step from line search         = 0.524071
	convergence norms :     INITIAL         CURRENT         REQUIRED
	   residual            6.193490e-02    4.599582e-02    0.000000e+00 
	   energy              2.101445e-02    9.302225e-06    2.101445e-04 
	   displacement        2.021424e-02    9.494625e-06    1.662117e-08 
 6
 Nonlinear solution status: time= 1.1043
	stiffness updates             = 5
	right hand side evaluations   = 12
	stiffness matrix reformations = 1
	step from line search         = 0.540099
	convergence norms :     INITIAL         CURRENT         REQUIRED
	   residual            6.193490e-02    1.741083e-02    0.000000e+00 
	   energy              2.101445e-02    3.662481e-06    2.101445e-04 
	   displacement        2.021424e-02    3.247124e-06    1.692527e-08 
 7
 Nonlinear solution status: time= 1.1043
	stiffness updates             = 6
	right hand side evaluations   = 14
	stiffness matrix reformations = 1
	step from line search         = 0.546346
	convergence norms :     INITIAL         CURRENT         REQUIRED
	   residual            6.193490e-02    7.787820e-03    0.000000e+00 
	   energy              2.101445e-02    1.580746e-06    2.101445e-04 
	   displacement        2.021424e-02    1.243019e-06    1.700691e-08 
 8
 Nonlinear solution status: time= 1.1043
	stiffness updates             = 7
	right hand side evaluations   = 16
	stiffness matrix reformations = 1
	step from line search         = 0.517554
	convergence norms :     INITIAL         CURRENT         REQUIRED
	   residual            6.193490e-02    4.080043e-03    0.000000e+00 
	   energy              2.101445e-02    8.239222e-07    2.101445e-04 
	   displacement        2.021424e-02    4.025413e-07    1.696883e-08 
 9
 Nonlinear solution status: time= 1.1043
	stiffness updates             = 8
	right hand side evaluations   = 18
	stiffness matrix reformations = 1
	step from line search         = 0.547094
	convergence norms :     INITIAL         CURRENT         REQUIRED
	   residual            6.193490e-02    2.481331e-03    0.000000e+00 
	   energy              2.101445e-02    3.815528e-07    2.101445e-04 
	   displacement        2.021424e-02    2.603713e-07    1.691440e-08 
 10
 Nonlinear solution status: time= 1.1043
	stiffness updates             = 9
	right hand side evaluations   = 20
	stiffness matrix reformations = 1
	step from line search         = 0.542551
	convergence norms :     INITIAL         CURRENT         REQUIRED
	   residual            6.193490e-02    1.444866e-03    0.000000e+00 
	   energy              2.101445e-02    1.991301e-07    2.101445e-04 
	   displacement        2.021424e-02    1.310517e-07    1.689463e-08 

 *************************************************************************
 *                               WARNING                                 *
 * Max nr of iterations reached.                                         *
 * Stiffness matrix will now be reformed.                                *
 *************************************************************************
Reforming stiffness matrix: reformation #2

 11
 Nonlinear solution status: time= 1.1043
	stiffness updates             = 0
	right hand side evaluations   = 21
	stiffness matrix reformations = 2
	step from line search         = 1.000000
	convergence norms :     INITIAL         CURRENT         REQUIRED
	   residual            6.193490e-02    1.015167e-06    0.000000e+00 
	   energy              2.101445e-02    8.334661e-09    2.101445e-04 
	   displacement        2.021424e-02    1.699272e-07    1.693534e-08 
 12
 Nonlinear solution status: time= 1.1043
	stiffness updates             = 1
	right hand side evaluations   = 22
	stiffness matrix reformations = 2
	step from line search         = 1.000000
	convergence norms :     INITIAL         CURRENT         REQUIRED
	   residual            6.193490e-02    1.972376e-08    0.000000e+00 
	   energy              2.101445e-02    1.737585e-10    2.101445e-04 
	   displacement        2.021424e-02    2.440942e-09    1.692903e-08 

convergence summary
    number of iterations   : 12
    number of reformations : 2

------- converged at time : 1.1043


AUTO STEPPER: decreasing time step, dt = 0.00411389


===== beginning time step 46 : 1.10841 =====


Reforming stiffness matrix: reformation #1

 1
 Nonlinear solution status: time= 1.10841
	stiffness updates             = 0
	right hand side evaluations   = 2
	stiffness matrix reformations = 1
	step from line search         = 1.000000
	convergence norms :     INITIAL         CURRENT         REQUIRED
	   residual            5.593540e-02    2.284759e-01    0.000000e+00 
	   energy              1.770639e-02    1.409864e-03    1.770639e-04 
	   displacement        1.611938e-02    1.611938e-02    1.611938e-08 
 2
 Nonlinear solution status: time= 1.10841
	stiffness updates             = 1
	right hand side evaluations   = 3
	stiffness matrix reformations = 1
	step from line search         = 1.000000
	convergence norms :     INITIAL         CURRENT         REQUIRED
	   residual            5.593540e-02    3.637008e-01    0.000000e+00 
	   energy              1.770639e-02    2.310642e-04    1.770639e-04 
	   displacement        1.611938e-02    3.332627e-04    1.313244e-08 
 3
 Nonlinear solution status: time= 1.10841
	stiffness updates             = 2
	right hand side evaluations   = 4
	stiffness matrix reformations = 1
	step from line search         = 1.000000
	convergence norms :     INITIAL         CURRENT         REQUIRED
	   residual            5.593540e-02    2.812858e-01    0.000000e+00 
	   energy              1.770639e-02    1.105552e-04    1.770639e-04 
	   displacement        1.611938e-02    7.126344e-05    1.253816e-08 
 4
 Nonlinear solution status: time= 1.10841
	stiffness updates             = 3
	right hand side evaluations   = 5
	stiffness matrix reformations = 1
	step from line search         = 1.000000
	convergence norms :     INITIAL         CURRENT         REQUIRED
	   residual            5.593540e-02    2.225781e-01    0.000000e+00 
	   energy              1.770639e-02    9.917124e-05    1.770639e-04 
	   displacement        1.611938e-02    7.036317e-05    1.348097e-08 
 5
 Nonlinear solution status: time= 1.10841
	stiffness updates             = 4
	right hand side evaluations   = 6
	stiffness matrix reformations = 1
	step from line search         = 1.000000
	convergence norms :     INITIAL         CURRENT         REQUIRED
	   residual            5.593540e-02    1.341500e-01    0.000000e+00 
	   energy              1.770639e-02    5.340602e-05    1.770639e-04 
	   displacement        1.611938e-02    2.623036e-05    1.376466e-08 
 6
 Nonlinear solution status: time= 1.10841
	stiffness updates             = 5
	right hand side evaluations   = 8
	stiffness matrix reformations = 1
	step from line search         = 0.630370
	convergence norms :     INITIAL         CURRENT         REQUIRED
	   residual            5.593540e-02    3.404987e-02    0.000000e+00 
	   energy              1.770639e-02    7.621287e-06    1.770639e-04 
	   displacement        1.611938e-02    1.104722e-05    1.343350e-08 
 7
 Nonlinear solution status: time= 1.10841
	stiffness updates             = 6
	right hand side evaluations   = 10
	stiffness matrix reformations = 1
	step from line search         = 0.565255
	convergence norms :     INITIAL         CURRENT         REQUIRED
	   residual            5.593540e-02    9.471552e-03    0.000000e+00 
	   energy              1.770639e-02    3.153159e-06    1.770639e-04 
	   displacement        1.611938e-02    3.517528e-06    1.328455e-08 
 8
 Nonlinear solution status: time= 1.10841
	stiffness updates             = 7
	right hand side evaluations   = 12
	stiffness matrix reformations = 1
	step from line search         = 0.604265
	convergence norms :     INITIAL         CURRENT         REQUIRED
	   residual            5.593540e-02    4.479358e-03    0.000000e+00 
	   energy              1.770639e-02    8.814107e-07    1.770639e-04 
	   displacement        1.611938e-02    1.326301e-06    1.334747e-08 
 9
 Nonlinear solution status: time= 1.10841
	stiffness updates             = 8
	right hand side evaluations   = 14
	stiffness matrix reformations = 1
	step from line search         = 0.565697
	convergence norms :     INITIAL         CURRENT         REQUIRED
	   residual            5.593540e-02    1.685133e-03    0.000000e+00 
	   energy              1.770639e-02    3.309708e-07    1.770639e-04 
	   displacement        1.611938e-02    3.006725e-07    1.341449e-08 
 10
 Nonlinear solution status: time= 1.10841
	stiffness updates             = 9
	right hand side evaluations   = 16
	stiffness matrix reformations = 1
	step from line search         = 0.612835
	convergence norms :     INITIAL         CURRENT         REQUIRED
	   residual            5.593540e-02    5.468430e-04    0.000000e+00 
	   energy              1.770639e-02    9.847451e-08    1.770639e-04 
	   displacement        1.611938e-02    9.186506e-08    1.343785e-08 

 *************************************************************************
 *                               WARNING                                 *
 * Max nr of iterations reached.                                         *
 * Stiffness matrix will now be reformed.                                *
 *************************************************************************
Reforming stiffness matrix: reformation #2

 11
 Nonlinear solution status: time= 1.10841
	stiffness updates             = 0
	right hand side evaluations   = 17
	stiffness matrix reformations = 2
	step from line search         = 1.000000
	convergence norms :     INITIAL         CURRENT         REQUIRED
	   residual            5.593540e-02    3.503073e-07    0.000000e+00 
	   energy              1.770639e-02    6.648121e-09    1.770639e-04 
	   displacement        1.611938e-02    1.346870e-07    1.341800e-08 
 12
 Nonlinear solution status: time= 1.10841
	stiffness updates             = 1
	right hand side evaluations   = 18
	stiffness matrix reformations = 2
	step from line search         = 1.000000
	convergence norms :     INITIAL         CURRENT         REQUIRED
	   residual            5.593540e-02    1.085996e-08    0.000000e+00 
	   energy              1.770639e-02    1.267458e-10    1.770639e-04 
	   displacement        1.611938e-02    1.842876e-09    1.342235e-08 

convergence summary
    number of iterations   : 12
    number of reformations : 2

------- converged at time : 1.10841


AUTO STEPPER: decreasing time step, dt = 0.00393875


===== beginning time step 47 : 1.11235 =====


Reforming stiffness matrix: reformation #1

 1
 Nonlinear solution status: time= 1.11235
	stiffness updates             = 0
	right hand side evaluations   = 2
	stiffness matrix reformations = 1
	step from line search         = 1.000000
	convergence norms :     INITIAL         CURRENT         REQUIRED
	   residual            5.192237e-02    1.339837e-01    0.000000e+00 
	   energy              1.533143e-02    1.191754e-03    1.533143e-04 
	   displacement        1.320972e-02    1.320972e-02    1.320972e-08 
 2
 Nonlinear solution status: time= 1.11235
	stiffness updates             = 1
	right hand side evaluations   = 3
	stiffness matrix reformations = 1
	step from line search         = 1.000000
	convergence norms :     INITIAL         CURRENT         REQUIRED
	   residual            5.192237e-02    1.468803e-01    0.000000e+00 
	   energy              1.533143e-02    1.274731e-04    1.533143e-04 
	   displacement        1.320972e-02    2.590823e-04    1.072608e-08 
 3
 Nonlinear solution status: time= 1.11235
	stiffness updates             = 2
	right hand side evaluations   = 4
	stiffness matrix reformations = 1
	step from line search         = 1.000000
	convergence norms :     INITIAL         CURRENT         REQUIRED
	   residual            5.192237e-02    9.088661e-02    0.000000e+00 
	   energy              1.533143e-02    4.811460e-05    1.533143e-04 
	   displacement        1.320972e-02    4.087972e-05    1.044429e-08 
 4
 Nonlinear solution status: time= 1.11235
	stiffness updates             = 3
	right hand side evaluations   = 5
	stiffness matrix reformations = 1
	step from line search         = 1.000000
	convergence norms :     INITIAL         CURRENT         REQUIRED
	   residual            5.192237e-02    5.263842e-02    0.000000e+00 
	   energy              1.533143e-02    2.653842e-05    1.533143e-04 
	   displacement        1.320972e-02    2.523333e-05    1.100500e-08 
 5
 Nonlinear solution status: time= 1.11235
	stiffness updates             = 4
	right hand side evaluations   = 6
	stiffness matrix reformations = 1
	step from line search         = 1.000000
	convergence norms :     INITIAL         CURRENT         REQUIRED
	   residual            5.192237e-02    3.114001e-02    0.000000e+00 
	   energy              1.533143e-02    1.363869e-05    1.533143e-04 
	   displacement        1.320972e-02    6.640608e-06    1.109018e-08 
 6
 Nonlinear solution status: time= 1.11235
	stiffness updates             = 5
	right hand side evaluations   = 7
	stiffness matrix reformations = 1
	step from line search         = 1.000000
	convergence norms :     INITIAL         CURRENT         REQUIRED
	   residual            5.192237e-02    2.054792e-02    0.000000e+00 
	   energy              1.533143e-02    9.388981e-06    1.533143e-04 
	   displacement        1.320972e-02    5.562517e-06    1.087868e-08 
 7
 Nonlinear solution status: time= 1.11235
	stiffness updates             = 6
	right hand side evaluations   = 8
	stiffness matrix reformations = 1
	step from line search         = 1.000000
	convergence norms :     INITIAL         CURRENT         REQUIRED
	   residual            5.192237e-02    1.104055e-02    0.000000e+00 
	   energy              1.533143e-02    5.087771e-06    1.533143e-04 
	   displacement        1.320972e-02    2.397193e-06    1.085746e-08 
 8
 Nonlinear solution status: time= 1.11235
	stiffness updates             = 7
	right hand side evaluations   = 9
	stiffness matrix reformations = 1
	step from line search         = 1.000000
	convergence norms :     INITIAL         CURRENT         REQUIRED
	   residual            5.192237e-02    4.774942e-03    0.000000e+00 
	   energy              1.533143e-02    2.897058e-06    1.533143e-04 
	   displacement        1.320972e-02    1.846814e-06    1.098097e-08 
 9
 Nonlinear solution status: time= 1.11235
	stiffness updates             = 8
	right hand side evaluations   = 10
	stiffness matrix reformations = 1
	step from line search         = 1.000000
	convergence norms :     INITIAL         CURRENT         REQUIRED
	   residual            5.192237e-02    2.109122e-03    0.000000e+00 
	   energy              1.533143e-02    1.036163e-06    1.533143e-04 
	   displacement        1.320972e-02    6.900520e-07    1.096983e-08 
 10
 Nonlinear solution status: time= 1.11235
	stiffness updates             = 9
	right hand side evaluations   = 11
	stiffness matrix reformations = 1
	step from line search         = 1.000000
	convergence norms :     INITIAL         CURRENT         REQUIRED
	   residual            5.192237e-02    1.606397e-03    0.000000e+00 
	   energy              1.533143e-02    7.315932e-07    1.533143e-04 
	   displacement        1.320972e-02    3.163116e-07    1.092380e-08 

 *************************************************************************
 *                               WARNING                                 *
 * Max nr of iterations reached.                                         *
 * Stiffness matrix will now be reformed.                                *
 *************************************************************************
Reforming stiffness matrix: reformation #2

 11
 Nonlinear solution status: time= 1.11235
	stiffness updates             = 0
	right hand side evaluations   = 12
	stiffness matrix reformations = 2
	step from line search         = 1.000000
	convergence norms :     INITIAL         CURRENT         REQUIRED
	   residual            5.192237e-02    6.923666e-08    0.000000e+00 
	   energy              1.533143e-02    1.267677e-08    1.533143e-04 
	   displacement        1.320972e-02    1.284050e-07    1.095261e-08 
 12
 Nonlinear solution status: time= 1.11235
	stiffness updates             = 1
	right hand side evaluations   = 13
	stiffness matrix reformations = 2
	step from line search         = 1.000000
	convergence norms :     INITIAL         CURRENT         REQUIRED
	   residual            5.192237e-02    1.956499e-08    0.000000e+00 
	   energy              1.533143e-02    3.121436e-10    1.533143e-04 
	   displacement        1.320972e-02    3.557148e-09    1.094620e-08 

convergence summary
    number of iterations   : 12
    number of reformations : 2

------- converged at time : 1.11235


AUTO STEPPER: decreasing time step, dt = 0.00377106


===== beginning time step 48 : 1.11612 =====


Reforming stiffness matrix: reformation #1

 1
 Nonlinear solution status: time= 1.11612
	stiffness updates             = 0
	right hand side evaluations   = 2
	stiffness matrix reformations = 1
	step from line search         = 1.000000
	convergence norms :     INITIAL         CURRENT         REQUIRED
	   residual            4.907947e-02    8.486723e-02    0.000000e+00 
	   energy              1.348648e-02    1.033859e-03    1.348648e-04 
	   displacement        1.098813e-02    1.098813e-02    1.098813e-08 
 2
 Nonlinear solution status: time= 1.11612
	stiffness updates             = 1
	right hand side evaluations   = 3
	stiffness matrix reformations = 1
	step from line search         = 1.000000
	convergence norms :     INITIAL         CURRENT         REQUIRED
	   residual            4.907947e-02    7.458560e-02    0.000000e+00 
	   energy              1.348648e-02    7.816201e-05    1.348648e-04 
	   displacement        1.098813e-02    2.111767e-04    8.889519e-09 
 3
 Nonlinear solution status: time= 1.11612
	stiffness updates             = 2
	right hand side evaluations   = 4
	stiffness matrix reformations = 1
	step from line search         = 1.000000
	convergence norms :     INITIAL         CURRENT         REQUIRED
	   residual            4.907947e-02    3.539493e-02    0.000000e+00 
	   energy              1.348648e-02    2.347812e-05    1.348648e-04 
	   displacement        1.098813e-02    2.418361e-05    8.770540e-09 
 4
 Nonlinear solution status: time= 1.11612
	stiffness updates             = 3
	right hand side evaluations   = 5
	stiffness matrix reformations = 1
	step from line search         = 1.000000
	convergence norms :     INITIAL         CURRENT         REQUIRED
	   residual            4.907947e-02    1.287498e-02    0.000000e+00 
	   energy              1.348648e-02    8.423224e-06    1.348648e-04 
	   displacement        1.098813e-02    1.023753e-05    9.107666e-09 
 5
 Nonlinear solution status: time= 1.11612
	stiffness updates             = 4
	right hand side evaluations   = 6
	stiffness matrix reformations = 1
	step from line search         = 1.000000
	convergence norms :     INITIAL         CURRENT         REQUIRED
	   residual            4.907947e-02    5.612536e-03    0.000000e+00 
	   energy              1.348648e-02    2.940115e-06    1.348648e-04 
	   displacement        1.098813e-02    1.866662e-06    9.116502e-09 
 6
 Nonlinear solution status: time= 1.11612
	stiffness updates             = 5
	right hand side evaluations   = 7
	stiffness matrix reformations = 1
	step from line search         = 1.000000
	convergence norms :     INITIAL         CURRENT         REQUIRED
	   residual            4.907947e-02    2.829433e-03    0.000000e+00 
	   energy              1.348648e-02    1.385585e-06    1.348648e-04 
	   displacement        1.098813e-02    1.012286e-06    9.037192e-09 
 7
 Nonlinear solution status: time= 1.11612
	stiffness updates             = 6
	right hand side evaluations   = 8
	stiffness matrix reformations = 1
	step from line search         = 1.000000
	convergence norms :     INITIAL         CURRENT         REQUIRED
	   residual            4.907947e-02    1.169234e-03    0.000000e+00 
	   energy              1.348648e-02    5.907040e-07    1.348648e-04 
	   displacement        1.098813e-02    3.197367e-07    9.043605e-09 
 8
 Nonlinear solution status: time= 1.11612
	stiffness updates             = 7
	right hand side evaluations   = 9
	stiffness matrix reformations = 1
	step from line search         = 1.000000
	convergence norms :     INITIAL         CURRENT         REQUIRED
	   residual            4.907947e-02    4.095351e-04    0.000000e+00 
	   energy              1.348648e-02    2.498730e-07    1.348648e-04 
	   displacement        1.098813e-02    1.543861e-07    9.076078e-09 
 9
 Nonlinear solution status: time= 1.11612
	stiffness updates             = 8
	right hand side evaluations   = 10
	stiffness matrix reformations = 1
	step from line search         = 1.000000
	convergence norms :     INITIAL         CURRENT         REQUIRED
	   residual            4.907947e-02    1.766110e-04    0.000000e+00 
	   energy              1.348648e-02    8.945005e-08    1.348648e-04 
	   displacement        1.098813e-02    6.030397e-08    9.069874e-09 
 10
 Nonlinear solution status: time= 1.11612
	stiffness updates             = 9
	right hand side evaluations   = 11
	stiffness matrix reformations = 1
	step from line search         = 1.000000
	convergence norms :     INITIAL         CURRENT         REQUIRED
	   residual            4.907947e-02    1.015409e-04    0.000000e+00 
	   energy              1.348648e-02    4.571242e-08    1.348648e-04 
	   displacement        1.098813e-02    2.121915e-08    9.060222e-09 

 *************************************************************************
 *                               WARNING                                 *
 * Max nr of iterations reached.                                         *
 * Stiffness matrix will now be reformed.                                *
 *************************************************************************
Reforming stiffness matrix: reformation #2

 11
 Nonlinear solution status: time= 1.11612
	stiffness updates             = 0
	right hand side evaluations   = 12
	stiffness matrix reformations = 2
	step from line search         = 1.000000
	convergence norms :     INITIAL         CURRENT         REQUIRED
	   residual            4.907947e-02    2.321692e-09    0.000000e+00 
	   energy              1.348648e-02    7.466374e-10    1.348648e-04 
	   displacement        1.098813e-02    7.791379e-09    9.066901e-09 

convergence summary
    number of iterations   : 11
    number of reformations : 2

------- converged at time : 1.11612


===== beginning time step 49 : 1.11989 =====


Reforming stiffness matrix: reformation #1

 1
 Nonlinear solution status: time= 1.11989
	stiffness updates             = 0
	right hand side evaluations   = 2
	stiffness matrix reformations = 1
	step from line search         = 1.000000
	convergence norms :     INITIAL         CURRENT         REQUIRED
	   residual            4.354412e-02    6.295142e-02    0.000000e+00 
	   energy              1.202692e-02    9.363682e-04    1.202692e-04 
	   displacement        1.000315e-02    1.000315e-02    1.000315e-08 
 2
 Nonlinear solution status: time= 1.11989
	stiffness updates             = 1
	right hand side evaluations   = 3
	stiffness matrix reformations = 1
	step from line search         = 1.000000
	convergence norms :     INITIAL         CURRENT         REQUIRED
	   residual            4.354412e-02    5.237349e-02    0.000000e+00 
	   energy              1.202692e-02    6.066740e-05    1.202692e-04 
	   displacement        1.000315e-02    1.921827e-04    8.056994e-09 
 3
 Nonlinear solution status: time= 1.11989
	stiffness updates             = 2
	right hand side evaluations   = 4
	stiffness matrix reformations = 1
	step from line search         = 1.000000
	convergence norms :     INITIAL         CURRENT         REQUIRED
	   residual            4.354412e-02    2.001476e-02    0.000000e+00 
	   energy              1.202692e-02    1.572294e-05    1.202692e-04 
	   displacement        1.000315e-02    1.885201e-05    7.988397e-09 
 4
 Nonlinear solution status: time= 1.11989
	stiffness updates             = 3
	right hand side evaluations   = 5
	stiffness matrix reformations = 1
	step from line search         = 1.000000
	convergence norms :     INITIAL         CURRENT         REQUIRED
	   residual            4.354412e-02    6.012306e-03    0.000000e+00 
	   energy              1.202692e-02    4.682267e-06    1.202692e-04 
	   displacement        1.000315e-02    6.436775e-06    8.249183e-09 
 5
 Nonlinear solution status: time= 1.11989
	stiffness updates             = 4
	right hand side evaluations   = 6
	stiffness matrix reformations = 1
	step from line search         = 1.000000
	convergence norms :     INITIAL         CURRENT         REQUIRED
	   residual            4.354412e-02    2.436071e-03    0.000000e+00 
	   energy              1.202692e-02    1.384483e-06    1.202692e-04 
	   displacement        1.000315e-02    1.015531e-06    8.246455e-09 
 6
 Nonlinear solution status: time= 1.11989
	stiffness updates             = 5
	right hand side evaluations   = 7
	stiffness matrix reformations = 1
	step from line search         = 1.000000
	convergence norms :     INITIAL         CURRENT         REQUIRED
	   residual            4.354412e-02    1.084290e-03    0.000000e+00 
	   energy              1.202692e-02    5.831128e-07    1.202692e-04 
	   displacement        1.000315e-02    4.581308e-07    8.197118e-09 
 7
 Nonlinear solution status: time= 1.11989
	stiffness updates             = 6
	right hand side evaluations   = 8
	stiffness matrix reformations = 1
	step from line search         = 1.000000
	convergence norms :     INITIAL         CURRENT         REQUIRED
	   residual            4.354412e-02    4.069772e-04    0.000000e+00 
	   energy              1.202692e-02    2.265458e-07    1.202692e-04 
	   displacement        1.000315e-02    1.292967e-07    8.203287e-09 
 8
 Nonlinear solution status: time= 1.11989
	stiffness updates             = 7
	right hand side evaluations   = 9
	stiffness matrix reformations = 1
	step from line search         = 1.000000
	convergence norms :     INITIAL         CURRENT         REQUIRED
	   residual            4.354412e-02    1.418221e-04    0.000000e+00 
	   energy              1.202692e-02    8.366289e-08    1.202692e-04 
	   displacement        1.000315e-02    5.628248e-08    8.221519e-09 
 9
 Nonlinear solution status: time= 1.11989
	stiffness updates             = 8
	right hand side evaluations   = 10
	stiffness matrix reformations = 1
	step from line search         = 1.000000
	convergence norms :     INITIAL         CURRENT         REQUIRED
	   residual            4.354412e-02    5.992671e-05    0.000000e+00 
	   energy              1.202692e-02    2.840993e-08    1.202692e-04 
	   displacement        1.000315e-02    1.940284e-08    8.217621e-09 
 10
 Nonlinear solution status: time= 1.11989
	stiffness updates             = 9
	right hand side evaluations   = 11
	stiffness matrix reformations = 1
	step from line search         = 1.000000
	convergence norms :     INITIAL         CURRENT         REQUIRED
	   residual            4.354412e-02    2.872863e-05    0.000000e+00 
	   energy              1.202692e-02    1.276429e-08    1.202692e-04 
	   displacement        1.000315e-02    6.441410e-09    8.212825e-09 

convergence summary
    number of iterations   : 10
    number of reformations : 1

------- converged at time : 1.11989


AUTO STEPPER: increasing time step, dt = 0.00407509


===== beginning time step 50 : 1.12397 =====


Reforming stiffness matrix: reformation #1

 1
 Nonlinear solution status: time= 1.12397
	stiffness updates             = 0
	right hand side evaluations   = 2
	stiffness matrix reformations = 1
	step from line search         = 1.000000
	convergence norms :     INITIAL         CURRENT         REQUIRED
	   residual            3.379510e-02    5.767341e-02    0.000000e+00 
	   energy              1.078442e-02    8.889042e-04    1.078442e-04 
	   displacement        1.051201e-02    1.051201e-02    1.051201e-08 
 2
 Nonlinear solution status: time= 1.12397
	stiffness updates             = 1
	right hand side evaluations   = 3
	stiffness matrix reformations = 1
	step from line search         = 1.000000
	convergence norms :     INITIAL         CURRENT         REQUIRED
	   residual            3.379510e-02    4.865487e-02    0.000000e+00 
	   energy              1.078442e-02    6.172182e-05    1.078442e-04 
	   displacement        1.051201e-02    2.027025e-04    8.419811e-09 
 3
 Nonlinear solution status: time= 1.12397
	stiffness updates             = 2
	right hand side evaluations   = 4
	stiffness matrix reformations = 1
	step from line search         = 1.000000
	convergence norms :     INITIAL         CURRENT         REQUIRED
	   residual            3.379510e-02    1.762580e-02    0.000000e+00 
	   energy              1.078442e-02    1.562452e-05    1.078442e-04 
	   displacement        1.051201e-02    2.200524e-05    8.331226e-09 
 4
 Nonlinear solution status: time= 1.12397
	stiffness updates             = 3
	right hand side evaluations   = 5
	stiffness matrix reformations = 1
	step from line search         = 1.000000
	convergence norms :     INITIAL         CURRENT         REQUIRED
	   residual            3.379510e-02    5.826612e-03    0.000000e+00 
	   energy              1.078442e-02    4.699849e-06    1.078442e-04 
	   displacement        1.051201e-02    7.048434e-06    8.629106e-09 
 5
 Nonlinear solution status: time= 1.12397
	stiffness updates             = 4
	right hand side evaluations   = 6
	stiffness matrix reformations = 1
	step from line search         = 1.000000
	convergence norms :     INITIAL         CURRENT         REQUIRED
	   residual            3.379510e-02    3.231210e-03    0.000000e+00 
	   energy              1.078442e-02    1.583667e-06    1.078442e-04 
	   displacement        1.051201e-02    1.104681e-06    8.630898e-09 
 6
 Nonlinear solution status: time= 1.12397
	stiffness updates             = 5
	right hand side evaluations   = 7
	stiffness matrix reformations = 1
	step from line search         = 1.000000
	convergence norms :     INITIAL         CURRENT         REQUIRED
	   residual            3.379510e-02    1.674687e-03    0.000000e+00 
	   energy              1.078442e-02    8.218319e-07    1.078442e-04 
	   displacement        1.051201e-02    5.718800e-07    8.571252e-09 
 7
 Nonlinear solution status: time= 1.12397
	stiffness updates             = 6
	right hand side evaluations   = 8
	stiffness matrix reformations = 1
	step from line search         = 1.000000
	convergence norms :     INITIAL         CURRENT         REQUIRED
	   residual            3.379510e-02    4.548949e-04    0.000000e+00 
	   energy              1.078442e-02    2.880837e-07    1.078442e-04 
	   displacement        1.051201e-02    1.961269e-07    8.576142e-09 
 8
 Nonlinear solution status: time= 1.12397
	stiffness updates             = 7
	right hand side evaluations   = 9
	stiffness matrix reformations = 1
	step from line search         = 1.000000
	convergence norms :     INITIAL         CURRENT         REQUIRED
	   residual            3.379510e-02    1.528370e-04    0.000000e+00 
	   energy              1.078442e-02    1.034143e-07    1.078442e-04 
	   displacement        1.051201e-02    8.338143e-08    8.600354e-09 
 9
 Nonlinear solution status: time= 1.12397
	stiffness updates             = 8
	right hand side evaluations   = 10
	stiffness matrix reformations = 1
	step from line search         = 1.000000
	convergence norms :     INITIAL         CURRENT         REQUIRED
	   residual            3.379510e-02    5.150078e-05    0.000000e+00 
	   energy              1.078442e-02    2.835474e-08    1.078442e-04 
	   displacement        1.051201e-02    2.335475e-08    8.595704e-09 
 10
 Nonlinear solution status: time= 1.12397
	stiffness updates             = 9
	right hand side evaluations   = 11
	stiffness matrix reformations = 1
	step from line search         = 1.000000
	convergence norms :     INITIAL         CURRENT         REQUIRED
	   residual            3.379510e-02    2.227762e-05    0.000000e+00 
	   energy              1.078442e-02    1.216255e-08    1.078442e-04 
	   displacement        1.051201e-02    7.774978e-09    8.589889e-09 

convergence summary
    number of iterations   : 10
    number of reformations : 1

------- converged at time : 1.12397


AUTO STEPPER: increasing time step, dt = 0.00436428

MUST POINT CONTROLLER: adjusting time step. dt = 0.00103334


===== beginning time step 51 : 1.125 =====


Reforming stiffness matrix: reformation #1

 1
 Nonlinear solution status: time= 1.125
	stiffness updates             = 0
	right hand side evaluations   = 2
	stiffness matrix reformations = 1
	step from line search         = 1.000000
	convergence norms :     INITIAL         CURRENT         REQUIRED
	   residual            3.931783e-01    3.569395e-02    0.000000e+00 
	   energy              9.000459e-03    6.509655e-04    9.000459e-05 
	   displacement        6.535587e-04    6.535587e-04    6.535587e-10 
 2
 Nonlinear solution status: time= 1.125
	stiffness updates             = 1
	right hand side evaluations   = 3
	stiffness matrix reformations = 1
	step from line search         = 1.000000
	convergence norms :     INITIAL         CURRENT         REQUIRED
	   residual            3.931783e-01    8.008255e-03    0.000000e+00 
	   energy              9.000459e-03    2.979480e-05    9.000459e-05 
	   displacement        6.535587e-04    2.601991e-05    5.232159e-10 
 3
 Nonlinear solution status: time= 1.125
	stiffness updates             = 2
	right hand side evaluations   = 4
	stiffness matrix reformations = 1
	step from line search         = 1.000000
	convergence norms :     INITIAL         CURRENT         REQUIRED
	   residual            3.931783e-01    1.450327e-04    0.000000e+00 
	   energy              9.000459e-03    1.442582e-07    9.000459e-05 
	   displacement        6.535587e-04    7.597583e-07    5.327827e-10 
 4
 Nonlinear solution status: time= 1.125
	stiffness updates             = 3
	right hand side evaluations   = 5
	stiffness matrix reformations = 1
	step from line search         = 1.000000
	convergence norms :     INITIAL         CURRENT         REQUIRED
	   residual            3.931783e-01    1.465078e-06    0.000000e+00 
	   energy              9.000459e-03    3.218262e-09    9.000459e-05 
	   displacement        6.535587e-04    7.548491e-09    5.346315e-10 
 5
 Nonlinear solution status: time= 1.125
	stiffness updates             = 4
	right hand side evaluations   = 6
	stiffness matrix reformations = 1
	step from line search         = 1.000000
	convergence norms :     INITIAL         CURRENT         REQUIRED
	   residual            3.931783e-01    8.249772e-08    0.000000e+00 
	   energy              9.000459e-03    4.189519e-12    9.000459e-05 
	   displacement        6.535587e-04    3.126764e-10    5.346064e-10 

convergence summary
    number of iterations   : 5
    number of reformations : 1

------- converged at time : 1.125


AUTO STEPPER: increasing time step, dt = 0.00549142


===== beginning time step 52 : 1.13049 =====


Reforming stiffness matrix: reformation #1

 1
 Nonlinear solution status: time= 1.13049
	stiffness updates             = 0
	right hand side evaluations   = 2
	stiffness matrix reformations = 1
	step from line search         = 1.000000
	convergence norms :     INITIAL         CURRENT         REQUIRED
	   residual            1.735149e-02    9.349191e-02    0.000000e+00 
	   energy              9.491356e-03    9.804676e-04    9.491356e-05 
	   displacement        1.601643e-02    1.601643e-02    1.601643e-08 
 2
 Nonlinear solution status: time= 1.13049
	stiffness updates             = 1
	right hand side evaluations   = 3
	stiffness matrix reformations = 1
	step from line search         = 1.000000
	convergence norms :     INITIAL         CURRENT         REQUIRED
	   residual            1.735149e-02    9.228347e-02    0.000000e+00 
	   energy              9.491356e-03    1.447198e-04    9.491356e-05 
	   displacement        1.601643e-02    3.543201e-04    1.265768e-08 
 3
 Nonlinear solution status: time= 1.13049
	stiffness updates             = 2
	right hand side evaluations   = 4
	stiffness matrix reformations = 1
	step from line search         = 1.000000
	convergence norms :     INITIAL         CURRENT         REQUIRED
	   residual            1.735149e-02    3.303542e-02    0.000000e+00 
	   energy              9.491356e-03    2.966047e-05    9.491356e-05 
	   displacement        1.601643e-02    7.216397e-05    1.226507e-08 
 4
 Nonlinear solution status: time= 1.13049
	stiffness updates             = 3
	right hand side evaluations   = 5
	stiffness matrix reformations = 1
	step from line search         = 1.000000
	convergence norms :     INITIAL         CURRENT         REQUIRED
	   residual            1.735149e-02    2.640271e-02    0.000000e+00 
	   energy              9.491356e-03    2.107425e-05    9.491356e-05 
	   displacement        1.601643e-02    2.789197e-05    1.306671e-08 
 5
 Nonlinear solution status: time= 1.13049
	stiffness updates             = 4
	right hand side evaluations   = 6
	stiffness matrix reformations = 1
	step from line search         = 1.000000
	convergence norms :     INITIAL         CURRENT         REQUIRED
	   residual            1.735149e-02    1.398566e-02    0.000000e+00 
	   energy              9.491356e-03    7.598027e-06    9.491356e-05 
	   displacement        1.601643e-02    5.716954e-06    1.315099e-08 
 6
 Nonlinear solution status: time= 1.13049
	stiffness updates             = 5
	right hand side evaluations   = 8
	stiffness matrix reformations = 1
	step from line search         = 0.620351
	convergence norms :     INITIAL         CURRENT         REQUIRED
	   residual            1.735149e-02    2.691383e-03    0.000000e+00 
	   energy              9.491356e-03    1.173785e-06    9.491356e-05 
	   displacement        1.601643e-02    2.056112e-06    1.297979e-08 
 7
 Nonlinear solution status: time= 1.13049
	stiffness updates             = 6
	right hand side evaluations   = 10
	stiffness matrix reformations = 1
	step from line search         = 0.619519
	convergence norms :     INITIAL         CURRENT         REQUIRED
	   residual            1.735149e-02    8.462929e-04    0.000000e+00 
	   energy              9.491356e-03    3.129516e-07    9.491356e-05 
	   displacement        1.601643e-02    5.690378e-07    1.292636e-08 
 8
 Nonlinear solution status: time= 1.13049
	stiffness updates             = 7
	right hand side evaluations   = 12
	stiffness matrix reformations = 1
	step from line search         = 0.597153
	convergence norms :     INITIAL         CURRENT         REQUIRED
	   residual            1.735149e-02    2.731708e-04    0.000000e+00 
	   energy              9.491356e-03    1.046537e-07    9.491356e-05 
	   displacement        1.601643e-02    1.627700e-07    1.295435e-08 
 9
 Nonlinear solution status: time= 1.13049
	stiffness updates             = 8
	right hand side evaluations   = 13
	stiffness matrix reformations = 1
	step from line search         = 1.000000
	convergence norms :     INITIAL         CURRENT         REQUIRED
	   residual            1.735149e-02    3.196477e-04    0.000000e+00 
	   energy              9.491356e-03    1.628847e-07    9.491356e-05 
	   displacement        1.601643e-02    1.203854e-07    1.300256e-08 
 10
 Nonlinear solution status: time= 1.13049
	stiffness updates             = 9
	right hand side evaluations   = 14
	stiffness matrix reformations = 1
	step from line search         = 1.000000
	convergence norms :     INITIAL         CURRENT         REQUIRED
	   residual            1.735149e-02    1.033303e-04    0.000000e+00 
	   energy              9.491356e-03    4.378752e-08    9.491356e-05 
	   displacement        1.601643e-02    3.636617e-08    1.299910e-08 

 *************************************************************************
 *                               WARNING                                 *
 * Max nr of iterations reached.                                         *
 * Stiffness matrix will now be reformed.                                *
 *************************************************************************
Reforming stiffness matrix: reformation #2

 11
 Nonlinear solution status: time= 1.13049
	stiffness updates             = 0
	right hand side evaluations   = 15
	stiffness matrix reformations = 2
	step from line search         = 1.000000
	convergence norms :     INITIAL         CURRENT         REQUIRED
	   residual            1.735149e-02    2.520198e-09    0.000000e+00 
	   energy              9.491356e-03    1.076139e-09    9.491356e-05 
	   displacement        1.601643e-02    2.576843e-08    1.298617e-08 
 12
 Nonlinear solution status: time= 1.13049
	stiffness updates             = 1
	right hand side evaluations   = 16
	stiffness matrix reformations = 2
	step from line search         = 1.000000
	convergence norms :     INITIAL         CURRENT         REQUIRED
	   residual            1.735149e-02    5.907593e-10    0.000000e+00 
	   energy              9.491356e-03    1.326605e-11    9.491356e-05 
	   displacement        1.601643e-02    3.100618e-10    1.298806e-08 

convergence summary
    number of iterations   : 12
    number of reformations : 2

------- converged at time : 1.13049


AUTO STEPPER: decreasing time step, dt = 0.00525764


===== beginning time step 53 : 1.13575 =====


Reforming stiffness matrix: reformation #1

 1
 Nonlinear solution status: time= 1.13575
	stiffness updates             = 0
	right hand side evaluations   = 2
	stiffness matrix reformations = 1
	step from line search         = 1.000000
	convergence norms :     INITIAL         CURRENT         REQUIRED
	   residual            1.533221e-02    5.836524e-02    0.000000e+00 
	   energy              7.782797e-03    7.828816e-04    7.782797e-05 
	   displacement        1.242329e-02    1.242329e-02    1.242329e-08 
 2
 Nonlinear solution status: time= 1.13575
	stiffness updates             = 1
	right hand side evaluations   = 3
	stiffness matrix reformations = 1
	step from line search         = 1.000000
	convergence norms :     INITIAL         CURRENT         REQUIRED
	   residual            1.533221e-02    4.882859e-02    0.000000e+00 
	   energy              7.782797e-03    8.177334e-05    7.782797e-05 
	   displacement        1.242329e-02    2.593131e-04    9.776277e-09 
 3
 Nonlinear solution status: time= 1.13575
	stiffness updates             = 2
	right hand side evaluations   = 4
	stiffness matrix reformations = 1
	step from line search         = 1.000000
	convergence norms :     INITIAL         CURRENT         REQUIRED
	   residual            1.533221e-02    1.586231e-02    0.000000e+00 
	   energy              7.782797e-03    1.722817e-05    7.782797e-05 
	   displacement        1.242329e-02    4.029273e-05    9.606386e-09 
 4
 Nonlinear solution status: time= 1.13575
	stiffness updates             = 3
	right hand side evaluations   = 5
	stiffness matrix reformations = 1
	step from line search         = 1.000000
	convergence norms :     INITIAL         CURRENT         REQUIRED
	   residual            1.533221e-02    7.425567e-03    0.000000e+00 
	   energy              7.782797e-03    6.926420e-06    7.782797e-05 
	   displacement        1.242329e-02    1.191825e-05    1.008940e-08 
 5
 Nonlinear solution status: time= 1.13575
	stiffness updates             = 4
	right hand side evaluations   = 6
	stiffness matrix reformations = 1
	step from line search         = 1.000000
	convergence norms :     INITIAL         CURRENT         REQUIRED
	   residual            1.533221e-02    3.759261e-03    0.000000e+00 
	   energy              7.782797e-03    2.253414e-06    7.782797e-05 
	   displacement        1.242329e-02    1.929182e-06    1.010768e-08 
 6
 Nonlinear solution status: time= 1.13575
	stiffness updates             = 5
	right hand side evaluations   = 7
	stiffness matrix reformations = 1
	step from line search         = 1.000000
	convergence norms :     INITIAL         CURRENT         REQUIRED
	   residual            1.533221e-02    2.268670e-03    0.000000e+00 
	   energy              7.782797e-03    1.473425e-06    7.782797e-05 
	   displacement        1.242329e-02    1.165941e-06    9.993319e-09 
 7
 Nonlinear solution status: time= 1.13575
	stiffness updates             = 6
	right hand side evaluations   = 8
	stiffness matrix reformations = 1
	step from line search         = 1.000000
	convergence norms :     INITIAL         CURRENT         REQUIRED
	   residual            1.533221e-02    6.600750e-04    0.000000e+00 
	   energy              7.782797e-03    4.331018e-07    7.782797e-05 
	   displacement        1.242329e-02    4.013546e-07    1.000161e-08 
 8
 Nonlinear solution status: time= 1.13575
	stiffness updates             = 7
	right hand side evaluations   = 9
	stiffness matrix reformations = 1
	step from line search         = 1.000000
	convergence norms :     INITIAL         CURRENT         REQUIRED
	   residual            1.533221e-02    4.538696e-04    0.000000e+00 
	   energy              7.782797e-03    2.976339e-07    7.782797e-05 
	   displacement        1.242329e-02    2.135768e-07    1.005305e-08 
 9
 Nonlinear solution status: time= 1.13575
	stiffness updates             = 8
	right hand side evaluations   = 10
	stiffness matrix reformations = 1
	step from line search         = 1.000000
	convergence norms :     INITIAL         CURRENT         REQUIRED
	   residual            1.533221e-02    1.435652e-04    0.000000e+00 
	   energy              7.782797e-03    8.031217e-08    7.782797e-05 
	   displacement        1.242329e-02    6.510849e-08    1.004582e-08 
 10
 Nonlinear solution status: time= 1.13575
	stiffness updates             = 9
	right hand side evaluations   = 12
	stiffness matrix reformations = 1
	step from line search         = 0.635435
	convergence norms :     INITIAL         CURRENT         REQUIRED
	   residual            1.533221e-02    2.446998e-05    0.000000e+00 
	   energy              7.782797e-03    1.056432e-08    7.782797e-05 
	   displacement        1.242329e-02    1.803028e-08    1.003300e-08 

 *************************************************************************
 *                               WARNING                                 *
 * Max nr of iterations reached.                                         *
 * Stiffness matrix will now be reformed.                                *
 *************************************************************************
Reforming stiffness matrix: reformation #2

 11
 Nonlinear solution status: time= 1.13575
	stiffness updates             = 0
	right hand side evaluations   = 13
	stiffness matrix reformations = 2
	step from line search         = 1.000000
	convergence norms :     INITIAL         CURRENT         REQUIRED
	   residual            1.533221e-02    5.231409e-10    0.000000e+00 
	   energy              7.782797e-03    3.188513e-10    7.782797e-05 
	   displacement        1.242329e-02    6.306332e-09    1.003783e-08 

convergence summary
    number of iterations   : 11
    number of reformations : 2

------- converged at time : 1.13575


===== beginning time step 54 : 1.14101 =====


Reforming stiffness matrix: reformation #1

 1
 Nonlinear solution status: time= 1.14101
	stiffness updates             = 0
	right hand side evaluations   = 2
	stiffness matrix reformations = 1
	step from line search         = 1.000000
	convergence norms :     INITIAL         CURRENT         REQUIRED
	   residual            1.291505e-02    4.678747e-02    0.000000e+00 
	   energy              6.549960e-03    6.709650e-04    6.549960e-05 
	   displacement        1.058831e-02    1.058831e-02    1.058831e-08 
 2
 Nonlinear solution status: time= 1.14101
	stiffness updates             = 1
	right hand side evaluations   = 3
	stiffness matrix reformations = 1
	step from line search         = 1.000000
	convergence norms :     INITIAL         CURRENT         REQUIRED
	   residual            1.291505e-02    3.520110e-02    0.000000e+00 
	   energy              6.549960e-03    6.174572e-05    6.549960e-05 
	   displacement        1.058831e-02    2.204731e-04    8.295345e-09 
 3
 Nonlinear solution status: time= 1.14101
	stiffness updates             = 2
	right hand side evaluations   = 4
	stiffness matrix reformations = 1
	step from line search         = 1.000000
	convergence norms :     INITIAL         CURRENT         REQUIRED
	   residual            1.291505e-02    1.021213e-02    0.000000e+00 
	   energy              6.549960e-03    1.200948e-05    6.549960e-05 
	   displacement        1.058831e-02    3.041533e-05    8.201935e-09 
 4
 Nonlinear solution status: time= 1.14101
	stiffness updates             = 3
	right hand side evaluations   = 5
	stiffness matrix reformations = 1
	step from line search         = 1.000000
	convergence norms :     INITIAL         CURRENT         REQUIRED
	   residual            1.291505e-02    3.815511e-03    0.000000e+00 
	   energy              6.549960e-03    3.936362e-06    6.549960e-05 
	   displacement        1.058831e-02    7.751696e-06    8.563349e-09 
 5
 Nonlinear solution status: time= 1.14101
	stiffness updates             = 4
	right hand side evaluations   = 6
	stiffness matrix reformations = 1
	step from line search         = 1.000000
	convergence norms :     INITIAL         CURRENT         REQUIRED
	   residual            1.291505e-02    1.713845e-03    0.000000e+00 
	   energy              6.549960e-03    1.063541e-06    6.549960e-05 
	   displacement        1.058831e-02    1.130912e-06    8.565074e-09 
 6
 Nonlinear solution status: time= 1.14101
	stiffness updates             = 5
	right hand side evaluations   = 7
	stiffness matrix reformations = 1
	step from line search         = 1.000000
	convergence norms :     INITIAL         CURRENT         REQUIRED
	   residual            1.291505e-02    1.073927e-03    0.000000e+00 
	   energy              6.549960e-03    6.320479e-07    6.549960e-05 
	   displacement        1.058831e-02    5.240910e-07    8.495709e-09 
 7
 Nonlinear solution status: time= 1.14101
	stiffness updates             = 6
	right hand side evaluations   = 8
	stiffness matrix reformations = 1
	step from line search         = 1.000000
	convergence norms :     INITIAL         CURRENT         REQUIRED
	   residual            1.291505e-02    3.179066e-04    0.000000e+00 
	   energy              6.549960e-03    2.009410e-07    6.549960e-05 
	   displacement        1.058831e-02    1.731360e-07    8.501476e-09 
 8
 Nonlinear solution status: time= 1.14101
	stiffness updates             = 7
	right hand side evaluations   = 9
	stiffness matrix reformations = 1
	step from line search         = 1.000000
	convergence norms :     INITIAL         CURRENT         REQUIRED
	   residual            1.291505e-02    1.618535e-04    0.000000e+00 
	   energy              6.549960e-03    1.133814e-07    6.549960e-05 
	   displacement        1.058831e-02    9.439303e-08    8.532337e-09 
 9
 Nonlinear solution status: time= 1.14101
	stiffness updates             = 8
	right hand side evaluations   = 10
	stiffness matrix reformations = 1
	step from line search         = 1.000000
	convergence norms :     INITIAL         CURRENT         REQUIRED
	   residual            1.291505e-02    4.737033e-05    0.000000e+00 
	   energy              6.549960e-03    2.687368e-08    6.549960e-05 
	   displacement        1.058831e-02    2.633036e-08    8.527003e-09 
 10
 Nonlinear solution status: time= 1.14101
	stiffness updates             = 9
	right hand side evaluations   = 11
	stiffness matrix reformations = 1
	step from line search         = 1.000000
	convergence norms :     INITIAL         CURRENT         REQUIRED
	   residual            1.291505e-02    2.739623e-05    0.000000e+00 
	   energy              6.549960e-03    1.902769e-08    6.549960e-05 
	   displacement        1.058831e-02    1.307190e-08    8.517242e-09 

 *************************************************************************
 *                               WARNING                                 *
 * Max nr of iterations reached.                                         *
 * Stiffness matrix will now be reformed.                                *
 *************************************************************************
Reforming stiffness matrix: reformation #2

 11
 Nonlinear solution status: time= 1.14101
	stiffness updates             = 0
	right hand side evaluations   = 12
	stiffness matrix reformations = 2
	step from line search         = 1.000000
	convergence norms :     INITIAL         CURRENT         REQUIRED
	   residual            1.291505e-02    4.628395e-10    0.000000e+00 
	   energy              6.549960e-03    3.090095e-10    6.549960e-05 
	   displacement        1.058831e-02    5.560082e-09    8.523819e-09 

convergence summary
    number of iterations   : 11
    number of reformations : 2

------- converged at time : 1.14101


===== beginning time step 55 : 1.14626 =====


Reforming stiffness matrix: reformation #1

 1
 Nonlinear solution status: time= 1.14626
	stiffness updates             = 0
	right hand side evaluations   = 2
	stiffness matrix reformations = 1
	step from line search         = 1.000000
	convergence norms :     INITIAL         CURRENT         REQUIRED
	   residual            1.100423e-02    3.833715e-02    0.000000e+00 
	   energy              5.562400e-03    5.805627e-04    5.562400e-05 
	   displacement        9.053939e-03    9.053939e-03    9.053939e-09 
 2
 Nonlinear solution status: time= 1.14626
	stiffness updates             = 1
	right hand side evaluations   = 3
	stiffness matrix reformations = 1
	step from line search         = 1.000000
	convergence norms :     INITIAL         CURRENT         REQUIRED
	   residual            1.100423e-02    2.546692e-02    0.000000e+00 
	   energy              5.562400e-03    4.662270e-05    5.562400e-05 
	   displacement        9.053939e-03    1.878636e-04    7.065307e-09 
 3
 Nonlinear solution status: time= 1.14626
	stiffness updates             = 2
	right hand side evaluations   = 4
	stiffness matrix reformations = 1
	step from line search         = 1.000000
	convergence norms :     INITIAL         CURRENT         REQUIRED
	   residual            1.100423e-02    6.536107e-03    0.000000e+00 
	   energy              5.562400e-03    8.146604e-06    5.562400e-05 
	   displacement        9.053939e-03    2.275270e-05    7.027724e-09 
 4
 Nonlinear solution status: time= 1.14626
	stiffness updates             = 3
	right hand side evaluations   = 5
	stiffness matrix reformations = 1
	step from line search         = 1.000000
	convergence norms :     INITIAL         CURRENT         REQUIRED
	   residual            1.100423e-02    2.206502e-03    0.000000e+00 
	   energy              5.562400e-03    2.387803e-06    5.562400e-05 
	   displacement        9.053939e-03    4.945868e-06    7.292019e-09 
 5
 Nonlinear solution status: time= 1.14626
	stiffness updates             = 4
	right hand side evaluations   = 6
	stiffness matrix reformations = 1
	step from line search         = 1.000000
	convergence norms :     INITIAL         CURRENT         REQUIRED
	   residual            1.100423e-02    1.031491e-03    0.000000e+00 
	   energy              5.562400e-03    6.424135e-07    5.562400e-05 
	   displacement        9.053939e-03    7.017804e-07    7.290390e-09 
 6
 Nonlinear solution status: time= 1.14626
	stiffness updates             = 5
	right hand side evaluations   = 7
	stiffness matrix reformations = 1
	step from line search         = 1.000000
	convergence norms :     INITIAL         CURRENT         REQUIRED
	   residual            1.100423e-02    6.021985e-04    0.000000e+00 
	   energy              5.562400e-03    3.688417e-07    5.562400e-05 
	   displacement        9.053939e-03    2.966872e-07    7.243739e-09 
 7
 Nonlinear solution status: time= 1.14626
	stiffness updates             = 6
	right hand side evaluations   = 8
	stiffness matrix reformations = 1
	step from line search         = 1.000000
	convergence norms :     INITIAL         CURRENT         REQUIRED
	   residual            1.100423e-02    1.268437e-04    0.000000e+00 
	   energy              5.562400e-03    9.788125e-08    5.562400e-05 
	   displacement        9.053939e-03    1.035388e-07    7.248863e-09 
 8
 Nonlinear solution status: time= 1.14626
	stiffness updates             = 7
	right hand side evaluations   = 9
	stiffness matrix reformations = 1
	step from line search         = 1.000000
	convergence norms :     INITIAL         CURRENT         REQUIRED
	   residual            1.100423e-02    5.729997e-05    0.000000e+00 
	   energy              5.562400e-03    4.591968e-08    5.562400e-05 
	   displacement        9.053939e-03    4.503586e-08    7.267808e-09 
 9
 Nonlinear solution status: time= 1.14626
	stiffness updates             = 8
	right hand side evaluations   = 10
	stiffness matrix reformations = 1
	step from line search         = 1.000000
	convergence norms :     INITIAL         CURRENT         REQUIRED
	   residual            1.100423e-02    1.534957e-05    0.000000e+00 
	   energy              5.562400e-03    9.113962e-09    5.562400e-05 
	   displacement        9.053939e-03    1.120922e-08    7.263952e-09 
 10
 Nonlinear solution status: time= 1.14626
	stiffness updates             = 9
	right hand side evaluations   = 11
	stiffness matrix reformations = 1
	step from line search         = 1.000000
	convergence norms :     INITIAL         CURRENT         REQUIRED
	   residual            1.100423e-02    9.389794e-06    0.000000e+00 
	   energy              5.562400e-03    6.181595e-09    5.562400e-05 
	   displacement        9.053939e-03    4.323880e-09    7.259079e-09 

convergence summary
    number of iterations   : 10
    number of reformations : 1

------- converged at time : 1.14626


AUTO STEPPER: increasing time step, dt = 0.00548911

MUST POINT CONTROLLER: adjusting time step. dt = 0.00373567


===== beginning time step 56 : 1.15 =====


Reforming stiffness matrix: reformation #1

 1
 Nonlinear solution status: time= 1.15
	stiffness updates             = 0
	right hand side evaluations   = 2
	stiffness matrix reformations = 1
	step from line search         = 1.000000
	convergence norms :     INITIAL         CURRENT         REQUIRED
	   residual            1.726873e-02    1.380616e-02    0.000000e+00 
	   energy              4.644459e-03    4.083010e-04    4.644459e-05 
	   displacement        4.124424e-03    4.124424e-03    4.124424e-09 
 2
 Nonlinear solution status: time= 1.15
	stiffness updates             = 1
	right hand side evaluations   = 3
	stiffness matrix reformations = 1
	step from line search         = 1.000000
	convergence norms :     INITIAL         CURRENT         REQUIRED
	   residual            1.726873e-02    9.586450e-03    0.000000e+00 
	   energy              4.644459e-03    1.398027e-05    4.644459e-05 
	   displacement        4.124424e-03    8.387824e-05    3.235485e-09 
 3
 Nonlinear solution status: time= 1.15
	stiffness updates             = 2
	right hand side evaluations   = 4
	stiffness matrix reformations = 1
	step from line search         = 1.000000
	convergence norms :     INITIAL         CURRENT         REQUIRED
	   residual            1.726873e-02    8.089533e-04    0.000000e+00 
	   energy              4.644459e-03    1.195898e-06    4.644459e-05 
	   displacement        4.124424e-03    2.960512e-06    3.260514e-09 
 4
 Nonlinear solution status: time= 1.15
	stiffness updates             = 3
	right hand side evaluations   = 5
	stiffness matrix reformations = 1
	step from line search         = 1.000000
	convergence norms :     INITIAL         CURRENT         REQUIRED
	   residual            1.726873e-02    1.461965e-04    0.000000e+00 
	   energy              4.644459e-03    1.609652e-07    4.644459e-05 
	   displacement        4.124424e-03    3.690098e-07    3.302495e-09 
 5
 Nonlinear solution status: time= 1.15
	stiffness updates             = 4
	right hand side evaluations   = 6
	stiffness matrix reformations = 1
	step from line search         = 1.000000
	convergence norms :     INITIAL         CURRENT         REQUIRED
	   residual            1.726873e-02    2.733285e-05    0.000000e+00 
	   energy              4.644459e-03    2.098334e-08    4.644459e-05 
	   displacement        4.124424e-03    2.715986e-08    3.298340e-09 
 6
 Nonlinear solution status: time= 1.15
	stiffness updates             = 5
	right hand side evaluations   = 7
	stiffness matrix reformations = 1
	step from line search         = 1.000000
	convergence norms :     INITIAL         CURRENT         REQUIRED
	   residual            1.726873e-02    4.984075e-06    0.000000e+00 
	   energy              4.644459e-03    4.178616e-09    4.644459e-05 
	   displacement        4.124424e-03    4.783325e-09    3.295175e-09 
 7
 Nonlinear solution status: time= 1.15
	stiffness updates             = 6
	right hand side evaluations   = 8
	stiffness matrix reformations = 1
	step from line search         = 1.000000
	convergence norms :     INITIAL         CURRENT         REQUIRED
	   residual            1.726873e-02    6.994848e-07    0.000000e+00 
	   energy              4.644459e-03    5.785223e-10    4.644459e-05 
	   displacement        4.124424e-03    7.554826e-10    3.296143e-09 

convergence summary
    number of iterations   : 7
    number of reformations : 1

------- converged at time : 1.15


AUTO STEPPER: increasing time step, dt = 0.00639128


===== beginning time step 57 : 1.15639 =====


Reforming stiffness matrix: reformation #1

 1
 Nonlinear solution status: time= 1.15639
	stiffness updates             = 0
	right hand side evaluations   = 2
	stiffness matrix reformations = 1
	step from line search         = 1.000000
	convergence norms :     INITIAL         CURRENT         REQUIRED
	   residual            6.196801e-03    4.928236e-02    0.000000e+00 
	   energy              4.380671e-03    5.511263e-04    4.380671e-05 
	   displacement        9.975241e-03    9.975241e-03    9.975241e-09 
 2
 Nonlinear solution status: time= 1.15639
	stiffness updates             = 1
	right hand side evaluations   = 3
	stiffness matrix reformations = 1
	step from line search         = 1.000000
	convergence norms :     INITIAL         CURRENT         REQUIRED
	   residual            6.196801e-03    2.711072e-02    0.000000e+00 
	   energy              4.380671e-03    6.110419e-05    4.380671e-05 
	   displacement        9.975241e-03    2.295532e-04    7.681325e-09 
 3
 Nonlinear solution status: time= 1.15639
	stiffness updates             = 2
	right hand side evaluations   = 4
	stiffness matrix reformations = 1
	step from line search         = 1.000000
	convergence norms :     INITIAL         CURRENT         REQUIRED
	   residual            6.196801e-03    7.981248e-03    0.000000e+00 
	   energy              4.380671e-03    9.554004e-06    4.380671e-05 
	   displacement        9.975241e-03    3.918812e-05    7.596269e-09 
 4
 Nonlinear solution status: time= 1.15639
	stiffness updates             = 3
	right hand side evaluations   = 5
	stiffness matrix reformations = 1
	step from line search         = 1.000000
	convergence norms :     INITIAL         CURRENT         REQUIRED
	   residual            6.196801e-03    3.981507e-03    0.000000e+00 
	   energy              4.380671e-03    4.424762e-06    4.380671e-05 
	   displacement        9.975241e-03    9.076142e-06    7.969814e-09 
 5
 Nonlinear solution status: time= 1.15639
	stiffness updates             = 4
	right hand side evaluations   = 6
	stiffness matrix reformations = 1
	step from line search         = 1.000000
	convergence norms :     INITIAL         CURRENT         REQUIRED
	   residual            6.196801e-03    1.425622e-03    0.000000e+00 
	   energy              4.380671e-03    9.779391e-07    4.380671e-05 
	   displacement        9.975241e-03    1.574230e-06    7.984735e-09 
 6
 Nonlinear solution status: time= 1.15639
	stiffness updates             = 5
	right hand side evaluations   = 8
	stiffness matrix reformations = 1
	step from line search         = 0.634069
	convergence norms :     INITIAL         CURRENT         REQUIRED
	   residual            6.196801e-03    2.818811e-04    0.000000e+00 
	   energy              4.380671e-03    1.248450e-07    4.380671e-05 
	   displacement        9.975241e-03    2.839197e-07    7.936342e-09 
 7
 Nonlinear solution status: time= 1.15639
	stiffness updates             = 6
	right hand side evaluations   = 9
	stiffness matrix reformations = 1
	step from line search         = 1.000000
	convergence norms :     INITIAL         CURRENT         REQUIRED
	   residual            6.196801e-03    3.037676e-04    0.000000e+00 
	   energy              4.380671e-03    2.085279e-07    4.380671e-05 
	   displacement        9.975241e-03    2.367628e-07    7.915092e-09 
 8
 Nonlinear solution status: time= 1.15639
	stiffness updates             = 7
	right hand side evaluations   = 10
	stiffness matrix reformations = 1
	step from line search         = 1.000000
	convergence norms :     INITIAL         CURRENT         REQUIRED
	   residual            6.196801e-03    6.316661e-05    0.000000e+00 
	   energy              4.380671e-03    4.464903e-08    4.380671e-05 
	   displacement        9.975241e-03    6.114475e-08    7.937046e-09 
 9
 Nonlinear solution status: time= 1.15639
	stiffness updates             = 8
	right hand side evaluations   = 12
	stiffness matrix reformations = 1
	step from line search         = 0.614065
	convergence norms :     INITIAL         CURRENT         REQUIRED
	   residual            6.196801e-03    1.672673e-05    0.000000e+00 
	   energy              4.380671e-03    7.341352e-09    4.380671e-05 
	   displacement        9.975241e-03    1.443698e-08    7.943477e-09 
 10
 Nonlinear solution status: time= 1.15639
	stiffness updates             = 9
	right hand side evaluations   = 13
	stiffness matrix reformations = 1
	step from line search         = 1.000000
	convergence norms :     INITIAL         CURRENT         REQUIRED
	   residual            6.196801e-03    1.196538e-05    0.000000e+00 
	   energy              4.380671e-03    7.877290e-09    4.380671e-05 
	   displacement        9.975241e-03    6.975655e-09    7.939936e-09 

convergence summary
    number of iterations   : 10
    number of reformations : 1

------- converged at time : 1.15639


AUTO STEPPER: increasing time step, dt = 0.00656742


===== beginning time step 58 : 1.16296 =====


Reforming stiffness matrix: reformation #1

 1
 Nonlinear solution status: time= 1.16296
	stiffness updates             = 0
	right hand side evaluations   = 2
	stiffness matrix reformations = 1
	step from line search         = 1.000000
	convergence norms :     INITIAL         CURRENT         REQUIRED
	   residual            4.737386e-03    3.475911e-02    0.000000e+00 
	   energy              3.511798e-03    4.382055e-04    3.511798e-05 
	   displacement        8.376327e-03    8.376327e-03    8.376327e-09 
 2
 Nonlinear solution status: time= 1.16296
	stiffness updates             = 1
	right hand side evaluations   = 3
	stiffness matrix reformations = 1
	step from line search         = 1.000000
	convergence norms :     INITIAL         CURRENT         REQUIRED
	   residual            4.737386e-03    1.528493e-02    0.000000e+00 
	   energy              3.511798e-03    3.730974e-05    3.511798e-05 
	   displacement        8.376327e-03    1.756399e-04    6.470708e-09 
 3
 Nonlinear solution status: time= 1.16296
	stiffness updates             = 2
	right hand side evaluations   = 4
	stiffness matrix reformations = 1
	step from line search         = 1.000000
	convergence norms :     INITIAL         CURRENT         REQUIRED
	   residual            4.737386e-03    4.318485e-03    0.000000e+00 
	   energy              3.511798e-03    5.637985e-06    3.511798e-05 
	   displacement        8.376327e-03    2.588441e-05    6.398922e-09 
 4
 Nonlinear solution status: time= 1.16296
	stiffness updates             = 3
	right hand side evaluations   = 5
	stiffness matrix reformations = 1
	step from line search         = 1.000000
	convergence norms :     INITIAL         CURRENT         REQUIRED
	   residual            4.737386e-03    1.787059e-03    0.000000e+00 
	   energy              3.511798e-03    2.101497e-06    3.511798e-05 
	   displacement        8.376327e-03    4.960179e-06    6.656694e-09 
 5
 Nonlinear solution status: time= 1.16296
	stiffness updates             = 4
	right hand side evaluations   = 6
	stiffness matrix reformations = 1
	step from line search         = 1.000000
	convergence norms :     INITIAL         CURRENT         REQUIRED
	   residual            4.737386e-03    7.860506e-04    0.000000e+00 
	   energy              3.511798e-03    5.370792e-07    3.511798e-05 
	   displacement        8.376327e-03    7.667985e-07    6.674879e-09 
 6
 Nonlinear solution status: time= 1.16296
	stiffness updates             = 5
	right hand side evaluations   = 7
	stiffness matrix reformations = 1
	step from line search         = 1.000000
	convergence norms :     INITIAL         CURRENT         REQUIRED
	   residual            4.737386e-03    5.957656e-04    0.000000e+00 
	   energy              3.511798e-03    4.048578e-07    3.511798e-05 
	   displacement        8.376327e-03    3.480528e-07    6.625845e-09 
 7
 Nonlinear solution status: time= 1.16296
	stiffness updates             = 6
	right hand side evaluations   = 8
	stiffness matrix reformations = 1
	step from line search         = 1.000000
	convergence norms :     INITIAL         CURRENT         REQUIRED
	   residual            4.737386e-03    9.205009e-05    0.000000e+00 
	   energy              3.511798e-03    8.428859e-08    3.511798e-05 
	   displacement        8.376327e-03    1.361682e-07    6.626520e-09 
 8
 Nonlinear solution status: time= 1.16296
	stiffness updates             = 7
	right hand side evaluations   = 9
	stiffness matrix reformations = 1
	step from line search         = 1.000000
	convergence norms :     INITIAL         CURRENT         REQUIRED
	   residual            4.737386e-03    5.091379e-05    0.000000e+00 
	   energy              3.511798e-03    5.008597e-08    3.511798e-05 
	   displacement        8.376327e-03    6.046594e-08    6.648841e-09 
 9
 Nonlinear solution status: time= 1.16296
	stiffness updates             = 8
	right hand side evaluations   = 10
	stiffness matrix reformations = 1
	step from line search         = 1.000000
	convergence norms :     INITIAL         CURRENT         REQUIRED
	   residual            4.737386e-03    1.009384e-05    0.000000e+00 
	   energy              3.511798e-03    7.090508e-09    3.511798e-05 
	   displacement        8.376327e-03    1.412722e-08    6.644686e-09 
 10
 Nonlinear solution status: time= 1.16296
	stiffness updates             = 9
	right hand side evaluations   = 12
	stiffness matrix reformations = 1
	step from line search         = 0.607167
	convergence norms :     INITIAL         CURRENT         REQUIRED
	   residual            4.737386e-03    2.018573e-06    0.000000e+00 
	   energy              3.511798e-03    1.153122e-09    3.511798e-05 
	   displacement        8.376327e-03    2.221829e-09    6.641183e-09 

convergence summary
    number of iterations   : 10
    number of reformations : 1

------- converged at time : 1.16296


AUTO STEPPER: increasing time step, dt = 0.00673496


===== beginning time step 59 : 1.16969 =====


Reforming stiffness matrix: reformation #1

 1
 Nonlinear solution status: time= 1.16969
	stiffness updates             = 0
	right hand side evaluations   = 2
	stiffness matrix reformations = 1
	step from line search         = 1.000000
	convergence norms :     INITIAL         CURRENT         REQUIRED
	   residual            3.541569e-03    2.093830e-02    0.000000e+00 
	   energy              2.763028e-03    3.324254e-04    2.763028e-05 
	   displacement        6.928381e-03    6.928381e-03    6.928381e-09 
 2
 Nonlinear solution status: time= 1.16969
	stiffness updates             = 1
	right hand side evaluations   = 3
	stiffness matrix reformations = 1
	step from line search         = 1.000000
	convergence norms :     INITIAL         CURRENT         REQUIRED
	   residual            3.541569e-03    7.508426e-03    0.000000e+00 
	   energy              2.763028e-03    1.960830e-05    2.763028e-05 
	   displacement        6.928381e-03    1.286072e-04    5.386480e-09 
 3
 Nonlinear solution status: time= 1.16969
	stiffness updates             = 2
	right hand side evaluations   = 4
	stiffness matrix reformations = 1
	step from line search         = 1.000000
	convergence norms :     INITIAL         CURRENT         REQUIRED
	   residual            3.541569e-03    2.065740e-03    0.000000e+00 
	   energy              2.763028e-03    3.358570e-06    2.763028e-05 
	   displacement        6.928381e-03    1.507155e-05    5.309298e-09 
 4
 Nonlinear solution status: time= 1.16969
	stiffness updates             = 3
	right hand side evaluations   = 5
	stiffness matrix reformations = 1
	step from line search         = 1.000000
	convergence norms :     INITIAL         CURRENT         REQUIRED
	   residual            3.541569e-03    4.250592e-04    0.000000e+00 
	   energy              2.763028e-03    7.156442e-07    2.763028e-05 
	   displacement        6.928381e-03    2.551356e-06    5.482541e-09 
 5
 Nonlinear solution status: time= 1.16969
	stiffness updates             = 4
	right hand side evaluations   = 6
	stiffness matrix reformations = 1
	step from line search         = 1.000000
	convergence norms :     INITIAL         CURRENT         REQUIRED
	   residual            3.541569e-03    1.135434e-04    0.000000e+00 
	   energy              2.763028e-03    1.281904e-07    2.763028e-05 
	   displacement        6.928381e-03    2.874579e-07    5.495773e-09 
 6
 Nonlinear solution status: time= 1.16969
	stiffness updates             = 5
	right hand side evaluations   = 7
	stiffness matrix reformations = 1
	step from line search         = 1.000000
	convergence norms :     INITIAL         CURRENT         REQUIRED
	   residual            3.541569e-03    3.432460e-05    0.000000e+00 
	   energy              2.763028e-03    3.144777e-08    2.763028e-05 
	   displacement        6.928381e-03    9.064876e-08    5.472241e-09 
 7
 Nonlinear solution status: time= 1.16969
	stiffness updates             = 6
	right hand side evaluations   = 8
	stiffness matrix reformations = 1
	step from line search         = 1.000000
	convergence norms :     INITIAL         CURRENT         REQUIRED
	   residual            3.541569e-03    9.610648e-06    0.000000e+00 
	   energy              2.763028e-03    8.026777e-09    2.763028e-05 
	   displacement        6.928381e-03    1.308532e-08    5.473350e-09 
 8
 Nonlinear solution status: time= 1.16969
	stiffness updates             = 7
	right hand side evaluations   = 9
	stiffness matrix reformations = 1
	step from line search         = 1.000000
	convergence norms :     INITIAL         CURRENT         REQUIRED
	   residual            3.541569e-03    3.149204e-06    0.000000e+00 
	   energy              2.763028e-03    2.398685e-09    2.763028e-05 
	   displacement        6.928381e-03    4.421876e-09    5.479366e-09 

convergence summary
    number of iterations   : 8
    number of reformations : 1

------- converged at time : 1.16969


AUTO STEPPER: increasing time step, dt = 0.00729852

MUST POINT CONTROLLER: adjusting time step. dt = 0.00530633


===== beginning time step 60 : 1.175 =====


Reforming stiffness matrix: reformation #1

 1
 Nonlinear solution status: time= 1.175
	stiffness updates             = 0
	right hand side evaluations   = 2
	stiffness matrix reformations = 1
	step from line search         = 1.000000
	convergence norms :     INITIAL         CURRENT         REQUIRED
	   residual            4.073231e-03    5.761790e-03    0.000000e+00 
	   energy              2.111319e-03    2.175465e-04    2.111319e-05 
	   displacement        3.585972e-03    3.585972e-03    3.585972e-09 
 2
 Nonlinear solution status: time= 1.175
	stiffness updates             = 1
	right hand side evaluations   = 3
	stiffness matrix reformations = 1
	step from line search         = 1.000000
	convergence norms :     INITIAL         CURRENT         REQUIRED
	   residual            4.073231e-03    2.222266e-03    0.000000e+00 
	   energy              2.111319e-03    4.596544e-06    2.111319e-05 
	   displacement        3.585972e-03    6.215345e-05    2.808556e-09 
 3
 Nonlinear solution status: time= 1.175
	stiffness updates             = 2
	right hand side evaluations   = 4
	stiffness matrix reformations = 1
	step from line search         = 1.000000
	convergence norms :     INITIAL         CURRENT         REQUIRED
	   residual            4.073231e-03    3.115295e-04    0.000000e+00 
	   energy              2.111319e-03    7.065770e-07    2.111319e-05 
	   displacement        3.585972e-03    2.195059e-06    2.807053e-09 
 4
 Nonlinear solution status: time= 1.175
	stiffness updates             = 3
	right hand side evaluations   = 5
	stiffness matrix reformations = 1
	step from line search         = 1.000000
	convergence norms :     INITIAL         CURRENT         REQUIRED
	   residual            4.073231e-03    1.958154e-05    0.000000e+00 
	   energy              2.111319e-03    4.250772e-08    2.111319e-05 
	   displacement        3.585972e-03    2.801673e-07    2.840680e-09 
 5
 Nonlinear solution status: time= 1.175
	stiffness updates             = 4
	right hand side evaluations   = 6
	stiffness matrix reformations = 1
	step from line search         = 1.000000
	convergence norms :     INITIAL         CURRENT         REQUIRED
	   residual            4.073231e-03    6.260174e-06    0.000000e+00 
	   energy              2.111319e-03    6.235343e-09    2.111319e-05 
	   displacement        3.585972e-03    1.080339e-08    2.840336e-09 
 6
 Nonlinear solution status: time= 1.175
	stiffness updates             = 5
	right hand side evaluations   = 7
	stiffness matrix reformations = 1
	step from line search         = 1.000000
	convergence norms :     INITIAL         CURRENT         REQUIRED
	   residual            4.073231e-03    3.686061e-07    0.000000e+00 
	   energy              2.111319e-03    2.638781e-10    2.111319e-05 
	   displacement        3.585972e-03    1.772693e-09    2.838660e-09 

convergence summary
    number of iterations   : 6
    number of reformations : 1

------- converged at time : 1.175


AUTO STEPPER: increasing time step, dt = 0.00783882


===== beginning time step 61 : 1.18284 =====


Reforming stiffness matrix: reformation #1

 1
 Nonlinear solution status: time= 1.18284
	stiffness updates             = 0
	right hand side evaluations   = 2
	stiffness matrix reformations = 1
	step from line search         = 1.000000
	convergence norms :     INITIAL         CURRENT         REQUIRED
	   residual            1.739237e-03    1.001489e-02    0.000000e+00 
	   energy              1.817721e-03    2.220413e-04    1.817721e-05 
	   displacement        6.156793e-03    6.156793e-03    6.156793e-09 
 2
 Nonlinear solution status: time= 1.18284
	stiffness updates             = 1
	right hand side evaluations   = 3
	stiffness matrix reformations = 1
	step from line search         = 1.000000
	convergence norms :     INITIAL         CURRENT         REQUIRED
	   residual            1.739237e-03    4.017381e-03    0.000000e+00 
	   energy              1.817721e-03    1.379359e-05    1.817721e-05 
	   displacement        6.156793e-03    1.094650e-04    4.789037e-09 
 3
 Nonlinear solution status: time= 1.18284
	stiffness updates             = 2
	right hand side evaluations   = 4
	stiffness matrix reformations = 1
	step from line search         = 1.000000
	convergence norms :     INITIAL         CURRENT         REQUIRED
	   residual            1.739237e-03    1.472368e-03    0.000000e+00 
	   energy              1.817721e-03    3.169316e-06    1.817721e-05 
	   displacement        6.156793e-03    1.378823e-05    4.651983e-09 
 4
 Nonlinear solution status: time= 1.18284
	stiffness updates             = 3
	right hand side evaluations   = 5
	stiffness matrix reformations = 1
	step from line search         = 1.000000
	convergence norms :     INITIAL         CURRENT         REQUIRED
	   residual            1.739237e-03    2.061524e-04    0.000000e+00 
	   energy              1.817721e-03    4.082742e-07    1.817721e-05 
	   displacement        6.156793e-03    2.942919e-06    4.853688e-09 
 5
 Nonlinear solution status: time= 1.18284
	stiffness updates             = 4
	right hand side evaluations   = 6
	stiffness matrix reformations = 1
	step from line search         = 1.000000
	convergence norms :     INITIAL         CURRENT         REQUIRED
	   residual            1.739237e-03    9.114667e-05    0.000000e+00 
	   energy              1.817721e-03    1.176568e-07    1.817721e-05 
	   displacement        6.156793e-03    1.961434e-07    4.866571e-09 
 6
 Nonlinear solution status: time= 1.18284
	stiffness updates             = 5
	right hand side evaluations   = 7
	stiffness matrix reformations = 1
	step from line search         = 1.000000
	convergence norms :     INITIAL         CURRENT         REQUIRED
	   residual            1.739237e-03    1.618640e-05    0.000000e+00 
	   energy              1.817721e-03    1.395004e-08    1.817721e-05 
	   displacement        6.156793e-03    8.486390e-08    4.841988e-09 
 7
 Nonlinear solution status: time= 1.18284
	stiffness updates             = 6
	right hand side evaluations   = 8
	stiffness matrix reformations = 1
	step from line search         = 1.000000
	convergence norms :     INITIAL         CURRENT         REQUIRED
	   residual            1.739237e-03    4.919562e-06    0.000000e+00 
	   energy              1.817721e-03    6.165347e-09    1.817721e-05 
	   displacement        6.156793e-03    1.244705e-08    4.842387e-09 
 8
 Nonlinear solution status: time= 1.18284
	stiffness updates             = 7
	right hand side evaluations   = 9
	stiffness matrix reformations = 1
	step from line search         = 1.000000
	convergence norms :     INITIAL         CURRENT         REQUIRED
	   residual            1.739237e-03    8.239835e-07    0.000000e+00 
	   energy              1.817721e-03    4.050797e-10    1.817721e-05 
	   displacement        6.156793e-03    3.629761e-09    4.848031e-09 

convergence summary
    number of iterations   : 8
    number of reformations : 1

------- converged at time : 1.18284


AUTO STEPPER: increasing time step, dt = 0.00821184


===== beginning time step 62 : 1.19105 =====


Reforming stiffness matrix: reformation #1

 1
 Nonlinear solution status: time= 1.19105
	stiffness updates             = 0
	right hand side evaluations   = 2
	stiffness matrix reformations = 1
	step from line search         = 1.000000
	convergence norms :     INITIAL         CURRENT         REQUIRED
	   residual            1.255913e-03    6.630263e-03    0.000000e+00 
	   energy              1.453934e-03    1.773189e-04    1.453934e-05 
	   displacement        5.514024e-03    5.514024e-03    5.514024e-09 
 2
 Nonlinear solution status: time= 1.19105
	stiffness updates             = 1
	right hand side evaluations   = 3
	stiffness matrix reformations = 1
	step from line search         = 1.000000
	convergence norms :     INITIAL         CURRENT         REQUIRED
	   residual            1.255913e-03    3.169500e-03    0.000000e+00 
	   energy              1.453934e-03    1.204811e-05    1.453934e-05 
	   displacement        5.514024e-03    1.015236e-04    4.271610e-09 
 3
 Nonlinear solution status: time= 1.19105
	stiffness updates             = 2
	right hand side evaluations   = 4
	stiffness matrix reformations = 1
	step from line search         = 1.000000
	convergence norms :     INITIAL         CURRENT         REQUIRED
	   residual            1.255913e-03    8.702587e-04    0.000000e+00 
	   energy              1.453934e-03    2.135144e-06    1.453934e-05 
	   displacement        5.514024e-03    1.120354e-05    4.170452e-09 
 4
 Nonlinear solution status: time= 1.19105
	stiffness updates             = 3
	right hand side evaluations   = 5
	stiffness matrix reformations = 1
	step from line search         = 1.000000
	convergence norms :     INITIAL         CURRENT         REQUIRED
	   residual            1.255913e-03    1.240570e-04    0.000000e+00 
	   energy              1.453934e-03    3.018818e-07    1.453934e-05 
	   displacement        5.514024e-03    2.514422e-06    4.353069e-09 
 5
 Nonlinear solution status: time= 1.19105
	stiffness updates             = 4
	right hand side evaluations   = 6
	stiffness matrix reformations = 1
	step from line search         = 1.000000
	convergence norms :     INITIAL         CURRENT         REQUIRED
	   residual            1.255913e-03    4.772166e-05    0.000000e+00 
	   energy              1.453934e-03    6.935447e-08    1.453934e-05 
	   displacement        5.514024e-03    1.444736e-07    4.358401e-09 
 6
 Nonlinear solution status: time= 1.19105
	stiffness updates             = 5
	right hand side evaluations   = 7
	stiffness matrix reformations = 1
	step from line search         = 1.000000
	convergence norms :     INITIAL         CURRENT         REQUIRED
	   residual            1.255913e-03    1.026781e-05    0.000000e+00 
	   energy              1.453934e-03    8.757397e-09    1.453934e-05 
	   displacement        5.514024e-03    6.023725e-08    4.336648e-09 
 7
 Nonlinear solution status: time= 1.19105
	stiffness updates             = 6
	right hand side evaluations   = 8
	stiffness matrix reformations = 1
	step from line search         = 1.000000
	convergence norms :     INITIAL         CURRENT         REQUIRED
	   residual            1.255913e-03    2.450062e-06    0.000000e+00 
	   energy              1.453934e-03    3.095487e-09    1.453934e-05 
	   displacement        5.514024e-03    7.718284e-09    4.338727e-09 
 8
 Nonlinear solution status: time= 1.19105
	stiffness updates             = 7
	right hand side evaluations   = 9
	stiffness matrix reformations = 1
	step from line search         = 1.000000
	convergence norms :     INITIAL         CURRENT         REQUIRED
	   residual            1.255913e-03    5.906100e-07    0.000000e+00 
	   energy              1.453934e-03    3.185187e-10    1.453934e-05 
	   displacement        5.514024e-03    2.556999e-09    4.343741e-09 

convergence summary
    number of iterations   : 8
    number of reformations : 1

------- converged at time : 1.19105


AUTO STEPPER: increasing time step, dt = 0.00852049


===== beginning time step 63 : 1.19957 =====


Reforming stiffness matrix: reformation #1

 1
 Nonlinear solution status: time= 1.19957
	stiffness updates             = 0
	right hand side evaluations   = 2
	stiffness matrix reformations = 1
	step from line search         = 1.000000
	convergence norms :     INITIAL         CURRENT         REQUIRED
	   residual            1.084460e-03    5.911772e-03    0.000000e+00 
	   energy              1.342626e-03    1.622943e-04    1.342626e-05 
	   displacement        5.446653e-03    5.446653e-03    5.446653e-09 
 2
 Nonlinear solution status: time= 1.19957
	stiffness updates             = 1
	right hand side evaluations   = 3
	stiffness matrix reformations = 1
	step from line search         = 1.000000
	convergence norms :     INITIAL         CURRENT         REQUIRED
	   residual            1.084460e-03    2.776177e-03    0.000000e+00 
	   energy              1.342626e-03    1.090956e-05    1.342626e-05 
	   displacement        5.446653e-03    1.022290e-04    4.208779e-09 
 3
 Nonlinear solution status: time= 1.19957
	stiffness updates             = 2
	right hand side evaluations   = 4
	stiffness matrix reformations = 1
	step from line search         = 1.000000
	convergence norms :     INITIAL         CURRENT         REQUIRED
	   residual            1.084460e-03    6.174378e-04    0.000000e+00 
	   energy              1.342626e-03    1.660924e-06    1.342626e-05 
	   displacement        5.446653e-03    9.882613e-06    4.142495e-09 
 4
 Nonlinear solution status: time= 1.19957
	stiffness updates             = 3
	right hand side evaluations   = 5
	stiffness matrix reformations = 1
	step from line search         = 1.000000
	convergence norms :     INITIAL         CURRENT         REQUIRED
	   residual            1.084460e-03    9.551876e-05    0.000000e+00 
	   energy              1.342626e-03    2.535516e-07    1.342626e-05 
	   displacement        5.446653e-03    2.124577e-06    4.307372e-09 
 5
 Nonlinear solution status: time= 1.19957
	stiffness updates             = 4
	right hand side evaluations   = 6
	stiffness matrix reformations = 1
	step from line search         = 1.000000
	convergence norms :     INITIAL         CURRENT         REQUIRED
	   residual            1.084460e-03    3.201908e-05    0.000000e+00 
	   energy              1.342626e-03    4.654779e-08    1.342626e-05 
	   displacement        5.446653e-03    1.287241e-07    4.308979e-09 
 6
 Nonlinear solution status: time= 1.19957
	stiffness updates             = 5
	right hand side evaluations   = 7
	stiffness matrix reformations = 1
	step from line search         = 1.000000
	convergence norms :     INITIAL         CURRENT         REQUIRED
	   residual            1.084460e-03    5.761903e-06    0.000000e+00 
	   energy              1.342626e-03    6.044544e-09    1.342626e-05 
	   displacement        5.446653e-03    4.434605e-08    4.290552e-09 
 7
 Nonlinear solution status: time= 1.19957
	stiffness updates             = 6
	right hand side evaluations   = 8
	stiffness matrix reformations = 1
	step from line search         = 1.000000
	convergence norms :     INITIAL         CURRENT         REQUIRED
	   residual            1.084460e-03    1.177379e-06    0.000000e+00 
	   energy              1.342626e-03    1.389436e-09    1.342626e-05 
	   displacement        5.446653e-03    5.341634e-09    4.293302e-09 
 8
 Nonlinear solution status: time= 1.19957
	stiffness updates             = 7
	right hand side evaluations   = 9
	stiffness matrix reformations = 1
	step from line search         = 1.000000
	convergence norms :     INITIAL         CURRENT         REQUIRED
	   residual            1.084460e-03    2.105033e-07    0.000000e+00 
	   energy              1.342626e-03    7.433314e-11    1.342626e-05 
	   displacement        5.446653e-03    1.584031e-09    4.297225e-09 

convergence summary
    number of iterations   : 8
    number of reformations : 1

------- converged at time : 1.19957


AUTO STEPPER: increasing time step, dt = 0.00877586

MUST POINT CONTROLLER: adjusting time step. dt = 0.000428851


===== beginning time step 64 : 1.2 =====


Reforming stiffness matrix: reformation #1

 1
 Nonlinear solution status: time= 1.2
	stiffness updates             = 0
	right hand side evaluations   = 2
	stiffness matrix reformations = 1
	step from line search         = 1.000000
	convergence norms :     INITIAL         CURRENT         REQUIRED
	   residual            2.681750e-01    2.334151e-02    0.000000e+00 
	   energy              1.060317e-03    1.096181e-04    1.060317e-05 
	   displacement        1.428420e-05    1.428420e-05    1.428420e-11 
 2
 Nonlinear solution status: time= 1.2
	stiffness updates             = 1
	right hand side evaluations   = 3
	stiffness matrix reformations = 1
	step from line search         = 1.000000
	convergence norms :     INITIAL         CURRENT         REQUIRED
	   residual            2.681750e-01    1.096512e-03    0.000000e+00 
	   energy              1.060317e-03    4.495602e-06    1.060317e-05 
	   displacement        1.428420e-05    1.090135e-06    1.138886e-11 
 3
 Nonlinear solution status: time= 1.2
	stiffness updates             = 2
	right hand side evaluations   = 4
	stiffness matrix reformations = 1
	step from line search         = 1.000000
	convergence norms :     INITIAL         CURRENT         REQUIRED
	   residual            2.681750e-01    5.946845e-05    0.000000e+00 
	   energy              1.060317e-03    8.241807e-08    1.060317e-05 
	   displacement        1.428420e-05    3.487198e-08    1.134599e-11 
 4
 Nonlinear solution status: time= 1.2
	stiffness updates             = 3
	right hand side evaluations   = 5
	stiffness matrix reformations = 1
	step from line search         = 1.000000
	convergence norms :     INITIAL         CURRENT         REQUIRED
	   residual            2.681750e-01    2.800993e-06    0.000000e+00 
	   energy              1.060317e-03    1.709997e-08    1.060317e-05 
	   displacement        1.428420e-05    1.790177e-09    1.147716e-11 
 5
 Nonlinear solution status: time= 1.2
	stiffness updates             = 4
	right hand side evaluations   = 6
	stiffness matrix reformations = 1
	step from line search         = 1.000000
	convergence norms :     INITIAL         CURRENT         REQUIRED
	   residual            2.681750e-01    1.336519e-07    0.000000e+00 
	   energy              1.060317e-03    6.123680e-10    1.060317e-05 
	   displacement        1.428420e-05    1.988884e-10    1.151161e-11 
 6
 Nonlinear solution status: time= 1.2
	stiffness updates             = 5
	right hand side evaluations   = 7
	stiffness matrix reformations = 1
	step from line search         = 1.000000
	convergence norms :     INITIAL         CURRENT         REQUIRED
	   residual            2.681750e-01    1.570313e-08    0.000000e+00 
	   energy              1.060317e-03    3.934104e-11    1.060317e-05 
	   displacement        1.428420e-05    1.712197e-11    1.150595e-11 
 7
 Nonlinear solution status: time= 1.2
	stiffness updates             = 6
	right hand side evaluations   = 8
	stiffness matrix reformations = 1
	step from line search         = 1.000000
	convergence norms :     INITIAL         CURRENT         REQUIRED
	   residual            2.681750e-01    1.240954e-09    0.000000e+00 
	   energy              1.060317e-03    3.001155e-12    1.060317e-05 
	   displacement        1.428420e-05    1.190810e-12    1.150247e-11 

convergence summary
    number of iterations   : 7
    number of reformations : 1

------- converged at time : 1.2


AUTO STEPPER: increasing time step, dt = 0.00902069


===== beginning time step 65 : 1.20902 =====


Reforming stiffness matrix: reformation #1

 1
 Nonlinear solution status: time= 1.20902
	stiffness updates             = 0
	right hand side evaluations   = 2
	stiffness matrix reformations = 1
	step from line search         = 1.000000
	convergence norms :     INITIAL         CURRENT         REQUIRED
	   residual            1.038600e-03    8.996189e-03    0.000000e+00 
	   energy              1.401311e-03    1.806654e-04    1.401311e-05 
	   displacement        6.102000e-03    6.102000e-03    6.102000e-09 
 2
 Nonlinear solution status: time= 1.20902
	stiffness updates             = 1
	right hand side evaluations   = 3
	stiffness matrix reformations = 1
	step from line search         = 1.000000
	convergence norms :     INITIAL         CURRENT         REQUIRED
	   residual            1.038600e-03    2.893909e-03    0.000000e+00 
	   energy              1.401311e-03    1.284101e-05    1.401311e-05 
	   displacement        6.102000e-03    1.214797e-04    4.674278e-09 
 3
 Nonlinear solution status: time= 1.20902
	stiffness updates             = 2
	right hand side evaluations   = 4
	stiffness matrix reformations = 1
	step from line search         = 1.000000
	convergence norms :     INITIAL         CURRENT         REQUIRED
	   residual            1.038600e-03    5.685452e-04    0.000000e+00 
	   energy              1.401311e-03    1.621712e-06    1.401311e-05 
	   displacement        6.102000e-03    1.218939e-05    4.661818e-09 
 4
 Nonlinear solution status: time= 1.20902
	stiffness updates             = 3
	right hand side evaluations   = 5
	stiffness matrix reformations = 1
	step from line search         = 1.000000
	convergence norms :     INITIAL         CURRENT         REQUIRED
	   residual            1.038600e-03    1.077887e-04    0.000000e+00 
	   energy              1.401311e-03    2.968271e-07    1.401311e-05 
	   displacement        6.102000e-03    2.111469e-06    4.823565e-09 
 5
 Nonlinear solution status: time= 1.20902
	stiffness updates             = 4
	right hand side evaluations   = 6
	stiffness matrix reformations = 1
	step from line search         = 1.000000
	convergence norms :     INITIAL         CURRENT         REQUIRED
	   residual            1.038600e-03    2.543094e-05    0.000000e+00 
	   energy              1.401311e-03    3.827456e-08    1.401311e-05 
	   displacement        6.102000e-03    1.690316e-07    4.822609e-09 
 6
 Nonlinear solution status: time= 1.20902
	stiffness updates             = 5
	right hand side evaluations   = 7
	stiffness matrix reformations = 1
	step from line search         = 1.000000
	convergence norms :     INITIAL         CURRENT         REQUIRED
	   residual            1.038600e-03    5.376325e-06    0.000000e+00 
	   energy              1.401311e-03    7.548661e-09    1.401311e-05 
	   displacement        6.102000e-03    4.639872e-08    4.806816e-09 
 7
 Nonlinear solution status: time= 1.20902
	stiffness updates             = 6
	right hand side evaluations   = 8
	stiffness matrix reformations = 1
	step from line search         = 1.000000
	convergence norms :     INITIAL         CURRENT         REQUIRED
	   residual            1.038600e-03    1.038990e-06    0.000000e+00 
	   energy              1.401311e-03    9.877485e-10    1.401311e-05 
	   displacement        6.102000e-03    6.387558e-09    4.810255e-09 
 8
 Nonlinear solution status: time= 1.20902
	stiffness updates             = 7
	right hand side evaluations   = 9
	stiffness matrix reformations = 1
	step from line search         = 1.000000
	convergence norms :     INITIAL         CURRENT         REQUIRED
	   residual            1.038600e-03    2.815527e-07    0.000000e+00 
	   energy              1.401311e-03    2.720494e-10    1.401311e-05 
	   displacement        6.102000e-03    1.491660e-09    4.813878e-09 

convergence summary
    number of iterations   : 8
    number of reformations : 1

------- converged at time : 1.20902


AUTO STEPPER: increasing time step, dt = 0.00918972


===== beginning time step 66 : 1.21821 =====


Reforming stiffness matrix: reformation #1

 1
 Nonlinear solution status: time= 1.21821
	stiffness updates             = 0
	right hand side evaluations   = 2
	stiffness matrix reformations = 1
	step from line search         = 1.000000
	convergence norms :     INITIAL         CURRENT         REQUIRED
	   residual            1.032030e-03    1.090594e-02    0.000000e+00 
	   energy              1.420510e-03    1.904224e-04    1.420510e-05 
	   displacement        6.201470e-03    6.201470e-03    6.201470e-09 
 2
 Nonlinear solution status: time= 1.21821
	stiffness updates             = 1
	right hand side evaluations   = 3
	stiffness matrix reformations = 1
	step from line search         = 1.000000
	convergence norms :     INITIAL         CURRENT         REQUIRED
	   residual            1.032030e-03    2.497792e-03    0.000000e+00 
	   energy              1.420510e-03    1.289827e-05    1.420510e-05 
	   displacement        6.201470e-03    1.255447e-04    4.729529e-09 
 3
 Nonlinear solution status: time= 1.21821
	stiffness updates             = 2
	right hand side evaluations   = 4
	stiffness matrix reformations = 1
	step from line search         = 1.000000
	convergence norms :     INITIAL         CURRENT         REQUIRED
	   residual            1.032030e-03    4.475381e-04    0.000000e+00 
	   energy              1.420510e-03    1.191756e-06    1.420510e-05 
	   displacement        6.201470e-03    1.269795e-05    4.767517e-09 
 4
 Nonlinear solution status: time= 1.21821
	stiffness updates             = 3
	right hand side evaluations   = 5
	stiffness matrix reformations = 1
	step from line search         = 1.000000
	convergence norms :     INITIAL         CURRENT         REQUIRED
	   residual            1.032030e-03    8.313411e-05    0.000000e+00 
	   energy              1.420510e-03    2.209228e-07    1.420510e-05 
	   displacement        6.201470e-03    1.611154e-06    4.907202e-09 
 5
 Nonlinear solution status: time= 1.21821
	stiffness updates             = 4
	right hand side evaluations   = 6
	stiffness matrix reformations = 1
	step from line search         = 1.000000
	convergence norms :     INITIAL         CURRENT         REQUIRED
	   residual            1.032030e-03    1.808786e-05    0.000000e+00 
	   energy              1.420510e-03    2.420046e-08    1.420510e-05 
	   displacement        6.201470e-03    1.311112e-07    4.903777e-09 
 6
 Nonlinear solution status: time= 1.21821
	stiffness updates             = 5
	right hand side evaluations   = 7
	stiffness matrix reformations = 1
	step from line search         = 1.000000
	convergence norms :     INITIAL         CURRENT         REQUIRED
	   residual            1.032030e-03    6.806268e-06    0.000000e+00 
	   energy              1.420510e-03    7.421681e-09    1.420510e-05 
	   displacement        6.201470e-03    3.285280e-08    4.891878e-09 
 7
 Nonlinear solution status: time= 1.21821
	stiffness updates             = 6
	right hand side evaluations   = 8
	stiffness matrix reformations = 1
	step from line search         = 1.000000
	convergence norms :     INITIAL         CURRENT         REQUIRED
	   residual            1.032030e-03    1.473788e-06    0.000000e+00 
	   energy              1.420510e-03    1.467721e-09    1.420510e-05 
	   displacement        6.201470e-03    4.729898e-09    4.894590e-09 

convergence summary
    number of iterations   : 7
    number of reformations : 1

------- converged at time : 1.21821


AUTO STEPPER: increasing time step, dt = 0.00935178

MUST POINT CONTROLLER: adjusting time step. dt = 0.00678959


===== beginning time step 67 : 1.225 =====


Reforming stiffness matrix: reformation #1

 1
 Nonlinear solution status: time= 1.225
	stiffness updates             = 0
	right hand side evaluations   = 2
	stiffness matrix reformations = 1
	step from line search         = 1.000000
	convergence norms :     INITIAL         CURRENT         REQUIRED
	   residual            1.557967e-03    3.397545e-03    0.000000e+00 
	   energy              1.255071e-03    1.273503e-04    1.255071e-05 
	   displacement        3.185681e-03    3.185681e-03    3.185681e-09 
 2
 Nonlinear solution status: time= 1.225
	stiffness updates             = 1
	right hand side evaluations   = 3
	stiffness matrix reformations = 1
	step from line search         = 1.000000
	convergence norms :     INITIAL         CURRENT         REQUIRED
	   residual            1.557967e-03    6.897044e-04    0.000000e+00 
	   energy              1.255071e-03    3.077429e-06    1.255071e-05 
	   displacement        3.185681e-03    4.969711e-05    2.511976e-09 
 3
 Nonlinear solution status: time= 1.225
	stiffness updates             = 2
	right hand side evaluations   = 4
	stiffness matrix reformations = 1
	step from line search         = 1.000000
	convergence norms :     INITIAL         CURRENT         REQUIRED
	   residual            1.557967e-03    6.111797e-05    0.000000e+00 
	   energy              1.255071e-03    2.156609e-07    1.255071e-05 
	   displacement        3.185681e-03    1.655751e-06    2.542261e-09 
 4
 Nonlinear solution status: time= 1.225
	stiffness updates             = 3
	right hand side evaluations   = 5
	stiffness matrix reformations = 1
	step from line search         = 1.000000
	convergence norms :     INITIAL         CURRENT         REQUIRED
	   residual            1.557967e-03    4.467437e-06    0.000000e+00 
	   energy              1.255071e-03    1.388671e-08    1.255071e-05 
	   displacement        3.185681e-03    1.039669e-07    2.562519e-09 
 5
 Nonlinear solution status: time= 1.225
	stiffness updates             = 4
	right hand side evaluations   = 6
	stiffness matrix reformations = 1
	step from line search         = 1.000000
	convergence norms :     INITIAL         CURRENT         REQUIRED
	   residual            1.557967e-03    5.893724e-07    0.000000e+00 
	   energy              1.255071e-03    9.869011e-10    1.255071e-05 
	   displacement        3.185681e-03    5.814209e-09    2.560569e-09 
 6
 Nonlinear solution status: time= 1.225
	stiffness updates             = 5
	right hand side evaluations   = 7
	stiffness matrix reformations = 1
	step from line search         = 1.000000
	convergence norms :     INITIAL         CURRENT         REQUIRED
	   residual            1.557967e-03    6.080551e-08    0.000000e+00 
	   energy              1.255071e-03    7.275440e-11    1.255071e-05 
	   displacement        3.185681e-03    4.607757e-10    2.559941e-09 

convergence summary
    number of iterations   : 6
    number of reformations : 1

------- converged at time : 1.225


AUTO STEPPER: increasing time step, dt = 0.00948142


===== beginning time step 68 : 1.23448 =====


Reforming stiffness matrix: reformation #1

 1
 Nonlinear solution status: time= 1.23448
	stiffness updates             = 0
	right hand side evaluations   = 2
	stiffness matrix reformations = 1
	step from line search         = 1.000000
	convergence norms :     INITIAL         CURRENT         REQUIRED
	   residual            8.248412e-04    7.222560e-03    0.000000e+00 
	   energy              1.194408e-03    1.517135e-04    1.194408e-05 
	   displacement        5.327866e-03    5.327866e-03    5.327866e-09 
 2
 Nonlinear solution status: time= 1.23448
	stiffness updates             = 1
	right hand side evaluations   = 3
	stiffness matrix reformations = 1
	step from line search         = 1.000000
	convergence norms :     INITIAL         CURRENT         REQUIRED
	   residual            8.248412e-04    1.274398e-03    0.000000e+00 
	   energy              1.194408e-03    7.282947e-06    1.194408e-05 
	   displacement        5.327866e-03    9.905904e-05    4.085962e-09 
 3
 Nonlinear solution status: time= 1.23448
	stiffness updates             = 2
	right hand side evaluations   = 4
	stiffness matrix reformations = 1
	step from line search         = 1.000000
	convergence norms :     INITIAL         CURRENT         REQUIRED
	   residual            8.248412e-04    3.084586e-04    0.000000e+00 
	   energy              1.194408e-03    7.609215e-07    1.194408e-05 
	   displacement        5.327866e-03    7.164359e-06    4.131040e-09 
 4
 Nonlinear solution status: time= 1.23448
	stiffness updates             = 3
	right hand side evaluations   = 5
	stiffness matrix reformations = 1
	step from line search         = 1.000000
	convergence norms :     INITIAL         CURRENT         REQUIRED
	   residual            8.248412e-04    3.203313e-05    0.000000e+00 
	   energy              1.194408e-03    9.799176e-08    1.194408e-05 
	   displacement        5.327866e-03    7.687034e-07    4.218548e-09 
 5
 Nonlinear solution status: time= 1.23448
	stiffness updates             = 4
	right hand side evaluations   = 6
	stiffness matrix reformations = 1
	step from line search         = 1.000000
	convergence norms :     INITIAL         CURRENT         REQUIRED
	   residual            8.248412e-04    6.826568e-06    0.000000e+00 
	   energy              1.194408e-03    9.453067e-09    1.194408e-05 
	   displacement        5.327866e-03    6.265856e-08    4.214945e-09 
 6
 Nonlinear solution status: time= 1.23448
	stiffness updates             = 5
	right hand side evaluations   = 7
	stiffness matrix reformations = 1
	step from line search         = 1.000000
	convergence norms :     INITIAL         CURRENT         REQUIRED
	   residual            8.248412e-04    1.206232e-06    0.000000e+00 
	   energy              1.194408e-03    1.383579e-09    1.194408e-05 
	   displacement        5.327866e-03    1.076373e-08    4.209633e-09 
 7
 Nonlinear solution status: time= 1.23448
	stiffness updates             = 6
	right hand side evaluations   = 8
	stiffness matrix reformations = 1
	step from line search         = 1.000000
	convergence norms :     INITIAL         CURRENT         REQUIRED
	   residual            8.248412e-04    1.882129e-07    0.000000e+00 
	   energy              1.194408e-03    1.933071e-10    1.194408e-05 
	   displacement        5.327866e-03    1.404591e-09    4.211317e-09 

convergence summary
    number of iterations   : 7
    number of reformations : 1

------- converged at time : 1.23448


AUTO STEPPER: increasing time step, dt = 0.00958514


===== beginning time step 69 : 1.24407 =====


Reforming stiffness matrix: reformation #1

 1
 Nonlinear solution status: time= 1.24407
	stiffness updates             = 0
	right hand side evaluations   = 2
	stiffness matrix reformations = 1
	step from line search         = 1.000000
	convergence norms :     INITIAL         CURRENT         REQUIRED
	   residual            6.144279e-04    3.367530e-03    0.000000e+00 
	   energy              9.137866e-04    1.087578e-04    9.137866e-06 
	   displacement        4.127389e-03    4.127389e-03    4.127389e-09 
 2
 Nonlinear solution status: time= 1.24407
	stiffness updates             = 1
	right hand side evaluations   = 3
	stiffness matrix reformations = 1
	step from line search         = 1.000000
	convergence norms :     INITIAL         CURRENT         REQUIRED
	   residual            6.144279e-04    5.101085e-04    0.000000e+00 
	   energy              9.137866e-04    3.088831e-06    9.137866e-06 
	   displacement        4.127389e-03    6.939054e-05    3.193091e-09 
 3
 Nonlinear solution status: time= 1.24407
	stiffness updates             = 2
	right hand side evaluations   = 4
	stiffness matrix reformations = 1
	step from line search         = 1.000000
	convergence norms :     INITIAL         CURRENT         REQUIRED
	   residual            6.144279e-04    1.534520e-04    0.000000e+00 
	   energy              9.137866e-04    3.660576e-07    9.137866e-06 
	   displacement        4.127389e-03    2.795335e-06    3.224494e-09 
 4
 Nonlinear solution status: time= 1.24407
	stiffness updates             = 3
	right hand side evaluations   = 5
	stiffness matrix reformations = 1
	step from line search         = 1.000000
	convergence norms :     INITIAL         CURRENT         REQUIRED
	   residual            6.144279e-04    8.966031e-06    0.000000e+00 
	   energy              9.137866e-04    2.943903e-08    9.137866e-06 
	   displacement        4.127389e-03    2.620938e-07    3.266794e-09 
 5
 Nonlinear solution status: time= 1.24407
	stiffness updates             = 4
	right hand side evaluations   = 6
	stiffness matrix reformations = 1
	step from line search         = 1.000000
	convergence norms :     INITIAL         CURRENT         REQUIRED
	   residual            6.144279e-04    2.786265e-06    0.000000e+00 
	   energy              9.137866e-04    3.474833e-09    9.137866e-06 
	   displacement        4.127389e-03    2.023690e-08    3.264272e-09 
 6
 Nonlinear solution status: time= 1.24407
	stiffness updates             = 5
	right hand side evaluations   = 7
	stiffness matrix reformations = 1
	step from line search         = 1.000000
	convergence norms :     INITIAL         CURRENT         REQUIRED
	   residual            6.144279e-04    2.085563e-07    0.000000e+00 
	   energy              9.137866e-04    2.275648e-10    9.137866e-06 
	   displacement        4.127389e-03    2.719023e-09    3.262393e-09 

convergence summary
    number of iterations   : 6
    number of reformations : 1

------- converged at time : 1.24407


AUTO STEPPER: increasing time step, dt = 0.00966811

MUST POINT CONTROLLER: adjusting time step. dt = 0.00593344


===== beginning time step 70 : 1.25 =====


Reforming stiffness matrix: reformation #1

 1
 Nonlinear solution status: time= 1.25
	stiffness updates             = 0
	right hand side evaluations   = 2
	stiffness matrix reformations = 1
	step from line search         = 1.000000
	convergence norms :     INITIAL         CURRENT         REQUIRED
	   residual            9.583960e-04    2.943180e-04    0.000000e+00 
	   energy              6.095846e-04    5.317643e-05    6.095846e-06 
	   displacement        1.184568e-03    1.184568e-03    1.184568e-09 
 2
 Nonlinear solution status: time= 1.25
	stiffness updates             = 1
	right hand side evaluations   = 3
	stiffness matrix reformations = 1
	step from line search         = 1.000000
	convergence norms :     INITIAL         CURRENT         REQUIRED
	   residual            9.583960e-04    5.651766e-05    0.000000e+00 
	   energy              6.095846e-04    4.171165e-07    6.095846e-06 
	   displacement        1.184568e-03    1.635413e-05    9.523927e-10 
 3
 Nonlinear solution status: time= 1.25
	stiffness updates             = 2
	right hand side evaluations   = 4
	stiffness matrix reformations = 1
	step from line search         = 1.000000
	convergence norms :     INITIAL         CURRENT         REQUIRED
	   residual            9.583960e-04    1.547331e-06    0.000000e+00 
	   energy              6.095846e-04    1.048495e-08    6.095846e-06 
	   displacement        1.184568e-03    1.273590e-07    9.601367e-10 
 4
 Nonlinear solution status: time= 1.25
	stiffness updates             = 3
	right hand side evaluations   = 5
	stiffness matrix reformations = 1
	step from line search         = 1.000000
	convergence norms :     INITIAL         CURRENT         REQUIRED
	   residual            9.583960e-04    4.918199e-08    0.000000e+00 
	   energy              6.095846e-04    2.008969e-10    6.095846e-06 
	   displacement        1.184568e-03    2.325000e-09    9.611778e-10 
 5
 Nonlinear solution status: time= 1.25
	stiffness updates             = 4
	right hand side evaluations   = 6
	stiffness matrix reformations = 1
	step from line search         = 1.000000
	convergence norms :     INITIAL         CURRENT         REQUIRED
	   residual            9.583960e-04    2.752355e-09    0.000000e+00 
	   energy              6.095846e-04    6.668736e-12    6.095846e-06 
	   displacement        1.184568e-03    6.827197e-11    9.610432e-10 

convergence summary
    number of iterations   : 5
    number of reformations : 1

------- converged at time : 1.25


AUTO STEPPER: increasing time step, dt = 0.00973449


===== beginning time step 71 : 1.25973 =====


Reforming stiffness matrix: reformation #1

 1
 Nonlinear solution status: time= 1.25973
	stiffness updates             = 0
	right hand side evaluations   = 2
	stiffness matrix reformations = 1
	step from line search         = 1.000000
	convergence norms :     INITIAL         CURRENT         REQUIRED
	   residual            3.257819e-04    6.126901e-04    0.000000e+00 
	   energy              5.046873e-04    5.689466e-05    5.046873e-06 
	   displacement        2.328144e-03    2.328144e-03    2.328144e-09 
 2
 Nonlinear solution status: time= 1.25973
	stiffness updates             = 1
	right hand side evaluations   = 3
	stiffness matrix reformations = 1
	step from line search         = 1.000000
	convergence norms :     INITIAL         CURRENT         REQUIRED
	   residual            3.257819e-04    5.929886e-05    0.000000e+00 
	   energy              5.046873e-04    5.278872e-07    5.046873e-06 
	   displacement        2.328144e-03    3.516012e-05    1.819006e-09 
 3
 Nonlinear solution status: time= 1.25973
	stiffness updates             = 2
	right hand side evaluations   = 4
	stiffness matrix reformations = 1
	step from line search         = 1.000000
	convergence norms :     INITIAL         CURRENT         REQUIRED
	   residual            3.257819e-04    9.476183e-06    0.000000e+00 
	   energy              5.046873e-04    3.538088e-08    5.046873e-06 
	   displacement        2.328144e-03    3.456626e-07    1.832655e-09 
 4
 Nonlinear solution status: time= 1.25973
	stiffness updates             = 3
	right hand side evaluations   = 5
	stiffness matrix reformations = 1
	step from line search         = 1.000000
	convergence norms :     INITIAL         CURRENT         REQUIRED
	   residual            3.257819e-04    1.237410e-07    0.000000e+00 
	   energy              5.046873e-04    8.456876e-10    5.046873e-06 
	   displacement        2.328144e-03    1.480080e-08    1.838168e-09 
 5
 Nonlinear solution status: time= 1.25973
	stiffness updates             = 4
	right hand side evaluations   = 6
	stiffness matrix reformations = 1
	step from line search         = 1.000000
	convergence norms :     INITIAL         CURRENT         REQUIRED
	   residual            3.257819e-04    4.240718e-08    0.000000e+00 
	   energy              5.046873e-04    5.997303e-11    5.046873e-06 
	   displacement        2.328144e-03    6.380172e-10    1.837613e-09 

convergence summary
    number of iterations   : 5
    number of reformations : 1

------- converged at time : 1.25973


AUTO STEPPER: increasing time step, dt = 0.00978759


===== beginning time step 72 : 1.26952 =====


Reforming stiffness matrix: reformation #1

 1
 Nonlinear solution status: time= 1.26952
	stiffness updates             = 0
	right hand side evaluations   = 2
	stiffness matrix reformations = 1
	step from line search         = 1.000000
	convergence norms :     INITIAL         CURRENT         REQUIRED
	   residual            2.059242e-04    1.606423e-04    0.000000e+00 
	   energy              3.240851e-04    3.634571e-05    3.240851e-06 
	   displacement        1.510795e-03    1.510795e-03    1.510795e-09 
 2
 Nonlinear solution status: time= 1.26952
	stiffness updates             = 1
	right hand side evaluations   = 3
	stiffness matrix reformations = 1
	step from line search         = 1.000000
	convergence norms :     INITIAL         CURRENT         REQUIRED
	   residual            2.059242e-04    1.312368e-05    0.000000e+00 
	   energy              3.240851e-04    1.604555e-07    3.240851e-06 
	   displacement        1.510795e-03    2.231145e-05    1.182358e-09 
 3
 Nonlinear solution status: time= 1.26952
	stiffness updates             = 2
	right hand side evaluations   = 4
	stiffness matrix reformations = 1
	step from line search         = 1.000000
	convergence norms :     INITIAL         CURRENT         REQUIRED
	   residual            2.059242e-04    6.795120e-07    0.000000e+00 
	   energy              3.240851e-04    4.909642e-09    3.240851e-06 
	   displacement        1.510795e-03    7.942702e-08    1.188635e-09 
 4
 Nonlinear solution status: time= 1.26952
	stiffness updates             = 3
	right hand side evaluations   = 5
	stiffness matrix reformations = 1
	step from line search         = 1.000000
	convergence norms :     INITIAL         CURRENT         REQUIRED
	   residual            2.059242e-04    4.751222e-09    0.000000e+00 
	   energy              3.240851e-04    5.294460e-11    3.240851e-06 
	   displacement        1.510795e-03    1.735479e-09    1.189557e-09 
 5
 Nonlinear solution status: time= 1.26952
	stiffness updates             = 4
	right hand side evaluations   = 6
	stiffness matrix reformations = 1
	step from line search         = 1.000000
	convergence norms :     INITIAL         CURRENT         REQUIRED
	   residual            2.059242e-04    1.282072e-09    0.000000e+00 
	   energy              3.240851e-04    2.852366e-12    3.240851e-06 
	   displacement        1.510795e-03    4.218907e-11    1.189434e-09 

convergence summary
    number of iterations   : 5
    number of reformations : 1

------- converged at time : 1.26952


AUTO STEPPER: increasing time step, dt = 0.00983007

MUST POINT CONTROLLER: adjusting time step. dt = 0.00547792


===== beginning time step 73 : 1.275 =====


Reforming stiffness matrix: reformation #1

 1
 Nonlinear solution status: time= 1.275
	stiffness updates             = 0
	right hand side evaluations   = 2
	stiffness matrix reformations = 1
	step from line search         = 1.000000
	convergence norms :     INITIAL         CURRENT         REQUIRED
	   residual            3.636158e-04    2.380077e-05    0.000000e+00 
	   energy              1.991651e-04    1.693324e-05    1.991651e-06 
	   displacement        3.312842e-04    3.312842e-04    3.312842e-10 
 2
 Nonlinear solution status: time= 1.275
	stiffness updates             = 1
	right hand side evaluations   = 3
	stiffness matrix reformations = 1
	step from line search         = 1.000000
	convergence norms :     INITIAL         CURRENT         REQUIRED
	   residual            3.636158e-04    3.161930e-06    0.000000e+00 
	   energy              1.991651e-04    9.797341e-08    1.991651e-06 
	   displacement        3.312842e-04    4.745483e-06    2.665976e-10 
 3
 Nonlinear solution status: time= 1.275
	stiffness updates             = 2
	right hand side evaluations   = 4
	stiffness matrix reformations = 1
	step from line search         = 1.000000
	convergence norms :     INITIAL         CURRENT         REQUIRED
	   residual            3.636158e-04    7.003333e-09    0.000000e+00 
	   energy              1.991651e-04    9.692996e-10    1.991651e-06 
	   displacement        3.312842e-04    2.707570e-08    2.683882e-10 
 4
 Nonlinear solution status: time= 1.275
	stiffness updates             = 3
	right hand side evaluations   = 5
	stiffness matrix reformations = 1
	step from line search         = 1.000000
	convergence norms :     INITIAL         CURRENT         REQUIRED
	   residual            3.636158e-04    3.140656e-11    0.000000e+00 
	   energy              1.991651e-04    1.402874e-12    1.991651e-06 
	   displacement        3.312842e-04    1.132765e-10    2.684992e-10 

convergence summary
    number of iterations   : 4
    number of reformations : 1

------- converged at time : 1.275


AUTO STEPPER: increasing time step, dt = 0.00986406


===== beginning time step 74 : 1.28486 =====


Reforming stiffness matrix: reformation #1

 1
 Nonlinear solution status: time= 1.28486
	stiffness updates             = 0
	right hand side evaluations   = 2
	stiffness matrix reformations = 1
	step from line search         = 1.000000
	convergence norms :     INITIAL         CURRENT         REQUIRED
	   residual            1.089524e-04    2.598446e-05    0.000000e+00 
	   energy              1.740965e-04    1.989464e-05    1.740965e-06 
	   displacement        8.282988e-04    8.282988e-04    8.282988e-10 
 2
 Nonlinear solution status: time= 1.28486
	stiffness updates             = 1
	right hand side evaluations   = 3
	stiffness matrix reformations = 1
	step from line search         = 1.000000
	convergence norms :     INITIAL         CURRENT         REQUIRED
	   residual            1.089524e-04    2.354436e-06    0.000000e+00 
	   energy              1.740965e-04    4.412188e-08    1.740965e-06 
	   displacement        8.282988e-04    1.240311e-05    6.463015e-10 
 3
 Nonlinear solution status: time= 1.28486
	stiffness updates             = 2
	right hand side evaluations   = 4
	stiffness matrix reformations = 1
	step from line search         = 1.000000
	convergence norms :     INITIAL         CURRENT         REQUIRED
	   residual            1.089524e-04    1.373219e-08    0.000000e+00 
	   energy              1.740965e-04    6.113304e-10    1.740965e-06 
	   displacement        8.282988e-04    1.905882e-08    6.485903e-10 
 4
 Nonlinear solution status: time= 1.28486
	stiffness updates             = 3
	right hand side evaluations   = 5
	stiffness matrix reformations = 1
	step from line search         = 1.000000
	convergence norms :     INITIAL         CURRENT         REQUIRED
	   residual            1.089524e-04    1.270450e-10    0.000000e+00 
	   energy              1.740965e-04    9.700425e-13    1.740965e-06 
	   displacement        8.282988e-04    2.005261e-10    6.487052e-10 

convergence summary
    number of iterations   : 4
    number of reformations : 1

------- converged at time : 1.28486


AUTO STEPPER: increasing time step, dt = 0.00989125


===== beginning time step 75 : 1.29476 =====


Reforming stiffness matrix: reformation #1

 1
 Nonlinear solution status: time= 1.29476
	stiffness updates             = 0
	right hand side evaluations   = 2
	stiffness matrix reformations = 1
	step from line search         = 1.000000
	convergence norms :     INITIAL         CURRENT         REQUIRED
	   residual            8.125289e-05    1.209378e-05    0.000000e+00 
	   energy              1.305063e-04    1.508169e-05    1.305063e-06 
	   displacement        6.299184e-04    6.299184e-04    6.299184e-10 
 2
 Nonlinear solution status: time= 1.29476
	stiffness updates             = 1
	right hand side evaluations   = 3
	stiffness matrix reformations = 1
	step from line search         = 1.000000
	convergence norms :     INITIAL         CURRENT         REQUIRED
	   residual            8.125289e-05    1.168954e-06    0.000000e+00 
	   energy              1.305063e-04    2.869065e-08    1.305063e-06 
	   displacement        6.299184e-04    9.512493e-06    4.906341e-10 
 3
 Nonlinear solution status: time= 1.29476
	stiffness updates             = 2
	right hand side evaluations   = 4
	stiffness matrix reformations = 1
	step from line search         = 1.000000
	convergence norms :     INITIAL         CURRENT         REQUIRED
	   residual            8.125289e-05    4.590953e-09    0.000000e+00 
	   energy              1.305063e-04    3.551278e-10    1.305063e-06 
	   displacement        6.299184e-04    1.247643e-08    4.922292e-10 
 4
 Nonlinear solution status: time= 1.29476
	stiffness updates             = 3
	right hand side evaluations   = 5
	stiffness matrix reformations = 1
	step from line search         = 1.000000
	convergence norms :     INITIAL         CURRENT         REQUIRED
	   residual            8.125289e-05    4.300675e-11    0.000000e+00 
	   energy              1.305063e-04    4.641791e-13    1.305063e-06 
	   displacement        6.299184e-04    1.178738e-10    4.922880e-10 

convergence summary
    number of iterations   : 4
    number of reformations : 1

------- converged at time : 1.29476


AUTO STEPPER: increasing time step, dt = 0.009913

MUST POINT CONTROLLER: adjusting time step. dt = 0.0052447


===== beginning time step 76 : 1.3 =====


Reforming stiffness matrix: reformation #1

 1
 Nonlinear solution status: time= 1.3
	stiffness updates             = 0
	right hand side evaluations   = 2
	stiffness matrix reformations = 1
	step from line search         = 1.000000
	convergence norms :     INITIAL         CURRENT         REQUIRED
	   residual            1.890324e-04    1.097399e-05    0.000000e+00 
	   energy              9.647478e-05    8.493762e-06    9.647478e-07 
	   displacement        1.536005e-04    1.536005e-04    1.536005e-10 
 2
 Nonlinear solution status: time= 1.3
	stiffness updates             = 1
	right hand side evaluations   = 3
	stiffness matrix reformations = 1
	step from line search         = 1.000000
	convergence norms :     INITIAL         CURRENT         REQUIRED
	   residual            1.890324e-04    7.003770e-07    0.000000e+00 
	   energy              9.647478e-05    4.943514e-08    9.647478e-07 
	   displacement        1.536005e-04    2.356878e-06    1.225831e-10 
 3
 Nonlinear solution status: time= 1.3
	stiffness updates             = 2
	right hand side evaluations   = 4
	stiffness matrix reformations = 1
	step from line search         = 1.000000
	convergence norms :     INITIAL         CURRENT         REQUIRED
	   residual            1.890324e-04    1.720022e-09    0.000000e+00 
	   energy              9.647478e-05    4.670992e-10    9.647478e-07 
	   displacement        1.536005e-04    1.295142e-08    1.234475e-10 
 4
 Nonlinear solution status: time= 1.3
	stiffness updates             = 3
	right hand side evaluations   = 5
	stiffness matrix reformations = 1
	step from line search         = 1.000000
	convergence norms :     INITIAL         CURRENT         REQUIRED
	   residual            1.890324e-04    3.231595e-12    0.000000e+00 
	   energy              9.647478e-05    6.442848e-13    9.647478e-07 
	   displacement        1.536005e-04    5.153348e-11    1.234911e-10 

convergence summary
    number of iterations   : 4
    number of reformations : 1

------- converged at time : 1.3


AUTO STEPPER: increasing time step, dt = 0.0099304


===== beginning time step 77 : 1.30993 =====


Reforming stiffness matrix: reformation #1

 1
 Nonlinear solution status: time= 1.30993
	stiffness updates             = 0
	right hand side evaluations   = 2
	stiffness matrix reformations = 1
	step from line search         = 1.000000
	convergence norms :     INITIAL         CURRENT         REQUIRED
	   residual            6.084362e-05    9.515114e-06    0.000000e+00 
	   energy              9.875707e-05    1.143893e-05    9.875707e-07 
	   displacement        4.866377e-04    4.866377e-04    4.866377e-10 
 2
 Nonlinear solution status: time= 1.30993
	stiffness updates             = 1
	right hand side evaluations   = 3
	stiffness matrix reformations = 1
	step from line search         = 1.000000
	convergence norms :     INITIAL         CURRENT         REQUIRED
	   residual            6.084362e-05    7.302612e-07    0.000000e+00 
	   energy              9.875707e-05    2.069894e-08    9.875707e-07 
	   displacement        4.866377e-04    7.286710e-06    3.791598e-10 
 3
 Nonlinear solution status: time= 1.30993
	stiffness updates             = 2
	right hand side evaluations   = 4
	stiffness matrix reformations = 1
	step from line search         = 1.000000
	convergence norms :     INITIAL         CURRENT         REQUIRED
	   residual            6.084362e-05    3.260728e-09    0.000000e+00 
	   energy              9.875707e-05    2.580753e-10    9.875707e-07 
	   displacement        4.866377e-04    8.925332e-09    3.803488e-10 
 4
 Nonlinear solution status: time= 1.30993
	stiffness updates             = 3
	right hand side evaluations   = 5
	stiffness matrix reformations = 1
	step from line search         = 1.000000
	convergence norms :     INITIAL         CURRENT         REQUIRED
	   residual            6.084362e-05    2.480883e-11    0.000000e+00 
	   energy              9.875707e-05    3.811093e-13    9.875707e-07 
	   displacement        4.866377e-04    9.519948e-11    3.803881e-10 

convergence summary
    number of iterations   : 4
    number of reformations : 1

------- converged at time : 1.30993


AUTO STEPPER: increasing time step, dt = 0.00994432


===== beginning time step 78 : 1.31987 =====


Reforming stiffness matrix: reformation #1

 1
 Nonlinear solution status: time= 1.31987
	stiffness updates             = 0
	right hand side evaluations   = 2
	stiffness matrix reformations = 1
	step from line search         = 1.000000
	convergence norms :     INITIAL         CURRENT         REQUIRED
	   residual            4.905678e-05    7.618497e-06    0.000000e+00 
	   energy              8.022437e-05    9.229619e-06    8.022437e-07 
	   displacement        3.979612e-04    3.979612e-04    3.979612e-10 
 2
 Nonlinear solution status: time= 1.31987
	stiffness updates             = 1
	right hand side evaluations   = 3
	stiffness matrix reformations = 1
	step from line search         = 1.000000
	convergence norms :     INITIAL         CURRENT         REQUIRED
	   residual            4.905678e-05    5.204611e-07    0.000000e+00 
	   energy              8.022437e-05    1.596864e-08    8.022437e-07 
	   displacement        3.979612e-04    5.873344e-06    3.105985e-10 
 3
 Nonlinear solution status: time= 1.31987
	stiffness updates             = 2
	right hand side evaluations   = 4
	stiffness matrix reformations = 1
	step from line search         = 1.000000
	convergence norms :     INITIAL         CURRENT         REQUIRED
	   residual            4.905678e-05    2.185663e-09    0.000000e+00 
	   energy              8.022437e-05    1.909839e-10    8.022437e-07 
	   displacement        3.979612e-04    6.885308e-09    3.115524e-10 
 4
 Nonlinear solution status: time= 1.31987
	stiffness updates             = 3
	right hand side evaluations   = 5
	stiffness matrix reformations = 1
	step from line search         = 1.000000
	convergence norms :     INITIAL         CURRENT         REQUIRED
	   residual            4.905678e-05    1.445319e-11    0.000000e+00 
	   energy              8.022437e-05    2.543058e-13    8.022437e-07 
	   displacement        3.979612e-04    7.196594e-11    3.115794e-10 

convergence summary
    number of iterations   : 4
    number of reformations : 1

------- converged at time : 1.31987


AUTO STEPPER: increasing time step, dt = 0.00995545

MUST POINT CONTROLLER: adjusting time step. dt = 0.00512528


===== beginning time step 79 : 1.325 =====


Reforming stiffness matrix: reformation #1

 1
 Nonlinear solution status: time= 1.325
	stiffness updates             = 0
	right hand side evaluations   = 2
	stiffness matrix reformations = 1
	step from line search         = 1.000000
	convergence norms :     INITIAL         CURRENT         REQUIRED
	   residual            1.126048e-04    6.305058e-06    0.000000e+00 
	   energy              5.662365e-05    4.958007e-06    5.662365e-07 
	   displacement        8.915335e-05    8.915335e-05    8.915335e-11 
 2
 Nonlinear solution status: time= 1.325
	stiffness updates             = 1
	right hand side evaluations   = 3
	stiffness matrix reformations = 1
	step from line search         = 1.000000
	convergence norms :     INITIAL         CURRENT         REQUIRED
	   residual            1.126048e-04    2.852338e-07    0.000000e+00 
	   energy              5.662365e-05    2.809443e-08    5.662365e-07 
	   displacement        8.915335e-05    1.366292e-06    7.113802e-11 
 3
 Nonlinear solution status: time= 1.325
	stiffness updates             = 2
	right hand side evaluations   = 4
	stiffness matrix reformations = 1
	step from line search         = 1.000000
	convergence norms :     INITIAL         CURRENT         REQUIRED
	   residual            1.126048e-04    7.305393e-10    0.000000e+00 
	   energy              5.662365e-05    2.674065e-10    5.662365e-07 
	   displacement        8.915335e-05    7.369292e-09    7.164621e-11 
 4
 Nonlinear solution status: time= 1.325
	stiffness updates             = 3
	right hand side evaluations   = 5
	stiffness matrix reformations = 1
	step from line search         = 1.000000
	convergence norms :     INITIAL         CURRENT         REQUIRED
	   residual            1.126048e-04    1.518902e-12    0.000000e+00 
	   energy              5.662365e-05    4.489406e-13    5.662365e-07 
	   displacement        8.915335e-05    3.155138e-11    7.166931e-11 

convergence summary
    number of iterations   : 4
    number of reformations : 1

------- converged at time : 1.325


AUTO STEPPER: increasing time step, dt = 0.00996436


===== beginning time step 80 : 1.33496 =====


Reforming stiffness matrix: reformation #1

 1
 Nonlinear solution status: time= 1.33496
	stiffness updates             = 0
	right hand side evaluations   = 2
	stiffness matrix reformations = 1
	step from line search         = 1.000000
	convergence norms :     INITIAL         CURRENT         REQUIRED
	   residual            3.179270e-05    4.080015e-06    0.000000e+00 
	   energy              5.242112e-05    5.936189e-06    5.242112e-07 
	   displacement        2.605959e-04    2.605959e-04    2.605959e-10 
 2
 Nonlinear solution status: time= 1.33496
	stiffness updates             = 1
	right hand side evaluations   = 3
	stiffness matrix reformations = 1
	step from line search         = 1.000000
	convergence norms :     INITIAL         CURRENT         REQUIRED
	   residual            3.179270e-05    2.400226e-07    0.000000e+00 
	   energy              5.242112e-05    9.249671e-09    5.242112e-07 
	   displacement        2.605959e-04    3.746006e-06    2.040791e-10 
 3
 Nonlinear solution status: time= 1.33496
	stiffness updates             = 2
	right hand side evaluations   = 4
	stiffness matrix reformations = 1
	step from line search         = 1.000000
	convergence norms :     INITIAL         CURRENT         REQUIRED
	   residual            3.179270e-05    7.494560e-10    0.000000e+00 
	   energy              5.242112e-05    9.716281e-11    5.242112e-07 
	   displacement        2.605959e-04    4.014902e-09    2.046770e-10 
 4
 Nonlinear solution status: time= 1.33496
	stiffness updates             = 3
	right hand side evaluations   = 5
	stiffness matrix reformations = 1
	step from line search         = 1.000000
	convergence norms :     INITIAL         CURRENT         REQUIRED
	   residual            3.179270e-05    3.379238e-12    0.000000e+00 
	   energy              5.242112e-05    9.345968e-14    5.242112e-07 
	   displacement        2.605959e-04    3.557733e-11    2.046884e-10 

convergence summary
    number of iterations   : 4
    number of reformations : 1

------- converged at time : 1.33496


AUTO STEPPER: increasing time step, dt = 0.00997149


===== beginning time step 81 : 1.34494 =====


Reforming stiffness matrix: reformation #1

 1
 Nonlinear solution status: time= 1.34494
	stiffness updates             = 0
	right hand side evaluations   = 2
	stiffness matrix reformations = 1
	step from line search         = 1.000000
	convergence norms :     INITIAL         CURRENT         REQUIRED
	   residual            2.035933e-05    1.994548e-06    0.000000e+00 
	   energy              3.360179e-05    3.754886e-06    3.360179e-07 
	   displacement        1.660540e-04    1.660540e-04    1.660540e-10 
 2
 Nonlinear solution status: time= 1.34494
	stiffness updates             = 1
	right hand side evaluations   = 3
	stiffness matrix reformations = 1
	step from line search         = 1.000000
	convergence norms :     INITIAL         CURRENT         REQUIRED
	   residual            2.035933e-05    9.818813e-08    0.000000e+00 
	   energy              3.360179e-05    5.424051e-09    3.360179e-07 
	   displacement        1.660540e-04    2.342756e-06    1.303787e-10 
 3
 Nonlinear solution status: time= 1.34494
	stiffness updates             = 2
	right hand side evaluations   = 4
	stiffness matrix reformations = 1
	step from line search         = 1.000000
	convergence norms :     INITIAL         CURRENT         REQUIRED
	   residual            2.035933e-05    2.235783e-10    0.000000e+00 
	   energy              3.360179e-05    5.169598e-11    3.360179e-07 
	   displacement        1.660540e-04    2.397496e-09    1.307488e-10 
 4
 Nonlinear solution status: time= 1.34494
	stiffness updates             = 3
	right hand side evaluations   = 5
	stiffness matrix reformations = 1
	step from line search         = 1.000000
	convergence norms :     INITIAL         CURRENT         REQUIRED
	   residual            2.035933e-05    5.352931e-13    0.000000e+00 
	   energy              3.360179e-05    3.751618e-14    3.360179e-07 
	   displacement        1.660540e-04    1.818059e-11    1.307536e-10 

convergence summary
    number of iterations   : 4
    number of reformations : 1

------- converged at time : 1.34494


AUTO STEPPER: increasing time step, dt = 0.00997719

MUST POINT CONTROLLER: adjusting time step. dt = 0.00506415


===== beginning time step 82 : 1.35 =====


Reforming stiffness matrix: reformation #1

 1
 Nonlinear solution status: time= 1.35
	stiffness updates             = 0
	right hand side evaluations   = 2
	stiffness matrix reformations = 1
	step from line search         = 1.000000
	convergence norms :     INITIAL         CURRENT         REQUIRED
	   residual            3.727286e-05    1.904596e-06    0.000000e+00 
	   energy              1.847274e-05    1.558757e-06    1.847274e-07 
	   displacement        2.821782e-05    2.821782e-05    2.821782e-11 
 2
 Nonlinear solution status: time= 1.35
	stiffness updates             = 1
	right hand side evaluations   = 3
	stiffness matrix reformations = 1
	step from line search         = 1.000000
	convergence norms :     INITIAL         CURRENT         REQUIRED
	   residual            3.727286e-05    3.752095e-08    0.000000e+00 
	   energy              1.847274e-05    8.926411e-09    1.847274e-07 
	   displacement        2.821782e-05    4.192986e-07    2.263240e-11 
 3
 Nonlinear solution status: time= 1.35
	stiffness updates             = 2
	right hand side evaluations   = 4
	stiffness matrix reformations = 1
	step from line search         = 1.000000
	convergence norms :     INITIAL         CURRENT         REQUIRED
	   residual            3.727286e-05    1.004845e-10    0.000000e+00 
	   energy              1.847274e-05    8.180982e-11    1.847274e-07 
	   displacement        2.821782e-05    2.360275e-09    2.279485e-11 
 4
 Nonlinear solution status: time= 1.35
	stiffness updates             = 3
	right hand side evaluations   = 5
	stiffness matrix reformations = 1
	step from line search         = 1.000000
	convergence norms :     INITIAL         CURRENT         REQUIRED
	   residual            3.727286e-05    2.621787e-13    0.000000e+00 
	   energy              1.847274e-05    1.472216e-13    1.847274e-07 
	   displacement        2.821782e-05    9.703418e-12    2.280204e-11 

convergence summary
    number of iterations   : 4
    number of reformations : 1

------- converged at time : 1.35


AUTO STEPPER: increasing time step, dt = 0.00998175


===== beginning time step 83 : 1.35998 =====


Reforming stiffness matrix: reformation #1

 1
 Nonlinear solution status: time= 1.35998
	stiffness updates             = 0
	right hand side evaluations   = 2
	stiffness matrix reformations = 1
	step from line search         = 1.000000
	convergence norms :     INITIAL         CURRENT         REQUIRED
	   residual            8.290095e-06    5.810315e-07    0.000000e+00 
	   energy              1.356338e-05    1.480895e-06    1.356338e-07 
	   displacement        6.596657e-05    6.596657e-05    6.596657e-11 
 2
 Nonlinear solution status: time= 1.35998
	stiffness updates             = 1
	right hand side evaluations   = 3
	stiffness matrix reformations = 1
	step from line search         = 1.000000
	convergence norms :     INITIAL         CURRENT         REQUIRED
	   residual            8.290095e-06    1.910208e-08    0.000000e+00 
	   energy              1.356338e-05    2.091714e-09    1.356338e-07 
	   displacement        6.596657e-05    9.080582e-07    5.198440e-11 
 3
 Nonlinear solution status: time= 1.35998
	stiffness updates             = 2
	right hand side evaluations   = 4
	stiffness matrix reformations = 1
	step from line search         = 1.000000
	convergence norms :     INITIAL         CURRENT         REQUIRED
	   residual            8.290095e-06    3.293591e-11    0.000000e+00 
	   energy              1.356338e-05    1.838356e-11    1.356338e-07 
	   displacement        6.596657e-05    9.327996e-10    5.213234e-11 
 4
 Nonlinear solution status: time= 1.35998
	stiffness updates             = 3
	right hand side evaluations   = 5
	stiffness matrix reformations = 1
	step from line search         = 1.000000
	convergence norms :     INITIAL         CURRENT         REQUIRED
	   residual            8.290095e-06    2.880893e-14    0.000000e+00 
	   energy              1.356338e-05    1.126396e-14    1.356338e-07 
	   displacement        6.596657e-05    6.111701e-12    5.213375e-11 

convergence summary
    number of iterations   : 4
    number of reformations : 1

------- converged at time : 1.35998


AUTO STEPPER: increasing time step, dt = 0.0099854


===== beginning time step 84 : 1.36997 =====


Reforming stiffness matrix: reformation #1

 1
 Nonlinear solution status: time= 1.36997
	stiffness updates             = 0
	right hand side evaluations   = 2
	stiffness matrix reformations = 1
	step from line search         = 1.000000
	convergence norms :     INITIAL         CURRENT         REQUIRED
	   residual            3.874079e-06    2.346253e-07    0.000000e+00 
	   energy              6.247560e-06    6.792298e-07    6.247560e-08 
	   displacement        3.027044e-05    3.027044e-05    3.027044e-11 
 2
 Nonlinear solution status: time= 1.36997
	stiffness updates             = 1
	right hand side evaluations   = 3
	stiffness matrix reformations = 1
	step from line search         = 1.000000
	convergence norms :     INITIAL         CURRENT         REQUIRED
	   residual            3.874079e-06    6.280742e-09    0.000000e+00 
	   energy              6.247560e-06    1.009107e-09    6.247560e-08 
	   displacement        3.027044e-05    4.208420e-07    2.383121e-11 
 3
 Nonlinear solution status: time= 1.36997
	stiffness updates             = 2
	right hand side evaluations   = 4
	stiffness matrix reformations = 1
	step from line search         = 1.000000
	convergence norms :     INITIAL         CURRENT         REQUIRED
	   residual            3.874079e-06    1.129467e-11    0.000000e+00 
	   energy              6.247560e-06    8.546163e-12    6.247560e-08 
	   displacement        3.027044e-05    4.367349e-10    2.390136e-11 
 4
 Nonlinear solution status: time= 1.36997
	stiffness updates             = 3
	right hand side evaluations   = 5
	stiffness matrix reformations = 1
	step from line search         = 1.000000
	convergence norms :     INITIAL         CURRENT         REQUIRED
	   residual            3.874079e-06    6.506503e-15    0.000000e+00 
	   energy              6.247560e-06    4.865761e-15    6.247560e-08 
	   displacement        3.027044e-05    2.650235e-12    2.390218e-11 

convergence summary
    number of iterations   : 4
    number of reformations : 1

------- converged at time : 1.36997


AUTO STEPPER: increasing time step, dt = 0.00998832

MUST POINT CONTROLLER: adjusting time step. dt = 0.00503284


===== beginning time step 85 : 1.375 =====


Reforming stiffness matrix: reformation #1

 1
 Nonlinear solution status: time= 1.375
	stiffness updates             = 0
	right hand side evaluations   = 2
	stiffness matrix reformations = 1
	step from line search         = 1.000000
	convergence norms :     INITIAL         CURRENT         REQUIRED
	   residual            6.671866e-06    3.558304e-07    0.000000e+00 
	   energy              3.187744e-06    2.745360e-07    3.187744e-08 
	   displacement        4.868822e-06    4.868822e-06    4.868822e-12 
 2
 Nonlinear solution status: time= 1.375
	stiffness updates             = 1
	right hand side evaluations   = 3
	stiffness matrix reformations = 1
	step from line search         = 1.000000
	convergence norms :     INITIAL         CURRENT         REQUIRED
	   residual            6.671866e-06    3.942298e-09    0.000000e+00 
	   energy              3.187744e-06    1.750841e-09    3.187744e-08 
	   displacement        4.868822e-06    7.697157e-08    3.870556e-12 
 3
 Nonlinear solution status: time= 1.375
	stiffness updates             = 2
	right hand side evaluations   = 4
	stiffness matrix reformations = 1
	step from line search         = 1.000000
	convergence norms :     INITIAL         CURRENT         REQUIRED
	   residual            6.671866e-06    9.994035e-12    0.000000e+00 
	   energy              3.187744e-06    1.390138e-11    3.187744e-08 
	   displacement        4.868822e-06    4.105610e-10    3.899694e-12 
 4
 Nonlinear solution status: time= 1.375
	stiffness updates             = 3
	right hand side evaluations   = 5
	stiffness matrix reformations = 1
	step from line search         = 1.000000
	convergence norms :     INITIAL         CURRENT         REQUIRED
	   residual            6.671866e-06    2.457186e-14    0.000000e+00 
	   energy              3.187744e-06    2.405516e-14    3.187744e-08 
	   displacement        4.868822e-06    1.474341e-12    3.901155e-12 

convergence summary
    number of iterations   : 4
    number of reformations : 1

------- converged at time : 1.375


AUTO STEPPER: increasing time step, dt = 0.00999066


===== beginning time step 86 : 1.38499 =====


Reforming stiffness matrix: reformation #1

 1
 Nonlinear solution status: time= 1.38499
	stiffness updates             = 0
	right hand side evaluations   = 2
	stiffness matrix reformations = 1
	step from line search         = 1.000000
	convergence norms :     INITIAL         CURRENT         REQUIRED
	   residual            2.046900e-06    1.103545e-07    0.000000e+00 
	   energy              3.307171e-06    3.845491e-07    3.307171e-08 
	   displacement        1.694111e-05    1.694111e-05    1.694111e-11 
 2
 Nonlinear solution status: time= 1.38499
	stiffness updates             = 1
	right hand side evaluations   = 3
	stiffness matrix reformations = 1
	step from line search         = 1.000000
	convergence norms :     INITIAL         CURRENT         REQUIRED
	   residual            2.046900e-06    1.746241e-09    0.000000e+00 
	   energy              3.307171e-06    5.421867e-10    3.307171e-08 
	   displacement        1.694111e-05    2.589880e-07    1.314913e-11 
 3
 Nonlinear solution status: time= 1.38499
	stiffness updates             = 2
	right hand side evaluations   = 4
	stiffness matrix reformations = 1
	step from line search         = 1.000000
	convergence norms :     INITIAL         CURRENT         REQUIRED
	   residual            2.046900e-06    3.236241e-12    0.000000e+00 
	   energy              3.307171e-06    4.238277e-12    3.307171e-08 
	   displacement        1.694111e-05    2.086166e-10    1.318559e-11 
 4
 Nonlinear solution status: time= 1.38499
	stiffness updates             = 3
	right hand side evaluations   = 5
	stiffness matrix reformations = 1
	step from line search         = 1.000000
	convergence norms :     INITIAL         CURRENT         REQUIRED
	   residual            2.046900e-06    2.456036e-15    0.000000e+00 
	   energy              3.307171e-06    2.429438e-15    3.307171e-08 
	   displacement        1.694111e-05    1.211884e-12    1.318613e-11 

convergence summary
    number of iterations   : 4
    number of reformations : 1

------- converged at time : 1.38499


AUTO STEPPER: increasing time step, dt = 0.00999253


===== beginning time step 87 : 1.39498 =====


Reforming stiffness matrix: reformation #1

 1
 Nonlinear solution status: time= 1.39498
	stiffness updates             = 0
	right hand side evaluations   = 2
	stiffness matrix reformations = 1
	step from line search         = 1.000000
	convergence norms :     INITIAL         CURRENT         REQUIRED
	   residual            2.588007e-06    1.336855e-07    0.000000e+00 
	   energy              4.272810e-06    5.025764e-07    4.272810e-08 
	   displacement        2.198690e-05    2.198690e-05    2.198690e-11 
 2
 Nonlinear solution status: time= 1.39498
	stiffness updates             = 1
	right hand side evaluations   = 3
	stiffness matrix reformations = 1
	step from line search         = 1.000000
	convergence norms :     INITIAL         CURRENT         REQUIRED
	   residual            2.588007e-06    1.101283e-09    0.000000e+00 
	   energy              4.272810e-06    6.592289e-10    4.272810e-08 
	   displacement        2.198690e-05    3.348231e-07    1.707235e-11 
 3
 Nonlinear solution status: time= 1.39498
	stiffness updates             = 2
	right hand side evaluations   = 4
	stiffness matrix reformations = 1
	step from line search         = 1.000000
	convergence norms :     INITIAL         CURRENT         REQUIRED
	   residual            2.588007e-06    2.520762e-12    0.000000e+00 
	   energy              4.272810e-06    5.789654e-12    4.272810e-08 
	   displacement        2.198690e-05    2.827503e-10    1.711754e-11 
 4
 Nonlinear solution status: time= 1.39498
	stiffness updates             = 3
	right hand side evaluations   = 5
	stiffness matrix reformations = 1
	step from line search         = 1.000000
	convergence norms :     INITIAL         CURRENT         REQUIRED
	   residual            2.588007e-06    2.300442e-15    0.000000e+00 
	   energy              4.272810e-06    3.099610e-15    4.272810e-08 
	   displacement        2.198690e-05    1.844370e-12    1.711809e-11 

convergence summary
    number of iterations   : 4
    number of reformations : 1

------- converged at time : 1.39498


AUTO STEPPER: increasing time step, dt = 0.00999402

MUST POINT CONTROLLER: adjusting time step. dt = 0.00501682


===== beginning time step 88 : 1.4 =====


Reforming stiffness matrix: reformation #1

 1
 Nonlinear solution status: time= 1.4
	stiffness updates             = 0
	right hand side evaluations   = 2
	stiffness matrix reformations = 1
	step from line search         = 1.000000
	convergence norms :     INITIAL         CURRENT         REQUIRED
	   residual            1.042495e-05    5.583274e-07    0.000000e+00 
	   energy              4.952565e-06    4.252727e-07    4.952565e-08 
	   displacement        7.405874e-06    7.405874e-06    7.405874e-12 
 2
 Nonlinear solution status: time= 1.4
	stiffness updates             = 1
	right hand side evaluations   = 3
	stiffness matrix reformations = 1
	step from line search         = 1.000000
	convergence norms :     INITIAL         CURRENT         REQUIRED
	   residual            1.042495e-05    3.775235e-09    0.000000e+00 
	   energy              4.952565e-06    2.596809e-09    4.952565e-08 
	   displacement        7.405874e-06    1.128918e-07    5.928134e-12 
 3
 Nonlinear solution status: time= 1.4
	stiffness updates             = 2
	right hand side evaluations   = 4
	stiffness matrix reformations = 1
	step from line search         = 1.000000
	convergence norms :     INITIAL         CURRENT         REQUIRED
	   residual            1.042495e-05    1.613447e-11    0.000000e+00 
	   energy              4.952565e-06    2.465664e-11    4.952565e-08 
	   displacement        7.405874e-06    6.812330e-10    5.971527e-12 
 4
 Nonlinear solution status: time= 1.4
	stiffness updates             = 3
	right hand side evaluations   = 5
	stiffness matrix reformations = 1
	step from line search         = 1.000000
	convergence norms :     INITIAL         CURRENT         REQUIRED
	   residual            1.042495e-05    3.317227e-14    0.000000e+00 
	   energy              4.952565e-06    3.721675e-14    4.952565e-08 
	   displacement        7.405874e-06    2.726666e-12    5.973653e-12 

convergence summary
    number of iterations   : 4
    number of reformations : 1

------- converged at time : 1.4


AUTO STEPPER: increasing time step, dt = 0.00999522


===== beginning time step 89 : 1.41 =====


Reforming stiffness matrix: reformation #1

 1
 Nonlinear solution status: time= 1.41
	stiffness updates             = 0
	right hand side evaluations   = 2
	stiffness matrix reformations = 1
	step from line search         = 1.000000
	convergence norms :     INITIAL         CURRENT         REQUIRED
	   residual            4.253344e-06    2.037089e-07    0.000000e+00 
	   energy              7.053532e-06    8.029851e-07    7.053532e-08 
	   displacement        3.491020e-05    3.491020e-05    3.491020e-11 
 2
 Nonlinear solution status: time= 1.41
	stiffness updates             = 1
	right hand side evaluations   = 3
	stiffness matrix reformations = 1
	step from line search         = 1.000000
	convergence norms :     INITIAL         CURRENT         REQUIRED
	   residual            4.253344e-06    1.699746e-09    0.000000e+00 
	   energy              7.053532e-06    1.091041e-09    7.053532e-08 
	   displacement        3.491020e-05    5.053460e-07    2.733136e-11 
 3
 Nonlinear solution status: time= 1.41
	stiffness updates             = 2
	right hand side evaluations   = 4
	stiffness matrix reformations = 1
	step from line search         = 1.000000
	convergence norms :     INITIAL         CURRENT         REQUIRED
	   residual            4.253344e-06    4.760436e-12    0.000000e+00 
	   energy              7.053532e-06    1.121474e-11    7.053532e-08 
	   displacement        3.491020e-05    5.555436e-10    2.740666e-11 
 4
 Nonlinear solution status: time= 1.41
	stiffness updates             = 3
	right hand side evaluations   = 5
	stiffness matrix reformations = 1
	step from line search         = 1.000000
	convergence norms :     INITIAL         CURRENT         REQUIRED
	   residual            4.253344e-06    3.535006e-15    0.000000e+00 
	   energy              7.053532e-06    4.897949e-15    7.053532e-08 
	   displacement        3.491020e-05    3.962945e-12    2.740749e-11 

convergence summary
    number of iterations   : 4
    number of reformations : 1

------- converged at time : 1.41


AUTO STEPPER: increasing time step, dt = 0.00999617


===== beginning time step 90 : 1.41999 =====


Reforming stiffness matrix: reformation #1

 1
 Nonlinear solution status: time= 1.41999
	stiffness updates             = 0
	right hand side evaluations   = 2
	stiffness matrix reformations = 1
	step from line search         = 1.000000
	convergence norms :     INITIAL         CURRENT         REQUIRED
	   residual            4.981467e-06    2.225608e-07    0.000000e+00 
	   energy              8.221037e-06    9.168340e-07    8.221037e-08 
	   displacement        3.965457e-05    3.965457e-05    3.965457e-11 
 2
 Nonlinear solution status: time= 1.41999
	stiffness updates             = 1
	right hand side evaluations   = 3
	stiffness matrix reformations = 1
	step from line search         = 1.000000
	convergence norms :     INITIAL         CURRENT         REQUIRED
	   residual            4.981467e-06    2.034986e-09    0.000000e+00 
	   energy              8.221037e-06    1.287247e-09    8.221037e-08 
	   displacement        3.965457e-05    5.586555e-07    3.118461e-11 
 3
 Nonlinear solution status: time= 1.41999
	stiffness updates             = 2
	right hand side evaluations   = 4
	stiffness matrix reformations = 1
	step from line search         = 1.000000
	convergence norms :     INITIAL         CURRENT         REQUIRED
	   residual            4.981467e-06    6.188243e-12    0.000000e+00 
	   energy              8.221037e-06    1.409950e-11    8.221037e-08 
	   displacement        3.965457e-05    7.039490e-10    3.127304e-11 
 4
 Nonlinear solution status: time= 1.41999
	stiffness updates             = 3
	right hand side evaluations   = 5
	stiffness matrix reformations = 1
	step from line search         = 1.000000
	convergence norms :     INITIAL         CURRENT         REQUIRED
	   residual            4.981467e-06    3.528977e-15    0.000000e+00 
	   energy              8.221037e-06    5.407297e-15    8.221037e-08 
	   displacement        3.965457e-05    5.153804e-12    3.127403e-11 

convergence summary
    number of iterations   : 4
    number of reformations : 1

------- converged at time : 1.41999


AUTO STEPPER: increasing time step, dt = 0.00999694

MUST POINT CONTROLLER: adjusting time step. dt = 0.00500861


===== beginning time step 91 : 1.425 =====


Reforming stiffness matrix: reformation #1

 1
 Nonlinear solution status: time= 1.425
	stiffness updates             = 0
	right hand side evaluations   = 2
	stiffness matrix reformations = 1
	step from line search         = 1.000000
	convergence norms :     INITIAL         CURRENT         REQUIRED
	   residual            1.609940e-05    7.030732e-07    0.000000e+00 
	   energy              7.488336e-06    5.857535e-07    7.488336e-08 
	   displacement        1.032704e-05    1.032704e-05    1.032704e-11 
 2
 Nonlinear solution status: time= 1.425
	stiffness updates             = 1
	right hand side evaluations   = 3
	stiffness matrix reformations = 1
	step from line search         = 1.000000
	convergence norms :     INITIAL         CURRENT         REQUIRED
	   residual            1.609940e-05    5.678795e-09    0.000000e+00 
	   energy              7.488336e-06    3.583865e-09    7.488336e-08 
	   displacement        1.032704e-05    1.396724e-07    8.429940e-12 
 3
 Nonlinear solution status: time= 1.425
	stiffness updates             = 2
	right hand side evaluations   = 4
	stiffness matrix reformations = 1
	step from line search         = 1.000000
	convergence norms :     INITIAL         CURRENT         REQUIRED
	   residual            1.609940e-05    2.664011e-11    0.000000e+00 
	   energy              7.488336e-06    3.747449e-11    7.488336e-08 
	   displacement        1.032704e-05    1.058644e-09    8.488934e-12 
 4
 Nonlinear solution status: time= 1.425
	stiffness updates             = 3
	right hand side evaluations   = 5
	stiffness matrix reformations = 1
	step from line search         = 1.000000
	convergence norms :     INITIAL         CURRENT         REQUIRED
	   residual            1.609940e-05    4.986036e-14    0.000000e+00 
	   energy              7.488336e-06    5.824761e-14    7.488336e-08 
	   displacement        1.032704e-05    4.407657e-12    8.492114e-12 

convergence summary
    number of iterations   : 4
    number of reformations : 1

------- converged at time : 1.425


AUTO STEPPER: increasing time step, dt = 0.00999755


===== beginning time step 92 : 1.435 =====


Reforming stiffness matrix: reformation #1

 1
 Nonlinear solution status: time= 1.435
	stiffness updates             = 0
	right hand side evaluations   = 2
	stiffness matrix reformations = 1
	step from line search         = 1.000000
	convergence norms :     INITIAL         CURRENT         REQUIRED
	   residual            5.377432e-06    2.194683e-07    0.000000e+00 
	   energy              8.803266e-06    9.604970e-07    8.803266e-08 
	   displacement        4.121853e-05    4.121853e-05    4.121853e-11 
 2
 Nonlinear solution status: time= 1.435
	stiffness updates             = 1
	right hand side evaluations   = 3
	stiffness matrix reformations = 1
	step from line search         = 1.000000
	convergence norms :     INITIAL         CURRENT         REQUIRED
	   residual            5.377432e-06    2.005387e-09    0.000000e+00 
	   energy              8.803266e-06    1.402547e-09    8.803266e-08 
	   displacement        4.121853e-05    5.647791e-07    3.256498e-11 
 3
 Nonlinear solution status: time= 1.435
	stiffness updates             = 2
	right hand side evaluations   = 4
	stiffness matrix reformations = 1
	step from line search         = 1.000000
	convergence norms :     INITIAL         CURRENT         REQUIRED
	   residual            5.377432e-06    6.829422e-12    0.000000e+00 
	   energy              8.803266e-06    1.635575e-11    8.803266e-08 
	   displacement        4.121853e-05    8.228487e-10    3.266012e-11 
 4
 Nonlinear solution status: time= 1.435
	stiffness updates             = 3
	right hand side evaluations   = 5
	stiffness matrix reformations = 1
	step from line search         = 1.000000
	convergence norms :     INITIAL         CURRENT         REQUIRED
	   residual            5.377432e-06    2.878105e-15    0.000000e+00 
	   energy              8.803266e-06    5.234909e-15    8.803266e-08 
	   displacement        4.121853e-05    6.161328e-12    3.266124e-11 

convergence summary
    number of iterations   : 4
    number of reformations : 1

------- converged at time : 1.435


AUTO STEPPER: increasing time step, dt = 0.00999804


===== beginning time step 93 : 1.445 =====


Reforming stiffness matrix: reformation #1

 1
 Nonlinear solution status: time= 1.445
	stiffness updates             = 0
	right hand side evaluations   = 2
	stiffness matrix reformations = 1
	step from line search         = 1.000000
	convergence norms :     INITIAL         CURRENT         REQUIRED
	   residual            5.047893e-06    1.994069e-07    0.000000e+00 
	   energy              8.238341e-06    8.935651e-07    8.238341e-08 
	   displacement        3.815964e-05    3.815964e-05    3.815964e-11 
 2
 Nonlinear solution status: time= 1.445
	stiffness updates             = 1
	right hand side evaluations   = 3
	stiffness matrix reformations = 1
	step from line search         = 1.000000
	convergence norms :     INITIAL         CURRENT         REQUIRED
	   residual            5.047893e-06    1.630236e-09    0.000000e+00 
	   energy              8.238341e-06    1.332250e-09    8.238341e-08 
	   displacement        3.815964e-05    5.196434e-07    3.018532e-11 
 3
 Nonlinear solution status: time= 1.445
	stiffness updates             = 2
	right hand side evaluations   = 4
	stiffness matrix reformations = 1
	step from line search         = 1.000000
	convergence norms :     INITIAL         CURRENT         REQUIRED
	   residual            5.047893e-06    5.919140e-12    0.000000e+00 
	   energy              8.238341e-06    1.590146e-11    8.238341e-08 
	   displacement        3.815964e-05    8.012992e-10    3.027474e-11 
 4
 Nonlinear solution status: time= 1.445
	stiffness updates             = 3
	right hand side evaluations   = 5
	stiffness matrix reformations = 1
	step from line search         = 1.000000
	convergence norms :     INITIAL         CURRENT         REQUIRED
	   residual            5.047893e-06    2.107015e-15    0.000000e+00 
	   energy              8.238341e-06    4.482480e-15    8.238341e-08 
	   displacement        3.815964e-05    6.022427e-12    3.027584e-11 

convergence summary
    number of iterations   : 4
    number of reformations : 1

------- converged at time : 1.445


AUTO STEPPER: increasing time step, dt = 0.00999843

MUST POINT CONTROLLER: adjusting time step. dt = 0.00500441


===== beginning time step 94 : 1.45 =====


Reforming stiffness matrix: reformation #1

 1
 Nonlinear solution status: time= 1.45
	stiffness updates             = 0
	right hand side evaluations   = 2
	stiffness matrix reformations = 1
	step from line search         = 1.000000
	convergence norms :     INITIAL         CURRENT         REQUIRED
	   residual            1.420082e-05    5.644756e-07    0.000000e+00 
	   energy              6.494321e-06    4.874392e-07    6.494321e-08 
	   displacement        8.589049e-06    8.589049e-06    8.589049e-12 
 2
 Nonlinear solution status: time= 1.45
	stiffness updates             = 1
	right hand side evaluations   = 3
	stiffness matrix reformations = 1
	step from line search         = 1.000000
	convergence norms :     INITIAL         CURRENT         REQUIRED
	   residual            1.420082e-05    4.650327e-09    0.000000e+00 
	   energy              6.494321e-06    2.996380e-09    6.494321e-08 
	   displacement        8.589049e-06    1.095695e-07    7.074073e-12 
 3
 Nonlinear solution status: time= 1.45
	stiffness updates             = 2
	right hand side evaluations   = 4
	stiffness matrix reformations = 1
	step from line search         = 1.000000
	convergence norms :     INITIAL         CURRENT         REQUIRED
	   residual            1.420082e-05    2.238810e-11    0.000000e+00 
	   energy              6.494321e-06    3.265067e-11    6.494321e-08 
	   displacement        8.589049e-06    9.186342e-10    7.121618e-12 
 4
 Nonlinear solution status: time= 1.45
	stiffness updates             = 3
	right hand side evaluations   = 5
	stiffness matrix reformations = 1
	step from line search         = 1.000000
	convergence norms :     INITIAL         CURRENT         REQUIRED
	   residual            1.420082e-05    3.625752e-14    0.000000e+00 
	   energy              6.494321e-06    4.903024e-14    6.494321e-08 
	   displacement        8.589049e-06    3.874831e-12    7.124447e-12 

convergence summary
    number of iterations   : 4
    number of reformations : 1

------- converged at time : 1.45


AUTO STEPPER: increasing time step, dt = 0.00999875


===== beginning time step 95 : 1.46 =====


Reforming stiffness matrix: reformation #1

 1
 Nonlinear solution status: time= 1.46
	stiffness updates             = 0
	right hand side evaluations   = 2
	stiffness matrix reformations = 1
	step from line search         = 1.000000
	convergence norms :     INITIAL         CURRENT         REQUIRED
	   residual            4.256478e-06    1.717899e-07    0.000000e+00 
	   energy              6.946837e-06    7.553439e-07    6.946837e-08 
	   displacement        3.210660e-05    3.210660e-05    3.210660e-11 
 2
 Nonlinear solution status: time= 1.46
	stiffness updates             = 1
	right hand side evaluations   = 3
	stiffness matrix reformations = 1
	step from line search         = 1.000000
	convergence norms :     INITIAL         CURRENT         REQUIRED
	   residual            4.256478e-06    1.207687e-09    0.000000e+00 
	   energy              6.946837e-06    1.147145e-09    6.946837e-08 
	   displacement        3.210660e-05    4.396607e-07    2.538454e-11 
 3
 Nonlinear solution status: time= 1.46
	stiffness updates             = 2
	right hand side evaluations   = 4
	stiffness matrix reformations = 1
	step from line search         = 1.000000
	convergence norms :     INITIAL         CURRENT         REQUIRED
	   residual            4.256478e-06    4.343109e-12    0.000000e+00 
	   energy              6.946837e-06    1.384044e-11    6.946837e-08 
	   displacement        3.210660e-05    6.959750e-10    2.546054e-11 
 4
 Nonlinear solution status: time= 1.46
	stiffness updates             = 3
	right hand side evaluations   = 5
	stiffness matrix reformations = 1
	step from line search         = 1.000000
	convergence norms :     INITIAL         CURRENT         REQUIRED
	   residual            4.256478e-06    1.263173e-15    0.000000e+00 
	   energy              6.946837e-06    3.321886e-15    6.946837e-08 
	   displacement        3.210660e-05    5.201719e-12    2.546152e-11 

convergence summary
    number of iterations   : 4
    number of reformations : 1

------- converged at time : 1.46


AUTO STEPPER: increasing time step, dt = 0.009999


===== beginning time step 96 : 1.47 =====


Reforming stiffness matrix: reformation #1

 1
 Nonlinear solution status: time= 1.47
	stiffness updates             = 0
	right hand side evaluations   = 2
	stiffness matrix reformations = 1
	step from line search         = 1.000000
	convergence norms :     INITIAL         CURRENT         REQUIRED
	   residual            3.625618e-06    1.558004e-07    0.000000e+00 
	   energy              5.940632e-06    6.526137e-07    5.940632e-08 
	   displacement        2.773820e-05    2.773820e-05    2.773820e-11 
 2
 Nonlinear solution status: time= 1.47
	stiffness updates             = 1
	right hand side evaluations   = 3
	stiffness matrix reformations = 1
	step from line search         = 1.000000
	convergence norms :     INITIAL         CURRENT         REQUIRED
	   residual            3.625618e-06    1.054981e-09    0.000000e+00 
	   energy              5.940632e-06    9.892495e-10    5.940632e-08 
	   displacement        2.773820e-05    3.853277e-07    2.188462e-11 
 3
 Nonlinear solution status: time= 1.47
	stiffness updates             = 2
	right hand side evaluations   = 4
	stiffness matrix reformations = 1
	step from line search         = 1.000000
	convergence norms :     INITIAL         CURRENT         REQUIRED
	   residual            3.625618e-06    3.433774e-12    0.000000e+00 
	   energy              5.940632e-06    1.179700e-11    5.940632e-08 
	   displacement        2.773820e-05    5.901401e-10    2.194990e-11 
 4
 Nonlinear solution status: time= 1.47
	stiffness updates             = 3
	right hand side evaluations   = 5
	stiffness matrix reformations = 1
	step from line search         = 1.000000
	convergence norms :     INITIAL         CURRENT         REQUIRED
	   residual            3.625618e-06    1.002257e-15    0.000000e+00 
	   energy              5.940632e-06    2.704250e-15    5.940632e-08 
	   displacement        2.773820e-05    4.365551e-12    2.195076e-11 

convergence summary
    number of iterations   : 4
    number of reformations : 1

------- converged at time : 1.47


AUTO STEPPER: increasing time step, dt = 0.0099992

MUST POINT CONTROLLER: adjusting time step. dt = 0.00500226


===== beginning time step 97 : 1.475 =====


Reforming stiffness matrix: reformation #1

 1
 Nonlinear solution status: time= 1.475
	stiffness updates             = 0
	right hand side evaluations   = 2
	stiffness matrix reformations = 1
	step from line search         = 1.000000
	convergence norms :     INITIAL         CURRENT         REQUIRED
	   residual            9.762819e-06    4.146538e-07    0.000000e+00 
	   energy              4.461819e-06    3.423528e-07    4.461819e-08 
	   displacement        5.992356e-06    5.992356e-06    5.992356e-12 
 2
 Nonlinear solution status: time= 1.475
	stiffness updates             = 1
	right hand side evaluations   = 3
	stiffness matrix reformations = 1
	step from line search         = 1.000000
	convergence norms :     INITIAL         CURRENT         REQUIRED
	   residual            9.762819e-06    3.365631e-09    0.000000e+00 
	   energy              4.461819e-06    2.100647e-09    4.461819e-08 
	   displacement        5.992356e-06    7.802051e-08    4.917773e-12 
 3
 Nonlinear solution status: time= 1.475
	stiffness updates             = 2
	right hand side evaluations   = 4
	stiffness matrix reformations = 1
	step from line search         = 1.000000
	convergence norms :     INITIAL         CURRENT         REQUIRED
	   residual            9.762819e-06    1.529435e-11    0.000000e+00 
	   energy              4.461819e-06    2.260342e-11    4.461819e-08 
	   displacement        5.992356e-06    6.198103e-10    4.950422e-12 
 4
 Nonlinear solution status: time= 1.475
	stiffness updates             = 3
	right hand side evaluations   = 5
	stiffness matrix reformations = 1
	step from line search         = 1.000000
	convergence norms :     INITIAL         CURRENT         REQUIRED
	   residual            9.762819e-06    2.659904e-14    0.000000e+00 
	   energy              4.461819e-06    3.449607e-14    4.461819e-08 
	   displacement        5.992356e-06    2.668835e-12    4.952449e-12 

convergence summary
    number of iterations   : 4
    number of reformations : 1

------- converged at time : 1.475


AUTO STEPPER: increasing time step, dt = 0.00999936


===== beginning time step 98 : 1.485 =====


Reforming stiffness matrix: reformation #1

 1
 Nonlinear solution status: time= 1.485
	stiffness updates             = 0
	right hand side evaluations   = 2
	stiffness matrix reformations = 1
	step from line search         = 1.000000
	convergence norms :     INITIAL         CURRENT         REQUIRED
	   residual            2.819325e-06    1.357719e-07    0.000000e+00 
	   energy              4.658015e-06    5.223659e-07    4.658015e-08 
	   displacement        2.230073e-05    2.230073e-05    2.230073e-11 
 2
 Nonlinear solution status: time= 1.485
	stiffness updates             = 1
	right hand side evaluations   = 3
	stiffness matrix reformations = 1
	step from line search         = 1.000000
	convergence norms :     INITIAL         CURRENT         REQUIRED
	   residual            2.819325e-06    9.770654e-10    0.000000e+00 
	   energy              4.658015e-06    7.710454e-10    4.658015e-08 
	   displacement        2.230073e-05    3.177556e-07    1.752209e-11 
 3
 Nonlinear solution status: time= 1.485
	stiffness updates             = 2
	right hand side evaluations   = 4
	stiffness matrix reformations = 1
	step from line search         = 1.000000
	convergence norms :     INITIAL         CURRENT         REQUIRED
	   residual            2.819325e-06    2.628881e-12    0.000000e+00 
	   energy              4.658015e-06    8.886944e-12    4.658015e-08 
	   displacement        2.230073e-05    4.391200e-10    1.757302e-11 
 4
 Nonlinear solution status: time= 1.485
	stiffness updates             = 3
	right hand side evaluations   = 5
	stiffness matrix reformations = 1
	step from line search         = 1.000000
	convergence norms :     INITIAL         CURRENT         REQUIRED
	   residual            2.819325e-06    9.718221e-16    0.000000e+00 
	   energy              4.658015e-06    2.197298e-15    4.658015e-08 
	   displacement        2.230073e-05    3.212422e-12    1.757372e-11 

convergence summary
    number of iterations   : 4
    number of reformations : 1

------- converged at time : 1.485


AUTO STEPPER: increasing time step, dt = 0.00999949


===== beginning time step 99 : 1.495 =====


Reforming stiffness matrix: reformation #1

 1
 Nonlinear solution status: time= 1.495
	stiffness updates             = 0
	right hand side evaluations   = 2
	stiffness matrix reformations = 1
	step from line search         = 1.000000
	convergence norms :     INITIAL         CURRENT         REQUIRED
	   residual            2.361591e-06    1.200026e-07    0.000000e+00 
	   energy              3.922914e-06    4.459850e-07    3.922914e-08 
	   displacement        1.913967e-05    1.913967e-05    1.913967e-11 
 2
 Nonlinear solution status: time= 1.495
	stiffness updates             = 1
	right hand side evaluations   = 3
	stiffness matrix reformations = 1
	step from line search         = 1.000000
	convergence norms :     INITIAL         CURRENT         REQUIRED
	   residual            2.361591e-06    9.031449e-10    0.000000e+00 
	   energy              3.922914e-06    6.394645e-10    3.922914e-08 
	   displacement        1.913967e-05    2.769503e-07    1.499758e-11 
 3
 Nonlinear solution status: time= 1.495
	stiffness updates             = 2
	right hand side evaluations   = 4
	stiffness matrix reformations = 1
	step from line search         = 1.000000
	convergence norms :     INITIAL         CURRENT         REQUIRED
	   residual            2.361591e-06    2.250595e-12    0.000000e+00 
	   energy              3.922914e-06    7.163482e-12    3.922914e-08 
	   displacement        1.913967e-05    3.505821e-10    1.503999e-11 
 4
 Nonlinear solution status: time= 1.495
	stiffness updates             = 3
	right hand side evaluations   = 5
	stiffness matrix reformations = 1
	step from line search         = 1.000000
	convergence norms :     INITIAL         CURRENT         REQUIRED
	   residual            2.361591e-06    1.014151e-15    0.000000e+00 
	   energy              3.922914e-06    2.008894e-15    3.922914e-08 
	   displacement        1.913967e-05    2.559589e-12    1.504058e-11 

convergence summary
    number of iterations   : 4
    number of reformations : 1

------- converged at time : 1.495


AUTO STEPPER: increasing time step, dt = 0.00999959

MUST POINT CONTROLLER: adjusting time step. dt = 0.00500116


===== beginning time step 100 : 1.5 =====


Reforming stiffness matrix: reformation #1

 1
 Nonlinear solution status: time= 1.5
	stiffness updates             = 0
	right hand side evaluations   = 2
	stiffness matrix reformations = 1
	step from line search         = 1.000000
	convergence norms :     INITIAL         CURRENT         REQUIRED
	   residual            6.306765e-06    3.017825e-07    0.000000e+00 
	   energy              2.913470e-06    2.351216e-07    2.913470e-08 
	   displacement        4.108380e-06    4.108380e-06    4.108380e-12 
 2
 Nonlinear solution status: time= 1.5
	stiffness updates             = 1
	right hand side evaluations   = 3
	stiffness matrix reformations = 1
	step from line search         = 1.000000
	convergence norms :     INITIAL         CURRENT         REQUIRED
	   residual            6.306765e-06    2.351944e-09    0.000000e+00 
	   energy              2.913470e-06    1.401749e-09    2.913470e-08 
	   displacement        4.108380e-06    5.630249e-08    3.339574e-12 
 3
 Nonlinear solution status: time= 1.5
	stiffness updates             = 2
	right hand side evaluations   = 4
	stiffness matrix reformations = 1
	step from line search         = 1.000000
	convergence norms :     INITIAL         CURRENT         REQUIRED
	   residual            6.306765e-06    1.016424e-11    0.000000e+00 
	   energy              2.913470e-06    1.448983e-11    2.913470e-08 
	   displacement        4.108380e-06    3.833217e-10    3.361537e-12 
 4
 Nonlinear solution status: time= 1.5
	stiffness updates             = 3
	right hand side evaluations   = 5
	stiffness matrix reformations = 1
	step from line search         = 1.000000
	convergence norms :     INITIAL         CURRENT         REQUIRED
	   residual            6.306765e-06    2.178357e-14    0.000000e+00 
	   energy              2.913470e-06    2.404006e-14    2.913470e-08 
	   displacement        4.108380e-06    1.737462e-12    3.362904e-12 

convergence summary
    number of iterations   : 4
    number of reformations : 1

------- converged at time : 1.5


AUTO STEPPER: increasing time step, dt = 0.00999967


===== beginning time step 101 : 1.51 =====


Reforming stiffness matrix: reformation #1

 1
 Nonlinear solution status: time= 1.51
	stiffness updates             = 0
	right hand side evaluations   = 2
	stiffness matrix reformations = 1
	step from line search         = 1.000000
	convergence norms :     INITIAL         CURRENT         REQUIRED
	   residual            1.790244e-06    9.436045e-08    0.000000e+00 
	   energy              2.990436e-06    3.453961e-07    2.990436e-08 
	   displacement        1.495188e-05    1.495188e-05    1.495188e-11 
 2
 Nonlinear solution status: time= 1.51
	stiffness updates             = 1
	right hand side evaluations   = 3
	stiffness matrix reformations = 1
	step from line search         = 1.000000
	convergence norms :     INITIAL         CURRENT         REQUIRED
	   residual            1.790244e-06    7.369535e-10    0.000000e+00 
	   energy              2.990436e-06    4.734095e-10    2.990436e-08 
	   displacement        1.495188e-05    2.200545e-07    1.167877e-11 
 3
 Nonlinear solution status: time= 1.51
	stiffness updates             = 2
	right hand side evaluations   = 4
	stiffness matrix reformations = 1
	step from line search         = 1.000000
	convergence norms :     INITIAL         CURRENT         REQUIRED
	   residual            1.790244e-06    1.755035e-12    0.000000e+00 
	   energy              2.990436e-06    5.077703e-12    2.990436e-08 
	   displacement        1.495188e-05    2.453904e-10    1.171038e-11 
 4
 Nonlinear solution status: time= 1.51
	stiffness updates             = 3
	right hand side evaluations   = 5
	stiffness matrix reformations = 1
	step from line search         = 1.000000
	convergence norms :     INITIAL         CURRENT         REQUIRED
	   residual            1.790244e-06    1.040390e-15    0.000000e+00 
	   energy              2.990436e-06    1.763378e-15    2.990436e-08 
	   displacement        1.495188e-05    1.794752e-12    1.171084e-11 

convergence summary
    number of iterations   : 4
    number of reformations : 1

------- converged at time : 1.51


AUTO STEPPER: increasing time step, dt = 0.00999974


===== beginning time step 102 : 1.52 =====


Reforming stiffness matrix: reformation #1

 1
 Nonlinear solution status: time= 1.52
	stiffness updates             = 0
	right hand side evaluations   = 2
	stiffness matrix reformations = 1
	step from line search         = 1.000000
	convergence norms :     INITIAL         CURRENT         REQUIRED
	   residual            1.443011e-06    7.561440e-08    0.000000e+00 
	   energy              2.415127e-06    2.808048e-07    2.415127e-08 
	   displacement        1.221409e-05    1.221409e-05    1.221409e-11 
 2
 Nonlinear solution status: time= 1.52
	stiffness updates             = 1
	right hand side evaluations   = 3
	stiffness matrix reformations = 1
	step from line search         = 1.000000
	convergence norms :     INITIAL         CURRENT         REQUIRED
	   residual            1.443011e-06    5.680725e-10    0.000000e+00 
	   energy              2.415127e-06    3.766377e-10    2.415127e-08 
	   displacement        1.221409e-05    1.811356e-07    9.526408e-12 
 3
 Nonlinear solution status: time= 1.52
	stiffness updates             = 2
	right hand side evaluations   = 4
	stiffness matrix reformations = 1
	step from line search         = 1.000000
	convergence norms :     INITIAL         CURRENT         REQUIRED
	   residual            1.443011e-06    1.377253e-12    0.000000e+00 
	   energy              2.415127e-06    3.936085e-12    2.415127e-08 
	   displacement        1.221409e-05    1.892841e-10    9.551680e-12 
 4
 Nonlinear solution status: time= 1.52
	stiffness updates             = 3
	right hand side evaluations   = 5
	stiffness matrix reformations = 1
	step from line search         = 1.000000
	convergence norms :     INITIAL         CURRENT         REQUIRED
	   residual            1.443011e-06    9.208378e-16    0.000000e+00 
	   energy              2.415127e-06    1.521572e-15    2.415127e-08 
	   displacement        1.221409e-05    1.381392e-12    9.552056e-12 

convergence summary
    number of iterations   : 4
    number of reformations : 1

------- converged at time : 1.52


AUTO STEPPER: increasing time step, dt = 0.00999979

MUST POINT CONTROLLER: adjusting time step. dt = 0.00500059


===== beginning time step 103 : 1.525 =====


Reforming stiffness matrix: reformation #1

 1
 Nonlinear solution status: time= 1.525
	stiffness updates             = 0
	right hand side evaluations   = 2
	stiffness matrix reformations = 1
	step from line search         = 1.000000
	convergence norms :     INITIAL         CURRENT         REQUIRED
	   residual            3.650504e-06    1.860872e-07    0.000000e+00 
	   energy              1.701033e-06    1.419506e-07    1.701033e-08 
	   displacement        2.486760e-06    2.486760e-06    2.486760e-12 
 2
 Nonlinear solution status: time= 1.525
	stiffness updates             = 1
	right hand side evaluations   = 3
	stiffness matrix reformations = 1
	step from line search         = 1.000000
	convergence norms :     INITIAL         CURRENT         REQUIRED
	   residual            3.650504e-06    1.326692e-09    0.000000e+00 
	   energy              1.701033e-06    8.287145e-10    1.701033e-08 
	   displacement        2.486760e-06    3.538110e-08    2.006968e-12 
 3
 Nonlinear solution status: time= 1.525
	stiffness updates             = 2
	right hand side evaluations   = 4
	stiffness matrix reformations = 1
	step from line search         = 1.000000
	convergence norms :     INITIAL         CURRENT         REQUIRED
	   residual            3.650504e-06    5.665148e-12    0.000000e+00 
	   energy              1.701033e-06    8.195471e-12    1.701033e-08 
	   displacement        2.486760e-06    2.137102e-10    2.020136e-12 
 4
 Nonlinear solution status: time= 1.525
	stiffness updates             = 3
	right hand side evaluations   = 5
	stiffness matrix reformations = 1
	step from line search         = 1.000000
	convergence norms :     INITIAL         CURRENT         REQUIRED
	   residual            3.650504e-06    1.373186e-14    0.000000e+00 
	   energy              1.701033e-06    1.440103e-14    1.701033e-08 
	   displacement        2.486760e-06    9.890280e-13    2.020943e-12 

convergence summary
    number of iterations   : 4
    number of reformations : 1

------- converged at time : 1.525


AUTO STEPPER: increasing time step, dt = 0.00999983


===== beginning time step 104 : 1.535 =====


Reforming stiffness matrix: reformation #1

 1
 Nonlinear solution status: time= 1.535
	stiffness updates             = 0
	right hand side evaluations   = 2
	stiffness matrix reformations = 1
	step from line search         = 1.000000
	convergence norms :     INITIAL         CURRENT         REQUIRED
	   residual            9.797347e-07    4.998145e-08    0.000000e+00 
	   energy              1.642746e-06    1.923156e-07    1.642746e-08 
	   displacement        8.411358e-06    8.411358e-06    8.411358e-12 
 2
 Nonlinear solution status: time= 1.535
	stiffness updates             = 1
	right hand side evaluations   = 3
	stiffness matrix reformations = 1
	step from line search         = 1.000000
	convergence norms :     INITIAL         CURRENT         REQUIRED
	   residual            9.797347e-07    3.239876e-10    0.000000e+00 
	   energy              1.642746e-06    2.526090e-10    1.642746e-08 
	   displacement        8.411358e-06    1.259176e-07    6.549164e-12 
 3
 Nonlinear solution status: time= 1.535
	stiffness updates             = 2
	right hand side evaluations   = 4
	stiffness matrix reformations = 1
	step from line search         = 1.000000
	convergence norms :     INITIAL         CURRENT         REQUIRED
	   residual            9.797347e-07    8.442865e-13    0.000000e+00 
	   energy              1.642746e-06    2.543865e-12    1.642746e-08 
	   displacement        8.411358e-06    1.219317e-10    6.566230e-12 
 4
 Nonlinear solution status: time= 1.535
	stiffness updates             = 3
	right hand side evaluations   = 5
	stiffness matrix reformations = 1
	step from line search         = 1.000000
	convergence norms :     INITIAL         CURRENT         REQUIRED
	   residual            9.797347e-07    6.237138e-16    0.000000e+00 
	   energy              1.642746e-06    1.097628e-15    1.642746e-08 
	   displacement        8.411358e-06    8.794181e-13    6.566485e-12 

convergence summary
    number of iterations   : 4
    number of reformations : 1

------- converged at time : 1.535


AUTO STEPPER: increasing time step, dt = 0.00999987


===== beginning time step 105 : 1.545 =====


Reforming stiffness matrix: reformation #1

 1
 Nonlinear solution status: time= 1.545
	stiffness updates             = 0
	right hand side evaluations   = 2
	stiffness matrix reformations = 1
	step from line search         = 1.000000
	convergence norms :     INITIAL         CURRENT         REQUIRED
	   residual            7.105141e-07    3.533102e-08    0.000000e+00 
	   energy              1.192411e-06    1.399706e-07    1.192411e-08 
	   displacement        6.132419e-06    6.132419e-06    6.132419e-12 
 2
 Nonlinear solution status: time= 1.545
	stiffness updates             = 1
	right hand side evaluations   = 3
	stiffness matrix reformations = 1
	step from line search         = 1.000000
	convergence norms :     INITIAL         CURRENT         REQUIRED
	   residual            7.105141e-07    1.907256e-10    0.000000e+00 
	   energy              1.192411e-06    1.833038e-10    1.192411e-08 
	   displacement        6.132419e-06    9.229759e-08    4.770615e-12 
 3
 Nonlinear solution status: time= 1.545
	stiffness updates             = 2
	right hand side evaluations   = 4
	stiffness matrix reformations = 1
	step from line search         = 1.000000
	convergence norms :     INITIAL         CURRENT         REQUIRED
	   residual            7.105141e-07    5.469667e-13    0.000000e+00 
	   energy              1.192411e-06    1.810201e-12    1.192411e-08 
	   displacement        6.132419e-06    8.683424e-11    4.783048e-12 
 4
 Nonlinear solution status: time= 1.545
	stiffness updates             = 3
	right hand side evaluations   = 5
	stiffness matrix reformations = 1
	step from line search         = 1.000000
	convergence norms :     INITIAL         CURRENT         REQUIRED
	   residual            7.105141e-07    3.964827e-16    0.000000e+00 
	   energy              1.192411e-06    7.967963e-16    1.192411e-08 
	   displacement        6.132419e-06    6.166659e-13    4.783231e-12 

convergence summary
    number of iterations   : 4
    number of reformations : 1

------- converged at time : 1.545


AUTO STEPPER: increasing time step, dt = 0.00999989

MUST POINT CONTROLLER: adjusting time step. dt = 0.0050003


===== beginning time step 106 : 1.55 =====


Reforming stiffness matrix: reformation #1

 1
 Nonlinear solution status: time= 1.55
	stiffness updates             = 0
	right hand side evaluations   = 2
	stiffness matrix reformations = 1
	step from line search         = 1.000000
	convergence norms :     INITIAL         CURRENT         REQUIRED
	   residual            1.621400e-06    8.388626e-08    0.000000e+00 
	   energy              7.576007e-07    6.403762e-08    7.576007e-09 
	   displacement        1.122907e-06    1.122907e-06    1.122907e-12 
 2
 Nonlinear solution status: time= 1.55
	stiffness updates             = 1
	right hand side evaluations   = 3
	stiffness matrix reformations = 1
	step from line search         = 1.000000
	convergence norms :     INITIAL         CURRENT         REQUIRED
	   residual            1.621400e-06    5.340329e-10    0.000000e+00 
	   energy              7.576007e-07    3.787602e-10    7.576007e-09 
	   displacement        1.122907e-06    1.640534e-08    9.025521e-13 
 3
 Nonlinear solution status: time= 1.55
	stiffness updates             = 2
	right hand side evaluations   = 4
	stiffness matrix reformations = 1
	step from line search         = 1.000000
	convergence norms :     INITIAL         CURRENT         REQUIRED
	   residual            1.621400e-06    2.270410e-12    0.000000e+00 
	   energy              7.576007e-07    3.588878e-12    7.576007e-09 
	   displacement        1.122907e-06    9.492998e-11    9.086141e-13 
 4
 Nonlinear solution status: time= 1.55
	stiffness updates             = 3
	right hand side evaluations   = 5
	stiffness matrix reformations = 1
	step from line search         = 1.000000
	convergence norms :     INITIAL         CURRENT         REQUIRED
	   residual            1.621400e-06    5.837348e-15    0.000000e+00 
	   energy              7.576007e-07    6.400551e-15    7.576007e-09 
	   displacement        1.122907e-06    4.252267e-13    9.089757e-13 

convergence summary
    number of iterations   : 4
    number of reformations : 1

------- converged at time : 1.55


AUTO STEPPER: increasing time step, dt = 0.00999991


===== beginning time step 107 : 1.56 =====


Reforming stiffness matrix: reformation #1

 1
 Nonlinear solution status: time= 1.56
	stiffness updates             = 0
	right hand side evaluations   = 2
	stiffness matrix reformations = 1
	step from line search         = 1.000000
	convergence norms :     INITIAL         CURRENT         REQUIRED
	   residual            3.946985e-07    1.889437e-08    0.000000e+00 
	   energy              6.630380e-07    7.799472e-08    6.630380e-09 
	   displacement        3.418371e-06    3.418371e-06    3.418371e-12 
 2
 Nonlinear solution status: time= 1.56
	stiffness updates             = 1
	right hand side evaluations   = 3
	stiffness matrix reformations = 1
	step from line search         = 1.000000
	convergence norms :     INITIAL         CURRENT         REQUIRED
	   residual            3.946985e-07    7.115581e-11    0.000000e+00 
	   energy              6.630380e-07    1.029969e-10    6.630380e-09 
	   displacement        3.418371e-06    5.182841e-08    2.656518e-12 
 3
 Nonlinear solution status: time= 1.56
	stiffness updates             = 2
	right hand side evaluations   = 4
	stiffness matrix reformations = 1
	step from line search         = 1.000000
	convergence norms :     INITIAL         CURRENT         REQUIRED
	   residual            3.946985e-07    2.522022e-13    0.000000e+00 
	   energy              6.630380e-07    9.938976e-13    6.630380e-09 
	   displacement        3.418371e-06    4.786045e-11    2.663540e-12 
 4
 Nonlinear solution status: time= 1.56
	stiffness updates             = 3
	right hand side evaluations   = 5
	stiffness matrix reformations = 1
	step from line search         = 1.000000
	convergence norms :     INITIAL         CURRENT         REQUIRED
	   residual            3.946985e-07    1.596977e-16    0.000000e+00 
	   energy              6.630380e-07    4.244547e-16    6.630380e-09 
	   displacement        3.418371e-06    3.289882e-13    2.663639e-12 

convergence summary
    number of iterations   : 4
    number of reformations : 1

------- converged at time : 1.56


AUTO STEPPER: increasing time step, dt = 0.00999993


===== beginning time step 108 : 1.57 =====


Reforming stiffness matrix: reformation #1

 1
 Nonlinear solution status: time= 1.57
	stiffness updates             = 0
	right hand side evaluations   = 2
	stiffness matrix reformations = 1
	step from line search         = 1.000000
	convergence norms :     INITIAL         CURRENT         REQUIRED
	   residual            2.464581e-07    1.147207e-08    0.000000e+00 
	   energy              4.138016e-07    4.859366e-08    4.138016e-09 
	   displacement        2.125281e-06    2.125281e-06    2.125281e-12 
 2
 Nonlinear solution status: time= 1.57
	stiffness updates             = 1
	right hand side evaluations   = 3
	stiffness matrix reformations = 1
	step from line search         = 1.000000
	convergence norms :     INITIAL         CURRENT         REQUIRED
	   residual            2.464581e-07    3.292906e-11    0.000000e+00 
	   energy              4.138016e-07    6.538238e-11    4.138016e-09 
	   displacement        2.125281e-06    3.229153e-08    1.651452e-12 
 3
 Nonlinear solution status: time= 1.57
	stiffness updates             = 2
	right hand side evaluations   = 4
	stiffness matrix reformations = 1
	step from line search         = 1.000000
	convergence norms :     INITIAL         CURRENT         REQUIRED
	   residual            2.464581e-07    1.414650e-13    0.000000e+00 
	   energy              4.138016e-07    6.290343e-13    4.138016e-09 
	   displacement        2.125281e-06    3.044516e-11    1.655921e-12 
 4
 Nonlinear solution status: time= 1.57
	stiffness updates             = 3
	right hand side evaluations   = 5
	stiffness matrix reformations = 1
	step from line search         = 1.000000
	convergence norms :     INITIAL         CURRENT         REQUIRED
	   residual            2.464581e-07    7.372314e-17    0.000000e+00 
	   energy              4.138016e-07    2.474399e-16    4.138016e-09 
	   displacement        2.125281e-06    2.040757e-13    1.655982e-12 

convergence summary
    number of iterations   : 4
    number of reformations : 1

------- converged at time : 1.57


AUTO STEPPER: increasing time step, dt = 0.00999994

MUST POINT CONTROLLER: adjusting time step. dt = 0.00500016


===== beginning time step 109 : 1.575 =====


Reforming stiffness matrix: reformation #1

 1
 Nonlinear solution status: time= 1.575
	stiffness updates             = 0
	right hand side evaluations   = 2
	stiffness matrix reformations = 1
	step from line search         = 1.000000
	convergence norms :     INITIAL         CURRENT         REQUIRED
	   residual            4.929748e-07    2.456043e-08    0.000000e+00 
	   energy              2.290394e-07    1.910952e-08    2.290394e-09 
	   displacement        3.344153e-07    3.344153e-07    3.344153e-13 
 2
 Nonlinear solution status: time= 1.575
	stiffness updates             = 1
	right hand side evaluations   = 3
	stiffness matrix reformations = 1
	step from line search         = 1.000000
	convergence norms :     INITIAL         CURRENT         REQUIRED
	   residual            4.929748e-07    1.507116e-10    0.000000e+00 
	   energy              2.290394e-07    1.184227e-10    2.290394e-09 
	   displacement        3.344153e-07    4.919978e-09    2.689354e-13 
 3
 Nonlinear solution status: time= 1.575
	stiffness updates             = 2
	right hand side evaluations   = 4
	stiffness matrix reformations = 1
	step from line search         = 1.000000
	convergence norms :     INITIAL         CURRENT         REQUIRED
	   residual            4.929748e-07    6.221716e-13    0.000000e+00 
	   energy              2.290394e-07    1.095981e-12    2.290394e-09 
	   displacement        3.344153e-07    3.014606e-11    2.708299e-13 
 4
 Nonlinear solution status: time= 1.575
	stiffness updates             = 3
	right hand side evaluations   = 5
	stiffness matrix reformations = 1
	step from line search         = 1.000000
	convergence norms :     INITIAL         CURRENT         REQUIRED
	   residual            4.929748e-07    1.510514e-15    0.000000e+00 
	   energy              2.290394e-07    1.867009e-15    2.290394e-09 
	   displacement        3.344153e-07    1.241078e-13    2.709387e-13 

convergence summary
    number of iterations   : 4
    number of reformations : 1

------- converged at time : 1.575


AUTO STEPPER: increasing time step, dt = 0.00999996


===== beginning time step 110 : 1.585 =====


Reforming stiffness matrix: reformation #1

 1
 Nonlinear solution status: time= 1.585
	stiffness updates             = 0
	right hand side evaluations   = 2
	stiffness matrix reformations = 1
	step from line search         = 1.000000
	convergence norms :     INITIAL         CURRENT         REQUIRED
	   residual            1.056345e-07    4.635753e-09    0.000000e+00 
	   energy              1.763333e-07    2.045397e-08    1.763333e-09 
	   displacement        8.882060e-07    8.882060e-07    8.882060e-13 
 2
 Nonlinear solution status: time= 1.585
	stiffness updates             = 1
	right hand side evaluations   = 3
	stiffness matrix reformations = 1
	step from line search         = 1.000000
	convergence norms :     INITIAL         CURRENT         REQUIRED
	   residual            1.056345e-07    9.710125e-12    0.000000e+00 
	   energy              1.763333e-07    2.897556e-11    1.763333e-09 
	   displacement        8.882060e-07    1.339000e-08    6.914524e-13 
 3
 Nonlinear solution status: time= 1.585
	stiffness updates             = 2
	right hand side evaluations   = 4
	stiffness matrix reformations = 1
	step from line search         = 1.000000
	convergence norms :     INITIAL         CURRENT         REQUIRED
	   residual            1.056345e-07    5.630763e-14    0.000000e+00 
	   energy              1.763333e-07    2.858048e-13    1.763333e-09 
	   displacement        8.882060e-07    1.402062e-11    6.934374e-13 
 4
 Nonlinear solution status: time= 1.585
	stiffness updates             = 3
	right hand side evaluations   = 5
	stiffness matrix reformations = 1
	step from line search         = 1.000000
	convergence norms :     INITIAL         CURRENT         REQUIRED
	   residual            1.056345e-07    1.851646e-17    0.000000e+00 
	   energy              1.763333e-07    9.071093e-17    1.763333e-09 
	   displacement        8.882060e-07    9.113673e-14    6.934612e-13 

convergence summary
    number of iterations   : 4
    number of reformations : 1

------- converged at time : 1.585


AUTO STEPPER: increasing time step, dt = 0.00999996


===== beginning time step 111 : 1.595 =====


Reforming stiffness matrix: reformation #1

 1
 Nonlinear solution status: time= 1.595
	stiffness updates             = 0
	right hand side evaluations   = 2
	stiffness matrix reformations = 1
	step from line search         = 1.000000
	convergence norms :     INITIAL         CURRENT         REQUIRED
	   residual            5.513249e-08    2.265497e-09    0.000000e+00 
	   energy              9.107612e-08    1.034807e-08    9.107612e-10 
	   displacement        4.457646e-07    4.457646e-07    4.457646e-13 
 2
 Nonlinear solution status: time= 1.595
	stiffness updates             = 1
	right hand side evaluations   = 3
	stiffness matrix reformations = 1
	step from line search         = 1.000000
	convergence norms :     INITIAL         CURRENT         REQUIRED
	   residual            5.513249e-08    4.449752e-12    0.000000e+00 
	   energy              9.107612e-08    1.532280e-11    9.107612e-10 
	   displacement        4.457646e-07    6.564709e-09    3.484630e-13 
 3
 Nonlinear solution status: time= 1.595
	stiffness updates             = 2
	right hand side evaluations   = 4
	stiffness matrix reformations = 1
	step from line search         = 1.000000
	convergence norms :     INITIAL         CURRENT         REQUIRED
	   residual            5.513249e-08    3.041266e-14    0.000000e+00 
	   energy              9.107612e-08    1.591274e-13    9.107612e-10 
	   displacement        4.457646e-07    7.915042e-12    3.495113e-13 
 4
 Nonlinear solution status: time= 1.595
	stiffness updates             = 3
	right hand side evaluations   = 5
	stiffness matrix reformations = 1
	step from line search         = 1.000000
	convergence norms :     INITIAL         CURRENT         REQUIRED
	   residual            5.513249e-08    7.079432e-18    0.000000e+00 
	   energy              9.107612e-08    4.356494e-17    9.107612e-10 
	   displacement        4.457646e-07    5.202311e-14    3.495228e-13 

convergence summary
    number of iterations   : 4
    number of reformations : 1

------- converged at time : 1.595


AUTO STEPPER: increasing time step, dt = 0.00999997

MUST POINT CONTROLLER: adjusting time step. dt = 0.00500008


===== beginning time step 112 : 1.6 =====


Reforming stiffness matrix: reformation #1

 1
 Nonlinear solution status: time= 1.6
	stiffness updates             = 0
	right hand side evaluations   = 2
	stiffness matrix reformations = 1
	step from line search         = 1.000000
	convergence norms :     INITIAL         CURRENT         REQUIRED
	   residual            9.519643e-08    3.971003e-09    0.000000e+00 
	   energy              4.332810e-08    3.339586e-09    4.332810e-10 
	   displacement        5.846047e-08    5.846047e-08    5.846047e-14 
 2
 Nonlinear solution status: time= 1.6
	stiffness updates             = 1
	right hand side evaluations   = 3
	stiffness matrix reformations = 1
	step from line search         = 1.000000
	convergence norms :     INITIAL         CURRENT         REQUIRED
	   residual            9.519643e-08    2.653678e-11    0.000000e+00 
	   energy              4.332810e-08    2.112475e-11    4.332810e-10 
	   displacement        5.846047e-08    7.835690e-10    4.779908e-14 
 3
 Nonlinear solution status: time= 1.6
	stiffness updates             = 2
	right hand side evaluations   = 4
	stiffness matrix reformations = 1
	step from line search         = 1.000000
	convergence norms :     INITIAL         CURRENT         REQUIRED
	   residual            9.519643e-08    1.253038e-13    0.000000e+00 
	   energy              4.332810e-08    2.141283e-13    4.332810e-10 
	   displacement        5.846047e-08    6.109947e-12    4.813641e-14 
 4
 Nonlinear solution status: time= 1.6
	stiffness updates             = 3
	right hand side evaluations   = 5
	stiffness matrix reformations = 1
	step from line search         = 1.000000
	convergence norms :     INITIAL         CURRENT         REQUIRED
	   residual            9.519643e-08    1.980181e-16    0.000000e+00 
	   energy              4.332810e-08    3.141352e-16    4.332810e-10 
	   displacement        5.846047e-08    2.391896e-14    4.815529e-14 

convergence summary
    number of iterations   : 4
    number of reformations : 1

------- converged at time : 1.6


AUTO STEPPER: increasing time step, dt = 0.00999998


===== beginning time step 113 : 1.61 =====


Reforming stiffness matrix: reformation #1

 1
 Nonlinear solution status: time= 1.61
	stiffness updates             = 0
	right hand side evaluations   = 2
	stiffness matrix reformations = 1
	step from line search         = 1.000000
	convergence norms :     INITIAL         CURRENT         REQUIRED
	   residual            1.905833e-08    6.566337e-10    0.000000e+00 
	   energy              3.041631e-08    3.232250e-09    3.041631e-10 
	   displacement        1.374616e-07    1.374616e-07    1.374616e-13 
 2
 Nonlinear solution status: time= 1.61
	stiffness updates             = 1
	right hand side evaluations   = 3
	stiffness matrix reformations = 1
	step from line search         = 1.000000
	convergence norms :     INITIAL         CURRENT         REQUIRED
	   residual            1.905833e-08    1.315635e-12    0.000000e+00 
	   energy              3.041631e-08    4.703206e-12    3.041631e-10 
	   displacement        1.374616e-07    1.809495e-09    1.092130e-13 
 3
 Nonlinear solution status: time= 1.61
	stiffness updates             = 2
	right hand side evaluations   = 4
	stiffness matrix reformations = 1
	step from line search         = 1.000000
	convergence norms :     INITIAL         CURRENT         REQUIRED
	   residual            1.905833e-08    1.141810e-14    0.000000e+00 
	   energy              3.041631e-08    5.616444e-14    3.041631e-10 
	   displacement        1.374616e-07    2.850580e-12    1.095347e-13 
 4
 Nonlinear solution status: time= 1.61
	stiffness updates             = 3
	right hand side evaluations   = 5
	stiffness matrix reformations = 1
	step from line search         = 1.000000
	convergence norms :     INITIAL         CURRENT         REQUIRED
	   residual            1.905833e-08    3.314470e-18    0.000000e+00 
	   energy              3.041631e-08    1.770721e-17    3.041631e-10 
	   displacement        1.374616e-07    2.164215e-14    1.095378e-13 

convergence summary
    number of iterations   : 4
    number of reformations : 1

------- converged at time : 1.61


AUTO STEPPER: increasing time step, dt = 0.00999998


===== beginning time step 114 : 1.62 =====


Reforming stiffness matrix: reformation #1

 1
 Nonlinear solution status: time= 1.62
	stiffness updates             = 0
	right hand side evaluations   = 2
	stiffness matrix reformations = 1
	step from line search         = 1.000000
	convergence norms :     INITIAL         CURRENT         REQUIRED
	   residual            1.089502e-08    3.543540e-10    0.000000e+00 
	   energy              1.706638e-08    1.755396e-09    1.706638e-10 
	   displacement        7.545611e-08    7.545611e-08    7.545611e-14 
 2
 Nonlinear solution status: time= 1.62
	stiffness updates             = 1
	right hand side evaluations   = 3
	stiffness matrix reformations = 1
	step from line search         = 1.000000
	convergence norms :     INITIAL         CURRENT         REQUIRED
	   residual            1.089502e-08    5.746594e-13    0.000000e+00 
	   energy              1.706638e-08    2.093016e-12    1.706638e-10 
	   displacement        7.545611e-08    9.065141e-10    6.054516e-14 
 3
 Nonlinear solution status: time= 1.62
	stiffness updates             = 2
	right hand side evaluations   = 4
	stiffness matrix reformations = 1
	step from line search         = 1.000000
	convergence norms :     INITIAL         CURRENT         REQUIRED
	   residual            1.089502e-08    5.138886e-15    0.000000e+00 
	   energy              1.706638e-08    2.452430e-14    1.706638e-10 
	   displacement        7.545611e-08    1.250714e-12    6.069614e-14 
 4
 Nonlinear solution status: time= 1.62
	stiffness updates             = 3
	right hand side evaluations   = 5
	stiffness matrix reformations = 1
	step from line search         = 1.000000
	convergence norms :     INITIAL         CURRENT         REQUIRED
	   residual            1.089502e-08    1.945713e-18    0.000000e+00 
	   energy              1.706638e-08    8.995843e-18    1.706638e-10 
	   displacement        7.545611e-08    1.002476e-14    6.069699e-14 

convergence summary
    number of iterations   : 4
    number of reformations : 1

------- converged at time : 1.62


AUTO STEPPER: increasing time step, dt = 0.00999999

MUST POINT CONTROLLER: adjusting time step. dt = 0.00500004


===== beginning time step 115 : 1.625 =====


Reforming stiffness matrix: reformation #1

 1
 Nonlinear solution status: time= 1.625
	stiffness updates             = 0
	right hand side evaluations   = 2
	stiffness matrix reformations = 1
	step from line search         = 1.000000
	convergence norms :     INITIAL         CURRENT         REQUIRED
	   residual            2.752155e-08    1.220549e-09    0.000000e+00 
	   energy              1.281116e-08    1.007961e-09    1.281116e-10 
	   displacement        1.797844e-08    1.797844e-08    1.797844e-14 
 2
 Nonlinear solution status: time= 1.625
	stiffness updates             = 1
	right hand side evaluations   = 3
	stiffness matrix reformations = 1
	step from line search         = 1.000000
	convergence norms :     INITIAL         CURRENT         REQUIRED
	   residual            2.752155e-08    5.993563e-12    0.000000e+00 
	   energy              1.281116e-08    4.811935e-12    1.281116e-10 
	   displacement        1.797844e-08    2.217369e-10    1.475207e-14 
 3
 Nonlinear solution status: time= 1.625
	stiffness updates             = 2
	right hand side evaluations   = 4
	stiffness matrix reformations = 1
	step from line search         = 1.000000
	convergence norms :     INITIAL         CURRENT         REQUIRED
	   residual            2.752155e-08    3.763970e-14    0.000000e+00 
	   energy              1.281116e-08    5.180809e-14    1.281116e-10 
	   displacement        1.797844e-08    1.331817e-12    1.483754e-14 
 4
 Nonlinear solution status: time= 1.625
	stiffness updates             = 3
	right hand side evaluations   = 5
	stiffness matrix reformations = 1
	step from line search         = 1.000000
	convergence norms :     INITIAL         CURRENT         REQUIRED
	   residual            2.752155e-08    5.614301e-17    0.000000e+00 
	   energy              1.281116e-08    7.036378e-17    1.281116e-10 
	   displacement        1.797844e-08    6.560889e-15    1.484177e-14 

convergence summary
    number of iterations   : 4
    number of reformations : 1

------- converged at time : 1.625


AUTO STEPPER: increasing time step, dt = 0.00999999


===== beginning time step 116 : 1.635 =====


Reforming stiffness matrix: reformation #1

 1
 Nonlinear solution status: time= 1.635
	stiffness updates             = 0
	right hand side evaluations   = 2
	stiffness matrix reformations = 1
	step from line search         = 1.000000
	convergence norms :     INITIAL         CURRENT         REQUIRED
	   residual            1.028949e-08    4.167376e-10    0.000000e+00 
	   energy              1.666393e-08    1.852075e-09    1.666393e-10 
	   displacement        8.226637e-08    8.226637e-08    8.226637e-14 
 2
 Nonlinear solution status: time= 1.635
	stiffness updates             = 1
	right hand side evaluations   = 3
	stiffness matrix reformations = 1
	step from line search         = 1.000000
	convergence norms :     INITIAL         CURRENT         REQUIRED
	   residual            1.028949e-08    5.742059e-13    0.000000e+00 
	   energy              1.666393e-08    2.098004e-12    1.666393e-10 
	   displacement        8.226637e-08    1.116414e-09    6.486822e-14 
 3
 Nonlinear solution status: time= 1.635
	stiffness updates             = 2
	right hand side evaluations   = 4
	stiffness matrix reformations = 1
	step from line search         = 1.000000
	convergence norms :     INITIAL         CURRENT         REQUIRED
	   residual            1.028949e-08    4.292184e-15    0.000000e+00 
	   energy              1.666393e-08    2.028160e-14    1.666393e-10 
	   displacement        8.226637e-08    1.005643e-12    6.502195e-14 
 4
 Nonlinear solution status: time= 1.635
	stiffness updates             = 3
	right hand side evaluations   = 5
	stiffness matrix reformations = 1
	step from line search         = 1.000000
	convergence norms :     INITIAL         CURRENT         REQUIRED
	   residual            1.028949e-08    2.708409e-18    0.000000e+00 
	   energy              1.666393e-08    1.099401e-17    1.666393e-10 
	   displacement        8.226637e-08    7.350407e-15    6.502317e-14 

convergence summary
    number of iterations   : 4
    number of reformations : 1

------- converged at time : 1.635


AUTO STEPPER: increasing time step, dt = 0.00999999


===== beginning time step 117 : 1.645 =====


Reforming stiffness matrix: reformation #1

 1
 Nonlinear solution status: time= 1.645
	stiffness updates             = 0
	right hand side evaluations   = 2
	stiffness matrix reformations = 1
	step from line search         = 1.000000
	convergence norms :     INITIAL         CURRENT         REQUIRED
	   residual            1.296163e-08    5.706139e-10    0.000000e+00 
	   energy              2.146535e-08    2.482836e-09    2.146535e-10 
	   displacement        1.101846e-07    1.101846e-07    1.101846e-13 
 2
 Nonlinear solution status: time= 1.645
	stiffness updates             = 1
	right hand side evaluations   = 3
	stiffness matrix reformations = 1
	step from line search         = 1.000000
	convergence norms :     INITIAL         CURRENT         REQUIRED
	   residual            1.296163e-08    8.251704e-13    0.000000e+00 
	   energy              2.146535e-08    2.969632e-12    2.146535e-10 
	   displacement        1.101846e-07    1.604102e-09    8.605315e-14 
 3
 Nonlinear solution status: time= 1.645
	stiffness updates             = 2
	right hand side evaluations   = 4
	stiffness matrix reformations = 1
	step from line search         = 1.000000
	convergence norms :     INITIAL         CURRENT         REQUIRED
	   residual            1.296163e-08    5.869388e-15    0.000000e+00 
	   energy              2.146535e-08    2.801175e-14    2.146535e-10 
	   displacement        1.101846e-07    1.357219e-12    8.626209e-14 
 4
 Nonlinear solution status: time= 1.645
	stiffness updates             = 3
	right hand side evaluations   = 5
	stiffness matrix reformations = 1
	step from line search         = 1.000000
	convergence norms :     INITIAL         CURRENT         REQUIRED
	   residual            1.296163e-08    4.270701e-18    0.000000e+00 
	   energy              2.146535e-08    1.678567e-17    2.146535e-10 
	   displacement        1.101846e-07    9.884510e-15    8.626474e-14 

convergence summary
    number of iterations   : 4
    number of reformations : 1

------- converged at time : 1.645


AUTO STEPPER: increasing time step, dt = 0.00999999

MUST POINT CONTROLLER: adjusting time step. dt = 0.00500002


===== beginning time step 118 : 1.65 =====


Reforming stiffness matrix: reformation #1

 1
 Nonlinear solution status: time= 1.65
	stiffness updates             = 0
	right hand side evaluations   = 2
	stiffness matrix reformations = 1
	step from line search         = 1.000000
	convergence norms :     INITIAL         CURRENT         REQUIRED
	   residual            4.909501e-08    2.558425e-09    0.000000e+00 
	   energy              2.306045e-08    1.963476e-09    2.306045e-10 
	   displacement        3.456294e-08    3.456294e-08    3.456294e-14 
 2
 Nonlinear solution status: time= 1.65
	stiffness updates             = 1
	right hand side evaluations   = 3
	stiffness matrix reformations = 1
	step from line search         = 1.000000
	convergence norms :     INITIAL         CURRENT         REQUIRED
	   residual            4.909501e-08    1.351992e-11    0.000000e+00 
	   energy              2.306045e-08    1.103660e-11    2.306045e-10 
	   displacement        3.456294e-08    5.015332e-10    2.776554e-14 
 3
 Nonlinear solution status: time= 1.65
	stiffness updates             = 2
	right hand side evaluations   = 4
	stiffness matrix reformations = 1
	step from line search         = 1.000000
	convergence norms :     INITIAL         CURRENT         REQUIRED
	   residual            4.909501e-08    6.421376e-14    0.000000e+00 
	   energy              2.306045e-08    1.032907e-13    2.306045e-10 
	   displacement        3.456294e-08    2.694247e-12    2.794596e-14 
 4
 Nonlinear solution status: time= 1.65
	stiffness updates             = 3
	right hand side evaluations   = 5
	stiffness matrix reformations = 1
	step from line search         = 1.000000
	convergence norms :     INITIAL         CURRENT         REQUIRED
	   residual            4.909501e-08    1.693400e-16    0.000000e+00 
	   energy              2.306045e-08    1.844902e-16    2.306045e-10 
	   displacement        3.456294e-08    1.222614e-14    2.795640e-14 

convergence summary
    number of iterations   : 4
    number of reformations : 1

------- converged at time : 1.65


AUTO STEPPER: increasing time step, dt = 0.00999999


===== beginning time step 119 : 1.66 =====


Reforming stiffness matrix: reformation #1

 1
 Nonlinear solution status: time= 1.66
	stiffness updates             = 0
	right hand side evaluations   = 2
	stiffness matrix reformations = 1
	step from line search         = 1.000000
	convergence norms :     INITIAL         CURRENT         REQUIRED
	   residual            1.908624e-08    8.488492e-10    0.000000e+00 
	   energy              3.192461e-08    3.738484e-09    3.192461e-10 
	   displacement        1.640846e-07    1.640846e-07    1.640846e-13 
 2
 Nonlinear solution status: time= 1.66
	stiffness updates             = 1
	right hand side evaluations   = 3
	stiffness matrix reformations = 1
	step from line search         = 1.000000
	convergence norms :     INITIAL         CURRENT         REQUIRED
	   residual            1.908624e-08    1.347653e-12    0.000000e+00 
	   energy              3.192461e-08    4.856901e-12    3.192461e-10 
	   displacement        1.640846e-07    2.466350e-09    1.276627e-13 
 3
 Nonlinear solution status: time= 1.66
	stiffness updates             = 2
	right hand side evaluations   = 4
	stiffness matrix reformations = 1
	step from line search         = 1.000000
	convergence norms :     INITIAL         CURRENT         REQUIRED
	   residual            1.908624e-08    9.344110e-15    0.000000e+00 
	   energy              3.192461e-08    4.675712e-14    3.192461e-10 
	   displacement        1.640846e-07    2.261953e-12    1.279966e-13 
 4
 Nonlinear solution status: time= 1.66
	stiffness updates             = 3
	right hand side evaluations   = 5
	stiffness matrix reformations = 1
	step from line search         = 1.000000
	convergence norms :     INITIAL         CURRENT         REQUIRED
	   residual            1.908624e-08    4.939295e-18    0.000000e+00 
	   energy              3.192461e-08    2.125914e-17    3.192461e-10 
	   displacement        1.640846e-07    1.566389e-14    1.280011e-13 

convergence summary
    number of iterations   : 4
    number of reformations : 1

------- converged at time : 1.66


AUTO STEPPER: increasing time step, dt = 0.01


===== beginning time step 120 : 1.67 =====


Reforming stiffness matrix: reformation #1

 1
 Nonlinear solution status: time= 1.67
	stiffness updates             = 0
	right hand side evaluations   = 2
	stiffness matrix reformations = 1
	step from line search         = 1.000000
	convergence norms :     INITIAL         CURRENT         REQUIRED
	   residual            2.267159e-08    9.906027e-10    0.000000e+00 
	   energy              3.791147e-08    4.422141e-09    3.791147e-10 
	   displacement        1.927657e-07    1.927657e-07    1.927657e-13 
 2
 Nonlinear solution status: time= 1.67
	stiffness updates             = 1
	right hand side evaluations   = 3
	stiffness matrix reformations = 1
	step from line search         = 1.000000
	convergence norms :     INITIAL         CURRENT         REQUIRED
	   residual            2.267159e-08    1.647979e-12    0.000000e+00 
	   energy              3.791147e-08    5.999270e-12    3.791147e-10 
	   displacement        1.927657e-07    2.899732e-09    1.500431e-13 
 3
 Nonlinear solution status: time= 1.67
	stiffness updates             = 2
	right hand side evaluations   = 4
	stiffness matrix reformations = 1
	step from line search         = 1.000000
	convergence norms :     INITIAL         CURRENT         REQUIRED
	   residual            2.267159e-08    1.165082e-14    0.000000e+00 
	   energy              3.791147e-08    5.941137e-14    3.791147e-10 
	   displacement        1.927657e-07    2.889644e-12    1.504528e-13 
 4
 Nonlinear solution status: time= 1.67
	stiffness updates             = 3
	right hand side evaluations   = 5
	stiffness matrix reformations = 1
	step from line search         = 1.000000
	convergence norms :     INITIAL         CURRENT         REQUIRED
	   residual            2.267159e-08    4.628411e-18    0.000000e+00 
	   energy              3.791147e-08    2.209468e-17    3.791147e-10 
	   displacement        1.927657e-07    1.964826e-14    1.504582e-13 

convergence summary
    number of iterations   : 4
    number of reformations : 1

------- converged at time : 1.67


AUTO STEPPER: increasing time step, dt = 0.01

MUST POINT CONTROLLER: adjusting time step. dt = 0.00500001


===== beginning time step 121 : 1.675 =====


Reforming stiffness matrix: reformation #1

 1
 Nonlinear solution status: time= 1.675
	stiffness updates             = 0
	right hand side evaluations   = 2
	stiffness matrix reformations = 1
	step from line search         = 1.000000
	convergence norms :     INITIAL         CURRENT         REQUIRED
	   residual            7.818134e-08    3.768659e-09    0.000000e+00 
	   energy              3.617958e-08    2.974518e-09    3.617958e-10 
	   displacement        5.203234e-08    5.203234e-08    5.203234e-14 
 2
 Nonlinear solution status: time= 1.675
	stiffness updates             = 1
	right hand side evaluations   = 3
	stiffness matrix reformations = 1
	step from line search         = 1.000000
	convergence norms :     INITIAL         CURRENT         REQUIRED
	   residual            7.818134e-08    2.258101e-11    0.000000e+00 
	   energy              3.617958e-08    1.823740e-11    3.617958e-10 
	   displacement        5.203234e-08    7.457242e-10    4.201772e-14 
 3
 Nonlinear solution status: time= 1.675
	stiffness updates             = 2
	right hand side evaluations   = 4
	stiffness matrix reformations = 1
	step from line search         = 1.000000
	convergence norms :     INITIAL         CURRENT         REQUIRED
	   residual            7.818134e-08    1.019460e-13    0.000000e+00 
	   energy              3.617958e-08    1.747717e-13    3.617958e-10 
	   displacement        5.203234e-08    4.766328e-12    4.230776e-14 
 4
 Nonlinear solution status: time= 1.675
	stiffness updates             = 3
	right hand side evaluations   = 5
	stiffness matrix reformations = 1
	step from line search         = 1.000000
	convergence norms :     INITIAL         CURRENT         REQUIRED
	   residual            7.818134e-08    2.357848e-16    0.000000e+00 
	   energy              3.617958e-08    2.951535e-16    3.617958e-10 
	   displacement        5.203234e-08    2.008146e-14    4.232479e-14 

convergence summary
    number of iterations   : 4
    number of reformations : 1

------- converged at time : 1.675


AUTO STEPPER: increasing time step, dt = 0.01


===== beginning time step 122 : 1.685 =====


Reforming stiffness matrix: reformation #1

 1
 Nonlinear solution status: time= 1.685
	stiffness updates             = 0
	right hand side evaluations   = 2
	stiffness matrix reformations = 1
	step from line search         = 1.000000
	convergence norms :     INITIAL         CURRENT         REQUIRED
	   residual            2.717516e-08    1.154082e-09    0.000000e+00 
	   energy              4.532329e-08    5.238789e-09    4.532329e-10 
	   displacement        2.266944e-07    2.266944e-07    2.266944e-13 
 2
 Nonlinear solution status: time= 1.685
	stiffness updates             = 1
	right hand side evaluations   = 3
	stiffness matrix reformations = 1
	step from line search         = 1.000000
	convergence norms :     INITIAL         CURRENT         REQUIRED
	   residual            2.717516e-08    2.009592e-12    0.000000e+00 
	   energy              4.532329e-08    7.410626e-12    4.532329e-10 
	   displacement        2.266944e-07    3.384696e-09    1.767544e-13 
 3
 Nonlinear solution status: time= 1.685
	stiffness updates             = 2
	right hand side evaluations   = 4
	stiffness matrix reformations = 1
	step from line search         = 1.000000
	convergence norms :     INITIAL         CURRENT         REQUIRED
	   residual            2.717516e-08    1.478007e-14    0.000000e+00 
	   energy              4.532329e-08    7.623354e-14    4.532329e-10 
	   displacement        2.266944e-07    3.737530e-12    1.772576e-13 
 4
 Nonlinear solution status: time= 1.685
	stiffness updates             = 3
	right hand side evaluations   = 5
	stiffness matrix reformations = 1
	step from line search         = 1.000000
	convergence norms :     INITIAL         CURRENT         REQUIRED
	   residual            2.717516e-08    4.127021e-18    0.000000e+00 
	   energy              4.532329e-08    2.303403e-17    4.532329e-10 
	   displacement        2.266944e-07    2.527073e-14    1.772639e-13 

convergence summary
    number of iterations   : 4
    number of reformations : 1

------- converged at time : 1.685


AUTO STEPPER: increasing time step, dt = 0.01


===== beginning time step 123 : 1.695 =====


Reforming stiffness matrix: reformation #1

 1
 Nonlinear solution status: time= 1.695
	stiffness updates             = 0
	right hand side evaluations   = 2
	stiffness matrix reformations = 1
	step from line search         = 1.000000
	convergence norms :     INITIAL         CURRENT         REQUIRED
	   residual            2.851332e-08    1.194047e-09    0.000000e+00 
	   energy              4.748134e-08    5.459975e-09    4.748134e-10 
	   displacement        2.355469e-07    2.355469e-07    2.355469e-13 
 2
 Nonlinear solution status: time= 1.695
	stiffness updates             = 1
	right hand side evaluations   = 3
	stiffness matrix reformations = 1
	step from line search         = 1.000000
	convergence norms :     INITIAL         CURRENT         REQUIRED
	   residual            2.851332e-08    2.111884e-12    0.000000e+00 
	   energy              4.748134e-08    7.838969e-12    4.748134e-10 
	   displacement        2.355469e-07    3.496325e-09    1.838604e-13 
 3
 Nonlinear solution status: time= 1.695
	stiffness updates             = 2
	right hand side evaluations   = 4
	stiffness matrix reformations = 1
	step from line search         = 1.000000
	convergence norms :     INITIAL         CURRENT         REQUIRED
	   residual            2.851332e-08    1.589934e-14    0.000000e+00 
	   energy              4.748134e-08    8.216028e-14    4.748134e-10 
	   displacement        2.355469e-07    4.043177e-12    1.843914e-13 
 4
 Nonlinear solution status: time= 1.695
	stiffness updates             = 3
	right hand side evaluations   = 5
	stiffness matrix reformations = 1
	step from line search         = 1.000000
	convergence norms :     INITIAL         CURRENT         REQUIRED
	   residual            2.851332e-08    3.829698e-18    0.000000e+00 
	   energy              4.748134e-08    2.304490e-17    4.748134e-10 
	   displacement        2.355469e-07    2.744320e-14    1.843979e-13 

convergence summary
    number of iterations   : 4
    number of reformations : 1

------- converged at time : 1.695


AUTO STEPPER: increasing time step, dt = 0.01

MUST POINT CONTROLLER: adjusting time step. dt = 0.00500001


===== beginning time step 124 : 1.7 =====


Reforming stiffness matrix: reformation #1

 1
 Nonlinear solution status: time= 1.7
	stiffness updates             = 0
	right hand side evaluations   = 2
	stiffness matrix reformations = 1
	step from line search         = 1.000000
	convergence norms :     INITIAL         CURRENT         REQUIRED
	   residual            8.931141e-08    4.111909e-09    0.000000e+00 
	   energy              4.111252e-08    3.307741e-09    4.111252e-10 
	   displacement        5.774402e-08    5.774402e-08    5.774402e-14 
 2
 Nonlinear solution status: time= 1.7
	stiffness updates             = 1
	right hand side evaluations   = 3
	stiffness matrix reformations = 1
	step from line search         = 1.000000
	convergence norms :     INITIAL         CURRENT         REQUIRED
	   residual            8.931141e-08    2.583379e-11    0.000000e+00 
	   energy              4.111252e-08    2.077793e-11    4.111252e-10 
	   displacement        5.774402e-08    8.121197e-10    4.683281e-14 
 3
 Nonlinear solution status: time= 1.7
	stiffness updates             = 2
	right hand side evaluations   = 4
	stiffness matrix reformations = 1
	step from line search         = 1.000000
	convergence norms :     INITIAL         CURRENT         REQUIRED
	   residual            8.931141e-08    1.195043e-13    0.000000e+00 
	   energy              4.111252e-08    2.050610e-13    4.111252e-10 
	   displacement        5.774402e-08    5.685430e-12    4.716116e-14 
 4
 Nonlinear solution status: time= 1.7
	stiffness updates             = 3
	right hand side evaluations   = 5
	stiffness matrix reformations = 1
	step from line search         = 1.000000
	convergence norms :     INITIAL         CURRENT         REQUIRED
	   residual            8.931141e-08    2.340593e-16    0.000000e+00 
	   energy              4.111252e-08    3.246630e-16    4.111252e-10 
	   displacement        5.774402e-08    2.324084e-14    4.718030e-14 

convergence summary
    number of iterations   : 4
    number of reformations : 1

------- converged at time : 1.7


AUTO STEPPER: increasing time step, dt = 0.01


===== beginning time step 125 : 1.71 =====


Reforming stiffness matrix: reformation #1

 1
 Nonlinear solution status: time= 1.71
	stiffness updates             = 0
	right hand side evaluations   = 2
	stiffness matrix reformations = 1
	step from line search         = 1.000000
	convergence norms :     INITIAL         CURRENT         REQUIRED
	   residual            2.861112e-08    1.181061e-09    0.000000e+00 
	   energy              4.756728e-08    5.438298e-09    4.756728e-10 
	   displacement        2.339525e-07    2.339525e-07    2.339525e-13 
 2
 Nonlinear solution status: time= 1.71
	stiffness updates             = 1
	right hand side evaluations   = 3
	stiffness matrix reformations = 1
	step from line search         = 1.000000
	convergence norms :     INITIAL         CURRENT         REQUIRED
	   residual            2.861112e-08    2.115377e-12    0.000000e+00 
	   energy              4.756728e-08    7.900785e-12    4.756728e-10 
	   displacement        2.339525e-07    3.446772e-09    1.828568e-13 
 3
 Nonlinear solution status: time= 1.71
	stiffness updates             = 2
	right hand side evaluations   = 4
	stiffness matrix reformations = 1
	step from line search         = 1.000000
	convergence norms :     INITIAL         CURRENT         REQUIRED
	   residual            2.861112e-08    1.633161e-14    0.000000e+00 
	   energy              4.756728e-08    8.441811e-14    4.756728e-10 
	   displacement        2.339525e-07    4.170132e-12    1.833905e-13 
 4
 Nonlinear solution status: time= 1.71
	stiffness updates             = 3
	right hand side evaluations   = 5
	stiffness matrix reformations = 1
	step from line search         = 1.000000
	convergence norms :     INITIAL         CURRENT         REQUIRED
	   residual            2.861112e-08    3.475824e-18    0.000000e+00 
	   energy              4.756728e-08    2.237363e-17    4.756728e-10 
	   displacement        2.339525e-07    2.852657e-14    1.833970e-13 

convergence summary
    number of iterations   : 4
    number of reformations : 1

------- converged at time : 1.71


AUTO STEPPER: increasing time step, dt = 0.01


===== beginning time step 126 : 1.72 =====


Reforming stiffness matrix: reformation #1

 1
 Nonlinear solution status: time= 1.72
	stiffness updates             = 0
	right hand side evaluations   = 2
	stiffness matrix reformations = 1
	step from line search         = 1.000000
	convergence norms :     INITIAL         CURRENT         REQUIRED
	   residual            2.702640e-08    1.109650e-09    0.000000e+00 
	   energy              4.490950e-08    5.122376e-09    4.490950e-10 
	   displacement        2.201355e-07    2.201355e-07    2.201355e-13 
 2
 Nonlinear solution status: time= 1.72
	stiffness updates             = 1
	right hand side evaluations   = 3
	stiffness matrix reformations = 1
	step from line search         = 1.000000
	convergence norms :     INITIAL         CURRENT         REQUIRED
	   residual            2.702640e-08    1.993438e-12    0.000000e+00 
	   energy              4.490950e-08    7.467010e-12    4.490950e-10 
	   displacement        2.201355e-07    3.232106e-09    1.721567e-13 
 3
 Nonlinear solution status: time= 1.72
	stiffness updates             = 2
	right hand side evaluations   = 4
	stiffness matrix reformations = 1
	step from line search         = 1.000000
	convergence norms :     INITIAL         CURRENT         REQUIRED
	   residual            2.702640e-08    1.556184e-14    0.000000e+00 
	   energy              4.490950e-08    8.043242e-14    4.490950e-10 
	   displacement        2.201355e-07    3.978658e-12    1.726605e-13 
 4
 Nonlinear solution status: time= 1.72
	stiffness updates             = 3
	right hand side evaluations   = 5
	stiffness matrix reformations = 1
	step from line search         = 1.000000
	convergence norms :     INITIAL         CURRENT         REQUIRED
	   residual            2.702640e-08    3.174534e-18    0.000000e+00 
	   energy              4.490950e-08    2.094468e-17    4.490950e-10 
	   displacement        2.201355e-07    2.734671e-14    1.726666e-13 

convergence summary
    number of iterations   : 4
    number of reformations : 1

------- converged at time : 1.72


AUTO STEPPER: increasing time step, dt = 0.01

MUST POINT CONTROLLER: adjusting time step. dt = 0.005


===== beginning time step 127 : 1.725 =====


Reforming stiffness matrix: reformation #1

 1
 Nonlinear solution status: time= 1.725
	stiffness updates             = 0
	right hand side evaluations   = 2
	stiffness matrix reformations = 1
	step from line search         = 1.000000
	convergence norms :     INITIAL         CURRENT         REQUIRED
	   residual            7.796115e-08    3.531266e-09    0.000000e+00 
	   energy              3.585589e-08    2.861810e-09    3.585589e-10 
	   displacement        4.992609e-08    4.992609e-08    4.992609e-14 
 2
 Nonlinear solution status: time= 1.725
	stiffness updates             = 1
	right hand side evaluations   = 3
	stiffness matrix reformations = 1
	step from line search         = 1.000000
	convergence norms :     INITIAL         CURRENT         REQUIRED
	   residual            7.796115e-08    2.250186e-11    0.000000e+00 
	   energy              3.585589e-08    1.808388e-11    3.585589e-10 
	   displacement        4.992609e-08    6.963024e-10    4.056593e-14 
 3
 Nonlinear solution status: time= 1.725
	stiffness updates             = 2
	right hand side evaluations   = 4
	stiffness matrix reformations = 1
	step from line search         = 1.000000
	convergence norms :     INITIAL         CURRENT         REQUIRED
	   residual            7.796115e-08    1.063463e-13    0.000000e+00 
	   energy              3.585589e-08    1.812931e-13    3.585589e-10 
	   displacement        4.992609e-08    5.048775e-12    4.085129e-14 
 4
 Nonlinear solution status: time= 1.725
	stiffness updates             = 3
	right hand side evaluations   = 5
	stiffness matrix reformations = 1
	step from line search         = 1.000000
	convergence norms :     INITIAL         CURRENT         REQUIRED
	   residual            7.796115e-08    1.918706e-16    0.000000e+00 
	   energy              3.585589e-08    2.786388e-16    3.585589e-10 
	   displacement        4.992609e-08    2.048062e-14    4.086785e-14 

convergence summary
    number of iterations   : 4
    number of reformations : 1

------- converged at time : 1.725


AUTO STEPPER: increasing time step, dt = 0.01


===== beginning time step 128 : 1.735 =====


Reforming stiffness matrix: reformation #1

 1
 Nonlinear solution status: time= 1.735
	stiffness updates             = 0
	right hand side evaluations   = 2
	stiffness matrix reformations = 1
	step from line search         = 1.000000
	convergence norms :     INITIAL         CURRENT         REQUIRED
	   residual            2.335172e-08    9.537355e-10    0.000000e+00 
	   energy              3.878914e-08    4.413822e-09    3.878914e-10 
	   displacement        1.895007e-07    1.895007e-07    1.895007e-13 
 2
 Nonlinear solution status: time= 1.735
	stiffness updates             = 1
	right hand side evaluations   = 3
	stiffness matrix reformations = 1
	step from line search         = 1.000000
	convergence norms :     INITIAL         CURRENT         REQUIRED
	   residual            2.335172e-08    1.716939e-12    0.000000e+00 
	   energy              3.878914e-08    6.450600e-12    3.878914e-10 
	   displacement        1.895007e-07    2.771827e-09    1.482904e-13 
 3
 Nonlinear solution status: time= 1.735
	stiffness updates             = 2
	right hand side evaluations   = 4
	stiffness matrix reformations = 1
	step from line search         = 1.000000
	convergence norms :     INITIAL         CURRENT         REQUIRED
	   residual            2.335172e-08    1.356658e-14    0.000000e+00 
	   energy              3.878914e-08    7.010555e-14    3.878914e-10 
	   displacement        1.895007e-07    3.471639e-12    1.487249e-13 
 4
 Nonlinear solution status: time= 1.735
	stiffness updates             = 3
	right hand side evaluations   = 5
	stiffness matrix reformations = 1
	step from line search         = 1.000000
	convergence norms :     INITIAL         CURRENT         REQUIRED
	   residual            2.335172e-08    2.647127e-18    0.000000e+00 
	   energy              3.878914e-08    1.794451e-17    3.878914e-10 
	   displacement        1.895007e-07    2.401072e-14    1.487302e-13 

convergence summary
    number of iterations   : 4
    number of reformations : 1

------- converged at time : 1.735


AUTO STEPPER: increasing time step, dt = 0.01


===== beginning time step 129 : 1.745 =====


Reforming stiffness matrix: reformation #1

 1
 Nonlinear solution status: time= 1.745
	stiffness updates             = 0
	right hand side evaluations   = 2
	stiffness matrix reformations = 1
	step from line search         = 1.000000
	convergence norms :     INITIAL         CURRENT         REQUIRED
	   residual            2.016840e-08    8.221157e-10    0.000000e+00 
	   energy              3.350065e-08    3.808907e-09    3.350065e-10 
	   displacement        1.634719e-07    1.634719e-07    1.634719e-13 
 2
 Nonlinear solution status: time= 1.745
	stiffness updates             = 1
	right hand side evaluations   = 3
	stiffness matrix reformations = 1
	step from line search         = 1.000000
	convergence norms :     INITIAL         CURRENT         REQUIRED
	   residual            2.016840e-08    1.480431e-12    0.000000e+00 
	   energy              3.350065e-08    5.569096e-12    3.350065e-10 
	   displacement        1.634719e-07    2.387293e-09    1.279543e-13 
 3
 Nonlinear solution status: time= 1.745
	stiffness updates             = 2
	right hand side evaluations   = 4
	stiffness matrix reformations = 1
	step from line search         = 1.000000
	convergence norms :     INITIAL         CURRENT         REQUIRED
	   residual            2.016840e-08    1.176843e-14    0.000000e+00 
	   energy              3.350065e-08    6.079202e-14    3.350065e-10 
	   displacement        1.634719e-07    3.010535e-12    1.283290e-13 
 4
 Nonlinear solution status: time= 1.745
	stiffness updates             = 3
	right hand side evaluations   = 5
	stiffness matrix reformations = 1
	step from line search         = 1.000000
	convergence norms :     INITIAL         CURRENT         REQUIRED
	   residual            2.016840e-08    2.242852e-18    0.000000e+00 
	   energy              3.350065e-08    1.543137e-17    3.350065e-10 
	   displacement        1.634719e-07    2.089958e-14    1.283336e-13 

convergence summary
    number of iterations   : 4
    number of reformations : 1

------- converged at time : 1.745


AUTO STEPPER: increasing time step, dt = 0.01

MUST POINT CONTROLLER: adjusting time step. dt = 0.005


===== beginning time step 130 : 1.75 =====


Reforming stiffness matrix: reformation #1

 1
 Nonlinear solution status: time= 1.75
	stiffness updates             = 0
	right hand side evaluations   = 2
	stiffness matrix reformations = 1
	step from line search         = 1.000000
	convergence norms :     INITIAL         CURRENT         REQUIRED
	   residual            5.425577e-08    2.439276e-09    0.000000e+00 
	   energy              2.494233e-08    1.983189e-09    2.494233e-10 
	   displacement        3.460257e-08    3.460257e-08    3.460257e-14 
 2
 Nonlinear solution status: time= 1.75
	stiffness updates             = 1
	right hand side evaluations   = 3
	stiffness matrix reformations = 1
	step from line search         = 1.000000
	convergence norms :     INITIAL         CURRENT         REQUIRED
	   residual            5.425577e-08    1.562623e-11    0.000000e+00 
	   energy              2.494233e-08    1.252024e-11    2.494233e-10 
	   displacement        3.460257e-08    4.794287e-10    2.814548e-14 
 3
 Nonlinear solution status: time= 1.75
	stiffness updates             = 2
	right hand side evaluations   = 4
	stiffness matrix reformations = 1
	step from line search         = 1.000000
	convergence norms :     INITIAL         CURRENT         REQUIRED
	   residual            5.425577e-08    7.503208e-14    0.000000e+00 
	   energy              2.494233e-08    1.268260e-13    2.494233e-10 
	   displacement        3.460257e-08    3.524163e-12    2.834250e-14 
 4
 Nonlinear solution status: time= 1.75
	stiffness updates             = 3
	right hand side evaluations   = 5
	stiffness matrix reformations = 1
	step from line search         = 1.000000
	convergence norms :     INITIAL         CURRENT         REQUIRED
	   residual            5.425577e-08    1.315318e-16    0.000000e+00 
	   energy              2.494233e-08    1.937023e-16    2.494233e-10 
	   displacement        3.460257e-08    1.439359e-14    2.835403e-14 

convergence summary
    number of iterations   : 4
    number of reformations : 1

------- converged at time : 1.75


AUTO STEPPER: increasing time step, dt = 0.01


===== beginning time step 131 : 1.76 =====


Reforming stiffness matrix: reformation #1

 1
 Nonlinear solution status: time= 1.76
	stiffness updates             = 0
	right hand side evaluations   = 2
	stiffness matrix reformations = 1
	step from line search         = 1.000000
	convergence norms :     INITIAL         CURRENT         REQUIRED
	   residual            1.532871e-08    6.235981e-10    0.000000e+00 
	   energy              2.546377e-08    2.892986e-09    2.546377e-10 
	   displacement        1.241273e-07    1.241273e-07    1.241273e-13 
 2
 Nonlinear solution status: time= 1.76
	stiffness updates             = 1
	right hand side evaluations   = 3
	stiffness matrix reformations = 1
	step from line search         = 1.000000
	convergence norms :     INITIAL         CURRENT         REQUIRED
	   residual            1.532871e-08    1.123134e-12    0.000000e+00 
	   energy              2.546377e-08    4.227770e-12    2.546377e-10 
	   displacement        1.241273e-07    1.809261e-09    9.718578e-14 
 3
 Nonlinear solution status: time= 1.76
	stiffness updates             = 2
	right hand side evaluations   = 4
	stiffness matrix reformations = 1
	step from line search         = 1.000000
	convergence norms :     INITIAL         CURRENT         REQUIRED
	   residual            1.532871e-08    9.000313e-15    0.000000e+00 
	   energy              2.546377e-08    4.642244e-14    2.546377e-10 
	   displacement        1.241273e-07    2.297552e-12    9.746967e-14 
 4
 Nonlinear solution status: time= 1.76
	stiffness updates             = 3
	right hand side evaluations   = 5
	stiffness matrix reformations = 1
	step from line search         = 1.000000
	convergence norms :     INITIAL         CURRENT         REQUIRED
	   residual            1.532871e-08    1.673010e-18    0.000000e+00 
	   energy              2.546377e-08    1.169279e-17    2.546377e-10 
	   displacement        1.241273e-07    1.604716e-14    9.747321e-14 

convergence summary
    number of iterations   : 4
    number of reformations : 1

------- converged at time : 1.76


AUTO STEPPER: increasing time step, dt = 0.01


===== beginning time step 132 : 1.77 =====


Reforming stiffness matrix: reformation #1

 1
 Nonlinear solution status: time= 1.77
	stiffness updates             = 0
	right hand side evaluations   = 2
	stiffness matrix reformations = 1
	step from line search         = 1.000000
	convergence norms :     INITIAL         CURRENT         REQUIRED
	   residual            1.225175e-08    4.982945e-10    0.000000e+00 
	   energy              2.035531e-08    2.312548e-09    2.035531e-10 
	   displacement        9.922964e-08    9.922964e-08    9.922964e-14 
 2
 Nonlinear solution status: time= 1.77
	stiffness updates             = 1
	right hand side evaluations   = 3
	stiffness matrix reformations = 1
	step from line search         = 1.000000
	convergence norms :     INITIAL         CURRENT         REQUIRED
	   residual            1.225175e-08    8.966457e-13    0.000000e+00 
	   energy              2.035531e-08    3.374056e-12    2.035531e-10 
	   displacement        9.922964e-08    1.445227e-09    7.769955e-14 
 3
 Nonlinear solution status: time= 1.77
	stiffness updates             = 2
	right hand side evaluations   = 4
	stiffness matrix reformations = 1
	step from line search         = 1.000000
	convergence norms :     INITIAL         CURRENT         REQUIRED
	   residual            1.225175e-08    7.217210e-15    0.000000e+00 
	   energy              2.035531e-08    3.715752e-14    2.035531e-10 
	   displacement        9.922964e-08    1.837309e-12    7.792587e-14 
 4
 Nonlinear solution status: time= 1.77
	stiffness updates             = 3
	right hand side evaluations   = 5
	stiffness matrix reformations = 1
	step from line search         = 1.000000
	convergence norms :     INITIAL         CURRENT         REQUIRED
	   residual            1.225175e-08    1.341129e-18    0.000000e+00 
	   energy              2.035531e-08    9.375999e-18    2.035531e-10 
	   displacement        9.922964e-08    1.288869e-14    7.792873e-14 

convergence summary
    number of iterations   : 4
    number of reformations : 1

------- converged at time : 1.77


AUTO STEPPER: increasing time step, dt = 0.01

MUST POINT CONTROLLER: adjusting time step. dt = 0.005


===== beginning time step 133 : 1.775 =====


Reforming stiffness matrix: reformation #1

 1
 Nonlinear solution status: time= 1.775
	stiffness updates             = 0
	right hand side evaluations   = 2
	stiffness matrix reformations = 1
	step from line search         = 1.000000
	convergence norms :     INITIAL         CURRENT         REQUIRED
	   residual            3.099037e-08    1.388554e-09    0.000000e+00 
	   energy              1.423993e-08    1.130006e-09    1.423993e-10 
	   displacement        1.973342e-08    1.973342e-08    1.973342e-14 
 2
 Nonlinear solution status: time= 1.775
	stiffness updates             = 1
	right hand side evaluations   = 3
	stiffness matrix reformations = 1
	step from line search         = 1.000000
	convergence norms :     INITIAL         CURRENT         REQUIRED
	   residual            3.099037e-08    8.883740e-12    0.000000e+00 
	   energy              1.423993e-08    7.075177e-12    1.423993e-10 
	   displacement        1.973342e-08    2.712039e-10    1.606516e-14 
 3
 Nonlinear solution status: time= 1.775
	stiffness updates             = 2
	right hand side evaluations   = 4
	stiffness matrix reformations = 1
	step from line search         = 1.000000
	convergence norms :     INITIAL         CURRENT         REQUIRED
	   residual            3.099037e-08    4.342831e-14    0.000000e+00 
	   energy              1.423993e-08    7.235682e-14    1.423993e-10 
	   displacement        1.973342e-08    1.993312e-12    1.617607e-14 
 4
 Nonlinear solution status: time= 1.775
	stiffness updates             = 3
	right hand side evaluations   = 5
	stiffness matrix reformations = 1
	step from line search         = 1.000000
	convergence norms :     INITIAL         CURRENT         REQUIRED
	   residual            3.099037e-08    7.748537e-17    0.000000e+00 
	   energy              1.423993e-08    1.120868e-16    1.423993e-10 
	   displacement        1.973342e-08    8.325605e-15    1.618270e-14 

convergence summary
    number of iterations   : 4
    number of reformations : 1

------- converged at time : 1.775


AUTO STEPPER: increasing time step, dt = 0.01


===== beginning time step 134 : 1.785 =====


Reforming stiffness matrix: reformation #1

 1
 Nonlinear solution status: time= 1.785
	stiffness updates             = 0
	right hand side evaluations   = 2
	stiffness matrix reformations = 1
	step from line search         = 1.000000
	convergence norms :     INITIAL         CURRENT         REQUIRED
	   residual            8.292014e-09    3.376663e-10    0.000000e+00 
	   energy              1.378111e-08    1.566423e-09    1.378111e-10 
	   displacement        6.724840e-08    6.724840e-08    6.724840e-14 
 2
 Nonlinear solution status: time= 1.785
	stiffness updates             = 1
	right hand side evaluations   = 3
	stiffness matrix reformations = 1
	step from line search         = 1.000000
	convergence norms :     INITIAL         CURRENT         REQUIRED
	   residual            8.292014e-09    6.053204e-13    0.000000e+00 
	   energy              1.378111e-08    2.274522e-12    1.378111e-10 
	   displacement        6.724840e-08    9.786805e-10    5.265989e-14 
 3
 Nonlinear solution status: time= 1.785
	stiffness updates             = 2
	right hand side evaluations   = 4
	stiffness matrix reformations = 1
	step from line search         = 1.000000
	convergence norms :     INITIAL         CURRENT         REQUIRED
	   residual            8.292014e-09    4.899903e-15    0.000000e+00 
	   energy              1.378111e-08    2.512302e-14    1.378111e-10 
	   displacement        6.724840e-08    1.239769e-12    5.281227e-14 
 4
 Nonlinear solution status: time= 1.785
	stiffness updates             = 3
	right hand side evaluations   = 5
	stiffness matrix reformations = 1
	step from line search         = 1.000000
	convergence norms :     INITIAL         CURRENT         REQUIRED
	   residual            8.292014e-09    9.421423e-19    0.000000e+00 
	   energy              1.378111e-08    6.453487e-18    1.378111e-10 
	   displacement        6.724840e-08    8.762098e-15    5.281424e-14 

convergence summary
    number of iterations   : 4
    number of reformations : 1

------- converged at time : 1.785


AUTO STEPPER: increasing time step, dt = 0.01


===== beginning time step 135 : 1.795 =====


Reforming stiffness matrix: reformation #1

 1
 Nonlinear solution status: time= 1.795
	stiffness updates             = 0
	right hand side evaluations   = 2
	stiffness matrix reformations = 1
	step from line search         = 1.000000
	convergence norms :     INITIAL         CURRENT         REQUIRED
	   residual            6.145491e-09    2.509612e-10    0.000000e+00 
	   energy              1.021755e-08    1.162468e-09    1.021755e-10 
	   displacement        4.994219e-08    4.994219e-08    4.994219e-14 
 2
 Nonlinear solution status: time= 1.795
	stiffness updates             = 1
	right hand side evaluations   = 3
	stiffness matrix reformations = 1
	step from line search         = 1.000000
	convergence norms :     INITIAL         CURRENT         REQUIRED
	   residual            6.145491e-09    4.474107e-13    0.000000e+00 
	   energy              1.021755e-08    1.679217e-12    1.021755e-10 
	   displacement        4.994219e-08    7.269525e-10    3.910402e-14 
 3
 Nonlinear solution status: time= 1.795
	stiffness updates             = 2
	right hand side evaluations   = 4
	stiffness matrix reformations = 1
	step from line search         = 1.000000
	convergence norms :     INITIAL         CURRENT         REQUIRED
	   residual            6.145491e-09    3.628562e-15    0.000000e+00 
	   energy              1.021755e-08    1.854410e-14    1.021755e-10 
	   displacement        4.994219e-08    9.135317e-13    3.921648e-14 
 4
 Nonlinear solution status: time= 1.795
	stiffness updates             = 3
	right hand side evaluations   = 5
	stiffness matrix reformations = 1
	step from line search         = 1.000000
	convergence norms :     INITIAL         CURRENT         REQUIRED
	   residual            6.145491e-09    7.340868e-19    0.000000e+00 
	   energy              1.021755e-08    4.882224e-18    1.021755e-10 
	   displacement        4.994219e-08    6.487233e-15    3.921796e-14 

convergence summary
    number of iterations   : 4
    number of reformations : 1

------- converged at time : 1.795


AUTO STEPPER: increasing time step, dt = 0.01

MUST POINT CONTROLLER: adjusting time step. dt = 0.005


===== beginning time step 136 : 1.8 =====


Reforming stiffness matrix: reformation #1

 1
 Nonlinear solution status: time= 1.8
	stiffness updates             = 0
	right hand side evaluations   = 2
	stiffness matrix reformations = 1
	step from line search         = 1.000000
	convergence norms :     INITIAL         CURRENT         REQUIRED
	   residual            1.455895e-08    6.568642e-10    0.000000e+00 
	   energy              6.694271e-09    5.326146e-10    6.694271e-11 
	   displacement        9.313232e-09    9.313232e-09    9.313232e-15 
 2
 Nonlinear solution status: time= 1.8
	stiffness updates             = 1
	right hand side evaluations   = 3
	stiffness matrix reformations = 1
	step from line search         = 1.000000
	convergence norms :     INITIAL         CURRENT         REQUIRED
	   residual            1.455895e-08    4.145864e-12    0.000000e+00 
	   energy              6.694271e-09    3.281418e-12    6.694271e-11 
	   displacement        9.313232e-09    1.273318e-10    7.582296e-15 
 3
 Nonlinear solution status: time= 1.8
	stiffness updates             = 2
	right hand side evaluations   = 4
	stiffness matrix reformations = 1
	step from line search         = 1.000000
	convergence norms :     INITIAL         CURRENT         REQUIRED
	   residual            1.455895e-08    2.063538e-14    0.000000e+00 
	   energy              6.694271e-09    3.373098e-14    6.694271e-11 
	   displacement        9.313232e-09    9.164635e-13    7.633658e-15 
 4
 Nonlinear solution status: time= 1.8
	stiffness updates             = 3
	right hand side evaluations   = 5
	stiffness matrix reformations = 1
	step from line search         = 1.000000
	convergence norms :     INITIAL         CURRENT         REQUIRED
	   residual            1.455895e-08    3.936248e-17    0.000000e+00 
	   energy              6.694271e-09    5.399563e-17    6.694271e-11 
	   displacement        9.313232e-09    3.956689e-15    7.636798e-15 

convergence summary
    number of iterations   : 4
    number of reformations : 1

------- converged at time : 1.8


AUTO STEPPER: increasing time step, dt = 0.01


===== beginning time step 137 : 1.81 =====


Reforming stiffness matrix: reformation #1

 1
 Nonlinear solution status: time= 1.81
	stiffness updates             = 0
	right hand side evaluations   = 2
	stiffness matrix reformations = 1
	step from line search         = 1.000000
	convergence norms :     INITIAL         CURRENT         REQUIRED
	   residual            3.661644e-09    1.506403e-10    0.000000e+00 
	   energy              6.093080e-09    6.948195e-10    6.093080e-11 
	   displacement        2.990154e-08    2.990154e-08    2.990154e-14 
 2
 Nonlinear solution status: time= 1.81
	stiffness updates             = 1
	right hand side evaluations   = 3
	stiffness matrix reformations = 1
	step from line search         = 1.000000
	convergence norms :     INITIAL         CURRENT         REQUIRED
	   residual            3.661644e-09    2.648938e-13    0.000000e+00 
	   energy              6.093080e-09    9.924583e-13    6.093080e-11 
	   displacement        2.990154e-08    4.357640e-10    2.340455e-14 
 3
 Nonlinear solution status: time= 1.81
	stiffness updates             = 2
	right hand side evaluations   = 4
	stiffness matrix reformations = 1
	step from line search         = 1.000000
	convergence norms :     INITIAL         CURRENT         REQUIRED
	   residual            3.661644e-09    2.148657e-15    0.000000e+00 
	   energy              6.093080e-09    1.091918e-14    6.093080e-11 
	   displacement        2.990154e-08    5.362219e-13    2.347106e-14 
 4
 Nonlinear solution status: time= 1.81
	stiffness updates             = 3
	right hand side evaluations   = 5
	stiffness matrix reformations = 1
	step from line search         = 1.000000
	convergence norms :     INITIAL         CURRENT         REQUIRED
	   residual            3.661644e-09    4.880465e-19    0.000000e+00 
	   energy              6.093080e-09    3.043038e-18    6.093080e-11 
	   displacement        2.990154e-08    3.834705e-15    2.347195e-14 

convergence summary
    number of iterations   : 4
    number of reformations : 1

------- converged at time : 1.81


AUTO STEPPER: increasing time step, dt = 0.01


===== beginning time step 138 : 1.82 =====


Reforming stiffness matrix: reformation #1

 1
 Nonlinear solution status: time= 1.82
	stiffness updates             = 0
	right hand side evaluations   = 2
	stiffness matrix reformations = 1
	step from line search         = 1.000000
	convergence norms :     INITIAL         CURRENT         REQUIRED
	   residual            2.462926e-09    1.020999e-10    0.000000e+00 
	   energy              4.101841e-09    4.688382e-10    4.101841e-11 
	   displacement        2.020677e-08    2.020677e-08    2.020677e-14 
 2
 Nonlinear solution status: time= 1.82
	stiffness updates             = 1
	right hand side evaluations   = 3
	stiffness matrix reformations = 1
	step from line search         = 1.000000
	convergence norms :     INITIAL         CURRENT         REQUIRED
	   residual            2.462926e-09    1.771840e-13    0.000000e+00 
	   energy              4.101841e-09    6.633795e-13    4.101841e-11 
	   displacement        2.020677e-08    2.950299e-10    1.580977e-14 
 3
 Nonlinear solution status: time= 1.82
	stiffness updates             = 2
	right hand side evaluations   = 4
	stiffness matrix reformations = 1
	step from line search         = 1.000000
	convergence norms :     INITIAL         CURRENT         REQUIRED
	   residual            2.462926e-09    1.432865e-15    0.000000e+00 
	   energy              4.101841e-09    7.256939e-15    4.101841e-11 
	   displacement        2.020677e-08    3.555577e-13    1.585427e-14 
 4
 Nonlinear solution status: time= 1.82
	stiffness updates             = 3
	right hand side evaluations   = 5
	stiffness matrix reformations = 1
	step from line search         = 1.000000
	convergence norms :     INITIAL         CURRENT         REQUIRED
	   residual            2.462926e-09    3.564057e-19    0.000000e+00 
	   energy              4.101841e-09    2.119761e-18    4.101841e-11 
	   displacement        2.020677e-08    2.550925e-15    1.585487e-14 

convergence summary
    number of iterations   : 4
    number of reformations : 1

------- converged at time : 1.82


AUTO STEPPER: increasing time step, dt = 0.01

MUST POINT CONTROLLER: adjusting time step. dt = 0.005


===== beginning time step 139 : 1.825 =====


Reforming stiffness matrix: reformation #1

 1
 Nonlinear solution status: time= 1.825
	stiffness updates             = 0
	right hand side evaluations   = 2
	stiffness matrix reformations = 1
	step from line search         = 1.000000
	convergence norms :     INITIAL         CURRENT         REQUIRED
	   residual            5.303315e-09    2.450678e-10    0.000000e+00 
	   energy              2.445683e-09    1.965988e-10    2.445683e-11 
	   displacement        3.441657e-09    3.441657e-09    3.441657e-15 
 2
 Nonlinear solution status: time= 1.825
	stiffness updates             = 1
	right hand side evaluations   = 3
	stiffness matrix reformations = 1
	step from line search         = 1.000000
	convergence norms :     INITIAL         CURRENT         REQUIRED
	   residual            5.303315e-09    1.502362e-12    0.000000e+00 
	   energy              2.445683e-09    1.185845e-12    2.445683e-11 
	   displacement        3.441657e-09    4.725079e-11    2.797494e-15 
 3
 Nonlinear solution status: time= 1.825
	stiffness updates             = 2
	right hand side evaluations   = 4
	stiffness matrix reformations = 1
	step from line search         = 1.000000
	convergence norms :     INITIAL         CURRENT         REQUIRED
	   residual            5.303315e-09    7.546628e-15    0.000000e+00 
	   energy              2.445683e-09    1.212335e-14    2.445683e-11 
	   displacement        3.441657e-09    3.243094e-13    2.816120e-15 
 4
 Nonlinear solution status: time= 1.825
	stiffness updates             = 3
	right hand side evaluations   = 5
	stiffness matrix reformations = 1
	step from line search         = 1.000000
	convergence norms :     INITIAL         CURRENT         REQUIRED
	   residual            5.303315e-09    1.581687e-17    0.000000e+00 
	   energy              2.445683e-09    2.020708e-17    2.445683e-11 
	   displacement        3.441657e-09    1.445133e-15    2.817271e-15 

convergence summary
    number of iterations   : 4
    number of reformations : 1

------- converged at time : 1.825


AUTO STEPPER: increasing time step, dt = 0.01


===== beginning time step 140 : 1.835 =====


Reforming stiffness matrix: reformation #1

 1
 Nonlinear solution status: time= 1.835
	stiffness updates             = 0
	right hand side evaluations   = 2
	stiffness matrix reformations = 1
	step from line search         = 1.000000
	convergence norms :     INITIAL         CURRENT         REQUIRED
	   residual            1.209861e-09    5.095387e-11    0.000000e+00 
	   energy              2.018442e-09    2.318057e-10    2.018442e-11 
	   displacement        1.002044e-08    1.002044e-08    1.002044e-14 
 2
 Nonlinear solution status: time= 1.835
	stiffness updates             = 1
	right hand side evaluations   = 3
	stiffness matrix reformations = 1
	step from line search         = 1.000000
	convergence norms :     INITIAL         CURRENT         REQUIRED
	   residual            1.209861e-09    8.603208e-14    0.000000e+00 
	   energy              2.018442e-09    3.219935e-13    2.018442e-11 
	   displacement        1.002044e-08    1.469297e-10    7.833021e-15 
 3
 Nonlinear solution status: time= 1.835
	stiffness updates             = 2
	right hand side evaluations   = 4
	stiffness matrix reformations = 1
	step from line search         = 1.000000
	convergence norms :     INITIAL         CURRENT         REQUIRED
	   residual            1.209861e-09    6.894997e-16    0.000000e+00 
	   energy              2.018442e-09    3.473672e-15    2.018442e-11 
	   displacement        1.002044e-08    1.695200e-13    7.854680e-15 
 4
 Nonlinear solution status: time= 1.835
	stiffness updates             = 3
	right hand side evaluations   = 5
	stiffness matrix reformations = 1
	step from line search         = 1.000000
	convergence norms :     INITIAL         CURRENT         REQUIRED
	   residual            1.209861e-09    2.013509e-19    0.000000e+00 
	   energy              2.018442e-09    1.107729e-18    2.018442e-11 
	   displacement        1.002044e-08    1.220399e-15    7.854979e-15 

convergence summary
    number of iterations   : 4
    number of reformations : 1

------- converged at time : 1.835


AUTO STEPPER: increasing time step, dt = 0.01


===== beginning time step 141 : 1.845 =====


Reforming stiffness matrix: reformation #1

 1
 Nonlinear solution status: time= 1.845
	stiffness updates             = 0
	right hand side evaluations   = 2
	stiffness matrix reformations = 1
	step from line search         = 1.000000
	convergence norms :     INITIAL         CURRENT         REQUIRED
	   residual            6.830067e-10    2.915535e-11    0.000000e+00 
	   energy              1.141203e-09    1.315924e-10    1.141203e-11 
	   displacement        5.701622e-09    5.701622e-09    5.701622e-15 
 2
 Nonlinear solution status: time= 1.845
	stiffness updates             = 1
	right hand side evaluations   = 3
	stiffness matrix reformations = 1
	step from line search         = 1.000000
	convergence norms :     INITIAL         CURRENT         REQUIRED
	   residual            6.830067e-10    4.811118e-14    0.000000e+00 
	   energy              1.141203e-09    1.801615e-13    1.141203e-11 
	   displacement        5.701622e-09    8.394180e-11    4.453442e-15 
 3
 Nonlinear solution status: time= 1.845
	stiffness updates             = 2
	right hand side evaluations   = 4
	stiffness matrix reformations = 1
	step from line search         = 1.000000
	convergence norms :     INITIAL         CURRENT         REQUIRED
	   residual            6.830067e-10    3.818364e-16    0.000000e+00 
	   energy              1.141203e-09    1.918003e-15    1.141203e-11 
	   displacement        5.701622e-09    9.334128e-14    4.465589e-15 
 4
 Nonlinear solution status: time= 1.845
	stiffness updates             = 3
	right hand side evaluations   = 5
	stiffness matrix reformations = 1
	step from line search         = 1.000000
	convergence norms :     INITIAL         CURRENT         REQUIRED
	   residual            6.830067e-10    1.243093e-19    0.000000e+00 
	   energy              1.141203e-09    6.515505e-19    1.141203e-11 
	   displacement        5.701622e-09    6.720731e-16    4.465758e-15 

convergence summary
    number of iterations   : 4
    number of reformations : 1

------- converged at time : 1.845


AUTO STEPPER: increasing time step, dt = 0.01

MUST POINT CONTROLLER: adjusting time step. dt = 0.005


===== beginning time step 142 : 1.85 =====


Reforming stiffness matrix: reformation #1

 1
 Nonlinear solution status: time= 1.85
	stiffness updates             = 0
	right hand side evaluations   = 2
	stiffness matrix reformations = 1
	step from line search         = 1.000000
	convergence norms :     INITIAL         CURRENT         REQUIRED
	   residual            1.205970e-09    5.834444e-11    0.000000e+00 
	   energy              5.595369e-10    4.590513e-11    5.595369e-12 
	   displacement        8.040795e-10    8.040795e-10    8.040795e-16 
 2
 Nonlinear solution status: time= 1.85
	stiffness updates             = 1
	right hand side evaluations   = 3
	stiffness matrix reformations = 1
	step from line search         = 1.000000
	convergence norms :     INITIAL         CURRENT         REQUIRED
	   residual            1.205970e-09    3.406123e-13    0.000000e+00 
	   energy              5.595369e-10    2.697085e-13    5.595369e-12 
	   displacement        8.040795e-10    1.122850e-11    6.511356e-16 
 3
 Nonlinear solution status: time= 1.85
	stiffness updates             = 2
	right hand side evaluations   = 4
	stiffness matrix reformations = 1
	step from line search         = 1.000000
	convergence norms :     INITIAL         CURRENT         REQUIRED
	   residual            1.205970e-09    1.703157e-15    0.000000e+00 
	   energy              5.595369e-10    2.702735e-15    5.595369e-12 
	   displacement        8.040795e-10    7.115693e-14    6.554102e-16 
 4
 Nonlinear solution status: time= 1.85
	stiffness updates             = 3
	right hand side evaluations   = 5
	stiffness matrix reformations = 1
	step from line search         = 1.000000
	convergence norms :     INITIAL         CURRENT         REQUIRED
	   residual            1.205970e-09    3.927475e-18    0.000000e+00 
	   energy              5.595369e-10    4.662885e-18    5.595369e-12 
	   displacement        8.040795e-10    3.242832e-16    6.556725e-16 

convergence summary
    number of iterations   : 4
    number of reformations : 1

------- converged at time : 1.85


AUTO STEPPER: increasing time step, dt = 0.01


===== beginning time step 143 : 1.86 =====


Reforming stiffness matrix: reformation #1

 1
 Nonlinear solution status: time= 1.86
	stiffness updates             = 0
	right hand side evaluations   = 2
	stiffness matrix reformations = 1
	step from line search         = 1.000000
	convergence norms :     INITIAL         CURRENT         REQUIRED
	   residual            2.182108e-10    9.581515e-12    0.000000e+00 
	   energy              3.656669e-10    4.251692e-11    3.656669e-12 
	   displacement        1.851588e-09    1.851588e-09    1.851588e-15 
 2
 Nonlinear solution status: time= 1.86
	stiffness updates             = 1
	right hand side evaluations   = 3
	stiffness matrix reformations = 1
	step from line search         = 1.000000
	convergence norms :     INITIAL         CURRENT         REQUIRED
	   residual            2.182108e-10    1.500351e-14    0.000000e+00 
	   energy              3.656669e-10    5.631319e-14    3.656669e-12 
	   displacement        1.851588e-09    2.747781e-11    1.443918e-15 
 3
 Nonlinear solution status: time= 1.86
	stiffness updates             = 2
	right hand side evaluations   = 4
	stiffness matrix reformations = 1
	step from line search         = 1.000000
	convergence norms :     INITIAL         CURRENT         REQUIRED
	   residual            2.182108e-10    1.164169e-16    0.000000e+00 
	   energy              3.656669e-10    5.808691e-16    3.656669e-12 
	   displacement        1.851588e-09    2.811923e-14    1.447736e-15 
 4
 Nonlinear solution status: time= 1.86
	stiffness updates             = 3
	right hand side evaluations   = 5
	stiffness matrix reformations = 1
	step from line search         = 1.000000
	convergence norms :     INITIAL         CURRENT         REQUIRED
	   residual            2.182108e-10    4.684480e-20    0.000000e+00 
	   energy              3.656669e-10    2.255714e-19    3.656669e-12 
	   displacement        1.851588e-09    2.022058e-16    1.447789e-15 

convergence summary
    number of iterations   : 4
    number of reformations : 1

------- converged at time : 1.86


AUTO STEPPER: increasing time step, dt = 0.01


===== beginning time step 144 : 1.87 =====


Reforming stiffness matrix: reformation #1

 1
 Nonlinear solution status: time= 1.87
	stiffness updates             = 0
	right hand side evaluations   = 2
	stiffness matrix reformations = 1
	step from line search         = 1.000000
	convergence norms :     INITIAL         CURRENT         REQUIRED
	   residual            7.362987e-11    3.313038e-12    0.000000e+00 
	   energy              1.235592e-10    1.445916e-11    1.235592e-12 
	   displacement        6.331592e-10    6.331592e-10    6.331592e-16 
 2
 Nonlinear solution status: time= 1.87
	stiffness updates             = 1
	right hand side evaluations   = 3
	stiffness matrix reformations = 1
	step from line search         = 1.000000
	convergence norms :     INITIAL         CURRENT         REQUIRED
	   residual            7.362987e-11    4.901329e-15    0.000000e+00 
	   energy              1.235592e-10    1.844588e-14    1.235592e-12 
	   displacement        6.331592e-10    9.438429e-12    4.932015e-16 
 3
 Nonlinear solution status: time= 1.87
	stiffness updates             = 2
	right hand side evaluations   = 4
	stiffness matrix reformations = 1
	step from line search         = 1.000000
	convergence norms :     INITIAL         CURRENT         REQUIRED
	   residual            7.362987e-11    3.719179e-17    0.000000e+00 
	   energy              1.235592e-10    1.837834e-16    1.235592e-12 
	   displacement        6.331592e-10    8.862985e-15    4.944597e-16 
 4
 Nonlinear solution status: time= 1.87
	stiffness updates             = 3
	right hand side evaluations   = 5
	stiffness matrix reformations = 1
	step from line search         = 1.000000
	convergence norms :     INITIAL         CURRENT         REQUIRED
	   residual            7.362987e-11    1.830687e-20    0.000000e+00 
	   energy              1.235592e-10    8.196121e-20    1.235592e-12 
	   displacement        6.331592e-10    6.366006e-17    4.944773e-16 

convergence summary
    number of iterations   : 4
    number of reformations : 1

------- converged at time : 1.87


AUTO STEPPER: increasing time step, dt = 0.01

MUST POINT CONTROLLER: adjusting time step. dt = 0.005


===== beginning time step 145 : 1.875 =====


Reforming stiffness matrix: reformation #1

 1
 Nonlinear solution status: time= 1.875
	stiffness updates             = 0
	right hand side evaluations   = 2
	stiffness matrix reformations = 1
	step from line search         = 1.000000
	convergence norms :     INITIAL         CURRENT         REQUIRED
	   residual            6.031654e-11    3.192993e-12    0.000000e+00 
	   energy              2.840335e-11    2.426033e-12    2.840335e-13 
	   displacement        4.264627e-11    4.264627e-11    4.264627e-17 
 2
 Nonlinear solution status: time= 1.875
	stiffness updates             = 1
	right hand side evaluations   = 3
	stiffness matrix reformations = 1
	step from line search         = 1.000000
	convergence norms :     INITIAL         CURRENT         REQUIRED
	   residual            6.031654e-11    1.621674e-14    0.000000e+00 
	   energy              2.840335e-11    1.302021e-14    2.840335e-13 
	   displacement        4.264627e-11    6.069857e-13    3.433238e-17 
 3
 Nonlinear solution status: time= 1.875
	stiffness updates             = 2
	right hand side evaluations   = 4
	stiffness matrix reformations = 1
	step from line search         = 1.000000
	convergence norms :     INITIAL         CURRENT         REQUIRED
	   residual            6.031654e-11    8.251715e-17    0.000000e+00 
	   energy              2.840335e-11    1.254240e-16    2.840335e-13 
	   displacement        4.264627e-11    3.202043e-15    3.454586e-17 
 4
 Nonlinear solution status: time= 1.875
	stiffness updates             = 3
	right hand side evaluations   = 5
	stiffness matrix reformations = 1
	step from line search         = 1.000000
	convergence norms :     INITIAL         CURRENT         REQUIRED
	   residual            6.031654e-11    1.810551e-19    0.000000e+00 
	   energy              2.840335e-11    2.021374e-19    2.840335e-13 
	   displacement        4.264627e-11    1.474413e-17    3.455811e-17 

convergence summary
    number of iterations   : 4
    number of reformations : 1

------- converged at time : 1.875


AUTO STEPPER: increasing time step, dt = 0.01


===== beginning time step 146 : 1.885 =====


Reforming stiffness matrix: reformation #1

 1
 Nonlinear solution status: time= 1.885
	stiffness updates             = 0
	right hand side evaluations   = 2
	stiffness matrix reformations = 1
	step from line search         = 1.000000
	convergence norms :     INITIAL         CURRENT         REQUIRED
	   residual            6.883841e-12    2.364478e-13    0.000000e+00 
	   energy              1.080020e-11    1.134558e-12    1.080020e-13 
	   displacement        4.939281e-11    4.939281e-11    4.939281e-17 
 2
 Nonlinear solution status: time= 1.885
	stiffness updates             = 1
	right hand side evaluations   = 3
	stiffness matrix reformations = 1
	step from line search         = 1.000000
	convergence norms :     INITIAL         CURRENT         REQUIRED
	   residual            6.883841e-12    3.585191e-16    0.000000e+00 
	   energy              1.080020e-11    1.344305e-15    1.080020e-13 
	   displacement        4.939281e-11    6.081827e-13    3.949139e-17 
 3
 Nonlinear solution status: time= 1.885
	stiffness updates             = 2
	right hand side evaluations   = 4
	stiffness matrix reformations = 1
	step from line search         = 1.000000
	convergence norms :     INITIAL         CURRENT         REQUIRED
	   residual            6.883841e-12    2.984331e-18    0.000000e+00 
	   energy              1.080020e-11    1.477421e-17    1.080020e-13 
	   displacement        4.939281e-11    7.475023e-16    3.958578e-17 
 4
 Nonlinear solution status: time= 1.885
	stiffness updates             = 3
	right hand side evaluations   = 5
	stiffness matrix reformations = 1
	step from line search         = 1.000000
	convergence norms :     INITIAL         CURRENT         REQUIRED
	   residual            6.883841e-12    6.558319e-22    0.000000e+00 
	   energy              1.080020e-11    3.862635e-21    1.080020e-13 
	   displacement        4.939281e-11    5.544876e-18    3.958654e-17 

convergence summary
    number of iterations   : 4
    number of reformations : 1

------- converged at time : 1.885


AUTO STEPPER: increasing time step, dt = 0.01


===== beginning time step 147 : 1.895 =====


Reforming stiffness matrix: reformation #1

 1
 Nonlinear solution status: time= 1.895
	stiffness updates             = 0
	right hand side evaluations   = 2
	stiffness matrix reformations = 1
	step from line search         = 1.000000
	convergence norms :     INITIAL         CURRENT         REQUIRED
	   residual            2.251471e-11    7.997604e-13    0.000000e+00 
	   energy              3.634520e-11    3.936376e-12    3.634520e-13 
	   displacement        1.675930e-10    1.675930e-10    1.675930e-16 
 2
 Nonlinear solution status: time= 1.895
	stiffness updates             = 1
	right hand side evaluations   = 3
	stiffness matrix reformations = 1
	step from line search         = 1.000000
	convergence norms :     INITIAL         CURRENT         REQUIRED
	   residual            2.251471e-11    1.581712e-15    0.000000e+00 
	   energy              3.634520e-11    5.776147e-15    3.634520e-13 
	   displacement        1.675930e-10    2.248388e-12    1.328076e-16 
 3
 Nonlinear solution status: time= 1.895
	stiffness updates             = 2
	right hand side evaluations   = 4
	stiffness matrix reformations = 1
	step from line search         = 1.000000
	convergence norms :     INITIAL         CURRENT         REQUIRED
	   residual            2.251471e-11    1.443442e-17    0.000000e+00 
	   energy              3.634520e-11    7.132403e-17    3.634520e-13 
	   displacement        1.675930e-10    3.546702e-15    1.331866e-16 
 4
 Nonlinear solution status: time= 1.895
	stiffness updates             = 3
	right hand side evaluations   = 5
	stiffness matrix reformations = 1
	step from line search         = 1.000000
	convergence norms :     INITIAL         CURRENT         REQUIRED
	   residual            2.251471e-11    2.788237e-21    0.000000e+00 
	   energy              3.634520e-11    1.841430e-20    3.634520e-13 
	   displacement        1.675930e-10    2.776422e-17    1.331921e-16 

convergence summary
    number of iterations   : 4
    number of reformations : 1

------- converged at time : 1.895


AUTO STEPPER: increasing time step, dt = 0.01

MUST POINT CONTROLLER: adjusting time step. dt = 0.005


===== beginning time step 148 : 1.9 =====


Reforming stiffness matrix: reformation #1

 1
 Nonlinear solution status: time= 1.9
	stiffness updates             = 0
	right hand side evaluations   = 2
	stiffness matrix reformations = 1
	step from line search         = 1.000000
	convergence norms :     INITIAL         CURRENT         REQUIRED
	   residual            1.627226e-10    6.916300e-12    0.000000e+00 
	   energy              7.423773e-11    5.754354e-12    7.423773e-13 
	   displacement        1.009856e-10    1.009856e-10    1.009856e-16 
 2
 Nonlinear solution status: time= 1.9
	stiffness updates             = 1
	right hand side evaluations   = 3
	stiffness matrix reformations = 1
	step from line search         = 1.000000
	convergence norms :     INITIAL         CURRENT         REQUIRED
	   residual            1.627226e-10    4.511758e-14    0.000000e+00 
	   energy              7.423773e-11    3.524193e-14    7.423773e-13 
	   displacement        1.009856e-10    1.323469e-12    8.273204e-17 
 3
 Nonlinear solution status: time= 1.9
	stiffness updates             = 2
	right hand side evaluations   = 4
	stiffness matrix reformations = 1
	step from line search         = 1.000000
	convergence norms :     INITIAL         CURRENT         REQUIRED
	   residual            1.627226e-10    2.369616e-16    0.000000e+00 
	   energy              7.423773e-11    3.776154e-16    7.423773e-13 
	   displacement        1.009856e-10    1.021087e-14    8.327776e-17 
 4
 Nonlinear solution status: time= 1.9
	stiffness updates             = 3
	right hand side evaluations   = 5
	stiffness matrix reformations = 1
	step from line search         = 1.000000
	convergence norms :     INITIAL         CURRENT         REQUIRED
	   residual            1.627226e-10    4.106386e-19    0.000000e+00 
	   energy              7.423773e-11    5.942658e-19    7.423773e-13 
	   displacement        1.009856e-10    4.537040e-17    8.331251e-17 

convergence summary
    number of iterations   : 4
    number of reformations : 1

------- converged at time : 1.9


AUTO STEPPER: increasing time step, dt = 0.01


===== beginning time step 149 : 1.91 =====


Reforming stiffness matrix: reformation #1

 1
 Nonlinear solution status: time= 1.91
	stiffness updates             = 0
	right hand side evaluations   = 2
	stiffness matrix reformations = 1
	step from line search         = 1.000000
	convergence norms :     INITIAL         CURRENT         REQUIRED
	   residual            8.481017e-11    3.405005e-12    0.000000e+00 
	   energy              1.401057e-10    1.583250e-11    1.401057e-12 
	   displacement        6.805629e-10    6.805629e-10    6.805629e-16 
 2
 Nonlinear solution status: time= 1.91
	stiffness updates             = 1
	right hand side evaluations   = 3
	stiffness matrix reformations = 1
	step from line search         = 1.000000
	convergence norms :     INITIAL         CURRENT         REQUIRED
	   residual            8.481017e-11    6.150713e-15    0.000000e+00 
	   energy              1.401057e-10    2.276052e-14    1.401057e-12 
	   displacement        6.805629e-10    9.776288e-12    5.338514e-16 
 3
 Nonlinear solution status: time= 1.91
	stiffness updates             = 2
	right hand side evaluations   = 4
	stiffness matrix reformations = 1
	step from line search         = 1.000000
	convergence norms :     INITIAL         CURRENT         REQUIRED
	   residual            8.481017e-11    5.066987e-17    0.000000e+00 
	   energy              1.401057e-10    2.563105e-16    1.401057e-12 
	   displacement        6.805629e-10    1.260156e-14    5.353701e-16 
 4
 Nonlinear solution status: time= 1.91
	stiffness updates             = 3
	right hand side evaluations   = 5
	stiffness matrix reformations = 1
	step from line search         = 1.000000
	convergence norms :     INITIAL         CURRENT         REQUIRED
	   residual            8.481017e-11    1.167319e-20    0.000000e+00 
	   energy              1.401057e-10    7.217186e-20    1.401057e-12 
	   displacement        6.805629e-10    9.212121e-17    5.353912e-16 

convergence summary
    number of iterations   : 4
    number of reformations : 1

------- converged at time : 1.91


AUTO STEPPER: increasing time step, dt = 0.01


===== beginning time step 150 : 1.92 =====


Reforming stiffness matrix: reformation #1

 1
 Nonlinear solution status: time= 1.92
	stiffness updates             = 0
	right hand side evaluations   = 2
	stiffness matrix reformations = 1
	step from line search         = 1.000000
	convergence norms :     INITIAL         CURRENT         REQUIRED
	   residual            1.285501e-10    5.297327e-12    0.000000e+00 
	   energy              2.133309e-10    2.432017e-11    2.133309e-12 
	   displacement        1.047906e-09    1.047906e-09    1.047906e-15 
 2
 Nonlinear solution status: time= 1.92
	stiffness updates             = 1
	right hand side evaluations   = 3
	stiffness matrix reformations = 1
	step from line search         = 1.000000
	convergence norms :     INITIAL         CURRENT         REQUIRED
	   residual            1.285501e-10    9.301636e-15    0.000000e+00 
	   energy              2.133309e-10    3.455891e-14    2.133309e-12 
	   displacement        1.047906e-09    1.524402e-11    8.203506e-16 
 3
 Nonlinear solution status: time= 1.92
	stiffness updates             = 2
	right hand side evaluations   = 4
	stiffness matrix reformations = 1
	step from line search         = 1.000000
	convergence norms :     INITIAL         CURRENT         REQUIRED
	   residual            1.285501e-10    7.485426e-17    0.000000e+00 
	   energy              2.133309e-10    3.802894e-16    2.133309e-12 
	   displacement        1.047906e-09    1.863996e-14    8.226653e-16 
 4
 Nonlinear solution status: time= 1.92
	stiffness updates             = 3
	right hand side evaluations   = 5
	stiffness matrix reformations = 1
	step from line search         = 1.000000
	convergence norms :     INITIAL         CURRENT         REQUIRED
	   residual            1.285501e-10    1.858264e-20    0.000000e+00 
	   energy              2.133309e-10    1.110735e-19    2.133309e-12 
	   displacement        1.047906e-09    1.343960e-16    8.226972e-16 

convergence summary
    number of iterations   : 4
    number of reformations : 1

------- converged at time : 1.92


AUTO STEPPER: increasing time step, dt = 0.01

MUST POINT CONTROLLER: adjusting time step. dt = 0.005


===== beginning time step 151 : 1.925 =====


Reforming stiffness matrix: reformation #1

 1
 Nonlinear solution status: time= 1.925
	stiffness updates             = 0
	right hand side evaluations   = 2
	stiffness matrix reformations = 1
	step from line search         = 1.000000
	convergence norms :     INITIAL         CURRENT         REQUIRED
	   residual            4.969780e-10    2.287221e-11    0.000000e+00 
	   energy              2.288292e-10    1.836857e-11    2.288292e-12 
	   displacement        3.214482e-10    3.214482e-10    3.214482e-16 
 2
 Nonlinear solution status: time= 1.925
	stiffness updates             = 1
	right hand side evaluations   = 3
	stiffness matrix reformations = 1
	step from line search         = 1.000000
	convergence norms :     INITIAL         CURRENT         REQUIRED
	   residual            4.969780e-10    1.417631e-13    0.000000e+00 
	   energy              2.288292e-10    1.118791e-13    2.288292e-12 
	   displacement        3.214482e-10    4.422444e-12    2.612882e-16 
 3
 Nonlinear solution status: time= 1.925
	stiffness updates             = 2
	right hand side evaluations   = 4
	stiffness matrix reformations = 1
	step from line search         = 1.000000
	convergence norms :     INITIAL         CURRENT         REQUIRED
	   residual            4.969780e-10    7.032050e-16    0.000000e+00 
	   energy              2.288292e-10    1.141797e-15    2.288292e-12 
	   displacement        3.214482e-10    3.070833e-14    2.630419e-16 
 4
 Nonlinear solution status: time= 1.925
	stiffness updates             = 3
	right hand side evaluations   = 5
	stiffness matrix reformations = 1
	step from line search         = 1.000000
	convergence norms :     INITIAL         CURRENT         REQUIRED
	   residual            4.969780e-10    1.447764e-18    0.000000e+00 
	   energy              2.288292e-10    1.888114e-18    2.288292e-12 
	   displacement        3.214482e-10    1.353988e-16    2.631501e-16 

convergence summary
    number of iterations   : 4
    number of reformations : 1

------- converged at time : 1.925


AUTO STEPPER: increasing time step, dt = 0.01


===== beginning time step 152 : 1.935 =====


Reforming stiffness matrix: reformation #1

 1
 Nonlinear solution status: time= 1.935
	stiffness updates             = 0
	right hand side evaluations   = 2
	stiffness matrix reformations = 1
	step from line search         = 1.000000
	convergence norms :     INITIAL         CURRENT         REQUIRED
	   residual            1.838358e-10    7.725980e-12    0.000000e+00 
	   energy              3.061302e-10    3.513070e-11    3.061302e-12 
	   displacement        1.516181e-09    1.516181e-09    1.516181e-15 
 2
 Nonlinear solution status: time= 1.935
	stiffness updates             = 1
	right hand side evaluations   = 3
	stiffness matrix reformations = 1
	step from line search         = 1.000000
	convergence norms :     INITIAL         CURRENT         REQUIRED
	   residual            1.838358e-10    1.326987e-14    0.000000e+00 
	   energy              3.061302e-10    4.947953e-14    3.061302e-12 
	   displacement        1.516181e-09    2.226627e-11    1.185135e-15 
 3
 Nonlinear solution status: time= 1.935
	stiffness updates             = 2
	right hand side evaluations   = 4
	stiffness matrix reformations = 1
	step from line search         = 1.000000
	convergence norms :     INITIAL         CURRENT         REQUIRED
	   residual            1.838358e-10    1.047467e-16    0.000000e+00 
	   energy              3.061302e-10    5.344193e-16    3.061302e-12 
	   displacement        1.516181e-09    2.614196e-14    1.188459e-15 
 4
 Nonlinear solution status: time= 1.935
	stiffness updates             = 3
	right hand side evaluations   = 5
	stiffness matrix reformations = 1
	step from line search         = 1.000000
	convergence norms :     INITIAL         CURRENT         REQUIRED
	   residual            1.838358e-10    2.729277e-20    0.000000e+00 
	   energy              3.061302e-10    1.596897e-19    3.061302e-12 
	   displacement        1.516181e-09    1.861829e-16    1.188504e-15 

convergence summary
    number of iterations   : 4
    number of reformations : 1

------- converged at time : 1.935


AUTO STEPPER: increasing time step, dt = 0.01


===== beginning time step 153 : 1.945 =====


Reforming stiffness matrix: reformation #1

 1
 Nonlinear solution status: time= 1.945
	stiffness updates             = 0
	right hand side evaluations   = 2
	stiffness matrix reformations = 1
	step from line search         = 1.000000
	convergence norms :     INITIAL         CURRENT         REQUIRED
	   residual            2.041208e-10    8.633662e-12    0.000000e+00 
	   energy              3.403175e-10    3.913908e-11    3.403175e-12 
	   displacement        1.689708e-09    1.689708e-09    1.689708e-15 
 2
 Nonlinear solution status: time= 1.945
	stiffness updates             = 1
	right hand side evaluations   = 3
	stiffness matrix reformations = 1
	step from line search         = 1.000000
	convergence norms :     INITIAL         CURRENT         REQUIRED
	   residual            2.041208e-10    1.473289e-14    0.000000e+00 
	   energy              3.403175e-10    5.502755e-14    3.403175e-12 
	   displacement        1.689708e-09    2.489975e-11    1.320076e-15 
 3
 Nonlinear solution status: time= 1.945
	stiffness updates             = 2
	right hand side evaluations   = 4
	stiffness matrix reformations = 1
	step from line search         = 1.000000
	convergence norms :     INITIAL         CURRENT         REQUIRED
	   residual            2.041208e-10    1.154180e-16    0.000000e+00 
	   energy              3.403175e-10    5.903993e-16    3.403175e-12 
	   displacement        1.689708e-09    2.887269e-14    1.323776e-15 
 4
 Nonlinear solution status: time= 1.945
	stiffness updates             = 3
	right hand side evaluations   = 5
	stiffness matrix reformations = 1
	step from line search         = 1.000000
	convergence norms :     INITIAL         CURRENT         REQUIRED
	   residual            2.041208e-10    3.018721e-20    0.000000e+00 
	   energy              3.403175e-10    1.763135e-19    3.403175e-12 
	   displacement        1.689708e-09    2.043809e-16    1.323826e-15 

convergence summary
    number of iterations   : 4
    number of reformations : 1

------- converged at time : 1.945


AUTO STEPPER: increasing time step, dt = 0.01

MUST POINT CONTROLLER: adjusting time step. dt = 0.005


===== beginning time step 154 : 1.95 =====


Reforming stiffness matrix: reformation #1

 1
 Nonlinear solution status: time= 1.95
	stiffness updates             = 0
	right hand side evaluations   = 2
	stiffness matrix reformations = 1
	step from line search         = 1.000000
	convergence norms :     INITIAL         CURRENT         REQUIRED
	   residual            6.595302e-10    3.090605e-11    0.000000e+00 
	   energy              3.043320e-10    2.462758e-11    3.043320e-12 
	   displacement        4.304173e-10    4.304173e-10    4.304173e-16 
 2
 Nonlinear solution status: time= 1.95
	stiffness updates             = 1
	right hand side evaluations   = 3
	stiffness matrix reformations = 1
	step from line search         = 1.000000
	convergence norms :     INITIAL         CURRENT         REQUIRED
	   residual            6.595302e-10    1.895866e-13    0.000000e+00 
	   energy              3.043320e-10    1.502955e-13    3.043320e-12 
	   displacement        4.304173e-10    5.998985e-12    3.491869e-16 
 3
 Nonlinear solution status: time= 1.95
	stiffness updates             = 2
	right hand side evaluations   = 4
	stiffness matrix reformations = 1
	step from line search         = 1.000000
	convergence norms :     INITIAL         CURRENT         REQUIRED
	   residual            6.595302e-10    9.224665e-16    0.000000e+00 
	   energy              3.043320e-10    1.513246e-15    3.043320e-12 
	   displacement        4.304173e-10    4.079981e-14    3.515508e-16 
 4
 Nonlinear solution status: time= 1.95
	stiffness updates             = 3
	right hand side evaluations   = 5
	stiffness matrix reformations = 1
	step from line search         = 1.000000
	convergence norms :     INITIAL         CURRENT         REQUIRED
	   residual            6.595302e-10    1.933778e-18    0.000000e+00 
	   energy              3.043320e-10    2.498178e-18    3.043320e-12 
	   displacement        4.304173e-10    1.777121e-16    3.516943e-16 

convergence summary
    number of iterations   : 4
    number of reformations : 1

------- converged at time : 1.95


AUTO STEPPER: increasing time step, dt = 0.01


===== beginning time step 155 : 1.96 =====


Reforming stiffness matrix: reformation #1

 1
 Nonlinear solution status: time= 1.96
	stiffness updates             = 0
	right hand side evaluations   = 2
	stiffness matrix reformations = 1
	step from line search         = 1.000000
	convergence norms :     INITIAL         CURRENT         REQUIRED
	   residual            2.155665e-10    9.159838e-12    0.000000e+00 
	   energy              3.597621e-10    4.144003e-11    3.597621e-12 
	   displacement        1.788955e-09    1.788955e-09    1.788955e-15 
 2
 Nonlinear solution status: time= 1.96
	stiffness updates             = 1
	right hand side evaluations   = 3
	stiffness matrix reformations = 1
	step from line search         = 1.000000
	convergence norms :     INITIAL         CURRENT         REQUIRED
	   residual            2.155665e-10    1.557616e-14    0.000000e+00 
	   energy              3.597621e-10    5.828224e-14    3.597621e-12 
	   displacement        1.788955e-09    2.643865e-11    1.397027e-15 
 3
 Nonlinear solution status: time= 1.96
	stiffness updates             = 2
	right hand side evaluations   = 4
	stiffness matrix reformations = 1
	step from line search         = 1.000000
	convergence norms :     INITIAL         CURRENT         REQUIRED
	   residual            2.155665e-10    1.211706e-16    0.000000e+00 
	   energy              3.597621e-10    6.219204e-16    3.597621e-12 
	   displacement        1.788955e-09    3.042551e-14    1.400949e-15 
 4
 Nonlinear solution status: time= 1.96
	stiffness updates             = 3
	right hand side evaluations   = 5
	stiffness matrix reformations = 1
	step from line search         = 1.000000
	convergence norms :     INITIAL         CURRENT         REQUIRED
	   residual            2.155665e-10    3.122876e-20    0.000000e+00 
	   energy              3.597621e-10    1.838200e-19    3.597621e-12 
	   displacement        1.788955e-09    2.138524e-16    1.401002e-15 

convergence summary
    number of iterations   : 4
    number of reformations : 1

------- converged at time : 1.96


AUTO STEPPER: increasing time step, dt = 0.01


===== beginning time step 156 : 1.97 =====


Reforming stiffness matrix: reformation #1

 1
 Nonlinear solution status: time= 1.97
	stiffness updates             = 0
	right hand side evaluations   = 2
	stiffness matrix reformations = 1
	step from line search         = 1.000000
	convergence norms :     INITIAL         CURRENT         REQUIRED
	   residual            2.086791e-10    8.869213e-12    0.000000e+00 
	   energy              3.483457e-10    4.012857e-11    3.483457e-12 
	   displacement        1.731782e-09    1.731782e-09    1.731782e-15 
 2
 Nonlinear solution status: time= 1.97
	stiffness updates             = 1
	right hand side evaluations   = 3
	stiffness matrix reformations = 1
	step from line search         = 1.000000
	convergence norms :     INITIAL         CURRENT         REQUIRED
	   residual            2.086791e-10    1.510131e-14    0.000000e+00 
	   energy              3.483457e-10    5.655170e-14    3.483457e-12 
	   displacement        1.731782e-09    2.561199e-11    1.352278e-15 
 3
 Nonlinear solution status: time= 1.97
	stiffness updates             = 2
	right hand side evaluations   = 4
	stiffness matrix reformations = 1
	step from line search         = 1.000000
	convergence norms :     INITIAL         CURRENT         REQUIRED
	   residual            2.086791e-10    1.172107e-16    0.000000e+00 
	   energy              3.483457e-10    6.027977e-16    3.483457e-12 
	   displacement        1.731782e-09    2.951058e-14    1.356086e-15 
 4
 Nonlinear solution status: time= 1.97
	stiffness updates             = 3
	right hand side evaluations   = 5
	stiffness matrix reformations = 1
	step from line search         = 1.000000
	convergence norms :     INITIAL         CURRENT         REQUIRED
	   residual            2.086791e-10    2.955464e-20    0.000000e+00 
	   energy              3.483457e-10    1.759740e-19    3.483457e-12 
	   displacement        1.731782e-09    2.066739e-16    1.356136e-15 

convergence summary
    number of iterations   : 4
    number of reformations : 1

------- converged at time : 1.97


AUTO STEPPER: increasing time step, dt = 0.01

MUST POINT CONTROLLER: adjusting time step. dt = 0.005


===== beginning time step 157 : 1.975 =====


Reforming stiffness matrix: reformation #1

 1
 Nonlinear solution status: time= 1.975
	stiffness updates             = 0
	right hand side evaluations   = 2
	stiffness matrix reformations = 1
	step from line search         = 1.000000
	convergence norms :     INITIAL         CURRENT         REQUIRED
	   residual            6.142367e-10    2.879096e-11    0.000000e+00 
	   energy              2.834657e-10    2.294269e-11    2.834657e-12 
	   displacement        4.006429e-10    4.006429e-10    4.006429e-16 
 2
 Nonlinear solution status: time= 1.975
	stiffness updates             = 1
	right hand side evaluations   = 3
	stiffness matrix reformations = 1
	step from line search         = 1.000000
	convergence norms :     INITIAL         CURRENT         REQUIRED
	   residual            6.142367e-10    1.771857e-13    0.000000e+00 
	   energy              2.834657e-10    1.407950e-13    2.834657e-12 
	   displacement        4.006429e-10    5.604024e-12    3.249379e-16 
 3
 Nonlinear solution status: time= 1.975
	stiffness updates             = 2
	right hand side evaluations   = 4
	stiffness matrix reformations = 1
	step from line search         = 1.000000
	convergence norms :     INITIAL         CURRENT         REQUIRED
	   residual            6.142367e-10    8.531403e-16    0.000000e+00 
	   energy              2.834657e-10    1.411550e-15    2.834657e-12 
	   displacement        4.006429e-10    3.827039e-14    3.271555e-16 
 4
 Nonlinear solution status: time= 1.975
	stiffness updates             = 3
	right hand side evaluations   = 5
	stiffness matrix reformations = 1
	step from line search         = 1.000000
	convergence norms :     INITIAL         CURRENT         REQUIRED
	   residual            6.142367e-10    1.760154e-18    0.000000e+00 
	   energy              2.834657e-10    2.302969e-18    2.834657e-12 
	   displacement        4.006429e-10    1.643195e-16    3.272885e-16 

convergence summary
    number of iterations   : 4
    number of reformations : 1

------- converged at time : 1.975


AUTO STEPPER: increasing time step, dt = 0.01


===== beginning time step 158 : 1.985 =====


Reforming stiffness matrix: reformation #1

 1
 Nonlinear solution status: time= 1.985
	stiffness updates             = 0
	right hand side evaluations   = 2
	stiffness matrix reformations = 1
	step from line search         = 1.000000
	convergence norms :     INITIAL         CURRENT         REQUIRED
	   residual            1.868341e-10    7.925896e-12    0.000000e+00 
	   energy              3.118764e-10    3.590437e-11    3.118764e-12 
	   displacement        1.548486e-09    1.548486e-09    1.548486e-15 
 2
 Nonlinear solution status: time= 1.985
	stiffness updates             = 1
	right hand side evaluations   = 3
	stiffness matrix reformations = 1
	step from line search         = 1.000000
	convergence norms :     INITIAL         CURRENT         REQUIRED
	   residual            1.868341e-10    1.355659e-14    0.000000e+00 
	   energy              3.118764e-10    5.080785e-14    3.118764e-12 
	   displacement        1.548486e-09    2.290163e-11    1.209219e-15 
 3
 Nonlinear solution status: time= 1.985
	stiffness updates             = 2
	right hand side evaluations   = 4
	stiffness matrix reformations = 1
	step from line search         = 1.000000
	convergence norms :     INITIAL         CURRENT         REQUIRED
	   residual            1.868341e-10    1.050824e-16    0.000000e+00 
	   energy              3.118764e-10    5.417771e-16    3.118764e-12 
	   displacement        1.548486e-09    2.655860e-14    1.212641e-15 
 4
 Nonlinear solution status: time= 1.985
	stiffness updates             = 3
	right hand side evaluations   = 5
	stiffness matrix reformations = 1
	step from line search         = 1.000000
	convergence norms :     INITIAL         CURRENT         REQUIRED
	   residual            1.868341e-10    2.557288e-20    0.000000e+00 
	   energy              3.118764e-10    1.549558e-19    3.118764e-12 
	   displacement        1.548486e-09    1.852406e-16    1.212686e-15 

convergence summary
    number of iterations   : 4
    number of reformations : 1

------- converged at time : 1.985


AUTO STEPPER: increasing time step, dt = 0.01


===== beginning time step 159 : 1.995 =====


Reforming stiffness matrix: reformation #1

 1
 Nonlinear solution status: time= 1.995
	stiffness updates             = 0
	right hand side evaluations   = 2
	stiffness matrix reformations = 1
	step from line search         = 1.000000
	convergence norms :     INITIAL         CURRENT         REQUIRED
	   residual            1.655284e-10    7.004062e-12    0.000000e+00 
	   energy              2.762488e-10    3.177510e-11    2.762488e-12 
	   displacement        1.369709e-09    1.369709e-09    1.369709e-15 
 2
 Nonlinear solution status: time= 1.995
	stiffness updates             = 1
	right hand side evaluations   = 3
	stiffness matrix reformations = 1
	step from line search         = 1.000000
	convergence norms :     INITIAL         CURRENT         REQUIRED
	   residual            1.655284e-10    1.203407e-14    0.000000e+00 
	   energy              2.762488e-10    4.511376e-14    2.762488e-12 
	   displacement        1.369709e-09    2.024523e-11    1.069759e-15 
 3
 Nonlinear solution status: time= 1.995
	stiffness updates             = 2
	right hand side evaluations   = 4
	stiffness matrix reformations = 1
	step from line search         = 1.000000
	convergence norms :     INITIAL         CURRENT         REQUIRED
	   residual            1.655284e-10    9.331909e-17    0.000000e+00 
	   energy              2.762488e-10    4.817637e-16    2.762488e-12 
	   displacement        1.369709e-09    2.364050e-14    1.072798e-15 
 4
 Nonlinear solution status: time= 1.995
	stiffness updates             = 3
	right hand side evaluations   = 5
	stiffness matrix reformations = 1
	step from line search         = 1.000000
	convergence norms :     INITIAL         CURRENT         REQUIRED
	   residual            1.655284e-10    2.211922e-20    0.000000e+00 
	   energy              2.762488e-10    1.358219e-19    2.762488e-12 
	   displacement        1.369709e-09    1.645917e-16    1.072837e-15 

convergence summary
    number of iterations   : 4
    number of reformations : 1

------- converged at time : 1.995


AUTO STEPPER: increasing time step, dt = 0.01

MUST POINT CONTROLLER: adjusting time step. dt = 0.005


===== beginning time step 160 : 2 =====


Reforming stiffness matrix: reformation #1

 1
 Nonlinear solution status: time= 2
	stiffness updates             = 0
	right hand side evaluations   = 2
	stiffness matrix reformations = 1
	step from line search         = 1.000000
	convergence norms :     INITIAL         CURRENT         REQUIRED
	   residual            4.557613e-10    2.120363e-11    0.000000e+00 
	   energy              2.101830e-10    1.695614e-11    2.101830e-12 
	   displacement        2.959890e-10    2.959890e-10    2.959890e-16 
 2
 Nonlinear solution status: time= 2
	stiffness updates             = 1
	right hand side evaluations   = 3
	stiffness matrix reformations = 1
	step from line search         = 1.000000
	convergence norms :     INITIAL         CURRENT         REQUIRED
	   residual            4.557613e-10    1.316374e-13    0.000000e+00 
	   energy              2.101830e-10    1.047272e-13    2.101830e-12 
	   displacement        2.959890e-10    4.136954e-12    2.401634e-16 
 3
 Nonlinear solution status: time= 2
	stiffness updates             = 2
	right hand side evaluations   = 4
	stiffness matrix reformations = 1
	step from line search         = 1.000000
	convergence norms :     INITIAL         CURRENT         REQUIRED
	   residual            4.557613e-10    6.302440e-16    0.000000e+00 
	   energy              2.101830e-10    1.049901e-15    2.101830e-12 
	   displacement        2.959890e-10    2.864386e-14    2.418138e-16 
 4
 Nonlinear solution status: time= 2
	stiffness updates             = 3
	right hand side evaluations   = 5
	stiffness matrix reformations = 1
	step from line search         = 1.000000
	convergence norms :     INITIAL         CURRENT         REQUIRED
	   residual            4.557613e-10    1.265635e-18    0.000000e+00 
	   energy              2.101830e-10    1.689668e-18    2.101830e-12 
	   displacement        2.959890e-10    1.213545e-16    2.419121e-16 

convergence summary
    number of iterations   : 4
    number of reformations : 1

------- converged at time : 2


AUTO STEPPER: increasing time step, dt = 0.01


===== beginning time step 161 : 2.01 =====


Reforming stiffness matrix: reformation #1

 1
 Nonlinear solution status: time= 2.01
	stiffness updates             = 0
	right hand side evaluations   = 2
	stiffness matrix reformations = 1
	step from line search         = 1.000000
	convergence norms :     INITIAL         CURRENT         REQUIRED
	   residual            1.311786e-10    5.524678e-12    0.000000e+00 
	   energy              2.188191e-10    2.512904e-11    2.188191e-12 
	   displacement        1.082406e-09    1.082406e-09    1.082406e-15 
 2
 Nonlinear solution status: time= 2.01
	stiffness updates             = 1
	right hand side evaluations   = 3
	stiffness matrix reformations = 1
	step from line search         = 1.000000
	convergence norms :     INITIAL         CURRENT         REQUIRED
	   residual            1.311786e-10    9.564363e-15    0.000000e+00 
	   energy              2.188191e-10    3.586033e-14    2.188191e-12 
	   displacement        1.082406e-09    1.597661e-11    8.456057e-16 
 3
 Nonlinear solution status: time= 2.01
	stiffness updates             = 2
	right hand side evaluations   = 4
	stiffness matrix reformations = 1
	step from line search         = 1.000000
	convergence norms :     INITIAL         CURRENT         REQUIRED
	   residual            1.311786e-10    7.428305e-17    0.000000e+00 
	   energy              2.188191e-10    3.840936e-16    2.188191e-12 
	   displacement        1.082406e-09    1.887637e-14    8.480212e-16 
 4
 Nonlinear solution status: time= 2.01
	stiffness updates             = 3
	right hand side evaluations   = 5
	stiffness matrix reformations = 1
	step from line search         = 1.000000
	convergence norms :     INITIAL         CURRENT         REQUIRED
	   residual            1.311786e-10    1.695095e-20    0.000000e+00 
	   energy              2.188191e-10    1.060770e-19    2.188191e-12 
	   displacement        1.082406e-09    1.311914e-16    8.480520e-16 

convergence summary
    number of iterations   : 4
    number of reformations : 1

------- converged at time : 2.01


AUTO STEPPER: increasing time step, dt = 0.01


===== beginning time step 162 : 2.02 =====


Reforming stiffness matrix: reformation #1

 1
 Nonlinear solution status: time= 2.02
	stiffness updates             = 0
	right hand side evaluations   = 2
	stiffness matrix reformations = 1
	step from line search         = 1.000000
	convergence norms :     INITIAL         CURRENT         REQUIRED
	   residual            1.079298e-10    4.530187e-12    0.000000e+00 
	   energy              1.799697e-10    2.064392e-11    1.799697e-12 
	   displacement        8.888063e-10    8.888063e-10    8.888063e-16 
 2
 Nonlinear solution status: time= 2.02
	stiffness updates             = 1
	right hand side evaluations   = 3
	stiffness matrix reformations = 1
	step from line search         = 1.000000
	convergence norms :     INITIAL         CURRENT         REQUIRED
	   residual            1.079298e-10    7.883147e-15    0.000000e+00 
	   energy              1.799697e-10    2.955473e-14    1.799697e-12 
	   displacement        8.888063e-10    1.310439e-11    6.945064e-16 
 3
 Nonlinear solution status: time= 2.02
	stiffness updates             = 2
	right hand side evaluations   = 4
	stiffness matrix reformations = 1
	step from line search         = 1.000000
	convergence norms :     INITIAL         CURRENT         REQUIRED
	   residual            1.079298e-10    6.132284e-17    0.000000e+00 
	   energy              1.799697e-10    3.173005e-16    1.799697e-12 
	   displacement        8.888063e-10    1.560784e-14    6.964970e-16 
 4
 Nonlinear solution status: time= 2.02
	stiffness updates             = 3
	right hand side evaluations   = 5
	stiffness matrix reformations = 1
	step from line search         = 1.000000
	convergence norms :     INITIAL         CURRENT         REQUIRED
	   residual            1.079298e-10    1.364221e-20    0.000000e+00 
	   energy              1.799697e-10    8.655420e-20    1.799697e-12 
	   displacement        8.888063e-10    1.084232e-16    6.965223e-16 

convergence summary
    number of iterations   : 4
    number of reformations : 1

------- converged at time : 2.02


AUTO STEPPER: increasing time step, dt = 0.01

MUST POINT CONTROLLER: adjusting time step. dt = 0.005


===== beginning time step 163 : 2.025 =====


Reforming stiffness matrix: reformation #1

 1
 Nonlinear solution status: time= 2.025
	stiffness updates             = 0
	right hand side evaluations   = 2
	stiffness matrix reformations = 1
	step from line search         = 1.000000
	convergence norms :     INITIAL         CURRENT         REQUIRED
	   residual            2.797712e-10    1.288975e-11    0.000000e+00 
	   energy              1.288990e-10    1.035488e-11    1.288990e-12 
	   displacement        1.807524e-10    1.807524e-10    1.807524e-16 
 2
 Nonlinear solution status: time= 2.025
	stiffness updates             = 1
	right hand side evaluations   = 3
	stiffness matrix reformations = 1
	step from line search         = 1.000000
	convergence norms :     INITIAL         CURRENT         REQUIRED
	   residual            2.797712e-10    8.082787e-14    0.000000e+00 
	   energy              1.288990e-10    6.433327e-14    1.288990e-12 
	   displacement        1.807524e-10    2.519804e-12    1.467607e-16 
 3
 Nonlinear solution status: time= 2.025
	stiffness updates             = 2
	right hand side evaluations   = 4
	stiffness matrix reformations = 1
	step from line search         = 1.000000
	convergence norms :     INITIAL         CURRENT         REQUIRED
	   residual            2.797712e-10    3.859178e-16    0.000000e+00 
	   energy              1.288990e-10    6.461531e-16    1.288990e-12 
	   displacement        1.807524e-10    1.772298e-14    1.477744e-16 
 4
 Nonlinear solution status: time= 2.025
	stiffness updates             = 3
	right hand side evaluations   = 5
	stiffness matrix reformations = 1
	step from line search         = 1.000000
	convergence norms :     INITIAL         CURRENT         REQUIRED
	   residual            2.797712e-10    7.525438e-19    0.000000e+00 
	   energy              1.288990e-10    1.027630e-18    1.288990e-12 
	   displacement        1.807524e-10    7.432395e-17    1.478345e-16 

convergence summary
    number of iterations   : 4
    number of reformations : 1

------- converged at time : 2.025


AUTO STEPPER: increasing time step, dt = 0.01


===== beginning time step 164 : 2.035 =====


Reforming stiffness matrix: reformation #1

 1
 Nonlinear solution status: time= 2.035
	stiffness updates             = 0
	right hand side evaluations   = 2
	stiffness matrix reformations = 1
	step from line search         = 1.000000
	convergence norms :     INITIAL         CURRENT         REQUIRED
	   residual            7.638269e-11    3.189718e-12    0.000000e+00 
	   energy              1.272923e-10    1.457617e-11    1.272923e-12 
	   displacement        6.271778e-10    6.271778e-10    6.271778e-16 
 2
 Nonlinear solution status: time= 2.035
	stiffness updates             = 1
	right hand side evaluations   = 3
	stiffness matrix reformations = 1
	step from line search         = 1.000000
	convergence norms :     INITIAL         CURRENT         REQUIRED
	   residual            7.638269e-11    5.592757e-15    0.000000e+00 
	   energy              1.272923e-10    2.096171e-14    1.272923e-12 
	   displacement        6.271778e-10    9.230369e-12    4.902325e-16 
 3
 Nonlinear solution status: time= 2.035
	stiffness updates             = 2
	right hand side evaluations   = 4
	stiffness matrix reformations = 1
	step from line search         = 1.000000
	convergence norms :     INITIAL         CURRENT         REQUIRED
	   residual            7.638269e-11    4.362386e-17    0.000000e+00 
	   energy              1.272923e-10    2.258842e-16    1.272923e-12 
	   displacement        6.271778e-10    1.112426e-14    4.916439e-16 
 4
 Nonlinear solution status: time= 2.035
	stiffness updates             = 3
	right hand side evaluations   = 5
	stiffness matrix reformations = 1
	step from line search         = 1.000000
	convergence norms :     INITIAL         CURRENT         REQUIRED
	   residual            7.638269e-11    9.363562e-21    0.000000e+00 
	   energy              1.272923e-10    6.059541e-20    1.272923e-12 
	   displacement        6.271778e-10    7.727328e-17    4.916617e-16 

convergence summary
    number of iterations   : 4
    number of reformations : 1

------- converged at time : 2.035


AUTO STEPPER: increasing time step, dt = 0.01


===== beginning time step 165 : 2.045 =====


Reforming stiffness matrix: reformation #1

 1
 Nonlinear solution status: time= 2.045
	stiffness updates             = 0
	right hand side evaluations   = 2
	stiffness matrix reformations = 1
	step from line search         = 1.000000
	convergence norms :     INITIAL         CURRENT         REQUIRED
	   residual            5.826344e-11    2.425729e-12    0.000000e+00 
	   energy              9.706201e-11    1.110331e-11    9.706201e-13 
	   displacement        4.775998e-10    4.775998e-10    4.775998e-16 
 2
 Nonlinear solution status: time= 2.045
	stiffness updates             = 1
	right hand side evaluations   = 3
	stiffness matrix reformations = 1
	step from line search         = 1.000000
	convergence norms :     INITIAL         CURRENT         REQUIRED
	   residual            5.826344e-11    4.271841e-15    0.000000e+00 
	   energy              9.706201e-11    1.600598e-14    9.706201e-13 
	   displacement        4.775998e-10    7.021040e-12    3.733894e-16 
 3
 Nonlinear solution status: time= 2.045
	stiffness updates             = 2
	right hand side evaluations   = 4
	stiffness matrix reformations = 1
	step from line search         = 1.000000
	convergence norms :     INITIAL         CURRENT         REQUIRED
	   residual            5.826344e-11    3.338435e-17    0.000000e+00 
	   energy              9.706201e-11    1.728895e-16    9.706201e-13 
	   displacement        4.775998e-10    8.519038e-15    3.744668e-16 
 4
 Nonlinear solution status: time= 2.045
	stiffness updates             = 3
	right hand side evaluations   = 5
	stiffness matrix reformations = 1
	step from line search         = 1.000000
	convergence norms :     INITIAL         CURRENT         REQUIRED
	   residual            5.826344e-11    7.022355e-21    0.000000e+00 
	   energy              9.706201e-11    4.597500e-20    9.706201e-13 
	   displacement        4.775998e-10    5.920491e-17    3.744804e-16 

convergence summary
    number of iterations   : 4
    number of reformations : 1

------- converged at time : 2.045


AUTO STEPPER: increasing time step, dt = 0.01

MUST POINT CONTROLLER: adjusting time step. dt = 0.005


===== beginning time step 166 : 2.05 =====


Reforming stiffness matrix: reformation #1

 1
 Nonlinear solution status: time= 2.05
	stiffness updates             = 0
	right hand side evaluations   = 2
	stiffness matrix reformations = 1
	step from line search         = 1.000000
	convergence norms :     INITIAL         CURRENT         REQUIRED
	   residual            1.413878e-10    6.456585e-12    0.000000e+00 
	   energy              6.508044e-11    5.208206e-12    6.508044e-13 
	   displacement        9.093409e-11    9.093409e-11    9.093409e-17 
 2
 Nonlinear solution status: time= 2.05
	stiffness updates             = 1
	right hand side evaluations   = 3
	stiffness matrix reformations = 1
	step from line search         = 1.000000
	convergence norms :     INITIAL         CURRENT         REQUIRED
	   residual            1.413878e-10    4.085016e-14    0.000000e+00 
	   energy              6.508044e-11    3.250467e-14    6.508044e-13 
	   displacement        9.093409e-11    1.263742e-12    7.388312e-17 
 3
 Nonlinear solution status: time= 2.05
	stiffness updates             = 2
	right hand side evaluations   = 4
	stiffness matrix reformations = 1
	step from line search         = 1.000000
	convergence norms :     INITIAL         CURRENT         REQUIRED
	   residual            1.413878e-10    1.949296e-16    0.000000e+00 
	   energy              6.508044e-11    3.273627e-16    6.508044e-13 
	   displacement        9.093409e-11    9.008969e-15    7.439473e-17 
 4
 Nonlinear solution status: time= 2.05
	stiffness updates             = 3
	right hand side evaluations   = 5
	stiffness matrix reformations = 1
	step from line search         = 1.000000
	convergence norms :     INITIAL         CURRENT         REQUIRED
	   residual            1.413878e-10    3.707538e-19    0.000000e+00 
	   energy              6.508044e-11    5.164863e-19    6.508044e-13 
	   displacement        9.093409e-11    3.757380e-17    7.442506e-17 

convergence summary
    number of iterations   : 4
    number of reformations : 1

------- converged at time : 2.05


AUTO STEPPER: increasing time step, dt = 0.01


===== beginning time step 167 : 2.06 =====


Reforming stiffness matrix: reformation #1

 1
 Nonlinear solution status: time= 2.06
	stiffness updates             = 0
	right hand side evaluations   = 2
	stiffness matrix reformations = 1
	step from line search         = 1.000000
	convergence norms :     INITIAL         CURRENT         REQUIRED
	   residual            3.631260e-11    1.505464e-12    0.000000e+00 
	   energy              6.046371e-11    6.906943e-12    6.046371e-13 
	   displacement        2.969870e-10    2.969870e-10    2.969870e-16 
 2
 Nonlinear solution status: time= 2.06
	stiffness updates             = 1
	right hand side evaluations   = 3
	stiffness matrix reformations = 1
	step from line search         = 1.000000
	convergence norms :     INITIAL         CURRENT         REQUIRED
	   residual            3.631260e-11    2.667237e-15    0.000000e+00 
	   energy              6.046371e-11    9.987138e-15    6.046371e-13 
	   displacement        2.969870e-10    4.358494e-12    2.322528e-16 
 3
 Nonlinear solution status: time= 2.06
	stiffness updates             = 2
	right hand side evaluations   = 4
	stiffness matrix reformations = 1
	step from line search         = 1.000000
	convergence norms :     INITIAL         CURRENT         REQUIRED
	   residual            3.631260e-11    2.090822e-17    0.000000e+00 
	   energy              6.046371e-11    1.082597e-16    6.046371e-13 
	   displacement        2.969870e-10    5.337448e-15    2.329247e-16 
 4
 Nonlinear solution status: time= 2.06
	stiffness updates             = 3
	right hand side evaluations   = 5
	stiffness matrix reformations = 1
	step from line search         = 1.000000
	convergence norms :     INITIAL         CURRENT         REQUIRED
	   residual            3.631260e-11    4.303801e-21    0.000000e+00 
	   energy              6.046371e-11    2.848879e-20    6.046371e-13 
	   displacement        2.969870e-10    3.714474e-17    2.329332e-16 

convergence summary
    number of iterations   : 4
    number of reformations : 1

------- converged at time : 2.06


AUTO STEPPER: increasing time step, dt = 0.01


===== beginning time step 168 : 2.07 =====


Reforming stiffness matrix: reformation #1

 1
 Nonlinear solution status: time= 2.07
	stiffness updates             = 0
	right hand side evaluations   = 2
	stiffness matrix reformations = 1
	step from line search         = 1.000000
	convergence norms :     INITIAL         CURRENT         REQUIRED
	   residual            2.522302e-11    1.043451e-12    0.000000e+00 
	   energy              4.198753e-11    4.792942e-12    4.198753e-13 
	   displacement        2.060629e-10    2.060629e-10    2.060629e-16 
 2
 Nonlinear solution status: time= 2.07
	stiffness updates             = 1
	right hand side evaluations   = 3
	stiffness matrix reformations = 1
	step from line search         = 1.000000
	convergence norms :     INITIAL         CURRENT         REQUIRED
	   residual            2.522302e-11    1.854225e-15    0.000000e+00 
	   energy              4.198753e-11    6.939085e-15    4.198753e-13 
	   displacement        2.060629e-10    3.021176e-12    1.611728e-16 
 3
 Nonlinear solution status: time= 2.07
	stiffness updates             = 2
	right hand side evaluations   = 4
	stiffness matrix reformations = 1
	step from line search         = 1.000000
	convergence norms :     INITIAL         CURRENT         REQUIRED
	   residual            2.522302e-11    1.456402e-17    0.000000e+00 
	   energy              4.198753e-11    7.537288e-17    4.198753e-13 
	   displacement        2.060629e-10    3.716381e-15    1.616394e-16 
 4
 Nonlinear solution status: time= 2.07
	stiffness updates             = 3
	right hand side evaluations   = 5
	stiffness matrix reformations = 1
	step from line search         = 1.000000
	convergence norms :     INITIAL         CURRENT         REQUIRED
	   residual            2.522302e-11    2.971462e-21    0.000000e+00 
	   energy              4.198753e-11    1.976599e-20    4.198753e-13 
	   displacement        2.060629e-10    2.589932e-17    1.616453e-16 

convergence summary
    number of iterations   : 4
    number of reformations : 1

------- converged at time : 2.07


AUTO STEPPER: increasing time step, dt = 0.01

MUST POINT CONTROLLER: adjusting time step. dt = 0.005


===== beginning time step 169 : 2.075 =====


Reforming stiffness matrix: reformation #1

 1
 Nonlinear solution status: time= 2.075
	stiffness updates             = 0
	right hand side evaluations   = 2
	stiffness matrix reformations = 1
	step from line search         = 1.000000
	convergence norms :     INITIAL         CURRENT         REQUIRED
	   residual            5.605024e-11    2.542867e-12    0.000000e+00 
	   energy              2.577922e-11    2.057221e-12    2.577922e-13 
	   displacement        3.593438e-11    3.593438e-11    3.593438e-17 
 2
 Nonlinear solution status: time= 2.075
	stiffness updates             = 1
	right hand side evaluations   = 3
	stiffness matrix reformations = 1
	step from line search         = 1.000000
	convergence norms :     INITIAL         CURRENT         REQUIRED
	   residual            5.605024e-11    1.619267e-14    0.000000e+00 
	   energy              2.577922e-11    1.286968e-14    2.577922e-13 
	   displacement        3.593438e-11    4.977433e-13    2.921324e-17 
 3
 Nonlinear solution status: time= 2.075
	stiffness updates             = 2
	right hand side evaluations   = 4
	stiffness matrix reformations = 1
	step from line search         = 1.000000
	convergence norms :     INITIAL         CURRENT         REQUIRED
	   residual            5.605024e-11    7.741771e-17    0.000000e+00 
	   energy              2.577922e-11    1.300421e-16    2.577922e-13 
	   displacement        3.593438e-11    3.580787e-15    2.941539e-17 
 4
 Nonlinear solution status: time= 2.075
	stiffness updates             = 3
	right hand side evaluations   = 5
	stiffness matrix reformations = 1
	step from line search         = 1.000000
	convergence norms :     INITIAL         CURRENT         REQUIRED
	   residual            5.605024e-11    1.450983e-19    0.000000e+00 
	   energy              2.577922e-11    2.046939e-19    2.577922e-13 
	   displacement        3.593438e-11    1.494460e-17    2.942744e-17 

convergence summary
    number of iterations   : 4
    number of reformations : 1

------- converged at time : 2.075


AUTO STEPPER: increasing time step, dt = 0.01


===== beginning time step 170 : 2.085 =====


Reforming stiffness matrix: reformation #1

 1
 Nonlinear solution status: time= 2.085
	stiffness updates             = 0
	right hand side evaluations   = 2
	stiffness matrix reformations = 1
	step from line search         = 1.000000
	convergence norms :     INITIAL         CURRENT         REQUIRED
	   residual            1.318424e-11    5.438362e-13    0.000000e+00 
	   energy              2.193919e-11    2.501947e-12    2.193919e-13 
	   displacement        1.075605e-10    1.075605e-10    1.075605e-16 
 2
 Nonlinear solution status: time= 2.085
	stiffness updates             = 1
	right hand side evaluations   = 3
	stiffness matrix reformations = 1
	step from line search         = 1.000000
	convergence norms :     INITIAL         CURRENT         REQUIRED
	   residual            1.318424e-11    9.700711e-16    0.000000e+00 
	   energy              2.193919e-11    3.626161e-15    2.193919e-13 
	   displacement        1.075605e-10    1.574561e-12    8.414857e-17 
 3
 Nonlinear solution status: time= 2.085
	stiffness updates             = 2
	right hand side evaluations   = 4
	stiffness matrix reformations = 1
	step from line search         = 1.000000
	convergence norms :     INITIAL         CURRENT         REQUIRED
	   residual            1.318424e-11    7.644798e-18    0.000000e+00 
	   energy              2.193919e-11    3.950948e-17    2.193919e-13 
	   displacement        1.075605e-10    1.947729e-15    8.439220e-17 
 4
 Nonlinear solution status: time= 2.085
	stiffness updates             = 3
	right hand side evaluations   = 5
	stiffness matrix reformations = 1
	step from line search         = 1.000000
	convergence norms :     INITIAL         CURRENT         REQUIRED
	   residual            1.318424e-11    1.569656e-21    0.000000e+00 
	   energy              2.193919e-11    1.035952e-20    2.193919e-13 
	   displacement        1.075605e-10    1.361549e-17    8.439532e-17 

convergence summary
    number of iterations   : 4
    number of reformations : 1

------- converged at time : 2.085


AUTO STEPPER: increasing time step, dt = 0.01


===== beginning time step 171 : 2.095 =====


Reforming stiffness matrix: reformation #1

 1
 Nonlinear solution status: time= 2.095
	stiffness updates             = 0
	right hand side evaluations   = 2
	stiffness matrix reformations = 1
	step from line search         = 1.000000
	convergence norms :     INITIAL         CURRENT         REQUIRED
	   residual            7.897957e-12    3.253644e-13    0.000000e+00 
	   energy              1.314033e-11    1.497848e-12    1.314033e-13 
	   displacement        6.440090e-11    6.440090e-11    6.440090e-17 
 2
 Nonlinear solution status: time= 2.095
	stiffness updates             = 1
	right hand side evaluations   = 3
	stiffness matrix reformations = 1
	step from line search         = 1.000000
	convergence norms :     INITIAL         CURRENT         REQUIRED
	   residual            7.897957e-12    5.811630e-16    0.000000e+00 
	   energy              1.314033e-11    2.170321e-15    1.314033e-13 
	   displacement        6.440090e-11    9.418671e-13    5.038973e-17 
 3
 Nonlinear solution status: time= 2.095
	stiffness updates             = 2
	right hand side evaluations   = 4
	stiffness matrix reformations = 1
	step from line search         = 1.000000
	convergence norms :     INITIAL         CURRENT         REQUIRED
	   residual            7.897957e-12    4.590393e-18    0.000000e+00 
	   energy              1.314033e-11    2.368776e-17    1.314033e-13 
	   displacement        6.440090e-11    1.167257e-15    5.053546e-17 
 4
 Nonlinear solution status: time= 2.095
	stiffness updates             = 3
	right hand side evaluations   = 5
	stiffness matrix reformations = 1
	step from line search         = 1.000000
	convergence norms :     INITIAL         CURRENT         REQUIRED
	   residual            7.897957e-12    9.612775e-22    0.000000e+00 
	   energy              1.314033e-11    6.245920e-21    1.314033e-13 
	   displacement        6.440090e-11    8.182188e-18    5.053735e-17 

convergence summary
    number of iterations   : 4
    number of reformations : 1

------- converged at time : 2.095


AUTO STEPPER: increasing time step, dt = 0.01

MUST POINT CONTROLLER: adjusting time step. dt = 0.005


===== beginning time step 172 : 2.1 =====


Reforming stiffness matrix: reformation #1

 1
 Nonlinear solution status: time= 2.1
	stiffness updates             = 0
	right hand side evaluations   = 2
	stiffness matrix reformations = 1
	step from line search         = 1.000000
	convergence norms :     INITIAL         CURRENT         REQUIRED
	   residual            1.499927e-11    6.778956e-13    0.000000e+00 
	   energy              6.894946e-12    5.492951e-13    6.894946e-14 
	   displacement        9.602096e-12    9.602096e-12    9.602096e-18 
 2
 Nonlinear solution status: time= 2.1
	stiffness updates             = 1
	right hand side evaluations   = 3
	stiffness matrix reformations = 1
	step from line search         = 1.000000
	convergence norms :     INITIAL         CURRENT         REQUIRED
	   residual            1.499927e-11    4.328907e-15    0.000000e+00 
	   energy              6.894946e-12    3.432347e-15    6.894946e-14 
	   displacement        9.602096e-12    1.324737e-13    7.809993e-18 
 3
 Nonlinear solution status: time= 2.1
	stiffness updates             = 2
	right hand side evaluations   = 4
	stiffness matrix reformations = 1
	step from line search         = 1.000000
	convergence norms :     INITIAL         CURRENT         REQUIRED
	   residual            1.499927e-11    2.081944e-17    0.000000e+00 
	   energy              6.894946e-12    3.482861e-17    6.894946e-14 
	   displacement        9.602096e-12    9.560326e-16    7.863748e-18 
 4
 Nonlinear solution status: time= 2.1
	stiffness updates             = 3
	right hand side evaluations   = 5
	stiffness matrix reformations = 1
	step from line search         = 1.000000
	convergence norms :     INITIAL         CURRENT         REQUIRED
	   residual            1.499927e-11    3.913364e-20    0.000000e+00 
	   energy              6.894946e-12    5.518412e-20    6.894946e-14 
	   displacement        9.602096e-12    4.028016e-18    7.866994e-18 

convergence summary
    number of iterations   : 4
    number of reformations : 1

------- converged at time : 2.1


AUTO STEPPER: increasing time step, dt = 0.01


===== beginning time step 173 : 2.11 =====


Reforming stiffness matrix: reformation #1

 1
 Nonlinear solution status: time= 2.11
	stiffness updates             = 0
	right hand side evaluations   = 2
	stiffness matrix reformations = 1
	step from line search         = 1.000000
	convergence norms :     INITIAL         CURRENT         REQUIRED
	   residual            2.953812e-12    1.214492e-13    0.000000e+00 
	   energy              4.912963e-12    5.595746e-13    4.912963e-14 
	   displacement        2.407012e-11    2.407012e-11    2.407012e-17 
 2
 Nonlinear solution status: time= 2.11
	stiffness updates             = 1
	right hand side evaluations   = 3
	stiffness matrix reformations = 1
	step from line search         = 1.000000
	convergence norms :     INITIAL         CURRENT         REQUIRED
	   residual            2.953812e-12    2.171563e-16    0.000000e+00 
	   energy              4.912963e-12    8.090682e-16    4.912963e-14 
	   displacement        2.407012e-11    3.513036e-13    1.883829e-17 
 3
 Nonlinear solution status: time= 2.11
	stiffness updates             = 2
	right hand side evaluations   = 4
	stiffness matrix reformations = 1
	step from line search         = 1.000000
	convergence norms :     INITIAL         CURRENT         REQUIRED
	   residual            2.953812e-12    1.723524e-18    0.000000e+00 
	   energy              4.912963e-12    8.857561e-18    4.912963e-14 
	   displacement        2.407012e-11    4.359554e-16    1.889255e-17 
 4
 Nonlinear solution status: time= 2.11
	stiffness updates             = 3
	right hand side evaluations   = 5
	stiffness matrix reformations = 1
	step from line search         = 1.000000
	convergence norms :     INITIAL         CURRENT         REQUIRED
	   residual            2.953812e-12    3.955622e-22    0.000000e+00 
	   energy              4.912963e-12    2.388887e-21    4.912963e-14 
	   displacement        2.407012e-11    3.077125e-18    1.889327e-17 

convergence summary
    number of iterations   : 4
    number of reformations : 1

------- converged at time : 2.11


AUTO STEPPER: increasing time step, dt = 0.01


===== beginning time step 174 : 2.12 =====


Reforming stiffness matrix: reformation #1

 1
 Nonlinear solution status: time= 2.12
	stiffness updates             = 0
	right hand side evaluations   = 2
	stiffness matrix reformations = 1
	step from line search         = 1.000000
	convergence norms :     INITIAL         CURRENT         REQUIRED
	   residual            1.231558e-12    5.056549e-14    0.000000e+00 
	   energy              2.047767e-12    2.330584e-13    2.047767e-14 
	   displacement        1.003186e-11    1.003186e-11    1.003186e-17 
 2
 Nonlinear solution status: time= 2.12
	stiffness updates             = 1
	right hand side evaluations   = 3
	stiffness matrix reformations = 1
	step from line search         = 1.000000
	convergence norms :     INITIAL         CURRENT         REQUIRED
	   residual            1.231558e-12    9.032749e-17    0.000000e+00 
	   energy              2.047767e-12    3.356196e-16    2.047767e-14 
	   displacement        1.003186e-11    1.460735e-13    7.853521e-18 
 3
 Nonlinear solution status: time= 2.12
	stiffness updates             = 2
	right hand side evaluations   = 4
	stiffness matrix reformations = 1
	step from line search         = 1.000000
	convergence norms :     INITIAL         CURRENT         REQUIRED
	   residual            1.231558e-12    7.206533e-19    0.000000e+00 
	   energy              2.047767e-12    3.683693e-18    2.047767e-14 
	   displacement        1.003186e-11    1.810439e-16    7.876008e-18 
 4
 Nonlinear solution status: time= 2.12
	stiffness updates             = 3
	right hand side evaluations   = 5
	stiffness matrix reformations = 1
	step from line search         = 1.000000
	convergence norms :     INITIAL         CURRENT         REQUIRED
	   residual            1.231558e-12    1.923906e-22    0.000000e+00 
	   energy              2.047767e-12    1.029404e-21    2.047767e-14 
	   displacement        1.003186e-11    1.288569e-18    7.876311e-18 

convergence summary
    number of iterations   : 4
    number of reformations : 1

------- converged at time : 2.12


AUTO STEPPER: increasing time step, dt = 0.01

MUST POINT CONTROLLER: adjusting time step. dt = 0.005


===== beginning time step 175 : 2.125 =====


Reforming stiffness matrix: reformation #1

 1
 Nonlinear solution status: time= 2.125
	stiffness updates             = 0
	right hand side evaluations   = 2
	stiffness matrix reformations = 1
	step from line search         = 1.000000
	convergence norms :     INITIAL         CURRENT         REQUIRED
	   residual            1.402062e-12    6.324209e-14    0.000000e+00 
	   energy              6.446159e-13    5.128877e-14    6.446159e-15 
	   displacement        8.987856e-13    8.987856e-13    8.987856e-19 
 2
 Nonlinear solution status: time= 2.125
	stiffness updates             = 1
	right hand side evaluations   = 3
	stiffness matrix reformations = 1
	step from line search         = 1.000000
	convergence norms :     INITIAL         CURRENT         REQUIRED
	   residual            1.402062e-12    4.008172e-16    0.000000e+00 
	   energy              6.446159e-13    3.155286e-16    6.446159e-15 
	   displacement        8.987856e-13    1.225913e-14    7.317410e-19 
 3
 Nonlinear solution status: time= 2.125
	stiffness updates             = 2
	right hand side evaluations   = 4
	stiffness matrix reformations = 1
	step from line search         = 1.000000
	convergence norms :     INITIAL         CURRENT         REQUIRED
	   residual            1.402062e-12    1.982173e-18    0.000000e+00 
	   energy              6.446159e-13    3.238511e-18    6.446159e-15 
	   displacement        8.987856e-13    8.754346e-17    7.366603e-19 
 4
 Nonlinear solution status: time= 2.125
	stiffness updates             = 3
	right hand side evaluations   = 5
	stiffness matrix reformations = 1
	step from line search         = 1.000000
	convergence norms :     INITIAL         CURRENT         REQUIRED
	   residual            1.402062e-12    3.977107e-21    0.000000e+00 
	   energy              6.446159e-13    5.327086e-21    6.446159e-15 
	   displacement        8.987856e-13    3.844495e-19    7.369673e-19 

convergence summary
    number of iterations   : 4
    number of reformations : 1

------- converged at time : 2.125


AUTO STEPPER: increasing time step, dt = 0.01


===== beginning time step 176 : 2.135 =====


Reforming stiffness matrix: reformation #1

 1
 Nonlinear solution status: time= 2.135
	stiffness updates             = 0
	right hand side evaluations   = 2
	stiffness matrix reformations = 1
	step from line search         = 1.000000
	convergence norms :     INITIAL         CURRENT         REQUIRED
	   residual            1.192623e-13    4.807644e-15    0.000000e+00 
	   energy              1.970759e-13    2.222046e-14    1.970759e-15 
	   displacement        9.608012e-13    9.608012e-13    9.608012e-19 
 2
 Nonlinear solution status: time= 2.135
	stiffness updates             = 1
	right hand side evaluations   = 3
	stiffness matrix reformations = 1
	step from line search         = 1.000000
	convergence norms :     INITIAL         CURRENT         REQUIRED
	   residual            1.192623e-13    8.438702e-18    0.000000e+00 
	   energy              1.970759e-13    3.083168e-17    1.970759e-15 
	   displacement        9.608012e-13    1.366627e-14    7.543338e-19 
 3
 Nonlinear solution status: time= 2.135
	stiffness updates             = 2
	right hand side evaluations   = 4
	stiffness matrix reformations = 1
	step from line search         = 1.000000
	convergence norms :     INITIAL         CURRENT         REQUIRED
	   residual            1.192623e-13    7.014288e-20    0.000000e+00 
	   energy              1.970759e-13    3.441550e-19    1.970759e-15 
	   displacement        9.608012e-13    1.679407e-17    7.563955e-19 
 4
 Nonlinear solution status: time= 2.135
	stiffness updates             = 3
	right hand side evaluations   = 5
	stiffness matrix reformations = 1
	step from line search         = 1.000000
	convergence norms :     INITIAL         CURRENT         REQUIRED
	   residual            1.192623e-13    5.454510e-23    0.000000e+00 
	   energy              1.970759e-13    1.257075e-22    1.970759e-15 
	   displacement        9.608012e-13    1.270174e-19    7.564263e-19 

convergence summary
    number of iterations   : 4
    number of reformations : 1

------- converged at time : 2.135


AUTO STEPPER: increasing time step, dt = 0.01


===== beginning time step 177 : 2.145 =====


Reforming stiffness matrix: reformation #1

 1
 Nonlinear solution status: time= 2.145
	stiffness updates             = 0
	right hand side evaluations   = 2
	stiffness matrix reformations = 1
	step from line search         = 1.000000
	convergence norms :     INITIAL         CURRENT         REQUIRED
	   residual            2.198106e-14    8.153582e-16    0.000000e+00 
	   energy              3.492259e-14    3.804048e-15    3.492259e-16 
	   displacement        1.640251e-13    1.640251e-13    1.640251e-19 
 2
 Nonlinear solution status: time= 2.145
	stiffness updates             = 1
	right hand side evaluations   = 3
	stiffness matrix reformations = 1
	step from line search         = 1.000000
	convergence norms :     INITIAL         CURRENT         REQUIRED
	   residual            2.198106e-14    1.275984e-18    0.000000e+00 
	   energy              3.492259e-14    4.872560e-18    3.492259e-16 
	   displacement        1.640251e-13    2.187254e-15    1.298772e-19 
 3
 Nonlinear solution status: time= 2.145
	stiffness updates             = 2
	right hand side evaluations   = 4
	stiffness matrix reformations = 1
	step from line search         = 1.000000
	convergence norms :     INITIAL         CURRENT         REQUIRED
	   residual            2.198106e-14    1.095795e-20    0.000000e+00 
	   energy              3.492259e-14    5.399012e-20    3.492259e-16 
	   displacement        1.640251e-13    2.714306e-18    1.302144e-19 
 4
 Nonlinear solution status: time= 2.145
	stiffness updates             = 3
	right hand side evaluations   = 5
	stiffness matrix reformations = 1
	step from line search         = 1.000000
	convergence norms :     INITIAL         CURRENT         REQUIRED
	   residual            2.198106e-14    3.625352e-23    0.000000e+00 
	   energy              3.492259e-14    2.513006e-23    3.492259e-16 
	   displacement        1.640251e-13    2.110844e-20    1.302179e-19 

convergence summary
    number of iterations   : 4
    number of reformations : 1

------- converged at time : 2.145


AUTO STEPPER: increasing time step, dt = 0.01

MUST POINT CONTROLLER: adjusting time step. dt = 0.005


===== beginning time step 178 : 2.15 =====


Reforming stiffness matrix: reformation #1

 1
 Nonlinear solution status: time= 2.15
	stiffness updates             = 0
	right hand side evaluations   = 2
	stiffness matrix reformations = 1
	step from line search         = 1.000000
	convergence norms :     INITIAL         CURRENT         REQUIRED
	   residual            4.667621e-13    2.103837e-14    0.000000e+00 
	   energy              2.144822e-13    1.707306e-14    2.144822e-15 
	   displacement        2.977520e-13    2.977520e-13    2.977520e-19 
 2
 Nonlinear solution status: time= 2.15
	stiffness updates             = 1
	right hand side evaluations   = 3
	stiffness matrix reformations = 1
	step from line search         = 1.000000
	convergence norms :     INITIAL         CURRENT         REQUIRED
	   residual            4.667621e-13    1.324842e-16    0.000000e+00 
	   energy              2.144822e-13    1.062714e-16    2.144822e-15 
	   displacement        2.977520e-13    4.118078e-15    2.421776e-19 
 3
 Nonlinear solution status: time= 2.15
	stiffness updates             = 2
	right hand side evaluations   = 4
	stiffness matrix reformations = 1
	step from line search         = 1.000000
	convergence norms :     INITIAL         CURRENT         REQUIRED
	   residual            4.667621e-13    6.432966e-19    0.000000e+00 
	   energy              2.144822e-13    1.075883e-18    2.144822e-15 
	   displacement        2.977520e-13    2.986963e-17    2.438666e-19 
 4
 Nonlinear solution status: time= 2.15
	stiffness updates             = 3
	right hand side evaluations   = 5
	stiffness matrix reformations = 1
	step from line search         = 1.000000
	convergence norms :     INITIAL         CURRENT         REQUIRED
	   residual            4.667621e-13    1.223838e-21    0.000000e+00 
	   energy              2.144822e-13    1.660874e-21    2.144822e-15 
	   displacement        2.977520e-13    1.226039e-19    2.439632e-19 

convergence summary
    number of iterations   : 4
    number of reformations : 1

------- converged at time : 2.15


AUTO STEPPER: increasing time step, dt = 0.01


===== beginning time step 179 : 2.16 =====


Reforming stiffness matrix: reformation #1

 1
 Nonlinear solution status: time= 2.16
	stiffness updates             = 0
	right hand side evaluations   = 2
	stiffness matrix reformations = 1
	step from line search         = 1.000000
	convergence norms :     INITIAL         CURRENT         REQUIRED
	   residual            3.521084e-13    1.443473e-14    0.000000e+00 
	   energy              5.835080e-13    6.644790e-14    5.835080e-15 
	   displacement        2.853093e-12    2.853093e-12    2.853093e-18 
 2
 Nonlinear solution status: time= 2.16
	stiffness updates             = 1
	right hand side evaluations   = 3
	stiffness matrix reformations = 1
	step from line search         = 1.000000
	convergence norms :     INITIAL         CURRENT         REQUIRED
	   residual            3.521084e-13    2.561020e-17    0.000000e+00 
	   energy              5.835080e-13    9.660862e-17    5.835080e-15 
	   displacement        2.853093e-12    4.172079e-14    2.232615e-18 
 3
 Nonlinear solution status: time= 2.16
	stiffness updates             = 2
	right hand side evaluations   = 4
	stiffness matrix reformations = 1
	step from line search         = 1.000000
	convergence norms :     INITIAL         CURRENT         REQUIRED
	   residual            3.521084e-13    2.021792e-19    0.000000e+00 
	   energy              5.835080e-13    1.051963e-18    5.835080e-15 
	   displacement        2.853093e-12    5.204677e-17    2.239121e-18 
 4
 Nonlinear solution status: time= 2.16
	stiffness updates             = 3
	right hand side evaluations   = 5
	stiffness matrix reformations = 1
	step from line search         = 1.000000
	convergence norms :     INITIAL         CURRENT         REQUIRED
	   residual            3.521084e-13    7.176204e-23    0.000000e+00 
	   energy              5.835080e-13    2.729262e-22    5.835080e-15 
	   displacement        2.853093e-12    3.619029e-19    2.239200e-18 

convergence summary
    number of iterations   : 4
    number of reformations : 1

------- converged at time : 2.16


AUTO STEPPER: increasing time step, dt = 0.01


===== beginning time step 180 : 2.17 =====


Reforming stiffness matrix: reformation #1

 1
 Nonlinear solution status: time= 2.17
	stiffness updates             = 0
	right hand side evaluations   = 2
	stiffness matrix reformations = 1
	step from line search         = 1.000000
	convergence norms :     INITIAL         CURRENT         REQUIRED
	   residual            6.818315e-13    2.806804e-14    0.000000e+00 
	   energy              1.131880e-12    1.290854e-13    1.131880e-14 
	   displacement        5.546758e-12    5.546758e-12    5.546758e-18 
 2
 Nonlinear solution status: time= 2.17
	stiffness updates             = 1
	right hand side evaluations   = 3
	stiffness matrix reformations = 1
	step from line search         = 1.000000
	convergence norms :     INITIAL         CURRENT         REQUIRED
	   residual            6.818315e-13    4.979490e-17    0.000000e+00 
	   energy              1.131880e-12    1.873330e-16    1.131880e-14 
	   displacement        5.546758e-12    8.123795e-14    4.339255e-18 
 3
 Nonlinear solution status: time= 2.17
	stiffness updates             = 2
	right hand side evaluations   = 4
	stiffness matrix reformations = 1
	step from line search         = 1.000000
	convergence norms :     INITIAL         CURRENT         REQUIRED
	   residual            6.818315e-13    3.925633e-19    0.000000e+00 
	   energy              1.131880e-12    2.038177e-18    1.131880e-14 
	   displacement        5.546758e-12    1.006126e-16    4.351853e-18 
 4
 Nonlinear solution status: time= 2.17
	stiffness updates             = 3
	right hand side evaluations   = 5
	stiffness matrix reformations = 1
	step from line search         = 1.000000
	convergence norms :     INITIAL         CURRENT         REQUIRED
	   residual            6.818315e-13    1.077014e-22    0.000000e+00 
	   energy              1.131880e-12    5.292804e-22    1.131880e-14 
	   displacement        5.546758e-12    7.007901e-19    4.352012e-18 

convergence summary
    number of iterations   : 4
    number of reformations : 1

------- converged at time : 2.17


AUTO STEPPER: increasing time step, dt = 0.01

MUST POINT CONTROLLER: adjusting time step. dt = 0.005


===== beginning time step 181 : 2.175 =====


Reforming stiffness matrix: reformation #1

 1
 Nonlinear solution status: time= 2.175
	stiffness updates             = 0
	right hand side evaluations   = 2
	stiffness matrix reformations = 1
	step from line search         = 1.000000
	convergence norms :     INITIAL         CURRENT         REQUIRED
	   residual            2.956305e-12    1.341418e-13    0.000000e+00 
	   energy              1.358746e-12    1.084733e-13    1.358746e-14 
	   displacement        1.894420e-12    1.894420e-12    1.894420e-18 
 2
 Nonlinear solution status: time= 2.175
	stiffness updates             = 1
	right hand side evaluations   = 3
	stiffness matrix reformations = 1
	step from line search         = 1.000000
	convergence norms :     INITIAL         CURRENT         REQUIRED
	   residual            2.956305e-12    8.521524e-16    0.000000e+00 
	   energy              1.358746e-12    6.784430e-16    1.358746e-14 
	   displacement        1.894420e-12    2.625097e-14    1.540001e-18 
 3
 Nonlinear solution status: time= 2.175
	stiffness updates             = 2
	right hand side evaluations   = 4
	stiffness matrix reformations = 1
	step from line search         = 1.000000
	convergence norms :     INITIAL         CURRENT         REQUIRED
	   residual            2.956305e-12    4.081405e-18    0.000000e+00 
	   energy              1.358746e-12    6.855475e-18    1.358746e-14 
	   displacement        1.894420e-12    1.887563e-16    1.550660e-18 
 4
 Nonlinear solution status: time= 2.175
	stiffness updates             = 3
	right hand side evaluations   = 5
	stiffness matrix reformations = 1
	step from line search         = 1.000000
	convergence norms :     INITIAL         CURRENT         REQUIRED
	   residual            2.956305e-12    7.687428e-21    0.000000e+00 
	   energy              1.358746e-12    1.078855e-20    1.358746e-14 
	   displacement        1.894420e-12    7.877929e-19    1.551295e-18 

convergence summary
    number of iterations   : 4
    number of reformations : 1

------- converged at time : 2.175


AUTO STEPPER: increasing time step, dt = 0.01


===== beginning time step 182 : 2.185 =====


Reforming stiffness matrix: reformation #1

 1
 Nonlinear solution status: time= 2.185
	stiffness updates             = 0
	right hand side evaluations   = 2
	stiffness matrix reformations = 1
	step from line search         = 1.000000
	convergence norms :     INITIAL         CURRENT         REQUIRED
	   residual            1.171369e-12    4.837901e-14    0.000000e+00 
	   energy              1.946594e-12    2.222361e-13    1.946594e-14 
	   displacement        9.556739e-12    9.556739e-12    9.556739e-18 
 2
 Nonlinear solution status: time= 2.185
	stiffness updates             = 1
	right hand side evaluations   = 3
	stiffness matrix reformations = 1
	step from line search         = 1.000000
	convergence norms :     INITIAL         CURRENT         REQUIRED
	   residual            1.171369e-12    8.561227e-17    0.000000e+00 
	   energy              1.946594e-12    3.214885e-16    1.946594e-14 
	   displacement        9.556739e-12    1.400807e-13    7.474950e-18 
 3
 Nonlinear solution status: time= 2.185
	stiffness updates             = 2
	right hand side evaluations   = 4
	stiffness matrix reformations = 1
	step from line search         = 1.000000
	convergence norms :     INITIAL         CURRENT         REQUIRED
	   residual            1.171369e-12    6.745174e-19    0.000000e+00 
	   energy              1.946594e-12    3.493809e-18    1.946594e-14 
	   displacement        9.556739e-12    1.721605e-16    7.496555e-18 
 4
 Nonlinear solution status: time= 2.185
	stiffness updates             = 3
	right hand side evaluations   = 5
	stiffness matrix reformations = 1
	step from line search         = 1.000000
	convergence norms :     INITIAL         CURRENT         REQUIRED
	   residual            1.171369e-12    1.693362e-22    0.000000e+00 
	   energy              1.946594e-12    9.219472e-22    1.946594e-14 
	   displacement        9.556739e-12    1.202447e-18    7.496831e-18 

convergence summary
    number of iterations   : 4
    number of reformations : 1

------- converged at time : 2.185


AUTO STEPPER: increasing time step, dt = 0.01


===== beginning time step 183 : 2.195 =====


Reforming stiffness matrix: reformation #1

 1
 Nonlinear solution status: time= 2.195
	stiffness updates             = 0
	right hand side evaluations   = 2
	stiffness matrix reformations = 1
	step from line search         = 1.000000
	convergence norms :     INITIAL         CURRENT         REQUIRED
	   residual            1.396690e-12    5.779713e-14    0.000000e+00 
	   energy              2.322083e-12    2.652704e-13    2.322083e-14 
	   displacement        1.141190e-11    1.141190e-11    1.141190e-17 
 2
 Nonlinear solution status: time= 2.195
	stiffness updates             = 1
	right hand side evaluations   = 3
	stiffness matrix reformations = 1
	step from line search         = 1.000000
	convergence norms :     INITIAL         CURRENT         REQUIRED
	   residual            1.396690e-12    1.020396e-16    0.000000e+00 
	   energy              2.322083e-12    3.829697e-16    2.322083e-14 
	   displacement        1.141190e-11    1.673615e-13    8.925001e-18 
 3
 Nonlinear solution status: time= 2.195
	stiffness updates             = 2
	right hand side evaluations   = 4
	stiffness matrix reformations = 1
	step from line search         = 1.000000
	convergence norms :     INITIAL         CURRENT         REQUIRED
	   residual            1.396690e-12    8.035020e-19    0.000000e+00 
	   energy              2.322083e-12    4.157266e-18    2.322083e-14 
	   displacement        1.141190e-11    2.046902e-16    8.950735e-18 
 4
 Nonlinear solution status: time= 2.195
	stiffness updates             = 3
	right hand side evaluations   = 5
	stiffness matrix reformations = 1
	step from line search         = 1.000000
	convergence norms :     INITIAL         CURRENT         REQUIRED
	   residual            1.396690e-12    1.964829e-22    0.000000e+00 
	   energy              2.322083e-12    1.108563e-21    2.322083e-14 
	   displacement        1.141190e-11    1.431176e-18    8.951067e-18 

convergence summary
    number of iterations   : 4
    number of reformations : 1

------- converged at time : 2.195


AUTO STEPPER: increasing time step, dt = 0.01

MUST POINT CONTROLLER: adjusting time step. dt = 0.005


===== beginning time step 184 : 2.2 =====


Reforming stiffness matrix: reformation #1

 1
 Nonlinear solution status: time= 2.2
	stiffness updates             = 0
	right hand side evaluations   = 2
	stiffness matrix reformations = 1
	step from line search         = 1.000000
	convergence norms :     INITIAL         CURRENT         REQUIRED
	   residual            4.720801e-12    2.152776e-13    0.000000e+00 
	   energy              2.171065e-12    1.736931e-13    2.171065e-14 
	   displacement        3.034846e-12    3.034846e-12    3.034846e-18 
 2
 Nonlinear solution status: time= 2.2
	stiffness updates             = 1
	right hand side evaluations   = 3
	stiffness matrix reformations = 1
	step from line search         = 1.000000
	convergence norms :     INITIAL         CURRENT         REQUIRED
	   residual            4.720801e-12    1.361703e-15    0.000000e+00 
	   energy              2.171065e-12    1.082531e-15    2.171065e-14 
	   displacement        3.034846e-12    4.207866e-14    2.466282e-18 
 3
 Nonlinear solution status: time= 2.2
	stiffness updates             = 2
	right hand side evaluations   = 4
	stiffness matrix reformations = 1
	step from line search         = 1.000000
	convergence norms :     INITIAL         CURRENT         REQUIRED
	   residual            4.720801e-12    6.529774e-18    0.000000e+00 
	   energy              2.171065e-12    1.093066e-17    2.171065e-14 
	   displacement        3.034846e-12    2.996677e-16    2.483271e-18 
 4
 Nonlinear solution status: time= 2.2
	stiffness updates             = 3
	right hand side evaluations   = 5
	stiffness matrix reformations = 1
	step from line search         = 1.000000
	convergence norms :     INITIAL         CURRENT         REQUIRED
	   residual            4.720801e-12    1.259740e-20    0.000000e+00 
	   energy              2.171065e-12    1.741612e-20    2.171065e-14 
	   displacement        3.034846e-12    1.263075e-18    2.484291e-18 

convergence summary
    number of iterations   : 4
    number of reformations : 1

------- converged at time : 2.2



 N O N L I N E A R   I T E R A T I O N   I N F O R M A T I O N

	Number of time steps completed .................... : 184

	Total number of equilibrium iterations ............ : 1154

	Average number of equilibrium iterations .......... : 6.27174

	Total number of right hand evaluations ............ : 1453

	Total number of stiffness reformations ............ : 215


 L I N E A R   S O L V E R   S T A T S

	Total calls to linear solver ........ : 1478

	Avg iterations per solve ............ : 1



 N O N L I N E A R   I T E R A T I O N   S U M M A R Y

	Number of time steps completed .................... : 206

	Total number of equilibrium iterations ............ : 1388

	Total number of right hand evaluations ............ : 1758

	Total number of stiffness reformations ............ : 254

	Time in linear solver: 1:36:25


 Elapsed time : 2:22:46

 T I M I N G   I N F O R M A T I O N

	Input time ...................... : 0:00:00 (0.327948 sec)

	Initialization time ............. : 0:00:00 (0.200593 sec)

	Solve time ...................... : 2:22:46 (8566.25 sec)

	   IO-time (plot, dmp, data) .... : 0:00:16 (15.7582 sec)

	   reforming stiffness .......... : 0:00:01 (0.924599 sec)

	   evaluating stiffness ......... : 0:27:03 (1622.78 sec)

	   evaluating residual .......... : 0:14:04 (843.637 sec)

	   model update ................. : 0:03:34 (213.77 sec)

	   QN updates ................... : 0:00:03 (3.17252 sec)

	   time in linear solver ........ : 1:36:25 (5785.18 sec)

	Total elapsed time .............. : 2:22:47 (8566.71 sec)


 N O R M A L   T E R M I N A T I O N

