===========================================================================
         ________    _________   _______       __     _________            
        |        |\ |        |\ |       \\    |  |\  /         \\          
        |    ____|| |    ____|| |    __  ||   |__|| |    ___    ||         
        |   |\___\| |   |\___\| |   |\_| ||    \_\| |   //  \   ||         
        |   ||__    |   ||__    |   ||_| ||   |  |\ |  ||    |  ||         
        |       |\  |       |\  |         \\  |  || |  ||    |  ||         
        |    ___||  |    ___||  |    ___   || |  || |  ||    |  ||         
        |   |\__\|  |   |\__\|  |   |\__|  || |  || |  ||    |  ||         
        |   ||      |   ||___   |   ||__|  || |  || |   \\__/   ||         
        |   ||      |        |\ |          || |  || |           ||         
        |___||      |________|| |_________//  |__||  \_________//          
                                                                           
      F I N I T E   E L E M E N T S   F O R   B I O M E C H A N I C S      
                                                                           
  version 4.10.0
  FEBio is a registered trademark.                                         
  copyright (c) 2006-2025 - All rights reserved                            
                                                                           
===========================================================================


 *************************************************************************
 *                               WARNING                                 *
 * dtmax is ignored when specifying must points.                         *
 *************************************************************************




 FILES USED
===========================================================================
	Input file : /Users/ryanengels/Documents/limebv-ews_fem_pipeline-e5fe835fd1bf/heterogeneous_density/heterogeneous_density.feb
	Plot file  : /Users/ryanengels/Documents/limebv-ews_fem_pipeline-e5fe835fd1bf/heterogeneous_density/output/heterogeneous_density.vtk
	Log file   : /Users/ryanengels/Documents/limebv-ews_fem_pipeline-e5fe835fd1bf/heterogeneous_density/heterogeneous_density.log


 MESH INFO
===========================================================================
	Number of materials ............................ : 3
	Number of domains .............................. : 3
	Number of nodes ................................ : 35173
	Number of solid elements ....................... : 23380
	Number of shell elements ....................... : 2740


 MODULE
===========================================================================
	Module type ....................................... : solid


 STEP DATA
===========================================================================
step   1 - (noname) (type: solid)
	analysis .......................................... : STATIC (0)
	time_steps ........................................ : 10
	step_size ......................................... : 0.1
	plot_zero_state ................................... : no (0)
	plot_range ........................................ : 0,-1
	plot_level ........................................ : PLOT_NEVER (0)
	output_level ...................................... : OUTPUT_NEVER (0)
	plot_stride ....................................... : 1
	output_stride ..................................... : 1
	adaptor_re_solve .................................. : yes (1)
	time_stepper: (type: default)
	  max_retries ..................................... : 40
	  opt_iter ........................................ : 11
	  dtmin ........................................... : 0
	  dtmax ........................................... : 0.1
	  aggressiveness .................................. : 0
	  cutback ......................................... : 0.5
	  dtforce ......................................... : no (0)
	solver: (type: solid)
	  symmetric_stiffness ............................. : symmetric (1)
	  equation_scheme ................................. : staggered (0)
	  equation_order .................................. : default (0)
	  optimize_bw ..................................... : no (0)
	  lstol ........................................... : 0.9
	  lsmin ........................................... : 0.01
	  lsiter .......................................... : 5
	  ls_check_jacobians .............................. : no (0)
	  max_refs ........................................ : 15
	  check_zero_diagonal ............................. : no (0)
	  zero_diagonal_tol ............................... : 0
	  force_partition ................................. : 0
	  reform_each_time_step ........................... : yes (1)
	  reform_augment .................................. : no (0)
	  diverge_reform .................................. : yes (1)
	  min_residual .................................... : 1e-20
	  max_residual .................................... : 0
	  dtol ............................................ : 0.001
	  etol ............................................ : 0.01
	  rtol ............................................ : 0
	  rhoi ............................................ : -2
	  alpha ........................................... : 1
	  beta ............................................ : 0.25
	  gamma ........................................... : 0.25
	  logSolve ........................................ : no (0)
	  arc_length ...................................... : 0
	  arc_length_scale ................................ : 0
	qn_method: (type: BFGS)
	    max_ups ....................................... : 10
	    max_buffer_size ............................... : 0
	    cycle_buffer .................................. : yes (1)
	    cmax .......................................... : 100000
---------------------------------------------------------------------------
step   2 - (noname) (type: solid)
	analysis .......................................... : DYNAMIC (1)
	time_steps ........................................ : 120
	step_size ......................................... : 0.01
	plot_zero_state ................................... : no (0)
	plot_range ........................................ : 0,-1
	plot_level ........................................ : PLOT_MUST_POINTS (3)
	output_level ...................................... : OUTPUT_MUST_POINTS (3)
	plot_stride ....................................... : 1
	output_stride ..................................... : 1
	adaptor_re_solve .................................. : yes (1)
	time_stepper: (type: default)
	  max_retries ..................................... : 20
	  opt_iter ........................................ : 11
	  dtmin ........................................... : 0
	  dtmax ........................................... : 0.01
	  aggressiveness .................................. : 0
	  cutback ......................................... : 0.5
	  dtforce ......................................... : no (0)
	solver: (type: solid)
	  symmetric_stiffness ............................. : symmetric (1)
	  equation_scheme ................................. : staggered (0)
	  equation_order .................................. : default (0)
	  optimize_bw ..................................... : no (0)
	  lstol ........................................... : 0.9
	  lsmin ........................................... : 0.01
	  lsiter .......................................... : 5
	  ls_check_jacobians .............................. : no (0)
	  max_refs ........................................ : 15
	  check_zero_diagonal ............................. : no (0)
	  zero_diagonal_tol ............................... : 0
	  force_partition ................................. : 0
	  reform_each_time_step ........................... : yes (1)
	  reform_augment .................................. : no (0)
	  diverge_reform .................................. : yes (1)
	  min_residual .................................... : 1e-20
	  max_residual .................................... : 0
	  dtol ............................................ : 0.001
	  etol ............................................ : 0.01
	  rtol ............................................ : 0
	  rhoi ............................................ : -2
	  alpha ........................................... : 1
	  beta ............................................ : 1
	  gamma ........................................... : 1.5
	  logSolve ........................................ : no (0)
	  arc_length ...................................... : 0
	  arc_length_scale ................................ : 0
	qn_method: (type: BFGS)
	    max_ups ....................................... : 10
	    max_buffer_size ............................... : 0
	    cycle_buffer .................................. : yes (1)
	    cmax .......................................... : 100000




 MATERIAL DATA
===========================================================================
  1 - skin (type: Mooney-Rivlin)
	density ........................................... : (not constant)
	k ................................................. : 480000
	pressure_model .................................... : default (0)
	c1 ................................................ : (not constant)
	c2 ................................................ : (not constant)
---------------------------------------------------------------------------
  2 - adipose (type: Mooney-Rivlin)
	density ........................................... : (not constant)
	k ................................................. : 425000
	pressure_model .................................... : default (0)
	c1 ................................................ : (not constant)
	c2 ................................................ : (not constant)
---------------------------------------------------------------------------
  3 - glandular (type: Mooney-Rivlin)
	density ........................................... : (not constant)
	k ................................................. : 425000
	pressure_model .................................... : default (0)
	c1 ................................................ : (not constant)
	c2 ................................................ : (not constant)


 BOUNDARY CONDITION DATA
===========================================================================
  1 -  Type: zero displacement
	x_dof ............................................. : yes (1)
	y_dof ............................................. : yes (1)
	z_dof ............................................. : yes (1)
---------------------------------------------------------------------------
  2 -  Type: prescribed displacement
	dof ............................................... : 2
	value ............................................. : 1
	relative .......................................... : no (0)
---------------------------------------------------------------------------
  3 -  Type: zero displacement
	x_dof ............................................. : yes (1)
	y_dof ............................................. : yes (1)
	z_dof ............................................. : no (0)


 MODEL LOAD DATA
===========================================================================
  1 -  Type: body force
	force ............................................. : 0, 0, 9.81
---------------------------------------------------------------------------
  2 -  Type: mass damping
	C ................................................. : 20


 LOAD CONTROLLER DATA
===========================================================================
load controller   1 - LC1 (type: loadcurve)
	interpolate ....................................... : LINEAR (0)
	extend ............................................ : CONSTANT (0)
	points ............................................ : (can't display value)
---------------------------------------------------------------------------
load controller   2 - LC2 (type: loadcurve)
	interpolate ....................................... : LINEAR (0)
	extend ............................................ : CONSTANT (0)
	points ............................................ : (can't display value)
---------------------------------------------------------------------------
load controller   3 - LC3 (type: loadcurve)
	interpolate ....................................... : LINEAR (0)
	extend ............................................ : CONSTANT (0)
	points ............................................ : (can't display value)


 OUTPUT DATA
===========================================================================
 LINEAR SOLVER DATA
===========================================================================
	Default linear solver ............................. : pardiso


 *************************************************************************
 * Selecting linear solver pardiso                                       *
 *************************************************************************

===== beginning time step 1 : 0.1 =====


Reforming stiffness matrix: reformation #1

===== reforming stiffness matrix:
	Nr of equations ........................... : 113580
	Nr of nonzeroes in stiffness matrix ....... : 4723659
 1
 Nonlinear solution status: time= 0.1
	stiffness updates             = 0
	right hand side evaluations   = 2
	stiffness matrix reformations = 1
	step from line search         = 1.000000
	convergence norms :     INITIAL         CURRENT         REQUIRED
	   residual            3.313091e-05    7.370342e-01    0.000000e+00 
	   energy              1.210397e-03    2.508474e-04    1.210397e-05 
	   displacement        1.544728e-01    1.544728e-01    1.544728e-07 
 2
 Nonlinear solution status: time= 0.1
	stiffness updates             = 1
	right hand side evaluations   = 4
	stiffness matrix reformations = 1
	step from line search         = 0.488542
	convergence norms :     INITIAL         CURRENT         REQUIRED
	   residual            3.313091e-05    3.122753e-01    0.000000e+00 
	   energy              1.210397e-03    1.082737e-04    1.210397e-05 
	   displacement        1.544728e-01    2.505455e-04    1.608478e-07 
 3
 Nonlinear solution status: time= 0.1
	stiffness updates             = 2
	right hand side evaluations   = 6
	stiffness matrix reformations = 1
	step from line search         = 0.623591
	convergence norms :     INITIAL         CURRENT         REQUIRED
	   residual            3.313091e-05    2.013476e-01    0.000000e+00 
	   energy              1.210397e-03    2.102185e-05    1.210397e-05 
	   displacement        1.544728e-01    8.657386e-04    1.386942e-07 
 4
 Nonlinear solution status: time= 0.1
	stiffness updates             = 3
	right hand side evaluations   = 8
	stiffness matrix reformations = 1
	step from line search         = 0.583582
	convergence norms :     INITIAL         CURRENT         REQUIRED
	   residual            3.313091e-05    6.796653e-02    0.000000e+00 
	   energy              1.210397e-03    9.710329e-06    1.210397e-05 
	   displacement        1.544728e-01    1.533966e-04    1.311756e-07 
 5
 Nonlinear solution status: time= 0.1
	stiffness updates             = 4
	right hand side evaluations   = 10
	stiffness matrix reformations = 1
	step from line search         = 0.501632
	convergence norms :     INITIAL         CURRENT         REQUIRED
	   residual            3.313091e-05    5.764718e-02    0.000000e+00 
	   energy              1.210397e-03    4.174411e-06    1.210397e-05 
	   displacement        1.544728e-01    1.178730e-04    1.374504e-07 
 6
 Nonlinear solution status: time= 0.1
	stiffness updates             = 5
	right hand side evaluations   = 12
	stiffness matrix reformations = 1
	step from line search         = 0.548336
	convergence norms :     INITIAL         CURRENT         REQUIRED
	   residual            3.313091e-05    4.231505e-02    0.000000e+00 
	   energy              1.210397e-03    2.013438e-06    1.210397e-05 
	   displacement        1.544728e-01    1.807229e-04    1.470013e-07 
 7
 Nonlinear solution status: time= 0.1
	stiffness updates             = 6
	right hand side evaluations   = 14
	stiffness matrix reformations = 1
	step from line search         = 0.570662
	convergence norms :     INITIAL         CURRENT         REQUIRED
	   residual            3.313091e-05    1.317478e-02    0.000000e+00 
	   energy              1.210397e-03    1.491822e-06    1.210397e-05 
	   displacement        1.544728e-01    7.248791e-05    1.535206e-07 
 8
 Nonlinear solution status: time= 0.1
	stiffness updates             = 7
	right hand side evaluations   = 16
	stiffness matrix reformations = 1
	step from line search         = 0.542861
	convergence norms :     INITIAL         CURRENT         REQUIRED
	   residual            3.313091e-05    1.095607e-02    0.000000e+00 
	   energy              1.210397e-03    1.024837e-06    1.210397e-05 
	   displacement        1.544728e-01    1.005896e-05    1.551636e-07 
 9
 Nonlinear solution status: time= 0.1
	stiffness updates             = 8
	right hand side evaluations   = 18
	stiffness matrix reformations = 1
	step from line search         = 0.568328
	convergence norms :     INITIAL         CURRENT         REQUIRED
	   residual            3.313091e-05    7.003577e-03    0.000000e+00 
	   energy              1.210397e-03    5.575326e-07    1.210397e-05 
	   displacement        1.544728e-01    3.974708e-06    1.540228e-07 
 10
 Nonlinear solution status: time= 0.1
	stiffness updates             = 9
	right hand side evaluations   = 20
	stiffness matrix reformations = 1
	step from line search         = 0.562488
	convergence norms :     INITIAL         CURRENT         REQUIRED
	   residual            3.313091e-05    4.897506e-03    0.000000e+00 
	   energy              1.210397e-03    3.371276e-07    1.210397e-05 
	   displacement        1.544728e-01    3.404506e-06    1.530741e-07 

 *************************************************************************
 *                               WARNING                                 *
 * Max nr of iterations reached.                                         *
 * Stiffness matrix will now be reformed.                                *
 *************************************************************************
Reforming stiffness matrix: reformation #2

 11
 Nonlinear solution status: time= 0.1
	stiffness updates             = 0
	right hand side evaluations   = 21
	stiffness matrix reformations = 2
	step from line search         = 1.000000
	convergence norms :     INITIAL         CURRENT         REQUIRED
	   residual            3.313091e-05    3.137257e-05    0.000000e+00 
	   energy              1.210397e-03    2.694064e-08    1.210397e-05 
	   displacement        1.544728e-01    5.389235e-06    1.545547e-07 
 12
 Nonlinear solution status: time= 0.1
	stiffness updates             = 1
	right hand side evaluations   = 22
	stiffness matrix reformations = 2
	step from line search         = 1.000000
	convergence norms :     INITIAL         CURRENT         REQUIRED
	   residual            3.313091e-05    1.108662e-05    0.000000e+00 
	   energy              1.210397e-03    1.076145e-08    1.210397e-05 
	   displacement        1.544728e-01    1.005928e-08    1.545505e-07 

convergence summary
    number of iterations   : 12
    number of reformations : 2

------- converged at time : 0.1


AUTO STEPPER: decreasing time step, dt = 0.0957427


===== beginning time step 2 : 0.195743 =====


Reforming stiffness matrix: reformation #1

 1
 Nonlinear solution status: time= 0.195743
	stiffness updates             = 0
	right hand side evaluations   = 2
	stiffness matrix reformations = 1
	step from line search         = 1.000000
	convergence norms :     INITIAL         CURRENT         REQUIRED
	   residual            4.142816e-05    6.146679e-01    0.000000e+00 
	   energy              1.110608e-03    2.130318e-04    1.110608e-05 
	   displacement        1.418868e-01    1.418868e-01    1.418868e-07 
 2
 Nonlinear solution status: time= 0.195743
	stiffness updates             = 1
	right hand side evaluations   = 4
	stiffness matrix reformations = 1
	step from line search         = 0.502521
	convergence norms :     INITIAL         CURRENT         REQUIRED
	   residual            4.142816e-05    2.319420e-01    0.000000e+00 
	   energy              1.110608e-03    8.801129e-05    1.110608e-05 
	   displacement        1.418868e-01    2.094737e-04    1.467104e-07 
 3
 Nonlinear solution status: time= 0.195743
	stiffness updates             = 2
	right hand side evaluations   = 5
	stiffness matrix reformations = 1
	step from line search         = 1.000000
	convergence norms :     INITIAL         CURRENT         REQUIRED
	   residual            4.142816e-05    5.067458e-01    0.000000e+00 
	   energy              1.110608e-03    7.580965e-05    1.110608e-05 
	   displacement        1.418868e-01    1.614339e-03    1.182685e-07 
 4
 Nonlinear solution status: time= 0.195743
	stiffness updates             = 3
	right hand side evaluations   = 6
	stiffness matrix reformations = 1
	step from line search         = 1.000000
	convergence norms :     INITIAL         CURRENT         REQUIRED
	   residual            4.142816e-05    2.519942e-01    0.000000e+00 
	   energy              1.110608e-03    5.848205e-05    1.110608e-05 
	   displacement        1.418868e-01    1.662410e-04    1.154900e-07 
 5
 Nonlinear solution status: time= 0.195743
	stiffness updates             = 4
	right hand side evaluations   = 8
	stiffness matrix reformations = 1
	step from line search         = 0.606804
	convergence norms :     INITIAL         CURRENT         REQUIRED
	   residual            4.142816e-05    2.054907e-01    0.000000e+00 
	   energy              1.110608e-03    8.020655e-06    1.110608e-05 
	   displacement        1.418868e-01    3.702627e-04    1.278235e-07 
 6
 Nonlinear solution status: time= 0.195743
	stiffness updates             = 5
	right hand side evaluations   = 10
	stiffness matrix reformations = 1
	step from line search         = 0.523527
	convergence norms :     INITIAL         CURRENT         REQUIRED
	   residual            4.142816e-05    4.708654e-02    0.000000e+00 
	   energy              1.110608e-03    7.092119e-06    1.110608e-05 
	   displacement        1.418868e-01    1.823251e-04    1.373022e-07 
 7
 Nonlinear solution status: time= 0.195743
	stiffness updates             = 6
	right hand side evaluations   = 12
	stiffness matrix reformations = 1
	step from line search         = 0.558603
	convergence norms :     INITIAL         CURRENT         REQUIRED
	   residual            4.142816e-05    2.449862e-02    0.000000e+00 
	   energy              1.110608e-03    2.346281e-06    1.110608e-05 
	   displacement        1.418868e-01    1.609334e-05    1.389015e-07 
 8
 Nonlinear solution status: time= 0.195743
	stiffness updates             = 7
	right hand side evaluations   = 14
	stiffness matrix reformations = 1
	step from line search         = 0.573791
	convergence norms :     INITIAL         CURRENT         REQUIRED
	   residual            4.142816e-05    1.420497e-02    0.000000e+00 
	   energy              1.110608e-03    1.024561e-06    1.110608e-05 
	   displacement        1.418868e-01    5.178881e-06    1.383525e-07 
 9
 Nonlinear solution status: time= 0.195743
	stiffness updates             = 8
	right hand side evaluations   = 16
	stiffness matrix reformations = 1
	step from line search         = 0.559744
	convergence norms :     INITIAL         CURRENT         REQUIRED
	   residual            4.142816e-05    1.109742e-02    0.000000e+00 
	   energy              1.110608e-03    6.515344e-07    1.110608e-05 
	   displacement        1.418868e-01    2.914298e-06    1.385416e-07 
 10
 Nonlinear solution status: time= 0.195743
	stiffness updates             = 9
	right hand side evaluations   = 18
	stiffness matrix reformations = 1
	step from line search         = 0.563030
	convergence norms :     INITIAL         CURRENT         REQUIRED
	   residual            4.142816e-05    8.278879e-03    0.000000e+00 
	   energy              1.110608e-03    3.492305e-07    1.110608e-05 
	   displacement        1.418868e-01    7.617646e-06    1.398718e-07 

 *************************************************************************
 *                               WARNING                                 *
 * Max nr of iterations reached.                                         *
 * Stiffness matrix will now be reformed.                                *
 *************************************************************************
Reforming stiffness matrix: reformation #2

 11
 Nonlinear solution status: time= 0.195743
	stiffness updates             = 0
	right hand side evaluations   = 19
	stiffness matrix reformations = 2
	step from line search         = 1.000000
	convergence norms :     INITIAL         CURRENT         REQUIRED
	   residual            4.142816e-05    1.609245e-05    0.000000e+00 
	   energy              1.110608e-03    3.133106e-10    1.110608e-05 
	   displacement        1.418868e-01    1.072499e-05    1.421601e-07 
 12
 Nonlinear solution status: time= 0.195743
	stiffness updates             = 1
	right hand side evaluations   = 20
	stiffness matrix reformations = 2
	step from line search         = 1.000000
	convergence norms :     INITIAL         CURRENT         REQUIRED
	   residual            4.142816e-05    8.985357e-07    0.000000e+00 
	   energy              1.110608e-03    1.653843e-09    1.110608e-05 
	   displacement        1.418868e-01    1.297423e-08    1.422222e-07 

convergence summary
    number of iterations   : 12
    number of reformations : 2

------- converged at time : 0.195743


AUTO STEPPER: decreasing time step, dt = 0.0916667


===== beginning time step 3 : 0.287409 =====


Reforming stiffness matrix: reformation #1

 1
 Nonlinear solution status: time= 0.287409
	stiffness updates             = 0
	right hand side evaluations   = 2
	stiffness matrix reformations = 1
	step from line search         = 1.000000
	convergence norms :     INITIAL         CURRENT         REQUIRED
	   residual            2.871148e-05    4.824275e-01    0.000000e+00 
	   energy              1.020705e-03    1.859789e-04    1.020705e-05 
	   displacement        1.308495e-01    1.308495e-01    1.308495e-07 
 2
 Nonlinear solution status: time= 0.287409
	stiffness updates             = 1
	right hand side evaluations   = 4
	stiffness matrix reformations = 1
	step from line search         = 0.520488
	convergence norms :     INITIAL         CURRENT         REQUIRED
	   residual            2.871148e-05    1.317933e-01    0.000000e+00 
	   energy              1.020705e-03    7.725260e-05    1.020705e-05 
	   displacement        1.308495e-01    2.114055e-04    1.350681e-07 
 3
 Nonlinear solution status: time= 0.287409
	stiffness updates             = 2
	right hand side evaluations   = 5
	stiffness matrix reformations = 1
	step from line search         = 1.000000
	convergence norms :     INITIAL         CURRENT         REQUIRED
	   residual            2.871148e-05    2.845161e-01    0.000000e+00 
	   energy              1.020705e-03    4.948635e-05    1.020705e-05 
	   displacement        1.308495e-01    1.296923e-03    1.104561e-07 
 4
 Nonlinear solution status: time= 0.287409
	stiffness updates             = 3
	right hand side evaluations   = 6
	stiffness matrix reformations = 1
	step from line search         = 1.000000
	convergence norms :     INITIAL         CURRENT         REQUIRED
	   residual            2.871148e-05    1.916982e-01    0.000000e+00 
	   energy              1.020705e-03    4.494794e-05    1.020705e-05 
	   displacement        1.308495e-01    1.436652e-04    1.095038e-07 
 5
 Nonlinear solution status: time= 0.287409
	stiffness updates             = 4
	right hand side evaluations   = 8
	stiffness matrix reformations = 1
	step from line search         = 0.624791
	convergence norms :     INITIAL         CURRENT         REQUIRED
	   residual            2.871148e-05    1.282445e-01    0.000000e+00 
	   energy              1.020705e-03    5.132460e-06    1.020705e-05 
	   displacement        1.308495e-01    2.706048e-04    1.198121e-07 
 6
 Nonlinear solution status: time= 0.287409
	stiffness updates             = 5
	right hand side evaluations   = 10
	stiffness matrix reformations = 1
	step from line search         = 0.529943
	convergence norms :     INITIAL         CURRENT         REQUIRED
	   residual            2.871148e-05    2.744565e-02    0.000000e+00 
	   energy              1.020705e-03    5.261143e-06    1.020705e-05 
	   displacement        1.308495e-01    1.266014e-04    1.273820e-07 
 7
 Nonlinear solution status: time= 0.287409
	stiffness updates             = 6
	right hand side evaluations   = 12
	stiffness matrix reformations = 1
	step from line search         = 0.576772
	convergence norms :     INITIAL         CURRENT         REQUIRED
	   residual            2.871148e-05    1.269431e-02    0.000000e+00 
	   energy              1.020705e-03    1.371916e-06    1.020705e-05 
	   displacement        1.308495e-01    1.118943e-05    1.285797e-07 
 8
 Nonlinear solution status: time= 0.287409
	stiffness updates             = 7
	right hand side evaluations   = 14
	stiffness matrix reformations = 1
	step from line search         = 0.605142
	convergence norms :     INITIAL         CURRENT         REQUIRED
	   residual            2.871148e-05    8.862903e-03    0.000000e+00 
	   energy              1.020705e-03    5.826548e-07    1.020705e-05 
	   displacement        1.308495e-01    3.445006e-06    1.283014e-07 
 9
 Nonlinear solution status: time= 0.287409
	stiffness updates             = 8
	right hand side evaluations   = 16
	stiffness matrix reformations = 1
	step from line search         = 0.578421
	convergence norms :     INITIAL         CURRENT         REQUIRED
	   residual            2.871148e-05    6.545564e-03    0.000000e+00 
	   energy              1.020705e-03    3.743710e-07    1.020705e-05 
	   displacement        1.308495e-01    3.127000e-06    1.286422e-07 
 10
 Nonlinear solution status: time= 0.287409
	stiffness updates             = 9
	right hand side evaluations   = 18
	stiffness matrix reformations = 1
	step from line search         = 0.599312
	convergence norms :     INITIAL         CURRENT         REQUIRED
	   residual            2.871148e-05    4.244550e-03    0.000000e+00 
	   energy              1.020705e-03    1.982949e-07    1.020705e-05 
	   displacement        1.308495e-01    6.251256e-06    1.298638e-07 

 *************************************************************************
 *                               WARNING                                 *
 * Max nr of iterations reached.                                         *
 * Stiffness matrix will now be reformed.                                *
 *************************************************************************
Reforming stiffness matrix: reformation #2

 11
 Nonlinear solution status: time= 0.287409
	stiffness updates             = 0
	right hand side evaluations   = 19
	stiffness matrix reformations = 2
	step from line search         = 1.000000
	convergence norms :     INITIAL         CURRENT         REQUIRED
	   residual            2.871148e-05    1.085590e-05    0.000000e+00 
	   energy              1.020705e-03    7.544806e-09    1.020705e-05 
	   displacement        1.308495e-01    5.584351e-06    1.313513e-07 
 12
 Nonlinear solution status: time= 0.287409
	stiffness updates             = 1
	right hand side evaluations   = 20
	stiffness matrix reformations = 2
	step from line search         = 1.000000
	convergence norms :     INITIAL         CURRENT         REQUIRED
	   residual            2.871148e-05    2.735048e-07    0.000000e+00 
	   energy              1.020705e-03    3.614378e-10    1.020705e-05 
	   displacement        1.308495e-01    8.171264e-09    1.313987e-07 

convergence summary
    number of iterations   : 12
    number of reformations : 2

------- converged at time : 0.287409


AUTO STEPPER: decreasing time step, dt = 0.0877642


===== beginning time step 4 : 0.375174 =====


Reforming stiffness matrix: reformation #1

 1
 Nonlinear solution status: time= 0.375174
	stiffness updates             = 0
	right hand side evaluations   = 2
	stiffness matrix reformations = 1
	step from line search         = 1.000000
	convergence norms :     INITIAL         CURRENT         REQUIRED
	   residual            2.579065e-05    3.755600e-01    0.000000e+00 
	   energy              9.395248e-04    1.667536e-04    9.395248e-06 
	   displacement        1.210895e-01    1.210895e-01    1.210895e-07 
 2
 Nonlinear solution status: time= 0.375174
	stiffness updates             = 1
	right hand side evaluations   = 4
	stiffness matrix reformations = 1
	step from line search         = 0.539335
	convergence norms :     INITIAL         CURRENT         REQUIRED
	   residual            2.579065e-05    8.408079e-02    0.000000e+00 
	   energy              9.395248e-04    7.244118e-05    9.395248e-06 
	   displacement        1.210895e-01    2.322874e-04    1.254022e-07 
 3
 Nonlinear solution status: time= 0.375174
	stiffness updates             = 2
	right hand side evaluations   = 5
	stiffness matrix reformations = 1
	step from line search         = 1.000000
	convergence norms :     INITIAL         CURRENT         REQUIRED
	   residual            2.579065e-05    1.527269e-01    0.000000e+00 
	   energy              9.395248e-04    3.258417e-05    9.395248e-06 
	   displacement        1.210895e-01    1.156502e-03    1.029090e-07 
 4
 Nonlinear solution status: time= 0.375174
	stiffness updates             = 3
	right hand side evaluations   = 6
	stiffness matrix reformations = 1
	step from line search         = 1.000000
	convergence norms :     INITIAL         CURRENT         REQUIRED
	   residual            2.579065e-05    1.222902e-01    0.000000e+00 
	   energy              9.395248e-04    3.384278e-05    9.395248e-06 
	   displacement        1.210895e-01    1.418065e-04    1.032421e-07 
 5
 Nonlinear solution status: time= 0.375174
	stiffness updates             = 4
	right hand side evaluations   = 8
	stiffness matrix reformations = 1
	step from line search         = 0.635448
	convergence norms :     INITIAL         CURRENT         REQUIRED
	   residual            2.579065e-05    8.002973e-02    0.000000e+00 
	   energy              9.395248e-04    3.319419e-06    9.395248e-06 
	   displacement        1.210895e-01    2.058218e-04    1.120611e-07 
 6
 Nonlinear solution status: time= 0.375174
	stiffness updates             = 5
	right hand side evaluations   = 10
	stiffness matrix reformations = 1
	step from line search         = 0.534628
	convergence norms :     INITIAL         CURRENT         REQUIRED
	   residual            2.579065e-05    1.434787e-02    0.000000e+00 
	   energy              9.395248e-04    3.821377e-06    9.395248e-06 
	   displacement        1.210895e-01    9.516669e-05    1.183816e-07 
 7
 Nonlinear solution status: time= 0.375174
	stiffness updates             = 6
	right hand side evaluations   = 12
	stiffness matrix reformations = 1
	step from line search         = 0.597274
	convergence norms :     INITIAL         CURRENT         REQUIRED
	   residual            2.579065e-05    7.324200e-03    0.000000e+00 
	   energy              9.395248e-04    8.347644e-07    9.395248e-06 
	   displacement        1.210895e-01    8.203226e-06    1.193673e-07 
 8
 Nonlinear solution status: time= 0.375174
	stiffness updates             = 7
	right hand side evaluations   = 13
	stiffness matrix reformations = 1
	step from line search         = 1.000000
	convergence norms :     INITIAL         CURRENT         REQUIRED
	   residual            2.579065e-05    1.543112e-02    0.000000e+00 
	   energy              9.395248e-04    2.560139e-06    9.395248e-06 
	   displacement        1.210895e-01    6.970279e-06    1.192704e-07 
 9
 Nonlinear solution status: time= 0.375174
	stiffness updates             = 8
	right hand side evaluations   = 14
	stiffness matrix reformations = 1
	step from line search         = 1.000000
	convergence norms :     INITIAL         CURRENT         REQUIRED
	   residual            2.579065e-05    1.497024e-02    0.000000e+00 
	   energy              9.395248e-04    1.818667e-06    9.395248e-06 
	   displacement        1.210895e-01    9.000437e-06    1.199484e-07 
 10
 Nonlinear solution status: time= 0.375174
	stiffness updates             = 9
	right hand side evaluations   = 16
	stiffness matrix reformations = 1
	step from line search         = 0.603066
	convergence norms :     INITIAL         CURRENT         REQUIRED
	   residual            2.579065e-05    3.487022e-03    0.000000e+00 
	   energy              9.395248e-04    3.994607e-07    9.395248e-06 
	   displacement        1.210895e-01    4.181490e-06    1.209139e-07 

 *************************************************************************
 *                               WARNING                                 *
 * Max nr of iterations reached.                                         *
 * Stiffness matrix will now be reformed.                                *
 *************************************************************************
Reforming stiffness matrix: reformation #2

 11
 Nonlinear solution status: time= 0.375174
	stiffness updates             = 0
	right hand side evaluations   = 17
	stiffness matrix reformations = 2
	step from line search         = 1.000000
	convergence norms :     INITIAL         CURRENT         REQUIRED
	   residual            2.579065e-05    1.124463e-05    0.000000e+00 
	   energy              9.395248e-04    5.993722e-09    9.395248e-06 
	   displacement        1.210895e-01    4.356809e-06    1.218194e-07 
 12
 Nonlinear solution status: time= 0.375174
	stiffness updates             = 1
	right hand side evaluations   = 18
	stiffness matrix reformations = 2
	step from line search         = 1.000000
	convergence norms :     INITIAL         CURRENT         REQUIRED
	   residual            2.579065e-05    5.922041e-07    0.000000e+00 
	   energy              9.395248e-04    8.389377e-10    9.395248e-06 
	   displacement        1.210895e-01    5.709355e-09    1.217983e-07 

convergence summary
    number of iterations   : 12
    number of reformations : 2

------- converged at time : 0.375174


AUTO STEPPER: decreasing time step, dt = 0.0840278


===== beginning time step 5 : 0.459201 =====


Reforming stiffness matrix: reformation #1

 1
 Nonlinear solution status: time= 0.459201
	stiffness updates             = 0
	right hand side evaluations   = 2
	stiffness matrix reformations = 1
	step from line search         = 1.000000
	convergence norms :     INITIAL         CURRENT         REQUIRED
	   residual            2.393288e-05    2.906558e-01    0.000000e+00 
	   energy              8.660943e-04    1.529773e-04    8.660943e-06 
	   displacement        1.124238e-01    1.124238e-01    1.124238e-07 
 2
 Nonlinear solution status: time= 0.459201
	stiffness updates             = 1
	right hand side evaluations   = 4
	stiffness matrix reformations = 1
	step from line search         = 0.556579
	convergence norms :     INITIAL         CURRENT         REQUIRED
	   residual            2.393288e-05    6.503131e-02    0.000000e+00 
	   energy              8.660943e-04    7.042375e-05    8.660943e-06 
	   displacement        1.124238e-01    2.619308e-04    1.171270e-07 
 3
 Nonlinear solution status: time= 0.459201
	stiffness updates             = 2
	right hand side evaluations   = 5
	stiffness matrix reformations = 1
	step from line search         = 1.000000
	convergence norms :     INITIAL         CURRENT         REQUIRED
	   residual            2.393288e-05    9.312336e-02    0.000000e+00 
	   energy              8.660943e-04    2.270146e-05    8.660943e-06 
	   displacement        1.124238e-01    1.109688e-03    9.578446e-08 
 4
 Nonlinear solution status: time= 0.459201
	stiffness updates             = 3
	right hand side evaluations   = 6
	stiffness matrix reformations = 1
	step from line search         = 1.000000
	convergence norms :     INITIAL         CURRENT         REQUIRED
	   residual            2.393288e-05    7.620090e-02    0.000000e+00 
	   energy              8.660943e-04    2.770111e-05    8.660943e-06 
	   displacement        1.124238e-01    1.454189e-04    9.662968e-08 
 5
 Nonlinear solution status: time= 0.459201
	stiffness updates             = 4
	right hand side evaluations   = 7
	stiffness matrix reformations = 1
	step from line search         = 1.000000
	convergence norms :     INITIAL         CURRENT         REQUIRED
	   residual            2.393288e-05    1.274947e-01    0.000000e+00 
	   energy              8.660943e-04    2.142752e-05    8.660943e-06 
	   displacement        1.124238e-01    4.125036e-04    1.090182e-07 
 6
 Nonlinear solution status: time= 0.459201
	stiffness updates             = 5
	right hand side evaluations   = 9
	stiffness matrix reformations = 1
	step from line search         = 0.624865
	convergence norms :     INITIAL         CURRENT         REQUIRED
	   residual            2.393288e-05    2.241856e-02    0.000000e+00 
	   energy              8.660943e-04    5.032354e-06    8.660943e-06 
	   displacement        1.124238e-01    4.291002e-05    1.124641e-07 
 7
 Nonlinear solution status: time= 0.459201
	stiffness updates             = 6
	right hand side evaluations   = 11
	stiffness matrix reformations = 1
	step from line search         = 0.603672
	convergence norms :     INITIAL         CURRENT         REQUIRED
	   residual            2.393288e-05    1.087010e-02    0.000000e+00 
	   energy              8.660943e-04    1.604091e-06    8.660943e-06 
	   displacement        1.124238e-01    2.664161e-05    1.100354e-07 
 8
 Nonlinear solution status: time= 0.459201
	stiffness updates             = 7
	right hand side evaluations   = 13
	stiffness matrix reformations = 1
	step from line search         = 0.585433
	convergence norms :     INITIAL         CURRENT         REQUIRED
	   residual            2.393288e-05    5.218037e-03    0.000000e+00 
	   energy              8.660943e-04    6.322662e-07    8.660943e-06 
	   displacement        1.124238e-01    5.054354e-06    1.092784e-07 
 9
 Nonlinear solution status: time= 0.459201
	stiffness updates             = 8
	right hand side evaluations   = 14
	stiffness matrix reformations = 1
	step from line search         = 1.000000
	convergence norms :     INITIAL         CURRENT         REQUIRED
	   residual            2.393288e-05    1.058232e-02    0.000000e+00 
	   energy              8.660943e-04    1.390626e-06    8.660943e-06 
	   displacement        1.124238e-01    1.885130e-05    1.112407e-07 
 10
 Nonlinear solution status: time= 0.459201
	stiffness updates             = 9
	right hand side evaluations   = 15
	stiffness matrix reformations = 1
	step from line search         = 1.000000
	convergence norms :     INITIAL         CURRENT         REQUIRED
	   residual            2.393288e-05    3.974248e-03    0.000000e+00 
	   energy              8.660943e-04    9.374365e-07    8.660943e-06 
	   displacement        1.124238e-01    1.097833e-05    1.132972e-07 

 *************************************************************************
 *                               WARNING                                 *
 * Max nr of iterations reached.                                         *
 * Stiffness matrix will now be reformed.                                *
 *************************************************************************
Reforming stiffness matrix: reformation #2

 11
 Nonlinear solution status: time= 0.459201
	stiffness updates             = 0
	right hand side evaluations   = 16
	stiffness matrix reformations = 2
	step from line search         = 1.000000
	convergence norms :     INITIAL         CURRENT         REQUIRED
	   residual            2.393288e-05    3.356481e-05    0.000000e+00 
	   energy              8.660943e-04    8.358508e-08    8.660943e-06 
	   displacement        1.124238e-01    4.265096e-06    1.133551e-07 
 12
 Nonlinear solution status: time= 0.459201
	stiffness updates             = 1
	right hand side evaluations   = 17
	stiffness matrix reformations = 2
	step from line search         = 1.000000
	convergence norms :     INITIAL         CURRENT         REQUIRED
	   residual            2.393288e-05    6.863652e-06    0.000000e+00 
	   energy              8.660943e-04    1.209599e-08    8.660943e-06 
	   displacement        1.124238e-01    1.110498e-07    1.132020e-07 

convergence summary
    number of iterations   : 12
    number of reformations : 2

------- converged at time : 0.459201


AUTO STEPPER: decreasing time step, dt = 0.0804505


===== beginning time step 6 : 0.539652 =====


Reforming stiffness matrix: reformation #1

 1
 Nonlinear solution status: time= 0.539652
	stiffness updates             = 0
	right hand side evaluations   = 2
	stiffness matrix reformations = 1
	step from line search         = 1.000000
	convergence norms :     INITIAL         CURRENT         REQUIRED
	   residual            2.803501e-05    2.352765e-01    0.000000e+00 
	   energy              7.998331e-04    1.453500e-04    7.998331e-06 
	   displacement        1.047581e-01    1.047581e-01    1.047581e-07 
 2
 Nonlinear solution status: time= 0.539652
	stiffness updates             = 1
	right hand side evaluations   = 4
	stiffness matrix reformations = 1
	step from line search         = 0.558849
	convergence norms :     INITIAL         CURRENT         REQUIRED
	   residual            2.803501e-05    6.952772e-02    0.000000e+00 
	   energy              7.998331e-04    6.879823e-05    7.998331e-06 
	   displacement        1.047581e-01    3.091800e-04    1.105472e-07 
 3
 Nonlinear solution status: time= 0.539652
	stiffness updates             = 2
	right hand side evaluations   = 5
	stiffness matrix reformations = 1
	step from line search         = 1.000000
	convergence norms :     INITIAL         CURRENT         REQUIRED
	   residual            2.803501e-05    7.574493e-02    0.000000e+00 
	   energy              7.998331e-04    1.893749e-05    7.998331e-06 
	   displacement        1.047581e-01    1.192975e-03    8.906309e-08 
 4
 Nonlinear solution status: time= 0.539652
	stiffness updates             = 3
	right hand side evaluations   = 6
	stiffness matrix reformations = 1
	step from line search         = 1.000000
	convergence norms :     INITIAL         CURRENT         REQUIRED
	   residual            2.803501e-05    5.388762e-02    0.000000e+00 
	   energy              7.998331e-04    2.449358e-05    7.998331e-06 
	   displacement        1.047581e-01    1.430137e-04    8.912593e-08 
 5
 Nonlinear solution status: time= 0.539652
	stiffness updates             = 4
	right hand side evaluations   = 7
	stiffness matrix reformations = 1
	step from line search         = 1.000000
	convergence norms :     INITIAL         CURRENT         REQUIRED
	   residual            2.803501e-05    8.733323e-02    0.000000e+00 
	   energy              7.998331e-04    1.625708e-05    7.998331e-06 
	   displacement        1.047581e-01    4.182099e-04    1.012982e-07 
 6
 Nonlinear solution status: time= 0.539652
	stiffness updates             = 5
	right hand side evaluations   = 9
	stiffness matrix reformations = 1
	step from line search         = 0.622757
	convergence norms :     INITIAL         CURRENT         REQUIRED
	   residual            2.803501e-05    1.451036e-02    0.000000e+00 
	   energy              7.998331e-04    3.998156e-06    7.998331e-06 
	   displacement        1.047581e-01    4.364632e-05    1.048416e-07 
 7
 Nonlinear solution status: time= 0.539652
	stiffness updates             = 6
	right hand side evaluations   = 10
	stiffness matrix reformations = 1
	step from line search         = 1.000000
	convergence norms :     INITIAL         CURRENT         REQUIRED
	   residual            2.803501e-05    2.346686e-02    0.000000e+00 
	   energy              7.998331e-04    6.352644e-06    7.998331e-06 
	   displacement        1.047581e-01    5.031563e-05    1.015675e-07 
 8
 Nonlinear solution status: time= 0.539652
	stiffness updates             = 7
	right hand side evaluations   = 11
	stiffness matrix reformations = 1
	step from line search         = 1.000000
	convergence norms :     INITIAL         CURRENT         REQUIRED
	   residual            2.803501e-05    1.157145e-02    0.000000e+00 
	   energy              7.998331e-04    3.056481e-06    7.998331e-06 
	   displacement        1.047581e-01    1.037759e-05    1.016349e-07 
 9
 Nonlinear solution status: time= 0.539652
	stiffness updates             = 8
	right hand side evaluations   = 13
	stiffness matrix reformations = 1
	step from line search         = 0.588073
	convergence norms :     INITIAL         CURRENT         REQUIRED
	   residual            2.803501e-05    7.031344e-03    0.000000e+00 
	   energy              7.998331e-04    6.237844e-07    7.998331e-06 
	   displacement        1.047581e-01    1.282003e-05    1.033984e-07 
 10
 Nonlinear solution status: time= 0.539652
	stiffness updates             = 9
	right hand side evaluations   = 15
	stiffness matrix reformations = 1
	step from line search         = 0.567531
	convergence norms :     INITIAL         CURRENT         REQUIRED
	   residual            2.803501e-05    1.878692e-03    0.000000e+00 
	   energy              7.998331e-04    3.602357e-07    7.998331e-06 
	   displacement        1.047581e-01    4.838439e-06    1.046997e-07 

 *************************************************************************
 *                               WARNING                                 *
 * Max nr of iterations reached.                                         *
 * Stiffness matrix will now be reformed.                                *
 *************************************************************************
Reforming stiffness matrix: reformation #2

 11
 Nonlinear solution status: time= 0.539652
	stiffness updates             = 0
	right hand side evaluations   = 16
	stiffness matrix reformations = 2
	step from line search         = 1.000000
	convergence norms :     INITIAL         CURRENT         REQUIRED
	   residual            2.803501e-05    5.042961e-05    0.000000e+00 
	   energy              7.998331e-04    2.821766e-08    7.998331e-06 
	   displacement        1.047581e-01    5.990655e-06    1.055629e-07 
 12
 Nonlinear solution status: time= 0.539652
	stiffness updates             = 1
	right hand side evaluations   = 17
	stiffness matrix reformations = 2
	step from line search         = 1.000000
	convergence norms :     INITIAL         CURRENT         REQUIRED
	   residual            2.803501e-05    5.579422e-06    0.000000e+00 
	   energy              7.998331e-04    7.439971e-09    7.998331e-06 
	   displacement        1.047581e-01    1.874686e-08    1.055641e-07 

convergence summary
    number of iterations   : 12
    number of reformations : 2

------- converged at time : 0.539652


AUTO STEPPER: decreasing time step, dt = 0.0770255


===== beginning time step 7 : 0.616677 =====


Reforming stiffness matrix: reformation #1

 1
 Nonlinear solution status: time= 0.616677
	stiffness updates             = 0
	right hand side evaluations   = 2
	stiffness matrix reformations = 1
	step from line search         = 1.000000
	convergence norms :     INITIAL         CURRENT         REQUIRED
	   residual            2.503418e-05    1.976064e-01    0.000000e+00 
	   energy              7.389879e-04    1.359770e-04    7.389879e-06 
	   displacement        9.774569e-02    9.774569e-02    9.774569e-08 
 2
 Nonlinear solution status: time= 0.616677
	stiffness updates             = 1
	right hand side evaluations   = 4
	stiffness matrix reformations = 1
	step from line search         = 0.559652
	convergence norms :     INITIAL         CURRENT         REQUIRED
	   residual            2.503418e-05    6.825074e-02    0.000000e+00 
	   energy              7.389879e-04    6.425098e-05    7.389879e-06 
	   displacement        9.774569e-02    3.184276e-04    1.035191e-07 
 3
 Nonlinear solution status: time= 0.616677
	stiffness updates             = 2
	right hand side evaluations   = 5
	stiffness matrix reformations = 1
	step from line search         = 1.000000
	convergence norms :     INITIAL         CURRENT         REQUIRED
	   residual            2.503418e-05    5.974023e-02    0.000000e+00 
	   energy              7.389879e-04    1.498118e-05    7.389879e-06 
	   displacement        9.774569e-02    1.131591e-03    8.326073e-08 
 4
 Nonlinear solution status: time= 0.616677
	stiffness updates             = 3
	right hand side evaluations   = 6
	stiffness matrix reformations = 1
	step from line search         = 1.000000
	convergence norms :     INITIAL         CURRENT         REQUIRED
	   residual            2.503418e-05    3.849426e-02    0.000000e+00 
	   energy              7.389879e-04    2.085590e-05    7.389879e-06 
	   displacement        9.774569e-02    1.376315e-04    8.346427e-08 
 5
 Nonlinear solution status: time= 0.616677
	stiffness updates             = 4
	right hand side evaluations   = 7
	stiffness matrix reformations = 1
	step from line search         = 1.000000
	convergence norms :     INITIAL         CURRENT         REQUIRED
	   residual            2.503418e-05    6.747470e-02    0.000000e+00 
	   energy              7.389879e-04    1.314986e-05    7.389879e-06 
	   displacement        9.774569e-02    3.684178e-04    9.455618e-08 
 6
 Nonlinear solution status: time= 0.616677
	stiffness updates             = 5
	right hand side evaluations   = 9
	stiffness matrix reformations = 1
	step from line search         = 0.609324
	convergence norms :     INITIAL         CURRENT         REQUIRED
	   residual            2.503418e-05    2.671792e-02    0.000000e+00 
	   energy              7.389879e-04    3.707148e-06    7.389879e-06 
	   displacement        9.774569e-02    5.120027e-05    9.847271e-08 
 7
 Nonlinear solution status: time= 0.616677
	stiffness updates             = 6
	right hand side evaluations   = 10
	stiffness matrix reformations = 1
	step from line search         = 1.000000
	convergence norms :     INITIAL         CURRENT         REQUIRED
	   residual            2.503418e-05    2.232918e-02    0.000000e+00 
	   energy              7.389879e-04    5.539178e-06    7.389879e-06 
	   displacement        9.774569e-02    4.879683e-05    9.518036e-08 
 8
 Nonlinear solution status: time= 0.616677
	stiffness updates             = 7
	right hand side evaluations   = 11
	stiffness matrix reformations = 1
	step from line search         = 1.000000
	convergence norms :     INITIAL         CURRENT         REQUIRED
	   residual            2.503418e-05    8.822617e-03    0.000000e+00 
	   energy              7.389879e-04    2.683109e-06    7.389879e-06 
	   displacement        9.774569e-02    1.119938e-05    9.481486e-08 
 9
 Nonlinear solution status: time= 0.616677
	stiffness updates             = 8
	right hand side evaluations   = 13
	stiffness matrix reformations = 1
	step from line search         = 0.591107
	convergence norms :     INITIAL         CURRENT         REQUIRED
	   residual            2.503418e-05    5.623230e-03    0.000000e+00 
	   energy              7.389879e-04    5.377321e-07    7.389879e-06 
	   displacement        9.774569e-02    1.060516e-05    9.638168e-08 
 10
 Nonlinear solution status: time= 0.616677
	stiffness updates             = 9
	right hand side evaluations   = 15
	stiffness matrix reformations = 1
	step from line search         = 0.571898
	convergence norms :     INITIAL         CURRENT         REQUIRED
	   residual            2.503418e-05    2.135410e-03    0.000000e+00 
	   energy              7.389879e-04    3.199966e-07    7.389879e-06 
	   displacement        9.774569e-02    5.459698e-06    9.772807e-08 

 *************************************************************************
 *                               WARNING                                 *
 * Max nr of iterations reached.                                         *
 * Stiffness matrix will now be reformed.                                *
 *************************************************************************
Reforming stiffness matrix: reformation #2

 11
 Nonlinear solution status: time= 0.616677
	stiffness updates             = 0
	right hand side evaluations   = 16
	stiffness matrix reformations = 2
	step from line search         = 1.000000
	convergence norms :     INITIAL         CURRENT         REQUIRED
	   residual            2.503418e-05    4.881045e-05    0.000000e+00 
	   energy              7.389879e-04    4.020541e-09    7.389879e-06 
	   displacement        9.774569e-02    5.981157e-06    9.860253e-08 
 12
 Nonlinear solution status: time= 0.616677
	stiffness updates             = 1
	right hand side evaluations   = 17
	stiffness matrix reformations = 2
	step from line search         = 1.000000
	convergence norms :     INITIAL         CURRENT         REQUIRED
	   residual            2.503418e-05    1.987653e-05    0.000000e+00 
	   energy              7.389879e-04    4.601564e-09    7.389879e-06 
	   displacement        9.774569e-02    1.943499e-08    9.862976e-08 

convergence summary
    number of iterations   : 12
    number of reformations : 2

------- converged at time : 0.616677


AUTO STEPPER: decreasing time step, dt = 0.0737463


===== beginning time step 8 : 0.690424 =====


Reforming stiffness matrix: reformation #1

 1
 Nonlinear solution status: time= 0.690424
	stiffness updates             = 0
	right hand side evaluations   = 2
	stiffness matrix reformations = 1
	step from line search         = 1.000000
	convergence norms :     INITIAL         CURRENT         REQUIRED
	   residual            3.770689e-05    1.665328e-01    0.000000e+00 
	   energy              6.834758e-04    1.285765e-04    6.834758e-06 
	   displacement        9.141119e-02    9.141119e-02    9.141119e-08 
 2
 Nonlinear solution status: time= 0.690424
	stiffness updates             = 1
	right hand side evaluations   = 4
	stiffness matrix reformations = 1
	step from line search         = 0.566778
	convergence norms :     INITIAL         CURRENT         REQUIRED
	   residual            3.770689e-05    6.010335e-02    0.000000e+00 
	   energy              6.834758e-04    6.171029e-05    6.834758e-06 
	   displacement        9.141119e-02    3.329838e-04    9.712050e-08 
 3
 Nonlinear solution status: time= 0.690424
	stiffness updates             = 2
	right hand side evaluations   = 5
	stiffness matrix reformations = 1
	step from line search         = 1.000000
	convergence norms :     INITIAL         CURRENT         REQUIRED
	   residual            3.770689e-05    4.260305e-02    0.000000e+00 
	   energy              6.834758e-04    1.136915e-05    6.834758e-06 
	   displacement        9.141119e-02    1.096591e-03    7.781223e-08 
 4
 Nonlinear solution status: time= 0.690424
	stiffness updates             = 3
	right hand side evaluations   = 6
	stiffness matrix reformations = 1
	step from line search         = 1.000000
	convergence norms :     INITIAL         CURRENT         REQUIRED
	   residual            3.770689e-05    3.516088e-02    0.000000e+00 
	   energy              6.834758e-04    1.889802e-05    6.834758e-06 
	   displacement        9.141119e-02    1.364950e-04    7.838626e-08 
 5
 Nonlinear solution status: time= 0.690424
	stiffness updates             = 4
	right hand side evaluations   = 7
	stiffness matrix reformations = 1
	step from line search         = 1.000000
	convergence norms :     INITIAL         CURRENT         REQUIRED
	   residual            3.770689e-05    6.417029e-02    0.000000e+00 
	   energy              6.834758e-04    1.132581e-05    6.834758e-06 
	   displacement        9.141119e-02    3.177485e-04    8.840109e-08 
 6
 Nonlinear solution status: time= 0.690424
	stiffness updates             = 5
	right hand side evaluations   = 9
	stiffness matrix reformations = 1
	step from line search         = 0.434143
	convergence norms :     INITIAL         CURRENT         REQUIRED
	   residual            3.770689e-05    2.856848e-02    0.000000e+00 
	   energy              6.834758e-04    1.777288e-06    6.834758e-06 
	   displacement        9.141119e-02    3.533444e-05    9.164813e-08 
 7
 Nonlinear solution status: time= 0.690424
	stiffness updates             = 6
	right hand side evaluations   = 11
	stiffness matrix reformations = 1
	step from line search         = 0.573564
	convergence norms :     INITIAL         CURRENT         REQUIRED
	   residual            3.770689e-05    9.290707e-03    0.000000e+00 
	   energy              6.834758e-04    1.783382e-06    6.834758e-06 
	   displacement        9.141119e-02    1.109962e-05    9.067673e-08 
 8
 Nonlinear solution status: time= 0.690424
	stiffness updates             = 7
	right hand side evaluations   = 12
	stiffness matrix reformations = 1
	step from line search         = 1.000000
	convergence norms :     INITIAL         CURRENT         REQUIRED
	   residual            3.770689e-05    8.562179e-03    0.000000e+00 
	   energy              6.834758e-04    2.824251e-06    6.834758e-06 
	   displacement        9.141119e-02    2.199834e-05    8.871321e-08 
 9
 Nonlinear solution status: time= 0.690424
	stiffness updates             = 8
	right hand side evaluations   = 13
	stiffness matrix reformations = 1
	step from line search         = 1.000000
	convergence norms :     INITIAL         CURRENT         REQUIRED
	   residual            3.770689e-05    6.819999e-03    0.000000e+00 
	   energy              6.834758e-04    1.658282e-06    6.834758e-06 
	   displacement        9.141119e-02    1.179275e-05    9.009348e-08 
 10
 Nonlinear solution status: time= 0.690424
	stiffness updates             = 9
	right hand side evaluations   = 15
	stiffness matrix reformations = 1
	step from line search         = 0.592480
	convergence norms :     INITIAL         CURRENT         REQUIRED
	   residual            3.770689e-05    3.860087e-03    0.000000e+00 
	   energy              6.834758e-04    4.797700e-07    6.834758e-06 
	   displacement        9.141119e-02    6.747459e-06    9.145538e-08 

 *************************************************************************
 *                               WARNING                                 *
 * Max nr of iterations reached.                                         *
 * Stiffness matrix will now be reformed.                                *
 *************************************************************************
Reforming stiffness matrix: reformation #2

 11
 Nonlinear solution status: time= 0.690424
	stiffness updates             = 0
	right hand side evaluations   = 16
	stiffness matrix reformations = 2
	step from line search         = 1.000000
	convergence norms :     INITIAL         CURRENT         REQUIRED
	   residual            3.770689e-05    3.434813e-04    0.000000e+00 
	   energy              6.834758e-04    1.609549e-07    6.834758e-06 
	   displacement        9.141119e-02    6.765687e-06    9.237628e-08 
 12
 Nonlinear solution status: time= 0.690424
	stiffness updates             = 1
	right hand side evaluations   = 17
	stiffness matrix reformations = 2
	step from line search         = 1.000000
	convergence norms :     INITIAL         CURRENT         REQUIRED
	   residual            3.770689e-05    2.777346e-04    0.000000e+00 
	   energy              6.834758e-04    1.093427e-07    6.834758e-06 
	   displacement        9.141119e-02    1.981027e-07    9.234443e-08 
 13
 Nonlinear solution status: time= 0.690424
	stiffness updates             = 2
	right hand side evaluations   = 18
	stiffness matrix reformations = 2
	step from line search         = 1.000000
	convergence norms :     INITIAL         CURRENT         REQUIRED
	   residual            3.770689e-05    1.972522e-05    0.000000e+00 
	   energy              6.834758e-04    8.116866e-09    6.834758e-06 
	   displacement        9.141119e-02    5.240239e-08    9.233208e-08 

convergence summary
    number of iterations   : 13
    number of reformations : 2

------- converged at time : 0.690424


AUTO STEPPER: decreasing time step, dt = 0.0678367


===== beginning time step 9 : 0.75826 =====


Reforming stiffness matrix: reformation #1

 1
 Nonlinear solution status: time= 0.75826
	stiffness updates             = 0
	right hand side evaluations   = 2
	stiffness matrix reformations = 1
	step from line search         = 1.000000
	convergence norms :     INITIAL         CURRENT         REQUIRED
	   residual            3.497050e-05    1.304817e-01    0.000000e+00 
	   energy              5.841535e-04    1.062170e-04    5.841535e-06 
	   displacement        7.908521e-02    7.908521e-02    7.908521e-08 
 2
 Nonlinear solution status: time= 0.75826
	stiffness updates             = 1
	right hand side evaluations   = 4
	stiffness matrix reformations = 1
	step from line search         = 0.501525
	convergence norms :     INITIAL         CURRENT         REQUIRED
	   residual            3.497050e-05    4.028227e-02    0.000000e+00 
	   energy              5.841535e-04    3.735654e-05    5.841535e-06 
	   displacement        7.908521e-02    2.211873e-04    8.328709e-08 
 3
 Nonlinear solution status: time= 0.75826
	stiffness updates             = 2
	right hand side evaluations   = 6
	stiffness matrix reformations = 1
	step from line search         = 0.623687
	convergence norms :     INITIAL         CURRENT         REQUIRED
	   residual            3.497050e-05    1.129789e-02    0.000000e+00 
	   energy              5.841535e-04    1.611045e-06    5.841535e-06 
	   displacement        7.908521e-02    2.830856e-04    7.399359e-08 
 4
 Nonlinear solution status: time= 0.75826
	stiffness updates             = 3
	right hand side evaluations   = 7
	stiffness matrix reformations = 1
	step from line search         = 1.000000
	convergence norms :     INITIAL         CURRENT         REQUIRED
	   residual            3.497050e-05    3.297202e-02    0.000000e+00 
	   energy              5.841535e-04    1.452430e-05    5.841535e-06 
	   displacement        7.908521e-02    2.022349e-04    6.869396e-08 
 5
 Nonlinear solution status: time= 0.75826
	stiffness updates             = 4
	right hand side evaluations   = 8
	stiffness matrix reformations = 1
	step from line search         = 1.000000
	convergence norms :     INITIAL         CURRENT         REQUIRED
	   residual            3.497050e-05    3.592487e-02    0.000000e+00 
	   energy              5.841535e-04    6.858828e-06    5.841535e-06 
	   displacement        7.908521e-02    1.582226e-04    7.516168e-08 
 6
 Nonlinear solution status: time= 0.75826
	stiffness updates             = 5
	right hand side evaluations   = 9
	stiffness matrix reformations = 1
	step from line search         = 1.000000
	convergence norms :     INITIAL         CURRENT         REQUIRED
	   residual            3.497050e-05    2.358329e-02    0.000000e+00 
	   energy              5.841535e-04    8.501472e-06    5.841535e-06 
	   displacement        7.908521e-02    1.367854e-04    8.129488e-08 
 7
 Nonlinear solution status: time= 0.75826
	stiffness updates             = 6
	right hand side evaluations   = 10
	stiffness matrix reformations = 1
	step from line search         = 1.000000
	convergence norms :     INITIAL         CURRENT         REQUIRED
	   residual            3.497050e-05    1.533957e-02    0.000000e+00 
	   energy              5.841535e-04    2.100339e-06    5.841535e-06 
	   displacement        7.908521e-02    4.632541e-05    7.799352e-08 
 8
 Nonlinear solution status: time= 0.75826
	stiffness updates             = 7
	right hand side evaluations   = 12
	stiffness matrix reformations = 1
	step from line search         = 0.560865
	convergence norms :     INITIAL         CURRENT         REQUIRED
	   residual            3.497050e-05    8.000203e-03    0.000000e+00 
	   energy              5.841535e-04    4.908423e-07    5.841535e-06 
	   displacement        7.908521e-02    7.694918e-06    7.695771e-08 
 9
 Nonlinear solution status: time= 0.75826
	stiffness updates             = 8
	right hand side evaluations   = 13
	stiffness matrix reformations = 1
	step from line search         = 1.000000
	convergence norms :     INITIAL         CURRENT         REQUIRED
	   residual            3.497050e-05    6.105822e-03    0.000000e+00 
	   energy              5.841535e-04    1.307746e-06    5.841535e-06 
	   displacement        7.908521e-02    8.191392e-06    7.814853e-08 
 10
 Nonlinear solution status: time= 0.75826
	stiffness updates             = 9
	right hand side evaluations   = 14
	stiffness matrix reformations = 1
	step from line search         = 1.000000
	convergence norms :     INITIAL         CURRENT         REQUIRED
	   residual            3.497050e-05    3.192558e-03    0.000000e+00 
	   energy              5.841535e-04    5.993336e-07    5.841535e-06 
	   displacement        7.908521e-02    8.868641e-06    7.970295e-08 

 *************************************************************************
 *                               WARNING                                 *
 * Max nr of iterations reached.                                         *
 * Stiffness matrix will now be reformed.                                *
 *************************************************************************
Reforming stiffness matrix: reformation #2

 11
 Nonlinear solution status: time= 0.75826
	stiffness updates             = 0
	right hand side evaluations   = 15
	stiffness matrix reformations = 2
	step from line search         = 1.000000
	convergence norms :     INITIAL         CURRENT         REQUIRED
	   residual            3.497050e-05    2.182670e-03    0.000000e+00 
	   energy              5.841535e-04    2.491080e-07    5.841535e-06 
	   displacement        7.908521e-02    3.115246e-06    7.994643e-08 
 12
 Nonlinear solution status: time= 0.75826
	stiffness updates             = 1
	right hand side evaluations   = 17
	stiffness matrix reformations = 2
	step from line search         = 0.597932
	convergence norms :     INITIAL         CURRENT         REQUIRED
	   residual            3.497050e-05    5.052541e-04    0.000000e+00 
	   energy              5.841535e-04    1.767585e-07    5.841535e-06 
	   displacement        7.908521e-02    1.618855e-07    7.996148e-08 
 13
 Nonlinear solution status: time= 0.75826
	stiffness updates             = 2
	right hand side evaluations   = 18
	stiffness matrix reformations = 2
	step from line search         = 1.000000
	convergence norms :     INITIAL         CURRENT         REQUIRED
	   residual            3.497050e-05    1.079791e-05    0.000000e+00 
	   energy              5.841535e-04    1.679928e-08    5.841535e-06 
	   displacement        7.908521e-02    2.095547e-07    7.986660e-08 
 14
 Nonlinear solution status: time= 0.75826
	stiffness updates             = 3
	right hand side evaluations   = 19
	stiffness matrix reformations = 2
	step from line search         = 1.000000
	convergence norms :     INITIAL         CURRENT         REQUIRED
	   residual            3.497050e-05    2.349962e-04    0.000000e+00 
	   energy              5.841535e-04    1.276602e-08    5.841535e-06 
	   displacement        7.908521e-02    2.943233e-08    7.991907e-08 

convergence summary
    number of iterations   : 14
    number of reformations : 2

------- converged at time : 0.75826


AUTO STEPPER: decreasing time step, dt = 0.0601308


===== beginning time step 10 : 0.818391 =====


Reforming stiffness matrix: reformation #1

 1
 Nonlinear solution status: time= 0.818391
	stiffness updates             = 0
	right hand side evaluations   = 2
	stiffness matrix reformations = 1
	step from line search         = 1.000000
	convergence norms :     INITIAL         CURRENT         REQUIRED
	   residual            2.468110e-04    7.260542e-02    0.000000e+00 
	   energy              4.634664e-04    7.306930e-05    4.634664e-06 
	   displacement        6.351275e-02    6.351275e-02    6.351275e-08 
 2
 Nonlinear solution status: time= 0.818391
	stiffness updates             = 1
	right hand side evaluations   = 4
	stiffness matrix reformations = 1
	step from line search         = 0.604197
	convergence norms :     INITIAL         CURRENT         REQUIRED
	   residual            2.468110e-04    2.160540e-02    0.000000e+00 
	   energy              4.634664e-04    3.246799e-05    4.634664e-06 
	   displacement        6.351275e-02    1.738069e-04    6.545913e-08 
 3
 Nonlinear solution status: time= 0.818391
	stiffness updates             = 2
	right hand side evaluations   = 5
	stiffness matrix reformations = 1
	step from line search         = 1.000000
	convergence norms :     INITIAL         CURRENT         REQUIRED
	   residual            2.468110e-04    6.477436e-03    0.000000e+00 
	   energy              4.634664e-04    1.342638e-06    4.634664e-06 
	   displacement        6.351275e-02    3.833921e-04    5.608244e-08 
 4
 Nonlinear solution status: time= 0.818391
	stiffness updates             = 3
	right hand side evaluations   = 6
	stiffness matrix reformations = 1
	step from line search         = 1.000000
	convergence norms :     INITIAL         CURRENT         REQUIRED
	   residual            2.468110e-04    1.306355e-02    0.000000e+00 
	   energy              4.634664e-04    6.882346e-06    4.634664e-06 
	   displacement        6.351275e-02    9.513436e-05    5.846794e-08 
 5
 Nonlinear solution status: time= 0.818391
	stiffness updates             = 4
	right hand side evaluations   = 7
	stiffness matrix reformations = 1
	step from line search         = 1.000000
	convergence norms :     INITIAL         CURRENT         REQUIRED
	   residual            2.468110e-04    6.532509e-03    0.000000e+00 
	   energy              4.634664e-04    1.850327e-06    4.634664e-06 
	   displacement        6.351275e-02    6.716189e-05    6.237924e-08 
 6
 Nonlinear solution status: time= 0.818391
	stiffness updates             = 5
	right hand side evaluations   = 9
	stiffness matrix reformations = 1
	step from line search         = 0.620896
	convergence norms :     INITIAL         CURRENT         REQUIRED
	   residual            2.468110e-04    1.166747e-03    0.000000e+00 
	   energy              4.634664e-04    4.725944e-07    4.634664e-06 
	   displacement        6.351275e-02    5.415662e-06    6.309437e-08 
 7
 Nonlinear solution status: time= 0.818391
	stiffness updates             = 6
	right hand side evaluations   = 10
	stiffness matrix reformations = 1
	step from line search         = 1.000000
	convergence norms :     INITIAL         CURRENT         REQUIRED
	   residual            2.468110e-04    1.471873e-03    0.000000e+00 
	   energy              4.634664e-04    2.346854e-07    4.634664e-06 
	   displacement        6.351275e-02    2.514930e-06    6.311393e-08 
 8
 Nonlinear solution status: time= 0.818391
	stiffness updates             = 7
	right hand side evaluations   = 12
	stiffness matrix reformations = 1
	step from line search         = 0.635892
	convergence norms :     INITIAL         CURRENT         REQUIRED
	   residual            2.468110e-04    6.348572e-04    0.000000e+00 
	   energy              4.634664e-04    8.875229e-08    4.634664e-06 
	   displacement        6.351275e-02    2.305287e-06    6.347988e-08 
 9
 Nonlinear solution status: time= 0.818391
	stiffness updates             = 8
	right hand side evaluations   = 13
	stiffness matrix reformations = 1
	step from line search         = 1.000000
	convergence norms :     INITIAL         CURRENT         REQUIRED
	   residual            2.468110e-04    8.144917e-04    0.000000e+00 
	   energy              4.634664e-04    2.953060e-07    4.634664e-06 
	   displacement        6.351275e-02    4.164435e-06    6.421517e-08 
 10
 Nonlinear solution status: time= 0.818391
	stiffness updates             = 9
	right hand side evaluations   = 14
	stiffness matrix reformations = 1
	step from line search         = 1.000000
	convergence norms :     INITIAL         CURRENT         REQUIRED
	   residual            2.468110e-04    3.136342e-04    0.000000e+00 
	   energy              4.634664e-04    1.337875e-07    4.634664e-06 
	   displacement        6.351275e-02    4.287450e-07    6.433290e-08 

 *************************************************************************
 *                               WARNING                                 *
 * Max nr of iterations reached.                                         *
 * Stiffness matrix will now be reformed.                                *
 *************************************************************************
Reforming stiffness matrix: reformation #2

 11
 Nonlinear solution status: time= 0.818391
	stiffness updates             = 0
	right hand side evaluations   = 15
	stiffness matrix reformations = 2
	step from line search         = 1.000000
	convergence norms :     INITIAL         CURRENT         REQUIRED
	   residual            2.468110e-04    9.638231e-07    0.000000e+00 
	   energy              4.634664e-04    3.259871e-09    4.634664e-06 
	   displacement        6.351275e-02    5.570088e-07    6.423461e-08 
 12
 Nonlinear solution status: time= 0.818391
	stiffness updates             = 1
	right hand side evaluations   = 16
	stiffness matrix reformations = 2
	step from line search         = 1.000000
	convergence norms :     INITIAL         CURRENT         REQUIRED
	   residual            2.468110e-04    3.666129e-08    0.000000e+00 
	   energy              4.634664e-04    6.800734e-11    4.634664e-06 
	   displacement        6.351275e-02    1.899827e-09    6.421830e-08 

convergence summary
    number of iterations   : 12
    number of reformations : 2

------- converged at time : 0.818391


AUTO STEPPER: decreasing time step, dt = 0.0575709


===== beginning time step 11 : 0.875962 =====


Reforming stiffness matrix: reformation #1

 1
 Nonlinear solution status: time= 0.875962
	stiffness updates             = 0
	right hand side evaluations   = 2
	stiffness matrix reformations = 1
	step from line search         = 1.000000
	convergence norms :     INITIAL         CURRENT         REQUIRED
	   residual            1.101622e-05    6.324256e-02    0.000000e+00 
	   energy              4.289422e-04    6.887523e-05    4.289422e-06 
	   displacement        5.951568e-02    5.951568e-02    5.951568e-08 
 2
 Nonlinear solution status: time= 0.875962
	stiffness updates             = 1
	right hand side evaluations   = 4
	stiffness matrix reformations = 1
	step from line search         = 0.605998
	convergence norms :     INITIAL         CURRENT         REQUIRED
	   residual            1.101622e-05    2.114718e-02    0.000000e+00 
	   energy              4.289422e-04    3.080959e-05    4.289422e-06 
	   displacement        5.951568e-02    1.756725e-04    6.142495e-08 
 3
 Nonlinear solution status: time= 0.875962
	stiffness updates             = 2
	right hand side evaluations   = 5
	stiffness matrix reformations = 1
	step from line search         = 1.000000
	convergence norms :     INITIAL         CURRENT         REQUIRED
	   residual            1.101622e-05    5.217425e-03    0.000000e+00 
	   energy              4.289422e-04    8.108797e-07    4.289422e-06 
	   displacement        5.951568e-02    3.759169e-04    5.244386e-08 
 4
 Nonlinear solution status: time= 0.875962
	stiffness updates             = 3
	right hand side evaluations   = 6
	stiffness matrix reformations = 1
	step from line search         = 1.000000
	convergence norms :     INITIAL         CURRENT         REQUIRED
	   residual            1.101622e-05    1.195365e-02    0.000000e+00 
	   energy              4.289422e-04    5.809671e-06    4.289422e-06 
	   displacement        5.951568e-02    9.490775e-05    5.484847e-08 
 5
 Nonlinear solution status: time= 0.875962
	stiffness updates             = 4
	right hand side evaluations   = 7
	stiffness matrix reformations = 1
	step from line search         = 1.000000
	convergence norms :     INITIAL         CURRENT         REQUIRED
	   residual            1.101622e-05    4.233384e-03    0.000000e+00 
	   energy              4.289422e-04    1.274307e-06    4.289422e-06 
	   displacement        5.951568e-02    5.849590e-05    5.839607e-08 
 6
 Nonlinear solution status: time= 0.875962
	stiffness updates             = 5
	right hand side evaluations   = 8
	stiffness matrix reformations = 1
	step from line search         = 1.000000
	convergence norms :     INITIAL         CURRENT         REQUIRED
	   residual            1.101622e-05    3.436663e-03    0.000000e+00 
	   energy              4.289422e-04    1.970947e-06    4.289422e-06 
	   displacement        5.951568e-02    1.118828e-05    5.946307e-08 
 7
 Nonlinear solution status: time= 0.875962
	stiffness updates             = 6
	right hand side evaluations   = 9
	stiffness matrix reformations = 1
	step from line search         = 1.000000
	convergence norms :     INITIAL         CURRENT         REQUIRED
	   residual            1.101622e-05    5.794320e-04    0.000000e+00 
	   energy              4.289422e-04    1.790427e-08    4.289422e-06 
	   displacement        5.951568e-02    3.807348e-06    5.918920e-08 
 8
 Nonlinear solution status: time= 0.875962
	stiffness updates             = 7
	right hand side evaluations   = 11
	stiffness matrix reformations = 1
	step from line search         = 0.623923
	convergence norms :     INITIAL         CURRENT         REQUIRED
	   residual            1.101622e-05    4.611022e-04    0.000000e+00 
	   energy              4.289422e-04    6.165006e-08    4.289422e-06 
	   displacement        5.951568e-02    2.274347e-06    5.955537e-08 
 9
 Nonlinear solution status: time= 0.875962
	stiffness updates             = 8
	right hand side evaluations   = 12
	stiffness matrix reformations = 1
	step from line search         = 1.000000
	convergence norms :     INITIAL         CURRENT         REQUIRED
	   residual            1.101622e-05    3.953836e-04    0.000000e+00 
	   energy              4.289422e-04    4.655975e-08    4.289422e-06 
	   displacement        5.951568e-02    1.611009e-06    6.005932e-08 
 10
 Nonlinear solution status: time= 0.875962
	stiffness updates             = 9
	right hand side evaluations   = 13
	stiffness matrix reformations = 1
	step from line search         = 1.000000
	convergence norms :     INITIAL         CURRENT         REQUIRED
	   residual            1.101622e-05    5.231200e-04    0.000000e+00 
	   energy              4.289422e-04    1.852612e-07    4.289422e-06 
	   displacement        5.951568e-02    1.016483e-06    6.043443e-08 

 *************************************************************************
 *                               WARNING                                 *
 * Max nr of iterations reached.                                         *
 * Stiffness matrix will now be reformed.                                *
 *************************************************************************
Reforming stiffness matrix: reformation #2

 11
 Nonlinear solution status: time= 0.875962
	stiffness updates             = 0
	right hand side evaluations   = 14
	stiffness matrix reformations = 2
	step from line search         = 1.000000
	convergence norms :     INITIAL         CURRENT         REQUIRED
	   residual            1.101622e-05    1.840447e-06    0.000000e+00 
	   energy              4.289422e-04    1.063899e-08    4.289422e-06 
	   displacement        5.951568e-02    3.762141e-07    6.021976e-08 
 12
 Nonlinear solution status: time= 0.875962
	stiffness updates             = 1
	right hand side evaluations   = 15
	stiffness matrix reformations = 2
	step from line search         = 1.000000
	convergence norms :     INITIAL         CURRENT         REQUIRED
	   residual            1.101622e-05    2.759977e-07    0.000000e+00 
	   energy              4.289422e-04    7.859285e-10    4.289422e-06 
	   displacement        5.951568e-02    1.522655e-08    6.018203e-08 

convergence summary
    number of iterations   : 12
    number of reformations : 2

------- converged at time : 0.875962


AUTO STEPPER: decreasing time step, dt = 0.0551199


===== beginning time step 12 : 0.931082 =====


Reforming stiffness matrix: reformation #1

 1
 Nonlinear solution status: time= 0.931082
	stiffness updates             = 0
	right hand side evaluations   = 2
	stiffness matrix reformations = 1
	step from line search         = 1.000000
	convergence norms :     INITIAL         CURRENT         REQUIRED
	   residual            1.036628e-05    5.432071e-02    0.000000e+00 
	   energy              3.972622e-04    6.531044e-05    3.972622e-06 
	   displacement        5.582244e-02    5.582244e-02    5.582244e-08 
 2
 Nonlinear solution status: time= 0.931082
	stiffness updates             = 1
	right hand side evaluations   = 4
	stiffness matrix reformations = 1
	step from line search         = 0.609705
	convergence norms :     INITIAL         CURRENT         REQUIRED
	   residual            1.036628e-05    1.892450e-02    0.000000e+00 
	   energy              3.972622e-04    2.926928e-05    3.972622e-06 
	   displacement        5.582244e-02    1.784221e-04    5.766387e-08 
 3
 Nonlinear solution status: time= 0.931082
	stiffness updates             = 2
	right hand side evaluations   = 5
	stiffness matrix reformations = 1
	step from line search         = 1.000000
	convergence norms :     INITIAL         CURRENT         REQUIRED
	   residual            1.036628e-05    3.926428e-03    0.000000e+00 
	   energy              3.972622e-04    2.839831e-07    3.972622e-06 
	   displacement        5.582244e-02    3.660198e-04    4.910150e-08 
 4
 Nonlinear solution status: time= 0.931082
	stiffness updates             = 3
	right hand side evaluations   = 6
	stiffness matrix reformations = 1
	step from line search         = 1.000000
	convergence norms :     INITIAL         CURRENT         REQUIRED
	   residual            1.036628e-05    1.007112e-02    0.000000e+00 
	   energy              3.972622e-04    5.016584e-06    3.972622e-06 
	   displacement        5.582244e-02    9.480513e-05    5.154237e-08 
 5
 Nonlinear solution status: time= 0.931082
	stiffness updates             = 4
	right hand side evaluations   = 7
	stiffness matrix reformations = 1
	step from line search         = 1.000000
	convergence norms :     INITIAL         CURRENT         REQUIRED
	   residual            1.036628e-05    3.049265e-03    0.000000e+00 
	   energy              3.972622e-04    9.574736e-07    3.972622e-06 
	   displacement        5.582244e-02    5.061708e-05    5.474387e-08 
 6
 Nonlinear solution status: time= 0.931082
	stiffness updates             = 5
	right hand side evaluations   = 8
	stiffness matrix reformations = 1
	step from line search         = 1.000000
	convergence norms :     INITIAL         CURRENT         REQUIRED
	   residual            1.036628e-05    2.089716e-03    0.000000e+00 
	   energy              3.972622e-04    1.461922e-06    3.972622e-06 
	   displacement        5.582244e-02    9.387740e-06    5.571246e-08 
 7
 Nonlinear solution status: time= 0.931082
	stiffness updates             = 6
	right hand side evaluations   = 9
	stiffness matrix reformations = 1
	step from line search         = 1.000000
	convergence norms :     INITIAL         CURRENT         REQUIRED
	   residual            1.036628e-05    3.461196e-04    0.000000e+00 
	   energy              3.972622e-04    2.763064e-08    3.972622e-06 
	   displacement        5.582244e-02    3.311257e-06    5.563177e-08 
 8
 Nonlinear solution status: time= 0.931082
	stiffness updates             = 7
	right hand side evaluations   = 11
	stiffness matrix reformations = 1
	step from line search         = 0.627272
	convergence norms :     INITIAL         CURRENT         REQUIRED
	   residual            1.036628e-05    4.234344e-04    0.000000e+00 
	   energy              3.972622e-04    4.932772e-08    3.972622e-06 
	   displacement        5.582244e-02    2.142774e-06    5.598279e-08 
 9
 Nonlinear solution status: time= 0.931082
	stiffness updates             = 8
	right hand side evaluations   = 12
	stiffness matrix reformations = 1
	step from line search         = 1.000000
	convergence norms :     INITIAL         CURRENT         REQUIRED
	   residual            1.036628e-05    2.185561e-04    0.000000e+00 
	   energy              3.972622e-04    6.660441e-08    3.972622e-06 
	   displacement        5.582244e-02    1.456132e-06    5.642155e-08 
 10
 Nonlinear solution status: time= 0.931082
	stiffness updates             = 9
	right hand side evaluations   = 13
	stiffness matrix reformations = 1
	step from line search         = 1.000000
	convergence norms :     INITIAL         CURRENT         REQUIRED
	   residual            1.036628e-05    3.443534e-04    0.000000e+00 
	   energy              3.972622e-04    1.672940e-07    3.972622e-06 
	   displacement        5.582244e-02    6.436283e-07    5.667110e-08 

 *************************************************************************
 *                               WARNING                                 *
 * Max nr of iterations reached.                                         *
 * Stiffness matrix will now be reformed.                                *
 *************************************************************************
Reforming stiffness matrix: reformation #2

 11
 Nonlinear solution status: time= 0.931082
	stiffness updates             = 0
	right hand side evaluations   = 14
	stiffness matrix reformations = 2
	step from line search         = 1.000000
	convergence norms :     INITIAL         CURRENT         REQUIRED
	   residual            1.036628e-05    4.502794e-08    0.000000e+00 
	   energy              3.972622e-04    6.703459e-10    3.972622e-06 
	   displacement        5.582244e-02    2.910955e-07    5.648894e-08 
 12
 Nonlinear solution status: time= 0.931082
	stiffness updates             = 1
	right hand side evaluations   = 15
	stiffness matrix reformations = 2
	step from line search         = 1.000000
	convergence norms :     INITIAL         CURRENT         REQUIRED
	   residual            1.036628e-05    8.256594e-10    0.000000e+00 
	   energy              3.972622e-04    5.413888e-12    3.972622e-06 
	   displacement        5.582244e-02    2.076596e-09    5.647240e-08 

convergence summary
    number of iterations   : 12
    number of reformations : 2

------- converged at time : 0.931082


AUTO STEPPER: decreasing time step, dt = 0.0527733


===== beginning time step 13 : 0.983855 =====


Reforming stiffness matrix: reformation #1

 1
 Nonlinear solution status: time= 0.983855
	stiffness updates             = 0
	right hand side evaluations   = 2
	stiffness matrix reformations = 1
	step from line search         = 1.000000
	convergence norms :     INITIAL         CURRENT         REQUIRED
	   residual            9.228930e-06    4.596925e-02    0.000000e+00 
	   energy              3.679166e-04    6.133952e-05    3.679166e-06 
	   displacement        5.237348e-02    5.237348e-02    5.237348e-08 
 2
 Nonlinear solution status: time= 0.983855
	stiffness updates             = 1
	right hand side evaluations   = 4
	stiffness matrix reformations = 1
	step from line search         = 0.613494
	convergence norms :     INITIAL         CURRENT         REQUIRED
	   residual            9.228930e-06    1.590903e-02    0.000000e+00 
	   energy              3.679166e-04    2.710500e-05    3.679166e-06 
	   displacement        5.237348e-02    1.755809e-04    5.398206e-08 
 3
 Nonlinear solution status: time= 0.983855
	stiffness updates             = 2
	right hand side evaluations   = 5
	stiffness matrix reformations = 1
	step from line search         = 1.000000
	convergence norms :     INITIAL         CURRENT         REQUIRED
	   residual            9.228930e-06    2.716349e-03    0.000000e+00 
	   energy              3.679166e-04    1.246163e-07    3.679166e-06 
	   displacement        5.237348e-02    3.371074e-04    4.606603e-08 
 4
 Nonlinear solution status: time= 0.983855
	stiffness updates             = 3
	right hand side evaluations   = 6
	stiffness matrix reformations = 1
	step from line search         = 1.000000
	convergence norms :     INITIAL         CURRENT         REQUIRED
	   residual            9.228930e-06    7.638446e-03    0.000000e+00 
	   energy              3.679166e-04    4.085071e-06    3.679166e-06 
	   displacement        5.237348e-02    9.417708e-05    4.858868e-08 
 5
 Nonlinear solution status: time= 0.983855
	stiffness updates             = 4
	right hand side evaluations   = 7
	stiffness matrix reformations = 1
	step from line search         = 1.000000
	convergence norms :     INITIAL         CURRENT         REQUIRED
	   residual            9.228930e-06    2.258033e-03    0.000000e+00 
	   energy              3.679166e-04    6.869543e-07    3.679166e-06 
	   displacement        5.237348e-02    4.136350e-05    5.139617e-08 
 6
 Nonlinear solution status: time= 0.983855
	stiffness updates             = 5
	right hand side evaluations   = 8
	stiffness matrix reformations = 1
	step from line search         = 1.000000
	convergence norms :     INITIAL         CURRENT         REQUIRED
	   residual            9.228930e-06    1.383606e-03    0.000000e+00 
	   energy              3.679166e-04    1.097517e-06    3.679166e-06 
	   displacement        5.237348e-02    7.830050e-06    5.226834e-08 
 7
 Nonlinear solution status: time= 0.983855
	stiffness updates             = 6
	right hand side evaluations   = 9
	stiffness matrix reformations = 1
	step from line search         = 1.000000
	convergence norms :     INITIAL         CURRENT         REQUIRED
	   residual            9.228930e-06    2.520713e-04    0.000000e+00 
	   energy              3.679166e-04    3.593065e-08    3.679166e-06 
	   displacement        5.237348e-02    2.960771e-06    5.230536e-08 
 8
 Nonlinear solution status: time= 0.983855
	stiffness updates             = 7
	right hand side evaluations   = 11
	stiffness matrix reformations = 1
	step from line search         = 0.613690
	convergence norms :     INITIAL         CURRENT         REQUIRED
	   residual            9.228930e-06    3.154590e-04    0.000000e+00 
	   energy              3.679166e-04    4.636817e-08    3.679166e-06 
	   displacement        5.237348e-02    1.906548e-06    5.262726e-08 
 9
 Nonlinear solution status: time= 0.983855
	stiffness updates             = 8
	right hand side evaluations   = 12
	stiffness matrix reformations = 1
	step from line search         = 1.000000
	convergence norms :     INITIAL         CURRENT         REQUIRED
	   residual            9.228930e-06    1.921266e-04    0.000000e+00 
	   energy              3.679166e-04    6.669180e-08    3.679166e-06 
	   displacement        5.237348e-02    1.197682e-06    5.299580e-08 
 10
 Nonlinear solution status: time= 0.983855
	stiffness updates             = 9
	right hand side evaluations   = 13
	stiffness matrix reformations = 1
	step from line search         = 1.000000
	convergence norms :     INITIAL         CURRENT         REQUIRED
	   residual            9.228930e-06    1.846189e-04    0.000000e+00 
	   energy              3.679166e-04    9.686856e-08    3.679166e-06 
	   displacement        5.237348e-02    3.396228e-07    5.311130e-08 

 *************************************************************************
 *                               WARNING                                 *
 * Max nr of iterations reached.                                         *
 * Stiffness matrix will now be reformed.                                *
 *************************************************************************
Reforming stiffness matrix: reformation #2

 11
 Nonlinear solution status: time= 0.983855
	stiffness updates             = 0
	right hand side evaluations   = 14
	stiffness matrix reformations = 2
	step from line search         = 1.000000
	convergence norms :     INITIAL         CURRENT         REQUIRED
	   residual            9.228930e-06    7.221775e-08    0.000000e+00 
	   energy              3.679166e-04    1.171817e-09    3.679166e-06 
	   displacement        5.237348e-02    1.607691e-07    5.300118e-08 
 12
 Nonlinear solution status: time= 0.983855
	stiffness updates             = 1
	right hand side evaluations   = 15
	stiffness matrix reformations = 2
	step from line search         = 1.000000
	convergence norms :     INITIAL         CURRENT         REQUIRED
	   residual            9.228930e-06    3.281144e-09    0.000000e+00 
	   energy              3.679166e-04    1.895811e-11    3.679166e-06 
	   displacement        5.237348e-02    1.279268e-09    5.298979e-08 

convergence summary
    number of iterations   : 12
    number of reformations : 2

------- converged at time : 0.983855


AUTO STEPPER: decreasing time step, dt = 0.0505266

MUST POINT CONTROLLER: adjusting time step. dt = 0.0161449


===== beginning time step 14 : 1 =====


Reforming stiffness matrix: reformation #1

 1
 Nonlinear solution status: time= 1
	stiffness updates             = 0
	right hand side evaluations   = 2
	stiffness matrix reformations = 1
	step from line search         = 1.000000
	convergence norms :     INITIAL         CURRENT         REQUIRED
	   residual            8.676715e-07    4.086929e-04    0.000000e+00 
	   energy              3.479857e-05    5.603808e-07    3.479857e-07 
	   displacement        5.019158e-03    5.019158e-03    5.019158e-09 
 2
 Nonlinear solution status: time= 1
	stiffness updates             = 1
	right hand side evaluations   = 3
	stiffness matrix reformations = 1
	step from line search         = 1.000000
	convergence norms :     INITIAL         CURRENT         REQUIRED
	   residual            8.676715e-07    2.427454e-05    0.000000e+00 
	   energy              3.479857e-05    1.223730e-07    3.479857e-07 
	   displacement        5.019158e-03    8.656077e-07    4.942888e-09 
 3
 Nonlinear solution status: time= 1
	stiffness updates             = 2
	right hand side evaluations   = 4
	stiffness matrix reformations = 1
	step from line search         = 1.000000
	convergence norms :     INITIAL         CURRENT         REQUIRED
	   residual            8.676715e-07    2.818003e-06    0.000000e+00 
	   energy              3.479857e-05    4.509180e-09    3.479857e-07 
	   displacement        5.019158e-03    5.585722e-07    5.001069e-09 
 4
 Nonlinear solution status: time= 1
	stiffness updates             = 3
	right hand side evaluations   = 5
	stiffness matrix reformations = 1
	step from line search         = 1.000000
	convergence norms :     INITIAL         CURRENT         REQUIRED
	   residual            8.676715e-07    3.022416e-07    0.000000e+00 
	   energy              3.479857e-05    1.100446e-10    3.479857e-07 
	   displacement        5.019158e-03    1.016458e-07    5.038344e-09 
 5
 Nonlinear solution status: time= 1
	stiffness updates             = 4
	right hand side evaluations   = 6
	stiffness matrix reformations = 1
	step from line search         = 1.000000
	convergence norms :     INITIAL         CURRENT         REQUIRED
	   residual            8.676715e-07    3.466933e-08    0.000000e+00 
	   energy              3.479857e-05    9.114249e-12    3.479857e-07 
	   displacement        5.019158e-03    1.001323e-09    5.040237e-09 

convergence summary
    number of iterations   : 5
    number of reformations : 1

------- converged at time : 1



 N O N L I N E A R   I T E R A T I O N   I N F O R M A T I O N

	Number of time steps completed .................... : 14

	Total number of equilibrium iterations ............ : 164

	Average number of equilibrium iterations .......... : 11.7143

	Total number of right hand evaluations ............ : 235

	Total number of stiffness reformations ............ : 27


 L I N E A R   S O L V E R   S T A T S

	Total calls to linear solver ........ : 164

	Avg iterations per solve ............ : 1

FATAL ERROR: Output variable "density_map" is not defined

 *************************************************************************
 * Selecting linear solver pardiso                                       *
 *************************************************************************

===== beginning time step 1 : 1.01 =====


Reforming stiffness matrix: reformation #1

===== reforming stiffness matrix:
	Nr of equations ........................... : 116467
	Nr of nonzeroes in stiffness matrix ....... : 4839296
 1
 Nonlinear solution status: time= 1.01
	stiffness updates             = 0
	right hand side evaluations   = 2
	stiffness matrix reformations = 1
	step from line search         = 1.000000
	convergence norms :     INITIAL         CURRENT         REQUIRED
	   residual            1.218915e+05    3.514701e+00    0.000000e+00 
	   energy              6.463800e+00    6.399681e-03    6.463800e-02 
	   displacement        4.593546e-02    4.593546e-02    4.593546e-08 
 2

 *************************************************************************
 *                                ERROR                                  *
 * 34 negative jacobians detected.                                       *
 *************************************************************************


------- failed to converge at time : 1.01

Retrying time step. Retry attempt 1 of max 20


AUTO STEPPER: retry step, dt = 0.00952381


===== beginning time step 1 : 1.00952 =====


Reforming stiffness matrix: reformation #1

 1
 Nonlinear solution status: time= 1.00952
	stiffness updates             = 0
	right hand side evaluations   = 2
	stiffness matrix reformations = 1
	step from line search         = 1.000000
	convergence norms :     INITIAL         CURRENT         REQUIRED
	   residual            1.119119e+05    3.249197e+00    0.000000e+00 
	   energy              5.934008e+00    5.918300e-03    5.934008e-02 
	   displacement        4.037245e-02    4.037245e-02    4.037245e-08 
 2

 *************************************************************************
 *                                ERROR                                  *
 * 31 negative jacobians detected.                                       *
 *************************************************************************


------- failed to converge at time : 1.00952

Retrying time step. Retry attempt 2 of max 20


AUTO STEPPER: retry step, dt = 0.00904762


===== beginning time step 1 : 1.00905 =====


Reforming stiffness matrix: reformation #1

 1
 Nonlinear solution status: time= 1.00905
	stiffness updates             = 0
	right hand side evaluations   = 2
	stiffness matrix reformations = 1
	step from line search         = 1.000000
	convergence norms :     INITIAL         CURRENT         REQUIRED
	   residual            1.023585e+05    3.007683e+00    0.000000e+00 
	   energy              5.426865e+00    5.468655e-03    5.426865e-02 
	   displacement        3.525968e-02    3.525968e-02    3.525968e-08 
 2

 *************************************************************************
 *                                ERROR                                  *
 * 26 negative jacobians detected.                                       *
 *************************************************************************


------- failed to converge at time : 1.00905

Retrying time step. Retry attempt 3 of max 20


AUTO STEPPER: retry step, dt = 0.00857143


===== beginning time step 1 : 1.00857 =====


Reforming stiffness matrix: reformation #1

 1
 Nonlinear solution status: time= 1.00857
	stiffness updates             = 0
	right hand side evaluations   = 2
	stiffness matrix reformations = 1
	step from line search         = 1.000000
	convergence norms :     INITIAL         CURRENT         REQUIRED
	   residual            9.279107e+04    2.760587e+00    0.000000e+00 
	   energy              4.919037e+00    5.012170e-03    4.919037e-02 
	   displacement        3.043659e-02    3.043659e-02    3.043659e-08 
 2

 *************************************************************************
 *                                ERROR                                  *
 * 20 negative jacobians detected.                                       *
 *************************************************************************


------- failed to converge at time : 1.00857

Retrying time step. Retry attempt 4 of max 20


AUTO STEPPER: retry step, dt = 0.00809524


===== beginning time step 1 : 1.0081 =====


Reforming stiffness matrix: reformation #1

 1
 Nonlinear solution status: time= 1.0081
	stiffness updates             = 0
	right hand side evaluations   = 2
	stiffness matrix reformations = 1
	step from line search         = 1.000000
	convergence norms :     INITIAL         CURRENT         REQUIRED
	   residual            8.367740e+04    2.533261e+00    0.000000e+00 
	   energy              4.435327e+00    4.583677e-03    4.435327e-02 
	   displacement        2.605438e-02    2.605438e-02    2.605438e-08 
 2

 *************************************************************************
 *                                ERROR                                  *
 * 16 negative jacobians detected.                                       *
 *************************************************************************


------- failed to converge at time : 1.0081

Retrying time step. Retry attempt 5 of max 20


AUTO STEPPER: retry step, dt = 0.00761905


===== beginning time step 1 : 1.00762 =====


Reforming stiffness matrix: reformation #1

 1
 Nonlinear solution status: time= 1.00762
	stiffness updates             = 0
	right hand side evaluations   = 2
	stiffness matrix reformations = 1
	step from line search         = 1.000000
	convergence norms :     INITIAL         CURRENT         REQUIRED
	   residual            7.503471e+04    2.324054e+00    0.000000e+00 
	   energy              3.976649e+00    4.181675e-03    3.976649e-02 
	   displacement        2.210027e-02    2.210027e-02    2.210027e-08 
 2

 *************************************************************************
 *                                ERROR                                  *
 * 10 negative jacobians detected.                                       *
 *************************************************************************


------- failed to converge at time : 1.00762

Retrying time step. Retry attempt 6 of max 20


AUTO STEPPER: retry step, dt = 0.00714286


===== beginning time step 1 : 1.00714 =====


Reforming stiffness matrix: reformation #1

 1
 Nonlinear solution status: time= 1.00714
	stiffness updates             = 0
	right hand side evaluations   = 2
	stiffness matrix reformations = 1
	step from line search         = 1.000000
	convergence norms :     INITIAL         CURRENT         REQUIRED
	   residual            6.679675e+04    2.125939e+00    0.000000e+00 
	   energy              3.539490e+00    3.797844e-03    3.539490e-02 
	   displacement        1.853682e-02    1.853682e-02    1.853682e-08 
 2

 *************************************************************************
 *                                ERROR                                  *
 * 4 negative jacobians detected.                                        *
 *************************************************************************


------- failed to converge at time : 1.00714

Retrying time step. Retry attempt 7 of max 20


AUTO STEPPER: retry step, dt = 0.00666667


===== beginning time step 1 : 1.00667 =====


Reforming stiffness matrix: reformation #1

 1
 Nonlinear solution status: time= 1.00667
	stiffness updates             = 0
	right hand side evaluations   = 2
	stiffness matrix reformations = 1
	step from line search         = 1.000000
	convergence norms :     INITIAL         CURRENT         REQUIRED
	   residual            5.873657e+04    1.920467e+00    0.000000e+00 
	   energy              3.111830e+00    3.409934e-03    3.111830e-02 
	   displacement        1.528895e-02    1.528895e-02    1.528895e-08 
 2

 *************************************************************************
 *                                ERROR                                  *
 * 2 negative jacobians detected.                                        *
 *************************************************************************


------- failed to converge at time : 1.00667

Retrying time step. Retry attempt 8 of max 20


AUTO STEPPER: retry step, dt = 0.00619048


===== beginning time step 1 : 1.00619 =====


Reforming stiffness matrix: reformation #1

 1
 Nonlinear solution status: time= 1.00619
	stiffness updates             = 0
	right hand side evaluations   = 2
	stiffness matrix reformations = 1
	step from line search         = 1.000000
	convergence norms :     INITIAL         CURRENT         REQUIRED
	   residual            5.119444e+04    1.727112e+00    0.000000e+00 
	   energy              2.711701e+00    3.043728e-03    2.711701e-02 
	   displacement        1.243483e-02    1.243483e-02    1.243483e-08 
 2

 *************************************************************************
 *                                ERROR                                  *
 * Negative jacobian detected.                                           *
 *************************************************************************


------- failed to converge at time : 1.00619

Retrying time step. Retry attempt 9 of max 20


AUTO STEPPER: retry step, dt = 0.00571429


===== beginning time step 1 : 1.00571 =====


Reforming stiffness matrix: reformation #1

 1
 Nonlinear solution status: time= 1.00571
	stiffness updates             = 0
	right hand side evaluations   = 2
	stiffness matrix reformations = 1
	step from line search         = 1.000000
	convergence norms :     INITIAL         CURRENT         REQUIRED
	   residual            4.417038e+04    1.543709e+00    0.000000e+00 
	   energy              2.339104e+00    2.697177e-03    2.339104e-02 
	   displacement        9.951914e-03    9.951914e-03    9.951914e-09 
 2
 Nonlinear solution status: time= 1.00571
	stiffness updates             = 1
	right hand side evaluations   = 4
	stiffness matrix reformations = 1
	step from line search         = 0.188604
	convergence norms :     INITIAL         CURRENT         REQUIRED
	   residual            4.417038e+04    5.623660e-01    0.000000e+00 
	   energy              2.339104e+00    3.113328e-05    2.339104e-02 
	   displacement        9.951914e-03    1.521586e-05    9.825139e-09 
 3
 Nonlinear solution status: time= 1.00571
	stiffness updates             = 2
	right hand side evaluations   = 7
	stiffness matrix reformations = 1
	step from line search         = 0.242310
	convergence norms :     INITIAL         CURRENT         REQUIRED
	   residual            4.417038e+04    3.187990e-01    0.000000e+00 
	   energy              2.339104e+00    1.286876e-05    2.339104e-02 
	   displacement        9.951914e-03    2.624240e-06    9.748306e-09 
 4
 Nonlinear solution status: time= 1.00571
	stiffness updates             = 3
	right hand side evaluations   = 9
	stiffness matrix reformations = 1
	step from line search         = 0.371713
	convergence norms :     INITIAL         CURRENT         REQUIRED
	   residual            4.417038e+04    3.743274e-01    0.000000e+00 
	   energy              2.339104e+00    2.390094e-05    2.339104e-02 
	   displacement        9.951914e-03    3.838702e-06    9.600798e-09 
 5
 Nonlinear solution status: time= 1.00571
	stiffness updates             = 4
	right hand side evaluations   = 11
	stiffness matrix reformations = 1
	step from line search         = 0.478322
	convergence norms :     INITIAL         CURRENT         REQUIRED
	   residual            4.417038e+04    3.754603e-01    0.000000e+00 
	   energy              2.339104e+00    1.350392e-05    2.339104e-02 
	   displacement        9.951914e-03    3.051226e-06    9.475712e-09 
 6
 Nonlinear solution status: time= 1.00571
	stiffness updates             = 5
	right hand side evaluations   = 13
	stiffness matrix reformations = 1
	step from line search         = 0.400434
	convergence norms :     INITIAL         CURRENT         REQUIRED
	   residual            4.417038e+04    4.247558e-01    0.000000e+00 
	   energy              2.339104e+00    2.069527e-05    2.339104e-02 
	   displacement        9.951914e-03    3.353429e-06    9.377407e-09 
 7
 Nonlinear solution status: time= 1.00571
	stiffness updates             = 6
	right hand side evaluations   = 15
	stiffness matrix reformations = 1
	step from line search         = 0.448102
	convergence norms :     INITIAL         CURRENT         REQUIRED
	   residual            4.417038e+04    3.057549e-01    0.000000e+00 
	   energy              2.339104e+00    1.226157e-05    2.339104e-02 
	   displacement        9.951914e-03    1.261349e-06    9.384294e-09 
 8
 Nonlinear solution status: time= 1.00571
	stiffness updates             = 7
	right hand side evaluations   = 17
	stiffness matrix reformations = 1
	step from line search         = 0.437410
	convergence norms :     INITIAL         CURRENT         REQUIRED
	   residual            4.417038e+04    2.552859e-01    0.000000e+00 
	   energy              2.339104e+00    1.111297e-05    2.339104e-02 
	   displacement        9.951914e-03    1.376722e-06    9.468405e-09 
 9
 Nonlinear solution status: time= 1.00571
	stiffness updates             = 8
	right hand side evaluations   = 19
	stiffness matrix reformations = 1
	step from line search         = 0.455828
	convergence norms :     INITIAL         CURRENT         REQUIRED
	   residual            4.417038e+04    1.585888e-01    0.000000e+00 
	   energy              2.339104e+00    8.415939e-06    2.339104e-02 
	   displacement        9.951914e-03    1.027404e-06    9.537592e-09 
 10
 Nonlinear solution status: time= 1.00571
	stiffness updates             = 9
	right hand side evaluations   = 21
	stiffness matrix reformations = 1
	step from line search         = 0.440063
	convergence norms :     INITIAL         CURRENT         REQUIRED
	   residual            4.417038e+04    1.321238e-01    0.000000e+00 
	   energy              2.339104e+00    6.620592e-06    2.339104e-02 
	   displacement        9.951914e-03    6.476270e-07    9.549841e-09 

 *************************************************************************
 *                               WARNING                                 *
 * Max nr of iterations reached.                                         *
 * Stiffness matrix will now be reformed.                                *
 *************************************************************************
Reforming stiffness matrix: reformation #2

 11
 Nonlinear solution status: time= 1.00571
	stiffness updates             = 0
	right hand side evaluations   = 22
	stiffness matrix reformations = 2
	step from line search         = 1.000000
	convergence norms :     INITIAL         CURRENT         REQUIRED
	   residual            4.417038e+04    7.616250e-04    0.000000e+00 
	   energy              2.339104e+00    4.305771e-07    2.339104e-02 
	   displacement        9.951914e-03    2.188173e-06    9.493605e-09 
 12
 Nonlinear solution status: time= 1.00571
	stiffness updates             = 1
	right hand side evaluations   = 23
	stiffness matrix reformations = 2
	step from line search         = 1.000000
	convergence norms :     INITIAL         CURRENT         REQUIRED
	   residual            4.417038e+04    2.674802e-04    0.000000e+00 
	   energy              2.339104e+00    8.537735e-08    2.339104e-02 
	   displacement        9.951914e-03    8.854090e-08    9.498409e-09 
 13
 Nonlinear solution status: time= 1.00571
	stiffness updates             = 2
	right hand side evaluations   = 24
	stiffness matrix reformations = 2
	step from line search         = 1.000000
	convergence norms :     INITIAL         CURRENT         REQUIRED
	   residual            4.417038e+04    4.844724e-05    0.000000e+00 
	   energy              2.339104e+00    2.286226e-09    2.339104e-02 
	   displacement        9.951914e-03    1.975138e-08    9.499851e-09 
 14
 Nonlinear solution status: time= 1.00571
	stiffness updates             = 3
	right hand side evaluations   = 25
	stiffness matrix reformations = 2
	step from line search         = 1.000000
	convergence norms :     INITIAL         CURRENT         REQUIRED
	   residual            4.417038e+04    1.676880e-05    0.000000e+00 
	   energy              2.339104e+00    3.452941e-09    2.339104e-02 
	   displacement        9.951914e-03    4.202111e-09    9.499185e-09 

convergence summary
    number of iterations   : 14
    number of reformations : 2

------- converged at time : 1.00571


AUTO STEPPER: decreasing time step, dt = 0.00506517


===== beginning time step 2 : 1.01078 =====


Reforming stiffness matrix: reformation #1

 1
 Nonlinear solution status: time= 1.01078
	stiffness updates             = 0
	right hand side evaluations   = 2
	stiffness matrix reformations = 1
	step from line search         = 1.000000
	convergence norms :     INITIAL         CURRENT         REQUIRED
	   residual            3.788448e+04    5.717778e-01    0.000000e+00 
	   energy              1.401763e+00    7.568619e-04    1.401763e-02 
	   displacement        1.595417e-02    1.595417e-02    1.595417e-08 
 2
 Nonlinear solution status: time= 1.01078
	stiffness updates             = 1
	right hand side evaluations   = 4
	stiffness matrix reformations = 1
	step from line search         = 0.425967
	convergence norms :     INITIAL         CURRENT         REQUIRED
	   residual            3.788448e+04    3.989386e-01    0.000000e+00 
	   energy              1.401763e+00    2.294479e-04    1.401763e-02 
	   displacement        1.595417e-02    1.742977e-04    1.490845e-08 
 3
 Nonlinear solution status: time= 1.01078
	stiffness updates             = 2
	right hand side evaluations   = 6
	stiffness matrix reformations = 1
	step from line search         = 0.610124
	convergence norms :     INITIAL         CURRENT         REQUIRED
	   residual            3.788448e+04    1.468519e-01    0.000000e+00 
	   energy              1.401763e+00    2.307828e-06    1.401763e-02 
	   displacement        1.595417e-02    1.851835e-05    1.452117e-08 
 4
 Nonlinear solution status: time= 1.01078
	stiffness updates             = 3
	right hand side evaluations   = 8
	stiffness matrix reformations = 1
	step from line search         = 0.467002
	convergence norms :     INITIAL         CURRENT         REQUIRED
	   residual            3.788448e+04    1.766575e-01    0.000000e+00 
	   energy              1.401763e+00    2.230634e-05    1.401763e-02 
	   displacement        1.595417e-02    2.566304e-05    1.438476e-08 
 5
 Nonlinear solution status: time= 1.01078
	stiffness updates             = 4
	right hand side evaluations   = 10
	stiffness matrix reformations = 1
	step from line search         = 0.439625
	convergence norms :     INITIAL         CURRENT         REQUIRED
	   residual            3.788448e+04    1.267175e-01    0.000000e+00 
	   energy              1.401763e+00    1.750391e-05    1.401763e-02 
	   displacement        1.595417e-02    8.125669e-06    1.448537e-08 
 6
 Nonlinear solution status: time= 1.01078
	stiffness updates             = 5
	right hand side evaluations   = 12
	stiffness matrix reformations = 1
	step from line search         = 0.526168
	convergence norms :     INITIAL         CURRENT         REQUIRED
	   residual            3.788448e+04    6.070477e-02    0.000000e+00 
	   energy              1.401763e+00    3.745925e-06    1.401763e-02 
	   displacement        1.595417e-02    2.940203e-06    1.464398e-08 
 7
 Nonlinear solution status: time= 1.01078
	stiffness updates             = 6
	right hand side evaluations   = 14
	stiffness matrix reformations = 1
	step from line search         = 0.513467
	convergence norms :     INITIAL         CURRENT         REQUIRED
	   residual            3.788448e+04    4.176784e-02    0.000000e+00 
	   energy              1.401763e+00    5.029420e-06    1.401763e-02 
	   displacement        1.595417e-02    2.158795e-06    1.476824e-08 
 8
 Nonlinear solution status: time= 1.01078
	stiffness updates             = 7
	right hand side evaluations   = 16
	stiffness matrix reformations = 1
	step from line search         = 0.514731
	convergence norms :     INITIAL         CURRENT         REQUIRED
	   residual            3.788448e+04    1.752137e-02    0.000000e+00 
	   energy              1.401763e+00    3.044786e-06    1.401763e-02 
	   displacement        1.595417e-02    6.323961e-07    1.479471e-08 
 9
 Nonlinear solution status: time= 1.01078
	stiffness updates             = 8
	right hand side evaluations   = 18
	stiffness matrix reformations = 1
	step from line search         = 0.566795
	convergence norms :     INITIAL         CURRENT         REQUIRED
	   residual            3.788448e+04    1.241379e-02    0.000000e+00 
	   energy              1.401763e+00    1.091694e-06    1.401763e-02 
	   displacement        1.595417e-02    6.739214e-07    1.477814e-08 
 10
 Nonlinear solution status: time= 1.01078
	stiffness updates             = 9
	right hand side evaluations   = 20
	stiffness matrix reformations = 1
	step from line search         = 0.544953
	convergence norms :     INITIAL         CURRENT         REQUIRED
	   residual            3.788448e+04    9.824125e-03    0.000000e+00 
	   energy              1.401763e+00    8.585573e-07    1.401763e-02 
	   displacement        1.595417e-02    8.022488e-07    1.476833e-08 

 *************************************************************************
 *                               WARNING                                 *
 * Max nr of iterations reached.                                         *
 * Stiffness matrix will now be reformed.                                *
 *************************************************************************
Reforming stiffness matrix: reformation #2

 11
 Nonlinear solution status: time= 1.01078
	stiffness updates             = 0
	right hand side evaluations   = 21
	stiffness matrix reformations = 2
	step from line search         = 1.000000
	convergence norms :     INITIAL         CURRENT         REQUIRED
	   residual            3.788448e+04    8.375115e-05    0.000000e+00 
	   energy              1.401763e+00    1.326610e-09    1.401763e-02 
	   displacement        1.595417e-02    1.641712e-06    1.484003e-08 
 12
 Nonlinear solution status: time= 1.01078
	stiffness updates             = 1
	right hand side evaluations   = 22
	stiffness matrix reformations = 2
	step from line search         = 1.000000
	convergence norms :     INITIAL         CURRENT         REQUIRED
	   residual            3.788448e+04    1.072748e-05    0.000000e+00 
	   energy              1.401763e+00    6.183667e-09    1.401763e-02 
	   displacement        1.595417e-02    1.626955e-08    1.483699e-08 
 13
 Nonlinear solution status: time= 1.01078
	stiffness updates             = 2
	right hand side evaluations   = 23
	stiffness matrix reformations = 2
	step from line search         = 1.000000
	convergence norms :     INITIAL         CURRENT         REQUIRED
	   residual            3.788448e+04    2.351356e-06    0.000000e+00 
	   energy              1.401763e+00    7.586233e-10    1.401763e-02 
	   displacement        1.595417e-02    1.694119e-09    1.483731e-08 

convergence summary
    number of iterations   : 13
    number of reformations : 2

------- converged at time : 1.01078


AUTO STEPPER: decreasing time step, dt = 0.00465928


===== beginning time step 3 : 1.01544 =====


Reforming stiffness matrix: reformation #1

 1
 Nonlinear solution status: time= 1.01544
	stiffness updates             = 0
	right hand side evaluations   = 2
	stiffness matrix reformations = 1
	step from line search         = 1.000000
	convergence norms :     INITIAL         CURRENT         REQUIRED
	   residual            2.545912e+04    3.224466e-01    0.000000e+00 
	   energy              8.951346e-01    1.074256e-03    8.951346e-03 
	   displacement        1.777194e-02    1.777194e-02    1.777194e-08 
 2
 Nonlinear solution status: time= 1.01544
	stiffness updates             = 1
	right hand side evaluations   = 4
	stiffness matrix reformations = 1
	step from line search         = 0.571265
	convergence norms :     INITIAL         CURRENT         REQUIRED
	   residual            2.545912e+04    2.548047e-01    0.000000e+00 
	   energy              8.951346e-01    2.449403e-04    8.951346e-03 
	   displacement        1.777194e-02    2.775976e-04    1.608464e-08 
 3
 Nonlinear solution status: time= 1.01544
	stiffness updates             = 2
	right hand side evaluations   = 5
	stiffness matrix reformations = 1
	step from line search         = 1.000000
	convergence norms :     INITIAL         CURRENT         REQUIRED
	   residual            2.545912e+04    1.042979e-01    0.000000e+00 
	   energy              8.951346e-01    1.140629e-05    8.951346e-03 
	   displacement        1.777194e-02    5.909053e-05    1.557222e-08 
 4
 Nonlinear solution status: time= 1.01544
	stiffness updates             = 3
	right hand side evaluations   = 7
	stiffness matrix reformations = 1
	step from line search         = 0.505628
	convergence norms :     INITIAL         CURRENT         REQUIRED
	   residual            2.545912e+04    6.168700e-02    0.000000e+00 
	   energy              8.951346e-01    8.254288e-06    8.951346e-03 
	   displacement        1.777194e-02    2.065619e-05    1.570867e-08 
 5
 Nonlinear solution status: time= 1.01544
	stiffness updates             = 4
	right hand side evaluations   = 9
	stiffness matrix reformations = 1
	step from line search         = 0.544448
	convergence norms :     INITIAL         CURRENT         REQUIRED
	   residual            2.545912e+04    4.783934e-02    0.000000e+00 
	   energy              8.951346e-01    5.461722e-06    8.951346e-03 
	   displacement        1.777194e-02    4.909530e-06    1.594448e-08 
 6
 Nonlinear solution status: time= 1.01544
	stiffness updates             = 5
	right hand side evaluations   = 11
	stiffness matrix reformations = 1
	step from line search         = 0.633489
	convergence norms :     INITIAL         CURRENT         REQUIRED
	   residual            2.545912e+04    2.279842e-02    0.000000e+00 
	   energy              8.951346e-01    2.103861e-06    8.951346e-03 
	   displacement        1.777194e-02    2.622372e-06    1.614409e-08 
 7
 Nonlinear solution status: time= 1.01544
	stiffness updates             = 6
	right hand side evaluations   = 13
	stiffness matrix reformations = 1
	step from line search         = 0.593078
	convergence norms :     INITIAL         CURRENT         REQUIRED
	   residual            2.545912e+04    6.180442e-03    0.000000e+00 
	   energy              8.951346e-01    1.355960e-06    8.951346e-03 
	   displacement        1.777194e-02    6.266934e-07    1.618606e-08 
 8
 Nonlinear solution status: time= 1.01544
	stiffness updates             = 7
	right hand side evaluations   = 15
	stiffness matrix reformations = 1
	step from line search         = 0.628183
	convergence norms :     INITIAL         CURRENT         REQUIRED
	   residual            2.545912e+04    3.908150e-03    0.000000e+00 
	   energy              8.951346e-01    4.591109e-07    8.951346e-03 
	   displacement        1.777194e-02    5.605739e-07    1.615507e-08 
 9
 Nonlinear solution status: time= 1.01544
	stiffness updates             = 8
	right hand side evaluations   = 17
	stiffness matrix reformations = 1
	step from line search         = 0.627653
	convergence norms :     INITIAL         CURRENT         REQUIRED
	   residual            2.545912e+04    3.233041e-03    0.000000e+00 
	   energy              8.951346e-01    2.629248e-07    8.951346e-03 
	   displacement        1.777194e-02    5.650879e-07    1.613417e-08 
 10
 Nonlinear solution status: time= 1.01544
	stiffness updates             = 9
	right hand side evaluations   = 19
	stiffness matrix reformations = 1
	step from line search         = 0.602070
	convergence norms :     INITIAL         CURRENT         REQUIRED
	   residual            2.545912e+04    1.342024e-03    0.000000e+00 
	   energy              8.951346e-01    1.658323e-07    8.951346e-03 
	   displacement        1.777194e-02    2.529307e-07    1.614419e-08 

 *************************************************************************
 *                               WARNING                                 *
 * Max nr of iterations reached.                                         *
 * Stiffness matrix will now be reformed.                                *
 *************************************************************************
Reforming stiffness matrix: reformation #2

 11
 Nonlinear solution status: time= 1.01544
	stiffness updates             = 0
	right hand side evaluations   = 20
	stiffness matrix reformations = 2
	step from line search         = 1.000000
	convergence norms :     INITIAL         CURRENT         REQUIRED
	   residual            2.545912e+04    1.288943e-06    0.000000e+00 
	   energy              8.951346e-01    4.829572e-09    8.951346e-03 
	   displacement        1.777194e-02    2.370431e-07    1.618975e-08 
 12
 Nonlinear solution status: time= 1.01544
	stiffness updates             = 1
	right hand side evaluations   = 21
	stiffness matrix reformations = 2
	step from line search         = 1.000000
	convergence norms :     INITIAL         CURRENT         REQUIRED
	   residual            2.545912e+04    1.529582e-08    0.000000e+00 
	   energy              8.951346e-01    1.234229e-10    8.951346e-03 
	   displacement        1.777194e-02    1.780221e-09    1.618628e-08 

convergence summary
    number of iterations   : 12
    number of reformations : 2

------- converged at time : 1.01544


AUTO STEPPER: decreasing time step, dt = 0.00446092


===== beginning time step 4 : 1.0199 =====


Reforming stiffness matrix: reformation #1

 1
 Nonlinear solution status: time= 1.0199
	stiffness updates             = 0
	right hand side evaluations   = 2
	stiffness matrix reformations = 1
	step from line search         = 1.000000
	convergence norms :     INITIAL         CURRENT         REQUIRED
	   residual            1.730764e+04    1.975480e-01    0.000000e+00 
	   energy              6.173935e-01    1.212198e-03    6.173935e-03 
	   displacement        1.840306e-02    1.840306e-02    1.840306e-08 
 2
 Nonlinear solution status: time= 1.0199
	stiffness updates             = 1
	right hand side evaluations   = 4
	stiffness matrix reformations = 1
	step from line search         = 0.608796
	convergence norms :     INITIAL         CURRENT         REQUIRED
	   residual            1.730764e+04    1.229235e-01    0.000000e+00 
	   energy              6.173935e-01    1.698852e-04    6.173935e-03 
	   displacement        1.840306e-02    2.479546e-04    1.648201e-08 
 3
 Nonlinear solution status: time= 1.0199
	stiffness updates             = 2
	right hand side evaluations   = 5
	stiffness matrix reformations = 1
	step from line search         = 1.000000
	convergence norms :     INITIAL         CURRENT         REQUIRED
	   residual            1.730764e+04    3.846031e-02    0.000000e+00 
	   energy              6.173935e-01    2.921973e-06    6.173935e-03 
	   displacement        1.840306e-02    5.296280e-05    1.598736e-08 
 4
 Nonlinear solution status: time= 1.0199
	stiffness updates             = 3
	right hand side evaluations   = 7
	stiffness matrix reformations = 1
	step from line search         = 0.558303
	convergence norms :     INITIAL         CURRENT         REQUIRED
	   residual            1.730764e+04    1.997411e-02    0.000000e+00 
	   energy              6.173935e-01    4.692660e-06    6.173935e-03 
	   displacement        1.840306e-02    1.138934e-05    1.615220e-08 
 5
 Nonlinear solution status: time= 1.0199
	stiffness updates             = 4
	right hand side evaluations   = 8
	stiffness matrix reformations = 1
	step from line search         = 1.000000
	convergence norms :     INITIAL         CURRENT         REQUIRED
	   residual            1.730764e+04    2.342517e-02    0.000000e+00 
	   energy              6.173935e-01    6.132555e-06    6.173935e-03 
	   displacement        1.840306e-02    5.666664e-06    1.649392e-08 
 6
 Nonlinear solution status: time= 1.0199
	stiffness updates             = 5
	right hand side evaluations   = 9
	stiffness matrix reformations = 1
	step from line search         = 1.000000
	convergence norms :     INITIAL         CURRENT         REQUIRED
	   residual            1.730764e+04    1.035192e-02    0.000000e+00 
	   energy              6.173935e-01    3.569211e-06    6.173935e-03 
	   displacement        1.840306e-02    1.153675e-06    1.657903e-08 
 7
 Nonlinear solution status: time= 1.0199
	stiffness updates             = 6
	right hand side evaluations   = 10
	stiffness matrix reformations = 1
	step from line search         = 1.000000
	convergence norms :     INITIAL         CURRENT         REQUIRED
	   residual            1.730764e+04    9.608864e-03    0.000000e+00 
	   energy              6.173935e-01    3.045259e-06    6.173935e-03 
	   displacement        1.840306e-02    1.556792e-06    1.645955e-08 
 8
 Nonlinear solution status: time= 1.0199
	stiffness updates             = 7
	right hand side evaluations   = 11
	stiffness matrix reformations = 1
	step from line search         = 1.000000
	convergence norms :     INITIAL         CURRENT         REQUIRED
	   residual            1.730764e+04    4.067431e-03    0.000000e+00 
	   energy              6.173935e-01    1.209522e-06    6.173935e-03 
	   displacement        1.840306e-02    7.179539e-07    1.644295e-08 
 9
 Nonlinear solution status: time= 1.0199
	stiffness updates             = 8
	right hand side evaluations   = 13
	stiffness matrix reformations = 1
	step from line search         = 0.621323
	convergence norms :     INITIAL         CURRENT         REQUIRED
	   residual            1.730764e+04    9.125715e-04    0.000000e+00 
	   energy              6.173935e-01    1.934419e-07    6.173935e-03 
	   displacement        1.840306e-02    1.768947e-07    1.648727e-08 
 10
 Nonlinear solution status: time= 1.0199
	stiffness updates             = 9
	right hand side evaluations   = 14
	stiffness matrix reformations = 1
	step from line search         = 1.000000
	convergence norms :     INITIAL         CURRENT         REQUIRED
	   residual            1.730764e+04    1.169885e-03    0.000000e+00 
	   energy              6.173935e-01    4.192280e-07    6.173935e-03 
	   displacement        1.840306e-02    1.441032e-07    1.652577e-08 

 *************************************************************************
 *                               WARNING                                 *
 * Max nr of iterations reached.                                         *
 * Stiffness matrix will now be reformed.                                *
 *************************************************************************
Reforming stiffness matrix: reformation #2

 11
 Nonlinear solution status: time= 1.0199
	stiffness updates             = 0
	right hand side evaluations   = 15
	stiffness matrix reformations = 2
	step from line search         = 1.000000
	convergence norms :     INITIAL         CURRENT         REQUIRED
	   residual            1.730764e+04    2.824896e-07    0.000000e+00 
	   energy              6.173935e-01    9.134170e-09    6.173935e-03 
	   displacement        1.840306e-02    1.357604e-07    1.651110e-08 
 12
 Nonlinear solution status: time= 1.0199
	stiffness updates             = 1
	right hand side evaluations   = 16
	stiffness matrix reformations = 2
	step from line search         = 1.000000
	convergence norms :     INITIAL         CURRENT         REQUIRED
	   residual            1.730764e+04    8.467179e-09    0.000000e+00 
	   energy              6.173935e-01    1.217086e-10    6.173935e-03 
	   displacement        1.840306e-02    1.793727e-09    1.651202e-08 

convergence summary
    number of iterations   : 12
    number of reformations : 2

------- converged at time : 1.0199


AUTO STEPPER: decreasing time step, dt = 0.00427101


===== beginning time step 5 : 1.02417 =====


Reforming stiffness matrix: reformation #1

 1
 Nonlinear solution status: time= 1.02417
	stiffness updates             = 0
	right hand side evaluations   = 2
	stiffness matrix reformations = 1
	step from line search         = 1.000000
	convergence norms :     INITIAL         CURRENT         REQUIRED
	   residual            1.083222e+04    1.283279e-01    0.000000e+00 
	   energy              4.026760e-01    1.229187e-03    4.026760e-03 
	   displacement        1.758368e-02    1.758368e-02    1.758368e-08 
 2
 Nonlinear solution status: time= 1.02417
	stiffness updates             = 1
	right hand side evaluations   = 4
	stiffness matrix reformations = 1
	step from line search         = 0.635886
	convergence norms :     INITIAL         CURRENT         REQUIRED
	   residual            1.083222e+04    6.987464e-02    0.000000e+00 
	   energy              4.026760e-01    1.044257e-04    4.026760e-03 
	   displacement        1.758368e-02    1.997941e-04    1.566250e-08 
 3
 Nonlinear solution status: time= 1.02417
	stiffness updates             = 2
	right hand side evaluations   = 5
	stiffness matrix reformations = 1
	step from line search         = 1.000000
	convergence norms :     INITIAL         CURRENT         REQUIRED
	   residual            1.083222e+04    1.929846e-02    0.000000e+00 
	   energy              4.026760e-01    8.108802e-06    4.026760e-03 
	   displacement        1.758368e-02    4.285022e-05    1.515257e-08 
 4
 Nonlinear solution status: time= 1.02417
	stiffness updates             = 3
	right hand side evaluations   = 6
	stiffness matrix reformations = 1
	step from line search         = 1.000000
	convergence norms :     INITIAL         CURRENT         REQUIRED
	   residual            1.083222e+04    3.039156e-02    0.000000e+00 
	   energy              4.026760e-01    1.812917e-05    4.026760e-03 
	   displacement        1.758368e-02    1.301232e-05    1.544103e-08 
 5
 Nonlinear solution status: time= 1.02417
	stiffness updates             = 4
	right hand side evaluations   = 7
	stiffness matrix reformations = 1
	step from line search         = 1.000000
	convergence norms :     INITIAL         CURRENT         REQUIRED
	   residual            1.083222e+04    5.936240e-03    0.000000e+00 
	   energy              4.026760e-01    3.210680e-06    4.026760e-03 
	   displacement        1.758368e-02    3.476194e-06    1.561389e-08 
 6
 Nonlinear solution status: time= 1.02417
	stiffness updates             = 5
	right hand side evaluations   = 8
	stiffness matrix reformations = 1
	step from line search         = 1.000000
	convergence norms :     INITIAL         CURRENT         REQUIRED
	   residual            1.083222e+04    4.920619e-03    0.000000e+00 
	   energy              4.026760e-01    2.468899e-06    4.026760e-03 
	   displacement        1.758368e-02    9.904987e-07    1.556249e-08 
 7
 Nonlinear solution status: time= 1.02417
	stiffness updates             = 6
	right hand side evaluations   = 9
	stiffness matrix reformations = 1
	step from line search         = 1.000000
	convergence norms :     INITIAL         CURRENT         REQUIRED
	   residual            1.083222e+04    1.405353e-03    0.000000e+00 
	   energy              4.026760e-01    3.729613e-07    4.026760e-03 
	   displacement        1.758368e-02    4.628405e-07    1.554743e-08 
 8
 Nonlinear solution status: time= 1.02417
	stiffness updates             = 7
	right hand side evaluations   = 11
	stiffness matrix reformations = 1
	step from line search         = 0.608515
	convergence norms :     INITIAL         CURRENT         REQUIRED
	   residual            1.083222e+04    2.865607e-04    0.000000e+00 
	   energy              4.026760e-01    1.008492e-07    4.026760e-03 
	   displacement        1.758368e-02    1.333692e-07    1.557088e-08 
 9
 Nonlinear solution status: time= 1.02417
	stiffness updates             = 8
	right hand side evaluations   = 12
	stiffness matrix reformations = 1
	step from line search         = 1.000000
	convergence norms :     INITIAL         CURRENT         REQUIRED
	   residual            1.083222e+04    1.937877e-04    0.000000e+00 
	   energy              4.026760e-01    4.548681e-08    4.026760e-03 
	   displacement        1.758368e-02    4.232323e-08    1.559163e-08 
 10
 Nonlinear solution status: time= 1.02417
	stiffness updates             = 9
	right hand side evaluations   = 13
	stiffness matrix reformations = 1
	step from line search         = 1.000000
	convergence norms :     INITIAL         CURRENT         REQUIRED
	   residual            1.083222e+04    1.352868e-04    0.000000e+00 
	   energy              4.026760e-01    4.318337e-08    4.026760e-03 
	   displacement        1.758368e-02    2.015996e-08    1.559386e-08 

 *************************************************************************
 *                               WARNING                                 *
 * Max nr of iterations reached.                                         *
 * Stiffness matrix will now be reformed.                                *
 *************************************************************************
Reforming stiffness matrix: reformation #2

 11
 Nonlinear solution status: time= 1.02417
	stiffness updates             = 0
	right hand side evaluations   = 14
	stiffness matrix reformations = 2
	step from line search         = 1.000000
	convergence norms :     INITIAL         CURRENT         REQUIRED
	   residual            1.083222e+04    6.198492e-09    0.000000e+00 
	   energy              4.026760e-01    8.616125e-10    4.026760e-03 
	   displacement        1.758368e-02    1.559267e-08    1.559281e-08 

convergence summary
    number of iterations   : 11
    number of reformations : 2

------- converged at time : 1.02417

MUST POINT CONTROLLER: adjusting time step. dt = 0.00082933


===== beginning time step 6 : 1.025 =====


Reforming stiffness matrix: reformation #1

 1
 Nonlinear solution status: time= 1.025
	stiffness updates             = 0
	right hand side evaluations   = 2
	stiffness matrix reformations = 1
	step from line search         = 1.000000
	convergence norms :     INITIAL         CURRENT         REQUIRED
	   residual            3.229690e+02    4.860896e-02    0.000000e+00 
	   energy              2.806533e-02    7.274336e-04    2.806533e-04 
	   displacement        6.865657e-04    6.865657e-04    6.865657e-10 
 2
 Nonlinear solution status: time= 1.025
	stiffness updates             = 1
	right hand side evaluations   = 3
	stiffness matrix reformations = 1
	step from line search         = 1.000000
	convergence norms :     INITIAL         CURRENT         REQUIRED
	   residual            3.229690e+02    4.190137e-02    0.000000e+00 
	   energy              2.806533e-02    5.929542e-05    2.806533e-04 
	   displacement        6.865657e-04    2.258101e-05    5.947464e-10 
 3
 Nonlinear solution status: time= 1.025
	stiffness updates             = 2
	right hand side evaluations   = 4
	stiffness matrix reformations = 1
	step from line search         = 1.000000
	convergence norms :     INITIAL         CURRENT         REQUIRED
	   residual            3.229690e+02    5.001512e-04    0.000000e+00 
	   energy              2.806533e-02    8.737152e-07    2.806533e-04 
	   displacement        6.865657e-04    1.186893e-06    6.089107e-10 
 4
 Nonlinear solution status: time= 1.025
	stiffness updates             = 3
	right hand side evaluations   = 5
	stiffness matrix reformations = 1
	step from line search         = 1.000000
	convergence norms :     INITIAL         CURRENT         REQUIRED
	   residual            3.229690e+02    8.074936e-06    0.000000e+00 
	   energy              2.806533e-02    5.137766e-10    2.806533e-04 
	   displacement        6.865657e-04    1.248393e-08    6.105531e-10 
 5
 Nonlinear solution status: time= 1.025
	stiffness updates             = 4
	right hand side evaluations   = 6
	stiffness matrix reformations = 1
	step from line search         = 1.000000
	convergence norms :     INITIAL         CURRENT         REQUIRED
	   residual            3.229690e+02    6.879635e-07    0.000000e+00 
	   energy              2.806533e-02    6.162248e-10    2.806533e-04 
	   displacement        6.865657e-04    7.582087e-10    6.106019e-10 
 6
 Nonlinear solution status: time= 1.025
	stiffness updates             = 5
	right hand side evaluations   = 7
	stiffness matrix reformations = 1
	step from line search         = 1.000000
	convergence norms :     INITIAL         CURRENT         REQUIRED
	   residual            3.229690e+02    2.159954e-08    0.000000e+00 
	   energy              2.806533e-02    6.349817e-12    2.806533e-04 
	   displacement        6.865657e-04    5.077164e-11    6.105522e-10 

convergence summary
    number of iterations   : 6
    number of reformations : 1

------- converged at time : 1.025


AUTO STEPPER: increasing time step, dt = 0.00541681


===== beginning time step 7 : 1.03042 =====


Reforming stiffness matrix: reformation #1

 1
 Nonlinear solution status: time= 1.03042
	stiffness updates             = 0
	right hand side evaluations   = 2
	stiffness matrix reformations = 1
	step from line search         = 1.000000
	convergence norms :     INITIAL         CURRENT         REQUIRED
	   residual            9.619339e+03    1.750849e-01    0.000000e+00 
	   energy              3.744515e-01    1.574929e-03    3.744515e-03 
	   displacement        2.730373e-02    2.730373e-02    2.730373e-08 
 2
 Nonlinear solution status: time= 1.03042
	stiffness updates             = 1
	right hand side evaluations   = 4
	stiffness matrix reformations = 1
	step from line search         = 0.625179
	convergence norms :     INITIAL         CURRENT         REQUIRED
	   residual            9.619339e+03    1.057200e-01    0.000000e+00 
	   energy              3.744515e-01    1.922574e-04    3.744515e-03 
	   displacement        2.730373e-02    4.247977e-04    2.395449e-08 
 3
 Nonlinear solution status: time= 1.03042
	stiffness updates             = 2
	right hand side evaluations   = 5
	stiffness matrix reformations = 1
	step from line search         = 1.000000
	convergence norms :     INITIAL         CURRENT         REQUIRED
	   residual            9.619339e+03    3.167673e-02    0.000000e+00 
	   energy              3.744515e-01    3.352512e-06    3.744515e-03 
	   displacement        2.730373e-02    9.098475e-05    2.302088e-08 
 4
 Nonlinear solution status: time= 1.03042
	stiffness updates             = 3
	right hand side evaluations   = 7
	stiffness matrix reformations = 1
	step from line search         = 0.549025
	convergence norms :     INITIAL         CURRENT         REQUIRED
	   residual            9.619339e+03    1.526938e-02    0.000000e+00 
	   energy              3.744515e-01    5.396657e-06    3.744515e-03 
	   displacement        2.730373e-02    1.762823e-05    2.324411e-08 
 5
 Nonlinear solution status: time= 1.03042
	stiffness updates             = 4
	right hand side evaluations   = 8
	stiffness matrix reformations = 1
	step from line search         = 1.000000
	convergence norms :     INITIAL         CURRENT         REQUIRED
	   residual            9.619339e+03    1.272487e-02    0.000000e+00 
	   energy              3.744515e-01    5.403668e-06    3.744515e-03 
	   displacement        2.730373e-02    1.041717e-05    2.386787e-08 
 6
 Nonlinear solution status: time= 1.03042
	stiffness updates             = 5
	right hand side evaluations   = 9
	stiffness matrix reformations = 1
	step from line search         = 1.000000
	convergence norms :     INITIAL         CURRENT         REQUIRED
	   residual            9.619339e+03    6.821210e-03    0.000000e+00 
	   energy              3.744515e-01    2.983195e-06    3.744515e-03 
	   displacement        2.730373e-02    1.589545e-06    2.399306e-08 
 7
 Nonlinear solution status: time= 1.03042
	stiffness updates             = 6
	right hand side evaluations   = 10
	stiffness matrix reformations = 1
	step from line search         = 1.000000
	convergence norms :     INITIAL         CURRENT         REQUIRED
	   residual            9.619339e+03    7.374936e-03    0.000000e+00 
	   energy              3.744515e-01    3.001775e-06    3.744515e-03 
	   displacement        2.730373e-02    1.870945e-06    2.381938e-08 
 8
 Nonlinear solution status: time= 1.03042
	stiffness updates             = 7
	right hand side evaluations   = 11
	stiffness matrix reformations = 1
	step from line search         = 1.000000
	convergence norms :     INITIAL         CURRENT         REQUIRED
	   residual            9.619339e+03    2.250819e-03    0.000000e+00 
	   energy              3.744515e-01    1.177536e-06    3.744515e-03 
	   displacement        2.730373e-02    9.959612e-07    2.376901e-08 
 9
 Nonlinear solution status: time= 1.03042
	stiffness updates             = 8
	right hand side evaluations   = 12
	stiffness matrix reformations = 1
	step from line search         = 1.000000
	convergence norms :     INITIAL         CURRENT         REQUIRED
	   residual            9.619339e+03    2.179768e-03    0.000000e+00 
	   energy              3.744515e-01    1.038166e-06    3.744515e-03 
	   displacement        2.730373e-02    6.015751e-07    2.388465e-08 
 10
 Nonlinear solution status: time= 1.03042
	stiffness updates             = 9
	right hand side evaluations   = 13
	stiffness matrix reformations = 1
	step from line search         = 1.000000
	convergence norms :     INITIAL         CURRENT         REQUIRED
	   residual            9.619339e+03    8.846252e-04    0.000000e+00 
	   energy              3.744515e-01    3.769080e-07    3.744515e-03 
	   displacement        2.730373e-02    1.790750e-07    2.390493e-08 

 *************************************************************************
 *                               WARNING                                 *
 * Max nr of iterations reached.                                         *
 * Stiffness matrix will now be reformed.                                *
 *************************************************************************
Reforming stiffness matrix: reformation #2

 11
 Nonlinear solution status: time= 1.03042
	stiffness updates             = 0
	right hand side evaluations   = 14
	stiffness matrix reformations = 2
	step from line search         = 1.000000
	convergence norms :     INITIAL         CURRENT         REQUIRED
	   residual            9.619339e+03    2.553129e-07    0.000000e+00 
	   energy              3.744515e-01    8.697016e-09    3.744515e-03 
	   displacement        2.730373e-02    1.568512e-07    2.387836e-08 
 12
 Nonlinear solution status: time= 1.03042
	stiffness updates             = 1
	right hand side evaluations   = 15
	stiffness matrix reformations = 2
	step from line search         = 1.000000
	convergence norms :     INITIAL         CURRENT         REQUIRED
	   residual            9.619339e+03    9.494541e-09    0.000000e+00 
	   energy              3.744515e-01    1.131777e-10    3.744515e-03 
	   displacement        2.730373e-02    2.128780e-09    2.388037e-08 

convergence summary
    number of iterations   : 12
    number of reformations : 2

------- converged at time : 1.03042


AUTO STEPPER: decreasing time step, dt = 0.0051862


===== beginning time step 8 : 1.0356 =====


Reforming stiffness matrix: reformation #1

 1
 Nonlinear solution status: time= 1.0356
	stiffness updates             = 0
	right hand side evaluations   = 2
	stiffness matrix reformations = 1
	step from line search         = 1.000000
	convergence norms :     INITIAL         CURRENT         REQUIRED
	   residual            4.065221e+03    1.032312e-01    0.000000e+00 
	   energy              1.753574e-01    1.336900e-03    1.753574e-03 
	   displacement        2.305610e-02    2.305610e-02    2.305610e-08 
 2
 Nonlinear solution status: time= 1.0356
	stiffness updates             = 1
	right hand side evaluations   = 3
	stiffness matrix reformations = 1
	step from line search         = 1.000000
	convergence norms :     INITIAL         CURRENT         REQUIRED
	   residual            4.065221e+03    1.403463e-01    0.000000e+00 
	   energy              1.753574e-01    2.693349e-04    1.753574e-03 
	   displacement        2.305610e-02    5.790224e-04    1.896645e-08 
 3
 Nonlinear solution status: time= 1.0356
	stiffness updates             = 2
	right hand side evaluations   = 4
	stiffness matrix reformations = 1
	step from line search         = 1.000000
	convergence norms :     INITIAL         CURRENT         REQUIRED
	   residual            4.065221e+03    1.483892e-02    0.000000e+00 
	   energy              1.753574e-01    2.084983e-05    1.753574e-03 
	   displacement        2.305610e-02    1.185830e-04    1.936313e-08 
 4
 Nonlinear solution status: time= 1.0356
	stiffness updates             = 3
	right hand side evaluations   = 6
	stiffness matrix reformations = 1
	step from line search         = 0.522574
	convergence norms :     INITIAL         CURRENT         REQUIRED
	   residual            4.065221e+03    6.774015e-03    0.000000e+00 
	   energy              1.753574e-01    3.841363e-06    1.753574e-03 
	   displacement        2.305610e-02    1.419177e-05    1.979316e-08 
 5
 Nonlinear solution status: time= 1.0356
	stiffness updates             = 4
	right hand side evaluations   = 7
	stiffness matrix reformations = 1
	step from line search         = 1.000000
	convergence norms :     INITIAL         CURRENT         REQUIRED
	   residual            4.065221e+03    3.844379e-03    0.000000e+00 
	   energy              1.753574e-01    1.266771e-06    1.753574e-03 
	   displacement        2.305610e-02    2.230821e-06    1.999597e-08 
 6
 Nonlinear solution status: time= 1.0356
	stiffness updates             = 5
	right hand side evaluations   = 8
	stiffness matrix reformations = 1
	step from line search         = 1.000000
	convergence norms :     INITIAL         CURRENT         REQUIRED
	   residual            4.065221e+03    1.915114e-03    0.000000e+00 
	   energy              1.753574e-01    6.928210e-07    1.753574e-03 
	   displacement        2.305610e-02    3.298188e-07    1.997513e-08 
 7
 Nonlinear solution status: time= 1.0356
	stiffness updates             = 6
	right hand side evaluations   = 9
	stiffness matrix reformations = 1
	step from line search         = 1.000000
	convergence norms :     INITIAL         CURRENT         REQUIRED
	   residual            4.065221e+03    1.251283e-03    0.000000e+00 
	   energy              1.753574e-01    5.371486e-07    1.753574e-03 
	   displacement        2.305610e-02    6.011521e-07    1.991185e-08 
 8
 Nonlinear solution status: time= 1.0356
	stiffness updates             = 7
	right hand side evaluations   = 10
	stiffness matrix reformations = 1
	step from line search         = 1.000000
	convergence norms :     INITIAL         CURRENT         REQUIRED
	   residual            4.065221e+03    3.389106e-04    0.000000e+00 
	   energy              1.753574e-01    1.892284e-07    1.753574e-03 
	   displacement        2.305610e-02    1.445815e-07    1.994038e-08 
 9
 Nonlinear solution status: time= 1.0356
	stiffness updates             = 8
	right hand side evaluations   = 11
	stiffness matrix reformations = 1
	step from line search         = 1.000000
	convergence norms :     INITIAL         CURRENT         REQUIRED
	   residual            4.065221e+03    2.034856e-04    0.000000e+00 
	   energy              1.753574e-01    1.202955e-07    1.753574e-03 
	   displacement        2.305610e-02    8.603993e-08    1.997488e-08 
 10
 Nonlinear solution status: time= 1.0356
	stiffness updates             = 9
	right hand side evaluations   = 12
	stiffness matrix reformations = 1
	step from line search         = 1.000000
	convergence norms :     INITIAL         CURRENT         REQUIRED
	   residual            4.065221e+03    6.398862e-05    0.000000e+00 
	   energy              1.753574e-01    3.275800e-08    1.753574e-03 
	   displacement        2.305610e-02    2.301890e-08    1.996585e-08 

 *************************************************************************
 *                               WARNING                                 *
 * Max nr of iterations reached.                                         *
 * Stiffness matrix will now be reformed.                                *
 *************************************************************************
Reforming stiffness matrix: reformation #2

 11
 Nonlinear solution status: time= 1.0356
	stiffness updates             = 0
	right hand side evaluations   = 13
	stiffness matrix reformations = 2
	step from line search         = 1.000000
	convergence norms :     INITIAL         CURRENT         REQUIRED
	   residual            4.065221e+03    2.048480e-09    0.000000e+00 
	   energy              1.753574e-01    4.025752e-10    1.753574e-03 
	   displacement        2.305610e-02    9.795026e-09    1.996192e-08 

convergence summary
    number of iterations   : 11
    number of reformations : 2

------- converged at time : 1.0356


===== beginning time step 9 : 1.04079 =====


Reforming stiffness matrix: reformation #1

 1
 Nonlinear solution status: time= 1.04079
	stiffness updates             = 0
	right hand side evaluations   = 2
	stiffness matrix reformations = 1
	step from line search         = 1.000000
	convergence norms :     INITIAL         CURRENT         REQUIRED
	   residual            1.272595e+03    7.602350e-02    0.000000e+00 
	   energy              6.810263e-02    1.176127e-03    6.810263e-04 
	   displacement        2.066280e-02    2.066280e-02    2.066280e-08 
 2
 Nonlinear solution status: time= 1.04079
	stiffness updates             = 1
	right hand side evaluations   = 3
	stiffness matrix reformations = 1
	step from line search         = 1.000000
	convergence norms :     INITIAL         CURRENT         REQUIRED
	   residual            1.272595e+03    8.816591e-02    0.000000e+00 
	   energy              6.810263e-02    1.498794e-04    6.810263e-04 
	   displacement        2.066280e-02    3.952870e-04    1.707249e-08 
 3
 Nonlinear solution status: time= 1.04079
	stiffness updates             = 2
	right hand side evaluations   = 4
	stiffness matrix reformations = 1
	step from line search         = 1.000000
	convergence norms :     INITIAL         CURRENT         REQUIRED
	   residual            1.272595e+03    5.817944e-03    0.000000e+00 
	   energy              6.810263e-02    2.519091e-06    6.810263e-04 
	   displacement        2.066280e-02    6.788381e-05    1.729066e-08 
 4
 Nonlinear solution status: time= 1.04079
	stiffness updates             = 3
	right hand side evaluations   = 5
	stiffness matrix reformations = 1
	step from line search         = 1.000000
	convergence norms :     INITIAL         CURRENT         REQUIRED
	   residual            1.272595e+03    1.005818e-02    0.000000e+00 
	   energy              6.810263e-02    7.689580e-06    6.810263e-04 
	   displacement        2.066280e-02    1.227177e-05    1.785381e-08 
 5
 Nonlinear solution status: time= 1.04079
	stiffness updates             = 4
	right hand side evaluations   = 6
	stiffness matrix reformations = 1
	step from line search         = 1.000000
	convergence norms :     INITIAL         CURRENT         REQUIRED
	   residual            1.272595e+03    1.205971e-03    0.000000e+00 
	   energy              6.810263e-02    7.198908e-07    6.810263e-04 
	   displacement        2.066280e-02    1.185922e-06    1.779109e-08 
 6
 Nonlinear solution status: time= 1.04079
	stiffness updates             = 5
	right hand side evaluations   = 7
	stiffness matrix reformations = 1
	step from line search         = 1.000000
	convergence norms :     INITIAL         CURRENT         REQUIRED
	   residual            1.272595e+03    1.336834e-03    0.000000e+00 
	   energy              6.810263e-02    7.660931e-07    6.810263e-04 
	   displacement        2.066280e-02    7.084089e-07    1.767517e-08 
 7
 Nonlinear solution status: time= 1.04079
	stiffness updates             = 6
	right hand side evaluations   = 8
	stiffness matrix reformations = 1
	step from line search         = 1.000000
	convergence norms :     INITIAL         CURRENT         REQUIRED
	   residual            1.272595e+03    2.199740e-04    0.000000e+00 
	   energy              6.810263e-02    7.384309e-08    6.810263e-04 
	   displacement        2.066280e-02    1.342233e-07    1.770690e-08 
 8
 Nonlinear solution status: time= 1.04079
	stiffness updates             = 7
	right hand side evaluations   = 10
	stiffness matrix reformations = 1
	step from line search         = 0.614434
	convergence norms :     INITIAL         CURRENT         REQUIRED
	   residual            1.272595e+03    4.231548e-05    0.000000e+00 
	   energy              6.810263e-02    2.026431e-08    6.810263e-04 
	   displacement        2.066280e-02    4.385570e-08    1.773935e-08 
 9
 Nonlinear solution status: time= 1.04079
	stiffness updates             = 8
	right hand side evaluations   = 11
	stiffness matrix reformations = 1
	step from line search         = 1.000000
	convergence norms :     INITIAL         CURRENT         REQUIRED
	   residual            1.272595e+03    2.285769e-05    0.000000e+00 
	   energy              6.810263e-02    6.219080e-09    6.810263e-04 
	   displacement        2.066280e-02    9.995756e-09    1.774573e-08 

convergence summary
    number of iterations   : 9
    number of reformations : 1

------- converged at time : 1.04079


AUTO STEPPER: increasing time step, dt = 0.00569425


===== beginning time step 10 : 1.04648 =====


Reforming stiffness matrix: reformation #1

 1
 Nonlinear solution status: time= 1.04648
	stiffness updates             = 0
	right hand side evaluations   = 2
	stiffness matrix reformations = 1
	step from line search         = 1.000000
	convergence norms :     INITIAL         CURRENT         REQUIRED
	   residual            7.083285e+01    7.535723e-02    0.000000e+00 
	   energy              1.760447e-02    1.093104e-03    1.760447e-04 
	   displacement        2.159261e-02    2.159261e-02    2.159261e-08 
 2
 Nonlinear solution status: time= 1.04648
	stiffness updates             = 1
	right hand side evaluations   = 3
	stiffness matrix reformations = 1
	step from line search         = 1.000000
	convergence norms :     INITIAL         CURRENT         REQUIRED
	   residual            7.083285e+01    6.498459e-02    0.000000e+00 
	   energy              1.760447e-02    9.940868e-05    1.760447e-04 
	   displacement        2.159261e-02    3.303981e-04    1.801894e-08 
 3
 Nonlinear solution status: time= 1.04648
	stiffness updates             = 2
	right hand side evaluations   = 4
	stiffness matrix reformations = 1
	step from line search         = 1.000000
	convergence norms :     INITIAL         CURRENT         REQUIRED
	   residual            7.083285e+01    8.687912e-03    0.000000e+00 
	   energy              1.760447e-02    6.485794e-06    1.760447e-04 
	   displacement        2.159261e-02    5.200526e-05    1.782867e-08 
 4
 Nonlinear solution status: time= 1.04648
	stiffness updates             = 3
	right hand side evaluations   = 5
	stiffness matrix reformations = 1
	step from line search         = 1.000000
	convergence norms :     INITIAL         CURRENT         REQUIRED
	   residual            7.083285e+01    1.191438e-02    0.000000e+00 
	   energy              1.760447e-02    5.836743e-06    1.760447e-04 
	   displacement        2.159261e-02    1.100324e-05    1.843169e-08 
 5
 Nonlinear solution status: time= 1.04648
	stiffness updates             = 4
	right hand side evaluations   = 6
	stiffness matrix reformations = 1
	step from line search         = 1.000000
	convergence norms :     INITIAL         CURRENT         REQUIRED
	   residual            7.083285e+01    2.840306e-03    0.000000e+00 
	   energy              1.760447e-02    1.264172e-06    1.760447e-04 
	   displacement        2.159261e-02    1.191881e-06    1.845080e-08 
 6
 Nonlinear solution status: time= 1.04648
	stiffness updates             = 5
	right hand side evaluations   = 7
	stiffness matrix reformations = 1
	step from line search         = 1.000000
	convergence norms :     INITIAL         CURRENT         REQUIRED
	   residual            7.083285e+01    1.832577e-03    0.000000e+00 
	   energy              1.760447e-02    9.195091e-07    1.760447e-04 
	   displacement        2.159261e-02    1.012301e-06    1.829167e-08 
 7
 Nonlinear solution status: time= 1.04648
	stiffness updates             = 6
	right hand side evaluations   = 8
	stiffness matrix reformations = 1
	step from line search         = 1.000000
	convergence norms :     INITIAL         CURRENT         REQUIRED
	   residual            7.083285e+01    7.340405e-04    0.000000e+00 
	   energy              1.760447e-02    1.737806e-07    1.760447e-04 
	   displacement        2.159261e-02    2.086994e-07    1.831353e-08 
 8
 Nonlinear solution status: time= 1.04648
	stiffness updates             = 7
	right hand side evaluations   = 10
	stiffness matrix reformations = 1
	step from line search         = 0.622550
	convergence norms :     INITIAL         CURRENT         REQUIRED
	   residual            7.083285e+01    6.660881e-05    0.000000e+00 
	   energy              1.760447e-02    3.034686e-08    1.760447e-04 
	   displacement        2.159261e-02    6.287915e-08    1.835416e-08 
 9
 Nonlinear solution status: time= 1.04648
	stiffness updates             = 8
	right hand side evaluations   = 11
	stiffness matrix reformations = 1
	step from line search         = 1.000000
	convergence norms :     INITIAL         CURRENT         REQUIRED
	   residual            7.083285e+01    1.634616e-04    0.000000e+00 
	   energy              1.760447e-02    2.198174e-08    1.760447e-04 
	   displacement        2.159261e-02    1.664598e-08    1.836555e-08 

convergence summary
    number of iterations   : 9
    number of reformations : 1

------- converged at time : 1.04648


AUTO STEPPER: increasing time step, dt = 0.00614869

MUST POINT CONTROLLER: adjusting time step. dt = 0.00351655


===== beginning time step 11 : 1.05 =====


Reforming stiffness matrix: reformation #1

 1
 Nonlinear solution status: time= 1.05
	stiffness updates             = 0
	right hand side evaluations   = 2
	stiffness matrix reformations = 1
	step from line search         = 1.000000
	convergence norms :     INITIAL         CURRENT         REQUIRED
	   residual            1.044356e+02    1.997703e-02    0.000000e+00 
	   energy              1.676116e-02    6.757891e-04    1.676116e-04 
	   displacement        7.492579e-03    7.492579e-03    7.492579e-09 
 2
 Nonlinear solution status: time= 1.05
	stiffness updates             = 1
	right hand side evaluations   = 3
	stiffness matrix reformations = 1
	step from line search         = 1.000000
	convergence norms :     INITIAL         CURRENT         REQUIRED
	   residual            1.044356e+02    1.677349e-02    0.000000e+00 
	   energy              1.676116e-02    1.986383e-05    1.676116e-04 
	   displacement        7.492579e-03    1.025617e-04    6.338332e-09 
 3
 Nonlinear solution status: time= 1.05
	stiffness updates             = 2
	right hand side evaluations   = 4
	stiffness matrix reformations = 1
	step from line search         = 1.000000
	convergence norms :     INITIAL         CURRENT         REQUIRED
	   residual            1.044356e+02    1.689433e-03    0.000000e+00 
	   energy              1.676116e-02    1.174831e-06    1.676116e-04 
	   displacement        7.492579e-03    3.972348e-06    6.396875e-09 
 4
 Nonlinear solution status: time= 1.05
	stiffness updates             = 3
	right hand side evaluations   = 5
	stiffness matrix reformations = 1
	step from line search         = 1.000000
	convergence norms :     INITIAL         CURRENT         REQUIRED
	   residual            1.044356e+02    5.711203e-04    0.000000e+00 
	   energy              1.676116e-02    2.733314e-07    1.676116e-04 
	   displacement        7.492579e-03    4.083217e-07    6.449333e-09 
 5
 Nonlinear solution status: time= 1.05
	stiffness updates             = 4
	right hand side evaluations   = 6
	stiffness matrix reformations = 1
	step from line search         = 1.000000
	convergence norms :     INITIAL         CURRENT         REQUIRED
	   residual            1.044356e+02    2.222966e-04    0.000000e+00 
	   energy              1.676116e-02    3.532465e-08    1.676116e-04 
	   displacement        7.492579e-03    4.790455e-08    6.441661e-09 
 6
 Nonlinear solution status: time= 1.05
	stiffness updates             = 5
	right hand side evaluations   = 7
	stiffness matrix reformations = 1
	step from line search         = 1.000000
	convergence norms :     INITIAL         CURRENT         REQUIRED
	   residual            1.044356e+02    2.136331e-05    0.000000e+00 
	   energy              1.676116e-02    1.320497e-08    1.676116e-04 
	   displacement        7.492579e-03    1.164309e-08    6.435329e-09 
 7
 Nonlinear solution status: time= 1.05
	stiffness updates             = 6
	right hand side evaluations   = 8
	stiffness matrix reformations = 1
	step from line search         = 1.000000
	convergence norms :     INITIAL         CURRENT         REQUIRED
	   residual            1.044356e+02    1.882157e-05    0.000000e+00 
	   energy              1.676116e-02    9.508488e-10    1.676116e-04 
	   displacement        7.492579e-03    2.478620e-09    6.437537e-09 

convergence summary
    number of iterations   : 7
    number of reformations : 1

------- converged at time : 1.05


AUTO STEPPER: increasing time step, dt = 0.00691895


===== beginning time step 12 : 1.05692 =====


Reforming stiffness matrix: reformation #1

 1
 Nonlinear solution status: time= 1.05692
	stiffness updates             = 0
	right hand side evaluations   = 2
	stiffness matrix reformations = 1
	step from line search         = 1.000000
	convergence norms :     INITIAL         CURRENT         REQUIRED
	   residual            2.793342e+03    1.207241e-01    0.000000e+00 
	   energy              1.442752e-01    9.871353e-04    1.442752e-03 
	   displacement        2.524565e-02    2.524565e-02    2.524565e-08 
 2
 Nonlinear solution status: time= 1.05692
	stiffness updates             = 1
	right hand side evaluations   = 4
	stiffness matrix reformations = 1
	step from line search         = 0.626574
	convergence norms :     INITIAL         CURRENT         REQUIRED
	   residual            2.793342e+03    6.263085e-02    0.000000e+00 
	   energy              1.442752e-01    5.745981e-05    1.442752e-03 
	   displacement        2.524565e-02    2.165503e-04    2.195585e-08 
 3
 Nonlinear solution status: time= 1.05692
	stiffness updates             = 2
	right hand side evaluations   = 5
	stiffness matrix reformations = 1
	step from line search         = 1.000000
	convergence norms :     INITIAL         CURRENT         REQUIRED
	   residual            2.793342e+03    5.884867e-02    0.000000e+00 
	   energy              1.442752e-01    3.963123e-05    1.442752e-03 
	   displacement        2.524565e-02    1.015502e-04    1.995060e-08 
 4
 Nonlinear solution status: time= 1.05692
	stiffness updates             = 3
	right hand side evaluations   = 7
	stiffness matrix reformations = 1
	step from line search         = 0.632698
	convergence norms :     INITIAL         CURRENT         REQUIRED
	   residual            2.793342e+03    3.613081e-02    0.000000e+00 
	   energy              1.442752e-01    3.156224e-06    1.442752e-03 
	   displacement        2.524565e-02    9.811869e-06    2.041674e-08 
 5
 Nonlinear solution status: time= 1.05692
	stiffness updates             = 4
	right hand side evaluations   = 9
	stiffness matrix reformations = 1
	step from line search         = 0.313339
	convergence norms :     INITIAL         CURRENT         REQUIRED
	   residual            2.793342e+03    1.995432e-02    0.000000e+00 
	   energy              1.442752e-01    4.326647e-07    1.442752e-03 
	   displacement        2.524565e-02    6.202680e-06    2.092220e-08 
 6
 Nonlinear solution status: time= 1.05692
	stiffness updates             = 5
	right hand side evaluations   = 11
	stiffness matrix reformations = 1
	step from line search         = 0.577861
	convergence norms :     INITIAL         CURRENT         REQUIRED
	   residual            2.793342e+03    3.626688e-03    0.000000e+00 
	   energy              1.442752e-01    9.978392e-07    1.442752e-03 
	   displacement        2.524565e-02    3.366867e-06    2.130489e-08 
 7
 Nonlinear solution status: time= 1.05692
	stiffness updates             = 6
	right hand side evaluations   = 12
	stiffness matrix reformations = 1
	step from line search         = 1.000000
	convergence norms :     INITIAL         CURRENT         REQUIRED
	   residual            2.793342e+03    2.628549e-03    0.000000e+00 
	   energy              1.442752e-01    8.638622e-07    1.442752e-03 
	   displacement        2.524565e-02    1.172992e-06    2.125990e-08 
 8
 Nonlinear solution status: time= 1.05692
	stiffness updates             = 7
	right hand side evaluations   = 13
	stiffness matrix reformations = 1
	step from line search         = 1.000000
	convergence norms :     INITIAL         CURRENT         REQUIRED
	   residual            2.793342e+03    2.373060e-03    0.000000e+00 
	   energy              1.442752e-01    7.127253e-07    1.442752e-03 
	   displacement        2.524565e-02    9.708531e-07    2.110019e-08 
 9
 Nonlinear solution status: time= 1.05692
	stiffness updates             = 8
	right hand side evaluations   = 15
	stiffness matrix reformations = 1
	step from line search         = 0.580604
	convergence norms :     INITIAL         CURRENT         REQUIRED
	   residual            2.793342e+03    1.993445e-03    0.000000e+00 
	   energy              1.442752e-01    1.598660e-07    1.442752e-03 
	   displacement        2.524565e-02    1.619669e-07    2.108323e-08 
 10
 Nonlinear solution status: time= 1.05692
	stiffness updates             = 9
	right hand side evaluations   = 17
	stiffness matrix reformations = 1
	step from line search         = 0.571322
	convergence norms :     INITIAL         CURRENT         REQUIRED
	   residual            2.793342e+03    5.980553e-04    0.000000e+00 
	   energy              1.442752e-01    9.687366e-08    1.442752e-03 
	   displacement        2.524565e-02    1.280708e-07    2.113628e-08 

 *************************************************************************
 *                               WARNING                                 *
 * Max nr of iterations reached.                                         *
 * Stiffness matrix will now be reformed.                                *
 *************************************************************************
Reforming stiffness matrix: reformation #2

 11
 Nonlinear solution status: time= 1.05692
	stiffness updates             = 0
	right hand side evaluations   = 18
	stiffness matrix reformations = 2
	step from line search         = 1.000000
	convergence norms :     INITIAL         CURRENT         REQUIRED
	   residual            2.793342e+03    3.120442e-04    0.000000e+00 
	   energy              1.442752e-01    1.114653e-08    1.442752e-03 
	   displacement        2.524565e-02    1.766551e-07    2.117361e-08 
 12
 Nonlinear solution status: time= 1.05692
	stiffness updates             = 1
	right hand side evaluations   = 19
	stiffness matrix reformations = 2
	step from line search         = 1.000000
	convergence norms :     INITIAL         CURRENT         REQUIRED
	   residual            2.793342e+03    3.565856e-05    0.000000e+00 
	   energy              1.442752e-01    1.830033e-08    1.442752e-03 
	   displacement        2.524565e-02    2.518787e-09    2.117391e-08 

convergence summary
    number of iterations   : 12
    number of reformations : 2

------- converged at time : 1.05692


AUTO STEPPER: decreasing time step, dt = 0.00662439


===== beginning time step 13 : 1.06354 =====


Reforming stiffness matrix: reformation #1

 1
 Nonlinear solution status: time= 1.06354
	stiffness updates             = 0
	right hand side evaluations   = 2
	stiffness matrix reformations = 1
	step from line search         = 1.000000
	convergence norms :     INITIAL         CURRENT         REQUIRED
	   residual            7.717763e+03    2.044337e-01    0.000000e+00 
	   energy              4.103713e-01    7.540326e-04    4.103713e-03 
	   displacement        2.204645e-02    2.204645e-02    2.204645e-08 
 2

 *************************************************************************
 *                                ERROR                                  *
 * 15 negative jacobians detected.                                       *
 *************************************************************************


------- failed to converge at time : 1.06354

Retrying time step. Retry attempt 1 of max 20


AUTO STEPPER: retry step, dt = 0.00630894


===== beginning time step 13 : 1.06323 =====


Reforming stiffness matrix: reformation #1

 1
 Nonlinear solution status: time= 1.06323
	stiffness updates             = 0
	right hand side evaluations   = 2
	stiffness matrix reformations = 1
	step from line search         = 1.000000
	convergence norms :     INITIAL         CURRENT         REQUIRED
	   residual            6.819611e+03    1.753453e-01    0.000000e+00 
	   energy              3.637459e-01    7.267686e-04    3.637459e-03 
	   displacement        2.006359e-02    2.006359e-02    2.006359e-08 
 2

 *************************************************************************
 *                                ERROR                                  *
 * 15 negative jacobians detected.                                       *
 *************************************************************************


------- failed to converge at time : 1.06323

Retrying time step. Retry attempt 2 of max 20


AUTO STEPPER: retry step, dt = 0.0059935


===== beginning time step 13 : 1.06291 =====


Reforming stiffness matrix: reformation #1

 1
 Nonlinear solution status: time= 1.06291
	stiffness updates             = 0
	right hand side evaluations   = 2
	stiffness matrix reformations = 1
	step from line search         = 1.000000
	convergence norms :     INITIAL         CURRENT         REQUIRED
	   residual            6.051248e+03    1.507002e-01    0.000000e+00 
	   energy              3.238470e-01    6.994795e-04    3.238470e-03 
	   displacement        1.818183e-02    1.818183e-02    1.818183e-08 
 2

 *************************************************************************
 *                                ERROR                                  *
 * 14 negative jacobians detected.                                       *
 *************************************************************************


------- failed to converge at time : 1.06291

Retrying time step. Retry attempt 3 of max 20


AUTO STEPPER: retry step, dt = 0.00567805


===== beginning time step 13 : 1.0626 =====


Reforming stiffness matrix: reformation #1

 1
 Nonlinear solution status: time= 1.0626
	stiffness updates             = 0
	right hand side evaluations   = 2
	stiffness matrix reformations = 1
	step from line search         = 1.000000
	convergence norms :     INITIAL         CURRENT         REQUIRED
	   residual            5.332184e+03    1.282492e-01    0.000000e+00 
	   energy              2.865026e-01    6.749731e-04    2.865026e-03 
	   displacement        1.638075e-02    1.638075e-02    1.638075e-08 
 2

 *************************************************************************
 *                                ERROR                                  *
 * 13 negative jacobians detected.                                       *
 *************************************************************************


------- failed to converge at time : 1.0626

Retrying time step. Retry attempt 4 of max 20


AUTO STEPPER: retry step, dt = 0.0053626


===== beginning time step 13 : 1.06228 =====


Reforming stiffness matrix: reformation #1

 1
 Nonlinear solution status: time= 1.06228
	stiffness updates             = 0
	right hand side evaluations   = 2
	stiffness matrix reformations = 1
	step from line search         = 1.000000
	convergence norms :     INITIAL         CURRENT         REQUIRED
	   residual            4.658589e+03    1.078049e-01    0.000000e+00 
	   energy              2.515141e-01    6.529215e-04    2.515141e-03 
	   displacement        1.466187e-02    1.466187e-02    1.466187e-08 
 2

 *************************************************************************
 *                                ERROR                                  *
 * 10 negative jacobians detected.                                       *
 *************************************************************************


------- failed to converge at time : 1.06228

Retrying time step. Retry attempt 5 of max 20


AUTO STEPPER: retry step, dt = 0.00504716


===== beginning time step 13 : 1.06197 =====


Reforming stiffness matrix: reformation #1

 1
 Nonlinear solution status: time= 1.06197
	stiffness updates             = 0
	right hand side evaluations   = 2
	stiffness matrix reformations = 1
	step from line search         = 1.000000
	convergence norms :     INITIAL         CURRENT         REQUIRED
	   residual            4.030462e+03    8.930958e-02    0.000000e+00 
	   energy              2.188813e-01    6.328354e-04    2.188813e-03 
	   displacement        1.302775e-02    1.302775e-02    1.302775e-08 
 2

 *************************************************************************
 *                                ERROR                                  *
 * 7 negative jacobians detected.                                        *
 *************************************************************************


------- failed to converge at time : 1.06197

Retrying time step. Retry attempt 6 of max 20


AUTO STEPPER: retry step, dt = 0.00473171


===== beginning time step 13 : 1.06165 =====


Reforming stiffness matrix: reformation #1

 1
 Nonlinear solution status: time= 1.06165
	stiffness updates             = 0
	right hand side evaluations   = 2
	stiffness matrix reformations = 1
	step from line search         = 1.000000
	convergence norms :     INITIAL         CURRENT         REQUIRED
	   residual            3.447803e+03    7.273534e-02    0.000000e+00 
	   energy              1.886041e-01    6.142318e-04    1.886041e-03 
	   displacement        1.148089e-02    1.148089e-02    1.148089e-08 
 2

 *************************************************************************
 *                                ERROR                                  *
 * 7 negative jacobians detected.                                        *
 *************************************************************************


------- failed to converge at time : 1.06165

Retrying time step. Retry attempt 7 of max 20


AUTO STEPPER: retry step, dt = 0.00441626


===== beginning time step 13 : 1.06134 =====


Reforming stiffness matrix: reformation #1

 1
 Nonlinear solution status: time= 1.06134
	stiffness updates             = 0
	right hand side evaluations   = 2
	stiffness matrix reformations = 1
	step from line search         = 1.000000
	convergence norms :     INITIAL         CURRENT         REQUIRED
	   residual            2.922986e+03    5.841158e-02    0.000000e+00 
	   energy              1.613236e-01    5.960395e-04    1.613236e-03 
	   displacement        1.002656e-02    1.002656e-02    1.002656e-08 
 2

 *************************************************************************
 *                                ERROR                                  *
 * 5 negative jacobians detected.                                        *
 *************************************************************************


------- failed to converge at time : 1.06134

Retrying time step. Retry attempt 8 of max 20


AUTO STEPPER: retry step, dt = 0.00410081


===== beginning time step 13 : 1.06102 =====


Reforming stiffness matrix: reformation #1

 1
 Nonlinear solution status: time= 1.06102
	stiffness updates             = 0
	right hand side evaluations   = 2
	stiffness matrix reformations = 1
	step from line search         = 1.000000
	convergence norms :     INITIAL         CURRENT         REQUIRED
	   residual            2.479906e+03    4.693587e-02    0.000000e+00 
	   energy              1.382775e-01    5.767018e-04    1.382775e-03 
	   displacement        8.672031e-03    8.672031e-03    8.672031e-09 
 2

 *************************************************************************
 *                                ERROR                                  *
 * Negative jacobian detected.                                           *
 *************************************************************************


------- failed to converge at time : 1.06102

Retrying time step. Retry attempt 9 of max 20


AUTO STEPPER: retry step, dt = 0.00378537


===== beginning time step 13 : 1.0607 =====


Reforming stiffness matrix: reformation #1

 1
 Nonlinear solution status: time= 1.0607
	stiffness updates             = 0
	right hand side evaluations   = 2
	stiffness matrix reformations = 1
	step from line search         = 1.000000
	convergence norms :     INITIAL         CURRENT         REQUIRED
	   residual            2.073227e+03    3.708037e-02    0.000000e+00 
	   energy              1.171167e-01    5.581120e-04    1.171167e-03 
	   displacement        7.408733e-03    7.408733e-03    7.408733e-09 
 2

 *************************************************************************
 *                                ERROR                                  *
 * Negative jacobian detected.                                           *
 *************************************************************************


------- failed to converge at time : 1.0607

Retrying time step. Retry attempt 10 of max 20


AUTO STEPPER: retry step, dt = 0.00346992


===== beginning time step 13 : 1.06039 =====


Reforming stiffness matrix: reformation #1

 1
 Nonlinear solution status: time= 1.06039
	stiffness updates             = 0
	right hand side evaluations   = 2
	stiffness matrix reformations = 1
	step from line search         = 1.000000
	convergence norms :     INITIAL         CURRENT         REQUIRED
	   residual            1.702948e+03    2.884796e-02    0.000000e+00 
	   energy              9.784093e-02    5.400179e-04    9.784093e-04 
	   displacement        6.238891e-03    6.238891e-03    6.238891e-09 
 2

 *************************************************************************
 *                                ERROR                                  *
 * Negative jacobian detected.                                           *
 *************************************************************************


------- failed to converge at time : 1.06039

Retrying time step. Retry attempt 11 of max 20


AUTO STEPPER: retry step, dt = 0.00315447


===== beginning time step 13 : 1.06007 =====


Reforming stiffness matrix: reformation #1

 1
 Nonlinear solution status: time= 1.06007
	stiffness updates             = 0
	right hand side evaluations   = 2
	stiffness matrix reformations = 1
	step from line search         = 1.000000
	convergence norms :     INITIAL         CURRENT         REQUIRED
	   residual            1.369070e+03    2.223980e-02    0.000000e+00 
	   energy              8.045038e-02    5.222552e-04    8.045038e-04 
	   displacement        5.164570e-03    5.164570e-03    5.164570e-09 
 2
 Nonlinear solution status: time= 1.06007
	stiffness updates             = 1
	right hand side evaluations   = 4
	stiffness matrix reformations = 1
	step from line search         = 0.191346
	convergence norms :     INITIAL         CURRENT         REQUIRED
	   residual            1.369070e+03    8.698015e-03    0.000000e+00 
	   energy              8.045038e-02    1.041255e-05    8.045038e-04 
	   displacement        5.164570e-03    4.080365e-06    4.988986e-09 
 3
 Nonlinear solution status: time= 1.06007
	stiffness updates             = 2
	right hand side evaluations   = 6
	stiffness matrix reformations = 1
	step from line search         = 0.037113
	convergence norms :     INITIAL         CURRENT         REQUIRED
	   residual            1.369070e+03    4.636909e-03    0.000000e+00 
	   energy              8.045038e-02    4.277855e-06    8.045038e-04 
	   displacement        5.164570e-03    5.056713e-07    4.921527e-09 
 4
 Nonlinear solution status: time= 1.06007
	stiffness updates             = 3
	right hand side evaluations   = 7
	stiffness matrix reformations = 1
	step from line search         = 1.000000
	convergence norms :     INITIAL         CURRENT         REQUIRED
	   residual            1.369070e+03    4.995795e-02    0.000000e+00 
	   energy              8.045038e-02    1.725579e-05    8.045038e-04 
	   displacement        5.164570e-03    4.328571e-05    4.285893e-09 
 5
 Nonlinear solution status: time= 1.06007
	stiffness updates             = 4
	right hand side evaluations   = 8
	stiffness matrix reformations = 1
	step from line search         = 1.000000
	convergence norms :     INITIAL         CURRENT         REQUIRED
	   residual            1.369070e+03    6.496231e-03    0.000000e+00 
	   energy              8.045038e-02    3.273120e-07    8.045038e-04 
	   displacement        5.164570e-03    3.432033e-06    4.438351e-09 
 6
 Nonlinear solution status: time= 1.06007
	stiffness updates             = 5
	right hand side evaluations   = 9
	stiffness matrix reformations = 1
	step from line search         = 1.000000
	convergence norms :     INITIAL         CURRENT         REQUIRED
	   residual            1.369070e+03    6.824742e-04    0.000000e+00 
	   energy              8.045038e-02    4.034617e-07    8.045038e-04 
	   displacement        5.164570e-03    1.456556e-07    4.461043e-09 
 7
 Nonlinear solution status: time= 1.06007
	stiffness updates             = 6
	right hand side evaluations   = 10
	stiffness matrix reformations = 1
	step from line search         = 1.000000
	convergence norms :     INITIAL         CURRENT         REQUIRED
	   residual            1.369070e+03    4.723209e-05    0.000000e+00 
	   energy              8.045038e-02    1.038563e-08    8.045038e-04 
	   displacement        5.164570e-03    7.643150e-08    4.439359e-09 
 8
 Nonlinear solution status: time= 1.06007
	stiffness updates             = 7
	right hand side evaluations   = 11
	stiffness matrix reformations = 1
	step from line search         = 1.000000
	convergence norms :     INITIAL         CURRENT         REQUIRED
	   residual            1.369070e+03    1.803106e-04    0.000000e+00 
	   energy              8.045038e-02    5.555894e-09    8.045038e-04 
	   displacement        5.164570e-03    1.538573e-08    4.431143e-09 
 9
 Nonlinear solution status: time= 1.06007
	stiffness updates             = 8
	right hand side evaluations   = 12
	stiffness matrix reformations = 1
	step from line search         = 1.000000
	convergence norms :     INITIAL         CURRENT         REQUIRED
	   residual            1.369070e+03    8.637104e-05    0.000000e+00 
	   energy              8.045038e-02    1.171474e-08    8.045038e-04 
	   displacement        5.164570e-03    2.929682e-09    4.430937e-09 

convergence summary
    number of iterations   : 9
    number of reformations : 1

------- converged at time : 1.06007


AUTO STEPPER: increasing time step, dt = 0.00387696


===== beginning time step 14 : 1.06395 =====


Reforming stiffness matrix: reformation #1

 1
 Nonlinear solution status: time= 1.06395
	stiffness updates             = 0
	right hand side evaluations   = 2
	stiffness matrix reformations = 1
	step from line search         = 1.000000
	convergence norms :     INITIAL         CURRENT         REQUIRED
	   residual            3.189830e+03    2.673391e-02    0.000000e+00 
	   energy              1.822992e-01    6.416216e-04    1.822992e-03 
	   displacement        8.141158e-03    8.141158e-03    8.141158e-09 
 2
 Nonlinear solution status: time= 1.06395
	stiffness updates             = 1
	right hand side evaluations   = 3
	stiffness matrix reformations = 1
	step from line search         = 1.000000
	convergence norms :     INITIAL         CURRENT         REQUIRED
	   residual            3.189830e+03    2.405761e-02    0.000000e+00 
	   energy              1.822992e-01    4.662376e-05    1.822992e-03 
	   displacement        8.141158e-03    1.375670e-04    6.724238e-09 
 3
 Nonlinear solution status: time= 1.06395
	stiffness updates             = 2
	right hand side evaluations   = 4
	stiffness matrix reformations = 1
	step from line search         = 1.000000
	convergence norms :     INITIAL         CURRENT         REQUIRED
	   residual            3.189830e+03    4.211738e-03    0.000000e+00 
	   energy              1.822992e-01    3.991697e-06    1.822992e-03 
	   displacement        8.141158e-03    1.446585e-05    6.864589e-09 
 4
 Nonlinear solution status: time= 1.06395
	stiffness updates             = 3
	right hand side evaluations   = 5
	stiffness matrix reformations = 1
	step from line search         = 1.000000
	convergence norms :     INITIAL         CURRENT         REQUIRED
	   residual            3.189830e+03    1.999581e-03    0.000000e+00 
	   energy              1.822992e-01    1.531478e-06    1.822992e-03 
	   displacement        8.141158e-03    2.687726e-06    7.024338e-09 
 5
 Nonlinear solution status: time= 1.06395
	stiffness updates             = 4
	right hand side evaluations   = 6
	stiffness matrix reformations = 1
	step from line search         = 1.000000
	convergence norms :     INITIAL         CURRENT         REQUIRED
	   residual            3.189830e+03    3.466371e-03    0.000000e+00 
	   energy              1.822992e-01    6.782856e-07    1.822992e-03 
	   displacement        8.141158e-03    2.967523e-07    6.995745e-09 
 6
 Nonlinear solution status: time= 1.06395
	stiffness updates             = 5
	right hand side evaluations   = 8
	stiffness matrix reformations = 1
	step from line search         = 0.630086
	convergence norms :     INITIAL         CURRENT         REQUIRED
	   residual            3.189830e+03    2.744131e-03    0.000000e+00 
	   energy              1.822992e-01    4.997942e-07    1.822992e-03 
	   displacement        8.141158e-03    2.980601e-07    6.963110e-09 
 7
 Nonlinear solution status: time= 1.06395
	stiffness updates             = 6
	right hand side evaluations   = 9
	stiffness matrix reformations = 1
	step from line search         = 1.000000
	convergence norms :     INITIAL         CURRENT         REQUIRED
	   residual            3.189830e+03    8.009523e-04    0.000000e+00 
	   energy              1.822992e-01    2.899961e-07    1.822992e-03 
	   displacement        8.141158e-03    1.390688e-07    6.964795e-09 
 8
 Nonlinear solution status: time= 1.06395
	stiffness updates             = 7
	right hand side evaluations   = 10
	stiffness matrix reformations = 1
	step from line search         = 1.000000
	convergence norms :     INITIAL         CURRENT         REQUIRED
	   residual            3.189830e+03    1.420332e-04    0.000000e+00 
	   energy              1.822992e-01    8.247860e-08    1.822992e-03 
	   displacement        8.141158e-03    1.068608e-07    6.990835e-09 
 9
 Nonlinear solution status: time= 1.06395
	stiffness updates             = 8
	right hand side evaluations   = 11
	stiffness matrix reformations = 1
	step from line search         = 1.000000
	convergence norms :     INITIAL         CURRENT         REQUIRED
	   residual            3.189830e+03    1.394490e-04    0.000000e+00 
	   energy              1.822992e-01    2.945410e-08    1.822992e-03 
	   displacement        8.141158e-03    2.358937e-08    6.985547e-09 
 10
 Nonlinear solution status: time= 1.06395
	stiffness updates             = 9
	right hand side evaluations   = 12
	stiffness matrix reformations = 1
	step from line search         = 1.000000
	convergence norms :     INITIAL         CURRENT         REQUIRED
	   residual            3.189830e+03    7.338820e-05    0.000000e+00 
	   energy              1.822992e-01    1.000097e-08    1.822992e-03 
	   displacement        8.141158e-03    1.123971e-08    6.978173e-09 

 *************************************************************************
 *                               WARNING                                 *
 * Max nr of iterations reached.                                         *
 * Stiffness matrix will now be reformed.                                *
 *************************************************************************
Reforming stiffness matrix: reformation #2

 11
 Nonlinear solution status: time= 1.06395
	stiffness updates             = 0
	right hand side evaluations   = 13
	stiffness matrix reformations = 2
	step from line search         = 1.000000
	convergence norms :     INITIAL         CURRENT         REQUIRED
	   residual            3.189830e+03    2.348946e-05    0.000000e+00 
	   energy              1.822992e-01    2.676852e-09    1.822992e-03 
	   displacement        8.141158e-03    2.214059e-08    6.982126e-09 
 12
 Nonlinear solution status: time= 1.06395
	stiffness updates             = 1
	right hand side evaluations   = 14
	stiffness matrix reformations = 2
	step from line search         = 1.000000
	convergence norms :     INITIAL         CURRENT         REQUIRED
	   residual            3.189830e+03    2.813278e-07    0.000000e+00 
	   energy              1.822992e-01    3.850584e-10    1.822992e-03 
	   displacement        8.141158e-03    2.704570e-10    6.981506e-09 

convergence summary
    number of iterations   : 12
    number of reformations : 2

------- converged at time : 1.06395


AUTO STEPPER: decreasing time step, dt = 0.00371191


===== beginning time step 15 : 1.06766 =====


Reforming stiffness matrix: reformation #1

 1
 Nonlinear solution status: time= 1.06766
	stiffness updates             = 0
	right hand side evaluations   = 2
	stiffness matrix reformations = 1
	step from line search         = 1.000000
	convergence norms :     INITIAL         CURRENT         REQUIRED
	   residual            4.151764e+03    3.149463e-02    0.000000e+00 
	   energy              2.476995e-01    7.003233e-04    2.476995e-03 
	   displacement        8.237985e-03    8.237985e-03    8.237985e-09 
 2
 Nonlinear solution status: time= 1.06766
	stiffness updates             = 1
	right hand side evaluations   = 3
	stiffness matrix reformations = 1
	step from line search         = 1.000000
	convergence norms :     INITIAL         CURRENT         REQUIRED
	   residual            4.151764e+03    3.792525e-02    0.000000e+00 
	   energy              2.476995e-01    6.690759e-05    2.476995e-03 
	   displacement        8.237985e-03    1.558861e-04    6.775091e-09 
 3
 Nonlinear solution status: time= 1.06766
	stiffness updates             = 2
	right hand side evaluations   = 5
	stiffness matrix reformations = 1
	step from line search         = 0.381180
	convergence norms :     INITIAL         CURRENT         REQUIRED
	   residual            4.151764e+03    1.358978e-02    0.000000e+00 
	   energy              2.476995e-01    5.715933e-06    2.476995e-03 
	   displacement        8.237985e-03    3.821186e-06    6.823765e-09 
 4
 Nonlinear solution status: time= 1.06766
	stiffness updates             = 3
	right hand side evaluations   = 7
	stiffness matrix reformations = 1
	step from line search         = 0.234742
	convergence norms :     INITIAL         CURRENT         REQUIRED
	   residual            4.151764e+03    2.381984e-03    0.000000e+00 
	   energy              2.476995e-01    2.491891e-06    2.476995e-03 
	   displacement        8.237985e-03    4.605769e-06    6.936427e-09 
 5
 Nonlinear solution status: time= 1.06766
	stiffness updates             = 4
	right hand side evaluations   = 8
	stiffness matrix reformations = 1
	step from line search         = 1.000000
	convergence norms :     INITIAL         CURRENT         REQUIRED
	   residual            4.151764e+03    1.089999e-03    0.000000e+00 
	   energy              2.476995e-01    1.045920e-06    2.476995e-03 
	   displacement        8.237985e-03    3.260883e-06    7.119047e-09 
 6
 Nonlinear solution status: time= 1.06766
	stiffness updates             = 5
	right hand side evaluations   = 9
	stiffness matrix reformations = 1
	step from line search         = 1.000000
	convergence norms :     INITIAL         CURRENT         REQUIRED
	   residual            4.151764e+03    4.848133e-04    0.000000e+00 
	   energy              2.476995e-01    1.859248e-07    2.476995e-03 
	   displacement        8.237985e-03    1.906800e-07    7.090253e-09 
 7
 Nonlinear solution status: time= 1.06766
	stiffness updates             = 6
	right hand side evaluations   = 10
	stiffness matrix reformations = 1
	step from line search         = 1.000000
	convergence norms :     INITIAL         CURRENT         REQUIRED
	   residual            4.151764e+03    2.775251e-04    0.000000e+00 
	   energy              2.476995e-01    1.151609e-07    2.476995e-03 
	   displacement        8.237985e-03    7.920691e-08    7.066334e-09 
 8
 Nonlinear solution status: time= 1.06766
	stiffness updates             = 7
	right hand side evaluations   = 11
	stiffness matrix reformations = 1
	step from line search         = 1.000000
	convergence norms :     INITIAL         CURRENT         REQUIRED
	   residual            4.151764e+03    3.274646e-05    0.000000e+00 
	   energy              2.476995e-01    1.567812e-08    2.476995e-03 
	   displacement        8.237985e-03    1.915955e-08    7.077202e-09 
 9
 Nonlinear solution status: time= 1.06766
	stiffness updates             = 8
	right hand side evaluations   = 12
	stiffness matrix reformations = 1
	step from line search         = 1.000000
	convergence norms :     INITIAL         CURRENT         REQUIRED
	   residual            4.151764e+03    2.801169e-05    0.000000e+00 
	   energy              2.476995e-01    1.185511e-08    2.476995e-03 
	   displacement        8.237985e-03    8.613146e-09    7.084578e-09 
 10
 Nonlinear solution status: time= 1.06766
	stiffness updates             = 9
	right hand side evaluations   = 13
	stiffness matrix reformations = 1
	step from line search         = 1.000000
	convergence norms :     INITIAL         CURRENT         REQUIRED
	   residual            4.151764e+03    5.183428e-06    0.000000e+00 
	   energy              2.476995e-01    1.157706e-09    2.476995e-03 
	   displacement        8.237985e-03    2.034459e-09    7.081554e-09 

convergence summary
    number of iterations   : 10
    number of reformations : 1

------- converged at time : 1.06766


AUTO STEPPER: increasing time step, dt = 0.00401882


===== beginning time step 16 : 1.07168 =====


Reforming stiffness matrix: reformation #1

 1
 Nonlinear solution status: time= 1.07168
	stiffness updates             = 0
	right hand side evaluations   = 2
	stiffness matrix reformations = 1
	step from line search         = 1.000000
	convergence norms :     INITIAL         CURRENT         REQUIRED
	   residual            6.499563e+03    6.012471e-02    0.000000e+00 
	   energy              4.039635e-01    8.466133e-04    4.039635e-03 
	   displacement        1.115785e-02    1.115785e-02    1.115785e-08 
 2
 Nonlinear solution status: time= 1.07168
	stiffness updates             = 1
	right hand side evaluations   = 4
	stiffness matrix reformations = 1
	step from line search         = 0.511717
	convergence norms :     INITIAL         CURRENT         REQUIRED
	   residual            6.499563e+03    5.654650e-02    0.000000e+00 
	   energy              4.039635e-01    1.962067e-05    4.039635e-03 
	   displacement        1.115785e-02    7.599360e-05    1.001122e-08 
 3

 *************************************************************************
 *                                ERROR                                  *
 * 2 negative jacobians detected.                                        *
 *************************************************************************


------- failed to converge at time : 1.07168

Retrying time step. Retry attempt 1 of max 20


AUTO STEPPER: retry step, dt = 0.00382745


===== beginning time step 16 : 1.07149 =====


Reforming stiffness matrix: reformation #1

 1
 Nonlinear solution status: time= 1.07149
	stiffness updates             = 0
	right hand side evaluations   = 2
	stiffness matrix reformations = 1
	step from line search         = 1.000000
	convergence norms :     INITIAL         CURRENT         REQUIRED
	   residual            5.854918e+03    5.137074e-02    0.000000e+00 
	   energy              3.649225e-01    8.110115e-04    3.649225e-03 
	   displacement        1.009933e-02    1.009933e-02    1.009933e-08 
 2
 Nonlinear solution status: time= 1.07149
	stiffness updates             = 1
	right hand side evaluations   = 4
	stiffness matrix reformations = 1
	step from line search         = 0.552705
	convergence norms :     INITIAL         CURRENT         REQUIRED
	   residual            5.854918e+03    4.713560e-02    0.000000e+00 
	   energy              3.649225e-01    1.625036e-05    3.649225e-03 
	   displacement        1.009933e-02    7.423520e-05    9.004582e-09 
 3

 *************************************************************************
 *                                ERROR                                  *
 * Negative jacobian detected.                                           *
 *************************************************************************


------- failed to converge at time : 1.07149

Retrying time step. Retry attempt 2 of max 20


AUTO STEPPER: retry step, dt = 0.00363608


===== beginning time step 16 : 1.0713 =====


Reforming stiffness matrix: reformation #1

 1
 Nonlinear solution status: time= 1.0713
	stiffness updates             = 0
	right hand side evaluations   = 2
	stiffness matrix reformations = 1
	step from line search         = 1.000000
	convergence norms :     INITIAL         CURRENT         REQUIRED
	   residual            5.243934e+03    4.386971e-02    0.000000e+00 
	   energy              3.279152e-01    7.778174e-04    3.279152e-03 
	   displacement        9.094273e-03    9.094273e-03    9.094273e-09 
 2
 Nonlinear solution status: time= 1.0713
	stiffness updates             = 1
	right hand side evaluations   = 4
	stiffness matrix reformations = 1
	step from line search         = 0.594427
	convergence norms :     INITIAL         CURRENT         REQUIRED
	   residual            5.243934e+03    3.866872e-02    0.000000e+00 
	   energy              3.279152e-01    1.331227e-05    3.279152e-03 
	   displacement        9.094273e-03    7.247940e-05    8.056367e-09 
 3

 *************************************************************************
 *                                ERROR                                  *
 * Negative jacobian detected.                                           *
 *************************************************************************


------- failed to converge at time : 1.0713

Retrying time step. Retry attempt 3 of max 20


AUTO STEPPER: retry step, dt = 0.0034447


===== beginning time step 16 : 1.07111 =====


Reforming stiffness matrix: reformation #1

 1
 Nonlinear solution status: time= 1.07111
	stiffness updates             = 0
	right hand side evaluations   = 2
	stiffness matrix reformations = 1
	step from line search         = 1.000000
	convergence norms :     INITIAL         CURRENT         REQUIRED
	   residual            4.666614e+03    3.750491e-02    0.000000e+00 
	   energy              2.929417e-01    7.468800e-04    2.929417e-03 
	   displacement        8.142710e-03    8.142710e-03    8.142710e-09 
 2
 Nonlinear solution status: time= 1.07111
	stiffness updates             = 1
	right hand side evaluations   = 3
	stiffness matrix reformations = 1
	step from line search         = 1.000000
	convergence norms :     INITIAL         CURRENT         REQUIRED
	   residual            4.666614e+03    1.540398e-01    0.000000e+00 
	   energy              2.929417e-01    1.462199e-04    2.929417e-03 
	   displacement        8.142710e-03    1.745792e-04    6.671925e-09 
 3

 *************************************************************************
 *                                ERROR                                  *
 * 5 negative jacobians detected.                                        *
 *************************************************************************


------- failed to converge at time : 1.07111

Retrying time step. Retry attempt 4 of max 20


AUTO STEPPER: retry step, dt = 0.00325333


===== beginning time step 16 : 1.07092 =====


Reforming stiffness matrix: reformation #1

 1
 Nonlinear solution status: time= 1.07092
	stiffness updates             = 0
	right hand side evaluations   = 2
	stiffness matrix reformations = 1
	step from line search         = 1.000000
	convergence norms :     INITIAL         CURRENT         REQUIRED
	   residual            4.122956e+03    3.216700e-02    0.000000e+00 
	   energy              2.600021e-01    7.180706e-04    2.600021e-03 
	   displacement        7.244633e-03    7.244633e-03    7.244633e-09 
 2
 Nonlinear solution status: time= 1.07092
	stiffness updates             = 1
	right hand side evaluations   = 3
	stiffness matrix reformations = 1
	step from line search         = 1.000000
	convergence norms :     INITIAL         CURRENT         REQUIRED
	   residual            4.122956e+03    1.052854e-01    0.000000e+00 
	   energy              2.600021e-01    1.055556e-04    2.600021e-03 
	   displacement        7.244633e-03    1.497745e-04    5.949822e-09 
 3

 *************************************************************************
 *                                ERROR                                  *
 * 2 negative jacobians detected.                                        *
 *************************************************************************


------- failed to converge at time : 1.07092

Retrying time step. Retry attempt 5 of max 20


AUTO STEPPER: retry step, dt = 0.00306196


===== beginning time step 16 : 1.07072 =====


Reforming stiffness matrix: reformation #1

 1
 Nonlinear solution status: time= 1.07072
	stiffness updates             = 0
	right hand side evaluations   = 2
	stiffness matrix reformations = 1
	step from line search         = 1.000000
	convergence norms :     INITIAL         CURRENT         REQUIRED
	   residual            3.612961e+03    2.775481e-02    0.000000e+00 
	   energy              2.290963e-01    6.912869e-04    2.290963e-03 
	   displacement        6.399999e-03    6.399999e-03    6.399999e-09 
 2
 Nonlinear solution status: time= 1.07072
	stiffness updates             = 1
	right hand side evaluations   = 3
	stiffness matrix reformations = 1
	step from line search         = 1.000000
	convergence norms :     INITIAL         CURRENT         REQUIRED
	   residual            3.612961e+03    7.159915e-02    0.000000e+00 
	   energy              2.290963e-01    7.833447e-05    2.290963e-03 
	   displacement        6.399999e-03    1.294281e-04    5.266079e-09 
 3

 *************************************************************************
 *                                ERROR                                  *
 * Negative jacobian detected.                                           *
 *************************************************************************


------- failed to converge at time : 1.07072

Retrying time step. Retry attempt 6 of max 20


AUTO STEPPER: retry step, dt = 0.00287059


===== beginning time step 16 : 1.07053 =====


Reforming stiffness matrix: reformation #1

 1
 Nonlinear solution status: time= 1.07053
	stiffness updates             = 0
	right hand side evaluations   = 2
	stiffness matrix reformations = 1
	step from line search         = 1.000000
	convergence norms :     INITIAL         CURRENT         REQUIRED
	   residual            3.136628e+03    2.417641e-02    0.000000e+00 
	   energy              2.002244e-01    6.664575e-04    2.002244e-03 
	   displacement        5.608733e-03    5.608733e-03    5.608733e-09 
 2
 Nonlinear solution status: time= 1.07053
	stiffness updates             = 1
	right hand side evaluations   = 3
	stiffness matrix reformations = 1
	step from line search         = 1.000000
	convergence norms :     INITIAL         CURRENT         REQUIRED
	   residual            3.136628e+03    4.879168e-02    0.000000e+00 
	   energy              2.002244e-01    6.040171e-05    2.002244e-03 
	   displacement        5.608733e-03    1.125202e-04    4.621676e-09 
 3

 *************************************************************************
 *                                ERROR                                  *
 * Negative jacobian detected.                                           *
 *************************************************************************


------- failed to converge at time : 1.07053

Retrying time step. Retry attempt 7 of max 20


AUTO STEPPER: retry step, dt = 0.00267921


===== beginning time step 16 : 1.07034 =====


Reforming stiffness matrix: reformation #1

 1
 Nonlinear solution status: time= 1.07034
	stiffness updates             = 0
	right hand side evaluations   = 2
	stiffness matrix reformations = 1
	step from line search         = 1.000000
	convergence norms :     INITIAL         CURRENT         REQUIRED
	   residual            2.708741e+03    2.135176e-02    0.000000e+00 
	   energy              1.742789e-01    6.440665e-04    1.742789e-03 
	   displacement        4.874114e-03    4.874114e-03    4.874114e-09 
 2
 Nonlinear solution status: time= 1.07034
	stiffness updates             = 1
	right hand side evaluations   = 3
	stiffness matrix reformations = 1
	step from line search         = 1.000000
	convergence norms :     INITIAL         CURRENT         REQUIRED
	   residual            2.708741e+03    3.331920e-02    0.000000e+00 
	   energy              1.742789e-01    4.854087e-05    1.742789e-03 
	   displacement        4.874114e-03    9.824374e-05    4.020635e-09 
 3
 Nonlinear solution status: time= 1.07034
	stiffness updates             = 2
	right hand side evaluations   = 5
	stiffness matrix reformations = 1
	step from line search         = 0.118853
	convergence norms :     INITIAL         CURRENT         REQUIRED
	   residual            2.708741e+03    1.715670e-02    0.000000e+00 
	   energy              1.742789e-01    6.336211e-07    1.742789e-03 
	   displacement        4.874114e-03    4.702433e-07    4.020506e-09 
 4
 Nonlinear solution status: time= 1.07034
	stiffness updates             = 3
	right hand side evaluations   = 6
	stiffness matrix reformations = 1
	step from line search         = 1.000000
	convergence norms :     INITIAL         CURRENT         REQUIRED
	   residual            2.708741e+03    1.154745e-02    0.000000e+00 
	   energy              1.742789e-01    1.625973e-05    1.742789e-03 
	   displacement        4.874114e-03    1.757393e-05    4.258743e-09 
 5
 Nonlinear solution status: time= 1.07034
	stiffness updates             = 4
	right hand side evaluations   = 7
	stiffness matrix reformations = 1
	step from line search         = 1.000000
	convergence norms :     INITIAL         CURRENT         REQUIRED
	   residual            2.708741e+03    6.305266e-04    0.000000e+00 
	   energy              1.742789e-01    9.212758e-07    1.742789e-03 
	   displacement        4.874114e-03    3.000432e-06    4.197859e-09 
 6
 Nonlinear solution status: time= 1.07034
	stiffness updates             = 5
	right hand side evaluations   = 8
	stiffness matrix reformations = 1
	step from line search         = 1.000000
	convergence norms :     INITIAL         CURRENT         REQUIRED
	   residual            2.708741e+03    3.289810e-04    0.000000e+00 
	   energy              1.742789e-01    2.125982e-07    1.742789e-03 
	   displacement        4.874114e-03    2.290968e-07    4.177088e-09 
 7
 Nonlinear solution status: time= 1.07034
	stiffness updates             = 6
	right hand side evaluations   = 9
	stiffness matrix reformations = 1
	step from line search         = 1.000000
	convergence norms :     INITIAL         CURRENT         REQUIRED
	   residual            2.708741e+03    1.815194e-05    0.000000e+00 
	   energy              1.742789e-01    9.972267e-09    1.742789e-03 
	   displacement        4.874114e-03    3.455533e-08    4.186837e-09 
 8
 Nonlinear solution status: time= 1.07034
	stiffness updates             = 7
	right hand side evaluations   = 10
	stiffness matrix reformations = 1
	step from line search         = 1.000000
	convergence norms :     INITIAL         CURRENT         REQUIRED
	   residual            2.708741e+03    8.714481e-06    0.000000e+00 
	   energy              1.742789e-01    4.467446e-09    1.742789e-03 
	   displacement        4.874114e-03    3.498794e-09    4.189904e-09 

convergence summary
    number of iterations   : 8
    number of reformations : 1

------- converged at time : 1.07034


AUTO STEPPER: increasing time step, dt = 0.00394281


===== beginning time step 17 : 1.07428 =====


Reforming stiffness matrix: reformation #1

 1
 Nonlinear solution status: time= 1.07428
	stiffness updates             = 0
	right hand side evaluations   = 2
	stiffness matrix reformations = 1
	step from line search         = 1.000000
	convergence norms :     INITIAL         CURRENT         REQUIRED
	   residual            7.410526e+03    8.138719e-02    0.000000e+00 
	   energy              4.781144e-01    9.320400e-04    4.781144e-03 
	   displacement        1.217755e-02    1.217755e-02    1.217755e-08 
 2
 Nonlinear solution status: time= 1.07428
	stiffness updates             = 1
	right hand side evaluations   = 4
	stiffness matrix reformations = 1
	step from line search         = 0.337453
	convergence norms :     INITIAL         CURRENT         REQUIRED
	   residual            7.410526e+03    4.945046e-02    0.000000e+00 
	   energy              4.781144e-01    3.753747e-06    4.781144e-03 
	   displacement        1.217755e-02    4.367580e-05    1.130259e-08 
 3

 *************************************************************************
 *                                ERROR                                  *
 * Negative jacobian detected.                                           *
 *************************************************************************


------- failed to converge at time : 1.07428

Retrying time step. Retry attempt 1 of max 20


AUTO STEPPER: retry step, dt = 0.00375506


===== beginning time step 17 : 1.0741 =====


Reforming stiffness matrix: reformation #1

 1
 Nonlinear solution status: time= 1.0741
	stiffness updates             = 0
	right hand side evaluations   = 2
	stiffness matrix reformations = 1
	step from line search         = 1.000000
	convergence norms :     INITIAL         CURRENT         REQUIRED
	   residual            6.657140e+03    6.962829e-02    0.000000e+00 
	   energy              4.306610e-01    8.902245e-04    4.306610e-03 
	   displacement        1.100882e-02    1.100882e-02    1.100882e-08 
 2
 Nonlinear solution status: time= 1.0741
	stiffness updates             = 1
	right hand side evaluations   = 4
	stiffness matrix reformations = 1
	step from line search         = 0.377639
	convergence norms :     INITIAL         CURRENT         REQUIRED
	   residual            6.657140e+03    4.826156e-02    0.000000e+00 
	   energy              4.306610e-01    1.959812e-07    4.306610e-03 
	   displacement        1.100882e-02    4.504753e-05    1.014800e-08 
 3

 *************************************************************************
 *                                ERROR                                  *
 * Negative jacobian detected.                                           *
 *************************************************************************


------- failed to converge at time : 1.0741

Retrying time step. Retry attempt 2 of max 20


AUTO STEPPER: retry step, dt = 0.0035673


===== beginning time step 17 : 1.07391 =====


Reforming stiffness matrix: reformation #1

 1
 Nonlinear solution status: time= 1.07391
	stiffness updates             = 0
	right hand side evaluations   = 2
	stiffness matrix reformations = 1
	step from line search         = 1.000000
	convergence norms :     INITIAL         CURRENT         REQUIRED
	   residual            5.975725e+03    5.948623e-02    0.000000e+00 
	   energy              3.877298e-01    8.527922e-04    3.877298e-03 
	   displacement        9.910674e-03    9.910674e-03    9.910674e-09 
 2
 Nonlinear solution status: time= 1.07391
	stiffness updates             = 1
	right hand side evaluations   = 4
	stiffness matrix reformations = 1
	step from line search         = 0.421554
	convergence norms :     INITIAL         CURRENT         REQUIRED
	   residual            5.975725e+03    4.571842e-02    0.000000e+00 
	   energy              3.877298e-01    1.882731e-06    3.877298e-03 
	   displacement        9.910674e-03    4.654109e-05    9.067646e-09 
 3

 *************************************************************************
 *                                ERROR                                  *
 * Negative jacobian detected.                                           *
 *************************************************************************


------- failed to converge at time : 1.07391

Retrying time step. Retry attempt 3 of max 20


AUTO STEPPER: retry step, dt = 0.00337955


===== beginning time step 17 : 1.07372 =====


Reforming stiffness matrix: reformation #1

 1
 Nonlinear solution status: time= 1.07372
	stiffness updates             = 0
	right hand side evaluations   = 2
	stiffness matrix reformations = 1
	step from line search         = 1.000000
	convergence norms :     INITIAL         CURRENT         REQUIRED
	   residual            5.340987e+03    5.081442e-02    0.000000e+00 
	   energy              3.477318e-01    8.186193e-04    3.477318e-03 
	   displacement        8.874441e-03    8.874441e-03    8.874441e-09 
 2
 Nonlinear solution status: time= 1.07372
	stiffness updates             = 1
	right hand side evaluations   = 4
	stiffness matrix reformations = 1
	step from line search         = 0.468249
	convergence norms :     INITIAL         CURRENT         REQUIRED
	   residual            5.340987e+03    4.195975e-02    0.000000e+00 
	   energy              3.477318e-01    2.720334e-06    3.477318e-03 
	   displacement        8.874441e-03    4.796319e-05    8.055262e-09 
 3

 *************************************************************************
 *                                ERROR                                  *
 * Negative jacobian detected.                                           *
 *************************************************************************


------- failed to converge at time : 1.07372

Retrying time step. Retry attempt 4 of max 20


AUTO STEPPER: retry step, dt = 0.0031918


===== beginning time step 17 : 1.07353 =====


Reforming stiffness matrix: reformation #1

 1
 Nonlinear solution status: time= 1.07353
	stiffness updates             = 0
	right hand side evaluations   = 2
	stiffness matrix reformations = 1
	step from line search         = 1.000000
	convergence norms :     INITIAL         CURRENT         REQUIRED
	   residual            4.741883e+03    4.348488e-02    0.000000e+00 
	   energy              3.099732e-01    7.871185e-04    3.099732e-03 
	   displacement        7.896573e-03    7.896573e-03    7.896573e-09 
 2
 Nonlinear solution status: time= 1.07353
	stiffness updates             = 1
	right hand side evaluations   = 4
	stiffness matrix reformations = 1
	step from line search         = 0.517705
	convergence norms :     INITIAL         CURRENT         REQUIRED
	   residual            4.741883e+03    3.754610e-02    0.000000e+00 
	   energy              3.099732e-01    2.933349e-06    3.099732e-03 
	   displacement        7.896573e-03    4.935895e-05    7.107166e-09 
 3

 *************************************************************************
 *                                ERROR                                  *
 * Negative jacobian detected.                                           *
 *************************************************************************


------- failed to converge at time : 1.07353

Retrying time step. Retry attempt 5 of max 20


AUTO STEPPER: retry step, dt = 0.00300405


===== beginning time step 17 : 1.07335 =====


Reforming stiffness matrix: reformation #1

 1
 Nonlinear solution status: time= 1.07335
	stiffness updates             = 0
	right hand side evaluations   = 2
	stiffness matrix reformations = 1
	step from line search         = 1.000000
	convergence norms :     INITIAL         CURRENT         REQUIRED
	   residual            4.178412e+03    3.736938e-02    0.000000e+00 
	   energy              2.744540e-01    7.581334e-04    2.744540e-03 
	   displacement        6.976966e-03    6.976966e-03    6.976966e-09 
 2
 Nonlinear solution status: time= 1.07335
	stiffness updates             = 1
	right hand side evaluations   = 4
	stiffness matrix reformations = 1
	step from line search         = 0.570453
	convergence norms :     INITIAL         CURRENT         REQUIRED
	   residual            4.178412e+03    3.289254e-02    0.000000e+00 
	   energy              2.744540e-01    3.091514e-06    2.744540e-03 
	   displacement        6.976966e-03    5.084768e-05    6.222233e-09 
 3

 *************************************************************************
 *                                ERROR                                  *
 * Negative jacobian detected.                                           *
 *************************************************************************


------- failed to converge at time : 1.07335

Retrying time step. Retry attempt 6 of max 20


AUTO STEPPER: retry step, dt = 0.00281629


===== beginning time step 17 : 1.07316 =====


Reforming stiffness matrix: reformation #1

 1
 Nonlinear solution status: time= 1.07316
	stiffness updates             = 0
	right hand side evaluations   = 2
	stiffness matrix reformations = 1
	step from line search         = 1.000000
	convergence norms :     INITIAL         CURRENT         REQUIRED
	   residual            3.650576e+03    3.235044e-02    0.000000e+00 
	   energy              2.411742e-01    7.315430e-04    2.411742e-03 
	   displacement        6.115483e-03    6.115483e-03    6.115483e-09 
 2
 Nonlinear solution status: time= 1.07316
	stiffness updates             = 1
	right hand side evaluations   = 4
	stiffness matrix reformations = 1
	step from line search         = 0.625496
	convergence norms :     INITIAL         CURRENT         REQUIRED
	   residual            3.650576e+03    2.808017e-02    0.000000e+00 
	   energy              2.411742e-01    3.442429e-06    2.411742e-03 
	   displacement        6.115483e-03    5.224178e-05    5.401285e-09 
 3

 *************************************************************************
 *                                ERROR                                  *
 * Negative jacobian detected.                                           *
 *************************************************************************


------- failed to converge at time : 1.07316

Retrying time step. Retry attempt 7 of max 20


AUTO STEPPER: retry step, dt = 0.00262854


===== beginning time step 17 : 1.07297 =====


Reforming stiffness matrix: reformation #1

 1
 Nonlinear solution status: time= 1.07297
	stiffness updates             = 0
	right hand side evaluations   = 2
	stiffness matrix reformations = 1
	step from line search         = 1.000000
	convergence norms :     INITIAL         CURRENT         REQUIRED
	   residual            3.158373e+03    2.832326e-02    0.000000e+00 
	   energy              2.101340e-01    7.072685e-04    2.101340e-03 
	   displacement        5.311955e-03    5.311955e-03    5.311955e-09 
 2
 Nonlinear solution status: time= 1.07297
	stiffness updates             = 1
	right hand side evaluations   = 3
	stiffness matrix reformations = 1
	step from line search         = 1.000000
	convergence norms :     INITIAL         CURRENT         REQUIRED
	   residual            3.158373e+03    1.080463e-01    0.000000e+00 
	   energy              2.101340e-01    1.049276e-04    2.101340e-03 
	   displacement        5.311955e-03    1.147857e-04    4.369449e-09 
 3

 *************************************************************************
 *                                ERROR                                  *
 * Negative jacobian detected.                                           *
 *************************************************************************


------- failed to converge at time : 1.07297

Retrying time step. Retry attempt 8 of max 20


AUTO STEPPER: retry step, dt = 0.00244079


===== beginning time step 17 : 1.07278 =====


Reforming stiffness matrix: reformation #1

 1
 Nonlinear solution status: time= 1.07278
	stiffness updates             = 0
	right hand side evaluations   = 2
	stiffness matrix reformations = 1
	step from line search         = 1.000000
	convergence norms :     INITIAL         CURRENT         REQUIRED
	   residual            2.701805e+03    2.519873e-02    0.000000e+00 
	   energy              1.813335e-01    6.852837e-04    1.813335e-03 
	   displacement        4.566185e-03    4.566185e-03    4.566185e-09 
 2
 Nonlinear solution status: time= 1.07278
	stiffness updates             = 1
	right hand side evaluations   = 3
	stiffness matrix reformations = 1
	step from line search         = 1.000000
	convergence norms :     INITIAL         CURRENT         REQUIRED
	   residual            2.701805e+03    6.792506e-02    0.000000e+00 
	   energy              1.813335e-01    7.476721e-05    1.813335e-03 
	   displacement        4.566185e-03    9.908987e-05    3.759271e-09 
 3

 *************************************************************************
 *                                ERROR                                  *
 * Negative jacobian detected.                                           *
 *************************************************************************


------- failed to converge at time : 1.07278

Retrying time step. Retry attempt 9 of max 20


AUTO STEPPER: retry step, dt = 0.00225303


===== beginning time step 17 : 1.07259 =====


Reforming stiffness matrix: reformation #1

 1
 Nonlinear solution status: time= 1.07259
	stiffness updates             = 0
	right hand side evaluations   = 2
	stiffness matrix reformations = 1
	step from line search         = 1.000000
	convergence norms :     INITIAL         CURRENT         REQUIRED
	   residual            2.280873e+03    2.290809e-02    0.000000e+00 
	   energy              1.547728e-01    6.656305e-04    1.547728e-03 
	   displacement        3.877948e-03    3.877948e-03    3.877948e-09 
 2
 Nonlinear solution status: time= 1.07259
	stiffness updates             = 1
	right hand side evaluations   = 3
	stiffness matrix reformations = 1
	step from line search         = 1.000000
	convergence norms :     INITIAL         CURRENT         REQUIRED
	   residual            2.280873e+03    4.230140e-02    0.000000e+00 
	   energy              1.547728e-01    5.678236e-05    1.547728e-03 
	   displacement        3.877948e-03    8.570604e-05    3.193986e-09 
 3
 Nonlinear solution status: time= 1.07259
	stiffness updates             = 2
	right hand side evaluations   = 5
	stiffness matrix reformations = 1
	step from line search         = 0.054880
	convergence norms :     INITIAL         CURRENT         REQUIRED
	   residual            2.280873e+03    2.149278e-02    0.000000e+00 
	   energy              1.547728e-01    7.871520e-07    1.547728e-03 
	   displacement        3.877948e-03    1.282008e-07    3.189113e-09 
 4
 Nonlinear solution status: time= 1.07259
	stiffness updates             = 3
	right hand side evaluations   = 6
	stiffness matrix reformations = 1
	step from line search         = 1.000000
	convergence norms :     INITIAL         CURRENT         REQUIRED
	   residual            2.280873e+03    3.398055e-03    0.000000e+00 
	   energy              1.547728e-01    6.703806e-06    1.547728e-03 
	   displacement        3.877948e-03    1.024813e-05    3.360784e-09 
 5
 Nonlinear solution status: time= 1.07259
	stiffness updates             = 4
	right hand side evaluations   = 7
	stiffness matrix reformations = 1
	step from line search         = 1.000000
	convergence norms :     INITIAL         CURRENT         REQUIRED
	   residual            2.280873e+03    2.332311e-04    0.000000e+00 
	   energy              1.547728e-01    2.861052e-07    1.547728e-03 
	   displacement        3.877948e-03    7.606482e-07    3.332290e-09 
 6
 Nonlinear solution status: time= 1.07259
	stiffness updates             = 5
	right hand side evaluations   = 8
	stiffness matrix reformations = 1
	step from line search         = 1.000000
	convergence norms :     INITIAL         CURRENT         REQUIRED
	   residual            2.280873e+03    7.687840e-05    0.000000e+00 
	   energy              1.547728e-01    3.071489e-08    1.547728e-03 
	   displacement        3.877948e-03    6.920342e-08    3.323372e-09 
 7
 Nonlinear solution status: time= 1.07259
	stiffness updates             = 6
	right hand side evaluations   = 9
	stiffness matrix reformations = 1
	step from line search         = 1.000000
	convergence norms :     INITIAL         CURRENT         REQUIRED
	   residual            2.280873e+03    2.007166e-05    0.000000e+00 
	   energy              1.547728e-01    2.203198e-08    1.547728e-03 
	   displacement        3.877948e-03    7.661381e-09    3.326849e-09 
 8
 Nonlinear solution status: time= 1.07259
	stiffness updates             = 7
	right hand side evaluations   = 10
	stiffness matrix reformations = 1
	step from line search         = 1.000000
	convergence norms :     INITIAL         CURRENT         REQUIRED
	   residual            2.280873e+03    5.194520e-05    0.000000e+00 
	   energy              1.547728e-01    2.378576e-08    1.547728e-03 
	   displacement        3.877948e-03    2.470861e-08    3.332775e-09 
 9
 Nonlinear solution status: time= 1.07259
	stiffness updates             = 8
	right hand side evaluations   = 11
	stiffness matrix reformations = 1
	step from line search         = 1.000000
	convergence norms :     INITIAL         CURRENT         REQUIRED
	   residual            2.280873e+03    2.796965e-04    0.000000e+00 
	   energy              1.547728e-01    6.370842e-09    1.547728e-03 
	   displacement        3.877948e-03    1.737386e-08    3.332553e-09 
 10
 Nonlinear solution status: time= 1.07259
	stiffness updates             = 9
	right hand side evaluations   = 12
	stiffness matrix reformations = 1
	step from line search         = 1.000000
	convergence norms :     INITIAL         CURRENT         REQUIRED
	   residual            2.280873e+03    8.216845e-05    0.000000e+00 
	   energy              1.547728e-01    1.312643e-08    1.547728e-03 
	   displacement        3.877948e-03    3.084951e-09    3.330176e-09 

convergence summary
    number of iterations   : 10
    number of reformations : 1

------- converged at time : 1.07259


AUTO STEPPER: increasing time step, dt = 0.00263116

MUST POINT CONTROLLER: adjusting time step. dt = 0.00240546


===== beginning time step 18 : 1.075 =====


Reforming stiffness matrix: reformation #1

 1
 Nonlinear solution status: time= 1.075
	stiffness updates             = 0
	right hand side evaluations   = 2
	stiffness matrix reformations = 1
	step from line search         = 1.000000
	convergence norms :     INITIAL         CURRENT         REQUIRED
	   residual            2.969326e+03    2.976941e-02    0.000000e+00 
	   energy              2.061399e-01    7.608238e-04    2.061399e-03 
	   displacement        4.963050e-03    4.963050e-03    4.963050e-09 
 2
 Nonlinear solution status: time= 1.075
	stiffness updates             = 1
	right hand side evaluations   = 3
	stiffness matrix reformations = 1
	step from line search         = 1.000000
	convergence norms :     INITIAL         CURRENT         REQUIRED
	   residual            2.969326e+03    3.035163e-02    0.000000e+00 
	   energy              2.061399e-01    5.970000e-05    2.061399e-03 
	   displacement        4.963050e-03    1.086745e-04    4.080555e-09 
 3
 Nonlinear solution status: time= 1.075
	stiffness updates             = 2
	right hand side evaluations   = 4
	stiffness matrix reformations = 1
	step from line search         = 1.000000
	convergence norms :     INITIAL         CURRENT         REQUIRED
	   residual            2.969326e+03    4.436392e-03    0.000000e+00 
	   energy              2.061399e-01    8.080887e-07    2.061399e-03 
	   displacement        4.963050e-03    9.625425e-06    4.231320e-09 
 4
 Nonlinear solution status: time= 1.075
	stiffness updates             = 3
	right hand side evaluations   = 6
	stiffness matrix reformations = 1
	step from line search         = 0.557437
	convergence norms :     INITIAL         CURRENT         REQUIRED
	   residual            2.969326e+03    1.058274e-03    0.000000e+00 
	   energy              2.061399e-01    1.626177e-07    2.061399e-03 
	   displacement        4.963050e-03    2.417077e-07    4.259471e-09 
 5
 Nonlinear solution status: time= 1.075
	stiffness updates             = 4
	right hand side evaluations   = 8
	stiffness matrix reformations = 1
	step from line search         = 0.595723
	convergence norms :     INITIAL         CURRENT         REQUIRED
	   residual            2.969326e+03    1.056613e-03    0.000000e+00 
	   energy              2.061399e-01    3.301357e-07    2.061399e-03 
	   displacement        4.963050e-03    1.783237e-07    4.276549e-09 
 6
 Nonlinear solution status: time= 1.075
	stiffness updates             = 5
	right hand side evaluations   = 9
	stiffness matrix reformations = 1
	step from line search         = 1.000000
	convergence norms :     INITIAL         CURRENT         REQUIRED
	   residual            2.969326e+03    1.507939e-04    0.000000e+00 
	   energy              2.061399e-01    2.257338e-08    2.061399e-03 
	   displacement        4.963050e-03    5.801110e-08    4.266607e-09 
 7
 Nonlinear solution status: time= 1.075
	stiffness updates             = 6
	right hand side evaluations   = 10
	stiffness matrix reformations = 1
	step from line search         = 1.000000
	convergence norms :     INITIAL         CURRENT         REQUIRED
	   residual            2.969326e+03    1.299933e-05    0.000000e+00 
	   energy              2.061399e-01    6.382121e-09    2.061399e-03 
	   displacement        4.963050e-03    5.688995e-09    4.264254e-09 
 8
 Nonlinear solution status: time= 1.075
	stiffness updates             = 7
	right hand side evaluations   = 11
	stiffness matrix reformations = 1
	step from line search         = 1.000000
	convergence norms :     INITIAL         CURRENT         REQUIRED
	   residual            2.969326e+03    2.687882e-06    0.000000e+00 
	   energy              2.061399e-01    8.358984e-10    2.061399e-03 
	   displacement        4.963050e-03    1.249230e-09    4.265655e-09 

convergence summary
    number of iterations   : 8
    number of reformations : 1

------- converged at time : 1.075


AUTO STEPPER: increasing time step, dt = 0.00390305


===== beginning time step 19 : 1.0789 =====


Reforming stiffness matrix: reformation #1

 1
 Nonlinear solution status: time= 1.0789
	stiffness updates             = 0
	right hand side evaluations   = 2
	stiffness matrix reformations = 1
	step from line search         = 1.000000
	convergence norms :     INITIAL         CURRENT         REQUIRED
	   residual            9.234213e+03    1.727829e-01    0.000000e+00 
	   energy              6.400052e-01    1.130007e-03    6.400052e-03 
	   displacement        1.519188e-02    1.519188e-02    1.519188e-08 
 2

 *************************************************************************
 *                                ERROR                                  *
 * 3 negative jacobians detected.                                        *
 *************************************************************************


------- failed to converge at time : 1.0789

Retrying time step. Retry attempt 1 of max 20


AUTO STEPPER: retry step, dt = 0.00371719


===== beginning time step 19 : 1.07872 =====


Reforming stiffness matrix: reformation #1

 1
 Nonlinear solution status: time= 1.07872
	stiffness updates             = 0
	right hand side evaluations   = 2
	stiffness matrix reformations = 1
	step from line search         = 1.000000
	convergence norms :     INITIAL         CURRENT         REQUIRED
	   residual            8.332928e+03    1.498135e-01    0.000000e+00 
	   energy              5.788938e-01    1.075848e-03    5.788938e-03 
	   displacement        1.373630e-02    1.373630e-02    1.373630e-08 
 2

 *************************************************************************
 *                                ERROR                                  *
 * 2 negative jacobians detected.                                        *
 *************************************************************************


------- failed to converge at time : 1.07872

Retrying time step. Retry attempt 2 of max 20


AUTO STEPPER: retry step, dt = 0.00353133


===== beginning time step 19 : 1.07853 =====


Reforming stiffness matrix: reformation #1

 1
 Nonlinear solution status: time= 1.07853
	stiffness updates             = 0
	right hand side evaluations   = 2
	stiffness matrix reformations = 1
	step from line search         = 1.000000
	convergence norms :     INITIAL         CURRENT         REQUIRED
	   residual            7.477918e+03    1.297223e-01    0.000000e+00 
	   energy              5.209127e-01    1.026640e-03    5.209127e-03 
	   displacement        1.235684e-02    1.235684e-02    1.235684e-08 
 2

 *************************************************************************
 *                                ERROR                                  *
 * 2 negative jacobians detected.                                        *
 *************************************************************************


------- failed to converge at time : 1.07853

Retrying time step. Retry attempt 3 of max 20


AUTO STEPPER: retry step, dt = 0.00334547


===== beginning time step 19 : 1.07835 =====


Reforming stiffness matrix: reformation #1

 1
 Nonlinear solution status: time= 1.07835
	stiffness updates             = 0
	right hand side evaluations   = 2
	stiffness matrix reformations = 1
	step from line search         = 1.000000
	convergence norms :     INITIAL         CURRENT         REQUIRED
	   residual            6.669183e+03    1.122524e-01    0.000000e+00 
	   energy              4.660622e-01    9.820050e-04    4.660622e-03 
	   displacement        1.105321e-02    1.105321e-02    1.105321e-08 
 2

 *************************************************************************
 *                                ERROR                                  *
 * 2 negative jacobians detected.                                        *
 *************************************************************************


------- failed to converge at time : 1.07835

Retrying time step. Retry attempt 4 of max 20


AUTO STEPPER: retry step, dt = 0.00315961


===== beginning time step 19 : 1.07816 =====


Reforming stiffness matrix: reformation #1

 1
 Nonlinear solution status: time= 1.07816
	stiffness updates             = 0
	right hand side evaluations   = 2
	stiffness matrix reformations = 1
	step from line search         = 1.000000
	convergence norms :     INITIAL         CURRENT         REQUIRED
	   residual            5.906723e+03    9.715948e-02    0.000000e+00 
	   energy              4.143421e-01    9.416060e-04    4.143421e-03 
	   displacement        9.825040e-03    9.825040e-03    9.825040e-09 
 2

 *************************************************************************
 *                                ERROR                                  *
 * Negative jacobian detected.                                           *
 *************************************************************************


------- failed to converge at time : 1.07816

Retrying time step. Retry attempt 5 of max 20


AUTO STEPPER: retry step, dt = 0.00297375


===== beginning time step 19 : 1.07797 =====


Reforming stiffness matrix: reformation #1

 1
 Nonlinear solution status: time= 1.07797
	stiffness updates             = 0
	right hand side evaluations   = 2
	stiffness matrix reformations = 1
	step from line search         = 1.000000
	convergence norms :     INITIAL         CURRENT         REQUIRED
	   residual            5.190539e+03    8.421351e-02    0.000000e+00 
	   energy              3.657527e-01    9.051458e-04    3.657527e-03 
	   displacement        8.671950e-03    8.671950e-03    8.671950e-09 
 2

 *************************************************************************
 *                                ERROR                                  *
 * Negative jacobian detected.                                           *
 *************************************************************************


------- failed to converge at time : 1.07797

Retrying time step. Retry attempt 6 of max 20


AUTO STEPPER: retry step, dt = 0.00278789


===== beginning time step 19 : 1.07779 =====


Reforming stiffness matrix: reformation #1

 1
 Nonlinear solution status: time= 1.07779
	stiffness updates             = 0
	right hand side evaluations   = 2
	stiffness matrix reformations = 1
	step from line search         = 1.000000
	convergence norms :     INITIAL         CURRENT         REQUIRED
	   residual            4.520631e+03    7.320080e-02    0.000000e+00 
	   energy              3.202939e-01    8.723756e-04    3.202939e-03 
	   displacement        7.593506e-03    7.593506e-03    7.593506e-09 
 2

 *************************************************************************
 *                                ERROR                                  *
 * Negative jacobian detected.                                           *
 *************************************************************************


------- failed to converge at time : 1.07779

Retrying time step. Retry attempt 7 of max 20


AUTO STEPPER: retry step, dt = 0.00260203


===== beginning time step 19 : 1.0776 =====


Reforming stiffness matrix: reformation #1

 1
 Nonlinear solution status: time= 1.0776
	stiffness updates             = 0
	right hand side evaluations   = 2
	stiffness matrix reformations = 1
	step from line search         = 1.000000
	convergence norms :     INITIAL         CURRENT         REQUIRED
	   residual            3.907491e+03    6.373503e-02    0.000000e+00 
	   energy              2.786750e-01    8.436288e-04    2.786750e-03 
	   displacement        6.591976e-03    6.591976e-03    6.591976e-09 
 2

 *************************************************************************
 *                                ERROR                                  *
 * Negative jacobian detected.                                           *
 *************************************************************************


------- failed to converge at time : 1.0776

Retrying time step. Retry attempt 8 of max 20


AUTO STEPPER: retry step, dt = 0.00241617


===== beginning time step 19 : 1.07742 =====


Reforming stiffness matrix: reformation #1

 1
 Nonlinear solution status: time= 1.07742
	stiffness updates             = 0
	right hand side evaluations   = 2
	stiffness matrix reformations = 1
	step from line search         = 1.000000
	convergence norms :     INITIAL         CURRENT         REQUIRED
	   residual            3.359400e+03    5.547115e-02    0.000000e+00 
	   energy              2.414556e-01    8.192519e-04    2.414556e-03 
	   displacement        5.668414e-03    5.668414e-03    5.668414e-09 
 2
 Nonlinear solution status: time= 1.07742
	stiffness updates             = 1
	right hand side evaluations   = 4
	stiffness matrix reformations = 1
	step from line search         = 0.129523
	convergence norms :     INITIAL         CURRENT         REQUIRED
	   residual            3.359400e+03    1.872713e-02    0.000000e+00 
	   energy              2.414556e-01    1.974403e-05    2.414556e-03 
	   displacement        5.668414e-03    2.814554e-06    5.519029e-09 
 3
 Nonlinear solution status: time= 1.07742
	stiffness updates             = 2
	right hand side evaluations   = 6
	stiffness matrix reformations = 1
	step from line search         = 0.183096
	convergence norms :     INITIAL         CURRENT         REQUIRED
	   residual            3.359400e+03    4.393617e-02    0.000000e+00 
	   energy              2.414556e-01    1.287733e-05    2.414556e-03 
	   displacement        5.668414e-03    1.121328e-05    5.208915e-09 
 4
 Nonlinear solution status: time= 1.07742
	stiffness updates             = 3
	right hand side evaluations   = 7
	stiffness matrix reformations = 1
	step from line search         = 1.000000
	convergence norms :     INITIAL         CURRENT         REQUIRED
	   residual            3.359400e+03    4.364244e-02    0.000000e+00 
	   energy              2.414556e-01    4.360009e-05    2.414556e-03 
	   displacement        5.668414e-03    3.015120e-05    4.740532e-09 
 5
 Nonlinear solution status: time= 1.07742
	stiffness updates             = 4
	right hand side evaluations   = 8
	stiffness matrix reformations = 1
	step from line search         = 1.000000
	convergence norms :     INITIAL         CURRENT         REQUIRED
	   residual            3.359400e+03    5.639643e-02    0.000000e+00 
	   energy              2.414556e-01    1.017200e-06    2.414556e-03 
	   displacement        5.668414e-03    3.946119e-06    4.805595e-09 
 6
 Nonlinear solution status: time= 1.07742
	stiffness updates             = 5
	right hand side evaluations   = 10
	stiffness matrix reformations = 1
	step from line search         = 0.635880
	convergence norms :     INITIAL         CURRENT         REQUIRED
	   residual            3.359400e+03    9.346487e-04    0.000000e+00 
	   energy              2.414556e-01    4.453947e-07    2.414556e-03 
	   displacement        5.668414e-03    9.253369e-07    4.886803e-09 
 7
 Nonlinear solution status: time= 1.07742
	stiffness updates             = 6
	right hand side evaluations   = 11
	stiffness matrix reformations = 1
	step from line search         = 1.000000
	convergence norms :     INITIAL         CURRENT         REQUIRED
	   residual            3.359400e+03    1.288103e-03    0.000000e+00 
	   energy              2.414556e-01    3.268450e-07    2.414556e-03 
	   displacement        5.668414e-03    1.690756e-07    4.883585e-09 
 8
 Nonlinear solution status: time= 1.07742
	stiffness updates             = 7
	right hand side evaluations   = 12
	stiffness matrix reformations = 1
	step from line search         = 1.000000
	convergence norms :     INITIAL         CURRENT         REQUIRED
	   residual            3.359400e+03    1.606624e-04    0.000000e+00 
	   energy              2.414556e-01    2.822239e-08    2.414556e-03 
	   displacement        5.668414e-03    2.444900e-08    4.873496e-09 
 9
 Nonlinear solution status: time= 1.07742
	stiffness updates             = 8
	right hand side evaluations   = 13
	stiffness matrix reformations = 1
	step from line search         = 1.000000
	convergence norms :     INITIAL         CURRENT         REQUIRED
	   residual            3.359400e+03    8.131965e-05    0.000000e+00 
	   energy              2.414556e-01    3.897204e-09    2.414556e-03 
	   displacement        5.668414e-03    8.343847e-09    4.874619e-09 
 10
 Nonlinear solution status: time= 1.07742
	stiffness updates             = 9
	right hand side evaluations   = 14
	stiffness matrix reformations = 1
	step from line search         = 1.000000
	convergence norms :     INITIAL         CURRENT         REQUIRED
	   residual            3.359400e+03    4.052385e-05    0.000000e+00 
	   energy              2.414556e-01    7.522744e-09    2.414556e-03 
	   displacement        5.668414e-03    2.566470e-09    4.876796e-09 

convergence summary
    number of iterations   : 10
    number of reformations : 1

------- converged at time : 1.07742


AUTO STEPPER: increasing time step, dt = 0.00278633


===== beginning time step 20 : 1.0802 =====


Reforming stiffness matrix: reformation #1

 1
 Nonlinear solution status: time= 1.0802
	stiffness updates             = 0
	right hand side evaluations   = 2
	stiffness matrix reformations = 1
	step from line search         = 1.000000
	convergence norms :     INITIAL         CURRENT         REQUIRED
	   residual            5.111849e+03    7.968823e-02    0.000000e+00 
	   energy              3.748041e-01    1.014664e-03    3.748041e-03 
	   displacement        8.631764e-03    8.631764e-03    8.631764e-09 
 2

 *************************************************************************
 *                                ERROR                                  *
 * Negative jacobian detected.                                           *
 *************************************************************************


------- failed to converge at time : 1.0802

Retrying time step. Retry attempt 1 of max 20


AUTO STEPPER: retry step, dt = 0.00265365


===== beginning time step 20 : 1.08007 =====


Reforming stiffness matrix: reformation #1

 1
 Nonlinear solution status: time= 1.08007
	stiffness updates             = 0
	right hand side evaluations   = 2
	stiffness matrix reformations = 1
	step from line search         = 1.000000
	convergence norms :     INITIAL         CURRENT         REQUIRED
	   residual            4.616225e+03    7.169705e-02    0.000000e+00 
	   energy              3.399300e-01    9.873659e-04    3.399300e-03 
	   displacement        7.809614e-03    7.809614e-03    7.809614e-09 
 2

 *************************************************************************
 *                                ERROR                                  *
 * Negative jacobian detected.                                           *
 *************************************************************************


------- failed to converge at time : 1.08007

Retrying time step. Retry attempt 2 of max 20


AUTO STEPPER: retry step, dt = 0.00252096


===== beginning time step 20 : 1.07994 =====


Reforming stiffness matrix: reformation #1

 1
 Nonlinear solution status: time= 1.07994
	stiffness updates             = 0
	right hand side evaluations   = 2
	stiffness matrix reformations = 1
	step from line search         = 1.000000
	convergence norms :     INITIAL         CURRENT         REQUIRED
	   residual            4.145874e+03    6.479411e-02    0.000000e+00 
	   energy              3.068285e-01    9.622189e-04    3.068285e-03 
	   displacement        7.030004e-03    7.030004e-03    7.030004e-09 
 2

 *************************************************************************
 *                                ERROR                                  *
 * Negative jacobian detected.                                           *
 *************************************************************************


------- failed to converge at time : 1.07994

Retrying time step. Retry attempt 3 of max 20


AUTO STEPPER: retry step, dt = 0.00238828


===== beginning time step 20 : 1.0798 =====


Reforming stiffness matrix: reformation #1

 1
 Nonlinear solution status: time= 1.0798
	stiffness updates             = 0
	right hand side evaluations   = 2
	stiffness matrix reformations = 1
	step from line search         = 1.000000
	convergence norms :     INITIAL         CURRENT         REQUIRED
	   residual            3.700797e+03    5.889583e-02    0.000000e+00 
	   energy              2.754996e-01    9.391842e-04    2.754996e-03 
	   displacement        6.292725e-03    6.292725e-03    6.292725e-09 
 2
 Nonlinear solution status: time= 1.0798
	stiffness updates             = 1
	right hand side evaluations   = 4
	stiffness matrix reformations = 1
	step from line search         = 0.093947
	convergence norms :     INITIAL         CURRENT         REQUIRED
	   residual            3.700797e+03    2.747077e-02    0.000000e+00 
	   energy              2.754996e-01    1.790856e-05    2.754996e-03 
	   displacement        6.292725e-03    1.593856e-06    6.171507e-09 
 3

 *************************************************************************
 *                                ERROR                                  *
 * Negative jacobian detected.                                           *
 *************************************************************************


------- failed to converge at time : 1.0798

Retrying time step. Retry attempt 4 of max 20


AUTO STEPPER: retry step, dt = 0.0022556


===== beginning time step 20 : 1.07967 =====


Reforming stiffness matrix: reformation #1

 1
 Nonlinear solution status: time= 1.07967
	stiffness updates             = 0
	right hand side evaluations   = 2
	stiffness matrix reformations = 1
	step from line search         = 1.000000
	convergence norms :     INITIAL         CURRENT         REQUIRED
	   residual            3.280993e+03    5.392880e-02    0.000000e+00 
	   energy              2.459434e-01    9.182500e-04    2.459434e-03 
	   displacement        5.597560e-03    5.597560e-03    5.597560e-09 
 2
 Nonlinear solution status: time= 1.07967
	stiffness updates             = 1
	right hand side evaluations   = 4
	stiffness matrix reformations = 1
	step from line search         = 0.177473
	convergence norms :     INITIAL         CURRENT         REQUIRED
	   residual            3.280993e+03    1.812633e-02    0.000000e+00 
	   energy              2.459434e-01    2.649347e-05    2.459434e-03 
	   displacement        5.597560e-03    4.958859e-06    5.397247e-09 
 3

 *************************************************************************
 *                                ERROR                                  *
 * Negative jacobian detected.                                           *
 *************************************************************************


------- failed to converge at time : 1.07967

Retrying time step. Retry attempt 5 of max 20


AUTO STEPPER: retry step, dt = 0.00212292


===== beginning time step 20 : 1.07954 =====


Reforming stiffness matrix: reformation #1

 1
 Nonlinear solution status: time= 1.07954
	stiffness updates             = 0
	right hand side evaluations   = 2
	stiffness matrix reformations = 1
	step from line search         = 1.000000
	convergence norms :     INITIAL         CURRENT         REQUIRED
	   residual            2.886464e+03    4.983248e-02    0.000000e+00 
	   energy              2.181600e-01    8.994374e-04    2.181600e-03 
	   displacement        4.944291e-03    4.944291e-03    4.944291e-09 
 2
 Nonlinear solution status: time= 1.07954
	stiffness updates             = 1
	right hand side evaluations   = 4
	stiffness matrix reformations = 1
	step from line search         = 0.244375
	convergence norms :     INITIAL         CURRENT         REQUIRED
	   residual            2.886464e+03    2.255988e-02    0.000000e+00 
	   energy              2.181600e-01    2.630116e-05    2.181600e-03 
	   displacement        4.944291e-03    8.207039e-06    4.703637e-09 
 3

 *************************************************************************
 *                                ERROR                                  *
 * Negative jacobian detected.                                           *
 *************************************************************************


------- failed to converge at time : 1.07954

Retrying time step. Retry attempt 6 of max 20


AUTO STEPPER: retry step, dt = 0.00199024


===== beginning time step 20 : 1.07941 =====


Reforming stiffness matrix: reformation #1

 1
 Nonlinear solution status: time= 1.07941
	stiffness updates             = 0
	right hand side evaluations   = 2
	stiffness matrix reformations = 1
	step from line search         = 1.000000
	convergence norms :     INITIAL         CURRENT         REQUIRED
	   residual            2.525730e+03    4.638452e-02    0.000000e+00 
	   energy              1.927461e-01    8.833993e-04    1.927461e-03 
	   displacement        4.334548e-03    4.334548e-03    4.334548e-09 
 2
 Nonlinear solution status: time= 1.07941
	stiffness updates             = 1
	right hand side evaluations   = 4
	stiffness matrix reformations = 1
	step from line search         = 0.313240
	convergence norms :     INITIAL         CURRENT         REQUIRED
	   residual            2.525730e+03    3.346456e-02    0.000000e+00 
	   energy              1.927461e-01    2.159405e-05    1.927461e-03 
	   displacement        4.334548e-03    1.174395e-05    4.067089e-09 
 3

 *************************************************************************
 *                                ERROR                                  *
 * Negative jacobian detected.                                           *
 *************************************************************************


------- failed to converge at time : 1.07941

Retrying time step. Retry attempt 7 of max 20


AUTO STEPPER: retry step, dt = 0.00185755


===== beginning time step 20 : 1.07927 =====


Reforming stiffness matrix: reformation #1

 1
 Nonlinear solution status: time= 1.07927
	stiffness updates             = 0
	right hand side evaluations   = 2
	stiffness matrix reformations = 1
	step from line search         = 1.000000
	convergence norms :     INITIAL         CURRENT         REQUIRED
	   residual            2.198208e+03    4.357517e-02    0.000000e+00 
	   energy              1.696607e-01    8.702420e-04    1.696607e-03 
	   displacement        3.767679e-03    3.767679e-03    3.767679e-09 
 2
 Nonlinear solution status: time= 1.07927
	stiffness updates             = 1
	right hand side evaluations   = 4
	stiffness matrix reformations = 1
	step from line search         = 0.388140
	convergence norms :     INITIAL         CURRENT         REQUIRED
	   residual            2.198208e+03    4.487148e-02    0.000000e+00 
	   energy              1.696607e-01    1.499964e-05    1.696607e-03 
	   displacement        3.767679e-03    1.565746e-05    3.482646e-09 
 3

 *************************************************************************
 *                                ERROR                                  *
 * Negative jacobian detected.                                           *
 *************************************************************************


------- failed to converge at time : 1.07927

Retrying time step. Retry attempt 8 of max 20


AUTO STEPPER: retry step, dt = 0.00172487


===== beginning time step 20 : 1.07914 =====


Reforming stiffness matrix: reformation #1

 1
 Nonlinear solution status: time= 1.07914
	stiffness updates             = 0
	right hand side evaluations   = 2
	stiffness matrix reformations = 1
	step from line search         = 1.000000
	convergence norms :     INITIAL         CURRENT         REQUIRED
	   residual            1.893437e+03    4.163751e-02    0.000000e+00 
	   energy              1.481712e-01    8.594294e-04    1.481712e-03 
	   displacement        3.241143e-03    3.241143e-03    3.241143e-09 
 2
 Nonlinear solution status: time= 1.07914
	stiffness updates             = 1
	right hand side evaluations   = 4
	stiffness matrix reformations = 1
	step from line search         = 0.465169
	convergence norms :     INITIAL         CURRENT         REQUIRED
	   residual            1.893437e+03    5.222230e-02    0.000000e+00 
	   energy              1.481712e-01    9.075886e-06    1.481712e-03 
	   displacement        3.241143e-03    1.950885e-05    2.950090e-09 
 3

 *************************************************************************
 *                                ERROR                                  *
 * Negative jacobian detected.                                           *
 *************************************************************************


------- failed to converge at time : 1.07914

Retrying time step. Retry attempt 9 of max 20


AUTO STEPPER: retry step, dt = 0.00159219


===== beginning time step 20 : 1.07901 =====


Reforming stiffness matrix: reformation #1

 1
 Nonlinear solution status: time= 1.07901
	stiffness updates             = 0
	right hand side evaluations   = 2
	stiffness matrix reformations = 1
	step from line search         = 1.000000
	convergence norms :     INITIAL         CURRENT         REQUIRED
	   residual            1.611420e+03    4.063164e-02    0.000000e+00 
	   energy              1.282779e-01    8.512267e-04    1.282779e-03 
	   displacement        2.754813e-03    2.754813e-03    2.754813e-09 
 2
 Nonlinear solution status: time= 1.07901
	stiffness updates             = 1
	right hand side evaluations   = 4
	stiffness matrix reformations = 1
	step from line search         = 0.544992
	convergence norms :     INITIAL         CURRENT         REQUIRED
	   residual            1.611420e+03    5.438318e-02    0.000000e+00 
	   energy              1.282779e-01    4.365825e-06    1.282779e-03 
	   displacement        2.754813e-03    2.317865e-05    2.467617e-09 
 3

 *************************************************************************
 *                                ERROR                                  *
 * Negative jacobian detected.                                           *
 *************************************************************************


------- failed to converge at time : 1.07901

Retrying time step. Retry attempt 10 of max 20


AUTO STEPPER: retry step, dt = 0.00145951


===== beginning time step 20 : 1.07888 =====


Reforming stiffness matrix: reformation #1

 1
 Nonlinear solution status: time= 1.07888
	stiffness updates             = 0
	right hand side evaluations   = 2
	stiffness matrix reformations = 1
	step from line search         = 1.000000
	convergence norms :     INITIAL         CURRENT         REQUIRED
	   residual            1.352159e+03    4.068540e-02    0.000000e+00 
	   energy              1.099809e-01    8.460214e-04    1.099809e-03 
	   displacement        2.308569e-03    2.308569e-03    2.308569e-09 
 2
 Nonlinear solution status: time= 1.07888
	stiffness updates             = 1
	right hand side evaluations   = 4
	stiffness matrix reformations = 1
	step from line search         = 0.625704
	convergence norms :     INITIAL         CURRENT         REQUIRED
	   residual            1.352159e+03    5.111077e-02    0.000000e+00 
	   energy              1.099809e-01    5.518783e-07    1.099809e-03 
	   displacement        2.308569e-03    2.634470e-05    2.034715e-09 
 3

 *************************************************************************
 *                                ERROR                                  *
 * Negative jacobian detected.                                           *
 *************************************************************************


------- failed to converge at time : 1.07888

Retrying time step. Retry attempt 11 of max 20


AUTO STEPPER: retry step, dt = 0.00132682


===== beginning time step 20 : 1.07874 =====


Reforming stiffness matrix: reformation #1

 1
 Nonlinear solution status: time= 1.07874
	stiffness updates             = 0
	right hand side evaluations   = 2
	stiffness matrix reformations = 1
	step from line search         = 1.000000
	convergence norms :     INITIAL         CURRENT         REQUIRED
	   residual            1.115659e+03    4.203343e-02    0.000000e+00 
	   energy              9.328081e-02    8.443751e-04    9.328081e-04 
	   displacement        1.902305e-03    1.902305e-03    1.902305e-09 
 2
 Nonlinear solution status: time= 1.07874
	stiffness updates             = 1
	right hand side evaluations   = 3
	stiffness matrix reformations = 1
	step from line search         = 1.000000
	convergence norms :     INITIAL         CURRENT         REQUIRED
	   residual            1.115659e+03    1.483496e-01    0.000000e+00 
	   energy              9.328081e-02    1.496067e-04    9.328081e-04 
	   displacement        1.902305e-03    5.769175e-05    1.561935e-09 
 3

 *************************************************************************
 *                                ERROR                                  *
 * 3 negative jacobians detected.                                        *
 *************************************************************************


------- failed to converge at time : 1.07874

Retrying time step. Retry attempt 12 of max 20


AUTO STEPPER: retry step, dt = 0.00119414


===== beginning time step 20 : 1.07861 =====


Reforming stiffness matrix: reformation #1

 1
 Nonlinear solution status: time= 1.07861
	stiffness updates             = 0
	right hand side evaluations   = 2
	stiffness matrix reformations = 1
	step from line search         = 1.000000
	convergence norms :     INITIAL         CURRENT         REQUIRED
	   residual            9.019262e+02    4.508860e-02    0.000000e+00 
	   energy              7.817810e-02    8.471074e-04    7.817810e-04 
	   displacement        1.535930e-03    1.535930e-03    1.535930e-09 
 2
 Nonlinear solution status: time= 1.07861
	stiffness updates             = 1
	right hand side evaluations   = 3
	stiffness matrix reformations = 1
	step from line search         = 1.000000
	convergence norms :     INITIAL         CURRENT         REQUIRED
	   residual            9.019262e+02    8.941577e-02    0.000000e+00 
	   energy              7.817810e-02    1.060757e-04    7.817810e-04 
	   displacement        1.535930e-03    4.905936e-05    1.260903e-09 
 3

 *************************************************************************
 *                                ERROR                                  *
 * Negative jacobian detected.                                           *
 *************************************************************************


------- failed to converge at time : 1.07861

Retrying time step. Retry attempt 13 of max 20


AUTO STEPPER: retry step, dt = 0.00106146


===== beginning time step 20 : 1.07848 =====


Reforming stiffness matrix: reformation #1

 1
 Nonlinear solution status: time= 1.07848
	stiffness updates             = 0
	right hand side evaluations   = 2
	stiffness matrix reformations = 1
	step from line search         = 1.000000
	convergence norms :     INITIAL         CURRENT         REQUIRED
	   residual            7.109709e+02    5.058067e-02    0.000000e+00 
	   energy              6.467366e-02    8.554381e-04    6.467366e-04 
	   displacement        1.209360e-03    1.209360e-03    1.209360e-09 
 2
 Nonlinear solution status: time= 1.07848
	stiffness updates             = 1
	right hand side evaluations   = 3
	stiffness matrix reformations = 1
	step from line search         = 1.000000
	convergence norms :     INITIAL         CURRENT         REQUIRED
	   residual            7.109709e+02    5.448404e-02    0.000000e+00 
	   energy              6.467366e-02    8.508860e-05    6.467366e-04 
	   displacement        1.209360e-03    4.124928e-05    9.929048e-10 
 3

 *************************************************************************
 *                                ERROR                                  *
 * Negative jacobian detected.                                           *
 *************************************************************************


------- failed to converge at time : 1.07848

Retrying time step. Retry attempt 14 of max 20


AUTO STEPPER: retry step, dt = 0.000928777


===== beginning time step 20 : 1.07834 =====


Reforming stiffness matrix: reformation #1

 1
 Nonlinear solution status: time= 1.07834
	stiffness updates             = 0
	right hand side evaluations   = 2
	stiffness matrix reformations = 1
	step from line search         = 1.000000
	convergence norms :     INITIAL         CURRENT         REQUIRED
	   residual            5.428125e+02    5.984565e-02    0.000000e+00 
	   energy              5.276884e-02    8.712476e-04    5.276884e-04 
	   displacement        9.225142e-04    9.225142e-04    9.225142e-10 
 2
 Nonlinear solution status: time= 1.07834
	stiffness updates             = 1
	right hand side evaluations   = 3
	stiffness matrix reformations = 1
	step from line search         = 1.000000
	convergence norms :     INITIAL         CURRENT         REQUIRED
	   residual            5.428125e+02    3.898365e-02    0.000000e+00 
	   energy              5.276884e-02    7.840743e-05    5.276884e-04 
	   displacement        9.225142e-04    3.415078e-05    7.577823e-10 
 3
 Nonlinear solution status: time= 1.07834
	stiffness updates             = 2
	right hand side evaluations   = 5
	stiffness matrix reformations = 1
	step from line search         = 0.331488
	convergence norms :     INITIAL         CURRENT         REQUIRED
	   residual            5.428125e+02    2.043062e-02    0.000000e+00 
	   energy              5.276884e-02    4.289529e-06    5.276884e-04 
	   displacement        9.225142e-04    6.254985e-07    7.662742e-10 
 4
 Nonlinear solution status: time= 1.07834
	stiffness updates             = 3
	right hand side evaluations   = 6
	stiffness matrix reformations = 1
	step from line search         = 1.000000
	convergence norms :     INITIAL         CURRENT         REQUIRED
	   residual            5.428125e+02    1.032583e-02    0.000000e+00 
	   energy              5.276884e-02    1.458471e-05    5.276884e-04 
	   displacement        9.225142e-04    3.092409e-06    8.091927e-10 
 5
 Nonlinear solution status: time= 1.07834
	stiffness updates             = 4
	right hand side evaluations   = 7
	stiffness matrix reformations = 1
	step from line search         = 1.000000
	convergence norms :     INITIAL         CURRENT         REQUIRED
	   residual            5.428125e+02    1.330367e-05    0.000000e+00 
	   energy              5.276884e-02    4.642078e-08    5.276884e-04 
	   displacement        9.225142e-04    6.036332e-07    7.908822e-10 
 6
 Nonlinear solution status: time= 1.07834
	stiffness updates             = 5
	right hand side evaluations   = 8
	stiffness matrix reformations = 1
	step from line search         = 1.000000
	convergence norms :     INITIAL         CURRENT         REQUIRED
	   residual            5.428125e+02    1.076987e-04    0.000000e+00 
	   energy              5.276884e-02    2.389295e-09    5.276884e-04 
	   displacement        9.225142e-04    3.165031e-09    7.908920e-10 
 7
 Nonlinear solution status: time= 1.07834
	stiffness updates             = 6
	right hand side evaluations   = 9
	stiffness matrix reformations = 1
	step from line search         = 1.000000
	convergence norms :     INITIAL         CURRENT         REQUIRED
	   residual            5.428125e+02    2.374798e-05    0.000000e+00 
	   energy              5.276884e-02    3.128234e-09    5.276884e-04 
	   displacement        9.225142e-04    1.406053e-10    7.908706e-10 

convergence summary
    number of iterations   : 7
    number of reformations : 1

------- converged at time : 1.07834


AUTO STEPPER: increasing time step, dt = 0.00274302


===== beginning time step 21 : 1.08109 =====


Reforming stiffness matrix: reformation #1

 1
 Nonlinear solution status: time= 1.08109
	stiffness updates             = 0
	right hand side evaluations   = 2
	stiffness matrix reformations = 1
	step from line search         = 1.000000
	convergence norms :     INITIAL         CURRENT         REQUIRED
	   residual            5.094434e+03    7.767687e-02    0.000000e+00 
	   energy              3.802951e-01    1.061607e-03    3.802951e-03 
	   displacement        8.782414e-03    8.782414e-03    8.782414e-09 
 2
 Nonlinear solution status: time= 1.08109
	stiffness updates             = 1
	right hand side evaluations   = 4
	stiffness matrix reformations = 1
	step from line search         = 0.138618
	convergence norms :     INITIAL         CURRENT         REQUIRED
	   residual            5.094434e+03    2.879844e-02    0.000000e+00 
	   energy              3.802951e-01    2.763659e-05    3.802951e-03 
	   displacement        8.782414e-03    4.755444e-06    8.530211e-09 
 3

 *************************************************************************
 *                                ERROR                                  *
 * Negative jacobian detected.                                           *
 *************************************************************************


------- failed to converge at time : 1.08109

Retrying time step. Retry attempt 1 of max 20


AUTO STEPPER: retry step, dt = 0.0026124


===== beginning time step 21 : 1.08096 =====


Reforming stiffness matrix: reformation #1

 1
 Nonlinear solution status: time= 1.08096
	stiffness updates             = 0
	right hand side evaluations   = 2
	stiffness matrix reformations = 1
	step from line search         = 1.000000
	convergence norms :     INITIAL         CURRENT         REQUIRED
	   residual            4.610982e+03    6.970878e-02    0.000000e+00 
	   energy              3.457085e-01    1.034176e-03    3.457085e-03 
	   displacement        7.949538e-03    7.949538e-03    7.949538e-09 
 2
 Nonlinear solution status: time= 1.08096
	stiffness updates             = 1
	right hand side evaluations   = 4
	stiffness matrix reformations = 1
	step from line search         = 0.216838
	convergence norms :     INITIAL         CURRENT         REQUIRED
	   residual            4.610982e+03    2.416065e-02    0.000000e+00 
	   energy              3.457085e-01    3.001744e-05    3.457085e-03 
	   displacement        7.949538e-03    1.013783e-05    7.599848e-09 
 3

 *************************************************************************
 *                                ERROR                                  *
 * Negative jacobian detected.                                           *
 *************************************************************************


------- failed to converge at time : 1.08096

Retrying time step. Retry attempt 2 of max 20


AUTO STEPPER: retry step, dt = 0.00248178


===== beginning time step 21 : 1.08083 =====


Reforming stiffness matrix: reformation #1

 1
 Nonlinear solution status: time= 1.08083
	stiffness updates             = 0
	right hand side evaluations   = 2
	stiffness matrix reformations = 1
	step from line search         = 1.000000
	convergence norms :     INITIAL         CURRENT         REQUIRED
	   residual            4.151633e+03    6.284488e-02    0.000000e+00 
	   energy              3.128404e-01    1.008904e-03    3.128404e-03 
	   displacement        7.159304e-03    7.159304e-03    7.159304e-09 
 2
 Nonlinear solution status: time= 1.08083
	stiffness updates             = 1
	right hand side evaluations   = 4
	stiffness matrix reformations = 1
	step from line search         = 0.277839
	convergence norms :     INITIAL         CURRENT         REQUIRED
	   residual            4.151633e+03    3.204533e-02    0.000000e+00 
	   energy              3.128404e-01    2.519774e-05    3.128404e-03 
	   displacement        7.159304e-03    1.455169e-05    6.762369e-09 
 3

 *************************************************************************
 *                                ERROR                                  *
 * Negative jacobian detected.                                           *
 *************************************************************************


------- failed to converge at time : 1.08083

Retrying time step. Retry attempt 3 of max 20


AUTO STEPPER: retry step, dt = 0.00235116


===== beginning time step 21 : 1.0807 =====


Reforming stiffness matrix: reformation #1

 1
 Nonlinear solution status: time= 1.0807
	stiffness updates             = 0
	right hand side evaluations   = 2
	stiffness matrix reformations = 1
	step from line search         = 1.000000
	convergence norms :     INITIAL         CURRENT         REQUIRED
	   residual            3.716387e+03    5.700795e-02    0.000000e+00 
	   energy              2.816907e-01    9.857558e-04    2.816907e-03 
	   displacement        6.411536e-03    6.411536e-03    6.411536e-09 
 2
 Nonlinear solution status: time= 1.0807
	stiffness updates             = 1
	right hand side evaluations   = 4
	stiffness matrix reformations = 1
	step from line search         = 0.333331
	convergence norms :     INITIAL         CURRENT         REQUIRED
	   residual            3.716387e+03    4.124936e-02    0.000000e+00 
	   energy              2.816907e-01    1.897661e-05    2.816907e-03 
	   displacement        6.411536e-03    1.836919e-05    5.990862e-09 
 3

 *************************************************************************
 *                                ERROR                                  *
 * Negative jacobian detected.                                           *
 *************************************************************************


------- failed to converge at time : 1.0807

Retrying time step. Retry attempt 4 of max 20


AUTO STEPPER: retry step, dt = 0.00222054


===== beginning time step 21 : 1.08057 =====


Reforming stiffness matrix: reformation #1

 1
 Nonlinear solution status: time= 1.08057
	stiffness updates             = 0
	right hand side evaluations   = 2
	stiffness matrix reformations = 1
	step from line search         = 1.000000
	convergence norms :     INITIAL         CURRENT         REQUIRED
	   residual            3.305245e+03    5.213099e-02    0.000000e+00 
	   energy              2.522595e-01    9.647204e-04    2.522595e-03 
	   displacement        5.706050e-03    5.706050e-03    5.706050e-09 
 2
 Nonlinear solution status: time= 1.08057
	stiffness updates             = 1
	right hand side evaluations   = 4
	stiffness matrix reformations = 1
	step from line search         = 0.387207
	convergence norms :     INITIAL         CURRENT         REQUIRED
	   residual            3.305245e+03    4.850557e-02    0.000000e+00 
	   energy              2.522595e-01    1.336415e-05    2.522595e-03 
	   displacement        5.706050e-03    2.179330e-05    5.276168e-09 
 3

 *************************************************************************
 *                                ERROR                                  *
 * Negative jacobian detected.                                           *
 *************************************************************************


------- failed to converge at time : 1.08057

Retrying time step. Retry attempt 5 of max 20


AUTO STEPPER: retry step, dt = 0.00208992


===== beginning time step 21 : 1.08043 =====


Reforming stiffness matrix: reformation #1

 1
 Nonlinear solution status: time= 1.08043
	stiffness updates             = 0
	right hand side evaluations   = 2
	stiffness matrix reformations = 1
	step from line search         = 1.000000
	convergence norms :     INITIAL         CURRENT         REQUIRED
	   residual            2.918208e+03    4.816006e-02    0.000000e+00 
	   energy              2.245470e-01    9.458232e-04    2.245470e-03 
	   displacement        5.042663e-03    5.042663e-03    5.042663e-09 
 2
 Nonlinear solution status: time= 1.08043
	stiffness updates             = 1
	right hand side evaluations   = 4
	stiffness matrix reformations = 1
	step from line search         = 0.441569
	convergence norms :     INITIAL         CURRENT         REQUIRED
	   residual            2.918208e+03    5.310495e-02    0.000000e+00 
	   energy              2.245470e-01    8.893993e-06    2.245470e-03 
	   displacement        5.042663e-03    2.496139e-05    4.613704e-09 
 3

 *************************************************************************
 *                                ERROR                                  *
 * Negative jacobian detected.                                           *
 *************************************************************************


------- failed to converge at time : 1.08043

Retrying time step. Retry attempt 6 of max 20


AUTO STEPPER: retry step, dt = 0.0019593


===== beginning time step 21 : 1.0803 =====


Reforming stiffness matrix: reformation #1

 1
 Nonlinear solution status: time= 1.0803
	stiffness updates             = 0
	right hand side evaluations   = 2
	stiffness matrix reformations = 1
	step from line search         = 1.000000
	convergence norms :     INITIAL         CURRENT         REQUIRED
	   residual            2.555276e+03    4.505833e-02    0.000000e+00 
	   energy              1.985531e-01    9.291309e-04    1.985531e-03 
	   displacement        4.421188e-03    4.421188e-03    4.421188e-09 
 2
 Nonlinear solution status: time= 1.0803
	stiffness updates             = 1
	right hand side evaluations   = 4
	stiffness matrix reformations = 1
	step from line search         = 0.497698
	convergence norms :     INITIAL         CURRENT         REQUIRED
	   residual            2.555276e+03    5.504883e-02    0.000000e+00 
	   energy              1.985531e-01    5.455470e-06    1.985531e-03 
	   displacement        4.421188e-03    2.794713e-05    4.000934e-09 
 3

 *************************************************************************
 *                                ERROR                                  *
 * Negative jacobian detected.                                           *
 *************************************************************************


------- failed to converge at time : 1.0803

Retrying time step. Retry attempt 7 of max 20


AUTO STEPPER: retry step, dt = 0.00182868


===== beginning time step 21 : 1.08017 =====


Reforming stiffness matrix: reformation #1

 1
 Nonlinear solution status: time= 1.08017
	stiffness updates             = 0
	right hand side evaluations   = 2
	stiffness matrix reformations = 1
	step from line search         = 1.000000
	convergence norms :     INITIAL         CURRENT         REQUIRED
	   residual            2.216449e+03    4.281211e-02    0.000000e+00 
	   energy              1.742782e-01    9.147645e-04    1.742782e-03 
	   displacement        3.841443e-03    3.841443e-03    3.841443e-09 
 2
 Nonlinear solution status: time= 1.08017
	stiffness updates             = 1
	right hand side evaluations   = 4
	stiffness matrix reformations = 1
	step from line search         = 0.556048
	convergence norms :     INITIAL         CURRENT         REQUIRED
	   residual            2.216449e+03    5.442362e-02    0.000000e+00 
	   energy              1.742782e-01    2.695624e-06    1.742782e-03 
	   displacement        3.841443e-03    3.072853e-05    3.436592e-09 
 3

 *************************************************************************
 *                                ERROR                                  *
 * Negative jacobian detected.                                           *
 *************************************************************************


------- failed to converge at time : 1.08017

Retrying time step. Retry attempt 8 of max 20


AUTO STEPPER: retry step, dt = 0.00169806


===== beginning time step 21 : 1.08004 =====


Reforming stiffness matrix: reformation #1

 1
 Nonlinear solution status: time= 1.08004
	stiffness updates             = 0
	right hand side evaluations   = 2
	stiffness matrix reformations = 1
	step from line search         = 1.000000
	convergence norms :     INITIAL         CURRENT         REQUIRED
	   residual            1.901731e+03    4.144023e-02    0.000000e+00 
	   energy              1.517223e-01    9.029151e-04    1.517223e-03 
	   displacement        3.303249e-03    3.303249e-03    3.303249e-09 
 2
 Nonlinear solution status: time= 1.08004
	stiffness updates             = 1
	right hand side evaluations   = 4
	stiffness matrix reformations = 1
	step from line search         = 0.615838
	convergence norms :     INITIAL         CURRENT         REQUIRED
	   residual            1.901731e+03    5.121841e-02    0.000000e+00 
	   energy              1.517223e-01    2.541552e-07    1.517223e-03 
	   displacement        3.303249e-03    3.313889e-05    2.920321e-09 
 3

 *************************************************************************
 *                                ERROR                                  *
 * Negative jacobian detected.                                           *
 *************************************************************************


------- failed to converge at time : 1.08004

Retrying time step. Retry attempt 9 of max 20


AUTO STEPPER: retry step, dt = 0.00156744


===== beginning time step 21 : 1.07991 =====


Reforming stiffness matrix: reformation #1

 1
 Nonlinear solution status: time= 1.07991
	stiffness updates             = 0
	right hand side evaluations   = 2
	stiffness matrix reformations = 1
	step from line search         = 1.000000
	convergence norms :     INITIAL         CURRENT         REQUIRED
	   residual            1.611121e+03    4.100895e-02    0.000000e+00 
	   energy              1.308857e-01    8.938681e-04    1.308857e-03 
	   displacement        2.806434e-03    2.806434e-03    2.806434e-09 
 2
 Nonlinear solution status: time= 1.07991
	stiffness updates             = 1
	right hand side evaluations   = 3
	stiffness matrix reformations = 1
	step from line search         = 1.000000
	convergence norms :     INITIAL         CURRENT         REQUIRED
	   residual            1.611121e+03    1.753743e-01    0.000000e+00 
	   energy              1.308857e-01    1.712761e-04    1.308857e-03 
	   displacement        2.806434e-03    7.655564e-05    2.306288e-09 
 3

 *************************************************************************
 *                                ERROR                                  *
 * 2 negative jacobians detected.                                        *
 *************************************************************************


------- failed to converge at time : 1.07991

Retrying time step. Retry attempt 10 of max 20


AUTO STEPPER: retry step, dt = 0.00143682


===== beginning time step 21 : 1.07978 =====


Reforming stiffness matrix: reformation #1

 1
 Nonlinear solution status: time= 1.07978
	stiffness updates             = 0
	right hand side evaluations   = 2
	stiffness matrix reformations = 1
	step from line search         = 1.000000
	convergence norms :     INITIAL         CURRENT         REQUIRED
	   residual            1.344624e+03    4.165663e-02    0.000000e+00 
	   energy              1.117689e-01    8.880384e-04    1.117689e-03 
	   displacement        2.350838e-03    2.350838e-03    2.350838e-09 
 2
 Nonlinear solution status: time= 1.07978
	stiffness updates             = 1
	right hand side evaluations   = 3
	stiffness matrix reformations = 1
	step from line search         = 1.000000
	convergence norms :     INITIAL         CURRENT         REQUIRED
	   residual            1.344624e+03    1.201571e-01    0.000000e+00 
	   energy              1.117689e-01    1.269575e-04    1.117689e-03 
	   displacement        2.350838e-03    6.671748e-05    1.931432e-09 
 3

 *************************************************************************
 *                                ERROR                                  *
 * Negative jacobian detected.                                           *
 *************************************************************************


------- failed to converge at time : 1.07978

Retrying time step. Retry attempt 11 of max 20


AUTO STEPPER: retry step, dt = 0.0013062


===== beginning time step 21 : 1.07965 =====


Reforming stiffness matrix: reformation #1

 1
 Nonlinear solution status: time= 1.07965
	stiffness updates             = 0
	right hand side evaluations   = 2
	stiffness matrix reformations = 1
	step from line search         = 1.000000
	convergence norms :     INITIAL         CURRENT         REQUIRED
	   residual            1.102243e+03    4.363650e-02    0.000000e+00 
	   energy              9.437214e-02    8.860256e-04    9.437214e-04 
	   displacement        1.936311e-03    1.936311e-03    1.936311e-09 
 2
 Nonlinear solution status: time= 1.07965
	stiffness updates             = 1
	right hand side evaluations   = 3
	stiffness matrix reformations = 1
	step from line search         = 1.000000
	convergence norms :     INITIAL         CURRENT         REQUIRED
	   residual            1.102243e+03    8.043029e-02    0.000000e+00 
	   energy              9.437214e-02    9.951791e-05    9.437214e-04 
	   displacement        1.936311e-03    5.771201e-05    1.590520e-09 
 3

 *************************************************************************
 *                                ERROR                                  *
 * Negative jacobian detected.                                           *
 *************************************************************************


------- failed to converge at time : 1.07965

Retrying time step. Retry attempt 12 of max 20


AUTO STEPPER: retry step, dt = 0.00117558


===== beginning time step 21 : 1.07952 =====


Reforming stiffness matrix: reformation #1

 1
 Nonlinear solution status: time= 1.07952
	stiffness updates             = 0
	right hand side evaluations   = 2
	stiffness matrix reformations = 1
	step from line search         = 1.000000
	convergence norms :     INITIAL         CURRENT         REQUIRED
	   residual            8.839860e+02    4.739464e-02    0.000000e+00 
	   energy              7.869629e-02    8.887016e-04    7.869629e-04 
	   displacement        1.562716e-03    1.562716e-03    1.562716e-09 
 2
 Nonlinear solution status: time= 1.07952
	stiffness updates             = 1
	right hand side evaluations   = 3
	stiffness matrix reformations = 1
	step from line search         = 1.000000
	convergence norms :     INITIAL         CURRENT         REQUIRED
	   residual            8.839860e+02    5.399319e-02    0.000000e+00 
	   energy              7.869629e-02    8.474581e-05    7.869629e-04 
	   displacement        1.562716e-03    4.942531e-05    1.283543e-09 
 3

 *************************************************************************
 *                                ERROR                                  *
 * Negative jacobian detected.                                           *
 *************************************************************************


------- failed to converge at time : 1.07952

Retrying time step. Retry attempt 13 of max 20


AUTO STEPPER: retry step, dt = 0.00104496


===== beginning time step 21 : 1.07939 =====


Reforming stiffness matrix: reformation #1

 1
 Nonlinear solution status: time= 1.07939
	stiffness updates             = 0
	right hand side evaluations   = 2
	stiffness matrix reformations = 1
	step from line search         = 1.000000
	convergence norms :     INITIAL         CURRENT         REQUIRED
	   residual            6.954750e+02    5.366718e-02    0.000000e+00 
	   energy              6.514029e-02    8.978362e-04    6.514029e-04 
	   displacement        1.230650e-03    1.230650e-03    1.230650e-09 
 2
 Nonlinear solution status: time= 1.07939
	stiffness updates             = 1
	right hand side evaluations   = 3
	stiffness matrix reformations = 1
	step from line search         = 1.000000
	convergence norms :     INITIAL         CURRENT         REQUIRED
	   residual            6.954750e+02    3.928291e-02    0.000000e+00 
	   energy              6.514029e-02    7.861720e-05    6.514029e-04 
	   displacement        1.230650e-03    4.177154e-05    1.011021e-09 
 3
 Nonlinear solution status: time= 1.07939
	stiffness updates             = 2
	right hand side evaluations   = 5
	stiffness matrix reformations = 1
	step from line search         = 0.303225
	convergence norms :     INITIAL         CURRENT         REQUIRED
	   residual            6.954750e+02    2.185223e-02    0.000000e+00 
	   energy              6.514029e-02    3.916699e-06    6.514029e-04 
	   displacement        1.230650e-03    6.220603e-07    1.021074e-09 
 4
 Nonlinear solution status: time= 1.07939
	stiffness updates             = 3
	right hand side evaluations   = 6
	stiffness matrix reformations = 1
	step from line search         = 1.000000
	convergence norms :     INITIAL         CURRENT         REQUIRED
	   residual            6.954750e+02    1.129308e-02    0.000000e+00 
	   energy              6.514029e-02    1.578944e-05    6.514029e-04 
	   displacement        1.230650e-03    4.199056e-06    1.080914e-09 
 5
 Nonlinear solution status: time= 1.07939
	stiffness updates             = 4
	right hand side evaluations   = 7
	stiffness matrix reformations = 1
	step from line search         = 1.000000
	convergence norms :     INITIAL         CURRENT         REQUIRED
	   residual            6.954750e+02    2.087617e-05    0.000000e+00 
	   energy              6.514029e-02    2.565610e-08    6.514029e-04 
	   displacement        1.230650e-03    8.116044e-07    1.055150e-09 
 6
 Nonlinear solution status: time= 1.07939
	stiffness updates             = 5
	right hand side evaluations   = 8
	stiffness matrix reformations = 1
	step from line search         = 1.000000
	convergence norms :     INITIAL         CURRENT         REQUIRED
	   residual            6.954750e+02    4.508157e-05    0.000000e+00 
	   energy              6.514029e-02    1.772871e-09    6.514029e-04 
	   displacement        1.230650e-03    1.880790e-09    1.055064e-09 
 7
 Nonlinear solution status: time= 1.07939
	stiffness updates             = 6
	right hand side evaluations   = 9
	stiffness matrix reformations = 1
	step from line search         = 1.000000
	convergence norms :     INITIAL         CURRENT         REQUIRED
	   residual            6.954750e+02    1.063272e-05    0.000000e+00 
	   energy              6.514029e-02    2.342736e-09    6.514029e-04 
	   displacement        1.230650e-03    3.215330e-10    1.055038e-09 

convergence summary
    number of iterations   : 7
    number of reformations : 1

------- converged at time : 1.07939


AUTO STEPPER: increasing time step, dt = 0.00283597


===== beginning time step 22 : 1.08223 =====


Reforming stiffness matrix: reformation #1

 1
 Nonlinear solution status: time= 1.08223
	stiffness updates             = 0
	right hand side evaluations   = 2
	stiffness matrix reformations = 1
	step from line search         = 1.000000
	convergence norms :     INITIAL         CURRENT         REQUIRED
	   residual            5.770051e+03    8.014807e-02    0.000000e+00 
	   energy              4.360924e-01    1.181864e-03    4.360924e-03 
	   displacement        9.962337e-03    9.962337e-03    9.962337e-09 
 2
 Nonlinear solution status: time= 1.08223
	stiffness updates             = 1
	right hand side evaluations   = 4
	stiffness matrix reformations = 1
	step from line search         = 0.540942
	convergence norms :     INITIAL         CURRENT         REQUIRED
	   residual            5.770051e+03    8.334153e-02    0.000000e+00 
	   energy              4.360924e-01    2.390101e-05    4.360924e-03 
	   displacement        9.962337e-03    7.638988e-05    8.905521e-09 
 3

 *************************************************************************
 *                                ERROR                                  *
 * Negative jacobian detected.                                           *
 *************************************************************************


------- failed to converge at time : 1.08223

Retrying time step. Retry attempt 1 of max 20


AUTO STEPPER: retry step, dt = 0.00270092


===== beginning time step 22 : 1.08209 =====


Reforming stiffness matrix: reformation #1

 1
 Nonlinear solution status: time= 1.08209
	stiffness updates             = 0
	right hand side evaluations   = 2
	stiffness matrix reformations = 1
	step from line search         = 1.000000
	convergence norms :     INITIAL         CURRENT         REQUIRED
	   residual            5.215428e+03    7.122352e-02    0.000000e+00 
	   energy              3.957867e-01    1.145837e-03    3.957867e-03 
	   displacement        9.013956e-03    9.013956e-03    9.013956e-09 
 2
 Nonlinear solution status: time= 1.08209
	stiffness updates             = 1
	right hand side evaluations   = 4
	stiffness matrix reformations = 1
	step from line search         = 0.569675
	convergence norms :     INITIAL         CURRENT         REQUIRED
	   residual            5.215428e+03    7.406483e-02    0.000000e+00 
	   energy              3.957867e-01    1.925716e-05    3.957867e-03 
	   displacement        9.013956e-03    7.358263e-05    8.021363e-09 
 3

 *************************************************************************
 *                                ERROR                                  *
 * Negative jacobian detected.                                           *
 *************************************************************************


------- failed to converge at time : 1.08209

Retrying time step. Retry attempt 2 of max 20


AUTO STEPPER: retry step, dt = 0.00256588


===== beginning time step 22 : 1.08196 =====


Reforming stiffness matrix: reformation #1

 1
 Nonlinear solution status: time= 1.08196
	stiffness updates             = 0
	right hand side evaluations   = 2
	stiffness matrix reformations = 1
	step from line search         = 1.000000
	convergence norms :     INITIAL         CURRENT         REQUIRED
	   residual            4.688830e+03    6.362005e-02    0.000000e+00 
	   energy              3.575112e-01    1.112533e-03    3.575112e-03 
	   displacement        8.114627e-03    8.114627e-03    8.114627e-09 
 2
 Nonlinear solution status: time= 1.08196
	stiffness updates             = 1
	right hand side evaluations   = 4
	stiffness matrix reformations = 1
	step from line search         = 0.599706
	convergence norms :     INITIAL         CURRENT         REQUIRED
	   residual            4.688830e+03    6.566381e-02    0.000000e+00 
	   energy              3.575112e-01    1.556404e-05    3.575112e-03 
	   displacement        8.114627e-03    7.119127e-05    7.185915e-09 
 3

 *************************************************************************
 *                                ERROR                                  *
 * Negative jacobian detected.                                           *
 *************************************************************************


------- failed to converge at time : 1.08196

Retrying time step. Retry attempt 3 of max 20


AUTO STEPPER: retry step, dt = 0.00243083


===== beginning time step 22 : 1.08182 =====


Reforming stiffness matrix: reformation #1

 1
 Nonlinear solution status: time= 1.08182
	stiffness updates             = 0
	right hand side evaluations   = 2
	stiffness matrix reformations = 1
	step from line search         = 1.000000
	convergence norms :     INITIAL         CURRENT         REQUIRED
	   residual            4.190258e+03    5.723642e-02    0.000000e+00 
	   energy              3.212659e-01    1.081881e-03    3.212659e-03 
	   displacement        7.264104e-03    7.264104e-03    7.264104e-09 
 2
 Nonlinear solution status: time= 1.08182
	stiffness updates             = 1
	right hand side evaluations   = 4
	stiffness matrix reformations = 1
	step from line search         = 0.630790
	convergence norms :     INITIAL         CURRENT         REQUIRED
	   residual            4.190258e+03    5.803524e-02    0.000000e+00 
	   energy              3.212659e-01    1.281253e-05    3.212659e-03 
	   displacement        7.264104e-03    6.908527e-05    6.399341e-09 
 3

 *************************************************************************
 *                                ERROR                                  *
 * Negative jacobian detected.                                           *
 *************************************************************************


------- failed to converge at time : 1.08182

Retrying time step. Retry attempt 4 of max 20


AUTO STEPPER: retry step, dt = 0.00229578


===== beginning time step 22 : 1.08169 =====


Reforming stiffness matrix: reformation #1

 1
 Nonlinear solution status: time= 1.08169
	stiffness updates             = 0
	right hand side evaluations   = 2
	stiffness matrix reformations = 1
	step from line search         = 1.000000
	convergence norms :     INITIAL         CURRENT         REQUIRED
	   residual            3.719712e+03    5.198199e-02    0.000000e+00 
	   energy              2.870508e-01    1.053840e-03    2.870508e-03 
	   displacement        6.462135e-03    6.462135e-03    6.462135e-09 
 2
 Nonlinear solution status: time= 1.08169
	stiffness updates             = 1
	right hand side evaluations   = 3
	stiffness matrix reformations = 1
	step from line search         = 1.000000
	convergence norms :     INITIAL         CURRENT         REQUIRED
	   residual            3.719712e+03    2.023466e-01    0.000000e+00 
	   energy              2.870508e-01    1.926434e-04    2.870508e-03 
	   displacement        6.462135e-03    1.528949e-04    5.305707e-09 
 3

 *************************************************************************
 *                                ERROR                                  *
 * 2 negative jacobians detected.                                        *
 *************************************************************************


------- failed to converge at time : 1.08169

Retrying time step. Retry attempt 5 of max 20


AUTO STEPPER: retry step, dt = 0.00216074


===== beginning time step 22 : 1.08155 =====


Reforming stiffness matrix: reformation #1

 1
 Nonlinear solution status: time= 1.08155
	stiffness updates             = 0
	right hand side evaluations   = 2
	stiffness matrix reformations = 1
	step from line search         = 1.000000
	convergence norms :     INITIAL         CURRENT         REQUIRED
	   residual            3.277193e+03    4.777943e-02    0.000000e+00 
	   energy              2.548662e-01    1.028408e-03    2.548662e-03 
	   displacement        5.708462e-03    5.708462e-03    5.708462e-09 
 2
 Nonlinear solution status: time= 1.08155
	stiffness updates             = 1
	right hand side evaluations   = 3
	stiffness matrix reformations = 1
	step from line search         = 1.000000
	convergence norms :     INITIAL         CURRENT         REQUIRED
	   residual            3.277193e+03    1.604664e-01    0.000000e+00 
	   energy              2.548662e-01    1.553747e-04    2.548662e-03 
	   displacement        5.708462e-03    1.350328e-04    4.690970e-09 
 3

 *************************************************************************
 *                                ERROR                                  *
 * Negative jacobian detected.                                           *
 *************************************************************************


------- failed to converge at time : 1.08155

Retrying time step. Retry attempt 6 of max 20


AUTO STEPPER: retry step, dt = 0.00202569


===== beginning time step 22 : 1.08142 =====


Reforming stiffness matrix: reformation #1

 1
 Nonlinear solution status: time= 1.08142
	stiffness updates             = 0
	right hand side evaluations   = 2
	stiffness matrix reformations = 1
	step from line search         = 1.000000
	convergence norms :     INITIAL         CURRENT         REQUIRED
	   residual            2.862701e+03    4.456856e-02    0.000000e+00 
	   energy              2.247120e-01    1.005628e-03    2.247120e-03 
	   displacement        5.002823e-03    5.002823e-03    5.002823e-09 
 2
 Nonlinear solution status: time= 1.08142
	stiffness updates             = 1
	right hand side evaluations   = 3
	stiffness matrix reformations = 1
	step from line search         = 1.000000
	convergence norms :     INITIAL         CURRENT         REQUIRED
	   residual            2.862701e+03    1.259893e-01    0.000000e+00 
	   energy              2.247120e-01    1.275115e-04    2.247120e-03 
	   displacement        5.002823e-03    1.194555e-04    4.113514e-09 
 3

 *************************************************************************
 *                                ERROR                                  *
 * Negative jacobian detected.                                           *
 *************************************************************************


------- failed to converge at time : 1.08142

Retrying time step. Retry attempt 7 of max 20


AUTO STEPPER: retry step, dt = 0.00189065


===== beginning time step 22 : 1.08128 =====


Reforming stiffness matrix: reformation #1

 1
 Nonlinear solution status: time= 1.08128
	stiffness updates             = 0
	right hand side evaluations   = 2
	stiffness matrix reformations = 1
	step from line search         = 1.000000
	convergence norms :     INITIAL         CURRENT         REQUIRED
	   residual            2.476237e+03    4.231219e-02    0.000000e+00 
	   energy              1.965885e-01    9.856017e-04    1.965885e-03 
	   displacement        4.344959e-03    4.344959e-03    4.344959e-09 
 2
 Nonlinear solution status: time= 1.08128
	stiffness updates             = 1
	right hand side evaluations   = 3
	stiffness matrix reformations = 1
	step from line search         = 1.000000
	convergence norms :     INITIAL         CURRENT         REQUIRED
	   residual            2.476237e+03    9.793422e-02    0.000000e+00 
	   energy              1.965885e-01    1.071976e-04    1.965885e-03 
	   displacement        4.344959e-03    1.056933e-04    3.573742e-09 
 3

 *************************************************************************
 *                                ERROR                                  *
 * Negative jacobian detected.                                           *
 *************************************************************************


------- failed to converge at time : 1.08128

Retrying time step. Retry attempt 8 of max 20


AUTO STEPPER: retry step, dt = 0.0017556


===== beginning time step 22 : 1.08115 =====


Reforming stiffness matrix: reformation #1

 1
 Nonlinear solution status: time= 1.08115
	stiffness updates             = 0
	right hand side evaluations   = 2
	stiffness matrix reformations = 1
	step from line search         = 1.000000
	convergence norms :     INITIAL         CURRENT         REQUIRED
	   residual            2.133854e+03    4.094014e-02    0.000000e+00 
	   energy              1.716564e-01    9.695914e-04    1.716564e-03 
	   displacement        3.737873e-03    3.737873e-03    3.737873e-09 
 2
 Nonlinear solution status: time= 1.08115
	stiffness updates             = 1
	right hand side evaluations   = 3
	stiffness matrix reformations = 1
	step from line search         = 1.000000
	convergence norms :     INITIAL         CURRENT         REQUIRED
	   residual            2.133854e+03    7.332495e-02    0.000000e+00 
	   energy              1.716564e-01    9.148706e-05    1.716564e-03 
	   displacement        3.737873e-03    9.335444e-05    3.074961e-09 
 3

 *************************************************************************
 *                                ERROR                                  *
 * Negative jacobian detected.                                           *
 *************************************************************************


------- failed to converge at time : 1.08115

Retrying time step. Retry attempt 9 of max 20


AUTO STEPPER: retry step, dt = 0.00162055


===== beginning time step 22 : 1.08101 =====


Reforming stiffness matrix: reformation #1

 1
 Nonlinear solution status: time= 1.08101
	stiffness updates             = 0
	right hand side evaluations   = 2
	stiffness matrix reformations = 1
	step from line search         = 1.000000
	convergence norms :     INITIAL         CURRENT         REQUIRED
	   residual            1.817683e+03    4.057157e-02    0.000000e+00 
	   energy              1.486232e-01    9.567195e-04    1.486232e-03 
	   displacement        3.177282e-03    3.177282e-03    3.177282e-09 
 2
 Nonlinear solution status: time= 1.08101
	stiffness updates             = 1
	right hand side evaluations   = 3
	stiffness matrix reformations = 1
	step from line search         = 1.000000
	convergence norms :     INITIAL         CURRENT         REQUIRED
	   residual            1.817683e+03    5.521252e-02    0.000000e+00 
	   energy              1.486232e-01    8.154808e-05    1.486232e-03 
	   displacement        3.177282e-03    8.218509e-05    2.613766e-09 
 3
 Nonlinear solution status: time= 1.08101
	stiffness updates             = 2
	right hand side evaluations   = 5
	stiffness matrix reformations = 1
	step from line search         = 0.144620
	convergence norms :     INITIAL         CURRENT         REQUIRED
	   residual            1.817683e+03    3.161676e-02    0.000000e+00 
	   energy              1.486232e-01    8.871494e-07    1.486232e-03 
	   displacement        3.177282e-03    4.276097e-07    2.618310e-09 
 4
 Nonlinear solution status: time= 1.08101
	stiffness updates             = 3
	right hand side evaluations   = 6
	stiffness matrix reformations = 1
	step from line search         = 1.000000
	convergence norms :     INITIAL         CURRENT         REQUIRED
	   residual            1.817683e+03    7.426907e-03    0.000000e+00 
	   energy              1.486232e-01    1.347017e-05    1.486232e-03 
	   displacement        3.177282e-03    1.011462e-05    2.775582e-09 
 5
 Nonlinear solution status: time= 1.08101
	stiffness updates             = 4
	right hand side evaluations   = 7
	stiffness matrix reformations = 1
	step from line search         = 1.000000
	convergence norms :     INITIAL         CURRENT         REQUIRED
	   residual            1.817683e+03    2.368378e-04    0.000000e+00 
	   energy              1.486232e-01    2.654110e-07    1.486232e-03 
	   displacement        3.177282e-03    1.148166e-06    2.728237e-09 
 6
 Nonlinear solution status: time= 1.08101
	stiffness updates             = 5
	right hand side evaluations   = 8
	stiffness matrix reformations = 1
	step from line search         = 1.000000
	convergence norms :     INITIAL         CURRENT         REQUIRED
	   residual            1.817683e+03    8.674611e-05    0.000000e+00 
	   energy              1.486232e-01    5.920208e-08    1.486232e-03 
	   displacement        3.177282e-03    3.430895e-08    2.725195e-09 
 7
 Nonlinear solution status: time= 1.08101
	stiffness updates             = 6
	right hand side evaluations   = 9
	stiffness matrix reformations = 1
	step from line search         = 1.000000
	convergence norms :     INITIAL         CURRENT         REQUIRED
	   residual            1.817683e+03    1.917968e-06    0.000000e+00 
	   energy              1.486232e-01    7.276893e-10    1.486232e-03 
	   displacement        3.177282e-03    4.063551e-09    2.727409e-09 
 8
 Nonlinear solution status: time= 1.08101
	stiffness updates             = 7
	right hand side evaluations   = 10
	stiffness matrix reformations = 1
	step from line search         = 1.000000
	convergence norms :     INITIAL         CURRENT         REQUIRED
	   residual            1.817683e+03    8.278311e-07    0.000000e+00 
	   energy              1.486232e-01    2.069999e-10    1.486232e-03 
	   displacement        3.177282e-03    1.182390e-10    2.727652e-09 

convergence summary
    number of iterations   : 8
    number of reformations : 1

------- converged at time : 1.08101


AUTO STEPPER: increasing time step, dt = 0.00306688


===== beginning time step 23 : 1.08408 =====


Reforming stiffness matrix: reformation #1

 1
 Nonlinear solution status: time= 1.08408
	stiffness updates             = 0
	right hand side evaluations   = 2
	stiffness matrix reformations = 1
	step from line search         = 1.000000
	convergence norms :     INITIAL         CURRENT         REQUIRED
	   residual            7.179008e+03    1.125777e-01    0.000000e+00 
	   energy              5.560211e-01    1.377260e-03    5.560211e-03 
	   displacement        1.274629e-02    1.274629e-02    1.274629e-08 
 2
 Nonlinear solution status: time= 1.08408
	stiffness updates             = 1
	right hand side evaluations   = 4
	stiffness matrix reformations = 1
	step from line search         = 0.612281
	convergence norms :     INITIAL         CURRENT         REQUIRED
	   residual            7.179008e+03    9.256353e-02    0.000000e+00 
	   energy              5.560211e-01    6.151398e-05    5.560211e-03 
	   displacement        1.274629e-02    1.384146e-04    1.120203e-08 
 3

 *************************************************************************
 *                                ERROR                                  *
 * Negative jacobian detected.                                           *
 *************************************************************************


------- failed to converge at time : 1.08408

Retrying time step. Retry attempt 1 of max 20


AUTO STEPPER: retry step, dt = 0.00292084


===== beginning time step 23 : 1.08393 =====


Reforming stiffness matrix: reformation #1

 1
 Nonlinear solution status: time= 1.08393
	stiffness updates             = 0
	right hand side evaluations   = 2
	stiffness matrix reformations = 1
	step from line search         = 1.000000
	convergence norms :     INITIAL         CURRENT         REQUIRED
	   residual            6.487801e+03    9.817492e-02    0.000000e+00 
	   energy              5.042592e-01    1.326441e-03    5.042592e-03 
	   displacement        1.153054e-02    1.153054e-02    1.153054e-08 
 2
 Nonlinear solution status: time= 1.08393
	stiffness updates             = 1
	right hand side evaluations   = 4
	stiffness matrix reformations = 1
	step from line search         = 0.635585
	convergence norms :     INITIAL         CURRENT         REQUIRED
	   residual            6.487801e+03    7.623026e-02    0.000000e+00 
	   energy              5.042592e-01    4.869044e-05    5.042592e-03 
	   displacement        1.153054e-02    1.263227e-04    1.010549e-08 
 3

 *************************************************************************
 *                                ERROR                                  *
 * Negative jacobian detected.                                           *
 *************************************************************************


------- failed to converge at time : 1.08393

Retrying time step. Retry attempt 2 of max 20


AUTO STEPPER: retry step, dt = 0.0027748


===== beginning time step 23 : 1.08379 =====


Reforming stiffness matrix: reformation #1

 1
 Nonlinear solution status: time= 1.08379
	stiffness updates             = 0
	right hand side evaluations   = 2
	stiffness matrix reformations = 1
	step from line search         = 1.000000
	convergence norms :     INITIAL         CURRENT         REQUIRED
	   residual            5.831581e+03    8.583546e-02    0.000000e+00 
	   energy              4.551095e-01    1.279539e-03    4.551095e-03 
	   displacement        1.037803e-02    1.037803e-02    1.037803e-08 
 2
 Nonlinear solution status: time= 1.08379
	stiffness updates             = 1
	right hand side evaluations   = 3
	stiffness matrix reformations = 1
	step from line search         = 1.000000
	convergence norms :     INITIAL         CURRENT         REQUIRED
	   residual            5.831581e+03    2.415820e-01    0.000000e+00 
	   energy              4.551095e-01    2.616765e-04    4.551095e-03 
	   displacement        1.037803e-02    2.665747e-04    8.482270e-09 
 3

 *************************************************************************
 *                                ERROR                                  *
 * Negative jacobian detected.                                           *
 *************************************************************************


------- failed to converge at time : 1.08379

Retrying time step. Retry attempt 3 of max 20


AUTO STEPPER: retry step, dt = 0.00262875


===== beginning time step 23 : 1.08364 =====


Reforming stiffness matrix: reformation #1

 1
 Nonlinear solution status: time= 1.08364
	stiffness updates             = 0
	right hand side evaluations   = 2
	stiffness matrix reformations = 1
	step from line search         = 1.000000
	convergence norms :     INITIAL         CURRENT         REQUIRED
	   residual            5.210349e+03    7.538980e-02    0.000000e+00 
	   energy              4.085720e-01    1.236382e-03    4.085720e-03 
	   displacement        9.288433e-03    9.288433e-03    9.288433e-09 
 2
 Nonlinear solution status: time= 1.08364
	stiffness updates             = 1
	right hand side evaluations   = 3
	stiffness matrix reformations = 1
	step from line search         = 1.000000
	convergence norms :     INITIAL         CURRENT         REQUIRED
	   residual            5.210349e+03    1.878658e-01    0.000000e+00 
	   energy              4.085720e-01    2.086208e-04    4.085720e-03 
	   displacement        9.288433e-03    2.287520e-04    7.607322e-09 
 3

 *************************************************************************
 *                                ERROR                                  *
 * Negative jacobian detected.                                           *
 *************************************************************************


------- failed to converge at time : 1.08364

Retrying time step. Retry attempt 4 of max 20


AUTO STEPPER: retry step, dt = 0.00248271


===== beginning time step 23 : 1.08349 =====


Reforming stiffness matrix: reformation #1

 1
 Nonlinear solution status: time= 1.08349
	stiffness updates             = 0
	right hand side evaluations   = 2
	stiffness matrix reformations = 1
	step from line search         = 1.000000
	convergence norms :     INITIAL         CURRENT         REQUIRED
	   residual            4.624105e+03    6.668042e-02    0.000000e+00 
	   energy              3.646469e-01    1.196837e-03    3.646469e-03 
	   displacement        8.261382e-03    8.261382e-03    8.261382e-09 
 2
 Nonlinear solution status: time= 1.08349
	stiffness updates             = 1
	right hand side evaluations   = 3
	stiffness matrix reformations = 1
	step from line search         = 1.000000
	convergence norms :     INITIAL         CURRENT         REQUIRED
	   residual            4.624105e+03    1.453788e-01    0.000000e+00 
	   energy              3.646469e-01    1.683514e-04    3.646469e-03 
	   displacement        8.261382e-03    1.975279e-04    6.778045e-09 
 3

 *************************************************************************
 *                                ERROR                                  *
 * Negative jacobian detected.                                           *
 *************************************************************************


------- failed to converge at time : 1.08349

Retrying time step. Retry attempt 5 of max 20


AUTO STEPPER: retry step, dt = 0.00233667


===== beginning time step 23 : 1.08335 =====


Reforming stiffness matrix: reformation #1

 1
 Nonlinear solution status: time= 1.08335
	stiffness updates             = 0
	right hand side evaluations   = 2
	stiffness matrix reformations = 1
	step from line search         = 1.000000
	convergence norms :     INITIAL         CURRENT         REQUIRED
	   residual            4.072848e+03    5.956426e-02    0.000000e+00 
	   energy              3.233343e-01    1.160812e-03    3.233343e-03 
	   displacement        7.296512e-03    7.296512e-03    7.296512e-09 
 2
 Nonlinear solution status: time= 1.08335
	stiffness updates             = 1
	right hand side evaluations   = 3
	stiffness matrix reformations = 1
	step from line search         = 1.000000
	convergence norms :     INITIAL         CURRENT         REQUIRED
	   residual            4.072848e+03    1.123442e-01    0.000000e+00 
	   energy              3.233343e-01    1.382495e-04    3.233343e-03 
	   displacement        7.296512e-03    1.715075e-04    5.995009e-09 
 3

 *************************************************************************
 *                                ERROR                                  *
 * Negative jacobian detected.                                           *
 *************************************************************************


------- failed to converge at time : 1.08335

Retrying time step. Retry attempt 6 of max 20


AUTO STEPPER: retry step, dt = 0.00219063


===== beginning time step 23 : 1.0832 =====


Reforming stiffness matrix: reformation #1

 1
 Nonlinear solution status: time= 1.0832
	stiffness updates             = 0
	right hand side evaluations   = 2
	stiffness matrix reformations = 1
	step from line search         = 1.000000
	convergence norms :     INITIAL         CURRENT         REQUIRED
	   residual            3.556581e+03    5.391643e-02    0.000000e+00 
	   energy              2.846343e-01    1.128265e-03    2.846343e-03 
	   displacement        6.393446e-03    6.393446e-03    6.393446e-09 
 2
 Nonlinear solution status: time= 1.0832
	stiffness updates             = 1
	right hand side evaluations   = 3
	stiffness matrix reformations = 1
	step from line search         = 1.000000
	convergence norms :     INITIAL         CURRENT         REQUIRED
	   residual            3.556581e+03    8.728057e-02    0.000000e+00 
	   energy              2.846343e-01    1.162122e-04    2.846343e-03 
	   displacement        6.393446e-03    1.495627e-04    5.258813e-09 
 3
 Nonlinear solution status: time= 1.0832
	stiffness updates             = 2
	right hand side evaluations   = 5
	stiffness matrix reformations = 1
	step from line search         = 0.193952
	convergence norms :     INITIAL         CURRENT         REQUIRED
	   residual            3.556581e+03    5.041583e-02    0.000000e+00 
	   energy              2.846343e-01    4.399931e-06    2.846343e-03 
	   displacement        6.393446e-03    9.775888e-07    5.270345e-09 
 4
 Nonlinear solution status: time= 1.0832
	stiffness updates             = 3
	right hand side evaluations   = 7
	stiffness matrix reformations = 1
	step from line search         = 0.590895
	convergence norms :     INITIAL         CURRENT         REQUIRED
	   residual            3.556581e+03    5.000074e-03    0.000000e+00 
	   energy              2.846343e-01    6.083531e-06    2.846343e-03 
	   displacement        6.393446e-03    1.388585e-05    5.494231e-09 
 5
 Nonlinear solution status: time= 1.0832
	stiffness updates             = 4
	right hand side evaluations   = 8
	stiffness matrix reformations = 1
	step from line search         = 1.000000
	convergence norms :     INITIAL         CURRENT         REQUIRED
	   residual            3.556581e+03    9.254480e-04    0.000000e+00 
	   energy              2.846343e-01    1.424015e-06    2.846343e-03 
	   displacement        6.393446e-03    9.016095e-07    5.523720e-09 
 6
 Nonlinear solution status: time= 1.0832
	stiffness updates             = 5
	right hand side evaluations   = 9
	stiffness matrix reformations = 1
	step from line search         = 1.000000
	convergence norms :     INITIAL         CURRENT         REQUIRED
	   residual            3.556581e+03    2.010173e-04    0.000000e+00 
	   energy              2.846343e-01    4.378403e-08    2.846343e-03 
	   displacement        6.393446e-03    1.911724e-07    5.506554e-09 
 7
 Nonlinear solution status: time= 1.0832
	stiffness updates             = 6
	right hand side evaluations   = 10
	stiffness matrix reformations = 1
	step from line search         = 1.000000
	convergence norms :     INITIAL         CURRENT         REQUIRED
	   residual            3.556581e+03    4.227054e-05    0.000000e+00 
	   energy              2.846343e-01    2.374373e-08    2.846343e-03 
	   displacement        6.393446e-03    1.919942e-08    5.506365e-09 
 8
 Nonlinear solution status: time= 1.0832
	stiffness updates             = 7
	right hand side evaluations   = 11
	stiffness matrix reformations = 1
	step from line search         = 1.000000
	convergence norms :     INITIAL         CURRENT         REQUIRED
	   residual            3.556581e+03    1.088766e-05    0.000000e+00 
	   energy              2.846343e-01    5.082032e-10    2.846343e-03 
	   displacement        6.393446e-03    3.418320e-09    5.509204e-09 

convergence summary
    number of iterations   : 8
    number of reformations : 1

------- converged at time : 1.0832


AUTO STEPPER: increasing time step, dt = 0.00353856


===== beginning time step 24 : 1.08674 =====


Reforming stiffness matrix: reformation #1

 1
 Nonlinear solution status: time= 1.08674
	stiffness updates             = 0
	right hand side evaluations   = 2
	stiffness matrix reformations = 1
	step from line search         = 1.000000
	convergence norms :     INITIAL         CURRENT         REQUIRED
	   residual            1.037415e+04    2.104616e-01    0.000000e+00 
	   energy              8.290170e-01    1.773953e-03    8.290170e-03 
	   displacement        1.914324e-02    1.914324e-02    1.914324e-08 
 2
 Nonlinear solution status: time= 1.08674
	stiffness updates             = 1
	right hand side evaluations   = 4
	stiffness matrix reformations = 1
	step from line search         = 0.546105
	convergence norms :     INITIAL         CURRENT         REQUIRED
	   residual            1.037415e+04    1.955530e-01    0.000000e+00 
	   energy              8.290170e-01    1.487327e-04    8.290170e-03 
	   displacement        1.914324e-02    2.231327e-04    1.695021e-08 
 3

 *************************************************************************
 *                                ERROR                                  *
 * Negative jacobian detected.                                           *
 *************************************************************************


------- failed to converge at time : 1.08674

Retrying time step. Retry attempt 1 of max 20


AUTO STEPPER: retry step, dt = 0.00337005


===== beginning time step 24 : 1.08657 =====


Reforming stiffness matrix: reformation #1

 1
 Nonlinear solution status: time= 1.08657
	stiffness updates             = 0
	right hand side evaluations   = 2
	stiffness matrix reformations = 1
	step from line search         = 1.000000
	convergence norms :     INITIAL         CURRENT         REQUIRED
	   residual            9.378089e+03    1.795594e-01    0.000000e+00 
	   energy              7.514291e-01    1.687393e-03    7.514291e-03 
	   displacement        1.731199e-02    1.731199e-02    1.731199e-08 
 2
 Nonlinear solution status: time= 1.08657
	stiffness updates             = 1
	right hand side evaluations   = 4
	stiffness matrix reformations = 1
	step from line search         = 0.573443
	convergence norms :     INITIAL         CURRENT         REQUIRED
	   residual            9.378089e+03    1.604211e-01    0.000000e+00 
	   energy              7.514291e-01    1.211898e-04    7.514291e-03 
	   displacement        1.731199e-02    1.986647e-04    1.528324e-08 
 3

 *************************************************************************
 *                                ERROR                                  *
 * Negative jacobian detected.                                           *
 *************************************************************************


------- failed to converge at time : 1.08657

Retrying time step. Retry attempt 2 of max 20


AUTO STEPPER: retry step, dt = 0.00320155


===== beginning time step 24 : 1.0864 =====


Reforming stiffness matrix: reformation #1

 1
 Nonlinear solution status: time= 1.0864
	stiffness updates             = 0
	right hand side evaluations   = 2
	stiffness matrix reformations = 1
	step from line search         = 1.000000
	convergence norms :     INITIAL         CURRENT         REQUIRED
	   residual            8.443600e+03    1.529246e-01    0.000000e+00 
	   energy              6.786241e-01    1.608596e-03    6.786241e-03 
	   displacement        1.558082e-02    1.558082e-02    1.558082e-08 
 2
 Nonlinear solution status: time= 1.0864
	stiffness updates             = 1
	right hand side evaluations   = 4
	stiffness matrix reformations = 1
	step from line search         = 0.599411
	convergence norms :     INITIAL         CURRENT         REQUIRED
	   residual            8.443600e+03    1.288829e-01    0.000000e+00 
	   energy              6.786241e-01    9.588189e-05    6.786241e-03 
	   displacement        1.558082e-02    1.763173e-04    1.371748e-08 
 3

 *************************************************************************
 *                                ERROR                                  *
 * Negative jacobian detected.                                           *
 *************************************************************************


------- failed to converge at time : 1.0864

Retrying time step. Retry attempt 3 of max 20


AUTO STEPPER: retry step, dt = 0.00303305


===== beginning time step 24 : 1.08623 =====


Reforming stiffness matrix: reformation #1

 1
 Nonlinear solution status: time= 1.08623
	stiffness updates             = 0
	right hand side evaluations   = 2
	stiffness matrix reformations = 1
	step from line search         = 1.000000
	convergence norms :     INITIAL         CURRENT         REQUIRED
	   residual            7.558153e+03    1.301468e-01    0.000000e+00 
	   energy              6.096292e-01    1.536369e-03    6.096292e-03 
	   displacement        1.394435e-02    1.394435e-02    1.394435e-08 
 2
 Nonlinear solution status: time= 1.08623
	stiffness updates             = 1
	right hand side evaluations   = 4
	stiffness matrix reformations = 1
	step from line search         = 0.625069
	convergence norms :     INITIAL         CURRENT         REQUIRED
	   residual            7.558153e+03    1.023211e-01    0.000000e+00 
	   energy              6.096292e-01    7.427355e-05    6.096292e-03 
	   displacement        1.394435e-02    1.568240e-04    1.224287e-08 
 3

 *************************************************************************
 *                                ERROR                                  *
 * Negative jacobian detected.                                           *
 *************************************************************************


------- failed to converge at time : 1.08623

Retrying time step. Retry attempt 4 of max 20


AUTO STEPPER: retry step, dt = 0.00286455


===== beginning time step 24 : 1.08607 =====


Reforming stiffness matrix: reformation #1

 1
 Nonlinear solution status: time= 1.08607
	stiffness updates             = 0
	right hand side evaluations   = 2
	stiffness matrix reformations = 1
	step from line search         = 1.000000
	convergence norms :     INITIAL         CURRENT         REQUIRED
	   residual            6.721748e+03    1.108888e-01    0.000000e+00 
	   energy              5.444445e-01    1.470328e-03    5.444445e-03 
	   displacement        1.240204e-02    1.240204e-02    1.240204e-08 
 2
 Nonlinear solution status: time= 1.08607
	stiffness updates             = 1
	right hand side evaluations   = 3
	stiffness matrix reformations = 1
	step from line search         = 1.000000
	convergence norms :     INITIAL         CURRENT         REQUIRED
	   residual            6.721748e+03    3.027723e-01    0.000000e+00 
	   energy              5.444445e-01    3.302384e-04    5.444445e-03 
	   displacement        1.240204e-02    3.309584e-04    1.014361e-08 
 3

 *************************************************************************
 *                                ERROR                                  *
 * Negative jacobian detected.                                           *
 *************************************************************************


------- failed to converge at time : 1.08607

Retrying time step. Retry attempt 5 of max 20


AUTO STEPPER: retry step, dt = 0.00269604


===== beginning time step 24 : 1.0859 =====


Reforming stiffness matrix: reformation #1

 1
 Nonlinear solution status: time= 1.0859
	stiffness updates             = 0
	right hand side evaluations   = 2
	stiffness matrix reformations = 1
	step from line search         = 1.000000
	convergence norms :     INITIAL         CURRENT         REQUIRED
	   residual            5.934385e+03    9.483033e-02    0.000000e+00 
	   energy              4.830700e-01    1.410142e-03    4.830700e-03 
	   displacement        1.095334e-02    1.095334e-02    1.095334e-08 
 2
 Nonlinear solution status: time= 1.0859
	stiffness updates             = 1
	right hand side evaluations   = 3
	stiffness matrix reformations = 1
	step from line search         = 1.000000
	convergence norms :     INITIAL         CURRENT         REQUIRED
	   residual            5.934385e+03    2.250987e-01    0.000000e+00 
	   energy              4.830700e-01    2.536612e-04    4.830700e-03 
	   displacement        1.095334e-02    2.752850e-04    8.981557e-09 
 3

 *************************************************************************
 *                                ERROR                                  *
 * Negative jacobian detected.                                           *
 *************************************************************************


------- failed to converge at time : 1.0859

Retrying time step. Retry attempt 6 of max 20


AUTO STEPPER: retry step, dt = 0.00252754


===== beginning time step 24 : 1.08573 =====


Reforming stiffness matrix: reformation #1

 1
 Nonlinear solution status: time= 1.08573
	stiffness updates             = 0
	right hand side evaluations   = 2
	stiffness matrix reformations = 1
	step from line search         = 1.000000
	convergence norms :     INITIAL         CURRENT         REQUIRED
	   residual            5.196065e+03    8.167135e-02    0.000000e+00 
	   energy              4.255058e-01    1.355541e-03    4.255058e-03 
	   displacement        9.597660e-03    9.597660e-03    9.597660e-09 
 2
 Nonlinear solution status: time= 1.08573
	stiffness updates             = 1
	right hand side evaluations   = 3
	stiffness matrix reformations = 1
	step from line search         = 1.000000
	convergence norms :     INITIAL         CURRENT         REQUIRED
	   residual            5.196065e+03    1.669132e-01    0.000000e+00 
	   energy              4.255058e-01    1.977168e-04    4.255058e-03 
	   displacement        9.597660e-03    2.309863e-04    7.887216e-09 
 3

 *************************************************************************
 *                                ERROR                                  *
 * Negative jacobian detected.                                           *
 *************************************************************************


------- failed to converge at time : 1.08573

Retrying time step. Retry attempt 7 of max 20


AUTO STEPPER: retry step, dt = 0.00235904


===== beginning time step 24 : 1.08556 =====


Reforming stiffness matrix: reformation #1

 1
 Nonlinear solution status: time= 1.08556
	stiffness updates             = 0
	right hand side evaluations   = 2
	stiffness matrix reformations = 1
	step from line search         = 1.000000
	convergence norms :     INITIAL         CURRENT         REQUIRED
	   residual            4.506789e+03    7.113713e-02    0.000000e+00 
	   energy              3.717522e-01    1.306326e-03    3.717522e-03 
	   displacement        8.334389e-03    8.334389e-03    8.334389e-09 
 2
 Nonlinear solution status: time= 1.08556
	stiffness updates             = 1
	right hand side evaluations   = 3
	stiffness matrix reformations = 1
	step from line search         = 1.000000
	convergence norms :     INITIAL         CURRENT         REQUIRED
	   residual            4.506789e+03    1.241306e-01    0.000000e+00 
	   energy              3.717522e-01    1.574689e-04    3.717522e-03 
	   displacement        8.334389e-03    1.953706e-04    6.861419e-09 
 3
 Nonlinear solution status: time= 1.08556
	stiffness updates             = 2
	right hand side evaluations   = 5
	stiffness matrix reformations = 1
	step from line search         = 0.152767
	convergence norms :     INITIAL         CURRENT         REQUIRED
	   residual            4.506789e+03    7.387345e-02    0.000000e+00 
	   energy              3.717522e-01    5.315917e-06    3.717522e-03 
	   displacement        8.334389e-03    8.221380e-07    6.868766e-09 
 4
 Nonlinear solution status: time= 1.08556
	stiffness updates             = 3
	right hand side evaluations   = 7
	stiffness matrix reformations = 1
	step from line search         = 0.526553
	convergence norms :     INITIAL         CURRENT         REQUIRED
	   residual            4.506789e+03    1.018986e-02    0.000000e+00 
	   energy              3.717522e-01    1.112843e-05    3.717522e-03 
	   displacement        8.334389e-03    2.301681e-05    7.153318e-09 
 5
 Nonlinear solution status: time= 1.08556
	stiffness updates             = 4
	right hand side evaluations   = 8
	stiffness matrix reformations = 1
	step from line search         = 1.000000
	convergence norms :     INITIAL         CURRENT         REQUIRED
	   residual            4.506789e+03    2.787273e-03    0.000000e+00 
	   energy              3.717522e-01    3.152800e-06    3.717522e-03 
	   displacement        8.334389e-03    2.106060e-06    7.229322e-09 
 6
 Nonlinear solution status: time= 1.08556
	stiffness updates             = 5
	right hand side evaluations   = 9
	stiffness matrix reformations = 1
	step from line search         = 1.000000
	convergence norms :     INITIAL         CURRENT         REQUIRED
	   residual            4.506789e+03    6.327166e-04    0.000000e+00 
	   energy              3.717522e-01    1.265524e-07    3.717522e-03 
	   displacement        8.334389e-03    4.199258e-07    7.197849e-09 
 7
 Nonlinear solution status: time= 1.08556
	stiffness updates             = 6
	right hand side evaluations   = 10
	stiffness matrix reformations = 1
	step from line search         = 1.000000
	convergence norms :     INITIAL         CURRENT         REQUIRED
	   residual            4.506789e+03    2.974994e-04    0.000000e+00 
	   energy              3.717522e-01    9.386593e-08    3.717522e-03 
	   displacement        8.334389e-03    7.350450e-08    7.192297e-09 
 8
 Nonlinear solution status: time= 1.08556
	stiffness updates             = 7
	right hand side evaluations   = 11
	stiffness matrix reformations = 1
	step from line search         = 1.000000
	convergence norms :     INITIAL         CURRENT         REQUIRED
	   residual            4.506789e+03    7.715951e-05    0.000000e+00 
	   energy              3.717522e-01    1.574045e-09    3.717522e-03 
	   displacement        8.334389e-03    1.492002e-08    7.199965e-09 
 9
 Nonlinear solution status: time= 1.08556
	stiffness updates             = 8
	right hand side evaluations   = 12
	stiffness matrix reformations = 1
	step from line search         = 1.000000
	convergence norms :     INITIAL         CURRENT         REQUIRED
	   residual            4.506789e+03    6.954352e-05    0.000000e+00 
	   energy              3.717522e-01    1.164086e-08    3.717522e-03 
	   displacement        8.334389e-03    8.714374e-09    7.204734e-09 
 10
 Nonlinear solution status: time= 1.08556
	stiffness updates             = 9
	right hand side evaluations   = 13
	stiffness matrix reformations = 1
	step from line search         = 1.000000
	convergence norms :     INITIAL         CURRENT         REQUIRED
	   residual            4.506789e+03    2.776655e-05    0.000000e+00 
	   energy              3.717522e-01    1.089108e-09    3.717522e-03 
	   displacement        8.334389e-03    2.095781e-09    7.203427e-09 

convergence summary
    number of iterations   : 10
    number of reformations : 1

------- converged at time : 1.08556


AUTO STEPPER: increasing time step, dt = 0.00273198


===== beginning time step 25 : 1.08829 =====


Reforming stiffness matrix: reformation #1

 1
 Nonlinear solution status: time= 1.08829
	stiffness updates             = 0
	right hand side evaluations   = 2
	stiffness matrix reformations = 1
	step from line search         = 1.000000
	convergence norms :     INITIAL         CURRENT         REQUIRED
	   residual            6.472451e+03    1.228200e-01    0.000000e+00 
	   energy              5.525347e-01    1.595485e-03    5.525347e-03 
	   displacement        1.266611e-02    1.266611e-02    1.266611e-08 
 2
 Nonlinear solution status: time= 1.08829
	stiffness updates             = 1
	right hand side evaluations   = 3
	stiffness matrix reformations = 1
	step from line search         = 1.000000
	convergence norms :     INITIAL         CURRENT         REQUIRED
	   residual            6.472451e+03    2.616102e-01    0.000000e+00 
	   energy              5.525347e-01    3.038608e-04    5.525347e-03 
	   displacement        1.266611e-02    3.282872e-04    1.040273e-08 
 3

 *************************************************************************
 *                                ERROR                                  *
 * Negative jacobian detected.                                           *
 *************************************************************************


------- failed to converge at time : 1.08829

Retrying time step. Retry attempt 1 of max 20


AUTO STEPPER: retry step, dt = 0.00260189


===== beginning time step 25 : 1.08816 =====


Reforming stiffness matrix: reformation #1

 1
 Nonlinear solution status: time= 1.08816
	stiffness updates             = 0
	right hand side evaluations   = 2
	stiffness matrix reformations = 1
	step from line search         = 1.000000
	convergence norms :     INITIAL         CURRENT         REQUIRED
	   residual            5.860298e+03    1.087283e-01    0.000000e+00 
	   energy              5.024632e-01    1.545646e-03    5.024632e-03 
	   displacement        1.146431e-02    1.146431e-02    1.146431e-08 
 2
 Nonlinear solution status: time= 1.08816
	stiffness updates             = 1
	right hand side evaluations   = 3
	stiffness matrix reformations = 1
	step from line search         = 1.000000
	convergence norms :     INITIAL         CURRENT         REQUIRED
	   residual            5.860298e+03    2.059445e-01    0.000000e+00 
	   energy              5.024632e-01    2.496509e-04    5.024632e-03 
	   displacement        1.146431e-02    2.846599e-04    9.432704e-09 
 3
 Nonlinear solution status: time= 1.08816
	stiffness updates             = 2
	right hand side evaluations   = 5
	stiffness matrix reformations = 1
	step from line search         = 0.233162
	convergence norms :     INITIAL         CURRENT         REQUIRED
	   residual            5.860298e+03    1.188315e-01    0.000000e+00 
	   energy              5.024632e-01    1.716482e-05    5.024632e-03 
	   displacement        1.146431e-02    2.684569e-06    9.444840e-09 
 4
 Nonlinear solution status: time= 1.08816
	stiffness updates             = 3
	right hand side evaluations   = 7
	stiffness matrix reformations = 1
	step from line search         = 0.466086
	convergence norms :     INITIAL         CURRENT         REQUIRED
	   residual            5.860298e+03    2.165304e-02    0.000000e+00 
	   energy              5.024632e-01    1.513669e-05    5.024632e-03 
	   displacement        1.146431e-02    3.869533e-05    9.835277e-09 
 5
 Nonlinear solution status: time= 1.08816
	stiffness updates             = 4
	right hand side evaluations   = 8
	stiffness matrix reformations = 1
	step from line search         = 1.000000
	convergence norms :     INITIAL         CURRENT         REQUIRED
	   residual            5.860298e+03    2.205090e-02    0.000000e+00 
	   energy              5.024632e-01    7.372796e-06    5.024632e-03 
	   displacement        1.146431e-02    3.983603e-06    9.986858e-09 
 6
 Nonlinear solution status: time= 1.08816
	stiffness updates             = 5
	right hand side evaluations   = 9
	stiffness matrix reformations = 1
	step from line search         = 1.000000
	convergence norms :     INITIAL         CURRENT         REQUIRED
	   residual            5.860298e+03    4.793859e-03    0.000000e+00 
	   energy              5.024632e-01    9.086164e-07    5.024632e-03 
	   displacement        1.146431e-02    7.908144e-07    9.938173e-09 
 7
 Nonlinear solution status: time= 1.08816
	stiffness updates             = 6
	right hand side evaluations   = 10
	stiffness matrix reformations = 1
	step from line search         = 1.000000
	convergence norms :     INITIAL         CURRENT         REQUIRED
	   residual            5.860298e+03    3.225945e-03    0.000000e+00 
	   energy              5.024632e-01    1.017793e-06    5.024632e-03 
	   displacement        1.146431e-02    5.819950e-07    9.902729e-09 
 8
 Nonlinear solution status: time= 1.08816
	stiffness updates             = 7
	right hand side evaluations   = 11
	stiffness matrix reformations = 1
	step from line search         = 1.000000
	convergence norms :     INITIAL         CURRENT         REQUIRED
	   residual            5.860298e+03    5.807291e-04    0.000000e+00 
	   energy              5.024632e-01    1.058327e-07    5.024632e-03 
	   displacement        1.146431e-02    1.152227e-07    9.925907e-09 
 9
 Nonlinear solution status: time= 1.08816
	stiffness updates             = 8
	right hand side evaluations   = 12
	stiffness matrix reformations = 1
	step from line search         = 1.000000
	convergence norms :     INITIAL         CURRENT         REQUIRED
	   residual            5.860298e+03    7.241598e-04    0.000000e+00 
	   energy              5.024632e-01    1.667175e-07    5.024632e-03 
	   displacement        1.146431e-02    5.980625e-08    9.943905e-09 
 10
 Nonlinear solution status: time= 1.08816
	stiffness updates             = 9
	right hand side evaluations   = 13
	stiffness matrix reformations = 1
	step from line search         = 1.000000
	convergence norms :     INITIAL         CURRENT         REQUIRED
	   residual            5.860298e+03    1.399875e-04    0.000000e+00 
	   energy              5.024632e-01    1.522331e-08    5.024632e-03 
	   displacement        1.146431e-02    2.325445e-08    9.938574e-09 

 *************************************************************************
 *                               WARNING                                 *
 * Max nr of iterations reached.                                         *
 * Stiffness matrix will now be reformed.                                *
 *************************************************************************
Reforming stiffness matrix: reformation #2

 11
 Nonlinear solution status: time= 1.08816
	stiffness updates             = 0
	right hand side evaluations   = 14
	stiffness matrix reformations = 2
	step from line search         = 1.000000
	convergence norms :     INITIAL         CURRENT         REQUIRED
	   residual            5.860298e+03    3.315143e-06    0.000000e+00 
	   energy              5.024632e-01    7.172521e-10    5.024632e-03 
	   displacement        1.146431e-02    1.484195e-08    9.937292e-09 
 12
 Nonlinear solution status: time= 1.08816
	stiffness updates             = 1
	right hand side evaluations   = 15
	stiffness matrix reformations = 2
	step from line search         = 1.000000
	convergence norms :     INITIAL         CURRENT         REQUIRED
	   residual            5.860298e+03    3.768596e-08    0.000000e+00 
	   energy              5.024632e-01    1.687754e-11    5.024632e-03 
	   displacement        1.146431e-02    2.124101e-10    9.937945e-09 

convergence summary
    number of iterations   : 12
    number of reformations : 2

------- converged at time : 1.08816


AUTO STEPPER: decreasing time step, dt = 0.00249112


===== beginning time step 26 : 1.09065 =====


Reforming stiffness matrix: reformation #1

 1
 Nonlinear solution status: time= 1.09065
	stiffness updates             = 0
	right hand side evaluations   = 2
	stiffness matrix reformations = 1
	step from line search         = 1.000000
	convergence norms :     INITIAL         CURRENT         REQUIRED
	   residual            4.205722e+03    1.171851e-01    0.000000e+00 
	   energy              3.893073e-01    1.606648e-03    3.893073e-03 
	   displacement        1.137493e-02    1.137493e-02    1.137493e-08 
 2
 Nonlinear solution status: time= 1.09065
	stiffness updates             = 1
	right hand side evaluations   = 3
	stiffness matrix reformations = 1
	step from line search         = 1.000000
	convergence norms :     INITIAL         CURRENT         REQUIRED
	   residual            4.205722e+03    2.251470e-01    0.000000e+00 
	   energy              3.893073e-01    2.533728e-04    3.893073e-03 
	   displacement        1.137493e-02    2.704540e-04    9.380951e-09 
 3

 *************************************************************************
 *                                ERROR                                  *
 * Negative jacobian detected.                                           *
 *************************************************************************


------- failed to converge at time : 1.09065

Retrying time step. Retry attempt 1 of max 20


AUTO STEPPER: retry step, dt = 0.00237249


===== beginning time step 26 : 1.09053 =====


Reforming stiffness matrix: reformation #1

 1
 Nonlinear solution status: time= 1.09053
	stiffness updates             = 0
	right hand side evaluations   = 2
	stiffness matrix reformations = 1
	step from line search         = 1.000000
	convergence norms :     INITIAL         CURRENT         REQUIRED
	   residual            4.205787e+03    1.041086e-01    0.000000e+00 
	   energy              3.891214e-01    1.598413e-03    3.891214e-03 
	   displacement        1.044885e-02    1.044885e-02    1.044885e-08 
 2
 Nonlinear solution status: time= 1.09053
	stiffness updates             = 1
	right hand side evaluations   = 3
	stiffness matrix reformations = 1
	step from line search         = 1.000000
	convergence norms :     INITIAL         CURRENT         REQUIRED
	   residual            4.205787e+03    1.677473e-01    0.000000e+00 
	   energy              3.891214e-01    2.051431e-04    3.891214e-03 
	   displacement        1.044885e-02    2.428077e-04    8.637737e-09 
 3
 Nonlinear solution status: time= 1.09053
	stiffness updates             = 2
	right hand side evaluations   = 5
	stiffness matrix reformations = 1
	step from line search         = 0.307588
	convergence norms :     INITIAL         CURRENT         REQUIRED
	   residual            4.205787e+03    8.503156e-02    0.000000e+00 
	   energy              3.891214e-01    1.654272e-05    3.891214e-03 
	   displacement        1.044885e-02    3.310327e-06    8.672281e-09 
 4
 Nonlinear solution status: time= 1.09053
	stiffness updates             = 3
	right hand side evaluations   = 7
	stiffness matrix reformations = 1
	step from line search         = 0.509770
	convergence norms :     INITIAL         CURRENT         REQUIRED
	   residual            4.205787e+03    1.252129e-02    0.000000e+00 
	   energy              3.891214e-01    9.776776e-06    3.891214e-03 
	   displacement        1.044885e-02    2.236271e-05    9.000742e-09 
 5
 Nonlinear solution status: time= 1.09053
	stiffness updates             = 4
	right hand side evaluations   = 8
	stiffness matrix reformations = 1
	step from line search         = 1.000000
	convergence norms :     INITIAL         CURRENT         REQUIRED
	   residual            4.205787e+03    4.104668e-03    0.000000e+00 
	   energy              3.891214e-01    3.576534e-06    3.891214e-03 
	   displacement        1.044885e-02    1.821594e-06    9.083463e-09 
 6
 Nonlinear solution status: time= 1.09053
	stiffness updates             = 5
	right hand side evaluations   = 9
	stiffness matrix reformations = 1
	step from line search         = 1.000000
	convergence norms :     INITIAL         CURRENT         REQUIRED
	   residual            4.205787e+03    7.798937e-04    0.000000e+00 
	   energy              3.891214e-01    1.868211e-07    3.891214e-03 
	   displacement        1.044885e-02    4.479401e-07    9.048912e-09 
 7
 Nonlinear solution status: time= 1.09053
	stiffness updates             = 6
	right hand side evaluations   = 10
	stiffness matrix reformations = 1
	step from line search         = 1.000000
	convergence norms :     INITIAL         CURRENT         REQUIRED
	   residual            4.205787e+03    5.309609e-04    0.000000e+00 
	   energy              3.891214e-01    1.632281e-07    3.891214e-03 
	   displacement        1.044885e-02    1.009500e-07    9.039993e-09 
 8
 Nonlinear solution status: time= 1.09053
	stiffness updates             = 7
	right hand side evaluations   = 11
	stiffness matrix reformations = 1
	step from line search         = 1.000000
	convergence norms :     INITIAL         CURRENT         REQUIRED
	   residual            4.205787e+03    1.055838e-04    0.000000e+00 
	   energy              3.891214e-01    5.312863e-09    3.891214e-03 
	   displacement        1.044885e-02    1.884306e-08    9.049179e-09 
 9
 Nonlinear solution status: time= 1.09053
	stiffness updates             = 8
	right hand side evaluations   = 12
	stiffness matrix reformations = 1
	step from line search         = 1.000000
	convergence norms :     INITIAL         CURRENT         REQUIRED
	   residual            4.205787e+03    1.233134e-04    0.000000e+00 
	   energy              3.891214e-01    2.531522e-08    3.891214e-03 
	   displacement        1.044885e-02    1.058267e-08    9.054900e-09 
 10
 Nonlinear solution status: time= 1.09053
	stiffness updates             = 9
	right hand side evaluations   = 13
	stiffness matrix reformations = 1
	step from line search         = 1.000000
	convergence norms :     INITIAL         CURRENT         REQUIRED
	   residual            4.205787e+03    2.147228e-05    0.000000e+00 
	   energy              3.891214e-01    2.971090e-09    3.891214e-03 
	   displacement        1.044885e-02    2.948980e-09    9.053137e-09 

convergence summary
    number of iterations   : 10
    number of reformations : 1

------- converged at time : 1.09053


AUTO STEPPER: increasing time step, dt = 0.00274478


===== beginning time step 27 : 1.09328 =====


Reforming stiffness matrix: reformation #1

 1
 Nonlinear solution status: time= 1.09328
	stiffness updates             = 0
	right hand side evaluations   = 2
	stiffness matrix reformations = 1
	step from line search         = 1.000000
	convergence norms :     INITIAL         CURRENT         REQUIRED
	   residual            1.877107e-01    9.847823e-01    0.000000e+00 
	   energy              2.859860e-02    1.770253e-03    2.859860e-04 
	   displacement        1.185094e-02    1.185094e-02    1.185094e-08 
 2

 *************************************************************************
 *                                ERROR                                  *
 * Negative jacobian detected.                                           *
 *************************************************************************


------- failed to converge at time : 1.09328

Retrying time step. Retry attempt 1 of max 20


AUTO STEPPER: retry step, dt = 0.00261408


===== beginning time step 27 : 1.09315 =====


Reforming stiffness matrix: reformation #1

 1
 Nonlinear solution status: time= 1.09315
	stiffness updates             = 0
	right hand side evaluations   = 2
	stiffness matrix reformations = 1
	step from line search         = 1.000000
	convergence norms :     INITIAL         CURRENT         REQUIRED
	   residual            2.049549e-01    9.143461e-01    0.000000e+00 
	   energy              2.860172e-02    1.733336e-03    2.860172e-04 
	   displacement        1.085979e-02    1.085979e-02    1.085979e-08 
 2

 *************************************************************************
 *                                ERROR                                  *
 * Negative jacobian detected.                                           *
 *************************************************************************


------- failed to converge at time : 1.09315

Retrying time step. Retry attempt 2 of max 20


AUTO STEPPER: retry step, dt = 0.00248338


===== beginning time step 27 : 1.09302 =====


Reforming stiffness matrix: reformation #1

 1
 Nonlinear solution status: time= 1.09302
	stiffness updates             = 0
	right hand side evaluations   = 2
	stiffness matrix reformations = 1
	step from line search         = 1.000000
	convergence norms :     INITIAL         CURRENT         REQUIRED
	   residual            2.248955e-01    8.453377e-01    0.000000e+00 
	   energy              2.860249e-02    1.698432e-03    2.860249e-04 
	   displacement        9.902073e-03    9.902073e-03    9.902073e-09 
 2

 *************************************************************************
 *                                ERROR                                  *
 * Negative jacobian detected.                                           *
 *************************************************************************


------- failed to converge at time : 1.09302

Retrying time step. Retry attempt 3 of max 20


AUTO STEPPER: retry step, dt = 0.00235267


===== beginning time step 27 : 1.09289 =====


Reforming stiffness matrix: reformation #1

 1
 Nonlinear solution status: time= 1.09289
	stiffness updates             = 0
	right hand side evaluations   = 2
	stiffness matrix reformations = 1
	step from line search         = 1.000000
	convergence norms :     INITIAL         CURRENT         REQUIRED
	   residual            2.481369e-01    7.779602e-01    0.000000e+00 
	   energy              2.860081e-02    1.665637e-03    2.860081e-04 
	   displacement        8.979026e-03    8.979026e-03    8.979026e-09 
 2

 *************************************************************************
 *                                ERROR                                  *
 * Negative jacobian detected.                                           *
 *************************************************************************


------- failed to converge at time : 1.09289

Retrying time step. Retry attempt 4 of max 20


AUTO STEPPER: retry step, dt = 0.00222197


===== beginning time step 27 : 1.09276 =====


Reforming stiffness matrix: reformation #1

 1
 Nonlinear solution status: time= 1.09276
	stiffness updates             = 0
	right hand side evaluations   = 2
	stiffness matrix reformations = 1
	step from line search         = 1.000000
	convergence norms :     INITIAL         CURRENT         REQUIRED
	   residual            2.754642e-01    7.124442e-01    0.000000e+00 
	   energy              2.859658e-02    1.635079e-03    2.859658e-04 
	   displacement        8.091921e-03    8.091921e-03    8.091921e-09 
 2

 *************************************************************************
 *                                ERROR                                  *
 * Negative jacobian detected.                                           *
 *************************************************************************


------- failed to converge at time : 1.09276

Retrying time step. Retry attempt 5 of max 20


AUTO STEPPER: retry step, dt = 0.00209126


===== beginning time step 27 : 1.09263 =====


Reforming stiffness matrix: reformation #1

 1
 Nonlinear solution status: time= 1.09263
	stiffness updates             = 0
	right hand side evaluations   = 2
	stiffness matrix reformations = 1
	step from line search         = 1.000000
	convergence norms :     INITIAL         CURRENT         REQUIRED
	   residual            3.079131e-01    6.490523e-01    0.000000e+00 
	   energy              2.858969e-02    1.606937e-03    2.858969e-04 
	   displacement        7.242079e-03    7.242079e-03    7.242079e-09 
 2

 *************************************************************************
 *                                ERROR                                  *
 * Negative jacobian detected.                                           *
 *************************************************************************


------- failed to converge at time : 1.09263

Retrying time step. Retry attempt 6 of max 20


AUTO STEPPER: retry step, dt = 0.00196056


===== beginning time step 27 : 1.0925 =====


Reforming stiffness matrix: reformation #1

 1
 Nonlinear solution status: time= 1.0925
	stiffness updates             = 0
	right hand side evaluations   = 2
	stiffness matrix reformations = 1
	step from line search         = 1.000000
	convergence norms :     INITIAL         CURRENT         REQUIRED
	   residual            3.468717e-01    5.880857e-01    0.000000e+00 
	   energy              2.858006e-02    1.581450e-03    2.858006e-04 
	   displacement        6.430868e-03    6.430868e-03    6.430868e-09 
 2

 *************************************************************************
 *                                ERROR                                  *
 * Negative jacobian detected.                                           *
 *************************************************************************


------- failed to converge at time : 1.0925

Retrying time step. Retry attempt 7 of max 20


AUTO STEPPER: retry step, dt = 0.00182986


===== beginning time step 27 : 1.09236 =====


Reforming stiffness matrix: reformation #1

 1
 Nonlinear solution status: time= 1.09236
	stiffness updates             = 0
	right hand side evaluations   = 2
	stiffness matrix reformations = 1
	step from line search         = 1.000000
	convergence norms :     INITIAL         CURRENT         REQUIRED
	   residual            3.942363e-01    5.298935e-01    0.000000e+00 
	   energy              2.856763e-02    1.558939e-03    2.856763e-04 
	   displacement        5.659716e-03    5.659716e-03    5.659716e-09 
 2

 *************************************************************************
 *                                ERROR                                  *
 * Negative jacobian detected.                                           *
 *************************************************************************


------- failed to converge at time : 1.09236

Retrying time step. Retry attempt 8 of max 20


AUTO STEPPER: retry step, dt = 0.00169915


===== beginning time step 27 : 1.09223 =====


Reforming stiffness matrix: reformation #1

 1
 Nonlinear solution status: time= 1.09223
	stiffness updates             = 0
	right hand side evaluations   = 2
	stiffness matrix reformations = 1
	step from line search         = 1.000000
	convergence norms :     INITIAL         CURRENT         REQUIRED
	   residual            4.526527e-01    4.748877e-01    0.000000e+00 
	   energy              2.855239e-02    1.539835e-03    2.855239e-04 
	   displacement        4.930111e-03    4.930111e-03    4.930111e-09 
 2
 Nonlinear solution status: time= 1.09223
	stiffness updates             = 1
	right hand side evaluations   = 4
	stiffness matrix reformations = 1
	step from line search         = 0.310804
	convergence norms :     INITIAL         CURRENT         REQUIRED
	   residual            4.526527e-01    2.058784e-01    0.000000e+00 
	   energy              2.855239e-02    3.984239e-05    2.855239e-04 
	   displacement        4.930111e-03    1.277668e-05    4.668644e-09 
 3
 Nonlinear solution status: time= 1.09223
	stiffness updates             = 2
	right hand side evaluations   = 6
	stiffness matrix reformations = 1
	step from line search         = 0.425343
	convergence norms :     INITIAL         CURRENT         REQUIRED
	   residual            4.526527e-01    1.556373e-01    0.000000e+00 
	   energy              2.855239e-02    2.003253e-05    2.855239e-04 
	   displacement        4.930111e-03    3.271390e-05    4.234906e-09 
 4
 Nonlinear solution status: time= 1.09223
	stiffness updates             = 3
	right hand side evaluations   = 8
	stiffness matrix reformations = 1
	step from line search         = 0.440867
	convergence norms :     INITIAL         CURRENT         REQUIRED
	   residual            4.526527e-01    1.827779e-01    0.000000e+00 
	   energy              2.855239e-02    1.045153e-05    2.855239e-04 
	   displacement        4.930111e-03    6.686767e-07    4.196807e-09 
 5
 Nonlinear solution status: time= 1.09223
	stiffness updates             = 4
	right hand side evaluations   = 10
	stiffness matrix reformations = 1
	step from line search         = 0.548737
	convergence norms :     INITIAL         CURRENT         REQUIRED
	   residual            4.526527e-01    1.918967e-01    0.000000e+00 
	   energy              2.855239e-02    9.058971e-06    2.855239e-04 
	   displacement        4.930111e-03    8.672958e-07    4.180963e-09 
 6
 Nonlinear solution status: time= 1.09223
	stiffness updates             = 5
	right hand side evaluations   = 12
	stiffness matrix reformations = 1
	step from line search         = 0.596820
	convergence norms :     INITIAL         CURRENT         REQUIRED
	   residual            4.526527e-01    6.104884e-02    0.000000e+00 
	   energy              2.855239e-02    2.975395e-06    2.855239e-04 
	   displacement        4.930111e-03    3.225750e-07    4.199573e-09 
 7
 Nonlinear solution status: time= 1.09223
	stiffness updates             = 6
	right hand side evaluations   = 14
	stiffness matrix reformations = 1
	step from line search         = 0.527444
	convergence norms :     INITIAL         CURRENT         REQUIRED
	   residual            4.526527e-01    3.173320e-02    0.000000e+00 
	   energy              2.855239e-02    1.628388e-06    2.855239e-04 
	   displacement        4.930111e-03    1.842041e-07    4.219395e-09 
 8
 Nonlinear solution status: time= 1.09223
	stiffness updates             = 7
	right hand side evaluations   = 16
	stiffness matrix reformations = 1
	step from line search         = 0.485074
	convergence norms :     INITIAL         CURRENT         REQUIRED
	   residual            4.526527e-01    1.428948e-02    0.000000e+00 
	   energy              2.855239e-02    9.710555e-07    2.855239e-04 
	   displacement        4.930111e-03    8.448457e-08    4.225301e-09 
 9
 Nonlinear solution status: time= 1.09223
	stiffness updates             = 8
	right hand side evaluations   = 18
	stiffness matrix reformations = 1
	step from line search         = 0.551760
	convergence norms :     INITIAL         CURRENT         REQUIRED
	   residual            4.526527e-01    9.485814e-03    0.000000e+00 
	   energy              2.855239e-02    3.349860e-07    2.855239e-04 
	   displacement        4.930111e-03    3.367929e-08    4.223000e-09 
 10
 Nonlinear solution status: time= 1.09223
	stiffness updates             = 9
	right hand side evaluations   = 20
	stiffness matrix reformations = 1
	step from line search         = 0.509683
	convergence norms :     INITIAL         CURRENT         REQUIRED
	   residual            4.526527e-01    3.974254e-03    0.000000e+00 
	   energy              2.855239e-02    2.662975e-07    2.855239e-04 
	   displacement        4.930111e-03    2.752665e-08    4.218337e-09 

 *************************************************************************
 *                               WARNING                                 *
 * Max nr of iterations reached.                                         *
 * Stiffness matrix will now be reformed.                                *
 *************************************************************************
Reforming stiffness matrix: reformation #2

 11
 Nonlinear solution status: time= 1.09223
	stiffness updates             = 0
	right hand side evaluations   = 21
	stiffness matrix reformations = 2
	step from line search         = 1.000000
	convergence norms :     INITIAL         CURRENT         REQUIRED
	   residual            4.526527e-01    3.553446e-05    0.000000e+00 
	   energy              2.855239e-02    7.549470e-09    2.855239e-04 
	   displacement        4.930111e-03    2.839089e-08    4.220838e-09 
 12
 Nonlinear solution status: time= 1.09223
	stiffness updates             = 1
	right hand side evaluations   = 22
	stiffness matrix reformations = 2
	step from line search         = 1.000000
	convergence norms :     INITIAL         CURRENT         REQUIRED
	   residual            4.526527e-01    5.982221e-07    0.000000e+00 
	   energy              2.855239e-02    5.186182e-10    2.855239e-04 
	   displacement        4.930111e-03    5.608176e-10    4.219727e-09 

convergence summary
    number of iterations   : 12
    number of reformations : 2

------- converged at time : 1.09223


AUTO STEPPER: decreasing time step, dt = 0.00162681


===== beginning time step 28 : 1.09386 =====


Reforming stiffness matrix: reformation #1

 1
 Nonlinear solution status: time= 1.09386
	stiffness updates             = 0
	right hand side evaluations   = 2
	stiffness matrix reformations = 1
	step from line search         = 1.000000
	convergence norms :     INITIAL         CURRENT         REQUIRED
	   residual            4.695639e-01    1.146243e-01    0.000000e+00 
	   energy              2.683172e-02    1.435360e-03    2.683172e-04 
	   displacement        4.228655e-03    4.228655e-03    4.228655e-09 
 2
 Nonlinear solution status: time= 1.09386
	stiffness updates             = 1
	right hand side evaluations   = 3
	stiffness matrix reformations = 1
	step from line search         = 1.000000
	convergence norms :     INITIAL         CURRENT         REQUIRED
	   residual            4.695639e-01    9.751456e-02    0.000000e+00 
	   energy              2.683172e-02    8.620755e-05    2.683172e-04 
	   displacement        4.228655e-03    1.041142e-04    3.537252e-09 
 3
 Nonlinear solution status: time= 1.09386
	stiffness updates             = 2
	right hand side evaluations   = 4
	stiffness matrix reformations = 1
	step from line search         = 1.000000
	convergence norms :     INITIAL         CURRENT         REQUIRED
	   residual            4.695639e-01    3.402804e-02    0.000000e+00 
	   energy              2.683172e-02    6.815547e-06    2.683172e-04 
	   displacement        4.228655e-03    4.440868e-06    3.568625e-09 
 4
 Nonlinear solution status: time= 1.09386
	stiffness updates             = 3
	right hand side evaluations   = 5
	stiffness matrix reformations = 1
	step from line search         = 1.000000
	convergence norms :     INITIAL         CURRENT         REQUIRED
	   residual            4.695639e-01    2.233575e-02    0.000000e+00 
	   energy              2.683172e-02    4.864443e-06    2.683172e-04 
	   displacement        4.228655e-03    1.079179e-06    3.613488e-09 
 5
 Nonlinear solution status: time= 1.09386
	stiffness updates             = 4
	right hand side evaluations   = 6
	stiffness matrix reformations = 1
	step from line search         = 1.000000
	convergence norms :     INITIAL         CURRENT         REQUIRED
	   residual            4.695639e-01    1.916525e-03    0.000000e+00 
	   energy              2.683172e-02    4.149997e-07    2.683172e-04 
	   displacement        4.228655e-03    2.516354e-07    3.602419e-09 
 6
 Nonlinear solution status: time= 1.09386
	stiffness updates             = 5
	right hand side evaluations   = 7
	stiffness matrix reformations = 1
	step from line search         = 1.000000
	convergence norms :     INITIAL         CURRENT         REQUIRED
	   residual            4.695639e-01    1.185241e-03    0.000000e+00 
	   energy              2.683172e-02    3.036840e-07    2.683172e-04 
	   displacement        4.228655e-03    5.280011e-08    3.595829e-09 
 7
 Nonlinear solution status: time= 1.09386
	stiffness updates             = 6
	right hand side evaluations   = 8
	stiffness matrix reformations = 1
	step from line search         = 1.000000
	convergence norms :     INITIAL         CURRENT         REQUIRED
	   residual            4.695639e-01    1.069443e-04    0.000000e+00 
	   energy              2.683172e-02    2.586757e-08    2.683172e-04 
	   displacement        4.228655e-03    1.310632e-08    3.598843e-09 
 8
 Nonlinear solution status: time= 1.09386
	stiffness updates             = 7
	right hand side evaluations   = 10
	stiffness matrix reformations = 1
	step from line search         = 0.625023
	convergence norms :     INITIAL         CURRENT         REQUIRED
	   residual            4.695639e-01    2.949771e-05    0.000000e+00 
	   energy              2.683172e-02    3.819712e-09    2.683172e-04 
	   displacement        4.228655e-03    1.446928e-09    3.599866e-09 

convergence summary
    number of iterations   : 8
    number of reformations : 1

------- converged at time : 1.09386


AUTO STEPPER: increasing time step, dt = 0.00307206


===== beginning time step 29 : 1.09693 =====


Reforming stiffness matrix: reformation #1

 1
 Nonlinear solution status: time= 1.09693
	stiffness updates             = 0
	right hand side evaluations   = 2
	stiffness matrix reformations = 1
	step from line search         = 1.000000
	convergence norms :     INITIAL         CURRENT         REQUIRED
	   residual            1.404042e-01    2.650271e-01    0.000000e+00 
	   energy              2.575319e-02    1.677249e-03    2.575319e-04 
	   displacement        1.324836e-02    1.324836e-02    1.324836e-08 
 2
 Nonlinear solution status: time= 1.09693
	stiffness updates             = 1
	right hand side evaluations   = 3
	stiffness matrix reformations = 1
	step from line search         = 1.000000
	convergence norms :     INITIAL         CURRENT         REQUIRED
	   residual            1.404042e-01    3.891801e-01    0.000000e+00 
	   energy              2.575319e-02    2.176676e-04    2.575319e-04 
	   displacement        1.324836e-02    2.864509e-04    1.094351e-08 
 3
 Nonlinear solution status: time= 1.09693
	stiffness updates             = 2
	right hand side evaluations   = 4
	stiffness matrix reformations = 1
	step from line search         = 1.000000
	convergence norms :     INITIAL         CURRENT         REQUIRED
	   residual            1.404042e-01    2.149303e-01    0.000000e+00 
	   energy              2.575319e-02    6.445345e-05    2.575319e-04 
	   displacement        1.324836e-02    3.922320e-05    1.066802e-08 
 4
 Nonlinear solution status: time= 1.09693
	stiffness updates             = 3
	right hand side evaluations   = 6
	stiffness matrix reformations = 1
	step from line search         = 0.617148
	convergence norms :     INITIAL         CURRENT         REQUIRED
	   residual            1.404042e-01    7.950169e-02    0.000000e+00 
	   energy              2.575319e-02    1.105864e-05    2.575319e-04 
	   displacement        1.324836e-02    1.149585e-05    1.101114e-08 
 5
 Nonlinear solution status: time= 1.09693
	stiffness updates             = 4
	right hand side evaluations   = 8
	stiffness matrix reformations = 1
	step from line search         = 0.572256
	convergence norms :     INITIAL         CURRENT         REQUIRED
	   residual            1.404042e-01    2.009101e-02    0.000000e+00 
	   energy              2.575319e-02    4.632193e-06    2.575319e-04 
	   displacement        1.324836e-02    3.925569e-06    1.122473e-08 
 6
 Nonlinear solution status: time= 1.09693
	stiffness updates             = 5
	right hand side evaluations   = 10
	stiffness matrix reformations = 1
	step from line search         = 0.597732
	convergence norms :     INITIAL         CURRENT         REQUIRED
	   residual            1.404042e-01    8.084637e-03    0.000000e+00 
	   energy              2.575319e-02    1.172642e-06    2.575319e-04 
	   displacement        1.324836e-02    7.683628e-07    1.121957e-08 
 7
 Nonlinear solution status: time= 1.09693
	stiffness updates             = 6
	right hand side evaluations   = 12
	stiffness matrix reformations = 1
	step from line search         = 0.579481
	convergence norms :     INITIAL         CURRENT         REQUIRED
	   residual            1.404042e-01    3.064892e-03    0.000000e+00 
	   energy              2.575319e-02    5.304298e-07    2.575319e-04 
	   displacement        1.324836e-02    4.308513e-07    1.116873e-08 
 8
 Nonlinear solution status: time= 1.09693
	stiffness updates             = 7
	right hand side evaluations   = 14
	stiffness matrix reformations = 1
	step from line search         = 0.613433
	convergence norms :     INITIAL         CURRENT         REQUIRED
	   residual            1.404042e-01    8.569520e-04    0.000000e+00 
	   energy              2.575319e-02    1.555299e-07    2.575319e-04 
	   displacement        1.324836e-02    1.396357e-07    1.114487e-08 
 9
 Nonlinear solution status: time= 1.09693
	stiffness updates             = 8
	right hand side evaluations   = 16
	stiffness matrix reformations = 1
	step from line search         = 0.591185
	convergence norms :     INITIAL         CURRENT         REQUIRED
	   residual            1.404042e-01    4.174368e-04    0.000000e+00 
	   energy              2.575319e-02    6.169168e-08    2.575319e-04 
	   displacement        1.324836e-02    3.815031e-08    1.115015e-08 
 10
 Nonlinear solution status: time= 1.09693
	stiffness updates             = 9
	right hand side evaluations   = 18
	stiffness matrix reformations = 1
	step from line search         = 0.615551
	convergence norms :     INITIAL         CURRENT         REQUIRED
	   residual            1.404042e-01    1.965677e-04    0.000000e+00 
	   energy              2.575319e-02    2.347207e-08    2.575319e-04 
	   displacement        1.324836e-02    2.017853e-08    1.116217e-08 

 *************************************************************************
 *                               WARNING                                 *
 * Max nr of iterations reached.                                         *
 * Stiffness matrix will now be reformed.                                *
 *************************************************************************
Reforming stiffness matrix: reformation #2

 11
 Nonlinear solution status: time= 1.09693
	stiffness updates             = 0
	right hand side evaluations   = 19
	stiffness matrix reformations = 2
	step from line search         = 1.000000
	convergence norms :     INITIAL         CURRENT         REQUIRED
	   residual            1.404042e-01    4.044924e-08    0.000000e+00 
	   energy              2.575319e-02    1.017384e-09    2.575319e-04 
	   displacement        1.324836e-02    1.512243e-08    1.116348e-08 
 12
 Nonlinear solution status: time= 1.09693
	stiffness updates             = 1
	right hand side evaluations   = 20
	stiffness matrix reformations = 2
	step from line search         = 1.000000
	convergence norms :     INITIAL         CURRENT         REQUIRED
	   residual            1.404042e-01    1.852389e-09    0.000000e+00 
	   energy              2.575319e-02    2.307693e-11    2.575319e-04 
	   displacement        1.324836e-02    1.793422e-10    1.116376e-08 

convergence summary
    number of iterations   : 12
    number of reformations : 2

------- converged at time : 1.09693


AUTO STEPPER: decreasing time step, dt = 0.00294127


===== beginning time step 30 : 1.09987 =====


Reforming stiffness matrix: reformation #1

 1
 Nonlinear solution status: time= 1.09987
	stiffness updates             = 0
	right hand side evaluations   = 2
	stiffness matrix reformations = 1
	step from line search         = 1.000000
	convergence norms :     INITIAL         CURRENT         REQUIRED
	   residual            1.366274e-01    1.880814e-01    0.000000e+00 
	   energy              2.271156e-02    1.476240e-03    2.271156e-04 
	   displacement        1.086568e-02    1.086568e-02    1.086568e-08 
 2
 Nonlinear solution status: time= 1.09987
	stiffness updates             = 1
	right hand side evaluations   = 3
	stiffness matrix reformations = 1
	step from line search         = 1.000000
	convergence norms :     INITIAL         CURRENT         REQUIRED
	   residual            1.366274e-01    2.216889e-01    0.000000e+00 
	   energy              2.271156e-02    1.374223e-04    2.271156e-04 
	   displacement        1.086568e-02    2.311004e-04    8.909760e-09 
 3
 Nonlinear solution status: time= 1.09987
	stiffness updates             = 2
	right hand side evaluations   = 4
	stiffness matrix reformations = 1
	step from line search         = 1.000000
	convergence norms :     INITIAL         CURRENT         REQUIRED
	   residual            1.366274e-01    1.398794e-01    0.000000e+00 
	   energy              2.271156e-02    5.491764e-05    2.271156e-04 
	   displacement        1.086568e-02    2.430496e-05    8.757788e-09 
 4
 Nonlinear solution status: time= 1.09987
	stiffness updates             = 3
	right hand side evaluations   = 5
	stiffness matrix reformations = 1
	step from line search         = 1.000000
	convergence norms :     INITIAL         CURRENT         REQUIRED
	   residual            1.366274e-01    9.646962e-02    0.000000e+00 
	   energy              2.271156e-02    3.505357e-05    2.271156e-04 
	   displacement        1.086568e-02    1.731168e-05    9.131692e-09 
 5
 Nonlinear solution status: time= 1.09987
	stiffness updates             = 4
	right hand side evaluations   = 6
	stiffness matrix reformations = 1
	step from line search         = 1.000000
	convergence norms :     INITIAL         CURRENT         REQUIRED
	   residual            1.366274e-01    6.322632e-02    0.000000e+00 
	   energy              2.271156e-02    2.331575e-05    2.271156e-04 
	   displacement        1.086568e-02    6.445669e-06    9.211184e-09 
 6
 Nonlinear solution status: time= 1.09987
	stiffness updates             = 5
	right hand side evaluations   = 7
	stiffness matrix reformations = 1
	step from line search         = 1.000000
	convergence norms :     INITIAL         CURRENT         REQUIRED
	   residual            1.366274e-01    3.392848e-02    0.000000e+00 
	   energy              2.271156e-02    1.290700e-05    2.271156e-04 
	   displacement        1.086568e-02    5.494162e-06    9.035019e-09 
 7
 Nonlinear solution status: time= 1.09987
	stiffness updates             = 6
	right hand side evaluations   = 8
	stiffness matrix reformations = 1
	step from line search         = 1.000000
	convergence norms :     INITIAL         CURRENT         REQUIRED
	   residual            1.366274e-01    2.613301e-02    0.000000e+00 
	   energy              2.271156e-02    8.727345e-06    2.271156e-04 
	   displacement        1.086568e-02    2.338998e-06    9.015089e-09 
 8
 Nonlinear solution status: time= 1.09987
	stiffness updates             = 7
	right hand side evaluations   = 9
	stiffness matrix reformations = 1
	step from line search         = 1.000000
	convergence norms :     INITIAL         CURRENT         REQUIRED
	   residual            1.366274e-01    1.033229e-02    0.000000e+00 
	   energy              2.271156e-02    4.295397e-06    2.271156e-04 
	   displacement        1.086568e-02    1.666444e-06    9.110011e-09 
 9
 Nonlinear solution status: time= 1.09987
	stiffness updates             = 8
	right hand side evaluations   = 10
	stiffness matrix reformations = 1
	step from line search         = 1.000000
	convergence norms :     INITIAL         CURRENT         REQUIRED
	   residual            1.366274e-01    8.870373e-03    0.000000e+00 
	   energy              2.271156e-02    2.870030e-06    2.271156e-04 
	   displacement        1.086568e-02    7.225498e-07    9.115266e-09 
 10
 Nonlinear solution status: time= 1.09987
	stiffness updates             = 9
	right hand side evaluations   = 11
	stiffness matrix reformations = 1
	step from line search         = 1.000000
	convergence norms :     INITIAL         CURRENT         REQUIRED
	   residual            1.366274e-01    3.756674e-03    0.000000e+00 
	   energy              2.271156e-02    1.390547e-06    2.271156e-04 
	   displacement        1.086568e-02    4.260465e-07    9.071536e-09 

 *************************************************************************
 *                               WARNING                                 *
 * Max nr of iterations reached.                                         *
 * Stiffness matrix will now be reformed.                                *
 *************************************************************************
Reforming stiffness matrix: reformation #2

 11
 Nonlinear solution status: time= 1.09987
	stiffness updates             = 0
	right hand side evaluations   = 12
	stiffness matrix reformations = 2
	step from line search         = 1.000000
	convergence norms :     INITIAL         CURRENT         REQUIRED
	   residual            1.366274e-01    1.827572e-06    0.000000e+00 
	   energy              2.271156e-02    3.694966e-08    2.271156e-04 
	   displacement        1.086568e-02    1.657024e-07    9.094287e-09 
 12
 Nonlinear solution status: time= 1.09987
	stiffness updates             = 1
	right hand side evaluations   = 13
	stiffness matrix reformations = 2
	step from line search         = 1.000000
	convergence norms :     INITIAL         CURRENT         REQUIRED
	   residual            1.366274e-01    1.133506e-07    0.000000e+00 
	   energy              2.271156e-02    9.811100e-10    2.271156e-04 
	   displacement        1.086568e-02    6.022865e-09    9.087793e-09 

convergence summary
    number of iterations   : 12
    number of reformations : 2

------- converged at time : 1.09987


AUTO STEPPER: decreasing time step, dt = 0.00281605

MUST POINT CONTROLLER: adjusting time step. dt = 0.000126189


===== beginning time step 31 : 1.1 =====


Reforming stiffness matrix: reformation #1

 1
 Nonlinear solution status: time= 1.1
	stiffness updates             = 0
	right hand side evaluations   = 2
	stiffness matrix reformations = 1
	step from line search         = 1.000000
	convergence norms :     INITIAL         CURRENT         REQUIRED
	   residual            5.728371e+01    3.944478e+00    0.000000e+00 
	   energy              2.147195e-02    3.873836e-03    2.147195e-04 
	   displacement        2.935141e-05    2.935141e-05    2.935141e-11 
 2
 Nonlinear solution status: time= 1.1
	stiffness updates             = 1
	right hand side evaluations   = 3
	stiffness matrix reformations = 1
	step from line search         = 1.000000
	convergence norms :     INITIAL         CURRENT         REQUIRED
	   residual            5.728371e+01    8.395941e-01    0.000000e+00 
	   energy              2.147195e-02    1.461847e-04    2.147195e-04 
	   displacement        2.935141e-05    8.537432e-06    1.914482e-11 
 3
 Nonlinear solution status: time= 1.1
	stiffness updates             = 2
	right hand side evaluations   = 4
	stiffness matrix reformations = 1
	step from line search         = 1.000000
	convergence norms :     INITIAL         CURRENT         REQUIRED
	   residual            5.728371e+01    6.116900e-02    0.000000e+00 
	   energy              2.147195e-02    5.938956e-05    2.147195e-04 
	   displacement        2.935141e-05    5.904305e-07    1.595790e-11 
 4
 Nonlinear solution status: time= 1.1
	stiffness updates             = 3
	right hand side evaluations   = 5
	stiffness matrix reformations = 1
	step from line search         = 1.000000
	convergence norms :     INITIAL         CURRENT         REQUIRED
	   residual            5.728371e+01    1.667809e-02    0.000000e+00 
	   energy              2.147195e-02    1.346148e-05    2.147195e-04 
	   displacement        2.935141e-05    1.283260e-07    1.585714e-11 
 5
 Nonlinear solution status: time= 1.1
	stiffness updates             = 4
	right hand side evaluations   = 6
	stiffness matrix reformations = 1
	step from line search         = 1.000000
	convergence norms :     INITIAL         CURRENT         REQUIRED
	   residual            5.728371e+01    1.019928e-03    0.000000e+00 
	   energy              2.147195e-02    2.557699e-06    2.147195e-04 
	   displacement        2.935141e-05    4.420000e-08    1.636507e-11 
 6
 Nonlinear solution status: time= 1.1
	stiffness updates             = 5
	right hand side evaluations   = 7
	stiffness matrix reformations = 1
	step from line search         = 1.000000
	convergence norms :     INITIAL         CURRENT         REQUIRED
	   residual            5.728371e+01    8.164268e-05    0.000000e+00 
	   energy              2.147195e-02    1.043233e-07    2.147195e-04 
	   displacement        2.935141e-05    2.405793e-09    1.631136e-11 
 7
 Nonlinear solution status: time= 1.1
	stiffness updates             = 6
	right hand side evaluations   = 8
	stiffness matrix reformations = 1
	step from line search         = 1.000000
	convergence norms :     INITIAL         CURRENT         REQUIRED
	   residual            5.728371e+01    4.918903e-05    0.000000e+00 
	   energy              2.147195e-02    3.155053e-08    2.147195e-04 
	   displacement        2.935141e-05    3.709068e-10    1.630396e-11 
 8
 Nonlinear solution status: time= 1.1
	stiffness updates             = 7
	right hand side evaluations   = 9
	stiffness matrix reformations = 1
	step from line search         = 1.000000
	convergence norms :     INITIAL         CURRENT         REQUIRED
	   residual            5.728371e+01    3.480911e-05    0.000000e+00 
	   energy              2.147195e-02    1.182323e-08    2.147195e-04 
	   displacement        2.935141e-05    3.990884e-10    1.631818e-11 
 9
 Nonlinear solution status: time= 1.1
	stiffness updates             = 8
	right hand side evaluations   = 10
	stiffness matrix reformations = 1
	step from line search         = 1.000000
	convergence norms :     INITIAL         CURRENT         REQUIRED
	   residual            5.728371e+01    8.843105e-06    0.000000e+00 
	   energy              2.147195e-02    5.360727e-09    2.147195e-04 
	   displacement        2.935141e-05    8.204076e-11    1.633049e-11 
 10
 Nonlinear solution status: time= 1.1
	stiffness updates             = 9
	right hand side evaluations   = 11
	stiffness matrix reformations = 1
	step from line search         = 1.000000
	convergence norms :     INITIAL         CURRENT         REQUIRED
	   residual            5.728371e+01    1.677972e-06    0.000000e+00 
	   energy              2.147195e-02    8.587465e-10    2.147195e-04 
	   displacement        2.935141e-05    4.081598e-11    1.633460e-11 

 *************************************************************************
 *                               WARNING                                 *
 * Max nr of iterations reached.                                         *
 * Stiffness matrix will now be reformed.                                *
 *************************************************************************
Reforming stiffness matrix: reformation #2

 11
 Nonlinear solution status: time= 1.1
	stiffness updates             = 0
	right hand side evaluations   = 12
	stiffness matrix reformations = 2
	step from line search         = 1.000000
	convergence norms :     INITIAL         CURRENT         REQUIRED
	   residual            5.728371e+01    2.653791e-07    0.000000e+00 
	   energy              2.147195e-02    2.370151e-10    2.147195e-04 
	   displacement        2.935141e-05    4.873950e-12    1.633127e-11 

convergence summary
    number of iterations   : 11
    number of reformations : 2

------- converged at time : 1.1


AUTO STEPPER: increasing time step, dt = 0.00281605


===== beginning time step 32 : 1.10282 =====


Reforming stiffness matrix: reformation #1

 1
 Nonlinear solution status: time= 1.10282
	stiffness updates             = 0
	right hand side evaluations   = 2
	stiffness matrix reformations = 1
	step from line search         = 1.000000
	convergence norms :     INITIAL         CURRENT         REQUIRED
	   residual            1.336603e-01    1.249510e-01    0.000000e+00 
	   energy              2.039179e-02    1.319869e-03    2.039179e-04 
	   displacement        9.073532e-03    9.073532e-03    9.073532e-09 
 2
 Nonlinear solution status: time= 1.10282
	stiffness updates             = 1
	right hand side evaluations   = 3
	stiffness matrix reformations = 1
	step from line search         = 1.000000
	convergence norms :     INITIAL         CURRENT         REQUIRED
	   residual            1.336603e-01    1.233502e-01    0.000000e+00 
	   energy              2.039179e-02    9.096222e-05    2.039179e-04 
	   displacement        9.073532e-03    1.926043e-04    7.406265e-09 
 3
 Nonlinear solution status: time= 1.10282
	stiffness updates             = 2
	right hand side evaluations   = 4
	stiffness matrix reformations = 1
	step from line search         = 1.000000
	convergence norms :     INITIAL         CURRENT         REQUIRED
	   residual            1.336603e-01    8.094893e-02    0.000000e+00 
	   energy              2.039179e-02    3.469743e-05    2.039179e-04 
	   displacement        9.073532e-03    1.416893e-05    7.343574e-09 
 4
 Nonlinear solution status: time= 1.10282
	stiffness updates             = 3
	right hand side evaluations   = 5
	stiffness matrix reformations = 1
	step from line search         = 1.000000
	convergence norms :     INITIAL         CURRENT         REQUIRED
	   residual            1.336603e-01    3.482184e-02    0.000000e+00 
	   energy              2.039179e-02    1.509816e-05    2.039179e-04 
	   displacement        9.073532e-03    8.920393e-06    7.583506e-09 
 5
 Nonlinear solution status: time= 1.10282
	stiffness updates             = 4
	right hand side evaluations   = 6
	stiffness matrix reformations = 1
	step from line search         = 1.000000
	convergence norms :     INITIAL         CURRENT         REQUIRED
	   residual            1.336603e-01    2.084930e-02    0.000000e+00 
	   energy              2.039179e-02    8.813722e-06    2.039179e-04 
	   displacement        9.073532e-03    2.506936e-06    7.602594e-09 
 6
 Nonlinear solution status: time= 1.10282
	stiffness updates             = 5
	right hand side evaluations   = 7
	stiffness matrix reformations = 1
	step from line search         = 1.000000
	convergence norms :     INITIAL         CURRENT         REQUIRED
	   residual            1.336603e-01    8.779285e-03    0.000000e+00 
	   energy              2.039179e-02    3.492749e-06    2.039179e-04 
	   displacement        9.073532e-03    1.659859e-06    7.523319e-09 
 7
 Nonlinear solution status: time= 1.10282
	stiffness updates             = 6
	right hand side evaluations   = 8
	stiffness matrix reformations = 1
	step from line search         = 1.000000
	convergence norms :     INITIAL         CURRENT         REQUIRED
	   residual            1.336603e-01    6.153820e-03    0.000000e+00 
	   energy              2.039179e-02    2.141343e-06    2.039179e-04 
	   displacement        9.073532e-03    6.617620e-07    7.526164e-09 
 8
 Nonlinear solution status: time= 1.10282
	stiffness updates             = 7
	right hand side evaluations   = 9
	stiffness matrix reformations = 1
	step from line search         = 1.000000
	convergence norms :     INITIAL         CURRENT         REQUIRED
	   residual            1.336603e-01    1.710026e-03    0.000000e+00 
	   energy              2.039179e-02    7.386352e-07    2.039179e-04 
	   displacement        9.073532e-03    2.995654e-07    7.558479e-09 
 9
 Nonlinear solution status: time= 1.10282
	stiffness updates             = 8
	right hand side evaluations   = 10
	stiffness matrix reformations = 1
	step from line search         = 1.000000
	convergence norms :     INITIAL         CURRENT         REQUIRED
	   residual            1.336603e-01    1.666960e-03    0.000000e+00 
	   energy              2.039179e-02    5.675544e-07    2.039179e-04 
	   displacement        9.073532e-03    1.443109e-07    7.556317e-09 
 10
 Nonlinear solution status: time= 1.10282
	stiffness updates             = 9
	right hand side evaluations   = 11
	stiffness matrix reformations = 1
	step from line search         = 1.000000
	convergence norms :     INITIAL         CURRENT         REQUIRED
	   residual            1.336603e-01    4.359455e-04    0.000000e+00 
	   energy              2.039179e-02    1.636910e-07    2.039179e-04 
	   displacement        9.073532e-03    6.313109e-08    7.543906e-09 

 *************************************************************************
 *                               WARNING                                 *
 * Max nr of iterations reached.                                         *
 * Stiffness matrix will now be reformed.                                *
 *************************************************************************
Reforming stiffness matrix: reformation #2

 11
 Nonlinear solution status: time= 1.10282
	stiffness updates             = 0
	right hand side evaluations   = 12
	stiffness matrix reformations = 2
	step from line search         = 1.000000
	convergence norms :     INITIAL         CURRENT         REQUIRED
	   residual            1.336603e-01    1.940728e-08    0.000000e+00 
	   energy              2.039179e-02    3.178934e-09    2.039179e-04 
	   displacement        9.073532e-03    1.814433e-08    7.551028e-09 
 12
 Nonlinear solution status: time= 1.10282
	stiffness updates             = 1
	right hand side evaluations   = 13
	stiffness matrix reformations = 2
	step from line search         = 1.000000
	convergence norms :     INITIAL         CURRENT         REQUIRED
	   residual            1.336603e-01    1.004054e-08    0.000000e+00 
	   energy              2.039179e-02    9.372539e-11    2.039179e-04 
	   displacement        9.073532e-03    5.784691e-10    7.549037e-09 

convergence summary
    number of iterations   : 12
    number of reformations : 2

------- converged at time : 1.10282


AUTO STEPPER: decreasing time step, dt = 0.00269617


===== beginning time step 33 : 1.10551 =====


Reforming stiffness matrix: reformation #1

 1
 Nonlinear solution status: time= 1.10551
	stiffness updates             = 0
	right hand side evaluations   = 2
	stiffness matrix reformations = 1
	step from line search         = 1.000000
	convergence norms :     INITIAL         CURRENT         REQUIRED
	   residual            1.308176e-01    8.324390e-02    0.000000e+00 
	   energy              1.843044e-02    1.192966e-03    1.843044e-04 
	   displacement        7.644339e-03    7.644339e-03    7.644339e-09 
 2
 Nonlinear solution status: time= 1.10551
	stiffness updates             = 1
	right hand side evaluations   = 3
	stiffness matrix reformations = 1
	step from line search         = 1.000000
	convergence norms :     INITIAL         CURRENT         REQUIRED
	   residual            1.308176e-01    7.260289e-02    0.000000e+00 
	   energy              1.843044e-02    6.475728e-05    1.843044e-04 
	   displacement        7.644339e-03    1.643539e-04    6.220669e-09 
 3
 Nonlinear solution status: time= 1.10551
	stiffness updates             = 2
	right hand side evaluations   = 4
	stiffness matrix reformations = 1
	step from line search         = 1.000000
	convergence norms :     INITIAL         CURRENT         REQUIRED
	   residual            1.308176e-01    3.566074e-02    0.000000e+00 
	   energy              1.843044e-02    1.625824e-05    1.843044e-04 
	   displacement        7.644339e-03    8.675693e-06    6.219130e-09 
 4
 Nonlinear solution status: time= 1.10551
	stiffness updates             = 3
	right hand side evaluations   = 5
	stiffness matrix reformations = 1
	step from line search         = 1.000000
	convergence norms :     INITIAL         CURRENT         REQUIRED
	   residual            1.308176e-01    1.176540e-02    0.000000e+00 
	   energy              1.843044e-02    6.171383e-06    1.843044e-04 
	   displacement        7.644339e-03    4.022289e-06    6.362132e-09 
 5
 Nonlinear solution status: time= 1.10551
	stiffness updates             = 4
	right hand side evaluations   = 6
	stiffness matrix reformations = 1
	step from line search         = 1.000000
	convergence norms :     INITIAL         CURRENT         REQUIRED
	   residual            1.308176e-01    4.827503e-03    0.000000e+00 
	   energy              1.843044e-02    2.189803e-06    1.843044e-04 
	   displacement        7.644339e-03    8.351961e-07    6.354932e-09 
 6
 Nonlinear solution status: time= 1.10551
	stiffness updates             = 5
	right hand side evaluations   = 7
	stiffness matrix reformations = 1
	step from line search         = 1.000000
	convergence norms :     INITIAL         CURRENT         REQUIRED
	   residual            1.308176e-01    2.064613e-03    0.000000e+00 
	   energy              1.843044e-02    9.522976e-07    1.843044e-04 
	   displacement        7.644339e-03    4.300678e-07    6.320946e-09 
 7
 Nonlinear solution status: time= 1.10551
	stiffness updates             = 6
	right hand side evaluations   = 8
	stiffness matrix reformations = 1
	step from line search         = 1.000000
	convergence norms :     INITIAL         CURRENT         REQUIRED
	   residual            1.308176e-01    7.695103e-04    0.000000e+00 
	   energy              1.843044e-02    3.335820e-07    1.843044e-04 
	   displacement        7.644339e-03    1.423925e-07    6.328311e-09 
 8
 Nonlinear solution status: time= 1.10551
	stiffness updates             = 7
	right hand side evaluations   = 9
	stiffness matrix reformations = 1
	step from line search         = 1.000000
	convergence norms :     INITIAL         CURRENT         REQUIRED
	   residual            1.308176e-01    2.836595e-04    0.000000e+00 
	   energy              1.843044e-02    1.369156e-07    1.843044e-04 
	   displacement        7.644339e-03    5.305288e-08    6.340146e-09 
 9
 Nonlinear solution status: time= 1.10551
	stiffness updates             = 8
	right hand side evaluations   = 10
	stiffness matrix reformations = 1
	step from line search         = 1.000000
	convergence norms :     INITIAL         CURRENT         REQUIRED
	   residual            1.308176e-01    1.204817e-04    0.000000e+00 
	   energy              1.843044e-02    4.794670e-08    1.843044e-04 
	   displacement        7.644339e-03    1.935173e-08    6.336452e-09 
 10
 Nonlinear solution status: time= 1.10551
	stiffness updates             = 9
	right hand side evaluations   = 11
	stiffness matrix reformations = 1
	step from line search         = 1.000000
	convergence norms :     INITIAL         CURRENT         REQUIRED
	   residual            1.308176e-01    5.929073e-05    0.000000e+00 
	   energy              1.843044e-02    2.520108e-08    1.843044e-04 
	   displacement        7.644339e-03    7.049264e-09    6.332838e-09 

 *************************************************************************
 *                               WARNING                                 *
 * Max nr of iterations reached.                                         *
 * Stiffness matrix will now be reformed.                                *
 *************************************************************************
Reforming stiffness matrix: reformation #2

 11
 Nonlinear solution status: time= 1.10551
	stiffness updates             = 0
	right hand side evaluations   = 12
	stiffness matrix reformations = 2
	step from line search         = 1.000000
	convergence norms :     INITIAL         CURRENT         REQUIRED
	   residual            1.308176e-01    3.037599e-09    0.000000e+00 
	   energy              1.843044e-02    5.814159e-10    1.843044e-04 
	   displacement        7.644339e-03    3.058357e-09    6.335885e-09 

convergence summary
    number of iterations   : 11
    number of reformations : 2

------- converged at time : 1.10551


===== beginning time step 34 : 1.10821 =====


Reforming stiffness matrix: reformation #1

 1
 Nonlinear solution status: time= 1.10821
	stiffness updates             = 0
	right hand side evaluations   = 2
	stiffness matrix reformations = 1
	step from line search         = 1.000000
	convergence norms :     INITIAL         CURRENT         REQUIRED
	   residual            1.184010e-01    6.441204e-02    0.000000e+00 
	   energy              1.674898e-02    1.100405e-03    1.674898e-04 
	   displacement        7.028378e-03    7.028378e-03    7.028378e-09 
 2
 Nonlinear solution status: time= 1.10821
	stiffness updates             = 1
	right hand side evaluations   = 3
	stiffness matrix reformations = 1
	step from line search         = 1.000000
	convergence norms :     INITIAL         CURRENT         REQUIRED
	   residual            1.184010e-01    5.181356e-02    0.000000e+00 
	   energy              1.674898e-02    5.297527e-05    1.674898e-04 
	   displacement        7.028378e-03    1.514091e-04    5.703572e-09 
 3
 Nonlinear solution status: time= 1.10821
	stiffness updates             = 2
	right hand side evaluations   = 4
	stiffness matrix reformations = 1
	step from line search         = 1.000000
	convergence norms :     INITIAL         CURRENT         REQUIRED
	   residual            1.184010e-01    1.810900e-02    0.000000e+00 
	   energy              1.674898e-02    9.737215e-06    1.674898e-04 
	   displacement        7.028378e-03    6.900559e-06    5.720116e-09 
 4
 Nonlinear solution status: time= 1.10821
	stiffness updates             = 3
	right hand side evaluations   = 5
	stiffness matrix reformations = 1
	step from line search         = 1.000000
	convergence norms :     INITIAL         CURRENT         REQUIRED
	   residual            1.184010e-01    5.330600e-03    0.000000e+00 
	   energy              1.674898e-02    3.346357e-06    1.674898e-04 
	   displacement        7.028378e-03    2.521241e-06    5.827687e-09 
 5
 Nonlinear solution status: time= 1.10821
	stiffness updates             = 4
	right hand side evaluations   = 6
	stiffness matrix reformations = 1
	step from line search         = 1.000000
	convergence norms :     INITIAL         CURRENT         REQUIRED
	   residual            1.184010e-01    1.585855e-03    0.000000e+00 
	   energy              1.674898e-02    7.767622e-07    1.674898e-04 
	   displacement        7.028378e-03    4.430044e-07    5.816256e-09 
 6
 Nonlinear solution status: time= 1.10821
	stiffness updates             = 5
	right hand side evaluations   = 7
	stiffness matrix reformations = 1
	step from line search         = 1.000000
	convergence norms :     INITIAL         CURRENT         REQUIRED
	   residual            1.184010e-01    6.393090e-04    0.000000e+00 
	   energy              1.674898e-02    3.376720e-07    1.674898e-04 
	   displacement        7.028378e-03    1.708794e-07    5.796566e-09 
 7
 Nonlinear solution status: time= 1.10821
	stiffness updates             = 6
	right hand side evaluations   = 8
	stiffness matrix reformations = 1
	step from line search         = 1.000000
	convergence norms :     INITIAL         CURRENT         REQUIRED
	   residual            1.184010e-01    1.479863e-04    0.000000e+00 
	   energy              1.674898e-02    7.338190e-08    1.674898e-04 
	   displacement        7.028378e-03    4.635186e-08    5.802878e-09 
 8
 Nonlinear solution status: time= 1.10821
	stiffness updates             = 7
	right hand side evaluations   = 9
	stiffness matrix reformations = 1
	step from line search         = 1.000000
	convergence norms :     INITIAL         CURRENT         REQUIRED
	   residual            1.184010e-01    6.519461e-05    0.000000e+00 
	   energy              1.674898e-02    3.459131e-08    1.674898e-04 
	   displacement        7.028378e-03    1.354328e-08    5.808473e-09 
 9
 Nonlinear solution status: time= 1.10821
	stiffness updates             = 8
	right hand side evaluations   = 10
	stiffness matrix reformations = 1
	step from line search         = 1.000000
	convergence norms :     INITIAL         CURRENT         REQUIRED
	   residual            1.184010e-01    1.324210e-05    0.000000e+00 
	   energy              1.674898e-02    5.604813e-09    1.674898e-04 
	   displacement        7.028378e-03    4.395562e-09    5.806125e-09 

convergence summary
    number of iterations   : 9
    number of reformations : 1

------- converged at time : 1.10821


AUTO STEPPER: increasing time step, dt = 0.00346703


===== beginning time step 35 : 1.11168 =====


Reforming stiffness matrix: reformation #1

 1
 Nonlinear solution status: time= 1.11168
	stiffness updates             = 0
	right hand side evaluations   = 2
	stiffness matrix reformations = 1
	step from line search         = 1.000000
	convergence norms :     INITIAL         CURRENT         REQUIRED
	   residual            6.717361e-02    8.224938e-02    0.000000e+00 
	   energy              1.529687e-02    1.111608e-03    1.529687e-04 
	   displacement        1.034324e-02    1.034324e-02    1.034324e-08 
 2
 Nonlinear solution status: time= 1.11168
	stiffness updates             = 1
	right hand side evaluations   = 3
	stiffness matrix reformations = 1
	step from line search         = 1.000000
	convergence norms :     INITIAL         CURRENT         REQUIRED
	   residual            6.717361e-02    7.410900e-02    0.000000e+00 
	   energy              1.529687e-02    6.989464e-05    1.529687e-04 
	   displacement        1.034324e-02    2.029884e-04    8.367787e-09 
 3
 Nonlinear solution status: time= 1.11168
	stiffness updates             = 2
	right hand side evaluations   = 4
	stiffness matrix reformations = 1
	step from line search         = 1.000000
	convergence norms :     INITIAL         CURRENT         REQUIRED
	   residual            6.717361e-02    4.154145e-02    0.000000e+00 
	   energy              1.529687e-02    2.486344e-05    1.529687e-04 
	   displacement        1.034324e-02    1.726958e-05    8.265386e-09 
 4
 Nonlinear solution status: time= 1.11168
	stiffness updates             = 3
	right hand side evaluations   = 5
	stiffness matrix reformations = 1
	step from line search         = 1.000000
	convergence norms :     INITIAL         CURRENT         REQUIRED
	   residual            6.717361e-02    1.348353e-02    0.000000e+00 
	   energy              1.529687e-02    7.794776e-06    1.529687e-04 
	   displacement        1.034324e-02    8.691152e-06    8.550517e-09 
 5
 Nonlinear solution status: time= 1.11168
	stiffness updates             = 4
	right hand side evaluations   = 6
	stiffness matrix reformations = 1
	step from line search         = 1.000000
	convergence norms :     INITIAL         CURRENT         REQUIRED
	   residual            6.717361e-02    7.997205e-03    0.000000e+00 
	   energy              1.529687e-02    3.802196e-06    1.529687e-04 
	   displacement        1.034324e-02    1.608043e-06    8.565647e-09 
 6
 Nonlinear solution status: time= 1.11168
	stiffness updates             = 5
	right hand side evaluations   = 7
	stiffness matrix reformations = 1
	step from line search         = 1.000000
	convergence norms :     INITIAL         CURRENT         REQUIRED
	   residual            6.717361e-02    2.847325e-03    0.000000e+00 
	   energy              1.529687e-02    1.356644e-06    1.529687e-04 
	   displacement        1.034324e-02    9.930431e-07    8.493873e-09 
 7
 Nonlinear solution status: time= 1.11168
	stiffness updates             = 6
	right hand side evaluations   = 8
	stiffness matrix reformations = 1
	step from line search         = 1.000000
	convergence norms :     INITIAL         CURRENT         REQUIRED
	   residual            6.717361e-02    1.772899e-03    0.000000e+00 
	   energy              1.529687e-02    8.360139e-07    1.529687e-04 
	   displacement        1.034324e-02    3.288289e-07    8.496434e-09 
 8
 Nonlinear solution status: time= 1.11168
	stiffness updates             = 7
	right hand side evaluations   = 9
	stiffness matrix reformations = 1
	step from line search         = 1.000000
	convergence norms :     INITIAL         CURRENT         REQUIRED
	   residual            6.717361e-02    3.949958e-04    0.000000e+00 
	   energy              1.529687e-02    2.225609e-07    1.529687e-04 
	   displacement        1.034324e-02    1.493651e-07    8.523644e-09 
 9
 Nonlinear solution status: time= 1.11168
	stiffness updates             = 8
	right hand side evaluations   = 10
	stiffness matrix reformations = 1
	step from line search         = 1.000000
	convergence norms :     INITIAL         CURRENT         REQUIRED
	   residual            6.717361e-02    2.772627e-04    0.000000e+00 
	   energy              1.529687e-02    1.362726e-07    1.529687e-04 
	   displacement        1.034324e-02    6.042296e-08    8.519951e-09 
 10
 Nonlinear solution status: time= 1.11168
	stiffness updates             = 9
	right hand side evaluations   = 11
	stiffness matrix reformations = 1
	step from line search         = 1.000000
	convergence norms :     INITIAL         CURRENT         REQUIRED
	   residual            6.717361e-02    6.560564e-05    0.000000e+00 
	   energy              1.529687e-02    3.072307e-08    1.529687e-04 
	   displacement        1.034324e-02    1.848514e-08    8.512952e-09 

 *************************************************************************
 *                               WARNING                                 *
 * Max nr of iterations reached.                                         *
 * Stiffness matrix will now be reformed.                                *
 *************************************************************************
Reforming stiffness matrix: reformation #2

 11
 Nonlinear solution status: time= 1.11168
	stiffness updates             = 0
	right hand side evaluations   = 12
	stiffness matrix reformations = 2
	step from line search         = 1.000000
	convergence norms :     INITIAL         CURRENT         REQUIRED
	   residual            6.717361e-02    1.951505e-09    0.000000e+00 
	   energy              1.529687e-02    5.631855e-10    1.529687e-04 
	   displacement        1.034324e-02    4.994836e-09    8.517354e-09 

convergence summary
    number of iterations   : 11
    number of reformations : 2

------- converged at time : 1.11168


===== beginning time step 36 : 1.11514 =====


Reforming stiffness matrix: reformation #1

 1
 Nonlinear solution status: time= 1.11514
	stiffness updates             = 0
	right hand side evaluations   = 2
	stiffness matrix reformations = 1
	step from line search         = 1.000000
	convergence norms :     INITIAL         CURRENT         REQUIRED
	   residual            5.776321e-02    6.187450e-02    0.000000e+00 
	   energy              1.325381e-02    9.775277e-04    1.325381e-04 
	   displacement        9.119498e-03    9.119498e-03    9.119498e-09 
 2
 Nonlinear solution status: time= 1.11514
	stiffness updates             = 1
	right hand side evaluations   = 3
	stiffness matrix reformations = 1
	step from line search         = 1.000000
	convergence norms :     INITIAL         CURRENT         REQUIRED
	   residual            5.776321e-02    4.980056e-02    0.000000e+00 
	   energy              1.325381e-02    5.239190e-05    1.325381e-04 
	   displacement        9.119498e-03    1.778556e-04    7.356281e-09 
 3
 Nonlinear solution status: time= 1.11514
	stiffness updates             = 2
	right hand side evaluations   = 4
	stiffness matrix reformations = 1
	step from line search         = 1.000000
	convergence norms :     INITIAL         CURRENT         REQUIRED
	   residual            5.776321e-02    2.223654e-02    0.000000e+00 
	   energy              1.325381e-02    1.564146e-05    1.325381e-04 
	   displacement        9.119498e-03    1.297006e-05    7.301104e-09 
 4
 Nonlinear solution status: time= 1.11514
	stiffness updates             = 3
	right hand side evaluations   = 5
	stiffness matrix reformations = 1
	step from line search         = 1.000000
	convergence norms :     INITIAL         CURRENT         REQUIRED
	   residual            5.776321e-02    5.462152e-03    0.000000e+00 
	   energy              1.325381e-02    3.939161e-06    1.325381e-04 
	   displacement        9.119498e-03    5.274295e-06    7.511022e-09 
 5
 Nonlinear solution status: time= 1.11514
	stiffness updates             = 4
	right hand side evaluations   = 6
	stiffness matrix reformations = 1
	step from line search         = 1.000000
	convergence norms :     INITIAL         CURRENT         REQUIRED
	   residual            5.776321e-02    2.594988e-03    0.000000e+00 
	   energy              1.325381e-02    1.344164e-06    1.325381e-04 
	   displacement        9.119498e-03    7.295201e-07    7.507655e-09 
 6
 Nonlinear solution status: time= 1.11514
	stiffness updates             = 5
	right hand side evaluations   = 7
	stiffness matrix reformations = 1
	step from line search         = 1.000000
	convergence norms :     INITIAL         CURRENT         REQUIRED
	   residual            5.776321e-02    9.621257e-04    0.000000e+00 
	   energy              1.325381e-02    4.635971e-07    1.325381e-04 
	   displacement        9.119498e-03    3.544694e-07    7.469743e-09 
 7
 Nonlinear solution status: time= 1.11514
	stiffness updates             = 6
	right hand side evaluations   = 8
	stiffness matrix reformations = 1
	step from line search         = 1.000000
	convergence norms :     INITIAL         CURRENT         REQUIRED
	   residual            5.776321e-02    3.996094e-04    0.000000e+00 
	   energy              1.325381e-02    2.110949e-07    1.325381e-04 
	   displacement        9.119498e-03    9.518787e-08    7.474928e-09 
 8
 Nonlinear solution status: time= 1.11514
	stiffness updates             = 7
	right hand side evaluations   = 9
	stiffness matrix reformations = 1
	step from line search         = 1.000000
	convergence norms :     INITIAL         CURRENT         REQUIRED
	   residual            5.776321e-02    9.202037e-05    0.000000e+00 
	   energy              1.325381e-02    5.663703e-08    1.325381e-04 
	   displacement        9.119498e-03    3.853617e-08    7.487649e-09 
 9
 Nonlinear solution status: time= 1.11514
	stiffness updates             = 8
	right hand side evaluations   = 10
	stiffness matrix reformations = 1
	step from line search         = 1.000000
	convergence norms :     INITIAL         CURRENT         REQUIRED
	   residual            5.776321e-02    4.897822e-05    0.000000e+00 
	   energy              1.325381e-02    2.405951e-08    1.325381e-04 
	   displacement        9.119498e-03    1.369525e-08    7.484643e-09 
 10
 Nonlinear solution status: time= 1.11514
	stiffness updates             = 9
	right hand side evaluations   = 11
	stiffness matrix reformations = 1
	step from line search         = 1.000000
	convergence norms :     INITIAL         CURRENT         REQUIRED
	   residual            5.776321e-02    1.496710e-05    0.000000e+00 
	   energy              1.325381e-02    6.909585e-09    1.325381e-04 
	   displacement        9.119498e-03    3.513122e-09    7.481843e-09 

convergence summary
    number of iterations   : 10
    number of reformations : 1

------- converged at time : 1.11514


AUTO STEPPER: increasing time step, dt = 0.00378589


===== beginning time step 37 : 1.11893 =====


Reforming stiffness matrix: reformation #1

 1
 Nonlinear solution status: time= 1.11893
	stiffness updates             = 0
	right hand side evaluations   = 2
	stiffness matrix reformations = 1
	step from line search         = 1.000000
	convergence norms :     INITIAL         CURRENT         REQUIRED
	   residual            4.253045e-02    5.823660e-02    0.000000e+00 
	   energy              1.154359e-02    9.000246e-04    1.154359e-04 
	   displacement        9.474316e-03    9.474316e-03    9.474316e-09 
 2
 Nonlinear solution status: time= 1.11893
	stiffness updates             = 1
	right hand side evaluations   = 3
	stiffness matrix reformations = 1
	step from line search         = 1.000000
	convergence norms :     INITIAL         CURRENT         REQUIRED
	   residual            4.253045e-02    4.653984e-02    0.000000e+00 
	   energy              1.154359e-02    5.209057e-05    1.154359e-04 
	   displacement        9.474316e-03    1.814739e-04    7.614167e-09 
 3
 Nonlinear solution status: time= 1.11893
	stiffness updates             = 2
	right hand side evaluations   = 4
	stiffness matrix reformations = 1
	step from line search         = 1.000000
	convergence norms :     INITIAL         CURRENT         REQUIRED
	   residual            4.253045e-02    2.174399e-02    0.000000e+00 
	   energy              1.154359e-02    1.749662e-05    1.154359e-04 
	   displacement        9.474316e-03    1.680435e-05    7.522393e-09 
 4
 Nonlinear solution status: time= 1.11893
	stiffness updates             = 3
	right hand side evaluations   = 5
	stiffness matrix reformations = 1
	step from line search         = 1.000000
	convergence norms :     INITIAL         CURRENT         REQUIRED
	   residual            4.253045e-02    5.711536e-03    0.000000e+00 
	   energy              1.154359e-02    4.225256e-06    1.154359e-04 
	   displacement        9.474316e-03    6.534263e-06    7.775993e-09 
 5
 Nonlinear solution status: time= 1.11893
	stiffness updates             = 4
	right hand side evaluations   = 6
	stiffness matrix reformations = 1
	step from line search         = 1.000000
	convergence norms :     INITIAL         CURRENT         REQUIRED
	   residual            4.253045e-02    3.731069e-03    0.000000e+00 
	   energy              1.154359e-02    1.830584e-06    1.154359e-04 
	   displacement        9.474316e-03    8.666388e-07    7.780348e-09 
 6
 Nonlinear solution status: time= 1.11893
	stiffness updates             = 5
	right hand side evaluations   = 7
	stiffness matrix reformations = 1
	step from line search         = 1.000000
	convergence norms :     INITIAL         CURRENT         REQUIRED
	   residual            4.253045e-02    1.438689e-03    0.000000e+00 
	   energy              1.154359e-02    6.844435e-07    1.154359e-04 
	   displacement        9.474316e-03    5.248163e-07    7.731428e-09 
 7
 Nonlinear solution status: time= 1.11893
	stiffness updates             = 6
	right hand side evaluations   = 8
	stiffness matrix reformations = 1
	step from line search         = 1.000000
	convergence norms :     INITIAL         CURRENT         REQUIRED
	   residual            4.253045e-02    7.280763e-04    0.000000e+00 
	   energy              1.154359e-02    3.973146e-07    1.154359e-04 
	   displacement        9.474316e-03    1.591951e-07    7.733282e-09 
 8
 Nonlinear solution status: time= 1.11893
	stiffness updates             = 7
	right hand side evaluations   = 9
	stiffness matrix reformations = 1
	step from line search         = 1.000000
	convergence norms :     INITIAL         CURRENT         REQUIRED
	   residual            4.253045e-02    1.662605e-04    0.000000e+00 
	   energy              1.154359e-02    9.749717e-08    1.154359e-04 
	   displacement        9.474316e-03    7.438845e-08    7.752299e-09 
 9
 Nonlinear solution status: time= 1.11893
	stiffness updates             = 8
	right hand side evaluations   = 10
	stiffness matrix reformations = 1
	step from line search         = 1.000000
	convergence norms :     INITIAL         CURRENT         REQUIRED
	   residual            4.253045e-02    1.404696e-04    0.000000e+00 
	   energy              1.154359e-02    6.246640e-08    1.154359e-04 
	   displacement        9.474316e-03    2.592648e-08    7.750107e-09 
 10
 Nonlinear solution status: time= 1.11893
	stiffness updates             = 9
	right hand side evaluations   = 11
	stiffness matrix reformations = 1
	step from line search         = 1.000000
	convergence norms :     INITIAL         CURRENT         REQUIRED
	   residual            4.253045e-02    3.222422e-05    0.000000e+00 
	   energy              1.154359e-02    1.542869e-08    1.154359e-04 
	   displacement        9.474316e-03    8.567533e-09    7.745194e-09 

 *************************************************************************
 *                               WARNING                                 *
 * Max nr of iterations reached.                                         *
 * Stiffness matrix will now be reformed.                                *
 *************************************************************************
Reforming stiffness matrix: reformation #2

 11
 Nonlinear solution status: time= 1.11893
	stiffness updates             = 0
	right hand side evaluations   = 12
	stiffness matrix reformations = 2
	step from line search         = 1.000000
	convergence norms :     INITIAL         CURRENT         REQUIRED
	   residual            4.253045e-02    7.571633e-10    0.000000e+00 
	   energy              1.154359e-02    2.750480e-10    1.154359e-04 
	   displacement        9.474316e-03    2.924430e-09    7.748347e-09 

convergence summary
    number of iterations   : 11
    number of reformations : 2

------- converged at time : 1.11893


===== beginning time step 38 : 1.12271 =====


Reforming stiffness matrix: reformation #1

 1
 Nonlinear solution status: time= 1.12271
	stiffness updates             = 0
	right hand side evaluations   = 2
	stiffness matrix reformations = 1
	step from line search         = 1.000000
	convergence norms :     INITIAL         CURRENT         REQUIRED
	   residual            3.639329e-02    4.449772e-02    0.000000e+00 
	   energy              9.920699e-03    7.901725e-04    9.920699e-05 
	   displacement        8.284867e-03    8.284867e-03    8.284867e-09 
 2
 Nonlinear solution status: time= 1.12271
	stiffness updates             = 1
	right hand side evaluations   = 3
	stiffness matrix reformations = 1
	step from line search         = 1.000000
	convergence norms :     INITIAL         CURRENT         REQUIRED
	   residual            3.639329e-02    3.403934e-02    0.000000e+00 
	   energy              9.920699e-03    4.217190e-05    9.920699e-05 
	   displacement        8.284867e-03    1.602425e-04    6.631784e-09 
 3
 Nonlinear solution status: time= 1.12271
	stiffness updates             = 2
	right hand side evaluations   = 4
	stiffness matrix reformations = 1
	step from line search         = 1.000000
	convergence norms :     INITIAL         CURRENT         REQUIRED
	   residual            3.639329e-02    1.282079e-02    0.000000e+00 
	   energy              9.920699e-03    1.241271e-05    9.920699e-05 
	   displacement        8.284867e-03    1.401347e-05    6.573369e-09 
 4
 Nonlinear solution status: time= 1.12271
	stiffness updates             = 3
	right hand side evaluations   = 5
	stiffness matrix reformations = 1
	step from line search         = 1.000000
	convergence norms :     INITIAL         CURRENT         REQUIRED
	   residual            3.639329e-02    2.610183e-03    0.000000e+00 
	   energy              9.920699e-03    2.530417e-06    9.920699e-05 
	   displacement        8.284867e-03    4.597935e-06    6.772902e-09 
 5
 Nonlinear solution status: time= 1.12271
	stiffness updates             = 4
	right hand side evaluations   = 6
	stiffness matrix reformations = 1
	step from line search         = 1.000000
	convergence norms :     INITIAL         CURRENT         REQUIRED
	   residual            3.639329e-02    1.310811e-03    0.000000e+00 
	   energy              9.920699e-03    7.292216e-07    9.920699e-05 
	   displacement        8.284867e-03    4.927255e-07    6.767835e-09 
 6
 Nonlinear solution status: time= 1.12271
	stiffness updates             = 5
	right hand side evaluations   = 7
	stiffness matrix reformations = 1
	step from line search         = 1.000000
	convergence norms :     INITIAL         CURRENT         REQUIRED
	   residual            3.639329e-02    4.948818e-04    0.000000e+00 
	   energy              9.920699e-03    2.514516e-07    9.920699e-05 
	   displacement        8.284867e-03    2.237152e-07    6.738766e-09 
 7
 Nonlinear solution status: time= 1.12271
	stiffness updates             = 6
	right hand side evaluations   = 8
	stiffness matrix reformations = 1
	step from line search         = 1.000000
	convergence norms :     INITIAL         CURRENT         REQUIRED
	   residual            3.639329e-02    2.023344e-04    0.000000e+00 
	   energy              9.920699e-03    1.138506e-07    9.920699e-05 
	   displacement        8.284867e-03    5.137912e-08    6.742420e-09 
 8
 Nonlinear solution status: time= 1.12271
	stiffness updates             = 7
	right hand side evaluations   = 9
	stiffness matrix reformations = 1
	step from line search         = 1.000000
	convergence norms :     INITIAL         CURRENT         REQUIRED
	   residual            3.639329e-02    4.457447e-05    0.000000e+00 
	   energy              9.920699e-03    2.859093e-08    9.920699e-05 
	   displacement        8.284867e-03    2.317750e-08    6.752569e-09 
 9
 Nonlinear solution status: time= 1.12271
	stiffness updates             = 8
	right hand side evaluations   = 10
	stiffness matrix reformations = 1
	step from line search         = 1.000000
	convergence norms :     INITIAL         CURRENT         REQUIRED
	   residual            3.639329e-02    1.891216e-05    0.000000e+00 
	   energy              9.920699e-03    9.942736e-09    9.920699e-05 
	   displacement        8.284867e-03    7.129437e-09    6.750433e-09 
 10
 Nonlinear solution status: time= 1.12271
	stiffness updates             = 9
	right hand side evaluations   = 11
	stiffness matrix reformations = 1
	step from line search         = 1.000000
	convergence norms :     INITIAL         CURRENT         REQUIRED
	   residual            3.639329e-02    4.111720e-06    0.000000e+00 
	   energy              9.920699e-03    2.231158e-09    9.920699e-05 
	   displacement        8.284867e-03    1.635167e-09    6.748473e-09 

convergence summary
    number of iterations   : 10
    number of reformations : 1

------- converged at time : 1.12271


AUTO STEPPER: increasing time step, dt = 0.0040892

MUST POINT CONTROLLER: adjusting time step. dt = 0.00228578


===== beginning time step 39 : 1.125 =====


Reforming stiffness matrix: reformation #1

 1
 Nonlinear solution status: time= 1.125
	stiffness updates             = 0
	right hand side evaluations   = 2
	stiffness matrix reformations = 1
	step from line search         = 1.000000
	convergence norms :     INITIAL         CURRENT         REQUIRED
	   residual            8.055827e-02    1.763680e-02    0.000000e+00 
	   energy              8.473748e-03    6.006802e-04    8.473748e-05 
	   displacement        2.818938e-03    2.818938e-03    2.818938e-09 
 2
 Nonlinear solution status: time= 1.125
	stiffness updates             = 1
	right hand side evaluations   = 3
	stiffness matrix reformations = 1
	step from line search         = 1.000000
	convergence norms :     INITIAL         CURRENT         REQUIRED
	   residual            8.055827e-02    1.176629e-02    0.000000e+00 
	   energy              8.473748e-03    1.996784e-05    8.473748e-05 
	   displacement        2.818938e-03    6.996480e-05    2.241950e-09 
 3
 Nonlinear solution status: time= 1.125
	stiffness updates             = 2
	right hand side evaluations   = 4
	stiffness matrix reformations = 1
	step from line search         = 1.000000
	convergence norms :     INITIAL         CURRENT         REQUIRED
	   residual            8.055827e-02    3.980757e-04    0.000000e+00 
	   energy              8.473748e-03    4.077337e-07    8.473748e-05 
	   displacement        2.818938e-03    1.654109e-06    2.271607e-09 
 4
 Nonlinear solution status: time= 1.125
	stiffness updates             = 3
	right hand side evaluations   = 5
	stiffness matrix reformations = 1
	step from line search         = 1.000000
	convergence norms :     INITIAL         CURRENT         REQUIRED
	   residual            8.055827e-02    9.354429e-05    0.000000e+00 
	   energy              8.473748e-03    1.046990e-07    8.473748e-05 
	   displacement        2.818938e-03    1.024920e-07    2.285632e-09 
 5
 Nonlinear solution status: time= 1.125
	stiffness updates             = 4
	right hand side evaluations   = 6
	stiffness matrix reformations = 1
	step from line search         = 1.000000
	convergence norms :     INITIAL         CURRENT         REQUIRED
	   residual            8.055827e-02    4.423905e-06    0.000000e+00 
	   energy              8.473748e-03    2.192216e-09    8.473748e-05 
	   displacement        2.818938e-03    1.088801e-08    2.283538e-09 
 6
 Nonlinear solution status: time= 1.125
	stiffness updates             = 5
	right hand side evaluations   = 7
	stiffness matrix reformations = 1
	step from line search         = 1.000000
	convergence norms :     INITIAL         CURRENT         REQUIRED
	   residual            8.055827e-02    7.796446e-07    0.000000e+00 
	   energy              8.473748e-03    5.644393e-10    8.473748e-05 
	   displacement        2.818938e-03    3.226791e-10    2.282935e-09 

convergence summary
    number of iterations   : 6
    number of reformations : 1

------- converged at time : 1.125


AUTO STEPPER: increasing time step, dt = 0.00527136


===== beginning time step 40 : 1.13027 =====


Reforming stiffness matrix: reformation #1

 1
 Nonlinear solution status: time= 1.13027
	stiffness updates             = 0
	right hand side evaluations   = 2
	stiffness matrix reformations = 1
	step from line search         = 1.000000
	convergence norms :     INITIAL         CURRENT         REQUIRED
	   residual            1.679760e-02    7.155364e-02    0.000000e+00 
	   energy              8.366465e-03    8.408921e-04    8.366465e-05 
	   displacement        1.291173e-02    1.291173e-02    1.291173e-08 
 2
 Nonlinear solution status: time= 1.13027
	stiffness updates             = 1
	right hand side evaluations   = 3
	stiffness matrix reformations = 1
	step from line search         = 1.000000
	convergence norms :     INITIAL         CURRENT         REQUIRED
	   residual            1.679760e-02    6.228329e-02    0.000000e+00 
	   energy              8.366465e-03    9.868740e-05    8.366465e-05 
	   displacement        1.291173e-02    2.701072e-04    1.021522e-08 
 3
 Nonlinear solution status: time= 1.13027
	stiffness updates             = 2
	right hand side evaluations   = 4
	stiffness matrix reformations = 1
	step from line search         = 1.000000
	convergence norms :     INITIAL         CURRENT         REQUIRED
	   residual            1.679760e-02    2.610348e-02    0.000000e+00 
	   energy              8.366465e-03    2.945573e-05    8.366465e-05 
	   displacement        1.291173e-02    5.758925e-05    9.837564e-09 
 4
 Nonlinear solution status: time= 1.13027
	stiffness updates             = 3
	right hand side evaluations   = 5
	stiffness matrix reformations = 1
	step from line search         = 1.000000
	convergence norms :     INITIAL         CURRENT         REQUIRED
	   residual            1.679760e-02    1.204952e-02    0.000000e+00 
	   energy              8.366465e-03    1.020182e-05    8.366465e-05 
	   displacement        1.291173e-02    2.090707e-05    1.049493e-08 
 5
 Nonlinear solution status: time= 1.13027
	stiffness updates             = 4
	right hand side evaluations   = 6
	stiffness matrix reformations = 1
	step from line search         = 1.000000
	convergence norms :     INITIAL         CURRENT         REQUIRED
	   residual            1.679760e-02    1.067283e-02    0.000000e+00 
	   energy              8.366465e-03    4.958490e-06    8.366465e-05 
	   displacement        1.291173e-02    2.840382e-06    1.054659e-08 
 6
 Nonlinear solution status: time= 1.13027
	stiffness updates             = 5
	right hand side evaluations   = 7
	stiffness matrix reformations = 1
	step from line search         = 1.000000
	convergence norms :     INITIAL         CURRENT         REQUIRED
	   residual            1.679760e-02    6.543491e-03    0.000000e+00 
	   energy              8.366465e-03    3.322796e-06    8.366465e-05 
	   displacement        1.291173e-02    2.581934e-06    1.037751e-08 
 7
 Nonlinear solution status: time= 1.13027
	stiffness updates             = 6
	right hand side evaluations   = 8
	stiffness matrix reformations = 1
	step from line search         = 1.000000
	convergence norms :     INITIAL         CURRENT         REQUIRED
	   residual            1.679760e-02    2.580180e-03    0.000000e+00 
	   energy              8.366465e-03    1.693547e-06    8.366465e-05 
	   displacement        1.291173e-02    9.278191e-07    1.035820e-08 
 8
 Nonlinear solution status: time= 1.13027
	stiffness updates             = 7
	right hand side evaluations   = 9
	stiffness matrix reformations = 1
	step from line search         = 1.000000
	convergence norms :     INITIAL         CURRENT         REQUIRED
	   residual            1.679760e-02    1.240024e-03    0.000000e+00 
	   energy              8.366465e-03    8.216432e-07    8.366465e-05 
	   displacement        1.291173e-02    7.329840e-07    1.045157e-08 
 9
 Nonlinear solution status: time= 1.13027
	stiffness updates             = 8
	right hand side evaluations   = 10
	stiffness matrix reformations = 1
	step from line search         = 1.000000
	convergence norms :     INITIAL         CURRENT         REQUIRED
	   residual            1.679760e-02    7.017661e-04    0.000000e+00 
	   energy              8.366465e-03    3.755814e-07    8.366465e-05 
	   displacement        1.291173e-02    2.015491e-07    1.045070e-08 
 10
 Nonlinear solution status: time= 1.13027
	stiffness updates             = 9
	right hand side evaluations   = 11
	stiffness matrix reformations = 1
	step from line search         = 1.000000
	convergence norms :     INITIAL         CURRENT         REQUIRED
	   residual            1.679760e-02    3.744875e-04    0.000000e+00 
	   energy              8.366465e-03    2.140017e-07    8.366465e-05 
	   displacement        1.291173e-02    1.461977e-07    1.041467e-08 

 *************************************************************************
 *                               WARNING                                 *
 * Max nr of iterations reached.                                         *
 * Stiffness matrix will now be reformed.                                *
 *************************************************************************
Reforming stiffness matrix: reformation #2

 11
 Nonlinear solution status: time= 1.13027
	stiffness updates             = 0
	right hand side evaluations   = 12
	stiffness matrix reformations = 2
	step from line search         = 1.000000
	convergence norms :     INITIAL         CURRENT         REQUIRED
	   residual            1.679760e-02    1.144255e-08    0.000000e+00 
	   energy              8.366465e-03    3.222600e-09    8.366465e-05 
	   displacement        1.291173e-02    5.577801e-08    1.043499e-08 
 12
 Nonlinear solution status: time= 1.13027
	stiffness updates             = 1
	right hand side evaluations   = 13
	stiffness matrix reformations = 2
	step from line search         = 1.000000
	convergence norms :     INITIAL         CURRENT         REQUIRED
	   residual            1.679760e-02    2.322331e-09    0.000000e+00 
	   energy              8.366465e-03    5.762289e-11    8.366465e-05 
	   displacement        1.291173e-02    1.087490e-09    1.043111e-08 

convergence summary
    number of iterations   : 12
    number of reformations : 2

------- converged at time : 1.13027


AUTO STEPPER: decreasing time step, dt = 0.00504694


===== beginning time step 41 : 1.13532 =====


Reforming stiffness matrix: reformation #1

 1
 Nonlinear solution status: time= 1.13532
	stiffness updates             = 0
	right hand side evaluations   = 2
	stiffness matrix reformations = 1
	step from line search         = 1.000000
	convergence norms :     INITIAL         CURRENT         REQUIRED
	   residual            1.563009e-02    4.489825e-02    0.000000e+00 
	   energy              7.223648e-03    7.165126e-04    7.223648e-05 
	   displacement        1.055949e-02    1.055949e-02    1.055949e-08 
 2
 Nonlinear solution status: time= 1.13532
	stiffness updates             = 1
	right hand side evaluations   = 3
	stiffness matrix reformations = 1
	step from line search         = 1.000000
	convergence norms :     INITIAL         CURRENT         REQUIRED
	   residual            1.563009e-02    3.350278e-02    0.000000e+00 
	   energy              7.223648e-03    5.792173e-05    7.223648e-05 
	   displacement        1.055949e-02    2.143520e-04    8.299886e-09 
 3
 Nonlinear solution status: time= 1.13532
	stiffness updates             = 2
	right hand side evaluations   = 4
	stiffness matrix reformations = 1
	step from line search         = 1.000000
	convergence norms :     INITIAL         CURRENT         REQUIRED
	   residual            1.563009e-02    1.341868e-02    0.000000e+00 
	   energy              7.223648e-03    1.779945e-05    7.223648e-05 
	   displacement        1.055949e-02    3.360057e-05    8.112153e-09 
 4
 Nonlinear solution status: time= 1.13532
	stiffness updates             = 3
	right hand side evaluations   = 5
	stiffness matrix reformations = 1
	step from line search         = 1.000000
	convergence norms :     INITIAL         CURRENT         REQUIRED
	   residual            1.563009e-02    3.326303e-03    0.000000e+00 
	   energy              7.223648e-03    4.093397e-06    7.223648e-05 
	   displacement        1.055949e-02    1.010861e-05    8.512532e-09 
 5
 Nonlinear solution status: time= 1.13532
	stiffness updates             = 4
	right hand side evaluations   = 6
	stiffness matrix reformations = 1
	step from line search         = 1.000000
	convergence norms :     INITIAL         CURRENT         REQUIRED
	   residual            1.563009e-02    1.770748e-03    0.000000e+00 
	   energy              7.223648e-03    1.165719e-06    7.223648e-05 
	   displacement        1.055949e-02    1.111475e-06    8.519064e-09 
 6
 Nonlinear solution status: time= 1.13532
	stiffness updates             = 5
	right hand side evaluations   = 7
	stiffness matrix reformations = 1
	step from line search         = 1.000000
	convergence norms :     INITIAL         CURRENT         REQUIRED
	   residual            1.563009e-02    8.357065e-04    0.000000e+00 
	   energy              7.223648e-03    4.598570e-07    7.223648e-05 
	   displacement        1.055949e-02    5.643582e-07    8.453828e-09 
 7
 Nonlinear solution status: time= 1.13532
	stiffness updates             = 6
	right hand side evaluations   = 8
	stiffness matrix reformations = 1
	step from line search         = 1.000000
	convergence norms :     INITIAL         CURRENT         REQUIRED
	   residual            1.563009e-02    4.010950e-04    0.000000e+00 
	   energy              7.223648e-03    2.378986e-07    7.223648e-05 
	   displacement        1.055949e-02    1.293807e-07    8.455921e-09 
 8
 Nonlinear solution status: time= 1.13532
	stiffness updates             = 7
	right hand side evaluations   = 9
	stiffness matrix reformations = 1
	step from line search         = 1.000000
	convergence norms :     INITIAL         CURRENT         REQUIRED
	   residual            1.563009e-02    1.197068e-04    0.000000e+00 
	   energy              7.223648e-03    8.187535e-08    7.223648e-05 
	   displacement        1.055949e-02    7.688030e-08    8.482206e-09 
 9
 Nonlinear solution status: time= 1.13532
	stiffness updates             = 8
	right hand side evaluations   = 10
	stiffness matrix reformations = 1
	step from line search         = 1.000000
	convergence norms :     INITIAL         CURRENT         REQUIRED
	   residual            1.563009e-02    6.200630e-05    0.000000e+00 
	   energy              7.223648e-03    3.539127e-08    7.223648e-05 
	   displacement        1.055949e-02    2.506728e-08    8.480024e-09 
 10
 Nonlinear solution status: time= 1.13532
	stiffness updates             = 9
	right hand side evaluations   = 11
	stiffness matrix reformations = 1
	step from line search         = 1.000000
	convergence norms :     INITIAL         CURRENT         REQUIRED
	   residual            1.563009e-02    2.308048e-05    0.000000e+00 
	   energy              7.223648e-03    1.326050e-08    7.223648e-05 
	   displacement        1.055949e-02    1.085397e-08    8.472694e-09 

 *************************************************************************
 *                               WARNING                                 *
 * Max nr of iterations reached.                                         *
 * Stiffness matrix will now be reformed.                                *
 *************************************************************************
Reforming stiffness matrix: reformation #2

 11
 Nonlinear solution status: time= 1.13532
	stiffness updates             = 0
	right hand side evaluations   = 12
	stiffness matrix reformations = 2
	step from line search         = 1.000000
	convergence norms :     INITIAL         CURRENT         REQUIRED
	   residual            1.563009e-02    3.856914e-10    0.000000e+00 
	   energy              7.223648e-03    2.070442e-10    7.223648e-05 
	   displacement        1.055949e-02    3.986708e-09    8.477279e-09 

convergence summary
    number of iterations   : 11
    number of reformations : 2

------- converged at time : 1.13532


===== beginning time step 42 : 1.14037 =====


Reforming stiffness matrix: reformation #1

 1
 Nonlinear solution status: time= 1.14037
	stiffness updates             = 0
	right hand side evaluations   = 2
	stiffness matrix reformations = 1
	step from line search         = 1.000000
	convergence norms :     INITIAL         CURRENT         REQUIRED
	   residual            1.447630e-02    3.682298e-02    0.000000e+00 
	   energy              6.686400e-03    6.796716e-04    6.686400e-05 
	   displacement        9.958230e-03    9.958230e-03    9.958230e-09 
 2
 Nonlinear solution status: time= 1.14037
	stiffness updates             = 1
	right hand side evaluations   = 3
	stiffness matrix reformations = 1
	step from line search         = 1.000000
	convergence norms :     INITIAL         CURRENT         REQUIRED
	   residual            1.447630e-02    2.731993e-02    0.000000e+00 
	   energy              6.686400e-03    4.669837e-05    6.686400e-05 
	   displacement        9.958230e-03    2.037786e-04    7.775123e-09 
 3
 Nonlinear solution status: time= 1.14037
	stiffness updates             = 2
	right hand side evaluations   = 4
	stiffness matrix reformations = 1
	step from line search         = 1.000000
	convergence norms :     INITIAL         CURRENT         REQUIRED
	   residual            1.447630e-02    1.072238e-02    0.000000e+00 
	   energy              6.686400e-03    1.463417e-05    6.686400e-05 
	   displacement        9.958230e-03    2.779173e-05    7.618976e-09 
 4
 Nonlinear solution status: time= 1.14037
	stiffness updates             = 3
	right hand side evaluations   = 5
	stiffness matrix reformations = 1
	step from line search         = 1.000000
	convergence norms :     INITIAL         CURRENT         REQUIRED
	   residual            1.447630e-02    2.190574e-03    0.000000e+00 
	   energy              6.686400e-03    2.901238e-06    6.686400e-05 
	   displacement        9.958230e-03    7.772385e-06    7.957369e-09 
 5
 Nonlinear solution status: time= 1.14037
	stiffness updates             = 4
	right hand side evaluations   = 6
	stiffness matrix reformations = 1
	step from line search         = 1.000000
	convergence norms :     INITIAL         CURRENT         REQUIRED
	   residual            1.447630e-02    1.115914e-03    0.000000e+00 
	   energy              6.686400e-03    8.157974e-07    6.686400e-05 
	   displacement        9.958230e-03    8.132015e-07    7.964262e-09 
 6
 Nonlinear solution status: time= 1.14037
	stiffness updates             = 5
	right hand side evaluations   = 7
	stiffness matrix reformations = 1
	step from line search         = 1.000000
	convergence norms :     INITIAL         CURRENT         REQUIRED
	   residual            1.447630e-02    3.845579e-04    0.000000e+00 
	   energy              6.686400e-03    2.316178e-07    6.686400e-05 
	   displacement        9.958230e-03    3.612688e-07    7.915108e-09 
 7
 Nonlinear solution status: time= 1.14037
	stiffness updates             = 6
	right hand side evaluations   = 8
	stiffness matrix reformations = 1
	step from line search         = 1.000000
	convergence norms :     INITIAL         CURRENT         REQUIRED
	   residual            1.447630e-02    1.723583e-04    0.000000e+00 
	   energy              6.686400e-03    1.173117e-07    6.686400e-05 
	   displacement        9.958230e-03    7.284109e-08    7.917892e-09 
 8
 Nonlinear solution status: time= 1.14037
	stiffness updates             = 7
	right hand side evaluations   = 9
	stiffness matrix reformations = 1
	step from line search         = 1.000000
	convergence norms :     INITIAL         CURRENT         REQUIRED
	   residual            1.447630e-02    4.408592e-05    0.000000e+00 
	   energy              6.686400e-03    2.948959e-08    6.686400e-05 
	   displacement        9.958230e-03    3.300432e-08    7.934129e-09 
 9
 Nonlinear solution status: time= 1.14037
	stiffness updates             = 8
	right hand side evaluations   = 10
	stiffness matrix reformations = 1
	step from line search         = 1.000000
	convergence norms :     INITIAL         CURRENT         REQUIRED
	   residual            1.447630e-02    2.270000e-05    0.000000e+00 
	   energy              6.686400e-03    1.414176e-08    6.686400e-05 
	   displacement        9.958230e-03    1.095823e-08    7.932857e-09 
 10
 Nonlinear solution status: time= 1.14037
	stiffness updates             = 9
	right hand side evaluations   = 11
	stiffness matrix reformations = 1
	step from line search         = 1.000000
	convergence norms :     INITIAL         CURRENT         REQUIRED
	   residual            1.447630e-02    5.878103e-06    0.000000e+00 
	   energy              6.686400e-03    3.291342e-09    6.686400e-05 
	   displacement        9.958230e-03    4.037627e-09    7.929189e-09 

convergence summary
    number of iterations   : 10
    number of reformations : 1

------- converged at time : 1.14037


AUTO STEPPER: increasing time step, dt = 0.00528869


===== beginning time step 43 : 1.14565 =====


Reforming stiffness matrix: reformation #1

 1
 Nonlinear solution status: time= 1.14565
	stiffness updates             = 0
	right hand side evaluations   = 2
	stiffness matrix reformations = 1
	step from line search         = 1.000000
	convergence norms :     INITIAL         CURRENT         REQUIRED
	   residual            1.271601e-02    3.501063e-02    0.000000e+00 
	   energy              6.394548e-03    6.850175e-04    6.394548e-05 
	   displacement        1.055173e-02    1.055173e-02    1.055173e-08 
 2
 Nonlinear solution status: time= 1.14565
	stiffness updates             = 1
	right hand side evaluations   = 3
	stiffness matrix reformations = 1
	step from line search         = 1.000000
	convergence norms :     INITIAL         CURRENT         REQUIRED
	   residual            1.271601e-02    2.603248e-02    0.000000e+00 
	   energy              6.394548e-03    4.403191e-05    6.394548e-05 
	   displacement        1.055173e-02    2.186276e-04    8.177530e-09 
 3
 Nonlinear solution status: time= 1.14565
	stiffness updates             = 2
	right hand side evaluations   = 4
	stiffness matrix reformations = 1
	step from line search         = 1.000000
	convergence norms :     INITIAL         CURRENT         REQUIRED
	   residual            1.271601e-02    1.037451e-02    0.000000e+00 
	   energy              6.394548e-03    1.455686e-05    6.394548e-05 
	   displacement        1.055173e-02    2.877842e-05    7.994989e-09 
 4
 Nonlinear solution status: time= 1.14565
	stiffness updates             = 3
	right hand side evaluations   = 5
	stiffness matrix reformations = 1
	step from line search         = 1.000000
	convergence norms :     INITIAL         CURRENT         REQUIRED
	   residual            1.271601e-02    2.066079e-03    0.000000e+00 
	   energy              6.394548e-03    2.761611e-06    6.394548e-05 
	   displacement        1.055173e-02    7.938767e-06    8.350043e-09 
 5
 Nonlinear solution status: time= 1.14565
	stiffness updates             = 4
	right hand side evaluations   = 6
	stiffness matrix reformations = 1
	step from line search         = 1.000000
	convergence norms :     INITIAL         CURRENT         REQUIRED
	   residual            1.271601e-02    1.237949e-03    0.000000e+00 
	   energy              6.394548e-03    9.354666e-07    6.394548e-05 
	   displacement        1.055173e-02    8.583328e-07    8.367510e-09 
 6
 Nonlinear solution status: time= 1.14565
	stiffness updates             = 5
	right hand side evaluations   = 7
	stiffness matrix reformations = 1
	step from line search         = 1.000000
	convergence norms :     INITIAL         CURRENT         REQUIRED
	   residual            1.271601e-02    4.548132e-04    0.000000e+00 
	   energy              6.394548e-03    2.747426e-07    6.394548e-05 
	   displacement        1.055173e-02    3.984819e-07    8.314188e-09 
 7
 Nonlinear solution status: time= 1.14565
	stiffness updates             = 6
	right hand side evaluations   = 8
	stiffness matrix reformations = 1
	step from line search         = 1.000000
	convergence norms :     INITIAL         CURRENT         REQUIRED
	   residual            1.271601e-02    2.211151e-04    0.000000e+00 
	   energy              6.394548e-03    1.700019e-07    6.394548e-05 
	   displacement        1.055173e-02    9.718214e-08    8.312059e-09 
 8
 Nonlinear solution status: time= 1.14565
	stiffness updates             = 7
	right hand side evaluations   = 9
	stiffness matrix reformations = 1
	step from line search         = 1.000000
	convergence norms :     INITIAL         CURRENT         REQUIRED
	   residual            1.271601e-02    4.733117e-05    0.000000e+00 
	   energy              6.394548e-03    3.441683e-08    6.394548e-05 
	   displacement        1.055173e-02    4.674352e-08    8.331399e-09 
 9
 Nonlinear solution status: time= 1.14565
	stiffness updates             = 8
	right hand side evaluations   = 10
	stiffness matrix reformations = 1
	step from line search         = 1.000000
	convergence norms :     INITIAL         CURRENT         REQUIRED
	   residual            1.271601e-02    3.337528e-05    0.000000e+00 
	   energy              6.394548e-03    2.079219e-08    6.394548e-05 
	   displacement        1.055173e-02    1.384595e-08    8.331418e-09 
 10
 Nonlinear solution status: time= 1.14565
	stiffness updates             = 9
	right hand side evaluations   = 11
	stiffness matrix reformations = 1
	step from line search         = 1.000000
	convergence norms :     INITIAL         CURRENT         REQUIRED
	   residual            1.271601e-02    6.406111e-06    0.000000e+00 
	   energy              6.394548e-03    3.507126e-09    6.394548e-05 
	   displacement        1.055173e-02    4.651961e-09    8.327205e-09 

convergence summary
    number of iterations   : 10
    number of reformations : 1

------- converged at time : 1.14565


AUTO STEPPER: increasing time step, dt = 0.00551865

MUST POINT CONTROLLER: adjusting time step. dt = 0.00434607


===== beginning time step 44 : 1.15 =====


Reforming stiffness matrix: reformation #1

 1
 Nonlinear solution status: time= 1.15
	stiffness updates             = 0
	right hand side evaluations   = 2
	stiffness matrix reformations = 1
	step from line search         = 1.000000
	convergence norms :     INITIAL         CURRENT         REQUIRED
	   residual            1.671709e-02    1.965462e-02    0.000000e+00 
	   energy              5.900289e-03    5.976467e-04    5.900289e-05 
	   displacement        7.041525e-03    7.041525e-03    7.041525e-09 
 2
 Nonlinear solution status: time= 1.15
	stiffness updates             = 1
	right hand side evaluations   = 3
	stiffness matrix reformations = 1
	step from line search         = 1.000000
	convergence norms :     INITIAL         CURRENT         REQUIRED
	   residual            1.671709e-02    1.502475e-02    0.000000e+00 
	   energy              5.900289e-03    1.981020e-05    5.900289e-05 
	   displacement        7.041525e-03    1.490648e-04    5.423691e-09 
 3
 Nonlinear solution status: time= 1.15
	stiffness updates             = 2
	right hand side evaluations   = 4
	stiffness matrix reformations = 1
	step from line search         = 1.000000
	convergence norms :     INITIAL         CURRENT         REQUIRED
	   residual            1.671709e-02    3.099774e-03    0.000000e+00 
	   energy              5.900289e-03    4.209743e-06    5.900289e-05 
	   displacement        7.041525e-03    7.349425e-06    5.403163e-09 
 4
 Nonlinear solution status: time= 1.15
	stiffness updates             = 3
	right hand side evaluations   = 5
	stiffness matrix reformations = 1
	step from line search         = 1.000000
	convergence norms :     INITIAL         CURRENT         REQUIRED
	   residual            1.671709e-02    3.971310e-04    0.000000e+00 
	   energy              5.900289e-03    5.265928e-07    5.900289e-05 
	   displacement        7.041525e-03    1.583665e-06    5.515904e-09 
 5
 Nonlinear solution status: time= 1.15
	stiffness updates             = 4
	right hand side evaluations   = 6
	stiffness matrix reformations = 1
	step from line search         = 1.000000
	convergence norms :     INITIAL         CURRENT         REQUIRED
	   residual            1.671709e-02    1.574376e-04    0.000000e+00 
	   energy              5.900289e-03    1.159704e-07    5.900289e-05 
	   displacement        7.041525e-03    1.072055e-07    5.514722e-09 
 6
 Nonlinear solution status: time= 1.15
	stiffness updates             = 5
	right hand side evaluations   = 7
	stiffness matrix reformations = 1
	step from line search         = 1.000000
	convergence norms :     INITIAL         CURRENT         REQUIRED
	   residual            1.671709e-02    2.489072e-05    0.000000e+00 
	   energy              5.900289e-03    1.720358e-08    5.900289e-05 
	   displacement        7.041525e-03    3.034423e-08    5.504407e-09 
 7
 Nonlinear solution status: time= 1.15
	stiffness updates             = 6
	right hand side evaluations   = 8
	stiffness matrix reformations = 1
	step from line search         = 1.000000
	convergence norms :     INITIAL         CURRENT         REQUIRED
	   residual            1.671709e-02    7.757369e-06    0.000000e+00 
	   energy              5.900289e-03    6.338075e-09    5.900289e-05 
	   displacement        7.041525e-03    4.010593e-09    5.505814e-09 

convergence summary
    number of iterations   : 7
    number of reformations : 1

------- converged at time : 1.15


AUTO STEPPER: increasing time step, dt = 0.00641492


===== beginning time step 45 : 1.15641 =====


Reforming stiffness matrix: reformation #1

 1
 Nonlinear solution status: time= 1.15641
	stiffness updates             = 0
	right hand side evaluations   = 2
	stiffness matrix reformations = 1
	step from line search         = 1.000000
	convergence norms :     INITIAL         CURRENT         REQUIRED
	   residual            8.053890e-03    4.000569e-02    0.000000e+00 
	   energy              5.728601e-03    7.015147e-04    5.728601e-05 
	   displacement        1.370472e-02    1.370472e-02    1.370472e-08 
 2
 Nonlinear solution status: time= 1.15641
	stiffness updates             = 1
	right hand side evaluations   = 3
	stiffness matrix reformations = 1
	step from line search         = 1.000000
	convergence norms :     INITIAL         CURRENT         REQUIRED
	   residual            8.053890e-03    3.113650e-02    0.000000e+00 
	   energy              5.728601e-03    5.420122e-05    5.728601e-05 
	   displacement        1.370472e-02    2.883869e-04    1.051961e-08 
 3
 Nonlinear solution status: time= 1.15641
	stiffness updates             = 2
	right hand side evaluations   = 4
	stiffness matrix reformations = 1
	step from line search         = 1.000000
	convergence norms :     INITIAL         CURRENT         REQUIRED
	   residual            8.053890e-03    1.343201e-02    0.000000e+00 
	   energy              5.728601e-03    1.915033e-05    5.728601e-05 
	   displacement        1.370472e-02    4.626680e-05    1.008758e-08 
 4
 Nonlinear solution status: time= 1.15641
	stiffness updates             = 3
	right hand side evaluations   = 5
	stiffness matrix reformations = 1
	step from line search         = 1.000000
	convergence norms :     INITIAL         CURRENT         REQUIRED
	   residual            8.053890e-03    3.697440e-03    0.000000e+00 
	   energy              5.728601e-03    4.191649e-06    5.728601e-05 
	   displacement        1.370472e-02    1.443738e-05    1.067993e-08 
 5
 Nonlinear solution status: time= 1.15641
	stiffness updates             = 4
	right hand side evaluations   = 6
	stiffness matrix reformations = 1
	step from line search         = 1.000000
	convergence norms :     INITIAL         CURRENT         REQUIRED
	   residual            8.053890e-03    2.936127e-03    0.000000e+00 
	   energy              5.728601e-03    1.918214e-06    5.728601e-05 
	   displacement        1.370472e-02    1.765694e-06    1.075444e-08 
 6
 Nonlinear solution status: time= 1.15641
	stiffness updates             = 5
	right hand side evaluations   = 7
	stiffness matrix reformations = 1
	step from line search         = 1.000000
	convergence norms :     INITIAL         CURRENT         REQUIRED
	   residual            8.053890e-03    1.260851e-03    0.000000e+00 
	   energy              5.728601e-03    7.099958e-07    5.728601e-05 
	   displacement        1.370472e-02    9.368420e-07    1.064548e-08 
 7
 Nonlinear solution status: time= 1.15641
	stiffness updates             = 6
	right hand side evaluations   = 8
	stiffness matrix reformations = 1
	step from line search         = 1.000000
	convergence norms :     INITIAL         CURRENT         REQUIRED
	   residual            8.053890e-03    6.821791e-04    0.000000e+00 
	   energy              5.728601e-03    4.964350e-07    5.728601e-05 
	   displacement        1.370472e-02    3.328099e-07    1.062017e-08 
 8
 Nonlinear solution status: time= 1.15641
	stiffness updates             = 7
	right hand side evaluations   = 9
	stiffness matrix reformations = 1
	step from line search         = 1.000000
	convergence norms :     INITIAL         CURRENT         REQUIRED
	   residual            8.053890e-03    1.995835e-04    0.000000e+00 
	   energy              5.728601e-03    1.338121e-07    5.728601e-05 
	   displacement        1.370472e-02    1.776957e-07    1.066772e-08 
 9
 Nonlinear solution status: time= 1.15641
	stiffness updates             = 8
	right hand side evaluations   = 10
	stiffness matrix reformations = 1
	step from line search         = 1.000000
	convergence norms :     INITIAL         CURRENT         REQUIRED
	   residual            8.053890e-03    1.946136e-04    0.000000e+00 
	   energy              5.728601e-03    1.126324e-07    5.728601e-05 
	   displacement        1.370472e-02    6.373249e-08    1.067798e-08 
 10
 Nonlinear solution status: time= 1.15641
	stiffness updates             = 9
	right hand side evaluations   = 11
	stiffness matrix reformations = 1
	step from line search         = 1.000000
	convergence norms :     INITIAL         CURRENT         REQUIRED
	   residual            8.053890e-03    3.791431e-05    0.000000e+00 
	   energy              5.728601e-03    2.398780e-08    5.728601e-05 
	   displacement        1.370472e-02    2.776820e-08    1.066215e-08 

 *************************************************************************
 *                               WARNING                                 *
 * Max nr of iterations reached.                                         *
 * Stiffness matrix will now be reformed.                                *
 *************************************************************************
Reforming stiffness matrix: reformation #2

 11
 Nonlinear solution status: time= 1.15641
	stiffness updates             = 0
	right hand side evaluations   = 12
	stiffness matrix reformations = 2
	step from line search         = 1.000000
	convergence norms :     INITIAL         CURRENT         REQUIRED
	   residual            8.053890e-03    8.303327e-10    0.000000e+00 
	   energy              5.728601e-03    3.776554e-10    5.728601e-05 
	   displacement        1.370472e-02    9.639069e-09    1.066637e-08 

convergence summary
    number of iterations   : 11
    number of reformations : 2

------- converged at time : 1.15641


===== beginning time step 46 : 1.16283 =====


Reforming stiffness matrix: reformation #1

 1
 Nonlinear solution status: time= 1.16283
	stiffness updates             = 0
	right hand side evaluations   = 2
	stiffness matrix reformations = 1
	step from line search         = 1.000000
	convergence norms :     INITIAL         CURRENT         REQUIRED
	   residual            6.526980e-03    2.504211e-02    0.000000e+00 
	   energy              4.694193e-03    5.690006e-04    4.694193e-05 
	   displacement        1.146348e-02    1.146348e-02    1.146348e-08 
 2
 Nonlinear solution status: time= 1.16283
	stiffness updates             = 1
	right hand side evaluations   = 3
	stiffness matrix reformations = 1
	step from line search         = 1.000000
	convergence norms :     INITIAL         CURRENT         REQUIRED
	   residual            6.526980e-03    1.760725e-02    0.000000e+00 
	   energy              4.694193e-03    2.931527e-05    4.694193e-05 
	   displacement        1.146348e-02    2.282209e-04    8.780901e-09 
 3
 Nonlinear solution status: time= 1.16283
	stiffness updates             = 2
	right hand side evaluations   = 4
	stiffness matrix reformations = 1
	step from line search         = 1.000000
	convergence norms :     INITIAL         CURRENT         REQUIRED
	   residual            6.526980e-03    6.898123e-03    0.000000e+00 
	   energy              4.694193e-03    1.037988e-05    4.694193e-05 
	   displacement        1.146348e-02    2.431873e-05    8.509584e-09 
 4
 Nonlinear solution status: time= 1.16283
	stiffness updates             = 3
	right hand side evaluations   = 5
	stiffness matrix reformations = 1
	step from line search         = 1.000000
	convergence norms :     INITIAL         CURRENT         REQUIRED
	   residual            6.526980e-03    1.234063e-03    0.000000e+00 
	   energy              4.694193e-03    1.460166e-06    4.694193e-05 
	   displacement        1.146348e-02    6.943525e-06    8.885440e-09 
 5
 Nonlinear solution status: time= 1.16283
	stiffness updates             = 4
	right hand side evaluations   = 6
	stiffness matrix reformations = 1
	step from line search         = 1.000000
	convergence norms :     INITIAL         CURRENT         REQUIRED
	   residual            6.526980e-03    9.112851e-04    0.000000e+00 
	   energy              4.694193e-03    6.341938e-07    4.694193e-05 
	   displacement        1.146348e-02    5.873300e-07    8.923286e-09 
 6
 Nonlinear solution status: time= 1.16283
	stiffness updates             = 5
	right hand side evaluations   = 7
	stiffness matrix reformations = 1
	step from line search         = 1.000000
	convergence norms :     INITIAL         CURRENT         REQUIRED
	   residual            6.526980e-03    2.938868e-04    0.000000e+00 
	   energy              4.694193e-03    1.533124e-07    4.694193e-05 
	   displacement        1.146348e-02    2.560959e-07    8.872687e-09 
 7
 Nonlinear solution status: time= 1.16283
	stiffness updates             = 6
	right hand side evaluations   = 8
	stiffness matrix reformations = 1
	step from line search         = 1.000000
	convergence norms :     INITIAL         CURRENT         REQUIRED
	   residual            6.526980e-03    1.856686e-04    0.000000e+00 
	   energy              4.694193e-03    1.280261e-07    4.694193e-05 
	   displacement        1.146348e-02    7.827969e-08    8.860872e-09 
 8
 Nonlinear solution status: time= 1.16283
	stiffness updates             = 7
	right hand side evaluations   = 9
	stiffness matrix reformations = 1
	step from line search         = 1.000000
	convergence norms :     INITIAL         CURRENT         REQUIRED
	   residual            6.526980e-03    3.467199e-05    0.000000e+00 
	   energy              4.694193e-03    2.068831e-08    4.694193e-05 
	   displacement        1.146348e-02    3.232631e-08    8.879674e-09 
 9
 Nonlinear solution status: time= 1.16283
	stiffness updates             = 8
	right hand side evaluations   = 11
	stiffness matrix reformations = 1
	step from line search         = 0.615080
	convergence norms :     INITIAL         CURRENT         REQUIRED
	   residual            6.526980e-03    9.842600e-06    0.000000e+00 
	   energy              4.694193e-03    3.496800e-09    4.694193e-05 
	   displacement        1.146348e-02    4.757914e-09    8.882684e-09 

convergence summary
    number of iterations   : 9
    number of reformations : 1

------- converged at time : 1.16283


AUTO STEPPER: increasing time step, dt = 0.00679329


===== beginning time step 47 : 1.16962 =====


Reforming stiffness matrix: reformation #1

 1
 Nonlinear solution status: time= 1.16962
	stiffness updates             = 0
	right hand side evaluations   = 2
	stiffness matrix reformations = 1
	step from line search         = 1.000000
	convergence norms :     INITIAL         CURRENT         REQUIRED
	   residual            4.542486e-03    1.463406e-02    0.000000e+00 
	   energy              3.636541e-03    4.389814e-04    3.636541e-05 
	   displacement        9.883734e-03    9.883734e-03    9.883734e-09 
 2
 Nonlinear solution status: time= 1.16962
	stiffness updates             = 1
	right hand side evaluations   = 3
	stiffness matrix reformations = 1
	step from line search         = 1.000000
	convergence norms :     INITIAL         CURRENT         REQUIRED
	   residual            4.542486e-03    9.089294e-03    0.000000e+00 
	   energy              3.636541e-03    1.650818e-05    3.636541e-05 
	   displacement        9.883734e-03    1.867281e-04    7.578380e-09 
 3
 Nonlinear solution status: time= 1.16962
	stiffness updates             = 2
	right hand side evaluations   = 4
	stiffness matrix reformations = 1
	step from line search         = 1.000000
	convergence norms :     INITIAL         CURRENT         REQUIRED
	   residual            4.542486e-03    3.397626e-03    0.000000e+00 
	   energy              3.636541e-03    5.744408e-06    3.636541e-05 
	   displacement        9.883734e-03    1.404759e-05    7.396048e-09 
 4
 Nonlinear solution status: time= 1.16962
	stiffness updates             = 3
	right hand side evaluations   = 5
	stiffness matrix reformations = 1
	step from line search         = 1.000000
	convergence norms :     INITIAL         CURRENT         REQUIRED
	   residual            4.542486e-03    4.143605e-04    0.000000e+00 
	   energy              3.636541e-03    5.440896e-07    3.636541e-05 
	   displacement        9.883734e-03    3.737140e-06    7.653905e-09 
 5
 Nonlinear solution status: time= 1.16962
	stiffness updates             = 4
	right hand side evaluations   = 6
	stiffness matrix reformations = 1
	step from line search         = 1.000000
	convergence norms :     INITIAL         CURRENT         REQUIRED
	   residual            4.542486e-03    2.863477e-04    0.000000e+00 
	   energy              3.636541e-03    2.241968e-07    3.636541e-05 
	   displacement        9.883734e-03    2.336646e-07    7.674219e-09 
 6
 Nonlinear solution status: time= 1.16962
	stiffness updates             = 5
	right hand side evaluations   = 7
	stiffness matrix reformations = 1
	step from line search         = 1.000000
	convergence norms :     INITIAL         CURRENT         REQUIRED
	   residual            4.542486e-03    5.866915e-05    0.000000e+00 
	   energy              3.636541e-03    2.988347e-08    3.636541e-05 
	   displacement        9.883734e-03    8.713850e-08    7.648063e-09 
 7
 Nonlinear solution status: time= 1.16962
	stiffness updates             = 6
	right hand side evaluations   = 8
	stiffness matrix reformations = 1
	step from line search         = 1.000000
	convergence norms :     INITIAL         CURRENT         REQUIRED
	   residual            4.542486e-03    3.569130e-05    0.000000e+00 
	   energy              3.636541e-03    2.669293e-08    3.636541e-05 
	   displacement        9.883734e-03    1.880169e-08    7.644029e-09 
 8
 Nonlinear solution status: time= 1.16962
	stiffness updates             = 7
	right hand side evaluations   = 9
	stiffness matrix reformations = 1
	step from line search         = 1.000000
	convergence norms :     INITIAL         CURRENT         REQUIRED
	   residual            4.542486e-03    4.767294e-06    0.000000e+00 
	   energy              3.636541e-03    2.259255e-09    3.636541e-05 
	   displacement        9.883734e-03    5.963721e-09    7.651194e-09 

convergence summary
    number of iterations   : 8
    number of reformations : 1

------- converged at time : 1.16962


AUTO STEPPER: increasing time step, dt = 0.00734678

MUST POINT CONTROLLER: adjusting time step. dt = 0.00537687


===== beginning time step 48 : 1.175 =====


Reforming stiffness matrix: reformation #1

 1
 Nonlinear solution status: time= 1.175
	stiffness updates             = 0
	right hand side evaluations   = 2
	stiffness matrix reformations = 1
	step from line search         = 1.000000
	convergence norms :     INITIAL         CURRENT         REQUIRED
	   residual            5.028141e-03    3.946423e-03    0.000000e+00 
	   energy              2.670974e-03    2.866174e-04    2.670974e-05 
	   displacement        4.823643e-03    4.823643e-03    4.823643e-09 
 2
 Nonlinear solution status: time= 1.175
	stiffness updates             = 1
	right hand side evaluations   = 3
	stiffness matrix reformations = 1
	step from line search         = 1.000000
	convergence norms :     INITIAL         CURRENT         REQUIRED
	   residual            5.028141e-03    2.262276e-03    0.000000e+00 
	   energy              2.670974e-03    4.222877e-06    2.670974e-05 
	   displacement        4.823643e-03    8.976893e-05    3.722421e-09 
 3
 Nonlinear solution status: time= 1.175
	stiffness updates             = 2
	right hand side evaluations   = 4
	stiffness matrix reformations = 1
	step from line search         = 1.000000
	convergence norms :     INITIAL         CURRENT         REQUIRED
	   residual            5.028141e-03    2.526888e-04    0.000000e+00 
	   energy              2.670974e-03    5.966496e-07    2.670974e-05 
	   displacement        4.823643e-03    1.582238e-06    3.727425e-09 
 4
 Nonlinear solution status: time= 1.175
	stiffness updates             = 3
	right hand side evaluations   = 5
	stiffness matrix reformations = 1
	step from line search         = 1.000000
	convergence norms :     INITIAL         CURRENT         REQUIRED
	   residual            5.028141e-03    1.163578e-05    0.000000e+00 
	   energy              2.670974e-03    2.696698e-08    2.670974e-05 
	   displacement        4.823643e-03    2.127348e-07    3.758795e-09 
 5
 Nonlinear solution status: time= 1.175
	stiffness updates             = 4
	right hand side evaluations   = 6
	stiffness matrix reformations = 1
	step from line search         = 1.000000
	convergence norms :     INITIAL         CURRENT         REQUIRED
	   residual            5.028141e-03    3.586813e-06    0.000000e+00 
	   energy              2.670974e-03    3.178069e-09    2.670974e-05 
	   displacement        4.823643e-03    6.791831e-09    3.757913e-09 
 6
 Nonlinear solution status: time= 1.175
	stiffness updates             = 5
	right hand side evaluations   = 7
	stiffness matrix reformations = 1
	step from line search         = 1.000000
	convergence norms :     INITIAL         CURRENT         REQUIRED
	   residual            5.028141e-03    1.919261e-07    0.000000e+00 
	   energy              2.670974e-03    1.184228e-10    2.670974e-05 
	   displacement        4.823643e-03    6.780995e-10    3.756923e-09 

convergence summary
    number of iterations   : 6
    number of reformations : 1

------- converged at time : 1.175


AUTO STEPPER: increasing time step, dt = 0.00787743


===== beginning time step 49 : 1.18288 =====


Reforming stiffness matrix: reformation #1

 1
 Nonlinear solution status: time= 1.18288
	stiffness updates             = 0
	right hand side evaluations   = 2
	stiffness matrix reformations = 1
	step from line search         = 1.000000
	convergence norms :     INITIAL         CURRENT         REQUIRED
	   residual            2.197042e-03    5.239109e-03    0.000000e+00 
	   energy              2.331444e-03    2.703194e-04    2.331444e-05 
	   displacement        7.973742e-03    7.973742e-03    7.973742e-09 
 2
 Nonlinear solution status: time= 1.18288
	stiffness updates             = 1
	right hand side evaluations   = 3
	stiffness matrix reformations = 1
	step from line search         = 1.000000
	convergence norms :     INITIAL         CURRENT         REQUIRED
	   residual            2.197042e-03    1.751327e-03    0.000000e+00 
	   energy              2.331444e-03    5.099378e-06    2.331444e-05 
	   displacement        7.973742e-03    1.350993e-04    6.168745e-09 
 3
 Nonlinear solution status: time= 1.18288
	stiffness updates             = 2
	right hand side evaluations   = 4
	stiffness matrix reformations = 1
	step from line search         = 1.000000
	convergence norms :     INITIAL         CURRENT         REQUIRED
	   residual            2.197042e-03    4.542733e-04    0.000000e+00 
	   energy              2.331444e-03    1.253593e-06    2.331444e-05 
	   displacement        7.973742e-03    4.328895e-06    6.137794e-09 
 4
 Nonlinear solution status: time= 1.18288
	stiffness updates             = 3
	right hand side evaluations   = 5
	stiffness matrix reformations = 1
	step from line search         = 1.000000
	convergence norms :     INITIAL         CURRENT         REQUIRED
	   residual            2.197042e-03    1.666019e-05    0.000000e+00 
	   energy              2.331444e-03    5.140893e-08    2.331444e-05 
	   displacement        7.973742e-03    7.202468e-07    6.231957e-09 
 5
 Nonlinear solution status: time= 1.18288
	stiffness updates             = 4
	right hand side evaluations   = 6
	stiffness matrix reformations = 1
	step from line search         = 1.000000
	convergence norms :     INITIAL         CURRENT         REQUIRED
	   residual            2.197042e-03    9.086180e-06    0.000000e+00 
	   energy              2.331444e-03    8.887273e-09    2.331444e-05 
	   displacement        7.973742e-03    2.498088e-08    6.232237e-09 
 6
 Nonlinear solution status: time= 1.18288
	stiffness updates             = 5
	right hand side evaluations   = 7
	stiffness matrix reformations = 1
	step from line search         = 1.000000
	convergence norms :     INITIAL         CURRENT         REQUIRED
	   residual            2.197042e-03    5.871639e-07    0.000000e+00 
	   energy              2.331444e-03    5.750561e-11    2.331444e-05 
	   displacement        7.973742e-03    4.207434e-09    6.228897e-09 

convergence summary
    number of iterations   : 6
    number of reformations : 1

------- converged at time : 1.18288


AUTO STEPPER: increasing time step, dt = 0.00830194


===== beginning time step 50 : 1.19118 =====


Reforming stiffness matrix: reformation #1

 1
 Nonlinear solution status: time= 1.19118
	stiffness updates             = 0
	right hand side evaluations   = 2
	stiffness matrix reformations = 1
	step from line search         = 1.000000
	convergence norms :     INITIAL         CURRENT         REQUIRED
	   residual            1.818541e-03    5.556792e-03    0.000000e+00 
	   energy              2.112886e-03    2.373021e-04    2.112886e-05 
	   displacement        7.607027e-03    7.607027e-03    7.607027e-09 
 2
 Nonlinear solution status: time= 1.19118
	stiffness updates             = 1
	right hand side evaluations   = 3
	stiffness matrix reformations = 1
	step from line search         = 1.000000
	convergence norms :     INITIAL         CURRENT         REQUIRED
	   residual            1.818541e-03    1.328185e-03    0.000000e+00 
	   energy              2.112886e-03    4.138857e-06    2.112886e-05 
	   displacement        7.607027e-03    1.208888e-04    5.937486e-09 
 3
 Nonlinear solution status: time= 1.19118
	stiffness updates             = 2
	right hand side evaluations   = 4
	stiffness matrix reformations = 1
	step from line search         = 1.000000
	convergence norms :     INITIAL         CURRENT         REQUIRED
	   residual            1.818541e-03    4.651991e-04    0.000000e+00 
	   energy              2.112886e-03    7.546987e-07    2.112886e-05 
	   displacement        7.607027e-03    3.002849e-06    5.939088e-09 
 4
 Nonlinear solution status: time= 1.19118
	stiffness updates             = 3
	right hand side evaluations   = 5
	stiffness matrix reformations = 1
	step from line search         = 1.000000
	convergence norms :     INITIAL         CURRENT         REQUIRED
	   residual            1.818541e-03    2.494470e-05    0.000000e+00 
	   energy              2.112886e-03    6.543782e-08    2.112886e-05 
	   displacement        7.607027e-03    3.853088e-07    6.007874e-09 
 5
 Nonlinear solution status: time= 1.19118
	stiffness updates             = 4
	right hand side evaluations   = 6
	stiffness matrix reformations = 1
	step from line search         = 1.000000
	convergence norms :     INITIAL         CURRENT         REQUIRED
	   residual            1.818541e-03    1.227784e-05    0.000000e+00 
	   energy              2.112886e-03    1.291164e-08    2.112886e-05 
	   displacement        7.607027e-03    4.456525e-08    6.006181e-09 
 6
 Nonlinear solution status: time= 1.19118
	stiffness updates             = 5
	right hand side evaluations   = 7
	stiffness matrix reformations = 1
	step from line search         = 1.000000
	convergence norms :     INITIAL         CURRENT         REQUIRED
	   residual            1.818541e-03    8.642781e-07    0.000000e+00 
	   energy              2.112886e-03    2.671907e-10    2.112886e-05 
	   displacement        7.607027e-03    7.500871e-09    6.001501e-09 
 7
 Nonlinear solution status: time= 1.19118
	stiffness updates             = 6
	right hand side evaluations   = 8
	stiffness matrix reformations = 1
	step from line search         = 1.000000
	convergence norms :     INITIAL         CURRENT         REQUIRED
	   residual            1.818541e-03    3.226235e-07    0.000000e+00 
	   energy              2.112886e-03    5.663119e-11    2.112886e-05 
	   displacement        7.607027e-03    4.958793e-10    6.002363e-09 

convergence summary
    number of iterations   : 7
    number of reformations : 1

------- converged at time : 1.19118


AUTO STEPPER: increasing time step, dt = 0.00864155


===== beginning time step 51 : 1.19982 =====


Reforming stiffness matrix: reformation #1

 1
 Nonlinear solution status: time= 1.19982
	stiffness updates             = 0
	right hand side evaluations   = 2
	stiffness matrix reformations = 1
	step from line search         = 1.000000
	convergence norms :     INITIAL         CURRENT         REQUIRED
	   residual            1.784041e-03    8.112610e-03    0.000000e+00 
	   energy              2.189499e-03    2.465718e-04    2.189499e-05 
	   displacement        8.147448e-03    8.147448e-03    8.147448e-09 
 2
 Nonlinear solution status: time= 1.19982
	stiffness updates             = 1
	right hand side evaluations   = 3
	stiffness matrix reformations = 1
	step from line search         = 1.000000
	convergence norms :     INITIAL         CURRENT         REQUIRED
	   residual            1.784041e-03    2.016954e-03    0.000000e+00 
	   energy              2.189499e-03    6.503200e-06    2.189499e-05 
	   displacement        8.147448e-03    1.297859e-04    6.372489e-09 
 3
 Nonlinear solution status: time= 1.19982
	stiffness updates             = 2
	right hand side evaluations   = 4
	stiffness matrix reformations = 1
	step from line search         = 1.000000
	convergence norms :     INITIAL         CURRENT         REQUIRED
	   residual            1.784041e-03    8.416310e-04    0.000000e+00 
	   energy              2.189499e-03    1.234622e-06    2.189499e-05 
	   displacement        8.147448e-03    4.690765e-06    6.378891e-09 
 4
 Nonlinear solution status: time= 1.19982
	stiffness updates             = 3
	right hand side evaluations   = 5
	stiffness matrix reformations = 1
	step from line search         = 1.000000
	convergence norms :     INITIAL         CURRENT         REQUIRED
	   residual            1.784041e-03    6.784982e-05    0.000000e+00 
	   energy              2.189499e-03    1.935026e-07    2.189499e-05 
	   displacement        8.147448e-03    8.048632e-07    6.484150e-09 
 5
 Nonlinear solution status: time= 1.19982
	stiffness updates             = 4
	right hand side evaluations   = 6
	stiffness matrix reformations = 1
	step from line search         = 1.000000
	convergence norms :     INITIAL         CURRENT         REQUIRED
	   residual            1.784041e-03    1.760809e-05    0.000000e+00 
	   energy              2.189499e-03    2.163480e-08    2.189499e-05 
	   displacement        8.147448e-03    1.281761e-07    6.477450e-09 
 6
 Nonlinear solution status: time= 1.19982
	stiffness updates             = 5
	right hand side evaluations   = 7
	stiffness matrix reformations = 1
	step from line search         = 1.000000
	convergence norms :     INITIAL         CURRENT         REQUIRED
	   residual            1.784041e-03    3.237742e-06    0.000000e+00 
	   energy              2.189499e-03    1.574992e-09    2.189499e-05 
	   displacement        8.147448e-03    1.941394e-08    6.468988e-09 
 7
 Nonlinear solution status: time= 1.19982
	stiffness updates             = 6
	right hand side evaluations   = 8
	stiffness matrix reformations = 1
	step from line search         = 1.000000
	convergence norms :     INITIAL         CURRENT         REQUIRED
	   residual            1.784041e-03    1.004589e-06    0.000000e+00 
	   energy              2.189499e-03    2.644651e-10    2.189499e-05 
	   displacement        8.147448e-03    1.822442e-09    6.470860e-09 

convergence summary
    number of iterations   : 7
    number of reformations : 1

------- converged at time : 1.19982


AUTO STEPPER: increasing time step, dt = 0.00891324

MUST POINT CONTROLLER: adjusting time step. dt = 0.00017908


===== beginning time step 52 : 1.2 =====


Reforming stiffness matrix: reformation #1

 1
 Nonlinear solution status: time= 1.2
	stiffness updates             = 0
	right hand side evaluations   = 2
	stiffness matrix reformations = 1
	step from line search         = 1.000000
	convergence norms :     INITIAL         CURRENT         REQUIRED
	   residual            2.585831e+00    2.007832e-01    0.000000e+00 
	   energy              1.810474e-03    2.757304e-04    1.810474e-05 
	   displacement        4.302039e-06    4.302039e-06    4.302039e-12 
 2
 Nonlinear solution status: time= 1.2
	stiffness updates             = 1
	right hand side evaluations   = 3
	stiffness matrix reformations = 1
	step from line search         = 1.000000
	convergence norms :     INITIAL         CURRENT         REQUIRED
	   residual            2.585831e+00    2.107124e-02    0.000000e+00 
	   energy              1.810474e-03    9.075478e-08    1.810474e-05 
	   displacement        4.302039e-06    8.446828e-07    3.183357e-12 
 3
 Nonlinear solution status: time= 1.2
	stiffness updates             = 2
	right hand side evaluations   = 4
	stiffness matrix reformations = 1
	step from line search         = 1.000000
	convergence norms :     INITIAL         CURRENT         REQUIRED
	   residual            2.585831e+00    2.019116e-03    0.000000e+00 
	   energy              1.810474e-03    1.358024e-06    1.810474e-05 
	   displacement        4.302039e-06    4.241022e-08    2.850539e-12 
 4
 Nonlinear solution status: time= 1.2
	stiffness updates             = 3
	right hand side evaluations   = 5
	stiffness matrix reformations = 1
	step from line search         = 1.000000
	convergence norms :     INITIAL         CURRENT         REQUIRED
	   residual            2.585831e+00    4.540114e-04    0.000000e+00 
	   energy              1.810474e-03    4.617222e-07    1.810474e-05 
	   displacement        4.302039e-06    6.811883e-09    2.873932e-12 
 5
 Nonlinear solution status: time= 1.2
	stiffness updates             = 4
	right hand side evaluations   = 6
	stiffness matrix reformations = 1
	step from line search         = 1.000000
	convergence norms :     INITIAL         CURRENT         REQUIRED
	   residual            2.585831e+00    2.128448e-05    0.000000e+00 
	   energy              1.810474e-03    4.713958e-08    1.810474e-05 
	   displacement        4.302039e-06    1.829597e-09    2.945349e-12 
 6
 Nonlinear solution status: time= 1.2
	stiffness updates             = 5
	right hand side evaluations   = 7
	stiffness matrix reformations = 1
	step from line search         = 1.000000
	convergence norms :     INITIAL         CURRENT         REQUIRED
	   residual            2.585831e+00    2.386541e-06    0.000000e+00 
	   energy              1.810474e-03    6.004652e-09    1.810474e-05 
	   displacement        4.302039e-06    1.180819e-10    2.944386e-12 
 7
 Nonlinear solution status: time= 1.2
	stiffness updates             = 6
	right hand side evaluations   = 8
	stiffness matrix reformations = 1
	step from line search         = 1.000000
	convergence norms :     INITIAL         CURRENT         REQUIRED
	   residual            2.585831e+00    1.460205e-06    0.000000e+00 
	   energy              1.810474e-03    8.831723e-10    1.810474e-05 
	   displacement        4.302039e-06    3.955551e-11    2.944321e-12 
 8
 Nonlinear solution status: time= 1.2
	stiffness updates             = 7
	right hand side evaluations   = 9
	stiffness matrix reformations = 1
	step from line search         = 1.000000
	convergence norms :     INITIAL         CURRENT         REQUIRED
	   residual            2.585831e+00    5.583405e-07    0.000000e+00 
	   energy              1.810474e-03    4.357584e-10    1.810474e-05 
	   displacement        4.302039e-06    9.898610e-12    2.946022e-12 
 9
 Nonlinear solution status: time= 1.2
	stiffness updates             = 8
	right hand side evaluations   = 10
	stiffness matrix reformations = 1
	step from line search         = 1.000000
	convergence norms :     INITIAL         CURRENT         REQUIRED
	   residual            2.585831e+00    4.641301e-08    0.000000e+00 
	   energy              1.810474e-03    1.735120e-11    1.810474e-05 
	   displacement        4.302039e-06    3.011879e-12    2.946939e-12 
 10
 Nonlinear solution status: time= 1.2
	stiffness updates             = 9
	right hand side evaluations   = 11
	stiffness matrix reformations = 1
	step from line search         = 1.000000
	convergence norms :     INITIAL         CURRENT         REQUIRED
	   residual            2.585831e+00    1.460674e-08    0.000000e+00 
	   energy              1.810474e-03    1.964055e-11    1.810474e-05 
	   displacement        4.302039e-06    8.099297e-13    2.946754e-12 

convergence summary
    number of iterations   : 10
    number of reformations : 1

------- converged at time : 1.2


AUTO STEPPER: increasing time step, dt = 0.00896629


===== beginning time step 53 : 1.20897 =====


Reforming stiffness matrix: reformation #1

 1
 Nonlinear solution status: time= 1.20897
	stiffness updates             = 0
	right hand side evaluations   = 2
	stiffness matrix reformations = 1
	step from line search         = 1.000000
	convergence norms :     INITIAL         CURRENT         REQUIRED
	   residual            1.741118e-03    1.172115e-02    0.000000e+00 
	   energy              2.246273e-03    2.622802e-04    2.246273e-05 
	   displacement        8.721943e-03    8.721943e-03    8.721943e-09 
 2
 Nonlinear solution status: time= 1.20897
	stiffness updates             = 1
	right hand side evaluations   = 3
	stiffness matrix reformations = 1
	step from line search         = 1.000000
	convergence norms :     INITIAL         CURRENT         REQUIRED
	   residual            1.741118e-03    2.784691e-03    0.000000e+00 
	   energy              2.246273e-03    1.058381e-05    2.246273e-05 
	   displacement        8.721943e-03    1.483339e-04    6.786859e-09 
 3
 Nonlinear solution status: time= 1.20897
	stiffness updates             = 2
	right hand side evaluations   = 4
	stiffness matrix reformations = 1
	step from line search         = 1.000000
	convergence norms :     INITIAL         CURRENT         REQUIRED
	   residual            1.741118e-03    8.483248e-04    0.000000e+00 
	   energy              2.246273e-03    1.449257e-06    2.246273e-05 
	   displacement        8.721943e-03    8.250642e-06    6.815160e-09 
 4
 Nonlinear solution status: time= 1.20897
	stiffness updates             = 3
	right hand side evaluations   = 5
	stiffness matrix reformations = 1
	step from line search         = 1.000000
	convergence norms :     INITIAL         CURRENT         REQUIRED
	   residual            1.741118e-03    1.163556e-04    0.000000e+00 
	   energy              2.246273e-03    3.022063e-07    2.246273e-05 
	   displacement        8.721943e-03    1.271947e-06    6.958670e-09 
 5
 Nonlinear solution status: time= 1.20897
	stiffness updates             = 4
	right hand side evaluations   = 6
	stiffness matrix reformations = 1
	step from line search         = 1.000000
	convergence norms :     INITIAL         CURRENT         REQUIRED
	   residual            1.741118e-03    2.630550e-05    0.000000e+00 
	   energy              2.246273e-03    3.454568e-08    2.246273e-05 
	   displacement        8.721943e-03    1.983492e-07    6.951048e-09 
 6
 Nonlinear solution status: time= 1.20897
	stiffness updates             = 5
	right hand side evaluations   = 7
	stiffness matrix reformations = 1
	step from line search         = 1.000000
	convergence norms :     INITIAL         CURRENT         REQUIRED
	   residual            1.741118e-03    4.785028e-06    0.000000e+00 
	   energy              2.246273e-03    4.106112e-09    2.246273e-05 
	   displacement        8.721943e-03    3.498221e-08    6.936466e-09 
 7
 Nonlinear solution status: time= 1.20897
	stiffness updates             = 6
	right hand side evaluations   = 8
	stiffness matrix reformations = 1
	step from line search         = 1.000000
	convergence norms :     INITIAL         CURRENT         REQUIRED
	   residual            1.741118e-03    1.167058e-06    0.000000e+00 
	   energy              2.246273e-03    2.686287e-10    2.246273e-05 
	   displacement        8.721943e-03    3.229740e-09    6.939888e-09 

convergence summary
    number of iterations   : 7
    number of reformations : 1

------- converged at time : 1.20897


AUTO STEPPER: increasing time step, dt = 0.00917303


===== beginning time step 54 : 1.21814 =====


Reforming stiffness matrix: reformation #1

 1
 Nonlinear solution status: time= 1.21814
	stiffness updates             = 0
	right hand side evaluations   = 2
	stiffness matrix reformations = 1
	step from line search         = 1.000000
	convergence norms :     INITIAL         CURRENT         REQUIRED
	   residual            1.544637e-03    1.169264e-02    0.000000e+00 
	   energy              2.058732e-03    2.456562e-04    2.058732e-05 
	   displacement        8.270441e-03    8.270441e-03    8.270441e-09 
 2
 Nonlinear solution status: time= 1.21814
	stiffness updates             = 1
	right hand side evaluations   = 3
	stiffness matrix reformations = 1
	step from line search         = 1.000000
	convergence norms :     INITIAL         CURRENT         REQUIRED
	   residual            1.544637e-03    2.486274e-03    0.000000e+00 
	   energy              2.058732e-03    1.123353e-05    2.058732e-05 
	   displacement        8.270441e-03    1.456032e-04    6.410687e-09 
 3
 Nonlinear solution status: time= 1.21814
	stiffness updates             = 2
	right hand side evaluations   = 4
	stiffness matrix reformations = 1
	step from line search         = 1.000000
	convergence norms :     INITIAL         CURRENT         REQUIRED
	   residual            1.544637e-03    5.787941e-04    0.000000e+00 
	   energy              2.058732e-03    1.170774e-06    2.058732e-05 
	   displacement        8.270441e-03    9.275746e-06    6.454763e-09 
 4
 Nonlinear solution status: time= 1.21814
	stiffness updates             = 3
	right hand side evaluations   = 5
	stiffness matrix reformations = 1
	step from line search         = 1.000000
	convergence norms :     INITIAL         CURRENT         REQUIRED
	   residual            1.544637e-03    6.557637e-05    0.000000e+00 
	   energy              2.058732e-03    1.905452e-07    2.058732e-05 
	   displacement        8.270441e-03    1.124272e-06    6.591962e-09 
 5
 Nonlinear solution status: time= 1.21814
	stiffness updates             = 4
	right hand side evaluations   = 6
	stiffness matrix reformations = 1
	step from line search         = 1.000000
	convergence norms :     INITIAL         CURRENT         REQUIRED
	   residual            1.544637e-03    2.157498e-05    0.000000e+00 
	   energy              2.058732e-03    2.664208e-08    2.058732e-05 
	   displacement        8.270441e-03    1.244930e-07    6.586758e-09 
 6
 Nonlinear solution status: time= 1.21814
	stiffness updates             = 5
	right hand side evaluations   = 7
	stiffness matrix reformations = 1
	step from line search         = 1.000000
	convergence norms :     INITIAL         CURRENT         REQUIRED
	   residual            1.544637e-03    3.039605e-06    0.000000e+00 
	   energy              2.058732e-03    3.449085e-09    2.058732e-05 
	   displacement        8.270441e-03    2.513357e-08    6.574280e-09 
 7
 Nonlinear solution status: time= 1.21814
	stiffness updates             = 6
	right hand side evaluations   = 8
	stiffness matrix reformations = 1
	step from line search         = 1.000000
	convergence norms :     INITIAL         CURRENT         REQUIRED
	   residual            1.544637e-03    4.690582e-07    0.000000e+00 
	   energy              2.058732e-03    1.722721e-10    2.058732e-05 
	   displacement        8.270441e-03    2.807156e-09    6.577386e-09 

convergence summary
    number of iterations   : 7
    number of reformations : 1

------- converged at time : 1.21814


AUTO STEPPER: increasing time step, dt = 0.00933842

MUST POINT CONTROLLER: adjusting time step. dt = 0.00686069


===== beginning time step 55 : 1.225 =====


Reforming stiffness matrix: reformation #1

 1
 Nonlinear solution status: time= 1.225
	stiffness updates             = 0
	right hand side evaluations   = 2
	stiffness matrix reformations = 1
	step from line search         = 1.000000
	convergence norms :     INITIAL         CURRENT         REQUIRED
	   residual            1.987497e-03    2.896600e-03    0.000000e+00 
	   energy              1.598469e-03    1.547517e-04    1.598469e-05 
	   displacement        3.913116e-03    3.913116e-03    3.913116e-09 
 2
 Nonlinear solution status: time= 1.225
	stiffness updates             = 1
	right hand side evaluations   = 3
	stiffness matrix reformations = 1
	step from line search         = 1.000000
	convergence norms :     INITIAL         CURRENT         REQUIRED
	   residual            1.987497e-03    5.740720e-04    0.000000e+00 
	   energy              1.598469e-03    2.708652e-06    1.598469e-05 
	   displacement        3.913116e-03    5.749152e-05    3.111817e-09 
 3
 Nonlinear solution status: time= 1.225
	stiffness updates             = 2
	right hand side evaluations   = 4
	stiffness matrix reformations = 1
	step from line search         = 1.000000
	convergence norms :     INITIAL         CURRENT         REQUIRED
	   residual            1.987497e-03    4.734036e-05    0.000000e+00 
	   energy              1.598469e-03    1.662045e-07    1.598469e-05 
	   displacement        3.913116e-03    1.279574e-06    3.142071e-09 
 4
 Nonlinear solution status: time= 1.225
	stiffness updates             = 3
	right hand side evaluations   = 5
	stiffness matrix reformations = 1
	step from line search         = 1.000000
	convergence norms :     INITIAL         CURRENT         REQUIRED
	   residual            1.987497e-03    1.665287e-06    0.000000e+00 
	   energy              1.598469e-03    6.675353e-09    1.598469e-05 
	   displacement        3.913116e-03    6.260933e-08    3.159240e-09 
 5
 Nonlinear solution status: time= 1.225
	stiffness updates             = 4
	right hand side evaluations   = 6
	stiffness matrix reformations = 1
	step from line search         = 1.000000
	convergence norms :     INITIAL         CURRENT         REQUIRED
	   residual            1.987497e-03    3.586424e-07    0.000000e+00 
	   energy              1.598469e-03    4.611205e-10    1.598469e-05 
	   displacement        3.913116e-03    3.089729e-09    3.157571e-09 

convergence summary
    number of iterations   : 5
    number of reformations : 1

------- converged at time : 1.225


AUTO STEPPER: increasing time step, dt = 0.00947074


===== beginning time step 56 : 1.23447 =====


Reforming stiffness matrix: reformation #1

 1
 Nonlinear solution status: time= 1.23447
	stiffness updates             = 0
	right hand side evaluations   = 2
	stiffness matrix reformations = 1
	step from line search         = 1.000000
	convergence norms :     INITIAL         CURRENT         REQUIRED
	   residual            9.329214e-04    4.356551e-03    0.000000e+00 
	   energy              1.329954e-03    1.566196e-04    1.329954e-05 
	   displacement        5.734527e-03    5.734527e-03    5.734527e-09 
 2
 Nonlinear solution status: time= 1.23447
	stiffness updates             = 1
	right hand side evaluations   = 3
	stiffness matrix reformations = 1
	step from line search         = 1.000000
	convergence norms :     INITIAL         CURRENT         REQUIRED
	   residual            9.329214e-04    6.483798e-04    0.000000e+00 
	   energy              1.329954e-03    4.111184e-06    1.329954e-05 
	   displacement        5.734527e-03    9.492603e-05    4.447402e-09 
 3
 Nonlinear solution status: time= 1.23447
	stiffness updates             = 2
	right hand side evaluations   = 4
	stiffness matrix reformations = 1
	step from line search         = 1.000000
	convergence norms :     INITIAL         CURRENT         REQUIRED
	   residual            9.329214e-04    1.101689e-04    0.000000e+00 
	   energy              1.329954e-03    3.363867e-07    1.329954e-05 
	   displacement        5.734527e-03    3.253970e-06    4.492025e-09 
 4
 Nonlinear solution status: time= 1.23447
	stiffness updates             = 3
	right hand side evaluations   = 5
	stiffness matrix reformations = 1
	step from line search         = 1.000000
	convergence norms :     INITIAL         CURRENT         REQUIRED
	   residual            9.329214e-04    4.200336e-06    0.000000e+00 
	   energy              1.329954e-03    1.857041e-08    1.329954e-05 
	   displacement        5.734527e-03    2.246384e-07    4.540446e-09 
 5
 Nonlinear solution status: time= 1.23447
	stiffness updates             = 4
	right hand side evaluations   = 6
	stiffness matrix reformations = 1
	step from line search         = 1.000000
	convergence norms :     INITIAL         CURRENT         REQUIRED
	   residual            9.329214e-04    1.169818e-06    0.000000e+00 
	   energy              1.329954e-03    1.585070e-09    1.329954e-05 
	   displacement        5.734527e-03    1.206941e-08    4.537315e-09 
 6
 Nonlinear solution status: time= 1.23447
	stiffness updates             = 5
	right hand side evaluations   = 7
	stiffness matrix reformations = 1
	step from line search         = 1.000000
	convergence norms :     INITIAL         CURRENT         REQUIRED
	   residual            9.329214e-04    8.092047e-08    0.000000e+00 
	   energy              1.329954e-03    7.002572e-11    1.329954e-05 
	   displacement        5.734527e-03    1.177346e-09    4.535803e-09 

convergence summary
    number of iterations   : 6
    number of reformations : 1

------- converged at time : 1.23447


AUTO STEPPER: increasing time step, dt = 0.00957659


===== beginning time step 57 : 1.24405 =====


Reforming stiffness matrix: reformation #1

 1
 Nonlinear solution status: time= 1.24405
	stiffness updates             = 0
	right hand side evaluations   = 2
	stiffness matrix reformations = 1
	step from line search         = 1.000000
	convergence norms :     INITIAL         CURRENT         REQUIRED
	   residual            5.961006e-04    1.271719e-03    0.000000e+00 
	   energy              8.813413e-04    1.022355e-04    8.813413e-06 
	   displacement        3.957162e-03    3.957162e-03    3.957162e-09 
 2
 Nonlinear solution status: time= 1.24405
	stiffness updates             = 1
	right hand side evaluations   = 3
	stiffness matrix reformations = 1
	step from line search         = 1.000000
	convergence norms :     INITIAL         CURRENT         REQUIRED
	   residual            5.961006e-04    1.528428e-04    0.000000e+00 
	   energy              8.813413e-04    1.249170e-06    8.813413e-06 
	   displacement        3.957162e-03    6.203537e-05    3.076203e-09 
 3
 Nonlinear solution status: time= 1.24405
	stiffness updates             = 2
	right hand side evaluations   = 4
	stiffness matrix reformations = 1
	step from line search         = 1.000000
	convergence norms :     INITIAL         CURRENT         REQUIRED
	   residual            5.961006e-04    1.229460e-05    0.000000e+00 
	   energy              8.813413e-04    6.472022e-08    8.813413e-06 
	   displacement        3.957162e-03    7.553183e-07    3.104386e-09 
 4
 Nonlinear solution status: time= 1.24405
	stiffness updates             = 3
	right hand side evaluations   = 5
	stiffness matrix reformations = 1
	step from line search         = 1.000000
	convergence norms :     INITIAL         CURRENT         REQUIRED
	   residual            5.961006e-04    2.450512e-07    0.000000e+00 
	   energy              8.813413e-04    1.456504e-09    8.813413e-06 
	   displacement        3.957162e-03    2.924784e-08    3.115281e-09 
 5
 Nonlinear solution status: time= 1.24405
	stiffness updates             = 4
	right hand side evaluations   = 6
	stiffness matrix reformations = 1
	step from line search         = 1.000000
	convergence norms :     INITIAL         CURRENT         REQUIRED
	   residual            5.961006e-04    4.185963e-08    0.000000e+00 
	   energy              8.813413e-04    7.569083e-11    8.813413e-06 
	   displacement        3.957162e-03    9.080448e-10    3.114263e-09 

convergence summary
    number of iterations   : 5
    number of reformations : 1

------- converged at time : 1.24405


AUTO STEPPER: increasing time step, dt = 0.00966127

MUST POINT CONTROLLER: adjusting time step. dt = 0.00595267


===== beginning time step 58 : 1.25 =====


Reforming stiffness matrix: reformation #1

 1
 Nonlinear solution status: time= 1.25
	stiffness updates             = 0
	right hand side evaluations   = 2
	stiffness matrix reformations = 1
	step from line search         = 1.000000
	convergence norms :     INITIAL         CURRENT         REQUIRED
	   residual            8.408518e-04    1.110660e-04    0.000000e+00 
	   energy              5.324742e-04    4.885608e-05    5.324742e-06 
	   displacement        1.054558e-03    1.054558e-03    1.054558e-09 
 2
 Nonlinear solution status: time= 1.25
	stiffness updates             = 1
	right hand side evaluations   = 3
	stiffness matrix reformations = 1
	step from line search         = 1.000000
	convergence norms :     INITIAL         CURRENT         REQUIRED
	   residual            8.408518e-04    2.950513e-05    0.000000e+00 
	   energy              5.324742e-04    2.935488e-07    5.324742e-06 
	   displacement        1.054558e-03    1.556794e-05    8.396569e-10 
 3
 Nonlinear solution status: time= 1.25
	stiffness updates             = 2
	right hand side evaluations   = 4
	stiffness matrix reformations = 1
	step from line search         = 1.000000
	convergence norms :     INITIAL         CURRENT         REQUIRED
	   residual            8.408518e-04    7.948706e-08    0.000000e+00 
	   energy              5.324742e-04    3.490920e-09    5.324742e-06 
	   displacement        1.054558e-03    7.469061e-08    8.452597e-10 
 4
 Nonlinear solution status: time= 1.25
	stiffness updates             = 3
	right hand side evaluations   = 5
	stiffness matrix reformations = 1
	step from line search         = 1.000000
	convergence norms :     INITIAL         CURRENT         REQUIRED
	   residual            8.408518e-04    1.995589e-09    0.000000e+00 
	   energy              5.324742e-04    7.584166e-12    5.324742e-06 
	   displacement        1.054558e-03    4.576401e-10    8.457312e-10 

convergence summary
    number of iterations   : 4
    number of reformations : 1

------- converged at time : 1.25


AUTO STEPPER: increasing time step, dt = 0.00972902


===== beginning time step 59 : 1.25973 =====


Reforming stiffness matrix: reformation #1

 1
 Nonlinear solution status: time= 1.25973
	stiffness updates             = 0
	right hand side evaluations   = 2
	stiffness matrix reformations = 1
	step from line search         = 1.000000
	convergence norms :     INITIAL         CURRENT         REQUIRED
	   residual            2.700369e-04    1.281105e-04    0.000000e+00 
	   energy              4.172419e-04    4.899168e-05    4.172419e-06 
	   displacement        1.980012e-03    1.980012e-03    1.980012e-09 
 2
 Nonlinear solution status: time= 1.25973
	stiffness updates             = 1
	right hand side evaluations   = 3
	stiffness matrix reformations = 1
	step from line search         = 1.000000
	convergence norms :     INITIAL         CURRENT         REQUIRED
	   residual            2.700369e-04    1.791320e-05    0.000000e+00 
	   energy              4.172419e-04    1.824479e-07    4.172419e-06 
	   displacement        1.980012e-03    3.063716e-05    1.536568e-09 
 3
 Nonlinear solution status: time= 1.25973
	stiffness updates             = 2
	right hand side evaluations   = 4
	stiffness matrix reformations = 1
	step from line search         = 1.000000
	convergence norms :     INITIAL         CURRENT         REQUIRED
	   residual            2.700369e-04    9.895207e-08    0.000000e+00 
	   energy              4.172419e-04    3.069526e-09    4.172419e-06 
	   displacement        1.980012e-03    6.593784e-08    1.543680e-09 
 4
 Nonlinear solution status: time= 1.25973
	stiffness updates             = 3
	right hand side evaluations   = 5
	stiffness matrix reformations = 1
	step from line search         = 1.000000
	convergence norms :     INITIAL         CURRENT         REQUIRED
	   residual            2.700369e-04    2.793801e-09    0.000000e+00 
	   energy              4.172419e-04    5.853734e-12    4.172419e-06 
	   displacement        1.980012e-03    1.057467e-09    1.544320e-09 

convergence summary
    number of iterations   : 4
    number of reformations : 1

------- converged at time : 1.25973


AUTO STEPPER: increasing time step, dt = 0.00978321


===== beginning time step 60 : 1.26951 =====


Reforming stiffness matrix: reformation #1

 1
 Nonlinear solution status: time= 1.26951
	stiffness updates             = 0
	right hand side evaluations   = 2
	stiffness matrix reformations = 1
	step from line search         = 1.000000
	convergence norms :     INITIAL         CURRENT         REQUIRED
	   residual            1.696265e-04    5.074098e-05    0.000000e+00 
	   energy              2.621343e-04    3.102972e-05    2.621343e-06 
	   displacement        1.254814e-03    1.254814e-03    1.254814e-09 
 2
 Nonlinear solution status: time= 1.26951
	stiffness updates             = 1
	right hand side evaluations   = 3
	stiffness matrix reformations = 1
	step from line search         = 1.000000
	convergence norms :     INITIAL         CURRENT         REQUIRED
	   residual            1.696265e-04    6.360305e-06    0.000000e+00 
	   energy              2.621343e-04    7.417816e-08    2.621343e-06 
	   displacement        1.254814e-03    1.950650e-05    9.725387e-10 
 3
 Nonlinear solution status: time= 1.26951
	stiffness updates             = 2
	right hand side evaluations   = 4
	stiffness matrix reformations = 1
	step from line search         = 1.000000
	convergence norms :     INITIAL         CURRENT         REQUIRED
	   residual            1.696265e-04    3.389714e-08    0.000000e+00 
	   energy              2.621343e-04    1.170060e-09    2.621343e-06 
	   displacement        1.254814e-03    2.824615e-08    9.758320e-10 
 4
 Nonlinear solution status: time= 1.26951
	stiffness updates             = 3
	right hand side evaluations   = 5
	stiffness matrix reformations = 1
	step from line search         = 1.000000
	convergence norms :     INITIAL         CURRENT         REQUIRED
	   residual            1.696265e-04    5.380657e-10    0.000000e+00 
	   energy              2.621343e-04    2.731321e-12    2.621343e-06 
	   displacement        1.254814e-03    4.074163e-10    9.760819e-10 

convergence summary
    number of iterations   : 4
    number of reformations : 1

------- converged at time : 1.26951


AUTO STEPPER: increasing time step, dt = 0.00982657

MUST POINT CONTROLLER: adjusting time step. dt = 0.00548777


===== beginning time step 61 : 1.275 =====


Reforming stiffness matrix: reformation #1

 1
 Nonlinear solution status: time= 1.275
	stiffness updates             = 0
	right hand side evaluations   = 2
	stiffness matrix reformations = 1
	step from line search         = 1.000000
	convergence norms :     INITIAL         CURRENT         REQUIRED
	   residual            2.942023e-04    2.200603e-05    0.000000e+00 
	   energy              1.591931e-04    1.501944e-05    1.591931e-06 
	   displacement        2.763336e-04    2.763336e-04    2.763336e-10 
 2
 Nonlinear solution status: time= 1.275
	stiffness updates             = 1
	right hand side evaluations   = 3
	stiffness matrix reformations = 1
	step from line search         = 1.000000
	convergence norms :     INITIAL         CURRENT         REQUIRED
	   residual            2.942023e-04    2.503399e-06    0.000000e+00 
	   energy              1.591931e-04    8.032675e-08    1.591931e-06 
	   displacement        2.763336e-04    4.420060e-06    2.183023e-10 
 3
 Nonlinear solution status: time= 1.275
	stiffness updates             = 2
	right hand side evaluations   = 4
	stiffness matrix reformations = 1
	step from line search         = 1.000000
	convergence norms :     INITIAL         CURRENT         REQUIRED
	   residual            2.942023e-04    5.715366e-09    0.000000e+00 
	   energy              1.591931e-04    7.590675e-10    1.591931e-06 
	   displacement        2.763336e-04    1.955169e-08    2.197009e-10 
 4
 Nonlinear solution status: time= 1.275
	stiffness updates             = 3
	right hand side evaluations   = 5
	stiffness matrix reformations = 1
	step from line search         = 1.000000
	convergence norms :     INITIAL         CURRENT         REQUIRED
	   residual            2.942023e-04    1.923457e-11    0.000000e+00 
	   energy              1.591931e-04    1.068874e-12    1.591931e-06 
	   displacement        2.763336e-04    8.946571e-11    2.197838e-10 

convergence summary
    number of iterations   : 4
    number of reformations : 1

------- converged at time : 1.275


AUTO STEPPER: increasing time step, dt = 0.00986126


===== beginning time step 62 : 1.28486 =====


Reforming stiffness matrix: reformation #1

 1
 Nonlinear solution status: time= 1.28486
	stiffness updates             = 0
	right hand side evaluations   = 2
	stiffness matrix reformations = 1
	step from line search         = 1.000000
	convergence norms :     INITIAL         CURRENT         REQUIRED
	   residual            8.607464e-05    1.502929e-05    0.000000e+00 
	   energy              1.311605e-04    1.550409e-05    1.311605e-06 
	   displacement        6.261136e-04    6.261136e-04    6.261136e-10 
 2
 Nonlinear solution status: time= 1.28486
	stiffness updates             = 1
	right hand side evaluations   = 3
	stiffness matrix reformations = 1
	step from line search         = 1.000000
	convergence norms :     INITIAL         CURRENT         REQUIRED
	   residual            8.607464e-05    1.451151e-06    0.000000e+00 
	   energy              1.311605e-04    2.586940e-08    1.311605e-06 
	   displacement        6.261136e-04    9.652863e-06    4.856609e-10 
 3
 Nonlinear solution status: time= 1.28486
	stiffness updates             = 2
	right hand side evaluations   = 4
	stiffness matrix reformations = 1
	step from line search         = 1.000000
	convergence norms :     INITIAL         CURRENT         REQUIRED
	   residual            8.607464e-05    5.980341e-09    0.000000e+00 
	   energy              1.311605e-04    3.094527e-10    1.311605e-06 
	   displacement        6.261136e-04    1.024988e-08    4.870412e-10 
 4
 Nonlinear solution status: time= 1.28486
	stiffness updates             = 3
	right hand side evaluations   = 5
	stiffness matrix reformations = 1
	step from line search         = 1.000000
	convergence norms :     INITIAL         CURRENT         REQUIRED
	   residual            8.607464e-05    4.563051e-11    0.000000e+00 
	   energy              1.311605e-04    5.191766e-13    1.311605e-06 
	   displacement        6.261136e-04    1.082772e-10    4.870962e-10 

convergence summary
    number of iterations   : 4
    number of reformations : 1

------- converged at time : 1.28486


AUTO STEPPER: increasing time step, dt = 0.00988901


===== beginning time step 63 : 1.29475 =====


Reforming stiffness matrix: reformation #1

 1
 Nonlinear solution status: time= 1.29475
	stiffness updates             = 0
	right hand side evaluations   = 2
	stiffness matrix reformations = 1
	step from line search         = 1.000000
	convergence norms :     INITIAL         CURRENT         REQUIRED
	   residual            5.359487e-05    7.109832e-06    0.000000e+00 
	   energy              8.207332e-05    9.675015e-06    8.207332e-07 
	   displacement        3.944888e-04    3.944888e-04    3.944888e-10 
 2
 Nonlinear solution status: time= 1.29475
	stiffness updates             = 1
	right hand side evaluations   = 3
	stiffness matrix reformations = 1
	step from line search         = 1.000000
	convergence norms :     INITIAL         CURRENT         REQUIRED
	   residual            5.359487e-05    5.867067e-07    0.000000e+00 
	   energy              8.207332e-05    1.463206e-08    8.207332e-07 
	   displacement        3.944888e-04    6.032701e-06    3.062301e-10 
 3
 Nonlinear solution status: time= 1.29475
	stiffness updates             = 2
	right hand side evaluations   = 4
	stiffness matrix reformations = 1
	step from line search         = 1.000000
	convergence norms :     INITIAL         CURRENT         REQUIRED
	   residual            5.359487e-05    1.721547e-09    0.000000e+00 
	   energy              8.207332e-05    1.529452e-10    8.207332e-07 
	   displacement        3.944888e-04    5.725724e-09    3.070720e-10 
 4
 Nonlinear solution status: time= 1.29475
	stiffness updates             = 3
	right hand side evaluations   = 5
	stiffness matrix reformations = 1
	step from line search         = 1.000000
	convergence norms :     INITIAL         CURRENT         REQUIRED
	   residual            5.359487e-05    1.087627e-11    0.000000e+00 
	   energy              8.207332e-05    1.873177e-13    8.207332e-07 
	   displacement        3.944888e-04    5.378221e-11    3.070935e-10 

convergence summary
    number of iterations   : 4
    number of reformations : 1

------- converged at time : 1.29475


AUTO STEPPER: increasing time step, dt = 0.0099112

MUST POINT CONTROLLER: adjusting time step. dt = 0.00524974


===== beginning time step 64 : 1.3 =====


Reforming stiffness matrix: reformation #1

 1
 Nonlinear solution status: time= 1.3
	stiffness updates             = 0
	right hand side evaluations   = 2
	stiffness matrix reformations = 1
	step from line search         = 1.000000
	convergence norms :     INITIAL         CURRENT         REQUIRED
	   residual            9.951557e-05    6.598163e-06    0.000000e+00 
	   energy              5.088756e-05    4.847102e-06    5.088756e-07 
	   displacement        8.450496e-05    8.450496e-05    8.450496e-11 
 2
 Nonlinear solution status: time= 1.3
	stiffness updates             = 1
	right hand side evaluations   = 3
	stiffness matrix reformations = 1
	step from line search         = 1.000000
	convergence norms :     INITIAL         CURRENT         REQUIRED
	   residual            9.951557e-05    3.256380e-07    0.000000e+00 
	   energy              5.088756e-05    2.544709e-08    5.088756e-07 
	   displacement        8.450496e-05    1.403712e-06    6.640297e-11 
 3
 Nonlinear solution status: time= 1.3
	stiffness updates             = 2
	right hand side evaluations   = 4
	stiffness matrix reformations = 1
	step from line search         = 1.000000
	convergence norms :     INITIAL         CURRENT         REQUIRED
	   residual            9.951557e-05    7.508766e-10    0.000000e+00 
	   energy              5.088756e-05    2.307437e-10    5.088756e-07 
	   displacement        8.450496e-05    5.905482e-09    6.685754e-11 
 4
 Nonlinear solution status: time= 1.3
	stiffness updates             = 3
	right hand side evaluations   = 5
	stiffness matrix reformations = 1
	step from line search         = 1.000000
	convergence norms :     INITIAL         CURRENT         REQUIRED
	   residual            9.951557e-05    1.524925e-12    0.000000e+00 
	   energy              5.088756e-05    3.849195e-13    5.088756e-07 
	   displacement        8.450496e-05    2.645711e-11    6.687760e-11 

convergence summary
    number of iterations   : 4
    number of reformations : 1

------- converged at time : 1.3


AUTO STEPPER: increasing time step, dt = 0.00992896


===== beginning time step 65 : 1.30993 =====


Reforming stiffness matrix: reformation #1

 1
 Nonlinear solution status: time= 1.30993
	stiffness updates             = 0
	right hand side evaluations   = 2
	stiffness matrix reformations = 1
	step from line search         = 1.000000
	convergence norms :     INITIAL         CURRENT         REQUIRED
	   residual            2.945655e-05    4.815005e-06    0.000000e+00 
	   energy              4.663012e-05    5.474152e-06    4.663012e-07 
	   displacement        2.317321e-04    2.317321e-04    2.317321e-10 
 2
 Nonlinear solution status: time= 1.30993
	stiffness updates             = 1
	right hand side evaluations   = 3
	stiffness matrix reformations = 1
	step from line search         = 1.000000
	convergence norms :     INITIAL         CURRENT         REQUIRED
	   residual            2.945655e-05    3.157587e-07    0.000000e+00 
	   energy              4.663012e-05    8.791931e-09    4.663012e-07 
	   displacement        2.317321e-04    3.524352e-06    1.798662e-10 
 3
 Nonlinear solution status: time= 1.30993
	stiffness updates             = 2
	right hand side evaluations   = 4
	stiffness matrix reformations = 1
	step from line search         = 1.000000
	convergence norms :     INITIAL         CURRENT         REQUIRED
	   residual            2.945655e-05    6.596214e-10    0.000000e+00 
	   energy              4.663012e-05    7.486440e-11    4.663012e-07 
	   displacement        2.317321e-04    2.895525e-09    1.803880e-10 
 4
 Nonlinear solution status: time= 1.30993
	stiffness updates             = 3
	right hand side evaluations   = 5
	stiffness matrix reformations = 1
	step from line search         = 1.000000
	convergence norms :     INITIAL         CURRENT         REQUIRED
	   residual            2.945655e-05    3.345657e-12    0.000000e+00 
	   energy              4.663012e-05    8.479520e-14    4.663012e-07 
	   displacement        2.317321e-04    2.405465e-11    1.803988e-10 

convergence summary
    number of iterations   : 4
    number of reformations : 1

------- converged at time : 1.30993


AUTO STEPPER: increasing time step, dt = 0.00994317


===== beginning time step 66 : 1.31987 =====


Reforming stiffness matrix: reformation #1

 1
 Nonlinear solution status: time= 1.31987
	stiffness updates             = 0
	right hand side evaluations   = 2
	stiffness matrix reformations = 1
	step from line search         = 1.000000
	convergence norms :     INITIAL         CURRENT         REQUIRED
	   residual            2.322098e-05    3.997007e-06    0.000000e+00 
	   energy              3.729840e-05    4.360123e-06    3.729840e-07 
	   displacement        1.882318e-04    1.882318e-04    1.882318e-10 
 2
 Nonlinear solution status: time= 1.31987
	stiffness updates             = 1
	right hand side evaluations   = 3
	stiffness matrix reformations = 1
	step from line search         = 1.000000
	convergence norms :     INITIAL         CURRENT         REQUIRED
	   residual            2.322098e-05    2.498456e-07    0.000000e+00 
	   energy              3.729840e-05    7.451692e-09    3.729840e-07 
	   displacement        1.882318e-04    2.866906e-06    1.460481e-10 
 3
 Nonlinear solution status: time= 1.31987
	stiffness updates             = 2
	right hand side evaluations   = 4
	stiffness matrix reformations = 1
	step from line search         = 1.000000
	convergence norms :     INITIAL         CURRENT         REQUIRED
	   residual            2.322098e-05    4.204609e-10    0.000000e+00 
	   energy              3.729840e-05    5.416881e-11    3.729840e-07 
	   displacement        1.882318e-04    2.167074e-09    1.464861e-10 
 4
 Nonlinear solution status: time= 1.31987
	stiffness updates             = 3
	right hand side evaluations   = 5
	stiffness matrix reformations = 1
	step from line search         = 1.000000
	convergence norms :     INITIAL         CURRENT         REQUIRED
	   residual            2.322098e-05    1.757717e-12    0.000000e+00 
	   energy              3.729840e-05    5.447476e-14    3.729840e-07 
	   displacement        1.882318e-04    1.467575e-11    1.464953e-10 

convergence summary
    number of iterations   : 4
    number of reformations : 1

------- converged at time : 1.31987


AUTO STEPPER: increasing time step, dt = 0.00995454

MUST POINT CONTROLLER: adjusting time step. dt = 0.00512787


===== beginning time step 67 : 1.325 =====


Reforming stiffness matrix: reformation #1

 1
 Nonlinear solution status: time= 1.325
	stiffness updates             = 0
	right hand side evaluations   = 2
	stiffness matrix reformations = 1
	step from line search         = 1.000000
	convergence norms :     INITIAL         CURRENT         REQUIRED
	   residual            6.057129e-05    4.005776e-06    0.000000e+00 
	   energy              3.031762e-05    2.817107e-06    3.031762e-07 
	   displacement        4.966236e-05    4.966236e-05    4.966236e-11 
 2
 Nonlinear solution status: time= 1.325
	stiffness updates             = 1
	right hand side evaluations   = 3
	stiffness matrix reformations = 1
	step from line search         = 1.000000
	convergence norms :     INITIAL         CURRENT         REQUIRED
	   residual            6.057129e-05    1.689521e-07    0.000000e+00 
	   energy              3.031762e-05    1.658923e-08    3.031762e-07 
	   displacement        4.966236e-05    8.407982e-07    3.893297e-11 
 3
 Nonlinear solution status: time= 1.325
	stiffness updates             = 2
	right hand side evaluations   = 4
	stiffness matrix reformations = 1
	step from line search         = 1.000000
	convergence norms :     INITIAL         CURRENT         REQUIRED
	   residual            6.057129e-05    2.844850e-10    0.000000e+00 
	   energy              3.031762e-05    1.259052e-10    3.031762e-07 
	   displacement        4.966236e-05    3.517581e-09    3.921728e-11 
 4
 Nonlinear solution status: time= 1.325
	stiffness updates             = 3
	right hand side evaluations   = 5
	stiffness matrix reformations = 1
	step from line search         = 1.000000
	convergence norms :     INITIAL         CURRENT         REQUIRED
	   residual            6.057129e-05    7.264740e-13    0.000000e+00 
	   energy              3.031762e-05    2.267516e-13    3.031762e-07 
	   displacement        4.966236e-05    1.308226e-11    3.923069e-11 

convergence summary
    number of iterations   : 4
    number of reformations : 1

------- converged at time : 1.325


AUTO STEPPER: increasing time step, dt = 0.00996363


===== beginning time step 68 : 1.33496 =====


Reforming stiffness matrix: reformation #1

 1
 Nonlinear solution status: time= 1.33496
	stiffness updates             = 0
	right hand side evaluations   = 2
	stiffness matrix reformations = 1
	step from line search         = 1.000000
	convergence norms :     INITIAL         CURRENT         REQUIRED
	   residual            2.139287e-05    3.493091e-06    0.000000e+00 
	   energy              3.434205e-05    4.040758e-06    3.434205e-07 
	   displacement        1.747001e-04    1.747001e-04    1.747001e-10 
 2
 Nonlinear solution status: time= 1.33496
	stiffness updates             = 1
	right hand side evaluations   = 3
	stiffness matrix reformations = 1
	step from line search         = 1.000000
	convergence norms :     INITIAL         CURRENT         REQUIRED
	   residual            2.139287e-05    2.299289e-07    0.000000e+00 
	   energy              3.434205e-05    7.192952e-09    3.434205e-07 
	   displacement        1.747001e-04    2.701612e-06    1.352766e-10 
 3
 Nonlinear solution status: time= 1.33496
	stiffness updates             = 2
	right hand side evaluations   = 4
	stiffness matrix reformations = 1
	step from line search         = 1.000000
	convergence norms :     INITIAL         CURRENT         REQUIRED
	   residual            2.139287e-05    3.718474e-10    0.000000e+00 
	   energy              3.434205e-05    5.188110e-11    3.434205e-07 
	   displacement        1.747001e-04    2.026966e-09    1.356820e-10 
 4
 Nonlinear solution status: time= 1.33496
	stiffness updates             = 3
	right hand side evaluations   = 5
	stiffness matrix reformations = 1
	step from line search         = 1.000000
	convergence norms :     INITIAL         CURRENT         REQUIRED
	   residual            2.139287e-05    1.095488e-12    0.000000e+00 
	   energy              3.434205e-05    4.320072e-14    3.434205e-07 
	   displacement        1.747001e-04    1.267985e-11    1.356925e-10 

convergence summary
    number of iterations   : 4
    number of reformations : 1

------- converged at time : 1.33496


AUTO STEPPER: increasing time step, dt = 0.0099709


===== beginning time step 69 : 1.34493 =====


Reforming stiffness matrix: reformation #1

 1
 Nonlinear solution status: time= 1.34493
	stiffness updates             = 0
	right hand side evaluations   = 2
	stiffness matrix reformations = 1
	step from line search         = 1.000000
	convergence norms :     INITIAL         CURRENT         REQUIRED
	   residual            2.019028e-05    2.775535e-06    0.000000e+00 
	   energy              3.241413e-05    3.860432e-06    3.241413e-07 
	   displacement        1.653783e-04    1.653783e-04    1.653783e-10 
 2
 Nonlinear solution status: time= 1.34493
	stiffness updates             = 1
	right hand side evaluations   = 3
	stiffness matrix reformations = 1
	step from line search         = 1.000000
	convergence norms :     INITIAL         CURRENT         REQUIRED
	   residual            2.019028e-05    1.836910e-07    0.000000e+00 
	   energy              3.241413e-05    6.455009e-09    3.241413e-07 
	   displacement        1.653783e-04    2.589807e-06    1.278264e-10 
 3
 Nonlinear solution status: time= 1.34493
	stiffness updates             = 2
	right hand side evaluations   = 4
	stiffness matrix reformations = 1
	step from line search         = 1.000000
	convergence norms :     INITIAL         CURRENT         REQUIRED
	   residual            2.019028e-05    3.000434e-10    0.000000e+00 
	   energy              3.241413e-05    4.927411e-11    3.241413e-07 
	   displacement        1.653783e-04    1.928276e-09    1.281914e-10 
 4
 Nonlinear solution status: time= 1.34493
	stiffness updates             = 3
	right hand side evaluations   = 5
	stiffness matrix reformations = 1
	step from line search         = 1.000000
	convergence norms :     INITIAL         CURRENT         REQUIRED
	   residual            2.019028e-05    5.241151e-13    0.000000e+00 
	   energy              3.241413e-05    3.260857e-14    3.241413e-07 
	   displacement        1.653783e-04    1.214787e-11    1.282009e-10 

convergence summary
    number of iterations   : 4
    number of reformations : 1

------- converged at time : 1.34493


AUTO STEPPER: increasing time step, dt = 0.00997672

MUST POINT CONTROLLER: adjusting time step. dt = 0.00506547


===== beginning time step 70 : 1.35 =====


Reforming stiffness matrix: reformation #1

 1
 Nonlinear solution status: time= 1.35
	stiffness updates             = 0
	right hand side evaluations   = 2
	stiffness matrix reformations = 1
	step from line search         = 1.000000
	convergence norms :     INITIAL         CURRENT         REQUIRED
	   residual            5.744432e-05    3.747343e-06    0.000000e+00 
	   energy              2.729816e-05    2.518161e-06    2.729816e-07 
	   displacement        4.263131e-05    4.263131e-05    4.263131e-11 
 2
 Nonlinear solution status: time= 1.35
	stiffness updates             = 1
	right hand side evaluations   = 3
	stiffness matrix reformations = 1
	step from line search         = 1.000000
	convergence norms :     INITIAL         CURRENT         REQUIRED
	   residual            5.744432e-05    1.174636e-07    0.000000e+00 
	   energy              2.729816e-05    1.557920e-08    2.729816e-07 
	   displacement        4.263131e-05    7.147206e-07    3.354208e-11 
 3
 Nonlinear solution status: time= 1.35
	stiffness updates             = 2
	right hand side evaluations   = 4
	stiffness matrix reformations = 1
	step from line search         = 1.000000
	convergence norms :     INITIAL         CURRENT         REQUIRED
	   residual            5.744432e-05    2.277691e-10    0.000000e+00 
	   energy              2.729816e-05    1.264011e-10    2.729816e-07 
	   displacement        4.263131e-05    3.369035e-09    3.378425e-11 
 4
 Nonlinear solution status: time= 1.35
	stiffness updates             = 3
	right hand side evaluations   = 5
	stiffness matrix reformations = 1
	step from line search         = 1.000000
	convergence norms :     INITIAL         CURRENT         REQUIRED
	   residual            5.744432e-05    4.406174e-13    0.000000e+00 
	   energy              2.729816e-05    1.966113e-13    2.729816e-07 
	   displacement        4.263131e-05    1.281195e-11    3.379740e-11 

convergence summary
    number of iterations   : 4
    number of reformations : 1

------- converged at time : 1.35


AUTO STEPPER: increasing time step, dt = 0.00998138


===== beginning time step 71 : 1.35998 =====


Reforming stiffness matrix: reformation #1

 1
 Nonlinear solution status: time= 1.35998
	stiffness updates             = 0
	right hand side evaluations   = 2
	stiffness matrix reformations = 1
	step from line search         = 1.000000
	convergence norms :     INITIAL         CURRENT         REQUIRED
	   residual            1.947533e-05    1.781336e-06    0.000000e+00 
	   energy              3.146012e-05    3.774147e-06    3.146012e-07 
	   displacement        1.594802e-04    1.594802e-04    1.594802e-10 
 2
 Nonlinear solution status: time= 1.35998
	stiffness updates             = 1
	right hand side evaluations   = 3
	stiffness matrix reformations = 1
	step from line search         = 1.000000
	convergence norms :     INITIAL         CURRENT         REQUIRED
	   residual            1.947533e-05    1.041225e-07    0.000000e+00 
	   energy              3.146012e-05    5.583317e-09    3.146012e-07 
	   displacement        1.594802e-04    2.502070e-06    1.232751e-10 
 3
 Nonlinear solution status: time= 1.35998
	stiffness updates             = 2
	right hand side evaluations   = 4
	stiffness matrix reformations = 1
	step from line search         = 1.000000
	convergence norms :     INITIAL         CURRENT         REQUIRED
	   residual            1.947533e-05    1.742638e-10    0.000000e+00 
	   energy              3.146012e-05    4.803626e-11    3.146012e-07 
	   displacement        1.594802e-04    1.996936e-09    1.236058e-10 
 4
 Nonlinear solution status: time= 1.35998
	stiffness updates             = 3
	right hand side evaluations   = 5
	stiffness matrix reformations = 1
	step from line search         = 1.000000
	convergence norms :     INITIAL         CURRENT         REQUIRED
	   residual            1.947533e-05    1.429305e-13    0.000000e+00 
	   energy              3.146012e-05    2.224445e-14    3.146012e-07 
	   displacement        1.594802e-04    1.288974e-11    1.236131e-10 

convergence summary
    number of iterations   : 4
    number of reformations : 1

------- converged at time : 1.35998


AUTO STEPPER: increasing time step, dt = 0.0099851


===== beginning time step 72 : 1.36997 =====


Reforming stiffness matrix: reformation #1

 1
 Nonlinear solution status: time= 1.36997
	stiffness updates             = 0
	right hand side evaluations   = 2
	stiffness matrix reformations = 1
	step from line search         = 1.000000
	convergence norms :     INITIAL         CURRENT         REQUIRED
	   residual            1.904680e-05    1.321481e-06    0.000000e+00 
	   energy              3.086012e-05    3.663500e-06    3.086012e-07 
	   displacement        1.538956e-04    1.538956e-04    1.538956e-10 
 2
 Nonlinear solution status: time= 1.36997
	stiffness updates             = 1
	right hand side evaluations   = 3
	stiffness matrix reformations = 1
	step from line search         = 1.000000
	convergence norms :     INITIAL         CURRENT         REQUIRED
	   residual            1.904680e-05    5.877627e-08    0.000000e+00 
	   energy              3.086012e-05    5.250552e-09    3.086012e-07 
	   displacement        1.538956e-04    2.377020e-06    1.193086e-10 
 3
 Nonlinear solution status: time= 1.36997
	stiffness updates             = 2
	right hand side evaluations   = 4
	stiffness matrix reformations = 1
	step from line search         = 1.000000
	convergence norms :     INITIAL         CURRENT         REQUIRED
	   residual            1.904680e-05    1.029312e-10    0.000000e+00 
	   energy              3.086012e-05    4.909089e-11    3.086012e-07 
	   displacement        1.538956e-04    2.163098e-09    1.196298e-10 
 4
 Nonlinear solution status: time= 1.36997
	stiffness updates             = 3
	right hand side evaluations   = 5
	stiffness matrix reformations = 1
	step from line search         = 1.000000
	convergence norms :     INITIAL         CURRENT         REQUIRED
	   residual            1.904680e-05    6.110906e-14    0.000000e+00 
	   energy              3.086012e-05    1.897230e-14    3.086012e-07 
	   displacement        1.538956e-04    1.423015e-11    1.196360e-10 

convergence summary
    number of iterations   : 4
    number of reformations : 1

------- converged at time : 1.36997


AUTO STEPPER: increasing time step, dt = 0.00998808

MUST POINT CONTROLLER: adjusting time step. dt = 0.00503352


===== beginning time step 73 : 1.375 =====


Reforming stiffness matrix: reformation #1

 1
 Nonlinear solution status: time= 1.375
	stiffness updates             = 0
	right hand side evaluations   = 2
	stiffness matrix reformations = 1
	step from line search         = 1.000000
	convergence norms :     INITIAL         CURRENT         REQUIRED
	   residual            5.794328e-05    3.121469e-06    0.000000e+00 
	   energy              2.664567e-05    2.268471e-06    2.664567e-07 
	   displacement        3.828906e-05    3.828906e-05    3.828906e-11 
 2
 Nonlinear solution status: time= 1.375
	stiffness updates             = 1
	right hand side evaluations   = 3
	stiffness matrix reformations = 1
	step from line search         = 1.000000
	convergence norms :     INITIAL         CURRENT         REQUIRED
	   residual            5.794328e-05    4.585788e-08    0.000000e+00 
	   energy              2.664567e-05    1.441920e-08    2.664567e-07 
	   displacement        3.828906e-05    5.811521e-07    3.070210e-11 
 3
 Nonlinear solution status: time= 1.375
	stiffness updates             = 2
	right hand side evaluations   = 4
	stiffness matrix reformations = 1
	step from line search         = 1.000000
	convergence norms :     INITIAL         CURRENT         REQUIRED
	   residual            5.794328e-05    1.330541e-10    0.000000e+00 
	   energy              2.664567e-05    1.352552e-10    2.664567e-07 
	   displacement        3.828906e-05    3.644519e-09    3.092237e-11 
 4
 Nonlinear solution status: time= 1.375
	stiffness updates             = 3
	right hand side evaluations   = 5
	stiffness matrix reformations = 1
	step from line search         = 1.000000
	convergence norms :     INITIAL         CURRENT         REQUIRED
	   residual            5.794328e-05    2.347426e-13    0.000000e+00 
	   energy              2.664567e-05    1.965848e-13    2.664567e-07 
	   displacement        3.828906e-05    1.418633e-11    3.093481e-11 

convergence summary
    number of iterations   : 4
    number of reformations : 1

------- converged at time : 1.375


AUTO STEPPER: increasing time step, dt = 0.00999047


===== beginning time step 74 : 1.38499 =====


Reforming stiffness matrix: reformation #1

 1
 Nonlinear solution status: time= 1.38499
	stiffness updates             = 0
	right hand side evaluations   = 2
	stiffness matrix reformations = 1
	step from line search         = 1.000000
	convergence norms :     INITIAL         CURRENT         REQUIRED
	   residual            1.931504e-05    1.091460e-06    0.000000e+00 
	   energy              3.126503e-05    3.608753e-06    3.126503e-07 
	   displacement        1.509891e-04    1.509891e-04    1.509891e-10 
 2
 Nonlinear solution status: time= 1.38499
	stiffness updates             = 1
	right hand side evaluations   = 3
	stiffness matrix reformations = 1
	step from line search         = 1.000000
	convergence norms :     INITIAL         CURRENT         REQUIRED
	   residual            1.931504e-05    2.714406e-08    0.000000e+00 
	   energy              3.126503e-05    5.304564e-09    3.126503e-07 
	   displacement        1.509891e-04    2.249791e-06    1.178043e-10 
 3
 Nonlinear solution status: time= 1.38499
	stiffness updates             = 2
	right hand side evaluations   = 4
	stiffness matrix reformations = 1
	step from line search         = 1.000000
	convergence norms :     INITIAL         CURRENT         REQUIRED
	   residual            1.931504e-05    5.555845e-11    0.000000e+00 
	   energy              3.126503e-05    5.485178e-11    3.126503e-07 
	   displacement        1.509891e-04    2.563054e-09    1.181360e-10 
 4
 Nonlinear solution status: time= 1.38499
	stiffness updates             = 3
	right hand side evaluations   = 5
	stiffness matrix reformations = 1
	step from line search         = 1.000000
	convergence norms :     INITIAL         CURRENT         REQUIRED
	   residual            1.931504e-05    3.017280e-14    0.000000e+00 
	   energy              3.126503e-05    1.798759e-14    3.126503e-07 
	   displacement        1.509891e-04    1.751757e-11    1.181417e-10 

convergence summary
    number of iterations   : 4
    number of reformations : 1

------- converged at time : 1.38499


AUTO STEPPER: increasing time step, dt = 0.00999237


===== beginning time step 75 : 1.39498 =====


Reforming stiffness matrix: reformation #1

 1
 Nonlinear solution status: time= 1.39498
	stiffness updates             = 0
	right hand side evaluations   = 2
	stiffness matrix reformations = 1
	step from line search         = 1.000000
	convergence norms :     INITIAL         CURRENT         REQUIRED
	   residual            1.886849e-05    1.036648e-06    0.000000e+00 
	   energy              3.048462e-05    3.464649e-06    3.048462e-07 
	   displacement        1.447950e-04    1.447950e-04    1.447950e-10 
 2
 Nonlinear solution status: time= 1.39498
	stiffness updates             = 1
	right hand side evaluations   = 3
	stiffness matrix reformations = 1
	step from line search         = 1.000000
	convergence norms :     INITIAL         CURRENT         REQUIRED
	   residual            1.886849e-05    1.914155e-08    0.000000e+00 
	   energy              3.048462e-05    5.212707e-09    3.048462e-07 
	   displacement        1.447950e-04    2.115733e-06    1.133514e-10 
 3
 Nonlinear solution status: time= 1.39498
	stiffness updates             = 2
	right hand side evaluations   = 4
	stiffness matrix reformations = 1
	step from line search         = 1.000000
	convergence norms :     INITIAL         CURRENT         REQUIRED
	   residual            1.886849e-05    4.313222e-11    0.000000e+00 
	   energy              3.048462e-05    5.615220e-11    3.048462e-07 
	   displacement        1.447950e-04    2.674039e-09    1.136783e-10 
 4
 Nonlinear solution status: time= 1.39498
	stiffness updates             = 3
	right hand side evaluations   = 5
	stiffness matrix reformations = 1
	step from line search         = 1.000000
	convergence norms :     INITIAL         CURRENT         REQUIRED
	   residual            1.886849e-05    2.371956e-14    0.000000e+00 
	   energy              3.048462e-05    1.723767e-14    3.048462e-07 
	   displacement        1.447950e-04    1.863326e-11    1.136838e-10 

convergence summary
    number of iterations   : 4
    number of reformations : 1

------- converged at time : 1.39498


AUTO STEPPER: increasing time step, dt = 0.0099939

MUST POINT CONTROLLER: adjusting time step. dt = 0.00501716


===== beginning time step 76 : 1.4 =====


Reforming stiffness matrix: reformation #1

 1
 Nonlinear solution status: time= 1.4
	stiffness updates             = 0
	right hand side evaluations   = 2
	stiffness matrix reformations = 1
	step from line search         = 1.000000
	convergence norms :     INITIAL         CURRENT         REQUIRED
	   residual            5.536347e-05    2.594206e-06    0.000000e+00 
	   energy              2.514808e-05    2.004609e-06    2.514808e-07 
	   displacement        3.419241e-05    3.419241e-05    3.419241e-11 
 2
 Nonlinear solution status: time= 1.4
	stiffness updates             = 1
	right hand side evaluations   = 3
	stiffness matrix reformations = 1
	step from line search         = 1.000000
	convergence norms :     INITIAL         CURRENT         REQUIRED
	   residual            5.536347e-05    2.725441e-08    0.000000e+00 
	   energy              2.514808e-05    1.268428e-08    2.514808e-07 
	   displacement        3.419241e-05    4.763093e-07    2.781265e-11 
 3
 Nonlinear solution status: time= 1.4
	stiffness updates             = 2
	right hand side evaluations   = 4
	stiffness matrix reformations = 1
	step from line search         = 1.000000
	convergence norms :     INITIAL         CURRENT         REQUIRED
	   residual            5.536347e-05    1.061283e-10    0.000000e+00 
	   energy              2.514808e-05    1.299020e-10    2.514808e-07 
	   displacement        3.419241e-05    3.546469e-09    2.800699e-11 
 4
 Nonlinear solution status: time= 1.4
	stiffness updates             = 3
	right hand side evaluations   = 5
	stiffness matrix reformations = 1
	step from line search         = 1.000000
	convergence norms :     INITIAL         CURRENT         REQUIRED
	   residual            5.536347e-05    1.818625e-13    0.000000e+00 
	   energy              2.514808e-05    1.934607e-13    2.514808e-07 
	   displacement        3.419241e-05    1.436217e-11    2.801837e-11 

convergence summary
    number of iterations   : 4
    number of reformations : 1

------- converged at time : 1.4


AUTO STEPPER: increasing time step, dt = 0.00999512


===== beginning time step 77 : 1.41 =====


Reforming stiffness matrix: reformation #1

 1
 Nonlinear solution status: time= 1.41
	stiffness updates             = 0
	right hand side evaluations   = 2
	stiffness matrix reformations = 1
	step from line search         = 1.000000
	convergence norms :     INITIAL         CURRENT         REQUIRED
	   residual            1.723768e-05    9.776741e-07    0.000000e+00 
	   energy              2.780985e-05    3.123056e-06    2.780985e-07 
	   displacement        1.303530e-04    1.303530e-04    1.303530e-10 
 2
 Nonlinear solution status: time= 1.41
	stiffness updates             = 1
	right hand side evaluations   = 3
	stiffness matrix reformations = 1
	step from line search         = 1.000000
	convergence norms :     INITIAL         CURRENT         REQUIRED
	   residual            1.723768e-05    1.434500e-08    0.000000e+00 
	   energy              2.780985e-05    4.787612e-09    2.780985e-07 
	   displacement        1.303530e-04    1.875278e-06    1.023160e-10 
 3
 Nonlinear solution status: time= 1.41
	stiffness updates             = 2
	right hand side evaluations   = 4
	stiffness matrix reformations = 1
	step from line search         = 1.000000
	convergence norms :     INITIAL         CURRENT         REQUIRED
	   residual            1.723768e-05    3.367255e-11    0.000000e+00 
	   energy              2.780985e-05    5.316937e-11    2.780985e-07 
	   displacement        1.303530e-04    2.564772e-09    1.026159e-10 
 4
 Nonlinear solution status: time= 1.41
	stiffness updates             = 3
	right hand side evaluations   = 5
	stiffness matrix reformations = 1
	step from line search         = 1.000000
	convergence norms :     INITIAL         CURRENT         REQUIRED
	   residual            1.723768e-05    2.107057e-14    0.000000e+00 
	   energy              2.780985e-05    1.533800e-14    2.780985e-07 
	   displacement        1.303530e-04    1.816370e-11    1.026209e-10 

convergence summary
    number of iterations   : 4
    number of reformations : 1

------- converged at time : 1.41


AUTO STEPPER: increasing time step, dt = 0.00999609


===== beginning time step 78 : 1.41999 =====


Reforming stiffness matrix: reformation #1

 1
 Nonlinear solution status: time= 1.41999
	stiffness updates             = 0
	right hand side evaluations   = 2
	stiffness matrix reformations = 1
	step from line search         = 1.000000
	convergence norms :     INITIAL         CURRENT         REQUIRED
	   residual            1.514311e-05    8.914115e-07    0.000000e+00 
	   energy              2.444177e-05    2.746303e-06    2.444177e-07 
	   displacement        1.144733e-04    1.144733e-04    1.144733e-10 
 2
 Nonlinear solution status: time= 1.41999
	stiffness updates             = 1
	right hand side evaluations   = 3
	stiffness matrix reformations = 1
	step from line search         = 1.000000
	convergence norms :     INITIAL         CURRENT         REQUIRED
	   residual            1.514311e-05    1.198862e-08    0.000000e+00 
	   energy              2.444177e-05    4.208797e-09    2.444177e-07 
	   displacement        1.144733e-04    1.646682e-06    8.985632e-11 
 3
 Nonlinear solution status: time= 1.41999
	stiffness updates             = 2
	right hand side evaluations   = 4
	stiffness matrix reformations = 1
	step from line search         = 1.000000
	convergence norms :     INITIAL         CURRENT         REQUIRED
	   residual            1.514311e-05    2.757934e-11    0.000000e+00 
	   energy              2.444177e-05    4.690947e-11    2.444177e-07 
	   displacement        1.144733e-04    2.265286e-09    9.011906e-11 
 4
 Nonlinear solution status: time= 1.41999
	stiffness updates             = 3
	right hand side evaluations   = 5
	stiffness matrix reformations = 1
	step from line search         = 1.000000
	convergence norms :     INITIAL         CURRENT         REQUIRED
	   residual            1.514311e-05    1.873236e-14    0.000000e+00 
	   energy              2.444177e-05    1.311953e-14    2.444177e-07 
	   displacement        1.144733e-04    1.609434e-11    9.012353e-11 

convergence summary
    number of iterations   : 4
    number of reformations : 1

------- converged at time : 1.41999


AUTO STEPPER: increasing time step, dt = 0.00999688

MUST POINT CONTROLLER: adjusting time step. dt = 0.00500879


===== beginning time step 79 : 1.425 =====


Reforming stiffness matrix: reformation #1

 1
 Nonlinear solution status: time= 1.425
	stiffness updates             = 0
	right hand side evaluations   = 2
	stiffness matrix reformations = 1
	step from line search         = 1.000000
	convergence norms :     INITIAL         CURRENT         REQUIRED
	   residual            4.049359e-05    1.919755e-06    0.000000e+00 
	   energy              1.834133e-05    1.461036e-06    1.834133e-07 
	   displacement        2.476725e-05    2.476725e-05    2.476725e-11 
 2
 Nonlinear solution status: time= 1.425
	stiffness updates             = 1
	right hand side evaluations   = 3
	stiffness matrix reformations = 1
	step from line search         = 1.000000
	convergence norms :     INITIAL         CURRENT         REQUIRED
	   residual            4.049359e-05    1.894417e-08    0.000000e+00 
	   energy              1.834133e-05    9.233077e-09    1.834133e-07 
	   displacement        2.476725e-05    3.441741e-07    2.016212e-11 
 3
 Nonlinear solution status: time= 1.425
	stiffness updates             = 2
	right hand side evaluations   = 4
	stiffness matrix reformations = 1
	step from line search         = 1.000000
	convergence norms :     INITIAL         CURRENT         REQUIRED
	   residual            4.049359e-05    7.572935e-11    0.000000e+00 
	   energy              1.834133e-05    9.652803e-11    1.834133e-07 
	   displacement        2.476725e-05    2.605474e-09    2.030205e-11 
 4
 Nonlinear solution status: time= 1.425
	stiffness updates             = 3
	right hand side evaluations   = 5
	stiffness matrix reformations = 1
	step from line search         = 1.000000
	convergence norms :     INITIAL         CURRENT         REQUIRED
	   residual            4.049359e-05    1.338190e-13    0.000000e+00 
	   energy              1.834133e-05    1.431567e-13    1.834133e-07 
	   displacement        2.476725e-05    1.073934e-11    2.031036e-11 

convergence summary
    number of iterations   : 4
    number of reformations : 1

------- converged at time : 1.425


AUTO STEPPER: increasing time step, dt = 0.0099975


===== beginning time step 80 : 1.435 =====


Reforming stiffness matrix: reformation #1

 1
 Nonlinear solution status: time= 1.435
	stiffness updates             = 0
	right hand side evaluations   = 2
	stiffness matrix reformations = 1
	step from line search         = 1.000000
	convergence norms :     INITIAL         CURRENT         REQUIRED
	   residual            1.155743e-05    7.124318e-07    0.000000e+00 
	   energy              1.867269e-05    2.110172e-06    1.867269e-07 
	   displacement        8.775470e-05    8.775470e-05    8.775470e-11 
 2
 Nonlinear solution status: time= 1.435
	stiffness updates             = 1
	right hand side evaluations   = 3
	stiffness matrix reformations = 1
	step from line search         = 1.000000
	convergence norms :     INITIAL         CURRENT         REQUIRED
	   residual            1.155743e-05    8.691494e-09    0.000000e+00 
	   energy              1.867269e-05    3.195147e-09    1.867269e-07 
	   displacement        8.775470e-05    1.268568e-06    6.882609e-11 
 3
 Nonlinear solution status: time= 1.435
	stiffness updates             = 2
	right hand side evaluations   = 4
	stiffness matrix reformations = 1
	step from line search         = 1.000000
	convergence norms :     INITIAL         CURRENT         REQUIRED
	   residual            1.155743e-05    1.893328e-11    0.000000e+00 
	   energy              1.867269e-05    3.549549e-11    1.867269e-07 
	   displacement        8.775470e-05    1.708737e-09    6.902444e-11 
 4
 Nonlinear solution status: time= 1.435
	stiffness updates             = 3
	right hand side evaluations   = 5
	stiffness matrix reformations = 1
	step from line search         = 1.000000
	convergence norms :     INITIAL         CURRENT         REQUIRED
	   residual            1.155743e-05    1.333793e-14    0.000000e+00 
	   energy              1.867269e-05    9.695693e-15    1.867269e-07 
	   displacement        8.775470e-05    1.218984e-11    6.902784e-11 

convergence summary
    number of iterations   : 4
    number of reformations : 1

------- converged at time : 1.435


AUTO STEPPER: increasing time step, dt = 0.009998


===== beginning time step 81 : 1.445 =====


Reforming stiffness matrix: reformation #1

 1
 Nonlinear solution status: time= 1.445
	stiffness updates             = 0
	right hand side evaluations   = 2
	stiffness matrix reformations = 1
	step from line search         = 1.000000
	convergence norms :     INITIAL         CURRENT         REQUIRED
	   residual            9.032765e-06    5.603249e-07    0.000000e+00 
	   energy              1.460189e-05    1.659182e-06    1.460189e-07 
	   displacement        6.890461e-05    6.890461e-05    6.890461e-11 
 2
 Nonlinear solution status: time= 1.445
	stiffness updates             = 1
	right hand side evaluations   = 3
	stiffness matrix reformations = 1
	step from line search         = 1.000000
	convergence norms :     INITIAL         CURRENT         REQUIRED
	   residual            9.032765e-06    6.300345e-09    0.000000e+00 
	   energy              1.460189e-05    2.475931e-09    1.460189e-07 
	   displacement        6.890461e-05    1.000550e-06    5.399752e-11 
 3
 Nonlinear solution status: time= 1.445
	stiffness updates             = 2
	right hand side evaluations   = 4
	stiffness matrix reformations = 1
	step from line search         = 1.000000
	convergence norms :     INITIAL         CURRENT         REQUIRED
	   residual            9.032765e-06    1.317400e-11    0.000000e+00 
	   energy              1.460189e-05    2.737868e-11    1.460189e-07 
	   displacement        6.890461e-05    1.312350e-09    5.415066e-11 
 4
 Nonlinear solution status: time= 1.445
	stiffness updates             = 3
	right hand side evaluations   = 5
	stiffness matrix reformations = 1
	step from line search         = 1.000000
	convergence norms :     INITIAL         CURRENT         REQUIRED
	   residual            9.032765e-06    8.879038e-15    0.000000e+00 
	   energy              1.460189e-05    7.525134e-15    1.460189e-07 
	   displacement        6.890461e-05    9.406139e-12    5.415330e-11 

convergence summary
    number of iterations   : 4
    number of reformations : 1

------- converged at time : 1.445


AUTO STEPPER: increasing time step, dt = 0.0099984

MUST POINT CONTROLLER: adjusting time step. dt = 0.0050045


===== beginning time step 82 : 1.45 =====


Reforming stiffness matrix: reformation #1

 1
 Nonlinear solution status: time= 1.45
	stiffness updates             = 0
	right hand side evaluations   = 2
	stiffness matrix reformations = 1
	step from line search         = 1.000000
	convergence norms :     INITIAL         CURRENT         REQUIRED
	   residual            2.195644e-05    1.096631e-06    0.000000e+00 
	   energy              9.929760e-06    8.066140e-07    9.929760e-08 
	   displacement        1.352473e-05    1.352473e-05    1.352473e-11 
 2
 Nonlinear solution status: time= 1.45
	stiffness updates             = 1
	right hand side evaluations   = 3
	stiffness matrix reformations = 1
	step from line search         = 1.000000
	convergence norms :     INITIAL         CURRENT         REQUIRED
	   residual            2.195644e-05    9.791491e-09    0.000000e+00 
	   energy              9.929760e-06    5.034694e-09    9.929760e-08 
	   displacement        1.352473e-05    1.907795e-07    1.098084e-11 
 3
 Nonlinear solution status: time= 1.45
	stiffness updates             = 2
	right hand side evaluations   = 4
	stiffness matrix reformations = 1
	step from line search         = 1.000000
	convergence norms :     INITIAL         CURRENT         REQUIRED
	   residual            2.195644e-05    4.072106e-11    0.000000e+00 
	   energy              9.929760e-06    5.303713e-11    9.929760e-08 
	   displacement        1.352473e-05    1.389277e-09    1.105580e-11 
 4
 Nonlinear solution status: time= 1.45
	stiffness updates             = 3
	right hand side evaluations   = 5
	stiffness matrix reformations = 1
	step from line search         = 1.000000
	convergence norms :     INITIAL         CURRENT         REQUIRED
	   residual            2.195644e-05    7.294278e-14    0.000000e+00 
	   energy              9.929760e-06    7.840954e-14    9.929760e-08 
	   displacement        1.352473e-05    5.933883e-12    1.106035e-11 

convergence summary
    number of iterations   : 4
    number of reformations : 1

------- converged at time : 1.45


AUTO STEPPER: increasing time step, dt = 0.00999872


===== beginning time step 83 : 1.46 =====


Reforming stiffness matrix: reformation #1

 1
 Nonlinear solution status: time= 1.46
	stiffness updates             = 0
	right hand side evaluations   = 2
	stiffness matrix reformations = 1
	step from line search         = 1.000000
	convergence norms :     INITIAL         CURRENT         REQUIRED
	   residual            5.728042e-06    3.474622e-07    0.000000e+00 
	   energy              9.262064e-06    1.059727e-06    9.262064e-08 
	   displacement        4.396472e-05    4.396472e-05    4.396472e-11 
 2
 Nonlinear solution status: time= 1.46
	stiffness updates             = 1
	right hand side evaluations   = 3
	stiffness matrix reformations = 1
	step from line search         = 1.000000
	convergence norms :     INITIAL         CURRENT         REQUIRED
	   residual            5.728042e-06    3.336248e-09    0.000000e+00 
	   energy              9.262064e-06    1.541111e-09    9.262064e-08 
	   displacement        4.396472e-05    6.411027e-07    3.442134e-11 
 3
 Nonlinear solution status: time= 1.46
	stiffness updates             = 2
	right hand side evaluations   = 4
	stiffness matrix reformations = 1
	step from line search         = 1.000000
	convergence norms :     INITIAL         CURRENT         REQUIRED
	   residual            5.728042e-06    6.849777e-12    0.000000e+00 
	   energy              9.262064e-06    1.695097e-11    9.262064e-08 
	   displacement        4.396472e-05    8.066438e-10    3.451620e-11 
 4
 Nonlinear solution status: time= 1.46
	stiffness updates             = 3
	right hand side evaluations   = 5
	stiffness matrix reformations = 1
	step from line search         = 1.000000
	convergence norms :     INITIAL         CURRENT         REQUIRED
	   residual            5.728042e-06    4.164448e-15    0.000000e+00 
	   energy              9.262064e-06    4.883378e-15    9.262064e-08 
	   displacement        4.396472e-05    5.853656e-12    3.451787e-11 

convergence summary
    number of iterations   : 4
    number of reformations : 1

------- converged at time : 1.46


AUTO STEPPER: increasing time step, dt = 0.00999898


===== beginning time step 84 : 1.47 =====


Reforming stiffness matrix: reformation #1

 1
 Nonlinear solution status: time= 1.47
	stiffness updates             = 0
	right hand side evaluations   = 2
	stiffness matrix reformations = 1
	step from line search         = 1.000000
	convergence norms :     INITIAL         CURRENT         REQUIRED
	   residual            3.933795e-06    2.288082e-07    0.000000e+00 
	   energy              6.362993e-06    7.303550e-07    6.362993e-08 
	   displacement        3.032113e-05    3.032113e-05    3.032113e-11 
 2
 Nonlinear solution status: time= 1.47
	stiffness updates             = 1
	right hand side evaluations   = 3
	stiffness matrix reformations = 1
	step from line search         = 1.000000
	convergence norms :     INITIAL         CURRENT         REQUIRED
	   residual            3.933795e-06    1.883814e-09    0.000000e+00 
	   energy              6.362993e-06    1.044027e-09    6.362993e-08 
	   displacement        3.032113e-05    4.426597e-07    2.373016e-11 
 3
 Nonlinear solution status: time= 1.47
	stiffness updates             = 2
	right hand side evaluations   = 4
	stiffness matrix reformations = 1
	step from line search         = 1.000000
	convergence norms :     INITIAL         CURRENT         REQUIRED
	   residual            3.933795e-06    4.069866e-12    0.000000e+00 
	   energy              6.362993e-06    1.144497e-11    6.362993e-08 
	   displacement        3.032113e-05    5.421304e-10    2.379430e-11 
 4
 Nonlinear solution status: time= 1.47
	stiffness updates             = 3
	right hand side evaluations   = 5
	stiffness matrix reformations = 1
	step from line search         = 1.000000
	convergence norms :     INITIAL         CURRENT         REQUIRED
	   residual            3.933795e-06    2.289996e-15    0.000000e+00 
	   energy              6.362993e-06    3.467605e-15    6.362993e-08 
	   displacement        3.032113e-05    3.970145e-12    2.379545e-11 

convergence summary
    number of iterations   : 4
    number of reformations : 1

------- converged at time : 1.47


AUTO STEPPER: increasing time step, dt = 0.00999918

MUST POINT CONTROLLER: adjusting time step. dt = 0.0050023


===== beginning time step 85 : 1.475 =====


Reforming stiffness matrix: reformation #1

 1
 Nonlinear solution status: time= 1.475
	stiffness updates             = 0
	right hand side evaluations   = 2
	stiffness matrix reformations = 1
	step from line search         = 1.000000
	convergence norms :     INITIAL         CURRENT         REQUIRED
	   residual            8.514733e-06    4.345673e-07    0.000000e+00 
	   energy              3.847811e-06    3.161873e-07    3.847811e-08 
	   displacement        5.290852e-06    5.290852e-06    5.290852e-12 
 2
 Nonlinear solution status: time= 1.475
	stiffness updates             = 1
	right hand side evaluations   = 3
	stiffness matrix reformations = 1
	step from line search         = 1.000000
	convergence norms :     INITIAL         CURRENT         REQUIRED
	   residual            8.514733e-06    3.315007e-09    0.000000e+00 
	   energy              3.847811e-06    1.922891e-09    3.847811e-08 
	   displacement        5.290852e-06    7.457199e-08    4.290544e-12 
 3
 Nonlinear solution status: time= 1.475
	stiffness updates             = 2
	right hand side evaluations   = 4
	stiffness matrix reformations = 1
	step from line search         = 1.000000
	convergence norms :     INITIAL         CURRENT         REQUIRED
	   residual            8.514733e-06    1.476267e-11    0.000000e+00 
	   energy              3.847811e-06    2.026186e-11    3.847811e-08 
	   displacement        5.290852e-06    5.160370e-10    4.318841e-12 
 4
 Nonlinear solution status: time= 1.475
	stiffness updates             = 3
	right hand side evaluations   = 5
	stiffness matrix reformations = 1
	step from line search         = 1.000000
	convergence norms :     INITIAL         CURRENT         REQUIRED
	   residual            8.514733e-06    2.802639e-14    0.000000e+00 
	   energy              3.847811e-06    3.120337e-14    3.847811e-08 
	   displacement        5.290852e-06    2.322538e-12    4.320632e-12 

convergence summary
    number of iterations   : 4
    number of reformations : 1

------- converged at time : 1.475


AUTO STEPPER: increasing time step, dt = 0.00999934


===== beginning time step 86 : 1.485 =====


Reforming stiffness matrix: reformation #1

 1
 Nonlinear solution status: time= 1.485
	stiffness updates             = 0
	right hand side evaluations   = 2
	stiffness matrix reformations = 1
	step from line search         = 1.000000
	convergence norms :     INITIAL         CURRENT         REQUIRED
	   residual            1.982807e-06    1.063755e-07    0.000000e+00 
	   energy              3.211761e-06    3.702158e-07    3.211761e-08 
	   displacement        1.542814e-05    1.542814e-05    1.542814e-11 
 2
 Nonlinear solution status: time= 1.485
	stiffness updates             = 1
	right hand side evaluations   = 3
	stiffness matrix reformations = 1
	step from line search         = 1.000000
	convergence norms :     INITIAL         CURRENT         REQUIRED
	   residual            1.982807e-06    6.548036e-10    0.000000e+00 
	   energy              3.211761e-06    5.151943e-10    3.211761e-08 
	   displacement        1.542814e-05    2.256749e-07    1.206636e-11 
 3
 Nonlinear solution status: time= 1.485
	stiffness updates             = 2
	right hand side evaluations   = 4
	stiffness matrix reformations = 1
	step from line search         = 1.000000
	convergence norms :     INITIAL         CURRENT         REQUIRED
	   residual            1.982807e-06    1.693622e-12    0.000000e+00 
	   energy              3.211761e-06    5.570037e-12    3.211761e-08 
	   displacement        1.542814e-05    2.621114e-10    1.209801e-11 
 4
 Nonlinear solution status: time= 1.485
	stiffness updates             = 3
	right hand side evaluations   = 5
	stiffness matrix reformations = 1
	step from line search         = 1.000000
	convergence norms :     INITIAL         CURRENT         REQUIRED
	   residual            1.982807e-06    9.026974e-16    0.000000e+00 
	   energy              3.211761e-06    1.892610e-15    3.211761e-08 
	   displacement        1.542814e-05    1.938020e-12    1.209861e-11 

convergence summary
    number of iterations   : 4
    number of reformations : 1

------- converged at time : 1.485


AUTO STEPPER: increasing time step, dt = 0.00999948


===== beginning time step 87 : 1.495 =====


Reforming stiffness matrix: reformation #1

 1
 Nonlinear solution status: time= 1.495
	stiffness updates             = 0
	right hand side evaluations   = 2
	stiffness matrix reformations = 1
	step from line search         = 1.000000
	convergence norms :     INITIAL         CURRENT         REQUIRED
	   residual            1.141232e-06    5.776597e-08    0.000000e+00 
	   energy              1.852362e-06    2.142277e-07    1.852362e-08 
	   displacement        8.972165e-06    8.972165e-06    8.972165e-12 
 2
 Nonlinear solution status: time= 1.495
	stiffness updates             = 1
	right hand side evaluations   = 3
	stiffness matrix reformations = 1
	step from line search         = 1.000000
	convergence norms :     INITIAL         CURRENT         REQUIRED
	   residual            1.141232e-06    2.812768e-10    0.000000e+00 
	   energy              1.852362e-06    2.933116e-10    1.852362e-08 
	   displacement        8.972165e-06    1.317687e-07    7.010941e-12 
 3
 Nonlinear solution status: time= 1.495
	stiffness updates             = 2
	right hand side evaluations   = 4
	stiffness matrix reformations = 1
	step from line search         = 1.000000
	convergence norms :     INITIAL         CURRENT         REQUIRED
	   residual            1.141232e-06    8.659105e-13    0.000000e+00 
	   energy              1.852362e-06    3.093629e-12    1.852362e-08 
	   displacement        8.972165e-06    1.451673e-10    7.029035e-12 
 4
 Nonlinear solution status: time= 1.495
	stiffness updates             = 3
	right hand side evaluations   = 5
	stiffness matrix reformations = 1
	step from line search         = 1.000000
	convergence norms :     INITIAL         CURRENT         REQUIRED
	   residual            1.141232e-06    4.738039e-16    0.000000e+00 
	   energy              1.852362e-06    1.159092e-15    1.852362e-08 
	   displacement        8.972165e-06    1.066770e-12    7.029382e-12 

convergence summary
    number of iterations   : 4
    number of reformations : 1

------- converged at time : 1.495


AUTO STEPPER: increasing time step, dt = 0.00999958

MUST POINT CONTROLLER: adjusting time step. dt = 0.00500118


===== beginning time step 88 : 1.5 =====


Reforming stiffness matrix: reformation #1

 1
 Nonlinear solution status: time= 1.5
	stiffness updates             = 0
	right hand side evaluations   = 2
	stiffness matrix reformations = 1
	step from line search         = 1.000000
	convergence norms :     INITIAL         CURRENT         REQUIRED
	   residual            2.086277e-06    1.082016e-07    0.000000e+00 
	   energy              9.482816e-07    7.928222e-08    9.482816e-09 
	   displacement        1.338804e-06    1.338804e-06    1.338804e-12 
 2
 Nonlinear solution status: time= 1.5
	stiffness updates             = 1
	right hand side evaluations   = 3
	stiffness matrix reformations = 1
	step from line search         = 1.000000
	convergence norms :     INITIAL         CURRENT         REQUIRED
	   residual            2.086277e-06    6.991403e-10    0.000000e+00 
	   energy              9.482816e-07    4.769970e-10    9.482816e-09 
	   displacement        1.338804e-06    1.930654e-08    1.080120e-12 
 3
 Nonlinear solution status: time= 1.5
	stiffness updates             = 2
	right hand side evaluations   = 4
	stiffness matrix reformations = 1
	step from line search         = 1.000000
	convergence norms :     INITIAL         CURRENT         REQUIRED
	   residual            2.086277e-06    3.072368e-12    0.000000e+00 
	   energy              9.482816e-07    4.681707e-12    9.482816e-09 
	   displacement        1.338804e-06    1.200650e-10    1.087219e-12 
 4
 Nonlinear solution status: time= 1.5
	stiffness updates             = 3
	right hand side evaluations   = 5
	stiffness matrix reformations = 1
	step from line search         = 1.000000
	convergence norms :     INITIAL         CURRENT         REQUIRED
	   residual            2.086277e-06    6.973525e-15    0.000000e+00 
	   energy              9.482816e-07    7.823537e-15    9.482816e-09 
	   displacement        1.338804e-06    5.347062e-13    1.087668e-12 

convergence summary
    number of iterations   : 4
    number of reformations : 1

------- converged at time : 1.5


AUTO STEPPER: increasing time step, dt = 0.00999966


===== beginning time step 89 : 1.51 =====


Reforming stiffness matrix: reformation #1

 1
 Nonlinear solution status: time= 1.51
	stiffness updates             = 0
	right hand side evaluations   = 2
	stiffness matrix reformations = 1
	step from line search         = 1.000000
	convergence norms :     INITIAL         CURRENT         REQUIRED
	   residual            4.132973e-07    1.977976e-08    0.000000e+00 
	   energy              6.733638e-07    7.864982e-08    6.733638e-09 
	   displacement        3.337432e-06    3.337432e-06    3.337432e-12 
 2
 Nonlinear solution status: time= 1.51
	stiffness updates             = 1
	right hand side evaluations   = 3
	stiffness matrix reformations = 1
	step from line search         = 1.000000
	convergence norms :     INITIAL         CURRENT         REQUIRED
	   residual            4.132973e-07    6.903366e-11    0.000000e+00 
	   energy              6.733638e-07    1.043523e-10    6.733638e-09 
	   displacement        3.337432e-06    4.987981e-08    2.599418e-12 
 3
 Nonlinear solution status: time= 1.51
	stiffness updates             = 2
	right hand side evaluations   = 4
	stiffness matrix reformations = 1
	step from line search         = 1.000000
	convergence norms :     INITIAL         CURRENT         REQUIRED
	   residual            4.132973e-07    2.558124e-13    0.000000e+00 
	   energy              6.733638e-07    9.917875e-13    6.733638e-09 
	   displacement        3.337432e-06    4.651958e-11    2.605972e-12 
 4
 Nonlinear solution status: time= 1.51
	stiffness updates             = 3
	right hand side evaluations   = 5
	stiffness matrix reformations = 1
	step from line search         = 1.000000
	convergence norms :     INITIAL         CURRENT         REQUIRED
	   residual            4.132973e-07    1.737118e-16    0.000000e+00 
	   energy              6.733638e-07    4.642134e-16    6.733638e-09 
	   displacement        3.337432e-06    3.227817e-13    2.606095e-12 

convergence summary
    number of iterations   : 4
    number of reformations : 1

------- converged at time : 1.51


AUTO STEPPER: increasing time step, dt = 0.00999973


===== beginning time step 90 : 1.52 =====


Reforming stiffness matrix: reformation #1

 1
 Nonlinear solution status: time= 1.52
	stiffness updates             = 0
	right hand side evaluations   = 2
	stiffness matrix reformations = 1
	step from line search         = 1.000000
	convergence norms :     INITIAL         CURRENT         REQUIRED
	   residual            1.884061e-07    9.037423e-09    0.000000e+00 
	   energy              3.067724e-07    3.619280e-08    3.067724e-09 
	   displacement        1.553510e-06    1.553510e-06    1.553510e-12 
 2
 Nonlinear solution status: time= 1.52
	stiffness updates             = 1
	right hand side evaluations   = 3
	stiffness matrix reformations = 1
	step from line search         = 1.000000
	convergence norms :     INITIAL         CURRENT         REQUIRED
	   residual            1.884061e-07    2.574277e-11    0.000000e+00 
	   energy              3.067724e-07    4.676273e-11    3.067724e-09 
	   displacement        1.553510e-06    2.372556e-08    1.205345e-12 
 3
 Nonlinear solution status: time= 1.52
	stiffness updates             = 2
	right hand side evaluations   = 4
	stiffness matrix reformations = 1
	step from line search         = 1.000000
	convergence norms :     INITIAL         CURRENT         REQUIRED
	   residual            1.884061e-07    9.149847e-14    0.000000e+00 
	   energy              3.067724e-07    3.801427e-13    3.067724e-09 
	   displacement        1.553510e-06    1.798427e-11    1.208357e-12 
 4
 Nonlinear solution status: time= 1.52
	stiffness updates             = 3
	right hand side evaluations   = 5
	stiffness matrix reformations = 1
	step from line search         = 1.000000
	convergence norms :     INITIAL         CURRENT         REQUIRED
	   residual            1.884061e-07    7.351476e-17    0.000000e+00 
	   energy              3.067724e-07    2.019357e-16    3.067724e-09 
	   displacement        1.553510e-06    1.100987e-13    1.208408e-12 

convergence summary
    number of iterations   : 4
    number of reformations : 1

------- converged at time : 1.52


AUTO STEPPER: increasing time step, dt = 0.00999979

MUST POINT CONTROLLER: adjusting time step. dt = 0.0050006


===== beginning time step 91 : 1.525 =====


Reforming stiffness matrix: reformation #1

 1
 Nonlinear solution status: time= 1.525
	stiffness updates             = 0
	right hand side evaluations   = 2
	stiffness matrix reformations = 1
	step from line search         = 1.000000
	convergence norms :     INITIAL         CURRENT         REQUIRED
	   residual            3.076076e-07    1.856704e-08    0.000000e+00 
	   energy              1.436561e-07    1.313186e-08    1.436561e-09 
	   displacement        2.207969e-07    2.207969e-07    2.207969e-13 
 2
 Nonlinear solution status: time= 1.525
	stiffness updates             = 1
	right hand side evaluations   = 3
	stiffness matrix reformations = 1
	step from line search         = 1.000000
	convergence norms :     INITIAL         CURRENT         REQUIRED
	   residual            3.076076e-07    9.763578e-11    0.000000e+00 
	   energy              1.436561e-07    8.179928e-11    1.436561e-09 
	   displacement        2.207969e-07    3.726100e-09    1.735685e-13 
 3
 Nonlinear solution status: time= 1.525
	stiffness updates             = 2
	right hand side evaluations   = 4
	stiffness matrix reformations = 1
	step from line search         = 1.000000
	convergence norms :     INITIAL         CURRENT         REQUIRED
	   residual            3.076076e-07    3.033626e-13    0.000000e+00 
	   energy              1.436561e-07    6.324731e-13    1.436561e-09 
	   displacement        2.207969e-07    1.742849e-11    1.748682e-13 
 4
 Nonlinear solution status: time= 1.525
	stiffness updates             = 3
	right hand side evaluations   = 5
	stiffness matrix reformations = 1
	step from line search         = 1.000000
	convergence norms :     INITIAL         CURRENT         REQUIRED
	   residual            3.076076e-07    9.429021e-16    0.000000e+00 
	   energy              1.436561e-07    1.052301e-15    1.436561e-09 
	   displacement        2.207969e-07    6.298215e-14    1.749311e-13 

convergence summary
    number of iterations   : 4
    number of reformations : 1

------- converged at time : 1.525


AUTO STEPPER: increasing time step, dt = 0.00999983


===== beginning time step 92 : 1.535 =====


Reforming stiffness matrix: reformation #1

 1
 Nonlinear solution status: time= 1.535
	stiffness updates             = 0
	right hand side evaluations   = 2
	stiffness matrix reformations = 1
	step from line search         = 1.000000
	convergence norms :     INITIAL         CURRENT         REQUIRED
	   residual            7.785296e-08    3.714575e-09    0.000000e+00 
	   energy              1.235645e-07    1.440186e-08    1.235645e-09 
	   displacement        6.162350e-07    6.162350e-07    6.162350e-13 
 2
 Nonlinear solution status: time= 1.535
	stiffness updates             = 1
	right hand side evaluations   = 3
	stiffness matrix reformations = 1
	step from line search         = 1.000000
	convergence norms :     INITIAL         CURRENT         REQUIRED
	   residual            7.785296e-08    7.280200e-12    0.000000e+00 
	   energy              1.235645e-07    1.904170e-11    1.235645e-09 
	   displacement        6.162350e-07    9.414899e-09    4.782070e-13 
 3
 Nonlinear solution status: time= 1.535
	stiffness updates             = 2
	right hand side evaluations   = 4
	stiffness matrix reformations = 1
	step from line search         = 1.000000
	convergence norms :     INITIAL         CURRENT         REQUIRED
	   residual            7.785296e-08    2.591002e-14    0.000000e+00 
	   energy              1.235645e-07    1.355069e-13    1.235645e-09 
	   displacement        6.162350e-07    6.706279e-12    4.795031e-13 
 4
 Nonlinear solution status: time= 1.535
	stiffness updates             = 3
	right hand side evaluations   = 5
	stiffness matrix reformations = 1
	step from line search         = 1.000000
	convergence norms :     INITIAL         CURRENT         REQUIRED
	   residual            7.785296e-08    1.066955e-17    0.000000e+00 
	   energy              1.235645e-07    4.041057e-17    1.235645e-09 
	   displacement        6.162350e-07    3.165892e-14    4.795145e-13 

convergence summary
    number of iterations   : 4
    number of reformations : 1

------- converged at time : 1.535


AUTO STEPPER: increasing time step, dt = 0.00999986


===== beginning time step 93 : 1.545 =====


Reforming stiffness matrix: reformation #1

 1
 Nonlinear solution status: time= 1.545
	stiffness updates             = 0
	right hand side evaluations   = 2
	stiffness matrix reformations = 1
	step from line search         = 1.000000
	convergence norms :     INITIAL         CURRENT         REQUIRED
	   residual            8.430325e-08    3.652345e-09    0.000000e+00 
	   energy              1.324726e-07    1.494101e-08    1.324726e-09 
	   displacement        6.239037e-07    6.239037e-07    6.239037e-13 
 2
 Nonlinear solution status: time= 1.545
	stiffness updates             = 1
	right hand side evaluations   = 3
	stiffness matrix reformations = 1
	step from line search         = 1.000000
	convergence norms :     INITIAL         CURRENT         REQUIRED
	   residual            8.430325e-08    6.487331e-12    0.000000e+00 
	   energy              1.324726e-07    2.092354e-11    1.324726e-09 
	   displacement        6.239037e-07    9.008341e-09    4.889080e-13 
 3
 Nonlinear solution status: time= 1.545
	stiffness updates             = 2
	right hand side evaluations   = 4
	stiffness matrix reformations = 1
	step from line search         = 1.000000
	convergence norms :     INITIAL         CURRENT         REQUIRED
	   residual            8.430325e-08    4.023609e-14    0.000000e+00 
	   energy              1.324726e-07    2.019993e-13    1.324726e-09 
	   displacement        6.239037e-07    9.937600e-12    4.902856e-13 
 4
 Nonlinear solution status: time= 1.545
	stiffness updates             = 3
	right hand side evaluations   = 5
	stiffness matrix reformations = 1
	step from line search         = 1.000000
	convergence norms :     INITIAL         CURRENT         REQUIRED
	   residual            8.430325e-08    1.388673e-17    0.000000e+00 
	   energy              1.324726e-07    6.680141e-17    1.324726e-09 
	   displacement        6.239037e-07    6.363638e-14    4.902996e-13 

convergence summary
    number of iterations   : 4
    number of reformations : 1

------- converged at time : 1.545


AUTO STEPPER: increasing time step, dt = 0.00999989

MUST POINT CONTROLLER: adjusting time step. dt = 0.00500031


===== beginning time step 94 : 1.55 =====


Reforming stiffness matrix: reformation #1

 1
 Nonlinear solution status: time= 1.55
	stiffness updates             = 0
	right hand side evaluations   = 2
	stiffness matrix reformations = 1
	step from line search         = 1.000000
	convergence norms :     INITIAL         CURRENT         REQUIRED
	   residual            3.407949e-07    1.663733e-08    0.000000e+00 
	   energy              1.539010e-07    1.257193e-08    1.539010e-09 
	   displacement        2.089810e-07    2.089810e-07    2.089810e-13 
 2
 Nonlinear solution status: time= 1.55
	stiffness updates             = 1
	right hand side evaluations   = 3
	stiffness matrix reformations = 1
	step from line search         = 1.000000
	convergence norms :     INITIAL         CURRENT         REQUIRED
	   residual            3.407949e-07    9.972700e-11    0.000000e+00 
	   energy              1.539010e-07    7.724973e-11    1.539010e-09 
	   displacement        2.089810e-07    2.967566e-09    1.695699e-13 
 3
 Nonlinear solution status: time= 1.55
	stiffness updates             = 2
	right hand side evaluations   = 4
	stiffness matrix reformations = 1
	step from line search         = 1.000000
	convergence norms :     INITIAL         CURRENT         REQUIRED
	   residual            3.407949e-07    5.741474e-13    0.000000e+00 
	   energy              1.539010e-07    8.361467e-13    1.539010e-09 
	   displacement        2.089810e-07    2.172226e-11    1.707517e-13 
 4
 Nonlinear solution status: time= 1.55
	stiffness updates             = 3
	right hand side evaluations   = 5
	stiffness matrix reformations = 1
	step from line search         = 1.000000
	convergence norms :     INITIAL         CURRENT         REQUIRED
	   residual            3.407949e-07    7.936916e-16    0.000000e+00 
	   energy              1.539010e-07    1.147606e-15    1.539010e-09 
	   displacement        2.089810e-07    9.267119e-14    1.708165e-13 

convergence summary
    number of iterations   : 4
    number of reformations : 1

------- converged at time : 1.55


AUTO STEPPER: increasing time step, dt = 0.00999991


===== beginning time step 95 : 1.56 =====


Reforming stiffness matrix: reformation #1

 1
 Nonlinear solution status: time= 1.56
	stiffness updates             = 0
	right hand side evaluations   = 2
	stiffness matrix reformations = 1
	step from line search         = 1.000000
	convergence norms :     INITIAL         CURRENT         REQUIRED
	   residual            1.462545e-07    5.908250e-09    0.000000e+00 
	   energy              2.324817e-07    2.597626e-08    2.324817e-09 
	   displacement        1.074593e-06    1.074593e-06    1.074593e-12 
 2
 Nonlinear solution status: time= 1.56
	stiffness updates             = 1
	right hand side evaluations   = 3
	stiffness matrix reformations = 1
	step from line search         = 1.000000
	convergence norms :     INITIAL         CURRENT         REQUIRED
	   residual            1.462545e-07    1.180939e-11    0.000000e+00 
	   energy              2.324817e-07    3.693781e-11    2.324817e-09 
	   displacement        1.074593e-06    1.505777e-08    8.461615e-13 
 3
 Nonlinear solution status: time= 1.56
	stiffness updates             = 2
	right hand side evaluations   = 4
	stiffness matrix reformations = 1
	step from line search         = 1.000000
	convergence norms :     INITIAL         CURRENT         REQUIRED
	   residual            1.462545e-07    9.270064e-14    0.000000e+00 
	   energy              2.324817e-07    4.238263e-13    2.324817e-09 
	   displacement        1.074593e-06    2.037196e-11    8.484663e-13 
 4
 Nonlinear solution status: time= 1.56
	stiffness updates             = 3
	right hand side evaluations   = 5
	stiffness matrix reformations = 1
	step from line search         = 1.000000
	convergence norms :     INITIAL         CURRENT         REQUIRED
	   residual            1.462545e-07    2.594282e-17    0.000000e+00 
	   energy              2.324817e-07    1.273873e-16    2.324817e-09 
	   displacement        1.074593e-06    1.535261e-13    8.485034e-13 

convergence summary
    number of iterations   : 4
    number of reformations : 1

------- converged at time : 1.56


AUTO STEPPER: increasing time step, dt = 0.00999993


===== beginning time step 96 : 1.57 =====


Reforming stiffness matrix: reformation #1

 1
 Nonlinear solution status: time= 1.57
	stiffness updates             = 0
	right hand side evaluations   = 2
	stiffness matrix reformations = 1
	step from line search         = 1.000000
	convergence norms :     INITIAL         CURRENT         REQUIRED
	   residual            1.892327e-07    7.673011e-09    0.000000e+00 
	   energy              3.031955e-07    3.409810e-08    3.031955e-09 
	   displacement        1.414694e-06    1.414694e-06    1.414694e-12 
 2
 Nonlinear solution status: time= 1.57
	stiffness updates             = 1
	right hand side evaluations   = 3
	stiffness matrix reformations = 1
	step from line search         = 1.000000
	convergence norms :     INITIAL         CURRENT         REQUIRED
	   residual            1.892327e-07    1.613020e-11    0.000000e+00 
	   energy              3.031955e-07    4.862799e-11    3.031955e-09 
	   displacement        1.414694e-06    2.000215e-08    1.112486e-12 
 3
 Nonlinear solution status: time= 1.57
	stiffness updates             = 2
	right hand side evaluations   = 4
	stiffness matrix reformations = 1
	step from line search         = 1.000000
	convergence norms :     INITIAL         CURRENT         REQUIRED
	   residual            1.892327e-07    1.234391e-13    0.000000e+00 
	   energy              3.031955e-07    5.580268e-13    3.031955e-09 
	   displacement        1.414694e-06    2.666339e-11    1.115496e-12 
 4
 Nonlinear solution status: time= 1.57
	stiffness updates             = 3
	right hand side evaluations   = 5
	stiffness matrix reformations = 1
	step from line search         = 1.000000
	convergence norms :     INITIAL         CURRENT         REQUIRED
	   residual            1.892327e-07    3.428937e-17    0.000000e+00 
	   energy              3.031955e-07    1.667231e-16    3.031955e-09 
	   displacement        1.414694e-06    2.014800e-13    1.115549e-12 

convergence summary
    number of iterations   : 4
    number of reformations : 1

------- converged at time : 1.57


AUTO STEPPER: increasing time step, dt = 0.00999994

MUST POINT CONTROLLER: adjusting time step. dt = 0.00500016


===== beginning time step 97 : 1.575 =====


Reforming stiffness matrix: reformation #1

 1
 Nonlinear solution status: time= 1.575
	stiffness updates             = 0
	right hand side evaluations   = 2
	stiffness matrix reformations = 1
	step from line search         = 1.000000
	convergence norms :     INITIAL         CURRENT         REQUIRED
	   residual            6.801830e-07    3.163355e-08    0.000000e+00 
	   energy              3.058090e-07    2.444408e-08    3.058090e-09 
	   displacement        4.124182e-07    4.124182e-07    4.124182e-13 
 2
 Nonlinear solution status: time= 1.575
	stiffness updates             = 1
	right hand side evaluations   = 3
	stiffness matrix reformations = 1
	step from line search         = 1.000000
	convergence norms :     INITIAL         CURRENT         REQUIRED
	   residual            6.801830e-07    1.948342e-10    0.000000e+00 
	   energy              3.058090e-07    1.469419e-10    3.058090e-09 
	   displacement        4.124182e-07    5.580731e-09    3.364021e-13 
 3
 Nonlinear solution status: time= 1.575
	stiffness updates             = 2
	right hand side evaluations   = 4
	stiffness matrix reformations = 1
	step from line search         = 1.000000
	convergence norms :     INITIAL         CURRENT         REQUIRED
	   residual            6.801830e-07    1.096600e-12    0.000000e+00 
	   energy              3.058090e-07    1.588427e-12    3.058090e-09 
	   displacement        4.124182e-07    4.068572e-11    3.385793e-13 
 4
 Nonlinear solution status: time= 1.575
	stiffness updates             = 3
	right hand side evaluations   = 5
	stiffness matrix reformations = 1
	step from line search         = 1.000000
	convergence norms :     INITIAL         CURRENT         REQUIRED
	   residual            6.801830e-07    1.913331e-15    0.000000e+00 
	   energy              3.058090e-07    2.462281e-15    3.058090e-09 
	   displacement        4.124182e-07    1.860577e-13    3.387190e-13 

convergence summary
    number of iterations   : 4
    number of reformations : 1

------- converged at time : 1.575


AUTO STEPPER: increasing time step, dt = 0.00999995


===== beginning time step 98 : 1.585 =====


Reforming stiffness matrix: reformation #1

 1
 Nonlinear solution status: time= 1.585
	stiffness updates             = 0
	right hand side evaluations   = 2
	stiffness matrix reformations = 1
	step from line search         = 1.000000
	convergence norms :     INITIAL         CURRENT         REQUIRED
	   residual            2.448701e-07    1.019516e-08    0.000000e+00 
	   energy              3.955952e-07    4.503114e-08    3.955952e-09 
	   displacement        1.878229e-06    1.878229e-06    1.878229e-12 
 2
 Nonlinear solution status: time= 1.585
	stiffness updates             = 1
	right hand side evaluations   = 3
	stiffness matrix reformations = 1
	step from line search         = 1.000000
	convergence norms :     INITIAL         CURRENT         REQUIRED
	   residual            2.448701e-07    2.246608e-11    0.000000e+00 
	   energy              3.955952e-07    6.420806e-11    3.955952e-09 
	   displacement        1.878229e-06    2.710754e-08    1.472369e-12 
 3
 Nonlinear solution status: time= 1.585
	stiffness updates             = 2
	right hand side evaluations   = 4
	stiffness matrix reformations = 1
	step from line search         = 1.000000
	convergence norms :     INITIAL         CURRENT         REQUIRED
	   residual            2.448701e-07    1.571863e-13    0.000000e+00 
	   energy              3.955952e-07    7.091777e-13    3.955952e-09 
	   displacement        1.878229e-06    3.375435e-11    1.476347e-12 
 4
 Nonlinear solution status: time= 1.585
	stiffness updates             = 3
	right hand side evaluations   = 5
	stiffness matrix reformations = 1
	step from line search         = 1.000000
	convergence norms :     INITIAL         CURRENT         REQUIRED
	   residual            2.448701e-07    4.760716e-17    0.000000e+00 
	   energy              3.955952e-07    2.190760e-16    3.955952e-09 
	   displacement        1.878229e-06    2.476234e-13    1.476419e-12 

convergence summary
    number of iterations   : 4
    number of reformations : 1

------- converged at time : 1.585


AUTO STEPPER: increasing time step, dt = 0.00999996


===== beginning time step 99 : 1.595 =====


Reforming stiffness matrix: reformation #1

 1
 Nonlinear solution status: time= 1.595
	stiffness updates             = 0
	right hand side evaluations   = 2
	stiffness matrix reformations = 1
	step from line search         = 1.000000
	convergence norms :     INITIAL         CURRENT         REQUIRED
	   residual            2.620249e-07    1.113337e-08    0.000000e+00 
	   energy              4.248927e-07    4.873572e-08    4.248927e-09 
	   displacement        2.038253e-06    2.038253e-06    2.038253e-12 
 2
 Nonlinear solution status: time= 1.595
	stiffness updates             = 1
	right hand side evaluations   = 3
	stiffness matrix reformations = 1
	step from line search         = 1.000000
	convergence norms :     INITIAL         CURRENT         REQUIRED
	   residual            2.620249e-07    2.491400e-11    0.000000e+00 
	   energy              4.248927e-07    6.934796e-11    4.248927e-09 
	   displacement        2.038253e-06    2.980887e-08    1.594539e-12 
 3
 Nonlinear solution status: time= 1.595
	stiffness updates             = 2
	right hand side evaluations   = 4
	stiffness matrix reformations = 1
	step from line search         = 1.000000
	convergence norms :     INITIAL         CURRENT         REQUIRED
	   residual            2.620249e-07    1.643167e-13    0.000000e+00 
	   energy              4.248927e-07    7.428194e-13    4.248927e-09 
	   displacement        2.038253e-06    3.530698e-11    1.598846e-12 
 4
 Nonlinear solution status: time= 1.595
	stiffness updates             = 3
	right hand side evaluations   = 5
	stiffness matrix reformations = 1
	step from line search         = 1.000000
	convergence norms :     INITIAL         CURRENT         REQUIRED
	   residual            2.620249e-07    5.312651e-17    0.000000e+00 
	   energy              4.248927e-07    2.340379e-16    4.248927e-09 
	   displacement        2.038253e-06    2.525386e-13    1.598924e-12 

convergence summary
    number of iterations   : 4
    number of reformations : 1

------- converged at time : 1.595


AUTO STEPPER: increasing time step, dt = 0.00999997

MUST POINT CONTROLLER: adjusting time step. dt = 0.00500008


===== beginning time step 100 : 1.6 =====


Reforming stiffness matrix: reformation #1

 1
 Nonlinear solution status: time= 1.6
	stiffness updates             = 0
	right hand side evaluations   = 2
	stiffness matrix reformations = 1
	step from line search         = 1.000000
	convergence norms :     INITIAL         CURRENT         REQUIRED
	   residual            8.239188e-07    4.020827e-08    0.000000e+00 
	   energy              3.723295e-07    3.048584e-08    3.723295e-09 
	   displacement        5.146854e-07    5.146854e-07    5.146854e-13 
 2
 Nonlinear solution status: time= 1.6
	stiffness updates             = 1
	right hand side evaluations   = 3
	stiffness matrix reformations = 1
	step from line search         = 1.000000
	convergence norms :     INITIAL         CURRENT         REQUIRED
	   residual            8.239188e-07    2.482845e-10    0.000000e+00 
	   energy              3.723295e-07    1.889515e-10    3.723295e-09 
	   displacement        5.146854e-07    7.312235e-09    4.168005e-13 
 3
 Nonlinear solution status: time= 1.6
	stiffness updates             = 2
	right hand side evaluations   = 4
	stiffness matrix reformations = 1
	step from line search         = 1.000000
	convergence norms :     INITIAL         CURRENT         REQUIRED
	   residual            8.239188e-07    1.203642e-12    0.000000e+00 
	   energy              3.723295e-07    1.892413e-12    3.723295e-09 
	   displacement        5.146854e-07    4.961540e-11    4.196072e-13 
 4
 Nonlinear solution status: time= 1.6
	stiffness updates             = 3
	right hand side evaluations   = 5
	stiffness matrix reformations = 1
	step from line search         = 1.000000
	convergence norms :     INITIAL         CURRENT         REQUIRED
	   residual            8.239188e-07    2.385155e-15    0.000000e+00 
	   energy              3.723295e-07    3.014306e-15    3.723295e-09 
	   displacement        5.146854e-07    2.126281e-13    4.197824e-13 

convergence summary
    number of iterations   : 4
    number of reformations : 1

------- converged at time : 1.6


AUTO STEPPER: increasing time step, dt = 0.00999998


===== beginning time step 101 : 1.61 =====


Reforming stiffness matrix: reformation #1

 1
 Nonlinear solution status: time= 1.61
	stiffness updates             = 0
	right hand side evaluations   = 2
	stiffness matrix reformations = 1
	step from line search         = 1.000000
	convergence norms :     INITIAL         CURRENT         REQUIRED
	   residual            2.656743e-07    1.158372e-08    0.000000e+00 
	   energy              4.323863e-07    5.004846e-08    4.323863e-09 
	   displacement        2.099047e-06    2.099047e-06    2.099047e-12 
 2
 Nonlinear solution status: time= 1.61
	stiffness updates             = 1
	right hand side evaluations   = 3
	stiffness matrix reformations = 1
	step from line search         = 1.000000
	convergence norms :     INITIAL         CURRENT         REQUIRED
	   residual            2.656743e-07    2.615790e-11    0.000000e+00 
	   energy              4.323863e-07    7.089372e-11    4.323863e-09 
	   displacement        2.099047e-06    3.118308e-08    1.638044e-12 
 3
 Nonlinear solution status: time= 1.61
	stiffness updates             = 2
	right hand side evaluations   = 4
	stiffness matrix reformations = 1
	step from line search         = 1.000000
	convergence norms :     INITIAL         CURRENT         REQUIRED
	   residual            2.656743e-07    1.605418e-13    0.000000e+00 
	   energy              4.323863e-07    7.288074e-13    4.323863e-09 
	   displacement        2.099047e-06    3.459272e-11    1.642464e-12 
 4
 Nonlinear solution status: time= 1.61
	stiffness updates             = 3
	right hand side evaluations   = 5
	stiffness matrix reformations = 1
	step from line search         = 1.000000
	convergence norms :     INITIAL         CURRENT         REQUIRED
	   residual            2.656743e-07    5.616956e-17    0.000000e+00 
	   energy              4.323863e-07    2.345698e-16    4.323863e-09 
	   displacement        2.099047e-06    2.389973e-13    1.642543e-12 

convergence summary
    number of iterations   : 4
    number of reformations : 1

------- converged at time : 1.61


AUTO STEPPER: increasing time step, dt = 0.00999998


===== beginning time step 102 : 1.62 =====


Reforming stiffness matrix: reformation #1

 1
 Nonlinear solution status: time= 1.62
	stiffness updates             = 0
	right hand side evaluations   = 2
	stiffness matrix reformations = 1
	step from line search         = 1.000000
	convergence norms :     INITIAL         CURRENT         REQUIRED
	   residual            2.492112e-07    1.100221e-08    0.000000e+00 
	   energy              4.061695e-07    4.721494e-08    4.061695e-09 
	   displacement        1.982175e-06    1.982175e-06    1.982175e-12 
 2
 Nonlinear solution status: time= 1.62
	stiffness updates             = 1
	right hand side evaluations   = 3
	stiffness matrix reformations = 1
	step from line search         = 1.000000
	convergence norms :     INITIAL         CURRENT         REQUIRED
	   residual            2.492112e-07    2.441553e-11    0.000000e+00 
	   energy              4.061695e-07    6.671078e-11    4.061695e-09 
	   displacement        1.982175e-06    2.966314e-08    1.545047e-12 
 3
 Nonlinear solution status: time= 1.62
	stiffness updates             = 2
	right hand side evaluations   = 4
	stiffness matrix reformations = 1
	step from line search         = 1.000000
	convergence norms :     INITIAL         CURRENT         REQUIRED
	   residual            2.492112e-07    1.468056e-13    0.000000e+00 
	   energy              4.061695e-07    6.721076e-13    4.061695e-09 
	   displacement        1.982175e-06    3.188454e-11    1.549215e-12 
 4
 Nonlinear solution status: time= 1.62
	stiffness updates             = 3
	right hand side evaluations   = 5
	stiffness matrix reformations = 1
	step from line search         = 1.000000
	convergence norms :     INITIAL         CURRENT         REQUIRED
	   residual            2.492112e-07    5.238545e-17    0.000000e+00 
	   energy              4.061695e-07    2.173038e-16    4.061695e-09 
	   displacement        1.982175e-06    2.163825e-13    1.549288e-12 

convergence summary
    number of iterations   : 4
    number of reformations : 1

------- converged at time : 1.62


AUTO STEPPER: increasing time step, dt = 0.00999999

MUST POINT CONTROLLER: adjusting time step. dt = 0.00500004


===== beginning time step 103 : 1.625 =====


Reforming stiffness matrix: reformation #1

 1
 Nonlinear solution status: time= 1.625
	stiffness updates             = 0
	right hand side evaluations   = 2
	stiffness matrix reformations = 1
	step from line search         = 1.000000
	convergence norms :     INITIAL         CURRENT         REQUIRED
	   residual            7.086919e-07    3.592897e-08    0.000000e+00 
	   energy              3.214057e-07    2.680997e-08    3.214057e-09 
	   displacement        4.513580e-07    4.513580e-07    4.513580e-13 
 2
 Nonlinear solution status: time= 1.625
	stiffness updates             = 1
	right hand side evaluations   = 3
	stiffness matrix reformations = 1
	step from line search         = 1.000000
	convergence norms :     INITIAL         CURRENT         REQUIRED
	   residual            7.086919e-07    2.198810e-10    0.000000e+00 
	   energy              3.214057e-07    1.696205e-10    3.214057e-09 
	   displacement        4.513580e-07    6.644883e-09    3.636287e-13 
 3
 Nonlinear solution status: time= 1.625
	stiffness updates             = 2
	right hand side evaluations   = 4
	stiffness matrix reformations = 1
	step from line search         = 1.000000
	convergence norms :     INITIAL         CURRENT         REQUIRED
	   residual            7.086919e-07    9.750440e-13    0.000000e+00 
	   energy              3.214057e-07    1.625384e-12    3.214057e-09 
	   displacement        4.513580e-07    4.322304e-11    3.661560e-13 
 4
 Nonlinear solution status: time= 1.625
	stiffness updates             = 3
	right hand side evaluations   = 5
	stiffness matrix reformations = 1
	step from line search         = 1.000000
	convergence norms :     INITIAL         CURRENT         REQUIRED
	   residual            7.086919e-07    1.997404e-15    0.000000e+00 
	   energy              3.214057e-07    2.560149e-15    3.214057e-09 
	   displacement        4.513580e-07    1.766307e-13    3.663084e-13 

convergence summary
    number of iterations   : 4
    number of reformations : 1

------- converged at time : 1.625


AUTO STEPPER: increasing time step, dt = 0.00999999


===== beginning time step 104 : 1.635 =====


Reforming stiffness matrix: reformation #1

 1
 Nonlinear solution status: time= 1.635
	stiffness updates             = 0
	right hand side evaluations   = 2
	stiffness matrix reformations = 1
	step from line search         = 1.000000
	convergence norms :     INITIAL         CURRENT         REQUIRED
	   residual            2.102229e-07    9.392792e-09    0.000000e+00 
	   energy              3.430080e-07    4.003050e-08    3.430080e-09 
	   displacement        1.681722e-06    1.681722e-06    1.681722e-12 
 2
 Nonlinear solution status: time= 1.635
	stiffness updates             = 1
	right hand side evaluations   = 3
	stiffness matrix reformations = 1
	step from line search         = 1.000000
	convergence norms :     INITIAL         CURRENT         REQUIRED
	   residual            2.102229e-07    1.984486e-11    0.000000e+00 
	   energy              3.430080e-07    5.644639e-11    3.430080e-09 
	   displacement        1.681722e-06    2.534248e-08    1.309414e-12 
 3
 Nonlinear solution status: time= 1.635
	stiffness updates             = 2
	right hand side evaluations   = 4
	stiffness matrix reformations = 1
	step from line search         = 1.000000
	convergence norms :     INITIAL         CURRENT         REQUIRED
	   residual            2.102229e-07    1.194864e-13    0.000000e+00 
	   energy              3.430080e-07    5.575004e-13    3.430080e-09 
	   displacement        1.681722e-06    2.644139e-11    1.312948e-12 
 4
 Nonlinear solution status: time= 1.635
	stiffness updates             = 3
	right hand side evaluations   = 5
	stiffness matrix reformations = 1
	step from line search         = 1.000000
	convergence norms :     INITIAL         CURRENT         REQUIRED
	   residual            2.102229e-07    4.247258e-17    0.000000e+00 
	   energy              3.430080e-07    1.799778e-16    3.430080e-09 
	   displacement        1.681722e-06    1.760894e-13    1.313009e-12 

convergence summary
    number of iterations   : 4
    number of reformations : 1

------- converged at time : 1.635


AUTO STEPPER: increasing time step, dt = 0.00999999


===== beginning time step 105 : 1.645 =====


Reforming stiffness matrix: reformation #1

 1
 Nonlinear solution status: time= 1.645
	stiffness updates             = 0
	right hand side evaluations   = 2
	stiffness matrix reformations = 1
	step from line search         = 1.000000
	convergence norms :     INITIAL         CURRENT         REQUIRED
	   residual            1.761702e-07    7.893957e-09    0.000000e+00 
	   energy              2.874918e-07    3.357939e-08    2.874918e-09 
	   displacement        1.410559e-06    1.410559e-06    1.410559e-12 
 2
 Nonlinear solution status: time= 1.645
	stiffness updates             = 1
	right hand side evaluations   = 3
	stiffness matrix reformations = 1
	step from line search         = 1.000000
	convergence norms :     INITIAL         CURRENT         REQUIRED
	   residual            1.761702e-07    1.590436e-11    0.000000e+00 
	   energy              2.874918e-07    4.738430e-11    2.874918e-09 
	   displacement        1.410559e-06    2.129354e-08    1.097997e-12 
 3
 Nonlinear solution status: time= 1.645
	stiffness updates             = 2
	right hand side evaluations   = 4
	stiffness matrix reformations = 1
	step from line search         = 1.000000
	convergence norms :     INITIAL         CURRENT         REQUIRED
	   residual            1.761702e-07    9.824599e-14    0.000000e+00 
	   energy              2.874918e-07    4.660036e-13    2.874918e-09 
	   displacement        1.410559e-06    2.210759e-11    1.100966e-12 
 4
 Nonlinear solution status: time= 1.645
	stiffness updates             = 3
	right hand side evaluations   = 5
	stiffness matrix reformations = 1
	step from line search         = 1.000000
	convergence norms :     INITIAL         CURRENT         REQUIRED
	   residual            1.761702e-07    3.394803e-17    0.000000e+00 
	   energy              2.874918e-07    1.491443e-16    2.874918e-09 
	   displacement        1.410559e-06    1.463981e-13    1.101017e-12 

convergence summary
    number of iterations   : 4
    number of reformations : 1

------- converged at time : 1.645


AUTO STEPPER: increasing time step, dt = 0.00999999

MUST POINT CONTROLLER: adjusting time step. dt = 0.00500002


===== beginning time step 106 : 1.65 =====


Reforming stiffness matrix: reformation #1

 1
 Nonlinear solution status: time= 1.65
	stiffness updates             = 0
	right hand side evaluations   = 2
	stiffness matrix reformations = 1
	step from line search         = 1.000000
	convergence norms :     INITIAL         CURRENT         REQUIRED
	   residual            4.568929e-07    2.339675e-08    0.000000e+00 
	   energy              2.073422e-07    1.737900e-08    2.073422e-09 
	   displacement        2.920614e-07    2.920614e-07    2.920614e-13 
 2
 Nonlinear solution status: time= 1.65
	stiffness updates             = 1
	right hand side evaluations   = 3
	stiffness matrix reformations = 1
	step from line search         = 1.000000
	convergence norms :     INITIAL         CURRENT         REQUIRED
	   residual            4.568929e-07    1.423765e-10    0.000000e+00 
	   energy              2.073422e-07    1.110229e-10    2.073422e-09 
	   displacement        2.920614e-07    4.347262e-09    2.349598e-13 
 3
 Nonlinear solution status: time= 1.65
	stiffness updates             = 2
	right hand side evaluations   = 4
	stiffness matrix reformations = 1
	step from line search         = 1.000000
	convergence norms :     INITIAL         CURRENT         REQUIRED
	   residual            4.568929e-07    6.174702e-13    0.000000e+00 
	   energy              2.073422e-07    1.053110e-12    2.073422e-09 
	   displacement        2.920614e-07    2.816269e-11    2.366155e-13 
 4
 Nonlinear solution status: time= 1.65
	stiffness updates             = 3
	right hand side evaluations   = 5
	stiffness matrix reformations = 1
	step from line search         = 1.000000
	convergence norms :     INITIAL         CURRENT         REQUIRED
	   residual            4.568929e-07    1.239752e-15    0.000000e+00 
	   energy              2.073422e-07    1.631412e-15    2.073422e-09 
	   displacement        2.920614e-07    1.128101e-13    2.367137e-13 

convergence summary
    number of iterations   : 4
    number of reformations : 1

------- converged at time : 1.65


AUTO STEPPER: increasing time step, dt = 0.00999999


===== beginning time step 107 : 1.66 =====


Reforming stiffness matrix: reformation #1

 1
 Nonlinear solution status: time= 1.66
	stiffness updates             = 0
	right hand side evaluations   = 2
	stiffness matrix reformations = 1
	step from line search         = 1.000000
	convergence norms :     INITIAL         CURRENT         REQUIRED
	   residual            1.251493e-07    5.602388e-09    0.000000e+00 
	   energy              2.041732e-07    2.383129e-08    2.041732e-09 
	   displacement        1.000414e-06    1.000414e-06    1.000414e-12 
 2
 Nonlinear solution status: time= 1.66
	stiffness updates             = 1
	right hand side evaluations   = 3
	stiffness matrix reformations = 1
	step from line search         = 1.000000
	convergence norms :     INITIAL         CURRENT         REQUIRED
	   residual            1.251493e-07    1.051765e-11    0.000000e+00 
	   energy              2.041732e-07    3.375423e-11    2.041732e-09 
	   displacement        1.000414e-06    1.509685e-08    7.788184e-13 
 3
 Nonlinear solution status: time= 1.66
	stiffness updates             = 2
	right hand side evaluations   = 4
	stiffness matrix reformations = 1
	step from line search         = 1.000000
	convergence norms :     INITIAL         CURRENT         REQUIRED
	   residual            1.251493e-07    6.856453e-14    0.000000e+00 
	   energy              2.041732e-07    3.329704e-13    2.041732e-09 
	   displacement        1.000414e-06    1.581019e-11    7.809342e-13 
 4
 Nonlinear solution status: time= 1.66
	stiffness updates             = 3
	right hand side evaluations   = 5
	stiffness matrix reformations = 1
	step from line search         = 1.000000
	convergence norms :     INITIAL         CURRENT         REQUIRED
	   residual            1.251493e-07    2.223713e-17    0.000000e+00 
	   energy              2.041732e-07    1.043568e-16    2.041732e-09 
	   displacement        1.000414e-06    1.045620e-13    7.809702e-13 

convergence summary
    number of iterations   : 4
    number of reformations : 1

------- converged at time : 1.66


AUTO STEPPER: increasing time step, dt = 0.01


===== beginning time step 108 : 1.67 =====


Reforming stiffness matrix: reformation #1

 1
 Nonlinear solution status: time= 1.67
	stiffness updates             = 0
	right hand side evaluations   = 2
	stiffness matrix reformations = 1
	step from line search         = 1.000000
	convergence norms :     INITIAL         CURRENT         REQUIRED
	   residual            9.360251e-08    4.170507e-09    0.000000e+00 
	   energy              1.526260e-07    1.778068e-08    1.526260e-09 
	   displacement        7.458097e-07    7.458097e-07    7.458097e-13 
 2
 Nonlinear solution status: time= 1.67
	stiffness updates             = 1
	right hand side evaluations   = 3
	stiffness matrix reformations = 1
	step from line search         = 1.000000
	convergence norms :     INITIAL         CURRENT         REQUIRED
	   residual            9.360251e-08    7.532864e-12    0.000000e+00 
	   energy              1.526260e-07    2.529741e-11    1.526260e-09 
	   displacement        7.458097e-07    1.122683e-08    5.808692e-13 
 3
 Nonlinear solution status: time= 1.67
	stiffness updates             = 2
	right hand side evaluations   = 4
	stiffness matrix reformations = 1
	step from line search         = 1.000000
	convergence norms :     INITIAL         CURRENT         REQUIRED
	   residual            9.360251e-08    5.123215e-14    0.000000e+00 
	   energy              1.526260e-07    2.518753e-13    1.526260e-09 
	   displacement        7.458097e-07    1.197066e-11    5.824542e-13 
 4
 Nonlinear solution status: time= 1.67
	stiffness updates             = 3
	right hand side evaluations   = 5
	stiffness matrix reformations = 1
	step from line search         = 1.000000
	convergence norms :     INITIAL         CURRENT         REQUIRED
	   residual            9.360251e-08    1.569097e-17    0.000000e+00 
	   energy              1.526260e-07    7.731538e-17    1.526260e-09 
	   displacement        7.458097e-07    7.954316e-14    5.824811e-13 

convergence summary
    number of iterations   : 4
    number of reformations : 1

------- converged at time : 1.67


AUTO STEPPER: increasing time step, dt = 0.01

MUST POINT CONTROLLER: adjusting time step. dt = 0.00500001


===== beginning time step 109 : 1.675 =====


Reforming stiffness matrix: reformation #1

 1
 Nonlinear solution status: time= 1.675
	stiffness updates             = 0
	right hand side evaluations   = 2
	stiffness matrix reformations = 1
	step from line search         = 1.000000
	convergence norms :     INITIAL         CURRENT         REQUIRED
	   residual            2.201374e-07    1.108754e-08    0.000000e+00 
	   energy              9.970928e-08    8.289230e-09    9.970928e-10 
	   displacement        1.393267e-07    1.393267e-07    1.393267e-13 
 2
 Nonlinear solution status: time= 1.675
	stiffness updates             = 1
	right hand side evaluations   = 3
	stiffness matrix reformations = 1
	step from line search         = 1.000000
	convergence norms :     INITIAL         CURRENT         REQUIRED
	   residual            2.201374e-07    6.808207e-11    0.000000e+00 
	   energy              9.970928e-08    5.309617e-11    9.970928e-10 
	   displacement        1.393267e-07    2.052510e-09    1.123029e-13 
 3
 Nonlinear solution status: time= 1.675
	stiffness updates             = 2
	right hand side evaluations   = 4
	stiffness matrix reformations = 1
	step from line search         = 1.000000
	convergence norms :     INITIAL         CURRENT         REQUIRED
	   residual            2.201374e-07    3.027640e-13    0.000000e+00 
	   energy              9.970928e-08    5.119896e-13    9.970928e-10 
	   displacement        1.393267e-07    1.369962e-11    1.130935e-13 
 4
 Nonlinear solution status: time= 1.675
	stiffness updates             = 3
	right hand side evaluations   = 5
	stiffness matrix reformations = 1
	step from line search         = 1.000000
	convergence norms :     INITIAL         CURRENT         REQUIRED
	   residual            2.201374e-07    5.784381e-16    0.000000e+00 
	   energy              9.970928e-08    7.837293e-16    9.970928e-10 
	   displacement        1.393267e-07    5.504169e-14    1.131407e-13 

convergence summary
    number of iterations   : 4
    number of reformations : 1

------- converged at time : 1.675


AUTO STEPPER: increasing time step, dt = 0.01


===== beginning time step 110 : 1.685 =====


Reforming stiffness matrix: reformation #1

 1
 Nonlinear solution status: time= 1.685
	stiffness updates             = 0
	right hand side evaluations   = 2
	stiffness matrix reformations = 1
	step from line search         = 1.000000
	convergence norms :     INITIAL         CURRENT         REQUIRED
	   residual            5.508163e-08    2.425995e-09    0.000000e+00 
	   energy              8.970769e-08    1.040338e-08    8.970769e-10 
	   displacement        4.356469e-07    4.356469e-07    4.356469e-13 
 2
 Nonlinear solution status: time= 1.685
	stiffness updates             = 1
	right hand side evaluations   = 3
	stiffness matrix reformations = 1
	step from line search         = 1.000000
	convergence norms :     INITIAL         CURRENT         REQUIRED
	   residual            5.508163e-08    4.237351e-12    0.000000e+00 
	   energy              8.970769e-08    1.493338e-11    8.970769e-10 
	   displacement        4.356469e-07    6.516628e-09    3.396736e-13 
 3
 Nonlinear solution status: time= 1.685
	stiffness updates             = 2
	right hand side evaluations   = 4
	stiffness matrix reformations = 1
	step from line search         = 1.000000
	convergence norms :     INITIAL         CURRENT         REQUIRED
	   residual            5.508163e-08    3.057447e-14    0.000000e+00 
	   energy              8.970769e-08    1.519023e-13    8.970769e-10 
	   displacement        4.356469e-07    7.232583e-12    3.406080e-13 
 4
 Nonlinear solution status: time= 1.685
	stiffness updates             = 3
	right hand side evaluations   = 5
	stiffness matrix reformations = 1
	step from line search         = 1.000000
	convergence norms :     INITIAL         CURRENT         REQUIRED
	   residual            5.508163e-08    8.456395e-18    0.000000e+00 
	   energy              8.970769e-08    4.478764e-17    8.970769e-10 
	   displacement        4.356469e-07    4.866954e-14    3.406239e-13 

convergence summary
    number of iterations   : 4
    number of reformations : 1

------- converged at time : 1.685


AUTO STEPPER: increasing time step, dt = 0.01


===== beginning time step 111 : 1.695 =====


Reforming stiffness matrix: reformation #1

 1
 Nonlinear solution status: time= 1.695
	stiffness updates             = 0
	right hand side evaluations   = 2
	stiffness matrix reformations = 1
	step from line search         = 1.000000
	convergence norms :     INITIAL         CURRENT         REQUIRED
	   residual            3.591019e-08    1.564737e-09    0.000000e+00 
	   energy              5.842106e-08    6.746904e-09    5.842106e-10 
	   displacement        2.821372e-07    2.821372e-07    2.821372e-13 
 2
 Nonlinear solution status: time= 1.695
	stiffness updates             = 1
	right hand side evaluations   = 3
	stiffness matrix reformations = 1
	step from line search         = 1.000000
	convergence norms :     INITIAL         CURRENT         REQUIRED
	   residual            3.591019e-08    2.720475e-12    0.000000e+00 
	   energy              5.842106e-08    9.751239e-12    5.842106e-10 
	   displacement        2.821372e-07    4.194933e-09    2.202084e-13 
 3
 Nonlinear solution status: time= 1.695
	stiffness updates             = 2
	right hand side evaluations   = 4
	stiffness matrix reformations = 1
	step from line search         = 1.000000
	convergence norms :     INITIAL         CURRENT         REQUIRED
	   residual            3.591019e-08    2.031999e-14    0.000000e+00 
	   energy              5.842106e-08    1.010779e-13    5.842106e-10 
	   displacement        2.821372e-07    4.819867e-12    2.208176e-13 
 4
 Nonlinear solution status: time= 1.695
	stiffness updates             = 3
	right hand side evaluations   = 5
	stiffness matrix reformations = 1
	step from line search         = 1.000000
	convergence norms :     INITIAL         CURRENT         REQUIRED
	   residual            3.591019e-08    5.202762e-18    0.000000e+00 
	   energy              5.842106e-08    2.886562e-17    5.842106e-10 
	   displacement        2.821372e-07    3.282751e-14    2.208280e-13 

convergence summary
    number of iterations   : 4
    number of reformations : 1

------- converged at time : 1.695


AUTO STEPPER: increasing time step, dt = 0.01

MUST POINT CONTROLLER: adjusting time step. dt = 0.00500001


===== beginning time step 112 : 1.7 =====


Reforming stiffness matrix: reformation #1

 1
 Nonlinear solution status: time= 1.7
	stiffness updates             = 0
	right hand side evaluations   = 2
	stiffness matrix reformations = 1
	step from line search         = 1.000000
	convergence norms :     INITIAL         CURRENT         REQUIRED
	   residual            7.415556e-08    3.596921e-09    0.000000e+00 
	   energy              3.346931e-08    2.731391e-09    3.346931e-10 
	   displacement        4.598317e-08    4.598317e-08    4.598317e-14 
 2
 Nonlinear solution status: time= 1.7
	stiffness updates             = 1
	right hand side evaluations   = 3
	stiffness matrix reformations = 1
	step from line search         = 1.000000
	convergence norms :     INITIAL         CURRENT         REQUIRED
	   residual            7.415556e-08    2.259616e-11    0.000000e+00 
	   energy              3.346931e-08    1.740965e-11    3.346931e-10 
	   displacement        4.598317e-08    6.586436e-10    3.723635e-14 
 3
 Nonlinear solution status: time= 1.7
	stiffness updates             = 2
	right hand side evaluations   = 4
	stiffness matrix reformations = 1
	step from line search         = 1.000000
	convergence norms :     INITIAL         CURRENT         REQUIRED
	   residual            7.415556e-08    1.068813e-13    0.000000e+00 
	   energy              3.346931e-08    1.745157e-13    3.346931e-10 
	   displacement        4.598317e-08    4.649803e-12    3.749481e-14 
 4
 Nonlinear solution status: time= 1.7
	stiffness updates             = 3
	right hand side evaluations   = 5
	stiffness matrix reformations = 1
	step from line search         = 1.000000
	convergence norms :     INITIAL         CURRENT         REQUIRED
	   residual            7.415556e-08    1.896062e-16    0.000000e+00 
	   energy              3.346931e-08    2.644974e-16    3.346931e-10 
	   displacement        4.598317e-08    1.912493e-14    3.751052e-14 

convergence summary
    number of iterations   : 4
    number of reformations : 1

------- converged at time : 1.7


AUTO STEPPER: increasing time step, dt = 0.01


===== beginning time step 113 : 1.71 =====


Reforming stiffness matrix: reformation #1

 1
 Nonlinear solution status: time= 1.71
	stiffness updates             = 0
	right hand side evaluations   = 2
	stiffness matrix reformations = 1
	step from line search         = 1.000000
	convergence norms :     INITIAL         CURRENT         REQUIRED
	   residual            1.624918e-08    6.928804e-10    0.000000e+00 
	   energy              2.637109e-08    3.019757e-09    2.637109e-10 
	   displacement        1.259398e-07    1.259398e-07    1.259398e-13 
 2
 Nonlinear solution status: time= 1.71
	stiffness updates             = 1
	right hand side evaluations   = 3
	stiffness matrix reformations = 1
	step from line search         = 1.000000
	convergence norms :     INITIAL         CURRENT         REQUIRED
	   residual            1.624918e-08    1.223897e-12    0.000000e+00 
	   energy              2.637109e-08    4.414162e-12    2.637109e-10 
	   displacement        1.259398e-07    1.848930e-09    9.850385e-14 
 3
 Nonlinear solution status: time= 1.71
	stiffness updates             = 2
	right hand side evaluations   = 4
	stiffness matrix reformations = 1
	step from line search         = 1.000000
	convergence norms :     INITIAL         CURRENT         REQUIRED
	   residual            1.624918e-08    9.585333e-15    0.000000e+00 
	   energy              2.637109e-08    4.740037e-14    2.637109e-10 
	   displacement        1.259398e-07    2.266935e-12    9.877881e-14 
 4
 Nonlinear solution status: time= 1.71
	stiffness updates             = 3
	right hand side evaluations   = 5
	stiffness matrix reformations = 1
	step from line search         = 1.000000
	convergence norms :     INITIAL         CURRENT         REQUIRED
	   residual            1.624918e-08    2.148015e-18    0.000000e+00 
	   energy              2.637109e-08    1.280054e-17    2.637109e-10 
	   displacement        1.259398e-07    1.580883e-14    9.878352e-14 

convergence summary
    number of iterations   : 4
    number of reformations : 1

------- converged at time : 1.71


AUTO STEPPER: increasing time step, dt = 0.01


===== beginning time step 114 : 1.72 =====


Reforming stiffness matrix: reformation #1

 1
 Nonlinear solution status: time= 1.72
	stiffness updates             = 0
	right hand side evaluations   = 2
	stiffness matrix reformations = 1
	step from line search         = 1.000000
	convergence norms :     INITIAL         CURRENT         REQUIRED
	   residual            8.402212e-09    3.519554e-10    0.000000e+00 
	   energy              1.360332e-08    1.546442e-09    1.360332e-10 
	   displacement        6.435572e-08    6.435572e-08    6.435572e-14 
 2
 Nonlinear solution status: time= 1.72
	stiffness updates             = 1
	right hand side evaluations   = 3
	stiffness matrix reformations = 1
	step from line search         = 1.000000
	convergence norms :     INITIAL         CURRENT         REQUIRED
	   residual            8.402212e-09    6.341376e-13    0.000000e+00 
	   energy              1.360332e-08    2.275754e-12    1.360332e-10 
	   displacement        6.435572e-08    9.342763e-10    5.042718e-14 
 3
 Nonlinear solution status: time= 1.72
	stiffness updates             = 2
	right hand side evaluations   = 4
	stiffness matrix reformations = 1
	step from line search         = 1.000000
	convergence norms :     INITIAL         CURRENT         REQUIRED
	   residual            8.402212e-09    5.117809e-15    0.000000e+00 
	   energy              1.360332e-08    2.510082e-14    1.360332e-10 
	   displacement        6.435572e-08    1.203434e-12    5.056863e-14 
 4
 Nonlinear solution status: time= 1.72
	stiffness updates             = 3
	right hand side evaluations   = 5
	stiffness matrix reformations = 1
	step from line search         = 1.000000
	convergence norms :     INITIAL         CURRENT         REQUIRED
	   residual            8.402212e-09    1.049607e-18    0.000000e+00 
	   energy              1.360332e-08    6.540216e-18    1.360332e-10 
	   displacement        6.435572e-08    8.553878e-15    5.057106e-14 

convergence summary
    number of iterations   : 4
    number of reformations : 1

------- converged at time : 1.72


AUTO STEPPER: increasing time step, dt = 0.01

MUST POINT CONTROLLER: adjusting time step. dt = 0.005


===== beginning time step 115 : 1.725 =====


Reforming stiffness matrix: reformation #1

 1
 Nonlinear solution status: time= 1.725
	stiffness updates             = 0
	right hand side evaluations   = 2
	stiffness matrix reformations = 1
	step from line search         = 1.000000
	convergence norms :     INITIAL         CURRENT         REQUIRED
	   residual            1.332747e-08    6.121085e-10    0.000000e+00 
	   energy              5.992029e-09    4.760060e-10    5.992029e-11 
	   displacement        8.025603e-09    8.025603e-09    8.025603e-15 
 2
 Nonlinear solution status: time= 1.725
	stiffness updates             = 1
	right hand side evaluations   = 3
	stiffness matrix reformations = 1
	step from line search         = 1.000000
	convergence norms :     INITIAL         CURRENT         REQUIRED
	   residual            1.332747e-08    3.937747e-12    0.000000e+00 
	   energy              5.992029e-09    2.975687e-12    5.992029e-11 
	   displacement        8.025603e-09    1.098301e-10    6.545554e-15 
 3
 Nonlinear solution status: time= 1.725
	stiffness updates             = 2
	right hand side evaluations   = 4
	stiffness matrix reformations = 1
	step from line search         = 1.000000
	convergence norms :     INITIAL         CURRENT         REQUIRED
	   residual            1.332747e-08    2.084559e-14    0.000000e+00 
	   energy              5.992029e-09    3.189313e-14    5.992029e-11 
	   displacement        8.025603e-09    8.396479e-13    6.589697e-15 
 4
 Nonlinear solution status: time= 1.725
	stiffness updates             = 3
	right hand side evaluations   = 5
	stiffness matrix reformations = 1
	step from line search         = 1.000000
	convergence norms :     INITIAL         CURRENT         REQUIRED
	   residual            1.332747e-08    3.246270e-17    0.000000e+00 
	   energy              5.992029e-09    4.706465e-17    5.992029e-11 
	   displacement        8.025603e-09    3.618424e-15    6.592441e-15 

convergence summary
    number of iterations   : 4
    number of reformations : 1

------- converged at time : 1.725


AUTO STEPPER: increasing time step, dt = 0.01


===== beginning time step 116 : 1.735 =====


Reforming stiffness matrix: reformation #1

 1
 Nonlinear solution status: time= 1.735
	stiffness updates             = 0
	right hand side evaluations   = 2
	stiffness matrix reformations = 1
	step from line search         = 1.000000
	convergence norms :     INITIAL         CURRENT         REQUIRED
	   residual            2.150205e-09    8.630847e-11    0.000000e+00 
	   energy              3.450374e-09    3.848623e-10    3.450374e-11 
	   displacement        1.594760e-08    1.594760e-08    1.594760e-14 
 2
 Nonlinear solution status: time= 1.735
	stiffness updates             = 1
	right hand side evaluations   = 3
	stiffness matrix reformations = 1
	step from line search         = 1.000000
	convergence norms :     INITIAL         CURRENT         REQUIRED
	   residual            2.150205e-09    1.607541e-13    0.000000e+00 
	   energy              3.450374e-09    5.692635e-13    3.450374e-11 
	   displacement        1.594760e-08    2.246858e-10    1.255358e-14 
 3
 Nonlinear solution status: time= 1.735
	stiffness updates             = 2
	right hand side evaluations   = 4
	stiffness matrix reformations = 1
	step from line search         = 1.000000
	convergence norms :     INITIAL         CURRENT         REQUIRED
	   residual            2.150205e-09    1.370155e-15    0.000000e+00 
	   energy              3.450374e-09    6.590366e-15    3.450374e-11 
	   displacement        1.594760e-08    3.183067e-13    1.258895e-14 
 4
 Nonlinear solution status: time= 1.735
	stiffness updates             = 3
	right hand side evaluations   = 5
	stiffness matrix reformations = 1
	step from line search         = 1.000000
	convergence norms :     INITIAL         CURRENT         REQUIRED
	   residual            2.150205e-09    2.618279e-19    0.000000e+00 
	   energy              3.450374e-09    1.685113e-18    3.450374e-11 
	   displacement        1.594760e-08    2.351246e-15    1.258955e-14 

convergence summary
    number of iterations   : 4
    number of reformations : 1

------- converged at time : 1.735


AUTO STEPPER: increasing time step, dt = 0.01


===== beginning time step 117 : 1.745 =====


Reforming stiffness matrix: reformation #1

 1
 Nonlinear solution status: time= 1.745
	stiffness updates             = 0
	right hand side evaluations   = 2
	stiffness matrix reformations = 1
	step from line search         = 1.000000
	convergence norms :     INITIAL         CURRENT         REQUIRED
	   residual            6.107493e-10    2.379531e-11    0.000000e+00 
	   energy              9.622230e-10    1.052363e-10    9.622230e-12 
	   displacement        4.365384e-09    4.365384e-09    4.365384e-15 
 2
 Nonlinear solution status: time= 1.745
	stiffness updates             = 1
	right hand side evaluations   = 3
	stiffness matrix reformations = 1
	step from line search         = 1.000000
	convergence norms :     INITIAL         CURRENT         REQUIRED
	   residual            6.107493e-10    4.231618e-14    0.000000e+00 
	   energy              9.622230e-10    1.524178e-13    9.622230e-12 
	   displacement        4.365384e-09    5.974312e-11    3.449705e-15 
 3
 Nonlinear solution status: time= 1.745
	stiffness updates             = 2
	right hand side evaluations   = 4
	stiffness matrix reformations = 1
	step from line search         = 1.000000
	convergence norms :     INITIAL         CURRENT         REQUIRED
	   residual            6.107493e-10    3.555768e-16    0.000000e+00 
	   energy              9.622230e-10    1.726172e-15    9.622230e-12 
	   displacement        4.365384e-09    8.466790e-14    3.459411e-15 
 4
 Nonlinear solution status: time= 1.745
	stiffness updates             = 3
	right hand side evaluations   = 5
	stiffness matrix reformations = 1
	step from line search         = 1.000000
	convergence norms :     INITIAL         CURRENT         REQUIRED
	   residual            6.107493e-10    8.683222e-20    0.000000e+00 
	   energy              9.622230e-10    5.038902e-19    9.622230e-12 
	   displacement        4.365384e-09    6.177823e-16    3.459546e-15 

convergence summary
    number of iterations   : 4
    number of reformations : 1

------- converged at time : 1.745


AUTO STEPPER: increasing time step, dt = 0.01

MUST POINT CONTROLLER: adjusting time step. dt = 0.005


===== beginning time step 118 : 1.75 =====


Reforming stiffness matrix: reformation #1

 1
 Nonlinear solution status: time= 1.75
	stiffness updates             = 0
	right hand side evaluations   = 2
	stiffness matrix reformations = 1
	step from line search         = 1.000000
	convergence norms :     INITIAL         CURRENT         REQUIRED
	   residual            9.054322e-10    4.937214e-11    0.000000e+00 
	   energy              4.151415e-10    3.601900e-11    4.151415e-12 
	   displacement        6.005478e-10    6.005478e-10    6.005478e-16 
 2
 Nonlinear solution status: time= 1.75
	stiffness updates             = 1
	right hand side evaluations   = 3
	stiffness matrix reformations = 1
	step from line search         = 1.000000
	convergence norms :     INITIAL         CURRENT         REQUIRED
	   residual            9.054322e-10    2.727643e-13    0.000000e+00 
	   energy              4.151415e-10    2.300413e-13    4.151415e-12 
	   displacement        6.005478e-10    9.527905e-12    4.784475e-16 
 3
 Nonlinear solution status: time= 1.75
	stiffness updates             = 2
	right hand side evaluations   = 4
	stiffness matrix reformations = 1
	step from line search         = 1.000000
	convergence norms :     INITIAL         CURRENT         REQUIRED
	   residual            9.054322e-10    1.154640e-15    0.000000e+00 
	   energy              4.151415e-10    2.063233e-15    4.151415e-12 
	   displacement        6.005478e-10    5.665354e-14    4.821333e-16 
 4
 Nonlinear solution status: time= 1.75
	stiffness updates             = 3
	right hand side evaluations   = 5
	stiffness matrix reformations = 1
	step from line search         = 1.000000
	convergence norms :     INITIAL         CURRENT         REQUIRED
	   residual            9.054322e-10    1.723107e-18    0.000000e+00 
	   energy              4.151415e-10    2.676306e-18    4.151415e-12 
	   displacement        6.005478e-10    1.976141e-16    4.823000e-16 

convergence summary
    number of iterations   : 4
    number of reformations : 1

------- converged at time : 1.75


AUTO STEPPER: increasing time step, dt = 0.01


===== beginning time step 119 : 1.76 =====


Reforming stiffness matrix: reformation #1

 1
 Nonlinear solution status: time= 1.76
	stiffness updates             = 0
	right hand side evaluations   = 2
	stiffness matrix reformations = 1
	step from line search         = 1.000000
	convergence norms :     INITIAL         CURRENT         REQUIRED
	   residual            5.043748e-10    2.298769e-11    0.000000e+00 
	   energy              8.045143e-10    9.375587e-11    8.045143e-12 
	   displacement        3.984199e-09    3.984199e-09    3.984199e-15 
 2
 Nonlinear solution status: time= 1.76
	stiffness updates             = 1
	right hand side evaluations   = 3
	stiffness matrix reformations = 1
	step from line search         = 1.000000
	convergence norms :     INITIAL         CURRENT         REQUIRED
	   residual            5.043748e-10    3.294650e-14    0.000000e+00 
	   energy              8.045143e-10    1.290890e-13    8.045143e-12 
	   displacement        3.984199e-09    6.050058e-11    3.096291e-15 
 3
 Nonlinear solution status: time= 1.76
	stiffness updates             = 2
	right hand side evaluations   = 4
	stiffness matrix reformations = 1
	step from line search         = 1.000000
	convergence norms :     INITIAL         CURRENT         REQUIRED
	   residual            5.043748e-10    1.953192e-16    0.000000e+00 
	   energy              8.045143e-10    1.067823e-15    8.045143e-12 
	   displacement        3.984199e-09    5.140518e-14    3.104719e-15 
 4
 Nonlinear solution status: time= 1.76
	stiffness updates             = 3
	right hand side evaluations   = 5
	stiffness matrix reformations = 1
	step from line search         = 1.000000
	convergence norms :     INITIAL         CURRENT         REQUIRED
	   residual            5.043748e-10    9.060028e-20    0.000000e+00 
	   energy              8.045143e-10    4.080498e-19    8.045143e-12 
	   displacement        3.984199e-09    2.899826e-16    3.104831e-15 

convergence summary
    number of iterations   : 4
    number of reformations : 1

------- converged at time : 1.76


AUTO STEPPER: increasing time step, dt = 0.01


===== beginning time step 120 : 1.77 =====


Reforming stiffness matrix: reformation #1

 1
 Nonlinear solution status: time= 1.77
	stiffness updates             = 0
	right hand side evaluations   = 2
	stiffness matrix reformations = 1
	step from line search         = 1.000000
	convergence norms :     INITIAL         CURRENT         REQUIRED
	   residual            1.158927e-09    5.203490e-11    0.000000e+00 
	   energy              1.873549e-09    2.182808e-10    1.873549e-11 
	   displacement        9.203748e-09    9.203748e-09    9.203748e-15 
 2
 Nonlinear solution status: time= 1.77
	stiffness updates             = 1
	right hand side evaluations   = 3
	stiffness matrix reformations = 1
	step from line search         = 1.000000
	convergence norms :     INITIAL         CURRENT         REQUIRED
	   residual            1.158927e-09    8.250903e-14    0.000000e+00 
	   energy              1.873549e-09    3.087149e-13    1.873549e-11 
	   displacement        9.203748e-09    1.390680e-10    7.162147e-15 
 3
 Nonlinear solution status: time= 1.77
	stiffness updates             = 2
	right hand side evaluations   = 4
	stiffness matrix reformations = 1
	step from line search         = 1.000000
	convergence norms :     INITIAL         CURRENT         REQUIRED
	   residual            1.158927e-09    5.546318e-16    0.000000e+00 
	   energy              1.873549e-09    2.898463e-15    1.873549e-11 
	   displacement        9.203748e-09    1.381576e-13    7.181749e-15 
 4
 Nonlinear solution status: time= 1.77
	stiffness updates             = 3
	right hand side evaluations   = 5
	stiffness matrix reformations = 1
	step from line search         = 1.000000
	convergence norms :     INITIAL         CURRENT         REQUIRED
	   residual            1.158927e-09    2.040096e-19    0.000000e+00 
	   energy              1.873549e-09    1.002881e-18    1.873549e-11 
	   displacement        9.203748e-09    8.763056e-16    7.182062e-15 

convergence summary
    number of iterations   : 4
    number of reformations : 1

------- converged at time : 1.77


AUTO STEPPER: increasing time step, dt = 0.01

MUST POINT CONTROLLER: adjusting time step. dt = 0.005


===== beginning time step 121 : 1.775 =====


Reforming stiffness matrix: reformation #1

 1
 Nonlinear solution status: time= 1.775
	stiffness updates             = 0
	right hand side evaluations   = 2
	stiffness matrix reformations = 1
	step from line search         = 1.000000
	convergence norms :     INITIAL         CURRENT         REQUIRED
	   residual            5.701067e-09    2.864839e-10    0.000000e+00 
	   energy              2.577841e-09    2.143527e-10    2.577841e-11 
	   displacement        3.609599e-09    3.609599e-09    3.609599e-15 
 2
 Nonlinear solution status: time= 1.775
	stiffness updates             = 1
	right hand side evaluations   = 3
	stiffness matrix reformations = 1
	step from line search         = 1.000000
	convergence norms :     INITIAL         CURRENT         REQUIRED
	   residual            5.701067e-09    1.765410e-12    0.000000e+00 
	   energy              2.577841e-09    1.382463e-12    2.577841e-11 
	   displacement        3.609599e-09    5.339967e-11    2.907431e-15 
 3
 Nonlinear solution status: time= 1.775
	stiffness updates             = 2
	right hand side evaluations   = 4
	stiffness matrix reformations = 1
	step from line search         = 1.000000
	convergence norms :     INITIAL         CURRENT         REQUIRED
	   residual            5.701067e-09    7.552352e-15    0.000000e+00 
	   energy              2.577841e-09    1.311546e-14    2.577841e-11 
	   displacement        3.609599e-09    3.540268e-13    2.928097e-15 
 4
 Nonlinear solution status: time= 1.775
	stiffness updates             = 3
	right hand side evaluations   = 5
	stiffness matrix reformations = 1
	step from line search         = 1.000000
	convergence norms :     INITIAL         CURRENT         REQUIRED
	   residual            5.701067e-09    1.455699e-17    0.000000e+00 
	   energy              2.577841e-09    2.005799e-17    2.577841e-11 
	   displacement        3.609599e-09    1.396971e-15    2.929314e-15 

convergence summary
    number of iterations   : 4
    number of reformations : 1

------- converged at time : 1.775


AUTO STEPPER: increasing time step, dt = 0.01


===== beginning time step 122 : 1.785 =====


Reforming stiffness matrix: reformation #1

 1
 Nonlinear solution status: time= 1.785
	stiffness updates             = 0
	right hand side evaluations   = 2
	stiffness matrix reformations = 1
	step from line search         = 1.000000
	convergence norms :     INITIAL         CURRENT         REQUIRED
	   residual            2.469023e-09    1.082876e-10    0.000000e+00 
	   energy              4.004012e-09    4.628188e-10    4.004012e-11 
	   displacement        1.939874e-08    1.939874e-08    1.939874e-14 
 2
 Nonlinear solution status: time= 1.785
	stiffness updates             = 1
	right hand side evaluations   = 3
	stiffness matrix reformations = 1
	step from line search         = 1.000000
	convergence norms :     INITIAL         CURRENT         REQUIRED
	   residual            2.469023e-09    1.839085e-13    0.000000e+00 
	   energy              4.004012e-09    6.672276e-13    4.004012e-11 
	   displacement        1.939874e-08    2.890618e-10    1.513388e-14 
 3
 Nonlinear solution status: time= 1.785
	stiffness updates             = 2
	right hand side evaluations   = 4
	stiffness matrix reformations = 1
	step from line search         = 1.000000
	convergence norms :     INITIAL         CURRENT         REQUIRED
	   residual            2.469023e-09    1.335013e-15    0.000000e+00 
	   energy              4.004012e-09    6.783056e-15    4.004012e-11 
	   displacement        1.939874e-08    3.233810e-13    1.517569e-14 
 4
 Nonlinear solution status: time= 1.785
	stiffness updates             = 3
	right hand side evaluations   = 5
	stiffness matrix reformations = 1
	step from line search         = 1.000000
	convergence norms :     INITIAL         CURRENT         REQUIRED
	   residual            2.469023e-09    3.751209e-19    0.000000e+00 
	   energy              4.004012e-09    2.045509e-18    4.004012e-11 
	   displacement        1.939874e-08    2.174903e-15    1.517640e-14 

convergence summary
    number of iterations   : 4
    number of reformations : 1

------- converged at time : 1.785


AUTO STEPPER: increasing time step, dt = 0.01


===== beginning time step 123 : 1.795 =====


Reforming stiffness matrix: reformation #1

 1
 Nonlinear solution status: time= 1.795
	stiffness updates             = 0
	right hand side evaluations   = 2
	stiffness matrix reformations = 1
	step from line search         = 1.000000
	convergence norms :     INITIAL         CURRENT         REQUIRED
	   residual            3.169010e-09    1.379761e-10    0.000000e+00 
	   energy              5.141043e-09    5.924880e-10    5.141043e-11 
	   displacement        2.478584e-08    2.478584e-08    2.478584e-14 
 2
 Nonlinear solution status: time= 1.795
	stiffness updates             = 1
	right hand side evaluations   = 3
	stiffness matrix reformations = 1
	step from line search         = 1.000000
	convergence norms :     INITIAL         CURRENT         REQUIRED
	   residual            3.169010e-09    2.386745e-13    0.000000e+00 
	   energy              5.141043e-09    8.577273e-13    5.141043e-11 
	   displacement        2.478584e-08    3.673728e-10    1.935438e-14 
 3
 Nonlinear solution status: time= 1.795
	stiffness updates             = 2
	right hand side evaluations   = 4
	stiffness matrix reformations = 1
	step from line search         = 1.000000
	convergence norms :     INITIAL         CURRENT         REQUIRED
	   residual            3.169010e-09    1.771851e-15    0.000000e+00 
	   energy              5.141043e-09    8.922397e-15    5.141043e-11 
	   displacement        2.478584e-08    4.255500e-13    1.940793e-14 
 4
 Nonlinear solution status: time= 1.795
	stiffness updates             = 3
	right hand side evaluations   = 5
	stiffness matrix reformations = 1
	step from line search         = 1.000000
	convergence norms :     INITIAL         CURRENT         REQUIRED
	   residual            3.169010e-09    4.586971e-19    0.000000e+00 
	   energy              5.141043e-09    2.583612e-18    5.141043e-11 
	   displacement        2.478584e-08    2.911468e-15    1.940885e-14 

convergence summary
    number of iterations   : 4
    number of reformations : 1

------- converged at time : 1.795


AUTO STEPPER: increasing time step, dt = 0.01

MUST POINT CONTROLLER: adjusting time step. dt = 0.005


===== beginning time step 124 : 1.8 =====


Reforming stiffness matrix: reformation #1

 1
 Nonlinear solution status: time= 1.8
	stiffness updates             = 0
	right hand side evaluations   = 2
	stiffness matrix reformations = 1
	step from line search         = 1.000000
	convergence norms :     INITIAL         CURRENT         REQUIRED
	   residual            1.110817e-08    5.396338e-10    0.000000e+00 
	   energy              5.009869e-09    4.089799e-10    5.009869e-11 
	   displacement        6.890045e-09    6.890045e-09    6.890045e-15 
 2
 Nonlinear solution status: time= 1.8
	stiffness updates             = 1
	right hand side evaluations   = 3
	stiffness matrix reformations = 1
	step from line search         = 1.000000
	convergence norms :     INITIAL         CURRENT         REQUIRED
	   residual            1.110817e-08    3.396930e-12    0.000000e+00 
	   energy              5.009869e-09    2.599365e-12    5.009869e-11 
	   displacement        6.890045e-09    9.857534e-11    5.579331e-15 
 3
 Nonlinear solution status: time= 1.8
	stiffness updates             = 2
	right hand side evaluations   = 4
	stiffness matrix reformations = 1
	step from line search         = 1.000000
	convergence norms :     INITIAL         CURRENT         REQUIRED
	   residual            1.110817e-08    1.590995e-14    0.000000e+00 
	   energy              5.009869e-09    2.600718e-14    5.009869e-11 
	   displacement        6.890045e-09    6.916119e-13    5.617884e-15 
 4
 Nonlinear solution status: time= 1.8
	stiffness updates             = 3
	right hand side evaluations   = 5
	stiffness matrix reformations = 1
	step from line search         = 1.000000
	convergence norms :     INITIAL         CURRENT         REQUIRED
	   residual            1.110817e-08    2.901301e-17    0.000000e+00 
	   energy              5.009869e-09    3.986018e-17    5.009869e-11 
	   displacement        6.890045e-09    2.862394e-15    5.620244e-15 

convergence summary
    number of iterations   : 4
    number of reformations : 1

------- converged at time : 1.8


AUTO STEPPER: increasing time step, dt = 0.01


===== beginning time step 125 : 1.81 =====


Reforming stiffness matrix: reformation #1

 1
 Nonlinear solution status: time= 1.81
	stiffness updates             = 0
	right hand side evaluations   = 2
	stiffness matrix reformations = 1
	step from line search         = 1.000000
	convergence norms :     INITIAL         CURRENT         REQUIRED
	   residual            3.858232e-09    1.671228e-10    0.000000e+00 
	   energy              6.260449e-09    7.197035e-10    6.260449e-11 
	   displacement        3.005701e-08    3.005701e-08    3.005701e-14 
 2
 Nonlinear solution status: time= 1.81
	stiffness updates             = 1
	right hand side evaluations   = 3
	stiffness matrix reformations = 1
	step from line search         = 1.000000
	convergence norms :     INITIAL         CURRENT         REQUIRED
	   residual            3.858232e-09    2.927821e-13    0.000000e+00 
	   energy              6.260449e-09    1.043728e-12    6.260449e-11 
	   displacement        3.005701e-08    4.433764e-10    2.348924e-14 
 3
 Nonlinear solution status: time= 1.81
	stiffness updates             = 2
	right hand side evaluations   = 4
	stiffness matrix reformations = 1
	step from line search         = 1.000000
	convergence norms :     INITIAL         CURRENT         REQUIRED
	   residual            3.858232e-09    2.214516e-15    0.000000e+00 
	   energy              6.260449e-09    1.106191e-14    6.260449e-11 
	   displacement        3.005701e-08    5.277658e-13    2.355423e-14 
 4
 Nonlinear solution status: time= 1.81
	stiffness updates             = 3
	right hand side evaluations   = 5
	stiffness matrix reformations = 1
	step from line search         = 1.000000
	convergence norms :     INITIAL         CURRENT         REQUIRED
	   residual            3.858232e-09    5.406709e-19    0.000000e+00 
	   energy              6.260449e-09    3.111521e-18    6.260449e-11 
	   displacement        3.005701e-08    3.664465e-15    2.355536e-14 

convergence summary
    number of iterations   : 4
    number of reformations : 1

------- converged at time : 1.81


AUTO STEPPER: increasing time step, dt = 0.01


===== beginning time step 126 : 1.82 =====


Reforming stiffness matrix: reformation #1

 1
 Nonlinear solution status: time= 1.82
	stiffness updates             = 0
	right hand side evaluations   = 2
	stiffness matrix reformations = 1
	step from line search         = 1.000000
	convergence norms :     INITIAL         CURRENT         REQUIRED
	   residual            3.942465e-09    1.706816e-10    0.000000e+00 
	   energy              6.398480e-09    7.351666e-10    6.398480e-11 
	   displacement        3.068498e-08    3.068498e-08    3.068498e-14 
 2
 Nonlinear solution status: time= 1.82
	stiffness updates             = 1
	right hand side evaluations   = 3
	stiffness matrix reformations = 1
	step from line search         = 1.000000
	convergence norms :     INITIAL         CURRENT         REQUIRED
	   residual            3.942465e-09    2.995953e-13    0.000000e+00 
	   energy              6.398480e-09    1.065445e-12    6.398480e-11 
	   displacement        3.068498e-08    4.519999e-10    2.398549e-14 
 3
 Nonlinear solution status: time= 1.82
	stiffness updates             = 2
	right hand side evaluations   = 4
	stiffness matrix reformations = 1
	step from line search         = 1.000000
	convergence norms :     INITIAL         CURRENT         REQUIRED
	   residual            3.942465e-09    2.280770e-15    0.000000e+00 
	   energy              6.398480e-09    1.135797e-14    6.398480e-11 
	   displacement        3.068498e-08    5.418676e-13    2.405177e-14 
 4
 Nonlinear solution status: time= 1.82
	stiffness updates             = 3
	right hand side evaluations   = 5
	stiffness matrix reformations = 1
	step from line search         = 1.000000
	convergence norms :     INITIAL         CURRENT         REQUIRED
	   residual            3.942465e-09    5.500401e-19    0.000000e+00 
	   energy              6.398480e-09    3.174604e-18    6.398480e-11 
	   displacement        3.068498e-08    3.782251e-15    2.405293e-14 

convergence summary
    number of iterations   : 4
    number of reformations : 1

------- converged at time : 1.82


AUTO STEPPER: increasing time step, dt = 0.01

MUST POINT CONTROLLER: adjusting time step. dt = 0.005


===== beginning time step 127 : 1.825 =====


Reforming stiffness matrix: reformation #1

 1
 Nonlinear solution status: time= 1.825
	stiffness updates             = 0
	right hand side evaluations   = 2
	stiffness matrix reformations = 1
	step from line search         = 1.000000
	convergence norms :     INITIAL         CURRENT         REQUIRED
	   residual            1.191385e-08    5.765916e-10    0.000000e+00 
	   energy              5.374160e-09    4.374247e-10    5.374160e-11 
	   displacement        7.364383e-09    7.364383e-09    7.364383e-15 
 2
 Nonlinear solution status: time= 1.825
	stiffness updates             = 1
	right hand side evaluations   = 3
	stiffness matrix reformations = 1
	step from line search         = 1.000000
	convergence norms :     INITIAL         CURRENT         REQUIRED
	   residual            1.191385e-08    3.624576e-12    0.000000e+00 
	   energy              5.374160e-09    2.755798e-12    5.374160e-11 
	   displacement        7.364383e-09    1.044968e-10    5.970635e-15 
 3
 Nonlinear solution status: time= 1.825
	stiffness updates             = 2
	right hand side evaluations   = 4
	stiffness matrix reformations = 1
	step from line search         = 1.000000
	convergence norms :     INITIAL         CURRENT         REQUIRED
	   residual            1.191385e-08    1.753148e-14    0.000000e+00 
	   energy              5.374160e-09    2.803548e-14    5.374160e-11 
	   displacement        7.364383e-09    7.401296e-13    6.011472e-15 
 4
 Nonlinear solution status: time= 1.825
	stiffness updates             = 3
	right hand side evaluations   = 5
	stiffness matrix reformations = 1
	step from line search         = 1.000000
	convergence norms :     INITIAL         CURRENT         REQUIRED
	   residual            1.191385e-08    3.162970e-17    0.000000e+00 
	   energy              5.374160e-09    4.297007e-17    5.374160e-11 
	   displacement        7.364383e-09    3.118541e-15    6.013992e-15 

convergence summary
    number of iterations   : 4
    number of reformations : 1

------- converged at time : 1.825


AUTO STEPPER: increasing time step, dt = 0.01


===== beginning time step 128 : 1.835 =====


Reforming stiffness matrix: reformation #1

 1
 Nonlinear solution status: time= 1.835
	stiffness updates             = 0
	right hand side evaluations   = 2
	stiffness matrix reformations = 1
	step from line search         = 1.000000
	convergence norms :     INITIAL         CURRENT         REQUIRED
	   residual            3.706215e-09    1.606145e-10    0.000000e+00 
	   energy              6.017617e-09    6.913602e-10    6.017617e-11 
	   displacement        2.884378e-08    2.884378e-08    2.884378e-14 
 2
 Nonlinear solution status: time= 1.835
	stiffness updates             = 1
	right hand side evaluations   = 3
	stiffness matrix reformations = 1
	step from line search         = 1.000000
	convergence norms :     INITIAL         CURRENT         REQUIRED
	   residual            3.706215e-09    2.815712e-13    0.000000e+00 
	   energy              6.017617e-09    9.999561e-13    6.017617e-11 
	   displacement        2.884378e-08    4.245223e-10    2.254912e-14 
 3
 Nonlinear solution status: time= 1.835
	stiffness updates             = 2
	right hand side evaluations   = 4
	stiffness matrix reformations = 1
	step from line search         = 1.000000
	convergence norms :     INITIAL         CURRENT         REQUIRED
	   residual            3.706215e-09    2.155676e-15    0.000000e+00 
	   energy              6.017617e-09    1.070336e-14    6.017617e-11 
	   displacement        2.884378e-08    5.105164e-13    2.261129e-14 
 4
 Nonlinear solution status: time= 1.835
	stiffness updates             = 3
	right hand side evaluations   = 5
	stiffness matrix reformations = 1
	step from line search         = 1.000000
	convergence norms :     INITIAL         CURRENT         REQUIRED
	   residual            3.706215e-09    5.203876e-19    0.000000e+00 
	   energy              6.017617e-09    2.990681e-18    6.017617e-11 
	   displacement        2.884378e-08    3.579805e-15    2.261237e-14 

convergence summary
    number of iterations   : 4
    number of reformations : 1

------- converged at time : 1.835


AUTO STEPPER: increasing time step, dt = 0.01


===== beginning time step 129 : 1.845 =====


Reforming stiffness matrix: reformation #1

 1
 Nonlinear solution status: time= 1.845
	stiffness updates             = 0
	right hand side evaluations   = 2
	stiffness matrix reformations = 1
	step from line search         = 1.000000
	convergence norms :     INITIAL         CURRENT         REQUIRED
	   residual            3.312339e-09    1.437924e-10    0.000000e+00 
	   energy              5.380217e-09    6.184174e-10    5.380217e-11 
	   displacement        2.579989e-08    2.579989e-08    2.579989e-14 
 2
 Nonlinear solution status: time= 1.845
	stiffness updates             = 1
	right hand side evaluations   = 3
	stiffness matrix reformations = 1
	step from line search         = 1.000000
	convergence norms :     INITIAL         CURRENT         REQUIRED
	   residual            3.312339e-09    2.512874e-13    0.000000e+00 
	   energy              5.380217e-09    8.928499e-13    5.380217e-11 
	   displacement        2.579989e-08    3.798427e-10    2.016828e-14 
 3
 Nonlinear solution status: time= 1.845
	stiffness updates             = 2
	right hand side evaluations   = 4
	stiffness matrix reformations = 1
	step from line search         = 1.000000
	convergence norms :     INITIAL         CURRENT         REQUIRED
	   residual            3.312339e-09    1.926362e-15    0.000000e+00 
	   energy              5.380217e-09    9.556020e-15    5.380217e-11 
	   displacement        2.579989e-08    4.556629e-13    2.022379e-14 
 4
 Nonlinear solution status: time= 1.845
	stiffness updates             = 3
	right hand side evaluations   = 5
	stiffness matrix reformations = 1
	step from line search         = 1.000000
	convergence norms :     INITIAL         CURRENT         REQUIRED
	   residual            3.312339e-09    4.697221e-19    0.000000e+00 
	   energy              5.380217e-09    2.681885e-18    5.380217e-11 
	   displacement        2.579989e-08    3.198249e-15    2.022475e-14 

convergence summary
    number of iterations   : 4
    number of reformations : 1

------- converged at time : 1.845


AUTO STEPPER: increasing time step, dt = 0.01

MUST POINT CONTROLLER: adjusting time step. dt = 0.005


===== beginning time step 130 : 1.85 =====


Reforming stiffness matrix: reformation #1

 1
 Nonlinear solution status: time= 1.85
	stiffness updates             = 0
	right hand side evaluations   = 2
	stiffness matrix reformations = 1
	step from line search         = 1.000000
	convergence norms :     INITIAL         CURRENT         REQUIRED
	   residual            9.061120e-09    4.406078e-10    0.000000e+00 
	   energy              4.090792e-09    3.335171e-10    4.090792e-11 
	   displacement        5.612053e-09    5.612053e-09    5.612053e-15 
 2
 Nonlinear solution status: time= 1.85
	stiffness updates             = 1
	right hand side evaluations   = 3
	stiffness matrix reformations = 1
	step from line search         = 1.000000
	convergence norms :     INITIAL         CURRENT         REQUIRED
	   residual            9.061120e-09    2.752639e-12    0.000000e+00 
	   energy              4.090792e-09    2.090746e-12    4.090792e-11 
	   displacement        5.612053e-09    7.964696e-11    4.549307e-15 
 3
 Nonlinear solution status: time= 1.85
	stiffness updates             = 2
	right hand side evaluations   = 4
	stiffness matrix reformations = 1
	step from line search         = 1.000000
	convergence norms :     INITIAL         CURRENT         REQUIRED
	   residual            9.061120e-09    1.342224e-14    0.000000e+00 
	   energy              4.090792e-09    2.131834e-14    4.090792e-11 
	   displacement        5.612053e-09    5.608699e-13    4.580311e-15 
 4
 Nonlinear solution status: time= 1.85
	stiffness updates             = 3
	right hand side evaluations   = 5
	stiffness matrix reformations = 1
	step from line search         = 1.000000
	convergence norms :     INITIAL         CURRENT         REQUIRED
	   residual            9.061120e-09    2.447678e-17    0.000000e+00 
	   energy              4.090792e-09    3.278040e-17    4.090792e-11 
	   displacement        5.612053e-09    2.378190e-15    4.582225e-15 

convergence summary
    number of iterations   : 4
    number of reformations : 1

------- converged at time : 1.85


AUTO STEPPER: increasing time step, dt = 0.01


===== beginning time step 131 : 1.86 =====


Reforming stiffness matrix: reformation #1

 1
 Nonlinear solution status: time= 1.86
	stiffness updates             = 0
	right hand side evaluations   = 2
	stiffness matrix reformations = 1
	step from line search         = 1.000000
	convergence norms :     INITIAL         CURRENT         REQUIRED
	   residual            2.598846e-09    1.131794e-10    0.000000e+00 
	   energy              4.224214e-09    4.860478e-10    4.224214e-11 
	   displacement        2.028132e-08    2.028132e-08    2.028132e-14 
 2
 Nonlinear solution status: time= 1.86
	stiffness updates             = 1
	right hand side evaluations   = 3
	stiffness matrix reformations = 1
	step from line search         = 1.000000
	convergence norms :     INITIAL         CURRENT         REQUIRED
	   residual            2.598846e-09    1.965908e-13    0.000000e+00 
	   energy              4.224214e-09    6.997233e-13    4.224214e-11 
	   displacement        2.028132e-08    2.989251e-10    1.585120e-14 
 3
 Nonlinear solution status: time= 1.86
	stiffness updates             = 2
	right hand side evaluations   = 4
	stiffness matrix reformations = 1
	step from line search         = 1.000000
	convergence norms :     INITIAL         CURRENT         REQUIRED
	   residual            2.598846e-09    1.507077e-15    0.000000e+00 
	   energy              4.224214e-09    7.471863e-15    4.224214e-11 
	   displacement        2.028132e-08    3.561027e-13    1.589471e-14 
 4
 Nonlinear solution status: time= 1.86
	stiffness updates             = 3
	right hand side evaluations   = 5
	stiffness matrix reformations = 1
	step from line search         = 1.000000
	convergence norms :     INITIAL         CURRENT         REQUIRED
	   residual            2.598846e-09    3.755511e-19    0.000000e+00 
	   energy              4.224214e-09    2.117931e-18    4.224214e-11 
	   displacement        2.028132e-08    2.498900e-15    1.589546e-14 

convergence summary
    number of iterations   : 4
    number of reformations : 1

------- converged at time : 1.86


AUTO STEPPER: increasing time step, dt = 0.01


===== beginning time step 132 : 1.87 =====


Reforming stiffness matrix: reformation #1

 1
 Nonlinear solution status: time= 1.87
	stiffness updates             = 0
	right hand side evaluations   = 2
	stiffness matrix reformations = 1
	step from line search         = 1.000000
	convergence norms :     INITIAL         CURRENT         REQUIRED
	   residual            2.083428e-09    9.095745e-11    0.000000e+00 
	   energy              3.388169e-09    3.902115e-10    3.388169e-11 
	   displacement        1.628695e-08    1.628695e-08    1.628695e-14 
 2
 Nonlinear solution status: time= 1.87
	stiffness updates             = 1
	right hand side evaluations   = 3
	stiffness matrix reformations = 1
	step from line search         = 1.000000
	convergence norms :     INITIAL         CURRENT         REQUIRED
	   residual            2.083428e-09    1.572424e-13    0.000000e+00 
	   energy              3.388169e-09    5.606936e-13    3.388169e-11 
	   displacement        1.628695e-08    2.403419e-10    1.272671e-14 
 3
 Nonlinear solution status: time= 1.87
	stiffness updates             = 2
	right hand side evaluations   = 4
	stiffness matrix reformations = 1
	step from line search         = 1.000000
	convergence norms :     INITIAL         CURRENT         REQUIRED
	   residual            2.083428e-09    1.203530e-15    0.000000e+00 
	   energy              3.388169e-09    5.968740e-15    3.388169e-11 
	   displacement        1.628695e-08    2.843560e-13    1.276158e-14 
 4
 Nonlinear solution status: time= 1.87
	stiffness updates             = 3
	right hand side evaluations   = 5
	stiffness matrix reformations = 1
	step from line search         = 1.000000
	convergence norms :     INITIAL         CURRENT         REQUIRED
	   residual            2.083428e-09    3.051121e-19    0.000000e+00 
	   energy              3.388169e-09    1.705793e-18    3.388169e-11 
	   displacement        1.628695e-08    1.992488e-15    1.276219e-14 

convergence summary
    number of iterations   : 4
    number of reformations : 1

------- converged at time : 1.87


AUTO STEPPER: increasing time step, dt = 0.01

MUST POINT CONTROLLER: adjusting time step. dt = 0.005


===== beginning time step 133 : 1.875 =====


Reforming stiffness matrix: reformation #1

 1
 Nonlinear solution status: time= 1.875
	stiffness updates             = 0
	right hand side evaluations   = 2
	stiffness matrix reformations = 1
	step from line search         = 1.000000
	convergence norms :     INITIAL         CURRENT         REQUIRED
	   residual            5.215990e-09    2.555382e-10    0.000000e+00 
	   energy              2.357171e-09    1.928311e-10    2.357171e-11 
	   displacement        3.244154e-09    3.244154e-09    3.244154e-15 
 2
 Nonlinear solution status: time= 1.875
	stiffness updates             = 1
	right hand side evaluations   = 3
	stiffness matrix reformations = 1
	step from line search         = 1.000000
	convergence norms :     INITIAL         CURRENT         REQUIRED
	   residual            5.215990e-09    1.586001e-12    0.000000e+00 
	   energy              2.357171e-09    1.206669e-12    2.357171e-11 
	   displacement        3.244154e-09    4.623140e-11    2.627827e-15 
 3
 Nonlinear solution status: time= 1.875
	stiffness updates             = 2
	right hand side evaluations   = 4
	stiffness matrix reformations = 1
	step from line search         = 1.000000
	convergence norms :     INITIAL         CURRENT         REQUIRED
	   residual            5.215990e-09    7.680587e-15    0.000000e+00 
	   energy              2.357171e-09    1.223141e-14    2.357171e-11 
	   displacement        3.244154e-09    3.216073e-13    2.645739e-15 
 4
 Nonlinear solution status: time= 1.875
	stiffness updates             = 3
	right hand side evaluations   = 5
	stiffness matrix reformations = 1
	step from line search         = 1.000000
	convergence norms :     INITIAL         CURRENT         REQUIRED
	   residual            5.215990e-09    1.429698e-17    0.000000e+00 
	   energy              2.357171e-09    1.890455e-17    2.357171e-11 
	   displacement        3.244154e-09    1.362469e-15    2.646841e-15 

convergence summary
    number of iterations   : 4
    number of reformations : 1

------- converged at time : 1.875


AUTO STEPPER: increasing time step, dt = 0.01


===== beginning time step 134 : 1.885 =====


Reforming stiffness matrix: reformation #1

 1
 Nonlinear solution status: time= 1.885
	stiffness updates             = 0
	right hand side evaluations   = 2
	stiffness matrix reformations = 1
	step from line search         = 1.000000
	convergence norms :     INITIAL         CURRENT         REQUIRED
	   residual            1.383133e-09    6.063376e-11    0.000000e+00 
	   energy              2.251186e-09    2.596839e-10    2.251186e-11 
	   displacement        1.084521e-08    1.084521e-08    1.084521e-14 
 2
 Nonlinear solution status: time= 1.885
	stiffness updates             = 1
	right hand side evaluations   = 3
	stiffness matrix reformations = 1
	step from line search         = 1.000000
	convergence norms :     INITIAL         CURRENT         REQUIRED
	   residual            1.383133e-09    1.040183e-13    0.000000e+00 
	   energy              2.251186e-09    3.720832e-13    2.251186e-11 
	   displacement        1.084521e-08    1.604018e-10    8.471256e-15 
 3
 Nonlinear solution status: time= 1.885
	stiffness updates             = 2
	right hand side evaluations   = 4
	stiffness matrix reformations = 1
	step from line search         = 1.000000
	convergence norms :     INITIAL         CURRENT         REQUIRED
	   residual            1.383133e-09    7.927338e-16    0.000000e+00 
	   energy              2.251186e-09    3.935968e-15    2.251186e-11 
	   displacement        1.084521e-08    1.873964e-13    8.494409e-15 
 4
 Nonlinear solution status: time= 1.885
	stiffness updates             = 3
	right hand side evaluations   = 5
	stiffness matrix reformations = 1
	step from line search         = 1.000000
	convergence norms :     INITIAL         CURRENT         REQUIRED
	   residual            1.383133e-09    2.068941e-19    0.000000e+00 
	   energy              2.251186e-09    1.140669e-18    2.251186e-11 
	   displacement        1.084521e-08    1.308370e-15    8.494813e-15 

convergence summary
    number of iterations   : 4
    number of reformations : 1

------- converged at time : 1.885


AUTO STEPPER: increasing time step, dt = 0.01


===== beginning time step 135 : 1.895 =====


Reforming stiffness matrix: reformation #1

 1
 Nonlinear solution status: time= 1.895
	stiffness updates             = 0
	right hand side evaluations   = 2
	stiffness matrix reformations = 1
	step from line search         = 1.000000
	convergence norms :     INITIAL         CURRENT         REQUIRED
	   residual            9.891750e-10    4.348948e-11    0.000000e+00 
	   energy              1.610867e-09    1.860406e-10    1.610867e-11 
	   displacement        7.773433e-09    7.773433e-09    7.773433e-15 
 2
 Nonlinear solution status: time= 1.895
	stiffness updates             = 1
	right hand side evaluations   = 3
	stiffness matrix reformations = 1
	step from line search         = 1.000000
	convergence norms :     INITIAL         CURRENT         REQUIRED
	   residual            9.891750e-10    7.421584e-14    0.000000e+00 
	   energy              1.610867e-09    2.661083e-13    1.610867e-11 
	   displacement        7.773433e-09    1.151768e-10    6.070038e-15 
 3
 Nonlinear solution status: time= 1.895
	stiffness updates             = 2
	right hand side evaluations   = 4
	stiffness matrix reformations = 1
	step from line search         = 1.000000
	convergence norms :     INITIAL         CURRENT         REQUIRED
	   residual            9.891750e-10    5.631328e-16    0.000000e+00 
	   energy              1.610867e-09    2.799809e-15    1.610867e-11 
	   displacement        7.773433e-09    1.332469e-13    6.086605e-15 
 4
 Nonlinear solution status: time= 1.895
	stiffness updates             = 3
	right hand side evaluations   = 5
	stiffness matrix reformations = 1
	step from line search         = 1.000000
	convergence norms :     INITIAL         CURRENT         REQUIRED
	   residual            9.891750e-10    1.498705e-19    0.000000e+00 
	   energy              1.610867e-09    8.193200e-19    1.610867e-11 
	   displacement        7.773433e-09    9.270508e-16    6.086894e-15 

convergence summary
    number of iterations   : 4
    number of reformations : 1

------- converged at time : 1.895


AUTO STEPPER: increasing time step, dt = 0.01

MUST POINT CONTROLLER: adjusting time step. dt = 0.005


===== beginning time step 136 : 1.9 =====


Reforming stiffness matrix: reformation #1

 1
 Nonlinear solution status: time= 1.9
	stiffness updates             = 0
	right hand side evaluations   = 2
	stiffness matrix reformations = 1
	step from line search         = 1.000000
	convergence norms :     INITIAL         CURRENT         REQUIRED
	   residual            2.234884e-09    1.105044e-10    0.000000e+00 
	   energy              1.011024e-09    8.308915e-11    1.011024e-11 
	   displacement        1.397927e-09    1.397927e-09    1.397927e-15 
 2
 Nonlinear solution status: time= 1.9
	stiffness updates             = 1
	right hand side evaluations   = 3
	stiffness matrix reformations = 1
	step from line search         = 1.000000
	convergence norms :     INITIAL         CURRENT         REQUIRED
	   residual            2.234884e-09    6.819194e-13    0.000000e+00 
	   energy              1.011024e-09    5.208000e-13    1.011024e-11 
	   displacement        1.397927e-09    2.006782e-11    1.130956e-15 
 3
 Nonlinear solution status: time= 1.9
	stiffness updates             = 2
	right hand side evaluations   = 4
	stiffness matrix reformations = 1
	step from line search         = 1.000000
	convergence norms :     INITIAL         CURRENT         REQUIRED
	   residual            2.234884e-09    3.238288e-15    0.000000e+00 
	   energy              1.011024e-09    5.214477e-15    1.011024e-11 
	   displacement        1.397927e-09    1.373853e-13    1.138694e-15 
 4
 Nonlinear solution status: time= 1.9
	stiffness updates             = 3
	right hand side evaluations   = 5
	stiffness matrix reformations = 1
	step from line search         = 1.000000
	convergence norms :     INITIAL         CURRENT         REQUIRED
	   residual            2.234884e-09    6.175007e-18    0.000000e+00 
	   energy              1.011024e-09    8.099757e-18    1.011024e-11 
	   displacement        1.397927e-09    5.777050e-16    1.139168e-15 

convergence summary
    number of iterations   : 4
    number of reformations : 1

------- converged at time : 1.9


AUTO STEPPER: increasing time step, dt = 0.01


===== beginning time step 137 : 1.91 =====


Reforming stiffness matrix: reformation #1

 1
 Nonlinear solution status: time= 1.91
	stiffness updates             = 0
	right hand side evaluations   = 2
	stiffness matrix reformations = 1
	step from line search         = 1.000000
	convergence norms :     INITIAL         CURRENT         REQUIRED
	   residual            5.365244e-10    2.370777e-11    0.000000e+00 
	   energy              8.745040e-10    1.012033e-10    8.745040e-12 
	   displacement        4.232499e-09    4.232499e-09    4.232499e-15 
 2
 Nonlinear solution status: time= 1.91
	stiffness updates             = 1
	right hand side evaluations   = 3
	stiffness matrix reformations = 1
	step from line search         = 1.000000
	convergence norms :     INITIAL         CURRENT         REQUIRED
	   residual            5.365244e-10    4.010724e-14    0.000000e+00 
	   energy              8.745040e-10    1.443732e-13    8.745040e-12 
	   displacement        4.232499e-09    6.291512e-11    3.303233e-15 
 3
 Nonlinear solution status: time= 1.91
	stiffness updates             = 2
	right hand side evaluations   = 4
	stiffness matrix reformations = 1
	step from line search         = 1.000000
	convergence norms :     INITIAL         CURRENT         REQUIRED
	   residual            5.365244e-10    3.014551e-16    0.000000e+00 
	   energy              8.745040e-10    1.503324e-15    8.745040e-12 
	   displacement        4.232499e-09    7.149766e-14    3.312230e-15 
 4
 Nonlinear solution status: time= 1.91
	stiffness updates             = 3
	right hand side evaluations   = 5
	stiffness matrix reformations = 1
	step from line search         = 1.000000
	convergence norms :     INITIAL         CURRENT         REQUIRED
	   residual            5.365244e-10    8.293413e-20    0.000000e+00 
	   energy              8.745040e-10    4.473291e-19    8.745040e-12 
	   displacement        4.232499e-09    4.938961e-16    3.312386e-15 

convergence summary
    number of iterations   : 4
    number of reformations : 1

------- converged at time : 1.91


AUTO STEPPER: increasing time step, dt = 0.01


===== beginning time step 138 : 1.92 =====


Reforming stiffness matrix: reformation #1

 1
 Nonlinear solution status: time= 1.92
	stiffness updates             = 0
	right hand side evaluations   = 2
	stiffness matrix reformations = 1
	step from line search         = 1.000000
	convergence norms :     INITIAL         CURRENT         REQUIRED
	   residual            3.263206e-10    1.447202e-11    0.000000e+00 
	   energy              5.321918e-10    6.167879e-11    5.321918e-12 
	   displacement        2.581372e-09    2.581372e-09    2.581372e-15 
 2
 Nonlinear solution status: time= 1.92
	stiffness updates             = 1
	right hand side evaluations   = 3
	stiffness matrix reformations = 1
	step from line search         = 1.000000
	convergence norms :     INITIAL         CURRENT         REQUIRED
	   residual            3.263206e-10    2.433316e-14    0.000000e+00 
	   energy              5.321918e-10    8.784025e-14    5.321918e-12 
	   displacement        2.581372e-09    3.846575e-11    2.013789e-15 
 3
 Nonlinear solution status: time= 1.92
	stiffness updates             = 2
	right hand side evaluations   = 4
	stiffness matrix reformations = 1
	step from line search         = 1.000000
	convergence norms :     INITIAL         CURRENT         REQUIRED
	   residual            3.263206e-10    1.813677e-16    0.000000e+00 
	   energy              5.321918e-10    9.069628e-16    5.321918e-12 
	   displacement        2.581372e-09    4.311624e-14    2.019268e-15 
 4
 Nonlinear solution status: time= 1.92
	stiffness updates             = 3
	right hand side evaluations   = 5
	stiffness matrix reformations = 1
	step from line search         = 1.000000
	convergence norms :     INITIAL         CURRENT         REQUIRED
	   residual            3.263206e-10    5.105430e-20    0.000000e+00 
	   energy              5.321918e-10    2.731387e-19    5.321918e-12 
	   displacement        2.581372e-09    2.960154e-16    2.019363e-15 

convergence summary
    number of iterations   : 4
    number of reformations : 1

------- converged at time : 1.92


AUTO STEPPER: increasing time step, dt = 0.01

MUST POINT CONTROLLER: adjusting time step. dt = 0.005


===== beginning time step 139 : 1.925 =====


Reforming stiffness matrix: reformation #1

 1
 Nonlinear solution status: time= 1.925
	stiffness updates             = 0
	right hand side evaluations   = 2
	stiffness matrix reformations = 1
	step from line search         = 1.000000
	convergence norms :     INITIAL         CURRENT         REQUIRED
	   residual            6.236974e-10    3.123224e-11    0.000000e+00 
	   energy              2.825253e-10    2.337367e-11    2.825253e-12 
	   displacement        3.932781e-10    3.932781e-10    3.932781e-16 
 2
 Nonlinear solution status: time= 1.925
	stiffness updates             = 1
	right hand side evaluations   = 3
	stiffness matrix reformations = 1
	step from line search         = 1.000000
	convergence norms :     INITIAL         CURRENT         REQUIRED
	   residual            6.236974e-10    1.916713e-13    0.000000e+00 
	   energy              2.825253e-10    1.473928e-13    2.825253e-12 
	   displacement        3.932781e-10    5.714960e-12    3.175514e-16 
 3
 Nonlinear solution status: time= 1.925
	stiffness updates             = 2
	right hand side evaluations   = 4
	stiffness matrix reformations = 1
	step from line search         = 1.000000
	convergence norms :     INITIAL         CURRENT         REQUIRED
	   residual            6.236974e-10    8.779788e-16    0.000000e+00 
	   energy              2.825253e-10    1.445793e-15    2.825253e-12 
	   displacement        3.932781e-10    3.829454e-14    3.197439e-16 
 4
 Nonlinear solution status: time= 1.925
	stiffness updates             = 3
	right hand side evaluations   = 5
	stiffness matrix reformations = 1
	step from line search         = 1.000000
	convergence norms :     INITIAL         CURRENT         REQUIRED
	   residual            6.236974e-10    1.719868e-18    0.000000e+00 
	   energy              2.825253e-10    2.253187e-18    2.825253e-12 
	   displacement        3.932781e-10    1.584389e-16    3.198772e-16 

convergence summary
    number of iterations   : 4
    number of reformations : 1

------- converged at time : 1.925


AUTO STEPPER: increasing time step, dt = 0.01


===== beginning time step 140 : 1.935 =====


Reforming stiffness matrix: reformation #1

 1
 Nonlinear solution status: time= 1.935
	stiffness updates             = 0
	right hand side evaluations   = 2
	stiffness matrix reformations = 1
	step from line search         = 1.000000
	convergence norms :     INITIAL         CURRENT         REQUIRED
	   residual            1.244179e-10    5.558237e-12    0.000000e+00 
	   energy              2.031109e-10    2.360541e-11    2.031109e-12 
	   displacement        9.894604e-10    9.894604e-10    9.894604e-16 
 2
 Nonlinear solution status: time= 1.935
	stiffness updates             = 1
	right hand side evaluations   = 3
	stiffness matrix reformations = 1
	step from line search         = 1.000000
	convergence norms :     INITIAL         CURRENT         REQUIRED
	   residual            1.244179e-10    9.230993e-15    0.000000e+00 
	   energy              2.031109e-10    3.350617e-14    2.031109e-12 
	   displacement        9.894604e-10    1.481624e-11    7.712637e-16 
 3
 Nonlinear solution status: time= 1.935
	stiffness updates             = 2
	right hand side evaluations   = 4
	stiffness matrix reformations = 1
	step from line search         = 1.000000
	convergence norms :     INITIAL         CURRENT         REQUIRED
	   residual            1.244179e-10    6.746943e-17    0.000000e+00 
	   energy              2.031109e-10    3.395567e-16    2.031109e-12 
	   displacement        9.894604e-10    1.613053e-14    7.733578e-16 
 4
 Nonlinear solution status: time= 1.935
	stiffness updates             = 3
	right hand side evaluations   = 5
	stiffness matrix reformations = 1
	step from line search         = 1.000000
	convergence norms :     INITIAL         CURRENT         REQUIRED
	   residual            1.244179e-10    1.999591e-20    0.000000e+00 
	   energy              2.031109e-10    1.049708e-19    2.031109e-12 
	   displacement        9.894604e-10    1.092187e-16    7.733940e-16 

convergence summary
    number of iterations   : 4
    number of reformations : 1

------- converged at time : 1.935


AUTO STEPPER: increasing time step, dt = 0.01


===== beginning time step 141 : 1.945 =====


Reforming stiffness matrix: reformation #1

 1
 Nonlinear solution status: time= 1.945
	stiffness updates             = 0
	right hand side evaluations   = 2
	stiffness matrix reformations = 1
	step from line search         = 1.000000
	convergence norms :     INITIAL         CURRENT         REQUIRED
	   residual            5.230420e-11    2.352117e-12    0.000000e+00 
	   energy              8.543933e-11    9.953099e-12    8.543933e-13 
	   displacement        4.178710e-10    4.178710e-10    4.178710e-16 
 2
 Nonlinear solution status: time= 1.945
	stiffness updates             = 1
	right hand side evaluations   = 3
	stiffness matrix reformations = 1
	step from line search         = 1.000000
	convergence norms :     INITIAL         CURRENT         REQUIRED
	   residual            5.230420e-11    3.859207e-15    0.000000e+00 
	   energy              8.543933e-11    1.408141e-14    8.543933e-13 
	   displacement        4.178710e-10    6.284585e-12    3.254758e-16 
 3
 Nonlinear solution status: time= 1.945
	stiffness updates             = 2
	right hand side evaluations   = 4
	stiffness matrix reformations = 1
	step from line search         = 1.000000
	convergence norms :     INITIAL         CURRENT         REQUIRED
	   residual            5.230420e-11    2.761103e-17    0.000000e+00 
	   energy              8.543933e-11    1.399090e-16    8.543933e-13 
	   displacement        4.178710e-10    6.643209e-15    3.263581e-16 
 4
 Nonlinear solution status: time= 1.945
	stiffness updates             = 3
	right hand side evaluations   = 5
	stiffness matrix reformations = 1
	step from line search         = 1.000000
	convergence norms :     INITIAL         CURRENT         REQUIRED
	   residual            5.230420e-11    8.640447e-21    0.000000e+00 
	   energy              8.543933e-11    4.452194e-20    8.543933e-13 
	   displacement        4.178710e-10    4.431654e-17    3.263733e-16 

convergence summary
    number of iterations   : 4
    number of reformations : 1

------- converged at time : 1.945


AUTO STEPPER: increasing time step, dt = 0.01

MUST POINT CONTROLLER: adjusting time step. dt = 0.005


===== beginning time step 142 : 1.95 =====


Reforming stiffness matrix: reformation #1

 1
 Nonlinear solution status: time= 1.95
	stiffness updates             = 0
	right hand side evaluations   = 2
	stiffness matrix reformations = 1
	step from line search         = 1.000000
	convergence norms :     INITIAL         CURRENT         REQUIRED
	   residual            6.015977e-11    3.108575e-12    0.000000e+00 
	   energy              2.735135e-11    2.301418e-12    2.735135e-13 
	   displacement        3.871961e-11    3.871961e-11    3.871961e-17 
 2
 Nonlinear solution status: time= 1.95
	stiffness updates             = 1
	right hand side evaluations   = 3
	stiffness matrix reformations = 1
	step from line search         = 1.000000
	convergence norms :     INITIAL         CURRENT         REQUIRED
	   residual            6.015977e-11    1.879726e-14    0.000000e+00 
	   energy              2.735135e-11    1.475707e-14    2.735135e-13 
	   displacement        3.871961e-11    5.810915e-13    3.110417e-17 
 3
 Nonlinear solution status: time= 1.95
	stiffness updates             = 2
	right hand side evaluations   = 4
	stiffness matrix reformations = 1
	step from line search         = 1.000000
	convergence norms :     INITIAL         CURRENT         REQUIRED
	   residual            6.015977e-11    7.817437e-17    0.000000e+00 
	   energy              2.735135e-11    1.372760e-16    2.735135e-13 
	   displacement        3.871961e-11    3.693857e-15    3.132500e-17 
 4
 Nonlinear solution status: time= 1.95
	stiffness updates             = 3
	right hand side evaluations   = 5
	stiffness matrix reformations = 1
	step from line search         = 1.000000
	convergence norms :     INITIAL         CURRENT         REQUIRED
	   residual            6.015977e-11    1.611243e-19    0.000000e+00 
	   energy              2.735135e-11    2.134205e-19    2.735135e-13 
	   displacement        3.871961e-11    1.457705e-17    3.133797e-17 

convergence summary
    number of iterations   : 4
    number of reformations : 1

------- converged at time : 1.95


AUTO STEPPER: increasing time step, dt = 0.01


===== beginning time step 143 : 1.96 =====


Reforming stiffness matrix: reformation #1

 1
 Nonlinear solution status: time= 1.96
	stiffness updates             = 0
	right hand side evaluations   = 2
	stiffness matrix reformations = 1
	step from line search         = 1.000000
	convergence norms :     INITIAL         CURRENT         REQUIRED
	   residual            5.502025e-12    2.517005e-13    0.000000e+00 
	   energy              8.949513e-12    1.046796e-12    8.949513e-14 
	   displacement        4.429803e-11    4.429803e-11    4.429803e-17 
 2
 Nonlinear solution status: time= 1.96
	stiffness updates             = 1
	right hand side evaluations   = 3
	stiffness matrix reformations = 1
	step from line search         = 1.000000
	convergence norms :     INITIAL         CURRENT         REQUIRED
	   residual            5.502025e-12    3.883421e-16    0.000000e+00 
	   energy              8.949513e-12    1.454231e-15    8.949513e-14 
	   displacement        4.429803e-11    6.733661e-13    3.443023e-17 
 3
 Nonlinear solution status: time= 1.96
	stiffness updates             = 2
	right hand side evaluations   = 4
	stiffness matrix reformations = 1
	step from line search         = 1.000000
	convergence norms :     INITIAL         CURRENT         REQUIRED
	   residual            5.502025e-12    2.498548e-18    0.000000e+00 
	   energy              8.949513e-12    1.305783e-17    8.949513e-14 
	   displacement        4.429803e-11    6.214652e-16    3.452306e-17 
 4
 Nonlinear solution status: time= 1.96
	stiffness updates             = 3
	right hand side evaluations   = 5
	stiffness matrix reformations = 1
	step from line search         = 1.000000
	convergence norms :     INITIAL         CURRENT         REQUIRED
	   residual            5.502025e-12    1.080115e-21    0.000000e+00 
	   energy              8.949513e-12    4.910441e-21    8.949513e-14 
	   displacement        4.429803e-11    3.833285e-18    3.452453e-17 

convergence summary
    number of iterations   : 4
    number of reformations : 1

------- converged at time : 1.96


AUTO STEPPER: increasing time step, dt = 0.01


===== beginning time step 144 : 1.97 =====


Reforming stiffness matrix: reformation #1

 1
 Nonlinear solution status: time= 1.97
	stiffness updates             = 0
	right hand side evaluations   = 2
	stiffness matrix reformations = 1
	step from line search         = 1.000000
	convergence norms :     INITIAL         CURRENT         REQUIRED
	   residual            1.416405e-12    5.629100e-14    0.000000e+00 
	   energy              2.199424e-12    2.426519e-13    2.199424e-14 
	   displacement        1.013544e-11    1.013544e-11    1.013544e-17 
 2
 Nonlinear solution status: time= 1.97
	stiffness updates             = 1
	right hand side evaluations   = 3
	stiffness matrix reformations = 1
	step from line search         = 1.000000
	convergence norms :     INITIAL         CURRENT         REQUIRED
	   residual            1.416405e-12    8.874627e-17    0.000000e+00 
	   energy              2.199424e-12    3.310086e-16    2.199424e-14 
	   displacement        1.013544e-11    1.395743e-13    7.995470e-18 
 3
 Nonlinear solution status: time= 1.97
	stiffness updates             = 2
	right hand side evaluations   = 4
	stiffness matrix reformations = 1
	step from line search         = 1.000000
	convergence norms :     INITIAL         CURRENT         REQUIRED
	   residual            1.416405e-12    7.104491e-19    0.000000e+00 
	   energy              2.199424e-12    3.510388e-18    2.199424e-14 
	   displacement        1.013544e-11    1.720312e-16    8.017101e-18 
 4
 Nonlinear solution status: time= 1.97
	stiffness updates             = 3
	right hand side evaluations   = 5
	stiffness matrix reformations = 1
	step from line search         = 1.000000
	convergence norms :     INITIAL         CURRENT         REQUIRED
	   residual            1.416405e-12    3.050621e-22    0.000000e+00 
	   energy              2.199424e-12    1.307432e-21    2.199424e-14 
	   displacement        1.013544e-11    1.226455e-18    8.017359e-18 

convergence summary
    number of iterations   : 4
    number of reformations : 1

------- converged at time : 1.97


AUTO STEPPER: increasing time step, dt = 0.01

MUST POINT CONTROLLER: adjusting time step. dt = 0.005


===== beginning time step 145 : 1.975 =====


Reforming stiffness matrix: reformation #1

 1
 Nonlinear solution status: time= 1.975
	stiffness updates             = 0
	right hand side evaluations   = 2
	stiffness matrix reformations = 1
	step from line search         = 1.000000
	convergence norms :     INITIAL         CURRENT         REQUIRED
	   residual            2.093015e-11    1.001020e-12    0.000000e+00 
	   energy              9.433019e-12    7.624861e-13    9.433019e-14 
	   displacement        1.282021e-11    1.282021e-11    1.282021e-17 
 2
 Nonlinear solution status: time= 1.975
	stiffness updates             = 1
	right hand side evaluations   = 3
	stiffness matrix reformations = 1
	step from line search         = 1.000000
	convergence norms :     INITIAL         CURRENT         REQUIRED
	   residual            2.093015e-11    6.101675e-15    0.000000e+00 
	   energy              9.433019e-12    4.615418e-15    9.433019e-14 
	   displacement        1.282021e-11    1.774142e-13    1.042773e-17 
 3
 Nonlinear solution status: time= 1.975
	stiffness updates             = 2
	right hand side evaluations   = 4
	stiffness matrix reformations = 1
	step from line search         = 1.000000
	convergence norms :     INITIAL         CURRENT         REQUIRED
	   residual            2.093015e-11    3.287527e-17    0.000000e+00 
	   energy              9.433019e-12    4.914482e-17    9.433019e-14 
	   displacement        1.282021e-11    1.270748e-15    1.049694e-17 
 4
 Nonlinear solution status: time= 1.975
	stiffness updates             = 3
	right hand side evaluations   = 5
	stiffness matrix reformations = 1
	step from line search         = 1.000000
	convergence norms :     INITIAL         CURRENT         REQUIRED
	   residual            2.093015e-11    5.902119e-20    0.000000e+00 
	   energy              9.433019e-12    7.541084e-20    9.433019e-14 
	   displacement        1.282021e-11    5.642980e-18    1.050117e-17 

convergence summary
    number of iterations   : 4
    number of reformations : 1

------- converged at time : 1.975


AUTO STEPPER: increasing time step, dt = 0.01


===== beginning time step 146 : 1.985 =====


Reforming stiffness matrix: reformation #1

 1
 Nonlinear solution status: time= 1.985
	stiffness updates             = 0
	right hand side evaluations   = 2
	stiffness matrix reformations = 1
	step from line search         = 1.000000
	convergence norms :     INITIAL         CURRENT         REQUIRED
	   residual            1.509327e-11    6.506398e-13    0.000000e+00 
	   energy              2.442188e-11    2.802368e-12    2.442188e-13 
	   displacement        1.168326e-10    1.168326e-10    1.168326e-16 
 2
 Nonlinear solution status: time= 1.985
	stiffness updates             = 1
	right hand side evaluations   = 3
	stiffness matrix reformations = 1
	step from line search         = 1.000000
	convergence norms :     INITIAL         CURRENT         REQUIRED
	   residual            1.509327e-11    1.113781e-15    0.000000e+00 
	   energy              2.442188e-11    4.006394e-15    2.442188e-13 
	   displacement        1.168326e-10    1.711107e-12    9.139641e-17 
 3
 Nonlinear solution status: time= 1.985
	stiffness updates             = 2
	right hand side evaluations   = 4
	stiffness matrix reformations = 1
	step from line search         = 1.000000
	convergence norms :     INITIAL         CURRENT         REQUIRED
	   residual            1.509327e-11    8.819456e-18    0.000000e+00 
	   energy              2.442188e-11    4.332237e-17    2.442188e-13 
	   displacement        1.168326e-10    2.066387e-15    9.164574e-17 
 4
 Nonlinear solution status: time= 1.985
	stiffness updates             = 3
	right hand side evaluations   = 5
	stiffness matrix reformations = 1
	step from line search         = 1.000000
	convergence norms :     INITIAL         CURRENT         REQUIRED
	   residual            1.509327e-11    2.388943e-21    0.000000e+00 
	   energy              2.442188e-11    1.273068e-20    2.442188e-13 
	   displacement        1.168326e-10    1.473417e-17    9.165005e-17 

convergence summary
    number of iterations   : 4
    number of reformations : 1

------- converged at time : 1.985


AUTO STEPPER: increasing time step, dt = 0.01


===== beginning time step 147 : 1.995 =====


Reforming stiffness matrix: reformation #1

 1
 Nonlinear solution status: time= 1.995
	stiffness updates             = 0
	right hand side evaluations   = 2
	stiffness matrix reformations = 1
	step from line search         = 1.000000
	convergence norms :     INITIAL         CURRENT         REQUIRED
	   residual            2.826171e-11    1.232732e-12    0.000000e+00 
	   energy              4.587828e-11    5.289258e-12    4.587828e-13 
	   displacement        2.208628e-10    2.208628e-10    2.208628e-16 
 2
 Nonlinear solution status: time= 1.995
	stiffness updates             = 1
	right hand side evaluations   = 3
	stiffness matrix reformations = 1
	step from line search         = 1.000000
	convergence norms :     INITIAL         CURRENT         REQUIRED
	   residual            2.826171e-11    2.094191e-15    0.000000e+00 
	   energy              4.587828e-11    7.559971e-15    4.587828e-13 
	   displacement        2.208628e-10    3.261449e-12    1.725550e-16 
 3
 Nonlinear solution status: time= 1.995
	stiffness updates             = 2
	right hand side evaluations   = 4
	stiffness matrix reformations = 1
	step from line search         = 1.000000
	convergence norms :     INITIAL         CURRENT         REQUIRED
	   residual            2.826171e-11    1.618511e-17    0.000000e+00 
	   energy              4.587828e-11    8.018660e-17    4.587828e-13 
	   displacement        2.208628e-10    3.818711e-15    1.730257e-16 
 4
 Nonlinear solution status: time= 1.995
	stiffness updates             = 3
	right hand side evaluations   = 5
	stiffness matrix reformations = 1
	step from line search         = 1.000000
	convergence norms :     INITIAL         CURRENT         REQUIRED
	   residual            2.826171e-11    4.378431e-21    0.000000e+00 
	   energy              4.587828e-11    2.358081e-20    4.587828e-13 
	   displacement        2.208628e-10    2.677703e-17    1.730339e-16 

convergence summary
    number of iterations   : 4
    number of reformations : 1

------- converged at time : 1.995


AUTO STEPPER: increasing time step, dt = 0.01

MUST POINT CONTROLLER: adjusting time step. dt = 0.005


===== beginning time step 148 : 2 =====


Reforming stiffness matrix: reformation #1

 1
 Nonlinear solution status: time= 2
	stiffness updates             = 0
	right hand side evaluations   = 2
	stiffness matrix reformations = 1
	step from line search         = 1.000000
	convergence norms :     INITIAL         CURRENT         REQUIRED
	   residual            1.195942e-10    5.891094e-12    0.000000e+00 
	   energy              5.404399e-11    4.435350e-12    5.404399e-13 
	   displacement        7.462563e-11    7.462563e-11    7.462563e-17 
 2
 Nonlinear solution status: time= 2
	stiffness updates             = 1
	right hand side evaluations   = 3
	stiffness matrix reformations = 1
	step from line search         = 1.000000
	convergence norms :     INITIAL         CURRENT         REQUIRED
	   residual            1.195942e-10    3.626732e-14    0.000000e+00 
	   energy              5.404399e-11    2.772761e-14    5.404399e-13 
	   displacement        7.462563e-11    1.068074e-12    6.039980e-17 
 3
 Nonlinear solution status: time= 2
	stiffness updates             = 2
	right hand side evaluations   = 4
	stiffness matrix reformations = 1
	step from line search         = 1.000000
	convergence norms :     INITIAL         CURRENT         REQUIRED
	   residual            1.195942e-10    1.740722e-16    0.000000e+00 
	   energy              5.404399e-11    2.787745e-16    5.404399e-13 
	   displacement        7.462563e-11    7.335629e-15    6.081204e-17 
 4
 Nonlinear solution status: time= 2
	stiffness updates             = 3
	right hand side evaluations   = 5
	stiffness matrix reformations = 1
	step from line search         = 1.000000
	convergence norms :     INITIAL         CURRENT         REQUIRED
	   residual            1.195942e-10    3.311915e-19    0.000000e+00 
	   energy              5.404399e-11    4.331193e-19    5.404399e-13 
	   displacement        7.462563e-11    3.097111e-17    6.083731e-17 

convergence summary
    number of iterations   : 4
    number of reformations : 1

------- converged at time : 2


AUTO STEPPER: increasing time step, dt = 0.01


===== beginning time step 149 : 2.01 =====


Reforming stiffness matrix: reformation #1

 1
 Nonlinear solution status: time= 2.01
	stiffness updates             = 0
	right hand side evaluations   = 2
	stiffness matrix reformations = 1
	step from line search         = 1.000000
	convergence norms :     INITIAL         CURRENT         REQUIRED
	   residual            4.675331e-11    2.054055e-12    0.000000e+00 
	   energy              7.603142e-11    8.790347e-12    7.603142e-13 
	   displacement        3.675087e-10    3.675087e-10    3.675087e-16 
 2
 Nonlinear solution status: time= 2.01
	stiffness updates             = 1
	right hand side evaluations   = 3
	stiffness matrix reformations = 1
	step from line search         = 1.000000
	convergence norms :     INITIAL         CURRENT         REQUIRED
	   residual            4.675331e-11    3.467695e-15    0.000000e+00 
	   energy              7.603142e-11    1.255872e-14    7.603142e-13 
	   displacement        3.675087e-10    5.455004e-12    2.868890e-16 
 3
 Nonlinear solution status: time= 2.01
	stiffness updates             = 2
	right hand side evaluations   = 4
	stiffness matrix reformations = 1
	step from line search         = 1.000000
	convergence norms :     INITIAL         CURRENT         REQUIRED
	   residual            4.675331e-11    2.632185e-17    0.000000e+00 
	   energy              7.603142e-11    1.312559e-16    7.603142e-13 
	   displacement        3.675087e-10    6.245486e-15    2.876716e-16 
 4
 Nonlinear solution status: time= 2.01
	stiffness updates             = 3
	right hand side evaluations   = 5
	stiffness matrix reformations = 1
	step from line search         = 1.000000
	convergence norms :     INITIAL         CURRENT         REQUIRED
	   residual            4.675331e-11    7.185445e-21    0.000000e+00 
	   energy              7.603142e-11    3.885581e-20    7.603142e-13 
	   displacement        3.675087e-10    4.325005e-17    2.876852e-16 

convergence summary
    number of iterations   : 4
    number of reformations : 1

------- converged at time : 2.01


AUTO STEPPER: increasing time step, dt = 0.01


===== beginning time step 150 : 2.02 =====


Reforming stiffness matrix: reformation #1

 1
 Nonlinear solution status: time= 2.02
	stiffness updates             = 0
	right hand side evaluations   = 2
	stiffness matrix reformations = 1
	step from line search         = 1.000000
	convergence norms :     INITIAL         CURRENT         REQUIRED
	   residual            5.412326e-11    2.382598e-12    0.000000e+00 
	   energy              8.805856e-11    1.018895e-11    8.805856e-13 
	   displacement        4.261695e-10    4.261695e-10    4.261695e-16 
 2
 Nonlinear solution status: time= 2.02
	stiffness updates             = 1
	right hand side evaluations   = 3
	stiffness matrix reformations = 1
	step from line search         = 1.000000
	convergence norms :     INITIAL         CURRENT         REQUIRED
	   residual            5.412326e-11    4.014991e-15    0.000000e+00 
	   energy              8.805856e-11    1.455902e-14    8.805856e-13 
	   displacement        4.261695e-10    6.335771e-12    3.325965e-16 
 3
 Nonlinear solution status: time= 2.02
	stiffness updates             = 2
	right hand side evaluations   = 4
	stiffness matrix reformations = 1
	step from line search         = 1.000000
	convergence norms :     INITIAL         CURRENT         REQUIRED
	   residual            5.412326e-11    3.028235e-17    0.000000e+00 
	   energy              8.805856e-11    1.513751e-16    8.805856e-13 
	   displacement        4.261695e-10    7.201347e-15    3.335041e-16 
 4
 Nonlinear solution status: time= 2.02
	stiffness updates             = 3
	right hand side evaluations   = 5
	stiffness matrix reformations = 1
	step from line search         = 1.000000
	convergence norms :     INITIAL         CURRENT         REQUIRED
	   residual            5.412326e-11    8.299444e-21    0.000000e+00 
	   energy              8.805856e-11    4.492235e-20    8.805856e-13 
	   displacement        4.261695e-10    4.964464e-17    3.335199e-16 

convergence summary
    number of iterations   : 4
    number of reformations : 1

------- converged at time : 2.02


AUTO STEPPER: increasing time step, dt = 0.01

MUST POINT CONTROLLER: adjusting time step. dt = 0.005


===== beginning time step 151 : 2.025 =====


Reforming stiffness matrix: reformation #1

 1
 Nonlinear solution status: time= 2.025
	stiffness updates             = 0
	right hand side evaluations   = 2
	stiffness matrix reformations = 1
	step from line search         = 1.000000
	convergence norms :     INITIAL         CURRENT         REQUIRED
	   residual            1.775570e-10    8.798269e-12    0.000000e+00 
	   energy              8.028308e-11    6.610964e-12    8.028308e-13 
	   displacement        1.112533e-10    1.112533e-10    1.112533e-16 
 2
 Nonlinear solution status: time= 2.025
	stiffness updates             = 1
	right hand side evaluations   = 3
	stiffness matrix reformations = 1
	step from line search         = 1.000000
	convergence norms :     INITIAL         CURRENT         REQUIRED
	   residual            1.775570e-10    5.426069e-14    0.000000e+00 
	   energy              8.028308e-11    4.166572e-14    8.028308e-13 
	   displacement        1.112533e-10    1.605380e-12    8.993836e-17 
 3
 Nonlinear solution status: time= 2.025
	stiffness updates             = 2
	right hand side evaluations   = 4
	stiffness matrix reformations = 1
	step from line search         = 1.000000
	convergence norms :     INITIAL         CURRENT         REQUIRED
	   residual            1.775570e-10    2.531965e-16    0.000000e+00 
	   energy              8.028308e-11    4.131400e-16    8.028308e-13 
	   displacement        1.112533e-10    1.092900e-14    9.055746e-17 
 4
 Nonlinear solution status: time= 2.025
	stiffness updates             = 3
	right hand side evaluations   = 5
	stiffness matrix reformations = 1
	step from line search         = 1.000000
	convergence norms :     INITIAL         CURRENT         REQUIRED
	   residual            1.775570e-10    4.860133e-19    0.000000e+00 
	   energy              8.028308e-11    6.418899e-19    8.028308e-13 
	   displacement        1.112533e-10    4.550396e-17    9.059526e-17 

convergence summary
    number of iterations   : 4
    number of reformations : 1

------- converged at time : 2.025


AUTO STEPPER: increasing time step, dt = 0.01


===== beginning time step 152 : 2.035 =====


Reforming stiffness matrix: reformation #1

 1
 Nonlinear solution status: time= 2.035
	stiffness updates             = 0
	right hand side evaluations   = 2
	stiffness matrix reformations = 1
	step from line search         = 1.000000
	convergence norms :     INITIAL         CURRENT         REQUIRED
	   residual            5.871156e-11    2.587841e-12    0.000000e+00 
	   energy              9.555860e-11    1.106227e-11    9.555860e-13 
	   displacement        4.628803e-10    4.628803e-10    4.628803e-16 
 2
 Nonlinear solution status: time= 2.035
	stiffness updates             = 1
	right hand side evaluations   = 3
	stiffness matrix reformations = 1
	step from line search         = 1.000000
	convergence norms :     INITIAL         CURRENT         REQUIRED
	   residual            5.871156e-11    4.357033e-15    0.000000e+00 
	   energy              9.555860e-11    1.581576e-14    9.555860e-13 
	   displacement        4.628803e-10    6.889687e-12    3.611783e-16 
 3
 Nonlinear solution status: time= 2.035
	stiffness updates             = 2
	right hand side evaluations   = 4
	stiffness matrix reformations = 1
	step from line search         = 1.000000
	convergence norms :     INITIAL         CURRENT         REQUIRED
	   residual            5.871156e-11    3.267791e-17    0.000000e+00 
	   energy              9.555860e-11    1.637218e-16    9.555860e-13 
	   displacement        4.628803e-10    7.787968e-15    3.621646e-16 
 4
 Nonlinear solution status: time= 2.035
	stiffness updates             = 3
	right hand side evaluations   = 5
	stiffness matrix reformations = 1
	step from line search         = 1.000000
	convergence norms :     INITIAL         CURRENT         REQUIRED
	   residual            5.871156e-11    8.970179e-21    0.000000e+00 
	   energy              9.555860e-11    4.867167e-20    9.555860e-13 
	   displacement        4.628803e-10    5.347347e-17    3.621817e-16 

convergence summary
    number of iterations   : 4
    number of reformations : 1

------- converged at time : 2.035


AUTO STEPPER: increasing time step, dt = 0.01


===== beginning time step 153 : 2.045 =====


Reforming stiffness matrix: reformation #1

 1
 Nonlinear solution status: time= 2.045
	stiffness updates             = 0
	right hand side evaluations   = 2
	stiffness matrix reformations = 1
	step from line search         = 1.000000
	convergence norms :     INITIAL         CURRENT         REQUIRED
	   residual            5.661443e-11    2.495255e-12    0.000000e+00 
	   energy              9.215239e-11    1.066780e-11    9.215239e-13 
	   displacement        4.464211e-10    4.464211e-10    4.464211e-16 
 2
 Nonlinear solution status: time= 2.045
	stiffness updates             = 1
	right hand side evaluations   = 3
	stiffness matrix reformations = 1
	step from line search         = 1.000000
	convergence norms :     INITIAL         CURRENT         REQUIRED
	   residual            5.661443e-11    4.203467e-15    0.000000e+00 
	   energy              9.215239e-11    1.526124e-14    9.215239e-13 
	   displacement        4.464211e-10    6.645912e-12    3.483261e-16 
 3
 Nonlinear solution status: time= 2.045
	stiffness updates             = 2
	right hand side evaluations   = 4
	stiffness matrix reformations = 1
	step from line search         = 1.000000
	convergence norms :     INITIAL         CURRENT         REQUIRED
	   residual            5.661443e-11    3.147888e-17    0.000000e+00 
	   energy              9.215239e-11    1.578245e-16    9.215239e-13 
	   displacement        4.464211e-10    7.507724e-15    3.492778e-16 
 4
 Nonlinear solution status: time= 2.045
	stiffness updates             = 3
	right hand side evaluations   = 5
	stiffness matrix reformations = 1
	step from line search         = 1.000000
	convergence norms :     INITIAL         CURRENT         REQUIRED
	   residual            5.661443e-11    8.632634e-21    0.000000e+00 
	   energy              9.215239e-11    4.688913e-20    9.215239e-13 
	   displacement        4.464211e-10    5.148918e-17    3.492944e-16 

convergence summary
    number of iterations   : 4
    number of reformations : 1

------- converged at time : 2.045


AUTO STEPPER: increasing time step, dt = 0.01

MUST POINT CONTROLLER: adjusting time step. dt = 0.005


===== beginning time step 154 : 2.05 =====


Reforming stiffness matrix: reformation #1

 1
 Nonlinear solution status: time= 2.05
	stiffness updates             = 0
	right hand side evaluations   = 2
	stiffness matrix reformations = 1
	step from line search         = 1.000000
	convergence norms :     INITIAL         CURRENT         REQUIRED
	   residual            1.641070e-10    8.131769e-12    0.000000e+00 
	   energy              7.420269e-11    6.111695e-12    7.420269e-13 
	   displacement        1.028701e-10    1.028701e-10    1.028701e-16 
 2
 Nonlinear solution status: time= 2.05
	stiffness updates             = 1
	right hand side evaluations   = 3
	stiffness matrix reformations = 1
	step from line search         = 1.000000
	convergence norms :     INITIAL         CURRENT         REQUIRED
	   residual            1.641070e-10    5.028050e-14    0.000000e+00 
	   energy              7.420269e-11    3.865829e-14    7.420269e-13 
	   displacement        1.028701e-10    1.487106e-12    8.314316e-17 
 3
 Nonlinear solution status: time= 2.05
	stiffness updates             = 2
	right hand side evaluations   = 4
	stiffness matrix reformations = 1
	step from line search         = 1.000000
	convergence norms :     INITIAL         CURRENT         REQUIRED
	   residual            1.641070e-10    2.326338e-16    0.000000e+00 
	   energy              7.420269e-11    3.819918e-16    7.420269e-13 
	   displacement        1.028701e-10    1.012695e-14    8.371729e-17 
 4
 Nonlinear solution status: time= 2.05
	stiffness updates             = 3
	right hand side evaluations   = 5
	stiffness matrix reformations = 1
	step from line search         = 1.000000
	convergence norms :     INITIAL         CURRENT         REQUIRED
	   residual            1.641070e-10    4.456268e-19    0.000000e+00 
	   energy              7.420269e-11    5.928289e-19    7.420269e-13 
	   displacement        1.028701e-10    4.196033e-17    8.375231e-17 

convergence summary
    number of iterations   : 4
    number of reformations : 1

------- converged at time : 2.05


AUTO STEPPER: increasing time step, dt = 0.01


===== beginning time step 155 : 2.06 =====


Reforming stiffness matrix: reformation #1

 1
 Nonlinear solution status: time= 2.06
	stiffness updates             = 0
	right hand side evaluations   = 2
	stiffness matrix reformations = 1
	step from line search         = 1.000000
	convergence norms :     INITIAL         CURRENT         REQUIRED
	   residual            4.935890e-11    2.173879e-12    0.000000e+00 
	   energy              8.034513e-11    9.298266e-12    8.034513e-13 
	   displacement        3.891181e-10    3.891181e-10    3.891181e-16 
 2
 Nonlinear solution status: time= 2.06
	stiffness updates             = 1
	right hand side evaluations   = 3
	stiffness matrix reformations = 1
	step from line search         = 1.000000
	convergence norms :     INITIAL         CURRENT         REQUIRED
	   residual            4.935890e-11    3.668629e-15    0.000000e+00 
	   energy              8.034513e-11    1.331662e-14    8.034513e-13 
	   displacement        3.891181e-10    5.791621e-12    3.036266e-16 
 3
 Nonlinear solution status: time= 2.06
	stiffness updates             = 2
	right hand side evaluations   = 4
	stiffness matrix reformations = 1
	step from line search         = 1.000000
	convergence norms :     INITIAL         CURRENT         REQUIRED
	   residual            4.935890e-11    2.746163e-17    0.000000e+00 
	   energy              8.034513e-11    1.377320e-16    8.034513e-13 
	   displacement        3.891181e-10    6.552770e-15    3.044571e-16 
 4
 Nonlinear solution status: time= 2.06
	stiffness updates             = 3
	right hand side evaluations   = 5
	stiffness matrix reformations = 1
	step from line search         = 1.000000
	convergence norms :     INITIAL         CURRENT         REQUIRED
	   residual            4.935890e-11    7.492653e-21    0.000000e+00 
	   energy              8.034513e-11    4.081829e-20    8.034513e-13 
	   displacement        3.891181e-10    4.491901e-17    3.044715e-16 

convergence summary
    number of iterations   : 4
    number of reformations : 1

------- converged at time : 2.06


AUTO STEPPER: increasing time step, dt = 0.01


===== beginning time step 156 : 2.07 =====


Reforming stiffness matrix: reformation #1

 1
 Nonlinear solution status: time= 2.07
	stiffness updates             = 0
	right hand side evaluations   = 2
	stiffness matrix reformations = 1
	step from line search         = 1.000000
	convergence norms :     INITIAL         CURRENT         REQUIRED
	   residual            4.225767e-11    1.859523e-12    0.000000e+00 
	   energy              6.878396e-11    7.957569e-12    6.878396e-13 
	   displacement        3.329838e-10    3.329838e-10    3.329838e-16 
 2
 Nonlinear solution status: time= 2.07
	stiffness updates             = 1
	right hand side evaluations   = 3
	stiffness matrix reformations = 1
	step from line search         = 1.000000
	convergence norms :     INITIAL         CURRENT         REQUIRED
	   residual            4.225767e-11    3.143702e-15    0.000000e+00 
	   energy              6.878396e-11    1.140584e-14    6.878396e-13 
	   displacement        3.329838e-10    4.954014e-12    2.598447e-16 
 3
 Nonlinear solution status: time= 2.07
	stiffness updates             = 2
	right hand side evaluations   = 4
	stiffness matrix reformations = 1
	step from line search         = 1.000000
	convergence norms :     INITIAL         CURRENT         REQUIRED
	   residual            4.225767e-11    2.355402e-17    0.000000e+00 
	   energy              6.878396e-11    1.181070e-16    6.878396e-13 
	   displacement        3.329838e-10    5.619807e-15    2.605558e-16 
 4
 Nonlinear solution status: time= 2.07
	stiffness updates             = 3
	right hand side evaluations   = 5
	stiffness matrix reformations = 1
	step from line search         = 1.000000
	convergence norms :     INITIAL         CURRENT         REQUIRED
	   residual            4.225767e-11    6.385933e-21    0.000000e+00 
	   energy              6.878396e-11    3.489731e-20    6.878396e-13 
	   displacement        3.329838e-10    3.854386e-17    2.605682e-16 

convergence summary
    number of iterations   : 4
    number of reformations : 1

------- converged at time : 2.07


AUTO STEPPER: increasing time step, dt = 0.01

MUST POINT CONTROLLER: adjusting time step. dt = 0.005


===== beginning time step 157 : 2.075 =====


Reforming stiffness matrix: reformation #1

 1
 Nonlinear solution status: time= 2.075
	stiffness updates             = 0
	right hand side evaluations   = 2
	stiffness matrix reformations = 1
	step from line search         = 1.000000
	convergence norms :     INITIAL         CURRENT         REQUIRED
	   residual            1.117899e-10    5.524561e-12    0.000000e+00 
	   energy              5.053665e-11    4.157209e-12    5.053665e-13 
	   displacement        6.998134e-11    6.998134e-11    6.998134e-17 
 2
 Nonlinear solution status: time= 2.075
	stiffness updates             = 1
	right hand side evaluations   = 3
	stiffness matrix reformations = 1
	step from line search         = 1.000000
	convergence norms :     INITIAL         CURRENT         REQUIRED
	   residual            1.117899e-10    3.426285e-14    0.000000e+00 
	   energy              5.053665e-11    2.632770e-14    5.053665e-13 
	   displacement        6.998134e-11    1.010306e-12    5.657626e-17 
 3
 Nonlinear solution status: time= 2.075
	stiffness updates             = 2
	right hand side evaluations   = 4
	stiffness matrix reformations = 1
	step from line search         = 1.000000
	convergence norms :     INITIAL         CURRENT         REQUIRED
	   residual            1.117899e-10    1.587900e-16    0.000000e+00 
	   energy              5.053665e-11    2.606350e-16    5.053665e-13 
	   displacement        6.998134e-11    6.912624e-15    5.696703e-17 
 4
 Nonlinear solution status: time= 2.075
	stiffness updates             = 3
	right hand side evaluations   = 5
	stiffness matrix reformations = 1
	step from line search         = 1.000000
	convergence norms :     INITIAL         CURRENT         REQUIRED
	   residual            1.117899e-10    3.018164e-19    0.000000e+00 
	   energy              5.053665e-11    4.038121e-19    5.053665e-13 
	   displacement        6.998134e-11    2.863893e-17    5.699089e-17 

convergence summary
    number of iterations   : 4
    number of reformations : 1

------- converged at time : 2.075


AUTO STEPPER: increasing time step, dt = 0.01


===== beginning time step 158 : 2.085 =====


Reforming stiffness matrix: reformation #1

 1
 Nonlinear solution status: time= 2.085
	stiffness updates             = 0
	right hand side evaluations   = 2
	stiffness matrix reformations = 1
	step from line search         = 1.000000
	convergence norms :     INITIAL         CURRENT         REQUIRED
	   residual            3.113605e-11    1.368031e-12    0.000000e+00 
	   energy              5.067890e-11    5.859302e-12    5.067890e-13 
	   displacement        2.451293e-10    2.451293e-10    2.451293e-16 
 2
 Nonlinear solution status: time= 2.085
	stiffness updates             = 1
	right hand side evaluations   = 3
	stiffness matrix reformations = 1
	step from line search         = 1.000000
	convergence norms :     INITIAL         CURRENT         REQUIRED
	   residual            3.113605e-11    2.320121e-15    0.000000e+00 
	   energy              5.067890e-11    8.409017e-15    5.067890e-13 
	   displacement        2.451293e-10    3.643790e-12    1.913159e-16 
 3
 Nonlinear solution status: time= 2.085
	stiffness updates             = 2
	right hand side evaluations   = 4
	stiffness matrix reformations = 1
	step from line search         = 1.000000
	convergence norms :     INITIAL         CURRENT         REQUIRED
	   residual            3.113605e-11    1.742597e-17    0.000000e+00 
	   energy              5.067890e-11    8.730725e-17    5.067890e-13 
	   displacement        2.451293e-10    4.155221e-15    1.918400e-16 
 4
 Nonlinear solution status: time= 2.085
	stiffness updates             = 3
	right hand side evaluations   = 5
	stiffness matrix reformations = 1
	step from line search         = 1.000000
	convergence norms :     INITIAL         CURRENT         REQUIRED
	   residual            3.113605e-11    4.672107e-21    0.000000e+00 
	   energy              5.067890e-11    2.564811e-20    5.067890e-13 
	   displacement        2.451293e-10    2.854118e-17    1.918492e-16 

convergence summary
    number of iterations   : 4
    number of reformations : 1

------- converged at time : 2.085


AUTO STEPPER: increasing time step, dt = 0.01


===== beginning time step 159 : 2.095 =====


Reforming stiffness matrix: reformation #1

 1
 Nonlinear solution status: time= 2.095
	stiffness updates             = 0
	right hand side evaluations   = 2
	stiffness matrix reformations = 1
	step from line search         = 1.000000
	convergence norms :     INITIAL         CURRENT         REQUIRED
	   residual            2.396765e-11    1.051926e-12    0.000000e+00 
	   energy              3.901027e-11    4.508140e-12    3.901027e-13 
	   displacement        1.885636e-10    1.885636e-10    1.885636e-16 
 2
 Nonlinear solution status: time= 2.095
	stiffness updates             = 1
	right hand side evaluations   = 3
	stiffness matrix reformations = 1
	step from line search         = 1.000000
	convergence norms :     INITIAL         CURRENT         REQUIRED
	   residual            2.396765e-11    1.788100e-15    0.000000e+00 
	   energy              3.901027e-11    6.475043e-15    3.901027e-13 
	   displacement        1.885636e-10    2.801041e-12    1.471854e-16 
 3
 Nonlinear solution status: time= 2.095
	stiffness updates             = 2
	right hand side evaluations   = 4
	stiffness matrix reformations = 1
	step from line search         = 1.000000
	convergence norms :     INITIAL         CURRENT         REQUIRED
	   residual            2.396765e-11    1.345999e-17    0.000000e+00 
	   energy              3.901027e-11    6.738291e-17    3.901027e-13 
	   displacement        1.885636e-10    3.207483e-15    1.475889e-16 
 4
 Nonlinear solution status: time= 2.095
	stiffness updates             = 3
	right hand side evaluations   = 5
	stiffness matrix reformations = 1
	step from line search         = 1.000000
	convergence norms :     INITIAL         CURRENT         REQUIRED
	   residual            2.396765e-11    3.577740e-21    0.000000e+00 
	   energy              3.901027e-11    1.970248e-20    3.901027e-13 
	   displacement        1.885636e-10    2.206241e-17    1.475959e-16 

convergence summary
    number of iterations   : 4
    number of reformations : 1

------- converged at time : 2.095


AUTO STEPPER: increasing time step, dt = 0.01

MUST POINT CONTROLLER: adjusting time step. dt = 0.005


===== beginning time step 160 : 2.1 =====


Reforming stiffness matrix: reformation #1

 1
 Nonlinear solution status: time= 2.1
	stiffness updates             = 0
	right hand side evaluations   = 2
	stiffness matrix reformations = 1
	step from line search         = 1.000000
	convergence norms :     INITIAL         CURRENT         REQUIRED
	   residual            5.793462e-11    2.852461e-12    0.000000e+00 
	   energy              2.618426e-11    2.149795e-12    2.618426e-13 
	   displacement        3.618946e-11    3.618946e-11    3.618946e-17 
 2
 Nonlinear solution status: time= 2.1
	stiffness updates             = 1
	right hand side evaluations   = 3
	stiffness matrix reformations = 1
	step from line search         = 1.000000
	convergence norms :     INITIAL         CURRENT         REQUIRED
	   residual            5.793462e-11    1.774052e-14    0.000000e+00 
	   energy              2.618426e-11    1.360829e-14    2.618426e-13 
	   displacement        3.618946e-11    5.209003e-13    2.927221e-17 
 3
 Nonlinear solution status: time= 2.1
	stiffness updates             = 2
	right hand side evaluations   = 4
	stiffness matrix reformations = 1
	step from line search         = 1.000000
	convergence norms :     INITIAL         CURRENT         REQUIRED
	   residual            5.793462e-11    8.286426e-17    0.000000e+00 
	   energy              2.618426e-11    1.353839e-16    2.618426e-13 
	   displacement        3.618946e-11    3.588062e-15    2.947408e-17 
 4
 Nonlinear solution status: time= 2.1
	stiffness updates             = 3
	right hand side evaluations   = 5
	stiffness matrix reformations = 1
	step from line search         = 1.000000
	convergence norms :     INITIAL         CURRENT         REQUIRED
	   residual            5.793462e-11    1.559008e-19    0.000000e+00 
	   energy              2.618426e-11    2.093020e-19    2.618426e-13 
	   displacement        3.618946e-11    1.490582e-17    2.948643e-17 

convergence summary
    number of iterations   : 4
    number of reformations : 1

------- converged at time : 2.1


AUTO STEPPER: increasing time step, dt = 0.01


===== beginning time step 161 : 2.11 =====


Reforming stiffness matrix: reformation #1

 1
 Nonlinear solution status: time= 2.11
	stiffness updates             = 0
	right hand side evaluations   = 2
	stiffness matrix reformations = 1
	step from line search         = 1.000000
	convergence norms :     INITIAL         CURRENT         REQUIRED
	   residual            1.485849e-11    6.510357e-13    0.000000e+00 
	   energy              2.418423e-11    2.792717e-12    2.418423e-13 
	   displacement        1.167683e-10    1.167683e-10    1.167683e-16 
 2
 Nonlinear solution status: time= 2.11
	stiffness updates             = 1
	right hand side evaluations   = 3
	stiffness matrix reformations = 1
	step from line search         = 1.000000
	convergence norms :     INITIAL         CURRENT         REQUIRED
	   residual            1.485849e-11    1.110716e-15    0.000000e+00 
	   energy              2.418423e-11    4.015785e-15    2.418423e-13 
	   displacement        1.167683e-10    1.732559e-12    9.116289e-17 
 3
 Nonlinear solution status: time= 2.11
	stiffness updates             = 2
	right hand side evaluations   = 4
	stiffness matrix reformations = 1
	step from line search         = 1.000000
	convergence norms :     INITIAL         CURRENT         REQUIRED
	   residual            1.485849e-11    8.394593e-18    0.000000e+00 
	   energy              2.418423e-11    4.195920e-17    2.418423e-13 
	   displacement        1.167683e-10    1.997829e-15    9.141304e-17 
 4
 Nonlinear solution status: time= 2.11
	stiffness updates             = 3
	right hand side evaluations   = 5
	stiffness matrix reformations = 1
	step from line search         = 1.000000
	convergence norms :     INITIAL         CURRENT         REQUIRED
	   residual            1.485849e-11    2.206879e-21    0.000000e+00 
	   energy              2.418423e-11    1.217110e-20    2.418423e-13 
	   displacement        1.167683e-10    1.377680e-17    9.141740e-17 

convergence summary
    number of iterations   : 4
    number of reformations : 1

------- converged at time : 2.11


AUTO STEPPER: increasing time step, dt = 0.01


===== beginning time step 162 : 2.12 =====


Reforming stiffness matrix: reformation #1

 1
 Nonlinear solution status: time= 2.12
	stiffness updates             = 0
	right hand side evaluations   = 2
	stiffness matrix reformations = 1
	step from line search         = 1.000000
	convergence norms :     INITIAL         CURRENT         REQUIRED
	   residual            1.008771e-11    4.415479e-13    0.000000e+00 
	   energy              1.641988e-11    1.895198e-12    1.641988e-13 
	   displacement        7.921905e-11    7.921905e-11    7.921905e-17 
 2
 Nonlinear solution status: time= 2.12
	stiffness updates             = 1
	right hand side evaluations   = 3
	stiffness matrix reformations = 1
	step from line search         = 1.000000
	convergence norms :     INITIAL         CURRENT         REQUIRED
	   residual            1.008771e-11    7.550929e-16    0.000000e+00 
	   energy              1.641988e-11    2.726845e-15    1.641988e-13 
	   displacement        7.921905e-11    1.174497e-12    6.185592e-17 
 3
 Nonlinear solution status: time= 2.12
	stiffness updates             = 2
	right hand side evaluations   = 4
	stiffness matrix reformations = 1
	step from line search         = 1.000000
	convergence norms :     INITIAL         CURRENT         REQUIRED
	   residual            1.008771e-11    5.723660e-18    0.000000e+00 
	   energy              1.641988e-11    2.857399e-17    1.641988e-13 
	   displacement        7.921905e-11    1.360753e-15    6.202574e-17 
 4
 Nonlinear solution status: time= 2.12
	stiffness updates             = 3
	right hand side evaluations   = 5
	stiffness matrix reformations = 1
	step from line search         = 1.000000
	convergence norms :     INITIAL         CURRENT         REQUIRED
	   residual            1.008771e-11    1.499488e-21    0.000000e+00 
	   energy              1.641988e-11    8.242891e-21    1.641988e-13 
	   displacement        7.921905e-11    9.401321e-18    6.202869e-17 

convergence summary
    number of iterations   : 4
    number of reformations : 1

------- converged at time : 2.12


AUTO STEPPER: increasing time step, dt = 0.01

MUST POINT CONTROLLER: adjusting time step. dt = 0.005


===== beginning time step 163 : 2.125 =====


Reforming stiffness matrix: reformation #1

 1
 Nonlinear solution status: time= 2.125
	stiffness updates             = 0
	right hand side evaluations   = 2
	stiffness matrix reformations = 1
	step from line search         = 1.000000
	convergence norms :     INITIAL         CURRENT         REQUIRED
	   residual            2.165125e-11    1.061924e-12    0.000000e+00 
	   energy              9.784369e-12    8.015866e-13    9.784369e-14 
	   displacement        1.349213e-11    1.349213e-11    1.349213e-17 
 2
 Nonlinear solution status: time= 2.125
	stiffness updates             = 1
	right hand side evaluations   = 3
	stiffness matrix reformations = 1
	step from line search         = 1.000000
	convergence norms :     INITIAL         CURRENT         REQUIRED
	   residual            2.165125e-11    6.618031e-15    0.000000e+00 
	   energy              9.784369e-12    5.063849e-15    9.784369e-14 
	   displacement        1.349213e-11    1.934500e-13    1.092015e-17 
 3
 Nonlinear solution status: time= 2.125
	stiffness updates             = 2
	right hand side evaluations   = 4
	stiffness matrix reformations = 1
	step from line search         = 1.000000
	convergence norms :     INITIAL         CURRENT         REQUIRED
	   residual            2.165125e-11    3.128694e-17    0.000000e+00 
	   energy              9.784369e-12    5.072595e-17    9.784369e-14 
	   displacement        1.349213e-11    1.342202e-15    1.099525e-17 
 4
 Nonlinear solution status: time= 2.125
	stiffness updates             = 3
	right hand side evaluations   = 5
	stiffness matrix reformations = 1
	step from line search         = 1.000000
	convergence norms :     INITIAL         CURRENT         REQUIRED
	   residual            2.165125e-11    5.820860e-20    0.000000e+00 
	   energy              9.784369e-12    7.822399e-20    9.784369e-14 
	   displacement        1.349213e-11    5.601911e-18    1.099986e-17 

convergence summary
    number of iterations   : 4
    number of reformations : 1

------- converged at time : 2.125


AUTO STEPPER: increasing time step, dt = 0.01


===== beginning time step 164 : 2.135 =====


Reforming stiffness matrix: reformation #1

 1
 Nonlinear solution status: time= 2.135
	stiffness updates             = 0
	right hand side evaluations   = 2
	stiffness matrix reformations = 1
	step from line search         = 1.000000
	convergence norms :     INITIAL         CURRENT         REQUIRED
	   residual            4.923182e-12    2.151493e-13    0.000000e+00 
	   energy              8.014764e-12    9.243166e-13    8.014764e-14 
	   displacement        3.861675e-11    3.861675e-11    3.861675e-17 
 2
 Nonlinear solution status: time= 2.135
	stiffness updates             = 1
	right hand side evaluations   = 3
	stiffness matrix reformations = 1
	step from line search         = 1.000000
	convergence norms :     INITIAL         CURRENT         REQUIRED
	   residual            4.923182e-12    3.693403e-16    0.000000e+00 
	   energy              8.014764e-12    1.330944e-15    8.014764e-14 
	   displacement        3.861675e-11    5.717447e-13    3.015984e-17 
 3
 Nonlinear solution status: time= 2.135
	stiffness updates             = 2
	right hand side evaluations   = 4
	stiffness matrix reformations = 1
	step from line search         = 1.000000
	convergence norms :     INITIAL         CURRENT         REQUIRED
	   residual            4.923182e-12    2.814335e-18    0.000000e+00 
	   energy              8.014764e-12    1.401711e-17    8.014764e-14 
	   displacement        3.861675e-11    6.677295e-16    3.024270e-17 
 4
 Nonlinear solution status: time= 2.135
	stiffness updates             = 3
	right hand side evaluations   = 5
	stiffness matrix reformations = 1
	step from line search         = 1.000000
	convergence norms :     INITIAL         CURRENT         REQUIRED
	   residual            4.923182e-12    7.361971e-22    0.000000e+00 
	   energy              8.014764e-12    4.007766e-21    8.014764e-14 
	   displacement        3.861675e-11    4.629047e-18    3.024414e-17 

convergence summary
    number of iterations   : 4
    number of reformations : 1

------- converged at time : 2.135


AUTO STEPPER: increasing time step, dt = 0.01


===== beginning time step 165 : 2.145 =====


Reforming stiffness matrix: reformation #1

 1
 Nonlinear solution status: time= 2.145
	stiffness updates             = 0
	right hand side evaluations   = 2
	stiffness matrix reformations = 1
	step from line search         = 1.000000
	convergence norms :     INITIAL         CURRENT         REQUIRED
	   residual            2.710566e-12    1.183365e-13    0.000000e+00 
	   energy              4.413525e-12    5.086993e-13    4.413525e-14 
	   displacement        2.124456e-11    2.124456e-11    2.124456e-17 
 2
 Nonlinear solution status: time= 2.145
	stiffness updates             = 1
	right hand side evaluations   = 3
	stiffness matrix reformations = 1
	step from line search         = 1.000000
	convergence norms :     INITIAL         CURRENT         REQUIRED
	   residual            2.710566e-12    2.036687e-16    0.000000e+00 
	   energy              4.413525e-12    7.326654e-16    4.413525e-14 
	   displacement        2.124456e-11    3.142124e-13    1.659499e-17 
 3
 Nonlinear solution status: time= 2.145
	stiffness updates             = 2
	right hand side evaluations   = 4
	stiffness matrix reformations = 1
	step from line search         = 1.000000
	convergence norms :     INITIAL         CURRENT         REQUIRED
	   residual            2.710566e-12    1.558314e-18    0.000000e+00 
	   energy              4.413525e-12    7.745244e-18    4.413525e-14 
	   displacement        2.124456e-11    3.690401e-16    1.664059e-17 
 4
 Nonlinear solution status: time= 2.145
	stiffness updates             = 3
	right hand side evaluations   = 5
	stiffness matrix reformations = 1
	step from line search         = 1.000000
	convergence norms :     INITIAL         CURRENT         REQUIRED
	   residual            2.710566e-12    4.117985e-22    0.000000e+00 
	   energy              4.413525e-12    2.202337e-21    4.413525e-14 
	   displacement        2.124456e-11    2.565283e-18    1.664139e-17 

convergence summary
    number of iterations   : 4
    number of reformations : 1

------- converged at time : 2.145


AUTO STEPPER: increasing time step, dt = 0.01

MUST POINT CONTROLLER: adjusting time step. dt = 0.005


===== beginning time step 166 : 2.15 =====


Reforming stiffness matrix: reformation #1

 1
 Nonlinear solution status: time= 2.15
	stiffness updates             = 0
	right hand side evaluations   = 2
	stiffness matrix reformations = 1
	step from line search         = 1.000000
	convergence norms :     INITIAL         CURRENT         REQUIRED
	   residual            4.596519e-12    2.245078e-13    0.000000e+00 
	   energy              2.077608e-12    1.697627e-13    2.077608e-14 
	   displacement        2.856543e-12    2.856543e-12    2.856543e-18 
 2
 Nonlinear solution status: time= 2.15
	stiffness updates             = 1
	right hand side evaluations   = 3
	stiffness matrix reformations = 1
	step from line search         = 1.000000
	convergence norms :     INITIAL         CURRENT         REQUIRED
	   residual            4.596519e-12    1.400136e-15    0.000000e+00 
	   energy              2.077608e-12    1.067300e-15    2.077608e-14 
	   displacement        2.856543e-12    4.073340e-14    2.313964e-18 
 3
 Nonlinear solution status: time= 2.15
	stiffness updates             = 2
	right hand side evaluations   = 4
	stiffness matrix reformations = 1
	step from line search         = 1.000000
	convergence norms :     INITIAL         CURRENT         REQUIRED
	   residual            4.596519e-12    6.747742e-18    0.000000e+00 
	   energy              2.077608e-12    1.079986e-17    2.077608e-14 
	   displacement        2.856543e-12    2.848919e-16    2.329803e-18 
 4
 Nonlinear solution status: time= 2.15
	stiffness updates             = 3
	right hand side evaluations   = 5
	stiffness matrix reformations = 1
	step from line search         = 1.000000
	convergence norms :     INITIAL         CURRENT         REQUIRED
	   residual            4.596519e-12    1.240990e-20    0.000000e+00 
	   energy              2.077608e-12    1.660515e-20    2.077608e-14 
	   displacement        2.856543e-12    1.198483e-18    2.330776e-18 

convergence summary
    number of iterations   : 4
    number of reformations : 1

------- converged at time : 2.15


AUTO STEPPER: increasing time step, dt = 0.01


===== beginning time step 167 : 2.16 =====


Reforming stiffness matrix: reformation #1

 1
 Nonlinear solution status: time= 2.16
	stiffness updates             = 0
	right hand side evaluations   = 2
	stiffness matrix reformations = 1
	step from line search         = 1.000000
	convergence norms :     INITIAL         CURRENT         REQUIRED
	   residual            7.839256e-13    3.414327e-14    0.000000e+00 
	   energy              1.277030e-12    1.469687e-13    1.277030e-14 
	   displacement        6.132356e-12    6.132356e-12    6.132356e-18 
 2
 Nonlinear solution status: time= 2.16
	stiffness updates             = 1
	right hand side evaluations   = 3
	stiffness matrix reformations = 1
	step from line search         = 1.000000
	convergence norms :     INITIAL         CURRENT         REQUIRED
	   residual            7.839256e-13    5.908730e-17    0.000000e+00 
	   energy              1.277030e-12    2.116417e-16    1.277030e-14 
	   displacement        6.132356e-12    9.045233e-14    4.792367e-18 
 3
 Nonlinear solution status: time= 2.16
	stiffness updates             = 2
	right hand side evaluations   = 4
	stiffness matrix reformations = 1
	step from line search         = 1.000000
	convergence norms :     INITIAL         CURRENT         REQUIRED
	   residual            7.839256e-13    4.566490e-19    0.000000e+00 
	   energy              1.277030e-12    2.257072e-18    1.277030e-14 
	   displacement        6.132356e-12    1.076035e-16    4.805538e-18 
 4
 Nonlinear solution status: time= 2.16
	stiffness updates             = 3
	right hand side evaluations   = 5
	stiffness matrix reformations = 1
	step from line search         = 1.000000
	convergence norms :     INITIAL         CURRENT         REQUIRED
	   residual            7.839256e-13    1.345338e-22    0.000000e+00 
	   energy              1.277030e-12    6.366148e-22    1.277030e-14 
	   displacement        6.132356e-12    7.531021e-19    4.805766e-18 

convergence summary
    number of iterations   : 4
    number of reformations : 1

------- converged at time : 2.16


AUTO STEPPER: increasing time step, dt = 0.01


===== beginning time step 168 : 2.17 =====


Reforming stiffness matrix: reformation #1

 1
 Nonlinear solution status: time= 2.17
	stiffness updates             = 0
	right hand side evaluations   = 2
	stiffness matrix reformations = 1
	step from line search         = 1.000000
	convergence norms :     INITIAL         CURRENT         REQUIRED
	   residual            2.170172e-13    9.413086e-15    0.000000e+00 
	   energy              3.536151e-13    4.059201e-14    3.536151e-15 
	   displacement        1.691823e-12    1.691823e-12    1.691823e-18 
 2
 Nonlinear solution status: time= 2.17
	stiffness updates             = 1
	right hand side evaluations   = 3
	stiffness matrix reformations = 1
	step from line search         = 1.000000
	convergence norms :     INITIAL         CURRENT         REQUIRED
	   residual            2.170172e-13    1.639507e-17    0.000000e+00 
	   energy              3.536151e-13    5.834998e-17    3.536151e-15 
	   displacement        1.691823e-12    2.483697e-14    1.323116e-18 
 3
 Nonlinear solution status: time= 2.17
	stiffness updates             = 2
	right hand side evaluations   = 4
	stiffness matrix reformations = 1
	step from line search         = 1.000000
	convergence norms :     INITIAL         CURRENT         REQUIRED
	   residual            2.170172e-13    1.285941e-19    0.000000e+00 
	   energy              3.536151e-13    6.298210e-19    3.536151e-15 
	   displacement        1.691823e-12    3.005342e-17    1.326749e-18 
 4
 Nonlinear solution status: time= 2.17
	stiffness updates             = 3
	right hand side evaluations   = 5
	stiffness matrix reformations = 1
	step from line search         = 1.000000
	convergence norms :     INITIAL         CURRENT         REQUIRED
	   residual            2.170172e-13    5.516917e-23    0.000000e+00 
	   energy              3.536151e-13    1.780245e-22    3.536151e-15 
	   displacement        1.691823e-12    2.126035e-19    1.326811e-18 

convergence summary
    number of iterations   : 4
    number of reformations : 1

------- converged at time : 2.17


AUTO STEPPER: increasing time step, dt = 0.01

MUST POINT CONTROLLER: adjusting time step. dt = 0.005


===== beginning time step 169 : 2.175 =====


Reforming stiffness matrix: reformation #1

 1
 Nonlinear solution status: time= 2.175
	stiffness updates             = 0
	right hand side evaluations   = 2
	stiffness matrix reformations = 1
	step from line search         = 1.000000
	convergence norms :     INITIAL         CURRENT         REQUIRED
	   residual            9.310456e-14    4.462223e-15    0.000000e+00 
	   energy              4.221869e-14    3.406856e-15    4.221869e-16 
	   displacement        5.728684e-14    5.728684e-14    5.728684e-20 
 2
 Nonlinear solution status: time= 2.175
	stiffness updates             = 1
	right hand side evaluations   = 3
	stiffness matrix reformations = 1
	step from line search         = 1.000000
	convergence norms :     INITIAL         CURRENT         REQUIRED
	   residual            9.310456e-14    2.717147e-17    0.000000e+00 
	   energy              4.221869e-14    2.040219e-17    4.221869e-16 
	   displacement        5.728684e-14    7.897075e-16    4.661623e-20 
 3
 Nonlinear solution status: time= 2.175
	stiffness updates             = 2
	right hand side evaluations   = 4
	stiffness matrix reformations = 1
	step from line search         = 1.000000
	convergence norms :     INITIAL         CURRENT         REQUIRED
	   residual            9.310456e-14    1.477948e-19    0.000000e+00 
	   energy              4.221869e-14    2.181291e-19    4.221869e-16 
	   displacement        5.728684e-14    5.636429e-18    4.692472e-20 
 4
 Nonlinear solution status: time= 2.175
	stiffness updates             = 3
	right hand side evaluations   = 5
	stiffness matrix reformations = 1
	step from line search         = 1.000000
	convergence norms :     INITIAL         CURRENT         REQUIRED
	   residual            9.310456e-14    2.893562e-22    0.000000e+00 
	   energy              4.221869e-14    3.328943e-22    4.221869e-16 
	   displacement        5.728684e-14    2.506629e-20    4.694326e-20 

convergence summary
    number of iterations   : 4
    number of reformations : 1

------- converged at time : 2.175


AUTO STEPPER: increasing time step, dt = 0.01


===== beginning time step 170 : 2.185 =====


Reforming stiffness matrix: reformation #1

 1
 Nonlinear solution status: time= 2.185
	stiffness updates             = 0
	right hand side evaluations   = 2
	stiffness matrix reformations = 1
	step from line search         = 1.000000
	convergence norms :     INITIAL         CURRENT         REQUIRED
	   residual            9.622035e-15    3.972644e-16    0.000000e+00 
	   energy              1.490000e-14    1.693320e-15    1.490000e-16 
	   displacement        7.183104e-14    7.183104e-14    7.183104e-20 
 2
 Nonlinear solution status: time= 2.185
	stiffness updates             = 1
	right hand side evaluations   = 3
	stiffness matrix reformations = 1
	step from line search         = 1.000000
	convergence norms :     INITIAL         CURRENT         REQUIRED
	   residual            9.622035e-15    6.056178e-19    0.000000e+00 
	   energy              1.490000e-14    2.333732e-18    1.490000e-16 
	   displacement        7.183104e-14    1.040453e-15    5.622147e-20 
 3
 Nonlinear solution status: time= 2.185
	stiffness updates             = 2
	right hand side evaluations   = 4
	stiffness matrix reformations = 1
	step from line search         = 1.000000
	convergence norms :     INITIAL         CURRENT         REQUIRED
	   residual            9.622035e-15    4.273158e-21    0.000000e+00 
	   energy              1.490000e-14    2.205163e-20    1.490000e-16 
	   displacement        7.183104e-14    1.058883e-18    5.637237e-20 

 *************************************************************************
 *                               WARNING                                 *
 * No force acting on the system.                                        *
 *************************************************************************

convergence summary
    number of iterations   : 3
    number of reformations : 1

------- converged at time : 2.185


AUTO STEPPER: increasing time step, dt = 0.01


===== beginning time step 171 : 2.195 =====


Reforming stiffness matrix: reformation #1

 1
 Nonlinear solution status: time= 2.195
	stiffness updates             = 0
	right hand side evaluations   = 2
	stiffness matrix reformations = 1
	step from line search         = 1.000000
	convergence norms :     INITIAL         CURRENT         REQUIRED
	   residual            1.167879e-13    5.094566e-15    0.000000e+00 
	   energy              1.887376e-13    2.181132e-14    1.887376e-15 
	   displacement        9.141951e-13    9.141951e-13    9.141951e-19 
 2
 Nonlinear solution status: time= 2.195
	stiffness updates             = 1
	right hand side evaluations   = 3
	stiffness matrix reformations = 1
	step from line search         = 1.000000
	convergence norms :     INITIAL         CURRENT         REQUIRED
	   residual            1.167879e-13    8.543887e-18    0.000000e+00 
	   energy              1.887376e-13    3.134329e-17    1.887376e-15 
	   displacement        9.141951e-13    1.359276e-14    7.134151e-19 
 3
 Nonlinear solution status: time= 2.195
	stiffness updates             = 2
	right hand side evaluations   = 4
	stiffness matrix reformations = 1
	step from line search         = 1.000000
	convergence norms :     INITIAL         CURRENT         REQUIRED
	   residual            1.167879e-13    6.336402e-20    0.000000e+00 
	   energy              1.887376e-13    3.210304e-19    1.887376e-15 
	   displacement        9.141951e-13    1.528292e-17    7.153720e-19 
 4
 Nonlinear solution status: time= 2.195
	stiffness updates             = 3
	right hand side evaluations   = 5
	stiffness matrix reformations = 1
	step from line search         = 1.000000
	convergence norms :     INITIAL         CURRENT         REQUIRED
	   residual            1.167879e-13    4.192657e-23    0.000000e+00 
	   energy              1.887376e-13    9.849254e-23    1.887376e-15 
	   displacement        9.141951e-13    1.041169e-19    7.154062e-19 

convergence summary
    number of iterations   : 4
    number of reformations : 1

------- converged at time : 2.195


AUTO STEPPER: increasing time step, dt = 0.01

MUST POINT CONTROLLER: adjusting time step. dt = 0.005


===== beginning time step 172 : 2.2 =====


Reforming stiffness matrix: reformation #1

 1
 Nonlinear solution status: time= 2.2
	stiffness updates             = 0
	right hand side evaluations   = 2
	stiffness matrix reformations = 1
	step from line search         = 1.000000
	convergence norms :     INITIAL         CURRENT         REQUIRED
	   residual            8.266197e-13    4.066334e-14    0.000000e+00 
	   energy              3.730282e-13    3.064767e-14    3.730282e-15 
	   displacement        5.161558e-13    5.161558e-13    5.161558e-19 
 2
 Nonlinear solution status: time= 2.2
	stiffness updates             = 1
	right hand side evaluations   = 3
	stiffness matrix reformations = 1
	step from line search         = 1.000000
	convergence norms :     INITIAL         CURRENT         REQUIRED
	   residual            8.266197e-13    2.529138e-16    0.000000e+00 
	   energy              3.730282e-13    1.948220e-16    3.730282e-15 
	   displacement        5.161558e-13    7.447530e-15    4.173507e-19 
 3
 Nonlinear solution status: time= 2.2
	stiffness updates             = 2
	right hand side evaluations   = 4
	stiffness matrix reformations = 1
	step from line search         = 1.000000
	convergence norms :     INITIAL         CURRENT         REQUIRED
	   residual            8.266197e-13    1.167925e-18    0.000000e+00 
	   energy              3.730282e-13    1.927004e-18    3.730282e-15 
	   displacement        5.161558e-13    5.121076e-17    4.202397e-19 
 4
 Nonlinear solution status: time= 2.2
	stiffness updates             = 3
	right hand side evaluations   = 5
	stiffness matrix reformations = 1
	step from line search         = 1.000000
	convergence norms :     INITIAL         CURRENT         REQUIRED
	   residual            8.266197e-13    2.229268e-21    0.000000e+00 
	   energy              3.730282e-13    2.984392e-21    3.730282e-15 
	   displacement        5.161558e-13    2.116235e-19    4.204163e-19 

convergence summary
    number of iterations   : 4
    number of reformations : 1

------- converged at time : 2.2



 N O N L I N E A R   I T E R A T I O N   I N F O R M A T I O N

	Number of time steps completed .................... : 172

	Total number of equilibrium iterations ............ : 995

	Average number of equilibrium iterations .......... : 5.78488

	Total number of right hand evaluations ............ : 1251

	Total number of stiffness reformations ............ : 193


 L I N E A R   S O L V E R   S T A T S

	Total calls to linear solver ........ : 1265

	Avg iterations per solve ............ : 1



 N O N L I N E A R   I T E R A T I O N   S U M M A R Y

	Number of time steps completed .................... : 186

	Total number of equilibrium iterations ............ : 1159

	Total number of right hand evaluations ............ : 1486

	Total number of stiffness reformations ............ : 220

	Time in linear solver: 1:10:40


 Elapsed time : 2:23:02

 T I M I N G   I N F O R M A T I O N

	Input time ...................... : 0:00:00 (0.432455 sec)

	Initialization time ............. : 0:00:00 (0.236014 sec)

	Solve time ...................... : 2:23:02 (8581.67 sec)

	   IO-time (plot, dmp, data) .... : 0:00:15 (14.9355 sec)

	   reforming stiffness .......... : 0:00:01 (1.45234 sec)

	   evaluating stiffness ......... : 0:43:26 (2605.76 sec)

	   evaluating residual .......... : 0:24:45 (1485.45 sec)

	   model update ................. : 0:02:51 (171.222 sec)

	   QN updates ................... : 0:00:03 (2.94593 sec)

	   time in linear solver ........ : 1:10:40 (4239.64 sec)

	Total elapsed time .............. : 2:23:02 (8582.25 sec)


 N O R M A L   T E R M I N A T I O N

