#  wavefront obj file written by the visualization toolkit

mtllib overnight_hetero_zwaar.mtl

v 0 0.06849589943885803 0.014432800002396107
v 0 0.06957460194826126 0.0077057802118361
v -0.005935959983617067 0.06888650357723236 0.010928000323474407
v 0 0.06911709904670715 0.011082399636507034
v -0.0029714799020439386 0.06931210309267044 0.009327859617769718
v -0.002971600042656064 0.06877490133047104 0.012695799581706524
v 0.00589782977476716 0.0688714012503624 0.011043000034987926
v 0.0029524199198931456 0.06876509636640549 0.012752999551594257
v 0.0029524199198931456 0.06930509954690933 0.009385519661009312
v 0.006673410069197416 0.06957460194826126 0.00385289010591805
v 0.00385289010591805 0.06957460194826126 0.006673410069197416
v 0.00629410007968545 0.06931640207767487 0.007457999978214502
v -0.006673410069197416 0.06957460194826126 0.00385289010591805
v -0.00385289010591805 0.06957460194826126 0.006673410069197416
v -0.006312910001724958 0.06932090222835541 0.007400089874863625
v 0 0.006804860197007656 0.06966850161552429
v 0 0 0.07000000029802322
v 0.004929219838231802 0.005047509912401438 0.06964360177516937
v 0 0.0034064599312841892 0.06991709768772125
v 0.0024677501060068607 0.0025269798934459686 0.06991080194711685
v 0.0024663300719112158 0.005930330138653517 0.06970469653606415
v -0.004929219838231802 0.005047509912401438 0.06964360177516937
v -0.0024663300719112158 0.005930330138653517 0.06970469653606415
v -0.0024677501060068607 0.0025269798934459686 0.06991080194711685
v 0.0063654398545622826 0 0.06971000134944916
v 0.0031860200688242912 0 0.06992749869823456
v 0.005651299841701984 0.002525530057027936 0.06972579658031464
v -0.0063654398545622826 0 0.06971000134944916
v -0.0031860200688242912 0 0.06992749869823456
v -0.005651299841701984 0.002525530057027936 0.06972579658031464
v 0 0.06676849722862244 0.0210231002420187
v 0.00589782977476716 0.0674716979265213 0.017685800790786743
v 0 0.06771239638328552 0.01774900034070015
v 0.0029524199198931456 0.0671996995806694 0.01937739923596382
v 0.0029524199198931456 0.06806439906358719 0.016078399494290352
v -0.00589782977476716 0.0674716979265213 0.017685800790786743
v -0.0029524199198931456 0.06806439906358719 0.016078399494290352
v -0.0029524199198931456 0.0671996995806694 0.01937739923596382
v 0.005904779769480228 0.06825180351734161 0.01438129972666502
v -0.00592410983517766 0.06826210021972656 0.014324299991130829
v 0 0.06440850347280502 0.027414200827479362
v 0.0053970399312675 0.06575430184602737 0.02339320071041584
v 0 0.0656663030385971 0.02424740046262741
v 0.0027017700485885143 0.06515979766845703 0.025434300303459167
v 0.002700990065932274 0.06632190197706223 0.02222839929163456
v -0.007260940037667751 0.06484489887952805 0.025346100330352783
v -0.003637440036982298 0.06593310087919235 0.023229099810123444
v -0.003635779954493046 0.06472119688987732 0.02641870081424713
v 0.005652599968016148 0.0666738972067833 0.020558299496769905
v -0.006590730044990778 0.06627240031957626 0.021553099155426025
v 0 0.06143850088119507 0.03354569897055626
v -0.00589782977476716 0.06277420371770859 0.030407600104808807
v 0 0.0629981979727745 0.03051609918475151
v -0.0029524199198931456 0.06366679817438126 0.0289452001452446
v -0.0029524199198931456 0.06218000128865242 0.032014600932598114
v 0.00589782977476716 0.06277420371770859 0.030407600104808807
v 0.0029524199198931456 0.06218000128865242 0.032014600932598114
v 0.0029524199198931456 0.06366679817438126 0.0289452001452446
v -0.006584720220416784 0.06386130303144455 0.027899399399757385
v 0.005655860062688589 0.06436009705066681 0.026940500363707542
v 0 0.05788639932870865 0.03935939818620682
v 0.005242309998720884 0.05930360034108162 0.03681840002536774
v 0 0.05973320081830025 0.03649580106139183
v 0.002623559907078743 0.05864879861474037 0.03812389820814133
v 0.002624019980430603 0.060437001287937164 0.03522050008177757
v -0.005803749896585941 0.058841999620199203 0.037469200789928436
v -0.0029060100205242634 0.06022600084543228 0.035558100789785385
v -0.0029047001153230667 0.05842110142111778 0.038451701402664185
v -0.005860569886863232 0.0609096996486187 0.03399509936571121
v 0.005577700212597847 0.06112249940633774 0.03365910053253174
v 0 0.05378609895706177 0.04480019956827164
v 0.004213700070977211 0.05580529943108559 0.04204779863357544
v 0 0.055902499705553055 0.042129699140787125
v 0.0021084300242364407 0.05483679845929146 0.04345659911632538
v 0.0021084300242364407 0.0568884015083313 0.040734000504016876
v -0.005501190200448036 0.05524519830942154 0.042634498327970505
v -0.002753969980403781 0.05663520097732544 0.04104720056056976
v -0.0027532000094652176 0.05456729978322983 0.04375879839062691
v 0.004732919856905937 0.057614199817180634 0.03947409987449646
v -0.005658209789544344 0.057101499289274216 0.040092501789331436
v 0 0.04917620122432709 0.04981670156121254
v -0.00589782977476716 0.0513589009642601 0.047196198254823685
v 0 0.05154220014810562 0.047364600002765656
v -0.0029524199198931456 0.05263489857316017 0.04605270177125931
v -0.0029524199198931456 0.050327200442552567 0.04856399819254875
v 0.0053181699477136135 0.05210430175065994 0.046441998332738876
v 0.002662369981408119 0.05070269852876663 0.0481887012720108
v 0.002661379985511303 0.05299089848995209 0.04566049948334694
v -0.005704769864678383 0.05335120111703873 0.04495669901371002
v 0.004770100116729736 0.05400199815630913 0.04428359866142273
v 0 0.044100500643253326 0.05436129868030548
v 0.00687044020742178 0.0470052994787693 0.051412999629974365
v 0 0.046693701297044754 0.052150800824165344
v 0.0034408699721097946 0.0456278994679451 0.05297410115599632
v 0.00343999988399446 0.048157699406147 0.050685301423072815
v -0.0058761900290846825 0.046536799520254135 0.05195949971675873
v -0.002941549988463521 0.047912899404764175 0.05094809830188751
v -0.0029415700118988752 0.04537219926714897 0.053223200142383575
v -0.005893920082598925 0.04900529980659485 0.049636099487543106
v 0.006102580111473799 0.049622099846601486 0.048993900418281555
v 0 0.038607001304626465 0.05839090049266815
v -0.00589782977476716 0.04125560075044632 0.05624229833483696
v 0 0.041402798146009445 0.056442998349666595
v -0.0029524199198931456 0.04272869974374771 0.055367399007081985
v -0.0029524199198931456 0.03997870162129402 0.05738459900021553
v 0.00589782977476716 0.04125560075044632 0.05624229833483696
v 0.0029524199198931456 0.03997870162129402 0.05738459900021553
v 0.0029524199198931456 0.04272869974374771 0.055367399007081985
v -0.0058939699083566666 0.04394809901714325 0.05416480079293251
v 0.006393489893525839 0.04419510066509247 0.05390650033950806
v 0 0.03274789825081825 0.061867401003837585
v -0.005918280221521854 0.03554150089621544 0.06001479923725128
v 0 0.03571980074048042 0.06020050123333931
v -0.002962700091302395 0.03711879998445511 0.0592740997672081
v -0.002962640020996332 0.03418499976396561 0.061013199388980865
v 0.005874949973076582 0.03560110181570053 0.05998370051383972
v 0.002940949983894825 0.034214798361063004 0.06099750101566315
v 0.002940939972177148 0.037147801369428635 0.05925700068473816
v -0.005915139801800251 0.03844450041651726 0.058198198676109314
v 0.0058933100663125515 0.038473501801490784 0.05818130075931549
v 0 0.026578500866889954 0.06475789844989777
v -0.005913319997489452 0.029527299106121063 0.06319160014390945
v 0 0.02969839982688427 0.06338779628276825
v -0.002960219979286194 0.031175000593066216 0.06260470300912857
v -0.002960139885544777 0.028085900470614433 0.0640501007437706
v 0.005873470101505518 0.02954390086233616 0.06318750232458115
v 0.0029401700012385845 0.02809399925172329 0.06404750049114227
v 0.002940230071544647 0.031182900071144104 0.06260179728269577
v -0.005922799929976463 0.03257279843091965 0.06167599931359291
v 0.005881260149180889 0.032611601054668427 0.06165950000286102
v 0 0.02015729993581772 0.06703490018844604
v -0.00589782977476716 0.0233123991638422 0.06573999673128128
v 0 0.02339559979736805 0.06597460061311722
v -0.0029524199198931456 0.02497510053217411 0.06532630324363708
v -0.0029524199198931456 0.02176070027053356 0.06646619737148285
v 0.00589782977476716 0.0233123991638422 0.06573999673128128
v 0.0029524199198931456 0.02176070027053356 0.06646619737148285
v 0.0029524199198931456 0.02497510053217411 0.06532630324363708
v -0.005912390071898699 0.026450300589203835 0.06454010307788849
v 0.005892470013350248 0.026458799839019775 0.0645383968949318
v 0 0.013545299880206585 0.06867700070142746
v -0.005865769926458597 0.01676500029861927 0.06770910322666168
v 0 0.016871299594640732 0.06793639808893204
v -0.0029363599605858326 0.018483100458979607 0.06745190173387527
v -0.002936309901997447 0.015172800049185753 0.06827270239591599
v 0.005855840165168047 0.016787799075245857 0.06770440191030502
v 0.0029313398990780115 0.015184300020337105 0.06827040016651154
v 0.002931369934231043 0.018494300544261932 0.06744900345802307
v -0.005888829939067364 0.020062699913978577 0.06680429726839066
v 0.005883810110390186 0.020073899999260902 0.06680130213499069
v -0.00589782977476716 0.010150900110602379 0.06900849938392639
v 0 0.010187099687755108 0.0692548006772995
v -0.0029524199198931456 0.011862100102007389 0.06892439723014832
v -0.0029524199198931456 0.008487939834594727 0.0694207027554512
v 0.005705980118364096 0.010400599800050259 0.06898750364780426
v 0.0028563400264829397 0.00861280970275402 0.06940940022468567
v 0.0028560899663716555 0.01198589988052845 0.0689070001244545
v -0.005888630170375109 0.013473600149154663 0.06843820214271545
v 0.005787179805338383 0.013608899898827076 0.06842009723186493
v -0.005417310167104006 0.007604519836604595 0.06937450170516968
v 0.00532162981107831 0.007729889824986458 0.06936810165643692
v 0.006673410069197416 0.06957460194826126 -0.00385289010591805
v 0.013292700052261353 0.0687263011932373 -3.7556501204079817e-17
v 0.0077057802118361 0.06957460194826126 -2.1771499601514095e-17
v 0.009998200461268425 0.06925539672374725 0.0019293699879199266
v 0.009998200461268425 0.06925539672374725 -0.0019293699879199266
v 0.019948700442910194 0.06696009635925293 0.004288440104573965
v 0.013373699970543385 0.06858869642019272 0.004089829977601767
v 0.016648700460791588 0.06795740127563477 0.002147830091416836
v 0.013481499627232552 0.06816630065441132 0.008461879566311836
v 0.010095399804413319 0.06899300217628479 0.006168339867144823
v 0.016741100698709488 0.06766810268163681 0.006385060027241707
v 0.009705710224807262 0.06863220036029816 0.009768569841980934
v -5.72313030935639e-17 0.06957460194826126 -0.0077057802118361
v 0.006940309889614582 0.06868480145931244 -0.011586000211536884
v 0.00385289010591805 0.06957460194826126 -0.006673410069197416
v 0.0068174097687006 0.06923689693212509 -0.007731430232524872
v 0.0034758299589157104 0.06924279779195786 -0.009661690331995487
v 0.019690200686454773 0.06706500053405762 -0.003818440018221736
v 0.016516000032424927 0.0679967999458313 -0.001912059960886836
v 0.013241300359368324 0.06862810254096985 -0.0038529799785465
v 0.013610100373625755 0.06818979978561401 -0.00805674958974123
v 0.010159299708902836 0.06900150328874588 -0.0059651401825249195
v 0.0166740994900465 0.06772460043430328 -0.005946130026131868
v 0.010290199890732765 0.0685373991727829 -0.009835749864578247
v -0.006673410069197416 0.06957460194826126 -0.00385289010591805
v -0.006456439848989248 0.06884019821882248 -0.010924099944531918
v -0.00385289010591805 0.06957460194826126 -0.006673410069197416
v -0.0032325598876923323 0.06930039823055267 -0.009327449835836887
v -0.006573409773409367 0.06929689645767212 -0.007398040033876896
v 0.0004917089827358723 0.06850379705429077 -0.014387100003659725
v 0.003720700042322278 0.06868100166320801 -0.013003000058233738
v 0.00024614398716948926 0.06912039965391159 -0.01105939969420433
v -0.002986969891935587 0.06877800077199936 -0.01267510000616312
v -0.013292700052261353 0.0687263011932373 5.658960284412486e-17
v -0.0077057802118361 0.06957460194826126 3.280509966495887e-17
v -0.009998200461268425 0.06925539672374725 -0.0019293699879199266
v -0.009998200461268425 0.06925539672374725 0.0019293699879199266
v -0.01983729936182499 0.06699980050325394 -0.004184409976005554
v -0.013316700235009193 0.06860300153493881 -0.004037229809910059
v -0.01659180037677288 0.06797289848327637 -0.0020955901127308607
v -0.013624199666082859 0.06816360354423523 -0.008252239786088467
v -0.010166900232434273 0.06899180263280869 -0.006063350010663271
v -0.01675489917397499 0.06767930090427399 -0.006227309815585613
v -0.010055500082671642 0.0686051994562149 -0.009602610021829605
v -0.019689500331878662 0.06706520169973373 0.003818440018221736
v -0.0165157001465559 0.06799689680337906 0.001912059960886836
v -0.013240999542176723 0.06862819939851761 0.0038529799785465
v -0.013560700230300426 0.06818380206823349 0.008190370164811611
v -0.010134699754416943 0.06899929791688919 0.006032130215317011
v -0.016649700701236725 0.06772460043430328 0.0060132998041808605
v -0.009764810092747211 0.0686509981751442 0.00957533996552229
v 0.012678099796175957 0 0.06884229928255081
v 0.010632799938321114 0.006177600007504225 0.06891140341758728
v 0.00953167024999857 0 0.06934799998998642
v 0.011668100021779537 0.003092139959335327 0.06895139813423157
v 0.008511490188539028 0.0030932999216020107 0.06941170245409012
v 0.00778781995177269 0.005617479793727398 0.06933829933404922
v 0.01888580061495304 0 0.06740420311689377
v 0.016175899654626846 0.004204359836876392 0.0679754987359047
v 0.015798300504684448 0 0.06819389760494232
v 0.017542200163006783 0.002103540115058422 0.06773369759321213
v 0.014438300393521786 0.002103829989209771 0.06846249848604202
v 0.013416499830782413 0.005195689853280783 0.06850550323724747
v 0.024936899542808533 0 0.06540759652853012
v 0.021575400605797768 0.004952650051563978 0.06640759855508804
v 0.02193409949541092 0 0.0664748027920723
v 0.023277999833226204 0.0024786500725895166 0.06596960127353668
v 0.020247500389814377 0.0024784000124782324 0.06696189939975739
v 0.018891099840402603 0.004582270048558712 0.06724680215120316
v 0.030781399458646774 0 0.06286890059709549
v 0.027795100584626198 0.005342619959264994 0.064022496342659
v 0.02788810059428215 0 0.06420479714870453
v 0.029317300766706467 0.002673960058018565 0.06350859999656677
v 0.026392100378870964 0.002673950046300888 0.0647789016366005
v 0.02471330016851425 0.0051534902304410934 0.06528930366039276
v 0.036370899528265 0 0.059809401631355286
v 0.03367270156741142 0.00585492979735136 0.06108900159597397
v 0.033610999584198 0 0.06140280142426491
v 0.03506049886345863 0.0029306900687515736 0.06051589921116829
v 0.03226479887962341 0.0029308900702744722 0.062051501125097275
v 0.030767999589443207 0.005604980047792196 0.06262519955635071
v 0.041658900678157806 0 0.056254200637340546
v 0.03978339955210686 0.005182330030947924 0.05736219882965088
v 0.03905539959669113 0 0.05809200182557106
v 0.04075409844517708 0.0025932600256055593 0.056853998452425
v 0.03812040016055107 0.0025941100902855396 0.058652400970458984
v 0.036776598542928696 0.005525920074433088 0.059303801506757736
v 0.0466017983853817 0 0.05223289877176285
v 0.044084299355745316 0.003968949895352125 0.05422940105199814
v 0.04417619854211807 0 0.05429980158805847
v 0.04537320137023926 0.0019857999868690968 0.05326659977436066
v 0.04289979860186577 0.0019857799634337425 0.055278100073337555
v 0.041965801268815994 0.004579119849950075 0.0558382011950016
v 0.05115849897265434 0 0.04777869954705238
v 0.04805679991841316 0.004972090013325214 0.05065390095114708
v 0.04893089830875397 0 0.050057701766490936
v 0.049661699682474136 0.002488750033080578 0.049269899725914
v 0.04736480116844177 0.0024879099801182747 0.05148189887404442
v 0.04610529914498329 0.004473899956792593 0.05248120054602623
v 0.055291298776865005 0 0.042928699404001236
v 0.052577901631593704 0.0062917801551520824 0.04578179866075516
v 0.05328010022640228 0 0.045400701463222504
v 0.054010599851608276 0.0031503199134021997 0.04441770166158676
v 0.051928598433732986 0.0031495599541813135 0.0468348003923893
v 0.05037640035152435 0.005638539791107178 0.04827449843287468
v 0.05896589905023575 0 0.03772290050983429
v 0.0570870004594326 0.005242629908025265 0.040169499814510345
v 0.05718789994716644 0 0.040367599576711655
v 0.05808129906654358 0.002623789943754673 0.038982998579740524
v 0.056244198232889175 0.002623880049213767 0.041589800268411636
v 0.0549066998064518 0.005775010213255882 0.04303380101919174
v 0.06215199828147888 0 0.03220459818840027
v 0.06044349819421768 0.005504520144313574 0.03487519919872284
v 0.060621801763772964 0 0.03500000014901161
v 0.06136089935898781 0.002755099907517433 0.03357449918985367
v 0.05976669862866402 0.0027551099192351103 0.03633670136332512
v 0.05882440134882927 0.005378980189561844 0.037560101598501205
v 0.06482300162315369 0 0.026419300585985184
v 0.06330479681491852 0.005553389899432659 0.029354000464081764
v 0.06355330348014832 0 0.029342399910092354
v 0.06413230299949646 0.0027796600479632616 0.027916399762034416
v 0.06279300153255463 0.0027795499190688133 0.030811000615358353
v 0.06193529814481735 0.0055344197899103165 0.03214630112051964
v 0.06695680320262909 0 0.020415199920535088
v 0.06577549874782562 0.005207329988479614 0.023376600816845894
v 0.06595829874277115 0 0.023441599681973457
v 0.06642939895391464 0.002606149995699525 0.021916799247264862
v 0.0653614029288292 0.002606149995699525 0.024921700358390808
v 0.06460940092802048 0.005386129952967167 0.026393599808216095
v 0.06853590160608292 0 0.01424190029501915
v 0.06763889640569687 0.005066869780421257 0.017300499603152275
v 0.0678166002035141 0 0.017346499487757683
v 0.06814970076084137 0.002535759937018156 0.0157856997102499
v 0.06735949963331223 0.002535759937018156 0.01887509971857071
v 0.0667760968208313 0.005142409820109606 0.020359599962830544
v 0.06954699754714966 0 0.007950609549880028
v 0.06889809668064117 0.005516440141946077 0.011073200032114983
v 0.0691130980849266 0 0.011107799597084522
v 0.06929440051317215 0.002761079929769039 0.009521789848804474
v 0.06878829747438431 0.002761079929769039 0.012670700438320637
v 0.06833930313587189 0.005297140218317509 0.014201600104570389
v 0.0699819028377533 0 0.00159342004917562
v 0.06961960345506668 0.005516440141946077 0.004762109834700823
v 0.0698368027806282 0 0.004776970017701387
v 0.06987319886684418 0.002761079929769039 0.003181060077622533
v 0.06965550035238266 0.002761079929769039 0.006362960208207369
v 0.06933029741048813 0.005522130057215691 0.007925840094685555
v 0.0698368027806282 0 -0.004776970017701387
v 0.06974189728498459 0.0057218498550355434 -0.0018250299617648125
v 0.0699819028377533 0 -0.00159342004917562
v 0.06986329704523087 0.0028639601077884436 -0.003304499899968505
v 0.06994129717350006 0.002864179899916053 -0.0001159329985966906
v 0.0697581022977829 0.005625380203127861 0.001470169983804226
v 0.0691130980849266 0 -0.011107799597084522
v 0.06925909966230392 0.006046989932656288 -0.00816160999238491
v 0.06954699754714966 0 -0.007950609549880028
v 0.06926610320806503 0.0030269899871200323 -0.009645840153098106
v 0.06963390111923218 0.0030272300355136395 -0.006477280054241419
v 0.06957239657640457 0.00589051004499197 -0.004998479969799519
v 0.0678166002035141 0 -0.017346499487757683
v 0.06823790073394775 0.005593469832092524 -0.014570700004696846
v 0.06853590160608292 0 -0.01424190029501915
v 0.06809529662132263 0.0027995300479233265 -0.01597459986805916
v 0.06875280290842056 0.0027998799923807383 -0.01285369973629713
v 0.06882280111312866 0.005826530046761036 -0.011378400027751923
v 0.06595829874277115 0 -0.023441599681973457
v 0.06672929972410202 0.005219410173594952 -0.020493000745773315
v 0.06695680320262909 0 -0.020415199920535088
v 0.06640569865703583 0.002612140029668808 -0.021987799555063248
v 0.06733880192041397 0.0026122599374502897 -0.018938299268484116
v 0.06754820048809052 0.005411610007286072 -0.01754860021173954
v 0.06355330348014832 0 -0.029342399910092354
v 0.06462139636278152 0.005516440141946077 -0.02633720077574253
v 0.06482300162315369 0 -0.026419300585985184
v 0.06415379792451859 0.002761079929769039 -0.02786860056221485
v 0.06535760313272476 0.002761079929769039 -0.024915199726819992
v 0.0657401978969574 0.005373230203986168 -0.02343820035457611
v 0.060621801763772964 0 -0.03500000014901161
v 0.06194600090384483 0.0057921200059354305 -0.03208040073513985
v 0.06215199828147888 0 -0.03220459818840027
v 0.06135249882936478 0.0028993100859224796 -0.03357769921422005
v 0.06281960010528564 0.0028992900624871254 -0.030745599418878555
v 0.06334870308637619 0.005660090129822493 -0.029238799586892128
v 0.05718789994716644 0 -0.040367599576711655
v 0.05870850011706352 0.005420220084488392 -0.037735000252723694
v 0.05896589905023575 0 -0.03772290050983429
v 0.058005400002002716 0.002712779911234975 -0.03908989951014519
v 0.05972690135240555 0.0027129200752824545 -0.03640519827604294
v 0.06039290130138397 0.005612269975244999 -0.03494570031762123
v 0.05328010022640228 0 -0.045400701463222504
v 0.0545228011906147 0.006008420139551163 -0.04348750039935112
v 0.055291298776865005 0 -0.042928699404001236
v 0.05395840108394623 0.003007380058988929 -0.0444910004734993
v 0.05593090131878853 0.003008279949426651 -0.041984301060438156
v 0.05668940022587776 0.005721770226955414 -0.04066409915685654
v 0.04893089830875397 0 -0.050057701766490936
v 0.05085809901356697 0.0044083502143621445 -0.047895900905132294
v 0.05115849897265434 0 -0.04777869954705238
v 0.0499298982322216 0.00220573996193707 -0.04901159927248955
v 0.052111100405454636 0.0022059499751776457 -0.046685900539159775
v 0.05273820087313652 0.0052130999974906445 -0.045733001083135605
v 0.04417619854211807 0 -0.05429980158805847
v 0.04627310112118721 0.005991769954562187 -0.05218140035867691
v 0.0466017983853817 0 -0.05223289877176285
v 0.045276399701833725 0.002999309916049242 -0.05330149829387665
v 0.047659698873758316 0.002999519929289818 -0.051181599497795105
v 0.04861760139465332 0.00520562008023262 -0.05009220167994499
v 0.03905539959669113 0 -0.05809200182557106
v 0.04155439883470535 0.004523150157183409 -0.056149598211050034
v 0.041658900678157806 0 -0.056254200637340546
v 0.04033629968762398 0.0022633399348706007 -0.057165201753377914
v 0.04289890080690384 0.002263349946588278 -0.05526810139417648
v 0.04395880177617073 0.005262860096991062 -0.054221101105213165
v 0.033610999584198 0 -0.06140280142426491
v 0.03638380020856857 0.006069220136851072 -0.059492699801921844
v 0.036370899528265 0 -0.059809401631355286
v 0.03504050150513649 0.0030383500270545483 -0.06052219867706299
v 0.03776390105485916 0.003038170048967004 -0.05886140093207359
v 0.03900919854640961 0.005301639903336763 -0.057880699634552
v 0.02788810059428215 0 -0.06420479714870453
v 0.03053309954702854 0.004900310188531876 -0.06279899924993515
v 0.030781399458646774 0 -0.06286890059709549
v 0.029235199093818665 0.002452220069244504 -0.06355539709329605
v 0.0321010984480381 0.002452370012179017 -0.062157098203897476
v 0.03349820151925087 0.005491289775818586 -0.06121860072016716
v 0.02193409949541092 0 -0.0664748027920723
v 0.024776600301265717 0.005020829848945141 -0.06527569890022278
v 0.024936899542808533 0 -0.06540759652853012
v 0.023375999182462692 0.0025126400869339705 -0.0659336969256401
v 0.02635660022497177 0.0025127199478447437 -0.06479980051517487
v 0.027682600542902946 0.004965540021657944 -0.06410159915685654
v 0.015798300504684448 0 -0.06819389760494232
v 0.01876950077712536 0.005354779772460461 -0.06722380220890045
v 0.01888580061495304 0 -0.06740420311689377
v 0.01730090007185936 0.0026800199411809444 -0.06777530163526535
v 0.02037220075726509 0.002680080011487007 -0.06691630184650421
v 0.021795300766825676 0.005193110089749098 -0.06631740182638168
v 0.00953167024999857 0 -0.06934799998998642
v 0.012673200108110905 0.005282749887555838 -0.06864020228385925
v 0.012678099796175957 0 -0.06884229928255081
v 0.011113299988210201 0.0026439600624144077 -0.06906159967184067
v 0.014249599538743496 0.0026439300272613764 -0.06848330050706863
v 0.015737099573016167 0.005324089899659157 -0.06800000369548798
v 0.0031860200688242912 0 -0.06992749869823456
v 0.0064336699433624744 0.005324540194123983 -0.06950010359287262
v 0.0063654398545622826 0 -0.06971000134944916
v 0.004814649932086468 0.0026649299543350935 -0.06978339701890945
v 0.00799040962010622 0.0026648500934243202 -0.06949140131473541
v 0.009563139639794827 0.005309020169079304 -0.06914020329713821
v -0.0031860200688242912 0 -0.06992749869823456
v -0.000632104987744242 0.005958039779216051 -0.0697430968284607
v -3.33375995003956e-16 0 -0.07000000029802322
v -0.0019111100118607283 0.0029822199139744043 -0.06991030275821686
v 0.0012785899452865124 0.0029828299302607775 -0.06992469727993011
v 0.0029045199044048786 0.005648550111800432 -0.06971120089292526
v -0.00953167024999857 0 -0.06934799998998642
v -0.0063558900728821754 0.003833299968391657 -0.06960540264844894
v -0.0063654398545622826 0 -0.06971000134944916
v -0.007948819547891617 0.0019178700167685747 -0.06952080130577087
v -0.004773980006575584 0.0019178700167685747 -0.06981070339679718
v -0.003497330006211996 0.00490033021196723 -0.06974060088396072
v -0.015798300504684448 0 -0.06819389760494232
v -0.01172529999166727 0.004917080048471689 -0.06883560121059418
v -0.012678099796175957 0 -0.06884229928255081
v -0.01377629954367876 0.0024611300323158503 -0.06858690083026886
v -0.010636400431394577 0.002460380084812641 -0.0691433995962143
v -0.009047630243003368 0.004378609824925661 -0.06927459686994553
v -0.02193409949541092 0 -0.0664748027920723
v -0.018310600891709328 0.005674189887940884 -0.06732399761676788
v -0.01888580061495304 0 -0.06740420311689377
v -0.020145999267697334 0.00284043001011014 -0.0669780969619751
v -0.017071599140763283 0.0028399399016052485 -0.0678270012140274
v -0.015035700052976608 0.005301889963448048 -0.06816019862890244
v -0.02788810059428215 0 -0.06420479714870453
v -0.02484229952096939 0.006653380114585161 -0.06510449945926666
v -0.024936899542808533 0 -0.06540759652853012
v -0.02640179917216301 0.0033313101157546043 -0.0647445023059845
v -0.023420799523591995 0.003331329906359315 -0.06588149815797806
v -0.02160320058465004 0.006171429995447397 -0.06629639863967896
v -0.033610999584198 0 -0.06140280142426491
v -0.03128429874777794 0.005426039919257164 -0.062384698539972305
v -0.030781399458646774 0 -0.06286890059709549
v -0.032477300614118576 0.002715500071644783 -0.06195040047168732
v -0.029619699344038963 0.002716090064495802 -0.06336639821529388
v -0.02809949964284897 0.006047490052878857 -0.06382670253515244
v -0.03905539959669113 0 -0.05809200182557106
v -0.03681439906358719 0.005043770186603069 -0.059323299676179886
v -0.036370899528265 0 -0.059809401631355286
v -0.03796590119600296 0.0025239400565624237 -0.058755598962306976
v -0.03524870052933693 0.002524459967389703 -0.0604248009622097
v -0.03408430144190788 0.005240269936621189 -0.06091640144586563
v -0.04417619854211807 0 -0.05429980158805847
v -0.04151050001382828 0.004106080159544945 -0.05621400102972984
v -0.041658900678157806 0 -0.056254200637340546
v -0.042873598635196686 0.002054489916190505 -0.055295899510383606
v -0.040310099720954895 0.002054420066997409 -0.057191599160432816
v -0.03919510170817375 0.004578730091452599 -0.057816799730062485
v -0.04893089830875397 0 -0.050057701766490936
v -0.04617059975862503 0.005755930207669735 -0.05229860171675682
v -0.0466017983853817 0 -0.05223289877176285
v -0.04760640114545822 0.002881329972296953 -0.05123800039291382
v -0.04522090032696724 0.0028809900395572186 -0.053355198353528976
v -0.04388510063290596 0.004936019890010357 -0.054311398416757584
v -0.05328010022640228 0 -0.045400701463222504
v -0.05091549828648567 0.004335680045187473 -0.047841500490903854
v -0.05115849897265434 0 -0.04777869954705238
v -0.05213819816708565 0.0021695198956876993 -0.04665730148553848
v -0.049958501011133194 0.0021693699527531862 -0.0489840991795063
v -0.04859820008277893 0.0050515299662947655 -0.05012679845094681
v -0.05718789994716644 0 -0.040367599576711655
v -0.055087801069021225 0.005597140174359083 -0.04282530024647713
v -0.055291298776865005 0 -0.042928699404001236
v -0.05619779974222183 0.0028015600983053446 -0.04164090007543564
v -0.05424100160598755 0.002801520051434636 -0.044159501791000366
v -0.05306150019168854 0.004972020164132118 -0.04538460075855255
v -0.060621801763772964 0 -0.03500000014901161
v -0.05885929986834526 0.0042060199193656445 -0.037654999643564224
v -0.05896589905023575 0 -0.03772290050983429
v -0.059783000499010086 0.002104510087519884 -0.036353301256895065
v -0.05806479975581169 0.002104510087519884 -0.0390390008687973
v -0.05703600123524666 0.004906950052827597 -0.04028420150279999
v -0.06355330348014832 0 -0.029342399910092354
v -0.06198500096797943 0.005481599830091 -0.032059598714113235
v -0.06215199828147888 0 -0.03220459818840027
v -0.06283310055732727 0.002743589924648404 -0.030732300132513046
v -0.06136690080165863 0.0027436399832367897 -0.033564500510692596
v -0.06048800051212311 0.004849100019782782 -0.03489530086517334
v -0.06595829874277115 0 -0.023441599681973457
v -0.06472080200910568 0.003928889986127615 -0.02637770026922226
v -0.06482300162315369 0 -0.026419300585985184
v -0.06538219749927521 0.001965729985386133 -0.024925900623202324
v -0.06417900323867798 0.001965729985386133 -0.027878200635313988
v -0.06342119723558426 0.004710319917649031 -0.029250100255012512
v -0.0678166002035141 0 -0.017346499487757683
v -0.06657010316848755 0.005937810055911541 -0.02081260085105896
v -0.06695680320262909 0 -0.020415199920535088
v -0.0672772005200386 0.0029726100619882345 -0.01910340040922165
v -0.06633619964122772 0.0029721299652010202 -0.022151099517941475
v -0.06570989638566971 0.004938189871609211 -0.023618299514055252
v -0.0691130980849266 0 -0.011107799597084522
v -0.06838849931955338 0.004839589819312096 -0.014127500355243683
v -0.06853590160608292 0 -0.01424190029501915
v -0.0688088983297348 0.0024218400940299034 -0.012628300115466118
v -0.06816189736127853 0.0024218999315053225 -0.01575070060789585
v -0.06756419688463211 0.005395479965955019 -0.01749200001358986
v -0.0698368027806282 0 -0.004776970017701387
v -0.06934619694948196 0.005397019907832146 -0.007872579619288445
v -0.06954699754714966 0 -0.007950609549880028
v -0.06966079771518707 0.0027011900674551725 -0.006331069860607386
v -0.06929980218410492 0.0027012398932129145 -0.009499790146946907
v -0.06893839687108994 0.005123579874634743 -0.011011400260031223
v -0.0699819028377533 0 0.00159342004917562
v -0.06978879868984222 0.005195689853280783 -0.0015889100031927228
v -0.0699819028377533 0 -0.00159342004917562
v -0.06995169818401337 0.002600309904664755 2.2594499569095206e-06
v -0.06987909972667694 0.002600309904664755 -0.0031859599985182285
v -0.06963810324668884 0.005301729775965214 -0.004735549911856651
v -0.06954699754714966 0 0.007950609549880028
v -0.06963329762220383 0.005339339841157198 0.004764529876410961
v -0.0698368027806282 0 0.004776970017701387
v -0.06965889781713486 0.00267230998724699 0.006363850086927414
v -0.06987659633159637 0.00267230998724699 0.0031821199227124453
v -0.06978300213813782 0.00527295982465148 0.001589450053870678
v -0.06853590160608292 0 0.01424190029501915
v -0.06888149678707123 0.005702420137822628 0.01108229998499155
v -0.0691130980849266 0 0.011107799597084522
v -0.06878349930047989 0.0028543099761009216 0.012675900012254715
v -0.06928990036249161 0.0028543199878185987 0.00952684972435236
v -0.06932929903268814 0.005526610184460878 0.007931630127131939
v -0.06695680320262909 0 0.020415199920535088
v -0.06756509840488434 0.005797170102596283 0.017359500750899315
v -0.0678166002035141 0 0.017346499487757683
v -0.06733539700508118 0.002901789965108037 0.018908200785517693
v -0.06812749803066254 0.002901860047131777 0.015818599611520767
v -0.06829500198364258 0.005755839869379997 0.014235800132155418
v -0.06482300162315369 0 0.026419300585985184
v -0.06577060371637344 0.0054128700867295265 0.023343799635767937
v -0.06595829874277115 0 0.023441599681973457
v -0.06536290049552917 0.0027091798838227987 0.02490679919719696
v -0.06643030047416687 0.002709150081500411 0.02190149948000908
v -0.06673459708690643 0.005610629916191101 0.020371999591588974
v -0.06215199828147888 0 0.03220459818840027
v -0.06351570039987564 0.004473160021007061 0.0290817990899086
v -0.06355330348014832 0 0.029342399910092354
v -0.06288459897041321 0.0022383800242096186 0.030667899176478386
v -0.0642165020108223 0.0022382200695574284 0.0277709998190403
v -0.06470730155706406 0.004947919864207506 0.026238899677991867
v -0.05896589905023575 0 0.03772290050983429
v -0.060731999576091766 0.004729520063847303 0.034485600888729095
v -0.060621801763772964 0 0.03500000014901161
v -0.05990400165319443 0.0023669300135225058 0.03613739833235741
v -0.061488401144742966 0.0023665500339120626 0.03337030112743378
v -0.062182601541280746 0.0046056900173425674 0.03181380033493042
v -0.055291298776865005 0 0.042928699404001236
v -0.057211898267269135 0.005035509821027517 0.040017999708652496
v -0.05718789994716644 0 0.040367599576711655
v -0.056305501610040665 0.0025201700627803802 0.041513100266456604
v -0.0581388995051384 0.002519920002669096 0.03890389949083328
v -0.059036899358034134 0.004887890070676804 0.03729280084371567
v -0.05115849897265434 0 0.04777869954705238
v -0.05327330157160759 0.005309749860316515 0.04509729892015457
v -0.05328010022640228 0 0.045400701463222504
v -0.0522691011428833 0.002657579956576228 0.0464853011071682
v -0.05433360114693642 0.0026573799550533295 0.04405450075864792
v -0.0553009994328022 0.00517809996381402 0.042602598667144775
v -0.0466017983853817 0 0.05223289877176285
v -0.049105800688266754 0.005325749982148409 0.04960089921951294
v -0.04893089830875397 0 0.050057701766490936
v -0.0479045994579792 0.002665699925273657 0.050971001386642456
v -0.050178200006484985 0.0026653199456632137 0.048734501004219055
v -0.05123880133032799 0.0053228698670864105 0.04739459976553917
v -0.041658900678157806 0 0.056254200637340546
v -0.04526979848742485 0.004786559846252203 0.053176399320364
v -0.04417619854211807 0 0.05429980158805847
v -0.04351479932665825 0.0023960599210113287 0.054778799414634705
v -0.04596579819917679 0.0023948398884385824 0.05273909866809845
v -0.04722129926085472 0.005059740040451288 0.05142509937286377
v -0.036370899528265 0 0.059809401631355286
v -0.03802869841456413 0.004529479891061783 0.05859439820051193
v -0.03905539959669113 0 0.05809200182557106
v -0.03722330182790756 0.0022661699913442135 0.05923930183053017
v -0.039883699268102646 0.0022670100443065166 0.05748169869184494
v -0.04176289960741997 0.008264820091426373 0.05556569993495941
v -0.04178430140018463 0.004139679949730635 0.05600830167531967
v -0.03993359953165054 0.006403210107237101 0.057134099304676056
v -0.0435497984290123 0.006530699785798788 0.054412901401519775
v -0.030781399458646774 0 0.06286890059709549
v -0.03361840173602104 0.005396760068833828 0.0611611008644104
v -0.033610999584198 0 0.06140280142426491
v -0.032232899218797684 0.002701140008866787 0.06207849830389023
v -0.0350290983915329 0.002701039891690016 0.06054480001330376
v -0.03584809973835945 0.004966519773006439 0.05991870164871216
v -0.024936899542808533 0 0.06540759652853012
v -0.028616100549697876 0.005574800074100494 0.06363990157842636
v -0.02788810059428215 0 0.06420479714870453
v -0.026809200644493103 0.0027908000629395247 0.06460250169038773
v -0.02972639910876751 0.002789990045130253 0.06331320106983185
v -0.03114200010895729 0.005490149836987257 0.06245020031929016
v -0.01888580061495304 0 0.06740420311689377
v -0.02222299948334694 0.006204970180988312 0.06608810275793076
v -0.02193409949541092 0 0.0664748027920723
v -0.020581400021910667 0.003106560092419386 0.06683380156755447
v -0.023607900366187096 0.0031061600893735886 0.0658257007598877
v -0.02545030042529106 0.005896999966353178 0.06494239717721939
v -0.012678099796175957 0 0.06884229928255081
v -0.016458099707961082 0.004672729875892401 0.06787709891796112
v -0.015798300504684448 0 0.06819389760494232
v -0.014581900089979172 0.0023385800886899233 0.06842440366744995
v -0.01768450066447258 0.002338029909878969 0.06768889725208282
v -0.01935970038175583 0.0054442398250103 0.06704889982938766
v -0.010823099873960018 0.006176999770104885 0.0688818022608757
v -0.00953167024999857 0 0.06934799998998642
v -0.00860716961324215 0.0030931299552321434 0.06939990073442459
v -0.011763099581003189 0.0030917800031602383 0.06893529742956161
v -0.013652799651026726 0.005429720040410757 0.06844060122966766
v -0.007883519865572453 0.005617499817162752 0.06932739913463593
v -0.012652800418436527 0.04780669882893562 0.04954209923744202
v -0.009290450252592564 0.04966370016336441 0.048448000103235245
v -0.00927715003490448 0.04723609983921051 0.05082010105252266
v -0.01163950003683567 0.052944499999284744 0.044287800788879395
v -0.008778509683907032 0.05221030116081238 0.04579329863190651
v -0.012163300067186356 0.05044649913907051 0.04698089882731438
v -0.008580359630286694 0.05415799841284752 0.043511901050806046
v 0.010025300085544586 0.055681999772787094 0.04121899977326393
v 0.007683929987251759 0.053978901356458664 0.043900299817323685
v 0.007125750184059143 0.05579270049929619 0.04167009890079498
v 0.01078260038048029 0.05114530026912689 0.04656060039997101
v 0.008056689985096455 0.051665399223566055 0.04653789848089218
v 0.010417100042104721 0.05348150059580803 0.04394559934735298
v 0.008839130401611328 0.04914560168981552 0.049056898802518845
v -0.06926730275154114 0.010054600425064564 0.0009740680106915534
v -0.0695153996348381 0.007704210001975298 0.0028719899710267782
v -0.06958209723234177 0.0076310900039970875 -0.0003076599969062954
v -0.06922779977321625 0.009224159643054008 -0.004735310096293688
v -0.06955529749393463 0.007214799989014864 -0.003164249937981367
v -0.06933040171861649 0.007315170019865036 -0.006307890173047781
v -0.0693064033985138 0.00964760035276413 -0.0018822200363501906
v 0.06879179924726486 0.011983299627900124 -0.004907660186290741
v 0.06935469806194305 0.008863779716193676 -0.0033706100657582283
v 0.06910669803619385 0.009025730192661285 -0.006542330142110586
v 0.06926839798688889 0.009998230263590813 0.0013861299958080053
v 0.06910739839076996 0.011002999730408192 -0.0017627299530431628
v 0.06955630332231522 0.007865830324590206 -0.00021960900630801916
v 0.06950010359287262 0.00776359997689724 0.0030765999108552933
v -0.06574700027704239 0.012054000049829483 0.02078549936413765
v -0.06584390252828598 0.008744729682803154 0.02209319919347763
v -0.06674840301275253 0.008937940001487732 0.019098900258541107
v -0.06436619907617569 0.009543189778923988 0.025805499404668808
v -0.06510999798774719 0.007482820190489292 0.024590399116277695
v -0.06511209905147552 0.010807800106704235 0.023315399885177612
v -0.06400159746408463 0.007014819886535406 0.027469700202345848
v 0.0663783997297287 0.009191020391881466 0.020234599709510803
v 0.06705520302057266 0.007133900187909603 0.018780600279569626
v 0.06612099707126617 0.007203970104455948 0.021820100024342537
v 0.06428050249814987 0.011294400319457054 0.025307100266218185
v 0.06509950011968613 0.008259910158813 0.02436860091984272
v 0.06387469917535782 0.008434699848294258 0.027365699410438538
v 0.06538709998130798 0.010251699946820736 0.022791000083088875
v -0.040665701031684875 0.009708959609270096 -0.05614300072193146
v -0.03878629952669144 0.007385170087218285 -0.057802099734544754
v -0.04112179949879646 0.006913189776241779 -0.05622459948062897
v -0.03453899919986725 0.010313300415873528 -0.06000569835305214
v -0.03765320032835007 0.010024700313806534 -0.05815279856324196
v -0.035707201808691025 0.007685109972953796 -0.059715498238801956
v -0.03294539824128151 0.007877759635448456 -0.06125799939036369
v -0.058364298194646835 0.009927029721438885 -0.037350598722696304
v -0.05438939854502678 0.011555599980056286 -0.04252370074391365
v -0.05681230127811432 0.007773890160024166 -0.04014889895915985
v -0.05644189938902855 0.010753699578344822 -0.039983298629522324
v -0.05478899925947189 0.008584289811551571 -0.042713798582553864
v -0.05866130068898201 0.00707249017432332 -0.037534501403570175
v -0.050159700214862823 0.01029870007187128 -0.0477278009057045
v -0.052718501538038254 0.007962260395288467 -0.04535809904336929
v -0.050584301352500916 0.007323970086872578 -0.0478288009762764
v -0.05233670026063919 0.010940199717879295 -0.045179400593042374
v -0.006983129773288965 0.009086710400879383 -0.06905549764633179
v -0.012907099910080433 0.011153999716043472 -0.06788960099220276
v -0.009363730438053608 0.0070090400986373425 -0.06901589781045914
v -0.01232909969985485 0.008043969981372356 -0.06843449920415878
v -0.009955460205674171 0.010130899958312511 -0.06854379922151566
v -0.006674330215901136 0.006464669946581125 -0.06938059628009796
v -0.015632599592208862 0.008426880463957787 -0.06770969927310944
v 0.03614490106701851 0.013558800332248211 -0.05839269980788231
v 0.04112660139799118 0.01052630040794611 -0.055657900869846344
v 0.036317501217126846 0.009828399866819382 -0.059029098600149155
v 0.03867670148611069 0.012055300176143646 -0.05708570033311844
v 0.03881169855594635 0.008309870027005672 -0.057659298181533813
v 0.03143550083041191 0.010598599910736084 -0.061639901250600815
v 0.03395260125398636 0.008344460278749466 -0.06064309924840927
v 0.03382600098848343 0.012091499753296375 -0.060079898685216904
v 0.04137900099158287 0.007531739771366119 -0.05595580115914345
v 0.03101170063018799 0.007756290026009083 -0.0622745007276535
v 0.05003830045461655 0.009754889644682407 -0.04796890169382095
v 0.053429801017045975 0.012455400079488754 -0.043475501239299774
v 0.05235299840569496 0.007892579771578312 -0.04579159989953041
v 0.05178559944033623 0.011116200126707554 -0.04576769843697548
v 0.05403529852628708 0.009241979569196701 -0.043529000133275986
v 0.05048590153455734 0.007086909841746092 -0.04796820133924484
v 0.05663120001554489 0.009743159636855125 -0.039974700659513474
v 0.05507250130176544 0.011107699945569038 -0.041756898164749146
v 0.0556207001209259 0.007881970144808292 -0.041763801127672195
v 0.057711098343133926 0.007587119936943054 -0.038882698863744736
v 0.015228900127112865 0.011729399673640728 -0.06730899959802628
v 0.013968800194561481 0.008516919799149036 -0.06806129962205887
v 0.017022300511598587 0.008553720079362392 -0.06735780090093613
v 0.009593860246241093 0.009847920387983322 -0.06863660365343094
v 0.011142199859023094 0.007571190129965544 -0.06869159638881683
v 0.01242309994995594 0.01079890038818121 -0.06803710013628006
v 0.008020149543881416 0.007592270150780678 -0.0691232979297638
v -0.012512000277638435 0.05964919924736023 0.03442990034818649
v -0.009221330285072327 0.061320800334215164 0.03247649967670441
v -0.009170729666948318 0.059328701347112656 0.035999998450279236
v -0.011731100268661976 0.06255520135164261 0.02914159931242466
v -0.008822480216622353 0.06272179633378983 0.029801800847053528
v -0.012133000418543816 0.061159998178482056 0.031815800815820694
v -0.009505620226264 0.06376449763774872 0.027271399274468422
v 0.011272500269114971 0.059354498982429504 0.03535500168800354
v 0.0122122997418046 0.06209550052881241 0.02991669997572899
v 0.008599460124969482 0.06116589903831482 0.03293599933385849
v 0.011753800325095654 0.06078390032052994 0.03266749903559685
v 0.009064470417797565 0.062499500811100006 0.030193399637937546
v 0.00826554000377655 0.05938740074634552 0.03612219914793968
v 0.01001449953764677 0.0642499029636383 0.02591639943420887
v 0.007964160293340683 0.06357579678297043 0.02819029986858368
v 0.007711669895797968 0.06505180150270462 0.0246737003326416
v 0.011120700277388096 0.06321380287408829 0.02793480083346367
v -0.0508757010102272 0.010959500446915627 0.046813998371362686
v -0.0500451996922493 0.008151509799063206 0.048259999603033066
v -0.05212850123643875 0.008143080398440361 0.046003300696611404
v -0.04645309969782829 0.010322799906134605 0.051337599754333496
v -0.04782219976186752 0.00783125963062048 0.050514400005340576
v -0.04871470108628273 0.01065209973603487 0.04912649840116501
v -0.045903000980615616 0.007561500184237957 0.05230430141091347
v 0.04367230087518692 0.009666860103607178 0.05384499952197075
v 0.045924898236989975 0.00732909981161356 0.05231820046901703
v 0.043914999812841415 0.006823610048741102 0.05408240109682083
v 0.04859489947557449 0.010028500109910965 0.04937579855322838
v 0.04835980013012886 0.007505570072680712 0.050050001591444016
v 0.046185798943042755 0.00985885038971901 0.05166890099644661
v 0.05064160004258156 0.00816906988620758 0.04763080179691315
v -0.0258955005556345 0.06503400206565857 6.222289812285453e-07
v -0.022900400683283806 0.06611490249633789 -0.002094999887049198
v -0.019680900499224663 0.06717640161514282 3.1249200560523605e-07
v -0.022825900465250015 0.06614620238542557 0.0019123200327157974
v -0.020226800814270973 0.0660656988620758 -0.011234000325202942
v -0.016950100660324097 0.0672122985124588 -0.009757299907505512
v -0.020058000460267067 0.06661900132894516 -0.007719209883362055
v -0.012461800128221512 0.06751690059900284 -0.013644400052726269
v -0.013053299859166145 0.06789369881153107 -0.010956999845802784
v -0.01637279987335205 0.06690780073404312 -0.012460899539291859
v -0.00947002973407507 0.0682573989033699 -0.012298500165343285
v 0.0258955005556345 0.06503400206565857 6.222289812285453e-07
v 0.019680900499224663 0.06717640161514282 3.1249200560523605e-07
v 0.02282620035111904 0.06614609807729721 -0.0019117000047117472
v 0.022955799475312233 0.06609400361776352 0.002147679915651679
v 0.019468599930405617 0.06629370152950287 -0.011230399832129478
v 0.019607199355959892 0.06677410006523132 -0.00753512978553772
v 0.016559600830078125 0.067324198782444 -0.009655429981648922
v 0.013276100158691406 0.06750430166721344 -0.012919499538838863
v 0.013451400212943554 0.06788899749517441 -0.010494600050151348
v 0.01011939998716116 0.06816989928483963 -0.012266299687325954
v 0.016390200704336166 0.06697189807891846 -0.012088200077414513
v -0.027956800535321236 0.06389199942350388 -0.00601897994056344
v -0.02394529990851879 0.06557810306549072 -0.005111999809741974
v -0.026954900473356247 0.06453180313110352 -0.0030123901087790728
v -0.024148400872945786 0.0651312991976738 -0.008646739646792412
v 0.02581940032541752 0.06461910158395767 -0.007597779855132103
v 0.025895699858665466 0.06492260098457336 -0.0038042000960558653
v 0.022788500413298607 0.06593939661979675 -0.005716550163924694
v 0.022676600143313408 0.06555069983005524 -0.009427670389413834
v -0.01203049998730421 0.0384678989648819 0.05723189935088158
v -0.008974799886345863 0.0399090014398098 0.05680429935455322
v -0.008986709639430046 0.037055499851703644 0.05870379880070686
v -0.010208900086581707 0.04358329996466637 0.05381710082292557
v -0.00804887991398573 0.04509570077061653 0.05293010175228119
v -0.008059489540755749 0.04245179891586304 0.05507170036435127
v -0.011131400242447853 0.04106869921088219 0.05558279901742935
v 0.011483600363135338 0.03796380013227463 0.05767910182476044
v 0.00868866965174675 0.03682219982147217 0.05889509990811348
v 0.008700509555637836 0.03965429961681366 0.05702489987015724
v 0.012070800177752972 0.04278390109539032 0.05407249927520752
v 0.01178819965571165 0.04041159898042679 0.05592799931764603
v 0.008994700387120247 0.04206819832324982 0.05522099882364273
v 0.009483209811151028 0.044954199343919754 0.05281269922852516
v -0.03236540034413338 0.011160300113260746 0.061056800186634064
v -0.030531199648976326 0.008378660306334496 0.06243110075592995
v -0.03302120044827461 0.008285890333354473 0.06116329878568649
v -0.036312300711870193 0.00886324979364872 0.05918499827384949
v -0.03436020016670227 0.01001800037920475 0.06015830114483833
v -0.03498600050806999 0.007134229876101017 0.060208600014448166
v -0.03719149902462959 0.006700139958411455 0.0589229017496109
v 0.03824910148978233 0.011181199923157692 0.05754990130662918
v 0.032976098358631134 0.012377300299704075 0.06049279868602753
v 0.036017801612615585 0.008531509898602962 0.05941319838166237
v 0.03564710170030594 0.011790599673986435 0.05907849967479706
v 0.03336140140891075 0.009126219898462296 0.06085830181837082
v 0.0390545018017292 0.008189770393073559 0.057512398809194565
v 0.030212799087166786 0.008998259902000427 0.06249979883432388
v 0.03196220099925995 0.00743112014606595 0.0618319995701313
v 0.029019899666309357 0.007174380123615265 0.06329590082168579
v 0.031613100320100784 0.010694099590182304 0.06153250113129616
v -0.06531430035829544 0.013666000217199326 -0.02114900015294552
v -0.06403110176324844 0.009168360382318497 -0.0267574992030859
v -0.06604579836130142 0.00981730967760086 -0.02101369947195053
v -0.06476090103387833 0.011432800441980362 -0.02398589998483658
v -0.0653878003358841 0.0075631700456142426 -0.023816799744963646
v -0.06733120232820511 0.010304300114512444 -0.01613459922373295
v -0.0670216977596283 0.008129670284688473 -0.018493199720978737
v -0.06639140099287033 0.011997600086033344 -0.018661100417375565
v -0.06442210078239441 0.006553320214152336 -0.02658659964799881
v -0.06792060285806656 0.007578710094094276 -0.015144599601626396
v 0.0653257966041565 0.009618490003049374 -0.023238399997353554
v 0.06501830369234085 0.007572670001536608 -0.024804800748825073
v 0.06607619673013687 0.007424409966915846 -0.021881800144910812
v 0.06678029894828796 0.010634900070726871 -0.018091300502419472
v 0.0668146014213562 0.007934270426630974 -0.019309500232338905
v 0.06757789850234985 0.00812247022986412 -0.016347700729966164
v 0.066102996468544 0.010134399868547916 -0.02068050019443035
v -0.011668100021779537 0.019828900694847107 0.06611110270023346
v -0.008793209679424763 0.021595800295472145 0.06600230187177658
v -0.008777170442044735 0.0183182992041111 0.06698810309171677
v -0.011688199825584888 0.026163499802350998 0.06386590003967285
v -0.008803149685263634 0.024766499176621437 0.06487780064344406
v -0.01169160008430481 0.02302270010113716 0.06506349891424179
v -0.008810889907181263 0.027877500280737877 0.06360200047492981
v 0.012246999889612198 0.019649799913167953 0.06605979800224304
v 0.00906337983906269 0.01824289932847023 0.06697049736976624
v 0.00908488966524601 0.02151069976389408 0.06599059700965881
v 0.011423099786043167 0.026431100443005562 0.06380370259284973
v 0.00867019034922123 0.02489970065653324 0.06484469771385193
v 0.008657299913465977 0.028016699478030205 0.06356190145015717
v 0.011850699782371521 0.02307089976966381 0.06501760333776474
v -0.05890969932079315 0.009988700039684772 0.03646739944815636
v -0.05515090003609657 0.010493399575352669 0.04181230068206787
v -0.05812019854784012 0.007519789971411228 0.038281798362731934
v -0.056234899908304214 0.007771850097924471 0.0409541018307209
v -0.057092901319265366 0.010252299718558788 0.03918280079960823
v -0.05987419933080673 0.007365670055150986 0.03550820052623749
v -0.05426910147070885 0.00790989026427269 0.04350050166249275
v -0.01911810040473938 0.066457599401474 0.010857700370252132
v -0.01942870020866394 0.06684710085391998 0.007347499951720238
v -0.01635649986565113 0.06739120185375214 0.009534009732306004
v -0.011802500113844872 0.06766089797019958 0.013517100363969803
v -0.012691900134086609 0.06797739863395691 0.0108625004068017
v -0.008878880180418491 0.0683479979634285 0.012235799804329872
v -0.01548479963093996 0.06716559827327728 0.012206699699163437
v 0.05840339884161949 0.00958309043198824 0.037379201501607895
v 0.059464599937200546 0.007549019996076822 0.036152198910713196
v 0.05778700113296509 0.007418230175971985 0.03880240023136139
v 0.05511470139026642 0.010923200286924839 0.041749898344278336
v 0.05615619942545891 0.008090879768133163 0.04100019857287407
v 0.05390699952840805 0.008617189712822437 0.04381519928574562
v 0.056804999709129333 0.010261399671435356 0.03959659859538078
v 0.01852409914135933 0.06682059913873672 0.009584629908204079
v 0.016014499589800835 0.06754259765148163 0.009029819630086422
v 0.019251199439167976 0.06694179773330688 0.006941869854927063
v 0.011035799980163574 0.06763940304517746 0.01425230037420988
v 0.008475109934806824 0.06832200288772583 0.012659999541938305
v 0.012271200306713581 0.06797190010547638 0.011368599720299244
v 0.01724419929087162 0.06623449921607971 0.014684399589896202
v 0.015385099686682224 0.06729760020971298 0.0115898996591568
v 0.014154699631035328 0.06700649857521057 0.01448339968919754
v 0.017896899953484535 0.06657510250806808 0.012143200263381004
v -0.026780400425195694 0.01037409994751215 0.0638372004032135
v -0.024528799578547478 0.008298690430819988 0.0650343969464302
v -0.027716899290680885 0.00797984004020691 0.06378159672021866
v -0.02247839979827404 0.01285920012742281 0.06503350287675858
v -0.01691100001335144 0.009936950169503689 0.06719580292701721
v -0.02237669937312603 0.009543130174279213 0.0656369999051094
v -0.01958869956433773 0.008079909719526768 0.0667157992720604
v -0.019717000424861908 0.011410900391638279 0.06618940085172653
v -0.02464579977095127 0.011624399572610855 0.064478300511837
v -0.01669660024344921 0.007310139946639538 0.06758540123701096
v 0.024239100515842438 0.009573189541697502 0.0649678036570549
v 0.026038000360131264 0.007463890127837658 0.06454700231552124
v 0.02292509935796261 0.007268580142408609 0.06573890149593353
v 0.01684200018644333 0.009868769906461239 0.0672231987118721
v 0.019231900572776794 0.007419660221785307 0.06689610332250595
v 0.016522899270057678 0.007042520213872194 0.0676565021276474
v 0.0205719992518425 0.00973587017506361 0.06619670242071152
v -0.0676427036523819 0.011570200324058533 0.01380580011755228
v -0.06833779811859131 0.008645880036056042 0.012457800097763538
v -0.06768330186605453 0.008693880401551723 0.015600900165736675
v -0.06875520199537277 0.010883299633860588 0.007367209997028112
v -0.06827419996261597 0.011239100247621536 0.010598200373351574
v -0.06888990104198456 0.008301479741930962 0.00923432968556881
v -0.06926190108060837 0.008119259960949421 0.006071799900382757
v -0.025791900232434273 0.06468579918146133 0.007108069956302643
v -0.025877200067043304 0.06494390219449997 0.0035589500330388546
v -0.02277199923992157 0.06596600264310837 0.00547076016664505
v -0.022490499541163445 0.06567519903182983 0.008997069671750069
v -0.03334340080618858 0.061454299837350845 -0.0034052799455821514
v -0.032842300832271576 0.061617400497198105 0.004967940039932728
v -0.029680000618100166 0.06337340176105499 -0.0017058099620044231
v -0.03315240144729614 0.06164659932255745 0.0007827359950169921
v -0.029432499781250954 0.06346280127763748 0.002489659935235977
v -0.030682800337672234 0.06273999810218811 -0.004717160016298294
v -0.029364900663495064 0.06325449794530869 0.006047840230166912
v 0.06863989681005478 0.01151879969984293 0.00747539009898901
v 0.06885520368814468 0.008528320118784904 0.00928592961281538
v 0.06920810043811798 0.00852729007601738 0.006125680170953274
v 0.06766310334205627 0.010279299691319466 0.01469849981367588
v 0.06824669986963272 0.010914299637079239 0.011102399788796902
v 0.0683458000421524 0.007905390113592148 0.012898200191557407
v 0.06770960241556168 0.007679719943553209 0.01601340062916279
v 0.02827879972755909 0.06372389942407608 0.006290880031883717
v 0.024165499955415726 0.06548230350017548 0.005301020108163357
v 0.027119699865579605 0.06445620208978653 0.003149529919028282
v 0.023097200319170952 0.06525430083274841 0.010411499999463558
v 0.021550700068473816 0.06619220227003098 0.007359410170465708
v 0.02571829967200756 0.06456519663333893 0.008361030369997025
v 0.0208234004676342 0.06607799977064133 0.010004200041294098
v 0.03371129930019379 0.06132429838180542 0.0016979100182652473
v 0.032556600868701935 0.06171730160713196 -0.0055721900425851345
v 0.029862700030207634 0.06330479681491852 0.000850953976623714
v 0.03317999839782715 0.06160619854927063 -0.0019398300210013986
v 0.0292907003313303 0.0635157972574234 -0.002791940001770854
v 0.031039699912071228 0.06261420249938965 0.004000150132924318
v 0.029231199994683266 0.06326170265674591 -0.0065947300754487514
v -0.04537950083613396 0.011489000171422958 -0.052045200020074844
v -0.043485600501298904 0.007744450122117996 -0.054304901510477066
v -0.04581430181860924 0.008629879914224148 -0.05221660062670708
v -0.04306900128722191 0.010610399767756462 -0.05415239930152893
v -0.048235900700092316 0.00803912989795208 -0.050086598843336105
v -0.047821901738643646 0.010905800387263298 -0.04994120076298714
v 0.06284499913454056 0.011826800182461739 -0.028471600264310837
v 0.062475599348545074 0.008820749819278717 -0.030314799398183823
v 0.06381060183048248 0.0086821299046278 -0.02743769995868206
v 0.05961979925632477 0.010816000401973724 -0.03504979982972145
v 0.06084420159459114 0.00831241998821497 -0.033598899841308594
v 0.06131809949874878 0.011337200179696083 -0.03180510178208351
v 0.05922029912471771 0.008125809952616692 -0.03642699867486954
v 0.04547160118818283 0.013233499601483345 -0.051548101007938385
v 0.043765898793935776 0.008271520026028156 -0.05400120094418526
v 0.043346699327230453 0.011893000453710556 -0.053662098944187164
v 0.045935001224279404 0.00962579995393753 -0.051935698837041855
v 0.04781080037355423 0.011507700197398663 -0.04981670156121254
v 0.04821240156888962 0.007882599718868732 -0.05013410001993179
v -0.001966689946129918 0.013251200318336487 -0.0687061995267868
v -0.0013012599665671587 0.00961839035153389 -0.06932380050420761
v -0.003812540089711547 0.007532100193202496 -0.06948909908533096
v -0.004479779861867428 0.011181100271642208 -0.06895589828491211
v 0.004252609796822071 0.01122219953685999 -0.06896360218524933
v 0.0011442200047895312 0.012250100262463093 -0.06891030073165894
v 0.001812670030631125 0.008601579815149307 -0.06944590061903
v 0.005348579958081245 0.008281789720058441 -0.06930229812860489
v 0.0221817996352911 0.010311500169336796 -0.06558690220117569
v 0.020495999604463577 0.007840939797461033 -0.06647130101919174
v 0.023500099778175354 0.007672990206629038 -0.0654895007610321
v 0.027232900261878967 0.009106160141527653 -0.06383919715881348
v 0.024726299569010735 0.009716279804706573 -0.06476269662380219
v 0.0260211993008852 0.007067960221320391 -0.06459829956293106
v 0.028904899954795837 0.007008539978414774 -0.06336709856987
v -0.019279899075627327 0.011994300410151482 -0.06621500104665756
v -0.025326000526547432 0.013281900435686111 -0.06389199942350388
v -0.02209540084004402 0.009338299743831158 -0.06576160341501236
v -0.02511340007185936 0.009979239664971828 -0.0645734965801239
v -0.02232779935002327 0.012652100063860416 -0.06512600183486938
v -0.018815500661730766 0.008843740448355675 -0.06684129685163498
v -0.029201000928878784 0.010156899690628052 -0.06280239671468735
v -0.027046900242567062 0.008413000032305717 -0.06401319801807404
v -0.02728159911930561 0.011727199889719486 -0.06338919699192047
v -0.030263500288128853 0.007796830032020807 -0.06263650208711624
v -0.060268301516771317 0.0077163102105259895 -0.034759100526571274
v -0.06143520027399063 0.011033699847757816 -0.03168559819459915
v -0.06175930052995682 0.00826422031968832 -0.031897999346256256
v -0.0599651001393795 0.01049179956316948 -0.03455580025911331
v -0.06308189779520035 0.007333570159971714 -0.02944299951195717
v -0.06278839707374573 0.010109899565577507 -0.029247300699353218
v -0.011678599752485752 0.013310800306499004 0.06772319972515106
v -0.00878245010972023 0.015055499970912933 0.0677952989935875
v -0.008798349648714066 0.011744299903512001 0.06844460219144821
v -0.011266100220382214 0.009757080115377903 0.06839500367641449
v -0.00836902018636465 0.008172309957444668 0.06901569664478302
v 0.01131029985845089 0.013115599751472473 0.06782370060682297
v 0.008516860194504261 0.011770100332796574 0.06847570091485977
v 0.008592549711465836 0.014968199655413628 0.06783889979124069
v 0.008178169839084148 0.008297990076243877 0.06902360171079636
v 0.010985500179231167 0.009658889845013618 0.06845449656248093
v 0.012538000009953976 0.06547539681196213 0.021348699927330017
v 0.008980180136859417 0.0657074972987175 0.022402599453926086
v 0.009232399985194206 0.06657809764146805 0.019548000767827034
v 0.011804199777543545 0.06665489822626114 0.01782660000026226
v 0.008475109934806824 0.06762149930000305 0.01598469913005829
v -0.008861980400979519 0.06765659898519516 0.01562230009585619
v -0.012490699999034405 0.06621719896793365 0.01895429939031601
v -0.009205239824950695 0.06692410260438919 0.018341900780797005
v -0.009893530048429966 0.06564850360155106 0.022189900279045105
v -0.012156600132584572 0.06699389964342117 0.016248999163508415
v -0.011686800047755241 0.016588900238275528 0.06699419766664505
v -0.017359700053930283 0.022555900737643242 0.06395210325717926
v -0.014540700241923332 0.024387799203395844 0.06398279964923859
v -0.014530399814248085 0.0212165005505085 0.06510549783706665
v -0.017315199598670006 0.016266800463199615 0.06584510207176208
v -0.017356500029563904 0.01943269930779934 0.06497009843587875
v -0.014508199878036976 0.018068399280309677 0.06605339795351028
v -0.014513200148940086 0.014805399812757969 0.06685929745435715
v -0.017308300361037254 0.028679199516773224 0.06146480143070221
v -0.014514399692416191 0.027451999485492706 0.06273529678583145
v -0.017353300005197525 0.02564620040357113 0.06277850270271301
v -0.011599100194871426 0.032124899327754974 0.0611019991338253
v -0.011656500399112701 0.029176300391554832 0.06255289912223816
v -0.014470200054347515 0.030436700209975243 0.061353299766778946
v -0.008765939623117447 0.03086029924452305 0.06221580132842064
v -0.022880500182509422 0.025127800181508064 0.06119700148701668
v -0.02011680044233799 0.02693359926342964 0.06139950081706047
v -0.02014309912919998 0.023869099095463753 0.06264600157737732
v -0.022831900045275688 0.018941199406981468 0.06340300291776657
v -0.0228813998401165 0.022058799862861633 0.06236869841814041
v -0.020117999985814095 0.02077149972319603 0.06374800205230713
v -0.02009579911828041 0.017623599618673325 0.06469599902629852
v -0.02275020070374012 0.0311708003282547 0.05840209871530533
v -0.02005230076611042 0.029959600418806076 0.06000269949436188
v -0.0228412002325058 0.028181200847029686 0.05986740067601204
v -0.0172761008143425 0.03434259817004204 0.05849890038371086
v -0.01731020025908947 0.0315437987446785 0.06004450097680092
v -0.02003359980881214 0.03279019892215729 0.058510299772024155
v -0.014453800395131111 0.033271100372076035 0.059867601841688156
v -0.028223499655723572 0.027390500530600548 0.05790669843554497
v -0.025515800341963768 0.02931400015950203 0.058220598846673965
v -0.025581099092960358 0.026288999244570732 0.05961960181593895
v -0.028224799782037735 0.02123340032994747 0.06043589860200882
v -0.028256099671125412 0.024339500814676285 0.05923829972743988
v -0.0255816001445055 0.02320680022239685 0.06088529899716377
v -0.025556499138474464 0.020109500735998154 0.061987701803445816
v -0.027977600693702698 0.03332189843058586 0.05483520030975342
v -0.025392800569534302 0.032283201813697815 0.05668329820036888
v -0.028132600709795952 0.030390899628400803 0.056435298174619675
v -0.02270760014653206 0.03638720139861107 0.05532030016183853
v -0.02275020070374012 0.033810701221227646 0.05691460147500038
v -0.025366799905896187 0.034887898713350296 0.05513039976358414
v -0.0200142003595829 0.035404499620199203 0.056973300874233246
v -0.03335050120949745 0.029385600239038467 0.05407619848847389
v -0.03069929964840412 0.03138969838619232 0.0545182004570961
v -0.030822400003671646 0.028420599177479744 0.05605579912662506
v -0.03345850110054016 0.023283200338482857 0.05690719932317734
v -0.03344310075044632 0.026364799588918686 0.05555589869618416
v -0.030876699835062027 0.025366200134158134 0.05747339874505997
v -0.030876299366354942 0.02228339947760105 0.05873759835958481
v -0.032961200922727585 0.03520660102367401 0.050735101103782654
v -0.03050459921360016 0.03430379927158356 0.05284620076417923
v -0.03319409862160683 0.03233340010046959 0.052466198801994324
v -0.027513399720191956 0.03883500024676323 0.0513308010995388
v -0.027775900438427925 0.036118000745773315 0.05314119905233383
v -0.03027069941163063 0.037061698734760284 0.05108930170536041
v -0.025139400735497475 0.03765439987182617 0.05338690057396889
v -0.03823560103774071 0.031045900657773018 0.04974130168557167
v -0.03564029932022095 0.03316529840230942 0.05029740184545517
v -0.035834599286317825 0.030250800773501396 0.051968999207019806
v -0.03843250125646591 0.02511809952557087 0.052839599549770355
v -0.038377899676561356 0.02811410091817379 0.05134909972548485
v -0.035933300852775574 0.027283599600195885 0.05352009832859039
v -0.03598650172352791 0.024228300899267197 0.0549359992146492
v -0.03765229880809784 0.036795999854803085 0.04613419994711876
v -0.03534799814224243 0.03604330122470856 0.04849119856953621
v -0.037988901138305664 0.03396119922399521 0.047994598746299744
v -0.03219589963555336 0.04077579826116562 0.04691220074892044
v -0.0326169990003109 0.038036100566387177 0.048881299793720245
v -0.03496529906988144 0.03883169963955879 0.04657810181379318
v -0.029889199882745743 0.03985140100121498 0.04917829856276512
v -0.04275120049715042 0.03250569850206375 0.044896699488162994
v -0.04024890065193176 0.034691501408815384 0.04556889832019806
v -0.04054100066423416 0.03181309998035431 0.04737459868192673
v -0.04314329847693443 0.026750899851322174 0.048197899013757706
v -0.042995698750019073 0.02966180071234703 0.04659989848732948
v -0.04073610156774521 0.028931599110364914 0.049025800079107285
v -0.04083630070090294 0.02596529945731163 0.05057869851589203
v -0.04200420156121254 0.03803209960460663 0.041099898517131805
v -0.03987490013241768 0.03745780140161514 0.043668098747730255
v -0.042426999658346176 0.03530989959836006 0.043048400431871414
v -0.03667420148849487 0.04206709936261177 0.04225350171327591
v -0.03720489889383316 0.0394757017493248 0.04424329847097397
v -0.03938550129532814 0.0400967001914978 0.04172569885849953
v -0.034473299980163574 0.04146739840507507 0.04463230073451996
v -0.04691930115222931 0.033591900020837784 0.039625298231840134
v -0.04451410099864006 0.03585420176386833 0.04041010141372681
v -0.04488829895853996 0.03308799862861633 0.04231109842658043
v -0.04748839884996414 0.027479300275444984 0.04347119852900505
v -0.04726710170507431 0.03057659976184368 0.04160400107502937
v -0.045177098363637924 0.03003060072660446 0.04424009844660759
v -0.045364201068878174 0.02714410051703453 0.04588339850306511
v -0.04595170170068741 0.039007000625133514 0.03559349849820137
v -0.04403059929609299 0.03856559842824936 0.038392599672079086
v -0.04649069905281067 0.036342598497867584 0.037654101848602295
v -0.04067090153694153 0.04331919923424721 0.03700440004467964
v -0.04138670116662979 0.040724001824855804 0.039098601788282394
v -0.0433650016784668 0.041214101016521454 0.03634389862418175
v -0.03871719911694527 0.042742300778627396 0.03967459872364998
v -0.050667401403188705 0.03434089943766594 0.0339634008705616
v -0.048367198556661606 0.03671770170331001 0.03481990098953247
v -0.04885150119662285 0.0340070016682148 0.03683819994330406
v -0.05117670074105263 0.02905989997088909 0.03790070116519928
v -0.050978899002075195 0.031735800206661224 0.03597220033407211
v -0.049100201576948166 0.031359199434518814 0.038804300129413605
v -0.04939199984073639 0.0283036008477211 0.040734898298978806
v -0.04946500062942505 0.03959690034389496 0.029753899201750755
v -0.047765400260686874 0.03934890031814575 0.032712798565626144
v -0.050126101821660995 0.03701309859752655 0.03189679980278015
v -0.04449149966239929 0.04410859942436218 0.031223999336361885
v -0.04527619853615761 0.04160799831151962 0.03344909846782684
v -0.04703500121831894 0.0419032983481884 0.030525799840688705
v -0.04263420030474663 0.043768201023340225 0.03415659815073013
v -0.05371690168976784 0.034895800054073334 0.028227299451828003
v -0.05164700001478195 0.037286799401044846 0.0290220994502306
v -0.05224879831075668 0.03465599939227104 0.031129200011491776
v -0.05462560057640076 0.029833000153303146 0.03203180059790611
v -0.05269990116357803 0.0321195013821125 0.033031098544597626
v -0.052964601665735245 0.0294818002730608 0.03500819951295853
v -0.05422789976000786 0.032398201525211334 0.030161099508404732
v -0.04781090095639229 0.044503599405288696 0.02517019957304001
v -0.046207599341869354 0.04436029866337776 0.028231600299477577
v -0.04869740083813667 0.042101699858903885 0.027495700865983963
v -0.052639998495578766 0.03972009941935539 0.023480800911784172
v -0.050288401544094086 0.042164698243141174 0.024356000125408173
v -0.05111699923872948 0.0397087000310421 0.02665100060403347
v -0.05324219912290573 0.03735269978642464 0.025885099545121193
v -0.042548999190330505 0.048850398510694504 0.026518400758504868
v -0.043574098497629166 0.04653700068593025 0.02890690043568611
v -0.04523580148816109 0.046734798699617386 0.025876300409436226
v -0.03897370025515556 0.04821690171957016 0.03249900043010712
v -0.041784800589084625 0.04622050002217293 0.03190129995346069
v -0.04081229865550995 0.0485944002866745 0.029545599594712257
v -0.03987029939889908 0.04582320153713226 0.03479360044002533
v -0.050675299018621445 0.04445840045809746 0.018853699788451195
v -0.049303699284791946 0.04453570023179054 0.022038999944925308
v -0.051720600575208664 0.042140599340200424 0.021192999556660652
v -0.04600109905004501 0.048584599047899246 0.020577700808644295
v -0.04695520177483559 0.04659289866685867 0.02289789915084839
v -0.04838990047574043 0.04657119885087013 0.019736800342798233
v -0.04432849958539009 0.0487762987613678 0.02357649989426136
v -0.05520059913396835 0.03948279842734337 0.01714630052447319
v -0.05300309881567955 0.04202229902148247 0.018022099509835243
v -0.05398470163345337 0.03964880108833313 0.020337799564003944
v -0.056905798614025116 0.034945301711559296 0.020989399403333664
v -0.05610800161957741 0.03725050017237663 0.019086500629782677
v -0.05483900010585785 0.037377700209617615 0.022261900827288628
v -0.05539980158209801 0.034976400434970856 0.024647699669003487
v -0.053029198199510574 0.04399539902806282 0.012341399677097797
v -0.05191610008478165 0.04428130015730858 0.015616700053215027
v -0.054181501269340515 0.04179050028324127 0.014762000180780888
v -0.0486287996172905 0.04831390082836151 0.014177899807691574
v -0.04970389977097511 0.04643459990620613 0.016533099114894867
v -0.05088270083069801 0.04620340093970299 0.013273700140416622
v -0.04737289994955063 0.048508599400520325 0.017399100586771965
v -0.05728809908032417 0.038813699036836624 0.010562400333583355
v -0.05522660166025162 0.041455499827861786 0.011466000229120255
v -0.05631360039114952 0.039196498692035675 0.013871399685740471
v -0.059166401624679565 0.03414030000567436 0.015289800241589546
v -0.058298300951719284 0.03652150183916092 0.012941899709403515
v -0.05725320056080818 0.03685649856925011 0.01623779907822609
v -0.05809279903769493 0.034576501697301865 0.018157299607992172
v -0.0548458993434906 0.043120600283145905 0.005704499781131744
v -0.05400390177965164 0.04361160099506378 0.009034049697220325
v -0.05613590031862259 0.041017498821020126 0.00814346969127655
v -0.05039750039577484 0.04800330102443695 0.00746825011447072
v -0.05177510157227516 0.04605429992079735 0.009916660375893116
v -0.05268450081348419 0.04561639949679375 0.006594240199774504
v -0.04957420006394386 0.048218000680208206 0.010836400091648102
v -0.05886470153927803 0.037679001688957214 0.003903189906850457
v -0.05692650005221367 0.04045040160417557 0.00480986014008522
v -0.05814779922366142 0.038293398916721344 0.007241710089147091
v -0.06090230122208595 0.03337069973349571 0.008792470209300518
v -0.059954799711704254 0.03556720167398453 0.006355389952659607
v -0.05916440114378929 0.0361345000565052 0.009688789956271648
v -0.060104601085186005 0.03379499912261963 0.012055199593305588
v -0.0561073012650013 0.04184500128030777 -0.0009834020165726542
v -0.05554459989070892 0.04253489896655083 0.002363440115004778
v -0.05755779892206192 0.039811599999666214 0.0014617099659517407
v -0.052000898867845535 0.04685239866375923 0.0008746699895709753
v -0.05348530039191246 0.04503859952092171 0.0032933999318629503
v -0.05411680042743683 0.04440009966492653 -5.442900146590546e-05
v -0.05126110091805458 0.04748529940843582 0.004176510032266378
v -0.05979609861969948 0.03628470003604889 -0.002800839953124523
v -0.058022599667310715 0.039112601429224014 -0.001894430024549365
v -0.05940280109643936 0.03702700138092041 0.0005518459947779775
v -0.062203798443078995 0.03203880041837692 0.0020492300391197205
v -0.061073798686265945 0.03420310094952583 -0.00037625699769705534
v -0.06060609966516495 0.03490019962191582 0.002979740034788847
v -0.06163010001182556 0.0327455997467041 0.00542763015255332
v -0.056803300976753235 0.040185198187828064 -0.007650730200111866
v -0.05652410164475441 0.04106510058045387 -0.004322330001741648
v -0.05837079882621765 0.038281600922346115 -0.005232150200754404
v -0.05282739922404289 0.04555569961667061 -0.005826099775731564
v -0.054534200578927994 0.04375389963388443 -0.003408920019865036
v -0.05488260090351105 0.04292299970984459 -0.00674668001011014
v -0.05247750133275986 0.0462598018348217 -0.0024786998983472586
v -0.03681290149688721 0.05275699868798256 0.027595600113272667
v -0.03794100135564804 0.05055059865117073 0.03008509986102581
v -0.039730899035930634 0.05086769908666611 0.027091100811958313
v -0.040252599865198135 0.05304589867591858 0.02158370055258274
v -0.03858010098338127 0.0529664009809494 0.024619799107313156
v -0.04145079851150513 0.05100959911942482 0.024080099537968636
v -0.04318629950284958 0.05088530108332634 0.021109800785779953
v -0.060190800577402115 0.034470200538635254 -0.009427130222320557
v -0.058567799627780914 0.03737280145287514 -0.008549249731004238
v -0.0600661002099514 0.03542029857635498 -0.006121379788964987
v -0.06287150084972382 0.030435500666499138 -0.004566969815641642
v -0.06140720099210739 0.033399999141693115 -0.0036883100401610136
v -0.06261239945888519 0.031274501234292984 -0.0012603700160980225
v -0.06160520017147064 0.03249190002679825 -0.007005469873547554
v -0.0532539002597332 0.04367529973387718 -0.012509600259363651
v -0.05310630053281784 0.044670600444078445 -0.009179200045764446
v -0.05509670078754425 0.041982099413871765 -0.010092600248754025
v -0.056978099048137665 0.038075998425483704 -0.014272700063884258
v -0.055184099823236465 0.04092609882354736 -0.013407699763774872
v -0.056960999965667725 0.0391790010035038 -0.01097519975155592
v -0.05865449830889702 0.03631649911403656 -0.011864099651575089
v -0.03306740149855614 0.051809199154376984 0.03350149840116501
v -0.03606550022959709 0.05007550120353699 0.03304139897227287
v -0.03498459979891777 0.05234970152378082 0.030587399378418922
v -0.03506619855761528 0.047074299305677414 0.03813619911670685
v -0.03706569969654083 0.04770449921488762 0.03536120057106018
v -0.03410850092768669 0.04950229823589325 0.035862699151039124
v -0.03791379928588867 0.045250799506902695 0.03761519864201546
v -0.04899350181221962 0.04886849969625473 -0.010559599846601486
v -0.05097299814224243 0.04727010056376457 -0.008202929981052876
v -0.05118760094046593 0.0463298000395298 -0.011549100279808044
v -0.048266299068927765 0.05054280161857605 -0.0039727999828755856
v -0.05061030015349388 0.04810959845781326 -0.0049056001007556915
v -0.048687998205423355 0.04976499825716019 -0.007274889852851629
v -0.0501989983022213 0.04876120015978813 -0.0015510900411754847
v -0.053224798291921616 0.04126270115375519 -0.019091999158263206
v -0.053306300193071365 0.04252230003476143 -0.0158207006752491
v -0.05516830086708069 0.039717499166727066 -0.016702599823474884
v -0.04916840046644211 0.04675250127911568 -0.01722409948706627
v -0.05127450078725815 0.04526979848742485 -0.01488529983907938
v -0.05126219987869263 0.04406389966607094 -0.018181299790740013
v -0.049142301082611084 0.04787030071020126 -0.013909299857914448
v -0.056603800505399704 0.03558940067887306 -0.020722100511193275
v -0.05497929826378822 0.03847150132060051 -0.019930599257349968
v -0.05686049908399582 0.03687779977917671 -0.017518799751996994
v -0.06010949984192848 0.03216179832816124 -0.01588910073041916
v -0.05842740088701248 0.03391660004854202 -0.018327800557017326
v -0.05861470103263855 0.03516149893403053 -0.015099099837243557
v -0.060222599655389786 0.03335610032081604 -0.012673299759626389
v -0.04882020130753517 0.0442063994705677 -0.023714600130915642
v -0.049055300652980804 0.0455361008644104 -0.02049490064382553
v -0.05108699947595596 0.04278859868645668 -0.021430300548672676
v -0.052549298852682114 0.03858340159058571 -0.025492899119853973
v -0.05074780061841011 0.04144639894366264 -0.024634400382637978
v -0.05295279994606972 0.03997259959578514 -0.022320199757814407
v -0.05464379861950874 0.03713199868798256 -0.023135999217629433
v -0.044550299644470215 0.04940880089998245 -0.021772300824522972
v -0.046918198466300964 0.048140998929739 -0.01952270045876503
v -0.04674379900097847 0.04686630144715309 -0.02277199923992157
v -0.044656701385974884 0.051739998161792755 -0.015124400146305561
v -0.04697209969162941 0.04930869862437248 -0.016194799914956093
v -0.04466009885072708 0.050638601183891296 -0.018471799790859222
v -0.046882398426532745 0.05036579817533493 -0.012857800349593163
v -0.04396370053291321 0.04660850018262863 -0.028193000704050064
v -0.04431290179491043 0.0480692982673645 -0.025014199316501617
v -0.046450499445199966 0.04546479880809784 -0.025986600667238235
v -0.04814539849758148 0.04098450019955635 -0.030038200318813324
v -0.04611640051007271 0.043855298310518265 -0.0291546992957592
v -0.048545800149440765 0.042650800198316574 -0.02691129967570305
v -0.05040629953145981 0.03983049839735031 -0.02779809944331646
v -0.03997800126671791 0.051154300570487976 -0.026172399520874023
v -0.04231100156903267 0.05033719912171364 -0.02399889938533306
v -0.04201440140604973 0.04893210157752037 -0.0272109005600214
v -0.040178101509809494 0.053854599595069885 -0.019631799310445786
v -0.042465999722480774 0.05285780131816864 -0.017398100346326828
v -0.0424112007021904 0.05168899893760681 -0.020725099369883537
v -0.0401294007897377 0.052571699023246765 -0.022931499406695366
v -0.042979899793863297 0.043303199112415314 -0.034315600991249084
v -0.043526601046323776 0.04501260071992874 -0.03129379823803902
v -0.045621298253536224 0.042198099195957184 -0.03221829980611801
v -0.03867970034480095 0.04854480177164078 -0.03236180171370506
v -0.04137349873781204 0.04763630032539368 -0.030315399169921875
v -0.040881700813770294 0.04598240181803703 -0.03338110074400902
v -0.039375901222229004 0.04990920051932335 -0.029302099719643593
v -0.04669459909200668 0.03800300136208534 -0.035712599754333496
v -0.04488750174641609 0.04069859907031059 -0.035053301602602005
v -0.04747229814529419 0.039537299424409866 -0.03291169926524162
v -0.051447100937366486 0.035314299166202545 -0.03171899914741516
v -0.04985459893941879 0.03819410130381584 -0.030914800241589546
v -0.05206559970974922 0.03699669986963272 -0.02864300087094307
v -0.049128301441669464 0.036701500415802 -0.03375520184636116
v -0.03751689940690994 0.04497380182147026 -0.03833850100636482
v -0.03814680129289627 0.046818800270557404 -0.03539520129561424
v -0.04029859974980354 0.04419359937310219 -0.03637240082025528
v -0.041496701538562775 0.04017280042171478 -0.03954960033297539
v -0.039547599852085114 0.042617201805114746 -0.03898420184850693
v -0.04228080064058304 0.04177999868988991 -0.03696979954838753
v -0.044148001819849014 0.039134301245212555 -0.03767570108175278
v -0.03314239904284477 0.04973150044679642 -0.036446601152420044
v -0.035955801606178284 0.04919939860701561 -0.03444710001349449
v -0.0353705994784832 0.04740750044584274 -0.037435900419950485
v -0.034010499715805054 0.05331049859523773 -0.030021199956536293
v -0.03639160096645355 0.050992701202631 -0.03123139962553978
v -0.033623598515987396 0.05159329995512962 -0.033280499279499054
v -0.0370463989675045 0.05230589956045151 -0.028136400505900383
v -0.03156580030918121 0.04626639932394028 -0.041988398879766464
v -0.0323914997279644 0.04805440083146095 -0.0392628014087677
v -0.034585900604724884 0.04567880183458328 -0.040215201675891876
v -0.03583120182156563 0.04160989820957184 -0.04341360181570053
v -0.033734600991010666 0.04398519918322563 -0.04274670034646988
v -0.036711499094963074 0.04333600029349327 -0.04091769829392433
v -0.038712501525878906 0.04094269871711731 -0.04153360053896904
v -0.027076799422502518 0.05060359835624695 -0.04007650166749954
v -0.0301486998796463 0.050232600420713425 -0.038311198353767395
v -0.029353199526667595 0.04848770052194595 -0.04107709974050522
v -0.028855999931693077 0.05346060171723366 -0.03477500006556511
v -0.03102700039744377 0.05164229869842529 -0.03564269840717316
v -0.02799459919333458 0.05208450183272362 -0.03746350109577179
v -0.03147279843688011 0.05345270037651062 -0.03243879973888397
v -0.02541079930961132 0.046794500201940536 -0.04543749988079071
v -0.026274599134922028 0.048756301403045654 -0.04280729964375496
v -0.028524700552225113 0.04659000039100647 -0.043768901377916336
v -0.029851900413632393 0.04204700142145157 -0.047338299453258514
v -0.0276637002825737 0.04447279870510101 -0.04644230008125305
v -0.03074759989976883 0.044212400913238525 -0.04471969977021217
v -0.03288469836115837 0.041883401572704315 -0.045435499399900436
v -0.020719200372695923 0.05133169889450073 -0.04284590110182762
v -0.023927699774503708 0.051031000912189484 -0.04151270166039467
v -0.02309410087764263 0.04912490025162697 -0.04419739916920662
v -0.022603200748562813 0.05521769821643829 -0.036607399582862854
v -0.024873800575733185 0.05298279970884323 -0.038394201546907425
v -0.021693099290132523 0.05335310101509094 -0.039785198867321014
v -0.0257594995200634 0.05440239980816841 -0.03573279827833176
v -0.018854500725865364 0.04724299907684326 -0.04808950051665306
v -0.019811000674962997 0.0493474006652832 -0.04552309960126877
v -0.022161100059747696 0.04707910120487213 -0.04682350158691406
v -0.023658599704504013 0.04181990027427673 -0.0509054996073246
v -0.0212894007563591 0.04460019990801811 -0.049573998898267746
v -0.024570899084210396 0.04437259957194328 -0.04824259877204895
v -0.026790300384163857 0.041988298296928406 -0.0491860993206501
v -0.013510200195014477 0.05184999853372574 -0.045044999569654465
v -0.017139699310064316 0.051666099578142166 -0.04400959983468056
v -0.01620679907500744 0.04962129890918732 -0.04663759842514992
v -0.016879500821232796 0.054926201701164246 -0.03997740149497986
v -0.018816599622368813 0.05317769944667816 -0.04144959896802902
v -0.015212900005280972 0.053451500833034515 -0.04256169870495796
v -0.019763600081205368 0.05513419955968857 -0.03833569958806038
v -0.012176900170743465 0.046977698802948 -0.050446201115846634
v -0.012861499562859535 0.04948290064930916 -0.04781239852309227
v -0.015535599552094936 0.04717079922556877 -0.049331098794937134
v -0.017120299860835075 0.042583901435136795 -0.052853599190711975
v -0.014667199924588203 0.044837500900030136 -0.05171529948711395
v -0.01800920069217682 0.0449679009616375 -0.05053269863128662
v -0.020414000377058983 0.04225270077586174 -0.051941998302936554
v -0.00719679007306695 0.050997499376535416 -0.047407399863004684
v -0.010365700349211693 0.051484398543834686 -0.04628080129623413
v -0.009699270129203796 0.04905039817094803 -0.04898960143327713
v -0.007253210060298443 0.05442570149898529 -0.04341930150985718
v -0.010394600220024586 0.05320360139012337 -0.04428689926862717
v -0.007230100221931934 0.052748799324035645 -0.04544550180435181
v -0.010967000387609005 0.056498099118471146 -0.039845798164606094
v -0.012255899608135223 0.05425029993057251 -0.04250520095229149
v -0.013936599716544151 0.05576549842953682 -0.039949800819158554
v -0.009117299690842628 0.055505599826574326 -0.04166540130972862
v -0.005386630073189735 0.046211499720811844 -0.05230189859867096
v -0.006299769971519709 0.04866680130362511 -0.04991849884390831
v -0.008793019689619541 0.04665429890155792 -0.05143989995121956
v -0.010210299864411354 0.04230260103940964 -0.054829198867082596
v -0.007807400077581406 0.0443078987300396 -0.053626999258995056
v -0.011206399649381638 0.04469139873981476 -0.052698101848363876
v -0.013683400116860867 0.04249940067529678 -0.05391259863972664
v -0.0005033980123698711 0.04962030053138733 -0.04937180131673813
v -0.003855070099234581 0.050373900681734085 -0.04845210164785385
v -0.0029483300168067217 0.04796979948878288 -0.05089399963617325
v -0.002160589909180999 0.05451830103993416 -0.043852999806404114
v -0.004684720188379288 0.05282580107450485 -0.04568900167942047
v -0.001333939959295094 0.052145399153232574 -0.046680498868227005
v -0.004710040055215359 0.05450829863548279 -0.04366530105471611
v 0.001410020049661398 0.044832900166511536 -0.05374030023813248
v 0.0004538380017038435 0.04728170111775398 -0.05161619931459427
v -0.0019908600952476263 0.04558059945702553 -0.05308910086750984
v -0.0035367601085454226 0.04099090024828911 -0.056632500141859055
v -0.0010646600276231766 0.04296410083770752 -0.05525349825620651
v -0.004467329941689968 0.043656300753355026 -0.05453599989414215
v -0.006882209796458483 0.041699498891830444 -0.05580129846930504
v 0.0063439300283789635 0.0480009987950325 -0.05055350065231323
v 0.002924069995060563 0.04887419939041138 -0.050027601420879364
v 0.0038813899736851454 0.0464698001742363 -0.05220630019903183
v 0.004112020134925842 0.05254330113530159 -0.046068400144577026
v 0.0018061900045722723 0.051134999841451645 -0.04776979982852936
v 0.005234079901129007 0.05033089965581894 -0.04836739972233772
v 0.000976913026534021 0.053596701472997665 -0.04501599818468094
v 0.008191389963030815 0.042966898530721664 -0.05465110018849373
v 0.007276120129972696 0.04553690180182457 -0.05266359820961952
v 0.004806870128959417 0.04395639896392822 -0.054265398532152176
v 0.003097519977018237 0.03964019939303398 -0.05761130154132843
v 0.005651060026139021 0.04135189950466156 -0.056196898221969604
v 0.0022563498932868242 0.042284898459911346 -0.055739499628543854
v -0.00021988000662531704 0.040363799780607224 -0.057190198451280594
v 0.013152300380170345 0.04639149829745293 -0.05074290186166763
v 0.009760330431163311 0.04725529998540878 -0.05071159824728966
v 0.01068590022623539 0.04473809897899628 -0.05276649817824364
v 0.011049199849367142 0.051107700914144516 -0.04653939977288246
v 0.008707200177013874 0.04961499944329262 -0.04860590025782585
v 0.012114499695599079 0.04880490154027939 -0.04869629815220833
v 0.0075903600081801414 0.051892299205064774 -0.04636349901556969
v 0.014876299537718296 0.040945298969745636 -0.054792098701000214
v 0.014031900092959404 0.04372309893369675 -0.05283360183238983
v 0.011548199690878391 0.042008399963378906 -0.05478990077972412
v 0.00991967972368002 0.03760489821434021 -0.058201998472213745
v 0.012412999756634235 0.03932259976863861 -0.05656540021300316
v 0.009065800346434116 0.04033150151371956 -0.05649049952626228
v 0.006517089903354645 0.038672901690006256 -0.057982198894023895
v 0.01973010040819645 0.04401040077209473 -0.050732698291540146
v 0.016461800783872604 0.04525750130414963 -0.05080129951238632
v 0.01732500083744526 0.04253150150179863 -0.05282910168170929
v 0.017541799694299698 0.048958200961351395 -0.0468548983335495
v 0.015363099984824657 0.04772479832172394 -0.04884999990463257
v 0.018657000735402107 0.046536900103092194 -0.04884900152683258
v 0.014312599785625935 0.050092898309230804 -0.04675310105085373
v 0.02130349911749363 0.03829219937324524 -0.0545881986618042
v 0.020542999729514122 0.041203901171684265 -0.052727799862623215
v 0.0181122999638319 0.039667800068855286 -0.054757799953222275
v 0.016437800601124763 0.03522710129618645 -0.05821380019187927
v 0.015675799921154976 0.038131799548864365 -0.05657060071825981
v 0.013194999657571316 0.03646079823374748 -0.05827949941158295
v 0.01889299973845482 0.036803100258111954 -0.05646760016679764
v 0.024337200447916985 0.04610469937324524 -0.04671249911189079
v 0.020968599244952202 0.047597501426935196 -0.04684869945049286
v 0.022057099267840385 0.045105598866939545 -0.0487746000289917
v 0.026083599776029587 0.04111630097031593 -0.050290100276470184
v 0.025236599147319794 0.04365589842200279 -0.04855180159211159
v 0.022935500368475914 0.042616598308086395 -0.05057460069656372
v 0.02372339926660061 0.03975430130958557 -0.05250519886612892
v 0.021959500387310982 0.05014510080218315 -0.043626200407743454
v 0.019766399636864662 0.04959139972925186 -0.04527679830789566
v 0.023166999220848083 0.04816360026597977 -0.045205701142549515
v 0.015689199790358543 0.05364060029387474 -0.0421488992869854
v 0.016635699197649956 0.051361698657274246 -0.0445558987557888
v 0.01338529959321022 0.052437398582696915 -0.04439770057797432
v 0.01885019987821579 0.05196410045027733 -0.04294639825820923
v 0.0306560005992651 0.04352499917149544 -0.045451000332832336
v 0.027530400082468987 0.04487000033259392 -0.046138498932123184
v 0.02840610034763813 0.04237480089068413 -0.04793189838528633
v 0.02817559987306595 0.048923201858997345 -0.04138429835438728
v 0.02629069983959198 0.047575999051332474 -0.0441058985888958
v 0.029454799368977547 0.04628530144691467 -0.04347509890794754
v 0.025096500292420387 0.0495912991464138 -0.04255430027842522
v 0.03224330022931099 0.038069501519203186 -0.049102701246738434
v 0.03148629888892174 0.04084480181336403 -0.047331999987363815
v 0.02919970080256462 0.0396420992910862 -0.049758199602365494
v 0.02745320089161396 0.035482000559568405 -0.05373400077223778
v 0.026799499988555908 0.038343701511621475 -0.05207249894738197
v 0.024407299235463142 0.03693090006709099 -0.05422540009021759
v 0.029887299984693527 0.03682380169630051 -0.05148550122976303
v 0.03496979922056198 0.04532010108232498 -0.04028899967670441
v 0.03162140026688576 0.04719439893960953 -0.040899600833654404
v 0.03285349905490875 0.04447760060429573 -0.04292310029268265
v 0.036616500467061996 0.03993619978427887 -0.04432079941034317
v 0.035836998373270035 0.04268040135502815 -0.0423566997051239
v 0.03367890045046806 0.04178360104560852 -0.04494290053844452
v 0.03446989879012108 0.039048198610544205 -0.04676609858870506
v 0.03312930092215538 0.050144899636507034 -0.03588780015707016
v 0.030696600675582886 0.04960529878735542 -0.038691598922014236
v 0.034089598804712296 0.047788698226213455 -0.038133200258016586
v 0.022857600823044777 0.053349900990724564 -0.039131999015808105
v 0.027881599962711334 0.05288179963827133 -0.03641609847545624
v 0.025551099330186844 0.051205798983573914 -0.04031259939074516
v 0.025390900671482086 0.053160399198532104 -0.037805698812007904
v 0.028057599440217018 0.05095510184764862 -0.03894039988517761
v 0.02242640033364296 0.051788900047540665 -0.04141220077872276
v 0.030533000826835632 0.051559798419475555 -0.03618460148572922
v 0.0406792014837265 0.041575800627470016 -0.0389443002641201
v 0.03787130117416382 0.04350170120596886 -0.03966569900512695
v 0.03869530186057091 0.04080609977245331 -0.04168369993567467
v 0.03890300169587135 0.046768900007009506 -0.03462979942560196
v 0.036983199417591095 0.04610290005803108 -0.03750690072774887
v 0.0398406982421875 0.04422739893198013 -0.03683289885520935
v 0.03605879843235016 0.04851429909467697 -0.03530050069093704
v -0.029712699353694916 0.036802299320697784 -0.051601801067590714
v -0.026728199794888496 0.03937369957566261 -0.051335301250219345
v -0.02981710061430931 0.039470698684453964 -0.04952780157327652
v -0.024137699976563454 0.03551140055060387 -0.05528390035033226
v -0.023934299126267433 0.03872419893741608 -0.05317499861121178
v -0.02695710025727749 0.036199599504470825 -0.05350609868764877
v -0.019478999078273773 0.038591500371694565 -0.05505689978599548
v -0.0183119997382164 0.04061499983072281 -0.05399160087108612
v -0.021593699231743813 0.04025210067629814 -0.053042300045490265
v -0.021825799718499184 0.037080999463796616 -0.055214401334524155
v 0.04207240045070648 0.03606409952044487 -0.04277019947767258
v 0.041425399482250214 0.03886650130152702 -0.04090629890561104
v 0.0393919013440609 0.03804599866271019 -0.0435979999601841
v 0.03782220184803009 0.034458599984645844 -0.04777120053768158
v 0.039993900805711746 0.035302501171827316 -0.04532349854707718
v 0.03726059943437576 0.037238601595163345 -0.04609699919819832
v 0.0350738987326622 0.03630660101771355 -0.048493798822164536
v 0.044425301253795624 0.042742498219013214 -0.03315829858183861
v 0.04171619936823845 0.04481159895658493 -0.03393639996647835
v 0.04260540008544922 0.04221180081367493 -0.036096300929784775
v 0.046949900686740875 0.036502301692962646 -0.036922700703144073
v 0.045757099986076355 0.03968270123004913 -0.035093799233436584
v 0.04389199987053871 0.03910810127854347 -0.038000598549842834
v 0.044577401131391525 0.03633720055222511 -0.03990570083260536
v 0.04248020052909851 0.04767100140452385 -0.02868640050292015
v 0.040742501616477966 0.0472790002822876 -0.031697701662778854
v 0.04350610077381134 0.04526229947805405 -0.03096039965748787
v 0.03678039833903313 0.05144299939274788 -0.03001369908452034
v 0.037887800484895706 0.04916569963097572 -0.03236110135912895
v 0.039679400622844696 0.049618400633335114 -0.029386399313807487
v 0.034999098628759384 0.05085819959640503 -0.03299250081181526
v 0.0476342998445034 0.043609101325273514 -0.027003999799489975
v 0.04511009901762009 0.04569359868764877 -0.02787790074944496
v 0.04608739912509918 0.04322979971766472 -0.030118700116872787
v 0.049549400806427 0.038705699145793915 -0.030768999829888344
v 0.0486438013613224 0.04120149835944176 -0.028917400166392326
v 0.047045301645994186 0.04077430069446564 -0.03200310096144676
v 0.04831070080399513 0.03765159845352173 -0.03388870134949684
v 0.04542040079832077 0.04834970086812973 -0.0223447997123003
v 0.04400569945573807 0.04807090014219284 -0.025547800585627556
v 0.046585701406002045 0.04603710025548935 -0.024705300107598305
v 0.03957600146532059 0.05273690074682236 -0.023506399244070053
v 0.041092000901699066 0.05028219893574715 -0.026137100532650948
v 0.04255770146846771 0.05061409994959831 -0.02295769937336445
v 0.038228798657655716 0.05215900018811226 -0.02679550088942051
v 0.05054359883069992 0.04383010044693947 -0.020597800612449646
v 0.04804300144314766 0.046148501336574554 -0.021498600021004677
v 0.04915110021829605 0.04377499967813492 -0.023831000551581383
v 0.05172690004110336 0.04009940102696419 -0.02482669986784458
v 0.05117860063910484 0.04200030118227005 -0.02273149974644184
v 0.04972349852323532 0.041890401393175125 -0.025937700644135475
v 0.05069249868392944 0.03944480046629906 -0.027827700600028038
v -0.001345900003798306 0.03558630123734474 -0.06026440113782883
v 0.000876781006809324 0.03765479847788811 -0.05900289863348007
v -0.0024442700669169426 0.03833480179309845 -0.05851899832487106
v -0.00867019034922123 0.03684249892830849 -0.05888510122895241
v -0.006111059803515673 0.038965098559856415 -0.05783059820532799
v -0.00945196021348238 0.03962169960141182 -0.05692780017852783
v -0.005015360191464424 0.036267299205064774 -0.05966179817914963
v 0.048027001321315765 0.048381999135017395 -0.015893099829554558
v 0.046781498938798904 0.04842570051550865 -0.019142599776387215
v 0.049347300082445145 0.046163998544216156 -0.01826840080320835
v 0.04225660115480423 0.05305830016732216 -0.017297400161623955
v 0.04390310123562813 0.050778698176145554 -0.01985030062496662
v 0.04520779848098755 0.050794199109077454 -0.016619499772787094
v 0.04096430167555809 0.05295959860086441 -0.02042580023407936
v 0.05299929901957512 0.04352419823408127 -0.014025700278580189
v 0.05057999864220619 0.04601389914751053 -0.014979200437664986
v 0.05183669924736023 0.04373219981789589 -0.01733360067009926
v 0.05535940080881119 0.038331300020217896 -0.019132299348711967
v 0.0542604997754097 0.04098910093307495 -0.016603900119662285
v 0.053026698529720306 0.04113909974694252 -0.019893299788236618
v 0.053609900176525116 0.03926419839262962 -0.022006899118423462
v 0.05027639865875244 0.04783039912581444 -0.009194710291922092
v 0.04921479895710945 0.04816789925098419 -0.012559999711811543
v 0.05170290172100067 0.04573480039834976 -0.011624899692833424
v 0.04516249895095825 0.05234510079026222 -0.010969799943268299
v 0.04665210098028183 0.05042549967765808 -0.013447999954223633
v 0.047780100256204605 0.05015129968523979 -0.010095099918544292
v 0.043764300644397736 0.05276770144701004 -0.014151300303637981
v 0.054892800748348236 0.042825400829315186 -0.007263599894940853
v 0.05265190079808235 0.045385900884866714 -0.008239690214395523
v 0.05401470139622688 0.04322979971766472 -0.010658199898898602
v 0.05749339982867241 0.03816710039973259 -0.01173819974064827
v 0.056262701749801636 0.04054639860987663 -0.009512689895927906
v 0.0553227998316288 0.04090210050344467 -0.012899800203740597
v 0.05651190131902695 0.03830710053443909 -0.015458700247108936
v 0.051872700452804565 0.046939700841903687 -0.0024252200964838266
v 0.05113869905471802 0.047444600611925125 -0.005817260127514601
v 0.05345030128955841 0.044939298182725906 -0.004850530065596104
v 0.04713429883122444 0.05156569927930832 -0.004397079814225435
v 0.04876359924674034 0.04975749924778938 -0.006804029922932386
v 0.049563899636268616 0.04931280016899109 -0.0034153100568801165
v 0.04620470106601715 0.052018698304891586 -0.007692819926887751
v 0.056176699697971344 0.04176029935479164 -0.0005022949771955609
v 0.0540923997759819 0.04440559819340706 -0.0014655899722129107
v 0.05560360103845596 0.04234530031681061 -0.0038877599872648716
v 0.05874500051140785 0.03775709867477417 -0.004839629866182804
v 0.057521700859069824 0.03980080038309097 -0.002673790091648698
v 0.056886300444602966 0.04033910110592842 -0.006058789789676666
v 0.05819249898195267 0.03801000118255615 -0.008299379609525204
v 0.052929699420928955 0.04560120031237602 0.004357169847935438
v 0.052466701716184616 0.04632829874753952 0.0009671829757280648
v 0.05462139844894409 0.04373529925942421 0.001929849968291819
v 0.04842260107398033 0.0504910983145237 0.0024289200082421303
v 0.050209298729896545 0.04877530038356781 1.8536600236984668e-06
v 0.050738200545310974 0.04810500144958496 0.003397200023755431
v 0.04783879965543747 0.05109279975295067 -0.000985324033536017
v 0.056947700679302216 0.0402211993932724 0.006261810194700956
v 0.055007100105285645 0.04296460002660751 0.005316100083291531
v 0.05663260072469711 0.04104179888963699 0.002883339999243617
v 0.059740301221609116 0.03644869849085808 0.0016099399654194713
v 0.05840909853577614 0.03837769851088524 0.0039402698166668415
v 0.058025699108839035 0.039149798452854156 0.0005544620216824114
v 0.0593096986413002 0.03714489936828613 -0.0016166700515896082
v 0.05344099923968315 0.04383379966020584 0.011075099930167198
v 0.053251300007104874 0.04477290064096451 0.0077257100492715836
v 0.05526280030608177 0.04207960143685341 0.00867921020835638
v 0.049186401069164276 0.048973698168992996 0.009070539847016335
v 0.0511200986802578 0.04734500125050545 0.006722019985318184
v 0.051377300173044205 0.04646129906177521 0.010085299611091614
v 0.04886310175061226 0.0497920997440815 0.0057566300965845585
v 0.0571959987282753 0.03823170065879822 0.012921099551022053
v 0.055387601256370544 0.04108399897813797 0.01201310008764267
v 0.05714239925146103 0.03927500173449516 0.009603300131857395
v 0.06035209819674492 0.03454039990901947 0.008036119863390923
v 0.05884530022740364 0.036430198699235916 0.010491300374269485
v 0.05872039869427681 0.037425700575113297 0.007157550193369389
v 0.06011569872498512 0.035535700619220734 0.0048286099918186665
v 0.05341169983148575 0.04166270047426224 0.017646899446845055
v 0.05349170044064522 0.042800601571798325 0.01437859982252121
v 0.05537230148911476 0.03999660164117813 0.015302900224924088
v 0.049424801021814346 0.04700189828872681 0.01574840024113655
v 0.0514959990978241 0.045473601669073105 0.013428200036287308
v 0.051481299102306366 0.04438669979572296 0.016718199476599693
v 0.049366701394319534 0.048047300428152084 0.012424900196492672
v 0.056865300983190536 0.03591249883174896 0.01940689980983734
v 0.055206298828125 0.038835201412439346 0.01854969933629036
v 0.057100001722574234 0.03711720183491707 0.016183599829673767
v 0.06029060110449791 0.032413300126791 0.014643199741840363
v 0.058647800236940384 0.03420360013842583 0.01704530045390129
v 0.05881299823522568 0.03536440059542656 0.013798500411212444
v 0.06039559841156006 0.033518098294734955 0.011353599838912487
v 0.049136798828840256 0.04460800066590309 0.022264299914240837
v 0.0493416003882885 0.04586150124669075 0.019029799848794937
v 0.05133749917149544 0.04318860173225403 0.01998019963502884
v 0.052900198847055435 0.03904769942164421 0.02401760034263134
v 0.051081299781799316 0.04187930002808571 0.023169400170445442
v 0.05322070047259331 0.04040440171957016 0.02085760049521923
v 0.05494840070605278 0.03752490133047104 0.021738199517130852
v 0.044885098934173584 0.04974770173430443 0.020260600373148918
v 0.04721340164542198 0.048434801399707794 0.018026800826191902
v 0.04706919938325882 0.047236401587724686 0.0212887991219759
v 0.04492739960551262 0.05192819982767105 0.013601000420749187
v 0.04723529890179634 0.04952710121870041 0.01469310000538826
v 0.044962599873542786 0.05090180039405823 0.016952000558376312
v 0.047113899141550064 0.050512101501226425 0.01134950015693903
v 0.04436039924621582 0.047106798738241196 0.026704100891947746
v 0.044678401201963425 0.048487599939107895 0.023511599749326706
v 0.046806901693344116 0.045914601534605026 0.0245146993547678
v 0.048388998955488205 0.04174479842185974 0.028563600033521652
v 0.04643210023641586 0.04448080062866211 0.027667999267578125
v 0.04882330074906349 0.04322990030050278 0.025445399805903435
v 0.050707101821899414 0.040446098893880844 0.026322999969124794
v 0.039910100400447845 0.05199969932436943 0.02456039935350418
v 0.04244999960064888 0.0509365014731884 0.02243809960782528
v 0.04218729957938194 0.049614500254392624 0.02566389925777912
v 0.040104400366544724 0.054448701441287994 0.018082499504089355
v 0.042569901794195175 0.05325600132346153 0.01586190052330494
v 0.04254870116710663 0.05216440185904503 0.01919589936733246
v 0.04005629941821098 0.0532894991338253 0.02134759910404682
v 0.04341749846935272 0.04400809854269028 0.03283609822392464
v 0.0439428985118866 0.045613400638103485 0.029806699603796005
v 0.045959699898958206 0.04292910173535347 0.0307375006377697
v 0.039178699254989624 0.049125999212265015 0.030849099159240723
v 0.04182089865207672 0.048175498843193054 0.028812000527977943
v 0.0413489006459713 0.04662429913878441 0.031881701201200485
v 0.039593301713466644 0.05062529817223549 0.02773899957537651
v 0.047051601111888885 0.03864099830389023 0.034540098160505295
v 0.045286498963832855 0.04137200117111206 0.03372680023312569
v 0.047777801752090454 0.0402413010597229 0.031589899212121964
v 0.051780201494693756 0.03608379885554314 0.030278200283646584
v 0.049475301057100296 0.03740739822387695 0.03244810178875923
v 0.050144098699092865 0.03896050155162811 0.029455799609422684
v 0.05240609869360924 0.037613000720739365 0.027181999757885933
v 0.03803630173206329 0.045798201113939285 0.03682069852948189
v 0.03865490108728409 0.04752029851078987 0.03387650102376938
v 0.040776900947093964 0.0449582003057003 0.03487119823694229
v 0.04206639900803566 0.040478698909282684 0.038624998182058334
v 0.04010029882192612 0.043191101402044296 0.037769000977277756
v 0.04279420152306557 0.042295001447200775 0.03577420115470886
v 0.044610101729631424 0.03960530087351799 0.03662459924817085
v 0.033610399812459946 0.05067799985408783 0.034671101719141006
v 0.036439199000597 0.049963198602199554 0.03280029818415642
v 0.035867299884557724 0.048297300934791565 0.03578979894518852
v 0.03456829860806465 0.053769301623106 0.02852890081703663
v 0.03691890090703964 0.051511000841856 0.02972560003399849
v 0.03413129970431328 0.0522879995405674 0.03163890168070793
v 0.03728429973125458 0.05294860154390335 0.026576800271868706
v 0.036526601761579514 0.042052801698446274 0.042395301163196564
v 0.03732660040259361 0.043978698551654816 0.03965599834918976
v 0.039344098418951035 0.041315700858831406 0.04055919870734215
v 0.032359201461076736 0.04704760015010834 0.040489599108695984
v 0.03524019941687584 0.04647890105843544 0.038701798766851425
v 0.034483298659324646 0.04460249841213226 0.04149109870195389
v 0.03302580118179321 0.04892349988222122 0.037627000361680984
v 0.040333300828933716 0.03658070042729378 0.04398949816823006
v 0.03847609832882881 0.03936399891972542 0.04324429854750633
v 0.04124930128455162 0.038575999438762665 0.041356898844242096
v 0.04553360119462013 0.034904200583696365 0.0401046983897686
v 0.04298270121216774 0.03578349947929382 0.042095400393009186
v 0.04385070130228996 0.037735000252723694 0.03941040113568306
v 0.04634850099682808 0.036816999316215515 0.037367500364780426
v -0.0036173099651932716 0.05743059888482094 -0.03985770046710968
v -0.0028909100219607353 0.05601239949464798 -0.04188380017876625
v -0.005440109875053167 0.05597810074687004 -0.04167570173740387
v 0.0021606299560517073 0.05603779852390289 -0.04189379885792732
v -0.000729074003174901 0.05679139867424965 -0.04091700166463852
v 1.7278599884207324e-08 0.055313099175691605 -0.04290059953927994
v 0.0031389999203383923 0.054336901754140854 -0.0440187007188797
v -0.04484080150723457 0.0358985997736454 -0.04000750184059143
v -0.0432014986872673 0.03806449845433235 -0.03980870172381401
v -0.04579849913716316 0.03697559982538223 -0.0378854013979435
v -0.04031819850206375 0.03644390031695366 -0.04411669820547104
v -0.03812079876661301 0.03907410055398941 -0.043818000704050064
v -0.040945298969745636 0.038343701511621475 -0.041871801018714905
v -0.042620498687028885 0.03620599955320358 -0.042102500796318054
v 0.03465839847922325 0.03795420005917549 0.04752130061388016
v 0.035634901374578476 0.04005109891295433 0.04501179978251457
v 0.03754039853811264 0.037311799824237823 0.045809898525476456
v 0.03075619973242283 0.043195001780986786 0.045697301626205444
v 0.033680498600006104 0.0426734983921051 0.044097501784563065
v 0.03274580091238022 0.040622398257255554 0.046664100140333176
v 0.031593598425388336 0.04517269879579544 0.04314250126481056
v 0.0597199983894825 0.03296300023794174 -0.015714900568127632
v 0.058486100286245346 0.0313635990023613 -0.02226419933140278
v 0.057627301663160324 0.03570140153169632 -0.01745009981095791
v 0.05917400121688843 0.03220190107822418 -0.01901240088045597
v 0.05702200159430504 0.03490820154547691 -0.020734300836920738
v 0.05867839977145195 0.035608500242233276 -0.013743399642407894
v 0.054421499371528625 0.035177700221538544 -0.02647319994866848
v 0.0549812987446785 0.036815401166677475 -0.022840499877929688
v 0.05652419850230217 0.033312201499938965 -0.024399099871516228
v 0.05312059819698334 0.03767149895429611 -0.025672299787402153
v 0.038262300193309784 0.03232889994978905 0.04889620095491409
v 0.03650369867682457 0.03518329933285713 0.04826600104570389
v 0.03934440016746521 0.034495700150728226 0.046498000621795654
v 0.0436939001083374 0.030833199620246887 0.0451681986451149
v 0.04102589935064316 0.0316178984940052 0.04708699882030487
v 0.04206259921193123 0.033746298402547836 0.04463090002536774
v 0.04466570168733597 0.03290700167417526 0.0426861010491848
v 0.03245890140533447 0.03355110064148903 0.052160799503326416
v 0.033597901463508606 0.03579450026154518 0.04989929869771004
v 0.035401999950408936 0.0329786017537117 0.050587598234415054
v 0.02871689945459366 0.038914501667022705 0.05060629919171333
v 0.03172469884157181 0.03847929835319519 0.049121201038360596
v 0.03062319941818714 0.03627460077404976 0.05144289880990982
v 0.029772000387310982 0.04110360145568848 0.04820910096168518
v 0.05262260138988495 0.033280398696660995 -0.03198869898915291
v 0.049871500581502914 0.03495100140571594 -0.03451469913125038
v 0.05113869905471802 0.03603019937872887 -0.031411200761795044
v 0.050617098808288574 0.0309177003800869 -0.03717520087957382
v 0.05166799947619438 0.03212900087237358 -0.0346142016351223
v 0.048839300870895386 0.03374850004911423 -0.03709129989147186
v 0.0468204990029335 0.031760700047016144 -0.041220199316740036
v 0.04693429917097092 0.034167200326919556 -0.03911229968070984
v 0.04449579864740372 0.03395010158419609 -0.042041800916194916
v 0.04875800013542175 0.03136439993977547 -0.039229199290275574
v 0.06305240094661713 0.030321599915623665 0.0022346400655806065
v 0.06179489940404892 0.032479699701070786 0.005143090151250362
v 0.06147310137748718 0.03342689946293831 0.001924689975567162
v 0.06130969896912575 0.03366449847817421 -0.0027963200118392706
v 0.06224390119314194 0.0320252999663353 -0.00028112498694099486
v 0.06057079881429672 0.0350831001996994 -0.0005936400266364217
v 0.060069501399993896 0.035735901445150375 -0.0038206500466912985
v 0.036714401096105576 0.05698850005865097 -0.017445899546146393
v 0.0334273986518383 0.056345198303461075 -0.024654099717736244
v 0.03820670023560524 0.054951101541519165 -0.020509200170636177
v 0.03655039891600609 0.05461379885673523 -0.02411239966750145
v 0.03512749820947647 0.05675840005278587 -0.021083999425172806
v 0.039532098919153214 0.05508840084075928 -0.017392199486494064
v 0.035161398351192474 0.05398229882121086 -0.02737860009074211
v -0.030727999284863472 0.05610020086169243 0.028435200452804565
v -0.0319380983710289 0.054023001343011856 0.03100759908556938
v -0.03381270170211792 0.05449660122394562 0.02805040031671524
v -0.034257400780916214 0.0566537007689476 0.022732999175786972
v -0.03557629883289337 0.05476880073547363 0.02519340068101883
v -0.0373029001057148 0.05492030084133148 0.022186800837516785
v -0.032530300319194794 0.056442201137542725 0.025613699108362198
v -0.06251060217618942 0.028613999485969543 0.013177899643778801
v -0.061776500195264816 0.031027600169181824 0.010997699573636055
v -0.06091029942035675 0.031414199620485306 0.014250700362026691
v -0.06042090058326721 0.029526999220252037 0.019428500905632973
v -0.0615352988243103 0.02910340018570423 0.01632159948348999
v -0.05985470116138458 0.031866200268268585 0.01737689971923828
v -0.05872960016131401 0.032272499054670334 0.02023180015385151
v 0.03586700186133385 0.027814500033855438 0.053290799260139465
v 0.034202899783849716 0.030718699097633362 0.052787501364946365
v 0.03710769861936569 0.030106600373983383 0.051152799278497696
v 0.04144420102238655 0.02650360018014908 0.04979889839887619
v 0.03989899903535843 0.02944999933242798 0.04940409958362579
v 0.04261830076575279 0.028701499104499817 0.047538500279188156
v 0.03870010003447533 0.027190299704670906 0.05160420015454292
v 0.026359500363469124 0.03437789902091026 0.05498490110039711
v 0.027570100501179695 0.03668859973549843 0.052856698632240295
v 0.02944369986653328 0.03400430083274841 0.053635600954294205
v 0.02997880056500435 0.028818000108003616 0.05630980059504509
v 0.028202099725604057 0.03163490071892738 0.05571239814162254
v 0.03125540167093277 0.031221000477671623 0.05429869890213013
v 0.03296060115098953 0.02834869921207428 0.05486299842596054
v -0.020390700548887253 0.05993790179491043 -0.02986080013215542
v -0.02707429975271225 0.057054001837968826 -0.030196400359272957
v -0.021536899730563164 0.057684898376464844 -0.033295899629592896
v -0.0248796995729208 0.0562283992767334 -0.03345699980854988
v -0.023764699697494507 0.05857529863715172 -0.030069399625062943
v -0.015538300387561321 0.05847930163145065 -0.03519560024142265
v -0.017989400774240494 0.05929049849510193 -0.03257320076227188
v -0.019101200625300407 0.05693940073251724 -0.035958901047706604
v -0.027991600334644318 0.05530960112810135 -0.03251640126109123
v -0.016224300488829613 0.056756798177957535 -0.037622299045324326
v 0.04664459824562073 0.02483689971268177 0.04590659961104393
v 0.0440949983894825 0.02569969929754734 0.04790769889950752
v 0.04522139951586723 0.02786719985306263 0.04558999836444855
v 0.04866759851574898 0.02902889996767044 0.04109479859471321
v 0.04771070182323456 0.026963800191879272 0.04355049878358841
v 0.0462334007024765 0.029965199530124664 0.04318059980869293
v 0.04715520143508911 0.032003600150346756 0.04064679890871048
v 0.028782900422811508 0.055081699043512344 0.032210901379585266
v 0.03171509876847267 0.05449330061674118 0.030407700687646866
v 0.031235499307513237 0.05294569954276085 0.03348270058631897
v 0.027687299996614456 0.05170049890875816 0.03821619972586632
v 0.02827019989490509 0.0534575991332531 0.03525739908218384
v 0.03068700060248375 0.051252901554107666 0.03648899868130684
v 0.030060499906539917 0.04943539947271347 0.03940179944038391
v 0.02959359996020794 0.05793140083551407 0.025848999619483948
v 0.03212130069732666 0.05592060089111328 0.027223199605941772
v 0.029224999248981476 0.05657770112156868 0.029066499322652817
v 0.0348782017827034 0.05641699954867363 0.022374700754880905
v 0.03476319834589958 0.05515649914741516 0.025481000542640686
v 0.032270800322294235 0.05723600089550018 0.02413789927959442
v 0.03744160011410713 0.054277099668979645 0.02349730022251606
v -0.02667750045657158 0.05498810112476349 0.03412650153040886
v -0.029911700636148453 0.053468700498342514 0.03385839983820915
v -0.028739500790834427 0.055615201592445374 0.03132089972496033
v -0.028954099863767624 0.0505652017891407 0.038791999220848083
v -0.031047599390149117 0.05124799907207489 0.03618960082530975
v -0.027848899364471436 0.05283939838409424 0.03650259971618652
v -0.032051000744104385 0.048882100731134415 0.038513198494911194
v -0.04403520002961159 0.05204230174422264 0.015890300273895264
v -0.04219530150294304 0.052608199417591095 0.018759900704026222
v -0.04506159946322441 0.0503619983792305 0.018251599743962288
v -0.03759919852018356 0.05671589821577072 0.01641950011253357
v -0.035975199192762375 0.05675879865884781 0.01960179954767227
v -0.038972899317741394 0.05494710057973862 0.019024599343538284
v -0.04088360071182251 0.05446749925613403 0.016181200742721558
v -0.06495419889688492 0.026094000786542892 0.00023134199727792293
v -0.06398829817771912 0.02829810045659542 -0.0021703799720853567
v -0.0636541023850441 0.029100699350237846 0.0011416299967095256
v -0.06399600207805634 0.02756980061531067 0.006665159948170185
v -0.06454840302467346 0.02686239965260029 0.003452169941738248
v -0.06317160278558731 0.0298382006585598 0.004362150095403194
v -0.06252530217170715 0.030507400631904602 0.007738249842077494
v 0.01148189976811409 0.031684599816799164 -0.06135350093245506
v 0.013976600021123886 0.03349599987268448 -0.05985540151596069
v 0.010713799856603146 0.034686699509620667 -0.05985020101070404
v 0.005064799915999174 0.03384299948811531 -0.06106549873948097
v 0.008283079601824284 0.03280220180749893 -0.06128130108118057
v 0.007501040119677782 0.03576590120792389 -0.05970370024442673
v 0.004086319822818041 0.03678800165653229 -0.05941329896450043
v -0.02416349947452545 0.05903070047497749 0.028835900127887726
v -0.02545339986681938 0.05708320066332817 0.0315219983458519
v -0.02748209983110428 0.05764169991016388 0.028673499822616577
v -0.02802719920873642 0.059915900230407715 0.02290330082178116
v -0.02612929977476597 0.0595506988465786 0.02590320073068142
v -0.029417000710964203 0.05808579921722412 0.02570370025932789
v -0.031181700527668 0.05835850164294243 0.022847000509500504
v 0.01785469986498356 0.029212599620223045 -0.061055999249219894
v 0.0171665009111166 0.03225789964199066 -0.059705398976802826
v 0.014685899950563908 0.03048500046133995 -0.061278000473976135
v 0.022647099569439888 0.03255699947476387 -0.057681500911712646
v 0.019565399736166 0.03393179923295975 -0.05801570042967796
v 0.02027449943125248 0.03092069923877716 -0.05943780019879341
v 0.022000199183821678 0.03546459972858429 -0.056198298931121826
v 0.012888199649751186 0.025536399334669113 -0.06388889998197556
v 0.015389599837362766 0.027406800538301468 -0.06254620105028152
v 0.0121993999928236 0.028644299134612083 -0.06269510090351105
v 0.006525710225105286 0.027840500697493553 -0.06389299780130386
v 0.009718299843370914 0.026719700545072556 -0.06396570056676865
v 0.009014359675347805 0.029797399416565895 -0.06269650161266327
v 0.005802089814096689 0.030878199264407158 -0.06255300343036652
v -0.06531529873609543 0.024378500878810883 -0.006292739883065224
v -0.06416810303926468 0.027439000084996223 -0.005436189938336611
v -0.06521070003509521 0.02526569925248623 -0.003034230088815093
v -0.06306140124797821 0.028193900361657143 -0.011329700239002705
v -0.06304819881916046 0.0293527003377676 -0.007958680391311646
v -0.06426219642162323 0.02631640061736107 -0.008821370080113411
v -0.061706800013780594 0.031373098492622375 -0.01039199996739626
v 0.059690698981285095 0.029952799901366234 0.02097249962389469
v 0.058346498757600784 0.032971300184726715 0.020213399082422256
v 0.060061901807785034 0.031220100820064545 0.01782899908721447
v 0.056033700704574585 0.03325340151786804 0.025581900030374527
v 0.05651570111513138 0.03462349995970726 0.022520799189805984
v 0.05792950093746185 0.03163990005850792 0.023304300382733345
v 0.0545307993888855 0.03619290143251419 0.024828799068927765
v 0.06282000243663788 0.026296600699424744 0.016190700232982635
v 0.06132740154862404 0.028157800436019897 0.018603399395942688
v 0.06162799894809723 0.029389599338173866 0.015435099601745605
v 0.0631387010216713 0.028571700677275658 0.00985740963369608
v 0.06305240094661713 0.027465900406241417 0.013039099983870983
v 0.061786800622940063 0.030528100207448006 0.012264600023627281
v 0.06181909888982773 0.031593699008226395 0.00895744003355503
v 0.06198269873857498 0.02383049950003624 0.022141799330711365
v 0.060905199497938156 0.02692200057208538 0.02158140018582344
v 0.062468599528074265 0.025090500712394714 0.019186900928616524
v 0.058758798986673355 0.02723979949951172 0.026559200137853622
v 0.059284500777721405 0.02862519957125187 0.023789800703525543
v 0.06043479964137077 0.02556220069527626 0.02437629923224449
v 0.05746160075068474 0.030281100422143936 0.026100199669599533
v -0.05934489890933037 0.030135799199342728 -0.021679900586605072
v -0.05803089961409569 0.03289460018277168 -0.021221699193120003
v -0.059785500168800354 0.03117920085787773 -0.01880279928445816
v -0.05620110034942627 0.031644199043512344 -0.027204500511288643
v -0.056485701352357864 0.033666398376226425 -0.023998700082302094
v -0.05446479842066765 0.03517159819602966 -0.026392100378870964
v -0.05783599987626076 0.03092369996011257 -0.02446880005300045
v -0.03143800050020218 0.05764409899711609 -0.024265499785542488
v -0.030590899288654327 0.0552700012922287 -0.030156699940562248
v -0.032773200422525406 0.05556029826402664 -0.027184000238776207
v -0.02929689921438694 0.0574290007352829 -0.027269000187516212
v -0.036389000713825226 0.054893698543310165 -0.023717699572443962
v -0.035242799669504166 0.054168298840522766 -0.026902399957180023
v -0.03394149988889694 0.05631539970636368 -0.02401150017976761
v -0.038215599954128265 0.05306850001215935 -0.024965999647974968
v -0.03981680050492287 0.056122299283742905 -0.012841800227761269
v -0.0422884002327919 0.05399709939956665 -0.014000199735164642
v -0.040049999952316284 0.055060598999261856 -0.016258200630545616
v -0.04437889903783798 0.05351150035858154 -0.008187820203602314
v -0.04457620158791542 0.05269480124115944 -0.0116713996976614
v -0.04215089976787567 0.054885901510715485 -0.010528099723160267
v -0.04674400016665459 0.05125340074300766 -0.009385339915752411
v 0.04431920126080513 0.05369510129094124 0.007255820091813803
v 0.04643059894442558 0.052160199731588364 0.004848610144108534
v 0.04681159928441048 0.051399100571870804 0.008173460140824318
v 0.04355980083346367 0.05479390174150467 0.0004246699973009527
v 0.04604550078511238 0.052704598754644394 0.001428480027243495
v 0.04399390146136284 0.0543115995824337 0.0038449999410659075
v 0.04540089890360832 0.05324289947748184 -0.0019885599613189697
v -0.0476238988339901 0.05120920017361641 0.003096640110015869
v -0.04905709996819496 0.049653198570013046 0.005287449806928635
v -0.04986720159649849 0.049084700644016266 0.001987840048968792
v -0.046249400824308395 0.051637399941682816 0.009724490344524384
v -0.047483399510383606 0.05002230033278465 0.011962399818003178
v -0.048367299139499664 0.04986559972167015 0.008604169823229313
v -0.046991799026727676 0.051483798772096634 0.006418100092560053
v 0.01910419948399067 0.022924799472093582 -0.06332050263881683
v 0.018501300364732742 0.026099499315023422 -0.06226170063018799
v 0.01601490005850792 0.024258900433778763 -0.06367909908294678
v 0.023944899439811707 0.026478100568056107 -0.060212600976228714
v 0.020924000069499016 0.027877500280737877 -0.06070439890027046
v 0.02154969982802868 0.024730300530791283 -0.061838701367378235
v 0.023322800174355507 0.02955150045454502 -0.059014901518821716
v -0.0264274999499321 0.04363260045647621 0.04793519899249077
v -0.02699510008096695 0.0412713997066021 0.04967829957604408
v -0.02934350073337555 0.042249999940395355 0.04747520014643669
v -0.021810000762343407 0.04117560014128685 0.05223879963159561
v -0.022277699783444405 0.038814298808574677 0.053825199604034424
v -0.02468620054423809 0.04004500061273575 0.051836200058460236
v -0.024147100746631622 0.04245379939675331 0.050145700573921204
v 0.02246839925646782 0.039618998765945435 0.05315550044178963
v 0.02562279999256134 0.039312999695539474 0.051941901445388794
v 0.024442600086331367 0.03704189881682396 0.05413369834423065
v 0.02464199997484684 0.04372379928827286 0.04879559949040413
v 0.026708800345659256 0.04136449843645096 0.04975559934973717
v 0.02357959933578968 0.04171460121870041 0.05102840065956116
v 0.027732599526643753 0.043511901050806046 0.04730350151658058
v 0.023774800822138786 0.02950260043144226 0.05885880067944527
v 0.02509629912674427 0.03197740018367767 0.05698800086975098
v 0.02690800093114376 0.029194200411438942 0.05765119940042496
v 0.02041810005903244 0.034612998366355896 0.05731530115008354
v 0.023413199931383133 0.034531399607658386 0.05620859935879707
v 0.02211889997124672 0.03209039941430092 0.058146100491285324
v 0.02146879956126213 0.037160199135541916 0.05530110001564026
v 0.027245499193668365 0.023842599242925644 0.05990999937057495
v 0.025539599359035492 0.026703400537371635 0.059452999383211136
v 0.02864520065486431 0.02636069990694523 0.058177001774311066
v 0.033218998461961746 0.023055600002408028 0.057139601558446884
v 0.03026619926095009 0.023475399240851402 0.0585905984044075
v 0.031634699553251266 0.02596619911491871 0.0567891001701355
v 0.03458220139145851 0.025464000180363655 0.055277999490499496
v -0.04613019898533821 0.022718699648976326 0.047495998442173004
v -0.04685800150036812 0.02512509934604168 0.04553090035915375
v -0.044665999710559845 0.024751100689172745 0.04787829890847206
v -0.04988529905676842 0.02158850058913231 0.04410659894347191
v -0.048737701028585434 0.024559499695897102 0.04383460059762001
v -0.04804069921374321 0.022168800234794617 0.04583270102739334
v -0.05104399845004082 0.02495500072836876 0.040887098759412766
v -0.049298498779535294 0.026234300807118416 0.04220680147409439
v -0.050494398921728134 0.0232854001224041 0.04252190142869949
v -0.05114400014281273 0.02702520042657852 0.03941990062594414
v 0.04420680180191994 0.020464999601244926 0.05026869848370552
v 0.04287400096654892 0.023510899394750595 0.050090499222278595
v 0.045476898550987244 0.02267649956047535 0.04814179986715317
v 0.038877200335264206 0.021929699927568436 0.05392260104417801
v 0.04020639881491661 0.024244200438261032 0.05191979929804802
v 0.04158860072493553 0.02122120000422001 0.05215410143136978
v 0.037414200603961945 0.024900199845433235 0.0536670982837677
v -0.02005070075392723 0.0575467012822628 0.03444340080022812
v -0.023394299671053886 0.05634009838104248 0.03432929888367653
v -0.022135600447654724 0.05836400017142296 0.03168049827218056
v -0.022489400580525398 0.05317309871315956 0.03958339989185333
v -0.024615200236439705 0.054150599986314774 0.03690269961953163
v -0.0212980005890131 0.05543280020356178 0.03706210106611252
v -0.02575409971177578 0.05193439871072769 0.03923700004816055
v 0.04107829928398132 0.05529620125889778 -0.012446099892258644
v 0.041699301451444626 0.0542186014354229 -0.014883100055158138
v 0.043150801211595535 0.053858499974012375 -0.011716200038790703
v 0.042604900896549225 0.055135298520326614 -0.006701990030705929
v 0.04392020031809807 0.05378489941358566 -0.008843249641358852
v 0.044913798570632935 0.0534031018614769 -0.005555009935051203
v 0.04187940061092377 0.055265601724386215 -0.009582679718732834
v 0.0513824000954628 0.02295999974012375 0.0416254997253418
v 0.04906899854540825 0.023925499990582466 0.043815601617097855
v 0.050081901252269745 0.026024000719189644 0.04140720143914223
v 0.04913020133972168 0.018743500113487244 0.04620499908924103
v 0.04794050008058548 0.02181429974734783 0.04610690101981163
v 0.050312601029872894 0.020875100046396255 0.04396440088748932
v 0.04672060161828995 0.01962609961628914 0.04829069972038269
v 0.02368289977312088 0.0589476004242897 0.029399000108242035
v 0.02667129971086979 0.05851199850440025 0.02765830047428608
v 0.026265699416399002 0.057085901498794556 0.030843500047922134
v 0.022720899432897568 0.05583519861102104 0.03558360040187836
v 0.025783900171518326 0.05552750080823898 0.03393949940800667
v 0.02523539960384369 0.0538346990942955 0.036945801228284836
v 0.0232308991253376 0.05746300145983696 0.032531898468732834
v 0.024288000538945198 0.061416901648044586 0.02319600060582161
v 0.02697340026497841 0.05974629893898964 0.024552199989557266
v 0.02401299960911274 0.060251399874687195 0.026327699422836304
v 0.029385600239038467 0.06030169874429703 0.020004799589514732
v 0.032173700630664825 0.05843529850244522 0.02121729962527752
v 0.02951960079371929 0.059176698327064514 0.022950200363993645
v 0.026862500235438347 0.06091750040650368 0.02162110060453415
v 0.02150920033454895 0.05219100043177605 0.04139389842748642
v 0.022142399102449417 0.05408009886741638 0.03853650018572807
v 0.02462870068848133 0.052010100334882736 0.03985439985990524
v 0.026332199573516846 0.04782319813966751 0.04381269961595535
v 0.023950200527906418 0.050068698823451996 0.04265579953789711
v 0.027042999863624573 0.0498231016099453 0.041064999997615814
v 0.029381699860095978 0.047493498772382736 0.04220280051231384
v -0.0428944006562233 0.02073119953274727 0.05128629878163338
v -0.043069299310445786 0.023768899962306023 0.04980039969086647
v -0.04070660099387169 0.02294900082051754 0.05211830139160156
v -0.03832710161805153 0.01896830089390278 0.055418699979782104
v -0.040653400123119354 0.019870499148964882 0.05340849980711937
v -0.03842340037226677 0.02206829935312271 0.05419069901108742
v -0.03593359887599945 0.02114979922771454 0.05622690171003342
v 0.06473460048437119 0.020052000880241394 0.01753149926662445
v 0.06342840194702148 0.021965399384498596 0.019858499988913536
v 0.06384970247745514 0.02320059947669506 0.016880199313163757
v 0.06531549990177155 0.02247289940714836 0.011351400054991245
v 0.06509879976511002 0.021286599338054657 0.014457800425589085
v 0.0641402006149292 0.024412300437688828 0.013786599971354008
v 0.06429959833621979 0.025551099330186844 0.01061640027910471
v -0.06707180291414261 0.019974999129772186 -0.0015401099808514118
v -0.06626980006694794 0.022202299907803535 -0.003920940216630697
v -0.06608899682760239 0.023060999810695648 -0.0006551389815285802
v -0.06641499698162079 0.021561399102211 0.004914669785648584
v -0.06681949645280838 0.020791899412870407 0.0016892000567167997
v -0.06575950235128403 0.023854799568653107 0.0025759399868547916
v -0.0652804970741272 0.02459380030632019 0.005796580109745264
v -0.06714169681072235 0.01812940090894699 -0.007956979796290398
v -0.06630489975214005 0.0212785005569458 -0.007133080158382654
v -0.06718319654464722 0.01907389983534813 -0.004753959830850363
v -0.06518449634313583 0.02200469933450222 -0.012914000079035759
v -0.06533239781856537 0.023220999166369438 -0.009615509770810604
v -0.06623650342226028 0.020089300349354744 -0.010447099804878235
v -0.06419719755649567 0.025128399953246117 -0.012135899625718594
v -0.021348999813199043 0.0624874010682106 0.023228200152516365
v -0.022786099463701248 0.06083869934082031 0.02606620080769062
v -0.02472049929201603 0.061281900852918625 0.023096000775694847
v -0.01761540025472641 0.061106499284505844 0.029252300038933754
v -0.018854999914765358 0.059395600110292435 0.031884901225566864
v -0.020914699882268906 0.06014129891991615 0.029079200699925423
v -0.019508199766278267 0.06187929958105087 0.02627520076930523
v 0.00787345040589571 0.021621599793434143 -0.06610990315675735
v 0.010392899625003338 0.023606399074196815 -0.06507480144500732
v 0.007207930088043213 0.024759799242019653 -0.06507690250873566
v 0.01421399973332882 0.018838699907064438 -0.06590200215578079
v 0.016679199412465096 0.020906999707221985 -0.06468930095434189
v 0.013568599708378315 0.022216299548745155 -0.06497950106859207
v 0.011057299561798573 0.02025499939918518 -0.06608690321445465
v 0.0015301000094041228 0.02379230037331581 -0.0658148005604744
v 0.004707190208137035 0.02273309975862503 -0.06603819876909256
v 0.004032540135085583 0.025846099480986595 -0.06492850184440613
v 0.00015039800200611353 0.029867500066757202 -0.0633080005645752
v 0.0008412179886363447 0.0268607996404171 -0.06463579833507538
v 0.0033418999519199133 0.028887299820780754 -0.06367380172014236
v 0.0026106000877916813 0.031891901046037674 -0.06225829944014549
v -0.026065699756145477 0.062442999333143234 0.01792909950017929
v -0.023737899959087372 0.06254550069570541 0.020605100318789482
v -0.027070600539445877 0.06123410165309906 0.02043440006673336
v -0.031721699982881546 0.060129400342702866 0.016679000109434128
v -0.028922399505972862 0.061347100883722305 0.01732119917869568
v -0.029914500191807747 0.060103099793195724 0.01981770060956478
v -0.03303610160946846 0.05847389996051788 0.019733700901269913
v 0.05318570137023926 0.026995599269866943 0.03664030134677887
v 0.052343398332595825 0.02500619925558567 0.0391772985458374
v 0.05098450183868408 0.02804410085082054 0.03891170024871826
v 0.05034239962697029 0.03281509876251221 0.03590000048279762
v 0.0518203005194664 0.029937800019979477 0.03630959987640381
v 0.049560800194740295 0.030956899747252464 0.0385407991707325
v 0.04799329861998558 0.03389870002865791 0.03804619982838631
v 0.06358259916305542 0.01742519997060299 0.02352909930050373
v 0.06285560131072998 0.020651800557971 0.02286200039088726
v 0.06423100084066391 0.018759699538350105 0.020553499460220337
v 0.06072060018777847 0.021219700574874878 0.027617700397968292
v 0.06141180172562599 0.022547200322151184 0.024904100224375725
v 0.062213998287916183 0.01934180036187172 0.025599099695682526
v 0.059802599251270294 0.0242552999407053 0.02711700089275837
v 0.02122659981250763 0.024171600118279457 0.06217050179839134
v 0.022526999935507774 0.026868600398302078 0.06058559939265251
v 0.024261699989438057 0.02403249964118004 0.061104901134967804
v 0.01724429987370968 0.029559100046753883 0.0610647015273571
v 0.02053450047969818 0.029566699638962746 0.06003449857234955
v 0.019258100539445877 0.026897000148892403 0.06169020012021065
v 0.018855100497603416 0.03212679922580719 0.059265099465847015
v 0.02435920014977455 0.01858700066804886 0.06293769925832748
v 0.0228170994669199 0.02140199951827526 0.06262049823999405
v 0.025832099840044975 0.021239299327135086 0.061494700610637665
v 0.030410900712013245 0.01802770048379898 0.06041669845581055
v 0.027415400370955467 0.01832759939134121 0.061745401471853256
v 0.028860699385404587 0.02095869928598404 0.060231100767850876
v 0.031850699335336685 0.020564699545502663 0.058844100683927536
v 0.05565720051527023 0.02082730084657669 0.036993201822042465
v 0.053580399602651596 0.02191839925944805 0.03935379907488823
v 0.05448310077190399 0.02393849939107895 0.03685839846730232
v 0.053557299077510834 0.016791999340057373 0.04182879999279976
v 0.05252720043063164 0.01989779993891716 0.04177280142903328
v 0.05466869845986366 0.01883089914917946 0.03945539891719818
v 0.0513995997607708 0.01778710074722767 0.044064801186323166
v 0.02509159967303276 0.020161999389529228 -0.062160298228263855
v 0.02454650029540062 0.023346899077296257 -0.06125679984688759
v 0.022123200818896294 0.02156810089945793 -0.06281229853630066
v 0.02024790085852146 0.016461700201034546 -0.06495410203933716
v 0.02269580028951168 0.01833290047943592 -0.06363020092248917
v 0.01969899982213974 0.019716300070285797 -0.06421229988336563
v 0.017249800264835358 0.017669599503278732 -0.06549979746341705
v 0.029788799583911896 0.023543400689959526 -0.058807600289583206
v 0.026897599920630455 0.025039300322532654 -0.059578098356723785
v 0.027471600100398064 0.021877700462937355 -0.06055309996008873
v 0.02853650040924549 0.02973810024559498 -0.05658020079135895
v 0.026270799338817596 0.028140300884842873 -0.05846339836716652
v 0.029196100309491158 0.02667129971086979 -0.057760100811719894
v 0.02562049962580204 0.03118240088224411 -0.057194799184799194
v 0.002887380076572299 0.017638400197029114 -0.06767980009317398
v 0.005386359989643097 0.01965159922838211 -0.06696870177984238
v 0.0022111800499260426 0.02073819935321808 -0.0668208971619606
v 0.009129529818892479 0.015299100428819656 -0.06769479811191559
v 0.011684100143611431 0.017086999490857124 -0.06686940044164658
v 0.008511070162057877 0.018481099978089333 -0.06697770208120346
v 0.006015279795974493 0.016487399116158485 -0.06776420027017593
v -0.004864110145717859 0.025688299909234047 -0.06493420153856277
v -0.0016689300537109375 0.024768900126218796 -0.06545010209083557
v -0.0023595800157636404 0.027809999883174896 -0.06419529765844345
v -0.0034606698900461197 0.019509699195623398 -0.06713709980249405
v -0.0009663929813541472 0.021675899624824524 -0.06655240058898926
v -0.0041671800427138805 0.022624999284744263 -0.06611160188913345
v -0.0002869660092983395 0.018595000728964806 -0.06748440116643906
v 0.016449199989438057 0.05604400113224983 0.0385809987783432
v 0.019609199836850166 0.05600870028138161 0.03712809830904007
v 0.019002700224518776 0.05418439954519272 0.040036801248788834
v 0.017554599791765213 0.05941050127148628 0.03259190171957016
v 0.02016269974410534 0.057694099843502045 0.034129999577999115
v 0.01702290028333664 0.05779869854450226 0.03563050180673599
v 0.02064399980008602 0.05925159901380539 0.031033499166369438
v 0.016765499487519264 0.039085499942302704 0.05559900030493736
v 0.019636400043964386 0.03939120098948479 0.05443109944462776
v 0.018609000369906425 0.0368833988904953 0.05650949850678444
v 0.018090499565005302 0.043631501495838165 0.05166269838809967
v 0.02139420062303543 0.04373469948768616 0.05029480159282684
v 0.020298900082707405 0.04166509956121445 0.05245929956436157
v 0.017444899305701256 0.04139849916100502 0.05368280038237572
v 0.015177699737250805 0.052163198590278625 0.044143401086330414
v 0.015832699835300446 0.05416940152645111 0.04141249880194664
v 0.018365800380706787 0.05224059894680977 0.04282069951295853
v 0.020080899819731712 0.0480675995349884 0.04675750061869621
v 0.02082050032913685 0.050190601497888565 0.044129498302936554
v 0.02323490008711815 0.04800400137901306 0.0453404001891613
v 0.017650799825787544 0.05017640069127083 0.04550579935312271
v 0.05727440118789673 0.024402299895882607 0.03200269863009453
v 0.05652390047907829 0.022638099268078804 0.03453350067138672
v 0.055293500423431396 0.02572849951684475 0.03436100110411644
v 0.05472949892282486 0.030353199690580368 0.03135859966278076
v 0.0540148988366127 0.028704900294542313 0.03403560072183609
v 0.05259760096669197 0.0316212996840477 0.03366880118846893
v 0.056062500923871994 0.02740740031003952 0.03171490132808685
v 0.05742570012807846 0.01482119970023632 0.037183601409196854
v 0.05554879829287529 0.01582290045917034 0.03954700008034706
v 0.05659810081124306 0.01784209907054901 0.0371255986392498
v 0.05923689901828766 0.01837420091032982 0.032455798238515854
v 0.058388300240039825 0.016613900661468506 0.034853700548410416
v 0.05750489979982376 0.01962050050497055 0.03475949913263321
v 0.05831579864025116 0.021410299465060234 0.03226250037550926
v -0.03320330008864403 0.01720549911260605 0.059173498302698135
v -0.03336679935455322 0.020266100764274597 0.0581028014421463
v -0.03074749931693077 0.019240399822592735 0.05986979976296425
v -0.027829399332404137 0.015351600013673306 0.06236869841814041
v -0.03054950013756752 0.016296200454235077 0.06083720177412033
v -0.028054699301719666 0.01831050030887127 0.06146270036697388
v -0.02535579912364483 0.01716350018978119 0.06294839829206467
v -0.015765000134706497 0.05549110099673271 0.03965099900960922
v -0.019151899963617325 0.05440229922533035 0.039668500423431396
v -0.01793060079216957 0.05659069865942001 0.037094298750162125
v -0.014158399775624275 0.057651299983263016 0.037092700600624084
v -0.01630680076777935 0.058689799159765244 0.03449060022830963
v -0.015084899961948395 0.060462698340415955 0.03188579902052879
v -0.018068699166178703 0.05089469999074936 0.04453369975090027
v -0.020304599776864052 0.05209939926862717 0.04211150109767914
v -0.016938600689172745 0.053261201828718185 0.04214650020003319
v -0.024562900885939598 0.04844110086560249 0.04416019842028618
v -0.02355480007827282 0.05086899921298027 0.04192280024290085
v -0.021342100575566292 0.049729298800230026 0.04440170153975487
v -0.026794500648975372 0.04956969991326332 0.04153190180659294
v 0.04143359884619713 0.015879100188612938 0.054139699786901474
v 0.040199700742959976 0.018925299867987633 0.05409080162644386
v 0.0428679995238781 0.01819230057299137 0.052262499928474426
v 0.04654660075902939 0.014632799662649632 0.05019259825348854
v 0.04403870180249214 0.015272799879312515 0.052223801612854004
v 0.0454225018620491 0.017566600814461708 0.05028130114078522
v 0.04788669943809509 0.016705000773072243 0.04824740067124367
v 0.06689990311861038 0.016246600076556206 0.012666800059378147
v 0.06588929891586304 0.01816909946501255 0.015115699730813503
v 0.06618040055036545 0.019380999729037285 0.012022299692034721
v 0.06585299968719482 0.01408469956368208 0.019105099141597748
v 0.06477709859609604 0.01576939970254898 0.02133670076727867
v 0.06535939872264862 0.017085500061511993 0.018336700275540352
v 0.06645660102367401 0.01518389955163002 0.015905199572443962
v 0.06723970174789429 0.018345000222325325 0.006503209937363863
v 0.06714259833097458 0.017314499244093895 0.00959543976932764
v 0.06635250151157379 0.020431999117136 0.008937389589846134
v 0.0655084028840065 0.02414809912443161 0.005052139982581139
v 0.06643979996442795 0.0212676003575325 0.005783400032669306
v 0.06548299640417099 0.02333579957485199 0.008210670202970505
v 0.06440290063619614 0.02639240026473999 0.007463970221579075
v 0.03080260008573532 0.01715020090341568 -0.06047369912266731
v 0.030330300331115723 0.0203699991106987 -0.05970880016684532
v 0.02797890082001686 0.018677299842238426 -0.061386801302433014
v 0.02617879956960678 0.014002599753439426 -0.06339240074157715
v 0.025661800056695938 0.017100099474191666 -0.06284149736166
v 0.023239199072122574 0.015249200165271759 -0.06424490362405777
v 0.02851960062980652 0.015592300333082676 -0.06199609860777855
v 0.0342755988240242 0.026669500395655632 -0.054899200797080994
v 0.031442299485206604 0.028236400336027145 -0.05580399930477142
v 0.03206919878721237 0.025135399773716927 -0.056919001042842865
v 0.03536650165915489 0.020351100713014603 -0.056877501308918
v 0.03486109897494316 0.023537300527095795 -0.05595260113477707
v 0.03261509910225868 0.021972499787807465 -0.057909101247787476
v 0.03312170132994652 0.0187717005610466 -0.058741599321365356
v -0.018250899389386177 0.06531579792499542 0.017342200502753258
v -0.01982639916241169 0.0639868974685669 0.020312299951910973
v -0.022197799757122993 0.06399320065975189 0.017667099833488464
v -0.014619800262153149 0.06422159820795059 0.023703400045633316
v -0.0180066991597414 0.06343299895524979 0.0234948992729187
v -0.01645839959383011 0.06485950201749802 0.02055159956216812
v -0.016138000413775444 0.06274329870939255 0.026511300355196
v 0.016202600672841072 0.023811399936676025 0.0638004019856453
v 0.016741300001740456 0.026713600382208824 0.062498901039361954
v 0.018727999180555344 0.024008600041270256 0.06303050369024277
v 0.01853010058403015 0.01912429928779602 0.06473709642887115
v 0.019898299127817154 0.021669700741767883 0.06351760029792786
v 0.021465200930833817 0.018873700872063637 0.06389860063791275
v 0.017378900200128555 0.021483400836586952 0.06431519985198975
v 0.01126519963145256 0.03236290067434311 0.061038799583911896
v 0.014352500438690186 0.02803169935941696 0.06251580268144608
v 0.014270699582993984 0.030995499342679977 0.06111979857087135
v 0.011356599628925323 0.029429199174046516 0.062489598989486694
v 0.013823299668729305 0.025140300393104553 0.06385049968957901
v 0.01529760006815195 0.034823399037122726 0.058764901012182236
v 0.01787080056965351 0.0347433015704155 0.05808210000395775
v 0.016286300495266914 0.03222149983048439 0.059971101582050323
v 0.013290699571371078 0.0336167998611927 0.059943899512290955
v 0.014430900104343891 0.05945400148630142 0.03401440009474754
v 0.013877900317311287 0.05777030065655708 0.037013500928878784
v 0.010662299580872059 0.05759090185165405 0.0383354015648365
v 0.013253600336611271 0.05593210086226463 0.03994930163025856
v 0.012616800144314766 0.05398799851536751 0.042732998728752136
v -0.06817030161619186 0.01557410042732954 0.003202199935913086
v -0.0676954984664917 0.01779410056769848 0.0008319569751620293
v -0.06736460328102112 0.01858760043978691 0.0040627699345350266
v -0.0684966966509819 0.014067700132727623 -0.003209240036085248
v -0.06789000332355499 0.016115399077534676 -0.005588939879089594
v -0.06785299628973007 0.017038600519299507 -0.0023770900443196297
v -0.0684095025062561 0.014837300404906273 -3.5238199416198768e-06
v -0.0672483965754509 0.016913000494241714 0.009571109898388386
v -0.06778410077095032 0.016261499375104904 0.006393710151314735
v -0.06690680235624313 0.019258800894021988 0.007251029834151268
v -0.06517229974269867 0.02292739972472191 0.011265000328421593
v -0.0662837028503418 0.019942300394177437 0.01042960025370121
v -0.06586720049381256 0.022269299253821373 0.008098900318145752
v -0.06465689837932587 0.02527710050344467 0.008975209668278694
v -0.06660030037164688 0.015976600348949432 -0.014461999759078026
v -0.06596100330352783 0.019010400399565697 -0.013702300377190113
v -0.0669516995549202 0.017073599621653557 -0.011222999542951584
v -0.06839819997549057 0.011280699633061886 -0.00971749983727932
v -0.06758169829845428 0.013645299710333347 -0.012104500085115433
v -0.06785929948091507 0.014724399894475937 -0.008848899975419044
v -0.0685352012515068 0.012690399773418903 -0.006471650209277868
v -0.06459780037403107 0.019742900505661964 -0.018366700038313866
v -0.06494949758052826 0.02089259959757328 -0.01565439999103546
v -0.06565509736537933 0.017875000834465027 -0.016428399831056595
v -0.06248199939727783 0.02552269957959652 -0.018563199788331985
v -0.06391739845275879 0.023795099928975105 -0.01575930044054985
v -0.06286770105361938 0.026899399235844612 -0.014969299547374249
v -0.06360150128602982 0.02265479974448681 -0.01848280057311058
v 0.027385199442505836 0.01307309977710247 0.06308040022850037
v 0.02589840069413185 0.015846099704504013 0.0630728006362915
v 0.028928199782967567 0.015566599555313587 0.06181290000677109
v 0.021297499537467957 0.014204099774360657 0.06515099853277206
v 0.019930100068449974 0.016677899286150932 0.06499720364809036
v 0.022847900167107582 0.016409600153565407 0.06409910321235657
v 0.02436790056526661 0.013653500005602837 0.06418559700250626
v 0.030210299417376518 0.012737699784338474 0.061847299337387085
v 0.03172469884157181 0.015217499807476997 0.06051420047879219
v 0.03602150082588196 0.017152199521660805 0.0575173981487751
v 0.03325070068240166 0.017608199268579483 0.059028301388025284
v 0.03465820103883743 0.020125899463891983 0.05739130079746246
v 0.03453490138053894 0.014780200086534023 0.05906679853796959
v 0.016154199838638306 0.014922300353646278 0.06645579636096954
v 0.01735379919409752 0.017034700140357018 0.0656403973698616
v 0.018739599734544754 0.014573900029063225 0.0658515989780426
v 0.01540489960461855 0.019407600164413452 0.06546779721975327
v 0.014238599687814713 0.021751699969172478 0.06499329954385757
v 0.014214299619197845 0.017302699387073517 0.06632170081138611
v -0.028613200411200523 0.06297259777784348 0.010758000425994396
v -0.027380099520087242 0.06280110031366348 0.014364900067448616
v -0.030208099633455276 0.06163410097360611 0.013736999593675137
v -0.02358880080282688 0.06460530310869217 0.013027800247073174
v -0.0248492993414402 0.0635806992650032 0.015492199920117855
v -0.02612300030887127 0.06384280323982239 0.011902900412678719
v -0.020945299416780472 0.06503959745168686 0.015203500166535378
v 0.02420159988105297 0.012167800217866898 -0.06454630196094513
v 0.021237600594758987 0.013400999829173088 -0.06534049659967422
v 0.017762400209903717 0.014114700257778168 -0.06622140109539032
v 0.014741599559783936 0.015305000357329845 -0.06669670343399048
v 0.018730899319052696 0.011035500094294548 -0.0665384978055954
v 0.05397329851984978 0.03471130132675171 0.027964400127530098
v 0.05544310063123703 0.03183870017528534 0.028501899912953377
v 0.053312998265028 0.033254798501729965 0.030851999297738075
v 0.05681519955396652 0.02883259952068329 0.028995100408792496
v -0.006293899845331907 0.031565699726343155 -0.062160998582839966
v -0.0055853198282420635 0.0286593995988369 -0.06361950188875198
v -0.003075340064242482 0.030752500519156456 -0.06280779838562012
v -0.0038242200389504433 0.03361399844288826 -0.061281900852918625
v -0.0005984249874018133 0.032763898372650146 -0.06185600161552429
v 0.0018615799490362406 0.034754399210214615 -0.060734398663043976
v -0.009787710383534431 0.021231599152088165 -0.06598039716482162
v -0.006631690077483654 0.020393699407577515 -0.06663420051336288
v -0.007334379944950342 0.023486999794840813 -0.06553290039300919
v -0.01121750008314848 0.02715419977903366 -0.06353600323200226
v -0.01051419973373413 0.02421949990093708 -0.0648294985294342
v -0.008049920201301575 0.026451200246810913 -0.06430809944868088
v -0.008765880018472672 0.029394099488854408 -0.06292170286178589
v -0.008259139955043793 0.015162800438702106 -0.06783709675073624
v -0.0058662500232458115 0.017355099320411682 -0.06756030023097992
v -0.00903324969112873 0.018216999247670174 -0.06698159873485565
v 0.000460863986518234 0.015462099574506283 -0.06826940178871155
v -0.0027167201042175293 0.016398800536990166 -0.06799779832363129
v -0.0051186601631343365 0.014223000034689903 -0.06834840029478073
v -0.016088999807834625 0.022713899612426758 -0.06422790139913559
v -0.012953200377523899 0.021997999399900436 -0.0651789978146553
v -0.013668499886989594 0.02496200054883957 -0.06395360082387924
v -0.014572899788618088 0.016764499247074127 -0.06638210266828537
v -0.012193700298666954 0.019018899649381638 -0.06625399738550186
v -0.015347500331699848 0.019760599359869957 -0.06537559628486633
v -0.011428999714553356 0.015981800854206085 -0.06718599796295166
v -0.01744689978659153 0.02854599989950657 -0.061487700790166855
v -0.016786500811576843 0.02565840072929859 -0.06292740255594254
v -0.014348600059747696 0.027882099151611328 -0.06258360296487808
v -0.012729099951684475 0.03279560059309006 -0.06051789969205856
v -0.015103899873793125 0.030703099444508553 -0.06106710061430931
v -0.011986499652266502 0.030007999390363693 -0.06209539994597435
v -0.009522579610347748 0.03221819922327995 -0.06141100078821182
v -0.02225000038743019 0.023995500057935715 -0.0618802011013031
v -0.019191600382328033 0.023381700739264488 -0.06312669813632965
v -0.019870700314641 0.026300199329853058 -0.06175319850444794
v -0.02083059959113598 0.018119100481271744 -0.06432560086250305
v -0.018480399623513222 0.020439300686120987 -0.06434839963912964
v -0.0215636994689703 0.021080199629068375 -0.0631714016199112
v -0.017722200602293015 0.017462000250816345 -0.06542939692735672
v -0.023407800123095512 0.030096299946308136 -0.05870509892702103
v -0.0228572990745306 0.027079500257968903 -0.06036759912967682
v -0.020451199263334274 0.029355399310588837 -0.06016650050878525
v -0.018502499908208847 0.034515801817178726 -0.05801999941468239
v -0.02097879908978939 0.03234240040183067 -0.05842820182442665
v -0.017997099086642265 0.0315701998770237 -0.05982830002903938
v -0.01563280075788498 0.03369230031967163 -0.05933329835534096
v -0.028181999921798706 0.025189900770783424 -0.058917298913002014
v -0.025245200842618942 0.024621199816465378 -0.060468800365924835
v -0.025825800374150276 0.02767620049417019 -0.05888170003890991
v -0.026826899498701096 0.01924240030348301 -0.06172560155391693
v -0.024565700441598892 0.021642999723553658 -0.06187169998884201
v -0.027536099776625633 0.022241700440645218 -0.06039100140333176
v -0.023855499923229218 0.01870179921388626 -0.06309639662504196
v -0.029222900047898293 0.031108900904655457 -0.05548210069537163
v -0.02873760089278221 0.02818389981985092 -0.05726969987154007
v -0.02634580060839653 0.030637899413704872 -0.05715959891676903
v -0.026711199432611465 0.033348698168992996 -0.05544710159301758
v -0.023798000067472458 0.03283869847655296 -0.057055000215768814
v -0.021341999992728233 0.035049598664045334 -0.056710198521614075
v -0.033910300582647324 0.025995099917054176 -0.0554467998445034
v -0.03108219988644123 0.025622300803661346 -0.05724849924445152
v -0.031605400145053864 0.02858709916472435 -0.055532701313495636
v -0.03262669965624809 0.02018200047314167 -0.058550700545310974
v -0.03043930046260357 0.022711999714374542 -0.058801498264074326
v -0.033306799829006195 0.02311520092189312 -0.057064399123191833
v -0.02976059913635254 0.0197346992790699 -0.06020670011639595
v -0.03488200157880783 0.03160180151462555 -0.051812801510095596
v -0.03443619981408119 0.028831999748945236 -0.053692299872636795
v -0.032089900225400925 0.03139200061559677 -0.053710199892520905
v -0.03234180063009262 0.03424910083413124 -0.05177849903702736
v -0.029503699392080307 0.03399699926376343 -0.05360719934105873
v -0.039339400827884674 0.02653609961271286 -0.051461100578308105
v -0.036667600274086 0.02629620023071766 -0.05351629853248596
v -0.037154000252485275 0.029102899134159088 -0.051697198301553726
v -0.03818640112876892 0.02083210088312626 -0.05484360083937645
v -0.036090098321437836 0.02344070002436638 -0.05520910024642944
v -0.03880779817700386 0.02371150068938732 -0.053213901817798615
v -0.03544729948043823 0.02053070068359375 -0.05676250159740448
v -0.04001320153474808 0.03177449852228165 -0.047846898436546326
v -0.03971780091524124 0.02918579988181591 -0.049706000834703445
v -0.03748780116438866 0.0317222997546196 -0.04988349974155426
v -0.035367999225854874 0.03686229884624481 -0.04785680025815964
v -0.03516409918665886 0.03427020087838173 -0.04989029839634895
v -0.03257859870791435 0.03687560185790062 -0.04978780075907707
v -0.03773630037903786 0.034359999001026154 -0.047909900546073914
v -0.043401699513196945 0.021227899938821793 -0.0506523996591568
v -0.04084090143442154 0.02105420082807541 -0.052808601409196854
v -0.04141850024461746 0.02390969917178154 -0.05111590027809143
v -0.04435820132493973 0.02681810036301613 -0.04704400151968002
v -0.043930601328611374 0.024050800129771233 -0.048904601484537125
v -0.041896700859069824 0.02670760080218315 -0.0493088997900486
v -0.04223319888114929 0.029329299926757812 -0.047498900443315506
v -0.042045898735523224 0.015653200447559357 -0.053731899708509445
v -0.040160201489925385 0.018262699246406555 -0.05434729903936386
v -0.04277009889483452 0.018460599705576897 -0.05224870145320892
v -0.03666060045361519 0.015251999720931053 -0.05764869973063469
v -0.0374629981815815 0.01806109957396984 -0.056305598467588425
v -0.03939799964427948 0.015470200218260288 -0.05575359985232353
v -0.03468029946088791 0.01773569919168949 -0.05816119909286499
v -0.048204999417066574 0.021442299708724022 -0.0460054986178875
v -0.045855700969696045 0.021359499543905258 -0.048384200781583786
v -0.04633450135588646 0.024157799780368805 -0.046578001230955124
v -0.04700310155749321 0.015985000878572464 -0.04934769868850708
v -0.04525110125541687 0.01862649992108345 -0.05005389824509621
v -0.04765560105443001 0.018734000623226166 -0.047728199511766434
v -0.044574398547410965 0.01583690010011196 -0.05159759894013405
v -0.0489622987806797 0.02688639983534813 -0.04218779876828194
v -0.04863930121064186 0.024191999807953835 -0.044147100299596786
v -0.04671360179781914 0.026883000507950783 -0.04466700181365013
v -0.044860899448394775 0.031683698296546936 -0.043400999158620834
v -0.04696109890937805 0.029315900057554245 -0.04283960163593292
v -0.04465189948678017 0.029278699308633804 -0.045265499502420425
v -0.04248400032520294 0.0317642018198967 -0.0456743985414505
v -0.052587199956178665 0.02139890007674694 -0.04094719886779785
v -0.050453800708055496 0.021445099264383316 -0.04352610185742378
v -0.050832901149988174 0.024170299991965294 -0.04161509871482849
v -0.05157199874520302 0.016023600473999977 -0.04453729838132858
v -0.04994320124387741 0.018753500655293465 -0.04532089829444885
v -0.05213660001754761 0.018731700256466866 -0.042789001017808914
v -0.04934300109744072 0.016022300347685814 -0.04699530079960823
v -0.05322059988975525 0.026360100135207176 -0.037050098180770874
v -0.05295820161700249 0.023903999477624893 -0.039038799703121185
v -0.05115000158548355 0.026653699576854706 -0.03966439887881279
v -0.049453798681497574 0.032085198909044266 -0.037747401744127274
v -0.05139949917793274 0.0292579997330904 -0.0374440997838974
v -0.04926709830760956 0.02952120080590248 -0.04001560062170029
v -0.04722150042653084 0.03192780166864395 -0.04062940180301666
v -0.05652150139212608 0.02100669965147972 -0.03555329889059067
v -0.05461670085787773 0.021227000281214714 -0.038293998688459396
v -0.0549296997487545 0.023708699271082878 -0.03634050115942955
v -0.055684998631477356 0.01588590070605278 -0.03932959958910942
v -0.05419500172138214 0.018662700429558754 -0.040182098746299744
v -0.05616230145096779 0.01846569962799549 -0.03748080134391785
v -0.0536888986825943 0.015972699970006943 -0.04198060184717178
v -0.05691710114479065 0.02589930035173893 -0.03145889937877655
v -0.056778598576784134 0.023477500304579735 -0.03354109823703766
v -0.05513240024447441 0.026159800589084625 -0.03429409861564636
v -0.05376030132174492 0.03020480088889599 -0.03312860056757927
v -0.055382899940013885 0.02807449921965599 -0.032319601625204086
v -0.05353200063109398 0.02830439992249012 -0.03511660173535347
v -0.05166430026292801 0.031179599463939667 -0.035477299243211746
v -0.05992579832673073 0.02050730027258396 -0.029805200174450874
v -0.058290399610996246 0.02078079991042614 -0.032716698944568634
v -0.05848250165581703 0.023227499797940254 -0.030664000660181046
v -0.05931809917092323 0.0155434999614954 -0.033760398626327515
v -0.05798029899597168 0.01829420030117035 -0.034693099558353424
v -0.0596839003264904 0.01804419979453087 -0.031815800815820694
v -0.057566698640584946 0.015732500702142715 -0.036586400121450424
v -0.031090499833226204 0.014390300028026104 -0.061043400317430496
v -0.028989899903535843 0.016834400594234467 -0.06145070120692253
v -0.03189289942383766 0.01730480045080185 -0.05986139923334122
v -0.023104099556803703 0.01571810059249401 -0.06418050080537796
v -0.026104699820280075 0.0162797998636961 -0.06287699937820435
v -0.028238900005817413 0.013851099647581577 -0.06253570318222046
v -0.05992500111460686 0.02560329996049404 -0.025562899187207222
v -0.059992700815200806 0.023081200197339058 -0.027715099975466728
v -0.05848659947514534 0.025780199095606804 -0.02854290045797825
v -0.0581418015062809 0.028662599623203278 -0.02641949988901615
v -0.05663369968533516 0.028809700161218643 -0.029370399191975594
v -0.055041298270225525 0.030958600342273712 -0.030199799686670303
v -0.06267230212688446 0.019985100254416466 -0.023932699114084244
v -0.06136529892683029 0.020268099382519722 -0.02689800038933754
v -0.06136409938335419 0.02281850017607212 -0.024774199351668358
v -0.06239910051226616 0.01501460000872612 -0.0279449000954628
v -0.061224598437547684 0.017779000103473663 -0.028904300183057785
v -0.0626010000705719 0.017518099397420883 -0.025965899229049683
v -0.0609264001250267 0.015296099707484245 -0.030887000262737274
v 0.014899799600243568 0.0608195997774601 0.03128860145807266
v 0.017191199585795403 0.062491800636053085 0.026443099603056908
v 0.02047020010650158 0.06081819906830788 0.027966400608420372
v 0.01739400066435337 0.06102500110864639 0.029553299769759178
v 0.014715700410306454 0.0623525008559227 0.0282065998762846
v 0.03328629955649376 0.03239160031080246 -0.0523717999458313
v 0.03094879910349846 0.03110240027308464 -0.054541900753974915
v 0.03381559997797012 0.02956080064177513 -0.05369050055742264
v 0.028025100007653236 0.03264530003070831 -0.055216699838638306
v 0.03040499985218048 0.033976200968027115 -0.053114499896764755
v 0.025080399587750435 0.03406060114502907 -0.055775001645088196
v 0.03967079892754555 0.02335909940302372 -0.05273120105266571
v 0.03701550140976906 0.025042900815606117 -0.05387679859995842
v 0.03756149858236313 0.021880099549889565 -0.05486699938774109
v 0.038726501166820526 0.029020100831985474 -0.05057759955525398
v 0.036542098969221115 0.027876099571585655 -0.052797701209783554
v 0.03923629969358444 0.02621470019221306 -0.05170400068163872
v 0.03604710102081299 0.03074049949645996 -0.0515328012406826
v 0.04058289900422096 0.016980400308966637 -0.05444899946451187
v 0.04017249867320061 0.020192699506878853 -0.053651001304388046
v 0.03801789879798889 0.01868700049817562 -0.05572649836540222
v 0.0384100005030632 0.01528790034353733 -0.05648849904537201
v 0.035800501704216 0.01697620004415512 -0.057707298547029495
v 0.0335129015147686 0.015372400172054768 -0.059502698481082916
v 0.0446816012263298 0.019858699291944504 -0.05009179934859276
v 0.04222390055656433 0.02163339965045452 -0.051469799131155014
v 0.042680300772190094 0.018440300598740578 -0.052329301834106445
v 0.04361040145158768 0.025728199630975723 -0.04833419993519783
v 0.04168359935283661 0.02456899918615818 -0.050585001707077026
v 0.04418959841132164 0.022816000506281853 -0.04926170036196709
v 0.041210200637578964 0.02740189991891384 -0.04950610175728798
v -0.011831600219011307 0.03534639999270439 0.05925070121884346
v -0.014670600183308125 0.036448199301958084 0.05793359875679016
v -0.017896700650453568 0.03869270160794258 0.055521100759506226
v -0.01759910024702549 0.03654389828443527 0.057050999253988266
v -0.020316900685429573 0.037567198276519775 0.05546100065112114
v -0.014977900311350822 0.038617100566625595 0.05643029883503914
v 0.06399890035390854 0.014374899677932262 0.024443799629807472
v 0.06514780223369598 0.012705300003290176 0.02223379909992218
v 0.061986301094293594 0.015971500426530838 0.028330199420452118
v 0.0628288984298706 0.016710199415683746 0.025947999209165573
v 0.06319200247526169 0.013645599596202374 0.026843499392271042
v 0.061399899423122406 0.018609700724482536 0.027995100244879723
v 0.045130301266908646 0.016565799713134766 -0.05088059976696968
v 0.04307819902896881 0.01512490026652813 -0.05306129902601242
v 0.0409001000225544 0.013768600299954414 -0.0551145002245903
v 0.04836580157279968 0.022179000079631805 -0.045484498143196106
v 0.046039000153541565 0.023980099707841873 -0.04696130007505417
v 0.04657150059938431 0.021040400490164757 -0.04783720150589943
v 0.049245499074459076 0.01609780080616474 -0.04707169905304909
v 0.04885590076446533 0.019158100709319115 -0.046325698494911194
v 0.04701640084385872 0.017998499795794487 -0.04863649979233742
v 0.04740989953279495 0.014681600034236908 -0.0493634007871151
v 0.04673440009355545 0.02723490074276924 -0.044431399554014206
v 0.04520390182733536 0.026499999687075615 -0.04641510173678398
v 0.04758580029010773 0.024725399911403656 -0.04499160125851631
v 0.04285059869289398 0.03075830079615116 -0.04601909965276718
v 0.040831100195646286 0.029920300468802452 -0.048348698765039444
v 0.043264999985694885 0.02826569974422455 -0.04721429944038391
v 0.044826898723840714 0.02901880070567131 -0.04525990039110184
v 0.052776798605918884 0.01860780082643032 -0.04205179959535599
v 0.05062820017337799 0.020416300743818283 -0.04381740093231201
v 0.0510684996843338 0.01737230084836483 -0.04461180046200752
v 0.05111749842762947 0.025662900879979134 -0.040353599935770035
v 0.04980019852519035 0.023949099704623222 -0.04296949878334999
v 0.05202079936861992 0.022166699171066284 -0.04126109927892685
v 0.04897389933466911 0.02647479996085167 -0.042433999478816986
v -0.03591110184788704 0.04462150111794472 0.04024070128798485
v -0.030591899529099464 0.045846499502658844 0.04315349832177162
v -0.03286819905042648 0.046515900641679764 0.04069339856505394
v -0.029806500300765038 0.048259999603033066 0.04101879894733429
v -0.03367789834737778 0.044015299528837204 0.042760398238897324
v -0.019003499299287796 0.03657830134034157 -0.056576501578092575
v -0.014067200012505054 0.03828909993171692 -0.056886300444602966
v -0.016299499198794365 0.03643520176410675 -0.0575047992169857
v -0.013413599692285061 0.03558339923620224 -0.05876990035176277
v -0.016787100583314896 0.0384724996984005 -0.0560184009373188
v -0.03446120023727417 0.058425698429346085 -0.01728780008852482
v -0.03719000145792961 0.0573526993393898 -0.015085499733686447
v -0.037376001477241516 0.05622490122914314 -0.018487699329853058
v -0.03547719866037369 0.05674299970269203 -0.020532900467514992
v -0.038314901292324066 0.05441870167851448 -0.02169260010123253
v -0.03414899855852127 0.060231901705265045 -0.01029369980096817
v -0.03703539818525314 0.05825959891080856 -0.011584199965000153
v -0.03435099869966507 0.059408098459243774 -0.013809200376272202
v -0.039104901254177094 0.05776770040392876 -0.005804960150271654
v -0.04179700091481209 0.055713001638650894 -0.007005619816482067
v -0.039514098316431046 0.05702169984579086 -0.00933596957474947
v -0.03667449951171875 0.059076398611068726 -0.008059769868850708
v -0.02882939949631691 0.06125330179929733 -0.017801599577069283
v -0.03299880027770996 0.05812159925699234 -0.020807700231671333
v -0.031677599996328354 0.05990060046315193 -0.01756259985268116
v -0.030181199312210083 0.059542298316955566 -0.02106669917702675
v -0.03142080083489418 0.06083479896187782 -0.01455559954047203
v -0.03295990079641342 0.05966449901461601 -0.015930799767374992
v -0.030138500034809113 0.06107119843363762 -0.01618579961359501
v -0.032806698232889175 0.06057349964976311 -0.012432900257408619
v -0.043647401034832 0.05471409857273102 -0.001125889946706593
v -0.0440714992582798 0.05418450012803078 -0.0046630301512777805
v -0.0414309985935688 0.05631539970636368 -0.003470019903033972
v -0.04637189954519272 0.052082598209381104 -0.006086790002882481
v -0.046011898666620255 0.052691500633955 -0.0025524001102894545
v -0.03813080117106438 0.058688998222351074 0.0012828899780288339
v -0.04094349965453148 0.056777000427246094 7.860390178393573e-05
v -0.038669198751449585 0.05830579996109009 -0.002264040056616068
v -0.03578510135412216 0.06015229970216751 -0.0010626199655234814
v -0.0362728014588356 0.05969100072979927 -0.0046113100834190845
v -0.033789001405239105 0.06092020124197006 -0.006858170032501221
v -0.03324479982256889 0.0604901984333992 0.011649900116026402
v -0.030951399356126785 0.06177619844675064 0.011212100274860859
v -0.032506201416254044 0.06035250052809715 0.014174399897456169
v -0.0347013995051384 0.05849179998040199 0.016568800434470177
v -0.035472698509693146 0.05868690088391304 0.014054800383746624
v 0.0399308018386364 0.056379299610853195 0.011265099979937077
v 0.042483601719141006 0.05422329902648926 0.012449000030755997
v 0.04006899893283844 0.05548520013689995 0.014692599885165691
v 0.04467320069670677 0.052870698273181915 0.010440099984407425
v 0.042170800268650055 0.05509699881076813 0.009270509704947472
v 0.034841299057006836 0.05864270031452179 0.015719899907708168
v 0.03743460029363632 0.05758579820394516 0.013509999960660934
v 0.03752150014042854 0.056619200855493546 0.016923200339078903
v 0.03490360081195831 0.057602301239967346 0.019071299582719803
v 0.0375388003885746 0.055503200739622116 0.02025430090725422
v 0.03446739912033081 0.06029549986124039 0.008743380196392536
v 0.03724810108542442 0.05841429904103279 0.010017399676144123
v 0.034699998795986176 0.05954749882221222 0.012247799895703793
v 0.039421699941158295 0.05769230052828789 0.004186950158327818
v 0.039729099720716476 0.057111699134111404 0.007736300118267536
v 0.03699380159378052 0.059072401374578476 0.006473769899457693
v 0.04192329943180084 0.05576400086283684 0.00572860985994339
v 0.053158000111579895 0.015547599643468857 -0.042807698249816895
v 0.0513949990272522 0.014292499981820583 -0.04532409831881523
v 0.04969469830393791 0.012940100394189358 -0.04757089912891388
v 0.05583290010690689 0.021110599860548973 -0.036565400660037994
v 0.05355359986424446 0.023421000689268112 -0.03851579874753952
v 0.05436829850077629 0.01988239958882332 -0.03935449942946434
v 0.05656500160694122 0.014988499693572521 -0.03841549903154373
v 0.05625849962234497 0.018068699166178703 -0.03753010183572769
v 0.0547276996076107 0.01681560091674328 -0.04027549922466278
v 0.05505619943141937 0.013736600056290627 -0.04098929837346077
v 0.05450430139899254 0.027286000549793243 -0.0344201996922493
v 0.05287750065326691 0.026507800444960594 -0.03743400052189827
v 0.055231399834156036 0.024225899949669838 -0.035533200949430466
v 0.050916701555252075 0.028317799791693687 -0.038802001625299454
v 0.052608899772167206 0.029128599911928177 -0.03583059832453728
v 0.04903959855437279 0.02875320054590702 -0.04084569960832596
v 0.04681430011987686 0.029520999640226364 -0.04285949841141701
v 0.0584086999297142 0.023258699104189873 -0.03078090026974678
v 0.05652099847793579 0.025301199406385422 -0.03263780102133751
v 0.057186100631952286 0.022210000082850456 -0.03371160104870796
v 0.05947450175881386 0.017059199512004852 -0.03273789957165718
v 0.05900689959526062 0.02018130011856556 -0.03179460018873215
v 0.057718999683856964 0.01910649985074997 -0.03469090163707733
v 0.05808639898896217 0.016042200848460197 -0.03561760112643242
v 0.05681449919939041 0.02934589982032776 -0.02847680076956749
v 0.05572329834103584 0.028348499909043312 -0.03148460015654564
v 0.057677701115608215 0.026332499459385872 -0.02966279909014702
v 0.053625598549842834 0.030318299308419228 -0.033243000507354736
v 0.05478199943900108 0.03134949877858162 -0.030267799273133278
v 0.060470100492239 0.025179700925946236 -0.024685099720954895
v 0.058709900826215744 0.027294199913740158 -0.026611600071191788
v 0.05950789898633957 0.024247100576758385 -0.027765000239014626
v 0.061781998723745346 0.018989499658346176 -0.02687709964811802
v 0.06119609996676445 0.022109899669885635 -0.02581069990992546
v 0.0601641982793808 0.021148299798369408 -0.02886199951171875
v 0.060695499181747437 0.018044300377368927 -0.02984059974551201
v 0.057717300951480865 0.030389999970793724 -0.02539999969303608
v 0.05955110117793083 0.028306400403380394 -0.0235034991055727
v 0.05357300117611885 0.03426159918308258 -0.02925870008766651
v 0.05568020045757294 0.032297901809215546 -0.027505699545145035
v 0.06356780230998993 0.0207528006285429 -0.02069910056889057
v 0.062090400606393814 0.022992700338363647 -0.02271829918026924
v 0.06274610012769699 0.019893700256943703 -0.023815199732780457
v 0.06196640059351921 0.026859799399971962 -0.018404200673103333
v 0.06128789857029915 0.0260492991656065 -0.021569199860095978
v 0.06283950060606003 0.02383369952440262 -0.019574200734496117
v 0.0602990984916687 0.02914690040051937 -0.020358800888061523
v 0.06462209671735764 0.014856100082397461 -0.022433800622820854
v 0.06415870040655136 0.01782209984958172 -0.021587900817394257
v 0.06327459961175919 0.01694219931960106 -0.024683799594640732
v 0.06381309777498245 0.013358100317418575 -0.025484399870038033
v 0.06240110099315643 0.015429800376296043 -0.027713200077414513
v 0.06124880164861679 0.0144640002399683 -0.030649300664663315
v 0.06476440280675888 0.02236800082027912 -0.01432649977505207
v 0.06343770027160645 0.02464199997484684 -0.016383999958634377
v 0.06423930078744888 0.021585000678896904 -0.017532799392938614
v 0.06607969850301743 0.016331499442458153 -0.01633249968290329
v 0.06549260020256042 0.01937060058116913 -0.015345999971032143
v 0.06489820033311844 0.018563399091362953 -0.01853710040450096
v 0.06542029976844788 0.01561030000448227 -0.019403699785470963
v 0.0628867968916893 0.02833070047199726 -0.011942699551582336
v 0.062497999519109726 0.027626799419522285 -0.015190799720585346
v 0.06389860063791275 0.025378400459885597 -0.01314959954470396
v 0.06092020124197006 0.02994929999113083 -0.01708110049366951
v 0.06137499958276749 0.030682699754834175 -0.01384500041604042
v 0.06539980322122574 0.023709500208497047 -0.007792959921061993
v 0.06421680003404617 0.0260499007999897 -0.009879129938781261
v 0.06515669822692871 0.023065200075507164 -0.011072400026023388
v 0.06697270274162292 0.017659299075603485 -0.010139100253582
v 0.06626170128583908 0.02070789970457554 -0.00897626020014286
v 0.06594359874725342 0.020036499947309494 -0.012246799655258656
v 0.06659580022096634 0.017013100907206535 -0.013249600306153297
v 0.06349589675664902 0.02902109920978546 -0.005103969946503639
v 0.06326819956302643 0.028710799291729927 -0.008533690124750137
v 0.06451209634542465 0.02639159932732582 -0.006454899907112122
v 0.06082890182733536 0.03347359970211983 -0.008908900432288647
v 0.06034810096025467 0.03325890004634857 -0.012326999567449093
v 0.06192079931497574 0.030933599919080734 -0.010436399839818478
v 0.06222809851169586 0.03128039836883545 -0.007013849914073944
v 0.06728140264749527 0.018930699676275253 -0.0038529199082404375
v 0.06641159951686859 0.021342899650335312 -0.0058291698805987835
v 0.06719779968261719 0.0183143001049757 -0.007003400009125471
v 0.06551630049943924 0.02462100051343441 -0.0011901999823749065
v 0.06553240120410919 0.024192700162529945 -0.004496680106967688
v 0.06647109985351562 0.0217995997518301 -0.0025243000127375126
v 0.06457000225782394 0.0268475990742445 -0.003150200005620718
v 0.06812640279531479 0.01547740027308464 -0.004386079963296652
v 0.06799150258302689 0.014845100231468678 -0.007535490207374096
v 0.06799469888210297 0.011493000201880932 -0.012026400305330753
v 0.0684833973646164 0.011753600090742111 -0.008478210307657719
v 0.0675572007894516 0.014592000283300877 -0.011094899848103523
v 0.0671154037117958 0.01392850000411272 -0.014196000061929226
v 0.06696750223636627 0.02032109908759594 0.0015503099421039224
v 0.0662894994020462 0.022487200796604156 0.00018018500122707337
v 0.06717800348997116 0.01964160054922104 -0.0011522299610078335
v 0.06831379979848862 0.01520679984241724 0.0014037300134077668
v 0.06787130236625671 0.01708739995956421 -0.0012259300565347075
v 0.06864120066165924 0.013612600043416023 -0.0017542199930176139
v 0.06768900156021118 0.017776699736714363 0.0014780800556764007
v 0.06436699628829956 0.027506599202752113 0.000522891990840435
v 0.06336429715156555 0.029713600873947144 -0.0014367100084200501
v 0.06436599791049957 0.027271099388599396 0.0036482398863881826
v 0.06557799875736237 0.024408899247646332 0.00193290994502604
v 0.066287100315094 0.022251099348068237 0.0033036700915545225
v 0.05438710004091263 0.013870700262486935 0.0418286994099617
v 0.05632970109581947 0.012885799631476402 0.03950849920511246
v 0.05109909921884537 0.012942800298333168 0.046058300882577896
v 0.050162799656391144 0.015858300030231476 0.04617590084671974
v 0.052379999309778214 0.014882099814713001 0.04398699849843979
v 0.053159501403570175 0.011944799683988094 0.043947599828243256
v -0.014871399849653244 0.05198010057210922 0.044462498277425766
v -0.013717999681830406 0.05428009852766991 0.04201769828796387
v -0.009992389939725399 0.05660799890756607 0.03994610160589218
v -0.012890099547803402 0.05609919875860214 0.03983379900455475
v -0.011265399865806103 0.05819699913263321 0.037231698632240295
v -0.010825599543750286 0.054825201630592346 0.042154498398303986
v -0.02024330012500286 0.04607149958610535 0.04865819960832596
v -0.0224286001175642 0.04731009900569916 0.04646199941635132
v -0.01917799934744835 0.048538900911808014 0.04664960131049156
v -0.01647390052676201 0.047012798488140106 0.049177300184965134
v -0.015385899692773819 0.04943139851093292 0.04711490124464035
v -0.02552179992198944 0.046084899455308914 0.046095799654722214
v -0.02336210012435913 0.04490330070257187 0.04835189878940582
v -0.02760850079357624 0.047196898609399796 0.043706100434064865
v -0.028542600572109222 0.044791098684072495 0.0455969013273716
v -0.06267239898443222 0.022788500413298607 -0.021280299872159958
v -0.061290398240089417 0.025599300861358643 -0.022094400599598885
v -0.06097700074315071 0.027858300134539604 -0.02014249935746193
v -0.05968970060348511 0.02789519913494587 -0.023643100634217262
v -0.06369160115718842 0.0198816005140543 -0.021168500185012817
v -0.06394889950752258 0.014360999688506126 -0.024582400918006897
v -0.06408269703388214 0.016849100589752197 -0.02257240004837513
v -0.06503109633922577 0.01672380045056343 -0.019780699163675308
v -0.06702650338411331 0.01315240003168583 -0.015312200412154198
v -0.06793980300426483 0.010804399847984314 -0.012940299697220325
v -0.06604450196027756 0.014840899966657162 -0.01782909967005253
v 0.02912450022995472 0.06227149814367294 0.013191799633204937
v 0.031838398426771164 0.06136529892683029 0.010982300154864788
v 0.03202560171484947 0.06053780019283295 0.014475200325250626
v 0.029292700812220573 0.06136550009250641 0.016619699075818062
v 0.032155200839042664 0.05954959988594055 0.01788559928536415
v -0.042469799518585205 0.055323000997304916 0.005973509978502989
v -0.043115999549627304 0.05509189888834953 0.0024270399007946253
v -0.04035399854183197 0.057082001119852066 0.003633040003478527
v -0.04568919911980629 0.0530238002538681 0.0009865299798548222
v -0.045106399804353714 0.053336601704359055 0.004541079979389906
v -0.04800739884376526 0.05094210058450699 -0.00043865101179108024
v -0.0376507006585598 0.058365598320961 0.008710850030183792
v -0.040101200342178345 0.05690240114927292 0.007349680177867413
v -0.037944499403238297 0.058610398322343826 0.005003959871828556
v -0.035289499908685684 0.06006459891796112 0.006847729906439781
v -0.03553200140595436 0.06023029983043671 0.003129420103505254
v -0.04191169887781143 0.054823100566864014 0.011740200221538544
v -0.04222720116376877 0.055120598524808884 0.008864490315318108
v -0.0398217998445034 0.056651998311281204 0.010235900059342384
v -0.04440709948539734 0.05353749915957451 0.007857410237193108
v -0.044117800891399384 0.053275201469659805 0.010741399601101875
v -0.030769599601626396 0.06237979978322983 0.00787368044257164
v -0.02721939980983734 0.0638687014579773 0.008938569575548172
v -0.033082399517297745 0.06112569943070412 0.008318689651787281
v -0.024715499952435493 0.06471150368452072 0.01007820013910532
v -0.06853219866752625 0.013242100365459919 0.0052900598384439945
v -0.06807730346918106 0.013913599774241447 0.00847856979817152
v -0.06894219666719437 0.01207169983536005 -0.001118559972383082
v -0.06878309696912766 0.012826399877667427 0.0020900899544358253
v -0.0690850019454956 0.010480199940502644 0.004175090231001377
v -0.06571830064058304 0.0181731004267931 0.015838099643588066
v -0.06655669957399368 0.017562400549650192 0.01271860022097826
v -0.06551860272884369 0.020573299378156662 0.013566800393164158
v -0.06752590090036392 0.01425859984010458 0.01170239970088005
v -0.0667681023478508 0.014891199767589569 0.01484140008687973
v -0.06336980313062668 0.024013400077819824 0.01753940060734749
v -0.06461410224437714 0.02111620083451271 0.01670690067112446
v -0.06434299796819687 0.023496700450778008 0.014418399892747402
v -0.06300599873065948 0.02634119987487793 0.015374699607491493
v -0.0639118030667305 0.02579909935593605 0.012234900146722794
v -0.06332720071077347 0.028124699369072914 0.00993311032652855
v -0.06360310316085815 0.019208699464797974 0.02203810028731823
v -0.06473329663276672 0.01871190033853054 0.018959399312734604
v -0.06355679780244827 0.02163499966263771 0.01981070078909397
v -0.06583669781684875 0.015137500129640102 0.01834079995751381
v -0.06476990133523941 0.015654299408197403 0.0214431993663311
v -0.06678439676761627 0.011827999725937843 0.01731880009174347
v -0.060968898236751556 0.024963000789284706 0.02365659922361374
v -0.06235390156507492 0.022110000252723694 0.02287220023572445
v -0.062239401042461395 0.024515800178050995 0.020621199160814285
v -0.060755401849746704 0.02727220021188259 0.021563999354839325
v -0.0619627982378006 0.02679939940571785 0.018504099920392036
v -0.060907598584890366 0.020088400691747665 0.028048500418663025
v -0.062325600534677505 0.019670700654387474 0.02507149986922741
v -0.061005301773548126 0.02255050092935562 0.025880999863147736
v -0.06326059997081757 0.014278099872171879 0.02634819969534874
v -0.0635014995932579 0.01676180027425289 0.024219699203968048
v -0.062150999903678894 0.017201799899339676 0.027227699756622314
v -0.06457310169935226 0.013180200010538101 0.023592200130224228
v -0.05803320184350014 0.025237400084733963 0.029920300468802452
v -0.05952860042452812 0.02268509939312935 0.02901270054280758
v -0.05957389995455742 0.025131000205874443 0.02682119980454445
v -0.05775510147213936 0.030138999223709106 0.025612300261855125
v -0.05795719847083092 0.027718400582671165 0.02779660001397133
v -0.05942409858107567 0.02757979929447174 0.024660300463438034
v -0.05915699899196625 0.029867900535464287 0.02254669927060604
v -0.05766899883747101 0.020734800025820732 0.03382829949259758
v -0.05935540050268173 0.020434699952602386 0.0309734009206295
v -0.057903800159692764 0.023006999865174294 0.03190330043435097
v -0.06032999977469444 0.015011600218713284 0.03217050060629845
v -0.06068560108542442 0.017569299787282944 0.03014270029962063
v -0.05906369909644127 0.01789259910583496 0.03303530067205429
v -0.06186319887638092 0.014661000110208988 0.02929149940609932
v -0.01694590039551258 0.014395900070667267 -0.06637469679117203
v -0.020077599212527275 0.015073399990797043 -0.06534279882907867
v -0.013752800412476063 0.013972300104796886 -0.0671985000371933
v -0.016111699864268303 0.011587199755012989 -0.06712789833545685
v -0.010593299753963947 0.013171100057661533 -0.06792870163917542
v -0.05464819818735123 0.025176500901579857 0.03577309846878052
v -0.056205399334430695 0.022974800318479538 0.034829698503017426
v -0.056406501680612564 0.025236399844288826 0.032885100692510605
v -0.05638289824128151 0.027561400085687637 0.0310054998844862
v -0.056263700127601624 0.03002520091831684 0.02885969914495945
v -0.05468669906258583 0.027529800310730934 0.033933401107788086
v -0.05673519894480705 0.015588600188493729 0.03792240098118782
v -0.058601900935173035 0.01531819999217987 0.03508799895644188
v -0.05726660043001175 0.01818219944834709 0.0359157994389534
v -0.05395060032606125 0.021165400743484497 0.039260100573301315
v -0.05540040135383606 0.018396100029349327 0.03863139823079109
v -0.05587190017104149 0.02097339928150177 0.036584898829460144
v -0.05433930084109306 0.023188000544905663 0.03754419833421707
v -0.05968949943780899 0.01251479983329773 0.034359101206064224
v -0.057878900319337845 0.012801099568605423 0.0372311994433403
v -0.0623588003218174 0.00922464020550251 0.030434900894761086
v -0.0628788024187088 0.011764300055801868 0.028422800824046135
v -0.06140809878706932 0.012130700051784515 0.03133520111441612
v -0.06071000173687935 0.009618669748306274 0.03349300101399422
v -0.052481699734926224 0.016027100384235382 0.04346029832959175
v -0.05467680096626282 0.01582759991288185 0.04074230045080185
v -0.053279001265764236 0.018618199974298477 0.04140910133719444
v -0.05600539967417717 0.013055499643087387 0.039911799132823944
v -0.05387189984321594 0.013274000026285648 0.04268040135502815
v 0.031418099999427795 0.06209859997034073 0.00752789992839098
v 0.028738699853420258 0.06307890266180038 0.009753920137882233
v 0.036615099757909775 0.059587400406599045 0.002946340013295412
v 0.03413400053977966 0.060889601707458496 0.005227480083703995
v 0.02346009947359562 0.06359119713306427 0.017486700788140297
v 0.026327399536967278 0.0630154013633728 0.015359800308942795
v 0.026458099484443665 0.06202920153737068 0.018770800903439522
v 0.02614619955420494 0.06384920328855515 0.011817599646747112
v 0.02331019937992096 0.06450989842414856 0.013968000188469887
v 0.038502100855112076 0.058383598923683167 -0.0029906199779361486
v 0.03901449963450432 0.05811629816889763 0.0005989749915897846
v 0.036156199872493744 0.05993590131402016 -0.000647242006380111
v 0.04153279960155487 0.056300099939107895 0.002308150054886937
v 0.041083499789237976 0.056661199778318405 -0.001284620026126504
v -0.022678200155496597 0.015916399657726288 0.06428349763154984
v -0.019916599616408348 0.01457739993929863 0.06550440192222595
v -0.017131399363279343 0.0131158996373415 0.06659190356731415
v -0.01430909987539053 0.011635500006377697 0.06752680242061615
v -0.015478099696338177 0.04297000169754028 0.05304719880223274
v -0.017884299159049988 0.04457949846982956 0.050919800996780396
v -0.014081199653446674 0.04543900117278099 0.05135190114378929
v -0.021047700196504593 0.043667301535606384 0.05049910023808479
v -0.018665000796318054 0.04212009906768799 0.052702099084854126
v 0.059614598751068115 0.01395339984446764 -0.03393229842185974
v 0.05814889818429947 0.012914800085127354 -0.03676839917898178
v 0.05664139986038208 0.0123752998188138 -0.039225101470947266
v 0.05817649886012077 0.010288599878549576 -0.0375450998544693
v 0.03749139979481697 0.019562900066375732 0.055782500654459
v 0.038769498467445374 0.01653349958360195 0.05588889867067337
v 0.03608829900622368 0.022517800331115723 0.0555930994451046
v 0.04260050132870674 0.012787199579179287 0.054052598774433136
v 0.04516280069947243 0.012164199724793434 0.05208029970526695
v 0.039886001497507095 0.013545299880206585 0.05590739846229553
v 0.041008200496435165 0.010436099953949451 0.05576210096478462
v 0.03717390075325966 0.014181399717926979 0.05759330093860626
v -0.05302390083670616 0.013800900429487228 -0.04356599971652031
v -0.05508029833436012 0.013731500133872032 -0.040958698838949203
v -0.04863709956407547 0.013156999833881855 -0.04859349876642227
v -0.05092430114746094 0.013176299631595612 -0.04618550091981888
v -0.03871160000562668 0.012496099807322025 -0.05696709826588631
v -0.041401300579309464 0.012695100158452988 -0.054997898638248444
v -0.04374760016798973 0.013581999577581882 -0.052930798381567
v -0.04622679948806763 0.01374759990721941 -0.05073539912700653
v 0.04875500127673149 0.03577059879899025 0.03526199981570244
v 0.05111920088529587 0.0344884991645813 0.033126600086688995
v -0.050515901297330856 0.03374340012669563 -0.034778300672769547
v -0.04813170060515404 0.035085998475551605 -0.03677390143275261
v -0.052648600190877914 0.0327875018119812 -0.03245149925351143
v -0.04719660058617592 0.034027401357889175 -0.03891810029745102
v -0.04488439857959747 0.03381640091538429 -0.04173539951443672
v -0.0613849014043808 0.028884200379252434 -0.01725119911134243
v -0.06165669858455658 0.030212700366973877 -0.013625100255012512
v 0.06786060333251953 0.0139012997969985 0.010084600187838078
v 0.06802570074796677 0.014950799755752087 0.006998139899224043
v 0.06735079735517502 0.013276600278913975 0.013696799986064434
v 0.0668213963508606 0.012193599715828896 0.016917899250984192
v 0.06098319962620735 0.01153970044106245 0.032371100038290024
v 0.05927490070462227 0.013196099549531937 0.034818798303604126
v 0.06018650159239769 0.014976000413298607 0.03245469927787781
v 0.057956598699092865 0.012210999615490437 0.037308499217033386
v 0.059747498482465744 0.010571000166237354 0.03490680083632469
v 0.0355960987508297 0.033464398235082626 -0.05013040080666542
v 0.038311801850795746 0.03177040070295334 -0.04922249913215637
v 0.03280169889330864 0.03527019917964935 -0.05079429969191551
v 0.022386500611901283 0.04594710096716881 0.0478300005197525
v 0.025516100227832794 0.045825500041246414 0.04635680094361305
v 0.028576700016856194 0.04556090012192726 0.04480599984526634
v 0.013926899991929531 0.04752790182828903 0.04946859925985336
v 0.014571400359272957 0.049910999834537506 0.046867500990629196
v 0.01702369935810566 0.04785329848527908 0.04816899821162224
v 0.016023900359869003 0.04562310129404068 0.050613898783922195
v 0.019108999520540237 0.045905500650405884 0.04927000030875206
v -0.06886529922485352 0.010260200127959251 -0.007231900002807379
v -0.06890860199928284 0.011653699912130833 -0.003974949941039085
v -0.06849990040063858 0.008072690106928349 -0.011941099539399147
v -0.06894069910049438 0.008347139693796635 -0.00880379043519497
v 0.06003040075302124 0.01981399953365326 0.0300625991076231
v 0.05905960127711296 0.02283499948680401 0.029841599985957146
v 0.05807569995522499 0.02584739960730076 0.02931080013513565
v -0.05709259957075119 0.012921799905598164 -0.03838580101728439
v -0.058909300714731216 0.012749999761581421 -0.03559669852256775
v -0.060421500355005264 0.013298500329256058 -0.03274739906191826
v -0.06196580082178116 0.013034399598836899 -0.029838699847459793
v -0.035631198436021805 0.012793900445103645 -0.05887899920344353
v -0.03391300141811371 0.01483749970793724 -0.05941170081496239
v -0.03283959999680519 0.012361099943518639 -0.06057029962539673
v -0.013566000387072563 0.06527110189199448 0.021345799788832664
v -0.015385200269520283 0.06582800298929214 0.01816519908607006
v -0.018705500289797783 0.06596089899539948 0.014115899801254272
v -0.015050400048494339 0.06659319996833801 0.015453999862074852
v -0.02136879973113537 0.06557849794626236 0.01195130031555891
v -0.014686999842524529 0.06188879907131195 0.029224399477243423
v -0.013189099729061127 0.06345430016517639 0.02645000070333481
v -0.010956400074064732 0.06462769955396652 0.024560600519180298
v 0.022785799577832222 0.01189779955893755 0.0651094987988472
v 0.025829099118709564 0.011330599896609783 0.06406620144844055
v 0.028817299753427505 0.0110427001491189 0.06283009797334671
v 0.02725519984960556 0.009295719675719738 0.06380239874124527
v 0.06784079968929291 0.016791800037026405 0.00395721010863781
v 0.06856539845466614 0.013380100019276142 0.004445299971848726
v 0.06715240329504013 0.01934709958732128 0.004029689822345972
v -0.05580120161175728 0.03255540132522583 0.026951299980282784
v -0.057396598160266876 0.0325797013938427 0.023327799513936043
v -0.05123329907655716 0.01882609911262989 0.04382609948515892
v -0.051971301436424255 0.02139890007674694 0.04172620177268982
v -0.052531398832798004 0.023075200617313385 0.040099699050188065
v -0.05289899930357933 0.02509080059826374 0.038368500769138336
v -0.04756829887628555 0.016824200749397278 0.048520199954509735
v -0.05008940026164055 0.016446800902485847 0.04604950174689293
v -0.04878599941730499 0.019229700788855553 0.04636960104107857
v -0.05173090100288391 0.01350689958781004 0.04518270120024681
v -0.04928269982337952 0.013908999972045422 0.04772590100765228
v -0.05307219922542572 0.010738399811089039 0.04436250030994415
v 0.06502140313386917 0.012246199883520603 -0.02285280078649521
v 0.06414829939603806 0.010733099654316902 -0.025880400091409683
v 0.06649109721183777 0.01349559985101223 -0.01722780056297779
v 0.06577060371637344 0.012759000062942505 -0.020284000784158707
v 0.04760240018367767 0.01233890000730753 0.04981730133295059
v 0.048873599618673325 0.013802099972963333 0.048175398260354996
v 0.04987980052828789 0.011493200436234474 0.04774840176105499
v 0.05205800011754036 0.036993298679590225 -0.028661100193858147
v 0.028838299214839935 0.012313899584114552 -0.06258369982242584
v 0.031154600903391838 0.013890200294554234 -0.061126600950956345
v 0.0293527003377676 0.009858580306172371 -0.06277920305728912
v 0.026723099872469902 0.01156190037727356 -0.06365689635276794
v -0.03980030119419098 0.05583230033516884 0.014095700345933437
v -0.03768479824066162 0.0576322004199028 0.012585200369358063
v -0.03547719866037369 0.059477299451828 0.010188800282776356
v 0.041778601706027985 0.007433630060404539 0.05567130073904991
v 0.0687078982591629 0.008780339732766151 -0.010105899535119534
v 0.0688403993844986 0.012611599639058113 0.0013959299540147185
v 0.06818819791078568 0.00855225045233965 -0.013312599621713161
v 0.06745459884405136 0.011075000278651714 -0.015073900111019611
v -0.03265799954533577 0.03951270133256912 -0.047667600214481354
v -0.03563829883933067 0.039278700947761536 -0.04568469896912575
v -0.04020240157842636 0.03414040058851242 -0.04602380096912384
v -0.03788049891591072 0.03668930009007454 -0.04603220149874687
v -0.007903849706053734 0.05776720121502876 0.038736000657081604
v -0.007752580102533102 0.055968400090932846 0.04132109880447388
v -0.06385239958763123 0.011917900294065475 0.02609279938042164
v -0.012852899730205536 0.04330839961767197 0.05347130075097084
v -0.011443099938333035 0.04574419930577278 0.051735199987888336
v -0.013771800324320793 0.040770698338747025 0.05520949885249138
v -0.016700299456715584 0.04086289927363396 0.054326098412275314
v -0.019869700074195862 0.03996700048446655 0.05392429977655411
v -0.031108500435948372 0.06217309832572937 -0.008170939981937408
v 0.035577598959207535 0.06013200059533119 -0.004287220072001219
v 0.03717900067567825 0.05843169987201691 -0.010171099565923214
v 0.03789209946990013 0.05848729982972145 -0.006589829921722412
v 0.03491529822349548 0.06015640124678612 -0.007882369682192802
v 0.04059619829058647 0.05681909993290901 -0.0048513999208807945
v 0.03994540125131607 0.05685950070619583 -0.008447829633951187
v 0.04313940182328224 0.055037401616573334 -0.0031428199727088213
v 0.03102709911763668 0.06144680082798004 -0.012712400406599045
v 0.03414959833025932 0.06002109870314598 -0.011457400396466255
v 0.031835198402404785 0.0616661012172699 -0.009154769591987133
v 0.028469299897551537 0.06313510239124298 -0.010171500034630299
v 0.03699890151619911 0.05779159814119339 -0.01382800005376339
v 0.03393540158867836 0.05933070182800293 -0.015107999555766582
v 0.0391588993370533 0.05690779909491539 -0.0113172996789217
v 0.03894300013780594 0.05620969831943512 -0.014963899739086628
v 0.02936829999089241 0.0603707991540432 -0.01982090063393116
v 0.0331013984978199 0.0587862990796566 -0.018667299300432205
v 0.03023969940841198 0.06099360063672066 -0.016289299353957176
v 0.02450920082628727 0.06381160020828247 -0.015079000033438206
v 0.02697860077023506 0.0621832013130188 -0.017475800588726997
v 0.027806300669908524 0.06271520256996155 -0.013914800249040127
v 0.02520179934799671 0.0643111988902092 -0.011355300433933735
v 0.0314427986741066 0.05844160169363022 -0.022269299253821373
v 0.022549999877810478 0.06246960163116455 -0.02211429923772812
v 0.02599640004336834 0.06150839850306511 -0.020997699350118637
v 0.023562800139188766 0.06322959810495377 -0.018622899428009987
v 0.02697259932756424 0.05889039859175682 -0.026540499180555344
v 0.028208600357174873 0.05971150100231171 -0.023212099447846413
v 0.0247942004352808 0.06076059862971306 -0.024359699338674545
v 0.030239900574088097 0.057693999260663986 -0.025631099939346313
v 0.017654800787568092 0.06550169736146927 -0.017257999628782272
v 0.02013159915804863 0.06407850235700607 -0.019714700058102608
v 0.021111400797963142 0.0647469013929367 -0.01619110070168972
v 0.02201489917933941 0.06512980163097382 -0.013170300051569939
v 0.01858069933950901 0.06596539914608002 -0.014258899725973606
v 0.020229600369930267 0.06047369912266731 -0.028873799368739128
v 0.02363329939544201 0.059763599187135696 -0.027744999155402184
v 0.02141989953815937 0.06155819818377495 -0.025529900565743446
v 0.015524299815297127 0.06386850029230118 -0.024079399183392525
v 0.017902899533510208 0.062261100858449936 -0.026514900848269463
v 0.019063999876379967 0.063258096575737 -0.023129399865865707
v 0.016612300649285316 0.06477390229701996 -0.020697100088000298
v 0.024539299309253693 0.05661720037460327 -0.0330502986907959
v 0.025791099295020103 0.05783269926905632 -0.029836099594831467
v 0.022413600236177444 0.0586216002702713 -0.03100229986011982
v 0.030733799561858177 0.05459430068731308 -0.031223399564623833
v 0.028893399983644485 0.05682149901986122 -0.028922200202941895
v 0.027668900787830353 0.05567080155014992 -0.032174400985240936
v 0.03212450072169304 0.05554559826850891 -0.027976900339126587
v 0.01321830041706562 0.06136859953403473 -0.03097050078213215
v 0.01674720086157322 0.06100580096244812 -0.029963700100779533
v 0.014392999932169914 0.06271310150623322 -0.02756650000810623
v 0.017989300191402435 0.05737429857254028 -0.035840898752212524
v 0.019140299409627914 0.05901920050382614 -0.03240960091352463
v 0.015628699213266373 0.059466298669576645 -0.033459000289440155
v 0.021292200312018394 0.057070400565862656 -0.03449070081114769
v 0.008384499698877335 0.06451539695262909 -0.025835400447249413
v 0.010817799717187881 0.06303799897432327 -0.028446199372410774
v 0.011970999650657177 0.06428129971027374 -0.02499210089445114
v 0.010716400109231472 0.06649249792098999 -0.019076300784945488
v 0.009563890285789967 0.06559610366821289 -0.022487400099635124
v 0.01313879992812872 0.06527219712734222 -0.021608199924230576
v 0.014204599894583225 0.06608550250530243 -0.018191499635577202
v 0.005922679789364338 0.061834901571273804 -0.03227020055055618
v 0.00958396028727293 0.06168859824538231 -0.0316649004817009
v 0.0071635800413787365 0.06326340138912201 -0.02909339964389801
v 0.010622099973261356 0.058538101613521576 -0.036884501576423645
v 0.011935300193727016 0.06002949923276901 -0.03397060185670853
v 0.008283860050141811 0.06026989966630936 -0.03462529927492142
v 0.014326400123536587 0.05804020166397095 -0.036415401846170425
v 0.0011285600485280156 0.06445520371198654 -0.02728099934756756
v 0.0035305500496178865 0.0632333979010582 -0.02981729991734028
v 0.004763179924339056 0.06457550078630447 -0.026595300063490868
v 0.0035939901135861874 0.06668650358915329 -0.020976100116968155
v 0.0023643400054425 0.06565599888563156 -0.024159900844097137
v 0.005997090134769678 0.065686896443367 -0.023436399176716805
v 0.007165149785578251 0.06668200343847275 -0.020054100081324577
v -0.0013524900423362851 0.06141800060868263 -0.03355589881539345
v 0.0022883000783622265 0.06171270087361336 -0.03295909985899925
v -0.00011212100071134046 0.06302469968795776 -0.03046100027859211
v 0.003268440021201968 0.058948200196027756 -0.03760889917612076
v 0.004600720014423132 0.06045930087566376 -0.03497869893908501
v 0.0009590520057827234 0.060250598937273026 -0.03562229871749878
v 0.0069549898616969585 0.05882539972662926 -0.03729889914393425
v -0.00614173011854291 0.06368590146303177 -0.028396999463438988
v -0.0037523501086980104 0.06263940036296844 -0.031019799411296844
v -0.0025100898928940296 0.06416010111570358 -0.02787790074944496
v -0.0036045201122760773 0.06623730063438416 -0.022352399304509163
v -0.004879289772361517 0.06504370272159576 -0.02540680021047592
v -0.001239559962414205 0.06542950123548508 -0.024848299100995064
v -5.2734199016413186e-06 0.0665535032749176 -0.02169409953057766
v -0.008593509905040264 0.06030530110001564 -0.034487999975681305
v -0.0049799298867583275 0.0609465017914772 -0.034069400280714035
v -0.007377889938652515 0.06208200007677078 -0.03148629888892174
v -0.002488760044798255 0.059516601264476776 -0.03676379844546318
v -0.006115070078521967 0.05896110087633133 -0.037231601774692535
v -0.00017467699944972992 0.0582709014415741 -0.03878749907016754
v -0.010953499935567379 0.06522800028324127 -0.022920100018382072
v -0.008559750393033028 0.06454840302467346 -0.02569499984383583
v -0.007289309985935688 0.0658257007598877 -0.022668199613690376
v -0.013510899618268013 0.06207650154829025 -0.029393300414085388
v -0.00984083954244852 0.06297419965267181 -0.028937900438904762
v -0.012250400148332119 0.06374730169773102 -0.026195699349045753
v -0.01106720045208931 0.061274200677871704 -0.03198409825563431
v 0.0076260799542069435 0.05538789927959442 -0.042119100689888
v 0.009134880267083645 0.05703039839863777 -0.0395485982298851
v 0.005454500205814838 0.05724399909377098 -0.0399169996380806
v 0.013181700371205807 0.05620039999485016 -0.039594899863004684
v 0.011677900329232216 0.05460920184850693 -0.04220740124583244
v 0.016864700242877007 0.05559119954705238 -0.03905380144715309
v -0.008505660109221935 0.06734559684991837 -0.01709439978003502
v -0.009740619920194149 0.06636209785938263 -0.02002990059554577
v -0.006063280161470175 0.06688179820775986 -0.019750099629163742
v -0.004016169812530279 0.0680805966258049 -0.015776799991726875
v -0.0015598100144416094 0.06751769781112671 -0.01840979978442192
v 0.0020457899663597345 0.06769250333309174 -0.0177071001380682
v -0.01577720046043396 0.06587450206279755 -0.017653200775384903
v -0.013382899574935436 0.06563740223646164 -0.02031330019235611
v -0.012158599682152271 0.06670430302619934 -0.017398400232195854
v -0.0182948000729084 0.06321720033884048 -0.0238512996584177
v -0.014646099880337715 0.0643192008137703 -0.023420799523591995
v -0.0170585997402668 0.06463129818439484 -0.020779699087142944
v -0.015925100073218346 0.06273479759693146 -0.02665960043668747
v -0.012082000263035297 0.05947139859199524 -0.03488820046186447
v -0.014543400146067142 0.06035609915852547 -0.03233629837632179
v -0.009792479686439037 0.058474600315093994 -0.03721329942345619
v -0.013268399983644485 0.05755690112709999 -0.0375652015209198
v -0.007302400190383196 0.05704430118203163 -0.039907701313495636
v 0.029336199164390564 0.053790200501680374 -0.03385259956121445
v 0.02623479999601841 0.054800499230623245 -0.03476550057530403
v 0.023729000240564346 0.055054500699043274 -0.03613770008087158
v 0.02044989913702011 0.05543389916419983 -0.03753510117530823
v 0.03379850089550018 0.053083598613739014 -0.030656099319458008
v 0.031970199197530746 0.05243289843201637 -0.03359609842300415
v 0.012010199949145317 0.06707630306482315 -0.01601650007069111
v 0.015482000075280666 0.06657440215349197 -0.015104999765753746
v 0.006485320162028074 0.06768710166215897 -0.01662510074675083
v 0.0050432998687028885 0.0672352984547615 -0.018814200535416603
v 0.008606430143117905 0.06713320314884186 -0.01786229945719242
v 0.009895809926092625 0.06769920140504837 -0.014794900082051754
v -0.014130200259387493 0.06674639880657196 -0.01566069945693016
v -0.010491100139915943 0.06747879832983017 -0.015380299650132656
v -0.007489560171961784 0.06817039847373962 -0.01402520015835762
v -0.022766299545764923 0.0637425035238266 -0.01784910075366497
v -0.02056010067462921 0.06357119977474213 -0.02088019996881485
v -0.019298000261187553 0.06489700078964233 -0.0177753996104002
v -0.02152710035443306 0.06499630212783813 -0.01456219982355833
v -0.01803009957075119 0.06607300043106079 -0.014466100372374058
v -0.02507839910686016 0.06070270016789436 -0.024212799966335297
v -0.02171570062637329 0.062043000012636185 -0.02406430058181286
v -0.023956000804901123 0.062310200184583664 -0.021060600876808167
v -0.01936810091137886 0.06165819987654686 -0.026891300454735756
v -0.022766200825572014 0.060404300689697266 -0.027074500918388367
v -0.016973400488495827 0.061088498681783676 -0.02966650016605854
v -0.02699209935963154 0.061064500361680984 -0.02103699930012226
v -0.02582620084285736 0.06256649643182755 -0.017844900488853455
v -0.028078900650143623 0.06284710019826889 -0.01272059977054596
v -0.025458600372076035 0.06338430196046829 -0.015306400135159492
v -0.02419869974255562 0.06457880139350891 -0.012000000104308128
v -0.0284752007573843 0.0620959997177124 -0.015272400341928005
v -0.026111800223588943 0.058958299458026886 -0.027241500094532967
v -0.02829420007765293 0.059248700737953186 -0.02426999993622303
v -0.04519199952483177 0.051896899938583374 0.012821500189602375
v -0.0430058017373085 0.05347289890050888 0.013825600035488605
v 0.06902419775724411 0.010769500397145748 0.004435259848833084
v 0.05922330170869827 0.03585800155997276 -0.010334400460124016
v 0.061128001660108566 0.0336012989282608 -0.005858240183442831
v 0.06245329976081848 0.03136809915304184 -0.003953339997678995
v 0.0598469004034996 0.03565109893679619 -0.006881160195916891
v 0.007644589990377426 0.05757420137524605 0.03907399997115135
v 0.012988800182938576 0.05168880149722099 0.0453822985291481
v 0.006717369891703129 0.06823220103979111 -0.014115099795162678
v 0.0034922200720757246 0.0681677982211113 -0.015522600151598454
v -0.028050800785422325 0.0634441003203392 -0.009380790404975414
v -0.029764000326395035 0.06187029927968979 -0.013644600287079811
v -0.031153399497270584 0.06161750108003616 -0.011521699838340282
v -0.0539017990231514 0.03352750092744827 -0.02950429916381836
v 0.011792699806392193 0.01640230044722557 0.06702160090208054
v 0.013756699860095978 0.008034469559788704 0.06816300004720688
v 0.014091099612414837 0.011504399590194225 0.06759510189294815
v 0.013742299750447273 0.014029200188815594 0.0671887993812561
v 0.016509300097823143 0.012404000386595726 0.06688489764928818
v -0.008768799714744091 0.033872198313474655 0.06062820181250572
v 0.06319420039653778 0.029492700472474098 0.006055479869246483
v -0.06340380012989044 0.009390040300786495 0.028138600289821625
v -0.06160710006952286 0.00698408018797636 0.032492801547050476
v -0.0629786029458046 0.00685339979827404 0.029777899384498596
v 0.012194800190627575 0.013531499542295933 -0.06758829951286316
v 0.006698249839246273 0.013274899683892727 -0.06840260326862335
v 0.003574070055037737 0.014446799643337727 -0.06839969754219055
v 0.009369060397148132 0.012583400122821331 -0.06821929663419724
v 0.006928630173206329 0.010543299838900566 -0.0688536986708641
v -0.007628929801285267 0.012137199752032757 -0.06851629912853241
v -0.06327690184116364 0.012103299610316753 -0.027377899736166
v 0.019090700894594193 0.012049700133502483 0.06625969707965851
v 0.06615869700908661 0.01164539996534586 0.01968269981443882
v 0.06707800179719925 0.009743460454046726 0.017481500282883644
v -0.044544998556375504 0.021740900352597237 0.04942750185728073
v -0.04272669926285744 0.014634800143539906 0.05348129943013191
v -0.042856499552726746 0.017701899632811546 0.0524400994181633
v -0.040570300072431564 0.01681949943304062 0.05450829863548279
v -0.04528310149908066 0.018799200654029846 0.04996030032634735
v -0.04520849883556366 0.01575070060789585 0.051069699227809906
v -0.04689449816942215 0.01979059912264347 0.04805450141429901
v -0.03770050033926964 0.013256600126624107 0.057471200823783875
v -0.04025790095329285 0.013961000367999077 0.05553729832172394
v -0.03804999962449074 0.016127800568938255 0.05649859830737114
v -0.03548699989914894 0.015246099792420864 0.05838000029325485
v -0.035805001854896545 0.01810700073838234 0.05735979974269867
v -0.042294301092624664 0.011463199742138386 0.05458740144968033
v -0.039777498692274094 0.010773099958896637 0.056583501398563385
v -0.04463209956884384 0.012490600347518921 0.052459098398685455
v -0.04415769875049591 0.009304270148277283 0.05351189896464348
v -0.04707249999046326 0.013591400347650051 0.04999449849128723
v -0.039080701768398285 0.008573479950428009 0.057438600808382034
v -0.0370291993021965 0.011066799983382225 0.05836400017142296
v -0.0350738987326622 0.01222269982099533 0.0593332014977932
v -0.0328184999525547 0.0141976997256279 0.06017779931426048
v -0.030128000304102898 0.013269400224089622 0.06177559867501259
v -0.02518090046942234 0.014120499603450298 0.0637694001197815
v -0.02732440084218979 0.012872099876403809 0.06314810365438461
v -0.02960279956459999 0.010778100229799747 0.06251010298728943
v -0.011378900147974491 0.0375996008515358 -0.057937800884246826
v -0.012149699963629246 0.04033210128545761 -0.055907998234033585
v -0.015611300244927406 0.04048199951648712 -0.054931700229644775
v -0.007490499876439571 0.03424270078539848 -0.060591500252485275
v -0.010709299705922604 0.034850601106882095 -0.05975570157170296
v 0.004897150211036205 0.0557560995221138 -0.04203899949789047
v 0.002716480055823922 0.057534199208021164 -0.0397799015045166
v 0.009349459782242775 0.05331530049443245 -0.0443853996694088
v 0.0058744498528540134 0.054015301167964935 -0.04413430020213127
v 0.019303299486637115 0.053578101098537445 -0.04070340096950531
v 0.061542801558971405 0.013768600299954414 0.03037939965724945
v 0.06065860018134117 0.017186200246214867 0.03041660040616989
v 0.06077999994158745 0.008531490340828896 0.033660098910331726
v 0.062223900109529495 0.008557549677789211 0.030902300029993057
v 0.06272929906845093 0.011434799991548061 0.028883999213576317
v -0.052955299615859985 0.027140099555253983 0.036866698414087296
v 0.008578450419008732 0.030986299738287926 0.06217920035123825
v 0.008578980341553688 0.03401729837059975 0.06057409942150116
v 0.01138679962605238 0.035201698541641235 0.05942369997501373
v 0.01413660030812025 0.03855760022997856 0.056687500327825546
v 0.014432200230658054 0.04097450152039528 0.054889000952243805
v 0.013399300165474415 0.0364173986017704 0.0582600012421608
v 0.016044000163674355 0.036983098834753036 0.05722619965672493
v 0.01301450002938509 0.04521029815077782 0.0518328994512558
v 0.010413000360131264 0.04733169823884964 0.05051020160317421
v 0.015097100287675858 0.043254900723695755 0.05292529985308647
v -0.01388620026409626 0.00806810986250639 0.06813280284404755
v -0.030164700001478195 0.012281299568712711 -0.06196179986000061
v -0.031899601221084595 0.010244599543511868 -0.06146109849214554
v 0.012364599853754044 0.04937620088458061 0.04805320128798485
v 0.044881101697683334 0.03129129856824875 -0.04366400092840195
v 0.042504098266363144 0.03344469889998436 -0.044439300894737244
v 0.04037969931960106 0.0326434001326561 -0.04694550111889839
v -0.04263729974627495 0.03410189971327782 -0.043807800859212875
v 0.05190009996294975 0.009628710336983204 0.045974601060152054
v 0.020772499963641167 0.06205270066857338 0.024858999997377396
v 0.018640000373125076 0.06423570215702057 0.020647600293159485
v 0.014886099845170975 0.06407610327005386 0.023930400609970093
v 0.017933299764990807 0.06342650204896927 0.02356860041618347
v 0.015604600310325623 0.06492059677839279 0.02101919986307621
v 0.011284500360488892 0.06491030007600784 0.023649899289011955
v 0.013621900230646133 0.06345970183610916 0.026216499507427216
v 0.021489400416612625 0.06290069967508316 0.021947799250483513
v -0.046376898884773254 0.05022669956088066 0.015048700384795666
v 0.014916599728167057 0.06596799939870834 0.018047500401735306
v 0.01796109974384308 0.06530430167913437 0.017684699967503548
v -0.03142800182104111 0.04335809871554375 0.04508170112967491
v 0.0238972008228302 0.06256470084190369 0.020361099392175674
v 0.02019830048084259 0.06583420187234879 0.012565099634230137
v 0.020379899069666862 0.06500159949064255 0.016107499599456787
v 0.02106809988617897 0.06396839767694473 0.019083499908447266
v 0 -0.0024999999441206455 0.07000000029802322
v 0.0063654398545622826 -0.0024999999441206455 0.06971000134944916
v 0.0031860200688242912 -0.0024999999441206455 0.06992749869823456
v 0.0031860200688242912 -0.0012499999720603228 0.06992749869823456
v 0 -0.0012499999720603228 0.07000000029802322
v -0.0031860200688242912 -0.001249719993211329 0.06992749869823456
v -0.00159342004917562 -0.0006248599966056645 0.0699819028377533
v -0.00159342004917562 -0.0018748600268736482 0.0699819028377533
v 0.0063654398545622826 -0.0012499999720603228 0.06971000134944916
v -0.004776970017701387 -0.0006248599966056645 0.0698368027806282
v -0.0063654398545622826 -0.0024999999441206455 0.06971000134944916
v -0.0031860200688242912 -0.0024999999441206455 0.06992749869823456
v -0.004776970017701387 -0.0018748600268736482 0.0698368027806282
v 0.012678099796175957 -0.0024999999441206455 0.06884229928255081
v 0.00953167024999857 -0.0024999999441206455 0.06934799998998642
v 0.012678099796175957 -0.0012499999720603228 0.06884229928255081
v 0.00953167024999857 -0.0012499999720603228 0.06934799998998642
v 0.01888580061495304 -0.0024999999441206455 0.06740420311689377
v 0.015798300504684448 -0.0024999999441206455 0.06819389760494232
v 0.01888580061495304 -0.0012499999720603228 0.06740420311689377
v 0.015798300504684448 -0.0012499999720603228 0.06819389760494232
v 0.024936899542808533 -0.0024999999441206455 0.06540759652853012
v 0.02193409949541092 -0.0024999999441206455 0.0664748027920723
v 0.024936899542808533 -0.0012499999720603228 0.06540759652853012
v 0.02193409949541092 -0.0012499999720603228 0.0664748027920723
v 0.030781399458646774 -0.0024999999441206455 0.06286890059709549
v 0.02788810059428215 -0.0024999999441206455 0.06420479714870453
v 0.02788810059428215 -0.0012499999720603228 0.06420479714870453
v 0.036370899528265 -0.0024999999441206455 0.059809401631355286
v 0.033610999584198 -0.0024999999441206455 0.06140280142426491
v 0.033610999584198 -0.0012499999720603228 0.06140280142426491
v 0.030781399458646774 -0.0012499999720603228 0.06286890059709549
v 0.041658900678157806 -0.0024999999441206455 0.056254200637340546
v 0.03905539959669113 -0.0024999999441206455 0.05809200182557106
v 0.03905539959669113 -0.0012499999720603228 0.05809200182557106
v 0.036370899528265 -0.0012499999720603228 0.059809401631355286
v 0.0466017983853817 -0.0024999999441206455 0.05223289877176285
v 0.04417619854211807 -0.0024999999441206455 0.05429980158805847
v 0.0466017983853817 -0.0012499999720603228 0.05223289877176285
v 0.04417619854211807 -0.0012499999720603228 0.05429980158805847
v 0.041658900678157806 -0.0012499999720603228 0.056254200637340546
v 0.05115849897265434 -0.0024999999441206455 0.04777869954705238
v 0.04893089830875397 -0.0024999999441206455 0.050057701766490936
v 0.05115849897265434 -0.0012499999720603228 0.04777869954705238
v 0.04893089830875397 -0.0012499999720603228 0.050057701766490936
v 0.055291298776865005 -0.0024999999441206455 0.042928699404001236
v 0.05328010022640228 -0.0024999999441206455 0.045400701463222504
v 0.055291298776865005 -0.0012499999720603228 0.042928699404001236
v 0.05328010022640228 -0.0012499999720603228 0.045400701463222504
v 0.05896589905023575 -0.0024999999441206455 0.03772290050983429
v 0.05718789994716644 -0.0024999999441206455 0.040367599576711655
v 0.05718789994716644 -0.0012499999720603228 0.040367599576711655
v 0.06215199828147888 -0.0024999999441206455 0.03220459818840027
v 0.060621801763772964 -0.0024999999441206455 0.03500000014901161
v 0.060621801763772964 -0.0012499999720603228 0.03500000014901161
v 0.05896589905023575 -0.0012499999720603228 0.03772290050983429
v 0.06482300162315369 -0.0024999999441206455 0.026419300585985184
v 0.06355330348014832 -0.0024999999441206455 0.029342399910092354
v 0.06355330348014832 -0.0012499999720603228 0.029342399910092354
v 0.06215199828147888 -0.0012499999720603228 0.03220459818840027
v 0.06695680320262909 -0.0024999999441206455 0.020415199920535088
v 0.06595829874277115 -0.0024999999441206455 0.023441599681973457
v 0.06595829874277115 -0.0012499999720603228 0.023441599681973457
v 0.06482300162315369 -0.0012499999720603228 0.026419300585985184
v 0.06853590160608292 -0.0024999999441206455 0.01424190029501915
v 0.0678166002035141 -0.0024999999441206455 0.017346499487757683
v 0.0678166002035141 -0.0012499999720603228 0.017346499487757683
v 0.06695680320262909 -0.0012499999720603228 0.020415199920535088
v 0.06954699754714966 -0.0024999999441206455 0.007950609549880028
v 0.0691130980849266 -0.0024999999441206455 0.011107799597084522
v 0.06954699754714966 -0.0012499999720603228 0.007950609549880028
v 0.0691130980849266 -0.0012499999720603228 0.011107799597084522
v 0.06853590160608292 -0.0012499999720603228 0.01424190029501915
v 0.0699819028377533 -0.0024999999441206455 0.00159342004917562
v 0.0698368027806282 -0.0024999999441206455 0.004776970017701387
v 0.0699819028377533 -0.0012499999720603228 0.00159342004917562
v 0.0698368027806282 -0.0012499999720603228 0.004776970017701387
v 0.0698368027806282 -0.0024999999441206455 -0.004776970017701387
v 0.0699819028377533 -0.0024999999441206455 -0.00159342004917562
v 0.0699819028377533 -0.0012499999720603228 -0.00159342004917562
v 0.0691130980849266 -0.0024999999441206455 -0.011107799597084522
v 0.06954699754714966 -0.0024999999441206455 -0.007950609549880028
v 0.0691130980849266 -0.0012499999720603228 -0.011107799597084522
v 0.06954699754714966 -0.0012499999720603228 -0.007950609549880028
v 0.0698368027806282 -0.0012499999720603228 -0.004776970017701387
v 0.0678166002035141 -0.0024999999441206455 -0.017346499487757683
v 0.06853590160608292 -0.0024999999441206455 -0.01424190029501915
v 0.0678166002035141 -0.0012499999720603228 -0.017346499487757683
v 0.06853590160608292 -0.0012499999720603228 -0.01424190029501915
v 0.06595829874277115 -0.0024999999441206455 -0.023441599681973457
v 0.06695680320262909 -0.0024999999441206455 -0.020415199920535088
v 0.06695680320262909 -0.0012499999720603228 -0.020415199920535088
v 0.06355330348014832 -0.0024999999441206455 -0.029342399910092354
v 0.06482300162315369 -0.0024999999441206455 -0.026419300585985184
v 0.06355330348014832 -0.0012499999720603228 -0.029342399910092354
v 0.06482300162315369 -0.0012499999720603228 -0.026419300585985184
v 0.06595829874277115 -0.0012499999720603228 -0.023441599681973457
v 0.060621801763772964 -0.0024999999441206455 -0.03500000014901161
v 0.06215199828147888 -0.0024999999441206455 -0.03220459818840027
v 0.060621801763772964 -0.0012499999720603228 -0.03500000014901161
v 0.06215199828147888 -0.0012499999720603228 -0.03220459818840027
v 0.05718789994716644 -0.0024999999441206455 -0.040367599576711655
v 0.05896589905023575 -0.0024999999441206455 -0.03772290050983429
v 0.05718789994716644 -0.0012499999720603228 -0.040367599576711655
v 0.05896589905023575 -0.0012499999720603228 -0.03772290050983429
v 0.05328010022640228 -0.0024999999441206455 -0.045400701463222504
v 0.055291298776865005 -0.0024999999441206455 -0.042928699404001236
v 0.055291298776865005 -0.0012499999720603228 -0.042928699404001236
v 0.04893089830875397 -0.0024999999441206455 -0.050057701766490936
v 0.05115849897265434 -0.0024999999441206455 -0.04777869954705238
v 0.05115849897265434 -0.0012499999720603228 -0.04777869954705238
v 0.05328010022640228 -0.0012499999720603228 -0.045400701463222504
v 0.04417619854211807 -0.0024999999441206455 -0.05429980158805847
v 0.0466017983853817 -0.0024999999441206455 -0.05223289877176285
v 0.04417619854211807 -0.0012499999720603228 -0.05429980158805847
v 0.0466017983853817 -0.0012499999720603228 -0.05223289877176285
v 0.04893089830875397 -0.0012499999720603228 -0.050057701766490936
v 0.03905539959669113 -0.0024999999441206455 -0.05809200182557106
v 0.041658900678157806 -0.0024999999441206455 -0.056254200637340546
v 0.03905539959669113 -0.0012499999720603228 -0.05809200182557106
v 0.041658900678157806 -0.0012499999720603228 -0.056254200637340546
v 0.033610999584198 -0.0024999999441206455 -0.06140280142426491
v 0.036370899528265 -0.0024999999441206455 -0.059809401631355286
v 0.033610999584198 -0.0012499999720603228 -0.06140280142426491
v 0.036370899528265 -0.0012499999720603228 -0.059809401631355286
v 0.02788810059428215 -0.0024999999441206455 -0.06420479714870453
v 0.030781399458646774 -0.0024999999441206455 -0.06286890059709549
v 0.02788810059428215 -0.0012499999720603228 -0.06420479714870453
v 0.030781399458646774 -0.0012499999720603228 -0.06286890059709549
v 0.02193409949541092 -0.0024999999441206455 -0.0664748027920723
v 0.024936899542808533 -0.0024999999441206455 -0.06540759652853012
v 0.024936899542808533 -0.0012499999720603228 -0.06540759652853012
v 0.015798300504684448 -0.0024999999441206455 -0.06819389760494232
v 0.01888580061495304 -0.0024999999441206455 -0.06740420311689377
v 0.015798300504684448 -0.0012499999720603228 -0.06819389760494232
v 0.01888580061495304 -0.0012499999720603228 -0.06740420311689377
v 0.02193409949541092 -0.0012499999720603228 -0.0664748027920723
v 0.00953167024999857 -0.0024999999441206455 -0.06934799998998642
v 0.012678099796175957 -0.0024999999441206455 -0.06884229928255081
v 0.00953167024999857 -0.0012499999720603228 -0.06934799998998642
v 0.012678099796175957 -0.0012499999720603228 -0.06884229928255081
v 0.0031860200688242912 -0.0024999999441206455 -0.06992749869823456
v 0.0063654398545622826 -0.0024999999441206455 -0.06971000134944916
v 0.0063654398545622826 -0.0012499999720603228 -0.06971000134944916
v -0.0031860200688242912 -0.0024999999441206455 -0.06992749869823456
v -3.33375995003956e-16 -0.0024999999441206455 -0.07000000029802322
v -3.33375995003956e-16 -0.0012499999720603228 -0.07000000029802322
v 0.0031860200688242912 -0.0012499999720603228 -0.06992749869823456
v -0.00953167024999857 -0.0024999999441206455 -0.06934799998998642
v -0.0063654398545622826 -0.0024999999441206455 -0.06971000134944916
v -0.00953167024999857 -0.0012499999720603228 -0.06934799998998642
v -0.0063654398545622826 -0.0012499999720603228 -0.06971000134944916
v -0.0031860200688242912 -0.0012499999720603228 -0.06992749869823456
v -0.015798300504684448 -0.0024999999441206455 -0.06819389760494232
v -0.012678099796175957 -0.0024999999441206455 -0.06884229928255081
v -0.015798300504684448 -0.0012499999720603228 -0.06819389760494232
v -0.012678099796175957 -0.0012499999720603228 -0.06884229928255081
v -0.02193409949541092 -0.0024999999441206455 -0.0664748027920723
v -0.01888580061495304 -0.0024999999441206455 -0.06740420311689377
v -0.02193409949541092 -0.0012499999720603228 -0.0664748027920723
v -0.01888580061495304 -0.0012499999720603228 -0.06740420311689377
v -0.02788810059428215 -0.0024999999441206455 -0.06420479714870453
v -0.024936899542808533 -0.0024999999441206455 -0.06540759652853012
v -0.02788810059428215 -0.0012499999720603228 -0.06420479714870453
v -0.024936899542808533 -0.0012499999720603228 -0.06540759652853012
v -0.033610999584198 -0.0024999999441206455 -0.06140280142426491
v -0.030781399458646774 -0.0024999999441206455 -0.06286890059709549
v -0.030781399458646774 -0.0012499999720603228 -0.06286890059709549
v -0.03905539959669113 -0.0024999999441206455 -0.05809200182557106
v -0.036370899528265 -0.0024999999441206455 -0.059809401631355286
v -0.036370899528265 -0.0012499999720603228 -0.059809401631355286
v -0.033610999584198 -0.0012499999720603228 -0.06140280142426491
v -0.04417619854211807 -0.0024999999441206455 -0.05429980158805847
v -0.03905539959669113 -0.0012499999720603228 -0.05809200182557106
v -0.041658900678157806 -0.0024999999441206455 -0.056254200637340546
v -0.041658900678157806 -0.0012499999720603228 -0.056254200637340546
v -0.04893089830875397 -0.0024999999441206455 -0.050057701766490936
v -0.0466017983853817 -0.0024999999441206455 -0.05223289877176285
v -0.0466017983853817 -0.0012499999720603228 -0.05223289877176285
v -0.04417619854211807 -0.0012499999720603228 -0.05429980158805847
v -0.05328010022640228 -0.0024999999441206455 -0.045400701463222504
v -0.04893089830875397 -0.0012499999720603228 -0.050057701766490936
v -0.05115849897265434 -0.0024999999441206455 -0.04777869954705238
v -0.05115849897265434 -0.0012499999720603228 -0.04777869954705238
v -0.05718789994716644 -0.0024999999441206455 -0.040367599576711655
v -0.055291298776865005 -0.0024999999441206455 -0.042928699404001236
v -0.055291298776865005 -0.0012499999720603228 -0.042928699404001236
v -0.05328010022640228 -0.0012499999720603228 -0.045400701463222504
v -0.060621801763772964 -0.0024999999441206455 -0.03500000014901161
v -0.05896589905023575 -0.0024999999441206455 -0.03772290050983429
v -0.060621801763772964 -0.0012499999720603228 -0.03500000014901161
v -0.05896589905023575 -0.0012499999720603228 -0.03772290050983429
v -0.05718789994716644 -0.0012499999720603228 -0.040367599576711655
v -0.06355330348014832 -0.0024999999441206455 -0.029342399910092354
v -0.06215199828147888 -0.0024999999441206455 -0.03220459818840027
v -0.06215199828147888 -0.0012499999720603228 -0.03220459818840027
v -0.06595829874277115 -0.0024999999441206455 -0.023441599681973457
v -0.06482300162315369 -0.0024999999441206455 -0.026419300585985184
v -0.06482300162315369 -0.0012499999720603228 -0.026419300585985184
v -0.06355330348014832 -0.0012499999720603228 -0.029342399910092354
v -0.0678166002035141 -0.0024999999441206455 -0.017346499487757683
v -0.06695680320262909 -0.0024999999441206455 -0.020415199920535088
v -0.0678166002035141 -0.0012499999720603228 -0.017346499487757683
v -0.06695680320262909 -0.0012499999720603228 -0.020415199920535088
v -0.06595829874277115 -0.0012499999720603228 -0.023441599681973457
v -0.0691130980849266 -0.0024999999441206455 -0.011107799597084522
v -0.06853590160608292 -0.0024999999441206455 -0.01424190029501915
v -0.0691130980849266 -0.0012499999720603228 -0.011107799597084522
v -0.06853590160608292 -0.0012499999720603228 -0.01424190029501915
v -0.0698368027806282 -0.0024999999441206455 -0.004776970017701387
v -0.06954699754714966 -0.0024999999441206455 -0.007950609549880028
v -0.06954699754714966 -0.0012499999720603228 -0.007950609549880028
v -0.0699819028377533 -0.0024999999441206455 0.00159342004917562
v -0.0699819028377533 -0.0024999999441206455 -0.00159342004917562
v -0.0699819028377533 -0.0012499999720603228 0.00159342004917562
v -0.0699819028377533 -0.0012499999720603228 -0.00159342004917562
v -0.0698368027806282 -0.0012499999720603228 -0.004776970017701387
v -0.06954699754714966 -0.0024999999441206455 0.007950609549880028
v -0.0698368027806282 -0.0024999999441206455 0.004776970017701387
v -0.06954699754714966 -0.0012499999720603228 0.007950609549880028
v -0.0698368027806282 -0.0012499999720603228 0.004776970017701387
v -0.06853590160608292 -0.0024999999441206455 0.01424190029501915
v -0.0691130980849266 -0.0024999999441206455 0.011107799597084522
v -0.06853590160608292 -0.0012499999720603228 0.01424190029501915
v -0.0691130980849266 -0.0012499999720603228 0.011107799597084522
v -0.06695680320262909 -0.0024999999441206455 0.020415199920535088
v -0.0678166002035141 -0.0024999999441206455 0.017346499487757683
v -0.0678166002035141 -0.0012499999720603228 0.017346499487757683
v -0.06482300162315369 -0.0024999999441206455 0.026419300585985184
v -0.06595829874277115 -0.0024999999441206455 0.023441599681973457
v -0.06595829874277115 -0.0012499999720603228 0.023441599681973457
v -0.06695680320262909 -0.0012499999720603228 0.020415199920535088
v -0.06215199828147888 -0.0024999999441206455 0.03220459818840027
v -0.06482300162315369 -0.0012499999720603228 0.026419300585985184
v -0.06355330348014832 -0.0024999999441206455 0.029342399910092354
v -0.06355330348014832 -0.0012499999720603228 0.029342399910092354
v -0.05896589905023575 -0.0024999999441206455 0.03772290050983429
v -0.060621801763772964 -0.0024999999441206455 0.03500000014901161
v -0.060621801763772964 -0.0012499999720603228 0.03500000014901161
v -0.06215199828147888 -0.0012499999720603228 0.03220459818840027
v -0.055291298776865005 -0.0024999999441206455 0.042928699404001236
v -0.05718789994716644 -0.0024999999441206455 0.040367599576711655
v -0.05718789994716644 -0.0012499999720603228 0.040367599576711655
v -0.05896589905023575 -0.0012499999720603228 0.03772290050983429
v -0.05115849897265434 -0.0024999999441206455 0.04777869954705238
v -0.05328010022640228 -0.0024999999441206455 0.045400701463222504
v -0.05328010022640228 -0.0012499999720603228 0.045400701463222504
v -0.055291298776865005 -0.0012499999720603228 0.042928699404001236
v -0.0466017983853817 -0.0024999999441206455 0.05223289877176285
v -0.04893089830875397 -0.0024999999441206455 0.050057701766490936
v -0.04893089830875397 -0.0012499999720603228 0.050057701766490936
v -0.05115849897265434 -0.0012499999720603228 0.04777869954705238
v -0.041658900678157806 -0.0024999999441206455 0.056254200637340546
v -0.0466017983853817 -0.0012499999720603228 0.05223289877176285
v -0.04417619854211807 -0.0024999999441206455 0.05429980158805847
v -0.04417619854211807 -0.0012499999720603228 0.05429980158805847
v -0.036370899528265 -0.0024999999441206455 0.059809401631355286
v -0.03905539959669113 -0.0024999999441206455 0.05809200182557106
v -0.03905539959669113 -0.0012499999720603228 0.05809200182557106
v -0.041658900678157806 -0.0012499999720603228 0.056254200637340546
v -0.030781399458646774 -0.0024999999441206455 0.06286890059709549
v -0.036370899528265 -0.0012499999720603228 0.059809401631355286
v -0.033610999584198 -0.0024999999441206455 0.06140280142426491
v -0.033610999584198 -0.0012499999720603228 0.06140280142426491
v -0.024936899542808533 -0.0024999999441206455 0.06540759652853012
v -0.02788810059428215 -0.0024999999441206455 0.06420479714870453
v -0.02788810059428215 -0.0012499999720603228 0.06420479714870453
v -0.030781399458646774 -0.0012499999720603228 0.06286890059709549
v -0.01888580061495304 -0.0024999999441206455 0.06740420311689377
v -0.02193409949541092 -0.0024999999441206455 0.0664748027920723
v -0.02193409949541092 -0.0012499999720603228 0.0664748027920723
v -0.024936899542808533 -0.0012499999720603228 0.06540759652853012
v -0.012678099796175957 -0.0024999999441206455 0.06884229928255081
v -0.015798300504684448 -0.0024999999441206455 0.06819389760494232
v -0.015798300504684448 -0.0012499999720603228 0.06819389760494232
v -0.01888580061495304 -0.0012499999720603228 0.06740420311689377
v -0.00953167024999857 -0.0024999999441206455 0.06934799998998642
v -0.0063654398545622826 -0.0012499999720603228 0.06971000134944916
v -0.00953167024999857 -0.0012499999720603228 0.06934799998998642
v -0.012678099796175957 -0.0012499999720603228 0.06884229928255081
v 0 0.07349999994039536 0
v 0 0.07168920338153839 0.003930270206183195
v -0.0034037199802696705 0.07168920338153839 0.0019651399925351143
v 0.0034037199802696705 0.07168920338153839 0.0019651399925351143
v -2.9190399797440945e-17 0.07168920338153839 -0.003930270206183195
v 0.0034037199802696705 0.07168920338153839 -0.0019651399925351143
v -0.0034037199802696705 0.07168920338153839 -0.0019651399925351143
v -0.002956049982458353 -0.0024999999441206455 0.06487999856472015
v -0.004660740029066801 -0.0024999999441206455 0.06729499995708466
v -0.001478019985370338 -0.0024999999441206455 0.06744000315666199
v 0.0029315499123185873 -0.0024999999441206455 0.06434240192174911
v -1.2247400263731834e-05 -0.0024999999441206455 0.06461119651794434
v 0.0014657799620181322 -0.0024999999441206455 0.06717120110988617
v 0.004648500122129917 -0.0024999999441206455 0.06702619791030884
v 0.008609630167484283 -0.0024999999441206455 0.062089599668979645
v 0.007487529888749123 -0.0024999999441206455 0.0658997967839241
v 0.010643900372087955 -0.0024999999441206455 0.06546589732170105
v 0.005770590156316757 -0.0024999999441206455 0.06321600079536438
v 0.01458439975976944 -0.0024999999441206455 0.06249979883432388
v 0.013631300069391727 -0.0024999999441206455 0.06567110121250153
v 0.011597000062465668 -0.0024999999441206455 0.062294699251651764
v 0.016735099256038666 -0.0024999999441206455 0.06495200097560883
v 0.01908460073173046 -0.0024999999441206455 0.06285910308361053
v 0.01898520067334175 -0.0024999999441206455 0.06513170152902603
v 0.02201079949736595 -0.0024999999441206455 0.06413330137729645
v 0.016834499314427376 -0.0024999999441206455 0.06267949938774109
v 0.022277599200606346 -0.0024999999441206455 0.059316400438547134
v 0.023607200011610985 -0.0024999999441206455 0.06236200034618378
v 0.020681099966168404 -0.0024999999441206455 0.061087701469659805
v 0.026967400684952736 -0.0024999999441206455 0.0600426010787487
v 0.02595219947397709 -0.0024999999441206455 0.06272509694099426
v 0.02462249994277954 -0.0024999999441206455 0.05967950075864792
v 0.02887439914047718 -0.0024999999441206455 0.061455801129341125
v 0.030926499515771866 -0.0024999999441206455 0.05649850144982338
v 0.03085399977862835 -0.0024999999441206455 0.059683699160814285
v 0.03364869952201843 -0.0024999999441206455 0.05815400183200836
v 0.028946900740265846 -0.0024999999441206455 0.05827059969305992
v 0.03511950001120567 -0.0024999999441206455 0.052511099725961685
v 0.035745199769735336 -0.0024999999441206455 0.056160200387239456
v 0.03838919848203659 -0.0024999999441206455 0.054382599890232086
v 0.03302299976348877 -0.0024999999441206455 0.05450480058789253
v 0.04036460071802139 -0.0024999999441206455 0.04973610118031502
v 0.03774210065603256 -0.0024999999441206455 0.05112360045313835
v 0.04101179912686348 -0.0024999999441206455 0.05299510061740875
v 0.043483201414346695 -0.0024999999441206455 0.05098450183868408
v 0.04475279897451401 -0.0024999999441206455 0.0456308014690876
v 0.045677300542593 -0.0024999999441206455 0.048931799829006195
v 0.047955699265003204 -0.0024999999441206455 0.04670479893684387
v 0.0425586998462677 -0.0024999999441206455 0.04768339917063713
v 0.049160901457071304 -0.0024999999441206455 0.04236380010843277
v 0.04695679992437363 -0.0024999999441206455 0.043997298926115036
v 0.050159700214862823 -0.0024999999441206455 0.04507119953632355
v 0.052226100116968155 -0.0024999999441206455 0.042646199464797974
v 0.05092329904437065 -0.0024999999441206455 0.03696940094232559
v 0.05494460090994835 -0.0024999999441206455 0.03734619915485382
v 0.05310729891061783 -0.0024999999441206455 0.039948999881744385
v 0.05004210025072098 -0.0024999999441206455 0.03966660052537918
v 0.05549069866538048 -0.0024999999441206455 0.031918998807668686
v 0.05722830072045326 -0.0024999999441206455 0.03482099995017052
v 0.053206998854875565 -0.0024999999441206455 0.03444420173764229
v 0.05882129818201065 -0.0024999999441206455 0.032061800360679626
v 0.05852760002017021 -0.0024999999441206455 0.026854900643229485
v 0.060339801013469696 -0.0024999999441206455 0.029529700055718422
v 0.0616752989590168 -0.0024999999441206455 0.02663709968328476
v 0.05700920149683952 -0.0024999999441206455 0.02938699908554554
v 0.06093740090727806 -0.0024999999441206455 0.021992599591612816
v 0.06288020312786102 -0.0024999999441206455 0.024205999448895454
v 0.06394709646701813 -0.0024999999441206455 0.02120389975607395
v 0.059732500463724136 -0.0024999999441206455 0.02442369982600212
v 0.06110670045018196 -0.0024999999441206455 0.015894999727606773
v 0.06403180211782455 -0.0024999999441206455 0.01815509982407093
v 0.06482130289077759 -0.0024999999441206455 0.015068399719893932
v 0.06102209910750389 -0.0024999999441206455 0.018943799659609795
v 0.0637701004743576 -0.0024999999441206455 0.009993700310587883
v 0.06615299731492996 -0.0024999999441206455 0.012117800302803516
v 0.062438398599624634 -0.0024999999441206455 0.012944299727678299
v 0.06665860116481781 -0.0024999999441206455 0.008972159586846828
v 0.0655691996216774 -0.0024999999441206455 0.00457837013527751
v 0.06755810230970383 -0.0024999999441206455 0.006264490075409412
v 0.06777550280094147 -0.0024999999441206455 0.0030859000980854034
v 0.06466960161924362 -0.0024999999441206455 0.007286040112376213
v 0.06439380347728729 -0.0024999999441206455 -0.0014105100417509675
v 0.06718780100345612 -0.0024999999441206455 9.145629883278161e-05
v 0.06711529940366745 -0.0024999999441206455 -0.0030937399715185165
v 0.06498149782419205 -0.0024999999441206455 0.0015839299885556102
v 0.06556340306997299 -0.0024999999441206455 -0.007495210040360689
v 0.06497859954833984 -0.0024999999441206455 -0.004452859982848167
v 0.0677001029253006 -0.0024999999441206455 -0.006136090029031038
v 0.06733830273151398 -0.0024999999441206455 -0.009301490150392056
v 0.063748300075531 -0.0024999999441206455 -0.012752399779856205
v 0.0664307028055191 -0.0024999999441206455 -0.011930099688470364
v 0.06578250229358673 -0.0024999999441206455 -0.01504950039088726
v 0.06465590000152588 -0.0024999999441206455 -0.010123799555003643
v 0.06091900169849396 -0.0024999999441206455 -0.0190373994410038
v 0.06343860179185867 -0.0024999999441206455 -0.021239500492811203
v 0.06436780095100403 -0.0024999999441206455 -0.018192000687122345
v 0.0623335987329483 -0.0024999999441206455 -0.015894899144768715
v 0.06067290157079697 -0.0024999999441206455 -0.025058399885892868
v 0.060795899480581284 -0.0024999999441206455 -0.022047899663448334
v 0.06331560015678406 -0.0024999999441206455 -0.024250000715255737
v 0.06211309880018234 -0.0024999999441206455 -0.027200400829315186
v 0.057840198278427124 -0.0024999999441206455 -0.02957480028271675
v 0.0606967993080616 -0.0024999999441206455 -0.029458599165081978
v 0.059230998158454895 -0.0024999999441206455 -0.03228740021586418
v 0.059256501495838165 -0.0024999999441206455 -0.02731660008430481
v 0.05465580150485039 -0.0024999999441206455 -0.03457760065793991
v 0.056248001754283905 -0.0024999999441206455 -0.03207619860768318
v 0.057638801634311676 -0.0024999999441206455 -0.03478879854083061
v 0.055921901017427444 -0.0024999999441206455 -0.037472598254680634
v 0.05035969987511635 -0.0024999999441206455 -0.03969759866595268
v 0.05250779911875725 -0.0024999999441206455 -0.037137601524591446
v 0.053773801773786545 -0.0024999999441206455 -0.04003259912133217
v 0.051819898188114166 -0.0024999999441206455 -0.04254920035600662
v 0.04836219921708107 -0.0024999999441206455 -0.04532120004296303
v 0.04936090111732483 -0.0024999999441206455 -0.042509399354457855
v 0.05082109943032265 -0.0024999999441206455 -0.045361001044511795
v 0.04864649847149849 -0.0024999999441206455 -0.04768940061330795
v 0.043887101113796234 -0.0024999999441206455 -0.04834600165486336
v 0.0464089997112751 -0.0024999999441206455 -0.04920180141925812
v 0.04403160139918327 -0.0024999999441206455 -0.051322899758815765
v 0.04612459987401962 -0.0024999999441206455 -0.04683360084891319
v 0.03854279965162277 -0.0024999999441206455 -0.051823098212480545
v 0.041214898228645325 -0.0024999999441206455 -0.05008459836244583
v 0.04135949909687042 -0.0024999999441206455 -0.05306139960885048
v 0.03879909962415695 -0.0024999999441206455 -0.05495750159025192
v 0.03322510048747063 -0.0024999999441206455 -0.055028099566698074
v 0.03614019975066185 -0.0024999999441206455 -0.05655999854207039
v 0.03588389977812767 -0.0024999999441206455 -0.05342559888958931
v 0.03341799974441528 -0.0024999999441206455 -0.05821539834141731
v 0.028099000453948975 -0.0024999999441206455 -0.058017998933792114
v 0.030855000019073486 -0.0024999999441206455 -0.05971039831638336
v 0.027993500232696533 -0.0024999999441206455 -0.06111140176653862
v 0.03066200017929077 -0.0024999999441206455 -0.056522998958826065
v 0.022419100627303123 -0.0024999999441206455 -0.06090730056166649
v 0.025258999317884445 -0.0024999999441206455 -0.05946259945631027
v 0.025153599679470062 -0.0024999999441206455 -0.06255599856376648
v 0.022176599130034447 -0.0024999999441206455 -0.06369099766016006
v 0.017763400450348854 -0.0024999999441206455 -0.06339830160140991
v 0.019848700612783432 -0.0024999999441206455 -0.06493649631738663
v 0.016780799254775047 -0.0024999999441206455 -0.06579609960317612
v 0.02009120024740696 -0.0024999999441206455 -0.06215279921889305
v 0.011636000126600266 -0.0024999999441206455 -0.06304919719696045
v 0.013717199675738811 -0.0024999999441206455 -0.0656215026974678
v 0.01058380026370287 -0.0024999999441206455 -0.06619860231876373
v 0.01469970028847456 -0.0024999999441206455 -0.063223697245121
v 0.005930989980697632 -0.0024999999441206455 -0.06523580104112625
v 0.008783480152487755 -0.0024999999441206455 -0.06414250284433365
v 0.007731330115348101 -0.0024999999441206455 -0.06729190051555634
v 0.004558510147035122 -0.0024999999441206455 -0.06758160144090652
v 0.0006382180145010352 -0.0024999999441206455 -0.06458199769258499
v -0.0012739000376313925 -0.0024999999441206455 -0.0672546997666359
v 0.0019121200311928988 -0.0024999999441206455 -0.0672546997666359
v 0.0032846000976860523 -0.0024999999441206455 -0.06490889936685562
v -0.0052058398723602295 -0.0024999999441206455 -0.06422130018472672
v -0.00419592997059226 -0.0024999999441206455 -0.06707440316677094
v -0.007368749938905239 -0.0024999999441206455 -0.06678470224142075
v -0.0022838099393993616 -0.0024999999441206455 -0.06440170109272003
v -0.011711400002241135 -0.0024999999441206455 -0.06316769868135452
v -0.008458619937300682 -0.0024999999441206455 -0.06369449943304062
v -0.010621500201523304 -0.0024999999441206455 -0.06625779718160629
v -0.013754899613559246 -0.0024999999441206455 -0.06568080186843872
v -0.01783120073378086 -0.0024999999441206455 -0.06373219937086105
v -0.014771300368010998 -0.0024999999441206455 -0.06345000118017197
v -0.01681479997932911 -0.0024999999441206455 -0.06596309691667557
v -0.019882699474692345 -0.0024999999441206455 -0.06510350108146667
v -0.022601699456572533 -0.0024999999441206455 -0.061059098690748215
v -0.0222679004073143 -0.0024999999441206455 -0.06376700103282928
v -0.025244899094104767 -0.0024999999441206455 -0.0626320019364357
v -0.020216500386595726 -0.0024999999441206455 -0.06239569932222366
v -0.02807380072772503 -0.0024999999441206455 -0.05799499899148941
v -0.027981000021100044 -0.0024999999441206455 -0.06109990179538727
v -0.03084239922463894 -0.0024999999441206455 -0.05969889834523201
v -0.02533780038356781 -0.0024999999441206455 -0.05952709913253784
v -0.033465899527072906 -0.0024999999441206455 -0.0550323985517025
v -0.030769899487495422 -0.0024999999441206455 -0.056513700634241104
v -0.03353850170969963 -0.0024999999441206455 -0.058217599987983704
v -0.0362607017159462 -0.0024999999441206455 -0.05656220018863678
v -0.03876189887523651 -0.0024999999441206455 -0.05150960013270378
v -0.038908701390028 -0.0024999999441206455 -0.05480080097913742
v -0.03611389920115471 -0.0024999999441206455 -0.05327099934220314
v -0.04146900027990341 -0.0024999999441206455 -0.05290469899773598
v -0.04400689899921417 -0.0024999999441206455 -0.048148300498723984
v -0.04138439893722534 -0.0024999999441206455 -0.049828898161649704
v -0.04409150034189224 -0.0024999999441206455 -0.05122410133481026
v -0.04646889865398407 -0.0024999999441206455 -0.04910299926996231
v -0.048312101513147354 -0.0024999999441206455 -0.0451711006462574
v -0.04862150177359581 -0.0024999999441206455 -0.04761439934372902
v -0.05079609900712967 -0.0024999999441206455 -0.0452858991920948
v -0.046159498393535614 -0.0024999999441206455 -0.04665970057249069
v -0.050523798912763596 -0.0024999999441206455 -0.03962180018424988
v -0.05190199986100197 -0.0024999999441206455 -0.04251129925251007
v -0.05385589972138405 -0.0024999999441206455 -0.039994701743125916
v -0.049417998641729355 -0.0024999999441206455 -0.04239650070667267
v -0.0549858994781971 -0.0024999999441206455 -0.03546519950032234
v -0.052754901349544525 -0.0024999999441206455 -0.03754350170493126
v -0.05608690157532692 -0.0024999999441206455 -0.037916399538517
v -0.05780389904975891 -0.0024999999441206455 -0.03523259982466698
v -0.05665909871459007 -0.0024999999441206455 -0.029554199427366257
v -0.05864040181040764 -0.0024999999441206455 -0.032277099788188934
v -0.060106199234724045 -0.0024999999441206455 -0.02944830060005188
v -0.055822499096393585 -0.0024999999441206455 -0.0325096994638443
v -0.06066279858350754 -0.0024999999441206455 -0.024723799899220467
v -0.06210809946060181 -0.0024999999441206455 -0.02703309990465641
v -0.058660898357629776 -0.0024999999441206455 -0.027139000594615936
v -0.06331049650907516 -0.0024999999441206455 -0.024082699790596962
v -0.06132809817790985 -0.0024999999441206455 -0.019463200122117996
v -0.0636432021856308 -0.0024999999441206455 -0.0214524008333683
v -0.06457240134477615 -0.0024999999441206455 -0.018404899165034294
v -0.060995399951934814 -0.0024999999441206455 -0.022093499079346657
v -0.06284230202436447 -0.0024999999441206455 -0.013029299676418304
v -0.06208520010113716 -0.0024999999441206455 -0.01624619960784912
v -0.06532949954271317 -0.0024999999441206455 -0.015187899582087994
v -0.06597770005464554 -0.0024999999441206455 -0.012068499810993671
v -0.06553039699792862 -0.0024999999441206455 -0.00771648995578289
v -0.06732170283794403 -0.0024999999441206455 -0.0094121303409338
v -0.06768359988927841 -0.0024999999441206455 -0.0062467302195727825
v -0.06418629735708237 -0.0024999999441206455 -0.010372900404036045
v -0.06507570296525955 -0.0024999999441206455 -0.002404170110821724
v -0.06745629757642746 -0.0024999999441206455 -0.0035905700642615557
v -0.06752879917621613 -0.0024999999441206455 -0.0004053710144944489
v -0.06530299782752991 -0.0024999999441206455 -0.005060330033302307
v -0.06454519927501678 -0.0024999999441206455 0.0036156598944216967
v -0.06726349890232086 -0.0024999999441206455 0.0026045399717986584
v -0.06704609841108322 -0.0024999999441206455 0.005783140193670988
v -0.06481040269136429 -0.0024999999441206455 0.0006057490245439112
v -0.06373749673366547 -0.0024999999441206455 0.009973710402846336
v -0.06664220243692398 -0.0024999999441206455 0.008962159976363182
v -0.06414130330085754 -0.0024999999441206455 0.006794690154492855
v -0.06613670289516449 -0.0024999999441206455 0.012107799760997295
v -0.0623915009200573 -0.0024999999441206455 0.015449699945747852
v -0.06467419862747192 -0.0024999999441206455 0.017932500690221786
v -0.06546369940042496 -0.0024999999441206455 0.014845799654722214
v -0.06306450068950653 -0.0024999999441206455 0.012711700052022934
v -0.060600198805332184 -0.0024999999441206455 0.02142699994146824
v -0.06377849727869034 -0.0024999999441206455 0.020921099931001663
v -0.06149579957127571 -0.0024999999441206455 0.018438300117850304
v -0.06271159648895264 -0.0024999999441206455 0.023923199623823166
v -0.05896589905023575 -0.0024999999441206455 0.027224399149417877
v -0.060559000819921494 -0.0024999999441206455 0.029714500531554222
v -0.0618944987654686 -0.0024999999441206455 0.02682190015912056
v -0.059783101081848145 -0.0024999999441206455 0.024325700476765633
v -0.05577990040183067 -0.0024999999441206455 0.03220459818840027
v -0.05896589905023575 -0.0024999999441206455 0.03220459818840027
v -0.05737290158867836 -0.0024999999441206455 0.0349637009203434
v -0.05737290158867836 -0.0024999999441206455 0.029714500531554222
v -0.05305999889969826 -0.0024999999441206455 0.037453800439834595
v -0.05601299926638603 -0.0024999999441206455 0.03758839890360832
v -0.054419901221990585 -0.0024999999441206455 0.03482919931411743
v -0.05417560040950775 -0.0024999999441206455 0.040191199630498886
v -0.04942670091986656 -0.0024999999441206455 0.04200730100274086
v -0.05029259994626045 -0.0024999999441206455 0.04489300027489662
v -0.052358999848365784 -0.0024999999441206455 0.04246800020337105
v -0.05124339833855629 -0.0024999999441206455 0.03973060101270676
v -0.04495130106806755 -0.0024999999441206455 0.04599060118198395
v -0.045776598155498505 -0.0024999999441206455 0.04911170154809952
v -0.04805490002036095 -0.0024999999441206455 0.046884700655937195
v -0.047189000993967056 -0.0024999999441206455 0.04399900138378143
v -0.040380001068115234 -0.0024999999441206455 0.04979480057954788
v -0.04266570135951042 -0.0024999999441206455 0.047892700880765915
v -0.043490901589393616 -0.0024999999441206455 0.051013801246881485
v -0.0410194993019104 -0.0024999999441206455 0.053024500608444214
v -0.03519200161099434 -0.0024999999441206455 0.05262110009789467
v -0.03578139841556549 -0.0024999999441206455 0.05621520057320595
v -0.0384255014359951 -0.0024999999441206455 0.05443760007619858
v -0.03778599947690964 -0.0024999999441206455 0.051207900047302246
v -0.030926499515771866 -0.0024999999441206455 0.05649850144982338
v -0.033059198409318924 -0.0024999999441206455 0.054559800773859024
v -0.03364869952201843 -0.0024999999441206455 0.05815400183200836
v -0.03085399977862835 -0.0024999999441206455 0.059683699160814285
v -0.025944700464606285 -0.0024999999441206455 0.05906200036406517
v -0.025440799072384834 -0.0024999999441206455 0.062234800308942795
v -0.028363099321722984 -0.0024999999441206455 0.0609654001891613
v -0.02843560092151165 -0.0024999999441206455 0.057780299335718155
v -0.020182199776172638 -0.0024999999441206455 0.061165399849414825
v -0.022559599950909615 -0.0024999999441206455 0.06328649818897247
v -0.023063400760293007 -0.0024999999441206455 0.06011369824409485
v -0.019533999264240265 -0.0024999999441206455 0.0642848014831543
v -0.014472500421106815 -0.0024999999441206455 0.06262630224227905
v -0.016679199412465096 -0.0024999999441206455 0.06501530110836029
v -0.013575299642980099 -0.0024999999441206455 0.06573429703712463
v -0.01732739992439747 -0.0024999999441206455 0.06189589947462082
v -0.008770369924604893 -0.0024999999441206455 0.06380920112133026
v -0.01072429958730936 -0.0024999999441206455 0.06632579863071442
v -0.011621500365436077 -0.0024999999441206455 0.06321779638528824
v -0.007567910011857748 -0.0024999999441206455 0.06675960123538971
v -0.0058632101863622665 -0.0024999999441206455 0.06434459984302521
v -0.026702899485826492 -0.0024999999441206455 0.05477669835090637
v -0.026323800906538963 -0.0024999999441206455 0.05691929906606674
v -0.02881469950079918 -0.0024999999441206455 0.055637601763010025
v -0.028080100193619728 -0.0024999999441206455 0.05039510130882263
v -0.02950330078601837 -0.0024999999441206455 0.053446799516677856
v -0.027391500771045685 -0.0024999999441206455 0.0525858998298645
v -0.03163610026240349 -0.0024999999441206455 0.0515080988407135
v 0.027248399332165718 -0.0024999999441206455 -0.05189190059900284
v 0.022098999470472336 -0.0024999999441206455 -0.055021099746227264
v 0.02767370082437992 -0.0024999999441206455 -0.054954901337623596
v 0.0246737003326416 -0.0024999999441206455 -0.05345650017261505
v 0.025098999962210655 -0.0024999999441206455 -0.05651950091123581
v 0.022259000688791275 -0.0024999999441206455 -0.05796419829130173
v 0.030236700549721718 -0.0024999999441206455 -0.05345999822020531
v 0.05332690104842186 -0.0024999999441206455 0.027113400399684906
v 0.055927298963069916 -0.0024999999441206455 0.02698409929871559
v 0.05440879985690117 -0.0024999999441206455 0.029516199603676796
v 0.049568600952625275 -0.0024999999441206455 0.030663900077342987
v 0.052529700100421906 -0.0024999999441206455 0.031291499733924866
v 0.05144770070910454 -0.0024999999441206455 0.028888599947094917
v 0.050245899707078934 -0.0024999999441206455 0.03381659835577011
v -0.05550609901547432 -0.0024999999441206455 -0.023056399077177048
v -0.05013440176844597 -0.0024999999441206455 -0.026380399242043495
v -0.056082598865032196 -0.0024999999441206455 -0.026305299252271652
v -0.0533967986702919 -0.0024999999441206455 -0.02796730026602745
v -0.052820298820734024 -0.0024999999441206455 -0.024718400090932846
v -0.0580843985080719 -0.0024999999441206455 -0.023890100419521332
v -0.04993709921836853 -0.0024999999441206455 -0.03278239816427231
v -0.05329810082912445 -0.0024999999441206455 -0.031168300658464432
v -0.05003570020198822 -0.0024999999441206455 -0.029581399634480476
v -0.05246150121092796 -0.0024999999441206455 -0.034123800694942474
v 0.05877560004591942 -0.0024999999441206455 -0.013832099735736847
v 0.05495519936084747 -0.0024999999441206455 -0.017141500487923622
v 0.056865401566028595 -0.0024999999441206455 -0.015486800111830235
v 0.057937100529670715 -0.0024999999441206455 -0.018089499324560165
v 0.05984729900956154 -0.0024999999441206455 -0.016434799879789352
v 0.06126200035214424 -0.0024999999441206455 -0.013292299583554268
v 0.05509360134601593 -0.0024999999441206455 -0.02389560081064701
v 0.058006301522254944 -0.0024999999441206455 -0.02146649919450283
v 0.0550244003534317 -0.0024999999441206455 -0.020518500357866287
v 0.05788319930434227 -0.0024999999441206455 -0.024476999416947365
v -0.055441901087760925 -0.0024999999441206455 0.015151799656450748
v -0.05891669914126396 -0.0024999999441206455 0.015300700441002846
v -0.058021001517772675 -0.0024999999441206455 0.01828940026462078
v -0.054663799703121185 -0.0024999999441206455 0.022334199398756027
v -0.056814901530742645 -0.0024999999441206455 0.024779299274086952
v -0.057631999254226685 -0.0024999999441206455 0.021880600601434708
v -0.05505279824137688 -0.0024999999441206455 0.01874300092458725
v -0.022545600309967995 -0.0024999999441206455 -0.05494840070605278
v -0.022573700174689293 -0.0024999999441206455 -0.05800370126962662
v -0.025309700518846512 -0.0024999999441206455 -0.056471701711416245
v -0.016554800793528557 -0.0024999999441206455 -0.059085000306367874
v -0.019578300416469574 -0.0024999999441206455 -0.06007210165262222
v -0.01719300076365471 -0.0024999999441206455 -0.06140860170125961
v -0.019550200551748276 -0.0024999999441206455 -0.05701670050621033
v 0.011714399792253971 -0.0024999999441206455 0.05803409963846207
v 0.010161999613046646 -0.0024999999441206455 0.060061801224946976
v 0.013149400241672993 -0.0024999999441206455 0.06026700139045715
v 0.01671369932591915 -0.0024999999441206455 0.05692939832806587
v 0.01421399973332882 -0.0024999999441206455 0.057481799274683
v 0.0156491007655859 -0.0024999999441206455 0.05971460044384003
v 0.017899099737405777 -0.0024999999441206455 0.05989430099725723
v -0.0386819988489151 -0.0024999999441206455 -0.04510299861431122
v -0.04420970007777214 -0.0024999999441206455 -0.042160000652074814
v -0.041344501078128815 -0.0024999999441206455 -0.04662559926509857
v -0.04144589975476265 -0.0024999999441206455 -0.043631501495838165
v -0.044108301401138306 -0.0024999999441206455 -0.04515419900417328
v -0.04626090079545975 -0.0024999999441206455 -0.04366559907793999
v -0.038722001016139984 -0.0024999999441206455 -0.04830630123615265
v -0.05968660116195679 -0.0024999999441206455 -0.000611226016189903
v -0.06238120049238205 -0.0024999999441206455 -0.0015076999552547932
v -0.062115900218486786 -0.0024999999441206455 0.0015022200532257557
v -0.06078379973769188 -0.0024999999441206455 -0.0072642602026462555
v -0.06292980164289474 -0.0024999999441206455 -0.004834219813346863
v -0.060235198587179184 -0.0024999999441206455 -0.003937750123441219
v -0.0631570965051651 -0.0024999999441206455 -0.007490380201488733
v 0.04427130147814751 -0.0024999999441206455 -0.036222901195287704
v 0.04388530179858208 -0.0024999999441206455 -0.04247250035405159
v 0.04731550067663193 -0.0024999999441206455 -0.037960201501846313
v 0.04407830163836479 -0.0024999999441206455 -0.03934770077466965
v 0.04712250083684921 -0.0024999999441206455 -0.041085101664066315
v 0.046123698353767395 -0.0024999999441206455 -0.04389680176973343
v 0.04927869886159897 -0.0024999999441206455 -0.03294629976153374
v 0.04981920123100281 -0.0024999999441206455 -0.03632200136780739
v 0.04677499830722809 -0.0024999999441206455 -0.03458460047841072
v 0.05196730047464371 -0.0024999999441206455 -0.033761899918317795
v -0.0013259600382298231 -0.0024999999441206455 -0.059985700994729996
v -0.000343872990924865 -0.0024999999441206455 -0.06228389963507652
v -0.003265900071710348 -0.0024999999441206455 -0.062103498727083206
v 0.004663059953600168 -0.0024999999441206455 -0.05927259847521782
v 0.005297029856592417 -0.0024999999441206455 -0.062254201620817184
v 0.0026506399735808372 -0.0024999999441206455 -0.061927299946546555
v 0.0016685499576851726 -0.0024999999441206455 -0.05962910130620003
v -0.01012600027024746 -0.0024999999441206455 0.05869700014591217
v -0.009448190219700336 -0.0024999999441206455 0.061253100633621216
v -0.01229930017143488 -0.0024999999441206455 0.06066169962286949
v -0.005328219849616289 -0.0024999999441206455 0.06077609956264496
v -0.007049299776554108 -0.0024999999441206455 0.06229259818792343
v -0.0041421400383114815 -0.0024999999441206455 0.06282799690961838
v -0.007727120071649551 -0.0024999999441206455 0.059736501425504684
v 0.058880701661109924 -0.0024999999441206455 0.011242999695241451
v 0.05999369919300079 -0.0024999999441206455 0.0135690001770854
v 0.061325401067733765 -0.0024999999441206455 0.010618300177156925
v 0.06015300005674362 -0.0024999999441206455 0.004764639772474766
v 0.059516798704862595 -0.0024999999441206455 0.008003800176084042
v 0.06196159869432449 -0.0024999999441206455 0.007379170041531324
v 0.06286109983921051 -0.0024999999441206455 0.0046715098433196545
v -0.04799899831414223 -0.0024999999441206455 0.03699760138988495
v -0.05052949860692024 -0.0024999999441206455 0.03722570091485977
v -0.04871290177106857 -0.0024999999441206455 0.039502501487731934
v -0.04394200071692467 -0.0024999999441206455 0.03998969867825508
v -0.04444669932126999 -0.0024999999441206455 0.042990099638700485
v -0.046684399247169495 -0.0024999999441206455 0.04099849984049797
v -0.04597049951553345 -0.0024999999441206455 0.038493599742650986
v 0.03884520009160042 -0.0024999999441206455 0.04307660087943077
v 0.039604898542165756 -0.0024999999441206455 0.046406298875808716
v 0.04179900139570236 -0.0024999999441206455 0.044353701174259186
v 0.033223699778318405 -0.0024999999441206455 0.04660319909453392
v 0.03679409995675087 -0.0024999999441206455 0.04816960170865059
v 0.03603449836373329 -0.0024999999441206455 0.044839899986982346
v 0.03417159989476204 -0.0024999999441206455 0.04955710098147392
v -0.05541149899363518 -0.0024999999441206455 -0.01683720014989376
v -0.058369800448417664 -0.0024999999441206455 -0.018150199204683304
v -0.059126898646354675 -0.0024999999441206455 -0.014933199621737003
v -0.061813101172447205 -0.0024999999441206455 -0.010146800428628922
v -0.05564260110259056 -0.0024999999441206455 -0.010364299640059471
v -0.05552700161933899 -0.0024999999441206455 -0.013600800186395645
v -0.059242501854896545 -0.0024999999441206455 -0.011696799658238888
v -0.05821320042014122 -0.0024999999441206455 -0.008814300410449505
v -0.03331980109214783 -0.0024999999441206455 -0.048532698303461075
v -0.03339289873838425 -0.0024999999441206455 -0.05178249999880791
v -0.03604089841246605 -0.0024999999441206455 -0.05002110078930855
v -0.02807299979031086 -0.0024999999441206455 -0.05179179832339287
v -0.03076940029859543 -0.0024999999441206455 -0.053412098437547684
v -0.03069639950990677 -0.0024999999441206455 -0.05016219988465309
v -0.028073400259017944 -0.0024999999441206455 -0.05489340052008629
v -0.0594589002430439 -0.0024999999441206455 0.0058448598720133305
v -0.06200199946761131 -0.0024999999441206455 0.004730259999632835
v -0.06159820035099983 -0.0024999999441206455 0.007909289561212063
v -0.05911260098218918 -0.0024999999441206455 0.011312800459563732
v -0.0614251010119915 -0.0024999999441206455 0.010643200017511845
v -0.05928580090403557 -0.0024999999441206455 0.008578809909522533
v -0.06075210124254227 -0.0024999999441206455 0.013381199911236763
v 0.008149519562721252 -0.0024999999441206455 -0.06116089969873428
v 0.0109479995444417 -0.0024999999441206455 -0.055468298494815826
v 0.01129200030118227 -0.0024999999441206455 -0.059258799999952316
v 0.0078055099584162235 -0.0024999999441206455 -0.057370398193597794
v 0.016731299459934235 -0.0024999999441206455 -0.0583265982568264
v 0.01418370008468628 -0.0024999999441206455 -0.060687899589538574
v 0.01724730059504509 -0.0024999999441206455 -0.060862500220537186
v 0.013839599676430225 -0.0024999999441206455 -0.05689749866724014
v -0.03868959844112396 -0.0024999999441206455 0.04365139827132225
v -0.04182039946317673 -0.0024999999441206455 0.04482100158929825
v -0.0395347997546196 -0.0024999999441206455 0.046723101288080215
v -0.03316250070929527 -0.0024999999441206455 0.0468222014605999
v -0.03592599928379059 -0.0024999999441206455 0.045236799865961075
v -0.036771200597286224 -0.0024999999441206455 0.04830849915742874
v -0.03417719900608063 -0.0024999999441206455 0.049721598625183105
v -0.015969499945640564 -0.0024999999441206455 0.05626019835472107
v -0.01807590015232563 -0.0024999999441206455 0.05871279910206795
v -0.015220999717712402 -0.0024999999441206455 0.05944329872727394
v -0.02223609946668148 -0.0024999999441206455 0.0538318008184433
v -0.019102800637483597 -0.0024999999441206455 0.055045999586582184
v -0.021209200844168663 -0.0024999999441206455 0.05749860033392906
v -0.024090399965643883 -0.0024999999441206455 0.056446898728609085
v 0.02591470070183277 -0.0024999999441206455 0.056121401488780975
v 0.026441099122166634 -0.0024999999441206455 0.05808199942111969
v 0.028420599177479744 -0.0024999999441206455 0.05631000176072121
v 0.0280728992074728 -0.0024999999441206455 0.05067810043692589
v 0.026993799954652786 -0.0024999999441206455 0.05339980125427246
v 0.029499700292944908 -0.0024999999441206455 0.053588300943374634
v 0.03159619867801666 -0.0024999999441206455 0.05159460008144379
v 0.03839400038123131 -0.0024999999441206455 -0.0455814003944397
v 0.04114050045609474 -0.0024999999441206455 -0.04696369916200638
v 0.03846839815378189 -0.0024999999441206455 -0.04870229959487915
v 0.043886199593544006 -0.0024999999441206455 -0.045409198850393295
v 0.04113969951868057 -0.0024999999441206455 -0.04402700066566467
v 0.05884519964456558 -0.0024999999441206455 -0.0013274999801069498
v 0.060356900095939636 -0.0024999999441206455 -0.007561400067061186
v 0.06161950156092644 -0.0024999999441206455 -0.0013690099585801363
v 0.05960109829902649 -0.0024999999441206455 -0.00444445013999939
v 0.062375400215387344 -0.0024999999441206455 -0.004485960118472576
v 0.0629602000117302 -0.0024999999441206455 -0.007528310175985098
v 0.06227340176701546 -0.0024999999441206455 0.0016770600341260433
v 0.0594990998506546 -0.0024999999441206455 0.0017185700125992298
v -0.05390850082039833 -0.0024999999441206455 0.027498099952936172
v -0.04976160079240799 -0.0024999999441206455 0.03148740157485008
v -0.05183510109782219 -0.0024999999441206455 0.029492799192667007
v -0.05277080088853836 -0.0024999999441206455 0.031846001744270325
v -0.0548442006111145 -0.0024999999441206455 0.02985130064189434
v -0.05141080170869827 -0.0024999999441206455 0.03447059914469719
v -0.05643720179796219 -0.0024999999441206455 0.027361299842596054
v -0.014133100397884846 -0.0024999999441206455 -0.06112629920244217
v -0.011444199830293655 -0.0024999999441206455 -0.05572209879755974
v -0.013999500311911106 -0.0024999999441206455 -0.057403501123189926
v -0.011577799916267395 -0.0024999999441206455 -0.05944490060210228
v -0.006097489967942238 -0.0024999999441206455 -0.05844460055232048
v -0.00890444964170456 -0.0024999999441206455 -0.06080609932541847
v -0.008770870044827461 -0.0024999999441206455 -0.05708340182900429
v -0.005651670042425394 -0.0024999999441206455 -0.06133300065994263
v 0.05493510141968727 -0.0024999999441206455 0.02112489938735962
v 0.05793619900941849 -0.0024999999441206455 0.02155880071222782
v 0.05673129856586456 -0.0024999999441206455 0.023989899083971977
v 0.058020900934934616 -0.0024999999441206455 0.0185100007802248
v -0.044649600982666016 -0.0024999999441206455 -0.03603919968008995
v -0.047586701810359955 -0.0024999999441206455 -0.037830501794815063
v -0.04729330167174339 -0.0024999999441206455 -0.03441080078482628
v -0.05023049935698509 -0.0024999999441206455 -0.03620209917426109
v -0.047366801649332047 -0.0024999999441206455 -0.0408908985555172
v -0.04442970082163811 -0.0024999999441206455 -0.03909960016608238
v 0.05302869901061058 -0.0024999999441206455 -0.0296401996165514
v 0.05543439835309982 -0.0024999999441206455 -0.02960750088095665
v 0.053842298686504364 -0.0024999999441206455 -0.03210889920592308
v 0.05646689981222153 -0.0024999999441206455 -0.026735199615359306
v 0.054061099886894226 -0.0024999999441206455 -0.026767900213599205
v -0.0008542099967598915 -0.0024999999441206455 0.059220898896455765
v -0.0019051299896091223 -0.0024999999441206455 0.06205049902200699
v 0.001038669957779348 -0.0024999999441206455 0.06178160011768341
v 0.005537500139325857 -0.0024999999441206455 0.056460700929164886
v 0.0023416399490088224 -0.0024999999441206455 0.057840801775455475
v 0.004234530031681061 -0.0024999999441206455 0.06040149927139282
v 0.007073559798300266 -0.0024999999441206455 0.05927509814500809
v 0.044213201850652695 -0.0024999999441206455 0.039697401225566864
v 0.0444829985499382 -0.0024999999441206455 0.04266409948468208
v 0.04668699949979782 -0.0024999999441206455 0.04103060066699982
v 0.047568198293447495 -0.0024999999441206455 0.03833340108394623
v -0.036000899970531464 -0.0024999999441206455 -0.04681779816746712
v -0.033327698707580566 -0.0024999999441206455 -0.04217049852013588
v -0.03332379832863808 -0.0024999999441206455 -0.04535159841179848
v -0.03600480034947395 -0.0024999999441206455 -0.04363669827580452
v -0.027908600866794586 -0.0024999999441206455 -0.04552439972758293
v -0.030614199116826057 -0.0024999999441206455 -0.04702860116958618
v -0.030618200078606606 -0.0024999999441206455 -0.043847501277923584
v -0.02799079939723015 -0.0024999999441206455 -0.0486580990254879
v -0.02243190072476864 -0.0024999999441206455 -0.04878060147166252
v -0.02525239996612072 -0.0024999999441206455 -0.050286199897527695
v -0.025170300155878067 -0.0024999999441206455 -0.047152500599622726
v -0.025309300050139427 -0.0024999999441206455 -0.053370099514722824
v -0.022488800808787346 -0.0024999999441206455 -0.05186450108885765
v -0.027885500341653824 -0.0024999999441206455 -0.03920559957623482
v -0.02238059975206852 -0.0024999999441206455 -0.0424049012362957
v -0.027897100895643234 -0.0024999999441206455 -0.042364999651908875
v -0.02514459937810898 -0.0024999999441206455 -0.043964698910713196
v -0.025133099406957626 -0.0024999999441206455 -0.04080519825220108
v -0.02240630052983761 -0.0024999999441206455 -0.04559279978275299
v -0.030606599524617195 -0.0024999999441206455 -0.04068810120224953
v -0.016919400542974472 -0.0024999999441206455 -0.05210459977388382
v -0.016881300136446953 -0.0024999999441206455 -0.045643698424100876
v -0.01967569999396801 -0.0024999999441206455 -0.05044259876012802
v -0.016900399699807167 -0.0024999999441206455 -0.04887409880757332
v -0.019656600430607796 -0.0024999999441206455 -0.04721210151910782
v -0.01973249949514866 -0.0024999999441206455 -0.05352649837732315
v -0.019631000235676765 -0.0024999999441206455 -0.04402429983019829
v -0.02235640026628971 -0.0024999999441206455 -0.03604099899530411
v -0.022368500009179115 -0.0024999999441206455 -0.039222899824380875
v -0.025120899081230164 -0.0024999999441206455 -0.03762330114841461
v -0.01684660091996193 -0.0024999999441206455 -0.03924340009689331
v -0.01961359940469265 -0.0024999999441206455 -0.040824100375175476
v -0.019601499661803246 -0.0024999999441206455 -0.03764219954609871
v -0.016863999888300896 -0.0024999999441206455 -0.042443498969078064
v -0.03339260071516037 -0.0024999999441206455 -0.035950999706983566
v -0.02786489948630333 -0.0024999999441206455 -0.03284100070595741
v -0.030639100819826126 -0.0024999999441206455 -0.03757829964160919
v -0.027875199913978577 -0.0024999999441206455 -0.036023300141096115
v -0.03062869980931282 -0.0024999999441206455 -0.03439600020647049
v -0.025110600516200066 -0.0024999999441206455 -0.03444100171327591
v -0.03336010128259659 -0.0024999999441206455 -0.0390608012676239
v -0.02233709953725338 -0.0024999999441206455 -0.029671799391508102
v -0.016827799379825592 -0.0024999999441206455 -0.032872699201107025
v -0.022346699610352516 -0.0024999999441206455 -0.032856401056051254
v -0.019592100754380226 -0.0024999999441206455 -0.034456901252269745
v -0.01958240009844303 -0.0024999999441206455 -0.03127229958772659
v -0.02510100044310093 -0.0024999999441206455 -0.03125640004873276
v -0.01683720014989376 -0.0024999999441206455 -0.036058101803064346
v -0.011349700391292572 -0.0024999999441206455 -0.042471300810575485
v -0.01131800003349781 -0.0024999999441206455 -0.03607439994812012
v -0.011333899572491646 -0.0024999999441206455 -0.03927280008792877
v -0.014082299545407295 -0.0024999999441206455 -0.037658900022506714
v -0.014098200015723705 -0.0024999999441206455 -0.04085730016231537
v -0.014115500263869762 -0.0024999999441206455 -0.04405749961733818
v -0.014072899706661701 -0.0024999999441206455 -0.03447350114583969
v -0.016809700056910515 -0.0024999999441206455 -0.026501400396227837
v -0.0168187003582716 -0.0024999999441206455 -0.029687099158763885
v -0.019573399797081947 -0.0024999999441206455 -0.028086600825190544
v -0.0113001000136137 -0.0024999999441206455 -0.029702700674533844
v -0.014063900336623192 -0.0024999999441206455 -0.031287699937820435
v -0.011308999732136726 -0.0024999999441206455 -0.0328884981572628
v -0.014054900035262108 -0.0024999999441206455 -0.028102099895477295
v -0.027846500277519226 -0.0024999999441206455 -0.02647080086171627
v -0.02231919951736927 -0.0024999999441206455 -0.023300299420952797
v -0.025091800838708878 -0.0024999999441206455 -0.028071299195289612
v -0.022328099235892296 -0.0024999999441206455 -0.026486000046133995
v -0.025082800537347794 -0.0024999999441206455 -0.024885499849915504
v -0.019564399495720863 -0.0024999999441206455 -0.024900900200009346
v -0.027855699881911278 -0.0024999999441206455 -0.029655899852514267
v -0.016791999340057373 -0.0024999999441206455 -0.020129600539803505
v -0.01680080033838749 -0.0024999999441206455 -0.02331550046801567
v -0.019555600360035896 -0.0024999999441206455 -0.02171500027179718
v -0.011282400228083134 -0.0024999999441206455 -0.023330800235271454
v -0.01129129994660616 -0.0024999999441206455 -0.026516800746321678
v -0.014046099968254566 -0.0024999999441206455 -0.02491609938442707
v -0.01403720024973154 -0.0024999999441206455 -0.021730199456214905
v -0.005790519993752241 -0.0024999999441206455 -0.0329039990901947
v -0.008545310236513615 -0.0024999999441206455 -0.03130339831113815
v -0.008554250001907349 -0.0024999999441206455 -0.03448919951915741
v -0.005772879812866449 -0.0024999999441206455 -0.02653210051357746
v -0.008536489680409431 -0.0024999999441206455 -0.028117399662733078
v -0.005781699903309345 -0.0024999999441206455 -0.029718099161982536
v -0.008527659811079502 -0.0024999999441206455 -0.024931499734520912
v -0.01126480009406805 -0.0024999999441206455 -0.016958899796009064
v -0.014028400182723999 -0.0024999999441206455 -0.01854429952800274
v -0.011273600161075592 -0.0024999999441206455 -0.020144900307059288
v -0.005755280144512653 -0.0024999999441206455 -0.020160099491477013
v -0.00851885974407196 -0.0024999999441206455 -0.021745499223470688
v -0.005764080211520195 -0.0024999999441206455 -0.023346100002527237
v -0.008510059677064419 -0.0024999999441206455 -0.018559500575065613
v -0.01677439920604229 -0.0024999999441206455 -0.013757700100541115
v -0.014019600115716457 -0.0024999999441206455 -0.01535829994827509
v -0.016783200204372406 -0.0024999999441206455 -0.01694360002875328
v -0.022301500663161278 -0.0024999999441206455 -0.016928400844335556
v -0.019537899643182755 -0.0024999999441206455 -0.015343000181019306
v -0.01954670064151287 -0.0024999999441206455 -0.018528999760746956
v -0.022310299798846245 -0.0024999999441206455 -0.02011439949274063
v -0.011247299611568451 -0.0024999999441206455 -0.01058689970523119
v -0.014010800048708916 -0.0024999999441206455 -0.01217230036854744
v -0.011256000027060509 -0.0024999999441206455 -0.013772900216281414
v -0.005737709812819958 -0.0024999999441206455 -0.013788100332021713
v -0.008501269854605198 -0.0024999999441206455 -0.015373500064015388
v -0.005746500100940466 -0.0024999999441206455 -0.016974100843071938
v -0.008492480032145977 -0.0024999999441206455 -0.012187499552965164
v -0.0002281600027345121 -0.0024999999441206455 -0.016989300027489662
v -0.0029829300474375486 -0.0024999999441206455 -0.015388700179755688
v -0.002991720102727413 -0.0024999999441206455 -0.018574699759483337
v -0.00024573199334554374 -0.0024999999441206455 -0.02336129918694496
v -0.003000509925186634 -0.0024999999441206455 -0.02176070027053356
v -0.0030092999804764986 -0.0024999999441206455 -0.024946700781583786
v -0.00023694599804002792 -0.0024999999441206455 -0.020175300538539886
v -0.00021058900165371597 -0.0024999999441206455 -0.010617299936711788
v -0.005720139946788549 -0.0024999999441206455 -0.007416080217808485
v -0.002974150003865361 -0.0024999999441206455 -0.012202699668705463
v -0.0029653599485754967 -0.0024999999441206455 -0.009016689844429493
v -0.005728919990360737 -0.0024999999441206455 -0.010602099820971489
v -0.008483690209686756 -0.0024999999441206455 -0.009001480415463448
v -0.00021937399287708104 -0.0024999999441206455 -0.013803300447762012
v -0.016756799072027206 -0.0024999999441206455 -0.007385650184005499
v -0.014001999981701374 -0.0024999999441206455 -0.008986259810626507
v -0.016765600070357323 -0.0024999999441206455 -0.010571599937975407
v -0.011229700408875942 -0.0024999999441206455 -0.004214860033243895
v -0.01123849954456091 -0.0024999999441206455 -0.007400860078632832
v -0.008474909700453281 -0.0024999999441206455 -0.00581547012552619
v -0.013993199914693832 -0.0024999999441206455 -0.005800249986350536
v -0.00019301999418530613 -0.0024999999441206455 -0.004245290067046881
v -0.00020180399587843567 -0.0024999999441206455 -0.007431299891322851
v -0.0029565799050033092 -0.0024999999441206455 -0.0058306800201535225
v -0.005702570080757141 -0.0024999999441206455 -0.001044059987179935
v -0.0029477900825440884 -0.0024999999441206455 -0.0026446699630469084
v -0.0057113501243293285 -0.0024999999441206455 -0.004230069927871227
v -0.00846611987799406 -0.0024999999441206455 -0.0026294600684195757
v 0.005298960022628307 -0.0024999999441206455 -0.013818499632179737
v 0.002535399980843067 -0.0024999999441206455 -0.015403900295495987
v 0.0025441800244152546 -0.0024999999441206455 -0.012217899784445763
v 0.005316529888659716 -0.0024999999441206455 -0.007446509785950184
v 0.002552970079705119 -0.0024999999441206455 -0.009031910449266434
v 0.002561749890446663 -0.0024999999441206455 -0.005845900159329176
v 0.005307740066200495 -0.0024999999441206455 -0.010632500052452087
v -0.00017545100126881152 -0.0024999999441206455 0.0021267300471663475
v -0.00018423500296194106 -0.0024999999441206455 -0.0010592800099402666
v -0.002939010038971901 -0.0024999999441206455 0.0005413360195234418
v 0.005334100220352411 -0.0024999999441206455 -0.0010744900209829211
v 0.0025705399457365274 -0.0024999999441206455 -0.002659890102222562
v 0.005325309932231903 -0.0024999999441206455 -0.004260499961674213
v 0.002579319989308715 -0.0024999999441206455 0.0005261210026219487
v -0.005685000214725733 -0.0024999999441206455 0.005327960010617971
v -0.011212100274860859 -0.0024999999441206455 0.0021571600809693336
v -0.005693779792636633 -0.0024999999441206455 0.0021419499535113573
v -0.008448559790849686 -0.0024999999441206455 0.0037425600457936525
v -0.00845734030008316 -0.0024999999441206455 0.000556550978217274
v -0.0029302199836820364 -0.0024999999441206455 0.003727349918335676
v -0.0112209003418684 -0.0024999999441206455 -0.0010288499761372805
v -0.0001578819938004017 -0.0024999999441206455 0.008498749695718288
v -0.00016666699957568198 -0.0024999999441206455 0.005312739871442318
v -0.002921439940109849 -0.0024999999441206455 0.006913360208272934
v 0.005351659841835499 -0.0024999999441206455 0.005297529976814985
v 0.0025881100445985794 -0.0024999999441206455 0.0037121300119906664
v 0.005342879798263311 -0.0024999999441206455 0.002111519919708371
v 0.002596890088170767 -0.0024999999441206455 0.0068981400690972805
v 0.010843600146472454 -0.0024999999441206455 -0.004275720100849867
v 0.008080080151557922 -0.0024999999441206455 -0.005861110053956509
v 0.008088869974017143 -0.0024999999441206455 -0.0026750999968498945
v 0.010861200280487537 -0.0024999999441206455 0.0020963000133633614
v 0.008106440305709839 -0.0024999999441206455 0.00369691988453269
v 0.008097649551928043 -0.0024999999441206455 0.0005109059857204556
v 0.010852400213479996 -0.0024999999441206455 -0.0010897100437432528
v 0.005369230173528194 -0.0024999999441206455 0.011669499799609184
v 0.0026056799106299877 -0.0024999999441206455 0.010084199719130993
v 0.005360450129956007 -0.0024999999441206455 0.008483540266752243
v 0.01087880041450262 -0.0024999999441206455 0.008468319661915302
v 0.010870000347495079 -0.0024999999441206455 0.005282309837639332
v 0.008115219883620739 -0.0024999999441206455 0.006882930174469948
v 0.00812400970607996 -0.0024999999441206455 0.01006889995187521
v -0.011194500140845776 -0.0024999999441206455 0.008529179729521275
v -0.005667429883033037 -0.0024999999441206455 0.011699999682605267
v -0.008439769968390465 -0.0024999999441206455 0.006928570102900267
v -0.005676209926605225 -0.0024999999441206455 0.00851397030055523
v -0.008430990390479565 -0.0024999999441206455 0.010114599950611591
v -0.0029126598965376616 -0.0024999999441206455 0.010099399834871292
v -0.011203300207853317 -0.0024999999441206455 0.005343169905245304
v 0.01638830080628395 -0.0024999999441206455 0.005267099943011999
v 0.016370799392461777 -0.0024999999441206455 -0.0011049200547859073
v 0.013624800369143486 -0.0024999999441206455 0.0036816999781876802
v 0.013616000302135944 -0.0024999999441206455 0.000495692016556859
v 0.016379499807953835 -0.0024999999441206455 0.002081089885905385
v 0.013633600436151028 -0.0024999999441206455 0.006867710035294294
v 0.013607200235128403 -0.0024999999441206455 -0.0026903199031949043
v 0.010896299965679646 -0.0024999999441206455 0.01484030019491911
v 0.008132790215313435 -0.0024999999441206455 0.013254900462925434
v 0.010887599550187588 -0.0024999999441206455 0.011654299683868885
v 0.016405899077653885 -0.0024999999441206455 0.011639099568128586
v 0.01364229992032051 -0.0024999999441206455 0.01005369983613491
v 0.016397099941968918 -0.0024999999441206455 0.008453110232949257
v 0.013651099987328053 -0.0024999999441206455 0.013239700347185135
v 0.02191540040075779 -0.0024999999441206455 0.008437889628112316
v 0.019151899963617325 -0.0024999999441206455 0.006852500140666962
v 0.019160699099302292 -0.0024999999441206455 0.010038499720394611
v 0.021897900849580765 -0.0024999999441206455 0.002065869979560375
v 0.019143100827932358 -0.0024999999441206455 0.0036664900835603476
v 0.021906699985265732 -0.0024999999441206455 0.005251879803836346
v 0.01913429982960224 -0.0024999999441206455 0.00048047699965536594
v 0.016353199258446693 -0.0024999999441206455 -0.00747693981975317
v 0.02188030071556568 -0.0024999999441206455 -0.004306150134652853
v 0.01636200025677681 -0.0024999999441206455 -0.0042909299954771996
v 0.019116699695587158 -0.0024999999441206455 -0.005891540087759495
v 0.019125500693917274 -0.0024999999441206455 -0.0027055300306528807
v 0.013598400168120861 -0.0024999999441206455 -0.005876330193132162
v 0.02188909985125065 -0.0024999999441206455 -0.001120139961130917
v 0.021933000534772873 -0.0024999999441206455 0.014809899963438511
v 0.021924199536442757 -0.0024999999441206455 0.011623900383710861
v 0.019169500097632408 -0.0024999999441206455 0.013224500231444836
v 0.016423499211668968 -0.0024999999441206455 0.018011100590229034
v 0.016414700075984 -0.0024999999441206455 0.01482510007917881
v 0.013659900054335594 -0.0024999999441206455 0.01642570085823536
v 0.019178200513124466 -0.0024999999441206455 0.016410499811172485
v 0.010913900099694729 -0.0024999999441206455 0.021212400868535042
v 0.005386800039559603 -0.0024999999441206455 0.018041599541902542
v 0.008150359615683556 -0.0024999999441206455 0.019626999273896217
v 0.008141569793224335 -0.0024999999441206455 0.016441000625491142
v 0.010905100032687187 -0.0024999999441206455 0.018026400357484818
v 0.013668700121343136 -0.0024999999441206455 0.019611800089478493
v 0.005378019995987415 -0.0024999999441206455 0.014855599962174892
v 0.02740740031003952 -0.0024999999441206455 -0.0011353499721735716
v 0.024643899872899055 -0.0024999999441206455 -0.0027207499369978905
v 0.024652600288391113 -0.0024999999441206455 0.00046526201185770333
v 0.027425000444054604 -0.0024999999441206455 0.005236669909209013
v 0.02466139942407608 -0.0024999999441206455 0.003651269944384694
v 0.027416199445724487 -0.0024999999441206455 0.0020506600849330425
v 0.024670200422406197 -0.0024999999441206455 0.006837280001491308
v 0.021862700581550598 -0.0024999999441206455 -0.010678200051188469
v 0.027389900758862495 -0.0024999999441206455 -0.007507369853556156
v 0.021871499717235565 -0.0024999999441206455 -0.0074921599589288235
v 0.024626299738883972 -0.0024999999441206455 -0.009092769585549831
v 0.02463510073721409 -0.0024999999441206455 -0.005906760226935148
v 0.0191079992800951 -0.0024999999441206455 -0.009077549912035465
v 0.027398599311709404 -0.0024999999441206455 -0.004321360029280186
v 0.016441000625491142 -0.0024999999441206455 0.024383200332522392
v 0.013677500188350677 -0.0024999999441206455 0.022797800600528717
v 0.016432199627161026 -0.0024999999441206455 0.02119709923863411
v 0.021950600668787956 -0.0024999999441206455 0.021181900054216385
v 0.01919580064713955 -0.0024999999441206455 0.022782500833272934
v 0.019186999648809433 -0.0024999999441206455 0.01959650032222271
v 0.02194179967045784 -0.0024999999441206455 0.01799589954316616
v 0.005404369905591011 -0.0024999999441206455 0.02441360056400299
v 0.005395589862018824 -0.0024999999441206455 0.021227600052952766
v 0.00815914012491703 -0.0024999999441206455 0.02281299978494644
v 0.010931500233709812 -0.0024999999441206455 0.02758440002799034
v 0.008167929947376251 -0.0024999999441206455 0.025999000295996666
v 0.01092270016670227 -0.0024999999441206455 0.024398399516940117
v 0.01368630025535822 -0.0024999999441206455 0.025983799248933792
v 0.032917000353336334 -0.0024999999441206455 -0.004336569923907518
v 0.03015339933335781 -0.0024999999441206455 -0.005921970121562481
v 0.030162200331687927 -0.0024999999441206455 -0.002735960064455867
v 0.03293450176715851 -0.0024999999441206455 0.002035449957475066
v 0.03017980046570301 -0.0024999999441206455 0.0036360600497573614
v 0.030170999467372894 -0.0024999999441206455 0.00045004801359027624
v 0.0329257994890213 -0.0024999999441206455 -0.001150559983216226
v 0.027372300624847412 -0.0024999999441206455 -0.013879399746656418
v 0.0328993983566761 -0.0024999999441206455 -0.010708600282669067
v 0.030135799199342728 -0.0024999999441206455 -0.012294000014662743
v 0.030144600197672844 -0.0024999999441206455 -0.009107979945838451
v 0.02738109976053238 -0.0024999999441206455 -0.010693400166928768
v 0.024617500603199005 -0.0024999999441206455 -0.012278799898922443
v 0.03290820121765137 -0.0024999999441206455 -0.007522580213844776
v 0.02196810021996498 -0.0024999999441206455 0.027553999796509743
v 0.016458600759506226 -0.0024999999441206455 0.03075519949197769
v 0.019213400781154633 -0.0024999999441206455 0.029154600575566292
v 0.01644979976117611 -0.0024999999441206455 0.027569200843572617
v 0.019204599782824516 -0.0024999999441206455 0.025968600064516068
v 0.021959399804472923 -0.0024999999441206455 0.02436790056526661
v 0.013694999739527702 -0.0024999999441206455 0.029169799759984016
v 0.010949100367724895 -0.0024999999441206455 0.03395640105009079
v 0.013703799806535244 -0.0024999999441206455 0.03235580027103424
v 0.010940300300717354 -0.0024999999441206455 0.030770400539040565
v 0.005421939771622419 -0.0024999999441206455 0.03078559972345829
v 0.008176710456609726 -0.0024999999441206455 0.02918500080704689
v 0.0054131499491631985 -0.0024999999441206455 0.027599599212408066
v 0.008185500279068947 -0.0024999999441206455 0.032370999455451965
v 0.027477700263261795 -0.0024999999441206455 0.024352699518203735
v 0.024714099243283272 -0.0024999999441206455 0.02276729978621006
v 0.024722900241613388 -0.0024999999441206455 0.025953300297260284
v 0.02746010012924671 -0.0024999999441206455 0.017980700358748436
v 0.02746889926493168 -0.0024999999441206455 0.02116670086979866
v 0.024705400690436363 -0.0024999999441206455 0.019581299275159836
v 0.024696599692106247 -0.0024999999441206455 0.01639530062675476
v 0.01633559912443161 -0.0024999999441206455 -0.013849000446498394
v 0.021845199167728424 -0.0024999999441206455 -0.01705019921064377
v 0.019099200144410133 -0.0024999999441206455 -0.012263599783182144
v 0.019090399146080017 -0.0024999999441206455 -0.015449600294232368
v 0.02185400016605854 -0.0024999999441206455 -0.013864199630916119
v 0.016344400122761726 -0.0024999999441206455 -0.01066299993544817
v 0.02460869960486889 -0.0024999999441206455 -0.015464800409972668
v 0.03288180008530617 -0.0024999999441206455 -0.017080599442124367
v 0.03012710064649582 -0.0024999999441206455 -0.015479999594390392
v 0.032890599220991135 -0.0024999999441206455 -0.013894599862396717
v 0.02735470049083233 -0.0024999999441206455 -0.020251400768756866
v 0.024599900469183922 -0.0024999999441206455 -0.018650799989700317
v 0.027363499626517296 -0.0024999999441206455 -0.017065400257706642
v 0.030118299648165703 -0.0024999999441206455 -0.018665999174118042
v 0.016318099573254585 -0.0024999999441206455 -0.020221000537276268
v 0.016326799988746643 -0.0024999999441206455 -0.017035000026226044
v 0.01908160001039505 -0.0024999999441206455 -0.018635600805282593
v 0.02182760089635849 -0.0024999999441206455 -0.023422200232744217
v 0.019072800874710083 -0.0024999999441206455 -0.021821599453687668
v 0.021836400032043457 -0.0024999999441206455 -0.020236199721693993
v 0.024591200053691864 -0.0024999999441206455 -0.02183680050075054
v -0.00010517700138734654 -0.0024999999441206455 0.02761480025947094
v -0.00012274600157979876 -0.0024999999441206455 0.02124279923737049
v -0.00011396100308047608 -0.0024999999441206455 0.024428799748420715
v 0.0026408100966364145 -0.0024999999441206455 0.022828200832009315
v 0.0026495999190956354 -0.0024999999441206455 0.02601419948041439
v 0.002632030053064227 -0.0024999999441206455 0.01964220032095909
v 0.002658379962667823 -0.0024999999441206455 0.029200199991464615
v -8.760880155023187e-05 -0.0024999999441206455 0.03398679941892624
v 0.005440149921923876 -0.0024999999441206455 0.03715649992227554
v 0.0026671600062400103 -0.0024999999441206455 0.03238619863986969
v 0.0054310401901602745 -0.0024999999441206455 0.03397110104560852
v 0.0026762699708342552 -0.0024999999441206455 0.03557170182466507
v 0.008194600231945515 -0.0024999999441206455 0.035556498914957047
v -9.6392999694217e-05 -0.0024999999441206455 0.030800800770521164
v -0.0056322901509702206 -0.0024999999441206455 0.02444400079548359
v -0.0028775199316442013 -0.0024999999441206455 0.02284340001642704
v -0.0028687301091849804 -0.0024999999441206455 0.026029400527477264
v -0.005614719819277525 -0.0024999999441206455 0.03081599995493889
v -0.002859950065612793 -0.0024999999441206455 0.02921539917588234
v -0.005623510107398033 -0.0024999999441206455 0.027629999443888664
v -0.0028511700220406055 -0.0024999999441206455 0.03240140154957771
v 0.03286509960889816 -0.0024999999441206455 -0.0234523992985487
v 0.03010989911854267 -0.0024999999441206455 -0.021851899102330208
v 0.032873500138521194 -0.0024999999441206455 -0.020266499370336533
v 0.027337100356817245 -0.0024999999441206455 -0.026623399928212166
v 0.024582400918006897 -0.0024999999441206455 -0.025022799149155617
v 0.027345899492502213 -0.0024999999441206455 -0.02343739941716194
v 0.030101099982857704 -0.0024999999441206455 -0.025037899613380432
v 0.021810000762343407 -0.0024999999441206455 -0.029794199392199516
v 0.021818799898028374 -0.0024999999441206455 -0.02660820074379444
v 0.02457359991967678 -0.0024999999441206455 -0.02820879966020584
v 0.016300499439239502 -0.0024999999441206455 -0.026592999696731567
v 0.01905529946088791 -0.0024999999441206455 -0.028193600475788116
v 0.019063999876379967 -0.0024999999441206455 -0.025007599964737892
v 0.016309300437569618 -0.0024999999441206455 -0.023406999185681343
v 0.03844410181045532 -0.0024999999441206455 -0.0011657800059765577
v 0.03568049892783165 -0.0024999999441206455 -0.0027511799708008766
v 0.035689301788806915 -0.0024999999441206455 0.00043483299668878317
v 0.03842649981379509 -0.0024999999441206455 -0.007537799887359142
v 0.03567169979214668 -0.0024999999441206455 -0.005937189795076847
v 0.03843529894948006 -0.0024999999441206455 -0.004351790063083172
v 0.035663001239299774 -0.0024999999441206455 -0.009123199619352818
v 0.0384615994989872 -0.0024999999441206455 0.005206239875406027
v 0.03569810092449188 -0.0024999999441206455 0.003620839910581708
v 0.03845290094614029 -0.0024999999441206455 0.0020202300511300564
v 0.03295210003852844 -0.0024999999441206455 0.00840745959430933
v 0.032943300902843475 -0.0024999999441206455 0.0052214497700333595
v 0.03570690006017685 -0.0024999999441206455 0.006806849967688322
v 0.03018850088119507 -0.0024999999441206455 0.0068220701068639755
v -7.004039798630401e-05 -0.0024999999441206455 0.040358901023864746
v -7.882460340624675e-05 -0.0024999999441206455 0.03717280179262161
v 0.0026850600261241198 -0.0024999999441206455 0.038757700473070145
v -0.005597160197794437 -0.0024999999441206455 0.037188101559877396
v -0.002842379966750741 -0.0024999999441206455 0.03558740019798279
v -0.0028335999231785536 -0.0024999999441206455 0.03877349942922592
v -0.0056059397757053375 -0.0024999999441206455 0.034001998603343964
v -0.011124299839138985 -0.0024999999441206455 0.03401729837059975
v -0.008369499817490578 -0.0024999999441206455 0.03241660073399544
v -0.008360709995031357 -0.0024999999441206455 0.03560269996523857
v -0.011141800321638584 -0.0024999999441206455 0.027645200490951538
v -0.011133099906146526 -0.0024999999441206455 0.03083129972219467
v -0.008378280326724052 -0.0024999999441206455 0.029230600222945213
v -0.008387070149183273 -0.0024999999441206455 0.02604459971189499
v 0.016476299613714218 -0.0024999999441206455 0.03712699934840202
v 0.013712700456380844 -0.0024999999441206455 0.03554169833660126
v 0.016467399895191193 -0.0024999999441206455 0.03394110128283501
v 0.010967399924993515 -0.0024999999441206455 0.04032709822058678
v 0.013721800409257412 -0.0024999999441206455 0.03872700035572052
v 0.010958200320601463 -0.0024999999441206455 0.03714179992675781
v 0.008203759789466858 -0.0024999999441206455 0.03874180093407631
v -0.011106699705123901 -0.0024999999441206455 0.040389299392700195
v -0.00557431997731328 -0.0024999999441206455 0.04354970157146454
v -0.008351930417120457 -0.0024999999441206455 0.038788698613643646
v -0.005585739854723215 -0.0024999999441206455 0.04036889970302582
v -0.008340509608387947 -0.0024999999441206455 0.04196950048208237
v -0.0028221800457686186 -0.0024999999441206455 0.04195430129766464
v -0.011115499772131443 -0.0024999999441206455 0.03720330074429512
v -0.016651399433612823 -0.0024999999441206455 0.030846500769257545
v -0.01663379929959774 -0.0024999999441206455 0.037218499928712845
v -0.01388780027627945 -0.0024999999441206455 0.03243190050125122
v -0.013879000209271908 -0.0024999999441206455 0.035617899149656296
v -0.016642600297927856 -0.0024999999441206455 0.03403250128030777
v -0.013896600343286991 -0.0024999999441206455 0.029245899990200996
v -0.01387029979377985 -0.0024999999441206455 0.03880390152335167
v -0.0167216993868351 -0.0024999999441206455 0.0053583900444209576
v -0.013958100229501724 -0.0024999999441206455 0.006943779997527599
v -0.013966900296509266 -0.0024999999441206455 0.0037577699404209852
v -0.016739200800657272 -0.0024999999441206455 -0.0010136299533769488
v -0.01398450043052435 -0.0024999999441206455 -0.0026142399292439222
v -0.013975700363516808 -0.0024999999441206455 0.0005717650055885315
v -0.016730399802327156 -0.0024999999441206455 0.0021723799873143435
v 0.03839140012860298 -0.0024999999441206455 -0.020281799137592316
v 0.038408901542425156 -0.0024999999441206455 -0.013909799978137016
v 0.03840019926428795 -0.0024999999441206455 -0.01709580048918724
v 0.03564539924263954 -0.0024999999441206455 -0.015495199710130692
v 0.035636600106954575 -0.0024999999441206455 -0.018681200221180916
v 0.03565419837832451 -0.0024999999441206455 -0.012309200130403042
v 0.0356283001601696 -0.0024999999441206455 -0.02186710014939308
v -0.011176999658346176 -0.0024999999441206455 0.01490120030939579
v -0.016704099252820015 -0.0024999999441206455 0.011730399914085865
v -0.011185799725353718 -0.0024999999441206455 0.011715199798345566
v -0.013940500095486641 -0.0024999999441206455 0.01331579964607954
v -0.013949300162494183 -0.0024999999441206455 0.01012980006635189
v -0.01671290025115013 -0.0024999999441206455 0.008544400334358215
v -0.00842219963669777 -0.0024999999441206455 0.013300600461661816
v -0.022231200709939003 -0.0024999999441206455 0.00855960976332426
v -0.019476400688290596 -0.0024999999441206455 0.006959000136703253
v -0.01946759968996048 -0.0024999999441206455 0.01014500018209219
v -0.022248800843954086 -0.0024999999441206455 0.00218759011477232
v -0.01949400082230568 -0.0024999999441206455 0.0005869800224900246
v -0.019485199823975563 -0.0024999999441206455 0.0037729900795966387
v -0.02223999984562397 -0.0024999999441206455 0.00537359993904829
v -0.02221360057592392 -0.0024999999441206455 0.014931599609553814
v -0.022222399711608887 -0.0024999999441206455 0.011745600029826164
v -0.019458899274468422 -0.0024999999441206455 0.01333099976181984
v -0.01668649911880493 -0.0024999999441206455 0.01810240000486374
v -0.016695300117135048 -0.0024999999441206455 0.01491640042513609
v -0.019450100138783455 -0.0024999999441206455 0.016517000272870064
v -0.0139317000284791 -0.0024999999441206455 0.01650179922580719
v -0.027758300304412842 -0.0024999999441206455 0.005388820078223944
v -0.024994799867272377 -0.0024999999441206455 0.0069742100313305855
v -0.025003500282764435 -0.0024999999441206455 0.0037881999742239714
v -0.027740800753235817 -0.0024999999441206455 0.011760800145566463
v -0.027749499306082726 -0.0024999999441206455 0.008574830368161201
v -0.02498600073158741 -0.0024999999441206455 0.010160200297832489
v -0.024977199733257294 -0.0024999999441206455 0.013346199877560139
v -0.022196099162101746 -0.0024999999441206455 0.021303700283169746
v -0.027723200619220734 -0.0024999999441206455 0.018132900819182396
v -0.022204900160431862 -0.0024999999441206455 0.018117599189281464
v -0.02495959959924221 -0.0024999999441206455 0.01971830055117607
v -0.024968400597572327 -0.0024999999441206455 0.01653219945728779
v -0.01944129914045334 -0.0024999999441206455 0.019703000783920288
v -0.0277319997549057 -0.0024999999441206455 0.014946799725294113
v -0.03324960172176361 -0.0024999999441206455 0.014961999841034412
v -0.033267900347709656 -0.0024999999441206455 0.008590039797127247
v -0.033258698880672455 -0.0024999999441206455 0.011776000261306763
v -0.030504299327731133 -0.0024999999441206455 0.010175400413572788
v -0.03049520030617714 -0.0024999999441206455 0.013361399993300438
v -0.030486399307847023 -0.0024999999441206455 0.016547400504350662
v -0.03051310032606125 -0.0024999999441206455 0.006989430170506239
v -0.027775900438427925 -0.0024999999441206455 -0.0009832029463723302
v -0.02776709944009781 -0.0024999999441206455 0.0022028100211173296
v -0.025012299418449402 -0.0024999999441206455 0.0006021939916536212
v -0.03328540176153183 -0.0024999999441206455 0.0022180199157446623
v -0.030521899461746216 -0.0024999999441206455 0.003803420113399625
v -0.030530700460076332 -0.0024999999441206455 0.0006174090085551143
v -0.03327669948339462 -0.0024999999441206455 0.005404029972851276
v -0.03323270007967949 -0.0024999999441206455 0.021334100514650345
v -0.03047800064086914 -0.0024999999441206455 0.019733499735593796
v -0.03324120119214058 -0.0024999999441206455 0.018147999420762062
v -0.02770560048520565 -0.0024999999441206455 0.024504899978637695
v -0.027714399620890617 -0.0024999999441206455 0.02131889946758747
v -0.030469199642539024 -0.0024999999441206455 0.02291950024664402
v -0.024950800463557243 -0.0024999999441206455 0.022904299199581146
v -0.03877739980816841 -0.0024999999441206455 0.011791300028562546
v -0.03601349890232086 -0.0024999999441206455 0.013376600109040737
v -0.036022599786520004 -0.0024999999441206455 0.010190700180828571
v -0.038795001804828644 -0.0024999999441206455 0.00541925011202693
v -0.03603139892220497 -0.0024999999441206455 0.007004640065133572
v -0.03604020178318024 -0.0024999999441206455 0.0038186300080269575
v -0.03878619894385338 -0.0024999999441206455 0.008605260401964188
v -0.03881260007619858 -0.0024999999441206455 -0.0009527740185149014
v -0.03880380094051361 -0.0024999999441206455 0.0022332400549203157
v -0.036049000918865204 -0.0024999999441206455 0.0006326240254566073
v -0.033303000032901764 -0.0024999999441206455 -0.004153999965637922
v -0.0332942008972168 -0.0024999999441206455 -0.0009679889772087336
v -0.03605780005455017 -0.0024999999441206455 -0.0025533901061862707
v -0.03053940087556839 -0.0024999999441206455 -0.0025686000008136034
v 0.02749530039727688 -0.0024999999441206455 0.030724700540304184
v 0.021985700353980064 -0.0024999999441206455 0.03392599895596504
v 0.02474050037562847 -0.0024999999441206455 0.03232539817690849
v 0.021976899355649948 -0.0024999999441206455 0.030740000307559967
v 0.024731699377298355 -0.0024999999441206455 0.029139399528503418
v 0.027486499398946762 -0.0024999999441206455 0.02753870002925396
v 0.0192221999168396 -0.0024999999441206455 0.032340601086616516
v 0.03300480172038078 -0.0024999999441206455 0.027523500844836235
v 0.030249999836087227 -0.0024999999441206455 0.029124099761247635
v 0.03024129942059517 -0.0024999999441206455 0.02593809925019741
v 0.03298719972372055 -0.0024999999441206455 0.021151499822735786
v 0.030232500284910202 -0.0024999999441206455 0.022752100601792336
v 0.030223699286580086 -0.0024999999441206455 0.01956610009074211
v 0.03299599885940552 -0.0024999999441206455 0.02433750033378601
v 0.03285190090537071 -0.0024999999441206455 -0.02982329949736595
v 0.027324199676513672 -0.0024999999441206455 -0.03299330174922943
v 0.03009450063109398 -0.0024999999441206455 -0.028223300352692604
v 0.027330700308084488 -0.0024999999441206455 -0.029808400198817253
v 0.03008810058236122 -0.0024999999441206455 -0.03140829876065254
v 0.03285849839448929 -0.0024999999441206455 -0.02663780003786087
v 0.024567099288105965 -0.0024999999441206455 -0.03139379993081093
v 0.01628289930522442 -0.0024999999441206455 -0.032965000718832016
v 0.016291700303554535 -0.0024999999441206455 -0.02977900020778179
v 0.019046500325202942 -0.0024999999441206455 -0.03137959912419319
v 0.021792499348521233 -0.0024999999441206455 -0.036166198551654816
v 0.019037699326872826 -0.0024999999441206455 -0.034565601497888565
v 0.02180119976401329 -0.0024999999441206455 -0.03298019990324974
v 0.024558300152420998 -0.0024999999441206455 -0.034579798579216
v 0.04397119954228401 -0.0024999999441206455 0.00200501992367208
v 0.041216399520635605 -0.0024999999441206455 0.0036056300159543753
v 0.04120760038495064 -0.0024999999441206455 0.00041961800889112055
v 0.04395360127091408 -0.0024999999441206455 -0.0043669999577105045
v 0.04119890183210373 -0.0024999999441206455 -0.002766390098258853
v 0.043962400406599045 -0.0024999999441206455 -0.0011809900170192122
v 0.041190098971128464 -0.0024999999441206455 -0.005952400155365467
v 0.043988801538944244 -0.0024999999441206455 0.008377039805054665
v 0.04397999867796898 -0.0024999999441206455 0.005191029980778694
v 0.04122519865632057 -0.0024999999441206455 0.006791640073060989
v 0.03847920149564743 -0.0024999999441206455 0.011578300036489964
v 0.04123400151729584 -0.0024999999441206455 0.00997764989733696
v 0.038470398634672165 -0.0024999999441206455 0.008392250165343285
v 0.035715699195861816 -0.0024999999441206455 0.00999286025762558
v -0.04432209953665733 -0.0024999999441206455 0.0022484499495476484
v -0.04428030177950859 -0.0024999999441206455 0.008618740364909172
v -0.04155850037932396 -0.0024999999441206455 0.0038338499143719673
v -0.04153760150074959 -0.0024999999441206455 0.007019000127911568
v -0.04430120065808296 -0.0024999999441206455 0.005433599930256605
v -0.041567299515008926 -0.0024999999441206455 0.000647837994620204
v -0.04152879863977432 -0.0024999999441206455 0.010204999707639217
v -0.044339701533317566 -0.0024999999441206455 -0.004123569931834936
v -0.04157609865069389 -0.0024999999441206455 -0.0025381699670106173
v -0.0443308986723423 -0.0024999999441206455 -0.0009375590016134083
v -0.03883010149002075 -0.0024999999441206455 -0.007324790116399527
v -0.04158490151166916 -0.0024999999441206455 -0.005724180024117231
v -0.038821298629045486 -0.0024999999441206455 -0.004138779826462269
v -0.03606659919023514 -0.0024999999441206455 -0.005739400163292885
v -0.03875580057501793 -0.0024999999441206455 0.01816299930214882
v -0.04425859823822975 -0.0024999999441206455 0.014990800060331821
v -0.03876660019159317 -0.0024999999441206455 0.014977100305259228
v -0.04150719940662384 -0.0024999999441206455 0.016576899215579033
v -0.04151799902319908 -0.0024999999441206455 0.013391000218689442
v -0.03600269928574562 -0.0024999999441206455 0.01656249910593033
v -0.04426940158009529 -0.0024999999441206455 0.011804799549281597
v 0.005460939835757017 -0.0024999999441206455 0.043522901833057404
v 0.0026954500935971737 -0.0024999999441206455 0.041940901428461075
v 0.005450550001114607 -0.0024999999441206455 0.04033970087766647
v -4.3486899812705815e-05 -0.0024999999441206455 0.04670820012688637
v -5.6763699831208214e-05 -0.0024999999441206455 0.04353350028395653
v -0.00280891009606421 -0.0024999999441206455 0.04512900114059448
v 0.0027087300550192595 -0.0024999999441206455 0.045115601271390915
v -0.0333205983042717 -0.0024999999441206455 -0.010525999590754509
v -0.036075301468372345 -0.0024999999441206455 -0.008925409987568855
v -0.03331179916858673 -0.0024999999441206455 -0.007340009789913893
v -0.02779350057244301 -0.0024999999441206455 -0.007355220150202513
v -0.030548200011253357 -0.0024999999441206455 -0.0057546100579202175
v -0.030556999146938324 -0.0024999999441206455 -0.008940620347857475
v -0.027784699574112892 -0.0024999999441206455 -0.004169209860265255
v -0.04435719922184944 -0.0024999999441206455 -0.010495600290596485
v -0.04434850066900253 -0.0024999999441206455 -0.007309580221772194
v -0.041593700647354126 -0.0024999999441206455 -0.00891019031405449
v -0.038847699761390686 -0.0024999999441206455 -0.013696799986064434
v -0.04160249978303909 -0.0024999999441206455 -0.01209620013833046
v -0.03883890062570572 -0.0024999999441206455 -0.010510800406336784
v -0.03608410060405731 -0.0024999999441206455 -0.012111400254070759
v 0.010773399844765663 -0.0024999999441206455 -0.029763799160718918
v 0.013536900281906128 -0.0024999999441206455 -0.028178399428725243
v 0.013528100214898586 -0.0024999999441206455 -0.03136439993977547
v 0.010790900327265263 -0.0024999999441206455 -0.02339180000126362
v 0.01354570034891367 -0.0024999999441206455 -0.024992400780320168
v 0.010782199911773205 -0.0024999999441206455 -0.026577800512313843
v 0.013554500415921211 -0.0024999999441206455 -0.021806400269269943
v 0.01075579971075058 -0.0024999999441206455 -0.036135800182819366
v 0.010764599777758121 -0.0024999999441206455 -0.03294980153441429
v 0.013519399799406528 -0.0024999999441206455 -0.03455039858818054
v 0.016265299171209335 -0.0024999999441206455 -0.039337001740932465
v 0.01627410016953945 -0.0024999999441206455 -0.03615099936723709
v 0.013510599732398987 -0.0024999999441206455 -0.037736400961875916
v 0.01902890019118786 -0.0024999999441206455 -0.03775160014629364
v 0.027512799948453903 -0.0024999999441206455 0.03709679841995239
v 0.02474929951131344 -0.0024999999441206455 0.03551140055060387
v 0.027504000812768936 -0.0024999999441206455 0.03391079977154732
v 0.03302239999175072 -0.0024999999441206455 0.033895500004291534
v 0.030258800834417343 -0.0024999999441206455 0.03231009840965271
v 0.03301360085606575 -0.0024999999441206455 0.03070949949324131
v 0.03026759997010231 -0.0024999999441206455 0.03549620136618614
v 0.0385144017636776 -0.0024999999441206455 0.024322299286723137
v 0.035750798881053925 -0.0024999999441206455 0.02273689955472946
v 0.03575960174202919 -0.0024999999441206455 0.025922900065779686
v 0.03853189945220947 -0.0024999999441206455 0.030694300308823586
v 0.03576840087771416 -0.0024999999441206455 0.02910890057682991
v 0.035777099430561066 -0.0024999999441206455 0.032294899225234985
v 0.038523100316524506 -0.0024999999441206455 0.02750829979777336
v 0.021761899814009666 -0.0024999999441206455 -0.042521800845861435
v 0.019013600423932076 -0.0024999999441206455 -0.0409293994307518
v 0.02177719958126545 -0.0024999999441206455 -0.039344001561403275
v 0.02729330025613308 -0.0024999999441206455 -0.03936440125107765
v 0.024542899802327156 -0.0024999999441206455 -0.03776530176401138
v 0.02730879932641983 -0.0024999999441206455 -0.03617890179157257
v 0.024527600035071373 -0.0024999999441206455 -0.04094310104846954
v 0.010738199576735497 -0.0024999999441206455 -0.042507801204919815
v 0.010746999643743038 -0.0024999999441206455 -0.03932179883122444
v 0.013501799665391445 -0.0024999999441206455 -0.04092239961028099
v 0.01624779962003231 -0.0024999999441206455 -0.04570909962058067
v 0.016256600618362427 -0.0024999999441206455 -0.04252300038933754
v 0.019004900008440018 -0.0024999999441206455 -0.044115401804447174
v 0.013492999598383904 -0.0024999999441206455 -0.044108398258686066
v 0.005246249958872795 -0.0024999999441206455 -0.03293459862470627
v 0.008009810000658035 -0.0024999999441206455 -0.03134920075535774
v 0.008001030422747135 -0.0024999999441206455 -0.03453519940376282
v 0.00522868987172842 -0.0024999999441206455 -0.03930659964680672
v 0.005237469915300608 -0.0024999999441206455 -0.03612060099840164
v 0.00799223966896534 -0.0024999999441206455 -0.03772120177745819
v 0.00798346009105444 -0.0024999999441206455 -0.040907200425863266
v 0.005211120005697012 -0.0024999999441206455 -0.045678600668907166
v 0.010720700025558472 -0.0024999999441206455 -0.048879899084568024
v 0.007974670268595219 -0.0024999999441206455 -0.04409319907426834
v 0.007965889759361744 -0.0024999999441206455 -0.047279201447963715
v 0.01072940044105053 -0.0024999999441206455 -0.04569379985332489
v 0.013484200462698936 -0.0024999999441206455 -0.0472945012152195
v 0.005219900049269199 -0.0024999999441206455 -0.04249259829521179
v -0.011089099571108818 -0.0024999999441206455 0.046761300414800644
v -0.008331730030477047 -0.0024999999441206455 0.04515549913048744
v -0.01109789963811636 -0.0024999999441206455 0.04357530176639557
v -0.016616199165582657 -0.0024999999441206455 0.04359050095081329
v -0.013861499726772308 -0.0024999999441206455 0.041989900171756744
v -0.013852699659764767 -0.0024999999441206455 0.04517589882016182
v -0.016625000163912773 -0.0024999999441206455 0.04040449857711792
v -0.022143399342894554 -0.0024999999441206455 0.04041970148682594
v -0.019388599321246147 -0.0024999999441206455 0.038819100707769394
v -0.01937980018556118 -0.0024999999441206455 0.04200509935617447
v -0.022160900756716728 -0.0024999999441206455 0.034047700464725494
v -0.022152099758386612 -0.0024999999441206455 0.03723369911313057
v -0.019397400319576263 -0.0024999999441206455 0.03563309833407402
v -0.01940619945526123 -0.0024999999441206455 0.032447099685668945
v 0.049424901604652405 -0.0024999999441206455 -0.0011973499786108732
v 0.04668920114636421 -0.0024999999441206455 -0.0027821799740195274
v 0.04669800028204918 -0.0024999999441206455 0.00040383500163443387
v 0.049498300999403 -0.0024999999441206455 0.005175809841603041
v 0.046734798699617386 -0.0024999999441206455 0.0035904101096093655
v 0.04946159943938255 -0.0024999999441206455 0.0019892300479114056
v 0.04674350097775459 -0.0024999999441206455 0.006776419933885336
v 0.04942129924893379 -0.0024999999441206455 -0.007568280212581158
v 0.046687401831150055 -0.0024999999441206455 -0.0059676398523151875
v 0.04942309856414795 -0.0024999999441206455 -0.004382810089737177
v 0.043929100036621094 -0.0024999999441206455 -0.010738999582827091
v 0.04117780178785324 -0.0024999999441206455 -0.009138420224189758
v 0.043941400945186615 -0.0024999999441206455 -0.007553020026534796
v 0.04667520150542259 -0.0024999999441206455 -0.009153660386800766
v 0.04399460181593895 -0.0024999999441206455 0.01474469993263483
v 0.04123689979314804 -0.0024999999441206455 0.013161499984562397
v 0.04399169981479645 -0.0024999999441206455 0.011560900136828423
v 0.049515899270772934 -0.0024999999441206455 0.011547800153493881
v 0.04675230011343956 -0.0024999999441206455 0.009962430223822594
v 0.04675519838929176 -0.0024999999441206455 0.013146200217306614
v 0.04950710013508797 -0.0024999999441206455 0.008361820131540298
v -0.00028088100953027606 -0.0024999999441206455 -0.03610540181398392
v 0.002482689917087555 -0.0024999999441206455 -0.03452000021934509
v 0.002473900094628334 -0.0024999999441206455 -0.03770599886775017
v -0.0002984300081152469 -0.0024999999441206455 -0.04247739911079407
v 0.0024651300627738237 -0.0024999999441206455 -0.04089200124144554
v 0.002456340007483959 -0.0024999999441206455 -0.044077999889850616
v -0.0002896549995057285 -0.0024999999441206455 -0.03929140046238899
v -0.027811000123620033 -0.0024999999441206455 -0.013727200217545033
v -0.03333809971809387 -0.0024999999441206455 -0.016898000612854958
v -0.03056580014526844 -0.0024999999441206455 -0.012126600369811058
v -0.033329401165246964 -0.0024999999441206455 -0.013712000101804733
v -0.030574599280953407 -0.0024999999441206455 -0.015312599949538708
v -0.03609289973974228 -0.0024999999441206455 -0.015297399833798409
v -0.027802199125289917 -0.0024999999441206455 -0.010541199706494808
v -0.03886530175805092 -0.0024999999441206455 -0.020068800076842308
v -0.03885649889707565 -0.0024999999441206455 -0.016882799565792084
v -0.036101698875427246 -0.0024999999441206455 -0.018483400344848633
v -0.044374801218509674 -0.0024999999441206455 -0.01686760038137436
v -0.04436599835753441 -0.0024999999441206455 -0.013681599870324135
v -0.041611198335886 -0.0024999999441206455 -0.01528219971805811
v -0.04162000119686127 -0.0024999999441206455 -0.01846819929778576
v -0.04974440112709999 -0.0024999999441206455 0.005442730151116848
v -0.04703329876065254 -0.0024999999441206455 0.0038455899339169264
v -0.04701229929924011 -0.0024999999441206455 0.007030739914625883
v -0.04980999976396561 -0.0024999999441206455 -0.000923898012842983
v -0.04977719858288765 -0.0024999999441206455 0.002259419998154044
v -0.0470660999417305 -0.0024999999441206455 0.0006622759974561632
v -0.047074899077415466 -0.0024999999441206455 -0.002523730043321848
v 0.005193550139665604 -0.0024999999441206455 -0.052050601691007614
v 0.007957110181450844 -0.0024999999441206455 -0.05046530067920685
v 0.005202330183237791 -0.0024999999441206455 -0.04886459931731224
v -0.00031599801150150597 -0.0024999999441206455 -0.048849400132894516
v 0.0024387799203395844 -0.0024999999441206455 -0.050450000911951065
v 0.0024475599639117718 -0.0024999999441206455 -0.04726399853825569
v -0.00030721400980837643 -0.0024999999441206455 -0.04566340148448944
v -0.049866799265146255 -0.0024999999441206455 -0.0072943600825965405
v -0.049925800412893295 -0.0024999999441206455 -0.013649599626660347
v -0.049896299839019775 -0.0024999999441206455 -0.010471999645233154
v -0.04714149981737137 -0.0024999999441206455 -0.012072600424289703
v -0.04711199924349785 -0.0024999999441206455 -0.00889497995376587
v -0.047150298953056335 -0.0024999999441206455 -0.015258600004017353
v -0.04710320010781288 -0.0024999999441206455 -0.005708970129489899
v -0.01658320054411888 -0.0024999999441206455 0.04993550106883049
v -0.013836200349032879 -0.0024999999441206455 0.04834840074181557
v -0.01659969985485077 -0.0024999999441206455 0.04676299914717674
v -0.022197300568223 -0.0024999999441206455 0.04685429856181145
v -0.019406799226999283 -0.0024999999441206455 0.04522240161895752
v -0.019390299916267395 -0.0024999999441206455 0.04839489981532097
v -0.022170400246977806 -0.0024999999441206455 0.043637000024318695
v -0.027670500800013542 -0.0024999999441206455 0.037248898297548294
v -0.024915700778365135 -0.0024999999441206455 0.03564830124378204
v -0.02490689978003502 -0.0024999999441206455 0.03883429989218712
v -0.02765290066599846 -0.0024999999441206455 0.04362089931964874
v -0.027661699801683426 -0.0024999999441206455 0.04043490067124367
v -0.024898100644350052 -0.0024999999441206455 0.042020298540592194
v -0.024925099685788155 -0.0024999999441206455 0.045237600803375244
v -0.04439239948987961 -0.0024999999441206455 -0.02323959954082966
v -0.049901898950338364 -0.0024999999441206455 -0.02003839984536171
v -0.04438360035419464 -0.0024999999441206455 -0.020053600892424583
v -0.04713840037584305 -0.0024999999441206455 -0.018453000113368034
v -0.04714709892868996 -0.0024999999441206455 -0.02163900062441826
v -0.04991390183568001 -0.0024999999441206455 -0.016844000667333603
v -0.041628800332546234 -0.0024999999441206455 -0.021654199808835983
v -0.033355701714754105 -0.0024999999441206455 -0.023270100355148315
v -0.03611050173640251 -0.0024999999441206455 -0.021669499576091766
v -0.03334689885377884 -0.0024999999441206455 -0.02008409984409809
v -0.038882799446582794 -0.0024999999441206455 -0.026440899819135666
v -0.03611930087208748 -0.0024999999441206455 -0.02485550008714199
v -0.03887400031089783 -0.0024999999441206455 -0.023254800587892532
v -0.0416375994682312 -0.0024999999441206455 -0.024840200319886208
v -0.010936000384390354 -0.0024999999441206455 0.052896998822689056
v -0.01375959999859333 -0.0024999999441206455 0.0514163002371788
v -0.011012599803507328 -0.0024999999441206455 0.04982919991016388
v -0.0055394298397004604 -0.0024999999441206455 0.04989270120859146
v -0.005556880030781031 -0.0024999999441206455 0.046721201390028
v -0.008314279839396477 -0.0024999999441206455 0.0483269989490509
v -0.008237719535827637 -0.0024999999441206455 0.05139489844441414
v 0.03857079893350601 -0.0024999999441206455 0.0368536002933979
v 0.03303990140557289 -0.0024999999441206455 0.04026760160923004
v 0.03580540046095848 -0.0024999999441206455 0.03856059908866882
v 0.033031199127435684 -0.0024999999441206455 0.03708159923553467
v 0.035796601325273514 -0.0024999999441206455 0.03537460044026375
v 0.03855140134692192 -0.0024999999441206455 0.0337739996612072
v 0.030276399105787277 -0.0024999999441206455 0.03868220001459122
v 0.027530400082468987 -0.0024999999441206455 0.04346879944205284
v 0.022003300487995148 -0.0024999999441206455 0.04029799997806549
v 0.024766800925135612 -0.0024999999441206455 0.041883401572704315
v 0.024758100509643555 -0.0024999999441206455 0.03869739919900894
v 0.02752159908413887 -0.0024999999441206455 0.040282800793647766
v 0.030285200104117393 -0.0024999999441206455 0.04186819866299629
v 0.02199449948966503 -0.0024999999441206455 0.037112001329660416
v 0.021732499822974205 -0.0024999999441206455 -0.04886709898710251
v 0.018990200012922287 -0.0024999999441206455 -0.04728810116648674
v 0.021747199818491936 -0.0024999999441206455 -0.04569439962506294
v 0.016230199486017227 -0.0024999999441206455 -0.05208110064268112
v 0.013475400395691395 -0.0024999999441206455 -0.05048049986362457
v 0.016239000484347343 -0.0024999999441206455 -0.04889509826898575
v 0.01898140087723732 -0.0024999999441206455 -0.050474099814891815
v 0.04430539906024933 -0.0024999999441206455 0.033632900565862656
v 0.04141870141029358 -0.0024999999441206455 0.032163601368665695
v 0.04143809899687767 -0.0024999999441206455 0.0352431982755661
v 0.04404149949550629 -0.0024999999441206455 0.027493100613355637
v 0.04127790033817291 -0.0024999999441206455 0.02590770088136196
v 0.04128669947385788 -0.0024999999441206455 0.029093699529767036
v 0.044173501431941986 -0.0024999999441206455 0.030563000589609146
v -0.005807979963719845 -0.0024999999441206455 -0.03927620127797127
v -0.0030444299336522818 -0.0024999999441206455 -0.03769079968333244
v -0.003053199965506792 -0.0024999999441206455 -0.04087679833173752
v -0.005825549829751253 -0.0024999999441206455 -0.04564819857478142
v -0.003070770064368844 -0.0024999999441206455 -0.04724879935383797
v -0.0030619900207966566 -0.0024999999441206455 -0.04406280070543289
v -0.005816760007292032 -0.0024999999441206455 -0.04246219992637634
v -0.0002632999967318028 -0.0024999999441206455 -0.02973340079188347
v -0.00027209101244807243 -0.0024999999441206455 -0.032919399440288544
v 0.0024914799723774195 -0.0024999999441206455 -0.03133400157094002
v 0.005263819824904203 -0.0024999999441206455 -0.02656259946525097
v 0.005255039781332016 -0.0024999999441206455 -0.029748599976301193
v 0.008018599823117256 -0.0024999999441206455 -0.028163200244307518
v 0.002500260015949607 -0.0024999999441206455 -0.028147999197244644
v -0.02226630039513111 -0.0024999999441206455 -0.004184429999440908
v -0.022283900529146194 -0.0024999999441206455 -0.010556399822235107
v -0.025029899552464485 -0.0024999999441206455 -0.005769830197095871
v -0.0250387005507946 -0.0024999999441206455 -0.008955840021371841
v -0.022275099530816078 -0.0024999999441206455 -0.007370439823716879
v -0.02504749968647957 -0.0024999999441206455 -0.012141799554228783
v -0.025021100416779518 -0.0024999999441206455 -0.002583819907158613
v 0.010808500461280346 -0.0024999999441206455 -0.01701980084180832
v 0.010826099663972855 -0.0024999999441206455 -0.010647700168192387
v 0.01357209961861372 -0.0024999999441206455 -0.01543440017849207
v 0.013580800034105778 -0.0024999999441206455 -0.012248300015926361
v 0.010817299596965313 -0.0024999999441206455 -0.013833699747920036
v 0.01358960010111332 -0.0024999999441206455 -0.009062339551746845
v 0.013563299551606178 -0.0024999999441206455 -0.01862039975821972
v 0.04402390122413635 -0.0024999999441206455 0.021121099591255188
v 0.041269101202487946 -0.0024999999441206455 0.022721700370311737
v 0.04403270035982132 -0.0024999999441206455 0.024307100102305412
v 0.038496799767017365 -0.0024999999441206455 0.017950300127267838
v 0.03850559890270233 -0.0024999999441206455 0.021136300638318062
v 0.03574199974536896 -0.0024999999441206455 0.019550900906324387
v 0.04126029834151268 -0.0024999999441206455 0.019535699859261513
v -0.005649860017001629 -0.0024999999441206455 0.01807199977338314
v -0.005658640060573816 -0.0024999999441206455 0.014886000193655491
v -0.008413420058786869 -0.0024999999441206455 0.016486600041389465
v -0.011159400455653667 -0.0024999999441206455 0.02127319946885109
v -0.011168199591338634 -0.0024999999441206455 0.018087200820446014
v -0.013922999612987041 -0.0024999999441206455 0.019687799736857414
v -0.008404630236327648 -0.0024999999441206455 0.01967260055243969
v 0.032969698309898376 -0.0024999999441206455 0.014779499731957912
v 0.03297850117087364 -0.0024999999441206455 0.017965499311685562
v 0.03021490015089512 -0.0024999999441206455 0.016380099579691887
v 0.027442600578069687 -0.0024999999441206455 0.011608700267970562
v 0.027451299130916595 -0.0024999999441206455 0.014794699847698212
v 0.030206099152565002 -0.0024999999441206455 0.013194099999964237
v 0.02468780055642128 -0.0024999999441206455 0.013209300115704536
v -0.027688000351190567 -0.0024999999441206455 0.030876899138092995
v -0.02217850089073181 -0.0024999999441206455 0.027675699442625046
v -0.024924499914050102 -0.0024999999441206455 0.03246229887008667
v -0.02493330091238022 -0.0024999999441206455 0.029276300221681595
v -0.022169699892401695 -0.0024999999441206455 0.03086169995367527
v -0.02767929993569851 -0.0024999999441206455 0.03406289964914322
v -0.01941489987075329 -0.0024999999441206455 0.02926109917461872
v -0.03317999839782715 -0.0024999999441206455 0.04045009985566139
v -0.030416499823331833 -0.0024999999441206455 0.04203550145030022
v -0.03042530082166195 -0.0024999999441206455 0.03884949907660484
v -0.03319760039448738 -0.0024999999441206455 0.034078098833560944
v -0.030442800372838974 -0.0024999999441206455 0.03247750177979469
v -0.030433999374508858 -0.0024999999441206455 0.03566350042819977
v -0.033188801258802414 -0.0024999999441206455 0.03726410120725632
v -0.005843109916895628 -0.0024999999441206455 -0.052020199596881866
v -0.0058343298733234406 -0.0024999999441206455 -0.04883420094847679
v -0.003079559886828065 -0.0024999999441206455 -0.05043480172753334
v -0.0003335659857839346 -0.0024999999441206455 -0.055221401154994965
v -0.0003247820131946355 -0.0024999999441206455 -0.05203539878129959
v 0.0024299900978803635 -0.0024999999441206455 -0.05363599956035614
v -0.0030883399304002523 -0.0024999999441206455 -0.053620800375938416
v -0.04440990090370178 -0.0024999999441206455 -0.029611600562930107
v -0.04164639860391617 -0.0024999999441206455 -0.02802629955112934
v -0.044401198625564575 -0.0024999999441206455 -0.026425600051879883
v -0.050018198788166046 -0.0024999999441206455 -0.023209400475025177
v -0.04726339876651764 -0.0024999999441206455 -0.024809999391436577
v -0.047272201627492905 -0.0024999999441206455 -0.0279959999024868
v -0.03337379917502403 -0.0024999999441206455 -0.029631100594997406
v -0.03890040144324303 -0.0024999999441206455 -0.032812900841236115
v -0.03612830117344856 -0.0024999999441206455 -0.028036000207066536
v -0.03889159858226776 -0.0024999999441206455 -0.02962690033018589
v -0.03613710030913353 -0.0024999999441206455 -0.03122200071811676
v -0.03336479887366295 -0.0024999999441206455 -0.02645060047507286
v -0.041655201464891434 -0.0024999999441206455 -0.031212300062179565
v 0.05467259883880615 -0.0024999999441206455 0.0019677600357681513
v 0.05208539962768555 -0.0024999999441206455 0.0035717899445444345
v 0.0520487017929554 -0.0024999999441206455 0.0003852059890050441
v 0.054693300276994705 -0.0024999999441206455 0.008301010355353355
v 0.05209580063819885 -0.0024999999441206455 0.006738409865647554
v 0.05210459977388382 -0.0024999999441206455 0.009924420155584812
v 0.0546828992664814 -0.0024999999441206455 0.005134390201419592
v 0.04946279898285866 -0.0024999999441206455 0.01789350062608719
v 0.0547093003988266 -0.0024999999441206455 0.014282699674367905
v 0.049489300698041916 -0.0024999999441206455 0.01472069974988699
v 0.052112601697444916 -0.0024999999441206455 0.012915300205349922
v 0.0520859993994236 -0.0024999999441206455 0.016088100150227547
v 0.046728700399398804 -0.0024999999441206455 0.016319099813699722
v 0.0547012984752655 -0.0024999999441206455 0.011291899718344212
v -0.05270399898290634 -0.0024999999441206455 -0.02154739946126938
v -0.05545879900455475 -0.0024999999441206455 -0.01994680054485798
v -0.05265669897198677 -0.0024999999441206455 -0.01843780092895031
v -0.052668601274490356 -0.0024999999441206455 -0.015243399888277054
v -0.025138700380921364 -0.0024999999441206455 0.04862470179796219
v -0.02786649949848652 -0.0024999999441206455 0.04700800031423569
v -0.030407700687646866 -0.0024999999441206455 0.04522150009870529
v -0.030621299520134926 -0.0024999999441206455 0.048608601093292236
v -0.03317119926214218 -0.0024999999441206455 0.04363609850406647
v -0.03857960179448128 -0.0024999999441206455 0.037278998643159866
v -0.035879798233509064 -0.0024999999441206455 0.03886460140347481
v -0.035934798419475555 -0.0024999999441206455 0.042050801217556
v -0.03863459825515747 -0.0024999999441206455 0.04046519845724106
v -0.03588860109448433 -0.0024999999441206455 0.035678599029779434
v -0.038703400641679764 -0.0024999999441206455 0.030907299369573593
v -0.03321339935064316 -0.0024999999441206455 0.027705999091267586
v -0.03595050051808357 -0.0024999999441206455 0.03249270096421242
v -0.03595840185880661 -0.0024999999441206455 0.029306599870324135
v -0.03320550173521042 -0.0024999999441206455 0.03089210018515587
v -0.030450699850916862 -0.0024999999441206455 0.02929149940609932
v -0.03864150121808052 -0.0024999999441206455 0.03409310057759285
v -0.011418900452554226 -0.0024999999441206455 -0.04894179850816727
v -0.011384299956262112 -0.0024999999441206455 -0.04570649936795235
v -0.008622219786047935 -0.0024999999441206455 -0.04729500040411949
v -0.008587639778852463 -0.0024999999441206455 -0.04405970126390457
v -0.008631009608507156 -0.0024999999441206455 -0.05048099905252457
v -0.008578849956393242 -0.0024999999441206455 -0.0408736988902092
v -0.027828700840473175 -0.0024999999441206455 -0.020099099725484848
v -0.030601099133491516 -0.0024999999441206455 -0.02487039938569069
v -0.0278376005589962 -0.0024999999441206455 -0.023284999653697014
v -0.03059219941496849 -0.0024999999441206455 -0.02168460004031658
v -0.030583400279283524 -0.0024999999441206455 -0.018498599529266357
v -0.0306100994348526 -0.0024999999441206455 -0.028050899505615234
v -0.027819799259305 -0.0024999999441206455 -0.016913199797272682
v -0.025065099820494652 -0.0024999999441206455 -0.01851380057632923
v -0.025056300684809685 -0.0024999999441206455 -0.015327800065279007
v -0.02229269966483116 -0.0024999999441206455 -0.013742400333285332
v -0.024942100048065186 -0.0024999999441206455 0.02609029971063137
v -0.02218730002641678 -0.0024999999441206455 0.02448970079421997
v -0.016668999567627907 -0.0024999999441206455 0.02447439916431904
v -0.016677699983119965 -0.0024999999441206455 0.021288400515913963
v -0.01943250000476837 -0.0024999999441206455 0.022888999432325363
v -0.019423700869083405 -0.0024999999441206455 0.026075100526213646
v 0.0384880006313324 -0.0024999999441206455 0.014764299616217613
v 0.03573320060968399 -0.0024999999441206455 0.016364900395274162
v 0.03572440147399902 -0.0024999999441206455 0.013178899884223938
v 0.03296089917421341 -0.0024999999441206455 0.011593500152230263
v 0.04124569892883301 -0.0024999999441206455 0.016347499564290047
v -0.00014031400496605784 -0.0024999999441206455 0.014870800077915192
v -0.0028950900305062532 -0.0024999999441206455 0.01647140085697174
v -0.0001315300032729283 -0.0024999999441206455 0.018056800588965416
v -0.0028862999752163887 -0.0024999999441206455 0.019657399505376816
v 0.0026232399977743626 -0.0024999999441206455 0.016456199809908867
v -0.0056410799734294415 -0.0024999999441206455 0.021258000284433365
v -0.019502799957990646 -0.0024999999441206455 -0.0025990300346165895
v -0.022257599979639053 -0.0024999999441206455 -0.0009984179632738233
v -0.01674799993634224 -0.0024999999441206455 -0.004199639894068241
v -0.019511599093675613 -0.0024999999441206455 -0.005785040091723204
v -0.008395849727094173 -0.0024999999441206455 0.022858599200844765
v -0.011150600388646126 -0.0024999999441206455 0.024459199979901314
v -0.0139141995459795 -0.0024999999441206455 0.02287380024790764
v -0.013905400410294533 -0.0024999999441206455 0.026059800758957863
v -0.01666020043194294 -0.0024999999441206455 0.02766050025820732
v 0.0021647498942911625 -0.0024999999441206455 -0.05724700167775154
v 0.004928309936076403 -0.0024999999441206455 -0.05566160008311272
v 0.008070750162005424 -0.0024999999441206455 -0.05375950038433075
v 0.010834299959242344 -0.0024999999441206455 -0.052174098789691925
v 0.04911100119352341 -0.0024999999441206455 0.024293100461363792
v 0.0468050017952919 -0.0024999999441206455 0.029078500345349312
v 0.04657629877328873 -0.0024999999441206455 0.02589309960603714
v 0.04933980107307434 -0.0024999999441206455 0.027478499338030815
v 0.04656749963760376 -0.0024999999441206455 0.022707099094986916
v 0.0469370000064373 -0.0024999999441206455 0.03214839845895767
v -0.005970300175249577 -0.0024999999441206455 -0.055232398211956024
v -0.0086436802521348 -0.0024999999441206455 -0.05387119948863983
v -0.011431599967181683 -0.0024999999441206455 -0.05233189836144447
v -0.0032155299559235573 -0.0024999999441206455 -0.05683299899101257
v 0.038708001375198364 -0.0024999999441206455 0.03996510058641434
v 0.035942599177360535 -0.0024999999441206455 0.04167209938168526
v 0.03313180059194565 -0.0024999999441206455 0.04343539848923683
v 0.03037700057029724 -0.0024999999441206455 0.04503599926829338
v 0.02202090062201023 -0.0024999999441206455 0.04667000100016594
v 0.02477560006082058 -0.0024999999441206455 0.04506940022110939
v 0.022012099623680115 -0.0024999999441206455 0.043483998626470566
v 0.027801699936389923 -0.0024999999441206455 0.047073498368263245
v 0.030648300424218178 -0.0024999999441206455 0.048640698194503784
v 0.025046899914741516 -0.0024999999441206455 0.048674099147319794
v 0.016493700444698334 -0.0024999999441206455 0.04349920153617859
v 0.01924850046634674 -0.0024999999441206455 0.04189860075712204
v 0.016485000029206276 -0.0024999999441206455 0.04031309857964516
v 0.019239800050854683 -0.0024999999441206455 0.038712501525878906
v 0.019231000915169716 -0.0024999999441206455 0.03552649915218353
v 0.019257299602031708 -0.0024999999441206455 0.045084599405527115
v 0.021764099597930908 -0.0024999999441206455 0.05304279923439026
v 0.016511300578713417 -0.0024999999441206455 0.04987119883298874
v 0.019137699156999588 -0.0024999999441206455 0.0514569990336895
v 0.019266100600361824 -0.0024999999441206455 0.04827060177922249
v 0.021892499178647995 -0.0024999999441206455 0.04985639825463295
v 0.0165024995803833 -0.0024999999441206455 0.046685200184583664
v 0.02491850033402443 -0.0024999999441206455 0.0518605001270771
v 0.010984200052917004 -0.0024999999441206455 0.04670039936900139
v 0.01373900007456541 -0.0024999999441206455 0.04509979858994484
v 0.010975800454616547 -0.0024999999441206455 0.04351380094885826
v 0.013730599544942379 -0.0024999999441206455 0.04191320016980171
v 0.013747699558734894 -0.0024999999441206455 0.04828580096364021
v 0.019238900393247604 -0.0024999999441206455 0.054986100643873215
v 0.016612499952316284 -0.0024999999441206455 0.053400300443172455
v 0.011140899732708931 -0.0024999999441206455 0.05282989889383316
v 0.013927300460636616 -0.0024999999441206455 0.054879698902368546
v 0.013826100155711174 -0.0024999999441206455 0.05135060101747513
v 0.011062500067055225 -0.0024999999441206455 0.049765199422836304
v 0.00822256039828062 -0.0024999999441206455 0.045111700892448425
v 0.008214159868657589 -0.0024999999441206455 0.04192499816417694
v 0.0054978299885988235 -0.0024999999441206455 0.04986120015382767
v 0.008241009898483753 -0.0024999999441206455 0.04828080162405968
v 0.008319370448589325 -0.0024999999441206455 0.05134560167789459
v 0.005479389801621437 -0.0024999999441206455 0.046692099422216415
v -0.013452799990773201 -0.0024999999441206455 0.05457859858870506
v -0.016276400536298752 -0.0024999999441206455 0.05309779942035675
v -0.019409699365496635 -0.0024999999441206455 0.051883600652217865
v -0.02221670001745224 -0.0024999999441206455 0.050342999398708344
v -0.04452979937195778 -0.0024999999441206455 -0.032825399190187454
v -0.04177499935030937 -0.0024999999441206455 -0.03442610055208206
v -0.047173500061035156 -0.0024999999441206455 -0.031197000294923782
v -0.03614649921655655 -0.0024999999441206455 -0.03438189998269081
v -0.03338320180773735 -0.0024999999441206455 -0.03279099985957146
v -0.03900370001792908 -0.0024999999441206455 -0.03903380036354065
v -0.04182659834623337 -0.0024999999441206455 -0.03753649815917015
v -0.03895200043916702 -0.0024999999441206455 -0.035923298448324203
v -0.036198098212480545 -0.0024999999441206455 -0.03749239817261696
v -0.041315801441669464 -0.0024999999441206455 0.041820500046014786
v -0.04126080125570297 -0.0024999999441206455 0.038634300231933594
v -0.0438046008348465 -0.0024999999441206455 0.03404980152845383
v -0.04125399887561798 -0.0024999999441206455 0.03247850015759468
v -0.04119209945201874 -0.0024999999441206455 0.0356643982231617
v -0.04387329891324043 -0.0024999999441206455 0.037019699811935425
v -0.03872289881110191 -0.0024999999441206455 0.024533700197935104
v -0.035968098789453506 -0.0024999999441206455 0.02611980028450489
v -0.03871319815516472 -0.0024999999441206455 0.02772049978375435
v -0.044156599789857864 -0.0024999999441206455 0.02772670052945614
v -0.04398059844970703 -0.0024999999441206455 0.03088819980621338
v -0.041430000215768814 -0.0024999999441206455 0.02931700088083744
v -0.04143980145454407 -0.0024999999441206455 0.026130199432373047
v 0.008625959977507591 -0.0024999999441206455 0.05724740028381348
v 0.008339200168848038 -0.0024999999441206455 0.05464529991149902
v 0.011427699588239193 -0.0024999999441206455 0.055431999266147614
v 0.005517669953405857 -0.0024999999441206455 0.05316099897027016
v 0.0027271700091660023 -0.0024999999441206455 0.04828469827771187
v -3.064060001634061e-05 -0.0024999999441206455 0.0530535988509655
v 0.002733600093051791 -0.0024999999441206455 0.05145740136504173
v 0.0027534300461411476 -0.0024999999441206455 0.054757099598646164
v -3.7063698982819915e-05 -0.0024999999441206455 0.049880899488925934
v -0.01053099986165762 -0.0024999999441206455 0.05579699948430061
v -0.013047800399363041 -0.0024999999441206455 0.05747859925031662
v -0.0053812297992408276 -0.0024999999441206455 0.05570239946246147
v -0.008158620446920395 -0.0024999999441206455 0.05429970100522041
v -0.00775361992418766 -0.0024999999441206455 0.05719970166683197
v -0.005460329819470644 -0.0024999999441206455 0.05279750004410744
v -0.014150099828839302 -0.0024999999441206455 -0.04729269817471504
v -0.014181800186634064 -0.0024999999441206455 -0.05391329899430275
v -0.014169099740684032 -0.0024999999441206455 -0.05052319914102554
v -0.00303569994866848 -0.0024999999441206455 -0.03450470045208931
v -0.005799250211566687 -0.0024999999441206455 -0.036090098321437836
v -0.008562980219721794 -0.0024999999441206455 -0.03767529875040054
v -0.019529100507497787 -0.0024999999441206455 -0.012156999669969082
v -0.01952040009200573 -0.0024999999441206455 -0.008971050381660461
v 0.046743400394916534 -0.0024999999441206455 0.01950730010867119
v 0.04928689822554588 -0.0024999999441206455 0.021093299612402916
v 0.04400920122861862 -0.0024999999441206455 0.017932899296283722
v 0.05121900141239166 -0.0024999999441206455 0.025703199207782745
v 0.052198901772499084 -0.0024999999441206455 0.019509200006723404
v 0.05202300101518631 -0.0024999999441206455 0.02270900085568428
v 0.054131001234054565 -0.0024999999441206455 0.024119099602103233
v -0.027696799486875534 -0.0024999999441206455 0.02769090048968792
v -0.03045950084924698 -0.0024999999441206455 0.026105500757694244
v -0.03322310000658035 -0.0024999999441206455 0.02452009916305542
v -0.0359777994453907 -0.0024999999441206455 0.022933900356292725
v -0.03873930126428604 -0.0024999999441206455 0.021348299458622932
v -0.03599429875612259 -0.0024999999441206455 0.019748499616980553
v -0.0027914599049836397 -0.0024999999441206455 0.048300500959157944
v -0.0027850300539284945 -0.0024999999441206455 0.05147320032119751
v -0.002705930033698678 -0.0024999999441206455 0.054377999156713486
v -0.04678310081362724 -0.0024999999441206455 0.032768599689006805
v -0.04695909842848778 -0.0024999999441206455 0.029606999829411507
v -0.04590180143713951 -0.0024999999441206455 0.03552370145916939
v -0.04888030141592026 -0.0024999999441206455 0.034242499619722366
v -0.04425029829144478 -0.0024999999441206455 0.021362600848078728
v -0.0442035011947155 -0.0024999999441206455 0.024544600397348404
v -0.041486598551273346 -0.0024999999441206455 0.022948099300265312
v -0.04942129924893379 -0.0024999999441206455 0.024518700316548347
v -0.04678900167346001 -0.0024999999441206455 0.026122700423002243
v -0.04959150031208992 -0.0024999999441206455 0.02800299972295761
v -0.046835798770189285 -0.0024999999441206455 0.02294060029089451
v 0.023839399218559265 -0.0024999999441206455 0.05458210036158562
v 0.022020800039172173 -0.0024999999441206455 0.056179601699113846
v 0.01949560083448887 -0.0024999999441206455 0.0581228993833065
v 0.02409609965980053 -0.0024999999441206455 0.057718899101018906
v 0.04425929859280586 -0.0024999999441206455 0.03666510060429573
v 0.041391998529434204 -0.0024999999441206455 0.038275498896837234
v 0.04761439934372902 -0.0024999999441206455 0.03530120104551315
v 0.05679500102996826 -0.0024999999441206455 0.012762799859046936
v 0.056786999106407166 -0.0024999999441206455 0.009771980345249176
v 0.05741279944777489 -0.0024999999441206455 0.0033662000205367804
v 0.05742320045828819 -0.0024999999441206455 0.006532830186188221
v 0.05464969947934151 -0.0024999999441206455 -0.004397999960929155
v 0.05675889924168587 -0.0024999999441206455 0.00032012799056246877
v 0.0546610988676548 -0.0024999999441206455 -0.001215119962580502
v 0.056747399270534515 -0.0024999999441206455 -0.0028627500869333744
v 0.05203729867935181 -0.0024999999441206455 -0.0027976699639111757
v 0.054822199046611786 -0.0024999999441206455 0.017703799530863762
v 0.05790799856185913 -0.0024999999441206455 0.015088899992406368
v -0.0031177198980003595 -0.0024999999441206455 0.05746160075068474
v -0.00044242499279789627 -0.0024999999441206455 0.05613730102777481
v -0.0030912200454622507 -0.0024999999441206455 0.05999850109219551
v -0.005354720167815685 -0.0024999999441206455 0.058239199221134186
v -0.01673709973692894 -0.0024999999441206455 -0.0555947981774807
v -0.003711730008944869 -0.0024999999441206455 -0.05921519920229912
v -0.0008297649910673499 -0.0024999999441206455 -0.05760360136628151
v -0.025158099830150604 -0.0024999999441206455 0.05211339890956879
v -0.02446950040757656 -0.0024999999441206455 0.054304201155900955
v -0.04160669818520546 -0.0024999999441206455 -0.04059689864516258
v -0.03616569936275482 -0.0024999999441206455 -0.040602099150419235
v -0.03884280100464821 -0.0024999999441206455 -0.042068399488925934
v 0.041529200971126556 -0.0024999999441206455 0.04138699918985367
v -0.0306193009018898 -0.0024999999441206455 -0.03123609907925129
v -0.025073900818824768 -0.0024999999441206455 -0.021699700504541397
v -0.0002545159950386733 -0.0024999999441206455 -0.026547299697995186
v -0.003018090035766363 -0.0024999999441206455 -0.02813269942998886
v -0.0030269098933786154 -0.0024999999441206455 -0.031318701803684235
v 0.005281390156596899 -0.0024999999441206455 -0.02019049972295761
v 0.0025090400595217943 -0.0024999999441206455 -0.02496200054883957
v 0.005272599868476391 -0.0024999999441206455 -0.023376600816845894
v 0.002517830114811659 -0.0024999999441206455 -0.021775899454951286
v 0.0025266099255532026 -0.0024999999441206455 -0.01858990080654621
v 0.0052901702001690865 -0.0024999999441206455 -0.017004499211907387
v 0.008027380332350731 -0.0024999999441206455 -0.024977199733257294
v 0.008036159910261631 -0.0024999999441206455 -0.02179119922220707
v 0.008044949732720852 -0.0024999999441206455 -0.018605200573801994
v 0.008053730241954327 -0.0024999999441206455 -0.015419100411236286
v 0.010799700394272804 -0.0024999999441206455 -0.020205799490213394
v 0.008062520064413548 -0.0024999999441206455 -0.012233099900186062
v 0.008071299642324448 -0.0024999999441206455 -0.009047119878232479
v 0.010834899730980396 -0.0024999999441206455 -0.007461729925125837
v -0.041503001004457474 -0.0024999999441206455 0.0197627991437912
v -0.04964520037174225 -0.0024999999441206455 0.01818530075252056
v -0.044254399836063385 -0.0024999999441206455 0.018176700919866562
v -0.046947699040174484 -0.0024999999441206455 0.019773900508880615
v -0.04695190116763115 -0.0024999999441206455 0.01658800058066845
v -0.04953330010175705 -0.0024999999441206455 0.021352000534534454
v -0.05166490003466606 -0.0024999999441206455 0.026008399203419685
v -0.05204259976744652 -0.0024999999441206455 0.023426400497555733
v -0.05215450003743172 -0.0024999999441206455 0.02025979943573475
v -0.05428620055317879 -0.0024999999441206455 0.02491619996726513
v -0.0497841015458107 -0.0024999999441206455 0.011819999665021896
v -0.049714699387550354 -0.0024999999441206455 0.015002699568867683
v -0.047021299600601196 -0.0024999999441206455 0.013405400328338146
v -0.05254349857568741 -0.0024999999441206455 0.016668500378727913
v -0.05261300131678581 -0.0024999999441206455 0.01348590012639761
v -0.047032199800014496 -0.0024999999441206455 0.010219399817287922
v -0.05484769865870476 -0.0024999999441206455 0.008610909804701805
v -0.05514480173587799 -0.0024999999441206455 0.011881300248205662
v -0.05231589823961258 -0.0024999999441206455 0.010215500369668007
v -0.049764301627874374 -0.0024999999441206455 0.008631370030343533
v -0.052296098321676254 -0.0024999999441206455 0.0070268199779093266
v -0.056980200111866 -0.0024999999441206455 0.009961839765310287
v -0.05727729946374893 -0.0024999999441206455 0.01323230005800724
v -0.05715329945087433 -0.0024999999441206455 0.007227890193462372
v -0.05521100014448166 -0.0024999999441206455 0.002276510000228882
v -0.05502939969301224 -0.0024999999441206455 0.0054437099024653435
v -0.052477698773145676 -0.0024999999441206455 0.003859620075672865
v -0.05733500048518181 -0.0024999999441206455 0.004060680046677589
v -0.05251049995422363 -0.0024999999441206455 0.0006763039855286479
v -0.05744880065321922 -0.0024999999441206455 0.0008326399838551879
v -0.05957280099391937 -0.0024999999441206455 0.0026168199256062508
v -0.055066898465156555 -0.0024999999441206455 -0.004094560164958239
v -0.05513890087604523 -0.0024999999441206455 -0.0009090279927477241
v -0.05243850126862526 -0.0024999999441206455 -0.002509230049327016
v -0.05737670138478279 -0.0024999999441206455 -0.0023528900928795338
v 0.024678999558091164 -0.0024999999441206455 0.010023299604654312
v 0.02743379957973957 -0.0024999999441206455 0.00842268019914627
v -0.00014909800665918738 -0.0024999999441206455 0.011684799566864967
v -0.0029038700740784407 -0.0024999999441206455 0.013285400345921516
v 0.002614459954202175 -0.0024999999441206455 0.013270200230181217
v 0.013589099980890751 -0.0024999999441206455 -0.053774699568748474
v 0.021915800869464874 -0.0024999999441206455 -0.051944099366664886
v 0.01916459947824478 -0.0024999999441206455 -0.05355110019445419
v 0.019415099173784256 -0.0024999999441206455 -0.05667389929294586
v 0.01648079976439476 -0.0024999999441206455 -0.05520389974117279
v 0.02449049986898899 -0.0024999999441206455 -0.05037949979305267
v 0.027240099385380745 -0.0024999999441206455 -0.04568690061569214
v 0.024486299604177475 -0.0024999999441206455 -0.047276999801397324
v 0.02724429965019226 -0.0024999999441206455 -0.04878940060734749
v 0.024500999599695206 -0.0024999999441206455 -0.04410430043935776
v 0.019575199112296104 -0.0024999999441206455 -0.059616900980472565
v 0.03841770067811012 -0.0024999999441206455 -0.010723800398409367
v 0.04391850158572197 -0.0024999999441206455 -0.017110999673604965
v 0.041168998926877975 -0.0024999999441206455 -0.012324400246143341
v 0.04116370156407356 -0.0024999999441206455 -0.01551039982587099
v 0.04392379894852638 -0.0024999999441206455 -0.013925000093877316
v 0.0411548987030983 -0.0024999999441206455 -0.01869639940559864
v 0.03837380185723305 -0.0024999999441206455 -0.026653900742530823
v 0.035619501024484634 -0.0024999999441206455 -0.025053100660443306
v 0.038382600992918015 -0.0024999999441206455 -0.02346779964864254
v 0.04390089958906174 -0.0024999999441206455 -0.023483099415898323
v 0.04114609956741333 -0.0024999999441206455 -0.021882500499486923
v 0.043909698724746704 -0.0024999999441206455 -0.020297100767493248
v 0.04113740101456642 -0.0024999999441206455 -0.025068499147892
v 0.049428001046180725 -0.0024999999441206455 -0.020312299951910973
v 0.04944559931755066 -0.0024999999441206455 -0.013940200209617615
v 0.04667330160737038 -0.0024999999441206455 -0.018711699172854424
v 0.04943680018186569 -0.0024999999441206455 -0.01712629944086075
v 0.046682000160217285 -0.0024999999441206455 -0.01552559994161129
v 0.046687301248311996 -0.0024999999441206455 -0.01233960036188364
v 0.04666449874639511 -0.0024999999441206455 -0.021897699683904648
v 0.04388339817523956 -0.0024999999441206455 -0.02985510043799877
v 0.041128598153591156 -0.0024999999441206455 -0.028254499658942223
v 0.04389210045337677 -0.0024999999441206455 -0.026669099926948547
v 0.0490386001765728 -0.0024999999441206455 -0.02672860026359558
v 0.04646969959139824 -0.0024999999441206455 -0.025105800479650497
v 0.04923329874873161 -0.0024999999441206455 -0.023520400747656822
v 0.04646100103855133 -0.0024999999441206455 -0.028291799128055573
v 0.038356199860572815 -0.0024999999441206455 -0.03302590176463127
v 0.04111979901790619 -0.0024999999441206455 -0.03144050016999245
v 0.03836499899625778 -0.0024999999441206455 -0.029839899390935898
v 0.03561289981007576 -0.0024999999441206455 -0.028238600119948387
v 0.03560410067439079 -0.0024999999441206455 -0.03142460063099861
v 0.0521916002035141 -0.0024999999441206455 -0.018726900219917297
v 0.05226080119609833 -0.0024999999441206455 -0.022103900089859962
v 0.052200399339199066 -0.0024999999441206455 -0.015540899708867073
v 0.052066098898649216 -0.0024999999441206455 -0.02531209960579872
v 0.05467909947037697 -0.0024999999441206455 -0.010768599808216095
v 0.05206239968538284 -0.0024999999441206455 -0.012354400008916855
v 0.05481709912419319 -0.0024999999441206455 -0.013955100439488888
v 0.049433398991823196 -0.0024999999441206455 -0.010754300281405449
v 0.05205019935965538 -0.0024999999441206455 -0.00916846003383398
v 0.04131380096077919 -0.0024999999441206455 -0.03462440147995949
v 0.044077299535274506 -0.0024999999441206455 -0.03303899988532066
v 0.046581000089645386 -0.0024999999441206455 -0.03140069916844368
v 0.049158599227666855 -0.0024999999441206455 -0.02983739972114563
v 0.03852729871869087 -0.0024999999441206455 -0.03934770077466965
v 0.03844179958105087 -0.0024999999441206455 -0.03618679940700531
v 0.04139930009841919 -0.0024999999441206455 -0.03778529912233353
v 0.03286059945821762 -0.0024999999441206455 -0.03618830069899559
v 0.03569389879703522 -0.0024999999441206455 -0.03776799887418747
v 0.03560839965939522 -0.0024999999441206455 -0.03460710123181343
v 0.03285619989037514 -0.0024999999441206455 -0.03300580009818077
v 0.041206300258636475 -0.0024999999441206455 -0.04091009870171547
v 0.03272780030965805 -0.0024999999441206455 -0.04255859926342964
v 0.032794199883937836 -0.0024999999441206455 -0.039373498409986496
v 0.03562749922275543 -0.0024999999441206455 -0.040953200310468674
v 0.03846070170402527 -0.0024999999441206455 -0.04246459901332855
v 0.03556089848279953 -0.0024999999441206455 -0.04407000169157982
v 0.030092399567365646 -0.0024999999441206455 -0.03459079936146736
v 0.030076900497078896 -0.0024999999441206455 -0.0377763994038105
v 0.03001050092279911 -0.0024999999441206455 -0.04096150025725365
v 0.03279399871826172 -0.0024999999441206455 -0.04894069954752922
v 0.032760899513959885 -0.0024999999441206455 -0.04574970155954361
v 0.029983999207615852 -0.0024999999441206455 -0.04412280023097992
v 0.030017100274562836 -0.0024999999441206455 -0.04731379821896553
v 0.03559400141239166 -0.0024999999441206455 -0.04726110026240349
v 0.027266699820756912 -0.0024999999441206455 -0.042525600641965866
v 0.05672739818692207 -0.0024999999441206455 -0.0123004000633955
v 0.05203549936413765 -0.0024999999441206455 -0.005983139853924513
v 0.05466439947485924 -0.0024999999441206455 -0.007583320140838623
v 0.059566300362348557 -0.0024999999441206455 -0.01069680042564869
v 0.05751800164580345 -0.0024999999441206455 -0.009165019728243351
v 0.05750330165028572 -0.0024999999441206455 -0.005979700013995171
v 0.051153700798749924 -0.0024999999441206455 -0.031293198466300964
v 0.05103360116481781 -0.0024999999441206455 -0.028184400871396065
v 0.030197300016880035 -0.0024999999441206455 0.010008100420236588
v -0.04983840137720108 -0.0024999999441206455 -0.004109129775315523
v -0.05275470018386841 -0.0024999999441206455 -0.008829349651932716
v -0.05278420075774193 -0.0024999999441206455 -0.012006999924778938
v -0.052466798573732376 -0.0024999999441206455 -0.0056944601237773895
v -0.05535469949245453 -0.0024999999441206455 -0.007229450158774853
v -0.05792529881000519 -0.0024999999441206455 -0.005679409950971603
v -0.058417100459337234 -0.0024999999441206455 -0.021259799599647522
v 0.030021199956536293 -0.0024999999441206455 -0.05041629821062088
v 0.035668399184942245 -0.0024999999441206455 -0.05038189888000488
v 0.033009499311447144 -0.0024999999441206455 -0.05198439955711365
v 0.06205260008573532 -0.0024999999441206455 -0.010156899690628052

g grp1
usemtl mtl1
f 1 4 6 
f 4 2 5 
f 6 5 3 
f 5 6 4 
f 2 4 9 
f 4 1 8 
f 9 8 7 
f 8 9 4 
f 10 11 12 
f 11 2 9 
f 12 9 7 
f 9 12 11 
f 2 14 5 
f 14 13 15 
f 5 15 3 
f 15 5 14 
f 16 19 21 
f 19 17 20 
f 21 20 18 
f 20 21 19 
f 17 19 24 
f 19 16 23 
f 24 23 22 
f 23 24 19 
f 17 26 20 
f 26 25 27 
f 20 27 18 
f 27 20 26 
f 28 29 30 
f 29 17 24 
f 30 24 22 
f 24 30 29 
f 1 33 35 
f 33 31 34 
f 35 34 32 
f 34 35 33 
f 31 33 38 
f 33 1 37 
f 38 37 36 
f 37 38 33 
f 1 35 8 
f 35 32 39 
f 8 39 7 
f 39 8 35 
f 36 37 40 
f 37 1 6 
f 40 6 3 
f 6 40 37 
f 31 43 45 
f 43 41 44 
f 45 44 42 
f 44 45 43 
f 41 43 48 
f 43 31 47 
f 48 47 46 
f 47 48 43 
f 32 34 49 
f 34 31 45 
f 49 45 42 
f 45 49 34 
f 31 38 47 
f 38 36 50 
f 47 50 46 
f 50 47 38 
f 51 53 55 
f 53 41 54 
f 55 54 52 
f 54 55 53 
f 41 53 58 
f 53 51 57 
f 58 57 56 
f 57 58 53 
f 52 54 59 
f 54 41 48 
f 59 48 46 
f 48 59 54 
f 41 58 44 
f 58 56 60 
f 44 60 42 
f 60 44 58 
f 51 63 65 
f 63 61 64 
f 65 64 62 
f 64 65 63 
f 61 63 68 
f 63 51 67 
f 68 67 66 
f 67 68 63 
f 51 55 67 
f 55 52 69 
f 67 69 66 
f 69 67 55 
f 56 57 70 
f 57 51 65 
f 70 65 62 
f 65 70 57 
f 61 73 75 
f 73 71 74 
f 75 74 72 
f 74 75 73 
f 71 73 78 
f 73 61 77 
f 78 77 76 
f 77 78 73 
f 62 64 79 
f 64 61 75 
f 79 75 72 
f 75 79 64 
f 61 68 77 
f 68 66 80 
f 77 80 76 
f 80 77 68 
f 81 83 85 
f 83 71 84 
f 85 84 82 
f 84 85 83 
f 71 83 88 
f 83 81 87 
f 88 87 86 
f 87 88 83 
f 82 84 89 
f 84 71 78 
f 89 78 76 
f 78 89 84 
f 71 88 74 
f 88 86 90 
f 74 90 72 
f 90 74 88 
f 81 93 95 
f 93 91 94 
f 95 94 92 
f 94 95 93 
f 91 93 98 
f 93 81 97 
f 98 97 96 
f 97 98 93 
f 81 85 97 
f 85 82 99 
f 97 99 96 
f 99 97 85 
f 86 87 100 
f 87 81 95 
f 100 95 92 
f 95 100 87 
f 101 103 105 
f 103 91 104 
f 105 104 102 
f 104 105 103 
f 91 103 108 
f 103 101 107 
f 108 107 106 
f 107 108 103 
f 102 104 109 
f 104 91 98 
f 109 98 96 
f 98 109 104 
f 91 108 94 
f 108 106 110 
f 94 110 92 
f 110 94 108 
f 111 113 115 
f 113 101 114 
f 115 114 112 
f 114 115 113 
f 101 113 118 
f 113 111 117 
f 118 117 116 
f 117 118 113 
f 101 105 114 
f 105 102 119 
f 114 119 112 
f 119 114 105 
f 106 107 120 
f 107 101 118 
f 120 118 116 
f 118 120 107 
f 121 123 125 
f 123 111 124 
f 125 124 122 
f 124 125 123 
f 111 123 128 
f 123 121 127 
f 128 127 126 
f 127 128 123 
f 122 124 129 
f 124 111 115 
f 129 115 112 
f 115 129 124 
f 111 128 117 
f 128 126 130 
f 117 130 116 
f 130 117 128 
f 131 133 135 
f 133 121 134 
f 135 134 132 
f 134 135 133 
f 121 133 138 
f 133 131 137 
f 138 137 136 
f 137 138 133 
f 132 134 139 
f 134 121 125 
f 139 125 122 
f 125 139 134 
f 121 138 127 
f 138 136 140 
f 127 140 126 
f 140 127 138 
f 141 143 145 
f 143 131 144 
f 145 144 142 
f 144 145 143 
f 131 143 148 
f 143 141 147 
f 148 147 146 
f 147 148 143 
f 131 135 144 
f 135 132 149 
f 144 149 142 
f 149 144 135 
f 136 137 150 
f 137 131 148 
f 150 148 146 
f 148 150 137 
f 16 152 154 
f 152 141 153 
f 154 153 151 
f 153 154 152 
f 141 152 157 
f 152 16 156 
f 157 156 155 
f 156 157 152 
f 151 153 158 
f 153 141 145 
f 158 145 142 
f 145 158 153 
f 141 157 147 
f 157 155 159 
f 147 159 146 
f 159 147 157 
f 16 154 23 
f 154 151 160 
f 23 160 22 
f 160 23 154 
f 155 156 161 
f 156 16 21 
f 161 21 18 
f 21 161 156 
f 162 164 166 
f 164 10 165 
f 166 165 163 
f 165 166 164 
f 163 165 169 
f 165 10 168 
f 169 168 167 
f 168 169 165 
f 10 171 168 
f 171 170 172 
f 168 172 167 
f 172 168 171 
f 170 171 173 
f 171 10 12 
f 173 12 7 
f 12 173 171 
f 174 176 178 
f 176 162 177 
f 178 177 175 
f 177 178 176 
f 162 166 181 
f 166 163 180 
f 181 180 179 
f 180 181 166 
f 182 183 184 
f 183 162 181 
f 184 181 179 
f 181 184 183 
f 162 183 177 
f 183 182 185 
f 177 185 175 
f 185 177 183 
f 186 188 190 
f 188 174 189 
f 190 189 187 
f 189 190 188 
f 174 178 193 
f 178 175 192 
f 193 192 191 
f 192 193 178 
f 174 193 189 
f 193 191 194 
f 189 194 187 
f 194 189 193 
f 13 196 198 
f 196 186 197 
f 198 197 195 
f 197 198 196 
f 195 197 201 
f 197 186 200 
f 201 200 199 
f 200 201 197 
f 186 203 200 
f 203 202 204 
f 200 204 199 
f 204 200 203 
f 202 203 205 
f 203 186 190 
f 205 190 187 
f 190 205 203 
f 13 198 208 
f 198 195 207 
f 208 207 206 
f 207 208 198 
f 209 210 211 
f 210 13 208 
f 211 208 206 
f 208 211 210 
f 13 210 15 
f 210 209 212 
f 15 212 3 
f 212 15 210 
f 25 215 217 
f 215 213 216 
f 217 216 214 
f 216 217 215 
f 25 217 27 
f 217 214 218 
f 27 218 18 
f 218 27 217 
f 213 221 223 
f 221 219 222 
f 223 222 220 
f 222 223 221 
f 214 216 224 
f 216 213 223 
f 224 223 220 
f 223 224 216 
f 219 227 229 
f 227 225 228 
f 229 228 226 
f 228 229 227 
f 219 229 222 
f 229 226 230 
f 222 230 220 
f 230 222 229 
f 225 233 235 
f 233 231 234 
f 235 234 232 
f 234 235 233 
f 226 228 236 
f 228 225 235 
f 236 235 232 
f 235 236 228 
f 231 239 241 
f 239 237 240 
f 241 240 238 
f 240 241 239 
f 231 241 234 
f 241 238 242 
f 234 242 232 
f 242 234 241 
f 237 245 247 
f 245 243 246 
f 247 246 244 
f 246 247 245 
f 238 240 248 
f 240 237 247 
f 248 247 244 
f 247 248 240 
f 243 251 253 
f 251 249 252 
f 253 252 250 
f 252 253 251 
f 244 246 254 
f 246 243 253 
f 254 253 250 
f 253 254 246 
f 249 257 259 
f 257 255 258 
f 259 258 256 
f 258 259 257 
f 249 259 252 
f 259 256 260 
f 252 260 250 
f 260 252 259 
f 255 263 265 
f 263 261 264 
f 265 264 262 
f 264 265 263 
f 256 258 266 
f 258 255 265 
f 266 265 262 
f 265 266 258 
f 261 269 271 
f 269 267 270 
f 271 270 268 
f 270 271 269 
f 261 271 264 
f 271 268 272 
f 264 272 262 
f 272 264 271 
f 267 275 277 
f 275 273 276 
f 277 276 274 
f 276 277 275 
f 268 270 278 
f 270 267 277 
f 278 277 274 
f 277 278 270 
f 273 281 283 
f 281 279 282 
f 283 282 280 
f 282 283 281 
f 274 276 284 
f 276 273 283 
f 284 283 280 
f 283 284 276 
f 279 287 289 
f 287 285 288 
f 289 288 286 
f 288 289 287 
f 279 289 282 
f 289 286 290 
f 282 290 280 
f 290 282 289 
f 285 293 295 
f 293 291 294 
f 295 294 292 
f 294 295 293 
f 286 288 296 
f 288 285 295 
f 296 295 292 
f 295 296 288 
f 291 299 301 
f 299 297 300 
f 301 300 298 
f 300 301 299 
f 291 301 294 
f 301 298 302 
f 294 302 292 
f 302 294 301 
f 297 305 307 
f 305 303 306 
f 307 306 304 
f 306 307 305 
f 298 300 308 
f 300 297 307 
f 308 307 304 
f 307 308 300 
f 303 311 313 
f 311 309 312 
f 313 312 310 
f 312 313 311 
f 303 313 306 
f 313 310 314 
f 306 314 304 
f 314 306 313 
f 309 317 319 
f 317 315 318 
f 319 318 316 
f 318 319 317 
f 310 312 320 
f 312 309 319 
f 320 319 316 
f 319 320 312 
f 315 323 325 
f 323 321 324 
f 325 324 322 
f 324 325 323 
f 316 318 326 
f 318 315 325 
f 326 325 322 
f 325 326 318 
f 321 329 331 
f 329 327 330 
f 331 330 328 
f 330 331 329 
f 321 331 324 
f 331 328 332 
f 324 332 322 
f 332 324 331 
f 327 335 337 
f 335 333 336 
f 337 336 334 
f 336 337 335 
f 328 330 338 
f 330 327 337 
f 338 337 334 
f 337 338 330 
f 333 341 343 
f 341 339 342 
f 343 342 340 
f 342 343 341 
f 333 343 336 
f 343 340 344 
f 336 344 334 
f 344 336 343 
f 339 347 349 
f 347 345 348 
f 349 348 346 
f 348 349 347 
f 340 342 350 
f 342 339 349 
f 350 349 346 
f 349 350 342 
f 345 353 355 
f 353 351 354 
f 355 354 352 
f 354 355 353 
f 345 355 348 
f 355 352 356 
f 348 356 346 
f 356 348 355 
f 351 359 361 
f 359 357 360 
f 361 360 358 
f 360 361 359 
f 352 354 362 
f 354 351 361 
f 362 361 358 
f 361 362 354 
f 357 365 367 
f 365 363 366 
f 367 366 364 
f 366 367 365 
f 357 367 360 
f 367 364 368 
f 360 368 358 
f 368 360 367 
f 363 371 373 
f 371 369 372 
f 373 372 370 
f 372 373 371 
f 364 366 374 
f 366 363 373 
f 374 373 370 
f 373 374 366 
f 369 377 379 
f 377 375 378 
f 379 378 376 
f 378 379 377 
f 369 379 372 
f 379 376 380 
f 372 380 370 
f 380 372 379 
f 375 383 385 
f 383 381 384 
f 385 384 382 
f 384 385 383 
f 376 378 386 
f 378 375 385 
f 386 385 382 
f 385 386 378 
f 381 389 391 
f 389 387 390 
f 391 390 388 
f 390 391 389 
f 381 391 384 
f 391 388 392 
f 384 392 382 
f 392 384 391 
f 387 395 397 
f 395 393 396 
f 397 396 394 
f 396 397 395 
f 388 390 398 
f 390 387 397 
f 398 397 394 
f 397 398 390 
f 393 401 403 
f 401 399 402 
f 403 402 400 
f 402 403 401 
f 393 403 396 
f 403 400 404 
f 396 404 394 
f 404 396 403 
f 399 407 409 
f 407 405 408 
f 409 408 406 
f 408 409 407 
f 400 402 410 
f 402 399 409 
f 410 409 406 
f 409 410 402 
f 405 413 415 
f 413 411 414 
f 415 414 412 
f 414 415 413 
f 405 415 408 
f 415 412 416 
f 408 416 406 
f 416 408 415 
f 411 419 421 
f 419 417 420 
f 421 420 418 
f 420 421 419 
f 412 414 422 
f 414 411 421 
f 422 421 418 
f 421 422 414 
f 417 425 427 
f 425 423 426 
f 427 426 424 
f 426 427 425 
f 417 427 420 
f 427 424 428 
f 420 428 418 
f 428 420 427 
f 423 431 433 
f 431 429 432 
f 433 432 430 
f 432 433 431 
f 424 426 434 
f 426 423 433 
f 434 433 430 
f 433 434 426 
f 429 437 439 
f 437 435 438 
f 439 438 436 
f 438 439 437 
f 429 439 432 
f 439 436 440 
f 432 440 430 
f 440 432 439 
f 435 443 445 
f 443 441 444 
f 445 444 442 
f 444 445 443 
f 436 438 446 
f 438 435 445 
f 446 445 442 
f 445 446 438 
f 441 449 451 
f 449 447 450 
f 451 450 448 
f 450 451 449 
f 441 451 444 
f 451 448 452 
f 444 452 442 
f 452 444 451 
f 447 455 457 
f 455 453 456 
f 457 456 454 
f 456 457 455 
f 448 450 458 
f 450 447 457 
f 458 457 454 
f 457 458 450 
f 453 461 463 
f 461 459 462 
f 463 462 460 
f 462 463 461 
f 453 463 456 
f 463 460 464 
f 456 464 454 
f 464 456 463 
f 459 467 469 
f 467 465 468 
f 469 468 466 
f 468 469 467 
f 460 462 470 
f 462 459 469 
f 470 469 466 
f 469 470 462 
f 465 473 475 
f 473 471 474 
f 475 474 472 
f 474 475 473 
f 465 475 468 
f 475 472 476 
f 468 476 466 
f 476 468 475 
f 471 479 481 
f 479 477 480 
f 481 480 478 
f 480 481 479 
f 472 474 482 
f 474 471 481 
f 482 481 478 
f 481 482 474 
f 477 485 487 
f 485 483 486 
f 487 486 484 
f 486 487 485 
f 477 487 480 
f 487 484 488 
f 480 488 478 
f 488 480 487 
f 483 491 493 
f 491 489 492 
f 493 492 490 
f 492 493 491 
f 484 486 494 
f 486 483 493 
f 494 493 490 
f 493 494 486 
f 489 497 499 
f 497 495 498 
f 499 498 496 
f 498 499 497 
f 489 499 492 
f 499 496 500 
f 492 500 490 
f 500 492 499 
f 495 503 505 
f 503 501 504 
f 505 504 502 
f 504 505 503 
f 496 498 506 
f 498 495 505 
f 506 505 502 
f 505 506 498 
f 501 509 511 
f 509 507 510 
f 511 510 508 
f 510 511 509 
f 501 511 504 
f 511 508 512 
f 504 512 502 
f 512 504 511 
f 507 515 517 
f 515 513 516 
f 517 516 514 
f 516 517 515 
f 507 517 510 
f 517 514 518 
f 510 518 508 
f 518 510 517 
f 513 521 523 
f 521 519 522 
f 523 522 520 
f 522 523 521 
f 514 516 524 
f 516 513 523 
f 524 523 520 
f 523 524 516 
f 519 527 529 
f 527 525 528 
f 529 528 526 
f 528 529 527 
f 519 529 522 
f 529 526 530 
f 522 530 520 
f 530 522 529 
f 525 533 535 
f 533 531 534 
f 535 534 532 
f 534 535 533 
f 526 528 536 
f 528 525 535 
f 536 535 532 
f 535 536 528 
f 531 539 541 
f 539 537 540 
f 541 540 538 
f 540 541 539 
f 531 541 534 
f 541 538 542 
f 534 542 532 
f 542 534 541 
f 537 545 547 
f 545 543 546 
f 547 546 544 
f 546 547 545 
f 538 540 548 
f 540 537 547 
f 548 547 544 
f 547 548 540 
f 543 551 553 
f 551 549 552 
f 553 552 550 
f 552 553 551 
f 543 553 546 
f 553 550 554 
f 546 554 544 
f 554 546 553 
f 549 557 559 
f 557 555 558 
f 559 558 556 
f 558 559 557 
f 549 559 552 
f 559 556 560 
f 552 560 550 
f 560 552 559 
f 555 563 565 
f 563 561 564 
f 565 564 562 
f 564 565 563 
f 556 558 566 
f 558 555 565 
f 566 565 562 
f 565 566 558 
f 561 569 571 
f 569 567 570 
f 571 570 568 
f 570 571 569 
f 561 571 564 
f 571 568 572 
f 564 572 562 
f 572 564 571 
f 567 575 577 
f 575 573 576 
f 577 576 574 
f 576 577 575 
f 568 570 578 
f 570 567 577 
f 578 577 574 
f 577 578 570 
f 573 581 583 
f 581 579 582 
f 583 582 580 
f 582 583 581 
f 584 585 586 
f 585 573 583 
f 586 583 580 
f 583 586 585 
f 573 585 576 
f 585 584 587 
f 576 587 574 
f 587 576 585 
f 579 590 592 
f 590 588 591 
f 592 591 589 
f 591 592 590 
f 579 592 582 
f 592 589 593 
f 582 593 580 
f 593 582 592 
f 588 596 598 
f 596 594 597 
f 598 597 595 
f 597 598 596 
f 589 591 599 
f 591 588 598 
f 599 598 595 
f 598 599 591 
f 594 602 604 
f 602 600 603 
f 604 603 601 
f 603 604 602 
f 594 604 597 
f 604 601 605 
f 597 605 595 
f 605 597 604 
f 600 608 610 
f 608 606 609 
f 610 609 607 
f 609 610 608 
f 601 603 611 
f 603 600 610 
f 611 610 607 
f 610 611 603 
f 606 613 615 
f 613 28 614 
f 615 614 612 
f 614 615 613 
f 606 615 609 
f 615 612 616 
f 609 616 607 
f 616 609 615 
f 612 614 617 
f 614 28 30 
f 617 30 22 
f 30 617 614 
f 82 619 99 
f 619 618 620 
f 99 620 96 
f 620 99 619 
f 618 619 623 
f 619 82 622 
f 623 622 621 
f 622 623 619 
f 621 622 624 
f 622 82 89 
f 624 89 76 
f 89 624 622 
f 86 626 90 
f 626 625 627 
f 90 627 72 
f 627 90 626 
f 625 626 630 
f 626 86 629 
f 630 629 628 
f 629 630 626 
f 86 100 629 
f 100 92 631 
f 629 631 628 
f 631 629 100 
f 514 524 634 
f 524 520 633 
f 634 633 632 
f 633 634 524 
f 508 518 637 
f 518 514 636 
f 637 636 635 
f 636 637 518 
f 514 634 636 
f 634 632 638 
f 636 638 635 
f 638 636 634 
f 639 640 641 
f 640 310 320 
f 641 320 316 
f 320 641 640 
f 310 640 644 
f 640 639 643 
f 644 643 642 
f 643 644 640 
f 304 314 645 
f 314 310 644 
f 645 644 642 
f 644 645 314 
f 538 647 542 
f 647 646 648 
f 542 648 532 
f 648 542 647 
f 646 647 651 
f 647 538 650 
f 651 650 649 
f 650 651 647 
f 538 548 650 
f 548 544 652 
f 650 652 649 
f 652 650 548 
f 286 296 655 
f 296 292 654 
f 655 654 653 
f 654 655 296 
f 280 290 658 
f 290 286 657 
f 658 657 656 
f 657 658 290 
f 656 657 659 
f 657 286 655 
f 659 655 653 
f 655 659 657 
f 660 661 662 
f 661 448 458 
f 662 458 454 
f 458 662 661 
f 448 661 665 
f 661 660 664 
f 665 664 663 
f 664 665 661 
f 442 452 666 
f 452 448 665 
f 666 665 663 
f 665 666 452 
f 472 669 671 
f 669 667 670 
f 671 670 668 
f 670 671 669 
f 667 669 672 
f 669 472 482 
f 672 482 478 
f 482 672 669 
f 472 674 476 
f 674 673 675 
f 476 675 466 
f 675 476 674 
f 673 674 676 
f 674 472 671 
f 676 671 668 
f 671 676 674 
f 677 679 681 
f 679 424 680 
f 681 680 678 
f 680 681 679 
f 424 679 428 
f 679 677 682 
f 428 682 418 
f 682 428 679 
f 424 434 680 
f 434 430 683 
f 680 683 678 
f 683 680 434 
f 376 686 688 
f 686 684 687 
f 688 687 685 
f 687 688 686 
f 684 686 691 
f 686 376 690 
f 691 690 689 
f 690 691 686 
f 376 688 380 
f 688 685 692 
f 380 692 370 
f 692 380 688 
f 689 690 693 
f 690 376 386 
f 693 386 382 
f 386 693 690 
f 352 696 698 
f 696 694 697 
f 698 697 695 
f 697 698 696 
f 694 696 699 
f 696 352 362 
f 699 362 358 
f 362 699 696 
f 352 698 702 
f 698 695 701 
f 702 701 700 
f 701 702 698 
f 346 356 703 
f 356 352 702 
f 703 702 700 
f 702 703 356 
f 394 404 706 
f 404 400 705 
f 706 705 704 
f 705 706 404 
f 704 705 709 
f 705 400 708 
f 709 708 707 
f 708 709 705 
f 400 410 708 
f 410 406 710 
f 708 710 707 
f 710 708 410 
f 52 712 69 
f 712 711 713 
f 69 713 66 
f 713 69 712 
f 711 712 716 
f 712 52 715 
f 716 715 714 
f 715 716 712 
f 52 59 715 
f 59 46 717 
f 715 717 714 
f 717 715 59 
f 56 720 722 
f 720 718 721 
f 722 721 719 
f 721 722 720 
f 718 720 723 
f 720 56 70 
f 723 70 62 
f 70 723 720 
f 42 60 726 
f 60 56 725 
f 726 725 724 
f 725 726 60 
f 56 722 725 
f 722 719 727 
f 725 727 724 
f 727 725 722 
f 568 729 572 
f 729 728 730 
f 572 730 562 
f 730 572 729 
f 728 729 733 
f 729 568 732 
f 733 732 731 
f 732 733 729 
f 731 732 734 
f 732 568 578 
f 734 578 574 
f 578 734 732 
f 256 736 260 
f 736 735 737 
f 260 737 250 
f 737 260 736 
f 735 736 740 
f 736 256 739 
f 740 739 738 
f 739 740 736 
f 256 266 739 
f 266 262 741 
f 739 741 738 
f 741 739 266 
f 195 201 744 
f 201 199 743 
f 744 743 742 
f 743 744 201 
f 206 207 745 
f 207 195 744 
f 745 744 742 
f 744 745 207 
f 199 204 748 
f 204 202 747 
f 748 747 746 
f 747 748 204 
f 746 747 751 
f 747 202 750 
f 751 750 749 
f 750 751 747 
f 202 205 750 
f 205 187 752 
f 750 752 749 
f 752 750 205 
f 179 180 755 
f 180 163 754 
f 755 754 753 
f 754 755 180 
f 163 169 754 
f 169 167 756 
f 754 756 753 
f 756 754 169 
f 182 184 759 
f 184 179 758 
f 759 758 757 
f 758 759 184 
f 175 185 762 
f 185 182 761 
f 762 761 760 
f 761 762 185 
f 182 759 761 
f 759 757 763 
f 761 763 760 
f 763 761 759 
f 742 743 766 
f 743 199 765 
f 766 765 764 
f 765 766 743 
f 199 748 765 
f 748 746 767 
f 765 767 764 
f 767 765 748 
f 179 755 770 
f 755 753 769 
f 770 769 768 
f 769 770 755 
f 179 770 758 
f 770 768 771 
f 758 771 757 
f 771 758 770 
f 112 119 774 
f 119 102 773 
f 774 773 772 
f 773 774 119 
f 102 109 777 
f 109 96 776 
f 777 776 775 
f 776 777 109 
f 772 773 778 
f 773 102 777 
f 778 777 775 
f 777 778 773 
f 106 120 781 
f 120 116 780 
f 781 780 779 
f 780 781 120 
f 106 781 784 
f 781 779 783 
f 784 783 782 
f 783 784 781 
f 106 784 110 
f 784 782 785 
f 110 785 92 
f 785 110 784 
f 589 599 788 
f 599 595 787 
f 788 787 786 
f 787 788 599 
f 589 788 791 
f 788 786 790 
f 791 790 789 
f 790 791 788 
f 580 593 792 
f 593 589 791 
f 792 791 789 
f 791 792 593 
f 238 795 797 
f 795 793 796 
f 797 796 794 
f 796 797 795 
f 793 795 798 
f 795 238 248 
f 798 248 244 
f 248 798 795 
f 232 242 801 
f 242 238 800 
f 801 800 799 
f 800 801 242 
f 238 797 800 
f 797 794 802 
f 800 802 799 
f 802 800 797 
f 496 805 807 
f 805 803 806 
f 807 806 804 
f 806 807 805 
f 803 805 810 
f 805 496 809 
f 810 809 808 
f 809 810 805 
f 496 807 500 
f 807 804 811 
f 500 811 490 
f 811 500 807 
f 808 809 812 
f 809 496 506 
f 812 506 502 
f 506 812 809 
f 328 338 815 
f 338 334 814 
f 815 814 813 
f 814 815 338 
f 322 332 818 
f 332 328 817 
f 818 817 816 
f 817 818 332 
f 816 817 819 
f 817 328 815 
f 819 815 813 
f 815 819 817 
f 142 149 822 
f 149 132 821 
f 822 821 820 
f 821 822 149 
f 820 821 825 
f 821 132 824 
f 825 824 823 
f 824 825 821 
f 823 824 826 
f 824 132 139 
f 826 139 122 
f 139 826 824 
f 136 150 829 
f 150 146 828 
f 829 828 827 
f 828 829 150 
f 126 140 832 
f 140 136 831 
f 832 831 830 
f 831 832 140 
f 830 831 833 
f 831 136 829 
f 833 829 827 
f 829 833 831 
f 834 836 838 
f 836 556 837 
f 838 837 835 
f 837 838 836 
f 556 836 560 
f 836 834 839 
f 560 839 550 
f 839 560 836 
f 556 566 837 
f 566 562 840 
f 837 840 835 
f 840 837 566 
f 209 211 843 
f 211 206 842 
f 843 842 841 
f 842 843 211 
f 3 212 846 
f 212 209 845 
f 846 845 844 
f 845 846 212 
f 209 843 845 
f 843 841 847 
f 845 847 844 
f 847 845 843 
f 268 278 850 
f 278 274 849 
f 850 849 848 
f 849 850 278 
f 262 272 853 
f 272 268 852 
f 853 852 851 
f 852 853 272 
f 851 852 854 
f 852 268 850 
f 854 850 848 
f 850 854 852 
f 167 172 857 
f 172 170 856 
f 857 856 855 
f 856 857 172 
f 170 173 860 
f 173 7 859 
f 860 859 858 
f 859 860 173 
f 861 862 863 
f 862 170 860 
f 863 860 858 
f 860 863 862 
f 170 862 856 
f 862 861 864 
f 856 864 855 
f 864 856 862 
f 595 605 867 
f 605 601 866 
f 867 866 865 
f 866 867 605 
f 868 870 872 
f 870 601 871 
f 872 871 869 
f 871 872 870 
f 601 870 866 
f 870 868 873 
f 866 873 865 
f 873 866 870 
f 869 871 874 
f 871 601 611 
f 874 611 607 
f 611 874 871 
f 226 236 877 
f 236 232 876 
f 877 876 875 
f 876 877 236 
f 226 879 230 
f 879 878 880 
f 230 880 220 
f 880 230 879 
f 878 879 881 
f 879 226 877 
f 881 877 875 
f 877 881 879 
f 882 883 884 
f 883 526 536 
f 884 536 532 
f 536 884 883 
f 526 883 887 
f 883 882 886 
f 887 886 885 
f 886 887 883 
f 520 530 888 
f 530 526 887 
f 888 887 885 
f 887 888 530 
f 206 745 891 
f 745 742 890 
f 891 890 889 
f 890 891 745 
f 206 891 842 
f 891 889 892 
f 842 892 841 
f 892 842 891 
f 742 895 897 
f 895 893 896 
f 897 896 894 
f 896 897 895 
f 893 895 898 
f 895 742 766 
f 898 766 764 
f 766 898 895 
f 742 897 890 
f 897 894 899 
f 890 899 889 
f 899 890 897 
f 900 901 902 
f 901 298 308 
f 902 308 304 
f 308 902 901 
f 298 901 905 
f 901 900 904 
f 905 904 903 
f 904 905 901 
f 292 302 906 
f 302 298 905 
f 906 905 903 
f 905 906 302 
f 753 756 909 
f 756 167 908 
f 909 908 907 
f 908 909 756 
f 167 911 908 
f 911 910 912 
f 908 912 907 
f 912 908 911 
f 910 911 913 
f 911 167 857 
f 913 857 855 
f 857 913 911 
f 753 916 918 
f 916 914 917 
f 918 917 915 
f 917 918 916 
f 914 916 919 
f 916 753 909 
f 919 909 907 
f 909 919 916 
f 753 918 769 
f 918 915 920 
f 769 920 768 
f 920 769 918 
f 660 922 924 
f 922 460 923 
f 924 923 921 
f 923 924 922 
f 460 922 464 
f 922 660 662 
f 464 662 454 
f 662 464 922 
f 673 925 675 
f 925 460 470 
f 675 470 466 
f 470 675 925 
f 460 925 923 
f 925 673 926 
f 923 926 921 
f 926 923 925 
f 340 928 344 
f 928 927 929 
f 344 929 334 
f 929 344 928 
f 927 928 932 
f 928 340 931 
f 932 931 930 
f 931 932 928 
f 340 350 931 
f 350 346 933 
f 931 933 930 
f 933 931 350 
f 364 935 937 
f 935 685 936 
f 937 936 934 
f 936 937 935 
f 685 935 692 
f 935 364 374 
f 692 374 370 
f 374 692 935 
f 364 937 939 
f 937 934 938 
f 939 938 694 
f 938 939 937 
f 364 939 368 
f 939 694 699 
f 368 699 358 
f 699 368 939 
f 940 941 943 
f 941 412 942 
f 943 942 677 
f 942 943 941 
f 412 941 946 
f 941 940 945 
f 946 945 944 
f 945 946 941 
f 677 942 682 
f 942 412 422 
f 682 422 418 
f 422 682 942 
f 412 946 416 
f 946 944 947 
f 416 947 406 
f 947 416 946 
f 388 398 950 
f 398 394 949 
f 950 949 948 
f 949 950 398 
f 388 950 953 
f 950 948 952 
f 953 952 951 
f 952 953 950 
f 382 392 954 
f 392 388 953 
f 954 953 951 
f 953 954 392 
f 955 957 959 
f 957 436 958 
f 959 958 956 
f 958 959 957 
f 436 957 440 
f 957 955 960 
f 440 960 430 
f 960 440 957 
f 956 958 963 
f 958 436 962 
f 963 962 961 
f 962 963 958 
f 436 446 962 
f 446 442 964 
f 962 964 961 
f 964 962 446 
f 484 965 488 
f 965 667 672 
f 488 672 478 
f 672 488 965 
f 667 965 968 
f 965 484 967 
f 968 967 966 
f 967 968 965 
f 484 969 967 
f 969 804 970 
f 967 970 966 
f 970 967 969 
f 804 969 811 
f 969 484 494 
f 811 494 490 
f 494 811 969 
f 151 158 973 
f 158 142 972 
f 973 972 971 
f 972 973 158 
f 151 973 975 
f 973 971 974 
f 975 974 612 
f 974 975 973 
f 151 975 160 
f 975 612 617 
f 160 617 22 
f 617 160 975 
f 146 159 978 
f 159 155 977 
f 978 977 976 
f 977 978 159 
f 976 977 980 
f 977 155 979 
f 980 979 214 
f 979 980 977 
f 214 979 218 
f 979 155 161 
f 218 161 18 
f 161 218 979 
f 32 49 983 
f 49 42 982 
f 983 982 981 
f 982 983 49 
f 32 983 985 
f 983 981 984 
f 985 984 858 
f 984 985 983 
f 7 39 859 
f 39 32 985 
f 859 985 858 
f 985 859 39 
f 36 40 986 
f 40 3 846 
f 986 846 844 
f 846 986 40 
f 46 50 989 
f 50 36 988 
f 989 988 987 
f 988 989 50 
f 36 986 988 
f 986 844 990 
f 988 990 987 
f 990 988 986 
f 142 822 972 
f 822 820 991 
f 972 991 971 
f 991 972 822 
f 820 825 994 
f 825 823 993 
f 994 993 992 
f 993 994 825 
f 820 994 997 
f 994 992 996 
f 997 996 995 
f 996 997 994 
f 820 997 991 
f 997 995 998 
f 991 998 971 
f 998 991 997 
f 992 993 1001 
f 993 823 1000 
f 1001 1000 999 
f 1000 1001 993 
f 999 1000 1004 
f 1000 823 1003 
f 1004 1003 1002 
f 1003 1004 1000 
f 823 826 1003 
f 826 122 1005 
f 1003 1005 1002 
f 1005 1003 826 
f 992 1001 1008 
f 1001 999 1007 
f 1008 1007 1006 
f 1007 1008 1001 
f 992 1008 1011 
f 1008 1006 1010 
f 1011 1010 1009 
f 1010 1011 1008 
f 995 996 1012 
f 996 992 1011 
f 1012 1011 1009 
f 1011 1012 996 
f 1006 1007 1015 
f 1007 999 1014 
f 1015 1014 1013 
f 1014 1015 1007 
f 1013 1014 1018 
f 1014 999 1017 
f 1018 1017 1016 
f 1017 1018 1014 
f 1016 1017 1019 
f 1017 999 1004 
f 1019 1004 1002 
f 1004 1019 1017 
f 1006 1015 1022 
f 1015 1013 1021 
f 1022 1021 1020 
f 1021 1022 1015 
f 1006 1022 1025 
f 1022 1020 1024 
f 1025 1024 1023 
f 1024 1025 1022 
f 1006 1025 1010 
f 1025 1023 1026 
f 1010 1026 1009 
f 1026 1010 1025 
f 1020 1021 1029 
f 1021 1013 1028 
f 1029 1028 1027 
f 1028 1029 1021 
f 1027 1028 1032 
f 1028 1013 1031 
f 1032 1031 1030 
f 1031 1032 1028 
f 1013 1018 1031 
f 1018 1016 1033 
f 1031 1033 1030 
f 1033 1031 1018 
f 1020 1029 1036 
f 1029 1027 1035 
f 1036 1035 1034 
f 1035 1036 1029 
f 1020 1036 1039 
f 1036 1034 1038 
f 1039 1038 1037 
f 1038 1039 1036 
f 1023 1024 1040 
f 1024 1020 1039 
f 1040 1039 1037 
f 1039 1040 1024 
f 1034 1035 1043 
f 1035 1027 1042 
f 1043 1042 1041 
f 1042 1043 1035 
f 1041 1042 1046 
f 1042 1027 1045 
f 1046 1045 1044 
f 1045 1046 1042 
f 1044 1045 1047 
f 1045 1027 1032 
f 1047 1032 1030 
f 1032 1047 1045 
f 1034 1043 1050 
f 1043 1041 1049 
f 1050 1049 1048 
f 1049 1050 1043 
f 1034 1050 1053 
f 1050 1048 1052 
f 1053 1052 1051 
f 1052 1053 1050 
f 1034 1053 1038 
f 1053 1051 1054 
f 1038 1054 1037 
f 1054 1038 1053 
f 1048 1049 1057 
f 1049 1041 1056 
f 1057 1056 1055 
f 1056 1057 1049 
f 1055 1056 1060 
f 1056 1041 1059 
f 1060 1059 1058 
f 1059 1060 1056 
f 1041 1046 1059 
f 1046 1044 1061 
f 1059 1061 1058 
f 1061 1059 1046 
f 1048 1057 1064 
f 1057 1055 1063 
f 1064 1063 1062 
f 1063 1064 1057 
f 1048 1064 1067 
f 1064 1062 1066 
f 1067 1066 1065 
f 1066 1067 1064 
f 1051 1052 1068 
f 1052 1048 1067 
f 1068 1067 1065 
f 1067 1068 1052 
f 1062 1063 1071 
f 1063 1055 1070 
f 1071 1070 1069 
f 1070 1071 1063 
f 1069 1070 1074 
f 1070 1055 1073 
f 1074 1073 1072 
f 1073 1074 1070 
f 1055 1060 1073 
f 1060 1058 1075 
f 1073 1075 1072 
f 1075 1073 1060 
f 1062 1071 1078 
f 1071 1069 1077 
f 1078 1077 1076 
f 1077 1078 1071 
f 1062 1078 1081 
f 1078 1076 1080 
f 1081 1080 1079 
f 1080 1081 1078 
f 1062 1081 1066 
f 1081 1079 1082 
f 1066 1082 1065 
f 1082 1066 1081 
f 1076 1077 1085 
f 1077 1069 1084 
f 1085 1084 1083 
f 1084 1085 1077 
f 1083 1084 1088 
f 1084 1069 1087 
f 1088 1087 1086 
f 1087 1088 1084 
f 1086 1087 1089 
f 1087 1069 1074 
f 1089 1074 1072 
f 1074 1089 1087 
f 1076 1085 1092 
f 1085 1083 1091 
f 1092 1091 1090 
f 1091 1092 1085 
f 1076 1092 1095 
f 1092 1090 1094 
f 1095 1094 1093 
f 1094 1095 1092 
f 1079 1080 1096 
f 1080 1076 1095 
f 1096 1095 1093 
f 1095 1096 1080 
f 1090 1091 1099 
f 1091 1083 1098 
f 1099 1098 1097 
f 1098 1099 1091 
f 1097 1098 1102 
f 1098 1083 1101 
f 1102 1101 1100 
f 1101 1102 1098 
f 1100 1101 1103 
f 1101 1083 1088 
f 1103 1088 1086 
f 1088 1103 1101 
f 1090 1099 1106 
f 1099 1097 1105 
f 1106 1105 1104 
f 1105 1106 1099 
f 1093 1094 1109 
f 1094 1090 1108 
f 1109 1108 1107 
f 1108 1109 1094 
f 1090 1106 1108 
f 1106 1104 1110 
f 1108 1110 1107 
f 1110 1108 1106 
f 1097 1102 1113 
f 1102 1100 1112 
f 1113 1112 1111 
f 1112 1113 1102 
f 1097 1113 1116 
f 1113 1111 1115 
f 1116 1115 1114 
f 1115 1116 1113 
f 1097 1116 1105 
f 1116 1114 1117 
f 1105 1117 1104 
f 1117 1105 1116 
f 1111 1112 1120 
f 1112 1100 1119 
f 1120 1119 1118 
f 1119 1120 1112 
f 1118 1119 1123 
f 1119 1100 1122 
f 1123 1122 1121 
f 1122 1123 1119 
f 1121 1122 1124 
f 1122 1100 1103 
f 1124 1103 1086 
f 1103 1124 1122 
f 1114 1115 1127 
f 1115 1111 1126 
f 1127 1126 1125 
f 1126 1127 1115 
f 1125 1126 1130 
f 1126 1111 1129 
f 1130 1129 1128 
f 1129 1130 1126 
f 1111 1120 1129 
f 1120 1118 1131 
f 1129 1131 1128 
f 1131 1129 1120 
f 1114 1127 1134 
f 1127 1125 1133 
f 1134 1133 1132 
f 1133 1134 1127 
f 1114 1134 1137 
f 1134 1132 1136 
f 1137 1136 1135 
f 1136 1137 1134 
f 1104 1117 1138 
f 1117 1114 1137 
f 1138 1137 1135 
f 1137 1138 1117 
f 1132 1133 1141 
f 1133 1125 1140 
f 1141 1140 1139 
f 1140 1141 1133 
f 1139 1140 1144 
f 1140 1125 1143 
f 1144 1143 1142 
f 1143 1144 1140 
f 1125 1130 1143 
f 1130 1128 1145 
f 1143 1145 1142 
f 1145 1143 1130 
f 1132 1141 1148 
f 1141 1139 1147 
f 1148 1147 1146 
f 1147 1148 1141 
f 1132 1148 1151 
f 1148 1146 1150 
f 1151 1150 1149 
f 1150 1151 1148 
f 1132 1151 1136 
f 1151 1149 1152 
f 1136 1152 1135 
f 1152 1136 1151 
f 1146 1147 1155 
f 1147 1139 1154 
f 1155 1154 1153 
f 1154 1155 1147 
f 1153 1154 1158 
f 1154 1139 1157 
f 1158 1157 1156 
f 1157 1158 1154 
f 1156 1157 1159 
f 1157 1139 1144 
f 1159 1144 1142 
f 1144 1159 1157 
f 1146 1155 1162 
f 1155 1153 1161 
f 1162 1161 1160 
f 1161 1162 1155 
f 1146 1162 1165 
f 1162 1160 1164 
f 1165 1164 1163 
f 1164 1165 1162 
f 1149 1150 1166 
f 1150 1146 1165 
f 1166 1165 1163 
f 1165 1166 1150 
f 1160 1161 1169 
f 1161 1153 1168 
f 1169 1168 1167 
f 1168 1169 1161 
f 1167 1168 1172 
f 1168 1153 1171 
f 1172 1171 1170 
f 1171 1172 1168 
f 1153 1158 1171 
f 1158 1156 1173 
f 1171 1173 1170 
f 1173 1171 1158 
f 1160 1169 1176 
f 1169 1167 1175 
f 1176 1175 1174 
f 1175 1176 1169 
f 1160 1176 1179 
f 1176 1174 1178 
f 1179 1178 1177 
f 1178 1179 1176 
f 1160 1179 1164 
f 1179 1177 1180 
f 1164 1180 1163 
f 1180 1164 1179 
f 1174 1175 1183 
f 1175 1167 1182 
f 1183 1182 1181 
f 1182 1183 1175 
f 1181 1182 1186 
f 1182 1167 1185 
f 1186 1185 1184 
f 1185 1186 1182 
f 1184 1185 1187 
f 1185 1167 1172 
f 1187 1172 1170 
f 1172 1187 1185 
f 1118 1123 1190 
f 1123 1121 1189 
f 1190 1189 1188 
f 1189 1190 1123 
f 1118 1190 1193 
f 1190 1188 1192 
f 1193 1192 1191 
f 1192 1193 1190 
f 1118 1193 1131 
f 1193 1191 1194 
f 1131 1194 1128 
f 1194 1131 1193 
f 1174 1183 1197 
f 1183 1181 1196 
f 1197 1196 1195 
f 1196 1197 1183 
f 1177 1178 1200 
f 1178 1174 1199 
f 1200 1199 1198 
f 1199 1200 1178 
f 1198 1199 1201 
f 1199 1174 1197 
f 1201 1197 1195 
f 1197 1201 1199 
f 1181 1186 1204 
f 1186 1184 1203 
f 1204 1203 1202 
f 1203 1204 1186 
f 1181 1204 1207 
f 1204 1202 1206 
f 1207 1206 1205 
f 1206 1207 1204 
f 1181 1207 1196 
f 1207 1205 1208 
f 1196 1208 1195 
f 1208 1196 1207 
f 1188 1189 1211 
f 1189 1121 1210 
f 1211 1210 1209 
f 1210 1211 1189 
f 1209 1210 1214 
f 1210 1121 1213 
f 1214 1213 1212 
f 1213 1214 1210 
f 1212 1213 1215 
f 1213 1121 1124 
f 1215 1124 1086 
f 1124 1215 1213 
f 1202 1203 1218 
f 1203 1184 1217 
f 1218 1217 1216 
f 1217 1218 1203 
f 1216 1217 1221 
f 1217 1184 1220 
f 1221 1220 1219 
f 1220 1221 1217 
f 1184 1187 1220 
f 1187 1170 1222 
f 1220 1222 1219 
f 1222 1220 1187 
f 1205 1206 1225 
f 1206 1202 1224 
f 1225 1224 1223 
f 1224 1225 1206 
f 1223 1224 1228 
f 1224 1202 1227 
f 1228 1227 1226 
f 1227 1228 1224 
f 1226 1227 1229 
f 1227 1202 1218 
f 1229 1218 1216 
f 1218 1229 1227 
f 1205 1225 1232 
f 1225 1223 1231 
f 1232 1231 1230 
f 1231 1232 1225 
f 1205 1232 1235 
f 1232 1230 1234 
f 1235 1234 1233 
f 1234 1235 1232 
f 1205 1235 1208 
f 1235 1233 1236 
f 1208 1236 1195 
f 1236 1208 1235 
f 1223 1228 1239 
f 1228 1226 1238 
f 1239 1238 1237 
f 1238 1239 1228 
f 1223 1239 1242 
f 1239 1237 1241 
f 1242 1241 1240 
f 1241 1242 1239 
f 1230 1231 1243 
f 1231 1223 1242 
f 1243 1242 1240 
f 1242 1243 1231 
f 1237 1238 1246 
f 1238 1226 1245 
f 1246 1245 1244 
f 1245 1246 1238 
f 1244 1245 1249 
f 1245 1226 1248 
f 1249 1248 1247 
f 1248 1249 1245 
f 1247 1248 1250 
f 1248 1226 1229 
f 1250 1229 1216 
f 1229 1250 1248 
f 1237 1246 1253 
f 1246 1244 1252 
f 1253 1252 1251 
f 1252 1253 1246 
f 1237 1253 1256 
f 1253 1251 1255 
f 1256 1255 1254 
f 1255 1256 1253 
f 1237 1256 1241 
f 1256 1254 1257 
f 1241 1257 1240 
f 1257 1241 1256 
f 1251 1252 1260 
f 1252 1244 1259 
f 1260 1259 1258 
f 1259 1260 1252 
f 1244 1249 1263 
f 1249 1247 1262 
f 1263 1262 1261 
f 1262 1263 1249 
f 1244 1263 1259 
f 1263 1261 1264 
f 1259 1264 1258 
f 1264 1259 1263 
f 1254 1255 1267 
f 1255 1251 1266 
f 1267 1266 1265 
f 1266 1267 1255 
f 1265 1266 1270 
f 1266 1251 1269 
f 1270 1269 1268 
f 1269 1270 1266 
f 1268 1269 1271 
f 1269 1251 1260 
f 1271 1260 1258 
f 1260 1271 1269 
f 1254 1267 1274 
f 1267 1265 1273 
f 1274 1273 1272 
f 1273 1274 1267 
f 1240 1257 1277 
f 1257 1254 1276 
f 1277 1276 1275 
f 1276 1277 1257 
f 1275 1276 1278 
f 1276 1254 1274 
f 1278 1274 1272 
f 1274 1278 1276 
f 1265 1270 1281 
f 1270 1268 1280 
f 1281 1280 1279 
f 1280 1281 1270 
f 1265 1281 1284 
f 1281 1279 1283 
f 1284 1283 1282 
f 1283 1284 1281 
f 1265 1284 1273 
f 1284 1282 1285 
f 1273 1285 1272 
f 1285 1273 1284 
f 1279 1280 1288 
f 1280 1268 1287 
f 1288 1287 1286 
f 1287 1288 1280 
f 1286 1287 1291 
f 1287 1268 1290 
f 1291 1290 1289 
f 1290 1291 1287 
f 1289 1290 1292 
f 1290 1268 1271 
f 1292 1271 1258 
f 1271 1292 1290 
f 1279 1288 1295 
f 1288 1286 1294 
f 1295 1294 1293 
f 1294 1295 1288 
f 1279 1295 1298 
f 1295 1293 1297 
f 1298 1297 1296 
f 1297 1298 1295 
f 1282 1283 1299 
f 1283 1279 1298 
f 1299 1298 1296 
f 1298 1299 1283 
f 1293 1294 1302 
f 1294 1286 1301 
f 1302 1301 1300 
f 1301 1302 1294 
f 1300 1301 1305 
f 1301 1286 1304 
f 1305 1304 1303 
f 1304 1305 1301 
f 1286 1291 1304 
f 1291 1289 1306 
f 1304 1306 1303 
f 1306 1304 1291 
f 1293 1302 1309 
f 1302 1300 1308 
f 1309 1308 1307 
f 1308 1309 1302 
f 1293 1309 1312 
f 1309 1307 1311 
f 1312 1311 1310 
f 1311 1312 1309 
f 1293 1312 1297 
f 1312 1310 1313 
f 1297 1313 1296 
f 1313 1297 1312 
f 1307 1308 1316 
f 1308 1300 1315 
f 1316 1315 1314 
f 1315 1316 1308 
f 1314 1315 1319 
f 1315 1300 1318 
f 1319 1318 1317 
f 1318 1319 1315 
f 1317 1318 1320 
f 1318 1300 1305 
f 1320 1305 1303 
f 1305 1320 1318 
f 1307 1316 1323 
f 1316 1314 1322 
f 1323 1322 1321 
f 1322 1323 1316 
f 1307 1323 1326 
f 1323 1321 1325 
f 1326 1325 1324 
f 1325 1326 1323 
f 1307 1326 1311 
f 1326 1324 1327 
f 1311 1327 1310 
f 1327 1311 1326 
f 1321 1322 1330 
f 1322 1314 1329 
f 1330 1329 1328 
f 1329 1330 1322 
f 1328 1329 1333 
f 1329 1314 1332 
f 1333 1332 1331 
f 1332 1333 1329 
f 1314 1319 1332 
f 1319 1317 1334 
f 1332 1334 1331 
f 1334 1332 1319 
f 1321 1330 1337 
f 1330 1328 1336 
f 1337 1336 1335 
f 1336 1337 1330 
f 1321 1337 1340 
f 1337 1335 1339 
f 1340 1339 1338 
f 1339 1340 1337 
f 1324 1325 1341 
f 1325 1321 1340 
f 1341 1340 1338 
f 1340 1341 1325 
f 1335 1336 1344 
f 1336 1328 1343 
f 1344 1343 1342 
f 1343 1344 1336 
f 1342 1343 1347 
f 1343 1328 1346 
f 1347 1346 1345 
f 1346 1347 1343 
f 1348 1349 1350 
f 1349 1328 1333 
f 1350 1333 1331 
f 1333 1350 1349 
f 1328 1349 1346 
f 1349 1348 1351 
f 1346 1351 1345 
f 1351 1346 1349 
f 1335 1344 1354 
f 1344 1342 1353 
f 1354 1353 1352 
f 1353 1354 1344 
f 1335 1354 1357 
f 1354 1352 1356 
f 1357 1356 1355 
f 1356 1357 1354 
f 1335 1357 1339 
f 1357 1355 1358 
f 1339 1358 1338 
f 1358 1339 1357 
f 1352 1353 1361 
f 1353 1342 1360 
f 1361 1360 1359 
f 1360 1361 1353 
f 1359 1360 1364 
f 1360 1342 1363 
f 1364 1363 1362 
f 1363 1364 1360 
f 1362 1363 1365 
f 1363 1342 1347 
f 1365 1347 1345 
f 1347 1365 1363 
f 1352 1361 1368 
f 1361 1359 1367 
f 1368 1367 1366 
f 1367 1368 1361 
f 1352 1368 1371 
f 1368 1366 1370 
f 1371 1370 1369 
f 1370 1371 1368 
f 1352 1371 1356 
f 1371 1369 1372 
f 1356 1372 1355 
f 1372 1356 1371 
f 1366 1367 1375 
f 1367 1359 1374 
f 1375 1374 1373 
f 1374 1375 1367 
f 1373 1374 1378 
f 1374 1359 1377 
f 1378 1377 1376 
f 1377 1378 1374 
f 1359 1364 1377 
f 1364 1362 1379 
f 1377 1379 1376 
f 1379 1377 1364 
f 1366 1375 1382 
f 1375 1373 1381 
f 1382 1381 1380 
f 1381 1382 1375 
f 1366 1382 1385 
f 1382 1380 1384 
f 1385 1384 1383 
f 1384 1385 1382 
f 1369 1370 1386 
f 1370 1366 1385 
f 1386 1385 1383 
f 1385 1386 1370 
f 1380 1381 1389 
f 1381 1373 1388 
f 1389 1388 1387 
f 1388 1389 1381 
f 1387 1388 1392 
f 1388 1373 1391 
f 1392 1391 1390 
f 1391 1392 1388 
f 1390 1391 1393 
f 1391 1373 1378 
f 1393 1378 1376 
f 1378 1393 1391 
f 1380 1389 1396 
f 1389 1387 1395 
f 1396 1395 1394 
f 1395 1396 1389 
f 1380 1396 1399 
f 1396 1394 1398 
f 1399 1398 1397 
f 1398 1399 1396 
f 1380 1399 1384 
f 1399 1397 1400 
f 1384 1400 1383 
f 1400 1384 1399 
f 1394 1395 1403 
f 1395 1387 1402 
f 1403 1402 1401 
f 1402 1403 1395 
f 1401 1402 1406 
f 1402 1387 1405 
f 1406 1405 1404 
f 1405 1406 1402 
f 1404 1405 1407 
f 1405 1387 1392 
f 1407 1392 1390 
f 1392 1407 1405 
f 1394 1403 1410 
f 1403 1401 1409 
f 1410 1409 1408 
f 1409 1410 1403 
f 1397 1398 1413 
f 1398 1394 1412 
f 1413 1412 1411 
f 1412 1413 1398 
f 1411 1412 1414 
f 1412 1394 1410 
f 1414 1410 1408 
f 1410 1414 1412 
f 1401 1406 1417 
f 1406 1404 1416 
f 1417 1416 1415 
f 1416 1417 1406 
f 1401 1417 1420 
f 1417 1415 1419 
f 1420 1419 1418 
f 1419 1420 1417 
f 1401 1420 1409 
f 1420 1418 1421 
f 1409 1421 1408 
f 1421 1409 1420 
f 1415 1416 1424 
f 1416 1404 1423 
f 1424 1423 1422 
f 1423 1424 1416 
f 1425 1426 1427 
f 1426 1404 1407 
f 1427 1407 1390 
f 1407 1427 1426 
f 1404 1426 1423 
f 1426 1425 1428 
f 1423 1428 1422 
f 1428 1423 1426 
f 1418 1419 1431 
f 1419 1415 1430 
f 1431 1430 1429 
f 1430 1431 1419 
f 1429 1430 1434 
f 1430 1415 1433 
f 1434 1433 1432 
f 1433 1434 1430 
f 1432 1433 1435 
f 1433 1415 1424 
f 1435 1424 1422 
f 1424 1435 1433 
f 1418 1431 1438 
f 1431 1429 1437 
f 1438 1437 1436 
f 1437 1438 1431 
f 1408 1421 1441 
f 1421 1418 1440 
f 1441 1440 1439 
f 1440 1441 1421 
f 1439 1440 1442 
f 1440 1418 1438 
f 1442 1438 1436 
f 1438 1442 1440 
f 1429 1434 1445 
f 1434 1432 1444 
f 1445 1444 1443 
f 1444 1445 1434 
f 1429 1445 1448 
f 1445 1443 1447 
f 1448 1447 1446 
f 1447 1448 1445 
f 1429 1448 1437 
f 1448 1446 1449 
f 1437 1449 1436 
f 1449 1437 1448 
f 1443 1444 1452 
f 1444 1432 1451 
f 1452 1451 1450 
f 1451 1452 1444 
f 1432 1455 1457 
f 1455 1453 1456 
f 1457 1456 1454 
f 1456 1457 1455 
f 1453 1455 1458 
f 1455 1432 1435 
f 1458 1435 1422 
f 1435 1458 1455 
f 1450 1451 1459 
f 1451 1432 1457 
f 1459 1457 1454 
f 1457 1459 1451 
f 1446 1447 1462 
f 1447 1443 1461 
f 1462 1461 1460 
f 1461 1462 1447 
f 1460 1461 1465 
f 1461 1443 1464 
f 1465 1464 1463 
f 1464 1465 1461 
f 1463 1464 1466 
f 1464 1443 1452 
f 1466 1452 1450 
f 1452 1466 1464 
f 1324 1468 1327 
f 1468 1467 1469 
f 1327 1469 1310 
f 1469 1327 1468 
f 1467 1468 1472 
f 1468 1324 1471 
f 1472 1471 1470 
f 1471 1472 1468 
f 1324 1341 1475 
f 1341 1338 1474 
f 1475 1474 1473 
f 1474 1475 1341 
f 1470 1471 1476 
f 1471 1324 1475 
f 1476 1475 1473 
f 1475 1476 1471 
f 1446 1462 1479 
f 1462 1460 1478 
f 1479 1478 1477 
f 1478 1479 1462 
f 1446 1479 1482 
f 1479 1477 1481 
f 1482 1481 1480 
f 1481 1482 1479 
f 1446 1482 1449 
f 1482 1480 1483 
f 1449 1483 1436 
f 1483 1449 1482 
f 1460 1465 1486 
f 1465 1463 1485 
f 1486 1485 1484 
f 1485 1486 1465 
f 1460 1486 1489 
f 1486 1484 1488 
f 1489 1488 1487 
f 1488 1489 1486 
f 1460 1489 1478 
f 1489 1487 1490 
f 1478 1490 1477 
f 1490 1478 1489 
f 1484 1485 1493 
f 1485 1463 1492 
f 1493 1492 1491 
f 1492 1493 1485 
f 1491 1492 1496 
f 1492 1463 1495 
f 1496 1495 1494 
f 1495 1496 1492 
f 1463 1466 1495 
f 1466 1450 1497 
f 1495 1497 1494 
f 1497 1495 1466 
f 1484 1493 1500 
f 1493 1491 1499 
f 1500 1499 1498 
f 1499 1500 1493 
f 1484 1500 1503 
f 1500 1498 1502 
f 1503 1502 1501 
f 1502 1503 1500 
f 1487 1488 1504 
f 1488 1484 1503 
f 1504 1503 1501 
f 1503 1504 1488 
f 1498 1499 1507 
f 1499 1491 1506 
f 1507 1506 1505 
f 1506 1507 1499 
f 1505 1506 1510 
f 1506 1491 1509 
f 1510 1509 1508 
f 1509 1510 1506 
f 1508 1509 1511 
f 1509 1491 1496 
f 1511 1496 1494 
f 1496 1511 1509 
f 1498 1507 1514 
f 1507 1505 1513 
f 1514 1513 1512 
f 1513 1514 1507 
f 1498 1514 1517 
f 1514 1512 1516 
f 1517 1516 1515 
f 1516 1517 1514 
f 1501 1502 1518 
f 1502 1498 1517 
f 1518 1517 1515 
f 1517 1518 1502 
f 1369 1386 1521 
f 1386 1383 1520 
f 1521 1520 1519 
f 1520 1521 1386 
f 1355 1372 1524 
f 1372 1369 1523 
f 1524 1523 1522 
f 1523 1524 1372 
f 1522 1523 1525 
f 1523 1369 1521 
f 1525 1521 1519 
f 1521 1525 1523 
f 1512 1513 1528 
f 1513 1505 1527 
f 1528 1527 1526 
f 1527 1528 1513 
f 1526 1527 1531 
f 1527 1505 1530 
f 1531 1530 1529 
f 1530 1531 1527 
f 1505 1510 1530 
f 1510 1508 1532 
f 1530 1532 1529 
f 1532 1530 1510 
f 1512 1528 1535 
f 1528 1526 1534 
f 1535 1534 1533 
f 1534 1535 1528 
f 1512 1535 1538 
f 1535 1533 1537 
f 1538 1537 1536 
f 1537 1538 1535 
f 1512 1538 1516 
f 1538 1536 1539 
f 1516 1539 1515 
f 1539 1516 1538 
f 1533 1534 1542 
f 1534 1526 1541 
f 1542 1541 1540 
f 1541 1542 1534 
f 1540 1541 1545 
f 1541 1526 1544 
f 1545 1544 1543 
f 1544 1545 1541 
f 1543 1544 1546 
f 1544 1526 1531 
f 1546 1531 1529 
f 1531 1546 1544 
f 1533 1542 1549 
f 1542 1540 1548 
f 1549 1548 1547 
f 1548 1549 1542 
f 1533 1549 1552 
f 1549 1547 1551 
f 1552 1551 1550 
f 1551 1552 1549 
f 1536 1537 1553 
f 1537 1533 1552 
f 1553 1552 1550 
f 1552 1553 1537 
f 1547 1548 1556 
f 1548 1540 1555 
f 1556 1555 1554 
f 1555 1556 1548 
f 1554 1555 1559 
f 1555 1540 1558 
f 1559 1558 1557 
f 1558 1559 1555 
f 1540 1545 1558 
f 1545 1543 1560 
f 1558 1560 1557 
f 1560 1558 1545 
f 1547 1556 1563 
f 1556 1554 1562 
f 1563 1562 1561 
f 1562 1563 1556 
f 1547 1563 1566 
f 1563 1561 1565 
f 1566 1565 1564 
f 1565 1566 1563 
f 1550 1551 1567 
f 1551 1547 1566 
f 1567 1566 1564 
f 1566 1567 1551 
f 1561 1562 1570 
f 1562 1554 1569 
f 1570 1569 1568 
f 1569 1570 1562 
f 1568 1569 1573 
f 1569 1554 1572 
f 1573 1572 1571 
f 1572 1573 1569 
f 1571 1572 1574 
f 1572 1554 1559 
f 1574 1559 1557 
f 1559 1574 1572 
f 1561 1570 1577 
f 1570 1568 1576 
f 1577 1576 1575 
f 1576 1577 1570 
f 1561 1577 1580 
f 1577 1575 1579 
f 1580 1579 1578 
f 1579 1580 1577 
f 1561 1580 1565 
f 1580 1578 1581 
f 1565 1581 1564 
f 1581 1565 1580 
f 1575 1576 1584 
f 1576 1568 1583 
f 1584 1583 1582 
f 1583 1584 1576 
f 1582 1583 1587 
f 1583 1568 1586 
f 1587 1586 1585 
f 1586 1587 1583 
f 1568 1573 1586 
f 1573 1571 1588 
f 1586 1588 1585 
f 1588 1586 1573 
f 1575 1584 1591 
f 1584 1582 1590 
f 1591 1590 1589 
f 1590 1591 1584 
f 1575 1591 1594 
f 1591 1589 1593 
f 1594 1593 1592 
f 1593 1594 1591 
f 1578 1579 1595 
f 1579 1575 1594 
f 1595 1594 1592 
f 1594 1595 1579 
f 1589 1590 1598 
f 1590 1582 1597 
f 1598 1597 1596 
f 1597 1598 1590 
f 1596 1597 1601 
f 1597 1582 1600 
f 1601 1600 1599 
f 1600 1601 1597 
f 1599 1600 1602 
f 1600 1582 1587 
f 1602 1587 1585 
f 1587 1602 1600 
f 1589 1598 1605 
f 1598 1596 1604 
f 1605 1604 1603 
f 1604 1605 1598 
f 1589 1605 1608 
f 1605 1603 1607 
f 1608 1607 1606 
f 1607 1608 1605 
f 1589 1608 1593 
f 1608 1606 1609 
f 1593 1609 1592 
f 1609 1593 1608 
f 1596 1601 1612 
f 1601 1599 1611 
f 1612 1611 1610 
f 1611 1612 1601 
f 1596 1612 1615 
f 1612 1610 1614 
f 1615 1614 1613 
f 1614 1615 1612 
f 1603 1604 1616 
f 1604 1596 1615 
f 1616 1615 1613 
f 1615 1616 1604 
f 1610 1611 1619 
f 1611 1599 1618 
f 1619 1618 1617 
f 1618 1619 1611 
f 1617 1618 1622 
f 1618 1599 1621 
f 1622 1621 1620 
f 1621 1622 1618 
f 1620 1621 1623 
f 1621 1599 1602 
f 1623 1602 1585 
f 1602 1623 1621 
f 1610 1619 1626 
f 1619 1617 1625 
f 1626 1625 1624 
f 1625 1626 1619 
f 1610 1626 1629 
f 1626 1624 1628 
f 1629 1628 1627 
f 1628 1629 1626 
f 1610 1629 1614 
f 1629 1627 1630 
f 1614 1630 1613 
f 1630 1614 1629 
f 1624 1625 1633 
f 1625 1617 1632 
f 1633 1632 1631 
f 1632 1633 1625 
f 1617 1622 1636 
f 1622 1620 1635 
f 1636 1635 1634 
f 1635 1636 1622 
f 1617 1636 1632 
f 1636 1634 1637 
f 1632 1637 1631 
f 1637 1632 1636 
f 1627 1628 1640 
f 1628 1624 1639 
f 1640 1639 1638 
f 1639 1640 1628 
f 1638 1639 1643 
f 1639 1624 1642 
f 1643 1642 1641 
f 1642 1643 1639 
f 1641 1642 1644 
f 1642 1624 1633 
f 1644 1633 1631 
f 1633 1644 1642 
f 1627 1640 1647 
f 1640 1638 1646 
f 1647 1646 1645 
f 1646 1647 1640 
f 1627 1647 1650 
f 1647 1645 1649 
f 1650 1649 1648 
f 1649 1650 1647 
f 1613 1630 1651 
f 1630 1627 1650 
f 1651 1650 1648 
f 1650 1651 1630 
f 1638 1643 1654 
f 1643 1641 1653 
f 1654 1653 1652 
f 1653 1654 1643 
f 1638 1654 1657 
f 1654 1652 1656 
f 1657 1656 1655 
f 1656 1657 1654 
f 1638 1657 1646 
f 1657 1655 1658 
f 1646 1658 1645 
f 1658 1646 1657 
f 1652 1653 1661 
f 1653 1641 1660 
f 1661 1660 1659 
f 1660 1661 1653 
f 1659 1660 1664 
f 1660 1641 1663 
f 1664 1663 1662 
f 1663 1664 1660 
f 1662 1663 1665 
f 1663 1641 1644 
f 1665 1644 1631 
f 1644 1665 1663 
f 1655 1656 1668 
f 1656 1652 1667 
f 1668 1667 1666 
f 1667 1668 1656 
f 1666 1667 1671 
f 1667 1652 1670 
f 1671 1670 1669 
f 1670 1671 1667 
f 1652 1661 1670 
f 1661 1659 1672 
f 1670 1672 1669 
f 1672 1670 1661 
f 1655 1668 1675 
f 1668 1666 1674 
f 1675 1674 1673 
f 1674 1675 1668 
f 1655 1675 1678 
f 1675 1673 1677 
f 1678 1677 1676 
f 1677 1678 1675 
f 1655 1678 1658 
f 1678 1676 1679 
f 1658 1679 1645 
f 1679 1658 1678 
f 1680 1681 1682 
f 1681 1362 1365 
f 1682 1365 1345 
f 1365 1682 1681 
f 1362 1681 1685 
f 1681 1680 1684 
f 1685 1684 1683 
f 1684 1685 1681 
f 1376 1379 1686 
f 1379 1362 1685 
f 1686 1685 1683 
f 1685 1686 1379 
f 1272 1285 1689 
f 1285 1282 1688 
f 1689 1688 1687 
f 1688 1689 1285 
f 1282 1299 1692 
f 1299 1296 1691 
f 1692 1691 1690 
f 1691 1692 1299 
f 1282 1692 1688 
f 1692 1690 1693 
f 1688 1693 1687 
f 1693 1688 1692 
f 1673 1674 1696 
f 1674 1666 1695 
f 1696 1695 1694 
f 1695 1696 1674 
f 1694 1695 1699 
f 1695 1666 1698 
f 1699 1698 1697 
f 1698 1699 1695 
f 1666 1671 1698 
f 1671 1669 1700 
f 1698 1700 1697 
f 1700 1698 1671 
f 1536 1703 1705 
f 1703 1701 1704 
f 1705 1704 1702 
f 1704 1705 1703 
f 1701 1703 1706 
f 1703 1536 1553 
f 1706 1553 1550 
f 1553 1706 1703 
f 1707 1708 1709 
f 1708 1536 1705 
f 1709 1705 1702 
f 1705 1709 1708 
f 1536 1708 1539 
f 1708 1707 1710 
f 1539 1710 1515 
f 1710 1539 1708 
f 1673 1696 1713 
f 1696 1694 1712 
f 1713 1712 1711 
f 1712 1713 1696 
f 1673 1713 1716 
f 1713 1711 1715 
f 1716 1715 1714 
f 1715 1716 1713 
f 1673 1716 1677 
f 1716 1714 1717 
f 1677 1717 1676 
f 1717 1677 1716 
f 1711 1712 1720 
f 1712 1694 1719 
f 1720 1719 1718 
f 1719 1720 1712 
f 1718 1719 1723 
f 1719 1694 1722 
f 1723 1722 1721 
f 1722 1723 1719 
f 1721 1722 1724 
f 1722 1694 1699 
f 1724 1699 1697 
f 1699 1724 1722 
f 1725 1726 1727 
f 1726 1487 1504 
f 1727 1504 1501 
f 1504 1727 1726 
f 1487 1726 1730 
f 1726 1725 1729 
f 1730 1729 1728 
f 1729 1730 1726 
f 1477 1490 1733 
f 1490 1487 1732 
f 1733 1732 1731 
f 1732 1733 1490 
f 1731 1732 1734 
f 1732 1487 1730 
f 1734 1730 1728 
f 1730 1734 1732 
f 1578 1595 1737 
f 1595 1592 1736 
f 1737 1736 1735 
f 1736 1737 1595 
f 1578 1737 1740 
f 1737 1735 1739 
f 1740 1739 1738 
f 1739 1740 1737 
f 1564 1581 1741 
f 1581 1578 1740 
f 1741 1740 1738 
f 1740 1741 1581 
f 1742 1744 1746 
f 1744 1508 1745 
f 1746 1745 1743 
f 1745 1746 1744 
f 1508 1744 1532 
f 1744 1742 1747 
f 1532 1747 1529 
f 1747 1532 1744 
f 1743 1745 1748 
f 1745 1508 1511 
f 1748 1511 1494 
f 1511 1748 1745 
f 1188 1211 1751 
f 1211 1209 1750 
f 1751 1750 1749 
f 1750 1751 1211 
f 1191 1192 1754 
f 1192 1188 1753 
f 1754 1753 1752 
f 1753 1754 1192 
f 1188 1751 1753 
f 1751 1749 1755 
f 1753 1755 1752 
f 1755 1753 1751 
f 1149 1166 1758 
f 1166 1163 1757 
f 1758 1757 1756 
f 1757 1758 1166 
f 1149 1758 1761 
f 1758 1756 1760 
f 1761 1760 1759 
f 1760 1761 1758 
f 1149 1761 1152 
f 1761 1759 1762 
f 1152 1762 1135 
f 1762 1152 1761 
f 1711 1720 1765 
f 1720 1718 1764 
f 1765 1764 1763 
f 1764 1765 1720 
f 1714 1715 1768 
f 1715 1711 1767 
f 1768 1767 1766 
f 1767 1768 1715 
f 1766 1767 1769 
f 1767 1711 1765 
f 1769 1765 1763 
f 1765 1769 1767 
f 1718 1723 1772 
f 1723 1721 1771 
f 1772 1771 1770 
f 1771 1772 1723 
f 1718 1772 1775 
f 1772 1770 1774 
f 1775 1774 1773 
f 1774 1775 1772 
f 1718 1775 1764 
f 1775 1773 1776 
f 1764 1776 1763 
f 1776 1764 1775 
f 1777 1779 1781 
f 1779 1317 1780 
f 1781 1780 1778 
f 1780 1781 1779 
f 1317 1779 1784 
f 1779 1777 1783 
f 1784 1783 1782 
f 1783 1784 1779 
f 1778 1780 1785 
f 1780 1317 1320 
f 1785 1320 1303 
f 1320 1785 1780 
f 1317 1784 1334 
f 1784 1782 1786 
f 1334 1786 1331 
f 1786 1334 1784 
f 1714 1768 1789 
f 1768 1766 1788 
f 1789 1788 1787 
f 1788 1789 1768 
f 1714 1789 1792 
f 1789 1787 1791 
f 1792 1791 1790 
f 1791 1792 1789 
f 1714 1792 1717 
f 1792 1790 1793 
f 1717 1793 1676 
f 1793 1717 1792 
f 1659 1664 1796 
f 1664 1662 1795 
f 1796 1795 1794 
f 1795 1796 1664 
f 1659 1796 1799 
f 1796 1794 1798 
f 1799 1798 1797 
f 1798 1799 1796 
f 1659 1799 1672 
f 1799 1797 1800 
f 1672 1800 1669 
f 1800 1672 1799 
f 1794 1795 1803 
f 1795 1662 1802 
f 1803 1802 1801 
f 1802 1803 1795 
f 1801 1802 1806 
f 1802 1662 1805 
f 1806 1805 1804 
f 1805 1806 1802 
f 1662 1665 1805 
f 1665 1631 1807 
f 1805 1807 1804 
f 1807 1805 1665 
f 1749 1750 1810 
f 1750 1209 1809 
f 1810 1809 1808 
f 1809 1810 1750 
f 1808 1809 1813 
f 1809 1209 1812 
f 1813 1812 1811 
f 1812 1813 1809 
f 1209 1214 1812 
f 1214 1212 1814 
f 1812 1814 1811 
f 1814 1812 1214 
f 1128 1194 1817 
f 1194 1191 1816 
f 1817 1816 1815 
f 1816 1817 1194 
f 1191 1754 1820 
f 1754 1752 1819 
f 1820 1819 1818 
f 1819 1820 1754 
f 1191 1820 1816 
f 1820 1818 1821 
f 1816 1821 1815 
f 1821 1816 1820 
f 1177 1200 1824 
f 1200 1198 1823 
f 1824 1823 1822 
f 1823 1824 1200 
f 1177 1824 1827 
f 1824 1822 1826 
f 1827 1826 1825 
f 1826 1827 1824 
f 1163 1180 1828 
f 1180 1177 1827 
f 1828 1827 1825 
f 1827 1828 1180 
f 1397 1413 1831 
f 1413 1411 1830 
f 1831 1830 1829 
f 1830 1831 1413 
f 1397 1831 1834 
f 1831 1829 1833 
f 1834 1833 1832 
f 1833 1834 1831 
f 1383 1400 1835 
f 1400 1397 1834 
f 1835 1834 1832 
f 1834 1835 1400 
f 1749 1810 1838 
f 1810 1808 1837 
f 1838 1837 1836 
f 1837 1838 1810 
f 1749 1838 1841 
f 1838 1836 1840 
f 1841 1840 1839 
f 1840 1841 1838 
f 1749 1841 1755 
f 1841 1839 1842 
f 1755 1842 1752 
f 1842 1755 1841 
f 1829 1830 1845 
f 1830 1411 1844 
f 1845 1844 1843 
f 1844 1845 1830 
f 1843 1844 1848 
f 1844 1411 1847 
f 1848 1847 1846 
f 1847 1848 1844 
f 1411 1414 1847 
f 1414 1408 1849 
f 1847 1849 1846 
f 1849 1847 1414 
f 1829 1845 1852 
f 1845 1843 1851 
f 1852 1851 1850 
f 1851 1852 1845 
f 1829 1852 1855 
f 1852 1850 1854 
f 1855 1854 1853 
f 1854 1855 1852 
f 1829 1855 1833 
f 1855 1853 1856 
f 1833 1856 1832 
f 1856 1833 1855 
f 1822 1823 1859 
f 1823 1198 1858 
f 1859 1858 1857 
f 1858 1859 1823 
f 1857 1858 1862 
f 1858 1198 1861 
f 1862 1861 1860 
f 1861 1862 1858 
f 1198 1201 1861 
f 1201 1195 1863 
f 1861 1863 1860 
f 1863 1861 1201 
f 1606 1607 1866 
f 1607 1603 1865 
f 1866 1865 1864 
f 1865 1866 1607 
f 1864 1865 1869 
f 1865 1603 1868 
f 1869 1868 1867 
f 1868 1869 1865 
f 1867 1868 1870 
f 1868 1603 1616 
f 1870 1616 1613 
f 1616 1870 1868 
f 1606 1866 1873 
f 1866 1864 1872 
f 1873 1872 1871 
f 1872 1873 1866 
f 1606 1873 1876 
f 1873 1871 1875 
f 1876 1875 1874 
f 1875 1876 1873 
f 1592 1609 1877 
f 1609 1606 1876 
f 1877 1876 1874 
f 1876 1877 1609 
f 1871 1872 1880 
f 1872 1864 1879 
f 1880 1879 1878 
f 1879 1880 1872 
f 1878 1879 1883 
f 1879 1864 1882 
f 1883 1882 1881 
f 1882 1883 1879 
f 1864 1869 1882 
f 1869 1867 1884 
f 1882 1884 1881 
f 1884 1882 1869 
f 1233 1234 1887 
f 1234 1230 1886 
f 1887 1886 1885 
f 1886 1887 1234 
f 1888 1889 1890 
f 1889 1230 1243 
f 1890 1243 1240 
f 1243 1890 1889 
f 1230 1889 1886 
f 1889 1888 1891 
f 1886 1891 1885 
f 1891 1886 1889 
f 1778 1893 1895 
f 1893 1289 1894 
f 1895 1894 1892 
f 1894 1895 1893 
f 1289 1893 1306 
f 1893 1778 1785 
f 1306 1785 1303 
f 1785 1306 1893 
f 1892 1894 1898 
f 1894 1289 1897 
f 1898 1897 1896 
f 1897 1898 1894 
f 1289 1292 1897 
f 1292 1258 1899 
f 1897 1899 1896 
f 1899 1897 1292 
f 1261 1262 1902 
f 1262 1247 1901 
f 1902 1901 1900 
f 1901 1902 1262 
f 1900 1901 1905 
f 1901 1247 1904 
f 1905 1904 1903 
f 1904 1905 1901 
f 1903 1904 1906 
f 1904 1247 1250 
f 1906 1250 1216 
f 1250 1906 1904 
f 1585 1588 1909 
f 1588 1571 1908 
f 1909 1908 1907 
f 1908 1909 1588 
f 1907 1908 1912 
f 1908 1571 1911 
f 1912 1911 1910 
f 1911 1912 1908 
f 1571 1574 1911 
f 1574 1557 1913 
f 1911 1913 1910 
f 1913 1911 1574 
f 1170 1173 1916 
f 1173 1156 1915 
f 1916 1915 1914 
f 1915 1916 1173 
f 1156 1159 1919 
f 1159 1142 1918 
f 1919 1918 1917 
f 1918 1919 1159 
f 1914 1915 1920 
f 1915 1156 1919 
f 1920 1919 1917 
f 1919 1920 1915 
f 1850 1851 1923 
f 1851 1843 1922 
f 1923 1922 1921 
f 1922 1923 1851 
f 1921 1922 1926 
f 1922 1843 1925 
f 1926 1925 1924 
f 1925 1926 1922 
f 1924 1925 1927 
f 1925 1843 1848 
f 1927 1848 1846 
f 1848 1927 1925 
f 1058 1061 1930 
f 1061 1044 1929 
f 1930 1929 1928 
f 1929 1930 1061 
f 1044 1047 1933 
f 1047 1030 1932 
f 1933 1932 1931 
f 1932 1933 1047 
f 1928 1929 1934 
f 1929 1044 1933 
f 1934 1933 1931 
f 1933 1934 1929 
f 1770 1771 1937 
f 1771 1721 1936 
f 1937 1936 1935 
f 1936 1937 1771 
f 1935 1936 1940 
f 1936 1721 1939 
f 1940 1939 1938 
f 1939 1940 1936 
f 1721 1724 1939 
f 1724 1697 1941 
f 1939 1941 1938 
f 1941 1939 1724 
f 1773 1774 1944 
f 1774 1770 1943 
f 1944 1943 1942 
f 1943 1944 1774 
f 1942 1943 1947 
f 1943 1770 1946 
f 1947 1946 1945 
f 1946 1947 1943 
f 1770 1937 1946 
f 1937 1935 1948 
f 1946 1948 1945 
f 1948 1946 1937 
f 1773 1944 1951 
f 1944 1942 1950 
f 1951 1950 1949 
f 1950 1951 1944 
f 1773 1951 1954 
f 1951 1949 1953 
f 1954 1953 1952 
f 1953 1954 1951 
f 1773 1954 1776 
f 1954 1952 1955 
f 1776 1955 1763 
f 1955 1776 1954 
f 1065 1082 1958 
f 1082 1079 1957 
f 1958 1957 1956 
f 1957 1958 1082 
f 1079 1960 1957 
f 1960 1959 1961 
f 1957 1961 1956 
f 1961 1957 1960 
f 1959 1960 1964 
f 1960 1079 1963 
f 1964 1963 1962 
f 1963 1964 1960 
f 1079 1096 1963 
f 1096 1093 1965 
f 1963 1965 1962 
f 1965 1963 1096 
f 1787 1788 1968 
f 1788 1766 1967 
f 1968 1967 1966 
f 1967 1968 1788 
f 1966 1967 1971 
f 1967 1766 1970 
f 1971 1970 1969 
f 1970 1971 1967 
f 1969 1970 1972 
f 1970 1766 1769 
f 1972 1769 1763 
f 1769 1972 1970 
f 1836 1837 1975 
f 1837 1808 1974 
f 1975 1974 1973 
f 1974 1975 1837 
f 1973 1974 1978 
f 1974 1808 1977 
f 1978 1977 1976 
f 1977 1978 1974 
f 1976 1977 1979 
f 1977 1808 1813 
f 1979 1813 1811 
f 1813 1979 1977 
f 1543 1546 1982 
f 1546 1529 1981 
f 1982 1981 1980 
f 1981 1982 1546 
f 1557 1560 1985 
f 1560 1543 1984 
f 1985 1984 1983 
f 1984 1985 1560 
f 1983 1984 1986 
f 1984 1543 1982 
f 1986 1982 1980 
f 1982 1986 1984 
f 1790 1791 1989 
f 1791 1787 1988 
f 1989 1988 1987 
f 1988 1989 1791 
f 1987 1988 1992 
f 1988 1787 1991 
f 1992 1991 1990 
f 1991 1992 1988 
f 1787 1968 1991 
f 1968 1966 1993 
f 1991 1993 1990 
f 1993 1991 1968 
f 1794 1803 1996 
f 1803 1801 1995 
f 1996 1995 1994 
f 1995 1996 1803 
f 1797 1798 1999 
f 1798 1794 1998 
f 1999 1998 1997 
f 1998 1999 1798 
f 1997 1998 2000 
f 1998 1794 1996 
f 2000 1996 1994 
f 1996 2000 1998 
f 1994 1995 2003 
f 1995 1801 2002 
f 2003 2002 2001 
f 2002 2003 1995 
f 1801 1806 2006 
f 1806 1804 2005 
f 2006 2005 2004 
f 2005 2006 1806 
f 1801 2006 2002 
f 2006 2004 2007 
f 2002 2007 2001 
f 2007 2002 2006 
f 1797 1999 2010 
f 1999 1997 2009 
f 2010 2009 2008 
f 2009 2010 1999 
f 1797 2010 2013 
f 2010 2008 2012 
f 2013 2012 2011 
f 2012 2013 2010 
f 1797 2013 1800 
f 2013 2011 2014 
f 1800 2014 1669 
f 2014 1800 2013 
f 1051 1068 2017 
f 1068 1065 2016 
f 2017 2016 2015 
f 2016 2017 1068 
f 1051 2017 2020 
f 2017 2015 2019 
f 2020 2019 2018 
f 2019 2020 2017 
f 1051 2020 1054 
f 2020 2018 2021 
f 1054 2021 1037 
f 2021 1054 2020 
f 1871 1880 2024 
f 1880 1878 2023 
f 2024 2023 2022 
f 2023 2024 1880 
f 1871 2024 2027 
f 2024 2022 2026 
f 2027 2026 2025 
f 2026 2027 2024 
f 1871 2027 1875 
f 2027 2025 2028 
f 1875 2028 1874 
f 2028 1875 2027 
f 1822 1859 2031 
f 1859 1857 2030 
f 2031 2030 2029 
f 2030 2031 1859 
f 1822 2031 2034 
f 2031 2029 2033 
f 2034 2033 2032 
f 2033 2034 2031 
f 1822 2034 1826 
f 2034 2032 2035 
f 1826 2035 1825 
f 2035 1826 2034 
f 2029 2030 2038 
f 2030 1857 2037 
f 2038 2037 2036 
f 2037 2038 2030 
f 2036 2037 2041 
f 2037 1857 2040 
f 2041 2040 2039 
f 2040 2041 2037 
f 2039 2040 2042 
f 2040 1857 1862 
f 2042 1862 1860 
f 1862 2042 2040 
f 1839 1840 2045 
f 1840 1836 2044 
f 2045 2044 2043 
f 2044 2045 1840 
f 1836 1975 2048 
f 1975 1973 2047 
f 2048 2047 2046 
f 2047 2048 1975 
f 2043 2044 2049 
f 2044 1836 2048 
f 2049 2048 2046 
f 2048 2049 2044 
f 1853 1854 2052 
f 1854 1850 2051 
f 2052 2051 2050 
f 2051 2052 1854 
f 1850 1923 2055 
f 1923 1921 2054 
f 2055 2054 2053 
f 2054 2055 1923 
f 2050 2051 2056 
f 2051 1850 2055 
f 2056 2055 2053 
f 2055 2056 2051 
f 1853 2052 2059 
f 2052 2050 2058 
f 2059 2058 2057 
f 2058 2059 2052 
f 1853 2059 2062 
f 2059 2057 2061 
f 2062 2061 2060 
f 2061 2062 2059 
f 1853 2062 1856 
f 2062 2060 2063 
f 1856 2063 1832 
f 2063 1856 2062 
f 1839 2045 2066 
f 2045 2043 2065 
f 2066 2065 2064 
f 2065 2066 2045 
f 1839 2066 2069 
f 2066 2064 2068 
f 2069 2068 2067 
f 2068 2069 2066 
f 1839 2069 1842 
f 2069 2067 2070 
f 1842 2070 1752 
f 2070 1842 2069 
f 1790 1989 2073 
f 1989 1987 2072 
f 2073 2072 2071 
f 2072 2073 1989 
f 1790 2073 2076 
f 2073 2071 2075 
f 2076 2075 2074 
f 2075 2076 2073 
f 1790 2076 1793 
f 2076 2074 2077 
f 1793 2077 1676 
f 2077 1793 2076 
f 2022 2023 2080 
f 2023 1878 2079 
f 2080 2079 2078 
f 2079 2080 2023 
f 2078 2079 2083 
f 2079 1878 2082 
f 2083 2082 2081 
f 2082 2083 2079 
f 1878 1883 2082 
f 1883 1881 2084 
f 2082 2084 2081 
f 2084 2082 1883 
f 1949 1950 2087 
f 1950 1942 2086 
f 2087 2086 2085 
f 2086 2087 1950 
f 2085 2086 2090 
f 2086 1942 2089 
f 2090 2089 2088 
f 2089 2090 2086 
f 2088 2089 2091 
f 2089 1942 1947 
f 2091 1947 1945 
f 1947 2091 2089 
f 1949 2087 2094 
f 2087 2085 2093 
f 2094 2093 2092 
f 2093 2094 2087 
f 1949 2094 2097 
f 2094 2092 2096 
f 2097 2096 2095 
f 2096 2097 2094 
f 1949 2097 1953 
f 2097 2095 2098 
f 1953 2098 1952 
f 2098 1953 2097 
f 2071 2072 2101 
f 2072 1987 2100 
f 2101 2100 2099 
f 2100 2101 2072 
f 2099 2100 2104 
f 2100 1987 2103 
f 2104 2103 2102 
f 2103 2104 2100 
f 2102 2103 2105 
f 2103 1987 1992 
f 2105 1992 1990 
f 1992 2105 2103 
f 1921 1926 2108 
f 1926 1924 2107 
f 2108 2107 2106 
f 2107 2108 1926 
f 1921 2108 2111 
f 2108 2106 2110 
f 2111 2110 2109 
f 2110 2111 2108 
f 1921 2111 2054 
f 2111 2109 2112 
f 2054 2112 2053 
f 2112 2054 2111 
f 2106 2107 2115 
f 2107 1924 2114 
f 2115 2114 2113 
f 2114 2115 2107 
f 2113 2114 2118 
f 2114 1924 2117 
f 2118 2117 2116 
f 2117 2118 2114 
f 2116 2117 2119 
f 2117 1924 1927 
f 2119 1927 1846 
f 1927 2119 2117 
f 2057 2058 2122 
f 2058 2050 2121 
f 2122 2121 2120 
f 2121 2122 2058 
f 2050 2056 2125 
f 2056 2053 2124 
f 2125 2124 2123 
f 2124 2125 2056 
f 2050 2125 2121 
f 2125 2123 2126 
f 2121 2126 2120 
f 2126 2121 2125 
f 2060 2061 2129 
f 2061 2057 2128 
f 2129 2128 2127 
f 2128 2129 2061 
f 2127 2128 2132 
f 2128 2057 2131 
f 2132 2131 2130 
f 2131 2132 2128 
f 2130 2131 2133 
f 2131 2057 2122 
f 2133 2122 2120 
f 2122 2133 2131 
f 2008 2009 2136 
f 2009 1997 2135 
f 2136 2135 2134 
f 2135 2136 2009 
f 2134 2135 2139 
f 2135 1997 2138 
f 2139 2138 2137 
f 2138 2139 2135 
f 2137 2138 2140 
f 2138 1997 2000 
f 2140 2000 1994 
f 2000 2140 2138 
f 1945 1948 2143 
f 1948 1935 2142 
f 2143 2142 2141 
f 2142 2143 1948 
f 1935 1940 2146 
f 1940 1938 2145 
f 2146 2145 2144 
f 2145 2146 1940 
f 1935 2146 2142 
f 2146 2144 2147 
f 2142 2147 2141 
f 2147 2142 2146 
f 2008 2136 2150 
f 2136 2134 2149 
f 2150 2149 2148 
f 2149 2150 2136 
f 2011 2012 2153 
f 2012 2008 2152 
f 2153 2152 2151 
f 2152 2153 2012 
f 2151 2152 2154 
f 2152 2008 2150 
f 2154 2150 2148 
f 2150 2154 2152 
f 2071 2101 2157 
f 2101 2099 2156 
f 2157 2156 2155 
f 2156 2157 2101 
f 2074 2075 2160 
f 2075 2071 2159 
f 2160 2159 2158 
f 2159 2160 2075 
f 2071 2157 2159 
f 2157 2155 2161 
f 2159 2161 2158 
f 2161 2159 2157 
f 2099 2104 2164 
f 2104 2102 2163 
f 2164 2163 2162 
f 2163 2164 2104 
f 2099 2164 2167 
f 2164 2162 2166 
f 2167 2166 2165 
f 2166 2167 2164 
f 2155 2156 2168 
f 2156 2099 2167 
f 2168 2167 2165 
f 2167 2168 2156 
f 1023 1040 2171 
f 1040 1037 2170 
f 2171 2170 2169 
f 2170 2171 1040 
f 1023 2171 2174 
f 2171 2169 2173 
f 2174 2173 2172 
f 2173 2174 2171 
f 1023 2174 1026 
f 2174 2172 2175 
f 1026 2175 1009 
f 2175 1026 2174 
f 1973 1978 2178 
f 1978 1976 2177 
f 2178 2177 2176 
f 2177 2178 1978 
f 1973 2178 2180 
f 2178 2176 2179 
f 2180 2179 711 
f 2179 2180 2178 
f 1973 2180 2047 
f 2180 711 2181 
f 2047 2181 2046 
f 2181 2047 2180 
f 2176 2177 2184 
f 2177 1976 2183 
f 2184 2183 2182 
f 2183 2184 2177 
f 2182 2183 2187 
f 2183 1976 2186 
f 2187 2186 2185 
f 2186 2187 2183 
f 2185 2186 2188 
f 2186 1976 1979 
f 2188 1979 1811 
f 1979 2188 2186 
f 1966 1971 2191 
f 1971 1969 2190 
f 2191 2190 2189 
f 2190 2191 1971 
f 1966 2191 2194 
f 2191 2189 2193 
f 2194 2193 2192 
f 2193 2194 2191 
f 1966 2194 1993 
f 2194 2192 2195 
f 1993 2195 1990 
f 2195 1993 2194 
f 2025 2026 2198 
f 2026 2022 2197 
f 2198 2197 2196 
f 2197 2198 2026 
f 2022 2080 2201 
f 2080 2078 2200 
f 2201 2200 2199 
f 2200 2201 2080 
f 2196 2197 2202 
f 2197 2022 2201 
f 2202 2201 2199 
f 2201 2202 2197 
f 2025 2198 2205 
f 2198 2196 2204 
f 2205 2204 2203 
f 2204 2205 2198 
f 2025 2205 2208 
f 2205 2203 2207 
f 2208 2207 2206 
f 2207 2208 2205 
f 1874 2028 2209 
f 2028 2025 2208 
f 2209 2208 2206 
f 2208 2209 2028 
f 2106 2115 2212 
f 2115 2113 2211 
f 2212 2211 2210 
f 2211 2212 2115 
f 2109 2110 2215 
f 2110 2106 2214 
f 2215 2214 2213 
f 2214 2215 2110 
f 2213 2214 2216 
f 2214 2106 2212 
f 2216 2212 2210 
f 2212 2216 2214 
f 2113 2118 2219 
f 2118 2116 2218 
f 2219 2218 2217 
f 2218 2219 2118 
f 2113 2219 2222 
f 2219 2217 2221 
f 2222 2221 2220 
f 2221 2222 2219 
f 2113 2222 2211 
f 2222 2220 2223 
f 2211 2223 2210 
f 2223 2211 2222 
f 2064 2065 2226 
f 2065 2043 2225 
f 2226 2225 2224 
f 2225 2226 2065 
f 2224 2225 2229 
f 2225 2043 2228 
f 2229 2228 2227 
f 2228 2229 2225 
f 2227 2228 2230 
f 2228 2043 2049 
f 2230 2049 2046 
f 2049 2230 2228 
f 2085 2090 2233 
f 2090 2088 2232 
f 2233 2232 2231 
f 2232 2233 2090 
f 2092 2093 2236 
f 2093 2085 2235 
f 2236 2235 2234 
f 2235 2236 2093 
f 2234 2235 2237 
f 2235 2085 2233 
f 2237 2233 2231 
f 2233 2237 2235 
f 830 2239 2241 
f 2239 2088 2240 
f 2241 2240 2238 
f 2240 2241 2239 
f 2088 2239 2232 
f 2239 830 2242 
f 2232 2242 2231 
f 2242 2232 2239 
f 2088 2091 2245 
f 2091 1945 2244 
f 2245 2244 2243 
f 2244 2245 2091 
f 2238 2240 2246 
f 2240 2088 2245 
f 2246 2245 2243 
f 2245 2246 2240 
f 2134 2139 2248 
f 2139 2137 2247 
f 2248 2247 718 
f 2247 2248 2139 
f 2134 2248 2250 
f 2248 718 2249 
f 2250 2249 625 
f 2249 2250 2248 
f 2134 2250 2149 
f 2250 625 2251 
f 2149 2251 2148 
f 2251 2149 2250 
f 2032 2033 2254 
f 2033 2029 2253 
f 2254 2253 2252 
f 2253 2254 2033 
f 2029 2038 2257 
f 2038 2036 2256 
f 2257 2256 2255 
f 2256 2257 2038 
f 2252 2253 2258 
f 2253 2029 2257 
f 2258 2257 2255 
f 2257 2258 2253 
f 2032 2254 2261 
f 2254 2252 2260 
f 2261 2260 2259 
f 2260 2261 2254 
f 2032 2261 2264 
f 2261 2259 2263 
f 2264 2263 2262 
f 2263 2264 2261 
f 2032 2264 2035 
f 2264 2262 2265 
f 2035 2265 1825 
f 2265 2035 2264 
f 2036 2041 2268 
f 2041 2039 2267 
f 2268 2267 2266 
f 2267 2268 2041 
f 2036 2268 2271 
f 2268 2266 2270 
f 2271 2270 2269 
f 2270 2271 2268 
f 2036 2271 2256 
f 2271 2269 2272 
f 2256 2272 2255 
f 2272 2256 2271 
f 2266 2267 2275 
f 2267 2039 2274 
f 2275 2274 2273 
f 2274 2275 2267 
f 2276 2277 2278 
f 2277 2039 2042 
f 2278 2042 1860 
f 2042 2278 2277 
f 2039 2277 2274 
f 2277 2276 2279 
f 2274 2279 2273 
f 2279 2274 2277 
f 2095 2096 2282 
f 2096 2092 2281 
f 2282 2281 2280 
f 2281 2282 2096 
f 2092 2236 2285 
f 2236 2234 2284 
f 2285 2284 2283 
f 2284 2285 2236 
f 2280 2281 2286 
f 2281 2092 2285 
f 2286 2285 2283 
f 2285 2286 2281 
f 2095 2282 2288 
f 2282 2280 2287 
f 2288 2287 794 
f 2287 2288 2282 
f 1952 2098 2291 
f 2098 2095 2290 
f 2291 2290 2289 
f 2290 2291 2098 
f 2289 2290 2292 
f 2290 2095 2288 
f 2292 2288 794 
f 2288 2292 2290 
f 2283 2284 2295 
f 2284 2234 2294 
f 2295 2294 2293 
f 2294 2295 2284 
f 827 2296 2297 
f 2296 2234 2237 
f 2297 2237 2231 
f 2237 2297 2296 
f 2234 2296 2294 
f 2296 827 2298 
f 2294 2298 2293 
f 2298 2294 2296 
f 2067 2068 2301 
f 2068 2064 2300 
f 2301 2300 2299 
f 2300 2301 2068 
f 2299 2300 2304 
f 2300 2064 2303 
f 2304 2303 2302 
f 2303 2304 2300 
f 2064 2226 2303 
f 2226 2224 2305 
f 2303 2305 2302 
f 2305 2303 2226 
f 2109 2215 2307 
f 2215 2213 2306 
f 2307 2306 948 
f 2306 2307 2215 
f 2053 2112 2309 
f 2112 2109 2308 
f 2309 2308 704 
f 2308 2309 2112 
f 704 2308 2310 
f 2308 2109 2307 
f 2310 2307 948 
f 2307 2310 2308 
f 1867 1870 2311 
f 1870 1613 1651 
f 2311 1651 1648 
f 1651 2311 1870 
f 2158 2312 2313 
f 2312 1867 2311 
f 2313 2311 1648 
f 2311 2313 2312 
f 1867 2312 1884 
f 2312 2158 2314 
f 1884 2314 1881 
f 2314 1884 2312 
f 2060 2129 2317 
f 2129 2127 2316 
f 2317 2316 2315 
f 2316 2317 2129 
f 2060 2317 2319 
f 2317 2315 2318 
f 2319 2318 1519 
f 2318 2319 2317 
f 1832 2063 2320 
f 2063 2060 2319 
f 2320 2319 1519 
f 2319 2320 2063 
f 2127 2132 2323 
f 2132 2130 2322 
f 2323 2322 2321 
f 2322 2323 2132 
f 2127 2323 2326 
f 2323 2321 2325 
f 2326 2325 2324 
f 2325 2326 2323 
f 2127 2326 2316 
f 2326 2324 2327 
f 2316 2327 2315 
f 2327 2316 2326 
f 2321 2322 2330 
f 2322 2130 2329 
f 2330 2329 2328 
f 2329 2330 2322 
f 2130 2133 2332 
f 2133 2120 2331 
f 2332 2331 940 
f 2331 2332 2133 
f 2130 2332 2329 
f 2332 940 2333 
f 2329 2333 2328 
f 2333 2329 2332 
f 2324 2325 2336 
f 2325 2321 2335 
f 2336 2335 2334 
f 2335 2336 2325 
f 2334 2335 2339 
f 2335 2321 2338 
f 2339 2338 2337 
f 2338 2339 2335 
f 2337 2338 2340 
f 2338 2321 2330 
f 2340 2330 2328 
f 2330 2340 2338 
f 2324 2336 2343 
f 2336 2334 2342 
f 2343 2342 2341 
f 2342 2343 2336 
f 2324 2343 2346 
f 2343 2341 2345 
f 2346 2345 2344 
f 2345 2346 2343 
f 2315 2327 2347 
f 2327 2324 2346 
f 2347 2346 2344 
f 2346 2347 2327 
f 2341 2342 2350 
f 2342 2334 2349 
f 2350 2349 2348 
f 2349 2350 2342 
f 2348 2349 2353 
f 2349 2334 2352 
f 2353 2352 2351 
f 2352 2353 2349 
f 2334 2339 2352 
f 2339 2337 2354 
f 2352 2354 2351 
f 2354 2352 2339 
f 2341 2350 2357 
f 2350 2348 2356 
f 2357 2356 2355 
f 2356 2357 2350 
f 2341 2357 2360 
f 2357 2355 2359 
f 2360 2359 2358 
f 2359 2360 2357 
f 2341 2360 2345 
f 2360 2358 2361 
f 2345 2361 2344 
f 2361 2345 2360 
f 2355 2356 2364 
f 2356 2348 2363 
f 2364 2363 2362 
f 2363 2364 2356 
f 2362 2363 2367 
f 2363 2348 2366 
f 2367 2366 2365 
f 2366 2367 2363 
f 2365 2366 2368 
f 2366 2348 2353 
f 2368 2353 2351 
f 2353 2368 2366 
f 2355 2364 2371 
f 2364 2362 2370 
f 2371 2370 2369 
f 2370 2371 2364 
f 2355 2371 2373 
f 2371 2369 2372 
f 2373 2372 1470 
f 2372 2373 2371 
f 2358 2359 2374 
f 2359 2355 2373 
f 2374 2373 1470 
f 2373 2374 2359 
f 2369 2370 2377 
f 2370 2362 2376 
f 2377 2376 2375 
f 2376 2377 2370 
f 2375 2376 2380 
f 2376 2362 2379 
f 2380 2379 2378 
f 2379 2380 2376 
f 2362 2367 2379 
f 2367 2365 2381 
f 2379 2381 2378 
f 2381 2379 2367 
f 2369 2377 2384 
f 2377 2375 2383 
f 2384 2383 2382 
f 2383 2384 2377 
f 2369 2384 2386 
f 2384 2382 2385 
f 2386 2385 1467 
f 2385 2386 2384 
f 2369 2386 2372 
f 2386 1467 1472 
f 2372 1472 1470 
f 1472 2372 2386 
f 2382 2383 2389 
f 2383 2375 2388 
f 2389 2388 2387 
f 2388 2389 2383 
f 2387 2388 2392 
f 2388 2375 2391 
f 2392 2391 2390 
f 2391 2392 2388 
f 2390 2391 2393 
f 2391 2375 2380 
f 2393 2380 2378 
f 2380 2393 2391 
f 2382 2389 2396 
f 2389 2387 2395 
f 2396 2395 2394 
f 2395 2396 2389 
f 1467 2385 2399 
f 2385 2382 2398 
f 2399 2398 2397 
f 2398 2399 2385 
f 2397 2398 2400 
f 2398 2382 2396 
f 2400 2396 2394 
f 2396 2400 2398 
f 2387 2392 2403 
f 2392 2390 2402 
f 2403 2402 2401 
f 2402 2403 2392 
f 2387 2403 2406 
f 2403 2401 2405 
f 2406 2405 2404 
f 2405 2406 2403 
f 2387 2406 2395 
f 2406 2404 2407 
f 2395 2407 2394 
f 2407 2395 2406 
f 2401 2402 2410 
f 2402 2390 2409 
f 2410 2409 2408 
f 2409 2410 2402 
f 2408 2409 2413 
f 2409 2390 2412 
f 2413 2412 2411 
f 2412 2413 2409 
f 2411 2412 2414 
f 2412 2390 2393 
f 2414 2393 2378 
f 2393 2414 2412 
f 2404 2405 2417 
f 2405 2401 2416 
f 2417 2416 2415 
f 2416 2417 2405 
f 2415 2416 2420 
f 2416 2401 2419 
f 2420 2419 2418 
f 2419 2420 2416 
f 2401 2410 2419 
f 2410 2408 2421 
f 2419 2421 2418 
f 2421 2419 2410 
f 2404 2417 2424 
f 2417 2415 2423 
f 2424 2423 2422 
f 2423 2424 2417 
f 2404 2424 2427 
f 2424 2422 2426 
f 2427 2426 2425 
f 2426 2427 2424 
f 2394 2407 2428 
f 2407 2404 2427 
f 2428 2427 2425 
f 2427 2428 2407 
f 2422 2423 2431 
f 2423 2415 2430 
f 2431 2430 2429 
f 2430 2431 2423 
f 2429 2430 2434 
f 2430 2415 2433 
f 2434 2433 2432 
f 2433 2434 2430 
f 2432 2433 2435 
f 2433 2415 2420 
f 2435 2420 2418 
f 2420 2435 2433 
f 2422 2431 2438 
f 2431 2429 2437 
f 2438 2437 2436 
f 2437 2438 2431 
f 2422 2438 2441 
f 2438 2436 2440 
f 2441 2440 2439 
f 2440 2441 2438 
f 2422 2441 2426 
f 2441 2439 2442 
f 2426 2442 2425 
f 2442 2426 2441 
f 2436 2437 2445 
f 2437 2429 2444 
f 2445 2444 2443 
f 2444 2445 2437 
f 2443 2444 2448 
f 2444 2429 2447 
f 2448 2447 2446 
f 2447 2448 2444 
f 2429 2434 2447 
f 2434 2432 2449 
f 2447 2449 2446 
f 2449 2447 2434 
f 2436 2445 2452 
f 2445 2443 2451 
f 2452 2451 2450 
f 2451 2452 2445 
f 2436 2452 2455 
f 2452 2450 2454 
f 2455 2454 2453 
f 2454 2455 2452 
f 2439 2440 2456 
f 2440 2436 2455 
f 2456 2455 2453 
f 2455 2456 2440 
f 2450 2451 2459 
f 2451 2443 2458 
f 2459 2458 2457 
f 2458 2459 2451 
f 2457 2458 2462 
f 2458 2443 2461 
f 2462 2461 2460 
f 2461 2462 2458 
f 2460 2461 2463 
f 2461 2443 2448 
f 2463 2448 2446 
f 2448 2463 2461 
f 2378 2381 2466 
f 2381 2365 2465 
f 2466 2465 2464 
f 2465 2466 2381 
f 2365 2368 2468 
f 2368 2351 2467 
f 2468 2467 956 
f 2467 2468 2368 
f 2464 2465 2469 
f 2465 2365 2468 
f 2469 2468 956 
f 2468 2469 2465 
f 2450 2459 2472 
f 2459 2457 2471 
f 2472 2471 2470 
f 2471 2472 2459 
f 2450 2472 2474 
f 2472 2470 2473 
f 2474 2473 1888 
f 2473 2474 2472 
f 2450 2474 2454 
f 2474 1888 2475 
f 2454 2475 2453 
f 2475 2454 2474 
f 2470 2471 2478 
f 2471 2457 2477 
f 2478 2477 2476 
f 2477 2478 2471 
f 2476 2477 2481 
f 2477 2457 2480 
f 2481 2480 2479 
f 2480 2481 2477 
f 2457 2462 2480 
f 2462 2460 2482 
f 2480 2482 2479 
f 2482 2480 2462 
f 718 2247 721 
f 2247 2137 2483 
f 721 2483 719 
f 2483 721 2247 
f 2137 2140 2486 
f 2140 1994 2485 
f 2486 2485 2484 
f 2485 2486 2140 
f 2137 2486 2483 
f 2486 2484 2487 
f 2483 2487 719 
f 2487 2483 2486 
f 2217 2218 2490 
f 2218 2116 2489 
f 2490 2489 2488 
f 2489 2490 2218 
f 2488 2489 2492 
f 2489 2116 2491 
f 2492 2491 1439 
f 2491 2492 2489 
f 2116 2119 2491 
f 2119 1846 2493 
f 2491 2493 1439 
f 2493 2491 2119 
f 2220 2221 2496 
f 2221 2217 2495 
f 2496 2495 2494 
f 2495 2496 2221 
f 2494 2495 2499 
f 2495 2217 2498 
f 2499 2498 2497 
f 2498 2499 2495 
f 2217 2490 2498 
f 2490 2488 2500 
f 2498 2500 2497 
f 2500 2498 2490 
f 2220 2496 2503 
f 2496 2494 2502 
f 2503 2502 2501 
f 2502 2503 2496 
f 2220 2503 2505 
f 2503 2501 2504 
f 2505 2504 684 
f 2504 2505 2503 
f 2220 2505 2223 
f 2505 684 2506 
f 2223 2506 2210 
f 2506 2223 2505 
f 2501 2502 2509 
f 2502 2494 2508 
f 2509 2508 2507 
f 2508 2509 2502 
f 2507 2508 2512 
f 2508 2494 2511 
f 2512 2511 2510 
f 2511 2512 2508 
f 2510 2511 2513 
f 2511 2494 2499 
f 2513 2499 2497 
f 2499 2513 2511 
f 1016 1019 2515 
f 1019 1002 2514 
f 2515 2514 772 
f 2514 2515 1019 
f 1030 1033 2518 
f 1033 1016 2517 
f 2518 2517 2516 
f 2517 2518 1033 
f 1016 2515 2517 
f 2515 772 2519 
f 2517 2519 2516 
f 2519 2517 2515 
f 2199 2200 2521 
f 2200 2078 2520 
f 2521 2520 656 
f 2520 2521 2200 
f 656 2520 2524 
f 2520 2078 2523 
f 2524 2523 2522 
f 2523 2524 2520 
f 2078 2083 2523 
f 2083 2081 2525 
f 2523 2525 2522 
f 2525 2523 2083 
f 2501 2509 2527 
f 2509 2507 2526 
f 2527 2526 934 
f 2526 2527 2509 
f 684 2504 687 
f 2504 2501 2528 
f 687 2528 685 
f 2528 687 2504 
f 685 2528 936 
f 2528 2501 2527 
f 936 2527 934 
f 2527 936 2528 
f 2507 2512 2531 
f 2512 2510 2530 
f 2531 2530 2529 
f 2530 2531 2512 
f 2507 2531 2534 
f 2531 2529 2533 
f 2534 2533 2532 
f 2533 2534 2531 
f 2507 2534 2526 
f 2534 2532 2535 
f 2526 2535 934 
f 2535 2526 2534 
f 2529 2530 2538 
f 2530 2510 2537 
f 2538 2537 2536 
f 2537 2538 2530 
f 2510 2513 2541 
f 2513 2497 2540 
f 2541 2540 2539 
f 2540 2541 2513 
f 2510 2541 2537 
f 2541 2539 2542 
f 2537 2542 2536 
f 2542 2537 2541 
f 2532 2533 2545 
f 2533 2529 2544 
f 2545 2544 2543 
f 2544 2545 2533 
f 2543 2544 2548 
f 2544 2529 2547 
f 2548 2547 2546 
f 2547 2548 2544 
f 2546 2547 2549 
f 2547 2529 2538 
f 2549 2538 2536 
f 2538 2549 2547 
f 1212 1215 2550 
f 1215 1086 1089 
f 2550 1089 1072 
f 1089 2550 1215 
f 1811 1814 2553 
f 1814 1212 2552 
f 2553 2552 2551 
f 2552 2553 1814 
f 1212 2550 2552 
f 2550 1072 2554 
f 2552 2554 2551 
f 2554 2552 2550 
f 2358 2374 2555 
f 2374 1470 1476 
f 2555 1476 1473 
f 1476 2555 2374 
f 2344 2361 2558 
f 2361 2358 2557 
f 2558 2557 2556 
f 2557 2558 2361 
f 2556 2557 2559 
f 2557 2358 2555 
f 2559 2555 1473 
f 2555 2559 2557 
f 1261 1902 2562 
f 1902 1900 2561 
f 2562 2561 2560 
f 2561 2562 1902 
f 1261 2562 2564 
f 2562 2560 2563 
f 2564 2563 1896 
f 2563 2564 2562 
f 1258 1264 1899 
f 1264 1261 2564 
f 1899 2564 1896 
f 2564 1899 1264 
f 2560 2561 2567 
f 2561 1900 2566 
f 2567 2566 2565 
f 2566 2567 2561 
f 1900 1905 2570 
f 1905 1903 2569 
f 2570 2569 2568 
f 2569 2570 1905 
f 1900 2570 2566 
f 2570 2568 2571 
f 2566 2571 2565 
f 2571 2566 2570 
f 1892 2573 2575 
f 2573 2560 2574 
f 2575 2574 2572 
f 2574 2575 2573 
f 2560 2573 2563 
f 2573 1892 1898 
f 2563 1898 1896 
f 1898 2563 2573 
f 2572 2574 2578 
f 2574 2560 2577 
f 2578 2577 2576 
f 2577 2578 2574 
f 2560 2567 2577 
f 2567 2565 2579 
f 2577 2579 2576 
f 2579 2577 2567 
f 2568 2569 2582 
f 2569 1903 2581 
f 2582 2581 2580 
f 2581 2582 2569 
f 2580 2581 2584 
f 2581 1903 2583 
f 2584 2583 1219 
f 2583 2584 2581 
f 1903 1906 2583 
f 1906 1216 1221 
f 2583 1221 1219 
f 1221 2583 1906 
f 2568 2582 2587 
f 2582 2580 2586 
f 2587 2586 2585 
f 2586 2587 2582 
f 2568 2587 2589 
f 2587 2585 2588 
f 2589 2588 893 
f 2588 2589 2587 
f 2568 2589 2571 
f 2589 893 2590 
f 2571 2590 2565 
f 2590 2571 2589 
f 2067 2301 2593 
f 2301 2299 2592 
f 2593 2592 2591 
f 2592 2593 2301 
f 1752 2070 1819 
f 2070 2067 2594 
f 1819 2594 1818 
f 2594 1819 2070 
f 1818 2594 2595 
f 2594 2067 2593 
f 2595 2593 2591 
f 2593 2595 2594 
f 1634 1635 2598 
f 1635 1620 2597 
f 2598 2597 2596 
f 2597 2598 1635 
f 2596 2597 2600 
f 2597 1620 2599 
f 2600 2599 1907 
f 2599 2600 2597 
f 1620 1623 2599 
f 1623 1585 1909 
f 2599 1909 1907 
f 1909 2599 1623 
f 1634 2598 2603 
f 2598 2596 2602 
f 2603 2602 2601 
f 2602 2603 2598 
f 1634 2603 2605 
f 2603 2601 2604 
f 2605 2604 1804 
f 2604 2605 2603 
f 1631 1637 1807 
f 1637 1634 2605 
f 1807 2605 1804 
f 2605 1807 1637 
f 2601 2602 2608 
f 2602 2596 2607 
f 2608 2607 2606 
f 2607 2608 2602 
f 2606 2607 2611 
f 2607 2596 2610 
f 2611 2610 2609 
f 2610 2611 2607 
f 2609 2610 2612 
f 2610 2596 2600 
f 2612 2600 1907 
f 2600 2612 2610 
f 2532 2545 2614 
f 2545 2543 2613 
f 2614 2613 695 
f 2613 2614 2545 
f 934 2535 938 
f 2535 2532 2615 
f 938 2615 694 
f 2615 938 2535 
f 694 2615 697 
f 2615 2532 2614 
f 697 2614 695 
f 2614 697 2615 
f 2543 2548 2618 
f 2548 2546 2617 
f 2618 2617 2616 
f 2617 2618 2548 
f 2543 2618 2621 
f 2618 2616 2620 
f 2621 2620 2619 
f 2620 2621 2618 
f 2543 2621 2613 
f 2621 2619 2622 
f 2613 2622 695 
f 2622 2613 2621 
f 2616 2617 2625 
f 2617 2546 2624 
f 2625 2624 2623 
f 2624 2625 2617 
f 2623 2624 2627 
f 2624 2546 2626 
f 2627 2626 1728 
f 2626 2627 2624 
f 2546 2628 2626 
f 2628 1731 1734 
f 2626 1734 1728 
f 1734 2626 2628 
f 1731 2628 2629 
f 2628 2546 2549 
f 2629 2549 2536 
f 2549 2629 2628 
f 2616 2625 2632 
f 2625 2623 2631 
f 2632 2631 2630 
f 2631 2632 2625 
f 2616 2632 2635 
f 2632 2630 2634 
f 2635 2634 2633 
f 2634 2635 2632 
f 2619 2620 2636 
f 2620 2616 2635 
f 2636 2635 2633 
f 2635 2636 2620 
f 2630 2631 2639 
f 2631 2623 2638 
f 2639 2638 2637 
f 2638 2639 2631 
f 2637 2638 2641 
f 2638 2623 2640 
f 2641 2640 1725 
f 2640 2641 2638 
f 1725 2640 1729 
f 2640 2623 2627 
f 1729 2627 1728 
f 2627 1729 2640 
f 2630 2639 2644 
f 2639 2637 2643 
f 2644 2643 2642 
f 2643 2644 2639 
f 2630 2644 2647 
f 2644 2642 2646 
f 2647 2646 2645 
f 2646 2647 2644 
f 2630 2647 2634 
f 2647 2645 2648 
f 2634 2648 2633 
f 2648 2634 2647 
f 2642 2643 2650 
f 2643 2637 2649 
f 2650 2649 1702 
f 2649 2650 2643 
f 2637 2641 2652 
f 2641 1725 2651 
f 2652 2651 1707 
f 2651 2652 2641 
f 2637 2652 2649 
f 2652 1707 1709 
f 2649 1709 1702 
f 1709 2649 2652 
f 2645 2646 2655 
f 2646 2642 2654 
f 2655 2654 2653 
f 2654 2655 2646 
f 2653 2654 2658 
f 2654 2642 2657 
f 2658 2657 2656 
f 2657 2658 2654 
f 2656 2657 2659 
f 2657 2642 2650 
f 2659 2650 1702 
f 2650 2659 2657 
f 2645 2655 2662 
f 2655 2653 2661 
f 2662 2661 2660 
f 2661 2662 2655 
f 2645 2662 2664 
f 2662 2660 2663 
f 2664 2663 927 
f 2663 2664 2662 
f 2645 2664 2648 
f 2664 927 2665 
f 2648 2665 2633 
f 2665 2648 2664 
f 2653 2658 2668 
f 2658 2656 2667 
f 2668 2667 2666 
f 2667 2668 2658 
f 2653 2668 2671 
f 2668 2666 2670 
f 2671 2670 2669 
f 2670 2671 2668 
f 2660 2661 2672 
f 2661 2653 2671 
f 2672 2671 2669 
f 2671 2672 2661 
f 2666 2667 2675 
f 2667 2656 2674 
f 2675 2674 2673 
f 2674 2675 2667 
f 2673 2674 2677 
f 2674 2656 2676 
f 2677 2676 1701 
f 2676 2677 2674 
f 1701 2676 1704 
f 2676 2656 2659 
f 1704 2659 1702 
f 2659 1704 2676 
f 2666 2675 2680 
f 2675 2673 2679 
f 2680 2679 2678 
f 2679 2680 2675 
f 2666 2680 2683 
f 2680 2678 2682 
f 2683 2682 2681 
f 2682 2683 2680 
f 2666 2683 2670 
f 2683 2681 2684 
f 2670 2684 2669 
f 2684 2670 2683 
f 2678 2679 2687 
f 2679 2673 2686 
f 2687 2686 2685 
f 2686 2687 2679 
f 2673 2677 2690 
f 2677 1701 2689 
f 2690 2689 2688 
f 2689 2690 2677 
f 2673 2690 2686 
f 2690 2688 2691 
f 2686 2691 2685 
f 2691 2686 2690 
f 2681 2682 2694 
f 2682 2678 2693 
f 2694 2693 2692 
f 2693 2694 2682 
f 2692 2693 2697 
f 2693 2678 2696 
f 2697 2696 2695 
f 2696 2697 2693 
f 2695 2696 2698 
f 2696 2678 2687 
f 2698 2687 2685 
f 2687 2698 2696 
f 2681 2694 2700 
f 2694 2692 2699 
f 2700 2699 639 
f 2699 2700 2694 
f 2681 2700 2703 
f 2700 639 2702 
f 2703 2702 2701 
f 2702 2703 2700 
f 2681 2703 2684 
f 2703 2701 2704 
f 2684 2704 2669 
f 2704 2684 2703 
f 2692 2697 2707 
f 2697 2695 2706 
f 2707 2706 2705 
f 2706 2707 2697 
f 639 2699 2710 
f 2699 2692 2709 
f 2710 2709 2708 
f 2709 2710 2699 
f 2708 2709 2711 
f 2709 2692 2707 
f 2711 2707 2705 
f 2707 2711 2709 
f 1735 2712 2713 
f 2712 2695 2698 
f 2713 2698 2685 
f 2698 2713 2712 
f 2695 2712 2715 
f 2712 1735 2714 
f 2715 2714 2206 
f 2714 2715 2712 
f 2695 2715 2706 
f 2715 2206 2716 
f 2706 2716 2705 
f 2716 2706 2715 
f 2162 2163 2718 
f 2163 2102 2717 
f 2718 2717 851 
f 2717 2718 2163 
f 2102 2105 2721 
f 2105 1990 2720 
f 2721 2720 2719 
f 2720 2721 2105 
f 2102 2721 2717 
f 2721 2719 2722 
f 2717 2722 851 
f 2722 2717 2721 
f 2176 2184 2724 
f 2184 2182 2723 
f 2724 2723 621 
f 2723 2724 2184 
f 711 2179 2727 
f 2179 2176 2726 
f 2727 2726 2725 
f 2726 2727 2179 
f 2725 2726 2728 
f 2726 2176 2724 
f 2728 2724 621 
f 2724 2728 2726 
f 2182 2187 2731 
f 2187 2185 2730 
f 2731 2730 2729 
f 2730 2731 2187 
f 2182 2731 2733 
f 2731 2729 2732 
f 2733 2732 618 
f 2732 2733 2731 
f 2182 2733 2723 
f 2733 618 623 
f 2723 623 621 
f 623 2723 2733 
f 2729 2730 2735 
f 2730 2185 2734 
f 2735 2734 1928 
f 2734 2735 2730 
f 2185 2188 2736 
f 2188 1811 2553 
f 2736 2553 2551 
f 2553 2736 2188 
f 2185 2736 2734 
f 2736 2551 2737 
f 2734 2737 1928 
f 2737 2734 2736 
f 2470 2478 2739 
f 2478 2476 2738 
f 2739 2738 2276 
f 2738 2739 2478 
f 2470 2739 2741 
f 2739 2276 2740 
f 2741 2740 1885 
f 2740 2741 2739 
f 1888 2473 1891 
f 2473 2470 2741 
f 1891 2741 1885 
f 2741 1891 2473 
f 2276 2738 2279 
f 2738 2476 2742 
f 2279 2742 2273 
f 2742 2279 2738 
f 2476 2481 2744 
f 2481 2479 2743 
f 2744 2743 803 
f 2743 2744 2481 
f 2476 2744 2742 
f 2744 803 2745 
f 2742 2745 2273 
f 2745 2742 2744 
f 2269 2270 2747 
f 2270 2266 2746 
f 2747 2746 808 
f 2746 2747 2270 
f 2266 2748 2746 
f 2748 803 810 
f 2746 810 808 
f 810 2746 2748 
f 803 2748 2745 
f 2748 2266 2275 
f 2745 2275 2273 
f 2275 2745 2748 
f 2601 2608 2751 
f 2608 2606 2750 
f 2751 2750 2749 
f 2750 2751 2608 
f 2601 2751 2753 
f 2751 2749 2752 
f 2753 2752 2004 
f 2752 2753 2751 
f 1804 2604 2005 
f 2604 2601 2753 
f 2005 2753 2004 
f 2753 2005 2604 
f 2585 2586 2756 
f 2586 2580 2755 
f 2756 2755 2754 
f 2755 2756 2586 
f 2754 2755 2758 
f 2755 2580 2757 
f 2758 2757 1914 
f 2757 2758 2755 
f 2580 2584 2757 
f 2584 1219 2759 
f 2757 2759 1914 
f 2759 2757 2584 
f 2585 2756 2762 
f 2756 2754 2761 
f 2762 2761 2760 
f 2761 2762 2756 
f 2585 2762 2764 
f 2762 2760 2763 
f 2764 2763 894 
f 2763 2764 2762 
f 893 2588 896 
f 2588 2585 2764 
f 896 2764 894 
f 2764 896 2588 
f 2760 2761 2767 
f 2761 2754 2766 
f 2767 2766 2765 
f 2766 2767 2761 
f 2765 2766 2769 
f 2766 2754 2768 
f 2769 2768 1917 
f 2768 2769 2766 
f 2754 2758 2768 
f 2758 1914 1920 
f 2768 1920 1917 
f 1920 2768 2758 
f 894 2770 899 
f 2770 2299 2771 
f 899 2771 889 
f 2771 899 2770 
f 2299 2770 2592 
f 2770 894 2772 
f 2592 2772 2591 
f 2772 2592 2770 
f 889 2771 2773 
f 2771 2299 2304 
f 2773 2304 2302 
f 2304 2773 2771 
f 2259 2260 2775 
f 2260 2252 2774 
f 2775 2774 885 
f 2774 2775 2260 
f 2252 2258 2777 
f 2258 2255 2776 
f 2777 2776 632 
f 2776 2777 2258 
f 885 2774 2778 
f 2774 2252 2777 
f 2778 2777 632 
f 2777 2778 2774 
f 2262 2263 2781 
f 2263 2259 2780 
f 2781 2780 2779 
f 2780 2781 2263 
f 2779 2780 2783 
f 2780 2259 2782 
f 2783 2782 882 
f 2782 2783 2780 
f 882 2782 886 
f 2782 2259 2775 
f 886 2775 885 
f 2775 886 2782 
f 2262 2781 2786 
f 2781 2779 2785 
f 2786 2785 2784 
f 2785 2786 2781 
f 2262 2786 2788 
f 2786 2784 2787 
f 2788 2787 1756 
f 2787 2788 2786 
f 1825 2265 2789 
f 2265 2262 2788 
f 2789 2788 1756 
f 2788 2789 2265 
f 2784 2785 2792 
f 2785 2779 2791 
f 2792 2791 2790 
f 2791 2792 2785 
f 2790 2791 2794 
f 2791 2779 2793 
f 2794 2793 646 
f 2793 2794 2791 
f 646 2793 2795 
f 2793 2779 2783 
f 2795 2783 882 
f 2783 2795 2793 
f 2784 2792 2798 
f 2792 2790 2797 
f 2798 2797 2796 
f 2797 2798 2792 
f 2784 2798 2800 
f 2798 2796 2799 
f 2800 2799 1759 
f 2799 2800 2798 
f 1756 2787 1760 
f 2787 2784 2800 
f 1760 2800 1759 
f 2800 1760 2787 
f 2796 2797 2803 
f 2797 2790 2802 
f 2803 2802 2801 
f 2802 2803 2797 
f 2801 2802 2806 
f 2802 2790 2805 
f 2806 2805 2804 
f 2805 2806 2802 
f 2790 2794 2805 
f 2794 646 2807 
f 2805 2807 2804 
f 2807 2805 2794 
f 2796 2803 2810 
f 2803 2801 2809 
f 2810 2809 2808 
f 2809 2810 2803 
f 2796 2810 2813 
f 2810 2808 2812 
f 2813 2812 2811 
f 2812 2813 2810 
f 2796 2813 2799 
f 2813 2811 2814 
f 2799 2814 1759 
f 2814 2799 2813 
f 2808 2809 2817 
f 2809 2801 2816 
f 2817 2816 2815 
f 2816 2817 2809 
f 2815 2816 2820 
f 2816 2801 2819 
f 2820 2819 2818 
f 2819 2820 2816 
f 2818 2819 2821 
f 2819 2801 2806 
f 2821 2806 2804 
f 2806 2821 2819 
f 2351 2354 2823 
f 2354 2337 2822 
f 2823 2822 955 
f 2822 2823 2354 
f 955 2822 2825 
f 2822 2337 2824 
f 2825 2824 678 
f 2824 2825 2822 
f 2337 2340 2824 
f 2340 2328 2826 
f 2824 2826 678 
f 2826 2824 2340 
f 2808 2817 2829 
f 2817 2815 2828 
f 2829 2828 2827 
f 2828 2829 2817 
f 2811 2812 2831 
f 2812 2808 2830 
f 2831 2830 1107 
f 2830 2831 2812 
f 1107 2830 2832 
f 2830 2808 2829 
f 2832 2829 2827 
f 2829 2832 2830 
f 2815 2820 2835 
f 2820 2818 2834 
f 2835 2834 2833 
f 2834 2835 2820 
f 2815 2835 2838 
f 2835 2833 2837 
f 2838 2837 2836 
f 2837 2838 2835 
f 2815 2838 2828 
f 2838 2836 2839 
f 2828 2839 2827 
f 2839 2828 2838 
f 2833 2834 2841 
f 2834 2818 2840 
f 2841 2840 834 
f 2840 2841 2834 
f 2818 2821 2844 
f 2821 2804 2843 
f 2844 2843 2842 
f 2843 2844 2821 
f 2818 2844 2840 
f 2844 2842 2845 
f 2840 2845 834 
f 2845 2840 2844 
f 2836 2837 2848 
f 2837 2833 2847 
f 2848 2847 2846 
f 2847 2848 2837 
f 2846 2847 2850 
f 2847 2833 2849 
f 2850 2849 835 
f 2849 2850 2847 
f 2833 2841 2849 
f 2841 834 838 
f 2849 838 835 
f 838 2849 2841 
f 2749 2750 2852 
f 2750 2606 2851 
f 2852 2851 907 
f 2851 2852 2750 
f 2606 2611 2854 
f 2611 2609 2853 
f 2854 2853 914 
f 2853 2854 2611 
f 2606 2854 2851 
f 2854 914 919 
f 2851 919 907 
f 919 2851 2854 
f 2004 2752 2857 
f 2752 2749 2856 
f 2857 2856 2855 
f 2856 2857 2752 
f 2855 2856 2859 
f 2856 2749 2858 
f 2859 2858 910 
f 2858 2859 2856 
f 910 2858 912 
f 2858 2749 2852 
f 912 2852 907 
f 2852 912 2858 
f 914 2853 2862 
f 2853 2609 2861 
f 2862 2861 2860 
f 2861 2862 2853 
f 2860 2861 2864 
f 2861 2609 2863 
f 2864 2863 1910 
f 2863 2864 2861 
f 2609 2612 2863 
f 2612 1907 1912 
f 2863 1912 1910 
f 1912 2863 2612 
f 995 1012 2866 
f 1012 1009 2865 
f 2866 2865 868 
f 2865 2866 1012 
f 971 998 2868 
f 998 995 2867 
f 2868 2867 869 
f 2867 2868 998 
f 995 2866 2867 
f 2866 868 872 
f 2867 872 869 
f 872 2867 2866 
f 618 2732 2871 
f 2732 2729 2870 
f 2871 2870 2869 
f 2870 2871 2732 
f 2869 2870 2873 
f 2870 2729 2872 
f 2873 2872 1931 
f 2872 2873 2870 
f 2729 2735 2872 
f 2735 1928 1934 
f 2872 1934 1931 
f 1934 2872 2735 
f 2619 2636 2875 
f 2636 2633 2874 
f 2875 2874 930 
f 2874 2875 2636 
f 695 2622 701 
f 2622 2619 2876 
f 701 2876 700 
f 2876 701 2622 
f 2619 2875 2876 
f 2875 930 2877 
f 2876 2877 700 
f 2877 2876 2875 
f 2189 2190 2879 
f 2190 1969 2878 
f 2879 2878 2289 
f 2878 2879 2190 
f 1952 2880 1955 
f 2880 1969 1972 
f 1955 1972 1763 
f 1972 1955 2880 
f 1969 2880 2878 
f 2880 1952 2291 
f 2878 2291 2289 
f 2291 2878 2880 
f 2192 2193 2882 
f 2193 2189 2881 
f 2882 2881 735 
f 2881 2882 2193 
f 735 2881 2884 
f 2881 2189 2883 
f 2884 2883 793 
f 2883 2884 2881 
f 793 2883 2885 
f 2883 2189 2879 
f 2885 2879 2289 
f 2879 2885 2883 
f 2446 2449 2887 
f 2449 2432 2886 
f 2887 2886 668 
f 2886 2887 2449 
f 2432 2435 2889 
f 2435 2418 2888 
f 2889 2888 673 
f 2888 2889 2435 
f 2432 2889 2886 
f 2889 673 676 
f 2886 676 668 
f 676 2886 2889 
f 2408 2413 2891 
f 2413 2411 2890 
f 2891 2890 660 
f 2890 2891 2413 
f 2408 2891 2892 
f 2891 660 924 
f 2892 924 921 
f 924 2892 2891 
f 2418 2421 2893 
f 2421 2408 2892 
f 2893 2892 921 
f 2892 2893 2421 
f 1676 2077 1679 
f 2077 2074 2894 
f 1679 2894 1645 
f 2894 1679 2077 
f 1645 2894 1649 
f 2894 2074 2895 
f 1649 2895 1648 
f 2895 1649 2894 
f 2074 2160 2895 
f 2160 2158 2313 
f 2895 2313 1648 
f 2313 2895 2160 
f 2439 2896 2897 
f 2896 1275 1278 
f 2897 1278 1272 
f 1278 2897 2896 
f 1275 2896 2898 
f 2896 2439 2456 
f 2898 2456 2453 
f 2456 2898 2896 
f 2425 2442 2900 
f 2442 2439 2899 
f 2900 2899 1687 
f 2899 2900 2442 
f 2439 2897 2899 
f 2897 1272 1689 
f 2899 1689 1687 
f 1689 2899 2897 
f 1233 2901 2902 
f 2901 2276 2278 
f 2902 2278 1860 
f 2278 2902 2901 
f 2276 2901 2740 
f 2901 1233 1887 
f 2740 1887 1885 
f 1887 2740 2901 
f 1195 1236 1863 
f 1236 1233 2902 
f 1863 2902 1860 
f 2902 1863 1236 
f 2203 2204 2904 
f 2204 2196 2903 
f 2904 2903 900 
f 2903 2904 2204 
f 900 2903 904 
f 2903 2196 2905 
f 904 2905 903 
f 2905 904 2903 
f 2196 2202 2905 
f 2202 2199 2906 
f 2905 2906 903 
f 2906 2905 2202 
f 2165 2166 2909 
f 2166 2162 2908 
f 2909 2908 2907 
f 2908 2909 2166 
f 2907 2908 2911 
f 2908 2162 2910 
f 2911 2910 848 
f 2910 2911 2908 
f 2162 2718 2910 
f 2718 851 854 
f 2910 854 848 
f 854 2910 2718 
f 2488 2912 2500 
f 2912 1480 2913 
f 2500 2913 2497 
f 2913 2500 2912 
f 1480 2912 1483 
f 2912 2488 2914 
f 1483 2914 1436 
f 2914 1483 2912 
f 2488 2492 2914 
f 2492 1439 1442 
f 2914 1442 1436 
f 1442 2914 2492 
f 2011 2153 2916 
f 2153 2151 2915 
f 2916 2915 1938 
f 2915 2916 2153 
f 1669 2014 1700 
f 2014 2011 2917 
f 1700 2917 1697 
f 2917 1700 2014 
f 1697 2917 1941 
f 2917 2011 2916 
f 1941 2916 1938 
f 2916 1941 2917 
f 2151 2154 2920 
f 2154 2148 2919 
f 2920 2919 2918 
f 2919 2920 2154 
f 2151 2920 2922 
f 2920 2918 2921 
f 2922 2921 2144 
f 2921 2922 2920 
f 1938 2915 2145 
f 2915 2151 2922 
f 2145 2922 2144 
f 2922 2145 2915 
f 2255 2272 2924 
f 2272 2269 2923 
f 2924 2923 635 
f 2923 2924 2272 
f 2269 2747 2925 
f 2747 808 812 
f 2925 812 502 
f 812 2925 2747 
f 508 2926 512 
f 2926 2269 2925 
f 512 2925 502 
f 2925 512 2926 
f 2269 2926 2923 
f 2926 508 637 
f 2923 637 635 
f 637 2923 2926 
f 2155 2168 2928 
f 2168 2165 2927 
f 2928 2927 2081 
f 2927 2928 2168 
f 2158 2161 2314 
f 2161 2155 2929 
f 2314 2929 1881 
f 2929 2314 2161 
f 1881 2929 2084 
f 2929 2155 2928 
f 2084 2928 2081 
f 2928 2084 2929 
f 2460 2463 2931 
f 2463 2446 2930 
f 2931 2930 667 
f 2930 2931 2463 
f 2460 2931 2932 
f 2931 667 968 
f 2932 968 966 
f 968 2932 2931 
f 2479 2482 2933 
f 2482 2460 2932 
f 2933 2932 966 
f 2932 2933 2482 
f 660 2890 664 
f 2890 2411 2934 
f 664 2934 663 
f 2934 664 2890 
f 2411 2414 2935 
f 2414 2378 2466 
f 2935 2466 2464 
f 2466 2935 2414 
f 2411 2935 2934 
f 2935 2464 2936 
f 2934 2936 663 
f 2936 2934 2935 
f 2224 2229 2938 
f 2229 2227 2937 
f 2938 2937 987 
f 2937 2938 2229 
f 841 2939 847 
f 2939 2224 2940 
f 847 2940 844 
f 2940 847 2939 
f 2224 2939 2305 
f 2939 841 2941 
f 2305 2941 2302 
f 2941 2305 2939 
f 844 2940 990 
f 2940 2224 2938 
f 990 2938 987 
f 2938 990 2940 
f 2227 2230 2943 
f 2230 2046 2942 
f 2943 2942 714 
f 2942 2943 2230 
f 2227 2944 2937 
f 2944 46 989 
f 2937 989 987 
f 989 2937 2944 
f 46 2944 717 
f 2944 2227 2943 
f 717 2943 714 
f 2943 717 2944 
f 2280 2286 2946 
f 2286 2283 2945 
f 2946 2945 875 
f 2945 2946 2286 
f 794 2287 802 
f 2287 2280 2947 
f 802 2947 799 
f 2947 802 2287 
f 2280 2946 2947 
f 2946 875 2948 
f 2947 2948 799 
f 2948 2947 2946 
f 2708 2949 2950 
f 2949 2203 2904 
f 2950 2904 900 
f 2904 2950 2949 
f 2203 2949 2951 
f 2949 2708 2711 
f 2951 2711 2705 
f 2711 2951 2949 
f 2206 2207 2716 
f 2207 2203 2951 
f 2716 2951 2705 
f 2951 2716 2207 
f 1104 2952 1110 
f 2952 2811 2831 
f 1110 2831 1107 
f 2831 1110 2952 
f 2811 2952 2953 
f 2952 1104 1138 
f 2953 1138 1135 
f 1138 2953 2952 
f 1759 2814 1762 
f 2814 2811 2953 
f 1762 2953 1135 
f 2953 1762 2814 
f 2836 2848 2955 
f 2848 2846 2954 
f 2955 2954 1959 
f 2954 2955 2848 
f 2836 2955 2956 
f 2955 1959 1964 
f 2956 1964 1962 
f 1964 2956 2955 
f 2827 2839 2957 
f 2839 2836 2956 
f 2957 2956 1962 
f 2956 2957 2839 
f 2846 2959 2954 
f 2959 2958 2960 
f 2954 2960 1959 
f 2960 2954 2959 
f 2958 2959 2962 
f 2959 2846 2961 
f 2962 2961 728 
f 2961 2962 2959 
f 728 2961 2963 
f 2961 2846 2850 
f 2963 2850 835 
f 2850 2963 2961 
f 927 2663 2965 
f 2663 2660 2964 
f 2965 2964 813 
f 2964 2965 2663 
f 2660 2672 2967 
f 2672 2669 2966 
f 2967 2966 816 
f 2966 2967 2672 
f 2660 2967 2964 
f 2967 816 819 
f 2964 819 813 
f 819 2964 2967 
f 2192 2882 2968 
f 2882 735 740 
f 2968 740 738 
f 740 2968 2882 
f 1990 2195 2720 
f 2195 2192 2969 
f 2720 2969 2719 
f 2969 2720 2195 
f 2719 2969 2970 
f 2969 2192 2968 
f 2970 2968 738 
f 2968 2970 2969 
f 1707 2651 2971 
f 2651 1725 1727 
f 2971 1727 1501 
f 1727 2971 2651 
f 689 2972 2973 
f 2972 2213 2216 
f 2973 2216 2210 
f 2216 2973 2972 
f 2213 2972 2975 
f 2972 689 2974 
f 2975 2974 951 
f 2974 2975 2972 
f 948 2306 952 
f 2306 2213 2975 
f 952 2975 951 
f 2975 952 2306 
f 2760 2767 2977 
f 2767 2765 2976 
f 2977 2976 1818 
f 2976 2977 2767 
f 894 2763 2772 
f 2763 2760 2978 
f 2772 2978 2591 
f 2978 2772 2763 
f 2760 2977 2978 
f 2977 1818 2595 
f 2978 2595 2591 
f 2595 2978 2977 
f 735 2884 2979 
f 2884 793 798 
f 2979 798 244 
f 798 2979 2884 
f 735 2979 737 
f 2979 244 254 
f 737 254 250 
f 254 737 2979 
f 2701 2702 2980 
f 2702 639 641 
f 2980 641 316 
f 641 2980 2702 
f 639 2710 643 
f 2710 2708 2981 
f 643 2981 642 
f 2981 643 2710 
f 2701 2980 2982 
f 2980 316 326 
f 2982 326 322 
f 326 2982 2980 
f 2669 2704 2966 
f 2704 2701 2983 
f 2966 2983 816 
f 2983 2966 2704 
f 2701 2982 2983 
f 2982 322 818 
f 2983 818 816 
f 818 2983 2982 
f 1467 2399 1469 
f 2399 2397 2984 
f 1469 2984 1310 
f 2984 1469 2399 
f 1310 2984 1313 
f 2984 2397 2985 
f 1313 2985 1296 
f 2985 1313 2984 
f 2397 2400 2987 
f 2400 2394 2986 
f 2987 2986 1690 
f 2986 2987 2400 
f 1296 2985 1691 
f 2985 2397 2987 
f 1691 2987 1690 
f 2987 1691 2985 
f 684 691 2506 
f 691 689 2973 
f 2506 2973 2210 
f 2973 2506 691 
f 793 2885 796 
f 2885 2289 2292 
f 796 2292 794 
f 2292 796 2885 
f 711 2727 713 
f 2727 2725 2988 
f 713 2988 66 
f 2988 713 2727 
f 2046 2181 2942 
f 2181 711 716 
f 2942 716 714 
f 716 2942 2181 
f 2725 2728 2989 
f 2728 621 624 
f 2989 624 76 
f 624 2989 2728 
f 66 2988 80 
f 2988 2725 2989 
f 80 2989 76 
f 2989 80 2988 
f 2804 2807 2990 
f 2807 646 651 
f 2990 651 649 
f 651 2990 2807 
f 646 2795 648 
f 2795 882 884 
f 648 884 532 
f 884 648 2795 
f 618 2871 2992 
f 2871 2869 2991 
f 2992 2991 775 
f 2991 2992 2871 
f 96 620 776 
f 620 618 2992 
f 776 2992 775 
f 2992 776 620 
f 2869 2993 2991 
f 2993 772 778 
f 2991 778 775 
f 778 2991 2993 
f 772 2993 2519 
f 2993 2869 2994 
f 2519 2994 2516 
f 2994 2519 2993 
f 2869 2873 2994 
f 2873 1931 2995 
f 2994 2995 2516 
f 2995 2994 2873 
f 2633 2665 2874 
f 2665 927 932 
f 2874 932 930 
f 932 2874 2665 
f 334 929 814 
f 929 927 2965 
f 814 2965 813 
f 2965 814 929 
f 2565 2590 2996 
f 2590 893 898 
f 2996 898 764 
f 898 2996 2590 
f 914 2862 917 
f 2862 2860 2997 
f 917 2997 915 
f 2997 917 2862 
f 915 2997 3000 
f 2997 2860 2999 
f 3000 2999 2998 
f 2999 3000 2997 
f 2998 2999 3002 
f 2999 2860 3001 
f 3002 3001 1983 
f 3001 3002 2999 
f 2860 2864 3001 
f 2864 1910 3003 
f 3001 3003 1983 
f 3003 3001 2864 
f 915 3000 3006 
f 3000 2998 3005 
f 3006 3005 3004 
f 3005 3006 3000 
f 915 3006 920 
f 3006 3004 3007 
f 920 3007 768 
f 3007 920 3006 
f 3004 3005 3009 
f 3005 2998 3008 
f 3009 3008 1742 
f 3008 3009 3005 
f 1742 3008 3011 
f 3008 2998 3010 
f 3011 3010 1980 
f 3010 3011 3008 
f 2998 3002 3010 
f 3002 1983 1986 
f 3010 1986 1980 
f 1986 3010 3002 
f 3004 3009 3014 
f 3009 1742 3013 
f 3014 3013 3012 
f 3013 3014 3009 
f 3004 3014 3017 
f 3014 3012 3016 
f 3017 3016 3015 
f 3016 3017 3014 
f 3004 3017 3007 
f 3017 3015 3018 
f 3007 3018 768 
f 3018 3007 3017 
f 3012 3013 3019 
f 3013 1742 1746 
f 3019 1746 1743 
f 1746 3019 3013 
f 1529 1747 1981 
f 1747 1742 3011 
f 1981 3011 1980 
f 3011 1981 1747 
f 3015 3016 3022 
f 3016 3012 3021 
f 3022 3021 3020 
f 3021 3022 3016 
f 3020 3021 3025 
f 3021 3012 3024 
f 3025 3024 3023 
f 3024 3025 3021 
f 3023 3024 3026 
f 3024 3012 3019 
f 3026 3019 1743 
f 3019 3026 3024 
f 3015 3022 3029 
f 3022 3020 3028 
f 3029 3028 3027 
f 3028 3029 3022 
f 768 3018 771 
f 3018 3015 3030 
f 771 3030 757 
f 3030 771 3018 
f 757 3030 3031 
f 3030 3015 3029 
f 3031 3029 3027 
f 3029 3031 3030 
f 3020 3025 3034 
f 3025 3023 3033 
f 3034 3033 3032 
f 3033 3034 3025 
f 3020 3034 3037 
f 3034 3032 3036 
f 3037 3036 3035 
f 3036 3037 3034 
f 3020 3037 3028 
f 3037 3035 3038 
f 3028 3038 3027 
f 3038 3028 3037 
f 3032 3033 3041 
f 3033 3023 3040 
f 3041 3040 3039 
f 3040 3041 3033 
f 3039 3040 3044 
f 3040 3023 3043 
f 3044 3043 3042 
f 3043 3044 3040 
f 3042 3043 3045 
f 3043 3023 3026 
f 3045 3026 1743 
f 3026 3045 3043 
f 3035 3036 3048 
f 3036 3032 3047 
f 3048 3047 3046 
f 3047 3048 3036 
f 3046 3047 3051 
f 3047 3032 3050 
f 3051 3050 3049 
f 3050 3051 3047 
f 3032 3041 3050 
f 3041 3039 3052 
f 3050 3052 3049 
f 3052 3050 3041 
f 3035 3048 3055 
f 3048 3046 3054 
f 3055 3054 3053 
f 3054 3055 3048 
f 3035 3055 3058 
f 3055 3053 3057 
f 3058 3057 3056 
f 3057 3058 3055 
f 3035 3058 3038 
f 3058 3056 3059 
f 3038 3059 3027 
f 3059 3038 3058 
f 3053 3054 3062 
f 3054 3046 3061 
f 3062 3061 3060 
f 3061 3062 3054 
f 3060 3061 3065 
f 3061 3046 3064 
f 3065 3064 3063 
f 3064 3065 3061 
f 3063 3064 3066 
f 3064 3046 3051 
f 3066 3051 3049 
f 3051 3066 3064 
f 3053 3062 3069 
f 3062 3060 3068 
f 3069 3068 3067 
f 3068 3069 3062 
f 3053 3069 3072 
f 3069 3067 3071 
f 3072 3071 3070 
f 3071 3072 3069 
f 3056 3057 3073 
f 3057 3053 3072 
f 3073 3072 3070 
f 3072 3073 3057 
f 3067 3068 3076 
f 3068 3060 3075 
f 3076 3075 3074 
f 3075 3076 3068 
f 3074 3075 3079 
f 3075 3060 3078 
f 3079 3078 3077 
f 3078 3079 3075 
f 3060 3065 3078 
f 3065 3063 3080 
f 3078 3080 3077 
f 3080 3078 3065 
f 3067 3076 3083 
f 3076 3074 3082 
f 3083 3082 3081 
f 3082 3083 3076 
f 3067 3083 3086 
f 3083 3081 3085 
f 3086 3085 3084 
f 3085 3086 3083 
f 3067 3086 3071 
f 3086 3084 3087 
f 3071 3087 3070 
f 3087 3071 3086 
f 3081 3082 3090 
f 3082 3074 3089 
f 3090 3089 3088 
f 3089 3090 3082 
f 3088 3089 3092 
f 3089 3074 3091 
f 3092 3091 1680 
f 3091 3092 3089 
f 3074 3079 3091 
f 3079 3077 3093 
f 3091 3093 1680 
f 3093 3091 3079 
f 3084 3085 3096 
f 3085 3081 3095 
f 3096 3095 3094 
f 3095 3096 3085 
f 3094 3095 3099 
f 3095 3081 3098 
f 3099 3098 3097 
f 3098 3099 3095 
f 3081 3090 3098 
f 3090 3088 3100 
f 3098 3100 3097 
f 3100 3098 3090 
f 3077 3080 3103 
f 3080 3063 3102 
f 3103 3102 3101 
f 3102 3103 3080 
f 3101 3102 3105 
f 3102 3063 3104 
f 3105 3104 1425 
f 3104 3105 3102 
f 1425 3104 3106 
f 3104 3063 3066 
f 3106 3066 3049 
f 3066 3106 3104 
f 3084 3096 3109 
f 3096 3094 3108 
f 3109 3108 3107 
f 3108 3109 3096 
f 3084 3109 3111 
f 3109 3107 3110 
f 3111 3110 191 
f 3110 3111 3109 
f 3084 3111 3087 
f 3111 191 3112 
f 3087 3112 3070 
f 3112 3087 3111 
f 3107 3108 3115 
f 3108 3094 3114 
f 3115 3114 3113 
f 3114 3115 3108 
f 3113 3114 3118 
f 3114 3094 3117 
f 3118 3117 3116 
f 3117 3118 3114 
f 3116 3117 3119 
f 3117 3094 3099 
f 3119 3099 3097 
f 3099 3119 3117 
f 3088 3120 3100 
f 3120 1782 3121 
f 3100 3121 3097 
f 3121 3100 3120 
f 1782 3120 3123 
f 3120 3088 3122 
f 3123 3122 1348 
f 3122 3123 3120 
f 1348 3122 3124 
f 3122 3088 3092 
f 3124 3092 1680 
f 3092 3124 3122 
f 3039 3044 3126 
f 3044 3042 3125 
f 3126 3125 1454 
f 3125 3126 3044 
f 3049 3052 3128 
f 3052 3039 3127 
f 3128 3127 1453 
f 3127 3128 3052 
f 1453 3127 1456 
f 3127 3039 3126 
f 1456 3126 1454 
f 3126 1456 3127 
f 3042 3045 3129 
f 3045 1743 1748 
f 3129 1748 1494 
f 1748 3129 3045 
f 1450 3130 1497 
f 3130 3042 3129 
f 1497 3129 1494 
f 3129 1497 3130 
f 3042 3130 3125 
f 3130 1450 1459 
f 3125 1459 1454 
f 1459 3125 3130 
f 3027 3059 3132 
f 3059 3056 3131 
f 3132 3131 760 
f 3131 3132 3059 
f 3056 3073 3135 
f 3073 3070 3134 
f 3135 3134 3133 
f 3134 3135 3073 
f 760 3131 3136 
f 3131 3056 3135 
f 3136 3135 3133 
f 3135 3136 3131 
f 3107 3115 3138 
f 3115 3113 3137 
f 3138 3137 749 
f 3137 3138 3115 
f 191 3110 194 
f 3110 3107 3139 
f 194 3139 187 
f 3139 194 3110 
f 187 3139 752 
f 3139 3107 3138 
f 752 3138 749 
f 3138 752 3139 
f 3113 3118 3142 
f 3118 3116 3141 
f 3142 3141 3140 
f 3141 3142 3118 
f 3113 3142 3144 
f 3142 3140 3143 
f 3144 3143 746 
f 3143 3144 3142 
f 3113 3144 3137 
f 3144 746 751 
f 3137 751 749 
f 751 3137 3144 
f 3140 3141 3147 
f 3141 3116 3146 
f 3147 3146 3145 
f 3146 3147 3141 
f 3145 3146 3149 
f 3146 3116 3148 
f 3149 3148 1777 
f 3148 3149 3146 
f 1777 3148 3150 
f 3148 3116 3119 
f 3150 3119 3097 
f 3119 3150 3148 
f 3140 3147 3152 
f 3147 3145 3151 
f 3152 3151 2572 
f 3151 3152 3147 
f 746 3143 3155 
f 3143 3140 3154 
f 3155 3154 3153 
f 3154 3155 3143 
f 3153 3154 3156 
f 3154 3140 3152 
f 3156 3152 2572 
f 3152 3156 3154 
f 3145 3149 3157 
f 3149 1777 1781 
f 3157 1781 1778 
f 1781 3157 3149 
f 3145 3157 3158 
f 3157 1778 1895 
f 3158 1895 1892 
f 1895 3158 3157 
f 3145 3158 3151 
f 3158 1892 2575 
f 3151 2575 2572 
f 2575 3151 3158 
f 2765 2769 3160 
f 2769 1917 3159 
f 3160 3159 1815 
f 3159 3160 2769 
f 1818 2976 1821 
f 2976 2765 3160 
f 1821 3160 1815 
f 3160 1821 2976 
f 2708 2950 2981 
f 2950 900 3161 
f 2981 3161 642 
f 3161 2981 2950 
f 1782 1783 3121 
f 1783 1777 3150 
f 3121 3150 3097 
f 3150 3121 1783 
f 900 902 3161 
f 902 304 645 
f 3161 645 642 
f 645 3161 902 
f 2688 2689 3162 
f 2689 1701 1706 
f 3162 1706 1550 
f 1706 3162 2689 
f 2685 2691 3164 
f 2691 2688 3163 
f 3164 3163 1738 
f 3163 3164 2691 
f 2688 3162 3165 
f 3162 1550 1567 
f 3165 1567 1564 
f 1567 3165 3162 
f 2688 3165 3163 
f 3165 1564 1741 
f 3163 1741 1738 
f 1741 3163 3165 
f 625 2249 3166 
f 2249 718 723 
f 3166 723 62 
f 723 3166 2249 
f 2148 2251 3167 
f 2251 625 630 
f 3167 630 628 
f 630 3167 2251 
f 625 3166 627 
f 3166 62 79 
f 627 79 72 
f 79 627 3166 
f 191 192 3169 
f 192 175 3168 
f 3169 3168 3133 
f 3168 3169 192 
f 175 762 3168 
f 762 760 3136 
f 3168 3136 3133 
f 3136 3168 762 
f 1707 2971 1710 
f 2971 1501 1518 
f 1710 1518 1515 
f 1518 1710 2971 
f 3070 3112 3134 
f 3112 191 3169 
f 3134 3169 3133 
f 3169 3134 3112 
f 746 3155 767 
f 3155 3153 3170 
f 767 3170 764 
f 3170 767 3155 
f 3153 3156 3171 
f 3156 2572 2578 
f 3171 2578 2576 
f 2578 3171 3156 
f 3153 3172 3170 
f 3172 2565 2996 
f 3170 2996 764 
f 2996 3170 3172 
f 2565 3172 2579 
f 3172 3153 3171 
f 2579 3171 2576 
f 3171 2579 3172 
f 689 693 2974 
f 693 382 954 
f 2974 954 951 
f 954 2974 693 
f 1888 1890 3173 
f 1890 1240 1277 
f 3173 1277 1275 
f 1277 3173 1890 
f 1888 3173 2475 
f 3173 1275 2898 
f 2475 2898 2453 
f 2898 2475 3173 
f 667 2930 670 
f 2930 2446 2887 
f 670 2887 668 
f 2887 670 2930 
f 1163 1828 1757 
f 1828 1825 2789 
f 1757 2789 1756 
f 2789 1757 1828 
f 1383 1835 1520 
f 1835 1832 2320 
f 1520 2320 1519 
f 2320 1520 1835 
f 146 978 828 
f 978 976 3174 
f 828 3174 827 
f 3174 828 978 
f 976 980 3176 
f 980 214 3175 
f 3176 3175 878 
f 3175 3176 980 
f 827 3174 2298 
f 3174 976 3177 
f 2298 3177 2293 
f 3177 2298 3174 
f 976 3176 3177 
f 3176 878 3178 
f 3177 3178 2293 
f 3178 3177 3176 
f 878 3175 880 
f 3175 214 224 
f 880 224 220 
f 224 880 3175 
f 122 129 1005 
f 129 112 3179 
f 1005 3179 1002 
f 3179 1005 129 
f 1002 3179 2514 
f 3179 112 774 
f 2514 774 772 
f 774 2514 3179 
f 1735 1736 3180 
f 1736 1592 1877 
f 3180 1877 1874 
f 1877 3180 1736 
f 1735 3180 2714 
f 3180 1874 2209 
f 2714 2209 2206 
f 2209 2714 3180 
f 1735 2713 1739 
f 2713 2685 3164 
f 1739 3164 1738 
f 3164 1739 2713 
f 2842 2843 3181 
f 2843 2804 2990 
f 3181 2990 649 
f 2990 3181 2843 
f 834 2845 839 
f 2845 2842 3182 
f 839 3182 550 
f 3182 839 2845 
f 550 3182 554 
f 3182 2842 3183 
f 554 3183 544 
f 3183 554 3182 
f 544 3183 652 
f 3183 2842 3181 
f 652 3181 649 
f 3181 652 3183 
f 632 2776 638 
f 2776 2255 2924 
f 638 2924 635 
f 2924 638 2776 
f 2123 2124 3184 
f 2124 2053 2309 
f 3184 2309 704 
f 2309 3184 2124 
f 2120 2126 3186 
f 2126 2123 3185 
f 3186 3185 944 
f 3185 3186 2126 
f 944 3185 3188 
f 3185 2123 3187 
f 3188 3187 707 
f 3187 3188 3185 
f 2123 3184 3187 
f 3184 704 709 
f 3187 709 707 
f 709 3187 3184 
f 2351 2823 2467 
f 2823 955 959 
f 2467 959 956 
f 959 2467 2823 
f 430 960 683 
f 960 955 2825 
f 683 2825 678 
f 2825 683 960 
f 673 2888 926 
f 2888 2418 2893 
f 926 2893 921 
f 2893 926 2888 
f 940 2331 945 
f 2331 2120 3186 
f 945 3186 944 
f 3186 945 2331 
f 2328 2333 3189 
f 2333 940 943 
f 3189 943 677 
f 943 3189 2333 
f 2328 3189 2826 
f 3189 677 681 
f 2826 681 678 
f 681 2826 3189 
f 406 947 710 
f 947 944 3188 
f 710 3188 707 
f 3188 710 947 
f 803 2743 806 
f 2743 2479 3190 
f 806 3190 804 
f 3190 806 2743 
f 804 3190 970 
f 3190 2479 2933 
f 970 2933 966 
f 2933 970 3190 
f 2283 3191 2945 
f 3191 878 881 
f 2945 881 875 
f 881 2945 3191 
f 878 3191 3178 
f 3191 2283 2295 
f 3178 2295 2293 
f 2295 3178 3191 
f 2199 2521 3192 
f 2521 656 659 
f 3192 659 653 
f 659 3192 2521 
f 903 2906 3193 
f 2906 2199 3192 
f 3193 3192 653 
f 3192 3193 2906 
f 2015 2016 3194 
f 2016 1065 1958 
f 3194 1958 1956 
f 1958 3194 2016 
f 2018 2019 3197 
f 2019 2015 3196 
f 3197 3196 3195 
f 3196 3197 2019 
f 3195 3196 3199 
f 3196 2015 3198 
f 3199 3198 2958 
f 3198 3199 3196 
f 2958 3198 3200 
f 3198 2015 3194 
f 3200 3194 1956 
f 3194 3200 3198 
f 2018 3197 3203 
f 3197 3195 3202 
f 3203 3202 3201 
f 3202 3203 3197 
f 2018 3203 3205 
f 3203 3201 3204 
f 3205 3204 2169 
f 3204 3205 3203 
f 1037 2021 2170 
f 2021 2018 3205 
f 2170 3205 2169 
f 3205 2170 2021 
f 3201 3202 3207 
f 3202 3195 3206 
f 3207 3206 584 
f 3206 3207 3202 
f 584 3206 3209 
f 3206 3195 3208 
f 3209 3208 731 
f 3208 3209 3206 
f 3195 3199 3208 
f 3199 2958 3210 
f 3208 3210 731 
f 3210 3208 3199 
f 3201 3207 3212 
f 3207 584 3211 
f 3212 3211 789 
f 3211 3212 3207 
f 2169 3204 3214 
f 3204 3201 3213 
f 3214 3213 786 
f 3213 3214 3204 
f 786 3213 790 
f 3213 3201 3212 
f 790 3212 789 
f 3212 790 3213 
f 584 3209 587 
f 3209 731 734 
f 587 734 574 
f 734 587 3209 
f 584 586 3211 
f 586 580 792 
f 3211 792 789 
f 792 3211 586 
f 1959 2960 1961 
f 2960 2958 3200 
f 1961 3200 1956 
f 3200 1961 2960 
f 2958 2962 3210 
f 2962 728 733 
f 3210 733 731 
f 733 3210 2962 
f 2172 2173 3215 
f 2173 2169 3214 
f 3215 3214 786 
f 3214 3215 2173 
f 1009 2175 2865 
f 2175 2172 3216 
f 2865 3216 868 
f 3216 2865 2175 
f 868 3216 873 
f 3216 2172 3217 
f 873 3217 865 
f 3217 873 3216 
f 2172 3215 3217 
f 3215 786 3218 
f 3217 3218 865 
f 3218 3217 3215 
f 562 730 840 
f 730 728 2963 
f 840 2963 835 
f 2963 840 730 
f 1355 1524 3220 
f 1524 1522 3219 
f 3220 3219 2556 
f 3219 3220 1524 
f 1338 1358 3221 
f 1358 1355 3220 
f 3221 3220 2556 
f 3220 3221 1358 
f 2315 3222 2318 
f 3222 1522 1525 
f 2318 1525 1519 
f 1525 2318 3222 
f 1522 3222 3223 
f 3222 2315 2347 
f 3223 2347 2344 
f 2347 3223 3222 
f 1522 3223 3219 
f 3223 2344 2558 
f 3219 2558 2556 
f 2558 3219 3223 
f 1338 3221 1474 
f 3221 2556 2559 
f 1474 2559 1473 
f 2559 1474 3221 
f 1846 1849 2493 
f 1849 1408 1441 
f 2493 1441 1439 
f 1441 2493 1849 
f 3077 3103 3225 
f 3103 3101 3224 
f 3225 3224 1683 
f 3224 3225 3103 
f 1680 3093 1684 
f 3093 3077 3225 
f 1684 3225 1683 
f 3225 1684 3093 
f 3101 3105 3226 
f 3105 1425 1427 
f 3226 1427 1390 
f 1427 3226 3105 
f 3101 3226 3227 
f 3226 1390 1393 
f 3227 1393 1376 
f 1393 3227 3226 
f 3101 3227 3224 
f 3227 1376 1686 
f 3224 1686 1683 
f 1686 3224 3227 
f 1425 3106 3228 
f 3106 3049 3128 
f 3228 3128 1453 
f 3128 3228 3106 
f 1425 3228 1428 
f 3228 1453 1458 
f 1428 1458 1422 
f 1458 1428 3228 
f 1782 3123 1786 
f 3123 1348 1350 
f 1786 1350 1331 
f 1350 1786 3123 
f 1348 3124 1351 
f 3124 1680 1682 
f 1351 1682 1345 
f 1682 1351 3124 
f 2165 2909 3230 
f 2909 2907 3229 
f 3230 3229 2522 
f 3229 3230 2909 
f 2081 2927 2525 
f 2927 2165 3230 
f 2525 3230 2522 
f 3230 2525 2927 
f 2907 3231 3232 
f 3231 274 284 
f 3232 284 280 
f 284 3232 3231 
f 274 3231 849 
f 3231 2907 2911 
f 849 2911 848 
f 2911 849 3231 
f 2907 3232 3233 
f 3232 280 658 
f 3233 658 656 
f 658 3233 3232 
f 2907 3233 3229 
f 3233 656 2524 
f 3229 2524 2522 
f 2524 3229 3233 
f 1093 1109 3234 
f 1109 1107 2832 
f 3234 2832 2827 
f 2832 3234 1109 
f 1093 3234 1965 
f 3234 2827 2957 
f 1965 2957 1962 
f 2957 1965 3234 
f 126 832 3235 
f 832 830 2241 
f 3235 2241 2238 
f 2241 3235 832 
f 116 130 3236 
f 130 126 3235 
f 3236 3235 2238 
f 3235 3236 130 
f 830 833 2242 
f 833 827 2297 
f 2242 2297 2231 
f 2297 2242 833 
f 779 780 3237 
f 780 116 3236 
f 3237 3236 2238 
f 3236 3237 780 
f 782 783 3239 
f 783 779 3238 
f 3239 3238 2141 
f 3238 3239 783 
f 779 3237 3240 
f 3237 2238 2246 
f 3240 2246 2243 
f 2246 3240 3237 
f 2141 3238 3241 
f 3238 779 3240 
f 3241 3240 2243 
f 3240 3241 3238 
f 92 785 3243 
f 785 782 3242 
f 3243 3242 2918 
f 3242 3243 785 
f 2918 3242 2921 
f 3242 782 3244 
f 2921 3244 2144 
f 3244 2921 3242 
f 2144 3244 2147 
f 3244 782 3239 
f 2147 3239 2141 
f 3239 2147 3244 
f 612 974 3245 
f 974 971 2868 
f 3245 2868 869 
f 2868 3245 974 
f 612 3245 616 
f 3245 869 874 
f 616 874 607 
f 874 616 3245 
f 2464 2469 3246 
f 2469 956 963 
f 3246 963 961 
f 963 3246 2469 
f 663 2936 3247 
f 2936 2464 3246 
f 3247 3246 961 
f 3246 3247 2936 
f 757 3031 763 
f 3031 3027 3132 
f 763 3132 760 
f 3132 763 3031 
f 2918 2919 3248 
f 2919 2148 3167 
f 3248 3167 628 
f 3167 3248 2919 
f 1477 1733 3250 
f 1733 1731 3249 
f 3250 3249 2539 
f 3249 3250 1733 
f 1480 1481 3251 
f 1481 1477 3250 
f 3251 3250 2539 
f 3250 3251 1481 
f 2539 3249 2542 
f 3249 1731 2629 
f 2542 2629 2536 
f 2629 2542 3249 
f 2497 2913 2540 
f 2913 1480 3251 
f 2540 3251 2539 
f 3251 2540 2913 
f 92 3243 631 
f 3243 2918 3248 
f 631 3248 628 
f 3248 631 3243 
f 1945 2143 2244 
f 2143 2141 3241 
f 2244 3241 2243 
f 3241 2244 2143 
f 2394 2428 2986 
f 2428 2425 3252 
f 2986 3252 1690 
f 3252 2986 2428 
f 2719 3253 2722 
f 3253 262 853 
f 2722 853 851 
f 853 2722 3253 
f 262 3253 741 
f 3253 2719 2970 
f 741 2970 738 
f 2970 741 3253 
f 520 888 633 
f 888 885 2778 
f 633 2778 632 
f 2778 633 888 
f 292 906 654 
f 906 903 3193 
f 654 3193 653 
f 3193 654 906 
f 442 666 964 
f 666 663 3247 
f 964 3247 961 
f 3247 964 666 
f 930 933 2877 
f 933 346 703 
f 2877 703 700 
f 703 2877 933 
f 394 706 949 
f 706 704 2310 
f 949 2310 948 
f 2310 949 706 
f 786 787 3218 
f 787 595 867 
f 3218 867 865 
f 867 3218 787 
f 875 876 2948 
f 876 232 801 
f 2948 801 799 
f 801 2948 876 
f 2484 2485 3254 
f 2485 1994 2003 
f 3254 2003 2001 
f 2003 3254 2485 
f 981 3256 3258 
f 3256 2484 3257 
f 3258 3257 3255 
f 3257 3258 3256 
f 2484 3256 3260 
f 3256 981 3259 
f 3260 3259 724 
f 3259 3260 3256 
f 719 2487 727 
f 2487 2484 3260 
f 727 3260 724 
f 3260 727 2487 
f 2484 3254 3257 
f 3254 2001 3261 
f 3257 3261 3255 
f 3261 3257 3254 
f 1142 1145 3262 
f 1145 1128 1817 
f 3262 1817 1815 
f 1817 3262 1145 
f 1910 1913 3003 
f 1913 1557 1985 
f 3003 1985 1983 
f 1985 3003 1913 
f 981 982 3259 
f 982 42 726 
f 3259 726 724 
f 726 3259 982 
f 861 3263 3264 
f 3263 981 3258 
f 3264 3258 3255 
f 3258 3264 3263 
f 981 3263 984 
f 3263 861 863 
f 984 863 858 
f 863 984 3263 
f 1219 1222 2759 
f 1222 1170 1916 
f 2759 1916 1914 
f 1916 2759 1222 
f 1917 1918 3159 
f 1918 1142 3262 
f 3159 3262 1815 
f 3262 3159 1918 
f 841 892 2941 
f 892 889 2773 
f 2941 2773 2302 
f 2773 2941 892 
f 1072 1075 2554 
f 1075 1058 3265 
f 2554 3265 2551 
f 3265 2554 1075 
f 2551 3265 2737 
f 3265 1058 1930 
f 2737 1930 1928 
f 1930 2737 3265 
f 2004 2857 2007 
f 2857 2855 3266 
f 2007 3266 2001 
f 3266 2007 2857 
f 2855 2859 3268 
f 2859 910 3267 
f 3268 3267 861 
f 3267 3268 2859 
f 2855 3268 3269 
f 3268 861 3264 
f 3269 3264 3255 
f 3264 3269 3268 
f 2001 3266 3261 
f 3266 2855 3269 
f 3261 3269 3255 
f 3269 3261 3266 
f 861 3267 864 
f 3267 910 913 
f 864 913 855 
f 913 864 3267 
f 1931 1932 2995 
f 1932 1030 2518 
f 2995 2518 2516 
f 2518 2995 1932 
f 1690 3252 1693 
f 3252 2425 2900 
f 1693 2900 1687 
f 2900 1693 3252 
f 3270 3272 3274 
f 3272 3271 3273 
f 3274 3273 17 
f 3273 3274 3272 
f 3270 3274 3277 
f 3274 17 3276 
f 3277 3276 3275 
f 3276 3277 3274 
f 17 3273 26 
f 3273 3271 3278 
f 26 3278 25 
f 3278 26 3273 
f 17 29 3276 
f 29 28 3279 
f 3276 3279 3275 
f 3279 3276 29 
f 3280 3281 3282 
f 3281 3270 3277 
f 3282 3277 3275 
f 3277 3282 3281 
f 3271 3284 3286 
f 3284 3283 3285 
f 3286 3285 213 
f 3285 3286 3284 
f 3271 3286 3278 
f 3286 213 215 
f 3278 215 25 
f 215 3278 3286 
f 3283 3288 3290 
f 3288 3287 3289 
f 3290 3289 219 
f 3289 3290 3288 
f 213 3285 221 
f 3285 3283 3290 
f 221 3290 219 
f 3290 221 3285 
f 3287 3292 3294 
f 3292 3291 3293 
f 3294 3293 225 
f 3293 3294 3292 
f 219 3289 227 
f 3289 3287 3294 
f 227 3294 225 
f 3294 227 3289 
f 225 3293 3297 
f 3293 3291 3296 
f 3297 3296 3295 
f 3296 3297 3293 
f 3295 3299 3301 
f 3299 3298 3300 
f 3301 3300 231 
f 3300 3301 3299 
f 225 3297 233 
f 3297 3295 3301 
f 233 3301 231 
f 3301 233 3297 
f 3298 3303 3305 
f 3303 3302 3304 
f 3305 3304 237 
f 3304 3305 3303 
f 231 3300 239 
f 3300 3298 3305 
f 239 3305 237 
f 3305 239 3300 
f 3302 3307 3309 
f 3307 3306 3308 
f 3309 3308 249 
f 3308 3309 3307 
f 237 3304 245 
f 3304 3302 3310 
f 245 3310 243 
f 3310 245 3304 
f 243 3310 251 
f 3310 3302 3309 
f 251 3309 249 
f 3309 251 3310 
f 3306 3312 3314 
f 3312 3311 3313 
f 3314 3313 255 
f 3313 3314 3312 
f 3306 3314 3308 
f 3314 255 257 
f 3308 257 249 
f 257 3308 3314 
f 3311 3316 3318 
f 3316 3315 3317 
f 3318 3317 261 
f 3317 3318 3316 
f 255 3313 263 
f 3313 3311 3318 
f 263 3318 261 
f 3318 263 3313 
f 3315 3320 3317 
f 3320 3319 3321 
f 3317 3321 261 
f 3321 3317 3320 
f 3319 3323 3325 
f 3323 3322 3324 
f 3325 3324 267 
f 3324 3325 3323 
f 261 3321 269 
f 3321 3319 3325 
f 269 3325 267 
f 3325 269 3321 
f 3322 3327 3329 
f 3327 3326 3328 
f 3329 3328 273 
f 3328 3329 3327 
f 267 3324 275 
f 3324 3322 3329 
f 275 3329 273 
f 3329 275 3324 
f 3326 3331 3333 
f 3331 3330 3332 
f 3333 3332 279 
f 3332 3333 3331 
f 273 3328 281 
f 3328 3326 3333 
f 281 3333 279 
f 3333 281 3328 
f 3330 3335 3337 
f 3335 3334 3336 
f 3337 3336 285 
f 3336 3337 3335 
f 279 3332 287 
f 3332 3330 3337 
f 287 3337 285 
f 3337 287 3332 
f 3334 3339 3341 
f 3339 3338 3340 
f 3341 3340 297 
f 3340 3341 3339 
f 285 3336 293 
f 3336 3334 3342 
f 293 3342 291 
f 3342 293 3336 
f 3334 3341 3342 
f 3341 297 299 
f 3342 299 291 
f 299 3342 3341 
f 3338 3344 3346 
f 3344 3343 3345 
f 3346 3345 303 
f 3345 3346 3344 
f 297 3340 305 
f 3340 3338 3346 
f 305 3346 303 
f 3346 305 3340 
f 3343 3348 3345 
f 3348 3347 3349 
f 3345 3349 303 
f 3349 3345 3348 
f 3347 3351 3353 
f 3351 3350 3352 
f 3353 3352 315 
f 3352 3353 3351 
f 303 3349 311 
f 3349 3347 3354 
f 311 3354 309 
f 3354 311 3349 
f 3347 3353 3354 
f 3353 315 317 
f 3354 317 309 
f 317 3354 3353 
f 3350 3356 3358 
f 3356 3355 3357 
f 3358 3357 321 
f 3357 3358 3356 
f 315 3352 323 
f 3352 3350 3358 
f 323 3358 321 
f 3358 323 3352 
f 321 3357 3361 
f 3357 3355 3360 
f 3361 3360 3359 
f 3360 3361 3357 
f 3359 3363 3365 
f 3363 3362 3364 
f 3365 3364 333 
f 3364 3365 3363 
f 321 3361 329 
f 3361 3359 3366 
f 329 3366 327 
f 3366 329 3361 
f 3359 3365 3366 
f 3365 333 335 
f 3366 335 327 
f 335 3366 3365 
f 3362 3368 3370 
f 3368 3367 3369 
f 3370 3369 339 
f 3369 3370 3368 
f 333 3364 341 
f 3364 3362 3370 
f 341 3370 339 
f 3370 341 3364 
f 3367 3372 3374 
f 3372 3371 3373 
f 3374 3373 345 
f 3373 3374 3372 
f 3367 3374 3369 
f 3374 345 347 
f 3369 347 339 
f 347 3369 3374 
f 345 3373 3377 
f 3373 3371 3376 
f 3377 3376 3375 
f 3376 3377 3373 
f 3375 3379 3381 
f 3379 3378 3380 
f 3381 3380 351 
f 3380 3381 3379 
f 345 3377 353 
f 3377 3375 3381 
f 353 3381 351 
f 3381 353 3377 
f 3378 3383 3385 
f 3383 3382 3384 
f 3385 3384 363 
f 3384 3385 3383 
f 351 3380 359 
f 3380 3378 3386 
f 359 3386 357 
f 3386 359 3380 
f 357 3386 365 
f 3386 3378 3385 
f 365 3385 363 
f 3385 365 3386 
f 3382 3388 3390 
f 3388 3387 3389 
f 3390 3389 369 
f 3389 3390 3388 
f 363 3384 371 
f 3384 3382 3390 
f 371 3390 369 
f 3390 371 3384 
f 3387 3392 3394 
f 3392 3391 3393 
f 3394 3393 375 
f 3393 3394 3392 
f 369 3389 377 
f 3389 3387 3394 
f 377 3394 375 
f 3394 377 3389 
f 3391 3396 3398 
f 3396 3395 3397 
f 3398 3397 381 
f 3397 3398 3396 
f 375 3393 383 
f 3393 3391 3398 
f 383 3398 381 
f 3398 383 3393 
f 3395 3400 3397 
f 3400 3399 3401 
f 3397 3401 381 
f 3401 3397 3400 
f 3399 3403 3405 
f 3403 3402 3404 
f 3405 3404 393 
f 3404 3405 3403 
f 381 3401 389 
f 3401 3399 3406 
f 389 3406 387 
f 3406 389 3401 
f 3399 3405 3406 
f 3405 393 395 
f 3406 395 387 
f 395 3406 3405 
f 3402 3408 3410 
f 3408 3407 3409 
f 3410 3409 399 
f 3409 3410 3408 
f 393 3404 401 
f 3404 3402 3410 
f 401 3410 399 
f 3410 401 3404 
f 399 3409 3413 
f 3409 3407 3412 
f 3413 3412 3411 
f 3412 3413 3409 
f 3411 3415 3417 
f 3415 3414 3416 
f 3417 3416 405 
f 3416 3417 3415 
f 399 3413 407 
f 3413 3411 3417 
f 407 3417 405 
f 3417 407 3413 
f 3414 3419 3421 
f 3419 3418 3420 
f 3421 3420 417 
f 3420 3421 3419 
f 405 3416 413 
f 3416 3414 3422 
f 413 3422 411 
f 3422 413 3416 
f 411 3422 419 
f 3422 3414 3421 
f 419 3421 417 
f 3421 419 3422 
f 3418 3424 3426 
f 3424 3423 3425 
f 3426 3425 423 
f 3425 3426 3424 
f 417 3420 425 
f 3420 3418 3426 
f 425 3426 423 
f 3426 425 3420 
f 3423 3428 3430 
f 3428 3427 3429 
f 3430 3429 429 
f 3429 3430 3428 
f 423 3425 431 
f 3425 3423 3430 
f 431 3430 429 
f 3430 431 3425 
f 3427 3432 3434 
f 3432 3431 3433 
f 3434 3433 435 
f 3433 3434 3432 
f 429 3429 437 
f 3429 3427 3434 
f 437 3434 435 
f 3434 437 3429 
f 435 3433 3437 
f 3433 3431 3436 
f 3437 3436 3435 
f 3436 3437 3433 
f 3435 3439 3441 
f 3439 3438 3440 
f 3441 3440 441 
f 3440 3441 3439 
f 435 3437 443 
f 3437 3435 3441 
f 443 3441 441 
f 3441 443 3437 
f 447 3443 3445 
f 3443 3438 3444 
f 3445 3444 3442 
f 3444 3445 3443 
f 441 3440 449 
f 3440 3438 3443 
f 449 3443 447 
f 3443 449 3440 
f 3442 3447 3449 
f 3447 3446 3448 
f 3449 3448 453 
f 3448 3449 3447 
f 447 3445 455 
f 3445 3442 3449 
f 455 3449 453 
f 3449 455 3445 
f 459 3451 3453 
f 3451 3446 3452 
f 3453 3452 3450 
f 3452 3453 3451 
f 453 3448 461 
f 3448 3446 3451 
f 461 3451 459 
f 3451 461 3448 
f 3450 3455 3457 
f 3455 3454 3456 
f 3457 3456 465 
f 3456 3457 3455 
f 459 3453 467 
f 3453 3450 3457 
f 467 3457 465 
f 3457 467 3453 
f 3454 3459 3461 
f 3459 3458 3460 
f 3461 3460 477 
f 3460 3461 3459 
f 465 3456 473 
f 3456 3454 3462 
f 473 3462 471 
f 3462 473 3456 
f 471 3462 479 
f 3462 3454 3461 
f 479 3461 477 
f 3461 479 3462 
f 3458 3464 3460 
f 3464 3463 3465 
f 3460 3465 477 
f 3465 3460 3464 
f 3463 3467 3469 
f 3467 3466 3468 
f 3469 3468 483 
f 3468 3469 3467 
f 477 3465 485 
f 3465 3463 3469 
f 485 3469 483 
f 3469 485 3465 
f 3466 3471 3473 
f 3471 3470 3472 
f 3473 3472 495 
f 3472 3473 3471 
f 483 3468 491 
f 3468 3466 3474 
f 491 3474 489 
f 3474 491 3468 
f 489 3474 497 
f 3474 3466 3473 
f 497 3473 495 
f 3473 497 3474 
f 3470 3476 3478 
f 3476 3475 3477 
f 3478 3477 501 
f 3477 3478 3476 
f 495 3472 503 
f 3472 3470 3478 
f 503 3478 501 
f 3478 503 3472 
f 3475 3480 3477 
f 3480 3479 3481 
f 3477 3481 501 
f 3481 3477 3480 
f 3479 3483 3485 
f 3483 3482 3484 
f 3485 3484 513 
f 3484 3485 3483 
f 501 3481 509 
f 3481 3479 3486 
f 509 3486 507 
f 3486 509 3481 
f 3479 3485 3486 
f 3485 513 515 
f 3486 515 507 
f 515 3486 3485 
f 3482 3488 3490 
f 3488 3487 3489 
f 3490 3489 519 
f 3489 3490 3488 
f 513 3484 521 
f 3484 3482 3490 
f 521 3490 519 
f 3490 521 3484 
f 3487 3492 3494 
f 3492 3491 3493 
f 3494 3493 525 
f 3493 3494 3492 
f 519 3489 527 
f 3489 3487 3494 
f 527 3494 525 
f 3494 527 3489 
f 525 3493 3497 
f 3493 3491 3496 
f 3497 3496 3495 
f 3496 3497 3493 
f 3495 3499 3501 
f 3499 3498 3500 
f 3501 3500 531 
f 3500 3501 3499 
f 525 3497 533 
f 3497 3495 3501 
f 533 3501 531 
f 3501 533 3497 
f 537 3503 3505 
f 3503 3498 3504 
f 3505 3504 3502 
f 3504 3505 3503 
f 531 3500 539 
f 3500 3498 3503 
f 539 3503 537 
f 3503 539 3500 
f 3502 3507 3509 
f 3507 3506 3508 
f 3509 3508 543 
f 3508 3509 3507 
f 537 3505 545 
f 3505 3502 3509 
f 545 3509 543 
f 3509 545 3505 
f 3506 3511 3513 
f 3511 3510 3512 
f 3513 3512 549 
f 3512 3513 3511 
f 543 3508 551 
f 3508 3506 3513 
f 551 3513 549 
f 3513 551 3508 
f 3510 3515 3517 
f 3515 3514 3516 
f 3517 3516 555 
f 3516 3517 3515 
f 549 3512 557 
f 3512 3510 3517 
f 557 3517 555 
f 3517 557 3512 
f 3514 3519 3521 
f 3519 3518 3520 
f 3521 3520 561 
f 3520 3521 3519 
f 555 3516 563 
f 3516 3514 3521 
f 563 3521 561 
f 3521 563 3516 
f 567 3523 3525 
f 3523 3518 3524 
f 3525 3524 3522 
f 3524 3525 3523 
f 561 3520 569 
f 3520 3518 3523 
f 569 3523 567 
f 3523 569 3520 
f 3522 3527 3529 
f 3527 3526 3528 
f 3529 3528 573 
f 3528 3529 3527 
f 567 3525 575 
f 3525 3522 3529 
f 575 3529 573 
f 3529 575 3525 
f 579 3531 3533 
f 3531 3526 3532 
f 3533 3532 3530 
f 3532 3533 3531 
f 573 3528 581 
f 3528 3526 3531 
f 581 3531 579 
f 3531 581 3528 
f 3530 3535 3537 
f 3535 3534 3536 
f 3537 3536 588 
f 3536 3537 3535 
f 579 3533 590 
f 3533 3530 3537 
f 590 3537 588 
f 3537 590 3533 
f 3534 3539 3541 
f 3539 3538 3540 
f 3541 3540 594 
f 3540 3541 3539 
f 588 3536 596 
f 3536 3534 3541 
f 596 3541 594 
f 3541 596 3536 
f 3538 3543 3545 
f 3543 3542 3544 
f 3545 3544 600 
f 3544 3545 3543 
f 594 3540 602 
f 3540 3538 3545 
f 602 3545 600 
f 3545 602 3540 
f 3542 3546 3548 
f 3546 3280 3547 
f 3548 3547 28 
f 3547 3548 3546 
f 600 3544 608 
f 3544 3542 3549 
f 608 3549 606 
f 3549 608 3544 
f 606 3549 613 
f 3549 3542 3548 
f 613 3548 28 
f 3548 613 3549 
f 28 3547 3279 
f 3547 3280 3282 
f 3279 3282 3275 
f 3282 3279 3547 
f 2 3551 14 
f 3551 3550 3552 
f 14 3552 13 
f 3552 14 3551 
f 3550 3551 3553 
f 3551 2 11 
f 3553 11 10 
f 11 3553 3551 
f 10 11 12 
f 11 2 9 
f 12 9 7 
f 9 12 11 
f 1 4 6 
f 4 2 5 
f 6 5 3 
f 5 6 4 
f 2 4 9 
f 4 1 8 
f 9 8 7 
f 8 9 4 
f 3 5 15 
f 5 2 14 
f 15 14 13 
f 14 15 5 
f 17 29 3276 
f 29 28 3279 
f 3276 3279 3275 
f 3279 3276 29 
f 22 24 23 
f 24 17 19 
f 23 19 16 
f 19 23 24 
f 16 19 21 
f 19 17 20 
f 21 20 18 
f 20 21 19 
f 17 24 29 
f 24 22 30 
f 29 30 28 
f 30 29 24 
f 17 26 20 
f 26 25 27 
f 20 27 18 
f 27 20 26 
f 3275 3277 3276 
f 3277 3270 3274 
f 3276 3274 17 
f 3274 3276 3277 
f 3271 3273 3272 
f 3273 17 3274 
f 3272 3274 3270 
f 3274 3272 3273 
f 3271 3278 3273 
f 3278 25 26 
f 3273 26 17 
f 26 3273 3278 
f 174 3554 176 
f 3554 3550 3555 
f 176 3555 162 
f 3555 176 3554 
f 3550 3554 3556 
f 3554 174 188 
f 3556 188 186 
f 188 3556 3554 
f 3550 3556 3552 
f 3556 186 196 
f 3552 196 13 
f 196 3552 3556 
f 162 3555 164 
f 3555 3550 3553 
f 164 3553 10 
f 3553 164 3555 
f 3270 3281 3559 
f 3281 3280 3558 
f 3559 3558 3557 
f 3558 3559 3281 
f 3275 3282 3277 
f 3282 3280 3281 
f 3277 3281 3270 
f 3281 3277 3282 
f 3270 3559 3562 
f 3559 3557 3561 
f 3562 3561 3560 
f 3561 3562 3559 
f 3271 3272 3563 
f 3272 3270 3562 
f 3563 3562 3560 
f 3562 3563 3272 
f 7 8 39 
f 8 1 35 
f 39 35 32 
f 35 39 8 
f 1 33 35 
f 33 31 34 
f 35 34 32 
f 34 35 33 
f 36 37 40 
f 37 1 6 
f 40 6 3 
f 6 40 37 
f 31 33 38 
f 33 1 37 
f 38 37 36 
f 37 38 33 
f 41 43 48 
f 43 31 47 
f 48 47 46 
f 47 48 43 
f 31 43 45 
f 43 41 44 
f 45 44 42 
f 44 45 43 
f 31 45 34 
f 45 42 49 
f 34 49 32 
f 49 34 45 
f 36 50 38 
f 50 46 47 
f 38 47 31 
f 47 38 50 
f 41 53 58 
f 53 51 57 
f 58 57 56 
f 57 58 53 
f 51 53 55 
f 53 41 54 
f 55 54 52 
f 54 55 53 
f 42 44 60 
f 44 41 58 
f 60 58 56 
f 58 60 44 
f 52 54 59 
f 54 41 48 
f 59 48 46 
f 48 59 54 
f 52 69 55 
f 69 66 67 
f 55 67 51 
f 67 55 69 
f 56 57 70 
f 57 51 65 
f 70 65 62 
f 65 70 57 
f 51 63 65 
f 63 61 64 
f 65 64 62 
f 64 65 63 
f 61 63 68 
f 63 51 67 
f 68 67 66 
f 67 68 63 
f 61 73 75 
f 73 71 74 
f 75 74 72 
f 74 75 73 
f 71 73 78 
f 73 61 77 
f 78 77 76 
f 77 78 73 
f 62 64 79 
f 64 61 75 
f 79 75 72 
f 75 79 64 
f 61 68 77 
f 68 66 80 
f 77 80 76 
f 80 77 68 
f 76 89 78 
f 89 82 84 
f 78 84 71 
f 84 78 89 
f 81 83 85 
f 83 71 84 
f 85 84 82 
f 84 85 83 
f 71 83 88 
f 83 81 87 
f 88 87 86 
f 87 88 83 
f 86 90 88 
f 90 72 74 
f 88 74 71 
f 74 88 90 
f 81 95 87 
f 95 92 100 
f 87 100 86 
f 100 87 95 
f 96 97 99 
f 97 81 85 
f 99 85 82 
f 85 99 97 
f 81 93 95 
f 93 91 94 
f 95 94 92 
f 94 95 93 
f 91 93 98 
f 93 81 97 
f 98 97 96 
f 97 98 93 
f 101 103 105 
f 103 91 104 
f 105 104 102 
f 104 105 103 
f 91 103 108 
f 103 101 107 
f 108 107 106 
f 107 108 103 
f 91 98 104 
f 98 96 109 
f 104 109 102 
f 109 104 98 
f 106 110 108 
f 110 92 94 
f 108 94 91 
f 94 108 110 
f 101 113 118 
f 113 111 117 
f 118 117 116 
f 117 118 113 
f 116 120 118 
f 120 106 107 
f 118 107 101 
f 107 118 120 
f 111 113 115 
f 113 101 114 
f 115 114 112 
f 114 115 113 
f 112 114 119 
f 114 101 105 
f 119 105 102 
f 105 119 114 
f 111 115 124 
f 115 112 129 
f 124 129 122 
f 129 124 115 
f 121 123 125 
f 123 111 124 
f 125 124 122 
f 124 125 123 
f 126 130 128 
f 130 116 117 
f 128 117 111 
f 117 128 130 
f 111 123 128 
f 123 121 127 
f 128 127 126 
f 127 128 123 
f 132 134 139 
f 134 121 125 
f 139 125 122 
f 125 139 134 
f 121 133 138 
f 133 131 137 
f 138 137 136 
f 137 138 133 
f 131 133 135 
f 133 121 134 
f 135 134 132 
f 134 135 133 
f 126 127 140 
f 127 121 138 
f 140 138 136 
f 138 140 127 
f 136 137 150 
f 137 131 148 
f 150 148 146 
f 148 150 137 
f 141 143 145 
f 143 131 144 
f 145 144 142 
f 144 145 143 
f 131 143 148 
f 143 141 147 
f 148 147 146 
f 147 148 143 
f 131 135 144 
f 135 132 149 
f 144 149 142 
f 149 144 135 
f 16 152 154 
f 152 141 153 
f 154 153 151 
f 153 154 152 
f 141 145 153 
f 145 142 158 
f 153 158 151 
f 158 153 145 
f 141 152 157 
f 152 16 156 
f 157 156 155 
f 156 157 152 
f 141 157 147 
f 157 155 159 
f 147 159 146 
f 159 147 157 
f 22 23 160 
f 23 16 154 
f 160 154 151 
f 154 160 23 
f 16 21 156 
f 21 18 161 
f 156 161 155 
f 161 156 21 
f 167 169 168 
f 169 163 165 
f 168 165 10 
f 165 168 169 
f 170 171 173 
f 171 10 12 
f 173 12 7 
f 12 173 171 
f 162 164 166 
f 164 10 165 
f 166 165 163 
f 165 166 164 
f 167 168 172 
f 168 10 171 
f 172 171 170 
f 171 172 168 
f 162 166 181 
f 166 163 180 
f 181 180 179 
f 180 181 166 
f 175 178 177 
f 178 174 176 
f 177 176 162 
f 176 177 178 
f 175 177 185 
f 177 162 183 
f 185 183 182 
f 183 185 177 
f 162 181 183 
f 181 179 184 
f 183 184 182 
f 184 183 181 
f 186 188 190 
f 188 174 189 
f 190 189 187 
f 189 190 188 
f 174 178 193 
f 178 175 192 
f 193 192 191 
f 192 193 178 
f 174 193 189 
f 193 191 194 
f 189 194 187 
f 194 189 193 
f 199 201 200 
f 201 195 197 
f 200 197 186 
f 197 200 201 
f 187 205 190 
f 205 202 203 
f 190 203 186 
f 203 190 205 
f 186 197 196 
f 197 195 198 
f 196 198 13 
f 198 196 197 
f 199 200 204 
f 200 186 203 
f 204 203 202 
f 203 204 200 
f 13 208 210 
f 208 206 211 
f 210 211 209 
f 211 210 208 
f 3 15 212 
f 15 13 210 
f 212 210 209 
f 210 212 15 
f 206 208 207 
f 208 13 198 
f 207 198 195 
f 198 207 208 
f 3271 3286 3278 
f 3286 213 215 
f 3278 215 25 
f 215 3278 3286 
f 213 3286 3285 
f 3286 3271 3284 
f 3285 3284 3283 
f 3284 3285 3286 
f 3271 3565 3284 
f 3565 3564 3566 
f 3284 3566 3283 
f 3566 3284 3565 
f 3564 3565 3567 
f 3565 3271 3563 
f 3567 3563 3560 
f 3563 3567 3565 
f 3568 3569 3570 
f 3569 3283 3566 
f 3570 3566 3564 
f 3566 3570 3569 
f 219 221 3290 
f 221 213 3285 
f 3290 3285 3283 
f 3285 3290 221 
f 3287 3288 3571 
f 3288 3283 3569 
f 3571 3569 3568 
f 3569 3571 3288 
f 219 3290 3289 
f 3290 3283 3288 
f 3289 3288 3287 
f 3288 3289 3290 
f 3291 3292 3574 
f 3292 3287 3573 
f 3574 3573 3572 
f 3573 3574 3292 
f 3287 3292 3294 
f 3292 3291 3293 
f 3294 3293 225 
f 3293 3294 3292 
f 3287 3294 3289 
f 3294 225 227 
f 3289 227 219 
f 227 3289 3294 
f 3572 3573 3575 
f 3573 3287 3571 
f 3575 3571 3568 
f 3571 3575 3573 
f 3576 3577 3578 
f 3577 3291 3574 
f 3578 3574 3572 
f 3574 3578 3577 
f 3579 3580 3581 
f 3580 3291 3577 
f 3581 3577 3576 
f 3577 3581 3580 
f 3295 3297 3296 
f 3297 225 3293 
f 3296 3293 3291 
f 3293 3296 3297 
f 3579 3582 3580 
f 3582 3295 3296 
f 3580 3296 3291 
f 3296 3580 3582 
f 3298 3299 3585 
f 3299 3295 3584 
f 3585 3584 3583 
f 3584 3585 3299 
f 231 3301 3300 
f 3301 3295 3299 
f 3300 3299 3298 
f 3299 3300 3301 
f 225 3297 233 
f 3297 3295 3301 
f 233 3301 231 
f 3301 233 3297 
f 3583 3584 3586 
f 3584 3295 3582 
f 3586 3582 3579 
f 3582 3586 3584 
f 3302 3303 3589 
f 3303 3298 3588 
f 3589 3588 3587 
f 3588 3589 3303 
f 237 3305 3304 
f 3305 3298 3303 
f 3304 3303 3302 
f 3303 3304 3305 
f 3298 3585 3588 
f 3585 3583 3590 
f 3588 3590 3587 
f 3590 3588 3585 
f 231 3300 239 
f 3300 3298 3305 
f 239 3305 237 
f 3305 239 3300 
f 237 3304 245 
f 3304 3302 3310 
f 245 3310 243 
f 3310 245 3304 
f 3302 3589 3593 
f 3589 3587 3592 
f 3593 3592 3591 
f 3592 3593 3589 
f 3302 3309 3310 
f 3309 249 251 
f 3310 251 243 
f 251 3310 3309 
f 3306 3307 3594 
f 3307 3302 3593 
f 3594 3593 3591 
f 3593 3594 3307 
f 249 3309 3308 
f 3309 3302 3307 
f 3308 3307 3306 
f 3307 3308 3309 
f 255 257 3314 
f 257 249 3308 
f 3314 3308 3306 
f 3308 3314 257 
f 3311 3312 3597 
f 3312 3306 3596 
f 3597 3596 3595 
f 3596 3597 3312 
f 3306 3312 3314 
f 3312 3311 3313 
f 3314 3313 255 
f 3313 3314 3312 
f 3306 3594 3596 
f 3594 3591 3598 
f 3596 3598 3595 
f 3598 3596 3594 
f 3311 3597 3601 
f 3597 3595 3600 
f 3601 3600 3599 
f 3600 3601 3597 
f 3311 3318 3313 
f 3318 261 263 
f 3313 263 255 
f 263 3313 3318 
f 261 3318 3317 
f 3318 3311 3316 
f 3317 3316 3315 
f 3316 3317 3318 
f 3311 3601 3316 
f 3601 3599 3602 
f 3316 3602 3315 
f 3602 3316 3601 
f 3319 3321 3320 
f 3321 261 3317 
f 3320 3317 3315 
f 3317 3320 3321 
f 3603 3604 3605 
f 3604 3319 3320 
f 3605 3320 3315 
f 3320 3605 3604 
f 3315 3602 3605 
f 3602 3599 3606 
f 3605 3606 3603 
f 3606 3605 3602 
f 3607 3608 3609 
f 3608 3319 3604 
f 3609 3604 3603 
f 3604 3609 3608 
f 261 3321 269 
f 3321 3319 3325 
f 269 3325 267 
f 3325 269 3321 
f 3322 3323 3610 
f 3323 3319 3608 
f 3610 3608 3607 
f 3608 3610 3323 
f 3319 3323 3325 
f 3323 3322 3324 
f 3325 3324 267 
f 3324 3325 3323 
f 273 275 3329 
f 275 267 3324 
f 3329 3324 3322 
f 3324 3329 275 
f 3326 3327 3613 
f 3327 3322 3612 
f 3613 3612 3611 
f 3612 3613 3327 
f 3322 3327 3329 
f 3327 3326 3328 
f 3329 3328 273 
f 3328 3329 3327 
f 3611 3612 3614 
f 3612 3322 3610 
f 3614 3610 3607 
f 3610 3614 3612 
f 273 3328 281 
f 3328 3326 3333 
f 281 3333 279 
f 3333 281 3328 
f 3330 3331 3617 
f 3331 3326 3616 
f 3617 3616 3615 
f 3616 3617 3331 
f 3330 3332 3331 
f 3332 279 3333 
f 3331 3333 3326 
f 3333 3331 3332 
f 3615 3616 3618 
f 3616 3326 3613 
f 3618 3613 3611 
f 3613 3618 3616 
f 3334 3335 3621 
f 3335 3330 3620 
f 3621 3620 3619 
f 3620 3621 3335 
f 3334 3336 3335 
f 3336 285 3337 
f 3335 3337 3330 
f 3337 3335 3336 
f 3619 3620 3622 
f 3620 3330 3617 
f 3622 3617 3615 
f 3617 3622 3620 
f 279 3332 287 
f 3332 3330 3337 
f 287 3337 285 
f 3337 287 3332 
f 291 293 3342 
f 293 285 3336 
f 3342 3336 3334 
f 3336 3342 293 
f 3623 3624 3625 
f 3624 3334 3621 
f 3625 3621 3619 
f 3621 3625 3624 
f 3334 3341 3342 
f 3341 297 299 
f 3342 299 291 
f 299 3342 3341 
f 3338 3339 3626 
f 3339 3334 3624 
f 3626 3624 3623 
f 3624 3626 3339 
f 3334 3339 3341 
f 3339 3338 3340 
f 3341 3340 297 
f 3340 3341 3339 
f 303 3346 3345 
f 3346 3338 3344 
f 3345 3344 3343 
f 3344 3345 3346 
f 3338 3628 3344 
f 3628 3627 3629 
f 3344 3629 3343 
f 3629 3344 3628 
f 3627 3628 3630 
f 3628 3338 3626 
f 3630 3626 3623 
f 3626 3630 3628 
f 3338 3346 3340 
f 3346 303 305 
f 3340 305 297 
f 305 3340 3346 
f 3347 3348 3633 
f 3348 3343 3632 
f 3633 3632 3631 
f 3632 3633 3348 
f 3347 3349 3348 
f 3349 303 3345 
f 3348 3345 3343 
f 3345 3348 3349 
f 3343 3629 3632 
f 3629 3627 3634 
f 3632 3634 3631 
f 3634 3632 3629 
f 303 3349 311 
f 3349 3347 3354 
f 311 3354 309 
f 3354 311 3349 
f 3347 3633 3637 
f 3633 3631 3636 
f 3637 3636 3635 
f 3636 3637 3633 
f 3350 3351 3638 
f 3351 3347 3637 
f 3638 3637 3635 
f 3637 3638 3351 
f 3347 3351 3353 
f 3351 3350 3352 
f 3353 3352 315 
f 3352 3353 3351 
f 3347 3353 3354 
f 3353 315 317 
f 3354 317 309 
f 317 3354 3353 
f 3350 3358 3352 
f 3358 321 323 
f 3352 323 315 
f 323 3352 3358 
f 321 3358 3357 
f 3358 3350 3356 
f 3357 3356 3355 
f 3356 3357 3358 
f 3350 3640 3356 
f 3640 3639 3641 
f 3356 3641 3355 
f 3641 3356 3640 
f 3639 3640 3642 
f 3640 3350 3638 
f 3642 3638 3635 
f 3638 3642 3640 
f 3359 3361 3360 
f 3361 321 3357 
f 3360 3357 3355 
f 3357 3360 3361 
f 3643 3644 3645 
f 3644 3359 3360 
f 3645 3360 3355 
f 3360 3645 3644 
f 3355 3641 3645 
f 3641 3639 3646 
f 3645 3646 3643 
f 3646 3645 3641 
f 321 3361 329 
f 3361 3359 3366 
f 329 3366 327 
f 3366 329 3361 
f 3359 3644 3649 
f 3644 3643 3648 
f 3649 3648 3647 
f 3648 3649 3644 
f 333 335 3365 
f 335 327 3366 
f 3365 3366 3359 
f 3366 3365 335 
f 3362 3363 3650 
f 3363 3359 3649 
f 3650 3649 3647 
f 3649 3650 3363 
f 333 3365 3364 
f 3365 3359 3363 
f 3364 3363 3362 
f 3363 3364 3365 
f 339 341 3370 
f 341 333 3364 
f 3370 3364 3362 
f 3364 3370 341 
f 3367 3368 3653 
f 3368 3362 3652 
f 3653 3652 3651 
f 3652 3653 3368 
f 3362 3368 3370 
f 3368 3367 3369 
f 3370 3369 339 
f 3369 3370 3368 
f 3651 3652 3654 
f 3652 3362 3650 
f 3654 3650 3647 
f 3650 3654 3652 
f 3367 3653 3657 
f 3653 3651 3656 
f 3657 3656 3655 
f 3656 3657 3653 
f 3367 3374 3369 
f 3374 345 347 
f 3369 347 339 
f 347 3369 3374 
f 3371 3372 3658 
f 3372 3367 3657 
f 3658 3657 3655 
f 3657 3658 3372 
f 3367 3372 3374 
f 3372 3371 3373 
f 3374 3373 345 
f 3373 3374 3372 
f 3371 3658 3661 
f 3658 3655 3660 
f 3661 3660 3659 
f 3660 3661 3658 
f 3375 3376 3662 
f 3376 3371 3661 
f 3662 3661 3659 
f 3661 3662 3376 
f 3371 3376 3373 
f 3376 3375 3377 
f 3373 3377 345 
f 3377 3373 3376 
f 351 353 3381 
f 353 345 3377 
f 3381 3377 3375 
f 3377 3381 353 
f 3375 3662 3665 
f 3662 3659 3664 
f 3665 3664 3663 
f 3664 3665 3662 
f 3378 3379 3666 
f 3379 3375 3665 
f 3666 3665 3663 
f 3665 3666 3379 
f 3378 3380 3379 
f 3380 351 3381 
f 3379 3381 3375 
f 3381 3379 3380 
f 3382 3383 3669 
f 3383 3378 3668 
f 3669 3668 3667 
f 3668 3669 3383 
f 363 3385 3384 
f 3385 3378 3383 
f 3384 3383 3382 
f 3383 3384 3385 
f 363 365 3385 
f 365 357 3386 
f 3385 3386 3378 
f 3386 3385 365 
f 357 359 3386 
f 359 351 3380 
f 3386 3380 3378 
f 3380 3386 359 
f 3378 3666 3668 
f 3666 3663 3670 
f 3668 3670 3667 
f 3670 3668 3666 
f 3382 3669 3673 
f 3669 3667 3672 
f 3673 3672 3671 
f 3672 3673 3669 
f 3387 3388 3674 
f 3388 3382 3673 
f 3674 3673 3671 
f 3673 3674 3388 
f 3382 3388 3390 
f 3388 3387 3389 
f 3390 3389 369 
f 3389 3390 3388 
f 3382 3390 3384 
f 3390 369 371 
f 3384 371 363 
f 371 3384 3390 
f 3675 3676 3677 
f 3676 3387 3674 
f 3677 3674 3671 
f 3674 3677 3676 
f 3387 3394 3389 
f 3394 375 377 
f 3389 377 369 
f 377 3389 3394 
f 375 3394 3393 
f 3394 3387 3392 
f 3393 3392 3391 
f 3392 3393 3394 
f 3387 3676 3392 
f 3676 3675 3678 
f 3392 3678 3391 
f 3678 3392 3676 
f 381 3398 3397 
f 3398 3391 3396 
f 3397 3396 3395 
f 3396 3397 3398 
f 3391 3680 3396 
f 3680 3679 3681 
f 3396 3681 3395 
f 3681 3396 3680 
f 3391 3398 3393 
f 3398 381 383 
f 3393 383 375 
f 383 3393 3398 
f 3679 3680 3682 
f 3680 3391 3678 
f 3682 3678 3675 
f 3678 3682 3680 
f 3395 3681 3685 
f 3681 3679 3684 
f 3685 3684 3683 
f 3684 3685 3681 
f 3399 3401 3400 
f 3401 381 3397 
f 3400 3397 3395 
f 3397 3400 3401 
f 3683 3686 3685 
f 3686 3399 3400 
f 3685 3400 3395 
f 3400 3685 3686 
f 381 3401 389 
f 3401 3399 3406 
f 389 3406 387 
f 3406 389 3401 
f 3399 3405 3406 
f 3405 393 395 
f 3406 395 387 
f 395 3406 3405 
f 393 3405 3404 
f 3405 3399 3403 
f 3404 3403 3402 
f 3403 3404 3405 
f 3399 3688 3403 
f 3688 3687 3689 
f 3403 3689 3402 
f 3689 3403 3688 
f 3687 3688 3690 
f 3688 3399 3686 
f 3690 3686 3683 
f 3686 3690 3688 
f 3407 3408 3693 
f 3408 3402 3692 
f 3693 3692 3691 
f 3692 3693 3408 
f 399 3410 3409 
f 3410 3402 3408 
f 3409 3408 3407 
f 3408 3409 3410 
f 3402 3410 3404 
f 3410 399 401 
f 3404 401 393 
f 401 3404 3410 
f 3402 3689 3692 
f 3689 3687 3694 
f 3692 3694 3691 
f 3694 3692 3689 
f 3407 3693 3697 
f 3693 3691 3696 
f 3697 3696 3695 
f 3696 3697 3693 
f 3411 3412 3698 
f 3412 3407 3697 
f 3698 3697 3695 
f 3697 3698 3412 
f 399 3409 3413 
f 3409 3407 3412 
f 3413 3412 3411 
f 3412 3413 3409 
f 3414 3416 3415 
f 3416 405 3417 
f 3415 3417 3411 
f 3417 3415 3416 
f 3699 3700 3701 
f 3700 3414 3415 
f 3701 3415 3411 
f 3415 3701 3700 
f 399 3413 407 
f 3413 3411 3417 
f 407 3417 405 
f 3417 407 3413 
f 3699 3701 3702 
f 3701 3411 3698 
f 3702 3698 3695 
f 3698 3702 3701 
f 417 419 3421 
f 419 411 3422 
f 3421 3422 3414 
f 3422 3421 419 
f 3418 3419 3705 
f 3419 3414 3704 
f 3705 3704 3703 
f 3704 3705 3419 
f 3414 3419 3421 
f 3419 3418 3420 
f 3421 3420 417 
f 3420 3421 3419 
f 405 3416 413 
f 3416 3414 3422 
f 413 3422 411 
f 3422 413 3416 
f 3703 3704 3706 
f 3704 3414 3700 
f 3706 3700 3699 
f 3700 3706 3704 
f 3418 3705 3709 
f 3705 3703 3708 
f 3709 3708 3707 
f 3708 3709 3705 
f 423 3426 3425 
f 3426 3418 3424 
f 3425 3424 3423 
f 3424 3425 3426 
f 3418 3709 3424 
f 3709 3707 3710 
f 3424 3710 3423 
f 3710 3424 3709 
f 3418 3426 3420 
f 3426 423 425 
f 3420 425 417 
f 425 3420 3426 
f 3423 3710 3713 
f 3710 3707 3712 
f 3713 3712 3711 
f 3712 3713 3710 
f 3423 3430 3425 
f 3430 429 431 
f 3425 431 423 
f 431 3425 3430 
f 3427 3428 3714 
f 3428 3423 3713 
f 3714 3713 3711 
f 3713 3714 3428 
f 3423 3428 3430 
f 3428 3427 3429 
f 3430 3429 429 
f 3429 3430 3428 
f 3431 3432 3717 
f 3432 3427 3716 
f 3717 3716 3715 
f 3716 3717 3432 
f 3427 3432 3434 
f 3432 3431 3433 
f 3434 3433 435 
f 3433 3434 3432 
f 3427 3434 3429 
f 3434 435 437 
f 3429 437 429 
f 437 3429 3434 
f 3715 3716 3718 
f 3716 3427 3714 
f 3718 3714 3711 
f 3714 3718 3716 
f 3435 3436 3721 
f 3436 3431 3720 
f 3721 3720 3719 
f 3720 3721 3436 
f 3435 3437 3436 
f 3437 435 3433 
f 3436 3433 3431 
f 3433 3436 3437 
f 3431 3717 3720 
f 3717 3715 3722 
f 3720 3722 3719 
f 3722 3720 3717 
f 3435 3721 3725 
f 3721 3719 3724 
f 3725 3724 3723 
f 3724 3725 3721 
f 3438 3440 3439 
f 3440 441 3441 
f 3439 3441 3435 
f 3441 3439 3440 
f 3723 3726 3725 
f 3726 3438 3439 
f 3725 3439 3435 
f 3439 3725 3726 
f 3435 3441 3437 
f 3441 441 443 
f 3437 443 435 
f 443 3437 3441 
f 3727 3728 3729 
f 3728 3438 3726 
f 3729 3726 3723 
f 3726 3729 3728 
f 441 3440 449 
f 3440 3438 3443 
f 449 3443 447 
f 3443 449 3440 
f 3442 3444 3730 
f 3444 3438 3728 
f 3730 3728 3727 
f 3728 3730 3444 
f 3438 3444 3443 
f 3444 3442 3445 
f 3443 3445 447 
f 3445 3443 3444 
f 447 3445 455 
f 3445 3442 3449 
f 455 3449 453 
f 3449 455 3445 
f 3442 3730 3733 
f 3730 3727 3732 
f 3733 3732 3731 
f 3732 3733 3730 
f 3446 3448 3447 
f 3448 453 3449 
f 3447 3449 3442 
f 3449 3447 3448 
f 3731 3734 3733 
f 3734 3446 3447 
f 3733 3447 3442 
f 3447 3733 3734 
f 453 3448 461 
f 3448 3446 3451 
f 461 3451 459 
f 3451 461 3448 
f 3450 3452 3737 
f 3452 3446 3736 
f 3737 3736 3735 
f 3736 3737 3452 
f 3446 3452 3451 
f 3452 3450 3453 
f 3451 3453 459 
f 3453 3451 3452 
f 3446 3734 3736 
f 3734 3731 3738 
f 3736 3738 3735 
f 3738 3736 3734 
f 3454 3455 3741 
f 3455 3450 3740 
f 3741 3740 3739 
f 3740 3741 3455 
f 465 3457 3456 
f 3457 3450 3455 
f 3456 3455 3454 
f 3455 3456 3457 
f 3450 3737 3740 
f 3737 3735 3742 
f 3740 3742 3739 
f 3742 3740 3737 
f 465 467 3457 
f 467 459 3453 
f 3457 3453 3450 
f 3453 3457 467 
f 465 3456 473 
f 3456 3454 3462 
f 473 3462 471 
f 3462 473 3456 
f 3454 3741 3745 
f 3741 3739 3744 
f 3745 3744 3743 
f 3744 3745 3741 
f 3454 3461 3462 
f 3461 477 479 
f 3462 479 471 
f 479 3462 3461 
f 3458 3459 3746 
f 3459 3454 3745 
f 3746 3745 3743 
f 3745 3746 3459 
f 3454 3459 3461 
f 3459 3458 3460 
f 3461 3460 477 
f 3460 3461 3459 
f 3463 3464 3749 
f 3464 3458 3748 
f 3749 3748 3747 
f 3748 3749 3464 
f 477 3460 3465 
f 3460 3458 3464 
f 3465 3464 3463 
f 3464 3465 3460 
f 3458 3746 3748 
f 3746 3743 3750 
f 3748 3750 3747 
f 3750 3748 3746 
f 477 3465 485 
f 3465 3463 3469 
f 485 3469 483 
f 3469 485 3465 
f 3751 3752 3753 
f 3752 3463 3749 
f 3753 3749 3747 
f 3749 3753 3752 
f 3466 3467 3754 
f 3467 3463 3752 
f 3754 3752 3751 
f 3752 3754 3467 
f 483 3469 3468 
f 3469 3463 3467 
f 3468 3467 3466 
f 3467 3468 3469 
f 3466 3473 3474 
f 3473 495 497 
f 3474 497 489 
f 497 3474 3473 
f 3470 3471 3757 
f 3471 3466 3756 
f 3757 3756 3755 
f 3756 3757 3471 
f 495 3473 3472 
f 3473 3466 3471 
f 3472 3471 3470 
f 3471 3472 3473 
f 483 3468 491 
f 3468 3466 3474 
f 491 3474 489 
f 3474 491 3468 
f 3466 3754 3756 
f 3754 3751 3758 
f 3756 3758 3755 
f 3758 3756 3754 
f 3470 3757 3761 
f 3757 3755 3760 
f 3761 3760 3759 
f 3760 3761 3757 
f 3475 3476 3762 
f 3476 3470 3761 
f 3762 3761 3759 
f 3761 3762 3476 
f 501 3478 3477 
f 3478 3470 3476 
f 3477 3476 3475 
f 3476 3477 3478 
f 495 3472 503 
f 3472 3470 3478 
f 503 3478 501 
f 3478 503 3472 
f 3479 3480 3765 
f 3480 3475 3764 
f 3765 3764 3763 
f 3764 3765 3480 
f 3475 3480 3477 
f 3480 3479 3481 
f 3477 3481 501 
f 3481 3477 3480 
f 3763 3764 3766 
f 3764 3475 3762 
f 3766 3762 3759 
f 3762 3766 3764 
f 3479 3485 3486 
f 3485 513 515 
f 3486 515 507 
f 515 3486 3485 
f 3482 3483 3769 
f 3483 3479 3768 
f 3769 3768 3767 
f 3768 3769 3483 
f 3479 3483 3485 
f 3483 3482 3484 
f 3485 3484 513 
f 3484 3485 3483 
f 507 509 3486 
f 509 501 3481 
f 3486 3481 3479 
f 3481 3486 509 
f 3479 3765 3768 
f 3765 3763 3770 
f 3768 3770 3767 
f 3770 3768 3765 
f 3482 3490 3484 
f 3490 519 521 
f 3484 521 513 
f 521 3484 3490 
f 3487 3488 3773 
f 3488 3482 3772 
f 3773 3772 3771 
f 3772 3773 3488 
f 3487 3489 3488 
f 3489 519 3490 
f 3488 3490 3482 
f 3490 3488 3489 
f 3482 3769 3772 
f 3769 3767 3774 
f 3772 3774 3771 
f 3774 3772 3769 
f 3775 3776 3777 
f 3776 3487 3773 
f 3777 3773 3771 
f 3773 3777 3776 
f 3491 3492 3778 
f 3492 3487 3776 
f 3778 3776 3775 
f 3776 3778 3492 
f 3487 3492 3494 
f 3492 3491 3493 
f 3494 3493 525 
f 3493 3494 3492 
f 3487 3494 3489 
f 3494 525 527 
f 3489 527 519 
f 527 3489 3494 
f 3495 3497 3496 
f 3497 525 3493 
f 3496 3493 3491 
f 3493 3496 3497 
f 3779 3780 3781 
f 3780 3495 3496 
f 3781 3496 3491 
f 3496 3781 3780 
f 3779 3781 3782 
f 3781 3491 3778 
f 3782 3778 3775 
f 3778 3782 3781 
f 525 3497 533 
f 3497 3495 3501 
f 533 3501 531 
f 3501 533 3497 
f 3783 3784 3785 
f 3784 3495 3780 
f 3785 3780 3779 
f 3780 3785 3784 
f 3498 3499 3786 
f 3499 3495 3784 
f 3786 3784 3783 
f 3784 3786 3499 
f 3498 3500 3499 
f 3500 531 3501 
f 3499 3501 3495 
f 3501 3499 3500 
f 3502 3505 3504 
f 3505 537 3503 
f 3504 3503 3498 
f 3503 3504 3505 
f 3787 3788 3789 
f 3788 3502 3504 
f 3789 3504 3498 
f 3504 3789 3788 
f 3498 3503 3500 
f 3503 537 539 
f 3500 539 531 
f 539 3500 3503 
f 3787 3789 3790 
f 3789 3498 3786 
f 3790 3786 3783 
f 3786 3790 3789 
f 3506 3507 3793 
f 3507 3502 3792 
f 3793 3792 3791 
f 3792 3793 3507 
f 543 3509 3508 
f 3509 3502 3507 
f 3508 3507 3506 
f 3507 3508 3509 
f 3791 3792 3794 
f 3792 3502 3788 
f 3794 3788 3787 
f 3788 3794 3792 
f 537 3505 545 
f 3505 3502 3509 
f 545 3509 543 
f 3509 545 3505 
f 549 551 3513 
f 551 543 3508 
f 3513 3508 3506 
f 3508 3513 551 
f 3795 3796 3797 
f 3796 3506 3793 
f 3797 3793 3791 
f 3793 3797 3796 
f 3510 3511 3798 
f 3511 3506 3796 
f 3798 3796 3795 
f 3796 3798 3511 
f 3506 3511 3513 
f 3511 3510 3512 
f 3513 3512 549 
f 3512 3513 3511 
f 3514 3516 3515 
f 3516 555 3517 
f 3515 3517 3510 
f 3517 3515 3516 
f 3799 3800 3801 
f 3800 3514 3515 
f 3801 3515 3510 
f 3515 3801 3800 
f 3510 3798 3801 
f 3798 3795 3802 
f 3801 3802 3799 
f 3802 3801 3798 
f 555 557 3517 
f 557 549 3512 
f 3517 3512 3510 
f 3512 3517 557 
f 3518 3520 3519 
f 3520 561 3521 
f 3519 3521 3514 
f 3521 3519 3520 
f 3803 3804 3805 
f 3804 3518 3519 
f 3805 3519 3514 
f 3519 3805 3804 
f 3514 3800 3805 
f 3800 3799 3806 
f 3805 3806 3803 
f 3806 3805 3800 
f 555 3516 563 
f 3516 3514 3521 
f 563 3521 561 
f 3521 563 3516 
f 561 3520 569 
f 3520 3518 3523 
f 569 3523 567 
f 3523 569 3520 
f 3518 3804 3809 
f 3804 3803 3808 
f 3809 3808 3807 
f 3808 3809 3804 
f 3522 3524 3810 
f 3524 3518 3809 
f 3810 3809 3807 
f 3809 3810 3524 
f 567 3523 3525 
f 3523 3518 3524 
f 3525 3524 3522 
f 3524 3525 3523 
f 3526 3528 3527 
f 3528 573 3529 
f 3527 3529 3522 
f 3529 3527 3528 
f 3811 3812 3813 
f 3812 3526 3527 
f 3813 3527 3522 
f 3527 3813 3812 
f 3522 3810 3813 
f 3810 3807 3814 
f 3813 3814 3811 
f 3814 3813 3810 
f 567 3525 575 
f 3525 3522 3529 
f 575 3529 573 
f 3529 575 3525 
f 573 3528 581 
f 3528 3526 3531 
f 581 3531 579 
f 3531 581 3528 
f 3526 3812 3817 
f 3812 3811 3816 
f 3817 3816 3815 
f 3816 3817 3812 
f 3530 3532 3818 
f 3532 3526 3817 
f 3818 3817 3815 
f 3817 3818 3532 
f 3530 3533 3532 
f 3533 579 3531 
f 3532 3531 3526 
f 3531 3532 3533 
f 3534 3536 3535 
f 3536 588 3537 
f 3535 3537 3530 
f 3537 3535 3536 
f 3819 3820 3821 
f 3820 3534 3535 
f 3821 3535 3530 
f 3535 3821 3820 
f 588 590 3537 
f 590 579 3533 
f 3537 3533 3530 
f 3533 3537 590 
f 3819 3821 3822 
f 3821 3530 3818 
f 3822 3818 3815 
f 3818 3822 3821 
f 588 3536 596 
f 3536 3534 3541 
f 596 3541 594 
f 3541 596 3536 
f 3823 3824 3825 
f 3824 3534 3820 
f 3825 3820 3819 
f 3820 3825 3824 
f 3538 3539 3826 
f 3539 3534 3824 
f 3826 3824 3823 
f 3824 3826 3539 
f 3534 3539 3541 
f 3539 3538 3540 
f 3541 3540 594 
f 3540 3541 3539 
f 3542 3543 3829 
f 3543 3538 3828 
f 3829 3828 3827 
f 3828 3829 3543 
f 3542 3544 3543 
f 3544 600 3545 
f 3543 3545 3538 
f 3545 3543 3544 
f 594 3540 602 
f 3540 3538 3545 
f 602 3545 600 
f 3545 602 3540 
f 3827 3828 3830 
f 3828 3538 3826 
f 3830 3826 3823 
f 3826 3830 3828 
f 3831 3832 3833 
f 3832 3542 3829 
f 3833 3829 3827 
f 3829 3833 3832 
f 606 608 3549 
f 608 600 3544 
f 3549 3544 3542 
f 3544 3549 608 
f 28 3548 3547 
f 3548 3542 3546 
f 3547 3546 3280 
f 3546 3547 3548 
f 3542 3832 3546 
f 3832 3831 3834 
f 3546 3834 3280 
f 3834 3546 3832 
f 3542 3548 3549 
f 3548 28 613 
f 3549 613 606 
f 613 3549 3548 
f 3557 3558 3835 
f 3558 3280 3834 
f 3835 3834 3831 
f 3834 3835 3558 
f 3280 3282 3547 
f 3282 3275 3279 
f 3547 3279 28 
f 3279 3547 3282 
f 25 215 217 
f 215 213 216 
f 217 216 214 
f 216 217 215 
f 25 217 27 
f 217 214 218 
f 27 218 18 
f 218 27 217 
f 213 223 216 
f 223 220 224 
f 216 224 214 
f 224 216 223 
f 213 221 223 
f 221 219 222 
f 223 222 220 
f 222 223 221 
f 219 229 222 
f 229 226 230 
f 222 230 220 
f 230 222 229 
f 226 229 228 
f 229 219 227 
f 228 227 225 
f 227 228 229 
f 232 236 235 
f 236 226 228 
f 235 228 225 
f 228 235 236 
f 225 233 235 
f 233 231 234 
f 235 234 232 
f 234 235 233 
f 232 234 242 
f 234 231 241 
f 242 241 238 
f 241 242 234 
f 238 241 240 
f 241 231 239 
f 240 239 237 
f 239 240 241 
f 238 240 248 
f 240 237 247 
f 248 247 244 
f 247 248 240 
f 237 245 247 
f 245 243 246 
f 247 246 244 
f 246 247 245 
f 250 254 253 
f 254 244 246 
f 253 246 243 
f 246 253 254 
f 243 251 253 
f 251 249 252 
f 253 252 250 
f 252 253 251 
f 249 259 252 
f 259 256 260 
f 252 260 250 
f 260 252 259 
f 256 259 258 
f 259 249 257 
f 258 257 255 
f 257 258 259 
f 255 265 258 
f 265 262 266 
f 258 266 256 
f 266 258 265 
f 255 263 265 
f 263 261 264 
f 265 264 262 
f 264 265 263 
f 261 269 271 
f 269 267 270 
f 271 270 268 
f 270 271 269 
f 262 264 272 
f 264 261 271 
f 272 271 268 
f 271 272 264 
f 274 277 276 
f 277 267 275 
f 276 275 273 
f 275 276 277 
f 267 277 270 
f 277 274 278 
f 270 278 268 
f 278 270 277 
f 273 283 276 
f 283 280 284 
f 276 284 274 
f 284 276 283 
f 279 282 281 
f 282 280 283 
f 281 283 273 
f 283 281 282 
f 280 282 290 
f 282 279 289 
f 290 289 286 
f 289 290 282 
f 279 287 289 
f 287 285 288 
f 289 288 286 
f 288 289 287 
f 291 294 293 
f 294 292 295 
f 293 295 285 
f 295 293 294 
f 285 295 288 
f 295 292 296 
f 288 296 286 
f 296 288 295 
f 292 294 302 
f 294 291 301 
f 302 301 298 
f 301 302 294 
f 297 300 299 
f 300 298 301 
f 299 301 291 
f 301 299 300 
f 298 300 308 
f 300 297 307 
f 308 307 304 
f 307 308 300 
f 297 305 307 
f 305 303 306 
f 307 306 304 
f 306 307 305 
f 303 311 313 
f 311 309 312 
f 313 312 310 
f 312 313 311 
f 304 306 314 
f 306 303 313 
f 314 313 310 
f 313 314 306 
f 309 319 312 
f 319 316 320 
f 312 320 310 
f 320 312 319 
f 309 317 319 
f 317 315 318 
f 319 318 316 
f 318 319 317 
f 315 325 318 
f 325 322 326 
f 318 326 316 
f 326 318 325 
f 322 325 324 
f 325 315 323 
f 324 323 321 
f 323 324 325 
f 328 332 331 
f 332 322 324 
f 331 324 321 
f 324 331 332 
f 328 331 330 
f 331 321 329 
f 330 329 327 
f 329 330 331 
f 328 330 338 
f 330 327 337 
f 338 337 334 
f 337 338 330 
f 334 337 336 
f 337 327 335 
f 336 335 333 
f 335 336 337 
f 334 336 344 
f 336 333 343 
f 344 343 340 
f 343 344 336 
f 339 342 341 
f 342 340 343 
f 341 343 333 
f 343 341 342 
f 340 342 350 
f 342 339 349 
f 350 349 346 
f 349 350 342 
f 339 347 349 
f 347 345 348 
f 349 348 346 
f 348 349 347 
f 351 354 353 
f 354 352 355 
f 353 355 345 
f 355 353 354 
f 352 356 355 
f 356 346 348 
f 355 348 345 
f 348 355 356 
f 352 354 362 
f 354 351 361 
f 362 361 358 
f 361 362 354 
f 351 359 361 
f 359 357 360 
f 361 360 358 
f 360 361 359 
f 357 365 367 
f 365 363 366 
f 367 366 364 
f 366 367 365 
f 357 367 360 
f 367 364 368 
f 360 368 358 
f 368 360 367 
f 364 366 374 
f 366 363 373 
f 374 373 370 
f 373 374 366 
f 363 371 373 
f 371 369 372 
f 373 372 370 
f 372 373 371 
f 376 380 379 
f 380 370 372 
f 379 372 369 
f 372 379 380 
f 369 377 379 
f 377 375 378 
f 379 378 376 
f 378 379 377 
f 382 386 385 
f 386 376 378 
f 385 378 375 
f 378 385 386 
f 375 383 385 
f 383 381 384 
f 385 384 382 
f 384 385 383 
f 381 391 384 
f 391 388 392 
f 384 392 382 
f 392 384 391 
f 387 390 389 
f 390 388 391 
f 389 391 381 
f 391 389 390 
f 394 398 397 
f 398 388 390 
f 397 390 387 
f 390 397 398 
f 387 395 397 
f 395 393 396 
f 397 396 394 
f 396 397 395 
f 400 404 403 
f 404 394 396 
f 403 396 393 
f 396 403 404 
f 399 402 401 
f 402 400 403 
f 401 403 393 
f 403 401 402 
f 400 402 410 
f 402 399 409 
f 410 409 406 
f 409 410 402 
f 399 407 409 
f 407 405 408 
f 409 408 406 
f 408 409 407 
f 412 415 414 
f 415 405 413 
f 414 413 411 
f 413 414 415 
f 405 415 408 
f 415 412 416 
f 408 416 406 
f 416 408 415 
f 411 421 414 
f 421 418 422 
f 414 422 412 
f 422 414 421 
f 418 421 420 
f 421 411 419 
f 420 419 417 
f 419 420 421 
f 418 420 428 
f 420 417 427 
f 428 427 424 
f 427 428 420 
f 417 425 427 
f 425 423 426 
f 427 426 424 
f 426 427 425 
f 424 426 434 
f 426 423 433 
f 434 433 430 
f 433 434 426 
f 430 433 432 
f 433 423 431 
f 432 431 429 
f 431 432 433 
f 429 437 439 
f 437 435 438 
f 439 438 436 
f 438 439 437 
f 429 439 432 
f 439 436 440 
f 432 440 430 
f 440 432 439 
f 435 445 438 
f 445 442 446 
f 438 446 436 
f 446 438 445 
f 442 445 444 
f 445 435 443 
f 444 443 441 
f 443 444 445 
f 448 452 451 
f 452 442 444 
f 451 444 441 
f 444 451 452 
f 448 451 450 
f 451 441 449 
f 450 449 447 
f 449 450 451 
f 448 450 458 
f 450 447 457 
f 458 457 454 
f 457 458 450 
f 454 457 456 
f 457 447 455 
f 456 455 453 
f 455 456 457 
f 453 463 456 
f 463 460 464 
f 456 464 454 
f 464 456 463 
f 459 462 461 
f 462 460 463 
f 461 463 453 
f 463 461 462 
f 459 469 462 
f 469 466 470 
f 462 470 460 
f 470 462 469 
f 465 468 467 
f 468 466 469 
f 467 469 459 
f 469 467 468 
f 466 468 476 
f 468 465 475 
f 476 475 472 
f 475 476 468 
f 465 473 475 
f 473 471 474 
f 475 474 472 
f 474 475 473 
f 472 474 482 
f 474 471 481 
f 482 481 478 
f 481 482 474 
f 471 479 481 
f 479 477 480 
f 481 480 478 
f 480 481 479 
f 478 480 488 
f 480 477 487 
f 488 487 484 
f 487 488 480 
f 477 485 487 
f 485 483 486 
f 487 486 484 
f 486 487 485 
f 490 494 493 
f 494 484 486 
f 493 486 483 
f 486 493 494 
f 483 491 493 
f 491 489 492 
f 493 492 490 
f 492 493 491 
f 490 492 500 
f 492 489 499 
f 500 499 496 
f 499 500 492 
f 489 497 499 
f 497 495 498 
f 499 498 496 
f 498 499 497 
f 495 505 498 
f 505 502 506 
f 498 506 496 
f 506 498 505 
f 495 503 505 
f 503 501 504 
f 505 504 502 
f 504 505 503 
f 501 511 504 
f 511 508 512 
f 504 512 502 
f 512 504 511 
f 501 509 511 
f 509 507 510 
f 511 510 508 
f 510 511 509 
f 514 517 516 
f 517 507 515 
f 516 515 513 
f 515 516 517 
f 514 518 517 
f 518 508 510 
f 517 510 507 
f 510 517 518 
f 520 524 523 
f 524 514 516 
f 523 516 513 
f 516 523 524 
f 520 523 522 
f 523 513 521 
f 522 521 519 
f 521 522 523 
f 526 530 529 
f 530 520 522 
f 529 522 519 
f 522 529 530 
f 519 527 529 
f 527 525 528 
f 529 528 526 
f 528 529 527 
f 525 533 535 
f 533 531 534 
f 535 534 532 
f 534 535 533 
f 526 528 536 
f 528 525 535 
f 536 535 532 
f 535 536 528 
f 531 541 534 
f 541 538 542 
f 534 542 532 
f 542 534 541 
f 538 541 540 
f 541 531 539 
f 540 539 537 
f 539 540 541 
f 538 540 548 
f 540 537 547 
f 548 547 544 
f 547 548 540 
f 537 545 547 
f 545 543 546 
f 547 546 544 
f 546 547 545 
f 543 553 546 
f 553 550 554 
f 546 554 544 
f 554 546 553 
f 543 551 553 
f 551 549 552 
f 553 552 550 
f 552 553 551 
f 549 559 552 
f 559 556 560 
f 552 560 550 
f 560 552 559 
f 555 558 557 
f 558 556 559 
f 557 559 549 
f 559 557 558 
f 556 558 566 
f 558 555 565 
f 566 565 562 
f 565 566 558 
f 561 564 563 
f 564 562 565 
f 563 565 555 
f 565 563 564 
f 562 564 572 
f 564 561 571 
f 572 571 568 
f 571 572 564 
f 561 569 571 
f 569 567 570 
f 571 570 568 
f 570 571 569 
f 567 577 570 
f 577 574 578 
f 570 578 568 
f 578 570 577 
f 567 575 577 
f 575 573 576 
f 577 576 574 
f 576 577 575 
f 580 583 582 
f 583 573 581 
f 582 581 579 
f 581 582 583 
f 580 586 583 
f 586 584 585 
f 583 585 573 
f 585 583 586 
f 574 576 587 
f 576 573 585 
f 587 585 584 
f 585 587 576 
f 580 582 593 
f 582 579 592 
f 593 592 589 
f 592 593 582 
f 579 590 592 
f 590 588 591 
f 592 591 589 
f 591 592 590 
f 595 599 598 
f 599 589 591 
f 598 591 588 
f 591 598 599 
f 588 596 598 
f 596 594 597 
f 598 597 595 
f 597 598 596 
f 594 604 597 
f 604 601 605 
f 597 605 595 
f 605 597 604 
f 594 602 604 
f 602 600 603 
f 604 603 601 
f 603 604 602 
f 600 610 603 
f 610 607 611 
f 603 611 601 
f 611 603 610 
f 606 609 608 
f 609 607 610 
f 608 610 600 
f 610 608 609 
f 607 609 616 
f 609 606 615 
f 616 615 612 
f 615 616 609 
f 28 614 613 
f 614 612 615 
f 613 615 606 
f 615 613 614 
f 22 617 30 
f 617 612 614 
f 30 614 28 
f 614 30 617 
f 76 624 89 
f 624 621 622 
f 89 622 82 
f 622 89 624 
f 621 623 622 
f 623 618 619 
f 622 619 82 
f 619 622 623 
f 96 99 620 
f 99 82 619 
f 620 619 618 
f 619 620 99 
f 628 629 631 
f 629 86 100 
f 631 100 92 
f 100 631 629 
f 625 626 630 
f 626 86 629 
f 630 629 628 
f 629 630 626 
f 72 90 627 
f 90 86 626 
f 627 626 625 
f 626 627 90 
f 635 636 638 
f 636 514 634 
f 638 634 632 
f 634 638 636 
f 514 636 518 
f 636 635 637 
f 518 637 508 
f 637 518 636 
f 520 633 524 
f 633 632 634 
f 524 634 514 
f 634 524 633 
f 642 644 643 
f 644 310 640 
f 643 640 639 
f 640 643 644 
f 316 641 320 
f 641 639 640 
f 320 640 310 
f 640 320 641 
f 642 645 644 
f 645 304 314 
f 644 314 310 
f 314 644 645 
f 538 548 650 
f 548 544 652 
f 650 652 649 
f 652 650 548 
f 538 647 542 
f 647 646 648 
f 542 648 532 
f 648 542 647 
f 646 647 651 
f 647 538 650 
f 651 650 649 
f 650 651 647 
f 653 659 655 
f 659 656 657 
f 655 657 286 
f 657 655 659 
f 286 296 655 
f 296 292 654 
f 655 654 653 
f 654 655 296 
f 656 658 657 
f 658 280 290 
f 657 290 286 
f 290 657 658 
f 448 661 665 
f 661 660 664 
f 665 664 663 
f 664 665 661 
f 454 662 458 
f 662 660 661 
f 458 661 448 
f 661 458 662 
f 442 452 666 
f 452 448 665 
f 666 665 663 
f 665 666 452 
f 668 671 670 
f 671 472 669 
f 670 669 667 
f 669 670 671 
f 478 672 482 
f 672 667 669 
f 482 669 472 
f 669 482 672 
f 668 676 671 
f 676 673 674 
f 671 674 472 
f 674 671 676 
f 673 675 674 
f 675 466 476 
f 674 476 472 
f 476 674 675 
f 430 683 434 
f 683 678 680 
f 434 680 424 
f 680 434 683 
f 424 680 679 
f 680 678 681 
f 679 681 677 
f 681 679 680 
f 424 679 428 
f 679 677 682 
f 428 682 418 
f 682 428 679 
f 684 686 691 
f 686 376 690 
f 691 690 689 
f 690 691 686 
f 684 687 686 
f 687 685 688 
f 686 688 376 
f 688 686 687 
f 689 690 693 
f 690 376 386 
f 693 386 382 
f 386 693 690 
f 685 692 688 
f 692 370 380 
f 688 380 376 
f 380 688 692 
f 358 699 362 
f 699 694 696 
f 362 696 352 
f 696 362 699 
f 694 697 696 
f 697 695 698 
f 696 698 352 
f 698 696 697 
f 695 701 698 
f 701 700 702 
f 698 702 352 
f 702 698 701 
f 352 702 356 
f 702 700 703 
f 356 703 346 
f 703 356 702 
f 400 410 708 
f 410 406 710 
f 708 710 707 
f 710 708 410 
f 707 709 708 
f 709 704 705 
f 708 705 400 
f 705 708 709 
f 704 706 705 
f 706 394 404 
f 705 404 400 
f 404 705 706 
f 52 712 69 
f 712 711 713 
f 69 713 66 
f 713 69 712 
f 714 716 715 
f 716 711 712 
f 715 712 52 
f 712 715 716 
f 714 715 717 
f 715 52 59 
f 717 59 46 
f 59 717 715 
f 56 722 725 
f 722 719 727 
f 725 727 724 
f 727 725 722 
f 42 60 726 
f 60 56 725 
f 726 725 724 
f 725 726 60 
f 719 722 721 
f 722 56 720 
f 721 720 718 
f 720 721 722 
f 718 720 723 
f 720 56 70 
f 723 70 62 
f 70 723 720 
f 568 732 729 
f 732 731 733 
f 729 733 728 
f 733 729 732 
f 574 734 578 
f 734 731 732 
f 578 732 568 
f 732 578 734 
f 568 729 572 
f 729 728 730 
f 572 730 562 
f 730 572 729 
f 256 736 260 
f 736 735 737 
f 260 737 250 
f 737 260 736 
f 262 741 266 
f 741 738 739 
f 266 739 256 
f 739 266 741 
f 256 739 736 
f 739 738 740 
f 736 740 735 
f 740 736 739 
f 195 744 207 
f 744 742 745 
f 207 745 206 
f 745 207 744 
f 195 201 744 
f 201 199 743 
f 744 743 742 
f 743 744 201 
f 746 747 751 
f 747 202 750 
f 751 750 749 
f 750 751 747 
f 202 205 750 
f 205 187 752 
f 750 752 749 
f 752 750 205 
f 199 204 748 
f 204 202 747 
f 748 747 746 
f 747 748 204 
f 753 755 754 
f 755 179 180 
f 754 180 163 
f 180 754 755 
f 167 756 169 
f 756 753 754 
f 169 754 163 
f 754 169 756 
f 760 761 763 
f 761 182 759 
f 763 759 757 
f 759 763 761 
f 175 185 762 
f 185 182 761 
f 762 761 760 
f 761 762 185 
f 757 759 758 
f 759 182 184 
f 758 184 179 
f 184 758 759 
f 199 748 765 
f 748 746 767 
f 765 767 764 
f 767 765 748 
f 742 743 766 
f 743 199 765 
f 766 765 764 
f 765 766 743 
f 768 771 770 
f 771 757 758 
f 770 758 179 
f 758 770 771 
f 753 769 755 
f 769 768 770 
f 755 770 179 
f 770 755 769 
f 112 119 774 
f 119 102 773 
f 774 773 772 
f 773 774 119 
f 96 776 109 
f 776 775 777 
f 109 777 102 
f 777 109 776 
f 772 773 778 
f 773 102 777 
f 778 777 775 
f 777 778 773 
f 106 784 110 
f 784 782 785 
f 110 785 92 
f 785 110 784 
f 116 780 120 
f 780 779 781 
f 120 781 106 
f 781 120 780 
f 782 784 783 
f 784 106 781 
f 783 781 779 
f 781 783 784 
f 589 599 788 
f 599 595 787 
f 788 787 786 
f 787 788 599 
f 789 792 791 
f 792 580 593 
f 791 593 589 
f 593 791 792 
f 789 791 790 
f 791 589 788 
f 790 788 786 
f 788 790 791 
f 244 798 248 
f 798 793 795 
f 248 795 238 
f 795 248 798 
f 238 797 800 
f 797 794 802 
f 800 802 799 
f 802 800 797 
f 799 801 800 
f 801 232 242 
f 800 242 238 
f 242 800 801 
f 238 795 797 
f 795 793 796 
f 797 796 794 
f 796 797 795 
f 502 812 506 
f 812 808 809 
f 506 809 496 
f 809 506 812 
f 496 809 805 
f 809 808 810 
f 805 810 803 
f 810 805 809 
f 496 805 807 
f 805 803 806 
f 807 806 804 
f 806 807 805 
f 490 500 811 
f 500 496 807 
f 811 807 804 
f 807 811 500 
f 816 818 817 
f 818 322 332 
f 817 332 328 
f 332 817 818 
f 813 815 814 
f 815 328 338 
f 814 338 334 
f 338 814 815 
f 328 815 817 
f 815 813 819 
f 817 819 816 
f 819 817 815 
f 122 826 139 
f 826 823 824 
f 139 824 132 
f 824 139 826 
f 132 824 821 
f 824 823 825 
f 821 825 820 
f 825 821 824 
f 132 821 149 
f 821 820 822 
f 149 822 142 
f 822 149 821 
f 827 833 829 
f 833 830 831 
f 829 831 136 
f 831 829 833 
f 830 832 831 
f 832 126 140 
f 831 140 136 
f 140 831 832 
f 136 150 829 
f 150 146 828 
f 829 828 827 
f 828 829 150 
f 556 566 837 
f 566 562 840 
f 837 840 835 
f 840 837 566 
f 834 836 838 
f 836 556 837 
f 838 837 835 
f 837 838 836 
f 556 836 560 
f 836 834 839 
f 560 839 550 
f 839 560 836 
f 844 845 847 
f 845 209 843 
f 847 843 841 
f 843 847 845 
f 3 212 846 
f 212 209 845 
f 846 845 844 
f 845 846 212 
f 841 843 842 
f 843 209 211 
f 842 211 206 
f 211 842 843 
f 848 854 850 
f 854 851 852 
f 850 852 268 
f 852 850 854 
f 851 853 852 
f 853 262 272 
f 852 272 268 
f 272 852 853 
f 848 850 849 
f 850 268 278 
f 849 278 274 
f 278 849 850 
f 170 860 862 
f 860 858 863 
f 862 863 861 
f 863 862 860 
f 855 856 864 
f 856 170 862 
f 864 862 861 
f 862 864 856 
f 858 860 859 
f 860 170 173 
f 859 173 7 
f 173 859 860 
f 167 172 857 
f 172 170 856 
f 857 856 855 
f 856 857 172 
f 868 870 872 
f 870 601 871 
f 872 871 869 
f 871 872 870 
f 865 866 873 
f 866 601 870 
f 873 870 868 
f 870 873 866 
f 595 605 867 
f 605 601 866 
f 867 866 865 
f 866 867 605 
f 607 874 611 
f 874 869 871 
f 611 871 601 
f 871 611 874 
f 878 879 881 
f 879 226 877 
f 881 877 875 
f 877 881 879 
f 220 230 880 
f 230 226 879 
f 880 879 878 
f 879 880 230 
f 232 876 236 
f 876 875 877 
f 236 877 226 
f 877 236 876 
f 520 530 888 
f 530 526 887 
f 888 887 885 
f 887 888 530 
f 532 884 536 
f 884 882 883 
f 536 883 526 
f 883 536 884 
f 882 886 883 
f 886 885 887 
f 883 887 526 
f 887 883 886 
f 889 892 891 
f 892 841 842 
f 891 842 206 
f 842 891 892 
f 742 890 745 
f 890 889 891 
f 745 891 206 
f 891 745 890 
f 742 895 897 
f 895 893 896 
f 897 896 894 
f 896 897 895 
f 742 897 890 
f 897 894 899 
f 890 899 889 
f 899 890 897 
f 742 766 895 
f 766 764 898 
f 895 898 893 
f 898 895 766 
f 292 302 906 
f 302 298 905 
f 906 905 903 
f 905 906 302 
f 903 905 904 
f 905 298 901 
f 904 901 900 
f 901 904 905 
f 900 901 902 
f 901 298 308 
f 902 308 304 
f 308 902 901 
f 167 911 908 
f 911 910 912 
f 908 912 907 
f 912 908 911 
f 910 911 913 
f 911 167 857 
f 913 857 855 
f 857 913 911 
f 167 908 756 
f 908 907 909 
f 756 909 753 
f 909 756 908 
f 914 917 916 
f 917 915 918 
f 916 918 753 
f 918 916 917 
f 907 919 909 
f 919 914 916 
f 909 916 753 
f 916 909 919 
f 753 918 769 
f 918 915 920 
f 769 920 768 
f 920 769 918 
f 921 923 926 
f 923 460 925 
f 926 925 673 
f 925 926 923 
f 660 922 924 
f 922 460 923 
f 924 923 921 
f 923 924 922 
f 466 675 470 
f 675 673 925 
f 470 925 460 
f 925 470 675 
f 454 464 662 
f 464 460 922 
f 662 922 660 
f 922 662 464 
f 930 931 933 
f 931 340 350 
f 933 350 346 
f 350 933 931 
f 927 928 932 
f 928 340 931 
f 932 931 930 
f 931 932 928 
f 340 928 344 
f 928 927 929 
f 344 929 334 
f 929 344 928 
f 694 939 938 
f 939 364 937 
f 938 937 934 
f 937 938 939 
f 934 937 936 
f 937 364 935 
f 936 935 685 
f 935 936 937 
f 685 935 692 
f 935 364 374 
f 692 374 370 
f 374 692 935 
f 358 368 699 
f 368 364 939 
f 699 939 694 
f 939 699 368 
f 940 941 943 
f 941 412 942 
f 943 942 677 
f 942 943 941 
f 940 945 941 
f 945 944 946 
f 941 946 412 
f 946 941 945 
f 418 682 422 
f 682 677 942 
f 422 942 412 
f 942 422 682 
f 406 416 947 
f 416 412 946 
f 947 946 944 
f 946 947 416 
f 388 953 392 
f 953 951 954 
f 392 954 382 
f 954 392 953 
f 394 949 398 
f 949 948 950 
f 398 950 388 
f 950 398 949 
f 951 953 952 
f 953 388 950 
f 952 950 948 
f 950 952 953 
f 430 440 960 
f 440 436 957 
f 960 957 955 
f 957 960 440 
f 436 962 958 
f 962 961 963 
f 958 963 956 
f 963 958 962 
f 436 958 957 
f 958 956 959 
f 957 959 955 
f 959 957 958 
f 442 964 446 
f 964 961 962 
f 446 962 436 
f 962 446 964 
f 966 968 967 
f 968 667 965 
f 967 965 484 
f 965 967 968 
f 484 969 967 
f 969 804 970 
f 967 970 966 
f 970 967 969 
f 484 965 488 
f 965 667 672 
f 488 672 478 
f 672 488 965 
f 490 811 494 
f 811 804 969 
f 494 969 484 
f 969 494 811 
f 971 974 973 
f 974 612 975 
f 973 975 151 
f 975 973 974 
f 151 158 973 
f 158 142 972 
f 973 972 971 
f 972 973 158 
f 612 617 975 
f 617 22 160 
f 975 160 151 
f 160 975 617 
f 214 980 979 
f 980 976 977 
f 979 977 155 
f 977 979 980 
f 18 218 161 
f 218 214 979 
f 161 979 155 
f 979 161 218 
f 976 978 977 
f 978 146 159 
f 977 159 155 
f 159 977 978 
f 981 983 982 
f 983 32 49 
f 982 49 42 
f 49 982 983 
f 32 983 985 
f 983 981 984 
f 985 984 858 
f 984 985 983 
f 858 859 985 
f 859 7 39 
f 985 39 32 
f 39 985 859 
f 46 50 989 
f 50 36 988 
f 989 988 987 
f 988 989 50 
f 36 986 988 
f 986 844 990 
f 988 990 987 
f 990 988 986 
f 36 40 986 
f 40 3 846 
f 986 846 844 
f 846 986 40 
f 971 972 991 
f 972 142 822 
f 991 822 820 
f 822 991 972 
f 995 998 997 
f 998 971 991 
f 997 991 820 
f 991 997 998 
f 820 994 997 
f 994 992 996 
f 997 996 995 
f 996 997 994 
f 992 994 993 
f 994 820 825 
f 993 825 823 
f 825 993 994 
f 122 1005 826 
f 1005 1002 1003 
f 826 1003 823 
f 1003 826 1005 
f 999 1001 1000 
f 1001 992 993 
f 1000 993 823 
f 993 1000 1001 
f 1002 1004 1003 
f 1004 999 1000 
f 1003 1000 823 
f 1000 1003 1004 
f 1009 1011 1010 
f 1011 992 1008 
f 1010 1008 1006 
f 1008 1010 1011 
f 995 996 1012 
f 996 992 1011 
f 1012 1011 1009 
f 1011 1012 996 
f 1006 1008 1007 
f 1008 992 1001 
f 1007 1001 999 
f 1001 1007 1008 
f 1013 1015 1014 
f 1015 1006 1007 
f 1014 1007 999 
f 1007 1014 1015 
f 1016 1018 1017 
f 1018 1013 1014 
f 1017 1014 999 
f 1014 1017 1018 
f 1002 1019 1004 
f 1019 1016 1017 
f 1004 1017 999 
f 1017 1004 1019 
f 1020 1022 1021 
f 1022 1006 1015 
f 1021 1015 1013 
f 1015 1021 1022 
f 1009 1010 1026 
f 1010 1006 1025 
f 1026 1025 1023 
f 1025 1026 1010 
f 1023 1025 1024 
f 1025 1006 1022 
f 1024 1022 1020 
f 1022 1024 1025 
f 1030 1032 1031 
f 1032 1027 1028 
f 1031 1028 1013 
f 1028 1031 1032 
f 1013 1018 1031 
f 1018 1016 1033 
f 1031 1033 1030 
f 1033 1031 1018 
f 1013 1028 1021 
f 1028 1027 1029 
f 1021 1029 1020 
f 1029 1021 1028 
f 1034 1036 1035 
f 1036 1020 1029 
f 1035 1029 1027 
f 1029 1035 1036 
f 1037 1040 1039 
f 1040 1023 1024 
f 1039 1024 1020 
f 1024 1039 1040 
f 1037 1039 1038 
f 1039 1020 1036 
f 1038 1036 1034 
f 1036 1038 1039 
f 1030 1047 1032 
f 1047 1044 1045 
f 1032 1045 1027 
f 1045 1032 1047 
f 1027 1045 1042 
f 1045 1044 1046 
f 1042 1046 1041 
f 1046 1042 1045 
f 1034 1035 1043 
f 1035 1027 1042 
f 1043 1042 1041 
f 1042 1043 1035 
f 1034 1043 1050 
f 1043 1041 1049 
f 1050 1049 1048 
f 1049 1050 1043 
f 1037 1038 1054 
f 1038 1034 1053 
f 1054 1053 1051 
f 1053 1054 1038 
f 1048 1052 1050 
f 1052 1051 1053 
f 1050 1053 1034 
f 1053 1050 1052 
f 1044 1061 1046 
f 1061 1058 1059 
f 1046 1059 1041 
f 1059 1046 1061 
f 1058 1060 1059 
f 1060 1055 1056 
f 1059 1056 1041 
f 1056 1059 1060 
f 1055 1057 1056 
f 1057 1048 1049 
f 1056 1049 1041 
f 1049 1056 1057 
f 1065 1067 1066 
f 1067 1048 1064 
f 1066 1064 1062 
f 1064 1066 1067 
f 1065 1068 1067 
f 1068 1051 1052 
f 1067 1052 1048 
f 1052 1067 1068 
f 1048 1057 1064 
f 1057 1055 1063 
f 1064 1063 1062 
f 1063 1064 1057 
f 1055 1060 1073 
f 1060 1058 1075 
f 1073 1075 1072 
f 1075 1073 1060 
f 1055 1073 1070 
f 1073 1072 1074 
f 1070 1074 1069 
f 1074 1070 1073 
f 1069 1071 1070 
f 1071 1062 1063 
f 1070 1063 1055 
f 1063 1070 1071 
f 1062 1081 1066 
f 1081 1079 1082 
f 1066 1082 1065 
f 1082 1066 1081 
f 1062 1071 1078 
f 1071 1069 1077 
f 1078 1077 1076 
f 1077 1078 1071 
f 1079 1081 1080 
f 1081 1062 1078 
f 1080 1078 1076 
f 1078 1080 1081 
f 1076 1077 1085 
f 1077 1069 1084 
f 1085 1084 1083 
f 1084 1085 1077 
f 1086 1087 1089 
f 1087 1069 1074 
f 1089 1074 1072 
f 1074 1089 1087 
f 1086 1088 1087 
f 1088 1083 1084 
f 1087 1084 1069 
f 1084 1087 1088 
f 1083 1091 1085 
f 1091 1090 1092 
f 1085 1092 1076 
f 1092 1085 1091 
f 1090 1094 1092 
f 1094 1093 1095 
f 1092 1095 1076 
f 1095 1092 1094 
f 1076 1095 1080 
f 1095 1093 1096 
f 1080 1096 1079 
f 1096 1080 1095 
f 1100 1101 1103 
f 1101 1083 1088 
f 1103 1088 1086 
f 1088 1103 1101 
f 1097 1098 1102 
f 1098 1083 1101 
f 1102 1101 1100 
f 1101 1102 1098 
f 1097 1099 1098 
f 1099 1090 1091 
f 1098 1091 1083 
f 1091 1098 1099 
f 1090 1106 1108 
f 1106 1104 1110 
f 1108 1110 1107 
f 1110 1108 1106 
f 1090 1108 1094 
f 1108 1107 1109 
f 1094 1109 1093 
f 1109 1094 1108 
f 1090 1099 1106 
f 1099 1097 1105 
f 1106 1105 1104 
f 1105 1106 1099 
f 1097 1113 1116 
f 1113 1111 1115 
f 1116 1115 1114 
f 1115 1116 1113 
f 1100 1112 1102 
f 1112 1111 1113 
f 1102 1113 1097 
f 1113 1102 1112 
f 1114 1117 1116 
f 1117 1104 1105 
f 1116 1105 1097 
f 1105 1116 1117 
f 1121 1122 1124 
f 1122 1100 1103 
f 1124 1103 1086 
f 1103 1124 1122 
f 1118 1119 1123 
f 1119 1100 1122 
f 1123 1122 1121 
f 1122 1123 1119 
f 1100 1119 1112 
f 1119 1118 1120 
f 1112 1120 1111 
f 1120 1112 1119 
f 1111 1129 1126 
f 1129 1128 1130 
f 1126 1130 1125 
f 1130 1126 1129 
f 1111 1120 1129 
f 1120 1118 1131 
f 1129 1131 1128 
f 1131 1129 1120 
f 1111 1126 1115 
f 1126 1125 1127 
f 1115 1127 1114 
f 1127 1115 1126 
f 1125 1133 1127 
f 1133 1132 1134 
f 1127 1134 1114 
f 1134 1127 1133 
f 1135 1137 1136 
f 1137 1114 1134 
f 1136 1134 1132 
f 1134 1136 1137 
f 1104 1117 1138 
f 1117 1114 1137 
f 1138 1137 1135 
f 1137 1138 1117 
f 1132 1133 1141 
f 1133 1125 1140 
f 1141 1140 1139 
f 1140 1141 1133 
f 1142 1144 1143 
f 1144 1139 1140 
f 1143 1140 1125 
f 1140 1143 1144 
f 1142 1143 1145 
f 1143 1125 1130 
f 1145 1130 1128 
f 1130 1145 1143 
f 1149 1151 1150 
f 1151 1132 1148 
f 1150 1148 1146 
f 1148 1150 1151 
f 1135 1136 1152 
f 1136 1132 1151 
f 1152 1151 1149 
f 1151 1152 1136 
f 1146 1148 1147 
f 1148 1132 1141 
f 1147 1141 1139 
f 1141 1147 1148 
f 1146 1147 1155 
f 1147 1139 1154 
f 1155 1154 1153 
f 1154 1155 1147 
f 1156 1158 1157 
f 1158 1153 1154 
f 1157 1154 1139 
f 1154 1157 1158 
f 1156 1157 1159 
f 1157 1139 1144 
f 1159 1144 1142 
f 1144 1159 1157 
f 1149 1150 1166 
f 1150 1146 1165 
f 1166 1165 1163 
f 1165 1166 1150 
f 1163 1165 1164 
f 1165 1146 1162 
f 1164 1162 1160 
f 1162 1164 1165 
f 1160 1162 1161 
f 1162 1146 1155 
f 1161 1155 1153 
f 1155 1161 1162 
f 1170 1171 1173 
f 1171 1153 1158 
f 1173 1158 1156 
f 1158 1173 1171 
f 1167 1168 1172 
f 1168 1153 1171 
f 1172 1171 1170 
f 1171 1172 1168 
f 1167 1169 1168 
f 1169 1160 1161 
f 1168 1161 1153 
f 1161 1168 1169 
f 1174 1178 1176 
f 1178 1177 1179 
f 1176 1179 1160 
f 1179 1176 1178 
f 1160 1169 1176 
f 1169 1167 1175 
f 1176 1175 1174 
f 1175 1176 1169 
f 1160 1179 1164 
f 1179 1177 1180 
f 1164 1180 1163 
f 1180 1164 1179 
f 1167 1172 1185 
f 1172 1170 1187 
f 1185 1187 1184 
f 1187 1185 1172 
f 1174 1175 1183 
f 1175 1167 1182 
f 1183 1182 1181 
f 1182 1183 1175 
f 1167 1185 1182 
f 1185 1184 1186 
f 1182 1186 1181 
f 1186 1182 1185 
f 1118 1193 1131 
f 1193 1191 1194 
f 1131 1194 1128 
f 1194 1131 1193 
f 1118 1190 1193 
f 1190 1188 1192 
f 1193 1192 1191 
f 1192 1193 1190 
f 1118 1123 1190 
f 1123 1121 1189 
f 1190 1189 1188 
f 1189 1190 1123 
f 1174 1183 1197 
f 1183 1181 1196 
f 1197 1196 1195 
f 1196 1197 1183 
f 1198 1199 1201 
f 1199 1174 1197 
f 1201 1197 1195 
f 1197 1201 1199 
f 1198 1200 1199 
f 1200 1177 1178 
f 1199 1178 1174 
f 1178 1199 1200 
f 1184 1203 1186 
f 1203 1202 1204 
f 1186 1204 1181 
f 1204 1186 1203 
f 1181 1204 1207 
f 1204 1202 1206 
f 1207 1206 1205 
f 1206 1207 1204 
f 1195 1196 1208 
f 1196 1181 1207 
f 1208 1207 1205 
f 1207 1208 1196 
f 1121 1124 1213 
f 1124 1086 1215 
f 1213 1215 1212 
f 1215 1213 1124 
f 1209 1210 1214 
f 1210 1121 1213 
f 1214 1213 1212 
f 1213 1214 1210 
f 1188 1189 1211 
f 1189 1121 1210 
f 1211 1210 1209 
f 1210 1211 1189 
f 1216 1218 1217 
f 1218 1202 1203 
f 1217 1203 1184 
f 1203 1217 1218 
f 1219 1220 1222 
f 1220 1184 1187 
f 1222 1187 1170 
f 1187 1222 1220 
f 1184 1220 1217 
f 1220 1219 1221 
f 1217 1221 1216 
f 1221 1217 1220 
f 1223 1224 1228 
f 1224 1202 1227 
f 1228 1227 1226 
f 1227 1228 1224 
f 1202 1224 1206 
f 1224 1223 1225 
f 1206 1225 1205 
f 1225 1206 1224 
f 1216 1229 1218 
f 1229 1226 1227 
f 1218 1227 1202 
f 1227 1218 1229 
f 1223 1231 1225 
f 1231 1230 1232 
f 1225 1232 1205 
f 1232 1225 1231 
f 1230 1234 1232 
f 1234 1233 1235 
f 1232 1235 1205 
f 1235 1232 1234 
f 1233 1236 1235 
f 1236 1195 1208 
f 1235 1208 1205 
f 1208 1235 1236 
f 1237 1241 1239 
f 1241 1240 1242 
f 1239 1242 1223 
f 1242 1239 1241 
f 1223 1242 1231 
f 1242 1240 1243 
f 1231 1243 1230 
f 1243 1231 1242 
f 1237 1239 1238 
f 1239 1223 1228 
f 1238 1228 1226 
f 1228 1238 1239 
f 1226 1245 1238 
f 1245 1244 1246 
f 1238 1246 1237 
f 1246 1238 1245 
f 1226 1248 1245 
f 1248 1247 1249 
f 1245 1249 1244 
f 1249 1245 1248 
f 1226 1229 1248 
f 1229 1216 1250 
f 1248 1250 1247 
f 1250 1248 1229 
f 1237 1253 1256 
f 1253 1251 1255 
f 1256 1255 1254 
f 1255 1256 1253 
f 1251 1253 1252 
f 1253 1237 1246 
f 1252 1246 1244 
f 1246 1252 1253 
f 1240 1241 1257 
f 1241 1237 1256 
f 1257 1256 1254 
f 1256 1257 1241 
f 1244 1249 1263 
f 1249 1247 1262 
f 1263 1262 1261 
f 1262 1263 1249 
f 1258 1259 1264 
f 1259 1244 1263 
f 1264 1263 1261 
f 1263 1264 1259 
f 1244 1259 1252 
f 1259 1258 1260 
f 1252 1260 1251 
f 1260 1252 1259 
f 1251 1266 1255 
f 1266 1265 1267 
f 1255 1267 1254 
f 1267 1255 1266 
f 1251 1269 1266 
f 1269 1268 1270 
f 1266 1270 1265 
f 1270 1266 1269 
f 1251 1260 1269 
f 1260 1258 1271 
f 1269 1271 1268 
f 1271 1269 1260 
f 1265 1273 1267 
f 1273 1272 1274 
f 1267 1274 1254 
f 1274 1267 1273 
f 1272 1278 1274 
f 1278 1275 1276 
f 1274 1276 1254 
f 1276 1274 1278 
f 1240 1257 1277 
f 1257 1254 1276 
f 1277 1276 1275 
f 1276 1277 1257 
f 1279 1283 1281 
f 1283 1282 1284 
f 1281 1284 1265 
f 1284 1281 1283 
f 1282 1285 1284 
f 1285 1272 1273 
f 1284 1273 1265 
f 1273 1284 1285 
f 1268 1280 1270 
f 1280 1279 1281 
f 1270 1281 1265 
f 1281 1270 1280 
f 1258 1292 1271 
f 1292 1289 1290 
f 1271 1290 1268 
f 1290 1271 1292 
f 1289 1291 1290 
f 1291 1286 1287 
f 1290 1287 1268 
f 1287 1290 1291 
f 1286 1288 1287 
f 1288 1279 1280 
f 1287 1280 1268 
f 1280 1287 1288 
f 1296 1298 1297 
f 1298 1279 1295 
f 1297 1295 1293 
f 1295 1297 1298 
f 1279 1288 1295 
f 1288 1286 1294 
f 1295 1294 1293 
f 1294 1295 1288 
f 1296 1299 1298 
f 1299 1282 1283 
f 1298 1283 1279 
f 1283 1298 1299 
f 1303 1304 1306 
f 1304 1286 1291 
f 1306 1291 1289 
f 1291 1306 1304 
f 1303 1305 1304 
f 1305 1300 1301 
f 1304 1301 1286 
f 1301 1304 1305 
f 1286 1301 1294 
f 1301 1300 1302 
f 1294 1302 1293 
f 1302 1294 1301 
f 1296 1297 1313 
f 1297 1293 1312 
f 1313 1312 1310 
f 1312 1313 1297 
f 1310 1312 1311 
f 1312 1293 1309 
f 1311 1309 1307 
f 1309 1311 1312 
f 1307 1309 1308 
f 1309 1293 1302 
f 1308 1302 1300 
f 1302 1308 1309 
f 1300 1305 1318 
f 1305 1303 1320 
f 1318 1320 1317 
f 1320 1318 1305 
f 1317 1319 1318 
f 1319 1314 1315 
f 1318 1315 1300 
f 1315 1318 1319 
f 1307 1308 1316 
f 1308 1300 1315 
f 1316 1315 1314 
f 1315 1316 1308 
f 1324 1327 1326 
f 1327 1310 1311 
f 1326 1311 1307 
f 1311 1326 1327 
f 1314 1322 1316 
f 1322 1321 1323 
f 1316 1323 1307 
f 1323 1316 1322 
f 1324 1326 1325 
f 1326 1307 1323 
f 1325 1323 1321 
f 1323 1325 1326 
f 1331 1333 1332 
f 1333 1328 1329 
f 1332 1329 1314 
f 1329 1332 1333 
f 1314 1329 1322 
f 1329 1328 1330 
f 1322 1330 1321 
f 1330 1322 1329 
f 1331 1332 1334 
f 1332 1314 1319 
f 1334 1319 1317 
f 1319 1334 1332 
f 1338 1340 1339 
f 1340 1321 1337 
f 1339 1337 1335 
f 1337 1339 1340 
f 1335 1337 1336 
f 1337 1321 1330 
f 1336 1330 1328 
f 1330 1336 1337 
f 1324 1325 1341 
f 1325 1321 1340 
f 1341 1340 1338 
f 1340 1341 1325 
f 1328 1333 1349 
f 1333 1331 1350 
f 1349 1350 1348 
f 1350 1349 1333 
f 1348 1351 1349 
f 1351 1345 1346 
f 1349 1346 1328 
f 1346 1349 1351 
f 1342 1343 1347 
f 1343 1328 1346 
f 1347 1346 1345 
f 1346 1347 1343 
f 1328 1343 1336 
f 1343 1342 1344 
f 1336 1344 1335 
f 1344 1336 1343 
f 1338 1339 1358 
f 1339 1335 1357 
f 1358 1357 1355 
f 1357 1358 1339 
f 1352 1356 1354 
f 1356 1355 1357 
f 1354 1357 1335 
f 1357 1354 1356 
f 1335 1344 1354 
f 1344 1342 1353 
f 1354 1353 1352 
f 1353 1354 1344 
f 1362 1363 1365 
f 1363 1342 1347 
f 1365 1347 1345 
f 1347 1365 1363 
f 1352 1353 1361 
f 1353 1342 1360 
f 1361 1360 1359 
f 1360 1361 1353 
f 1342 1363 1360 
f 1363 1362 1364 
f 1360 1364 1359 
f 1364 1360 1363 
f 1352 1361 1368 
f 1361 1359 1367 
f 1368 1367 1366 
f 1367 1368 1361 
f 1352 1368 1371 
f 1368 1366 1370 
f 1371 1370 1369 
f 1370 1371 1368 
f 1369 1372 1371 
f 1372 1355 1356 
f 1371 1356 1352 
f 1356 1371 1372 
f 1359 1364 1377 
f 1364 1362 1379 
f 1377 1379 1376 
f 1379 1377 1364 
f 1373 1375 1374 
f 1375 1366 1367 
f 1374 1367 1359 
f 1367 1374 1375 
f 1359 1377 1374 
f 1377 1376 1378 
f 1374 1378 1373 
f 1378 1374 1377 
f 1380 1384 1382 
f 1384 1383 1385 
f 1382 1385 1366 
f 1385 1382 1384 
f 1366 1375 1382 
f 1375 1373 1381 
f 1382 1381 1380 
f 1381 1382 1375 
f 1383 1386 1385 
f 1386 1369 1370 
f 1385 1370 1366 
f 1370 1385 1386 
f 1387 1389 1388 
f 1389 1380 1381 
f 1388 1381 1373 
f 1381 1388 1389 
f 1373 1391 1388 
f 1391 1390 1392 
f 1388 1392 1387 
f 1392 1388 1391 
f 1390 1391 1393 
f 1391 1373 1378 
f 1393 1378 1376 
f 1378 1393 1391 
f 1387 1395 1389 
f 1395 1394 1396 
f 1389 1396 1380 
f 1396 1389 1395 
f 1383 1384 1400 
f 1384 1380 1399 
f 1400 1399 1397 
f 1399 1400 1384 
f 1380 1396 1399 
f 1396 1394 1398 
f 1399 1398 1397 
f 1398 1399 1396 
f 1404 1406 1405 
f 1406 1401 1402 
f 1405 1402 1387 
f 1402 1405 1406 
f 1387 1392 1405 
f 1392 1390 1407 
f 1405 1407 1404 
f 1407 1405 1392 
f 1387 1402 1395 
f 1402 1401 1403 
f 1395 1403 1394 
f 1403 1395 1402 
f 1397 1398 1413 
f 1398 1394 1412 
f 1413 1412 1411 
f 1412 1413 1398 
f 1408 1410 1409 
f 1410 1394 1403 
f 1409 1403 1401 
f 1403 1409 1410 
f 1394 1410 1412 
f 1410 1408 1414 
f 1412 1414 1411 
f 1414 1412 1410 
f 1415 1419 1417 
f 1419 1418 1420 
f 1417 1420 1401 
f 1420 1417 1419 
f 1408 1409 1421 
f 1409 1401 1420 
f 1421 1420 1418 
f 1420 1421 1409 
f 1404 1416 1406 
f 1416 1415 1417 
f 1406 1417 1401 
f 1417 1406 1416 
f 1404 1407 1426 
f 1407 1390 1427 
f 1426 1427 1425 
f 1427 1426 1407 
f 1422 1423 1428 
f 1423 1404 1426 
f 1428 1426 1425 
f 1426 1428 1423 
f 1422 1424 1423 
f 1424 1415 1416 
f 1423 1416 1404 
f 1416 1423 1424 
f 1415 1430 1419 
f 1430 1429 1431 
f 1419 1431 1418 
f 1431 1419 1430 
f 1422 1435 1424 
f 1435 1432 1433 
f 1424 1433 1415 
f 1433 1424 1435 
f 1432 1434 1433 
f 1434 1429 1430 
f 1433 1430 1415 
f 1430 1433 1434 
f 1436 1438 1437 
f 1438 1418 1431 
f 1437 1431 1429 
f 1431 1437 1438 
f 1408 1421 1441 
f 1421 1418 1440 
f 1441 1440 1439 
f 1440 1441 1421 
f 1418 1438 1440 
f 1438 1436 1442 
f 1440 1442 1439 
f 1442 1440 1438 
f 1429 1448 1437 
f 1448 1446 1449 
f 1437 1449 1436 
f 1449 1437 1448 
f 1443 1447 1445 
f 1447 1446 1448 
f 1445 1448 1429 
f 1448 1445 1447 
f 1443 1445 1444 
f 1445 1429 1434 
f 1444 1434 1432 
f 1434 1444 1445 
f 1454 1457 1456 
f 1457 1432 1455 
f 1456 1455 1453 
f 1455 1456 1457 
f 1432 1457 1451 
f 1457 1454 1459 
f 1451 1459 1450 
f 1459 1451 1457 
f 1450 1452 1451 
f 1452 1443 1444 
f 1451 1444 1432 
f 1444 1451 1452 
f 1422 1458 1435 
f 1458 1453 1455 
f 1435 1455 1432 
f 1455 1435 1458 
f 1446 1447 1462 
f 1447 1443 1461 
f 1462 1461 1460 
f 1461 1462 1447 
f 1460 1461 1465 
f 1461 1443 1464 
f 1465 1464 1463 
f 1464 1465 1461 
f 1443 1452 1464 
f 1452 1450 1466 
f 1464 1466 1463 
f 1466 1464 1452 
f 1473 1475 1474 
f 1475 1324 1341 
f 1474 1341 1338 
f 1341 1474 1475 
f 1473 1476 1475 
f 1476 1470 1471 
f 1475 1471 1324 
f 1471 1475 1476 
f 1310 1327 1469 
f 1327 1324 1468 
f 1469 1468 1467 
f 1468 1469 1327 
f 1467 1468 1472 
f 1468 1324 1471 
f 1472 1471 1470 
f 1471 1472 1468 
f 1477 1481 1479 
f 1481 1480 1482 
f 1479 1482 1446 
f 1482 1479 1481 
f 1446 1462 1479 
f 1462 1460 1478 
f 1479 1478 1477 
f 1478 1479 1462 
f 1436 1449 1483 
f 1449 1446 1482 
f 1483 1482 1480 
f 1482 1483 1449 
f 1460 1465 1486 
f 1465 1463 1485 
f 1486 1485 1484 
f 1485 1486 1465 
f 1484 1488 1486 
f 1488 1487 1489 
f 1486 1489 1460 
f 1489 1486 1488 
f 1460 1489 1478 
f 1489 1487 1490 
f 1478 1490 1477 
f 1490 1478 1489 
f 1463 1495 1492 
f 1495 1494 1496 
f 1492 1496 1491 
f 1496 1492 1495 
f 1494 1495 1497 
f 1495 1463 1466 
f 1497 1466 1450 
f 1466 1497 1495 
f 1491 1493 1492 
f 1493 1484 1485 
f 1492 1485 1463 
f 1485 1492 1493 
f 1501 1504 1503 
f 1504 1487 1488 
f 1503 1488 1484 
f 1488 1503 1504 
f 1484 1493 1500 
f 1493 1491 1499 
f 1500 1499 1498 
f 1499 1500 1493 
f 1484 1500 1503 
f 1500 1498 1502 
f 1503 1502 1501 
f 1502 1503 1500 
f 1505 1506 1510 
f 1506 1491 1509 
f 1510 1509 1508 
f 1509 1510 1506 
f 1505 1507 1506 
f 1507 1498 1499 
f 1506 1499 1491 
f 1499 1506 1507 
f 1494 1511 1496 
f 1511 1508 1509 
f 1496 1509 1491 
f 1509 1496 1511 
f 1498 1514 1517 
f 1514 1512 1516 
f 1517 1516 1515 
f 1516 1517 1514 
f 1498 1507 1514 
f 1507 1505 1513 
f 1514 1513 1512 
f 1513 1514 1507 
f 1501 1502 1518 
f 1502 1498 1517 
f 1518 1517 1515 
f 1517 1518 1502 
f 1355 1372 1524 
f 1372 1369 1523 
f 1524 1523 1522 
f 1523 1524 1372 
f 1519 1525 1521 
f 1525 1522 1523 
f 1521 1523 1369 
f 1523 1521 1525 
f 1369 1386 1521 
f 1386 1383 1520 
f 1521 1520 1519 
f 1520 1521 1386 
f 1505 1530 1527 
f 1530 1529 1531 
f 1527 1531 1526 
f 1531 1527 1530 
f 1508 1532 1510 
f 1532 1529 1530 
f 1510 1530 1505 
f 1530 1510 1532 
f 1526 1528 1527 
f 1528 1512 1513 
f 1527 1513 1505 
f 1513 1527 1528 
f 1533 1537 1535 
f 1537 1536 1538 
f 1535 1538 1512 
f 1538 1535 1537 
f 1533 1535 1534 
f 1535 1512 1528 
f 1534 1528 1526 
f 1528 1534 1535 
f 1512 1538 1516 
f 1538 1536 1539 
f 1516 1539 1515 
f 1539 1516 1538 
f 1526 1531 1544 
f 1531 1529 1546 
f 1544 1546 1543 
f 1546 1544 1531 
f 1543 1545 1544 
f 1545 1540 1541 
f 1544 1541 1526 
f 1541 1544 1545 
f 1540 1542 1541 
f 1542 1533 1534 
f 1541 1534 1526 
f 1534 1541 1542 
f 1533 1542 1549 
f 1542 1540 1548 
f 1549 1548 1547 
f 1548 1549 1542 
f 1550 1552 1551 
f 1552 1533 1549 
f 1551 1549 1547 
f 1549 1551 1552 
f 1533 1552 1537 
f 1552 1550 1553 
f 1537 1553 1536 
f 1553 1537 1552 
f 1557 1558 1560 
f 1558 1540 1545 
f 1560 1545 1543 
f 1545 1560 1558 
f 1554 1555 1559 
f 1555 1540 1558 
f 1559 1558 1557 
f 1558 1559 1555 
f 1554 1556 1555 
f 1556 1547 1548 
f 1555 1548 1540 
f 1548 1555 1556 
f 1564 1566 1565 
f 1566 1547 1563 
f 1565 1563 1561 
f 1563 1565 1566 
f 1550 1551 1567 
f 1551 1547 1566 
f 1567 1566 1564 
f 1566 1567 1551 
f 1554 1562 1556 
f 1562 1561 1563 
f 1556 1563 1547 
f 1563 1556 1562 
f 1557 1574 1559 
f 1574 1571 1572 
f 1559 1572 1554 
f 1572 1559 1574 
f 1554 1569 1562 
f 1569 1568 1570 
f 1562 1570 1561 
f 1570 1562 1569 
f 1571 1573 1572 
f 1573 1568 1569 
f 1572 1569 1554 
f 1569 1572 1573 
f 1561 1580 1565 
f 1580 1578 1581 
f 1565 1581 1564 
f 1581 1565 1580 
f 1578 1580 1579 
f 1580 1561 1577 
f 1579 1577 1575 
f 1577 1579 1580 
f 1575 1577 1576 
f 1577 1561 1570 
f 1576 1570 1568 
f 1570 1576 1577 
f 1568 1583 1576 
f 1583 1582 1584 
f 1576 1584 1575 
f 1584 1576 1583 
f 1568 1586 1583 
f 1586 1585 1587 
f 1583 1587 1582 
f 1587 1583 1586 
f 1568 1573 1586 
f 1573 1571 1588 
f 1586 1588 1585 
f 1588 1586 1573 
f 1575 1584 1591 
f 1584 1582 1590 
f 1591 1590 1589 
f 1590 1591 1584 
f 1575 1591 1594 
f 1591 1589 1593 
f 1594 1593 1592 
f 1593 1594 1591 
f 1592 1595 1594 
f 1595 1578 1579 
f 1594 1579 1575 
f 1579 1594 1595 
f 1599 1600 1602 
f 1600 1582 1587 
f 1602 1587 1585 
f 1587 1602 1600 
f 1582 1597 1590 
f 1597 1596 1598 
f 1590 1598 1589 
f 1598 1590 1597 
f 1596 1597 1601 
f 1597 1582 1600 
f 1601 1600 1599 
f 1600 1601 1597 
f 1606 1609 1608 
f 1609 1592 1593 
f 1608 1593 1589 
f 1593 1608 1609 
f 1596 1604 1598 
f 1604 1603 1605 
f 1598 1605 1589 
f 1605 1598 1604 
f 1603 1607 1605 
f 1607 1606 1608 
f 1605 1608 1589 
f 1608 1605 1607 
f 1613 1615 1614 
f 1615 1596 1612 
f 1614 1612 1610 
f 1612 1614 1615 
f 1599 1611 1601 
f 1611 1610 1612 
f 1601 1612 1596 
f 1612 1601 1611 
f 1603 1604 1616 
f 1604 1596 1615 
f 1616 1615 1613 
f 1615 1616 1604 
f 1585 1623 1602 
f 1623 1620 1621 
f 1602 1621 1599 
f 1621 1602 1623 
f 1599 1618 1611 
f 1618 1617 1619 
f 1611 1619 1610 
f 1619 1611 1618 
f 1599 1621 1618 
f 1621 1620 1622 
f 1618 1622 1617 
f 1622 1618 1621 
f 1613 1614 1630 
f 1614 1610 1629 
f 1630 1629 1627 
f 1629 1630 1614 
f 1610 1626 1629 
f 1626 1624 1628 
f 1629 1628 1627 
f 1628 1629 1626 
f 1624 1626 1625 
f 1626 1610 1619 
f 1625 1619 1617 
f 1619 1625 1626 
f 1617 1622 1636 
f 1622 1620 1635 
f 1636 1635 1634 
f 1635 1636 1622 
f 1631 1633 1632 
f 1633 1624 1625 
f 1632 1625 1617 
f 1625 1632 1633 
f 1634 1637 1636 
f 1637 1631 1632 
f 1636 1632 1617 
f 1632 1636 1637 
f 1624 1642 1639 
f 1642 1641 1643 
f 1639 1643 1638 
f 1643 1639 1642 
f 1624 1633 1642 
f 1633 1631 1644 
f 1642 1644 1641 
f 1644 1642 1633 
f 1624 1639 1628 
f 1639 1638 1640 
f 1628 1640 1627 
f 1640 1628 1639 
f 1645 1649 1647 
f 1649 1648 1650 
f 1647 1650 1627 
f 1650 1647 1649 
f 1648 1651 1650 
f 1651 1613 1630 
f 1650 1630 1627 
f 1630 1650 1651 
f 1645 1647 1646 
f 1647 1627 1640 
f 1646 1640 1638 
f 1640 1646 1647 
f 1652 1656 1654 
f 1656 1655 1657 
f 1654 1657 1638 
f 1657 1654 1656 
f 1638 1657 1646 
f 1657 1655 1658 
f 1646 1658 1645 
f 1658 1646 1657 
f 1652 1654 1653 
f 1654 1638 1643 
f 1653 1643 1641 
f 1643 1653 1654 
f 1662 1663 1665 
f 1663 1641 1644 
f 1665 1644 1631 
f 1644 1665 1663 
f 1662 1664 1663 
f 1664 1659 1660 
f 1663 1660 1641 
f 1660 1663 1664 
f 1659 1661 1660 
f 1661 1652 1653 
f 1660 1653 1641 
f 1653 1660 1661 
f 1669 1671 1670 
f 1671 1666 1667 
f 1670 1667 1652 
f 1667 1670 1671 
f 1655 1656 1668 
f 1656 1652 1667 
f 1668 1667 1666 
f 1667 1668 1656 
f 1652 1661 1670 
f 1661 1659 1672 
f 1670 1672 1669 
f 1672 1670 1661 
f 1655 1678 1658 
f 1678 1676 1679 
f 1658 1679 1645 
f 1679 1658 1678 
f 1666 1674 1668 
f 1674 1673 1675 
f 1668 1675 1655 
f 1675 1668 1674 
f 1673 1677 1675 
f 1677 1676 1678 
f 1675 1678 1655 
f 1678 1675 1677 
f 1683 1686 1685 
f 1686 1376 1379 
f 1685 1379 1362 
f 1379 1685 1686 
f 1345 1682 1365 
f 1682 1680 1681 
f 1365 1681 1362 
f 1681 1365 1682 
f 1362 1681 1685 
f 1681 1680 1684 
f 1685 1684 1683 
f 1684 1685 1681 
f 1690 1693 1692 
f 1693 1687 1688 
f 1692 1688 1282 
f 1688 1692 1693 
f 1282 1299 1692 
f 1299 1296 1691 
f 1692 1691 1690 
f 1691 1692 1299 
f 1272 1285 1689 
f 1285 1282 1688 
f 1689 1688 1687 
f 1688 1689 1285 
f 1666 1695 1674 
f 1695 1694 1696 
f 1674 1696 1673 
f 1696 1674 1695 
f 1669 1700 1671 
f 1700 1697 1698 
f 1671 1698 1666 
f 1698 1671 1700 
f 1666 1698 1695 
f 1698 1697 1699 
f 1695 1699 1694 
f 1699 1695 1698 
f 1701 1704 1703 
f 1704 1702 1705 
f 1703 1705 1536 
f 1705 1703 1704 
f 1707 1708 1709 
f 1708 1536 1705 
f 1709 1705 1702 
f 1705 1709 1708 
f 1701 1703 1706 
f 1703 1536 1553 
f 1706 1553 1550 
f 1553 1706 1703 
f 1707 1710 1708 
f 1710 1515 1539 
f 1708 1539 1536 
f 1539 1708 1710 
f 1714 1717 1716 
f 1717 1676 1677 
f 1716 1677 1673 
f 1677 1716 1717 
f 1711 1713 1712 
f 1713 1673 1696 
f 1712 1696 1694 
f 1696 1712 1713 
f 1711 1715 1713 
f 1715 1714 1716 
f 1713 1716 1673 
f 1716 1713 1715 
f 1694 1722 1719 
f 1722 1721 1723 
f 1719 1723 1718 
f 1723 1719 1722 
f 1711 1712 1720 
f 1712 1694 1719 
f 1720 1719 1718 
f 1719 1720 1712 
f 1721 1722 1724 
f 1722 1694 1699 
f 1724 1699 1697 
f 1699 1724 1722 
f 1487 1730 1732 
f 1730 1728 1734 
f 1732 1734 1731 
f 1734 1732 1730 
f 1487 1726 1730 
f 1726 1725 1729 
f 1730 1729 1728 
f 1729 1730 1726 
f 1725 1726 1727 
f 1726 1487 1504 
f 1727 1504 1501 
f 1504 1727 1726 
f 1731 1733 1732 
f 1733 1477 1490 
f 1732 1490 1487 
f 1490 1732 1733 
f 1592 1736 1595 
f 1736 1735 1737 
f 1595 1737 1578 
f 1737 1595 1736 
f 1735 1739 1737 
f 1739 1738 1740 
f 1737 1740 1578 
f 1740 1737 1739 
f 1578 1740 1581 
f 1740 1738 1741 
f 1581 1741 1564 
f 1741 1581 1740 
f 1508 1511 1745 
f 1511 1494 1748 
f 1745 1748 1743 
f 1748 1745 1511 
f 1743 1746 1745 
f 1746 1742 1744 
f 1745 1744 1508 
f 1744 1745 1746 
f 1529 1532 1747 
f 1532 1508 1744 
f 1747 1744 1742 
f 1744 1747 1532 
f 1752 1753 1755 
f 1753 1188 1751 
f 1755 1751 1749 
f 1751 1755 1753 
f 1191 1192 1754 
f 1192 1188 1753 
f 1754 1753 1752 
f 1753 1754 1192 
f 1209 1750 1211 
f 1750 1749 1751 
f 1211 1751 1188 
f 1751 1211 1750 
f 1163 1757 1166 
f 1757 1756 1758 
f 1166 1758 1149 
f 1758 1166 1757 
f 1759 1761 1760 
f 1761 1149 1758 
f 1760 1758 1756 
f 1758 1760 1761 
f 1135 1152 1762 
f 1152 1149 1761 
f 1762 1761 1759 
f 1761 1762 1152 
f 1711 1765 1767 
f 1765 1763 1769 
f 1767 1769 1766 
f 1769 1767 1765 
f 1714 1715 1768 
f 1715 1711 1767 
f 1768 1767 1766 
f 1767 1768 1715 
f 1763 1765 1764 
f 1765 1711 1720 
f 1764 1720 1718 
f 1720 1764 1765 
f 1770 1772 1771 
f 1772 1718 1723 
f 1771 1723 1721 
f 1723 1771 1772 
f 1773 1775 1774 
f 1775 1718 1772 
f 1774 1772 1770 
f 1772 1774 1775 
f 1718 1775 1764 
f 1775 1773 1776 
f 1764 1776 1763 
f 1776 1764 1775 
f 1317 1320 1780 
f 1320 1303 1785 
f 1780 1785 1778 
f 1785 1780 1320 
f 1317 1780 1779 
f 1780 1778 1781 
f 1779 1781 1777 
f 1781 1779 1780 
f 1782 1786 1784 
f 1786 1331 1334 
f 1784 1334 1317 
f 1334 1784 1786 
f 1777 1783 1779 
f 1783 1782 1784 
f 1779 1784 1317 
f 1784 1779 1783 
f 1676 1717 1793 
f 1717 1714 1792 
f 1793 1792 1790 
f 1792 1793 1717 
f 1714 1789 1792 
f 1789 1787 1791 
f 1792 1791 1790 
f 1791 1792 1789 
f 1787 1789 1788 
f 1789 1714 1768 
f 1788 1768 1766 
f 1768 1788 1789 
f 1662 1795 1664 
f 1795 1794 1796 
f 1664 1796 1659 
f 1796 1664 1795 
f 1659 1799 1672 
f 1799 1797 1800 
f 1672 1800 1669 
f 1800 1672 1799 
f 1659 1796 1799 
f 1796 1794 1798 
f 1799 1798 1797 
f 1798 1799 1796 
f 1804 1805 1807 
f 1805 1662 1665 
f 1807 1665 1631 
f 1665 1807 1805 
f 1662 1802 1795 
f 1802 1801 1803 
f 1795 1803 1794 
f 1803 1795 1802 
f 1804 1806 1805 
f 1806 1801 1802 
f 1805 1802 1662 
f 1802 1805 1806 
f 1808 1809 1813 
f 1809 1209 1812 
f 1813 1812 1811 
f 1812 1813 1809 
f 1209 1809 1750 
f 1809 1808 1810 
f 1750 1810 1749 
f 1810 1750 1809 
f 1212 1814 1214 
f 1814 1811 1812 
f 1214 1812 1209 
f 1812 1214 1814 
f 1191 1816 1194 
f 1816 1815 1817 
f 1194 1817 1128 
f 1817 1194 1816 
f 1815 1816 1821 
f 1816 1191 1820 
f 1821 1820 1818 
f 1820 1821 1816 
f 1191 1754 1820 
f 1754 1752 1819 
f 1820 1819 1818 
f 1819 1820 1754 
f 1177 1827 1180 
f 1827 1825 1828 
f 1180 1828 1163 
f 1828 1180 1827 
f 1822 1826 1824 
f 1826 1825 1827 
f 1824 1827 1177 
f 1827 1824 1826 
f 1198 1823 1200 
f 1823 1822 1824 
f 1200 1824 1177 
f 1824 1200 1823 
f 1397 1831 1834 
f 1831 1829 1833 
f 1834 1833 1832 
f 1833 1834 1831 
f 1411 1830 1413 
f 1830 1829 1831 
f 1413 1831 1397 
f 1831 1413 1830 
f 1383 1400 1835 
f 1400 1397 1834 
f 1835 1834 1832 
f 1834 1835 1400 
f 1749 1810 1838 
f 1810 1808 1837 
f 1838 1837 1836 
f 1837 1838 1810 
f 1839 1842 1841 
f 1842 1752 1755 
f 1841 1755 1749 
f 1755 1841 1842 
f 1749 1838 1841 
f 1838 1836 1840 
f 1841 1840 1839 
f 1840 1841 1838 
f 1846 1848 1847 
f 1848 1843 1844 
f 1847 1844 1411 
f 1844 1847 1848 
f 1829 1830 1845 
f 1830 1411 1844 
f 1845 1844 1843 
f 1844 1845 1830 
f 1408 1849 1414 
f 1849 1846 1847 
f 1414 1847 1411 
f 1847 1414 1849 
f 1853 1855 1854 
f 1855 1829 1852 
f 1854 1852 1850 
f 1852 1854 1855 
f 1853 1856 1855 
f 1856 1832 1833 
f 1855 1833 1829 
f 1833 1855 1856 
f 1829 1845 1852 
f 1845 1843 1851 
f 1852 1851 1850 
f 1851 1852 1845 
f 1198 1861 1858 
f 1861 1860 1862 
f 1858 1862 1857 
f 1862 1858 1861 
f 1198 1858 1823 
f 1858 1857 1859 
f 1823 1859 1822 
f 1859 1823 1858 
f 1195 1863 1201 
f 1863 1860 1861 
f 1201 1861 1198 
f 1861 1201 1863 
f 1867 1869 1868 
f 1869 1864 1865 
f 1868 1865 1603 
f 1865 1868 1869 
f 1867 1868 1870 
f 1868 1603 1616 
f 1870 1616 1613 
f 1616 1870 1868 
f 1864 1866 1865 
f 1866 1606 1607 
f 1865 1607 1603 
f 1607 1865 1866 
f 1606 1876 1609 
f 1876 1874 1877 
f 1609 1877 1592 
f 1877 1609 1876 
f 1871 1875 1873 
f 1875 1874 1876 
f 1873 1876 1606 
f 1876 1873 1875 
f 1871 1873 1872 
f 1873 1606 1866 
f 1872 1866 1864 
f 1866 1872 1873 
f 1881 1883 1882 
f 1883 1878 1879 
f 1882 1879 1864 
f 1879 1882 1883 
f 1867 1884 1869 
f 1884 1881 1882 
f 1869 1882 1864 
f 1882 1869 1884 
f 1864 1879 1872 
f 1879 1878 1880 
f 1872 1880 1871 
f 1880 1872 1879 
f 1885 1887 1886 
f 1887 1233 1234 
f 1886 1234 1230 
f 1234 1886 1887 
f 1888 1891 1889 
f 1891 1885 1886 
f 1889 1886 1230 
f 1886 1889 1891 
f 1240 1890 1243 
f 1890 1888 1889 
f 1243 1889 1230 
f 1889 1243 1890 
f 1303 1306 1785 
f 1306 1289 1893 
f 1785 1893 1778 
f 1893 1785 1306 
f 1289 1894 1893 
f 1894 1892 1895 
f 1893 1895 1778 
f 1895 1893 1894 
f 1896 1897 1899 
f 1897 1289 1292 
f 1899 1292 1258 
f 1292 1899 1897 
f 1289 1897 1894 
f 1897 1896 1898 
f 1894 1898 1892 
f 1898 1894 1897 
f 1900 1902 1901 
f 1902 1261 1262 
f 1901 1262 1247 
f 1262 1901 1902 
f 1903 1904 1906 
f 1904 1247 1250 
f 1906 1250 1216 
f 1250 1906 1904 
f 1903 1905 1904 
f 1905 1900 1901 
f 1904 1901 1247 
f 1901 1904 1905 
f 1571 1908 1588 
f 1908 1907 1909 
f 1588 1909 1585 
f 1909 1588 1908 
f 1571 1911 1908 
f 1911 1910 1912 
f 1908 1912 1907 
f 1912 1908 1911 
f 1571 1574 1911 
f 1574 1557 1913 
f 1911 1913 1910 
f 1913 1911 1574 
f 1156 1159 1919 
f 1159 1142 1918 
f 1919 1918 1917 
f 1918 1919 1159 
f 1156 1919 1915 
f 1919 1917 1920 
f 1915 1920 1914 
f 1920 1915 1919 
f 1914 1916 1915 
f 1916 1170 1173 
f 1915 1173 1156 
f 1173 1915 1916 
f 1843 1925 1922 
f 1925 1924 1926 
f 1922 1926 1921 
f 1926 1922 1925 
f 1843 1922 1851 
f 1922 1921 1923 
f 1851 1923 1850 
f 1923 1851 1922 
f 1846 1927 1848 
f 1927 1924 1925 
f 1848 1925 1843 
f 1925 1848 1927 
f 1030 1932 1047 
f 1932 1931 1933 
f 1047 1933 1044 
f 1933 1047 1932 
f 1044 1933 1929 
f 1933 1931 1934 
f 1929 1934 1928 
f 1934 1929 1933 
f 1044 1929 1061 
f 1929 1928 1930 
f 1061 1930 1058 
f 1930 1061 1929 
f 1697 1941 1724 
f 1941 1938 1939 
f 1724 1939 1721 
f 1939 1724 1941 
f 1721 1939 1936 
f 1939 1938 1940 
f 1936 1940 1935 
f 1940 1936 1939 
f 1935 1937 1936 
f 1937 1770 1771 
f 1936 1771 1721 
f 1771 1936 1937 
f 1942 1943 1947 
f 1943 1770 1946 
f 1947 1946 1945 
f 1946 1947 1943 
f 1773 1774 1944 
f 1774 1770 1943 
f 1944 1943 1942 
f 1943 1944 1774 
f 1945 1946 1948 
f 1946 1770 1937 
f 1948 1937 1935 
f 1937 1948 1946 
f 1773 1951 1954 
f 1951 1949 1953 
f 1954 1953 1952 
f 1953 1954 1951 
f 1942 1950 1944 
f 1950 1949 1951 
f 1944 1951 1773 
f 1951 1944 1950 
f 1773 1954 1776 
f 1954 1952 1955 
f 1776 1955 1763 
f 1955 1776 1954 
f 1079 1957 1082 
f 1957 1956 1958 
f 1082 1958 1065 
f 1958 1082 1957 
f 1956 1957 1961 
f 1957 1079 1960 
f 1961 1960 1959 
f 1960 1961 1957 
f 1079 1963 1960 
f 1963 1962 1964 
f 1960 1964 1959 
f 1964 1960 1963 
f 1093 1965 1096 
f 1965 1962 1963 
f 1096 1963 1079 
f 1963 1096 1965 
f 1763 1972 1769 
f 1972 1969 1970 
f 1769 1970 1766 
f 1970 1769 1972 
f 1969 1971 1970 
f 1971 1966 1967 
f 1970 1967 1766 
f 1967 1970 1971 
f 1966 1968 1967 
f 1968 1787 1788 
f 1967 1788 1766 
f 1788 1967 1968 
f 1808 1813 1977 
f 1813 1811 1979 
f 1977 1979 1976 
f 1979 1977 1813 
f 1973 1974 1978 
f 1974 1808 1977 
f 1978 1977 1976 
f 1977 1978 1974 
f 1836 1837 1975 
f 1837 1808 1974 
f 1975 1974 1973 
f 1974 1975 1837 
f 1543 1546 1982 
f 1546 1529 1981 
f 1982 1981 1980 
f 1981 1982 1546 
f 1557 1560 1985 
f 1560 1543 1984 
f 1985 1984 1983 
f 1984 1985 1560 
f 1983 1984 1986 
f 1984 1543 1982 
f 1986 1982 1980 
f 1982 1986 1984 
f 1787 1991 1988 
f 1991 1990 1992 
f 1988 1992 1987 
f 1992 1988 1991 
f 1966 1993 1968 
f 1993 1990 1991 
f 1968 1991 1787 
f 1991 1968 1993 
f 1787 1988 1791 
f 1988 1987 1989 
f 1791 1989 1790 
f 1989 1791 1988 
f 1801 1995 1803 
f 1995 1994 1996 
f 1803 1996 1794 
f 1996 1803 1995 
f 1997 1998 2000 
f 1998 1794 1996 
f 2000 1996 1994 
f 1996 2000 1998 
f 1797 1798 1999 
f 1798 1794 1998 
f 1999 1998 1997 
f 1998 1999 1798 
f 2004 2006 2005 
f 2006 1801 1806 
f 2005 1806 1804 
f 1806 2005 2006 
f 2001 2002 2007 
f 2002 1801 2006 
f 2007 2006 2004 
f 2006 2007 2002 
f 1801 2002 1995 
f 2002 2001 2003 
f 1995 2003 1994 
f 2003 1995 2002 
f 1997 2009 1999 
f 2009 2008 2010 
f 1999 2010 1797 
f 2010 1999 2009 
f 2011 2013 2012 
f 2013 1797 2010 
f 2012 2010 2008 
f 2010 2012 2013 
f 2011 2014 2013 
f 2014 1669 1800 
f 2013 1800 1797 
f 1800 2013 2014 
f 1051 1068 2017 
f 1068 1065 2016 
f 2017 2016 2015 
f 2016 2017 1068 
f 2018 2020 2019 
f 2020 1051 2017 
f 2019 2017 2015 
f 2017 2019 2020 
f 1051 2020 1054 
f 2020 2018 2021 
f 1054 2021 1037 
f 2021 1054 2020 
f 2025 2027 2026 
f 2027 1871 2024 
f 2026 2024 2022 
f 2024 2026 2027 
f 1871 1880 2024 
f 1880 1878 2023 
f 2024 2023 2022 
f 2023 2024 1880 
f 1874 1875 2028 
f 1875 1871 2027 
f 2028 2027 2025 
f 2027 2028 1875 
f 1822 2034 1826 
f 2034 2032 2035 
f 1826 2035 1825 
f 2035 1826 2034 
f 1822 2031 2034 
f 2031 2029 2033 
f 2034 2033 2032 
f 2033 2034 2031 
f 2029 2031 2030 
f 2031 1822 1859 
f 2030 1859 1857 
f 1859 2030 2031 
f 2029 2030 2038 
f 2030 1857 2037 
f 2038 2037 2036 
f 2037 2038 2030 
f 2036 2037 2041 
f 2037 1857 2040 
f 2041 2040 2039 
f 2040 2041 2037 
f 1857 1862 2040 
f 1862 1860 2042 
f 2040 2042 2039 
f 2042 2040 1862 
f 2043 2044 2049 
f 2044 1836 2048 
f 2049 2048 2046 
f 2048 2049 2044 
f 1836 1975 2048 
f 1975 1973 2047 
f 2048 2047 2046 
f 2047 2048 1975 
f 1836 2044 1840 
f 2044 2043 2045 
f 1840 2045 1839 
f 2045 1840 2044 
f 1850 1923 2055 
f 1923 1921 2054 
f 2055 2054 2053 
f 2054 2055 1923 
f 2053 2056 2055 
f 2056 2050 2051 
f 2055 2051 1850 
f 2051 2055 2056 
f 1850 2051 1854 
f 2051 2050 2052 
f 1854 2052 1853 
f 2052 1854 2051 
f 1832 1856 2063 
f 1856 1853 2062 
f 2063 2062 2060 
f 2062 2063 1856 
f 1853 2052 2059 
f 2052 2050 2058 
f 2059 2058 2057 
f 2058 2059 2052 
f 2060 2062 2061 
f 2062 1853 2059 
f 2061 2059 2057 
f 2059 2061 2062 
f 2067 2069 2068 
f 2069 1839 2066 
f 2068 2066 2064 
f 2066 2068 2069 
f 2064 2066 2065 
f 2066 1839 2045 
f 2065 2045 2043 
f 2045 2065 2066 
f 2067 2070 2069 
f 2070 1752 1842 
f 2069 1842 1839 
f 1842 2069 2070 
f 2074 2077 2076 
f 2077 1676 1793 
f 2076 1793 1790 
f 1793 2076 2077 
f 1790 2073 2076 
f 2073 2071 2075 
f 2076 2075 2074 
f 2075 2076 2073 
f 1790 1989 2073 
f 1989 1987 2072 
f 2073 2072 2071 
f 2072 2073 1989 
f 1878 2082 2079 
f 2082 2081 2083 
f 2079 2083 2078 
f 2083 2079 2082 
f 2078 2080 2079 
f 2080 2022 2023 
f 2079 2023 1878 
f 2023 2079 2080 
f 2081 2082 2084 
f 2082 1878 1883 
f 2084 1883 1881 
f 1883 2084 2082 
f 1942 2086 1950 
f 2086 2085 2087 
f 1950 2087 1949 
f 2087 1950 2086 
f 2088 2090 2089 
f 2090 2085 2086 
f 2089 2086 1942 
f 2086 2089 2090 
f 2088 2089 2091 
f 2089 1942 1947 
f 2091 1947 1945 
f 1947 2091 2089 
f 2092 2094 2093 
f 2094 1949 2087 
f 2093 2087 2085 
f 2087 2093 2094 
f 2095 2097 2096 
f 2097 1949 2094 
f 2096 2094 2092 
f 2094 2096 2097 
f 2095 2098 2097 
f 2098 1952 1953 
f 2097 1953 1949 
f 1953 2097 2098 
f 1990 2105 1992 
f 2105 2102 2103 
f 1992 2103 1987 
f 2103 1992 2105 
f 1987 2100 2072 
f 2100 2099 2101 
f 2072 2101 2071 
f 2101 2072 2100 
f 2102 2104 2103 
f 2104 2099 2100 
f 2103 2100 1987 
f 2100 2103 2104 
f 1921 1926 2108 
f 1926 1924 2107 
f 2108 2107 2106 
f 2107 2108 1926 
f 1921 2108 2111 
f 2108 2106 2110 
f 2111 2110 2109 
f 2110 2111 2108 
f 2109 2112 2111 
f 2112 2053 2054 
f 2111 2054 1921 
f 2054 2111 2112 
f 1924 2114 2107 
f 2114 2113 2115 
f 2107 2115 2106 
f 2115 2107 2114 
f 1924 2117 2114 
f 2117 2116 2118 
f 2114 2118 2113 
f 2118 2114 2117 
f 1924 1927 2117 
f 1927 1846 2119 
f 2117 2119 2116 
f 2119 2117 1927 
f 2123 2126 2125 
f 2126 2120 2121 
f 2125 2121 2050 
f 2121 2125 2126 
f 2050 2121 2058 
f 2121 2120 2122 
f 2058 2122 2057 
f 2122 2058 2121 
f 2053 2124 2056 
f 2124 2123 2125 
f 2056 2125 2050 
f 2125 2056 2124 
f 2130 2132 2131 
f 2132 2127 2128 
f 2131 2128 2057 
f 2128 2131 2132 
f 2057 2122 2131 
f 2122 2120 2133 
f 2131 2133 2130 
f 2133 2131 2122 
f 2060 2061 2129 
f 2061 2057 2128 
f 2129 2128 2127 
f 2128 2129 2061 
f 2134 2136 2135 
f 2136 2008 2009 
f 2135 2009 1997 
f 2009 2135 2136 
f 1997 2138 2135 
f 2138 2137 2139 
f 2135 2139 2134 
f 2139 2135 2138 
f 1997 2000 2138 
f 2000 1994 2140 
f 2138 2140 2137 
f 2140 2138 2000 
f 1935 1940 2146 
f 1940 1938 2145 
f 2146 2145 2144 
f 2145 2146 1940 
f 1935 2142 1948 
f 2142 2141 2143 
f 1948 2143 1945 
f 2143 1948 2142 
f 1935 2146 2142 
f 2146 2144 2147 
f 2142 2147 2141 
f 2147 2142 2146 
f 2134 2149 2136 
f 2149 2148 2150 
f 2136 2150 2008 
f 2150 2136 2149 
f 2008 2152 2012 
f 2152 2151 2153 
f 2012 2153 2011 
f 2153 2012 2152 
f 2008 2150 2152 
f 2150 2148 2154 
f 2152 2154 2151 
f 2154 2152 2150 
f 2158 2159 2161 
f 2159 2071 2157 
f 2161 2157 2155 
f 2157 2161 2159 
f 2074 2075 2160 
f 2075 2071 2159 
f 2160 2159 2158 
f 2159 2160 2075 
f 2071 2101 2157 
f 2101 2099 2156 
f 2157 2156 2155 
f 2156 2157 2101 
f 2165 2168 2167 
f 2168 2155 2156 
f 2167 2156 2099 
f 2156 2167 2168 
f 2162 2166 2164 
f 2166 2165 2167 
f 2164 2167 2099 
f 2167 2164 2166 
f 2102 2163 2104 
f 2163 2162 2164 
f 2104 2164 2099 
f 2164 2104 2163 
f 1009 1026 2175 
f 1026 1023 2174 
f 2175 2174 2172 
f 2174 2175 1026 
f 1037 2170 1040 
f 2170 2169 2171 
f 1040 2171 1023 
f 2171 1040 2170 
f 2169 2173 2171 
f 2173 2172 2174 
f 2171 2174 1023 
f 2174 2171 2173 
f 2176 2178 2177 
f 2178 1973 1978 
f 2177 1978 1976 
f 1978 2177 2178 
f 711 2180 2179 
f 2180 1973 2178 
f 2179 2178 2176 
f 2178 2179 2180 
f 2046 2047 2181 
f 2047 1973 2180 
f 2181 2180 711 
f 2180 2181 2047 
f 2185 2187 2186 
f 2187 2182 2183 
f 2186 2183 1976 
f 2183 2186 2187 
f 1976 1979 2186 
f 1979 1811 2188 
f 2186 2188 2185 
f 2188 2186 1979 
f 2176 2177 2184 
f 2177 1976 2183 
f 2184 2183 2182 
f 2183 2184 2177 
f 2189 2191 2190 
f 2191 1966 1971 
f 2190 1971 1969 
f 1971 2190 2191 
f 1990 1993 2195 
f 1993 1966 2194 
f 2195 2194 2192 
f 2194 2195 1993 
f 2189 2193 2191 
f 2193 2192 2194 
f 2191 2194 1966 
f 2194 2191 2193 
f 2196 2197 2202 
f 2197 2022 2201 
f 2202 2201 2199 
f 2201 2202 2197 
f 2022 2197 2026 
f 2197 2196 2198 
f 2026 2198 2025 
f 2198 2026 2197 
f 2022 2080 2201 
f 2080 2078 2200 
f 2201 2200 2199 
f 2200 2201 2080 
f 2025 2205 2208 
f 2205 2203 2207 
f 2208 2207 2206 
f 2207 2208 2205 
f 2206 2209 2208 
f 2209 1874 2028 
f 2208 2028 2025 
f 2028 2208 2209 
f 2025 2198 2205 
f 2198 2196 2204 
f 2205 2204 2203 
f 2204 2205 2198 
f 2113 2211 2115 
f 2211 2210 2212 
f 2115 2212 2106 
f 2212 2115 2211 
f 2210 2216 2212 
f 2216 2213 2214 
f 2212 2214 2106 
f 2214 2212 2216 
f 2106 2214 2110 
f 2214 2213 2215 
f 2110 2215 2109 
f 2215 2110 2214 
f 2217 2221 2219 
f 2221 2220 2222 
f 2219 2222 2113 
f 2222 2219 2221 
f 2113 2222 2211 
f 2222 2220 2223 
f 2211 2223 2210 
f 2223 2211 2222 
f 2116 2218 2118 
f 2218 2217 2219 
f 2118 2219 2113 
f 2219 2118 2218 
f 2227 2228 2230 
f 2228 2043 2049 
f 2230 2049 2046 
f 2049 2230 2228 
f 2043 2228 2225 
f 2228 2227 2229 
f 2225 2229 2224 
f 2229 2225 2228 
f 2064 2065 2226 
f 2065 2043 2225 
f 2226 2225 2224 
f 2225 2226 2065 
f 2085 2233 2235 
f 2233 2231 2237 
f 2235 2237 2234 
f 2237 2235 2233 
f 2092 2093 2236 
f 2093 2085 2235 
f 2236 2235 2234 
f 2235 2236 2093 
f 2088 2232 2090 
f 2232 2231 2233 
f 2090 2233 2085 
f 2233 2090 2232 
f 2238 2241 2240 
f 2241 830 2239 
f 2240 2239 2088 
f 2239 2240 2241 
f 830 2242 2239 
f 2242 2231 2232 
f 2239 2232 2088 
f 2232 2239 2242 
f 2088 2245 2240 
f 2245 2243 2246 
f 2240 2246 2238 
f 2246 2240 2245 
f 2088 2091 2245 
f 2091 1945 2244 
f 2245 2244 2243 
f 2244 2245 2091 
f 2134 2250 2149 
f 2250 625 2251 
f 2149 2251 2148 
f 2251 2149 2250 
f 2134 2139 2248 
f 2139 2137 2247 
f 2248 2247 718 
f 2247 2248 2139 
f 718 2249 2248 
f 2249 625 2250 
f 2248 2250 2134 
f 2250 2248 2249 
f 2029 2038 2257 
f 2038 2036 2256 
f 2257 2256 2255 
f 2256 2257 2038 
f 2252 2254 2253 
f 2254 2032 2033 
f 2253 2033 2029 
f 2033 2253 2254 
f 2029 2257 2253 
f 2257 2255 2258 
f 2253 2258 2252 
f 2258 2253 2257 
f 2262 2265 2264 
f 2265 1825 2035 
f 2264 2035 2032 
f 2035 2264 2265 
f 2259 2261 2260 
f 2261 2032 2254 
f 2260 2254 2252 
f 2254 2260 2261 
f 2032 2261 2264 
f 2261 2259 2263 
f 2264 2263 2262 
f 2263 2264 2261 
f 2269 2272 2271 
f 2272 2255 2256 
f 2271 2256 2036 
f 2256 2271 2272 
f 2036 2041 2268 
f 2041 2039 2267 
f 2268 2267 2266 
f 2267 2268 2041 
f 2266 2270 2268 
f 2270 2269 2271 
f 2268 2271 2036 
f 2271 2268 2270 
f 2276 2279 2277 
f 2279 2273 2274 
f 2277 2274 2039 
f 2274 2277 2279 
f 2039 2042 2277 
f 2042 1860 2278 
f 2277 2278 2276 
f 2278 2277 2042 
f 2266 2267 2275 
f 2267 2039 2274 
f 2275 2274 2273 
f 2274 2275 2267 
f 2092 2281 2096 
f 2281 2280 2282 
f 2096 2282 2095 
f 2282 2096 2281 
f 2234 2284 2236 
f 2284 2283 2285 
f 2236 2285 2092 
f 2285 2236 2284 
f 2092 2285 2281 
f 2285 2283 2286 
f 2281 2286 2280 
f 2286 2281 2285 
f 2095 2288 2290 
f 2288 794 2292 
f 2290 2292 2289 
f 2292 2290 2288 
f 1952 2098 2291 
f 2098 2095 2290 
f 2291 2290 2289 
f 2290 2291 2098 
f 2095 2282 2288 
f 2282 2280 2287 
f 2288 2287 794 
f 2287 2288 2282 
f 827 2296 2297 
f 2296 2234 2237 
f 2297 2237 2231 
f 2237 2297 2296 
f 2293 2294 2298 
f 2294 2234 2296 
f 2298 2296 827 
f 2296 2298 2294 
f 2283 2284 2295 
f 2284 2234 2294 
f 2295 2294 2293 
f 2294 2295 2284 
f 2299 2301 2300 
f 2301 2067 2068 
f 2300 2068 2064 
f 2068 2300 2301 
f 2299 2300 2304 
f 2300 2064 2303 
f 2304 2303 2302 
f 2303 2304 2300 
f 2064 2226 2303 
f 2226 2224 2305 
f 2303 2305 2302 
f 2305 2303 2226 
f 2109 2307 2308 
f 2307 948 2310 
f 2308 2310 704 
f 2310 2308 2307 
f 2109 2308 2112 
f 2308 704 2309 
f 2112 2309 2053 
f 2309 2112 2308 
f 2109 2215 2307 
f 2215 2213 2306 
f 2307 2306 948 
f 2306 2307 2215 
f 2158 2312 2313 
f 2312 1867 2311 
f 2313 2311 1648 
f 2311 2313 2312 
f 1867 1870 2311 
f 1870 1613 1651 
f 2311 1651 1648 
f 1651 2311 1870 
f 1867 2312 1884 
f 2312 2158 2314 
f 1884 2314 1881 
f 2314 1884 2312 
f 1832 2063 2320 
f 2063 2060 2319 
f 2320 2319 1519 
f 2319 2320 2063 
f 2127 2316 2129 
f 2316 2315 2317 
f 2129 2317 2060 
f 2317 2129 2316 
f 2315 2318 2317 
f 2318 1519 2319 
f 2317 2319 2060 
f 2319 2317 2318 
f 2321 2323 2322 
f 2323 2127 2132 
f 2322 2132 2130 
f 2132 2322 2323 
f 2315 2316 2327 
f 2316 2127 2326 
f 2327 2326 2324 
f 2326 2327 2316 
f 2324 2326 2325 
f 2326 2127 2323 
f 2325 2323 2321 
f 2323 2325 2326 
f 2130 2329 2322 
f 2329 2328 2330 
f 2322 2330 2321 
f 2330 2322 2329 
f 940 2333 2332 
f 2333 2328 2329 
f 2332 2329 2130 
f 2329 2332 2333 
f 940 2332 2331 
f 2332 2130 2133 
f 2331 2133 2120 
f 2133 2331 2332 
f 2321 2338 2335 
f 2338 2337 2339 
f 2335 2339 2334 
f 2339 2335 2338 
f 2328 2340 2330 
f 2340 2337 2338 
f 2330 2338 2321 
f 2338 2330 2340 
f 2334 2336 2335 
f 2336 2324 2325 
f 2335 2325 2321 
f 2325 2335 2336 
f 2344 2347 2346 
f 2347 2315 2327 
f 2346 2327 2324 
f 2327 2346 2347 
f 2324 2336 2343 
f 2336 2334 2342 
f 2343 2342 2341 
f 2342 2343 2336 
f 2341 2345 2343 
f 2345 2344 2346 
f 2343 2346 2324 
f 2346 2343 2345 
f 2334 2339 2352 
f 2339 2337 2354 
f 2352 2354 2351 
f 2354 2352 2339 
f 2334 2352 2349 
f 2352 2351 2353 
f 2349 2353 2348 
f 2353 2349 2352 
f 2341 2342 2350 
f 2342 2334 2349 
f 2350 2349 2348 
f 2349 2350 2342 
f 2341 2360 2345 
f 2360 2358 2361 
f 2345 2361 2344 
f 2361 2345 2360 
f 2341 2357 2360 
f 2357 2355 2359 
f 2360 2359 2358 
f 2359 2360 2357 
f 2341 2350 2357 
f 2350 2348 2356 
f 2357 2356 2355 
f 2356 2357 2350 
f 2348 2366 2363 
f 2366 2365 2367 
f 2363 2367 2362 
f 2367 2363 2366 
f 2355 2356 2364 
f 2356 2348 2363 
f 2364 2363 2362 
f 2363 2364 2356 
f 2351 2368 2353 
f 2368 2365 2366 
f 2353 2366 2348 
f 2366 2353 2368 
f 2358 2359 2374 
f 2359 2355 2373 
f 2374 2373 1470 
f 2373 2374 2359 
f 2355 2364 2371 
f 2364 2362 2370 
f 2371 2370 2369 
f 2370 2371 2364 
f 2355 2371 2373 
f 2371 2369 2372 
f 2373 2372 1470 
f 2372 2373 2371 
f 2375 2376 2380 
f 2376 2362 2379 
f 2380 2379 2378 
f 2379 2380 2376 
f 2378 2379 2381 
f 2379 2362 2367 
f 2381 2367 2365 
f 2367 2381 2379 
f 2375 2377 2376 
f 2377 2369 2370 
f 2376 2370 2362 
f 2370 2376 2377 
f 2369 2384 2386 
f 2384 2382 2385 
f 2386 2385 1467 
f 2385 2386 2384 
f 2375 2383 2377 
f 2383 2382 2384 
f 2377 2384 2369 
f 2384 2377 2383 
f 1470 2372 1472 
f 2372 2369 2386 
f 1472 2386 1467 
f 2386 1472 2372 
f 2382 2383 2389 
f 2383 2375 2388 
f 2389 2388 2387 
f 2388 2389 2383 
f 2375 2391 2388 
f 2391 2390 2392 
f 2388 2392 2387 
f 2392 2388 2391 
f 2375 2380 2391 
f 2380 2378 2393 
f 2391 2393 2390 
f 2393 2391 2380 
f 2382 2389 2396 
f 2389 2387 2395 
f 2396 2395 2394 
f 2395 2396 2389 
f 2394 2400 2396 
f 2400 2397 2398 
f 2396 2398 2382 
f 2398 2396 2400 
f 2397 2399 2398 
f 2399 1467 2385 
f 2398 2385 2382 
f 2385 2398 2399 
f 2401 2403 2402 
f 2403 2387 2392 
f 2402 2392 2390 
f 2392 2402 2403 
f 2404 2406 2405 
f 2406 2387 2403 
f 2405 2403 2401 
f 2403 2405 2406 
f 2387 2406 2395 
f 2406 2404 2407 
f 2395 2407 2394 
f 2407 2395 2406 
f 2411 2413 2412 
f 2413 2408 2409 
f 2412 2409 2390 
f 2409 2412 2413 
f 2401 2402 2410 
f 2402 2390 2409 
f 2410 2409 2408 
f 2409 2410 2402 
f 2411 2412 2414 
f 2412 2390 2393 
f 2414 2393 2378 
f 2393 2414 2412 
f 2415 2416 2420 
f 2416 2401 2419 
f 2420 2419 2418 
f 2419 2420 2416 
f 2408 2421 2410 
f 2421 2418 2419 
f 2410 2419 2401 
f 2419 2410 2421 
f 2415 2417 2416 
f 2417 2404 2405 
f 2416 2405 2401 
f 2405 2416 2417 
f 2425 2427 2426 
f 2427 2404 2424 
f 2426 2424 2422 
f 2424 2426 2427 
f 2425 2428 2427 
f 2428 2394 2407 
f 2427 2407 2404 
f 2407 2427 2428 
f 2422 2424 2423 
f 2424 2404 2417 
f 2423 2417 2415 
f 2417 2423 2424 
f 2429 2430 2434 
f 2430 2415 2433 
f 2434 2433 2432 
f 2433 2434 2430 
f 2418 2435 2420 
f 2435 2432 2433 
f 2420 2433 2415 
f 2433 2420 2435 
f 2429 2431 2430 
f 2431 2422 2423 
f 2430 2423 2415 
f 2423 2430 2431 
f 2422 2431 2438 
f 2431 2429 2437 
f 2438 2437 2436 
f 2437 2438 2431 
f 2439 2442 2441 
f 2442 2425 2426 
f 2441 2426 2422 
f 2426 2441 2442 
f 2439 2441 2440 
f 2441 2422 2438 
f 2440 2438 2436 
f 2438 2440 2441 
f 2432 2449 2434 
f 2449 2446 2447 
f 2434 2447 2429 
f 2447 2434 2449 
f 2429 2447 2444 
f 2447 2446 2448 
f 2444 2448 2443 
f 2448 2444 2447 
f 2436 2437 2445 
f 2437 2429 2444 
f 2445 2444 2443 
f 2444 2445 2437 
f 2436 2455 2440 
f 2455 2453 2456 
f 2440 2456 2439 
f 2456 2440 2455 
f 2450 2454 2452 
f 2454 2453 2455 
f 2452 2455 2436 
f 2455 2452 2454 
f 2450 2452 2451 
f 2452 2436 2445 
f 2451 2445 2443 
f 2445 2451 2452 
f 2460 2462 2461 
f 2462 2457 2458 
f 2461 2458 2443 
f 2458 2461 2462 
f 2446 2463 2448 
f 2463 2460 2461 
f 2448 2461 2443 
f 2461 2448 2463 
f 2457 2459 2458 
f 2459 2450 2451 
f 2458 2451 2443 
f 2451 2458 2459 
f 2351 2467 2368 
f 2467 956 2468 
f 2368 2468 2365 
f 2468 2368 2467 
f 956 2469 2468 
f 2469 2464 2465 
f 2468 2465 2365 
f 2465 2468 2469 
f 2365 2465 2381 
f 2465 2464 2466 
f 2381 2466 2378 
f 2466 2381 2465 
f 2450 2472 2474 
f 2472 2470 2473 
f 2474 2473 1888 
f 2473 2474 2472 
f 2457 2471 2459 
f 2471 2470 2472 
f 2459 2472 2450 
f 2472 2459 2471 
f 2450 2474 2454 
f 2474 1888 2475 
f 2454 2475 2453 
f 2475 2454 2474 
f 2460 2482 2462 
f 2482 2479 2480 
f 2462 2480 2457 
f 2480 2462 2482 
f 2476 2478 2477 
f 2478 2470 2471 
f 2477 2471 2457 
f 2471 2477 2478 
f 2476 2477 2481 
f 2477 2457 2480 
f 2481 2480 2479 
f 2480 2481 2477 
f 2137 2140 2486 
f 2140 1994 2485 
f 2486 2485 2484 
f 2485 2486 2140 
f 2137 2486 2483 
f 2486 2484 2487 
f 2483 2487 719 
f 2487 2483 2486 
f 719 721 2483 
f 721 718 2247 
f 2483 2247 2137 
f 2247 2483 721 
f 2116 2119 2491 
f 2119 1846 2493 
f 2491 2493 1439 
f 2493 2491 2119 
f 2116 2491 2489 
f 2491 1439 2492 
f 2489 2492 2488 
f 2492 2489 2491 
f 2116 2489 2218 
f 2489 2488 2490 
f 2218 2490 2217 
f 2490 2218 2489 
f 2497 2499 2498 
f 2499 2494 2495 
f 2498 2495 2217 
f 2495 2498 2499 
f 2494 2496 2495 
f 2496 2220 2221 
f 2495 2221 2217 
f 2221 2495 2496 
f 2217 2490 2498 
f 2490 2488 2500 
f 2498 2500 2497 
f 2500 2498 2490 
f 2494 2502 2496 
f 2502 2501 2503 
f 2496 2503 2220 
f 2503 2496 2502 
f 2220 2503 2505 
f 2503 2501 2504 
f 2505 2504 684 
f 2504 2505 2503 
f 2210 2223 2506 
f 2223 2220 2505 
f 2506 2505 684 
f 2505 2506 2223 
f 2494 2508 2502 
f 2508 2507 2509 
f 2502 2509 2501 
f 2509 2502 2508 
f 2497 2513 2499 
f 2513 2510 2511 
f 2499 2511 2494 
f 2511 2499 2513 
f 2507 2508 2512 
f 2508 2494 2511 
f 2512 2511 2510 
f 2511 2512 2508 
f 2516 2518 2517 
f 2518 1030 1033 
f 2517 1033 1016 
f 1033 2517 2518 
f 1016 1019 2515 
f 1019 1002 2514 
f 2515 2514 772 
f 2514 2515 1019 
f 1016 2515 2517 
f 2515 772 2519 
f 2517 2519 2516 
f 2519 2517 2515 
f 2199 2200 2521 
f 2200 2078 2520 
f 2521 2520 656 
f 2520 2521 2200 
f 656 2520 2524 
f 2520 2078 2523 
f 2524 2523 2522 
f 2523 2524 2520 
f 2078 2083 2523 
f 2083 2081 2525 
f 2523 2525 2522 
f 2525 2523 2083 
f 2501 2527 2528 
f 2527 934 936 
f 2528 936 685 
f 936 2528 2527 
f 2501 2528 2504 
f 2528 685 687 
f 2504 687 684 
f 687 2504 2528 
f 2507 2526 2509 
f 2526 934 2527 
f 2509 2527 2501 
f 2527 2509 2526 
f 2507 2531 2534 
f 2531 2529 2533 
f 2534 2533 2532 
f 2533 2534 2531 
f 2532 2535 2534 
f 2535 934 2526 
f 2534 2526 2507 
f 2526 2534 2535 
f 2529 2531 2530 
f 2531 2507 2512 
f 2530 2512 2510 
f 2512 2530 2531 
f 2510 2541 2537 
f 2541 2539 2542 
f 2537 2542 2536 
f 2542 2537 2541 
f 2539 2541 2540 
f 2541 2510 2513 
f 2540 2513 2497 
f 2513 2540 2541 
f 2510 2537 2530 
f 2537 2536 2538 
f 2530 2538 2529 
f 2538 2530 2537 
f 2529 2538 2547 
f 2538 2536 2549 
f 2547 2549 2546 
f 2549 2547 2538 
f 2546 2548 2547 
f 2548 2543 2544 
f 2547 2544 2529 
f 2544 2547 2548 
f 2529 2544 2533 
f 2544 2543 2545 
f 2533 2545 2532 
f 2545 2533 2544 
f 1086 1089 1215 
f 1089 1072 2550 
f 1215 2550 1212 
f 2550 1215 1089 
f 1212 2550 2552 
f 2550 1072 2554 
f 2552 2554 2551 
f 2554 2552 2550 
f 1212 2552 1814 
f 2552 2551 2553 
f 1814 2553 1811 
f 2553 1814 2552 
f 2344 2361 2558 
f 2361 2358 2557 
f 2558 2557 2556 
f 2557 2558 2361 
f 1470 1476 2374 
f 1476 1473 2555 
f 2374 2555 2358 
f 2555 2374 1476 
f 1473 2559 2555 
f 2559 2556 2557 
f 2555 2557 2358 
f 2557 2555 2559 
f 2560 2563 2562 
f 2563 1896 2564 
f 2562 2564 1261 
f 2564 2562 2563 
f 1900 2561 1902 
f 2561 2560 2562 
f 1902 2562 1261 
f 2562 1902 2561 
f 1258 1264 1899 
f 1264 1261 2564 
f 1899 2564 1896 
f 2564 1899 1264 
f 2568 2570 2569 
f 2570 1900 1905 
f 2569 1905 1903 
f 1905 2569 2570 
f 2565 2566 2571 
f 2566 1900 2570 
f 2571 2570 2568 
f 2570 2571 2566 
f 2565 2567 2566 
f 2567 2560 2561 
f 2566 2561 1900 
f 2561 2566 2567 
f 2560 2574 2573 
f 2574 2572 2575 
f 2573 2575 1892 
f 2575 2573 2574 
f 1896 2563 1898 
f 2563 2560 2573 
f 1898 2573 1892 
f 2573 1898 2563 
f 2565 2579 2567 
f 2579 2576 2577 
f 2567 2577 2560 
f 2577 2567 2579 
f 2572 2574 2578 
f 2574 2560 2577 
f 2578 2577 2576 
f 2577 2578 2574 
f 1219 2583 1221 
f 2583 1903 1906 
f 1221 1906 1216 
f 1906 1221 2583 
f 2580 2582 2581 
f 2582 2568 2569 
f 2581 2569 1903 
f 2569 2581 2582 
f 1903 2583 2581 
f 2583 1219 2584 
f 2581 2584 2580 
f 2584 2581 2583 
f 2568 2582 2587 
f 2582 2580 2586 
f 2587 2586 2585 
f 2586 2587 2582 
f 893 2590 2589 
f 2590 2565 2571 
f 2589 2571 2568 
f 2571 2589 2590 
f 893 2589 2588 
f 2589 2568 2587 
f 2588 2587 2585 
f 2587 2588 2589 
f 2299 2592 2301 
f 2592 2591 2593 
f 2301 2593 2067 
f 2593 2301 2592 
f 2067 2593 2594 
f 2593 2591 2595 
f 2594 2595 1818 
f 2595 2594 2593 
f 1752 2070 1819 
f 2070 2067 2594 
f 1819 2594 1818 
f 2594 1819 2070 
f 1620 1623 2599 
f 1623 1585 1909 
f 2599 1909 1907 
f 1909 2599 1623 
f 1620 2597 1635 
f 2597 2596 2598 
f 1635 2598 1634 
f 2598 1635 2597 
f 2596 2597 2600 
f 2597 1620 2599 
f 2600 2599 1907 
f 2599 2600 2597 
f 1631 1637 1807 
f 1637 1634 2605 
f 1807 2605 1804 
f 2605 1807 1637 
f 2596 2602 2598 
f 2602 2601 2603 
f 2598 2603 1634 
f 2603 2598 2602 
f 2601 2604 2603 
f 2604 1804 2605 
f 2603 2605 1634 
f 2605 2603 2604 
f 2606 2608 2607 
f 2608 2601 2602 
f 2607 2602 2596 
f 2602 2607 2608 
f 2606 2607 2611 
f 2607 2596 2610 
f 2611 2610 2609 
f 2610 2611 2607 
f 2609 2610 2612 
f 2610 2596 2600 
f 2612 2600 1907 
f 2600 2612 2610 
f 2532 2615 2535 
f 2615 694 938 
f 2535 938 934 
f 938 2535 2615 
f 694 2615 697 
f 2615 2532 2614 
f 697 2614 695 
f 2614 697 2615 
f 2532 2545 2614 
f 2545 2543 2613 
f 2614 2613 695 
f 2613 2614 2545 
f 2546 2617 2548 
f 2617 2616 2618 
f 2548 2618 2543 
f 2618 2548 2617 
f 695 2613 2622 
f 2613 2543 2621 
f 2622 2621 2619 
f 2621 2622 2613 
f 2543 2618 2621 
f 2618 2616 2620 
f 2621 2620 2619 
f 2620 2621 2618 
f 1731 2628 2629 
f 2628 2546 2549 
f 2629 2549 2536 
f 2549 2629 2628 
f 1728 2626 1734 
f 2626 2546 2628 
f 1734 2628 1731 
f 2628 1734 2626 
f 2623 2625 2624 
f 2625 2616 2617 
f 2624 2617 2546 
f 2617 2624 2625 
f 2623 2624 2627 
f 2624 2546 2626 
f 2627 2626 1728 
f 2626 2627 2624 
f 2630 2632 2631 
f 2632 2616 2625 
f 2631 2625 2623 
f 2625 2631 2632 
f 2633 2635 2634 
f 2635 2616 2632 
f 2634 2632 2630 
f 2632 2634 2635 
f 2616 2635 2620 
f 2635 2633 2636 
f 2620 2636 2619 
f 2636 2620 2635 
f 2630 2631 2639 
f 2631 2623 2638 
f 2639 2638 2637 
f 2638 2639 2631 
f 2623 2640 2638 
f 2640 1725 2641 
f 2638 2641 2637 
f 2641 2638 2640 
f 1728 1729 2627 
f 1729 1725 2640 
f 2627 2640 2623 
f 2640 2627 1729 
f 2637 2643 2639 
f 2643 2642 2644 
f 2639 2644 2630 
f 2644 2639 2643 
f 2633 2634 2648 
f 2634 2630 2647 
f 2648 2647 2645 
f 2647 2648 2634 
f 2630 2644 2647 
f 2644 2642 2646 
f 2647 2646 2645 
f 2646 2647 2644 
f 1702 2650 2649 
f 2650 2642 2643 
f 2649 2643 2637 
f 2643 2649 2650 
f 1702 2649 1709 
f 2649 2637 2652 
f 1709 2652 1707 
f 2652 1709 2649 
f 1725 2651 2641 
f 2651 1707 2652 
f 2641 2652 2637 
f 2652 2641 2651 
f 2642 2650 2657 
f 2650 1702 2659 
f 2657 2659 2656 
f 2659 2657 2650 
f 2642 2657 2654 
f 2657 2656 2658 
f 2654 2658 2653 
f 2658 2654 2657 
f 2645 2646 2655 
f 2646 2642 2654 
f 2655 2654 2653 
f 2654 2655 2646 
f 2645 2655 2662 
f 2655 2653 2661 
f 2662 2661 2660 
f 2661 2662 2655 
f 2645 2662 2664 
f 2662 2660 2663 
f 2664 2663 927 
f 2663 2664 2662 
f 2633 2648 2665 
f 2648 2645 2664 
f 2665 2664 927 
f 2664 2665 2648 
f 2653 2671 2661 
f 2671 2669 2672 
f 2661 2672 2660 
f 2672 2661 2671 
f 2669 2671 2670 
f 2671 2653 2668 
f 2670 2668 2666 
f 2668 2670 2671 
f 2656 2667 2658 
f 2667 2666 2668 
f 2658 2668 2653 
f 2668 2658 2667 
f 1702 1704 2659 
f 1704 1701 2676 
f 2659 2676 2656 
f 2676 2659 1704 
f 2656 2676 2674 
f 2676 1701 2677 
f 2674 2677 2673 
f 2677 2674 2676 
f 2656 2674 2667 
f 2674 2673 2675 
f 2667 2675 2666 
f 2675 2667 2674 
f 2666 2680 2683 
f 2680 2678 2682 
f 2683 2682 2681 
f 2682 2683 2680 
f 2666 2683 2670 
f 2683 2681 2684 
f 2670 2684 2669 
f 2684 2670 2683 
f 2666 2675 2680 
f 2675 2673 2679 
f 2680 2679 2678 
f 2679 2680 2675 
f 2678 2679 2687 
f 2679 2673 2686 
f 2687 2686 2685 
f 2686 2687 2679 
f 2673 2677 2690 
f 2677 1701 2689 
f 2690 2689 2688 
f 2689 2690 2677 
f 2688 2691 2690 
f 2691 2685 2686 
f 2690 2686 2673 
f 2686 2690 2691 
f 2695 2697 2696 
f 2697 2692 2693 
f 2696 2693 2678 
f 2693 2696 2697 
f 2681 2682 2694 
f 2682 2678 2693 
f 2694 2693 2692 
f 2693 2694 2682 
f 2678 2687 2696 
f 2687 2685 2698 
f 2696 2698 2695 
f 2698 2696 2687 
f 639 2702 2700 
f 2702 2701 2703 
f 2700 2703 2681 
f 2703 2700 2702 
f 2681 2694 2700 
f 2694 2692 2699 
f 2700 2699 639 
f 2699 2700 2694 
f 2669 2684 2704 
f 2684 2681 2703 
f 2704 2703 2701 
f 2703 2704 2684 
f 2708 2709 2711 
f 2709 2692 2707 
f 2711 2707 2705 
f 2707 2711 2709 
f 2692 2697 2707 
f 2697 2695 2706 
f 2707 2706 2705 
f 2706 2707 2697 
f 2692 2709 2699 
f 2709 2708 2710 
f 2699 2710 639 
f 2710 2699 2709 
f 2685 2713 2698 
f 2713 1735 2712 
f 2698 2712 2695 
f 2712 2698 2713 
f 2206 2716 2715 
f 2716 2705 2706 
f 2715 2706 2695 
f 2706 2715 2716 
f 1735 2714 2712 
f 2714 2206 2715 
f 2712 2715 2695 
f 2715 2712 2714 
f 851 2717 2722 
f 2717 2102 2721 
f 2722 2721 2719 
f 2721 2722 2717 
f 2102 2105 2721 
f 2105 1990 2720 
f 2721 2720 2719 
f 2720 2721 2105 
f 851 2718 2717 
f 2718 2162 2163 
f 2717 2163 2102 
f 2163 2717 2718 
f 2725 2726 2728 
f 2726 2176 2724 
f 2728 2724 621 
f 2724 2728 2726 
f 2182 2723 2184 
f 2723 621 2724 
f 2184 2724 2176 
f 2724 2184 2723 
f 711 2179 2727 
f 2179 2176 2726 
f 2727 2726 2725 
f 2726 2727 2179 
f 2185 2730 2187 
f 2730 2729 2731 
f 2187 2731 2182 
f 2731 2187 2730 
f 621 2723 623 
f 2723 2182 2733 
f 623 2733 618 
f 2733 623 2723 
f 2182 2731 2733 
f 2731 2729 2732 
f 2733 2732 618 
f 2732 2733 2731 
f 2729 2730 2735 
f 2730 2185 2734 
f 2735 2734 1928 
f 2734 2735 2730 
f 2551 2736 2553 
f 2736 2185 2188 
f 2553 2188 1811 
f 2188 2553 2736 
f 2551 2737 2736 
f 2737 1928 2734 
f 2736 2734 2185 
f 2734 2736 2737 
f 2470 2739 2741 
f 2739 2276 2740 
f 2741 2740 1885 
f 2740 2741 2739 
f 1885 1891 2741 
f 1891 1888 2473 
f 2741 2473 2470 
f 2473 2741 1891 
f 2276 2739 2738 
f 2739 2470 2478 
f 2738 2478 2476 
f 2478 2738 2739 
f 2276 2738 2279 
f 2738 2476 2742 
f 2279 2742 2273 
f 2742 2279 2738 
f 2273 2742 2745 
f 2742 2476 2744 
f 2745 2744 803 
f 2744 2745 2742 
f 2479 2743 2481 
f 2743 803 2744 
f 2481 2744 2476 
f 2744 2481 2743 
f 803 2748 2745 
f 2748 2266 2275 
f 2745 2275 2273 
f 2275 2745 2748 
f 2266 2748 2746 
f 2748 803 810 
f 2746 810 808 
f 810 2746 2748 
f 2269 2270 2747 
f 2270 2266 2746 
f 2747 2746 808 
f 2746 2747 2270 
f 2601 2608 2751 
f 2608 2606 2750 
f 2751 2750 2749 
f 2750 2751 2608 
f 2749 2752 2751 
f 2752 2004 2753 
f 2751 2753 2601 
f 2753 2751 2752 
f 2601 2753 2604 
f 2753 2004 2005 
f 2604 2005 1804 
f 2005 2604 2753 
f 1219 2759 2584 
f 2759 1914 2757 
f 2584 2757 2580 
f 2757 2584 2759 
f 2754 2756 2755 
f 2756 2585 2586 
f 2755 2586 2580 
f 2586 2755 2756 
f 1914 2758 2757 
f 2758 2754 2755 
f 2757 2755 2580 
f 2755 2757 2758 
f 2585 2756 2762 
f 2756 2754 2761 
f 2762 2761 2760 
f 2761 2762 2756 
f 893 2588 896 
f 2588 2585 2764 
f 896 2764 894 
f 2764 896 2588 
f 894 2764 2763 
f 2764 2585 2762 
f 2763 2762 2760 
f 2762 2763 2764 
f 2754 2768 2766 
f 2768 1917 2769 
f 2766 2769 2765 
f 2769 2766 2768 
f 1914 1920 2758 
f 1920 1917 2768 
f 2758 2768 2754 
f 2768 2758 1920 
f 2760 2761 2767 
f 2761 2754 2766 
f 2767 2766 2765 
f 2766 2767 2761 
f 2299 2770 2592 
f 2770 894 2772 
f 2592 2772 2591 
f 2772 2592 2770 
f 894 2770 899 
f 2770 2299 2771 
f 899 2771 889 
f 2771 899 2770 
f 2299 2304 2771 
f 2304 2302 2773 
f 2771 2773 889 
f 2773 2771 2304 
f 632 2778 2777 
f 2778 885 2774 
f 2777 2774 2252 
f 2774 2777 2778 
f 632 2777 2776 
f 2777 2252 2258 
f 2776 2258 2255 
f 2258 2776 2777 
f 2252 2774 2260 
f 2774 885 2775 
f 2260 2775 2259 
f 2775 2260 2774 
f 2259 2780 2263 
f 2780 2779 2781 
f 2263 2781 2262 
f 2781 2263 2780 
f 2779 2780 2783 
f 2780 2259 2782 
f 2783 2782 882 
f 2782 2783 2780 
f 885 886 2775 
f 886 882 2782 
f 2775 2782 2259 
f 2782 2775 886 
f 2779 2785 2781 
f 2785 2784 2786 
f 2781 2786 2262 
f 2786 2781 2785 
f 1756 2789 2788 
f 2789 1825 2265 
f 2788 2265 2262 
f 2265 2788 2789 
f 1756 2788 2787 
f 2788 2262 2786 
f 2787 2786 2784 
f 2786 2787 2788 
f 2779 2791 2785 
f 2791 2790 2792 
f 2785 2792 2784 
f 2792 2785 2791 
f 882 2795 2783 
f 2795 646 2793 
f 2783 2793 2779 
f 2793 2783 2795 
f 646 2794 2793 
f 2794 2790 2791 
f 2793 2791 2779 
f 2791 2793 2794 
f 2784 2798 2800 
f 2798 2796 2799 
f 2800 2799 1759 
f 2799 2800 2798 
f 2784 2800 2787 
f 2800 1759 1760 
f 2787 1760 1756 
f 1760 2787 2800 
f 2784 2792 2798 
f 2792 2790 2797 
f 2798 2797 2796 
f 2797 2798 2792 
f 2790 2802 2797 
f 2802 2801 2803 
f 2797 2803 2796 
f 2803 2797 2802 
f 646 2807 2794 
f 2807 2804 2805 
f 2794 2805 2790 
f 2805 2794 2807 
f 2804 2806 2805 
f 2806 2801 2802 
f 2805 2802 2790 
f 2802 2805 2806 
f 2796 2813 2799 
f 2813 2811 2814 
f 2799 2814 1759 
f 2814 2799 2813 
f 2808 2812 2810 
f 2812 2811 2813 
f 2810 2813 2796 
f 2813 2810 2812 
f 2808 2810 2809 
f 2810 2796 2803 
f 2809 2803 2801 
f 2803 2809 2810 
f 2818 2820 2819 
f 2820 2815 2816 
f 2819 2816 2801 
f 2816 2819 2820 
f 2815 2817 2816 
f 2817 2808 2809 
f 2816 2809 2801 
f 2809 2816 2817 
f 2804 2821 2806 
f 2821 2818 2819 
f 2806 2819 2801 
f 2819 2806 2821 
f 678 2825 2824 
f 2825 955 2822 
f 2824 2822 2337 
f 2822 2824 2825 
f 2328 2826 2340 
f 2826 678 2824 
f 2340 2824 2337 
f 2824 2340 2826 
f 2351 2354 2823 
f 2354 2337 2822 
f 2823 2822 955 
f 2822 2823 2354 
f 2827 2829 2828 
f 2829 2808 2817 
f 2828 2817 2815 
f 2817 2828 2829 
f 2811 2812 2831 
f 2812 2808 2830 
f 2831 2830 1107 
f 2830 2831 2812 
f 2808 2829 2830 
f 2829 2827 2832 
f 2830 2832 1107 
f 2832 2830 2829 
f 2827 2828 2839 
f 2828 2815 2838 
f 2839 2838 2836 
f 2838 2839 2828 
f 2833 2837 2835 
f 2837 2836 2838 
f 2835 2838 2815 
f 2838 2835 2837 
f 2818 2834 2820 
f 2834 2833 2835 
f 2820 2835 2815 
f 2835 2820 2834 
f 834 2840 2845 
f 2840 2818 2844 
f 2845 2844 2842 
f 2844 2845 2840 
f 2842 2844 2843 
f 2844 2818 2821 
f 2843 2821 2804 
f 2821 2843 2844 
f 2833 2834 2841 
f 2834 2818 2840 
f 2841 2840 834 
f 2840 2841 2834 
f 2836 2837 2848 
f 2837 2833 2847 
f 2848 2847 2846 
f 2847 2848 2837 
f 835 2850 2849 
f 2850 2846 2847 
f 2849 2847 2833 
f 2847 2849 2850 
f 2833 2841 2849 
f 2841 834 838 
f 2849 838 835 
f 838 2849 2841 
f 2749 2750 2852 
f 2750 2606 2851 
f 2852 2851 907 
f 2851 2852 2750 
f 2609 2853 2611 
f 2853 914 2854 
f 2611 2854 2606 
f 2854 2611 2853 
f 914 919 2854 
f 919 907 2851 
f 2854 2851 2606 
f 2851 2854 919 
f 2004 2752 2857 
f 2752 2749 2856 
f 2857 2856 2855 
f 2856 2857 2752 
f 910 2859 2858 
f 2859 2855 2856 
f 2858 2856 2749 
f 2856 2858 2859 
f 907 912 2852 
f 912 910 2858 
f 2852 2858 2749 
f 2858 2852 912 
f 2609 2863 2861 
f 2863 1910 2864 
f 2861 2864 2860 
f 2864 2861 2863 
f 1910 2863 1912 
f 2863 2609 2612 
f 1912 2612 1907 
f 2612 1912 2863 
f 914 2853 2862 
f 2853 2609 2861 
f 2862 2861 2860 
f 2861 2862 2853 
f 971 998 2868 
f 998 995 2867 
f 2868 2867 869 
f 2867 2868 998 
f 995 2866 2867 
f 2866 868 872 
f 2867 872 869 
f 872 2867 2866 
f 995 1012 2866 
f 1012 1009 2865 
f 2866 2865 868 
f 2865 2866 1012 
f 2729 2735 2872 
f 2735 1928 1934 
f 2872 1934 1931 
f 1934 2872 2735 
f 2729 2872 2870 
f 2872 1931 2873 
f 2870 2873 2869 
f 2873 2870 2872 
f 2729 2870 2732 
f 2870 2869 2871 
f 2732 2871 618 
f 2871 2732 2870 
f 695 2622 701 
f 2622 2619 2876 
f 701 2876 700 
f 2876 701 2622 
f 930 2877 2875 
f 2877 700 2876 
f 2875 2876 2619 
f 2876 2875 2877 
f 930 2875 2874 
f 2875 2619 2636 
f 2874 2636 2633 
f 2636 2874 2875 
f 1969 1972 2880 
f 1972 1763 1955 
f 2880 1955 1952 
f 1955 2880 1972 
f 1969 2878 2190 
f 2878 2289 2879 
f 2190 2879 2189 
f 2879 2190 2878 
f 1969 2880 2878 
f 2880 1952 2291 
f 2878 2291 2289 
f 2291 2878 2880 
f 2192 2193 2882 
f 2193 2189 2881 
f 2882 2881 735 
f 2881 2882 2193 
f 793 2884 2883 
f 2884 735 2881 
f 2883 2881 2189 
f 2881 2883 2884 
f 793 2883 2885 
f 2883 2189 2879 
f 2885 2879 2289 
f 2879 2885 2883 
f 2432 2886 2449 
f 2886 668 2887 
f 2449 2887 2446 
f 2887 2449 2886 
f 673 676 2889 
f 676 668 2886 
f 2889 2886 2432 
f 2886 2889 676 
f 673 2889 2888 
f 2889 2432 2435 
f 2888 2435 2418 
f 2435 2888 2889 
f 660 2891 2890 
f 2891 2408 2413 
f 2890 2413 2411 
f 2413 2890 2891 
f 660 924 2891 
f 924 921 2892 
f 2891 2892 2408 
f 2892 2891 924 
f 2408 2892 2421 
f 2892 921 2893 
f 2421 2893 2418 
f 2893 2421 2892 
f 1648 1649 2895 
f 1649 1645 2894 
f 2895 2894 2074 
f 2894 2895 1649 
f 2074 2160 2895 
f 2160 2158 2313 
f 2895 2313 1648 
f 2313 2895 2160 
f 1676 2077 1679 
f 2077 2074 2894 
f 1679 2894 1645 
f 2894 1679 2077 
f 2439 2899 2442 
f 2899 1687 2900 
f 2442 2900 2425 
f 2900 2442 2899 
f 2453 2898 2456 
f 2898 1275 2896 
f 2456 2896 2439 
f 2896 2456 2898 
f 2439 2896 2897 
f 2896 1275 1278 
f 2897 1278 1272 
f 1278 2897 2896 
f 1687 2899 1689 
f 2899 2439 2897 
f 1689 2897 1272 
f 2897 1689 2899 
f 2276 2901 2740 
f 2901 1233 1887 
f 2740 1887 1885 
f 1887 2740 2901 
f 1860 2902 2278 
f 2902 1233 2901 
f 2278 2901 2276 
f 2901 2278 2902 
f 1195 1236 1863 
f 1236 1233 2902 
f 1863 2902 1860 
f 2902 1863 1236 
f 903 2905 2906 
f 2905 2196 2202 
f 2906 2202 2199 
f 2202 2906 2905 
f 900 2903 904 
f 2903 2196 2905 
f 904 2905 903 
f 2905 904 2903 
f 2203 2204 2904 
f 2204 2196 2903 
f 2904 2903 900 
f 2903 2904 2204 
f 851 854 2718 
f 854 848 2910 
f 2718 2910 2162 
f 2910 2718 854 
f 2907 2909 2908 
f 2909 2165 2166 
f 2908 2166 2162 
f 2166 2908 2909 
f 848 2911 2910 
f 2911 2907 2908 
f 2910 2908 2162 
f 2908 2910 2911 
f 1436 1483 2914 
f 1483 1480 2912 
f 2914 2912 2488 
f 2912 2914 1483 
f 1439 1442 2492 
f 1442 1436 2914 
f 2492 2914 2488 
f 2914 2492 1442 
f 1480 2913 2912 
f 2913 2497 2500 
f 2912 2500 2488 
f 2500 2912 2913 
f 1938 2916 2915 
f 2916 2011 2153 
f 2915 2153 2151 
f 2153 2915 2916 
f 1697 2917 1941 
f 2917 2011 2916 
f 1941 2916 1938 
f 2916 1941 2917 
f 1697 1700 2917 
f 1700 1669 2014 
f 2917 2014 2011 
f 2014 2917 1700 
f 2144 2145 2922 
f 2145 1938 2915 
f 2922 2915 2151 
f 2915 2922 2145 
f 2151 2154 2920 
f 2154 2148 2919 
f 2920 2919 2918 
f 2919 2920 2154 
f 2918 2921 2920 
f 2921 2144 2922 
f 2920 2922 2151 
f 2922 2920 2921 
f 2269 2923 2272 
f 2923 635 2924 
f 2272 2924 2255 
f 2924 2272 2923 
f 502 2925 812 
f 2925 2269 2747 
f 812 2747 808 
f 2747 812 2925 
f 502 512 2925 
f 512 508 2926 
f 2925 2926 2269 
f 2926 2925 512 
f 2269 2926 2923 
f 2926 508 637 
f 2923 637 635 
f 637 2923 2926 
f 2081 2928 2927 
f 2928 2155 2168 
f 2927 2168 2165 
f 2168 2927 2928 
f 2155 2929 2161 
f 2929 1881 2314 
f 2161 2314 2158 
f 2314 2161 2929 
f 2155 2928 2929 
f 2928 2081 2084 
f 2929 2084 1881 
f 2084 2929 2928 
f 2460 2931 2932 
f 2931 667 968 
f 2932 968 966 
f 968 2932 2931 
f 966 2933 2932 
f 2933 2479 2482 
f 2932 2482 2460 
f 2482 2932 2933 
f 2460 2463 2931 
f 2463 2446 2930 
f 2931 2930 667 
f 2930 2931 2463 
f 660 2890 664 
f 2890 2411 2934 
f 664 2934 663 
f 2934 664 2890 
f 2464 2936 2935 
f 2936 663 2934 
f 2935 2934 2411 
f 2934 2935 2936 
f 2411 2414 2935 
f 2414 2378 2466 
f 2935 2466 2464 
f 2466 2935 2414 
f 2227 2937 2229 
f 2937 987 2938 
f 2229 2938 2224 
f 2938 2229 2937 
f 2224 2939 2305 
f 2939 841 2941 
f 2305 2941 2302 
f 2941 2305 2939 
f 2224 2940 2939 
f 2940 844 847 
f 2939 847 841 
f 847 2939 2940 
f 987 990 2938 
f 990 844 2940 
f 2938 2940 2224 
f 2940 2938 990 
f 2227 2944 2937 
f 2944 46 989 
f 2937 989 987 
f 989 2937 2944 
f 2046 2942 2230 
f 2942 714 2943 
f 2230 2943 2227 
f 2943 2230 2942 
f 714 717 2943 
f 717 46 2944 
f 2943 2944 2227 
f 2944 2943 717 
f 2283 2945 2286 
f 2945 875 2946 
f 2286 2946 2280 
f 2946 2286 2945 
f 2280 2946 2947 
f 2946 875 2948 
f 2947 2948 799 
f 2948 2947 2946 
f 799 802 2947 
f 802 794 2287 
f 2947 2287 2280 
f 2287 2947 802 
f 2206 2207 2716 
f 2207 2203 2951 
f 2716 2951 2705 
f 2951 2716 2207 
f 2203 2904 2949 
f 2904 900 2950 
f 2949 2950 2708 
f 2950 2949 2904 
f 2708 2711 2949 
f 2711 2705 2951 
f 2949 2951 2203 
f 2951 2949 2711 
f 2811 2831 2952 
f 2831 1107 1110 
f 2952 1110 1104 
f 1110 2952 2831 
f 2811 2952 2953 
f 2952 1104 1138 
f 2953 1138 1135 
f 1138 2953 2952 
f 2811 2953 2814 
f 2953 1135 1762 
f 2814 1762 1759 
f 1762 2814 2953 
f 2846 2954 2848 
f 2954 1959 2955 
f 2848 2955 2836 
f 2955 2848 2954 
f 2836 2955 2956 
f 2955 1959 1964 
f 2956 1964 1962 
f 1964 2956 2955 
f 2836 2956 2839 
f 2956 1962 2957 
f 2839 2957 2827 
f 2957 2839 2956 
f 2958 2960 2959 
f 2960 1959 2954 
f 2959 2954 2846 
f 2954 2959 2960 
f 835 2963 2850 
f 2963 728 2961 
f 2850 2961 2846 
f 2961 2850 2963 
f 728 2962 2961 
f 2962 2958 2959 
f 2961 2959 2846 
f 2959 2961 2962 
f 816 819 2967 
f 819 813 2964 
f 2967 2964 2660 
f 2964 2967 819 
f 2660 2964 2663 
f 2964 813 2965 
f 2663 2965 927 
f 2965 2663 2964 
f 816 2967 2966 
f 2967 2660 2672 
f 2966 2672 2669 
f 2672 2966 2967 
f 738 2970 2968 
f 2970 2719 2969 
f 2968 2969 2192 
f 2969 2968 2970 
f 2192 2969 2195 
f 2969 2719 2720 
f 2195 2720 1990 
f 2720 2195 2969 
f 735 740 2882 
f 740 738 2968 
f 2882 2968 2192 
f 2968 2882 740 
f 1725 1727 2651 
f 1727 1501 2971 
f 2651 2971 1707 
f 2971 2651 1727 
f 2210 2973 2216 
f 2973 689 2972 
f 2216 2972 2213 
f 2972 2216 2973 
f 2213 2972 2975 
f 2972 689 2974 
f 2975 2974 951 
f 2974 2975 2972 
f 951 952 2975 
f 952 948 2306 
f 2975 2306 2213 
f 2306 2975 952 
f 2591 2772 2978 
f 2772 894 2763 
f 2978 2763 2760 
f 2763 2978 2772 
f 2760 2977 2978 
f 2977 1818 2595 
f 2978 2595 2591 
f 2595 2978 2977 
f 2760 2767 2977 
f 2767 2765 2976 
f 2977 2976 1818 
f 2976 2977 2767 
f 244 254 2979 
f 254 250 737 
f 2979 737 735 
f 737 2979 254 
f 244 2979 798 
f 2979 735 2884 
f 798 2884 793 
f 2884 798 2979 
f 2708 2981 2710 
f 2981 642 643 
f 2710 643 639 
f 643 2710 2981 
f 639 641 2702 
f 641 316 2980 
f 2702 2980 2701 
f 2980 2702 641 
f 316 326 2980 
f 326 322 2982 
f 2980 2982 2701 
f 2982 2980 326 
f 2701 2982 2983 
f 2982 322 818 
f 2983 818 816 
f 818 2983 2982 
f 2701 2983 2704 
f 2983 816 2966 
f 2704 2966 2669 
f 2966 2704 2983 
f 2397 2984 2399 
f 2984 1310 1469 
f 2399 1469 1467 
f 1469 2399 2984 
f 2397 2987 2985 
f 2987 1690 1691 
f 2985 1691 1296 
f 1691 2985 2987 
f 2397 2985 2984 
f 2985 1296 1313 
f 2984 1313 1310 
f 1313 2984 2985 
f 2394 2986 2400 
f 2986 1690 2987 
f 2400 2987 2397 
f 2987 2400 2986 
f 689 2973 691 
f 2973 2210 2506 
f 691 2506 684 
f 2506 691 2973 
f 793 2885 796 
f 2885 2289 2292 
f 796 2292 794 
f 2292 796 2885 
f 66 713 2988 
f 713 711 2727 
f 2988 2727 2725 
f 2727 2988 713 
f 714 2942 716 
f 2942 2046 2181 
f 716 2181 711 
f 2181 716 2942 
f 76 2989 624 
f 2989 2725 2728 
f 624 2728 621 
f 2728 624 2989 
f 66 2988 80 
f 2988 2725 2989 
f 80 2989 76 
f 2989 80 2988 
f 646 651 2807 
f 651 649 2990 
f 2807 2990 2804 
f 2990 2807 651 
f 532 648 884 
f 648 646 2795 
f 884 2795 882 
f 2795 884 648 
f 2869 2991 2871 
f 2991 775 2992 
f 2871 2992 618 
f 2992 2871 2991 
f 96 620 776 
f 620 618 2992 
f 776 2992 775 
f 2992 776 620 
f 2869 2993 2991 
f 2993 772 778 
f 2991 778 775 
f 778 2991 2993 
f 2869 2994 2993 
f 2994 2516 2519 
f 2993 2519 772 
f 2519 2993 2994 
f 2516 2994 2995 
f 2994 2869 2873 
f 2995 2873 1931 
f 2873 2995 2994 
f 813 814 2965 
f 814 334 929 
f 2965 929 927 
f 929 2965 814 
f 2633 2665 2874 
f 2665 927 932 
f 2874 932 930 
f 932 2874 2665 
f 764 2996 898 
f 2996 2565 2590 
f 898 2590 893 
f 2590 898 2996 
f 914 2862 917 
f 2862 2860 2997 
f 917 2997 915 
f 2997 917 2862 
f 2860 3001 2999 
f 3001 1983 3002 
f 2999 3002 2998 
f 3002 2999 3001 
f 1910 3003 2864 
f 3003 1983 3001 
f 2864 3001 2860 
f 3001 2864 3003 
f 915 2997 3000 
f 2997 2860 2999 
f 3000 2999 2998 
f 2999 3000 2997 
f 915 3006 920 
f 3006 3004 3007 
f 920 3007 768 
f 3007 920 3006 
f 3004 3006 3005 
f 3006 915 3000 
f 3005 3000 2998 
f 3000 3005 3006 
f 2998 3002 3010 
f 3002 1983 1986 
f 3010 1986 1980 
f 1986 3010 3002 
f 1742 3008 3011 
f 3008 2998 3010 
f 3011 3010 1980 
f 3010 3011 3008 
f 3004 3005 3009 
f 3005 2998 3008 
f 3009 3008 1742 
f 3008 3009 3005 
f 3012 3014 3013 
f 3014 3004 3009 
f 3013 3009 1742 
f 3009 3013 3014 
f 3015 3017 3016 
f 3017 3004 3014 
f 3016 3014 3012 
f 3014 3016 3017 
f 768 3007 3018 
f 3007 3004 3017 
f 3018 3017 3015 
f 3017 3018 3007 
f 1742 3011 1747 
f 3011 1980 1981 
f 1747 1981 1529 
f 1981 1747 3011 
f 3012 3013 3019 
f 3013 1742 1746 
f 3019 1746 1743 
f 1746 3019 3013 
f 3015 3016 3022 
f 3016 3012 3021 
f 3022 3021 3020 
f 3021 3022 3016 
f 3023 3025 3024 
f 3025 3020 3021 
f 3024 3021 3012 
f 3021 3024 3025 
f 3012 3019 3024 
f 3019 1743 3026 
f 3024 3026 3023 
f 3026 3024 3019 
f 3015 3022 3029 
f 3022 3020 3028 
f 3029 3028 3027 
f 3028 3029 3022 
f 3015 3029 3030 
f 3029 3027 3031 
f 3030 3031 757 
f 3031 3030 3029 
f 757 771 3030 
f 771 768 3018 
f 3030 3018 3015 
f 3018 3030 771 
f 3032 3034 3033 
f 3034 3020 3025 
f 3033 3025 3023 
f 3025 3033 3034 
f 3020 3034 3037 
f 3034 3032 3036 
f 3037 3036 3035 
f 3036 3037 3034 
f 3020 3037 3028 
f 3037 3035 3038 
f 3028 3038 3027 
f 3038 3028 3037 
f 3023 3040 3033 
f 3040 3039 3041 
f 3033 3041 3032 
f 3041 3033 3040 
f 1743 3045 3026 
f 3045 3042 3043 
f 3026 3043 3023 
f 3043 3026 3045 
f 3023 3043 3040 
f 3043 3042 3044 
f 3040 3044 3039 
f 3044 3040 3043 
f 3035 3036 3048 
f 3036 3032 3047 
f 3048 3047 3046 
f 3047 3048 3036 
f 3032 3041 3050 
f 3041 3039 3052 
f 3050 3052 3049 
f 3052 3050 3041 
f 3046 3047 3051 
f 3047 3032 3050 
f 3051 3050 3049 
f 3050 3051 3047 
f 3027 3038 3059 
f 3038 3035 3058 
f 3059 3058 3056 
f 3058 3059 3038 
f 3035 3055 3058 
f 3055 3053 3057 
f 3058 3057 3056 
f 3057 3058 3055 
f 3053 3055 3054 
f 3055 3035 3048 
f 3054 3048 3046 
f 3048 3054 3055 
f 3060 3062 3061 
f 3062 3053 3054 
f 3061 3054 3046 
f 3054 3061 3062 
f 3060 3061 3065 
f 3061 3046 3064 
f 3065 3064 3063 
f 3064 3065 3061 
f 3063 3064 3066 
f 3064 3046 3051 
f 3066 3051 3049 
f 3051 3066 3064 
f 3070 3072 3071 
f 3072 3053 3069 
f 3071 3069 3067 
f 3069 3071 3072 
f 3053 3072 3057 
f 3072 3070 3073 
f 3057 3073 3056 
f 3073 3057 3072 
f 3067 3069 3068 
f 3069 3053 3062 
f 3068 3062 3060 
f 3062 3068 3069 
f 3074 3076 3075 
f 3076 3067 3068 
f 3075 3068 3060 
f 3068 3075 3076 
f 3060 3078 3075 
f 3078 3077 3079 
f 3075 3079 3074 
f 3079 3075 3078 
f 3077 3078 3080 
f 3078 3060 3065 
f 3080 3065 3063 
f 3065 3080 3078 
f 3074 3082 3076 
f 3082 3081 3083 
f 3076 3083 3067 
f 3083 3076 3082 
f 3081 3085 3083 
f 3085 3084 3086 
f 3083 3086 3067 
f 3086 3083 3085 
f 3084 3087 3086 
f 3087 3070 3071 
f 3086 3071 3067 
f 3071 3086 3087 
f 3081 3082 3090 
f 3082 3074 3089 
f 3090 3089 3088 
f 3089 3090 3082 
f 3074 3091 3089 
f 3091 1680 3092 
f 3089 3092 3088 
f 3092 3089 3091 
f 1680 3091 3093 
f 3091 3074 3079 
f 3093 3079 3077 
f 3079 3093 3091 
f 3097 3098 3100 
f 3098 3081 3090 
f 3100 3090 3088 
f 3090 3100 3098 
f 3094 3096 3095 
f 3096 3084 3085 
f 3095 3085 3081 
f 3085 3095 3096 
f 3094 3095 3099 
f 3095 3081 3098 
f 3099 3098 3097 
f 3098 3099 3095 
f 3101 3102 3105 
f 3102 3063 3104 
f 3105 3104 1425 
f 3104 3105 3102 
f 3049 3106 3066 
f 3106 1425 3104 
f 3066 3104 3063 
f 3104 3066 3106 
f 3101 3103 3102 
f 3103 3077 3080 
f 3102 3080 3063 
f 3080 3102 3103 
f 3094 3108 3096 
f 3108 3107 3109 
f 3096 3109 3084 
f 3109 3096 3108 
f 3084 3109 3111 
f 3109 3107 3110 
f 3111 3110 191 
f 3110 3111 3109 
f 3084 3111 3087 
f 3111 191 3112 
f 3087 3112 3070 
f 3112 3087 3111 
f 3094 3099 3117 
f 3099 3097 3119 
f 3117 3119 3116 
f 3119 3117 3099 
f 3113 3114 3118 
f 3114 3094 3117 
f 3118 3117 3116 
f 3117 3118 3114 
f 3113 3115 3114 
f 3115 3107 3108 
f 3114 3108 3094 
f 3108 3114 3115 
f 1348 3122 3124 
f 3122 3088 3092 
f 3124 3092 1680 
f 3092 3124 3122 
f 1348 3123 3122 
f 3123 1782 3120 
f 3122 3120 3088 
f 3120 3122 3123 
f 3097 3100 3121 
f 3100 3088 3120 
f 3121 3120 1782 
f 3120 3121 3100 
f 3039 3126 3127 
f 3126 1454 1456 
f 3127 1456 1453 
f 1456 3127 3126 
f 3049 3052 3128 
f 3052 3039 3127 
f 3128 3127 1453 
f 3127 3128 3052 
f 3039 3044 3126 
f 3044 3042 3125 
f 3126 3125 1454 
f 3125 3126 3044 
f 1454 3125 1459 
f 3125 3042 3130 
f 1459 3130 1450 
f 3130 1459 3125 
f 1494 1497 3129 
f 1497 1450 3130 
f 3129 3130 3042 
f 3130 3129 1497 
f 3042 3045 3129 
f 3045 1743 1748 
f 3129 1748 1494 
f 1748 3129 3045 
f 760 3132 3131 
f 3132 3027 3059 
f 3131 3059 3056 
f 3059 3131 3132 
f 3070 3134 3073 
f 3134 3133 3135 
f 3073 3135 3056 
f 3135 3073 3134 
f 3133 3136 3135 
f 3136 760 3131 
f 3135 3131 3056 
f 3131 3135 3136 
f 3107 3115 3138 
f 3115 3113 3137 
f 3138 3137 749 
f 3137 3138 3115 
f 3107 3139 3110 
f 3139 187 194 
f 3110 194 191 
f 194 3110 3139 
f 749 752 3138 
f 752 187 3139 
f 3138 3139 3107 
f 3139 3138 752 
f 3140 3142 3141 
f 3142 3113 3118 
f 3141 3118 3116 
f 3118 3141 3142 
f 746 3144 3143 
f 3144 3113 3142 
f 3143 3142 3140 
f 3142 3143 3144 
f 746 751 3144 
f 751 749 3137 
f 3144 3137 3113 
f 3137 3144 751 
f 3116 3119 3148 
f 3119 3097 3150 
f 3148 3150 1777 
f 3150 3148 3119 
f 3116 3148 3146 
f 3148 1777 3149 
f 3146 3149 3145 
f 3149 3146 3148 
f 3140 3141 3147 
f 3141 3116 3146 
f 3147 3146 3145 
f 3146 3147 3141 
f 3140 3147 3152 
f 3147 3145 3151 
f 3152 3151 2572 
f 3151 3152 3147 
f 3140 3152 3154 
f 3152 2572 3156 
f 3154 3156 3153 
f 3156 3154 3152 
f 746 3143 3155 
f 3143 3140 3154 
f 3155 3154 3153 
f 3154 3155 3143 
f 3145 3158 3151 
f 3158 1892 2575 
f 3151 2575 2572 
f 2575 3151 3158 
f 1892 3158 1895 
f 3158 3145 3157 
f 1895 3157 1778 
f 3157 1895 3158 
f 1778 3157 1781 
f 3157 3145 3149 
f 1781 3149 1777 
f 3149 1781 3157 
f 1917 3159 2769 
f 3159 1815 3160 
f 2769 3160 2765 
f 3160 2769 3159 
f 1815 1821 3160 
f 1821 1818 2976 
f 3160 2976 2765 
f 2976 3160 1821 
f 642 2981 3161 
f 2981 2708 2950 
f 3161 2950 900 
f 2950 3161 2981 
f 1777 3150 1783 
f 3150 3097 3121 
f 1783 3121 1782 
f 3121 1783 3150 
f 642 3161 645 
f 3161 900 902 
f 645 902 304 
f 902 645 3161 
f 1701 1706 2689 
f 1706 1550 3162 
f 2689 3162 2688 
f 3162 2689 1706 
f 2688 3162 3165 
f 3162 1550 1567 
f 3165 1567 1564 
f 1567 3165 3162 
f 1738 3164 3163 
f 3164 2685 2691 
f 3163 2691 2688 
f 2691 3163 3164 
f 1564 1741 3165 
f 1741 1738 3163 
f 3165 3163 2688 
f 3163 3165 1741 
f 718 723 2249 
f 723 62 3166 
f 2249 3166 625 
f 3166 2249 723 
f 2148 2251 3167 
f 2251 625 630 
f 3167 630 628 
f 630 3167 2251 
f 72 627 79 
f 627 625 3166 
f 79 3166 62 
f 3166 79 627 
f 3133 3168 3136 
f 3168 175 762 
f 3136 762 760 
f 762 3136 3168 
f 175 3168 192 
f 3168 3133 3169 
f 192 3169 191 
f 3169 192 3168 
f 1515 1710 1518 
f 1710 1707 2971 
f 1518 2971 1501 
f 2971 1518 1710 
f 3070 3112 3134 
f 3112 191 3169 
f 3134 3169 3133 
f 3169 3134 3112 
f 746 3155 767 
f 3155 3153 3170 
f 767 3170 764 
f 3170 767 3155 
f 2576 3171 2578 
f 3171 3153 3156 
f 2578 3156 2572 
f 3156 2578 3171 
f 3153 3172 3170 
f 3172 2565 2996 
f 3170 2996 764 
f 2996 3170 3172 
f 2576 2579 3171 
f 2579 2565 3172 
f 3171 3172 3153 
f 3172 3171 2579 
f 951 2974 954 
f 2974 689 693 
f 954 693 382 
f 693 954 2974 
f 1275 3173 1277 
f 3173 1888 1890 
f 1277 1890 1240 
f 1890 1277 3173 
f 1275 2898 3173 
f 2898 2453 2475 
f 3173 2475 1888 
f 2475 3173 2898 
f 667 2930 670 
f 2930 2446 2887 
f 670 2887 668 
f 2887 670 2930 
f 1825 2789 1828 
f 2789 1756 1757 
f 1828 1757 1163 
f 1757 1828 2789 
f 1519 1520 2320 
f 1520 1383 1835 
f 2320 1835 1832 
f 1835 2320 1520 
f 976 3174 978 
f 3174 827 828 
f 978 828 146 
f 828 978 3174 
f 976 980 3176 
f 980 214 3175 
f 3176 3175 878 
f 3175 3176 980 
f 878 3178 3176 
f 3178 2293 3177 
f 3176 3177 976 
f 3177 3176 3178 
f 2293 2298 3177 
f 2298 827 3174 
f 3177 3174 976 
f 3174 3177 2298 
f 220 880 224 
f 880 878 3175 
f 224 3175 214 
f 3175 224 880 
f 1002 1005 3179 
f 1005 122 129 
f 3179 129 112 
f 129 3179 1005 
f 112 774 3179 
f 774 772 2514 
f 3179 2514 1002 
f 2514 3179 774 
f 1592 1877 1736 
f 1877 1874 3180 
f 1736 3180 1735 
f 3180 1736 1877 
f 1735 3180 2714 
f 3180 1874 2209 
f 2714 2209 2206 
f 2209 2714 3180 
f 1738 1739 3164 
f 1739 1735 2713 
f 3164 2713 2685 
f 2713 3164 1739 
f 2842 2843 3181 
f 2843 2804 2990 
f 3181 2990 649 
f 2990 3181 2843 
f 649 652 3181 
f 652 544 3183 
f 3181 3183 2842 
f 3183 3181 652 
f 834 2845 839 
f 2845 2842 3182 
f 839 3182 550 
f 3182 839 2845 
f 544 554 3183 
f 554 550 3182 
f 3183 3182 2842 
f 3182 3183 554 
f 2255 2924 2776 
f 2924 635 638 
f 2776 638 632 
f 638 2776 2924 
f 2053 2309 2124 
f 2309 704 3184 
f 2124 3184 2123 
f 3184 2124 2309 
f 2120 2126 3186 
f 2126 2123 3185 
f 3186 3185 944 
f 3185 3186 2126 
f 707 3187 709 
f 3187 2123 3184 
f 709 3184 704 
f 3184 709 3187 
f 707 3188 3187 
f 3188 944 3185 
f 3187 3185 2123 
f 3185 3187 3188 
f 955 959 2823 
f 959 956 2467 
f 2823 2467 2351 
f 2467 2823 959 
f 430 960 683 
f 960 955 2825 
f 683 2825 678 
f 2825 683 960 
f 673 2888 926 
f 2888 2418 2893 
f 926 2893 921 
f 2893 926 2888 
f 2120 3186 2331 
f 3186 944 945 
f 2331 945 940 
f 945 2331 3186 
f 2328 2333 3189 
f 2333 940 943 
f 3189 943 677 
f 943 3189 2333 
f 678 2826 681 
f 2826 2328 3189 
f 681 3189 677 
f 3189 681 2826 
f 707 710 3188 
f 710 406 947 
f 3188 947 944 
f 947 3188 710 
f 804 3190 970 
f 3190 2479 2933 
f 970 2933 966 
f 2933 970 3190 
f 804 806 3190 
f 806 803 2743 
f 3190 2743 2479 
f 2743 3190 806 
f 878 881 3191 
f 881 875 2945 
f 3191 2945 2283 
f 2945 3191 881 
f 878 3191 3178 
f 3191 2283 2295 
f 3178 2295 2293 
f 2295 3178 3191 
f 653 3192 659 
f 3192 2199 2521 
f 659 2521 656 
f 2521 659 3192 
f 2199 3192 2906 
f 3192 653 3193 
f 2906 3193 903 
f 3193 2906 3192 
f 1065 1958 2016 
f 1958 1956 3194 
f 2016 3194 2015 
f 3194 2016 1958 
f 3195 3197 3196 
f 3197 2018 2019 
f 3196 2019 2015 
f 2019 3196 3197 
f 3195 3196 3199 
f 3196 2015 3198 
f 3199 3198 2958 
f 3198 3199 3196 
f 2958 3198 3200 
f 3198 2015 3194 
f 3200 3194 1956 
f 3194 3200 3198 
f 2169 2170 3205 
f 2170 1037 2021 
f 3205 2021 2018 
f 2021 3205 2170 
f 2018 3203 3205 
f 3203 3201 3204 
f 3205 3204 2169 
f 3204 3205 3203 
f 3195 3202 3197 
f 3202 3201 3203 
f 3197 3203 2018 
f 3203 3197 3202 
f 3195 3199 3208 
f 3199 2958 3210 
f 3208 3210 731 
f 3210 3208 3199 
f 584 3206 3209 
f 3206 3195 3208 
f 3209 3208 731 
f 3208 3209 3206 
f 3195 3206 3202 
f 3206 584 3207 
f 3202 3207 3201 
f 3207 3202 3206 
f 786 3214 3213 
f 3214 2169 3204 
f 3213 3204 3201 
f 3204 3213 3214 
f 3201 3212 3213 
f 3212 789 790 
f 3213 790 786 
f 790 3213 3212 
f 3201 3207 3212 
f 3207 584 3211 
f 3212 3211 789 
f 3211 3212 3207 
f 580 792 586 
f 792 789 3211 
f 586 3211 584 
f 3211 586 792 
f 574 587 734 
f 587 584 3209 
f 734 3209 731 
f 3209 734 587 
f 1959 2960 1961 
f 2960 2958 3200 
f 1961 3200 1956 
f 3200 1961 2960 
f 731 3210 733 
f 3210 2958 2962 
f 733 2962 728 
f 2962 733 3210 
f 786 3215 3214 
f 3215 2172 2173 
f 3214 2173 2169 
f 2173 3214 3215 
f 786 3218 3215 
f 3218 865 3217 
f 3215 3217 2172 
f 3217 3215 3218 
f 2172 3217 3216 
f 3217 865 873 
f 3216 873 868 
f 873 3216 3217 
f 2172 3216 2175 
f 3216 868 2865 
f 2175 2865 1009 
f 2865 2175 3216 
f 728 2963 730 
f 2963 835 840 
f 730 840 562 
f 840 730 2963 
f 2556 3221 3220 
f 3221 1338 1358 
f 3220 1358 1355 
f 1358 3220 3221 
f 2556 3220 3219 
f 3220 1355 1524 
f 3219 1524 1522 
f 1524 3219 3220 
f 1522 1525 3222 
f 1525 1519 2318 
f 3222 2318 2315 
f 2318 3222 1525 
f 1522 3223 3219 
f 3223 2344 2558 
f 3219 2558 2556 
f 2558 3219 3223 
f 2315 2347 3222 
f 2347 2344 3223 
f 3222 3223 1522 
f 3223 3222 2347 
f 1473 1474 2559 
f 1474 1338 3221 
f 2559 3221 2556 
f 3221 2559 1474 
f 1408 1441 1849 
f 1441 1439 2493 
f 1849 2493 1846 
f 2493 1849 1441 
f 1683 3225 3224 
f 3225 3077 3103 
f 3224 3103 3101 
f 3103 3224 3225 
f 3077 3225 3093 
f 3225 1683 1684 
f 3093 1684 1680 
f 1684 3093 3225 
f 1390 3226 1427 
f 3226 3101 3105 
f 1427 3105 1425 
f 3105 1427 3226 
f 3101 3226 3227 
f 3226 1390 1393 
f 3227 1393 1376 
f 1393 3227 3226 
f 1683 3224 1686 
f 3224 3101 3227 
f 1686 3227 1376 
f 3227 1686 3224 
f 3049 3128 3106 
f 3128 1453 3228 
f 3106 3228 1425 
f 3228 3106 3128 
f 1425 3228 1428 
f 3228 1453 1458 
f 1428 1458 1422 
f 1458 1428 3228 
f 1782 3123 1786 
f 3123 1348 1350 
f 1786 1350 1331 
f 1350 1786 3123 
f 1345 1351 1682 
f 1351 1348 3124 
f 1682 3124 1680 
f 3124 1682 1351 
f 2907 3229 2909 
f 3229 2522 3230 
f 2909 3230 2165 
f 3230 2909 3229 
f 2081 2927 2525 
f 2927 2165 3230 
f 2525 3230 2522 
f 3230 2525 2927 
f 2907 3233 3229 
f 3233 656 2524 
f 3229 2524 2522 
f 2524 3229 3233 
f 274 284 3231 
f 284 280 3232 
f 3231 3232 2907 
f 3232 3231 284 
f 280 658 3232 
f 658 656 3233 
f 3232 3233 2907 
f 3233 3232 658 
f 2907 2911 3231 
f 2911 848 849 
f 3231 849 274 
f 849 3231 2911 
f 1093 3234 1965 
f 3234 2827 2957 
f 1965 2957 1962 
f 2957 1965 3234 
f 1093 1109 3234 
f 1109 1107 2832 
f 3234 2832 2827 
f 2832 3234 1109 
f 830 2241 832 
f 2241 2238 3235 
f 832 3235 126 
f 3235 832 2241 
f 126 3235 130 
f 3235 2238 3236 
f 130 3236 116 
f 3236 130 3235 
f 830 833 2242 
f 833 827 2297 
f 2242 2297 2231 
f 2297 2242 833 
f 2238 3237 3236 
f 3237 779 780 
f 3236 780 116 
f 780 3236 3237 
f 779 3238 783 
f 3238 2141 3239 
f 783 3239 782 
f 3239 783 3238 
f 2238 2246 3237 
f 2246 2243 3240 
f 3237 3240 779 
f 3240 3237 2246 
f 779 3240 3238 
f 3240 2243 3241 
f 3238 3241 2141 
f 3241 3238 3240 
f 782 3242 785 
f 3242 2918 3243 
f 785 3243 92 
f 3243 785 3242 
f 782 3244 3242 
f 3244 2144 2921 
f 3242 2921 2918 
f 2921 3242 3244 
f 2141 2147 3239 
f 2147 2144 3244 
f 3239 3244 782 
f 3244 3239 2147 
f 971 2868 974 
f 2868 869 3245 
f 974 3245 612 
f 3245 974 2868 
f 607 616 874 
f 616 612 3245 
f 874 3245 869 
f 3245 874 616 
f 663 2936 3247 
f 2936 2464 3246 
f 3247 3246 961 
f 3246 3247 2936 
f 961 3246 963 
f 3246 2464 2469 
f 963 2469 956 
f 2469 963 3246 
f 3027 3132 3031 
f 3132 760 763 
f 3031 763 757 
f 763 3031 3132 
f 2148 3167 2919 
f 3167 628 3248 
f 2919 3248 2918 
f 3248 2919 3167 
f 1731 3249 1733 
f 3249 2539 3250 
f 1733 3250 1477 
f 3250 1733 3249 
f 1477 3250 1481 
f 3250 2539 3251 
f 1481 3251 1480 
f 3251 1481 3250 
f 1731 2629 3249 
f 2629 2536 2542 
f 3249 2542 2539 
f 2542 3249 2629 
f 2539 2540 3251 
f 2540 2497 2913 
f 3251 2913 1480 
f 2913 3251 2540 
f 628 631 3248 
f 631 92 3243 
f 3248 3243 2918 
f 3243 3248 631 
f 2243 2244 3241 
f 2244 1945 2143 
f 3241 2143 2141 
f 2143 3241 2244 
f 2394 2428 2986 
f 2428 2425 3252 
f 2986 3252 1690 
f 3252 2986 2428 
f 262 3253 741 
f 3253 2719 2970 
f 741 2970 738 
f 2970 741 3253 
f 262 853 3253 
f 853 851 2722 
f 3253 2722 2719 
f 2722 3253 853 
f 885 2778 888 
f 2778 632 633 
f 888 633 520 
f 633 888 2778 
f 292 906 654 
f 906 903 3193 
f 654 3193 653 
f 3193 654 906 
f 442 666 964 
f 666 663 3247 
f 964 3247 961 
f 3247 964 666 
f 930 933 2877 
f 933 346 703 
f 2877 703 700 
f 703 2877 933 
f 948 949 2310 
f 949 394 706 
f 2310 706 704 
f 706 2310 949 
f 786 787 3218 
f 787 595 867 
f 3218 867 865 
f 867 3218 787 
f 232 801 876 
f 801 799 2948 
f 876 2948 875 
f 2948 876 801 
f 2484 2485 3254 
f 2485 1994 2003 
f 3254 2003 2001 
f 2003 3254 2485 
f 724 727 3260 
f 727 719 2487 
f 3260 2487 2484 
f 2487 3260 727 
f 2484 3256 3260 
f 3256 981 3259 
f 3260 3259 724 
f 3259 3260 3256 
f 2484 3254 3257 
f 3254 2001 3261 
f 3257 3261 3255 
f 3261 3257 3254 
f 981 3256 3258 
f 3256 2484 3257 
f 3258 3257 3255 
f 3257 3258 3256 
f 1128 1817 1145 
f 1817 1815 3262 
f 1145 3262 1142 
f 3262 1145 1817 
f 1910 1913 3003 
f 1913 1557 1985 
f 3003 1985 1983 
f 1985 3003 1913 
f 981 982 3259 
f 982 42 726 
f 3259 726 724 
f 726 3259 982 
f 861 3263 3264 
f 3263 981 3258 
f 3264 3258 3255 
f 3258 3264 3263 
f 981 3263 984 
f 3263 861 863 
f 984 863 858 
f 863 984 3263 
f 1219 1222 2759 
f 1222 1170 1916 
f 2759 1916 1914 
f 1916 2759 1222 
f 1142 3262 1918 
f 3262 1815 3159 
f 1918 3159 1917 
f 3159 1918 3262 
f 2302 2941 2773 
f 2941 841 892 
f 2773 892 889 
f 892 2773 2941 
f 2551 2554 3265 
f 2554 1072 1075 
f 3265 1075 1058 
f 1075 3265 2554 
f 2551 3265 2737 
f 3265 1058 1930 
f 2737 1930 1928 
f 1930 2737 3265 
f 2855 3266 2857 
f 3266 2001 2007 
f 2857 2007 2004 
f 2007 2857 3266 
f 2855 3269 3266 
f 3269 3255 3261 
f 3266 3261 2001 
f 3261 3266 3269 
f 861 3264 3268 
f 3264 3255 3269 
f 3268 3269 2855 
f 3269 3268 3264 
f 910 3267 2859 
f 3267 861 3268 
f 2859 3268 2855 
f 3268 2859 3267 
f 855 864 913 
f 864 861 3267 
f 913 3267 910 
f 3267 913 864 
f 2516 2995 2518 
f 2995 1931 1932 
f 2518 1932 1030 
f 1932 2518 2995 
f 1687 1693 2900 
f 1693 1690 3252 
f 2900 3252 2425 
f 3252 2900 1693 
f 3836 3837 3838 
f 3837 3819 3822 
f 3838 3822 3815 
f 3822 3838 3837 
f 3836 3838 3841 
f 3838 3815 3840 
f 3841 3840 3839 
f 3840 3841 3838 
f 3815 3816 3840 
f 3816 3811 3842 
f 3840 3842 3839 
f 3842 3840 3816 
f 3679 3845 3847 
f 3845 3843 3846 
f 3847 3846 3844 
f 3846 3847 3845 
f 3844 3848 3847 
f 3848 3683 3684 
f 3847 3684 3679 
f 3684 3847 3848 
f 3675 3849 3682 
f 3849 3843 3845 
f 3682 3845 3679 
f 3845 3682 3849 
f 3850 3851 3852 
f 3851 3611 3614 
f 3852 3614 3607 
f 3614 3852 3851 
f 3850 3852 3855 
f 3852 3607 3854 
f 3855 3854 3853 
f 3854 3855 3852 
f 3607 3609 3854 
f 3609 3603 3856 
f 3854 3856 3853 
f 3856 3854 3609 
f 3857 3859 3861 
f 3859 3747 3860 
f 3861 3860 3858 
f 3860 3861 3859 
f 3751 3753 3862 
f 3753 3747 3859 
f 3862 3859 3857 
f 3859 3862 3753 
f 3747 3864 3860 
f 3864 3863 3865 
f 3860 3865 3858 
f 3865 3860 3864 
f 3743 3866 3750 
f 3866 3863 3864 
f 3750 3864 3747 
f 3864 3750 3866 
f 3867 3869 3871 
f 3869 3868 3870 
f 3871 3870 3643 
f 3870 3871 3869 
f 3867 3871 3872 
f 3871 3643 3646 
f 3872 3646 3639 
f 3646 3872 3871 
f 3873 3874 3875 
f 3874 3643 3870 
f 3875 3870 3868 
f 3870 3875 3874 
f 3643 3874 3648 
f 3874 3873 3876 
f 3648 3876 3647 
f 3876 3648 3874 
f 3779 3878 3785 
f 3878 3877 3879 
f 3785 3879 3783 
f 3879 3785 3878 
f 3880 3881 3882 
f 3881 3787 3790 
f 3882 3790 3783 
f 3790 3882 3881 
f 3880 3882 3883 
f 3882 3783 3879 
f 3883 3879 3877 
f 3879 3883 3882 
f 3715 3885 3722 
f 3885 3884 3886 
f 3722 3886 3719 
f 3886 3722 3885 
f 3887 3888 3889 
f 3888 3715 3718 
f 3889 3718 3711 
f 3718 3889 3888 
f 3715 3888 3885 
f 3888 3887 3890 
f 3885 3890 3884 
f 3890 3885 3888 
f 3568 3570 3893 
f 3570 3564 3892 
f 3893 3892 3891 
f 3892 3893 3570 
f 3568 3893 3896 
f 3893 3891 3895 
f 3896 3895 3894 
f 3895 3896 3893 
f 3568 3896 3575 
f 3896 3894 3897 
f 3575 3897 3572 
f 3897 3575 3896 
f 3731 3900 3902 
f 3900 3898 3901 
f 3902 3901 3899 
f 3901 3902 3900 
f 3735 3738 3903 
f 3738 3731 3902 
f 3903 3902 3899 
f 3902 3903 3738 
f 3727 3904 3732 
f 3904 3898 3900 
f 3732 3900 3731 
f 3900 3732 3904 
f 3767 3906 3774 
f 3906 3905 3907 
f 3774 3907 3771 
f 3907 3774 3906 
f 3767 3909 3906 
f 3909 3908 3910 
f 3906 3910 3905 
f 3910 3906 3909 
f 3767 3770 3909 
f 3770 3763 3911 
f 3909 3911 3908 
f 3911 3909 3770 
f 3659 3914 3916 
f 3914 3912 3915 
f 3916 3915 3913 
f 3915 3916 3914 
f 3659 3916 3664 
f 3916 3913 3917 
f 3664 3917 3663 
f 3917 3664 3916 
f 3912 3914 3920 
f 3914 3659 3919 
f 3920 3919 3918 
f 3919 3920 3914 
f 3655 3921 3660 
f 3921 3918 3919 
f 3660 3919 3659 
f 3919 3660 3921 
f 3703 3706 3924 
f 3706 3699 3923 
f 3924 3923 3922 
f 3923 3924 3706 
f 3699 3702 3927 
f 3702 3695 3926 
f 3927 3926 3925 
f 3926 3927 3702 
f 3922 3923 3928 
f 3923 3699 3927 
f 3928 3927 3925 
f 3927 3928 3923 
f 3929 3930 3931 
f 3930 3831 3833 
f 3931 3833 3827 
f 3833 3931 3930 
f 3557 3835 3934 
f 3835 3831 3933 
f 3934 3933 3932 
f 3933 3934 3835 
f 3929 3935 3930 
f 3935 3932 3933 
f 3930 3933 3831 
f 3933 3930 3935 
f 3623 3625 3938 
f 3625 3619 3937 
f 3938 3937 3936 
f 3937 3938 3625 
f 3623 3938 3941 
f 3938 3936 3940 
f 3941 3940 3939 
f 3940 3941 3938 
f 3623 3941 3630 
f 3941 3939 3942 
f 3630 3942 3627 
f 3942 3630 3941 
f 3799 3802 3945 
f 3802 3795 3944 
f 3945 3944 3943 
f 3944 3945 3802 
f 3946 3947 3948 
f 3947 3803 3806 
f 3948 3806 3799 
f 3806 3948 3947 
f 3799 3945 3948 
f 3945 3943 3949 
f 3948 3949 3946 
f 3949 3948 3945 
f 3591 3951 3598 
f 3951 3950 3952 
f 3598 3952 3595 
f 3952 3598 3951 
f 3591 3954 3951 
f 3954 3953 3955 
f 3951 3955 3950 
f 3955 3951 3954 
f 3953 3954 3956 
f 3954 3591 3592 
f 3956 3592 3587 
f 3592 3956 3954 
f 3759 3760 3959 
f 3760 3755 3958 
f 3959 3958 3957 
f 3958 3959 3760 
f 3763 3766 3911 
f 3766 3759 3960 
f 3911 3960 3908 
f 3960 3911 3766 
f 3957 3962 3959 
f 3962 3961 3963 
f 3959 3963 3759 
f 3963 3959 3962 
f 3961 3964 3963 
f 3964 3908 3960 
f 3963 3960 3759 
f 3960 3963 3964 
f 3727 3729 3967 
f 3729 3723 3966 
f 3967 3966 3965 
f 3966 3967 3729 
f 3723 3969 3966 
f 3969 3968 3970 
f 3966 3970 3965 
f 3970 3966 3969 
f 3723 3724 3969 
f 3724 3719 3971 
f 3969 3971 3968 
f 3971 3969 3724 
f 3771 3973 3777 
f 3973 3972 3974 
f 3777 3974 3775 
f 3974 3777 3973 
f 3975 3976 3977 
f 3976 3775 3974 
f 3977 3974 3972 
f 3974 3977 3976 
f 3775 3976 3782 
f 3976 3975 3978 
f 3782 3978 3779 
f 3978 3782 3976 
f 3695 3696 3926 
f 3696 3691 3979 
f 3926 3979 3925 
f 3979 3926 3696 
f 3691 3981 3979 
f 3981 3980 3982 
f 3979 3982 3925 
f 3982 3979 3981 
f 3983 3984 3985 
f 3984 3691 3694 
f 3985 3694 3687 
f 3694 3985 3984 
f 3983 3986 3984 
f 3986 3980 3981 
f 3984 3981 3691 
f 3981 3984 3986 
f 3807 3808 3989 
f 3808 3803 3988 
f 3989 3988 3987 
f 3988 3989 3808 
f 3987 3991 3989 
f 3991 3990 3992 
f 3989 3992 3807 
f 3992 3989 3991 
f 3990 3993 3992 
f 3993 3811 3814 
f 3992 3814 3807 
f 3814 3992 3993 
f 3827 3830 3996 
f 3830 3823 3995 
f 3996 3995 3994 
f 3995 3996 3830 
f 3997 3998 3999 
f 3998 3994 3995 
f 3999 3995 3823 
f 3995 3999 3998 
f 3823 3825 3999 
f 3825 3819 4000 
f 3999 4000 3997 
f 4000 3999 3825 
f 3583 3586 4003 
f 3586 3579 4002 
f 4003 4002 4001 
f 4002 4003 3586 
f 3583 4003 4006 
f 4003 4001 4005 
f 4006 4005 4004 
f 4005 4006 4003 
f 3583 4006 3590 
f 4006 4004 4007 
f 3590 4007 3587 
f 4007 3590 4006 
f 3667 4009 3672 
f 4009 4008 4010 
f 3672 4010 3671 
f 4010 3672 4009 
f 3667 4011 4009 
f 4011 3913 4012 
f 4009 4012 4008 
f 4012 4009 4011 
f 3663 3917 3670 
f 3917 3913 4011 
f 3670 4011 3667 
f 4011 3670 3917 
f 3631 4015 4017 
f 4015 4013 4016 
f 4017 4016 4014 
f 4016 4017 4015 
f 4014 4018 4017 
f 4018 3635 3636 
f 4017 3636 3631 
f 3636 4017 4018 
f 3631 4019 4015 
f 4019 3939 4020 
f 4015 4020 4013 
f 4020 4015 4019 
f 3627 3942 3634 
f 3942 3939 4019 
f 3634 4019 3631 
f 4019 3634 3942 
f 4021 4023 4025 
f 4023 4022 4024 
f 4025 4024 3791 
f 4024 4025 4023 
f 4022 4026 4024 
f 4026 3795 3797 
f 4024 3797 3791 
f 3797 4024 4026 
f 3791 3794 4025 
f 3794 3787 4027 
f 4025 4027 4021 
f 4027 4025 3794 
f 3707 4028 3712 
f 4028 3887 3889 
f 3712 3889 3711 
f 3889 3712 4028 
f 4029 4030 4031 
f 4030 3887 4028 
f 4031 4028 3707 
f 4028 4031 4030 
f 3707 4033 4031 
f 4033 4032 4034 
f 4031 4034 4029 
f 4034 4031 4033 
f 3707 3708 4033 
f 3708 3703 4035 
f 4033 4035 4032 
f 4035 4033 3708 
f 4036 4037 4038 
f 4037 3615 3618 
f 4038 3618 3611 
f 3618 4038 4037 
f 4036 4039 4037 
f 4039 3619 3622 
f 4037 3622 3615 
f 3622 4037 4039 
f 3739 4041 4043 
f 4041 4040 4042 
f 4043 4042 3863 
f 4042 4043 4041 
f 3743 3744 3866 
f 3744 3739 4043 
f 3866 4043 3863 
f 4043 3866 3744 
f 3739 4044 4041 
f 4044 3899 4045 
f 4041 4045 4040 
f 4045 4041 4044 
f 3735 3903 3742 
f 3903 3899 4044 
f 3742 4044 3739 
f 4044 3742 3903 
f 3655 3656 4048 
f 3656 3651 4047 
f 4048 4047 4046 
f 4047 4048 3656 
f 4046 4047 4050 
f 4047 3651 4049 
f 4050 4049 3873 
f 4049 4050 4047 
f 3873 4049 3876 
f 4049 3651 3654 
f 3876 3654 3647 
f 3654 3876 4049 
f 3557 4052 3561 
f 4052 4051 4053 
f 3561 4053 3560 
f 4053 3561 4052 
f 3560 4053 4056 
f 4053 4051 4055 
f 4056 4055 4054 
f 4055 4056 4053 
f 3564 3567 4057 
f 3567 3560 4056 
f 4057 4056 4054 
f 4056 4057 3567 
f 3599 3600 4060 
f 3600 3595 4059 
f 4060 4059 4058 
f 4059 4060 3600 
f 3599 4060 3606 
f 4060 4058 4061 
f 3606 4061 3603 
f 4061 3606 4060 
f 3898 3904 4062 
f 3904 3727 3967 
f 4062 3967 3965 
f 3967 4062 3904 
f 3898 4062 4065 
f 4062 3965 4064 
f 4065 4064 4063 
f 4064 4065 4062 
f 3965 4067 4064 
f 4067 4066 4068 
f 4064 4068 4063 
f 4068 4064 4067 
f 3965 3970 4067 
f 3970 3968 4069 
f 4067 4069 4066 
f 4069 4067 3970 
f 3968 4071 4069 
f 4071 4070 4072 
f 4069 4072 4066 
f 4072 4069 4071 
f 4070 4071 4074 
f 4071 3968 4073 
f 4074 4073 3884 
f 4073 4074 4071 
f 3884 4073 3886 
f 4073 3968 3971 
f 3886 3971 3719 
f 3971 3886 4073 
f 4075 4077 4079 
f 4077 4066 4078 
f 4079 4078 4076 
f 4078 4079 4077 
f 4066 4072 4078 
f 4072 4070 4080 
f 4078 4080 4076 
f 4080 4078 4072 
f 4066 4077 4068 
f 4077 4075 4081 
f 4068 4081 4063 
f 4081 4068 4077 
f 4070 4084 4086 
f 4084 4082 4085 
f 4086 4085 4083 
f 4085 4086 4084 
f 4070 4074 4084 
f 4074 3884 4087 
f 4084 4087 4082 
f 4087 4084 4074 
f 4070 4086 4080 
f 4086 4083 4088 
f 4080 4088 4076 
f 4088 4080 4086 
f 4075 4079 4091 
f 4079 4076 4090 
f 4091 4090 4089 
f 4090 4091 4079 
f 4076 4093 4090 
f 4093 4092 4094 
f 4090 4094 4089 
f 4094 4090 4093 
f 4083 4095 4088 
f 4095 4092 4093 
f 4088 4093 4076 
f 4093 4088 4095 
f 4096 4098 4100 
f 4098 4075 4099 
f 4100 4099 4097 
f 4099 4100 4098 
f 4075 4091 4099 
f 4091 4089 4101 
f 4099 4101 4097 
f 4101 4099 4091 
f 4096 4102 4098 
f 4102 4063 4081 
f 4098 4081 4075 
f 4081 4098 4102 
f 4103 4105 4107 
f 4105 4089 4106 
f 4107 4106 4104 
f 4106 4107 4105 
f 4103 4108 4105 
f 4108 4097 4101 
f 4105 4101 4089 
f 4101 4105 4108 
f 4092 4109 4094 
f 4109 4104 4106 
f 4094 4106 4089 
f 4106 4094 4109 
f 4110 4112 4114 
f 4112 4111 4113 
f 4114 4113 4092 
f 4113 4114 4112 
f 4092 4095 4114 
f 4095 4083 4115 
f 4114 4115 4110 
f 4115 4114 4095 
f 4111 4116 4113 
f 4116 4104 4109 
f 4113 4109 4092 
f 4109 4113 4116 
f 4103 4107 4119 
f 4107 4104 4118 
f 4119 4118 4117 
f 4118 4119 4107 
f 4120 4121 4122 
f 4121 4104 4116 
f 4122 4116 4111 
f 4116 4122 4121 
f 4104 4121 4118 
f 4121 4120 4123 
f 4118 4123 4117 
f 4123 4118 4121 
f 4124 4126 4128 
f 4126 4103 4127 
f 4128 4127 4125 
f 4127 4128 4126 
f 4125 4127 4129 
f 4127 4103 4119 
f 4129 4119 4117 
f 4119 4129 4127 
f 4097 4108 4130 
f 4108 4103 4126 
f 4130 4126 4124 
f 4126 4130 4108 
f 4125 4129 4133 
f 4129 4117 4132 
f 4133 4132 4131 
f 4132 4133 4129 
f 4117 4123 4136 
f 4123 4120 4135 
f 4136 4135 4134 
f 4135 4136 4123 
f 4131 4132 4137 
f 4132 4117 4136 
f 4137 4136 4134 
f 4136 4137 4132 
f 4138 4139 4140 
f 4139 4120 4122 
f 4140 4122 4111 
f 4122 4140 4139 
f 4141 4142 4143 
f 4142 4120 4139 
f 4143 4139 4138 
f 4139 4143 4142 
f 4134 4135 4144 
f 4135 4120 4142 
f 4144 4142 4141 
f 4142 4144 4135 
f 4145 4146 4147 
f 4146 4131 4137 
f 4147 4137 4134 
f 4137 4147 4146 
f 4148 4149 4150 
f 4149 4134 4144 
f 4150 4144 4141 
f 4144 4150 4149 
f 4145 4147 4151 
f 4147 4134 4149 
f 4151 4149 4148 
f 4149 4151 4147 
f 4145 4153 4146 
f 4153 4152 4154 
f 4146 4154 4131 
f 4154 4146 4153 
f 4152 4156 4154 
f 4156 4155 4157 
f 4154 4157 4131 
f 4157 4154 4156 
f 4155 4158 4157 
f 4158 4125 4133 
f 4157 4133 4131 
f 4133 4157 4158 
f 4159 4160 4161 
f 4160 4152 4153 
f 4161 4153 4145 
f 4153 4161 4160 
f 4162 4163 4164 
f 4163 4145 4151 
f 4164 4151 4148 
f 4151 4164 4163 
f 4159 4161 4165 
f 4161 4145 4163 
f 4165 4163 4162 
f 4163 4165 4161 
f 4166 4167 4168 
f 4167 4162 4164 
f 4168 4164 4148 
f 4164 4168 4167 
f 4169 4170 4171 
f 4170 4148 4150 
f 4171 4150 4141 
f 4150 4171 4170 
f 4166 4168 4172 
f 4168 4148 4170 
f 4172 4170 4169 
f 4170 4172 4168 
f 4162 4175 4177 
f 4175 4173 4176 
f 4177 4176 4174 
f 4176 4177 4175 
f 4159 4165 4178 
f 4165 4162 4177 
f 4178 4177 4174 
f 4177 4178 4165 
f 4173 4175 4179 
f 4175 4162 4167 
f 4179 4167 4166 
f 4167 4179 4175 
f 4159 4181 4160 
f 4181 4180 4182 
f 4160 4182 4152 
f 4182 4160 4181 
f 4183 4184 4185 
f 4184 4159 4178 
f 4185 4178 4174 
f 4178 4185 4184 
f 4183 4186 4184 
f 4186 4180 4181 
f 4184 4181 4159 
f 4181 4184 4186 
f 4174 4176 4189 
f 4176 4173 4188 
f 4189 4188 4187 
f 4188 4189 4176 
f 4174 4189 4192 
f 4189 4187 4191 
f 4192 4191 4190 
f 4191 4192 4189 
f 4183 4185 4193 
f 4185 4174 4192 
f 4193 4192 4190 
f 4192 4193 4185 
f 4173 4179 4196 
f 4179 4166 4195 
f 4196 4195 4194 
f 4195 4196 4179 
f 4187 4188 4199 
f 4188 4173 4198 
f 4199 4198 4197 
f 4198 4199 4188 
f 4197 4198 4200 
f 4198 4173 4196 
f 4200 4196 4194 
f 4196 4200 4198 
f 4190 4191 4203 
f 4191 4187 4202 
f 4203 4202 4201 
f 4202 4203 4191 
f 4204 4205 4206 
f 4205 4187 4199 
f 4206 4199 4197 
f 4199 4206 4205 
f 4201 4202 4207 
f 4202 4187 4205 
f 4207 4205 4204 
f 4205 4207 4202 
f 4190 4210 4212 
f 4210 4208 4211 
f 4212 4211 4209 
f 4211 4212 4210 
f 4190 4203 4210 
f 4203 4201 4213 
f 4210 4213 4208 
f 4213 4210 4203 
f 4183 4193 4214 
f 4193 4190 4212 
f 4214 4212 4209 
f 4212 4214 4193 
f 4208 4213 4217 
f 4213 4201 4216 
f 4217 4216 4215 
f 4216 4217 4213 
f 4218 4219 4220 
f 4219 4201 4207 
f 4220 4207 4204 
f 4207 4220 4219 
f 4215 4216 4221 
f 4216 4201 4219 
f 4221 4219 4218 
f 4219 4221 4216 
f 4204 4206 4224 
f 4206 4197 4223 
f 4224 4223 4222 
f 4223 4224 4206 
f 4225 4226 4227 
f 4226 4218 4220 
f 4227 4220 4204 
f 4220 4227 4226 
f 4222 4228 4224 
f 4228 4225 4227 
f 4224 4227 4204 
f 4227 4224 4228 
f 4229 4230 4231 
f 4230 4215 4221 
f 4231 4221 4218 
f 4221 4231 4230 
f 4218 4226 4234 
f 4226 4225 4233 
f 4234 4233 4232 
f 4233 4234 4226 
f 4229 4231 4235 
f 4231 4218 4234 
f 4235 4234 4232 
f 4234 4235 4231 
f 4236 4238 4240 
f 4238 4208 4239 
f 4240 4239 4237 
f 4239 4240 4238 
f 4208 4217 4239 
f 4217 4215 4241 
f 4239 4241 4237 
f 4241 4239 4217 
f 4236 4242 4238 
f 4242 4209 4211 
f 4238 4211 4208 
f 4211 4238 4242 
f 4243 4245 4247 
f 4245 4225 4246 
f 4247 4246 4244 
f 4246 4247 4245 
f 4232 4233 4248 
f 4233 4225 4245 
f 4248 4245 4243 
f 4245 4248 4233 
f 4222 4249 4228 
f 4249 4244 4246 
f 4228 4246 4225 
f 4246 4228 4249 
f 4250 4251 4252 
f 4251 4229 4235 
f 4252 4235 4232 
f 4235 4252 4251 
f 4253 4254 4255 
f 4254 4232 4248 
f 4255 4248 4243 
f 4248 4255 4254 
f 4253 4256 4254 
f 4256 4250 4252 
f 4254 4252 4232 
f 4252 4254 4256 
f 4253 4255 4259 
f 4255 4243 4258 
f 4259 4258 4257 
f 4258 4259 4255 
f 4243 4261 4258 
f 4261 4260 4262 
f 4258 4262 4257 
f 4262 4258 4261 
f 4260 4261 4263 
f 4261 4243 4247 
f 4263 4247 4244 
f 4247 4263 4261 
f 4244 4266 4268 
f 4266 4264 4267 
f 4268 4267 4265 
f 4267 4268 4266 
f 4222 4269 4249 
f 4269 4264 4266 
f 4249 4266 4244 
f 4266 4249 4269 
f 4260 4263 4270 
f 4263 4244 4268 
f 4270 4268 4265 
f 4268 4270 4263 
f 4253 4259 4273 
f 4259 4257 4272 
f 4273 4272 4271 
f 4272 4273 4259 
f 4253 4275 4256 
f 4275 4274 4276 
f 4256 4276 4250 
f 4276 4256 4275 
f 4253 4273 4275 
f 4273 4271 4277 
f 4275 4277 4274 
f 4277 4275 4273 
f 4278 4280 4282 
f 4280 4279 4281 
f 4282 4281 4250 
f 4281 4282 4280 
f 4274 4283 4276 
f 4283 4278 4282 
f 4276 4282 4250 
f 4282 4276 4283 
f 4279 4284 4281 
f 4284 4229 4251 
f 4281 4251 4250 
f 4251 4281 4284 
f 4260 4270 4287 
f 4270 4265 4286 
f 4287 4286 4285 
f 4286 4287 4270 
f 4288 4289 4290 
f 4289 4260 4287 
f 4290 4287 4285 
f 4287 4290 4289 
f 4257 4262 4291 
f 4262 4260 4289 
f 4291 4289 4288 
f 4289 4291 4262 
f 4265 4294 4296 
f 4294 4292 4295 
f 4296 4295 4293 
f 4295 4296 4294 
f 4265 4267 4294 
f 4267 4264 4297 
f 4294 4297 4292 
f 4297 4294 4267 
f 4265 4296 4286 
f 4296 4293 4298 
f 4286 4298 4285 
f 4298 4286 4296 
f 4299 4300 4301 
f 4300 4278 4283 
f 4301 4283 4274 
f 4283 4301 4300 
f 4302 4303 4304 
f 4303 4299 4301 
f 4304 4301 4274 
f 4301 4304 4303 
f 4302 4304 4305 
f 4304 4274 4277 
f 4305 4277 4271 
f 4277 4305 4304 
f 4306 4307 4308 
f 4307 4279 4280 
f 4308 4280 4278 
f 4280 4308 4307 
f 4309 4310 4311 
f 4310 4306 4308 
f 4311 4308 4278 
f 4308 4311 4310 
f 4309 4311 4312 
f 4311 4278 4300 
f 4312 4300 4299 
f 4300 4312 4311 
f 4293 4314 4298 
f 4314 4313 4315 
f 4298 4315 4285 
f 4315 4298 4314 
f 4316 4317 4318 
f 4317 4288 4290 
f 4318 4290 4285 
f 4290 4318 4317 
f 4313 4319 4315 
f 4319 4316 4318 
f 4315 4318 4285 
f 4318 4315 4319 
f 4320 4322 4324 
f 4322 4321 4323 
f 4324 4323 4293 
f 4323 4324 4322 
f 4292 4325 4295 
f 4325 4320 4324 
f 4295 4324 4293 
f 4324 4295 4325 
f 4293 4323 4314 
f 4323 4321 4326 
f 4314 4326 4313 
f 4326 4314 4323 
f 4327 4329 4331 
f 4329 4328 4330 
f 4331 4330 4299 
f 4330 4331 4329 
f 4302 4332 4303 
f 4332 4327 4331 
f 4303 4331 4299 
f 4331 4303 4332 
f 4328 4333 4330 
f 4333 4309 4312 
f 4330 4312 4299 
f 4312 4330 4333 
f 4309 4333 4336 
f 4333 4328 4335 
f 4336 4335 4334 
f 4335 4336 4333 
f 4309 4338 4310 
f 4338 4337 4339 
f 4310 4339 4306 
f 4339 4310 4338 
f 4309 4336 4338 
f 4336 4334 4340 
f 4338 4340 4337 
f 4340 4338 4336 
f 4302 4342 4332 
f 4342 4341 4343 
f 4332 4343 4327 
f 4343 4332 4342 
f 4344 4345 4346 
f 4345 4341 4342 
f 4346 4342 4302 
f 4342 4346 4345 
f 4344 4346 4347 
f 4346 4302 4305 
f 4347 4305 4271 
f 4305 4347 4346 
f 4292 4350 4352 
f 4350 4348 4351 
f 4352 4351 4349 
f 4351 4352 4350 
f 4264 4353 4297 
f 4353 4348 4350 
f 4297 4350 4292 
f 4350 4297 4353 
f 4292 4352 4325 
f 4352 4349 4354 
f 4325 4354 4320 
f 4354 4325 4352 
f 4320 4356 4322 
f 4356 4355 4357 
f 4322 4357 4321 
f 4357 4322 4356 
f 4320 4354 4360 
f 4354 4349 4359 
f 4360 4359 4358 
f 4359 4360 4354 
f 4358 4361 4360 
f 4361 4355 4356 
f 4360 4356 4320 
f 4356 4360 4361 
f 4348 4363 4351 
f 4363 4362 4364 
f 4351 4364 4349 
f 4364 4351 4363 
f 4349 4364 4367 
f 4364 4362 4366 
f 4367 4366 4365 
f 4366 4367 4364 
f 4349 4367 4359 
f 4367 4365 4368 
f 4359 4368 4358 
f 4368 4359 4367 
f 4369 4371 4373 
f 4371 4370 4372 
f 4373 4372 4306 
f 4372 4373 4371 
f 4306 4372 4307 
f 4372 4370 4374 
f 4307 4374 4279 
f 4374 4307 4372 
f 4337 4375 4339 
f 4375 4369 4373 
f 4339 4373 4306 
f 4373 4339 4375 
f 4376 4378 4380 
f 4378 4337 4379 
f 4380 4379 4377 
f 4379 4380 4378 
f 4377 4379 4381 
f 4379 4337 4340 
f 4381 4340 4334 
f 4340 4381 4379 
f 4376 4382 4378 
f 4382 4369 4375 
f 4378 4375 4337 
f 4375 4378 4382 
f 4383 4384 4385 
f 4384 4370 4371 
f 4385 4371 4369 
f 4371 4385 4384 
f 4383 4385 4388 
f 4385 4369 4387 
f 4388 4387 4386 
f 4387 4388 4385 
f 4369 4382 4387 
f 4382 4376 4389 
f 4387 4389 4386 
f 4389 4387 4382 
f 4358 4391 4361 
f 4391 4390 4392 
f 4361 4392 4355 
f 4392 4361 4391 
f 4358 4368 4395 
f 4368 4365 4394 
f 4395 4394 4393 
f 4394 4395 4368 
f 4390 4391 4396 
f 4391 4358 4395 
f 4396 4395 4393 
f 4395 4396 4391 
f 4365 4398 4394 
f 4398 4397 4399 
f 4394 4399 4393 
f 4399 4394 4398 
f 4400 4401 4402 
f 4401 4397 4398 
f 4402 4398 4365 
f 4398 4402 4401 
f 4362 4403 4366 
f 4403 4400 4402 
f 4366 4402 4365 
f 4402 4366 4403 
f 4316 4319 4406 
f 4319 4313 4405 
f 4406 4405 4404 
f 4405 4406 4319 
f 4313 4408 4405 
f 4408 4407 4409 
f 4405 4409 4404 
f 4409 4405 4408 
f 4313 4326 4408 
f 4326 4321 4410 
f 4408 4410 4407 
f 4410 4408 4326 
f 4411 4412 4413 
f 4412 4316 4406 
f 4413 4406 4404 
f 4406 4413 4412 
f 4414 4415 4416 
f 4415 4316 4412 
f 4416 4412 4411 
f 4412 4416 4415 
f 4316 4415 4317 
f 4415 4414 4417 
f 4317 4417 4288 
f 4417 4317 4415 
f 4418 4419 4420 
f 4419 4376 4380 
f 4420 4380 4377 
f 4380 4420 4419 
f 4421 4422 4423 
f 4422 4376 4419 
f 4423 4419 4418 
f 4419 4423 4422 
f 4386 4389 4424 
f 4389 4376 4422 
f 4424 4422 4421 
f 4422 4424 4389 
f 4425 4426 4427 
f 4426 4386 4424 
f 4427 4424 4421 
f 4424 4427 4426 
f 4386 4426 4430 
f 4426 4425 4429 
f 4430 4429 4428 
f 4429 4430 4426 
f 4383 4388 4431 
f 4388 4386 4430 
f 4431 4430 4428 
f 4430 4431 4388 
f 4432 4433 4434 
f 4433 4334 4335 
f 4434 4335 4328 
f 4335 4434 4433 
f 4334 4433 4437 
f 4433 4432 4436 
f 4437 4436 4435 
f 4436 4437 4433 
f 4334 4437 4381 
f 4437 4435 4438 
f 4381 4438 4377 
f 4438 4381 4437 
f 4439 4441 4443 
f 4441 4421 4442 
f 4443 4442 4440 
f 4442 4443 4441 
f 4440 4442 4444 
f 4442 4421 4423 
f 4444 4423 4418 
f 4423 4444 4442 
f 4439 4445 4441 
f 4445 4425 4427 
f 4441 4427 4421 
f 4427 4441 4445 
f 4446 4448 4450 
f 4448 4425 4449 
f 4450 4449 4447 
f 4449 4450 4448 
f 4428 4429 4451 
f 4429 4425 4448 
f 4451 4448 4446 
f 4448 4451 4429 
f 4447 4449 4452 
f 4449 4425 4445 
f 4452 4445 4439 
f 4445 4452 4449 
f 4236 4454 4242 
f 4454 4453 4455 
f 4242 4455 4209 
f 4455 4242 4454 
f 4456 4457 4458 
f 4457 4183 4214 
f 4458 4214 4209 
f 4214 4458 4457 
f 4453 4459 4455 
f 4459 4456 4458 
f 4455 4458 4209 
f 4458 4455 4459 
f 4460 4462 4464 
f 4462 4461 4463 
f 4464 4463 4355 
f 4463 4464 4462 
f 4321 4357 4465 
f 4357 4355 4463 
f 4465 4463 4461 
f 4463 4465 4357 
f 4390 4466 4392 
f 4466 4460 4464 
f 4392 4464 4355 
f 4464 4392 4466 
f 4236 4469 4471 
f 4469 4467 4470 
f 4471 4470 4468 
f 4470 4471 4469 
f 4453 4454 4472 
f 4454 4236 4471 
f 4472 4471 4468 
f 4471 4472 4454 
f 4467 4469 4473 
f 4469 4236 4240 
f 4473 4240 4237 
f 4240 4473 4469 
f 4474 4475 4476 
f 4475 4453 4472 
f 4476 4472 4468 
f 4472 4476 4475 
f 4477 4478 4479 
f 4478 4456 4459 
f 4479 4459 4453 
f 4459 4479 4478 
f 4474 4480 4475 
f 4480 4477 4479 
f 4475 4479 4453 
f 4479 4475 4480 
f 4481 4482 4483 
f 4482 4474 4476 
f 4483 4476 4468 
f 4476 4483 4482 
f 4481 4483 4486 
f 4483 4468 4485 
f 4486 4485 4484 
f 4485 4486 4483 
f 4468 4470 4485 
f 4470 4467 4487 
f 4485 4487 4484 
f 4487 4485 4470 
f 4474 4489 4480 
f 4489 4488 4490 
f 4480 4490 4477 
f 4490 4480 4489 
f 4491 4492 4493 
f 4492 4488 4489 
f 4493 4489 4474 
f 4489 4493 4492 
f 4481 4494 4482 
f 4494 4491 4493 
f 4482 4493 4474 
f 4493 4482 4494 
f 4481 4497 4499 
f 4497 4495 4498 
f 4499 4498 4496 
f 4498 4499 4497 
f 4481 4486 4497 
f 4486 4484 4500 
f 4497 4500 4495 
f 4500 4497 4486 
f 4491 4494 4501 
f 4494 4481 4499 
f 4501 4499 4496 
f 4499 4501 4494 
f 4502 4504 4506 
f 4504 4503 4505 
f 4506 4505 4491 
f 4505 4506 4504 
f 4502 4506 4507 
f 4506 4491 4501 
f 4507 4501 4496 
f 4501 4507 4506 
f 4503 4508 4505 
f 4508 4488 4492 
f 4505 4492 4491 
f 4492 4505 4508 
f 4488 4510 4490 
f 4510 4509 4511 
f 4490 4511 4477 
f 4511 4490 4510 
f 4509 4510 4514 
f 4510 4488 4513 
f 4514 4513 4512 
f 4513 4514 4510 
f 4512 4513 4515 
f 4513 4488 4508 
f 4515 4508 4503 
f 4508 4515 4513 
f 4502 4507 4518 
f 4507 4496 4517 
f 4518 4517 4516 
f 4517 4518 4507 
f 4496 4520 4517 
f 4520 4519 4521 
f 4517 4521 4516 
f 4521 4517 4520 
f 4495 4522 4498 
f 4522 4519 4520 
f 4498 4520 4496 
f 4520 4498 4522 
f 4503 4504 4525 
f 4504 4502 4524 
f 4525 4524 4523 
f 4524 4525 4504 
f 4512 4515 4528 
f 4515 4503 4527 
f 4528 4527 4526 
f 4527 4528 4515 
f 4523 4529 4525 
f 4529 4526 4527 
f 4525 4527 4503 
f 4527 4525 4529 
f 4526 4531 4528 
f 4531 4530 4532 
f 4528 4532 4512 
f 4532 4528 4531 
f 4533 4534 4535 
f 4534 4512 4532 
f 4535 4532 4530 
f 4532 4535 4534 
f 4533 4536 4534 
f 4536 4509 4514 
f 4534 4514 4512 
f 4514 4534 4536 
f 4537 4539 4541 
f 4539 4538 4540 
f 4541 4540 4327 
f 4540 4541 4539 
f 4341 4542 4343 
f 4542 4537 4541 
f 4343 4541 4327 
f 4541 4343 4542 
f 4328 4329 4543 
f 4329 4327 4540 
f 4543 4540 4538 
f 4540 4543 4329 
f 4544 4545 4546 
f 4545 4537 4542 
f 4546 4542 4341 
f 4542 4546 4545 
f 4547 4548 4549 
f 4548 4341 4345 
f 4549 4345 4344 
f 4345 4549 4548 
f 4547 4550 4548 
f 4550 4544 4546 
f 4548 4546 4341 
f 4546 4548 4550 
f 4551 4553 4555 
f 4553 4393 4554 
f 4555 4554 4552 
f 4554 4555 4553 
f 4551 4556 4553 
f 4556 4390 4396 
f 4553 4396 4393 
f 4396 4553 4556 
f 4393 4399 4554 
f 4399 4397 4557 
f 4554 4557 4552 
f 4557 4554 4399 
f 4400 4559 4401 
f 4559 4558 4560 
f 4401 4560 4397 
f 4560 4401 4559 
f 4558 4562 4560 
f 4562 4561 4563 
f 4560 4563 4397 
f 4563 4560 4562 
f 4561 4564 4563 
f 4564 4552 4557 
f 4563 4557 4397 
f 4557 4563 4564 
f 4565 4566 4567 
f 4566 4411 4413 
f 4567 4413 4404 
f 4413 4567 4566 
f 4565 4567 4570 
f 4567 4404 4569 
f 4570 4569 4568 
f 4569 4570 4567 
f 4568 4569 4571 
f 4569 4404 4409 
f 4571 4409 4407 
f 4409 4571 4569 
f 4565 4573 4566 
f 4573 4572 4574 
f 4566 4574 4411 
f 4574 4566 4573 
f 4411 4574 4577 
f 4574 4572 4576 
f 4577 4576 4575 
f 4576 4577 4574 
f 4411 4577 4416 
f 4577 4575 4578 
f 4416 4578 4414 
f 4578 4416 4577 
f 4579 4581 4583 
f 4581 4526 4582 
f 4583 4582 4580 
f 4582 4583 4581 
f 4530 4531 4584 
f 4531 4526 4581 
f 4584 4581 4579 
f 4581 4584 4531 
f 4580 4582 4585 
f 4582 4526 4529 
f 4585 4529 4523 
f 4529 4585 4582 
f 4586 4587 4588 
f 4587 4530 4584 
f 4588 4584 4579 
f 4584 4588 4587 
f 4586 4590 4587 
f 4590 4589 4591 
f 4587 4591 4530 
f 4591 4587 4590 
f 4530 4591 4535 
f 4591 4589 4592 
f 4535 4592 4533 
f 4592 4535 4591 
f 4523 4595 4597 
f 4595 4593 4596 
f 4597 4596 4594 
f 4596 4597 4595 
f 4593 4595 4598 
f 4595 4523 4524 
f 4598 4524 4502 
f 4524 4598 4595 
f 4580 4585 4599 
f 4585 4523 4597 
f 4599 4597 4594 
f 4597 4599 4585 
f 4600 4601 4602 
f 4601 4418 4420 
f 4602 4420 4377 
f 4420 4602 4601 
f 4440 4444 4605 
f 4444 4418 4604 
f 4605 4604 4603 
f 4604 4605 4444 
f 4603 4604 4606 
f 4604 4418 4601 
f 4606 4601 4600 
f 4601 4606 4604 
f 4589 4608 4592 
f 4608 4607 4609 
f 4592 4609 4533 
f 4609 4592 4608 
f 4610 4611 4612 
f 4611 4533 4609 
f 4612 4609 4607 
f 4609 4612 4611 
f 4509 4536 4613 
f 4536 4533 4611 
f 4613 4611 4610 
f 4611 4613 4536 
f 4589 4590 4616 
f 4590 4586 4615 
f 4616 4615 4614 
f 4615 4616 4590 
f 4589 4616 4619 
f 4616 4614 4618 
f 4619 4618 4617 
f 4618 4619 4616 
f 4607 4608 4620 
f 4608 4589 4619 
f 4620 4619 4617 
f 4619 4620 4608 
f 4558 4559 4623 
f 4559 4400 4622 
f 4623 4622 4621 
f 4622 4623 4559 
f 4400 4625 4622 
f 4625 4624 4626 
f 4622 4626 4621 
f 4626 4622 4625 
f 4362 4627 4403 
f 4627 4624 4625 
f 4403 4625 4400 
f 4625 4403 4627 
f 4621 4629 4623 
f 4629 4628 4630 
f 4623 4630 4558 
f 4630 4623 4629 
f 4631 4632 4633 
f 4632 4558 4630 
f 4633 4630 4628 
f 4630 4633 4632 
f 4561 4562 4634 
f 4562 4558 4632 
f 4634 4632 4631 
f 4632 4634 4562 
f 4635 4636 4637 
f 4636 4538 4539 
f 4637 4539 4537 
f 4539 4637 4636 
f 4638 4639 4640 
f 4639 4537 4545 
f 4640 4545 4544 
f 4545 4640 4639 
f 4635 4637 4641 
f 4637 4537 4639 
f 4641 4639 4638 
f 4639 4641 4637 
f 4544 4550 4644 
f 4550 4547 4643 
f 4644 4643 4642 
f 4643 4644 4550 
f 4638 4640 4647 
f 4640 4544 4646 
f 4647 4646 4645 
f 4646 4647 4640 
f 4642 4648 4644 
f 4648 4645 4646 
f 4644 4646 4544 
f 4646 4644 4648 
f 4631 4650 4634 
f 4650 4649 4651 
f 4634 4651 4561 
f 4651 4634 4650 
f 4561 4653 4564 
f 4653 4652 4654 
f 4564 4654 4552 
f 4654 4564 4653 
f 4649 4655 4651 
f 4655 4652 4653 
f 4651 4653 4561 
f 4653 4651 4655 
f 4631 4633 4658 
f 4633 4628 4657 
f 4658 4657 4656 
f 4657 4658 4633 
f 4631 4660 4650 
f 4660 4659 4661 
f 4650 4661 4649 
f 4661 4650 4660 
f 4656 4662 4658 
f 4662 4659 4660 
f 4658 4660 4631 
f 4660 4658 4662 
f 4628 4629 4665 
f 4629 4621 4664 
f 4665 4664 4663 
f 4664 4665 4629 
f 4628 4665 4668 
f 4665 4663 4667 
f 4668 4667 4666 
f 4667 4668 4665 
f 4666 4669 4668 
f 4669 4656 4657 
f 4668 4657 4628 
f 4657 4668 4669 
f 4656 4672 4674 
f 4672 4670 4673 
f 4674 4673 4671 
f 4673 4674 4672 
f 4656 4674 4662 
f 4674 4671 4675 
f 4662 4675 4659 
f 4675 4662 4674 
f 4666 4676 4669 
f 4676 4670 4672 
f 4669 4672 4656 
f 4672 4669 4676 
f 4439 4443 4679 
f 4443 4440 4678 
f 4679 4678 4677 
f 4678 4679 4443 
f 4680 4681 4682 
f 4681 4439 4679 
f 4682 4679 4677 
f 4679 4682 4681 
f 4680 4683 4681 
f 4683 4447 4452 
f 4681 4452 4439 
f 4452 4681 4683 
f 4684 4685 4686 
f 4685 4447 4683 
f 4686 4683 4680 
f 4683 4686 4685 
f 4684 4688 4685 
f 4688 4687 4689 
f 4685 4689 4447 
f 4689 4685 4688 
f 4687 4690 4689 
f 4690 4446 4450 
f 4689 4450 4447 
f 4450 4689 4690 
f 4568 4692 4570 
f 4692 4691 4693 
f 4570 4693 4565 
f 4693 4570 4692 
f 4694 4695 4696 
f 4695 4565 4693 
f 4696 4693 4691 
f 4693 4696 4695 
f 4565 4695 4573 
f 4695 4694 4697 
f 4573 4697 4572 
f 4697 4573 4695 
f 4568 4699 4692 
f 4699 4698 4700 
f 4692 4700 4691 
f 4700 4692 4699 
f 4568 4571 4703 
f 4571 4407 4702 
f 4703 4702 4701 
f 4702 4703 4571 
f 4568 4703 4699 
f 4703 4701 4704 
f 4699 4704 4698 
f 4704 4699 4703 
f 4705 4706 4707 
f 4706 4575 4576 
f 4707 4576 4572 
f 4576 4707 4706 
f 4705 4707 4710 
f 4707 4572 4709 
f 4710 4709 4708 
f 4709 4710 4707 
f 4708 4709 4711 
f 4709 4572 4697 
f 4711 4697 4694 
f 4697 4711 4709 
f 4663 4713 4667 
f 4713 4712 4714 
f 4667 4714 4666 
f 4714 4667 4713 
f 4670 4676 4717 
f 4676 4666 4716 
f 4717 4716 4715 
f 4716 4717 4676 
f 4666 4714 4716 
f 4714 4712 4718 
f 4716 4718 4715 
f 4718 4716 4714 
f 4719 4721 4723 
f 4721 4607 4722 
f 4723 4722 4720 
f 4722 4723 4721 
f 4617 4724 4620 
f 4724 4720 4722 
f 4620 4722 4607 
f 4722 4620 4724 
f 4719 4725 4721 
f 4725 4610 4612 
f 4721 4612 4607 
f 4612 4721 4725 
f 4617 4727 4724 
f 4727 4726 4728 
f 4724 4728 4720 
f 4728 4724 4727 
f 4617 4618 4731 
f 4618 4614 4730 
f 4731 4730 4729 
f 4730 4731 4618 
f 4729 4732 4731 
f 4732 4726 4727 
f 4731 4727 4617 
f 4727 4731 4732 
f 4733 4734 4735 
f 4734 4579 4583 
f 4735 4583 4580 
f 4583 4735 4734 
f 4733 4737 4734 
f 4737 4736 4738 
f 4734 4738 4579 
f 4738 4734 4737 
f 4736 4739 4738 
f 4739 4586 4588 
f 4738 4588 4579 
f 4588 4738 4739 
f 4740 4741 4742 
f 4741 4671 4673 
f 4742 4673 4670 
f 4673 4742 4741 
f 4743 4744 4745 
f 4744 4740 4742 
f 4745 4742 4670 
f 4742 4745 4744 
f 4670 4717 4745 
f 4717 4715 4746 
f 4745 4746 4743 
f 4746 4745 4717 
f 4747 4749 4751 
f 4749 4748 4750 
f 4751 4750 4614 
f 4750 4751 4749 
f 4729 4730 4752 
f 4730 4614 4750 
f 4752 4750 4748 
f 4750 4752 4730 
f 4747 4751 4753 
f 4751 4614 4615 
f 4753 4615 4586 
f 4615 4753 4751 
f 4680 4682 4756 
f 4682 4677 4755 
f 4756 4755 4754 
f 4755 4756 4682 
f 4757 4758 4759 
f 4758 4680 4756 
f 4759 4756 4754 
f 4756 4759 4758 
f 4757 4760 4758 
f 4760 4684 4686 
f 4758 4686 4680 
f 4686 4758 4760 
f 4761 4762 4763 
f 4762 4687 4688 
f 4763 4688 4684 
f 4688 4763 4762 
f 4764 4765 4766 
f 4765 4761 4763 
f 4766 4763 4684 
f 4763 4766 4765 
f 4757 4767 4760 
f 4767 4764 4766 
f 4760 4766 4684 
f 4766 4760 4767 
f 4768 4770 4772 
f 4770 4729 4771 
f 4772 4771 4769 
f 4771 4772 4770 
f 4748 4773 4752 
f 4773 4769 4771 
f 4752 4771 4729 
f 4771 4752 4773 
f 4726 4732 4774 
f 4732 4729 4770 
f 4774 4770 4768 
f 4770 4774 4732 
f 4726 4776 4728 
f 4776 4775 4777 
f 4728 4777 4720 
f 4777 4728 4776 
f 4778 4779 4780 
f 4779 4775 4776 
f 4780 4776 4726 
f 4776 4780 4779 
f 4726 4774 4780 
f 4774 4768 4781 
f 4780 4781 4778 
f 4781 4780 4774 
f 4782 4783 4784 
f 4783 4754 4755 
f 4784 4755 4677 
f 4755 4784 4783 
f 4440 4786 4678 
f 4786 4785 4787 
f 4678 4787 4677 
f 4787 4678 4786 
f 4782 4784 4788 
f 4784 4677 4787 
f 4788 4787 4785 
f 4787 4788 4784 
f 4789 4791 4793 
f 4791 4790 4792 
f 4793 4792 4638 
f 4792 4793 4791 
f 4645 4794 4647 
f 4794 4789 4793 
f 4647 4793 4638 
f 4793 4647 4794 
f 4790 4795 4792 
f 4795 4635 4641 
f 4792 4641 4638 
f 4641 4792 4795 
f 4796 4798 4800 
f 4798 4797 4799 
f 4800 4799 4635 
f 4799 4800 4798 
f 4790 4801 4795 
f 4801 4796 4800 
f 4795 4800 4635 
f 4800 4795 4801 
f 4797 4802 4799 
f 4802 4538 4636 
f 4799 4636 4635 
f 4636 4799 4802 
f 4659 4804 4661 
f 4804 4803 4805 
f 4661 4805 4649 
f 4805 4661 4804 
f 4659 4675 4808 
f 4675 4671 4807 
f 4808 4807 4806 
f 4807 4808 4675 
f 4659 4808 4804 
f 4808 4806 4809 
f 4804 4809 4803 
f 4809 4804 4808 
f 4789 4794 4812 
f 4794 4645 4811 
f 4812 4811 4810 
f 4811 4812 4794 
f 4645 4648 4815 
f 4648 4642 4814 
f 4815 4814 4813 
f 4814 4815 4648 
f 4813 4816 4815 
f 4816 4810 4811 
f 4815 4811 4645 
f 4811 4815 4816 
f 4715 4718 4819 
f 4718 4712 4818 
f 4819 4818 4817 
f 4818 4819 4718 
f 4820 4821 4822 
f 4821 4743 4746 
f 4822 4746 4715 
f 4746 4822 4821 
f 4817 4823 4819 
f 4823 4820 4822 
f 4819 4822 4715 
f 4822 4819 4823 
f 4824 4825 4826 
f 4825 4712 4713 
f 4826 4713 4663 
f 4713 4826 4825 
f 4827 4828 4829 
f 4828 4663 4664 
f 4829 4664 4621 
f 4664 4829 4828 
f 4824 4826 4830 
f 4826 4663 4828 
f 4830 4828 4827 
f 4828 4830 4826 
f 4831 4833 4835 
f 4833 4610 4834 
f 4835 4834 4832 
f 4834 4835 4833 
f 4610 4725 4834 
f 4725 4719 4836 
f 4834 4836 4832 
f 4836 4834 4725 
f 4831 4837 4833 
f 4837 4509 4613 
f 4833 4613 4610 
f 4613 4833 4837 
f 4838 4840 4842 
f 4840 4348 4841 
f 4842 4841 4839 
f 4841 4842 4840 
f 4839 4841 4843 
f 4841 4348 4353 
f 4843 4353 4264 
f 4353 4843 4841 
f 4838 4844 4840 
f 4844 4362 4363 
f 4840 4363 4348 
f 4363 4840 4844 
f 4642 4846 4814 
f 4846 4845 4847 
f 4814 4847 4813 
f 4847 4814 4846 
f 4848 4849 4850 
f 4849 4642 4643 
f 4850 4643 4547 
f 4643 4850 4849 
f 4848 4851 4849 
f 4851 4845 4846 
f 4849 4846 4642 
f 4846 4849 4851 
f 4467 4473 4854 
f 4473 4237 4853 
f 4854 4853 4852 
f 4853 4854 4473 
f 4484 4487 4857 
f 4487 4467 4856 
f 4857 4856 4855 
f 4856 4857 4487 
f 4855 4856 4858 
f 4856 4467 4854 
f 4858 4854 4852 
f 4854 4858 4856 
f 4859 4860 4861 
f 4860 4547 4549 
f 4861 4549 4344 
f 4549 4861 4860 
f 4344 4863 4861 
f 4863 4862 4864 
f 4861 4864 4859 
f 4864 4861 4863 
f 4344 4347 4863 
f 4347 4271 4865 
f 4863 4865 4862 
f 4865 4863 4347 
f 4687 4868 4870 
f 4868 4866 4869 
f 4870 4869 4867 
f 4869 4870 4868 
f 4866 4868 4871 
f 4868 4687 4762 
f 4871 4762 4761 
f 4762 4871 4868 
f 4446 4690 4872 
f 4690 4687 4870 
f 4872 4870 4867 
f 4870 4872 4690 
f 4761 4765 4875 
f 4765 4764 4874 
f 4875 4874 4873 
f 4874 4875 4765 
f 4876 4877 4878 
f 4877 4866 4871 
f 4878 4871 4761 
f 4871 4878 4877 
f 4876 4878 4879 
f 4878 4761 4875 
f 4879 4875 4873 
f 4875 4879 4878 
f 4820 4881 4821 
f 4881 4880 4882 
f 4821 4882 4743 
f 4882 4821 4881 
f 4743 4884 4744 
f 4884 4883 4885 
f 4744 4885 4740 
f 4885 4744 4884 
f 4880 4886 4882 
f 4886 4883 4884 
f 4882 4884 4743 
f 4884 4882 4886 
f 4887 4888 4889 
f 4888 4778 4781 
f 4889 4781 4768 
f 4781 4889 4888 
f 4769 4890 4772 
f 4890 3858 4891 
f 4772 4891 4768 
f 4891 4772 4890 
f 3858 4892 4891 
f 4892 4887 4889 
f 4891 4889 4768 
f 4889 4891 4892 
f 4893 4895 4897 
f 4895 4778 4896 
f 4897 4896 4894 
f 4896 4897 4895 
f 4775 4779 4898 
f 4779 4778 4895 
f 4898 4895 4893 
f 4895 4898 4779 
f 4887 4899 4888 
f 4899 4894 4896 
f 4888 4896 4778 
f 4896 4888 4899 
f 4900 4901 4902 
f 4901 4694 4696 
f 4902 4696 4691 
f 4696 4902 4901 
f 4708 4711 4905 
f 4711 4694 4904 
f 4905 4904 4903 
f 4904 4905 4711 
f 4694 4901 4904 
f 4901 4900 4906 
f 4904 4906 4903 
f 4906 4904 4901 
f 4907 4909 4911 
f 4909 4708 4910 
f 4911 4910 4908 
f 4910 4911 4909 
f 4705 4710 4912 
f 4710 4708 4909 
f 4912 4909 4907 
f 4909 4912 4710 
f 4903 4913 4905 
f 4913 4908 4910 
f 4905 4910 4708 
f 4910 4905 4913 
f 3858 4890 3861 
f 4890 4769 4914 
f 3861 4914 3857 
f 4914 3861 4890 
f 3957 4915 4916 
f 4915 3857 4914 
f 4916 4914 4769 
f 4914 4916 4915 
f 4748 4917 4773 
f 4917 3957 4916 
f 4773 4916 4769 
f 4916 4773 4917 
f 4764 4767 4919 
f 4767 4757 4918 
f 4919 4918 3839 
f 4918 4919 4767 
f 3990 4920 4921 
f 4920 4764 4919 
f 4921 4919 3839 
f 4919 4921 4920 
f 4873 4874 4922 
f 4874 4764 4920 
f 4922 4920 3990 
f 4920 4922 4874 
f 4923 4924 4926 
f 4924 4873 4925 
f 4926 4925 3987 
f 4925 4926 4924 
f 3987 4925 3991 
f 4925 4873 4922 
f 3991 4922 3990 
f 4922 3991 4925 
f 4923 4927 4924 
f 4927 4876 4879 
f 4924 4879 4873 
f 4879 4924 4927 
f 4876 4930 4932 
f 4930 4928 4931 
f 4932 4931 4929 
f 4931 4932 4930 
f 4929 4933 4932 
f 4933 4866 4877 
f 4932 4877 4876 
f 4877 4932 4933 
f 4923 4934 4927 
f 4934 4928 4930 
f 4927 4930 4876 
f 4930 4927 4934 
f 4110 4936 4938 
f 4936 4935 4937 
f 4938 4937 4820 
f 4937 4938 4936 
f 4935 4939 4937 
f 4939 4880 4881 
f 4937 4881 4820 
f 4881 4937 4939 
f 4110 4938 4940 
f 4938 4820 4823 
f 4940 4823 4817 
f 4823 4940 4938 
f 4775 4942 4944 
f 4942 4124 4943 
f 4944 4943 4941 
f 4943 4944 4942 
f 4720 4777 4945 
f 4777 4775 4944 
f 4945 4944 4941 
f 4944 4945 4777 
f 4124 4942 4946 
f 4942 4775 4898 
f 4946 4898 4893 
f 4898 4946 4942 
f 4941 4947 4945 
f 4947 4719 4723 
f 4945 4723 4720 
f 4723 4945 4947 
f 4719 4947 4949 
f 4947 4941 4948 
f 4949 4948 4155 
f 4948 4949 4947 
f 4832 4836 4950 
f 4836 4719 4949 
f 4950 4949 4155 
f 4949 4950 4836 
f 4867 4951 4952 
f 4951 4519 4522 
f 4952 4522 4495 
f 4522 4952 4951 
f 4484 4954 4500 
f 4954 4953 4955 
f 4500 4955 4495 
f 4955 4500 4954 
f 4953 4956 4955 
f 4956 4867 4952 
f 4955 4952 4495 
f 4952 4955 4956 
f 4575 4957 4959 
f 4957 4848 4958 
f 4959 4958 4859 
f 4958 4959 4957 
f 4859 4960 4959 
f 4960 4414 4578 
f 4959 4578 4575 
f 4578 4959 4960 
f 4575 4706 4957 
f 4706 4705 4961 
f 4957 4961 4848 
f 4961 4957 4706 
f 4852 4963 4965 
f 4963 4962 4964 
f 4965 4964 4370 
f 4964 4965 4963 
f 4370 4964 4374 
f 4964 4962 4966 
f 4374 4966 4279 
f 4966 4374 4964 
f 4383 4967 4384 
f 4967 4852 4965 
f 4384 4965 4370 
f 4965 4384 4967 
f 4831 4968 4969 
f 4968 4456 4478 
f 4969 4478 4477 
f 4478 4969 4968 
f 4180 4186 4970 
f 4186 4183 4457 
f 4970 4457 4456 
f 4457 4970 4186 
f 4180 4970 4971 
f 4970 4456 4968 
f 4971 4968 4831 
f 4968 4971 4970 
f 4855 4972 4973 
f 4972 4383 4431 
f 4973 4431 4428 
f 4431 4973 4972 
f 4953 4974 4975 
f 4974 4855 4973 
f 4975 4973 4428 
f 4973 4975 4974 
f 4953 4975 4976 
f 4975 4428 4451 
f 4976 4451 4446 
f 4451 4976 4975 
f 4883 4977 4885 
f 4977 3925 4978 
f 4885 4978 4740 
f 4978 4885 4977 
f 3925 3982 4978 
f 3982 3980 4979 
f 4978 4979 4740 
f 4979 4978 3982 
f 4740 4979 4741 
f 4979 3980 4980 
f 4741 4980 4671 
f 4980 4741 4979 
f 3853 4982 4984 
f 4982 4813 4983 
f 4984 4983 4981 
f 4983 4984 4982 
f 4845 4985 4847 
f 4985 4981 4983 
f 4847 4983 4813 
f 4983 4847 4985 
f 4810 4816 4986 
f 4816 4813 4982 
f 4986 4982 3853 
f 4982 4986 4816 
f 4029 4034 4988 
f 4034 4032 4987 
f 4988 4987 4880 
f 4987 4988 4034 
f 4935 4989 4939 
f 4989 4029 4988 
f 4939 4988 4880 
f 4988 4939 4989 
f 4880 4987 4886 
f 4987 4032 4990 
f 4886 4990 4883 
f 4990 4886 4987 
f 4789 4991 4791 
f 4991 3950 4992 
f 4791 4992 4790 
f 4992 4791 4991 
f 4790 4992 4993 
f 4992 3950 3955 
f 4993 3955 3953 
f 3955 4993 4992 
f 3953 4994 4993 
f 4994 4796 4801 
f 4993 4801 4790 
f 4801 4993 4994 
f 4797 4798 4997 
f 4798 4796 4996 
f 4997 4996 4995 
f 4996 4997 4798 
f 4004 4998 4999 
f 4998 4796 4994 
f 4999 4994 3953 
f 4994 4999 4998 
f 4004 5000 4998 
f 5000 4995 4996 
f 4998 4996 4796 
f 4996 4998 5000 
f 4797 5002 5004 
f 5002 5001 5003 
f 5004 5003 4432 
f 5003 5004 5002 
f 4797 5004 4802 
f 5004 4432 5005 
f 4802 5005 4538 
f 5005 4802 5004 
f 4995 5006 4997 
f 5006 5001 5002 
f 4997 5002 4797 
f 5002 4997 5006 
f 5007 5009 5011 
f 5009 5008 5010 
f 5011 5010 4995 
f 5010 5011 5009 
f 4995 5010 5006 
f 5010 5008 5012 
f 5006 5012 5001 
f 5012 5006 5010 
f 5007 5011 5013 
f 5011 4995 5000 
f 5013 5000 4004 
f 5000 5013 5011 
f 5001 5015 5017 
f 5015 5014 5016 
f 5017 5016 4435 
f 5016 5017 5015 
f 4435 4436 5017 
f 4436 4432 5003 
f 5017 5003 5001 
f 5003 5017 4436 
f 5001 5012 5015 
f 5012 5008 5018 
f 5015 5018 5014 
f 5018 5015 5012 
f 5007 5019 5009 
f 5019 3894 5020 
f 5009 5020 5008 
f 5020 5009 5019 
f 3894 5022 5020 
f 5022 5021 5023 
f 5020 5023 5008 
f 5023 5020 5022 
f 5014 5018 5024 
f 5018 5008 5023 
f 5024 5023 5021 
f 5023 5024 5018 
f 4435 5016 5026 
f 5016 5014 5025 
f 5026 5025 4600 
f 5025 5026 5016 
f 5027 5028 5029 
f 5028 5014 5024 
f 5029 5024 5021 
f 5024 5029 5028 
f 4600 5025 5030 
f 5025 5014 5028 
f 5030 5028 5027 
f 5028 5030 5025 
f 4782 5031 4783 
f 5031 3994 5032 
f 4783 5032 4754 
f 5032 4783 5031 
f 3994 3998 5032 
f 3998 3997 5033 
f 5032 5033 4754 
f 5033 5032 3998 
f 3997 5034 5033 
f 5034 4757 4759 
f 5033 4759 4754 
f 4759 5033 5034 
f 4887 5035 4899 
f 5035 4040 5036 
f 4899 5036 4894 
f 5036 4899 5035 
f 4887 5037 5035 
f 5037 3863 4042 
f 5035 4042 4040 
f 4042 5035 5037 
f 3863 5037 3865 
f 5037 4887 4892 
f 3865 4892 3858 
f 4892 3865 5037 
f 4893 4897 5039 
f 4897 4894 5038 
f 5039 5038 4096 
f 5038 5039 4897 
f 4040 5041 5036 
f 5041 5040 5042 
f 5036 5042 4894 
f 5042 5036 5041 
f 5040 5043 5042 
f 5043 4096 5038 
f 5042 5038 4894 
f 5038 5042 5043 
f 3987 5044 4926 
f 5044 3946 5045 
f 4926 5045 4923 
f 5045 4926 5044 
f 5046 5047 5048 
f 5047 4928 4934 
f 5048 4934 4923 
f 4934 5048 5047 
f 4923 5045 5048 
f 5045 3946 5049 
f 5048 5049 5046 
f 5049 5048 5045 
f 5050 5051 5052 
f 5051 4929 4931 
f 5052 4931 4928 
f 4931 5052 5051 
f 5046 5054 5047 
f 5054 5053 5055 
f 5047 5055 4928 
f 5055 5047 5054 
f 5053 5056 5055 
f 5056 5050 5052 
f 5055 5052 4928 
f 5052 5055 5056 
f 3891 5057 5059 
f 5057 4054 5058 
f 5059 5058 5021 
f 5058 5059 5057 
f 3894 3895 5022 
f 3895 3891 5059 
f 5022 5059 5021 
f 5059 5022 3895 
f 5021 5058 5029 
f 5058 4054 5060 
f 5029 5060 5027 
f 5060 5029 5058 
f 5027 5061 5030 
f 5061 4603 4606 
f 5030 4606 4600 
f 4606 5030 5061 
f 5062 5063 5064 
f 5063 5027 5060 
f 5064 5060 4054 
f 5060 5064 5063 
f 5027 5063 5061 
f 5063 5062 5065 
f 5061 5065 4603 
f 5065 5061 5063 
f 4782 5066 5031 
f 5066 3929 5067 
f 5031 5067 3994 
f 5067 5031 5066 
f 4782 5069 5066 
f 5069 5068 5070 
f 5066 5070 3929 
f 5070 5066 5069 
f 4785 5071 4788 
f 5071 5068 5069 
f 4788 5069 4782 
f 5069 4788 5071 
f 4110 4115 4936 
f 4115 4083 5072 
f 4936 5072 4935 
f 5072 4936 4115 
f 4082 5073 5074 
f 5073 4029 4989 
f 5074 4989 4935 
f 4989 5074 5073 
f 4082 5074 4085 
f 5074 4935 5072 
f 4085 5072 4083 
f 5072 4085 5074 
f 4712 5075 4818 
f 5075 4138 5076 
f 4818 5076 4817 
f 5076 4818 5075 
f 4817 5076 5077 
f 5076 4138 4140 
f 5077 4140 4111 
f 4140 5077 5076 
f 4111 4112 5077 
f 4112 4110 4940 
f 5077 4940 4817 
f 4940 5077 4112 
f 4832 4950 5078 
f 4950 4155 4156 
f 5078 4156 4152 
f 4156 5078 4950 
f 4180 5079 4182 
f 5079 4832 5078 
f 4182 5078 4152 
f 5078 4182 5079 
f 4831 4835 4971 
f 4835 4832 5079 
f 4971 5079 4180 
f 5079 4971 4835 
f 4981 4985 5081 
f 4985 4845 5080 
f 5081 5080 4907 
f 5080 5081 4985 
f 4705 4912 5082 
f 4912 4907 5080 
f 5082 5080 4845 
f 5080 5082 4912 
f 4705 5082 4961 
f 5082 4845 4851 
f 4961 4851 4848 
f 4851 4961 5082 
f 4981 5083 4984 
f 5083 3850 3855 
f 4984 3855 3853 
f 3855 4984 5083 
f 4907 5084 5081 
f 5084 4036 5085 
f 5081 5085 4981 
f 5085 5081 5084 
f 4981 5085 5083 
f 5085 4036 5086 
f 5083 5086 3850 
f 5086 5083 5085 
f 4867 4869 4951 
f 4869 4866 5087 
f 4951 5087 4519 
f 5087 4951 4869 
f 4519 5087 5088 
f 5087 4866 4933 
f 5088 4933 4929 
f 4933 5088 5087 
f 4519 5088 4521 
f 5088 4929 5089 
f 4521 5089 4516 
f 5089 4521 5088 
f 4929 5051 5089 
f 5051 5050 5090 
f 5089 5090 4516 
f 5090 5089 5051 
f 4516 5090 5092 
f 5090 5050 5091 
f 5092 5091 4593 
f 5091 5092 5090 
f 4502 4518 4598 
f 4518 4516 5092 
f 4598 5092 4593 
f 5092 4598 4518 
f 4785 5093 5094 
f 5093 4603 5065 
f 5094 5065 5062 
f 5065 5094 5093 
f 4440 4605 4786 
f 4605 4603 5093 
f 4786 5093 4785 
f 5093 4786 4605 
f 4785 5094 5071 
f 5094 5062 5095 
f 5071 5095 5068 
f 5095 5071 5094 
f 5053 5054 5097 
f 5054 5046 5096 
f 5097 5096 4022 
f 5096 5097 5054 
f 3946 3949 5049 
f 3949 3943 5098 
f 5049 5098 5046 
f 5098 5049 3949 
f 3943 5099 5098 
f 5099 4022 5096 
f 5098 5096 5046 
f 5096 5098 5099 
f 5053 5101 5056 
f 5101 5100 5102 
f 5056 5102 5050 
f 5102 5056 5101 
f 5103 5104 5105 
f 5104 5053 5097 
f 5105 5097 4022 
f 5097 5105 5104 
f 5100 5101 5106 
f 5101 5053 5104 
f 5106 5104 5103 
f 5104 5106 5101 
f 4001 5107 4005 
f 5107 5007 5013 
f 4005 5013 4004 
f 5013 4005 5107 
f 5007 5108 5019 
f 5108 3576 5109 
f 5019 5109 3894 
f 5109 5019 5108 
f 4001 5110 5107 
f 5110 3576 5108 
f 5107 5108 5007 
f 5108 5107 5110 
f 4789 4812 5112 
f 4812 4810 5111 
f 5112 5111 4058 
f 5111 5112 4812 
f 4810 4986 5113 
f 4986 3853 3856 
f 5113 3856 3603 
f 3856 5113 4986 
f 4058 5111 4061 
f 5111 4810 5113 
f 4061 5113 3603 
f 5113 4061 5111 
f 3936 5114 5115 
f 5114 4908 4913 
f 5115 4913 4903 
f 4913 5115 5114 
f 4903 4906 5117 
f 4906 4900 5116 
f 5117 5116 3939 
f 5116 5117 4906 
f 3939 3940 5117 
f 3940 3936 5115 
f 5117 5115 4903 
f 5115 5117 3940 
f 4013 5119 5121 
f 5119 4900 5120 
f 5121 5120 5118 
f 5120 5121 5119 
f 3939 5116 4020 
f 5116 4900 5119 
f 4020 5119 4013 
f 5119 4020 5116 
f 4691 5122 4902 
f 5122 5118 5120 
f 4902 5120 4900 
f 5120 4902 5122 
f 4907 4911 5084 
f 4911 4908 5123 
f 5084 5123 4036 
f 5123 5084 4911 
f 3936 3937 5114 
f 3937 3619 5124 
f 5114 5124 4908 
f 5124 5114 3937 
f 3619 4039 5124 
f 4039 4036 5123 
f 5124 5123 4908 
f 5123 5124 4039 
f 4051 5125 5126 
f 5125 5068 5095 
f 5126 5095 5062 
f 5095 5126 5125 
f 5068 5125 5128 
f 5125 4051 5127 
f 5128 5127 3932 
f 5127 5128 5125 
f 3932 3935 5128 
f 3935 3929 5070 
f 5128 5070 5068 
f 5070 5128 3935 
f 4004 4999 4007 
f 4999 3953 3956 
f 4007 3956 3587 
f 3956 4007 4999 
f 4054 5057 4057 
f 5057 3891 3892 
f 4057 3892 3564 
f 3892 4057 5057 
f 4051 5126 4055 
f 5126 5062 5064 
f 4055 5064 4054 
f 5064 4055 5126 
f 3811 3993 3842 
f 3993 3990 4921 
f 3842 4921 3839 
f 4921 3842 3993 
f 4082 5129 5073 
f 5129 3887 4030 
f 5073 4030 4029 
f 4030 5073 5129 
f 4883 4990 5131 
f 4990 4032 5130 
f 5131 5130 3922 
f 5130 5131 4990 
f 3922 5130 3924 
f 5130 4032 4035 
f 3924 4035 3703 
f 4035 3924 5130 
f 3997 5132 5034 
f 5132 3839 4918 
f 5034 4918 4757 
f 4918 5034 5132 
f 3836 3841 5133 
f 3841 3839 5132 
f 5133 5132 3997 
f 5132 5133 3841 
f 3899 5134 4045 
f 5134 5040 5041 
f 4045 5041 4040 
f 5041 4045 5134 
f 4063 4102 5135 
f 4102 4096 5043 
f 5135 5043 5040 
f 5043 5135 4102 
f 3899 3901 5134 
f 3901 3898 5136 
f 5134 5136 5040 
f 5136 5134 3901 
f 3898 4065 5136 
f 4065 4063 5135 
f 5136 5135 5040 
f 5135 5136 4065 
f 3950 4991 5137 
f 4991 4789 5112 
f 5137 5112 4058 
f 5112 5137 4991 
f 3595 3952 4059 
f 3952 3950 5137 
f 4059 5137 4058 
f 5137 4059 3952 
f 3884 3890 4087 
f 3890 3887 5129 
f 4087 5129 4082 
f 5129 4087 3890 
f 4097 5138 4100 
f 5138 4893 5039 
f 4100 5039 4096 
f 5039 4100 5138 
f 4893 5138 4946 
f 5138 4097 4130 
f 4946 4130 4124 
f 4130 4946 5138 
f 4124 4128 4943 
f 4128 4125 5139 
f 4943 5139 4941 
f 5139 4943 4128 
f 4941 5139 4948 
f 5139 4125 4158 
f 4948 4158 4155 
f 4158 4948 5139 
f 4824 5140 5141 
f 5140 4169 4171 
f 5141 4171 4141 
f 4171 5141 5140 
f 4824 5141 5142 
f 5141 4141 4143 
f 5142 4143 4138 
f 4143 5142 5141 
f 4169 5144 5146 
f 5144 4827 5145 
f 5146 5145 5143 
f 5145 5146 5144 
f 4169 5140 5144 
f 5140 4824 4830 
f 5144 4830 4827 
f 4830 5144 5140 
f 4166 4172 5147 
f 4172 4169 5146 
f 5147 5146 5143 
f 5146 5147 4172 
f 4824 5142 4825 
f 5142 4138 5075 
f 4825 5075 4712 
f 5075 4825 5142 
f 4166 5147 4195 
f 5147 5143 5148 
f 4195 5148 4194 
f 5148 4195 5147 
f 5143 5145 5150 
f 5145 4827 5149 
f 5150 5149 4624 
f 5149 5150 5145 
f 4194 5148 5152 
f 5148 5143 5151 
f 5152 5151 4838 
f 5151 5152 5148 
f 5143 5150 5151 
f 5150 4624 5153 
f 5151 5153 4838 
f 5153 5151 5150 
f 4197 4200 5155 
f 4200 4194 5154 
f 5155 5154 4839 
f 5154 5155 4200 
f 4194 5152 5154 
f 5152 4838 4842 
f 5154 4842 4839 
f 4842 5154 5152 
f 4624 4627 5153 
f 4627 4362 4844 
f 5153 4844 4838 
f 4844 5153 4627 
f 4197 5155 4223 
f 5155 4839 5156 
f 4223 5156 4222 
f 5156 4223 5155 
f 5100 5157 5102 
f 5157 4593 5091 
f 5102 5091 5050 
f 5091 5102 5157 
f 4594 5159 5161 
f 5159 5100 5160 
f 5161 5160 5158 
f 5160 5161 5159 
f 4594 4596 5159 
f 4596 4593 5157 
f 5159 5157 5100 
f 5157 5159 4596 
f 5100 5106 5160 
f 5106 5103 5162 
f 5160 5162 5158 
f 5162 5160 5106 
f 4022 4023 5105 
f 4023 4021 5163 
f 5105 5163 5103 
f 5163 5105 4023 
f 5158 5162 5165 
f 5162 5103 5164 
f 5165 5164 3880 
f 5164 5165 5162 
f 4021 5166 5163 
f 5166 3880 5164 
f 5163 5164 5103 
f 5164 5163 5166 
f 4594 5161 5169 
f 5161 5158 5168 
f 5169 5168 5167 
f 5168 5169 5161 
f 5158 5170 5168 
f 5170 3877 5171 
f 5168 5171 5167 
f 5171 5168 5170 
f 5158 5165 5170 
f 5165 3880 3883 
f 5170 3883 3877 
f 3883 5170 5165 
f 4580 4599 5172 
f 4599 4594 5169 
f 5172 5169 5167 
f 5169 5172 4599 
f 5167 5171 5175 
f 5171 3877 5174 
f 5175 5174 5173 
f 5174 5175 5171 
f 4580 5172 4735 
f 5172 5167 5176 
f 4735 5176 4733 
f 5176 4735 5172 
f 5167 5175 5176 
f 5175 5173 5177 
f 5176 5177 4733 
f 5177 5176 5175 
f 3975 5178 5179 
f 5178 5173 5174 
f 5179 5174 3877 
f 5174 5179 5178 
f 3779 3978 3878 
f 3978 3975 5179 
f 3878 5179 3877 
f 5179 3878 3978 
f 5173 5178 5180 
f 5178 3975 3977 
f 5180 3977 3972 
f 3977 5180 5178 
f 4733 5177 5183 
f 5177 5173 5182 
f 5183 5182 5181 
f 5182 5183 5177 
f 3972 5184 5180 
f 5184 5181 5182 
f 5180 5182 5173 
f 5182 5180 5184 
f 4736 4737 5185 
f 4737 4733 5183 
f 5185 5183 5181 
f 5183 5185 4737 
f 3905 5186 5187 
f 5186 5181 5184 
f 5187 5184 3972 
f 5184 5187 5186 
f 4736 5185 5190 
f 5185 5181 5189 
f 5190 5189 5188 
f 5189 5190 5185 
f 3905 5191 5186 
f 5191 5188 5189 
f 5186 5189 5181 
f 5189 5186 5191 
f 4435 5026 4438 
f 5026 4600 4602 
f 4438 4602 4377 
f 4602 4438 5026 
f 4547 4860 4850 
f 4860 4859 4958 
f 4850 4958 4848 
f 4958 4850 4860 
f 4862 5192 5193 
f 5192 4257 4291 
f 5193 4291 4288 
f 4291 5193 5192 
f 4271 4272 4865 
f 4272 4257 5192 
f 4865 5192 4862 
f 5192 4865 4272 
f 4953 4976 4956 
f 4976 4446 4872 
f 4956 4872 4867 
f 4872 4956 4976 
f 4215 5194 4241 
f 5194 4962 5195 
f 4241 5195 4237 
f 5195 4241 5194 
f 4962 5194 5196 
f 5194 4215 4230 
f 5196 4230 4229 
f 4230 5196 5194 
f 4328 4543 4434 
f 4543 4538 5005 
f 4434 5005 4432 
f 5005 4434 4543 
f 4671 4980 4807 
f 4980 3980 5197 
f 4807 5197 4806 
f 5197 4807 4980 
f 3844 5198 5199 
f 5198 4803 4809 
f 5199 4809 4806 
f 4809 5199 5198 
f 3983 5200 5201 
f 5200 3844 5199 
f 5201 5199 4806 
f 5199 5201 5200 
f 3983 5201 3986 
f 5201 4806 5197 
f 3986 5197 3980 
f 5197 3986 5201 
f 3843 5202 3846 
f 5202 4803 5198 
f 3846 5198 3844 
f 5198 3846 5202 
f 5203 5204 5205 
f 5204 4803 5202 
f 5205 5202 3843 
f 5202 5205 5204 
f 4649 4805 5206 
f 4805 4803 5204 
f 5206 5204 5203 
f 5204 5206 4805 
f 3683 3848 5207 
f 3848 3844 5200 
f 5207 5200 3983 
f 5200 5207 3848 
f 3683 5207 3690 
f 5207 3983 3985 
f 3690 3985 3687 
f 3985 3690 5207 
f 3922 3928 5131 
f 3928 3925 4977 
f 5131 4977 4883 
f 4977 5131 3928 
f 4509 4837 4511 
f 4837 4831 4969 
f 4511 4969 4477 
f 4969 4511 4837 
f 4839 4843 5156 
f 4843 4264 4269 
f 5156 4269 4222 
f 4269 5156 4843 
f 4407 4410 5208 
f 4410 4321 4465 
f 5208 4465 4461 
f 4465 5208 4410 
f 4701 5210 5212 
f 5210 4461 5211 
f 5212 5211 5209 
f 5211 5212 5210 
f 4461 4462 5211 
f 4462 4460 5213 
f 5211 5213 5209 
f 5213 5211 4462 
f 4701 4702 5210 
f 4702 4407 5208 
f 5210 5208 4461 
f 5208 5210 4702 
f 4390 5215 4466 
f 5215 5214 5216 
f 4466 5216 4460 
f 5216 4466 5215 
f 4460 5218 5213 
f 5218 5217 5219 
f 5213 5219 5209 
f 5219 5213 5218 
f 5217 5218 5220 
f 5218 4460 5216 
f 5220 5216 5214 
f 5216 5220 5218 
f 5209 5223 5225 
f 5223 5221 5224 
f 5225 5224 5222 
f 5224 5225 5223 
f 4701 5212 5226 
f 5212 5209 5225 
f 5226 5225 5222 
f 5225 5226 5212 
f 5221 5223 5227 
f 5223 5209 5219 
f 5227 5219 5217 
f 5219 5227 5223 
f 5214 5229 5220 
f 5229 5228 5230 
f 5220 5230 5217 
f 5230 5220 5229 
f 5221 5227 5233 
f 5227 5217 5232 
f 5233 5232 5231 
f 5232 5233 5227 
f 5217 5230 5232 
f 5230 5228 5234 
f 5232 5234 5231 
f 5234 5232 5230 
f 5235 5236 5237 
f 5236 5228 5229 
f 5237 5229 5214 
f 5229 5237 5236 
f 5235 5237 5239 
f 5237 5214 5238 
f 5239 5238 4551 
f 5238 5239 5237 
f 4551 5238 4556 
f 5238 5214 5215 
f 4556 5215 4390 
f 5215 4556 5238 
f 3868 5240 3875 
f 5240 5221 5241 
f 3875 5241 3873 
f 5241 3875 5240 
f 5221 5240 5224 
f 5240 3868 5242 
f 5224 5242 5222 
f 5242 5224 5240 
f 5221 5233 5241 
f 5233 5231 5243 
f 5241 5243 3873 
f 5243 5241 5233 
f 5244 5245 5246 
f 5245 5222 5242 
f 5246 5242 3868 
f 5242 5246 5245 
f 4698 5247 5248 
f 5247 5222 5245 
f 5248 5245 5244 
f 5245 5248 5247 
f 5222 5247 5226 
f 5247 4698 4704 
f 5226 4704 4701 
f 4704 5226 5247 
f 5228 5236 5250 
f 5236 5235 5249 
f 5250 5249 3912 
f 5249 5250 5236 
f 5228 5250 5251 
f 5250 3912 3920 
f 5251 3920 3918 
f 3920 5251 5250 
f 5228 5251 5234 
f 5251 3918 5252 
f 5234 5252 5231 
f 5252 5234 5251 
f 5235 5254 5249 
f 5254 5253 5255 
f 5249 5255 3912 
f 5255 5249 5254 
f 5256 5257 5258 
f 5257 5253 5254 
f 5258 5254 5235 
f 5254 5258 5257 
f 5256 5258 5259 
f 5258 5235 5239 
f 5259 5239 4551 
f 5239 5259 5258 
f 3913 3915 5260 
f 3915 3912 5255 
f 5260 5255 5253 
f 5255 5260 3915 
f 5256 5262 5257 
f 5262 5261 5263 
f 5257 5263 5253 
f 5263 5257 5262 
f 4008 4012 5264 
f 4012 3913 5260 
f 5264 5260 5253 
f 5260 5264 4012 
f 5253 5263 5264 
f 5263 5261 5265 
f 5264 5265 4008 
f 5265 5264 5263 
f 5256 5259 5266 
f 5259 4551 4555 
f 5266 4555 4552 
f 4555 5266 5259 
f 4652 5267 4654 
f 5267 5256 5266 
f 4654 5266 4552 
f 5266 4654 5267 
f 4652 5268 5267 
f 5268 5261 5262 
f 5267 5262 5256 
f 5262 5267 5268 
f 5269 5270 5272 
f 5270 5261 5271 
f 5272 5271 5203 
f 5271 5272 5270 
f 4008 5265 5273 
f 5265 5261 5270 
f 5273 5270 5269 
f 5270 5273 5265 
f 5261 5268 5271 
f 5268 4652 5274 
f 5271 5274 5203 
f 5274 5271 5268 
f 3867 5275 3869 
f 5275 5244 5246 
f 3869 5246 3868 
f 5246 3869 5275 
f 5118 5276 5277 
f 5276 4698 5248 
f 5277 5248 5244 
f 5248 5277 5276 
f 3867 5278 5275 
f 5278 4014 5279 
f 5275 5279 5244 
f 5279 5275 5278 
f 5118 5277 5280 
f 5277 5244 5279 
f 5280 5279 4014 
f 5279 5280 5277 
f 4046 5281 4048 
f 5281 3918 3921 
f 4048 3921 3655 
f 3921 4048 5281 
f 5231 5252 5282 
f 5252 3918 5281 
f 5282 5281 4046 
f 5281 5282 5252 
f 4046 4050 5282 
f 4050 3873 5243 
f 5282 5243 5231 
f 5243 5282 4050 
f 4649 5206 4655 
f 5206 5203 5274 
f 4655 5274 4652 
f 5274 4655 5206 
f 3803 3947 3988 
f 3947 3946 5044 
f 3988 5044 3987 
f 5044 3988 3947 
f 4862 5283 4864 
f 5283 4414 4960 
f 4864 4960 4859 
f 4960 4864 5283 
f 4414 5283 4417 
f 5283 4862 5193 
f 4417 5193 4288 
f 5193 4417 5283 
f 4229 4284 5196 
f 4284 4279 4966 
f 5196 4966 4962 
f 4966 5196 4284 
f 4747 4753 5284 
f 4753 4586 4739 
f 5284 4739 4736 
f 4739 5284 4753 
f 4747 5285 4749 
f 5285 3961 5286 
f 4749 5286 4748 
f 5286 4749 5285 
f 3961 5285 5288 
f 5285 4747 5287 
f 5288 5287 5188 
f 5287 5288 5285 
f 5188 5287 5190 
f 5287 4747 5284 
f 5190 5284 4736 
f 5284 5190 5287 
f 5188 5191 5289 
f 5191 3905 3910 
f 5289 3910 3908 
f 3910 5289 5191 
f 3908 3964 5289 
f 3964 3961 5288 
f 5289 5288 5188 
f 5288 5289 3964 
f 3961 3962 5286 
f 3962 3957 4917 
f 5286 4917 4748 
f 4917 5286 3962 
f 3755 5290 3958 
f 5290 3857 4915 
f 3958 4915 3957 
f 4915 3958 5290 
f 3751 3862 3758 
f 3862 3857 5290 
f 3758 5290 3755 
f 5290 3758 3862 
f 3576 3578 5109 
f 3578 3572 3897 
f 5109 3897 3894 
f 3897 5109 3578 
f 3576 5110 3581 
f 5110 4001 4002 
f 3581 4002 3579 
f 4002 3581 5110 
f 4237 5195 4853 
f 5195 4962 4963 
f 4853 4963 4852 
f 4963 4853 5195 
f 4383 4972 4967 
f 4972 4855 4858 
f 4967 4858 4852 
f 4858 4967 4972 
f 4953 4954 4974 
f 4954 4484 4857 
f 4974 4857 4855 
f 4857 4974 4954 
f 4691 4700 5122 
f 4700 4698 5276 
f 5122 5276 5118 
f 5276 5122 4700 
f 4624 5149 4626 
f 5149 4827 4829 
f 4626 4829 4621 
f 4829 4626 5149 
f 5269 5272 5291 
f 5272 5203 5205 
f 5291 5205 3843 
f 5205 5291 5272 
f 4008 5273 4010 
f 5273 5269 5292 
f 4010 5292 3671 
f 5292 4010 5273 
f 3671 5292 3677 
f 5292 5269 5293 
f 3677 5293 3675 
f 5293 3677 5292 
f 3843 3849 5291 
f 3849 3675 5293 
f 5291 5293 5269 
f 5293 5291 3849 
f 4014 4016 5280 
f 4016 4013 5121 
f 5280 5121 5118 
f 5121 5280 4016 
f 3635 4018 3642 
f 4018 4014 5294 
f 3642 5294 3639 
f 5294 3642 4018 
f 4014 5278 5294 
f 5278 3867 3872 
f 5294 3872 3639 
f 3872 5294 5278 
f 3836 5133 3837 
f 5133 3997 4000 
f 3837 4000 3819 
f 4000 3837 5133 
f 3943 3944 5099 
f 3944 3795 4026 
f 5099 4026 4022 
f 4026 5099 3944 
f 3994 5067 3996 
f 5067 3929 3931 
f 3996 3931 3827 
f 3931 3996 5067 
f 3932 5127 3934 
f 5127 4051 4052 
f 3934 4052 3557 
f 4052 3934 5127 
f 3611 3851 4038 
f 3851 3850 5086 
f 4038 5086 4036 
f 5086 4038 3851 
f 4021 4027 5166 
f 4027 3787 3881 
f 5166 3881 3880 
f 3881 5166 4027 
f 3905 5187 3907 
f 5187 3972 3973 
f 3907 3973 3771 
f 3973 3907 5187 
